Timestamp,ActiveRequests,Lag_ms,VirtualLimit,Status
2026-02-15T10:43:09.774Z,0,20.58,50,OK
2026-02-15T10:43:09.824Z,0,20.24,50,OK
2026-02-15T10:43:09.874Z,0,20.28,50,OK
2026-02-15T10:43:09.924Z,0,20.54,50,OK
2026-02-15T10:43:09.975Z,0,20.38,50,OK
2026-02-15T10:43:10.025Z,0,20.49,50,OK
2026-02-15T10:43:10.076Z,0,20.28,50,OK
2026-02-15T10:43:10.125Z,0,20.13,50,OK
2026-02-15T10:43:10.176Z,0,20.20,50,OK
2026-02-15T10:43:10.226Z,0,20.13,50,OK
2026-02-15T10:43:10.276Z,0,20.14,50,OK
2026-02-15T10:43:10.325Z,0,20.14,50,OK
2026-02-15T10:43:10.375Z,0,20.14,50,OK
2026-02-15T10:43:10.427Z,0,20.28,50,OK
2026-02-15T10:43:10.477Z,0,20.34,50,OK
2026-02-15T10:43:10.527Z,0,20.62,50,OK
2026-02-15T10:43:10.578Z,0,20.37,50,OK
2026-02-15T10:43:10.629Z,0,20.13,50,OK
2026-02-15T10:43:10.680Z,0,20.32,50,OK
2026-02-15T10:43:10.730Z,0,20.05,50,OK
2026-02-15T10:43:10.781Z,0,20.54,50,OK
2026-02-15T10:43:10.832Z,0,20.51,50,OK
2026-02-15T10:43:10.884Z,0,20.50,50,OK
2026-02-15T10:43:10.934Z,0,20.50,50,OK
2026-02-15T10:43:10.984Z,0,20.50,50,OK
2026-02-15T10:43:11.034Z,0,20.46,50,OK
2026-02-15T10:43:11.084Z,0,20.39,50,OK
2026-02-15T10:43:11.134Z,0,20.48,50,OK
2026-02-15T10:43:11.184Z,0,20.42,50,OK
2026-02-15T10:43:11.235Z,0,20.30,50,OK
2026-02-15T10:43:11.285Z,0,20.26,50,OK
2026-02-15T10:43:11.336Z,0,20.55,50,OK
2026-02-15T10:43:11.386Z,0,20.46,50,OK
2026-02-15T10:43:11.437Z,0,20.19,50,OK
2026-02-15T10:43:11.487Z,0,20.28,50,OK
2026-02-15T10:43:11.537Z,0,20.64,50,OK
2026-02-15T10:43:11.588Z,0,20.55,50,OK
2026-02-15T10:43:11.639Z,0,20.49,50,OK
2026-02-15T10:43:11.689Z,0,20.31,50,OK
2026-02-15T10:43:11.740Z,0,20.11,50,OK
2026-02-15T10:43:11.790Z,0,20.54,50,OK
2026-02-15T10:43:11.840Z,0,20.54,50,OK
2026-02-15T10:43:11.890Z,0,20.32,50,OK
2026-02-15T10:43:11.941Z,0,20.42,50,OK
2026-02-15T10:43:11.991Z,0,20.50,50,OK
2026-02-15T10:43:12.041Z,0,20.18,50,OK
2026-02-15T10:43:12.091Z,0,20.37,50,OK
2026-02-15T10:43:12.142Z,0,20.23,50,OK
2026-02-15T10:43:12.192Z,0,20.23,50,OK
2026-02-15T10:43:12.241Z,0,20.41,50,OK
2026-02-15T10:43:12.292Z,0,20.47,50,OK
2026-02-15T10:43:12.342Z,0,20.19,50,OK
2026-02-15T10:43:12.392Z,0,20.32,50,OK
2026-02-15T10:43:12.443Z,0,20.55,50,OK
2026-02-15T10:43:12.493Z,0,20.28,50,OK
2026-02-15T10:43:12.543Z,0,20.36,50,OK
2026-02-15T10:43:12.593Z,0,20.44,50,OK
2026-02-15T10:43:12.644Z,0,20.29,50,OK
2026-02-15T10:43:12.694Z,0,20.35,50,OK
2026-02-15T10:43:12.745Z,0,20.50,50,OK
2026-02-15T10:43:12.795Z,0,20.19,50,OK
2026-02-15T10:43:12.845Z,0,20.16,50,OK
2026-02-15T10:43:12.895Z,0,20.17,50,OK
2026-02-15T10:43:12.945Z,0,20.37,50,OK
2026-02-15T10:43:12.995Z,0,20.42,50,OK
2026-02-15T10:43:13.045Z,0,19.93,50,OK
2026-02-15T10:43:13.095Z,0,20.42,50,OK
2026-02-15T10:43:13.146Z,0,20.24,50,OK
2026-02-15T10:43:13.196Z,0,20.26,50,OK
2026-02-15T10:43:13.245Z,0,20.77,50,OK
2026-02-15T10:43:13.296Z,0,20.23,50,OK
2026-02-15T10:43:13.346Z,0,20.23,50,OK
2026-02-15T10:43:13.396Z,0,20.19,50,OK
2026-02-15T10:43:13.446Z,0,20.31,50,OK
2026-02-15T10:43:13.497Z,0,20.37,50,OK
2026-02-15T10:43:13.548Z,0,20.36,50,OK
2026-02-15T10:43:13.599Z,0,20.57,50,OK
2026-02-15T10:43:13.650Z,0,20.46,50,OK
2026-02-15T10:43:13.701Z,0,20.49,50,OK
2026-02-15T10:43:13.752Z,0,20.68,50,OK
2026-02-15T10:43:13.802Z,0,20.59,50,OK
2026-02-15T10:43:13.852Z,0,20.74,50,OK
2026-02-15T10:43:13.903Z,0,20.39,50,OK
2026-02-15T10:43:13.953Z,0,20.21,50,OK
2026-02-15T10:43:14.003Z,0,20.46,50,OK
2026-02-15T10:43:14.054Z,0,20.77,50,OK
2026-02-15T10:43:14.104Z,0,20.50,50,OK
2026-02-15T10:43:14.154Z,0,20.37,50,OK
2026-02-15T10:43:14.205Z,0,20.15,50,OK
2026-02-15T10:43:14.256Z,0,20.46,50,OK
2026-02-15T10:43:14.306Z,0,20.23,50,OK
2026-02-15T10:43:14.356Z,0,20.28,50,OK
2026-02-15T10:43:14.406Z,0,20.01,50,OK
2026-02-15T10:43:14.456Z,0,20.26,50,OK
2026-02-15T10:43:14.506Z,0,20.48,50,OK
2026-02-15T10:43:14.557Z,0,20.50,50,OK
2026-02-15T10:43:14.608Z,0,20.40,50,OK
2026-02-15T10:43:14.658Z,0,20.37,50,OK
2026-02-15T10:43:14.708Z,0,20.58,50,OK
2026-02-15T10:43:14.758Z,0,20.23,50,OK
2026-02-15T10:43:14.808Z,0,20.41,50,OK
2026-02-15T10:43:14.859Z,0,20.37,50,OK
2026-02-15T10:43:14.910Z,0,20.41,50,OK
2026-02-15T10:43:14.960Z,0,20.32,50,OK
2026-02-15T10:43:15.011Z,0,20.21,50,OK
2026-02-15T10:43:15.061Z,0,20.29,50,OK
2026-02-15T10:43:15.112Z,0,20.28,50,OK
2026-02-15T10:43:15.162Z,0,20.23,50,OK
2026-02-15T10:43:15.213Z,0,20.35,50,OK
2026-02-15T10:43:15.264Z,0,20.34,50,OK
2026-02-15T10:43:15.314Z,0,20.24,50,OK
2026-02-15T10:43:15.364Z,0,20.47,50,OK
2026-02-15T10:43:15.414Z,0,20.29,50,OK
2026-02-15T10:43:15.464Z,0,19.29,50,OK
2026-02-15T10:43:15.514Z,0,20.28,50,OK
2026-02-15T10:43:15.566Z,0,20.75,50,OK
2026-02-15T10:43:15.616Z,0,20.39,50,OK
2026-02-15T10:43:15.667Z,0,20.54,50,OK
2026-02-15T10:43:15.718Z,0,20.38,50,OK
2026-02-15T10:43:15.768Z,0,20.77,50,OK
2026-02-15T10:43:15.817Z,0,20.32,50,OK
2026-02-15T10:43:15.868Z,0,20.26,50,OK
2026-02-15T10:43:15.919Z,0,20.29,50,OK
2026-02-15T10:43:15.969Z,0,19.83,50,OK
2026-02-15T10:43:16.019Z,0,20.19,50,OK
2026-02-15T10:43:16.070Z,0,20.75,50,OK
2026-02-15T10:43:16.120Z,0,20.28,50,OK
2026-02-15T10:43:16.170Z,0,20.57,50,OK
2026-02-15T10:43:16.220Z,0,20.47,50,OK
2026-02-15T10:43:16.270Z,0,20.41,50,OK
2026-02-15T10:43:16.320Z,0,20.18,50,OK
2026-02-15T10:43:16.370Z,0,19.96,50,OK
2026-02-15T10:43:16.421Z,0,20.41,50,OK
2026-02-15T10:43:16.471Z,0,20.03,50,OK
2026-02-15T10:43:16.522Z,0,20.44,50,OK
2026-02-15T10:43:16.572Z,0,20.56,50,OK
2026-02-15T10:43:16.623Z,0,20.37,50,OK
2026-02-15T10:43:16.672Z,0,20.25,50,OK
2026-02-15T10:43:16.723Z,0,20.44,50,OK
2026-02-15T10:43:16.774Z,0,19.86,50,OK
2026-02-15T10:43:16.824Z,0,20.18,50,OK
2026-02-15T10:43:16.873Z,0,20.37,50,OK
2026-02-15T10:43:16.924Z,0,20.18,50,OK
2026-02-15T10:43:16.974Z,0,20.37,50,OK
2026-02-15T10:43:17.024Z,0,20.55,50,OK
2026-02-15T10:43:17.075Z,0,20.96,50,OK
2026-02-15T10:43:17.125Z,0,20.37,50,OK
2026-02-15T10:43:17.175Z,0,19.31,50,OK
2026-02-15T10:43:17.226Z,0,20.32,50,OK
2026-02-15T10:43:17.276Z,0,19.67,50,OK
2026-02-15T10:43:17.326Z,0,20.36,50,OK
2026-02-15T10:43:17.377Z,0,21.19,50,OK
2026-02-15T10:43:17.427Z,0,20.41,50,OK
2026-02-15T10:43:17.479Z,0,20.93,50,OK
2026-02-15T10:43:17.528Z,0,20.26,50,OK
2026-02-15T10:43:17.579Z,0,20.41,50,OK
2026-02-15T10:43:17.629Z,0,20.28,50,OK
2026-02-15T10:43:17.679Z,0,20.55,50,OK
2026-02-15T10:43:17.729Z,0,20.37,50,OK
2026-02-15T10:43:17.779Z,0,20.64,50,OK
2026-02-15T10:43:17.829Z,0,20.31,50,OK
2026-02-15T10:43:17.879Z,0,19.69,50,OK
2026-02-15T10:43:17.929Z,0,20.31,50,OK
2026-02-15T10:43:17.979Z,0,20.63,50,OK
2026-02-15T10:43:18.029Z,0,20.37,50,OK
2026-02-15T10:43:18.079Z,0,20.09,50,OK
2026-02-15T10:43:18.130Z,0,20.37,50,OK
2026-02-15T10:43:18.180Z,0,20.57,50,OK
2026-02-15T10:43:18.230Z,0,20.28,50,OK
2026-02-15T10:43:18.281Z,0,20.69,50,OK
2026-02-15T10:43:18.331Z,0,20.31,50,OK
2026-02-15T10:43:18.381Z,0,20.68,50,OK
2026-02-15T10:43:18.431Z,0,20.39,50,OK
2026-02-15T10:43:18.482Z,0,20.88,50,OK
2026-02-15T10:43:18.532Z,0,19.97,50,OK
2026-02-15T10:43:18.582Z,0,20.93,50,OK
2026-02-15T10:43:18.632Z,0,20.49,50,OK
2026-02-15T10:43:18.682Z,0,20.01,50,OK
2026-02-15T10:43:18.734Z,0,20.32,50,OK
2026-02-15T10:43:18.784Z,0,19.90,50,OK
2026-02-15T10:43:18.834Z,0,20.32,50,OK
2026-02-15T10:43:18.884Z,0,20.29,50,OK
2026-02-15T10:43:18.934Z,0,20.37,50,OK
2026-02-15T10:43:18.984Z,0,19.75,50,OK
2026-02-15T10:43:19.034Z,0,20.36,50,OK
2026-02-15T10:43:19.084Z,0,20.68,50,OK
2026-02-15T10:43:19.134Z,0,20.36,50,OK
2026-02-15T10:43:19.184Z,0,20.19,50,OK
2026-02-15T10:43:19.234Z,0,20.28,50,OK
2026-02-15T10:43:19.284Z,0,20.47,50,OK
2026-02-15T10:43:19.334Z,0,20.28,50,OK
2026-02-15T10:43:19.385Z,0,20.05,50,OK
2026-02-15T10:43:19.435Z,0,20.21,50,OK
2026-02-15T10:43:19.485Z,0,20.40,50,OK
2026-02-15T10:43:19.537Z,0,20.59,50,OK
2026-02-15T10:43:19.587Z,0,19.99,50,OK
2026-02-15T10:43:19.636Z,0,20.23,50,OK
2026-02-15T10:43:19.687Z,0,20.31,50,OK
2026-02-15T10:43:19.737Z,0,20.47,50,OK
2026-02-15T10:43:19.787Z,0,20.60,50,OK
2026-02-15T10:43:19.837Z,0,20.44,50,OK
2026-02-15T10:43:19.888Z,0,20.50,50,OK
2026-02-15T10:43:19.938Z,0,20.34,50,OK
2026-02-15T10:43:19.988Z,0,20.75,50,OK
2026-02-15T10:43:20.038Z,0,20.00,50,OK
2026-02-15T10:43:20.088Z,0,19.95,50,OK
2026-02-15T10:43:20.139Z,0,20.51,50,OK
2026-02-15T10:43:20.189Z,0,19.95,50,OK
2026-02-15T10:43:20.240Z,0,20.52,50,OK
2026-02-15T10:43:20.290Z,0,20.55,50,OK
2026-02-15T10:43:20.341Z,0,20.11,50,OK
2026-02-15T10:43:20.391Z,0,20.72,50,OK
2026-02-15T10:43:20.442Z,0,20.24,50,OK
2026-02-15T10:43:20.492Z,0,20.02,50,OK
2026-02-15T10:43:20.543Z,0,20.28,50,OK
2026-02-15T10:43:20.593Z,0,20.78,50,OK
2026-02-15T10:43:20.643Z,0,20.32,50,OK
2026-02-15T10:43:20.694Z,0,20.03,50,OK
2026-02-15T10:43:20.744Z,0,20.41,50,OK
2026-02-15T10:43:20.794Z,0,20.16,50,OK
2026-02-15T10:43:20.845Z,0,20.50,50,OK
2026-02-15T10:43:20.895Z,0,20.00,50,OK
2026-02-15T10:43:20.946Z,0,20.43,50,OK
2026-02-15T10:43:20.996Z,0,19.69,50,OK
2026-02-15T10:43:21.046Z,0,20.32,50,OK
2026-02-15T10:43:21.096Z,0,19.65,50,OK
2026-02-15T10:43:21.146Z,0,20.37,50,OK
2026-02-15T10:43:21.196Z,0,19.93,50,OK
2026-02-15T10:43:21.247Z,0,20.37,50,OK
2026-02-15T10:43:21.298Z,0,20.87,50,OK
2026-02-15T10:43:21.348Z,0,20.45,50,OK
2026-02-15T10:43:21.399Z,0,21.19,50,OK
2026-02-15T10:43:21.450Z,0,20.26,50,OK
2026-02-15T10:43:21.500Z,0,20.54,50,OK
2026-02-15T10:43:21.550Z,0,20.18,50,OK
2026-02-15T10:43:21.601Z,0,20.59,50,OK
2026-02-15T10:43:21.651Z,0,20.21,50,OK
2026-02-15T10:43:21.701Z,0,20.32,50,OK
2026-02-15T10:43:21.751Z,0,20.18,50,OK
2026-02-15T10:43:21.801Z,0,20.23,50,OK
2026-02-15T10:43:21.852Z,0,20.65,50,OK
2026-02-15T10:43:21.903Z,0,20.55,50,OK
2026-02-15T10:43:21.953Z,0,20.26,50,OK
2026-02-15T10:43:22.004Z,0,19.98,50,OK
2026-02-15T10:43:22.055Z,0,20.16,50,OK
2026-02-15T10:43:22.105Z,0,20.32,50,OK
2026-02-15T10:43:22.155Z,0,20.26,50,OK
2026-02-15T10:43:22.206Z,0,20.27,50,OK
2026-02-15T10:43:22.256Z,0,20.32,50,OK
2026-02-15T10:43:22.307Z,0,19.82,50,OK
2026-02-15T10:43:22.357Z,0,20.19,50,OK
2026-02-15T10:43:22.408Z,0,19.79,50,OK
2026-02-15T10:43:22.458Z,0,20.14,50,OK
2026-02-15T10:43:22.508Z,0,20.14,50,OK
2026-02-15T10:43:22.558Z,0,20.19,50,OK
2026-02-15T10:43:22.609Z,0,20.23,50,OK
2026-02-15T10:43:22.658Z,0,20.18,50,OK
2026-02-15T10:43:22.711Z,1,25.57,50,OK
2026-02-15T10:43:22.762Z,0,20.31,50,OK
2026-02-15T10:43:22.813Z,0,20.36,50,OK
2026-02-15T10:43:22.862Z,0,20.23,50,OK
2026-02-15T10:43:22.912Z,0,19.92,50,OK
2026-02-15T10:43:22.962Z,0,20.26,50,OK
2026-02-15T10:43:23.011Z,0,19.70,50,OK
2026-02-15T10:43:23.062Z,0,20.16,50,OK
2026-02-15T10:43:23.113Z,0,20.62,50,OK
2026-02-15T10:43:23.164Z,0,20.35,50,OK
2026-02-15T10:43:23.214Z,0,19.52,50,OK
2026-02-15T10:43:23.264Z,0,20.47,50,OK
2026-02-15T10:43:23.314Z,0,23.73,50,OK
2026-02-15T10:43:23.365Z,0,20.34,50,OK
2026-02-15T10:43:23.415Z,0,19.73,50,OK
2026-02-15T10:43:23.465Z,0,20.40,50,OK
2026-02-15T10:43:23.515Z,0,20.47,50,OK
2026-02-15T10:43:23.566Z,0,20.30,50,OK
2026-02-15T10:43:23.616Z,0,20.42,50,OK
2026-02-15T10:43:23.667Z,0,20.28,50,OK
2026-02-15T10:43:23.718Z,0,20.26,50,OK
2026-02-15T10:43:23.768Z,0,20.63,50,OK
2026-02-15T10:43:23.818Z,0,20.28,50,OK
2026-02-15T10:43:23.868Z,0,20.29,50,OK
2026-02-15T10:43:23.918Z,0,20.61,50,OK
2026-02-15T10:43:23.968Z,0,20.36,50,OK
2026-02-15T10:43:24.019Z,0,20.59,50,OK
2026-02-15T10:43:24.069Z,0,20.31,50,OK
2026-02-15T10:43:24.120Z,0,20.04,50,OK
2026-02-15T10:43:24.170Z,0,20.23,50,OK
2026-02-15T10:43:24.221Z,0,20.01,50,OK
2026-02-15T10:43:24.271Z,0,20.31,50,OK
2026-02-15T10:43:24.321Z,1,20.50,50,OK
2026-02-15T10:43:24.371Z,1,20.23,50,OK
2026-02-15T10:43:24.421Z,1,19.94,50,OK
2026-02-15T10:43:24.471Z,1,20.19,50,OK
2026-02-15T10:43:24.521Z,1,21.17,50,OK
2026-02-15T10:43:24.572Z,1,20.34,50,OK
2026-02-15T10:43:24.622Z,1,19.86,50,OK
2026-02-15T10:43:24.673Z,1,20.28,50,OK
2026-02-15T10:43:24.723Z,1,20.34,50,OK
2026-02-15T10:43:24.773Z,1,20.21,50,OK
2026-02-15T10:43:24.823Z,1,20.46,50,OK
2026-02-15T10:43:24.874Z,1,20.41,50,OK
2026-02-15T10:43:24.925Z,2,19.76,50,OK
2026-02-15T10:43:24.975Z,2,20.34,50,OK
2026-02-15T10:43:25.026Z,2,20.09,50,OK
2026-02-15T10:43:25.076Z,2,20.21,50,OK
2026-02-15T10:43:25.127Z,2,20.54,50,OK
2026-02-15T10:43:25.178Z,2,20.23,50,OK
2026-02-15T10:43:25.228Z,2,19.81,50,OK
2026-02-15T10:43:25.278Z,2,20.39,50,OK
2026-02-15T10:43:25.328Z,2,20.68,50,OK
2026-02-15T10:43:25.379Z,2,20.24,50,OK
2026-02-15T10:43:25.429Z,2,19.96,50,OK
2026-02-15T10:43:25.480Z,2,20.28,50,OK
2026-02-15T10:43:25.531Z,3,20.41,50,OK
2026-02-15T10:43:25.582Z,3,20.24,50,OK
2026-02-15T10:43:25.633Z,3,20.57,50,OK
2026-02-15T10:43:25.683Z,3,20.31,50,OK
2026-02-15T10:43:25.733Z,3,20.20,50,OK
2026-02-15T10:43:25.783Z,3,20.23,50,OK
2026-02-15T10:43:25.834Z,3,20.85,50,OK
2026-02-15T10:43:25.884Z,3,20.35,50,OK
2026-02-15T10:43:25.934Z,3,20.24,50,OK
2026-02-15T10:43:25.984Z,3,20.23,50,OK
2026-02-15T10:43:26.034Z,3,19.55,50,OK
2026-02-15T10:43:26.083Z,3,20.25,50,OK
2026-02-15T10:43:26.134Z,3,20.14,50,OK
2026-02-15T10:43:26.184Z,3,20.28,50,OK
2026-02-15T10:43:26.235Z,3,20.23,50,OK
2026-02-15T10:43:26.286Z,3,20.16,50,OK
2026-02-15T10:43:26.336Z,2,20.47,50,OK
2026-02-15T10:43:26.386Z,2,20.40,50,OK
2026-02-15T10:43:26.437Z,2,20.26,50,OK
2026-02-15T10:43:26.488Z,2,20.32,50,OK
2026-02-15T10:43:26.539Z,2,20.18,50,OK
2026-02-15T10:43:26.589Z,2,20.58,50,OK
2026-02-15T10:43:26.640Z,2,20.16,50,OK
2026-02-15T10:43:26.689Z,2,20.48,50,OK
2026-02-15T10:43:26.740Z,2,20.34,50,OK
2026-02-15T10:43:26.789Z,2,20.14,50,OK
2026-02-15T10:43:26.840Z,2,20.16,50,OK
2026-02-15T10:43:26.889Z,2,20.18,50,OK
2026-02-15T10:43:26.940Z,1,20.18,50,OK
2026-02-15T10:43:26.990Z,1,20.35,50,OK
2026-02-15T10:43:27.041Z,1,20.41,50,OK
2026-02-15T10:43:27.091Z,1,20.50,50,OK
2026-02-15T10:43:27.141Z,1,19.89,50,OK
2026-02-15T10:43:27.191Z,1,20.37,50,OK
2026-02-15T10:43:27.241Z,1,20.68,50,OK
2026-02-15T10:43:27.290Z,1,20.23,50,OK
2026-02-15T10:43:27.340Z,1,20.82,50,OK
2026-02-15T10:43:27.391Z,1,20.26,50,OK
2026-02-15T10:43:27.443Z,1,20.05,50,OK
2026-02-15T10:43:27.495Z,2,20.37,50,OK
2026-02-15T10:43:27.545Z,0,20.55,50,OK
2026-02-15T10:43:27.595Z,0,20.19,50,OK
2026-02-15T10:43:27.646Z,0,20.25,50,OK
2026-02-15T10:43:27.697Z,0,20.28,50,OK
2026-02-15T10:43:27.747Z,1,20.64,50,OK
2026-02-15T10:43:27.797Z,1,20.31,50,OK
2026-02-15T10:43:27.847Z,1,20.37,50,OK
2026-02-15T10:43:27.898Z,1,20.18,50,OK
2026-02-15T10:43:27.948Z,1,20.19,50,OK
2026-02-15T10:43:27.999Z,1,20.19,50,OK
2026-02-15T10:43:28.049Z,1,20.14,50,OK
2026-02-15T10:43:28.099Z,1,20.19,50,OK
2026-02-15T10:43:28.149Z,1,20.75,50,OK
2026-02-15T10:43:28.199Z,1,20.02,50,OK
2026-02-15T10:43:28.249Z,1,20.29,50,OK
2026-02-15T10:43:28.299Z,1,20.38,50,OK
2026-02-15T10:43:28.350Z,1,19.72,50,OK
2026-02-15T10:43:28.400Z,1,20.14,50,OK
2026-02-15T10:43:28.450Z,1,20.29,50,OK
2026-02-15T10:43:28.501Z,2,20.19,50,OK
2026-02-15T10:43:28.552Z,2,20.18,50,OK
2026-02-15T10:43:28.603Z,2,20.31,50,OK
2026-02-15T10:43:28.653Z,2,20.19,50,OK
2026-02-15T10:43:28.704Z,2,20.59,50,OK
2026-02-15T10:43:28.853Z,2,20.37,50,OK
2026-02-15T10:43:28.903Z,2,20.45,50,OK
2026-02-15T10:43:28.954Z,2,20.34,50,OK
2026-02-15T10:43:29.004Z,2,20.33,50,OK
2026-02-15T10:43:29.055Z,2,20.28,50,OK
2026-02-15T10:43:29.104Z,2,21.00,50,OK
2026-02-15T10:43:29.156Z,2,20.18,50,OK
2026-02-15T10:43:29.207Z,2,20.41,50,OK
2026-02-15T10:43:29.257Z,2,20.26,50,OK
2026-02-15T10:43:29.307Z,2,19.99,50,OK
2026-02-15T10:43:29.358Z,2,21.03,50,OK
2026-02-15T10:43:29.409Z,2,20.18,50,OK
2026-02-15T10:43:29.459Z,2,20.26,50,OK
2026-02-15T10:43:29.510Z,3,20.28,50,OK
2026-02-15T10:43:29.560Z,2,20.21,50,OK
2026-02-15T10:43:29.610Z,2,20.28,50,OK
2026-02-15T10:43:29.660Z,2,20.21,50,OK
2026-02-15T10:43:29.798Z,2,20.41,50,OK
2026-02-15T10:43:29.849Z,1,20.41,50,OK
2026-02-15T10:43:29.945Z,1,47.00,50,OK
2026-02-15T10:43:29.995Z,1,20.21,50,OK
2026-02-15T10:43:30.046Z,1,20.39,50,OK
2026-02-15T10:43:30.096Z,1,20.07,50,OK
2026-02-15T10:43:30.146Z,1,20.41,50,OK
2026-02-15T10:43:30.196Z,1,20.43,50,OK
2026-02-15T10:43:30.246Z,1,20.18,50,OK
2026-02-15T10:43:30.297Z,1,20.28,50,OK
2026-02-15T10:43:30.347Z,2,19.80,50,OK
2026-02-15T10:43:30.398Z,2,20.34,50,OK
2026-02-15T10:43:30.447Z,2,20.36,50,OK
2026-02-15T10:43:30.498Z,2,20.74,50,OK
2026-02-15T10:43:30.548Z,2,20.26,50,OK
2026-02-15T10:43:30.598Z,2,20.27,50,OK
2026-02-15T10:43:30.648Z,2,20.34,50,OK
2026-02-15T10:43:30.699Z,2,20.44,50,OK
2026-02-15T10:43:30.749Z,2,20.39,50,OK
2026-02-15T10:43:30.801Z,3,20.28,50,OK
2026-02-15T10:43:30.851Z,2,20.31,50,OK
2026-02-15T10:43:30.902Z,2,20.28,50,OK
2026-02-15T10:43:30.953Z,4,20.62,50,OK
2026-02-15T10:43:31.004Z,3,20.26,50,OK
2026-02-15T10:43:31.054Z,3,20.23,50,OK
2026-02-15T10:43:31.104Z,3,20.34,50,OK
2026-02-15T10:43:31.155Z,3,19.59,50,OK
2026-02-15T10:43:31.205Z,3,20.47,50,OK
2026-02-15T10:43:31.255Z,3,20.28,50,OK
2026-02-15T10:43:31.305Z,3,20.25,50,OK
2026-02-15T10:43:31.355Z,3,20.44,50,OK
2026-02-15T10:43:31.406Z,3,20.37,50,OK
2026-02-15T10:43:31.456Z,3,20.31,50,OK
2026-02-15T10:43:31.507Z,3,20.19,50,OK
2026-02-15T10:43:31.557Z,3,20.21,50,OK
2026-02-15T10:43:31.608Z,3,20.34,50,OK
2026-02-15T10:43:31.658Z,3,20.37,50,OK
2026-02-15T10:43:31.708Z,3,19.99,50,OK
2026-02-15T10:43:31.758Z,3,20.52,50,OK
2026-02-15T10:43:31.808Z,3,19.98,50,OK
2026-02-15T10:43:31.858Z,3,20.31,50,OK
2026-02-15T10:43:31.909Z,3,20.18,50,OK
2026-02-15T10:43:32.030Z,3,20.41,50,OK
2026-02-15T10:43:32.081Z,3,20.26,50,OK
2026-02-15T10:43:32.207Z,3,20.85,50,OK
2026-02-15T10:43:32.258Z,3,20.16,50,OK
2026-02-15T10:43:32.308Z,3,20.41,50,OK
2026-02-15T10:43:32.359Z,2,20.26,50,OK
2026-02-15T10:43:32.409Z,2,20.44,50,OK
2026-02-15T10:43:32.460Z,2,20.67,50,OK
2026-02-15T10:43:32.511Z,3,20.14,50,OK
2026-02-15T10:43:32.561Z,2,20.19,50,OK
2026-02-15T10:43:32.611Z,2,20.36,50,OK
2026-02-15T10:43:32.661Z,2,20.18,50,OK
2026-02-15T10:43:32.710Z,2,20.29,50,OK
2026-02-15T10:43:32.761Z,2,20.32,50,OK
2026-02-15T10:43:32.812Z,3,20.21,50,OK
2026-02-15T10:43:32.862Z,2,20.29,50,OK
2026-02-15T10:43:32.912Z,2,20.23,50,OK
2026-02-15T10:43:32.963Z,1,20.32,50,OK
2026-02-15T10:43:33.013Z,1,20.39,50,OK
2026-02-15T10:43:33.115Z,2,95.52,50,OK
2026-02-15T10:43:33.165Z,1,20.44,50,OK
2026-02-15T10:43:33.216Z,1,20.41,50,OK
2026-02-15T10:43:33.266Z,1,20.29,50,OK
2026-02-15T10:43:33.317Z,2,19.47,50,OK
2026-02-15T10:43:33.367Z,2,20.57,50,OK
2026-02-15T10:43:33.417Z,2,20.29,50,OK
2026-02-15T10:43:33.467Z,2,20.35,50,OK
2026-02-15T10:43:33.518Z,2,31.37,50,OK
2026-02-15T10:43:33.569Z,2,20.88,50,OK
2026-02-15T10:43:33.619Z,2,20.40,50,OK
2026-02-15T10:43:33.669Z,2,20.39,50,OK
2026-02-15T10:43:33.720Z,3,20.37,50,OK
2026-02-15T10:43:33.770Z,3,20.29,50,OK
2026-02-15T10:43:33.896Z,4,20.43,50,OK
2026-02-15T10:43:33.947Z,3,20.00,50,OK
2026-02-15T10:43:33.998Z,3,20.93,50,OK
2026-02-15T10:43:34.048Z,3,20.81,50,OK
2026-02-15T10:43:34.173Z,3,20.19,50,OK
2026-02-15T10:43:34.224Z,4,20.80,50,OK
2026-02-15T10:43:34.274Z,4,20.18,50,OK
2026-02-15T10:43:34.325Z,4,20.60,50,OK
2026-02-15T10:43:34.409Z,4,34.00,50,OK
2026-02-15T10:43:34.460Z,4,20.37,50,OK
2026-02-15T10:43:34.510Z,3,20.08,50,OK
2026-02-15T10:43:34.560Z,3,19.73,50,OK
2026-02-15T10:43:34.610Z,3,20.59,50,OK
2026-02-15T10:43:34.660Z,3,20.50,50,OK
2026-02-15T10:43:34.710Z,3,20.19,50,OK
2026-02-15T10:43:34.760Z,3,20.67,50,OK
2026-02-15T10:43:34.810Z,3,20.46,50,OK
2026-02-15T10:43:34.860Z,3,20.47,50,OK
2026-02-15T10:43:34.910Z,3,20.29,50,OK
2026-02-15T10:43:34.960Z,3,20.30,50,OK
2026-02-15T10:43:35.012Z,3,20.19,50,OK
2026-02-15T10:43:35.062Z,3,20.30,50,OK
2026-02-15T10:43:35.112Z,3,20.34,50,OK
2026-02-15T10:43:35.162Z,3,20.30,50,OK
2026-02-15T10:43:35.257Z,4,79.27,50,OK
2026-02-15T10:43:35.308Z,2,20.11,50,OK
2026-02-15T10:43:35.358Z,2,19.98,50,OK
2026-02-15T10:43:35.409Z,2,20.36,50,OK
2026-02-15T10:43:35.459Z,2,20.31,50,OK
2026-02-15T10:43:35.589Z,2,20.32,50,OK
2026-02-15T10:43:35.639Z,3,19.88,50,OK
2026-02-15T10:43:35.689Z,3,20.23,50,OK
2026-02-15T10:43:35.739Z,2,20.42,50,OK
2026-02-15T10:43:35.789Z,2,20.29,50,OK
2026-02-15T10:43:35.840Z,2,20.09,50,OK
2026-02-15T10:43:35.891Z,2,20.48,50,OK
2026-02-15T10:43:35.941Z,2,20.23,50,OK
2026-02-15T10:43:35.990Z,2,20.96,50,OK
2026-02-15T10:43:36.042Z,2,20.16,50,OK
2026-02-15T10:43:36.092Z,2,20.34,50,OK
2026-02-15T10:43:36.142Z,2,20.37,50,OK
2026-02-15T10:43:36.193Z,2,20.37,50,OK
2026-02-15T10:43:36.243Z,1,20.34,50,OK
2026-02-15T10:43:36.293Z,1,20.93,50,OK
2026-02-15T10:43:36.343Z,2,20.34,50,OK
2026-02-15T10:43:36.394Z,2,20.29,50,OK
2026-02-15T10:43:36.443Z,2,20.05,50,OK
2026-02-15T10:43:36.494Z,2,20.14,50,OK
2026-02-15T10:43:36.543Z,2,20.23,50,OK
2026-02-15T10:43:36.595Z,4,20.26,50,OK
2026-02-15T10:43:36.646Z,3,20.44,50,OK
2026-02-15T10:43:36.696Z,3,20.34,50,OK
2026-02-15T10:43:36.747Z,3,20.26,50,OK
2026-02-15T10:43:36.797Z,3,19.91,50,OK
2026-02-15T10:43:36.847Z,3,20.13,50,OK
2026-02-15T10:43:36.896Z,3,19.88,50,OK
2026-02-15T10:43:36.993Z,3,85.62,50,OK
2026-02-15T10:43:37.043Z,3,20.18,50,OK
2026-02-15T10:43:37.134Z,3,80.05,50,OK
2026-02-15T10:43:37.184Z,3,20.29,50,OK
2026-02-15T10:43:37.234Z,4,20.36,50,OK
2026-02-15T10:43:37.345Z,4,55.14,50,OK
2026-02-15T10:43:37.395Z,4,20.44,50,OK
2026-02-15T10:43:37.446Z,4,20.61,50,OK
2026-02-15T10:43:37.498Z,5,20.31,50,OK
2026-02-15T10:43:37.548Z,4,20.19,50,OK
2026-02-15T10:43:37.598Z,3,20.23,50,OK
2026-02-15T10:43:37.649Z,3,20.46,50,OK
2026-02-15T10:43:37.699Z,4,20.19,50,OK
2026-02-15T10:43:37.750Z,4,20.35,50,OK
2026-02-15T10:43:37.801Z,4,20.31,50,OK
2026-02-15T10:43:37.851Z,4,20.16,50,OK
2026-02-15T10:43:37.901Z,4,20.24,50,OK
2026-02-15T10:43:37.979Z,4,28.00,50,OK
2026-02-15T10:43:38.076Z,5,47.00,50,OK
2026-02-15T10:43:38.127Z,4,20.52,50,OK
2026-02-15T10:43:38.218Z,4,80.58,50,OK
2026-02-15T10:43:38.268Z,4,20.13,50,OK
2026-02-15T10:43:38.318Z,4,20.34,50,OK
2026-02-15T10:43:38.369Z,4,19.94,50,OK
2026-02-15T10:43:38.420Z,4,20.37,50,OK
2026-02-15T10:43:38.471Z,4,20.32,50,OK
2026-02-15T10:43:38.520Z,5,20.20,50,OK
2026-02-15T10:43:38.570Z,5,20.13,50,OK
2026-02-15T10:43:38.688Z,5,19.85,50,OK
2026-02-15T10:43:38.739Z,4,20.68,50,OK
2026-02-15T10:43:38.789Z,4,20.28,50,OK
2026-02-15T10:43:38.839Z,4,20.23,50,OK
2026-02-15T10:43:38.889Z,4,20.21,50,OK
2026-02-15T10:43:38.940Z,4,20.23,50,OK
2026-02-15T10:43:38.991Z,4,20.39,50,OK
2026-02-15T10:43:39.080Z,4,39.00,50,OK
2026-02-15T10:43:39.131Z,4,20.66,50,OK
2026-02-15T10:43:39.181Z,5,20.31,50,OK
2026-02-15T10:43:39.232Z,5,20.27,50,OK
2026-02-15T10:43:39.283Z,4,20.02,50,OK
2026-02-15T10:43:39.333Z,4,25.27,50,OK
2026-02-15T10:43:39.384Z,5,20.24,50,OK
2026-02-15T10:43:39.434Z,5,19.96,50,OK
2026-02-15T10:43:39.484Z,5,20.32,50,OK
2026-02-15T10:43:39.534Z,5,20.37,50,OK
2026-02-15T10:43:39.585Z,5,20.14,50,OK
2026-02-15T10:43:39.635Z,5,20.30,50,OK
2026-02-15T10:43:39.686Z,5,20.36,50,OK
2026-02-15T10:43:39.735Z,6,20.06,50,OK
2026-02-15T10:43:39.786Z,6,20.24,50,OK
2026-02-15T10:43:39.836Z,6,20.20,50,OK
2026-02-15T10:43:39.886Z,6,20.28,50,OK
2026-02-15T10:43:39.937Z,6,19.92,50,OK
2026-02-15T10:43:39.988Z,6,20.34,50,OK
2026-02-15T10:43:40.038Z,6,20.37,50,OK
2026-02-15T10:43:40.087Z,6,20.49,50,OK
2026-02-15T10:43:40.139Z,7,20.00,50,OK
2026-02-15T10:43:40.189Z,7,20.26,50,OK
2026-02-15T10:43:40.303Z,7,53.28,50,OK
2026-02-15T10:43:40.353Z,7,20.49,50,OK
2026-02-15T10:43:40.403Z,6,19.55,50,OK
2026-02-15T10:43:40.453Z,6,20.40,50,OK
2026-02-15T10:43:40.503Z,6,20.29,50,OK
2026-02-15T10:43:40.553Z,5,20.80,50,OK
2026-02-15T10:43:40.605Z,6,20.36,50,OK
2026-02-15T10:43:40.655Z,5,20.01,50,OK
2026-02-15T10:43:40.705Z,5,20.24,50,OK
2026-02-15T10:43:40.755Z,5,20.09,50,OK
2026-02-15T10:43:40.805Z,5,20.37,50,OK
2026-02-15T10:43:40.856Z,5,20.32,50,OK
2026-02-15T10:43:40.906Z,5,20.39,50,OK
2026-02-15T10:43:40.957Z,6,20.16,50,OK
2026-02-15T10:43:41.007Z,6,20.31,50,OK
2026-02-15T10:43:41.059Z,6,20.32,50,OK
2026-02-15T10:43:41.109Z,7,20.20,50,OK
2026-02-15T10:43:41.159Z,6,20.50,50,OK
2026-02-15T10:43:41.209Z,6,20.50,50,OK
2026-02-15T10:43:41.259Z,6,20.15,50,OK
2026-02-15T10:43:41.310Z,9,20.14,50,OK
2026-02-15T10:43:41.359Z,6,20.77,50,OK
2026-02-15T10:43:41.410Z,6,20.37,50,OK
2026-02-15T10:43:41.460Z,6,20.56,50,OK
2026-02-15T10:43:41.510Z,7,20.19,50,OK
2026-02-15T10:43:41.560Z,6,20.34,50,OK
2026-02-15T10:43:41.610Z,6,20.18,50,OK
2026-02-15T10:43:41.660Z,6,20.40,50,OK
2026-02-15T10:43:41.791Z,5,20.62,50,OK
2026-02-15T10:43:41.841Z,4,20.17,50,OK
2026-02-15T10:43:41.891Z,4,20.19,50,OK
2026-02-15T10:43:41.940Z,4,20.45,50,OK
2026-02-15T10:43:41.991Z,4,20.19,50,OK
2026-02-15T10:43:42.106Z,4,112.10,50,OK
2026-02-15T10:43:42.157Z,3,20.21,50,OK
2026-02-15T10:43:42.207Z,4,20.36,50,OK
2026-02-15T10:43:42.258Z,3,20.46,50,OK
2026-02-15T10:43:42.307Z,3,20.26,50,OK
2026-02-15T10:43:42.358Z,4,20.54,50,OK
2026-02-15T10:43:42.453Z,4,45.00,50,OK
2026-02-15T10:43:42.562Z,7,59.00,50,OK
2026-02-15T10:43:42.613Z,6,20.18,50,OK
2026-02-15T10:43:42.663Z,6,20.33,50,OK
2026-02-15T10:43:42.714Z,6,20.73,50,OK
2026-02-15T10:43:42.765Z,6,19.84,50,OK
2026-02-15T10:43:42.955Z,6,170.85,50,OK
2026-02-15T10:43:43.006Z,6,20.21,50,OK
2026-02-15T10:43:43.056Z,6,19.23,50,OK
2026-02-15T10:43:43.106Z,5,20.38,50,OK
2026-02-15T10:43:43.157Z,6,20.19,50,OK
2026-02-15T10:43:43.207Z,5,20.21,50,OK
2026-02-15T10:43:43.258Z,5,20.23,50,OK
2026-02-15T10:43:43.309Z,5,20.75,50,OK
2026-02-15T10:43:43.360Z,4,19.73,50,OK
2026-02-15T10:43:43.411Z,4,20.23,50,OK
2026-02-15T10:43:43.463Z,5,20.24,50,OK
2026-02-15T10:43:43.513Z,4,20.43,50,OK
2026-02-15T10:43:43.563Z,4,20.28,50,OK
2026-02-15T10:43:43.808Z,7,233.37,50,OK
2026-02-15T10:43:44.001Z,6,144.00,50,OK
2026-02-15T10:43:44.051Z,6,20.13,50,OK
2026-02-15T10:43:44.102Z,7,20.26,50,OK
2026-02-15T10:43:44.152Z,6,20.14,50,OK
2026-02-15T10:43:44.203Z,6,20.39,50,OK
2026-02-15T10:43:44.253Z,6,20.39,50,OK
2026-02-15T10:43:44.308Z,6,20.19,50,OK
2026-02-15T10:43:44.358Z,8,20.07,50,OK
2026-02-15T10:43:44.410Z,7,19.18,50,OK
2026-02-15T10:43:44.461Z,7,20.14,50,OK
2026-02-15T10:43:44.511Z,7,20.09,50,OK
2026-02-15T10:43:44.562Z,7,20.26,50,OK
2026-02-15T10:43:44.612Z,7,20.55,50,OK
2026-02-15T10:43:44.662Z,6,20.16,50,OK
2026-02-15T10:43:44.713Z,6,20.59,50,OK
2026-02-15T10:43:44.764Z,6,20.28,50,OK
2026-02-15T10:43:44.815Z,8,20.16,50,OK
2026-02-15T10:43:44.865Z,8,19.96,50,OK
2026-02-15T10:43:44.915Z,8,20.23,50,OK
2026-02-15T10:43:44.966Z,7,20.32,50,OK
2026-02-15T10:43:45.097Z,7,20.44,50,OK
2026-02-15T10:43:45.216Z,7,59.63,50,OK
2026-02-15T10:43:45.324Z,11,58.00,50,OK
2026-02-15T10:43:45.374Z,7,20.57,50,OK
2026-02-15T10:43:45.424Z,7,20.23,50,OK
2026-02-15T10:43:45.475Z,7,19.88,50,OK
2026-02-15T10:43:45.525Z,9,19.19,50,OK
2026-02-15T10:43:45.575Z,10,20.01,50,OK
2026-02-15T10:43:45.626Z,9,20.00,50,OK
2026-02-15T10:43:45.676Z,9,20.44,50,OK
2026-02-15T10:43:45.726Z,9,20.30,50,OK
2026-02-15T10:43:45.777Z,9,20.34,50,OK
2026-02-15T10:43:45.827Z,9,20.12,50,OK
2026-02-15T10:43:45.877Z,10,20.46,50,OK
2026-02-15T10:43:45.927Z,10,20.24,50,OK
2026-02-15T10:43:45.978Z,10,19.65,50,OK
2026-02-15T10:43:46.028Z,9,20.05,50,OK
2026-02-15T10:43:46.078Z,9,20.47,50,OK
2026-02-15T10:43:46.174Z,9,85.49,50,OK
2026-02-15T10:43:46.291Z,9,20.37,50,OK
2026-02-15T10:43:46.341Z,8,19.73,50,OK
2026-02-15T10:43:46.391Z,8,20.29,50,OK
2026-02-15T10:43:46.441Z,8,20.56,50,OK
2026-02-15T10:43:46.492Z,8,20.37,50,OK
2026-02-15T10:43:46.543Z,8,20.22,50,OK
2026-02-15T10:43:46.659Z,7,21.09,50,OK
2026-02-15T10:43:46.709Z,8,20.05,50,OK
2026-02-15T10:43:46.759Z,8,20.28,50,OK
2026-02-15T10:43:46.809Z,8,20.19,50,OK
2026-02-15T10:43:46.942Z,6,120.49,50,OK
2026-02-15T10:43:46.992Z,8,21.08,50,OK
2026-02-15T10:43:47.042Z,8,20.73,50,OK
2026-02-15T10:43:47.092Z,8,20.41,50,OK
2026-02-15T10:43:47.142Z,8,20.52,50,OK
2026-02-15T10:43:47.256Z,8,54.74,50,OK
2026-02-15T10:43:47.367Z,8,90.60,50,OK
2026-02-15T10:43:47.457Z,19,40.00,50,OK
2026-02-15T10:43:47.507Z,8,19.57,50,OK
2026-02-15T10:43:47.557Z,8,20.32,50,OK
2026-02-15T10:43:47.607Z,7,20.59,50,OK
2026-02-15T10:43:47.657Z,7,20.28,50,OK
2026-02-15T10:43:47.738Z,7,31.00,50,OK
2026-02-15T10:43:47.788Z,7,20.39,50,OK
2026-02-15T10:43:47.911Z,7,20.46,50,OK
2026-02-15T10:43:47.961Z,8,20.77,50,OK
2026-02-15T10:43:48.058Z,8,85.16,50,OK
2026-02-15T10:43:48.108Z,8,20.36,50,OK
2026-02-15T10:43:48.158Z,8,20.46,50,OK
2026-02-15T10:43:48.208Z,8,20.28,50,OK
2026-02-15T10:43:48.258Z,8,20.24,50,OK
2026-02-15T10:43:48.309Z,8,20.41,50,OK
2026-02-15T10:43:48.359Z,7,20.93,50,OK
2026-02-15T10:43:48.409Z,7,20.37,50,OK
2026-02-15T10:43:48.459Z,8,20.34,50,OK
2026-02-15T10:43:48.537Z,8,28.00,50,OK
2026-02-15T10:43:48.703Z,17,116.00,50,OK
2026-02-15T10:43:48.752Z,10,20.93,50,OK
2026-02-15T10:43:48.803Z,10,20.11,50,OK
2026-02-15T10:43:48.853Z,10,20.54,50,OK
2026-02-15T10:43:48.904Z,10,20.23,50,OK
2026-02-15T10:43:48.996Z,11,88.77,50,OK
2026-02-15T10:43:49.047Z,8,20.28,50,OK
2026-02-15T10:43:49.097Z,8,20.32,50,OK
2026-02-15T10:43:49.148Z,8,20.50,50,OK
2026-02-15T10:43:49.198Z,8,20.39,50,OK
2026-02-15T10:43:49.248Z,8,20.44,50,OK
2026-02-15T10:43:49.349Z,12,91.52,50,OK
2026-02-15T10:43:49.398Z,8,20.59,50,OK
2026-02-15T10:43:49.449Z,8,20.19,50,OK
2026-02-15T10:43:49.499Z,8,20.34,50,OK
2026-02-15T10:43:49.550Z,8,20.34,50,OK
2026-02-15T10:43:49.601Z,8,20.24,50,OK
2026-02-15T10:43:49.651Z,8,19.70,50,OK
2026-02-15T10:43:49.701Z,8,20.47,50,OK
2026-02-15T10:43:49.791Z,11,40.00,50,OK
2026-02-15T10:43:50.047Z,13,206.00,50,OK
2026-02-15T10:43:50.153Z,14,56.00,50,OK
2026-02-15T10:43:50.205Z,9,20.32,50,OK
2026-02-15T10:43:50.255Z,9,19.67,50,OK
2026-02-15T10:43:50.305Z,9,20.02,50,OK
2026-02-15T10:43:50.425Z,10,20.32,50,OK
2026-02-15T10:43:50.476Z,8,20.05,50,OK
2026-02-15T10:43:50.526Z,8,20.37,50,OK
2026-02-15T10:43:50.577Z,8,20.56,50,OK
2026-02-15T10:43:50.628Z,9,20.29,50,OK
2026-02-15T10:43:50.678Z,8,20.03,50,OK
2026-02-15T10:43:50.787Z,6,19.73,50,OK
2026-02-15T10:43:50.837Z,6,20.17,50,OK
2026-02-15T10:43:50.888Z,6,20.37,50,OK
2026-02-15T10:43:50.938Z,6,20.51,50,OK
2026-02-15T10:43:50.988Z,6,20.21,50,OK
2026-02-15T10:43:51.038Z,6,20.09,50,OK
2026-02-15T10:43:51.132Z,8,44.00,50,OK
2026-02-15T10:43:51.215Z,8,33.00,50,OK
2026-02-15T10:43:51.327Z,19,62.00,50,OK
2026-02-15T10:43:51.377Z,9,19.87,50,OK
2026-02-15T10:43:51.427Z,9,20.44,50,OK
2026-02-15T10:43:51.477Z,12,20.20,50,OK
2026-02-15T10:43:51.527Z,12,20.60,50,OK
2026-02-15T10:43:51.578Z,12,20.37,50,OK
2026-02-15T10:43:51.630Z,12,20.36,50,OK
2026-02-15T10:43:51.680Z,12,20.45,50,OK
2026-02-15T10:43:51.731Z,12,20.41,50,OK
2026-02-15T10:43:51.781Z,12,20.24,50,OK
2026-02-15T10:43:51.831Z,12,20.03,50,OK
2026-02-15T10:43:51.882Z,12,20.32,50,OK
2026-02-15T10:43:51.933Z,12,20.39,50,OK
2026-02-15T10:43:51.983Z,12,20.50,50,OK
2026-02-15T10:43:52.033Z,12,20.72,50,OK
2026-02-15T10:43:52.083Z,10,19.96,50,OK
2026-02-15T10:43:52.133Z,10,20.11,50,OK
2026-02-15T10:43:52.184Z,10,20.16,50,OK
2026-02-15T10:43:52.234Z,10,20.65,50,OK
2026-02-15T10:43:52.284Z,10,20.17,50,OK
2026-02-15T10:43:52.344Z,16,20.19,50,OK
2026-02-15T10:43:52.393Z,11,20.24,50,OK
2026-02-15T10:43:52.444Z,12,20.18,50,OK
2026-02-15T10:43:52.646Z,12,152.00,50,OK
2026-02-15T10:43:53.142Z,14,446.00,50,OK
2026-02-15T10:43:54.049Z,21,857.00,50,OK
2026-02-15T10:43:54.463Z,29,364.00,50,OK
2026-02-15T10:43:54.719Z,6,206.00,50,OK
2026-02-15T10:43:54.770Z,4,20.46,50,OK
2026-02-15T10:43:54.819Z,4,20.34,50,OK
2026-02-15T10:43:54.869Z,4,20.55,50,OK
2026-02-15T10:43:54.920Z,4,20.29,50,OK
2026-02-15T10:43:54.970Z,4,20.42,50,OK
2026-02-15T10:43:55.020Z,4,20.77,50,OK
2026-02-15T10:43:55.071Z,6,21.60,50,OK
2026-02-15T10:43:55.146Z,4,74.29,50,OK
2026-02-15T10:43:55.196Z,4,20.31,50,OK
2026-02-15T10:43:55.247Z,4,20.34,50,OK
2026-02-15T10:43:55.297Z,5,20.34,50,OK
2026-02-15T10:43:55.348Z,4,20.29,50,OK
2026-02-15T10:43:55.399Z,4,20.37,50,OK
2026-02-15T10:43:55.450Z,4,20.16,50,OK
2026-02-15T10:43:55.561Z,5,92.11,50,OK
2026-02-15T10:43:55.886Z,24,275.00,50,OK
2026-02-15T10:43:56.057Z,16,121.00,50,OK
2026-02-15T10:43:56.197Z,13,90.00,50,OK
2026-02-15T10:43:56.385Z,12,138.00,50,OK
2026-02-15T10:43:56.434Z,9,20.29,50,OK
2026-02-15T10:43:56.485Z,8,21.85,50,OK
2026-02-15T10:43:56.535Z,8,20.22,50,OK
2026-02-15T10:43:56.586Z,8,20.23,50,OK
2026-02-15T10:43:56.636Z,8,20.24,50,OK
2026-02-15T10:43:56.686Z,8,20.01,50,OK
2026-02-15T10:43:56.736Z,8,20.27,50,OK
2026-02-15T10:43:56.786Z,8,20.23,50,OK
2026-02-15T10:43:56.836Z,8,20.36,50,OK
2026-02-15T10:43:56.887Z,8,20.23,50,OK
2026-02-15T10:43:56.937Z,8,20.29,50,OK
2026-02-15T10:43:56.987Z,8,20.37,50,OK
2026-02-15T10:43:57.038Z,15,36.16,50,OK
2026-02-15T10:43:58.632Z,11,1571.29,50,OK
2026-02-15T10:43:59.629Z,34,974.91,50,OK
2026-02-15T10:43:59.705Z,10,26.00,50,OK
2026-02-15T10:43:59.920Z,8,214.50,50,OK
2026-02-15T10:43:59.970Z,4,20.18,50,OK
2026-02-15T10:44:00.021Z,4,20.43,50,OK
2026-02-15T10:44:00.070Z,4,20.24,50,OK
2026-02-15T10:44:00.121Z,4,20.19,50,OK
2026-02-15T10:44:00.171Z,4,20.38,50,OK
2026-02-15T10:44:00.222Z,4,20.00,50,OK
2026-02-15T10:44:00.272Z,4,20.16,50,OK
2026-02-15T10:44:00.323Z,4,20.21,50,OK
2026-02-15T10:44:00.373Z,4,20.39,50,OK
2026-02-15T10:44:00.424Z,4,20.24,50,OK
2026-02-15T10:44:00.474Z,4,20.46,50,OK
2026-02-15T10:44:00.524Z,4,20.19,50,OK
2026-02-15T10:44:00.575Z,4,20.18,50,OK
2026-02-15T10:44:00.624Z,5,20.57,50,OK
2026-02-15T10:44:00.826Z,5,195.89,50,OK
2026-02-15T10:44:01.158Z,32,282.00,50,OK
2026-02-15T10:44:01.387Z,23,179.00,50,OK
2026-02-15T10:44:01.437Z,2,20.50,50,OK
2026-02-15T10:44:01.488Z,2,20.50,50,OK
2026-02-15T10:44:01.538Z,2,20.31,50,OK
2026-02-15T10:44:01.587Z,2,20.28,50,OK
2026-02-15T10:44:01.706Z,1,109.35,50,OK
2026-02-15T10:44:01.757Z,1,20.19,50,OK
2026-02-15T10:44:01.806Z,1,20.21,50,OK
2026-02-15T10:44:01.936Z,1,127.63,50,OK
2026-02-15T10:44:01.986Z,1,20.21,50,OK
2026-02-15T10:44:02.037Z,1,19.89,50,OK
2026-02-15T10:44:02.088Z,1,20.32,50,OK
2026-02-15T10:44:02.138Z,1,20.18,50,OK
2026-02-15T10:44:02.294Z,1,20.03,50,OK
2026-02-15T10:44:02.507Z,7,213.06,50,OK
2026-02-15T10:44:02.621Z,27,64.00,50,OK
2026-02-15T10:44:02.671Z,8,20.24,50,OK
2026-02-15T10:44:02.722Z,8,20.47,50,OK
2026-02-15T10:44:02.773Z,8,20.46,50,OK
2026-02-15T10:44:02.824Z,8,20.37,50,OK
2026-02-15T10:44:02.875Z,8,20.33,50,OK
2026-02-15T10:44:02.926Z,8,20.29,50,OK
2026-02-15T10:44:02.977Z,8,20.37,50,OK
2026-02-15T10:44:03.027Z,8,19.70,50,OK
2026-02-15T10:44:03.077Z,8,20.42,50,OK
2026-02-15T10:44:03.128Z,8,20.42,50,OK
2026-02-15T10:44:03.225Z,8,92.77,50,OK
2026-02-15T10:44:03.275Z,8,20.47,50,OK
2026-02-15T10:44:03.325Z,8,20.34,50,OK
2026-02-15T10:44:03.375Z,8,20.36,50,OK
2026-02-15T10:44:03.425Z,8,20.70,50,OK
2026-02-15T10:44:03.476Z,8,20.27,50,OK
2026-02-15T10:44:03.527Z,8,21.39,50,OK
2026-02-15T10:44:03.578Z,8,20.37,50,OK
2026-02-15T10:44:03.630Z,11,20.44,50,OK
2026-02-15T10:44:03.680Z,11,25.19,50,OK
2026-02-15T10:44:03.791Z,11,55.60,50,OK
2026-02-15T10:44:03.842Z,13,20.29,50,OK
2026-02-15T10:44:03.892Z,13,20.36,50,OK
2026-02-15T10:44:03.942Z,13,20.40,50,OK
2026-02-15T10:44:03.993Z,13,20.29,50,OK
2026-02-15T10:44:04.044Z,13,20.75,50,OK
2026-02-15T10:44:04.095Z,13,20.24,50,OK
2026-02-15T10:44:04.145Z,13,20.61,50,OK
2026-02-15T10:44:04.195Z,13,20.23,50,OK
2026-02-15T10:44:04.318Z,14,59.54,50,OK
2026-02-15T10:44:04.369Z,13,20.28,50,OK
2026-02-15T10:44:04.418Z,13,22.59,50,OK
2026-02-15T10:44:04.469Z,13,20.27,50,OK
2026-02-15T10:44:04.588Z,9,20.36,50,OK
2026-02-15T10:44:04.678Z,9,89.36,50,OK
2026-02-15T10:44:04.927Z,25,199.00,50,OK
2026-02-15T10:44:04.977Z,12,20.09,50,OK
2026-02-15T10:44:05.027Z,12,19.80,50,OK
2026-02-15T10:44:05.078Z,12,20.55,50,OK
2026-02-15T10:44:05.128Z,12,20.28,50,OK
2026-02-15T10:44:05.178Z,12,20.68,50,OK
2026-02-15T10:44:05.228Z,12,20.37,50,OK
2026-02-15T10:44:05.279Z,12,20.25,50,OK
2026-02-15T10:44:05.401Z,14,20.32,50,OK
2026-02-15T10:44:05.451Z,12,20.23,50,OK
2026-02-15T10:44:05.501Z,12,20.13,50,OK
2026-02-15T10:44:05.552Z,13,20.24,50,OK
2026-02-15T10:44:05.602Z,13,20.46,50,OK
2026-02-15T10:44:05.653Z,10,20.43,50,OK
2026-02-15T10:44:05.704Z,11,20.55,50,OK
2026-02-15T10:44:05.754Z,11,20.39,50,OK
2026-02-15T10:44:05.804Z,9,20.34,50,OK
2026-02-15T10:44:05.854Z,9,20.20,50,OK
2026-02-15T10:44:05.905Z,9,20.82,50,OK
2026-02-15T10:44:06.010Z,12,50.89,50,OK
2026-02-15T10:44:06.097Z,28,37.00,50,OK
2026-02-15T10:44:06.148Z,14,20.14,50,OK
2026-02-15T10:44:06.198Z,14,20.47,50,OK
2026-02-15T10:44:06.249Z,14,20.17,50,OK
2026-02-15T10:44:06.299Z,14,20.41,50,OK
2026-02-15T10:44:06.350Z,14,20.09,50,OK
2026-02-15T10:44:06.400Z,14,20.24,50,OK
2026-02-15T10:44:06.477Z,14,27.00,50,OK
2026-02-15T10:44:06.557Z,18,78.81,50,OK
2026-02-15T10:44:06.646Z,15,39.00,50,OK
2026-02-15T10:44:06.697Z,8,19.36,50,OK
2026-02-15T10:44:06.747Z,8,20.52,50,OK
2026-02-15T10:44:06.797Z,8,20.10,50,OK
2026-02-15T10:44:06.931Z,8,84.00,50,OK
2026-02-15T10:44:06.980Z,8,20.21,50,OK
2026-02-15T10:44:07.031Z,8,20.49,50,OK
2026-02-15T10:44:07.082Z,8,20.27,50,OK
2026-02-15T10:44:07.132Z,12,20.02,50,OK
2026-02-15T10:44:07.183Z,12,20.28,50,OK
2026-02-15T10:44:07.234Z,12,19.96,50,OK
2026-02-15T10:44:07.283Z,12,20.32,50,OK
2026-02-15T10:44:07.334Z,12,20.16,50,OK
2026-02-15T10:44:07.385Z,12,20.37,50,OK
2026-02-15T10:44:07.435Z,12,20.50,50,OK
2026-02-15T10:44:07.485Z,12,20.28,50,OK
2026-02-15T10:44:07.536Z,11,19.90,50,OK
2026-02-15T10:44:07.586Z,11,20.77,50,OK
2026-02-15T10:44:07.636Z,11,20.29,50,OK
2026-02-15T10:44:07.727Z,11,84.38,50,OK
2026-02-15T10:44:07.813Z,23,36.00,50,OK
2026-02-15T10:44:07.862Z,11,20.06,50,OK
2026-02-15T10:44:07.913Z,11,20.11,50,OK
2026-02-15T10:44:08.009Z,8,20.03,50,OK
2026-02-15T10:44:08.060Z,8,20.04,50,OK
2026-02-15T10:44:08.109Z,8,20.47,50,OK
2026-02-15T10:44:08.160Z,7,20.37,50,OK
2026-02-15T10:44:08.211Z,7,20.14,50,OK
2026-02-15T10:44:08.260Z,7,20.70,50,OK
2026-02-15T10:44:08.311Z,7,20.31,50,OK
2026-02-15T10:44:08.361Z,8,20.08,50,OK
2026-02-15T10:44:08.411Z,8,20.49,50,OK
2026-02-15T10:44:08.462Z,8,20.01,50,OK
2026-02-15T10:44:08.512Z,8,20.05,50,OK
2026-02-15T10:44:08.562Z,8,20.19,50,OK
2026-02-15T10:44:08.613Z,9,20.34,50,OK
2026-02-15T10:44:08.663Z,9,20.50,50,OK
2026-02-15T10:44:08.714Z,9,20.18,50,OK
2026-02-15T10:44:08.764Z,9,19.96,50,OK
2026-02-15T10:44:08.815Z,9,20.39,50,OK
2026-02-15T10:44:08.894Z,9,29.00,50,OK
2026-02-15T10:44:09.010Z,10,95.52,50,OK
2026-02-15T10:44:09.061Z,11,20.28,50,OK
2026-02-15T10:44:09.184Z,12,20.46,50,OK
2026-02-15T10:44:09.268Z,18,84.05,50,OK
2026-02-15T10:44:09.318Z,7,20.39,50,OK
2026-02-15T10:44:09.369Z,7,20.37,50,OK
2026-02-15T10:44:09.420Z,7,20.18,50,OK
2026-02-15T10:44:09.470Z,7,20.16,50,OK
2026-02-15T10:44:09.521Z,7,20.26,50,OK
2026-02-15T10:44:09.647Z,8,20.31,50,OK
2026-02-15T10:44:09.697Z,8,20.28,50,OK
2026-02-15T10:44:09.747Z,7,19.67,50,OK
2026-02-15T10:44:09.798Z,7,20.30,50,OK
2026-02-15T10:44:09.848Z,7,20.36,50,OK
2026-02-15T10:44:09.899Z,8,20.29,50,OK
2026-02-15T10:44:09.988Z,11,78.74,50,OK
2026-02-15T10:44:10.069Z,13,31.00,50,OK
2026-02-15T10:44:10.120Z,7,20.39,50,OK
2026-02-15T10:44:10.170Z,7,20.37,50,OK
2026-02-15T10:44:10.263Z,7,43.00,50,OK
2026-02-15T10:44:10.357Z,15,93.16,50,OK
2026-02-15T10:44:10.408Z,10,20.31,50,OK
2026-02-15T10:44:10.458Z,10,20.32,50,OK
2026-02-15T10:44:10.509Z,10,20.32,50,OK
2026-02-15T10:44:10.558Z,10,20.16,50,OK
2026-02-15T10:44:10.608Z,9,20.27,50,OK
2026-02-15T10:44:10.658Z,11,20.37,50,OK
2026-02-15T10:44:10.709Z,11,20.03,50,OK
2026-02-15T10:44:10.759Z,11,20.18,50,OK
2026-02-15T10:44:10.810Z,11,20.35,50,OK
2026-02-15T10:44:10.861Z,11,20.28,50,OK
2026-02-15T10:44:10.912Z,10,20.00,50,OK
2026-02-15T10:44:10.963Z,10,20.60,50,OK
2026-02-15T10:44:11.014Z,9,20.16,50,OK
2026-02-15T10:44:11.064Z,8,20.42,50,OK
2026-02-15T10:44:11.152Z,10,87.39,50,OK
2026-02-15T10:44:11.202Z,11,20.31,50,OK
2026-02-15T10:44:11.253Z,11,20.36,50,OK
2026-02-15T10:44:11.304Z,11,19.94,50,OK
2026-02-15T10:44:11.356Z,12,20.14,50,OK
2026-02-15T10:44:11.438Z,12,32.00,50,OK
2026-02-15T10:44:11.488Z,11,20.64,50,OK
2026-02-15T10:44:11.539Z,10,21.06,50,OK
2026-02-15T10:44:11.589Z,10,20.23,50,OK
2026-02-15T10:44:11.640Z,10,20.42,50,OK
2026-02-15T10:44:11.690Z,10,20.48,50,OK
2026-02-15T10:44:11.818Z,10,20.49,50,OK
2026-02-15T10:44:11.869Z,10,20.40,50,OK
2026-02-15T10:44:11.986Z,11,20.32,50,OK
2026-02-15T10:44:12.077Z,13,41.00,50,OK
2026-02-15T10:44:12.128Z,11,20.02,50,OK
2026-02-15T10:44:12.398Z,13,20.47,50,OK
2026-02-15T10:44:12.448Z,7,20.29,50,OK
2026-02-15T10:44:12.498Z,7,20.16,50,OK
2026-02-15T10:44:12.549Z,7,20.13,50,OK
2026-02-15T10:44:12.599Z,7,20.08,50,OK
2026-02-15T10:44:12.650Z,7,20.18,50,OK
2026-02-15T10:44:12.699Z,5,21.14,50,OK
2026-02-15T10:44:12.749Z,5,20.41,50,OK
2026-02-15T10:44:12.800Z,5,20.39,50,OK
2026-02-15T10:44:12.850Z,5,20.09,50,OK
2026-02-15T10:44:12.901Z,5,20.32,50,OK
2026-02-15T10:44:12.951Z,5,20.39,50,OK
2026-02-15T10:44:13.064Z,5,94.99,50,OK
2026-02-15T10:44:13.114Z,6,20.31,50,OK
2026-02-15T10:44:13.163Z,4,19.99,50,OK
2026-02-15T10:44:13.214Z,4,20.39,50,OK
2026-02-15T10:44:13.263Z,5,20.85,50,OK
2026-02-15T10:44:13.313Z,5,20.46,50,OK
2026-02-15T10:44:13.364Z,5,20.32,50,OK
2026-02-15T10:44:13.487Z,7,58.82,50,OK
2026-02-15T10:44:13.744Z,22,208.00,50,OK
2026-02-15T10:44:13.795Z,6,20.39,50,OK
2026-02-15T10:44:13.846Z,6,20.16,50,OK
2026-02-15T10:44:13.895Z,6,20.24,50,OK
2026-02-15T10:44:13.946Z,5,20.95,50,OK
2026-02-15T10:44:13.997Z,5,20.68,50,OK
2026-02-15T10:44:14.046Z,5,20.26,50,OK
2026-02-15T10:44:14.158Z,5,54.30,50,OK
2026-02-15T10:44:14.242Z,6,34.00,50,OK
2026-02-15T10:44:14.292Z,5,20.39,50,OK
2026-02-15T10:44:14.341Z,5,20.24,50,OK
2026-02-15T10:44:14.392Z,5,20.30,50,OK
2026-02-15T10:44:14.442Z,6,21.03,50,OK
2026-02-15T10:44:14.565Z,7,20.67,50,OK
2026-02-15T10:44:14.645Z,6,79.59,50,OK
2026-02-15T10:44:14.696Z,7,20.44,50,OK
2026-02-15T10:44:14.746Z,7,20.21,50,OK
2026-02-15T10:44:14.855Z,15,59.00,50,OK
2026-02-15T10:44:14.906Z,9,21.59,50,OK
2026-02-15T10:44:14.956Z,9,20.24,50,OK
2026-02-15T10:44:15.006Z,9,20.22,50,OK
2026-02-15T10:44:15.056Z,9,20.29,50,OK
2026-02-15T10:44:15.107Z,7,20.09,50,OK
2026-02-15T10:44:15.158Z,7,20.31,50,OK
2026-02-15T10:44:15.235Z,7,27.00,50,OK
2026-02-15T10:44:15.286Z,7,20.49,50,OK
2026-02-15T10:44:15.337Z,7,20.29,50,OK
2026-02-15T10:44:15.386Z,7,20.06,50,OK
2026-02-15T10:44:15.437Z,7,20.41,50,OK
2026-02-15T10:44:15.487Z,7,20.24,50,OK
2026-02-15T10:44:15.538Z,7,20.39,50,OK
2026-02-15T10:44:15.644Z,7,52.79,50,OK
2026-02-15T10:44:15.694Z,7,20.52,50,OK
2026-02-15T10:44:15.746Z,7,20.34,50,OK
2026-02-15T10:44:15.848Z,6,100.89,50,OK
2026-02-15T10:44:15.937Z,6,39.00,50,OK
2026-02-15T10:44:16.045Z,24,107.77,50,OK
2026-02-15T10:44:16.095Z,6,20.44,50,OK
2026-02-15T10:44:16.146Z,6,20.28,50,OK
2026-02-15T10:44:16.197Z,6,20.41,50,OK
2026-02-15T10:44:16.247Z,6,19.91,50,OK
2026-02-15T10:44:16.355Z,6,58.00,50,OK
2026-02-15T10:44:16.406Z,7,20.23,50,OK
2026-02-15T10:44:16.456Z,6,20.14,50,OK
2026-02-15T10:44:16.507Z,6,20.23,50,OK
2026-02-15T10:44:16.558Z,6,20.52,50,OK
2026-02-15T10:44:16.608Z,6,20.29,50,OK
2026-02-15T10:44:16.657Z,5,20.14,50,OK
2026-02-15T10:44:16.708Z,5,20.32,50,OK
2026-02-15T10:44:16.853Z,5,20.36,50,OK
2026-02-15T10:44:17.042Z,9,139.00,50,OK
2026-02-15T10:44:17.147Z,7,52.42,50,OK
2026-02-15T10:44:17.229Z,11,32.00,50,OK
2026-02-15T10:44:17.279Z,6,19.83,50,OK
2026-02-15T10:44:17.329Z,6,20.34,50,OK
2026-02-15T10:44:17.447Z,7,58.75,50,OK
2026-02-15T10:44:17.537Z,8,41.00,50,OK
2026-02-15T10:44:17.587Z,6,20.40,50,OK
2026-02-15T10:44:17.638Z,6,20.50,50,OK
2026-02-15T10:44:17.689Z,6,20.18,50,OK
2026-02-15T10:44:17.739Z,6,20.37,50,OK
2026-02-15T10:44:17.789Z,6,20.57,50,OK
2026-02-15T10:44:17.839Z,6,20.68,50,OK
2026-02-15T10:44:17.937Z,6,94.60,50,OK
2026-02-15T10:44:17.987Z,5,20.08,50,OK
2026-02-15T10:44:18.038Z,5,19.59,50,OK
2026-02-15T10:44:18.134Z,6,95.98,50,OK
2026-02-15T10:44:18.185Z,7,20.52,50,OK
2026-02-15T10:44:18.320Z,7,20.28,50,OK
2026-02-15T10:44:18.578Z,13,256.57,50,OK
2026-02-15T10:44:18.628Z,7,20.37,50,OK
2026-02-15T10:44:18.679Z,9,20.59,50,OK
2026-02-15T10:44:18.729Z,9,20.33,50,OK
2026-02-15T10:44:18.780Z,9,20.31,50,OK
2026-02-15T10:44:18.831Z,9,20.59,50,OK
2026-02-15T10:44:18.880Z,9,20.28,50,OK
2026-02-15T10:44:18.930Z,9,20.29,50,OK
2026-02-15T10:44:18.980Z,9,20.29,50,OK
2026-02-15T10:44:19.031Z,9,20.40,50,OK
2026-02-15T10:44:19.081Z,7,20.46,50,OK
2026-02-15T10:44:19.132Z,7,20.29,50,OK
2026-02-15T10:44:19.182Z,8,19.82,50,OK
2026-02-15T10:44:19.233Z,8,20.34,50,OK
2026-02-15T10:44:19.284Z,8,20.32,50,OK
2026-02-15T10:44:19.334Z,8,20.41,50,OK
2026-02-15T10:44:19.385Z,8,20.16,50,OK
2026-02-15T10:44:19.436Z,8,20.00,50,OK
2026-02-15T10:44:19.485Z,8,20.13,50,OK
2026-02-15T10:44:19.536Z,8,20.34,50,OK
2026-02-15T10:44:19.586Z,10,20.26,50,OK
2026-02-15T10:44:19.636Z,10,20.49,50,OK
2026-02-15T10:44:19.745Z,11,90.80,50,OK
2026-02-15T10:44:19.795Z,10,20.34,50,OK
2026-02-15T10:44:19.845Z,10,20.18,50,OK
2026-02-15T10:44:19.895Z,10,20.42,50,OK
2026-02-15T10:44:19.945Z,11,20.41,50,OK
2026-02-15T10:44:19.996Z,11,19.96,50,OK
2026-02-15T10:44:20.047Z,11,20.24,50,OK
2026-02-15T10:44:20.131Z,12,34.00,50,OK
2026-02-15T10:44:20.213Z,12,32.00,50,OK
2026-02-15T10:44:20.302Z,23,89.03,50,OK
2026-02-15T10:44:20.405Z,10,82.80,50,OK
2026-02-15T10:44:20.456Z,9,20.19,50,OK
2026-02-15T10:44:20.506Z,9,20.32,50,OK
2026-02-15T10:44:20.557Z,9,20.64,50,OK
2026-02-15T10:44:20.674Z,13,20.34,50,OK
2026-02-15T10:44:20.725Z,9,20.01,50,OK
2026-02-15T10:44:20.775Z,10,20.72,50,OK
2026-02-15T10:44:20.826Z,10,20.46,50,OK
2026-02-15T10:44:20.876Z,10,20.41,50,OK
2026-02-15T10:44:20.927Z,10,20.37,50,OK
2026-02-15T10:44:20.977Z,10,19.97,50,OK
2026-02-15T10:44:21.028Z,10,19.65,50,OK
2026-02-15T10:44:21.140Z,9,19.80,50,OK
2026-02-15T10:44:21.189Z,8,20.07,50,OK
2026-02-15T10:44:21.240Z,9,20.00,50,OK
2026-02-15T10:44:21.291Z,9,20.67,50,OK
2026-02-15T10:44:21.382Z,9,80.58,50,OK
2026-02-15T10:44:21.555Z,20,123.00,50,OK
2026-02-15T10:44:21.646Z,14,41.00,50,OK
2026-02-15T10:44:21.730Z,14,34.00,50,OK
2026-02-15T10:44:21.813Z,14,83.46,50,OK
2026-02-15T10:44:21.864Z,10,20.24,50,OK
2026-02-15T10:44:21.914Z,10,20.36,50,OK
2026-02-15T10:44:21.965Z,9,19.93,50,OK
2026-02-15T10:44:22.014Z,9,20.14,50,OK
2026-02-15T10:44:22.136Z,10,20.28,50,OK
2026-02-15T10:44:22.186Z,10,20.68,50,OK
2026-02-15T10:44:22.300Z,10,19.62,50,OK
2026-02-15T10:44:22.351Z,10,20.67,50,OK
2026-02-15T10:44:22.462Z,10,20.36,50,OK
2026-02-15T10:44:22.549Z,10,86.67,50,OK
2026-02-15T10:44:22.633Z,10,34.00,50,OK
2026-02-15T10:44:22.730Z,9,96.57,50,OK
2026-02-15T10:44:22.823Z,15,43.00,50,OK
2026-02-15T10:44:22.949Z,21,128.42,50,OK
2026-02-15T10:44:22.998Z,11,20.23,50,OK
2026-02-15T10:44:23.049Z,11,20.34,50,OK
2026-02-15T10:44:23.100Z,11,20.40,50,OK
2026-02-15T10:44:23.240Z,10,20.32,50,OK
2026-02-15T10:44:23.291Z,11,20.26,50,OK
2026-02-15T10:44:23.341Z,12,20.28,50,OK
2026-02-15T10:44:23.392Z,12,20.28,50,OK
2026-02-15T10:44:23.443Z,12,20.49,50,OK
2026-02-15T10:44:23.494Z,11,20.44,50,OK
2026-02-15T10:44:23.544Z,11,20.50,50,OK
2026-02-15T10:44:23.596Z,11,20.06,50,OK
2026-02-15T10:44:23.711Z,11,20.52,50,OK
2026-02-15T10:44:23.795Z,18,34.00,50,OK
2026-02-15T10:44:23.946Z,10,75.26,50,OK
2026-02-15T10:44:24.034Z,12,39.00,50,OK
2026-02-15T10:44:24.127Z,18,43.00,50,OK
2026-02-15T10:44:24.243Z,10,115.70,50,OK
2026-02-15T10:44:24.379Z,12,87.00,50,OK
2026-02-15T10:44:24.429Z,9,20.39,50,OK
2026-02-15T10:44:24.479Z,10,20.23,50,OK
2026-02-15T10:44:24.529Z,10,20.59,50,OK
2026-02-15T10:44:24.579Z,10,20.21,50,OK
2026-02-15T10:44:24.629Z,10,20.38,50,OK
2026-02-15T10:44:24.680Z,9,20.31,50,OK
2026-02-15T10:44:24.730Z,9,20.03,50,OK
2026-02-15T10:44:24.781Z,8,20.46,50,OK
2026-02-15T10:44:24.832Z,8,22.25,50,OK
2026-02-15T10:44:24.882Z,8,20.39,50,OK
2026-02-15T10:44:24.933Z,8,20.46,50,OK
2026-02-15T10:44:24.983Z,7,20.24,50,OK
2026-02-15T10:44:25.033Z,7,20.62,50,OK
2026-02-15T10:44:25.114Z,9,80.71,50,OK
2026-02-15T10:44:25.211Z,10,47.00,50,OK
2026-02-15T10:44:25.261Z,8,20.42,50,OK
2026-02-15T10:44:25.311Z,7,20.16,50,OK
2026-02-15T10:44:25.361Z,7,20.31,50,OK
2026-02-15T10:44:25.412Z,7,20.16,50,OK
2026-02-15T10:44:25.462Z,7,20.59,50,OK
2026-02-15T10:44:25.513Z,7,20.23,50,OK
2026-02-15T10:44:25.563Z,8,20.35,50,OK
2026-02-15T10:44:25.614Z,7,20.31,50,OK
2026-02-15T10:44:25.664Z,7,20.28,50,OK
2026-02-15T10:44:25.715Z,7,20.39,50,OK
2026-02-15T10:44:25.765Z,6,19.81,50,OK
2026-02-15T10:44:25.887Z,8,20.37,50,OK
2026-02-15T10:44:25.966Z,11,78.41,50,OK
2026-02-15T10:44:26.136Z,10,120.00,50,OK
2026-02-15T10:44:26.186Z,6,20.37,50,OK
2026-02-15T10:44:26.236Z,7,20.44,50,OK
2026-02-15T10:44:26.286Z,8,20.55,50,OK
2026-02-15T10:44:26.337Z,8,20.75,50,OK
2026-02-15T10:44:26.387Z,9,20.28,50,OK
2026-02-15T10:44:26.438Z,10,20.46,50,OK
2026-02-15T10:44:26.489Z,9,20.35,50,OK
2026-02-15T10:44:26.541Z,9,20.29,50,OK
2026-02-15T10:44:26.591Z,9,20.73,50,OK
2026-02-15T10:44:26.641Z,9,20.41,50,OK
2026-02-15T10:44:26.693Z,9,20.21,50,OK
2026-02-15T10:44:26.743Z,10,20.64,50,OK
2026-02-15T10:44:26.794Z,10,20.31,50,OK
2026-02-15T10:44:26.844Z,9,20.00,50,OK
2026-02-15T10:44:26.894Z,9,20.40,50,OK
2026-02-15T10:44:26.944Z,9,20.14,50,OK
2026-02-15T10:44:27.054Z,11,52.97,50,OK
2026-02-15T10:44:27.142Z,13,38.00,50,OK
2026-02-15T10:44:27.234Z,15,42.00,50,OK
2026-02-15T10:44:27.285Z,10,20.32,50,OK
2026-02-15T10:44:27.335Z,10,19.96,50,OK
2026-02-15T10:44:27.387Z,10,20.34,50,OK
2026-02-15T10:44:27.479Z,11,43.00,50,OK
2026-02-15T10:44:27.529Z,11,20.18,50,OK
2026-02-15T10:44:27.578Z,11,20.26,50,OK
2026-02-15T10:44:27.629Z,11,20.24,50,OK
2026-02-15T10:44:27.679Z,11,20.78,50,OK
2026-02-15T10:44:27.729Z,11,20.35,50,OK
2026-02-15T10:44:27.779Z,11,20.31,50,OK
2026-02-15T10:44:27.830Z,12,20.38,50,OK
2026-02-15T10:44:27.880Z,12,20.16,50,OK
2026-02-15T10:44:27.930Z,12,20.12,50,OK
2026-02-15T10:44:27.980Z,12,20.37,50,OK
2026-02-15T10:44:28.031Z,12,19.99,50,OK
2026-02-15T10:44:28.081Z,12,19.70,50,OK
2026-02-15T10:44:28.131Z,12,20.30,50,OK
2026-02-15T10:44:28.227Z,12,46.00,50,OK
2026-02-15T10:44:28.278Z,12,20.06,50,OK
2026-02-15T10:44:28.329Z,12,20.16,50,OK
2026-02-15T10:44:28.379Z,12,20.23,50,OK
2026-02-15T10:44:28.430Z,10,20.18,50,OK
2026-02-15T10:44:28.480Z,10,20.50,50,OK
2026-02-15T10:44:28.530Z,10,20.29,50,OK
2026-02-15T10:44:28.580Z,10,20.23,50,OK
2026-02-15T10:44:28.630Z,10,20.23,50,OK
2026-02-15T10:44:28.736Z,10,50.97,50,OK
2026-02-15T10:44:28.786Z,9,20.28,50,OK
2026-02-15T10:44:28.836Z,10,20.21,50,OK
2026-02-15T10:44:28.886Z,10,20.42,50,OK
2026-02-15T10:44:28.938Z,10,20.06,50,OK
2026-02-15T10:44:28.988Z,10,20.21,50,OK
2026-02-15T10:44:29.038Z,10,20.36,50,OK
2026-02-15T10:44:29.088Z,10,20.10,50,OK
2026-02-15T10:44:29.138Z,10,20.39,50,OK
2026-02-15T10:44:29.187Z,8,20.17,50,OK
2026-02-15T10:44:29.318Z,10,20.16,50,OK
2026-02-15T10:44:29.555Z,23,236.13,50,OK
2026-02-15T10:44:29.606Z,8,20.26,50,OK
2026-02-15T10:44:29.657Z,8,20.48,50,OK
2026-02-15T10:44:29.708Z,8,20.36,50,OK
2026-02-15T10:44:29.759Z,8,21.34,50,OK
2026-02-15T10:44:29.809Z,8,20.36,50,OK
2026-02-15T10:44:29.860Z,7,19.99,50,OK
2026-02-15T10:44:29.982Z,8,20.36,50,OK
2026-02-15T10:44:30.032Z,7,20.12,50,OK
2026-02-15T10:44:30.084Z,7,20.11,50,OK
2026-02-15T10:44:30.134Z,7,20.32,50,OK
2026-02-15T10:44:30.184Z,6,20.52,50,OK
2026-02-15T10:44:30.235Z,5,20.70,50,OK
2026-02-15T10:44:30.286Z,4,20.23,50,OK
2026-02-15T10:44:30.338Z,4,21.63,50,OK
2026-02-15T10:44:30.388Z,4,20.37,50,OK
2026-02-15T10:44:30.438Z,4,20.19,50,OK
2026-02-15T10:44:30.488Z,4,20.24,50,OK
2026-02-15T10:44:30.538Z,4,20.35,50,OK
2026-02-15T10:44:30.654Z,5,20.77,50,OK
2026-02-15T10:44:30.704Z,6,19.99,50,OK
2026-02-15T10:44:30.755Z,7,20.12,50,OK
2026-02-15T10:44:30.806Z,7,20.36,50,OK
2026-02-15T10:44:30.855Z,6,20.46,50,OK
2026-02-15T10:44:30.906Z,6,20.26,50,OK
2026-02-15T10:44:30.958Z,6,20.68,50,OK
2026-02-15T10:44:31.008Z,6,19.49,50,OK
2026-02-15T10:44:31.058Z,6,20.21,50,OK
2026-02-15T10:44:31.108Z,5,20.37,50,OK
2026-02-15T10:44:31.157Z,6,20.41,50,OK
2026-02-15T10:44:31.233Z,7,26.00,50,OK
2026-02-15T10:44:31.312Z,6,29.00,50,OK
2026-02-15T10:44:31.410Z,7,48.00,50,OK
2026-02-15T10:44:31.460Z,6,20.77,50,OK
2026-02-15T10:44:31.511Z,6,19.31,50,OK
2026-02-15T10:44:31.561Z,6,19.91,50,OK
2026-02-15T10:44:31.611Z,5,20.39,50,OK
2026-02-15T10:44:31.661Z,5,20.05,50,OK
2026-02-15T10:44:31.840Z,7,169.28,50,OK
2026-02-15T10:44:31.922Z,15,32.00,50,OK
2026-02-15T10:44:31.972Z,7,20.39,50,OK
2026-02-15T10:44:32.023Z,7,20.67,50,OK
2026-02-15T10:44:32.074Z,7,20.21,50,OK
2026-02-15T10:44:32.124Z,7,20.50,50,OK
2026-02-15T10:44:32.174Z,7,20.31,50,OK
2026-02-15T10:44:32.225Z,7,20.36,50,OK
2026-02-15T10:44:32.275Z,7,20.37,50,OK
2026-02-15T10:44:32.325Z,7,20.52,50,OK
2026-02-15T10:44:32.376Z,7,20.03,50,OK
2026-02-15T10:44:32.426Z,7,20.41,50,OK
2026-02-15T10:44:32.477Z,7,20.23,50,OK
2026-02-15T10:44:32.527Z,7,20.41,50,OK
2026-02-15T10:44:32.577Z,8,20.38,50,OK
2026-02-15T10:44:32.627Z,9,20.26,50,OK
2026-02-15T10:44:32.677Z,8,20.69,50,OK
2026-02-15T10:44:32.728Z,8,20.34,50,OK
2026-02-15T10:44:32.778Z,8,20.56,50,OK
2026-02-15T10:44:32.828Z,8,20.21,50,OK
2026-02-15T10:44:32.917Z,8,39.00,50,OK
2026-02-15T10:44:33.001Z,9,83.66,50,OK
2026-02-15T10:44:33.178Z,15,127.00,50,OK
2026-02-15T10:44:33.229Z,10,19.98,50,OK
2026-02-15T10:44:33.279Z,10,19.67,50,OK
2026-02-15T10:44:33.329Z,10,19.80,50,OK
2026-02-15T10:44:33.379Z,10,20.34,50,OK
2026-02-15T10:44:33.503Z,12,20.38,50,OK
2026-02-15T10:44:33.553Z,11,19.91,50,OK
2026-02-15T10:44:33.602Z,10,22.39,50,OK
2026-02-15T10:44:33.653Z,10,20.20,50,OK
2026-02-15T10:44:33.753Z,11,86.28,50,OK
2026-02-15T10:44:33.803Z,10,20.46,50,OK
2026-02-15T10:44:33.854Z,8,20.16,50,OK
2026-02-15T10:44:33.905Z,8,20.36,50,OK
2026-02-15T10:44:33.954Z,8,20.34,50,OK
2026-02-15T10:44:34.005Z,9,20.44,50,OK
2026-02-15T10:44:34.055Z,8,20.34,50,OK
2026-02-15T10:44:34.106Z,8,20.27,50,OK
2026-02-15T10:44:34.156Z,8,19.97,50,OK
2026-02-15T10:44:34.206Z,9,21.01,50,OK
2026-02-15T10:44:34.256Z,9,20.23,50,OK
2026-02-15T10:44:34.306Z,9,20.43,50,OK
2026-02-15T10:44:34.356Z,10,19.77,50,OK
2026-02-15T10:44:34.406Z,10,20.28,50,OK
2026-02-15T10:44:34.456Z,10,20.42,50,OK
2026-02-15T10:44:34.507Z,12,20.39,50,OK
2026-02-15T10:44:34.558Z,10,20.37,50,OK
2026-02-15T10:44:34.609Z,9,20.09,50,OK
2026-02-15T10:44:34.660Z,9,20.23,50,OK
2026-02-15T10:44:34.759Z,8,97.48,50,OK
2026-02-15T10:44:34.896Z,8,116.62,50,OK
2026-02-15T10:44:34.947Z,8,19.91,50,OK
2026-02-15T10:44:34.997Z,8,20.13,50,OK
2026-02-15T10:44:35.047Z,7,20.22,50,OK
2026-02-15T10:44:35.097Z,7,20.16,50,OK
2026-02-15T10:44:35.147Z,7,20.51,50,OK
2026-02-15T10:44:35.198Z,9,19.95,50,OK
2026-02-15T10:44:35.278Z,10,30.00,50,OK
2026-02-15T10:44:35.328Z,6,20.31,50,OK
2026-02-15T10:44:35.379Z,7,20.24,50,OK
2026-02-15T10:44:35.430Z,7,19.55,50,OK
2026-02-15T10:44:35.480Z,7,20.41,50,OK
2026-02-15T10:44:35.592Z,8,92.77,50,OK
2026-02-15T10:44:35.642Z,7,20.24,50,OK
2026-02-15T10:44:35.692Z,7,20.75,50,OK
2026-02-15T10:44:35.743Z,7,20.51,50,OK
2026-02-15T10:44:35.793Z,11,20.49,50,OK
2026-02-15T10:44:35.843Z,8,19.87,50,OK
2026-02-15T10:44:35.893Z,8,20.50,50,OK
2026-02-15T10:44:35.943Z,9,20.81,50,OK
2026-02-15T10:44:35.994Z,9,20.23,50,OK
2026-02-15T10:44:36.044Z,9,20.09,50,OK
2026-02-15T10:44:36.094Z,9,20.31,50,OK
2026-02-15T10:44:36.144Z,9,20.73,50,OK
2026-02-15T10:44:36.194Z,8,20.59,50,OK
2026-02-15T10:44:36.271Z,8,27.00,50,OK
2026-02-15T10:44:36.426Z,11,105.00,50,OK
2026-02-15T10:44:36.477Z,8,20.37,50,OK
2026-02-15T10:44:36.527Z,8,20.18,50,OK
2026-02-15T10:44:36.577Z,7,20.45,50,OK
2026-02-15T10:44:36.628Z,9,19.70,50,OK
2026-02-15T10:44:36.678Z,9,20.32,50,OK
2026-02-15T10:44:36.728Z,9,20.54,50,OK
2026-02-15T10:44:36.778Z,9,20.41,50,OK
2026-02-15T10:44:36.915Z,11,124.16,50,OK
2026-02-15T10:44:36.965Z,8,20.96,50,OK
2026-02-15T10:44:37.014Z,8,20.32,50,OK
2026-02-15T10:44:37.065Z,8,20.25,50,OK
2026-02-15T10:44:37.115Z,8,20.50,50,OK
2026-02-15T10:44:37.165Z,8,20.58,50,OK
2026-02-15T10:44:37.216Z,7,20.72,50,OK
2026-02-15T10:44:37.266Z,7,20.46,50,OK
2026-02-15T10:44:37.316Z,7,20.39,50,OK
2026-02-15T10:44:37.366Z,6,20.46,50,OK
2026-02-15T10:44:37.416Z,6,20.13,50,OK
2026-02-15T10:44:37.506Z,6,79.53,50,OK
2026-02-15T10:44:37.592Z,16,36.00,50,OK
2026-02-15T10:44:37.681Z,6,88.97,50,OK
2026-02-15T10:44:37.928Z,11,197.00,50,OK
2026-02-15T10:44:38.094Z,12,164.82,50,OK
2026-02-15T10:44:38.180Z,11,36.00,50,OK
2026-02-15T10:44:38.269Z,7,39.00,50,OK
2026-02-15T10:44:38.356Z,7,87.46,50,OK
2026-02-15T10:44:38.407Z,7,20.32,50,OK
2026-02-15T10:44:38.457Z,6,19.78,50,OK
2026-02-15T10:44:38.507Z,6,20.51,50,OK
2026-02-15T10:44:38.557Z,6,20.28,50,OK
2026-02-15T10:44:38.676Z,9,57.74,50,OK
2026-02-15T10:44:38.726Z,6,20.21,50,OK
2026-02-15T10:44:38.776Z,6,20.36,50,OK
2026-02-15T10:44:38.826Z,6,20.49,50,OK
2026-02-15T10:44:38.876Z,6,20.78,50,OK
2026-02-15T10:44:38.926Z,6,20.28,50,OK
2026-02-15T10:44:38.977Z,7,20.31,50,OK
2026-02-15T10:44:39.027Z,7,20.05,50,OK
2026-02-15T10:44:39.078Z,7,20.37,50,OK
2026-02-15T10:44:39.178Z,7,95.32,50,OK
2026-02-15T10:44:39.264Z,10,36.00,50,OK
2026-02-15T10:44:39.315Z,8,20.29,50,OK
2026-02-15T10:44:39.366Z,8,20.60,50,OK
2026-02-15T10:44:39.416Z,8,20.15,50,OK
2026-02-15T10:44:39.466Z,8,19.82,50,OK
2026-02-15T10:44:39.517Z,8,20.32,50,OK
2026-02-15T10:44:39.567Z,7,20.27,50,OK
2026-02-15T10:44:39.618Z,7,20.47,50,OK
2026-02-15T10:44:39.668Z,7,20.26,50,OK
2026-02-15T10:44:39.771Z,12,50.39,50,OK
2026-02-15T10:44:39.821Z,7,20.24,50,OK
2026-02-15T10:44:39.872Z,7,20.19,50,OK
2026-02-15T10:44:39.922Z,7,19.96,50,OK
2026-02-15T10:44:40.015Z,8,83.26,50,OK
2026-02-15T10:44:40.066Z,6,20.44,50,OK
2026-02-15T10:44:40.116Z,6,20.39,50,OK
2026-02-15T10:44:40.167Z,6,20.41,50,OK
2026-02-15T10:44:40.260Z,6,81.04,50,OK
2026-02-15T10:44:40.347Z,7,37.00,50,OK
2026-02-15T10:44:40.397Z,8,20.82,50,OK
2026-02-15T10:44:40.447Z,8,20.32,50,OK
2026-02-15T10:44:40.497Z,8,20.38,50,OK
2026-02-15T10:44:40.548Z,8,20.50,50,OK
2026-02-15T10:44:40.598Z,8,20.28,50,OK
2026-02-15T10:44:40.649Z,8,19.73,50,OK
2026-02-15T10:44:40.762Z,7,56.35,50,OK
2026-02-15T10:44:40.850Z,7,38.00,50,OK
2026-02-15T10:44:40.933Z,12,33.00,50,OK
2026-02-15T10:44:40.983Z,7,20.38,50,OK
2026-02-15T10:44:41.033Z,7,20.87,50,OK
2026-02-15T10:44:41.084Z,7,20.31,50,OK
2026-02-15T10:44:41.134Z,7,20.39,50,OK
2026-02-15T10:44:41.184Z,7,20.32,50,OK
2026-02-15T10:44:41.235Z,7,20.32,50,OK
2026-02-15T10:44:41.336Z,7,20.28,50,OK
2026-02-15T10:44:41.430Z,11,93.55,50,OK
2026-02-15T10:44:41.481Z,10,19.39,50,OK
2026-02-15T10:44:41.531Z,10,20.46,50,OK
2026-02-15T10:44:41.581Z,10,19.77,50,OK
2026-02-15T10:44:41.632Z,10,20.29,50,OK
2026-02-15T10:44:41.683Z,9,20.32,50,OK
2026-02-15T10:44:41.733Z,8,20.42,50,OK
2026-02-15T10:44:41.927Z,9,95.88,50,OK
2026-02-15T10:44:42.012Z,9,35.00,50,OK
2026-02-15T10:44:42.092Z,16,30.00,50,OK
2026-02-15T10:44:42.142Z,11,20.50,50,OK
2026-02-15T10:44:42.192Z,11,20.28,50,OK
2026-02-15T10:44:42.243Z,11,20.60,50,OK
2026-02-15T10:44:42.293Z,11,19.26,50,OK
2026-02-15T10:44:42.344Z,11,20.57,50,OK
2026-02-15T10:44:42.498Z,13,105.00,50,OK
2026-02-15T10:44:42.583Z,18,84.25,50,OK
2026-02-15T10:44:42.666Z,10,33.00,50,OK
2026-02-15T10:44:42.775Z,9,109.22,50,OK
2026-02-15T10:44:42.856Z,16,31.00,50,OK
2026-02-15T10:44:42.907Z,8,20.31,50,OK
2026-02-15T10:44:43.018Z,9,61.00,50,OK
2026-02-15T10:44:43.069Z,7,20.73,50,OK
2026-02-15T10:44:43.175Z,9,94.93,50,OK
2026-02-15T10:44:43.225Z,8,20.26,50,OK
2026-02-15T10:44:43.275Z,8,20.23,50,OK
2026-02-15T10:44:43.326Z,8,20.67,50,OK
2026-02-15T10:44:43.377Z,5,20.44,50,OK
2026-02-15T10:44:43.428Z,5,20.41,50,OK
2026-02-15T10:44:43.478Z,5,20.62,50,OK
2026-02-15T10:44:43.578Z,5,97.75,50,OK
2026-02-15T10:44:43.662Z,7,34.00,50,OK
2026-02-15T10:44:43.712Z,8,20.16,50,OK
2026-02-15T10:44:43.762Z,8,20.77,50,OK
2026-02-15T10:44:43.813Z,8,20.78,50,OK
2026-02-15T10:44:43.941Z,10,19.26,50,OK
2026-02-15T10:44:44.022Z,14,81.56,50,OK
2026-02-15T10:44:44.072Z,11,20.19,50,OK
2026-02-15T10:44:44.123Z,8,19.78,50,OK
2026-02-15T10:44:44.174Z,8,19.96,50,OK
2026-02-15T10:44:44.261Z,11,37.00,50,OK
2026-02-15T10:44:44.311Z,9,20.32,50,OK
2026-02-15T10:44:44.361Z,9,20.23,50,OK
2026-02-15T10:44:44.411Z,9,20.62,50,OK
2026-02-15T10:44:44.461Z,9,20.39,50,OK
2026-02-15T10:44:44.511Z,9,20.31,50,OK
2026-02-15T10:44:44.561Z,9,20.28,50,OK
2026-02-15T10:44:44.611Z,9,20.11,50,OK
2026-02-15T10:44:44.661Z,9,20.46,50,OK
2026-02-15T10:44:44.746Z,12,78.41,50,OK
2026-02-15T10:44:44.831Z,12,35.00,50,OK
2026-02-15T10:44:44.881Z,10,20.57,50,OK
2026-02-15T10:44:44.931Z,10,20.36,50,OK
2026-02-15T10:44:44.981Z,10,20.37,50,OK
2026-02-15T10:44:45.032Z,15,20.72,50,OK
2026-02-15T10:44:45.083Z,10,20.17,50,OK
2026-02-15T10:44:45.174Z,11,75.79,50,OK
2026-02-15T10:44:45.257Z,9,33.00,50,OK
2026-02-15T10:44:45.341Z,12,34.00,50,OK
2026-02-15T10:44:45.437Z,9,96.17,50,OK
2026-02-15T10:44:45.487Z,9,20.34,50,OK
2026-02-15T10:44:45.537Z,9,20.37,50,OK
2026-02-15T10:44:45.589Z,10,20.19,50,OK
2026-02-15T10:44:45.639Z,8,20.18,50,OK
2026-02-15T10:44:45.746Z,7,53.63,50,OK
2026-02-15T10:44:45.797Z,6,20.19,50,OK
2026-02-15T10:44:45.847Z,6,20.37,50,OK
2026-02-15T10:44:45.898Z,6,20.40,50,OK
2026-02-15T10:44:46.027Z,4,59.19,50,OK
2026-02-15T10:44:46.120Z,3,43.00,50,OK
2026-02-15T10:44:46.171Z,4,20.24,50,OK
2026-02-15T10:44:46.221Z,3,19.69,50,OK
2026-02-15T10:44:46.270Z,4,19.95,50,OK
2026-02-15T10:44:46.321Z,4,20.28,50,OK
2026-02-15T10:44:46.372Z,5,20.54,50,OK
2026-02-15T10:44:46.422Z,5,20.47,50,OK
2026-02-15T10:44:46.472Z,6,20.50,50,OK
2026-02-15T10:44:46.522Z,6,20.37,50,OK
2026-02-15T10:44:46.573Z,6,20.30,50,OK
2026-02-15T10:44:46.624Z,6,21.06,50,OK
2026-02-15T10:44:46.674Z,6,20.14,50,OK
2026-02-15T10:44:46.724Z,6,20.34,50,OK
2026-02-15T10:44:46.774Z,5,20.04,50,OK
2026-02-15T10:44:46.825Z,5,20.28,50,OK
2026-02-15T10:44:46.876Z,5,20.32,50,OK
2026-02-15T10:44:46.925Z,5,20.13,50,OK
2026-02-15T10:44:46.976Z,6,20.24,50,OK
2026-02-15T10:44:47.026Z,6,19.72,50,OK
2026-02-15T10:44:47.125Z,6,49.00,50,OK
2026-02-15T10:44:47.214Z,10,39.00,50,OK
2026-02-15T10:44:47.265Z,6,20.57,50,OK
2026-02-15T10:44:47.315Z,6,20.26,50,OK
2026-02-15T10:44:47.434Z,8,20.00,50,OK
2026-02-15T10:44:47.484Z,7,19.92,50,OK
2026-02-15T10:44:47.535Z,7,20.67,50,OK
2026-02-15T10:44:47.586Z,7,20.36,50,OK
2026-02-15T10:44:47.636Z,7,19.62,50,OK
2026-02-15T10:44:47.686Z,7,20.77,50,OK
2026-02-15T10:44:47.737Z,7,20.26,50,OK
2026-02-15T10:44:47.787Z,8,20.48,50,OK
2026-02-15T10:44:47.837Z,8,20.42,50,OK
2026-02-15T10:44:47.887Z,8,20.15,50,OK
2026-02-15T10:44:47.938Z,8,20.21,50,OK
2026-02-15T10:44:47.988Z,8,20.32,50,OK
2026-02-15T10:44:48.038Z,8,20.36,50,OK
2026-02-15T10:44:48.088Z,8,20.43,50,OK
2026-02-15T10:44:48.138Z,7,20.73,50,OK
2026-02-15T10:44:48.189Z,7,20.22,50,OK
2026-02-15T10:44:48.375Z,8,171.64,50,OK
2026-02-15T10:44:48.537Z,18,112.00,50,OK
2026-02-15T10:44:48.588Z,6,20.08,50,OK
2026-02-15T10:44:48.638Z,7,19.28,50,OK
2026-02-15T10:44:48.688Z,7,20.25,50,OK
2026-02-15T10:44:48.740Z,7,20.12,50,OK
2026-02-15T10:44:48.790Z,7,19.95,50,OK
2026-02-15T10:44:48.839Z,7,20.29,50,OK
2026-02-15T10:44:48.890Z,7,20.11,50,OK
2026-02-15T10:44:48.941Z,7,20.19,50,OK
2026-02-15T10:44:48.991Z,6,20.31,50,OK
2026-02-15T10:44:49.043Z,6,20.36,50,OK
2026-02-15T10:44:49.094Z,6,20.12,50,OK
2026-02-15T10:44:49.215Z,7,20.41,50,OK
2026-02-15T10:44:49.265Z,5,19.91,50,OK
2026-02-15T10:44:49.315Z,5,20.31,50,OK
2026-02-15T10:44:49.366Z,4,19.97,50,OK
2026-02-15T10:44:49.417Z,4,20.59,50,OK
2026-02-15T10:44:49.534Z,4,20.23,50,OK
2026-02-15T10:44:49.617Z,4,83.07,50,OK
2026-02-15T10:44:49.722Z,20,55.00,50,OK
2026-02-15T10:44:49.814Z,9,91.19,50,OK
2026-02-15T10:44:49.896Z,12,32.00,50,OK
2026-02-15T10:44:49.947Z,9,20.67,50,OK
2026-02-15T10:44:49.997Z,9,20.09,50,OK
2026-02-15T10:44:50.048Z,9,19.94,50,OK
2026-02-15T10:44:50.098Z,9,20.28,50,OK
2026-02-15T10:44:50.149Z,9,20.54,50,OK
2026-02-15T10:44:50.199Z,9,20.11,50,OK
2026-02-15T10:44:50.300Z,9,98.07,50,OK
2026-02-15T10:44:50.351Z,9,20.18,50,OK
2026-02-15T10:44:50.429Z,9,28.00,50,OK
2026-02-15T10:44:50.509Z,9,30.00,50,OK
2026-02-15T10:44:50.560Z,7,19.70,50,OK
2026-02-15T10:44:50.609Z,7,20.32,50,OK
2026-02-15T10:44:50.660Z,6,19.98,50,OK
2026-02-15T10:44:50.711Z,6,20.39,50,OK
2026-02-15T10:44:50.761Z,6,20.67,50,OK
2026-02-15T10:44:50.811Z,6,19.54,50,OK
2026-02-15T10:44:50.892Z,6,31.00,50,OK
2026-02-15T10:44:50.984Z,8,91.52,50,OK
2026-02-15T10:44:51.036Z,9,20.47,50,OK
2026-02-15T10:44:51.086Z,9,20.41,50,OK
2026-02-15T10:44:51.136Z,9,20.13,50,OK
2026-02-15T10:44:51.186Z,9,20.90,50,OK
2026-02-15T10:44:51.236Z,9,20.52,50,OK
2026-02-15T10:44:51.286Z,9,20.34,50,OK
2026-02-15T10:44:51.336Z,10,20.21,50,OK
2026-02-15T10:44:51.386Z,10,20.37,50,OK
2026-02-15T10:44:51.436Z,10,20.05,50,OK
2026-02-15T10:44:51.487Z,10,20.50,50,OK
2026-02-15T10:44:51.538Z,12,20.21,50,OK
2026-02-15T10:44:51.588Z,13,20.47,50,OK
2026-02-15T10:44:51.637Z,11,20.54,50,OK
2026-02-15T10:44:51.688Z,11,20.47,50,OK
2026-02-15T10:44:51.807Z,11,20.31,50,OK
2026-02-15T10:44:51.857Z,11,20.24,50,OK
2026-02-15T10:44:51.976Z,13,20.36,50,OK
2026-02-15T10:44:52.070Z,12,93.62,50,OK
2026-02-15T10:44:52.120Z,10,20.31,50,OK
2026-02-15T10:44:52.235Z,11,20.23,50,OK
2026-02-15T10:44:52.286Z,10,20.19,50,OK
2026-02-15T10:44:52.389Z,10,92.77,50,OK
2026-02-15T10:44:52.439Z,11,20.32,50,OK
2026-02-15T10:44:52.489Z,11,20.36,50,OK
2026-02-15T10:44:52.539Z,11,20.16,50,OK
2026-02-15T10:44:52.589Z,11,20.16,50,OK
2026-02-15T10:44:52.709Z,11,58.24,50,OK
2026-02-15T10:44:52.759Z,11,20.31,50,OK
2026-02-15T10:44:52.809Z,11,20.46,50,OK
2026-02-15T10:44:52.899Z,12,90.67,50,OK
2026-02-15T10:44:52.986Z,10,37.00,50,OK
2026-02-15T10:44:53.145Z,16,109.00,50,OK
2026-02-15T10:44:53.239Z,16,93.42,50,OK
2026-02-15T10:44:53.289Z,10,20.34,50,OK
2026-02-15T10:44:53.339Z,9,20.14,50,OK
2026-02-15T10:44:53.390Z,10,20.39,50,OK
2026-02-15T10:44:53.441Z,9,20.47,50,OK
2026-02-15T10:44:53.491Z,9,20.23,50,OK
2026-02-15T10:44:53.570Z,9,29.00,50,OK
2026-02-15T10:44:53.621Z,5,20.36,50,OK
2026-02-15T10:44:53.671Z,5,20.16,50,OK
2026-02-15T10:44:53.721Z,6,20.11,50,OK
2026-02-15T10:44:53.771Z,6,20.34,50,OK
2026-02-15T10:44:53.897Z,7,20.66,50,OK
2026-02-15T10:44:53.948Z,9,20.18,50,OK
2026-02-15T10:44:53.998Z,8,20.23,50,OK
2026-02-15T10:44:54.048Z,8,20.21,50,OK
2026-02-15T10:44:54.098Z,9,20.88,50,OK
2026-02-15T10:44:54.151Z,11,20.59,50,OK
2026-02-15T10:44:54.302Z,14,102.00,50,OK
2026-02-15T10:44:54.387Z,20,35.00,50,OK
2026-02-15T10:44:54.437Z,12,20.21,50,OK
2026-02-15T10:44:54.487Z,12,19.73,50,OK
2026-02-15T10:44:54.537Z,12,20.28,50,OK
2026-02-15T10:44:54.656Z,16,20.41,50,OK
2026-02-15T10:44:54.818Z,15,162.20,50,OK
2026-02-15T10:44:54.867Z,14,0.00,50,OK
2026-02-15T10:44:54.918Z,15,20.72,50,OK
2026-02-15T10:44:54.970Z,15,20.46,50,OK
2026-02-15T10:44:55.071Z,14,51.00,50,OK
2026-02-15T10:44:55.122Z,14,20.67,50,OK
2026-02-15T10:44:55.172Z,14,20.46,50,OK
2026-02-15T10:44:55.223Z,14,20.32,50,OK
2026-02-15T10:44:55.273Z,13,20.02,50,OK
2026-02-15T10:44:55.323Z,13,19.67,50,OK
2026-02-15T10:44:55.374Z,13,20.32,50,OK
2026-02-15T10:44:55.477Z,18,51.70,50,OK
2026-02-15T10:44:55.554Z,15,27.00,50,OK
2026-02-15T10:44:55.653Z,13,49.00,50,OK
2026-02-15T10:44:55.703Z,14,20.46,50,OK
2026-02-15T10:44:55.753Z,13,20.18,50,OK
2026-02-15T10:44:55.804Z,13,20.34,50,OK
2026-02-15T10:44:55.855Z,12,20.14,50,OK
2026-02-15T10:44:55.946Z,13,41.00,50,OK
2026-02-15T10:44:56.182Z,17,186.00,50,OK
2026-02-15T10:44:56.352Z,16,168.89,50,OK
2026-02-15T10:44:56.525Z,14,123.00,50,OK
2026-02-15T10:44:57.227Z,14,652.00,50,OK
2026-02-15T10:44:57.543Z,25,266.00,50,OK
2026-02-15T10:44:57.978Z,32,385.00,50,OK
2026-02-15T10:44:58.090Z,17,62.00,50,OK
2026-02-15T10:44:58.198Z,10,58.00,50,OK
2026-02-15T10:44:58.339Z,9,120.75,50,OK
2026-02-15T10:44:58.441Z,8,52.00,50,OK
2026-02-15T10:44:58.491Z,5,20.19,50,OK
2026-02-15T10:44:58.541Z,5,20.39,50,OK
2026-02-15T10:44:58.641Z,6,99.71,50,OK
2026-02-15T10:44:58.947Z,15,256.00,50,OK
2026-02-15T10:44:59.084Z,19,87.00,50,OK
2026-02-15T10:44:59.134Z,12,30.38,50,OK
2026-02-15T10:44:59.184Z,12,20.55,50,OK
2026-02-15T10:44:59.233Z,13,20.06,50,OK
2026-02-15T10:44:59.284Z,12,20.23,50,OK
2026-02-15T10:44:59.334Z,12,20.21,50,OK
2026-02-15T10:44:59.386Z,11,20.24,50,OK
2026-02-15T10:44:59.436Z,11,20.41,50,OK
2026-02-15T10:44:59.486Z,11,22.60,50,OK
2026-02-15T10:44:59.537Z,11,20.23,50,OK
2026-02-15T10:44:59.587Z,10,20.37,50,OK
2026-02-15T10:44:59.637Z,10,20.44,50,OK
2026-02-15T10:44:59.687Z,10,20.14,50,OK
2026-02-15T10:44:59.770Z,10,33.00,50,OK
2026-02-15T10:44:59.820Z,9,20.28,50,OK
2026-02-15T10:44:59.871Z,9,19.95,50,OK
2026-02-15T10:44:59.921Z,9,20.19,50,OK
2026-02-15T10:44:59.972Z,10,19.77,50,OK
2026-02-15T10:45:00.061Z,12,39.00,50,OK
2026-02-15T10:45:00.173Z,8,55.76,50,OK
2026-02-15T10:45:00.314Z,13,117.80,50,OK
2026-02-15T10:45:00.442Z,11,108.76,50,OK
2026-02-15T10:45:00.542Z,13,50.00,50,OK
2026-02-15T10:45:00.593Z,15,20.11,50,OK
2026-02-15T10:45:00.643Z,15,20.52,50,OK
2026-02-15T10:45:00.692Z,15,20.08,50,OK
2026-02-15T10:45:00.744Z,15,20.21,50,OK
2026-02-15T10:45:00.794Z,14,20.30,50,OK
2026-02-15T10:45:00.844Z,14,20.46,50,OK
2026-02-15T10:45:00.894Z,12,20.20,50,OK
2026-02-15T10:45:00.945Z,12,20.21,50,OK
2026-02-15T10:45:00.996Z,10,20.48,50,OK
2026-02-15T10:45:01.046Z,10,20.29,50,OK
2026-02-15T10:45:01.146Z,10,98.80,50,OK
2026-02-15T10:45:01.380Z,16,20.06,50,OK
2026-02-15T10:45:01.768Z,37,387.84,50,OK
2026-02-15T10:45:01.999Z,32,181.00,50,OK
2026-02-15T10:45:02.314Z,27,265.00,50,OK
2026-02-15T10:45:02.430Z,41,66.00,50,OK
2026-02-15T10:45:02.481Z,18,20.28,50,OK
2026-02-15T10:45:02.532Z,18,20.96,50,OK
2026-02-15T10:45:02.582Z,14,20.49,50,OK
2026-02-15T10:45:02.633Z,14,20.32,50,OK
2026-02-15T10:45:02.683Z,14,20.99,50,OK
2026-02-15T10:45:02.733Z,14,20.37,50,OK
2026-02-15T10:45:02.854Z,17,58.27,50,OK
2026-02-15T10:45:02.904Z,14,21.19,50,OK
2026-02-15T10:45:02.954Z,14,20.23,50,OK
2026-02-15T10:45:03.010Z,18,21.39,50,OK
2026-02-15T10:45:03.060Z,15,20.65,50,OK
2026-02-15T10:45:03.110Z,15,20.46,50,OK
2026-02-15T10:45:03.160Z,12,20.36,50,OK
2026-02-15T10:45:03.210Z,11,20.36,50,OK
2026-02-15T10:45:03.262Z,11,20.36,50,OK
2026-02-15T10:45:03.312Z,11,20.27,50,OK
2026-02-15T10:45:03.362Z,11,20.54,50,OK
2026-02-15T10:45:03.412Z,11,20.36,50,OK
2026-02-15T10:45:03.512Z,17,85.10,50,OK
2026-02-15T10:45:03.600Z,35,38.00,50,OK
2026-02-15T10:45:03.650Z,13,20.18,50,OK
2026-02-15T10:45:03.700Z,13,20.37,50,OK
2026-02-15T10:45:03.750Z,13,20.58,50,OK
2026-02-15T10:45:03.800Z,10,20.65,50,OK
2026-02-15T10:45:03.850Z,10,20.58,50,OK
2026-02-15T10:45:03.938Z,12,38.00,50,OK
2026-02-15T10:45:03.988Z,11,20.18,50,OK
2026-02-15T10:45:04.093Z,13,94.14,50,OK
2026-02-15T10:45:04.197Z,14,84.05,50,OK
2026-02-15T10:45:04.286Z,16,39.00,50,OK
2026-02-15T10:45:04.429Z,18,19.59,50,OK
2026-02-15T10:45:04.479Z,11,20.33,50,OK
2026-02-15T10:45:04.600Z,14,19.85,50,OK
2026-02-15T10:45:04.730Z,16,129.47,50,OK
2026-02-15T10:45:04.860Z,40,80.00,50,OK
2026-02-15T10:45:04.911Z,14,19.98,50,OK
2026-02-15T10:45:05.064Z,14,138.48,50,OK
2026-02-15T10:45:05.548Z,30,434.00,50,OK
2026-02-15T10:45:06.046Z,45,448.00,50,OK
2026-02-15T10:45:07.110Z,59,1014.00,50,SATURATED
2026-02-15T10:45:07.622Z,73,462.00,50,SATURATED
2026-02-15T10:45:07.752Z,61,80.00,50,SATURATED
2026-02-15T10:45:07.801Z,14,19.75,50,OK
2026-02-15T10:45:07.864Z,18,44.55,50,OK
2026-02-15T10:45:07.914Z,14,20.06,50,OK
2026-02-15T10:45:07.964Z,13,20.44,50,OK
2026-02-15T10:45:08.014Z,13,20.39,50,OK
2026-02-15T10:45:08.065Z,13,20.37,50,OK
2026-02-15T10:45:08.115Z,14,20.35,50,OK
2026-02-15T10:45:08.193Z,14,28.00,50,OK
2026-02-15T10:45:08.308Z,36,64.00,50,OK
2026-02-15T10:45:08.358Z,12,20.50,50,OK
2026-02-15T10:45:08.408Z,12,20.31,50,OK
2026-02-15T10:45:08.507Z,12,97.42,50,OK
2026-02-15T10:45:08.557Z,12,20.09,50,OK
2026-02-15T10:45:08.607Z,12,20.32,50,OK
2026-02-15T10:45:08.657Z,17,20.37,50,OK
2026-02-15T10:45:08.707Z,17,20.24,50,OK
2026-02-15T10:45:08.757Z,18,20.27,50,OK
2026-02-15T10:45:08.838Z,18,31.00,50,OK
2026-02-15T10:45:08.978Z,26,90.00,50,OK
2026-02-15T10:45:09.028Z,21,20.01,50,OK
2026-02-15T10:45:09.079Z,21,20.41,50,OK
2026-02-15T10:45:09.129Z,21,19.94,50,OK
2026-02-15T10:45:09.179Z,21,20.16,50,OK
2026-02-15T10:45:09.229Z,21,20.37,50,OK
2026-02-15T10:45:09.280Z,21,20.23,50,OK
2026-02-15T10:45:09.506Z,23,112.69,50,OK
2026-02-15T10:45:09.641Z,33,85.00,50,OK
2026-02-15T10:45:09.691Z,19,19.85,50,OK
2026-02-15T10:45:09.742Z,19,20.28,50,OK
2026-02-15T10:45:09.793Z,18,20.50,50,OK
2026-02-15T10:45:09.843Z,18,20.37,50,OK
2026-02-15T10:45:09.954Z,18,105.22,50,OK
2026-02-15T10:45:11.045Z,47,1041.00,50,OK
2026-02-15T10:45:11.918Z,94,823.00,50,SATURATED
2026-02-15T10:45:11.971Z,72,3.00,50,SATURATED
2026-02-15T10:45:12.101Z,46,80.00,50,OK
2026-02-15T10:45:12.151Z,19,20.19,50,OK
2026-02-15T10:45:12.201Z,19,20.52,50,OK
2026-02-15T10:45:12.251Z,19,20.37,50,OK
2026-02-15T10:45:12.302Z,18,20.16,50,OK
2026-02-15T10:45:12.353Z,18,20.68,50,OK
2026-02-15T10:45:12.404Z,19,20.29,50,OK
2026-02-15T10:45:12.454Z,17,19.87,50,OK
2026-02-15T10:45:12.504Z,18,19.64,50,OK
2026-02-15T10:45:12.554Z,15,20.19,50,OK
2026-02-15T10:45:12.604Z,15,20.31,50,OK
2026-02-15T10:45:12.655Z,15,20.12,50,OK
2026-02-15T10:45:12.775Z,15,20.36,50,OK
2026-02-15T10:45:12.825Z,14,20.60,50,OK
2026-02-15T10:45:12.875Z,12,20.80,50,OK
2026-02-15T10:45:12.980Z,13,51.18,50,OK
2026-02-15T10:45:13.697Z,64,667.00,50,SATURATED
2026-02-15T10:45:14.227Z,101,480.00,50,SATURATED
2026-02-15T10:45:14.298Z,50,21.00,50,SATURATED
2026-02-15T10:45:14.348Z,9,21.36,50,OK
2026-02-15T10:45:14.398Z,9,20.39,50,OK
2026-02-15T10:45:14.449Z,9,20.11,50,OK
2026-02-15T10:45:14.499Z,9,20.41,50,OK
2026-02-15T10:45:14.549Z,9,20.46,50,OK
2026-02-15T10:45:14.599Z,9,20.37,50,OK
2026-02-15T10:45:14.650Z,9,20.12,50,OK
2026-02-15T10:45:14.700Z,9,20.41,50,OK
2026-02-15T10:45:14.750Z,9,20.50,50,OK
2026-02-15T10:45:14.801Z,9,20.28,50,OK
2026-02-15T10:45:14.852Z,11,19.96,50,OK
2026-02-15T10:45:14.902Z,11,20.28,50,OK
2026-02-15T10:45:14.980Z,11,72.52,50,OK
2026-02-15T10:45:15.082Z,13,81.82,50,OK
2026-02-15T10:45:15.166Z,18,34.00,50,OK
2026-02-15T10:45:15.651Z,23,435.00,50,OK
2026-02-15T10:45:17.699Z,110,2045.25,50,SATURATED
2026-02-15T10:45:18.245Z,110,496.00,50,SATURATED
2026-02-15T10:45:18.586Z,86,291.00,50,SATURATED
2026-02-15T10:45:18.638Z,17,2.00,50,OK
2026-02-15T10:45:18.688Z,10,20.11,50,OK
2026-02-15T10:45:18.816Z,12,117.54,50,OK
2026-02-15T10:45:19.273Z,25,407.00,50,OK
2026-02-15T10:45:20.129Z,60,806.00,50,SATURATED
2026-02-15T10:45:20.888Z,115,709.00,50,SATURATED
2026-02-15T10:45:21.268Z,95,330.00,50,SATURATED
2026-02-15T10:45:21.509Z,89,191.00,50,SATURATED
2026-02-15T10:45:21.566Z,20,7.00,50,OK
2026-02-15T10:45:21.617Z,16,19.70,50,OK
2026-02-15T10:45:21.667Z,16,20.34,50,OK
2026-02-15T10:45:21.717Z,16,19.97,50,OK
2026-02-15T10:45:21.768Z,16,20.39,50,OK
2026-02-15T10:45:21.818Z,15,19.84,50,OK
2026-02-15T10:45:21.868Z,15,20.24,50,OK
2026-02-15T10:45:21.976Z,16,106.73,50,OK
2026-02-15T10:45:22.515Z,60,489.00,50,SATURATED
2026-02-15T10:45:23.238Z,60,673.00,50,SATURATED
2026-02-15T10:45:24.191Z,97,903.00,50,SATURATED
2026-02-15T10:45:24.334Z,81,93.00,50,SATURATED
2026-02-15T10:45:24.713Z,97,329.00,50,SATURATED
2026-02-15T10:45:24.799Z,54,36.00,50,SATURATED
2026-02-15T10:45:24.849Z,13,0.00,50,OK
2026-02-15T10:45:24.899Z,13,20.19,50,OK
2026-02-15T10:45:24.949Z,13,20.70,50,OK
2026-02-15T10:45:25.000Z,13,20.32,50,OK
2026-02-15T10:45:25.051Z,13,19.90,50,OK
2026-02-15T10:45:25.101Z,14,20.30,50,OK
2026-02-15T10:45:25.151Z,12,20.18,50,OK
2026-02-15T10:45:25.285Z,16,20.52,50,OK
2026-02-15T10:45:25.830Z,46,495.00,50,OK
2026-02-15T10:45:26.697Z,133,867.43,50,SATURATED
2026-02-15T10:45:27.046Z,104,299.00,50,SATURATED
2026-02-15T10:45:27.098Z,64,2.00,50,SATURATED
2026-02-15T10:45:27.148Z,27,20.83,50,OK
2026-02-15T10:45:27.199Z,27,20.31,50,OK
2026-02-15T10:45:27.249Z,27,20.40,50,OK
2026-02-15T10:45:27.299Z,26,20.52,50,OK
2026-02-15T10:45:27.349Z,26,20.37,50,OK
2026-02-15T10:45:27.399Z,26,20.13,50,OK
2026-02-15T10:45:27.449Z,26,20.45,50,OK
2026-02-15T10:45:27.553Z,31,86.67,50,OK
2026-02-15T10:45:27.713Z,37,110.00,50,OK
2026-02-15T10:45:27.913Z,50,150.00,50,SATURATED
2026-02-15T10:45:28.470Z,49,554.96,50,OK
2026-02-15T10:45:29.115Z,130,595.00,50,SATURATED
2026-02-15T10:45:29.607Z,106,442.00,50,SATURATED
2026-02-15T10:45:30.015Z,85,358.00,50,SATURATED
2026-02-15T10:45:30.065Z,19,0.00,50,OK
2026-02-15T10:45:30.219Z,19,74.80,50,OK
2026-02-15T10:45:30.819Z,41,550.00,50,OK
2026-02-15T10:45:31.946Z,83,1077.00,50,SATURATED
2026-02-15T10:45:33.031Z,104,1035.00,50,SATURATED
2026-02-15T10:45:33.690Z,123,609.00,50,SATURATED
2026-02-15T10:45:33.781Z,79,41.00,50,SATURATED
2026-02-15T10:45:33.912Z,17,102.99,50,OK
2026-02-15T10:45:33.962Z,17,20.49,50,OK
2026-02-15T10:45:34.012Z,14,19.64,50,OK
2026-02-15T10:45:34.125Z,15,56.15,50,OK
2026-02-15T10:45:34.651Z,57,476.00,50,SATURATED
2026-02-15T10:45:34.701Z,16,20.41,50,OK
2026-02-15T10:45:34.809Z,16,58.00,50,OK
2026-02-15T10:45:36.114Z,98,1255.00,50,SATURATED
2026-02-15T10:45:36.609Z,136,445.00,50,SATURATED
2026-02-15T10:45:36.705Z,91,46.00,50,SATURATED
2026-02-15T10:45:36.765Z,20,33.35,50,OK
2026-02-15T10:45:36.816Z,19,20.26,50,OK
2026-02-15T10:45:36.866Z,16,20.55,50,OK
2026-02-15T10:45:36.916Z,16,19.99,50,OK
2026-02-15T10:45:36.966Z,14,19.75,50,OK
2026-02-15T10:45:37.016Z,14,20.14,50,OK
2026-02-15T10:45:37.066Z,13,19.96,50,OK
2026-02-15T10:45:37.117Z,13,20.68,50,OK
2026-02-15T10:45:37.227Z,13,60.00,50,OK
2026-02-15T10:45:37.277Z,12,20.32,50,OK
2026-02-15T10:45:37.403Z,16,20.23,50,OK
2026-02-15T10:45:37.699Z,32,296.09,50,OK
2026-02-15T10:45:38.169Z,74,420.00,50,SATURATED
2026-02-15T10:45:39.415Z,101,1196.00,50,SATURATED
2026-02-15T10:45:40.002Z,101,537.00,50,SATURATED
2026-02-15T10:45:40.133Z,56,81.00,50,SATURATED
2026-02-15T10:45:40.183Z,13,20.90,50,OK
2026-02-15T10:45:40.234Z,13,20.32,50,OK
2026-02-15T10:45:40.285Z,13,20.11,50,OK
2026-02-15T10:45:40.335Z,13,20.37,50,OK
2026-02-15T10:45:40.385Z,13,19.69,50,OK
2026-02-15T10:45:40.477Z,11,81.95,50,OK
2026-02-15T10:45:41.148Z,87,621.00,50,SATURATED
2026-02-15T10:45:42.173Z,122,975.00,50,SATURATED
2026-02-15T10:45:42.516Z,102,293.00,50,SATURATED
2026-02-15T10:45:42.747Z,88,181.00,50,SATURATED
2026-02-15T10:45:42.800Z,24,3.00,50,OK
2026-02-15T10:45:42.850Z,21,20.31,50,OK
2026-02-15T10:45:42.901Z,21,20.43,50,OK
2026-02-15T10:45:42.951Z,18,20.64,50,OK
2026-02-15T10:45:43.001Z,18,20.68,50,OK
2026-02-15T10:45:43.052Z,18,20.50,50,OK
2026-02-15T10:45:43.101Z,18,20.00,50,OK
2026-02-15T10:45:43.152Z,17,20.39,50,OK
2026-02-15T10:45:43.273Z,20,21.13,50,OK
2026-02-15T10:45:43.465Z,56,190.91,50,SATURATED
2026-02-15T10:45:43.515Z,20,20.09,50,OK
2026-02-15T10:45:43.620Z,22,55.00,50,OK
2026-02-15T10:45:44.041Z,61,371.00,50,SATURATED
2026-02-15T10:45:45.173Z,85,1082.00,50,SATURATED
2026-02-15T10:45:45.797Z,105,574.00,50,SATURATED
2026-02-15T10:45:45.926Z,60,79.00,50,SATURATED
2026-02-15T10:45:45.976Z,18,19.55,50,OK
2026-02-15T10:45:46.026Z,18,19.46,50,OK
2026-02-15T10:45:46.076Z,15,20.16,50,OK
2026-02-15T10:45:46.126Z,15,20.44,50,OK
2026-02-15T10:45:46.396Z,15,133.37,50,OK
2026-02-15T10:45:47.406Z,72,960.00,50,SATURATED
2026-02-15T10:45:48.478Z,132,1022.00,50,SATURATED
2026-02-15T10:45:48.623Z,123,95.00,50,SATURATED
2026-02-15T10:45:48.788Z,82,115.00,50,SATURATED
2026-02-15T10:45:48.838Z,22,19.60,50,OK
2026-02-15T10:45:48.888Z,22,20.39,50,OK
2026-02-15T10:45:48.985Z,23,95.58,50,OK
2026-02-15T10:45:49.082Z,23,47.00,50,OK
2026-02-15T10:45:49.133Z,24,19.85,50,OK
2026-02-15T10:45:49.183Z,24,20.50,50,OK
2026-02-15T10:45:49.233Z,24,20.23,50,OK
2026-02-15T10:45:49.283Z,24,20.36,50,OK
2026-02-15T10:45:49.333Z,25,20.10,50,OK
2026-02-15T10:45:49.384Z,25,20.29,50,OK
2026-02-15T10:45:49.434Z,25,20.29,50,OK
2026-02-15T10:45:49.565Z,24,20.37,50,OK
2026-02-15T10:45:49.885Z,71,318.64,50,SATURATED
2026-02-15T10:45:50.947Z,132,1012.00,50,SATURATED
2026-02-15T10:45:51.010Z,54,35.47,50,SATURATED
2026-02-15T10:45:51.060Z,16,20.05,50,OK
2026-02-15T10:45:51.110Z,14,20.36,50,OK
2026-02-15T10:45:51.160Z,14,20.54,50,OK
2026-02-15T10:45:51.210Z,14,20.37,50,OK
2026-02-15T10:45:51.260Z,14,20.12,50,OK
2026-02-15T10:45:51.396Z,19,20.09,50,OK
2026-02-15T10:45:51.503Z,26,106.53,50,OK
2026-02-15T10:45:51.553Z,16,20.24,50,OK
2026-02-15T10:45:51.603Z,16,20.23,50,OK
2026-02-15T10:45:51.653Z,15,20.68,50,OK
2026-02-15T10:45:51.704Z,14,20.39,50,OK
2026-02-15T10:45:51.754Z,14,20.50,50,OK
2026-02-15T10:45:51.805Z,14,20.19,50,OK
2026-02-15T10:45:51.855Z,14,20.41,50,OK
2026-02-15T10:45:51.905Z,13,20.41,50,OK
2026-02-15T10:45:51.957Z,17,22.18,50,OK
2026-02-15T10:45:52.210Z,24,203.00,50,OK
2026-02-15T10:45:53.019Z,124,759.00,50,SATURATED
2026-02-15T10:45:54.162Z,122,1093.00,50,SATURATED
2026-02-15T10:45:54.407Z,121,195.00,50,SATURATED
2026-02-15T10:45:54.460Z,27,26.73,50,OK
2026-02-15T10:45:54.510Z,22,20.47,50,OK
2026-02-15T10:45:54.560Z,22,20.39,50,OK
2026-02-15T10:45:54.611Z,20,20.99,50,OK
2026-02-15T10:45:54.663Z,21,20.54,50,OK
2026-02-15T10:45:54.714Z,20,20.24,50,OK
2026-02-15T10:45:54.766Z,16,20.41,50,OK
2026-02-15T10:45:54.816Z,15,19.99,50,OK
2026-02-15T10:45:54.940Z,18,20.46,50,OK
2026-02-15T10:45:55.017Z,24,76.58,50,OK
2026-02-15T10:45:55.068Z,15,19.55,50,OK
2026-02-15T10:45:55.118Z,15,20.44,50,OK
2026-02-15T10:45:55.168Z,12,21.64,50,OK
2026-02-15T10:45:55.246Z,12,28.00,50,OK
2026-02-15T10:45:55.637Z,54,341.00,50,SATURATED
2026-02-15T10:45:56.620Z,113,933.00,50,SATURATED
2026-02-15T10:45:57.369Z,96,699.00,50,SATURATED
2026-02-15T10:45:57.750Z,73,331.00,50,SATURATED
2026-02-15T10:45:58.110Z,86,310.00,50,SATURATED
2026-02-15T10:45:58.160Z,25,19.87,50,OK
2026-02-15T10:45:58.210Z,25,20.32,50,OK
2026-02-15T10:45:58.260Z,26,20.27,50,OK
2026-02-15T10:45:58.310Z,26,20.32,50,OK
2026-02-15T10:45:58.359Z,26,20.36,50,OK
2026-02-15T10:45:58.470Z,33,92.18,50,OK
2026-02-15T10:45:58.769Z,53,249.00,50,SATURATED
2026-02-15T10:45:59.397Z,47,578.00,50,OK
2026-02-15T10:46:01.133Z,109,1685.00,50,SATURATED
2026-02-15T10:46:01.966Z,132,833.36,50,SATURATED
2026-02-15T10:46:02.077Z,90,61.00,50,SATURATED
2026-02-15T10:46:02.128Z,18,19.82,50,OK
2026-02-15T10:46:02.249Z,20,71.00,50,OK
2026-02-15T10:46:02.360Z,38,61.00,50,OK
2026-02-15T10:46:02.409Z,17,20.42,50,OK
2026-02-15T10:46:02.460Z,17,20.21,50,OK
2026-02-15T10:46:02.511Z,17,20.55,50,OK
2026-02-15T10:46:02.616Z,17,94.54,50,OK
2026-02-15T10:46:02.713Z,16,47.00,50,OK
2026-02-15T10:46:02.805Z,26,42.00,50,OK
2026-02-15T10:46:02.855Z,14,20.81,50,OK
2026-02-15T10:46:02.906Z,14,20.34,50,OK
2026-02-15T10:46:02.957Z,14,20.33,50,OK
2026-02-15T10:46:03.138Z,18,131.00,50,OK
2026-02-15T10:46:04.340Z,129,1152.00,50,SATURATED
2026-02-15T10:46:05.040Z,131,650.00,50,SATURATED
2026-02-15T10:46:05.179Z,87,138.87,50,SATURATED
2026-02-15T10:46:05.229Z,15,0.00,50,OK
2026-02-15T10:46:05.354Z,15,125.14,50,OK
2026-02-15T10:46:05.572Z,19,168.00,50,OK
2026-02-15T10:46:05.708Z,31,86.00,50,OK
2026-02-15T10:46:05.758Z,10,20.87,50,OK
2026-02-15T10:46:05.810Z,12,20.75,50,OK
2026-02-15T10:46:05.911Z,12,100.11,50,OK
2026-02-15T10:46:06.140Z,26,180.00,50,OK
2026-02-15T10:46:06.596Z,60,406.00,50,SATURATED
2026-02-15T10:46:07.754Z,81,1158.15,50,SATURATED
2026-02-15T10:46:08.426Z,100,622.00,50,SATURATED
2026-02-15T10:46:08.557Z,54,81.00,50,SATURATED
2026-02-15T10:46:08.608Z,13,20.11,50,OK
2026-02-15T10:46:08.659Z,13,20.02,50,OK
2026-02-15T10:46:08.710Z,12,20.52,50,OK
2026-02-15T10:46:08.819Z,12,100.70,50,OK
2026-02-15T10:46:10.379Z,82,1510.00,50,SATURATED
2026-02-15T10:46:11.106Z,133,677.00,50,SATURATED
2026-02-15T10:46:11.167Z,40,11.00,50,OK
2026-02-15T10:46:11.218Z,20,20.50,50,OK
2026-02-15T10:46:11.268Z,20,20.28,50,OK
2026-02-15T10:46:11.319Z,20,20.03,50,OK
2026-02-15T10:46:11.368Z,20,20.46,50,OK
2026-02-15T10:46:11.481Z,27,20.72,50,OK
2026-02-15T10:46:11.531Z,21,19.83,50,OK
2026-02-15T10:46:11.581Z,21,20.44,50,OK
2026-02-15T10:46:11.631Z,21,20.15,50,OK
2026-02-15T10:46:11.681Z,21,20.46,50,OK
2026-02-15T10:46:11.731Z,22,20.34,50,OK
2026-02-15T10:46:11.782Z,22,20.46,50,OK
2026-02-15T10:46:11.832Z,22,20.55,50,OK
2026-02-15T10:46:11.883Z,20,20.00,50,OK
2026-02-15T10:46:11.967Z,20,83.07,50,OK
2026-02-15T10:46:12.017Z,19,20.44,50,OK
2026-02-15T10:46:12.068Z,19,20.39,50,OK
2026-02-15T10:46:12.173Z,20,52.09,50,OK
2026-02-15T10:46:13.581Z,138,1358.00,50,SATURATED
2026-02-15T10:46:14.141Z,133,554.96,50,SATURATED
2026-02-15T10:46:14.199Z,39,8.00,50,OK
2026-02-15T10:46:14.249Z,21,20.12,50,OK
2026-02-15T10:46:14.300Z,20,20.37,50,OK
2026-02-15T10:46:14.351Z,20,19.84,50,OK
2026-02-15T10:46:14.401Z,20,20.29,50,OK
2026-02-15T10:46:14.450Z,21,20.46,50,OK
2026-02-15T10:46:14.501Z,21,20.46,50,OK
2026-02-15T10:46:14.550Z,21,20.60,50,OK
2026-02-15T10:46:14.663Z,21,97.55,50,OK
2026-02-15T10:46:14.713Z,22,20.39,50,OK
2026-02-15T10:46:14.822Z,24,59.00,50,OK
2026-02-15T10:46:15.127Z,47,304.48,50,OK
2026-02-15T10:46:15.289Z,36,141.49,50,OK
2026-02-15T10:46:17.992Z,115,2653.00,50,SATURATED
2026-02-15T10:46:20.372Z,130,2330.00,50,SATURATED
2026-02-15T10:46:20.874Z,117,496.37,50,SATURATED
2026-02-15T10:46:21.083Z,78,159.00,50,SATURATED
2026-02-15T10:46:21.140Z,4,7.00,50,OK
2026-02-15T10:46:21.189Z,4,20.25,50,OK
2026-02-15T10:46:21.240Z,4,20.29,50,OK
2026-02-15T10:46:21.289Z,4,19.94,50,OK
2026-02-15T10:46:21.340Z,4,20.14,50,OK
2026-02-15T10:46:21.501Z,5,156.04,50,OK
2026-02-15T10:46:22.036Z,66,485.00,50,SATURATED
2026-02-15T10:46:22.878Z,64,792.00,50,SATURATED
2026-02-15T10:46:23.841Z,91,913.00,50,SATURATED
2026-02-15T10:46:24.439Z,102,548.00,50,SATURATED
2026-02-15T10:46:25.524Z,104,1035.00,50,SATURATED
2026-02-15T10:46:27.624Z,156,2050.00,50,SATURATED
2026-02-15T10:46:28.630Z,172,956.00,50,SATURATED
2026-02-15T10:46:29.141Z,147,461.00,50,SATURATED
2026-02-15T10:46:30.099Z,149,908.00,50,SATURATED
2026-02-15T10:46:30.567Z,159,418.00,50,SATURATED
2026-02-15T10:46:31.310Z,166,693.00,50,SATURATED
2026-02-15T10:46:32.242Z,168,882.00,50,SATURATED
2026-02-15T10:46:32.872Z,177,580.00,50,SATURATED
2026-02-15T10:46:33.349Z,187,476.18,50,SATURATED
2026-02-15T10:46:33.760Z,195,362.00,50,SATURATED
2026-02-15T10:46:33.964Z,153,154.00,50,SATURATED
2026-02-15T10:46:34.849Z,152,835.00,50,SATURATED
2026-02-15T10:46:35.716Z,204,817.00,50,SATURATED
2026-02-15T10:46:36.146Z,216,380.00,50,SATURATED
2026-02-15T10:46:36.965Z,220,769.00,50,SATURATED
2026-02-15T10:46:37.690Z,226,723.78,50,SATURATED
2026-02-15T10:46:38.484Z,235,744.00,50,SATURATED
2026-02-15T10:46:39.034Z,241,500.00,50,SATURATED
2026-02-15T10:46:39.400Z,252,316.00,50,SATURATED
2026-02-15T10:46:39.652Z,208,202.00,50,SATURATED
2026-02-15T10:46:40.356Z,208,654.00,50,SATURATED
2026-02-15T10:46:41.120Z,211,714.00,50,SATURATED
2026-02-15T10:46:42.157Z,264,987.00,50,SATURATED
2026-02-15T10:46:43.646Z,316,1439.00,50,SATURATED
2026-02-15T10:46:44.574Z,332,878.00,50,SATURATED
2026-02-15T10:46:44.835Z,303,211.00,50,SATURATED
2026-02-15T10:46:45.256Z,312,371.00,50,SATURATED
2026-02-15T10:46:45.493Z,268,187.00,50,SATURATED
2026-02-15T10:46:45.644Z,222,101.00,50,SATURATED
2026-02-15T10:46:46.638Z,217,943.00,50,SATURATED
2026-02-15T10:46:48.503Z,309,1816.00,50,SATURATED
2026-02-15T10:46:49.830Z,374,1277.00,50,SATURATED
2026-02-15T10:46:50.875Z,394,1045.17,50,SATURATED
2026-02-15T10:46:51.728Z,392,803.00,50,SATURATED
2026-02-15T10:46:52.287Z,374,509.00,50,SATURATED
2026-02-15T10:46:53.220Z,379,883.00,50,SATURATED
2026-02-15T10:46:53.852Z,385,581.00,50,SATURATED
2026-02-15T10:46:55.013Z,378,1112.00,50,SATURATED
2026-02-15T10:46:56.114Z,428,1099.43,50,SATURATED
2026-02-15T10:46:57.121Z,430,957.00,50,SATURATED
2026-02-15T10:46:57.414Z,395,243.00,50,SATURATED
2026-02-15T10:46:57.950Z,386,486.00,50,SATURATED
2026-02-15T10:46:58.081Z,341,81.00,50,SATURATED
2026-02-15T10:46:58.149Z,241,18.00,50,SATURATED
2026-02-15T10:46:58.420Z,213,270.14,50,SATURATED
2026-02-15T10:46:58.852Z,190,382.00,50,SATURATED
2026-02-15T10:46:59.488Z,188,586.00,50,SATURATED
2026-02-15T10:47:03.012Z,358,3474.00,50,SATURATED
2026-02-15T10:47:03.779Z,432,717.00,50,SATURATED
2026-02-15T10:47:03.922Z,390,92.00,50,SATURATED
2026-02-15T10:47:03.988Z,291,17.00,50,SATURATED
2026-02-15T10:47:04.062Z,193,32.33,50,SATURATED
2026-02-15T10:47:04.698Z,180,635.70,50,SATURATED
2026-02-15T10:47:04.768Z,142,20.00,50,SATURATED
2026-02-15T10:47:04.890Z,92,72.00,50,SATURATED
2026-02-15T10:47:05.534Z,89,594.00,50,SATURATED
2026-02-15T10:47:08.067Z,272,2532.31,50,SATURATED
2026-02-15T10:47:09.830Z,423,1713.00,50,SATURATED
2026-02-15T10:47:10.757Z,431,877.00,50,SATURATED
2026-02-15T10:47:10.891Z,389,84.00,50,SATURATED
2026-02-15T10:47:11.221Z,387,280.00,50,SATURATED
2026-02-15T10:47:11.290Z,340,67.21,50,SATURATED
2026-02-15T10:47:11.376Z,290,36.00,50,SATURATED
2026-02-15T10:47:11.439Z,192,30.14,50,SATURATED
2026-02-15T10:47:11.512Z,92,39.31,50,SATURATED
2026-02-15T10:47:11.562Z,17,23.96,50,OK
2026-02-15T10:47:11.612Z,15,20.41,50,OK
2026-02-15T10:47:11.662Z,15,20.33,50,OK
2026-02-15T10:47:11.711Z,14,20.31,50,OK
2026-02-15T10:47:11.762Z,14,20.32,50,OK
2026-02-15T10:47:11.858Z,15,47.00,50,OK
2026-02-15T10:47:12.636Z,53,778.31,50,SATURATED
2026-02-15T10:47:17.166Z,402,4480.00,50,SATURATED
2026-02-15T10:47:17.979Z,420,763.00,50,SATURATED
2026-02-15T10:47:18.110Z,378,81.00,50,SATURATED
2026-02-15T10:47:18.287Z,334,176.75,50,SATURATED
2026-02-15T10:47:18.439Z,298,102.00,50,SATURATED
2026-02-15T10:47:18.501Z,262,12.00,50,SATURATED
2026-02-15T10:47:19.058Z,238,507.00,50,SATURATED
2026-02-15T10:47:19.888Z,236,780.00,50,SATURATED
2026-02-15T10:47:21.688Z,376,1749.00,50,SATURATED
2026-02-15T10:47:22.830Z,430,1093.00,50,SATURATED
2026-02-15T10:47:24.097Z,431,1217.00,50,SATURATED
2026-02-15T10:47:25.275Z,437,1128.00,50,SATURATED
2026-02-15T10:47:25.818Z,439,493.00,50,SATURATED
2026-02-15T10:47:25.977Z,391,109.00,50,SATURATED
2026-02-15T10:47:26.084Z,342,57.00,50,SATURATED
2026-02-15T10:47:26.152Z,293,18.00,50,SATURATED
2026-02-15T10:47:26.223Z,194,21.00,50,SATURATED
2026-02-15T10:47:26.308Z,94,45.14,50,SATURATED
2026-02-15T10:47:26.574Z,60,266.01,50,SATURATED
2026-02-15T10:47:26.820Z,52,196.00,50,SATURATED
2026-02-15T10:47:27.000Z,35,130.00,50,OK
2026-02-15T10:47:27.596Z,65,593.23,50,SATURATED
2026-02-15T10:47:32.051Z,363,4405.00,50,SATURATED
2026-02-15T10:47:32.664Z,359,604.77,50,SATURATED
2026-02-15T10:47:33.605Z,378,891.00,50,SATURATED
2026-02-15T10:47:34.115Z,385,509.74,50,SATURATED
2026-02-15T10:47:35.087Z,379,922.00,50,SATURATED
2026-02-15T10:47:35.748Z,383,611.00,50,SATURATED
2026-02-15T10:47:36.280Z,386,482.00,50,SATURATED
2026-02-15T10:47:36.625Z,389,295.00,50,SATURATED
2026-02-15T10:47:36.711Z,293,36.00,50,SATURATED
2026-02-15T10:47:36.805Z,195,41.66,50,SATURATED
2026-02-15T10:47:37.551Z,190,745.80,50,SATURATED
2026-02-15T10:47:38.108Z,191,507.00,50,SATURATED
2026-02-15T10:47:40.284Z,374,2126.00,50,SATURATED
2026-02-15T10:47:41.144Z,432,810.00,50,SATURATED
2026-02-15T10:47:41.315Z,388,121.00,50,SATURATED
2026-02-15T10:47:41.578Z,388,262.08,50,SATURATED
2026-02-15T10:47:41.667Z,291,39.00,50,SATURATED
2026-02-15T10:47:41.755Z,192,39.86,50,SATURATED
2026-02-15T10:47:41.827Z,93,34.16,50,SATURATED
2026-02-15T10:47:41.993Z,27,45.73,50,OK
2026-02-15T10:47:42.043Z,23,20.64,50,OK
2026-02-15T10:47:42.093Z,23,20.75,50,OK
2026-02-15T10:47:42.144Z,23,20.35,50,OK
2026-02-15T10:47:42.256Z,24,95.65,50,OK
2026-02-15T10:47:42.459Z,63,153.00,50,SATURATED
2026-02-15T10:47:43.049Z,75,589.56,50,SATURATED
2026-02-15T10:47:46.734Z,360,3635.00,50,SATURATED
2026-02-15T10:47:48.583Z,422,1849.16,50,SATURATED
2026-02-15T10:47:49.538Z,425,905.00,50,SATURATED
2026-02-15T10:47:49.817Z,389,229.00,50,SATURATED
2026-02-15T10:47:50.221Z,378,354.00,50,SATURATED
2026-02-15T10:47:50.367Z,340,96.00,50,SATURATED
2026-02-15T10:47:50.448Z,242,31.00,50,SATURATED
2026-02-15T10:47:50.515Z,143,33.19,50,SATURATED
2026-02-15T10:47:51.542Z,61,976.00,50,SATURATED
2026-02-15T10:47:55.579Z,335,4038.07,50,SATURATED
2026-02-15T10:47:56.902Z,388,1273.00,50,SATURATED
2026-02-15T10:47:58.284Z,417,1332.00,50,SATURATED
2026-02-15T10:47:59.123Z,404,838.07,50,SATURATED
2026-02-15T10:47:59.203Z,311,30.00,50,SATURATED
2026-02-15T10:47:59.284Z,212,42.61,50,SATURATED
2026-02-15T10:48:00.025Z,145,691.00,50,SATURATED
2026-02-15T10:48:00.205Z,101,171.77,50,SATURATED
2026-02-15T10:48:01.519Z,116,1264.00,50,SATURATED
2026-02-15T10:48:03.692Z,288,2123.00,50,SATURATED
2026-02-15T10:48:04.735Z,294,993.00,50,SATURATED
2026-02-15T10:48:05.006Z,255,221.00,50,SATURATED
2026-02-15T10:48:05.986Z,235,930.00,50,SATURATED
2026-02-15T10:48:06.852Z,223,816.00,50,SATURATED
2026-02-15T10:48:08.599Z,202,1697.00,50,SATURATED
2026-02-15T10:48:09.454Z,223,805.00,50,SATURATED
2026-02-15T10:48:09.713Z,177,209.00,50,SATURATED
2026-02-15T10:48:10.577Z,154,814.00,50,SATURATED
2026-02-15T10:48:11.455Z,129,875.82,50,SATURATED
2026-02-15T10:48:12.194Z,110,689.00,50,SATURATED
2026-02-15T10:48:12.719Z,97,475.00,50,SATURATED
2026-02-15T10:48:13.173Z,80,404.00,50,SATURATED
2026-02-15T10:48:13.396Z,22,173.00,50,OK
2026-02-15T10:48:13.543Z,36,146.47,50,OK
2026-02-15T10:48:13.593Z,10,20.37,50,OK
2026-02-15T10:48:13.644Z,10,20.27,50,OK
2026-02-15T10:48:13.695Z,10,20.39,50,OK
2026-02-15T10:48:13.821Z,10,58.99,50,OK
2026-02-15T10:48:14.503Z,38,632.00,50,OK
2026-02-15T10:48:15.339Z,61,786.00,50,SATURATED
2026-02-15T10:48:15.650Z,39,306.05,50,OK
2026-02-15T10:48:15.700Z,15,20.06,50,OK
2026-02-15T10:48:15.751Z,15,20.28,50,OK
2026-02-15T10:48:15.801Z,15,20.24,50,OK
2026-02-15T10:48:15.852Z,15,20.29,50,OK
2026-02-15T10:48:15.903Z,15,20.20,50,OK
2026-02-15T10:48:15.953Z,15,20.31,50,OK
2026-02-15T10:48:16.072Z,15,57.10,50,OK
2026-02-15T10:48:16.186Z,15,92.96,50,OK
2026-02-15T10:48:16.236Z,14,19.91,50,OK
2026-02-15T10:48:16.286Z,14,20.37,50,OK
2026-02-15T10:48:16.336Z,17,19.86,50,OK
2026-02-15T10:48:16.423Z,17,37.00,50,OK
2026-02-15T10:48:16.629Z,42,202.83,50,OK
2026-02-15T10:48:16.782Z,22,133.46,50,OK
2026-02-15T10:48:17.489Z,42,657.00,50,OK
2026-02-15T10:48:17.651Z,21,112.00,50,OK
2026-02-15T10:48:18.025Z,27,324.00,50,OK
2026-02-15T10:48:18.152Z,21,77.00,50,OK
2026-02-15T10:48:18.203Z,10,19.70,50,OK
2026-02-15T10:48:18.253Z,10,20.28,50,OK
2026-02-15T10:48:18.302Z,10,20.05,50,OK
2026-02-15T10:48:18.353Z,9,20.26,50,OK
2026-02-15T10:48:18.403Z,9,20.34,50,OK
2026-02-15T10:48:18.454Z,6,19.41,50,OK
2026-02-15T10:48:18.593Z,6,20.43,50,OK
2026-02-15T10:48:18.644Z,7,20.30,50,OK
2026-02-15T10:48:18.763Z,8,70.00,50,OK
2026-02-15T10:48:18.901Z,5,118.06,50,OK
2026-02-15T10:48:18.951Z,4,20.32,50,OK
2026-02-15T10:48:19.002Z,4,20.23,50,OK
2026-02-15T10:48:19.053Z,4,20.59,50,OK
2026-02-15T10:48:19.104Z,4,19.90,50,OK
2026-02-15T10:48:19.155Z,5,20.34,50,OK
2026-02-15T10:48:19.259Z,8,54.00,50,OK
2026-02-15T10:48:19.309Z,5,20.28,50,OK
2026-02-15T10:48:19.360Z,5,20.65,50,OK
2026-02-15T10:48:19.411Z,5,20.36,50,OK
2026-02-15T10:48:19.461Z,5,20.14,50,OK
2026-02-15T10:48:19.511Z,5,20.41,50,OK
2026-02-15T10:48:19.562Z,5,20.17,50,OK
2026-02-15T10:48:19.734Z,6,20.06,50,OK
2026-02-15T10:48:19.866Z,7,82.00,50,OK
2026-02-15T10:48:20.335Z,13,419.00,50,OK
2026-02-15T10:48:20.461Z,18,76.00,50,OK
2026-02-15T10:48:20.511Z,4,20.26,50,OK
2026-02-15T10:48:20.561Z,4,20.21,50,OK
2026-02-15T10:48:20.610Z,3,20.17,50,OK
2026-02-15T10:48:20.660Z,3,20.50,50,OK
2026-02-15T10:48:20.710Z,3,20.46,50,OK
2026-02-15T10:48:20.761Z,3,19.54,50,OK
2026-02-15T10:48:20.811Z,3,20.22,50,OK
2026-02-15T10:48:20.861Z,3,20.13,50,OK
2026-02-15T10:48:20.910Z,3,20.47,50,OK
2026-02-15T10:48:20.961Z,3,20.31,50,OK
2026-02-15T10:48:21.011Z,3,19.93,50,OK
2026-02-15T10:48:21.061Z,2,20.08,50,OK
2026-02-15T10:48:21.110Z,2,20.31,50,OK
2026-02-15T10:48:21.161Z,1,20.41,50,OK
2026-02-15T10:48:21.211Z,1,20.32,50,OK
2026-02-15T10:48:21.262Z,1,20.38,50,OK
2026-02-15T10:48:21.313Z,1,20.26,50,OK
2026-02-15T10:48:21.364Z,1,20.02,50,OK
2026-02-15T10:48:21.413Z,1,20.11,50,OK
2026-02-15T10:48:21.464Z,1,20.68,50,OK
2026-02-15T10:48:21.514Z,3,20.31,50,OK
2026-02-15T10:48:21.563Z,3,20.40,50,OK
2026-02-15T10:48:21.614Z,2,20.34,50,OK
2026-02-15T10:48:21.663Z,2,19.91,50,OK
2026-02-15T10:48:21.714Z,2,20.29,50,OK
2026-02-15T10:48:21.763Z,2,20.27,50,OK
2026-02-15T10:48:21.813Z,2,20.18,50,OK
2026-02-15T10:48:21.864Z,2,20.26,50,OK
2026-02-15T10:48:21.914Z,2,19.73,50,OK
2026-02-15T10:48:21.963Z,2,20.26,50,OK
2026-02-15T10:48:22.013Z,2,19.36,50,OK
2026-02-15T10:48:22.063Z,2,20.29,50,OK
2026-02-15T10:48:22.114Z,2,20.28,50,OK
2026-02-15T10:48:22.165Z,2,20.28,50,OK
2026-02-15T10:48:22.215Z,2,20.28,50,OK
2026-02-15T10:48:22.265Z,2,20.37,50,OK
2026-02-15T10:48:22.316Z,2,20.18,50,OK
2026-02-15T10:48:22.366Z,2,20.31,50,OK
2026-02-15T10:48:22.417Z,2,20.32,50,OK
2026-02-15T10:48:22.467Z,2,20.48,50,OK
2026-02-15T10:48:22.517Z,2,19.60,50,OK
2026-02-15T10:48:22.568Z,2,20.34,50,OK
2026-02-15T10:48:22.617Z,2,20.29,50,OK
2026-02-15T10:48:22.668Z,2,20.79,50,OK
2026-02-15T10:48:22.719Z,2,20.26,50,OK
2026-02-15T10:48:22.768Z,2,19.84,50,OK
2026-02-15T10:48:22.818Z,2,20.37,50,OK
2026-02-15T10:48:22.866Z,2,20.18,50,OK
2026-02-15T10:48:22.917Z,2,20.49,50,OK
2026-02-15T10:48:22.967Z,2,20.23,50,OK
2026-02-15T10:48:23.017Z,2,20.27,50,OK
2026-02-15T10:48:23.068Z,2,20.23,50,OK
2026-02-15T10:48:23.118Z,2,19.21,50,OK
2026-02-15T10:48:23.168Z,2,20.41,50,OK
2026-02-15T10:48:23.219Z,2,20.19,50,OK
2026-02-15T10:48:23.269Z,2,20.45,50,OK
2026-02-15T10:48:23.320Z,2,20.26,50,OK
2026-02-15T10:48:23.370Z,2,20.98,50,OK
2026-02-15T10:48:23.420Z,2,20.28,50,OK
2026-02-15T10:48:23.470Z,1,20.44,50,OK
2026-02-15T10:48:23.521Z,0,20.10,50,OK
2026-02-15T10:48:23.571Z,0,20.16,50,OK
2026-02-15T10:48:23.621Z,0,20.09,50,OK
2026-02-15T10:48:23.671Z,0,20.52,50,OK
2026-02-15T10:48:23.722Z,0,20.15,50,OK
2026-02-15T10:48:23.772Z,0,20.13,50,OK
2026-02-15T10:48:23.823Z,0,20.17,50,OK
2026-02-15T10:48:23.873Z,0,20.14,50,OK
2026-02-15T10:48:23.923Z,0,20.44,50,OK
2026-02-15T10:48:23.973Z,0,20.13,50,OK
2026-02-15T10:48:24.024Z,0,19.80,50,OK
2026-02-15T10:48:24.074Z,0,20.50,50,OK
2026-02-15T10:48:24.124Z,0,20.16,50,OK
2026-02-15T10:48:24.174Z,0,20.31,50,OK
2026-02-15T10:48:24.224Z,0,20.32,50,OK
2026-02-15T10:48:24.274Z,0,19.90,50,OK
2026-02-15T10:48:24.324Z,0,20.21,50,OK
2026-02-15T10:48:24.374Z,0,20.10,50,OK
2026-02-15T10:48:24.424Z,0,20.24,50,OK
2026-02-15T10:48:24.474Z,0,20.35,50,OK
2026-02-15T10:48:24.525Z,0,20.13,50,OK
2026-02-15T10:48:24.575Z,0,20.24,50,OK
2026-02-15T10:48:24.626Z,0,20.88,50,OK
2026-02-15T10:48:24.677Z,0,20.62,50,OK
2026-02-15T10:48:24.727Z,0,20.26,50,OK
2026-02-15T10:48:24.777Z,0,20.52,50,OK
2026-02-15T10:48:24.827Z,0,20.44,50,OK
2026-02-15T10:48:24.878Z,0,19.99,50,OK
2026-02-15T10:48:24.928Z,0,20.16,50,OK
2026-02-15T10:48:24.979Z,0,20.32,50,OK
2026-02-15T10:48:25.029Z,0,20.19,50,OK
2026-02-15T10:48:25.079Z,0,19.78,50,OK
2026-02-15T10:48:25.129Z,0,20.19,50,OK
2026-02-15T10:48:25.179Z,0,20.01,50,OK
2026-02-15T10:48:25.229Z,0,20.34,50,OK
2026-02-15T10:48:25.279Z,0,20.02,50,OK
2026-02-15T10:48:25.329Z,0,20.18,50,OK
2026-02-15T10:48:25.379Z,0,20.48,50,OK
2026-02-15T10:48:25.430Z,0,20.19,50,OK
2026-02-15T10:48:25.481Z,0,20.41,50,OK
2026-02-15T10:48:25.531Z,0,20.34,50,OK
2026-02-15T10:48:25.582Z,0,20.03,50,OK
2026-02-15T10:48:25.632Z,0,19.83,50,OK
2026-02-15T10:48:25.682Z,0,20.29,50,OK
2026-02-15T10:48:25.732Z,0,20.23,50,OK
2026-02-15T10:48:25.782Z,0,20.19,50,OK
2026-02-15T10:48:25.832Z,0,20.46,50,OK
2026-02-15T10:48:25.882Z,0,20.60,50,OK
2026-02-15T10:48:25.933Z,0,20.29,50,OK
2026-02-15T10:48:25.983Z,0,20.29,50,OK
2026-02-15T10:48:26.033Z,0,20.28,50,OK
2026-02-15T10:48:26.083Z,0,19.51,50,OK
2026-02-15T10:48:26.135Z,0,20.31,50,OK
2026-02-15T10:48:26.185Z,0,20.31,50,OK
2026-02-15T10:48:26.235Z,0,19.96,50,OK
2026-02-15T10:48:26.285Z,0,20.14,50,OK
2026-02-15T10:48:26.336Z,0,20.28,50,OK
2026-02-15T10:48:26.387Z,0,20.28,50,OK
2026-02-15T10:48:26.437Z,0,20.28,50,OK
2026-02-15T10:48:26.487Z,0,20.31,50,OK
2026-02-15T10:48:26.537Z,0,20.32,50,OK
2026-02-15T10:48:26.587Z,0,20.28,50,OK
2026-02-15T10:48:26.637Z,0,20.28,50,OK
2026-02-15T10:48:26.687Z,0,20.42,50,OK
2026-02-15T10:48:26.738Z,0,20.36,50,OK
2026-02-15T10:48:26.788Z,0,19.51,50,OK
2026-02-15T10:48:26.838Z,0,20.35,50,OK
2026-02-15T10:48:26.888Z,0,20.64,50,OK
2026-02-15T10:48:26.938Z,0,20.26,50,OK
2026-02-15T10:48:26.988Z,0,19.85,50,OK
2026-02-15T10:48:27.038Z,0,20.18,50,OK
2026-02-15T10:48:27.089Z,0,19.96,50,OK
2026-02-15T10:48:27.139Z,0,20.23,50,OK
2026-02-15T10:48:27.189Z,0,20.12,50,OK
2026-02-15T10:48:27.240Z,0,20.21,50,OK
2026-02-15T10:48:27.290Z,0,20.55,50,OK
2026-02-15T10:48:27.341Z,0,20.16,50,OK
2026-02-15T10:48:27.392Z,0,20.32,50,OK
2026-02-15T10:48:27.442Z,0,20.28,50,OK
2026-02-15T10:48:27.492Z,0,20.28,50,OK
2026-02-15T10:48:27.542Z,0,20.29,50,OK
2026-02-15T10:48:27.592Z,0,20.02,50,OK
2026-02-15T10:48:27.642Z,0,20.29,50,OK
2026-02-15T10:48:27.692Z,0,19.98,50,OK
2026-02-15T10:48:27.743Z,0,20.28,50,OK
2026-02-15T10:48:27.793Z,0,20.03,50,OK
2026-02-15T10:48:27.843Z,0,20.23,50,OK
2026-02-15T10:48:27.893Z,0,20.45,50,OK
2026-02-15T10:48:27.944Z,0,20.24,50,OK
2026-02-15T10:48:27.994Z,0,20.39,50,OK
2026-02-15T10:48:28.044Z,0,20.36,50,OK
2026-02-15T10:48:28.094Z,0,20.26,50,OK
2026-02-15T10:48:28.144Z,0,20.42,50,OK
2026-02-15T10:48:28.194Z,0,20.50,50,OK
2026-02-15T10:48:28.244Z,0,20.29,50,OK
2026-02-15T10:48:28.294Z,0,20.00,50,OK
2026-02-15T10:48:28.344Z,0,20.31,50,OK
2026-02-15T10:48:28.394Z,0,19.93,50,OK
2026-02-15T10:48:28.444Z,0,20.31,50,OK
2026-02-15T10:48:28.494Z,0,20.43,50,OK
2026-02-15T10:48:28.544Z,0,20.24,50,OK
2026-02-15T10:48:28.594Z,0,20.37,50,OK
2026-02-15T10:48:28.644Z,0,20.59,50,OK
2026-02-15T10:48:28.694Z,0,20.34,50,OK
2026-02-15T10:48:28.744Z,0,20.24,50,OK
2026-02-15T10:48:28.794Z,0,20.24,50,OK
2026-02-15T10:48:28.846Z,0,20.27,50,OK
2026-02-15T10:48:28.896Z,0,20.29,50,OK
2026-02-15T10:48:28.946Z,0,20.33,50,OK
2026-02-15T10:48:28.997Z,0,20.13,50,OK
2026-02-15T10:48:29.047Z,0,20.19,50,OK
2026-02-15T10:48:29.098Z,0,20.42,50,OK
2026-02-15T10:48:29.148Z,0,20.18,50,OK
2026-02-15T10:48:29.199Z,0,19.96,50,OK
2026-02-15T10:48:29.249Z,0,20.29,50,OK
2026-02-15T10:48:29.299Z,0,20.05,50,OK
2026-02-15T10:48:29.349Z,0,20.28,50,OK
2026-02-15T10:48:29.399Z,0,20.43,50,OK
2026-02-15T10:48:29.450Z,0,20.19,50,OK
2026-02-15T10:48:29.500Z,0,20.16,50,OK
2026-02-15T10:48:29.550Z,0,20.21,50,OK
2026-02-15T10:48:29.600Z,0,20.36,50,OK
2026-02-15T10:48:29.650Z,0,20.26,50,OK
2026-02-15T10:48:29.700Z,0,20.41,50,OK
2026-02-15T10:48:29.750Z,0,20.23,50,OK
2026-02-15T10:48:29.801Z,0,20.36,50,OK
2026-02-15T10:48:29.851Z,0,20.18,50,OK
2026-02-15T10:48:29.901Z,0,20.28,50,OK
2026-02-15T10:48:29.952Z,0,20.18,50,OK
2026-02-15T10:48:30.003Z,0,20.37,50,OK
2026-02-15T10:48:30.053Z,0,20.53,50,OK
2026-02-15T10:48:30.103Z,0,20.16,50,OK
2026-02-15T10:48:30.154Z,0,20.18,50,OK
2026-02-15T10:48:30.204Z,0,20.21,50,OK
2026-02-15T10:48:30.254Z,0,20.25,50,OK
2026-02-15T10:48:30.304Z,0,20.36,50,OK
2026-02-15T10:48:30.354Z,0,20.19,50,OK
2026-02-15T10:48:30.404Z,0,20.21,50,OK
2026-02-15T10:48:30.454Z,0,20.26,50,OK
2026-02-15T10:48:30.504Z,0,20.59,50,OK
2026-02-15T10:48:30.554Z,0,20.29,50,OK
2026-02-15T10:48:30.604Z,0,20.24,50,OK
2026-02-15T10:48:30.654Z,0,20.31,50,OK
2026-02-15T10:48:30.704Z,0,20.28,50,OK
2026-02-15T10:48:30.755Z,0,20.39,50,OK
2026-02-15T10:48:30.805Z,0,20.47,50,OK
2026-02-15T10:48:30.855Z,0,20.29,50,OK
2026-02-15T10:48:30.905Z,0,19.96,50,OK
2026-02-15T10:48:30.955Z,0,20.26,50,OK
2026-02-15T10:48:31.005Z,0,20.35,50,OK
2026-02-15T10:48:31.056Z,0,20.24,50,OK
2026-02-15T10:48:31.106Z,0,20.52,50,OK
2026-02-15T10:48:31.156Z,0,20.34,50,OK
2026-02-15T10:48:31.206Z,0,20.73,50,OK
2026-02-15T10:48:31.256Z,0,20.23,50,OK
2026-02-15T10:48:31.306Z,0,19.94,50,OK
2026-02-15T10:48:31.356Z,0,20.47,50,OK
2026-02-15T10:48:31.407Z,0,19.91,50,OK
2026-02-15T10:48:31.457Z,0,20.23,50,OK
2026-02-15T10:48:31.508Z,0,20.34,50,OK
2026-02-15T10:48:31.558Z,0,20.16,50,OK
2026-02-15T10:48:31.609Z,0,20.41,50,OK
2026-02-15T10:48:31.659Z,0,20.21,50,OK
2026-02-15T10:48:31.709Z,0,20.42,50,OK
2026-02-15T10:48:31.759Z,0,20.47,50,OK
2026-02-15T10:48:31.809Z,0,20.18,50,OK
2026-02-15T10:48:31.859Z,0,20.55,50,OK
2026-02-15T10:48:31.909Z,0,20.18,50,OK
2026-02-15T10:48:31.960Z,0,20.25,50,OK
2026-02-15T10:48:32.010Z,0,20.31,50,OK
2026-02-15T10:48:32.059Z,0,20.16,50,OK
2026-02-15T10:48:32.110Z,0,20.26,50,OK
2026-02-15T10:48:32.161Z,0,20.28,50,OK
2026-02-15T10:48:32.211Z,0,20.28,50,OK
2026-02-15T10:48:32.261Z,0,20.18,50,OK
2026-02-15T10:48:32.311Z,0,20.18,50,OK
2026-02-15T10:48:32.362Z,0,20.29,50,OK
2026-02-15T10:48:32.413Z,0,20.34,50,OK
2026-02-15T10:48:32.463Z,0,20.28,50,OK
2026-02-15T10:48:32.513Z,0,20.39,50,OK
2026-02-15T10:48:32.563Z,0,20.46,50,OK
2026-02-15T10:48:32.613Z,0,20.36,50,OK
2026-02-15T10:48:32.663Z,0,20.46,50,OK
2026-02-15T10:48:32.714Z,0,20.98,50,OK
2026-02-15T10:48:32.764Z,0,20.41,50,OK
2026-02-15T10:48:32.815Z,0,20.23,50,OK
2026-02-15T10:48:32.865Z,0,20.34,50,OK
2026-02-15T10:48:32.916Z,0,20.90,50,OK
2026-02-15T10:48:32.966Z,0,20.54,50,OK
2026-02-15T10:48:33.016Z,0,20.64,50,OK
2026-02-15T10:48:33.066Z,0,20.39,50,OK
2026-02-15T10:48:33.116Z,0,20.32,50,OK
2026-02-15T10:48:33.166Z,0,20.23,50,OK
2026-02-15T10:48:33.218Z,0,20.47,50,OK
2026-02-15T10:48:33.268Z,0,20.39,50,OK
2026-02-15T10:48:33.319Z,0,20.51,50,OK
2026-02-15T10:48:33.370Z,0,20.36,50,OK
2026-02-15T10:48:33.420Z,0,20.17,50,OK
2026-02-15T10:48:33.471Z,0,20.28,50,OK
2026-02-15T10:48:33.522Z,0,20.57,50,OK
2026-02-15T10:48:33.572Z,0,20.52,50,OK
2026-02-15T10:48:33.622Z,0,20.59,50,OK
2026-02-15T10:48:33.672Z,0,20.54,50,OK
2026-02-15T10:48:33.722Z,0,20.50,50,OK
2026-02-15T10:48:33.772Z,0,20.54,50,OK
2026-02-15T10:48:33.822Z,0,21.24,50,OK
2026-02-15T10:48:33.873Z,0,20.44,50,OK
2026-02-15T10:48:33.923Z,0,20.83,50,OK
2026-02-15T10:48:33.973Z,0,20.37,50,OK
2026-02-15T10:48:34.023Z,0,20.14,50,OK
2026-02-15T10:48:34.073Z,0,20.39,50,OK
2026-02-15T10:48:34.124Z,0,19.91,50,OK
2026-02-15T10:48:34.174Z,0,20.42,50,OK
2026-02-15T10:48:34.224Z,0,19.57,50,OK
2026-02-15T10:48:34.274Z,0,20.32,50,OK
2026-02-15T10:48:34.324Z,0,20.32,50,OK
2026-02-15T10:48:34.374Z,0,20.16,50,OK
2026-02-15T10:48:34.425Z,0,20.60,50,OK
2026-02-15T10:48:34.475Z,0,20.46,50,OK
2026-02-15T10:48:34.525Z,0,20.03,50,OK
2026-02-15T10:48:34.575Z,0,20.26,50,OK
2026-02-15T10:48:34.625Z,0,20.58,50,OK
2026-02-15T10:48:34.675Z,0,20.39,50,OK
2026-02-15T10:48:34.726Z,0,20.38,50,OK
2026-02-15T10:48:34.776Z,0,20.31,50,OK
2026-02-15T10:48:34.826Z,0,20.19,50,OK
2026-02-15T10:48:34.877Z,0,20.42,50,OK
2026-02-15T10:48:34.927Z,0,20.10,50,OK
2026-02-15T10:48:34.977Z,0,20.36,50,OK
2026-02-15T10:48:35.028Z,0,20.63,50,OK
2026-02-15T10:48:35.079Z,0,20.39,50,OK
2026-02-15T10:48:35.129Z,0,20.46,50,OK
2026-02-15T10:48:35.181Z,0,20.61,50,OK
2026-02-15T10:48:35.231Z,0,20.98,50,OK
2026-02-15T10:48:35.281Z,0,20.37,50,OK
2026-02-15T10:48:35.331Z,0,19.91,50,OK
2026-02-15T10:48:35.382Z,0,20.25,50,OK
2026-02-15T10:48:35.433Z,0,20.73,50,OK
2026-02-15T10:48:35.484Z,0,20.28,50,OK
2026-02-15T10:48:35.534Z,0,19.75,50,OK
2026-02-15T10:48:35.585Z,0,20.28,50,OK
2026-02-15T10:48:35.635Z,0,20.64,50,OK
2026-02-15T10:48:35.685Z,0,20.46,50,OK
2026-02-15T10:48:35.736Z,0,19.90,50,OK
2026-02-15T10:48:35.786Z,0,20.46,50,OK
2026-02-15T10:48:35.837Z,0,19.87,50,OK
2026-02-15T10:48:35.888Z,0,20.36,50,OK
2026-02-15T10:48:35.938Z,0,19.91,50,OK
2026-02-15T10:48:35.988Z,0,20.42,50,OK
2026-02-15T10:48:36.039Z,0,20.96,50,OK
2026-02-15T10:48:36.089Z,0,20.38,50,OK
2026-02-15T10:48:36.140Z,0,19.85,50,OK
2026-02-15T10:48:36.190Z,0,20.36,50,OK
2026-02-15T10:48:36.240Z,0,20.08,50,OK
2026-02-15T10:48:36.292Z,0,20.46,50,OK
2026-02-15T10:48:36.342Z,0,20.88,50,OK
2026-02-15T10:48:36.391Z,0,20.32,50,OK
2026-02-15T10:48:36.442Z,0,19.42,50,OK
2026-02-15T10:48:36.492Z,0,20.16,50,OK
2026-02-15T10:48:36.542Z,0,20.41,50,OK
2026-02-15T10:48:36.592Z,0,20.34,50,OK
2026-02-15T10:48:36.643Z,0,20.32,50,OK
2026-02-15T10:48:36.694Z,0,20.21,50,OK
2026-02-15T10:48:36.744Z,0,20.23,50,OK
2026-02-15T10:48:36.795Z,0,20.39,50,OK
2026-02-15T10:48:36.845Z,0,20.09,50,OK
2026-02-15T10:48:36.896Z,0,20.42,50,OK
2026-02-15T10:48:36.948Z,0,20.73,50,OK
2026-02-15T10:48:36.998Z,0,20.29,50,OK
2026-02-15T10:48:37.049Z,0,20.05,50,OK
2026-02-15T10:48:37.099Z,0,20.11,50,OK
2026-02-15T10:48:37.150Z,0,20.59,50,OK
2026-02-15T10:48:37.200Z,0,20.41,50,OK
2026-02-15T10:48:37.251Z,0,20.23,50,OK
2026-02-15T10:48:37.302Z,0,20.49,50,OK
2026-02-15T10:48:37.352Z,0,19.78,50,OK
2026-02-15T10:48:37.402Z,0,20.42,50,OK
2026-02-15T10:48:37.453Z,0,20.32,50,OK
2026-02-15T10:48:37.503Z,0,20.42,50,OK
2026-02-15T10:48:37.555Z,0,20.75,50,OK
2026-02-15T10:48:37.606Z,0,20.36,50,OK
2026-02-15T10:48:37.657Z,0,20.68,50,OK
2026-02-15T10:48:37.707Z,0,20.42,50,OK
2026-02-15T10:48:37.757Z,0,20.59,50,OK
2026-02-15T10:48:37.807Z,0,20.50,50,OK
2026-02-15T10:48:37.857Z,0,20.56,50,OK
2026-02-15T10:48:37.907Z,0,20.42,50,OK
2026-02-15T10:48:37.958Z,0,20.57,50,OK
2026-02-15T10:48:38.008Z,0,20.44,50,OK
2026-02-15T10:48:38.059Z,0,20.72,50,OK
2026-02-15T10:48:38.110Z,0,20.36,50,OK
2026-02-15T10:48:38.160Z,0,20.67,50,OK
2026-02-15T10:48:38.210Z,0,19.31,50,OK
2026-02-15T10:48:38.259Z,0,20.19,50,OK
2026-02-15T10:48:38.310Z,0,20.39,50,OK
2026-02-15T10:48:38.360Z,0,20.93,50,OK
2026-02-15T10:48:38.410Z,0,20.57,50,OK
2026-02-15T10:48:38.461Z,0,19.95,50,OK
2026-02-15T10:48:38.511Z,0,19.87,50,OK
2026-02-15T10:48:38.561Z,0,20.41,50,OK
2026-02-15T10:48:38.611Z,0,20.37,50,OK
2026-02-15T10:48:38.661Z,0,20.80,50,OK
2026-02-15T10:48:38.711Z,0,20.40,50,OK
2026-02-15T10:48:38.762Z,0,19.96,50,OK
2026-02-15T10:48:38.812Z,0,20.41,50,OK
2026-02-15T10:48:38.863Z,0,20.85,50,OK
2026-02-15T10:48:38.913Z,0,20.41,50,OK
2026-02-15T10:48:38.963Z,0,20.47,50,OK
2026-02-15T10:48:39.013Z,0,20.44,50,OK
2026-02-15T10:48:39.063Z,0,20.08,50,OK
2026-02-15T10:48:39.113Z,0,20.09,50,OK
2026-02-15T10:48:39.163Z,0,20.37,50,OK
2026-02-15T10:48:39.214Z,0,20.32,50,OK
2026-02-15T10:48:39.264Z,0,20.78,50,OK
2026-02-15T10:48:39.315Z,0,20.39,50,OK
2026-02-15T10:48:39.365Z,0,20.77,50,OK
2026-02-15T10:48:39.416Z,0,20.36,50,OK
2026-02-15T10:48:39.467Z,0,20.83,50,OK
2026-02-15T10:48:39.518Z,0,20.37,50,OK
2026-02-15T10:48:39.568Z,0,20.24,50,OK
2026-02-15T10:48:39.618Z,0,20.14,50,OK
2026-02-15T10:48:39.669Z,0,20.42,50,OK
2026-02-15T10:48:39.720Z,0,20.52,50,OK
2026-02-15T10:48:39.770Z,0,20.50,50,OK
2026-02-15T10:48:39.820Z,0,20.39,50,OK
2026-02-15T10:48:39.870Z,0,20.61,50,OK
2026-02-15T10:48:39.921Z,0,20.32,50,OK
2026-02-15T10:48:39.971Z,0,20.61,50,OK
2026-02-15T10:48:40.022Z,0,20.28,50,OK
2026-02-15T10:48:40.072Z,0,21.00,50,OK
2026-02-15T10:48:40.122Z,0,20.68,50,OK
2026-02-15T10:48:40.173Z,0,20.28,50,OK
2026-02-15T10:48:40.223Z,0,20.19,50,OK
2026-02-15T10:48:40.273Z,0,20.26,50,OK
2026-02-15T10:48:40.323Z,0,20.23,50,OK
2026-02-15T10:48:40.373Z,0,20.28,50,OK
2026-02-15T10:48:40.423Z,0,20.23,50,OK
2026-02-15T10:48:40.473Z,0,20.46,50,OK
2026-02-15T10:48:40.525Z,0,20.31,50,OK
2026-02-15T10:48:40.575Z,0,24.60,50,OK
2026-02-15T10:48:40.625Z,0,20.17,50,OK
2026-02-15T10:48:40.676Z,0,20.16,50,OK
2026-02-15T10:48:40.727Z,0,20.29,50,OK
2026-02-15T10:48:40.777Z,0,20.29,50,OK
2026-02-15T10:48:40.827Z,0,20.31,50,OK
2026-02-15T10:48:40.878Z,0,20.16,50,OK
2026-02-15T10:48:40.929Z,0,20.39,50,OK
2026-02-15T10:48:40.979Z,0,20.39,50,OK
2026-02-15T10:48:41.029Z,0,20.32,50,OK
2026-02-15T10:48:41.079Z,0,20.28,50,OK
2026-02-15T10:48:41.130Z,0,20.46,50,OK
2026-02-15T10:48:41.180Z,0,20.00,50,OK
2026-02-15T10:48:41.231Z,0,20.39,50,OK
2026-02-15T10:48:41.281Z,0,20.12,50,OK
2026-02-15T10:48:41.332Z,0,20.32,50,OK
2026-02-15T10:48:41.383Z,0,20.25,50,OK
2026-02-15T10:48:41.433Z,0,20.32,50,OK
2026-02-15T10:48:41.483Z,0,20.55,50,OK
2026-02-15T10:48:41.535Z,0,20.32,50,OK
2026-02-15T10:48:41.585Z,0,20.23,50,OK
2026-02-15T10:48:41.635Z,0,20.34,50,OK
2026-02-15T10:48:41.685Z,0,20.59,50,OK
2026-02-15T10:48:41.735Z,0,20.28,50,OK
2026-02-15T10:48:41.785Z,0,20.46,50,OK
2026-02-15T10:48:41.835Z,0,20.31,50,OK
2026-02-15T10:48:41.886Z,0,20.46,50,OK
2026-02-15T10:48:41.936Z,0,20.21,50,OK
2026-02-15T10:48:41.986Z,0,20.21,50,OK
2026-02-15T10:48:42.036Z,0,20.28,50,OK
2026-02-15T10:48:42.086Z,0,20.28,50,OK
2026-02-15T10:48:42.137Z,0,20.29,50,OK
2026-02-15T10:48:42.187Z,0,20.19,50,OK
2026-02-15T10:48:42.238Z,0,20.36,50,OK
2026-02-15T10:48:42.288Z,0,20.27,50,OK
2026-02-15T10:48:42.339Z,0,20.31,50,OK
2026-02-15T10:48:42.389Z,0,20.31,50,OK
2026-02-15T10:48:42.440Z,0,20.29,50,OK
2026-02-15T10:48:42.490Z,0,20.24,50,OK
2026-02-15T10:48:42.540Z,0,20.23,50,OK
2026-02-15T10:48:42.590Z,0,20.34,50,OK
2026-02-15T10:48:42.640Z,0,20.05,50,OK
2026-02-15T10:48:42.689Z,0,20.14,50,OK
2026-02-15T10:48:42.740Z,0,20.19,50,OK
2026-02-15T10:48:42.790Z,0,20.36,50,OK
2026-02-15T10:48:42.840Z,0,20.33,50,OK
2026-02-15T10:48:42.892Z,0,20.36,50,OK
2026-02-15T10:48:42.942Z,0,20.43,50,OK
2026-02-15T10:48:42.994Z,0,20.57,50,OK
2026-02-15T10:48:43.044Z,0,20.37,50,OK
2026-02-15T10:48:43.095Z,0,20.52,50,OK
2026-02-15T10:48:43.145Z,0,20.50,50,OK
2026-02-15T10:48:43.195Z,0,20.34,50,OK
2026-02-15T10:48:43.245Z,0,20.40,50,OK
2026-02-15T10:48:43.295Z,0,20.32,50,OK
2026-02-15T10:48:43.346Z,0,20.38,50,OK
2026-02-15T10:48:43.396Z,0,20.44,50,OK
2026-02-15T10:48:43.447Z,0,20.34,50,OK
2026-02-15T10:48:43.498Z,0,20.37,50,OK
2026-02-15T10:48:43.549Z,0,20.37,50,OK
2026-02-15T10:48:43.600Z,0,20.34,50,OK
2026-02-15T10:48:43.650Z,0,20.50,50,OK
2026-02-15T10:48:43.700Z,0,20.46,50,OK
2026-02-15T10:48:43.751Z,0,20.64,50,OK
2026-02-15T10:48:43.801Z,0,20.52,50,OK
2026-02-15T10:48:43.852Z,0,20.18,50,OK
2026-02-15T10:48:43.902Z,0,20.41,50,OK
2026-02-15T10:48:43.952Z,0,20.37,50,OK
2026-02-15T10:48:44.003Z,0,20.46,50,OK
2026-02-15T10:48:44.054Z,0,20.52,50,OK
2026-02-15T10:48:44.104Z,0,20.49,50,OK
2026-02-15T10:48:44.154Z,0,20.23,50,OK
2026-02-15T10:48:44.204Z,0,20.34,50,OK
2026-02-15T10:48:44.254Z,0,20.46,50,OK
2026-02-15T10:48:44.304Z,0,20.30,50,OK
2026-02-15T10:48:44.355Z,0,20.34,50,OK
2026-02-15T10:48:44.405Z,0,20.37,50,OK
2026-02-15T10:48:44.455Z,0,20.29,50,OK
2026-02-15T10:48:44.506Z,0,20.41,50,OK
2026-02-15T10:48:44.557Z,0,20.39,50,OK
2026-02-15T10:48:44.609Z,0,20.40,50,OK
2026-02-15T10:48:44.660Z,0,20.39,50,OK
2026-02-15T10:48:44.710Z,0,20.45,50,OK
2026-02-15T10:48:44.760Z,0,20.29,50,OK
2026-02-15T10:48:44.810Z,0,20.23,50,OK
2026-02-15T10:48:44.860Z,0,20.29,50,OK
2026-02-15T10:48:44.910Z,0,20.39,50,OK
2026-02-15T10:48:44.960Z,0,19.97,50,OK
2026-02-15T10:48:45.010Z,0,20.54,50,OK
2026-02-15T10:48:45.061Z,0,20.52,50,OK
2026-02-15T10:48:45.111Z,0,20.37,50,OK
2026-02-15T10:48:45.162Z,0,20.54,50,OK
2026-02-15T10:48:45.212Z,0,20.47,50,OK
2026-02-15T10:48:45.262Z,0,20.66,50,OK
2026-02-15T10:48:45.312Z,0,20.46,50,OK
2026-02-15T10:48:45.363Z,0,20.11,50,OK
2026-02-15T10:48:45.413Z,0,20.42,50,OK
2026-02-15T10:48:45.463Z,0,20.68,50,OK
2026-02-15T10:48:45.513Z,0,20.13,50,OK
2026-02-15T10:48:45.563Z,0,20.48,50,OK
2026-02-15T10:48:45.613Z,0,20.41,50,OK
2026-02-15T10:48:45.663Z,0,20.41,50,OK
2026-02-15T10:48:45.713Z,0,20.63,50,OK
2026-02-15T10:48:45.765Z,0,20.19,50,OK
2026-02-15T10:48:45.815Z,0,20.30,50,OK
2026-02-15T10:48:45.866Z,0,20.39,50,OK
2026-02-15T10:48:45.916Z,0,20.49,50,OK
2026-02-15T10:48:45.966Z,0,20.52,50,OK
2026-02-15T10:48:46.016Z,0,20.31,50,OK
2026-02-15T10:48:46.066Z,0,20.39,50,OK
2026-02-15T10:48:46.116Z,0,20.35,50,OK
2026-02-15T10:48:46.166Z,0,20.54,50,OK
2026-02-15T10:48:46.216Z,0,20.50,50,OK
2026-02-15T10:48:46.266Z,0,20.44,50,OK
2026-02-15T10:48:46.316Z,0,20.37,50,OK
2026-02-15T10:48:46.366Z,0,20.37,50,OK
2026-02-15T10:48:46.416Z,0,20.26,50,OK
2026-02-15T10:48:46.467Z,0,20.82,50,OK
2026-02-15T10:48:46.517Z,0,20.50,50,OK
2026-02-15T10:48:46.567Z,0,20.39,50,OK
2026-02-15T10:48:46.617Z,0,20.29,50,OK
2026-02-15T10:48:46.668Z,0,20.50,50,OK
2026-02-15T10:48:46.720Z,0,20.52,50,OK
2026-02-15T10:48:46.770Z,0,20.07,50,OK
2026-02-15T10:48:46.820Z,0,20.46,50,OK
2026-02-15T10:48:46.870Z,0,20.32,50,OK
2026-02-15T10:48:46.920Z,0,20.19,50,OK
2026-02-15T10:48:46.972Z,0,20.65,50,OK
2026-02-15T10:48:47.022Z,0,20.32,50,OK
2026-02-15T10:48:47.072Z,0,20.24,50,OK
2026-02-15T10:48:47.123Z,0,20.14,50,OK
2026-02-15T10:48:47.174Z,0,20.51,50,OK
2026-02-15T10:48:47.224Z,0,20.31,50,OK
2026-02-15T10:48:47.275Z,0,20.06,50,OK
2026-02-15T10:48:47.325Z,0,20.49,50,OK
2026-02-15T10:48:47.376Z,0,20.65,50,OK
2026-02-15T10:48:47.426Z,0,20.52,50,OK
2026-02-15T10:48:47.476Z,0,20.49,50,OK
2026-02-15T10:48:47.526Z,0,20.52,50,OK
2026-02-15T10:48:47.576Z,0,20.55,50,OK
2026-02-15T10:48:47.626Z,0,20.49,50,OK
2026-02-15T10:48:47.677Z,0,20.67,50,OK
2026-02-15T10:48:47.727Z,0,20.48,50,OK
2026-02-15T10:48:47.777Z,0,20.39,50,OK
2026-02-15T10:48:47.828Z,0,20.33,50,OK
2026-02-15T10:48:47.879Z,0,20.34,50,OK
2026-02-15T10:48:47.929Z,0,20.33,50,OK
2026-02-15T10:48:47.979Z,0,20.39,50,OK
2026-02-15T10:48:48.029Z,0,20.36,50,OK
2026-02-15T10:48:48.079Z,0,19.60,50,OK
2026-02-15T10:48:48.129Z,0,20.36,50,OK
2026-02-15T10:48:48.179Z,0,20.42,50,OK
2026-02-15T10:48:48.230Z,0,20.28,50,OK
2026-02-15T10:48:48.280Z,0,20.51,50,OK
2026-02-15T10:48:48.330Z,0,20.49,50,OK
2026-02-15T10:48:48.381Z,0,20.65,50,OK
2026-02-15T10:48:48.432Z,0,20.52,50,OK
2026-02-15T10:48:48.482Z,0,20.16,50,OK
2026-02-15T10:48:48.533Z,0,20.39,50,OK
2026-02-15T10:48:48.584Z,0,20.38,50,OK
2026-02-15T10:48:48.634Z,0,20.14,50,OK
2026-02-15T10:48:48.685Z,0,20.09,50,OK
2026-02-15T10:48:48.736Z,0,20.54,50,OK
2026-02-15T10:48:48.786Z,0,20.55,50,OK
2026-02-15T10:48:48.836Z,0,20.42,50,OK
2026-02-15T10:48:48.885Z,0,20.71,50,OK
2026-02-15T10:48:48.935Z,0,20.14,50,OK
2026-02-15T10:48:48.986Z,0,20.16,50,OK
2026-02-15T10:48:49.036Z,0,20.52,50,OK
2026-02-15T10:48:49.086Z,0,20.32,50,OK
2026-02-15T10:48:49.137Z,0,20.24,50,OK
2026-02-15T10:48:49.188Z,0,20.49,50,OK
2026-02-15T10:48:49.238Z,0,20.50,50,OK
2026-02-15T10:48:49.289Z,0,20.36,50,OK
2026-02-15T10:48:49.340Z,0,20.28,50,OK
2026-02-15T10:48:49.390Z,0,20.75,50,OK
2026-02-15T10:48:49.440Z,0,20.38,50,OK
2026-02-15T10:48:49.491Z,0,20.70,50,OK
2026-02-15T10:48:49.541Z,0,20.37,50,OK
2026-02-15T10:48:49.592Z,0,20.05,50,OK
2026-02-15T10:48:49.642Z,0,20.23,50,OK
2026-02-15T10:48:49.692Z,0,20.80,50,OK
2026-02-15T10:48:49.742Z,0,20.44,50,OK
2026-02-15T10:48:49.792Z,0,20.72,50,OK
2026-02-15T10:48:49.842Z,0,20.31,50,OK
2026-02-15T10:48:49.892Z,0,20.56,50,OK
2026-02-15T10:48:49.942Z,0,20.65,50,OK
2026-02-15T10:48:49.992Z,0,20.74,50,OK
2026-02-15T10:48:50.042Z,0,20.32,50,OK
2026-02-15T10:48:50.092Z,0,20.71,50,OK
2026-02-15T10:48:50.142Z,0,20.49,50,OK
2026-02-15T10:48:50.192Z,0,20.13,50,OK
2026-02-15T10:48:50.242Z,0,20.39,50,OK
2026-02-15T10:48:50.294Z,0,20.09,50,OK
2026-02-15T10:48:50.345Z,0,20.24,50,OK
2026-02-15T10:48:50.395Z,0,20.19,50,OK
2026-02-15T10:48:50.445Z,0,20.41,50,OK
2026-02-15T10:48:50.495Z,0,20.58,50,OK
2026-02-15T10:48:50.546Z,0,20.39,50,OK
2026-02-15T10:48:50.596Z,0,19.47,50,OK
2026-02-15T10:48:50.646Z,0,20.23,50,OK
2026-02-15T10:48:50.697Z,0,21.01,50,OK
2026-02-15T10:48:50.748Z,0,20.40,50,OK
2026-02-15T10:48:50.798Z,0,20.96,50,OK
2026-02-15T10:48:50.848Z,0,20.46,50,OK
2026-02-15T10:48:50.899Z,0,20.24,50,OK
2026-02-15T10:48:50.950Z,0,20.46,50,OK
2026-02-15T10:48:51.000Z,0,20.72,50,OK
2026-02-15T10:48:51.049Z,0,20.14,50,OK
2026-02-15T10:48:51.100Z,0,19.39,50,OK
2026-02-15T10:48:51.151Z,0,20.44,50,OK
2026-02-15T10:48:51.201Z,0,20.93,50,OK
2026-02-15T10:48:51.251Z,0,20.48,50,OK
2026-02-15T10:48:51.302Z,0,19.91,50,OK
2026-02-15T10:48:51.352Z,0,20.37,50,OK
2026-02-15T10:48:51.403Z,0,20.87,50,OK
2026-02-15T10:48:51.453Z,0,20.50,50,OK
2026-02-15T10:48:51.504Z,0,19.88,50,OK
2026-02-15T10:48:51.554Z,0,20.46,50,OK
2026-02-15T10:48:51.604Z,0,19.89,50,OK
2026-02-15T10:48:51.655Z,0,20.41,50,OK
2026-02-15T10:48:51.706Z,0,20.91,50,OK
2026-02-15T10:48:51.756Z,0,20.54,50,OK
2026-02-15T10:48:51.807Z,0,20.13,50,OK
2026-02-15T10:48:51.857Z,0,20.31,50,OK
2026-02-15T10:48:51.907Z,0,20.07,50,OK
2026-02-15T10:48:51.957Z,0,20.44,50,OK
2026-02-15T10:48:52.008Z,0,20.50,50,OK
2026-02-15T10:48:52.058Z,0,20.39,50,OK
2026-02-15T10:48:52.108Z,0,20.66,50,OK
2026-02-15T10:48:52.159Z,0,20.24,50,OK
2026-02-15T10:48:52.209Z,0,20.07,50,OK
2026-02-15T10:48:52.260Z,0,20.28,50,OK
2026-02-15T10:48:52.310Z,0,20.09,50,OK
2026-02-15T10:48:52.360Z,0,20.39,50,OK
2026-02-15T10:48:52.411Z,0,20.91,50,OK
2026-02-15T10:48:52.461Z,0,20.07,50,OK
2026-02-15T10:48:52.511Z,0,20.90,50,OK
2026-02-15T10:48:52.561Z,0,20.50,50,OK
2026-02-15T10:48:52.611Z,0,20.91,50,OK
2026-02-15T10:48:52.661Z,0,20.44,50,OK
2026-02-15T10:48:52.712Z,0,21.06,50,OK
2026-02-15T10:48:52.762Z,0,20.51,50,OK
2026-02-15T10:48:52.812Z,0,19.80,50,OK
2026-02-15T10:48:52.859Z,0,20.27,50,OK
2026-02-15T10:48:52.910Z,0,20.93,50,OK
2026-02-15T10:48:52.960Z,0,20.46,50,OK
2026-02-15T10:48:53.010Z,0,20.17,50,OK
2026-02-15T10:48:53.060Z,0,20.26,50,OK
2026-02-15T10:48:53.110Z,0,20.04,50,OK
2026-02-15T10:48:53.160Z,0,20.14,50,OK
2026-02-15T10:48:53.211Z,0,20.60,50,OK
2026-02-15T10:48:53.261Z,0,20.36,50,OK
2026-02-15T10:48:53.312Z,0,20.47,50,OK
2026-02-15T10:48:53.362Z,0,20.41,50,OK
2026-02-15T10:48:53.413Z,0,20.50,50,OK
2026-02-15T10:48:53.463Z,0,20.41,50,OK
2026-02-15T10:48:53.513Z,0,19.98,50,OK
2026-02-15T10:48:53.564Z,0,20.46,50,OK
2026-02-15T10:48:53.615Z,0,20.55,50,OK
2026-02-15T10:48:53.665Z,0,20.34,50,OK
2026-02-15T10:48:53.717Z,0,20.79,50,OK
2026-02-15T10:48:53.767Z,0,20.29,50,OK
2026-02-15T10:48:53.818Z,0,20.64,50,OK
2026-02-15T10:48:53.868Z,0,20.36,50,OK
2026-02-15T10:48:53.918Z,0,20.19,50,OK
2026-02-15T10:48:53.968Z,0,20.39,50,OK
2026-02-15T10:48:54.019Z,0,20.65,50,OK
2026-02-15T10:48:54.070Z,0,20.50,50,OK
2026-02-15T10:48:54.121Z,0,21.06,50,OK
2026-02-15T10:48:54.172Z,0,20.04,50,OK
2026-02-15T10:48:54.222Z,0,20.32,50,OK
2026-02-15T10:48:54.273Z,0,20.49,50,OK
2026-02-15T10:48:54.324Z,0,20.16,50,OK
2026-02-15T10:48:54.374Z,0,19.98,50,OK
2026-02-15T10:48:54.424Z,0,20.21,50,OK
2026-02-15T10:48:54.475Z,0,20.52,50,OK
2026-02-15T10:48:54.526Z,0,20.68,50,OK
2026-02-15T10:48:54.577Z,0,20.22,50,OK
2026-02-15T10:48:54.627Z,0,20.68,50,OK
2026-02-15T10:48:54.677Z,0,20.50,50,OK
2026-02-15T10:48:54.727Z,0,20.00,50,OK
2026-02-15T10:48:54.778Z,0,20.81,50,OK
2026-02-15T10:48:54.829Z,0,20.54,50,OK
2026-02-15T10:48:54.880Z,0,20.47,50,OK
2026-02-15T10:48:54.930Z,0,20.47,50,OK
2026-02-15T10:48:54.981Z,0,20.41,50,OK
2026-02-15T10:48:55.032Z,0,20.18,50,OK
2026-02-15T10:48:55.083Z,0,20.40,50,OK
2026-02-15T10:48:55.133Z,0,20.39,50,OK
2026-02-15T10:48:55.183Z,0,20.17,50,OK
2026-02-15T10:48:55.233Z,0,20.31,50,OK
2026-02-15T10:48:55.283Z,0,20.25,50,OK
2026-02-15T10:48:55.333Z,0,20.32,50,OK
2026-02-15T10:48:55.383Z,0,20.37,50,OK
2026-02-15T10:48:55.433Z,0,20.50,50,OK
2026-02-15T10:48:55.484Z,0,20.32,50,OK
2026-02-15T10:48:55.535Z,0,20.24,50,OK
2026-02-15T10:48:55.585Z,0,20.30,50,OK
2026-02-15T10:48:55.635Z,0,20.72,50,OK
2026-02-15T10:48:55.685Z,0,20.32,50,OK
2026-02-15T10:48:55.735Z,0,20.29,50,OK
2026-02-15T10:48:55.786Z,0,20.32,50,OK
2026-02-15T10:48:55.836Z,0,20.16,50,OK
2026-02-15T10:48:55.886Z,0,20.44,50,OK
2026-02-15T10:48:55.936Z,0,20.37,50,OK
2026-02-15T10:48:55.986Z,0,20.31,50,OK
2026-02-15T10:48:56.037Z,0,20.49,50,OK
2026-02-15T10:48:56.088Z,0,20.16,50,OK
2026-02-15T10:48:56.138Z,0,20.75,50,OK
2026-02-15T10:48:56.189Z,0,20.32,50,OK
2026-02-15T10:48:56.240Z,0,20.53,50,OK
2026-02-15T10:48:56.291Z,0,20.29,50,OK
2026-02-15T10:48:56.341Z,0,20.11,50,OK
2026-02-15T10:48:56.391Z,0,20.29,50,OK
2026-02-15T10:48:56.442Z,0,20.57,50,OK
2026-02-15T10:48:56.492Z,0,20.41,50,OK
2026-02-15T10:48:56.543Z,0,20.41,50,OK
2026-02-15T10:48:56.593Z,0,20.34,50,OK
2026-02-15T10:48:56.642Z,0,20.42,50,OK
2026-02-15T10:48:56.693Z,0,20.21,50,OK
2026-02-15T10:48:56.743Z,0,20.52,50,OK
2026-02-15T10:48:56.793Z,0,20.28,50,OK
2026-02-15T10:48:56.843Z,0,20.37,50,OK
2026-02-15T10:48:56.893Z,0,20.36,50,OK
2026-02-15T10:48:56.943Z,0,20.52,50,OK
2026-02-15T10:48:56.994Z,0,19.91,50,OK
2026-02-15T10:48:57.044Z,0,20.21,50,OK
2026-02-15T10:48:57.094Z,0,19.86,50,OK
2026-02-15T10:48:57.143Z,0,20.11,50,OK
2026-02-15T10:48:57.194Z,0,20.28,50,OK
2026-02-15T10:48:57.245Z,0,20.55,50,OK
2026-02-15T10:48:57.295Z,0,20.57,50,OK
2026-02-15T10:48:57.345Z,0,20.23,50,OK
2026-02-15T10:48:57.395Z,0,20.25,50,OK
2026-02-15T10:48:57.446Z,0,20.24,50,OK
2026-02-15T10:48:57.496Z,0,20.28,50,OK
2026-02-15T10:48:57.548Z,0,20.44,50,OK
2026-02-15T10:48:57.598Z,0,20.37,50,OK
2026-02-15T10:48:57.649Z,0,20.28,50,OK
2026-02-15T10:48:57.699Z,0,20.64,50,OK
2026-02-15T10:48:57.749Z,0,20.41,50,OK
2026-02-15T10:48:57.800Z,0,20.37,50,OK
2026-02-15T10:48:57.851Z,0,20.49,50,OK
2026-02-15T10:48:57.901Z,0,20.49,50,OK
2026-02-15T10:48:57.951Z,0,20.44,50,OK
2026-02-15T10:48:58.002Z,0,20.32,50,OK
2026-02-15T10:48:58.051Z,0,20.49,50,OK
2026-02-15T10:48:58.101Z,0,20.37,50,OK
2026-02-15T10:48:58.152Z,0,20.31,50,OK
2026-02-15T10:48:58.202Z,0,20.41,50,OK
2026-02-15T10:48:58.252Z,0,20.26,50,OK
2026-02-15T10:48:58.302Z,0,20.38,50,OK
2026-02-15T10:48:58.352Z,0,20.28,50,OK
2026-02-15T10:48:58.403Z,0,20.30,50,OK
2026-02-15T10:48:58.454Z,0,20.34,50,OK
2026-02-15T10:48:58.504Z,0,20.38,50,OK
2026-02-15T10:48:58.554Z,0,20.36,50,OK
2026-02-15T10:48:58.605Z,0,20.31,50,OK
2026-02-15T10:48:58.656Z,0,20.34,50,OK
2026-02-15T10:48:58.707Z,0,20.53,50,OK
2026-02-15T10:48:58.757Z,0,20.32,50,OK
2026-02-15T10:48:58.807Z,0,20.26,50,OK
2026-02-15T10:48:58.857Z,0,20.37,50,OK
2026-02-15T10:48:58.908Z,0,19.92,50,OK
2026-02-15T10:48:58.958Z,0,20.14,50,OK
2026-02-15T10:48:59.008Z,0,20.28,50,OK
2026-02-15T10:48:59.058Z,0,20.17,50,OK
2026-02-15T10:48:59.108Z,0,20.21,50,OK
2026-02-15T10:48:59.158Z,0,20.28,50,OK
2026-02-15T10:48:59.208Z,0,20.28,50,OK
2026-02-15T10:48:59.258Z,0,20.26,50,OK
2026-02-15T10:48:59.308Z,0,20.34,50,OK
2026-02-15T10:48:59.358Z,0,20.23,50,OK
2026-02-15T10:48:59.409Z,0,20.16,50,OK
2026-02-15T10:48:59.459Z,0,20.34,50,OK
2026-02-15T10:48:59.509Z,0,20.32,50,OK
2026-02-15T10:48:59.559Z,0,20.37,50,OK
2026-02-15T10:48:59.609Z,0,20.18,50,OK
2026-02-15T10:48:59.659Z,0,20.26,50,OK
2026-02-15T10:48:59.709Z,0,20.31,50,OK
2026-02-15T10:48:59.760Z,0,20.32,50,OK
2026-02-15T10:48:59.811Z,0,20.16,50,OK
2026-02-15T10:48:59.861Z,0,20.38,50,OK
2026-02-15T10:48:59.912Z,0,20.26,50,OK
2026-02-15T10:48:59.962Z,0,20.29,50,OK
2026-02-15T10:49:00.013Z,0,20.31,50,OK
2026-02-15T10:49:00.064Z,0,20.24,50,OK
2026-02-15T10:49:00.114Z,0,20.29,50,OK
2026-02-15T10:49:00.164Z,0,20.33,50,OK
2026-02-15T10:49:00.214Z,0,20.26,50,OK
2026-02-15T10:49:00.263Z,0,20.23,50,OK
2026-02-15T10:49:00.314Z,0,20.32,50,OK
2026-02-15T10:49:00.365Z,0,20.23,50,OK
2026-02-15T10:49:00.415Z,0,20.19,50,OK
2026-02-15T10:49:00.466Z,0,20.31,50,OK
2026-02-15T10:49:00.516Z,0,20.30,50,OK
2026-02-15T10:49:00.567Z,0,20.18,50,OK
2026-02-15T10:49:00.617Z,0,20.05,50,OK
2026-02-15T10:49:00.668Z,0,20.23,50,OK
2026-02-15T10:49:00.718Z,0,19.98,50,OK
2026-02-15T10:49:00.768Z,0,20.19,50,OK
2026-02-15T10:49:00.818Z,0,19.85,50,OK
2026-02-15T10:49:00.868Z,0,20.23,50,OK
2026-02-15T10:49:00.918Z,0,19.93,50,OK
2026-02-15T10:49:00.968Z,0,20.29,50,OK
2026-02-15T10:49:01.018Z,0,20.42,50,OK
2026-02-15T10:49:01.068Z,0,20.36,50,OK
2026-02-15T10:49:01.119Z,0,20.38,50,OK
2026-02-15T10:49:01.169Z,0,20.31,50,OK
2026-02-15T10:49:01.219Z,0,20.18,50,OK
2026-02-15T10:49:01.270Z,0,20.24,50,OK
2026-02-15T10:49:01.320Z,0,20.20,50,OK
2026-02-15T10:49:01.371Z,0,20.42,50,OK
2026-02-15T10:49:01.422Z,0,20.32,50,OK
2026-02-15T10:49:01.472Z,0,20.16,50,OK
2026-02-15T10:49:01.522Z,0,19.79,50,OK
2026-02-15T10:49:01.571Z,0,20.32,50,OK
2026-02-15T10:49:01.622Z,0,20.37,50,OK
2026-02-15T10:49:01.672Z,0,20.32,50,OK
2026-02-15T10:49:01.723Z,0,20.30,50,OK
2026-02-15T10:49:01.773Z,0,20.29,50,OK
2026-02-15T10:49:01.825Z,0,20.37,50,OK
2026-02-15T10:49:01.875Z,0,20.34,50,OK
2026-02-15T10:49:01.925Z,0,19.91,50,OK
2026-02-15T10:49:01.976Z,0,20.36,50,OK
2026-02-15T10:49:02.026Z,0,20.43,50,OK
2026-02-15T10:49:02.077Z,0,20.34,50,OK
2026-02-15T10:49:02.128Z,0,20.38,50,OK
2026-02-15T10:49:02.179Z,0,20.24,50,OK
2026-02-15T10:49:02.229Z,0,20.05,50,OK
2026-02-15T10:49:02.279Z,0,20.31,50,OK
2026-02-15T10:49:02.329Z,0,20.30,50,OK
2026-02-15T10:49:02.379Z,0,20.36,50,OK
2026-02-15T10:49:02.429Z,0,20.53,50,OK
2026-02-15T10:49:02.479Z,0,20.18,50,OK
2026-02-15T10:49:02.529Z,0,20.53,50,OK
2026-02-15T10:49:02.580Z,0,20.16,50,OK
2026-02-15T10:49:02.630Z,0,20.45,50,OK
2026-02-15T10:49:02.681Z,0,20.24,50,OK
2026-02-15T10:49:02.731Z,0,20.03,50,OK
2026-02-15T10:49:02.780Z,0,20.29,50,OK
2026-02-15T10:49:02.831Z,0,20.09,50,OK
2026-02-15T10:49:02.881Z,0,20.36,50,OK
2026-02-15T10:49:02.931Z,0,19.96,50,OK
2026-02-15T10:49:02.981Z,0,20.28,50,OK
2026-02-15T10:49:03.032Z,0,20.49,50,OK
2026-02-15T10:49:03.082Z,0,20.24,50,OK
2026-02-15T10:49:03.132Z,0,20.01,50,OK
2026-02-15T10:49:03.182Z,0,20.26,50,OK
2026-02-15T10:49:03.233Z,0,20.48,50,OK
2026-02-15T10:49:03.283Z,0,20.32,50,OK
2026-02-15T10:49:03.333Z,0,20.41,50,OK
2026-02-15T10:49:03.383Z,0,20.47,50,OK
2026-02-15T10:49:03.433Z,0,20.24,50,OK
2026-02-15T10:49:03.484Z,0,20.47,50,OK
2026-02-15T10:49:03.534Z,0,20.13,50,OK
2026-02-15T10:49:03.584Z,0,20.21,50,OK
2026-02-15T10:49:03.635Z,0,20.32,50,OK
2026-02-15T10:49:03.686Z,0,20.31,50,OK
2026-02-15T10:49:03.737Z,0,20.34,50,OK
2026-02-15T10:49:03.788Z,0,20.30,50,OK
2026-02-15T10:49:03.838Z,0,20.39,50,OK
2026-02-15T10:49:03.888Z,0,20.52,50,OK
2026-02-15T10:49:03.938Z,0,20.37,50,OK
2026-02-15T10:49:03.988Z,0,20.33,50,OK
2026-02-15T10:49:04.039Z,0,20.47,50,OK
2026-02-15T10:49:04.089Z,0,20.26,50,OK
2026-02-15T10:49:04.140Z,0,20.24,50,OK
2026-02-15T10:49:04.190Z,0,20.29,50,OK
2026-02-15T10:49:04.240Z,0,20.46,50,OK
2026-02-15T10:49:04.291Z,0,20.30,50,OK
2026-02-15T10:49:04.341Z,0,20.78,50,OK
2026-02-15T10:49:04.391Z,0,20.29,50,OK
2026-02-15T10:49:04.441Z,0,19.51,50,OK
2026-02-15T10:49:04.491Z,0,20.46,50,OK
2026-02-15T10:49:04.542Z,0,20.67,50,OK
2026-02-15T10:49:04.592Z,0,20.38,50,OK
2026-02-15T10:49:04.642Z,0,20.83,50,OK
2026-02-15T10:49:04.692Z,0,20.36,50,OK
2026-02-15T10:49:04.741Z,0,19.97,50,OK
2026-02-15T10:49:04.792Z,0,20.49,50,OK
2026-02-15T10:49:04.842Z,0,20.73,50,OK
2026-02-15T10:49:04.892Z,0,20.28,50,OK
2026-02-15T10:49:04.942Z,0,20.08,50,OK
2026-02-15T10:49:04.992Z,0,20.36,50,OK
2026-02-15T10:49:05.043Z,0,20.61,50,OK
2026-02-15T10:49:05.093Z,0,20.55,50,OK
2026-02-15T10:49:05.143Z,0,20.54,50,OK
2026-02-15T10:49:05.194Z,0,20.47,50,OK
2026-02-15T10:49:05.245Z,0,20.20,50,OK
2026-02-15T10:49:05.295Z,0,20.37,50,OK
2026-02-15T10:49:05.345Z,0,20.38,50,OK
2026-02-15T10:49:05.397Z,0,20.37,50,OK
2026-02-15T10:49:05.447Z,0,19.93,50,OK
2026-02-15T10:49:05.497Z,0,20.44,50,OK
2026-02-15T10:49:05.548Z,0,20.28,50,OK
2026-02-15T10:49:05.599Z,0,20.14,50,OK
2026-02-15T10:49:05.650Z,0,19.87,50,OK
2026-02-15T10:49:05.700Z,0,20.32,50,OK
2026-02-15T10:49:05.750Z,0,20.63,50,OK
2026-02-15T10:49:05.800Z,0,20.16,50,OK
2026-02-15T10:49:05.850Z,0,20.54,50,OK
2026-02-15T10:49:05.900Z,0,20.42,50,OK
2026-02-15T10:49:05.951Z,0,20.23,50,OK
2026-02-15T10:49:06.001Z,0,20.37,50,OK
2026-02-15T10:49:06.051Z,0,20.96,50,OK
2026-02-15T10:49:06.102Z,0,20.53,50,OK
2026-02-15T10:49:06.152Z,0,20.00,50,OK
2026-02-15T10:49:06.202Z,0,20.49,50,OK
2026-02-15T10:49:06.253Z,0,19.88,50,OK
2026-02-15T10:49:06.303Z,0,20.29,50,OK
2026-02-15T10:49:06.354Z,0,21.13,50,OK
2026-02-15T10:49:06.404Z,0,20.46,50,OK
2026-02-15T10:49:06.455Z,0,20.82,50,OK
2026-02-15T10:49:06.505Z,0,20.31,50,OK
2026-02-15T10:49:06.555Z,0,19.64,50,OK
2026-02-15T10:49:06.606Z,0,20.31,50,OK
2026-02-15T10:49:06.656Z,0,20.96,50,OK
2026-02-15T10:49:06.707Z,0,20.52,50,OK
2026-02-15T10:49:06.758Z,0,19.93,50,OK
2026-02-15T10:49:06.807Z,0,20.36,50,OK
2026-02-15T10:49:06.858Z,0,20.09,50,OK
2026-02-15T10:49:06.908Z,0,20.67,50,OK
2026-02-15T10:49:06.959Z,0,20.77,50,OK
2026-02-15T10:49:07.009Z,0,20.29,50,OK
2026-02-15T10:49:07.060Z,0,20.37,50,OK
2026-02-15T10:49:07.111Z,0,20.11,50,OK
2026-02-15T10:49:07.162Z,0,19.86,50,OK
2026-02-15T10:49:07.213Z,0,20.52,50,OK
2026-02-15T10:49:07.263Z,0,20.76,50,OK
2026-02-15T10:49:07.314Z,0,20.26,50,OK
2026-02-15T10:49:07.364Z,0,20.46,50,OK
2026-02-15T10:49:07.414Z,0,20.32,50,OK
2026-02-15T10:49:07.465Z,0,20.50,50,OK
2026-02-15T10:49:07.515Z,0,20.28,50,OK
2026-02-15T10:49:07.566Z,0,20.47,50,OK
2026-02-15T10:49:07.616Z,0,20.37,50,OK
2026-02-15T10:49:07.667Z,0,20.16,50,OK
2026-02-15T10:49:07.717Z,0,20.19,50,OK
2026-02-15T10:49:07.767Z,0,20.32,50,OK
2026-02-15T10:49:07.818Z,0,20.39,50,OK
2026-02-15T10:49:07.868Z,0,20.09,50,OK
2026-02-15T10:49:07.918Z,0,20.42,50,OK
2026-02-15T10:49:07.968Z,0,20.18,50,OK
2026-02-15T10:49:08.018Z,0,20.39,50,OK
2026-02-15T10:49:08.068Z,0,20.59,50,OK
2026-02-15T10:49:08.118Z,0,20.39,50,OK
2026-02-15T10:49:08.169Z,0,20.87,50,OK
2026-02-15T10:49:08.220Z,0,20.41,50,OK
2026-02-15T10:49:08.271Z,0,20.70,50,OK
2026-02-15T10:49:08.321Z,0,20.05,50,OK
2026-02-15T10:49:08.371Z,0,19.82,50,OK
2026-02-15T10:49:08.422Z,0,20.33,50,OK
2026-02-15T10:49:08.472Z,0,19.90,50,OK
2026-02-15T10:49:08.523Z,0,20.19,50,OK
2026-02-15T10:49:08.573Z,0,20.91,50,OK
2026-02-15T10:49:08.624Z,0,20.35,50,OK
2026-02-15T10:49:08.674Z,0,20.60,50,OK
2026-02-15T10:49:08.724Z,0,20.32,50,OK
2026-02-15T10:49:08.774Z,0,19.70,50,OK
2026-02-15T10:49:08.824Z,0,20.21,50,OK
2026-02-15T10:49:08.874Z,0,19.65,50,OK
2026-02-15T10:49:08.924Z,0,20.37,50,OK
2026-02-15T10:49:08.974Z,0,20.98,50,OK
2026-02-15T10:49:09.024Z,0,20.38,50,OK
2026-02-15T10:49:09.075Z,0,20.18,50,OK
2026-02-15T10:49:09.125Z,0,20.16,50,OK
2026-02-15T10:49:09.175Z,0,20.39,50,OK
2026-02-15T10:49:09.225Z,0,20.36,50,OK
2026-02-15T10:49:09.275Z,0,20.15,50,OK
2026-02-15T10:49:09.325Z,0,20.16,50,OK
2026-02-15T10:49:09.376Z,0,20.42,50,OK
2026-02-15T10:49:09.426Z,0,20.31,50,OK
2026-02-15T10:49:09.477Z,0,20.08,50,OK
2026-02-15T10:49:09.528Z,0,20.37,50,OK
2026-02-15T10:49:09.579Z,0,20.37,50,OK
2026-02-15T10:49:09.629Z,0,20.26,50,OK
2026-02-15T10:49:09.680Z,0,20.26,50,OK
2026-02-15T10:49:09.731Z,0,20.32,50,OK
2026-02-15T10:49:09.781Z,0,20.19,50,OK
2026-02-15T10:49:09.831Z,0,20.14,50,OK
2026-02-15T10:49:09.881Z,0,20.73,50,OK
2026-02-15T10:49:09.931Z,0,20.26,50,OK
2026-02-15T10:49:09.981Z,0,20.41,50,OK
2026-02-15T10:49:10.031Z,0,20.32,50,OK
2026-02-15T10:49:10.081Z,0,20.09,50,OK
2026-02-15T10:49:10.132Z,0,20.23,50,OK
2026-02-15T10:49:10.182Z,0,20.11,50,OK
2026-02-15T10:49:10.232Z,0,20.41,50,OK
2026-02-15T10:49:10.283Z,0,20.46,50,OK
2026-02-15T10:49:10.333Z,0,20.37,50,OK
2026-02-15T10:49:10.385Z,0,20.81,50,OK
2026-02-15T10:49:10.435Z,0,20.42,50,OK
2026-02-15T10:49:10.486Z,0,20.65,50,OK
2026-02-15T10:49:10.536Z,0,20.09,50,OK
2026-02-15T10:49:10.586Z,0,20.16,50,OK
2026-02-15T10:49:10.638Z,0,20.41,50,OK
2026-02-15T10:49:10.687Z,0,20.43,50,OK
2026-02-15T10:49:10.738Z,0,20.39,50,OK
2026-02-15T10:49:10.788Z,0,20.52,50,OK
2026-02-15T10:49:10.839Z,0,20.32,50,OK
2026-02-15T10:49:10.889Z,0,19.52,50,OK
2026-02-15T10:49:10.939Z,0,20.52,50,OK
2026-02-15T10:49:10.990Z,0,20.47,50,OK
2026-02-15T10:49:11.040Z,0,20.24,50,OK
2026-02-15T10:49:11.091Z,0,20.36,50,OK
2026-02-15T10:49:11.141Z,0,20.71,50,OK
2026-02-15T10:49:11.191Z,0,20.37,50,OK
2026-02-15T10:49:11.241Z,0,20.42,50,OK
2026-02-15T10:49:11.292Z,0,20.37,50,OK
2026-02-15T10:49:11.342Z,0,20.56,50,OK
2026-02-15T10:49:11.394Z,0,20.42,50,OK
2026-02-15T10:49:11.444Z,0,20.38,50,OK
2026-02-15T10:49:11.494Z,0,20.39,50,OK
2026-02-15T10:49:11.544Z,0,20.29,50,OK
2026-02-15T10:49:11.594Z,0,20.14,50,OK
2026-02-15T10:49:11.644Z,0,20.21,50,OK
2026-02-15T10:49:11.694Z,0,20.19,50,OK
2026-02-15T10:49:11.744Z,0,20.19,50,OK
2026-02-15T10:49:11.794Z,0,20.16,50,OK
2026-02-15T10:49:11.843Z,0,20.27,50,OK
2026-02-15T10:49:11.894Z,0,20.18,50,OK
2026-02-15T10:49:11.943Z,0,20.27,50,OK
2026-02-15T10:49:11.993Z,0,20.31,50,OK
2026-02-15T10:49:12.044Z,0,20.21,50,OK
2026-02-15T10:49:12.095Z,0,19.99,50,OK
2026-02-15T10:49:12.145Z,0,20.41,50,OK
2026-02-15T10:49:12.196Z,0,19.99,50,OK
2026-02-15T10:49:12.246Z,0,20.33,50,OK
2026-02-15T10:49:12.296Z,0,20.28,50,OK
2026-02-15T10:49:12.347Z,0,20.52,50,OK
2026-02-15T10:49:12.398Z,0,20.84,50,OK
2026-02-15T10:49:12.449Z,0,20.44,50,OK
2026-02-15T10:49:12.499Z,0,20.23,50,OK
2026-02-15T10:49:12.549Z,0,20.36,50,OK
2026-02-15T10:49:12.599Z,0,20.79,50,OK
2026-02-15T10:49:12.650Z,0,20.37,50,OK
2026-02-15T10:49:12.701Z,0,20.11,50,OK
2026-02-15T10:49:12.751Z,0,20.37,50,OK
2026-02-15T10:49:12.802Z,0,20.55,50,OK
2026-02-15T10:49:12.852Z,0,20.44,50,OK
2026-02-15T10:49:12.903Z,0,20.06,50,OK
2026-02-15T10:49:12.953Z,0,20.29,50,OK
2026-02-15T10:49:13.003Z,0,20.18,50,OK
2026-02-15T10:49:13.053Z,0,20.39,50,OK
2026-02-15T10:49:13.104Z,0,20.61,50,OK
2026-02-15T10:49:13.154Z,0,20.49,50,OK
2026-02-15T10:49:13.204Z,0,20.51,50,OK
2026-02-15T10:49:13.254Z,0,20.24,50,OK
2026-02-15T10:49:13.305Z,0,20.39,50,OK
2026-02-15T10:49:13.355Z,0,20.52,50,OK
2026-02-15T10:49:13.405Z,0,20.54,50,OK
2026-02-15T10:49:13.455Z,0,19.96,50,OK
2026-02-15T10:49:13.505Z,0,20.49,50,OK
2026-02-15T10:49:13.555Z,0,20.54,50,OK
2026-02-15T10:49:13.605Z,0,20.34,50,OK
2026-02-15T10:52:05.045Z,0,37.91,50,OK
2026-02-15T10:52:05.095Z,0,20.42,50,OK
2026-02-15T10:52:05.145Z,0,20.28,50,OK
2026-02-15T10:52:05.196Z,0,20.23,50,OK
2026-02-15T10:52:05.246Z,0,20.23,50,OK
2026-02-15T10:52:05.296Z,0,19.97,50,OK
2026-02-15T10:52:05.346Z,0,20.21,50,OK
2026-02-15T10:52:05.396Z,0,20.50,50,OK
2026-02-15T10:52:05.446Z,0,20.21,50,OK
2026-02-15T10:52:05.496Z,0,20.73,50,OK
2026-02-15T10:52:05.546Z,0,20.26,50,OK
2026-02-15T10:52:05.596Z,0,20.35,50,OK
2026-02-15T10:52:05.646Z,0,20.21,50,OK
2026-02-15T10:52:05.696Z,0,19.91,50,OK
2026-02-15T10:52:05.747Z,0,20.23,50,OK
2026-02-15T10:52:05.797Z,0,20.36,50,OK
2026-02-15T10:52:05.847Z,0,19.36,50,OK
2026-02-15T10:52:05.897Z,0,20.45,50,OK
2026-02-15T10:52:05.949Z,0,20.24,50,OK
2026-02-15T10:52:05.999Z,0,19.97,50,OK
2026-02-15T10:52:06.049Z,0,20.21,50,OK
2026-02-15T10:52:06.100Z,0,20.37,50,OK
2026-02-15T10:52:06.149Z,0,20.24,50,OK
2026-02-15T10:52:06.199Z,0,19.88,50,OK
2026-02-15T10:52:06.249Z,0,20.23,50,OK
2026-02-15T10:52:06.299Z,0,20.46,50,OK
2026-02-15T10:52:06.349Z,0,20.41,50,OK
2026-02-15T10:52:06.399Z,0,20.29,50,OK
2026-02-15T10:52:06.449Z,0,20.75,50,OK
2026-02-15T10:52:06.500Z,0,19.24,50,OK
2026-02-15T10:52:06.550Z,0,20.09,50,OK
2026-02-15T10:52:06.600Z,0,20.14,50,OK
2026-02-15T10:52:06.651Z,0,20.40,50,OK
2026-02-15T10:52:06.701Z,0,20.18,50,OK
2026-02-15T10:52:06.752Z,0,20.59,50,OK
2026-02-15T10:52:06.802Z,0,20.18,50,OK
2026-02-15T10:52:06.852Z,0,20.50,50,OK
2026-02-15T10:52:06.902Z,0,20.19,50,OK
2026-02-15T10:52:06.952Z,0,20.28,50,OK
2026-02-15T10:52:07.002Z,0,20.21,50,OK
2026-02-15T10:52:07.052Z,0,20.29,50,OK
2026-02-15T10:52:07.102Z,0,20.21,50,OK
2026-02-15T10:52:07.152Z,0,20.22,50,OK
2026-02-15T10:52:07.202Z,0,20.21,50,OK
2026-02-15T10:52:07.252Z,0,20.25,50,OK
2026-02-15T10:52:07.302Z,0,20.26,50,OK
2026-02-15T10:52:07.354Z,0,20.38,50,OK
2026-02-15T10:52:07.404Z,0,20.29,50,OK
2026-02-15T10:52:07.454Z,0,20.24,50,OK
2026-02-15T10:52:07.505Z,0,20.19,50,OK
2026-02-15T10:52:07.557Z,0,20.30,50,OK
2026-02-15T10:52:07.608Z,0,20.26,50,OK
2026-02-15T10:52:07.658Z,0,20.19,50,OK
2026-02-15T10:52:07.708Z,0,20.23,50,OK
2026-02-15T10:52:07.758Z,0,20.20,50,OK
2026-02-15T10:52:07.809Z,0,20.13,50,OK
2026-02-15T10:52:07.859Z,0,20.23,50,OK
2026-02-15T10:52:07.909Z,0,20.23,50,OK
2026-02-15T10:52:07.959Z,0,20.38,50,OK
2026-02-15T10:52:08.009Z,0,20.21,50,OK
2026-02-15T10:52:08.060Z,0,20.23,50,OK
2026-02-15T10:52:08.110Z,0,20.19,50,OK
2026-02-15T10:52:08.161Z,0,20.28,50,OK
2026-02-15T10:52:08.211Z,0,20.09,50,OK
2026-02-15T10:52:08.261Z,0,20.23,50,OK
2026-02-15T10:52:08.311Z,0,20.53,50,OK
2026-02-15T10:52:08.361Z,0,20.23,50,OK
2026-02-15T10:52:08.412Z,0,20.51,50,OK
2026-02-15T10:52:08.462Z,0,20.21,50,OK
2026-02-15T10:52:08.512Z,0,20.39,50,OK
2026-02-15T10:52:08.563Z,0,20.21,50,OK
2026-02-15T10:52:08.613Z,0,20.02,50,OK
2026-02-15T10:52:08.663Z,0,20.37,50,OK
2026-02-15T10:52:08.713Z,0,20.67,50,OK
2026-02-15T10:52:08.763Z,0,20.37,50,OK
2026-02-15T10:52:08.813Z,0,20.50,50,OK
2026-02-15T10:52:08.864Z,0,20.24,50,OK
2026-02-15T10:52:08.914Z,0,20.42,50,OK
2026-02-15T10:52:08.964Z,0,20.24,50,OK
2026-02-15T10:52:09.014Z,0,20.39,50,OK
2026-02-15T10:52:09.065Z,0,20.34,50,OK
2026-02-15T10:52:09.115Z,0,20.29,50,OK
2026-02-15T10:52:09.165Z,0,20.43,50,OK
2026-02-15T10:52:09.215Z,0,20.23,50,OK
2026-02-15T10:52:09.265Z,0,20.21,50,OK
2026-02-15T10:52:09.315Z,0,20.23,50,OK
2026-02-15T10:52:09.366Z,0,20.28,50,OK
2026-02-15T10:52:09.417Z,0,20.28,50,OK
2026-02-15T10:52:09.467Z,0,20.21,50,OK
2026-02-15T10:52:09.518Z,0,20.19,50,OK
2026-02-15T10:52:09.568Z,0,20.22,50,OK
2026-02-15T10:52:09.619Z,0,20.37,50,OK
2026-02-15T10:52:09.669Z,0,20.25,50,OK
2026-02-15T10:52:09.719Z,0,19.55,50,OK
2026-02-15T10:52:09.770Z,0,20.28,50,OK
2026-02-15T10:52:09.820Z,0,20.39,50,OK
2026-02-15T10:52:09.871Z,0,20.24,50,OK
2026-02-15T10:52:09.921Z,0,20.37,50,OK
2026-02-15T10:52:09.972Z,0,20.25,50,OK
2026-02-15T10:52:10.022Z,0,20.57,50,OK
2026-02-15T10:52:10.073Z,0,20.21,50,OK
2026-02-15T10:52:10.123Z,0,20.54,50,OK
2026-02-15T10:52:10.173Z,0,20.25,50,OK
2026-02-15T10:52:10.224Z,0,20.57,50,OK
2026-02-15T10:52:10.274Z,0,20.20,50,OK
2026-02-15T10:52:10.324Z,0,19.73,50,OK
2026-02-15T10:52:10.375Z,0,20.37,50,OK
2026-02-15T10:52:10.425Z,0,19.67,50,OK
2026-02-15T10:52:10.475Z,0,20.19,50,OK
2026-02-15T10:52:10.525Z,0,19.47,50,OK
2026-02-15T10:52:10.575Z,0,20.22,50,OK
2026-02-15T10:52:10.625Z,0,19.93,50,OK
2026-02-15T10:52:10.675Z,0,20.28,50,OK
2026-02-15T10:52:10.725Z,0,19.83,50,OK
2026-02-15T10:52:10.775Z,0,20.29,50,OK
2026-02-15T10:52:10.825Z,0,20.19,50,OK
2026-02-15T10:52:10.875Z,0,20.24,50,OK
2026-02-15T10:52:10.925Z,0,20.48,50,OK
2026-02-15T10:52:10.975Z,0,20.49,50,OK
2026-02-15T10:52:11.025Z,0,19.88,50,OK
2026-02-15T10:52:11.076Z,0,20.28,50,OK
2026-02-15T10:52:11.126Z,0,20.05,50,OK
2026-02-15T10:52:11.176Z,0,20.28,50,OK
2026-02-15T10:52:11.226Z,0,20.07,50,OK
2026-02-15T10:52:11.276Z,0,20.34,50,OK
2026-02-15T10:52:11.326Z,0,20.46,50,OK
2026-02-15T10:52:11.377Z,0,20.49,50,OK
2026-02-15T10:52:11.427Z,0,20.32,50,OK
2026-02-15T10:52:11.477Z,0,20.13,50,OK
2026-02-15T10:52:11.528Z,0,20.44,50,OK
2026-02-15T10:52:11.579Z,0,20.88,50,OK
2026-02-15T10:52:11.629Z,0,20.13,50,OK
2026-02-15T10:52:11.679Z,0,20.31,50,OK
2026-02-15T10:52:11.729Z,0,20.09,50,OK
2026-02-15T10:52:11.779Z,0,20.24,50,OK
2026-02-15T10:52:11.829Z,0,20.32,50,OK
2026-02-15T10:52:11.879Z,0,20.28,50,OK
2026-02-15T10:52:11.929Z,0,20.28,50,OK
2026-02-15T10:52:11.980Z,0,20.19,50,OK
2026-02-15T10:52:12.030Z,0,20.14,50,OK
2026-02-15T10:52:12.080Z,0,20.16,50,OK
2026-02-15T10:52:12.130Z,0,20.24,50,OK
2026-02-15T10:52:12.180Z,0,19.73,50,OK
2026-02-15T10:52:12.230Z,0,20.28,50,OK
2026-02-15T10:52:12.281Z,0,20.31,50,OK
2026-02-15T10:52:12.332Z,0,20.67,50,OK
2026-02-15T10:52:12.382Z,0,20.32,50,OK
2026-02-15T10:52:12.433Z,0,19.46,50,OK
2026-02-15T10:52:12.484Z,0,20.34,50,OK
2026-02-15T10:52:12.534Z,0,20.80,50,OK
2026-02-15T10:52:12.585Z,0,20.41,50,OK
2026-02-15T10:52:12.635Z,0,20.78,50,OK
2026-02-15T10:52:12.686Z,0,20.27,50,OK
2026-02-15T10:52:12.736Z,0,19.64,50,OK
2026-02-15T10:52:12.786Z,0,20.20,50,OK
2026-02-15T10:52:12.837Z,0,20.65,50,OK
2026-02-15T10:52:12.887Z,0,20.30,50,OK
2026-02-15T10:52:12.937Z,0,21.26,50,OK
2026-02-15T10:52:12.987Z,0,20.42,50,OK
2026-02-15T10:52:13.037Z,0,20.55,50,OK
2026-02-15T10:52:13.087Z,0,20.29,50,OK
2026-02-15T10:52:13.137Z,0,20.01,50,OK
2026-02-15T10:52:13.187Z,0,20.29,50,OK
2026-02-15T10:52:13.238Z,0,20.49,50,OK
2026-02-15T10:52:13.288Z,0,20.41,50,OK
2026-02-15T10:52:13.338Z,0,20.14,50,OK
2026-02-15T10:52:13.388Z,0,20.39,50,OK
2026-02-15T10:52:13.438Z,0,20.39,50,OK
2026-02-15T10:52:13.488Z,0,20.39,50,OK
2026-02-15T10:52:13.538Z,0,20.37,50,OK
2026-02-15T10:52:13.588Z,0,20.28,50,OK
2026-02-15T10:52:13.638Z,0,20.41,50,OK
2026-02-15T10:52:13.689Z,0,20.43,50,OK
2026-02-15T10:52:13.739Z,0,20.34,50,OK
2026-02-15T10:52:13.789Z,0,20.48,50,OK
2026-02-15T10:52:13.839Z,0,20.50,50,OK
2026-02-15T10:52:13.889Z,0,20.33,50,OK
2026-02-15T10:52:13.939Z,0,19.46,50,OK
2026-02-15T10:52:13.989Z,0,20.42,50,OK
2026-02-15T10:52:14.039Z,0,19.44,50,OK
2026-02-15T10:52:14.089Z,0,20.29,50,OK
2026-02-15T10:52:14.139Z,0,19.55,50,OK
2026-02-15T10:52:14.189Z,0,20.44,50,OK
2026-02-15T10:52:14.239Z,0,19.90,50,OK
2026-02-15T10:52:14.291Z,0,20.46,50,OK
2026-02-15T10:52:14.342Z,0,20.85,50,OK
2026-02-15T10:52:14.393Z,0,20.41,50,OK
2026-02-15T10:52:14.443Z,0,20.95,50,OK
2026-02-15T10:52:14.493Z,0,20.29,50,OK
2026-02-15T10:52:14.543Z,0,20.60,50,OK
2026-02-15T10:52:14.593Z,0,20.11,50,OK
2026-02-15T10:52:14.643Z,0,20.44,50,OK
2026-02-15T10:52:14.693Z,0,20.24,50,OK
2026-02-15T10:52:14.743Z,0,20.44,50,OK
2026-02-15T10:52:14.794Z,0,20.31,50,OK
2026-02-15T10:52:14.844Z,0,20.48,50,OK
2026-02-15T10:52:14.895Z,0,20.42,50,OK
2026-02-15T10:52:14.945Z,0,20.28,50,OK
2026-02-15T10:52:14.996Z,0,20.50,50,OK
2026-02-15T10:52:15.046Z,0,20.17,50,OK
2026-02-15T10:52:15.096Z,0,20.52,50,OK
2026-02-15T10:52:15.146Z,0,20.95,50,OK
2026-02-15T10:52:15.196Z,0,20.64,50,OK
2026-02-15T10:52:15.247Z,0,20.59,50,OK
2026-02-15T10:52:15.298Z,0,20.36,50,OK
2026-02-15T10:52:15.348Z,0,20.88,50,OK
2026-02-15T10:52:15.398Z,0,20.46,50,OK
2026-02-15T10:52:15.449Z,0,20.87,50,OK
2026-02-15T10:52:15.503Z,0,23.70,50,OK
2026-02-15T10:52:15.553Z,0,19.59,50,OK
2026-02-15T10:52:15.604Z,0,20.30,50,OK
2026-02-15T10:52:15.654Z,0,20.37,50,OK
2026-02-15T10:52:15.704Z,0,20.19,50,OK
2026-02-15T10:52:15.756Z,0,20.79,50,OK
2026-02-15T10:52:15.806Z,0,20.37,50,OK
2026-02-15T10:52:15.857Z,0,20.87,50,OK
2026-02-15T10:52:15.907Z,0,20.23,50,OK
2026-02-15T10:52:15.957Z,0,20.00,50,OK
2026-02-15T10:52:16.007Z,0,20.19,50,OK
2026-02-15T10:52:16.057Z,0,20.38,50,OK
2026-02-15T10:52:16.108Z,0,20.16,50,OK
2026-02-15T10:52:16.158Z,0,20.32,50,OK
2026-02-15T10:52:16.208Z,0,20.19,50,OK
2026-02-15T10:52:16.260Z,0,20.41,50,OK
2026-02-15T10:52:16.311Z,0,20.36,50,OK
2026-02-15T10:52:16.361Z,0,20.59,50,OK
2026-02-15T10:52:16.412Z,0,20.34,50,OK
2026-02-15T10:52:16.463Z,0,20.87,50,OK
2026-02-15T10:52:16.513Z,0,20.19,50,OK
2026-02-15T10:52:16.565Z,0,19.91,50,OK
2026-02-15T10:52:16.615Z,0,20.55,50,OK
2026-02-15T10:52:16.672Z,1,20.19,50,OK
2026-02-15T10:52:16.722Z,0,20.31,50,OK
2026-02-15T10:52:16.773Z,0,20.48,50,OK
2026-02-15T10:52:16.823Z,0,20.36,50,OK
2026-02-15T10:52:16.873Z,0,20.44,50,OK
2026-02-15T10:52:16.923Z,0,20.37,50,OK
2026-02-15T10:52:16.973Z,0,19.87,50,OK
2026-02-15T10:52:17.024Z,0,20.57,50,OK
2026-02-15T10:52:17.075Z,0,20.37,50,OK
2026-02-15T10:52:17.125Z,0,20.18,50,OK
2026-02-15T10:52:17.176Z,0,19.87,50,OK
2026-02-15T10:52:17.227Z,0,20.21,50,OK
2026-02-15T10:52:17.277Z,1,20.09,50,OK
2026-02-15T10:52:17.327Z,1,20.31,50,OK
2026-02-15T10:52:17.378Z,1,20.40,50,OK
2026-02-15T10:52:17.428Z,1,19.54,50,OK
2026-02-15T10:52:17.479Z,1,20.16,50,OK
2026-02-15T10:52:17.530Z,1,20.36,50,OK
2026-02-15T10:52:17.580Z,1,20.52,50,OK
2026-02-15T10:52:17.631Z,1,20.28,50,OK
2026-02-15T10:52:17.681Z,1,20.42,50,OK
2026-02-15T10:52:17.731Z,1,20.46,50,OK
2026-02-15T10:52:17.781Z,1,20.16,50,OK
2026-02-15T10:52:17.832Z,1,20.52,50,OK
2026-02-15T10:52:17.882Z,2,20.38,50,OK
2026-02-15T10:52:17.932Z,2,20.39,50,OK
2026-02-15T10:52:17.982Z,2,20.19,50,OK
2026-02-15T10:52:18.032Z,2,20.11,50,OK
2026-02-15T10:52:18.082Z,2,20.28,50,OK
2026-02-15T10:52:18.132Z,2,20.46,50,OK
2026-02-15T10:52:18.182Z,2,20.39,50,OK
2026-02-15T10:52:18.232Z,2,20.42,50,OK
2026-02-15T10:52:18.282Z,2,20.36,50,OK
2026-02-15T10:52:18.332Z,2,20.28,50,OK
2026-02-15T10:52:18.382Z,2,20.26,50,OK
2026-02-15T10:52:18.432Z,2,20.19,50,OK
2026-02-15T10:52:18.482Z,2,20.19,50,OK
2026-02-15T10:52:18.531Z,2,20.21,50,OK
2026-02-15T10:52:18.582Z,2,20.21,50,OK
2026-02-15T10:52:18.632Z,2,20.26,50,OK
2026-02-15T10:52:18.682Z,2,20.15,50,OK
2026-02-15T10:52:18.733Z,3,20.37,50,OK
2026-02-15T10:52:18.783Z,3,20.68,50,OK
2026-02-15T10:52:18.833Z,3,20.29,50,OK
2026-02-15T10:52:18.883Z,3,20.27,50,OK
2026-02-15T10:52:18.934Z,3,20.23,50,OK
2026-02-15T10:52:18.985Z,3,20.09,50,OK
2026-02-15T10:52:19.035Z,3,20.88,50,OK
2026-02-15T10:52:19.122Z,3,81.82,50,OK
2026-02-15T10:52:19.172Z,3,20.28,50,OK
2026-02-15T10:52:19.223Z,3,20.46,50,OK
2026-02-15T10:52:19.273Z,2,20.01,50,OK
2026-02-15T10:52:19.323Z,2,20.14,50,OK
2026-02-15T10:52:19.373Z,2,20.69,50,OK
2026-02-15T10:52:19.423Z,2,19.26,50,OK
2026-02-15T10:52:19.473Z,2,20.12,50,OK
2026-02-15T10:52:19.523Z,2,20.28,50,OK
2026-02-15T10:52:19.574Z,2,20.41,50,OK
2026-02-15T10:52:19.624Z,2,20.44,50,OK
2026-02-15T10:52:19.675Z,3,20.49,50,OK
2026-02-15T10:52:19.726Z,3,20.16,50,OK
2026-02-15T10:52:19.777Z,3,20.11,50,OK
2026-02-15T10:52:19.827Z,3,20.18,50,OK
2026-02-15T10:52:19.878Z,2,19.84,50,OK
2026-02-15T10:52:19.929Z,2,20.24,50,OK
2026-02-15T10:52:19.979Z,2,20.54,50,OK
2026-02-15T10:52:20.029Z,2,20.60,50,OK
2026-02-15T10:52:20.079Z,2,20.54,50,OK
2026-02-15T10:52:20.129Z,3,20.39,50,OK
2026-02-15T10:52:20.180Z,3,20.48,50,OK
2026-02-15T10:52:20.230Z,3,20.46,50,OK
2026-02-15T10:52:20.322Z,3,42.00,50,OK
2026-02-15T10:52:20.372Z,3,20.28,50,OK
2026-02-15T10:52:20.423Z,3,20.39,50,OK
2026-02-15T10:52:20.474Z,3,20.23,50,OK
2026-02-15T10:52:20.524Z,3,20.29,50,OK
2026-02-15T10:52:20.574Z,3,20.09,50,OK
2026-02-15T10:52:20.624Z,3,20.46,50,OK
2026-02-15T10:52:20.674Z,3,20.60,50,OK
2026-02-15T10:52:20.725Z,2,20.28,50,OK
2026-02-15T10:52:20.776Z,2,20.37,50,OK
2026-02-15T10:52:20.826Z,2,20.52,50,OK
2026-02-15T10:52:20.876Z,2,20.64,50,OK
2026-02-15T10:52:20.926Z,2,20.28,50,OK
2026-02-15T10:52:20.978Z,2,20.34,50,OK
2026-02-15T10:52:21.029Z,2,20.82,50,OK
2026-02-15T10:52:21.080Z,2,20.41,50,OK
2026-02-15T10:52:21.130Z,2,20.31,50,OK
2026-02-15T10:52:21.181Z,2,20.47,50,OK
2026-02-15T10:52:21.231Z,2,20.23,50,OK
2026-02-15T10:52:21.281Z,2,20.25,50,OK
2026-02-15T10:52:21.332Z,2,20.23,50,OK
2026-02-15T10:52:21.382Z,2,20.25,50,OK
2026-02-15T10:52:21.432Z,2,20.96,50,OK
2026-02-15T10:52:21.482Z,3,20.37,50,OK
2026-02-15T10:52:21.532Z,3,20.28,50,OK
2026-02-15T10:52:21.582Z,3,20.27,50,OK
2026-02-15T10:52:21.632Z,3,20.31,50,OK
2026-02-15T10:52:21.682Z,2,20.70,50,OK
2026-02-15T10:52:21.733Z,2,20.83,50,OK
2026-02-15T10:52:21.783Z,2,20.23,50,OK
2026-02-15T10:52:21.833Z,2,20.38,50,OK
2026-02-15T10:52:21.884Z,2,20.28,50,OK
2026-02-15T10:52:21.934Z,2,20.18,50,OK
2026-02-15T10:52:21.985Z,2,20.21,50,OK
2026-02-15T10:52:22.035Z,2,20.31,50,OK
2026-02-15T10:52:22.085Z,2,20.23,50,OK
2026-02-15T10:52:22.135Z,1,19.97,50,OK
2026-02-15T10:52:22.185Z,1,20.21,50,OK
2026-02-15T10:52:22.235Z,1,20.36,50,OK
2026-02-15T10:52:22.285Z,1,20.28,50,OK
2026-02-15T10:52:22.405Z,1,20.60,50,OK
2026-02-15T10:52:22.482Z,1,76.91,50,OK
2026-02-15T10:52:22.532Z,2,19.72,50,OK
2026-02-15T10:52:22.583Z,2,20.37,50,OK
2026-02-15T10:52:22.635Z,2,20.72,50,OK
2026-02-15T10:52:22.685Z,2,19.64,50,OK
2026-02-15T10:52:22.735Z,2,20.04,50,OK
2026-02-15T10:52:22.785Z,2,20.26,50,OK
2026-02-15T10:52:22.836Z,2,20.67,50,OK
2026-02-15T10:52:22.886Z,2,20.41,50,OK
2026-02-15T10:52:22.937Z,2,20.32,50,OK
2026-02-15T10:52:22.986Z,2,20.41,50,OK
2026-02-15T10:52:23.036Z,2,20.15,50,OK
2026-02-15T10:52:23.087Z,2,20.75,50,OK
2026-02-15T10:52:23.137Z,2,20.13,50,OK
2026-02-15T10:52:23.187Z,2,20.14,50,OK
2026-02-15T10:52:23.237Z,2,20.40,50,OK
2026-02-15T10:52:23.287Z,2,20.37,50,OK
2026-02-15T10:52:23.337Z,2,20.82,50,OK
2026-02-15T10:52:23.387Z,2,20.21,50,OK
2026-02-15T10:52:23.437Z,2,20.37,50,OK
2026-02-15T10:52:23.487Z,1,20.08,50,OK
2026-02-15T10:52:23.538Z,1,20.14,50,OK
2026-02-15T10:52:23.588Z,1,20.37,50,OK
2026-02-15T10:52:23.638Z,1,20.14,50,OK
2026-02-15T10:52:23.736Z,2,76.78,50,OK
2026-02-15T10:52:23.786Z,2,20.29,50,OK
2026-02-15T10:52:23.836Z,2,20.36,50,OK
2026-02-15T10:52:23.887Z,2,19.93,50,OK
2026-02-15T10:52:23.937Z,2,20.49,50,OK
2026-02-15T10:52:23.987Z,2,20.61,50,OK
2026-02-15T10:52:24.036Z,2,19.54,50,OK
2026-02-15T10:52:24.087Z,2,20.18,50,OK
2026-02-15T10:52:24.137Z,2,20.32,50,OK
2026-02-15T10:52:24.188Z,2,20.71,50,OK
2026-02-15T10:52:24.239Z,2,20.42,50,OK
2026-02-15T10:52:24.323Z,2,80.51,50,OK
2026-02-15T10:52:24.374Z,2,20.19,50,OK
2026-02-15T10:52:24.424Z,3,20.39,50,OK
2026-02-15T10:52:24.520Z,3,96.31,50,OK
2026-02-15T10:52:24.571Z,2,20.24,50,OK
2026-02-15T10:52:24.621Z,2,20.14,50,OK
2026-02-15T10:52:24.672Z,2,20.23,50,OK
2026-02-15T10:52:24.722Z,2,20.36,50,OK
2026-02-15T10:52:24.820Z,3,97.88,50,OK
2026-02-15T10:52:24.930Z,2,90.01,50,OK
2026-02-15T10:52:24.980Z,2,20.28,50,OK
2026-02-15T10:52:25.031Z,2,20.65,50,OK
2026-02-15T10:52:25.081Z,3,20.31,50,OK
2026-02-15T10:52:25.132Z,3,20.65,50,OK
2026-02-15T10:52:25.182Z,3,20.18,50,OK
2026-02-15T10:52:25.233Z,3,20.32,50,OK
2026-02-15T10:52:25.284Z,3,20.43,50,OK
2026-02-15T10:52:25.333Z,4,20.36,50,OK
2026-02-15T10:52:25.384Z,3,19.79,50,OK
2026-02-15T10:52:25.434Z,3,20.39,50,OK
2026-02-15T10:52:25.484Z,3,20.65,50,OK
2026-02-15T10:52:25.534Z,5,20.13,50,OK
2026-02-15T10:52:25.583Z,4,20.13,50,OK
2026-02-15T10:52:25.634Z,4,20.39,50,OK
2026-02-15T10:52:25.685Z,4,20.23,50,OK
2026-02-15T10:52:25.736Z,4,19.70,50,OK
2026-02-15T10:52:25.786Z,3,20.53,50,OK
2026-02-15T10:52:25.837Z,4,19.65,50,OK
2026-02-15T10:52:25.887Z,4,20.06,50,OK
2026-02-15T10:52:26.015Z,4,20.28,50,OK
2026-02-15T10:52:26.066Z,4,20.55,50,OK
2026-02-15T10:52:26.115Z,4,20.16,50,OK
2026-02-15T10:52:26.166Z,4,20.34,50,OK
2026-02-15T10:52:26.217Z,4,20.29,50,OK
2026-02-15T10:52:26.266Z,4,20.43,50,OK
2026-02-15T10:52:26.316Z,4,20.29,50,OK
2026-02-15T10:52:26.367Z,4,20.72,50,OK
2026-02-15T10:52:26.418Z,4,20.46,50,OK
2026-02-15T10:52:26.468Z,3,19.99,50,OK
2026-02-15T10:52:26.518Z,3,20.21,50,OK
2026-02-15T10:52:26.613Z,3,86.67,50,OK
2026-02-15T10:52:26.663Z,4,19.67,50,OK
2026-02-15T10:52:26.713Z,4,20.44,50,OK
2026-02-15T10:52:26.818Z,4,52.17,50,OK
2026-02-15T10:52:26.867Z,5,19.59,50,OK
2026-02-15T10:52:26.918Z,5,20.28,50,OK
2026-02-15T10:52:26.969Z,5,20.15,50,OK
2026-02-15T10:52:27.019Z,6,20.91,50,OK
2026-02-15T10:52:27.113Z,5,90.28,50,OK
2026-02-15T10:52:27.163Z,4,20.11,50,OK
2026-02-15T10:52:27.214Z,4,20.32,50,OK
2026-02-15T10:52:27.265Z,4,20.26,50,OK
2026-02-15T10:52:27.315Z,4,20.31,50,OK
2026-02-15T10:52:27.364Z,4,20.67,50,OK
2026-02-15T10:52:27.415Z,4,20.31,50,OK
2026-02-15T10:52:27.465Z,4,19.89,50,OK
2026-02-15T10:52:27.515Z,4,20.41,50,OK
2026-02-15T10:52:27.566Z,3,20.54,50,OK
2026-02-15T10:52:27.617Z,4,20.37,50,OK
2026-02-15T10:52:27.667Z,3,20.34,50,OK
2026-02-15T10:52:27.718Z,3,20.34,50,OK
2026-02-15T10:52:27.768Z,3,20.46,50,OK
2026-02-15T10:52:27.819Z,3,20.41,50,OK
2026-02-15T10:52:27.869Z,2,19.88,50,OK
2026-02-15T10:52:27.920Z,2,20.24,50,OK
2026-02-15T10:52:27.970Z,2,20.73,50,OK
2026-02-15T10:52:28.019Z,2,19.75,50,OK
2026-02-15T10:52:28.070Z,2,19.78,50,OK
2026-02-15T10:52:28.121Z,3,20.31,50,OK
2026-02-15T10:52:28.172Z,2,20.12,50,OK
2026-02-15T10:52:28.221Z,2,20.24,50,OK
2026-02-15T10:52:28.271Z,2,20.11,50,OK
2026-02-15T10:52:28.322Z,2,20.54,50,OK
2026-02-15T10:52:28.372Z,3,21.76,50,OK
2026-02-15T10:52:28.423Z,2,20.21,50,OK
2026-02-15T10:52:28.472Z,2,20.37,50,OK
2026-02-15T10:52:28.523Z,2,20.32,50,OK
2026-02-15T10:52:28.573Z,2,20.29,50,OK
2026-02-15T10:52:28.624Z,4,20.29,50,OK
2026-02-15T10:52:28.673Z,4,20.78,50,OK
2026-02-15T10:52:28.724Z,4,20.29,50,OK
2026-02-15T10:52:28.773Z,4,20.28,50,OK
2026-02-15T10:52:28.824Z,4,20.21,50,OK
2026-02-15T10:52:28.873Z,4,20.13,50,OK
2026-02-15T10:52:28.923Z,4,20.32,50,OK
2026-02-15T10:52:28.973Z,4,20.67,50,OK
2026-02-15T10:52:29.024Z,4,19.89,50,OK
2026-02-15T10:52:29.134Z,4,92.64,50,OK
2026-02-15T10:52:29.185Z,4,20.32,50,OK
2026-02-15T10:52:29.235Z,4,20.26,50,OK
2026-02-15T10:52:29.286Z,4,19.91,50,OK
2026-02-15T10:52:29.336Z,4,20.39,50,OK
2026-02-15T10:52:29.386Z,4,21.18,50,OK
2026-02-15T10:52:29.437Z,4,20.14,50,OK
2026-02-15T10:52:29.487Z,4,20.00,50,OK
2026-02-15T10:52:29.538Z,4,20.19,50,OK
2026-02-15T10:52:29.588Z,4,20.42,50,OK
2026-02-15T10:52:29.637Z,5,20.29,50,OK
2026-02-15T10:52:29.688Z,5,20.30,50,OK
2026-02-15T10:52:29.738Z,5,20.28,50,OK
2026-02-15T10:52:29.787Z,5,20.38,50,OK
2026-02-15T10:52:29.906Z,5,20.55,50,OK
2026-02-15T10:52:29.987Z,6,81.17,50,OK
2026-02-15T10:52:30.116Z,5,20.18,50,OK
2026-02-15T10:52:30.167Z,5,21.09,50,OK
2026-02-15T10:52:30.217Z,5,20.23,50,OK
2026-02-15T10:52:30.268Z,5,20.44,50,OK
2026-02-15T10:52:30.318Z,5,20.16,50,OK
2026-02-15T10:52:30.367Z,5,20.23,50,OK
2026-02-15T10:52:30.418Z,5,20.32,50,OK
2026-02-15T10:52:30.469Z,5,20.11,50,OK
2026-02-15T10:52:30.519Z,5,20.18,50,OK
2026-02-15T10:52:30.569Z,5,20.28,50,OK
2026-02-15T10:52:30.620Z,5,20.55,50,OK
2026-02-15T10:52:30.670Z,2,19.58,50,OK
2026-02-15T10:52:30.719Z,2,20.13,50,OK
2026-02-15T10:52:30.770Z,2,20.39,50,OK
2026-02-15T10:52:30.820Z,2,20.50,50,OK
2026-02-15T10:52:30.870Z,1,20.37,50,OK
2026-02-15T10:52:30.920Z,1,20.18,50,OK
2026-02-15T10:52:30.971Z,1,20.23,50,OK
2026-02-15T10:52:31.022Z,2,20.42,50,OK
2026-02-15T10:52:31.071Z,2,20.14,50,OK
2026-02-15T10:52:31.199Z,2,20.31,50,OK
2026-02-15T10:52:31.370Z,5,170.72,50,OK
2026-02-15T10:52:31.420Z,4,20.18,50,OK
2026-02-15T10:52:31.471Z,4,20.03,50,OK
2026-02-15T10:52:31.521Z,4,20.00,50,OK
2026-02-15T10:52:31.571Z,4,20.03,50,OK
2026-02-15T10:52:31.622Z,4,20.11,50,OK
2026-02-15T10:52:31.672Z,3,19.98,50,OK
2026-02-15T10:52:31.723Z,3,20.47,50,OK
2026-02-15T10:52:31.772Z,3,20.13,50,OK
2026-02-15T10:52:31.823Z,3,20.21,50,OK
2026-02-15T10:52:31.872Z,3,20.31,50,OK
2026-02-15T10:52:31.922Z,3,20.01,50,OK
2026-02-15T10:52:31.973Z,3,20.16,50,OK
2026-02-15T10:52:32.022Z,3,20.22,50,OK
2026-02-15T10:52:32.073Z,3,20.47,50,OK
2026-02-15T10:52:32.126Z,3,20.87,50,OK
2026-02-15T10:52:32.175Z,3,20.13,50,OK
2026-02-15T10:52:32.225Z,4,19.98,50,OK
2026-02-15T10:52:32.275Z,4,19.59,50,OK
2026-02-15T10:52:32.325Z,4,19.98,50,OK
2026-02-15T10:52:32.375Z,4,20.18,50,OK
2026-02-15T10:52:32.502Z,5,77.00,50,OK
2026-02-15T10:52:32.553Z,6,20.11,50,OK
2026-02-15T10:52:32.604Z,5,20.31,50,OK
2026-02-15T10:52:32.750Z,5,20.36,50,OK
2026-02-15T10:52:32.801Z,5,20.37,50,OK
2026-02-15T10:52:32.851Z,5,21.32,50,OK
2026-02-15T10:52:32.902Z,5,20.31,50,OK
2026-02-15T10:52:32.953Z,5,19.37,50,OK
2026-02-15T10:52:33.003Z,4,20.71,50,OK
2026-02-15T10:52:33.054Z,4,20.24,50,OK
2026-02-15T10:52:33.103Z,4,20.38,50,OK
2026-02-15T10:52:33.154Z,4,20.14,50,OK
2026-02-15T10:52:33.204Z,4,20.26,50,OK
2026-02-15T10:52:33.254Z,5,20.18,50,OK
2026-02-15T10:52:33.304Z,5,20.37,50,OK
2026-02-15T10:52:33.354Z,5,20.28,50,OK
2026-02-15T10:52:33.403Z,3,19.73,50,OK
2026-02-15T10:52:33.453Z,3,20.23,50,OK
2026-02-15T10:52:33.504Z,4,20.28,50,OK
2026-02-15T10:52:33.554Z,3,19.77,50,OK
2026-02-15T10:52:33.604Z,3,20.36,50,OK
2026-02-15T10:52:33.655Z,3,19.34,50,OK
2026-02-15T10:52:33.705Z,3,20.25,50,OK
2026-02-15T10:52:33.757Z,5,20.24,50,OK
2026-02-15T10:52:33.808Z,3,20.45,50,OK
2026-02-15T10:52:33.858Z,3,19.62,50,OK
2026-02-15T10:52:33.907Z,3,20.30,50,OK
2026-02-15T10:52:33.958Z,4,19.73,50,OK
2026-02-15T10:52:34.008Z,4,20.41,50,OK
2026-02-15T10:52:34.058Z,4,20.01,50,OK
2026-02-15T10:52:34.109Z,4,20.30,50,OK
2026-02-15T10:52:34.159Z,4,20.31,50,OK
2026-02-15T10:52:34.208Z,3,19.93,50,OK
2026-02-15T10:52:34.258Z,3,20.26,50,OK
2026-02-15T10:52:34.383Z,3,58.99,50,OK
2026-02-15T10:52:34.434Z,4,20.14,50,OK
2026-02-15T10:52:34.484Z,4,19.90,50,OK
2026-02-15T10:52:34.533Z,4,20.06,50,OK
2026-02-15T10:52:34.584Z,4,19.73,50,OK
2026-02-15T10:52:34.634Z,4,20.23,50,OK
2026-02-15T10:52:34.684Z,5,20.93,50,OK
2026-02-15T10:52:34.734Z,5,20.23,50,OK
2026-02-15T10:52:34.784Z,5,20.54,50,OK
2026-02-15T10:52:34.835Z,5,20.31,50,OK
2026-02-15T10:52:34.886Z,6,20.31,50,OK
2026-02-15T10:52:34.936Z,6,20.28,50,OK
2026-02-15T10:52:34.987Z,6,20.16,50,OK
2026-02-15T10:52:35.037Z,7,20.43,50,OK
2026-02-15T10:52:35.088Z,7,20.44,50,OK
2026-02-15T10:52:35.139Z,7,20.38,50,OK
2026-02-15T10:52:35.188Z,7,20.24,50,OK
2026-02-15T10:52:35.239Z,8,19.96,50,OK
2026-02-15T10:52:35.290Z,8,20.18,50,OK
2026-02-15T10:52:35.340Z,8,20.19,50,OK
2026-02-15T10:52:35.390Z,9,20.21,50,OK
2026-02-15T10:52:35.441Z,10,20.33,50,OK
2026-02-15T10:52:35.491Z,10,20.13,50,OK
2026-02-15T10:52:35.624Z,12,64.17,50,OK
2026-02-15T10:52:35.855Z,12,211.62,50,OK
2026-02-15T10:52:35.906Z,13,20.42,50,OK
2026-02-15T10:52:35.957Z,12,20.46,50,OK
2026-02-15T10:52:36.007Z,12,19.90,50,OK
2026-02-15T10:52:36.057Z,13,20.19,50,OK
2026-02-15T10:52:36.108Z,13,20.49,50,OK
2026-02-15T10:52:36.158Z,13,20.39,50,OK
2026-02-15T10:52:36.208Z,13,20.21,50,OK
2026-02-15T10:52:36.341Z,13,20.26,50,OK
2026-02-15T10:52:36.391Z,12,20.13,50,OK
2026-02-15T10:52:36.441Z,12,20.24,50,OK
2026-02-15T10:52:36.491Z,12,20.38,50,OK
2026-02-15T10:52:36.541Z,11,19.95,50,OK
2026-02-15T10:52:36.592Z,11,20.16,50,OK
2026-02-15T10:52:36.711Z,11,20.23,50,OK
2026-02-15T10:52:36.761Z,10,19.77,50,OK
2026-02-15T10:52:36.812Z,10,20.36,50,OK
2026-02-15T10:52:36.863Z,10,20.51,50,OK
2026-02-15T10:52:36.944Z,11,31.00,50,OK
2026-02-15T10:52:36.995Z,9,20.32,50,OK
2026-02-15T10:52:37.044Z,9,19.83,50,OK
2026-02-15T10:52:37.095Z,8,19.99,50,OK
2026-02-15T10:52:37.145Z,8,20.49,50,OK
2026-02-15T10:52:37.195Z,8,20.22,50,OK
2026-02-15T10:52:37.246Z,7,21.09,50,OK
2026-02-15T10:52:37.298Z,6,20.50,50,OK
2026-02-15T10:52:37.348Z,6,20.31,50,OK
2026-02-15T10:52:37.398Z,4,20.11,50,OK
2026-02-15T10:52:37.448Z,4,20.19,50,OK
2026-02-15T10:52:37.498Z,4,20.36,50,OK
2026-02-15T10:52:37.549Z,3,20.62,50,OK
2026-02-15T10:52:37.598Z,3,20.53,50,OK
2026-02-15T10:52:37.649Z,3,20.32,50,OK
2026-02-15T10:52:37.699Z,3,20.35,50,OK
2026-02-15T10:52:37.793Z,3,81.43,50,OK
2026-02-15T10:52:37.844Z,4,20.52,50,OK
2026-02-15T10:52:37.941Z,4,85.62,50,OK
2026-02-15T10:52:37.991Z,5,20.36,50,OK
2026-02-15T10:52:38.041Z,6,22.91,50,OK
2026-02-15T10:52:38.091Z,6,20.44,50,OK
2026-02-15T10:52:38.142Z,6,20.14,50,OK
2026-02-15T10:52:38.192Z,6,20.33,50,OK
2026-02-15T10:52:38.243Z,6,20.31,50,OK
2026-02-15T10:52:38.294Z,6,20.42,50,OK
2026-02-15T10:52:38.345Z,6,20.36,50,OK
2026-02-15T10:52:38.395Z,8,20.32,50,OK
2026-02-15T10:52:38.444Z,8,20.21,50,OK
2026-02-15T10:52:38.495Z,8,20.06,50,OK
2026-02-15T10:52:38.545Z,8,22.32,50,OK
2026-02-15T10:52:38.595Z,8,20.35,50,OK
2026-02-15T10:52:38.646Z,8,20.18,50,OK
2026-02-15T10:52:38.696Z,9,20.10,50,OK
2026-02-15T10:52:38.748Z,9,20.29,50,OK
2026-02-15T10:52:38.798Z,10,20.25,50,OK
2026-02-15T10:52:38.882Z,10,34.00,50,OK
2026-02-15T10:52:38.932Z,9,20.18,50,OK
2026-02-15T10:52:39.035Z,9,92.90,50,OK
2026-02-15T10:52:39.135Z,15,50.00,50,OK
2026-02-15T10:52:39.236Z,13,51.00,50,OK
2026-02-15T10:52:39.286Z,10,19.72,50,OK
2026-02-15T10:52:39.336Z,10,20.16,50,OK
2026-02-15T10:52:39.387Z,10,20.43,50,OK
2026-02-15T10:52:39.437Z,10,20.52,50,OK
2026-02-15T10:52:39.488Z,10,21.32,50,OK
2026-02-15T10:52:39.539Z,9,20.18,50,OK
2026-02-15T10:52:39.590Z,9,20.24,50,OK
2026-02-15T10:52:39.641Z,9,20.28,50,OK
2026-02-15T10:52:39.691Z,9,20.20,50,OK
2026-02-15T10:52:39.741Z,9,20.39,50,OK
2026-02-15T10:52:39.792Z,9,20.30,50,OK
2026-02-15T10:52:39.842Z,8,20.87,50,OK
2026-02-15T10:52:39.893Z,7,20.81,50,OK
2026-02-15T10:52:39.944Z,7,20.26,50,OK
2026-02-15T10:52:39.995Z,6,20.01,50,OK
2026-02-15T10:52:40.045Z,5,20.41,50,OK
2026-02-15T10:52:40.137Z,5,42.00,50,OK
2026-02-15T10:52:40.272Z,6,85.00,50,OK
2026-02-15T10:52:40.530Z,11,208.00,50,OK
2026-02-15T10:52:40.670Z,10,90.00,50,OK
2026-02-15T10:52:40.720Z,2,20.41,50,OK
2026-02-15T10:52:40.771Z,2,20.21,50,OK
2026-02-15T10:52:40.821Z,2,20.74,50,OK
2026-02-15T10:52:40.871Z,2,20.36,50,OK
2026-02-15T10:52:40.995Z,2,121.21,50,OK
2026-02-15T10:52:41.136Z,2,20.39,50,OK
2026-02-15T10:52:41.186Z,2,20.32,50,OK
2026-02-15T10:52:41.236Z,2,20.46,50,OK
2026-02-15T10:52:41.286Z,2,19.96,50,OK
2026-02-15T10:52:41.335Z,2,20.28,50,OK
2026-02-15T10:52:41.386Z,2,20.28,50,OK
2026-02-15T10:52:41.435Z,2,20.41,50,OK
2026-02-15T10:52:41.486Z,2,20.37,50,OK
2026-02-15T10:52:41.536Z,2,20.65,50,OK
2026-02-15T10:52:41.618Z,4,32.00,50,OK
2026-02-15T10:52:41.697Z,7,29.00,50,OK
2026-02-15T10:52:41.783Z,13,85.95,50,OK
2026-02-15T10:52:41.833Z,4,19.23,50,OK
2026-02-15T10:52:41.884Z,5,20.16,50,OK
2026-02-15T10:52:41.934Z,5,19.98,50,OK
2026-02-15T10:52:41.984Z,5,20.21,50,OK
2026-02-15T10:52:42.035Z,6,20.06,50,OK
2026-02-15T10:52:42.085Z,6,20.11,50,OK
2026-02-15T10:52:42.136Z,6,20.05,50,OK
2026-02-15T10:52:42.270Z,7,84.00,50,OK
2026-02-15T10:52:42.393Z,8,73.00,50,OK
2026-02-15T10:52:42.527Z,6,114.07,50,OK
2026-02-15T10:52:42.577Z,5,20.85,50,OK
2026-02-15T10:52:42.628Z,5,20.39,50,OK
2026-02-15T10:52:42.679Z,5,20.62,50,OK
2026-02-15T10:52:42.729Z,8,19.70,50,OK
2026-02-15T10:52:42.779Z,8,20.20,50,OK
2026-02-15T10:52:42.873Z,11,83.26,50,OK
2026-02-15T10:52:42.923Z,11,20.21,50,OK
2026-02-15T10:52:42.973Z,11,20.24,50,OK
2026-02-15T10:52:43.023Z,11,20.01,50,OK
2026-02-15T10:52:43.074Z,11,20.13,50,OK
2026-02-15T10:52:43.124Z,11,20.41,50,OK
2026-02-15T10:52:43.174Z,10,20.73,50,OK
2026-02-15T10:52:43.225Z,10,20.43,50,OK
2026-02-15T10:52:43.276Z,10,20.24,50,OK
2026-02-15T10:52:43.442Z,10,116.00,50,OK
2026-02-15T10:52:43.626Z,12,134.00,50,OK
2026-02-15T10:52:43.732Z,16,56.00,50,OK
2026-02-15T10:52:43.838Z,12,56.00,50,OK
2026-02-15T10:52:43.889Z,16,19.91,50,OK
2026-02-15T10:52:43.940Z,9,20.11,50,OK
2026-02-15T10:52:43.991Z,9,20.02,50,OK
2026-02-15T10:52:44.041Z,8,21.49,50,OK
2026-02-15T10:52:44.090Z,8,20.05,50,OK
2026-02-15T10:52:44.141Z,8,20.24,50,OK
2026-02-15T10:52:44.192Z,8,20.32,50,OK
2026-02-15T10:52:44.243Z,8,20.28,50,OK
2026-02-15T10:52:44.294Z,9,20.54,50,OK
2026-02-15T10:52:44.343Z,9,20.21,50,OK
2026-02-15T10:52:44.394Z,9,20.15,50,OK
2026-02-15T10:52:44.443Z,9,20.21,50,OK
2026-02-15T10:52:44.494Z,10,20.32,50,OK
2026-02-15T10:52:44.632Z,10,20.19,50,OK
2026-02-15T10:52:44.683Z,10,20.45,50,OK
2026-02-15T10:52:44.733Z,8,20.62,50,OK
2026-02-15T10:52:44.861Z,7,127.37,50,OK
2026-02-15T10:52:45.152Z,18,241.00,50,OK
2026-02-15T10:52:45.415Z,23,262.34,50,OK
2026-02-15T10:52:45.465Z,8,20.28,50,OK
2026-02-15T10:52:45.515Z,8,19.77,50,OK
2026-02-15T10:52:45.565Z,8,20.16,50,OK
2026-02-15T10:52:45.615Z,8,20.42,50,OK
2026-02-15T10:52:45.719Z,9,51.25,50,OK
2026-02-15T10:52:45.769Z,8,20.31,50,OK
2026-02-15T10:52:45.819Z,8,20.37,50,OK
2026-02-15T10:52:45.870Z,8,20.82,50,OK
2026-02-15T10:52:45.920Z,6,20.39,50,OK
2026-02-15T10:52:45.970Z,6,20.47,50,OK
2026-02-15T10:52:46.019Z,6,19.54,50,OK
2026-02-15T10:52:46.129Z,6,52.70,50,OK
2026-02-15T10:52:46.179Z,6,20.59,50,OK
2026-02-15T10:52:46.230Z,6,20.29,50,OK
2026-02-15T10:52:46.280Z,5,20.54,50,OK
2026-02-15T10:52:46.331Z,5,20.18,50,OK
2026-02-15T10:52:46.381Z,5,20.54,50,OK
2026-02-15T10:52:46.558Z,5,19.88,50,OK
2026-02-15T10:52:46.958Z,24,399.38,50,OK
2026-02-15T10:52:47.491Z,21,483.00,50,OK
2026-02-15T10:52:48.011Z,18,470.00,50,OK
2026-02-15T10:52:48.062Z,6,1.00,50,OK
2026-02-15T10:52:48.113Z,6,20.00,50,OK
2026-02-15T10:52:48.163Z,6,20.41,50,OK
2026-02-15T10:52:48.213Z,6,19.88,50,OK
2026-02-15T10:52:48.263Z,6,20.36,50,OK
2026-02-15T10:52:48.314Z,6,20.18,50,OK
2026-02-15T10:52:48.439Z,8,114.98,50,OK
2026-02-15T10:52:48.489Z,6,20.37,50,OK
2026-02-15T10:52:48.539Z,7,20.26,50,OK
2026-02-15T10:52:48.589Z,6,20.51,50,OK
2026-02-15T10:52:48.639Z,6,20.31,50,OK
2026-02-15T10:52:48.690Z,5,20.64,50,OK
2026-02-15T10:52:48.741Z,5,20.34,50,OK
2026-02-15T10:52:48.791Z,5,20.30,50,OK
2026-02-15T10:52:48.841Z,3,20.88,50,OK
2026-02-15T10:52:48.891Z,3,20.22,50,OK
2026-02-15T10:52:48.941Z,3,20.14,50,OK
2026-02-15T10:52:48.990Z,2,20.59,50,OK
2026-02-15T10:52:49.041Z,4,19.83,50,OK
2026-02-15T10:52:49.164Z,7,113.48,50,OK
2026-02-15T10:52:49.214Z,6,20.26,50,OK
2026-02-15T10:52:49.265Z,6,20.20,50,OK
2026-02-15T10:52:49.314Z,6,20.23,50,OK
2026-02-15T10:52:49.365Z,6,19.88,50,OK
2026-02-15T10:52:49.414Z,6,20.02,50,OK
2026-02-15T10:52:49.465Z,6,21.16,50,OK
2026-02-15T10:52:49.515Z,8,20.37,50,OK
2026-02-15T10:52:49.653Z,9,88.00,50,OK
2026-02-15T10:52:49.704Z,7,20.31,50,OK
2026-02-15T10:52:49.754Z,7,20.16,50,OK
2026-02-15T10:52:49.805Z,7,20.12,50,OK
2026-02-15T10:52:49.937Z,7,122.85,50,OK
2026-02-15T10:52:49.988Z,8,20.34,50,OK
2026-02-15T10:52:50.162Z,12,24.93,50,OK
2026-02-15T10:52:50.345Z,15,183.17,50,OK
2026-02-15T10:52:50.395Z,9,20.59,50,OK
2026-02-15T10:52:50.446Z,9,20.23,50,OK
2026-02-15T10:52:50.496Z,8,20.46,50,OK
2026-02-15T10:52:50.547Z,9,22.75,50,OK
2026-02-15T10:52:50.597Z,9,20.23,50,OK
2026-02-15T10:52:50.648Z,9,20.30,50,OK
2026-02-15T10:52:50.817Z,10,22.31,50,OK
2026-02-15T10:52:50.867Z,10,20.40,50,OK
2026-02-15T10:52:50.918Z,10,20.14,50,OK
2026-02-15T10:52:51.044Z,10,62.82,50,OK
2026-02-15T10:52:51.094Z,5,20.21,50,OK
2026-02-15T10:52:51.144Z,5,20.29,50,OK
2026-02-15T10:52:51.194Z,5,20.55,50,OK
2026-02-15T10:52:51.244Z,5,20.28,50,OK
2026-02-15T10:52:51.293Z,5,20.21,50,OK
2026-02-15T10:52:51.344Z,5,19.98,50,OK
2026-02-15T10:52:51.472Z,7,124.75,50,OK
2026-02-15T10:52:51.732Z,16,210.00,50,OK
2026-02-15T10:52:52.229Z,15,447.00,50,OK
2026-02-15T10:52:52.387Z,22,108.00,50,OK
2026-02-15T10:52:52.437Z,5,19.55,50,OK
2026-02-15T10:52:52.487Z,5,20.32,50,OK
2026-02-15T10:52:52.538Z,4,20.19,50,OK
2026-02-15T10:52:52.588Z,4,20.28,50,OK
2026-02-15T10:52:52.639Z,4,20.10,50,OK
2026-02-15T10:52:52.689Z,3,20.77,50,OK
2026-02-15T10:52:52.821Z,3,62.62,50,OK
2026-02-15T10:52:52.867Z,4,20.18,50,OK
2026-02-15T10:52:52.918Z,4,20.13,50,OK
2026-02-15T10:52:52.968Z,4,20.60,50,OK
2026-02-15T10:52:53.017Z,4,20.14,50,OK
2026-02-15T10:52:53.067Z,4,20.28,50,OK
2026-02-15T10:52:53.118Z,4,20.16,50,OK
2026-02-15T10:52:53.167Z,4,20.24,50,OK
2026-02-15T10:52:53.218Z,4,20.37,50,OK
2026-02-15T10:52:53.268Z,4,20.12,50,OK
2026-02-15T10:52:53.318Z,4,20.31,50,OK
2026-02-15T10:52:53.368Z,3,20.42,50,OK
2026-02-15T10:52:53.492Z,4,107.97,50,OK
2026-02-15T10:52:53.795Z,9,253.00,50,OK
2026-02-15T10:52:53.846Z,5,20.16,50,OK
2026-02-15T10:52:53.896Z,5,19.72,50,OK
2026-02-15T10:52:53.947Z,5,20.59,50,OK
2026-02-15T10:52:53.998Z,5,20.37,50,OK
2026-02-15T10:52:54.049Z,5,20.19,50,OK
2026-02-15T10:52:54.099Z,5,20.11,50,OK
2026-02-15T10:52:54.150Z,5,20.13,50,OK
2026-02-15T10:52:54.199Z,5,20.50,50,OK
2026-02-15T10:52:54.316Z,7,57.72,50,OK
2026-02-15T10:52:54.483Z,14,117.00,50,OK
2026-02-15T10:52:54.533Z,7,20.98,50,OK
2026-02-15T10:52:54.584Z,7,20.37,50,OK
2026-02-15T10:52:54.633Z,7,20.49,50,OK
2026-02-15T10:52:54.683Z,7,20.16,50,OK
2026-02-15T10:52:54.734Z,7,20.23,50,OK
2026-02-15T10:52:54.783Z,7,20.32,50,OK
2026-02-15T10:52:54.929Z,10,69.25,50,OK
2026-02-15T10:52:54.979Z,10,20.26,50,OK
2026-02-15T10:52:55.030Z,10,19.90,50,OK
2026-02-15T10:52:55.079Z,10,19.92,50,OK
2026-02-15T10:52:55.129Z,10,20.31,50,OK
2026-02-15T10:52:55.180Z,10,20.19,50,OK
2026-02-15T10:52:55.230Z,10,20.54,50,OK
2026-02-15T10:52:55.281Z,10,19.89,50,OK
2026-02-15T10:52:55.331Z,10,20.36,50,OK
2026-02-15T10:52:55.381Z,10,20.25,50,OK
2026-02-15T10:52:55.432Z,9,20.34,50,OK
2026-02-15T10:52:55.482Z,9,20.27,50,OK
2026-02-15T10:52:55.533Z,10,20.26,50,OK
2026-02-15T10:52:55.583Z,10,20.19,50,OK
2026-02-15T10:52:55.634Z,9,20.44,50,OK
2026-02-15T10:52:55.685Z,9,20.31,50,OK
2026-02-15T10:52:55.734Z,9,20.34,50,OK
2026-02-15T10:52:55.785Z,9,20.26,50,OK
2026-02-15T10:52:55.893Z,8,92.05,50,OK
2026-02-15T10:52:56.085Z,11,142.00,50,OK
2026-02-15T10:52:56.186Z,13,51.00,50,OK
2026-02-15T10:52:56.235Z,8,20.28,50,OK
2026-02-15T10:52:56.285Z,8,20.26,50,OK
2026-02-15T10:52:56.335Z,8,20.07,50,OK
2026-02-15T10:52:56.386Z,8,20.19,50,OK
2026-02-15T10:52:56.437Z,7,20.04,50,OK
2026-02-15T10:52:56.486Z,6,20.37,50,OK
2026-02-15T10:52:56.585Z,7,49.00,50,OK
2026-02-15T10:52:56.636Z,7,20.80,50,OK
2026-02-15T10:52:56.686Z,7,20.52,50,OK
2026-02-15T10:52:56.737Z,7,20.23,50,OK
2026-02-15T10:52:56.788Z,7,20.47,50,OK
2026-02-15T10:52:56.839Z,3,20.43,50,OK
2026-02-15T10:52:56.889Z,3,20.37,50,OK
2026-02-15T10:52:56.940Z,3,20.32,50,OK
2026-02-15T10:52:56.990Z,4,20.42,50,OK
2026-02-15T10:52:57.041Z,3,20.51,50,OK
2026-02-15T10:52:57.091Z,3,20.49,50,OK
2026-02-15T10:52:57.142Z,3,20.30,50,OK
2026-02-15T10:52:57.266Z,4,20.18,50,OK
2026-02-15T10:52:57.316Z,5,20.62,50,OK
2026-02-15T10:52:57.366Z,5,20.18,50,OK
2026-02-15T10:52:57.417Z,5,20.37,50,OK
2026-02-15T10:52:57.468Z,5,20.28,50,OK
2026-02-15T10:52:57.578Z,7,54.13,50,OK
2026-02-15T10:52:57.675Z,6,47.00,50,OK
2026-02-15T10:52:57.762Z,20,37.00,50,OK
2026-02-15T10:52:57.812Z,11,20.36,50,OK
2026-02-15T10:52:57.863Z,8,20.16,50,OK
2026-02-15T10:52:57.913Z,8,19.98,50,OK
2026-02-15T10:52:57.964Z,8,20.21,50,OK
2026-02-15T10:52:58.014Z,9,20.11,50,OK
2026-02-15T10:52:58.064Z,9,20.11,50,OK
2026-02-15T10:52:58.115Z,9,20.11,50,OK
2026-02-15T10:52:58.166Z,9,20.41,50,OK
2026-02-15T10:52:58.273Z,10,87.13,50,OK
2026-02-15T10:52:58.324Z,10,20.42,50,OK
2026-02-15T10:52:58.373Z,11,20.13,50,OK
2026-02-15T10:52:58.502Z,12,63.38,50,OK
2026-02-15T10:52:58.553Z,10,20.41,50,OK
2026-02-15T10:52:58.603Z,9,20.04,50,OK
2026-02-15T10:52:58.654Z,9,20.32,50,OK
2026-02-15T10:52:58.704Z,9,19.96,50,OK
2026-02-15T10:52:58.755Z,9,20.09,50,OK
2026-02-15T10:52:58.871Z,13,106.79,50,OK
2026-02-15T10:52:58.979Z,23,58.00,50,OK
2026-02-15T10:52:59.029Z,14,20.47,50,OK
2026-02-15T10:52:59.080Z,14,20.36,50,OK
2026-02-15T10:52:59.129Z,14,20.14,50,OK
2026-02-15T10:52:59.180Z,14,20.24,50,OK
2026-02-15T10:52:59.230Z,14,20.19,50,OK
2026-02-15T10:52:59.280Z,14,21.09,50,OK
2026-02-15T10:52:59.479Z,13,149.00,50,OK
2026-02-15T10:52:59.530Z,12,20.91,50,OK
2026-02-15T10:52:59.582Z,12,20.08,50,OK
2026-02-15T10:52:59.631Z,13,20.93,50,OK
2026-02-15T10:52:59.682Z,12,20.16,50,OK
2026-02-15T10:52:59.732Z,11,19.70,50,OK
2026-02-15T10:52:59.782Z,11,20.29,50,OK
2026-02-15T10:52:59.832Z,11,20.43,50,OK
2026-02-15T10:52:59.882Z,12,20.19,50,OK
2026-02-15T10:52:59.933Z,12,20.25,50,OK
2026-02-15T10:53:00.126Z,19,20.32,50,OK
2026-02-15T10:53:00.286Z,18,158.40,50,OK
2026-02-15T10:53:00.450Z,14,114.00,50,OK
2026-02-15T10:53:00.501Z,11,20.08,50,OK
2026-02-15T10:53:00.550Z,12,20.22,50,OK
2026-02-15T10:53:00.601Z,12,20.34,50,OK
2026-02-15T10:53:00.728Z,12,77.00,50,OK
2026-02-15T10:53:00.828Z,14,50.00,50,OK
2026-02-15T10:53:00.879Z,10,20.21,50,OK
2026-02-15T10:53:00.930Z,7,20.20,50,OK
2026-02-15T10:53:00.981Z,7,20.31,50,OK
2026-02-15T10:53:01.031Z,7,20.58,50,OK
2026-02-15T10:53:01.080Z,7,20.50,50,OK
2026-02-15T10:53:01.131Z,8,19.85,50,OK
2026-02-15T10:53:01.182Z,8,20.28,50,OK
2026-02-15T10:53:01.232Z,8,20.38,50,OK
2026-02-15T10:53:01.282Z,8,20.21,50,OK
2026-02-15T10:53:01.365Z,9,33.00,50,OK
2026-02-15T10:53:01.415Z,8,20.36,50,OK
2026-02-15T10:53:01.465Z,8,20.05,50,OK
2026-02-15T10:53:01.602Z,9,20.67,50,OK
2026-02-15T10:53:01.651Z,9,20.14,50,OK
2026-02-15T10:53:01.702Z,9,20.23,50,OK
2026-02-15T10:53:01.752Z,9,20.57,50,OK
2026-02-15T10:53:01.803Z,8,20.26,50,OK
2026-02-15T10:53:01.854Z,9,20.20,50,OK
2026-02-15T10:53:01.991Z,10,125.14,50,OK
2026-02-15T10:53:02.042Z,8,20.21,50,OK
2026-02-15T10:53:02.092Z,8,20.19,50,OK
2026-02-15T10:53:02.142Z,8,20.14,50,OK
2026-02-15T10:53:02.192Z,8,20.14,50,OK
2026-02-15T10:53:02.243Z,8,20.59,50,OK
2026-02-15T10:53:02.292Z,8,20.57,50,OK
2026-02-15T10:53:02.343Z,8,20.18,50,OK
2026-02-15T10:53:02.494Z,13,138.08,50,OK
2026-02-15T10:53:02.807Z,19,264.00,50,OK
2026-02-15T10:53:02.858Z,11,29.35,50,OK
2026-02-15T10:53:02.908Z,12,20.46,50,OK
2026-02-15T10:53:02.959Z,12,20.19,50,OK
2026-02-15T10:53:03.164Z,13,20.23,50,OK
2026-02-15T10:53:03.215Z,11,19.93,50,OK
2026-02-15T10:53:03.265Z,11,20.26,50,OK
2026-02-15T10:53:03.314Z,12,20.17,50,OK
2026-02-15T10:53:03.365Z,12,20.26,50,OK
2026-02-15T10:53:03.416Z,12,20.31,50,OK
2026-02-15T10:53:03.466Z,12,20.32,50,OK
2026-02-15T10:53:03.517Z,12,20.41,50,OK
2026-02-15T10:53:03.566Z,12,20.47,50,OK
2026-02-15T10:53:03.616Z,10,19.72,50,OK
2026-02-15T10:53:03.667Z,10,20.39,50,OK
2026-02-15T10:53:03.717Z,10,20.28,50,OK
2026-02-15T10:53:03.768Z,10,20.34,50,OK
2026-02-15T10:53:03.894Z,11,61.41,50,OK
2026-02-15T10:53:04.494Z,28,550.00,50,OK
2026-02-15T10:53:04.545Z,9,1.00,50,OK
2026-02-15T10:53:04.595Z,7,20.56,50,OK
2026-02-15T10:53:04.645Z,6,19.93,50,OK
2026-02-15T10:53:04.695Z,6,20.42,50,OK
2026-02-15T10:53:04.746Z,6,20.24,50,OK
2026-02-15T10:53:04.796Z,6,20.20,50,OK
2026-02-15T10:53:04.847Z,6,20.19,50,OK
2026-02-15T10:53:04.896Z,5,20.37,50,OK
2026-02-15T10:53:04.947Z,6,20.44,50,OK
2026-02-15T10:53:04.997Z,6,20.32,50,OK
2026-02-15T10:53:05.047Z,6,20.31,50,OK
2026-02-15T10:53:05.097Z,7,20.36,50,OK
2026-02-15T10:53:05.147Z,7,20.26,50,OK
2026-02-15T10:53:05.197Z,7,20.31,50,OK
2026-02-15T10:53:05.248Z,7,20.23,50,OK
2026-02-15T10:53:05.299Z,6,20.28,50,OK
2026-02-15T10:53:05.350Z,7,20.23,50,OK
2026-02-15T10:53:05.400Z,6,20.52,50,OK
2026-02-15T10:53:05.451Z,6,20.26,50,OK
2026-02-15T10:53:05.501Z,6,20.05,50,OK
2026-02-15T10:53:05.671Z,9,149.36,50,OK
2026-02-15T10:53:05.939Z,27,218.00,50,OK
2026-02-15T10:53:05.990Z,9,20.32,50,OK
2026-02-15T10:53:06.040Z,8,19.82,50,OK
2026-02-15T10:53:06.090Z,8,20.30,50,OK
2026-02-15T10:53:06.141Z,8,20.08,50,OK
2026-02-15T10:53:06.192Z,8,20.39,50,OK
2026-02-15T10:53:06.243Z,8,21.19,50,OK
2026-02-15T10:53:06.293Z,8,20.55,50,OK
2026-02-15T10:53:06.342Z,8,20.16,50,OK
2026-02-15T10:53:06.393Z,7,20.31,50,OK
2026-02-15T10:53:06.442Z,7,20.21,50,OK
2026-02-15T10:53:06.492Z,7,20.26,50,OK
2026-02-15T10:53:06.642Z,8,135.73,50,OK
2026-02-15T10:53:06.763Z,11,71.00,50,OK
2026-02-15T10:53:06.871Z,12,58.00,50,OK
2026-02-15T10:53:06.921Z,7,20.62,50,OK
2026-02-15T10:53:07.065Z,8,132.22,50,OK
2026-02-15T10:53:07.222Z,27,107.00,50,OK
2026-02-15T10:53:07.272Z,8,20.52,50,OK
2026-02-15T10:53:07.321Z,8,20.19,50,OK
2026-02-15T10:53:07.485Z,8,81.84,50,OK
2026-02-15T10:53:07.626Z,8,91.00,50,OK
2026-02-15T10:53:07.676Z,7,20.35,50,OK
2026-02-15T10:53:07.727Z,7,20.16,50,OK
2026-02-15T10:53:07.777Z,8,20.59,50,OK
2026-02-15T10:53:07.828Z,8,20.26,50,OK
2026-02-15T10:53:07.878Z,12,20.18,50,OK
2026-02-15T10:53:07.929Z,10,20.19,50,OK
2026-02-15T10:53:08.023Z,8,44.00,50,OK
2026-02-15T10:53:08.074Z,8,20.44,50,OK
2026-02-15T10:53:08.124Z,8,20.47,50,OK
2026-02-15T10:53:08.173Z,8,20.43,50,OK
2026-02-15T10:53:08.223Z,8,20.19,50,OK
2026-02-15T10:53:08.323Z,15,94.40,50,OK
2026-02-15T10:53:08.425Z,19,52.00,50,OK
2026-02-15T10:53:08.476Z,12,20.46,50,OK
2026-02-15T10:53:08.586Z,12,60.00,50,OK
2026-02-15T10:53:08.637Z,12,20.32,50,OK
2026-02-15T10:53:08.686Z,12,20.39,50,OK
2026-02-15T10:53:08.736Z,12,20.23,50,OK
2026-02-15T10:53:08.786Z,12,20.37,50,OK
2026-02-15T10:53:08.836Z,12,20.39,50,OK
2026-02-15T10:53:08.960Z,13,20.26,50,OK
2026-02-15T10:53:09.010Z,13,20.07,50,OK
2026-02-15T10:53:09.060Z,13,19.80,50,OK
2026-02-15T10:53:09.111Z,13,20.36,50,OK
2026-02-15T10:53:09.161Z,13,20.37,50,OK
2026-02-15T10:53:09.212Z,13,20.42,50,OK
2026-02-15T10:53:09.262Z,13,19.91,50,OK
2026-02-15T10:53:09.312Z,13,20.29,50,OK
2026-02-15T10:53:09.362Z,14,20.52,50,OK
2026-02-15T10:53:09.412Z,14,20.19,50,OK
2026-02-15T10:53:09.676Z,19,247.79,50,OK
2026-02-15T10:53:10.075Z,25,349.00,50,OK
2026-02-15T10:53:10.389Z,23,264.00,50,OK
2026-02-15T10:53:10.445Z,13,6.00,50,OK
2026-02-15T10:53:10.495Z,10,19.99,50,OK
2026-02-15T10:53:10.546Z,10,20.21,50,OK
2026-02-15T10:53:10.596Z,10,20.06,50,OK
2026-02-15T10:53:10.647Z,9,20.17,50,OK
2026-02-15T10:53:10.696Z,11,20.09,50,OK
2026-02-15T10:53:10.747Z,11,20.19,50,OK
2026-02-15T10:53:10.797Z,11,20.00,50,OK
2026-02-15T10:53:10.847Z,11,20.18,50,OK
2026-02-15T10:53:10.897Z,11,20.36,50,OK
2026-02-15T10:53:10.947Z,11,20.21,50,OK
2026-02-15T10:53:10.997Z,10,20.00,50,OK
2026-02-15T10:53:11.048Z,10,20.31,50,OK
2026-02-15T10:53:11.180Z,11,65.11,50,OK
2026-02-15T10:53:11.231Z,10,20.16,50,OK
2026-02-15T10:53:11.281Z,9,20.24,50,OK
2026-02-15T10:53:11.331Z,8,19.91,50,OK
2026-02-15T10:53:11.381Z,8,20.36,50,OK
2026-02-15T10:53:11.507Z,11,124.81,50,OK
2026-02-15T10:53:11.727Z,26,170.00,50,OK
2026-02-15T10:53:11.778Z,7,20.34,50,OK
2026-02-15T10:53:11.828Z,7,20.54,50,OK
2026-02-15T10:53:11.879Z,7,20.71,50,OK
2026-02-15T10:53:11.930Z,7,20.31,50,OK
2026-02-15T10:53:11.979Z,7,20.96,50,OK
2026-02-15T10:53:12.029Z,7,20.49,50,OK
2026-02-15T10:53:12.079Z,8,20.14,50,OK
2026-02-15T10:53:12.202Z,8,73.00,50,OK
2026-02-15T10:53:12.252Z,7,19.28,50,OK
2026-02-15T10:53:12.303Z,7,20.21,50,OK
2026-02-15T10:53:12.353Z,7,20.34,50,OK
2026-02-15T10:53:12.485Z,7,20.41,50,OK
2026-02-15T10:53:12.536Z,7,20.96,50,OK
2026-02-15T10:53:12.586Z,7,20.32,50,OK
2026-02-15T10:53:12.635Z,7,20.59,50,OK
2026-02-15T10:53:12.686Z,5,20.54,50,OK
2026-02-15T10:53:12.737Z,8,20.02,50,OK
2026-02-15T10:53:12.820Z,7,33.00,50,OK
2026-02-15T10:53:12.869Z,8,20.32,50,OK
2026-02-15T10:53:12.920Z,8,20.16,50,OK
2026-02-15T10:53:12.970Z,8,20.48,50,OK
2026-02-15T10:53:13.020Z,9,19.34,50,OK
2026-02-15T10:53:13.070Z,9,20.46,50,OK
2026-02-15T10:53:13.120Z,8,20.29,50,OK
2026-02-15T10:53:13.170Z,8,20.36,50,OK
2026-02-15T10:53:13.220Z,9,20.29,50,OK
2026-02-15T10:53:13.325Z,9,100.11,50,OK
2026-02-15T10:53:13.409Z,10,34.00,50,OK
2026-02-15T10:53:13.493Z,9,34.00,50,OK
2026-02-15T10:53:13.596Z,9,101.88,50,OK
2026-02-15T10:53:13.806Z,9,160.00,50,OK
2026-02-15T10:53:14.063Z,19,234.82,50,OK
2026-02-15T10:53:14.113Z,11,20.98,50,OK
2026-02-15T10:53:14.164Z,11,20.23,50,OK
2026-02-15T10:53:14.215Z,12,20.53,50,OK
2026-02-15T10:53:14.265Z,11,20.28,50,OK
2026-02-15T10:53:14.316Z,11,20.38,50,OK
2026-02-15T10:53:14.366Z,12,20.11,50,OK
2026-02-15T10:53:14.416Z,12,20.26,50,OK
2026-02-15T10:53:14.466Z,12,20.24,50,OK
2026-02-15T10:53:14.587Z,14,59.90,50,OK
2026-02-15T10:53:14.637Z,13,20.16,50,OK
2026-02-15T10:53:14.686Z,13,20.29,50,OK
2026-02-15T10:53:14.798Z,13,110.33,50,OK
2026-02-15T10:53:14.848Z,9,20.90,50,OK
2026-02-15T10:53:14.898Z,9,20.26,50,OK
2026-02-15T10:53:14.948Z,9,20.50,50,OK
2026-02-15T10:53:14.999Z,8,20.47,50,OK
2026-02-15T10:53:15.050Z,8,20.21,50,OK
2026-02-15T10:53:15.172Z,8,109.94,50,OK
2026-02-15T10:53:15.406Z,16,184.00,50,OK
2026-02-15T10:53:15.526Z,10,70.00,50,OK
2026-02-15T10:53:15.577Z,6,20.64,50,OK
2026-02-15T10:53:15.627Z,6,19.78,50,OK
2026-02-15T10:53:15.677Z,6,20.55,50,OK
2026-02-15T10:53:15.727Z,6,20.21,50,OK
2026-02-15T10:53:15.776Z,6,20.42,50,OK
2026-02-15T10:53:15.826Z,5,19.88,50,OK
2026-02-15T10:53:15.934Z,6,58.00,50,OK
2026-02-15T10:53:15.985Z,4,20.47,50,OK
2026-02-15T10:53:16.035Z,4,19.75,50,OK
2026-02-15T10:53:16.085Z,3,19.92,50,OK
2026-02-15T10:53:16.135Z,3,20.36,50,OK
2026-02-15T10:53:16.185Z,3,21.48,50,OK
2026-02-15T10:53:16.236Z,3,20.34,50,OK
2026-02-15T10:53:16.286Z,3,20.38,50,OK
2026-02-15T10:53:16.337Z,3,20.54,50,OK
2026-02-15T10:53:16.387Z,3,20.30,50,OK
2026-02-15T10:53:16.491Z,7,87.72,50,OK
2026-02-15T10:53:16.541Z,7,20.49,50,OK
2026-02-15T10:53:16.592Z,4,20.63,50,OK
2026-02-15T10:53:16.643Z,5,20.26,50,OK
2026-02-15T10:53:16.693Z,5,20.39,50,OK
2026-02-15T10:53:16.743Z,5,20.37,50,OK
2026-02-15T10:53:16.794Z,5,20.42,50,OK
2026-02-15T10:53:16.919Z,5,104.82,50,OK
2026-02-15T10:53:17.313Z,14,344.00,50,OK
2026-02-15T10:53:17.575Z,13,212.00,50,OK
2026-02-15T10:53:18.122Z,19,497.00,50,OK
2026-02-15T10:53:18.173Z,9,20.26,50,OK
2026-02-15T10:53:18.223Z,9,20.44,50,OK
2026-02-15T10:53:18.274Z,9,20.25,50,OK
2026-02-15T10:53:18.324Z,9,19.96,50,OK
2026-02-15T10:53:18.375Z,9,20.26,50,OK
2026-02-15T10:53:18.425Z,9,20.41,50,OK
2026-02-15T10:53:18.475Z,9,20.19,50,OK
2026-02-15T10:53:18.526Z,9,20.19,50,OK
2026-02-15T10:53:18.668Z,7,20.33,50,OK
2026-02-15T10:53:18.772Z,15,103.12,50,OK
2026-02-15T10:53:18.909Z,6,116.03,50,OK
2026-02-15T10:53:18.960Z,6,20.28,50,OK
2026-02-15T10:53:19.010Z,6,20.50,50,OK
2026-02-15T10:53:19.061Z,6,20.19,50,OK
2026-02-15T10:53:19.112Z,6,20.53,50,OK
2026-02-15T10:53:19.237Z,12,105.68,50,OK
2026-02-15T10:53:19.287Z,8,20.19,50,OK
2026-02-15T10:53:19.337Z,10,20.29,50,OK
2026-02-15T10:53:19.388Z,10,20.21,50,OK
2026-02-15T10:53:19.437Z,10,20.34,50,OK
2026-02-15T10:53:19.487Z,10,20.29,50,OK
2026-02-15T10:53:19.634Z,11,20.28,50,OK
2026-02-15T10:53:19.684Z,9,19.49,50,OK
2026-02-15T10:53:19.735Z,9,20.24,50,OK
2026-02-15T10:53:19.785Z,16,20.69,50,OK
2026-02-15T10:53:19.836Z,8,19.37,50,OK
2026-02-15T10:53:19.887Z,8,20.17,50,OK
2026-02-15T10:53:19.993Z,8,96.24,50,OK
2026-02-15T10:53:20.091Z,8,48.00,50,OK
2026-02-15T10:53:20.141Z,9,20.09,50,OK
2026-02-15T10:53:20.251Z,9,60.00,50,OK
2026-02-15T10:53:20.363Z,15,62.00,50,OK
2026-02-15T10:53:20.415Z,7,20.14,50,OK
2026-02-15T10:53:20.464Z,7,20.31,50,OK
2026-02-15T10:53:20.514Z,7,20.11,50,OK
2026-02-15T10:53:20.565Z,7,20.24,50,OK
2026-02-15T10:53:20.615Z,7,20.26,50,OK
2026-02-15T10:53:20.666Z,7,20.87,50,OK
2026-02-15T10:53:20.716Z,7,20.16,50,OK
2026-02-15T10:53:20.766Z,7,20.34,50,OK
2026-02-15T10:53:20.872Z,11,51.72,50,OK
2026-02-15T10:53:20.923Z,8,20.54,50,OK
2026-02-15T10:53:20.974Z,8,20.55,50,OK
2026-02-15T10:53:21.025Z,8,20.08,50,OK
2026-02-15T10:53:21.075Z,8,20.17,50,OK
2026-02-15T10:53:21.126Z,8,20.34,50,OK
2026-02-15T10:53:21.215Z,9,39.00,50,OK
2026-02-15T10:53:21.266Z,8,19.91,50,OK
2026-02-15T10:53:21.317Z,8,19.91,50,OK
2026-02-15T10:53:21.448Z,7,20.23,50,OK
2026-02-15T10:53:21.640Z,14,192.35,50,OK
2026-02-15T10:53:21.691Z,6,20.49,50,OK
2026-02-15T10:53:21.741Z,6,20.23,50,OK
2026-02-15T10:53:21.790Z,7,20.41,50,OK
2026-02-15T10:53:21.841Z,5,20.26,50,OK
2026-02-15T10:53:21.990Z,5,72.68,50,OK
2026-02-15T10:53:22.215Z,11,175.00,50,OK
2026-02-15T10:53:22.358Z,8,141.36,50,OK
2026-02-15T10:53:22.408Z,5,20.11,50,OK
2026-02-15T10:53:22.458Z,6,20.29,50,OK
2026-02-15T10:53:22.509Z,6,20.31,50,OK
2026-02-15T10:53:22.560Z,6,20.08,50,OK
2026-02-15T10:53:22.609Z,6,20.34,50,OK
2026-02-15T10:53:22.734Z,10,20.39,50,OK
2026-02-15T10:53:22.843Z,10,107.71,50,OK
2026-02-15T10:53:22.892Z,5,20.36,50,OK
2026-02-15T10:53:22.942Z,5,20.41,50,OK
2026-02-15T10:53:22.991Z,5,20.31,50,OK
2026-02-15T10:53:23.042Z,5,20.29,50,OK
2026-02-15T10:53:23.092Z,5,20.02,50,OK
2026-02-15T10:53:23.142Z,5,20.28,50,OK
2026-02-15T10:53:23.192Z,5,20.24,50,OK
2026-02-15T10:53:23.291Z,5,49.00,50,OK
2026-02-15T10:53:23.343Z,3,20.39,50,OK
2026-02-15T10:53:23.475Z,5,122.65,50,OK
2026-02-15T10:53:23.735Z,18,210.00,50,OK
2026-02-15T10:53:23.950Z,10,165.00,50,OK
2026-02-15T10:53:24.290Z,12,290.00,50,OK
2026-02-15T10:53:24.340Z,7,20.41,50,OK
2026-02-15T10:53:24.390Z,5,19.57,50,OK
2026-02-15T10:53:24.440Z,5,20.59,50,OK
2026-02-15T10:53:24.583Z,4,20.39,50,OK
2026-02-15T10:53:24.633Z,5,19.77,50,OK
2026-02-15T10:53:24.684Z,5,20.21,50,OK
2026-02-15T10:53:24.735Z,5,20.14,50,OK
2026-02-15T10:53:24.852Z,6,107.97,50,OK
2026-02-15T10:53:24.903Z,6,20.14,50,OK
2026-02-15T10:53:24.953Z,8,20.41,50,OK
2026-02-15T10:53:25.066Z,11,63.00,50,OK
2026-02-15T10:53:25.117Z,7,20.28,50,OK
2026-02-15T10:53:25.167Z,7,20.34,50,OK
2026-02-15T10:53:25.217Z,8,19.91,50,OK
2026-02-15T10:53:25.268Z,8,20.31,50,OK
2026-02-15T10:53:25.390Z,10,61.31,50,OK
2026-02-15T10:53:25.732Z,18,292.00,50,OK
2026-02-15T10:53:25.782Z,12,20.57,50,OK
2026-02-15T10:53:25.832Z,12,20.39,50,OK
2026-02-15T10:53:25.959Z,14,63.19,50,OK
2026-02-15T10:53:26.175Z,22,166.00,50,OK
2026-02-15T10:53:26.305Z,18,80.00,50,OK
2026-02-15T10:53:26.356Z,8,20.29,50,OK
2026-02-15T10:53:26.406Z,8,20.29,50,OK
2026-02-15T10:53:26.456Z,8,20.87,50,OK
2026-02-15T10:53:26.506Z,8,20.42,50,OK
2026-02-15T10:53:26.558Z,8,20.33,50,OK
2026-02-15T10:53:26.609Z,8,20.39,50,OK
2026-02-15T10:53:26.659Z,7,20.66,50,OK
2026-02-15T10:53:26.709Z,7,20.37,50,OK
2026-02-15T10:53:26.760Z,9,20.15,50,OK
2026-02-15T10:53:26.811Z,9,20.46,50,OK
2026-02-15T10:53:26.861Z,8,20.23,50,OK
2026-02-15T10:53:26.911Z,8,20.32,50,OK
2026-02-15T10:53:26.961Z,8,20.43,50,OK
2026-02-15T10:53:27.011Z,8,20.65,50,OK
2026-02-15T10:53:27.061Z,8,20.34,50,OK
2026-02-15T10:53:27.111Z,7,20.26,50,OK
2026-02-15T10:53:27.161Z,7,20.24,50,OK
2026-02-15T10:53:27.253Z,6,42.00,50,OK
2026-02-15T10:53:27.304Z,8,20.36,50,OK
2026-02-15T10:53:27.384Z,8,30.00,50,OK
2026-02-15T10:53:27.474Z,19,40.00,50,OK
2026-02-15T10:53:27.525Z,6,20.36,50,OK
2026-02-15T10:53:27.575Z,6,20.34,50,OK
2026-02-15T10:53:27.625Z,5,20.37,50,OK
2026-02-15T10:53:27.675Z,5,20.36,50,OK
2026-02-15T10:53:27.725Z,5,19.75,50,OK
2026-02-15T10:53:27.776Z,3,20.70,50,OK
2026-02-15T10:53:27.826Z,3,20.52,50,OK
2026-02-15T10:53:27.877Z,3,21.01,50,OK
2026-02-15T10:53:27.927Z,3,20.05,50,OK
2026-02-15T10:53:27.978Z,3,20.24,50,OK
2026-02-15T10:53:28.028Z,3,20.09,50,OK
2026-02-15T10:53:28.078Z,4,20.18,50,OK
2026-02-15T10:53:28.128Z,4,20.19,50,OK
2026-02-15T10:53:28.178Z,4,20.18,50,OK
2026-02-15T10:53:28.229Z,4,20.39,50,OK
2026-02-15T10:53:28.279Z,4,20.05,50,OK
2026-02-15T10:53:28.329Z,4,20.06,50,OK
2026-02-15T10:53:28.379Z,4,20.21,50,OK
2026-02-15T10:53:28.429Z,4,20.04,50,OK
2026-02-15T10:53:28.479Z,6,20.18,50,OK
2026-02-15T10:53:28.572Z,5,43.00,50,OK
2026-02-15T10:53:28.820Z,16,198.00,50,OK
2026-02-15T10:53:28.959Z,16,89.00,50,OK
2026-02-15T10:53:29.105Z,4,96.00,50,OK
2026-02-15T10:53:29.155Z,3,20.46,50,OK
2026-02-15T10:53:29.206Z,3,20.55,50,OK
2026-02-15T10:53:29.256Z,3,20.57,50,OK
2026-02-15T10:53:29.308Z,4,20.43,50,OK
2026-02-15T10:53:29.358Z,4,20.19,50,OK
2026-02-15T10:53:29.562Z,4,20.28,50,OK
2026-02-15T10:53:29.942Z,7,379.98,50,OK
2026-02-15T10:53:30.749Z,14,778.83,50,OK
2026-02-15T10:53:30.799Z,5,0.00,50,OK
2026-02-15T10:53:30.850Z,5,20.18,50,OK
2026-02-15T10:53:30.901Z,5,20.39,50,OK
2026-02-15T10:53:30.951Z,7,20.49,50,OK
2026-02-15T10:53:31.001Z,7,19.70,50,OK
2026-02-15T10:53:31.051Z,7,20.19,50,OK
2026-02-15T10:53:31.102Z,7,20.28,50,OK
2026-02-15T10:53:31.152Z,7,20.27,50,OK
2026-02-15T10:53:31.203Z,7,20.34,50,OK
2026-02-15T10:53:31.253Z,7,20.32,50,OK
2026-02-15T10:53:31.303Z,6,20.14,50,OK
2026-02-15T10:53:31.353Z,6,20.05,50,OK
2026-02-15T10:53:31.404Z,6,20.44,50,OK
2026-02-15T10:53:31.454Z,6,20.31,50,OK
2026-02-15T10:53:31.505Z,6,20.46,50,OK
2026-02-15T10:53:31.555Z,6,20.26,50,OK
2026-02-15T10:53:31.605Z,6,20.28,50,OK
2026-02-15T10:53:31.656Z,6,20.56,50,OK
2026-02-15T10:53:31.707Z,6,20.41,50,OK
2026-02-15T10:53:31.836Z,8,62.77,50,OK
2026-02-15T10:53:32.299Z,28,413.00,50,OK
2026-02-15T10:53:32.349Z,5,19.73,50,OK
2026-02-15T10:53:32.399Z,5,20.36,50,OK
2026-02-15T10:53:32.450Z,5,20.37,50,OK
2026-02-15T10:53:32.500Z,5,20.32,50,OK
2026-02-15T10:53:32.550Z,5,20.38,50,OK
2026-02-15T10:53:32.601Z,5,20.31,50,OK
2026-02-15T10:53:32.652Z,5,20.25,50,OK
2026-02-15T10:53:32.702Z,5,20.42,50,OK
2026-02-15T10:53:32.752Z,5,20.31,50,OK
2026-02-15T10:53:32.802Z,3,20.16,50,OK
2026-02-15T10:53:32.852Z,3,20.23,50,OK
2026-02-15T10:53:32.902Z,3,20.26,50,OK
2026-02-15T10:53:32.952Z,1,20.36,50,OK
2026-02-15T10:53:33.002Z,1,20.46,50,OK
2026-02-15T10:53:33.053Z,1,20.41,50,OK
2026-02-15T10:53:33.103Z,1,20.10,50,OK
2026-02-15T10:53:33.153Z,1,20.37,50,OK
2026-02-15T10:53:33.204Z,1,20.28,50,OK
2026-02-15T10:53:33.255Z,1,20.47,50,OK
2026-02-15T10:53:33.382Z,2,19.80,50,OK
2026-02-15T10:53:33.802Z,31,420.35,50,OK
2026-02-15T10:53:33.852Z,6,20.29,50,OK
2026-02-15T10:53:33.902Z,6,20.31,50,OK
2026-02-15T10:53:34.019Z,6,57.91,50,OK
2026-02-15T10:53:34.070Z,6,20.49,50,OK
2026-02-15T10:53:34.120Z,6,19.55,50,OK
2026-02-15T10:53:34.170Z,6,20.34,50,OK
2026-02-15T10:53:34.220Z,6,20.26,50,OK
2026-02-15T10:53:34.270Z,6,20.34,50,OK
2026-02-15T10:53:34.320Z,5,20.70,50,OK
2026-02-15T10:53:34.370Z,5,20.49,50,OK
2026-02-15T10:53:34.421Z,5,20.75,50,OK
2026-02-15T10:53:34.471Z,5,20.46,50,OK
2026-02-15T10:53:34.522Z,5,20.49,50,OK
2026-02-15T10:53:34.572Z,5,20.41,50,OK
2026-02-15T10:53:34.622Z,5,20.24,50,OK
2026-02-15T10:53:34.672Z,5,20.37,50,OK
2026-02-15T10:53:34.723Z,5,20.51,50,OK
2026-02-15T10:53:34.773Z,5,20.31,50,OK
2026-02-15T10:53:34.894Z,9,59.49,50,OK
2026-02-15T10:53:35.230Z,29,286.00,50,OK
2026-02-15T10:53:35.280Z,10,20.09,50,OK
2026-02-15T10:53:35.331Z,10,20.16,50,OK
2026-02-15T10:53:35.381Z,10,20.35,50,OK
2026-02-15T10:53:35.484Z,10,92.11,50,OK
2026-02-15T10:53:35.560Z,10,26.00,50,OK
2026-02-15T10:53:35.612Z,8,20.70,50,OK
2026-02-15T10:53:35.662Z,7,20.19,50,OK
2026-02-15T10:53:35.712Z,7,20.97,50,OK
2026-02-15T10:53:35.802Z,7,40.00,50,OK
2026-02-15T10:53:35.852Z,6,20.23,50,OK
2026-02-15T10:53:35.903Z,6,20.39,50,OK
2026-02-15T10:53:35.953Z,6,20.35,50,OK
2026-02-15T10:53:36.003Z,6,20.29,50,OK
2026-02-15T10:53:36.054Z,6,20.21,50,OK
2026-02-15T10:53:36.105Z,6,20.98,50,OK
2026-02-15T10:53:36.155Z,6,20.91,50,OK
2026-02-15T10:53:36.205Z,6,20.41,50,OK
2026-02-15T10:53:36.323Z,12,56.99,50,OK
2026-02-15T10:53:36.412Z,24,39.00,50,OK
2026-02-15T10:53:36.462Z,9,20.41,50,OK
2026-02-15T10:53:36.512Z,9,20.06,50,OK
2026-02-15T10:53:36.562Z,9,20.50,50,OK
2026-02-15T10:53:36.612Z,10,20.28,50,OK
2026-02-15T10:53:36.662Z,10,20.10,50,OK
2026-02-15T10:53:36.712Z,10,19.42,50,OK
2026-02-15T10:53:36.762Z,10,20.60,50,OK
2026-02-15T10:53:36.812Z,10,20.54,50,OK
2026-02-15T10:53:36.863Z,7,20.75,50,OK
2026-02-15T10:53:36.914Z,7,20.24,50,OK
2026-02-15T10:53:36.966Z,7,20.65,50,OK
2026-02-15T10:53:37.016Z,6,21.27,50,OK
2026-02-15T10:53:37.067Z,6,20.38,50,OK
2026-02-15T10:53:37.117Z,6,20.44,50,OK
2026-02-15T10:53:37.167Z,6,20.30,50,OK
2026-02-15T10:53:37.217Z,6,20.19,50,OK
2026-02-15T10:53:37.317Z,5,89.55,50,OK
2026-02-15T10:53:37.410Z,6,43.00,50,OK
2026-02-15T10:53:37.653Z,9,193.00,50,OK
2026-02-15T10:53:37.825Z,20,171.64,50,OK
2026-02-15T10:53:37.876Z,5,20.78,50,OK
2026-02-15T10:53:37.927Z,5,19.80,50,OK
2026-02-15T10:53:37.977Z,5,20.39,50,OK
2026-02-15T10:53:38.027Z,6,20.39,50,OK
2026-02-15T10:53:38.077Z,6,20.34,50,OK
2026-02-15T10:53:38.127Z,6,20.29,50,OK
2026-02-15T10:53:38.179Z,6,20.78,50,OK
2026-02-15T10:53:38.229Z,6,20.39,50,OK
2026-02-15T10:53:38.280Z,6,20.09,50,OK
2026-02-15T10:53:38.331Z,6,20.59,50,OK
2026-02-15T10:53:38.382Z,4,20.29,50,OK
2026-02-15T10:53:38.432Z,4,20.56,50,OK
2026-02-15T10:53:38.482Z,4,20.46,50,OK
2026-02-15T10:53:38.533Z,4,20.08,50,OK
2026-02-15T10:53:38.583Z,3,20.72,50,OK
2026-02-15T10:53:38.635Z,3,20.29,50,OK
2026-02-15T10:53:38.685Z,3,20.73,50,OK
2026-02-15T10:53:38.735Z,3,20.46,50,OK
2026-02-15T10:53:38.822Z,5,85.30,50,OK
2026-02-15T10:53:38.907Z,7,35.00,50,OK
2026-02-15T10:53:39.070Z,22,162.59,50,OK
2026-02-15T10:53:39.120Z,8,20.21,50,OK
2026-02-15T10:53:39.246Z,8,20.36,50,OK
2026-02-15T10:53:39.296Z,8,20.31,50,OK
2026-02-15T10:53:39.346Z,8,20.34,50,OK
2026-02-15T10:53:39.396Z,9,20.23,50,OK
2026-02-15T10:53:39.447Z,9,20.87,50,OK
2026-02-15T10:53:39.498Z,9,20.85,50,OK
2026-02-15T10:53:39.548Z,9,20.72,50,OK
2026-02-15T10:53:39.598Z,9,20.43,50,OK
2026-02-15T10:53:39.649Z,9,20.44,50,OK
2026-02-15T10:53:39.699Z,8,20.05,50,OK
2026-02-15T10:53:39.749Z,8,20.26,50,OK
2026-02-15T10:53:39.799Z,8,20.27,50,OK
2026-02-15T10:53:39.850Z,9,20.01,50,OK
2026-02-15T10:53:39.901Z,9,20.25,50,OK
2026-02-15T10:53:39.952Z,10,20.36,50,OK
2026-02-15T10:53:40.002Z,9,20.50,50,OK
2026-02-15T10:53:40.052Z,9,20.46,50,OK
2026-02-15T10:53:40.235Z,15,176.10,50,OK
2026-02-15T10:53:40.399Z,16,114.00,50,OK
2026-02-15T10:53:40.494Z,15,95.19,50,OK
2026-02-15T10:53:40.544Z,9,19.62,50,OK
2026-02-15T10:53:40.595Z,9,20.28,50,OK
2026-02-15T10:53:40.645Z,9,20.41,50,OK
2026-02-15T10:53:40.696Z,10,20.08,50,OK
2026-02-15T10:53:40.746Z,10,20.27,50,OK
2026-02-15T10:53:40.796Z,10,20.52,50,OK
2026-02-15T10:53:40.846Z,9,20.28,50,OK
2026-02-15T10:53:40.897Z,9,20.32,50,OK
2026-02-15T10:53:40.947Z,6,20.32,50,OK
2026-02-15T10:53:40.998Z,5,20.37,50,OK
2026-02-15T10:53:41.048Z,5,20.13,50,OK
2026-02-15T10:53:41.099Z,5,20.31,50,OK
2026-02-15T10:53:41.150Z,5,19.95,50,OK
2026-02-15T10:53:41.201Z,5,20.09,50,OK
2026-02-15T10:53:41.251Z,5,20.18,50,OK
2026-02-15T10:53:41.301Z,5,20.18,50,OK
2026-02-15T10:53:41.352Z,5,20.68,50,OK
2026-02-15T10:53:41.405Z,8,20.39,50,OK
2026-02-15T10:53:41.456Z,5,20.26,50,OK
2026-02-15T10:53:41.509Z,9,21.68,50,OK
2026-02-15T10:53:41.559Z,6,20.18,50,OK
2026-02-15T10:53:41.670Z,7,20.23,50,OK
2026-02-15T10:53:41.749Z,6,77.96,50,OK
2026-02-15T10:53:41.799Z,6,19.69,50,OK
2026-02-15T10:53:41.849Z,5,19.47,50,OK
2026-02-15T10:53:41.899Z,5,19.96,50,OK
2026-02-15T10:53:41.950Z,4,19.85,50,OK
2026-02-15T10:53:42.001Z,4,20.66,50,OK
2026-02-15T10:53:42.052Z,4,20.18,50,OK
2026-02-15T10:53:42.102Z,4,20.04,50,OK
2026-02-15T10:53:42.152Z,4,20.19,50,OK
2026-02-15T10:53:42.202Z,4,20.04,50,OK
2026-02-15T10:53:42.252Z,4,20.18,50,OK
2026-02-15T10:53:42.304Z,4,20.27,50,OK
2026-02-15T10:53:42.354Z,4,20.03,50,OK
2026-02-15T10:53:42.404Z,4,20.29,50,OK
2026-02-15T10:53:42.493Z,9,78.28,50,OK
2026-02-15T10:53:42.604Z,9,61.00,50,OK
2026-02-15T10:53:42.654Z,5,20.19,50,OK
2026-02-15T10:53:42.760Z,5,95.52,50,OK
2026-02-15T10:53:42.811Z,4,20.29,50,OK
2026-02-15T10:53:42.861Z,4,20.52,50,OK
2026-02-15T10:53:42.913Z,4,20.35,50,OK
2026-02-15T10:53:42.993Z,4,30.00,50,OK
2026-02-15T10:53:43.043Z,4,20.08,50,OK
2026-02-15T10:53:43.095Z,4,20.22,50,OK
2026-02-15T10:53:43.146Z,4,20.42,50,OK
2026-02-15T10:53:43.254Z,4,98.66,50,OK
2026-02-15T10:53:43.304Z,4,19.42,50,OK
2026-02-15T10:53:43.355Z,4,19.85,50,OK
2026-02-15T10:53:43.404Z,3,20.07,50,OK
2026-02-15T10:53:43.491Z,5,76.38,50,OK
2026-02-15T10:53:43.577Z,6,36.00,50,OK
2026-02-15T10:53:43.698Z,8,60.17,50,OK
2026-02-15T10:53:43.748Z,7,20.26,50,OK
2026-02-15T10:53:43.798Z,9,21.31,50,OK
2026-02-15T10:53:43.848Z,9,20.50,50,OK
2026-02-15T10:53:43.899Z,9,20.39,50,OK
2026-02-15T10:53:43.950Z,9,20.31,50,OK
2026-02-15T10:53:44.000Z,9,20.42,50,OK
2026-02-15T10:53:44.086Z,13,36.00,50,OK
2026-02-15T10:53:44.136Z,9,20.24,50,OK
2026-02-15T10:53:44.186Z,9,20.39,50,OK
2026-02-15T10:53:44.237Z,9,20.37,50,OK
2026-02-15T10:53:44.287Z,10,20.37,50,OK
2026-02-15T10:53:44.338Z,11,20.76,50,OK
2026-02-15T10:53:44.388Z,11,20.36,50,OK
2026-02-15T10:53:44.483Z,11,91.26,50,OK
2026-02-15T10:53:44.534Z,10,20.34,50,OK
2026-02-15T10:53:44.671Z,10,64.53,50,OK
2026-02-15T10:53:44.776Z,19,55.00,50,OK
2026-02-15T10:53:44.826Z,11,20.24,50,OK
2026-02-15T10:53:44.876Z,12,20.68,50,OK
2026-02-15T10:53:44.927Z,12,20.46,50,OK
2026-02-15T10:53:44.977Z,12,20.49,50,OK
2026-02-15T10:53:45.027Z,12,20.64,50,OK
2026-02-15T10:53:45.077Z,12,20.32,50,OK
2026-02-15T10:53:45.169Z,12,88.38,50,OK
2026-02-15T10:53:45.219Z,12,20.41,50,OK
2026-02-15T10:53:45.338Z,12,20.34,50,OK
2026-02-15T10:53:45.458Z,12,20.39,50,OK
2026-02-15T10:53:45.508Z,10,21.08,50,OK
2026-02-15T10:53:45.560Z,10,20.14,50,OK
2026-02-15T10:53:45.610Z,8,19.98,50,OK
2026-02-15T10:53:45.661Z,7,20.32,50,OK
2026-02-15T10:53:45.711Z,7,20.12,50,OK
2026-02-15T10:53:45.761Z,7,20.49,50,OK
2026-02-15T10:53:45.811Z,7,20.60,50,OK
2026-02-15T10:53:45.862Z,7,20.37,50,OK
2026-02-15T10:53:45.912Z,7,20.46,50,OK
2026-02-15T10:53:45.962Z,7,20.90,50,OK
2026-02-15T10:53:46.012Z,8,20.60,50,OK
2026-02-15T10:53:46.062Z,7,20.41,50,OK
2026-02-15T10:53:46.112Z,7,20.41,50,OK
2026-02-15T10:53:46.164Z,7,20.46,50,OK
2026-02-15T10:53:46.253Z,8,82.48,50,OK
2026-02-15T10:53:46.340Z,13,37.00,50,OK
2026-02-15T10:53:46.434Z,9,93.95,50,OK
2026-02-15T10:53:46.543Z,7,88.24,50,OK
2026-02-15T10:53:46.593Z,6,20.23,50,OK
2026-02-15T10:53:46.695Z,7,92.18,50,OK
2026-02-15T10:53:46.745Z,7,20.28,50,OK
2026-02-15T10:53:46.795Z,13,20.44,50,OK
2026-02-15T10:53:46.845Z,9,20.13,50,OK
2026-02-15T10:53:46.895Z,10,20.41,50,OK
2026-02-15T10:53:46.946Z,10,20.31,50,OK
2026-02-15T10:53:46.997Z,10,20.31,50,OK
2026-02-15T10:53:47.047Z,11,20.52,50,OK
2026-02-15T10:53:47.097Z,10,20.28,50,OK
2026-02-15T10:53:47.148Z,10,20.21,50,OK
2026-02-15T10:53:47.198Z,10,19.52,50,OK
2026-02-15T10:53:47.249Z,10,20.20,50,OK
2026-02-15T10:53:47.299Z,10,20.39,50,OK
2026-02-15T10:53:47.350Z,14,20.44,50,OK
2026-02-15T10:53:47.400Z,11,20.44,50,OK
2026-02-15T10:53:47.450Z,11,20.06,50,OK
2026-02-15T10:53:47.500Z,11,20.49,50,OK
2026-02-15T10:53:47.624Z,11,20.30,50,OK
2026-02-15T10:53:47.703Z,18,78.74,50,OK
2026-02-15T10:53:47.754Z,13,20.55,50,OK
2026-02-15T10:53:47.878Z,14,57.29,50,OK
2026-02-15T10:53:47.928Z,12,20.26,50,OK
2026-02-15T10:53:47.979Z,12,20.41,50,OK
2026-02-15T10:53:48.029Z,12,20.21,50,OK
2026-02-15T10:53:48.081Z,12,20.19,50,OK
2026-02-15T10:53:48.131Z,12,20.40,50,OK
2026-02-15T10:53:48.181Z,12,20.34,50,OK
2026-02-15T10:53:48.231Z,12,20.55,50,OK
2026-02-15T10:53:48.281Z,12,20.01,50,OK
2026-02-15T10:53:48.331Z,12,20.28,50,OK
2026-02-15T10:53:48.431Z,13,86.61,50,OK
2026-02-15T10:53:48.481Z,12,19.72,50,OK
2026-02-15T10:53:48.532Z,12,20.50,50,OK
2026-02-15T10:53:48.583Z,11,20.17,50,OK
2026-02-15T10:53:48.634Z,11,20.23,50,OK
2026-02-15T10:53:48.684Z,11,20.32,50,OK
2026-02-15T10:53:48.790Z,14,96.83,50,OK
2026-02-15T10:53:48.874Z,12,34.00,50,OK
2026-02-15T10:53:48.926Z,11,20.36,50,OK
2026-02-15T10:53:48.976Z,11,20.50,50,OK
2026-02-15T10:53:49.026Z,11,19.82,50,OK
2026-02-15T10:53:49.076Z,12,20.36,50,OK
2026-02-15T10:53:49.127Z,12,20.84,50,OK
2026-02-15T10:53:49.178Z,12,20.44,50,OK
2026-02-15T10:53:49.228Z,12,20.32,50,OK
2026-02-15T10:53:49.323Z,12,83.66,50,OK
2026-02-15T10:53:49.428Z,11,84.25,50,OK
2026-02-15T10:53:49.528Z,15,50.00,50,OK
2026-02-15T10:53:49.610Z,14,32.00,50,OK
2026-02-15T10:53:49.660Z,13,19.80,50,OK
2026-02-15T10:53:49.710Z,12,20.04,50,OK
2026-02-15T10:53:49.760Z,12,20.46,50,OK
2026-02-15T10:53:49.871Z,13,21.60,50,OK
2026-02-15T10:53:49.951Z,16,79.99,50,OK
2026-02-15T10:53:50.037Z,30,36.00,50,OK
2026-02-15T10:53:50.129Z,13,42.00,50,OK
2026-02-15T10:53:50.180Z,13,20.68,50,OK
2026-02-15T10:53:50.230Z,14,20.09,50,OK
2026-02-15T10:53:50.281Z,14,20.22,50,OK
2026-02-15T10:53:50.331Z,15,20.28,50,OK
2026-02-15T10:53:50.381Z,13,20.30,50,OK
2026-02-15T10:53:50.432Z,13,20.31,50,OK
2026-02-15T10:53:50.482Z,13,20.06,50,OK
2026-02-15T10:53:50.533Z,14,20.26,50,OK
2026-02-15T10:53:50.615Z,14,32.00,50,OK
2026-02-15T10:53:50.700Z,14,84.57,50,OK
2026-02-15T10:53:50.750Z,13,20.19,50,OK
2026-02-15T10:53:50.800Z,11,20.29,50,OK
2026-02-15T10:53:50.850Z,11,20.68,50,OK
2026-02-15T10:53:50.958Z,12,58.00,50,OK
2026-02-15T10:53:51.008Z,7,19.75,50,OK
2026-02-15T10:53:51.119Z,9,20.24,50,OK
2026-02-15T10:53:51.217Z,22,98.01,50,OK
2026-02-15T10:53:51.303Z,11,36.00,50,OK
2026-02-15T10:53:51.353Z,9,19.96,50,OK
2026-02-15T10:53:51.404Z,9,20.31,50,OK
2026-02-15T10:53:51.454Z,8,20.32,50,OK
2026-02-15T10:53:51.557Z,12,92.18,50,OK
2026-02-15T10:53:51.607Z,9,20.47,50,OK
2026-02-15T10:53:51.657Z,8,20.60,50,OK
2026-02-15T10:53:51.709Z,12,20.35,50,OK
2026-02-15T10:53:51.759Z,9,21.09,50,OK
2026-02-15T10:53:51.810Z,8,20.33,50,OK
2026-02-15T10:53:51.860Z,9,20.26,50,OK
2026-02-15T10:53:51.910Z,8,20.55,50,OK
2026-02-15T10:53:51.960Z,9,20.50,50,OK
2026-02-15T10:53:52.011Z,10,20.77,50,OK
2026-02-15T10:53:52.061Z,10,19.73,50,OK
2026-02-15T10:53:52.111Z,10,20.14,50,OK
2026-02-15T10:53:52.161Z,10,20.16,50,OK
2026-02-15T10:53:52.213Z,9,20.20,50,OK
2026-02-15T10:53:52.312Z,14,49.00,50,OK
2026-02-15T10:53:52.734Z,20,372.00,50,OK
2026-02-15T10:53:52.934Z,41,150.00,50,OK
2026-02-15T10:53:53.042Z,25,58.00,50,OK
2026-02-15T10:53:53.143Z,28,51.00,50,OK
2026-02-15T10:53:53.254Z,21,61.00,50,OK
2026-02-15T10:53:53.305Z,16,20.14,50,OK
2026-02-15T10:53:53.357Z,17,20.45,50,OK
2026-02-15T10:53:53.407Z,17,20.44,50,OK
2026-02-15T10:53:53.457Z,17,20.09,50,OK
2026-02-15T10:53:53.508Z,16,19.98,50,OK
2026-02-15T10:53:53.634Z,16,58.15,50,OK
2026-02-15T10:53:53.684Z,15,19.78,50,OK
2026-02-15T10:53:53.812Z,17,21.50,50,OK
2026-02-15T10:53:53.926Z,18,20.46,50,OK
2026-02-15T10:53:54.038Z,23,110.46,50,OK
2026-02-15T10:53:54.277Z,29,189.00,50,OK
2026-02-15T10:53:54.399Z,38,72.00,50,OK
2026-02-15T10:53:54.450Z,19,20.41,50,OK
2026-02-15T10:53:54.500Z,19,20.39,50,OK
2026-02-15T10:53:54.550Z,19,20.28,50,OK
2026-02-15T10:53:54.601Z,19,19.95,50,OK
2026-02-15T10:53:54.650Z,18,19.37,50,OK
2026-02-15T10:53:54.701Z,18,20.36,50,OK
2026-02-15T10:53:54.751Z,18,20.36,50,OK
2026-02-15T10:53:54.800Z,18,20.42,50,OK
2026-02-15T10:53:54.851Z,14,20.55,50,OK
2026-02-15T10:53:54.902Z,14,20.28,50,OK
2026-02-15T10:53:55.018Z,12,21.05,50,OK
2026-02-15T10:53:55.238Z,18,218.04,50,OK
2026-02-15T10:53:55.288Z,9,21.86,50,OK
2026-02-15T10:53:55.339Z,8,20.01,50,OK
2026-02-15T10:53:55.389Z,8,20.24,50,OK
2026-02-15T10:53:55.506Z,9,67.00,50,OK
2026-02-15T10:53:55.623Z,37,67.00,50,OK
2026-02-15T10:53:55.741Z,13,68.00,50,OK
2026-02-15T10:53:55.790Z,13,20.26,50,OK
2026-02-15T10:53:55.922Z,13,20.34,50,OK
2026-02-15T10:53:56.040Z,12,68.00,50,OK
2026-02-15T10:53:56.089Z,10,20.65,50,OK
2026-02-15T10:53:56.214Z,10,112.23,50,OK
2026-02-15T10:53:56.337Z,10,103.32,50,OK
2026-02-15T10:53:56.781Z,39,394.00,50,OK
2026-02-15T10:53:57.296Z,46,465.00,50,OK
2026-02-15T10:53:57.722Z,42,376.00,50,OK
2026-02-15T10:53:57.875Z,26,103.00,50,OK
2026-02-15T10:53:57.925Z,19,19.64,50,OK
2026-02-15T10:53:57.976Z,19,20.31,50,OK
2026-02-15T10:53:58.027Z,19,20.41,50,OK
2026-02-15T10:53:58.078Z,17,19.60,50,OK
2026-02-15T10:53:58.129Z,17,20.22,50,OK
2026-02-15T10:53:58.179Z,18,20.67,50,OK
2026-02-15T10:53:58.230Z,18,20.47,50,OK
2026-02-15T10:53:58.281Z,18,20.29,50,OK
2026-02-15T10:53:58.380Z,20,49.00,50,OK
2026-02-15T10:53:58.494Z,51,64.00,50,SATURATED
2026-02-15T10:53:58.545Z,20,20.34,50,OK
2026-02-15T10:53:58.595Z,20,20.29,50,OK
2026-02-15T10:53:58.645Z,20,20.19,50,OK
2026-02-15T10:53:58.695Z,19,20.44,50,OK
2026-02-15T10:53:58.816Z,22,60.22,50,OK
2026-02-15T10:53:58.866Z,17,21.00,50,OK
2026-02-15T10:53:59.005Z,24,20.83,50,OK
2026-02-15T10:53:59.122Z,20,116.75,50,OK
2026-02-15T10:53:59.173Z,16,20.91,50,OK
2026-02-15T10:53:59.224Z,16,20.60,50,OK
2026-02-15T10:53:59.275Z,16,20.44,50,OK
2026-02-15T10:53:59.325Z,14,19.94,50,OK
2026-02-15T10:53:59.375Z,14,20.31,50,OK
2026-02-15T10:53:59.426Z,16,20.31,50,OK
2026-02-15T10:53:59.476Z,16,20.18,50,OK
2026-02-15T10:53:59.608Z,17,119.83,50,OK
2026-02-15T10:53:59.911Z,47,253.00,50,OK
2026-02-15T10:54:00.572Z,56,611.00,50,SATURATED
2026-02-15T10:54:01.146Z,49,524.00,50,OK
2026-02-15T10:54:01.674Z,48,478.00,50,OK
2026-02-15T10:54:02.265Z,54,541.00,50,SATURATED
2026-02-15T10:54:02.866Z,55,551.00,50,SATURATED
2026-02-15T10:54:03.881Z,55,965.00,50,SATURATED
2026-02-15T10:54:04.536Z,62,605.00,50,SATURATED
2026-02-15T10:54:04.838Z,63,252.00,50,SATURATED
2026-02-15T10:54:05.020Z,34,132.00,50,OK
2026-02-15T10:54:05.382Z,45,312.00,50,OK
2026-02-15T10:54:05.433Z,12,20.39,50,OK
2026-02-15T10:54:05.483Z,12,19.47,50,OK
2026-02-15T10:54:05.533Z,12,19.82,50,OK
2026-02-15T10:54:05.627Z,12,44.00,50,OK
2026-02-15T10:54:05.838Z,42,161.00,50,OK
2026-02-15T10:54:06.105Z,37,238.62,50,OK
2026-02-15T10:54:06.588Z,43,433.00,50,OK
2026-02-15T10:54:07.320Z,56,682.00,50,SATURATED
2026-02-15T10:54:07.710Z,56,340.00,50,SATURATED
2026-02-15T10:54:08.372Z,71,612.00,50,SATURATED
2026-02-15T10:54:08.559Z,75,185.93,50,SATURATED
2026-02-15T10:54:08.609Z,20,19.60,50,OK
2026-02-15T10:54:08.659Z,20,20.93,50,OK
2026-02-15T10:54:08.709Z,22,20.23,50,OK
2026-02-15T10:54:08.838Z,23,128.02,50,OK
2026-02-15T10:54:09.084Z,53,196.00,50,SATURATED
2026-02-15T10:54:09.135Z,21,19.89,50,OK
2026-02-15T10:54:09.187Z,21,20.71,50,OK
2026-02-15T10:54:09.237Z,20,20.41,50,OK
2026-02-15T10:54:09.288Z,20,20.53,50,OK
2026-02-15T10:54:09.338Z,19,20.62,50,OK
2026-02-15T10:54:09.389Z,21,20.66,50,OK
2026-02-15T10:54:09.482Z,22,43.00,50,OK
2026-02-15T10:54:10.045Z,43,513.00,50,OK
2026-02-15T10:54:11.316Z,77,1267.20,50,SATURATED
2026-02-15T10:54:12.276Z,92,910.00,50,SATURATED
2026-02-15T10:54:12.777Z,87,451.00,50,SATURATED
2026-02-15T10:54:13.385Z,86,558.00,50,SATURATED
2026-02-15T10:54:13.847Z,91,412.00,50,SATURATED
2026-02-15T10:54:14.195Z,92,298.00,50,SATURATED
2026-02-15T10:54:14.254Z,17,9.00,50,OK
2026-02-15T10:54:14.303Z,14,19.90,50,OK
2026-02-15T10:54:14.353Z,14,20.36,50,OK
2026-02-15T10:54:14.409Z,19,23.75,50,OK
2026-02-15T10:54:14.533Z,24,75.00,50,OK
2026-02-15T10:54:14.649Z,36,66.00,50,OK
2026-02-15T10:54:14.778Z,22,79.00,50,OK
2026-02-15T10:54:14.905Z,19,77.00,50,OK
2026-02-15T10:54:15.283Z,57,328.00,50,SATURATED
2026-02-15T10:54:16.213Z,103,880.00,50,SATURATED
2026-02-15T10:54:16.675Z,104,412.00,50,SATURATED
2026-02-15T10:54:16.733Z,86,8.00,50,SATURATED
2026-02-15T10:54:16.783Z,31,0.00,50,OK
2026-02-15T10:54:16.834Z,31,20.50,50,OK
2026-02-15T10:54:16.884Z,31,20.34,50,OK
2026-02-15T10:54:16.935Z,29,20.37,50,OK
2026-02-15T10:54:16.985Z,30,20.28,50,OK
2026-02-15T10:54:17.034Z,28,20.00,50,OK
2026-02-15T10:54:17.085Z,28,20.29,50,OK
2026-02-15T10:54:17.135Z,28,19.99,50,OK
2026-02-15T10:54:17.185Z,27,20.41,50,OK
2026-02-15T10:54:17.304Z,33,56.45,50,OK
2026-02-15T10:54:17.354Z,31,20.68,50,OK
2026-02-15T10:54:17.490Z,32,20.26,50,OK
2026-02-15T10:54:17.631Z,31,19.89,50,OK
2026-02-15T10:54:17.786Z,26,19.98,50,OK
2026-02-15T10:54:18.911Z,114,1123.55,50,SATURATED
2026-02-15T10:54:19.939Z,139,978.00,50,SATURATED
2026-02-15T10:54:20.682Z,118,693.00,50,SATURATED
2026-02-15T10:54:21.012Z,82,280.00,50,SATURATED
2026-02-15T10:54:22.699Z,87,1637.00,50,SATURATED
2026-02-15T10:54:23.978Z,134,1229.00,50,SATURATED
2026-02-15T10:54:24.373Z,138,345.00,50,SATURATED
2026-02-15T10:54:24.460Z,44,43.89,50,OK
2026-02-15T10:54:24.510Z,20,19.67,50,OK
2026-02-15T10:54:24.560Z,20,20.29,50,OK
2026-02-15T10:54:24.610Z,20,20.12,50,OK
2026-02-15T10:54:24.660Z,20,20.29,50,OK
2026-02-15T10:54:24.709Z,18,20.49,50,OK
2026-02-15T10:54:24.760Z,18,20.28,50,OK
2026-02-15T10:54:24.862Z,18,52.00,50,OK
2026-02-15T10:54:24.913Z,17,20.54,50,OK
2026-02-15T10:54:24.963Z,17,20.16,50,OK
2026-02-15T10:54:25.076Z,18,20.75,50,OK
2026-02-15T10:54:25.652Z,61,571.21,50,SATURATED
2026-02-15T10:54:26.529Z,132,827.00,50,SATURATED
2026-02-15T10:54:26.596Z,43,17.00,50,OK
2026-02-15T10:54:26.647Z,23,20.03,50,OK
2026-02-15T10:54:26.780Z,23,83.00,50,OK
2026-02-15T10:54:26.887Z,31,57.00,50,OK
2026-02-15T10:54:26.937Z,23,20.28,50,OK
2026-02-15T10:54:26.987Z,22,20.33,50,OK
2026-02-15T10:54:27.038Z,22,20.31,50,OK
2026-02-15T10:54:27.088Z,22,20.29,50,OK
2026-02-15T10:54:27.138Z,22,19.93,50,OK
2026-02-15T10:54:27.188Z,22,20.29,50,OK
2026-02-15T10:54:27.286Z,22,95.65,50,OK
2026-02-15T10:54:27.337Z,22,20.19,50,OK
2026-02-15T10:54:27.388Z,22,20.32,50,OK
2026-02-15T10:54:27.492Z,28,52.25,50,OK
2026-02-15T10:54:27.833Z,29,20.11,50,OK
2026-02-15T10:54:29.098Z,128,1265.11,50,SATURATED
2026-02-15T10:54:30.705Z,124,1557.00,50,SATURATED
2026-02-15T10:54:31.193Z,116,438.00,50,SATURATED
2026-02-15T10:54:31.361Z,84,118.00,50,SATURATED
2026-02-15T10:54:31.419Z,13,8.00,50,OK
2026-02-15T10:54:31.468Z,12,20.42,50,OK
2026-02-15T10:54:31.519Z,12,20.21,50,OK
2026-02-15T10:54:31.569Z,11,20.54,50,OK
2026-02-15T10:54:31.712Z,12,20.31,50,OK
2026-02-15T10:54:31.817Z,18,104.24,50,OK
2026-02-15T10:54:32.477Z,53,610.00,50,SATURATED
2026-02-15T10:54:33.650Z,134,1123.00,50,SATURATED
2026-02-15T10:54:34.272Z,115,572.00,50,SATURATED
2026-02-15T10:54:34.529Z,73,207.00,50,SATURATED
2026-02-15T10:54:34.699Z,24,120.00,50,OK
2026-02-15T10:54:35.787Z,74,1038.00,50,SATURATED
2026-02-15T10:54:36.718Z,132,881.00,50,SATURATED
2026-02-15T10:54:36.843Z,89,75.00,50,SATURATED
2026-02-15T10:54:37.263Z,64,419.30,50,SATURATED
2026-02-15T10:54:37.380Z,32,67.00,50,OK
2026-02-15T10:54:37.577Z,42,147.00,50,OK
2026-02-15T10:54:37.628Z,31,20.32,50,OK
2026-02-15T10:54:37.678Z,30,20.36,50,OK
2026-02-15T10:54:37.797Z,33,59.08,50,OK
2026-02-15T10:54:38.133Z,81,286.00,50,SATURATED
2026-02-15T10:54:38.654Z,79,471.00,50,SATURATED
2026-02-15T10:54:39.466Z,80,762.00,50,SATURATED
2026-02-15T10:54:39.626Z,51,110.00,50,SATURATED
2026-02-15T10:54:40.197Z,37,542.38,50,OK
2026-02-15T10:54:40.905Z,67,658.00,50,SATURATED
2026-02-15T10:54:42.395Z,105,1440.00,50,SATURATED
2026-02-15T10:54:42.743Z,110,298.00,50,SATURATED
2026-02-15T10:54:42.797Z,23,4.00,50,OK
2026-02-15T10:54:42.848Z,18,20.63,50,OK
2026-02-15T10:54:42.898Z,18,20.39,50,OK
2026-02-15T10:54:42.948Z,16,20.25,50,OK
2026-02-15T10:54:42.999Z,16,20.37,50,OK
2026-02-15T10:54:43.050Z,16,20.08,50,OK
2026-02-15T10:54:43.100Z,16,20.32,50,OK
2026-02-15T10:54:43.151Z,16,19.95,50,OK
2026-02-15T10:54:43.201Z,16,20.13,50,OK
2026-02-15T10:54:43.251Z,15,19.95,50,OK
2026-02-15T10:54:43.301Z,15,20.19,50,OK
2026-02-15T10:54:43.350Z,15,20.73,50,OK
2026-02-15T10:54:43.460Z,20,93.09,50,OK
2026-02-15T10:54:44.616Z,71,1106.00,50,SATURATED
2026-02-15T10:54:45.893Z,125,1227.00,50,SATURATED
2026-02-15T10:54:46.132Z,103,189.00,50,SATURATED
2026-02-15T10:54:46.182Z,15,20.44,50,OK
2026-02-15T10:54:46.232Z,13,19.90,50,OK
2026-02-15T10:54:46.283Z,13,19.96,50,OK
2026-02-15T10:54:46.333Z,13,20.26,50,OK
2026-02-15T10:54:46.384Z,13,20.28,50,OK
2026-02-15T10:54:46.435Z,13,20.36,50,OK
2026-02-15T10:54:46.485Z,13,20.35,50,OK
2026-02-15T10:54:46.536Z,13,20.34,50,OK
2026-02-15T10:54:46.589Z,14,20.48,50,OK
2026-02-15T10:54:46.638Z,10,20.90,50,OK
2026-02-15T10:54:46.689Z,10,20.40,50,OK
2026-02-15T10:54:46.774Z,15,35.00,50,OK
2026-02-15T10:54:46.856Z,21,32.00,50,OK
2026-02-15T10:54:46.970Z,11,95.39,50,OK
2026-02-15T10:54:47.721Z,57,701.00,50,SATURATED
2026-02-15T10:54:48.894Z,111,1171.78,50,SATURATED
2026-02-15T10:54:49.344Z,102,400.00,50,SATURATED
2026-02-15T10:54:49.468Z,58,74.00,50,SATURATED
2026-02-15T10:54:49.519Z,20,20.60,50,OK
2026-02-15T10:54:49.569Z,20,20.24,50,OK
2026-02-15T10:54:49.620Z,20,20.87,50,OK
2026-02-15T10:54:49.670Z,20,20.37,50,OK
2026-02-15T10:54:49.720Z,20,20.41,50,OK
2026-02-15T10:54:49.771Z,19,20.39,50,OK
2026-02-15T10:54:49.855Z,21,80.25,50,OK
2026-02-15T10:54:50.191Z,34,286.00,50,OK
2026-02-15T10:54:50.616Z,77,375.00,50,SATURATED
2026-02-15T10:54:51.477Z,113,860.62,50,SATURATED
2026-02-15T10:54:51.694Z,74,166.00,50,SATURATED
2026-02-15T10:54:52.723Z,81,980.00,50,SATURATED
2026-02-15T10:54:53.851Z,123,1078.00,50,SATURATED
2026-02-15T10:54:54.621Z,131,720.00,50,SATURATED
2026-02-15T10:54:54.745Z,88,123.17,50,SATURATED
2026-02-15T10:54:54.795Z,17,19.44,50,OK
2026-02-15T10:54:54.845Z,17,20.21,50,OK
2026-02-15T10:54:54.988Z,22,130.12,50,OK
2026-02-15T10:54:55.632Z,52,594.00,50,SATURATED
2026-02-15T10:54:55.964Z,32,332.01,50,OK
2026-02-15T10:54:56.568Z,120,554.00,50,SATURATED
2026-02-15T10:54:56.629Z,31,11.00,50,OK
2026-02-15T10:54:56.747Z,31,118.00,50,OK
2026-02-15T10:54:57.087Z,40,290.00,50,OK
2026-02-15T10:54:57.904Z,53,767.00,50,SATURATED
2026-02-15T10:54:59.490Z,134,1536.00,50,SATURATED
2026-02-15T10:55:00.351Z,128,811.00,50,SATURATED
2026-02-15T10:55:00.420Z,87,19.00,50,SATURATED
2026-02-15T10:55:00.561Z,37,91.00,50,OK
2026-02-15T10:55:00.701Z,43,90.00,50,OK
2026-02-15T10:55:00.942Z,24,191.00,50,OK
2026-02-15T10:55:01.069Z,35,77.00,50,OK
2026-02-15T10:55:01.118Z,16,20.16,50,OK
2026-02-15T10:55:01.168Z,16,20.05,50,OK
2026-02-15T10:55:01.218Z,16,20.22,50,OK
2026-02-15T10:55:01.268Z,17,21.01,50,OK
2026-02-15T10:55:01.319Z,17,20.28,50,OK
2026-02-15T10:55:01.369Z,17,19.73,50,OK
2026-02-15T10:55:01.623Z,24,124.92,50,OK
2026-02-15T10:55:02.682Z,96,1009.00,50,SATURATED
2026-02-15T10:55:03.733Z,130,1001.00,50,SATURATED
2026-02-15T10:55:04.170Z,98,387.00,50,SATURATED
2026-02-15T10:55:04.599Z,70,429.26,50,SATURATED
2026-02-15T10:55:04.875Z,38,226.00,50,OK
2026-02-15T10:55:05.348Z,63,423.00,50,SATURATED
2026-02-15T10:55:05.925Z,68,576.98,50,SATURATED
2026-02-15T10:55:06.845Z,92,870.00,50,SATURATED
2026-02-15T10:55:07.096Z,75,201.00,50,SATURATED
2026-02-15T10:55:07.873Z,78,727.00,50,SATURATED
2026-02-15T10:55:08.417Z,81,494.00,50,SATURATED
2026-02-15T10:55:09.308Z,81,841.00,50,SATURATED
2026-02-15T10:55:10.161Z,81,803.00,50,SATURATED
2026-02-15T10:55:10.622Z,86,411.00,50,SATURATED
2026-02-15T10:55:11.339Z,83,667.00,50,SATURATED
2026-02-15T10:55:11.889Z,86,500.00,50,SATURATED
2026-02-15T10:55:12.568Z,86,629.00,50,SATURATED
2026-02-15T10:55:13.001Z,88,383.00,50,SATURATED
2026-02-15T10:55:13.733Z,84,682.00,50,SATURATED
2026-02-15T10:55:14.205Z,86,422.00,50,SATURATED
2026-02-15T10:55:14.627Z,86,372.00,50,SATURATED
2026-02-15T10:55:14.772Z,39,95.00,50,OK
2026-02-15T10:55:15.528Z,65,706.00,50,SATURATED
2026-02-15T10:55:16.486Z,70,908.00,50,SATURATED
2026-02-15T10:55:17.531Z,88,1043.07,50,SATURATED
2026-02-15T10:55:18.573Z,137,992.00,50,SATURATED
2026-02-15T10:55:19.141Z,149,518.00,50,SATURATED
2026-02-15T10:55:19.295Z,114,104.00,50,SATURATED
2026-02-15T10:55:19.449Z,71,104.00,50,SATURATED
2026-02-15T10:55:19.499Z,22,20.54,50,OK
2026-02-15T10:55:19.549Z,20,20.75,50,OK
2026-02-15T10:55:19.687Z,25,68.68,50,OK
2026-02-15T10:55:20.333Z,53,596.00,50,SATURATED
2026-02-15T10:55:21.343Z,127,960.00,50,SATURATED
2026-02-15T10:55:22.053Z,151,660.00,50,SATURATED
2026-02-15T10:55:22.666Z,126,563.00,50,SATURATED
2026-02-15T10:55:23.008Z,129,292.00,50,SATURATED
2026-02-15T10:55:23.360Z,105,352.45,50,SATURATED
2026-02-15T10:55:24.062Z,104,652.00,50,SATURATED
2026-02-15T10:55:25.589Z,150,1477.00,50,SATURATED
2026-02-15T10:55:26.234Z,214,595.00,50,SATURATED
2026-02-15T10:55:26.680Z,181,446.04,50,SATURATED
2026-02-15T10:55:27.324Z,186,594.00,50,SATURATED
2026-02-15T10:55:27.757Z,192,383.00,50,SATURATED
2026-02-15T10:55:28.577Z,196,770.00,50,SATURATED
2026-02-15T10:55:29.073Z,204,446.00,50,SATURATED
2026-02-15T10:55:29.805Z,209,682.00,50,SATURATED
2026-02-15T10:55:30.566Z,213,711.00,50,SATURATED
2026-02-15T10:55:30.936Z,225,320.00,50,SATURATED
2026-02-15T10:55:31.569Z,229,583.00,50,SATURATED
2026-02-15T10:55:31.814Z,190,195.00,50,SATURATED
2026-02-15T10:55:32.367Z,191,503.00,50,SATURATED
2026-02-15T10:55:33.284Z,191,867.00,50,SATURATED
2026-02-15T10:55:34.252Z,245,968.10,50,SATURATED
2026-02-15T10:55:34.829Z,257,527.00,50,SATURATED
2026-02-15T10:55:36.145Z,260,1266.00,50,SATURATED
2026-02-15T10:55:37.385Z,315,1190.00,50,SATURATED
2026-02-15T10:55:38.678Z,329,1243.00,50,SATURATED
2026-02-15T10:55:39.572Z,344,844.00,50,SATURATED
2026-02-15T10:55:39.846Z,314,224.00,50,SATURATED
2026-02-15T10:55:40.389Z,320,493.00,50,SATURATED
2026-02-15T10:55:40.587Z,278,148.00,50,SATURATED
2026-02-15T10:55:40.853Z,256,216.00,50,SATURATED
2026-02-15T10:55:41.212Z,242,309.00,50,SATURATED
2026-02-15T10:55:41.880Z,234,618.00,50,SATURATED
2026-02-15T10:55:43.546Z,311,1616.00,50,SATURATED
2026-02-15T10:55:44.475Z,389,879.00,50,SATURATED
2026-02-15T10:55:44.873Z,363,348.00,50,SATURATED
2026-02-15T10:55:45.693Z,368,770.00,50,SATURATED
2026-02-15T10:55:46.260Z,374,517.00,50,SATURATED
2026-02-15T10:55:46.832Z,381,522.00,50,SATURATED
2026-02-15T10:55:47.358Z,385,476.00,50,SATURATED
2026-02-15T10:55:48.002Z,384,594.00,50,SATURATED
2026-02-15T10:55:48.459Z,386,407.00,50,SATURATED
2026-02-15T10:55:48.981Z,385,472.00,50,SATURATED
2026-02-15T10:55:49.127Z,339,96.00,50,SATURATED
2026-02-15T10:55:49.569Z,336,441.58,50,SATURATED
2026-02-15T10:55:50.129Z,335,510.00,50,SATURATED
2026-02-15T10:55:50.283Z,339,104.00,50,SATURATED
2026-02-15T10:55:50.907Z,336,574.00,50,SATURATED
2026-02-15T10:55:51.373Z,337,416.00,50,SATURATED
2026-02-15T10:55:53.135Z,376,1712.00,50,SATURATED
2026-02-15T10:55:54.220Z,432,1084.75,50,SATURATED
2026-02-15T10:55:54.578Z,438,308.00,50,SATURATED
2026-02-15T10:55:54.708Z,391,80.00,50,SATURATED
2026-02-15T10:55:54.760Z,341,2.00,50,SATURATED
2026-02-15T10:55:54.921Z,291,111.00,50,SATURATED
2026-02-15T10:55:55.012Z,192,41.00,50,SATURATED
2026-02-15T10:55:55.182Z,142,120.00,50,SATURATED
2026-02-15T10:55:55.255Z,43,36.13,50,OK
2026-02-15T10:55:55.821Z,63,564.92,50,SATURATED
2026-02-15T10:55:56.775Z,168,904.00,50,SATURATED
2026-02-15T10:55:59.059Z,374,2234.00,50,SATURATED
2026-02-15T10:56:00.008Z,425,899.00,50,SATURATED
2026-02-15T10:56:00.160Z,389,102.00,50,SATURATED
2026-02-15T10:56:00.584Z,382,374.00,50,SATURATED
2026-02-15T10:56:00.670Z,292,36.00,50,SATURATED
2026-02-15T10:56:00.791Z,194,42.88,50,SATURATED
2026-02-15T10:56:00.844Z,144,52.31,50,SATURATED
2026-02-15T10:56:00.935Z,45,41.00,50,OK
2026-02-15T10:56:00.985Z,17,34.88,50,OK
2026-02-15T10:56:01.035Z,24,22.59,50,OK
2026-02-15T10:56:01.173Z,27,88.00,50,OK
2026-02-15T10:56:01.561Z,58,338.00,50,SATURATED
2026-02-15T10:56:02.410Z,50,848.56,50,SATURATED
2026-02-15T10:56:06.607Z,378,4147.00,50,SATURATED
2026-02-15T10:56:07.528Z,415,871.00,50,SATURATED
2026-02-15T10:56:07.841Z,375,312.87,50,SATURATED
2026-02-15T10:56:08.239Z,369,348.00,50,SATURATED
2026-02-15T10:56:08.501Z,336,212.00,50,SATURATED
2026-02-15T10:56:08.567Z,292,16.00,50,SATURATED
2026-02-15T10:56:08.737Z,283,120.00,50,SATURATED
2026-02-15T10:56:08.895Z,242,108.00,50,SATURATED
2026-02-15T10:56:09.069Z,242,124.00,50,SATURATED
2026-02-15T10:56:09.151Z,143,32.00,50,SATURATED
2026-02-15T10:56:09.220Z,44,37.77,50,OK
2026-02-15T10:56:09.366Z,36,20.18,50,OK
2026-02-15T10:56:09.416Z,35,20.97,50,OK
2026-02-15T10:56:09.467Z,35,20.29,50,OK
2026-02-15T10:56:09.599Z,38,64.80,50,OK
2026-02-15T10:56:10.430Z,116,781.00,50,SATURATED
2026-02-15T10:56:13.984Z,405,3504.00,50,SATURATED
2026-02-15T10:56:14.791Z,432,757.00,50,SATURATED
2026-02-15T10:56:14.981Z,388,189.86,50,SATURATED
2026-02-15T10:56:15.033Z,340,2.00,50,SATURATED
2026-02-15T10:56:15.598Z,324,564.92,50,SATURATED
2026-02-15T10:56:15.730Z,291,82.00,50,SATURATED
2026-02-15T10:56:15.795Z,192,15.00,50,SATURATED
2026-02-15T10:56:16.284Z,108,38.85,50,SATURATED
2026-02-15T10:56:17.483Z,179,1196.95,50,SATURATED
2026-02-15T10:56:19.759Z,415,2226.00,50,SATURATED
2026-02-15T10:56:20.469Z,432,660.00,50,SATURATED
2026-02-15T10:56:20.710Z,388,191.00,50,SATURATED
2026-02-15T10:56:20.814Z,290,54.00,50,SATURATED
2026-02-15T10:56:20.967Z,290,151.58,50,SATURATED
2026-02-15T10:56:21.036Z,192,19.00,50,SATURATED
2026-02-15T10:56:21.099Z,92,30.27,50,SATURATED
2026-02-15T10:56:21.149Z,20,31.11,50,OK
2026-02-15T10:56:21.200Z,20,20.16,50,OK
2026-02-15T10:56:21.251Z,20,20.42,50,OK
2026-02-15T10:56:21.300Z,18,20.00,50,OK
2026-02-15T10:56:21.352Z,18,20.31,50,OK
2026-02-15T10:56:21.403Z,16,20.32,50,OK
2026-02-15T10:56:21.453Z,16,20.32,50,OK
2026-02-15T10:56:21.557Z,19,51.48,50,OK
2026-02-15T10:56:21.733Z,60,126.00,50,SATURATED
2026-02-15T10:56:22.481Z,64,697.00,50,SATURATED
2026-02-15T10:56:25.765Z,346,3285.19,50,SATURATED
2026-02-15T10:56:27.419Z,404,1604.00,50,SATURATED
2026-02-15T10:56:28.098Z,408,629.00,50,SATURATED
2026-02-15T10:56:28.588Z,385,440.00,50,SATURATED
2026-02-15T10:56:29.718Z,386,487.72,50,SATURATED
2026-02-15T10:56:29.230Z,384,592.00,50,SATURATED
2026-02-15T10:56:30.131Z,386,363.00,50,SATURATED
2026-02-15T10:56:30.255Z,340,74.00,50,SATURATED
2026-02-15T10:56:30.516Z,314,211.00,50,SATURATED
2026-02-15T10:56:30.747Z,289,181.00,50,SATURATED
2026-02-15T10:56:31.570Z,276,773.00,50,SATURATED
2026-02-15T10:56:33.140Z,375,1520.00,50,SATURATED
2026-02-15T10:56:34.079Z,430,937.69,50,SATURATED
2026-02-15T10:56:34.130Z,389,1.00,50,SATURATED
2026-02-15T10:56:34.620Z,330,440.00,50,SATURATED
2026-02-15T10:56:34.705Z,241,40.45,50,SATURATED
2026-02-15T10:56:34.759Z,191,4.00,50,SATURATED
2026-02-15T10:56:34.811Z,142,51.66,50,SATURATED
2026-02-15T10:56:34.895Z,43,34.00,50,OK
2026-02-15T10:56:34.944Z,18,20.45,50,OK
2026-02-15T10:56:34.994Z,18,20.55,50,OK
2026-02-15T10:56:35.045Z,18,20.43,50,OK
2026-02-15T10:56:35.189Z,18,20.59,50,OK
2026-02-15T10:56:36.413Z,140,1223.16,50,SATURATED
2026-02-15T10:56:39.317Z,410,2854.00,50,SATURATED
2026-02-15T10:56:40.071Z,431,753.66,50,SATURATED
2026-02-15T10:56:40.199Z,388,78.00,50,SATURATED
2026-02-15T10:56:40.277Z,290,28.00,50,SATURATED
2026-02-15T10:56:40.343Z,190,32.76,50,SATURATED
2026-02-15T10:56:40.411Z,98,33.02,50,SATURATED
2026-02-15T10:56:40.897Z,57,39.01,50,SATURATED
2026-02-15T10:56:41.026Z,14,126.06,50,OK
2026-02-15T10:56:41.143Z,10,67.00,50,OK
2026-02-15T10:56:41.551Z,58,358.00,50,SATURATED
2026-02-15T10:56:47.071Z,349,5470.00,50,SATURATED
2026-02-15T10:56:47.957Z,336,836.00,50,SATURATED
2026-02-15T10:56:48.767Z,387,760.00,50,SATURATED
2026-02-15T10:56:49.313Z,373,496.00,50,SATURATED
2026-02-15T10:56:49.929Z,376,566.00,50,SATURATED
2026-02-15T10:56:50.399Z,374,420.00,50,SATURATED
2026-02-15T10:56:50.725Z,364,325.45,50,SATURATED
2026-02-15T10:56:50.787Z,268,12.00,50,SATURATED
2026-02-15T10:56:50.861Z,169,40.75,50,SATURATED
2026-02-15T10:56:50.924Z,69,30.04,50,SATURATED
2026-02-15T10:56:51.477Z,49,504.00,50,OK
2026-02-15T10:56:52.059Z,58,581.17,50,SATURATED
2026-02-15T10:56:55.929Z,281,3820.00,50,SATURATED
2026-02-15T10:56:56.776Z,318,797.00,50,SATURATED
2026-02-15T10:56:56.910Z,278,130.45,50,SATURATED
2026-02-15T10:56:57.081Z,190,122.00,50,SATURATED
2026-02-15T10:56:57.663Z,161,580.12,50,SATURATED
2026-02-15T10:56:57.791Z,123,78.00,50,SATURATED
2026-02-15T10:56:57.939Z,86,98.00,50,SATURATED
2026-02-15T10:56:58.539Z,85,550.00,50,SATURATED
2026-02-15T10:56:59.949Z,108,1360.00,50,SATURATED
2026-02-15T10:57:01.888Z,210,1889.00,50,SATURATED
2026-02-15T10:57:02.544Z,210,606.00,50,SATURATED
2026-02-15T10:57:02.903Z,164,309.00,50,SATURATED
2026-02-15T10:57:03.236Z,127,283.00,50,SATURATED
2026-02-15T10:57:03.568Z,101,282.00,50,SATURATED
2026-02-15T10:57:03.839Z,62,221.00,50,SATURATED
2026-02-15T10:57:03.982Z,36,93.00,50,OK
2026-02-15T10:57:04.582Z,50,550.00,50,SATURATED
2026-02-15T10:57:05.165Z,61,580.12,50,SATURATED
2026-02-15T10:57:06.405Z,102,1190.00,50,SATURATED
2026-02-15T10:57:06.588Z,109,133.00,50,SATURATED
2026-02-15T10:57:06.791Z,20,153.00,50,OK
2026-02-15T10:57:06.842Z,16,19.96,50,OK
2026-02-15T10:57:06.893Z,16,20.16,50,OK
2026-02-15T10:57:06.943Z,16,19.98,50,OK
2026-02-15T10:57:06.993Z,17,19.98,50,OK
2026-02-15T10:57:07.044Z,13,20.23,50,OK
2026-02-15T10:57:07.094Z,13,20.44,50,OK
2026-02-15T10:57:07.145Z,13,20.63,50,OK
2026-02-15T10:57:07.195Z,12,20.28,50,OK
2026-02-15T10:57:07.245Z,12,20.24,50,OK
2026-02-15T10:57:07.294Z,13,20.06,50,OK
2026-02-15T10:57:07.345Z,13,20.23,50,OK
2026-02-15T10:57:07.395Z,13,20.32,50,OK
2026-02-15T10:57:07.488Z,16,86.61,50,OK
2026-02-15T10:57:08.114Z,50,576.00,50,SATURATED
2026-02-15T10:57:08.820Z,89,656.00,50,SATURATED
2026-02-15T10:57:08.955Z,45,134.41,50,OK
2026-02-15T10:57:09.005Z,11,20.68,50,OK
2026-02-15T10:57:09.056Z,11,20.24,50,OK
2026-02-15T10:57:09.106Z,11,20.32,50,OK
2026-02-15T10:57:09.157Z,11,21.03,50,OK
2026-02-15T10:57:09.208Z,11,20.45,50,OK
2026-02-15T10:57:09.258Z,11,20.34,50,OK
2026-02-15T10:57:09.308Z,10,20.10,50,OK
2026-02-15T10:57:09.357Z,11,19.62,50,OK
2026-02-15T10:57:09.408Z,11,20.34,50,OK
2026-02-15T10:57:09.459Z,11,21.18,50,OK
2026-02-15T10:57:09.509Z,11,20.34,50,OK
2026-02-15T10:57:09.560Z,11,20.95,50,OK
2026-02-15T10:57:09.611Z,11,20.14,50,OK
2026-02-15T10:57:09.661Z,11,20.52,50,OK
2026-02-15T10:57:09.777Z,12,54.78,50,OK
2026-02-15T10:57:09.888Z,10,90.21,50,OK
2026-02-15T10:57:10.129Z,57,191.00,50,SATURATED
2026-02-15T10:57:10.306Z,38,127.00,50,OK
2026-02-15T10:57:10.356Z,18,20.24,50,OK
2026-02-15T10:57:10.406Z,18,20.32,50,OK
2026-02-15T10:57:10.456Z,18,20.32,50,OK
2026-02-15T10:57:10.507Z,18,20.37,50,OK
2026-02-15T10:57:10.557Z,17,20.12,50,OK
2026-02-15T10:57:10.607Z,17,20.37,50,OK
2026-02-15T10:57:10.659Z,16,20.46,50,OK
2026-02-15T10:57:10.709Z,15,20.20,50,OK
2026-02-15T10:57:10.759Z,15,20.42,50,OK
2026-02-15T10:57:10.872Z,24,101.42,50,OK
2026-02-15T10:57:10.922Z,14,20.31,50,OK
2026-02-15T10:57:10.972Z,12,21.41,50,OK
2026-02-15T10:57:11.022Z,12,20.64,50,OK
2026-02-15T10:57:11.073Z,12,20.49,50,OK
2026-02-15T10:57:11.204Z,12,20.33,50,OK
2026-02-15T10:57:11.287Z,14,82.21,50,OK
2026-02-15T10:57:11.533Z,34,197.00,50,OK
2026-02-15T10:57:11.632Z,40,98.60,50,OK
2026-02-15T10:57:11.683Z,19,20.24,50,OK
2026-02-15T10:57:11.786Z,19,93.16,50,OK
2026-02-15T10:57:11.836Z,19,20.37,50,OK
2026-02-15T10:57:11.888Z,20,20.36,50,OK
2026-02-15T10:57:11.938Z,19,20.09,50,OK
2026-02-15T10:57:11.989Z,20,20.39,50,OK
2026-02-15T10:57:12.040Z,20,20.50,50,OK
2026-02-15T10:57:12.091Z,17,20.34,50,OK
2026-02-15T10:57:12.141Z,13,20.20,50,OK
2026-02-15T10:57:12.192Z,13,20.07,50,OK
2026-02-15T10:57:12.329Z,12,115.97,50,OK
2026-02-15T10:57:12.379Z,10,20.23,50,OK
2026-02-15T10:57:12.429Z,10,20.42,50,OK
2026-02-15T10:57:12.479Z,10,20.32,50,OK
2026-02-15T10:57:12.529Z,10,20.34,50,OK
2026-02-15T10:57:12.611Z,12,79.33,50,OK
2026-02-15T10:57:12.710Z,11,49.00,50,OK
2026-02-15T10:57:12.888Z,32,128.00,50,OK
2026-02-15T10:57:13.081Z,16,191.30,50,OK
2026-02-15T10:57:13.131Z,13,20.03,50,OK
2026-02-15T10:57:13.181Z,13,20.14,50,OK
2026-02-15T10:57:13.328Z,13,73.19,50,OK
2026-02-15T10:57:13.434Z,13,56.00,50,OK
2026-02-15T10:57:13.484Z,11,20.34,50,OK
2026-02-15T10:57:13.537Z,9,20.52,50,OK
2026-02-15T10:57:13.588Z,6,20.32,50,OK
2026-02-15T10:57:13.639Z,6,21.23,50,OK
2026-02-15T10:57:13.689Z,6,20.50,50,OK
2026-02-15T10:57:13.739Z,6,19.81,50,OK
2026-02-15T10:57:13.789Z,6,20.42,50,OK
2026-02-15T10:57:13.839Z,6,19.90,50,OK
2026-02-15T10:57:13.889Z,6,20.31,50,OK
2026-02-15T10:57:13.974Z,11,75.40,50,OK
2026-02-15T10:57:14.023Z,6,20.46,50,OK
2026-02-15T10:57:14.074Z,6,20.37,50,OK
2026-02-15T10:57:14.124Z,6,20.09,50,OK
2026-02-15T10:57:14.175Z,6,20.49,50,OK
2026-02-15T10:57:14.299Z,6,20.41,50,OK
2026-02-15T10:57:14.404Z,6,52.56,50,OK
2026-02-15T10:57:14.510Z,7,84.38,50,OK
2026-02-15T10:57:14.560Z,6,20.21,50,OK
2026-02-15T10:57:14.610Z,6,20.46,50,OK
2026-02-15T10:57:14.660Z,6,20.28,50,OK
2026-02-15T10:57:14.712Z,6,20.46,50,OK
2026-02-15T10:57:14.762Z,4,19.73,50,OK
2026-02-15T10:57:14.812Z,3,20.36,50,OK
2026-02-15T10:57:14.863Z,3,20.21,50,OK
2026-02-15T10:57:14.914Z,3,20.02,50,OK
2026-02-15T10:57:14.964Z,3,20.26,50,OK
2026-02-15T10:57:15.070Z,3,96.04,50,OK
2026-02-15T10:57:15.120Z,2,20.21,50,OK
2026-02-15T10:57:15.171Z,2,20.37,50,OK
2026-02-15T10:57:15.221Z,2,20.06,50,OK
2026-02-15T10:57:15.273Z,2,20.38,50,OK
2026-02-15T10:57:15.322Z,2,20.70,50,OK
2026-02-15T10:57:15.373Z,2,20.45,50,OK
2026-02-15T10:57:15.482Z,2,88.38,50,OK
2026-02-15T10:57:15.532Z,2,19.88,50,OK
2026-02-15T10:57:15.584Z,2,19.93,50,OK
2026-02-15T10:57:15.634Z,1,20.32,50,OK
2026-02-15T10:57:15.684Z,1,20.50,50,OK
2026-02-15T10:57:15.734Z,1,19.95,50,OK
2026-02-15T10:57:15.785Z,1,20.63,50,OK
2026-02-15T10:57:15.836Z,1,20.29,50,OK
2026-02-15T10:57:15.886Z,1,20.28,50,OK
2026-02-15T10:57:15.937Z,1,20.60,50,OK
2026-02-15T10:57:15.987Z,1,21.13,50,OK
2026-02-15T10:57:16.038Z,0,20.53,50,OK
2026-02-15T10:57:16.088Z,0,20.46,50,OK
2026-02-15T10:57:16.138Z,0,20.41,50,OK
2026-02-15T10:57:16.189Z,0,20.49,50,OK
2026-02-15T10:57:16.238Z,0,20.35,50,OK
2026-02-15T10:57:16.289Z,0,20.13,50,OK
2026-02-15T10:57:16.339Z,0,20.40,50,OK
2026-02-15T10:57:16.389Z,0,20.26,50,OK
2026-02-15T10:57:16.440Z,0,20.33,50,OK
2026-02-15T10:57:16.490Z,0,20.37,50,OK
2026-02-15T10:57:16.541Z,0,20.23,50,OK
2026-02-15T10:57:16.591Z,0,20.41,50,OK
2026-02-15T10:57:16.641Z,0,20.39,50,OK
2026-02-15T10:57:16.691Z,0,20.07,50,OK
2026-02-15T10:57:16.742Z,0,20.60,50,OK
2026-02-15T10:57:16.793Z,0,20.64,50,OK
2026-02-15T10:57:16.843Z,0,20.32,50,OK
2026-02-15T10:57:16.893Z,0,20.16,50,OK
2026-02-15T10:57:16.944Z,0,20.49,50,OK
2026-02-15T10:57:16.994Z,0,20.49,50,OK
2026-02-15T10:57:17.045Z,0,20.26,50,OK
2026-02-15T10:57:17.096Z,0,19.85,50,OK
2026-02-15T10:57:17.146Z,0,20.95,50,OK
2026-02-15T10:57:17.196Z,0,20.16,50,OK
2026-02-15T10:57:17.246Z,0,20.87,50,OK
2026-02-15T10:57:17.297Z,0,20.87,50,OK
2026-02-15T10:57:17.347Z,0,19.90,50,OK
2026-02-15T10:57:17.397Z,0,20.69,50,OK
2026-02-15T10:57:17.447Z,0,20.46,50,OK
2026-02-15T10:57:17.502Z,0,19.95,50,OK
2026-02-15T10:57:17.552Z,0,20.19,50,OK
2026-02-15T10:57:17.602Z,0,19.96,50,OK
2026-02-15T10:57:17.652Z,0,20.29,50,OK
2026-02-15T10:57:17.703Z,0,20.28,50,OK
2026-02-15T10:57:17.754Z,0,20.46,50,OK
2026-02-15T10:57:17.804Z,0,20.41,50,OK
2026-02-15T10:57:17.856Z,0,20.44,50,OK
2026-02-15T10:57:17.906Z,0,20.84,50,OK
2026-02-15T10:57:17.957Z,0,20.37,50,OK
2026-02-15T10:57:18.008Z,0,20.13,50,OK
2026-02-15T10:57:18.059Z,0,20.39,50,OK
2026-02-15T10:57:18.109Z,0,19.85,50,OK
2026-02-15T10:57:18.159Z,0,20.54,50,OK
2026-02-15T10:57:18.210Z,0,20.78,50,OK
2026-02-15T10:57:18.262Z,0,20.32,50,OK
2026-02-15T10:57:18.312Z,0,20.85,50,OK
2026-02-15T10:57:18.362Z,0,20.52,50,OK
2026-02-15T10:57:18.412Z,0,20.66,50,OK
2026-02-15T10:57:18.462Z,0,20.50,50,OK
2026-02-15T10:57:18.512Z,0,20.72,50,OK
2026-02-15T10:57:18.562Z,0,20.34,50,OK
2026-02-15T10:57:18.612Z,0,20.64,50,OK
2026-02-15T10:57:18.663Z,0,20.29,50,OK
2026-02-15T10:57:18.713Z,0,20.65,50,OK
2026-02-15T10:57:18.763Z,0,20.56,50,OK
2026-02-15T10:57:18.813Z,0,19.55,50,OK
2026-02-15T10:57:18.863Z,0,20.55,50,OK
2026-02-15T10:57:18.914Z,0,20.01,50,OK
2026-02-15T10:57:18.964Z,0,20.39,50,OK
2026-02-15T10:57:19.014Z,0,19.75,50,OK
2026-02-15T10:57:19.065Z,0,20.40,50,OK
2026-02-15T10:57:19.115Z,0,20.87,50,OK
2026-02-15T10:57:19.165Z,0,20.41,50,OK
2026-02-15T10:57:19.215Z,0,20.13,50,OK
2026-02-15T10:57:19.265Z,0,20.42,50,OK
2026-02-15T10:57:19.316Z,0,21.03,50,OK
2026-02-15T10:57:19.366Z,0,20.49,50,OK
2026-02-15T10:57:19.417Z,0,20.27,50,OK
2026-02-15T10:57:19.467Z,0,20.36,50,OK
2026-02-15T10:57:19.517Z,0,19.84,50,OK
2026-02-15T10:57:19.568Z,0,20.37,50,OK
2026-02-15T10:57:19.618Z,0,19.61,50,OK
2026-02-15T10:57:19.668Z,0,20.28,50,OK
2026-02-15T10:57:19.718Z,0,20.28,50,OK
2026-02-15T10:57:19.769Z,0,20.49,50,OK
2026-02-15T10:57:19.820Z,0,20.71,50,OK
2026-02-15T10:57:19.870Z,0,20.37,50,OK
2026-02-15T10:57:19.921Z,0,20.73,50,OK
2026-02-15T10:57:19.971Z,0,20.50,50,OK
2026-02-15T10:57:20.022Z,0,20.99,50,OK
2026-02-15T10:57:20.072Z,0,20.41,50,OK
2026-02-15T10:57:20.122Z,0,20.74,50,OK
2026-02-15T10:57:20.172Z,0,20.82,50,OK
2026-02-15T10:57:20.222Z,0,20.00,50,OK
2026-02-15T10:57:20.273Z,0,20.36,50,OK
2026-02-15T10:57:20.323Z,0,20.19,50,OK
2026-02-15T10:57:20.374Z,0,20.52,50,OK
2026-02-15T10:57:20.425Z,0,20.25,50,OK
2026-02-15T10:57:20.476Z,0,20.49,50,OK
2026-02-15T10:57:20.528Z,0,20.38,50,OK
2026-02-15T10:57:20.578Z,0,20.52,50,OK
2026-02-15T10:57:20.629Z,0,20.15,50,OK
2026-02-15T10:57:20.679Z,0,20.49,50,OK
2026-02-15T10:57:20.730Z,0,20.07,50,OK
2026-02-15T10:57:20.780Z,0,20.42,50,OK
2026-02-15T10:57:20.831Z,0,20.64,50,OK
2026-02-15T10:57:20.882Z,0,20.26,50,OK
2026-02-15T10:57:20.932Z,0,20.60,50,OK
2026-02-15T10:57:20.983Z,0,20.54,50,OK
2026-02-15T10:57:21.034Z,0,20.73,50,OK
2026-02-15T10:57:21.085Z,0,20.34,50,OK
2026-02-15T10:57:21.136Z,0,20.08,50,OK
2026-02-15T10:57:21.186Z,0,20.44,50,OK
2026-02-15T10:57:21.236Z,0,20.53,50,OK
2026-02-15T10:57:21.287Z,0,20.37,50,OK
2026-02-15T10:57:21.337Z,0,21.03,50,OK
2026-02-15T10:57:21.387Z,0,20.05,50,OK
2026-02-15T10:57:21.437Z,0,20.14,50,OK
2026-02-15T10:57:21.487Z,0,20.58,50,OK
2026-02-15T10:57:21.537Z,0,19.82,50,OK
2026-02-15T10:57:21.588Z,0,20.87,50,OK
2026-02-15T10:57:21.639Z,0,21.03,50,OK
2026-02-15T10:57:21.689Z,0,20.39,50,OK
2026-02-15T10:57:21.740Z,0,20.62,50,OK
2026-02-15T10:57:21.791Z,0,20.34,50,OK
2026-02-15T10:57:21.842Z,0,20.57,50,OK
2026-02-15T10:57:21.892Z,0,20.41,50,OK
2026-02-15T10:57:21.944Z,0,20.01,50,OK
2026-02-15T10:57:21.994Z,0,20.50,50,OK
2026-02-15T10:57:22.045Z,0,19.90,50,OK
2026-02-15T10:57:22.095Z,0,20.39,50,OK
2026-02-15T10:57:22.145Z,0,19.77,50,OK
2026-02-15T10:57:22.196Z,0,20.21,50,OK
2026-02-15T10:57:22.245Z,0,20.42,50,OK
2026-02-15T10:57:22.296Z,0,20.33,50,OK
2026-02-15T10:57:22.346Z,0,20.46,50,OK
2026-02-15T10:57:22.397Z,0,20.41,50,OK
2026-02-15T10:57:22.447Z,0,20.34,50,OK
2026-02-15T10:57:22.497Z,0,20.50,50,OK
2026-02-15T10:57:22.547Z,0,20.35,50,OK
2026-02-15T10:57:22.598Z,0,20.42,50,OK
2026-02-15T10:57:22.649Z,0,20.34,50,OK
2026-02-15T10:57:22.699Z,0,20.36,50,OK
2026-02-15T10:57:22.750Z,0,20.23,50,OK
2026-02-15T10:57:22.800Z,0,20.34,50,OK
2026-02-15T10:57:22.850Z,0,20.46,50,OK
2026-02-15T10:57:22.898Z,0,20.21,50,OK
2026-02-15T10:57:22.949Z,0,20.15,50,OK
2026-02-15T10:57:22.999Z,0,20.50,50,OK
2026-02-15T10:57:23.048Z,0,20.25,50,OK
2026-02-15T10:57:23.099Z,0,20.41,50,OK
2026-02-15T10:57:23.149Z,0,20.21,50,OK
2026-02-15T10:57:23.199Z,0,20.32,50,OK
2026-02-15T10:57:23.250Z,0,20.71,50,OK
2026-02-15T10:57:23.300Z,0,20.50,50,OK
2026-02-15T10:57:23.349Z,0,20.27,50,OK
2026-02-15T10:57:23.400Z,0,20.44,50,OK
2026-02-15T10:57:23.451Z,0,20.23,50,OK
2026-02-15T10:57:23.502Z,0,20.54,50,OK
2026-02-15T10:57:23.552Z,0,20.10,50,OK
2026-02-15T10:57:23.603Z,0,20.44,50,OK
2026-02-15T10:57:23.654Z,0,20.58,50,OK
2026-02-15T10:57:23.705Z,0,20.54,50,OK
2026-02-15T10:57:23.756Z,0,20.55,50,OK
2026-02-15T10:57:23.806Z,0,20.36,50,OK
2026-02-15T10:57:23.857Z,0,20.87,50,OK
2026-02-15T10:57:23.908Z,0,20.41,50,OK
2026-02-15T10:57:23.957Z,0,20.39,50,OK
2026-02-15T10:57:24.008Z,0,20.32,50,OK
2026-02-15T10:57:24.058Z,0,20.50,50,OK
2026-02-15T10:57:24.109Z,0,20.23,50,OK
2026-02-15T10:57:24.159Z,0,20.52,50,OK
2026-02-15T10:57:24.210Z,0,20.36,50,OK
2026-02-15T10:57:24.260Z,0,20.39,50,OK
2026-02-15T10:57:24.311Z,0,20.28,50,OK
2026-02-15T10:57:24.361Z,0,20.47,50,OK
2026-02-15T10:57:24.411Z,0,20.46,50,OK
2026-02-15T10:57:24.462Z,0,20.41,50,OK
2026-02-15T10:57:24.512Z,0,20.45,50,OK
2026-02-15T10:57:24.563Z,0,20.52,50,OK
2026-02-15T10:57:24.613Z,0,20.41,50,OK
2026-02-15T10:57:24.664Z,0,20.42,50,OK
2026-02-15T10:57:24.714Z,0,20.40,50,OK
2026-02-15T10:57:24.764Z,0,20.37,50,OK
2026-02-15T10:57:24.815Z,0,20.25,50,OK
2026-02-15T10:57:24.866Z,0,20.46,50,OK
2026-02-15T10:57:24.916Z,0,20.37,50,OK
2026-02-15T10:57:24.967Z,0,20.37,50,OK
2026-02-15T10:57:25.016Z,0,20.29,50,OK
2026-02-15T10:57:25.066Z,0,20.31,50,OK
2026-02-15T10:57:25.117Z,0,20.52,50,OK
2026-02-15T10:57:25.168Z,0,20.16,50,OK
2026-02-15T10:57:25.219Z,0,20.36,50,OK
2026-02-15T10:57:25.270Z,0,20.41,50,OK
2026-02-15T10:57:25.320Z,0,20.55,50,OK
2026-02-15T10:57:25.370Z,0,20.91,50,OK
2026-02-15T10:57:25.421Z,0,20.49,50,OK
2026-02-15T10:57:25.471Z,0,20.26,50,OK
2026-02-15T10:57:25.521Z,0,20.24,50,OK
2026-02-15T10:57:25.572Z,0,20.37,50,OK
2026-02-15T10:57:25.622Z,0,20.39,50,OK
2026-02-15T10:57:25.673Z,0,20.73,50,OK
2026-02-15T10:57:25.723Z,0,20.39,50,OK
2026-02-15T10:57:25.774Z,0,20.17,50,OK
2026-02-15T10:57:25.824Z,0,20.34,50,OK
2026-02-15T10:57:25.874Z,0,20.37,50,OK
2026-02-15T10:57:25.925Z,0,20.52,50,OK
2026-02-15T10:57:25.976Z,0,20.32,50,OK
2026-02-15T10:57:26.025Z,0,20.29,50,OK
2026-02-15T10:57:26.075Z,0,20.29,50,OK
2026-02-15T10:57:26.126Z,0,20.42,50,OK
2026-02-15T10:57:26.177Z,0,20.41,50,OK
2026-02-15T10:57:26.227Z,0,20.09,50,OK
2026-02-15T10:57:26.277Z,0,20.19,50,OK
2026-02-15T10:57:26.328Z,0,20.47,50,OK
2026-02-15T10:57:26.379Z,0,20.37,50,OK
2026-02-15T10:57:26.430Z,0,20.57,50,OK
2026-02-15T10:57:26.481Z,0,20.46,50,OK
2026-02-15T10:57:26.531Z,0,20.57,50,OK
2026-02-15T10:57:26.581Z,0,20.46,50,OK
2026-02-15T10:57:26.631Z,0,20.36,50,OK
2026-02-15T10:57:26.682Z,0,20.54,50,OK
2026-02-15T10:57:26.733Z,0,20.37,50,OK
2026-02-15T10:57:26.783Z,0,20.36,50,OK
2026-02-15T10:57:26.834Z,0,20.37,50,OK
2026-02-15T10:57:26.885Z,0,20.55,50,OK
2026-02-15T10:57:26.936Z,0,20.44,50,OK
2026-02-15T10:57:26.986Z,0,20.44,50,OK
2026-02-15T10:57:27.036Z,0,20.70,50,OK
2026-02-15T10:57:27.086Z,0,20.36,50,OK
2026-02-15T10:57:27.135Z,0,20.44,50,OK
2026-02-15T10:57:27.186Z,0,19.91,50,OK
2026-02-15T10:57:27.237Z,0,19.96,50,OK
2026-02-15T10:57:27.288Z,0,20.34,50,OK
2026-02-15T10:57:27.339Z,0,20.14,50,OK
2026-02-15T10:57:27.389Z,0,20.50,50,OK
2026-02-15T10:57:27.440Z,0,20.19,50,OK
2026-02-15T10:57:27.489Z,0,20.39,50,OK
2026-02-15T10:57:27.540Z,0,20.41,50,OK
2026-02-15T10:57:27.589Z,0,20.04,50,OK
2026-02-15T10:57:27.639Z,0,20.49,50,OK
2026-02-15T10:57:27.690Z,0,20.58,50,OK
2026-02-15T10:57:27.740Z,0,20.52,50,OK
2026-02-15T10:57:27.790Z,0,20.38,50,OK
2026-02-15T10:57:27.840Z,0,20.39,50,OK
2026-02-15T10:57:27.889Z,0,20.46,50,OK
2026-02-15T10:57:27.940Z,0,20.29,50,OK
2026-02-15T10:57:27.991Z,0,20.54,50,OK
2026-02-15T10:57:28.041Z,0,20.41,50,OK
2026-02-15T10:57:28.091Z,0,20.52,50,OK
2026-02-15T10:57:28.141Z,0,20.58,50,OK
2026-02-15T10:57:28.191Z,0,20.23,50,OK
2026-02-15T10:57:28.242Z,0,20.17,50,OK
2026-02-15T10:57:28.293Z,0,20.37,50,OK
2026-02-15T10:57:28.343Z,0,20.38,50,OK
2026-02-15T10:57:28.393Z,0,20.41,50,OK
2026-02-15T10:57:28.443Z,0,20.63,50,OK
2026-02-15T10:57:28.494Z,0,20.42,50,OK
2026-02-15T10:57:28.544Z,0,20.45,50,OK
2026-02-15T10:57:28.595Z,0,20.32,50,OK
2026-02-15T10:57:28.646Z,0,20.41,50,OK
2026-02-15T10:57:28.696Z,0,20.44,50,OK
2026-02-15T10:57:28.747Z,0,20.55,50,OK
2026-02-15T10:57:28.796Z,0,20.23,50,OK
2026-02-15T10:57:28.846Z,0,19.92,50,OK
2026-02-15T10:57:28.897Z,0,20.26,50,OK
2026-02-15T10:57:28.948Z,0,20.41,50,OK
2026-02-15T10:57:28.998Z,0,20.36,50,OK
2026-02-15T10:57:29.048Z,0,20.52,50,OK
2026-02-15T10:57:29.099Z,0,20.21,50,OK
2026-02-15T10:57:29.148Z,0,20.37,50,OK
2026-02-15T10:57:29.198Z,0,20.38,50,OK
2026-02-15T10:57:29.249Z,0,20.31,50,OK
2026-02-15T10:57:29.300Z,0,19.76,50,OK
2026-02-15T10:57:29.349Z,0,20.44,50,OK
2026-02-15T10:57:29.400Z,0,20.26,50,OK
2026-02-15T10:57:29.449Z,0,20.31,50,OK
2026-02-15T10:57:29.500Z,0,20.28,50,OK
2026-02-15T10:57:29.549Z,0,20.29,50,OK
2026-02-15T10:57:29.600Z,0,20.33,50,OK
2026-02-15T10:57:29.649Z,0,20.31,50,OK
2026-02-15T10:57:29.700Z,0,20.33,50,OK
2026-02-15T10:57:29.751Z,0,20.32,50,OK
2026-02-15T10:57:29.800Z,0,20.30,50,OK
2026-02-15T10:57:29.850Z,0,20.26,50,OK
2026-02-15T10:57:29.901Z,0,20.29,50,OK
2026-02-15T10:57:29.951Z,0,20.50,50,OK
2026-02-15T10:57:30.001Z,0,20.23,50,OK
2026-02-15T10:57:30.051Z,0,20.27,50,OK
2026-02-15T10:57:30.102Z,0,20.29,50,OK
2026-02-15T10:57:30.152Z,0,20.53,50,OK
2026-02-15T10:57:30.202Z,0,20.19,50,OK
2026-02-15T10:57:30.252Z,0,20.32,50,OK
2026-02-15T10:57:30.302Z,0,20.24,50,OK
2026-02-15T10:57:30.352Z,0,20.29,50,OK
2026-02-15T10:57:30.403Z,0,20.24,50,OK
2026-02-15T10:57:30.453Z,0,20.32,50,OK
2026-02-15T10:57:30.504Z,0,20.28,50,OK
2026-02-15T10:57:30.553Z,0,20.34,50,OK
2026-02-15T10:57:30.604Z,0,20.34,50,OK
2026-02-15T10:57:30.654Z,0,20.19,50,OK
2026-02-15T10:57:30.705Z,0,20.44,50,OK
2026-02-15T10:57:30.755Z,0,20.32,50,OK
2026-02-15T10:57:30.805Z,0,20.28,50,OK
2026-02-15T10:57:30.855Z,0,20.37,50,OK
2026-02-15T10:57:30.906Z,0,20.29,50,OK
2026-02-15T10:57:30.956Z,0,20.43,50,OK
2026-02-15T10:57:31.005Z,0,20.34,50,OK
2026-02-15T10:57:31.056Z,0,20.31,50,OK
2026-02-15T10:57:31.106Z,0,20.36,50,OK
2026-02-15T10:57:31.157Z,0,20.32,50,OK
2026-02-15T10:57:31.207Z,0,20.31,50,OK
2026-02-15T10:57:31.257Z,0,20.28,50,OK
2026-02-15T10:57:31.308Z,0,20.28,50,OK
2026-02-15T10:57:31.358Z,0,20.14,50,OK
2026-02-15T10:57:31.408Z,0,20.37,50,OK
2026-02-15T10:57:31.457Z,0,20.26,50,OK
2026-02-15T10:57:31.507Z,0,20.26,50,OK
2026-02-15T10:57:31.558Z,0,20.41,50,OK
2026-02-15T10:57:31.609Z,0,20.35,50,OK
2026-02-15T10:57:31.659Z,0,20.19,50,OK
2026-02-15T10:57:31.709Z,0,20.46,50,OK
2026-02-15T10:57:31.760Z,0,20.28,50,OK
2026-02-15T10:57:31.811Z,0,20.18,50,OK
2026-02-15T10:57:31.862Z,0,19.23,50,OK
2026-02-15T10:57:31.911Z,0,20.23,50,OK
2026-02-15T10:57:31.962Z,0,20.18,50,OK
2026-02-15T10:57:32.012Z,0,20.13,50,OK
2026-02-15T10:57:32.061Z,0,20.23,50,OK
2026-02-15T10:57:32.112Z,0,20.19,50,OK
2026-02-15T10:57:32.162Z,0,20.13,50,OK
2026-02-15T10:57:32.212Z,0,20.16,50,OK
2026-02-15T10:57:32.262Z,0,20.18,50,OK
2026-02-15T10:57:32.313Z,0,20.29,50,OK
2026-02-15T10:57:32.363Z,0,20.26,50,OK
2026-02-15T10:57:32.414Z,0,20.21,50,OK
2026-02-15T10:57:32.465Z,0,20.26,50,OK
2026-02-15T10:57:32.516Z,0,20.25,50,OK
2026-02-15T10:57:32.566Z,0,20.36,50,OK
2026-02-15T10:57:32.616Z,0,20.31,50,OK
2026-02-15T10:57:32.666Z,0,20.18,50,OK
2026-02-15T10:57:32.716Z,0,20.29,50,OK
2026-02-15T10:57:32.766Z,0,20.39,50,OK
2026-02-15T10:57:32.817Z,0,20.19,50,OK
2026-02-15T10:57:32.867Z,0,20.23,50,OK
2026-02-15T10:57:32.917Z,0,20.23,50,OK
2026-02-15T10:57:32.967Z,0,20.50,50,OK
2026-02-15T10:57:33.018Z,0,20.14,50,OK
2026-02-15T10:57:33.067Z,0,20.55,50,OK
2026-02-15T10:57:33.118Z,0,20.49,50,OK
2026-02-15T10:57:33.169Z,0,20.14,50,OK
2026-02-15T10:57:33.220Z,0,20.39,50,OK
2026-02-15T10:57:33.271Z,0,20.17,50,OK
2026-02-15T10:57:33.321Z,0,20.29,50,OK
2026-02-15T10:57:33.371Z,0,20.46,50,OK
2026-02-15T10:57:33.421Z,0,20.50,50,OK
2026-02-15T10:57:33.471Z,0,20.72,50,OK
2026-02-15T10:57:33.521Z,0,20.34,50,OK
2026-02-15T10:57:33.571Z,0,20.77,50,OK
2026-02-15T10:57:33.621Z,0,20.39,50,OK
2026-02-15T10:57:33.672Z,0,20.06,50,OK
2026-02-15T10:57:33.721Z,0,20.26,50,OK
2026-02-15T10:57:33.772Z,0,20.53,50,OK
2026-02-15T10:57:33.822Z,0,20.54,50,OK
2026-02-15T10:57:33.873Z,0,20.52,50,OK
2026-02-15T10:57:33.924Z,0,20.47,50,OK
2026-02-15T10:57:33.975Z,0,20.24,50,OK
2026-02-15T10:57:34.025Z,0,20.19,50,OK
2026-02-15T10:57:34.075Z,0,20.52,50,OK
2026-02-15T10:57:34.126Z,0,20.59,50,OK
2026-02-15T10:57:34.176Z,0,20.29,50,OK
2026-02-15T10:57:34.226Z,0,20.45,50,OK
2026-02-15T10:57:34.277Z,0,20.14,50,OK
2026-02-15T10:57:34.326Z,0,20.30,50,OK
2026-02-15T10:57:34.377Z,0,20.37,50,OK
2026-02-15T10:57:34.427Z,0,20.40,50,OK
2026-02-15T10:57:34.478Z,0,20.34,50,OK
2026-02-15T10:57:34.528Z,0,20.46,50,OK
2026-02-15T10:57:34.578Z,0,20.37,50,OK
2026-02-15T10:57:34.629Z,0,20.27,50,OK
2026-02-15T10:57:34.679Z,0,20.52,50,OK
2026-02-15T10:57:34.730Z,0,20.35,50,OK
2026-02-15T10:57:34.781Z,0,20.55,50,OK
2026-02-15T10:57:34.832Z,0,20.33,50,OK
2026-02-15T10:57:34.882Z,0,20.70,50,OK
2026-02-15T10:57:34.932Z,0,20.41,50,OK
2026-02-15T10:57:34.983Z,0,20.77,50,OK
2026-02-15T10:57:35.032Z,0,20.31,50,OK
2026-02-15T10:57:35.082Z,0,20.95,50,OK
2026-02-15T10:57:35.133Z,0,20.26,50,OK
2026-02-15T10:57:35.183Z,0,20.74,50,OK
2026-02-15T10:57:35.232Z,0,20.32,50,OK
2026-02-15T10:57:35.283Z,0,20.14,50,OK
2026-02-15T10:57:35.334Z,0,20.52,50,OK
2026-02-15T10:57:35.384Z,0,20.28,50,OK
2026-02-15T10:57:35.436Z,0,20.39,50,OK
2026-02-15T10:57:35.486Z,0,20.78,50,OK
2026-02-15T10:57:35.536Z,0,20.52,50,OK
2026-02-15T10:57:35.586Z,0,20.28,50,OK
2026-02-15T10:57:35.637Z,0,20.46,50,OK
2026-02-15T10:57:35.688Z,0,20.20,50,OK
2026-02-15T10:57:35.739Z,0,20.44,50,OK
2026-02-15T10:57:35.789Z,0,20.65,50,OK
2026-02-15T10:57:35.840Z,0,20.50,50,OK
2026-02-15T10:57:35.891Z,0,20.67,50,OK
2026-02-15T10:57:35.942Z,0,20.07,50,OK
2026-02-15T10:57:35.993Z,0,20.83,50,OK
2026-02-15T10:57:36.043Z,0,20.03,50,OK
2026-02-15T10:57:36.093Z,0,19.96,50,OK
2026-02-15T10:57:36.143Z,0,20.55,50,OK
2026-02-15T10:57:36.193Z,0,21.09,50,OK
2026-02-15T10:57:36.242Z,0,20.19,50,OK
2026-02-15T10:57:36.293Z,0,19.70,50,OK
2026-02-15T10:57:36.342Z,0,20.28,50,OK
2026-02-15T10:57:36.393Z,0,19.98,50,OK
2026-02-15T10:57:36.444Z,0,20.42,50,OK
2026-02-15T10:57:36.495Z,0,21.08,50,OK
2026-02-15T10:57:36.545Z,0,20.53,50,OK
2026-02-15T10:57:36.596Z,0,19.96,50,OK
2026-02-15T10:57:36.646Z,0,20.41,50,OK
2026-02-15T10:57:36.697Z,0,20.62,50,OK
2026-02-15T10:57:36.748Z,0,20.25,50,OK
2026-02-15T10:57:36.797Z,0,20.55,50,OK
2026-02-15T10:57:36.848Z,0,20.73,50,OK
2026-02-15T10:57:36.899Z,0,20.95,50,OK
2026-02-15T10:57:36.949Z,0,20.37,50,OK
2026-02-15T10:57:36.999Z,0,20.64,50,OK
2026-02-15T10:57:37.049Z,0,20.52,50,OK
2026-02-15T10:57:37.099Z,0,20.62,50,OK
2026-02-15T10:57:37.149Z,0,20.39,50,OK
2026-02-15T10:57:37.198Z,0,20.88,50,OK
2026-02-15T10:57:37.249Z,0,20.22,50,OK
2026-02-15T10:57:37.299Z,0,21.01,50,OK
2026-02-15T10:57:37.349Z,0,20.60,50,OK
2026-02-15T10:57:37.399Z,0,20.93,50,OK
2026-02-15T10:57:37.448Z,0,20.39,50,OK
2026-02-15T10:57:37.499Z,0,19.90,50,OK
2026-02-15T10:57:37.549Z,0,20.00,50,OK
2026-02-15T10:57:37.600Z,0,20.85,50,OK
2026-02-15T10:57:37.650Z,0,20.50,50,OK
2026-02-15T10:57:37.701Z,0,19.98,50,OK
2026-02-15T10:57:37.752Z,0,20.44,50,OK
2026-02-15T10:57:37.802Z,0,20.91,50,OK
2026-02-15T10:57:37.852Z,0,20.31,50,OK
2026-02-15T10:57:37.902Z,0,19.87,50,OK
2026-02-15T10:57:37.952Z,0,20.37,50,OK
2026-02-15T10:57:38.003Z,0,20.98,50,OK
2026-02-15T10:57:38.052Z,0,20.46,50,OK
2026-02-15T10:57:38.103Z,0,20.83,50,OK
2026-02-15T10:57:38.153Z,0,20.39,50,OK
2026-02-15T10:57:38.204Z,0,19.97,50,OK
2026-02-15T10:57:38.254Z,0,20.32,50,OK
2026-02-15T10:57:38.304Z,0,20.59,50,OK
2026-02-15T10:57:38.355Z,0,20.54,50,OK
2026-02-15T10:57:38.406Z,0,20.23,50,OK
2026-02-15T10:57:38.457Z,0,20.47,50,OK
2026-02-15T10:57:38.508Z,0,20.89,50,OK
2026-02-15T10:57:38.560Z,0,20.42,50,OK
2026-02-15T10:57:38.610Z,0,20.23,50,OK
2026-02-15T10:57:38.660Z,0,20.50,50,OK
2026-02-15T10:57:38.709Z,0,20.59,50,OK
2026-02-15T10:57:38.760Z,0,20.34,50,OK
2026-02-15T10:57:38.811Z,0,20.05,50,OK
2026-02-15T10:57:38.861Z,0,20.31,50,OK
2026-02-15T10:57:38.911Z,0,20.36,50,OK
2026-02-15T10:57:38.962Z,0,20.39,50,OK
2026-02-15T10:57:39.013Z,0,20.11,50,OK
2026-02-15T10:57:39.064Z,0,20.34,50,OK
2026-02-15T10:57:39.114Z,0,20.23,50,OK
2026-02-15T10:57:39.164Z,0,20.37,50,OK
2026-02-15T10:57:39.214Z,0,20.01,50,OK
2026-02-15T10:57:39.265Z,0,20.18,50,OK
2026-02-15T10:57:39.315Z,0,20.19,50,OK
2026-02-15T10:57:39.366Z,0,20.44,50,OK
2026-02-15T10:57:39.416Z,0,19.88,50,OK
2026-02-15T10:57:39.467Z,0,20.81,50,OK
2026-02-15T10:57:39.518Z,0,21.03,50,OK
2026-02-15T10:57:39.568Z,0,20.50,50,OK
2026-02-15T10:57:39.619Z,0,20.93,50,OK
2026-02-15T10:57:39.669Z,0,20.50,50,OK
2026-02-15T10:57:39.720Z,0,20.06,50,OK
2026-02-15T10:57:39.770Z,0,20.46,50,OK
2026-02-15T10:57:39.820Z,0,20.93,50,OK
2026-02-15T10:57:39.870Z,0,20.32,50,OK
2026-02-15T10:57:39.921Z,0,20.55,50,OK
2026-02-15T10:57:39.970Z,0,20.32,50,OK
2026-02-15T10:57:40.020Z,0,20.29,50,OK
2026-02-15T10:57:40.071Z,0,20.52,50,OK
2026-02-15T10:57:40.121Z,0,20.63,50,OK
2026-02-15T10:57:40.171Z,0,20.49,50,OK
2026-02-15T10:57:40.222Z,0,20.33,50,OK
2026-02-15T10:57:40.273Z,0,20.34,50,OK
2026-02-15T10:57:40.323Z,0,20.27,50,OK
2026-02-15T10:57:40.373Z,0,19.46,50,OK
2026-02-15T10:57:40.424Z,0,20.71,50,OK
2026-02-15T10:57:40.474Z,0,20.49,50,OK
2026-02-15T10:57:40.523Z,0,20.13,50,OK
2026-02-15T10:57:40.574Z,0,20.39,50,OK
2026-02-15T10:57:40.625Z,0,20.68,50,OK
2026-02-15T10:57:40.675Z,0,20.37,50,OK
2026-02-15T10:57:40.724Z,0,20.95,50,OK
2026-02-15T10:57:40.775Z,0,20.53,50,OK
2026-02-15T10:57:40.825Z,0,19.78,50,OK
2026-02-15T10:57:40.876Z,0,20.45,50,OK
2026-02-15T10:57:40.926Z,0,20.18,50,OK
2026-02-15T10:57:40.977Z,0,20.23,50,OK
2026-02-15T10:57:41.027Z,0,19.52,50,OK
2026-02-15T10:57:41.076Z,0,20.33,50,OK
2026-02-15T10:57:41.126Z,0,20.72,50,OK
2026-02-15T10:57:41.177Z,0,20.44,50,OK
2026-02-15T10:57:41.228Z,0,20.90,50,OK
2026-02-15T10:57:41.278Z,0,20.51,50,OK
2026-02-15T10:57:41.329Z,0,20.49,50,OK
2026-02-15T10:57:41.380Z,0,20.43,50,OK
2026-02-15T10:57:41.431Z,0,20.29,50,OK
2026-02-15T10:57:41.481Z,0,20.39,50,OK
2026-02-15T10:57:41.532Z,0,20.50,50,OK
2026-02-15T10:57:41.582Z,0,20.45,50,OK
2026-02-15T10:57:41.632Z,0,20.46,50,OK
2026-02-15T10:57:41.683Z,0,20.49,50,OK
2026-02-15T10:57:41.734Z,0,20.26,50,OK
2026-02-15T10:57:41.784Z,0,20.47,50,OK
2026-02-15T10:57:41.834Z,0,20.23,50,OK
2026-02-15T10:57:41.885Z,0,20.42,50,OK
2026-02-15T10:57:41.936Z,0,20.29,50,OK
2026-02-15T10:57:41.986Z,0,20.52,50,OK
2026-02-15T10:57:42.037Z,0,20.52,50,OK
2026-02-15T10:57:42.087Z,0,20.37,50,OK
2026-02-15T10:57:42.137Z,0,20.22,50,OK
2026-02-15T10:57:42.187Z,0,20.18,50,OK
2026-02-15T10:57:42.237Z,0,19.82,50,OK
2026-02-15T10:57:42.287Z,0,20.11,50,OK
2026-02-15T10:57:42.337Z,0,20.48,50,OK
2026-02-15T10:57:42.387Z,0,20.26,50,OK
2026-02-15T10:57:42.437Z,0,20.05,50,OK
2026-02-15T10:57:42.488Z,0,20.42,50,OK
2026-02-15T10:57:42.539Z,0,20.28,50,OK
2026-02-15T10:57:42.589Z,0,20.44,50,OK
2026-02-15T10:57:42.639Z,0,20.10,50,OK
2026-02-15T10:57:42.689Z,0,20.50,50,OK
2026-02-15T10:57:42.740Z,0,20.19,50,OK
2026-02-15T10:57:42.791Z,0,20.57,50,OK
2026-02-15T10:57:42.841Z,0,20.19,50,OK
2026-02-15T10:57:42.891Z,0,20.36,50,OK
2026-02-15T10:57:42.942Z,0,20.68,50,OK
2026-02-15T10:57:42.992Z,0,20.50,50,OK
2026-02-15T10:57:43.041Z,0,20.95,50,OK
2026-02-15T10:57:43.092Z,0,20.19,50,OK
2026-02-15T10:57:43.141Z,0,20.54,50,OK
2026-02-15T10:57:43.192Z,0,20.25,50,OK
2026-02-15T10:57:43.243Z,0,19.91,50,OK
2026-02-15T10:57:43.294Z,0,20.47,50,OK
2026-02-15T10:57:43.344Z,0,20.88,50,OK
2026-02-15T10:57:43.394Z,0,20.36,50,OK
2026-02-15T10:57:43.444Z,0,20.83,50,OK
2026-02-15T10:57:43.495Z,0,20.50,50,OK
2026-02-15T10:57:43.546Z,0,20.52,50,OK
2026-02-15T10:57:43.597Z,0,20.50,50,OK
2026-02-15T10:57:43.647Z,0,20.52,50,OK
2026-02-15T10:57:43.697Z,0,20.37,50,OK
2026-02-15T10:57:43.748Z,0,20.49,50,OK
2026-02-15T10:57:43.797Z,0,20.29,50,OK
2026-02-15T10:57:43.848Z,0,20.54,50,OK
2026-02-15T10:57:43.899Z,0,20.43,50,OK
2026-02-15T10:57:43.949Z,0,20.37,50,OK
2026-02-15T10:57:43.998Z,0,20.48,50,OK
2026-02-15T10:57:44.049Z,0,20.41,50,OK
2026-02-15T10:57:44.100Z,0,20.54,50,OK
2026-02-15T10:57:44.150Z,0,19.91,50,OK
2026-02-15T10:57:44.200Z,0,20.46,50,OK
2026-02-15T10:57:44.250Z,0,20.06,50,OK
2026-02-15T10:57:44.301Z,0,20.31,50,OK
2026-02-15T10:57:44.352Z,0,20.82,50,OK
2026-02-15T10:57:44.403Z,0,20.44,50,OK
2026-02-15T10:57:44.453Z,0,20.77,50,OK
2026-02-15T10:57:44.504Z,0,20.54,50,OK
2026-02-15T10:57:44.555Z,0,20.67,50,OK
2026-02-15T10:57:44.606Z,0,20.37,50,OK
2026-02-15T10:57:44.656Z,0,20.74,50,OK
2026-02-15T10:57:44.707Z,0,20.32,50,OK
2026-02-15T10:57:44.757Z,0,20.50,50,OK
2026-02-15T10:57:44.808Z,0,20.11,50,OK
2026-02-15T10:57:44.857Z,0,20.36,50,OK
2026-02-15T10:57:44.907Z,0,20.31,50,OK
2026-02-15T10:57:44.957Z,0,20.33,50,OK
2026-02-15T10:57:45.007Z,0,20.32,50,OK
2026-02-15T10:57:45.058Z,0,20.21,50,OK
2026-02-15T10:57:45.108Z,0,20.41,50,OK
2026-02-15T10:57:45.159Z,0,20.28,50,OK
2026-02-15T10:57:45.209Z,0,20.79,50,OK
2026-02-15T10:57:45.260Z,0,20.19,50,OK
2026-02-15T10:57:45.309Z,0,20.14,50,OK
2026-02-15T10:57:45.360Z,0,20.54,50,OK
2026-02-15T10:57:45.410Z,0,20.46,50,OK
2026-02-15T10:57:45.461Z,0,20.32,50,OK
2026-02-15T10:57:45.512Z,0,20.38,50,OK
2026-02-15T10:57:45.562Z,0,20.34,50,OK
2026-02-15T10:57:45.612Z,0,20.42,50,OK
2026-02-15T10:57:45.663Z,0,20.42,50,OK
2026-02-15T10:57:45.714Z,0,20.30,50,OK
2026-02-15T10:57:45.765Z,0,20.50,50,OK
2026-02-15T10:57:45.815Z,0,20.39,50,OK
2026-02-15T10:57:45.866Z,0,20.52,50,OK
2026-02-15T10:57:45.916Z,0,20.37,50,OK
2026-02-15T10:57:45.966Z,0,20.50,50,OK
2026-02-15T10:57:46.016Z,0,20.39,50,OK
2026-02-15T10:57:46.067Z,0,20.42,50,OK
2026-02-15T10:57:46.116Z,0,20.36,50,OK
2026-02-15T10:57:46.167Z,0,20.87,50,OK
2026-02-15T10:57:46.218Z,0,20.41,50,OK
2026-02-15T10:57:46.269Z,0,20.31,50,OK
2026-02-15T10:57:46.320Z,0,20.37,50,OK
2026-02-15T10:57:46.370Z,0,20.41,50,OK
2026-02-15T10:57:46.420Z,0,20.46,50,OK
2026-02-15T10:57:46.471Z,0,20.48,50,OK
2026-02-15T10:57:46.521Z,0,20.44,50,OK
2026-02-15T10:57:46.571Z,0,20.43,50,OK
2026-02-15T10:57:46.621Z,0,20.50,50,OK
2026-02-15T10:57:46.671Z,0,20.52,50,OK
2026-02-15T10:57:46.722Z,0,20.39,50,OK
2026-02-15T10:57:46.773Z,0,20.42,50,OK
2026-02-15T10:57:46.824Z,0,20.55,50,OK
2026-02-15T10:57:46.875Z,0,20.50,50,OK
2026-02-15T10:57:46.925Z,0,20.55,50,OK
2026-02-15T10:57:46.977Z,0,20.34,50,OK
2026-02-15T10:57:47.027Z,0,20.02,50,OK
2026-02-15T10:57:47.078Z,0,20.34,50,OK
2026-02-15T10:57:47.127Z,0,20.60,50,OK
2026-02-15T10:57:47.178Z,0,20.13,50,OK
2026-02-15T10:57:47.228Z,0,20.53,50,OK
2026-02-15T10:57:47.279Z,0,20.47,50,OK
2026-02-15T10:57:47.330Z,0,20.75,50,OK
2026-02-15T10:57:47.381Z,0,20.39,50,OK
2026-02-15T10:57:47.430Z,0,20.43,50,OK
2026-02-15T10:57:47.481Z,0,20.50,50,OK
2026-02-15T10:57:47.532Z,0,20.55,50,OK
2026-02-15T10:57:47.583Z,0,20.26,50,OK
2026-02-15T10:57:47.633Z,0,20.56,50,OK
2026-02-15T10:57:47.683Z,0,20.52,50,OK
2026-02-15T10:57:47.732Z,0,20.76,50,OK
2026-02-15T10:57:47.783Z,0,20.60,50,OK
2026-02-15T10:57:47.832Z,0,20.80,50,OK
2026-02-15T10:57:47.883Z,0,20.32,50,OK
2026-02-15T10:57:47.933Z,0,20.39,50,OK
2026-02-15T10:57:47.983Z,0,20.55,50,OK
2026-02-15T10:57:48.034Z,0,20.49,50,OK
2026-02-15T10:57:48.084Z,0,20.54,50,OK
2026-02-15T10:57:48.134Z,0,20.52,50,OK
2026-02-15T10:57:48.185Z,0,20.26,50,OK
2026-02-15T10:57:48.235Z,0,20.18,50,OK
2026-02-15T10:57:48.284Z,0,20.46,50,OK
2026-02-15T10:57:48.335Z,0,20.39,50,OK
2026-02-15T10:57:48.385Z,0,20.43,50,OK
2026-02-15T10:57:48.435Z,0,20.36,50,OK
2026-02-15T10:57:48.486Z,0,20.41,50,OK
2026-02-15T10:57:48.536Z,0,20.54,50,OK
2026-02-15T10:57:48.587Z,0,20.28,50,OK
2026-02-15T10:57:48.638Z,0,20.52,50,OK
2026-02-15T10:57:48.688Z,0,20.41,50,OK
2026-02-15T10:57:48.738Z,0,20.10,50,OK
2026-02-15T10:57:48.788Z,0,20.44,50,OK
2026-02-15T10:57:48.839Z,0,20.24,50,OK
2026-02-15T10:57:48.888Z,0,20.28,50,OK
2026-02-15T10:57:48.938Z,0,20.38,50,OK
2026-02-15T10:57:48.989Z,0,20.36,50,OK
2026-02-15T10:57:49.040Z,0,20.64,50,OK
2026-02-15T10:57:49.090Z,0,20.52,50,OK
2026-02-15T10:57:49.140Z,0,20.63,50,OK
2026-02-15T10:57:49.190Z,0,20.41,50,OK
2026-02-15T10:57:49.241Z,0,20.23,50,OK
2026-02-15T10:57:49.292Z,0,20.37,50,OK
2026-02-15T10:57:49.342Z,0,20.78,50,OK
2026-02-15T10:57:49.392Z,0,20.29,50,OK
2026-02-15T10:57:49.442Z,0,20.05,50,OK
2026-02-15T10:57:49.492Z,0,20.28,50,OK
2026-02-15T10:57:49.542Z,0,20.24,50,OK
2026-02-15T10:57:49.593Z,0,20.50,50,OK
2026-02-15T10:57:49.643Z,0,20.34,50,OK
2026-02-15T10:57:49.693Z,0,20.58,50,OK
2026-02-15T10:57:49.743Z,0,20.47,50,OK
2026-02-15T10:57:49.793Z,0,20.41,50,OK
2026-02-15T10:57:49.844Z,0,20.49,50,OK
2026-02-15T10:57:49.894Z,0,20.45,50,OK
2026-02-15T10:57:49.945Z,0,20.46,50,OK
2026-02-15T10:57:49.995Z,0,20.34,50,OK
2026-02-15T10:57:50.045Z,0,20.39,50,OK
2026-02-15T10:57:50.095Z,0,20.48,50,OK
2026-02-15T10:57:50.146Z,0,20.32,50,OK
2026-02-15T10:57:50.195Z,0,20.52,50,OK
2026-02-15T10:57:50.246Z,0,20.39,50,OK
2026-02-15T10:57:50.296Z,0,20.39,50,OK
2026-02-15T10:57:50.347Z,0,20.42,50,OK
2026-02-15T10:57:50.397Z,0,20.41,50,OK
2026-02-15T10:57:50.447Z,0,20.06,50,OK
2026-02-15T10:57:50.498Z,0,20.36,50,OK
2026-02-15T10:57:50.548Z,0,20.63,50,OK
2026-02-15T10:57:50.599Z,0,20.42,50,OK
2026-02-15T10:57:50.650Z,0,20.92,50,OK
2026-02-15T10:57:50.699Z,0,20.41,50,OK
2026-02-15T10:57:50.750Z,0,20.20,50,OK
2026-02-15T10:57:50.801Z,0,20.52,50,OK
2026-02-15T10:57:50.852Z,0,20.14,50,OK
2026-02-15T10:57:50.902Z,0,20.44,50,OK
2026-02-15T10:57:50.952Z,0,20.26,50,OK
2026-02-15T10:57:51.003Z,0,20.37,50,OK
2026-02-15T10:57:51.053Z,0,20.01,50,OK
2026-02-15T10:57:51.103Z,0,20.52,50,OK
2026-02-15T10:57:51.154Z,0,20.20,50,OK
2026-02-15T10:57:51.205Z,0,20.47,50,OK
2026-02-15T10:57:51.256Z,0,20.53,50,OK
2026-02-15T10:57:51.306Z,0,20.28,50,OK
2026-02-15T10:57:51.357Z,0,20.23,50,OK
2026-02-15T10:57:51.408Z,0,20.44,50,OK
2026-02-15T10:57:51.459Z,0,20.15,50,OK
2026-02-15T10:57:51.509Z,0,20.49,50,OK
2026-02-15T10:57:51.559Z,0,20.53,50,OK
2026-02-15T10:57:51.609Z,0,20.28,50,OK
2026-02-15T10:57:51.660Z,0,19.98,50,OK
2026-02-15T10:57:51.710Z,0,20.52,50,OK
2026-02-15T10:57:51.760Z,0,20.37,50,OK
2026-02-15T10:57:51.811Z,0,20.78,50,OK
2026-02-15T10:57:51.862Z,0,20.42,50,OK
2026-02-15T10:57:51.912Z,0,20.62,50,OK
2026-02-15T10:57:51.962Z,0,20.23,50,OK
2026-02-15T10:57:52.013Z,0,20.45,50,OK
2026-02-15T10:57:52.063Z,0,20.44,50,OK
2026-02-15T10:57:52.114Z,0,20.32,50,OK
2026-02-15T10:57:52.164Z,0,21.01,50,OK
2026-02-15T10:57:52.214Z,0,20.19,50,OK
2026-02-15T10:57:52.264Z,0,20.32,50,OK
2026-02-15T10:57:52.315Z,0,20.23,50,OK
2026-02-15T10:57:52.365Z,0,20.01,50,OK
2026-02-15T10:57:52.415Z,0,20.52,50,OK
2026-02-15T10:57:52.466Z,0,20.55,50,OK
2026-02-15T10:57:52.517Z,0,20.42,50,OK
2026-02-15T10:57:52.567Z,0,20.80,50,OK
2026-02-15T10:57:52.618Z,0,20.42,50,OK
2026-02-15T10:57:52.668Z,0,20.19,50,OK
2026-02-15T10:57:52.719Z,0,20.50,50,OK
2026-02-15T10:57:52.769Z,0,20.88,50,OK
2026-02-15T10:57:52.820Z,0,20.37,50,OK
2026-02-15T10:57:52.871Z,0,20.21,50,OK
2026-02-15T10:57:52.919Z,0,20.47,50,OK
2026-02-15T10:57:52.969Z,0,20.50,50,OK
2026-02-15T10:57:53.020Z,0,20.44,50,OK
2026-02-15T10:57:53.071Z,0,20.35,50,OK
2026-02-15T10:57:53.121Z,0,20.32,50,OK
2026-02-15T10:57:53.171Z,0,19.96,50,OK
2026-02-15T10:57:53.221Z,0,20.36,50,OK
2026-02-15T10:57:53.270Z,0,20.43,50,OK
2026-02-15T10:57:53.321Z,0,20.39,50,OK
2026-02-15T10:57:53.372Z,0,20.22,50,OK
2026-02-15T10:57:53.423Z,0,20.34,50,OK
2026-02-15T10:57:53.473Z,0,20.67,50,OK
2026-02-15T10:57:53.523Z,0,20.39,50,OK
2026-02-15T10:57:53.574Z,0,20.71,50,OK
2026-02-15T10:57:53.624Z,0,20.37,50,OK
2026-02-15T10:57:53.676Z,0,20.53,50,OK
2026-02-15T10:57:53.726Z,0,20.26,50,OK
2026-02-15T10:57:53.777Z,0,19.87,50,OK
2026-02-15T10:57:53.827Z,0,20.37,50,OK
2026-02-15T10:57:53.878Z,0,20.05,50,OK
2026-02-15T10:57:53.928Z,0,20.29,50,OK
2026-02-15T10:57:53.978Z,0,20.58,50,OK
2026-02-15T10:57:54.028Z,0,20.21,50,OK
2026-02-15T10:57:54.078Z,0,20.33,50,OK
2026-02-15T10:57:54.128Z,0,20.41,50,OK
2026-02-15T10:57:54.178Z,0,20.19,50,OK
2026-02-15T10:57:54.229Z,0,20.50,50,OK
2026-02-15T10:57:54.278Z,0,20.07,50,OK
2026-02-15T10:57:54.329Z,0,20.21,50,OK
2026-02-15T10:57:54.379Z,0,20.72,50,OK
2026-02-15T10:57:54.429Z,0,20.39,50,OK
2026-02-15T10:57:54.480Z,0,19.96,50,OK
2026-02-15T10:57:54.531Z,0,20.32,50,OK
2026-02-15T10:57:54.581Z,0,20.90,50,OK
2026-02-15T10:57:54.632Z,0,20.48,50,OK
2026-02-15T10:57:54.682Z,0,21.03,50,OK
2026-02-15T10:57:54.732Z,0,20.42,50,OK
2026-02-15T10:57:54.783Z,0,20.91,50,OK
2026-02-15T10:57:54.833Z,0,20.28,50,OK
2026-02-15T10:57:54.883Z,0,19.91,50,OK
2026-02-15T10:57:54.935Z,0,20.37,50,OK
2026-02-15T10:57:54.986Z,0,20.77,50,OK
2026-02-15T10:57:55.036Z,0,20.26,50,OK
2026-02-15T10:57:55.087Z,0,20.82,50,OK
2026-02-15T10:57:55.137Z,0,20.41,50,OK
2026-02-15T10:57:55.188Z,0,19.68,50,OK
2026-02-15T10:57:55.238Z,0,20.36,50,OK
2026-02-15T10:57:55.289Z,0,20.37,50,OK
2026-02-15T10:57:55.340Z,0,20.54,50,OK
2026-02-15T10:57:55.391Z,0,20.53,50,OK
2026-02-15T10:57:55.442Z,0,20.50,50,OK
2026-02-15T10:57:55.493Z,0,20.14,50,OK
2026-02-15T10:57:55.543Z,0,20.39,50,OK
2026-02-15T10:57:55.593Z,0,20.47,50,OK
2026-02-15T10:57:55.644Z,0,20.32,50,OK
2026-02-15T10:57:55.695Z,0,20.45,50,OK
2026-02-15T10:57:55.745Z,0,20.52,50,OK
2026-02-15T10:57:55.795Z,0,20.38,50,OK
2026-02-15T10:57:55.845Z,0,20.26,50,OK
2026-02-15T10:57:55.895Z,0,20.41,50,OK
2026-02-15T10:57:55.945Z,0,20.41,50,OK
2026-02-15T10:57:55.995Z,0,20.62,50,OK
2026-02-15T10:57:56.045Z,0,20.34,50,OK
2026-02-15T10:57:56.095Z,0,20.16,50,OK
2026-02-15T10:57:56.145Z,0,20.39,50,OK
2026-02-15T10:57:56.196Z,0,21.09,50,OK
2026-02-15T10:57:56.247Z,0,20.04,50,OK
2026-02-15T10:57:56.297Z,0,20.91,50,OK
2026-02-15T10:57:56.348Z,0,20.23,50,OK
2026-02-15T10:57:56.398Z,0,20.95,50,OK
2026-02-15T10:57:56.448Z,0,20.62,50,OK
2026-02-15T10:57:56.499Z,0,19.85,50,OK
2026-02-15T10:57:56.549Z,0,20.65,50,OK
2026-02-15T10:57:56.600Z,0,19.91,50,OK
2026-02-15T10:57:56.650Z,0,20.45,50,OK
2026-02-15T10:57:56.700Z,0,20.08,50,OK
2026-02-15T10:57:56.751Z,0,20.50,50,OK
2026-02-15T10:57:56.801Z,0,20.91,50,OK
2026-02-15T10:57:56.851Z,0,20.42,50,OK
2026-02-15T10:57:56.902Z,0,19.80,50,OK
2026-02-15T10:57:56.952Z,0,20.47,50,OK
2026-02-15T10:57:57.002Z,0,20.50,50,OK
2026-02-15T10:57:57.053Z,0,20.28,50,OK
2026-02-15T10:57:57.103Z,0,20.23,50,OK
2026-02-15T10:57:57.154Z,0,20.39,50,OK
2026-02-15T10:57:57.204Z,0,20.60,50,OK
2026-02-15T10:57:57.255Z,0,20.47,50,OK
2026-02-15T10:57:57.306Z,0,20.31,50,OK
2026-02-15T10:57:57.356Z,0,20.47,50,OK
2026-02-15T10:57:57.408Z,0,20.33,50,OK
2026-02-15T10:57:57.459Z,0,20.39,50,OK
2026-02-15T10:57:57.509Z,0,20.58,50,OK
2026-02-15T10:57:57.560Z,0,20.34,50,OK
2026-02-15T10:57:57.611Z,0,20.82,50,OK
2026-02-15T10:57:57.662Z,0,20.49,50,OK
2026-02-15T10:57:57.712Z,0,20.29,50,OK
2026-02-15T10:57:57.762Z,0,20.46,50,OK
2026-02-15T10:57:57.812Z,0,20.65,50,OK
2026-02-15T10:57:57.862Z,0,20.32,50,OK
2026-02-15T10:57:57.912Z,0,20.64,50,OK
2026-02-15T10:57:57.962Z,0,20.29,50,OK
2026-02-15T10:57:58.012Z,0,20.40,50,OK
2026-02-15T10:57:58.062Z,0,20.37,50,OK
2026-02-15T10:57:58.113Z,0,20.06,50,OK
2026-02-15T10:57:58.163Z,0,20.36,50,OK
2026-02-15T10:57:58.213Z,0,20.42,50,OK
2026-02-15T10:57:58.264Z,0,20.37,50,OK
2026-02-15T10:57:58.315Z,0,20.26,50,OK
2026-02-15T10:57:58.366Z,0,20.58,50,OK
2026-02-15T10:57:58.417Z,0,20.39,50,OK
2026-02-15T10:57:58.468Z,0,20.01,50,OK
2026-02-15T10:57:58.518Z,0,20.52,50,OK
2026-02-15T10:57:58.568Z,0,20.09,50,OK
2026-02-15T10:57:58.618Z,0,20.28,50,OK
2026-02-15T10:57:58.668Z,0,20.64,50,OK
2026-02-15T10:57:58.719Z,0,20.52,50,OK
2026-02-15T10:57:58.769Z,0,20.32,50,OK
2026-02-15T10:57:58.819Z,0,20.37,50,OK
2026-02-15T10:57:58.870Z,0,20.44,50,OK
2026-02-15T10:57:58.920Z,0,20.46,50,OK
2026-02-15T10:57:58.972Z,0,20.50,50,OK
2026-02-15T10:57:59.022Z,0,20.49,50,OK
2026-02-15T10:57:59.072Z,0,20.38,50,OK
2026-02-15T10:57:59.122Z,0,20.36,50,OK
2026-02-15T10:57:59.172Z,0,20.50,50,OK
2026-02-15T10:57:59.222Z,0,20.46,50,OK
2026-02-15T10:57:59.272Z,0,20.24,50,OK
2026-02-15T10:57:59.322Z,0,20.60,50,OK
2026-02-15T10:57:59.373Z,0,20.52,50,OK
2026-02-15T10:57:59.424Z,0,20.52,50,OK
2026-02-15T10:57:59.475Z,0,20.39,50,OK
2026-02-15T10:57:59.526Z,0,20.51,50,OK
2026-02-15T10:57:59.577Z,0,20.50,50,OK
2026-02-15T10:57:59.627Z,0,20.44,50,OK
2026-02-15T10:57:59.677Z,0,20.39,50,OK
2026-02-15T10:57:59.727Z,0,20.15,50,OK
2026-02-15T10:57:59.777Z,0,20.34,50,OK
2026-02-15T10:57:59.827Z,0,20.32,50,OK
2026-02-15T10:57:59.877Z,0,20.50,50,OK
2026-02-15T10:57:59.927Z,0,20.37,50,OK
2026-02-15T10:57:59.979Z,0,20.37,50,OK
2026-02-15T10:58:00.029Z,0,20.37,50,OK
2026-02-15T10:58:00.079Z,0,20.32,50,OK
2026-02-15T10:58:00.129Z,0,20.31,50,OK
2026-02-15T10:58:00.179Z,0,20.31,50,OK
2026-02-15T10:58:00.230Z,0,20.36,50,OK
2026-02-15T10:58:00.280Z,0,20.32,50,OK
2026-02-15T10:58:00.330Z,0,20.34,50,OK
2026-02-15T10:58:00.380Z,0,20.45,50,OK
2026-02-15T10:58:00.430Z,0,20.47,50,OK
2026-02-15T10:58:00.480Z,0,20.37,50,OK
2026-02-15T10:58:00.530Z,0,20.42,50,OK
2026-02-15T10:58:00.580Z,0,20.42,50,OK
2026-02-15T10:58:00.630Z,0,20.41,50,OK
2026-02-15T10:58:00.681Z,0,20.37,50,OK
2026-02-15T10:58:00.731Z,0,20.57,50,OK
2026-02-15T10:58:00.781Z,0,20.09,50,OK
2026-02-15T10:58:00.831Z,0,20.26,50,OK
2026-02-15T10:58:00.881Z,0,20.37,50,OK
2026-02-15T10:58:00.931Z,0,20.23,50,OK
2026-02-15T10:58:00.981Z,0,20.21,50,OK
2026-02-15T10:58:01.031Z,0,20.21,50,OK
2026-02-15T10:58:01.081Z,0,20.24,50,OK
2026-02-15T10:58:01.131Z,0,20.26,50,OK
2026-02-15T10:58:01.182Z,0,20.36,50,OK
2026-02-15T10:58:01.232Z,0,20.49,50,OK
2026-02-15T10:58:01.282Z,0,20.32,50,OK
2026-02-15T10:58:01.332Z,0,20.37,50,OK
2026-02-15T10:58:01.383Z,0,20.55,50,OK
2026-02-15T10:58:01.433Z,0,20.42,50,OK
2026-02-15T10:58:01.483Z,0,20.50,50,OK
2026-02-15T10:58:01.533Z,0,20.36,50,OK
2026-02-15T10:58:01.583Z,0,20.41,50,OK
2026-02-15T10:58:01.633Z,0,20.34,50,OK
2026-02-15T10:58:01.683Z,0,20.42,50,OK
2026-02-15T10:58:01.734Z,0,20.54,50,OK
2026-02-15T10:58:01.784Z,0,20.31,50,OK
2026-02-15T10:58:01.835Z,0,20.44,50,OK
2026-02-15T10:58:01.885Z,0,20.36,50,OK
2026-02-15T10:58:01.936Z,0,20.51,50,OK
2026-02-15T10:58:01.987Z,0,20.42,50,OK
2026-02-15T10:58:02.037Z,0,20.56,50,OK
2026-02-15T10:58:02.087Z,0,20.50,50,OK
2026-02-15T10:58:02.138Z,0,20.56,50,OK
2026-02-15T10:58:02.188Z,0,20.26,50,OK
2026-02-15T10:58:02.238Z,0,20.20,50,OK
2026-02-15T10:58:02.288Z,0,20.31,50,OK
2026-02-15T10:58:02.338Z,0,20.20,50,OK
2026-02-15T10:58:02.390Z,0,20.52,50,OK
2026-02-15T10:58:02.441Z,0,20.42,50,OK
2026-02-15T10:58:02.491Z,0,20.31,50,OK
2026-02-15T10:58:02.541Z,0,20.64,50,OK
2026-02-15T10:58:02.592Z,0,20.41,50,OK
2026-02-15T10:58:02.642Z,0,20.50,50,OK
2026-02-15T10:58:02.693Z,0,20.50,50,OK
2026-02-15T10:58:02.743Z,0,20.49,50,OK
2026-02-15T10:58:02.794Z,0,20.46,50,OK
2026-02-15T10:58:02.844Z,0,20.47,50,OK
2026-02-15T10:58:02.895Z,0,20.49,50,OK
2026-02-15T10:58:02.945Z,0,20.50,50,OK
2026-02-15T10:58:02.996Z,0,20.65,50,OK
2026-02-15T10:58:03.046Z,0,20.41,50,OK
2026-02-15T10:58:03.096Z,0,20.60,50,OK
2026-02-15T10:58:03.146Z,0,20.52,50,OK
2026-02-15T10:58:03.196Z,0,20.49,50,OK
2026-02-15T10:58:03.247Z,0,20.32,50,OK
2026-02-15T10:58:03.297Z,0,19.89,50,OK
2026-02-15T10:58:03.348Z,0,20.32,50,OK
2026-02-15T10:58:03.398Z,0,20.50,50,OK
2026-02-15T10:58:03.450Z,0,20.50,50,OK
2026-02-15T10:58:03.500Z,0,20.55,50,OK
2026-02-15T10:58:03.550Z,0,20.41,50,OK
2026-02-15T10:58:03.601Z,0,20.19,50,OK
2026-02-15T10:58:03.651Z,0,20.41,50,OK
2026-02-15T10:58:03.701Z,0,20.76,50,OK
2026-02-15T10:58:03.751Z,0,20.11,50,OK
2026-02-15T10:58:03.802Z,0,20.32,50,OK
2026-02-15T10:58:03.852Z,0,20.89,50,OK
2026-02-15T10:58:03.902Z,0,20.52,50,OK
2026-02-15T10:58:03.954Z,0,20.87,50,OK
2026-02-15T10:58:04.004Z,0,20.50,50,OK
2026-02-15T10:58:04.054Z,0,20.68,50,OK
2026-02-15T10:58:04.104Z,0,20.31,50,OK
2026-02-15T10:58:04.154Z,0,20.54,50,OK
2026-02-15T10:58:04.204Z,0,20.41,50,OK
2026-02-15T10:58:04.255Z,0,20.53,50,OK
2026-02-15T10:58:04.305Z,0,20.34,50,OK
2026-02-15T10:58:04.355Z,0,20.35,50,OK
2026-02-15T10:58:04.405Z,0,20.28,50,OK
2026-02-15T10:58:04.456Z,0,20.50,50,OK
2026-02-15T10:58:04.506Z,0,20.49,50,OK
2026-02-15T10:58:04.556Z,0,20.36,50,OK
2026-02-15T10:58:04.607Z,0,20.52,50,OK
2026-02-15T10:58:04.658Z,0,20.39,50,OK
2026-02-15T10:58:04.708Z,0,20.29,50,OK
2026-02-15T10:58:04.758Z,0,20.43,50,OK
2026-02-15T10:58:04.808Z,0,20.46,50,OK
2026-02-15T10:58:04.858Z,0,20.23,50,OK
2026-02-15T10:58:04.909Z,0,20.75,50,OK
2026-02-15T10:58:04.960Z,0,20.47,50,OK
2026-02-15T10:58:05.010Z,0,20.68,50,OK
2026-02-15T10:58:05.060Z,0,20.26,50,OK
2026-02-15T10:58:05.110Z,0,20.59,50,OK
2026-02-15T10:58:05.160Z,0,20.50,50,OK
2026-02-15T10:58:05.210Z,0,20.70,50,OK
2026-02-15T10:58:05.260Z,0,20.47,50,OK
2026-02-15T10:58:05.310Z,0,20.65,50,OK
2026-02-15T10:58:05.361Z,0,20.41,50,OK
2026-02-15T10:58:05.411Z,0,20.14,50,OK
2026-02-15T10:58:05.461Z,0,20.52,50,OK
2026-02-15T10:58:05.512Z,0,20.52,50,OK
2026-02-15T10:58:05.562Z,0,20.82,50,OK
2026-02-15T10:58:05.613Z,0,20.52,50,OK
2026-02-15T10:58:05.663Z,0,20.52,50,OK
2026-02-15T10:58:05.714Z,0,20.47,50,OK
2026-02-15T10:58:05.764Z,0,20.42,50,OK
2026-02-15T10:58:05.814Z,0,20.47,50,OK
2026-02-15T10:58:05.864Z,0,20.42,50,OK
2026-02-15T10:58:05.914Z,0,20.36,50,OK
2026-02-15T10:58:05.966Z,0,20.40,50,OK
2026-02-15T10:58:06.015Z,0,20.18,50,OK
2026-02-15T10:58:06.067Z,0,20.41,50,OK
2026-02-15T10:58:06.117Z,0,20.23,50,OK
2026-02-15T10:58:06.167Z,0,20.42,50,OK
2026-02-15T10:58:06.218Z,0,20.47,50,OK
2026-02-15T10:58:06.268Z,0,20.40,50,OK
2026-02-15T10:58:06.318Z,0,20.28,50,OK
2026-02-15T10:58:06.368Z,0,20.47,50,OK
2026-02-15T10:58:06.418Z,0,20.04,50,OK
2026-02-15T10:58:06.468Z,0,20.31,50,OK
2026-02-15T10:58:06.518Z,0,19.84,50,OK
2026-02-15T10:58:06.569Z,0,20.32,50,OK
2026-02-15T10:58:06.619Z,0,21.14,50,OK
2026-02-15T10:58:06.669Z,0,20.46,50,OK
2026-02-15T10:58:06.720Z,0,20.28,50,OK
2026-02-15T10:58:06.770Z,0,20.42,50,OK
2026-02-15T10:58:06.821Z,0,20.09,50,OK
2026-02-15T10:58:06.871Z,0,20.34,50,OK
2026-02-15T10:58:06.922Z,0,20.63,50,OK
2026-02-15T10:58:06.973Z,0,20.46,50,OK
2026-02-15T10:58:07.023Z,0,20.85,50,OK
2026-02-15T10:58:07.073Z,0,20.37,50,OK
2026-02-15T10:58:07.123Z,0,20.77,50,OK
2026-02-15T10:58:07.173Z,0,20.44,50,OK
2026-02-15T10:58:07.223Z,0,20.23,50,OK
2026-02-15T10:58:07.274Z,0,20.36,50,OK
2026-02-15T10:58:07.326Z,0,20.37,50,OK
2026-02-15T10:58:07.376Z,0,20.65,50,OK
2026-02-15T10:58:07.426Z,0,20.39,50,OK
2026-02-15T10:58:07.477Z,0,20.43,50,OK
2026-02-15T10:58:07.527Z,0,20.34,50,OK
2026-02-15T10:58:07.577Z,0,20.46,50,OK
2026-02-15T10:58:07.627Z,0,20.36,50,OK
2026-02-15T10:58:07.677Z,0,20.40,50,OK
2026-02-15T10:58:07.727Z,0,20.49,50,OK
2026-02-15T10:58:07.777Z,0,20.46,50,OK
2026-02-15T10:58:07.827Z,0,20.29,50,OK
2026-02-15T10:58:07.877Z,0,20.33,50,OK
2026-02-15T10:58:07.927Z,0,20.31,50,OK
2026-02-15T10:58:07.978Z,0,20.35,50,OK
2026-02-15T10:58:08.028Z,0,20.26,50,OK
2026-02-15T10:58:08.078Z,0,20.30,50,OK
2026-02-15T10:58:08.129Z,0,20.42,50,OK
2026-02-15T10:58:08.179Z,0,20.28,50,OK
2026-02-15T10:58:08.229Z,0,19.59,50,OK
2026-02-15T10:58:08.279Z,0,20.21,50,OK
2026-02-15T10:58:08.329Z,0,19.96,50,OK
2026-02-15T10:58:08.379Z,0,20.31,50,OK
2026-02-15T10:58:08.429Z,0,20.51,50,OK
2026-02-15T10:58:08.479Z,0,20.31,50,OK
2026-02-15T10:58:08.529Z,0,19.91,50,OK
2026-02-15T10:58:08.579Z,0,20.36,50,OK
2026-02-15T10:58:08.629Z,0,20.41,50,OK
2026-02-15T10:58:08.680Z,0,20.26,50,OK
2026-02-15T10:58:08.730Z,0,19.95,50,OK
2026-02-15T10:58:08.781Z,0,20.21,50,OK
2026-02-15T10:58:08.831Z,0,20.48,50,OK
2026-02-15T10:58:08.881Z,0,20.26,50,OK
2026-02-15T10:58:08.931Z,0,20.08,50,OK
2026-02-15T10:58:08.981Z,0,20.24,50,OK
2026-02-15T10:58:09.031Z,0,20.32,50,OK
2026-02-15T10:58:09.083Z,0,20.32,50,OK
2026-02-15T10:58:09.133Z,0,20.06,50,OK
2026-02-15T10:58:09.183Z,0,20.29,50,OK
2026-02-15T10:58:09.233Z,0,19.97,50,OK
2026-02-15T10:58:09.283Z,0,20.28,50,OK
2026-02-15T10:58:09.333Z,0,20.14,50,OK
2026-02-15T10:58:09.385Z,0,20.39,50,OK
2026-02-15T10:58:09.435Z,0,20.62,50,OK
2026-02-15T10:58:09.486Z,0,20.39,50,OK
2026-02-15T10:58:09.535Z,0,20.59,50,OK
2026-02-15T10:58:09.586Z,0,20.50,50,OK
2026-02-15T10:58:09.636Z,0,20.26,50,OK
2026-02-15T10:58:09.687Z,0,20.32,50,OK
2026-02-15T10:58:09.738Z,0,20.34,50,OK
2026-02-15T10:58:09.788Z,0,20.59,50,OK
2026-02-15T10:58:09.838Z,0,20.32,50,OK
2026-02-15T10:58:09.888Z,0,20.32,50,OK
2026-02-15T10:58:09.938Z,0,20.42,50,OK
2026-02-15T10:58:09.989Z,0,20.40,50,OK
2026-02-15T10:58:10.039Z,0,20.26,50,OK
2026-02-15T10:58:10.089Z,0,20.19,50,OK
2026-02-15T10:58:10.139Z,0,20.28,50,OK
2026-02-15T10:58:10.190Z,0,20.29,50,OK
2026-02-15T10:58:10.240Z,0,20.21,50,OK
2026-02-15T10:58:10.290Z,0,19.87,50,OK
2026-02-15T10:58:10.341Z,0,20.32,50,OK
2026-02-15T10:58:10.391Z,0,20.42,50,OK
2026-02-15T10:58:10.441Z,0,20.36,50,OK
2026-02-15T10:58:10.491Z,0,20.30,50,OK
2026-02-15T10:58:10.542Z,0,19.36,50,OK
2026-02-15T10:58:10.592Z,0,20.39,50,OK
2026-02-15T10:58:10.643Z,0,20.83,50,OK
2026-02-15T10:58:10.692Z,0,20.19,50,OK
2026-02-15T10:58:10.743Z,0,20.50,50,OK
2026-02-15T10:58:10.794Z,0,20.32,50,OK
2026-02-15T10:58:10.844Z,0,20.79,50,OK
2026-02-15T10:58:10.894Z,0,20.49,50,OK
2026-02-15T10:58:10.944Z,0,20.17,50,OK
2026-02-15T10:58:10.995Z,0,20.52,50,OK
2026-02-15T10:58:11.045Z,0,20.75,50,OK
2026-02-15T10:58:11.095Z,0,20.52,50,OK
2026-02-15T10:58:11.146Z,0,20.26,50,OK
2026-02-15T10:58:11.197Z,0,20.19,50,OK
2026-02-15T10:58:11.247Z,0,20.64,50,OK
2026-02-15T10:58:11.298Z,0,20.31,50,OK
2026-02-15T10:58:11.348Z,0,20.69,50,OK
2026-02-15T10:58:11.398Z,0,20.50,50,OK
2026-02-15T10:58:11.448Z,0,20.49,50,OK
2026-02-15T10:58:11.498Z,0,20.53,50,OK
2026-02-15T10:58:11.548Z,0,20.37,50,OK
2026-02-15T10:58:11.599Z,0,20.42,50,OK
2026-02-15T10:58:11.649Z,0,20.88,50,OK
2026-02-15T10:58:11.699Z,0,20.38,50,OK
2026-02-15T10:58:11.749Z,0,20.01,50,OK
2026-02-15T10:58:11.801Z,0,20.39,50,OK
2026-02-15T10:58:11.851Z,0,21.00,50,OK
2026-02-15T10:58:11.901Z,0,20.43,50,OK
2026-02-15T10:58:11.952Z,0,20.73,50,OK
2026-02-15T10:58:12.002Z,0,20.24,50,OK
2026-02-15T10:58:12.052Z,0,19.80,50,OK
2026-02-15T10:58:12.104Z,0,20.41,50,OK
2026-02-15T10:58:12.155Z,0,20.62,50,OK
2026-02-15T10:58:12.205Z,0,20.24,50,OK
2026-02-15T10:58:12.255Z,0,20.44,50,OK
2026-02-15T10:58:12.305Z,0,20.19,50,OK
2026-02-15T10:58:12.357Z,0,19.70,50,OK
2026-02-15T10:58:12.407Z,0,20.19,50,OK
2026-02-15T10:58:12.457Z,0,19.60,50,OK
2026-02-15T10:58:12.507Z,0,20.26,50,OK
2026-02-15T10:58:12.558Z,0,20.65,50,OK
2026-02-15T10:58:12.608Z,0,20.24,50,OK
2026-02-15T10:58:12.658Z,0,20.04,50,OK
2026-02-15T10:58:12.709Z,0,20.67,50,OK
2026-02-15T10:58:12.759Z,0,19.95,50,OK
2026-02-15T10:58:12.809Z,0,20.18,50,OK
2026-02-15T10:58:12.860Z,0,20.16,50,OK
2026-02-15T10:58:12.910Z,0,20.21,50,OK
2026-02-15T10:58:12.960Z,0,20.26,50,OK
2026-02-15T10:58:13.011Z,0,20.29,50,OK
2026-02-15T10:58:13.063Z,0,20.38,50,OK
2026-02-15T10:58:13.114Z,0,20.09,50,OK
2026-02-15T10:58:13.164Z,0,20.60,50,OK
2026-02-15T10:58:13.215Z,0,20.25,50,OK
2026-02-15T10:58:13.267Z,0,20.65,50,OK
2026-02-15T10:58:13.317Z,0,20.20,50,OK
2026-02-15T10:58:13.367Z,0,20.68,50,OK
2026-02-15T10:58:13.417Z,0,20.46,50,OK
2026-02-15T10:58:13.467Z,0,20.68,50,OK
2026-02-15T10:58:13.517Z,0,20.34,50,OK
2026-02-15T10:58:13.568Z,0,20.55,50,OK
2026-02-15T10:58:13.618Z,0,20.39,50,OK
2026-02-15T10:58:13.668Z,0,20.67,50,OK
2026-02-15T10:58:13.719Z,0,20.16,50,OK
2026-02-15T10:58:13.769Z,0,19.99,50,OK
2026-02-15T10:58:13.819Z,0,20.34,50,OK
2026-02-15T10:58:13.870Z,0,19.99,50,OK
2026-02-15T10:58:13.920Z,0,20.28,50,OK
2026-02-15T10:58:13.971Z,0,20.11,50,OK
2026-02-15T10:58:14.021Z,0,20.31,50,OK
2026-02-15T10:58:14.071Z,0,20.68,50,OK
2026-02-15T10:58:14.121Z,0,20.32,50,OK
2026-02-15T10:58:14.171Z,0,20.59,50,OK
2026-02-15T10:58:14.221Z,0,20.44,50,OK
2026-02-15T10:58:14.271Z,0,19.93,50,OK
2026-02-15T10:58:14.321Z,0,20.26,50,OK
2026-02-15T10:58:14.371Z,0,19.91,50,OK
2026-02-15T10:58:14.421Z,0,20.34,50,OK
2026-02-15T10:58:14.471Z,0,19.99,50,OK
2026-02-15T10:58:14.523Z,0,20.28,50,OK
2026-02-15T10:58:14.574Z,0,20.07,50,OK
2026-02-15T10:58:14.624Z,0,20.31,50,OK
2026-02-15T10:58:14.675Z,0,20.46,50,OK
2026-02-15T10:58:14.725Z,0,20.23,50,OK
2026-02-15T10:58:14.776Z,0,20.16,50,OK
2026-02-15T10:58:14.826Z,0,20.29,50,OK
2026-02-15T10:58:14.877Z,0,20.29,50,OK
2026-02-15T10:58:14.928Z,0,20.26,50,OK
2026-02-15T10:58:14.978Z,0,20.41,50,OK
2026-02-15T10:58:15.028Z,0,20.21,50,OK
2026-02-15T10:58:15.078Z,0,20.43,50,OK
2026-02-15T10:58:15.129Z,0,20.44,50,OK
2026-02-15T10:58:15.179Z,0,19.62,50,OK
2026-02-15T10:58:15.229Z,0,20.68,50,OK
2026-02-15T10:58:15.279Z,0,20.52,50,OK
2026-02-15T10:58:15.329Z,0,20.23,50,OK
2026-02-15T10:58:15.379Z,0,19.67,50,OK
2026-02-15T10:58:15.429Z,0,20.37,50,OK
2026-02-15T10:58:15.479Z,0,20.82,50,OK
2026-02-15T10:58:15.530Z,0,20.37,50,OK
2026-02-15T10:58:15.580Z,0,20.78,50,OK
2026-02-15T10:58:15.630Z,0,20.33,50,OK
2026-02-15T10:58:15.680Z,0,20.41,50,OK
2026-02-15T10:58:15.730Z,0,20.28,50,OK
2026-02-15T10:58:15.780Z,0,19.77,50,OK
2026-02-15T10:58:15.830Z,0,20.34,50,OK
2026-02-15T10:58:15.882Z,0,20.35,50,OK
2026-02-15T10:58:15.932Z,0,20.31,50,OK
2026-02-15T10:58:15.982Z,0,20.14,50,OK
2026-02-15T10:58:16.032Z,0,20.39,50,OK
2026-02-15T10:58:16.082Z,0,20.62,50,OK
2026-02-15T10:58:16.132Z,0,20.42,50,OK
2026-02-15T10:58:16.182Z,0,20.19,50,OK
2026-02-15T10:58:16.232Z,0,20.42,50,OK
2026-02-15T10:58:16.283Z,0,20.58,50,OK
2026-02-15T10:58:16.333Z,0,20.42,50,OK
2026-02-15T10:58:16.383Z,0,21.13,50,OK
2026-02-15T10:58:16.433Z,0,20.63,50,OK
2026-02-15T10:58:16.483Z,0,19.91,50,OK
2026-02-15T10:58:16.533Z,0,20.71,50,OK
2026-02-15T10:58:16.584Z,0,20.93,50,OK
2026-02-15T10:58:16.634Z,0,20.35,50,OK
2026-02-15T10:58:16.685Z,0,20.08,50,OK
2026-02-15T10:58:16.735Z,0,20.32,50,OK
2026-02-15T10:58:16.787Z,0,19.95,50,OK
2026-02-15T10:58:16.838Z,0,20.36,50,OK
2026-02-15T10:58:16.888Z,0,20.67,50,OK
2026-02-15T10:58:16.938Z,0,20.33,50,OK
2026-02-15T10:58:16.988Z,0,20.36,50,OK
2026-02-15T10:58:17.039Z,0,20.31,50,OK
2026-02-15T10:58:17.089Z,0,20.54,50,OK
2026-02-15T10:58:17.141Z,0,20.49,50,OK
2026-02-15T10:58:17.191Z,0,20.37,50,OK
2026-02-15T10:58:17.242Z,0,20.43,50,OK
2026-02-15T10:58:17.292Z,0,20.26,50,OK
2026-02-15T10:58:17.342Z,0,20.43,50,OK
2026-02-15T10:58:17.394Z,0,20.44,50,OK
2026-02-15T10:58:17.444Z,0,20.44,50,OK
2026-02-15T10:58:17.495Z,0,20.39,50,OK
2026-02-15T10:58:17.545Z,0,20.29,50,OK
2026-02-15T10:58:17.595Z,0,20.36,50,OK
2026-02-15T10:58:17.645Z,0,20.39,50,OK
2026-02-15T10:58:17.695Z,0,20.36,50,OK
2026-02-15T10:58:17.745Z,0,20.41,50,OK
2026-02-15T10:58:17.796Z,0,20.29,50,OK
2026-02-15T10:58:17.846Z,0,20.44,50,OK
2026-02-15T10:58:17.897Z,0,20.23,50,OK
2026-02-15T10:58:17.947Z,0,20.32,50,OK
2026-02-15T10:58:17.998Z,0,20.81,50,OK
2026-02-15T10:58:18.048Z,0,20.28,50,OK
2026-02-15T10:58:18.099Z,0,20.52,50,OK
2026-02-15T10:58:18.149Z,0,20.60,50,OK
2026-02-15T10:58:18.199Z,0,20.14,50,OK
2026-02-15T10:58:18.250Z,0,20.31,50,OK
2026-02-15T10:58:18.300Z,0,20.55,50,OK
2026-02-15T10:58:18.351Z,0,20.41,50,OK
2026-02-15T10:58:18.401Z,0,20.72,50,OK
2026-02-15T10:58:18.453Z,0,20.37,50,OK
2026-02-15T10:58:18.503Z,0,20.59,50,OK
2026-02-15T10:58:18.553Z,0,20.41,50,OK
2026-02-15T10:58:18.603Z,0,20.31,50,OK
2026-02-15T10:58:18.653Z,0,20.55,50,OK
2026-02-15T10:58:18.702Z,0,20.03,50,OK
2026-02-15T10:58:18.753Z,0,20.36,50,OK
2026-02-15T10:58:18.804Z,0,20.67,50,OK
2026-02-15T10:58:18.855Z,0,20.91,50,OK
2026-02-15T10:58:18.906Z,0,20.39,50,OK
2026-02-15T10:58:18.957Z,0,20.09,50,OK
2026-02-15T10:58:19.007Z,0,20.75,50,OK
2026-02-15T10:58:19.057Z,0,19.83,50,OK
2026-02-15T10:58:19.107Z,0,20.28,50,OK
2026-02-15T10:58:19.158Z,0,20.37,50,OK
2026-02-15T10:58:19.208Z,0,20.34,50,OK
2026-02-15T10:58:19.259Z,0,20.61,50,OK
2026-02-15T10:58:19.310Z,0,20.41,50,OK
2026-02-15T10:58:19.361Z,0,20.37,50,OK
2026-02-15T10:58:19.411Z,0,20.36,50,OK
2026-02-15T10:58:19.461Z,0,20.41,50,OK
2026-02-15T10:58:19.511Z,0,20.31,50,OK
2026-02-15T10:58:19.562Z,0,20.53,50,OK
2026-02-15T10:58:19.612Z,0,20.50,50,OK
2026-02-15T10:58:19.662Z,0,20.41,50,OK
2026-02-15T10:58:19.712Z,0,20.46,50,OK
2026-02-15T10:58:19.762Z,0,20.37,50,OK
2026-02-15T10:58:19.813Z,0,20.60,50,OK
2026-02-15T10:58:19.863Z,0,20.32,50,OK
2026-02-15T10:58:19.913Z,0,20.39,50,OK
2026-02-15T10:58:19.963Z,0,20.49,50,OK
2026-02-15T10:58:20.014Z,0,20.84,50,OK
2026-02-15T10:58:20.064Z,0,20.49,50,OK
2026-02-15T10:58:20.115Z,0,20.63,50,OK
2026-02-15T10:58:20.165Z,0,20.41,50,OK
2026-02-15T10:58:20.215Z,0,20.19,50,OK
2026-02-15T10:58:20.265Z,0,20.34,50,OK
2026-02-15T10:58:20.316Z,0,20.44,50,OK
2026-02-15T10:58:20.366Z,0,20.42,50,OK
2026-02-15T10:58:20.415Z,0,20.40,50,OK
2026-02-15T10:58:20.466Z,0,20.39,50,OK
2026-02-15T10:58:20.517Z,0,20.47,50,OK
2026-02-15T10:58:20.568Z,0,20.77,50,OK
2026-02-15T10:58:20.618Z,0,20.34,50,OK
2026-02-15T10:58:20.668Z,0,20.41,50,OK
2026-02-15T10:58:20.718Z,0,19.24,50,OK
2026-02-15T10:58:20.768Z,0,20.36,50,OK
2026-02-15T10:58:20.818Z,0,20.36,50,OK
2026-02-15T10:58:20.869Z,0,20.47,50,OK
2026-02-15T10:58:20.919Z,0,20.50,50,OK
2026-02-15T10:58:20.970Z,0,20.50,50,OK
2026-02-15T10:58:21.020Z,0,20.36,50,OK
2026-02-15T10:58:21.070Z,0,20.32,50,OK
2026-02-15T10:58:21.121Z,0,20.21,50,OK
2026-02-15T10:58:21.172Z,0,20.20,50,OK
2026-02-15T10:58:21.222Z,0,20.34,50,OK
2026-02-15T10:58:21.272Z,0,20.37,50,OK
2026-02-15T10:58:21.322Z,0,20.31,50,OK
2026-02-15T10:58:21.372Z,0,20.42,50,OK
2026-02-15T10:58:21.422Z,0,20.50,50,OK
2026-02-15T10:58:21.472Z,0,20.50,50,OK
2026-02-15T10:58:21.523Z,0,20.64,50,OK
2026-02-15T10:58:21.574Z,0,20.36,50,OK
2026-02-15T10:58:21.624Z,0,20.46,50,OK
2026-02-15T10:58:21.675Z,0,20.34,50,OK
2026-02-15T10:58:21.726Z,0,20.59,50,OK
2026-02-15T10:58:21.776Z,0,20.50,50,OK
2026-02-15T10:58:21.827Z,0,20.39,50,OK
2026-02-15T10:58:21.877Z,0,20.42,50,OK
2026-02-15T10:58:21.927Z,0,20.43,50,OK
2026-02-15T10:58:21.977Z,0,20.37,50,OK
2026-02-15T10:58:22.028Z,0,20.27,50,OK
2026-02-15T10:58:22.078Z,0,20.37,50,OK
2026-02-15T10:58:22.130Z,0,20.36,50,OK
2026-02-15T10:58:22.180Z,0,20.18,50,OK
2026-02-15T10:58:22.230Z,0,20.21,50,OK
2026-02-15T10:58:22.280Z,0,19.82,50,OK
2026-02-15T10:58:22.330Z,0,20.16,50,OK
2026-02-15T10:58:22.380Z,0,19.77,50,OK
2026-02-15T10:58:22.431Z,0,20.47,50,OK
2026-02-15T10:58:22.482Z,0,20.50,50,OK
2026-02-15T10:58:22.533Z,0,20.47,50,OK
2026-02-15T10:58:22.583Z,0,20.40,50,OK
2026-02-15T10:58:22.633Z,0,20.50,50,OK
2026-02-15T10:58:22.683Z,0,20.31,50,OK
2026-02-15T10:58:22.733Z,0,20.37,50,OK
2026-02-15T10:58:22.783Z,0,20.35,50,OK
2026-02-15T10:58:22.833Z,0,20.39,50,OK
2026-02-15T10:58:22.880Z,0,20.41,50,OK
2026-02-15T10:58:22.930Z,0,20.50,50,OK
2026-02-15T10:58:22.981Z,0,20.48,50,OK
2026-02-15T10:58:23.032Z,0,20.37,50,OK
2026-02-15T10:58:23.082Z,0,20.41,50,OK
2026-02-15T10:58:23.132Z,0,20.37,50,OK
2026-02-15T10:58:23.182Z,0,20.39,50,OK
2026-02-15T10:58:23.232Z,0,20.16,50,OK
2026-02-15T10:58:23.283Z,0,20.39,50,OK
2026-02-15T10:58:23.333Z,0,20.34,50,OK
2026-02-15T10:58:23.383Z,0,20.52,50,OK
2026-02-15T10:58:23.433Z,0,20.37,50,OK
2026-02-15T10:58:23.484Z,0,20.29,50,OK
2026-02-15T10:58:23.534Z,0,20.45,50,OK
2026-02-15T10:58:23.585Z,0,20.29,50,OK
2026-02-15T10:58:23.636Z,0,20.43,50,OK
2026-02-15T10:58:23.686Z,0,20.32,50,OK
2026-02-15T10:58:23.737Z,0,20.39,50,OK
2026-02-15T10:58:23.787Z,0,20.50,50,OK
2026-02-15T10:58:23.837Z,0,20.37,50,OK
2026-02-15T10:58:23.888Z,0,20.50,50,OK
2026-02-15T10:58:23.938Z,0,20.48,50,OK
2026-02-15T10:58:23.989Z,0,20.50,50,OK
2026-02-15T10:58:24.039Z,0,20.45,50,OK
2026-02-15T10:58:24.090Z,0,20.44,50,OK
2026-02-15T10:58:24.139Z,0,20.42,50,OK
2026-02-15T10:58:24.189Z,0,20.19,50,OK
2026-02-15T10:58:24.239Z,0,20.44,50,OK
2026-02-15T10:58:24.289Z,0,20.42,50,OK
2026-02-15T10:58:24.340Z,0,20.23,50,OK
2026-02-15T10:58:24.390Z,0,20.48,50,OK
2026-02-15T10:58:24.441Z,0,20.42,50,OK
2026-02-15T10:58:24.492Z,0,20.46,50,OK
2026-02-15T10:58:24.543Z,0,20.39,50,OK
2026-02-15T10:58:24.593Z,0,20.45,50,OK
2026-02-15T10:58:24.643Z,0,20.47,50,OK
2026-02-15T10:58:24.694Z,0,20.33,50,OK
2026-02-15T10:58:24.743Z,0,20.41,50,OK
2026-02-15T10:58:24.793Z,0,20.47,50,OK
2026-02-15T10:58:24.843Z,0,20.14,50,OK
2026-02-15T10:58:24.894Z,0,20.56,50,OK
2026-02-15T10:58:24.944Z,0,20.29,50,OK
2026-02-15T10:58:24.994Z,0,20.42,50,OK
2026-02-15T10:58:25.045Z,0,20.18,50,OK
2026-02-15T10:58:25.096Z,0,20.32,50,OK
2026-02-15T10:58:25.145Z,0,20.43,50,OK
2026-02-15T10:58:25.196Z,0,20.41,50,OK
2026-02-15T10:58:25.246Z,0,20.28,50,OK
2026-02-15T10:58:25.296Z,0,20.21,50,OK
2026-02-15T10:58:25.346Z,0,20.30,50,OK
2026-02-15T10:58:25.396Z,0,20.49,50,OK
2026-02-15T10:58:25.446Z,0,20.39,50,OK
2026-02-15T10:58:25.496Z,0,20.50,50,OK
2026-02-15T10:58:25.546Z,0,20.45,50,OK
2026-02-15T10:58:25.597Z,0,20.29,50,OK
2026-02-15T10:58:25.647Z,0,20.45,50,OK
2026-02-15T10:58:25.698Z,0,20.24,50,OK
2026-02-15T10:58:25.749Z,0,20.50,50,OK
2026-02-15T10:58:25.799Z,0,20.56,50,OK
2026-02-15T10:58:25.850Z,0,19.75,50,OK
2026-02-15T10:58:25.901Z,0,19.96,50,OK
2026-02-15T10:58:25.951Z,0,20.42,50,OK
2026-02-15T10:58:26.001Z,0,20.56,50,OK
2026-02-15T10:58:26.052Z,0,20.32,50,OK
2026-02-15T10:58:26.101Z,0,20.41,50,OK
2026-02-15T10:58:26.151Z,0,20.44,50,OK
2026-02-15T10:58:26.201Z,0,20.35,50,OK
2026-02-15T10:58:26.251Z,0,20.46,50,OK
2026-02-15T10:58:26.301Z,0,20.57,50,OK
2026-02-15T10:58:26.351Z,0,20.46,50,OK
2026-02-15T10:58:26.402Z,0,20.10,50,OK
2026-02-15T10:58:26.452Z,0,20.39,50,OK
2026-02-15T10:58:26.501Z,0,20.44,50,OK
2026-02-15T10:58:26.552Z,0,20.42,50,OK
2026-02-15T10:58:26.603Z,0,20.32,50,OK
2026-02-15T10:58:26.653Z,0,20.64,50,OK
2026-02-15T10:58:26.704Z,0,20.37,50,OK
2026-02-15T10:58:26.754Z,0,20.41,50,OK
2026-02-15T10:58:26.804Z,0,20.39,50,OK
2026-02-15T10:58:26.855Z,0,20.50,50,OK
2026-02-15T10:58:26.906Z,0,20.50,50,OK
2026-02-15T10:58:26.956Z,0,20.45,50,OK
2026-02-15T10:58:27.006Z,0,20.37,50,OK
2026-02-15T10:58:27.056Z,0,20.50,50,OK
2026-02-15T10:58:27.107Z,0,20.39,50,OK
2026-02-15T10:58:27.158Z,0,20.35,50,OK
2026-02-15T10:58:27.208Z,0,20.34,50,OK
2026-02-15T10:58:27.258Z,0,20.44,50,OK
2026-02-15T10:58:27.308Z,0,20.23,50,OK
2026-02-15T10:58:27.358Z,0,20.26,50,OK
2026-02-15T10:58:27.409Z,0,19.83,50,OK
2026-02-15T10:58:27.459Z,0,20.33,50,OK
2026-02-15T10:58:27.509Z,0,19.49,50,OK
2026-02-15T10:58:27.559Z,0,20.54,50,OK
2026-02-15T10:58:27.610Z,0,20.44,50,OK
2026-02-15T10:58:27.661Z,0,20.50,50,OK
2026-02-15T10:58:27.712Z,0,20.64,50,OK
2026-02-15T10:58:27.763Z,0,20.42,50,OK
2026-02-15T10:58:27.814Z,0,20.19,50,OK
2026-02-15T10:58:27.863Z,0,20.50,50,OK
2026-02-15T10:58:27.914Z,0,20.55,50,OK
2026-02-15T10:58:27.965Z,0,20.52,50,OK
2026-02-15T10:58:28.016Z,0,20.69,50,OK
2026-02-15T10:58:28.067Z,0,20.46,50,OK
2026-02-15T10:58:28.117Z,0,21.05,50,OK
2026-02-15T10:58:28.167Z,0,20.42,50,OK
2026-02-15T10:58:28.218Z,0,20.07,50,OK
2026-02-15T10:58:28.269Z,0,20.39,50,OK
2026-02-15T10:58:28.319Z,0,20.86,50,OK
2026-02-15T10:58:28.369Z,0,20.41,50,OK
2026-02-15T10:58:28.419Z,0,20.68,50,OK
2026-02-15T10:58:28.470Z,0,20.57,50,OK
2026-02-15T10:58:28.519Z,0,20.19,50,OK
2026-02-15T10:58:28.570Z,0,20.32,50,OK
2026-02-15T10:58:28.620Z,0,20.19,50,OK
2026-02-15T10:58:28.671Z,0,20.52,50,OK
2026-02-15T10:58:28.721Z,0,20.34,50,OK
2026-02-15T10:58:28.772Z,0,20.70,50,OK
2026-02-15T10:58:28.821Z,0,20.50,50,OK
2026-02-15T10:58:28.871Z,0,20.37,50,OK
2026-02-15T10:58:28.922Z,0,20.41,50,OK
2026-02-15T10:58:28.972Z,0,20.49,50,OK
2026-02-15T10:58:29.022Z,0,20.24,50,OK
2026-02-15T10:58:29.072Z,0,20.40,50,OK
2026-02-15T10:58:29.123Z,0,20.34,50,OK
2026-02-15T10:58:29.173Z,0,20.34,50,OK
2026-02-15T10:58:29.222Z,0,20.29,50,OK
2026-02-15T10:58:29.272Z,0,20.34,50,OK
2026-02-15T10:58:29.322Z,0,20.42,50,OK
2026-02-15T10:58:29.372Z,0,20.30,50,OK
2026-02-15T10:58:29.422Z,0,20.39,50,OK
2026-02-15T10:58:29.472Z,0,20.16,50,OK
2026-02-15T10:58:29.522Z,0,20.56,50,OK
2026-02-15T10:58:29.572Z,0,20.21,50,OK
2026-02-15T10:58:29.622Z,0,19.82,50,OK
2026-02-15T10:58:29.673Z,0,20.39,50,OK
2026-02-15T10:58:29.723Z,0,20.27,50,OK
2026-02-15T10:58:29.773Z,0,20.34,50,OK
2026-02-15T10:58:29.824Z,0,20.53,50,OK
2026-02-15T10:58:29.874Z,0,20.50,50,OK
2026-02-15T10:58:29.924Z,0,20.13,50,OK
2026-02-15T10:58:29.973Z,0,20.44,50,OK
2026-02-15T10:58:30.023Z,0,20.68,50,OK
2026-02-15T10:58:30.074Z,0,20.47,50,OK
2026-02-15T10:58:30.125Z,0,20.50,50,OK
2026-02-15T10:58:30.176Z,0,20.54,50,OK
2026-02-15T10:58:30.226Z,0,19.67,50,OK
2026-02-15T10:58:30.277Z,0,20.31,50,OK
2026-02-15T10:58:30.327Z,0,20.22,50,OK
2026-02-15T10:58:30.377Z,0,20.16,50,OK
2026-02-15T10:58:30.427Z,0,19.86,50,OK
2026-02-15T10:58:30.477Z,0,20.16,50,OK
2026-02-15T10:58:30.528Z,0,20.28,50,OK
2026-02-15T10:58:30.578Z,0,20.18,50,OK
2026-02-15T10:58:30.628Z,0,19.24,50,OK
2026-02-15T10:58:30.679Z,0,20.36,50,OK
2026-02-15T10:58:30.729Z,0,20.16,50,OK
2026-02-15T10:58:30.780Z,0,20.40,50,OK
2026-02-15T10:58:30.830Z,0,20.41,50,OK
2026-02-15T10:58:30.880Z,0,20.21,50,OK
2026-02-15T10:58:30.930Z,0,20.24,50,OK
2026-02-15T10:58:30.981Z,0,20.19,50,OK
2026-02-15T10:58:31.031Z,0,20.23,50,OK
2026-02-15T10:58:31.081Z,0,20.25,50,OK
2026-02-15T10:58:31.132Z,0,20.16,50,OK
2026-02-15T10:58:31.182Z,0,20.41,50,OK
2026-02-15T10:58:31.233Z,0,20.37,50,OK
2026-02-15T10:58:31.283Z,0,20.44,50,OK
2026-02-15T10:58:31.334Z,0,20.32,50,OK
2026-02-15T10:58:31.385Z,0,20.29,50,OK
2026-02-15T10:58:31.436Z,0,20.39,50,OK
2026-02-15T10:58:31.486Z,0,20.42,50,OK
2026-02-15T10:58:31.536Z,0,19.14,50,OK
2026-02-15T10:58:31.586Z,0,20.24,50,OK
2026-02-15T10:58:31.637Z,0,20.57,50,OK
2026-02-15T10:58:31.687Z,0,20.19,50,OK
2026-02-15T10:58:31.737Z,0,19.39,50,OK
2026-02-15T10:58:31.788Z,0,20.41,50,OK
2026-02-15T10:58:31.838Z,0,20.91,50,OK
2026-02-15T10:58:31.889Z,0,20.49,50,OK
2026-02-15T10:58:31.939Z,0,20.96,50,OK
2026-02-15T10:58:31.989Z,0,20.32,50,OK
2026-02-15T10:58:32.040Z,0,19.60,50,OK
2026-02-15T10:58:32.090Z,0,20.27,50,OK
2026-02-15T10:58:32.140Z,0,20.62,50,OK
2026-02-15T10:58:32.190Z,0,20.59,50,OK
2026-02-15T10:58:32.241Z,0,19.81,50,OK
2026-02-15T10:58:32.291Z,0,20.11,50,OK
2026-02-15T10:58:32.342Z,0,20.52,50,OK
2026-02-15T10:58:32.392Z,0,20.22,50,OK
2026-02-15T10:58:32.443Z,0,20.87,50,OK
2026-02-15T10:58:32.494Z,0,20.37,50,OK
2026-02-15T10:58:32.545Z,0,20.20,50,OK
2026-02-15T10:58:32.596Z,0,20.37,50,OK
2026-02-15T10:58:32.646Z,0,19.87,50,OK
2026-02-15T10:58:32.696Z,0,20.34,50,OK
2026-02-15T10:58:32.746Z,0,20.96,50,OK
2026-02-15T10:58:32.797Z,0,20.29,50,OK
2026-02-15T10:58:32.848Z,0,20.17,50,OK
2026-02-15T10:58:32.898Z,0,20.26,50,OK
2026-02-15T10:58:32.948Z,0,20.35,50,OK
2026-02-15T10:58:32.998Z,0,20.31,50,OK
2026-02-15T10:58:33.049Z,0,20.11,50,OK
2026-02-15T10:58:33.098Z,0,20.41,50,OK
2026-02-15T10:58:33.148Z,0,20.55,50,OK
2026-02-15T10:58:33.198Z,0,20.19,50,OK
2026-02-15T10:58:33.248Z,0,20.32,50,OK
2026-02-15T10:58:33.298Z,0,20.49,50,OK
2026-02-15T10:58:33.348Z,0,20.40,50,OK
2026-02-15T10:58:33.399Z,0,20.68,50,OK
2026-02-15T10:58:33.450Z,0,20.31,50,OK
2026-02-15T10:58:33.501Z,0,20.32,50,OK
2026-02-15T10:58:33.551Z,0,19.90,50,OK
2026-02-15T10:58:33.600Z,0,20.39,50,OK
2026-02-15T10:58:33.651Z,0,20.49,50,OK
2026-02-15T10:58:33.701Z,0,20.50,50,OK
2026-02-15T10:58:33.751Z,0,21.01,50,OK
2026-02-15T10:58:33.802Z,0,20.76,50,OK
2026-02-15T10:58:33.853Z,0,19.98,50,OK
2026-02-15T10:58:33.904Z,0,20.45,50,OK
2026-02-15T10:58:33.955Z,0,20.67,50,OK
2026-02-15T10:58:34.005Z,0,20.49,50,OK
2026-02-15T10:58:34.055Z,0,20.93,50,OK
2026-02-15T10:58:34.105Z,0,20.50,50,OK
2026-02-15T10:58:34.156Z,0,19.83,50,OK
2026-02-15T10:58:34.206Z,0,20.28,50,OK
2026-02-15T10:58:34.255Z,0,20.75,50,OK
2026-02-15T10:58:34.305Z,0,20.39,50,OK
2026-02-15T10:58:34.355Z,0,20.05,50,OK
2026-02-15T10:58:34.405Z,0,20.50,50,OK
2026-02-15T10:58:34.456Z,0,20.06,50,OK
2026-02-15T10:58:34.506Z,0,20.39,50,OK
2026-02-15T10:58:34.557Z,0,20.13,50,OK
2026-02-15T10:58:34.607Z,0,20.49,50,OK
2026-02-15T10:58:34.657Z,0,20.39,50,OK
2026-02-15T10:58:34.708Z,0,20.18,50,OK
2026-02-15T10:58:34.758Z,0,20.80,50,OK
2026-02-15T10:58:34.809Z,0,20.52,50,OK
2026-02-15T10:58:34.859Z,0,20.04,50,OK
2026-02-15T10:58:34.910Z,0,20.28,50,OK
2026-02-15T10:58:34.960Z,0,20.70,50,OK
2026-02-15T10:58:35.011Z,0,20.24,50,OK
2026-02-15T10:58:35.060Z,0,20.06,50,OK
2026-02-15T10:58:35.110Z,0,20.32,50,OK
2026-02-15T10:58:35.160Z,0,20.56,50,OK
2026-02-15T10:58:35.210Z,0,20.46,50,OK
2026-02-15T10:58:35.261Z,0,20.23,50,OK
2026-02-15T10:58:35.312Z,0,20.54,50,OK
2026-02-15T10:58:35.363Z,0,20.53,50,OK
2026-02-15T10:58:35.414Z,0,20.41,50,OK
2026-02-15T10:58:35.465Z,0,20.55,50,OK
2026-02-15T10:58:35.515Z,0,19.34,50,OK
2026-02-15T10:58:35.564Z,0,20.42,50,OK
2026-02-15T10:58:35.614Z,0,20.19,50,OK
2026-02-15T10:58:35.665Z,0,20.25,50,OK
2026-02-15T10:58:35.715Z,0,20.13,50,OK
2026-02-15T10:58:35.766Z,0,20.37,50,OK
2026-02-15T10:58:35.816Z,0,20.65,50,OK
2026-02-15T10:58:35.867Z,0,20.33,50,OK
2026-02-15T10:58:35.918Z,0,20.54,50,OK
2026-02-15T10:58:35.969Z,0,20.20,50,OK
2026-02-15T10:58:36.020Z,0,20.34,50,OK
2026-02-15T10:58:36.071Z,0,20.79,50,OK
2026-02-15T10:58:36.120Z,0,20.34,50,OK
2026-02-15T10:58:36.171Z,0,20.10,50,OK
2026-02-15T10:58:36.222Z,0,20.39,50,OK
2026-02-15T10:58:36.272Z,0,20.16,50,OK
2026-02-15T10:58:36.323Z,0,20.52,50,OK
2026-02-15T10:58:36.374Z,0,20.12,50,OK
2026-02-15T10:58:36.425Z,0,20.37,50,OK
2026-02-15T10:58:36.476Z,0,20.60,50,OK
2026-02-15T10:58:36.526Z,0,20.19,50,OK
2026-02-15T10:58:36.577Z,0,20.09,50,OK
2026-02-15T10:58:36.628Z,0,20.42,50,OK
2026-02-15T10:58:36.678Z,0,20.09,50,OK
2026-02-15T10:58:36.728Z,0,20.42,50,OK
2026-02-15T10:58:36.778Z,0,20.26,50,OK
2026-02-15T10:58:36.828Z,0,20.39,50,OK
2026-02-15T10:58:36.879Z,0,19.90,50,OK
2026-02-15T10:58:36.930Z,0,20.67,50,OK
2026-02-15T10:58:36.980Z,0,20.90,50,OK
2026-02-15T10:58:37.030Z,0,20.50,50,OK
2026-02-15T10:58:37.081Z,0,21.05,50,OK
2026-02-15T10:58:37.131Z,0,20.38,50,OK
2026-02-15T10:58:37.181Z,0,20.87,50,OK
2026-02-15T10:58:37.231Z,0,20.44,50,OK
2026-02-15T10:58:37.281Z,0,20.47,50,OK
2026-02-15T10:58:37.331Z,0,20.30,50,OK
2026-02-15T10:58:37.382Z,0,20.34,50,OK
2026-02-15T10:58:37.433Z,0,20.45,50,OK
2026-02-15T10:58:37.483Z,0,20.37,50,OK
2026-02-15T10:58:37.533Z,0,20.35,50,OK
2026-02-15T10:58:37.583Z,0,20.26,50,OK
2026-02-15T10:58:37.634Z,0,20.50,50,OK
2026-02-15T10:58:37.685Z,0,20.23,50,OK
2026-02-15T10:58:37.736Z,0,20.32,50,OK
2026-02-15T10:58:37.786Z,0,20.19,50,OK
2026-02-15T10:58:37.836Z,0,20.13,50,OK
