Timestamp,ActiveRequests,Lag_ms,VirtualLimit,Status,Kp_Used
2026-02-15T12:02:25.716Z,0,26.51,19,OK,0.1
2026-02-15T12:02:25.766Z,0,23.43,20,OK,0.1
2026-02-15T12:02:25.816Z,0,22.36,21,OK,0.1
2026-02-15T12:02:25.867Z,0,21.87,22,OK,0.1
2026-02-15T12:02:25.918Z,0,21.55,23,OK,0.1
2026-02-15T12:02:25.968Z,0,20.24,24,OK,0.1
2026-02-15T12:02:26.018Z,0,20.21,25,OK,0.1
2026-02-15T12:02:26.068Z,0,20.13,26,OK,0.1
2026-02-15T12:02:26.117Z,0,20.11,27,OK,0.1
2026-02-15T12:02:26.169Z,0,20.12,28,OK,0.1
2026-02-15T12:02:26.219Z,0,20.20,29,OK,0.1
2026-02-15T12:02:26.269Z,0,20.22,30,OK,0.1
2026-02-15T12:02:26.320Z,0,20.29,31,OK,0.1
2026-02-15T12:02:26.370Z,0,20.27,32,OK,0.1
2026-02-15T12:02:26.420Z,0,20.26,33,OK,0.1
2026-02-15T12:02:26.470Z,0,20.23,34,OK,0.1
2026-02-15T12:02:26.520Z,0,20.23,35,OK,0.1
2026-02-15T12:02:26.571Z,0,20.27,36,OK,0.1
2026-02-15T12:02:26.622Z,0,20.28,37,OK,0.1
2026-02-15T12:02:26.672Z,0,20.29,38,OK,0.1
2026-02-15T12:02:26.722Z,0,20.37,39,OK,0.1
2026-02-15T12:02:26.773Z,0,20.41,40,OK,0.1
2026-02-15T12:02:26.823Z,0,20.40,41,OK,0.1
2026-02-15T12:02:26.873Z,0,20.42,42,OK,0.1
2026-02-15T12:02:26.924Z,0,20.43,43,OK,0.1
2026-02-15T12:02:26.975Z,0,20.41,44,OK,0.1
2026-02-15T12:02:27.025Z,0,20.42,45,OK,0.1
2026-02-15T12:02:27.075Z,0,20.47,46,OK,0.1
2026-02-15T12:02:27.126Z,0,20.46,47,OK,0.1
2026-02-15T12:02:27.178Z,0,20.45,48,OK,0.1
2026-02-15T12:02:27.228Z,0,20.44,49,OK,0.1
2026-02-15T12:02:27.278Z,0,20.36,50,OK,0.1
2026-02-15T12:02:27.328Z,0,20.34,50,OK,0.1
2026-02-15T12:02:27.378Z,0,20.26,50,OK,0.1
2026-02-15T12:02:27.429Z,0,20.27,50,OK,0.1
2026-02-15T12:02:27.479Z,0,20.24,50,OK,0.1
2026-02-15T12:02:27.530Z,0,20.24,50,OK,0.1
2026-02-15T12:02:27.581Z,0,20.18,50,OK,0.1
2026-02-15T12:02:27.631Z,0,20.32,50,OK,0.1
2026-02-15T12:02:27.682Z,0,20.31,50,OK,0.1
2026-02-15T12:02:27.732Z,0,20.37,50,OK,0.1
2026-02-15T12:02:27.783Z,0,20.37,50,OK,0.1
2026-02-15T12:02:27.833Z,0,20.42,50,OK,0.1
2026-02-15T12:02:27.884Z,0,20.34,50,OK,0.1
2026-02-15T12:02:27.934Z,0,20.35,50,OK,0.1
2026-02-15T12:02:27.985Z,0,20.34,50,OK,0.1
2026-02-15T12:02:28.035Z,0,20.36,50,OK,0.1
2026-02-15T12:02:28.085Z,0,20.33,50,OK,0.1
2026-02-15T12:02:28.136Z,0,20.39,50,OK,0.1
2026-02-15T12:02:28.187Z,0,20.39,50,OK,0.1
2026-02-15T12:02:28.237Z,0,20.35,50,OK,0.1
2026-02-15T12:02:28.288Z,0,20.33,50,OK,0.1
2026-02-15T12:02:28.338Z,0,20.35,50,OK,0.1
2026-02-15T12:02:28.388Z,0,20.28,50,OK,0.1
2026-02-15T12:02:28.438Z,0,20.27,50,OK,0.1
2026-02-15T12:02:28.488Z,0,20.32,50,OK,0.1
2026-02-15T12:02:28.540Z,0,20.31,50,OK,0.1
2026-02-15T12:02:28.590Z,0,20.20,50,OK,0.1
2026-02-15T12:02:28.640Z,0,20.25,50,OK,0.1
2026-02-15T12:02:28.691Z,0,20.40,50,OK,0.1
2026-02-15T12:02:28.742Z,0,20.39,50,OK,0.1
2026-02-15T12:02:28.792Z,0,20.46,50,OK,0.1
2026-02-15T12:02:28.842Z,0,20.58,50,OK,0.1
2026-02-15T12:02:28.892Z,0,20.62,50,OK,0.1
2026-02-15T12:02:28.943Z,0,20.47,50,OK,0.1
2026-02-15T12:02:28.993Z,0,20.54,50,OK,0.1
2026-02-15T12:02:29.044Z,0,20.49,50,OK,0.1
2026-02-15T12:02:29.094Z,0,20.56,50,OK,0.1
2026-02-15T12:02:29.144Z,0,20.51,50,OK,0.1
2026-02-15T12:02:29.194Z,0,20.53,50,OK,0.1
2026-02-15T12:02:29.244Z,0,20.46,50,OK,0.1
2026-02-15T12:02:29.294Z,0,20.48,50,OK,0.1
2026-02-15T12:02:29.345Z,0,20.47,50,OK,0.1
2026-02-15T12:02:29.395Z,0,20.44,50,OK,0.1
2026-02-15T12:02:29.446Z,0,20.41,50,OK,0.1
2026-02-15T12:02:29.496Z,0,20.37,50,OK,0.1
2026-02-15T12:02:29.547Z,0,20.32,50,OK,0.1
2026-02-15T12:02:29.598Z,0,20.24,50,OK,0.1
2026-02-15T12:02:29.648Z,0,20.23,50,OK,0.1
2026-02-15T12:02:29.698Z,0,20.24,50,OK,0.1
2026-02-15T12:02:29.749Z,0,20.14,50,OK,0.1
2026-02-15T12:02:29.799Z,0,20.19,50,OK,0.1
2026-02-15T12:02:29.850Z,0,20.23,50,OK,0.1
2026-02-15T12:02:29.900Z,0,20.09,50,OK,0.1
2026-02-15T12:02:29.951Z,0,20.12,50,OK,0.1
2026-02-15T12:02:30.001Z,0,20.32,50,OK,0.1
2026-02-15T12:02:30.051Z,0,20.30,50,OK,0.1
2026-02-15T12:02:30.102Z,0,20.42,50,OK,0.1
2026-02-15T12:02:30.152Z,0,20.57,50,OK,0.1
2026-02-15T12:02:30.203Z,0,20.73,50,OK,0.1
2026-02-15T12:02:30.259Z,1,24.59,50,OK,0.1
2026-02-15T12:02:30.310Z,0,24.65,50,OK,0.1
2026-02-15T12:02:30.360Z,0,24.49,50,OK,0.1
2026-02-15T12:02:30.410Z,0,24.51,50,OK,0.1
2026-02-15T12:02:30.461Z,0,24.32,50,OK,0.1
2026-02-15T12:02:30.511Z,0,20.31,50,OK,0.1
2026-02-15T12:02:30.562Z,0,20.29,50,OK,0.1
2026-02-15T12:02:30.612Z,0,20.28,50,OK,0.1
2026-02-15T12:02:30.663Z,0,20.29,50,OK,0.1
2026-02-15T12:02:30.713Z,0,20.36,50,OK,0.1
2026-02-15T12:02:30.764Z,0,20.44,50,OK,0.1
2026-02-15T12:02:30.814Z,0,20.50,50,OK,0.1
2026-02-15T12:02:30.865Z,0,20.51,50,OK,0.1
2026-02-15T12:02:30.915Z,0,20.49,50,OK,0.1
2026-02-15T12:02:30.965Z,0,20.39,50,OK,0.1
2026-02-15T12:02:31.015Z,0,20.44,50,OK,0.1
2026-02-15T12:02:31.066Z,0,20.35,50,OK,0.1
2026-02-15T12:02:31.115Z,0,20.35,50,OK,0.1
2026-02-15T12:02:31.167Z,0,20.36,50,OK,0.1
2026-02-15T12:02:31.217Z,0,20.32,50,OK,0.1
2026-02-15T12:02:31.268Z,0,20.27,50,OK,0.1
2026-02-15T12:02:31.428Z,0,38.19,48,OK,0.1
2026-02-15T12:02:31.479Z,0,38.22,46,OK,0.1
2026-02-15T12:02:31.529Z,0,38.19,44,OK,0.1
2026-02-15T12:02:31.580Z,0,38.28,42,OK,0.1
2026-02-15T12:02:31.630Z,0,38.29,40,OK,0.1
2026-02-15T12:02:31.680Z,0,20.40,41,OK,0.1
2026-02-15T12:02:31.730Z,0,20.44,42,OK,0.1
2026-02-15T12:02:31.781Z,0,20.45,43,OK,0.1
2026-02-15T12:02:31.831Z,0,20.55,44,OK,0.1
2026-02-15T12:02:31.881Z,0,20.51,45,OK,0.1
2026-02-15T12:02:31.931Z,0,20.45,46,OK,0.1
2026-02-15T12:02:31.982Z,0,20.41,47,OK,0.1
2026-02-15T12:02:32.034Z,0,20.28,48,OK,0.1
2026-02-15T12:02:32.084Z,0,20.15,49,OK,0.1
2026-02-15T12:02:32.135Z,0,20.11,50,OK,0.1
2026-02-15T12:02:32.185Z,0,20.11,50,OK,0.1
2026-02-15T12:02:32.236Z,0,20.06,50,OK,0.1
2026-02-15T12:02:32.286Z,0,19.98,50,OK,0.1
2026-02-15T12:02:32.336Z,0,19.97,50,OK,0.1
2026-02-15T12:02:32.386Z,0,20.05,50,OK,0.1
2026-02-15T12:02:32.435Z,1,20.05,50,OK,0.1
2026-02-15T12:02:32.487Z,1,20.11,50,OK,0.1
2026-02-15T12:02:32.537Z,1,20.39,50,OK,0.1
2026-02-15T12:02:32.589Z,1,20.40,50,OK,0.1
2026-02-15T12:02:32.639Z,2,20.38,50,OK,0.1
2026-02-15T12:02:32.689Z,2,20.38,50,OK,0.1
2026-02-15T12:02:32.739Z,2,20.41,50,OK,0.1
2026-02-15T12:02:32.790Z,2,20.35,50,OK,0.1
2026-02-15T12:02:32.840Z,2,20.31,50,OK,0.1
2026-02-15T12:02:32.891Z,2,20.35,50,OK,0.1
2026-02-15T12:02:32.943Z,2,20.38,50,OK,0.1
2026-02-15T12:02:32.993Z,2,20.31,50,OK,0.1
2026-02-15T12:02:33.044Z,2,20.29,50,OK,0.1
2026-02-15T12:02:33.094Z,2,20.38,50,OK,0.1
2026-02-15T12:02:33.145Z,2,20.42,50,OK,0.1
2026-02-15T12:02:33.195Z,2,20.39,50,OK,0.1
2026-02-15T12:02:33.245Z,2,20.44,50,OK,0.1
2026-02-15T12:02:33.295Z,2,20.47,50,OK,0.1
2026-02-15T12:02:33.345Z,2,20.46,50,OK,0.1
2026-02-15T12:02:33.395Z,2,20.47,50,OK,0.1
2026-02-15T12:02:33.446Z,2,20.46,50,OK,0.1
2026-02-15T12:02:33.496Z,2,20.38,50,OK,0.1
2026-02-15T12:02:33.546Z,2,20.37,50,OK,0.1
2026-02-15T12:02:33.597Z,2,20.39,50,OK,0.1
2026-02-15T12:02:33.648Z,2,20.37,50,OK,0.1
2026-02-15T12:02:33.698Z,2,20.41,50,OK,0.1
2026-02-15T12:02:33.747Z,2,20.52,50,OK,0.1
2026-02-15T12:02:33.798Z,2,20.55,50,OK,0.1
2026-02-15T12:02:33.848Z,3,20.52,50,OK,0.1
2026-02-15T12:02:33.899Z,3,20.37,50,OK,0.1
2026-02-15T12:02:33.949Z,3,20.32,50,OK,0.1
2026-02-15T12:02:33.998Z,3,20.24,50,OK,0.1
2026-02-15T12:02:34.048Z,4,20.24,50,OK,0.1
2026-02-15T12:02:34.099Z,4,20.08,50,OK,0.1
2026-02-15T12:02:34.150Z,4,20.16,50,OK,0.1
2026-02-15T12:02:34.199Z,4,20.18,50,OK,0.1
2026-02-15T12:02:34.250Z,4,20.20,50,OK,0.1
2026-02-15T12:02:34.301Z,4,20.18,50,OK,0.1
2026-02-15T12:02:34.352Z,4,20.14,50,OK,0.1
2026-02-15T12:02:34.401Z,4,20.60,50,OK,0.1
2026-02-15T12:02:34.452Z,3,20.62,50,OK,0.1
2026-02-15T12:02:34.503Z,3,20.60,50,OK,0.1
2026-02-15T12:02:34.553Z,3,20.64,50,OK,0.1
2026-02-15T12:02:34.605Z,2,20.81,50,OK,0.1
2026-02-15T12:02:34.655Z,2,20.32,50,OK,0.1
2026-02-15T12:02:34.705Z,2,20.35,50,OK,0.1
2026-02-15T12:02:34.755Z,2,20.43,50,OK,0.1
2026-02-15T12:02:34.805Z,2,20.38,50,OK,0.1
2026-02-15T12:02:34.855Z,2,20.27,50,OK,0.1
2026-02-15T12:02:34.905Z,2,20.37,50,OK,0.1
2026-02-15T12:02:34.955Z,2,20.27,50,OK,0.1
2026-02-15T12:02:35.008Z,2,20.24,50,OK,0.1
2026-02-15T12:02:35.059Z,2,20.24,50,OK,0.1
2026-02-15T12:02:35.110Z,2,20.38,50,OK,0.1
2026-02-15T12:02:35.160Z,2,20.42,50,OK,0.1
2026-02-15T12:02:35.210Z,2,20.45,50,OK,0.1
2026-02-15T12:02:35.260Z,2,20.38,50,OK,0.1
2026-02-15T12:02:35.311Z,2,20.39,50,OK,0.1
2026-02-15T12:02:35.362Z,2,20.29,50,OK,0.1
2026-02-15T12:02:35.412Z,2,20.19,50,OK,0.1
2026-02-15T12:02:35.463Z,3,20.25,50,OK,0.1
2026-02-15T12:02:35.513Z,3,20.31,50,OK,0.1
2026-02-15T12:02:35.563Z,3,20.29,50,OK,0.1
2026-02-15T12:02:35.614Z,3,20.39,50,OK,0.1
2026-02-15T12:02:35.664Z,3,20.46,50,OK,0.1
2026-02-15T12:02:35.714Z,3,20.42,50,OK,0.1
2026-02-15T12:02:35.765Z,3,20.43,50,OK,0.1
2026-02-15T12:02:35.816Z,3,20.43,50,OK,0.1
2026-02-15T12:02:35.866Z,2,20.40,50,OK,0.1
2026-02-15T12:02:35.916Z,2,20.39,50,OK,0.1
2026-02-15T12:02:35.966Z,2,20.28,50,OK,0.1
2026-02-15T12:02:36.017Z,2,20.43,50,OK,0.1
2026-02-15T12:02:36.067Z,1,20.41,50,OK,0.1
2026-02-15T12:02:36.117Z,1,20.38,50,OK,0.1
2026-02-15T12:02:36.167Z,1,20.40,50,OK,0.1
2026-02-15T12:02:36.217Z,1,20.78,50,OK,0.1
2026-02-15T12:02:36.267Z,1,20.55,50,OK,0.1
2026-02-15T12:02:36.317Z,1,20.56,50,OK,0.1
2026-02-15T12:02:36.367Z,1,20.64,50,OK,0.1
2026-02-15T12:02:36.418Z,1,20.57,50,OK,0.1
2026-02-15T12:02:36.468Z,1,20.36,50,OK,0.1
2026-02-15T12:02:36.518Z,1,20.31,50,OK,0.1
2026-02-15T12:02:36.568Z,1,20.41,50,OK,0.1
2026-02-15T12:02:36.622Z,1,20.36,50,OK,0.1
2026-02-15T12:02:36.672Z,1,20.31,50,OK,0.1
2026-02-15T12:02:36.722Z,1,20.22,50,OK,0.1
2026-02-15T12:02:36.772Z,1,20.28,50,OK,0.1
2026-02-15T12:02:36.942Z,1,46.44,47,OK,0.1
2026-02-15T12:02:36.992Z,1,46.40,44,OK,0.1
2026-02-15T12:02:37.043Z,1,46.87,41,OK,0.1
2026-02-15T12:02:37.093Z,1,46.88,38,OK,0.1
2026-02-15T12:02:37.144Z,1,46.96,35,OK,0.1
2026-02-15T12:02:37.194Z,1,20.77,36,OK,0.1
2026-02-15T12:02:37.246Z,2,20.89,37,OK,0.1
2026-02-15T12:02:37.296Z,1,20.53,38,OK,0.1
2026-02-15T12:02:37.346Z,1,20.55,39,OK,0.1
2026-02-15T12:02:37.396Z,1,20.53,40,OK,0.1
2026-02-15T12:02:37.447Z,2,20.58,41,OK,0.1
2026-02-15T12:02:37.500Z,1,20.50,42,OK,0.1
2026-02-15T12:02:37.550Z,1,20.45,43,OK,0.1
2026-02-15T12:02:37.601Z,1,20.36,44,OK,0.1
2026-02-15T12:02:37.651Z,1,20.94,45,OK,0.1
2026-02-15T12:02:37.702Z,1,20.82,46,OK,0.1
2026-02-15T12:02:37.754Z,1,20.82,47,OK,0.1
2026-02-15T12:02:37.804Z,1,20.88,48,OK,0.1
2026-02-15T12:02:37.855Z,1,20.96,49,OK,0.1
2026-02-15T12:02:37.906Z,1,20.39,50,OK,0.1
2026-02-15T12:02:37.956Z,3,20.39,50,OK,0.1
2026-02-15T12:02:38.006Z,2,20.42,50,OK,0.1
2026-02-15T12:02:38.057Z,2,20.54,50,OK,0.1
2026-02-15T12:02:38.107Z,2,20.55,50,OK,0.1
2026-02-15T12:02:38.157Z,2,20.59,50,OK,0.1
2026-02-15T12:02:38.207Z,2,20.58,50,OK,0.1
2026-02-15T12:02:38.359Z,2,31.17,49,OK,0.1
2026-02-15T12:02:38.410Z,2,30.96,48,OK,0.1
2026-02-15T12:02:38.459Z,2,30.93,47,OK,0.1
2026-02-15T12:02:38.510Z,2,30.90,46,OK,0.1
2026-02-15T12:02:38.560Z,2,30.90,45,OK,0.1
2026-02-15T12:02:38.610Z,2,20.20,46,OK,0.1
2026-02-15T12:02:38.661Z,2,20.11,47,OK,0.1
2026-02-15T12:02:38.711Z,2,20.08,48,OK,0.1
2026-02-15T12:02:38.761Z,2,20.07,49,OK,0.1
2026-02-15T12:02:38.812Z,2,20.07,50,OK,0.1
2026-02-15T12:02:38.861Z,2,20.19,50,OK,0.1
2026-02-15T12:02:38.912Z,2,20.37,50,OK,0.1
2026-02-15T12:02:38.962Z,2,20.43,50,OK,0.1
2026-02-15T12:02:39.013Z,3,20.60,50,OK,0.1
2026-02-15T12:02:39.063Z,3,20.78,50,OK,0.1
2026-02-15T12:02:39.113Z,3,20.72,50,OK,0.1
2026-02-15T12:02:39.164Z,3,20.67,50,OK,0.1
2026-02-15T12:02:39.214Z,3,20.64,50,OK,0.1
2026-02-15T12:02:39.264Z,3,20.42,50,OK,0.1
2026-02-15T12:02:39.314Z,3,20.27,50,OK,0.1
2026-02-15T12:02:39.365Z,4,20.29,50,OK,0.1
2026-02-15T12:02:39.415Z,3,20.31,50,OK,0.1
2026-02-15T12:02:39.466Z,3,20.33,50,OK,0.1
2026-02-15T12:02:39.516Z,2,20.38,50,OK,0.1
2026-02-15T12:02:39.566Z,2,20.37,50,OK,0.1
2026-02-15T12:02:39.616Z,2,20.36,50,OK,0.1
2026-02-15T12:02:39.666Z,2,20.48,50,OK,0.1
2026-02-15T12:02:39.717Z,2,20.50,50,OK,0.1
2026-02-15T12:02:39.767Z,2,20.54,50,OK,0.1
2026-02-15T12:02:39.818Z,2,20.45,50,OK,0.1
2026-02-15T12:02:39.869Z,2,20.55,50,OK,0.1
2026-02-15T12:02:39.920Z,2,20.43,50,OK,0.1
2026-02-15T12:02:39.970Z,1,20.65,50,OK,0.1
2026-02-15T12:02:40.019Z,3,20.62,50,OK,0.1
2026-02-15T12:02:40.071Z,2,20.69,50,OK,0.1
2026-02-15T12:02:40.121Z,2,20.60,50,OK,0.1
2026-02-15T12:02:40.171Z,2,20.55,50,OK,0.1
2026-02-15T12:02:40.222Z,2,20.33,50,OK,0.1
2026-02-15T12:02:40.273Z,2,20.35,50,OK,0.1
2026-02-15T12:02:40.323Z,2,20.38,50,OK,0.1
2026-02-15T12:02:40.372Z,2,20.41,50,OK,0.1
2026-02-15T12:02:40.423Z,3,20.42,50,OK,0.1
2026-02-15T12:02:40.474Z,4,20.53,50,OK,0.1
2026-02-15T12:02:40.524Z,4,20.62,50,OK,0.1
2026-02-15T12:02:40.575Z,4,20.58,50,OK,0.1
2026-02-15T12:02:40.742Z,4,20.59,50,OK,0.1
2026-02-15T12:02:40.791Z,4,20.63,50,OK,0.1
2026-02-15T12:02:40.842Z,4,20.50,50,OK,0.1
2026-02-15T12:02:40.892Z,4,20.38,50,OK,0.1
2026-02-15T12:02:40.942Z,4,20.38,50,OK,0.1
2026-02-15T12:02:40.993Z,3,20.38,50,OK,0.1
2026-02-15T12:02:41.044Z,3,20.34,50,OK,0.1
2026-02-15T12:02:41.093Z,3,20.67,50,OK,0.1
2026-02-15T12:02:41.144Z,3,20.65,50,OK,0.1
2026-02-15T12:02:41.195Z,3,20.70,50,OK,0.1
2026-02-15T12:02:41.367Z,3,33.75,49,OK,0.1
2026-02-15T12:02:41.418Z,4,33.75,48,OK,0.1
2026-02-15T12:02:41.469Z,5,33.84,47,OK,0.1
2026-02-15T12:02:41.519Z,5,33.85,46,OK,0.1
2026-02-15T12:02:41.571Z,5,33.92,45,OK,0.1
2026-02-15T12:02:41.621Z,6,20.83,46,OK,0.1
2026-02-15T12:02:41.673Z,6,20.80,47,OK,0.1
2026-02-15T12:02:41.723Z,6,20.47,48,OK,0.1
2026-02-15T12:02:41.774Z,6,20.57,49,OK,0.1
2026-02-15T12:02:41.825Z,6,20.68,50,OK,0.1
2026-02-15T12:02:41.876Z,6,20.71,50,OK,0.1
2026-02-15T12:02:41.926Z,6,20.75,50,OK,0.1
2026-02-15T12:02:41.976Z,6,20.66,50,OK,0.1
2026-02-15T12:02:42.027Z,7,20.56,50,OK,0.1
2026-02-15T12:02:42.082Z,9,20.36,50,OK,0.1
2026-02-15T12:02:42.222Z,9,34.48,49,OK,0.1
2026-02-15T12:02:42.272Z,8,34.48,48,OK,0.1
2026-02-15T12:02:42.323Z,8,34.52,47,OK,0.1
2026-02-15T12:02:42.375Z,9,34.50,46,OK,0.1
2026-02-15T12:02:42.426Z,7,34.47,45,OK,0.1
2026-02-15T12:02:42.477Z,7,20.30,46,OK,0.1
2026-02-15T12:02:42.527Z,7,20.25,47,OK,0.1
2026-02-15T12:02:42.577Z,7,20.22,48,OK,0.1
2026-02-15T12:02:42.627Z,7,20.25,49,OK,0.1
2026-02-15T12:02:42.677Z,7,20.27,50,OK,0.1
2026-02-15T12:02:42.728Z,7,20.32,50,OK,0.1
2026-02-15T12:02:42.893Z,7,32.46,49,OK,0.1
2026-02-15T12:02:42.944Z,8,32.47,48,OK,0.1
2026-02-15T12:02:42.994Z,8,32.44,47,OK,0.1
2026-02-15T12:02:43.044Z,8,32.47,46,OK,0.1
2026-02-15T12:02:43.093Z,8,32.47,45,OK,0.1
2026-02-15T12:02:43.144Z,8,20.39,46,OK,0.1
2026-02-15T12:02:43.194Z,8,20.38,47,OK,0.1
2026-02-15T12:02:43.245Z,8,20.44,48,OK,0.1
2026-02-15T12:02:43.295Z,8,20.40,49,OK,0.1
2026-02-15T12:02:43.345Z,8,20.37,50,OK,0.1
2026-02-15T12:02:43.395Z,7,20.44,50,OK,0.1
2026-02-15T12:02:43.446Z,6,20.66,50,OK,0.1
2026-02-15T12:02:43.496Z,6,20.61,50,OK,0.1
2026-02-15T12:02:43.549Z,7,20.60,50,OK,0.1
2026-02-15T12:02:43.599Z,6,20.54,50,OK,0.1
2026-02-15T12:02:43.649Z,5,20.44,50,OK,0.1
2026-02-15T12:02:43.699Z,5,20.20,50,OK,0.1
2026-02-15T12:02:43.749Z,5,20.20,50,OK,0.1
2026-02-15T12:02:43.799Z,5,20.15,50,OK,0.1
2026-02-15T12:02:43.850Z,5,20.20,50,OK,0.1
2026-02-15T12:02:43.900Z,6,20.23,50,OK,0.1
2026-02-15T12:02:43.951Z,5,20.23,50,OK,0.1
2026-02-15T12:02:44.145Z,4,20.31,50,OK,0.1
2026-02-15T12:02:44.196Z,2,20.30,50,OK,0.1
2026-02-15T12:02:44.248Z,3,20.32,50,OK,0.1
2026-02-15T12:02:44.299Z,3,20.37,50,OK,0.1
2026-02-15T12:02:44.349Z,3,20.40,50,OK,0.1
2026-02-15T12:02:44.579Z,3,38.94,48,OK,0.1
2026-02-15T12:02:44.629Z,4,39.05,46,OK,0.1
2026-02-15T12:02:44.679Z,4,39.05,44,OK,0.1
2026-02-15T12:02:44.729Z,4,39.02,42,OK,0.1
2026-02-15T12:02:44.967Z,4,39.01,40,OK,0.1
2026-02-15T12:02:45.018Z,4,20.28,41,OK,0.1
2026-02-15T12:02:45.068Z,4,20.22,42,OK,0.1
2026-02-15T12:02:45.119Z,4,20.17,43,OK,0.1
2026-02-15T12:02:45.170Z,4,20.12,44,OK,0.1
2026-02-15T12:02:45.221Z,4,20.16,45,OK,0.1
2026-02-15T12:02:45.273Z,5,20.59,46,OK,0.1
2026-02-15T12:02:45.323Z,4,20.60,47,OK,0.1
2026-02-15T12:02:45.373Z,4,20.70,48,OK,0.1
2026-02-15T12:02:45.424Z,4,20.76,49,OK,0.1
2026-02-15T12:02:45.474Z,4,20.72,50,OK,0.1
2026-02-15T12:02:45.524Z,4,20.40,50,OK,0.1
2026-02-15T12:02:45.574Z,4,20.39,50,OK,0.1
2026-02-15T12:02:45.624Z,6,20.23,50,OK,0.1
2026-02-15T12:02:45.675Z,6,20.19,50,OK,0.1
2026-02-15T12:02:45.725Z,6,20.18,50,OK,0.1
2026-02-15T12:02:45.776Z,6,20.23,50,OK,0.1
2026-02-15T12:02:45.826Z,6,20.25,50,OK,0.1
2026-02-15T12:02:45.876Z,6,20.38,50,OK,0.1
2026-02-15T12:02:45.926Z,6,20.37,50,OK,0.1
2026-02-15T12:02:45.979Z,7,20.36,50,OK,0.1
2026-02-15T12:02:46.029Z,6,20.26,50,OK,0.1
2026-02-15T12:02:46.079Z,6,20.25,50,OK,0.1
2026-02-15T12:02:46.129Z,6,20.24,50,OK,0.1
2026-02-15T12:02:46.179Z,6,20.75,50,OK,0.1
2026-02-15T12:02:46.229Z,6,20.70,50,OK,0.1
2026-02-15T12:02:46.278Z,6,20.73,50,OK,0.1
2026-02-15T12:02:46.329Z,5,20.75,50,OK,0.1
2026-02-15T12:02:46.379Z,5,20.69,50,OK,0.1
2026-02-15T12:02:46.429Z,5,20.13,50,OK,0.1
2026-02-15T12:02:46.480Z,5,20.17,50,OK,0.1
2026-02-15T12:02:46.530Z,5,20.19,50,OK,0.1
2026-02-15T12:02:46.580Z,5,20.20,50,OK,0.1
2026-02-15T12:02:46.630Z,3,20.42,50,OK,0.1
2026-02-15T12:02:46.680Z,3,20.49,50,OK,0.1
2026-02-15T12:02:46.731Z,3,20.53,50,OK,0.1
2026-02-15T12:02:46.781Z,3,20.52,50,OK,0.1
2026-02-15T12:02:46.832Z,3,20.42,50,OK,0.1
2026-02-15T12:02:46.883Z,3,20.25,50,OK,0.1
2026-02-15T12:02:46.933Z,3,20.20,50,OK,0.1
2026-02-15T12:02:46.982Z,2,20.19,50,OK,0.1
2026-02-15T12:02:47.034Z,3,20.22,50,OK,0.1
2026-02-15T12:02:47.084Z,3,20.29,50,OK,0.1
2026-02-15T12:02:47.134Z,3,20.29,50,OK,0.1
2026-02-15T12:02:47.185Z,3,20.36,50,OK,0.1
2026-02-15T12:02:47.236Z,3,20.77,50,OK,0.1
2026-02-15T12:02:47.286Z,4,20.79,50,OK,0.1
2026-02-15T12:02:47.336Z,3,20.77,50,OK,0.1
2026-02-15T12:02:47.386Z,3,20.81,50,OK,0.1
2026-02-15T12:02:47.437Z,4,20.80,50,OK,0.1
2026-02-15T12:02:47.487Z,4,20.42,50,OK,0.1
2026-02-15T12:02:47.538Z,4,20.42,50,OK,0.1
2026-02-15T12:02:47.588Z,4,20.47,50,OK,0.1
2026-02-15T12:02:47.639Z,4,20.41,50,OK,0.1
2026-02-15T12:02:47.690Z,4,20.36,50,OK,0.1
2026-02-15T12:02:47.740Z,4,20.30,50,OK,0.1
2026-02-15T12:02:47.790Z,4,20.21,50,OK,0.1
2026-02-15T12:02:47.840Z,4,20.09,50,OK,0.1
2026-02-15T12:02:47.890Z,4,20.03,50,OK,0.1
2026-02-15T12:02:47.939Z,4,20.02,50,OK,0.1
2026-02-15T12:02:48.162Z,4,20.03,50,OK,0.1
2026-02-15T12:02:48.398Z,10,63.33,46,OK,0.1
2026-02-15T12:02:48.674Z,12,104.58,38,OK,0.1
2026-02-15T12:02:48.725Z,6,104.63,30,OK,0.1
2026-02-15T12:02:48.775Z,6,104.63,22,OK,0.1
2026-02-15T12:02:48.825Z,7,104.62,14,OK,0.1
2026-02-15T12:02:48.876Z,6,61.36,10,OK,0.1
2026-02-15T12:02:48.927Z,6,20.22,11,OK,0.1
2026-02-15T12:02:48.977Z,6,20.30,12,OK,0.1
2026-02-15T12:02:49.027Z,5,20.19,13,OK,0.1
2026-02-15T12:02:49.078Z,5,20.18,14,OK,0.1
2026-02-15T12:02:49.128Z,5,20.19,15,OK,0.1
2026-02-15T12:02:49.178Z,5,20.18,16,OK,0.1
2026-02-15T12:02:49.229Z,5,20.13,17,OK,0.1
2026-02-15T12:02:49.279Z,5,20.22,18,OK,0.1
2026-02-15T12:02:49.329Z,5,20.23,19,OK,0.1
2026-02-15T12:02:49.380Z,5,20.29,20,OK,0.1
2026-02-15T12:02:49.534Z,5,37.05,18,OK,0.1
2026-02-15T12:02:49.585Z,5,37.04,16,OK,0.1
2026-02-15T12:02:49.635Z,3,37.07,14,OK,0.1
2026-02-15T12:02:49.688Z,7,37.05,12,OK,0.1
2026-02-15T12:02:49.809Z,5,55.66,8,OK,0.1
2026-02-15T12:02:49.859Z,5,38.85,6,OK,0.1
2026-02-15T12:02:49.910Z,5,38.85,5,SATURATED,0.1
2026-02-15T12:02:49.960Z,5,38.78,5,SATURATED,0.1
2026-02-15T12:02:50.012Z,5,38.89,5,SATURATED,0.1
2026-02-15T12:02:50.062Z,5,20.26,6,OK,0.1
2026-02-15T12:02:50.112Z,5,20.32,7,OK,0.1
2026-02-15T12:02:50.162Z,5,20.33,8,OK,0.1
2026-02-15T12:02:50.213Z,6,20.40,9,OK,0.1
2026-02-15T12:02:50.263Z,6,20.31,10,OK,0.1
2026-02-15T12:02:50.314Z,6,20.29,11,OK,0.1
2026-02-15T12:02:50.364Z,6,20.30,12,OK,0.1
2026-02-15T12:02:50.414Z,6,20.27,13,OK,0.1
2026-02-15T12:02:50.465Z,6,20.26,14,OK,0.1
2026-02-15T12:02:50.514Z,6,20.27,15,OK,0.1
2026-02-15T12:02:50.565Z,6,20.26,16,OK,0.1
2026-02-15T12:02:50.616Z,6,22.39,17,OK,0.1
2026-02-15T12:02:50.749Z,6,35.15,15,OK,0.1
2026-02-15T12:02:50.799Z,5,35.17,13,OK,0.1
2026-02-15T12:02:50.945Z,5,58.20,9,OK,0.1
2026-02-15T12:02:50.995Z,5,58.21,5,SATURATED,0.1
2026-02-15T12:02:51.045Z,5,56.01,5,SATURATED,0.1
2026-02-15T12:02:51.095Z,5,43.32,5,SATURATED,0.1
2026-02-15T12:02:51.145Z,5,43.37,5,SATURATED,0.1
2026-02-15T12:02:51.195Z,5,20.37,6,OK,0.1
2026-02-15T12:02:51.246Z,5,20.37,7,OK,0.1
2026-02-15T12:02:51.296Z,5,20.49,8,OK,0.1
2026-02-15T12:02:51.347Z,5,20.43,9,OK,0.1
2026-02-15T12:02:51.397Z,5,20.39,10,OK,0.1
2026-02-15T12:02:51.447Z,5,20.34,11,OK,0.1
2026-02-15T12:02:51.498Z,5,20.31,12,OK,0.1
2026-02-15T12:02:51.548Z,4,20.24,13,OK,0.1
2026-02-15T12:02:51.599Z,4,20.29,14,OK,0.1
2026-02-15T12:02:51.650Z,4,20.35,15,OK,0.1
2026-02-15T12:02:51.701Z,3,20.28,16,OK,0.1
2026-02-15T12:02:51.751Z,3,20.31,17,OK,0.1
2026-02-15T12:02:51.801Z,6,20.56,18,OK,0.1
2026-02-15T12:02:51.852Z,4,20.54,19,OK,0.1
2026-02-15T12:02:51.902Z,4,20.51,20,OK,0.1
2026-02-15T12:02:51.954Z,5,20.59,21,OK,0.1
2026-02-15T12:02:52.090Z,7,42.27,19,OK,0.1
2026-02-15T12:02:52.316Z,13,73.18,14,OK,0.1
2026-02-15T12:02:52.367Z,3,73.16,9,OK,0.1
2026-02-15T12:02:52.417Z,4,73.11,5,OK,0.1
2026-02-15T12:02:52.468Z,4,73.14,5,OK,0.1
2026-02-15T12:02:52.519Z,4,51.49,5,OK,0.1
2026-02-15T12:02:52.683Z,4,32.65,5,OK,0.1
2026-02-15T12:02:52.733Z,4,32.66,5,OK,0.1
2026-02-15T12:02:52.995Z,3,32.73,5,OK,0.1
2026-02-15T12:02:53.046Z,3,32.65,5,OK,0.1
2026-02-15T12:02:53.093Z,3,32.61,5,OK,0.1
2026-02-15T12:02:53.145Z,3,20.31,6,OK,0.1
2026-02-15T12:02:53.194Z,3,20.31,7,OK,0.1
2026-02-15T12:02:53.245Z,3,20.24,8,OK,0.1
2026-02-15T12:02:53.295Z,3,20.34,9,OK,0.1
2026-02-15T12:02:53.482Z,9,34.89,8,SATURATED,0.1
2026-02-15T12:02:53.534Z,3,34.91,7,OK,0.1
2026-02-15T12:02:53.584Z,3,34.97,6,OK,0.1
2026-02-15T12:02:53.635Z,3,34.98,5,OK,0.1
2026-02-15T12:02:53.686Z,4,34.96,5,OK,0.1
2026-02-15T12:02:53.903Z,3,59.71,5,OK,0.1
2026-02-15T12:02:53.954Z,1,59.70,5,OK,0.1
2026-02-15T12:02:54.191Z,3,59.61,5,OK,0.1
2026-02-15T12:02:54.380Z,3,93.25,5,OK,0.1
2026-02-15T12:02:54.431Z,2,93.30,5,OK,0.1
2026-02-15T12:02:54.481Z,2,54.01,5,OK,0.1
2026-02-15T12:02:54.628Z,4,79.16,5,OK,0.1
2026-02-15T12:02:54.789Z,5,97.12,5,SATURATED,0.1
2026-02-15T12:02:54.838Z,4,63.49,5,OK,0.1
2026-02-15T12:02:54.890Z,4,63.40,5,OK,0.1
2026-02-15T12:02:54.940Z,4,63.47,5,OK,0.1
2026-02-15T12:02:54.991Z,4,38.32,5,OK,0.1
2026-02-15T12:02:55.042Z,4,20.36,6,OK,0.1
2026-02-15T12:02:55.092Z,4,20.34,7,OK,0.1
2026-02-15T12:02:55.143Z,4,20.41,8,OK,0.1
2026-02-15T12:02:55.193Z,4,20.34,9,OK,0.1
2026-02-15T12:02:55.244Z,5,20.88,10,OK,0.1
2026-02-15T12:02:55.295Z,5,20.92,11,OK,0.1
2026-02-15T12:02:55.345Z,5,20.96,12,OK,0.1
2026-02-15T12:02:55.514Z,5,20.94,13,OK,0.1
2026-02-15T12:02:55.621Z,9,38.22,11,OK,0.1
2026-02-15T12:02:55.671Z,5,37.69,9,OK,0.1
2026-02-15T12:02:55.722Z,5,37.69,7,OK,0.1
2026-02-15T12:02:55.771Z,5,37.59,5,SATURATED,0.1
2026-02-15T12:02:55.822Z,5,37.43,5,SATURATED,0.1
2026-02-15T12:02:55.873Z,5,20.19,6,OK,0.1
2026-02-15T12:02:55.922Z,5,20.16,7,OK,0.1
2026-02-15T12:02:55.973Z,5,20.05,8,OK,0.1
2026-02-15T12:02:56.023Z,4,20.15,9,OK,0.1
2026-02-15T12:02:56.074Z,4,20.28,10,OK,0.1
2026-02-15T12:02:56.124Z,4,20.25,11,OK,0.1
2026-02-15T12:02:56.175Z,4,20.38,12,OK,0.1
2026-02-15T12:02:56.226Z,4,20.48,13,OK,0.1
2026-02-15T12:02:56.276Z,3,20.48,14,OK,0.1
2026-02-15T12:02:56.326Z,3,20.52,15,OK,0.1
2026-02-15T12:02:56.377Z,3,20.51,16,OK,0.1
2026-02-15T12:02:56.427Z,3,20.41,17,OK,0.1
2026-02-15T12:02:56.477Z,3,20.40,18,OK,0.1
2026-02-15T12:02:56.527Z,3,20.43,19,OK,0.1
2026-02-15T12:02:56.577Z,3,20.28,20,OK,0.1
2026-02-15T12:02:56.628Z,5,20.29,21,OK,0.1
2026-02-15T12:02:56.678Z,6,20.30,22,OK,0.1
2026-02-15T12:02:56.729Z,6,20.29,23,OK,0.1
2026-02-15T12:02:56.779Z,6,20.26,24,OK,0.1
2026-02-15T12:02:56.926Z,6,45.45,21,OK,0.1
2026-02-15T12:02:56.976Z,5,45.31,18,OK,0.1
2026-02-15T12:02:57.217Z,5,79.43,12,OK,0.1
2026-02-15T12:02:57.338Z,7,99.25,5,SATURATED,0.1
2026-02-15T12:02:57.389Z,4,99.24,5,OK,0.1
2026-02-15T12:02:57.439Z,4,74.15,5,OK,0.1
2026-02-15T12:02:57.490Z,4,74.29,5,OK,0.1
2026-02-15T12:02:57.540Z,4,40.17,5,OK,0.1
2026-02-15T12:02:57.591Z,4,20.35,6,OK,0.1
2026-02-15T12:02:57.645Z,4,20.35,7,OK,0.1
2026-02-15T12:02:57.696Z,4,20.35,8,OK,0.1
2026-02-15T12:02:57.746Z,4,20.32,9,OK,0.1
2026-02-15T12:02:57.798Z,5,20.38,10,OK,0.1
2026-02-15T12:02:57.848Z,5,20.40,11,OK,0.1
2026-02-15T12:02:57.897Z,5,20.39,12,OK,0.1
2026-02-15T12:02:57.951Z,11,20.61,13,OK,0.1
2026-02-15T12:02:58.094Z,12,43.00,11,SATURATED,0.1
2026-02-15T12:02:58.145Z,9,42.89,9,SATURATED,0.1
2026-02-15T12:02:58.195Z,9,42.90,7,SATURATED,0.1
2026-02-15T12:02:58.246Z,9,43.00,5,SATURATED,0.1
2026-02-15T12:02:58.295Z,9,42.85,5,SATURATED,0.1
2026-02-15T12:02:58.347Z,9,20.45,6,SATURATED,0.1
2026-02-15T12:02:58.397Z,9,20.39,7,SATURATED,0.1
2026-02-15T12:02:58.448Z,9,20.38,8,SATURATED,0.1
2026-02-15T12:02:58.497Z,9,20.28,9,SATURATED,0.1
2026-02-15T12:02:58.548Z,9,20.36,10,OK,0.1
2026-02-15T12:02:58.599Z,9,20.40,11,OK,0.1
2026-02-15T12:02:58.652Z,8,20.50,12,OK,0.1
2026-02-15T12:02:58.703Z,7,20.55,13,OK,0.1
2026-02-15T12:02:58.753Z,7,20.52,14,OK,0.1
2026-02-15T12:02:58.804Z,7,20.38,15,OK,0.1
2026-02-15T12:02:58.854Z,7,20.34,16,OK,0.1
2026-02-15T12:02:58.905Z,7,20.31,17,OK,0.1
2026-02-15T12:02:58.955Z,6,20.33,18,OK,0.1
2026-02-15T12:02:59.085Z,7,32.29,17,OK,0.1
2026-02-15T12:02:59.136Z,8,32.25,16,OK,0.1
2026-02-15T12:02:59.186Z,8,32.27,15,OK,0.1
2026-02-15T12:02:59.237Z,8,32.28,14,OK,0.1
2026-02-15T12:02:59.287Z,8,32.27,13,OK,0.1
2026-02-15T12:02:59.337Z,8,20.37,14,OK,0.1
2026-02-15T12:02:59.499Z,10,48.75,11,OK,0.1
2026-02-15T12:02:59.550Z,9,48.72,8,SATURATED,0.1
2026-02-15T12:02:59.600Z,9,48.73,5,SATURATED,0.1
2026-02-15T12:02:59.651Z,9,48.77,5,SATURATED,0.1
2026-02-15T12:02:59.701Z,9,48.62,5,SATURATED,0.1
2026-02-15T12:02:59.750Z,9,20.32,6,SATURATED,0.1
2026-02-15T12:02:59.801Z,9,20.32,7,SATURATED,0.1
2026-02-15T12:02:59.850Z,8,20.28,8,SATURATED,0.1
2026-02-15T12:02:59.901Z,8,20.17,9,OK,0.1
2026-02-15T12:02:59.951Z,6,20.45,10,OK,0.1
2026-02-15T12:03:00.002Z,5,20.42,11,OK,0.1
2026-02-15T12:03:00.053Z,5,20.44,12,OK,0.1
2026-02-15T12:03:00.103Z,5,20.54,13,OK,0.1
2026-02-15T12:03:00.307Z,11,55.33,9,SATURATED,0.1
2026-02-15T12:03:00.411Z,8,61.91,5,SATURATED,0.1
2026-02-15T12:03:00.462Z,8,61.91,5,SATURATED,0.1
2026-02-15T12:03:00.511Z,8,61.91,5,SATURATED,0.1
2026-02-15T12:03:00.562Z,8,61.92,5,SATURATED,0.1
2026-02-15T12:03:00.612Z,8,27.16,5,SATURATED,0.1
2026-02-15T12:03:00.662Z,8,20.65,6,SATURATED,0.1
2026-02-15T12:03:00.714Z,7,20.67,7,SATURATED,0.1
2026-02-15T12:03:00.764Z,7,20.68,8,OK,0.1
2026-02-15T12:03:00.814Z,7,20.56,9,OK,0.1
2026-02-15T12:03:00.864Z,7,20.55,10,OK,0.1
2026-02-15T12:03:00.914Z,7,20.42,11,OK,0.1
2026-02-15T12:03:00.964Z,9,20.43,12,OK,0.1
2026-02-15T12:03:01.015Z,8,20.33,13,OK,0.1
2026-02-15T12:03:01.066Z,8,20.37,14,OK,0.1
2026-02-15T12:03:01.120Z,8,20.37,15,OK,0.1
2026-02-15T12:03:01.171Z,6,20.20,16,OK,0.1
2026-02-15T12:03:01.222Z,6,20.19,17,OK,0.1
2026-02-15T12:03:01.272Z,6,20.31,18,OK,0.1
2026-02-15T12:03:01.328Z,6,20.59,19,OK,0.1
2026-02-15T12:03:01.378Z,6,20.60,20,OK,0.1
2026-02-15T12:03:01.555Z,6,34.21,19,OK,0.1
2026-02-15T12:03:01.704Z,16,49.93,16,SATURATED,0.1
2026-02-15T12:03:01.755Z,7,46.02,13,OK,0.1
2026-02-15T12:03:01.806Z,7,45.73,10,OK,0.1
2026-02-15T12:03:01.857Z,7,45.66,7,SATURATED,0.1
2026-02-15T12:03:01.908Z,7,32.13,6,SATURATED,0.1
2026-02-15T12:03:01.959Z,6,16.52,7,OK,0.1
2026-02-15T12:03:02.008Z,6,20.39,8,OK,0.1
2026-02-15T12:03:02.059Z,6,20.43,9,OK,0.1
2026-02-15T12:03:02.109Z,6,20.54,10,OK,0.1
2026-02-15T12:03:02.266Z,6,47.44,7,OK,0.1
2026-02-15T12:03:02.316Z,3,47.33,5,OK,0.1
2026-02-15T12:03:02.366Z,4,47.19,5,OK,0.1
2026-02-15T12:03:02.416Z,4,47.12,5,OK,0.1
2026-02-15T12:03:02.466Z,4,47.06,5,OK,0.1
2026-02-15T12:03:02.516Z,4,20.15,6,OK,0.1
2026-02-15T12:03:02.567Z,4,20.14,7,OK,0.1
2026-02-15T12:03:02.617Z,4,20.29,8,OK,0.1
2026-02-15T12:03:02.668Z,4,20.32,9,OK,0.1
2026-02-15T12:03:02.717Z,6,20.82,10,OK,0.1
2026-02-15T12:03:02.768Z,6,21.47,11,OK,0.1
2026-02-15T12:03:02.818Z,6,21.50,12,OK,0.1
2026-02-15T12:03:02.972Z,6,46.23,9,OK,0.1
2026-02-15T12:03:03.022Z,5,46.12,6,OK,0.1
2026-02-15T12:03:03.072Z,5,45.61,5,SATURATED,0.1
2026-02-15T12:03:03.123Z,5,45.03,5,SATURATED,0.1
2026-02-15T12:03:03.173Z,5,44.99,5,SATURATED,0.1
2026-02-15T12:03:03.223Z,5,20.24,6,OK,0.1
2026-02-15T12:03:03.275Z,6,20.35,7,OK,0.1
2026-02-15T12:03:03.400Z,7,31.31,6,SATURATED,0.1
2026-02-15T12:03:03.450Z,5,31.21,5,SATURATED,0.1
2026-02-15T12:03:03.501Z,5,31.21,5,SATURATED,0.1
2026-02-15T12:03:03.550Z,5,31.14,5,SATURATED,0.1
2026-02-15T12:03:03.601Z,5,31.05,5,SATURATED,0.1
2026-02-15T12:03:03.651Z,5,20.04,6,OK,0.1
2026-02-15T12:03:03.702Z,5,20.07,7,OK,0.1
2026-02-15T12:03:03.860Z,3,31.85,6,OK,0.1
2026-02-15T12:03:04.150Z,6,75.84,5,SATURATED,0.1
2026-02-15T12:03:04.201Z,3,75.93,5,OK,0.1
2026-02-15T12:03:04.252Z,3,76.04,5,OK,0.1
2026-02-15T12:03:04.303Z,3,76.05,5,OK,0.1
2026-02-15T12:03:04.353Z,2,64.30,5,OK,0.1
2026-02-15T12:03:04.561Z,2,20.38,6,OK,0.1
2026-02-15T12:03:04.683Z,6,40.73,5,SATURATED,0.1
2026-02-15T12:03:04.734Z,2,40.74,5,OK,0.1
2026-02-15T12:03:04.785Z,0,40.68,5,OK,0.1
2026-02-15T12:03:04.836Z,0,40.65,5,OK,0.1
2026-02-15T12:03:04.887Z,1,40.61,5,OK,0.1
2026-02-15T12:03:04.937Z,1,20.28,6,OK,0.1
2026-02-15T12:03:04.988Z,1,20.21,7,OK,0.1
2026-02-15T12:03:05.038Z,1,20.36,8,OK,0.1
2026-02-15T12:03:05.088Z,1,20.43,9,OK,0.1
2026-02-15T12:03:05.138Z,1,20.50,10,OK,0.1
2026-02-15T12:03:05.360Z,10,58.33,6,SATURATED,0.1
2026-02-15T12:03:05.410Z,2,58.31,5,OK,0.1
2026-02-15T12:03:05.460Z,2,58.29,5,OK,0.1
2026-02-15T12:03:05.511Z,2,58.26,5,OK,0.1
2026-02-15T12:03:05.561Z,2,58.27,5,OK,0.1
2026-02-15T12:03:05.612Z,2,20.40,6,OK,0.1
2026-02-15T12:03:05.662Z,2,20.44,7,OK,0.1
2026-02-15T12:03:05.842Z,5,52.11,5,SATURATED,0.1
2026-02-15T12:03:05.894Z,3,52.05,5,OK,0.1
2026-02-15T12:03:05.943Z,3,51.99,5,OK,0.1
2026-02-15T12:03:05.994Z,3,52.05,5,OK,0.1
2026-02-15T12:03:06.044Z,3,52.02,5,OK,0.1
2026-02-15T12:03:06.095Z,3,20.35,6,OK,0.1
2026-02-15T12:03:06.146Z,3,20.39,7,OK,0.1
2026-02-15T12:03:06.197Z,3,20.39,8,OK,0.1
2026-02-15T12:03:06.247Z,3,20.38,9,OK,0.1
2026-02-15T12:03:06.298Z,3,20.42,10,OK,0.1
2026-02-15T12:03:06.351Z,4,20.36,11,OK,0.1
2026-02-15T12:03:06.481Z,4,41.91,9,OK,0.1
2026-02-15T12:03:06.531Z,4,41.90,7,OK,0.1
2026-02-15T12:03:06.582Z,4,41.86,5,OK,0.1
2026-02-15T12:03:06.632Z,4,41.87,5,OK,0.1
2026-02-15T12:03:06.683Z,4,41.85,5,OK,0.1
2026-02-15T12:03:06.732Z,4,20.26,6,OK,0.1
2026-02-15T12:03:06.783Z,4,20.27,7,OK,0.1
2026-02-15T12:03:06.833Z,4,20.28,8,OK,0.1
2026-02-15T12:03:06.995Z,7,38.59,6,SATURATED,0.1
2026-02-15T12:03:07.046Z,5,38.60,5,SATURATED,0.1
2026-02-15T12:03:07.096Z,5,38.60,5,SATURATED,0.1
2026-02-15T12:03:07.146Z,5,38.61,5,SATURATED,0.1
2026-02-15T12:03:07.197Z,4,38.76,5,OK,0.1
2026-02-15T12:03:07.248Z,4,20.46,6,OK,0.1
2026-02-15T12:03:07.298Z,4,20.51,7,OK,0.1
2026-02-15T12:03:07.348Z,4,20.55,8,OK,0.1
2026-02-15T12:03:07.499Z,4,36.69,6,OK,0.1
2026-02-15T12:03:07.550Z,4,36.54,5,OK,0.1
2026-02-15T12:03:07.600Z,4,36.48,5,OK,0.1
2026-02-15T12:03:07.650Z,4,36.33,5,OK,0.1
2026-02-15T12:03:07.701Z,4,36.36,5,OK,0.1
2026-02-15T12:03:07.751Z,4,20.22,6,OK,0.1
2026-02-15T12:03:07.802Z,4,20.24,7,OK,0.1
2026-02-15T12:03:07.853Z,3,20.22,8,OK,0.1
2026-02-15T12:03:07.903Z,3,20.36,9,OK,0.1
2026-02-15T12:03:07.954Z,3,20.37,10,OK,0.1
2026-02-15T12:03:08.007Z,5,20.39,11,OK,0.1
2026-02-15T12:03:08.180Z,11,50.98,8,SATURATED,0.1
2026-02-15T12:03:08.231Z,5,51.08,5,SATURATED,0.1
2026-02-15T12:03:08.282Z,5,51.04,5,SATURATED,0.1
2026-02-15T12:03:08.333Z,5,50.95,5,SATURATED,0.1
2026-02-15T12:03:08.384Z,4,50.98,5,OK,0.1
2026-02-15T12:03:08.435Z,4,20.39,6,OK,0.1
2026-02-15T12:03:08.485Z,4,20.39,7,OK,0.1
2026-02-15T12:03:08.549Z,7,22.65,8,OK,0.1
2026-02-15T12:03:08.701Z,5,44.86,6,OK,0.1
2026-02-15T12:03:08.750Z,5,44.82,5,SATURATED,0.1
2026-02-15T12:03:08.801Z,5,44.84,5,SATURATED,0.1
2026-02-15T12:03:08.852Z,5,44.86,5,SATURATED,0.1
2026-02-15T12:03:08.902Z,5,42.57,5,SATURATED,0.1
2026-02-15T12:03:08.952Z,5,20.41,6,OK,0.1
2026-02-15T12:03:09.003Z,4,20.43,7,OK,0.1
2026-02-15T12:03:09.054Z,4,20.39,8,OK,0.1
2026-02-15T12:03:09.104Z,4,20.33,9,OK,0.1
2026-02-15T12:03:09.154Z,4,20.38,10,OK,0.1
2026-02-15T12:03:09.214Z,9,20.96,11,OK,0.1
2026-02-15T12:03:09.264Z,4,20.93,12,OK,0.1
2026-02-15T12:03:09.315Z,4,20.96,13,OK,0.1
2026-02-15T12:03:09.366Z,5,20.95,14,OK,0.1
2026-02-15T12:03:09.417Z,4,20.94,15,OK,0.1
2026-02-15T12:03:09.468Z,4,20.39,16,OK,0.1
2026-02-15T12:03:09.519Z,5,20.43,17,OK,0.1
2026-02-15T12:03:09.707Z,9,54.07,14,OK,0.1
2026-02-15T12:03:09.830Z,11,64.63,10,SATURATED,0.1
2026-02-15T12:03:09.879Z,6,64.57,6,SATURATED,0.1
2026-02-15T12:03:09.930Z,6,64.49,5,SATURATED,0.1
2026-02-15T12:03:09.980Z,6,64.48,5,SATURATED,0.1
2026-02-15T12:03:10.031Z,5,30.78,5,SATURATED,0.1
2026-02-15T12:03:10.082Z,5,20.26,6,OK,0.1
2026-02-15T12:03:10.132Z,5,20.31,7,OK,0.1
2026-02-15T12:03:10.181Z,4,20.34,8,OK,0.1
2026-02-15T12:03:10.410Z,6,59.66,5,SATURATED,0.1
2026-02-15T12:03:10.460Z,5,59.67,5,SATURATED,0.1
2026-02-15T12:03:10.510Z,5,59.64,5,SATURATED,0.1
2026-02-15T12:03:10.560Z,4,59.75,5,OK,0.1
2026-02-15T12:03:10.610Z,4,59.73,5,OK,0.1
2026-02-15T12:03:10.661Z,4,20.40,6,OK,0.1
2026-02-15T12:03:10.713Z,4,20.43,7,OK,0.1
2026-02-15T12:03:10.763Z,4,20.48,8,OK,0.1
2026-02-15T12:03:10.813Z,4,20.36,9,OK,0.1
2026-02-15T12:03:10.955Z,9,43.77,7,SATURATED,0.1
2026-02-15T12:03:11.005Z,4,43.66,5,OK,0.1
2026-02-15T12:03:11.214Z,3,71.39,5,OK,0.1
2026-02-15T12:03:11.264Z,3,71.31,5,OK,0.1
2026-02-15T12:03:11.314Z,3,71.31,5,OK,0.1
2026-02-15T12:03:11.365Z,3,47.96,5,OK,0.1
2026-02-15T12:03:11.416Z,4,48.07,5,OK,0.1
2026-02-15T12:03:11.465Z,3,20.29,6,OK,0.1
2026-02-15T12:03:11.516Z,3,20.33,7,OK,0.1
2026-02-15T12:03:11.567Z,2,20.25,8,OK,0.1
2026-02-15T12:03:11.616Z,2,20.21,9,OK,0.1
2026-02-15T12:03:11.667Z,2,20.23,10,OK,0.1
2026-02-15T12:03:11.717Z,2,20.26,11,OK,0.1
2026-02-15T12:03:11.768Z,1,20.25,12,OK,0.1
2026-02-15T12:03:11.818Z,1,20.29,13,OK,0.1
2026-02-15T12:03:11.868Z,1,20.34,14,OK,0.1
2026-02-15T12:03:11.918Z,1,20.39,15,OK,0.1
2026-02-15T12:03:12.132Z,4,20.38,16,OK,0.1
2026-02-15T12:03:12.314Z,15,52.58,13,SATURATED,0.1
2026-02-15T12:03:12.364Z,2,52.79,10,OK,0.1
2026-02-15T12:03:12.413Z,2,52.77,7,OK,0.1
2026-02-15T12:03:12.538Z,7,72.45,5,SATURATED,0.1
2026-02-15T12:03:12.588Z,2,72.54,5,OK,0.1
2026-02-15T12:03:12.639Z,2,40.40,5,OK,0.1
2026-02-15T12:03:12.689Z,2,40.22,5,OK,0.1
2026-02-15T12:03:12.739Z,2,40.30,5,OK,0.1
2026-02-15T12:03:12.789Z,2,20.55,6,OK,0.1
2026-02-15T12:03:12.840Z,2,20.48,7,OK,0.1
2026-02-15T12:03:12.891Z,2,20.38,8,OK,0.1
2026-02-15T12:03:12.942Z,2,20.35,9,OK,0.1
2026-02-15T12:03:13.099Z,4,31.81,8,OK,0.1
2026-02-15T12:03:13.349Z,4,73.52,5,OK,0.1
2026-02-15T12:03:13.399Z,4,73.50,5,OK,0.1
2026-02-15T12:03:13.450Z,4,73.54,5,OK,0.1
2026-02-15T12:03:13.501Z,4,73.54,5,OK,0.1
2026-02-15T12:03:13.550Z,5,61.97,5,SATURATED,0.1
2026-02-15T12:03:13.601Z,4,20.25,6,OK,0.1
2026-02-15T12:03:13.651Z,4,20.26,7,OK,0.1
2026-02-15T12:03:13.701Z,4,20.27,8,OK,0.1
2026-02-15T12:03:13.861Z,5,46.04,5,SATURATED,0.1
2026-02-15T12:03:13.910Z,5,46.04,5,SATURATED,0.1
2026-02-15T12:03:13.961Z,5,46.03,5,SATURATED,0.1
2026-02-15T12:03:14.011Z,5,45.94,5,SATURATED,0.1
2026-02-15T12:03:14.061Z,5,45.98,5,SATURATED,0.1
2026-02-15T12:03:14.112Z,5,20.20,6,OK,0.1
2026-02-15T12:03:14.163Z,3,20.21,7,OK,0.1
2026-02-15T12:03:14.214Z,3,20.26,8,OK,0.1
2026-02-15T12:03:14.264Z,3,20.40,9,OK,0.1
2026-02-15T12:03:14.315Z,3,20.46,10,OK,0.1
2026-02-15T12:03:14.477Z,3,20.44,11,OK,0.1
2026-02-15T12:03:14.596Z,11,40.11,9,SATURATED,0.1
2026-02-15T12:03:14.647Z,6,40.05,7,OK,0.1
2026-02-15T12:03:14.697Z,6,40.01,5,SATURATED,0.1
2026-02-15T12:03:14.748Z,6,39.96,5,SATURATED,0.1
2026-02-15T12:03:14.798Z,6,40.00,5,SATURATED,0.1
2026-02-15T12:03:14.849Z,6,20.36,6,SATURATED,0.1
2026-02-15T12:03:14.899Z,6,20.40,7,OK,0.1
2026-02-15T12:03:14.950Z,6,20.36,8,OK,0.1
2026-02-15T12:03:15.001Z,6,20.38,9,OK,0.1
2026-02-15T12:03:15.052Z,6,20.40,10,OK,0.1
2026-02-15T12:03:15.102Z,6,20.35,11,OK,0.1
2026-02-15T12:03:15.152Z,8,20.34,12,OK,0.1
2026-02-15T12:03:15.201Z,8,20.34,13,OK,0.1
2026-02-15T12:03:15.252Z,8,20.30,14,OK,0.1
2026-02-15T12:03:15.302Z,8,20.29,15,OK,0.1
2026-02-15T12:03:15.355Z,8,20.28,16,OK,0.1
2026-02-15T12:03:15.406Z,7,20.19,17,OK,0.1
2026-02-15T12:03:15.456Z,7,20.21,18,OK,0.1
2026-02-15T12:03:15.506Z,7,20.15,19,OK,0.1
2026-02-15T12:03:15.557Z,7,20.11,20,OK,0.1
2026-02-15T12:03:15.713Z,11,20.17,21,OK,0.1
2026-02-15T12:03:15.857Z,21,35.01,19,SATURATED,0.1
2026-02-15T12:03:15.999Z,13,59.30,15,OK,0.1
2026-02-15T12:03:16.050Z,9,59.38,11,OK,0.1
2026-02-15T12:03:16.100Z,9,59.41,7,SATURATED,0.1
2026-02-15T12:03:16.154Z,9,59.39,5,SATURATED,0.1
2026-02-15T12:03:16.204Z,9,44.63,5,SATURATED,0.1
2026-02-15T12:03:16.255Z,9,20.31,6,SATURATED,0.1
2026-02-15T12:03:16.306Z,9,20.30,7,SATURATED,0.1
2026-02-15T12:03:16.357Z,9,20.30,8,SATURATED,0.1
2026-02-15T12:03:16.408Z,9,20.23,9,SATURATED,0.1
2026-02-15T12:03:16.459Z,9,20.28,10,OK,0.1
2026-02-15T12:03:16.509Z,8,20.37,11,OK,0.1
2026-02-15T12:03:16.559Z,8,20.34,12,OK,0.1
2026-02-15T12:03:16.609Z,6,20.32,13,OK,0.1
2026-02-15T12:03:16.659Z,6,20.38,14,OK,0.1
2026-02-15T12:03:16.709Z,6,20.31,15,OK,0.1
2026-02-15T12:03:16.849Z,6,34.17,14,OK,0.1
2026-02-15T12:03:16.898Z,9,30.13,13,OK,0.1
2026-02-15T12:03:16.950Z,9,30.10,12,OK,0.1
2026-02-15T12:03:17.000Z,9,30.07,11,OK,0.1
2026-02-15T12:03:17.051Z,9,30.11,10,OK,0.1
2026-02-15T12:03:17.102Z,9,16.17,11,OK,0.1
2026-02-15T12:03:17.152Z,6,20.16,12,OK,0.1
2026-02-15T12:03:17.275Z,7,39.18,10,OK,0.1
2026-02-15T12:03:17.326Z,6,39.24,8,OK,0.1
2026-02-15T12:03:17.376Z,6,39.26,6,SATURATED,0.1
2026-02-15T12:03:17.426Z,6,39.34,5,SATURATED,0.1
2026-02-15T12:03:17.478Z,6,39.42,5,SATURATED,0.1
2026-02-15T12:03:17.528Z,6,20.45,6,SATURATED,0.1
2026-02-15T12:03:17.579Z,6,20.39,7,OK,0.1
2026-02-15T12:03:17.729Z,6,36.33,5,SATURATED,0.1
2026-02-15T12:03:17.780Z,5,36.26,5,SATURATED,0.1
2026-02-15T12:03:17.830Z,5,36.30,5,SATURATED,0.1
2026-02-15T12:03:17.880Z,4,36.35,5,OK,0.1
2026-02-15T12:03:18.045Z,5,55.51,5,SATURATED,0.1
2026-02-15T12:03:18.096Z,4,39.57,5,OK,0.1
2026-02-15T12:03:18.147Z,4,39.46,5,OK,0.1
2026-02-15T12:03:18.197Z,4,39.40,5,OK,0.1
2026-02-15T12:03:18.247Z,4,39.29,5,OK,0.1
2026-02-15T12:03:18.297Z,4,20.22,6,OK,0.1
2026-02-15T12:03:18.347Z,4,20.15,7,OK,0.1
2026-02-15T12:03:18.560Z,4,54.57,5,OK,0.1
2026-02-15T12:03:18.611Z,4,54.63,5,OK,0.1
2026-02-15T12:03:18.661Z,4,54.68,5,OK,0.1
2026-02-15T12:03:18.712Z,4,54.66,5,OK,0.1
2026-02-15T12:03:18.762Z,4,54.74,5,OK,0.1
2026-02-15T12:03:18.813Z,4,20.41,6,OK,0.1
2026-02-15T12:03:18.865Z,5,20.38,7,OK,0.1
2026-02-15T12:03:18.916Z,2,20.47,8,OK,0.1
2026-02-15T12:03:18.968Z,2,20.43,9,OK,0.1
2026-02-15T12:03:19.018Z,2,20.48,10,OK,0.1
2026-02-15T12:03:19.266Z,7,62.79,6,SATURATED,0.1
2026-02-15T12:03:19.317Z,3,62.77,5,OK,0.1
2026-02-15T12:03:19.367Z,3,62.71,5,OK,0.1
2026-02-15T12:03:19.417Z,3,62.66,5,OK,0.1
2026-02-15T12:03:19.468Z,3,62.61,5,OK,0.1
2026-02-15T12:03:19.518Z,3,20.30,6,OK,0.1
2026-02-15T12:03:19.569Z,5,20.30,7,OK,0.1
2026-02-15T12:03:19.620Z,3,20.35,8,OK,0.1
2026-02-15T12:03:19.670Z,3,20.19,9,OK,0.1
2026-02-15T12:03:19.720Z,3,20.15,10,OK,0.1
2026-02-15T12:03:19.770Z,3,20.14,11,OK,0.1
2026-02-15T12:03:19.820Z,3,20.17,12,OK,0.1
2026-02-15T12:03:19.870Z,3,20.08,13,OK,0.1
2026-02-15T12:03:19.930Z,4,23.27,14,OK,0.1
2026-02-15T12:03:19.981Z,3,23.26,15,OK,0.1
2026-02-15T12:03:20.032Z,3,23.34,16,OK,0.1
2026-02-15T12:03:20.082Z,2,23.38,17,OK,0.1
2026-02-15T12:03:20.133Z,2,23.38,18,OK,0.1
2026-02-15T12:03:20.184Z,2,20.43,19,OK,0.1
2026-02-15T12:03:20.235Z,2,20.48,20,OK,0.1
2026-02-15T12:03:20.442Z,2,20.40,21,OK,0.1
2026-02-15T12:03:20.664Z,21,60.47,17,SATURATED,0.1
2026-02-15T12:03:20.714Z,5,60.33,13,OK,0.1
2026-02-15T12:03:20.764Z,5,60.29,9,OK,0.1
2026-02-15T12:03:20.816Z,5,60.30,5,SATURATED,0.1
2026-02-15T12:03:20.868Z,5,60.41,5,SATURATED,0.1
2026-02-15T12:03:20.919Z,5,20.25,6,OK,0.1
2026-02-15T12:03:21.073Z,5,37.33,5,SATURATED,0.1
2026-02-15T12:03:21.123Z,4,37.36,5,OK,0.1
2026-02-15T12:03:21.173Z,4,37.32,5,OK,0.1
2026-02-15T12:03:21.224Z,4,37.22,5,OK,0.1
2026-02-15T12:03:21.275Z,4,37.27,5,OK,0.1
2026-02-15T12:03:21.325Z,4,20.37,6,OK,0.1
2026-02-15T12:03:21.375Z,4,20.57,7,OK,0.1
2026-02-15T12:03:21.426Z,4,20.58,8,OK,0.1
2026-02-15T12:03:21.477Z,4,20.54,9,OK,0.1
2026-02-15T12:03:21.527Z,4,20.52,10,OK,0.1
2026-02-15T12:03:21.577Z,4,20.47,11,OK,0.1
2026-02-15T12:03:21.627Z,4,20.29,12,OK,0.1
2026-02-15T12:03:21.688Z,11,20.29,13,OK,0.1
2026-02-15T12:03:21.822Z,12,42.97,11,SATURATED,0.1
2026-02-15T12:03:21.872Z,9,42.95,9,SATURATED,0.1
2026-02-15T12:03:21.922Z,9,43.11,7,SATURATED,0.1
2026-02-15T12:03:21.973Z,9,43.09,5,SATURATED,0.1
2026-02-15T12:03:22.024Z,9,43.21,5,SATURATED,0.1
2026-02-15T12:03:22.074Z,9,20.55,6,SATURATED,0.1
2026-02-15T12:03:22.124Z,9,20.59,7,SATURATED,0.1
2026-02-15T12:03:22.175Z,9,20.43,8,SATURATED,0.1
2026-02-15T12:03:22.231Z,9,21.71,9,SATURATED,0.1
2026-02-15T12:03:22.282Z,9,21.56,10,OK,0.1
2026-02-15T12:03:22.331Z,9,21.49,11,OK,0.1
2026-02-15T12:03:22.382Z,9,21.48,12,OK,0.1
2026-02-15T12:03:22.433Z,9,21.46,13,OK,0.1
2026-02-15T12:03:22.482Z,7,20.21,14,OK,0.1
2026-02-15T12:03:22.533Z,7,20.31,15,OK,0.1
2026-02-15T12:03:22.583Z,7,20.37,16,OK,0.1
2026-02-15T12:03:22.633Z,7,20.35,17,OK,0.1
2026-02-15T12:03:22.829Z,8,20.36,18,OK,0.1
2026-02-15T12:03:22.878Z,7,22.19,19,OK,0.1
2026-02-15T12:03:22.929Z,7,22.19,20,OK,0.1
2026-02-15T12:03:22.980Z,7,22.24,21,OK,0.1
2026-02-15T12:03:23.030Z,7,22.17,22,OK,0.1
2026-02-15T12:03:23.080Z,7,22.22,23,OK,0.1
2026-02-15T12:03:23.269Z,9,54.30,20,OK,0.1
2026-02-15T12:03:23.533Z,11,92.97,13,OK,0.1
2026-02-15T12:03:23.583Z,8,92.98,6,SATURATED,0.1
2026-02-15T12:03:23.634Z,8,93.10,5,SATURATED,0.1
2026-02-15T12:03:23.685Z,6,92.98,5,SATURATED,0.1
2026-02-15T12:03:23.736Z,6,59.05,5,SATURATED,0.1
2026-02-15T12:03:23.786Z,6,20.26,6,SATURATED,0.1
2026-02-15T12:03:23.837Z,5,20.26,7,OK,0.1
2026-02-15T12:03:24.100Z,7,21.94,8,OK,0.1
2026-02-15T12:03:24.150Z,4,22.04,9,OK,0.1
2026-02-15T12:03:24.201Z,4,22.08,10,OK,0.1
2026-02-15T12:03:24.252Z,4,22.22,11,OK,0.1
2026-02-15T12:03:24.303Z,4,22.11,12,OK,0.1
2026-02-15T12:03:24.353Z,4,20.42,13,OK,0.1
2026-02-15T12:03:24.404Z,6,20.42,14,OK,0.1
2026-02-15T12:03:24.455Z,4,20.31,15,OK,0.1
2026-02-15T12:03:24.506Z,4,20.25,16,OK,0.1
2026-02-15T12:03:24.558Z,8,21.40,17,OK,0.1
2026-02-15T12:03:24.609Z,5,21.25,18,OK,0.1
2026-02-15T12:03:24.660Z,5,21.26,19,OK,0.1
2026-02-15T12:03:24.711Z,5,21.30,20,OK,0.1
2026-02-15T12:03:24.762Z,5,21.28,21,OK,0.1
2026-02-15T12:03:24.812Z,5,20.22,22,OK,0.1
2026-02-15T12:03:24.988Z,5,33.67,21,OK,0.1
2026-02-15T12:03:25.371Z,12,96.18,13,OK,0.1
2026-02-15T12:03:25.422Z,5,98.33,5,SATURATED,0.1
2026-02-15T12:03:25.472Z,5,98.39,5,SATURATED,0.1
2026-02-15T12:03:25.523Z,5,98.43,5,SATURATED,0.1
2026-02-15T12:03:25.573Z,4,85.07,5,OK,0.1
2026-02-15T12:03:25.624Z,4,22.35,6,OK,0.1
2026-02-15T12:03:25.675Z,4,20.23,7,OK,0.1
2026-02-15T12:03:25.725Z,4,20.17,8,OK,0.1
2026-02-15T12:03:25.776Z,4,20.16,9,OK,0.1
2026-02-15T12:03:25.827Z,4,20.20,10,OK,0.1
2026-02-15T12:03:25.877Z,4,20.61,11,OK,0.1
2026-02-15T12:03:25.928Z,4,20.66,12,OK,0.1
2026-02-15T12:03:25.979Z,4,20.65,13,OK,0.1
2026-02-15T12:03:26.029Z,4,20.54,14,OK,0.1
2026-02-15T12:03:26.080Z,4,20.60,15,OK,0.1
2026-02-15T12:03:26.246Z,3,20.32,16,OK,0.1
2026-02-15T12:03:26.297Z,3,20.21,17,OK,0.1
2026-02-15T12:03:26.348Z,3,20.21,18,OK,0.1
2026-02-15T12:03:26.547Z,3,36.07,16,OK,0.1
2026-02-15T12:03:26.929Z,16,98.34,8,SATURATED,0.1
2026-02-15T12:03:26.980Z,3,98.31,5,OK,0.1
2026-02-15T12:03:27.031Z,3,98.32,5,OK,0.1
2026-02-15T12:03:27.081Z,3,98.34,5,OK,0.1
2026-02-15T12:03:27.132Z,3,82.51,5,OK,0.1
2026-02-15T12:03:27.182Z,3,20.19,6,OK,0.1
2026-02-15T12:03:27.232Z,3,20.29,7,OK,0.1
2026-02-15T12:03:27.282Z,4,20.38,8,OK,0.1
2026-02-15T12:03:27.333Z,4,20.39,9,OK,0.1
2026-02-15T12:03:27.382Z,3,20.49,10,OK,0.1
2026-02-15T12:03:27.433Z,3,20.50,11,OK,0.1
2026-02-15T12:03:27.483Z,3,20.50,12,OK,0.1
2026-02-15T12:03:27.533Z,3,20.45,13,OK,0.1
2026-02-15T12:03:27.686Z,3,46.08,10,OK,0.1
2026-02-15T12:03:27.781Z,3,50.97,7,OK,0.1
2026-02-15T12:03:27.831Z,3,51.02,5,OK,0.1
2026-02-15T12:03:27.881Z,3,51.02,5,OK,0.1
2026-02-15T12:03:27.934Z,5,50.78,5,SATURATED,0.1
2026-02-15T12:03:27.984Z,4,25.01,5,OK,0.1
2026-02-15T12:03:28.034Z,4,20.07,6,OK,0.1
2026-02-15T12:03:28.084Z,4,20.01,7,OK,0.1
2026-02-15T12:03:28.134Z,4,19.97,8,OK,0.1
2026-02-15T12:03:28.183Z,4,20.22,9,OK,0.1
2026-02-15T12:03:28.234Z,4,20.37,10,OK,0.1
2026-02-15T12:03:28.285Z,4,20.29,11,OK,0.1
2026-02-15T12:03:28.334Z,4,20.27,12,OK,0.1
2026-02-15T12:03:28.385Z,5,20.27,13,OK,0.1
2026-02-15T12:03:28.436Z,4,20.24,14,OK,0.1
2026-02-15T12:03:28.487Z,4,20.07,15,OK,0.1
2026-02-15T12:03:28.537Z,4,20.16,16,OK,0.1
2026-02-15T12:03:28.587Z,4,20.17,17,OK,0.1
2026-02-15T12:03:28.638Z,4,20.18,18,OK,0.1
2026-02-15T12:03:28.689Z,4,20.29,19,OK,0.1
2026-02-15T12:03:28.739Z,4,20.40,20,OK,0.1
2026-02-15T12:03:28.789Z,5,20.42,21,OK,0.1
2026-02-15T12:03:28.840Z,5,20.31,22,OK,0.1
2026-02-15T12:03:28.890Z,5,20.31,23,OK,0.1
2026-02-15T12:03:28.946Z,7,20.04,24,OK,0.1
2026-02-15T12:03:29.311Z,10,88.94,17,OK,0.1
2026-02-15T12:03:29.528Z,13,118.25,7,SATURATED,0.1
2026-02-15T12:03:29.578Z,3,118.33,5,OK,0.1
2026-02-15T12:03:29.628Z,3,118.33,5,OK,0.1
2026-02-15T12:03:29.679Z,3,118.52,5,OK,0.1
2026-02-15T12:03:29.834Z,3,73.87,5,OK,0.1
2026-02-15T12:03:29.883Z,4,44.55,5,OK,0.1
2026-02-15T12:03:29.934Z,3,44.57,5,OK,0.1
2026-02-15T12:03:29.984Z,3,44.58,5,OK,0.1
2026-02-15T12:03:30.035Z,3,44.45,5,OK,0.1
2026-02-15T12:03:30.086Z,3,20.20,6,OK,0.1
2026-02-15T12:03:30.136Z,3,20.16,7,OK,0.1
2026-02-15T12:03:30.186Z,3,20.14,8,OK,0.1
2026-02-15T12:03:30.236Z,3,20.13,9,OK,0.1
2026-02-15T12:03:30.287Z,3,20.16,10,OK,0.1
2026-02-15T12:03:30.456Z,4,20.25,11,OK,0.1
2026-02-15T12:03:30.505Z,3,20.18,12,OK,0.1
2026-02-15T12:03:30.667Z,11,46.32,9,SATURATED,0.1
2026-02-15T12:03:30.718Z,4,46.33,6,OK,0.1
2026-02-15T12:03:30.769Z,4,46.47,5,OK,0.1
2026-02-15T12:03:30.820Z,3,46.32,5,OK,0.1
2026-02-15T12:03:30.870Z,3,46.53,5,OK,0.1
2026-02-15T12:03:30.921Z,3,20.40,6,OK,0.1
2026-02-15T12:03:31.107Z,4,20.49,7,OK,0.1
2026-02-15T12:03:31.157Z,3,20.40,8,OK,0.1
2026-02-15T12:03:31.208Z,3,20.45,9,OK,0.1
2026-02-15T12:03:31.258Z,3,20.31,10,OK,0.1
2026-02-15T12:03:31.309Z,3,20.32,11,OK,0.1
2026-02-15T12:03:31.358Z,2,20.25,12,OK,0.1
2026-02-15T12:03:31.408Z,2,20.34,13,OK,0.1
2026-02-15T12:03:31.459Z,2,20.38,14,OK,0.1
2026-02-15T12:03:31.619Z,4,38.34,12,OK,0.1
2026-02-15T12:03:31.783Z,2,62.91,8,OK,0.1
2026-02-15T12:03:31.833Z,2,62.92,5,OK,0.1
2026-02-15T12:03:31.885Z,1,62.94,5,OK,0.1
2026-02-15T12:03:31.935Z,1,62.95,5,OK,0.1
2026-02-15T12:03:31.986Z,1,45.12,5,OK,0.1
2026-02-15T12:03:32.037Z,1,20.51,6,OK,0.1
2026-02-15T12:03:32.088Z,1,20.43,7,OK,0.1
2026-02-15T12:03:32.138Z,3,20.37,8,OK,0.1
2026-02-15T12:03:32.189Z,3,20.33,9,OK,0.1
2026-02-15T12:03:32.240Z,3,20.28,10,OK,0.1
2026-02-15T12:03:32.290Z,3,20.33,11,OK,0.1
2026-02-15T12:03:32.436Z,3,30.64,10,OK,0.1
2026-02-15T12:03:32.486Z,3,30.63,9,OK,0.1
2026-02-15T12:03:32.537Z,2,30.64,8,OK,0.1
2026-02-15T12:03:32.588Z,2,30.54,7,OK,0.1
2026-02-15T12:03:32.760Z,3,31.07,6,OK,0.1
2026-02-15T12:03:32.834Z,6,21.27,7,OK,0.1
2026-02-15T12:03:32.992Z,4,48.84,5,OK,0.1
2026-02-15T12:03:33.043Z,4,48.85,5,OK,0.1
2026-02-15T12:03:33.094Z,4,48.96,5,OK,0.1
2026-02-15T12:03:33.145Z,4,48.42,5,OK,0.1
2026-02-15T12:03:33.195Z,4,47.97,5,OK,0.1
2026-02-15T12:03:33.246Z,4,20.37,6,OK,0.1
2026-02-15T12:03:33.296Z,4,20.37,7,OK,0.1
2026-02-15T12:03:33.346Z,4,20.32,8,OK,0.1
2026-02-15T12:03:33.396Z,4,20.33,9,OK,0.1
2026-02-15T12:03:33.446Z,4,20.56,10,OK,0.1
2026-02-15T12:03:33.496Z,4,20.59,11,OK,0.1
2026-02-15T12:03:33.652Z,4,31.42,10,OK,0.1
2026-02-15T12:03:33.702Z,4,31.45,9,OK,0.1
2026-02-15T12:03:33.753Z,4,31.46,8,OK,0.1
2026-02-15T12:03:33.938Z,4,45.53,5,OK,0.1
2026-02-15T12:03:33.987Z,4,45.54,5,OK,0.1
2026-02-15T12:03:34.160Z,4,55.25,5,OK,0.1
2026-02-15T12:03:34.211Z,2,55.12,5,OK,0.1
2026-02-15T12:03:34.262Z,2,55.07,5,OK,0.1
2026-02-15T12:03:34.312Z,2,40.79,5,OK,0.1
2026-02-15T12:03:34.362Z,2,40.77,5,OK,0.1
2026-02-15T12:03:34.412Z,2,20.23,6,OK,0.1
2026-02-15T12:03:34.463Z,2,20.34,7,OK,0.1
2026-02-15T12:03:34.514Z,2,20.36,8,OK,0.1
2026-02-15T12:03:34.564Z,2,20.35,9,OK,0.1
2026-02-15T12:03:34.615Z,2,20.38,10,OK,0.1
2026-02-15T12:03:34.783Z,2,20.40,11,OK,0.1
2026-02-15T12:03:34.892Z,5,37.91,9,OK,0.1
2026-02-15T12:03:34.943Z,3,37.88,7,OK,0.1
2026-02-15T12:03:34.993Z,4,37.84,5,OK,0.1
2026-02-15T12:03:35.043Z,3,37.83,5,OK,0.1
2026-02-15T12:03:35.094Z,3,37.83,5,OK,0.1
2026-02-15T12:03:35.145Z,3,20.32,6,OK,0.1
2026-02-15T12:03:35.194Z,4,20.53,7,OK,0.1
2026-02-15T12:03:35.245Z,4,20.56,8,OK,0.1
2026-02-15T12:03:35.296Z,4,20.59,9,OK,0.1
2026-02-15T12:03:35.347Z,4,20.56,10,OK,0.1
2026-02-15T12:03:35.398Z,4,20.52,11,OK,0.1
2026-02-15T12:03:35.448Z,4,20.33,12,OK,0.1
2026-02-15T12:03:35.498Z,4,20.37,13,OK,0.1
2026-02-15T12:03:35.548Z,4,20.35,14,OK,0.1
2026-02-15T12:03:35.599Z,4,20.38,15,OK,0.1
2026-02-15T12:03:35.649Z,4,20.44,16,OK,0.1
2026-02-15T12:03:35.700Z,4,20.42,17,OK,0.1
2026-02-15T12:03:35.750Z,4,20.37,18,OK,0.1
2026-02-15T12:03:35.800Z,4,20.46,19,OK,0.1
2026-02-15T12:03:35.851Z,4,20.43,20,OK,0.1
2026-02-15T12:03:35.903Z,8,20.80,21,OK,0.1
2026-02-15T12:03:35.954Z,5,20.80,22,OK,0.1
2026-02-15T12:03:36.111Z,10,45.04,19,OK,0.1
2026-02-15T12:03:36.161Z,6,45.06,16,OK,0.1
2026-02-15T12:03:36.306Z,6,60.00,12,OK,0.1
2026-02-15T12:03:36.569Z,12,98.13,5,SATURATED,0.1
2026-02-15T12:03:36.620Z,6,98.11,5,SATURATED,0.1
2026-02-15T12:03:36.671Z,6,73.94,5,SATURATED,0.1
2026-02-15T12:03:36.722Z,6,73.82,5,SATURATED,0.1
2026-02-15T12:03:36.771Z,6,58.90,5,SATURATED,0.1
2026-02-15T12:03:36.822Z,5,20.36,6,OK,0.1
2026-02-15T12:03:36.873Z,5,20.39,7,OK,0.1
2026-02-15T12:03:37.119Z,5,40.82,5,SATURATED,0.1
2026-02-15T12:03:37.170Z,3,40.86,5,OK,0.1
2026-02-15T12:03:37.220Z,2,40.85,5,OK,0.1
2026-02-15T12:03:37.270Z,2,40.89,5,OK,0.1
2026-02-15T12:03:37.320Z,2,40.91,5,OK,0.1
2026-02-15T12:03:37.371Z,2,20.42,6,OK,0.1
2026-02-15T12:03:37.421Z,2,20.41,7,OK,0.1
2026-02-15T12:03:37.472Z,2,20.40,8,OK,0.1
2026-02-15T12:03:37.523Z,2,20.40,9,OK,0.1
2026-02-15T12:03:37.573Z,2,20.48,10,OK,0.1
2026-02-15T12:03:37.623Z,2,20.47,11,OK,0.1
2026-02-15T12:03:37.674Z,2,20.43,12,OK,0.1
2026-02-15T12:03:37.724Z,2,20.34,13,OK,0.1
2026-02-15T12:03:37.775Z,2,20.31,14,OK,0.1
2026-02-15T12:03:37.826Z,2,20.32,15,OK,0.1
2026-02-15T12:03:37.877Z,2,20.32,16,OK,0.1
2026-02-15T12:03:37.928Z,2,20.32,17,OK,0.1
2026-02-15T12:03:37.978Z,0,20.40,18,OK,0.1
2026-02-15T12:03:38.029Z,0,20.53,19,OK,0.1
2026-02-15T12:03:38.078Z,0,20.48,20,OK,0.1
2026-02-15T12:03:38.130Z,3,20.65,21,OK,0.1
2026-02-15T12:03:38.256Z,8,31.81,20,OK,0.1
2026-02-15T12:03:38.307Z,5,31.69,19,OK,0.1
2026-02-15T12:03:38.358Z,5,31.61,18,OK,0.1
2026-02-15T12:03:38.409Z,5,31.53,17,OK,0.1
2026-02-15T12:03:38.459Z,5,31.32,16,OK,0.1
2026-02-15T12:03:38.509Z,5,20.19,17,OK,0.1
2026-02-15T12:03:38.560Z,5,20.30,18,OK,0.1
2026-02-15T12:03:38.748Z,8,34.25,17,OK,0.1
2026-02-15T12:03:38.797Z,5,34.30,16,OK,0.1
2026-02-15T12:03:38.848Z,5,34.33,15,OK,0.1
2026-02-15T12:03:38.898Z,5,34.37,14,OK,0.1
2026-02-15T12:03:38.949Z,5,34.37,13,OK,0.1
2026-02-15T12:03:39.124Z,6,33.74,12,OK,0.1
2026-02-15T12:03:39.174Z,5,33.68,11,OK,0.1
2026-02-15T12:03:39.224Z,5,33.70,10,OK,0.1
2026-02-15T12:03:39.396Z,8,34.08,9,OK,0.1
2026-02-15T12:03:39.446Z,5,34.17,8,OK,0.1
2026-02-15T12:03:39.497Z,5,20.82,9,OK,0.1
2026-02-15T12:03:39.548Z,5,20.96,10,OK,0.1
2026-02-15T12:03:39.720Z,5,20.97,11,OK,0.1
2026-02-15T12:03:39.873Z,8,31.71,10,OK,0.1
2026-02-15T12:03:39.924Z,8,31.65,9,OK,0.1
2026-02-15T12:03:39.974Z,8,31.65,8,SATURATED,0.1
2026-02-15T12:03:40.024Z,8,31.59,7,SATURATED,0.1
2026-02-15T12:03:40.075Z,8,31.58,6,SATURATED,0.1
2026-02-15T12:03:40.126Z,8,20.40,7,SATURATED,0.1
2026-02-15T12:03:40.176Z,7,20.44,8,OK,0.1
2026-02-15T12:03:40.226Z,7,20.44,9,OK,0.1
2026-02-15T12:03:40.276Z,4,20.70,10,OK,0.1
2026-02-15T12:03:40.398Z,4,31.02,9,OK,0.1
2026-02-15T12:03:40.534Z,6,44.17,7,OK,0.1
2026-02-15T12:03:40.586Z,5,44.11,5,SATURATED,0.1
2026-02-15T12:03:40.636Z,4,44.03,5,OK,0.1
2026-02-15T12:03:40.687Z,4,43.70,5,OK,0.1
2026-02-15T12:03:40.739Z,4,33.41,5,OK,0.1
2026-02-15T12:03:40.789Z,4,20.18,6,OK,0.1
2026-02-15T12:03:40.840Z,4,20.29,7,OK,0.1
2026-02-15T12:03:41.002Z,5,32.50,6,OK,0.1
2026-02-15T12:03:41.052Z,4,32.51,5,OK,0.1
2026-02-15T12:03:41.102Z,4,32.46,5,OK,0.1
2026-02-15T12:03:41.153Z,4,32.70,5,OK,0.1
2026-02-15T12:03:41.203Z,4,32.55,5,OK,0.1
2026-02-15T12:03:41.253Z,4,20.38,6,OK,0.1
2026-02-15T12:03:41.303Z,5,20.19,7,OK,0.1
2026-02-15T12:03:41.353Z,5,20.19,8,OK,0.1
2026-02-15T12:03:41.403Z,6,20.05,9,OK,0.1
2026-02-15T12:03:41.454Z,5,20.09,10,OK,0.1
2026-02-15T12:03:41.505Z,5,20.08,11,OK,0.1
2026-02-15T12:03:41.785Z,11,43.64,9,SATURATED,0.1
2026-02-15T12:03:41.836Z,3,39.78,7,OK,0.1
2026-02-15T12:03:41.887Z,2,39.77,5,OK,0.1
2026-02-15T12:03:41.938Z,2,39.75,5,OK,0.1
2026-02-15T12:03:41.988Z,2,39.66,5,OK,0.1
2026-02-15T12:03:42.038Z,2,16.30,6,OK,0.1
2026-02-15T12:03:42.089Z,2,20.16,7,OK,0.1
2026-02-15T12:03:42.138Z,2,20.16,8,OK,0.1
2026-02-15T12:03:42.188Z,2,20.09,9,OK,0.1
2026-02-15T12:03:42.239Z,2,20.21,10,OK,0.1
2026-02-15T12:03:42.290Z,2,20.23,11,OK,0.1
2026-02-15T12:03:42.340Z,2,20.22,12,OK,0.1
2026-02-15T12:03:42.391Z,2,20.21,13,OK,0.1
2026-02-15T12:03:42.666Z,3,43.67,11,OK,0.1
2026-02-15T12:03:42.715Z,2,43.66,9,OK,0.1
2026-02-15T12:03:42.765Z,2,43.63,7,OK,0.1
2026-02-15T12:03:43.079Z,7,43.91,5,SATURATED,0.1
2026-02-15T12:03:43.130Z,2,44.10,5,OK,0.1
2026-02-15T12:03:43.405Z,4,69.38,5,OK,0.1
2026-02-15T12:03:43.546Z,5,83.54,5,SATURATED,0.1
2026-02-15T12:03:43.793Z,2,118.89,5,OK,0.1
2026-02-15T12:03:44.057Z,4,157.35,5,OK,0.4
2026-02-15T12:03:44.231Z,2,177.93,5,OK,0.4
2026-02-15T12:03:44.281Z,1,129.21,5,OK,0.4
2026-02-15T12:03:44.332Z,1,115.06,5,OK,0.1
2026-02-15T12:03:44.382Z,1,79.71,5,OK,0.1
2026-02-15T12:03:44.584Z,1,73.83,5,OK,0.1
2026-02-15T12:03:44.634Z,3,53.08,5,OK,0.1
2026-02-15T12:03:44.685Z,3,53.11,5,OK,0.1
2026-02-15T12:03:44.736Z,3,53.09,5,OK,0.1
2026-02-15T12:03:44.786Z,3,53.13,5,OK,0.1
2026-02-15T12:03:44.837Z,3,20.25,6,OK,0.1
2026-02-15T12:03:44.888Z,3,20.21,7,OK,0.1
2026-02-15T12:03:44.939Z,3,20.24,8,OK,0.1
2026-02-15T12:03:44.989Z,3,20.34,9,OK,0.1
2026-02-15T12:03:45.040Z,3,20.31,10,OK,0.1
2026-02-15T12:03:45.197Z,4,20.60,11,OK,0.1
2026-02-15T12:03:45.377Z,3,42.81,9,OK,0.1
2026-02-15T12:03:45.606Z,9,84.54,5,SATURATED,0.1
2026-02-15T12:03:45.656Z,3,84.45,5,OK,0.1
2026-02-15T12:03:45.706Z,3,84.42,5,OK,0.1
2026-02-15T12:03:45.757Z,3,84.11,5,OK,0.1
2026-02-15T12:03:45.807Z,3,62.02,5,OK,0.1
2026-02-15T12:03:45.987Z,4,51.93,5,OK,0.1
2026-02-15T12:03:46.038Z,4,51.97,5,OK,0.1
2026-02-15T12:03:46.089Z,5,51.99,5,SATURATED,0.1
2026-02-15T12:03:46.139Z,5,52.01,5,SATURATED,0.1
2026-02-15T12:03:46.190Z,5,51.99,5,SATURATED,0.1
2026-02-15T12:03:46.239Z,5,20.37,6,OK,0.1
2026-02-15T12:03:46.290Z,5,20.34,7,OK,0.1
2026-02-15T12:03:46.340Z,5,20.34,8,OK,0.1
2026-02-15T12:03:46.390Z,6,20.39,9,OK,0.1
2026-02-15T12:03:46.441Z,6,20.37,10,OK,0.1
2026-02-15T12:03:46.492Z,6,20.33,11,OK,0.1
2026-02-15T12:03:46.542Z,6,20.35,12,OK,0.1
2026-02-15T12:03:46.593Z,4,20.43,13,OK,0.1
2026-02-15T12:03:46.789Z,13,54.58,10,SATURATED,0.1
2026-02-15T12:03:46.840Z,7,54.58,7,SATURATED,0.1
2026-02-15T12:03:46.889Z,7,54.59,5,SATURATED,0.1
2026-02-15T12:03:46.940Z,7,54.57,5,SATURATED,0.1
2026-02-15T12:03:46.991Z,7,54.50,5,SATURATED,0.1
2026-02-15T12:03:47.041Z,7,20.28,6,SATURATED,0.1
2026-02-15T12:03:47.094Z,7,20.31,7,SATURATED,0.1
2026-02-15T12:03:47.144Z,7,20.26,8,OK,0.1
2026-02-15T12:03:47.193Z,7,20.26,9,OK,0.1
2026-02-15T12:03:47.361Z,8,49.36,6,SATURATED,0.1
2026-02-15T12:03:47.411Z,7,49.43,5,SATURATED,0.1
2026-02-15T12:03:47.460Z,7,49.39,5,SATURATED,0.1
2026-02-15T12:03:47.511Z,7,49.48,5,SATURATED,0.1
2026-02-15T12:03:47.560Z,7,49.49,5,SATURATED,0.1
2026-02-15T12:03:47.611Z,6,20.41,6,SATURATED,0.1
2026-02-15T12:03:47.660Z,6,20.46,7,OK,0.1
2026-02-15T12:03:47.710Z,6,20.46,8,OK,0.1
2026-02-15T12:03:47.760Z,6,20.43,9,OK,0.1
2026-02-15T12:03:47.962Z,8,35.61,7,SATURATED,0.1
2026-02-15T12:03:48.012Z,6,35.81,5,SATURATED,0.1
2026-02-15T12:03:48.063Z,6,35.69,5,SATURATED,0.1
2026-02-15T12:03:48.114Z,5,35.66,5,SATURATED,0.1
2026-02-15T12:03:48.165Z,5,35.62,5,SATURATED,0.1
2026-02-15T12:03:48.216Z,5,20.43,6,OK,0.1
2026-02-15T12:03:48.267Z,5,20.31,7,OK,0.1
2026-02-15T12:03:48.318Z,5,20.32,8,OK,0.1
2026-02-15T12:03:48.369Z,6,20.42,9,OK,0.1
2026-02-15T12:03:48.419Z,4,20.50,10,OK,0.1
2026-02-15T12:03:48.470Z,4,20.54,11,OK,0.1
2026-02-15T12:03:48.519Z,4,20.58,12,OK,0.1
2026-02-15T12:03:48.569Z,4,20.59,13,OK,0.1
2026-02-15T12:03:48.619Z,2,20.55,14,OK,0.1
2026-02-15T12:03:48.669Z,3,20.76,15,OK,0.1
2026-02-15T12:03:48.720Z,3,20.75,16,OK,0.1
2026-02-15T12:03:48.769Z,3,20.68,17,OK,0.1
2026-02-15T12:03:48.820Z,2,20.59,18,OK,0.1
2026-02-15T12:03:48.871Z,2,20.60,19,OK,0.1
2026-02-15T12:03:48.922Z,2,20.34,20,OK,0.1
2026-02-15T12:03:48.975Z,5,20.53,21,OK,0.1
2026-02-15T12:03:49.025Z,3,20.32,22,OK,0.1
2026-02-15T12:03:49.075Z,3,20.38,23,OK,0.1
2026-02-15T12:03:49.126Z,4,20.25,24,OK,0.1
2026-02-15T12:03:49.175Z,4,20.31,25,OK,0.1
2026-02-15T12:03:49.225Z,5,20.14,26,OK,0.1
2026-02-15T12:03:49.276Z,4,20.38,27,OK,0.1
2026-02-15T12:03:49.326Z,4,20.42,28,OK,0.1
2026-02-15T12:03:49.379Z,6,20.49,29,OK,0.1
2026-02-15T12:03:49.428Z,4,20.43,30,OK,0.1
2026-02-15T12:03:49.479Z,4,20.37,31,OK,0.1
2026-02-15T12:03:49.528Z,4,20.29,32,OK,0.1
2026-02-15T12:03:49.579Z,4,20.25,33,OK,0.1
2026-02-15T12:03:49.771Z,4,50.96,30,OK,0.1
2026-02-15T12:03:50.184Z,22,119.47,20,SATURATED,0.1
2026-02-15T12:03:50.315Z,20,131.64,5,SATURATED,0.4
2026-02-15T12:03:50.365Z,8,131.71,5,SATURATED,0.4
2026-02-15T12:03:50.415Z,8,131.83,5,SATURATED,0.4
2026-02-15T12:03:50.466Z,8,101.18,5,SATURATED,0.1
2026-02-15T12:03:50.517Z,8,32.65,5,SATURATED,0.1
2026-02-15T12:03:50.569Z,8,20.52,6,SATURATED,0.1
2026-02-15T12:03:50.619Z,8,20.43,7,SATURATED,0.1
2026-02-15T12:03:50.670Z,7,20.38,8,OK,0.1
2026-02-15T12:03:50.720Z,7,20.39,9,OK,0.1
2026-02-15T12:03:50.771Z,7,20.39,10,OK,0.1
2026-02-15T12:03:50.822Z,7,20.38,11,OK,0.1
2026-02-15T12:03:50.872Z,7,20.44,12,OK,0.1
2026-02-15T12:03:50.922Z,7,20.38,13,OK,0.1
2026-02-15T12:03:50.972Z,7,20.37,14,OK,0.1
2026-02-15T12:03:51.023Z,6,20.27,15,OK,0.1
2026-02-15T12:03:51.073Z,6,20.31,16,OK,0.1
2026-02-15T12:03:51.124Z,5,20.27,17,OK,0.1
2026-02-15T12:03:51.176Z,5,20.30,18,OK,0.1
2026-02-15T12:03:51.227Z,7,22.28,19,OK,0.1
2026-02-15T12:03:51.278Z,7,22.39,20,OK,0.1
2026-02-15T12:03:51.632Z,7,22.34,21,OK,0.1
2026-02-15T12:03:51.851Z,21,61.99,17,SATURATED,0.1
2026-02-15T12:03:51.901Z,9,61.80,13,OK,0.1
2026-02-15T12:03:51.952Z,9,59.80,9,SATURATED,0.1
2026-02-15T12:03:52.002Z,8,59.76,5,SATURATED,0.1
2026-02-15T12:03:52.053Z,8,59.80,5,SATURATED,0.1
2026-02-15T12:03:52.103Z,6,20.08,6,SATURATED,0.1
2026-02-15T12:03:52.153Z,6,20.18,7,OK,0.1
2026-02-15T12:03:52.203Z,7,20.22,8,OK,0.1
2026-02-15T12:03:52.254Z,7,20.19,9,OK,0.1
2026-02-15T12:03:52.305Z,7,20.15,10,OK,0.1
2026-02-15T12:03:52.355Z,6,20.16,11,OK,0.1
2026-02-15T12:03:52.406Z,6,20.24,12,OK,0.1
2026-02-15T12:03:52.456Z,6,20.19,13,OK,0.1
2026-02-15T12:03:52.505Z,6,20.28,14,OK,0.1
2026-02-15T12:03:52.555Z,6,20.26,15,OK,0.1
2026-02-15T12:03:52.605Z,6,20.29,16,OK,0.1
2026-02-15T12:03:52.656Z,7,20.24,17,OK,0.1
2026-02-15T12:03:52.705Z,7,20.29,18,OK,0.1
2026-02-15T12:03:52.755Z,7,20.24,19,OK,0.1
2026-02-15T12:03:52.805Z,7,20.28,20,OK,0.1
2026-02-15T12:03:52.857Z,10,20.27,21,OK,0.1
2026-02-15T12:03:52.908Z,9,22.50,22,OK,0.1
2026-02-15T12:03:52.958Z,9,22.52,23,OK,0.1
2026-02-15T12:03:53.009Z,10,22.57,24,OK,0.1
2026-02-15T12:03:53.059Z,10,22.56,25,OK,0.1
2026-02-15T12:03:53.105Z,10,22.56,26,OK,0.1
2026-02-15T12:03:53.156Z,10,20.38,27,OK,0.1
2026-02-15T12:03:53.206Z,9,20.29,28,OK,0.1
2026-02-15T12:03:53.373Z,11,46.46,25,OK,0.1
2026-02-15T12:03:53.477Z,13,53.20,22,OK,0.1
2026-02-15T12:03:53.527Z,9,53.19,19,OK,0.1
2026-02-15T12:03:53.578Z,10,53.21,16,OK,0.1
2026-02-15T12:03:53.628Z,10,53.26,13,OK,0.1
2026-02-15T12:03:53.678Z,8,27.10,12,OK,0.1
2026-02-15T12:03:53.729Z,8,20.39,13,OK,0.1
2026-02-15T12:03:53.779Z,8,20.42,14,OK,0.1
2026-02-15T12:03:53.830Z,8,20.42,15,OK,0.1
2026-02-15T12:03:53.881Z,8,20.31,16,OK,0.1
2026-02-15T12:03:54.103Z,14,60.18,12,SATURATED,0.1
2026-02-15T12:03:54.153Z,8,60.13,8,SATURATED,0.1
2026-02-15T12:03:54.204Z,7,60.12,5,SATURATED,0.1
2026-02-15T12:03:54.255Z,7,60.04,5,SATURATED,0.1
2026-02-15T12:03:54.305Z,7,60.16,5,SATURATED,0.1
2026-02-15T12:03:54.355Z,7,20.28,6,SATURATED,0.1
2026-02-15T12:03:54.405Z,7,20.31,7,SATURATED,0.1
2026-02-15T12:03:54.456Z,7,20.39,8,OK,0.1
2026-02-15T12:03:54.506Z,7,20.64,9,OK,0.1
2026-02-15T12:03:54.557Z,7,20.62,10,OK,0.1
2026-02-15T12:03:54.608Z,7,20.60,11,OK,0.1
2026-02-15T12:03:54.658Z,7,20.55,12,OK,0.1
2026-02-15T12:03:54.709Z,7,20.49,13,OK,0.1
2026-02-15T12:03:54.760Z,8,20.34,14,OK,0.1
2026-02-15T12:03:54.810Z,8,20.41,15,OK,0.1
2026-02-15T12:03:54.861Z,6,20.44,16,OK,0.1
2026-02-15T12:03:54.912Z,6,20.27,17,OK,0.1
2026-02-15T12:03:55.045Z,6,33.00,16,OK,0.1
2026-02-15T12:03:55.095Z,5,32.93,15,OK,0.1
2026-02-15T12:03:55.272Z,11,62.12,11,SATURATED,0.1
2026-02-15T12:03:55.322Z,5,62.08,7,OK,0.1
2026-02-15T12:03:55.373Z,5,62.27,5,SATURATED,0.1
2026-02-15T12:03:55.424Z,5,49.58,5,SATURATED,0.1
2026-02-15T12:03:55.475Z,5,49.55,5,SATURATED,0.1
2026-02-15T12:03:55.624Z,4,36.05,5,OK,0.1
2026-02-15T12:03:55.674Z,5,36.08,5,SATURATED,0.1
2026-02-15T12:03:55.724Z,5,36.06,5,SATURATED,0.1
2026-02-15T12:03:55.775Z,5,35.99,5,SATURATED,0.1
2026-02-15T12:03:55.826Z,5,36.06,5,SATURATED,0.1
2026-02-15T12:03:55.876Z,5,20.24,6,OK,0.1
2026-02-15T12:03:55.926Z,5,20.47,7,OK,0.1
2026-02-15T12:03:55.976Z,5,20.52,8,OK,0.1
2026-02-15T12:03:56.027Z,5,20.59,9,OK,0.1
2026-02-15T12:03:56.077Z,5,20.68,10,OK,0.1
2026-02-15T12:03:56.128Z,5,20.77,11,OK,0.1
2026-02-15T12:03:56.177Z,5,20.49,12,OK,0.1
2026-02-15T12:03:56.229Z,5,20.44,13,OK,0.1
2026-02-15T12:03:56.400Z,6,20.39,14,OK,0.1
2026-02-15T12:03:56.450Z,6,20.28,15,OK,0.1
2026-02-15T12:03:56.640Z,7,20.29,16,OK,0.1
2026-02-15T12:03:56.691Z,6,20.22,17,OK,0.1
2026-02-15T12:03:56.741Z,6,20.29,18,OK,0.1
2026-02-15T12:03:56.791Z,5,20.27,19,OK,0.1
2026-02-15T12:03:56.841Z,5,20.25,20,OK,0.1
2026-02-15T12:03:56.892Z,6,20.34,21,OK,0.1
2026-02-15T12:03:56.942Z,6,20.36,22,OK,0.1
2026-02-15T12:03:56.992Z,6,20.33,23,OK,0.1
2026-02-15T12:03:57.043Z,6,20.36,24,OK,0.1
2026-02-15T12:03:57.093Z,6,20.46,25,OK,0.1
2026-02-15T12:03:57.143Z,6,20.42,26,OK,0.1
2026-02-15T12:03:57.193Z,6,20.48,27,OK,0.1
2026-02-15T12:03:57.244Z,6,20.48,28,OK,0.1
2026-02-15T12:03:57.295Z,6,20.49,29,OK,0.1
2026-02-15T12:03:57.345Z,6,20.47,30,OK,0.1
2026-02-15T12:03:57.395Z,6,20.46,31,OK,0.1
2026-02-15T12:03:57.577Z,14,52.40,28,OK,0.1
2026-02-15T12:03:57.764Z,23,75.72,22,SATURATED,0.1
2026-02-15T12:03:57.972Z,15,103.25,14,SATURATED,0.1
2026-02-15T12:03:58.022Z,7,103.23,6,SATURATED,0.1
2026-02-15T12:03:58.073Z,7,103.21,5,SATURATED,0.1
2026-02-15T12:03:58.123Z,7,71.26,5,SATURATED,0.1
2026-02-15T12:03:58.173Z,7,47.91,5,SATURATED,0.1
2026-02-15T12:03:58.223Z,7,20.26,6,SATURATED,0.1
2026-02-15T12:03:58.273Z,7,20.22,7,SATURATED,0.1
2026-02-15T12:03:58.324Z,6,20.20,8,OK,0.1
2026-02-15T12:03:58.375Z,6,20.19,9,OK,0.1
2026-02-15T12:03:58.426Z,6,20.16,10,OK,0.1
2026-02-15T12:03:58.476Z,6,20.28,11,OK,0.1
2026-02-15T12:03:58.526Z,6,20.29,12,OK,0.1
2026-02-15T12:03:58.576Z,6,20.31,13,OK,0.1
2026-02-15T12:03:58.726Z,7,44.64,11,OK,0.1
2026-02-15T12:03:58.930Z,7,77.30,5,SATURATED,0.1
2026-02-15T12:03:58.981Z,5,77.38,5,SATURATED,0.1
2026-02-15T12:03:59.032Z,5,77.32,5,SATURATED,0.1
2026-02-15T12:03:59.082Z,5,77.34,5,SATURATED,0.1
2026-02-15T12:03:59.133Z,5,53.02,5,SATURATED,0.1
2026-02-15T12:03:59.184Z,5,20.33,6,OK,0.1
2026-02-15T12:03:59.235Z,5,20.29,7,OK,0.1
2026-02-15T12:03:59.285Z,5,20.36,8,OK,0.1
2026-02-15T12:03:59.336Z,5,20.36,9,OK,0.1
2026-02-15T12:03:59.387Z,5,20.36,10,OK,0.1
2026-02-15T12:03:59.438Z,5,20.45,11,OK,0.1
2026-02-15T12:03:59.489Z,5,20.37,12,OK,0.1
2026-02-15T12:03:59.539Z,5,20.41,13,OK,0.1
2026-02-15T12:03:59.589Z,4,20.55,14,OK,0.1
2026-02-15T12:03:59.754Z,4,39.47,12,OK,0.1
2026-02-15T12:03:59.804Z,4,39.45,10,OK,0.1
2026-02-15T12:03:59.855Z,4,39.52,8,OK,0.1
2026-02-15T12:03:59.905Z,4,39.55,6,OK,0.1
2026-02-15T12:04:00.111Z,6,39.41,5,SATURATED,0.1
2026-02-15T12:04:00.161Z,5,20.41,6,OK,0.1
2026-02-15T12:04:00.211Z,5,20.40,7,OK,0.1
2026-02-15T12:04:00.262Z,5,20.36,8,OK,0.1
2026-02-15T12:04:00.313Z,5,20.10,9,OK,0.1
2026-02-15T12:04:00.363Z,5,20.08,10,OK,0.1
2026-02-15T12:04:00.544Z,5,20.13,11,OK,0.1
2026-02-15T12:04:00.659Z,5,38.76,9,OK,0.1
2026-02-15T12:04:00.772Z,5,47.29,6,OK,0.1
2026-02-15T12:04:00.823Z,4,47.48,5,OK,0.1
2026-02-15T12:04:00.873Z,4,47.47,5,OK,0.1
2026-02-15T12:04:00.924Z,4,47.43,5,OK,0.1
2026-02-15T12:04:00.974Z,4,29.04,5,OK,0.1
2026-02-15T12:04:01.025Z,4,20.64,6,OK,0.1
2026-02-15T12:04:01.076Z,4,20.66,7,OK,0.1
2026-02-15T12:04:01.316Z,5,40.50,5,SATURATED,0.1
2026-02-15T12:04:01.366Z,5,40.56,5,SATURATED,0.1
2026-02-15T12:04:01.417Z,5,40.45,5,SATURATED,0.1
2026-02-15T12:04:01.468Z,4,40.31,5,OK,0.1
2026-02-15T12:04:01.518Z,4,40.28,5,OK,0.1
2026-02-15T12:04:01.569Z,4,20.43,6,OK,0.1
2026-02-15T12:04:01.735Z,3,47.54,5,OK,0.1
2026-02-15T12:04:01.785Z,4,47.27,5,OK,0.1
2026-02-15T12:04:01.835Z,5,47.40,5,SATURATED,0.1
2026-02-15T12:04:01.885Z,5,47.42,5,SATURATED,0.1
2026-02-15T12:04:01.936Z,5,47.48,5,SATURATED,0.1
2026-02-15T12:04:01.986Z,4,20.51,6,OK,0.1
2026-02-15T12:04:02.037Z,4,20.59,7,OK,0.1
2026-02-15T12:04:02.087Z,4,20.52,8,OK,0.1
2026-02-15T12:04:02.137Z,4,20.82,9,OK,0.1
2026-02-15T12:04:02.187Z,4,20.79,10,OK,0.1
2026-02-15T12:04:02.237Z,4,20.64,11,OK,0.1
2026-02-15T12:04:02.288Z,4,20.72,12,OK,0.1
2026-02-15T12:04:02.599Z,12,68.82,7,SATURATED,0.1
2026-02-15T12:04:02.649Z,9,68.39,5,SATURATED,0.1
2026-02-15T12:04:02.701Z,9,68.39,5,SATURATED,0.1
2026-02-15T12:04:02.751Z,9,68.20,5,SATURATED,0.1
2026-02-15T12:04:02.801Z,9,68.24,5,SATURATED,0.1
2026-02-15T12:04:02.851Z,9,20.13,6,SATURATED,0.1
2026-02-15T12:04:02.901Z,9,20.19,7,SATURATED,0.1
2026-02-15T12:04:02.952Z,9,20.22,8,SATURATED,0.1
2026-02-15T12:04:03.002Z,9,20.45,9,SATURATED,0.1
2026-02-15T12:04:03.053Z,9,20.38,10,OK,0.1
2026-02-15T12:04:03.104Z,9,20.44,11,OK,0.1
2026-02-15T12:04:03.154Z,9,20.41,12,OK,0.1
2026-02-15T12:04:03.206Z,10,20.39,13,OK,0.1
2026-02-15T12:04:03.256Z,9,20.36,14,OK,0.1
2026-02-15T12:04:03.307Z,9,20.41,15,OK,0.1
2026-02-15T12:04:03.357Z,8,20.30,16,OK,0.1
2026-02-15T12:04:03.408Z,8,20.37,17,OK,0.1
2026-02-15T12:04:03.458Z,8,20.44,18,OK,0.1
2026-02-15T12:04:03.633Z,16,48.55,15,SATURATED,0.1
2026-02-15T12:04:03.745Z,14,56.84,11,SATURATED,0.1
2026-02-15T12:04:03.796Z,10,56.80,7,SATURATED,0.1
2026-02-15T12:04:03.846Z,9,56.81,5,SATURATED,0.1
2026-02-15T12:04:03.897Z,9,56.75,5,SATURATED,0.1
2026-02-15T12:04:03.948Z,9,28.63,5,SATURATED,0.1
2026-02-15T12:04:03.998Z,9,20.30,6,SATURATED,0.1
2026-02-15T12:04:04.048Z,9,20.46,7,SATURATED,0.1
2026-02-15T12:04:04.098Z,9,20.39,8,SATURATED,0.1
2026-02-15T12:04:04.148Z,9,20.34,9,SATURATED,0.1
2026-02-15T12:04:04.199Z,9,20.36,10,OK,0.1
2026-02-15T12:04:04.249Z,9,20.55,11,OK,0.1
2026-02-15T12:04:04.299Z,9,20.38,12,OK,0.1
2026-02-15T12:04:04.353Z,6,21.22,13,OK,0.1
2026-02-15T12:04:04.547Z,4,45.98,10,OK,0.1
2026-02-15T12:04:04.598Z,5,45.85,7,OK,0.1
2026-02-15T12:04:04.648Z,6,45.73,5,SATURATED,0.1
2026-02-15T12:04:04.698Z,6,45.86,5,SATURATED,0.1
2026-02-15T12:04:04.751Z,6,45.05,5,SATURATED,0.1
2026-02-15T12:04:04.801Z,6,20.34,6,SATURATED,0.1
2026-02-15T12:04:04.853Z,6,20.42,7,OK,0.1
2026-02-15T12:04:04.903Z,6,20.34,8,OK,0.1
2026-02-15T12:04:04.953Z,6,20.30,9,OK,0.1
2026-02-15T12:04:05.151Z,6,55.60,5,SATURATED,0.1
2026-02-15T12:04:05.201Z,6,55.57,5,SATURATED,0.1
2026-02-15T12:04:05.252Z,6,55.61,5,SATURATED,0.1
2026-02-15T12:04:05.302Z,6,55.69,5,SATURATED,0.1
2026-02-15T12:04:05.353Z,6,55.69,5,SATURATED,0.1
2026-02-15T12:04:05.404Z,6,20.39,6,SATURATED,0.1
2026-02-15T12:04:05.455Z,6,20.40,7,OK,0.1
2026-02-15T12:04:05.505Z,2,20.66,8,OK,0.1
2026-02-15T12:04:05.557Z,4,20.58,9,OK,0.1
2026-02-15T12:04:05.608Z,2,20.48,10,OK,0.1
2026-02-15T12:04:05.658Z,2,20.55,11,OK,0.1
2026-02-15T12:04:05.709Z,2,20.56,12,OK,0.1
2026-02-15T12:04:05.766Z,7,20.29,13,OK,0.1
2026-02-15T12:04:05.870Z,12,37.07,11,SATURATED,0.1
2026-02-15T12:04:06.026Z,11,54.10,8,SATURATED,0.1
2026-02-15T12:04:06.077Z,5,54.04,5,SATURATED,0.1
2026-02-15T12:04:06.127Z,5,53.94,5,SATURATED,0.1
2026-02-15T12:04:06.177Z,5,55.08,5,SATURATED,0.1
2026-02-15T12:04:06.227Z,5,38.19,5,SATURATED,0.1
2026-02-15T12:04:06.277Z,5,21.26,6,OK,0.1
2026-02-15T12:04:06.327Z,5,21.27,7,OK,0.1
2026-02-15T12:04:06.478Z,7,31.61,6,SATURATED,0.1
2026-02-15T12:04:06.602Z,6,41.22,5,SATURATED,0.1
2026-02-15T12:04:06.652Z,3,41.53,5,OK,0.1
2026-02-15T12:04:06.702Z,3,41.55,5,OK,0.1
2026-02-15T12:04:06.753Z,3,41.56,5,OK,0.1
2026-02-15T12:04:06.803Z,3,31.31,5,OK,0.1
2026-02-15T12:04:06.854Z,3,20.68,6,OK,0.1
2026-02-15T12:04:06.904Z,5,20.85,7,OK,0.1
2026-02-15T12:04:06.954Z,5,20.82,8,OK,0.1
2026-02-15T12:04:07.004Z,5,20.82,9,OK,0.1
2026-02-15T12:04:07.135Z,5,42.07,7,OK,0.1
2026-02-15T12:04:07.288Z,7,64.46,5,SATURATED,0.1
2026-02-15T12:04:07.338Z,6,64.07,5,SATURATED,0.1
2026-02-15T12:04:07.389Z,6,64.05,5,SATURATED,0.1
2026-02-15T12:04:07.438Z,6,64.11,5,SATURATED,0.1
2026-02-15T12:04:07.488Z,6,42.83,5,SATURATED,0.1
2026-02-15T12:04:07.538Z,6,20.38,6,SATURATED,0.1
2026-02-15T12:04:07.588Z,6,20.41,7,OK,0.1
2026-02-15T12:04:07.776Z,7,52.23,5,SATURATED,0.1
2026-02-15T12:04:07.826Z,3,52.28,5,OK,0.1
2026-02-15T12:04:07.877Z,3,52.31,5,OK,0.1
2026-02-15T12:04:08.021Z,4,76.12,5,OK,0.1
2026-02-15T12:04:08.071Z,4,76.08,5,OK,0.1
2026-02-15T12:04:08.121Z,4,44.30,5,OK,0.1
2026-02-15T12:04:08.172Z,5,45.02,5,SATURATED,0.1
2026-02-15T12:04:08.223Z,4,45.12,5,OK,0.1
2026-02-15T12:04:08.273Z,4,21.27,6,OK,0.1
2026-02-15T12:04:08.323Z,4,21.76,7,OK,0.1
2026-02-15T12:04:08.373Z,4,22.17,8,OK,0.1
2026-02-15T12:04:08.424Z,4,21.27,9,OK,0.1
2026-02-15T12:04:08.475Z,4,21.16,10,OK,0.1
2026-02-15T12:04:08.635Z,7,47.65,7,SATURATED,0.1
2026-02-15T12:04:08.685Z,4,47.16,5,OK,0.1
2026-02-15T12:04:08.736Z,4,46.74,5,OK,0.1
2026-02-15T12:04:08.786Z,5,46.90,5,SATURATED,0.1
2026-02-15T12:04:08.836Z,5,46.89,5,SATURATED,0.1
2026-02-15T12:04:08.887Z,4,20.54,6,OK,0.1
2026-02-15T12:04:08.937Z,3,20.60,7,OK,0.1
2026-02-15T12:04:08.987Z,3,20.60,8,OK,0.1
2026-02-15T12:04:09.037Z,4,20.81,9,OK,0.1
2026-02-15T12:04:09.087Z,4,20.80,10,OK,0.1
2026-02-15T12:04:09.138Z,4,20.63,11,OK,0.1
2026-02-15T12:04:09.454Z,8,77.86,5,SATURATED,0.1
2026-02-15T12:04:09.650Z,5,107.42,5,SATURATED,0.1
2026-02-15T12:04:09.758Z,4,114.65,5,OK,0.1
2026-02-15T12:04:09.808Z,5,114.84,5,SATURATED,0.1
2026-02-15T12:04:09.859Z,4,114.77,5,OK,0.1
2026-02-15T12:04:09.909Z,5,57.55,5,SATURATED,0.1
2026-02-15T12:04:09.960Z,4,27.99,5,OK,0.1
2026-02-15T12:04:10.010Z,4,20.38,6,OK,0.1
2026-02-15T12:04:10.192Z,4,50.17,5,OK,0.1
2026-02-15T12:04:10.242Z,3,50.23,5,OK,0.1
2026-02-15T12:04:10.293Z,3,50.21,5,OK,0.1
2026-02-15T12:04:10.343Z,4,50.23,5,OK,0.1
2026-02-15T12:04:10.393Z,4,50.31,5,OK,0.1
2026-02-15T12:04:10.444Z,4,20.34,6,OK,0.1
2026-02-15T12:04:10.627Z,6,50.54,5,SATURATED,0.1
2026-02-15T12:04:10.677Z,4,50.34,5,OK,0.1
2026-02-15T12:04:10.728Z,4,50.33,5,OK,0.1
2026-02-15T12:04:10.778Z,3,50.28,5,OK,0.1
2026-02-15T12:04:10.828Z,3,51.12,5,OK,0.1
2026-02-15T12:04:10.973Z,3,44.49,5,OK,0.1
2026-02-15T12:04:11.024Z,4,44.57,5,OK,0.1
2026-02-15T12:04:11.075Z,2,44.61,5,OK,0.1
2026-02-15T12:04:11.125Z,2,44.71,5,OK,0.1
2026-02-15T12:04:11.176Z,1,43.96,5,OK,0.1
2026-02-15T12:04:11.227Z,2,20.39,6,OK,0.1
2026-02-15T12:04:11.277Z,2,20.55,7,OK,0.1
2026-02-15T12:04:11.327Z,2,20.52,8,OK,0.1
2026-02-15T12:04:11.378Z,2,20.45,9,OK,0.1
2026-02-15T12:04:11.428Z,2,20.31,10,OK,0.1
2026-02-15T12:04:11.599Z,4,20.31,11,OK,0.1
2026-02-15T12:04:11.738Z,6,30.10,10,OK,0.1
2026-02-15T12:04:11.788Z,4,29.96,9,OK,0.1
2026-02-15T12:04:12.034Z,8,72.03,5,SATURATED,0.1
2026-02-15T12:04:12.084Z,4,72.04,5,OK,0.1
2026-02-15T12:04:12.134Z,4,72.07,5,OK,0.1
2026-02-15T12:04:12.185Z,4,62.23,5,OK,0.1
2026-02-15T12:04:12.235Z,4,62.49,5,OK,0.1
2026-02-15T12:04:12.287Z,4,20.44,6,OK,0.1
2026-02-15T12:04:12.338Z,3,20.47,7,OK,0.1
2026-02-15T12:04:12.389Z,3,20.47,8,OK,0.1
2026-02-15T12:04:12.438Z,4,20.49,9,OK,0.1
2026-02-15T12:04:12.489Z,4,20.39,10,OK,0.1
2026-02-15T12:04:12.539Z,4,20.39,11,OK,0.1
2026-02-15T12:04:12.590Z,4,20.44,12,OK,0.1
2026-02-15T12:04:12.641Z,5,20.29,13,OK,0.1
2026-02-15T12:04:12.691Z,5,20.29,14,OK,0.1
2026-02-15T12:04:12.741Z,7,20.25,15,OK,0.1
2026-02-15T12:04:13.026Z,13,72.14,10,SATURATED,0.1
2026-02-15T12:04:13.165Z,8,85.84,5,SATURATED,0.1
2026-02-15T12:04:13.215Z,6,85.84,5,SATURATED,0.1
2026-02-15T12:04:13.265Z,6,85.72,5,SATURATED,0.1
2026-02-15T12:04:13.315Z,6,85.62,5,SATURATED,0.1
2026-02-15T12:04:13.365Z,6,33.72,5,SATURATED,0.1
2026-02-15T12:04:13.416Z,6,20.09,6,SATURATED,0.1
2026-02-15T12:04:13.467Z,6,20.25,7,OK,0.1
2026-02-15T12:04:13.517Z,6,20.37,8,OK,0.1
2026-02-15T12:04:13.567Z,6,20.46,9,OK,0.1
2026-02-15T12:04:13.728Z,7,20.48,10,OK,0.1
2026-02-15T12:04:13.779Z,6,20.54,11,OK,0.1
2026-02-15T12:04:13.830Z,6,20.36,12,OK,0.1
2026-02-15T12:04:13.881Z,6,20.37,13,OK,0.1
2026-02-15T12:04:14.137Z,6,20.38,14,OK,0.1
2026-02-15T12:04:14.375Z,7,40.05,12,OK,0.1
2026-02-15T12:04:14.441Z,11,39.02,10,SATURATED,0.1
2026-02-15T12:04:14.492Z,7,39.21,8,OK,0.1
2026-02-15T12:04:14.542Z,7,39.18,6,SATURATED,0.1
2026-02-15T12:04:14.593Z,7,39.25,5,SATURATED,0.1
2026-02-15T12:04:14.643Z,6,19.56,6,SATURATED,0.1
2026-02-15T12:04:14.693Z,6,20.35,7,OK,0.1
2026-02-15T12:04:14.744Z,6,20.32,8,OK,0.1
2026-02-15T12:04:14.794Z,4,20.24,9,OK,0.1
2026-02-15T12:04:14.927Z,4,32.71,8,OK,0.1
2026-02-15T12:04:14.978Z,5,32.72,7,OK,0.1
2026-02-15T12:04:15.028Z,5,32.63,6,OK,0.1
2026-02-15T12:04:15.078Z,5,32.67,5,SATURATED,0.1
2026-02-15T12:04:15.128Z,5,32.76,5,SATURATED,0.1
2026-02-15T12:04:15.184Z,5,20.21,6,OK,0.1
2026-02-15T12:04:15.234Z,5,20.20,7,OK,0.1
2026-02-15T12:04:15.285Z,5,20.36,8,OK,0.1
2026-02-15T12:04:15.335Z,5,20.26,9,OK,0.1
2026-02-15T12:04:15.385Z,5,20.23,10,OK,0.1
2026-02-15T12:04:15.508Z,7,30.78,9,OK,0.1
2026-02-15T12:04:15.558Z,6,26.71,8,OK,0.1
2026-02-15T12:04:15.608Z,5,26.71,7,OK,0.1
2026-02-15T12:04:15.791Z,5,49.31,5,SATURATED,0.1
2026-02-15T12:04:15.943Z,4,65.47,5,OK,0.1
2026-02-15T12:04:15.993Z,4,54.93,5,OK,0.1
2026-02-15T12:04:16.043Z,4,59.10,5,OK,0.1
2026-02-15T12:04:16.093Z,4,59.10,5,OK,0.1
2026-02-15T12:04:16.143Z,4,36.53,5,OK,0.1
2026-02-15T12:04:16.371Z,4,38.69,5,OK,0.1
2026-02-15T12:04:16.421Z,4,38.77,5,OK,0.1
2026-02-15T12:04:16.471Z,3,38.78,5,OK,0.1
2026-02-15T12:04:16.532Z,5,38.78,5,SATURATED,0.1
2026-02-15T12:04:16.582Z,4,38.75,5,OK,0.1
2026-02-15T12:04:16.633Z,4,20.53,6,OK,0.1
2026-02-15T12:04:16.683Z,4,20.47,7,OK,0.1
2026-02-15T12:04:16.734Z,4,20.34,8,OK,0.1
2026-02-15T12:04:16.784Z,4,20.35,9,OK,0.1
2026-02-15T12:04:17.023Z,8,63.97,5,SATURATED,0.1
2026-02-15T12:04:17.073Z,5,63.87,5,SATURATED,0.1
2026-02-15T12:04:17.123Z,5,63.83,5,SATURATED,0.1
2026-02-15T12:04:17.173Z,5,63.97,5,SATURATED,0.1
2026-02-15T12:04:17.223Z,5,63.94,5,SATURATED,0.1
2026-02-15T12:04:17.273Z,5,20.40,6,OK,0.1
2026-02-15T12:04:17.323Z,5,20.42,7,OK,0.1
2026-02-15T12:04:17.374Z,5,20.44,8,OK,0.1
2026-02-15T12:04:17.555Z,5,42.64,6,OK,0.1
2026-02-15T12:04:17.635Z,6,44.60,5,SATURATED,0.1
2026-02-15T12:04:17.685Z,4,44.61,5,OK,0.1
2026-02-15T12:04:17.736Z,4,44.38,5,OK,0.1
2026-02-15T12:04:17.785Z,4,44.21,5,OK,0.1
2026-02-15T12:04:17.835Z,4,21.87,6,OK,0.1
2026-02-15T12:04:17.886Z,4,19.84,7,OK,0.1
2026-02-15T12:04:17.936Z,4,19.80,8,OK,0.1
2026-02-15T12:04:17.987Z,4,20.08,9,OK,0.1
2026-02-15T12:04:18.054Z,9,20.37,10,OK,0.1
2026-02-15T12:04:18.104Z,5,20.33,11,OK,0.1
2026-02-15T12:04:18.154Z,5,20.44,12,OK,0.1
2026-02-15T12:04:18.315Z,6,38.59,10,OK,0.1
2026-02-15T12:04:18.365Z,6,38.51,8,OK,0.1
2026-02-15T12:04:18.415Z,5,38.40,6,OK,0.1
2026-02-15T12:04:18.467Z,5,38.43,5,SATURATED,0.1
2026-02-15T12:04:18.517Z,4,38.35,5,OK,0.1
2026-02-15T12:04:18.568Z,5,20.19,6,OK,0.1
2026-02-15T12:04:18.619Z,6,20.56,7,OK,0.1
2026-02-15T12:04:18.745Z,7,40.52,5,SATURATED,0.1
2026-02-15T12:04:18.797Z,4,40.53,5,OK,0.1
2026-02-15T12:04:18.847Z,3,40.50,5,OK,0.1
2026-02-15T12:04:18.898Z,3,40.55,5,OK,0.1
2026-02-15T12:04:18.948Z,3,40.19,5,OK,0.1
2026-02-15T12:04:18.999Z,3,20.28,6,OK,0.1
2026-02-15T12:04:19.050Z,5,20.32,7,OK,0.1
2026-02-15T12:04:19.162Z,6,37.39,5,SATURATED,0.1
2026-02-15T12:04:19.212Z,4,37.32,5,OK,0.1
2026-02-15T12:04:19.262Z,4,37.35,5,OK,0.1
2026-02-15T12:04:19.312Z,4,37.33,5,OK,0.1
2026-02-15T12:04:19.461Z,4,60.38,5,OK,0.1
2026-02-15T12:04:19.513Z,5,43.36,5,SATURATED,0.1
2026-02-15T12:04:19.564Z,5,43.44,5,SATURATED,0.1
2026-02-15T12:04:19.616Z,5,43.50,5,SATURATED,0.1
2026-02-15T12:04:19.666Z,5,43.48,5,SATURATED,0.1
2026-02-15T12:04:19.716Z,5,20.39,6,OK,0.1
2026-02-15T12:04:19.767Z,6,20.39,7,OK,0.1
2026-02-15T12:04:19.818Z,5,20.34,8,OK,0.1
2026-02-15T12:04:19.868Z,5,20.19,9,OK,0.1
2026-02-15T12:04:19.918Z,5,20.19,10,OK,0.1
2026-02-15T12:04:19.969Z,5,20.27,11,OK,0.1
2026-02-15T12:04:20.019Z,7,20.25,12,OK,0.1
2026-02-15T12:04:20.163Z,6,20.25,13,OK,0.1
2026-02-15T12:04:20.298Z,7,29.76,12,OK,0.1
2026-02-15T12:04:20.348Z,6,29.76,11,OK,0.1
2026-02-15T12:04:20.398Z,6,29.67,10,OK,0.1
2026-02-15T12:04:20.449Z,6,29.77,9,OK,0.1
2026-02-15T12:04:20.635Z,9,60.95,5,SATURATED,0.1
2026-02-15T12:04:20.685Z,6,47.45,5,SATURATED,0.1
2026-02-15T12:04:20.735Z,6,47.45,5,SATURATED,0.1
2026-02-15T12:04:20.785Z,6,47.61,5,SATURATED,0.1
2026-02-15T12:04:20.836Z,5,47.49,5,SATURATED,0.1
2026-02-15T12:04:20.886Z,5,16.34,6,OK,0.1
2026-02-15T12:04:20.936Z,5,20.43,7,OK,0.1
2026-02-15T12:04:20.986Z,5,20.36,8,OK,0.1
2026-02-15T12:04:21.161Z,5,20.17,9,OK,0.1
2026-02-15T12:04:21.265Z,6,36.85,7,OK,0.1
2026-02-15T12:04:21.316Z,4,36.96,5,OK,0.1
2026-02-15T12:04:21.367Z,4,37.13,5,OK,0.1
2026-02-15T12:04:21.417Z,4,37.26,5,OK,0.1
2026-02-15T12:04:21.468Z,3,37.31,5,OK,0.1
2026-02-15T12:04:21.519Z,3,20.77,6,OK,0.1
2026-02-15T12:04:21.569Z,3,20.68,7,OK,0.1
2026-02-15T12:04:21.620Z,3,20.50,8,OK,0.1
2026-02-15T12:04:21.870Z,3,63.93,5,OK,0.1
2026-02-15T12:04:21.921Z,3,60.07,5,OK,0.1
2026-02-15T12:04:21.972Z,3,59.97,5,OK,0.1
2026-02-15T12:04:22.022Z,2,59.96,5,OK,0.1
2026-02-15T12:04:22.073Z,2,59.99,5,OK,0.1
2026-02-15T12:04:22.124Z,2,16.49,6,OK,0.1
2026-02-15T12:04:22.176Z,1,20.33,7,OK,0.1
2026-02-15T12:04:22.227Z,1,20.46,8,OK,0.1
2026-02-15T12:04:22.451Z,7,20.42,9,OK,0.1
2026-02-15T12:04:22.570Z,9,40.13,7,SATURATED,0.1
2026-02-15T12:04:22.620Z,4,40.11,5,OK,0.1
2026-02-15T12:04:22.671Z,4,40.19,5,OK,0.1
2026-02-15T12:04:22.721Z,4,40.02,5,OK,0.1
2026-02-15T12:04:22.772Z,4,40.05,5,OK,0.1
2026-02-15T12:04:22.822Z,4,20.31,6,OK,0.1
2026-02-15T12:04:22.872Z,4,20.30,7,OK,0.1
2026-02-15T12:04:22.991Z,7,39.12,5,SATURATED,0.1
2026-02-15T12:04:23.041Z,5,35.11,5,SATURATED,0.1
2026-02-15T12:04:23.091Z,5,35.13,5,SATURATED,0.1
2026-02-15T12:04:23.139Z,5,35.08,5,SATURATED,0.1
2026-02-15T12:04:23.189Z,5,35.30,5,SATURATED,0.1
2026-02-15T12:04:23.239Z,5,16.37,6,OK,0.1
2026-02-15T12:04:23.290Z,5,20.43,7,OK,0.1
2026-02-15T12:04:23.341Z,5,20.43,8,OK,0.1
2026-02-15T12:04:23.391Z,5,20.47,9,OK,0.1
2026-02-15T12:04:23.443Z,5,20.27,10,OK,0.1
2026-02-15T12:04:23.493Z,5,20.16,11,OK,0.1
2026-02-15T12:04:23.543Z,5,20.18,12,OK,0.1
2026-02-15T12:04:23.738Z,12,51.74,9,SATURATED,0.1
2026-02-15T12:04:23.854Z,8,60.87,5,SATURATED,0.1
2026-02-15T12:04:23.904Z,6,60.99,5,SATURATED,0.1
2026-02-15T12:04:23.954Z,6,61.15,5,SATURATED,0.1
2026-02-15T12:04:24.003Z,6,61.04,5,SATURATED,0.1
2026-02-15T12:04:24.068Z,5,28.40,5,SATURATED,0.1
2026-02-15T12:04:24.118Z,5,19.18,6,OK,0.1
2026-02-15T12:04:24.168Z,5,19.07,7,OK,0.1
2026-02-15T12:04:24.367Z,6,34.88,6,SATURATED,0.1
2026-02-15T12:04:24.417Z,4,35.07,5,OK,0.1
2026-02-15T12:04:24.467Z,4,36.13,5,OK,0.1
2026-02-15T12:04:24.517Z,4,36.25,5,OK,0.1
2026-02-15T12:04:24.567Z,4,36.26,5,OK,0.1
2026-02-15T12:04:24.727Z,4,32.01,5,OK,0.1
2026-02-15T12:04:24.777Z,3,31.87,5,OK,0.1
2026-02-15T12:04:24.828Z,3,31.91,5,OK,0.1
2026-02-15T12:04:24.878Z,3,31.85,5,OK,0.1
2026-02-15T12:04:24.928Z,2,31.82,5,OK,0.1
2026-02-15T12:04:24.979Z,2,20.29,6,OK,0.1
2026-02-15T12:04:25.030Z,6,23.87,7,OK,0.1
2026-02-15T12:04:25.156Z,7,41.10,5,SATURATED,0.1
2026-02-15T12:04:25.206Z,5,41.06,5,SATURATED,0.1
2026-02-15T12:04:25.257Z,5,41.06,5,SATURATED,0.1
2026-02-15T12:04:25.307Z,5,41.12,5,SATURATED,0.1
2026-02-15T12:04:25.357Z,5,37.58,5,SATURATED,0.1
2026-02-15T12:04:25.407Z,5,20.34,6,OK,0.1
2026-02-15T12:04:25.459Z,5,20.41,7,OK,0.1
2026-02-15T12:04:25.510Z,5,20.41,8,OK,0.1
2026-02-15T12:04:25.561Z,5,20.33,9,OK,0.1
2026-02-15T12:04:25.733Z,7,46.19,6,SATURATED,0.1
2026-02-15T12:04:25.862Z,5,57.90,5,SATURATED,0.1
2026-02-15T12:04:25.913Z,5,58.02,5,SATURATED,0.1
2026-02-15T12:04:25.963Z,5,58.03,5,SATURATED,0.1
2026-02-15T12:04:26.014Z,5,58.23,5,SATURATED,0.1
2026-02-15T12:04:26.064Z,5,32.56,5,SATURATED,0.1
2026-02-15T12:04:26.116Z,5,20.82,6,OK,0.1
2026-02-15T12:04:26.167Z,6,20.74,7,OK,0.1
2026-02-15T12:04:26.402Z,5,22.30,8,OK,0.1
2026-02-15T12:04:26.527Z,8,42.97,6,SATURATED,0.1
2026-02-15T12:04:26.577Z,4,42.75,5,OK,0.1
2026-02-15T12:04:26.627Z,4,42.98,5,OK,0.1
2026-02-15T12:04:26.677Z,4,42.86,5,OK,0.1
2026-02-15T12:04:26.729Z,4,41.35,5,OK,0.1
2026-02-15T12:04:26.779Z,4,20.50,6,OK,0.1
2026-02-15T12:04:26.953Z,4,49.10,5,OK,0.1
2026-02-15T12:04:27.003Z,3,48.77,5,OK,0.1
2026-02-15T12:04:27.216Z,4,77.38,5,OK,0.1
2026-02-15T12:04:27.520Z,3,134.08,5,OK,0.4
2026-02-15T12:04:27.661Z,2,148.18,5,OK,0.4
2026-02-15T12:04:27.711Z,2,119.64,5,OK,0.1
2026-02-15T12:04:27.762Z,3,119.73,5,OK,0.1
2026-02-15T12:04:27.813Z,3,91.14,5,OK,0.1
2026-02-15T12:04:27.863Z,3,34.38,5,OK,0.1
2026-02-15T12:04:27.913Z,2,20.28,6,OK,0.1
2026-02-15T12:04:27.964Z,4,20.27,7,OK,0.1
2026-02-15T12:04:28.086Z,7,30.62,6,SATURATED,0.1
2026-02-15T12:04:28.206Z,3,40.62,5,OK,0.1
2026-02-15T12:04:28.256Z,3,40.67,5,OK,0.1
2026-02-15T12:04:28.307Z,3,40.62,5,OK,0.1
2026-02-15T12:04:28.358Z,3,40.67,5,OK,0.1
2026-02-15T12:04:28.408Z,3,30.30,5,OK,0.1
2026-02-15T12:04:28.459Z,3,20.38,6,OK,0.1
2026-02-15T12:04:28.518Z,6,20.92,7,OK,0.1
2026-02-15T12:04:28.580Z,7,25.39,6,SATURATED,0.1
2026-02-15T12:04:28.630Z,4,25.42,5,OK,0.1
2026-02-15T12:04:28.834Z,4,59.10,5,OK,0.1
2026-02-15T12:04:28.884Z,4,59.10,5,OK,0.1
2026-02-15T12:04:28.935Z,4,58.56,5,OK,0.1
2026-02-15T12:04:28.985Z,4,54.10,5,OK,0.1
2026-02-15T12:04:29.037Z,4,53.97,5,OK,0.1
2026-02-15T12:04:29.273Z,5,20.36,6,OK,0.1
2026-02-15T12:04:29.323Z,4,20.26,7,OK,0.1
2026-02-15T12:04:29.375Z,4,20.41,8,OK,0.1
2026-02-15T12:04:29.425Z,4,20.44,9,OK,0.1
2026-02-15T12:04:29.475Z,4,20.52,10,OK,0.1
2026-02-15T12:04:29.660Z,10,34.35,9,SATURATED,0.1
2026-02-15T12:04:29.711Z,4,30.57,8,OK,0.1
2026-02-15T12:04:29.761Z,3,30.36,7,OK,0.1
2026-02-15T12:04:29.812Z,2,30.32,6,OK,0.1
2026-02-15T12:04:29.983Z,6,31.63,5,SATURATED,0.1
2026-02-15T12:04:30.076Z,3,22.31,6,OK,0.1
2026-02-15T12:04:30.127Z,2,26.22,5,OK,0.1
2026-02-15T12:04:30.176Z,2,26.28,5,OK,0.1
2026-02-15T12:04:30.226Z,2,26.25,5,OK,0.1
2026-02-15T12:04:30.277Z,3,24.91,6,OK,0.1
2026-02-15T12:04:30.459Z,3,42.71,5,OK,0.1
2026-02-15T12:04:30.511Z,3,42.65,5,OK,0.1
2026-02-15T12:04:30.561Z,2,42.71,5,OK,0.1
2026-02-15T12:04:30.611Z,2,42.79,5,OK,0.1
2026-02-15T12:04:30.663Z,3,42.77,5,OK,0.1
2026-02-15T12:04:30.713Z,5,21.31,6,OK,0.1
2026-02-15T12:04:30.763Z,2,17.26,7,OK,0.1
2026-02-15T12:04:30.813Z,2,17.09,8,OK,0.1
2026-02-15T12:04:30.972Z,2,17.01,9,OK,0.1
2026-02-15T12:04:31.086Z,9,35.74,7,SATURATED,0.1
2026-02-15T12:04:31.136Z,2,34.90,6,OK,0.1
2026-02-15T12:04:31.187Z,2,39.00,5,OK,0.1
2026-02-15T12:04:31.238Z,2,39.03,5,OK,0.1
2026-02-15T12:04:31.289Z,3,39.22,5,OK,0.1
2026-02-15T12:04:31.340Z,2,20.50,6,OK,0.1
2026-02-15T12:04:31.390Z,2,20.50,7,OK,0.1
2026-02-15T12:04:31.440Z,2,20.49,8,OK,0.1
2026-02-15T12:04:31.513Z,7,23.65,9,OK,0.1
2026-02-15T12:04:31.563Z,4,23.47,10,OK,0.1
2026-02-15T12:04:31.614Z,4,23.42,11,OK,0.1
2026-02-15T12:04:31.665Z,4,23.35,12,OK,0.1
2026-02-15T12:04:31.721Z,12,23.79,13,OK,0.1
2026-02-15T12:04:31.782Z,13,22.64,14,OK,0.1
2026-02-15T12:04:31.917Z,8,35.58,12,OK,0.1
2026-02-15T12:04:31.968Z,7,35.56,10,OK,0.1
2026-02-15T12:04:32.018Z,7,35.56,8,OK,0.1
2026-02-15T12:04:32.068Z,7,35.16,6,SATURATED,0.1
2026-02-15T12:04:32.118Z,7,34.34,5,SATURATED,0.1
2026-02-15T12:04:32.168Z,7,21.38,6,SATURATED,0.1
2026-02-15T12:04:32.219Z,7,21.48,7,SATURATED,0.1
2026-02-15T12:04:32.269Z,7,21.50,8,OK,0.1
2026-02-15T12:04:32.320Z,7,21.48,9,OK,0.1
2026-02-15T12:04:32.371Z,7,20.37,10,OK,0.1
2026-02-15T12:04:32.422Z,7,20.36,11,OK,0.1
2026-02-15T12:04:32.472Z,7,20.32,12,OK,0.1
2026-02-15T12:04:32.621Z,8,45.04,9,OK,0.1
2026-02-15T12:04:32.672Z,6,45.06,6,SATURATED,0.1
2026-02-15T12:04:32.724Z,6,45.04,5,SATURATED,0.1
2026-02-15T12:04:32.774Z,6,45.20,5,SATURATED,0.1
2026-02-15T12:04:32.824Z,6,45.42,5,SATURATED,0.1
2026-02-15T12:04:32.874Z,6,20.73,6,SATURATED,0.1
2026-02-15T12:04:32.924Z,6,20.66,7,OK,0.1
2026-02-15T12:04:32.975Z,6,20.66,8,OK,0.1
2026-02-15T12:04:33.025Z,6,20.43,9,OK,0.1
2026-02-15T12:04:33.075Z,6,20.23,10,OK,0.1
2026-02-15T12:04:33.330Z,10,47.95,8,SATURATED,0.1
2026-02-15T12:04:33.126Z,10,21.21,11,OK,0.1
2026-02-15T12:04:33.380Z,8,47.98,5,SATURATED,0.1
2026-02-15T12:04:33.430Z,8,48.13,5,SATURATED,0.1
2026-02-15T12:04:33.481Z,7,48.19,5,SATURATED,0.1
2026-02-15T12:04:33.531Z,6,47.18,5,SATURATED,0.1
2026-02-15T12:04:33.581Z,6,20.46,6,SATURATED,0.1
2026-02-15T12:04:33.635Z,6,20.46,7,OK,0.1
2026-02-15T12:04:33.685Z,6,21.73,8,OK,0.1
2026-02-15T12:04:33.743Z,8,22.62,9,OK,0.1
2026-02-15T12:04:33.968Z,9,53.57,6,SATURATED,0.1
2026-02-15T12:04:34.018Z,4,57.59,5,OK,0.1
2026-02-15T12:04:34.069Z,4,57.53,5,OK,0.1
2026-02-15T12:04:34.270Z,4,72.23,5,OK,0.1
2026-02-15T12:04:34.320Z,5,71.33,5,SATURATED,0.1
2026-02-15T12:04:34.371Z,5,40.49,5,SATURATED,0.1
2026-02-15T12:04:34.421Z,5,36.52,5,SATURATED,0.1
2026-02-15T12:04:34.471Z,5,36.63,5,SATURATED,0.1
2026-02-15T12:04:34.523Z,5,20.61,6,OK,0.1
2026-02-15T12:04:34.573Z,5,20.59,7,OK,0.1
2026-02-15T12:04:34.623Z,5,20.45,8,OK,0.1
2026-02-15T12:04:34.820Z,6,53.56,5,SATURATED,0.1
2026-02-15T12:04:34.870Z,5,53.52,5,SATURATED,0.1
2026-02-15T12:04:34.921Z,5,53.55,5,SATURATED,0.1
2026-02-15T12:04:34.974Z,5,53.49,5,SATURATED,0.1
2026-02-15T12:04:35.024Z,5,53.46,5,SATURATED,0.1
2026-02-15T12:04:35.074Z,5,20.27,6,OK,0.1
2026-02-15T12:04:35.126Z,3,20.19,7,OK,0.1
2026-02-15T12:04:35.176Z,3,20.16,8,OK,0.1
2026-02-15T12:04:35.226Z,3,20.08,9,OK,0.1
2026-02-15T12:04:35.420Z,4,20.15,10,OK,0.1
2026-02-15T12:04:35.470Z,3,20.22,11,OK,0.1
2026-02-15T12:04:35.520Z,3,20.08,12,OK,0.1
2026-02-15T12:04:35.570Z,3,20.12,13,OK,0.1
2026-02-15T12:04:35.621Z,3,20.20,14,OK,0.1
2026-02-15T12:04:35.672Z,3,20.19,15,OK,0.1
2026-02-15T12:04:35.723Z,3,20.10,16,OK,0.1
2026-02-15T12:04:35.773Z,2,20.27,17,OK,0.1
2026-02-15T12:04:35.824Z,2,20.24,18,OK,0.1
2026-02-15T12:04:35.995Z,12,40.39,16,OK,0.1
2026-02-15T12:04:36.049Z,16,41.80,14,SATURATED,0.1
2026-02-15T12:04:36.101Z,8,41.82,12,OK,0.1
2026-02-15T12:04:36.268Z,8,69.05,7,SATURATED,0.1
2026-02-15T12:04:36.318Z,7,69.06,5,SATURATED,0.1
2026-02-15T12:04:36.369Z,7,48.92,5,SATURATED,0.1
2026-02-15T12:04:36.420Z,7,47.57,5,SATURATED,0.1
2026-02-15T12:04:36.470Z,7,47.68,5,SATURATED,0.1
2026-02-15T12:04:36.521Z,7,20.60,6,SATURATED,0.1
2026-02-15T12:04:36.571Z,7,20.62,7,SATURATED,0.1
2026-02-15T12:04:36.621Z,7,20.63,8,OK,0.1
2026-02-15T12:04:36.671Z,7,20.74,9,OK,0.1
2026-02-15T12:04:36.721Z,7,20.68,10,OK,0.1
2026-02-15T12:04:36.772Z,7,20.46,11,OK,0.1
2026-02-15T12:04:36.822Z,7,20.43,12,OK,0.1
2026-02-15T12:04:37.017Z,9,51.80,9,SATURATED,0.1
2026-02-15T12:04:37.118Z,9,57.78,5,SATURATED,0.1
2026-02-15T12:04:37.168Z,7,57.68,5,SATURATED,0.1
2026-02-15T12:04:37.219Z,7,57.75,5,SATURATED,0.1
2026-02-15T12:04:37.270Z,7,57.65,5,SATURATED,0.1
2026-02-15T12:04:37.320Z,7,26.30,5,SATURATED,0.1
2026-02-15T12:04:37.371Z,7,20.17,6,SATURATED,0.1
2026-02-15T12:04:37.421Z,7,20.22,7,SATURATED,0.1
2026-02-15T12:04:37.471Z,7,20.21,8,OK,0.1
2026-02-15T12:04:37.522Z,7,20.39,9,OK,0.1
2026-02-15T12:04:37.573Z,7,20.39,10,OK,0.1
2026-02-15T12:04:37.623Z,7,20.41,11,OK,0.1
2026-02-15T12:04:37.674Z,7,20.40,12,OK,0.1
2026-02-15T12:04:37.725Z,7,20.38,13,OK,0.1
2026-02-15T12:04:37.775Z,7,20.17,14,OK,0.1
2026-02-15T12:04:37.825Z,7,20.16,15,OK,0.1
2026-02-15T12:04:37.876Z,3,20.48,16,OK,0.1
2026-02-15T12:04:37.926Z,3,20.52,17,OK,0.1
2026-02-15T12:04:37.977Z,3,20.55,18,OK,0.1
2026-02-15T12:04:38.027Z,2,20.81,19,OK,0.1
2026-02-15T12:04:38.477Z,12,104.16,11,SATURATED,0.1
2026-02-15T12:04:38.667Z,8,127.76,5,SATURATED,0.4
2026-02-15T12:04:38.717Z,6,127.76,5,SATURATED,0.4
2026-02-15T12:04:38.767Z,6,127.78,5,SATURATED,0.4
2026-02-15T12:04:38.818Z,6,127.67,5,SATURATED,0.4
2026-02-15T12:04:38.868Z,6,44.16,5,SATURATED,0.1
2026-02-15T12:04:38.919Z,6,20.22,6,SATURATED,0.1
2026-02-15T12:04:38.970Z,6,20.21,7,OK,0.1
2026-02-15T12:04:39.020Z,6,20.24,8,OK,0.1
2026-02-15T12:04:39.070Z,6,20.14,9,OK,0.1
2026-02-15T12:04:39.120Z,6,20.29,10,OK,0.1
2026-02-15T12:04:39.171Z,6,20.29,11,OK,0.1
2026-02-15T12:04:39.222Z,6,20.35,12,OK,0.1
2026-02-15T12:04:39.272Z,6,20.30,13,OK,0.1
2026-02-15T12:04:39.323Z,6,20.38,14,OK,0.1
2026-02-15T12:04:39.373Z,6,20.37,15,OK,0.1
2026-02-15T12:04:39.424Z,6,20.37,16,OK,0.1
2026-02-15T12:04:39.475Z,8,20.27,17,OK,0.1
2026-02-15T12:04:39.526Z,6,20.29,18,OK,0.1
2026-02-15T12:04:39.576Z,6,20.31,19,OK,0.1
2026-02-15T12:04:39.631Z,14,21.06,20,OK,0.1
2026-02-15T12:04:40.112Z,20,103.20,12,SATURATED,0.1
2026-02-15T12:04:40.165Z,9,99.76,5,SATURATED,0.1
2026-02-15T12:04:40.215Z,8,99.75,5,SATURATED,0.1
2026-02-15T12:04:40.265Z,8,99.80,5,SATURATED,0.1
2026-02-15T12:04:40.315Z,8,99.05,5,SATURATED,0.1
2026-02-15T12:04:40.365Z,8,16.86,6,SATURATED,0.1
2026-02-15T12:04:40.415Z,8,20.34,7,SATURATED,0.1
2026-02-15T12:04:40.466Z,8,20.35,8,SATURATED,0.1
2026-02-15T12:04:40.517Z,4,20.53,9,OK,0.1
2026-02-15T12:04:40.567Z,4,20.54,10,OK,0.1
2026-02-15T12:04:40.617Z,4,20.62,11,OK,0.1
2026-02-15T12:04:40.789Z,5,40.94,9,OK,0.1
2026-02-15T12:04:40.839Z,4,40.85,7,OK,0.1
2026-02-15T12:04:40.889Z,4,40.62,5,OK,0.1
2026-02-15T12:04:40.940Z,4,40.72,5,OK,0.1
2026-02-15T12:04:40.991Z,4,40.71,5,OK,0.1
2026-02-15T12:04:41.041Z,4,20.44,6,OK,0.1
2026-02-15T12:04:41.091Z,4,20.56,7,OK,0.1
2026-02-15T12:04:41.153Z,7,22.46,8,OK,0.1
2026-02-15T12:04:41.283Z,8,44.19,6,SATURATED,0.1
2026-02-15T12:04:41.333Z,4,44.15,5,OK,0.1
2026-02-15T12:04:41.384Z,4,44.08,5,OK,0.1
2026-02-15T12:04:41.435Z,4,44.13,5,OK,0.1
2026-02-15T12:04:41.486Z,4,42.22,5,OK,0.1
2026-02-15T12:04:41.536Z,4,20.50,6,OK,0.1
2026-02-15T12:04:41.586Z,4,20.52,7,OK,0.1
2026-02-15T12:04:41.637Z,1,20.54,8,OK,0.1
2026-02-15T12:04:41.687Z,1,20.46,9,OK,0.1
2026-02-15T12:04:41.737Z,1,20.47,10,OK,0.1
2026-02-15T12:04:41.787Z,1,20.37,11,OK,0.1
2026-02-15T12:04:41.935Z,9,45.09,8,SATURATED,0.1
2026-02-15T12:04:41.985Z,2,45.08,5,OK,0.1
2026-02-15T12:04:42.036Z,3,45.16,5,OK,0.1
2026-02-15T12:04:42.087Z,3,45.23,5,OK,0.1
2026-02-15T12:04:42.143Z,5,45.34,5,SATURATED,0.1
2026-02-15T12:04:42.288Z,5,45.44,5,SATURATED,0.1
2026-02-15T12:04:42.338Z,3,41.37,5,OK,0.1
2026-02-15T12:04:42.390Z,3,41.28,5,OK,0.1
2026-02-15T12:04:42.440Z,3,41.22,5,OK,0.1
2026-02-15T12:04:42.490Z,3,41.14,5,OK,0.1
2026-02-15T12:04:42.663Z,3,43.92,5,OK,0.1
2026-02-15T12:04:42.714Z,3,47.99,5,OK,0.1
2026-02-15T12:04:42.764Z,3,47.98,5,OK,0.1
2026-02-15T12:04:42.815Z,4,47.77,5,OK,0.1
2026-02-15T12:04:42.866Z,4,47.81,5,OK,0.1
2026-02-15T12:04:42.916Z,4,20.18,6,OK,0.1
2026-02-15T12:04:43.066Z,5,43.96,5,SATURATED,0.1
2026-02-15T12:04:43.117Z,4,44.02,5,OK,0.1
2026-02-15T12:04:43.167Z,5,44.44,5,SATURATED,0.1
2026-02-15T12:04:43.217Z,5,44.40,5,SATURATED,0.1
2026-02-15T12:04:43.267Z,5,44.43,5,SATURATED,0.1
2026-02-15T12:04:43.319Z,5,21.25,6,OK,0.1
2026-02-15T12:04:43.369Z,6,17.14,7,OK,0.1
2026-02-15T12:04:43.419Z,6,16.91,8,OK,0.1
2026-02-15T12:04:43.470Z,6,16.88,9,OK,0.1
2026-02-15T12:04:43.520Z,7,16.87,10,OK,0.1
2026-02-15T12:04:43.570Z,7,16.27,11,OK,0.1
2026-02-15T12:04:43.620Z,7,20.39,12,OK,0.1
2026-02-15T12:04:43.829Z,7,20.35,13,OK,0.1
2026-02-15T12:04:43.879Z,7,20.37,14,OK,0.1
2026-02-15T12:04:43.929Z,7,20.36,15,OK,0.1
2026-02-15T12:04:43.979Z,7,20.33,16,OK,0.1
2026-02-15T12:04:44.030Z,6,20.38,17,OK,0.1
2026-02-15T12:04:44.089Z,12,20.66,18,OK,0.1
2026-02-15T12:04:44.394Z,7,67.59,13,OK,0.1
2026-02-15T12:04:44.756Z,13,135.71,5,SATURATED,0.4
2026-02-15T12:04:44.807Z,5,135.72,5,SATURATED,0.4
2026-02-15T12:04:44.857Z,5,135.96,5,SATURATED,0.4
2026-02-15T12:04:44.907Z,5,135.75,5,SATURATED,0.4
2026-02-15T12:04:44.958Z,5,88.87,5,SATURATED,0.1
2026-02-15T12:04:45.008Z,5,20.76,6,OK,0.1
2026-02-15T12:04:45.058Z,5,20.77,7,OK,0.1
2026-02-15T12:04:45.107Z,5,20.69,8,OK,0.1
2026-02-15T12:04:45.160Z,5,20.67,9,OK,0.1
2026-02-15T12:04:45.210Z,4,20.63,10,OK,0.1
2026-02-15T12:04:45.261Z,4,20.65,11,OK,0.1
2026-02-15T12:04:45.311Z,4,20.70,12,OK,0.1
2026-02-15T12:04:45.361Z,3,20.45,13,OK,0.1
2026-02-15T12:04:45.560Z,3,35.82,11,OK,0.1
2026-02-15T12:04:45.610Z,2,35.81,9,OK,0.1
2026-02-15T12:04:45.661Z,2,35.76,7,OK,0.1
2026-02-15T12:04:45.736Z,7,35.65,5,SATURATED,0.1
2026-02-15T12:04:45.787Z,5,41.73,5,SATURATED,0.1
2026-02-15T12:04:45.908Z,2,42.00,5,OK,0.1
2026-02-15T12:04:46.184Z,5,83.14,5,SATURATED,0.1
2026-02-15T12:04:46.235Z,1,83.13,5,OK,0.1
2026-02-15T12:04:46.285Z,1,83.20,5,OK,0.1
2026-02-15T12:04:46.335Z,1,77.03,5,OK,0.1
2026-02-15T12:04:46.386Z,1,61.36,5,OK,0.1
2026-02-15T12:04:46.436Z,0,20.20,6,OK,0.1
2026-02-15T12:04:46.487Z,0,20.25,7,OK,0.1
2026-02-15T12:04:46.537Z,0,20.34,8,OK,0.1
2026-02-15T12:04:46.588Z,0,21.28,9,OK,0.1
2026-02-15T12:04:46.638Z,0,21.27,10,OK,0.1
2026-02-15T12:04:46.688Z,0,21.30,11,OK,0.1
2026-02-15T12:04:46.754Z,6,22.98,12,OK,0.1
2026-02-15T12:04:47.194Z,11,96.82,5,SATURATED,0.1
2026-02-15T12:04:47.534Z,5,149.89,5,SATURATED,0.4
2026-02-15T12:04:47.585Z,5,149.93,5,SATURATED,0.4
2026-02-15T12:04:47.635Z,5,149.72,5,SATURATED,0.4
2026-02-15T12:04:47.686Z,5,148.04,5,SATURATED,0.4
2026-02-15T12:04:47.736Z,5,74.08,5,SATURATED,0.1
2026-02-15T12:04:47.786Z,5,20.19,6,OK,0.1
2026-02-15T12:04:47.837Z,5,20.16,7,OK,0.1
2026-02-15T12:04:47.887Z,5,20.37,8,OK,0.1
2026-02-15T12:04:47.937Z,5,20.38,9,OK,0.1
2026-02-15T12:04:48.157Z,5,20.37,10,OK,0.1
2026-02-15T12:04:48.308Z,9,31.32,9,SATURATED,0.1
2026-02-15T12:04:48.376Z,9,31.05,8,SATURATED,0.1
2026-02-15T12:04:48.426Z,6,31.05,7,OK,0.1
2026-02-15T12:04:48.477Z,6,31.01,6,SATURATED,0.1
2026-02-15T12:04:48.529Z,6,31.07,5,SATURATED,0.1
2026-02-15T12:04:48.579Z,6,20.60,6,SATURATED,0.1
2026-02-15T12:04:48.630Z,6,20.83,7,OK,0.1
2026-02-15T12:04:48.681Z,6,20.83,8,OK,0.1
2026-02-15T12:04:48.731Z,6,20.94,9,OK,0.1
2026-02-15T12:04:48.782Z,5,20.99,10,OK,0.1
2026-02-15T12:04:48.832Z,5,20.45,11,OK,0.1
2026-02-15T12:04:48.882Z,5,20.48,12,OK,0.1
2026-02-15T12:04:48.932Z,5,20.43,13,OK,0.1
2026-02-15T12:04:48.983Z,5,20.37,14,OK,0.1
2026-02-15T12:04:49.033Z,5,20.31,15,OK,0.1
2026-02-15T12:04:49.083Z,5,20.32,16,OK,0.1
2026-02-15T12:04:49.134Z,5,20.27,17,OK,0.1
2026-02-15T12:04:49.184Z,6,20.29,18,OK,0.1
2026-02-15T12:04:49.314Z,8,41.11,16,OK,0.1
2026-02-15T12:04:49.446Z,13,53.43,13,SATURATED,0.1
2026-02-15T12:04:49.524Z,12,54.97,10,SATURATED,0.1
2026-02-15T12:04:49.574Z,7,55.04,6,SATURATED,0.1
2026-02-15T12:04:49.625Z,7,55.04,5,SATURATED,0.1
2026-02-15T12:04:49.675Z,7,34.27,5,SATURATED,0.1
2026-02-15T12:04:49.725Z,7,21.91,6,SATURATED,0.1
2026-02-15T12:04:49.776Z,7,20.27,7,SATURATED,0.1
2026-02-15T12:04:49.827Z,7,20.23,8,OK,0.1
2026-02-15T12:04:49.878Z,7,20.27,9,OK,0.1
2026-02-15T12:04:49.929Z,7,20.18,10,OK,0.1
2026-02-15T12:04:49.980Z,7,20.17,11,OK,0.1
2026-02-15T12:04:50.031Z,7,20.33,12,OK,0.1
2026-02-15T12:04:50.081Z,7,20.33,13,OK,0.1
2026-02-15T12:04:50.131Z,7,20.30,14,OK,0.1
2026-02-15T12:04:50.181Z,7,20.37,15,OK,0.1
2026-02-15T12:04:50.232Z,6,20.30,16,OK,0.1
2026-02-15T12:04:50.283Z,6,20.23,17,OK,0.1
2026-02-15T12:04:50.456Z,6,47.83,14,OK,0.1
2026-02-15T12:04:50.585Z,14,65.58,9,SATURATED,0.1
2026-02-15T12:04:50.652Z,8,64.86,5,SATURATED,0.1
2026-02-15T12:04:50.702Z,8,64.81,5,SATURATED,0.1
2026-02-15T12:04:50.752Z,7,65.03,5,SATURATED,0.1
2026-02-15T12:04:50.803Z,7,37.43,5,SATURATED,0.1
2026-02-15T12:04:50.853Z,7,19.70,6,SATURATED,0.1
2026-02-15T12:04:50.904Z,7,20.48,7,SATURATED,0.1
2026-02-15T12:04:50.954Z,7,20.63,8,OK,0.1
2026-02-15T12:04:51.004Z,7,20.51,9,OK,0.1
2026-02-15T12:04:51.154Z,7,36.46,7,SATURATED,0.1
2026-02-15T12:04:51.205Z,7,36.43,5,SATURATED,0.1
2026-02-15T12:04:51.255Z,7,36.31,5,SATURATED,0.1
2026-02-15T12:04:51.305Z,7,36.37,5,SATURATED,0.1
2026-02-15T12:04:51.355Z,7,36.33,5,SATURATED,0.1
2026-02-15T12:04:51.405Z,7,20.41,6,SATURATED,0.1
2026-02-15T12:04:51.456Z,7,20.43,7,SATURATED,0.1
2026-02-15T12:04:51.506Z,6,20.73,8,OK,0.1
2026-02-15T12:04:51.556Z,3,20.75,9,OK,0.1
2026-02-15T12:04:51.708Z,3,30.98,8,OK,0.1
2026-02-15T12:04:51.794Z,8,34.30,7,SATURATED,0.1
2026-02-15T12:04:51.844Z,4,34.31,6,OK,0.1
2026-02-15T12:04:51.894Z,4,34.01,5,OK,0.1
2026-02-15T12:04:51.945Z,4,34.02,5,OK,0.1
2026-02-15T12:04:51.995Z,4,23.76,6,OK,0.1
2026-02-15T12:04:52.045Z,4,20.45,7,OK,0.1
2026-02-15T12:04:52.096Z,4,20.46,8,OK,0.1
2026-02-15T12:04:52.146Z,4,20.55,9,OK,0.1
2026-02-15T12:04:52.197Z,4,20.44,10,OK,0.1
2026-02-15T12:04:52.247Z,5,20.49,11,OK,0.1
2026-02-15T12:04:52.298Z,5,20.47,12,OK,0.1
2026-02-15T12:04:52.348Z,5,20.50,13,OK,0.1
2026-02-15T12:04:52.398Z,5,20.48,14,OK,0.1
2026-02-15T12:04:52.448Z,5,20.48,15,OK,0.1
2026-02-15T12:04:52.593Z,3,35.56,13,OK,0.1
2026-02-15T12:04:52.828Z,13,68.48,8,SATURATED,0.1
2026-02-15T12:04:52.901Z,8,68.96,5,SATURATED,0.1
2026-02-15T12:04:52.951Z,8,68.84,5,SATURATED,0.1
2026-02-15T12:04:53.002Z,8,68.75,5,SATURATED,0.1
2026-02-15T12:04:53.052Z,8,53.71,5,SATURATED,0.1
2026-02-15T12:04:53.102Z,8,20.80,6,SATURATED,0.1
2026-02-15T12:04:53.147Z,8,20.35,7,SATURATED,0.1
2026-02-15T12:04:53.197Z,7,20.52,8,OK,0.1
2026-02-15T12:04:53.248Z,7,20.69,9,OK,0.1
2026-02-15T12:04:53.298Z,7,20.61,10,OK,0.1
2026-02-15T12:04:53.348Z,7,20.62,11,OK,0.1
2026-02-15T12:04:53.399Z,7,20.55,12,OK,0.1
2026-02-15T12:04:53.449Z,7,20.41,13,OK,0.1
2026-02-15T12:04:53.500Z,7,20.33,14,OK,0.1
2026-02-15T12:04:53.551Z,7,20.38,15,OK,0.1
2026-02-15T12:04:53.602Z,7,20.35,16,OK,0.1
2026-02-15T12:04:53.652Z,7,20.31,17,OK,0.1
2026-02-15T12:04:53.702Z,7,20.39,18,OK,0.1
2026-02-15T12:04:53.752Z,6,20.46,19,OK,0.1
2026-02-15T12:04:53.803Z,6,20.39,20,OK,0.1
2026-02-15T12:04:54.051Z,6,55.93,16,OK,0.1
2026-02-15T12:04:54.262Z,16,94.08,9,SATURATED,0.1
2026-02-15T12:04:54.313Z,5,94.05,5,SATURATED,0.1
2026-02-15T12:04:54.364Z,5,93.89,5,SATURATED,0.1
2026-02-15T12:04:54.414Z,5,93.72,5,SATURATED,0.1
2026-02-15T12:04:54.463Z,5,58.18,5,SATURATED,0.1
2026-02-15T12:04:54.514Z,5,19.98,6,OK,0.1
2026-02-15T12:04:54.563Z,5,19.96,7,OK,0.1
2026-02-15T12:04:54.614Z,5,20.07,8,OK,0.1
2026-02-15T12:04:54.663Z,5,20.20,9,OK,0.1
2026-02-15T12:04:54.714Z,5,20.20,10,OK,0.1
2026-02-15T12:04:54.832Z,6,30.01,9,OK,0.1
2026-02-15T12:04:54.883Z,0,30.05,8,OK,0.1
2026-02-15T12:04:54.933Z,0,30.03,7,OK,0.1
2026-02-15T12:04:54.984Z,0,30.15,6,OK,0.1
2026-02-15T12:04:55.033Z,0,30.23,5,OK,0.1
2026-02-15T12:04:55.162Z,0,41.24,5,OK,0.1
2026-02-15T12:04:55.227Z,5,41.61,5,SATURATED,0.1
2026-02-15T12:04:55.575Z,5,42.21,5,SATURATED,0.1
2026-02-15T12:04:55.625Z,4,44.00,5,OK,0.1
2026-02-15T12:04:55.675Z,4,43.86,5,OK,0.1
2026-02-15T12:04:55.725Z,4,23.10,6,OK,0.1
2026-02-15T12:04:55.776Z,4,22.67,7,OK,0.1
2026-02-15T12:04:55.827Z,4,22.08,8,OK,0.1
2026-02-15T12:04:55.878Z,4,20.34,9,OK,0.1
2026-02-15T12:04:55.929Z,4,20.43,10,OK,0.1
2026-02-15T12:04:55.978Z,4,20.51,11,OK,0.1
2026-02-15T12:04:56.029Z,4,20.60,12,OK,0.1
2026-02-15T12:04:56.079Z,4,20.62,13,OK,0.1
2026-02-15T12:04:56.130Z,4,20.50,14,OK,0.1
2026-02-15T12:04:56.180Z,5,20.45,15,OK,0.1
2026-02-15T12:04:56.484Z,7,21.14,16,OK,0.1
2026-02-15T12:04:56.534Z,5,23.73,17,OK,0.1
2026-02-15T12:04:56.696Z,16,51.26,14,SATURATED,0.1
2026-02-15T12:04:56.766Z,11,51.19,11,SATURATED,0.1
2026-02-15T12:04:56.816Z,8,51.08,8,SATURATED,0.1
2026-02-15T12:04:56.866Z,8,50.25,5,SATURATED,0.1
2026-02-15T12:04:56.917Z,8,47.61,5,SATURATED,0.1
2026-02-15T12:04:56.967Z,8,20.05,6,SATURATED,0.1
2026-02-15T12:04:57.016Z,8,20.15,7,SATURATED,0.1
2026-02-15T12:04:57.067Z,8,20.28,8,SATURATED,0.1
2026-02-15T12:04:57.116Z,8,20.42,9,OK,0.1
2026-02-15T12:04:57.167Z,8,20.39,10,OK,0.1
2026-02-15T12:04:57.217Z,5,20.48,11,OK,0.1
2026-02-15T12:04:57.268Z,4,20.43,12,OK,0.1
2026-02-15T12:04:57.319Z,4,20.39,13,OK,0.1
2026-02-15T12:04:57.368Z,4,20.32,14,OK,0.1
2026-02-15T12:04:57.419Z,4,20.38,15,OK,0.1
2026-02-15T12:04:57.469Z,4,20.31,16,OK,0.1
2026-02-15T12:04:57.646Z,4,41.66,14,OK,0.1
2026-02-15T12:04:57.807Z,14,69.84,9,SATURATED,0.1
2026-02-15T12:04:57.961Z,5,86.57,5,SATURATED,0.1
2026-02-15T12:04:58.010Z,5,86.46,5,SATURATED,0.1
2026-02-15T12:04:58.061Z,5,86.45,5,SATURATED,0.1
2026-02-15T12:04:58.111Z,5,65.07,5,SATURATED,0.1
2026-02-15T12:04:58.162Z,5,36.93,5,SATURATED,0.1
2026-02-15T12:04:58.213Z,5,20.21,6,OK,0.1
2026-02-15T12:04:58.264Z,4,20.29,7,OK,0.1
2026-02-15T12:04:58.314Z,4,20.29,8,OK,0.1
2026-02-15T12:04:58.364Z,4,20.33,9,OK,0.1
2026-02-15T12:04:58.415Z,4,20.31,10,OK,0.1
2026-02-15T12:04:58.465Z,4,20.21,11,OK,0.1
2026-02-15T12:04:58.516Z,4,20.19,12,OK,0.1
2026-02-15T12:04:58.566Z,3,20.27,13,OK,0.1
2026-02-15T12:04:58.616Z,3,20.26,14,OK,0.1
2026-02-15T12:04:58.757Z,3,20.28,15,OK,0.1
2026-02-15T12:04:58.896Z,2,29.99,14,OK,0.1
2026-02-15T12:04:58.982Z,14,33.14,13,SATURATED,0.1
2026-02-15T12:04:59.209Z,6,64.41,9,OK,0.1
2026-02-15T12:04:59.260Z,3,64.34,5,OK,0.1
2026-02-15T12:04:59.309Z,3,64.33,5,OK,0.1
2026-02-15T12:04:59.360Z,3,54.71,5,OK,0.1
2026-02-15T12:04:59.411Z,3,51.59,5,OK,0.1
2026-02-15T12:04:59.461Z,3,20.24,6,OK,0.1
2026-02-15T12:04:59.512Z,3,20.29,7,OK,0.1
2026-02-15T12:04:59.562Z,3,20.27,8,OK,0.1
2026-02-15T12:04:59.612Z,3,20.23,9,OK,0.1
2026-02-15T12:04:59.662Z,3,20.23,10,OK,0.1
2026-02-15T12:04:59.713Z,3,20.26,11,OK,0.1
2026-02-15T12:04:59.984Z,3,20.26,12,OK,0.1
2026-02-15T12:05:00.075Z,12,24.44,13,OK,0.1
2026-02-15T12:05:00.215Z,11,38.40,11,SATURATED,0.1
2026-02-15T12:05:00.394Z,9,60.12,7,SATURATED,0.1
2026-02-15T12:05:00.445Z,5,60.01,5,SATURATED,0.1
2026-02-15T12:05:00.494Z,5,60.00,5,SATURATED,0.1
2026-02-15T12:05:00.545Z,5,55.92,5,SATURATED,0.1
2026-02-15T12:05:00.595Z,5,41.91,5,SATURATED,0.1
2026-02-15T12:05:00.645Z,5,20.20,6,OK,0.1
2026-02-15T12:05:00.696Z,5,20.30,7,OK,0.1
2026-02-15T12:05:00.747Z,5,20.33,8,OK,0.1
2026-02-15T12:05:00.797Z,5,20.29,9,OK,0.1
2026-02-15T12:05:00.847Z,5,20.42,10,OK,0.1
2026-02-15T12:05:00.898Z,5,20.38,11,OK,0.1
2026-02-15T12:05:00.948Z,4,20.38,12,OK,0.1
2026-02-15T12:05:00.999Z,4,20.38,13,OK,0.1
2026-02-15T12:05:01.142Z,13,44.23,11,SATURATED,0.1
2026-02-15T12:05:01.210Z,9,43.72,9,SATURATED,0.1
2026-02-15T12:05:01.387Z,8,65.06,5,SATURATED,0.1
2026-02-15T12:05:01.437Z,7,65.05,5,SATURATED,0.1
2026-02-15T12:05:01.486Z,7,65.04,5,SATURATED,0.1
2026-02-15T12:05:01.537Z,7,41.18,5,SATURATED,0.1
2026-02-15T12:05:01.587Z,7,41.61,5,SATURATED,0.1
2026-02-15T12:05:01.637Z,7,20.27,6,SATURATED,0.1
2026-02-15T12:05:01.688Z,7,20.18,7,SATURATED,0.1
2026-02-15T12:05:01.738Z,7,20.17,8,OK,0.1
2026-02-15T12:05:01.789Z,7,20.17,9,OK,0.1
2026-02-15T12:05:01.839Z,7,20.22,10,OK,0.1
2026-02-15T12:05:01.890Z,7,20.23,11,OK,0.1
2026-02-15T12:05:01.941Z,8,20.37,12,OK,0.1
2026-02-15T12:05:01.990Z,8,20.39,13,OK,0.1
2026-02-15T12:05:02.040Z,8,20.44,14,OK,0.1
2026-02-15T12:05:02.090Z,8,20.45,15,OK,0.1
2026-02-15T12:05:02.141Z,8,20.60,16,OK,0.1
2026-02-15T12:05:02.270Z,13,32.30,15,OK,0.1
2026-02-15T12:05:02.460Z,13,56.24,11,SATURATED,0.1
2026-02-15T12:05:02.510Z,6,56.18,7,OK,0.1
2026-02-15T12:05:02.560Z,6,56.18,5,SATURATED,0.1
2026-02-15T12:05:02.611Z,6,56.03,5,SATURATED,0.1
2026-02-15T12:05:02.661Z,6,44.29,5,SATURATED,0.1
2026-02-15T12:05:02.712Z,6,20.33,6,SATURATED,0.1
2026-02-15T12:05:02.762Z,6,20.33,7,OK,0.1
2026-02-15T12:05:02.812Z,6,20.31,8,OK,0.1
2026-02-15T12:05:02.862Z,6,20.28,9,OK,0.1
2026-02-15T12:05:02.912Z,6,20.28,10,OK,0.1
2026-02-15T12:05:02.963Z,6,20.28,11,OK,0.1
2026-02-15T12:05:03.012Z,5,20.28,12,OK,0.1
2026-02-15T12:05:03.062Z,5,20.26,13,OK,0.1
2026-02-15T12:05:03.113Z,5,20.26,14,OK,0.1
2026-02-15T12:05:03.163Z,3,20.46,15,OK,0.1
2026-02-15T12:05:03.215Z,3,20.45,16,OK,0.1
2026-02-15T12:05:03.264Z,2,20.45,17,OK,0.1
2026-02-15T12:05:03.314Z,2,20.44,18,OK,0.1
2026-02-15T12:05:03.365Z,2,20.47,19,OK,0.1
2026-02-15T12:05:03.577Z,5,57.02,15,OK,0.1
2026-02-15T12:05:04.028Z,15,133.18,5,SATURATED,0.4
2026-02-15T12:05:04.079Z,3,133.24,5,OK,0.4
2026-02-15T12:05:04.130Z,3,133.24,5,OK,0.4
2026-02-15T12:05:04.248Z,3,142.76,5,OK,0.4
2026-02-15T12:05:04.298Z,3,106.07,5,OK,0.1
2026-02-15T12:05:04.349Z,3,29.91,5,OK,0.1
2026-02-15T12:05:04.399Z,2,29.93,5,OK,0.1
2026-02-15T12:05:04.450Z,2,30.03,5,OK,0.1
2026-02-15T12:05:04.500Z,2,20.50,6,OK,0.1
2026-02-15T12:05:04.551Z,2,20.43,7,OK,0.1
2026-02-15T12:05:04.779Z,2,38.81,5,OK,0.1
2026-02-15T12:05:04.829Z,2,38.71,5,OK,0.1
2026-02-15T12:05:04.880Z,2,38.63,5,OK,0.1
2026-02-15T12:05:05.133Z,5,59.78,5,SATURATED,0.1
2026-02-15T12:05:05.237Z,5,66.54,5,SATURATED,0.1
2026-02-15T12:05:05.289Z,3,48.14,5,OK,0.1
2026-02-15T12:05:05.338Z,2,48.17,5,OK,0.1
2026-02-15T12:05:05.390Z,2,48.15,5,OK,0.1
2026-02-15T12:05:05.440Z,1,26.94,5,OK,0.1
2026-02-15T12:05:05.491Z,1,20.19,6,OK,0.1
2026-02-15T12:05:05.541Z,1,20.24,7,OK,0.1
2026-02-15T12:05:05.591Z,1,20.20,8,OK,0.1
2026-02-15T12:05:05.642Z,0,20.25,9,OK,0.1
2026-02-15T12:05:05.693Z,0,20.28,10,OK,0.1
2026-02-15T12:05:05.742Z,0,20.32,11,OK,0.1
2026-02-15T12:05:05.792Z,0,20.70,12,OK,0.1
2026-02-15T12:05:05.843Z,0,20.71,13,OK,0.1
2026-02-15T12:05:05.894Z,0,20.69,14,OK,0.1
2026-02-15T12:05:06.025Z,1,40.64,12,OK,0.1
2026-02-15T12:05:06.075Z,2,40.61,10,OK,0.1
2026-02-15T12:05:06.126Z,2,40.18,8,OK,0.1
2026-02-15T12:05:06.340Z,7,57.55,5,SATURATED,0.1
2026-02-15T12:05:06.408Z,5,57.09,5,SATURATED,0.1
2026-02-15T12:05:06.458Z,4,37.13,5,OK,0.1
2026-02-15T12:05:06.508Z,4,37.16,5,OK,0.1
2026-02-15T12:05:06.559Z,4,37.19,5,OK,0.1
2026-02-15T12:05:06.609Z,5,19.83,6,OK,0.1
2026-02-15T12:05:06.659Z,5,20.44,7,OK,0.1
2026-02-15T12:05:06.710Z,5,20.45,8,OK,0.1
2026-02-15T12:05:06.759Z,5,20.46,9,OK,0.1
2026-02-15T12:05:06.810Z,5,20.43,10,OK,0.1
2026-02-15T12:05:06.861Z,5,20.39,11,OK,0.1
2026-02-15T12:05:06.910Z,5,20.06,12,OK,0.1
2026-02-15T12:05:06.960Z,5,20.13,13,OK,0.1
2026-02-15T12:05:07.011Z,5,20.10,14,OK,0.1
2026-02-15T12:05:07.060Z,6,20.03,15,OK,0.1
2026-02-15T12:05:07.111Z,6,20.09,16,OK,0.1
2026-02-15T12:05:07.281Z,6,40.22,14,OK,0.1
2026-02-15T12:05:07.485Z,14,76.95,8,SATURATED,0.1
2026-02-15T12:05:07.611Z,6,88.08,5,SATURATED,0.1
2026-02-15T12:05:07.661Z,6,88.18,5,SATURATED,0.1
2026-02-15T12:05:07.711Z,6,88.17,5,SATURATED,0.1
2026-02-15T12:05:07.762Z,6,68.20,5,SATURATED,0.1
2026-02-15T12:05:07.811Z,6,31.38,5,SATURATED,0.1
2026-02-15T12:05:07.862Z,6,20.27,6,SATURATED,0.1
2026-02-15T12:05:07.915Z,5,20.29,7,OK,0.1
2026-02-15T12:05:07.964Z,5,20.34,8,OK,0.1
2026-02-15T12:05:08.015Z,5,20.41,9,OK,0.1
2026-02-15T12:05:08.066Z,4,20.54,10,OK,0.1
2026-02-15T12:05:08.117Z,4,20.53,11,OK,0.1
2026-02-15T12:05:08.167Z,3,20.53,12,OK,0.1
2026-02-15T12:05:08.218Z,3,20.55,13,OK,0.1
2026-02-15T12:05:08.268Z,3,20.54,14,OK,0.1
2026-02-15T12:05:08.319Z,3,20.45,15,OK,0.1
2026-02-15T12:05:08.369Z,2,20.50,16,OK,0.1
2026-02-15T12:05:08.419Z,2,20.51,17,OK,0.1
2026-02-15T12:05:08.469Z,2,20.48,18,OK,0.1
2026-02-15T12:05:08.622Z,9,44.11,16,OK,0.1
2026-02-15T12:05:08.690Z,16,43.63,14,SATURATED,0.1
2026-02-15T12:05:08.741Z,7,43.60,12,OK,0.1
2026-02-15T12:05:08.791Z,7,43.47,10,OK,0.1
2026-02-15T12:05:08.842Z,7,43.47,8,OK,0.1
2026-02-15T12:05:08.892Z,7,19.85,9,OK,0.1
2026-02-15T12:05:08.943Z,7,20.25,10,OK,0.1
2026-02-15T12:05:08.994Z,7,20.22,11,OK,0.1
2026-02-15T12:05:09.043Z,6,20.27,12,OK,0.1
2026-02-15T12:05:09.093Z,6,20.22,13,OK,0.1
2026-02-15T12:05:09.143Z,6,20.22,14,OK,0.1
2026-02-15T12:05:09.193Z,6,20.38,15,OK,0.1
2026-02-15T12:05:09.243Z,6,20.42,16,OK,0.1
2026-02-15T12:05:09.295Z,7,20.45,17,OK,0.1
2026-02-15T12:05:09.346Z,6,20.52,18,OK,0.1
2026-02-15T12:05:09.396Z,6,20.28,19,OK,0.1
2026-02-15T12:05:09.447Z,6,20.21,20,OK,0.1
2026-02-15T12:05:09.497Z,7,20.17,21,OK,0.1
2026-02-15T12:05:09.547Z,6,20.17,22,OK,0.1
2026-02-15T12:05:09.598Z,6,20.13,23,OK,0.1
2026-02-15T12:05:10.042Z,21,59.79,19,SATURATED,0.1
2026-02-15T12:05:10.283Z,18,94.10,12,SATURATED,0.1
2026-02-15T12:05:10.334Z,13,94.09,5,SATURATED,0.1
2026-02-15T12:05:10.385Z,13,94.02,5,SATURATED,0.1
2026-02-15T12:05:10.435Z,13,94.01,5,SATURATED,0.1
2026-02-15T12:05:10.486Z,13,54.59,5,SATURATED,0.1
2026-02-15T12:05:10.536Z,10,20.31,6,SATURATED,0.1
2026-02-15T12:05:10.586Z,10,20.28,7,SATURATED,0.1
2026-02-15T12:05:10.637Z,7,20.42,8,OK,0.1
2026-02-15T12:05:10.686Z,7,20.40,9,OK,0.1
2026-02-15T12:05:10.737Z,7,20.43,10,OK,0.1
2026-02-15T12:05:10.787Z,8,20.45,11,OK,0.1
2026-02-15T12:05:10.837Z,8,20.51,12,OK,0.1
2026-02-15T12:05:10.888Z,8,20.44,13,OK,0.1
2026-02-15T12:05:10.938Z,9,20.41,14,OK,0.1
2026-02-15T12:05:10.989Z,9,20.36,15,OK,0.1
2026-02-15T12:05:11.039Z,9,20.31,16,OK,0.1
2026-02-15T12:05:11.180Z,9,44.23,14,OK,0.1
2026-02-15T12:05:11.230Z,12,40.18,12,SATURATED,0.1
2026-02-15T12:05:11.281Z,12,40.23,10,SATURATED,0.1
2026-02-15T12:05:11.331Z,12,40.21,8,SATURATED,0.1
2026-02-15T12:05:11.381Z,12,40.17,6,SATURATED,0.1
2026-02-15T12:05:11.432Z,12,16.24,7,SATURATED,0.1
2026-02-15T12:05:11.483Z,12,20.32,8,SATURATED,0.1
2026-02-15T12:05:11.534Z,12,20.36,9,SATURATED,0.1
2026-02-15T12:05:11.584Z,12,20.40,10,SATURATED,0.1
2026-02-15T12:05:11.635Z,11,20.67,11,SATURATED,0.1
2026-02-15T12:05:11.685Z,9,20.60,12,OK,0.1
2026-02-15T12:05:11.735Z,9,20.58,13,OK,0.1
2026-02-15T12:05:11.786Z,6,20.57,14,OK,0.1
2026-02-15T12:05:11.836Z,6,20.54,15,OK,0.1
2026-02-15T12:05:11.886Z,6,20.29,16,OK,0.1
2026-02-15T12:05:11.937Z,5,20.32,17,OK,0.1
2026-02-15T12:05:11.987Z,5,20.30,18,OK,0.1
2026-02-15T12:05:12.038Z,5,20.31,19,OK,0.1
2026-02-15T12:05:12.157Z,5,39.96,17,OK,0.1
2026-02-15T12:05:12.315Z,17,63.43,13,SATURATED,0.1
2026-02-15T12:05:12.375Z,8,61.60,9,OK,0.1
2026-02-15T12:05:12.426Z,8,61.65,5,SATURATED,0.1
2026-02-15T12:05:12.476Z,8,61.62,5,SATURATED,0.1
2026-02-15T12:05:12.527Z,8,41.91,5,SATURATED,0.1
2026-02-15T12:05:12.576Z,8,18.23,6,SATURATED,0.1
2026-02-15T12:05:12.627Z,8,20.19,7,SATURATED,0.1
2026-02-15T12:05:12.678Z,8,20.14,8,SATURATED,0.1
2026-02-15T12:05:12.729Z,8,20.13,9,OK,0.1
2026-02-15T12:05:12.779Z,9,20.13,10,OK,0.1
2026-02-15T12:05:12.830Z,7,20.25,11,OK,0.1
2026-02-15T12:05:12.880Z,7,20.17,12,OK,0.1
2026-02-15T12:05:12.930Z,6,20.26,13,OK,0.1
2026-02-15T12:05:13.105Z,6,41.01,11,OK,0.1
2026-02-15T12:05:13.155Z,6,41.05,9,OK,0.1
2026-02-15T12:05:13.205Z,3,41.26,7,OK,0.1
2026-02-15T12:05:13.256Z,3,41.21,5,OK,0.1
2026-02-15T12:05:13.307Z,3,41.13,5,OK,0.1
2026-02-15T12:05:13.362Z,5,21.79,6,OK,0.1
2026-02-15T12:05:13.417Z,6,18.74,7,OK,0.1
2026-02-15T12:05:13.468Z,3,18.59,8,OK,0.1
2026-02-15T12:05:13.521Z,5,18.92,9,OK,0.1
2026-02-15T12:05:13.572Z,3,18.90,10,OK,0.1
2026-02-15T12:05:13.622Z,3,17.52,11,OK,0.1
2026-02-15T12:05:13.824Z,6,36.64,9,OK,0.1
2026-02-15T12:05:13.873Z,4,36.68,7,OK,0.1
2026-02-15T12:05:13.924Z,4,36.42,5,OK,0.1
2026-02-15T12:05:13.974Z,4,36.46,5,OK,0.1
2026-02-15T12:05:14.025Z,4,36.31,5,OK,0.1
2026-02-15T12:05:14.074Z,4,20.22,6,OK,0.1
2026-02-15T12:05:14.125Z,5,20.25,7,OK,0.1
2026-02-15T12:05:14.176Z,5,20.22,8,OK,0.1
2026-02-15T12:05:14.361Z,6,43.14,6,SATURATED,0.1
2026-02-15T12:05:14.514Z,6,54.51,5,SATURATED,0.1
2026-02-15T12:05:14.954Z,5,128.47,5,SATURATED,0.4
2026-02-15T12:05:15.005Z,3,128.46,5,OK,0.4
2026-02-15T12:05:15.056Z,3,128.43,5,OK,0.4
2026-02-15T12:05:15.107Z,3,105.49,5,OK,0.1
2026-02-15T12:05:15.157Z,3,94.28,5,OK,0.1
2026-02-15T12:05:15.207Z,3,20.31,6,OK,0.1
2026-02-15T12:05:15.258Z,3,20.29,7,OK,0.1
2026-02-15T12:05:15.309Z,3,20.38,8,OK,0.1
2026-02-15T12:05:15.360Z,3,20.38,9,OK,0.1
2026-02-15T12:05:15.555Z,3,55.05,5,OK,0.1
2026-02-15T12:05:15.604Z,3,54.99,5,OK,0.1
2026-02-15T12:05:15.655Z,3,55.00,5,OK,0.1
2026-02-15T12:05:15.706Z,3,54.96,5,OK,0.1
2026-02-15T12:05:15.756Z,3,54.95,5,OK,0.1
2026-02-15T12:05:15.806Z,3,20.28,6,OK,0.1
2026-02-15T12:05:15.857Z,3,20.42,7,OK,0.1
2026-02-15T12:05:15.907Z,3,20.44,8,OK,0.1
2026-02-15T12:05:15.961Z,8,22.41,9,OK,0.1
2026-02-15T12:05:16.098Z,9,35.55,7,SATURATED,0.1
2026-02-15T12:05:16.147Z,3,35.53,5,OK,0.1
2026-02-15T12:05:16.198Z,3,35.52,5,OK,0.1
2026-02-15T12:05:16.249Z,3,35.58,5,OK,0.1
2026-02-15T12:05:16.300Z,3,33.60,5,OK,0.1
2026-02-15T12:05:16.350Z,3,20.48,6,OK,0.1
2026-02-15T12:05:16.401Z,3,20.49,7,OK,0.1
2026-02-15T12:05:16.452Z,3,20.43,8,OK,0.1
2026-02-15T12:05:16.501Z,2,20.35,9,OK,0.1
2026-02-15T12:05:16.552Z,2,20.34,10,OK,0.1
2026-02-15T12:05:16.693Z,10,34.46,9,SATURATED,0.1
2026-02-15T12:05:16.743Z,2,30.39,8,OK,0.1
2026-02-15T12:05:16.793Z,2,30.54,7,OK,0.1
2026-02-15T12:05:16.844Z,2,30.50,6,OK,0.1
2026-02-15T12:05:16.895Z,2,30.51,5,OK,0.1
2026-02-15T12:05:16.944Z,4,16.37,6,OK,0.1
2026-02-15T12:05:17.313Z,6,87.38,5,SATURATED,0.1
2026-02-15T12:05:17.364Z,4,83.39,5,OK,0.1
2026-02-15T12:05:17.415Z,4,83.46,5,OK,0.1
2026-02-15T12:05:17.466Z,4,83.45,5,OK,0.1
2026-02-15T12:05:17.517Z,4,83.49,5,OK,0.1
2026-02-15T12:05:17.567Z,4,16.50,6,OK,0.1
2026-02-15T12:05:17.618Z,4,20.33,7,OK,0.1
2026-02-15T12:05:17.668Z,4,20.28,8,OK,0.1
2026-02-15T12:05:17.721Z,7,20.29,9,OK,0.1
2026-02-15T12:05:17.888Z,9,49.48,6,SATURATED,0.1
2026-02-15T12:05:17.939Z,6,49.55,5,SATURATED,0.1
2026-02-15T12:05:17.989Z,6,49.57,5,SATURATED,0.1
2026-02-15T12:05:18.040Z,6,49.59,5,SATURATED,0.1
2026-02-15T12:05:18.091Z,6,49.55,5,SATURATED,0.1
2026-02-15T12:05:18.142Z,5,20.33,6,OK,0.1
2026-02-15T12:05:18.191Z,5,20.30,7,OK,0.1
2026-02-15T12:05:18.241Z,5,20.32,8,OK,0.1
2026-02-15T12:05:18.292Z,5,20.31,9,OK,0.1
2026-02-15T12:05:18.478Z,9,20.41,10,OK,0.1
2026-02-15T12:05:18.529Z,9,26.45,9,SATURATED,0.1
2026-02-15T12:05:18.580Z,9,26.43,8,SATURATED,0.1
2026-02-15T12:05:18.630Z,9,26.41,7,SATURATED,0.1
2026-02-15T12:05:18.680Z,9,26.38,6,SATURATED,0.1
2026-02-15T12:05:18.731Z,9,26.13,5,SATURATED,0.1
2026-02-15T12:05:18.782Z,9,20.11,6,SATURATED,0.1
2026-02-15T12:05:18.833Z,9,20.11,7,SATURATED,0.1
2026-02-15T12:05:18.890Z,9,20.09,8,SATURATED,0.1
2026-02-15T12:05:18.942Z,9,20.14,9,SATURATED,0.1
2026-02-15T12:05:18.992Z,7,20.29,10,OK,0.1
2026-02-15T12:05:19.043Z,7,20.27,11,OK,0.1
2026-02-15T12:05:19.093Z,7,20.22,12,OK,0.1
2026-02-15T12:05:19.225Z,7,40.51,10,OK,0.1
2026-02-15T12:05:19.276Z,7,40.47,8,OK,0.1
2026-02-15T12:05:19.326Z,8,40.46,6,SATURATED,0.1
2026-02-15T12:05:19.376Z,7,40.49,5,SATURATED,0.1
2026-02-15T12:05:19.427Z,7,40.53,5,SATURATED,0.1
2026-02-15T12:05:19.478Z,7,20.30,6,SATURATED,0.1
2026-02-15T12:05:19.529Z,7,20.39,7,SATURATED,0.1
2026-02-15T12:05:19.580Z,7,20.41,8,OK,0.1
2026-02-15T12:05:19.629Z,7,20.39,9,OK,0.1
2026-02-15T12:05:19.680Z,7,20.43,10,OK,0.1
2026-02-15T12:05:19.846Z,8,20.60,11,OK,0.1
2026-02-15T12:05:20.105Z,5,42.37,9,OK,0.1
2026-02-15T12:05:20.162Z,9,39.70,7,SATURATED,0.1
2026-02-15T12:05:20.213Z,7,39.72,5,SATURATED,0.1
2026-02-15T12:05:20.264Z,7,39.83,5,SATURATED,0.1
2026-02-15T12:05:20.314Z,7,39.65,5,SATURATED,0.1
2026-02-15T12:05:20.364Z,5,17.82,6,OK,0.1
2026-02-15T12:05:20.415Z,5,20.60,7,OK,0.1
2026-02-15T12:05:20.465Z,5,20.58,8,OK,0.1
2026-02-15T12:05:20.702Z,8,21.79,9,OK,0.1
2026-02-15T12:05:20.751Z,6,22.12,10,OK,0.1
2026-02-15T12:05:20.802Z,6,22.08,11,OK,0.1
2026-02-15T12:05:20.851Z,7,21.95,12,OK,0.1
2026-02-15T12:05:21.005Z,7,38.69,10,OK,0.1
2026-02-15T12:05:21.055Z,8,37.34,8,SATURATED,0.1
2026-02-15T12:05:21.106Z,8,37.00,6,SATURATED,0.1
2026-02-15T12:05:21.157Z,8,36.95,5,SATURATED,0.1
2026-02-15T12:05:21.207Z,8,36.96,5,SATURATED,0.1
2026-02-15T12:05:21.257Z,8,20.22,6,SATURATED,0.1
2026-02-15T12:05:21.307Z,8,20.25,7,SATURATED,0.1
2026-02-15T12:05:21.358Z,8,20.36,8,SATURATED,0.1
2026-02-15T12:05:21.408Z,8,20.44,9,OK,0.1
2026-02-15T12:05:21.459Z,8,20.42,10,OK,0.1
2026-02-15T12:05:21.509Z,10,20.49,11,OK,0.1
2026-02-15T12:05:21.560Z,9,20.47,12,OK,0.1
2026-02-15T12:05:21.610Z,9,20.31,13,OK,0.1
2026-02-15T12:05:21.661Z,9,20.35,14,OK,0.1
2026-02-15T12:05:21.710Z,13,20.36,15,OK,0.1
2026-02-15T12:05:21.830Z,15,30.23,14,SATURATED,0.1
2026-02-15T12:05:21.880Z,11,30.24,13,OK,0.1
2026-02-15T12:05:21.930Z,11,30.32,12,OK,0.1
2026-02-15T12:05:21.981Z,11,30.28,11,SATURATED,0.1
2026-02-15T12:05:22.032Z,11,30.32,10,SATURATED,0.1
2026-02-15T12:05:22.083Z,11,20.38,11,SATURATED,0.1
2026-02-15T12:05:22.150Z,11,21.13,12,OK,0.1
2026-02-15T12:05:22.215Z,12,20.24,13,OK,0.1
2026-02-15T12:05:22.266Z,8,20.18,14,OK,0.1
2026-02-15T12:05:22.316Z,8,20.13,15,OK,0.1
2026-02-15T12:05:22.374Z,10,22.11,16,OK,0.1
2026-02-15T12:05:22.424Z,8,21.32,17,OK,0.1
2026-02-15T12:05:22.474Z,8,22.20,18,OK,0.1
2026-02-15T12:05:22.526Z,13,22.24,19,OK,0.1
2026-02-15T12:05:22.577Z,8,22.30,20,OK,0.1
2026-02-15T12:05:22.628Z,8,20.32,21,OK,0.1
2026-02-15T12:05:22.678Z,8,20.39,22,OK,0.1
2026-02-15T12:05:22.874Z,8,35.86,20,OK,0.1
2026-02-15T12:05:23.046Z,19,56.22,16,SATURATED,0.1
2026-02-15T12:05:23.095Z,8,56.13,12,OK,0.1
2026-02-15T12:05:23.146Z,11,56.18,8,SATURATED,0.1
2026-02-15T12:05:23.197Z,9,56.14,5,SATURATED,0.1
2026-02-15T12:05:23.247Z,9,40.74,5,SATURATED,0.1
2026-02-15T12:05:23.297Z,9,20.41,6,SATURATED,0.1
2026-02-15T12:05:23.348Z,9,20.46,7,SATURATED,0.1
2026-02-15T12:05:23.398Z,9,20.45,8,SATURATED,0.1
2026-02-15T12:05:23.449Z,9,20.42,9,SATURATED,0.1
2026-02-15T12:05:23.501Z,9,20.23,10,OK,0.1
2026-02-15T12:05:23.551Z,8,20.77,11,OK,0.1
2026-02-15T12:05:23.602Z,8,20.77,12,OK,0.1
2026-02-15T12:05:23.653Z,8,20.74,13,OK,0.1
2026-02-15T12:05:23.703Z,8,20.78,14,OK,0.1
2026-02-15T12:05:23.754Z,6,20.86,15,OK,0.1
2026-02-15T12:05:23.804Z,6,20.35,16,OK,0.1
2026-02-15T12:05:23.855Z,6,20.36,17,OK,0.1
2026-02-15T12:05:23.905Z,6,20.38,18,OK,0.1
2026-02-15T12:05:23.956Z,6,20.35,19,OK,0.1
2026-02-15T12:05:24.006Z,6,20.32,20,OK,0.1
2026-02-15T12:05:24.195Z,8,44.03,18,OK,0.1
2026-02-15T12:05:24.253Z,18,41.55,16,SATURATED,0.1
2026-02-15T12:05:24.411Z,9,69.12,11,OK,0.1
2026-02-15T12:05:24.461Z,7,69.11,6,SATURATED,0.1
2026-02-15T12:05:24.511Z,7,69.18,5,SATURATED,0.1
2026-02-15T12:05:24.561Z,6,45.70,5,SATURATED,0.1
2026-02-15T12:05:24.611Z,6,48.18,5,SATURATED,0.1
2026-02-15T12:05:24.661Z,6,20.62,6,SATURATED,0.1
2026-02-15T12:05:24.711Z,6,20.64,7,OK,0.1
2026-02-15T12:05:24.761Z,6,20.62,8,OK,0.1
2026-02-15T12:05:24.811Z,6,20.36,9,OK,0.1
2026-02-15T12:05:24.861Z,6,20.40,10,OK,0.1
2026-02-15T12:05:25.027Z,3,32.84,9,OK,0.1
2026-02-15T12:05:25.077Z,3,32.83,8,OK,0.1
2026-02-15T12:05:25.128Z,3,32.83,7,OK,0.1
2026-02-15T12:05:25.179Z,2,32.78,6,OK,0.1
2026-02-15T12:05:25.257Z,6,33.88,5,SATURATED,0.1
2026-02-15T12:05:25.319Z,5,29.74,5,SATURATED,0.1
2026-02-15T12:05:25.369Z,5,29.81,5,SATURATED,0.1
2026-02-15T12:05:25.419Z,5,29.82,5,SATURATED,0.1
2026-02-15T12:05:25.469Z,5,29.89,5,SATURATED,0.1
2026-02-15T12:05:25.519Z,5,28.77,5,SATURATED,0.1
2026-02-15T12:05:25.569Z,5,20.40,6,OK,0.1
2026-02-15T12:05:25.620Z,5,20.33,7,OK,0.1
2026-02-15T12:05:25.670Z,5,20.27,8,OK,0.1
2026-02-15T12:05:25.722Z,6,20.28,9,OK,0.1
2026-02-15T12:05:25.772Z,5,20.19,10,OK,0.1
2026-02-15T12:05:25.822Z,5,20.22,11,OK,0.1
2026-02-15T12:05:25.873Z,5,20.17,12,OK,0.1
2026-02-15T12:05:26.019Z,5,42.67,10,OK,0.1
2026-02-15T12:05:26.069Z,5,42.68,8,OK,0.1
2026-02-15T12:05:26.120Z,5,42.74,6,OK,0.1
2026-02-15T12:05:26.171Z,5,42.68,5,SATURATED,0.1
2026-02-15T12:05:26.221Z,4,42.63,5,OK,0.1
2026-02-15T12:05:26.433Z,4,48.50,5,OK,0.1
2026-02-15T12:05:26.530Z,5,53.82,5,SATURATED,0.1
2026-02-15T12:05:26.794Z,5,98.52,5,SATURATED,0.1
2026-02-15T12:05:26.844Z,4,98.60,5,OK,0.1
2026-02-15T12:05:26.894Z,4,98.70,5,OK,0.1
2026-02-15T12:05:26.944Z,4,70.35,5,OK,0.1
2026-02-15T12:05:26.994Z,4,65.00,5,OK,0.1
2026-02-15T12:05:27.044Z,5,20.30,6,OK,0.1
2026-02-15T12:05:27.094Z,4,20.27,7,OK,0.1
2026-02-15T12:05:27.144Z,4,20.29,8,OK,0.1
2026-02-15T12:05:27.338Z,4,45.04,5,OK,0.1
2026-02-15T12:05:27.388Z,1,45.02,5,OK,0.1
2026-02-15T12:05:27.439Z,1,44.99,5,OK,0.1
2026-02-15T12:05:27.648Z,5,82.56,5,SATURATED,0.1
2026-02-15T12:05:27.700Z,5,78.89,5,SATURATED,0.1
2026-02-15T12:05:27.751Z,2,54.15,5,OK,0.1
2026-02-15T12:05:27.972Z,4,54.15,5,OK,0.1
2026-02-15T12:05:28.022Z,2,54.21,5,OK,0.1
2026-02-15T12:05:28.072Z,2,16.76,6,OK,0.1
2026-02-15T12:05:28.122Z,2,20.44,7,OK,0.1
2026-02-15T12:05:28.172Z,2,20.43,8,OK,0.1
2026-02-15T12:05:28.222Z,2,20.41,9,OK,0.1
2026-02-15T12:05:28.272Z,2,20.41,10,OK,0.1
2026-02-15T12:05:28.323Z,2,20.23,11,OK,0.1
2026-02-15T12:05:28.536Z,9,55.54,7,SATURATED,0.1
2026-02-15T12:05:28.665Z,7,67.49,5,SATURATED,0.1
2026-02-15T12:05:28.720Z,5,69.59,5,SATURATED,0.1
2026-02-15T12:05:28.771Z,3,69.69,5,OK,0.1
2026-02-15T12:05:28.821Z,3,69.77,5,OK,0.1
2026-02-15T12:05:28.872Z,3,34.49,5,OK,0.1
2026-02-15T12:05:28.922Z,3,22.58,6,OK,0.1
2026-02-15T12:05:28.973Z,3,20.53,7,OK,0.1
2026-02-15T12:05:29.023Z,3,20.55,8,OK,0.1
2026-02-15T12:05:29.073Z,3,20.60,9,OK,0.1
2026-02-15T12:05:29.124Z,3,20.56,10,OK,0.1
2026-02-15T12:05:29.175Z,3,20.49,11,OK,0.1
2026-02-15T12:05:29.226Z,3,20.50,12,OK,0.1
2026-02-15T12:05:29.276Z,3,20.37,13,OK,0.1
2026-02-15T12:05:29.326Z,3,20.30,14,OK,0.1
2026-02-15T12:05:29.376Z,3,20.25,15,OK,0.1
2026-02-15T12:05:29.426Z,3,20.28,16,OK,0.1
2026-02-15T12:05:29.476Z,3,20.23,17,OK,0.1
2026-02-15T12:05:29.526Z,3,20.23,18,OK,0.1
2026-02-15T12:05:29.952Z,12,99.06,10,SATURATED,0.1
2026-02-15T12:05:30.058Z,9,106.44,5,SATURATED,0.1
2026-02-15T12:05:30.108Z,5,106.30,5,SATURATED,0.1
2026-02-15T12:05:30.158Z,5,106.38,5,SATURATED,0.1
2026-02-15T12:05:30.209Z,5,106.34,5,SATURATED,0.1
2026-02-15T12:05:30.259Z,5,27.55,5,SATURATED,0.1
2026-02-15T12:05:30.310Z,5,20.17,6,OK,0.1
2026-02-15T12:05:30.361Z,4,20.36,7,OK,0.1
2026-02-15T12:05:30.517Z,4,31.77,6,OK,0.1
2026-02-15T12:05:30.568Z,4,31.85,5,OK,0.1
2026-02-15T12:05:30.619Z,4,31.65,5,OK,0.1
2026-02-15T12:05:30.669Z,4,31.69,5,OK,0.1
2026-02-15T12:05:30.719Z,5,31.47,5,SATURATED,0.1
2026-02-15T12:05:30.770Z,5,20.04,6,OK,0.1
2026-02-15T12:05:30.820Z,5,20.09,7,OK,0.1
2026-02-15T12:05:30.956Z,5,33.61,6,OK,0.1
2026-02-15T12:05:31.006Z,6,33.55,5,SATURATED,0.1
2026-02-15T12:05:31.065Z,6,34.06,5,SATURATED,0.1
2026-02-15T12:05:31.114Z,6,37.01,5,SATURATED,0.1
2026-02-15T12:05:31.166Z,6,36.88,5,SATURATED,0.1
2026-02-15T12:05:31.216Z,6,23.47,6,SATURATED,0.1
2026-02-15T12:05:31.267Z,6,23.56,7,OK,0.1
2026-02-15T12:05:31.432Z,6,48.57,5,SATURATED,0.1
2026-02-15T12:05:31.482Z,6,45.57,5,SATURATED,0.1
2026-02-15T12:05:31.532Z,6,45.50,5,SATURATED,0.1
2026-02-15T12:05:31.582Z,6,45.52,5,SATURATED,0.1
2026-02-15T12:05:31.633Z,6,45.52,5,SATURATED,0.1
2026-02-15T12:05:31.683Z,6,20.20,6,SATURATED,0.1
2026-02-15T12:05:31.733Z,5,20.53,7,OK,0.1
2026-02-15T12:05:31.784Z,5,20.62,8,OK,0.1
2026-02-15T12:05:31.834Z,5,20.71,9,OK,0.1
2026-02-15T12:05:31.885Z,5,20.70,10,OK,0.1
2026-02-15T12:05:31.935Z,5,20.70,11,OK,0.1
2026-02-15T12:05:31.993Z,10,20.48,12,OK,0.1
2026-02-15T12:05:32.050Z,12,24.34,13,OK,0.1
2026-02-15T12:05:32.181Z,13,36.43,11,SATURATED,0.1
2026-02-15T12:05:32.232Z,10,36.31,9,SATURATED,0.1
2026-02-15T12:05:32.283Z,10,36.29,7,SATURATED,0.1
2026-02-15T12:05:32.333Z,10,36.25,5,SATURATED,0.1
2026-02-15T12:05:32.383Z,9,32.55,5,SATURATED,0.1
2026-02-15T12:05:32.433Z,9,20.26,6,SATURATED,0.1
2026-02-15T12:05:32.483Z,9,20.31,7,SATURATED,0.1
2026-02-15T12:05:32.533Z,9,20.29,8,SATURATED,0.1
2026-02-15T12:05:32.584Z,9,20.24,9,SATURATED,0.1
2026-02-15T12:05:32.635Z,9,20.09,10,OK,0.1
2026-02-15T12:05:32.685Z,9,20.17,11,OK,0.1
2026-02-15T12:05:32.846Z,9,20.27,12,OK,0.1
2026-02-15T12:05:32.963Z,12,39.44,10,SATURATED,0.1
2026-02-15T12:05:33.013Z,10,39.38,8,SATURATED,0.1
2026-02-15T12:05:33.063Z,10,39.31,6,SATURATED,0.1
2026-02-15T12:05:33.114Z,10,39.29,5,SATURATED,0.1
2026-02-15T12:05:33.164Z,10,39.24,5,SATURATED,0.1
2026-02-15T12:05:33.217Z,10,21.37,6,SATURATED,0.1
2026-02-15T12:05:33.268Z,10,21.43,7,SATURATED,0.1
2026-02-15T12:05:33.318Z,10,21.41,8,SATURATED,0.1
2026-02-15T12:05:33.368Z,10,21.54,9,SATURATED,0.1
2026-02-15T12:05:33.418Z,10,21.40,10,SATURATED,0.1
2026-02-15T12:05:33.468Z,10,20.11,11,OK,0.1
2026-02-15T12:05:33.519Z,10,20.38,12,OK,0.1
2026-02-15T12:05:33.569Z,11,20.37,13,OK,0.1
2026-02-15T12:05:33.619Z,11,20.43,14,OK,0.1
2026-02-15T12:05:33.670Z,11,20.61,15,OK,0.1
2026-02-15T12:05:33.931Z,12,20.61,16,OK,0.1
2026-02-15T12:05:34.205Z,12,43.71,14,OK,0.1
2026-02-15T12:05:34.272Z,10,43.14,12,OK,0.1
2026-02-15T12:05:34.413Z,12,67.05,7,SATURATED,0.1
2026-02-15T12:05:34.662Z,6,102.76,5,SATURATED,0.1
2026-02-15T12:05:34.712Z,5,102.65,5,SATURATED,0.1
2026-02-15T12:05:34.762Z,5,79.27,5,SATURATED,0.1
2026-02-15T12:05:34.812Z,5,80.04,5,SATURATED,0.1
2026-02-15T12:05:34.862Z,4,56.03,5,OK,0.1
2026-02-15T12:05:34.913Z,5,20.26,6,OK,0.1
2026-02-15T12:05:34.964Z,6,20.33,7,OK,0.1
2026-02-15T12:05:35.015Z,5,20.38,8,OK,0.1
2026-02-15T12:05:35.065Z,5,20.25,9,OK,0.1
2026-02-15T12:05:35.115Z,5,20.27,10,OK,0.1
2026-02-15T12:05:35.166Z,5,20.26,11,OK,0.1
2026-02-15T12:05:35.220Z,11,20.36,12,OK,0.1
2026-02-15T12:05:35.362Z,11,34.67,11,SATURATED,0.1
2026-02-15T12:05:35.424Z,11,33.02,10,SATURATED,0.1
2026-02-15T12:05:35.474Z,8,32.89,9,OK,0.1
2026-02-15T12:05:35.524Z,8,32.97,8,SATURATED,0.1
2026-02-15T12:05:35.574Z,7,32.92,7,SATURATED,0.1
2026-02-15T12:05:35.624Z,7,18.50,8,OK,0.1
2026-02-15T12:05:35.794Z,8,32.27,7,SATURATED,0.1
2026-02-15T12:05:35.845Z,7,32.36,6,SATURATED,0.1
2026-02-15T12:05:35.895Z,7,32.29,5,SATURATED,0.1
2026-02-15T12:05:35.945Z,6,32.31,5,SATURATED,0.1
2026-02-15T12:05:35.996Z,6,32.38,5,SATURATED,0.1
2026-02-15T12:05:36.047Z,6,20.34,6,SATURATED,0.1
2026-02-15T12:05:36.098Z,6,20.34,7,OK,0.1
2026-02-15T12:05:36.149Z,6,20.39,8,OK,0.1
2026-02-15T12:05:36.200Z,7,20.38,9,OK,0.1
2026-02-15T12:05:36.252Z,8,22.72,10,OK,0.1
2026-02-15T12:05:36.301Z,6,22.68,11,OK,0.1
2026-02-15T12:05:36.352Z,6,22.67,12,OK,0.1
2026-02-15T12:05:36.454Z,12,27.54,11,SATURATED,0.1
2026-02-15T12:05:36.506Z,9,32.26,10,OK,0.1
2026-02-15T12:05:36.557Z,6,29.92,9,OK,0.1
2026-02-15T12:05:36.607Z,6,29.93,8,OK,0.1
2026-02-15T12:05:36.658Z,6,29.94,7,OK,0.1
2026-02-15T12:05:36.709Z,6,25.16,6,SATURATED,0.1
2026-02-15T12:05:36.759Z,6,20.43,7,OK,0.1
2026-02-15T12:05:36.812Z,7,20.53,8,OK,0.1
2026-02-15T12:05:37.062Z,7,20.51,9,OK,0.1
2026-02-15T12:05:37.114Z,6,20.38,10,OK,0.1
2026-02-15T12:05:37.164Z,5,20.26,11,OK,0.1
2026-02-15T12:05:37.213Z,5,20.35,12,OK,0.1
2026-02-15T12:05:37.367Z,5,44.27,10,OK,0.1
2026-02-15T12:05:37.485Z,6,53.79,7,OK,0.1
2026-02-15T12:05:37.561Z,7,59.28,5,SATURATED,0.1
2026-02-15T12:05:37.611Z,3,59.21,5,OK,0.1
2026-02-15T12:05:37.661Z,3,59.11,5,OK,0.1
2026-02-15T12:05:37.711Z,3,35.27,5,OK,0.1
2026-02-15T12:05:37.762Z,3,25.73,5,OK,0.1
2026-02-15T12:05:37.947Z,3,34.48,5,OK,0.1
2026-02-15T12:05:38.060Z,5,43.09,5,SATURATED,0.1
2026-02-15T12:05:38.110Z,5,43.06,5,SATURATED,0.1
2026-02-15T12:05:38.161Z,5,42.90,5,SATURATED,0.1
2026-02-15T12:05:38.211Z,5,42.87,5,SATURATED,0.1
2026-02-15T12:05:38.261Z,5,28.89,5,SATURATED,0.1
2026-02-15T12:05:38.312Z,5,20.45,6,OK,0.1
2026-02-15T12:05:38.362Z,5,20.49,7,OK,0.1
2026-02-15T12:05:38.489Z,6,41.68,5,SATURATED,0.1
2026-02-15T12:05:38.552Z,5,42.47,5,SATURATED,0.1
2026-02-15T12:05:38.603Z,5,42.32,5,SATURATED,0.1
2026-02-15T12:05:38.654Z,5,42.22,5,SATURATED,0.1
2026-02-15T12:05:38.705Z,5,42.21,5,SATURATED,0.1
2026-02-15T12:05:38.755Z,5,20.98,6,OK,0.1
2026-02-15T12:05:38.807Z,5,20.28,7,OK,0.1
2026-02-15T12:05:38.857Z,4,20.36,8,OK,0.1
2026-02-15T12:05:38.908Z,4,20.50,9,OK,0.1
2026-02-15T12:05:38.959Z,4,20.55,10,OK,0.1
2026-02-15T12:05:39.009Z,4,20.68,11,OK,0.1
2026-02-15T12:05:39.059Z,5,20.76,12,OK,0.1
2026-02-15T12:05:39.108Z,7,20.68,13,OK,0.1
2026-02-15T12:05:39.159Z,7,20.64,14,OK,0.1
2026-02-15T12:05:39.209Z,9,20.59,15,OK,0.1
2026-02-15T12:05:39.348Z,8,34.24,14,OK,0.1
2026-02-15T12:05:39.398Z,10,34.08,13,OK,0.1
2026-02-15T12:05:39.448Z,10,34.10,12,OK,0.1
2026-02-15T12:05:39.498Z,12,34.04,11,SATURATED,0.1
2026-02-15T12:05:39.567Z,11,34.72,10,SATURATED,0.1
2026-02-15T12:05:39.633Z,11,25.14,9,SATURATED,0.1
2026-02-15T12:05:39.683Z,11,25.05,8,SATURATED,0.1
2026-02-15T12:05:39.733Z,11,25.14,7,SATURATED,0.1
2026-02-15T12:05:39.785Z,11,25.10,6,SATURATED,0.1
2026-02-15T12:05:39.836Z,11,24.51,7,SATURATED,0.1
2026-02-15T12:05:39.887Z,11,20.29,8,SATURATED,0.1
2026-02-15T12:05:39.937Z,11,20.42,9,SATURATED,0.1
2026-02-15T12:05:39.987Z,11,20.24,10,SATURATED,0.1
2026-02-15T12:05:40.037Z,11,20.22,11,SATURATED,0.1
2026-02-15T12:05:40.202Z,11,32.41,10,SATURATED,0.1
2026-02-15T12:05:40.316Z,10,41.21,8,SATURATED,0.1
2026-02-15T12:05:40.366Z,9,41.05,6,SATURATED,0.1
2026-02-15T12:05:40.416Z,8,41.08,5,SATURATED,0.1
2026-02-15T12:05:40.466Z,8,41.19,5,SATURATED,0.1
2026-02-15T12:05:40.516Z,8,28.72,5,SATURATED,0.1
2026-02-15T12:05:40.566Z,8,20.54,6,SATURATED,0.1
2026-02-15T12:05:40.616Z,8,20.54,7,SATURATED,0.1
2026-02-15T12:05:40.666Z,8,20.43,8,SATURATED,0.1
2026-02-15T12:05:40.716Z,8,20.24,9,OK,0.1
2026-02-15T12:05:40.767Z,8,20.48,10,OK,0.1
2026-02-15T12:05:40.818Z,9,19.78,11,OK,0.1
2026-02-15T12:05:40.870Z,8,19.93,12,OK,0.1
2026-02-15T12:05:40.921Z,8,20.12,13,OK,0.1
2026-02-15T12:05:40.972Z,9,20.18,14,OK,0.1
2026-02-15T12:05:41.022Z,9,20.20,15,OK,0.1
2026-02-15T12:05:41.073Z,10,20.51,16,OK,0.1
2026-02-15T12:05:41.123Z,6,20.31,17,OK,0.1
2026-02-15T12:05:41.173Z,6,20.31,18,OK,0.1
2026-02-15T12:05:41.224Z,5,20.32,19,OK,0.1
2026-02-15T12:05:41.289Z,11,22.01,20,OK,0.1
2026-02-15T12:05:41.512Z,5,52.38,17,OK,0.1
2026-02-15T12:05:42.226Z,15,190.74,5,SATURATED,0.4
2026-02-15T12:05:42.707Z,5,272.88,5,SATURATED,0.4
2026-02-15T12:05:42.757Z,3,272.98,5,OK,0.4
2026-02-15T12:05:42.808Z,3,271.21,5,OK,0.4
2026-02-15T12:05:42.858Z,3,240.67,5,OK,0.4
2026-02-15T12:05:42.908Z,3,102.48,5,OK,0.1
2026-02-15T12:05:42.958Z,3,20.32,6,OK,0.1
2026-02-15T12:05:43.009Z,2,20.28,7,OK,0.1
2026-02-15T12:05:43.060Z,2,20.29,8,OK,0.1
2026-02-15T12:05:43.110Z,2,20.14,9,OK,0.1
2026-02-15T12:05:43.160Z,2,20.16,10,OK,0.1
2026-02-15T12:05:43.210Z,2,20.39,11,OK,0.1
2026-02-15T12:05:43.357Z,2,43.76,9,OK,0.1
2026-02-15T12:05:43.434Z,9,45.11,6,SATURATED,0.1
2026-02-15T12:05:43.484Z,4,45.26,5,OK,0.1
2026-02-15T12:05:43.535Z,5,45.10,5,SATURATED,0.1
2026-02-15T12:05:43.585Z,5,44.77,5,SATURATED,0.1
2026-02-15T12:05:43.635Z,5,21.40,6,OK,0.1
2026-02-15T12:05:43.686Z,5,20.16,7,OK,0.1
2026-02-15T12:05:43.848Z,7,46.24,5,SATURATED,0.1
2026-02-15T12:05:43.898Z,5,46.52,5,SATURATED,0.1
2026-02-15T12:05:43.949Z,5,46.66,5,SATURATED,0.1
2026-02-15T12:05:43.999Z,5,46.63,5,SATURATED,0.1
2026-02-15T12:05:44.049Z,5,46.59,5,SATURATED,0.1
2026-02-15T12:05:44.253Z,4,35.94,5,OK,0.1
2026-02-15T12:05:44.303Z,4,35.81,5,OK,0.1
2026-02-15T12:05:44.353Z,4,35.77,5,OK,0.1
2026-02-15T12:05:44.518Z,5,64.60,5,SATURATED,0.1
2026-02-15T12:05:44.602Z,5,67.28,5,SATURATED,0.1
2026-02-15T12:05:44.652Z,4,51.82,5,OK,0.1
2026-02-15T12:05:44.703Z,4,51.83,5,OK,0.1
2026-02-15T12:05:44.754Z,4,51.86,5,OK,0.1
2026-02-15T12:05:44.804Z,4,23.03,6,OK,0.1
2026-02-15T12:05:44.856Z,4,20.25,7,OK,0.1
2026-02-15T12:05:45.010Z,4,21.65,8,OK,0.1
2026-02-15T12:05:45.143Z,8,44.09,6,SATURATED,0.1
2026-02-15T12:05:45.193Z,4,44.08,5,OK,0.1
2026-02-15T12:05:45.244Z,4,44.08,5,OK,0.1
2026-02-15T12:05:45.294Z,4,44.12,5,OK,0.1
2026-02-15T12:05:45.344Z,4,42.77,5,OK,0.1
2026-02-15T12:05:45.394Z,3,20.31,6,OK,0.1
2026-02-15T12:05:45.445Z,2,20.31,7,OK,0.1
2026-02-15T12:05:45.495Z,2,20.31,8,OK,0.1
2026-02-15T12:05:45.686Z,6,52.26,5,SATURATED,0.1
2026-02-15T12:05:45.973Z,4,95.58,5,OK,0.1
2026-02-15T12:05:46.023Z,3,95.59,5,OK,0.1
2026-02-15T12:05:46.073Z,3,95.59,5,OK,0.1
2026-02-15T12:05:46.123Z,3,95.47,5,OK,0.1
2026-02-15T12:05:46.173Z,3,63.46,5,OK,0.1
2026-02-15T12:05:46.223Z,3,20.00,6,OK,0.1
2026-02-15T12:05:46.275Z,4,20.02,7,OK,0.1
2026-02-15T12:05:46.325Z,3,19.96,8,OK,0.1
2026-02-15T12:05:46.375Z,4,20.02,9,OK,0.1
2026-02-15T12:05:46.425Z,3,19.88,10,OK,0.1
2026-02-15T12:05:46.475Z,3,20.12,11,OK,0.1
2026-02-15T12:05:46.524Z,3,20.03,12,OK,0.1
2026-02-15T12:05:46.575Z,3,20.08,13,OK,0.1
2026-02-15T12:05:46.626Z,3,20.08,14,OK,0.1
2026-02-15T12:05:46.677Z,3,20.28,15,OK,0.1
2026-02-15T12:05:46.726Z,3,20.27,16,OK,0.1
2026-02-15T12:05:46.776Z,3,20.27,17,OK,0.1
2026-02-15T12:05:46.826Z,4,20.36,18,OK,0.1
2026-02-15T12:05:47.031Z,8,47.36,15,OK,0.1
2026-02-15T12:05:47.170Z,14,61.10,11,SATURATED,0.1
2026-02-15T12:05:47.505Z,11,113.93,5,SATURATED,0.1
2026-02-15T12:05:47.555Z,4,114.19,5,OK,0.1
2026-02-15T12:05:47.605Z,4,114.10,5,OK,0.1
2026-02-15T12:05:47.655Z,4,87.16,5,OK,0.1
2026-02-15T12:05:47.705Z,4,73.41,5,OK,0.1
2026-02-15T12:05:47.755Z,4,20.45,6,OK,0.1
2026-02-15T12:05:47.806Z,5,20.28,7,OK,0.1
2026-02-15T12:05:47.856Z,4,20.25,8,OK,0.1
2026-02-15T12:05:47.906Z,4,20.28,9,OK,0.1
2026-02-15T12:05:47.958Z,4,20.29,10,OK,0.1
2026-02-15T12:05:48.130Z,3,20.37,11,OK,0.1
2026-02-15T12:05:48.214Z,11,33.00,10,SATURATED,0.1
2026-02-15T12:05:48.266Z,10,29.36,9,SATURATED,0.1
2026-02-15T12:05:48.317Z,4,29.35,8,OK,0.1
2026-02-15T12:05:48.367Z,4,29.36,7,OK,0.1
2026-02-15T12:05:48.418Z,4,29.40,6,OK,0.1
2026-02-15T12:05:48.469Z,4,16.75,7,OK,0.1
2026-02-15T12:05:48.635Z,6,32.89,6,SATURATED,0.1
2026-02-15T12:05:48.792Z,6,50.21,5,SATURATED,0.1
2026-02-15T12:05:48.842Z,5,50.18,5,SATURATED,0.1
2026-02-15T12:05:48.892Z,5,50.08,5,SATURATED,0.1
2026-02-15T12:05:48.942Z,5,50.12,5,SATURATED,0.1
2026-02-15T12:05:48.993Z,5,37.64,5,SATURATED,0.1
2026-02-15T12:05:49.042Z,4,20.32,6,OK,0.1
2026-02-15T12:05:49.094Z,3,20.33,7,OK,0.1
2026-02-15T12:05:49.144Z,3,20.38,8,OK,0.1
2026-02-15T12:05:49.334Z,8,44.29,6,SATURATED,0.1
2026-02-15T12:05:49.485Z,6,60.43,5,SATURATED,0.1
2026-02-15T12:05:49.535Z,4,60.23,5,OK,0.1
2026-02-15T12:05:49.585Z,4,60.26,5,OK,0.1
2026-02-15T12:05:49.636Z,5,60.24,5,SATURATED,0.1
2026-02-15T12:05:49.687Z,5,36.30,5,SATURATED,0.1
2026-02-15T12:05:49.737Z,5,20.16,6,OK,0.1
2026-02-15T12:05:49.787Z,6,20.35,7,OK,0.1
2026-02-15T12:05:49.837Z,6,20.28,8,OK,0.1
2026-02-15T12:05:49.887Z,6,20.26,9,OK,0.1
2026-02-15T12:05:50.061Z,6,49.24,6,SATURATED,0.1
2026-02-15T12:05:50.112Z,6,49.25,5,SATURATED,0.1
2026-02-15T12:05:50.162Z,6,49.18,5,SATURATED,0.1
2026-02-15T12:05:50.213Z,6,49.18,5,SATURATED,0.1
2026-02-15T12:05:50.263Z,5,49.10,5,SATURATED,0.1
2026-02-15T12:05:50.313Z,5,20.20,6,OK,0.1
2026-02-15T12:05:50.367Z,6,20.43,7,OK,0.1
2026-02-15T12:05:50.419Z,7,21.64,8,OK,0.1
2026-02-15T12:05:50.752Z,8,74.23,5,SATURATED,0.1
2026-02-15T12:05:50.842Z,5,78.26,5,SATURATED,0.1
2026-02-15T12:05:50.892Z,3,78.16,5,OK,0.1
2026-02-15T12:05:50.943Z,3,77.98,5,OK,0.1
2026-02-15T12:05:50.993Z,3,76.82,5,OK,0.1
2026-02-15T12:05:51.043Z,4,24.27,6,OK,0.1
2026-02-15T12:05:51.093Z,4,20.97,7,OK,0.1
2026-02-15T12:05:51.197Z,5,37.60,5,SATURATED,0.1
2026-02-15T12:05:51.248Z,4,37.53,5,OK,0.1
2026-02-15T12:05:51.298Z,4,37.57,5,OK,0.1
2026-02-15T12:05:51.348Z,5,37.63,5,SATURATED,0.1
2026-02-15T12:05:51.398Z,5,36.88,5,SATURATED,0.1
2026-02-15T12:05:51.449Z,5,20.19,6,OK,0.1
2026-02-15T12:05:51.500Z,6,20.22,7,OK,0.1
2026-02-15T12:05:51.550Z,4,20.19,8,OK,0.1
2026-02-15T12:05:51.601Z,4,20.08,9,OK,0.1
2026-02-15T12:05:51.651Z,3,20.06,10,OK,0.1
2026-02-15T12:05:51.857Z,3,20.13,11,OK,0.1
2026-02-15T12:05:51.955Z,11,35.29,9,SATURATED,0.1
2026-02-15T12:05:52.275Z,9,85.23,5,SATURATED,0.1
2026-02-15T12:05:52.326Z,5,87.57,5,SATURATED,0.1
2026-02-15T12:05:52.378Z,5,87.56,5,SATURATED,0.1
2026-02-15T12:05:52.428Z,5,87.39,5,SATURATED,0.1
2026-02-15T12:05:52.478Z,5,72.07,5,SATURATED,0.1
2026-02-15T12:05:52.528Z,5,22.06,6,OK,0.1
2026-02-15T12:05:52.578Z,6,19.76,7,OK,0.1
2026-02-15T12:05:52.629Z,6,19.83,8,OK,0.1
2026-02-15T12:05:52.679Z,6,19.99,9,OK,0.1
2026-02-15T12:05:52.729Z,6,20.05,10,OK,0.1
2026-02-15T12:05:52.780Z,6,20.09,11,OK,0.1
2026-02-15T12:05:52.830Z,6,20.29,12,OK,0.1
2026-02-15T12:05:52.884Z,12,21.49,13,OK,0.1
2026-02-15T12:05:53.106Z,13,51.84,10,SATURATED,0.1
2026-02-15T12:05:53.361Z,10,88.86,5,SATURATED,0.1
2026-02-15T12:05:53.418Z,5,86.23,5,SATURATED,0.1
2026-02-15T12:05:53.467Z,5,85.91,5,SATURATED,0.1
2026-02-15T12:05:53.517Z,5,84.80,5,SATURATED,0.1
2026-02-15T12:05:53.568Z,5,54.51,5,SATURATED,0.1
2026-02-15T12:05:53.618Z,5,17.52,6,OK,0.1
2026-02-15T12:05:53.668Z,5,20.20,7,OK,0.1
2026-02-15T12:05:53.826Z,5,37.88,5,SATURATED,0.1
2026-02-15T12:05:53.877Z,4,37.94,5,OK,0.1
2026-02-15T12:05:53.927Z,5,37.81,5,SATURATED,0.1
2026-02-15T12:05:53.977Z,5,37.93,5,SATURATED,0.1
2026-02-15T12:05:54.027Z,5,37.96,5,SATURATED,0.1
2026-02-15T12:05:54.076Z,5,20.39,6,OK,0.1
2026-02-15T12:05:54.264Z,6,50.90,5,SATURATED,0.1
2026-02-15T12:05:54.320Z,5,51.37,5,SATURATED,0.1
2026-02-15T12:05:54.910Z,5,53.72,5,SATURATED,0.1
2026-02-15T12:05:54.980Z,5,63.51,5,SATURATED,0.1
2026-02-15T12:05:55.031Z,3,63.63,5,OK,0.1
2026-02-15T12:05:55.082Z,3,33.04,5,OK,0.1
2026-02-15T12:05:55.131Z,4,32.70,5,OK,0.1
2026-02-15T12:05:55.181Z,4,30.28,5,OK,0.1
2026-02-15T12:05:55.232Z,4,20.48,6,OK,0.1
2026-02-15T12:05:55.467Z,5,60.71,5,SATURATED,0.1
2026-02-15T12:05:55.543Z,5,61.86,5,SATURATED,0.1
2026-02-15T12:05:55.731Z,5,85.35,5,SATURATED,0.1
2026-02-15T12:05:55.781Z,3,85.33,5,OK,0.1
2026-02-15T12:05:55.832Z,3,85.26,5,OK,0.1
2026-02-15T12:05:55.882Z,3,44.91,5,OK,0.1
2026-02-15T12:05:56.081Z,2,69.31,5,OK,0.1
2026-02-15T12:05:56.201Z,5,55.91,5,SATURATED,0.1
2026-02-15T12:05:56.251Z,4,55.92,5,OK,0.1
2026-02-15T12:05:56.433Z,3,78.30,5,OK,0.1
2026-02-15T12:05:56.601Z,5,97.86,5,SATURATED,0.1
2026-02-15T12:05:56.675Z,5,82.92,5,SATURATED,0.1
2026-02-15T12:05:56.884Z,4,100.52,5,OK,0.1
2026-02-15T12:05:57.380Z,4,185.66,5,OK,0.4
2026-02-15T12:05:57.524Z,5,178.06,5,SATURATED,0.4
2026-02-15T12:05:57.575Z,4,158.50,5,OK,0.4
2026-02-15T12:05:57.629Z,5,147.82,5,SATURATED,0.4
2026-02-15T12:05:57.718Z,5,124.39,5,SATURATED,0.1
2026-02-15T12:05:57.768Z,5,39.22,5,SATURATED,0.1
2026-02-15T12:05:57.819Z,5,24.49,6,OK,0.1
2026-02-15T12:05:57.869Z,5,24.54,7,OK,0.1
2026-02-15T12:05:57.919Z,6,25.22,6,SATURATED,0.1
2026-02-15T12:05:57.970Z,6,20.93,7,OK,0.1
2026-02-15T12:05:58.020Z,6,20.79,8,OK,0.1
2026-02-15T12:05:58.070Z,6,20.82,9,OK,0.1
2026-02-15T12:05:58.120Z,4,20.79,10,OK,0.1
2026-02-15T12:05:58.170Z,4,20.15,11,OK,0.1
2026-02-15T12:05:58.220Z,4,20.16,12,OK,0.1
2026-02-15T12:05:58.271Z,4,20.34,13,OK,0.1
2026-02-15T12:05:58.322Z,4,20.32,14,OK,0.1
2026-02-15T12:05:58.372Z,4,20.26,15,OK,0.1
2026-02-15T12:05:58.619Z,11,62.12,11,SATURATED,0.1
2026-02-15T12:05:58.779Z,11,80.03,5,SATURATED,0.1
2026-02-15T12:05:58.870Z,5,84.15,5,SATURATED,0.1
2026-02-15T12:05:58.920Z,5,84.14,5,SATURATED,0.1
2026-02-15T12:05:58.970Z,5,84.20,5,SATURATED,0.1
2026-02-15T12:05:59.021Z,5,42.50,5,SATURATED,0.1
2026-02-15T12:05:59.072Z,5,24.57,6,OK,0.1
2026-02-15T12:05:59.123Z,5,20.39,7,OK,0.1
2026-02-15T12:05:59.173Z,5,20.37,8,OK,0.1
2026-02-15T12:05:59.223Z,5,20.30,9,OK,0.1
2026-02-15T12:05:59.273Z,5,20.20,10,OK,0.1
2026-02-15T12:05:59.324Z,5,20.19,11,OK,0.1
2026-02-15T12:05:59.375Z,5,20.28,12,OK,0.1
2026-02-15T12:05:59.425Z,5,20.27,13,OK,0.1
2026-02-15T12:05:59.476Z,5,20.35,14,OK,0.1
2026-02-15T12:05:59.526Z,6,20.34,15,OK,0.1
2026-02-15T12:05:59.576Z,5,20.31,16,OK,0.1
2026-02-15T12:05:59.828Z,5,66.12,11,OK,0.1
2026-02-15T12:05:59.971Z,11,80.68,5,SATURATED,0.1
2026-02-15T12:06:00.022Z,4,76.83,5,OK,0.1
2026-02-15T12:06:00.072Z,4,76.81,5,OK,0.1
2026-02-15T12:06:00.123Z,4,76.94,5,OK,0.1
2026-02-15T12:06:00.173Z,4,31.09,5,OK,0.1
2026-02-15T12:06:00.224Z,4,16.59,6,OK,0.1
2026-02-15T12:06:00.275Z,4,20.45,7,OK,0.1
2026-02-15T12:06:00.472Z,4,52.77,5,OK,0.1
2026-02-15T12:06:00.523Z,3,52.65,5,OK,0.1
2026-02-15T12:06:00.574Z,3,52.58,5,OK,0.1
2026-02-15T12:06:00.625Z,3,52.56,5,OK,0.1
2026-02-15T12:06:00.674Z,3,52.58,5,OK,0.1
2026-02-15T12:06:00.725Z,3,20.29,6,OK,0.1
2026-02-15T12:06:00.775Z,3,20.30,7,OK,0.1
2026-02-15T12:06:00.825Z,3,20.36,8,OK,0.1
2026-02-15T12:06:00.886Z,8,21.49,9,OK,0.1
2026-02-15T12:06:00.936Z,9,27.15,8,SATURATED,0.1
2026-02-15T12:06:01.010Z,8,27.88,7,SATURATED,0.1
2026-02-15T12:06:01.085Z,7,28.82,6,SATURATED,0.1
2026-02-15T12:06:01.136Z,4,28.75,5,OK,0.1
2026-02-15T12:06:01.187Z,4,27.79,5,OK,0.1
2026-02-15T12:06:01.402Z,4,39.56,5,OK,0.1
2026-02-15T12:06:01.453Z,4,38.80,5,OK,0.1
2026-02-15T12:06:01.503Z,3,37.82,5,OK,0.1
2026-02-15T12:06:01.554Z,4,37.89,5,OK,0.1
2026-02-15T12:06:01.605Z,4,37.73,5,OK,0.1
2026-02-15T12:06:01.655Z,4,20.28,6,OK,0.1
2026-02-15T12:06:01.705Z,4,20.33,7,OK,0.1
2026-02-15T12:06:01.756Z,4,20.37,8,OK,0.1
2026-02-15T12:06:01.807Z,4,20.41,9,OK,0.1
2026-02-15T12:06:01.859Z,7,20.51,10,OK,0.1
2026-02-15T12:06:02.063Z,7,47.45,7,SATURATED,0.1
2026-02-15T12:06:02.195Z,7,59.77,5,SATURATED,0.1
2026-02-15T12:06:02.246Z,4,59.84,5,OK,0.1
2026-02-15T12:06:02.297Z,4,59.77,5,OK,0.1
2026-02-15T12:06:02.348Z,4,59.62,5,OK,0.1
2026-02-15T12:06:02.398Z,4,32.66,5,OK,0.1
2026-02-15T12:06:02.448Z,4,20.33,6,OK,0.1
2026-02-15T12:06:02.498Z,6,20.24,7,OK,0.1
2026-02-15T12:06:02.550Z,6,20.23,8,OK,0.1
2026-02-15T12:06:02.599Z,6,20.25,9,OK,0.1
2026-02-15T12:06:02.650Z,6,20.28,10,OK,0.1
2026-02-15T12:06:02.699Z,6,20.27,11,OK,0.1
2026-02-15T12:06:02.750Z,6,20.30,12,OK,0.1
2026-02-15T12:06:02.799Z,6,20.24,13,OK,0.1
2026-02-15T12:06:02.851Z,6,20.24,14,OK,0.1
2026-02-15T12:06:02.901Z,5,20.14,15,OK,0.1
2026-02-15T12:06:02.951Z,5,20.14,16,OK,0.1
2026-02-15T12:06:03.002Z,5,20.16,17,OK,0.1
2026-02-15T12:06:03.052Z,5,20.24,18,OK,0.1
2026-02-15T12:06:03.318Z,17,22.42,19,OK,0.1
2026-02-15T12:06:03.892Z,19,133.21,5,SATURATED,0.4
2026-02-15T12:06:03.942Z,6,133.23,5,SATURATED,0.4
2026-02-15T12:06:03.992Z,6,133.18,5,SATURATED,0.4
2026-02-15T12:06:04.043Z,6,133.09,5,SATURATED,0.4
2026-02-15T12:06:04.093Z,6,130.87,5,SATURATED,0.4
2026-02-15T12:06:04.143Z,6,20.21,6,SATURATED,0.1
2026-02-15T12:06:04.194Z,6,20.19,7,OK,0.1
2026-02-15T12:06:04.244Z,6,20.20,8,OK,0.1
2026-02-15T12:06:04.295Z,6,20.26,9,OK,0.1
2026-02-15T12:06:04.610Z,8,78.60,5,SATURATED,0.1
2026-02-15T12:06:04.661Z,4,78.57,5,OK,0.1
2026-02-15T12:06:04.711Z,4,78.59,5,OK,0.1
2026-02-15T12:06:04.949Z,5,79.33,5,SATURATED,0.1
2026-02-15T12:06:05.096Z,5,104.53,5,SATURATED,0.1
2026-02-15T12:06:05.147Z,2,46.10,5,OK,0.1
2026-02-15T12:06:05.197Z,2,46.08,5,OK,0.1
2026-02-15T12:06:05.246Z,2,46.03,5,OK,0.1
2026-02-15T12:06:05.297Z,2,45.30,5,OK,0.1
2026-02-15T12:06:05.346Z,1,20.15,6,OK,0.1
2026-02-15T12:06:05.397Z,1,20.26,7,OK,0.1
2026-02-15T12:06:05.448Z,1,20.24,8,OK,0.1
2026-02-15T12:06:05.498Z,1,20.28,9,OK,0.1
2026-02-15T12:06:05.549Z,1,20.27,10,OK,0.1
2026-02-15T12:06:05.600Z,1,20.23,11,OK,0.1
2026-02-15T12:06:05.850Z,11,66.02,6,SATURATED,0.1
2026-02-15T12:06:05.901Z,1,62.18,5,OK,0.1
2026-02-15T12:06:06.155Z,3,62.19,5,OK,0.1
2026-02-15T12:06:06.296Z,5,86.24,5,SATURATED,0.1
2026-02-15T12:06:06.345Z,1,86.15,5,OK,0.1
2026-02-15T12:06:06.395Z,1,40.38,5,OK,0.1
2026-02-15T12:06:06.446Z,1,44.25,5,OK,0.1
2026-02-15T12:06:06.497Z,2,44.26,5,OK,0.1
2026-02-15T12:06:06.547Z,1,20.26,6,OK,0.1
2026-02-15T12:06:06.598Z,1,20.32,7,OK,0.1
2026-02-15T12:06:06.648Z,1,20.32,8,OK,0.1
2026-02-15T12:06:06.698Z,1,20.30,9,OK,0.1
2026-02-15T12:06:06.749Z,1,20.28,10,OK,0.1
2026-02-15T12:06:06.799Z,1,20.23,11,OK,0.1
2026-02-15T12:06:06.850Z,1,20.25,12,OK,0.1
2026-02-15T12:06:06.972Z,2,30.59,11,OK,0.1
2026-02-15T12:06:07.022Z,3,30.66,10,OK,0.1
2026-02-15T12:06:07.072Z,3,30.65,9,OK,0.1
2026-02-15T12:06:07.122Z,3,30.57,8,OK,0.1
2026-02-15T12:06:07.174Z,6,30.58,7,OK,0.1
2026-02-15T12:06:07.363Z,7,43.98,5,SATURATED,0.1
2026-02-15T12:06:07.517Z,4,60.66,5,OK,0.1
2026-02-15T12:06:07.568Z,4,60.68,5,OK,0.1
2026-02-15T12:06:07.618Z,3,60.78,5,OK,0.1
2026-02-15T12:06:07.668Z,3,60.78,5,OK,0.1
2026-02-15T12:06:07.719Z,3,37.02,5,OK,0.1
2026-02-15T12:06:07.769Z,3,20.22,6,OK,0.1
2026-02-15T12:06:07.819Z,3,20.23,7,OK,0.1
2026-02-15T12:06:07.990Z,3,33.15,6,OK,0.1
2026-02-15T12:06:08.039Z,3,33.04,5,OK,0.1
2026-02-15T12:06:08.089Z,3,33.04,5,OK,0.1
2026-02-15T12:06:08.139Z,3,33.11,5,OK,0.1
2026-02-15T12:06:08.332Z,3,63.53,5,OK,0.1
2026-02-15T12:06:08.393Z,4,54.57,5,OK,0.1
2026-02-15T12:06:08.472Z,5,56.42,5,SATURATED,0.1
2026-02-15T12:06:08.523Z,5,62.72,5,SATURATED,0.1
2026-02-15T12:06:08.574Z,4,58.85,5,OK,0.1
2026-02-15T12:06:08.624Z,4,28.40,5,OK,0.1
2026-02-15T12:06:08.674Z,4,24.44,6,OK,0.1
2026-02-15T12:06:08.724Z,4,22.71,7,OK,0.1
2026-02-15T12:06:08.775Z,4,16.41,8,OK,0.1
2026-02-15T12:06:08.824Z,4,20.29,9,OK,0.1
2026-02-15T12:06:08.874Z,3,20.25,10,OK,0.1
2026-02-15T12:06:08.925Z,3,20.26,11,OK,0.1
2026-02-15T12:06:08.976Z,3,20.27,12,OK,0.1
2026-02-15T12:06:09.117Z,4,41.63,10,OK,0.1
2026-02-15T12:06:09.254Z,10,54.95,7,SATURATED,0.1
2026-02-15T12:06:09.304Z,4,55.01,5,OK,0.1
2026-02-15T12:06:09.355Z,5,54.97,5,SATURATED,0.1
2026-02-15T12:06:09.405Z,5,55.00,5,SATURATED,0.1
2026-02-15T12:06:09.485Z,5,34.27,5,SATURATED,0.1
2026-02-15T12:06:09.565Z,5,24.69,6,OK,0.1
2026-02-15T12:06:09.615Z,6,27.62,5,SATURATED,0.1
2026-02-15T12:06:09.666Z,6,27.63,5,SATURATED,0.1
2026-02-15T12:06:09.717Z,6,27.61,5,SATURATED,0.1
2026-02-15T12:06:09.767Z,6,27.09,5,SATURATED,0.1
2026-02-15T12:06:09.817Z,6,23.40,6,SATURATED,0.1
2026-02-15T12:06:09.867Z,6,20.44,7,OK,0.1
2026-02-15T12:06:09.918Z,6,20.50,8,OK,0.1
2026-02-15T12:06:09.969Z,6,20.49,9,OK,0.1
2026-02-15T12:06:10.105Z,6,33.53,8,OK,0.1
2026-02-15T12:06:10.156Z,6,33.45,7,OK,0.1
2026-02-15T12:06:10.206Z,6,33.49,6,SATURATED,0.1
2026-02-15T12:06:10.268Z,6,34.11,5,SATURATED,0.1
2026-02-15T12:06:10.319Z,6,34.20,5,SATURATED,0.1
2026-02-15T12:06:10.368Z,6,21.04,6,SATURATED,0.1
2026-02-15T12:06:10.418Z,6,20.97,7,OK,0.1
2026-02-15T12:06:10.468Z,7,21.33,8,OK,0.1
2026-02-15T12:06:10.535Z,8,22.09,9,OK,0.1
2026-02-15T12:06:10.602Z,9,24.54,10,OK,0.1
2026-02-15T12:06:10.796Z,8,28.06,9,OK,0.1
2026-02-15T12:06:10.846Z,6,28.18,8,OK,0.1
2026-02-15T12:06:10.995Z,6,51.24,5,SATURATED,0.1
2026-02-15T12:06:11.046Z,5,49.79,5,SATURATED,0.1
2026-02-15T12:06:11.095Z,5,47.22,5,SATURATED,0.1
2026-02-15T12:06:11.146Z,3,43.80,5,OK,0.1
2026-02-15T12:06:11.196Z,3,43.79,5,OK,0.1
2026-02-15T12:06:11.252Z,5,20.57,6,OK,0.1
2026-02-15T12:06:11.457Z,6,47.52,5,SATURATED,0.1
2026-02-15T12:06:11.724Z,5,86.88,5,SATURATED,0.1
2026-02-15T12:06:11.879Z,5,103.73,5,SATURATED,0.1
2026-02-15T12:06:11.930Z,3,103.69,5,OK,0.1
2026-02-15T12:06:11.980Z,3,103.49,5,OK,0.1
2026-02-15T12:06:12.030Z,3,76.54,5,OK,0.1
2026-02-15T12:06:12.079Z,3,37.18,5,OK,0.1
2026-02-15T12:06:12.129Z,3,20.30,6,OK,0.1
2026-02-15T12:06:12.179Z,3,20.33,7,OK,0.1
2026-02-15T12:06:12.230Z,3,20.34,8,OK,0.1
2026-02-15T12:06:12.389Z,3,44.93,6,OK,0.1
2026-02-15T12:06:12.439Z,4,44.96,5,OK,0.1
2026-02-15T12:06:12.490Z,4,45.03,5,OK,0.1
2026-02-15T12:06:12.540Z,4,45.03,5,OK,0.1
2026-02-15T12:06:12.591Z,4,44.95,5,OK,0.1
2026-02-15T12:06:12.642Z,4,20.36,6,OK,0.1
2026-02-15T12:06:12.692Z,5,20.24,7,OK,0.1
2026-02-15T12:06:12.896Z,7,46.85,5,SATURATED,0.1
2026-02-15T12:06:13.014Z,5,66.33,5,SATURATED,0.1
2026-02-15T12:06:13.064Z,5,66.37,5,SATURATED,0.1
2026-02-15T12:06:13.115Z,5,66.40,5,SATURATED,0.1
2026-02-15T12:06:13.165Z,5,66.51,5,SATURATED,0.1
2026-02-15T12:06:13.216Z,5,39.80,5,SATURATED,0.1
2026-02-15T12:06:13.266Z,5,20.35,6,OK,0.1
2026-02-15T12:06:13.317Z,5,20.38,7,OK,0.1
2026-02-15T12:06:13.366Z,5,20.43,8,OK,0.1
2026-02-15T12:06:13.417Z,6,20.32,9,OK,0.1
2026-02-15T12:06:13.469Z,7,20.28,10,OK,0.1
2026-02-15T12:06:13.520Z,7,20.23,11,OK,0.1
2026-02-15T12:06:13.571Z,7,20.21,12,OK,0.1
2026-02-15T12:06:13.622Z,7,20.07,13,OK,0.1
2026-02-15T12:06:13.671Z,7,20.16,14,OK,0.1
2026-02-15T12:06:13.824Z,12,20.57,15,OK,0.1
2026-02-15T12:06:14.072Z,15,65.98,10,SATURATED,0.1
2026-02-15T12:06:14.308Z,10,99.33,5,SATURATED,0.1
2026-02-15T12:06:14.358Z,9,99.38,5,SATURATED,0.1
2026-02-15T12:06:14.408Z,8,99.38,5,SATURATED,0.1
2026-02-15T12:06:14.458Z,8,99.03,5,SATURATED,0.1
2026-02-15T12:06:14.508Z,7,53.62,5,SATURATED,0.1
2026-02-15T12:06:14.559Z,7,20.28,6,SATURATED,0.1
2026-02-15T12:06:14.608Z,7,20.32,7,SATURATED,0.1
2026-02-15T12:06:14.658Z,7,20.33,8,OK,0.1
2026-02-15T12:06:14.708Z,8,20.30,9,OK,0.1
2026-02-15T12:06:14.758Z,8,20.37,10,OK,0.1
2026-02-15T12:06:14.809Z,8,20.35,11,OK,0.1
2026-02-15T12:06:14.859Z,8,20.47,12,OK,0.1
2026-02-15T12:06:14.910Z,7,20.46,13,OK,0.1
2026-02-15T12:06:14.959Z,7,20.45,14,OK,0.1
2026-02-15T12:06:15.010Z,7,20.46,15,OK,0.1
2026-02-15T12:06:15.059Z,7,20.46,16,OK,0.1
2026-02-15T12:06:15.332Z,7,60.87,12,OK,0.1
2026-02-15T12:06:15.517Z,12,83.82,6,SATURATED,0.1
2026-02-15T12:06:15.567Z,4,83.83,5,OK,0.1
2026-02-15T12:06:15.617Z,4,83.73,5,OK,0.1
2026-02-15T12:06:15.667Z,4,83.82,5,OK,0.1
2026-02-15T12:06:15.718Z,4,43.28,5,OK,0.1
2026-02-15T12:06:15.769Z,4,20.35,6,OK,0.1
2026-02-15T12:06:15.820Z,4,20.38,7,OK,0.1
2026-02-15T12:06:15.870Z,3,20.41,8,OK,0.1
2026-02-15T12:06:15.921Z,3,20.38,9,OK,0.1
2026-02-15T12:06:15.972Z,3,20.47,10,OK,0.1
2026-02-15T12:06:16.022Z,3,20.50,11,OK,0.1
2026-02-15T12:06:16.072Z,2,20.52,12,OK,0.1
2026-02-15T12:06:16.123Z,2,20.52,13,OK,0.1
2026-02-15T12:06:16.174Z,2,20.49,14,OK,0.1
2026-02-15T12:06:16.225Z,2,20.39,15,OK,0.1
2026-02-15T12:06:16.275Z,2,20.28,16,OK,0.1
2026-02-15T12:06:16.324Z,2,20.24,17,OK,0.1
2026-02-15T12:06:16.572Z,17,20.42,18,OK,0.1
2026-02-15T12:06:17.150Z,17,132.06,5,SATURATED,0.4
2026-02-15T12:06:17.201Z,8,132.05,5,SATURATED,0.4
2026-02-15T12:06:17.250Z,8,132.09,5,SATURATED,0.4
2026-02-15T12:06:17.300Z,8,132.03,5,SATURATED,0.4
2026-02-15T12:06:17.350Z,8,131.82,5,SATURATED,0.4
2026-02-15T12:06:17.400Z,8,20.21,6,SATURATED,0.1
2026-02-15T12:06:17.450Z,8,20.23,7,SATURATED,0.1
2026-02-15T12:06:17.500Z,8,20.25,8,SATURATED,0.1
2026-02-15T12:06:17.550Z,8,20.28,9,OK,0.1
2026-02-15T12:06:17.601Z,9,20.33,10,OK,0.1
2026-02-15T12:06:17.652Z,9,20.28,11,OK,0.1
2026-02-15T12:06:17.703Z,9,20.28,12,OK,0.1
2026-02-15T12:06:17.752Z,9,20.28,13,OK,0.1
2026-02-15T12:06:17.802Z,9,20.30,14,OK,0.1
2026-02-15T12:06:17.852Z,8,20.29,15,OK,0.1
2026-02-15T12:06:17.902Z,8,20.32,16,OK,0.1
2026-02-15T12:06:17.953Z,8,20.40,17,OK,0.1
2026-02-15T12:06:18.175Z,11,20.40,18,OK,0.1
2026-02-15T12:06:18.322Z,18,45.65,15,SATURATED,0.1
2026-02-15T12:06:18.372Z,7,45.41,12,OK,0.1
2026-02-15T12:06:18.524Z,5,61.73,8,OK,0.1
2026-02-15T12:06:18.577Z,8,64.00,5,SATURATED,0.1
2026-02-15T12:06:18.626Z,6,63.93,5,SATURATED,0.1
2026-02-15T12:06:18.676Z,6,38.66,5,SATURATED,0.1
2026-02-15T12:06:18.726Z,6,38.87,5,SATURATED,0.1
2026-02-15T12:06:18.776Z,6,22.51,6,SATURATED,0.1
2026-02-15T12:06:18.826Z,4,20.17,7,OK,0.1
2026-02-15T12:06:18.876Z,4,20.09,8,OK,0.1
2026-02-15T12:06:18.927Z,4,20.12,9,OK,0.1
2026-02-15T12:06:18.978Z,4,20.12,10,OK,0.1
2026-02-15T12:06:19.027Z,5,20.16,11,OK,0.1
2026-02-15T12:06:19.078Z,5,20.15,12,OK,0.1
2026-02-15T12:06:19.128Z,5,20.28,13,OK,0.1
2026-02-15T12:06:19.178Z,6,20.24,14,OK,0.1
2026-02-15T12:06:19.260Z,14,22.50,15,OK,0.1
2026-02-15T12:06:19.456Z,15,57.54,11,SATURATED,0.1
2026-02-15T12:06:19.551Z,10,62.51,7,SATURATED,0.1
2026-02-15T12:06:19.602Z,7,62.54,5,SATURATED,0.1
2026-02-15T12:06:19.651Z,7,62.54,5,SATURATED,0.1
2026-02-15T12:06:19.701Z,7,60.31,5,SATURATED,0.1
2026-02-15T12:06:19.751Z,7,25.23,5,SATURATED,0.1
2026-02-15T12:06:19.802Z,7,20.23,6,SATURATED,0.1
2026-02-15T12:06:19.852Z,7,20.36,7,SATURATED,0.1
2026-02-15T12:06:19.902Z,7,20.41,8,OK,0.1
2026-02-15T12:06:19.952Z,7,20.41,9,OK,0.1
2026-02-15T12:06:20.003Z,7,20.46,10,OK,0.1
2026-02-15T12:06:20.053Z,6,20.49,11,OK,0.1
2026-02-15T12:06:20.103Z,6,20.33,12,OK,0.1
2026-02-15T12:06:20.154Z,6,20.33,13,OK,0.1
2026-02-15T12:06:20.303Z,6,20.45,14,OK,0.1
2026-02-15T12:06:20.353Z,6,22.68,15,OK,0.1
2026-02-15T12:06:20.403Z,6,22.68,16,OK,0.1
2026-02-15T12:06:20.751Z,16,24.16,17,OK,0.1
2026-02-15T12:06:20.915Z,17,52.49,14,SATURATED,0.1
2026-02-15T12:06:21.075Z,11,70.30,9,SATURATED,0.1
2026-02-15T12:06:21.125Z,8,68.04,5,SATURATED,0.1
2026-02-15T12:06:21.176Z,8,68.07,5,SATURATED,0.1
2026-02-15T12:06:21.225Z,6,66.62,5,SATURATED,0.1
2026-02-15T12:06:21.276Z,6,38.26,5,SATURATED,0.1
2026-02-15T12:06:21.327Z,6,20.34,6,SATURATED,0.1
2026-02-15T12:06:21.377Z,6,20.33,7,OK,0.1
2026-02-15T12:06:21.427Z,7,20.31,8,OK,0.1
2026-02-15T12:06:21.581Z,8,20.58,9,OK,0.1
2026-02-15T12:06:21.630Z,5,20.46,10,OK,0.1
2026-02-15T12:06:21.680Z,5,20.41,11,OK,0.1
2026-02-15T12:06:21.858Z,6,20.36,12,OK,0.1
2026-02-15T12:06:22.266Z,12,98.03,5,SATURATED,0.1
2026-02-15T12:06:22.343Z,5,99.08,5,SATURATED,0.1
2026-02-15T12:06:22.394Z,5,99.16,5,SATURATED,0.1
2026-02-15T12:06:22.444Z,5,99.16,5,SATURATED,0.1
2026-02-15T12:06:22.494Z,5,99.23,5,SATURATED,0.1
2026-02-15T12:06:22.545Z,5,21.57,6,OK,0.1
2026-02-15T12:06:22.825Z,6,20.22,7,OK,0.1
2026-02-15T12:06:22.875Z,2,20.18,8,OK,0.1
2026-02-15T12:06:22.926Z,2,20.19,9,OK,0.1
2026-02-15T12:06:22.975Z,2,20.15,10,OK,0.1
2026-02-15T12:06:23.025Z,2,20.14,11,OK,0.1
2026-02-15T12:06:23.077Z,2,20.20,12,OK,0.1
2026-02-15T12:06:23.124Z,1,20.27,13,OK,0.1
2026-02-15T12:06:23.175Z,2,20.30,14,OK,0.1
2026-02-15T12:06:23.391Z,2,59.29,10,OK,0.1
2026-02-15T12:06:23.693Z,10,105.66,5,SATURATED,0.1
2026-02-15T12:06:23.831Z,4,119.14,5,OK,0.1
2026-02-15T12:06:24.104Z,4,159.70,5,OK,0.4
2026-02-15T12:06:24.154Z,3,159.68,5,OK,0.4
2026-02-15T12:06:24.342Z,3,152.18,5,OK,0.4
2026-02-15T12:06:24.393Z,3,105.82,5,OK,0.1
2026-02-15T12:06:24.444Z,3,92.37,5,OK,0.1
2026-02-15T12:06:24.495Z,3,51.81,5,OK,0.1
2026-02-15T12:06:24.733Z,4,93.60,5,OK,0.1
2026-02-15T12:06:24.905Z,5,82.46,5,SATURATED,0.1
2026-02-15T12:06:24.955Z,3,82.52,5,OK,0.1
2026-02-15T12:06:25.005Z,3,82.39,5,OK,0.1
2026-02-15T12:06:25.056Z,3,82.45,5,OK,0.1
2026-02-15T12:06:25.107Z,3,40.65,5,OK,0.1
2026-02-15T12:06:25.156Z,3,20.33,6,OK,0.1
2026-02-15T12:06:25.206Z,2,20.22,7,OK,0.1
2026-02-15T12:06:25.256Z,2,20.27,8,OK,0.1
2026-02-15T12:06:25.306Z,2,20.23,9,OK,0.1
2026-02-15T12:06:25.356Z,2,20.32,10,OK,0.1
2026-02-15T12:06:25.406Z,2,20.27,11,OK,0.1
2026-02-15T12:06:25.457Z,2,20.35,12,OK,0.1
2026-02-15T12:06:25.507Z,2,20.33,13,OK,0.1
2026-02-15T12:06:25.557Z,1,20.34,14,OK,0.1
2026-02-15T12:06:25.607Z,1,20.27,15,OK,0.1
2026-02-15T12:06:25.657Z,1,20.27,16,OK,0.1
2026-02-15T12:06:25.707Z,1,20.29,17,OK,0.1
2026-02-15T12:06:25.921Z,3,36.66,15,OK,0.1
2026-02-15T12:06:26.561Z,15,150.79,5,SATURATED,0.4
2026-02-15T12:06:26.611Z,4,150.78,5,OK,0.4
2026-02-15T12:06:26.661Z,4,150.79,5,OK,0.4
2026-02-15T12:06:26.711Z,4,150.83,5,OK,0.4
2026-02-15T12:06:26.762Z,3,134.42,5,OK,0.4
2026-02-15T12:06:26.813Z,3,20.27,6,OK,0.1
2026-02-15T12:06:26.863Z,3,20.31,7,OK,0.1
2026-02-15T12:06:26.913Z,3,20.34,8,OK,0.1
2026-02-15T12:06:26.963Z,3,20.24,9,OK,0.1
2026-02-15T12:06:27.014Z,3,20.30,10,OK,0.1
2026-02-15T12:06:27.065Z,3,20.16,11,OK,0.1
2026-02-15T12:06:27.115Z,3,20.13,12,OK,0.1
2026-02-15T12:06:27.165Z,3,20.09,13,OK,0.1
2026-02-15T12:06:27.216Z,3,20.06,14,OK,0.1
2026-02-15T12:06:27.265Z,3,20.06,15,OK,0.1
2026-02-15T12:06:27.315Z,3,20.26,16,OK,0.1
2026-02-15T12:06:27.365Z,3,20.27,17,OK,0.1
2026-02-15T12:06:27.415Z,4,20.38,18,OK,0.1
2026-02-15T12:06:27.563Z,6,35.99,16,OK,0.1
2026-02-15T12:06:27.893Z,16,87.92,9,SATURATED,0.1
2026-02-15T12:06:27.945Z,9,87.94,5,SATURATED,0.1
2026-02-15T12:06:27.995Z,6,87.97,5,SATURATED,0.1
2026-02-15T12:06:28.045Z,6,87.87,5,SATURATED,0.1
2026-02-15T12:06:28.095Z,6,72.31,5,SATURATED,0.1
2026-02-15T12:06:28.145Z,6,20.43,6,SATURATED,0.1
2026-02-15T12:06:28.195Z,5,20.36,7,OK,0.1
2026-02-15T12:06:28.245Z,6,20.34,8,OK,0.1
2026-02-15T12:06:28.295Z,6,20.35,9,OK,0.1
2026-02-15T12:06:28.345Z,6,20.43,10,OK,0.1
2026-02-15T12:06:28.396Z,6,20.37,11,OK,0.1
2026-02-15T12:06:28.447Z,6,20.37,12,OK,0.1
2026-02-15T12:06:28.496Z,6,20.37,13,OK,0.1
2026-02-15T12:06:28.546Z,6,20.41,14,OK,0.1
2026-02-15T12:06:28.597Z,5,20.38,15,OK,0.1
2026-02-15T12:06:28.647Z,5,20.38,16,OK,0.1
2026-02-15T12:06:28.697Z,6,20.38,17,OK,0.1
2026-02-15T12:06:28.909Z,7,48.71,14,OK,0.1
2026-02-15T12:06:29.069Z,14,66.61,9,SATURATED,0.1
2026-02-15T12:06:29.119Z,8,66.47,5,SATURATED,0.1
2026-02-15T12:06:29.170Z,8,66.44,5,SATURATED,0.1
2026-02-15T12:06:29.220Z,8,66.34,5,SATURATED,0.1
2026-02-15T12:06:29.270Z,8,38.00,5,SATURATED,0.1
2026-02-15T12:06:29.321Z,8,20.08,6,SATURATED,0.1
2026-02-15T12:06:29.371Z,8,20.20,7,SATURATED,0.1
2026-02-15T12:06:29.421Z,8,20.18,8,SATURATED,0.1
2026-02-15T12:06:29.471Z,8,20.08,9,OK,0.1
2026-02-15T12:06:29.521Z,8,20.13,10,OK,0.1
2026-02-15T12:06:29.572Z,7,20.13,11,OK,0.1
2026-02-15T12:06:29.622Z,6,20.10,12,OK,0.1
2026-02-15T12:06:29.673Z,6,20.15,13,OK,0.1
2026-02-15T12:06:29.799Z,4,28.64,12,OK,0.1
2026-02-15T12:06:29.850Z,4,28.59,11,OK,0.1
2026-02-15T12:06:29.901Z,4,28.55,10,OK,0.1
2026-02-15T12:06:29.952Z,9,30.99,9,SATURATED,0.1
2026-02-15T12:06:30.227Z,9,71.93,5,SATURATED,0.1
2026-02-15T12:06:30.316Z,9,77.14,5,SATURATED,0.1
2026-02-15T12:06:30.366Z,8,77.13,5,SATURATED,0.1
2026-02-15T12:06:30.416Z,8,77.13,5,SATURATED,0.1
2026-02-15T12:06:30.467Z,8,74.64,5,SATURATED,0.1
2026-02-15T12:06:30.516Z,8,33.71,5,SATURATED,0.1
2026-02-15T12:06:30.566Z,8,20.16,6,SATURATED,0.1
2026-02-15T12:06:30.616Z,8,20.17,7,SATURATED,0.1
2026-02-15T12:06:30.666Z,8,20.20,8,SATURATED,0.1
2026-02-15T12:06:30.716Z,7,20.61,9,OK,0.1
2026-02-15T12:06:30.767Z,7,20.55,10,OK,0.1
2026-02-15T12:06:30.818Z,7,20.65,11,OK,0.1
2026-02-15T12:06:30.867Z,7,20.69,12,OK,0.1
2026-02-15T12:06:30.918Z,7,20.67,13,OK,0.1
2026-02-15T12:06:31.038Z,5,30.28,12,OK,0.1
2026-02-15T12:06:31.370Z,12,82.68,6,SATURATED,0.1
2026-02-15T12:06:31.494Z,7,93.36,5,SATURATED,0.1
2026-02-15T12:06:31.545Z,7,93.29,5,SATURATED,0.1
2026-02-15T12:06:31.595Z,7,93.20,5,SATURATED,0.1
2026-02-15T12:06:31.645Z,7,83.25,5,SATURATED,0.1
2026-02-15T12:06:31.695Z,7,30.91,5,SATURATED,0.1
2026-02-15T12:06:31.745Z,7,20.21,6,SATURATED,0.1
2026-02-15T12:06:31.795Z,7,20.24,7,SATURATED,0.1
2026-02-15T12:06:31.846Z,7,20.35,8,OK,0.1
2026-02-15T12:06:31.897Z,7,20.38,9,OK,0.1
2026-02-15T12:06:31.947Z,6,20.35,10,OK,0.1
2026-02-15T12:06:31.997Z,4,20.05,11,OK,0.1
2026-02-15T12:06:32.048Z,3,20.04,12,OK,0.1
2026-02-15T12:06:32.098Z,3,20.02,13,OK,0.1
2026-02-15T12:06:32.148Z,3,19.99,14,OK,0.1
2026-02-15T12:06:32.198Z,2,20.08,15,OK,0.1
2026-02-15T12:06:32.249Z,2,20.35,16,OK,0.1
2026-02-15T12:06:32.299Z,2,20.35,17,OK,0.1
2026-02-15T12:06:32.609Z,13,46.89,14,OK,0.1
2026-02-15T12:06:32.775Z,4,66.04,9,OK,0.1
2026-02-15T12:06:32.955Z,2,93.82,5,OK,0.1
2026-02-15T12:06:33.006Z,4,93.82,5,OK,0.1
2026-02-15T12:06:33.056Z,4,93.82,5,OK,0.1
2026-02-15T12:06:33.107Z,4,67.28,5,OK,0.1
2026-02-15T12:06:33.157Z,4,48.16,5,OK,0.1
2026-02-15T12:06:33.206Z,4,20.46,6,OK,0.1
2026-02-15T12:06:33.256Z,4,20.47,7,OK,0.1
2026-02-15T12:06:33.306Z,4,20.49,8,OK,0.1
2026-02-15T12:06:33.357Z,3,20.43,9,OK,0.1
2026-02-15T12:06:33.408Z,3,20.44,10,OK,0.1
2026-02-15T12:06:33.458Z,3,20.34,11,OK,0.1
2026-02-15T12:06:33.508Z,3,20.32,12,OK,0.1
2026-02-15T12:06:33.558Z,3,20.36,13,OK,0.1
2026-02-15T12:06:33.609Z,3,20.51,14,OK,0.1
2026-02-15T12:06:33.800Z,7,44.82,12,OK,0.1
2026-02-15T12:06:34.469Z,12,164.53,5,SATURATED,0.4
2026-02-15T12:06:34.520Z,4,164.59,5,OK,0.4
2026-02-15T12:06:34.571Z,4,164.53,5,OK,0.4
2026-02-15T12:06:34.622Z,5,164.45,5,SATURATED,0.4
2026-02-15T12:06:34.673Z,5,140.03,5,SATURATED,0.4
2026-02-15T12:06:34.724Z,5,20.27,6,OK,0.1
2026-02-15T12:06:34.774Z,5,20.30,7,OK,0.1
2026-02-15T12:06:34.824Z,5,20.31,8,OK,0.1
2026-02-15T12:06:34.874Z,5,20.29,9,OK,0.1
2026-02-15T12:06:34.925Z,5,20.37,10,OK,0.1
2026-02-15T12:06:34.976Z,3,20.43,11,OK,0.1
2026-02-15T12:06:35.026Z,3,20.49,12,OK,0.1
2026-02-15T12:06:35.076Z,3,20.54,13,OK,0.1
2026-02-15T12:06:35.127Z,3,20.56,14,OK,0.1
2026-02-15T12:06:35.177Z,3,20.57,15,OK,0.1
2026-02-15T12:06:35.408Z,6,20.68,16,OK,0.1
2026-02-15T12:06:35.584Z,16,51.47,13,SATURATED,0.1
2026-02-15T12:06:35.763Z,11,73.15,8,SATURATED,0.1
2026-02-15T12:06:35.814Z,5,73.14,5,SATURATED,0.1
2026-02-15T12:06:35.865Z,5,73.12,5,SATURATED,0.1
2026-02-15T12:06:35.916Z,5,73.03,5,SATURATED,0.1
2026-02-15T12:06:35.967Z,5,42.30,5,SATURATED,0.1
2026-02-15T12:06:36.018Z,5,20.68,6,OK,0.1
2026-02-15T12:06:36.068Z,6,20.59,7,OK,0.1
2026-02-15T12:06:36.118Z,6,20.61,8,OK,0.1
2026-02-15T12:06:36.168Z,6,20.57,9,OK,0.1
2026-02-15T12:06:36.218Z,5,20.30,10,OK,0.1
2026-02-15T12:06:36.269Z,5,20.14,11,OK,0.1
2026-02-15T12:06:36.319Z,5,20.29,12,OK,0.1
2026-02-15T12:06:36.369Z,5,20.26,13,OK,0.1
2026-02-15T12:06:36.555Z,8,20.55,14,OK,0.1
2026-02-15T12:06:36.716Z,14,48.59,11,SATURATED,0.1
2026-02-15T12:06:36.936Z,11,78.76,5,SATURATED,0.1
2026-02-15T12:06:36.992Z,6,75.84,5,SATURATED,0.1
2026-02-15T12:06:37.042Z,6,75.85,5,SATURATED,0.1
2026-02-15T12:06:37.092Z,6,75.54,5,SATURATED,0.1
2026-02-15T12:06:37.143Z,6,47.66,5,SATURATED,0.1
2026-02-15T12:06:37.193Z,6,17.58,6,SATURATED,0.1
2026-02-15T12:06:37.243Z,5,20.36,7,OK,0.1
2026-02-15T12:06:37.294Z,5,20.38,8,OK,0.1
2026-02-15T12:06:37.344Z,5,20.41,9,OK,0.1
2026-02-15T12:06:37.394Z,5,20.38,10,OK,0.1
2026-02-15T12:06:37.604Z,5,48.27,7,OK,0.1
2026-02-15T12:06:37.655Z,7,48.34,5,SATURATED,0.1
2026-02-15T12:06:37.724Z,7,48.45,5,SATURATED,0.1
2026-02-15T12:06:37.781Z,6,48.96,5,SATURATED,0.1
2026-02-15T12:06:37.832Z,6,48.86,5,SATURATED,0.1
2026-02-15T12:06:37.881Z,6,20.90,6,SATURATED,0.1
2026-02-15T12:06:37.931Z,6,20.85,7,OK,0.1
2026-02-15T12:06:38.002Z,7,20.87,8,OK,0.1
2026-02-15T12:06:38.053Z,6,20.54,9,OK,0.1
2026-02-15T12:06:38.103Z,6,20.57,10,OK,0.1
2026-02-15T12:06:38.154Z,6,20.60,11,OK,0.1
2026-02-15T12:06:38.204Z,6,20.64,12,OK,0.1
2026-02-15T12:06:38.255Z,6,20.62,13,OK,0.1
2026-02-15T12:06:38.306Z,6,20.38,14,OK,0.1
2026-02-15T12:06:38.356Z,6,20.42,15,OK,0.1
2026-02-15T12:06:38.407Z,6,20.42,16,OK,0.1
2026-02-15T12:06:38.456Z,5,20.55,17,OK,0.1
2026-02-15T12:06:38.507Z,5,20.48,18,OK,0.1
2026-02-15T12:06:38.556Z,5,20.49,19,OK,0.1
2026-02-15T12:06:38.607Z,5,20.48,20,OK,0.1
2026-02-15T12:06:38.738Z,7,32.80,19,OK,0.1
2026-02-15T12:06:39.223Z,19,115.63,9,SATURATED,0.1
2026-02-15T12:06:39.359Z,5,128.72,5,SATURATED,0.4
2026-02-15T12:06:39.409Z,4,128.70,5,OK,0.4
2026-02-15T12:06:39.459Z,3,128.67,5,OK,0.4
2026-02-15T12:06:39.510Z,3,116.27,5,OK,0.1
2026-02-15T12:06:39.561Z,3,33.36,5,OK,0.1
2026-02-15T12:06:39.611Z,1,20.25,6,OK,0.1
2026-02-15T12:06:39.661Z,1,20.23,7,OK,0.1
2026-02-15T12:06:39.712Z,1,20.27,8,OK,0.1
2026-02-15T12:06:39.762Z,1,20.30,9,OK,0.1
2026-02-15T12:06:39.812Z,1,20.30,10,OK,0.1
2026-02-15T12:06:39.863Z,1,20.36,11,OK,0.1
2026-02-15T12:06:39.913Z,1,20.44,12,OK,0.1
2026-02-15T12:06:39.964Z,0,20.39,13,OK,0.1
2026-02-15T12:06:40.145Z,0,20.42,14,OK,0.1
2026-02-15T12:06:40.195Z,0,20.46,15,OK,0.1
2026-02-15T12:06:40.255Z,15,23.10,16,OK,0.1
2026-02-15T12:06:40.611Z,16,80.20,10,SATURATED,0.1
2026-02-15T12:06:40.866Z,9,117.18,5,SATURATED,0.1
2026-02-15T12:06:40.916Z,3,117.15,5,OK,0.1
2026-02-15T12:06:40.967Z,3,117.07,5,OK,0.1
2026-02-15T12:06:41.018Z,3,114.37,5,OK,0.1
2026-02-15T12:06:41.068Z,3,57.22,5,OK,0.1
2026-02-15T12:06:41.119Z,3,20.36,6,OK,0.1
2026-02-15T12:06:41.292Z,3,48.53,5,OK,0.1
2026-02-15T12:06:41.342Z,3,48.59,5,OK,0.1
2026-02-15T12:06:41.392Z,3,48.58,5,OK,0.1
2026-02-15T12:06:41.443Z,3,48.58,5,OK,0.1
2026-02-15T12:06:41.493Z,3,48.50,5,OK,0.1
2026-02-15T12:06:41.543Z,3,20.38,6,OK,0.1
2026-02-15T12:06:41.599Z,6,20.33,7,OK,0.1
2026-02-15T12:06:41.650Z,3,20.99,8,OK,0.1
2026-02-15T12:06:41.701Z,3,21.01,9,OK,0.1
2026-02-15T12:06:41.759Z,7,21.20,10,OK,0.1
2026-02-15T12:06:42.038Z,10,63.12,6,SATURATED,0.1
2026-02-15T12:06:42.130Z,6,77.40,5,SATURATED,0.1
2026-02-15T12:06:42.181Z,4,76.71,5,OK,0.1
2026-02-15T12:06:42.231Z,3,76.77,5,OK,0.1
2026-02-15T12:06:42.281Z,2,76.58,5,OK,0.1
2026-02-15T12:06:42.338Z,5,37.91,5,SATURATED,0.1
2026-02-15T12:06:42.389Z,2,23.65,6,OK,0.1
2026-02-15T12:06:42.439Z,2,23.73,7,OK,0.1
2026-02-15T12:06:42.489Z,2,23.77,8,OK,0.1
2026-02-15T12:06:42.540Z,2,23.76,9,OK,0.1
2026-02-15T12:06:42.589Z,3,20.50,10,OK,0.1
2026-02-15T12:06:42.642Z,10,20.97,11,OK,0.1
2026-02-15T12:06:42.854Z,11,49.03,8,SATURATED,0.1
2026-02-15T12:06:42.903Z,4,48.89,5,OK,0.1
2026-02-15T12:06:42.954Z,4,48.87,5,OK,0.1
2026-02-15T12:06:43.005Z,4,48.88,5,OK,0.1
2026-02-15T12:06:43.084Z,5,48.82,5,SATURATED,0.1
2026-02-15T12:06:43.171Z,5,33.91,5,SATURATED,0.1
2026-02-15T12:06:43.221Z,4,29.89,5,OK,0.1
2026-02-15T12:06:43.272Z,4,30.03,5,OK,0.1
2026-02-15T12:06:43.495Z,5,29.99,5,SATURATED,0.1
2026-02-15T12:06:43.544Z,4,29.54,5,OK,0.1
2026-02-15T12:06:43.595Z,4,16.36,6,OK,0.1
2026-02-15T12:06:43.646Z,6,20.49,7,OK,0.1
2026-02-15T12:06:43.696Z,6,20.47,8,OK,0.1
2026-02-15T12:06:43.747Z,6,20.50,9,OK,0.1
2026-02-15T12:06:43.798Z,5,20.70,10,OK,0.1
2026-02-15T12:06:43.849Z,7,20.64,11,OK,0.1
2026-02-15T12:06:43.906Z,11,23.69,12,OK,0.1
2026-02-15T12:06:44.257Z,12,79.73,6,SATURATED,0.1
2026-02-15T12:06:44.403Z,7,94.86,5,SATURATED,0.1
2026-02-15T12:06:44.453Z,7,94.67,5,SATURATED,0.1
2026-02-15T12:06:44.504Z,7,94.65,5,SATURATED,0.1
2026-02-15T12:06:44.555Z,7,91.55,5,SATURATED,0.1
2026-02-15T12:06:44.605Z,6,35.42,5,SATURATED,0.1
2026-02-15T12:06:44.655Z,5,20.69,6,OK,0.1
2026-02-15T12:06:44.706Z,4,20.71,7,OK,0.1
2026-02-15T12:06:44.756Z,4,20.75,8,OK,0.1
2026-02-15T12:06:44.925Z,4,46.93,5,OK,0.1
2026-02-15T12:06:44.975Z,4,46.85,5,OK,0.1
2026-02-15T12:06:45.025Z,4,46.46,5,OK,0.1
2026-02-15T12:06:45.076Z,4,46.40,5,OK,0.1
2026-02-15T12:06:45.126Z,4,46.43,5,OK,0.1
2026-02-15T12:06:45.176Z,4,20.27,6,OK,0.1
2026-02-15T12:06:45.227Z,4,20.35,7,OK,0.1
2026-02-15T12:06:45.496Z,7,20.71,8,OK,0.1
2026-02-15T12:06:45.755Z,8,68.44,5,SATURATED,0.1
2026-02-15T12:06:45.805Z,2,68.40,5,OK,0.1
2026-02-15T12:06:45.855Z,2,68.33,5,OK,0.1
2026-02-15T12:06:45.906Z,2,68.35,5,OK,0.1
2026-02-15T12:06:46.151Z,4,109.59,5,OK,0.1
2026-02-15T12:06:46.202Z,0,61.88,5,OK,0.1
2026-02-15T12:06:46.253Z,0,61.91,5,OK,0.1
2026-02-15T12:06:46.406Z,2,78.47,5,OK,0.1
2026-02-15T12:06:46.456Z,0,78.42,5,OK,0.1
2026-02-15T12:06:46.507Z,5,37.25,5,SATURATED,0.1
2026-02-15T12:06:46.557Z,0,37.32,5,OK,0.1
2026-02-15T12:06:46.607Z,0,37.31,5,OK,0.1
2026-02-15T12:06:46.665Z,5,21.96,6,OK,0.1
2026-02-15T12:06:46.910Z,6,56.91,5,SATURATED,0.1
2026-02-15T12:06:47.281Z,5,116.61,5,SATURATED,0.1
2026-02-15T12:06:47.331Z,0,116.49,5,OK,0.1
2026-02-15T12:06:47.382Z,0,116.49,5,OK,0.1
2026-02-15T12:06:47.433Z,3,115.39,5,OK,0.1
2026-02-15T12:06:47.484Z,3,80.47,5,OK,0.1
2026-02-15T12:06:47.552Z,5,20.77,6,OK,0.1
2026-02-15T12:06:47.603Z,4,20.82,7,OK,0.1
2026-02-15T12:06:47.654Z,5,20.82,8,OK,0.1
2026-02-15T12:06:47.862Z,8,37.47,6,SATURATED,0.1
2026-02-15T12:06:47.912Z,7,37.57,5,SATURATED,0.1
2026-02-15T12:06:47.963Z,7,37.14,5,SATURATED,0.1
2026-02-15T12:06:48.013Z,7,37.24,5,SATURATED,0.1
2026-02-15T12:06:48.064Z,7,37.25,5,SATURATED,0.1
2026-02-15T12:06:48.115Z,7,20.53,6,SATURATED,0.1
2026-02-15T12:06:48.166Z,7,20.40,7,SATURATED,0.1
2026-02-15T12:06:48.224Z,7,20.90,8,OK,0.1
2026-02-15T12:06:48.300Z,8,21.55,9,OK,0.1
2026-02-15T12:06:48.626Z,9,82.66,5,SATURATED,0.1
2026-02-15T12:06:48.677Z,7,82.51,5,SATURATED,0.1
2026-02-15T12:06:48.727Z,7,82.53,5,SATURATED,0.1
2026-02-15T12:06:48.777Z,7,82.03,5,SATURATED,0.1
2026-02-15T12:06:48.828Z,7,81.31,5,SATURATED,0.1
2026-02-15T12:06:48.879Z,7,20.17,6,SATURATED,0.1
2026-02-15T12:06:48.929Z,7,21.19,7,SATURATED,0.1
2026-02-15T12:06:48.980Z,7,21.16,8,OK,0.1
2026-02-15T12:06:49.030Z,7,21.09,9,OK,0.1
2026-02-15T12:06:49.080Z,7,21.17,10,OK,0.1
2026-02-15T12:06:49.130Z,7,21.16,11,OK,0.1
2026-02-15T12:06:49.181Z,7,20.33,12,OK,0.1
2026-02-15T12:06:49.231Z,12,22.76,13,OK,0.1
2026-02-15T12:06:49.281Z,13,23.03,14,OK,0.1
2026-02-15T12:06:49.336Z,14,24.69,15,OK,0.1
2026-02-15T12:06:49.387Z,11,24.69,16,OK,0.1
2026-02-15T12:06:49.437Z,8,24.68,17,OK,0.1
2026-02-15T12:06:49.487Z,8,22.27,18,OK,0.1
2026-02-15T12:06:49.537Z,8,22.07,19,OK,0.1
2026-02-15T12:06:49.588Z,7,20.31,20,OK,0.1
2026-02-15T12:06:49.927Z,20,74.07,15,SATURATED,0.1
2026-02-15T12:06:50.035Z,13,91.16,8,SATURATED,0.1
2026-02-15T12:06:50.085Z,5,91.13,5,SATURATED,0.1
2026-02-15T12:06:50.135Z,5,91.15,5,SATURATED,0.1
2026-02-15T12:06:50.186Z,5,91.16,5,SATURATED,0.1
2026-02-15T12:06:50.239Z,5,37.46,5,SATURATED,0.1
2026-02-15T12:06:50.315Z,5,24.24,6,OK,0.1
2026-02-15T12:06:50.477Z,6,27.02,5,SATURATED,0.1
2026-02-15T12:06:50.527Z,5,27.03,5,SATURATED,0.1
2026-02-15T12:06:50.578Z,5,27.05,5,SATURATED,0.1
2026-02-15T12:06:50.628Z,5,26.97,5,SATURATED,0.1
2026-02-15T12:06:50.679Z,5,23.04,6,OK,0.1
2026-02-15T12:06:50.730Z,5,20.38,7,OK,0.1
2026-02-15T12:06:50.779Z,5,20.37,8,OK,0.1
2026-02-15T12:06:51.043Z,8,42.39,6,SATURATED,0.1
2026-02-15T12:06:51.145Z,6,48.76,5,SATURATED,0.1
2026-02-15T12:06:51.196Z,5,48.79,5,SATURATED,0.1
2026-02-15T12:06:51.253Z,5,48.74,5,SATURATED,0.1
2026-02-15T12:06:51.315Z,5,50.80,5,SATURATED,0.1
2026-02-15T12:06:51.367Z,5,31.16,5,SATURATED,0.1
2026-02-15T12:06:51.417Z,3,24.79,6,OK,0.1
2026-02-15T12:06:51.473Z,6,24.77,7,OK,0.1
2026-02-15T12:06:51.523Z,7,26.55,6,SATURATED,0.1
2026-02-15T12:06:51.573Z,5,24.34,7,OK,0.1
2026-02-15T12:06:51.623Z,4,22.04,8,OK,0.1
2026-02-15T12:06:51.673Z,4,22.10,9,OK,0.1
2026-02-15T12:06:51.723Z,4,22.13,10,OK,0.1
2026-02-15T12:06:51.774Z,4,20.33,11,OK,0.1
2026-02-15T12:06:51.826Z,6,20.46,12,OK,0.1
2026-02-15T12:06:52.001Z,7,41.33,10,OK,0.1
2026-02-15T12:06:52.129Z,5,62.94,6,OK,0.1
2026-02-15T12:06:52.287Z,6,80.45,5,SATURATED,0.1
2026-02-15T12:06:52.341Z,5,81.36,5,SATURATED,0.1
2026-02-15T12:06:52.392Z,5,77.69,5,SATURATED,0.1
2026-02-15T12:06:52.442Z,5,56.70,5,SATURATED,0.1
2026-02-15T12:06:52.493Z,5,35.04,5,SATURATED,0.1
2026-02-15T12:06:52.543Z,5,17.57,6,OK,0.1
2026-02-15T12:06:52.594Z,5,16.64,7,OK,0.1
2026-02-15T12:06:52.813Z,5,37.89,5,SATURATED,0.1
2026-02-15T12:06:52.864Z,5,37.87,5,SATURATED,0.1
2026-02-15T12:06:52.914Z,5,37.89,5,SATURATED,0.1
2026-02-15T12:06:52.965Z,5,37.84,5,SATURATED,0.1
2026-02-15T12:06:53.014Z,5,37.89,5,SATURATED,0.1
2026-02-15T12:06:53.064Z,5,20.35,6,OK,0.1
2026-02-15T12:06:53.114Z,5,20.38,7,OK,0.1
2026-02-15T12:06:53.162Z,5,20.36,8,OK,0.1
2026-02-15T12:06:53.212Z,5,20.35,9,OK,0.1
2026-02-15T12:06:53.464Z,6,65.46,5,SATURATED,0.1
2026-02-15T12:06:53.617Z,4,81.96,5,OK,0.1
2026-02-15T12:06:53.807Z,5,115.92,5,SATURATED,0.1
2026-02-15T12:06:54.021Z,1,150.20,5,OK,0.4
2026-02-15T12:06:54.072Z,2,150.18,5,OK,0.4
2026-02-15T12:06:54.122Z,2,105.01,5,OK,0.1
2026-02-15T12:06:54.172Z,2,88.45,5,OK,0.1
2026-02-15T12:06:54.222Z,2,54.48,5,OK,0.1
2026-02-15T12:06:54.273Z,2,20.20,6,OK,0.1
2026-02-15T12:06:54.323Z,2,20.18,7,OK,0.1
2026-02-15T12:06:54.374Z,2,20.20,8,OK,0.1
2026-02-15T12:06:54.424Z,2,20.29,9,OK,0.1
2026-02-15T12:06:54.617Z,3,20.40,10,OK,0.1
2026-02-15T12:06:54.886Z,10,70.04,5,SATURATED,0.1
2026-02-15T12:06:54.936Z,3,69.91,5,OK,0.1
2026-02-15T12:06:54.986Z,3,69.87,5,OK,0.1
2026-02-15T12:06:55.036Z,4,69.85,5,OK,0.1
2026-02-15T12:06:55.087Z,4,69.78,5,OK,0.1
2026-02-15T12:06:55.137Z,4,20.19,6,OK,0.1
2026-02-15T12:06:55.187Z,4,20.33,7,OK,0.1
2026-02-15T12:06:55.238Z,4,20.37,8,OK,0.1
2026-02-15T12:06:55.288Z,4,20.38,9,OK,0.1
2026-02-15T12:06:55.338Z,4,20.37,10,OK,0.1
2026-02-15T12:06:55.389Z,4,20.36,11,OK,0.1
2026-02-15T12:06:55.439Z,4,20.42,12,OK,0.1
2026-02-15T12:06:55.490Z,4,20.52,13,OK,0.1
2026-02-15T12:06:55.540Z,4,20.49,14,OK,0.1
2026-02-15T12:06:55.590Z,4,20.49,15,OK,0.1
2026-02-15T12:06:55.640Z,4,20.37,16,OK,0.1
2026-02-15T12:06:55.690Z,4,20.34,17,OK,0.1
2026-02-15T12:06:55.739Z,4,20.22,18,OK,0.1
2026-02-15T12:06:56.089Z,17,21.52,19,OK,0.1
2026-02-15T12:06:56.231Z,14,45.56,16,OK,0.1
2026-02-15T12:06:56.282Z,9,45.69,13,OK,0.1
2026-02-15T12:06:56.332Z,9,45.66,10,OK,0.1
2026-02-15T12:06:56.383Z,9,45.67,7,SATURATED,0.1
2026-02-15T12:06:56.434Z,9,44.37,5,SATURATED,0.1
2026-02-15T12:06:56.484Z,9,20.40,6,SATURATED,0.1
2026-02-15T12:06:56.534Z,9,20.39,7,SATURATED,0.1
2026-02-15T12:06:56.585Z,9,20.44,8,SATURATED,0.1
2026-02-15T12:06:56.636Z,8,20.42,9,OK,0.1
2026-02-15T12:06:56.686Z,8,20.41,10,OK,0.1
2026-02-15T12:06:56.736Z,8,20.30,11,OK,0.1
2026-02-15T12:06:56.787Z,8,20.41,12,OK,0.1
2026-02-15T12:06:56.838Z,8,20.37,13,OK,0.1
2026-02-15T12:06:56.887Z,8,20.39,14,OK,0.1
2026-02-15T12:06:56.937Z,8,20.42,15,OK,0.1
2026-02-15T12:06:56.988Z,8,20.45,16,OK,0.1
2026-02-15T12:06:57.039Z,7,20.61,17,OK,0.1
2026-02-15T12:06:57.091Z,11,21.09,18,OK,0.1
2026-02-15T12:06:57.322Z,18,53.23,15,SATURATED,0.1
2026-02-15T12:06:57.464Z,15,67.53,10,SATURATED,0.1
2026-02-15T12:06:57.515Z,13,67.51,5,SATURATED,0.1
2026-02-15T12:06:57.565Z,13,67.24,5,SATURATED,0.1
2026-02-15T12:06:57.615Z,13,66.76,5,SATURATED,0.1
2026-02-15T12:06:57.666Z,13,34.62,5,SATURATED,0.1
2026-02-15T12:06:57.717Z,13,20.33,6,SATURATED,0.1
2026-02-15T12:06:57.768Z,10,20.33,7,SATURATED,0.1
2026-02-15T12:06:57.818Z,9,20.35,8,SATURATED,0.1
2026-02-15T12:06:57.869Z,9,20.36,9,SATURATED,0.1
2026-02-15T12:06:57.919Z,9,20.34,10,OK,0.1
2026-02-15T12:06:57.970Z,9,20.28,11,OK,0.1
2026-02-15T12:06:58.019Z,9,20.31,12,OK,0.1
2026-02-15T12:06:58.069Z,9,20.22,13,OK,0.1
2026-02-15T12:06:58.236Z,7,32.56,12,OK,0.1
2026-02-15T12:06:58.286Z,6,32.57,11,OK,0.1
2026-02-15T12:06:58.509Z,8,70.93,6,SATURATED,0.1
2026-02-15T12:06:58.685Z,6,92.24,5,SATURATED,0.1
2026-02-15T12:06:58.735Z,6,92.11,5,SATURATED,0.1
2026-02-15T12:06:58.785Z,6,79.74,5,SATURATED,0.1
2026-02-15T12:06:58.837Z,6,79.73,5,SATURATED,0.1
2026-02-15T12:06:58.887Z,6,41.34,5,SATURATED,0.1
2026-02-15T12:06:58.937Z,6,20.00,6,SATURATED,0.1
2026-02-15T12:06:58.986Z,6,20.25,7,OK,0.1
2026-02-15T12:06:59.040Z,7,20.25,8,OK,0.1
2026-02-15T12:06:59.093Z,7,20.29,9,OK,0.1
2026-02-15T12:06:59.217Z,5,31.08,8,OK,0.1
2026-02-15T12:06:59.350Z,4,53.45,5,OK,0.1
2026-02-15T12:06:59.400Z,1,53.39,5,OK,0.1
2026-02-15T12:06:59.449Z,1,53.40,5,OK,0.1
2026-02-15T12:06:59.500Z,1,53.33,5,OK,0.1
2026-02-15T12:06:59.553Z,5,46.75,5,SATURATED,0.1
2026-02-15T12:06:59.621Z,5,23.92,6,OK,0.1
2026-02-15T12:06:59.794Z,6,54.42,5,SATURATED,0.1
2026-02-15T12:06:59.855Z,5,52.57,5,SATURATED,0.1
2026-02-15T12:06:59.905Z,3,52.64,5,OK,0.1
2026-02-15T12:06:59.956Z,3,48.52,5,OK,0.1
2026-02-15T12:07:00.007Z,3,49.05,5,OK,0.1
2026-02-15T12:07:00.057Z,3,18.56,6,OK,0.1
2026-02-15T12:07:00.108Z,4,20.44,7,OK,0.1
2026-02-15T12:07:00.158Z,4,20.42,8,OK,0.1
2026-02-15T12:07:00.209Z,4,20.51,9,OK,0.1
2026-02-15T12:07:00.426Z,7,20.41,10,OK,0.1
2026-02-15T12:07:00.477Z,4,20.41,11,OK,0.1
2026-02-15T12:07:00.527Z,4,20.41,12,OK,0.1
2026-02-15T12:07:00.677Z,4,46.24,9,OK,0.1
2026-02-15T12:07:00.741Z,9,44.86,7,SATURATED,0.1
2026-02-15T12:07:01.001Z,7,88.57,5,SATURATED,0.1
2026-02-15T12:07:01.151Z,5,104.73,5,SATURATED,0.1
2026-02-15T12:07:01.201Z,4,104.70,5,OK,0.1
2026-02-15T12:07:01.251Z,4,78.85,5,OK,0.1
2026-02-15T12:07:01.302Z,4,80.10,5,OK,0.1
2026-02-15T12:07:01.352Z,4,36.39,5,OK,0.1
2026-02-15T12:07:01.401Z,4,20.27,6,OK,0.1
2026-02-15T12:07:01.680Z,4,20.36,7,OK,0.1
2026-02-15T12:07:01.926Z,7,21.89,8,OK,0.1
2026-02-15T12:07:02.198Z,8,72.08,5,SATURATED,0.1
2026-02-15T12:07:02.287Z,5,75.84,5,SATURATED,0.1
2026-02-15T12:07:02.337Z,2,75.80,5,OK,0.1
2026-02-15T12:07:02.387Z,2,75.70,5,OK,0.1
2026-02-15T12:07:02.437Z,2,74.06,5,OK,0.1
2026-02-15T12:07:02.486Z,3,23.86,6,OK,0.1
2026-02-15T12:07:02.537Z,3,20.15,7,OK,0.1
2026-02-15T12:07:02.587Z,3,20.14,8,OK,0.1
2026-02-15T12:07:02.636Z,3,20.20,9,OK,0.1
2026-02-15T12:07:02.686Z,3,20.29,10,OK,0.1
2026-02-15T12:07:02.932Z,3,64.74,6,OK,0.1
2026-02-15T12:07:02.983Z,2,60.86,5,OK,0.1
2026-02-15T12:07:03.034Z,2,60.91,5,OK,0.1
2026-02-15T12:07:03.084Z,2,60.93,5,OK,0.1
2026-02-15T12:07:03.135Z,2,61.01,5,OK,0.1
2026-02-15T12:07:03.192Z,5,17.20,6,OK,0.1
2026-02-15T12:07:03.506Z,6,79.84,5,SATURATED,0.1
2026-02-15T12:07:03.588Z,5,82.15,5,SATURATED,0.1
2026-02-15T12:07:03.639Z,5,82.08,5,SATURATED,0.1
2026-02-15T12:07:03.691Z,5,82.05,5,SATURATED,0.1
2026-02-15T12:07:03.740Z,5,81.36,5,SATURATED,0.1
2026-02-15T12:07:03.791Z,5,23.14,6,OK,0.1
2026-02-15T12:07:03.841Z,5,20.76,7,OK,0.1
2026-02-15T12:07:03.891Z,5,20.81,8,OK,0.1
2026-02-15T12:07:03.944Z,6,20.79,9,OK,0.1
2026-02-15T12:07:04.001Z,9,22.84,10,OK,0.1
2026-02-15T12:07:04.051Z,5,22.27,11,OK,0.1
2026-02-15T12:07:04.100Z,5,22.31,12,OK,0.1
2026-02-15T12:07:04.151Z,5,22.26,13,OK,0.1
2026-02-15T12:07:04.339Z,10,22.30,14,OK,0.1
2026-02-15T12:07:04.494Z,14,46.82,11,SATURATED,0.1
2026-02-15T12:07:04.647Z,11,63.57,7,SATURATED,0.1
2026-02-15T12:07:04.823Z,8,84.72,5,SATURATED,0.1
2026-02-15T12:07:04.873Z,8,84.79,5,SATURATED,0.1
2026-02-15T12:07:04.923Z,8,84.71,5,SATURATED,0.1
2026-02-15T12:07:04.976Z,8,58.22,5,SATURATED,0.1
2026-02-15T12:07:05.045Z,8,42.18,5,SATURATED,0.1
2026-02-15T12:07:05.095Z,8,21.51,6,SATURATED,0.1
2026-02-15T12:07:05.145Z,8,21.46,7,SATURATED,0.1
2026-02-15T12:07:05.195Z,7,21.60,8,OK,0.1
2026-02-15T12:07:05.247Z,6,21.58,9,OK,0.1
2026-02-15T12:07:05.297Z,6,20.88,10,OK,0.1
2026-02-15T12:07:05.476Z,6,20.43,11,OK,0.1
2026-02-15T12:07:05.526Z,6,20.29,12,OK,0.1
2026-02-15T12:07:05.576Z,6,20.17,13,OK,0.1
2026-02-15T12:07:05.626Z,6,20.27,14,OK,0.1
2026-02-15T12:07:05.825Z,7,53.63,11,OK,0.1
2026-02-15T12:07:05.944Z,11,63.35,7,SATURATED,0.1
2026-02-15T12:07:05.994Z,8,63.68,5,SATURATED,0.1
2026-02-15T12:07:06.045Z,7,63.60,5,SATURATED,0.1
2026-02-15T12:07:06.096Z,7,63.40,5,SATURATED,0.1
2026-02-15T12:07:06.147Z,7,30.08,5,SATURATED,0.1
2026-02-15T12:07:06.197Z,6,20.22,6,SATURATED,0.1
2026-02-15T12:07:06.247Z,6,20.03,7,OK,0.1
2026-02-15T12:07:06.297Z,6,20.17,8,OK,0.1
2026-02-15T12:07:06.347Z,4,20.30,9,OK,0.1
2026-02-15T12:07:06.397Z,3,20.32,10,OK,0.1
2026-02-15T12:07:06.448Z,3,20.49,11,OK,0.1
2026-02-15T12:07:06.499Z,5,20.44,12,OK,0.1
2026-02-15T12:07:06.548Z,5,20.29,13,OK,0.1
2026-02-15T12:07:06.598Z,5,20.27,14,OK,0.1
2026-02-15T12:07:06.648Z,5,20.20,15,OK,0.1
2026-02-15T12:07:06.698Z,5,20.17,16,OK,0.1
2026-02-15T12:07:06.749Z,5,20.20,17,OK,0.1
2026-02-15T12:07:06.799Z,5,20.30,18,OK,0.1
2026-02-15T12:07:06.849Z,5,20.31,19,OK,0.1
2026-02-15T12:07:07.094Z,19,60.21,15,SATURATED,0.1
2026-02-15T12:07:07.215Z,15,70.33,10,SATURATED,0.1
2026-02-15T12:07:07.266Z,8,70.42,5,SATURATED,0.1
2026-02-15T12:07:07.317Z,8,70.28,5,SATURATED,0.1
2026-02-15T12:07:07.368Z,8,70.26,5,SATURATED,0.1
2026-02-15T12:07:07.418Z,8,30.42,5,SATURATED,0.1
2026-02-15T12:07:07.468Z,8,20.29,6,SATURATED,0.1
2026-02-15T12:07:07.518Z,7,20.21,7,SATURATED,0.1
2026-02-15T12:07:07.569Z,7,20.34,8,OK,0.1
2026-02-15T12:07:07.619Z,7,20.40,9,OK,0.1
2026-02-15T12:07:07.669Z,7,20.42,10,OK,0.1
2026-02-15T12:07:07.718Z,7,20.45,11,OK,0.1
2026-02-15T12:07:07.769Z,7,20.47,12,OK,0.1
2026-02-15T12:07:07.818Z,7,20.51,13,OK,0.1
2026-02-15T12:07:07.869Z,5,20.50,14,OK,0.1
2026-02-15T12:07:08.031Z,7,45.28,11,OK,0.1
2026-02-15T12:07:08.081Z,11,45.20,8,SATURATED,0.1
2026-02-15T12:07:08.133Z,9,45.24,5,SATURATED,0.1
2026-02-15T12:07:08.183Z,9,45.91,5,SATURATED,0.1
2026-02-15T12:07:08.233Z,9,46.26,5,SATURATED,0.1
2026-02-15T12:07:08.283Z,9,21.40,6,SATURATED,0.1
2026-02-15T12:07:08.334Z,9,21.46,7,SATURATED,0.1
2026-02-15T12:07:08.384Z,9,21.29,8,SATURATED,0.1
2026-02-15T12:07:08.434Z,9,20.58,9,SATURATED,0.1
2026-02-15T12:07:08.484Z,9,20.09,10,OK,0.1
2026-02-15T12:07:08.535Z,8,20.08,11,OK,0.1
2026-02-15T12:07:08.585Z,7,20.08,12,OK,0.1
2026-02-15T12:07:08.634Z,7,20.21,13,OK,0.1
2026-02-15T12:07:08.685Z,7,20.24,14,OK,0.1
2026-02-15T12:07:08.735Z,7,20.32,15,OK,0.1
2026-02-15T12:07:08.786Z,7,20.34,16,OK,0.1
2026-02-15T12:07:08.836Z,7,20.30,17,OK,0.1
2026-02-15T12:07:08.887Z,4,20.21,18,OK,0.1
2026-02-15T12:07:08.937Z,4,20.21,19,OK,0.1
2026-02-15T12:07:08.987Z,4,20.24,20,OK,0.1
2026-02-15T12:07:09.037Z,5,20.35,21,OK,0.1
2026-02-15T12:07:09.089Z,7,20.30,22,OK,0.1
2026-02-15T12:07:09.329Z,13,54.51,19,OK,0.1
2026-02-15T12:07:09.543Z,19,83.22,13,SATURATED,0.1
2026-02-15T12:07:09.648Z,13,90.16,6,SATURATED,0.1
2026-02-15T12:07:09.697Z,7,89.99,5,SATURATED,0.1
2026-02-15T12:07:09.748Z,7,90.04,5,SATURATED,0.1
2026-02-15T12:07:09.798Z,7,55.96,5,SATURATED,0.1
2026-02-15T12:07:09.848Z,7,27.11,5,SATURATED,0.1
2026-02-15T12:07:09.899Z,6,20.34,6,SATURATED,0.1
2026-02-15T12:07:09.950Z,6,20.43,7,OK,0.1
2026-02-15T12:07:10.000Z,6,20.46,8,OK,0.1
2026-02-15T12:07:10.050Z,4,20.49,9,OK,0.1
2026-02-15T12:07:10.101Z,4,20.52,10,OK,0.1
2026-02-15T12:07:10.151Z,4,20.36,11,OK,0.1
2026-02-15T12:07:10.201Z,4,20.29,12,OK,0.1
2026-02-15T12:07:10.250Z,5,20.30,13,OK,0.1
2026-02-15T12:07:10.301Z,5,20.22,14,OK,0.1
2026-02-15T12:07:10.474Z,7,20.27,15,OK,0.1
2026-02-15T12:07:10.624Z,15,46.23,12,SATURATED,0.1
2026-02-15T12:07:10.732Z,10,53.83,9,SATURATED,0.1
2026-02-15T12:07:10.782Z,7,53.77,6,SATURATED,0.1
2026-02-15T12:07:10.831Z,7,53.79,5,SATURATED,0.1
2026-02-15T12:07:10.881Z,7,53.89,5,SATURATED,0.1
2026-02-15T12:07:10.932Z,7,27.73,5,SATURATED,0.1
2026-02-15T12:07:10.982Z,7,20.31,6,SATURATED,0.1
2026-02-15T12:07:11.032Z,7,20.44,7,SATURATED,0.1
2026-02-15T12:07:11.082Z,6,20.34,8,OK,0.1
2026-02-15T12:07:11.237Z,6,37.21,6,SATURATED,0.1
2026-02-15T12:07:11.287Z,6,37.40,5,SATURATED,0.1
2026-02-15T12:07:11.337Z,6,37.30,5,SATURATED,0.1
2026-02-15T12:07:11.387Z,5,37.16,5,SATURATED,0.1
2026-02-15T12:07:11.437Z,5,37.22,5,SATURATED,0.1
2026-02-15T12:07:11.487Z,4,20.25,6,OK,0.1
2026-02-15T12:07:11.539Z,4,20.21,7,OK,0.1
2026-02-15T12:07:11.590Z,4,20.22,8,OK,0.1
2026-02-15T12:07:11.650Z,8,20.20,9,OK,0.1
2026-02-15T12:07:11.699Z,9,21.03,10,OK,0.1
2026-02-15T12:07:11.751Z,10,23.24,11,OK,0.1
2026-02-15T12:07:11.944Z,11,47.81,8,SATURATED,0.1
2026-02-15T12:07:11.995Z,7,47.78,5,SATURATED,0.1
2026-02-15T12:07:12.046Z,7,47.92,5,SATURATED,0.1
2026-02-15T12:07:12.097Z,6,46.96,5,SATURATED,0.1
2026-02-15T12:07:12.146Z,6,44.81,5,SATURATED,0.1
2026-02-15T12:07:12.196Z,6,20.28,6,SATURATED,0.1
2026-02-15T12:07:12.247Z,6,20.21,7,OK,0.1
2026-02-15T12:07:12.297Z,6,20.23,8,OK,0.1
2026-02-15T12:07:12.348Z,5,20.38,9,OK,0.1
2026-02-15T12:07:12.399Z,5,20.42,10,OK,0.1
2026-02-15T12:07:12.449Z,5,20.40,11,OK,0.1
2026-02-15T12:07:12.614Z,6,32.64,10,OK,0.1
2026-02-15T12:07:12.783Z,10,58.13,6,SATURATED,0.1
2026-02-15T12:07:12.834Z,7,54.26,5,SATURATED,0.1
2026-02-15T12:07:12.884Z,6,54.19,5,SATURATED,0.1
2026-02-15T12:07:12.934Z,6,54.20,5,SATURATED,0.1
2026-02-15T12:07:12.983Z,6,42.07,5,SATURATED,0.1
2026-02-15T12:07:13.034Z,6,16.51,6,SATURATED,0.1
2026-02-15T12:07:13.085Z,6,20.46,7,OK,0.1
2026-02-15T12:07:13.135Z,6,20.60,8,OK,0.1
2026-02-15T12:07:13.184Z,6,20.51,9,OK,0.1
2026-02-15T12:07:13.235Z,6,20.46,10,OK,0.1
2026-02-15T12:07:13.285Z,6,20.29,11,OK,0.1
2026-02-15T12:07:13.335Z,6,20.18,12,OK,0.1
2026-02-15T12:07:13.386Z,6,20.07,13,OK,0.1
2026-02-15T12:07:13.436Z,6,20.16,14,OK,0.1
2026-02-15T12:07:13.487Z,6,20.24,15,OK,0.1
2026-02-15T12:07:13.537Z,6,20.38,16,OK,0.1
2026-02-15T12:07:13.588Z,6,20.44,17,OK,0.1
2026-02-15T12:07:13.793Z,7,53.65,14,OK,0.1
2026-02-15T12:07:13.864Z,14,53.98,11,SATURATED,0.1
2026-02-15T12:07:14.123Z,11,101.75,5,SATURATED,0.1
2026-02-15T12:07:14.174Z,5,97.68,5,SATURATED,0.1
2026-02-15T12:07:14.224Z,5,97.61,5,SATURATED,0.1
2026-02-15T12:07:14.273Z,4,64.30,5,OK,0.1
2026-02-15T12:07:14.325Z,4,64.00,5,OK,0.1
2026-02-15T12:07:14.375Z,4,16.13,6,OK,0.1
2026-02-15T12:07:14.425Z,4,20.19,7,OK,0.1
2026-02-15T12:07:14.476Z,3,20.15,8,OK,0.1
2026-02-15T12:07:14.526Z,3,20.15,9,OK,0.1
2026-02-15T12:07:14.577Z,3,20.13,10,OK,0.1
2026-02-15T12:07:14.629Z,4,20.20,11,OK,0.1
2026-02-15T12:07:14.679Z,2,20.04,12,OK,0.1
2026-02-15T12:07:14.729Z,2,20.13,13,OK,0.1
2026-02-15T12:07:14.779Z,2,20.19,14,OK,0.1
2026-02-15T12:07:14.947Z,2,47.50,11,OK,0.1
2026-02-15T12:07:15.005Z,11,45.01,8,SATURATED,0.1
2026-02-15T12:07:15.056Z,2,45.17,5,OK,0.1
2026-02-15T12:07:15.106Z,3,45.16,5,OK,0.1
2026-02-15T12:07:15.159Z,5,46.12,5,SATURATED,0.1
2026-02-15T12:07:15.210Z,5,18.79,6,OK,0.1
2026-02-15T12:07:15.260Z,5,21.26,7,OK,0.1
2026-02-15T12:07:15.311Z,5,21.24,8,OK,0.1
2026-02-15T12:07:15.361Z,5,21.15,9,OK,0.1
2026-02-15T12:07:15.473Z,5,28.55,8,OK,0.1
2026-02-15T12:07:15.523Z,5,28.53,7,OK,0.1
2026-02-15T12:07:15.574Z,5,28.59,6,OK,0.1
2026-02-15T12:07:15.624Z,5,28.61,5,SATURATED,0.1
2026-02-15T12:07:15.674Z,5,28.78,5,SATURATED,0.1
2026-02-15T12:07:15.725Z,5,20.41,6,OK,0.1
2026-02-15T12:07:15.774Z,5,20.43,7,OK,0.1
2026-02-15T12:07:15.825Z,3,20.34,8,OK,0.1
2026-02-15T12:07:15.875Z,3,20.36,9,OK,0.1
2026-02-15T12:07:15.926Z,3,20.18,10,OK,0.1
2026-02-15T12:07:15.981Z,9,20.33,11,OK,0.1
2026-02-15T12:07:16.266Z,11,63.28,7,SATURATED,0.1
2026-02-15T12:07:16.316Z,7,69.16,5,SATURATED,0.1
2026-02-15T12:07:16.365Z,5,69.24,5,SATURATED,0.1
2026-02-15T12:07:16.416Z,5,69.21,5,SATURATED,0.1
2026-02-15T12:07:16.466Z,5,69.06,5,SATURATED,0.1
2026-02-15T12:07:16.517Z,5,25.94,5,SATURATED,0.1
2026-02-15T12:07:16.567Z,5,20.05,6,OK,0.1
2026-02-15T12:07:16.617Z,5,19.95,7,OK,0.1
2026-02-15T12:07:16.667Z,5,20.06,8,OK,0.1
2026-02-15T12:07:16.718Z,5,20.13,9,OK,0.1
2026-02-15T12:07:16.768Z,5,20.31,10,OK,0.1
2026-02-15T12:07:16.818Z,5,20.37,11,OK,0.1
2026-02-15T12:07:16.868Z,5,20.37,12,OK,0.1
2026-02-15T12:07:16.918Z,5,20.37,13,OK,0.1
2026-02-15T12:07:16.968Z,5,20.35,14,OK,0.1
2026-02-15T12:07:17.019Z,5,20.19,15,OK,0.1
2026-02-15T12:07:17.068Z,5,20.17,16,OK,0.1
2026-02-15T12:07:17.119Z,3,20.17,17,OK,0.1
2026-02-15T12:07:17.169Z,3,20.19,18,OK,0.1
2026-02-15T12:07:17.220Z,2,20.18,19,OK,0.1
2026-02-15T12:07:17.607Z,18,20.34,20,OK,0.1
2026-02-15T12:07:17.664Z,13,27.59,19,OK,0.1
2026-02-15T12:07:17.782Z,8,37.13,17,OK,0.1
2026-02-15T12:07:17.832Z,8,37.01,15,OK,0.1
2026-02-15T12:07:17.882Z,8,37.04,13,OK,0.1
2026-02-15T12:07:17.933Z,8,37.08,11,OK,0.1
2026-02-15T12:07:17.983Z,10,29.77,10,SATURATED,0.1
2026-02-15T12:07:18.034Z,9,20.20,11,OK,0.1
2026-02-15T12:07:18.084Z,9,20.13,12,OK,0.1
2026-02-15T12:07:18.134Z,11,20.02,13,OK,0.1
2026-02-15T12:07:18.185Z,11,19.84,14,OK,0.1
2026-02-15T12:07:18.236Z,11,19.93,15,OK,0.1
2026-02-15T12:07:18.403Z,10,19.94,16,OK,0.1
2026-02-15T12:07:18.453Z,9,20.15,17,OK,0.1
2026-02-15T12:07:18.503Z,9,20.25,18,OK,0.1
2026-02-15T12:07:18.553Z,9,20.40,19,OK,0.1
2026-02-15T12:07:18.603Z,10,20.37,20,OK,0.1
2026-02-15T12:07:18.740Z,14,42.76,18,OK,0.1
2026-02-15T12:07:18.802Z,18,41.08,16,SATURATED,0.1
2026-02-15T12:07:18.853Z,10,41.12,14,OK,0.1
2026-02-15T12:07:18.902Z,10,41.20,12,OK,0.1
2026-02-15T12:07:18.953Z,10,41.14,10,SATURATED,0.1
2026-02-15T12:07:19.003Z,10,18.72,11,OK,0.1
2026-02-15T12:07:19.054Z,10,20.46,12,OK,0.1
2026-02-15T12:07:19.105Z,10,20.49,13,OK,0.1
2026-02-15T12:07:19.155Z,10,20.36,14,OK,0.1
2026-02-15T12:07:19.205Z,10,20.36,15,OK,0.1
2026-02-15T12:07:19.255Z,10,20.37,16,OK,0.1
2026-02-15T12:07:19.305Z,7,20.09,17,OK,0.1
2026-02-15T12:07:19.355Z,7,19.99,18,OK,0.1
2026-02-15T12:07:19.406Z,7,20.00,19,OK,0.1
2026-02-15T12:07:19.456Z,7,20.12,20,OK,0.1
2026-02-15T12:07:19.507Z,7,20.19,21,OK,0.1
2026-02-15T12:07:19.558Z,7,20.33,22,OK,0.1
2026-02-15T12:07:19.609Z,7,20.35,23,OK,0.1
2026-02-15T12:07:19.659Z,6,20.44,24,OK,0.1
2026-02-15T12:07:19.709Z,6,20.35,25,OK,0.1
2026-02-15T12:07:19.865Z,7,31.55,24,OK,0.1
2026-02-15T12:07:20.103Z,24,65.15,19,SATURATED,0.1
2026-02-15T12:07:20.153Z,4,65.05,14,OK,0.1
2026-02-15T12:07:20.203Z,4,64.98,10,OK,0.1
2026-02-15T12:07:20.253Z,4,65.03,5,OK,0.1
2026-02-15T12:07:20.399Z,4,76.74,5,OK,0.1
2026-02-15T12:07:20.450Z,4,43.24,5,OK,0.1
2026-02-15T12:07:20.500Z,4,43.36,5,OK,0.1
2026-02-15T12:07:20.551Z,4,43.41,5,OK,0.1
2026-02-15T12:07:20.602Z,4,43.41,5,OK,0.1
2026-02-15T12:07:20.653Z,3,20.49,6,OK,0.1
2026-02-15T12:07:20.705Z,3,20.44,7,OK,0.1
2026-02-15T12:07:20.755Z,3,20.60,8,OK,0.1
2026-02-15T12:07:20.805Z,3,20.54,9,OK,0.1
2026-02-15T12:07:20.855Z,3,20.53,10,OK,0.1
2026-02-15T12:07:20.906Z,3,20.35,11,OK,0.1
2026-02-15T12:07:20.956Z,3,20.37,12,OK,0.1
2026-02-15T12:07:21.006Z,3,20.19,13,OK,0.1
2026-02-15T12:07:21.057Z,3,20.19,14,OK,0.1
2026-02-15T12:07:21.138Z,14,22.50,15,OK,0.1
2026-02-15T12:07:21.282Z,15,47.31,12,SATURATED,0.1
2026-02-15T12:07:21.333Z,4,47.29,9,OK,0.1
2026-02-15T12:07:21.383Z,4,47.15,6,OK,0.1
2026-02-15T12:07:21.433Z,5,47.08,5,SATURATED,0.1
2026-02-15T12:07:21.483Z,5,44.76,5,SATURATED,0.1
2026-02-15T12:07:21.534Z,5,20.12,6,OK,0.1
2026-02-15T12:07:21.584Z,5,20.15,7,OK,0.1
2026-02-15T12:07:21.635Z,5,20.23,8,OK,0.1
2026-02-15T12:07:21.685Z,5,20.29,9,OK,0.1
2026-02-15T12:07:21.735Z,5,20.20,10,OK,0.1
2026-02-15T12:07:21.785Z,5,20.19,11,OK,0.1
2026-02-15T12:07:21.836Z,5,20.09,12,OK,0.1
2026-02-15T12:07:21.973Z,4,20.14,13,OK,0.1
2026-02-15T12:07:22.023Z,4,20.11,14,OK,0.1
2026-02-15T12:07:22.073Z,4,20.19,15,OK,0.1
2026-02-15T12:07:22.262Z,9,34.85,14,OK,0.1
2026-02-15T12:07:22.419Z,14,52.46,11,SATURATED,0.1
2026-02-15T12:07:22.536Z,8,71.87,6,SATURATED,0.1
2026-02-15T12:07:22.587Z,8,71.96,5,SATURATED,0.1
2026-02-15T12:07:22.638Z,8,71.92,5,SATURATED,0.1
2026-02-15T12:07:22.688Z,8,57.25,5,SATURATED,0.1
2026-02-15T12:07:22.738Z,8,39.72,5,SATURATED,0.1
2026-02-15T12:07:22.789Z,8,20.28,6,SATURATED,0.1
2026-02-15T12:07:22.839Z,8,20.24,7,SATURATED,0.1
2026-02-15T12:07:22.889Z,8,20.30,8,SATURATED,0.1
2026-02-15T12:07:22.938Z,8,20.30,9,OK,0.1
2026-02-15T12:07:22.989Z,9,20.23,10,OK,0.1
2026-02-15T12:07:23.038Z,9,20.29,11,OK,0.1
2026-02-15T12:07:23.088Z,9,20.33,12,OK,0.1
2026-02-15T12:07:23.256Z,9,47.34,9,SATURATED,0.1
2026-02-15T12:07:23.387Z,9,65.51,5,SATURATED,0.1
2026-02-15T12:07:23.437Z,6,66.70,5,SATURATED,0.1
2026-02-15T12:07:23.487Z,6,66.71,5,SATURATED,0.1
2026-02-15T12:07:23.539Z,6,66.66,5,SATURATED,0.1
2026-02-15T12:07:23.589Z,6,39.64,5,SATURATED,0.1
2026-02-15T12:07:23.640Z,6,21.54,6,SATURATED,0.1
2026-02-15T12:07:23.690Z,6,20.44,7,OK,0.1
2026-02-15T12:07:23.740Z,6,20.44,8,OK,0.1
2026-02-15T12:07:23.791Z,6,20.40,9,OK,0.1
2026-02-15T12:07:23.841Z,6,20.43,10,OK,0.1
2026-02-15T12:07:24.085Z,6,40.59,8,OK,0.1
2026-02-15T12:07:24.135Z,5,40.43,6,OK,0.1
2026-02-15T12:07:24.185Z,5,40.38,5,SATURATED,0.1
2026-02-15T12:07:24.236Z,5,40.43,5,SATURATED,0.1
2026-02-15T12:07:24.288Z,5,40.42,5,SATURATED,0.1
2026-02-15T12:07:24.339Z,3,20.16,6,OK,0.1
2026-02-15T12:07:24.391Z,4,20.31,7,OK,0.1
2026-02-15T12:07:24.446Z,7,21.75,8,OK,0.1
2026-02-15T12:07:24.499Z,4,18.29,9,OK,0.1
2026-02-15T12:07:24.549Z,4,18.21,10,OK,0.1
2026-02-15T12:07:24.599Z,4,18.20,11,OK,0.1
2026-02-15T12:07:24.650Z,4,18.19,12,OK,0.1
2026-02-15T12:07:24.701Z,4,16.80,13,OK,0.1
2026-02-15T12:07:24.751Z,4,20.25,14,OK,0.1
2026-02-15T12:07:24.802Z,4,20.23,15,OK,0.1
2026-02-15T12:07:24.852Z,4,20.28,16,OK,0.1
2026-02-15T12:07:24.902Z,4,20.31,17,OK,0.1
2026-02-15T12:07:24.952Z,4,20.34,18,OK,0.1
2026-02-15T12:07:25.002Z,3,20.32,19,OK,0.1
2026-02-15T12:07:25.054Z,3,20.29,20,OK,0.1
2026-02-15T12:07:25.104Z,3,20.44,21,OK,0.1
2026-02-15T12:07:25.154Z,3,20.41,22,OK,0.1
2026-02-15T12:07:25.204Z,3,20.34,23,OK,0.1
2026-02-15T12:07:25.254Z,3,20.43,24,OK,0.1
2026-02-15T12:07:25.305Z,4,20.84,25,OK,0.1
2026-02-15T12:07:25.355Z,3,20.70,26,OK,0.1
2026-02-15T12:07:25.407Z,4,20.69,27,OK,0.1
2026-02-15T12:07:25.547Z,6,34.64,26,OK,0.1
2026-02-15T12:07:25.664Z,26,43.92,24,SATURATED,0.1
2026-02-15T12:07:25.714Z,6,43.67,22,OK,0.1
2026-02-15T12:07:25.765Z,6,43.68,20,OK,0.1
2026-02-15T12:07:25.816Z,6,43.66,18,OK,0.1
2026-02-15T12:07:25.867Z,6,29.72,17,OK,0.1
2026-02-15T12:07:25.917Z,6,20.39,18,OK,0.1
2026-02-15T12:07:25.968Z,6,20.30,19,OK,0.1
2026-02-15T12:07:26.018Z,6,20.26,20,OK,0.1
2026-02-15T12:07:26.068Z,6,20.26,21,OK,0.1
2026-02-15T12:07:26.118Z,5,20.27,22,OK,0.1
2026-02-15T12:07:26.168Z,6,20.19,23,OK,0.1
2026-02-15T12:07:26.219Z,6,20.16,24,OK,0.1
2026-02-15T12:07:26.269Z,6,20.28,25,OK,0.1
2026-02-15T12:07:26.484Z,7,49.23,22,OK,0.1
2026-02-15T12:07:26.534Z,6,49.15,19,OK,0.1
2026-02-15T12:07:26.584Z,7,49.25,16,OK,0.1
2026-02-15T12:07:26.635Z,7,49.24,13,OK,0.1
2026-02-15T12:07:26.844Z,12,84.25,7,SATURATED,0.1
2026-02-15T12:07:26.894Z,10,55.31,5,SATURATED,0.1
2026-02-15T12:07:26.944Z,10,55.39,5,SATURATED,0.1
2026-02-15T12:07:26.994Z,10,55.34,5,SATURATED,0.1
2026-02-15T12:07:27.045Z,10,55.37,5,SATURATED,0.1
2026-02-15T12:07:27.095Z,10,20.28,6,SATURATED,0.1
2026-02-15T12:07:27.146Z,10,20.25,7,SATURATED,0.1
2026-02-15T12:07:27.196Z,10,20.23,8,SATURATED,0.1
2026-02-15T12:07:27.247Z,10,20.25,9,SATURATED,0.1
2026-02-15T12:07:27.297Z,10,20.27,10,SATURATED,0.1
2026-02-15T12:07:27.347Z,10,20.28,11,OK,0.1
2026-02-15T12:07:27.397Z,10,20.32,12,OK,0.1
2026-02-15T12:07:27.448Z,10,20.23,13,OK,0.1
2026-02-15T12:07:27.498Z,10,20.24,14,OK,0.1
2026-02-15T12:07:27.679Z,10,42.37,12,OK,0.1
2026-02-15T12:07:27.730Z,7,42.37,10,OK,0.1
2026-02-15T12:07:27.851Z,7,60.63,6,SATURATED,0.1
2026-02-15T12:07:27.901Z,7,60.72,5,SATURATED,0.1
2026-02-15T12:07:27.952Z,7,60.71,5,SATURATED,0.1
2026-02-15T12:07:28.001Z,7,38.50,5,SATURATED,0.1
2026-02-15T12:07:28.052Z,7,38.50,5,SATURATED,0.1
2026-02-15T12:07:28.103Z,7,20.27,6,SATURATED,0.1
2026-02-15T12:07:28.153Z,6,20.35,7,OK,0.1
2026-02-15T12:07:28.203Z,6,20.41,8,OK,0.1
2026-02-15T12:07:28.253Z,6,20.48,9,OK,0.1
2026-02-15T12:07:28.303Z,5,20.44,10,OK,0.1
2026-02-15T12:07:28.354Z,5,20.44,11,OK,0.1
2026-02-15T12:07:28.404Z,5,20.41,12,OK,0.1
2026-02-15T12:07:28.454Z,5,20.34,13,OK,0.1
2026-02-15T12:07:28.504Z,4,20.31,14,OK,0.1
2026-02-15T12:07:28.555Z,4,20.35,15,OK,0.1
2026-02-15T12:07:28.607Z,3,20.30,16,OK,0.1
2026-02-15T12:07:28.657Z,3,20.28,17,OK,0.1
2026-02-15T12:07:28.898Z,6,40.05,15,OK,0.1
2026-02-15T12:07:28.950Z,1,40.14,13,OK,0.1
2026-02-15T12:07:29.000Z,1,40.17,11,OK,0.1
2026-02-15T12:07:29.050Z,1,40.15,9,OK,0.1
2026-02-15T12:07:29.101Z,1,40.06,7,OK,0.1
2026-02-15T12:07:29.151Z,1,20.31,8,OK,0.1
2026-02-15T12:07:29.201Z,1,20.23,9,OK,0.1
2026-02-15T12:07:29.252Z,1,20.18,10,OK,0.1
2026-02-15T12:07:29.302Z,1,20.18,11,OK,0.1
2026-02-15T12:07:29.353Z,1,20.25,12,OK,0.1
2026-02-15T12:07:29.402Z,1,20.23,13,OK,0.1
2026-02-15T12:07:29.453Z,1,20.19,14,OK,0.1
2026-02-15T12:07:29.503Z,1,20.25,15,OK,0.1
2026-02-15T12:07:29.553Z,1,20.25,16,OK,0.1
2026-02-15T12:07:29.603Z,1,20.25,17,OK,0.1
2026-02-15T12:07:29.655Z,1,20.28,18,OK,0.1
2026-02-15T12:07:29.705Z,1,20.31,19,OK,0.1
2026-02-15T12:07:29.756Z,1,20.28,20,OK,0.1
2026-02-15T12:07:29.807Z,1,20.29,21,OK,0.1
2026-02-15T12:07:29.857Z,1,20.29,22,OK,0.1
2026-02-15T12:07:29.907Z,1,20.29,23,OK,0.1
2026-02-15T12:07:29.957Z,1,20.31,24,OK,0.1
2026-02-15T12:07:30.007Z,1,20.45,25,OK,0.1
2026-02-15T12:07:30.058Z,1,20.46,26,OK,0.1
2026-02-15T12:07:30.108Z,1,20.47,27,OK,0.1
2026-02-15T12:07:30.159Z,1,20.47,28,OK,0.1
2026-02-15T12:07:30.209Z,1,20.31,29,OK,0.1
2026-02-15T12:07:30.260Z,1,20.16,30,OK,0.1
2026-02-15T12:07:30.310Z,1,20.04,31,OK,0.1
2026-02-15T12:07:30.360Z,1,20.04,32,OK,0.1
2026-02-15T12:07:30.410Z,1,20.09,33,OK,0.1
2026-02-15T12:07:30.460Z,1,20.22,34,OK,0.1
2026-02-15T12:07:30.510Z,1,20.13,35,OK,0.1
2026-02-15T12:07:30.560Z,1,20.31,36,OK,0.1
2026-02-15T12:07:30.610Z,1,20.35,37,OK,0.1
2026-02-15T12:07:30.661Z,1,20.29,38,OK,0.1
2026-02-15T12:07:30.711Z,1,20.28,39,OK,0.1
2026-02-15T12:07:30.761Z,1,20.37,40,OK,0.1
2026-02-15T12:07:30.811Z,1,20.34,41,OK,0.1
2026-02-15T12:07:30.862Z,1,20.29,42,OK,0.1
2026-02-15T12:07:30.912Z,0,20.35,43,OK,0.1
2026-02-15T12:07:30.963Z,0,20.37,44,OK,0.1
2026-02-15T12:07:31.013Z,0,20.36,45,OK,0.1
2026-02-15T12:07:31.065Z,0,20.38,46,OK,0.1
2026-02-15T12:07:31.115Z,0,20.37,47,OK,0.1
2026-02-15T12:07:31.165Z,0,20.31,48,OK,0.1
2026-02-15T12:07:31.216Z,0,20.28,49,OK,0.1
2026-02-15T12:07:31.268Z,0,20.33,50,OK,0.1
2026-02-15T12:07:31.318Z,0,20.23,50,OK,0.1
2026-02-15T12:07:31.368Z,0,20.25,50,OK,0.1
2026-02-15T12:07:31.419Z,0,20.24,50,OK,0.1
2026-02-15T12:07:31.470Z,0,20.26,50,OK,0.1
2026-02-15T12:07:31.520Z,0,20.18,50,OK,0.1
2026-02-15T12:07:31.571Z,0,20.22,50,OK,0.1
2026-02-15T12:07:31.621Z,0,20.11,50,OK,0.1
2026-02-15T12:07:31.671Z,0,20.13,50,OK,0.1
2026-02-15T12:07:31.722Z,0,20.17,50,OK,0.1
2026-02-15T12:07:31.773Z,0,20.23,50,OK,0.1
2026-02-15T12:07:31.824Z,0,20.16,50,OK,0.1
2026-02-15T12:07:31.874Z,0,20.38,50,OK,0.1
2026-02-15T12:07:31.924Z,0,20.39,50,OK,0.1
2026-02-15T12:07:31.974Z,0,20.37,50,OK,0.1
2026-02-15T12:07:32.024Z,0,20.30,50,OK,0.1
2026-02-15T12:07:32.074Z,0,20.35,50,OK,0.1
2026-02-15T12:07:32.124Z,0,20.22,50,OK,0.1
2026-02-15T12:07:32.174Z,0,20.19,50,OK,0.1
2026-02-15T12:07:32.224Z,0,20.10,50,OK,0.1
2026-02-15T12:07:32.274Z,0,20.18,50,OK,0.1
2026-02-15T12:07:32.325Z,0,20.33,50,OK,0.1
2026-02-15T12:07:32.375Z,0,20.39,50,OK,0.1
2026-02-15T12:07:32.425Z,0,20.44,50,OK,0.1
2026-02-15T12:07:32.477Z,0,20.49,50,OK,0.1
2026-02-15T12:07:32.527Z,0,20.51,50,OK,0.1
2026-02-15T12:07:32.582Z,0,20.79,50,OK,0.1
2026-02-15T12:07:32.632Z,0,20.75,50,OK,0.1
2026-02-15T12:07:32.683Z,0,20.71,50,OK,0.1
2026-02-15T12:07:32.735Z,0,20.78,50,OK,0.1
2026-02-15T12:07:32.785Z,0,20.74,50,OK,0.1
2026-02-15T12:07:32.834Z,0,20.35,50,OK,0.1
2026-02-15T12:07:32.885Z,0,20.33,50,OK,0.1
2026-02-15T12:07:32.935Z,0,20.44,50,OK,0.1
2026-02-15T12:07:32.986Z,0,20.35,50,OK,0.1
2026-02-15T12:07:33.037Z,0,20.43,50,OK,0.1
2026-02-15T12:07:33.087Z,0,20.40,50,OK,0.1
2026-02-15T12:07:33.137Z,0,20.31,50,OK,0.1
2026-02-15T12:07:33.188Z,0,20.21,50,OK,0.1
2026-02-15T12:07:33.239Z,0,20.26,50,OK,0.1
2026-02-15T12:07:33.290Z,0,20.18,50,OK,0.1
2026-02-15T12:07:33.340Z,0,20.11,50,OK,0.1
2026-02-15T12:07:33.391Z,0,20.22,50,OK,0.1
2026-02-15T12:07:33.442Z,0,20.16,50,OK,0.1
2026-02-15T12:07:33.492Z,0,20.14,50,OK,0.1
2026-02-15T12:07:33.542Z,0,20.05,50,OK,0.1
2026-02-15T12:07:33.592Z,0,20.21,50,OK,0.1
2026-02-15T12:07:33.643Z,0,20.27,50,OK,0.1
2026-02-15T12:07:33.693Z,0,20.34,50,OK,0.1
2026-02-15T12:07:33.744Z,0,20.40,50,OK,0.1
2026-02-15T12:07:33.795Z,0,20.58,50,OK,0.1
2026-02-15T12:07:33.845Z,0,20.46,50,OK,0.1
2026-02-15T12:07:33.895Z,0,20.38,50,OK,0.1
2026-02-15T12:07:33.945Z,0,20.24,50,OK,0.1
2026-02-15T12:07:33.995Z,0,20.21,50,OK,0.1
2026-02-15T12:07:34.045Z,0,20.32,50,OK,0.1
2026-02-15T12:07:34.095Z,0,20.33,50,OK,0.1
2026-02-15T12:07:34.146Z,0,20.40,50,OK,0.1
2026-02-15T12:07:34.197Z,0,20.51,50,OK,0.1
2026-02-15T12:07:34.247Z,0,20.52,50,OK,0.1
2026-02-15T12:07:34.297Z,0,20.34,50,OK,0.1
2026-02-15T12:07:34.349Z,0,20.47,50,OK,0.1
2026-02-15T12:07:34.400Z,0,20.42,50,OK,0.1
2026-02-15T12:07:34.450Z,0,20.33,50,OK,0.1
2026-02-15T12:07:34.501Z,0,20.32,50,OK,0.1
2026-02-15T12:07:34.551Z,0,20.37,50,OK,0.1
2026-02-15T12:07:34.601Z,0,20.31,50,OK,0.1
2026-02-15T12:07:34.651Z,0,20.40,50,OK,0.1
2026-02-15T12:07:34.701Z,0,20.51,50,OK,0.1
2026-02-15T12:07:34.751Z,0,20.40,50,OK,0.1
2026-02-15T12:07:34.801Z,0,20.33,50,OK,0.1
2026-02-15T12:07:34.852Z,0,20.28,50,OK,0.1
2026-02-15T12:07:34.902Z,0,20.23,50,OK,0.1
2026-02-15T12:07:34.953Z,0,20.21,50,OK,0.1
2026-02-15T12:07:35.003Z,0,20.29,50,OK,0.1
2026-02-15T12:07:35.053Z,0,20.29,50,OK,0.1
2026-02-15T12:07:35.103Z,0,20.29,50,OK,0.1
2026-02-15T12:07:35.153Z,0,20.29,50,OK,0.1
2026-02-15T12:07:35.203Z,0,20.30,50,OK,0.1
2026-02-15T12:07:35.253Z,0,20.36,50,OK,0.1
2026-02-15T12:07:35.303Z,0,20.39,50,OK,0.1
2026-02-15T12:07:35.354Z,0,20.50,50,OK,0.1
2026-02-15T12:07:35.405Z,0,20.50,50,OK,0.1
2026-02-15T12:07:35.455Z,0,20.43,50,OK,0.1
2026-02-15T12:07:35.507Z,0,20.38,50,OK,0.1
2026-02-15T12:07:35.557Z,0,20.35,50,OK,0.1
2026-02-15T12:07:35.607Z,0,20.26,50,OK,0.1
2026-02-15T12:07:35.657Z,0,20.34,50,OK,0.1
2026-02-15T12:07:35.708Z,0,20.43,50,OK,0.1
2026-02-15T12:07:35.758Z,0,20.54,50,OK,0.1
2026-02-15T12:07:35.808Z,0,20.58,50,OK,0.1
2026-02-15T12:07:35.858Z,0,20.47,50,OK,0.1
2026-02-15T12:07:35.909Z,0,20.40,50,OK,0.1
2026-02-15T12:07:35.959Z,0,20.29,50,OK,0.1
2026-02-15T12:07:36.011Z,0,20.21,50,OK,0.1
2026-02-15T12:07:36.061Z,0,20.08,50,OK,0.1
2026-02-15T12:07:36.111Z,0,20.17,50,OK,0.1
2026-02-15T12:07:36.161Z,0,20.09,50,OK,0.1
2026-02-15T12:07:36.211Z,0,20.08,50,OK,0.1
2026-02-15T12:07:36.261Z,0,20.10,50,OK,0.1
2026-02-15T12:07:36.312Z,0,20.24,50,OK,0.1
2026-02-15T12:07:36.362Z,0,20.21,50,OK,0.1
2026-02-15T12:07:36.413Z,0,20.33,50,OK,0.1
2026-02-15T12:07:36.464Z,0,20.39,50,OK,0.1
2026-02-15T12:07:36.514Z,0,20.35,50,OK,0.1
2026-02-15T12:07:36.564Z,0,20.27,50,OK,0.1
2026-02-15T12:07:36.614Z,0,20.32,50,OK,0.1
2026-02-15T12:07:36.664Z,0,20.33,50,OK,0.1
2026-02-15T12:07:36.716Z,0,20.35,50,OK,0.1
2026-02-15T12:07:36.766Z,0,20.30,50,OK,0.1
2026-02-15T12:07:36.817Z,0,20.35,50,OK,0.1
2026-02-15T12:07:36.867Z,0,20.33,50,OK,0.1
2026-02-15T12:07:36.918Z,0,20.25,50,OK,0.1
2026-02-15T12:07:36.969Z,0,20.27,50,OK,0.1
2026-02-15T12:07:37.019Z,0,20.31,50,OK,0.1
2026-02-15T12:07:37.069Z,0,20.35,50,OK,0.1
2026-02-15T12:07:37.121Z,0,20.33,50,OK,0.1
2026-02-15T12:07:37.171Z,0,20.33,50,OK,0.1
2026-02-15T12:07:37.221Z,0,20.34,50,OK,0.1
2026-02-15T12:07:37.271Z,0,20.36,50,OK,0.1
2026-02-15T12:07:37.322Z,0,20.34,50,OK,0.1
2026-02-15T12:07:37.372Z,0,20.41,50,OK,0.1
2026-02-15T12:07:37.422Z,0,20.45,50,OK,0.1
2026-02-15T12:07:37.472Z,0,20.51,50,OK,0.1
2026-02-15T12:07:37.522Z,0,20.50,50,OK,0.1
2026-02-15T12:07:37.572Z,0,20.45,50,OK,0.1
2026-02-15T12:07:37.623Z,0,20.43,50,OK,0.1
2026-02-15T12:07:37.674Z,0,20.39,50,OK,0.1
2026-02-15T12:07:37.724Z,0,20.43,50,OK,0.1
2026-02-15T12:07:37.775Z,0,20.38,50,OK,0.1
2026-02-15T12:07:37.825Z,0,20.41,50,OK,0.1
2026-02-15T12:07:37.874Z,0,20.39,50,OK,0.1
2026-02-15T12:07:37.925Z,0,20.42,50,OK,0.1
2026-02-15T12:07:37.976Z,0,20.35,50,OK,0.1
2026-02-15T12:07:38.027Z,0,20.40,50,OK,0.1
2026-02-15T12:07:38.078Z,0,20.43,50,OK,0.1
2026-02-15T12:07:38.128Z,0,20.37,50,OK,0.1
2026-02-15T12:07:38.178Z,0,20.35,50,OK,0.1
2026-02-15T12:07:38.229Z,0,20.35,50,OK,0.1
