Timestamp,ActiveRequests,Lag_ms,VirtualLimit,Status
2026-02-05T19:31:21.274Z,0,22.39,21,OK
2026-02-05T19:31:21.324Z,0,21.51,22,OK
2026-02-05T19:31:21.373Z,0,21.13,23,OK
2026-02-05T19:31:21.424Z,0,20.94,24,OK
2026-02-05T19:31:21.475Z,0,20.83,25,OK
2026-02-05T19:31:21.525Z,0,20.78,26,OK
2026-02-05T19:31:21.576Z,0,20.73,27,OK
2026-02-05T19:31:21.627Z,0,20.64,28,OK
2026-02-05T19:31:21.677Z,0,20.62,29,OK
2026-02-05T19:31:21.728Z,0,20.57,30,OK
2026-02-05T19:31:21.779Z,0,20.37,31,OK
2026-02-05T19:31:21.830Z,0,20.32,32,OK
2026-02-05T19:31:21.880Z,0,20.31,33,OK
2026-02-05T19:31:21.931Z,0,20.30,34,OK
2026-02-05T19:31:21.981Z,0,20.31,35,OK
2026-02-05T19:31:22.030Z,0,20.29,36,OK
2026-02-05T19:31:22.081Z,0,20.27,37,OK
2026-02-05T19:31:22.131Z,0,20.29,38,OK
2026-02-05T19:31:22.182Z,0,20.27,39,OK
2026-02-05T19:31:22.233Z,0,20.30,40,OK
2026-02-05T19:31:22.282Z,0,20.31,41,OK
2026-02-05T19:31:22.333Z,0,20.33,42,OK
2026-02-05T19:31:22.384Z,0,20.32,43,OK
2026-02-05T19:31:22.435Z,0,20.32,44,OK
2026-02-05T19:31:22.485Z,0,20.24,45,OK
2026-02-05T19:31:22.536Z,0,20.25,46,OK
2026-02-05T19:31:22.587Z,0,20.31,47,OK
2026-02-05T19:31:22.637Z,0,20.31,48,OK
2026-02-05T19:31:22.687Z,0,20.31,49,OK
2026-02-05T19:31:22.736Z,0,20.29,50,OK
2026-02-05T19:31:22.787Z,0,20.28,50,OK
2026-02-05T19:31:22.837Z,0,20.28,50,OK
2026-02-05T19:31:22.887Z,0,20.30,50,OK
2026-02-05T19:31:22.938Z,0,20.30,50,OK
2026-02-05T19:31:22.989Z,0,20.35,50,OK
2026-02-05T19:31:23.039Z,0,20.35,50,OK
2026-02-05T19:31:23.089Z,0,20.31,50,OK
2026-02-05T19:31:23.140Z,0,20.34,50,OK
2026-02-05T19:31:23.191Z,0,20.35,50,OK
2026-02-05T19:31:23.241Z,0,20.35,50,OK
2026-02-05T19:31:23.292Z,0,20.35,50,OK
2026-02-05T19:31:23.343Z,0,20.36,50,OK
2026-02-05T19:31:23.394Z,0,20.38,50,OK
2026-02-05T19:31:23.443Z,0,20.39,50,OK
2026-02-05T19:31:23.494Z,0,20.44,50,OK
2026-02-05T19:31:23.545Z,0,20.43,50,OK
2026-02-05T19:31:23.595Z,0,20.43,50,OK
2026-02-05T19:31:23.645Z,0,20.44,50,OK
2026-02-05T19:31:23.695Z,0,20.43,50,OK
2026-02-05T19:31:23.745Z,0,20.44,50,OK
2026-02-05T19:31:23.795Z,0,20.45,50,OK
2026-02-05T19:31:23.844Z,0,20.46,50,OK
2026-02-05T19:31:23.895Z,0,20.45,50,OK
2026-02-05T19:31:23.945Z,0,20.46,50,OK
2026-02-05T19:31:23.996Z,0,20.42,50,OK
2026-02-05T19:31:24.047Z,0,20.42,50,OK
2026-02-05T19:31:24.097Z,0,20.41,50,OK
2026-02-05T19:31:24.146Z,0,20.39,50,OK
2026-02-05T19:31:24.197Z,0,20.38,50,OK
2026-02-05T19:31:24.246Z,0,20.37,50,OK
2026-02-05T19:31:24.297Z,0,20.35,50,OK
2026-02-05T19:31:24.348Z,0,20.32,50,OK
2026-02-05T19:31:24.398Z,0,20.35,50,OK
2026-02-05T19:31:24.448Z,0,20.32,50,OK
2026-02-05T19:31:24.498Z,0,20.30,50,OK
2026-02-05T19:31:24.549Z,0,20.29,50,OK
2026-02-05T19:31:24.600Z,0,20.28,50,OK
2026-02-05T19:31:24.650Z,0,20.27,50,OK
2026-02-05T19:31:24.700Z,0,20.27,50,OK
2026-02-05T19:31:24.751Z,0,20.27,50,OK
2026-02-05T19:31:24.801Z,0,20.27,50,OK
2026-02-05T19:31:24.850Z,0,20.27,50,OK
2026-02-05T19:31:24.901Z,0,20.22,50,OK
2026-02-05T19:31:24.951Z,0,20.23,50,OK
2026-02-05T19:31:24.998Z,0,20.23,50,OK
2026-02-05T19:31:25.048Z,0,20.24,50,OK
2026-02-05T19:31:25.098Z,0,20.27,50,OK
2026-02-05T19:31:25.148Z,0,20.31,50,OK
2026-02-05T19:31:25.199Z,0,20.35,50,OK
2026-02-05T19:31:25.249Z,0,20.36,50,OK
2026-02-05T19:31:25.299Z,0,20.41,50,OK
2026-02-05T19:31:25.349Z,0,20.40,50,OK
2026-02-05T19:31:25.400Z,0,20.42,50,OK
2026-02-05T19:31:25.450Z,0,20.42,50,OK
2026-02-05T19:31:25.500Z,0,20.44,50,OK
2026-02-05T19:31:25.551Z,0,20.44,50,OK
2026-02-05T19:31:25.601Z,0,20.42,50,OK
2026-02-05T19:31:25.650Z,0,20.39,50,OK
2026-02-05T19:31:25.701Z,0,20.35,50,OK
2026-02-05T19:31:25.750Z,0,20.35,50,OK
2026-02-05T19:31:25.800Z,0,20.31,50,OK
2026-02-05T19:31:25.850Z,0,20.34,50,OK
2026-02-05T19:31:25.900Z,0,20.36,50,OK
2026-02-05T19:31:25.950Z,0,20.37,50,OK
2026-02-05T19:31:26.001Z,0,20.31,50,OK
2026-02-05T19:31:26.052Z,0,20.32,50,OK
2026-02-05T19:31:26.102Z,0,20.34,50,OK
2026-02-05T19:31:26.153Z,0,20.33,50,OK
2026-02-05T19:31:26.203Z,0,20.31,50,OK
2026-02-05T19:31:26.253Z,0,20.33,50,OK
2026-02-05T19:31:26.303Z,0,20.36,50,OK
2026-02-05T19:31:26.353Z,0,20.36,50,OK
2026-02-05T19:31:26.404Z,0,20.33,50,OK
2026-02-05T19:31:26.455Z,0,20.34,50,OK
2026-02-05T19:31:26.505Z,0,20.37,50,OK
2026-02-05T19:31:26.556Z,0,20.35,50,OK
2026-02-05T19:31:26.607Z,0,20.34,50,OK
2026-02-05T19:31:26.657Z,0,20.34,50,OK
2026-02-05T19:31:26.708Z,0,20.39,50,OK
2026-02-05T19:31:26.757Z,0,20.39,50,OK
2026-02-05T19:31:26.808Z,0,20.34,50,OK
2026-02-05T19:31:26.857Z,0,20.32,50,OK
2026-02-05T19:31:26.908Z,0,20.32,50,OK
2026-02-05T19:31:26.958Z,0,20.32,50,OK
2026-02-05T19:31:27.008Z,0,20.37,50,OK
2026-02-05T19:31:27.058Z,0,20.38,50,OK
2026-02-05T19:31:27.109Z,0,20.43,50,OK
2026-02-05T19:31:27.160Z,0,20.42,50,OK
2026-02-05T19:31:27.211Z,0,20.39,50,OK
2026-02-05T19:31:27.262Z,0,20.36,50,OK
2026-02-05T19:31:27.311Z,0,20.35,50,OK
2026-02-05T19:31:27.361Z,0,20.35,50,OK
2026-02-05T19:31:27.412Z,0,20.35,50,OK
2026-02-05T19:31:27.462Z,0,20.38,50,OK
2026-02-05T19:31:27.513Z,0,20.34,50,OK
2026-02-05T19:31:27.563Z,0,20.33,50,OK
2026-02-05T19:31:27.613Z,0,20.28,50,OK
2026-02-05T19:31:27.664Z,0,20.29,50,OK
2026-02-05T19:31:27.714Z,0,20.33,50,OK
2026-02-05T19:31:27.763Z,0,20.33,50,OK
2026-02-05T19:31:27.814Z,0,20.36,50,OK
2026-02-05T19:31:27.865Z,0,20.37,50,OK
2026-02-05T19:31:27.916Z,0,20.40,50,OK
2026-02-05T19:31:27.967Z,0,20.38,50,OK
2026-02-05T19:31:28.018Z,0,20.37,50,OK
2026-02-05T19:31:28.069Z,0,20.38,50,OK
2026-02-05T19:31:28.120Z,0,20.41,50,OK
2026-02-05T19:31:28.170Z,0,20.40,50,OK
2026-02-05T19:31:28.221Z,0,20.41,50,OK
2026-02-05T19:31:28.272Z,0,20.43,50,OK
2026-02-05T19:31:28.322Z,0,20.44,50,OK
2026-02-05T19:31:28.373Z,0,20.44,50,OK
2026-02-05T19:31:28.422Z,0,20.34,50,OK
2026-02-05T19:31:28.473Z,0,20.33,50,OK
2026-02-05T19:31:28.524Z,0,20.32,50,OK
2026-02-05T19:31:28.573Z,0,20.30,50,OK
2026-02-05T19:31:28.623Z,0,20.19,50,OK
2026-02-05T19:31:28.673Z,0,20.19,50,OK
2026-02-05T19:31:28.723Z,0,20.18,50,OK
2026-02-05T19:31:28.774Z,0,20.16,50,OK
2026-02-05T19:31:28.824Z,0,20.19,50,OK
2026-02-05T19:31:28.874Z,0,20.18,50,OK
2026-02-05T19:31:28.925Z,0,20.28,50,OK
2026-02-05T19:31:28.976Z,0,20.29,50,OK
2026-02-05T19:31:29.026Z,0,20.34,50,OK
2026-02-05T19:31:29.076Z,0,20.35,50,OK
2026-02-05T19:31:29.127Z,0,20.40,50,OK
2026-02-05T19:31:29.178Z,0,20.40,50,OK
2026-02-05T19:31:29.227Z,0,20.38,50,OK
2026-02-05T19:31:29.278Z,0,20.38,50,OK
2026-02-05T19:31:29.328Z,0,20.29,50,OK
2026-02-05T19:31:29.379Z,0,20.29,50,OK
2026-02-05T19:31:29.429Z,0,20.24,50,OK
2026-02-05T19:31:29.480Z,0,20.23,50,OK
2026-02-05T19:31:29.530Z,0,20.19,50,OK
2026-02-05T19:31:29.580Z,0,20.19,50,OK
2026-02-05T19:31:29.631Z,0,20.27,50,OK
2026-02-05T19:31:29.682Z,0,20.29,50,OK
2026-02-05T19:31:29.731Z,0,20.23,50,OK
2026-02-05T19:31:29.781Z,0,20.26,50,OK
2026-02-05T19:31:29.831Z,0,20.26,50,OK
2026-02-05T19:31:29.881Z,0,20.26,50,OK
2026-02-05T19:31:29.931Z,0,20.27,50,OK
2026-02-05T19:31:29.982Z,0,20.26,50,OK
2026-02-05T19:31:30.033Z,0,20.26,50,OK
2026-02-05T19:31:30.082Z,0,20.27,50,OK
2026-02-05T19:31:30.133Z,0,20.23,50,OK
2026-02-05T19:31:30.184Z,0,20.27,50,OK
2026-02-05T19:31:30.234Z,0,20.36,50,OK
2026-02-05T19:31:30.284Z,0,20.35,50,OK
2026-02-05T19:31:30.335Z,0,20.36,50,OK
2026-02-05T19:31:30.385Z,0,20.37,50,OK
2026-02-05T19:31:30.436Z,0,20.41,50,OK
2026-02-05T19:31:30.487Z,0,20.42,50,OK
2026-02-05T19:31:30.538Z,0,20.49,50,OK
2026-02-05T19:31:30.589Z,0,20.46,50,OK
2026-02-05T19:31:30.640Z,0,20.51,50,OK
2026-02-05T19:31:30.690Z,0,20.45,50,OK
2026-02-05T19:31:30.740Z,0,20.40,50,OK
2026-02-05T19:31:30.790Z,0,20.38,50,OK
2026-02-05T19:31:30.840Z,0,20.34,50,OK
2026-02-05T19:31:30.891Z,0,20.33,50,OK
2026-02-05T19:31:30.942Z,0,20.32,50,OK
2026-02-05T19:31:30.992Z,0,20.31,50,OK
2026-02-05T19:31:31.043Z,0,20.32,50,OK
2026-02-05T19:31:31.093Z,0,20.32,50,OK
2026-02-05T19:31:31.143Z,0,20.22,50,OK
2026-02-05T19:31:31.194Z,0,20.21,50,OK
2026-02-05T19:31:31.244Z,0,20.28,50,OK
2026-02-05T19:31:31.294Z,0,20.30,50,OK
2026-02-05T19:31:31.344Z,0,20.31,50,OK
2026-02-05T19:31:31.395Z,0,20.32,50,OK
2026-02-05T19:31:31.444Z,0,20.22,50,OK
2026-02-05T19:31:31.494Z,0,20.23,50,OK
2026-02-05T19:31:31.544Z,0,20.14,50,OK
2026-02-05T19:31:31.595Z,0,20.15,50,OK
2026-02-05T19:31:31.645Z,0,20.17,50,OK
2026-02-05T19:31:31.696Z,0,20.19,50,OK
2026-02-05T19:31:31.746Z,0,20.11,50,OK
2026-02-05T19:31:31.797Z,0,20.11,50,OK
2026-02-05T19:31:31.848Z,0,20.12,50,OK
2026-02-05T19:31:31.898Z,0,20.13,50,OK
2026-02-05T19:31:31.949Z,0,20.20,50,OK
2026-02-05T19:31:32.000Z,0,20.21,50,OK
2026-02-05T19:31:32.051Z,0,20.20,50,OK
2026-02-05T19:31:32.101Z,0,20.19,50,OK
2026-02-05T19:31:32.150Z,0,20.19,50,OK
2026-02-05T19:31:32.200Z,0,20.19,50,OK
2026-02-05T19:31:32.250Z,0,20.20,50,OK
2026-02-05T19:31:32.300Z,0,20.20,50,OK
2026-02-05T19:31:32.350Z,0,20.25,50,OK
2026-02-05T19:31:32.400Z,0,20.26,50,OK
2026-02-05T19:31:32.450Z,0,20.29,50,OK
2026-02-05T19:31:32.500Z,0,20.28,50,OK
2026-02-05T19:31:32.551Z,0,20.30,50,OK
2026-02-05T19:31:32.601Z,0,20.31,50,OK
2026-02-05T19:31:32.651Z,0,20.32,50,OK
2026-02-05T19:31:32.701Z,0,20.32,50,OK
2026-02-05T19:31:32.752Z,0,20.36,50,OK
2026-02-05T19:31:32.802Z,0,20.34,50,OK
2026-02-05T19:31:32.853Z,0,20.36,50,OK
2026-02-05T19:31:32.904Z,0,20.36,50,OK
2026-02-05T19:31:32.953Z,0,20.25,50,OK
2026-02-05T19:31:33.004Z,0,20.26,50,OK
2026-02-05T19:31:33.054Z,0,20.32,50,OK
2026-02-05T19:31:33.105Z,0,20.31,50,OK
2026-02-05T19:31:33.155Z,0,20.36,50,OK
2026-02-05T19:31:33.205Z,0,20.34,50,OK
2026-02-05T19:31:33.254Z,0,20.34,50,OK
2026-02-05T19:31:33.304Z,0,20.36,50,OK
2026-02-05T19:31:33.354Z,0,20.26,50,OK
2026-02-05T19:31:33.405Z,0,20.26,50,OK
2026-02-05T19:31:33.456Z,0,20.36,50,OK
2026-02-05T19:31:33.506Z,0,20.34,50,OK
2026-02-05T19:31:33.556Z,0,20.34,50,OK
2026-02-05T19:31:33.606Z,0,20.34,50,OK
2026-02-05T19:31:33.657Z,0,20.37,50,OK
2026-02-05T19:31:33.707Z,0,20.38,50,OK
2026-02-05T19:31:33.757Z,0,20.38,50,OK
2026-02-05T19:31:33.807Z,0,20.38,50,OK
2026-02-05T19:31:33.858Z,0,20.49,50,OK
2026-02-05T19:31:33.909Z,0,20.50,50,OK
2026-02-05T19:31:33.959Z,0,20.49,50,OK
2026-02-05T19:31:34.009Z,0,20.49,50,OK
2026-02-05T19:31:34.059Z,0,20.44,50,OK
2026-02-05T19:31:34.109Z,0,20.44,50,OK
2026-02-05T19:31:34.159Z,0,20.42,50,OK
2026-02-05T19:31:34.209Z,0,20.42,50,OK
2026-02-05T19:31:34.260Z,0,20.36,50,OK
2026-02-05T19:31:34.311Z,0,20.36,50,OK
2026-02-05T19:31:34.362Z,0,20.36,50,OK
2026-02-05T19:31:34.412Z,0,20.35,50,OK
2026-02-05T19:31:34.462Z,0,20.36,50,OK
2026-02-05T19:31:34.513Z,0,20.36,50,OK
2026-02-05T19:31:34.563Z,0,20.39,50,OK
2026-02-05T19:31:34.614Z,0,20.38,50,OK
2026-02-05T19:31:34.665Z,0,20.34,50,OK
2026-02-05T19:31:34.716Z,0,20.33,50,OK
2026-02-05T19:31:34.767Z,0,20.32,50,OK
2026-02-05T19:31:34.817Z,0,20.32,50,OK
2026-02-05T19:31:34.867Z,0,20.28,50,OK
2026-02-05T19:31:34.917Z,0,20.28,50,OK
2026-02-05T19:31:34.967Z,0,20.26,50,OK
2026-02-05T19:31:35.018Z,0,20.25,50,OK
2026-02-05T19:31:35.068Z,0,20.24,50,OK
2026-02-05T19:31:35.118Z,0,20.26,50,OK
2026-02-05T19:31:35.169Z,0,20.31,50,OK
2026-02-05T19:31:35.219Z,0,20.32,50,OK
2026-02-05T19:31:35.270Z,0,20.43,50,OK
2026-02-05T19:31:35.320Z,0,20.42,50,OK
2026-02-05T19:31:35.370Z,0,20.41,50,OK
2026-02-05T19:31:35.420Z,0,20.43,50,OK
2026-02-05T19:31:35.471Z,0,20.45,50,OK
2026-02-05T19:31:35.521Z,0,20.47,50,OK
2026-02-05T19:31:35.572Z,0,20.46,50,OK
2026-02-05T19:31:35.622Z,0,20.48,50,OK
2026-02-05T19:31:35.672Z,0,20.36,50,OK
2026-02-05T19:31:35.722Z,0,20.38,50,OK
2026-02-05T19:31:35.773Z,0,20.21,50,OK
2026-02-05T19:31:35.822Z,0,20.24,50,OK
2026-02-05T19:31:35.872Z,0,20.25,50,OK
2026-02-05T19:31:35.923Z,0,20.25,50,OK
2026-02-05T19:31:35.974Z,0,20.24,50,OK
2026-02-05T19:31:36.025Z,0,20.22,50,OK
2026-02-05T19:31:36.075Z,0,20.21,50,OK
2026-02-05T19:31:36.125Z,0,20.22,50,OK
2026-02-05T19:31:36.176Z,0,20.35,50,OK
2026-02-05T19:31:36.226Z,0,20.35,50,OK
2026-02-05T19:31:36.276Z,0,20.47,50,OK
2026-02-05T19:31:36.326Z,0,20.45,50,OK
2026-02-05T19:31:36.376Z,0,20.46,50,OK
2026-02-05T19:31:36.426Z,0,20.47,50,OK
2026-02-05T19:31:36.477Z,0,20.49,50,OK
2026-02-05T19:31:36.527Z,0,20.50,50,OK
2026-02-05T19:31:36.578Z,0,20.52,50,OK
2026-02-05T19:31:36.628Z,0,20.52,50,OK
2026-02-05T19:31:36.679Z,0,20.48,50,OK
2026-02-05T19:31:36.730Z,0,20.48,50,OK
2026-02-05T19:31:36.780Z,0,20.46,50,OK
2026-02-05T19:31:36.831Z,0,20.47,50,OK
2026-02-05T19:31:36.882Z,0,20.45,50,OK
2026-02-05T19:31:36.933Z,0,20.43,50,OK
2026-02-05T19:31:36.984Z,0,20.39,50,OK
2026-02-05T19:31:37.035Z,0,20.39,50,OK
2026-02-05T19:31:37.086Z,0,20.38,50,OK
2026-02-05T19:31:37.137Z,0,20.37,50,OK
2026-02-05T19:31:37.187Z,0,20.37,50,OK
2026-02-05T19:31:37.237Z,0,20.34,50,OK
2026-02-05T19:31:37.288Z,0,20.32,50,OK
2026-02-05T19:31:37.338Z,0,20.30,50,OK
2026-02-05T19:31:37.389Z,0,20.30,50,OK
2026-02-05T19:31:37.440Z,0,20.31,50,OK
2026-02-05T19:31:37.490Z,0,20.32,50,OK
2026-02-05T19:31:37.541Z,0,20.32,50,OK
2026-02-05T19:31:37.592Z,0,20.30,50,OK
2026-02-05T19:31:37.643Z,0,20.31,50,OK
2026-02-05T19:31:37.694Z,0,20.33,50,OK
2026-02-05T19:31:37.744Z,0,20.33,50,OK
2026-02-05T19:31:37.794Z,0,20.35,50,OK
2026-02-05T19:31:37.845Z,0,20.36,50,OK
2026-02-05T19:31:37.894Z,0,20.37,50,OK
2026-02-05T19:31:37.945Z,0,20.35,50,OK
2026-02-05T19:31:37.995Z,0,20.36,50,OK
2026-02-05T19:31:38.045Z,0,20.32,50,OK
2026-02-05T19:31:38.096Z,0,20.33,50,OK
2026-02-05T19:31:38.147Z,0,20.28,50,OK
2026-02-05T19:31:38.197Z,0,20.28,50,OK
2026-02-05T19:31:38.248Z,0,20.28,50,OK
2026-02-05T19:31:38.298Z,0,20.29,50,OK
2026-02-05T19:31:38.348Z,0,20.33,50,OK
2026-02-05T19:31:38.399Z,0,20.31,50,OK
2026-02-05T19:31:38.449Z,0,20.32,50,OK
2026-02-05T19:31:38.499Z,0,20.31,50,OK
2026-02-05T19:31:38.549Z,0,20.34,50,OK
2026-02-05T19:31:38.600Z,0,20.34,50,OK
2026-02-05T19:31:38.651Z,0,20.39,50,OK
2026-02-05T19:31:38.701Z,0,20.38,50,OK
2026-02-05T19:31:38.751Z,0,20.43,50,OK
2026-02-05T19:31:38.801Z,0,20.43,50,OK
2026-02-05T19:31:38.852Z,0,20.41,50,OK
2026-02-05T19:31:38.902Z,0,20.43,50,OK
2026-02-05T19:31:38.952Z,0,20.43,50,OK
2026-02-05T19:31:39.003Z,0,20.47,50,OK
2026-02-05T19:31:39.053Z,0,20.49,50,OK
2026-02-05T19:31:39.103Z,0,20.50,50,OK
2026-02-05T19:31:39.153Z,0,20.48,50,OK
2026-02-05T19:31:39.204Z,0,20.48,50,OK
2026-02-05T19:31:39.254Z,0,20.45,50,OK
2026-02-05T19:31:39.304Z,0,20.42,50,OK
2026-02-05T19:31:39.355Z,0,20.39,50,OK
2026-02-05T19:31:39.406Z,0,20.38,50,OK
2026-02-05T19:31:39.456Z,0,20.37,50,OK
2026-02-05T19:31:39.506Z,0,20.31,50,OK
2026-02-05T19:31:39.556Z,0,20.31,50,OK
2026-02-05T19:31:39.606Z,0,20.28,50,OK
2026-02-05T19:31:39.657Z,0,20.27,50,OK
2026-02-05T19:31:39.708Z,0,20.27,50,OK
2026-02-05T19:31:39.759Z,0,20.26,50,OK
2026-02-05T19:31:39.810Z,0,20.30,50,OK
2026-02-05T19:31:39.861Z,0,20.33,50,OK
2026-02-05T19:31:39.911Z,0,20.35,50,OK
2026-02-05T19:31:39.961Z,0,20.28,50,OK
2026-02-05T19:31:40.011Z,0,20.29,50,OK
2026-02-05T19:31:40.061Z,0,20.34,50,OK
2026-02-05T19:31:40.112Z,0,20.37,50,OK
2026-02-05T19:31:40.163Z,0,20.37,50,OK
2026-02-05T19:31:40.213Z,0,20.38,50,OK
2026-02-05T19:31:40.263Z,0,20.45,50,OK
2026-02-05T19:31:40.313Z,0,20.72,50,OK
2026-02-05T19:31:40.363Z,0,20.72,50,OK
2026-02-05T19:31:40.413Z,0,20.72,50,OK
2026-02-05T19:31:40.464Z,0,20.79,50,OK
2026-02-05T19:31:40.514Z,0,20.75,50,OK
2026-02-05T19:31:40.565Z,0,20.70,50,OK
2026-02-05T19:31:40.614Z,0,20.68,50,OK
2026-02-05T19:31:40.664Z,0,20.68,50,OK
2026-02-05T19:31:40.715Z,0,20.68,50,OK
2026-02-05T19:31:40.766Z,0,20.63,50,OK
2026-02-05T19:31:40.816Z,0,20.37,50,OK
2026-02-05T19:31:40.866Z,0,20.38,50,OK
2026-02-05T19:31:40.916Z,0,20.37,50,OK
2026-02-05T19:31:40.966Z,0,20.38,50,OK
2026-02-05T19:31:41.017Z,0,20.42,50,OK
2026-02-05T19:31:41.066Z,0,20.44,50,OK
2026-02-05T19:31:41.117Z,0,20.45,50,OK
2026-02-05T19:31:41.168Z,0,20.46,50,OK
2026-02-05T19:31:41.217Z,0,20.46,50,OK
2026-02-05T19:31:41.267Z,0,20.49,50,OK
2026-02-05T19:31:41.318Z,0,20.46,50,OK
2026-02-05T19:31:41.368Z,0,20.47,50,OK
2026-02-05T19:31:41.419Z,0,20.46,50,OK
2026-02-05T19:31:41.469Z,0,20.48,50,OK
2026-02-05T19:31:41.519Z,0,20.45,50,OK
2026-02-05T19:31:41.570Z,0,20.41,50,OK
2026-02-05T19:31:41.619Z,0,20.37,50,OK
2026-02-05T19:31:41.669Z,0,20.39,50,OK
2026-02-05T19:31:41.719Z,0,20.41,50,OK
2026-02-05T19:31:41.770Z,0,20.35,50,OK
2026-02-05T19:31:41.820Z,0,20.34,50,OK
2026-02-05T19:31:41.870Z,0,20.34,50,OK
2026-02-05T19:31:41.921Z,0,20.35,50,OK
2026-02-05T19:31:41.972Z,0,20.31,50,OK
2026-02-05T19:31:42.021Z,0,20.34,50,OK
2026-02-05T19:31:42.071Z,0,20.37,50,OK
2026-02-05T19:31:42.122Z,0,20.37,50,OK
2026-02-05T19:31:42.172Z,0,20.31,50,OK
2026-02-05T19:31:42.222Z,0,20.29,50,OK
2026-02-05T19:31:42.273Z,0,20.30,50,OK
2026-02-05T19:31:42.324Z,0,20.33,50,OK
2026-02-05T19:31:42.374Z,0,20.32,50,OK
2026-02-05T19:31:42.425Z,0,20.33,50,OK
2026-02-05T19:31:42.475Z,0,20.34,50,OK
2026-02-05T19:31:42.525Z,0,20.33,50,OK
2026-02-05T19:31:42.576Z,0,20.32,50,OK
2026-02-05T19:31:42.625Z,0,20.36,50,OK
2026-02-05T19:31:42.675Z,0,20.39,50,OK
2026-02-05T19:31:42.726Z,0,20.39,50,OK
2026-02-05T19:31:42.775Z,0,20.38,50,OK
2026-02-05T19:31:42.826Z,0,20.34,50,OK
2026-02-05T19:31:42.876Z,0,20.31,50,OK
2026-02-05T19:31:42.927Z,0,20.31,50,OK
2026-02-05T19:31:42.978Z,0,20.33,50,OK
2026-02-05T19:31:43.029Z,0,20.33,50,OK
2026-02-05T19:31:43.079Z,0,20.35,50,OK
2026-02-05T19:31:43.130Z,0,20.33,50,OK
2026-02-05T19:31:43.180Z,0,20.27,50,OK
2026-02-05T19:31:43.231Z,0,20.27,50,OK
2026-02-05T19:31:43.281Z,0,20.19,50,OK
2026-02-05T19:31:43.332Z,0,20.20,50,OK
2026-02-05T19:31:43.383Z,0,20.14,50,OK
2026-02-05T19:31:43.432Z,0,20.14,50,OK
2026-02-05T19:31:43.482Z,0,20.17,50,OK
2026-02-05T19:31:43.533Z,0,20.19,50,OK
2026-02-05T19:31:43.583Z,0,20.24,50,OK
2026-02-05T19:31:43.633Z,0,20.23,50,OK
2026-02-05T19:31:43.683Z,0,20.30,50,OK
2026-02-05T19:31:43.734Z,0,20.28,50,OK
2026-02-05T19:31:43.785Z,0,20.40,50,OK
2026-02-05T19:31:43.834Z,0,20.44,50,OK
2026-02-05T19:31:43.885Z,0,20.52,50,OK
2026-02-05T19:31:43.935Z,0,20.51,50,OK
2026-02-05T19:31:43.985Z,0,20.42,50,OK
2026-02-05T19:31:44.036Z,0,20.44,50,OK
2026-02-05T19:31:44.086Z,0,20.40,50,OK
2026-02-05T19:31:44.136Z,0,20.43,50,OK
2026-02-05T19:31:44.186Z,0,20.41,50,OK
2026-02-05T19:31:44.237Z,0,20.43,50,OK
2026-02-05T19:31:44.288Z,0,20.37,50,OK
2026-02-05T19:31:44.338Z,0,20.34,50,OK
2026-02-05T19:31:44.388Z,0,20.40,50,OK
2026-02-05T19:31:44.439Z,0,20.41,50,OK
2026-02-05T19:31:44.490Z,0,20.41,50,OK
2026-02-05T19:31:44.540Z,0,20.38,50,OK
2026-02-05T19:31:44.590Z,0,20.41,50,OK
2026-02-05T19:31:44.641Z,0,20.39,50,OK
2026-02-05T19:31:44.691Z,0,20.43,50,OK
2026-02-05T19:31:44.742Z,0,20.42,50,OK
2026-02-05T19:31:44.792Z,0,20.47,50,OK
2026-02-05T19:31:44.843Z,0,20.46,50,OK
2026-02-05T19:31:44.893Z,0,20.39,50,OK
2026-02-05T19:31:44.943Z,0,20.37,50,OK
2026-02-05T19:31:44.994Z,0,20.41,50,OK
2026-02-05T19:31:45.281Z,0,45.47,50,OK
2026-02-05T19:31:45.331Z,0,45.40,50,OK
2026-02-05T19:31:45.382Z,0,45.39,50,OK
2026-02-05T19:31:45.432Z,0,45.36,50,OK
2026-02-05T19:31:45.483Z,0,45.37,50,OK
2026-02-05T19:31:45.532Z,0,45.32,50,OK
2026-02-05T19:31:45.583Z,0,45.31,50,OK
2026-02-05T19:31:45.632Z,0,45.33,50,OK
2026-02-05T19:31:45.683Z,0,45.36,50,OK
2026-02-05T19:31:45.733Z,0,45.37,50,OK
2026-02-05T19:31:45.783Z,0,20.29,50,OK
2026-02-05T19:31:45.834Z,0,20.30,50,OK
2026-02-05T19:31:45.884Z,0,20.31,50,OK
2026-02-05T19:31:45.933Z,0,20.29,50,OK
2026-02-05T19:31:45.983Z,0,20.27,50,OK
2026-02-05T19:31:46.034Z,0,20.25,50,OK
2026-02-05T19:31:46.084Z,0,20.28,50,OK
2026-02-05T19:31:46.135Z,0,20.27,50,OK
2026-02-05T19:31:46.186Z,0,20.23,50,OK
2026-02-05T19:31:46.236Z,0,20.19,50,OK
2026-02-05T19:31:46.287Z,1,20.16,50,OK
2026-02-05T19:31:46.338Z,0,20.13,50,OK
2026-02-05T19:31:46.388Z,0,20.15,50,OK
2026-02-05T19:31:46.439Z,0,20.18,50,OK
2026-02-05T19:31:46.489Z,0,20.22,50,OK
2026-02-05T19:31:46.540Z,0,20.28,50,OK
2026-02-05T19:31:46.589Z,0,20.28,50,OK
2026-02-05T19:31:46.640Z,0,20.30,50,OK
2026-02-05T19:31:46.691Z,0,20.29,50,OK
2026-02-05T19:31:46.740Z,0,20.33,50,OK
2026-02-05T19:31:46.791Z,0,20.40,50,OK
2026-02-05T19:31:46.841Z,0,20.44,50,OK
2026-02-05T19:31:46.892Z,0,20.46,50,OK
2026-02-05T19:31:46.943Z,0,20.47,50,OK
2026-02-05T19:31:46.993Z,0,20.47,50,OK
2026-02-05T19:31:47.043Z,0,20.48,50,OK
2026-02-05T19:31:47.093Z,0,20.43,50,OK
2026-02-05T19:31:47.144Z,0,20.43,50,OK
2026-02-05T19:31:47.195Z,0,20.48,50,OK
2026-02-05T19:31:47.246Z,0,20.50,50,OK
2026-02-05T19:31:47.300Z,1,20.47,50,OK
2026-02-05T19:31:47.350Z,0,20.45,50,OK
2026-02-05T19:31:47.401Z,0,20.43,50,OK
2026-02-05T19:31:47.452Z,0,20.46,50,OK
2026-02-05T19:31:47.502Z,0,20.43,50,OK
2026-02-05T19:31:47.552Z,0,20.44,50,OK
2026-02-05T19:31:47.602Z,0,20.48,50,OK
2026-02-05T19:31:47.652Z,0,20.44,50,OK
2026-02-05T19:31:47.703Z,0,20.43,50,OK
2026-02-05T19:31:47.753Z,0,20.42,50,OK
2026-02-05T19:31:47.804Z,0,20.47,50,OK
2026-02-05T19:31:47.855Z,0,20.49,50,OK
2026-02-05T19:31:47.905Z,0,20.52,50,OK
2026-02-05T19:31:47.956Z,0,20.46,50,OK
2026-02-05T19:31:48.005Z,0,20.39,50,OK
2026-02-05T19:31:48.055Z,0,20.37,50,OK
2026-02-05T19:31:48.106Z,0,20.40,50,OK
2026-02-05T19:31:48.157Z,0,20.40,50,OK
2026-02-05T19:31:48.208Z,0,20.38,50,OK
2026-02-05T19:31:48.259Z,0,20.54,50,OK
2026-02-05T19:31:48.311Z,1,20.56,50,OK
2026-02-05T19:31:48.362Z,0,20.73,50,OK
2026-02-05T19:31:48.412Z,0,20.70,50,OK
2026-02-05T19:31:48.467Z,1,22.71,50,OK
2026-02-05T19:31:48.518Z,0,22.74,50,OK
2026-02-05T19:31:48.569Z,0,22.75,50,OK
2026-02-05T19:31:48.618Z,0,22.68,50,OK
2026-02-05T19:31:48.668Z,0,22.72,50,OK
2026-02-05T19:31:48.719Z,0,22.72,50,OK
2026-02-05T19:31:48.770Z,0,22.55,50,OK
2026-02-05T19:31:48.821Z,0,22.59,50,OK
2026-02-05T19:31:48.870Z,0,22.41,50,OK
2026-02-05T19:31:48.921Z,0,22.37,50,OK
2026-02-05T19:31:48.971Z,0,20.37,50,OK
2026-02-05T19:31:49.022Z,0,20.40,50,OK
2026-02-05T19:31:49.072Z,0,20.38,50,OK
2026-02-05T19:31:49.123Z,0,20.39,50,OK
2026-02-05T19:31:49.172Z,0,20.37,50,OK
2026-02-05T19:31:49.223Z,0,20.41,50,OK
2026-02-05T19:31:49.274Z,0,20.41,50,OK
2026-02-05T19:31:49.600Z,0,34.31,50,OK
2026-02-05T19:31:49.671Z,3,NaN,50,OK
2026-02-05T19:31:49.721Z,0,NaN,50,OK
2026-02-05T19:31:49.771Z,0,NaN,50,OK
2026-02-05T19:31:49.821Z,0,NaN,50,OK
2026-02-05T19:31:49.872Z,0,NaN,50,OK
2026-02-05T19:31:49.923Z,0,NaN,50,OK
2026-02-05T19:31:49.974Z,0,NaN,50,OK
2026-02-05T19:31:50.024Z,0,NaN,50,OK
2026-02-05T19:31:50.074Z,0,NaN,50,OK
2026-02-05T19:31:50.125Z,0,NaN,50,OK
2026-02-05T19:31:50.175Z,0,20.45,50,OK
2026-02-05T19:31:50.226Z,0,20.47,50,OK
2026-02-05T19:31:50.276Z,0,20.44,50,OK
2026-02-05T19:31:50.327Z,0,20.42,50,OK
2026-02-05T19:31:50.378Z,0,20.42,50,OK
2026-02-05T19:31:50.429Z,0,20.38,50,OK
2026-02-05T19:31:50.480Z,0,20.42,50,OK
2026-02-05T19:31:50.531Z,0,20.37,50,OK
2026-02-05T19:31:50.581Z,0,20.36,50,OK
2026-02-05T19:31:50.631Z,0,20.39,50,OK
2026-02-05T19:31:50.681Z,0,20.50,50,OK
2026-02-05T19:31:50.732Z,0,20.42,50,OK
2026-02-05T19:31:50.783Z,0,20.44,50,OK
2026-02-05T19:31:50.833Z,0,20.44,50,OK
2026-02-05T19:31:50.884Z,0,20.43,50,OK
2026-02-05T19:31:50.935Z,0,20.51,50,OK
2026-02-05T19:31:50.985Z,0,20.48,50,OK
2026-02-05T19:31:51.035Z,0,20.54,50,OK
2026-02-05T19:31:51.086Z,0,20.56,50,OK
2026-02-05T19:31:51.136Z,0,20.50,50,OK
2026-02-05T19:31:51.186Z,0,20.47,50,OK
2026-02-05T19:31:51.237Z,0,20.57,50,OK
2026-02-05T19:31:51.674Z,0,60.83,50,OK
2026-02-05T19:31:51.724Z,1,60.73,50,OK
2026-02-05T19:31:51.775Z,1,60.74,50,OK
2026-02-05T19:31:51.826Z,1,60.71,50,OK
2026-02-05T19:31:51.876Z,1,60.71,50,OK
2026-02-05T19:31:51.927Z,1,60.72,50,OK
2026-02-05T19:31:51.977Z,1,60.71,50,OK
2026-02-05T19:31:52.028Z,1,60.71,50,OK
2026-02-05T19:31:52.078Z,1,60.67,50,OK
2026-02-05T19:31:52.129Z,1,60.68,50,OK
2026-02-05T19:31:52.179Z,1,20.43,50,OK
2026-02-05T19:31:52.229Z,1,20.51,50,OK
2026-02-05T19:31:52.279Z,1,20.49,50,OK
2026-02-05T19:31:52.329Z,1,20.48,50,OK
2026-02-05T19:31:52.380Z,1,20.45,50,OK
2026-02-05T19:31:52.431Z,1,20.40,50,OK
2026-02-05T19:31:52.481Z,1,20.38,50,OK
2026-02-05T19:31:52.532Z,1,20.38,50,OK
2026-02-05T19:31:52.582Z,1,20.29,50,OK
2026-02-05T19:31:52.631Z,1,20.25,50,OK
2026-02-05T19:31:52.681Z,2,20.22,50,OK
2026-02-05T19:31:53.102Z,1,59.64,50,OK
2026-02-05T19:31:53.173Z,6,NaN,50,OK
2026-02-05T19:31:53.265Z,4,NaN,50,OK
2026-02-05T19:31:53.316Z,1,NaN,50,OK
2026-02-05T19:31:53.366Z,1,NaN,50,OK
2026-02-05T19:31:53.415Z,1,NaN,50,OK
2026-02-05T19:31:53.466Z,1,NaN,50,OK
2026-02-05T19:31:53.517Z,1,NaN,50,OK
2026-02-05T19:31:53.568Z,1,NaN,50,OK
2026-02-05T19:31:53.619Z,1,NaN,50,OK
2026-02-05T19:31:53.670Z,1,NaN,50,OK
2026-02-05T19:31:54.091Z,1,NaN,50,OK
2026-02-05T19:31:54.588Z,0,NaN,50,OK
2026-02-05T19:31:54.915Z,6,NaN,50,OK
2026-02-05T19:31:54.969Z,1,NaN,50,OK
2026-02-05T19:31:55.020Z,0,NaN,50,OK
2026-02-05T19:31:55.070Z,0,NaN,50,OK
2026-02-05T19:31:55.121Z,0,NaN,50,OK
2026-02-05T19:31:55.171Z,0,NaN,50,OK
2026-02-05T19:31:55.221Z,0,NaN,50,OK
2026-02-05T19:31:55.272Z,0,NaN,50,OK
2026-02-05T19:31:55.322Z,0,NaN,50,OK
2026-02-05T19:31:55.373Z,0,NaN,50,OK
2026-02-05T19:31:55.423Z,0,NaN,50,OK
2026-02-05T19:31:55.474Z,0,20.26,50,OK
2026-02-05T19:31:55.908Z,0,NaN,50,OK
2026-02-05T19:31:55.966Z,1,NaN,50,OK
2026-02-05T19:31:56.016Z,2,NaN,50,OK
2026-02-05T19:31:56.067Z,2,NaN,50,OK
2026-02-05T19:31:56.117Z,2,NaN,50,OK
2026-02-05T19:31:56.167Z,2,NaN,50,OK
2026-02-05T19:31:56.218Z,2,NaN,50,OK
2026-02-05T19:31:56.274Z,2,NaN,50,OK
2026-02-05T19:31:56.324Z,2,NaN,50,OK
2026-02-05T19:31:56.374Z,2,NaN,50,OK
2026-02-05T19:31:56.424Z,2,NaN,50,OK
2026-02-05T19:31:56.474Z,2,20.54,50,OK
2026-02-05T19:31:56.525Z,2,20.51,50,OK
2026-02-05T19:31:56.574Z,2,20.51,50,OK
2026-02-05T19:31:56.625Z,2,20.44,50,OK
2026-02-05T19:31:56.675Z,2,20.39,50,OK
2026-02-05T19:31:56.725Z,2,20.36,50,OK
2026-02-05T19:31:56.776Z,2,20.36,50,OK
2026-02-05T19:31:56.827Z,2,20.31,50,OK
2026-02-05T19:31:56.878Z,2,20.29,50,OK
2026-02-05T19:31:56.929Z,2,20.25,50,OK
2026-02-05T19:31:56.979Z,2,20.25,50,OK
2026-02-05T19:31:57.406Z,3,NaN,50,OK
2026-02-05T19:31:57.468Z,11,NaN,50,OK
2026-02-05T19:31:57.518Z,2,NaN,50,OK
2026-02-05T19:31:57.568Z,2,NaN,50,OK
2026-02-05T19:31:57.619Z,2,NaN,50,OK
2026-02-05T19:31:57.669Z,2,NaN,50,OK
2026-02-05T19:31:57.720Z,2,NaN,50,OK
2026-02-05T19:31:57.771Z,2,NaN,50,OK
2026-02-05T19:31:57.820Z,2,NaN,50,OK
2026-02-05T19:31:57.871Z,2,NaN,50,OK
2026-02-05T19:31:57.922Z,2,NaN,50,OK
2026-02-05T19:31:57.972Z,1,20.45,50,OK
2026-02-05T19:31:58.022Z,0,20.56,50,OK
2026-02-05T19:31:58.072Z,0,20.58,50,OK
2026-02-05T19:31:58.123Z,0,20.57,50,OK
2026-02-05T19:31:58.173Z,0,20.56,50,OK
2026-02-05T19:31:58.223Z,0,20.59,50,OK
2026-02-05T19:31:58.274Z,0,20.55,50,OK
2026-02-05T19:31:58.323Z,0,20.58,50,OK
2026-02-05T19:31:58.374Z,0,20.57,50,OK
2026-02-05T19:31:58.424Z,0,20.51,50,OK
2026-02-05T19:31:58.474Z,0,20.48,50,OK
2026-02-05T19:31:58.885Z,0,NaN,50,OK
2026-02-05T19:31:59.763Z,7,NaN,50,OK
2026-02-05T19:32:00.200Z,5,NaN,50,OK
2026-02-05T19:32:00.266Z,4,NaN,50,OK
2026-02-05T19:32:00.317Z,0,NaN,50,OK
2026-02-05T19:32:00.367Z,0,NaN,50,OK
2026-02-05T19:32:00.417Z,0,NaN,50,OK
2026-02-05T19:32:00.468Z,0,NaN,50,OK
2026-02-05T19:32:00.518Z,0,NaN,50,OK
2026-02-05T19:32:00.567Z,0,NaN,50,OK
2026-02-05T19:32:00.618Z,0,NaN,50,OK
2026-02-05T19:32:00.668Z,0,NaN,50,OK
2026-02-05T19:32:00.718Z,0,NaN,50,OK
2026-02-05T19:32:00.769Z,0,20.49,50,OK
2026-02-05T19:32:00.818Z,1,20.46,50,OK
2026-02-05T19:32:00.869Z,1,20.50,50,OK
2026-02-05T19:32:00.919Z,1,20.45,50,OK
2026-02-05T19:32:00.970Z,1,20.43,50,OK
2026-02-05T19:32:01.020Z,1,20.42,50,OK
2026-02-05T19:32:01.071Z,1,20.39,50,OK
2026-02-05T19:32:01.121Z,1,20.34,50,OK
2026-02-05T19:32:01.171Z,1,20.29,50,OK
2026-02-05T19:32:01.221Z,1,20.30,50,OK
2026-02-05T19:32:01.272Z,1,20.32,50,OK
2026-02-05T19:32:01.667Z,3,56.62,50,OK
2026-02-05T19:32:01.717Z,4,56.62,50,OK
2026-02-05T19:32:01.768Z,4,56.56,50,OK
2026-02-05T19:32:02.197Z,4,97.40,35,OK
2026-02-05T19:32:02.662Z,8,NaN,35,OK
2026-02-05T19:32:02.678Z,9,NaN,35,OK
2026-02-05T19:32:02.764Z,10,NaN,35,OK
2026-02-05T19:32:02.815Z,5,NaN,35,OK
2026-02-05T19:32:02.865Z,5,NaN,35,OK
2026-02-05T19:32:02.916Z,5,NaN,35,OK
2026-02-05T19:32:02.965Z,5,NaN,35,OK
2026-02-05T19:32:03.306Z,5,NaN,35,OK
2026-02-05T19:32:03.363Z,5,NaN,35,OK
2026-02-05T19:32:03.414Z,4,NaN,35,OK
2026-02-05T19:32:03.465Z,4,NaN,35,OK
2026-02-05T19:32:03.515Z,4,NaN,35,OK
2026-02-05T19:32:03.566Z,4,NaN,35,OK
2026-02-05T19:32:03.617Z,4,NaN,35,OK
2026-02-05T19:32:03.667Z,4,NaN,35,OK
2026-02-05T19:32:04.111Z,3,NaN,35,OK
2026-02-05T19:32:04.176Z,15,NaN,35,OK
2026-02-05T19:32:04.227Z,4,NaN,35,OK
2026-02-05T19:32:04.278Z,4,NaN,35,OK
2026-02-05T19:32:04.329Z,4,NaN,35,OK
2026-02-05T19:32:04.379Z,4,NaN,35,OK
2026-02-05T19:32:04.429Z,4,NaN,35,OK
2026-02-05T19:32:04.480Z,4,NaN,35,OK
2026-02-05T19:32:04.531Z,5,NaN,35,OK
2026-02-05T19:32:04.582Z,5,NaN,35,OK
2026-02-05T19:32:04.633Z,5,NaN,35,OK
2026-02-05T19:32:04.683Z,6,20.27,36,OK
2026-02-05T19:32:04.733Z,4,20.33,37,OK
2026-02-05T19:32:04.784Z,4,20.28,38,OK
2026-02-05T19:32:04.834Z,4,20.39,39,OK
2026-02-05T19:32:04.885Z,4,20.46,40,OK
2026-02-05T19:32:04.935Z,4,20.34,41,OK
2026-02-05T19:32:04.985Z,4,20.31,42,OK
2026-02-05T19:32:05.036Z,4,20.31,43,OK
2026-02-05T19:32:05.087Z,4,20.31,44,OK
2026-02-05T19:32:05.137Z,5,20.29,45,OK
2026-02-05T19:32:05.510Z,7,20.30,46,OK
2026-02-05T19:32:06.200Z,17,87.17,46,OK
2026-02-05T19:32:06.267Z,17,NaN,46,OK
2026-02-05T19:32:06.892Z,12,NaN,46,OK
2026-02-05T19:32:07.380Z,9,NaN,46,OK
2026-02-05T19:32:07.467Z,18,NaN,46,OK
2026-02-05T19:32:07.517Z,5,NaN,46,OK
2026-02-05T19:32:07.569Z,5,NaN,46,OK
2026-02-05T19:32:07.620Z,4,NaN,46,OK
2026-02-05T19:32:07.669Z,4,NaN,46,OK
2026-02-05T19:32:07.720Z,4,NaN,46,OK
2026-02-05T19:32:07.771Z,4,NaN,46,OK
2026-02-05T19:32:07.822Z,4,NaN,46,OK
2026-02-05T19:32:07.872Z,4,NaN,46,OK
2026-02-05T19:32:07.923Z,5,NaN,46,OK
2026-02-05T19:32:07.974Z,5,20.41,47,OK
2026-02-05T19:32:08.024Z,5,20.45,48,OK
2026-02-05T19:32:08.075Z,5,20.47,49,OK
2026-02-05T19:32:08.124Z,5,20.49,50,OK
2026-02-05T19:32:08.174Z,5,20.50,50,OK
2026-02-05T19:32:08.225Z,4,20.49,50,OK
2026-02-05T19:32:08.275Z,4,20.49,50,OK
2026-02-05T19:32:08.325Z,4,20.48,50,OK
2026-02-05T19:32:08.375Z,4,20.51,50,OK
2026-02-05T19:32:08.426Z,4,20.39,50,OK
2026-02-05T19:32:08.477Z,5,20.34,50,OK
2026-02-05T19:32:08.978Z,10,NaN,50,OK
2026-02-05T19:32:09.066Z,6,NaN,50,OK
2026-02-05T19:32:09.163Z,5,NaN,50,OK
2026-02-05T19:32:09.212Z,5,NaN,50,OK
2026-02-05T19:32:09.262Z,5,NaN,50,OK
2026-02-05T19:32:09.313Z,5,NaN,50,OK
2026-02-05T19:32:09.364Z,5,NaN,50,OK
2026-02-05T19:32:09.768Z,6,NaN,50,OK
2026-02-05T19:32:09.819Z,3,NaN,50,OK
2026-02-05T19:32:09.868Z,3,NaN,50,OK
2026-02-05T19:32:09.918Z,2,22.61,50,OK
2026-02-05T19:32:09.969Z,2,20.29,50,OK
2026-02-05T19:32:10.409Z,3,62.05,50,OK
2026-02-05T19:32:10.465Z,3,NaN,50,OK
2026-02-05T19:32:10.564Z,5,NaN,50,OK
2026-02-05T19:32:10.614Z,3,NaN,50,OK
2026-02-05T19:32:10.665Z,3,NaN,50,OK
2026-02-05T19:32:10.715Z,3,NaN,50,OK
2026-02-05T19:32:10.766Z,3,NaN,50,OK
2026-02-05T19:32:11.369Z,3,NaN,50,OK
2026-02-05T19:32:12.312Z,11,NaN,50,OK
2026-02-05T19:32:13.768Z,19,NaN,50,OK
2026-02-05T19:32:13.977Z,11,NaN,50,OK
2026-02-05T19:32:14.481Z,6,NaN,50,OK
2026-02-05T19:32:14.570Z,5,NaN,50,OK
2026-02-05T19:32:14.667Z,3,NaN,50,OK
2026-02-05T19:32:14.762Z,3,NaN,50,OK
2026-02-05T19:32:14.813Z,5,NaN,50,OK
2026-02-05T19:32:14.862Z,5,NaN,50,OK
2026-02-05T19:32:15.380Z,7,NaN,50,OK
2026-02-05T19:32:15.676Z,16,NaN,50,OK
2026-02-05T19:32:16.372Z,12,NaN,50,OK
2026-02-05T19:32:16.712Z,18,NaN,50,OK
2026-02-05T19:32:17.264Z,12,NaN,50,OK
2026-02-05T19:32:17.376Z,6,NaN,50,OK
2026-02-05T19:32:17.471Z,11,NaN,50,OK
2026-02-05T19:32:17.568Z,3,NaN,50,OK
2026-02-05T19:32:17.619Z,3,NaN,50,OK
2026-02-05T19:32:17.669Z,3,NaN,50,OK
2026-02-05T19:32:17.720Z,3,NaN,50,OK
2026-02-05T19:32:17.772Z,4,NaN,50,OK
2026-02-05T19:32:17.822Z,4,NaN,50,OK
2026-02-05T19:32:17.872Z,4,NaN,50,OK
2026-02-05T19:32:17.923Z,4,NaN,50,OK
2026-02-05T19:32:17.973Z,4,33.63,50,OK
2026-02-05T19:32:18.023Z,4,26.11,50,OK
2026-02-05T19:32:18.074Z,4,20.58,50,OK
2026-02-05T19:32:18.125Z,4,20.64,50,OK
2026-02-05T19:32:18.175Z,4,20.62,50,OK
2026-02-05T19:32:18.224Z,9,20.52,50,OK
2026-02-05T19:32:18.277Z,6,NaN,50,OK
2026-02-05T19:32:18.367Z,5,NaN,50,OK
2026-02-05T19:32:18.470Z,7,NaN,50,OK
2026-02-05T19:32:18.907Z,10,NaN,50,OK
2026-02-05T19:32:19.073Z,13,NaN,50,OK
2026-02-05T19:32:19.606Z,3,NaN,50,OK
2026-02-05T19:32:20.964Z,15,NaN,50,OK
2026-02-05T19:32:22.978Z,23,NaN,50,OK
2026-02-05T19:32:23.910Z,10,NaN,50,OK
2026-02-05T19:32:25.560Z,15,NaN,50,OK
2026-02-05T19:32:27.470Z,30,NaN,50,OK
2026-02-05T19:32:28.563Z,18,NaN,50,OK
2026-02-05T19:32:28.677Z,15,NaN,50,OK
2026-02-05T19:32:29.284Z,12,NaN,50,OK
2026-02-05T19:32:29.335Z,2,NaN,50,OK
2026-02-05T19:32:29.385Z,2,NaN,50,OK
2026-02-05T19:32:29.435Z,1,NaN,50,OK
2026-02-05T19:32:29.485Z,1,NaN,50,OK
2026-02-05T19:32:29.535Z,1,NaN,50,OK
2026-02-05T19:32:29.586Z,2,NaN,50,OK
2026-02-05T19:32:29.637Z,2,NaN,50,OK
2026-02-05T19:32:29.687Z,2,NaN,50,OK
2026-02-05T19:32:30.095Z,3,NaN,50,OK
2026-02-05T19:32:30.145Z,3,58.54,50,OK
2026-02-05T19:32:30.197Z,3,58.62,50,OK
2026-02-05T19:32:30.247Z,3,58.58,50,OK
2026-02-05T19:32:30.576Z,3,58.49,50,OK
2026-02-05T19:32:30.626Z,4,58.32,50,OK
2026-02-05T19:32:30.677Z,4,58.34,50,OK
2026-02-05T19:32:30.727Z,4,58.34,50,OK
2026-02-05T19:32:30.778Z,4,58.31,50,OK
2026-02-05T19:32:30.828Z,4,58.30,50,OK
2026-02-05T19:32:30.878Z,4,19.99,50,OK
2026-02-05T19:32:30.929Z,4,20.03,50,OK
2026-02-05T19:32:30.979Z,4,20.01,50,OK
2026-02-05T19:32:31.029Z,4,20.10,50,OK
2026-02-05T19:32:31.080Z,4,20.24,50,OK
2026-02-05T19:32:31.131Z,4,20.36,50,OK
2026-02-05T19:32:31.181Z,4,20.35,50,OK
2026-02-05T19:32:31.232Z,4,20.38,50,OK
2026-02-05T19:32:31.283Z,5,20.40,50,OK
2026-02-05T19:32:31.334Z,4,20.41,50,OK
2026-02-05T19:32:31.384Z,4,20.39,50,OK
2026-02-05T19:32:31.434Z,4,20.36,50,OK
2026-02-05T19:32:31.484Z,4,20.37,50,OK
2026-02-05T19:32:31.535Z,4,20.32,50,OK
2026-02-05T19:32:31.585Z,3,20.28,50,OK
2026-02-05T19:32:31.660Z,6,21.77,50,OK
2026-02-05T19:32:31.711Z,4,21.75,50,OK
2026-02-05T19:32:31.761Z,4,21.74,50,OK
2026-02-05T19:32:31.811Z,4,21.74,50,OK
2026-02-05T19:32:31.862Z,4,21.76,50,OK
2026-02-05T19:32:31.913Z,4,21.76,50,OK
2026-02-05T19:32:31.963Z,4,21.77,50,OK
2026-02-05T19:32:32.013Z,4,21.74,50,OK
2026-02-05T19:32:32.064Z,4,21.76,50,OK
2026-02-05T19:32:32.115Z,4,21.80,50,OK
2026-02-05T19:32:32.166Z,4,20.38,50,OK
2026-02-05T19:32:32.216Z,4,20.42,50,OK
2026-02-05T19:32:32.266Z,4,20.44,50,OK
2026-02-05T19:32:32.317Z,4,20.44,50,OK
2026-02-05T19:32:32.368Z,4,20.42,50,OK
2026-02-05T19:32:32.419Z,4,20.47,50,OK
2026-02-05T19:32:32.469Z,4,20.48,50,OK
2026-02-05T19:32:32.520Z,4,20.52,50,OK
2026-02-05T19:32:32.570Z,4,20.51,50,OK
2026-02-05T19:32:32.619Z,3,20.49,50,OK
2026-02-05T19:32:32.669Z,3,20.48,50,OK
2026-02-05T19:32:32.720Z,3,20.47,50,OK
2026-02-05T19:32:32.770Z,3,20.45,50,OK
2026-02-05T19:32:32.821Z,3,20.51,50,OK
2026-02-05T19:32:32.870Z,3,20.48,50,OK
2026-02-05T19:32:32.921Z,3,20.39,50,OK
2026-02-05T19:32:32.971Z,3,20.40,50,OK
2026-02-05T19:32:33.021Z,3,20.39,50,OK
2026-02-05T19:32:33.070Z,3,20.39,50,OK
2026-02-05T19:32:33.121Z,4,20.43,50,OK
2026-02-05T19:32:33.172Z,3,20.42,50,OK
2026-02-05T19:32:33.222Z,3,20.41,50,OK
2026-02-05T19:32:33.273Z,3,20.41,50,OK
2026-02-05T19:32:33.323Z,3,20.33,50,OK
2026-02-05T19:32:33.374Z,3,20.35,50,OK
2026-02-05T19:32:33.424Z,3,20.41,50,OK
2026-02-05T19:32:33.475Z,3,20.39,50,OK
2026-02-05T19:32:33.525Z,3,20.38,50,OK
2026-02-05T19:32:33.575Z,3,20.37,50,OK
2026-02-05T19:32:33.624Z,1,20.26,50,OK
2026-02-05T19:32:33.675Z,1,20.27,50,OK
2026-02-05T19:32:33.725Z,1,20.27,50,OK
2026-02-05T19:32:33.775Z,1,20.26,50,OK
2026-02-05T19:32:33.826Z,1,20.25,50,OK
2026-02-05T19:32:33.877Z,1,20.26,50,OK
2026-02-05T19:32:33.927Z,1,20.28,50,OK
2026-02-05T19:32:33.977Z,1,20.26,50,OK
2026-02-05T19:32:34.028Z,1,20.26,50,OK
2026-02-05T19:32:34.079Z,1,20.27,50,OK
2026-02-05T19:32:34.130Z,1,20.33,50,OK
2026-02-05T19:32:34.180Z,1,20.33,50,OK
2026-02-05T19:32:34.230Z,1,20.37,50,OK
2026-02-05T19:32:34.281Z,1,20.39,50,OK
2026-02-05T19:32:34.330Z,1,20.44,50,OK
2026-02-05T19:32:34.380Z,1,20.44,50,OK
2026-02-05T19:32:34.431Z,1,20.43,50,OK
2026-02-05T19:32:34.482Z,1,20.42,50,OK
2026-02-05T19:32:34.532Z,1,20.42,50,OK
2026-02-05T19:32:34.583Z,1,20.42,50,OK
2026-02-05T19:32:34.634Z,0,20.37,50,OK
2026-02-05T19:32:34.685Z,0,20.36,50,OK
2026-02-05T19:32:34.735Z,0,20.30,50,OK
2026-02-05T19:32:34.785Z,0,20.28,50,OK
2026-02-05T19:32:34.836Z,0,20.26,50,OK
2026-02-05T19:32:34.886Z,0,20.25,50,OK
2026-02-05T19:32:34.936Z,0,20.23,50,OK
2026-02-05T19:32:34.987Z,0,20.21,50,OK
2026-02-05T19:32:35.037Z,0,20.22,50,OK
2026-02-05T19:32:35.087Z,0,20.21,50,OK
2026-02-05T19:32:35.138Z,0,20.23,50,OK
2026-02-05T19:32:35.189Z,0,20.21,50,OK
2026-02-05T19:32:35.240Z,0,20.24,50,OK
2026-02-05T19:32:35.291Z,0,20.22,50,OK
2026-02-05T19:32:35.342Z,0,20.22,50,OK
2026-02-05T19:32:35.391Z,0,20.20,50,OK
2026-02-05T19:32:35.442Z,0,20.21,50,OK
2026-02-05T19:32:35.492Z,0,20.23,50,OK
2026-02-05T19:32:35.541Z,0,20.22,50,OK
2026-02-05T19:32:35.592Z,0,20.22,50,OK
2026-02-05T19:32:35.641Z,0,20.24,50,OK
2026-02-05T19:32:35.691Z,0,20.26,50,OK
2026-02-05T19:32:35.742Z,0,20.26,50,OK
2026-02-05T19:32:35.791Z,0,20.30,50,OK
2026-02-05T19:32:35.842Z,0,20.29,50,OK
2026-02-05T19:32:35.892Z,0,20.33,50,OK
2026-02-05T19:32:35.942Z,0,20.35,50,OK
2026-02-05T19:32:35.991Z,0,20.35,50,OK
2026-02-05T19:32:36.041Z,0,20.35,50,OK
2026-02-05T19:32:36.092Z,0,20.34,50,OK
2026-02-05T19:32:36.142Z,0,20.31,50,OK
2026-02-05T19:32:36.193Z,0,20.33,50,OK
2026-02-05T19:32:36.243Z,0,20.31,50,OK
2026-02-05T19:32:36.294Z,0,20.32,50,OK
2026-02-05T19:32:36.344Z,0,20.31,50,OK
2026-02-05T19:32:36.393Z,0,20.30,50,OK
2026-02-05T19:32:36.444Z,0,20.27,50,OK
2026-02-05T19:32:36.494Z,0,20.25,50,OK
2026-02-05T19:32:36.543Z,0,20.24,50,OK
2026-02-05T19:32:36.593Z,0,20.26,50,OK
2026-02-05T19:32:36.643Z,0,20.29,50,OK
2026-02-05T19:32:36.694Z,0,20.27,50,OK
2026-02-05T19:32:36.744Z,0,20.28,50,OK
2026-02-05T19:32:36.794Z,0,20.26,50,OK
2026-02-05T19:32:36.844Z,0,20.27,50,OK
2026-02-05T19:32:36.894Z,0,20.28,50,OK
2026-02-05T19:32:36.945Z,0,20.28,50,OK
2026-02-05T19:32:36.995Z,0,20.31,50,OK
2026-02-05T19:32:37.046Z,0,20.31,50,OK
2026-02-05T19:32:37.096Z,0,20.31,50,OK
2026-02-05T19:32:37.146Z,0,20.31,50,OK
2026-02-05T19:32:37.196Z,0,20.32,50,OK
2026-02-05T19:32:37.246Z,0,20.29,50,OK
2026-02-05T19:32:37.297Z,0,20.30,50,OK
2026-02-05T19:32:37.348Z,0,20.33,50,OK
2026-02-05T19:32:37.398Z,0,20.34,50,OK
2026-02-05T19:32:37.447Z,0,20.34,50,OK
2026-02-05T19:32:37.498Z,0,20.35,50,OK
2026-02-05T19:32:37.548Z,0,20.35,50,OK
2026-02-05T19:32:37.598Z,0,20.35,50,OK
2026-02-05T19:32:37.649Z,0,20.35,50,OK
2026-02-05T19:32:37.699Z,0,20.35,50,OK
2026-02-05T19:32:37.749Z,0,20.38,50,OK
2026-02-05T19:32:37.800Z,0,20.37,50,OK
2026-02-05T19:32:37.851Z,0,20.34,50,OK
2026-02-05T19:32:37.901Z,0,20.34,50,OK
2026-02-05T19:32:37.952Z,0,20.33,50,OK
2026-02-05T19:32:38.002Z,0,20.32,50,OK
2026-02-05T19:32:38.051Z,0,20.33,50,OK
2026-02-05T19:32:38.102Z,0,20.29,50,OK
2026-02-05T19:32:38.152Z,0,20.27,50,OK
2026-02-05T19:32:38.203Z,0,20.28,50,OK
2026-02-05T19:32:38.254Z,0,20.28,50,OK
2026-02-05T19:32:38.304Z,0,20.26,50,OK
2026-02-05T19:32:38.354Z,0,20.27,50,OK
2026-02-05T19:32:38.405Z,0,20.28,50,OK
2026-02-05T19:32:38.455Z,0,20.29,50,OK
2026-02-05T19:32:38.505Z,0,20.29,50,OK
2026-02-05T19:32:38.555Z,0,20.29,50,OK
2026-02-05T19:32:38.606Z,0,20.33,50,OK
2026-02-05T19:32:38.656Z,0,20.34,50,OK
2026-02-05T19:32:38.708Z,0,20.34,50,OK
2026-02-05T19:32:38.758Z,0,20.34,50,OK
2026-02-05T19:32:38.809Z,0,20.37,50,OK
2026-02-05T19:32:38.859Z,0,20.37,50,OK
2026-02-05T19:32:38.908Z,0,20.36,50,OK
2026-02-05T19:32:38.959Z,0,20.36,50,OK
2026-02-05T19:32:39.010Z,0,20.38,50,OK
2026-02-05T19:32:39.060Z,0,20.37,50,OK
2026-02-05T19:32:39.111Z,0,20.36,50,OK
2026-02-05T19:32:39.161Z,0,20.36,50,OK
2026-02-05T19:32:39.211Z,0,20.39,50,OK
2026-02-05T19:32:39.262Z,0,20.38,50,OK
2026-02-05T19:32:39.313Z,0,20.38,50,OK
2026-02-05T19:32:39.363Z,0,20.36,50,OK
2026-02-05T19:32:39.414Z,0,20.35,50,OK
2026-02-05T19:32:39.464Z,0,20.35,50,OK
2026-02-05T19:32:39.515Z,0,20.33,50,OK
2026-02-05T19:32:39.565Z,0,20.32,50,OK
2026-02-05T19:32:39.616Z,0,20.32,50,OK
2026-02-05T19:32:39.666Z,0,20.32,50,OK
2026-02-05T19:32:39.717Z,0,20.28,50,OK
2026-02-05T19:32:39.767Z,0,20.27,50,OK
2026-02-05T19:32:39.817Z,0,20.27,50,OK
2026-02-05T19:32:39.868Z,0,20.28,50,OK
2026-02-05T19:32:39.918Z,0,20.28,50,OK
2026-02-05T19:32:39.968Z,0,20.28,50,OK
2026-02-05T19:32:40.018Z,0,20.18,50,OK
2026-02-05T19:32:40.069Z,0,20.20,50,OK
2026-02-05T19:32:40.119Z,0,20.20,50,OK
2026-02-05T19:32:40.168Z,0,20.20,50,OK
2026-02-07T08:47:45.536Z,0,21.11,21,OK
2026-02-07T08:47:45.587Z,0,20.56,22,OK
2026-02-07T08:47:45.637Z,0,20.66,23,OK
2026-02-07T08:47:45.687Z,0,20.58,24,OK
2026-02-07T08:47:45.737Z,0,20.55,25,OK
2026-02-07T08:47:45.787Z,0,20.48,26,OK
2026-02-07T08:47:45.837Z,0,20.48,27,OK
2026-02-07T08:47:45.888Z,0,20.46,28,OK
2026-02-07T08:47:45.938Z,0,20.39,29,OK
2026-02-07T08:47:45.989Z,0,20.36,30,OK
2026-02-07T08:47:46.040Z,0,20.28,31,OK
2026-02-07T08:47:46.090Z,0,20.32,32,OK
2026-02-07T08:47:46.140Z,0,20.26,33,OK
2026-02-07T08:47:46.190Z,0,20.25,34,OK
2026-02-07T08:47:46.240Z,0,20.26,35,OK
2026-02-07T08:47:46.291Z,0,20.29,36,OK
2026-02-07T08:47:46.341Z,0,20.29,37,OK
2026-02-07T08:47:46.391Z,0,20.29,38,OK
2026-02-07T08:47:46.441Z,0,20.33,39,OK
2026-02-07T08:47:46.491Z,0,20.36,40,OK
2026-02-07T08:47:46.541Z,0,20.36,41,OK
2026-02-07T08:47:46.592Z,0,20.35,42,OK
2026-02-07T08:47:46.642Z,0,20.40,43,OK
2026-02-07T08:47:46.692Z,0,20.41,44,OK
2026-02-07T08:47:46.743Z,0,20.36,45,OK
2026-02-07T08:47:46.793Z,0,20.35,46,OK
2026-02-07T08:47:46.843Z,0,20.39,47,OK
2026-02-07T08:47:46.893Z,0,20.38,48,OK
2026-02-07T08:47:46.943Z,0,20.44,49,OK
2026-02-07T08:47:46.994Z,0,20.43,50,OK
2026-02-07T08:47:47.045Z,0,20.47,50,OK
2026-02-07T08:47:47.095Z,0,20.47,50,OK
2026-02-07T08:47:47.145Z,0,20.44,50,OK
2026-02-07T08:47:47.196Z,0,20.45,50,OK
2026-02-07T08:47:47.247Z,0,20.45,50,OK
2026-02-07T08:47:47.297Z,0,20.45,50,OK
2026-02-07T08:47:47.347Z,0,20.33,50,OK
2026-02-07T08:47:47.397Z,0,20.32,50,OK
2026-02-07T08:47:47.447Z,0,20.23,50,OK
2026-02-07T08:47:47.497Z,0,20.23,50,OK
2026-02-07T08:47:47.547Z,0,20.15,50,OK
2026-02-07T08:47:47.597Z,0,20.14,50,OK
2026-02-07T08:47:47.648Z,0,20.08,50,OK
2026-02-07T08:47:47.699Z,0,20.08,50,OK
2026-02-07T08:47:47.749Z,0,20.14,50,OK
2026-02-07T08:47:47.799Z,0,20.15,50,OK
2026-02-07T08:47:47.849Z,0,20.21,50,OK
2026-02-07T08:47:47.899Z,0,20.23,50,OK
2026-02-07T08:47:47.949Z,0,20.26,50,OK
2026-02-07T08:47:48.000Z,0,20.27,50,OK
2026-02-07T08:47:48.051Z,0,20.37,50,OK
2026-02-07T08:47:48.101Z,0,20.38,50,OK
2026-02-07T08:47:48.152Z,0,20.43,50,OK
2026-02-07T08:47:48.202Z,0,20.43,50,OK
2026-02-07T08:47:48.252Z,0,20.39,50,OK
2026-02-07T08:47:48.302Z,0,20.36,50,OK
2026-02-07T08:47:48.353Z,0,20.38,50,OK
2026-02-07T08:47:48.403Z,0,20.38,50,OK
2026-02-07T08:47:48.454Z,0,20.35,50,OK
2026-02-07T08:47:48.504Z,0,20.36,50,OK
2026-02-07T08:47:48.555Z,0,20.35,50,OK
2026-02-07T08:47:48.605Z,0,20.34,50,OK
2026-02-07T08:47:48.655Z,0,20.30,50,OK
2026-02-07T08:47:48.705Z,0,20.30,50,OK
2026-02-07T08:47:48.755Z,0,20.29,50,OK
2026-02-07T08:47:48.805Z,0,20.29,50,OK
2026-02-07T08:47:48.855Z,0,20.27,50,OK
2026-02-07T08:47:48.905Z,0,20.27,50,OK
2026-02-07T08:47:48.955Z,0,20.32,50,OK
2026-02-07T08:47:49.005Z,0,20.27,50,OK
2026-02-07T08:47:49.055Z,0,20.13,50,OK
2026-02-07T08:47:49.105Z,0,20.14,50,OK
2026-02-07T08:47:49.156Z,0,20.18,50,OK
2026-02-07T08:47:49.206Z,0,20.21,50,OK
2026-02-07T08:47:49.257Z,0,20.29,50,OK
2026-02-07T08:47:49.308Z,0,20.31,50,OK
2026-02-07T08:47:49.359Z,0,20.34,50,OK
2026-02-07T08:47:49.409Z,0,20.33,50,OK
2026-02-07T08:47:49.459Z,0,20.20,50,OK
2026-02-07T08:47:49.510Z,0,20.23,50,OK
2026-02-07T08:47:49.560Z,0,20.34,50,OK
2026-02-07T08:47:49.610Z,0,20.34,50,OK
2026-02-07T08:47:49.660Z,0,20.32,50,OK
2026-02-07T08:47:49.711Z,0,20.30,50,OK
2026-02-07T08:47:49.761Z,0,20.23,50,OK
2026-02-07T08:47:49.812Z,0,20.23,50,OK
2026-02-07T08:47:49.862Z,0,20.21,50,OK
2026-02-07T08:47:49.913Z,0,20.22,50,OK
2026-02-07T08:47:49.963Z,0,20.33,50,OK
2026-02-07T08:47:50.013Z,0,20.34,50,OK
2026-02-07T08:47:50.063Z,0,20.34,50,OK
2026-02-07T08:47:50.113Z,0,20.34,50,OK
2026-02-07T08:47:50.164Z,0,20.33,50,OK
2026-02-07T08:47:50.214Z,0,20.32,50,OK
2026-02-07T08:47:50.265Z,0,20.34,50,OK
2026-02-07T08:47:50.315Z,0,20.33,50,OK
2026-02-07T08:47:50.365Z,0,20.30,50,OK
2026-02-07T08:47:50.415Z,0,20.29,50,OK
2026-02-07T08:47:50.465Z,0,20.27,50,OK
2026-02-07T08:47:50.515Z,0,20.26,50,OK
2026-02-07T08:47:50.565Z,0,20.29,50,OK
2026-02-07T08:47:50.616Z,0,20.28,50,OK
2026-02-07T08:47:50.666Z,0,20.31,50,OK
2026-02-07T08:47:50.717Z,0,20.31,50,OK
2026-02-07T08:47:50.767Z,0,20.31,50,OK
2026-02-07T08:47:50.817Z,0,20.29,50,OK
2026-02-07T08:47:50.867Z,0,20.31,50,OK
2026-02-07T08:47:50.917Z,0,20.30,50,OK
2026-02-07T08:47:50.968Z,0,20.33,50,OK
2026-02-07T08:47:51.019Z,0,20.32,50,OK
2026-02-07T08:47:51.069Z,0,20.32,50,OK
2026-02-07T08:47:51.119Z,0,20.34,50,OK
2026-02-07T08:47:51.169Z,0,20.35,50,OK
2026-02-07T08:47:51.221Z,0,20.38,50,OK
2026-02-07T08:47:51.270Z,0,20.35,50,OK
2026-02-07T08:47:51.320Z,0,20.38,50,OK
2026-02-07T08:47:51.371Z,0,20.35,50,OK
2026-02-07T08:47:51.421Z,0,20.37,50,OK
2026-02-07T08:47:51.471Z,0,20.36,50,OK
2026-02-07T08:47:51.521Z,0,20.38,50,OK
2026-02-07T08:47:51.571Z,0,20.36,50,OK
2026-02-07T08:47:51.621Z,0,20.38,50,OK
2026-02-07T08:47:51.671Z,0,20.35,50,OK
2026-02-07T08:47:51.721Z,0,20.32,50,OK
2026-02-07T08:47:51.771Z,0,20.36,50,OK
2026-02-07T08:47:51.822Z,0,20.36,50,OK
2026-02-07T08:47:51.872Z,0,20.39,50,OK
2026-02-07T08:47:51.922Z,0,20.39,50,OK
2026-02-07T08:47:51.972Z,0,20.39,50,OK
2026-02-07T08:47:52.023Z,0,20.39,50,OK
2026-02-07T08:47:52.074Z,0,20.40,50,OK
2026-02-07T08:47:52.125Z,0,20.39,50,OK
2026-02-07T08:47:52.176Z,0,20.38,50,OK
2026-02-07T08:47:52.226Z,0,20.37,50,OK
2026-02-07T08:47:52.276Z,0,20.35,50,OK
2026-02-07T08:47:52.326Z,0,20.34,50,OK
2026-02-07T08:47:52.376Z,0,20.34,50,OK
2026-02-07T08:47:52.426Z,0,20.32,50,OK
2026-02-07T08:47:52.476Z,0,20.30,50,OK
2026-02-07T08:47:52.526Z,0,20.30,50,OK
2026-02-07T08:47:52.576Z,0,20.26,50,OK
2026-02-07T08:47:52.627Z,0,20.25,50,OK
2026-02-07T08:47:52.677Z,0,20.27,50,OK
2026-02-07T08:47:52.728Z,0,20.28,50,OK
2026-02-07T08:47:52.778Z,0,20.29,50,OK
2026-02-07T08:47:52.829Z,0,20.29,50,OK
2026-02-07T08:47:52.879Z,0,20.31,50,OK
2026-02-07T08:47:52.930Z,0,20.34,50,OK
2026-02-07T08:47:52.980Z,0,20.36,50,OK
2026-02-07T08:47:53.031Z,0,20.36,50,OK
2026-02-07T08:47:53.081Z,0,20.41,50,OK
2026-02-07T08:47:53.131Z,0,20.42,50,OK
2026-02-07T08:47:53.181Z,0,20.43,50,OK
2026-02-07T08:47:53.232Z,0,20.42,50,OK
2026-02-07T08:47:53.283Z,0,20.42,50,OK
2026-02-07T08:47:53.334Z,0,20.41,50,OK
2026-02-07T08:47:53.384Z,0,20.40,50,OK
2026-02-07T08:47:53.434Z,0,20.37,50,OK
2026-02-07T08:47:53.484Z,0,20.35,50,OK
2026-02-07T08:47:53.534Z,0,20.33,50,OK
2026-02-07T08:47:53.584Z,0,20.30,50,OK
2026-02-07T08:47:53.634Z,0,20.29,50,OK
2026-02-07T08:47:53.684Z,0,20.27,50,OK
2026-02-07T08:47:53.734Z,0,20.28,50,OK
2026-02-07T08:47:53.784Z,0,20.29,50,OK
2026-02-07T08:47:53.835Z,0,20.29,50,OK
2026-02-07T08:47:53.885Z,0,20.31,50,OK
2026-02-07T08:47:53.935Z,0,20.31,50,OK
2026-02-07T08:47:53.986Z,0,20.32,50,OK
2026-02-07T08:47:54.036Z,0,20.35,50,OK
2026-02-07T08:47:54.087Z,0,20.34,50,OK
2026-02-07T08:47:54.138Z,0,20.37,50,OK
2026-02-07T08:47:54.188Z,0,20.38,50,OK
2026-02-07T08:47:54.238Z,0,20.44,50,OK
2026-02-07T08:47:54.288Z,0,20.42,50,OK
2026-02-07T08:47:54.338Z,0,20.42,50,OK
2026-02-07T08:47:54.389Z,0,20.41,50,OK
2026-02-07T08:47:54.439Z,0,20.42,50,OK
2026-02-07T08:47:54.489Z,0,20.43,50,OK
2026-02-07T08:47:54.539Z,0,20.41,50,OK
2026-02-07T08:47:54.589Z,0,20.42,50,OK
2026-02-07T08:47:54.640Z,0,20.41,50,OK
2026-02-07T08:47:54.690Z,0,20.40,50,OK
2026-02-07T08:47:54.740Z,0,20.34,50,OK
2026-02-07T08:47:54.790Z,0,20.36,50,OK
2026-02-07T08:47:54.840Z,0,20.35,50,OK
2026-02-07T08:47:54.890Z,0,20.36,50,OK
2026-02-07T08:47:54.941Z,0,20.35,50,OK
2026-02-07T08:47:54.992Z,0,20.31,50,OK
2026-02-07T08:47:55.042Z,0,20.31,50,OK
2026-02-07T08:47:55.092Z,0,20.29,50,OK
2026-02-07T08:47:55.142Z,0,20.27,50,OK
2026-02-07T08:47:55.192Z,0,20.29,50,OK
2026-02-07T08:47:55.243Z,0,20.29,50,OK
2026-02-07T08:47:55.294Z,0,20.29,50,OK
2026-02-07T08:47:55.344Z,0,20.30,50,OK
2026-02-07T08:47:55.395Z,0,20.28,50,OK
2026-02-07T08:47:55.445Z,0,20.29,50,OK
2026-02-07T08:47:55.495Z,0,20.35,50,OK
2026-02-07T08:47:55.545Z,0,20.37,50,OK
2026-02-07T08:47:55.596Z,0,20.37,50,OK
2026-02-07T08:47:55.647Z,0,20.40,50,OK
2026-02-07T08:47:55.698Z,0,20.39,50,OK
2026-02-07T08:47:55.748Z,0,20.38,50,OK
2026-02-07T08:47:55.798Z,0,20.39,50,OK
2026-02-07T08:47:55.848Z,0,20.39,50,OK
2026-02-07T08:47:55.898Z,0,20.40,50,OK
2026-02-07T08:47:55.949Z,0,20.40,50,OK
2026-02-07T08:47:55.999Z,0,20.38,50,OK
2026-02-07T08:47:56.049Z,0,20.37,50,OK
2026-02-07T08:47:56.100Z,0,20.38,50,OK
2026-02-07T08:47:56.150Z,0,20.38,50,OK
2026-02-07T08:47:56.201Z,0,20.38,50,OK
2026-02-07T08:47:56.251Z,0,20.41,50,OK
2026-02-07T08:47:56.301Z,0,20.40,50,OK
2026-02-07T08:47:56.351Z,0,20.38,50,OK
2026-02-07T08:47:56.402Z,0,20.37,50,OK
2026-02-07T08:47:56.452Z,0,20.37,50,OK
2026-02-07T08:47:56.502Z,0,20.37,50,OK
2026-02-07T08:47:56.553Z,0,20.36,50,OK
2026-02-07T08:47:56.603Z,0,20.34,50,OK
2026-02-07T08:47:56.653Z,0,20.33,50,OK
2026-02-07T08:47:56.704Z,0,20.31,50,OK
2026-02-07T08:47:56.754Z,0,20.30,50,OK
2026-02-07T08:47:56.804Z,0,20.30,50,OK
2026-02-07T08:47:56.855Z,0,20.30,50,OK
2026-02-07T08:47:56.905Z,0,20.33,50,OK
2026-02-07T08:47:56.955Z,0,20.34,50,OK
2026-02-07T08:47:57.006Z,0,20.33,50,OK
2026-02-07T08:47:57.056Z,0,20.33,50,OK
2026-02-07T08:47:57.106Z,0,20.34,50,OK
2026-02-07T08:47:57.156Z,0,20.33,50,OK
2026-02-07T08:47:57.206Z,0,20.34,50,OK
2026-02-07T08:47:57.256Z,0,20.32,50,OK
2026-02-07T08:47:57.306Z,0,20.32,50,OK
2026-02-07T08:47:57.356Z,0,20.34,50,OK
2026-02-07T08:47:57.407Z,0,20.34,50,OK
2026-02-07T08:47:57.457Z,0,20.31,50,OK
2026-02-07T08:47:57.507Z,0,20.32,50,OK
2026-02-07T08:47:57.557Z,0,20.32,50,OK
2026-02-07T08:47:57.608Z,0,20.34,50,OK
2026-02-07T08:47:57.658Z,0,20.35,50,OK
2026-02-07T08:47:57.708Z,0,20.36,50,OK
2026-02-07T08:47:57.758Z,0,20.37,50,OK
2026-02-07T08:47:57.808Z,0,20.38,50,OK
2026-02-07T08:47:57.858Z,0,20.36,50,OK
2026-02-07T08:47:57.908Z,0,20.35,50,OK
2026-02-07T08:47:57.958Z,0,20.34,50,OK
2026-02-07T08:47:58.009Z,0,20.33,50,OK
2026-02-07T08:47:58.059Z,0,20.34,50,OK
2026-02-07T08:47:58.109Z,0,20.34,50,OK
2026-02-07T08:47:58.159Z,0,20.33,50,OK
2026-02-07T08:47:58.209Z,0,20.32,50,OK
2026-02-07T08:47:58.259Z,0,20.34,50,OK
2026-02-07T08:47:58.309Z,0,20.34,50,OK
2026-02-07T08:47:58.360Z,0,20.35,50,OK
2026-02-07T08:47:58.411Z,0,20.34,50,OK
2026-02-07T08:47:58.462Z,0,20.36,50,OK
2026-02-07T08:47:58.513Z,0,20.38,50,OK
2026-02-07T08:47:58.564Z,0,20.36,50,OK
2026-02-07T08:47:58.615Z,0,20.36,50,OK
2026-02-07T08:47:58.665Z,0,20.35,50,OK
2026-02-07T08:47:58.715Z,0,20.33,50,OK
2026-02-07T08:47:58.765Z,0,20.32,50,OK
2026-02-07T08:47:58.815Z,0,20.32,50,OK
2026-02-07T08:47:58.865Z,0,20.28,50,OK
2026-02-07T08:47:58.915Z,0,20.27,50,OK
2026-02-07T08:47:58.965Z,0,20.25,50,OK
2026-02-07T08:47:59.015Z,0,20.26,50,OK
2026-02-07T08:47:59.066Z,0,20.26,50,OK
2026-02-07T08:47:59.116Z,0,20.24,50,OK
2026-02-07T08:47:59.166Z,0,20.25,50,OK
2026-02-07T08:47:59.217Z,0,20.25,50,OK
2026-02-07T08:47:59.267Z,0,20.23,50,OK
2026-02-07T08:47:59.318Z,0,20.23,50,OK
2026-02-07T08:47:59.368Z,0,20.23,50,OK
2026-02-07T08:47:59.418Z,0,20.23,50,OK
2026-02-07T08:47:59.468Z,0,20.22,50,OK
2026-02-07T08:47:59.518Z,0,20.20,50,OK
2026-02-07T08:47:59.569Z,0,20.17,50,OK
2026-02-07T08:47:59.619Z,0,20.20,50,OK
2026-02-07T08:47:59.669Z,0,20.16,50,OK
2026-02-07T08:47:59.719Z,0,20.17,50,OK
2026-02-07T08:47:59.769Z,0,20.19,50,OK
2026-02-07T08:47:59.820Z,0,20.20,50,OK
2026-02-07T08:47:59.870Z,0,20.22,50,OK
2026-02-07T08:47:59.920Z,0,20.23,50,OK
2026-02-07T08:47:59.970Z,0,20.27,50,OK
2026-02-07T08:48:00.020Z,0,20.26,50,OK
2026-02-07T08:48:00.071Z,0,20.20,50,OK
2026-02-07T08:48:00.121Z,0,20.20,50,OK
2026-02-07T08:48:00.171Z,0,20.23,50,OK
2026-02-07T08:48:00.221Z,0,20.23,50,OK
2026-02-07T08:48:00.271Z,0,20.21,50,OK
2026-02-07T08:48:00.321Z,0,20.18,50,OK
2026-02-07T08:48:00.371Z,0,20.19,50,OK
2026-02-07T08:48:00.421Z,0,20.18,50,OK
2026-02-07T08:48:00.471Z,0,20.16,50,OK
2026-02-07T08:48:00.521Z,0,20.18,50,OK
2026-02-07T08:48:00.571Z,0,20.28,50,OK
2026-02-07T08:48:00.621Z,0,20.26,50,OK
2026-02-07T08:48:00.671Z,0,20.27,50,OK
2026-02-07T08:48:00.722Z,0,20.27,50,OK
2026-02-07T08:48:00.768Z,0,20.25,50,OK
2026-02-07T08:48:00.819Z,0,20.25,50,OK
2026-02-07T08:48:00.870Z,0,20.25,50,OK
2026-02-07T08:48:00.920Z,0,20.25,50,OK
2026-02-07T08:48:00.971Z,0,20.25,50,OK
2026-02-07T08:48:01.021Z,0,20.23,50,OK
2026-02-07T08:48:01.072Z,0,20.21,50,OK
2026-02-07T08:48:01.122Z,0,20.22,50,OK
2026-02-07T08:48:01.172Z,0,20.23,50,OK
2026-02-07T08:48:01.222Z,0,20.23,50,OK
2026-02-07T08:48:01.273Z,0,20.26,50,OK
2026-02-07T08:48:01.323Z,0,20.27,50,OK
2026-02-07T08:48:01.374Z,0,20.31,50,OK
2026-02-07T08:48:01.424Z,0,20.31,50,OK
2026-02-07T08:48:01.475Z,0,20.34,50,OK
2026-02-07T08:48:01.525Z,0,20.34,50,OK
2026-02-07T08:48:01.575Z,0,20.37,50,OK
2026-02-07T08:48:01.625Z,0,20.37,50,OK
2026-02-07T08:48:01.676Z,0,20.34,50,OK
2026-02-07T08:48:01.726Z,0,20.33,50,OK
2026-02-07T08:48:01.776Z,0,20.35,50,OK
2026-02-07T08:48:01.826Z,0,20.35,50,OK
2026-02-07T08:48:01.877Z,0,20.34,50,OK
2026-02-07T08:48:01.927Z,0,20.35,50,OK
2026-02-07T08:48:01.978Z,0,20.33,50,OK
2026-02-07T08:48:02.029Z,0,20.35,50,OK
2026-02-07T08:48:02.080Z,0,20.33,50,OK
2026-02-07T08:48:02.131Z,0,20.36,50,OK
2026-02-07T08:48:02.182Z,0,20.40,50,OK
2026-02-07T08:48:02.232Z,0,20.42,50,OK
2026-02-07T08:48:02.282Z,0,20.37,50,OK
2026-02-07T08:48:02.332Z,0,20.40,50,OK
2026-02-07T08:48:02.383Z,0,20.39,50,OK
2026-02-07T08:48:02.434Z,0,20.39,50,OK
2026-02-07T08:48:02.485Z,0,20.40,50,OK
2026-02-07T08:48:02.536Z,0,20.44,50,OK
2026-02-07T08:48:02.587Z,0,20.45,50,OK
2026-02-07T08:48:02.637Z,0,20.44,50,OK
2026-02-07T08:48:02.687Z,0,20.33,50,OK
2026-02-07T08:48:02.738Z,0,20.31,50,OK
2026-02-07T08:48:02.788Z,0,20.33,50,OK
2026-02-07T08:48:02.838Z,0,20.29,50,OK
2026-02-07T08:48:02.889Z,0,20.29,50,OK
2026-02-07T08:48:02.939Z,0,20.30,50,OK
2026-02-07T08:48:02.989Z,0,20.20,50,OK
2026-02-07T08:48:03.039Z,0,20.18,50,OK
2026-02-07T08:48:03.089Z,0,20.21,50,OK
2026-02-07T08:48:03.139Z,0,20.22,50,OK
2026-02-07T08:48:03.190Z,0,20.27,50,OK
2026-02-07T08:48:03.240Z,0,20.29,50,OK
2026-02-07T08:48:03.290Z,0,20.22,50,OK
2026-02-07T08:48:03.340Z,0,20.25,50,OK
2026-02-07T08:48:03.391Z,0,20.27,50,OK
2026-02-07T08:48:03.441Z,0,20.26,50,OK
2026-02-07T08:48:03.491Z,0,20.29,50,OK
2026-02-07T08:48:03.542Z,0,20.27,50,OK
2026-02-07T08:48:03.592Z,0,20.16,50,OK
2026-02-07T08:48:03.642Z,0,20.14,50,OK
2026-02-07T08:48:03.693Z,0,20.15,50,OK
2026-02-07T08:48:03.744Z,0,20.15,50,OK
2026-02-07T08:48:03.794Z,0,20.25,50,OK
2026-02-07T08:48:03.844Z,0,20.24,50,OK
2026-02-07T08:48:03.894Z,0,20.29,50,OK
2026-02-07T08:48:03.945Z,0,20.29,50,OK
2026-02-07T08:48:03.996Z,0,20.34,50,OK
2026-02-07T08:48:04.046Z,0,20.33,50,OK
2026-02-07T08:48:04.097Z,0,20.39,50,OK
2026-02-07T08:48:04.147Z,0,20.39,50,OK
2026-02-07T08:48:04.197Z,0,20.50,50,OK
2026-02-07T08:48:04.248Z,0,20.47,50,OK
2026-02-07T08:48:04.298Z,0,20.44,50,OK
2026-02-07T08:48:04.348Z,0,20.45,50,OK
2026-02-07T08:48:04.398Z,0,20.34,50,OK
2026-02-07T08:48:04.448Z,0,20.33,50,OK
2026-02-07T08:48:04.498Z,0,20.38,50,OK
2026-02-07T08:48:04.548Z,0,20.37,50,OK
2026-02-07T08:48:04.598Z,0,20.38,50,OK
2026-02-07T08:48:04.649Z,0,20.37,50,OK
2026-02-07T08:48:04.699Z,0,20.30,50,OK
2026-02-07T08:48:04.749Z,0,20.30,50,OK
2026-02-07T08:48:04.800Z,0,20.33,50,OK
2026-02-07T08:48:04.851Z,0,20.30,50,OK
2026-02-07T08:48:04.901Z,0,20.39,50,OK
2026-02-07T08:48:04.951Z,0,20.37,50,OK
2026-02-07T08:48:05.001Z,0,20.27,50,OK
2026-02-07T08:48:05.051Z,0,20.30,50,OK
2026-02-07T08:48:05.102Z,0,20.30,50,OK
2026-02-07T08:48:05.152Z,0,20.29,50,OK
2026-02-07T08:48:05.202Z,0,20.33,50,OK
2026-02-07T08:48:05.252Z,0,20.35,50,OK
2026-02-07T08:48:05.303Z,0,20.25,50,OK
2026-02-07T08:48:05.353Z,0,20.28,50,OK
2026-02-07T08:48:05.404Z,0,20.25,50,OK
2026-02-07T08:48:05.455Z,0,20.26,50,OK
2026-02-07T08:48:05.506Z,0,20.36,50,OK
2026-02-07T08:48:05.557Z,0,20.34,50,OK
2026-02-07T08:48:05.607Z,0,20.39,50,OK
2026-02-07T08:48:05.658Z,0,20.40,50,OK
2026-02-07T08:48:05.708Z,0,20.30,50,OK
2026-02-07T08:48:05.759Z,0,20.29,50,OK
2026-02-07T08:48:05.809Z,0,20.27,50,OK
2026-02-07T08:48:05.860Z,0,20.28,50,OK
2026-02-07T08:48:05.910Z,0,20.30,50,OK
2026-02-07T08:48:05.960Z,0,20.32,50,OK
2026-02-07T08:48:06.010Z,0,20.20,50,OK
2026-02-07T08:48:06.060Z,0,20.23,50,OK
2026-02-07T08:48:06.110Z,0,20.21,50,OK
2026-02-07T08:48:06.160Z,0,20.21,50,OK
2026-02-07T08:48:06.210Z,0,20.31,50,OK
2026-02-07T08:48:06.260Z,0,20.31,50,OK
2026-02-07T08:48:06.311Z,0,20.37,50,OK
2026-02-07T08:48:06.362Z,0,20.35,50,OK
2026-02-07T08:48:06.413Z,0,20.32,50,OK
2026-02-07T08:48:06.463Z,0,20.31,50,OK
2026-02-07T08:48:06.513Z,0,20.39,50,OK
2026-02-07T08:48:06.563Z,0,20.35,50,OK
2026-02-07T08:48:06.614Z,0,20.33,50,OK
2026-02-07T08:48:06.664Z,0,20.34,50,OK
2026-02-07T08:48:06.714Z,0,20.32,50,OK
2026-02-07T08:48:06.764Z,0,20.33,50,OK
2026-02-07T08:48:06.814Z,0,20.36,50,OK
2026-02-07T08:48:06.865Z,0,20.35,50,OK
2026-02-07T08:48:06.915Z,0,20.33,50,OK
2026-02-07T08:48:06.965Z,0,20.33,50,OK
2026-02-07T08:48:07.015Z,0,20.32,50,OK
2026-02-07T08:48:07.066Z,0,20.31,50,OK
2026-02-07T08:48:07.116Z,0,20.31,50,OK
2026-02-07T08:48:07.166Z,0,20.30,50,OK
2026-02-07T08:48:07.216Z,0,20.23,50,OK
2026-02-07T08:48:07.266Z,0,20.23,50,OK
2026-02-07T08:48:07.316Z,0,20.26,50,OK
2026-02-07T08:48:07.367Z,0,20.26,50,OK
2026-02-07T08:48:07.418Z,0,20.31,50,OK
2026-02-07T08:48:07.469Z,0,20.32,50,OK
2026-02-07T08:48:07.519Z,0,20.29,50,OK
2026-02-07T08:48:07.569Z,0,20.30,50,OK
2026-02-07T08:48:07.619Z,0,20.29,50,OK
2026-02-07T08:48:07.669Z,0,20.30,50,OK
2026-02-07T08:48:07.719Z,0,20.36,50,OK
2026-02-07T08:48:07.769Z,0,20.39,50,OK
2026-02-07T08:48:07.819Z,0,20.34,50,OK
2026-02-07T08:48:07.870Z,0,20.35,50,OK
2026-02-07T08:48:07.920Z,0,20.32,50,OK
2026-02-07T08:48:07.971Z,0,20.32,50,OK
2026-02-07T08:48:08.022Z,0,20.36,50,OK
2026-02-07T08:48:08.073Z,0,20.36,50,OK
2026-02-07T08:48:08.123Z,0,20.36,50,OK
2026-02-07T08:48:08.174Z,0,20.35,50,OK
2026-02-07T08:48:08.224Z,0,20.35,50,OK
2026-02-07T08:48:08.275Z,0,20.31,50,OK
2026-02-07T08:48:08.325Z,0,20.36,50,OK
2026-02-07T08:48:08.375Z,0,20.35,50,OK
2026-02-07T08:48:08.425Z,0,20.31,50,OK
2026-02-07T08:48:08.476Z,0,20.32,50,OK
2026-02-07T08:48:08.526Z,0,20.33,50,OK
2026-02-07T08:48:08.576Z,0,20.34,50,OK
2026-02-07T08:48:08.626Z,0,20.35,50,OK
2026-02-07T08:48:08.676Z,0,20.34,50,OK
2026-02-07T08:48:08.726Z,0,20.37,50,OK
2026-02-07T08:48:08.776Z,0,20.38,50,OK
2026-02-07T08:48:08.827Z,0,20.38,50,OK
2026-02-07T08:48:08.877Z,0,20.40,50,OK
2026-02-07T08:48:08.927Z,0,20.33,50,OK
2026-02-07T08:48:08.977Z,0,20.33,50,OK
2026-02-07T08:48:09.027Z,0,20.33,50,OK
2026-02-07T08:48:09.077Z,0,20.31,50,OK
2026-02-07T08:48:09.127Z,0,20.31,50,OK
2026-02-07T08:48:09.177Z,0,20.30,50,OK
2026-02-07T08:48:09.227Z,0,20.28,50,OK
2026-02-07T08:48:09.277Z,0,20.27,50,OK
2026-02-07T08:48:09.328Z,0,20.25,50,OK
2026-02-07T08:48:09.379Z,0,20.22,50,OK
2026-02-07T08:48:09.430Z,0,20.30,50,OK
2026-02-07T08:48:09.480Z,0,20.29,50,OK
2026-02-07T08:48:09.530Z,0,20.27,50,OK
2026-02-07T08:48:09.580Z,0,20.28,50,OK
2026-02-07T08:48:09.631Z,0,20.27,50,OK
2026-02-07T08:48:09.681Z,0,20.28,50,OK
2026-02-07T08:48:09.731Z,0,20.27,50,OK
2026-02-07T08:48:09.782Z,0,20.26,50,OK
2026-02-07T08:48:09.832Z,0,20.25,50,OK
2026-02-07T08:48:09.884Z,0,20.26,50,OK
2026-02-07T08:48:09.934Z,0,20.25,50,OK
2026-02-07T08:48:09.984Z,0,20.25,50,OK
2026-02-07T08:48:10.034Z,0,20.25,50,OK
2026-02-07T08:48:10.084Z,0,20.25,50,OK
2026-02-07T08:48:10.135Z,0,20.24,50,OK
2026-02-07T08:48:10.185Z,0,20.25,50,OK
2026-02-07T08:48:10.236Z,0,20.26,50,OK
2026-02-07T08:48:10.286Z,0,20.27,50,OK
2026-02-07T08:48:10.336Z,0,20.28,50,OK
2026-02-07T08:48:10.386Z,0,20.28,50,OK
2026-02-07T08:48:10.436Z,0,20.30,50,OK
2026-02-07T08:48:10.486Z,0,20.30,50,OK
2026-02-07T08:48:10.536Z,0,20.30,50,OK
2026-02-07T08:48:10.587Z,0,20.30,50,OK
2026-02-07T08:48:10.637Z,0,20.32,50,OK
2026-02-07T08:48:10.688Z,0,20.31,50,OK
2026-02-07T08:48:10.738Z,0,20.30,50,OK
2026-02-07T08:48:10.789Z,0,20.31,50,OK
2026-02-07T08:48:10.839Z,0,20.30,50,OK
2026-02-07T08:48:10.889Z,0,20.31,50,OK
2026-02-07T08:48:10.939Z,0,20.31,50,OK
2026-02-07T08:48:10.990Z,0,20.32,50,OK
2026-02-07T08:48:11.040Z,0,20.33,50,OK
2026-02-07T08:48:11.090Z,0,20.35,50,OK
2026-02-07T08:48:11.140Z,0,20.35,50,OK
2026-02-07T08:48:11.190Z,0,20.34,50,OK
2026-02-07T08:48:11.240Z,0,20.34,50,OK
2026-02-07T08:48:11.290Z,0,20.33,50,OK
2026-02-07T08:48:11.340Z,0,20.30,50,OK
2026-02-07T08:48:11.390Z,0,20.28,50,OK
2026-02-07T08:48:11.440Z,0,20.28,50,OK
2026-02-07T08:48:11.490Z,0,20.27,50,OK
2026-02-07T08:48:11.541Z,0,20.27,50,OK
2026-02-07T08:48:11.592Z,0,20.25,50,OK
2026-02-07T08:48:11.642Z,0,20.25,50,OK
2026-02-07T08:48:11.693Z,0,20.25,50,OK
2026-02-07T08:48:11.743Z,0,20.27,50,OK
2026-02-07T08:48:11.794Z,0,20.28,50,OK
2026-02-07T08:48:11.844Z,0,20.33,50,OK
2026-02-07T08:48:11.895Z,0,20.34,50,OK
2026-02-07T08:48:11.945Z,0,20.33,50,OK
2026-02-07T08:48:11.995Z,0,20.35,50,OK
2026-02-07T08:48:12.045Z,0,20.34,50,OK
2026-02-07T08:48:12.096Z,0,20.35,50,OK
2026-02-07T08:48:12.146Z,0,20.32,50,OK
2026-02-07T08:48:12.196Z,0,20.35,50,OK
2026-02-07T08:48:12.246Z,0,20.33,50,OK
2026-02-07T08:48:12.297Z,0,20.32,50,OK
2026-02-07T08:48:12.347Z,0,20.31,50,OK
2026-02-07T08:48:12.397Z,0,20.31,50,OK
2026-02-07T08:48:12.447Z,0,20.31,50,OK
2026-02-07T08:48:12.497Z,0,20.30,50,OK
2026-02-07T08:48:12.548Z,0,20.31,50,OK
2026-02-07T08:48:12.599Z,0,20.31,50,OK
2026-02-07T08:48:12.649Z,0,20.31,50,OK
2026-02-07T08:48:12.700Z,0,20.29,50,OK
2026-02-07T08:48:12.750Z,0,20.29,50,OK
2026-02-07T08:48:12.800Z,0,20.29,50,OK
2026-02-07T08:48:12.851Z,0,20.31,50,OK
2026-02-07T08:48:12.902Z,0,20.31,50,OK
2026-02-07T08:48:12.952Z,0,20.32,50,OK
2026-02-07T08:48:13.003Z,0,20.33,50,OK
2026-02-07T08:48:13.053Z,0,20.34,50,OK
2026-02-07T08:48:13.103Z,0,20.34,50,OK
2026-02-07T08:48:13.154Z,0,20.34,50,OK
2026-02-07T08:48:13.204Z,0,20.36,50,OK
2026-02-07T08:48:13.254Z,0,20.38,50,OK
2026-02-07T08:48:13.305Z,0,20.41,50,OK
2026-02-07T08:48:13.355Z,0,20.39,50,OK
2026-02-07T08:48:13.406Z,0,20.38,50,OK
2026-02-07T08:48:13.457Z,0,20.35,50,OK
2026-02-07T08:48:13.508Z,0,20.34,50,OK
2026-02-07T08:48:13.559Z,0,20.33,50,OK
2026-02-07T08:48:13.609Z,0,20.32,50,OK
2026-02-07T08:48:13.659Z,0,20.34,50,OK
2026-02-07T08:48:13.710Z,0,20.34,50,OK
2026-02-07T08:48:13.759Z,0,20.34,50,OK
2026-02-07T08:48:13.810Z,0,20.34,50,OK
2026-02-07T08:48:13.861Z,0,20.34,50,OK
2026-02-07T08:48:13.911Z,0,20.35,50,OK
2026-02-07T08:48:13.961Z,0,20.37,50,OK
2026-02-07T08:48:14.012Z,0,20.38,50,OK
2026-02-07T08:48:14.063Z,0,20.40,50,OK
2026-02-07T08:48:14.114Z,0,20.42,50,OK
2026-02-07T08:48:14.165Z,0,20.39,50,OK
2026-02-07T08:48:14.216Z,0,20.41,50,OK
2026-02-07T08:48:14.267Z,0,20.39,50,OK
2026-02-07T08:48:14.317Z,0,20.37,50,OK
2026-02-07T08:48:14.366Z,0,20.38,50,OK
2026-02-07T08:48:14.416Z,0,20.39,50,OK
2026-02-07T08:48:14.467Z,0,20.39,50,OK
2026-02-07T08:48:14.517Z,0,20.39,50,OK
2026-02-07T08:48:14.568Z,0,20.38,50,OK
2026-02-07T08:48:14.618Z,0,20.37,50,OK
2026-02-07T08:48:14.670Z,0,20.38,50,OK
2026-02-07T08:48:14.720Z,0,20.36,50,OK
2026-02-07T08:48:14.770Z,0,20.35,50,OK
2026-02-07T08:48:14.820Z,0,20.34,50,OK
2026-02-07T08:48:14.870Z,0,20.33,50,OK
2026-02-07T08:48:14.920Z,0,20.30,50,OK
2026-02-07T08:48:14.970Z,0,20.29,50,OK
2026-02-07T08:48:15.020Z,0,20.28,50,OK
2026-02-07T08:48:15.070Z,0,20.28,50,OK
2026-02-07T08:48:15.121Z,0,20.27,50,OK
2026-02-07T08:48:15.171Z,0,20.28,50,OK
2026-02-07T08:48:15.222Z,0,20.27,50,OK
2026-02-07T08:48:15.272Z,0,20.29,50,OK
2026-02-07T08:48:15.323Z,0,20.29,50,OK
2026-02-07T08:48:15.373Z,0,20.29,50,OK
2026-02-07T08:48:15.423Z,0,20.29,50,OK
2026-02-07T08:48:15.474Z,0,20.28,50,OK
2026-02-07T08:48:15.524Z,0,20.27,50,OK
2026-02-07T08:48:15.574Z,0,20.26,50,OK
2026-02-07T08:48:15.624Z,0,20.26,50,OK
2026-02-07T08:48:15.674Z,0,20.25,50,OK
2026-02-07T08:48:15.725Z,0,20.27,50,OK
2026-02-07T08:48:15.776Z,0,20.26,50,OK
2026-02-07T08:48:15.826Z,0,20.26,50,OK
2026-02-07T08:48:15.876Z,0,20.26,50,OK
2026-02-07T08:48:15.926Z,0,20.28,50,OK
2026-02-07T08:48:15.976Z,0,20.28,50,OK
2026-02-07T08:48:16.026Z,0,20.30,50,OK
2026-02-07T08:48:16.077Z,0,20.29,50,OK
2026-02-07T08:48:16.128Z,0,20.29,50,OK
2026-02-07T08:48:16.179Z,0,20.29,50,OK
2026-02-07T08:48:16.230Z,0,20.20,50,OK
2026-02-07T08:48:16.280Z,0,20.20,50,OK
2026-02-07T08:48:16.330Z,0,20.17,50,OK
2026-02-07T08:48:16.380Z,0,20.17,50,OK
2026-02-07T08:48:16.430Z,0,20.17,50,OK
2026-02-07T08:48:16.480Z,0,20.21,50,OK
2026-02-07T08:48:16.530Z,0,20.18,50,OK
2026-02-07T08:48:16.580Z,0,20.19,50,OK
2026-02-07T08:48:16.630Z,0,20.20,50,OK
2026-02-07T08:48:16.681Z,0,20.20,50,OK
2026-02-07T08:48:16.731Z,0,20.27,50,OK
2026-02-07T08:48:16.781Z,0,20.27,50,OK
2026-02-07T08:48:16.831Z,0,20.30,50,OK
2026-02-07T08:48:17.003Z,0,33.84,50,OK
2026-02-07T08:48:17.054Z,0,33.85,50,OK
2026-02-07T08:48:17.105Z,0,33.82,50,OK
2026-02-07T08:48:17.155Z,0,33.83,50,OK
2026-02-07T08:48:17.205Z,0,33.85,50,OK
2026-02-07T08:48:17.256Z,0,33.83,50,OK
2026-02-07T08:48:17.306Z,0,33.86,50,OK
2026-02-07T08:48:17.356Z,0,33.86,50,OK
2026-02-07T08:48:17.406Z,0,33.86,50,OK
2026-02-07T08:48:17.457Z,0,33.87,50,OK
2026-02-07T08:48:17.508Z,0,20.33,50,OK
2026-02-07T08:48:17.558Z,0,20.31,50,OK
2026-02-07T08:48:17.608Z,0,20.30,50,OK
2026-02-07T08:48:17.658Z,0,20.31,50,OK
2026-02-07T08:48:17.709Z,0,20.29,50,OK
2026-02-07T08:48:17.759Z,0,20.31,50,OK
2026-02-07T08:48:17.810Z,0,20.32,50,OK
2026-02-07T08:48:17.860Z,0,20.32,50,OK
2026-02-07T08:48:17.910Z,0,20.33,50,OK
2026-02-07T08:48:17.960Z,0,20.30,50,OK
2026-02-07T08:48:18.011Z,0,20.30,50,OK
2026-02-07T08:48:18.061Z,0,20.31,50,OK
2026-02-07T08:48:18.111Z,0,20.32,50,OK
2026-02-07T08:48:18.161Z,0,20.31,50,OK
2026-02-07T08:48:18.211Z,0,20.32,50,OK
2026-02-07T08:48:18.261Z,0,20.31,50,OK
2026-02-07T08:48:18.311Z,0,20.29,50,OK
2026-02-07T08:48:18.362Z,0,20.27,50,OK
2026-02-07T08:48:18.412Z,0,20.27,50,OK
2026-02-07T08:48:18.461Z,0,20.28,50,OK
2026-02-07T08:48:18.511Z,0,20.30,50,OK
2026-02-07T08:48:18.562Z,0,20.28,50,OK
2026-02-07T08:48:18.612Z,0,20.23,50,OK
2026-02-07T08:48:18.662Z,0,20.23,50,OK
2026-02-07T08:48:18.712Z,0,20.24,50,OK
2026-02-07T08:48:18.763Z,0,20.22,50,OK
2026-02-07T08:48:18.813Z,0,20.24,50,OK
2026-02-07T08:48:18.863Z,0,20.25,50,OK
2026-02-07T08:48:18.913Z,0,20.23,50,OK
2026-02-07T08:48:18.963Z,0,20.22,50,OK
2026-02-07T08:48:19.013Z,0,20.24,50,OK
2026-02-07T08:48:19.063Z,0,20.23,50,OK
2026-02-07T08:48:19.113Z,0,20.29,50,OK
2026-02-07T08:48:19.163Z,0,20.29,50,OK
2026-02-07T08:48:19.214Z,0,20.27,50,OK
2026-02-07T08:48:19.264Z,0,20.27,50,OK
2026-02-07T08:48:19.315Z,0,20.25,50,OK
2026-02-07T08:48:19.365Z,0,20.26,50,OK
2026-02-07T08:48:19.416Z,0,20.28,50,OK
2026-02-07T08:48:19.466Z,0,20.29,50,OK
2026-02-07T08:48:19.516Z,0,20.25,50,OK
2026-02-07T08:48:19.566Z,0,20.26,50,OK
2026-02-07T08:48:19.617Z,0,20.23,50,OK
2026-02-07T08:48:19.667Z,0,20.25,50,OK
2026-02-07T08:48:19.717Z,0,20.25,50,OK
2026-02-07T08:48:19.768Z,0,20.27,50,OK
2026-02-07T08:48:19.818Z,0,20.27,50,OK
2026-02-07T08:48:19.868Z,0,20.26,50,OK
2026-02-07T08:48:19.918Z,0,20.27,50,OK
2026-02-07T08:48:19.968Z,0,20.26,50,OK
2026-02-07T08:48:20.018Z,0,20.22,50,OK
2026-02-07T08:48:20.068Z,0,20.21,50,OK
2026-02-07T08:48:20.118Z,0,20.23,50,OK
2026-02-07T08:48:20.168Z,0,20.24,50,OK
2026-02-07T08:48:20.218Z,0,20.23,50,OK
2026-02-07T08:48:20.268Z,0,20.21,50,OK
2026-02-07T08:48:20.318Z,0,20.18,50,OK
2026-02-07T08:48:20.369Z,0,20.17,50,OK
2026-02-07T08:48:20.419Z,0,20.19,50,OK
2026-02-07T08:48:20.469Z,0,20.21,50,OK
2026-02-07T08:48:20.519Z,0,20.26,50,OK
2026-02-07T08:48:20.570Z,0,20.26,50,OK
2026-02-07T08:48:20.620Z,0,20.26,50,OK
2026-02-07T08:48:20.670Z,0,20.24,50,OK
2026-02-07T08:48:20.720Z,0,20.19,50,OK
2026-02-07T08:48:20.771Z,0,20.20,50,OK
2026-02-07T08:48:20.822Z,0,20.24,50,OK
2026-02-07T08:48:20.872Z,0,20.25,50,OK
2026-02-07T08:48:20.922Z,0,20.25,50,OK
2026-02-07T08:48:20.972Z,0,20.25,50,OK
2026-02-07T08:48:21.022Z,0,20.22,50,OK
2026-02-07T08:48:21.072Z,0,20.21,50,OK
2026-02-07T08:48:21.122Z,0,20.19,50,OK
2026-02-07T08:48:21.172Z,0,20.21,50,OK
2026-02-07T08:48:21.222Z,0,20.26,50,OK
2026-02-07T08:48:21.272Z,0,20.25,50,OK
2026-02-07T08:48:21.323Z,0,20.28,50,OK
2026-02-07T08:48:21.373Z,0,20.17,50,OK
2026-02-07T08:48:21.423Z,0,20.12,50,OK
2026-02-07T08:48:21.474Z,0,20.15,50,OK
2026-02-07T08:48:21.525Z,0,20.19,50,OK
2026-02-07T08:48:21.575Z,0,20.20,50,OK
2026-02-07T08:48:21.626Z,0,20.20,50,OK
2026-02-07T08:48:21.676Z,0,20.18,50,OK
2026-02-07T08:48:21.726Z,0,20.18,50,OK
2026-02-07T08:48:21.777Z,0,20.18,50,OK
2026-02-07T08:48:21.827Z,0,20.13,50,OK
2026-02-07T08:48:21.878Z,0,20.24,50,OK
2026-02-07T08:48:21.928Z,0,20.23,50,OK
2026-02-07T08:48:21.978Z,0,20.21,50,OK
2026-02-07T08:48:22.028Z,0,20.25,50,OK
2026-02-07T08:48:22.078Z,0,20.23,50,OK
2026-02-07T08:48:22.128Z,0,20.23,50,OK
2026-02-07T08:48:22.179Z,0,20.24,50,OK
2026-02-07T08:48:22.229Z,0,20.23,50,OK
2026-02-07T08:48:22.280Z,0,20.22,50,OK
2026-02-07T08:48:22.330Z,0,20.21,50,OK
2026-02-07T08:48:22.381Z,0,20.19,50,OK
2026-02-07T08:48:22.431Z,0,20.21,50,OK
2026-02-07T08:48:22.481Z,0,20.22,50,OK
2026-02-07T08:48:22.532Z,0,20.16,50,OK
2026-02-07T08:48:22.582Z,0,20.17,50,OK
2026-02-07T08:48:22.632Z,0,20.16,50,OK
2026-02-07T08:48:22.682Z,0,20.18,50,OK
2026-02-07T08:48:22.732Z,0,20.19,50,OK
2026-02-07T08:48:22.782Z,0,20.19,50,OK
2026-02-07T08:48:22.832Z,0,20.22,50,OK
2026-02-07T08:48:22.882Z,0,20.22,50,OK
2026-02-07T08:48:22.932Z,0,20.25,50,OK
2026-02-07T08:48:22.982Z,0,20.23,50,OK
2026-02-07T08:48:23.032Z,0,20.25,50,OK
2026-02-07T08:48:23.082Z,0,20.24,50,OK
2026-02-07T08:48:23.132Z,0,20.30,50,OK
2026-02-07T08:48:23.182Z,0,20.27,50,OK
2026-02-07T08:48:23.232Z,0,20.36,50,OK
2026-02-07T08:48:23.283Z,0,20.37,50,OK
2026-02-07T08:48:23.334Z,1,20.34,50,OK
2026-02-07T08:48:23.384Z,1,20.36,50,OK
2026-02-07T08:48:23.435Z,1,20.34,50,OK
2026-02-07T08:48:23.485Z,1,20.37,50,OK
2026-02-07T08:48:23.602Z,1,28.43,50,OK
2026-02-07T08:48:23.652Z,1,28.46,50,OK
2026-02-07T08:48:23.702Z,1,28.44,50,OK
2026-02-07T08:48:23.753Z,1,28.45,50,OK
2026-02-07T08:48:23.803Z,1,28.35,50,OK
2026-02-07T08:48:23.853Z,1,28.34,50,OK
2026-02-07T08:48:23.905Z,1,28.35,50,OK
2026-02-07T08:48:23.955Z,1,28.36,50,OK
2026-02-07T08:48:24.005Z,1,28.43,50,OK
2026-02-07T08:48:24.056Z,1,28.41,50,OK
2026-02-07T08:48:24.106Z,1,20.34,50,OK
2026-02-07T08:48:24.156Z,1,20.32,50,OK
2026-02-07T08:48:24.206Z,2,20.33,50,OK
2026-02-07T08:48:24.256Z,1,20.28,50,OK
2026-02-07T08:48:24.306Z,1,20.28,50,OK
2026-02-07T08:48:24.357Z,1,20.30,50,OK
2026-02-07T08:48:24.407Z,1,20.29,50,OK
2026-02-07T08:48:24.457Z,1,20.29,50,OK
2026-02-07T08:48:24.508Z,1,20.24,50,OK
2026-02-07T08:48:24.558Z,1,20.13,50,OK
2026-02-07T08:48:24.802Z,1,20.09,50,OK
2026-02-07T08:48:24.852Z,1,20.12,50,OK
2026-02-07T08:48:24.903Z,1,20.07,50,OK
2026-02-07T08:48:24.953Z,1,20.13,50,OK
2026-02-07T08:48:25.003Z,1,20.15,50,OK
2026-02-07T08:48:25.053Z,2,20.19,50,OK
2026-02-07T08:48:25.104Z,2,20.20,50,OK
2026-02-07T08:48:25.154Z,2,20.19,50,OK
2026-02-07T08:48:25.204Z,2,20.18,50,OK
2026-02-07T08:48:25.405Z,2,68.25,25,OK
2026-02-07T08:48:25.455Z,1,20.18,26,OK
2026-02-07T08:48:25.505Z,1,20.21,27,OK
2026-02-07T08:48:25.555Z,1,20.31,28,OK
2026-02-07T08:48:25.605Z,1,20.28,29,OK
2026-02-07T08:48:25.655Z,1,20.26,30,OK
2026-02-07T08:48:25.706Z,1,20.25,31,OK
2026-02-07T08:48:25.756Z,1,20.27,32,OK
2026-02-07T08:48:25.808Z,2,20.26,33,OK
2026-02-07T08:48:25.858Z,1,20.26,34,OK
2026-02-07T08:48:25.908Z,1,20.25,35,OK
2026-02-07T08:48:25.959Z,1,20.26,36,OK
2026-02-07T08:48:26.009Z,1,20.27,37,OK
2026-02-07T08:48:26.059Z,2,20.23,38,OK
2026-02-07T08:48:26.109Z,2,20.24,39,OK
2026-02-07T08:48:26.160Z,2,20.25,40,OK
2026-02-07T08:48:26.211Z,2,20.26,41,OK
2026-02-07T08:48:26.261Z,2,20.27,42,OK
2026-02-07T08:48:26.312Z,2,20.27,43,OK
2026-02-07T08:48:26.363Z,2,20.28,44,OK
2026-02-07T08:48:26.414Z,3,20.29,45,OK
2026-02-07T08:48:26.465Z,2,20.29,46,OK
2026-02-07T08:48:26.515Z,2,20.29,47,OK
2026-02-07T08:48:26.565Z,2,20.42,48,OK
2026-02-07T08:48:26.615Z,2,20.42,49,OK
2026-02-07T08:48:26.665Z,2,20.41,50,OK
2026-02-07T08:48:26.716Z,2,20.40,50,OK
2026-02-07T08:48:26.765Z,2,20.37,50,OK
2026-02-07T08:48:26.815Z,3,20.38,50,OK
2026-02-07T08:48:27.183Z,2,20.38,50,OK
2026-02-07T08:48:27.233Z,1,20.24,50,OK
2026-02-07T08:48:27.283Z,1,20.23,50,OK
2026-02-07T08:48:27.333Z,1,20.23,50,OK
2026-02-07T08:48:27.384Z,1,20.10,50,OK
2026-02-07T08:48:27.435Z,2,20.10,50,OK
2026-02-07T08:48:27.485Z,1,20.09,50,OK
2026-02-07T08:48:27.536Z,1,20.13,50,OK
2026-02-07T08:48:27.587Z,1,20.12,50,OK
2026-02-07T08:48:27.637Z,1,20.14,50,OK
2026-02-07T08:48:27.687Z,1,20.13,50,OK
2026-02-07T08:48:27.738Z,1,20.29,50,OK
2026-02-07T08:48:28.082Z,1,51.05,50,OK
2026-02-07T08:48:28.132Z,0,51.05,50,OK
2026-02-07T08:48:28.182Z,0,51.07,50,OK
2026-02-07T08:48:28.232Z,0,51.06,50,OK
2026-02-07T08:48:28.283Z,0,51.06,50,OK
2026-02-07T08:48:28.333Z,0,51.03,50,OK
2026-02-07T08:48:28.384Z,0,51.01,50,OK
2026-02-07T08:48:28.434Z,1,51.04,50,OK
2026-02-07T08:48:28.485Z,1,51.04,50,OK
2026-02-07T08:48:28.535Z,1,51.02,50,OK
2026-02-07T08:48:28.585Z,1,20.28,50,OK
2026-02-07T08:48:28.635Z,1,20.28,50,OK
2026-02-07T08:48:28.686Z,1,20.27,50,OK
2026-02-07T08:48:28.737Z,1,20.28,50,OK
2026-02-07T08:48:28.788Z,1,20.29,50,OK
2026-02-07T08:48:28.838Z,1,20.29,50,OK
2026-02-07T08:48:28.888Z,1,20.37,50,OK
2026-02-07T08:48:28.938Z,1,20.33,50,OK
2026-02-07T08:48:28.988Z,1,20.33,50,OK
2026-02-07T08:48:29.039Z,1,20.32,50,OK
2026-02-07T08:48:29.091Z,2,20.32,50,OK
2026-02-07T08:48:29.141Z,1,20.30,50,OK
2026-02-07T08:48:29.191Z,1,20.29,50,OK
2026-02-07T08:48:29.590Z,1,57.57,50,OK
2026-02-07T08:48:29.640Z,1,57.51,50,OK
2026-02-07T08:48:29.690Z,1,57.50,50,OK
2026-02-07T08:48:29.740Z,1,57.48,50,OK
2026-02-07T08:48:29.790Z,1,57.47,50,OK
2026-02-07T08:48:29.840Z,1,57.47,50,OK
2026-02-07T08:48:29.891Z,1,57.50,50,OK
2026-02-07T08:48:29.941Z,1,57.51,50,OK
2026-02-07T08:48:29.991Z,1,57.52,50,OK
2026-02-07T08:48:30.041Z,1,57.55,50,OK
2026-02-07T08:48:30.092Z,1,20.27,50,OK
2026-02-07T08:48:30.142Z,1,20.32,50,OK
2026-02-07T08:48:30.192Z,1,20.33,50,OK
2026-02-07T08:48:30.242Z,1,20.32,50,OK
2026-02-07T08:48:30.293Z,1,20.32,50,OK
2026-02-07T08:48:30.344Z,1,20.32,50,OK
2026-02-07T08:48:30.394Z,1,20.31,50,OK
2026-02-07T08:48:30.444Z,0,20.26,50,OK
2026-02-07T08:48:30.495Z,0,20.25,50,OK
2026-02-07T08:48:30.545Z,0,20.24,50,OK
2026-02-07T08:48:30.597Z,1,20.24,50,OK
2026-02-07T08:48:30.647Z,1,20.28,50,OK
2026-02-07T08:48:30.698Z,1,20.27,50,OK
2026-02-07T08:48:30.748Z,1,20.25,50,OK
2026-02-07T08:48:30.796Z,1,20.25,50,OK
2026-02-07T08:48:30.846Z,1,20.26,50,OK
2026-02-07T08:48:30.897Z,1,20.28,50,OK
2026-02-07T08:48:30.948Z,1,20.31,50,OK
2026-02-07T08:48:30.998Z,1,20.32,50,OK
2026-02-07T08:48:31.048Z,1,20.30,50,OK
2026-02-07T08:48:31.098Z,1,20.29,50,OK
2026-02-07T08:48:31.149Z,2,20.28,50,OK
2026-02-07T08:48:31.199Z,2,20.27,50,OK
2026-02-07T08:48:31.766Z,2,68.25,25,OK
2026-02-07T08:48:32.093Z,8,500.00,12,OK
2026-02-07T08:48:32.368Z,4,274.07,6,OK
2026-02-07T08:48:32.418Z,4,20.29,7,OK
2026-02-07T08:48:32.469Z,4,20.30,8,OK
2026-02-07T08:48:32.519Z,4,20.28,9,OK
2026-02-07T08:48:32.569Z,4,20.30,10,OK
2026-02-07T08:48:32.619Z,3,20.40,11,OK
2026-02-07T08:48:32.668Z,3,20.40,12,OK
2026-02-07T08:48:32.719Z,3,20.37,13,OK
2026-02-07T08:48:32.770Z,3,20.37,14,OK
2026-02-07T08:48:32.820Z,3,20.35,15,OK
2026-02-07T08:48:32.870Z,4,20.37,16,OK
2026-02-07T08:48:32.920Z,4,20.36,17,OK
2026-02-07T08:48:32.970Z,4,20.35,18,OK
2026-02-07T08:48:33.021Z,4,20.38,19,OK
2026-02-07T08:48:33.071Z,4,20.40,20,OK
2026-02-07T08:48:33.205Z,6,24.74,20,OK
2026-02-07T08:48:33.270Z,9,72.70,10,OK
2026-02-07T08:48:33.321Z,5,19.41,11,OK
2026-02-07T08:48:33.372Z,6,19.85,12,OK
2026-02-07T08:48:33.585Z,5,84.25,6,OK
2026-02-07T08:48:33.635Z,5,20.41,7,OK
2026-02-07T08:48:33.686Z,5,20.35,8,OK
2026-02-07T08:48:33.736Z,5,20.42,9,OK
2026-02-07T08:48:33.786Z,4,20.13,10,OK
2026-02-07T08:48:33.835Z,4,20.21,11,OK
2026-02-07T08:48:33.886Z,4,20.24,12,OK
2026-02-07T08:48:33.936Z,4,20.26,13,OK
2026-02-07T08:48:33.985Z,4,20.25,14,OK
2026-02-07T08:48:34.035Z,4,20.25,15,OK
2026-02-07T08:48:34.086Z,4,20.25,16,OK
2026-02-07T08:48:34.136Z,3,20.19,17,OK
2026-02-07T08:48:34.186Z,3,20.22,18,OK
2026-02-07T08:48:34.236Z,4,20.20,19,OK
2026-02-07T08:48:34.287Z,4,20.28,20,OK
2026-02-07T08:48:34.338Z,4,20.24,21,OK
2026-02-07T08:48:34.512Z,4,26.81,21,OK
2026-02-07T08:48:34.562Z,4,26.79,21,OK
2026-02-07T08:48:34.612Z,4,26.74,21,OK
2026-02-07T08:48:34.663Z,4,26.72,21,OK
2026-02-07T08:48:34.713Z,4,26.73,21,OK
2026-02-07T08:48:34.890Z,4,40.45,21,OK
2026-02-07T08:48:34.941Z,3,40.42,21,OK
2026-02-07T08:48:34.992Z,3,40.41,21,OK
2026-02-07T08:48:35.043Z,3,40.43,21,OK
2026-02-07T08:48:35.093Z,3,40.47,21,OK
2026-02-07T08:48:35.200Z,3,81.87,10,OK
2026-02-07T08:48:35.249Z,2,20.29,11,OK
2026-02-07T08:48:35.300Z,1,20.61,12,OK
2026-02-07T08:48:35.350Z,1,20.51,13,OK
2026-02-07T08:48:35.400Z,1,20.45,14,OK
2026-02-07T08:48:35.450Z,1,20.42,15,OK
2026-02-07T08:48:35.500Z,1,20.38,16,OK
2026-02-07T08:48:35.550Z,1,20.36,17,OK
2026-02-07T08:48:35.601Z,1,20.36,18,OK
2026-02-07T08:48:35.651Z,1,20.34,19,OK
2026-02-07T08:48:35.702Z,1,20.36,20,OK
2026-02-07T08:48:35.752Z,1,20.35,21,OK
2026-02-07T08:48:35.802Z,1,20.27,22,OK
2026-02-07T08:48:35.852Z,2,20.26,23,OK
2026-02-07T08:48:35.903Z,3,20.25,24,OK
2026-02-07T08:48:35.954Z,1,20.26,25,OK
2026-02-07T08:48:36.005Z,1,20.27,26,OK
2026-02-07T08:48:36.055Z,1,20.28,27,OK
2026-02-07T08:48:36.105Z,1,20.29,28,OK
2026-02-07T08:48:36.155Z,1,20.30,29,OK
2026-02-07T08:48:36.205Z,1,20.28,30,OK
2026-02-07T08:48:36.255Z,0,20.29,31,OK
2026-02-07T08:48:36.409Z,0,31.96,31,OK
2026-02-07T08:48:36.603Z,4,79.94,15,OK
2026-02-07T08:48:36.667Z,3,500.00,7,OK
2026-02-07T08:48:36.718Z,1,19.85,8,OK
2026-02-07T08:48:36.768Z,1,20.08,9,OK
2026-02-07T08:48:36.818Z,1,20.16,10,OK
2026-02-07T08:48:36.869Z,1,20.19,11,OK
2026-02-07T08:48:36.920Z,1,20.23,12,OK
2026-02-07T08:48:36.970Z,1,20.22,13,OK
2026-02-07T08:48:37.020Z,1,20.21,14,OK
2026-02-07T08:48:37.070Z,1,20.21,15,OK
2026-02-07T08:48:37.200Z,1,20.24,16,OK
2026-02-07T08:48:37.396Z,2,37.81,16,OK
2026-02-07T08:48:37.602Z,3,85.82,8,OK
2026-02-07T08:48:37.804Z,3,500.00,4,OK
2026-02-07T08:48:37.853Z,3,20.23,5,OK
2026-02-07T08:48:37.904Z,3,20.23,6,OK
2026-02-07T08:48:38.010Z,3,48.69,6,OK
2026-02-07T08:48:38.060Z,3,41.57,6,OK
2026-02-07T08:48:38.110Z,3,37.32,6,OK
2026-02-07T08:48:38.160Z,3,34.50,6,OK
2026-02-07T08:48:38.211Z,3,32.44,6,OK
2026-02-07T08:48:38.261Z,3,30.96,6,OK
2026-02-07T08:48:38.311Z,3,29.78,6,OK
2026-02-07T08:48:38.361Z,3,28.85,6,OK
2026-02-07T08:48:38.412Z,3,28.86,6,OK
2026-02-07T08:48:38.462Z,3,28.92,6,OK
2026-02-07T08:48:38.512Z,3,20.39,7,OK
2026-02-07T08:48:38.563Z,3,20.43,8,OK
2026-02-07T08:48:38.613Z,3,20.43,9,OK
2026-02-07T08:48:38.663Z,3,20.43,10,OK
2026-02-07T08:48:38.713Z,3,20.45,11,OK
2026-02-07T08:48:38.764Z,3,20.42,12,OK
2026-02-07T08:48:38.816Z,12,20.42,13,OK
2026-02-07T08:48:38.984Z,4,26.61,13,OK
2026-02-07T08:48:39.374Z,5,74.57,6,OK
2026-02-07T08:48:39.424Z,3,20.09,7,OK
2026-02-07T08:48:39.473Z,3,20.15,8,OK
2026-02-07T08:48:39.524Z,3,20.17,9,OK
2026-02-07T08:48:39.575Z,3,20.19,10,OK
2026-02-07T08:48:39.782Z,4,36.70,10,OK
2026-02-07T08:48:39.978Z,4,59.95,10,OK
2026-02-07T08:48:40.179Z,10,122.82,5,SATURATED
2026-02-07T08:48:40.230Z,3,20.21,6,OK
2026-02-07T08:48:40.281Z,3,20.30,7,OK
2026-02-07T08:48:40.331Z,3,20.32,8,OK
2026-02-07T08:48:40.381Z,5,20.33,9,OK
2026-02-07T08:48:40.687Z,5,77.16,4,SATURATED
2026-02-07T08:48:40.737Z,3,20.47,5,OK
2026-02-07T08:48:40.787Z,4,20.38,6,OK
2026-02-07T08:48:40.837Z,2,20.13,7,OK
2026-02-07T08:48:40.887Z,2,20.16,8,OK
2026-02-07T08:48:40.937Z,2,20.21,9,OK
2026-02-07T08:48:40.987Z,2,20.22,10,OK
2026-02-07T08:48:41.036Z,2,20.24,11,OK
2026-02-07T08:48:41.086Z,2,20.23,12,OK
2026-02-07T08:48:41.137Z,3,20.23,13,OK
2026-02-07T08:48:41.293Z,5,20.22,14,OK
2026-02-07T08:48:41.344Z,4,20.20,15,OK
2026-02-07T08:48:41.492Z,5,20.19,16,OK
2026-02-07T08:48:41.543Z,4,20.24,17,OK
2026-02-07T08:48:41.593Z,4,20.26,18,OK
2026-02-07T08:48:41.643Z,3,20.26,19,OK
2026-02-07T08:48:41.692Z,6,20.25,20,OK
2026-02-07T08:48:41.743Z,3,20.24,21,OK
2026-02-07T08:48:41.795Z,5,20.28,22,OK
2026-02-07T08:48:41.847Z,3,20.30,23,OK
2026-02-07T08:48:41.897Z,3,20.32,24,OK
2026-02-07T08:48:41.948Z,3,20.34,25,OK
2026-02-07T08:48:41.999Z,3,20.36,26,OK
2026-02-07T08:48:42.050Z,3,20.38,27,OK
2026-02-07T08:48:42.100Z,3,20.41,28,OK
2026-02-07T08:48:42.151Z,3,20.40,29,OK
2026-02-07T08:48:42.287Z,3,20.41,30,OK
2026-02-07T08:48:42.416Z,3,31.25,30,OK
2026-02-07T08:48:42.603Z,8,79.20,15,OK
2026-02-07T08:48:42.795Z,4,500.00,7,OK
2026-02-07T08:48:43.116Z,7,500.00,3,SATURATED
2026-02-07T08:48:43.181Z,2,500.00,1,SATURATED
2026-02-07T08:48:43.267Z,1,500.00,1,SATURATED
2026-02-07T08:48:43.317Z,0,20.47,2,OK
2026-02-07T08:48:43.368Z,1,20.36,3,OK
2026-02-07T08:48:43.419Z,1,20.34,4,OK
2026-02-07T08:48:43.469Z,1,20.39,5,OK
2026-02-07T08:48:43.520Z,1,20.36,6,OK
2026-02-07T08:48:43.570Z,1,20.35,7,OK
2026-02-07T08:48:43.619Z,2,20.39,8,OK
2026-02-07T08:48:43.670Z,2,20.37,9,OK
2026-02-07T08:48:43.721Z,2,20.35,10,OK
2026-02-07T08:48:43.771Z,2,20.34,11,OK
2026-02-07T08:48:43.892Z,2,24.21,11,OK
2026-02-07T08:48:44.075Z,3,72.19,5,OK
2026-02-07T08:48:44.213Z,2,500.00,2,SATURATED
2026-02-07T08:48:44.269Z,2,500.00,1,SATURATED
2026-02-07T08:48:44.318Z,2,19.92,2,SATURATED
2026-02-07T08:48:44.369Z,2,20.16,3,OK
2026-02-07T08:48:44.419Z,2,20.31,4,OK
2026-02-07T08:48:44.469Z,2,20.32,5,OK
2026-02-07T08:48:44.520Z,2,20.32,6,OK
2026-02-07T08:48:44.570Z,2,20.30,7,OK
2026-02-07T08:48:44.620Z,3,20.30,8,OK
2026-02-07T08:48:44.671Z,2,20.30,9,OK
2026-02-07T08:48:44.722Z,2,20.31,10,OK
2026-02-07T08:48:44.771Z,2,20.31,11,OK
2026-02-07T08:48:44.821Z,2,20.39,12,OK
2026-02-07T08:48:44.872Z,2,20.42,13,OK
2026-02-07T08:48:44.923Z,2,20.35,14,OK
2026-02-07T08:48:44.974Z,2,20.34,15,OK
2026-02-07T08:48:45.024Z,2,20.30,16,OK
2026-02-07T08:48:45.074Z,2,20.31,17,OK
2026-02-07T08:48:45.125Z,2,20.32,18,OK
2026-02-07T08:48:45.176Z,2,20.34,19,OK
2026-02-07T08:48:45.386Z,11,28.56,19,OK
2026-02-07T08:48:45.604Z,14,76.53,9,SATURATED
2026-02-07T08:48:45.669Z,5,500.00,4,SATURATED
2026-02-07T08:48:45.720Z,1,20.91,5,OK
2026-02-07T08:48:45.770Z,1,20.68,6,OK
2026-02-07T08:48:45.820Z,1,20.49,7,OK
2026-02-07T08:48:45.869Z,1,20.43,8,OK
2026-02-07T08:48:45.920Z,1,20.46,9,OK
2026-02-07T08:48:45.971Z,1,20.45,10,OK
2026-02-07T08:48:46.021Z,1,20.42,11,OK
2026-02-07T08:48:46.072Z,1,20.41,12,OK
2026-02-07T08:48:46.122Z,1,20.41,13,OK
2026-02-07T08:48:46.172Z,1,20.40,14,OK
2026-02-07T08:48:46.222Z,1,20.37,15,OK
2026-02-07T08:48:46.273Z,1,20.35,16,OK
2026-02-07T08:48:46.323Z,1,20.42,17,OK
2026-02-07T08:48:46.374Z,1,20.40,18,OK
2026-02-07T08:48:46.425Z,2,20.33,19,OK
2026-02-07T08:48:46.474Z,2,20.29,20,OK
2026-02-07T08:48:46.525Z,2,20.31,21,OK
2026-02-07T08:48:46.576Z,2,20.33,22,OK
2026-02-07T08:48:46.704Z,5,20.42,23,OK
2026-02-07T08:48:46.766Z,6,24.64,23,OK
2026-02-07T08:48:46.817Z,6,24.61,23,OK
2026-02-07T08:48:46.867Z,6,24.62,23,OK
2026-02-07T08:48:46.918Z,6,24.54,23,OK
2026-02-07T08:48:46.968Z,6,24.57,23,OK
2026-02-07T08:48:47.018Z,6,24.63,23,OK
2026-02-07T08:48:47.068Z,6,24.66,23,OK
2026-02-07T08:48:47.117Z,7,24.66,23,OK
2026-02-07T08:48:47.168Z,7,24.64,23,OK
2026-02-07T08:48:47.220Z,7,24.52,23,OK
2026-02-07T08:48:47.270Z,7,20.31,24,OK
2026-02-07T08:48:47.320Z,7,20.29,25,OK
2026-02-07T08:48:47.370Z,7,20.28,26,OK
2026-02-07T08:48:47.420Z,9,20.30,27,OK
2026-02-07T08:48:47.470Z,9,20.29,28,OK
2026-02-07T08:48:47.521Z,9,20.25,29,OK
2026-02-07T08:48:47.571Z,9,20.25,30,OK
2026-02-07T08:48:47.622Z,8,20.23,31,OK
2026-02-07T08:48:47.671Z,8,20.22,32,OK
2026-02-07T08:48:47.722Z,13,20.37,33,OK
2026-02-07T08:48:47.773Z,9,20.37,34,OK
2026-02-07T08:48:47.823Z,9,20.41,35,OK
2026-02-07T08:48:47.872Z,9,20.40,36,OK
2026-02-07T08:48:47.923Z,9,20.40,37,OK
2026-02-07T08:48:47.973Z,9,20.41,38,OK
2026-02-07T08:48:48.023Z,9,20.39,39,OK
2026-02-07T08:48:48.074Z,9,20.41,40,OK
2026-02-07T08:48:48.125Z,9,20.36,41,OK
2026-02-07T08:48:48.176Z,9,20.36,42,OK
2026-02-07T08:48:48.226Z,9,20.25,43,OK
2026-02-07T08:48:48.277Z,9,20.25,44,OK
2026-02-07T08:48:48.328Z,9,20.24,45,OK
2026-02-07T08:48:48.378Z,9,20.25,46,OK
2026-02-07T08:48:48.428Z,10,20.32,47,OK
2026-02-07T08:48:48.479Z,10,20.31,48,OK
2026-02-07T08:48:48.529Z,10,20.40,49,OK
2026-02-07T08:48:48.579Z,10,20.39,50,OK
2026-02-07T08:48:48.629Z,7,20.47,50,OK
2026-02-07T08:48:48.709Z,10,68.44,25,OK
2026-02-07T08:48:48.888Z,6,500.00,12,OK
2026-02-07T08:48:48.938Z,6,20.57,13,OK
2026-02-07T08:48:48.987Z,6,20.37,14,OK
2026-02-07T08:48:49.038Z,6,20.34,15,OK
2026-02-07T08:48:49.088Z,6,20.34,16,OK
2026-02-07T08:48:49.138Z,5,20.29,17,OK
2026-02-07T08:48:49.189Z,5,20.29,18,OK
2026-02-07T08:48:49.239Z,5,20.22,19,OK
2026-02-07T08:48:49.289Z,5,20.28,20,OK
2026-02-07T08:48:49.339Z,5,20.30,21,OK
2026-02-07T08:48:49.390Z,5,20.26,22,OK
2026-02-07T08:48:49.440Z,3,20.27,23,OK
2026-02-07T08:48:49.491Z,3,20.29,24,OK
2026-02-07T08:48:49.541Z,3,20.28,25,OK
2026-02-07T08:48:49.592Z,3,20.27,26,OK
2026-02-07T08:48:49.642Z,4,20.24,27,OK
2026-02-07T08:48:49.692Z,4,20.25,28,OK
2026-02-07T08:48:49.793Z,4,68.27,14,OK
2026-02-07T08:48:49.843Z,5,20.23,15,OK
2026-02-07T08:48:49.892Z,6,20.38,16,OK
2026-02-07T08:48:49.943Z,7,20.50,17,OK
2026-02-07T08:48:49.993Z,7,20.42,18,OK
2026-02-07T08:48:50.043Z,7,20.40,19,OK
2026-02-07T08:48:50.092Z,7,20.37,20,OK
2026-02-07T08:48:50.142Z,7,20.38,21,OK
2026-02-07T08:48:50.193Z,7,20.36,22,OK
2026-02-07T08:48:50.243Z,7,20.36,23,OK
2026-02-07T08:48:50.294Z,7,20.36,24,OK
2026-02-07T08:48:50.344Z,7,20.31,25,OK
2026-02-07T08:48:50.587Z,7,20.24,26,OK
2026-02-07T08:48:50.791Z,7,20.13,27,OK
2026-02-07T08:48:50.842Z,8,20.12,28,OK
2026-02-07T08:48:50.891Z,8,20.10,29,OK
2026-02-07T08:48:50.942Z,11,20.07,30,OK
2026-02-07T08:48:50.992Z,11,20.05,31,OK
2026-02-07T08:48:51.043Z,11,20.04,32,OK
2026-02-07T08:48:51.093Z,11,20.04,33,OK
2026-02-07T08:48:51.144Z,12,20.03,34,OK
2026-02-07T08:48:51.195Z,12,20.11,35,OK
2026-02-07T08:48:51.245Z,12,20.16,36,OK
2026-02-07T08:48:51.295Z,12,20.22,37,OK
2026-02-07T08:48:51.345Z,12,20.27,38,OK
2026-02-07T08:48:51.395Z,12,20.29,39,OK
2026-02-07T08:48:51.446Z,12,20.34,40,OK
2026-02-07T08:48:51.496Z,12,20.34,41,OK
2026-02-07T08:48:51.546Z,12,20.34,42,OK
2026-02-07T08:48:51.596Z,12,20.32,43,OK
2026-02-07T08:48:51.700Z,14,68.31,21,OK
2026-02-07T08:48:51.767Z,12,500.00,10,SATURATED
2026-02-07T08:48:51.817Z,10,19.44,11,OK
2026-02-07T08:48:51.867Z,10,19.90,12,OK
2026-02-07T08:48:51.997Z,8,34.90,12,OK
2026-02-07T08:48:52.047Z,8,31.25,12,OK
2026-02-07T08:48:52.097Z,8,29.04,12,OK
2026-02-07T08:48:52.148Z,8,27.61,12,OK
2026-02-07T08:48:52.198Z,8,26.56,12,OK
2026-02-07T08:48:52.248Z,8,25.74,12,OK
2026-02-07T08:48:52.298Z,8,25.14,12,OK
2026-02-07T08:48:52.348Z,8,24.67,12,OK
2026-02-07T08:48:52.398Z,8,24.75,12,OK
2026-02-07T08:48:52.448Z,8,24.70,12,OK
2026-02-07T08:48:52.499Z,8,20.15,13,OK
2026-02-07T08:48:52.549Z,8,20.14,14,OK
2026-02-07T08:48:52.600Z,8,20.14,15,OK
2026-02-07T08:48:52.649Z,7,20.13,16,OK
2026-02-07T08:48:52.700Z,7,20.14,17,OK
2026-02-07T08:48:52.792Z,7,68.15,8,OK
2026-02-07T08:48:52.991Z,6,179.77,4,SATURATED
2026-02-07T08:48:53.042Z,3,20.24,5,OK
2026-02-07T08:48:53.093Z,3,20.26,6,OK
2026-02-07T08:48:53.144Z,2,20.07,7,OK
2026-02-07T08:48:53.194Z,2,20.13,8,OK
2026-02-07T08:48:53.246Z,2,20.17,9,OK
2026-02-07T08:48:53.295Z,2,20.22,10,OK
2026-02-07T08:48:53.346Z,2,20.24,11,OK
2026-02-07T08:48:53.397Z,2,20.20,12,OK
2026-02-07T08:48:53.447Z,2,20.22,13,OK
2026-02-07T08:48:53.497Z,2,20.22,14,OK
2026-02-07T08:48:53.547Z,2,20.22,15,OK
2026-02-07T08:48:53.598Z,2,20.23,16,OK
2026-02-07T08:48:53.648Z,3,20.30,17,OK
2026-02-07T08:48:53.699Z,3,20.29,18,OK
2026-02-07T08:48:53.748Z,3,20.27,19,OK
2026-02-07T08:48:53.976Z,7,29.10,19,OK
2026-02-07T08:48:54.166Z,14,77.06,9,SATURATED
2026-02-07T08:48:54.217Z,4,20.73,10,OK
2026-02-07T08:48:54.267Z,4,20.14,11,OK
2026-02-07T08:48:54.318Z,4,20.16,12,OK
2026-02-07T08:48:54.369Z,4,20.15,13,OK
2026-02-07T08:48:54.419Z,4,20.23,14,OK
2026-02-07T08:48:54.470Z,4,20.25,15,OK
2026-02-07T08:48:54.520Z,4,20.26,16,OK
2026-02-07T08:48:54.571Z,4,20.23,17,OK
2026-02-07T08:48:54.621Z,4,20.25,18,OK
2026-02-07T08:48:54.672Z,4,20.27,19,OK
2026-02-07T08:48:54.722Z,4,20.24,20,OK
2026-02-07T08:48:54.772Z,4,20.30,21,OK
2026-02-07T08:48:54.822Z,3,20.35,22,OK
2026-02-07T08:48:54.872Z,3,20.37,23,OK
2026-02-07T08:48:54.923Z,3,20.35,24,OK
2026-02-07T08:48:54.973Z,3,20.36,25,OK
2026-02-07T08:48:55.172Z,6,37.84,25,OK
2026-02-07T08:48:55.368Z,21,85.84,12,SATURATED
2026-02-07T08:48:55.419Z,8,20.00,13,OK
2026-02-07T08:48:55.470Z,8,20.30,14,OK
2026-02-07T08:48:55.521Z,8,20.28,15,OK
2026-02-07T08:48:55.571Z,8,20.29,16,OK
2026-02-07T08:48:55.620Z,7,20.31,17,OK
2026-02-07T08:48:55.671Z,7,20.31,18,OK
2026-02-07T08:48:55.721Z,7,20.33,19,OK
2026-02-07T08:48:55.771Z,7,20.37,20,OK
2026-02-07T08:48:55.898Z,7,25.04,20,OK
2026-02-07T08:48:55.949Z,7,24.56,20,OK
2026-02-07T08:48:55.999Z,6,24.54,20,OK
2026-02-07T08:48:56.049Z,6,24.53,20,OK
2026-02-07T08:48:56.099Z,6,24.53,20,OK
2026-02-07T08:48:56.149Z,5,24.53,20,OK
2026-02-07T08:48:56.292Z,5,35.52,20,OK
2026-02-07T08:48:56.597Z,9,83.49,10,OK
2026-02-07T08:48:56.667Z,5,500.00,5,SATURATED
2026-02-07T08:48:56.718Z,5,20.67,6,OK
2026-02-07T08:48:56.768Z,5,20.55,7,OK
2026-02-07T08:48:56.818Z,5,20.38,8,OK
2026-02-07T08:48:56.973Z,5,20.35,9,OK
2026-02-07T08:48:57.023Z,5,20.31,10,OK
2026-02-07T08:48:57.074Z,5,20.32,11,OK
2026-02-07T08:48:57.197Z,5,32.24,11,OK
2026-02-07T08:48:57.267Z,3,90.71,5,OK
2026-02-07T08:48:57.316Z,0,20.62,6,OK
2026-02-07T08:48:57.367Z,0,20.47,7,OK
2026-02-07T08:48:57.417Z,0,20.40,8,OK
2026-02-07T08:48:57.467Z,0,20.37,9,OK
2026-02-07T08:48:57.593Z,0,41.12,9,OK
2026-02-07T08:48:57.781Z,0,117.60,4,OK
2026-02-07T08:48:57.975Z,4,500.00,2,SATURATED
2026-02-07T08:48:58.068Z,2,500.00,1,SATURATED
2026-02-07T08:48:58.118Z,1,20.16,2,OK
2026-02-07T08:48:58.169Z,1,20.21,3,OK
2026-02-07T08:48:58.219Z,1,20.11,4,OK
2026-02-07T08:48:58.268Z,1,20.17,5,OK
2026-02-07T08:48:58.319Z,1,20.16,6,OK
2026-02-07T08:48:58.369Z,1,20.19,7,OK
2026-02-07T08:48:58.419Z,1,20.18,8,OK
2026-02-07T08:48:58.469Z,1,20.21,9,OK
2026-02-07T08:48:58.519Z,1,20.19,10,OK
2026-02-07T08:48:58.570Z,1,20.23,11,OK
2026-02-07T08:48:58.620Z,2,20.26,12,OK
2026-02-07T08:48:58.670Z,2,20.29,13,OK
2026-02-07T08:48:58.721Z,2,20.30,14,OK
2026-02-07T08:48:58.772Z,2,20.30,15,OK
2026-02-07T08:48:58.822Z,2,20.30,16,OK
2026-02-07T08:48:58.873Z,2,20.30,17,OK
2026-02-07T08:48:59.015Z,8,20.28,18,OK
2026-02-07T08:48:59.084Z,17,25.07,18,OK
2026-02-07T08:48:59.384Z,9,73.06,9,SATURATED
2026-02-07T08:48:59.434Z,7,20.11,10,OK
2026-02-07T08:48:59.484Z,7,20.31,11,OK
2026-02-07T08:48:59.535Z,7,20.35,12,OK
2026-02-07T08:48:59.585Z,7,20.34,13,OK
2026-02-07T08:48:59.636Z,7,20.27,14,OK
2026-02-07T08:48:59.687Z,7,20.31,15,OK
2026-02-07T08:48:59.736Z,7,20.32,16,OK
2026-02-07T08:48:59.787Z,8,20.31,17,OK
2026-02-07T08:48:59.837Z,7,20.32,18,OK
2026-02-07T08:48:59.887Z,7,20.30,19,OK
2026-02-07T08:48:59.996Z,7,23.50,19,OK
2026-02-07T08:49:00.185Z,7,38.28,19,OK
2026-02-07T08:49:00.375Z,12,86.23,9,SATURATED
2026-02-07T08:49:00.469Z,8,500.00,4,SATURATED
2026-02-07T08:49:00.519Z,6,20.42,5,SATURATED
2026-02-07T08:49:00.569Z,6,20.37,6,SATURATED
2026-02-07T08:49:00.618Z,5,20.41,7,OK
2026-02-07T08:49:00.669Z,5,20.38,8,OK
2026-02-07T08:49:00.719Z,5,20.31,9,OK
2026-02-07T08:49:00.767Z,5,20.30,10,OK
2026-02-07T08:49:00.818Z,6,20.32,11,OK
2026-02-07T08:49:00.868Z,6,20.32,12,OK
2026-02-07T08:49:00.919Z,5,20.30,13,OK
2026-02-07T08:49:00.970Z,4,20.31,14,OK
2026-02-07T08:49:01.020Z,4,20.34,15,OK
2026-02-07T08:49:01.070Z,4,20.34,16,OK
2026-02-07T08:49:01.121Z,2,20.28,17,OK
2026-02-07T08:49:01.171Z,2,20.29,18,OK
2026-02-07T08:49:01.221Z,3,20.31,19,OK
2026-02-07T08:49:01.271Z,3,20.33,20,OK
2026-02-07T08:49:01.321Z,3,20.31,21,OK
2026-02-07T08:49:01.371Z,3,20.32,22,OK
2026-02-07T08:49:01.497Z,3,30.17,22,OK
2026-02-07T08:49:01.691Z,10,78.13,11,OK
2026-02-07T08:49:01.741Z,4,20.13,12,OK
2026-02-07T08:49:01.791Z,4,20.17,13,OK
2026-02-07T08:49:01.843Z,4,20.24,14,OK
2026-02-07T08:49:01.893Z,4,20.24,15,OK
2026-02-07T08:49:01.943Z,4,20.14,16,OK
2026-02-07T08:49:01.993Z,4,20.06,17,OK
2026-02-07T08:49:02.043Z,4,20.09,18,OK
2026-02-07T08:49:02.093Z,4,20.11,19,OK
2026-02-07T08:49:02.143Z,4,20.13,20,OK
2026-02-07T08:49:02.192Z,5,20.14,21,OK
2026-02-07T08:49:02.243Z,4,20.15,22,OK
2026-02-07T08:49:02.293Z,4,20.17,23,OK
2026-02-07T08:49:02.343Z,4,20.17,24,OK
2026-02-07T08:49:02.394Z,6,20.17,25,OK
2026-02-07T08:49:02.444Z,6,20.22,26,OK
2026-02-07T08:49:02.494Z,6,20.28,27,OK
2026-02-07T08:49:02.544Z,6,20.29,28,OK
2026-02-07T08:49:02.594Z,6,20.29,29,OK
2026-02-07T08:49:02.644Z,6,20.29,30,OK
2026-02-07T08:49:02.695Z,6,20.27,31,OK
2026-02-07T08:49:02.792Z,8,68.25,15,OK
2026-02-07T08:49:02.843Z,5,20.28,16,OK
2026-02-07T08:49:02.893Z,5,20.25,17,OK
2026-02-07T08:49:02.943Z,5,20.07,18,OK
2026-02-07T08:49:02.993Z,5,20.14,19,OK
2026-02-07T08:49:03.044Z,6,20.24,20,OK
2026-02-07T08:49:03.094Z,6,20.27,21,OK
2026-02-07T08:49:03.144Z,6,20.29,22,OK
2026-02-07T08:49:03.194Z,5,20.28,23,OK
2026-02-07T08:49:03.244Z,5,20.24,24,OK
2026-02-07T08:49:03.295Z,5,20.24,25,OK
2026-02-07T08:49:03.345Z,5,20.21,26,OK
2026-02-07T08:49:03.396Z,5,20.22,27,OK
2026-02-07T08:49:03.446Z,5,20.28,28,OK
2026-02-07T08:49:03.497Z,5,20.29,29,OK
2026-02-07T08:49:03.547Z,5,20.25,30,OK
2026-02-07T08:49:03.598Z,5,20.24,31,OK
2026-02-07T08:49:03.648Z,5,20.22,32,OK
2026-02-07T08:49:03.698Z,5,20.22,33,OK
2026-02-07T08:49:03.749Z,5,20.25,34,OK
2026-02-07T08:49:03.798Z,7,20.25,35,OK
2026-02-07T08:49:03.887Z,7,68.25,17,OK
2026-02-07T08:49:03.937Z,7,20.37,18,OK
2026-02-07T08:49:03.987Z,7,20.48,19,OK
2026-02-07T08:49:04.037Z,7,20.47,20,OK
2026-02-07T08:49:04.088Z,8,20.59,21,OK
2026-02-07T08:49:04.138Z,7,20.51,22,OK
2026-02-07T08:49:04.188Z,7,20.51,23,OK
2026-02-07T08:49:04.239Z,7,20.43,24,OK
2026-02-07T08:49:04.290Z,7,20.32,25,OK
2026-02-07T08:49:04.340Z,7,20.33,26,OK
2026-02-07T08:49:04.390Z,5,20.33,27,OK
2026-02-07T08:49:04.497Z,6,68.30,13,OK
2026-02-07T08:49:04.547Z,5,19.84,14,OK
2026-02-07T08:49:04.597Z,5,19.59,15,OK
2026-02-07T08:49:04.647Z,5,19.81,16,OK
2026-02-07T08:49:04.697Z,5,19.94,17,OK
2026-02-07T08:49:04.794Z,5,35.35,17,OK
2026-02-07T08:49:04.845Z,6,32.84,17,OK
2026-02-07T08:49:04.896Z,6,31.02,17,OK
2026-02-07T08:49:04.947Z,6,29.67,17,OK
2026-02-07T08:49:04.998Z,6,28.62,17,OK
2026-02-07T08:49:05.048Z,5,27.79,17,OK
2026-02-07T08:49:05.098Z,6,27.84,17,OK
2026-02-07T08:49:05.149Z,6,27.92,17,OK
2026-02-07T08:49:05.199Z,6,27.93,17,OK
2026-02-07T08:49:05.249Z,6,27.90,17,OK
2026-02-07T08:49:05.299Z,6,20.23,18,OK
2026-02-07T08:49:05.349Z,6,20.26,19,OK
2026-02-07T08:49:05.399Z,5,20.25,20,OK
2026-02-07T08:49:05.450Z,5,20.26,21,OK
2026-02-07T08:49:05.499Z,5,20.26,22,OK
2026-02-07T08:49:05.550Z,5,20.27,23,OK
2026-02-07T08:49:05.601Z,5,20.26,24,OK
2026-02-07T08:49:05.651Z,5,20.29,25,OK
2026-02-07T08:49:05.703Z,4,20.28,26,OK
2026-02-07T08:49:05.753Z,4,20.31,27,OK
2026-02-07T08:49:05.804Z,3,20.32,28,OK
2026-02-07T08:49:05.854Z,2,20.30,29,OK
2026-02-07T08:49:05.905Z,2,20.34,30,OK
2026-02-07T08:49:05.955Z,2,20.32,31,OK
2026-02-07T08:49:06.006Z,2,20.32,32,OK
2026-02-07T08:49:06.057Z,2,20.32,33,OK
2026-02-07T08:49:06.107Z,2,20.33,34,OK
2026-02-07T08:49:06.157Z,2,20.32,35,OK
2026-02-07T08:49:06.207Z,2,20.32,36,OK
2026-02-07T08:49:06.257Z,2,20.33,37,OK
2026-02-07T08:49:06.307Z,2,20.34,38,OK
2026-02-07T08:49:06.358Z,2,20.35,39,OK
2026-02-07T08:49:06.408Z,2,20.27,40,OK
2026-02-07T08:49:06.457Z,2,20.28,41,OK
2026-02-07T08:49:06.508Z,2,20.31,42,OK
2026-02-07T08:49:06.559Z,2,20.30,43,OK
2026-02-07T08:49:06.608Z,2,20.30,44,OK
2026-02-07T08:49:06.659Z,2,20.30,45,OK
2026-02-07T08:49:06.711Z,2,20.74,46,OK
2026-02-07T08:49:06.761Z,2,20.72,47,OK
2026-02-07T08:49:06.813Z,2,20.70,48,OK
2026-02-07T08:49:06.863Z,1,20.69,49,OK
2026-02-07T08:49:06.913Z,1,20.76,50,OK
2026-02-07T08:49:06.963Z,1,20.77,50,OK
2026-02-07T08:49:07.014Z,1,20.74,50,OK
2026-02-07T08:49:07.064Z,1,20.75,50,OK
2026-02-07T08:49:07.114Z,0,20.76,50,OK
2026-02-07T08:49:07.164Z,0,20.77,50,OK
2026-02-07T08:49:07.214Z,0,20.35,50,OK
2026-02-07T08:49:07.265Z,0,20.36,50,OK
2026-02-07T08:49:07.316Z,0,20.35,50,OK
2026-02-07T08:49:07.366Z,0,20.36,50,OK
2026-02-07T08:49:07.416Z,0,20.37,50,OK
2026-02-07T08:49:07.466Z,0,20.37,50,OK
2026-02-07T08:49:07.516Z,0,20.36,50,OK
2026-02-07T08:49:07.566Z,0,20.35,50,OK
2026-02-07T08:49:07.617Z,0,20.35,50,OK
2026-02-07T08:49:07.667Z,0,20.35,50,OK
2026-02-07T08:49:07.717Z,0,20.34,50,OK
2026-02-07T08:49:07.768Z,0,20.33,50,OK
2026-02-07T08:49:07.818Z,0,20.33,50,OK
2026-02-07T08:49:07.868Z,0,20.31,50,OK
2026-02-07T08:49:07.918Z,0,20.29,50,OK
2026-02-07T08:49:07.967Z,0,20.29,50,OK
2026-02-07T08:49:08.019Z,0,20.30,50,OK
2026-02-07T08:49:08.069Z,0,20.30,50,OK
2026-02-07T08:49:08.119Z,0,20.29,50,OK
2026-02-07T08:49:08.169Z,0,20.26,50,OK
2026-02-07T08:49:08.219Z,0,20.25,50,OK
2026-02-07T08:49:08.270Z,0,20.27,50,OK
2026-02-07T08:49:08.321Z,0,20.29,50,OK
2026-02-07T08:49:08.372Z,0,20.28,50,OK
2026-02-07T08:49:08.423Z,0,20.28,50,OK
2026-02-07T08:49:08.473Z,0,20.27,50,OK
2026-02-07T08:49:08.524Z,0,20.27,50,OK
2026-02-07T08:49:08.574Z,0,20.26,50,OK
2026-02-07T08:49:08.624Z,0,20.26,50,OK
2026-02-07T08:49:08.674Z,0,20.28,50,OK
2026-02-07T08:49:08.724Z,0,20.30,50,OK
2026-02-07T08:49:08.775Z,0,20.28,50,OK
2026-02-07T08:49:08.825Z,0,20.27,50,OK
2026-02-07T08:49:08.875Z,0,20.28,50,OK
2026-02-07T08:49:08.926Z,0,20.32,50,OK
2026-02-07T08:49:08.976Z,0,20.34,50,OK
2026-02-07T08:49:09.026Z,0,20.32,50,OK
2026-02-07T08:49:09.076Z,0,20.33,50,OK
2026-02-07T08:49:09.127Z,0,20.33,50,OK
2026-02-07T08:49:09.179Z,0,20.31,50,OK
2026-02-07T08:49:09.229Z,0,20.28,50,OK
2026-02-07T08:49:09.279Z,0,20.27,50,OK
2026-02-07T08:49:09.330Z,0,20.32,50,OK
2026-02-07T08:49:09.381Z,0,20.32,50,OK
2026-02-07T08:49:09.432Z,0,20.33,50,OK
2026-02-07T08:49:09.482Z,0,20.34,50,OK
2026-02-07T08:49:09.532Z,0,20.37,50,OK
2026-02-07T08:49:09.583Z,0,20.28,50,OK
2026-02-07T08:49:09.633Z,0,20.25,50,OK
2026-02-07T08:49:09.683Z,0,20.26,50,OK
2026-02-07T08:49:09.734Z,0,20.31,50,OK
2026-02-07T08:49:09.784Z,0,20.31,50,OK
2026-02-07T08:49:09.835Z,0,20.29,50,OK
2026-02-07T08:49:09.885Z,0,20.31,50,OK
2026-02-07T08:49:09.935Z,0,20.26,50,OK
2026-02-07T08:49:09.985Z,0,20.23,50,OK
2026-02-07T08:49:10.035Z,0,20.19,50,OK
2026-02-07T08:49:10.085Z,0,20.31,50,OK
2026-02-07T08:49:10.136Z,0,20.35,50,OK
2026-02-07T08:49:10.187Z,0,20.33,50,OK
2026-02-07T08:49:10.237Z,0,20.27,50,OK
2026-02-07T08:49:10.287Z,0,20.28,50,OK
2026-02-07T08:49:10.339Z,0,20.29,50,OK
2026-02-07T08:49:10.389Z,0,20.29,50,OK
2026-02-07T08:49:10.439Z,0,20.29,50,OK
2026-02-07T08:49:10.489Z,0,20.29,50,OK
2026-02-07T08:49:10.539Z,0,20.30,50,OK
2026-02-07T08:49:10.590Z,0,20.32,50,OK
2026-02-07T08:49:10.640Z,0,20.29,50,OK
2026-02-07T08:49:10.689Z,0,20.30,50,OK
2026-02-07T08:49:10.740Z,0,20.34,50,OK
2026-02-07T08:49:10.791Z,0,20.32,50,OK
2026-02-07T08:49:10.841Z,0,20.29,50,OK
2026-02-07T08:49:10.891Z,0,20.26,50,OK
2026-02-07T08:49:10.941Z,0,20.29,50,OK
2026-02-07T08:49:10.991Z,0,20.29,50,OK
2026-02-07T08:49:11.041Z,0,20.28,50,OK
2026-02-07T08:49:11.091Z,0,20.25,50,OK
2026-02-07T08:49:11.141Z,0,20.28,50,OK
2026-02-07T08:49:11.191Z,0,20.28,50,OK
2026-02-07T08:49:11.242Z,0,20.28,50,OK
2026-02-07T08:49:11.292Z,0,20.27,50,OK
2026-02-07T08:49:11.343Z,0,20.29,50,OK
2026-02-07T08:49:11.393Z,0,20.30,50,OK
2026-02-07T08:49:11.443Z,0,20.30,50,OK
2026-02-07T08:49:11.493Z,0,20.31,50,OK
2026-02-07T08:49:11.543Z,0,20.32,50,OK
2026-02-07T08:49:11.593Z,0,20.33,50,OK
2026-02-07T08:49:11.644Z,0,20.28,50,OK
2026-02-07T08:49:11.694Z,0,20.29,50,OK
2026-02-07T08:49:11.744Z,0,20.31,50,OK
2026-02-07T08:49:11.794Z,0,20.30,50,OK
2026-02-07T08:49:11.844Z,0,20.26,50,OK
2026-02-07T08:49:11.894Z,0,20.25,50,OK
2026-02-07T08:49:11.944Z,0,20.20,50,OK
2026-02-07T08:49:11.994Z,0,20.18,50,OK
2026-02-07T08:49:12.044Z,0,20.13,50,OK
2026-02-07T08:49:12.094Z,0,20.14,50,OK
2026-02-07T08:49:12.145Z,0,20.13,50,OK
2026-02-07T08:49:12.195Z,0,20.12,50,OK
2026-02-07T08:49:12.246Z,0,20.11,50,OK
2026-02-07T08:49:12.297Z,0,20.11,50,OK
2026-02-07T08:49:12.347Z,0,20.10,50,OK
2026-02-07T08:49:12.397Z,0,20.12,50,OK
2026-02-07T08:49:12.448Z,0,20.17,50,OK
2026-02-07T08:49:12.498Z,0,20.18,50,OK
2026-02-07T08:49:12.549Z,0,20.21,50,OK
2026-02-07T08:49:12.599Z,0,20.21,50,OK
2026-02-07T08:49:12.649Z,0,20.25,50,OK
2026-02-07T08:49:12.700Z,0,20.25,50,OK
2026-02-07T08:49:12.750Z,0,20.23,50,OK
2026-02-07T08:49:12.800Z,0,20.23,50,OK
2026-02-07T08:49:12.850Z,0,20.27,50,OK
2026-02-07T08:49:12.900Z,0,20.27,50,OK
2026-02-07T08:49:12.950Z,0,20.24,50,OK
2026-02-07T08:49:13.000Z,0,20.25,50,OK
2026-02-07T08:49:13.051Z,0,20.26,50,OK
2026-02-07T08:49:13.101Z,0,20.21,50,OK
2026-02-07T08:49:13.151Z,0,20.21,50,OK
2026-02-07T08:49:13.201Z,0,20.21,50,OK
2026-02-07T08:49:13.251Z,0,20.12,50,OK
2026-02-07T08:49:13.301Z,0,20.13,50,OK
2026-02-07T08:49:13.351Z,0,20.14,50,OK
2026-02-07T08:49:13.401Z,0,20.14,50,OK
2026-02-07T08:49:13.451Z,0,20.12,50,OK
2026-02-07T08:49:13.501Z,0,20.12,50,OK
2026-02-07T08:49:13.551Z,0,20.10,50,OK
2026-02-07T08:49:13.602Z,0,20.15,50,OK
2026-02-07T08:49:13.652Z,0,20.18,50,OK
2026-02-07T08:49:13.702Z,0,20.18,50,OK
2026-02-07T08:49:13.753Z,0,20.29,50,OK
2026-02-07T08:49:13.803Z,0,20.28,50,OK
2026-02-07T08:49:13.854Z,0,20.27,50,OK
2026-02-07T08:49:13.904Z,0,20.26,50,OK
2026-02-07T08:49:13.955Z,0,20.27,50,OK
2026-02-07T08:49:14.006Z,0,20.26,50,OK
2026-02-07T08:49:14.056Z,0,20.27,50,OK
2026-02-07T08:49:14.107Z,0,20.27,50,OK
2026-02-07T08:49:14.157Z,0,20.22,50,OK
2026-02-07T08:49:14.207Z,0,20.21,50,OK
2026-02-07T08:49:14.258Z,0,20.22,50,OK
2026-02-07T08:49:14.308Z,0,20.12,50,OK
2026-02-07T08:49:14.358Z,0,20.14,50,OK
2026-02-07T08:49:14.409Z,0,20.15,50,OK
2026-02-07T08:49:14.459Z,0,20.19,50,OK
2026-02-07T08:49:14.509Z,0,20.19,50,OK
2026-02-07T08:49:14.559Z,0,20.14,50,OK
2026-02-07T08:49:14.609Z,0,20.14,50,OK
2026-02-07T08:49:14.660Z,0,20.15,50,OK
2026-02-07T08:49:14.712Z,0,20.16,50,OK
2026-02-07T08:49:14.763Z,0,20.11,50,OK
2026-02-07T08:49:14.813Z,0,20.21,50,OK
2026-02-07T08:49:14.863Z,0,20.12,50,OK
2026-02-07T08:49:14.913Z,0,20.12,50,OK
2026-02-07T08:49:14.964Z,0,20.12,50,OK
2026-02-07T08:49:15.014Z,0,20.15,50,OK
2026-02-07T08:49:15.064Z,0,20.21,50,OK
2026-02-07T08:49:15.115Z,0,20.21,50,OK
2026-02-07T08:49:15.165Z,0,20.18,50,OK
2026-02-07T08:49:15.215Z,0,20.21,50,OK
2026-02-07T08:49:15.266Z,0,20.20,50,OK
2026-02-07T08:49:15.316Z,0,20.20,50,OK
2026-02-07T08:49:15.367Z,0,20.23,50,OK
2026-02-07T08:49:15.416Z,0,20.22,50,OK
2026-02-07T08:49:15.467Z,0,20.20,50,OK
2026-02-07T08:49:15.516Z,0,20.18,50,OK
2026-02-07T08:49:15.567Z,0,20.16,50,OK
2026-02-07T08:49:15.618Z,0,20.24,50,OK
2026-02-07T08:49:15.668Z,0,20.33,50,OK
2026-02-07T08:49:15.719Z,0,20.32,50,OK
2026-02-07T08:49:15.770Z,0,20.34,50,OK
2026-02-07T08:49:15.820Z,0,20.36,50,OK
2026-02-07T08:49:15.870Z,0,20.36,50,OK
2026-02-07T08:49:15.920Z,0,20.36,50,OK
2026-02-07T08:49:15.972Z,0,20.38,50,OK
2026-02-07T08:49:16.022Z,0,20.37,50,OK
2026-02-07T08:49:16.072Z,0,20.38,50,OK
2026-02-07T08:49:16.123Z,0,20.32,50,OK
2026-02-07T08:49:16.173Z,0,20.23,50,OK
2026-02-07T08:49:16.223Z,0,20.24,50,OK
2026-02-07T08:49:16.273Z,0,20.18,50,OK
2026-02-07T08:49:16.323Z,0,20.15,50,OK
2026-02-07T08:49:16.373Z,0,20.20,50,OK
2026-02-07T08:49:16.423Z,0,20.22,50,OK
2026-02-07T08:49:16.474Z,0,20.26,50,OK
2026-02-07T08:49:16.524Z,0,20.27,50,OK
2026-02-07T08:49:16.574Z,0,20.22,50,OK
2026-02-07T08:49:16.624Z,0,20.22,50,OK
2026-02-07T08:49:16.674Z,0,20.23,50,OK
2026-02-07T08:49:16.726Z,0,20.22,50,OK
2026-02-07T08:49:16.776Z,0,20.37,50,OK
2026-02-07T08:49:16.826Z,0,20.38,50,OK
2026-02-07T08:49:16.877Z,0,20.44,50,OK
2026-02-07T08:49:16.927Z,0,20.44,50,OK
2026-02-07T08:49:16.977Z,0,20.38,50,OK
2026-02-07T08:49:17.027Z,0,20.37,50,OK
2026-02-07T08:49:17.078Z,0,20.46,50,OK
2026-02-07T08:49:17.130Z,0,20.44,50,OK
2026-02-07T08:49:17.180Z,0,20.45,50,OK
2026-02-07T08:49:17.230Z,0,20.44,50,OK
2026-02-07T08:49:17.280Z,0,20.34,50,OK
2026-02-07T08:49:17.331Z,0,20.35,50,OK
2026-02-07T08:49:17.381Z,0,20.23,50,OK
2026-02-07T08:49:17.431Z,0,20.21,50,OK
2026-02-07T08:49:17.481Z,0,20.20,50,OK
2026-02-07T08:49:17.531Z,0,20.24,50,OK
2026-02-07T08:49:17.581Z,0,20.22,50,OK
2026-02-07T08:49:17.631Z,0,20.22,50,OK
2026-02-07T08:49:17.681Z,0,20.28,50,OK
2026-02-07T08:49:17.732Z,0,20.29,50,OK
2026-02-07T08:49:17.783Z,0,20.34,50,OK
2026-02-07T08:49:17.834Z,0,20.33,50,OK
2026-02-07T08:49:17.884Z,0,20.35,50,OK
2026-02-07T08:49:17.934Z,0,20.35,50,OK
2026-02-07T08:49:17.984Z,0,20.38,50,OK
2026-02-07T08:49:18.035Z,0,20.37,50,OK
2026-02-07T08:49:18.085Z,0,20.36,50,OK
2026-02-07T08:49:18.135Z,0,20.36,50,OK
2026-02-07T08:49:18.184Z,0,20.31,50,OK
2026-02-07T08:49:18.235Z,0,20.30,50,OK
2026-02-07T08:49:18.285Z,0,20.25,50,OK
2026-02-07T08:49:18.336Z,0,20.27,50,OK
2026-02-07T08:49:18.386Z,0,20.33,50,OK
2026-02-07T08:49:18.438Z,0,20.34,50,OK
2026-02-07T08:49:18.488Z,0,20.28,50,OK
2026-02-07T08:49:18.538Z,0,20.29,50,OK
2026-02-07T08:49:18.588Z,0,20.31,50,OK
2026-02-07T08:49:18.638Z,0,20.30,50,OK
2026-02-07T08:49:18.688Z,0,20.34,50,OK
2026-02-07T08:49:18.738Z,0,20.33,50,OK
2026-02-07T08:49:18.788Z,0,20.43,50,OK
2026-02-07T08:49:18.838Z,0,20.40,50,OK
2026-02-07T08:49:18.888Z,0,20.40,50,OK
2026-02-07T08:49:18.939Z,0,20.39,50,OK
2026-02-07T08:49:18.990Z,0,20.35,50,OK
2026-02-07T08:49:19.040Z,0,20.30,50,OK
2026-02-07T08:49:19.090Z,0,20.29,50,OK
2026-02-07T08:49:19.140Z,0,20.29,50,OK
2026-02-07T08:49:19.190Z,0,20.23,50,OK
2026-02-07T08:49:19.240Z,0,20.23,50,OK
2026-02-07T08:49:19.290Z,0,20.07,50,OK
2026-02-07T08:49:19.340Z,0,20.07,50,OK
2026-02-07T08:49:19.390Z,0,20.07,50,OK
2026-02-07T08:49:19.441Z,0,20.07,50,OK
2026-02-07T08:49:19.491Z,0,20.09,50,OK
2026-02-07T08:49:19.541Z,0,20.12,50,OK
2026-02-07T08:49:19.591Z,0,20.13,50,OK
2026-02-07T08:49:19.642Z,0,20.13,50,OK
2026-02-07T08:49:19.693Z,0,20.17,50,OK
2026-02-07T08:49:19.743Z,0,20.18,50,OK
2026-02-07T08:49:19.793Z,0,20.29,50,OK
2026-02-07T08:49:19.843Z,0,20.30,50,OK
2026-02-07T08:49:19.893Z,0,20.23,50,OK
2026-02-07T08:49:19.943Z,0,20.24,50,OK
2026-02-07T08:49:19.993Z,0,20.30,50,OK
2026-02-07T08:49:20.044Z,0,20.29,50,OK
2026-02-07T08:49:20.095Z,0,20.25,50,OK
2026-02-07T08:49:20.145Z,0,20.27,50,OK
2026-02-07T08:49:20.196Z,0,20.32,50,OK
2026-02-07T08:49:20.247Z,0,20.32,50,OK
2026-02-07T08:49:20.298Z,0,20.30,50,OK
2026-02-07T08:49:20.348Z,0,20.31,50,OK
2026-02-07T08:49:20.399Z,0,20.35,50,OK
2026-02-07T08:49:20.449Z,0,20.34,50,OK
2026-02-07T08:49:20.500Z,0,20.34,50,OK
2026-02-07T08:49:20.551Z,0,20.34,50,OK
2026-02-07T08:49:20.600Z,0,20.33,50,OK
2026-02-07T08:49:20.651Z,0,20.31,50,OK
2026-02-07T08:49:20.701Z,0,20.25,50,OK
2026-02-07T08:49:20.751Z,0,20.24,50,OK
2026-02-07T08:49:20.801Z,0,20.28,50,OK
2026-02-07T08:49:20.851Z,0,20.26,50,OK
2026-02-07T08:49:20.901Z,0,20.22,50,OK
2026-02-07T08:49:20.951Z,0,20.24,50,OK
2026-02-07T08:49:21.001Z,0,20.27,50,OK
2026-02-07T08:49:21.051Z,0,20.28,50,OK
2026-02-07T08:49:21.101Z,0,20.32,50,OK
2026-02-07T08:49:21.151Z,0,20.31,50,OK
2026-02-07T08:49:21.202Z,0,20.27,50,OK
2026-02-07T08:49:21.252Z,0,20.28,50,OK
2026-02-07T08:49:21.303Z,0,20.27,50,OK
2026-02-07T08:49:21.353Z,0,20.26,50,OK
2026-02-07T08:49:21.403Z,0,20.27,50,OK
2026-02-07T08:49:21.454Z,0,20.26,50,OK
2026-02-07T08:49:21.504Z,0,20.24,50,OK
2026-02-07T08:49:21.554Z,0,20.22,50,OK
2026-02-07T08:49:21.604Z,0,20.16,50,OK
2026-02-07T08:49:21.654Z,0,20.19,50,OK
2026-02-07T08:49:21.704Z,0,20.20,50,OK
2026-02-07T08:49:21.754Z,0,20.21,50,OK
2026-02-07T08:49:21.804Z,0,20.26,50,OK
2026-02-07T08:49:21.854Z,0,20.26,50,OK
2026-02-07T08:49:21.904Z,0,20.24,50,OK
2026-02-07T08:49:21.954Z,0,20.25,50,OK
2026-02-07T08:49:22.004Z,0,20.29,50,OK
2026-02-07T08:49:22.055Z,0,20.31,50,OK
2026-02-07T08:49:22.105Z,0,20.28,50,OK
2026-02-07T08:49:22.156Z,0,20.26,50,OK
2026-02-07T08:49:22.206Z,0,20.20,50,OK
2026-02-07T08:49:22.256Z,0,20.19,50,OK
2026-02-07T08:49:22.306Z,0,20.15,50,OK
2026-02-07T08:49:22.356Z,0,20.16,50,OK
2026-02-07T08:49:22.406Z,0,20.14,50,OK
2026-02-07T08:49:22.456Z,0,20.14,50,OK
2026-02-07T08:49:22.506Z,0,20.14,50,OK
2026-02-07T08:49:22.557Z,0,20.15,50,OK
2026-02-07T08:49:22.607Z,0,20.19,50,OK
2026-02-07T08:49:22.658Z,0,20.16,50,OK
2026-02-07T08:49:22.710Z,0,20.30,50,OK
2026-02-07T08:49:22.760Z,0,20.29,50,OK
2026-02-07T08:49:22.810Z,0,20.33,50,OK
2026-02-07T08:49:22.860Z,0,20.32,50,OK
2026-02-07T08:49:22.911Z,0,20.36,50,OK
2026-02-07T08:49:22.961Z,0,20.36,50,OK
2026-02-07T08:49:23.011Z,0,20.29,50,OK
2026-02-07T08:49:23.061Z,0,20.29,50,OK
2026-02-07T08:49:23.112Z,0,20.31,50,OK
2026-02-07T08:49:23.163Z,0,20.37,50,OK
2026-02-07T08:49:23.213Z,0,20.31,50,OK
2026-02-07T08:49:23.264Z,0,20.30,50,OK
2026-02-07T08:49:23.314Z,0,20.20,50,OK
2026-02-07T08:49:23.364Z,0,20.21,50,OK
2026-02-07T08:49:23.413Z,0,20.26,50,OK
2026-02-07T08:49:23.464Z,0,20.25,50,OK
2026-02-07T08:49:23.515Z,0,20.30,50,OK
2026-02-07T08:49:23.565Z,0,20.27,50,OK
2026-02-07T08:49:23.615Z,0,20.33,50,OK
2026-02-07T08:49:23.665Z,0,20.31,50,OK
2026-02-07T08:49:23.716Z,0,20.28,50,OK
2026-02-07T08:49:23.766Z,0,20.33,50,OK
2026-02-07T08:49:23.817Z,0,20.38,50,OK
2026-02-07T08:49:23.867Z,0,20.39,50,OK
2026-02-07T08:49:23.917Z,0,20.41,50,OK
2026-02-07T08:49:23.968Z,0,20.38,50,OK
2026-02-07T08:49:24.017Z,0,20.37,50,OK
2026-02-07T08:49:24.068Z,0,20.36,50,OK
2026-02-07T08:49:24.118Z,0,20.37,50,OK
2026-02-07T08:49:24.168Z,0,20.37,50,OK
2026-02-07T08:49:24.219Z,0,20.37,50,OK
2026-02-07T08:49:24.270Z,0,20.30,50,OK
2026-02-07T08:49:24.321Z,0,20.27,50,OK
2026-02-07T08:49:24.371Z,0,20.25,50,OK
2026-02-07T08:49:24.420Z,0,20.19,50,OK
2026-02-07T08:49:24.471Z,0,20.21,50,OK
2026-02-07T08:49:24.521Z,0,20.27,50,OK
2026-02-07T08:49:24.571Z,0,20.29,50,OK
2026-02-07T08:49:24.622Z,0,20.19,50,OK
2026-02-07T08:49:24.671Z,0,20.17,50,OK
2026-02-07T08:49:24.722Z,0,20.24,50,OK
2026-02-07T08:49:24.773Z,0,20.25,50,OK
2026-02-07T08:49:24.823Z,0,20.20,50,OK
2026-02-07T08:49:24.873Z,0,20.14,50,OK
2026-02-07T08:49:24.923Z,0,20.17,50,OK
2026-02-07T08:49:24.973Z,0,20.18,50,OK
2026-02-07T08:49:25.023Z,0,20.12,50,OK
2026-02-07T08:49:25.074Z,0,20.11,50,OK
2026-02-07T08:49:25.124Z,0,20.18,50,OK
2026-02-07T08:49:25.174Z,0,20.20,50,OK
2026-02-07T08:49:25.225Z,0,20.19,50,OK
2026-02-07T08:49:25.275Z,0,20.20,50,OK
2026-02-07T08:49:25.325Z,0,20.28,50,OK
2026-02-07T08:49:25.375Z,0,20.34,50,OK
2026-02-07T08:49:25.425Z,0,20.32,50,OK
2026-02-07T08:49:25.475Z,0,20.31,50,OK
2026-02-07T08:49:25.526Z,0,20.29,50,OK
2026-02-07T08:49:25.576Z,0,20.29,50,OK
2026-02-07T08:49:25.626Z,0,20.27,50,OK
2026-02-07T08:49:25.676Z,0,20.27,50,OK
2026-02-07T08:49:25.727Z,0,20.24,50,OK
2026-02-07T08:49:25.777Z,0,20.26,50,OK
2026-02-07T08:49:25.827Z,0,20.25,50,OK
2026-02-07T08:49:25.877Z,0,20.25,50,OK
2026-02-07T08:49:25.927Z,0,20.26,50,OK
2026-02-07T08:49:25.978Z,0,20.27,50,OK
2026-02-07T08:49:26.028Z,0,20.28,50,OK
2026-02-07T08:49:26.078Z,0,20.28,50,OK
2026-02-07T08:49:26.128Z,0,20.29,50,OK
2026-02-07T08:49:26.179Z,0,20.28,50,OK
2026-02-07T08:49:26.229Z,0,20.29,50,OK
2026-02-07T08:49:26.279Z,0,20.27,50,OK
2026-02-07T08:49:26.330Z,0,20.27,50,OK
2026-02-07T08:49:26.380Z,0,20.27,50,OK
2026-02-07T08:49:26.430Z,0,20.25,50,OK
2026-02-07T08:49:26.480Z,0,20.25,50,OK
2026-02-07T08:49:26.531Z,0,20.24,50,OK
2026-02-07T08:49:26.582Z,0,20.24,50,OK
2026-02-07T08:49:26.632Z,0,20.23,50,OK
