Timestamp,ActiveRequests,Lag_ms,VirtualLimit,Status,Kp_Used
2026-02-15T13:30:28.140Z,0,27.82,19,OK,0.1
2026-02-15T13:30:28.190Z,0,24.04,20,OK,0.1
2026-02-15T13:30:28.241Z,0,22.79,21,OK,0.1
2026-02-15T13:30:28.292Z,0,22.17,22,OK,0.1
2026-02-15T13:30:28.341Z,0,21.78,23,OK,0.1
2026-02-15T13:30:28.391Z,0,20.25,24,OK,0.1
2026-02-15T13:30:28.442Z,0,20.23,25,OK,0.1
2026-02-15T13:30:28.491Z,0,20.20,26,OK,0.1
2026-02-15T13:30:28.542Z,0,20.24,27,OK,0.1
2026-02-15T13:30:28.593Z,0,20.24,28,OK,0.1
2026-02-15T13:30:28.643Z,0,20.24,29,OK,0.1
2026-02-15T13:30:28.693Z,0,20.26,30,OK,0.1
2026-02-15T13:30:28.743Z,0,20.30,31,OK,0.1
2026-02-15T13:30:28.793Z,0,20.24,32,OK,0.1
2026-02-15T13:30:28.844Z,0,20.23,33,OK,0.1
2026-02-15T13:30:28.893Z,0,20.27,34,OK,0.1
2026-02-15T13:30:28.944Z,0,20.29,35,OK,0.1
2026-02-15T13:30:28.994Z,0,20.27,36,OK,0.1
2026-02-15T13:30:29.044Z,0,20.28,37,OK,0.1
2026-02-15T13:30:29.096Z,0,20.29,38,OK,0.1
2026-02-15T13:30:29.146Z,0,20.26,39,OK,0.1
2026-02-15T13:30:29.197Z,0,20.24,40,OK,0.1
2026-02-15T13:30:29.247Z,0,20.26,41,OK,0.1
2026-02-15T13:30:29.297Z,0,20.28,42,OK,0.1
2026-02-15T13:30:29.348Z,0,20.32,43,OK,0.1
2026-02-15T13:30:29.399Z,0,20.38,44,OK,0.1
2026-02-15T13:30:29.450Z,0,20.42,45,OK,0.1
2026-02-15T13:30:29.500Z,0,20.40,46,OK,0.1
2026-02-15T13:30:29.550Z,0,20.39,47,OK,0.1
2026-02-15T13:30:29.601Z,0,20.37,48,OK,0.1
2026-02-15T13:30:29.651Z,0,20.36,49,OK,0.1
2026-02-15T13:30:29.702Z,0,20.33,50,OK,0.1
2026-02-15T13:30:29.753Z,0,20.38,50,OK,0.1
2026-02-15T13:30:29.804Z,0,20.41,50,OK,0.1
2026-02-15T13:30:29.854Z,0,20.38,50,OK,0.1
2026-02-15T13:30:29.905Z,0,20.39,50,OK,0.1
2026-02-15T13:30:29.956Z,0,20.38,50,OK,0.1
2026-02-15T13:30:30.007Z,0,20.28,50,OK,0.1
2026-02-15T13:30:30.057Z,0,20.24,50,OK,0.1
2026-02-15T13:30:30.107Z,0,20.29,50,OK,0.1
2026-02-15T13:30:30.157Z,0,20.27,50,OK,0.1
2026-02-15T13:30:30.207Z,0,20.35,50,OK,0.1
2026-02-15T13:30:30.258Z,0,20.45,50,OK,0.1
2026-02-15T13:30:30.308Z,0,20.41,50,OK,0.1
2026-02-15T13:30:30.358Z,0,20.41,50,OK,0.1
2026-02-15T13:30:30.408Z,0,20.31,50,OK,0.1
2026-02-15T13:30:30.459Z,0,20.21,50,OK,0.1
2026-02-15T13:30:30.509Z,0,20.12,50,OK,0.1
2026-02-15T13:30:30.559Z,0,20.15,50,OK,0.1
2026-02-15T13:30:30.609Z,0,20.08,50,OK,0.1
2026-02-15T13:30:30.659Z,0,20.14,50,OK,0.1
2026-02-15T13:30:30.710Z,0,20.22,50,OK,0.1
2026-02-15T13:30:30.761Z,0,20.26,50,OK,0.1
2026-02-15T13:30:30.812Z,0,20.28,50,OK,0.1
2026-02-15T13:30:30.862Z,0,20.33,50,OK,0.1
2026-02-15T13:30:30.912Z,0,20.28,50,OK,0.1
2026-02-15T13:30:30.961Z,0,20.22,50,OK,0.1
2026-02-15T13:30:31.012Z,0,20.25,50,OK,0.1
2026-02-15T13:30:31.062Z,0,20.23,50,OK,0.1
2026-02-15T13:30:31.113Z,0,20.22,50,OK,0.1
2026-02-15T13:30:31.164Z,0,20.29,50,OK,0.1
2026-02-15T13:30:31.213Z,0,20.31,50,OK,0.1
2026-02-15T13:30:31.264Z,0,20.29,50,OK,0.1
2026-02-15T13:30:31.314Z,0,20.33,50,OK,0.1
2026-02-15T13:30:31.365Z,0,20.31,50,OK,0.1
2026-02-15T13:30:31.416Z,0,20.35,50,OK,0.1
2026-02-15T13:30:31.465Z,0,20.29,50,OK,0.1
2026-02-15T13:30:31.516Z,0,20.28,50,OK,0.1
2026-02-15T13:30:31.565Z,0,20.28,50,OK,0.1
2026-02-15T13:30:31.616Z,0,20.31,50,OK,0.1
2026-02-15T13:30:31.666Z,0,20.29,50,OK,0.1
2026-02-15T13:30:31.717Z,0,20.29,50,OK,0.1
2026-02-15T13:30:31.767Z,0,20.32,50,OK,0.1
2026-02-15T13:30:31.816Z,0,20.31,50,OK,0.1
2026-02-15T13:30:31.867Z,0,20.38,50,OK,0.1
2026-02-15T13:30:31.918Z,0,20.43,50,OK,0.1
2026-02-15T13:30:31.968Z,0,20.48,50,OK,0.1
2026-02-15T13:30:32.019Z,0,20.47,50,OK,0.1
2026-02-15T13:30:32.070Z,0,20.51,50,OK,0.1
2026-02-15T13:30:32.119Z,0,20.43,50,OK,0.1
2026-02-15T13:30:32.170Z,0,20.38,50,OK,0.1
2026-02-15T13:30:32.220Z,0,20.43,50,OK,0.1
2026-02-15T13:30:32.271Z,0,20.44,50,OK,0.1
2026-02-15T13:30:32.320Z,0,20.46,50,OK,0.1
2026-02-15T13:30:32.371Z,0,20.47,50,OK,0.1
2026-02-15T13:30:32.422Z,0,20.32,50,OK,0.1
2026-02-15T13:30:32.471Z,0,20.25,50,OK,0.1
2026-02-15T13:30:32.522Z,0,20.29,50,OK,0.1
2026-02-15T13:30:32.573Z,0,20.21,50,OK,0.1
2026-02-15T13:30:32.623Z,0,20.30,50,OK,0.1
2026-02-15T13:30:32.673Z,0,20.44,50,OK,0.1
2026-02-15T13:30:32.723Z,0,20.53,50,OK,0.1
2026-02-15T13:30:32.773Z,0,20.48,50,OK,0.1
2026-02-15T13:30:32.824Z,0,20.50,50,OK,0.1
2026-02-15T13:30:32.874Z,0,20.45,50,OK,0.1
2026-02-15T13:30:32.924Z,0,20.38,50,OK,0.1
2026-02-15T13:30:32.975Z,0,20.30,50,OK,0.1
2026-02-15T13:30:33.025Z,0,20.31,50,OK,0.1
2026-02-15T13:30:33.076Z,0,20.27,50,OK,0.1
2026-02-15T13:30:33.126Z,0,20.35,50,OK,0.1
2026-02-15T13:30:33.175Z,0,20.40,50,OK,0.1
2026-02-15T13:30:33.226Z,0,20.45,50,OK,0.1
2026-02-15T13:30:33.276Z,0,20.47,50,OK,0.1
2026-02-15T13:30:33.325Z,0,20.51,50,OK,0.1
2026-02-15T13:30:33.376Z,0,20.43,50,OK,0.1
2026-02-15T13:30:33.426Z,0,20.46,50,OK,0.1
2026-02-15T13:30:33.476Z,0,20.48,50,OK,0.1
2026-02-15T13:30:33.527Z,0,20.28,50,OK,0.1
2026-02-15T13:30:33.577Z,0,20.26,50,OK,0.1
2026-02-15T13:30:33.628Z,0,20.24,50,OK,0.1
2026-02-15T13:30:33.678Z,0,20.22,50,OK,0.1
2026-02-15T13:30:33.729Z,0,20.24,50,OK,0.1
2026-02-15T13:30:33.779Z,0,20.46,50,OK,0.1
2026-02-15T13:30:33.830Z,0,20.60,50,OK,0.1
2026-02-15T13:30:33.881Z,0,20.59,50,OK,0.1
2026-02-15T13:30:33.931Z,0,20.74,50,OK,0.1
2026-02-15T13:30:33.981Z,0,20.66,50,OK,0.1
2026-02-15T13:30:34.032Z,0,20.50,50,OK,0.1
2026-02-15T13:30:34.082Z,0,20.32,50,OK,0.1
2026-02-15T13:30:34.132Z,0,20.40,50,OK,0.1
2026-02-15T13:30:34.181Z,0,20.32,50,OK,0.1
2026-02-15T13:30:34.233Z,0,20.31,50,OK,0.1
2026-02-15T13:30:34.283Z,0,20.49,50,OK,0.1
2026-02-15T13:30:34.333Z,0,20.53,50,OK,0.1
2026-02-15T13:30:34.383Z,0,20.47,50,OK,0.1
2026-02-15T13:30:34.433Z,0,20.39,50,OK,0.1
2026-02-15T13:30:34.484Z,0,20.41,50,OK,0.1
2026-02-15T13:30:34.535Z,0,20.36,50,OK,0.1
2026-02-15T13:30:34.585Z,0,20.34,50,OK,0.1
2026-02-15T13:30:34.636Z,0,20.41,50,OK,0.1
2026-02-15T13:30:34.686Z,0,20.48,50,OK,0.1
2026-02-15T13:30:34.737Z,0,20.52,50,OK,0.1
2026-02-15T13:30:34.787Z,0,20.52,50,OK,0.1
2026-02-15T13:30:34.837Z,0,20.66,50,OK,0.1
2026-02-15T13:30:34.887Z,0,20.59,50,OK,0.1
2026-02-15T13:30:34.937Z,0,20.71,50,OK,0.1
2026-02-15T13:30:34.988Z,0,20.65,50,OK,0.1
2026-02-15T13:30:35.039Z,0,20.57,50,OK,0.1
2026-02-15T13:30:35.090Z,0,20.40,50,OK,0.1
2026-02-15T13:30:35.140Z,0,20.42,50,OK,0.1
2026-02-15T13:30:35.190Z,0,20.25,50,OK,0.1
2026-02-15T13:30:35.241Z,0,20.30,50,OK,0.1
2026-02-15T13:30:35.292Z,0,20.40,50,OK,0.1
2026-02-15T13:30:35.342Z,0,20.31,50,OK,0.1
2026-02-15T13:30:35.393Z,0,20.18,50,OK,0.1
2026-02-15T13:30:35.443Z,0,20.33,50,OK,0.1
2026-02-15T13:30:35.493Z,0,20.30,50,OK,0.1
2026-02-15T13:30:35.543Z,0,20.24,50,OK,0.1
2026-02-15T13:30:35.593Z,0,20.33,50,OK,0.1
2026-02-15T13:30:35.644Z,0,20.44,50,OK,0.1
2026-02-15T13:30:35.695Z,0,20.31,50,OK,0.1
2026-02-15T13:30:35.746Z,0,20.14,50,OK,0.1
2026-02-15T13:30:35.795Z,0,20.18,50,OK,0.1
2026-02-15T13:30:35.846Z,0,20.24,50,OK,0.1
2026-02-15T13:30:35.896Z,0,20.25,50,OK,0.1
2026-02-15T13:30:35.946Z,0,20.14,50,OK,0.1
2026-02-15T13:30:35.996Z,0,20.28,50,OK,0.1
2026-02-15T13:30:36.047Z,0,20.41,50,OK,0.1
2026-02-15T13:30:36.097Z,0,20.37,50,OK,0.1
2026-02-15T13:30:36.147Z,0,20.44,50,OK,0.1
2026-02-15T13:30:36.201Z,0,20.59,50,OK,0.1
2026-02-15T13:30:36.250Z,0,20.68,50,OK,0.1
2026-02-15T13:30:36.301Z,0,20.47,50,OK,0.1
2026-02-15T13:30:36.352Z,0,20.49,50,OK,0.1
2026-02-15T13:30:36.402Z,0,20.36,50,OK,0.1
2026-02-15T13:30:36.459Z,1,24.32,50,OK,0.1
2026-02-15T13:30:36.509Z,0,24.20,50,OK,0.1
2026-02-15T13:30:36.559Z,0,24.31,50,OK,0.1
2026-02-15T13:30:36.609Z,0,24.28,50,OK,0.1
2026-02-15T13:30:36.659Z,0,24.30,50,OK,0.1
2026-02-15T13:30:36.710Z,0,20.30,50,OK,0.1
2026-02-15T13:30:36.760Z,0,20.34,50,OK,0.1
2026-02-15T13:30:36.810Z,0,20.26,50,OK,0.1
2026-02-15T13:30:36.861Z,0,20.27,50,OK,0.1
2026-02-15T13:30:36.912Z,0,20.27,50,OK,0.1
2026-02-15T13:30:36.963Z,0,20.28,50,OK,0.1
2026-02-15T13:30:37.017Z,1,20.37,50,OK,0.1
2026-02-15T13:30:37.067Z,0,20.43,50,OK,0.1
2026-02-15T13:30:37.117Z,0,20.42,50,OK,0.1
2026-02-15T13:30:37.167Z,0,20.41,50,OK,0.1
2026-02-15T13:30:37.218Z,0,20.39,50,OK,0.1
2026-02-15T13:30:37.267Z,0,20.28,50,OK,0.1
2026-02-15T13:30:37.318Z,0,20.27,50,OK,0.1
2026-02-15T13:30:37.368Z,0,20.26,50,OK,0.1
2026-02-15T13:30:37.419Z,0,20.25,50,OK,0.1
2026-02-15T13:30:37.469Z,0,20.26,50,OK,0.1
2026-02-15T13:30:37.519Z,0,20.26,50,OK,0.1
2026-02-15T13:30:37.570Z,0,20.27,50,OK,0.1
2026-02-15T13:30:37.620Z,0,20.25,50,OK,0.1
2026-02-15T13:30:37.670Z,0,20.32,50,OK,0.1
2026-02-15T13:30:37.720Z,0,20.32,50,OK,0.1
2026-02-15T13:30:37.770Z,0,20.24,50,OK,0.1
2026-02-15T13:30:37.820Z,0,20.28,50,OK,0.1
2026-02-15T13:30:37.871Z,0,20.25,50,OK,0.1
2026-02-15T13:30:37.921Z,0,20.19,50,OK,0.1
2026-02-15T13:30:37.972Z,0,20.23,50,OK,0.1
2026-02-15T13:30:38.022Z,0,20.19,50,OK,0.1
2026-02-15T13:30:38.072Z,0,20.15,50,OK,0.1
2026-02-15T13:30:38.123Z,0,20.17,50,OK,0.1
2026-02-15T13:30:38.173Z,0,20.19,50,OK,0.1
2026-02-15T13:30:38.224Z,0,20.15,50,OK,0.1
2026-02-15T13:30:38.275Z,0,20.31,50,OK,0.1
2026-02-15T13:30:38.326Z,0,20.30,50,OK,0.1
2026-02-15T13:30:38.376Z,0,20.25,50,OK,0.1
2026-02-15T13:30:38.426Z,0,20.23,50,OK,0.1
2026-02-15T13:30:38.477Z,0,20.31,50,OK,0.1
2026-02-15T13:30:38.527Z,0,20.34,50,OK,0.1
2026-02-15T13:30:38.577Z,0,20.39,50,OK,0.1
2026-02-15T13:30:38.628Z,1,20.37,50,OK,0.1
2026-02-15T13:30:38.679Z,1,20.38,50,OK,0.1
2026-02-15T13:30:38.728Z,1,20.30,50,OK,0.1
2026-02-15T13:30:38.779Z,1,20.25,50,OK,0.1
2026-02-15T13:30:38.830Z,1,20.44,50,OK,0.1
2026-02-15T13:30:38.880Z,1,20.58,50,OK,0.1
2026-02-15T13:30:38.930Z,1,20.56,50,OK,0.1
2026-02-15T13:30:38.979Z,1,20.58,50,OK,0.1
2026-02-15T13:30:39.030Z,1,20.61,50,OK,0.1
2026-02-15T13:30:39.080Z,1,20.50,50,OK,0.1
2026-02-15T13:30:39.130Z,1,20.45,50,OK,0.1
2026-02-15T13:30:39.181Z,1,20.44,50,OK,0.1
2026-02-15T13:30:39.231Z,1,20.42,50,OK,0.1
2026-02-15T13:30:39.281Z,1,20.37,50,OK,0.1
2026-02-15T13:30:39.330Z,1,20.26,50,OK,0.1
2026-02-15T13:30:39.381Z,1,20.27,50,OK,0.1
2026-02-15T13:30:39.431Z,1,20.70,50,OK,0.1
2026-02-15T13:30:39.482Z,1,20.67,50,OK,0.1
2026-02-15T13:30:39.533Z,1,20.64,50,OK,0.1
2026-02-15T13:30:39.582Z,1,20.59,50,OK,0.1
2026-02-15T13:30:39.633Z,1,20.58,50,OK,0.1
2026-02-15T13:30:39.683Z,1,20.16,50,OK,0.1
2026-02-15T13:30:39.733Z,1,20.18,50,OK,0.1
2026-02-15T13:30:39.783Z,1,20.26,50,OK,0.1
2026-02-15T13:30:39.833Z,2,20.42,50,OK,0.1
2026-02-15T13:30:39.882Z,2,20.44,50,OK,0.1
2026-02-15T13:30:39.933Z,2,20.25,50,OK,0.1
2026-02-15T13:30:39.983Z,2,20.27,50,OK,0.1
2026-02-15T13:30:40.033Z,2,20.35,50,OK,0.1
2026-02-15T13:30:40.082Z,2,20.23,50,OK,0.1
2026-02-15T13:30:40.133Z,2,20.23,50,OK,0.1
2026-02-15T13:30:40.184Z,2,20.41,50,OK,0.1
2026-02-15T13:30:40.235Z,2,20.42,50,OK,0.1
2026-02-15T13:30:40.284Z,2,20.29,50,OK,0.1
2026-02-15T13:30:40.334Z,2,20.28,50,OK,0.1
2026-02-15T13:30:40.384Z,2,20.27,50,OK,0.1
2026-02-15T13:30:40.435Z,2,20.31,50,OK,0.1
2026-02-15T13:30:40.486Z,2,20.34,50,OK,0.1
2026-02-15T13:30:40.536Z,2,20.39,50,OK,0.1
2026-02-15T13:30:40.587Z,2,20.41,50,OK,0.1
2026-02-15T13:30:40.637Z,2,20.33,50,OK,0.1
2026-02-15T13:30:40.688Z,2,20.28,50,OK,0.1
2026-02-15T13:30:40.739Z,2,20.26,50,OK,0.1
2026-02-15T13:30:40.790Z,2,20.24,50,OK,0.1
2026-02-15T13:30:40.840Z,2,20.21,50,OK,0.1
2026-02-15T13:30:40.890Z,2,20.32,50,OK,0.1
2026-02-15T13:30:40.940Z,2,20.23,50,OK,0.1
2026-02-15T13:30:40.990Z,2,20.22,50,OK,0.1
2026-02-15T13:30:41.040Z,2,20.28,50,OK,0.1
2026-02-15T13:30:41.090Z,2,20.33,50,OK,0.1
2026-02-15T13:30:41.140Z,2,20.38,50,OK,0.1
2026-02-15T13:30:41.190Z,2,20.47,50,OK,0.1
2026-02-15T13:30:41.242Z,3,20.46,50,OK,0.1
2026-02-15T13:30:41.292Z,2,20.30,50,OK,0.1
2026-02-15T13:30:41.343Z,2,20.27,50,OK,0.1
2026-02-15T13:30:41.393Z,2,20.27,50,OK,0.1
2026-02-15T13:30:41.443Z,3,20.28,50,OK,0.1
2026-02-15T13:30:41.494Z,3,20.36,50,OK,0.1
2026-02-15T13:30:41.543Z,3,20.39,50,OK,0.1
2026-02-15T13:30:41.594Z,3,20.41,50,OK,0.1
2026-02-15T13:30:41.644Z,3,20.55,50,OK,0.1
2026-02-15T13:30:41.693Z,3,20.57,50,OK,0.1
2026-02-15T13:30:41.744Z,3,20.49,50,OK,0.1
2026-02-15T13:30:41.794Z,3,20.52,50,OK,0.1
2026-02-15T13:30:41.843Z,2,20.47,50,OK,0.1
2026-02-15T13:30:41.894Z,2,20.27,50,OK,0.1
2026-02-15T13:30:41.944Z,2,20.27,50,OK,0.1
2026-02-15T13:30:41.994Z,2,20.29,50,OK,0.1
2026-02-15T13:30:42.203Z,2,37.07,48,OK,0.1
2026-02-15T13:30:42.342Z,3,50.84,45,OK,0.1
2026-02-15T13:30:42.393Z,3,50.84,42,OK,0.1
2026-02-15T13:30:42.443Z,3,50.75,39,OK,0.1
2026-02-15T13:30:42.494Z,3,50.82,36,OK,0.1
2026-02-15T13:30:42.547Z,3,34.10,35,OK,0.1
2026-02-15T13:30:42.597Z,3,20.33,36,OK,0.1
2026-02-15T13:30:42.648Z,2,20.30,37,OK,0.1
2026-02-15T13:30:42.697Z,2,20.40,38,OK,0.1
2026-02-15T13:30:42.747Z,2,20.33,39,OK,0.1
2026-02-15T13:30:42.798Z,2,20.28,40,OK,0.1
2026-02-15T13:30:42.848Z,2,20.38,41,OK,0.1
2026-02-15T13:30:42.899Z,2,20.41,42,OK,0.1
2026-02-15T13:30:42.950Z,2,20.40,43,OK,0.1
2026-02-15T13:30:43.001Z,2,20.40,44,OK,0.1
2026-02-15T13:30:43.051Z,2,20.41,45,OK,0.1
2026-02-15T13:30:43.101Z,2,20.36,46,OK,0.1
2026-02-15T13:30:43.151Z,2,20.35,47,OK,0.1
2026-02-15T13:30:43.202Z,2,20.33,48,OK,0.1
2026-02-15T13:30:43.253Z,2,20.41,49,OK,0.1
2026-02-15T13:30:43.304Z,2,20.43,50,OK,0.1
2026-02-15T13:30:43.355Z,2,20.38,50,OK,0.1
2026-02-15T13:30:43.405Z,2,20.41,50,OK,0.1
2026-02-15T13:30:43.454Z,1,20.74,50,OK,0.1
2026-02-15T13:30:43.505Z,1,20.65,50,OK,0.1
2026-02-15T13:30:43.555Z,1,20.72,50,OK,0.1
2026-02-15T13:30:43.606Z,1,20.74,50,OK,0.1
2026-02-15T13:30:43.657Z,1,20.66,50,OK,0.1
2026-02-15T13:30:43.708Z,1,20.35,50,OK,0.1
2026-02-15T13:30:43.759Z,1,20.31,50,OK,0.1
2026-02-15T13:30:43.808Z,1,20.21,50,OK,0.1
2026-02-15T13:30:43.859Z,1,20.13,50,OK,0.1
2026-02-15T13:30:43.909Z,1,20.17,50,OK,0.1
2026-02-15T13:30:43.960Z,1,20.09,50,OK,0.1
2026-02-15T13:30:44.010Z,1,20.12,50,OK,0.1
2026-02-15T13:30:44.060Z,1,20.14,50,OK,0.1
2026-02-15T13:30:44.111Z,1,20.25,50,OK,0.1
2026-02-15T13:30:44.162Z,1,20.26,50,OK,0.1
2026-02-15T13:30:44.213Z,0,20.26,50,OK,0.1
2026-02-15T13:30:44.264Z,0,20.33,50,OK,0.1
2026-02-15T13:30:44.313Z,0,20.35,50,OK,0.1
2026-02-15T13:30:44.365Z,0,20.32,50,OK,0.1
2026-02-15T13:30:44.417Z,0,20.29,50,OK,0.1
2026-02-15T13:30:44.467Z,0,20.24,50,OK,0.1
2026-02-15T13:30:44.518Z,0,20.22,50,OK,0.1
2026-02-15T13:30:44.701Z,0,20.18,50,OK,0.1
2026-02-15T13:30:44.751Z,0,20.07,50,OK,0.1
2026-02-15T13:30:44.801Z,0,20.12,50,OK,0.1
2026-02-15T13:30:44.853Z,0,20.18,50,OK,0.1
2026-02-15T13:30:44.903Z,0,20.20,50,OK,0.1
2026-02-15T13:30:44.953Z,0,20.20,50,OK,0.1
2026-02-15T13:30:45.003Z,0,20.32,50,OK,0.1
2026-02-15T13:30:45.053Z,0,20.26,50,OK,0.1
2026-02-15T13:30:45.103Z,0,20.36,50,OK,0.1
2026-02-15T13:30:45.153Z,0,20.31,50,OK,0.1
2026-02-15T13:30:45.204Z,0,20.40,50,OK,0.1
2026-02-15T13:30:45.255Z,0,20.43,50,OK,0.1
2026-02-15T13:30:45.305Z,0,20.52,50,OK,0.1
2026-02-15T13:30:45.356Z,0,20.47,50,OK,0.1
2026-02-15T13:30:45.407Z,0,20.47,50,OK,0.1
2026-02-15T13:30:45.457Z,0,20.35,50,OK,0.1
2026-02-15T13:30:45.508Z,0,20.33,50,OK,0.1
2026-02-15T13:30:45.557Z,0,20.24,50,OK,0.1
2026-02-15T13:30:45.608Z,0,20.22,50,OK,0.1
2026-02-15T13:30:45.658Z,0,20.26,50,OK,0.1
2026-02-15T13:30:45.710Z,0,20.32,50,OK,0.1
2026-02-15T13:30:45.761Z,0,20.31,50,OK,0.1
2026-02-15T13:30:45.812Z,0,20.40,50,OK,0.1
2026-02-15T13:30:45.861Z,0,20.46,50,OK,0.1
2026-02-15T13:30:45.912Z,0,20.42,50,OK,0.1
2026-02-15T13:30:45.963Z,0,20.39,50,OK,0.1
2026-02-15T13:30:46.014Z,0,20.43,50,OK,0.1
2026-02-15T13:30:46.063Z,0,20.38,50,OK,0.1
2026-02-15T13:30:46.113Z,0,20.31,50,OK,0.1
2026-02-15T13:30:46.164Z,0,20.33,50,OK,0.1
2026-02-15T13:30:46.214Z,0,20.36,50,OK,0.1
2026-02-15T13:30:46.451Z,0,60.79,46,OK,0.1
2026-02-15T13:30:46.601Z,1,76.73,40,OK,0.1
2026-02-15T13:30:46.652Z,0,76.74,34,OK,0.1
2026-02-15T13:30:46.702Z,0,76.76,28,OK,0.1
2026-02-15T13:30:46.752Z,0,76.86,22,OK,0.1
2026-02-15T13:30:46.803Z,0,36.40,20,OK,0.1
2026-02-15T13:30:46.964Z,0,32.13,19,OK,0.1
2026-02-15T13:30:47.014Z,0,32.19,18,OK,0.1
2026-02-15T13:30:47.200Z,0,62.84,14,OK,0.1
2026-02-15T13:30:47.250Z,0,62.80,10,OK,0.1
2026-02-15T13:30:47.302Z,0,62.77,6,OK,0.1
2026-02-15T13:30:47.352Z,0,51.13,5,OK,0.1
2026-02-15T13:30:47.402Z,0,51.10,5,OK,0.1
2026-02-15T13:30:47.451Z,0,20.43,6,OK,0.1
2026-02-15T13:30:47.502Z,0,20.28,7,OK,0.1
2026-02-15T13:30:47.553Z,0,20.33,8,OK,0.1
2026-02-15T13:30:47.603Z,0,20.16,9,OK,0.1
2026-02-15T13:30:47.654Z,0,20.23,10,OK,0.1
2026-02-15T13:30:47.705Z,0,20.23,11,OK,0.1
2026-02-15T13:30:47.851Z,1,30.08,10,OK,0.1
2026-02-15T13:30:47.901Z,1,30.07,9,OK,0.1
2026-02-15T13:30:47.952Z,1,30.25,8,OK,0.1
2026-02-15T13:30:48.002Z,1,30.23,7,OK,0.1
2026-02-15T13:30:48.052Z,2,30.18,6,OK,0.1
2026-02-15T13:30:48.104Z,2,20.40,7,OK,0.1
2026-02-15T13:30:48.154Z,2,20.47,8,OK,0.1
2026-02-15T13:30:48.204Z,2,20.44,9,OK,0.1
2026-02-15T13:30:48.255Z,2,20.31,10,OK,0.1
2026-02-15T13:30:48.305Z,2,20.35,11,OK,0.1
2026-02-15T13:30:48.355Z,2,20.35,12,OK,0.1
2026-02-15T13:30:48.405Z,2,20.29,13,OK,0.1
2026-02-15T13:30:48.455Z,3,20.30,14,OK,0.1
2026-02-15T13:30:48.506Z,4,20.47,15,OK,0.1
2026-02-15T13:30:48.556Z,4,20.47,16,OK,0.1
2026-02-15T13:30:48.606Z,4,20.45,17,OK,0.1
2026-02-15T13:30:48.657Z,4,20.39,18,OK,0.1
2026-02-15T13:30:48.707Z,4,20.42,19,OK,0.1
2026-02-15T13:30:48.758Z,4,20.39,20,OK,0.1
2026-02-15T13:30:48.808Z,4,20.42,21,OK,0.1
2026-02-15T13:30:48.857Z,5,20.48,22,OK,0.1
2026-02-15T13:30:48.908Z,4,20.43,23,OK,0.1
2026-02-15T13:30:48.959Z,4,20.38,24,OK,0.1
2026-02-15T13:30:49.211Z,4,64.02,20,OK,0.1
2026-02-15T13:30:49.460Z,4,105.68,11,OK,0.1
2026-02-15T13:30:49.510Z,4,105.41,5,OK,0.1
2026-02-15T13:30:49.560Z,4,105.50,5,OK,0.1
2026-02-15T13:30:49.610Z,4,105.48,5,OK,0.1
2026-02-15T13:30:49.660Z,4,61.64,5,OK,0.1
2026-02-15T13:30:49.710Z,4,19.98,6,OK,0.1
2026-02-15T13:30:49.760Z,3,20.24,7,OK,0.1
2026-02-15T13:30:49.810Z,3,20.27,8,OK,0.1
2026-02-15T13:30:49.991Z,3,20.30,9,OK,0.1
2026-02-15T13:30:50.113Z,7,30.77,8,OK,0.1
2026-02-15T13:30:50.164Z,3,30.78,7,OK,0.1
2026-02-15T13:30:50.214Z,3,30.86,6,OK,0.1
2026-02-15T13:30:50.390Z,4,61.73,5,OK,0.1
2026-02-15T13:30:50.501Z,5,69.86,5,SATURATED,0.1
2026-02-15T13:30:50.552Z,1,59.56,5,OK,0.1
2026-02-15T13:30:50.603Z,1,59.52,5,OK,0.1
2026-02-15T13:30:50.653Z,1,59.51,5,OK,0.1
2026-02-15T13:30:50.703Z,1,28.60,5,OK,0.1
2026-02-15T13:30:50.753Z,1,20.45,6,OK,0.1
2026-02-15T13:30:50.804Z,1,20.43,7,OK,0.1
2026-02-15T13:30:50.855Z,1,20.44,8,OK,0.1
2026-02-15T13:30:50.904Z,1,20.38,9,OK,0.1
2026-02-15T13:30:50.955Z,1,20.40,10,OK,0.1
2026-02-15T13:30:51.005Z,1,20.39,11,OK,0.1
2026-02-15T13:30:51.055Z,1,20.42,12,OK,0.1
2026-02-15T13:30:51.105Z,1,20.45,13,OK,0.1
2026-02-15T13:30:51.156Z,2,20.36,14,OK,0.1
2026-02-15T13:30:51.206Z,2,20.35,15,OK,0.1
2026-02-15T13:30:51.256Z,2,20.36,16,OK,0.1
2026-02-15T13:30:51.307Z,2,20.37,17,OK,0.1
2026-02-15T13:30:51.358Z,2,20.35,18,OK,0.1
2026-02-15T13:30:51.549Z,2,34.85,17,OK,0.1
2026-02-15T13:30:51.599Z,3,34.79,16,OK,0.1
2026-02-15T13:30:51.650Z,3,34.87,15,OK,0.1
2026-02-15T13:30:51.700Z,4,34.95,14,OK,0.1
2026-02-15T13:30:51.750Z,4,34.91,13,OK,0.1
2026-02-15T13:30:51.800Z,4,20.48,14,OK,0.1
2026-02-15T13:30:51.850Z,4,20.54,15,OK,0.1
2026-02-15T13:30:51.900Z,4,20.49,16,OK,0.1
2026-02-15T13:30:51.951Z,4,20.35,17,OK,0.1
2026-02-15T13:30:52.000Z,3,20.33,18,OK,0.1
2026-02-15T13:30:52.050Z,3,20.29,19,OK,0.1
2026-02-15T13:30:52.100Z,3,20.32,20,OK,0.1
2026-02-15T13:30:52.255Z,3,31.71,19,OK,0.1
2026-02-15T13:30:52.412Z,6,49.05,16,OK,0.1
2026-02-15T13:30:52.462Z,3,49.07,13,OK,0.1
2026-02-15T13:30:52.513Z,3,49.08,10,OK,0.1
2026-02-15T13:30:52.563Z,4,49.02,7,OK,0.1
2026-02-15T13:30:52.613Z,4,37.55,5,OK,0.1
2026-02-15T13:30:52.663Z,5,20.60,6,OK,0.1
2026-02-15T13:30:52.714Z,4,20.62,7,OK,0.1
2026-02-15T13:30:52.764Z,4,20.61,8,OK,0.1
2026-02-15T13:30:52.814Z,4,20.64,9,OK,0.1
2026-02-15T13:30:52.864Z,4,20.60,10,OK,0.1
2026-02-15T13:30:52.915Z,4,20.21,11,OK,0.1
2026-02-15T13:30:52.966Z,4,20.21,12,OK,0.1
2026-02-15T13:30:53.165Z,5,20.29,13,OK,0.1
2026-02-15T13:30:53.216Z,4,20.30,14,OK,0.1
2026-02-15T13:30:53.267Z,4,20.39,15,OK,0.1
2026-02-15T13:30:53.317Z,4,20.41,16,OK,0.1
2026-02-15T13:30:53.368Z,4,20.40,17,OK,0.1
2026-02-15T13:30:53.418Z,5,20.36,18,OK,0.1
2026-02-15T13:30:53.582Z,6,39.28,16,OK,0.1
2026-02-15T13:30:53.809Z,12,70.61,11,SATURATED,0.1
2026-02-15T13:30:53.859Z,4,70.64,6,OK,0.1
2026-02-15T13:30:53.909Z,4,70.63,5,OK,0.1
2026-02-15T13:30:53.959Z,4,70.62,5,OK,0.1
2026-02-15T13:30:54.010Z,4,51.72,5,OK,0.1
2026-02-15T13:30:54.060Z,4,20.38,6,OK,0.1
2026-02-15T13:30:54.110Z,4,20.32,7,OK,0.1
2026-02-15T13:30:54.160Z,4,20.34,8,OK,0.1
2026-02-15T13:30:54.210Z,4,20.48,9,OK,0.1
2026-02-15T13:30:54.261Z,4,20.47,10,OK,0.1
2026-02-15T13:30:54.311Z,4,20.44,11,OK,0.1
2026-02-15T13:30:54.361Z,4,20.48,12,OK,0.1
2026-02-15T13:30:54.411Z,4,20.68,13,OK,0.1
2026-02-15T13:30:54.461Z,4,20.52,14,OK,0.1
2026-02-15T13:30:54.512Z,4,20.52,15,OK,0.1
2026-02-15T13:30:54.563Z,4,20.54,16,OK,0.1
2026-02-15T13:30:54.613Z,4,20.70,17,OK,0.1
2026-02-15T13:30:54.663Z,4,20.48,18,OK,0.1
2026-02-15T13:30:54.713Z,4,20.48,19,OK,0.1
2026-02-15T13:30:54.831Z,4,30.00,18,OK,0.1
2026-02-15T13:30:55.191Z,13,87.95,11,SATURATED,0.1
2026-02-15T13:30:55.310Z,8,97.50,5,SATURATED,0.1
2026-02-15T13:30:55.361Z,4,97.50,5,OK,0.1
2026-02-15T13:30:55.414Z,5,97.83,5,SATURATED,0.1
2026-02-15T13:30:55.465Z,4,88.30,5,OK,0.1
2026-02-15T13:30:55.515Z,4,30.36,5,OK,0.1
2026-02-15T13:30:55.566Z,4,20.61,6,OK,0.1
2026-02-15T13:30:55.616Z,4,20.64,7,OK,0.1
2026-02-15T13:30:55.667Z,4,20.33,8,OK,0.1
2026-02-15T13:30:55.718Z,4,20.32,9,OK,0.1
2026-02-15T13:30:55.768Z,4,20.30,10,OK,0.1
2026-02-15T13:30:55.819Z,3,20.35,11,OK,0.1
2026-02-15T13:30:55.869Z,3,20.50,12,OK,0.1
2026-02-15T13:30:55.919Z,3,20.48,13,OK,0.1
2026-02-15T13:30:55.970Z,3,20.67,14,OK,0.1
2026-02-15T13:30:56.020Z,3,20.79,15,OK,0.1
2026-02-15T13:30:56.071Z,3,20.76,16,OK,0.1
2026-02-15T13:30:56.121Z,3,20.68,17,OK,0.1
2026-02-15T13:30:56.171Z,3,20.74,18,OK,0.1
2026-02-15T13:30:56.421Z,7,41.45,16,OK,0.1
2026-02-15T13:30:56.471Z,16,37.29,14,SATURATED,0.1
2026-02-15T13:30:56.522Z,6,37.24,12,OK,0.1
2026-02-15T13:30:56.598Z,6,37.11,10,OK,0.1
2026-02-15T13:30:56.757Z,7,64.66,6,SATURATED,0.1
2026-02-15T13:30:56.807Z,6,43.72,5,SATURATED,0.1
2026-02-15T13:30:56.858Z,6,47.80,5,SATURATED,0.1
2026-02-15T13:30:56.908Z,6,47.86,5,SATURATED,0.1
2026-02-15T13:30:56.959Z,6,47.89,5,SATURATED,0.1
2026-02-15T13:30:57.009Z,6,20.24,6,SATURATED,0.1
2026-02-15T13:30:57.060Z,6,20.27,7,OK,0.1
2026-02-15T13:30:57.110Z,6,20.25,8,OK,0.1
2026-02-15T13:30:57.160Z,6,20.30,9,OK,0.1
2026-02-15T13:30:57.210Z,5,20.28,10,OK,0.1
2026-02-15T13:30:57.260Z,5,20.33,11,OK,0.1
2026-02-15T13:30:57.311Z,5,20.37,12,OK,0.1
2026-02-15T13:30:57.361Z,5,20.36,13,OK,0.1
2026-02-15T13:30:57.412Z,5,20.54,14,OK,0.1
2026-02-15T13:30:57.462Z,5,20.49,15,OK,0.1
2026-02-15T13:30:57.594Z,9,41.87,13,OK,0.1
2026-02-15T13:30:57.704Z,11,49.78,10,SATURATED,0.1
2026-02-15T13:30:57.754Z,6,49.68,7,OK,0.1
2026-02-15T13:30:57.806Z,7,49.47,5,SATURATED,0.1
2026-02-15T13:30:57.856Z,6,49.54,5,SATURATED,0.1
2026-02-15T13:30:57.907Z,6,28.17,5,SATURATED,0.1
2026-02-15T13:30:57.957Z,6,20.26,6,SATURATED,0.1
2026-02-15T13:30:58.007Z,6,20.23,7,OK,0.1
2026-02-15T13:30:58.057Z,6,20.18,8,OK,0.1
2026-02-15T13:30:58.108Z,7,20.19,9,OK,0.1
2026-02-15T13:30:58.159Z,6,20.26,10,OK,0.1
2026-02-15T13:30:58.208Z,6,20.24,11,OK,0.1
2026-02-15T13:30:58.258Z,6,20.39,12,OK,0.1
2026-02-15T13:30:58.308Z,6,20.44,13,OK,0.1
2026-02-15T13:30:58.358Z,6,20.47,14,OK,0.1
2026-02-15T13:30:58.408Z,6,20.41,15,OK,0.1
2026-02-15T13:30:58.461Z,5,20.39,16,OK,0.1
2026-02-15T13:30:58.512Z,3,20.36,17,OK,0.1
2026-02-15T13:30:58.563Z,3,20.36,18,OK,0.1
2026-02-15T13:30:58.613Z,3,20.68,19,OK,0.1
2026-02-15T13:30:58.663Z,2,20.66,20,OK,0.1
2026-02-15T13:30:58.969Z,9,21.10,21,OK,0.1
2026-02-15T13:30:59.132Z,4,49.55,18,OK,0.1
2026-02-15T13:30:59.182Z,4,49.51,15,OK,0.1
2026-02-15T13:30:59.233Z,5,49.09,12,OK,0.1
2026-02-15T13:30:59.283Z,5,49.05,9,OK,0.1
2026-02-15T13:30:59.333Z,5,48.58,6,OK,0.1
2026-02-15T13:30:59.384Z,5,20.15,7,OK,0.1
2026-02-15T13:30:59.435Z,5,20.16,8,OK,0.1
2026-02-15T13:30:59.588Z,7,20.32,9,OK,0.1
2026-02-15T13:30:59.638Z,5,20.33,10,OK,0.1
2026-02-15T13:30:59.689Z,5,20.35,11,OK,0.1
2026-02-15T13:30:59.855Z,5,32.90,10,OK,0.1
2026-02-15T13:30:59.906Z,4,32.91,9,OK,0.1
2026-02-15T13:30:59.956Z,4,32.83,8,OK,0.1
2026-02-15T13:31:00.234Z,5,56.55,5,SATURATED,0.1
2026-02-15T13:31:00.285Z,4,56.57,5,OK,0.1
2026-02-15T13:31:00.336Z,4,44.02,5,OK,0.1
2026-02-15T13:31:00.386Z,4,44.06,5,OK,0.1
2026-02-15T13:31:00.436Z,5,43.96,5,SATURATED,0.1
2026-02-15T13:31:00.486Z,5,20.30,6,OK,0.1
2026-02-15T13:31:00.536Z,5,20.32,7,OK,0.1
2026-02-15T13:31:00.586Z,5,20.31,8,OK,0.1
2026-02-15T13:31:00.746Z,7,38.21,6,SATURATED,0.1
2026-02-15T13:31:00.796Z,5,38.28,5,SATURATED,0.1
2026-02-15T13:31:00.846Z,4,38.27,5,OK,0.1
2026-02-15T13:31:00.896Z,4,38.33,5,OK,0.1
2026-02-15T13:31:00.947Z,4,38.30,5,OK,0.1
2026-02-15T13:31:00.998Z,4,20.53,6,OK,0.1
2026-02-15T13:31:01.048Z,4,20.44,7,OK,0.1
2026-02-15T13:31:01.098Z,4,20.44,8,OK,0.1
2026-02-15T13:31:01.243Z,4,42.38,6,OK,0.1
2026-02-15T13:31:01.294Z,3,42.40,5,OK,0.1
2026-02-15T13:31:01.345Z,3,42.16,5,OK,0.1
2026-02-15T13:31:01.395Z,3,42.28,5,OK,0.1
2026-02-15T13:31:01.445Z,2,42.29,5,OK,0.1
2026-02-15T13:31:01.562Z,2,29.80,5,OK,0.1
2026-02-15T13:31:01.612Z,2,29.82,5,OK,0.1
2026-02-15T13:31:01.663Z,2,29.87,5,OK,0.1
2026-02-15T13:31:01.714Z,2,29.81,5,OK,0.1
2026-02-15T13:31:01.767Z,4,29.78,5,OK,0.1
2026-02-15T13:31:01.817Z,3,20.23,6,OK,0.1
2026-02-15T13:31:01.869Z,4,20.32,7,OK,0.1
2026-02-15T13:31:01.919Z,4,20.31,8,OK,0.1
2026-02-15T13:31:01.969Z,4,20.38,9,OK,0.1
2026-02-15T13:31:02.024Z,7,20.61,10,OK,0.1
2026-02-15T13:31:02.073Z,4,20.62,11,OK,0.1
2026-02-15T13:31:02.123Z,4,20.54,12,OK,0.1
2026-02-15T13:31:02.173Z,4,20.54,13,OK,0.1
2026-02-15T13:31:02.330Z,4,31.88,12,OK,0.1
2026-02-15T13:31:02.380Z,5,31.66,11,OK,0.1
2026-02-15T13:31:02.431Z,5,31.66,10,OK,0.1
2026-02-15T13:31:02.483Z,4,31.60,9,OK,0.1
2026-02-15T13:31:02.534Z,4,31.68,8,OK,0.1
2026-02-15T13:31:02.585Z,4,20.27,9,OK,0.1
2026-02-15T13:31:02.635Z,4,20.26,10,OK,0.1
2026-02-15T13:31:02.686Z,4,20.28,11,OK,0.1
2026-02-15T13:31:02.737Z,4,20.36,12,OK,0.1
2026-02-15T13:31:02.934Z,8,35.93,10,OK,0.1
2026-02-15T13:31:03.070Z,10,49.15,7,SATURATED,0.1
2026-02-15T13:31:03.121Z,6,49.18,5,SATURATED,0.1
2026-02-15T13:31:03.171Z,6,49.16,5,SATURATED,0.1
2026-02-15T13:31:03.221Z,6,49.15,5,SATURATED,0.1
2026-02-15T13:31:03.272Z,6,33.49,5,SATURATED,0.1
2026-02-15T13:31:03.322Z,6,20.35,6,SATURATED,0.1
2026-02-15T13:31:03.373Z,6,20.30,7,OK,0.1
2026-02-15T13:31:03.423Z,6,20.22,8,OK,0.1
2026-02-15T13:31:03.473Z,6,20.10,9,OK,0.1
2026-02-15T13:31:03.523Z,6,20.08,10,OK,0.1
2026-02-15T13:31:03.573Z,6,20.08,11,OK,0.1
2026-02-15T13:31:03.623Z,7,20.10,12,OK,0.1
2026-02-15T13:31:03.673Z,7,20.26,13,OK,0.1
2026-02-15T13:31:03.723Z,7,20.37,14,OK,0.1
2026-02-15T13:31:03.774Z,7,20.58,15,OK,0.1
2026-02-15T13:31:03.825Z,6,20.58,16,OK,0.1
2026-02-15T13:31:03.876Z,6,20.63,17,OK,0.1
2026-02-15T13:31:03.927Z,5,20.56,18,OK,0.1
2026-02-15T13:31:03.978Z,5,20.52,19,OK,0.1
2026-02-15T13:31:04.029Z,5,20.38,20,OK,0.1
2026-02-15T13:31:04.090Z,10,20.37,21,OK,0.1
2026-02-15T13:31:04.253Z,16,48.78,18,OK,0.1
2026-02-15T13:31:04.303Z,5,48.78,15,OK,0.1
2026-02-15T13:31:04.604Z,8,48.86,12,OK,0.1
2026-02-15T13:31:04.943Z,9,112.54,5,SATURATED,0.1
2026-02-15T13:31:04.994Z,3,112.55,5,OK,0.1
2026-02-15T13:31:05.044Z,3,84.09,5,OK,0.1
2026-02-15T13:31:05.095Z,2,84.17,5,OK,0.1
2026-02-15T13:31:05.145Z,2,84.10,5,OK,0.1
2026-02-15T13:31:05.196Z,2,20.41,6,OK,0.1
2026-02-15T13:31:05.247Z,2,20.41,7,OK,0.1
2026-02-15T13:31:05.297Z,4,21.98,8,OK,0.1
2026-02-15T13:31:05.347Z,5,21.88,9,OK,0.1
2026-02-15T13:31:05.398Z,5,21.88,10,OK,0.1
2026-02-15T13:31:05.448Z,5,21.79,11,OK,0.1
2026-02-15T13:31:05.498Z,5,21.79,12,OK,0.1
2026-02-15T13:31:05.549Z,5,20.11,13,OK,0.1
2026-02-15T13:31:05.599Z,5,20.12,14,OK,0.1
2026-02-15T13:31:05.649Z,4,20.13,15,OK,0.1
2026-02-15T13:31:05.699Z,4,20.21,16,OK,0.1
2026-02-15T13:31:05.749Z,4,20.19,17,OK,0.1
2026-02-15T13:31:05.799Z,4,20.35,18,OK,0.1
2026-02-15T13:31:05.850Z,4,20.41,19,OK,0.1
2026-02-15T13:31:05.900Z,4,20.41,20,OK,0.1
2026-02-15T13:31:06.117Z,8,20.48,21,OK,0.1
2026-02-15T13:31:06.530Z,19,99.08,13,SATURATED,0.1
2026-02-15T13:31:06.581Z,6,99.02,5,SATURATED,0.1
2026-02-15T13:31:06.631Z,6,99.09,5,SATURATED,0.1
2026-02-15T13:31:06.681Z,6,99.07,5,SATURATED,0.1
2026-02-15T13:31:06.731Z,6,98.95,5,SATURATED,0.1
2026-02-15T13:31:06.782Z,6,20.35,6,SATURATED,0.1
2026-02-15T13:31:06.832Z,5,20.37,7,OK,0.1
2026-02-15T13:31:06.882Z,5,20.26,8,OK,0.1
2026-02-15T13:31:06.933Z,5,20.26,9,OK,0.1
2026-02-15T13:31:06.983Z,5,20.31,10,OK,0.1
2026-02-15T13:31:07.033Z,5,20.25,11,OK,0.1
2026-02-15T13:31:07.084Z,5,20.26,12,OK,0.1
2026-02-15T13:31:07.135Z,6,20.26,13,OK,0.1
2026-02-15T13:31:07.186Z,6,20.25,14,OK,0.1
2026-02-15T13:31:07.237Z,6,20.28,15,OK,0.1
2026-02-15T13:31:07.461Z,6,51.29,12,OK,0.1
2026-02-15T13:31:07.512Z,3,51.22,9,OK,0.1
2026-02-15T13:31:07.930Z,8,120.73,5,SATURATED,0.1
2026-02-15T13:31:07.981Z,5,120.72,5,SATURATED,0.1
2026-02-15T13:31:08.031Z,5,120.72,5,SATURATED,0.1
2026-02-15T13:31:08.081Z,5,89.76,5,SATURATED,0.1
2026-02-15T13:31:08.132Z,5,89.67,5,SATURATED,0.1
2026-02-15T13:31:08.183Z,5,20.11,6,OK,0.1
2026-02-15T13:31:08.233Z,5,20.15,7,OK,0.1
2026-02-15T13:31:08.284Z,5,20.14,8,OK,0.1
2026-02-15T13:31:08.334Z,5,20.17,9,OK,0.1
2026-02-15T13:31:08.385Z,5,20.35,10,OK,0.1
2026-02-15T13:31:08.435Z,5,20.42,11,OK,0.1
2026-02-15T13:31:08.485Z,6,20.72,12,OK,0.1
2026-02-15T13:31:08.536Z,6,20.72,13,OK,0.1
2026-02-15T13:31:08.586Z,5,20.85,14,OK,0.1
2026-02-15T13:31:08.636Z,5,21.02,15,OK,0.1
2026-02-15T13:31:08.686Z,5,20.99,16,OK,0.1
2026-02-15T13:31:08.736Z,5,20.70,17,OK,0.1
2026-02-15T13:31:08.786Z,5,20.73,18,OK,0.1
2026-02-15T13:31:08.956Z,5,46.34,15,OK,0.1
2026-02-15T13:31:09.006Z,7,46.00,12,OK,0.1
2026-02-15T13:31:09.056Z,7,45.98,9,OK,0.1
2026-02-15T13:31:09.107Z,7,45.92,6,SATURATED,0.1
2026-02-15T13:31:09.158Z,6,46.28,5,SATURATED,0.1
2026-02-15T13:31:09.209Z,6,20.60,6,SATURATED,0.1
2026-02-15T13:31:09.259Z,6,20.75,7,OK,0.1
2026-02-15T13:31:09.311Z,6,20.82,8,OK,0.1
2026-02-15T13:31:09.362Z,6,20.86,9,OK,0.1
2026-02-15T13:31:09.413Z,6,20.46,10,OK,0.1
2026-02-15T13:31:09.463Z,6,20.35,11,OK,0.1
2026-02-15T13:31:09.514Z,6,20.47,12,OK,0.1
2026-02-15T13:31:09.571Z,7,20.42,13,OK,0.1
2026-02-15T13:31:09.622Z,4,20.28,14,OK,0.1
2026-02-15T13:31:09.672Z,4,20.22,15,OK,0.1
2026-02-15T13:31:09.723Z,4,20.27,16,OK,0.1
2026-02-15T13:31:09.773Z,4,20.06,17,OK,0.1
2026-02-15T13:31:09.823Z,4,20.01,18,OK,0.1
2026-02-15T13:31:09.874Z,4,20.13,19,OK,0.1
2026-02-15T13:31:09.924Z,4,20.14,20,OK,0.1
2026-02-15T13:31:10.074Z,8,30.08,19,OK,0.1
2026-02-15T13:31:10.305Z,19,62.31,15,SATURATED,0.1
2026-02-15T13:31:10.356Z,8,62.35,11,OK,0.1
2026-02-15T13:31:10.406Z,8,62.38,7,SATURATED,0.1
2026-02-15T13:31:10.457Z,8,62.42,5,SATURATED,0.1
2026-02-15T13:31:10.507Z,7,52.27,5,SATURATED,0.1
2026-02-15T13:31:10.558Z,7,20.22,6,SATURATED,0.1
2026-02-15T13:31:10.608Z,6,20.28,7,OK,0.1
2026-02-15T13:31:10.659Z,6,20.34,8,OK,0.1
2026-02-15T13:31:10.710Z,6,20.40,9,OK,0.1
2026-02-15T13:31:10.761Z,6,20.59,10,OK,0.1
2026-02-15T13:31:10.811Z,6,20.49,11,OK,0.1
2026-02-15T13:31:10.862Z,6,20.42,12,OK,0.1
2026-02-15T13:31:10.912Z,6,20.35,13,OK,0.1
2026-02-15T13:31:10.965Z,6,20.33,14,OK,0.1
2026-02-15T13:31:11.015Z,4,20.34,15,OK,0.1
2026-02-15T13:31:11.066Z,4,20.35,16,OK,0.1
2026-02-15T13:31:11.116Z,4,20.38,17,OK,0.1
2026-02-15T13:31:11.167Z,4,20.38,18,OK,0.1
2026-02-15T13:31:11.217Z,4,20.39,19,OK,0.1
2026-02-15T13:31:11.267Z,4,20.38,20,OK,0.1
2026-02-15T13:31:11.612Z,11,75.33,14,OK,0.1
2026-02-15T13:31:11.662Z,7,75.47,8,OK,0.1
2026-02-15T13:31:11.712Z,7,75.49,5,SATURATED,0.1
2026-02-15T13:31:11.763Z,7,75.47,5,SATURATED,0.1
2026-02-15T13:31:11.814Z,7,75.51,5,SATURATED,0.1
2026-02-15T13:31:11.865Z,7,20.56,6,SATURATED,0.1
2026-02-15T13:31:11.915Z,7,20.41,7,SATURATED,0.1
2026-02-15T13:31:11.965Z,7,20.40,8,OK,0.1
2026-02-15T13:31:12.016Z,7,20.51,9,OK,0.1
2026-02-15T13:31:12.066Z,7,20.33,10,OK,0.1
2026-02-15T13:31:12.116Z,6,20.33,11,OK,0.1
2026-02-15T13:31:12.166Z,6,20.31,12,OK,0.1
2026-02-15T13:31:12.363Z,5,51.72,9,OK,0.1
2026-02-15T13:31:12.413Z,3,51.60,6,OK,0.1
2026-02-15T13:31:12.463Z,3,51.72,5,OK,0.1
2026-02-15T13:31:12.513Z,4,51.76,5,OK,0.1
2026-02-15T13:31:12.563Z,3,51.76,5,OK,0.1
2026-02-15T13:31:12.613Z,3,20.35,6,OK,0.1
2026-02-15T13:31:12.775Z,6,44.84,5,SATURATED,0.1
2026-02-15T13:31:12.825Z,4,44.85,5,OK,0.1
2026-02-15T13:31:12.875Z,4,44.80,5,OK,0.1
2026-02-15T13:31:12.926Z,4,44.81,5,OK,0.1
2026-02-15T13:31:12.976Z,4,44.81,5,OK,0.1
2026-02-15T13:31:13.026Z,4,20.28,6,OK,0.1
2026-02-15T13:31:13.076Z,4,20.28,7,OK,0.1
2026-02-15T13:31:13.127Z,4,20.26,8,OK,0.1
2026-02-15T13:31:13.177Z,4,20.24,9,OK,0.1
2026-02-15T13:31:13.410Z,4,62.19,5,OK,0.1
2026-02-15T13:31:13.460Z,2,62.12,5,OK,0.1
2026-02-15T13:31:13.512Z,2,62.11,5,OK,0.1
2026-02-15T13:31:13.670Z,2,89.72,5,OK,0.1
2026-02-15T13:31:13.792Z,5,100.07,5,SATURATED,0.1
2026-02-15T13:31:13.842Z,1,58.10,5,OK,0.1
2026-02-15T13:31:13.894Z,1,58.20,5,OK,0.1
2026-02-15T13:31:13.945Z,1,58.21,5,OK,0.1
2026-02-15T13:31:13.996Z,2,30.72,5,OK,0.1
2026-02-15T13:31:14.047Z,1,20.39,6,OK,0.1
2026-02-15T13:31:14.098Z,1,20.43,7,OK,0.1
2026-02-15T13:31:14.148Z,1,20.46,8,OK,0.1
2026-02-15T13:31:14.198Z,1,20.47,9,OK,0.1
2026-02-15T13:31:14.249Z,1,20.38,10,OK,0.1
2026-02-15T13:31:14.299Z,1,20.35,11,OK,0.1
2026-02-15T13:31:14.351Z,1,20.35,12,OK,0.1
2026-02-15T13:31:14.401Z,1,20.29,13,OK,0.1
2026-02-15T13:31:14.546Z,3,45.01,10,OK,0.1
2026-02-15T13:31:14.596Z,1,45.04,7,OK,0.1
2026-02-15T13:31:14.646Z,0,45.02,5,OK,0.1
2026-02-15T13:31:14.697Z,1,45.02,5,OK,0.1
2026-02-15T13:31:14.747Z,1,45.03,5,OK,0.1
2026-02-15T13:31:14.797Z,5,20.28,6,OK,0.1
2026-02-15T13:31:14.944Z,5,41.96,5,SATURATED,0.1
2026-02-15T13:31:14.994Z,3,41.97,5,OK,0.1
2026-02-15T13:31:15.044Z,4,41.94,5,OK,0.1
2026-02-15T13:31:15.094Z,4,41.95,5,OK,0.1
2026-02-15T13:31:15.144Z,4,41.88,5,OK,0.1
2026-02-15T13:31:15.194Z,4,20.18,6,OK,0.1
2026-02-15T13:31:15.244Z,4,20.18,7,OK,0.1
2026-02-15T13:31:15.295Z,4,20.17,8,OK,0.1
2026-02-15T13:31:15.345Z,4,20.17,9,OK,0.1
2026-02-15T13:31:15.396Z,4,20.23,10,OK,0.1
2026-02-15T13:31:15.447Z,4,20.40,11,OK,0.1
2026-02-15T13:31:15.498Z,4,20.43,12,OK,0.1
2026-02-15T13:31:15.548Z,4,20.44,13,OK,0.1
2026-02-15T13:31:15.677Z,4,32.18,12,OK,0.1
2026-02-15T13:31:15.728Z,4,32.20,11,OK,0.1
2026-02-15T13:31:15.779Z,4,32.06,10,OK,0.1
2026-02-15T13:31:15.856Z,10,32.78,9,SATURATED,0.1
2026-02-15T13:31:15.907Z,7,32.86,8,OK,0.1
2026-02-15T13:31:15.957Z,7,21.14,9,OK,0.1
2026-02-15T13:31:16.008Z,7,21.09,10,OK,0.1
2026-02-15T13:31:16.059Z,7,21.07,11,OK,0.1
2026-02-15T13:31:16.109Z,7,20.41,12,OK,0.1
2026-02-15T13:31:16.159Z,7,20.37,13,OK,0.1
2026-02-15T13:31:16.209Z,7,20.38,14,OK,0.1
2026-02-15T13:31:16.259Z,7,20.40,15,OK,0.1
2026-02-15T13:31:16.309Z,7,20.46,16,OK,0.1
2026-02-15T13:31:16.360Z,7,20.38,17,OK,0.1
2026-02-15T13:31:16.410Z,7,20.30,18,OK,0.1
2026-02-15T13:31:16.460Z,7,20.09,19,OK,0.1
2026-02-15T13:31:16.510Z,7,20.01,20,OK,0.1
2026-02-15T13:31:16.561Z,7,19.98,21,OK,0.1
2026-02-15T13:31:16.611Z,7,20.02,22,OK,0.1
2026-02-15T13:31:16.662Z,7,20.08,23,OK,0.1
2026-02-15T13:31:16.831Z,6,32.81,22,OK,0.1
2026-02-15T13:31:16.963Z,18,49.72,19,OK,0.1
2026-02-15T13:31:17.161Z,14,75.24,13,SATURATED,0.1
2026-02-15T13:31:17.269Z,13,82.74,7,SATURATED,0.1
2026-02-15T13:31:17.319Z,8,82.75,5,SATURATED,0.1
2026-02-15T13:31:17.370Z,8,70.23,5,SATURATED,0.1
2026-02-15T13:31:17.421Z,8,53.36,5,SATURATED,0.1
2026-02-15T13:31:17.471Z,8,28.04,5,SATURATED,0.1
2026-02-15T13:31:17.521Z,8,20.57,6,SATURATED,0.1
2026-02-15T13:31:17.572Z,8,20.58,7,SATURATED,0.1
2026-02-15T13:31:17.622Z,8,20.60,8,SATURATED,0.1
2026-02-15T13:31:17.672Z,8,20.68,9,OK,0.1
2026-02-15T13:31:17.802Z,8,41.54,7,SATURATED,0.1
2026-02-15T13:31:17.852Z,6,41.40,5,SATURATED,0.1
2026-02-15T13:31:17.903Z,6,41.35,5,SATURATED,0.1
2026-02-15T13:31:17.953Z,6,41.35,5,SATURATED,0.1
2026-02-15T13:31:18.004Z,6,41.35,5,SATURATED,0.1
2026-02-15T13:31:18.055Z,6,20.27,6,SATURATED,0.1
2026-02-15T13:31:18.105Z,6,20.38,7,OK,0.1
2026-02-15T13:31:18.156Z,7,20.41,8,OK,0.1
2026-02-15T13:31:18.207Z,6,20.28,9,OK,0.1
2026-02-15T13:31:18.257Z,6,20.25,10,OK,0.1
2026-02-15T13:31:18.431Z,9,47.67,7,SATURATED,0.1
2026-02-15T13:31:18.482Z,6,47.63,5,SATURATED,0.1
2026-02-15T13:31:18.532Z,6,47.63,5,SATURATED,0.1
2026-02-15T13:31:18.583Z,6,47.69,5,SATURATED,0.1
2026-02-15T13:31:18.633Z,6,47.71,5,SATURATED,0.1
2026-02-15T13:31:18.683Z,6,20.23,6,SATURATED,0.1
2026-02-15T13:31:18.733Z,6,20.23,7,OK,0.1
2026-02-15T13:31:18.783Z,6,20.28,8,OK,0.1
2026-02-15T13:31:18.834Z,7,20.13,9,OK,0.1
2026-02-15T13:31:18.884Z,5,20.37,10,OK,0.1
2026-02-15T13:31:18.935Z,5,20.41,11,OK,0.1
2026-02-15T13:31:19.119Z,4,34.89,10,OK,0.1
2026-02-15T13:31:19.488Z,7,94.58,5,SATURATED,0.1
2026-02-15T13:31:19.539Z,4,94.76,5,OK,0.1
2026-02-15T13:31:19.590Z,4,94.57,5,OK,0.1
2026-02-15T13:31:19.640Z,4,94.58,5,OK,0.1
2026-02-15T13:31:19.690Z,4,80.13,5,OK,0.1
2026-02-15T13:31:19.740Z,4,20.50,6,OK,0.1
2026-02-15T13:31:19.790Z,4,20.49,7,OK,0.1
2026-02-15T13:31:19.845Z,4,20.49,8,OK,0.1
2026-02-15T13:31:20.004Z,5,38.23,6,OK,0.1
2026-02-15T13:31:20.055Z,5,38.18,5,SATURATED,0.1
2026-02-15T13:31:20.106Z,5,38.06,5,SATURATED,0.1
2026-02-15T13:31:20.156Z,5,38.08,5,SATURATED,0.1
2026-02-15T13:31:20.206Z,5,38.03,5,SATURATED,0.1
2026-02-15T13:31:20.257Z,5,20.33,6,OK,0.1
2026-02-15T13:31:20.307Z,5,20.36,7,OK,0.1
2026-02-15T13:31:20.358Z,6,20.34,8,OK,0.1
2026-02-15T13:31:20.409Z,6,20.34,9,OK,0.1
2026-02-15T13:31:20.460Z,6,20.35,10,OK,0.1
2026-02-15T13:31:20.529Z,9,20.84,11,OK,0.1
2026-02-15T13:31:20.580Z,6,20.89,12,OK,0.1
2026-02-15T13:31:20.630Z,6,21.05,13,OK,0.1
2026-02-15T13:31:20.680Z,6,21.04,14,OK,0.1
2026-02-15T13:31:20.731Z,6,20.98,15,OK,0.1
2026-02-15T13:31:20.781Z,6,20.49,16,OK,0.1
2026-02-15T13:31:20.831Z,5,20.41,17,OK,0.1
2026-02-15T13:31:20.970Z,5,43.53,15,OK,0.1
2026-02-15T13:31:21.120Z,12,43.75,13,OK,0.1
2026-02-15T13:31:21.170Z,7,43.85,11,OK,0.1
2026-02-15T13:31:21.220Z,7,43.85,9,OK,0.1
2026-02-15T13:31:21.271Z,7,43.88,7,SATURATED,0.1
2026-02-15T13:31:21.321Z,6,20.65,8,OK,0.1
2026-02-15T13:31:21.371Z,6,20.43,9,OK,0.1
2026-02-15T13:31:21.423Z,6,20.40,10,OK,0.1
2026-02-15T13:31:21.473Z,6,20.39,11,OK,0.1
2026-02-15T13:31:21.778Z,6,74.34,6,SATURATED,0.1
2026-02-15T13:31:21.829Z,6,74.31,5,SATURATED,0.1
2026-02-15T13:31:21.879Z,6,74.30,5,SATURATED,0.1
2026-02-15T13:31:21.930Z,6,74.23,5,SATURATED,0.1
2026-02-15T13:31:21.980Z,6,74.28,5,SATURATED,0.1
2026-02-15T13:31:22.031Z,4,20.35,6,OK,0.1
2026-02-15T13:31:22.082Z,4,20.36,7,OK,0.1
2026-02-15T13:31:22.281Z,4,20.47,8,OK,0.1
2026-02-15T13:31:22.331Z,4,20.55,9,OK,0.1
2026-02-15T13:31:22.383Z,4,20.44,10,OK,0.1
2026-02-15T13:31:22.433Z,4,20.41,11,OK,0.1
2026-02-15T13:31:22.483Z,4,20.44,12,OK,0.1
2026-02-15T13:31:22.533Z,4,20.37,13,OK,0.1
2026-02-15T13:31:22.583Z,4,20.33,14,OK,0.1
2026-02-15T13:31:22.633Z,4,20.37,15,OK,0.1
2026-02-15T13:31:22.682Z,4,20.40,16,OK,0.1
2026-02-15T13:31:22.733Z,4,20.40,17,OK,0.1
2026-02-15T13:31:22.785Z,5,20.37,18,OK,0.1
2026-02-15T13:31:23.049Z,15,66.56,13,SATURATED,0.1
2026-02-15T13:31:23.099Z,5,66.54,8,OK,0.1
2026-02-15T13:31:23.287Z,4,90.07,5,OK,0.1
2026-02-15T13:31:23.339Z,5,90.00,5,SATURATED,0.1
2026-02-15T13:31:23.389Z,5,90.07,5,SATURATED,0.1
2026-02-15T13:31:23.440Z,5,43.90,5,SATURATED,0.1
2026-02-15T13:31:23.490Z,5,43.91,5,SATURATED,0.1
2026-02-15T13:31:23.540Z,5,20.40,6,OK,0.1
2026-02-15T13:31:23.591Z,5,20.46,7,OK,0.1
2026-02-15T13:31:23.642Z,5,20.43,8,OK,0.1
2026-02-15T13:31:23.692Z,5,20.44,9,OK,0.1
2026-02-15T13:31:23.742Z,5,20.43,10,OK,0.1
2026-02-15T13:31:23.791Z,5,20.42,11,OK,0.1
2026-02-15T13:31:23.842Z,5,20.40,12,OK,0.1
2026-02-15T13:31:23.894Z,5,20.36,13,OK,0.1
2026-02-15T13:31:23.946Z,6,20.43,14,OK,0.1
2026-02-15T13:31:23.996Z,5,20.42,15,OK,0.1
2026-02-15T13:31:24.047Z,5,20.35,16,OK,0.1
2026-02-15T13:31:24.191Z,11,35.30,14,OK,0.1
2026-02-15T13:31:24.344Z,14,51.82,11,SATURATED,0.1
2026-02-15T13:31:24.395Z,9,51.72,8,SATURATED,0.1
2026-02-15T13:31:24.445Z,9,51.68,5,SATURATED,0.1
2026-02-15T13:31:24.495Z,9,51.72,5,SATURATED,0.1
2026-02-15T13:31:24.546Z,9,36.77,5,SATURATED,0.1
2026-02-15T13:31:24.597Z,9,20.30,6,SATURATED,0.1
2026-02-15T13:31:24.648Z,9,20.34,7,SATURATED,0.1
2026-02-15T13:31:24.697Z,9,20.39,8,SATURATED,0.1
2026-02-15T13:31:24.748Z,9,20.45,9,SATURATED,0.1
2026-02-15T13:31:24.799Z,8,20.47,10,OK,0.1
2026-02-15T13:31:24.850Z,8,20.51,11,OK,0.1
2026-02-15T13:31:24.900Z,8,20.46,12,OK,0.1
2026-02-15T13:31:24.950Z,8,20.43,13,OK,0.1
2026-02-15T13:31:25.000Z,8,20.46,14,OK,0.1
2026-02-15T13:31:25.050Z,8,20.44,15,OK,0.1
2026-02-15T13:31:25.214Z,7,39.26,13,OK,0.1
2026-02-15T13:31:25.266Z,6,39.24,11,OK,0.1
2026-02-15T13:31:25.316Z,5,39.31,9,OK,0.1
2026-02-15T13:31:25.514Z,5,64.77,5,SATURATED,0.1
2026-02-15T13:31:25.565Z,5,64.75,5,SATURATED,0.1
2026-02-15T13:31:25.616Z,5,45.68,5,SATURATED,0.1
2026-02-15T13:31:25.666Z,5,45.77,5,SATURATED,0.1
2026-02-15T13:31:25.716Z,5,45.74,5,SATURATED,0.1
2026-02-15T13:31:25.768Z,5,20.19,6,OK,0.1
2026-02-15T13:31:25.967Z,5,53.86,5,SATURATED,0.1
2026-02-15T13:31:26.017Z,5,53.84,5,SATURATED,0.1
2026-02-15T13:31:26.076Z,2,53.80,5,OK,0.1
2026-02-15T13:31:26.126Z,1,53.71,5,OK,0.1
2026-02-15T13:31:26.176Z,1,53.77,5,OK,0.1
2026-02-15T13:31:26.225Z,1,20.26,6,OK,0.1
2026-02-15T13:31:26.277Z,1,20.38,7,OK,0.1
2026-02-15T13:31:26.327Z,1,20.41,8,OK,0.1
2026-02-15T13:31:26.378Z,1,20.47,9,OK,0.1
2026-02-15T13:31:26.429Z,1,20.41,10,OK,0.1
2026-02-15T13:31:26.479Z,1,20.30,11,OK,0.1
2026-02-15T13:31:26.533Z,8,20.50,12,OK,0.1
2026-02-15T13:31:26.822Z,12,64.21,8,SATURATED,0.1
2026-02-15T13:31:26.954Z,4,76.55,5,OK,0.1
2026-02-15T13:31:27.004Z,5,76.56,5,SATURATED,0.1
2026-02-15T13:31:27.055Z,5,76.54,5,SATURATED,0.1
2026-02-15T13:31:27.105Z,5,76.34,5,SATURATED,0.1
2026-02-15T13:31:27.157Z,5,32.62,5,SATURATED,0.1
2026-02-15T13:31:27.207Z,5,20.21,6,OK,0.1
2026-02-15T13:31:27.257Z,5,20.31,7,OK,0.1
2026-02-15T13:31:27.307Z,5,20.37,8,OK,0.1
2026-02-15T13:31:27.357Z,5,20.40,9,OK,0.1
2026-02-15T13:31:27.407Z,5,20.40,10,OK,0.1
2026-02-15T13:31:27.458Z,5,20.47,11,OK,0.1
2026-02-15T13:31:27.509Z,5,20.37,12,OK,0.1
2026-02-15T13:31:27.560Z,6,20.70,13,OK,0.1
2026-02-15T13:31:27.610Z,5,20.70,14,OK,0.1
2026-02-15T13:31:27.660Z,5,20.70,15,OK,0.1
2026-02-15T13:31:27.710Z,5,20.79,16,OK,0.1
2026-02-15T13:31:27.760Z,5,20.86,17,OK,0.1
2026-02-15T13:31:27.811Z,5,20.54,18,OK,0.1
2026-02-15T13:31:28.174Z,13,74.94,10,SATURATED,0.1
2026-02-15T13:31:27.959Z,11,46.02,15,OK,0.1
2026-02-15T13:31:28.224Z,8,74.82,5,SATURATED,0.1
2026-02-15T13:31:28.275Z,7,74.82,5,SATURATED,0.1
2026-02-15T13:31:28.325Z,7,74.74,5,SATURATED,0.1
2026-02-15T13:31:28.375Z,7,49.32,5,SATURATED,0.1
2026-02-15T13:31:28.426Z,7,20.44,6,SATURATED,0.1
2026-02-15T13:31:28.477Z,7,20.51,7,SATURATED,0.1
2026-02-15T13:31:28.527Z,6,20.55,8,OK,0.1
2026-02-15T13:31:28.686Z,6,21.17,9,OK,0.1
2026-02-15T13:31:28.737Z,6,21.10,10,OK,0.1
2026-02-15T13:31:28.788Z,6,21.07,11,OK,0.1
2026-02-15T13:31:28.839Z,6,21.06,12,OK,0.1
2026-02-15T13:31:28.890Z,5,20.92,13,OK,0.1
2026-02-15T13:31:28.940Z,5,20.34,14,OK,0.1
2026-02-15T13:31:29.264Z,5,71.08,9,OK,0.1
2026-02-15T13:31:29.466Z,3,71.31,5,OK,0.1
2026-02-15T13:31:29.516Z,3,71.21,5,OK,0.1
2026-02-15T13:31:29.566Z,4,71.28,5,OK,0.1
2026-02-15T13:31:29.617Z,4,71.24,5,OK,0.1
2026-02-15T13:31:29.668Z,4,20.50,6,OK,0.1
2026-02-15T13:31:29.718Z,4,20.22,7,OK,0.1
2026-02-15T13:31:29.769Z,4,20.31,8,OK,0.1
2026-02-15T13:31:29.819Z,4,20.19,9,OK,0.1
2026-02-15T13:31:29.870Z,3,20.52,10,OK,0.1
2026-02-15T13:31:29.921Z,3,20.57,11,OK,0.1
2026-02-15T13:31:29.971Z,3,20.59,12,OK,0.1
2026-02-15T13:31:30.022Z,3,20.67,13,OK,0.1
2026-02-15T13:31:30.072Z,3,20.72,14,OK,0.1
2026-02-15T13:31:30.122Z,3,20.43,15,OK,0.1
2026-02-15T13:31:30.172Z,3,20.40,16,OK,0.1
2026-02-15T13:31:30.222Z,2,20.38,17,OK,0.1
2026-02-15T13:31:30.392Z,3,20.32,18,OK,0.1
2026-02-15T13:31:30.619Z,18,61.45,14,SATURATED,0.1
2026-02-15T13:31:30.731Z,10,69.80,9,SATURATED,0.1
2026-02-15T13:31:30.782Z,7,69.78,5,SATURATED,0.1
2026-02-15T13:31:30.832Z,7,69.77,5,SATURATED,0.1
2026-02-15T13:31:30.882Z,7,69.81,5,SATURATED,0.1
2026-02-15T13:31:30.933Z,7,28.67,5,SATURATED,0.1
2026-02-15T13:31:30.983Z,7,20.33,6,SATURATED,0.1
2026-02-15T13:31:31.034Z,7,20.45,7,SATURATED,0.1
2026-02-15T13:31:31.085Z,7,20.49,8,OK,0.1
2026-02-15T13:31:31.135Z,7,20.47,9,OK,0.1
2026-02-15T13:31:31.185Z,7,20.43,10,OK,0.1
2026-02-15T13:31:31.236Z,7,20.34,11,OK,0.1
2026-02-15T13:31:31.286Z,7,20.23,12,OK,0.1
2026-02-15T13:31:31.337Z,7,20.19,13,OK,0.1
2026-02-15T13:31:31.388Z,7,20.16,14,OK,0.1
2026-02-15T13:31:31.439Z,7,20.27,15,OK,0.1
2026-02-15T13:31:31.489Z,7,20.36,16,OK,0.1
2026-02-15T13:31:31.540Z,6,20.45,17,OK,0.1
2026-02-15T13:31:31.590Z,6,20.45,18,OK,0.1
2026-02-15T13:31:32.017Z,18,91.78,11,SATURATED,0.1
2026-02-15T13:31:32.067Z,7,91.80,5,SATURATED,0.1
2026-02-15T13:31:32.117Z,7,91.81,5,SATURATED,0.1
2026-02-15T13:31:32.167Z,7,91.71,5,SATURATED,0.1
2026-02-15T13:31:32.218Z,7,91.75,5,SATURATED,0.1
2026-02-15T13:31:32.268Z,7,20.31,6,SATURATED,0.1
2026-02-15T13:31:32.319Z,7,20.28,7,SATURATED,0.1
2026-02-15T13:31:32.369Z,7,20.21,8,OK,0.1
2026-02-15T13:31:32.419Z,6,20.11,9,OK,0.1
2026-02-15T13:31:32.470Z,6,20.09,10,OK,0.1
2026-02-15T13:31:32.520Z,6,20.24,11,OK,0.1
2026-02-15T13:31:32.572Z,6,20.13,12,OK,0.1
2026-02-15T13:31:32.625Z,4,20.21,13,OK,0.1
2026-02-15T13:31:32.675Z,3,20.38,14,OK,0.1
2026-02-15T13:31:32.726Z,3,20.40,15,OK,0.1
2026-02-15T13:31:32.894Z,2,32.90,14,OK,0.1
2026-02-15T13:31:32.944Z,2,32.92,13,OK,0.1
2026-02-15T13:31:32.996Z,2,32.95,12,OK,0.1
2026-02-15T13:31:33.347Z,12,94.96,5,SATURATED,0.1
2026-02-15T13:31:33.397Z,3,94.96,5,OK,0.1
2026-02-15T13:31:33.577Z,4,112.10,5,OK,0.1
2026-02-15T13:31:33.749Z,4,112.25,5,OK,0.1
2026-02-15T13:31:33.800Z,5,112.15,5,SATURATED,0.1
2026-02-15T13:31:33.850Z,5,50.05,5,SATURATED,0.1
2026-02-15T13:31:33.901Z,5,50.11,5,SATURATED,0.1
2026-02-15T13:31:33.951Z,5,20.42,6,OK,0.1
2026-02-15T13:31:34.001Z,5,20.35,7,OK,0.1
2026-02-15T13:31:34.055Z,4,20.72,8,OK,0.1
2026-02-15T13:31:34.104Z,4,20.81,9,OK,0.1
2026-02-15T13:31:34.154Z,4,20.75,10,OK,0.1
2026-02-15T13:31:34.204Z,4,20.74,11,OK,0.1
2026-02-15T13:31:34.254Z,4,20.71,12,OK,0.1
2026-02-15T13:31:34.304Z,4,20.33,13,OK,0.1
2026-02-15T13:31:34.358Z,6,20.29,14,OK,0.1
2026-02-15T13:31:34.408Z,5,20.69,15,OK,0.1
2026-02-15T13:31:34.458Z,5,20.68,16,OK,0.1
2026-02-15T13:31:34.508Z,5,20.67,17,OK,0.1
2026-02-15T13:31:34.559Z,5,20.71,18,OK,0.1
2026-02-15T13:31:34.609Z,5,20.69,19,OK,0.1
2026-02-15T13:31:34.659Z,5,20.26,20,OK,0.1
2026-02-15T13:31:34.709Z,5,20.27,21,OK,0.1
2026-02-15T13:31:34.759Z,5,20.29,22,OK,0.1
2026-02-15T13:31:34.809Z,5,20.29,23,OK,0.1
2026-02-15T13:31:34.860Z,5,20.29,24,OK,0.1
2026-02-15T13:31:34.911Z,6,20.29,25,OK,0.1
2026-02-15T13:31:34.962Z,6,20.26,26,OK,0.1
2026-02-15T13:31:35.012Z,6,20.27,27,OK,0.1
2026-02-15T13:31:35.159Z,5,20.27,28,OK,0.1
2026-02-15T13:31:35.210Z,6,20.33,29,OK,0.1
2026-02-15T13:31:35.261Z,5,20.37,30,OK,0.1
2026-02-15T13:31:35.311Z,5,20.44,31,OK,0.1
2026-02-15T13:31:35.508Z,5,20.43,32,OK,0.1
2026-02-15T13:31:35.560Z,9,20.91,33,OK,0.1
2026-02-15T13:31:35.610Z,6,20.69,34,OK,0.1
2026-02-15T13:31:35.661Z,6,20.67,35,OK,0.1
2026-02-15T13:31:35.711Z,6,20.67,36,OK,0.1
2026-02-15T13:31:35.761Z,4,20.58,37,OK,0.1
2026-02-15T13:31:35.811Z,4,20.16,38,OK,0.1
2026-02-15T13:31:35.861Z,4,20.30,39,OK,0.1
2026-02-15T13:31:35.911Z,4,20.29,40,OK,0.1
2026-02-15T13:31:36.043Z,5,32.60,39,OK,0.1
2026-02-15T13:31:36.094Z,4,32.66,38,OK,0.1
2026-02-15T13:31:36.144Z,4,32.64,37,OK,0.1
2026-02-15T13:31:36.194Z,4,32.71,36,OK,0.1
2026-02-15T13:31:36.244Z,4,32.67,35,OK,0.1
2026-02-15T13:31:36.294Z,4,20.35,36,OK,0.1
2026-02-15T13:31:36.344Z,4,20.38,37,OK,0.1
2026-02-15T13:31:36.393Z,3,20.34,38,OK,0.1
2026-02-15T13:31:36.445Z,3,20.34,39,OK,0.1
2026-02-15T13:31:36.495Z,3,20.35,40,OK,0.1
2026-02-15T13:31:36.552Z,8,20.59,41,OK,0.1
2026-02-15T13:31:36.782Z,8,52.52,38,OK,0.1
2026-02-15T13:31:37.017Z,30,85.48,31,OK,0.1
2026-02-15T13:31:37.067Z,8,85.71,24,OK,0.1
2026-02-15T13:31:37.117Z,8,85.73,17,OK,0.1
2026-02-15T13:31:37.167Z,8,85.45,10,OK,0.1
2026-02-15T13:31:37.217Z,8,53.50,7,SATURATED,0.1
2026-02-15T13:31:37.267Z,8,20.50,8,SATURATED,0.1
2026-02-15T13:31:37.318Z,8,20.25,9,OK,0.1
2026-02-15T13:31:37.368Z,8,20.27,10,OK,0.1
2026-02-15T13:31:37.418Z,8,20.31,11,OK,0.1
2026-02-15T13:31:37.468Z,8,20.32,12,OK,0.1
2026-02-15T13:31:37.519Z,8,20.36,13,OK,0.1
2026-02-15T13:31:37.569Z,8,20.32,14,OK,0.1
2026-02-15T13:31:37.620Z,8,20.25,15,OK,0.1
2026-02-15T13:31:37.670Z,8,20.22,16,OK,0.1
2026-02-15T13:31:37.721Z,8,20.22,17,OK,0.1
2026-02-15T13:31:37.771Z,8,20.28,18,OK,0.1
2026-02-15T13:31:37.978Z,9,57.64,14,OK,0.1
2026-02-15T13:31:38.029Z,10,57.51,10,SATURATED,0.1
2026-02-15T13:31:38.079Z,10,57.36,6,SATURATED,0.1
2026-02-15T13:31:38.129Z,10,57.34,5,SATURATED,0.1
2026-02-15T13:31:38.179Z,10,57.33,5,SATURATED,0.1
2026-02-15T13:31:38.228Z,10,19.98,6,SATURATED,0.1
2026-02-15T13:31:38.279Z,10,20.15,7,SATURATED,0.1
2026-02-15T13:31:38.329Z,10,20.33,8,SATURATED,0.1
2026-02-15T13:31:38.380Z,10,20.35,9,SATURATED,0.1
2026-02-15T13:31:38.430Z,10,20.36,10,SATURATED,0.1
2026-02-15T13:31:38.480Z,10,20.39,11,OK,0.1
2026-02-15T13:31:38.531Z,10,20.39,12,OK,0.1
2026-02-15T13:31:38.582Z,8,20.34,13,OK,0.1
2026-02-15T13:31:38.632Z,8,20.44,14,OK,0.1
2026-02-15T13:31:38.682Z,8,20.35,15,OK,0.1
2026-02-15T13:31:38.732Z,8,20.31,16,OK,0.1
2026-02-15T13:31:38.782Z,8,20.34,17,OK,0.1
2026-02-15T13:31:38.834Z,7,20.34,18,OK,0.1
2026-02-15T13:31:38.884Z,7,20.27,19,OK,0.1
2026-02-15T13:31:38.934Z,7,20.33,20,OK,0.1
2026-02-15T13:31:39.130Z,7,45.46,17,OK,0.1
2026-02-15T13:31:39.181Z,5,47.30,14,OK,0.1
2026-02-15T13:31:39.231Z,6,47.33,11,OK,0.1
2026-02-15T13:31:39.282Z,6,47.29,8,OK,0.1
2026-02-15T13:31:39.333Z,6,47.34,5,SATURATED,0.1
2026-02-15T13:31:39.383Z,6,22.17,6,SATURATED,0.1
2026-02-15T13:31:39.433Z,6,20.35,7,OK,0.1
2026-02-15T13:31:39.483Z,6,20.36,8,OK,0.1
2026-02-15T13:31:39.532Z,8,20.40,9,OK,0.1
2026-02-15T13:31:39.583Z,4,20.48,10,OK,0.1
2026-02-15T13:31:39.634Z,4,20.55,11,OK,0.1
2026-02-15T13:31:39.685Z,4,20.51,12,OK,0.1
2026-02-15T13:31:39.735Z,4,20.50,13,OK,0.1
2026-02-15T13:31:39.785Z,4,20.51,14,OK,0.1
2026-02-15T13:31:39.835Z,4,20.34,15,OK,0.1
2026-02-15T13:31:39.885Z,4,20.30,16,OK,0.1
2026-02-15T13:31:39.935Z,4,20.34,17,OK,0.1
2026-02-15T13:31:39.985Z,4,20.38,18,OK,0.1
2026-02-15T13:31:40.035Z,3,20.41,19,OK,0.1
2026-02-15T13:31:40.085Z,2,20.59,20,OK,0.1
2026-02-15T13:31:40.356Z,2,20.61,21,OK,0.1
2026-02-15T13:31:40.904Z,21,126.04,5,SATURATED,0.4
2026-02-15T13:31:40.954Z,4,126.06,5,OK,0.4
2026-02-15T13:31:41.004Z,4,126.03,5,OK,0.4
2026-02-15T13:31:41.055Z,4,125.95,5,OK,0.4
2026-02-15T13:31:41.105Z,4,125.72,5,OK,0.4
2026-02-15T13:31:41.155Z,3,20.28,6,OK,0.1
2026-02-15T13:31:41.206Z,2,20.18,7,OK,0.1
2026-02-15T13:31:41.256Z,2,20.12,8,OK,0.1
2026-02-15T13:31:41.308Z,2,20.09,9,OK,0.1
2026-02-15T13:31:41.358Z,2,20.31,10,OK,0.1
2026-02-15T13:31:41.409Z,2,20.28,11,OK,0.1
2026-02-15T13:31:41.459Z,2,20.34,12,OK,0.1
2026-02-15T13:31:41.509Z,2,20.41,13,OK,0.1
2026-02-15T13:31:41.559Z,2,20.34,14,OK,0.1
2026-02-15T13:31:41.609Z,2,20.37,15,OK,0.1
2026-02-15T13:31:41.658Z,2,20.38,16,OK,0.1
2026-02-15T13:31:41.710Z,2,20.35,17,OK,0.1
2026-02-15T13:31:41.761Z,2,20.30,18,OK,0.1
2026-02-15T13:31:41.811Z,2,20.37,19,OK,0.1
2026-02-15T13:31:41.861Z,2,20.38,20,OK,0.1
2026-02-15T13:31:41.919Z,7,20.49,21,OK,0.1
2026-02-15T13:31:42.192Z,21,61.03,17,SATURATED,0.1
2026-02-15T13:31:42.242Z,5,61.18,13,OK,0.1
2026-02-15T13:31:42.292Z,5,61.16,9,OK,0.1
2026-02-15T13:31:42.343Z,5,61.11,5,SATURATED,0.1
2026-02-15T13:31:42.394Z,3,60.88,5,OK,0.1
2026-02-15T13:31:42.443Z,3,20.32,6,OK,0.1
2026-02-15T13:31:42.494Z,3,20.15,7,OK,0.1
2026-02-15T13:31:42.544Z,3,20.17,8,OK,0.1
2026-02-15T13:31:42.594Z,3,20.15,9,OK,0.1
2026-02-15T13:31:42.644Z,3,20.32,10,OK,0.1
2026-02-15T13:31:42.694Z,3,20.31,11,OK,0.1
2026-02-15T13:31:42.745Z,3,20.33,12,OK,0.1
2026-02-15T13:31:42.796Z,3,20.41,13,OK,0.1
2026-02-15T13:31:42.846Z,3,20.44,14,OK,0.1
2026-02-15T13:31:42.896Z,3,20.47,15,OK,0.1
2026-02-15T13:31:42.946Z,3,20.48,16,OK,0.1
2026-02-15T13:31:42.997Z,3,20.49,17,OK,0.1
2026-02-15T13:31:43.047Z,3,20.44,18,OK,0.1
2026-02-15T13:31:43.098Z,3,20.82,19,OK,0.1
2026-02-15T13:31:43.148Z,3,20.76,20,OK,0.1
2026-02-15T13:31:43.206Z,7,20.87,21,OK,0.1
2026-02-15T13:31:43.321Z,13,30.00,20,OK,0.1
2026-02-15T13:31:43.668Z,18,85.31,13,SATURATED,0.1
2026-02-15T13:31:43.718Z,6,84.90,7,OK,0.1
2026-02-15T13:31:43.886Z,6,112.29,5,SATURATED,0.1
2026-02-15T13:31:43.937Z,6,112.19,5,SATURATED,0.1
2026-02-15T13:31:43.987Z,6,102.99,5,SATURATED,0.1
2026-02-15T13:31:44.038Z,6,47.66,5,SATURATED,0.1
2026-02-15T13:31:44.088Z,4,47.75,5,OK,0.1
2026-02-15T13:31:44.139Z,4,20.37,6,OK,0.1
2026-02-15T13:31:44.190Z,4,20.43,7,OK,0.1
2026-02-15T13:31:44.242Z,4,20.46,8,OK,0.1
2026-02-15T13:31:44.292Z,4,20.49,9,OK,0.1
2026-02-15T13:31:44.342Z,4,20.99,10,OK,0.1
2026-02-15T13:31:44.392Z,4,20.98,11,OK,0.1
2026-02-15T13:31:44.443Z,5,20.95,12,OK,0.1
2026-02-15T13:31:44.596Z,5,37.73,10,OK,0.1
2026-02-15T13:31:44.713Z,9,47.02,7,SATURATED,0.1
2026-02-15T13:31:44.763Z,5,46.41,5,SATURATED,0.1
2026-02-15T13:31:44.814Z,5,46.43,5,SATURATED,0.1
2026-02-15T13:31:44.864Z,5,46.48,5,SATURATED,0.1
2026-02-15T13:31:44.914Z,5,29.74,5,SATURATED,0.1
2026-02-15T13:31:44.964Z,5,20.35,6,OK,0.1
2026-02-15T13:31:45.014Z,5,20.37,7,OK,0.1
2026-02-15T13:31:45.065Z,5,20.35,8,OK,0.1
2026-02-15T13:31:45.199Z,6,40.20,6,SATURATED,0.1
2026-02-15T13:31:45.249Z,6,40.18,5,SATURATED,0.1
2026-02-15T13:31:45.300Z,6,40.25,5,SATURATED,0.1
2026-02-15T13:31:45.351Z,5,40.19,5,SATURATED,0.1
2026-02-15T13:31:45.400Z,5,40.13,5,SATURATED,0.1
2026-02-15T13:31:45.452Z,5,20.23,6,OK,0.1
2026-02-15T13:31:45.502Z,5,20.24,7,OK,0.1
2026-02-15T13:31:45.553Z,5,20.22,8,OK,0.1
2026-02-15T13:31:45.602Z,6,20.29,9,OK,0.1
2026-02-15T13:31:45.653Z,5,20.38,10,OK,0.1
2026-02-15T13:31:45.704Z,3,20.32,11,OK,0.1
2026-02-15T13:31:45.901Z,11,35.92,9,SATURATED,0.1
2026-02-15T13:31:45.952Z,5,35.88,7,OK,0.1
2026-02-15T13:31:46.002Z,5,35.88,5,SATURATED,0.1
2026-02-15T13:31:46.052Z,5,35.76,5,SATURATED,0.1
2026-02-15T13:31:46.102Z,5,36.04,5,SATURATED,0.1
2026-02-15T13:31:46.153Z,5,20.48,6,OK,0.1
2026-02-15T13:31:46.204Z,6,20.55,7,OK,0.1
2026-02-15T13:31:46.360Z,5,47.27,5,SATURATED,0.1
2026-02-15T13:31:46.411Z,5,47.33,5,SATURATED,0.1
2026-02-15T13:31:46.461Z,4,47.04,5,OK,0.1
2026-02-15T13:31:46.511Z,4,47.00,5,OK,0.1
2026-02-15T13:31:46.561Z,4,46.95,5,OK,0.1
2026-02-15T13:31:46.612Z,4,20.25,6,OK,0.1
2026-02-15T13:31:46.663Z,4,20.26,7,OK,0.1
2026-02-15T13:31:46.713Z,4,20.22,8,OK,0.1
2026-02-15T13:31:46.764Z,4,20.21,9,OK,0.1
2026-02-15T13:31:46.814Z,4,20.31,10,OK,0.1
2026-02-15T13:31:46.865Z,4,20.28,11,OK,0.1
2026-02-15T13:31:47.097Z,5,39.27,9,OK,0.1
2026-02-15T13:31:47.147Z,5,39.34,7,OK,0.1
2026-02-15T13:31:47.198Z,5,39.36,5,SATURATED,0.1
2026-02-15T13:31:47.248Z,4,39.22,5,OK,0.1
2026-02-15T13:31:47.299Z,4,39.26,5,OK,0.1
2026-02-15T13:31:47.349Z,4,20.30,6,OK,0.1
2026-02-15T13:31:47.399Z,4,20.32,7,OK,0.1
2026-02-15T13:31:47.449Z,4,20.37,8,OK,0.1
2026-02-15T13:31:47.499Z,4,20.41,9,OK,0.1
2026-02-15T13:31:47.549Z,4,20.38,10,OK,0.1
2026-02-15T13:31:47.599Z,4,20.37,11,OK,0.1
2026-02-15T13:31:47.803Z,4,55.85,7,OK,0.1
2026-02-15T13:31:47.919Z,6,64.95,5,SATURATED,0.1
2026-02-15T13:31:47.970Z,2,64.96,5,OK,0.1
2026-02-15T13:31:48.020Z,2,64.94,5,OK,0.1
2026-02-15T13:31:48.070Z,2,64.96,5,OK,0.1
2026-02-15T13:31:48.297Z,5,29.55,5,SATURATED,0.1
2026-02-15T13:31:48.347Z,1,20.34,6,OK,0.1
2026-02-15T13:31:48.399Z,3,21.10,7,OK,0.1
2026-02-15T13:31:48.450Z,2,21.12,8,OK,0.1
2026-02-15T13:31:48.501Z,2,21.07,9,OK,0.1
2026-02-15T13:31:48.552Z,2,20.98,10,OK,0.1
2026-02-15T13:31:48.603Z,2,21.06,11,OK,0.1
2026-02-15T13:31:48.653Z,2,20.35,12,OK,0.1
2026-02-15T13:31:48.703Z,2,20.37,13,OK,0.1
2026-02-15T13:31:48.754Z,2,20.42,14,OK,0.1
2026-02-15T13:31:48.805Z,2,20.46,15,OK,0.1
2026-02-15T13:31:48.856Z,3,20.44,16,OK,0.1
2026-02-15T13:31:48.906Z,3,20.41,17,OK,0.1
2026-02-15T13:31:49.058Z,4,46.39,14,OK,0.1
2026-02-15T13:31:49.105Z,4,46.62,11,OK,0.1
2026-02-15T13:31:49.155Z,4,46.57,8,OK,0.1
2026-02-15T13:31:49.206Z,4,46.52,5,OK,0.1
2026-02-15T13:31:49.257Z,4,46.55,5,OK,0.1
2026-02-15T13:31:49.308Z,5,21.40,6,OK,0.1
2026-02-15T13:31:49.358Z,4,21.14,7,OK,0.1
2026-02-15T13:31:49.531Z,6,33.94,6,SATURATED,0.1
2026-02-15T13:31:49.581Z,4,34.05,5,OK,0.1
2026-02-15T13:31:49.631Z,4,34.05,5,OK,0.1
2026-02-15T13:31:49.681Z,4,33.24,5,OK,0.1
2026-02-15T13:31:49.732Z,4,33.25,5,OK,0.1
2026-02-15T13:31:49.783Z,4,20.46,6,OK,0.1
2026-02-15T13:31:49.833Z,4,20.37,7,OK,0.1
2026-02-15T13:31:49.883Z,4,20.32,8,OK,0.1
2026-02-15T13:31:49.933Z,4,20.26,9,OK,0.1
2026-02-15T13:31:49.984Z,4,20.29,10,OK,0.1
2026-02-15T13:31:50.035Z,4,20.33,11,OK,0.1
2026-02-15T13:31:50.193Z,4,46.73,8,OK,0.1
2026-02-15T13:31:50.358Z,8,65.69,5,SATURATED,0.1
2026-02-15T13:31:50.519Z,3,89.84,5,OK,0.1
2026-02-15T13:31:50.569Z,3,89.66,5,OK,0.1
2026-02-15T13:31:50.620Z,3,89.55,5,OK,0.1
2026-02-15T13:31:50.670Z,3,63.20,5,OK,0.1
2026-02-15T13:31:50.721Z,3,44.28,5,OK,0.1
2026-02-15T13:31:50.772Z,3,20.16,6,OK,0.1
2026-02-15T13:31:50.823Z,2,20.65,7,OK,0.1
2026-02-15T13:31:50.873Z,2,20.78,8,OK,0.1
2026-02-15T13:31:50.924Z,2,20.77,9,OK,0.1
2026-02-15T13:31:50.974Z,2,20.77,10,OK,0.1
2026-02-15T13:31:51.025Z,2,20.64,11,OK,0.1
2026-02-15T13:31:51.075Z,0,20.19,12,OK,0.1
2026-02-15T13:31:51.126Z,0,20.14,13,OK,0.1
2026-02-15T13:31:51.176Z,0,20.11,14,OK,0.1
2026-02-15T13:31:51.300Z,0,38.13,12,OK,0.1
2026-02-15T13:31:51.350Z,0,38.26,10,OK,0.1
2026-02-15T13:31:51.519Z,10,65.63,5,SATURATED,0.1
2026-02-15T13:31:51.644Z,5,76.57,5,SATURATED,0.1
2026-02-15T13:31:51.696Z,1,76.57,5,OK,0.1
2026-02-15T13:31:51.746Z,1,58.59,5,OK,0.1
2026-02-15T13:31:51.797Z,1,58.59,5,OK,0.1
2026-02-15T13:31:51.848Z,1,31.45,5,OK,0.1
2026-02-15T13:31:51.899Z,1,20.44,6,OK,0.1
2026-02-15T13:31:51.949Z,1,20.37,7,OK,0.1
2026-02-15T13:31:52.000Z,1,20.37,8,OK,0.1
2026-02-15T13:31:52.050Z,1,20.31,9,OK,0.1
2026-02-15T13:31:52.101Z,1,20.38,10,OK,0.1
2026-02-15T13:31:52.151Z,1,20.46,11,OK,0.1
2026-02-15T13:31:52.201Z,1,20.52,12,OK,0.1
2026-02-15T13:31:52.252Z,1,20.54,13,OK,0.1
2026-02-15T13:31:52.303Z,1,20.58,14,OK,0.1
2026-02-15T13:31:52.353Z,1,20.37,15,OK,0.1
2026-02-15T13:31:52.538Z,4,34.51,14,OK,0.1
2026-02-15T13:31:52.757Z,12,64.25,10,SATURATED,0.1
2026-02-15T13:31:52.808Z,2,64.16,6,OK,0.1
2026-02-15T13:31:52.858Z,2,64.14,5,OK,0.1
2026-02-15T13:31:52.909Z,2,64.02,5,OK,0.1
2026-02-15T13:31:52.960Z,2,49.96,5,OK,0.1
2026-02-15T13:31:53.010Z,2,20.29,6,OK,0.1
2026-02-15T13:31:53.060Z,2,20.34,7,OK,0.1
2026-02-15T13:31:53.111Z,2,20.34,8,OK,0.1
2026-02-15T13:31:53.162Z,2,20.47,9,OK,0.1
2026-02-15T13:31:53.212Z,2,20.40,10,OK,0.1
2026-02-15T13:31:53.262Z,2,20.32,11,OK,0.1
2026-02-15T13:31:53.313Z,3,20.28,12,OK,0.1
2026-02-15T13:31:53.363Z,2,20.27,13,OK,0.1
2026-02-15T13:31:53.414Z,2,20.18,14,OK,0.1
2026-02-15T13:31:53.465Z,2,20.18,15,OK,0.1
2026-02-15T13:31:53.515Z,2,20.19,16,OK,0.1
2026-02-15T13:31:53.731Z,2,56.76,12,OK,0.1
2026-02-15T13:31:53.872Z,3,76.99,6,OK,0.1
2026-02-15T13:31:53.923Z,2,77.06,5,OK,0.1
2026-02-15T13:31:53.974Z,2,77.07,5,OK,0.1
2026-02-15T13:31:54.024Z,2,77.17,5,OK,0.1
2026-02-15T13:31:54.074Z,2,40.68,5,OK,0.1
2026-02-15T13:31:54.124Z,2,20.47,6,OK,0.1
2026-02-15T13:31:54.175Z,2,20.48,7,OK,0.1
2026-02-15T13:31:54.226Z,2,20.47,8,OK,0.1
2026-02-15T13:31:54.277Z,2,20.37,9,OK,0.1
2026-02-15T13:31:54.328Z,2,20.23,10,OK,0.1
2026-02-15T13:31:54.379Z,2,20.23,11,OK,0.1
2026-02-15T13:31:54.429Z,2,20.21,12,OK,0.1
2026-02-15T13:31:54.479Z,2,20.21,13,OK,0.1
2026-02-15T13:31:54.529Z,2,20.20,14,OK,0.1
2026-02-15T13:31:54.579Z,1,20.27,15,OK,0.1
2026-02-15T13:31:54.629Z,1,20.29,16,OK,0.1
2026-02-15T13:31:54.680Z,1,20.29,17,OK,0.1
2026-02-15T13:31:54.731Z,1,20.28,18,OK,0.1
2026-02-15T13:31:54.889Z,1,44.24,16,OK,0.1
2026-02-15T13:31:55.006Z,16,53.58,13,SATURATED,0.1
2026-02-15T13:31:55.056Z,1,53.56,10,OK,0.1
2026-02-15T13:31:55.106Z,1,53.57,7,OK,0.1
2026-02-15T13:31:55.157Z,1,53.62,5,OK,0.1
2026-02-15T13:31:55.208Z,1,29.66,5,OK,0.1
2026-02-15T13:31:55.259Z,1,20.34,6,OK,0.1
2026-02-15T13:31:55.309Z,1,20.33,7,OK,0.1
2026-02-15T13:31:55.504Z,1,45.25,5,OK,0.1
2026-02-15T13:31:55.554Z,2,45.20,5,OK,0.1
2026-02-15T13:31:55.604Z,2,45.20,5,OK,0.1
2026-02-15T13:31:55.654Z,2,45.19,5,OK,0.1
2026-02-15T13:31:55.705Z,2,45.24,5,OK,0.1
2026-02-15T13:31:55.870Z,3,20.29,6,OK,0.1
2026-02-15T13:31:55.920Z,2,20.32,7,OK,0.1
2026-02-15T13:31:55.971Z,2,20.38,8,OK,0.1
2026-02-15T13:31:56.025Z,8,21.63,9,OK,0.1
2026-02-15T13:31:56.153Z,9,33.16,8,SATURATED,0.1
2026-02-15T13:31:56.203Z,6,33.17,7,OK,0.1
2026-02-15T13:31:56.254Z,6,33.14,6,SATURATED,0.1
2026-02-15T13:31:56.305Z,6,33.08,5,SATURATED,0.1
2026-02-15T13:31:56.354Z,6,31.80,5,SATURATED,0.1
2026-02-15T13:31:56.405Z,6,20.25,6,SATURATED,0.1
2026-02-15T13:31:56.454Z,6,20.27,7,OK,0.1
2026-02-15T13:31:56.504Z,6,20.16,8,OK,0.1
2026-02-15T13:31:56.672Z,6,39.71,6,SATURATED,0.1
2026-02-15T13:31:56.722Z,6,39.74,5,SATURATED,0.1
2026-02-15T13:31:56.773Z,6,39.75,5,SATURATED,0.1
2026-02-15T13:31:56.823Z,6,39.73,5,SATURATED,0.1
2026-02-15T13:31:56.874Z,6,39.87,5,SATURATED,0.1
2026-02-15T13:31:56.925Z,6,20.33,6,SATURATED,0.1
2026-02-15T13:31:56.976Z,6,20.29,7,OK,0.1
2026-02-15T13:31:57.027Z,7,20.30,8,OK,0.1
2026-02-15T13:31:57.077Z,8,20.24,9,OK,0.1
2026-02-15T13:31:57.128Z,8,20.22,10,OK,0.1
2026-02-15T13:31:57.179Z,10,20.32,11,OK,0.1
2026-02-15T13:31:57.229Z,10,20.35,12,OK,0.1
2026-02-15T13:31:57.279Z,10,20.37,13,OK,0.1
2026-02-15T13:31:57.329Z,10,20.47,14,OK,0.1
2026-02-15T13:31:57.379Z,10,20.48,15,OK,0.1
2026-02-15T13:31:57.429Z,10,20.40,16,OK,0.1
2026-02-15T13:31:57.479Z,10,20.45,17,OK,0.1
2026-02-15T13:31:57.529Z,10,20.43,18,OK,0.1
2026-02-15T13:31:57.579Z,9,20.28,19,OK,0.1
2026-02-15T13:31:57.630Z,9,20.30,20,OK,0.1
2026-02-15T13:31:57.680Z,9,20.26,21,OK,0.1
2026-02-15T13:31:57.730Z,9,20.22,22,OK,0.1
2026-02-15T13:31:57.780Z,8,20.08,23,OK,0.1
2026-02-15T13:31:57.830Z,8,20.20,24,OK,0.1
2026-02-15T13:31:57.882Z,8,20.20,25,OK,0.1
2026-02-15T13:31:57.933Z,10,20.23,26,OK,0.1
2026-02-15T13:31:57.983Z,10,20.24,27,OK,0.1
2026-02-15T13:31:58.036Z,13,21.03,28,OK,0.1
2026-02-15T13:31:58.087Z,7,20.97,29,OK,0.1
2026-02-15T13:31:58.138Z,7,20.98,30,OK,0.1
2026-02-15T13:31:58.351Z,9,20.95,31,OK,0.1
2026-02-15T13:31:58.618Z,25,70.34,26,OK,0.1
2026-02-15T13:31:58.668Z,10,69.68,21,OK,0.1
2026-02-15T13:31:58.718Z,10,69.80,16,OK,0.1
2026-02-15T13:31:58.768Z,10,69.93,11,OK,0.1
2026-02-15T13:31:58.818Z,10,70.00,6,SATURATED,0.1
2026-02-15T13:31:58.868Z,10,20.64,7,SATURATED,0.1
2026-02-15T13:31:58.919Z,10,20.70,8,SATURATED,0.1
2026-02-15T13:31:58.970Z,10,20.63,9,SATURATED,0.1
2026-02-15T13:31:59.020Z,10,20.37,10,SATURATED,0.1
2026-02-15T13:31:59.070Z,9,20.29,11,OK,0.1
2026-02-15T13:31:59.120Z,9,20.27,12,OK,0.1
2026-02-15T13:31:59.170Z,7,20.12,13,OK,0.1
2026-02-15T13:31:59.220Z,7,20.07,14,OK,0.1
2026-02-15T13:31:59.270Z,7,20.20,15,OK,0.1
2026-02-15T13:31:59.321Z,7,20.19,16,OK,0.1
2026-02-15T13:31:59.372Z,8,20.18,17,OK,0.1
2026-02-15T13:31:59.422Z,8,20.33,18,OK,0.1
2026-02-15T13:31:59.473Z,8,20.37,19,OK,0.1
2026-02-15T13:31:59.523Z,8,20.36,20,OK,0.1
2026-02-15T13:31:59.574Z,8,20.38,21,OK,0.1
2026-02-15T13:31:59.625Z,9,20.36,22,OK,0.1
2026-02-15T13:31:59.675Z,13,20.30,23,OK,0.1
2026-02-15T13:31:59.726Z,14,20.25,24,OK,0.1
2026-02-15T13:31:59.882Z,14,20.24,25,OK,0.1
2026-02-15T13:31:59.933Z,12,20.14,26,OK,0.1
2026-02-15T13:31:59.983Z,12,20.19,27,OK,0.1
2026-02-15T13:32:00.033Z,15,20.15,28,OK,0.1
2026-02-15T13:32:00.345Z,16,68.53,23,OK,0.1
2026-02-15T13:32:00.395Z,15,68.51,18,OK,0.1
2026-02-15T13:32:00.445Z,15,68.60,13,SATURATED,0.1
2026-02-15T13:32:00.495Z,15,68.64,8,SATURATED,0.1
2026-02-15T13:32:00.546Z,15,68.70,5,SATURATED,0.1
2026-02-15T13:32:00.595Z,15,20.38,6,SATURATED,0.1
2026-02-15T13:32:00.646Z,12,20.22,7,SATURATED,0.1
2026-02-15T13:32:00.696Z,12,20.20,8,SATURATED,0.1
2026-02-15T13:32:00.746Z,12,20.17,9,SATURATED,0.1
2026-02-15T13:32:00.797Z,12,20.17,10,SATURATED,0.1
2026-02-15T13:32:00.847Z,12,20.16,11,SATURATED,0.1
2026-02-15T13:32:00.898Z,12,20.29,12,SATURATED,0.1
2026-02-15T13:32:00.949Z,12,20.44,13,OK,0.1
2026-02-15T13:32:00.999Z,12,20.42,14,OK,0.1
2026-02-15T13:32:01.049Z,13,20.40,15,OK,0.1
2026-02-15T13:32:01.169Z,13,30.33,14,OK,0.1
2026-02-15T13:32:01.219Z,13,30.51,13,SATURATED,0.1
2026-02-15T13:32:01.269Z,13,30.37,12,SATURATED,0.1
2026-02-15T13:32:01.320Z,13,30.38,11,SATURATED,0.1
2026-02-15T13:32:01.371Z,12,30.39,10,SATURATED,0.1
2026-02-15T13:32:01.422Z,12,20.50,11,SATURATED,0.1
2026-02-15T13:32:01.472Z,12,20.36,12,SATURATED,0.1
2026-02-15T13:32:01.523Z,12,20.45,13,OK,0.1
2026-02-15T13:32:01.572Z,12,20.42,14,OK,0.1
2026-02-15T13:32:01.622Z,12,20.49,15,OK,0.1
2026-02-15T13:32:01.785Z,13,20.88,16,OK,0.1
2026-02-15T13:32:01.836Z,7,20.82,17,OK,0.1
2026-02-15T13:32:01.886Z,7,20.73,18,OK,0.1
2026-02-15T13:32:01.936Z,9,21.05,19,OK,0.1
2026-02-15T13:32:01.987Z,9,20.95,20,OK,0.1
2026-02-15T13:32:02.037Z,8,20.45,21,OK,0.1
2026-02-15T13:32:02.088Z,6,20.46,22,OK,0.1
2026-02-15T13:32:02.138Z,6,20.48,23,OK,0.1
2026-02-15T13:32:02.189Z,7,20.16,24,OK,0.1
2026-02-15T13:32:02.239Z,7,20.21,25,OK,0.1
2026-02-15T13:32:02.384Z,7,42.38,23,OK,0.1
2026-02-15T13:32:02.502Z,13,51.98,20,OK,0.1
2026-02-15T13:32:02.554Z,6,52.00,17,OK,0.1
2026-02-15T13:32:02.603Z,6,52.06,14,OK,0.1
2026-02-15T13:32:02.653Z,6,51.96,11,OK,0.1
2026-02-15T13:32:02.704Z,7,29.86,10,OK,0.1
2026-02-15T13:32:02.754Z,7,20.35,11,OK,0.1
2026-02-15T13:32:02.804Z,11,20.54,12,OK,0.1
2026-02-15T13:32:02.855Z,8,20.58,13,OK,0.1
2026-02-15T13:32:02.907Z,9,20.64,14,OK,0.1
2026-02-15T13:32:02.957Z,8,20.68,15,OK,0.1
2026-02-15T13:32:03.008Z,8,20.68,16,OK,0.1
2026-02-15T13:32:03.058Z,7,20.64,17,OK,0.1
2026-02-15T13:32:03.109Z,7,20.58,18,OK,0.1
2026-02-15T13:32:03.159Z,7,20.62,19,OK,0.1
2026-02-15T13:32:03.209Z,6,20.61,20,OK,0.1
2026-02-15T13:32:03.259Z,6,20.60,21,OK,0.1
2026-02-15T13:32:03.310Z,6,20.44,22,OK,0.1
2026-02-15T13:32:03.360Z,6,20.39,23,OK,0.1
2026-02-15T13:32:03.411Z,6,20.53,24,OK,0.1
2026-02-15T13:32:03.462Z,6,20.50,25,OK,0.1
2026-02-15T13:32:03.514Z,8,20.51,26,OK,0.1
2026-02-15T13:32:03.645Z,11,32.63,25,OK,0.1
2026-02-15T13:32:03.790Z,7,53.56,22,OK,0.1
2026-02-15T13:32:03.923Z,6,65.93,17,OK,0.1
2026-02-15T13:32:03.974Z,4,65.93,12,OK,0.1
2026-02-15T13:32:04.025Z,4,65.92,7,OK,0.1
2026-02-15T13:32:04.183Z,4,71.32,5,OK,0.1
2026-02-15T13:32:04.234Z,3,50.41,5,OK,0.1
2026-02-15T13:32:04.283Z,3,37.93,5,OK,0.1
2026-02-15T13:32:04.334Z,3,37.93,5,OK,0.1
2026-02-15T13:32:04.385Z,3,37.96,5,OK,0.1
2026-02-15T13:32:04.436Z,3,20.40,6,OK,0.1
2026-02-15T13:32:04.487Z,3,20.39,7,OK,0.1
2026-02-15T13:32:04.538Z,4,20.28,8,OK,0.1
2026-02-15T13:32:04.588Z,4,20.20,9,OK,0.1
2026-02-15T13:32:04.638Z,4,20.20,10,OK,0.1
2026-02-15T13:32:04.804Z,8,39.36,8,SATURATED,0.1
2026-02-15T13:32:04.855Z,3,39.39,6,OK,0.1
2026-02-15T13:32:04.905Z,3,39.48,5,OK,0.1
2026-02-15T13:32:04.957Z,5,40.65,5,SATURATED,0.1
2026-02-15T13:32:05.094Z,5,53.94,5,SATURATED,0.1
2026-02-15T13:32:05.145Z,4,34.79,5,OK,0.1
2026-02-15T13:32:05.204Z,5,34.75,5,SATURATED,0.1
2026-02-15T13:32:05.253Z,4,34.71,5,OK,0.1
2026-02-15T13:32:05.303Z,4,33.73,5,OK,0.1
2026-02-15T13:32:05.353Z,4,20.39,6,OK,0.1
2026-02-15T13:32:05.404Z,4,20.39,7,OK,0.1
2026-02-15T13:32:05.455Z,4,20.42,8,OK,0.1
2026-02-15T13:32:05.506Z,4,20.40,9,OK,0.1
2026-02-15T13:32:05.557Z,4,20.34,10,OK,0.1
2026-02-15T13:32:05.607Z,4,20.26,11,OK,0.1
2026-02-15T13:32:05.807Z,4,20.31,12,OK,0.1
2026-02-15T13:32:05.932Z,9,41.10,10,OK,0.1
2026-02-15T13:32:06.053Z,10,51.26,7,SATURATED,0.1
2026-02-15T13:32:06.103Z,6,51.22,5,SATURATED,0.1
2026-02-15T13:32:06.153Z,6,51.29,5,SATURATED,0.1
2026-02-15T13:32:06.204Z,6,51.26,5,SATURATED,0.1
2026-02-15T13:32:06.255Z,6,30.44,5,SATURATED,0.1
2026-02-15T13:32:06.306Z,6,20.26,6,SATURATED,0.1
2026-02-15T13:32:06.356Z,6,20.29,7,OK,0.1
2026-02-15T13:32:06.406Z,6,20.28,8,OK,0.1
2026-02-15T13:32:06.456Z,6,20.25,9,OK,0.1
2026-02-15T13:32:06.506Z,6,20.25,10,OK,0.1
2026-02-15T13:32:06.556Z,5,20.26,11,OK,0.1
2026-02-15T13:32:06.606Z,6,20.26,12,OK,0.1
2026-02-15T13:32:06.656Z,5,20.28,13,OK,0.1
2026-02-15T13:32:06.707Z,4,20.36,14,OK,0.1
2026-02-15T13:32:06.757Z,4,20.40,15,OK,0.1
2026-02-15T13:32:06.970Z,4,20.48,16,OK,0.1
2026-02-15T13:32:07.020Z,4,20.38,17,OK,0.1
2026-02-15T13:32:07.346Z,17,20.38,18,OK,0.1
2026-02-15T13:32:07.397Z,4,20.67,19,OK,0.1
2026-02-15T13:32:07.447Z,4,20.68,20,OK,0.1
2026-02-15T13:32:07.498Z,4,20.63,21,OK,0.1
2026-02-15T13:32:07.550Z,6,20.63,22,OK,0.1
2026-02-15T13:32:07.601Z,5,20.62,23,OK,0.1
2026-02-15T13:32:07.760Z,5,38.01,21,OK,0.1
2026-02-15T13:32:07.811Z,5,37.96,19,OK,0.1
2026-02-15T13:32:07.861Z,5,37.97,17,OK,0.1
2026-02-15T13:32:07.912Z,5,37.96,15,OK,0.1
2026-02-15T13:32:07.963Z,3,37.92,13,OK,0.1
2026-02-15T13:32:08.140Z,6,41.72,11,OK,0.1
2026-02-15T13:32:08.190Z,3,41.79,9,OK,0.1
2026-02-15T13:32:08.240Z,3,41.72,7,OK,0.1
2026-02-15T13:32:08.291Z,3,41.80,5,OK,0.1
2026-02-15T13:32:08.342Z,3,41.87,5,OK,0.1
2026-02-15T13:32:08.392Z,3,20.33,6,OK,0.1
2026-02-15T13:32:08.442Z,3,20.21,7,OK,0.1
2026-02-15T13:32:08.492Z,3,20.26,8,OK,0.1
2026-02-15T13:32:08.543Z,3,20.23,9,OK,0.1
2026-02-15T13:32:08.594Z,3,20.19,10,OK,0.1
2026-02-15T13:32:08.645Z,4,20.34,11,OK,0.1
2026-02-15T13:32:08.695Z,4,20.58,12,OK,0.1
2026-02-15T13:32:08.745Z,4,20.57,13,OK,0.1
2026-02-15T13:32:08.795Z,4,20.64,14,OK,0.1
2026-02-15T13:32:08.846Z,4,20.65,15,OK,0.1
2026-02-15T13:32:08.896Z,4,20.52,16,OK,0.1
2026-02-15T13:32:08.946Z,4,20.27,17,OK,0.1
2026-02-15T13:32:09.123Z,4,20.29,18,OK,0.1
2026-02-15T13:32:09.359Z,10,39.74,16,OK,0.1
2026-02-15T13:32:09.524Z,10,58.71,12,OK,0.1
2026-02-15T13:32:09.574Z,3,54.62,9,OK,0.1
2026-02-15T13:32:09.624Z,3,54.76,6,OK,0.1
2026-02-15T13:32:09.674Z,3,54.76,5,OK,0.1
2026-02-15T13:32:09.724Z,3,35.31,5,OK,0.1
2026-02-15T13:32:09.775Z,4,16.38,6,OK,0.1
2026-02-15T13:32:09.825Z,4,20.69,7,OK,0.1
2026-02-15T13:32:09.875Z,4,20.64,8,OK,0.1
2026-02-15T13:32:09.925Z,4,20.64,9,OK,0.1
2026-02-15T13:32:09.976Z,5,20.76,10,OK,0.1
2026-02-15T13:32:10.027Z,5,20.75,11,OK,0.1
2026-02-15T13:32:10.078Z,5,20.50,12,OK,0.1
2026-02-15T13:32:10.127Z,6,20.51,13,OK,0.1
2026-02-15T13:32:10.296Z,6,40.23,11,OK,0.1
2026-02-15T13:32:10.346Z,5,40.06,9,OK,0.1
2026-02-15T13:32:10.397Z,7,40.03,7,SATURATED,0.1
2026-02-15T13:32:10.446Z,7,40.02,5,SATURATED,0.1
2026-02-15T13:32:10.497Z,7,40.05,5,SATURATED,0.1
2026-02-15T13:32:10.548Z,7,20.52,6,SATURATED,0.1
2026-02-15T13:32:10.598Z,7,21.03,7,SATURATED,0.1
2026-02-15T13:32:10.648Z,6,21.09,8,OK,0.1
2026-02-15T13:32:10.698Z,6,21.12,9,OK,0.1
2026-02-15T13:32:10.748Z,6,21.07,10,OK,0.1
2026-02-15T13:32:10.799Z,6,20.81,11,OK,0.1
2026-02-15T13:32:10.850Z,6,20.34,12,OK,0.1
2026-02-15T13:32:10.900Z,6,20.28,13,OK,0.1
2026-02-15T13:32:10.951Z,6,20.26,14,OK,0.1
2026-02-15T13:32:11.115Z,6,48.90,11,OK,0.1
2026-02-15T13:32:11.166Z,5,48.91,8,OK,0.1
2026-02-15T13:32:11.216Z,6,48.84,5,SATURATED,0.1
2026-02-15T13:32:11.266Z,6,48.86,5,SATURATED,0.1
2026-02-15T13:32:11.317Z,6,48.80,5,SATURATED,0.1
2026-02-15T13:32:11.368Z,6,20.16,6,SATURATED,0.1
2026-02-15T13:32:11.418Z,6,20.24,7,OK,0.1
2026-02-15T13:32:11.469Z,6,20.25,8,OK,0.1
2026-02-15T13:32:11.518Z,6,20.30,9,OK,0.1
2026-02-15T13:32:11.680Z,8,32.42,8,SATURATED,0.1
2026-02-15T13:32:11.731Z,6,32.37,7,OK,0.1
2026-02-15T13:32:11.781Z,6,32.33,6,SATURATED,0.1
2026-02-15T13:32:11.831Z,5,32.42,5,SATURATED,0.1
2026-02-15T13:32:11.882Z,5,32.39,5,SATURATED,0.1
2026-02-15T13:32:11.933Z,5,20.31,6,OK,0.1
2026-02-15T13:32:11.983Z,4,20.29,7,OK,0.1
2026-02-15T13:32:12.034Z,4,20.23,8,OK,0.1
2026-02-15T13:32:12.083Z,4,20.16,9,OK,0.1
2026-02-15T13:32:12.133Z,3,20.20,10,OK,0.1
2026-02-15T13:32:12.183Z,3,20.28,11,OK,0.1
2026-02-15T13:32:12.234Z,3,20.37,12,OK,0.1
2026-02-15T13:32:12.284Z,3,20.45,13,OK,0.1
2026-02-15T13:32:12.463Z,3,33.89,12,OK,0.1
2026-02-15T13:32:12.578Z,11,42.79,10,SATURATED,0.1
2026-02-15T13:32:12.629Z,2,42.79,8,OK,0.1
2026-02-15T13:32:12.680Z,2,42.81,6,OK,0.1
2026-02-15T13:32:12.828Z,6,68.45,5,SATURATED,0.1
2026-02-15T13:32:12.878Z,4,55.01,5,OK,0.1
2026-02-15T13:32:12.929Z,4,46.06,5,OK,0.1
2026-02-15T13:32:12.979Z,4,46.15,5,OK,0.1
2026-02-15T13:32:13.029Z,4,46.48,5,OK,0.1
2026-02-15T13:32:13.080Z,4,20.87,6,OK,0.1
2026-02-15T13:32:13.132Z,4,20.69,7,OK,0.1
2026-02-15T13:32:13.277Z,4,30.45,6,OK,0.1
2026-02-15T13:32:13.327Z,3,30.42,5,OK,0.1
2026-02-15T13:32:13.377Z,3,30.06,5,OK,0.1
2026-02-15T13:32:13.544Z,3,42.52,5,OK,0.1
2026-02-15T13:32:13.595Z,5,43.14,5,SATURATED,0.1
2026-02-15T13:32:13.645Z,4,29.34,5,OK,0.1
2026-02-15T13:32:13.698Z,5,29.52,5,SATURATED,0.1
2026-02-15T13:32:13.747Z,4,29.54,5,OK,0.1
2026-02-15T13:32:13.797Z,4,17.04,6,OK,0.1
2026-02-15T13:32:13.994Z,6,17.26,7,OK,0.1
2026-02-15T13:32:14.105Z,5,29.46,6,OK,0.1
2026-02-15T13:32:14.156Z,5,29.22,5,SATURATED,0.1
2026-02-15T13:32:14.206Z,5,29.19,5,SATURATED,0.1
2026-02-15T13:32:14.256Z,5,29.24,5,SATURATED,0.1
2026-02-15T13:32:14.306Z,5,28.63,5,SATURATED,0.1
2026-02-15T13:32:14.356Z,5,20.52,6,OK,0.1
2026-02-15T13:32:14.416Z,5,20.53,7,OK,0.1
2026-02-15T13:32:14.467Z,5,20.47,8,OK,0.1
2026-02-15T13:32:14.518Z,5,20.49,9,OK,0.1
2026-02-15T13:32:14.568Z,5,20.67,10,OK,0.1
2026-02-15T13:32:14.741Z,8,21.84,11,OK,0.1
2026-02-15T13:32:14.856Z,11,40.55,9,SATURATED,0.1
2026-02-15T13:32:14.907Z,6,40.58,7,OK,0.1
2026-02-15T13:32:14.957Z,6,40.48,5,SATURATED,0.1
2026-02-15T13:32:15.007Z,6,40.21,5,SATURATED,0.1
2026-02-15T13:32:15.058Z,6,38.99,5,SATURATED,0.1
2026-02-15T13:32:15.108Z,6,20.15,6,SATURATED,0.1
2026-02-15T13:32:15.158Z,6,20.22,7,OK,0.1
2026-02-15T13:32:15.209Z,7,20.21,8,OK,0.1
2026-02-15T13:32:15.259Z,6,20.24,9,OK,0.1
2026-02-15T13:32:15.310Z,6,20.20,10,OK,0.1
2026-02-15T13:32:15.359Z,6,20.22,11,OK,0.1
2026-02-15T13:32:15.410Z,6,20.19,12,OK,0.1
2026-02-15T13:32:15.563Z,6,36.76,10,OK,0.1
2026-02-15T13:32:15.613Z,8,36.64,8,SATURATED,0.1
2026-02-15T13:32:15.664Z,7,36.50,6,SATURATED,0.1
2026-02-15T13:32:15.714Z,7,36.39,5,SATURATED,0.1
2026-02-15T13:32:15.765Z,7,36.65,5,SATURATED,0.1
2026-02-15T13:32:15.816Z,7,20.10,6,SATURATED,0.1
2026-02-15T13:32:15.879Z,7,20.22,7,SATURATED,0.1
2026-02-15T13:32:15.929Z,7,20.35,8,OK,0.1
2026-02-15T13:32:15.980Z,7,20.50,9,OK,0.1
2026-02-15T13:32:16.145Z,9,32.70,8,SATURATED,0.1
2026-02-15T13:32:16.257Z,8,41.05,6,SATURATED,0.1
2026-02-15T13:32:16.307Z,6,41.02,5,SATURATED,0.1
2026-02-15T13:32:16.358Z,6,41.09,5,SATURATED,0.1
2026-02-15T13:32:16.408Z,6,41.12,5,SATURATED,0.1
2026-02-15T13:32:16.458Z,6,28.64,5,SATURATED,0.1
2026-02-15T13:32:16.508Z,6,20.29,6,SATURATED,0.1
2026-02-15T13:32:16.559Z,6,20.29,7,OK,0.1
2026-02-15T13:32:16.614Z,5,20.27,8,OK,0.1
2026-02-15T13:32:16.664Z,5,20.22,9,OK,0.1
2026-02-15T13:32:16.714Z,5,20.28,10,OK,0.1
2026-02-15T13:32:16.764Z,5,20.21,11,OK,0.1
2026-02-15T13:32:16.814Z,6,20.41,12,OK,0.1
2026-02-15T13:32:16.865Z,4,20.42,13,OK,0.1
2026-02-15T13:32:16.982Z,7,39.46,11,OK,0.1
2026-02-15T13:32:17.155Z,11,59.76,7,SATURATED,0.1
2026-02-15T13:32:17.205Z,5,59.93,5,SATURATED,0.1
2026-02-15T13:32:17.256Z,5,59.77,5,SATURATED,0.1
2026-02-15T13:32:17.306Z,5,59.76,5,SATURATED,0.1
2026-02-15T13:32:17.357Z,5,40.72,5,SATURATED,0.1
2026-02-15T13:32:17.408Z,5,20.38,6,OK,0.1
2026-02-15T13:32:17.459Z,5,20.28,7,OK,0.1
2026-02-15T13:32:17.510Z,5,20.28,8,OK,0.1
2026-02-15T13:32:17.559Z,5,20.27,9,OK,0.1
2026-02-15T13:32:17.610Z,3,20.32,10,OK,0.1
2026-02-15T13:32:17.865Z,6,64.38,6,SATURATED,0.1
2026-02-15T13:32:17.915Z,3,64.39,5,OK,0.1
2026-02-15T13:32:17.965Z,3,64.36,5,OK,0.1
2026-02-15T13:32:18.016Z,3,64.88,5,OK,0.1
2026-02-15T13:32:18.066Z,3,64.83,5,OK,0.1
2026-02-15T13:32:18.116Z,3,20.78,6,OK,0.1
2026-02-15T13:32:18.178Z,6,20.87,7,OK,0.1
2026-02-15T13:32:18.228Z,6,23.48,8,OK,0.1
2026-02-15T13:32:18.404Z,6,36.24,6,SATURATED,0.1
2026-02-15T13:32:18.455Z,6,36.26,5,SATURATED,0.1
2026-02-15T13:32:18.505Z,6,36.23,5,SATURATED,0.1
2026-02-15T13:32:18.556Z,6,36.10,5,SATURATED,0.1
2026-02-15T13:32:18.606Z,6,33.56,5,SATURATED,0.1
2026-02-15T13:32:18.657Z,5,20.21,6,OK,0.1
2026-02-15T13:32:18.707Z,5,20.17,7,OK,0.1
2026-02-15T13:32:18.757Z,5,20.20,8,OK,0.1
2026-02-15T13:32:18.807Z,6,20.21,9,OK,0.1
2026-02-15T13:32:18.858Z,5,20.24,10,OK,0.1
2026-02-15T13:32:18.985Z,9,39.09,8,SATURATED,0.1
2026-02-15T13:32:19.035Z,7,39.10,6,SATURATED,0.1
2026-02-15T13:32:19.085Z,7,39.07,5,SATURATED,0.1
2026-02-15T13:32:19.132Z,7,39.08,5,SATURATED,0.1
2026-02-15T13:32:19.190Z,7,39.64,5,SATURATED,0.1
2026-02-15T13:32:19.240Z,7,21.27,6,SATURATED,0.1
2026-02-15T13:32:19.290Z,7,21.28,7,SATURATED,0.1
2026-02-15T13:32:19.341Z,7,21.30,8,OK,0.1
2026-02-15T13:32:19.391Z,7,21.31,9,OK,0.1
2026-02-15T13:32:19.441Z,8,22.88,10,OK,0.1
2026-02-15T13:32:19.491Z,8,22.47,11,OK,0.1
2026-02-15T13:32:19.541Z,8,22.56,12,OK,0.1
2026-02-15T13:32:19.592Z,8,22.57,13,OK,0.1
2026-02-15T13:32:19.643Z,9,22.45,14,OK,0.1
2026-02-15T13:32:19.694Z,9,20.21,15,OK,0.1
2026-02-15T13:32:19.745Z,9,20.22,16,OK,0.1
2026-02-15T13:32:19.794Z,9,20.07,17,OK,0.1
2026-02-15T13:32:19.845Z,9,19.97,18,OK,0.1
2026-02-15T13:32:20.001Z,9,20.08,19,OK,0.1
2026-02-15T13:32:20.119Z,10,39.69,17,OK,0.1
2026-02-15T13:32:20.350Z,10,39.78,15,OK,0.1
2026-02-15T13:32:20.581Z,8,44.60,13,OK,0.1
2026-02-15T13:32:20.740Z,13,72.33,8,SATURATED,0.1
2026-02-15T13:32:20.789Z,8,72.34,5,SATURATED,0.1
2026-02-15T13:32:20.839Z,8,52.91,5,SATURATED,0.1
2026-02-15T13:32:20.890Z,8,52.85,5,SATURATED,0.1
2026-02-15T13:32:20.941Z,8,48.14,5,SATURATED,0.1
2026-02-15T13:32:20.991Z,7,20.39,6,SATURATED,0.1
2026-02-15T13:32:21.041Z,4,20.43,7,OK,0.1
2026-02-15T13:32:21.092Z,4,20.31,8,OK,0.1
2026-02-15T13:32:21.142Z,4,20.09,9,OK,0.1
2026-02-15T13:32:21.192Z,4,20.03,10,OK,0.1
2026-02-15T13:32:21.243Z,4,20.12,11,OK,0.1
2026-02-15T13:32:21.294Z,4,20.09,12,OK,0.1
2026-02-15T13:32:21.345Z,4,20.14,13,OK,0.1
2026-02-15T13:32:21.498Z,4,46.02,10,OK,0.1
2026-02-15T13:32:21.549Z,3,46.06,7,OK,0.1
2026-02-15T13:32:21.600Z,3,46.08,5,OK,0.1
2026-02-15T13:32:21.650Z,3,46.04,5,OK,0.1
2026-02-15T13:32:21.701Z,3,46.00,5,OK,0.1
2026-02-15T13:32:21.757Z,5,21.60,6,OK,0.1
2026-02-15T13:32:21.807Z,4,21.69,7,OK,0.1
2026-02-15T13:32:21.858Z,3,21.82,8,OK,0.1
2026-02-15T13:32:21.907Z,3,21.86,9,OK,0.1
2026-02-15T13:32:21.958Z,3,21.87,10,OK,0.1
2026-02-15T13:32:22.010Z,3,20.87,11,OK,0.1
2026-02-15T13:32:22.179Z,5,40.51,9,OK,0.1
2026-02-15T13:32:22.229Z,6,40.52,7,OK,0.1
2026-02-15T13:32:22.280Z,6,40.52,5,SATURATED,0.1
2026-02-15T13:32:22.331Z,6,40.54,5,SATURATED,0.1
2026-02-15T13:32:22.382Z,6,40.25,5,SATURATED,0.1
2026-02-15T13:32:22.432Z,6,20.52,6,SATURATED,0.1
2026-02-15T13:32:22.482Z,6,20.39,7,OK,0.1
2026-02-15T13:32:22.547Z,7,20.78,8,OK,0.1
2026-02-15T13:32:22.662Z,8,29.70,7,SATURATED,0.1
2026-02-15T13:32:22.713Z,7,29.69,6,SATURATED,0.1
2026-02-15T13:32:22.763Z,7,29.63,5,SATURATED,0.1
2026-02-15T13:32:22.814Z,7,29.56,5,SATURATED,0.1
2026-02-15T13:32:22.865Z,7,29.16,5,SATURATED,0.1
2026-02-15T13:32:22.916Z,7,20.25,6,SATURATED,0.1
2026-02-15T13:32:22.966Z,7,20.16,7,SATURATED,0.1
2026-02-15T13:32:23.017Z,7,19.99,8,OK,0.1
2026-02-15T13:32:23.068Z,7,20.07,9,OK,0.1
2026-02-15T13:32:23.118Z,7,20.08,10,OK,0.1
2026-02-15T13:32:23.167Z,7,20.10,11,OK,0.1
2026-02-15T13:32:23.300Z,11,38.58,9,SATURATED,0.1
2026-02-15T13:32:23.420Z,9,48.73,6,SATURATED,0.1
2026-02-15T13:32:23.471Z,7,48.68,5,SATURATED,0.1
2026-02-15T13:32:23.523Z,7,48.73,5,SATURATED,0.1
2026-02-15T13:32:23.572Z,7,49.22,5,SATURATED,0.1
2026-02-15T13:32:23.623Z,6,30.82,5,SATURATED,0.1
2026-02-15T13:32:23.673Z,6,20.88,6,SATURATED,0.1
2026-02-15T13:32:23.724Z,6,20.95,7,OK,0.1
2026-02-15T13:32:23.774Z,7,20.80,8,OK,0.1
2026-02-15T13:32:23.979Z,7,52.85,5,SATURATED,0.1
2026-02-15T13:32:24.030Z,7,52.94,5,SATURATED,0.1
2026-02-15T13:32:24.081Z,7,52.90,5,SATURATED,0.1
2026-02-15T13:32:24.132Z,7,52.89,5,SATURATED,0.1
2026-02-15T13:32:24.187Z,7,52.95,5,SATURATED,0.1
2026-02-15T13:32:24.354Z,4,32.99,5,OK,0.1
2026-02-15T13:32:24.406Z,3,32.88,5,OK,0.1
2026-02-15T13:32:24.533Z,3,52.64,5,OK,0.1
2026-02-15T13:32:24.666Z,5,69.82,5,SATURATED,0.1
2026-02-15T13:32:24.717Z,3,69.80,5,OK,0.1
2026-02-15T13:32:24.768Z,4,57.17,5,OK,0.1
2026-02-15T13:32:24.975Z,5,94.36,5,SATURATED,0.1
2026-02-15T13:32:25.230Z,4,117.69,5,OK,0.1
2026-02-15T13:32:25.280Z,4,100.58,5,OK,0.1
2026-02-15T13:32:25.331Z,4,100.60,5,OK,0.1
2026-02-15T13:32:25.465Z,4,109.99,5,OK,0.1
2026-02-15T13:32:25.516Z,4,72.83,5,OK,0.1
2026-02-15T13:32:25.566Z,5,29.91,5,SATURATED,0.1
2026-02-15T13:32:25.616Z,5,29.85,5,SATURATED,0.1
2026-02-15T13:32:25.667Z,5,29.84,5,SATURATED,0.1
2026-02-15T13:32:25.717Z,5,20.53,6,OK,0.1
2026-02-15T13:32:25.768Z,5,20.55,7,OK,0.1
2026-02-15T13:32:25.818Z,6,20.45,8,OK,0.1
2026-02-15T13:32:25.869Z,6,20.39,9,OK,0.1
2026-02-15T13:32:25.920Z,6,20.40,10,OK,0.1
2026-02-15T13:32:25.971Z,6,20.34,11,OK,0.1
2026-02-15T13:32:26.026Z,9,23.33,12,OK,0.1
2026-02-15T13:32:26.076Z,7,23.29,13,OK,0.1
2026-02-15T13:32:26.127Z,7,23.33,14,OK,0.1
2026-02-15T13:32:26.177Z,7,23.38,15,OK,0.1
2026-02-15T13:32:26.228Z,8,23.33,16,OK,0.1
2026-02-15T13:32:26.277Z,9,21.66,17,OK,0.1
2026-02-15T13:32:26.328Z,9,21.66,18,OK,0.1
2026-02-15T13:32:26.379Z,9,21.66,19,OK,0.1
2026-02-15T13:32:26.430Z,8,21.65,20,OK,0.1
2026-02-15T13:32:26.664Z,15,21.84,21,OK,0.1
2026-02-15T13:32:27.050Z,21,83.66,15,SATURATED,0.1
2026-02-15T13:32:27.220Z,15,113.44,6,SATURATED,0.1
2026-02-15T13:32:27.271Z,7,113.29,5,SATURATED,0.1
2026-02-15T13:32:27.322Z,7,113.33,5,SATURATED,0.1
2026-02-15T13:32:27.372Z,7,113.17,5,SATURATED,0.1
2026-02-15T13:32:27.423Z,7,50.02,5,SATURATED,0.1
2026-02-15T13:32:27.473Z,7,20.24,6,SATURATED,0.1
2026-02-15T13:32:27.524Z,7,20.36,7,SATURATED,0.1
2026-02-15T13:32:27.574Z,6,20.34,8,OK,0.1
2026-02-15T13:32:27.624Z,6,20.31,9,OK,0.1
2026-02-15T13:32:27.675Z,8,20.36,10,OK,0.1
2026-02-15T13:32:27.725Z,7,20.38,11,OK,0.1
2026-02-15T13:32:27.774Z,5,20.35,12,OK,0.1
2026-02-15T13:32:27.824Z,5,20.29,13,OK,0.1
2026-02-15T13:32:27.875Z,5,20.34,14,OK,0.1
2026-02-15T13:32:28.053Z,5,20.32,15,OK,0.1
2026-02-15T13:32:28.281Z,15,61.62,11,SATURATED,0.1
2026-02-15T13:32:28.332Z,6,57.79,7,OK,0.1
2026-02-15T13:32:28.382Z,5,57.86,5,SATURATED,0.1
2026-02-15T13:32:28.432Z,5,57.82,5,SATURATED,0.1
2026-02-15T13:32:28.483Z,5,57.86,5,SATURATED,0.1
2026-02-15T13:32:28.533Z,5,16.55,6,OK,0.1
2026-02-15T13:32:28.691Z,5,37.95,5,SATURATED,0.1
2026-02-15T13:32:28.742Z,5,37.93,5,SATURATED,0.1
2026-02-15T13:32:28.793Z,5,37.99,5,SATURATED,0.1
2026-02-15T13:32:28.843Z,5,37.95,5,SATURATED,0.1
2026-02-15T13:32:28.894Z,5,37.99,5,SATURATED,0.1
2026-02-15T13:32:28.943Z,5,20.49,6,OK,0.1
2026-02-15T13:32:28.994Z,5,20.47,7,OK,0.1
2026-02-15T13:32:29.044Z,5,20.39,8,OK,0.1
2026-02-15T13:32:29.095Z,5,20.38,9,OK,0.1
2026-02-15T13:32:29.144Z,5,20.37,10,OK,0.1
2026-02-15T13:32:29.195Z,5,20.23,11,OK,0.1
2026-02-15T13:32:29.245Z,4,20.25,12,OK,0.1
2026-02-15T13:32:29.464Z,10,56.63,8,SATURATED,0.1
2026-02-15T13:32:29.517Z,5,53.16,5,SATURATED,0.1
2026-02-15T13:32:29.567Z,4,53.09,5,OK,0.1
2026-02-15T13:32:29.618Z,4,53.19,5,OK,0.1
2026-02-15T13:32:29.669Z,4,53.17,5,OK,0.1
2026-02-15T13:32:29.868Z,4,50.45,5,OK,0.1
2026-02-15T13:32:29.919Z,4,53.89,5,OK,0.1
2026-02-15T13:32:29.969Z,4,53.92,5,OK,0.1
2026-02-15T13:32:30.153Z,4,68.18,5,OK,0.1
2026-02-15T13:32:30.202Z,4,68.15,5,OK,0.1
2026-02-15T13:32:30.253Z,3,34.55,5,OK,0.1
2026-02-15T13:32:30.304Z,2,34.48,5,OK,0.1
2026-02-15T13:32:30.354Z,1,34.32,5,OK,0.1
2026-02-15T13:32:30.406Z,2,20.11,6,OK,0.1
2026-02-15T13:32:30.456Z,1,20.03,7,OK,0.1
2026-02-15T13:32:30.776Z,7,76.11,5,SATURATED,0.1
2026-02-15T13:32:30.831Z,4,73.13,5,OK,0.1
2026-02-15T13:32:30.944Z,3,81.82,5,OK,0.1
2026-02-15T13:32:30.995Z,4,81.85,5,OK,0.1
2026-02-15T13:32:31.045Z,4,81.98,5,OK,0.1
2026-02-15T13:32:31.095Z,4,25.92,5,OK,0.1
2026-02-15T13:32:31.147Z,4,28.98,5,OK,0.1
2026-02-15T13:32:31.196Z,4,20.55,6,OK,0.1
2026-02-15T13:32:31.247Z,4,20.37,7,OK,0.1
2026-02-15T13:32:31.298Z,4,20.34,8,OK,0.1
2026-02-15T13:32:31.347Z,4,20.31,9,OK,0.1
2026-02-15T13:32:31.398Z,4,20.29,10,OK,0.1
2026-02-15T13:32:31.449Z,5,20.28,11,OK,0.1
2026-02-15T13:32:31.498Z,5,20.50,12,OK,0.1
2026-02-15T13:32:31.549Z,5,20.47,13,OK,0.1
2026-02-15T13:32:31.599Z,5,20.47,14,OK,0.1
2026-02-15T13:32:31.761Z,5,20.46,15,OK,0.1
2026-02-15T13:32:31.814Z,14,21.44,16,OK,0.1
2026-02-15T13:32:31.953Z,16,35.28,14,SATURATED,0.1
2026-02-15T13:32:32.370Z,14,104.63,6,SATURATED,0.1
2026-02-15T13:32:32.421Z,9,104.63,5,SATURATED,0.1
2026-02-15T13:32:32.471Z,9,104.68,5,SATURATED,0.1
2026-02-15T13:32:32.520Z,8,103.69,5,SATURATED,0.1
2026-02-15T13:32:32.571Z,8,89.74,5,SATURATED,0.1
2026-02-15T13:32:32.621Z,8,20.36,6,SATURATED,0.1
2026-02-15T13:32:32.672Z,8,20.38,7,SATURATED,0.1
2026-02-15T13:32:32.723Z,8,20.38,8,SATURATED,0.1
2026-02-15T13:32:32.774Z,8,20.31,9,OK,0.1
2026-02-15T13:32:32.824Z,9,20.23,10,OK,0.1
2026-02-15T13:32:32.875Z,9,20.29,11,OK,0.1
2026-02-15T13:32:32.925Z,9,20.28,12,OK,0.1
2026-02-15T13:32:32.982Z,12,22.59,13,OK,0.1
2026-02-15T13:32:33.032Z,10,22.45,14,OK,0.1
2026-02-15T13:32:33.082Z,10,22.62,15,OK,0.1
2026-02-15T13:32:33.132Z,10,22.65,16,OK,0.1
2026-02-15T13:32:33.182Z,10,22.72,17,OK,0.1
2026-02-15T13:32:33.233Z,10,20.26,18,OK,0.1
2026-02-15T13:32:33.282Z,10,20.48,19,OK,0.1
2026-02-15T13:32:33.333Z,10,20.45,20,OK,0.1
2026-02-15T13:32:33.526Z,13,53.58,17,OK,0.1
2026-02-15T13:32:33.693Z,17,72.84,12,SATURATED,0.1
2026-02-15T13:32:33.803Z,10,80.90,6,SATURATED,0.1
2026-02-15T13:32:33.854Z,7,80.87,5,SATURATED,0.1
2026-02-15T13:32:33.904Z,7,80.84,5,SATURATED,0.1
2026-02-15T13:32:33.955Z,6,47.65,5,SATURATED,0.1
2026-02-15T13:32:34.005Z,6,28.25,5,SATURATED,0.1
2026-02-15T13:32:34.055Z,6,20.33,6,SATURATED,0.1
2026-02-15T13:32:34.106Z,6,20.32,7,OK,0.1
2026-02-15T13:32:34.156Z,5,20.37,8,OK,0.1
2026-02-15T13:32:34.206Z,6,20.36,9,OK,0.1
2026-02-15T13:32:34.257Z,5,20.38,10,OK,0.1
2026-02-15T13:32:34.307Z,6,20.37,11,OK,0.1
2026-02-15T13:32:34.357Z,6,20.30,12,OK,0.1
2026-02-15T13:32:34.407Z,5,20.25,13,OK,0.1
2026-02-15T13:32:34.458Z,5,20.25,14,OK,0.1
2026-02-15T13:32:34.508Z,5,20.30,15,OK,0.1
2026-02-15T13:32:34.559Z,5,20.39,16,OK,0.1
2026-02-15T13:32:34.742Z,5,20.42,17,OK,0.1
2026-02-15T13:32:35.028Z,17,72.99,12,SATURATED,0.1
2026-02-15T13:32:35.161Z,3,85.55,5,OK,0.1
2026-02-15T13:32:35.212Z,3,85.53,5,OK,0.1
2026-02-15T13:32:35.263Z,2,85.59,5,OK,0.1
2026-02-15T13:32:35.314Z,2,85.63,5,OK,0.1
2026-02-15T13:32:35.364Z,2,33.06,5,OK,0.1
2026-02-15T13:32:35.530Z,3,39.66,5,OK,0.1
2026-02-15T13:32:35.580Z,3,39.63,5,OK,0.1
2026-02-15T13:32:35.630Z,3,39.44,5,OK,0.1
2026-02-15T13:32:35.681Z,3,39.37,5,OK,0.1
2026-02-15T13:32:35.731Z,3,39.36,5,OK,0.1
2026-02-15T13:32:35.782Z,3,20.33,6,OK,0.1
2026-02-15T13:32:35.832Z,3,20.34,7,OK,0.1
2026-02-15T13:32:35.995Z,3,32.58,6,OK,0.1
2026-02-15T13:32:36.060Z,6,35.94,5,SATURATED,0.1
2026-02-15T13:32:36.109Z,5,35.99,5,SATURATED,0.1
2026-02-15T13:32:36.160Z,5,35.89,5,SATURATED,0.1
2026-02-15T13:32:36.209Z,5,35.86,5,SATURATED,0.1
2026-02-15T13:32:36.260Z,5,23.64,6,OK,0.1
2026-02-15T13:32:36.311Z,4,20.28,7,OK,0.1
2026-02-15T13:32:36.362Z,4,20.21,8,OK,0.1
2026-02-15T13:32:36.411Z,4,20.23,9,OK,0.1
2026-02-15T13:32:36.461Z,4,20.26,10,OK,0.1
2026-02-15T13:32:36.511Z,4,20.18,11,OK,0.1
2026-02-15T13:32:36.663Z,4,43.67,9,OK,0.1
2026-02-15T13:32:36.713Z,4,43.69,7,OK,0.1
2026-02-15T13:32:36.947Z,4,62.03,5,OK,0.1
2026-02-15T13:32:36.997Z,3,62.04,5,OK,0.1
2026-02-15T13:32:37.145Z,3,85.88,5,OK,0.1
2026-02-15T13:32:37.216Z,5,62.54,5,SATURATED,0.1
2026-02-15T13:32:37.327Z,5,70.67,5,SATURATED,0.1
2026-02-15T13:32:37.378Z,4,52.30,5,OK,0.1
2026-02-15T13:32:37.429Z,3,52.39,5,OK,0.1
2026-02-15T13:32:37.480Z,3,28.73,5,OK,0.1
2026-02-15T13:32:37.530Z,3,28.63,5,OK,0.1
2026-02-15T13:32:37.581Z,3,20.49,6,OK,0.1
2026-02-15T13:32:37.632Z,3,20.51,7,OK,0.1
2026-02-15T13:32:37.681Z,3,20.65,8,OK,0.1
2026-02-15T13:32:37.731Z,3,20.58,9,OK,0.1
2026-02-15T13:32:37.782Z,3,20.55,10,OK,0.1
2026-02-15T13:32:37.833Z,3,20.57,11,OK,0.1
2026-02-15T13:32:37.883Z,3,20.56,12,OK,0.1
2026-02-15T13:32:37.933Z,3,20.41,13,OK,0.1
2026-02-15T13:32:38.113Z,3,51.31,10,OK,0.1
2026-02-15T13:32:38.284Z,9,71.65,5,SATURATED,0.1
2026-02-15T13:32:38.371Z,4,84.93,5,OK,0.1
2026-02-15T13:32:38.466Z,5,89.86,5,SATURATED,0.1
2026-02-15T13:32:38.517Z,3,89.80,5,OK,0.1
2026-02-15T13:32:38.568Z,3,58.82,5,OK,0.1
2026-02-15T13:32:38.617Z,3,38.30,5,OK,0.1
2026-02-15T13:32:38.667Z,3,25.00,5,OK,0.1
2026-02-15T13:32:38.717Z,4,20.13,6,OK,0.1
2026-02-15T13:32:38.768Z,4,20.11,7,OK,0.1
2026-02-15T13:32:38.819Z,4,20.18,8,OK,0.1
2026-02-15T13:32:38.870Z,4,20.39,9,OK,0.1
2026-02-15T13:32:38.919Z,4,20.41,10,OK,0.1
2026-02-15T13:32:38.970Z,4,20.34,11,OK,0.1
2026-02-15T13:32:39.021Z,4,20.37,12,OK,0.1
2026-02-15T13:32:39.071Z,4,20.18,13,OK,0.1
2026-02-15T13:32:39.121Z,6,20.14,14,OK,0.1
2026-02-15T13:32:39.171Z,6,20.10,15,OK,0.1
2026-02-15T13:32:39.221Z,6,20.10,16,OK,0.1
2026-02-15T13:32:39.271Z,6,20.10,17,OK,0.1
2026-02-15T13:32:39.536Z,6,67.72,12,OK,0.1
2026-02-15T13:32:39.772Z,12,100.88,5,SATURATED,0.1
2026-02-15T13:32:39.823Z,5,100.87,5,SATURATED,0.1
2026-02-15T13:32:39.873Z,5,100.87,5,SATURATED,0.1
2026-02-15T13:32:39.924Z,5,100.79,5,SATURATED,0.1
2026-02-15T13:32:39.973Z,5,53.36,5,SATURATED,0.1
2026-02-15T13:32:40.024Z,5,20.15,6,OK,0.1
2026-02-15T13:32:40.074Z,5,20.16,7,OK,0.1
2026-02-15T13:32:40.126Z,3,20.30,8,OK,0.1
2026-02-15T13:32:40.177Z,4,20.39,9,OK,0.1
2026-02-15T13:32:40.227Z,4,20.33,10,OK,0.1
2026-02-15T13:32:40.277Z,4,20.39,11,OK,0.1
2026-02-15T13:32:40.327Z,4,20.45,12,OK,0.1
2026-02-15T13:32:40.377Z,4,20.29,13,OK,0.1
2026-02-15T13:32:40.427Z,4,20.26,14,OK,0.1
2026-02-15T13:32:40.477Z,4,20.28,15,OK,0.1
2026-02-15T13:32:40.526Z,4,22.39,16,OK,0.1
2026-02-15T13:32:40.577Z,4,22.30,17,OK,0.1
2026-02-15T13:32:40.628Z,4,22.34,18,OK,0.1
2026-02-15T13:32:40.678Z,4,22.41,19,OK,0.1
2026-02-15T13:32:40.733Z,9,22.43,20,OK,0.1
2026-02-15T13:32:41.154Z,20,90.48,13,SATURATED,0.1
2026-02-15T13:32:41.348Z,10,115.25,5,SATURATED,0.1
2026-02-15T13:32:41.398Z,7,115.32,5,SATURATED,0.1
2026-02-15T13:32:41.448Z,7,115.26,5,SATURATED,0.1
2026-02-15T13:32:41.498Z,7,115.28,5,SATURATED,0.1
2026-02-15T13:32:41.548Z,7,45.15,5,SATURATED,0.1
2026-02-15T13:32:41.599Z,7,20.49,6,SATURATED,0.1
2026-02-15T13:32:41.649Z,7,20.44,7,SATURATED,0.1
2026-02-15T13:32:41.698Z,7,20.44,8,OK,0.1
2026-02-15T13:32:41.749Z,7,20.40,9,OK,0.1
2026-02-15T13:32:41.799Z,7,20.42,10,OK,0.1
2026-02-15T13:32:41.850Z,7,20.36,11,OK,0.1
2026-02-15T13:32:41.901Z,7,20.35,12,OK,0.1
2026-02-15T13:32:41.951Z,7,20.41,13,OK,0.1
2026-02-15T13:32:42.002Z,7,20.93,14,OK,0.1
2026-02-15T13:32:42.051Z,7,20.89,15,OK,0.1
2026-02-15T13:32:42.101Z,7,20.93,16,OK,0.1
2026-02-15T13:32:42.177Z,16,21.29,17,OK,0.1
2026-02-15T13:32:42.646Z,17,111.00,8,SATURATED,0.1
2026-02-15T13:32:42.707Z,8,108.65,5,SATURATED,0.1
2026-02-15T13:32:42.758Z,6,108.55,5,SATURATED,0.1
2026-02-15T13:32:42.808Z,6,108.52,5,SATURATED,0.1
2026-02-15T13:32:42.858Z,6,108.21,5,SATURATED,0.1
2026-02-15T13:32:42.909Z,6,18.50,6,SATURATED,0.1
2026-02-15T13:32:42.959Z,6,20.41,7,OK,0.1
2026-02-15T13:32:43.009Z,6,20.53,8,OK,0.1
2026-02-15T13:32:43.060Z,6,20.45,9,OK,0.1
2026-02-15T13:32:43.110Z,6,20.36,10,OK,0.1
2026-02-15T13:32:43.159Z,2,20.44,11,OK,0.1
2026-02-15T13:32:43.277Z,3,29.93,10,OK,0.1
2026-02-15T13:32:43.454Z,10,51.25,7,SATURATED,0.1
2026-02-15T13:32:43.505Z,3,51.26,5,OK,0.1
2026-02-15T13:32:43.554Z,3,51.06,5,OK,0.1
2026-02-15T13:32:43.605Z,3,50.86,5,OK,0.1
2026-02-15T13:32:43.881Z,4,41.55,5,OK,0.1
2026-02-15T13:32:43.953Z,5,30.39,5,SATURATED,0.1
2026-02-15T13:32:44.003Z,4,30.39,5,OK,0.1
2026-02-15T13:32:44.052Z,4,30.65,5,OK,0.1
2026-02-15T13:32:44.103Z,4,30.78,5,OK,0.1
2026-02-15T13:32:44.293Z,4,30.54,5,OK,0.1
2026-02-15T13:32:44.344Z,2,20.35,6,OK,0.1
2026-02-15T13:32:44.395Z,2,20.34,7,OK,0.1
2026-02-15T13:32:44.447Z,2,20.28,8,OK,0.1
2026-02-15T13:32:44.496Z,4,21.76,9,OK,0.1
2026-02-15T13:32:44.546Z,4,21.81,10,OK,0.1
2026-02-15T13:32:44.597Z,4,21.81,11,OK,0.1
2026-02-15T13:32:44.801Z,5,21.90,12,OK,0.1
2026-02-15T13:32:44.850Z,4,21.96,13,OK,0.1
2026-02-15T13:32:45.022Z,10,20.83,14,OK,0.1
2026-02-15T13:32:45.343Z,11,80.88,8,SATURATED,0.1
2026-02-15T13:32:45.456Z,8,89.41,5,SATURATED,0.1
2026-02-15T13:32:45.506Z,5,89.44,5,SATURATED,0.1
2026-02-15T13:32:45.557Z,5,89.44,5,SATURATED,0.1
2026-02-15T13:32:45.607Z,5,89.04,5,SATURATED,0.1
2026-02-15T13:32:45.658Z,4,28.99,5,OK,0.1
2026-02-15T13:32:45.709Z,4,20.46,6,OK,0.1
2026-02-15T13:32:45.759Z,4,20.42,7,OK,0.1
2026-02-15T13:32:45.813Z,6,20.56,8,OK,0.1
2026-02-15T13:32:45.862Z,5,20.56,9,OK,0.1
2026-02-15T13:32:45.913Z,5,20.55,10,OK,0.1
2026-02-15T13:32:45.963Z,5,20.53,11,OK,0.1
2026-02-15T13:32:46.014Z,5,20.50,12,OK,0.1
2026-02-15T13:32:46.171Z,8,44.34,10,OK,0.1
2026-02-15T13:32:46.221Z,6,44.34,8,OK,0.1
2026-02-15T13:32:46.272Z,6,44.37,6,SATURATED,0.1
2026-02-15T13:32:46.325Z,6,46.77,5,SATURATED,0.1
2026-02-15T13:32:46.374Z,6,47.40,5,SATURATED,0.1
2026-02-15T13:32:46.425Z,6,23.36,6,SATURATED,0.1
2026-02-15T13:32:46.484Z,6,23.43,7,OK,0.1
2026-02-15T13:32:46.663Z,6,51.11,5,SATURATED,0.1
2026-02-15T13:32:46.714Z,5,48.72,5,SATURATED,0.1
2026-02-15T13:32:46.765Z,5,48.08,5,SATURATED,0.1
2026-02-15T13:32:46.815Z,5,48.11,5,SATURATED,0.1
2026-02-15T13:32:46.865Z,5,48.00,5,SATURATED,0.1
2026-02-15T13:32:46.916Z,5,20.33,6,OK,0.1
2026-02-15T13:32:46.967Z,5,20.34,7,OK,0.1
2026-02-15T13:32:47.017Z,5,20.49,8,OK,0.1
2026-02-15T13:32:47.067Z,4,20.53,9,OK,0.1
2026-02-15T13:32:47.118Z,4,20.52,10,OK,0.1
2026-02-15T13:32:47.168Z,4,20.46,11,OK,0.1
2026-02-15T13:32:47.219Z,4,20.39,12,OK,0.1
2026-02-15T13:32:47.269Z,4,20.32,13,OK,0.1
2026-02-15T13:32:47.333Z,13,21.42,14,OK,0.1
2026-02-15T13:32:47.517Z,14,24.29,15,OK,0.1
2026-02-15T13:32:47.640Z,15,44.80,13,SATURATED,0.1
2026-02-15T13:32:47.691Z,9,44.85,11,OK,0.1
2026-02-15T13:32:47.742Z,9,44.75,9,SATURATED,0.1
2026-02-15T13:32:47.792Z,9,43.61,7,SATURATED,0.1
2026-02-15T13:32:47.843Z,8,40.71,5,SATURATED,0.1
2026-02-15T13:32:47.893Z,8,20.26,6,SATURATED,0.1
2026-02-15T13:32:47.944Z,8,20.21,7,SATURATED,0.1
2026-02-15T13:32:47.995Z,8,20.30,8,SATURATED,0.1
2026-02-15T13:32:48.045Z,8,20.50,9,OK,0.1
2026-02-15T13:32:48.096Z,7,20.53,10,OK,0.1
2026-02-15T13:32:48.146Z,7,20.47,11,OK,0.1
2026-02-15T13:32:48.196Z,11,20.41,12,OK,0.1
2026-02-15T13:32:48.247Z,8,20.39,13,OK,0.1
2026-02-15T13:32:48.297Z,8,20.26,14,OK,0.1
2026-02-15T13:32:48.695Z,14,21.39,15,OK,0.1
2026-02-15T13:32:48.783Z,14,24.95,16,OK,0.1
2026-02-15T13:32:48.986Z,10,51.59,13,OK,0.1
2026-02-15T13:32:49.037Z,10,51.68,10,SATURATED,0.1
2026-02-15T13:32:49.087Z,10,51.62,7,SATURATED,0.1
2026-02-15T13:32:49.133Z,10,50.56,5,SATURATED,0.1
2026-02-15T13:32:49.183Z,10,47.02,5,SATURATED,0.1
2026-02-15T13:32:49.234Z,10,20.48,6,SATURATED,0.1
2026-02-15T13:32:49.286Z,9,20.40,7,SATURATED,0.1
2026-02-15T13:32:49.336Z,6,20.36,8,OK,0.1
2026-02-15T13:32:49.386Z,5,20.30,9,OK,0.1
2026-02-15T13:32:49.436Z,5,20.28,10,OK,0.1
2026-02-15T13:32:49.487Z,5,20.31,11,OK,0.1
2026-02-15T13:32:49.537Z,5,20.37,12,OK,0.1
2026-02-15T13:32:49.590Z,6,20.41,13,OK,0.1
2026-02-15T13:32:49.640Z,4,20.28,14,OK,0.1
2026-02-15T13:32:49.691Z,4,20.36,15,OK,0.1
2026-02-15T13:32:49.916Z,15,51.27,12,SATURATED,0.1
2026-02-15T13:32:49.967Z,8,57.33,8,SATURATED,0.1
2026-02-15T13:32:50.018Z,7,57.22,5,SATURATED,0.1
2026-02-15T13:32:50.069Z,7,57.30,5,SATURATED,0.1
2026-02-15T13:32:50.119Z,7,57.26,5,SATURATED,0.1
2026-02-15T13:32:50.170Z,7,26.24,5,SATURATED,0.1
2026-02-15T13:32:50.221Z,6,20.10,6,SATURATED,0.1
2026-02-15T13:32:50.272Z,6,20.19,7,OK,0.1
2026-02-15T13:32:50.322Z,6,20.24,8,OK,0.1
2026-02-15T13:32:50.371Z,6,20.18,9,OK,0.1
2026-02-15T13:32:50.422Z,6,20.24,10,OK,0.1
2026-02-15T13:32:50.475Z,6,20.33,11,OK,0.1
2026-02-15T13:32:50.525Z,6,20.30,12,OK,0.1
2026-02-15T13:32:50.575Z,6,20.28,13,OK,0.1
2026-02-15T13:32:50.624Z,6,20.39,14,OK,0.1
2026-02-15T13:32:50.675Z,6,20.39,15,OK,0.1
2026-02-15T13:32:50.725Z,6,20.33,16,OK,0.1
2026-02-15T13:32:50.910Z,6,43.29,14,OK,0.1
2026-02-15T13:32:51.066Z,14,60.43,10,SATURATED,0.1
2026-02-15T13:32:51.131Z,8,59.31,6,SATURATED,0.1
2026-02-15T13:32:51.181Z,5,59.36,5,SATURATED,0.1
2026-02-15T13:32:51.231Z,5,59.45,5,SATURATED,0.1
2026-02-15T13:32:51.282Z,5,36.47,5,SATURATED,0.1
2026-02-15T13:32:51.332Z,5,19.28,6,OK,0.1
2026-02-15T13:32:51.383Z,6,20.32,7,OK,0.1
2026-02-15T13:32:51.434Z,6,20.20,8,OK,0.1
2026-02-15T13:32:51.485Z,7,20.05,9,OK,0.1
2026-02-15T13:32:51.535Z,7,20.11,10,OK,0.1
2026-02-15T13:32:51.586Z,7,20.28,11,OK,0.1
2026-02-15T13:32:51.763Z,8,20.38,12,OK,0.1
2026-02-15T13:32:51.899Z,9,43.39,10,OK,0.1
2026-02-15T13:32:51.950Z,5,43.62,8,OK,0.1
2026-02-15T13:32:52.001Z,5,43.62,6,OK,0.1
2026-02-15T13:32:52.191Z,5,43.57,5,SATURATED,0.1
2026-02-15T13:32:52.252Z,5,51.59,5,SATURATED,0.1
2026-02-15T13:32:52.303Z,5,28.46,5,SATURATED,0.1
2026-02-15T13:32:52.354Z,5,28.43,5,SATURATED,0.1
2026-02-15T13:32:52.404Z,4,28.43,5,OK,0.1
2026-02-15T13:32:52.455Z,4,28.36,5,OK,0.1
2026-02-15T13:32:52.506Z,3,20.26,6,OK,0.1
2026-02-15T13:32:52.556Z,3,20.47,7,OK,0.1
2026-02-15T13:32:52.607Z,3,20.37,8,OK,0.1
2026-02-15T13:32:52.657Z,3,20.37,9,OK,0.1
2026-02-15T13:32:52.707Z,3,20.38,10,OK,0.1
2026-02-15T13:32:52.759Z,3,20.37,11,OK,0.1
2026-02-15T13:32:52.809Z,3,20.32,12,OK,0.1
2026-02-15T13:32:52.859Z,3,20.29,13,OK,0.1
2026-02-15T13:32:52.912Z,4,20.37,14,OK,0.1
2026-02-15T13:32:52.962Z,3,20.31,15,OK,0.1
2026-02-15T13:32:53.012Z,3,20.33,16,OK,0.1
2026-02-15T13:32:53.062Z,3,20.44,17,OK,0.1
2026-02-15T13:32:53.112Z,3,20.42,18,OK,0.1
2026-02-15T13:32:53.162Z,3,20.33,19,OK,0.1
2026-02-15T13:32:53.412Z,7,20.41,20,OK,0.1
2026-02-15T13:32:53.491Z,18,31.79,19,OK,0.1
2026-02-15T13:32:53.541Z,5,31.57,18,OK,0.1
2026-02-15T13:32:53.591Z,5,31.63,17,OK,0.1
2026-02-15T13:32:53.641Z,4,31.54,16,OK,0.1
2026-02-15T13:32:53.691Z,4,31.56,15,OK,0.1
2026-02-15T13:32:53.741Z,4,20.19,16,OK,0.1
2026-02-15T13:32:53.791Z,4,20.35,17,OK,0.1
2026-02-15T13:32:53.842Z,4,20.34,18,OK,0.1
2026-02-15T13:32:53.893Z,4,20.40,19,OK,0.1
2026-02-15T13:32:54.038Z,5,20.34,20,OK,0.1
2026-02-15T13:32:54.089Z,4,20.35,21,OK,0.1
2026-02-15T13:32:54.139Z,4,20.33,22,OK,0.1
2026-02-15T13:32:54.189Z,4,20.36,23,OK,0.1
2026-02-15T13:32:54.239Z,4,20.36,24,OK,0.1
2026-02-15T13:32:54.289Z,4,20.39,25,OK,0.1
2026-02-15T13:32:54.339Z,4,20.37,26,OK,0.1
2026-02-15T13:32:54.389Z,4,20.38,27,OK,0.1
2026-02-15T13:32:54.583Z,11,20.38,28,OK,0.1
2026-02-15T13:32:54.894Z,26,78.43,22,SATURATED,0.1
2026-02-15T13:32:55.047Z,12,100.90,14,OK,0.1
2026-02-15T13:32:55.097Z,14,100.93,6,SATURATED,0.1
2026-02-15T13:32:55.148Z,14,100.94,5,SATURATED,0.1
2026-02-15T13:32:55.198Z,13,100.90,5,SATURATED,0.1
2026-02-15T13:32:55.248Z,13,42.85,5,SATURATED,0.1
2026-02-15T13:32:55.298Z,13,20.38,6,SATURATED,0.1
2026-02-15T13:32:55.350Z,13,20.32,7,SATURATED,0.1
2026-02-15T13:32:55.400Z,13,20.31,8,SATURATED,0.1
2026-02-15T13:32:55.451Z,11,20.37,9,SATURATED,0.1
2026-02-15T13:32:55.501Z,11,20.42,10,SATURATED,0.1
2026-02-15T13:32:55.551Z,10,20.39,11,OK,0.1
2026-02-15T13:32:55.602Z,10,20.39,12,OK,0.1
2026-02-15T13:32:55.652Z,10,20.36,13,OK,0.1
2026-02-15T13:32:55.704Z,10,20.31,14,OK,0.1
2026-02-15T13:32:55.755Z,11,20.31,15,OK,0.1
2026-02-15T13:32:55.805Z,11,20.27,16,OK,0.1
2026-02-15T13:32:55.863Z,16,21.88,17,OK,0.1
2026-02-15T13:32:55.937Z,17,24.57,18,OK,0.1
2026-02-15T13:32:55.987Z,15,24.40,19,OK,0.1
2026-02-15T13:32:56.036Z,15,24.39,20,OK,0.1
2026-02-15T13:32:56.087Z,15,24.31,21,OK,0.1
2026-02-15T13:32:56.137Z,15,22.69,22,OK,0.1
2026-02-15T13:32:56.188Z,15,19.95,23,OK,0.1
2026-02-15T13:32:56.238Z,15,20.01,24,OK,0.1
2026-02-15T13:32:56.289Z,15,19.99,25,OK,0.1
2026-02-15T13:32:56.339Z,15,20.12,26,OK,0.1
2026-02-15T13:32:56.389Z,15,20.12,27,OK,0.1
2026-02-15T13:32:56.440Z,13,20.24,28,OK,0.1
2026-02-15T13:32:56.490Z,13,20.34,29,OK,0.1
2026-02-15T13:32:56.541Z,13,20.20,30,OK,0.1
2026-02-15T13:32:56.592Z,12,20.10,31,OK,0.1
2026-02-15T13:32:56.641Z,12,20.10,32,OK,0.1
2026-02-15T13:32:56.692Z,12,20.11,33,OK,0.1
2026-02-15T13:32:56.742Z,11,20.16,34,OK,0.1
2026-02-15T13:32:56.792Z,11,20.22,35,OK,0.1
2026-02-15T13:32:56.846Z,10,20.43,36,OK,0.1
2026-02-15T13:32:57.091Z,12,55.39,32,OK,0.1
2026-02-15T13:32:57.526Z,28,128.28,5,SATURATED,0.4
2026-02-15T13:32:57.577Z,7,128.05,5,SATURATED,0.4
2026-02-15T13:32:57.627Z,7,128.00,5,SATURATED,0.4
2026-02-15T13:32:57.677Z,7,127.92,5,SATURATED,0.4
2026-02-15T13:32:57.727Z,7,92.97,5,SATURATED,0.1
2026-02-15T13:32:57.777Z,6,20.07,6,SATURATED,0.1
2026-02-15T13:32:57.827Z,6,20.20,7,OK,0.1
2026-02-15T13:32:57.878Z,4,20.29,8,OK,0.1
2026-02-15T13:32:57.928Z,3,20.25,9,OK,0.1
2026-02-15T13:32:57.980Z,2,20.22,10,OK,0.1
2026-02-15T13:32:58.030Z,2,20.15,11,OK,0.1
2026-02-15T13:32:58.081Z,2,20.19,12,OK,0.1
2026-02-15T13:32:58.131Z,2,20.33,13,OK,0.1
2026-02-15T13:32:58.182Z,2,20.31,14,OK,0.1
2026-02-15T13:32:58.234Z,2,20.33,15,OK,0.1
2026-02-15T13:32:58.284Z,2,20.38,16,OK,0.1
2026-02-15T13:32:58.334Z,2,20.40,17,OK,0.1
2026-02-15T13:32:58.385Z,2,20.28,18,OK,0.1
2026-02-15T13:32:58.435Z,2,20.27,19,OK,0.1
2026-02-15T13:32:58.986Z,19,20.30,20,OK,0.1
2026-02-15T13:32:59.321Z,16,73.21,15,SATURATED,0.1
2026-02-15T13:32:59.544Z,6,113.39,6,SATURATED,0.1
2026-02-15T13:32:59.594Z,3,113.46,5,OK,0.1
2026-02-15T13:32:59.644Z,3,113.48,5,OK,0.1
2026-02-15T13:32:59.695Z,3,113.43,5,OK,0.1
2026-02-15T13:32:59.747Z,3,60.49,5,OK,0.1
2026-02-15T13:32:59.798Z,3,20.32,6,OK,0.1
2026-02-15T13:32:59.847Z,3,20.36,7,OK,0.1
2026-02-15T13:32:59.898Z,4,20.43,8,OK,0.1
2026-02-15T13:32:59.948Z,4,20.48,9,OK,0.1
2026-02-15T13:33:00.187Z,9,40.27,7,SATURATED,0.1
2026-02-15T13:33:00.239Z,5,36.58,5,SATURATED,0.1
2026-02-15T13:33:00.290Z,5,36.47,5,SATURATED,0.1
2026-02-15T13:33:00.342Z,5,36.29,5,SATURATED,0.1
2026-02-15T13:33:00.392Z,5,36.27,5,SATURATED,0.1
2026-02-15T13:33:00.442Z,5,16.49,6,OK,0.1
2026-02-15T13:33:00.492Z,5,20.17,7,OK,0.1
2026-02-15T13:33:00.542Z,5,20.20,8,OK,0.1
2026-02-15T13:33:00.592Z,6,20.36,9,OK,0.1
2026-02-15T13:33:00.644Z,6,20.39,10,OK,0.1
2026-02-15T13:33:00.694Z,6,20.40,11,OK,0.1
2026-02-15T13:33:00.744Z,5,20.37,12,OK,0.1
2026-02-15T13:33:00.794Z,5,20.39,13,OK,0.1
2026-02-15T13:33:00.844Z,5,20.38,14,OK,0.1
2026-02-15T13:33:00.895Z,5,20.39,15,OK,0.1
2026-02-15T13:33:00.946Z,5,20.37,16,OK,0.1
2026-02-15T13:33:00.997Z,5,20.50,17,OK,0.1
2026-02-15T13:33:01.047Z,5,20.50,18,OK,0.1
2026-02-15T13:33:01.098Z,4,20.52,19,OK,0.1
2026-02-15T13:33:01.148Z,4,20.46,20,OK,0.1
2026-02-15T13:33:01.368Z,20,20.46,21,OK,0.1
2026-02-15T13:33:01.447Z,12,31.96,20,OK,0.1
2026-02-15T13:33:01.497Z,6,31.93,19,OK,0.1
2026-02-15T13:33:01.547Z,6,31.91,18,OK,0.1
2026-02-15T13:33:01.692Z,7,46.86,15,OK,0.1
2026-02-15T13:33:01.744Z,6,46.87,12,OK,0.1
2026-02-15T13:33:01.794Z,6,35.33,10,OK,0.1
2026-02-15T13:33:01.845Z,6,35.36,8,OK,0.1
2026-02-15T13:33:01.895Z,5,35.35,6,OK,0.1
2026-02-15T13:33:01.945Z,5,20.81,7,OK,0.1
2026-02-15T13:33:01.996Z,4,20.82,8,OK,0.1
2026-02-15T13:33:02.047Z,4,20.68,9,OK,0.1
2026-02-15T13:33:02.097Z,4,20.58,10,OK,0.1
2026-02-15T13:33:02.147Z,4,20.61,11,OK,0.1
2026-02-15T13:33:02.198Z,5,20.23,12,OK,0.1
2026-02-15T13:33:02.248Z,4,20.24,13,OK,0.1
2026-02-15T13:33:02.299Z,4,20.30,14,OK,0.1
2026-02-15T13:33:02.349Z,4,20.39,15,OK,0.1
2026-02-15T13:33:02.416Z,15,20.52,16,OK,0.1
2026-02-15T13:33:02.814Z,16,95.89,8,SATURATED,0.1
2026-02-15T13:33:02.873Z,9,93.82,5,SATURATED,0.1
2026-02-15T13:33:02.925Z,8,93.88,5,SATURATED,0.1
2026-02-15T13:33:02.976Z,8,93.88,5,SATURATED,0.1
2026-02-15T13:33:03.026Z,8,93.82,5,SATURATED,0.1
2026-02-15T13:33:03.076Z,8,18.40,6,SATURATED,0.1
2026-02-15T13:33:03.126Z,8,20.50,7,SATURATED,0.1
2026-02-15T13:33:03.178Z,8,20.42,8,SATURATED,0.1
2026-02-15T13:33:03.227Z,5,20.43,9,OK,0.1
2026-02-15T13:33:03.278Z,5,20.34,10,OK,0.1
2026-02-15T13:33:03.328Z,5,20.44,11,OK,0.1
2026-02-15T13:33:03.378Z,5,20.42,12,OK,0.1
2026-02-15T13:33:03.538Z,5,47.03,9,OK,0.1
2026-02-15T13:33:03.672Z,9,59.74,5,SATURATED,0.1
2026-02-15T13:33:03.723Z,5,59.73,5,SATURATED,0.1
2026-02-15T13:33:03.773Z,5,59.65,5,SATURATED,0.1
2026-02-15T13:33:03.824Z,5,59.73,5,SATURATED,0.1
2026-02-15T13:33:03.874Z,5,33.00,5,SATURATED,0.1
2026-02-15T13:33:03.924Z,5,20.33,6,OK,0.1
2026-02-15T13:33:03.973Z,5,20.35,7,OK,0.1
2026-02-15T13:33:04.024Z,5,20.39,8,OK,0.1
2026-02-15T13:33:04.074Z,5,20.34,9,OK,0.1
2026-02-15T13:33:04.125Z,5,20.52,10,OK,0.1
2026-02-15T13:33:04.175Z,5,20.46,11,OK,0.1
2026-02-15T13:33:04.354Z,5,50.92,8,OK,0.1
2026-02-15T13:33:04.459Z,7,58.03,5,SATURATED,0.1
2026-02-15T13:33:04.510Z,2,58.02,5,OK,0.1
2026-02-15T13:33:04.560Z,2,57.99,5,OK,0.1
2026-02-15T13:33:04.610Z,0,57.87,5,OK,0.1
2026-02-15T13:33:04.661Z,0,27.33,5,OK,0.1
2026-02-15T13:33:04.724Z,5,18.93,6,OK,0.1
2026-02-15T13:33:04.774Z,1,18.74,7,OK,0.1
2026-02-15T13:33:04.970Z,6,18.75,8,OK,0.1
2026-02-15T13:33:05.020Z,4,22.39,9,OK,0.1
2026-02-15T13:33:05.070Z,4,22.43,10,OK,0.1
2026-02-15T13:33:05.121Z,4,23.70,11,OK,0.1
2026-02-15T13:33:05.171Z,4,23.86,12,OK,0.1
2026-02-15T13:33:05.221Z,4,23.82,13,OK,0.1
2026-02-15T13:33:05.271Z,4,20.29,14,OK,0.1
2026-02-15T13:33:05.321Z,4,20.31,15,OK,0.1
2026-02-15T13:33:05.372Z,4,20.32,16,OK,0.1
2026-02-15T13:33:05.422Z,4,20.30,17,OK,0.1
2026-02-15T13:33:05.475Z,6,20.31,18,OK,0.1
2026-02-15T13:33:05.525Z,4,20.33,19,OK,0.1
2026-02-15T13:33:05.576Z,4,20.38,20,OK,0.1
2026-02-15T13:33:05.626Z,5,20.45,21,OK,0.1
2026-02-15T13:33:05.676Z,5,20.47,22,OK,0.1
2026-02-15T13:33:05.995Z,10,48.01,19,OK,0.1
2026-02-15T13:33:06.155Z,19,66.11,14,SATURATED,0.1
2026-02-15T13:33:06.205Z,10,66.20,9,SATURATED,0.1
2026-02-15T13:33:06.255Z,10,66.11,5,SATURATED,0.1
2026-02-15T13:33:06.306Z,10,66.18,5,SATURATED,0.1
2026-02-15T13:33:06.357Z,10,38.63,5,SATURATED,0.1
2026-02-15T13:33:06.408Z,10,20.51,6,SATURATED,0.1
2026-02-15T13:33:06.458Z,10,20.37,7,SATURATED,0.1
2026-02-15T13:33:06.508Z,10,20.31,8,SATURATED,0.1
2026-02-15T13:33:06.558Z,10,20.21,9,SATURATED,0.1
2026-02-15T13:33:06.608Z,10,20.23,10,SATURATED,0.1
2026-02-15T13:33:06.658Z,10,20.21,11,OK,0.1
2026-02-15T13:33:06.708Z,9,20.25,12,OK,0.1
2026-02-15T13:33:06.758Z,9,20.34,13,OK,0.1
2026-02-15T13:33:06.809Z,8,20.53,14,OK,0.1
2026-02-15T13:33:06.859Z,6,20.53,15,OK,0.1
2026-02-15T13:33:06.909Z,6,20.54,16,OK,0.1
2026-02-15T13:33:06.959Z,6,20.44,17,OK,0.1
2026-02-15T13:33:07.111Z,6,20.39,18,OK,0.1
2026-02-15T13:33:07.260Z,17,45.80,15,SATURATED,0.1
2026-02-15T13:33:07.522Z,15,84.14,9,SATURATED,0.1
2026-02-15T13:33:07.572Z,8,84.06,5,SATURATED,0.1
2026-02-15T13:33:07.622Z,7,84.07,5,SATURATED,0.1
2026-02-15T13:33:07.672Z,7,84.06,5,SATURATED,0.1
2026-02-15T13:33:07.723Z,5,58.43,5,SATURATED,0.1
2026-02-15T13:33:07.773Z,5,20.08,6,OK,0.1
2026-02-15T13:33:07.953Z,5,20.23,7,OK,0.1
2026-02-15T13:33:08.003Z,4,20.23,8,OK,0.1
2026-02-15T13:33:08.054Z,3,20.24,9,OK,0.1
2026-02-15T13:33:08.104Z,3,20.33,10,OK,0.1
2026-02-15T13:33:08.266Z,10,21.47,11,OK,0.1
2026-02-15T13:33:08.317Z,3,21.51,12,OK,0.1
2026-02-15T13:33:08.367Z,3,21.60,13,OK,0.1
2026-02-15T13:33:08.417Z,3,21.62,14,OK,0.1
2026-02-15T13:33:08.467Z,3,21.59,15,OK,0.1
2026-02-15T13:33:08.624Z,9,47.16,12,OK,0.1
2026-02-15T13:33:08.780Z,12,64.18,8,SATURATED,0.1
2026-02-15T13:33:08.968Z,4,93.77,5,OK,0.1
2026-02-15T13:33:09.019Z,4,93.60,5,OK,0.1
2026-02-15T13:33:09.070Z,4,93.61,5,OK,0.1
2026-02-15T13:33:09.277Z,4,66.90,5,OK,0.1
2026-02-15T13:33:09.468Z,3,64.65,5,OK,0.1
2026-02-15T13:33:09.519Z,3,35.05,5,OK,0.1
2026-02-15T13:33:09.570Z,3,35.25,5,OK,0.1
2026-02-15T13:33:09.620Z,3,35.27,5,OK,0.1
2026-02-15T13:33:09.670Z,3,35.42,5,OK,0.1
2026-02-15T13:33:09.720Z,3,20.56,6,OK,0.1
2026-02-15T13:33:10.146Z,5,98.31,5,SATURATED,0.1
2026-02-15T13:33:10.222Z,5,99.41,5,SATURATED,0.1
2026-02-15T13:33:10.272Z,3,99.26,5,OK,0.1
2026-02-15T13:33:10.323Z,5,99.28,5,SATURATED,0.1
2026-02-15T13:33:10.374Z,5,99.23,5,SATURATED,0.1
2026-02-15T13:33:10.425Z,5,21.50,6,OK,0.1
2026-02-15T13:33:10.475Z,5,20.42,7,OK,0.1
2026-02-15T13:33:10.526Z,5,20.70,8,OK,0.1
2026-02-15T13:33:10.577Z,5,20.52,9,OK,0.1
2026-02-15T13:33:10.626Z,5,20.57,10,OK,0.1
2026-02-15T13:33:10.677Z,4,20.62,11,OK,0.1
2026-02-15T13:33:10.728Z,4,20.57,12,OK,0.1
2026-02-15T13:33:10.779Z,4,20.35,13,OK,0.1
2026-02-15T13:33:10.829Z,4,20.39,14,OK,0.1
2026-02-15T13:33:10.879Z,4,20.35,15,OK,0.1
2026-02-15T13:33:10.929Z,4,20.33,16,OK,0.1
2026-02-15T13:33:11.122Z,9,34.91,15,OK,0.1
2026-02-15T13:33:11.174Z,10,37.00,13,OK,0.1
2026-02-15T13:33:11.324Z,13,52.93,10,SATURATED,0.1
2026-02-15T13:33:11.565Z,10,87.07,5,SATURATED,0.1
2026-02-15T13:33:11.615Z,8,87.02,5,SATURATED,0.1
2026-02-15T13:33:11.666Z,8,72.39,5,SATURATED,0.1
2026-02-15T13:33:11.716Z,8,70.36,5,SATURATED,0.1
2026-02-15T13:33:11.766Z,8,54.41,5,SATURATED,0.1
2026-02-15T13:33:11.816Z,8,20.26,6,SATURATED,0.1
2026-02-15T13:33:11.866Z,8,20.25,7,SATURATED,0.1
2026-02-15T13:33:11.917Z,8,20.28,8,SATURATED,0.1
2026-02-15T13:33:11.967Z,7,20.43,9,OK,0.1
2026-02-15T13:33:12.017Z,7,20.36,10,OK,0.1
2026-02-15T13:33:12.067Z,7,20.39,11,OK,0.1
2026-02-15T13:33:12.118Z,7,20.41,12,OK,0.1
2026-02-15T13:33:12.169Z,12,20.38,13,OK,0.1
2026-02-15T13:33:12.223Z,13,20.97,14,OK,0.1
2026-02-15T13:33:12.274Z,11,21.05,15,OK,0.1
2026-02-15T13:33:12.561Z,11,64.57,11,SATURATED,0.1
2026-02-15T13:33:12.624Z,11,72.99,6,SATURATED,0.1
2026-02-15T13:33:12.675Z,9,72.85,5,SATURATED,0.1
2026-02-15T13:33:12.725Z,9,72.10,5,SATURATED,0.1
2026-02-15T13:33:12.775Z,9,72.19,5,SATURATED,0.1
2026-02-15T13:33:12.825Z,9,28.70,5,SATURATED,0.1
2026-02-15T13:33:12.876Z,9,20.26,6,SATURATED,0.1
2026-02-15T13:33:12.927Z,9,20.41,7,SATURATED,0.1
2026-02-15T13:33:12.977Z,9,20.45,8,SATURATED,0.1
2026-02-15T13:33:13.027Z,9,20.50,9,SATURATED,0.1
2026-02-15T13:33:13.077Z,9,20.41,10,OK,0.1
2026-02-15T13:33:13.128Z,7,20.44,11,OK,0.1
2026-02-15T13:33:13.179Z,8,20.54,12,OK,0.1
2026-02-15T13:33:13.230Z,12,21.19,13,OK,0.1
2026-02-15T13:33:13.281Z,7,21.04,14,OK,0.1
2026-02-15T13:33:13.335Z,7,21.11,15,OK,0.1
2026-02-15T13:33:13.385Z,5,21.02,16,OK,0.1
2026-02-15T13:33:13.435Z,5,20.90,17,OK,0.1
2026-02-15T13:33:13.484Z,5,20.27,18,OK,0.1
2026-02-15T13:33:13.535Z,5,20.30,19,OK,0.1
2026-02-15T13:33:13.782Z,19,20.73,20,OK,0.1
2026-02-15T13:33:13.881Z,15,36.62,18,OK,0.1
2026-02-15T13:33:13.932Z,9,36.62,16,OK,0.1
2026-02-15T13:33:13.983Z,10,36.54,14,OK,0.1
2026-02-15T13:33:14.034Z,10,36.52,12,OK,0.1
2026-02-15T13:33:14.085Z,10,36.10,10,SATURATED,0.1
2026-02-15T13:33:14.134Z,10,20.28,11,OK,0.1
2026-02-15T13:33:14.294Z,9,46.27,8,SATURATED,0.1
2026-02-15T13:33:14.412Z,6,55.83,5,SATURATED,0.1
2026-02-15T13:33:14.463Z,6,55.83,5,SATURATED,0.1
2026-02-15T13:33:14.515Z,6,55.75,5,SATURATED,0.1
2026-02-15T13:33:14.565Z,6,55.74,5,SATURATED,0.1
2026-02-15T13:33:14.616Z,6,29.75,5,SATURATED,0.1
2026-02-15T13:33:14.667Z,6,20.21,6,SATURATED,0.1
2026-02-15T13:33:14.717Z,6,20.23,7,OK,0.1
2026-02-15T13:33:14.767Z,7,20.34,8,OK,0.1
2026-02-15T13:33:14.923Z,7,20.30,9,OK,0.1
2026-02-15T13:33:14.973Z,8,24.85,10,OK,0.1
2026-02-15T13:33:15.024Z,8,24.90,11,OK,0.1
2026-02-15T13:33:15.075Z,8,24.89,12,OK,0.1
2026-02-15T13:33:15.126Z,8,24.87,13,OK,0.1
2026-02-15T13:33:15.176Z,8,24.92,14,OK,0.1
2026-02-15T13:33:15.227Z,7,20.33,15,OK,0.1
2026-02-15T13:33:15.277Z,7,20.30,16,OK,0.1
2026-02-15T13:33:15.334Z,15,24.54,17,OK,0.1
2026-02-15T13:33:15.386Z,8,24.55,18,OK,0.1
2026-02-15T13:33:15.576Z,10,24.53,19,OK,0.1
2026-02-15T13:33:15.626Z,8,24.51,20,OK,0.1
2026-02-15T13:33:15.677Z,8,24.51,21,OK,0.1
2026-02-15T13:33:15.728Z,8,20.24,22,OK,0.1
2026-02-15T13:33:15.778Z,5,20.31,23,OK,0.1
2026-02-15T13:33:15.947Z,7,50.01,20,OK,0.1
2026-02-15T13:33:16.202Z,19,87.04,13,SATURATED,0.1
2026-02-15T13:33:16.254Z,6,89.04,6,SATURATED,0.1
2026-02-15T13:33:16.304Z,6,89.04,5,SATURATED,0.1
2026-02-15T13:33:16.355Z,6,89.19,5,SATURATED,0.1
2026-02-15T13:33:16.405Z,6,59.53,5,SATURATED,0.1
2026-02-15T13:33:16.455Z,6,22.60,6,SATURATED,0.1
2026-02-15T13:33:16.505Z,6,20.57,7,OK,0.1
2026-02-15T13:33:16.555Z,6,20.58,8,OK,0.1
2026-02-15T13:33:16.715Z,7,31.98,7,SATURATED,0.1
2026-02-15T13:33:16.766Z,7,31.96,6,SATURATED,0.1
2026-02-15T13:33:16.816Z,6,31.85,5,SATURATED,0.1
2026-02-15T13:33:16.866Z,6,31.93,5,SATURATED,0.1
2026-02-15T13:33:16.916Z,6,31.95,5,SATURATED,0.1
2026-02-15T13:33:16.967Z,5,20.34,6,OK,0.1
2026-02-15T13:33:17.018Z,5,20.32,7,OK,0.1
2026-02-15T13:33:17.068Z,5,20.36,8,OK,0.1
2026-02-15T13:33:17.118Z,5,20.26,9,OK,0.1
2026-02-15T13:33:17.168Z,5,20.22,10,OK,0.1
2026-02-15T13:33:17.328Z,10,46.00,7,SATURATED,0.1
2026-02-15T13:33:17.393Z,5,44.95,5,SATURATED,0.1
2026-02-15T13:33:17.442Z,4,45.05,5,OK,0.1
2026-02-15T13:33:17.494Z,4,45.07,5,OK,0.1
2026-02-15T13:33:17.544Z,4,45.10,5,OK,0.1
2026-02-15T13:33:17.594Z,4,19.30,6,OK,0.1
2026-02-15T13:33:17.644Z,4,20.48,7,OK,0.1
2026-02-15T13:33:17.694Z,4,20.49,8,OK,0.1
2026-02-15T13:33:17.744Z,4,20.67,9,OK,0.1
2026-02-15T13:33:17.794Z,3,20.92,10,OK,0.1
2026-02-15T13:33:17.844Z,3,20.82,11,OK,0.1
2026-02-15T13:33:17.894Z,3,20.69,12,OK,0.1
2026-02-15T13:33:17.944Z,3,20.64,13,OK,0.1
2026-02-15T13:33:18.055Z,3,38.50,11,OK,0.1
2026-02-15T13:33:18.106Z,3,38.22,9,OK,0.1
2026-02-15T13:33:18.156Z,3,38.33,7,OK,0.1
2026-02-15T13:33:18.205Z,1,38.45,5,OK,0.1
2026-02-15T13:33:18.256Z,1,38.45,5,OK,0.1
2026-02-15T13:33:18.306Z,1,20.43,6,OK,0.1
2026-02-15T13:33:18.491Z,6,50.39,5,SATURATED,0.1
2026-02-15T13:33:18.552Z,3,48.52,5,OK,0.1
2026-02-15T13:33:18.603Z,0,48.93,5,OK,0.1
2026-02-15T13:33:18.653Z,0,48.93,5,OK,0.1
2026-02-15T13:33:18.703Z,0,48.92,5,OK,0.1
2026-02-15T13:33:18.753Z,0,19.04,6,OK,0.1
2026-02-15T13:33:18.950Z,0,20.90,7,OK,0.1
2026-02-15T13:33:19.000Z,0,20.31,8,OK,0.1
2026-02-15T13:33:19.050Z,0,20.31,9,OK,0.1
2026-02-15T13:33:19.096Z,0,20.40,10,OK,0.1
2026-02-15T13:33:19.146Z,0,20.32,11,OK,0.1
2026-02-15T13:33:19.197Z,1,20.36,12,OK,0.1
2026-02-15T13:33:19.248Z,1,20.40,13,OK,0.1
2026-02-15T13:33:19.298Z,1,20.43,14,OK,0.1
2026-02-15T13:33:19.350Z,1,20.34,15,OK,0.1
2026-02-15T13:33:19.399Z,1,20.39,16,OK,0.1
2026-02-15T13:33:19.449Z,1,20.35,17,OK,0.1
2026-02-15T13:33:19.644Z,2,35.48,15,OK,0.1
2026-02-15T13:33:20.207Z,15,133.99,5,SATURATED,0.4
2026-02-15T13:33:20.257Z,3,134.09,5,OK,0.4
2026-02-15T13:33:20.308Z,3,134.10,5,OK,0.4
2026-02-15T13:33:20.358Z,3,134.29,5,OK,0.4
2026-02-15T13:33:20.408Z,3,119.20,5,OK,0.1
2026-02-15T13:33:20.459Z,3,20.70,6,OK,0.1
2026-02-15T13:33:20.509Z,3,20.61,7,OK,0.1
2026-02-15T13:33:20.560Z,3,20.59,8,OK,0.1
2026-02-15T13:33:20.610Z,3,20.40,9,OK,0.1
2026-02-15T13:33:20.661Z,3,20.35,10,OK,0.1
2026-02-15T13:33:20.710Z,3,20.35,11,OK,0.1
2026-02-15T13:33:20.761Z,3,20.33,12,OK,0.1
2026-02-15T13:33:20.811Z,3,20.33,13,OK,0.1
2026-02-15T13:33:20.862Z,3,20.33,14,OK,0.1
2026-02-15T13:33:20.912Z,3,20.39,15,OK,0.1
2026-02-15T13:33:20.963Z,3,20.29,16,OK,0.1
2026-02-15T13:33:21.013Z,3,20.33,17,OK,0.1
2026-02-15T13:33:21.064Z,3,20.57,18,OK,0.1
2026-02-15T13:33:21.114Z,3,20.61,19,OK,0.1
2026-02-15T13:33:21.277Z,10,20.59,20,OK,0.1
2026-02-15T13:33:21.913Z,19,143.52,5,SATURATED,0.4
2026-02-15T13:33:21.964Z,7,143.49,5,SATURATED,0.4
2026-02-15T13:33:22.015Z,7,143.16,5,SATURATED,0.4
2026-02-15T13:33:22.065Z,6,143.11,5,SATURATED,0.4
2026-02-15T13:33:22.115Z,6,143.11,5,SATURATED,0.4
2026-02-15T13:33:22.166Z,6,20.22,6,SATURATED,0.1
2026-02-15T13:33:22.215Z,6,20.20,7,OK,0.1
2026-02-15T13:33:22.266Z,5,20.30,8,OK,0.1
2026-02-15T13:33:22.315Z,5,20.36,9,OK,0.1
2026-02-15T13:33:22.366Z,5,20.37,10,OK,0.1
2026-02-15T13:33:22.417Z,6,20.39,11,OK,0.1
2026-02-15T13:33:22.467Z,5,20.35,12,OK,0.1
2026-02-15T13:33:22.517Z,5,20.32,13,OK,0.1
2026-02-15T13:33:22.566Z,5,20.33,14,OK,0.1
2026-02-15T13:33:22.707Z,5,34.47,13,OK,0.1
2026-02-15T13:33:22.830Z,5,45.00,11,OK,0.1
2026-02-15T13:33:22.934Z,5,51.78,8,OK,0.1
2026-02-15T13:33:23.214Z,8,93.72,5,SATURATED,0.1
2026-02-15T13:33:23.265Z,4,93.65,5,OK,0.1
2026-02-15T13:33:23.481Z,2,116.82,5,OK,0.1
2026-02-15T13:33:23.532Z,1,106.32,5,OK,0.1
2026-02-15T13:33:23.581Z,1,99.59,5,OK,0.1
2026-02-15T13:33:23.632Z,1,57.67,5,OK,0.1
2026-02-15T13:33:23.682Z,1,57.71,5,OK,0.1
2026-02-15T13:33:23.733Z,0,20.40,6,OK,0.1
2026-02-15T13:33:23.784Z,0,20.36,7,OK,0.1
2026-02-15T13:33:23.836Z,1,20.35,8,OK,0.1
2026-02-15T13:33:23.886Z,0,20.29,9,OK,0.1
2026-02-15T13:33:23.937Z,0,20.26,10,OK,0.1
2026-02-15T13:33:23.988Z,0,20.19,11,OK,0.1
2026-02-15T13:33:24.037Z,0,20.20,12,OK,0.1
2026-02-15T13:33:24.088Z,0,20.22,13,OK,0.1
2026-02-15T13:33:24.541Z,9,20.90,14,OK,0.1
2026-02-15T13:33:24.745Z,14,57.51,10,SATURATED,0.1
2026-02-15T13:33:25.101Z,5,114.72,5,SATURATED,0.1
2026-02-15T13:33:25.151Z,5,114.67,5,SATURATED,0.1
2026-02-15T13:33:25.202Z,5,114.66,5,SATURATED,0.1
2026-02-15T13:33:25.252Z,5,114.04,5,SATURATED,0.1
2026-02-15T13:33:25.303Z,5,77.43,5,SATURATED,0.1
2026-02-15T13:33:25.354Z,5,20.28,6,OK,0.1
2026-02-15T13:33:25.404Z,5,20.33,7,OK,0.1
2026-02-15T13:33:25.454Z,6,20.37,8,OK,0.1
2026-02-15T13:33:25.504Z,6,20.38,9,OK,0.1
2026-02-15T13:33:25.556Z,7,20.58,10,OK,0.1
2026-02-15T13:33:25.606Z,7,20.63,11,OK,0.1
2026-02-15T13:33:25.657Z,7,20.64,12,OK,0.1
2026-02-15T13:33:25.915Z,11,65.22,7,SATURATED,0.1
2026-02-15T13:33:25.972Z,7,62.54,5,SATURATED,0.1
2026-02-15T13:33:26.023Z,7,62.21,5,SATURATED,0.1
2026-02-15T13:33:26.074Z,7,62.19,5,SATURATED,0.1
2026-02-15T13:33:26.123Z,6,62.09,5,SATURATED,0.1
2026-02-15T13:33:26.174Z,6,17.44,6,SATURATED,0.1
2026-02-15T13:33:26.224Z,6,20.07,7,OK,0.1
2026-02-15T13:33:26.274Z,6,20.21,8,OK,0.1
2026-02-15T13:33:26.325Z,6,20.24,9,OK,0.1
2026-02-15T13:33:26.374Z,6,20.28,10,OK,0.1
2026-02-15T13:33:26.424Z,6,20.20,11,OK,0.1
2026-02-15T13:33:26.475Z,6,20.25,12,OK,0.1
2026-02-15T13:33:26.524Z,6,20.14,13,OK,0.1
2026-02-15T13:33:26.664Z,3,41.10,11,OK,0.1
2026-02-15T13:33:26.715Z,2,41.10,9,OK,0.1
2026-02-15T13:33:26.765Z,2,41.24,7,OK,0.1
2026-02-15T13:33:26.816Z,2,41.25,5,OK,0.1
2026-02-15T13:33:26.866Z,2,41.36,5,OK,0.1
2026-02-15T13:33:27.075Z,2,20.38,6,OK,0.1
2026-02-15T13:33:27.143Z,6,29.79,5,SATURATED,0.1
2026-02-15T13:33:27.193Z,2,29.66,5,OK,0.1
2026-02-15T13:33:27.243Z,2,29.61,5,OK,0.1
2026-02-15T13:33:27.293Z,2,29.64,5,OK,0.1
2026-02-15T13:33:27.344Z,3,29.58,5,OK,0.1
2026-02-15T13:33:27.395Z,3,20.16,6,OK,0.1
2026-02-15T13:33:27.445Z,2,20.37,7,OK,0.1
2026-02-15T13:33:27.496Z,2,20.36,8,OK,0.1
2026-02-15T13:33:27.546Z,1,20.32,9,OK,0.1
2026-02-15T13:33:27.677Z,3,32.48,8,OK,0.1
2026-02-15T13:33:27.889Z,7,60.86,5,SATURATED,0.1
2026-02-15T13:33:27.940Z,3,60.79,5,OK,0.1
2026-02-15T13:33:27.989Z,3,60.83,5,OK,0.1
2026-02-15T13:33:28.039Z,3,60.86,5,OK,0.1
2026-02-15T13:33:28.217Z,4,48.74,5,OK,0.1
2026-02-15T13:33:28.289Z,5,30.72,5,SATURATED,0.1
2026-02-15T13:33:28.340Z,3,30.67,5,OK,0.1
2026-02-15T13:33:28.390Z,3,30.67,5,OK,0.1
2026-02-15T13:33:28.440Z,3,30.84,5,OK,0.1
2026-02-15T13:33:28.490Z,3,30.81,5,OK,0.1
2026-02-15T13:33:28.540Z,3,20.52,6,OK,0.1
2026-02-15T13:33:28.590Z,3,20.51,7,OK,0.1
2026-02-15T13:33:28.641Z,3,20.53,8,OK,0.1
2026-02-15T13:33:28.802Z,4,45.29,5,OK,0.1
2026-02-15T13:33:28.853Z,3,45.34,5,OK,0.1
2026-02-15T13:33:28.905Z,4,45.48,5,OK,0.1
2026-02-15T13:33:28.955Z,3,45.53,5,OK,0.1
2026-02-15T13:33:29.004Z,3,45.50,5,OK,0.1
2026-02-15T13:33:29.054Z,3,20.59,6,OK,0.1
2026-02-15T13:33:29.290Z,4,20.55,7,OK,0.1
2026-02-15T13:33:29.358Z,7,29.87,6,SATURATED,0.1
2026-02-15T13:33:29.409Z,2,29.86,5,OK,0.1
2026-02-15T13:33:29.459Z,2,29.92,5,OK,0.1
2026-02-15T13:33:29.509Z,2,29.93,5,OK,0.1
2026-02-15T13:33:29.560Z,4,29.93,5,OK,0.1
2026-02-15T13:33:29.609Z,2,20.41,6,OK,0.1
2026-02-15T13:33:29.660Z,2,20.39,7,OK,0.1
2026-02-15T13:33:29.711Z,1,20.34,8,OK,0.1
2026-02-15T13:33:29.762Z,1,20.31,9,OK,0.1
2026-02-15T13:33:29.974Z,1,20.31,10,OK,0.1
2026-02-15T13:33:30.024Z,2,20.24,11,OK,0.1
2026-02-15T13:33:30.075Z,2,20.25,12,OK,0.1
2026-02-15T13:33:30.126Z,2,20.14,13,OK,0.1
2026-02-15T13:33:30.175Z,2,20.18,14,OK,0.1
2026-02-15T13:33:30.226Z,2,20.34,15,OK,0.1
2026-02-15T13:33:30.277Z,2,20.49,16,OK,0.1
2026-02-15T13:33:30.459Z,16,23.11,17,OK,0.1
2026-02-15T13:33:30.514Z,9,30.06,16,OK,0.1
2026-02-15T13:33:30.566Z,8,30.02,15,OK,0.1
2026-02-15T13:33:30.616Z,6,29.86,14,OK,0.1
2026-02-15T13:33:30.667Z,6,29.80,13,OK,0.1
2026-02-15T13:33:30.717Z,6,27.15,12,OK,0.1
2026-02-15T13:33:30.768Z,6,20.29,13,OK,0.1
2026-02-15T13:33:30.817Z,6,20.26,14,OK,0.1
2026-02-15T13:33:30.867Z,6,20.28,15,OK,0.1
2026-02-15T13:33:30.917Z,6,20.26,16,OK,0.1
2026-02-15T13:33:30.967Z,6,20.27,17,OK,0.1
2026-02-15T13:33:31.017Z,7,20.42,18,OK,0.1
2026-02-15T13:33:31.068Z,7,20.50,19,OK,0.1
2026-02-15T13:33:31.241Z,7,20.47,20,OK,0.1
2026-02-15T13:33:31.291Z,7,20.55,21,OK,0.1
2026-02-15T13:33:31.342Z,7,20.56,22,OK,0.1
2026-02-15T13:33:31.391Z,7,20.49,23,OK,0.1
2026-02-15T13:33:31.442Z,7,20.48,24,OK,0.1
2026-02-15T13:33:31.601Z,24,47.02,21,SATURATED,0.1
2026-02-15T13:33:31.669Z,8,46.51,18,OK,0.1
2026-02-15T13:33:31.719Z,7,46.60,15,OK,0.1
2026-02-15T13:33:31.771Z,7,46.53,12,OK,0.1
2026-02-15T13:33:31.821Z,7,46.37,9,OK,0.1
2026-02-15T13:33:31.871Z,7,19.81,10,OK,0.1
2026-02-15T13:33:31.922Z,7,20.20,11,OK,0.1
2026-02-15T13:33:31.972Z,7,20.11,12,OK,0.1
2026-02-15T13:33:32.022Z,6,20.25,13,OK,0.1
2026-02-15T13:33:32.073Z,6,20.43,14,OK,0.1
2026-02-15T13:33:32.123Z,6,20.58,15,OK,0.1
2026-02-15T13:33:32.174Z,6,20.64,16,OK,0.1
2026-02-15T13:33:32.224Z,6,20.61,17,OK,0.1
2026-02-15T13:33:32.395Z,6,47.20,14,OK,0.1
2026-02-15T13:33:32.539Z,8,61.87,10,OK,0.1
2026-02-15T13:33:32.590Z,2,61.72,6,OK,0.1
2026-02-15T13:33:32.732Z,6,84.23,5,SATURATED,0.1
2026-02-15T13:33:32.783Z,3,80.40,5,OK,0.1
2026-02-15T13:33:32.834Z,3,53.64,5,OK,0.1
2026-02-15T13:33:32.885Z,3,38.93,5,OK,0.1
2026-02-15T13:33:32.935Z,3,38.94,5,OK,0.1
2026-02-15T13:33:32.988Z,4,16.44,6,OK,0.1
2026-02-15T13:33:33.038Z,2,20.21,7,OK,0.1
2026-02-15T13:33:33.089Z,2,20.22,8,OK,0.1
2026-02-15T13:33:33.139Z,2,19.98,9,OK,0.1
2026-02-15T13:33:33.189Z,2,20.01,10,OK,0.1
2026-02-15T13:33:33.239Z,2,19.97,11,OK,0.1
2026-02-15T13:33:33.290Z,2,20.05,12,OK,0.1
2026-02-15T13:33:33.340Z,2,20.10,13,OK,0.1
2026-02-15T13:33:33.390Z,2,20.38,14,OK,0.1
2026-02-15T13:33:33.441Z,2,20.37,15,OK,0.1
2026-02-15T13:33:33.491Z,2,20.41,16,OK,0.1
2026-02-15T13:33:33.541Z,2,20.44,17,OK,0.1
2026-02-15T13:33:33.726Z,2,43.55,15,OK,0.1
2026-02-15T13:33:33.858Z,15,55.82,11,SATURATED,0.1
2026-02-15T13:33:33.914Z,3,52.96,8,OK,0.1
2026-02-15T13:33:33.964Z,3,52.94,5,OK,0.1
2026-02-15T13:33:34.117Z,3,76.89,5,OK,0.1
2026-02-15T13:33:34.167Z,3,53.74,5,OK,0.1
2026-02-15T13:33:34.218Z,3,41.39,5,OK,0.1
2026-02-15T13:33:34.267Z,3,44.33,5,OK,0.1
2026-02-15T13:33:34.318Z,3,44.33,5,OK,0.1
2026-02-15T13:33:34.368Z,3,20.33,6,OK,0.1
2026-02-15T13:33:34.419Z,3,20.38,7,OK,0.1
2026-02-15T13:33:34.468Z,3,20.42,8,OK,0.1
2026-02-15T13:33:34.519Z,3,20.32,9,OK,0.1
2026-02-15T13:33:34.570Z,3,20.33,10,OK,0.1
2026-02-15T13:33:34.621Z,3,20.39,11,OK,0.1
2026-02-15T13:33:34.671Z,2,20.37,12,OK,0.1
2026-02-15T13:33:34.721Z,2,20.33,13,OK,0.1
2026-02-15T13:33:34.771Z,2,20.37,14,OK,0.1
2026-02-15T13:33:34.821Z,2,20.38,15,OK,0.1
2026-02-15T13:33:34.877Z,15,21.06,16,OK,0.1
2026-02-15T13:33:35.151Z,16,61.80,12,SATURATED,0.1
2026-02-15T13:33:35.201Z,7,57.74,8,OK,0.1
2026-02-15T13:33:35.252Z,7,57.70,5,SATURATED,0.1
2026-02-15T13:33:35.303Z,7,57.69,5,SATURATED,0.1
2026-02-15T13:33:35.353Z,7,56.96,5,SATURATED,0.1
2026-02-15T13:33:35.403Z,7,16.23,6,SATURATED,0.1
2026-02-15T13:33:35.454Z,7,20.20,7,SATURATED,0.1
2026-02-15T13:33:35.505Z,7,20.25,8,OK,0.1
2026-02-15T13:33:35.556Z,7,20.26,9,OK,0.1
2026-02-15T13:33:35.605Z,7,20.25,10,OK,0.1
2026-02-15T13:33:35.656Z,7,20.27,11,OK,0.1
2026-02-15T13:33:35.706Z,7,20.24,12,OK,0.1
2026-02-15T13:33:35.756Z,7,20.27,13,OK,0.1
2026-02-15T13:33:35.807Z,7,20.26,14,OK,0.1
2026-02-15T13:33:35.860Z,6,20.27,15,OK,0.1
2026-02-15T13:33:36.047Z,6,43.58,13,OK,0.1
2026-02-15T13:33:36.187Z,7,57.64,9,OK,0.1
2026-02-15T13:33:36.335Z,9,73.12,5,SATURATED,0.1
2026-02-15T13:33:36.386Z,5,73.12,5,SATURATED,0.1
2026-02-15T13:33:36.436Z,5,73.10,5,SATURATED,0.1
2026-02-15T13:33:36.487Z,5,49.74,5,SATURATED,0.1
2026-02-15T13:33:36.536Z,5,35.81,5,SATURATED,0.1
2026-02-15T13:33:36.587Z,5,20.26,6,OK,0.1
2026-02-15T13:33:36.638Z,6,20.15,7,OK,0.1
2026-02-15T13:33:36.688Z,5,20.09,8,OK,0.1
2026-02-15T13:33:36.738Z,5,20.18,9,OK,0.1
2026-02-15T13:33:36.789Z,5,20.17,10,OK,0.1
2026-02-15T13:33:36.839Z,5,20.17,11,OK,0.1
2026-02-15T13:33:36.889Z,1,20.18,12,OK,0.1
2026-02-15T13:33:36.939Z,1,20.32,13,OK,0.1
2026-02-15T13:33:36.989Z,1,20.29,14,OK,0.1
2026-02-15T13:33:37.040Z,1,20.27,15,OK,0.1
2026-02-15T13:33:37.167Z,1,41.55,13,OK,0.1
2026-02-15T13:33:37.565Z,13,107.19,5,SATURATED,0.1
2026-02-15T13:33:37.650Z,5,110.07,5,SATURATED,0.1
2026-02-15T13:33:37.701Z,1,110.02,5,OK,0.1
2026-02-15T13:33:37.844Z,1,124.58,5,OK,0.1
2026-02-15T13:33:37.894Z,2,103.37,5,OK,0.1
2026-02-15T13:33:37.944Z,2,37.78,5,OK,0.1
2026-02-15T13:33:37.994Z,2,34.88,5,OK,0.1
2026-02-15T13:33:38.044Z,2,34.84,5,OK,0.1
2026-02-15T13:33:38.095Z,2,20.31,6,OK,0.1
2026-02-15T13:33:38.281Z,2,43.40,5,OK,0.1
2026-02-15T13:33:38.332Z,3,43.51,5,OK,0.1
2026-02-15T13:33:38.382Z,3,43.46,5,OK,0.1
2026-02-15T13:33:38.542Z,3,55.40,5,OK,0.1
2026-02-15T13:33:38.596Z,5,56.31,5,SATURATED,0.1
2026-02-15T13:33:38.753Z,5,57.98,5,SATURATED,0.1
2026-02-15T13:33:38.804Z,5,54.06,5,SATURATED,0.1
2026-02-15T13:33:38.855Z,5,53.98,5,SATURATED,0.1
2026-02-15T13:33:38.905Z,5,42.09,5,SATURATED,0.1
2026-02-15T13:33:38.955Z,5,41.18,5,SATURATED,0.1
2026-02-15T13:33:39.006Z,5,16.36,6,OK,0.1
2026-02-15T13:33:39.057Z,5,20.35,7,OK,0.1
2026-02-15T13:33:39.109Z,5,20.39,8,OK,0.1
2026-02-15T13:33:39.159Z,5,20.37,9,OK,0.1
2026-02-15T13:33:39.210Z,5,20.35,10,OK,0.1
2026-02-15T13:33:39.261Z,5,20.30,11,OK,0.1
2026-02-15T13:33:39.310Z,5,20.04,12,OK,0.1
2026-02-15T13:33:39.360Z,5,20.10,13,OK,0.1
2026-02-15T13:33:39.410Z,5,20.10,14,OK,0.1
2026-02-15T13:33:39.460Z,5,20.05,15,OK,0.1
2026-02-15T13:33:39.511Z,5,20.09,16,OK,0.1
2026-02-15T13:33:39.845Z,8,20.25,17,OK,0.1
2026-02-15T13:33:39.918Z,16,20.97,18,OK,0.1
2026-02-15T13:33:40.332Z,17,99.68,10,SATURATED,0.1
2026-02-15T13:33:40.383Z,6,95.89,5,SATURATED,0.1
2026-02-15T13:33:40.434Z,6,95.87,5,SATURATED,0.1
2026-02-15T13:33:40.485Z,6,95.83,5,SATURATED,0.1
2026-02-15T13:33:40.535Z,6,95.01,5,SATURATED,0.1
2026-02-15T13:33:40.586Z,6,16.28,6,SATURATED,0.1
2026-02-15T13:33:40.637Z,6,20.12,7,OK,0.1
2026-02-15T13:33:40.687Z,6,20.17,8,OK,0.1
2026-02-15T13:33:40.737Z,6,20.39,9,OK,0.1
2026-02-15T13:33:40.788Z,4,20.46,10,OK,0.1
2026-02-15T13:33:40.839Z,4,20.61,11,OK,0.1
2026-02-15T13:33:41.095Z,11,65.08,6,SATURATED,0.1
2026-02-15T13:33:41.167Z,7,65.40,5,SATURATED,0.1
2026-02-15T13:33:41.217Z,7,65.28,5,SATURATED,0.1
2026-02-15T13:33:41.267Z,7,65.29,5,SATURATED,0.1
2026-02-15T13:33:41.317Z,7,65.13,5,SATURATED,0.1
2026-02-15T13:33:41.370Z,7,20.79,6,SATURATED,0.1
2026-02-15T13:33:41.421Z,7,20.42,7,SATURATED,0.1
2026-02-15T13:33:41.472Z,7,20.36,8,OK,0.1
2026-02-15T13:33:41.522Z,8,20.38,9,OK,0.1
2026-02-15T13:33:41.685Z,8,38.97,7,SATURATED,0.1
2026-02-15T13:33:41.735Z,7,38.86,5,SATURATED,0.1
2026-02-15T13:33:41.785Z,7,38.95,5,SATURATED,0.1
2026-02-15T13:33:41.836Z,7,38.90,5,SATURATED,0.1
2026-02-15T13:33:41.886Z,6,38.85,5,SATURATED,0.1
2026-02-15T13:33:41.935Z,4,20.37,6,OK,0.1
2026-02-15T13:33:41.986Z,6,20.40,7,OK,0.1
2026-02-15T13:33:42.036Z,7,20.34,8,OK,0.1
2026-02-15T13:33:42.087Z,7,20.36,9,OK,0.1
2026-02-15T13:33:42.140Z,9,21.81,10,OK,0.1
2026-02-15T13:33:42.207Z,10,24.84,11,OK,0.1
2026-02-15T13:33:42.257Z,8,24.83,12,OK,0.1
2026-02-15T13:33:42.309Z,9,24.83,13,OK,0.1
2026-02-15T13:33:42.493Z,9,24.99,14,OK,0.1
2026-02-15T13:33:42.543Z,10,23.59,15,OK,0.1
2026-02-15T13:33:42.593Z,10,20.51,16,OK,0.1
2026-02-15T13:33:42.644Z,10,20.45,17,OK,0.1
2026-02-15T13:33:42.695Z,15,20.45,18,OK,0.1
2026-02-15T13:33:42.746Z,10,20.30,19,OK,0.1
2026-02-15T13:33:42.797Z,10,20.15,20,OK,0.1
2026-02-15T13:33:42.847Z,10,20.19,21,OK,0.1
2026-02-15T13:33:43.029Z,8,49.32,18,OK,0.1
2026-02-15T13:33:43.079Z,7,49.31,15,OK,0.1
2026-02-15T13:33:43.134Z,13,50.68,12,SATURATED,0.1
2026-02-15T13:33:43.537Z,12,123.06,5,SATURATED,0.1
2026-02-15T13:33:43.593Z,11,120.15,5,SATURATED,0.1
2026-02-15T13:33:43.644Z,10,91.00,5,SATURATED,0.1
2026-02-15T13:33:43.694Z,10,90.98,5,SATURATED,0.1
2026-02-15T13:33:43.744Z,10,89.58,5,SATURATED,0.1
2026-02-15T13:33:43.795Z,10,17.30,6,SATURATED,0.1
2026-02-15T13:33:43.846Z,10,20.11,7,SATURATED,0.1
2026-02-15T13:33:43.896Z,10,20.28,8,SATURATED,0.1
2026-02-15T13:33:43.947Z,10,20.20,9,SATURATED,0.1
2026-02-15T13:33:43.997Z,8,20.28,10,OK,0.1
2026-02-15T13:33:44.165Z,8,33.07,9,OK,0.1
2026-02-15T13:33:44.322Z,9,50.46,6,SATURATED,0.1
2026-02-15T13:33:44.373Z,6,50.35,5,SATURATED,0.1
2026-02-15T13:33:44.422Z,6,50.43,5,SATURATED,0.1
2026-02-15T13:33:44.472Z,6,50.33,5,SATURATED,0.1
2026-02-15T13:33:44.522Z,5,37.61,5,SATURATED,0.1
2026-02-15T13:33:44.576Z,5,21.53,6,OK,0.1
2026-02-15T13:33:44.626Z,5,17.48,7,OK,0.1
2026-02-15T13:33:44.677Z,5,17.46,8,OK,0.1
2026-02-15T13:33:44.819Z,7,27.58,7,SATURATED,0.1
2026-02-15T13:33:44.869Z,7,27.55,6,SATURATED,0.1
2026-02-15T13:33:44.920Z,7,26.27,5,SATURATED,0.1
2026-02-15T13:33:44.969Z,7,30.36,5,SATURATED,0.1
2026-02-15T13:33:45.020Z,7,30.25,5,SATURATED,0.1
2026-02-15T13:33:45.070Z,7,20.30,6,SATURATED,0.1
2026-02-15T13:33:45.121Z,7,20.29,7,SATURATED,0.1
2026-02-15T13:33:45.171Z,6,20.26,8,OK,0.1
2026-02-15T13:33:45.222Z,4,20.64,9,OK,0.1
2026-02-15T13:33:45.272Z,4,20.77,10,OK,0.1
2026-02-15T13:33:45.415Z,7,41.81,8,OK,0.1
2026-02-15T13:33:45.466Z,3,41.82,6,OK,0.1
2026-02-15T13:33:45.517Z,3,41.85,5,OK,0.1
2026-02-15T13:33:45.868Z,3,106.72,5,OK,0.1
2026-02-15T13:33:45.942Z,5,107.46,5,SATURATED,0.1
2026-02-15T13:33:45.992Z,3,86.15,5,OK,0.1
2026-02-15T13:33:46.042Z,3,86.12,5,OK,0.1
2026-02-15T13:33:46.092Z,3,85.97,5,OK,0.1
2026-02-15T13:33:46.300Z,4,20.68,6,OK,0.1
2026-02-15T13:33:46.351Z,3,19.83,7,OK,0.1
2026-02-15T13:33:46.401Z,3,19.97,8,OK,0.1
2026-02-15T13:33:46.456Z,8,22.97,9,OK,0.1
2026-02-15T13:33:46.698Z,9,57.45,5,SATURATED,0.1
2026-02-15T13:33:46.749Z,4,57.55,5,OK,0.1
2026-02-15T13:33:46.799Z,4,57.65,5,OK,0.1
2026-02-15T13:33:46.849Z,3,57.82,5,OK,0.1
2026-02-15T13:33:47.295Z,5,57.05,5,SATURATED,0.1
2026-02-15T13:33:47.356Z,5,30.80,5,SATURATED,0.1
2026-02-15T13:33:47.406Z,3,30.73,5,OK,0.1
2026-02-15T13:33:47.611Z,3,31.00,5,OK,0.1
2026-02-15T13:33:47.724Z,4,49.32,5,OK,0.1
2026-02-15T13:33:47.775Z,5,43.26,5,SATURATED,0.1
2026-02-15T13:33:47.941Z,3,60.93,5,OK,0.1
2026-02-15T13:33:47.990Z,3,60.88,5,OK,0.1
2026-02-15T13:33:48.040Z,3,60.58,5,OK,0.1
2026-02-15T13:33:48.091Z,3,42.05,5,OK,0.1
2026-02-15T13:33:48.142Z,2,46.02,5,OK,0.1
2026-02-15T13:33:48.192Z,2,20.26,6,OK,0.1
2026-02-15T13:33:48.242Z,2,20.20,7,OK,0.1
2026-02-15T13:33:48.489Z,2,20.26,8,OK,0.1
2026-02-15T13:33:48.565Z,8,31.26,7,SATURATED,0.1
2026-02-15T13:33:48.616Z,4,31.19,6,OK,0.1
2026-02-15T13:33:48.665Z,5,31.21,5,SATURATED,0.1
2026-02-15T13:33:48.715Z,4,31.34,5,OK,0.1
2026-02-15T13:33:48.765Z,4,32.79,5,OK,0.1
2026-02-15T13:33:48.921Z,5,38.99,5,SATURATED,0.1
2026-02-15T13:33:48.971Z,4,39.47,5,OK,0.1
2026-02-15T13:33:49.022Z,4,39.39,5,OK,0.1
2026-02-15T13:33:49.072Z,4,39.36,5,OK,0.1
2026-02-15T13:33:49.119Z,4,37.96,5,OK,0.1
2026-02-15T13:33:49.169Z,4,20.82,6,OK,0.1
2026-02-15T13:33:49.372Z,4,53.38,5,OK,0.1
2026-02-15T13:33:49.423Z,4,53.48,5,OK,0.1
2026-02-15T13:33:49.473Z,4,53.43,5,OK,0.1
2026-02-15T13:33:49.729Z,5,53.85,5,SATURATED,0.1
2026-02-15T13:33:49.819Z,5,67.74,5,SATURATED,0.1
2026-02-15T13:33:49.869Z,4,34.64,5,OK,0.1
2026-02-15T13:33:50.129Z,4,34.58,5,OK,0.1
2026-02-15T13:33:50.178Z,4,38.56,5,OK,0.1
2026-02-15T13:33:50.228Z,4,38.22,5,OK,0.1
2026-02-15T13:33:50.278Z,4,24.36,6,OK,0.1
2026-02-15T13:33:50.469Z,4,55.62,5,OK,0.1
2026-02-15T13:33:50.615Z,3,76.74,5,OK,0.1
2026-02-15T13:33:50.665Z,2,72.81,5,OK,0.1
2026-02-15T13:33:50.842Z,2,72.65,5,OK,0.1
2026-02-15T13:33:50.908Z,5,81.84,5,SATURATED,0.1
2026-02-15T13:33:50.958Z,4,50.64,5,OK,0.1
2026-02-15T13:33:51.009Z,4,29.60,5,OK,0.1
2026-02-15T13:33:51.060Z,4,29.67,5,OK,0.1
2026-02-15T13:33:51.111Z,4,29.73,5,OK,0.1
2026-02-15T13:33:51.269Z,5,32.16,5,SATURATED,0.1
2026-02-15T13:33:51.319Z,4,32.05,5,OK,0.1
2026-02-15T13:33:51.370Z,4,31.82,5,OK,0.1
2026-02-15T13:33:51.420Z,4,31.73,5,OK,0.1
2026-02-15T13:33:51.470Z,4,31.67,5,OK,0.1
2026-02-15T13:33:51.603Z,4,42.60,5,OK,0.1
2026-02-15T13:33:51.711Z,5,50.21,5,SATURATED,0.1
2026-02-15T13:33:51.762Z,5,50.45,5,SATURATED,0.1
2026-02-15T13:33:51.813Z,5,50.47,5,SATURATED,0.1
2026-02-15T13:33:51.868Z,5,51.19,5,SATURATED,0.1
2026-02-15T13:33:51.935Z,5,29.31,5,SATURATED,0.1
2026-02-15T13:33:51.986Z,5,21.71,6,OK,0.1
2026-02-15T13:33:52.036Z,5,21.58,7,OK,0.1
2026-02-15T13:33:52.086Z,5,21.60,8,OK,0.1
2026-02-15T13:33:52.136Z,5,20.97,9,OK,0.1
2026-02-15T13:33:52.186Z,7,20.21,10,OK,0.1
2026-02-15T13:33:52.326Z,7,41.80,8,OK,0.1
2026-02-15T13:33:52.377Z,7,41.98,6,SATURATED,0.1
2026-02-15T13:33:52.427Z,7,41.86,5,SATURATED,0.1
2026-02-15T13:33:52.479Z,7,41.82,5,SATURATED,0.1
2026-02-15T13:33:52.529Z,7,41.84,5,SATURATED,0.1
2026-02-15T13:33:52.580Z,7,20.31,6,SATURATED,0.1
2026-02-15T13:33:52.631Z,6,20.63,7,OK,0.1
2026-02-15T13:33:52.681Z,5,20.72,8,OK,0.1
2026-02-15T13:33:52.732Z,8,23.02,9,OK,0.1
2026-02-15T13:33:52.922Z,9,47.01,6,SATURATED,0.1
2026-02-15T13:33:52.982Z,5,44.94,5,SATURATED,0.1
2026-02-15T13:33:53.173Z,5,68.65,5,SATURATED,0.1
2026-02-15T13:33:53.223Z,5,68.61,5,SATURATED,0.1
2026-02-15T13:33:53.273Z,5,66.29,5,SATURATED,0.1
2026-02-15T13:33:53.323Z,5,42.41,5,SATURATED,0.1
2026-02-15T13:33:53.383Z,5,45.10,5,SATURATED,0.1
2026-02-15T13:33:53.432Z,5,20.83,6,OK,0.1
2026-02-15T13:33:53.485Z,6,20.92,7,OK,0.1
2026-02-15T13:33:53.535Z,5,21.72,8,OK,0.1
2026-02-15T13:33:53.586Z,5,21.67,9,OK,0.1
2026-02-15T13:33:53.636Z,7,20.99,10,OK,0.1
2026-02-15T13:33:53.686Z,7,21.13,11,OK,0.1
2026-02-15T13:33:53.737Z,10,21.03,12,OK,0.1
2026-02-15T13:33:53.788Z,7,20.15,13,OK,0.1
2026-02-15T13:33:53.838Z,8,20.27,14,OK,0.1
2026-02-15T13:33:53.888Z,8,20.33,15,OK,0.1
2026-02-15T13:33:53.948Z,14,20.50,16,OK,0.1
2026-02-15T13:33:54.029Z,16,32.60,15,SATURATED,0.1
2026-02-15T13:33:54.115Z,15,35.81,13,SATURATED,0.1
2026-02-15T13:33:54.645Z,12,35.74,11,SATURATED,0.1
2026-02-15T13:33:54.709Z,11,44.32,9,SATURATED,0.1
2026-02-15T13:33:54.956Z,9,85.44,5,SATURATED,0.1
2026-02-15T13:33:55.006Z,8,73.37,5,SATURATED,0.1
2026-02-15T13:33:55.059Z,8,73.85,5,SATURATED,0.1
2026-02-15T13:33:55.110Z,8,74.09,5,SATURATED,0.1
2026-02-15T13:33:55.161Z,8,65.67,5,SATURATED,0.1
2026-02-15T13:33:55.212Z,7,24.35,6,SATURATED,0.1
2026-02-15T13:33:55.261Z,7,24.40,7,SATURATED,0.1
2026-02-15T13:33:55.312Z,7,20.77,8,OK,0.1
2026-02-15T13:33:55.361Z,7,20.37,9,OK,0.1
2026-02-15T13:33:55.411Z,7,20.22,10,OK,0.1
2026-02-15T13:33:55.615Z,7,36.47,8,OK,0.1
2026-02-15T13:33:55.780Z,6,61.44,5,SATURATED,0.1
2026-02-15T13:33:55.858Z,6,63.01,5,SATURATED,0.1
2026-02-15T13:33:55.909Z,4,62.92,5,OK,0.1
2026-02-15T13:33:56.192Z,4,62.89,5,OK,0.1
2026-02-15T13:33:56.295Z,4,62.37,5,OK,0.1
2026-02-15T13:33:56.346Z,2,37.39,5,OK,0.1
2026-02-15T13:33:56.396Z,2,35.84,5,OK,0.1
2026-02-15T13:33:56.652Z,2,83.03,5,OK,0.1
2026-02-15T13:33:56.702Z,3,83.03,5,OK,0.1
2026-02-15T13:33:56.752Z,2,67.26,5,OK,0.1
2026-02-15T13:33:56.965Z,5,68.14,5,SATURATED,0.1
2026-02-15T13:33:57.370Z,5,144.97,5,SATURATED,0.4
2026-02-15T13:33:57.460Z,5,101.89,5,SATURATED,0.1
2026-02-15T13:33:57.510Z,4,101.88,5,OK,0.1
2026-02-15T13:33:57.561Z,4,101.91,5,OK,0.1
2026-02-15T13:33:57.612Z,4,101.01,5,OK,0.1
2026-02-15T13:33:57.893Z,3,24.27,6,OK,0.1
2026-02-15T13:33:57.943Z,3,20.70,7,OK,0.1
2026-02-15T13:33:57.994Z,4,23.28,8,OK,0.1
2026-02-15T13:33:58.044Z,4,23.27,9,OK,0.1
2026-02-15T13:33:58.095Z,4,23.26,10,OK,0.1
2026-02-15T13:33:58.146Z,4,23.16,11,OK,0.1
2026-02-15T13:33:58.196Z,4,22.79,12,OK,0.1
2026-02-15T13:33:58.247Z,4,20.21,13,OK,0.1
2026-02-15T13:33:58.297Z,4,20.22,14,OK,0.1
2026-02-15T13:33:58.559Z,6,20.22,15,OK,0.1
2026-02-15T13:33:59.373Z,15,178.87,5,SATURATED,0.4
2026-02-15T13:33:59.587Z,2,207.62,5,OK,0.4
2026-02-15T13:33:59.637Z,4,207.61,5,OK,0.4
2026-02-15T13:33:59.687Z,4,207.62,5,OK,0.4
2026-02-15T13:33:59.738Z,4,207.72,5,OK,0.4
2026-02-15T13:33:59.788Z,4,49.10,5,OK,0.1
2026-02-15T13:33:59.966Z,4,51.28,5,OK,0.1
2026-02-15T13:34:00.016Z,4,51.35,5,OK,0.1
2026-02-15T13:34:00.066Z,4,51.35,5,OK,0.1
2026-02-15T13:34:00.216Z,4,61.98,5,OK,0.1
2026-02-15T13:34:00.413Z,5,92.82,5,SATURATED,0.1
2026-02-15T13:34:00.548Z,5,74.84,5,SATURATED,0.1
2026-02-15T13:34:00.599Z,4,74.79,5,OK,0.1
2026-02-15T13:34:00.747Z,4,90.53,5,OK,0.1
2026-02-15T13:34:00.847Z,4,85.75,5,OK,0.1
2026-02-15T13:34:00.898Z,4,54.93,5,OK,0.1
2026-02-15T13:34:00.948Z,5,41.97,5,SATURATED,0.1
2026-02-15T13:34:00.999Z,5,41.94,5,SATURATED,0.1
2026-02-15T13:34:01.050Z,5,26.18,5,SATURATED,0.1
2026-02-15T13:34:01.100Z,5,20.21,6,OK,0.1
2026-02-15T13:34:01.150Z,5,20.23,7,OK,0.1
2026-02-15T13:34:01.201Z,5,20.25,8,OK,0.1
2026-02-15T13:34:01.251Z,8,20.24,9,OK,0.1
2026-02-15T13:34:01.301Z,8,20.28,10,OK,0.1
2026-02-15T13:34:01.351Z,8,20.32,11,OK,0.1
2026-02-15T13:34:01.401Z,8,20.31,12,OK,0.1
2026-02-15T13:34:01.550Z,9,35.86,10,OK,0.1
2026-02-15T13:34:01.782Z,10,68.46,5,SATURATED,0.1
2026-02-15T13:34:01.832Z,7,68.55,5,SATURATED,0.1
2026-02-15T13:34:01.882Z,7,68.37,5,SATURATED,0.1
2026-02-15T13:34:01.932Z,7,68.24,5,SATURATED,0.1
2026-02-15T13:34:01.982Z,6,52.72,5,SATURATED,0.1
2026-02-15T13:34:02.032Z,6,20.34,6,SATURATED,0.1
2026-02-15T13:34:02.082Z,6,20.29,7,OK,0.1
2026-02-15T13:34:02.133Z,6,20.41,8,OK,0.1
2026-02-15T13:34:02.183Z,6,20.54,9,OK,0.1
2026-02-15T13:34:02.346Z,6,22.10,10,OK,0.1
2026-02-15T13:34:02.472Z,10,43.03,8,SATURATED,0.1
2026-02-15T13:34:02.522Z,6,42.86,6,SATURATED,0.1
2026-02-15T13:34:02.573Z,6,42.90,5,SATURATED,0.1
2026-02-15T13:34:02.622Z,5,42.74,5,SATURATED,0.1
2026-02-15T13:34:02.678Z,5,41.37,5,SATURATED,0.1
2026-02-15T13:34:02.755Z,5,20.26,6,OK,0.1
2026-02-15T13:34:02.822Z,6,23.11,7,OK,0.1
2026-02-15T13:34:02.872Z,7,25.72,6,SATURATED,0.1
2026-02-15T13:34:02.923Z,6,25.83,5,SATURATED,0.1
2026-02-15T13:34:02.972Z,6,25.62,5,SATURATED,0.1
2026-02-15T13:34:03.022Z,6,25.68,5,SATURATED,0.1
2026-02-15T13:34:03.073Z,6,22.93,6,SATURATED,0.1
2026-02-15T13:34:03.124Z,6,20.29,7,OK,0.1
2026-02-15T13:34:03.175Z,6,20.29,8,OK,0.1
2026-02-15T13:34:03.224Z,6,20.16,9,OK,0.1
2026-02-15T13:34:03.274Z,3,20.08,10,OK,0.1
2026-02-15T13:34:03.325Z,3,20.06,11,OK,0.1
2026-02-15T13:34:03.496Z,3,47.03,8,OK,0.1
2026-02-15T13:34:03.546Z,2,47.21,5,OK,0.1
2026-02-15T13:34:03.596Z,2,47.46,5,OK,0.1
2026-02-15T13:34:03.646Z,2,47.55,5,OK,0.1
2026-02-15T13:34:03.697Z,5,48.81,5,SATURATED,0.1
2026-02-15T13:34:03.904Z,5,56.15,5,SATURATED,0.1
2026-02-15T13:34:04.084Z,5,77.94,5,SATURATED,0.1
2026-02-15T13:34:04.196Z,5,86.15,5,SATURATED,0.1
2026-02-15T13:34:04.246Z,5,86.10,5,SATURATED,0.1
2026-02-15T13:34:04.296Z,5,84.86,5,SATURATED,0.1
2026-02-15T13:34:04.347Z,5,50.59,5,SATURATED,0.1
2026-02-15T13:34:04.398Z,5,28.71,5,SATURATED,0.1
2026-02-15T13:34:04.449Z,5,20.31,6,OK,0.1
2026-02-15T13:34:04.501Z,6,20.41,7,OK,0.1
2026-02-15T13:34:04.550Z,6,16.35,8,OK,0.1
2026-02-15T13:34:04.600Z,6,16.24,9,OK,0.1
2026-02-15T13:34:04.650Z,6,16.24,10,OK,0.1
2026-02-15T13:34:04.793Z,9,38.84,8,SATURATED,0.1
2026-02-15T13:34:04.843Z,7,34.67,7,SATURATED,0.1
2026-02-15T13:34:04.894Z,5,38.68,5,SATURATED,0.1
2026-02-15T13:34:04.953Z,5,40.32,5,SATURATED,0.1
2026-02-15T13:34:05.005Z,5,43.43,5,SATURATED,0.1
2026-02-15T13:34:05.058Z,5,20.74,6,OK,0.1
2026-02-15T13:34:05.113Z,5,21.94,7,OK,0.1
2026-02-15T13:34:05.164Z,5,21.89,8,OK,0.1
2026-02-15T13:34:05.461Z,8,20.34,9,OK,0.1
2026-02-15T13:34:05.762Z,9,73.07,5,SATURATED,0.1
2026-02-15T13:34:05.816Z,5,73.21,5,SATURATED,0.1
2026-02-15T13:34:05.867Z,5,76.07,5,SATURATED,0.1
2026-02-15T13:34:05.918Z,5,76.17,5,SATURATED,0.1
2026-02-15T13:34:05.988Z,5,78.46,5,SATURATED,0.1
2026-02-15T13:34:06.040Z,5,23.85,6,OK,0.1
2026-02-15T13:34:06.091Z,6,23.81,7,OK,0.1
2026-02-15T13:34:06.141Z,7,23.76,8,OK,0.1
2026-02-15T13:34:06.191Z,7,23.76,9,OK,0.1
2026-02-15T13:34:06.385Z,9,53.56,6,SATURATED,0.1
2026-02-15T13:34:06.436Z,6,52.27,5,SATURATED,0.1
2026-02-15T13:34:06.486Z,6,52.37,5,SATURATED,0.1
2026-02-15T13:34:06.536Z,5,52.45,5,SATURATED,0.1
2026-02-15T13:34:06.586Z,5,52.40,5,SATURATED,0.1
2026-02-15T13:34:06.636Z,5,20.37,6,OK,0.1
2026-02-15T13:34:06.686Z,5,20.35,7,OK,0.1
2026-02-15T13:34:06.736Z,5,20.28,8,OK,0.1
2026-02-15T13:34:06.897Z,5,45.60,5,SATURATED,0.1
2026-02-15T13:34:06.979Z,5,47.98,5,SATURATED,0.1
2026-02-15T13:34:07.030Z,5,44.08,5,SATURATED,0.1
2026-02-15T13:34:07.080Z,5,44.61,5,SATURATED,0.1
2026-02-15T13:34:07.130Z,5,44.54,5,SATURATED,0.1
2026-02-15T13:34:07.180Z,5,19.18,6,OK,0.1
2026-02-15T13:34:07.400Z,4,34.63,5,OK,0.1
2026-02-15T13:34:07.451Z,4,38.49,5,OK,0.1
2026-02-15T13:34:07.502Z,4,38.07,5,OK,0.1
2026-02-15T13:34:07.552Z,4,38.10,5,OK,0.1
2026-02-15T13:34:07.602Z,4,38.10,5,OK,0.1
2026-02-15T13:34:07.652Z,4,20.31,6,OK,0.1
2026-02-15T13:34:07.702Z,4,20.31,7,OK,0.1
2026-02-15T13:34:07.752Z,4,20.18,8,OK,0.1
2026-02-15T13:34:07.803Z,4,20.24,9,OK,0.1
2026-02-15T13:34:07.853Z,4,20.16,10,OK,0.1
2026-02-15T13:34:07.908Z,7,20.17,11,OK,0.1
2026-02-15T13:34:08.149Z,11,40.16,9,SATURATED,0.1
2026-02-15T13:34:08.363Z,8,68.94,5,SATURATED,0.1
2026-02-15T13:34:08.519Z,5,86.08,5,SATURATED,0.1
2026-02-15T13:34:08.671Z,5,102.52,5,SATURATED,0.1
2026-02-15T13:34:08.721Z,3,102.52,5,OK,0.1
2026-02-15T13:34:08.771Z,3,82.70,5,OK,0.1
2026-02-15T13:34:08.822Z,3,53.96,5,OK,0.1
2026-02-15T13:34:08.872Z,3,36.81,5,OK,0.1
2026-02-15T13:34:08.922Z,3,20.50,6,OK,0.1
2026-02-15T13:34:09.107Z,3,43.44,5,OK,0.1
2026-02-15T13:34:09.157Z,5,43.47,5,SATURATED,0.1
2026-02-15T13:34:09.207Z,5,43.41,5,SATURATED,0.1
2026-02-15T13:34:09.257Z,5,43.54,5,SATURATED,0.1
2026-02-15T13:34:09.307Z,5,43.36,5,SATURATED,0.1
2026-02-15T13:34:09.357Z,5,20.99,6,OK,0.1
2026-02-15T13:34:09.508Z,6,36.72,5,SATURATED,0.1
2026-02-15T13:34:09.559Z,5,36.80,5,SATURATED,0.1
2026-02-15T13:34:09.610Z,5,36.65,5,SATURATED,0.1
2026-02-15T13:34:09.660Z,5,36.80,5,SATURATED,0.1
2026-02-15T13:34:09.710Z,5,36.30,5,SATURATED,0.1
2026-02-15T13:34:09.761Z,5,20.35,6,OK,0.1
2026-02-15T13:34:09.812Z,5,20.34,7,OK,0.1
2026-02-15T13:34:09.863Z,5,20.36,8,OK,0.1
2026-02-15T13:34:09.914Z,4,20.45,9,OK,0.1
2026-02-15T13:34:09.964Z,4,20.37,10,OK,0.1
2026-02-15T13:34:10.014Z,4,20.40,11,OK,0.1
2026-02-15T13:34:10.065Z,4,20.39,12,OK,0.1
2026-02-15T13:34:10.293Z,9,20.42,13,OK,0.1
2026-02-15T13:34:10.679Z,13,93.21,6,SATURATED,0.1
2026-02-15T13:34:10.758Z,6,94.96,5,SATURATED,0.1
2026-02-15T13:34:10.809Z,5,94.97,5,SATURATED,0.1
2026-02-15T13:34:10.859Z,5,94.98,5,SATURATED,0.1
2026-02-15T13:34:10.910Z,5,94.97,5,SATURATED,0.1
2026-02-15T13:34:10.960Z,5,22.08,6,OK,0.1
2026-02-15T13:34:11.011Z,5,20.44,7,OK,0.1
2026-02-15T13:34:11.062Z,5,20.43,8,OK,0.1
2026-02-15T13:34:11.112Z,5,20.41,9,OK,0.1
2026-02-15T13:34:11.162Z,2,20.27,10,OK,0.1
2026-02-15T13:34:11.213Z,2,20.29,11,OK,0.1
2026-02-15T13:34:11.264Z,2,20.17,12,OK,0.1
2026-02-15T13:34:11.314Z,3,20.06,13,OK,0.1
2026-02-15T13:34:11.364Z,3,20.10,14,OK,0.1
2026-02-15T13:34:11.415Z,3,20.33,15,OK,0.1
2026-02-15T13:34:11.465Z,3,20.35,16,OK,0.1
2026-02-15T13:34:11.515Z,3,20.53,17,OK,0.1
2026-02-15T13:34:11.565Z,3,20.64,18,OK,0.1
2026-02-15T13:34:11.884Z,7,47.88,15,OK,0.1
2026-02-15T13:34:12.142Z,15,85.32,8,SATURATED,0.1
2026-02-15T13:34:12.193Z,5,85.68,5,SATURATED,0.1
2026-02-15T13:34:12.243Z,5,85.52,5,SATURATED,0.1
2026-02-15T13:34:12.294Z,4,85.50,5,OK,0.1
2026-02-15T13:34:12.345Z,4,58.26,5,OK,0.1
2026-02-15T13:34:12.396Z,4,20.73,6,OK,0.1
2026-02-15T13:34:12.446Z,4,20.35,7,OK,0.1
2026-02-15T13:34:12.621Z,3,20.45,8,OK,0.1
2026-02-15T13:34:12.671Z,3,20.35,9,OK,0.1
2026-02-15T13:34:12.721Z,3,20.37,10,OK,0.1
2026-02-15T13:34:12.771Z,3,20.31,11,OK,0.1
2026-02-15T13:34:12.821Z,3,20.33,12,OK,0.1
2026-02-15T13:34:12.872Z,3,20.24,13,OK,0.1
2026-02-15T13:34:12.923Z,4,20.36,14,OK,0.1
2026-02-15T13:34:12.974Z,4,20.31,15,OK,0.1
2026-02-15T13:34:13.054Z,15,20.48,16,OK,0.1
2026-02-15T13:34:13.123Z,16,30.12,15,SATURATED,0.1
2026-02-15T13:34:13.502Z,15,91.85,8,SATURATED,0.1
2026-02-15T13:34:13.657Z,8,108.77,5,SATURATED,0.1
2026-02-15T13:34:13.707Z,5,108.75,5,SATURATED,0.1
2026-02-15T13:34:13.758Z,5,108.63,5,SATURATED,0.1
2026-02-15T13:34:13.809Z,5,99.00,5,SATURATED,0.1
2026-02-15T13:34:13.859Z,5,37.27,5,SATURATED,0.1
2026-02-15T13:34:13.910Z,5,20.33,6,OK,0.1
2026-02-15T13:34:13.960Z,5,20.35,7,OK,0.1
2026-02-15T13:34:14.010Z,5,20.38,8,OK,0.1
2026-02-15T13:34:14.061Z,8,20.33,9,OK,0.1
2026-02-15T13:34:14.204Z,5,44.95,7,OK,0.1
2026-02-15T13:34:14.256Z,7,41.29,5,SATURATED,0.1
2026-02-15T13:34:14.306Z,4,41.26,5,OK,0.1
2026-02-15T13:34:14.356Z,3,41.23,5,OK,0.1
2026-02-15T13:34:14.406Z,3,41.25,5,OK,0.1
2026-02-15T13:34:14.561Z,5,41.17,5,SATURATED,0.1
2026-02-15T13:34:14.640Z,5,46.37,5,SATURATED,0.1
2026-02-15T13:34:14.690Z,4,42.53,5,OK,0.1
2026-02-15T13:34:14.740Z,4,42.52,5,OK,0.1
2026-02-15T13:34:14.790Z,4,42.45,5,OK,0.1
2026-02-15T13:34:14.840Z,4,17.87,6,OK,0.1
2026-02-15T13:34:14.891Z,3,16.17,7,OK,0.1
2026-02-15T13:34:14.942Z,3,20.05,8,OK,0.1
2026-02-15T13:34:14.993Z,3,20.13,9,OK,0.1
2026-02-15T13:34:15.042Z,2,20.33,10,OK,0.1
2026-02-15T13:34:15.092Z,2,20.42,11,OK,0.1
2026-02-15T13:34:15.143Z,2,20.59,12,OK,0.1
2026-02-15T13:34:15.193Z,2,20.51,13,OK,0.1
2026-02-15T13:34:15.271Z,13,22.48,14,OK,0.1
2026-02-15T13:34:15.753Z,14,104.89,6,SATURATED,0.1
2026-02-15T13:34:16.312Z,6,212.49,5,SATURATED,0.4
2026-02-15T13:34:16.363Z,4,212.43,5,OK,0.4
2026-02-15T13:34:16.413Z,4,212.50,5,OK,0.4
2026-02-15T13:34:16.697Z,4,234.84,5,OK,0.4
2026-02-15T13:34:16.749Z,5,154.52,5,SATURATED,0.4
2026-02-15T13:34:16.917Z,5,66.40,5,SATURATED,0.1
2026-02-15T13:34:16.967Z,4,66.39,5,OK,0.1
2026-02-15T13:34:17.018Z,4,66.33,5,OK,0.1
2026-02-15T13:34:17.069Z,4,42.03,5,OK,0.1
2026-02-15T13:34:17.120Z,3,39.67,5,OK,0.1
2026-02-15T13:34:17.171Z,3,20.11,6,OK,0.1
2026-02-15T13:34:17.321Z,3,36.10,5,OK,0.1
2026-02-15T13:34:17.427Z,5,43.29,5,SATURATED,0.1
2026-02-15T13:34:17.545Z,5,52.77,5,SATURATED,0.1
2026-02-15T13:34:17.843Z,4,98.45,5,OK,0.1
2026-02-15T13:34:17.970Z,5,109.80,5,SATURATED,0.1
2026-02-15T13:34:18.111Z,2,108.00,5,OK,0.1
2026-02-15T13:34:18.161Z,2,100.84,5,OK,0.1
2026-02-15T13:34:18.212Z,2,91.32,5,OK,0.1
2026-02-15T13:34:18.262Z,2,45.82,5,OK,0.1
2026-02-15T13:34:18.313Z,2,34.47,5,OK,0.1
2026-02-15T13:34:18.511Z,5,55.79,5,SATURATED,0.1
2026-02-15T13:34:18.614Z,3,62.35,5,OK,0.1
2026-02-15T13:34:18.768Z,5,79.07,5,SATURATED,0.1
2026-02-15T13:34:18.818Z,0,79.00,5,OK,0.1
2026-02-15T13:34:19.019Z,0,112.82,5,OK,0.1
2026-02-15T13:34:19.167Z,5,92.91,5,SATURATED,0.1
2026-02-15T13:34:19.217Z,1,86.38,5,OK,0.1
2026-02-15T13:34:19.267Z,1,69.66,5,OK,0.1
2026-02-15T13:34:19.318Z,1,69.70,5,OK,0.1
2026-02-15T13:34:19.506Z,2,67.21,5,OK,0.1
2026-02-15T13:34:19.781Z,5,92.61,5,SATURATED,0.1
2026-02-15T13:34:19.922Z,5,106.73,5,SATURATED,0.1
2026-02-15T13:34:19.972Z,2,106.68,5,OK,0.1
2026-02-15T13:34:20.023Z,3,106.51,5,OK,0.1
2026-02-15T13:34:20.073Z,2,75.15,5,OK,0.1
2026-02-15T13:34:20.122Z,2,34.21,5,OK,0.1
2026-02-15T13:34:20.339Z,5,22.05,6,OK,0.1
2026-02-15T13:34:20.388Z,2,22.41,7,OK,0.1
2026-02-15T13:34:20.439Z,2,22.60,8,OK,0.1
2026-02-15T13:34:20.489Z,2,22.67,9,OK,0.1
2026-02-15T13:34:20.538Z,3,22.72,10,OK,0.1
2026-02-15T13:34:20.589Z,3,20.72,11,OK,0.1
2026-02-15T13:34:20.640Z,3,20.39,12,OK,0.1
2026-02-15T13:34:20.690Z,3,20.53,13,OK,0.1
2026-02-15T13:34:20.741Z,3,20.49,14,OK,0.1
2026-02-15T13:34:20.930Z,3,34.44,13,OK,0.1
2026-02-15T13:34:21.317Z,13,98.00,5,SATURATED,0.1
2026-02-15T13:34:21.430Z,5,106.54,5,SATURATED,0.1
2026-02-15T13:34:21.480Z,2,106.47,5,OK,0.1
2026-02-15T13:34:21.531Z,1,106.60,5,OK,0.1
2026-02-15T13:34:21.582Z,1,92.64,5,OK,0.1
2026-02-15T13:34:21.633Z,1,29.20,5,OK,0.1
2026-02-15T13:34:21.828Z,4,20.64,6,OK,0.1
2026-02-15T13:34:21.879Z,2,20.57,7,OK,0.1
2026-02-15T13:34:21.929Z,2,20.44,8,OK,0.1
2026-02-15T13:34:21.979Z,2,20.36,9,OK,0.1
2026-02-15T13:34:22.029Z,2,20.34,10,OK,0.1
2026-02-15T13:34:22.080Z,2,20.36,11,OK,0.1
2026-02-15T13:34:22.130Z,2,20.38,12,OK,0.1
2026-02-15T13:34:22.181Z,2,20.39,13,OK,0.1
2026-02-15T13:34:22.826Z,11,121.22,5,SATURATED,0.1
2026-02-15T13:34:22.367Z,2,43.57,11,OK,0.1
2026-02-15T13:34:22.878Z,2,117.57,5,OK,0.1
2026-02-15T13:34:22.929Z,2,117.52,5,OK,0.1
2026-02-15T13:34:22.978Z,2,117.41,5,OK,0.1
2026-02-15T13:34:23.029Z,2,94.35,5,OK,0.1
2026-02-15T13:34:23.078Z,2,16.86,6,OK,0.1
2026-02-15T13:34:23.128Z,2,20.52,7,OK,0.1
2026-02-15T13:34:23.178Z,2,20.52,8,OK,0.1
2026-02-15T13:34:23.229Z,2,20.67,9,OK,0.1
2026-02-15T13:34:23.278Z,2,20.62,10,OK,0.1
2026-02-15T13:34:23.329Z,2,20.38,11,OK,0.1
2026-02-15T13:34:23.380Z,2,20.39,12,OK,0.1
2026-02-15T13:34:23.430Z,2,20.42,13,OK,0.1
2026-02-15T13:34:23.481Z,2,20.39,14,OK,0.1
2026-02-15T13:34:23.532Z,2,20.47,15,OK,0.1
2026-02-15T13:34:23.582Z,2,20.50,16,OK,0.1
2026-02-15T13:34:23.633Z,2,20.51,17,OK,0.1
2026-02-15T13:34:23.905Z,3,60.83,13,OK,0.1
2026-02-15T13:34:24.151Z,13,95.95,5,SATURATED,0.1
2026-02-15T13:34:24.200Z,4,95.82,5,OK,0.1
2026-02-15T13:34:24.251Z,4,95.77,5,OK,0.1
2026-02-15T13:34:24.301Z,4,95.79,5,OK,0.1
2026-02-15T13:34:24.351Z,4,55.49,5,OK,0.1
2026-02-15T13:34:24.402Z,4,20.35,6,OK,0.1
2026-02-15T13:34:24.453Z,4,20.36,7,OK,0.1
2026-02-15T13:34:24.503Z,4,20.34,8,OK,0.1
2026-02-15T13:34:24.552Z,4,20.31,9,OK,0.1
2026-02-15T13:34:24.602Z,4,20.30,10,OK,0.1
2026-02-15T13:34:24.654Z,4,20.37,11,OK,0.1
2026-02-15T13:34:24.704Z,3,20.37,12,OK,0.1
2026-02-15T13:34:24.754Z,3,20.45,13,OK,0.1
2026-02-15T13:34:24.805Z,3,20.46,14,OK,0.1
2026-02-15T13:34:24.856Z,3,20.46,15,OK,0.1
2026-02-15T13:34:24.906Z,3,20.39,16,OK,0.1
2026-02-15T13:34:25.086Z,4,51.43,13,OK,0.1
2026-02-15T13:34:25.207Z,13,61.51,9,SATURATED,0.1
2026-02-15T13:34:25.275Z,9,61.04,5,SATURATED,0.1
2026-02-15T13:34:25.326Z,4,60.84,5,OK,0.1
2026-02-15T13:34:25.376Z,4,60.84,5,OK,0.1
2026-02-15T13:34:25.426Z,4,29.84,5,OK,0.1
2026-02-15T13:34:25.476Z,4,19.68,6,OK,0.1
2026-02-15T13:34:25.526Z,4,20.08,7,OK,0.1
2026-02-15T13:34:25.577Z,4,20.25,8,OK,0.1
2026-02-15T13:34:25.627Z,4,20.22,9,OK,0.1
2026-02-15T13:34:25.677Z,3,20.08,10,OK,0.1
2026-02-15T13:34:25.727Z,3,20.05,11,OK,0.1
2026-02-15T13:34:25.777Z,3,20.09,12,OK,0.1
2026-02-15T13:34:25.827Z,3,20.11,13,OK,0.1
2026-02-15T13:34:25.878Z,3,20.16,14,OK,0.1
2026-02-15T13:34:25.929Z,1,20.27,15,OK,0.1
2026-02-15T13:34:25.980Z,1,20.32,16,OK,0.1
2026-02-15T13:34:26.030Z,1,20.30,17,OK,0.1
2026-02-15T13:34:26.080Z,1,20.34,18,OK,0.1
2026-02-15T13:34:26.326Z,1,64.23,14,OK,0.1
2026-02-15T13:34:26.785Z,14,141.97,5,SATURATED,0.4
2026-02-15T13:34:26.834Z,6,141.96,5,SATURATED,0.4
2026-02-15T13:34:26.885Z,6,141.99,5,SATURATED,0.4
2026-02-15T13:34:26.935Z,6,141.91,5,SATURATED,0.4
2026-02-15T13:34:26.985Z,6,97.99,5,SATURATED,0.1
2026-02-15T13:34:27.035Z,6,20.29,6,SATURATED,0.1
2026-02-15T13:34:27.085Z,6,20.29,7,OK,0.1
2026-02-15T13:34:27.137Z,5,20.21,8,OK,0.1
2026-02-15T13:34:27.186Z,5,20.21,9,OK,0.1
2026-02-15T13:34:27.237Z,5,20.26,10,OK,0.1
2026-02-15T13:34:27.287Z,5,20.21,11,OK,0.1
2026-02-15T13:34:27.338Z,5,20.40,12,OK,0.1
2026-02-15T13:34:27.388Z,5,20.46,13,OK,0.1
2026-02-15T13:34:27.439Z,5,20.46,14,OK,0.1
2026-02-15T13:34:27.597Z,5,20.42,15,OK,0.1
2026-02-15T13:34:27.648Z,5,20.39,16,OK,0.1
2026-02-15T13:34:28.005Z,16,85.60,9,SATURATED,0.1
2026-02-15T13:34:28.170Z,8,104.56,5,SATURATED,0.1
2026-02-15T13:34:28.220Z,6,104.55,5,SATURATED,0.1
2026-02-15T13:34:28.271Z,6,104.55,5,SATURATED,0.1
2026-02-15T13:34:28.322Z,6,104.56,5,SATURATED,0.1
2026-02-15T13:34:28.372Z,4,39.09,5,OK,0.1
2026-02-15T13:34:28.422Z,4,20.09,6,OK,0.1
2026-02-15T13:34:28.475Z,3,20.23,7,OK,0.1
2026-02-15T13:34:28.526Z,3,20.24,8,OK,0.1
2026-02-15T13:34:28.576Z,3,20.20,9,OK,0.1
2026-02-15T13:34:28.626Z,3,20.27,10,OK,0.1
2026-02-15T13:34:28.675Z,2,20.26,11,OK,0.1
2026-02-15T13:34:28.726Z,2,20.13,12,OK,0.1
2026-02-15T13:34:28.777Z,2,20.17,13,OK,0.1
2026-02-15T13:34:28.828Z,2,20.17,14,OK,0.1
2026-02-15T13:34:28.878Z,2,20.19,15,OK,0.1
2026-02-15T13:34:28.929Z,2,20.30,16,OK,0.1
2026-02-15T13:34:28.978Z,2,20.44,17,OK,0.1
2026-02-15T13:34:29.193Z,4,37.53,15,OK,0.1
2026-02-15T13:34:29.668Z,15,118.54,5,SATURATED,0.1
2026-02-15T13:34:29.719Z,5,118.52,5,SATURATED,0.1
2026-02-15T13:34:29.769Z,5,118.49,5,SATURATED,0.1
2026-02-15T13:34:29.820Z,5,118.35,5,SATURATED,0.1
2026-02-15T13:34:29.871Z,5,101.19,5,SATURATED,0.1
2026-02-15T13:34:29.920Z,5,20.22,6,OK,0.1
2026-02-15T13:34:29.971Z,5,20.27,7,OK,0.1
2026-02-15T13:34:30.180Z,5,20.25,8,OK,0.1
2026-02-15T13:34:30.230Z,5,20.23,9,OK,0.1
2026-02-15T13:34:30.280Z,5,20.32,10,OK,0.1
2026-02-15T13:34:30.331Z,5,20.38,11,OK,0.1
2026-02-15T13:34:30.382Z,4,20.20,12,OK,0.1
2026-02-15T13:34:30.558Z,4,33.61,11,OK,0.1
2026-02-15T13:34:30.711Z,11,50.20,8,SATURATED,0.1
2026-02-15T13:34:30.833Z,4,60.47,5,OK,0.1
2026-02-15T13:34:30.883Z,4,60.42,5,OK,0.1
2026-02-15T13:34:30.934Z,4,60.60,5,OK,0.1
2026-02-15T13:34:30.985Z,4,47.21,5,OK,0.1
2026-02-15T13:34:31.035Z,4,30.59,5,OK,0.1
2026-02-15T13:34:31.086Z,4,20.25,6,OK,0.1
2026-02-15T13:34:31.136Z,4,20.31,7,OK,0.1
2026-02-15T13:34:31.187Z,5,20.34,8,OK,0.1
2026-02-15T13:34:31.329Z,5,34.66,7,OK,0.1
2026-02-15T13:34:31.454Z,5,55.46,5,SATURATED,0.1
2026-02-15T13:34:31.568Z,2,64.20,5,OK,0.1
2026-02-15T13:34:31.618Z,1,64.15,5,OK,0.1
2026-02-15T13:34:31.668Z,1,64.06,5,OK,0.1
2026-02-15T13:34:31.841Z,4,62.96,5,OK,0.1
2026-02-15T13:34:31.960Z,5,51.98,5,SATURATED,0.1
2026-02-15T13:34:32.010Z,2,43.25,5,OK,0.1
2026-02-15T13:34:32.060Z,2,43.27,5,OK,0.1
2026-02-15T13:34:32.111Z,2,43.31,5,OK,0.1
2026-02-15T13:34:32.161Z,2,30.06,5,OK,0.1
2026-02-15T13:34:32.212Z,1,20.29,6,OK,0.1
2026-02-15T13:34:32.262Z,1,20.26,7,OK,0.1
2026-02-15T13:34:32.312Z,1,20.31,8,OK,0.1
2026-02-15T13:34:32.449Z,1,40.91,6,OK,0.1
2026-02-15T13:34:32.557Z,1,48.46,5,OK,0.1
2026-02-15T13:34:32.608Z,1,48.51,5,OK,0.1
2026-02-15T13:34:32.658Z,1,48.32,5,OK,0.1
2026-02-15T13:34:32.713Z,3,48.48,5,OK,0.1
2026-02-15T13:34:32.763Z,1,27.89,5,OK,0.1
2026-02-15T13:34:32.814Z,1,20.35,6,OK,0.1
2026-02-15T13:34:32.887Z,6,22.86,7,OK,0.1
2026-02-15T13:34:33.075Z,7,46.60,5,SATURATED,0.1
2026-02-15T13:34:33.164Z,4,50.14,5,OK,0.1
2026-02-15T13:34:33.214Z,5,50.04,5,SATURATED,0.1
2026-02-15T13:34:33.264Z,5,50.03,5,SATURATED,0.1
2026-02-15T13:34:33.315Z,5,47.57,5,SATURATED,0.1
2026-02-15T13:34:33.365Z,5,24.01,6,OK,0.1
2026-02-15T13:34:33.414Z,5,20.38,7,OK,0.1
2026-02-15T13:34:33.465Z,7,20.45,8,OK,0.1
2026-02-15T13:34:33.515Z,6,20.47,9,OK,0.1
2026-02-15T13:34:33.565Z,6,20.38,10,OK,0.1
2026-02-15T13:34:33.616Z,6,20.45,11,OK,0.1
2026-02-15T13:34:33.666Z,6,20.37,12,OK,0.1
2026-02-15T13:34:33.716Z,5,20.30,13,OK,0.1
2026-02-15T13:34:33.766Z,6,20.34,14,OK,0.1
2026-02-15T13:34:33.817Z,6,20.41,15,OK,0.1
2026-02-15T13:34:34.036Z,6,56.20,11,OK,0.1
2026-02-15T13:34:34.437Z,11,122.31,5,SATURATED,0.1
2026-02-15T13:34:34.531Z,9,136.97,5,SATURATED,0.4
2026-02-15T13:34:34.581Z,9,136.89,5,SATURATED,0.4
2026-02-15T13:34:34.632Z,9,136.81,5,SATURATED,0.4
2026-02-15T13:34:34.682Z,9,100.81,5,SATURATED,0.1
2026-02-15T13:34:34.732Z,9,34.55,5,SATURATED,0.1
2026-02-15T13:34:34.783Z,9,19.95,6,SATURATED,0.1
2026-02-15T13:34:34.834Z,9,20.01,7,SATURATED,0.1
2026-02-15T13:34:34.884Z,7,19.99,8,OK,0.1
2026-02-15T13:34:34.934Z,7,20.19,9,OK,0.1
2026-02-15T13:34:34.984Z,7,20.37,10,OK,0.1
2026-02-15T13:34:35.035Z,7,20.29,11,OK,0.1
2026-02-15T13:34:35.247Z,8,57.66,7,SATURATED,0.1
2026-02-15T13:34:35.297Z,5,57.73,5,SATURATED,0.1
2026-02-15T13:34:35.348Z,5,57.70,5,SATURATED,0.1
2026-02-15T13:34:35.399Z,5,57.67,5,SATURATED,0.1
2026-02-15T13:34:35.511Z,5,60.52,5,SATURATED,0.1
2026-02-15T13:34:35.611Z,5,38.81,5,SATURATED,0.1
2026-02-15T13:34:35.661Z,4,34.73,5,OK,0.1
2026-02-15T13:34:35.711Z,4,34.68,5,OK,0.1
2026-02-15T13:34:35.761Z,3,34.68,5,OK,0.1
2026-02-15T13:34:35.811Z,3,31.90,5,OK,0.1
2026-02-15T13:34:35.860Z,4,16.19,6,OK,0.1
2026-02-15T13:34:35.911Z,5,20.28,7,OK,0.1
2026-02-15T13:34:35.961Z,5,20.37,8,OK,0.1
2026-02-15T13:34:36.011Z,5,20.34,9,OK,0.1
2026-02-15T13:34:36.061Z,5,20.42,10,OK,0.1
2026-02-15T13:34:36.111Z,5,20.46,11,OK,0.1
2026-02-15T13:34:36.162Z,5,20.44,12,OK,0.1
2026-02-15T13:34:36.213Z,5,20.39,13,OK,0.1
2026-02-15T13:34:36.376Z,8,20.41,14,OK,0.1
2026-02-15T13:34:37.015Z,14,143.53,5,SATURATED,0.4
2026-02-15T13:34:37.199Z,7,166.46,5,SATURATED,0.4
2026-02-15T13:34:37.250Z,6,166.44,5,SATURATED,0.4
2026-02-15T13:34:37.300Z,6,166.43,5,SATURATED,0.4
2026-02-15T13:34:37.350Z,6,166.39,5,SATURATED,0.4
2026-02-15T13:34:37.400Z,6,43.31,5,SATURATED,0.1
2026-02-15T13:34:37.451Z,6,20.40,6,SATURATED,0.1
2026-02-15T13:34:37.501Z,6,20.22,7,OK,0.1
2026-02-15T13:34:37.551Z,6,20.22,8,OK,0.1
2026-02-15T13:34:37.601Z,6,20.25,9,OK,0.1
2026-02-15T13:34:37.650Z,6,20.13,10,OK,0.1
2026-02-15T13:34:37.700Z,6,20.15,11,OK,0.1
2026-02-15T13:34:37.751Z,6,20.32,12,OK,0.1
2026-02-15T13:34:37.801Z,6,20.31,13,OK,0.1
2026-02-15T13:34:38.015Z,6,49.05,10,OK,0.1
2026-02-15T13:34:38.361Z,10,108.99,5,SATURATED,0.1
2026-02-15T13:34:38.538Z,4,130.28,5,OK,0.4
2026-02-15T13:34:38.589Z,3,130.25,5,OK,0.4
2026-02-15T13:34:38.638Z,3,130.23,5,OK,0.4
2026-02-15T13:34:38.881Z,3,121.63,5,OK,0.1
2026-02-15T13:34:38.932Z,3,61.72,5,OK,0.1
2026-02-15T13:34:38.982Z,1,40.46,5,OK,0.1
2026-02-15T13:34:39.045Z,5,40.49,5,SATURATED,0.1
2026-02-15T13:34:39.726Z,5,172.51,5,SATURATED,0.4
2026-02-15T13:34:39.986Z,5,190.31,5,SATURATED,0.4
2026-02-15T13:34:40.037Z,3,190.61,5,OK,0.4
2026-02-15T13:34:40.087Z,2,190.43,5,OK,0.4
2026-02-15T13:34:40.139Z,2,190.44,5,OK,0.4
2026-02-15T13:34:40.189Z,2,58.43,5,OK,0.1
2026-02-15T13:34:40.241Z,2,20.48,6,OK,0.1
2026-02-15T13:34:40.291Z,2,20.09,7,OK,0.1
2026-02-15T13:34:40.342Z,2,20.19,8,OK,0.1
2026-02-15T13:34:40.393Z,2,20.24,9,OK,0.1
2026-02-15T13:34:40.444Z,2,20.26,10,OK,0.1
2026-02-15T13:34:40.494Z,2,20.23,11,OK,0.1
2026-02-15T13:34:40.544Z,2,20.30,12,OK,0.1
2026-02-15T13:34:40.595Z,1,20.25,13,OK,0.1
2026-02-15T13:34:40.645Z,1,20.22,14,OK,0.1
2026-02-15T13:34:40.698Z,2,20.18,15,OK,0.1
2026-02-15T13:34:40.886Z,9,43.75,13,OK,0.1
2026-02-15T13:34:41.161Z,12,84.69,7,SATURATED,0.1
2026-02-15T13:34:41.238Z,7,86.08,5,SATURATED,0.1
2026-02-15T13:34:41.287Z,5,86.17,5,SATURATED,0.1
2026-02-15T13:34:41.338Z,5,86.20,5,SATURATED,0.1
2026-02-15T13:34:41.388Z,5,62.68,5,SATURATED,0.1
2026-02-15T13:34:41.439Z,5,21.73,6,OK,0.1
2026-02-15T13:34:41.489Z,5,20.41,7,OK,0.1
2026-02-15T13:34:41.540Z,5,20.27,8,OK,0.1
2026-02-15T13:34:41.590Z,5,20.30,9,OK,0.1
2026-02-15T13:34:41.641Z,5,20.27,10,OK,0.1
2026-02-15T13:34:41.692Z,5,20.24,11,OK,0.1
2026-02-15T13:34:41.743Z,6,20.32,12,OK,0.1
2026-02-15T13:34:41.793Z,6,20.45,13,OK,0.1
2026-02-15T13:34:41.844Z,6,20.44,14,OK,0.1
2026-02-15T13:34:41.894Z,8,20.33,15,OK,0.1
2026-02-15T13:34:41.945Z,6,20.36,16,OK,0.1
2026-02-15T13:34:41.996Z,5,20.23,17,OK,0.1
2026-02-15T13:34:42.047Z,5,20.16,18,OK,0.1
2026-02-15T13:34:42.205Z,9,37.69,16,OK,0.1
2026-02-15T13:34:42.479Z,16,88.51,9,SATURATED,0.1
2026-02-15T13:34:42.530Z,7,84.65,5,SATURATED,0.1
2026-02-15T13:34:42.580Z,7,84.57,5,SATURATED,0.1
2026-02-15T13:34:42.630Z,7,84.57,5,SATURATED,0.1
2026-02-15T13:34:42.680Z,7,67.08,5,SATURATED,0.1
2026-02-15T13:34:42.731Z,5,16.31,6,OK,0.1
2026-02-15T13:34:42.781Z,5,20.19,7,OK,0.1
2026-02-15T13:34:42.831Z,5,20.37,8,OK,0.1
2026-02-15T13:34:42.881Z,5,20.42,9,OK,0.1
2026-02-15T13:34:42.931Z,4,20.40,10,OK,0.1
2026-02-15T13:34:42.982Z,4,20.49,11,OK,0.1
2026-02-15T13:34:43.033Z,4,20.46,12,OK,0.1
2026-02-15T13:34:43.084Z,4,20.40,13,OK,0.1
2026-02-15T13:34:43.134Z,4,20.36,14,OK,0.1
2026-02-15T13:34:43.185Z,3,20.42,15,OK,0.1
2026-02-15T13:34:43.327Z,3,44.19,13,OK,0.1
2026-02-15T13:34:43.503Z,12,65.34,8,SATURATED,0.1
2026-02-15T13:34:43.697Z,8,90.07,5,SATURATED,0.1
2026-02-15T13:34:43.746Z,3,89.95,5,OK,0.1
2026-02-15T13:34:43.797Z,3,89.64,5,OK,0.1
2026-02-15T13:34:43.847Z,3,65.84,5,OK,0.1
2026-02-15T13:34:43.897Z,4,44.79,5,OK,0.1
2026-02-15T13:34:43.948Z,4,19.95,6,OK,0.1
2026-02-15T13:34:43.999Z,4,20.09,7,OK,0.1
2026-02-15T13:34:44.050Z,4,20.31,8,OK,0.1
2026-02-15T13:34:44.100Z,3,20.43,9,OK,0.1
2026-02-15T13:34:44.151Z,3,20.34,10,OK,0.1
2026-02-15T13:34:44.201Z,3,20.54,11,OK,0.1
2026-02-15T13:34:44.251Z,3,20.56,12,OK,0.1
2026-02-15T13:34:44.302Z,3,20.60,13,OK,0.1
2026-02-15T13:34:44.354Z,6,20.52,14,OK,0.1
2026-02-15T13:34:44.404Z,3,20.63,15,OK,0.1
2026-02-15T13:34:44.455Z,3,20.57,16,OK,0.1
2026-02-15T13:34:44.505Z,3,20.54,17,OK,0.1
2026-02-15T13:34:45.138Z,13,122.85,5,SATURATED,0.1
2026-02-15T13:34:44.739Z,17,57.14,13,SATURATED,0.1
2026-02-15T13:34:45.189Z,10,122.70,5,SATURATED,0.1
2026-02-15T13:34:45.239Z,10,122.77,5,SATURATED,0.1
2026-02-15T13:34:45.290Z,10,122.79,5,SATURATED,0.1
2026-02-15T13:34:45.341Z,10,86.14,5,SATURATED,0.1
2026-02-15T13:34:45.392Z,9,20.36,6,SATURATED,0.1
2026-02-15T13:34:45.443Z,9,20.41,7,SATURATED,0.1
2026-02-15T13:34:45.494Z,9,20.30,8,SATURATED,0.1
2026-02-15T13:34:45.544Z,9,20.29,9,SATURATED,0.1
2026-02-15T13:34:45.594Z,9,20.29,10,OK,0.1
2026-02-15T13:34:45.645Z,9,20.38,11,OK,0.1
2026-02-15T13:34:45.695Z,9,20.35,12,OK,0.1
2026-02-15T13:34:45.759Z,11,20.34,13,OK,0.1
2026-02-15T13:34:45.860Z,13,22.84,14,OK,0.1
2026-02-15T13:34:45.924Z,14,31.30,13,SATURATED,0.1
2026-02-15T13:34:46.073Z,13,47.01,10,SATURATED,0.1
2026-02-15T13:34:46.123Z,11,46.97,7,SATURATED,0.1
2026-02-15T13:34:46.173Z,11,48.62,5,SATURATED,0.1
2026-02-15T13:34:46.224Z,11,46.10,5,SATURATED,0.1
2026-02-15T13:34:46.274Z,11,37.63,5,SATURATED,0.1
2026-02-15T13:34:46.325Z,11,21.92,6,SATURATED,0.1
2026-02-15T13:34:46.375Z,11,21.89,7,SATURATED,0.1
2026-02-15T13:34:46.426Z,11,20.29,8,SATURATED,0.1
2026-02-15T13:34:46.477Z,11,20.27,9,SATURATED,0.1
2026-02-15T13:34:46.527Z,7,20.23,10,OK,0.1
2026-02-15T13:34:46.578Z,5,20.25,11,OK,0.1
2026-02-15T13:34:46.628Z,5,20.29,12,OK,0.1
2026-02-15T13:34:46.678Z,5,20.29,13,OK,0.1
2026-02-15T13:34:46.728Z,4,20.28,14,OK,0.1
2026-02-15T13:34:47.044Z,8,20.37,15,OK,0.1
2026-02-15T13:34:47.280Z,14,63.31,11,SATURATED,0.1
2026-02-15T13:34:47.330Z,5,63.27,7,OK,0.1
2026-02-15T13:34:47.380Z,5,63.37,5,SATURATED,0.1
2026-02-15T13:34:47.430Z,5,63.43,5,SATURATED,0.1
2026-02-15T13:34:47.482Z,5,63.38,5,SATURATED,0.1
2026-02-15T13:34:47.532Z,5,20.47,6,OK,0.1
2026-02-15T13:34:47.712Z,5,42.46,5,SATURATED,0.1
2026-02-15T13:34:47.763Z,4,42.21,5,OK,0.1
2026-02-15T13:34:47.815Z,3,42.20,5,OK,0.1
2026-02-15T13:34:47.866Z,3,42.23,5,OK,0.1
2026-02-15T13:34:47.916Z,3,42.23,5,OK,0.1
2026-02-15T13:34:47.967Z,3,20.28,6,OK,0.1
2026-02-15T13:34:48.019Z,3,20.38,7,OK,0.1
2026-02-15T13:34:48.475Z,3,20.52,8,OK,0.1
2026-02-15T13:34:48.636Z,8,48.18,5,SATURATED,0.1
2026-02-15T13:34:48.686Z,3,48.21,5,OK,0.1
2026-02-15T13:34:48.737Z,4,48.27,5,OK,0.1
2026-02-15T13:34:48.787Z,4,48.32,5,OK,0.1
2026-02-15T13:34:48.837Z,4,48.19,5,OK,0.1
2026-02-15T13:34:48.887Z,4,20.53,6,OK,0.1
2026-02-15T13:34:48.937Z,4,20.45,7,OK,0.1
2026-02-15T13:34:48.988Z,4,20.41,8,OK,0.1
2026-02-15T13:34:49.039Z,4,20.38,9,OK,0.1
2026-02-15T13:34:49.089Z,4,20.34,10,OK,0.1
2026-02-15T13:34:49.135Z,4,20.32,11,OK,0.1
2026-02-15T13:34:49.185Z,4,20.30,12,OK,0.1
2026-02-15T13:34:49.235Z,4,20.28,13,OK,0.1
2026-02-15T13:34:49.285Z,4,20.26,14,OK,0.1
2026-02-15T13:34:49.335Z,4,20.27,15,OK,0.1
2026-02-15T13:34:49.386Z,4,20.27,16,OK,0.1
2026-02-15T13:34:49.437Z,4,20.27,17,OK,0.1
2026-02-15T13:34:49.675Z,7,39.66,15,OK,0.1
2026-02-15T13:34:49.981Z,13,86.81,8,SATURATED,0.1
2026-02-15T13:34:50.032Z,5,86.79,5,SATURATED,0.1
2026-02-15T13:34:50.081Z,5,86.90,5,SATURATED,0.1
2026-02-15T13:34:50.131Z,5,86.94,5,SATURATED,0.1
2026-02-15T13:34:50.181Z,5,67.56,5,SATURATED,0.1
2026-02-15T13:34:50.232Z,5,20.43,6,OK,0.1
2026-02-15T13:34:50.281Z,5,20.47,7,OK,0.1
2026-02-15T13:34:50.332Z,5,20.40,8,OK,0.1
2026-02-15T13:34:50.384Z,5,20.40,9,OK,0.1
2026-02-15T13:34:50.434Z,5,20.41,10,OK,0.1
2026-02-15T13:34:50.484Z,4,20.42,11,OK,0.1
2026-02-15T13:34:50.535Z,3,20.41,12,OK,0.1
2026-02-15T13:34:50.586Z,3,20.43,13,OK,0.1
2026-02-15T13:34:50.637Z,3,20.40,14,OK,0.1
2026-02-15T13:34:50.688Z,3,20.43,15,OK,0.1
2026-02-15T13:34:50.738Z,2,20.47,16,OK,0.1
2026-02-15T13:34:50.788Z,2,20.50,17,OK,0.1
2026-02-15T13:34:50.844Z,5,21.10,18,OK,0.1
2026-02-15T13:34:51.257Z,18,89.84,11,SATURATED,0.1
2026-02-15T13:34:51.426Z,5,109.53,5,SATURATED,0.1
2026-02-15T13:34:51.476Z,4,109.45,5,OK,0.1
2026-02-15T13:34:51.527Z,4,109.34,5,OK,0.1
2026-02-15T13:34:51.577Z,4,108.69,5,OK,0.1
2026-02-15T13:34:51.628Z,4,39.95,5,OK,0.1
2026-02-15T13:34:51.679Z,4,20.26,6,OK,0.1
2026-02-15T13:34:51.730Z,4,20.33,7,OK,0.1
2026-02-15T13:34:51.780Z,4,20.38,8,OK,0.1
2026-02-15T13:34:51.831Z,4,20.40,9,OK,0.1
2026-02-15T13:34:51.882Z,4,20.36,10,OK,0.1
2026-02-15T13:34:51.933Z,4,20.37,11,OK,0.1
2026-02-15T13:34:51.983Z,4,20.35,12,OK,0.1
2026-02-15T13:34:52.034Z,4,20.34,13,OK,0.1
2026-02-15T13:34:52.085Z,4,20.32,14,OK,0.1
2026-02-15T13:34:52.248Z,5,46.69,11,OK,0.1
2026-02-15T13:34:52.431Z,11,47.81,8,SATURATED,0.1
2026-02-15T13:34:52.550Z,8,67.46,5,SATURATED,0.1
2026-02-15T13:34:52.600Z,8,67.47,5,SATURATED,0.1
2026-02-15T13:34:52.651Z,8,67.47,5,SATURATED,0.1
2026-02-15T13:34:52.702Z,8,41.07,5,SATURATED,0.1
2026-02-15T13:34:52.752Z,8,39.85,5,SATURATED,0.1
2026-02-15T13:34:52.802Z,8,20.17,6,SATURATED,0.1
2026-02-15T13:34:52.852Z,8,19.99,7,SATURATED,0.1
2026-02-15T13:34:52.902Z,8,20.02,8,SATURATED,0.1
2026-02-15T13:34:52.952Z,8,20.07,9,OK,0.1
2026-02-15T13:34:53.003Z,8,20.09,10,OK,0.1
2026-02-15T13:34:53.054Z,8,20.09,11,OK,0.1
2026-02-15T13:34:53.106Z,8,20.29,12,OK,0.1
2026-02-15T13:34:53.155Z,7,20.25,13,OK,0.1
2026-02-15T13:34:53.205Z,7,20.26,14,OK,0.1
2026-02-15T13:34:53.255Z,7,20.29,15,OK,0.1
2026-02-15T13:34:53.461Z,10,56.63,11,OK,0.1
2026-02-15T13:34:53.556Z,11,61.57,7,SATURATED,0.1
2026-02-15T13:34:53.670Z,7,70.32,5,SATURATED,0.1
2026-02-15T13:34:53.720Z,6,70.22,5,SATURATED,0.1
2026-02-15T13:34:53.771Z,6,70.19,5,SATURATED,0.1
2026-02-15T13:34:53.821Z,6,33.88,5,SATURATED,0.1
2026-02-15T13:34:53.872Z,6,28.95,5,SATURATED,0.1
2026-02-15T13:34:53.922Z,6,20.28,6,SATURATED,0.1
2026-02-15T13:34:53.973Z,6,20.40,7,OK,0.1
2026-02-15T13:34:54.023Z,6,20.46,8,OK,0.1
2026-02-15T13:34:54.074Z,6,20.45,9,OK,0.1
2026-02-15T13:34:54.124Z,5,20.58,10,OK,0.1
2026-02-15T13:34:54.174Z,5,20.53,11,OK,0.1
2026-02-15T13:34:54.224Z,5,20.53,12,OK,0.1
2026-02-15T13:34:54.275Z,2,21.25,13,OK,0.1
2026-02-15T13:34:54.418Z,2,35.79,11,OK,0.1
2026-02-15T13:34:54.469Z,6,35.70,9,OK,0.1
2026-02-15T13:34:54.660Z,9,67.18,5,SATURATED,0.1
2026-02-15T13:34:54.797Z,6,80.50,5,SATURATED,0.1
2026-02-15T13:34:54.847Z,6,79.71,5,SATURATED,0.1
2026-02-15T13:34:54.897Z,6,65.21,5,SATURATED,0.1
2026-02-15T13:34:54.948Z,6,65.15,5,SATURATED,0.1
2026-02-15T13:34:54.998Z,6,33.64,5,SATURATED,0.1
2026-02-15T13:34:55.049Z,6,20.35,6,SATURATED,0.1
2026-02-15T13:34:55.100Z,6,20.41,7,OK,0.1
2026-02-15T13:34:55.150Z,6,20.52,8,OK,0.1
2026-02-15T13:34:55.200Z,6,20.53,9,OK,0.1
2026-02-15T13:34:55.250Z,6,20.54,10,OK,0.1
2026-02-15T13:34:55.300Z,5,20.40,11,OK,0.1
2026-02-15T13:34:55.350Z,5,20.38,12,OK,0.1
2026-02-15T13:34:55.400Z,5,20.21,13,OK,0.1
2026-02-15T13:34:55.451Z,5,20.14,14,OK,0.1
2026-02-15T13:34:55.660Z,7,54.49,11,OK,0.1
2026-02-15T13:34:56.073Z,11,123.12,5,SATURATED,0.1
2026-02-15T13:34:56.213Z,5,137.05,5,SATURATED,0.4
2026-02-15T13:34:56.263Z,5,137.06,5,SATURATED,0.4
2026-02-15T13:34:56.314Z,5,137.21,5,SATURATED,0.4
2026-02-15T13:34:56.364Z,5,102.88,5,SATURATED,0.1
2026-02-15T13:34:56.414Z,5,34.35,5,SATURATED,0.1
2026-02-15T13:34:56.649Z,4,39.51,5,OK,0.1
2026-02-15T13:34:56.699Z,1,39.48,5,OK,0.1
2026-02-15T13:34:56.750Z,1,39.38,5,OK,0.1
2026-02-15T13:34:56.799Z,1,39.29,5,OK,0.1
2026-02-15T13:34:56.849Z,1,39.14,5,OK,0.1
2026-02-15T13:34:56.899Z,1,20.10,6,OK,0.1
2026-02-15T13:34:56.950Z,1,20.25,7,OK,0.1
2026-02-15T13:34:56.999Z,1,20.33,8,OK,0.1
2026-02-15T13:34:57.050Z,1,20.39,9,OK,0.1
2026-02-15T13:34:57.357Z,1,76.99,5,OK,0.1
2026-02-15T13:34:57.515Z,5,94.47,5,SATURATED,0.1
2026-02-15T13:34:57.838Z,3,144.89,5,OK,0.4
2026-02-15T13:34:57.888Z,1,144.85,5,OK,0.4
2026-02-15T13:34:57.939Z,2,144.85,5,OK,0.4
2026-02-15T13:34:57.988Z,1,88.40,5,OK,0.1
2026-02-15T13:34:58.039Z,1,70.86,5,OK,0.1
2026-02-15T13:34:58.090Z,0,20.35,6,OK,0.1
2026-02-15T13:34:58.141Z,0,20.32,7,OK,0.1
2026-02-15T13:34:58.191Z,0,20.31,8,OK,0.1
2026-02-15T13:34:58.241Z,0,20.23,9,OK,0.1
2026-02-15T13:34:58.291Z,0,20.06,10,OK,0.1
2026-02-15T13:34:58.342Z,0,19.95,11,OK,0.1
2026-02-15T13:34:58.733Z,11,90.12,5,SATURATED,0.1
2026-02-15T13:34:58.867Z,5,103.07,5,SATURATED,0.1
2026-02-15T13:34:58.917Z,3,103.20,5,OK,0.1
2026-02-15T13:34:58.968Z,3,103.35,5,OK,0.1
2026-02-15T13:34:59.019Z,3,103.44,5,OK,0.1
2026-02-15T13:34:59.069Z,4,33.29,5,OK,0.1
2026-02-15T13:34:59.119Z,3,20.34,6,OK,0.1
2026-02-15T13:34:59.170Z,3,20.32,7,OK,0.1
2026-02-15T13:34:59.220Z,3,20.44,8,OK,0.1
2026-02-15T13:34:59.270Z,3,20.42,9,OK,0.1
2026-02-15T13:34:59.320Z,3,20.42,10,OK,0.1
2026-02-15T13:34:59.370Z,3,20.42,11,OK,0.1
2026-02-15T13:34:59.566Z,11,54.13,8,SATURATED,0.1
2026-02-15T13:34:59.621Z,5,54.92,5,SATURATED,0.1
2026-02-15T13:34:59.671Z,4,54.93,5,OK,0.1
2026-02-15T13:34:59.722Z,4,54.91,5,OK,0.1
2026-02-15T13:34:59.791Z,5,55.61,5,SATURATED,0.1
2026-02-15T13:34:59.864Z,5,32.20,5,SATURATED,0.1
2026-02-15T13:34:59.923Z,5,29.07,5,SATURATED,0.1
2026-02-15T13:34:59.974Z,5,29.14,5,SATURATED,0.1
2026-02-15T13:35:00.025Z,5,29.14,5,SATURATED,0.1
2026-02-15T13:35:00.076Z,5,28.45,5,SATURATED,0.1
2026-02-15T13:35:00.126Z,5,18.18,6,OK,0.1
2026-02-15T13:35:00.177Z,5,20.46,7,OK,0.1
2026-02-15T13:35:00.226Z,5,20.38,8,OK,0.1
2026-02-15T13:35:00.276Z,5,20.44,9,OK,0.1
2026-02-15T13:35:00.326Z,5,20.43,10,OK,0.1
2026-02-15T13:35:00.377Z,4,20.37,11,OK,0.1
2026-02-15T13:35:00.427Z,3,20.35,12,OK,0.1
2026-02-15T13:35:00.478Z,3,20.44,13,OK,0.1
2026-02-15T13:35:00.527Z,3,20.45,14,OK,0.1
2026-02-15T13:35:00.714Z,6,20.47,15,OK,0.1
2026-02-15T13:35:01.083Z,12,53.26,12,SATURATED,0.1
2026-02-15T13:35:01.256Z,8,73.81,7,SATURATED,0.1
2026-02-15T13:35:01.306Z,4,73.70,5,OK,0.1
2026-02-15T13:35:01.356Z,4,73.66,5,OK,0.1
2026-02-15T13:35:01.578Z,4,91.68,5,OK,0.1
2026-02-15T13:35:01.629Z,3,59.08,5,OK,0.1
2026-02-15T13:35:01.679Z,3,38.57,5,OK,0.1
2026-02-15T13:35:01.882Z,3,38.74,5,OK,0.1
2026-02-15T13:35:02.038Z,5,65.72,5,SATURATED,0.1
2026-02-15T13:35:02.089Z,2,47.70,5,OK,0.1
2026-02-15T13:35:02.459Z,5,107.65,5,SATURATED,0.1
2026-02-15T13:35:02.720Z,4,145.76,5,OK,0.4
2026-02-15T13:35:02.880Z,3,163.56,5,OK,0.4
2026-02-15T13:35:02.931Z,2,136.57,5,OK,0.4
2026-02-15T13:35:02.980Z,2,136.54,5,OK,0.4
2026-02-15T13:35:03.031Z,2,76.45,5,OK,0.1
2026-02-15T13:35:03.081Z,1,39.02,5,OK,0.1
2026-02-15T13:35:03.132Z,0,21.02,6,OK,0.1
2026-02-15T13:35:03.183Z,0,21.02,7,OK,0.1
2026-02-15T13:35:03.232Z,0,21.02,8,OK,0.1
2026-02-15T13:35:03.283Z,0,20.95,9,OK,0.1
2026-02-15T13:35:03.333Z,0,20.25,10,OK,0.1
2026-02-15T13:35:03.384Z,0,20.38,11,OK,0.1
2026-02-15T13:35:03.434Z,0,20.42,12,OK,0.1
2026-02-15T13:35:03.485Z,0,20.28,13,OK,0.1
2026-02-15T13:35:03.535Z,0,20.32,14,OK,0.1
2026-02-15T13:35:03.591Z,7,20.33,15,OK,0.1
2026-02-15T13:35:03.960Z,13,80.00,9,SATURATED,0.1
2026-02-15T13:35:04.089Z,5,91.70,5,SATURATED,0.1
2026-02-15T13:35:04.140Z,4,91.70,5,OK,0.1
2026-02-15T13:35:04.191Z,4,91.68,5,OK,0.1
2026-02-15T13:35:04.241Z,4,91.70,5,OK,0.1
2026-02-15T13:35:04.292Z,4,31.98,5,OK,0.1
2026-02-15T13:35:04.342Z,4,20.24,6,OK,0.1
2026-02-15T13:35:04.392Z,4,20.41,7,OK,0.1
2026-02-15T13:35:04.443Z,4,20.43,8,OK,0.1
2026-02-15T13:35:04.645Z,6,20.52,9,OK,0.1
2026-02-15T13:35:04.695Z,6,20.45,10,OK,0.1
2026-02-15T13:35:04.746Z,6,20.46,11,OK,0.1
2026-02-15T13:35:04.795Z,6,20.41,12,OK,0.1
2026-02-15T13:35:04.845Z,6,20.49,13,OK,0.1
2026-02-15T13:35:04.896Z,6,20.36,14,OK,0.1
2026-02-15T13:35:04.947Z,6,20.43,15,OK,0.1
2026-02-15T13:35:05.179Z,6,52.76,12,OK,0.1
2026-02-15T13:35:05.502Z,12,103.30,5,SATURATED,0.1
2026-02-15T13:35:05.552Z,6,103.19,5,SATURATED,0.1
2026-02-15T13:35:05.602Z,4,103.04,5,OK,0.1
2026-02-15T13:35:05.652Z,5,103.08,5,SATURATED,0.1
2026-02-15T13:35:05.703Z,4,70.75,5,OK,0.1
2026-02-15T13:35:05.754Z,4,20.21,6,OK,0.1
2026-02-15T13:35:05.804Z,4,20.18,7,OK,0.1
2026-02-15T13:35:05.936Z,4,32.65,6,OK,0.1
2026-02-15T13:35:06.041Z,4,39.55,5,OK,0.1
2026-02-15T13:35:06.092Z,3,39.57,5,OK,0.1
2026-02-15T13:35:06.142Z,2,39.56,5,OK,0.1
2026-02-15T13:35:06.193Z,2,39.52,5,OK,0.1
2026-02-15T13:35:06.244Z,2,27.11,5,OK,0.1
2026-02-15T13:35:06.295Z,2,20.19,6,OK,0.1
2026-02-15T13:35:06.344Z,2,20.17,7,OK,0.1
2026-02-15T13:35:06.402Z,7,21.80,8,OK,0.1
2026-02-15T13:35:06.602Z,8,48.02,5,SATURATED,0.1
2026-02-15T13:35:06.744Z,5,62.44,5,SATURATED,0.1
2026-02-15T13:35:06.879Z,5,75.36,5,SATURATED,0.1
2026-02-15T13:35:06.930Z,3,75.36,5,OK,0.1
2026-02-15T13:35:06.979Z,3,73.57,5,OK,0.1
2026-02-15T13:35:07.030Z,3,47.45,5,OK,0.1
2026-02-15T13:35:07.080Z,3,33.13,5,OK,0.1
2026-02-15T13:35:07.130Z,3,20.24,6,OK,0.1
2026-02-15T13:35:07.181Z,3,20.20,7,OK,0.1
2026-02-15T13:35:07.232Z,3,20.45,8,OK,0.1
2026-02-15T13:35:07.281Z,3,20.46,9,OK,0.1
2026-02-15T13:35:07.332Z,3,20.48,10,OK,0.1
2026-02-15T13:35:07.382Z,4,20.75,11,OK,0.1
2026-02-15T13:35:07.591Z,11,21.92,12,OK,0.1
2026-02-15T13:35:07.763Z,12,52.13,9,SATURATED,0.1
2026-02-15T13:35:07.889Z,9,63.25,5,SATURATED,0.1
2026-02-15T13:35:07.940Z,7,63.19,5,SATURATED,0.1
2026-02-15T13:35:07.991Z,7,62.95,5,SATURATED,0.1
2026-02-15T13:35:08.042Z,7,61.79,5,SATURATED,0.1
2026-02-15T13:35:08.093Z,7,31.59,5,SATURATED,0.1
2026-02-15T13:35:08.143Z,7,20.46,6,SATURATED,0.1
2026-02-15T13:35:08.194Z,7,20.48,7,SATURATED,0.1
2026-02-15T13:35:08.244Z,7,20.40,8,OK,0.1
2026-02-15T13:35:08.294Z,7,20.43,9,OK,0.1
2026-02-15T13:35:08.345Z,7,20.37,10,OK,0.1
2026-02-15T13:35:08.397Z,8,20.24,11,OK,0.1
2026-02-15T13:35:08.557Z,7,47.65,8,OK,0.1
2026-02-15T13:35:08.609Z,8,49.51,5,SATURATED,0.1
2026-02-15T13:35:08.659Z,4,49.50,5,OK,0.1
2026-02-15T13:35:08.709Z,4,49.46,5,OK,0.1
2026-02-15T13:35:08.759Z,4,49.54,5,OK,0.1
2026-02-15T13:35:08.839Z,5,23.16,6,OK,0.1
2026-02-15T13:35:09.073Z,6,54.05,5,SATURATED,0.1
2026-02-15T13:35:09.123Z,5,58.72,5,SATURATED,0.1
2026-02-15T13:35:09.174Z,5,58.71,5,SATURATED,0.1
2026-02-15T13:35:09.223Z,5,58.76,5,SATURATED,0.1
2026-02-15T13:35:09.273Z,5,57.71,5,SATURATED,0.1
2026-02-15T13:35:09.323Z,5,24.96,6,OK,0.1
2026-02-15T13:35:09.377Z,6,20.35,7,OK,0.1
2026-02-15T13:35:09.609Z,4,20.67,8,OK,0.1
2026-02-15T13:35:09.832Z,7,61.03,5,SATURATED,0.1
2026-02-15T13:35:09.900Z,5,60.59,5,SATURATED,0.1
2026-02-15T13:35:09.951Z,1,60.66,5,OK,0.1
2026-02-15T13:35:10.001Z,1,60.62,5,OK,0.1
2026-02-15T13:35:10.259Z,5,62.30,5,SATURATED,0.1
2026-02-15T13:35:10.326Z,5,31.14,5,SATURATED,0.1
2026-02-15T13:35:10.377Z,4,31.72,5,OK,0.1
2026-02-15T13:35:10.427Z,4,31.62,5,OK,0.1
2026-02-15T13:35:10.476Z,4,31.66,5,OK,0.1
2026-02-15T13:35:10.527Z,4,29.53,5,OK,0.1
2026-02-15T13:35:10.576Z,4,20.39,6,OK,0.1
2026-02-15T13:35:10.626Z,4,20.37,7,OK,0.1
2026-02-15T13:35:10.676Z,4,20.48,8,OK,0.1
2026-02-15T13:35:10.727Z,4,20.47,9,OK,0.1
2026-02-15T13:35:10.777Z,4,20.57,10,OK,0.1
2026-02-15T13:35:10.827Z,5,20.60,11,OK,0.1
2026-02-15T13:35:10.920Z,11,23.04,12,OK,0.1
2026-02-15T13:35:10.970Z,7,27.86,11,OK,0.1
2026-02-15T13:35:11.020Z,7,27.84,10,OK,0.1
2026-02-15T13:35:11.216Z,10,60.69,6,SATURATED,0.1
2026-02-15T13:35:11.273Z,8,60.64,5,SATURATED,0.1
2026-02-15T13:35:11.331Z,8,59.70,5,SATURATED,0.1
2026-02-15T13:35:11.381Z,8,54.84,5,SATURATED,0.1
2026-02-15T13:35:11.432Z,8,54.73,5,SATURATED,0.1
2026-02-15T13:35:11.483Z,8,21.93,6,SATURATED,0.1
2026-02-15T13:35:11.532Z,8,21.86,7,SATURATED,0.1
2026-02-15T13:35:11.582Z,8,20.27,8,SATURATED,0.1
2026-02-15T13:35:11.633Z,8,20.22,9,OK,0.1
2026-02-15T13:35:11.683Z,8,20.24,10,OK,0.1
2026-02-15T13:35:11.734Z,8,20.29,11,OK,0.1
2026-02-15T13:35:11.784Z,8,20.29,12,OK,0.1
2026-02-15T13:35:11.834Z,8,20.36,13,OK,0.1
2026-02-15T13:35:12.174Z,13,49.80,10,SATURATED,0.1
2026-02-15T13:35:12.233Z,10,47.60,7,SATURATED,0.1
2026-02-15T13:35:12.285Z,7,47.58,5,SATURATED,0.1
2026-02-15T13:35:12.335Z,7,47.48,5,SATURATED,0.1
2026-02-15T13:35:12.385Z,7,47.74,5,SATURATED,0.1
2026-02-15T13:35:12.435Z,7,18.18,6,SATURATED,0.1
2026-02-15T13:35:12.486Z,7,20.48,7,SATURATED,0.1
2026-02-15T13:35:12.537Z,7,20.43,8,OK,0.1
2026-02-15T13:35:12.587Z,7,20.50,9,OK,0.1
2026-02-15T13:35:12.638Z,7,20.17,10,OK,0.1
2026-02-15T13:35:12.689Z,7,20.34,11,OK,0.1
2026-02-15T13:35:12.738Z,7,20.29,12,OK,0.1
2026-02-15T13:35:12.789Z,7,20.18,13,OK,0.1
2026-02-15T13:35:12.840Z,6,20.27,14,OK,0.1
2026-02-15T13:35:12.890Z,8,20.60,15,OK,0.1
2026-02-15T13:35:12.940Z,5,20.49,16,OK,0.1
2026-02-15T13:35:12.990Z,5,20.49,17,OK,0.1
2026-02-15T13:35:13.192Z,4,36.44,15,OK,0.1
2026-02-15T13:35:13.321Z,15,48.13,12,SATURATED,0.1
2026-02-15T13:35:13.558Z,12,81.14,6,SATURATED,0.1
2026-02-15T13:35:13.610Z,5,77.56,5,SATURATED,0.1
2026-02-15T13:35:13.660Z,5,77.55,5,SATURATED,0.1
2026-02-15T13:35:13.710Z,5,61.70,5,SATURATED,0.1
2026-02-15T13:35:13.760Z,5,49.97,5,SATURATED,0.1
2026-02-15T13:35:13.810Z,5,16.56,6,OK,0.1
2026-02-15T13:35:13.864Z,4,20.25,7,OK,0.1
2026-02-15T13:35:13.914Z,4,20.28,8,OK,0.1
2026-02-15T13:35:13.964Z,4,20.19,9,OK,0.1
2026-02-15T13:35:14.015Z,4,20.20,10,OK,0.1
2026-02-15T13:35:14.065Z,4,20.25,11,OK,0.1
2026-02-15T13:35:14.114Z,4,20.20,12,OK,0.1
2026-02-15T13:35:14.165Z,4,20.20,13,OK,0.1
2026-02-15T13:35:14.215Z,3,20.35,14,OK,0.1
2026-02-15T13:35:14.265Z,3,20.34,15,OK,0.1
2026-02-15T13:35:14.316Z,3,20.39,16,OK,0.1
2026-02-15T13:35:14.502Z,6,53.40,13,OK,0.1
2026-02-15T13:35:14.594Z,13,57.92,9,SATURATED,0.1
2026-02-15T13:35:14.762Z,4,81.59,5,OK,0.1
2026-02-15T13:35:14.812Z,4,81.57,5,OK,0.1
2026-02-15T13:35:14.863Z,4,81.73,5,OK,0.1
2026-02-15T13:35:15.039Z,4,79.45,5,OK,0.1
2026-02-15T13:35:15.089Z,3,74.93,5,OK,0.1
2026-02-15T13:35:15.140Z,3,51.26,5,OK,0.1
2026-02-15T13:35:15.326Z,3,65.74,5,OK,0.1
2026-02-15T13:35:15.377Z,1,65.55,5,OK,0.1
2026-02-15T13:35:15.427Z,1,34.87,5,OK,0.1
2026-02-15T13:35:15.478Z,1,34.95,5,OK,0.1
2026-02-15T13:35:15.670Z,1,66.82,5,OK,0.1
2026-02-15T13:35:15.825Z,5,69.28,5,SATURATED,0.1
2026-02-15T13:35:15.876Z,3,69.36,5,OK,0.1
2026-02-15T13:35:15.926Z,2,69.30,5,OK,0.1
2026-02-15T13:35:15.977Z,2,69.13,5,OK,0.1
2026-02-15T13:35:16.027Z,2,37.07,5,OK,0.1
2026-02-15T13:35:16.076Z,2,19.95,6,OK,0.1
2026-02-15T13:35:16.127Z,2,19.90,7,OK,0.1
2026-02-15T13:35:16.177Z,2,20.03,8,OK,0.1
2026-02-15T13:35:16.227Z,2,20.10,9,OK,0.1
2026-02-15T13:35:16.277Z,2,20.21,10,OK,0.1
2026-02-15T13:35:16.327Z,2,20.19,11,OK,0.1
2026-02-15T13:35:16.479Z,3,36.52,9,OK,0.1
2026-02-15T13:35:16.529Z,3,36.49,7,OK,0.1
2026-02-15T13:35:16.580Z,3,36.49,5,OK,0.1
2026-02-15T13:35:16.630Z,3,36.52,5,OK,0.1
2026-02-15T13:35:16.681Z,4,36.73,5,OK,0.1
2026-02-15T13:35:17.002Z,5,21.33,6,OK,0.1
2026-02-15T13:35:17.086Z,6,33.93,5,SATURATED,0.1
2026-02-15T13:35:17.136Z,4,33.91,5,OK,0.1
2026-02-15T13:35:17.186Z,4,33.92,5,OK,0.1
2026-02-15T13:35:17.237Z,4,33.82,5,OK,0.1
2026-02-15T13:35:17.287Z,4,32.90,5,OK,0.1
2026-02-15T13:35:17.337Z,4,20.24,6,OK,0.1
2026-02-15T13:35:17.495Z,4,37.80,5,OK,0.1
2026-02-15T13:35:17.545Z,4,37.76,5,OK,0.1
2026-02-15T13:35:17.595Z,4,37.87,5,OK,0.1
2026-02-15T13:35:17.646Z,4,37.87,5,OK,0.1
2026-02-15T13:35:17.835Z,4,37.88,5,OK,0.1
2026-02-15T13:35:17.885Z,3,20.63,6,OK,0.1
2026-02-15T13:35:17.935Z,3,20.65,7,OK,0.1
2026-02-15T13:35:17.986Z,3,20.67,8,OK,0.1
2026-02-15T13:35:18.095Z,8,21.19,9,OK,0.1
2026-02-15T13:35:18.461Z,9,90.22,5,SATURATED,0.1
2026-02-15T13:35:18.512Z,3,89.89,5,OK,0.1
2026-02-15T13:35:18.562Z,3,89.89,5,OK,0.1
2026-02-15T13:35:18.612Z,3,89.74,5,OK,0.1
2026-02-15T13:35:18.662Z,3,89.24,5,OK,0.1
2026-02-15T13:35:18.713Z,2,20.13,6,OK,0.1
2026-02-15T13:35:18.764Z,2,20.11,7,OK,0.1
2026-02-15T13:35:18.815Z,2,20.20,8,OK,0.1
2026-02-15T13:35:18.869Z,8,20.64,9,OK,0.1
2026-02-15T13:35:18.918Z,5,22.74,10,OK,0.1
2026-02-15T13:35:18.968Z,5,22.82,11,OK,0.1
2026-02-15T13:35:19.019Z,4,22.79,12,OK,0.1
2026-02-15T13:35:19.185Z,6,52.05,9,OK,0.1
2026-02-15T13:35:19.235Z,4,51.68,6,OK,0.1
2026-02-15T13:35:19.285Z,4,49.51,5,OK,0.1
2026-02-15T13:35:19.335Z,4,49.56,5,OK,0.1
2026-02-15T13:35:19.386Z,5,49.67,5,SATURATED,0.1
2026-02-15T13:35:19.602Z,4,59.34,5,OK,0.1
2026-02-15T13:35:19.712Z,5,67.32,5,SATURATED,0.1
2026-02-15T13:35:19.762Z,4,67.31,5,OK,0.1
2026-02-15T13:35:19.813Z,4,67.23,5,OK,0.1
2026-02-15T13:35:19.864Z,4,67.16,5,OK,0.1
2026-02-15T13:35:20.057Z,4,52.88,5,OK,0.1
2026-02-15T13:35:20.107Z,3,44.92,5,OK,0.1
2026-02-15T13:35:20.158Z,3,44.97,5,OK,0.1
2026-02-15T13:35:20.209Z,5,46.06,5,SATURATED,0.1
2026-02-15T13:35:20.260Z,3,46.10,5,OK,0.1
2026-02-15T13:35:20.311Z,3,21.36,6,OK,0.1
2026-02-15T13:35:20.361Z,3,21.34,7,OK,0.1
2026-02-15T13:35:20.411Z,3,21.34,8,OK,0.1
2026-02-15T13:35:20.460Z,3,20.14,9,OK,0.1
2026-02-15T13:35:20.512Z,3,20.15,10,OK,0.1
2026-02-15T13:35:20.562Z,3,20.17,11,OK,0.1
2026-02-15T13:35:20.617Z,7,20.22,12,OK,0.1
2026-02-15T13:35:20.826Z,11,57.84,8,SATURATED,0.1
2026-02-15T13:35:20.877Z,5,54.11,5,SATURATED,0.1
2026-02-15T13:35:20.927Z,2,54.04,5,OK,0.1
2026-02-15T13:35:20.977Z,2,54.03,5,OK,0.1
2026-02-15T13:35:21.027Z,2,54.10,5,OK,0.1
2026-02-15T13:35:21.273Z,5,16.46,6,OK,0.1
2026-02-15T13:35:21.416Z,3,30.50,5,OK,0.1
2026-02-15T13:35:21.467Z,3,30.58,5,OK,0.1
2026-02-15T13:35:21.517Z,3,30.64,5,OK,0.1
2026-02-15T13:35:21.568Z,3,30.60,5,OK,0.1
2026-02-15T13:35:21.778Z,3,30.63,5,OK,0.1
2026-02-15T13:35:21.828Z,4,20.41,6,OK,0.1
2026-02-15T13:35:21.959Z,6,32.53,5,SATURATED,0.1
2026-02-15T13:35:22.022Z,4,31.01,5,OK,0.1
2026-02-15T13:35:22.198Z,3,30.92,5,OK,0.1
2026-02-15T13:35:22.248Z,3,30.92,5,OK,0.1
2026-02-15T13:35:22.504Z,5,31.63,5,SATURATED,0.1
2026-02-15T13:35:22.560Z,5,26.48,5,SATURATED,0.1
2026-02-15T13:35:22.610Z,4,27.97,5,OK,0.1
2026-02-15T13:35:22.662Z,3,28.04,5,OK,0.1
2026-02-15T13:35:22.713Z,3,28.04,5,OK,0.1
2026-02-15T13:35:22.763Z,3,27.37,5,OK,0.1
2026-02-15T13:35:22.814Z,3,20.51,6,OK,0.1
2026-02-15T13:35:22.864Z,2,20.43,7,OK,0.1
2026-02-15T13:35:22.915Z,2,20.49,8,OK,0.1
2026-02-15T13:35:23.175Z,5,20.46,9,OK,0.1
2026-02-15T13:35:23.330Z,6,46.88,6,SATURATED,0.1
2026-02-15T13:35:23.736Z,6,113.89,5,SATURATED,0.1
2026-02-15T13:35:23.895Z,5,131.68,5,SATURATED,0.4
2026-02-15T13:35:23.945Z,1,131.58,5,OK,0.4
2026-02-15T13:35:23.995Z,1,131.62,5,OK,0.4
2026-02-15T13:35:24.047Z,1,105.16,5,OK,0.1
2026-02-15T13:35:24.096Z,1,38.05,5,OK,0.1
2026-02-15T13:35:24.147Z,1,20.35,6,OK,0.1
2026-02-15T13:35:24.198Z,1,20.72,7,OK,0.1
2026-02-15T13:35:24.255Z,7,22.12,8,OK,0.1
2026-02-15T13:35:24.475Z,6,52.11,5,SATURATED,0.1
2026-02-15T13:35:24.525Z,3,52.78,5,OK,0.1
2026-02-15T13:35:24.575Z,3,52.76,5,OK,0.1
2026-02-15T13:35:24.626Z,3,52.41,5,OK,0.1
2026-02-15T13:35:24.676Z,3,50.86,5,OK,0.1
2026-02-15T13:35:24.726Z,3,21.01,6,OK,0.1
2026-02-15T13:35:24.916Z,3,54.08,5,OK,0.1
2026-02-15T13:35:24.973Z,3,55.94,5,OK,0.1
2026-02-15T13:35:25.023Z,3,55.98,5,OK,0.1
2026-02-15T13:35:25.073Z,3,56.09,5,OK,0.1
2026-02-15T13:35:25.123Z,3,56.05,5,OK,0.1
2026-02-15T13:35:25.173Z,3,22.26,6,OK,0.1
2026-02-15T13:35:25.399Z,3,38.72,5,OK,0.1
2026-02-15T13:35:25.450Z,3,38.60,5,OK,0.1
2026-02-15T13:35:25.627Z,3,68.05,5,OK,0.1
2026-02-15T13:35:25.764Z,5,81.35,5,SATURATED,0.1
2026-02-15T13:35:25.816Z,3,81.42,5,OK,0.1
2026-02-15T13:35:25.867Z,3,63.07,5,OK,0.1
2026-02-15T13:35:25.917Z,3,63.18,5,OK,0.1
2026-02-15T13:35:26.108Z,5,64.49,5,SATURATED,0.1
2026-02-15T13:35:26.234Z,5,62.49,5,SATURATED,0.1
2026-02-15T13:35:26.285Z,1,62.55,5,OK,0.1
2026-02-15T13:35:26.336Z,1,62.55,5,OK,0.1
2026-02-15T13:35:26.387Z,1,62.57,5,OK,0.1
2026-02-15T13:35:26.452Z,5,32.82,5,SATURATED,0.1
2026-02-15T13:35:26.502Z,0,21.72,6,OK,0.1
2026-02-15T13:35:26.553Z,0,21.60,7,OK,0.1
2026-02-15T13:35:26.603Z,0,21.62,8,OK,0.1
2026-02-15T13:35:26.653Z,0,21.52,9,OK,0.1
2026-02-15T13:35:26.703Z,0,20.48,10,OK,0.1
2026-02-15T13:35:26.851Z,6,20.43,11,OK,0.1
2026-02-15T13:35:26.982Z,10,42.53,9,SATURATED,0.1
2026-02-15T13:35:27.032Z,3,42.46,7,OK,0.1
2026-02-15T13:35:27.082Z,3,42.49,5,OK,0.1
2026-02-15T13:35:27.224Z,5,66.63,5,SATURATED,0.1
2026-02-15T13:35:27.274Z,5,66.36,5,SATURATED,0.1
2026-02-15T13:35:27.324Z,5,44.16,5,SATURATED,0.1
2026-02-15T13:35:27.375Z,5,44.27,5,SATURATED,0.1
2026-02-15T13:35:27.425Z,5,44.27,5,SATURATED,0.1
2026-02-15T13:35:27.476Z,5,20.41,6,OK,0.1
2026-02-15T13:35:27.525Z,5,20.43,7,OK,0.1
2026-02-15T13:35:27.576Z,5,20.67,8,OK,0.1
2026-02-15T13:35:27.626Z,5,20.64,9,OK,0.1
2026-02-15T13:35:27.677Z,5,20.63,10,OK,0.1
2026-02-15T13:35:27.727Z,5,20.42,11,OK,0.1
2026-02-15T13:35:27.778Z,5,20.42,12,OK,0.1
2026-02-15T13:35:27.829Z,5,20.31,13,OK,0.1
2026-02-15T13:35:28.005Z,5,50.30,10,OK,0.1
2026-02-15T13:35:28.055Z,6,50.30,7,OK,0.1
2026-02-15T13:35:28.105Z,6,50.29,5,SATURATED,0.1
2026-02-15T13:35:28.155Z,6,50.33,5,SATURATED,0.1
2026-02-15T13:35:28.205Z,6,50.28,5,SATURATED,0.1
2026-02-15T13:35:28.255Z,6,20.65,6,SATURATED,0.1
2026-02-15T13:35:28.306Z,6,20.68,7,OK,0.1
2026-02-15T13:35:28.356Z,6,20.61,8,OK,0.1
2026-02-15T13:35:28.406Z,6,20.64,9,OK,0.1
2026-02-15T13:35:28.554Z,6,44.11,7,OK,0.1
2026-02-15T13:35:28.604Z,6,43.75,5,SATURATED,0.1
2026-02-15T13:35:28.654Z,6,43.73,5,SATURATED,0.1
2026-02-15T13:35:28.705Z,6,43.78,5,SATURATED,0.1
2026-02-15T13:35:28.755Z,5,43.65,5,SATURATED,0.1
2026-02-15T13:35:28.805Z,4,20.24,6,OK,0.1
2026-02-15T13:35:28.855Z,4,20.23,7,OK,0.1
2026-02-15T13:35:28.905Z,4,20.20,8,OK,0.1
2026-02-15T13:35:28.955Z,4,20.25,9,OK,0.1
2026-02-15T13:35:29.006Z,3,20.33,10,OK,0.1
2026-02-15T13:35:29.387Z,10,89.24,5,SATURATED,0.1
2026-02-15T13:35:29.455Z,4,88.79,5,OK,0.1
2026-02-15T13:35:29.506Z,2,88.64,5,OK,0.1
2026-02-15T13:35:29.557Z,2,88.60,5,OK,0.1
2026-02-15T13:35:29.826Z,5,138.23,5,SATURATED,0.4
2026-02-15T13:35:29.876Z,2,69.26,5,OK,0.1
2026-02-15T13:35:29.926Z,2,69.72,5,OK,0.1
2026-02-15T13:35:29.977Z,2,70.00,5,OK,0.1
2026-02-15T13:35:30.027Z,1,70.04,5,OK,0.1
2026-02-15T13:35:30.077Z,1,20.39,6,OK,0.1
2026-02-15T13:35:30.127Z,1,20.39,7,OK,0.1
2026-02-15T13:35:30.177Z,1,20.38,8,OK,0.1
2026-02-15T13:35:30.227Z,1,20.28,9,OK,0.1
2026-02-15T13:35:30.278Z,1,20.24,10,OK,0.1
2026-02-15T13:35:30.328Z,1,20.29,11,OK,0.1
2026-02-15T13:35:30.378Z,1,20.43,12,OK,0.1
2026-02-15T13:35:30.445Z,12,21.54,13,OK,0.1
2026-02-15T13:35:30.510Z,12,24.96,14,OK,0.1
2026-02-15T13:35:30.561Z,4,24.92,15,OK,0.1
2026-02-15T13:35:30.612Z,5,24.85,16,OK,0.1
2026-02-15T13:35:30.662Z,5,24.67,17,OK,0.1
2026-02-15T13:35:30.712Z,5,23.57,18,OK,0.1
2026-02-15T13:35:30.762Z,5,20.13,19,OK,0.1
2026-02-15T13:35:30.812Z,5,20.15,20,OK,0.1
2026-02-15T13:35:30.950Z,5,43.55,18,OK,0.1
2026-02-15T13:35:31.227Z,18,84.95,12,SATURATED,0.1
2026-02-15T13:35:31.277Z,8,84.94,6,SATURATED,0.1
2026-02-15T13:35:31.328Z,8,84.96,5,SATURATED,0.1
2026-02-15T13:35:31.378Z,8,85.01,5,SATURATED,0.1
2026-02-15T13:35:31.428Z,8,61.60,5,SATURATED,0.1
2026-02-15T13:35:31.478Z,8,20.24,6,SATURATED,0.1
2026-02-15T13:35:31.529Z,8,20.18,7,SATURATED,0.1
2026-02-15T13:35:31.579Z,8,20.22,8,SATURATED,0.1
2026-02-15T13:35:31.629Z,8,20.23,9,OK,0.1
2026-02-15T13:35:31.681Z,8,20.39,10,OK,0.1
2026-02-15T13:35:31.731Z,8,20.40,11,OK,0.1
2026-02-15T13:35:31.781Z,8,20.48,12,OK,0.1
2026-02-15T13:35:31.831Z,8,20.45,13,OK,0.1
2026-02-15T13:35:31.882Z,8,20.42,14,OK,0.1
2026-02-15T13:35:31.933Z,8,20.34,15,OK,0.1
2026-02-15T13:35:32.064Z,8,41.97,13,OK,0.1
2026-02-15T13:35:32.114Z,8,42.02,11,OK,0.1
2026-02-15T13:35:32.164Z,8,42.01,9,OK,0.1
2026-02-15T13:35:32.214Z,8,42.01,7,SATURATED,0.1
2026-02-15T13:35:32.264Z,8,42.52,5,SATURATED,0.1
2026-02-15T13:35:32.314Z,8,20.91,6,SATURATED,0.1
2026-02-15T13:35:32.364Z,8,20.87,7,SATURATED,0.1
2026-02-15T13:35:32.414Z,7,20.89,8,OK,0.1
2026-02-15T13:35:32.648Z,8,53.63,5,SATURATED,0.1
2026-02-15T13:35:32.699Z,5,55.93,5,SATURATED,0.1
2026-02-15T13:35:32.749Z,5,55.91,5,SATURATED,0.1
2026-02-15T13:35:32.799Z,5,55.87,5,SATURATED,0.1
2026-02-15T13:35:32.849Z,5,55.88,5,SATURATED,0.1
2026-02-15T13:35:32.900Z,5,23.16,6,OK,0.1
2026-02-15T13:35:32.949Z,5,20.35,7,OK,0.1
2026-02-15T13:35:33.000Z,5,20.36,8,OK,0.1
2026-02-15T13:35:33.051Z,5,20.31,9,OK,0.1
2026-02-15T13:35:33.101Z,3,20.46,10,OK,0.1
2026-02-15T13:35:33.153Z,3,20.34,11,OK,0.1
2026-02-15T13:35:33.203Z,3,20.36,12,OK,0.1
2026-02-15T13:35:33.361Z,1,20.43,13,OK,0.1
2026-02-15T13:35:33.505Z,9,45.01,10,OK,0.1
2026-02-15T13:35:33.667Z,5,63.17,6,OK,0.1
2026-02-15T13:35:33.717Z,5,63.30,5,SATURATED,0.1
2026-02-15T13:35:33.767Z,5,63.33,5,SATURATED,0.1
2026-02-15T13:35:33.818Z,5,63.27,5,SATURATED,0.1
2026-02-15T13:35:33.868Z,5,38.79,5,SATURATED,0.1
2026-02-15T13:35:33.918Z,5,20.46,6,OK,0.1
2026-02-15T13:35:33.968Z,5,20.45,7,OK,0.1
2026-02-15T13:35:34.018Z,5,20.43,8,OK,0.1
2026-02-15T13:35:34.070Z,5,20.42,9,OK,0.1
2026-02-15T13:35:34.120Z,6,20.34,10,OK,0.1
2026-02-15T13:35:34.171Z,6,20.36,11,OK,0.1
2026-02-15T13:35:34.222Z,6,20.32,12,OK,0.1
2026-02-15T13:35:34.272Z,7,20.29,13,OK,0.1
2026-02-15T13:35:34.322Z,7,20.26,14,OK,0.1
2026-02-15T13:35:34.372Z,7,20.28,15,OK,0.1
2026-02-15T13:35:34.422Z,7,20.23,16,OK,0.1
2026-02-15T13:35:34.472Z,7,20.21,17,OK,0.1
2026-02-15T13:35:34.634Z,7,31.58,16,OK,0.1
2026-02-15T13:35:34.683Z,7,31.58,15,OK,0.1
2026-02-15T13:35:34.821Z,8,45.13,12,OK,0.1
2026-02-15T13:35:34.952Z,11,57.29,8,SATURATED,0.1
2026-02-15T13:35:35.002Z,7,57.30,5,SATURATED,0.1
2026-02-15T13:35:35.053Z,7,45.94,5,SATURATED,0.1
2026-02-15T13:35:35.104Z,7,46.08,5,SATURATED,0.1
2026-02-15T13:35:35.155Z,7,32.55,5,SATURATED,0.1
2026-02-15T13:35:35.206Z,7,20.48,6,SATURATED,0.1
2026-02-15T13:35:35.256Z,7,20.52,7,SATURATED,0.1
2026-02-15T13:35:35.306Z,7,20.59,8,OK,0.1
2026-02-15T13:35:35.357Z,7,20.50,9,OK,0.1
2026-02-15T13:35:35.407Z,7,20.52,10,OK,0.1
2026-02-15T13:35:35.457Z,7,20.42,11,OK,0.1
2026-02-15T13:35:35.507Z,6,20.36,12,OK,0.1
2026-02-15T13:35:35.558Z,5,20.28,13,OK,0.1
2026-02-15T13:35:35.608Z,5,20.19,14,OK,0.1
2026-02-15T13:35:35.658Z,5,20.16,15,OK,0.1
2026-02-15T13:35:35.709Z,3,20.18,16,OK,0.1
2026-02-15T13:35:35.760Z,3,20.27,17,OK,0.1
2026-02-15T13:35:35.810Z,3,20.32,18,OK,0.1
2026-02-15T13:35:35.860Z,3,20.38,19,OK,0.1
2026-02-15T13:35:35.910Z,3,20.39,20,OK,0.1
2026-02-15T13:35:35.961Z,3,20.36,21,OK,0.1
2026-02-15T13:35:36.012Z,3,20.34,22,OK,0.1
2026-02-15T13:35:36.062Z,3,20.36,23,OK,0.1
2026-02-15T13:35:36.113Z,2,20.38,24,OK,0.1
2026-02-15T13:35:36.164Z,2,20.46,25,OK,0.1
2026-02-15T13:35:36.215Z,2,20.49,26,OK,0.1
2026-02-15T13:35:36.265Z,1,20.40,27,OK,0.1
2026-02-15T13:35:36.315Z,1,20.33,28,OK,0.1
2026-02-15T13:35:36.365Z,1,20.36,29,OK,0.1
2026-02-15T13:35:36.415Z,1,20.27,30,OK,0.1
2026-02-15T13:35:36.466Z,1,20.21,31,OK,0.1
2026-02-15T13:35:36.516Z,1,20.37,32,OK,0.1
2026-02-15T13:35:36.566Z,1,20.35,33,OK,0.1
2026-02-15T13:35:36.616Z,1,20.28,34,OK,0.1
2026-02-15T13:35:36.667Z,1,20.28,35,OK,0.1
2026-02-15T13:35:36.717Z,1,20.32,36,OK,0.1
2026-02-15T13:35:36.767Z,1,20.25,37,OK,0.1
2026-02-15T13:35:36.817Z,1,20.26,38,OK,0.1
2026-02-15T13:35:36.867Z,1,20.19,39,OK,0.1
2026-02-15T13:35:36.917Z,1,20.19,40,OK,0.1
2026-02-15T13:35:36.967Z,0,20.27,41,OK,0.1
2026-02-15T13:35:37.017Z,0,20.28,42,OK,0.1
2026-02-15T13:35:37.068Z,0,20.25,43,OK,0.1
2026-02-15T13:35:37.118Z,0,20.30,44,OK,0.1
2026-02-15T13:35:37.169Z,0,21.31,45,OK,0.1
2026-02-15T13:35:37.238Z,0,21.37,46,OK,0.1
2026-02-15T13:35:37.276Z,0,21.28,47,OK,0.1
2026-02-15T13:35:37.326Z,0,21.32,48,OK,0.1
2026-02-15T13:35:37.376Z,0,21.33,49,OK,0.1
2026-02-15T13:35:37.426Z,0,20.24,50,OK,0.1
2026-02-15T13:35:37.476Z,0,20.10,50,OK,0.1
2026-02-15T13:35:37.526Z,0,20.15,50,OK,0.1
2026-02-15T13:35:37.576Z,0,20.15,50,OK,0.1
2026-02-15T13:35:37.626Z,0,20.15,50,OK,0.1
2026-02-15T13:35:37.676Z,0,20.35,50,OK,0.1
2026-02-15T13:35:37.726Z,0,20.35,50,OK,0.1
2026-02-15T13:35:37.777Z,0,20.35,50,OK,0.1
2026-02-15T13:35:37.827Z,0,20.36,50,OK,0.1
2026-02-15T13:35:37.877Z,0,20.38,50,OK,0.1
2026-02-15T13:35:37.927Z,0,20.24,50,OK,0.1
2026-02-15T13:35:37.977Z,0,20.19,50,OK,0.1
2026-02-15T13:35:38.027Z,0,20.17,50,OK,0.1
2026-02-15T13:35:38.077Z,0,20.10,50,OK,0.1
2026-02-15T13:35:38.128Z,0,20.24,50,OK,0.1
2026-02-15T13:35:38.178Z,0,20.25,50,OK,0.1
2026-02-15T13:35:38.229Z,0,20.30,50,OK,0.1
2026-02-15T13:35:38.279Z,0,20.32,50,OK,0.1
2026-02-15T13:35:38.330Z,0,20.38,50,OK,0.1
2026-02-15T13:35:38.380Z,0,20.29,50,OK,0.1
2026-02-15T13:35:38.430Z,0,20.28,50,OK,0.1
2026-02-15T13:35:38.480Z,0,20.23,50,OK,0.1
2026-02-15T13:35:38.530Z,0,20.28,50,OK,0.1
2026-02-15T13:35:38.581Z,0,20.27,50,OK,0.1
2026-02-15T13:35:38.631Z,0,20.32,50,OK,0.1
2026-02-15T13:35:38.682Z,0,20.41,50,OK,0.1
2026-02-15T13:35:38.732Z,0,20.47,50,OK,0.1
2026-02-15T13:35:38.782Z,0,20.35,50,OK,0.1
2026-02-15T13:35:38.832Z,0,20.73,50,OK,0.1
2026-02-15T13:35:38.882Z,0,20.55,50,OK,0.1
2026-02-15T13:35:38.932Z,0,20.46,50,OK,0.1
2026-02-15T13:35:38.982Z,0,20.50,50,OK,0.1
2026-02-15T13:35:39.032Z,0,20.61,50,OK,0.1
2026-02-15T13:35:39.082Z,0,20.29,50,OK,0.1
2026-02-15T13:35:39.132Z,0,20.38,50,OK,0.1
2026-02-15T13:35:39.182Z,0,20.39,50,OK,0.1
2026-02-15T13:35:39.232Z,0,20.41,50,OK,0.1
2026-02-15T13:35:39.282Z,0,20.38,50,OK,0.1
2026-02-15T13:35:39.332Z,0,20.34,50,OK,0.1
2026-02-15T13:35:39.383Z,0,20.32,50,OK,0.1
2026-02-15T13:35:39.433Z,0,20.32,50,OK,0.1
2026-02-15T13:35:39.484Z,0,20.29,50,OK,0.1
2026-02-15T13:35:39.534Z,0,20.29,50,OK,0.1
2026-02-15T13:35:39.584Z,0,20.28,50,OK,0.1
2026-02-15T13:35:39.634Z,0,20.29,50,OK,0.1
2026-02-15T13:35:39.684Z,0,20.28,50,OK,0.1
2026-02-15T13:35:39.734Z,0,20.27,50,OK,0.1
2026-02-15T13:35:39.784Z,0,20.28,50,OK,0.1
2026-02-15T13:35:39.835Z,0,20.29,50,OK,0.1
2026-02-15T13:35:39.885Z,0,20.28,50,OK,0.1
2026-02-15T13:35:39.935Z,0,20.28,50,OK,0.1
2026-02-15T13:35:39.985Z,0,20.27,50,OK,0.1
2026-02-15T13:35:40.035Z,0,20.25,50,OK,0.1
2026-02-15T13:35:40.085Z,0,20.42,50,OK,0.1
2026-02-15T13:35:40.136Z,0,20.41,50,OK,0.1
2026-02-15T13:35:40.186Z,0,20.47,50,OK,0.1
2026-02-15T13:35:40.236Z,0,20.48,50,OK,0.1
2026-02-15T13:35:40.286Z,0,20.43,50,OK,0.1
2026-02-15T13:35:40.336Z,0,20.26,50,OK,0.1
2026-02-15T13:35:40.386Z,0,20.20,50,OK,0.1
2026-02-15T13:35:40.437Z,0,20.14,50,OK,0.1
2026-02-15T13:35:40.487Z,0,20.15,50,OK,0.1
2026-02-15T13:35:40.537Z,0,20.21,50,OK,0.1
2026-02-15T13:35:40.587Z,0,20.25,50,OK,0.1
2026-02-15T13:35:40.637Z,0,20.32,50,OK,0.1
2026-02-15T13:35:40.687Z,0,20.27,50,OK,0.1
2026-02-15T13:35:40.737Z,0,20.26,50,OK,0.1
2026-02-15T13:35:40.787Z,0,20.27,50,OK,0.1
2026-02-15T13:35:40.837Z,0,20.29,50,OK,0.1
2026-02-15T13:35:40.887Z,0,20.34,50,OK,0.1
2026-02-15T13:35:40.937Z,0,20.39,50,OK,0.1
2026-02-15T13:35:40.987Z,0,20.32,50,OK,0.1
2026-02-15T13:35:41.037Z,0,20.30,50,OK,0.1
2026-02-15T13:35:41.087Z,0,20.18,50,OK,0.1
2026-02-15T13:35:41.137Z,0,20.13,50,OK,0.1
2026-02-15T13:35:41.187Z,0,20.14,50,OK,0.1
2026-02-15T13:35:41.238Z,0,20.22,50,OK,0.1
2026-02-15T13:35:41.288Z,0,20.22,50,OK,0.1
2026-02-15T13:35:41.339Z,0,20.30,50,OK,0.1
2026-02-15T13:35:41.389Z,0,20.33,50,OK,0.1
2026-02-15T13:35:41.439Z,0,20.32,50,OK,0.1
2026-02-15T13:35:41.489Z,0,20.29,50,OK,0.1
2026-02-15T13:35:41.539Z,0,20.32,50,OK,0.1
2026-02-15T13:35:41.590Z,0,20.30,50,OK,0.1
2026-02-15T13:35:41.640Z,0,20.29,50,OK,0.1
2026-02-15T13:35:41.690Z,0,20.28,50,OK,0.1
2026-02-15T13:35:41.741Z,0,20.29,50,OK,0.1
2026-02-15T13:35:41.791Z,0,20.26,50,OK,0.1
2026-02-15T13:35:41.841Z,0,20.29,50,OK,0.1
2026-02-15T13:35:41.891Z,0,20.30,50,OK,0.1
2026-02-15T13:35:41.941Z,0,20.32,50,OK,0.1
2026-02-15T13:35:41.991Z,0,20.20,50,OK,0.1
2026-02-15T13:35:42.041Z,0,20.19,50,OK,0.1
2026-02-15T13:35:42.091Z,0,20.22,50,OK,0.1
2026-02-15T13:35:42.141Z,0,20.18,50,OK,0.1
2026-02-15T13:35:42.192Z,0,20.17,50,OK,0.1
2026-02-15T13:35:42.243Z,0,20.26,50,OK,0.1
2026-02-15T13:35:42.293Z,0,20.28,50,OK,0.1
2026-02-15T13:35:42.343Z,0,20.21,50,OK,0.1
2026-02-15T13:35:42.394Z,0,20.29,50,OK,0.1
2026-02-15T13:35:42.446Z,0,20.31,50,OK,0.1
2026-02-15T13:35:42.496Z,0,20.39,50,OK,0.1
2026-02-15T13:35:42.548Z,0,20.38,50,OK,0.1
2026-02-15T13:35:42.598Z,0,20.34,50,OK,0.1
2026-02-15T13:35:42.648Z,0,20.28,50,OK,0.1
2026-02-15T13:35:42.699Z,0,20.17,50,OK,0.1
2026-02-15T13:35:42.749Z,0,20.08,50,OK,0.1
2026-02-15T13:35:42.799Z,0,19.89,50,OK,0.1
2026-02-15T13:35:42.849Z,0,19.95,50,OK,0.1
2026-02-15T13:35:42.899Z,0,19.96,50,OK,0.1
2026-02-15T13:35:42.949Z,0,20.05,50,OK,0.1
2026-02-15T13:35:42.999Z,0,20.09,50,OK,0.1
2026-02-15T13:35:43.049Z,0,20.30,50,OK,0.1
2026-02-15T13:35:43.099Z,0,20.27,50,OK,0.1
2026-02-15T13:35:43.149Z,0,20.26,50,OK,0.1
2026-02-15T13:35:43.200Z,0,20.27,50,OK,0.1
2026-02-15T13:35:43.250Z,0,20.24,50,OK,0.1
2026-02-15T13:35:43.301Z,0,20.23,50,OK,0.1
2026-02-15T13:35:43.351Z,0,20.28,50,OK,0.1
2026-02-15T13:35:43.401Z,0,20.22,50,OK,0.1
2026-02-15T13:35:43.452Z,0,20.20,50,OK,0.1
2026-02-15T13:35:43.502Z,0,20.18,50,OK,0.1
2026-02-15T13:35:43.552Z,0,20.17,50,OK,0.1
2026-02-15T13:35:43.602Z,0,20.10,50,OK,0.1
2026-02-15T13:35:43.652Z,0,20.18,50,OK,0.1
2026-02-15T13:35:43.702Z,0,20.23,50,OK,0.1
2026-02-15T13:35:43.753Z,0,20.25,50,OK,0.1
2026-02-15T13:35:43.803Z,0,20.30,50,OK,0.1
2026-02-15T13:35:43.853Z,0,20.36,50,OK,0.1
2026-02-15T13:35:43.903Z,0,20.40,50,OK,0.1
2026-02-15T13:35:43.954Z,0,20.35,50,OK,0.1
2026-02-15T13:35:44.004Z,0,20.43,50,OK,0.1
2026-02-15T13:35:44.055Z,0,20.37,50,OK,0.1
2026-02-15T13:35:44.106Z,0,20.45,50,OK,0.1
2026-02-15T13:35:44.157Z,0,20.40,50,OK,0.1
2026-02-15T13:35:44.207Z,0,20.44,50,OK,0.1
2026-02-15T13:35:44.258Z,0,20.37,50,OK,0.1
2026-02-15T13:35:44.308Z,0,20.31,50,OK,0.1
2026-02-15T13:35:44.358Z,0,20.22,50,OK,0.1
2026-02-15T13:35:44.408Z,0,20.23,50,OK,0.1
2026-02-15T13:35:44.458Z,0,20.23,50,OK,0.1
2026-02-15T13:35:44.508Z,0,20.24,50,OK,0.1
2026-02-15T13:35:44.559Z,0,20.32,50,OK,0.1
2026-02-15T13:35:44.609Z,0,20.33,50,OK,0.1
2026-02-15T13:35:44.659Z,0,20.37,50,OK,0.1
2026-02-15T13:35:44.709Z,0,20.32,50,OK,0.1
2026-02-15T13:35:44.760Z,0,20.32,50,OK,0.1
2026-02-15T13:35:44.810Z,0,20.32,50,OK,0.1
2026-02-15T13:35:44.860Z,0,20.30,50,OK,0.1
2026-02-15T13:35:44.910Z,0,20.26,50,OK,0.1
2026-02-15T13:35:44.961Z,0,20.26,50,OK,0.1
2026-02-15T13:35:45.011Z,0,20.27,50,OK,0.1
2026-02-15T13:35:45.061Z,0,20.27,50,OK,0.1
2026-02-15T13:35:45.112Z,0,20.27,50,OK,0.1
2026-02-15T13:35:45.162Z,0,20.28,50,OK,0.1
2026-02-15T13:35:45.212Z,0,20.35,50,OK,0.1
2026-02-15T13:35:45.263Z,0,20.35,50,OK,0.1
2026-02-15T13:35:45.313Z,0,20.43,50,OK,0.1
2026-02-15T13:35:45.364Z,0,20.42,50,OK,0.1
2026-02-15T13:35:45.414Z,0,20.26,50,OK,0.1
2026-02-15T13:35:45.464Z,0,20.18,50,OK,0.1
2026-02-15T13:35:45.514Z,0,20.09,50,OK,0.1
2026-02-15T13:35:45.565Z,0,20.02,50,OK,0.1
2026-02-15T13:35:45.615Z,0,20.09,50,OK,0.1
2026-02-15T13:35:45.666Z,0,20.24,50,OK,0.1
2026-02-15T13:35:45.717Z,0,20.33,50,OK,0.1
2026-02-15T13:35:45.768Z,0,20.46,50,OK,0.1
2026-02-15T13:35:45.818Z,0,20.58,50,OK,0.1
2026-02-15T13:35:45.868Z,0,20.54,50,OK,0.1
2026-02-15T13:35:45.918Z,0,20.58,50,OK,0.1
2026-02-15T13:35:45.968Z,0,20.49,50,OK,0.1
2026-02-15T13:35:46.018Z,0,20.41,50,OK,0.1
2026-02-15T13:35:46.068Z,0,20.32,50,OK,0.1
2026-02-15T13:35:46.118Z,0,20.24,50,OK,0.1
2026-02-15T13:35:46.168Z,0,20.21,50,OK,0.1
2026-02-15T13:35:46.219Z,0,20.25,50,OK,0.1
2026-02-15T13:35:46.269Z,0,20.29,50,OK,0.1
2026-02-15T13:35:46.320Z,0,20.18,50,OK,0.1
2026-02-15T13:35:46.370Z,0,20.23,50,OK,0.1
2026-02-15T13:35:46.420Z,0,20.13,50,OK,0.1
2026-02-15T13:35:46.470Z,0,20.08,50,OK,0.1
2026-02-15T13:35:46.520Z,0,20.03,50,OK,0.1
2026-02-15T13:35:46.570Z,0,20.09,50,OK,0.1
2026-02-15T13:35:46.620Z,0,20.11,50,OK,0.1
2026-02-15T13:35:46.671Z,0,20.24,50,OK,0.1
2026-02-15T13:35:46.721Z,0,20.29,50,OK,0.1
2026-02-15T13:35:46.772Z,0,20.33,50,OK,0.1
2026-02-15T13:35:46.823Z,0,20.30,50,OK,0.1
2026-02-15T13:35:46.873Z,0,20.27,50,OK,0.1
2026-02-15T13:35:46.923Z,0,20.17,50,OK,0.1
2026-02-15T13:35:46.973Z,0,20.12,50,OK,0.1
2026-02-15T13:35:47.024Z,0,20.16,50,OK,0.1
2026-02-15T13:35:47.075Z,0,20.18,50,OK,0.1
2026-02-15T13:35:47.125Z,0,20.23,50,OK,0.1
2026-02-15T13:35:47.175Z,0,20.30,50,OK,0.1
2026-02-15T13:35:47.226Z,0,20.34,50,OK,0.1
2026-02-15T13:35:47.276Z,0,20.31,50,OK,0.1
2026-02-15T13:35:47.326Z,0,20.36,50,OK,0.1
2026-02-15T13:35:47.377Z,0,20.31,50,OK,0.1
2026-02-15T13:35:47.427Z,0,20.34,50,OK,0.1
2026-02-15T13:35:47.479Z,0,20.36,50,OK,0.1
2026-02-15T13:35:47.529Z,0,20.42,50,OK,0.1
2026-02-15T13:35:47.579Z,0,20.41,50,OK,0.1
2026-02-15T13:35:47.629Z,0,20.50,50,OK,0.1
2026-02-15T13:35:47.679Z,0,20.53,50,OK,0.1
2026-02-15T13:35:47.730Z,0,20.54,50,OK,0.1
2026-02-15T13:35:47.781Z,0,20.51,50,OK,0.1
2026-02-15T13:35:47.831Z,0,20.64,50,OK,0.1
2026-02-15T13:35:47.881Z,0,20.63,50,OK,0.1
2026-02-15T13:35:47.931Z,0,20.52,50,OK,0.1
2026-02-15T13:35:47.982Z,0,20.51,50,OK,0.1
2026-02-15T13:35:48.032Z,0,20.38,50,OK,0.1
2026-02-15T13:35:48.082Z,0,20.25,50,OK,0.1
2026-02-15T13:35:48.133Z,0,20.31,50,OK,0.1
2026-02-15T13:35:48.184Z,0,20.38,50,OK,0.1
2026-02-15T13:35:48.235Z,0,20.28,50,OK,0.1
2026-02-15T13:35:48.284Z,0,20.39,50,OK,0.1
2026-02-15T13:35:48.334Z,0,20.30,50,OK,0.1
2026-02-15T13:35:48.384Z,0,20.17,50,OK,0.1
2026-02-15T13:35:48.435Z,0,20.03,50,OK,0.1
2026-02-15T13:35:48.485Z,0,20.09,50,OK,0.1
2026-02-15T13:35:48.535Z,0,20.12,50,OK,0.1
2026-02-15T13:35:48.585Z,0,20.21,50,OK,0.1
2026-02-15T13:35:48.635Z,0,20.28,50,OK,0.1
2026-02-15T13:35:48.685Z,0,20.44,50,OK,0.1
2026-02-15T13:35:48.735Z,0,20.49,50,OK,0.1
2026-02-15T13:35:48.785Z,0,20.44,50,OK,0.1
2026-02-15T13:35:48.835Z,0,20.38,50,OK,0.1
2026-02-15T13:35:48.885Z,0,20.35,50,OK,0.1
2026-02-15T13:35:48.936Z,0,20.33,50,OK,0.1
2026-02-15T13:35:48.987Z,0,20.29,50,OK,0.1
2026-02-15T13:35:49.038Z,0,20.36,50,OK,0.1
2026-02-15T13:35:49.089Z,0,20.40,50,OK,0.1
2026-02-15T13:35:49.135Z,0,20.31,50,OK,0.1
2026-02-15T13:35:49.186Z,0,20.32,50,OK,0.1
2026-02-15T13:35:49.236Z,0,20.24,50,OK,0.1
2026-02-15T13:35:49.287Z,0,20.22,50,OK,0.1
2026-02-15T13:35:49.337Z,0,20.30,50,OK,0.1
2026-02-15T13:35:49.388Z,0,20.38,50,OK,0.1
2026-02-15T13:35:49.438Z,0,20.43,50,OK,0.1
2026-02-15T13:35:49.488Z,0,20.48,50,OK,0.1
2026-02-15T13:35:49.537Z,0,20.54,50,OK,0.1
2026-02-15T13:35:49.588Z,0,20.47,50,OK,0.1
2026-02-15T13:35:49.638Z,0,20.34,50,OK,0.1
2026-02-15T13:35:49.688Z,0,20.26,50,OK,0.1
2026-02-15T13:35:49.738Z,0,20.13,50,OK,0.1
2026-02-15T13:35:49.788Z,0,19.99,50,OK,0.1
2026-02-15T13:35:49.838Z,0,20.07,50,OK,0.1
2026-02-15T13:35:49.888Z,0,20.24,50,OK,0.1
2026-02-15T13:35:49.939Z,0,20.38,50,OK,0.1
2026-02-15T13:35:49.989Z,0,20.56,50,OK,0.1
2026-02-15T13:35:50.040Z,0,20.66,50,OK,0.1
2026-02-15T13:35:50.090Z,0,20.58,50,OK,0.1
2026-02-15T13:35:50.141Z,0,20.46,50,OK,0.1
2026-02-15T13:35:50.192Z,0,20.39,50,OK,0.1
2026-02-15T13:35:50.242Z,0,20.26,50,OK,0.1
2026-02-15T13:35:50.292Z,0,20.20,50,OK,0.1
2026-02-15T13:35:50.342Z,0,20.25,50,OK,0.1
2026-02-15T13:35:50.393Z,0,20.37,50,OK,0.1
2026-02-15T13:35:50.443Z,0,20.47,50,OK,0.1
2026-02-15T13:35:50.493Z,0,20.58,50,OK,0.1
2026-02-15T13:35:50.544Z,0,20.62,50,OK,0.1
2026-02-15T13:35:50.595Z,0,20.59,50,OK,0.1
2026-02-15T13:35:50.646Z,0,20.53,50,OK,0.1
2026-02-15T13:35:50.697Z,0,20.35,50,OK,0.1
2026-02-15T13:35:50.747Z,0,20.32,50,OK,0.1
2026-02-15T13:35:50.798Z,0,20.25,50,OK,0.1
2026-02-15T13:35:50.849Z,0,20.25,50,OK,0.1
2026-02-15T13:35:50.900Z,0,20.32,50,OK,0.1
2026-02-15T13:35:50.950Z,0,20.43,50,OK,0.1
2026-02-15T13:35:51.001Z,0,20.48,50,OK,0.1
2026-02-15T13:35:51.051Z,0,20.51,50,OK,0.1
2026-02-15T13:35:51.101Z,0,20.57,50,OK,0.1
2026-02-15T13:35:51.152Z,0,20.58,50,OK,0.1
2026-02-15T13:35:51.203Z,0,20.48,50,OK,0.1
2026-02-15T13:35:51.254Z,0,20.48,50,OK,0.1
2026-02-15T13:35:51.305Z,0,20.46,50,OK,0.1
2026-02-15T13:35:51.355Z,0,20.34,50,OK,0.1
2026-02-15T13:35:51.405Z,0,20.29,50,OK,0.1
2026-02-15T13:35:51.456Z,0,20.38,50,OK,0.1
2026-02-15T13:35:51.507Z,0,20.37,50,OK,0.1
2026-02-15T13:35:51.558Z,0,20.42,50,OK,0.1
2026-02-15T13:35:51.610Z,0,20.44,50,OK,0.1
2026-02-15T13:35:51.660Z,0,20.36,50,OK,0.1
2026-02-15T13:35:51.711Z,0,20.30,50,OK,0.1
2026-02-15T13:35:51.761Z,0,20.20,50,OK,0.1
2026-02-15T13:35:51.812Z,0,20.20,50,OK,0.1
2026-02-15T13:35:51.862Z,0,20.16,50,OK,0.1
2026-02-15T13:35:51.912Z,0,20.22,50,OK,0.1
2026-02-15T13:35:51.962Z,0,20.27,50,OK,0.1
2026-02-15T13:35:52.012Z,0,20.42,50,OK,0.1
2026-02-15T13:35:52.062Z,0,20.41,50,OK,0.1
2026-02-15T13:35:52.113Z,0,20.47,50,OK,0.1
2026-02-15T13:35:52.163Z,0,20.47,50,OK,0.1
2026-02-15T13:35:52.213Z,0,20.40,50,OK,0.1
2026-02-15T13:35:52.264Z,0,20.36,50,OK,0.1
2026-02-15T13:35:52.315Z,0,20.36,50,OK,0.1
2026-02-15T13:35:52.365Z,0,20.39,50,OK,0.1
2026-02-15T13:35:52.415Z,0,20.41,50,OK,0.1
2026-02-15T13:35:52.465Z,0,20.40,50,OK,0.1
2026-02-15T13:35:52.515Z,0,20.39,50,OK,0.1
2026-02-15T13:35:52.566Z,0,20.19,50,OK,0.1
2026-02-15T13:35:52.616Z,0,20.15,50,OK,0.1
2026-02-15T13:35:52.667Z,0,20.12,50,OK,0.1
2026-02-15T13:35:52.717Z,0,20.20,50,OK,0.1
2026-02-15T13:35:52.769Z,0,20.19,50,OK,0.1
2026-02-15T13:35:52.819Z,0,20.38,50,OK,0.1
2026-02-15T13:35:52.870Z,0,20.39,50,OK,0.1
2026-02-15T13:35:52.921Z,0,20.39,50,OK,0.1
2026-02-15T13:35:52.971Z,0,20.32,50,OK,0.1
2026-02-15T13:35:53.021Z,0,20.30,50,OK,0.1
2026-02-15T13:35:53.071Z,0,20.27,50,OK,0.1
2026-02-15T13:35:53.122Z,0,20.27,50,OK,0.1
2026-02-15T13:35:53.173Z,0,20.25,50,OK,0.1
2026-02-15T13:35:53.224Z,0,20.27,50,OK,0.1
2026-02-15T13:35:53.275Z,0,20.29,50,OK,0.1
2026-02-15T13:35:53.325Z,0,20.35,50,OK,0.1
2026-02-15T13:35:53.375Z,0,20.42,50,OK,0.1
2026-02-15T13:35:53.426Z,0,20.56,50,OK,0.1
2026-02-15T13:35:53.476Z,0,20.56,50,OK,0.1
2026-02-15T13:35:53.527Z,0,20.53,50,OK,0.1
2026-02-15T13:35:53.578Z,0,20.54,50,OK,0.1
2026-02-15T13:35:53.628Z,0,20.50,50,OK,0.1
2026-02-15T13:35:53.678Z,0,20.39,50,OK,0.1
2026-02-15T13:35:53.728Z,0,20.41,50,OK,0.1
2026-02-15T13:35:53.778Z,0,20.45,50,OK,0.1
2026-02-15T13:35:53.829Z,0,20.36,50,OK,0.1
2026-02-15T13:35:53.880Z,0,20.36,50,OK,0.1
2026-02-15T13:35:53.930Z,0,20.41,50,OK,0.1
2026-02-15T13:35:53.980Z,0,20.46,50,OK,0.1
2026-02-15T13:35:54.031Z,0,20.47,50,OK,0.1
2026-02-15T13:35:54.081Z,0,20.51,50,OK,0.1
2026-02-15T13:35:54.132Z,0,20.52,50,OK,0.1
2026-02-15T13:35:54.182Z,0,20.48,50,OK,0.1
2026-02-15T13:35:54.233Z,0,20.39,50,OK,0.1
2026-02-15T13:35:54.284Z,0,20.37,50,OK,0.1
2026-02-15T13:35:54.334Z,0,20.42,50,OK,0.1
2026-02-15T13:35:54.385Z,0,20.42,50,OK,0.1
2026-02-15T13:35:54.435Z,0,20.44,50,OK,0.1
2026-02-15T13:35:54.485Z,0,20.52,50,OK,0.1
2026-02-15T13:35:54.535Z,0,20.47,50,OK,0.1
2026-02-15T13:35:54.585Z,0,20.45,50,OK,0.1
2026-02-15T13:35:54.635Z,0,20.43,50,OK,0.1
2026-02-15T13:35:54.685Z,0,20.44,50,OK,0.1
2026-02-15T13:35:54.735Z,0,20.29,50,OK,0.1
2026-02-15T13:35:54.785Z,0,20.30,50,OK,0.1
2026-02-15T13:35:54.836Z,0,20.32,50,OK,0.1
2026-02-15T13:35:54.886Z,0,20.29,50,OK,0.1
2026-02-15T13:35:54.936Z,0,20.28,50,OK,0.1
2026-02-15T13:35:54.987Z,0,20.37,50,OK,0.1
2026-02-15T13:35:55.036Z,0,20.40,50,OK,0.1
2026-02-15T13:35:55.087Z,0,20.41,50,OK,0.1
2026-02-15T13:35:55.137Z,0,20.44,50,OK,0.1
2026-02-15T13:35:55.188Z,0,20.43,50,OK,0.1
2026-02-15T13:35:55.239Z,0,20.46,50,OK,0.1
2026-02-15T13:35:55.290Z,0,20.45,50,OK,0.1
2026-02-15T13:35:55.340Z,0,20.41,50,OK,0.1
2026-02-15T13:35:55.390Z,0,20.42,50,OK,0.1
2026-02-15T13:35:55.441Z,0,20.50,50,OK,0.1
2026-02-15T13:35:55.491Z,0,20.48,50,OK,0.1
2026-02-15T13:35:55.541Z,0,20.44,50,OK,0.1
2026-02-15T13:35:55.592Z,0,20.51,50,OK,0.1
2026-02-15T13:35:55.642Z,0,20.46,50,OK,0.1
2026-02-15T13:35:55.692Z,0,20.39,50,OK,0.1
2026-02-15T13:35:55.743Z,0,20.33,50,OK,0.1
2026-02-15T13:35:55.793Z,0,20.36,50,OK,0.1
2026-02-15T13:35:55.843Z,0,20.35,50,OK,0.1
2026-02-15T13:35:55.893Z,0,20.41,50,OK,0.1
2026-02-15T13:35:55.943Z,0,20.37,50,OK,0.1
2026-02-15T13:35:55.992Z,0,20.42,50,OK,0.1
2026-02-15T13:35:56.043Z,0,20.41,50,OK,0.1
2026-02-15T13:35:56.093Z,0,20.36,50,OK,0.1
2026-02-15T13:35:56.143Z,0,20.30,50,OK,0.1
2026-02-15T13:35:56.192Z,0,20.29,50,OK,0.1
2026-02-15T13:35:56.243Z,0,20.26,50,OK,0.1
2026-02-15T13:35:56.293Z,0,20.24,50,OK,0.1
2026-02-15T13:35:56.344Z,0,20.28,50,OK,0.1
2026-02-15T13:35:56.393Z,0,20.28,50,OK,0.1
2026-02-15T13:35:56.444Z,0,20.30,50,OK,0.1
2026-02-15T13:35:56.494Z,0,20.31,50,OK,0.1
2026-02-15T13:35:56.545Z,0,20.34,50,OK,0.1
2026-02-15T13:35:56.596Z,0,20.26,50,OK,0.1
2026-02-15T13:35:56.645Z,0,20.28,50,OK,0.1
2026-02-15T13:35:56.695Z,0,20.26,50,OK,0.1
2026-02-15T13:35:56.746Z,0,20.25,50,OK,0.1
2026-02-15T13:35:56.796Z,0,20.23,50,OK,0.1
2026-02-15T13:35:56.847Z,0,20.27,50,OK,0.1
2026-02-15T13:35:56.896Z,0,20.25,50,OK,0.1
2026-02-15T13:35:56.946Z,0,20.27,50,OK,0.1
2026-02-15T13:35:56.997Z,0,20.28,50,OK,0.1
2026-02-15T13:35:57.046Z,0,20.20,50,OK,0.1
2026-02-15T13:35:57.096Z,0,20.48,50,OK,0.1
2026-02-15T13:35:57.147Z,0,21.64,50,OK,0.1
2026-02-15T13:35:57.199Z,0,21.61,50,OK,0.1
2026-02-15T13:35:57.262Z,0,20.16,50,OK,0.1
2026-02-15T13:35:57.313Z,0,20.22,50,OK,0.1
2026-02-15T13:35:57.364Z,0,19.90,50,OK,0.1
2026-02-15T13:35:57.414Z,0,18.75,50,OK,0.1
2026-02-15T13:35:57.465Z,0,18.73,50,OK,0.1
2026-02-15T13:35:57.514Z,0,20.18,50,OK,0.1
2026-02-15T13:35:57.567Z,0,20.18,50,OK,0.1
2026-02-15T13:35:57.617Z,0,20.29,50,OK,0.1
2026-02-15T13:35:57.667Z,0,20.29,50,OK,0.1
2026-02-15T13:35:57.716Z,0,20.31,50,OK,0.1
2026-02-15T13:35:57.766Z,0,20.34,50,OK,0.1
2026-02-15T13:35:57.816Z,0,20.59,50,OK,0.1
2026-02-15T13:35:57.867Z,0,20.47,50,OK,0.1
2026-02-15T13:35:57.916Z,0,20.47,50,OK,0.1
2026-02-15T13:35:57.967Z,0,20.46,50,OK,0.1
2026-02-15T13:35:58.017Z,0,20.42,50,OK,0.1
2026-02-15T13:35:58.068Z,0,20.18,50,OK,0.1
2026-02-15T13:35:58.117Z,0,20.23,50,OK,0.1
2026-02-15T13:35:58.168Z,0,20.24,50,OK,0.1
2026-02-15T13:35:58.217Z,0,20.26,50,OK,0.1
2026-02-15T13:35:58.268Z,0,20.26,50,OK,0.1
2026-02-15T13:35:58.317Z,0,20.24,50,OK,0.1
2026-02-15T13:35:58.368Z,0,20.19,50,OK,0.1
2026-02-15T13:35:58.418Z,0,20.19,50,OK,0.1
2026-02-15T13:35:58.469Z,0,20.19,50,OK,0.1
2026-02-15T13:35:58.519Z,0,20.19,50,OK,0.1
2026-02-15T13:35:58.568Z,0,20.21,50,OK,0.1
2026-02-15T13:35:58.619Z,0,20.21,50,OK,0.1
2026-02-15T13:35:58.669Z,0,20.21,50,OK,0.1
2026-02-15T13:35:58.719Z,0,20.22,50,OK,0.1
2026-02-15T13:35:58.768Z,0,20.23,50,OK,0.1
2026-02-15T13:35:58.819Z,0,20.25,50,OK,0.1
2026-02-15T13:35:58.870Z,0,20.26,50,OK,0.1
2026-02-15T13:35:58.919Z,0,20.25,50,OK,0.1
2026-02-15T13:35:58.970Z,0,20.24,50,OK,0.1
2026-02-15T13:35:59.021Z,0,20.24,50,OK,0.1
2026-02-15T13:35:59.071Z,0,20.21,50,OK,0.1
2026-02-15T13:35:59.121Z,0,20.20,50,OK,0.1
2026-02-15T13:35:59.172Z,0,20.21,50,OK,0.1
2026-02-15T13:35:59.223Z,0,20.22,50,OK,0.1
2026-02-15T13:35:59.273Z,0,20.22,50,OK,0.1
2026-02-15T13:35:59.323Z,0,20.22,50,OK,0.1
2026-02-15T13:35:59.374Z,0,20.22,50,OK,0.1
2026-02-15T13:35:59.425Z,0,20.23,50,OK,0.1
2026-02-15T13:35:59.475Z,0,20.03,50,OK,0.1
2026-02-15T13:35:59.526Z,0,20.03,50,OK,0.1
2026-02-15T13:35:59.577Z,0,20.03,50,OK,0.1
2026-02-15T13:35:59.627Z,0,20.05,50,OK,0.1
2026-02-15T13:35:59.677Z,0,20.03,50,OK,0.1
2026-02-15T13:35:59.727Z,0,20.22,50,OK,0.1
2026-02-15T13:35:59.778Z,0,20.22,50,OK,0.1
2026-02-15T13:35:59.828Z,0,20.22,50,OK,0.1
2026-02-15T13:35:59.878Z,0,20.21,50,OK,0.1
2026-02-15T13:35:59.928Z,0,20.22,50,OK,0.1
2026-02-15T13:35:59.978Z,0,20.21,50,OK,0.1
2026-02-15T13:36:00.028Z,0,20.20,50,OK,0.1
2026-02-15T13:36:00.084Z,0,20.21,50,OK,0.1
2026-02-15T13:36:00.134Z,0,20.23,50,OK,0.1
2026-02-15T13:36:00.185Z,0,20.22,50,OK,0.1
2026-02-15T13:36:00.235Z,0,20.23,50,OK,0.1
2026-02-15T13:36:00.285Z,0,20.25,50,OK,0.1
2026-02-15T13:36:00.335Z,0,20.25,50,OK,0.1
2026-02-15T13:36:00.386Z,0,20.27,50,OK,0.1
2026-02-15T13:36:00.436Z,0,20.31,50,OK,0.1
2026-02-15T13:36:00.486Z,0,20.16,50,OK,0.1
2026-02-15T13:36:00.536Z,0,20.16,50,OK,0.1
2026-02-15T13:36:00.586Z,0,20.17,50,OK,0.1
2026-02-15T13:36:00.636Z,0,20.12,50,OK,0.1
2026-02-15T13:36:00.687Z,0,20.12,50,OK,0.1
2026-02-15T13:36:00.738Z,0,20.30,50,OK,0.1
2026-02-15T13:36:00.788Z,0,20.35,50,OK,0.1
2026-02-15T13:36:00.839Z,0,20.33,50,OK,0.1
2026-02-15T13:36:00.889Z,0,20.17,50,OK,0.1
2026-02-15T13:36:00.940Z,0,20.14,50,OK,0.1
2026-02-15T13:36:00.991Z,0,19.98,50,OK,0.1
2026-02-15T13:36:01.137Z,0,19.93,50,OK,0.1
2026-02-15T13:36:01.161Z,0,15.89,50,OK,0.1
2026-02-15T13:36:01.212Z,0,16.06,50,OK,0.1
2026-02-15T13:36:01.262Z,0,16.06,50,OK,0.1
2026-02-15T13:36:01.312Z,0,12.14,50,OK,0.1
2026-02-15T13:36:01.431Z,0,12.13,50,OK,0.1
2026-02-15T13:36:01.481Z,0,16.11,50,OK,0.1
2026-02-15T13:36:01.531Z,0,16.09,50,OK,0.1
2026-02-15T13:36:01.582Z,0,16.13,50,OK,0.1
2026-02-15T13:36:01.632Z,0,20.16,50,OK,0.1
2026-02-15T13:36:01.682Z,0,20.40,50,OK,0.1
2026-02-15T13:36:01.732Z,0,20.46,50,OK,0.1
2026-02-15T13:36:01.783Z,0,20.48,50,OK,0.1
2026-02-15T13:36:01.843Z,0,20.44,50,OK,0.1
2026-02-15T13:36:01.894Z,0,20.45,50,OK,0.1
2026-02-15T13:36:01.946Z,0,20.19,50,OK,0.1
2026-02-15T13:36:01.996Z,0,20.19,50,OK,0.1
2026-02-15T13:36:02.122Z,0,20.19,50,OK,0.1
2026-02-15T13:36:02.122Z,0,21.15,50,OK,0.1
2026-02-15T13:36:02.171Z,0,17.10,50,OK,0.1
2026-02-15T13:36:02.222Z,0,17.13,50,OK,0.1
2026-02-15T13:36:02.272Z,0,20.67,50,OK,0.1
2026-02-15T13:47:31.409Z,0,25.26,49,OK,0.1
2026-02-15T13:47:31.460Z,0,26.12,48,OK,0.1
2026-02-15T13:47:31.510Z,0,30.17,47,OK,0.1
2026-02-15T13:47:31.560Z,0,30.16,46,OK,0.1
2026-02-15T13:51:51.132Z,0,26.98,45,OK,0.1
2026-02-15T13:51:51.182Z,0,22.23,46,OK,0.1
2026-02-15T13:51:51.240Z,0,21.28,47,OK,0.1
2026-02-15T13:51:51.290Z,0,22.32,48,OK,0.1
2026-02-15T13:51:51.344Z,0,22.32,49,OK,0.1
2026-02-15T13:51:51.394Z,0,23.86,50,OK,0.1
2026-02-15T13:51:51.444Z,0,24.00,50,OK,0.1
2026-02-15T13:51:51.496Z,0,23.17,50,OK,0.1
2026-02-15T13:51:51.546Z,0,22.12,50,OK,0.1
2026-02-15T13:51:51.596Z,0,22.14,50,OK,0.1
2026-02-15T13:51:51.659Z,0,20.24,50,OK,0.1
2026-02-15T13:51:51.715Z,0,17.39,50,OK,0.1
2026-02-15T13:51:51.765Z,0,20.75,50,OK,0.1
2026-02-15T13:51:51.815Z,0,20.74,50,OK,0.1
2026-02-15T13:51:51.880Z,0,22.47,50,OK,0.1
2026-02-15T13:51:51.930Z,0,23.09,50,OK,0.1
2026-02-15T13:51:51.980Z,0,25.91,49,OK,0.1
2026-02-15T13:51:52.032Z,0,22.54,50,OK,0.1
2026-02-15T13:51:52.082Z,0,22.55,50,OK,0.1
2026-02-15T13:51:52.188Z,0,27.97,49,OK,0.1
2026-02-15T13:51:52.243Z,0,24.33,50,OK,0.1
2026-02-15T13:51:52.293Z,0,24.28,50,OK,0.1
2026-02-15T13:51:52.343Z,0,24.27,50,OK,0.1
2026-02-15T13:51:52.393Z,0,25.07,49,OK,0.1
2026-02-15T13:51:52.443Z,0,17.91,50,OK,0.1
2026-02-15T13:51:52.494Z,0,21.02,50,OK,0.1
2026-02-15T13:51:52.544Z,0,21.07,50,OK,0.1
2026-02-15T13:51:52.594Z,0,21.18,50,OK,0.1
2026-02-15T13:51:52.644Z,0,20.44,50,OK,0.1
2026-02-15T13:51:52.694Z,0,20.45,50,OK,0.1
2026-02-15T13:51:52.744Z,0,20.38,50,OK,0.1
2026-02-15T13:51:52.794Z,0,16.34,50,OK,0.1
2026-02-15T13:51:52.845Z,0,16.30,50,OK,0.1
2026-02-15T13:51:52.895Z,0,16.23,50,OK,0.1
2026-02-15T13:51:52.945Z,0,16.28,50,OK,0.1
2026-02-15T13:51:52.995Z,0,16.34,50,OK,0.1
2026-02-15T13:51:53.046Z,0,20.39,50,OK,0.1
2026-02-15T13:51:53.096Z,0,20.33,50,OK,0.1
2026-02-15T13:51:53.147Z,0,20.29,50,OK,0.1
2026-02-15T13:51:53.197Z,0,20.23,50,OK,0.1
2026-02-15T13:51:53.247Z,0,20.21,50,OK,0.1
2026-02-15T13:51:53.298Z,0,20.21,50,OK,0.1
2026-02-15T13:51:53.349Z,0,20.27,50,OK,0.1
2026-02-15T13:51:53.399Z,0,20.31,50,OK,0.1
2026-02-15T13:51:53.449Z,0,20.34,50,OK,0.1
2026-02-15T13:51:53.500Z,0,20.29,50,OK,0.1
2026-02-15T13:51:53.550Z,0,20.31,50,OK,0.1
2026-02-15T13:51:53.608Z,0,20.79,50,OK,0.1
2026-02-15T13:51:53.659Z,0,20.78,50,OK,0.1
2026-02-15T13:51:53.709Z,0,20.80,50,OK,0.1
2026-02-15T13:51:53.760Z,0,20.80,50,OK,0.1
2026-02-15T13:51:53.810Z,0,20.76,50,OK,0.1
2026-02-15T13:51:53.860Z,0,16.19,50,OK,0.1
2026-02-15T13:51:53.936Z,0,17.63,50,OK,0.1
2026-02-15T13:51:53.986Z,0,17.58,50,OK,0.1
2026-02-15T13:51:54.046Z,0,15.54,50,OK,0.1
2026-02-15T13:51:54.096Z,0,15.56,50,OK,0.1
2026-02-15T13:51:54.150Z,0,19.60,50,OK,0.1
2026-02-15T13:51:54.200Z,0,18.11,50,OK,0.1
2026-02-15T13:51:54.256Z,0,18.62,50,OK,0.1
2026-02-15T13:51:54.307Z,0,20.66,50,OK,0.1
2026-02-15T13:51:54.373Z,0,22.25,50,OK,0.1
2026-02-15T13:51:54.424Z,0,22.24,50,OK,0.1
2026-02-15T13:51:54.478Z,0,22.69,50,OK,0.1
2026-02-15T13:51:54.528Z,0,24.00,50,OK,0.1
2026-02-15T13:51:54.595Z,0,24.94,50,OK,0.1
2026-02-15T13:51:54.646Z,0,23.35,50,OK,0.1
2026-02-15T13:51:54.695Z,0,19.32,50,OK,0.1
2026-02-15T13:51:54.799Z,0,25.68,49,OK,0.1
2026-02-15T13:51:54.849Z,0,19.83,50,OK,0.1
2026-02-15T13:51:54.961Z,0,18.88,50,OK,0.1
2026-02-15T13:51:55.011Z,0,18.85,50,OK,0.1
2026-02-15T13:51:55.062Z,0,22.90,50,OK,0.1
2026-02-15T13:51:55.112Z,0,16.14,50,OK,0.1
2026-02-15T13:51:55.164Z,0,16.54,50,OK,0.1
2026-02-15T13:51:55.224Z,0,14.50,50,OK,0.1
2026-02-15T13:51:55.288Z,0,14.57,50,OK,0.1
2026-02-15T13:51:55.337Z,0,14.51,50,OK,0.1
2026-02-15T13:51:55.389Z,0,14.50,50,OK,0.1
2026-02-15T13:51:55.439Z,0,18.19,50,OK,0.1
2026-02-15T13:51:55.489Z,0,20.33,50,OK,0.1
2026-02-15T13:51:55.545Z,0,20.93,50,OK,0.1
2026-02-15T13:51:55.597Z,0,23.46,50,OK,0.1
2026-02-15T13:51:55.647Z,0,23.49,50,OK,0.1
2026-02-15T13:51:55.707Z,0,23.65,50,OK,0.1
2026-02-15T13:51:55.757Z,0,23.50,50,OK,0.1
2026-02-15T13:51:55.808Z,0,22.87,50,OK,0.1
2026-02-15T13:51:55.858Z,0,20.34,50,OK,0.1
2026-02-15T13:51:55.909Z,0,20.35,50,OK,0.1
2026-02-15T13:51:55.959Z,0,20.11,50,OK,0.1
2026-02-15T13:51:56.010Z,0,20.16,50,OK,0.1
2026-02-15T13:51:56.060Z,0,20.00,50,OK,0.1
2026-02-15T13:51:56.157Z,0,25.40,49,OK,0.1
2026-02-15T13:51:56.207Z,0,25.42,48,OK,0.1
2026-02-15T13:51:56.257Z,0,25.45,47,OK,0.1
2026-02-15T13:51:56.308Z,0,25.41,46,OK,0.1
2026-02-15T13:51:56.358Z,0,25.57,45,OK,0.1
2026-02-15T13:51:56.408Z,0,20.24,46,OK,0.1
2026-02-15T13:51:56.458Z,0,20.21,47,OK,0.1
2026-02-15T13:51:56.509Z,0,20.23,48,OK,0.1
2026-02-15T13:51:56.559Z,0,20.27,49,OK,0.1
2026-02-15T13:51:56.609Z,0,20.44,50,OK,0.1
2026-02-15T13:51:56.660Z,0,20.41,50,OK,0.1
2026-02-15T13:51:56.710Z,0,20.41,50,OK,0.1
2026-02-15T13:51:56.760Z,0,20.39,50,OK,0.1
2026-02-15T13:51:56.811Z,0,20.45,50,OK,0.1
2026-02-15T13:51:56.862Z,0,20.29,50,OK,0.1
2026-02-15T13:51:56.913Z,0,20.29,50,OK,0.1
2026-02-15T13:51:56.964Z,0,20.29,50,OK,0.1
2026-02-15T13:51:57.021Z,0,20.28,50,OK,0.1
2026-02-15T13:51:57.071Z,0,20.17,50,OK,0.1
2026-02-15T13:51:57.121Z,0,20.16,50,OK,0.1
2026-02-15T13:51:57.170Z,0,20.19,50,OK,0.1
2026-02-15T13:51:57.221Z,0,20.19,50,OK,0.1
2026-02-15T13:51:57.271Z,0,20.29,50,OK,0.1
2026-02-15T13:51:57.322Z,0,20.35,50,OK,0.1
2026-02-15T13:51:57.372Z,0,20.31,50,OK,0.1
2026-02-15T13:51:57.422Z,0,20.29,50,OK,0.1
2026-02-15T13:51:57.472Z,0,21.18,50,OK,0.1
2026-02-15T13:51:57.522Z,0,21.09,50,OK,0.1
2026-02-15T13:51:57.572Z,0,21.09,50,OK,0.1
2026-02-15T13:51:57.622Z,0,21.14,50,OK,0.1
2026-02-15T13:51:57.673Z,0,21.13,50,OK,0.1
2026-02-15T13:51:57.723Z,0,20.24,50,OK,0.1
2026-02-15T13:51:57.774Z,0,20.23,50,OK,0.1
2026-02-15T13:51:57.824Z,0,20.23,50,OK,0.1
2026-02-15T13:51:57.875Z,0,20.24,50,OK,0.1
2026-02-15T13:51:57.925Z,0,20.27,50,OK,0.1
2026-02-15T13:51:57.975Z,0,20.26,50,OK,0.1
2026-02-15T13:51:58.025Z,0,20.27,50,OK,0.1
2026-02-15T13:51:58.075Z,0,20.26,50,OK,0.1
2026-02-15T13:51:58.126Z,0,20.26,50,OK,0.1
2026-02-15T13:51:58.177Z,0,20.21,50,OK,0.1
2026-02-15T13:51:58.227Z,0,20.22,50,OK,0.1
2026-02-15T13:51:58.278Z,0,20.20,50,OK,0.1
2026-02-15T13:51:58.328Z,0,20.21,50,OK,0.1
2026-02-15T13:51:58.379Z,0,20.20,50,OK,0.1
2026-02-15T13:51:58.429Z,0,20.22,50,OK,0.1
2026-02-15T13:51:58.480Z,0,20.23,50,OK,0.1
2026-02-15T13:51:58.534Z,0,20.24,50,OK,0.1
2026-02-15T13:51:58.584Z,0,20.24,50,OK,0.1
2026-02-15T13:51:58.634Z,0,20.18,50,OK,0.1
2026-02-15T13:51:58.686Z,0,20.21,50,OK,0.1
2026-02-15T13:51:58.736Z,0,20.19,50,OK,0.1
2026-02-15T13:51:58.786Z,0,20.25,50,OK,0.1
2026-02-15T13:51:58.836Z,0,20.24,50,OK,0.1
2026-02-15T13:51:58.886Z,0,20.39,50,OK,0.1
2026-02-15T13:51:58.936Z,0,20.39,50,OK,0.1
2026-02-15T13:51:58.986Z,0,20.27,50,OK,0.1
2026-02-15T13:51:59.036Z,0,20.20,50,OK,0.1
2026-02-15T13:51:59.086Z,0,20.07,50,OK,0.1
2026-02-15T13:51:59.136Z,0,19.98,50,OK,0.1
2026-02-15T13:51:59.186Z,0,19.85,50,OK,0.1
