Timestamp,ActiveRequests,Lag_ms,VirtualLimit,Status,Kp_Used
2026-02-15T11:44:55.129Z,0,24.48,21,OK,0.1
2026-02-15T11:44:55.179Z,0,22.41,22,OK,0.1
2026-02-15T11:44:55.230Z,0,21.73,23,OK,0.1
2026-02-15T11:44:55.281Z,0,21.44,24,OK,0.1
2026-02-15T11:44:55.330Z,0,21.20,25,OK,0.1
2026-02-15T11:44:55.381Z,0,20.41,26,OK,0.1
2026-02-15T11:44:55.432Z,0,20.41,27,OK,0.1
2026-02-15T11:44:55.483Z,0,20.35,28,OK,0.1
2026-02-15T11:44:55.534Z,0,20.31,29,OK,0.1
2026-02-15T11:44:55.584Z,0,20.36,30,OK,0.1
2026-02-15T11:44:55.634Z,0,20.32,31,OK,0.1
2026-02-15T11:44:55.685Z,0,20.29,32,OK,0.1
2026-02-15T11:44:55.736Z,0,20.33,33,OK,0.1
2026-02-15T11:44:55.787Z,0,20.28,34,OK,0.1
2026-02-15T11:44:55.838Z,0,20.25,35,OK,0.1
2026-02-15T11:44:55.889Z,0,20.22,36,OK,0.1
2026-02-15T11:44:55.939Z,0,20.25,37,OK,0.1
2026-02-15T11:44:55.989Z,0,20.26,38,OK,0.1
2026-02-15T11:44:56.039Z,0,20.29,39,OK,0.1
2026-02-15T11:44:56.090Z,0,20.32,40,OK,0.1
2026-02-15T11:44:56.141Z,0,20.35,41,OK,0.1
2026-02-15T11:44:56.192Z,0,20.30,42,OK,0.1
2026-02-15T11:44:56.242Z,0,20.32,43,OK,0.1
2026-02-15T11:44:56.292Z,0,20.37,44,OK,0.1
2026-02-15T11:44:56.342Z,0,20.31,45,OK,0.1
2026-02-15T11:44:56.392Z,0,20.33,46,OK,0.1
2026-02-15T11:44:56.443Z,0,20.39,47,OK,0.1
2026-02-15T11:44:56.493Z,0,20.30,48,OK,0.1
2026-02-15T11:44:56.544Z,0,20.23,49,OK,0.1
2026-02-15T11:44:56.595Z,0,20.22,50,OK,0.1
2026-02-15T11:44:56.646Z,0,20.24,50,OK,0.1
2026-02-15T11:44:56.696Z,0,20.26,50,OK,0.1
2026-02-15T11:44:56.747Z,0,20.38,50,OK,0.1
2026-02-15T11:44:56.798Z,0,20.35,50,OK,0.1
2026-02-15T11:44:56.849Z,0,20.42,50,OK,0.1
2026-02-15T11:44:56.899Z,0,20.44,50,OK,0.1
2026-02-15T11:44:56.949Z,0,20.39,50,OK,0.1
2026-02-15T11:44:57.000Z,0,20.37,50,OK,0.1
2026-02-15T11:44:57.050Z,0,20.41,50,OK,0.1
2026-02-15T11:44:57.100Z,0,20.31,50,OK,0.1
2026-02-15T11:44:57.150Z,0,20.20,50,OK,0.1
2026-02-15T11:44:57.201Z,0,20.20,50,OK,0.1
2026-02-15T11:44:57.250Z,0,20.20,50,OK,0.1
2026-02-15T11:44:57.301Z,0,20.27,50,OK,0.1
2026-02-15T11:44:57.351Z,0,20.35,50,OK,0.1
2026-02-15T11:44:57.401Z,0,20.42,50,OK,0.1
2026-02-15T11:44:57.451Z,0,20.46,50,OK,0.1
2026-02-15T11:44:57.502Z,0,20.42,50,OK,0.1
2026-02-15T11:44:57.553Z,0,20.39,50,OK,0.1
2026-02-15T11:44:57.603Z,0,20.41,50,OK,0.1
2026-02-15T11:44:57.654Z,0,20.40,50,OK,0.1
2026-02-15T11:44:57.705Z,0,20.44,50,OK,0.1
2026-02-15T11:44:57.755Z,0,20.45,50,OK,0.1
2026-02-15T11:44:57.805Z,0,20.27,50,OK,0.1
2026-02-15T11:44:57.856Z,0,20.32,50,OK,0.1
2026-02-15T11:44:57.906Z,0,20.42,50,OK,0.1
2026-02-15T11:44:57.956Z,0,20.40,50,OK,0.1
2026-02-15T11:44:58.007Z,0,20.34,50,OK,0.1
2026-02-15T11:44:58.057Z,0,20.51,50,OK,0.1
2026-02-15T11:44:58.108Z,0,20.43,50,OK,0.1
2026-02-15T11:44:58.158Z,0,20.33,50,OK,0.1
2026-02-15T11:44:58.208Z,0,20.38,50,OK,0.1
2026-02-15T11:44:58.259Z,0,20.43,50,OK,0.1
2026-02-15T11:44:58.309Z,0,20.36,50,OK,0.1
2026-02-15T11:44:58.359Z,0,20.40,50,OK,0.1
2026-02-15T11:44:58.410Z,0,20.34,50,OK,0.1
2026-02-15T11:44:58.460Z,0,20.29,50,OK,0.1
2026-02-15T11:44:58.510Z,0,20.23,50,OK,0.1
2026-02-15T11:44:58.560Z,0,20.31,50,OK,0.1
2026-02-15T11:44:58.611Z,0,20.28,50,OK,0.1
2026-02-15T11:44:58.661Z,0,20.29,50,OK,0.1
2026-02-15T11:44:58.712Z,0,20.25,50,OK,0.1
2026-02-15T11:44:58.763Z,0,20.32,50,OK,0.1
2026-02-15T11:44:58.812Z,0,20.36,50,OK,0.1
2026-02-15T11:44:58.863Z,0,20.34,50,OK,0.1
2026-02-15T11:44:58.912Z,0,20.41,50,OK,0.1
2026-02-15T11:44:58.963Z,0,20.48,50,OK,0.1
2026-02-15T11:44:59.013Z,0,20.47,50,OK,0.1
2026-02-15T11:44:59.064Z,0,20.45,50,OK,0.1
2026-02-15T11:44:59.114Z,0,20.53,50,OK,0.1
2026-02-15T11:44:59.165Z,0,20.56,50,OK,0.1
2026-02-15T11:44:59.215Z,0,20.55,50,OK,0.1
2026-02-15T11:44:59.265Z,0,20.49,50,OK,0.1
2026-02-15T11:44:59.316Z,0,20.42,50,OK,0.1
2026-02-15T11:44:59.367Z,0,20.38,50,OK,0.1
2026-02-15T11:44:59.418Z,0,20.31,50,OK,0.1
2026-02-15T11:44:59.468Z,0,20.22,50,OK,0.1
2026-02-15T11:44:59.518Z,0,20.27,50,OK,0.1
2026-02-15T11:44:59.569Z,0,20.29,50,OK,0.1
2026-02-15T11:44:59.620Z,0,20.38,50,OK,0.1
2026-02-15T11:44:59.671Z,0,20.42,50,OK,0.1
2026-02-15T11:44:59.720Z,0,20.61,50,OK,0.1
2026-02-15T11:44:59.771Z,0,20.53,50,OK,0.1
2026-02-15T11:44:59.822Z,0,20.62,50,OK,0.1
2026-02-15T11:44:59.873Z,0,20.53,50,OK,0.1
2026-02-15T11:44:59.923Z,0,20.57,50,OK,0.1
2026-02-15T11:44:59.974Z,0,20.45,50,OK,0.1
2026-02-15T11:45:00.024Z,0,20.64,50,OK,0.1
2026-02-15T11:45:00.074Z,0,20.57,50,OK,0.1
2026-02-15T11:45:00.124Z,0,20.64,50,OK,0.1
2026-02-15T11:45:00.175Z,0,20.55,50,OK,0.1
2026-02-15T11:45:00.225Z,0,20.58,50,OK,0.1
2026-02-15T11:45:00.276Z,0,20.49,50,OK,0.1
2026-02-15T11:45:00.326Z,0,20.38,50,OK,0.1
2026-02-15T11:45:00.376Z,0,20.32,50,OK,0.1
2026-02-15T11:45:00.427Z,0,20.50,50,OK,0.1
2026-02-15T11:45:00.478Z,0,20.46,50,OK,0.1
2026-02-15T11:45:00.528Z,0,20.55,50,OK,0.1
2026-02-15T11:45:00.579Z,0,20.65,50,OK,0.1
2026-02-15T11:45:00.629Z,0,20.65,50,OK,0.1
2026-02-15T11:45:00.679Z,0,20.50,50,OK,0.1
2026-02-15T11:45:00.729Z,0,20.40,50,OK,0.1
2026-02-15T11:45:00.780Z,0,20.30,50,OK,0.1
2026-02-15T11:45:00.830Z,0,20.22,50,OK,0.1
2026-02-15T11:45:00.881Z,0,20.18,50,OK,0.1
2026-02-15T11:45:00.932Z,0,20.05,50,OK,0.1
2026-02-15T11:45:00.982Z,0,20.12,50,OK,0.1
2026-02-15T11:45:01.032Z,0,20.13,50,OK,0.1
2026-02-15T11:45:01.082Z,0,20.25,50,OK,0.1
2026-02-15T11:45:01.133Z,0,20.23,50,OK,0.1
2026-02-15T11:45:01.184Z,0,20.37,50,OK,0.1
2026-02-15T11:45:01.235Z,0,20.48,50,OK,0.1
2026-02-15T11:45:01.286Z,0,20.46,50,OK,0.1
2026-02-15T11:45:01.336Z,0,20.43,50,OK,0.1
2026-02-15T11:45:01.386Z,0,20.45,50,OK,0.1
2026-02-15T11:45:01.437Z,0,20.36,50,OK,0.1
2026-02-15T11:45:01.488Z,0,20.30,50,OK,0.1
2026-02-15T11:45:01.539Z,0,20.27,50,OK,0.1
2026-02-15T11:45:01.589Z,0,20.29,50,OK,0.1
2026-02-15T11:45:01.639Z,0,20.38,50,OK,0.1
2026-02-15T11:45:01.689Z,0,20.46,50,OK,0.1
2026-02-15T11:45:01.739Z,0,20.43,50,OK,0.1
2026-02-15T11:45:01.788Z,0,20.47,50,OK,0.1
2026-02-15T11:45:01.839Z,0,20.51,50,OK,0.1
2026-02-15T11:45:01.890Z,0,20.41,50,OK,0.1
2026-02-15T11:45:01.940Z,0,20.37,50,OK,0.1
2026-02-15T11:45:01.991Z,0,20.40,50,OK,0.1
2026-02-15T11:45:02.041Z,0,20.32,50,OK,0.1
2026-02-15T11:45:02.091Z,0,20.29,50,OK,0.1
2026-02-15T11:45:02.141Z,0,20.44,50,OK,0.1
2026-02-15T11:45:02.192Z,0,20.44,50,OK,0.1
2026-02-15T11:45:02.241Z,0,20.52,50,OK,0.1
2026-02-15T11:45:02.291Z,0,20.61,50,OK,0.1
2026-02-15T11:45:02.341Z,0,20.64,50,OK,0.1
2026-02-15T11:45:02.392Z,0,20.54,50,OK,0.1
2026-02-15T11:45:02.442Z,0,20.70,50,OK,0.1
2026-02-15T11:45:02.493Z,0,20.60,50,OK,0.1
2026-02-15T11:45:02.544Z,0,20.63,50,OK,0.1
2026-02-15T11:45:02.595Z,0,20.58,50,OK,0.1
2026-02-15T11:45:02.646Z,0,20.59,50,OK,0.1
2026-02-15T11:45:02.696Z,0,20.44,50,OK,0.1
2026-02-15T11:45:02.746Z,0,20.41,50,OK,0.1
2026-02-15T11:45:02.796Z,0,20.33,50,OK,0.1
2026-02-15T11:45:02.846Z,0,20.27,50,OK,0.1
2026-02-15T11:45:02.897Z,0,20.20,50,OK,0.1
2026-02-15T11:45:02.946Z,0,20.17,50,OK,0.1
2026-02-15T11:45:02.996Z,0,20.18,50,OK,0.1
2026-02-15T11:45:03.047Z,0,20.29,50,OK,0.1
2026-02-15T11:45:03.097Z,0,20.33,50,OK,0.1
2026-02-15T11:45:03.146Z,0,20.34,50,OK,0.1
2026-02-15T11:45:03.196Z,0,20.41,50,OK,0.1
2026-02-15T11:45:03.246Z,0,20.40,50,OK,0.1
2026-02-15T11:45:03.297Z,0,20.33,50,OK,0.1
2026-02-15T11:45:03.347Z,0,20.36,50,OK,0.1
2026-02-15T11:45:03.398Z,0,20.38,50,OK,0.1
2026-02-15T11:45:03.448Z,0,20.34,50,OK,0.1
2026-02-15T11:45:03.499Z,0,20.35,50,OK,0.1
2026-02-15T11:45:03.549Z,0,20.58,50,OK,0.1
2026-02-15T11:45:03.598Z,0,20.53,50,OK,0.1
2026-02-15T11:45:03.649Z,0,20.57,50,OK,0.1
2026-02-15T11:45:03.698Z,0,20.56,50,OK,0.1
2026-02-15T11:45:03.749Z,0,20.46,50,OK,0.1
2026-02-15T11:45:03.800Z,0,20.20,50,OK,0.1
2026-02-15T11:45:03.850Z,0,20.25,50,OK,0.1
2026-02-15T11:45:03.901Z,0,20.21,50,OK,0.1
2026-02-15T11:45:03.952Z,0,20.25,50,OK,0.1
2026-02-15T11:45:04.002Z,0,20.41,50,OK,0.1
2026-02-15T11:45:04.051Z,0,20.27,50,OK,0.1
2026-02-15T11:45:04.101Z,0,20.24,50,OK,0.1
2026-02-15T11:45:04.152Z,1,20.27,50,OK,0.1
2026-02-15T11:45:04.202Z,1,20.21,50,OK,0.1
2026-02-15T11:45:04.252Z,1,20.26,50,OK,0.1
2026-02-15T11:45:04.303Z,1,20.41,50,OK,0.1
2026-02-15T11:45:04.353Z,1,20.28,50,OK,0.1
2026-02-15T11:45:04.403Z,1,20.24,50,OK,0.1
2026-02-15T11:45:04.454Z,1,20.15,50,OK,0.1
2026-02-15T11:45:04.503Z,1,20.03,50,OK,0.1
2026-02-15T11:45:04.554Z,2,20.03,50,OK,0.1
2026-02-15T11:45:04.604Z,1,20.13,50,OK,0.1
2026-02-15T11:45:04.653Z,1,20.00,50,OK,0.1
2026-02-15T11:45:04.703Z,1,20.09,50,OK,0.1
2026-02-15T11:45:04.753Z,1,19.94,50,OK,0.1
2026-02-15T11:45:04.803Z,1,19.95,50,OK,0.1
2026-02-15T11:45:04.854Z,1,20.02,50,OK,0.1
2026-02-15T11:45:04.905Z,1,20.14,50,OK,0.1
2026-02-15T11:45:04.954Z,1,19.99,50,OK,0.1
2026-02-15T11:45:05.004Z,1,20.17,50,OK,0.1
2026-02-15T11:45:05.054Z,1,20.26,50,OK,0.1
2026-02-15T11:45:05.105Z,1,20.21,50,OK,0.1
2026-02-15T11:45:05.155Z,1,20.23,50,OK,0.1
2026-02-15T11:45:05.206Z,1,20.41,50,OK,0.1
2026-02-15T11:45:05.256Z,1,20.43,50,OK,0.1
2026-02-15T11:45:05.307Z,1,20.33,50,OK,0.1
2026-02-15T11:45:05.358Z,1,20.36,50,OK,0.1
2026-02-15T11:45:05.408Z,1,20.34,50,OK,0.1
2026-02-15T11:45:05.458Z,1,20.31,50,OK,0.1
2026-02-15T11:45:05.508Z,1,20.27,50,OK,0.1
2026-02-15T11:45:05.559Z,2,20.28,50,OK,0.1
2026-02-15T11:45:05.608Z,2,20.27,50,OK,0.1
2026-02-15T11:45:05.659Z,2,20.22,50,OK,0.1
2026-02-15T11:45:05.708Z,2,20.22,50,OK,0.1
2026-02-15T11:45:05.758Z,2,20.39,50,OK,0.1
2026-02-15T11:45:05.808Z,2,20.36,50,OK,0.1
2026-02-15T11:45:05.859Z,2,20.28,50,OK,0.1
2026-02-15T11:45:05.909Z,2,20.35,50,OK,0.1
2026-02-15T11:45:05.959Z,2,20.36,50,OK,0.1
2026-02-15T11:45:06.010Z,2,20.17,50,OK,0.1
2026-02-15T11:45:06.060Z,2,20.23,50,OK,0.1
2026-02-15T11:45:06.110Z,2,20.33,50,OK,0.1
2026-02-15T11:45:06.161Z,1,20.27,50,OK,0.1
2026-02-15T11:45:06.212Z,1,20.31,50,OK,0.1
2026-02-15T11:45:06.263Z,1,20.30,50,OK,0.1
2026-02-15T11:45:06.313Z,1,20.29,50,OK,0.1
2026-02-15T11:45:06.364Z,1,20.21,50,OK,0.1
2026-02-15T11:45:06.414Z,1,20.32,50,OK,0.1
2026-02-15T11:45:06.464Z,1,20.35,50,OK,0.1
2026-02-15T11:45:06.515Z,1,20.37,50,OK,0.1
2026-02-15T11:45:06.565Z,1,20.39,50,OK,0.1
2026-02-15T11:45:06.615Z,1,20.42,50,OK,0.1
2026-02-15T11:45:06.665Z,1,20.48,50,OK,0.1
2026-02-15T11:45:06.715Z,1,20.45,50,OK,0.1
2026-02-15T11:45:06.766Z,1,20.38,50,OK,0.1
2026-02-15T11:45:06.816Z,1,20.35,50,OK,0.1
2026-02-15T11:45:06.866Z,1,20.46,50,OK,0.1
2026-02-15T11:45:06.916Z,1,20.39,50,OK,0.1
2026-02-15T11:45:07.012Z,1,25.51,49,OK,0.1
2026-02-15T11:45:07.063Z,1,21.72,50,OK,0.1
2026-02-15T11:45:07.112Z,1,21.69,50,OK,0.1
2026-02-15T11:45:07.163Z,1,21.58,50,OK,0.1
2026-02-15T11:45:07.213Z,1,21.57,50,OK,0.1
2026-02-15T11:45:07.264Z,1,16.45,50,OK,0.1
2026-02-15T11:45:07.314Z,1,20.32,50,OK,0.1
2026-02-15T11:45:07.364Z,1,20.24,50,OK,0.1
2026-02-15T11:45:07.414Z,1,20.23,50,OK,0.1
2026-02-15T11:45:07.464Z,1,20.21,50,OK,0.1
2026-02-15T11:45:07.514Z,1,20.23,50,OK,0.1
2026-02-15T11:45:07.564Z,0,20.18,50,OK,0.1
2026-02-15T11:45:07.615Z,0,20.26,50,OK,0.1
2026-02-15T11:45:07.666Z,0,20.24,50,OK,0.1
2026-02-15T11:45:07.716Z,0,20.27,50,OK,0.1
2026-02-15T11:45:07.767Z,0,20.25,50,OK,0.1
2026-02-15T11:45:07.817Z,0,20.29,50,OK,0.1
2026-02-15T11:45:07.868Z,0,20.32,50,OK,0.1
2026-02-15T11:45:07.918Z,0,20.35,50,OK,0.1
2026-02-15T11:45:07.968Z,0,20.34,50,OK,0.1
2026-02-15T11:45:08.093Z,0,27.98,49,OK,0.1
2026-02-15T11:45:08.276Z,0,56.52,45,OK,0.1
2026-02-15T11:45:08.326Z,0,56.52,41,OK,0.1
2026-02-15T11:45:08.376Z,1,56.34,37,OK,0.1
2026-02-15T11:45:08.426Z,1,56.37,33,OK,0.1
2026-02-15T11:45:08.477Z,1,48.73,30,OK,0.1
2026-02-15T11:45:08.527Z,1,20.22,31,OK,0.1
2026-02-15T11:45:08.692Z,1,20.25,32,OK,0.1
2026-02-15T11:45:08.875Z,1,20.41,33,OK,0.1
2026-02-15T11:45:08.925Z,1,20.37,34,OK,0.1
2026-02-15T11:45:08.976Z,1,20.36,35,OK,0.1
2026-02-15T11:45:09.026Z,1,20.34,36,OK,0.1
2026-02-15T11:45:09.077Z,1,20.33,37,OK,0.1
2026-02-15T11:45:09.127Z,1,20.32,38,OK,0.1
2026-02-15T11:45:09.178Z,1,20.36,39,OK,0.1
2026-02-15T11:45:09.229Z,1,20.43,40,OK,0.1
2026-02-15T11:45:09.279Z,1,20.44,41,OK,0.1
2026-02-15T11:45:09.329Z,1,20.51,42,OK,0.1
2026-02-15T11:45:09.379Z,1,20.44,43,OK,0.1
2026-02-15T11:45:09.430Z,1,20.44,44,OK,0.1
2026-02-15T11:45:09.480Z,1,20.36,45,OK,0.1
2026-02-15T11:45:09.532Z,2,20.35,46,OK,0.1
2026-02-15T11:45:09.582Z,1,20.85,47,OK,0.1
2026-02-15T11:45:09.633Z,1,20.92,48,OK,0.1
2026-02-15T11:45:09.683Z,1,20.87,49,OK,0.1
2026-02-15T11:45:09.733Z,1,20.90,50,OK,0.1
2026-02-15T11:45:09.783Z,1,20.87,50,OK,0.1
2026-02-15T11:45:09.834Z,1,20.34,50,OK,0.1
2026-02-15T11:45:09.884Z,1,20.34,50,OK,0.1
2026-02-15T11:45:09.935Z,1,20.39,50,OK,0.1
2026-02-15T11:45:09.986Z,2,20.43,50,OK,0.1
2026-02-15T11:45:10.036Z,2,20.41,50,OK,0.1
2026-02-15T11:45:10.086Z,2,20.39,50,OK,0.1
2026-02-15T11:45:10.136Z,2,20.28,50,OK,0.1
2026-02-15T11:45:10.186Z,2,20.21,50,OK,0.1
2026-02-15T11:45:10.237Z,2,20.13,50,OK,0.1
2026-02-15T11:45:10.286Z,2,20.21,50,OK,0.1
2026-02-15T11:45:10.337Z,1,20.15,50,OK,0.1
2026-02-15T11:45:10.388Z,1,20.32,50,OK,0.1
2026-02-15T11:45:10.438Z,1,20.37,50,OK,0.1
2026-02-15T11:45:10.488Z,1,20.38,50,OK,0.1
2026-02-15T11:45:10.538Z,2,20.34,50,OK,0.1
2026-02-15T11:45:10.588Z,2,20.30,50,OK,0.1
2026-02-15T11:45:10.639Z,2,20.29,50,OK,0.1
2026-02-15T11:45:10.689Z,2,20.29,50,OK,0.1
2026-02-15T11:45:10.739Z,2,20.28,50,OK,0.1
2026-02-15T11:45:10.790Z,2,20.27,50,OK,0.1
2026-02-15T11:45:10.840Z,2,20.34,50,OK,0.1
2026-02-15T11:45:10.890Z,4,20.59,50,OK,0.1
2026-02-15T11:45:10.940Z,2,20.60,50,OK,0.1
2026-02-15T11:45:10.991Z,2,20.67,50,OK,0.1
2026-02-15T11:45:11.041Z,2,20.71,50,OK,0.1
2026-02-15T11:45:11.092Z,2,20.71,50,OK,0.1
2026-02-15T11:45:11.142Z,2,20.42,50,OK,0.1
2026-02-15T11:45:11.192Z,2,20.33,50,OK,0.1
2026-02-15T11:45:11.243Z,2,20.27,50,OK,0.1
2026-02-15T11:45:11.293Z,2,20.26,50,OK,0.1
2026-02-15T11:45:11.343Z,2,20.34,50,OK,0.1
2026-02-15T11:45:11.393Z,2,20.38,50,OK,0.1
2026-02-15T11:45:11.443Z,2,20.43,50,OK,0.1
2026-02-15T11:45:11.494Z,2,20.41,50,OK,0.1
2026-02-15T11:45:11.545Z,3,20.44,50,OK,0.1
2026-02-15T11:45:11.595Z,2,20.36,50,OK,0.1
2026-02-15T11:45:11.645Z,2,20.33,50,OK,0.1
2026-02-15T11:45:11.695Z,2,20.38,50,OK,0.1
2026-02-15T11:45:11.745Z,2,20.39,50,OK,0.1
2026-02-15T11:45:11.796Z,2,20.35,50,OK,0.1
2026-02-15T11:45:11.845Z,2,20.33,50,OK,0.1
2026-02-15T11:45:11.895Z,3,20.35,50,OK,0.1
2026-02-15T11:45:11.946Z,1,20.31,50,OK,0.1
2026-02-15T11:45:11.996Z,1,20.32,50,OK,0.1
2026-02-15T11:45:12.047Z,1,20.32,50,OK,0.1
2026-02-15T11:45:12.098Z,1,20.31,50,OK,0.1
2026-02-15T11:45:12.147Z,1,21.97,50,OK,0.1
2026-02-15T11:45:12.198Z,1,21.96,50,OK,0.1
2026-02-15T11:45:12.248Z,1,21.99,50,OK,0.1
2026-02-15T11:45:12.299Z,1,22.02,50,OK,0.1
2026-02-15T11:45:12.350Z,1,22.16,50,OK,0.1
2026-02-15T11:45:12.400Z,1,20.61,50,OK,0.1
2026-02-15T11:45:12.451Z,1,20.65,50,OK,0.1
2026-02-15T11:45:12.502Z,1,20.65,50,OK,0.1
2026-02-15T11:45:12.552Z,2,20.57,50,OK,0.1
2026-02-15T11:45:12.602Z,0,20.36,50,OK,0.1
2026-02-15T11:45:12.652Z,0,20.24,50,OK,0.1
2026-02-15T11:45:12.702Z,0,20.24,50,OK,0.1
2026-02-15T11:45:12.752Z,1,20.30,50,OK,0.1
2026-02-15T11:45:12.802Z,1,20.33,50,OK,0.1
2026-02-15T11:45:12.852Z,1,20.39,50,OK,0.1
2026-02-15T11:45:12.902Z,3,20.37,50,OK,0.1
2026-02-15T11:45:12.953Z,2,20.36,50,OK,0.1
2026-02-15T11:45:13.002Z,2,20.34,50,OK,0.1
2026-02-15T11:45:13.052Z,2,20.38,50,OK,0.1
2026-02-15T11:45:13.102Z,2,20.47,50,OK,0.1
2026-02-15T11:45:13.214Z,2,34.99,49,OK,0.1
2026-02-15T11:45:13.265Z,2,31.12,48,OK,0.1
2026-02-15T11:45:13.315Z,2,31.07,47,OK,0.1
2026-02-15T11:45:13.480Z,2,42.77,45,OK,0.1
2026-02-15T11:45:13.530Z,2,42.69,43,OK,0.1
2026-02-15T11:45:13.681Z,2,52.03,40,OK,0.1
2026-02-15T11:45:13.731Z,2,55.85,36,OK,0.1
2026-02-15T11:45:13.782Z,2,55.87,32,OK,0.1
2026-02-15T11:45:13.832Z,2,44.12,30,OK,0.1
2026-02-15T11:45:13.882Z,2,44.14,28,OK,0.1
2026-02-15T11:45:13.932Z,2,20.17,29,OK,0.1
2026-02-15T11:45:13.982Z,2,20.09,30,OK,0.1
2026-02-15T11:45:14.032Z,2,20.03,31,OK,0.1
2026-02-15T11:45:14.083Z,2,20.04,32,OK,0.1
2026-02-15T11:45:14.133Z,2,20.06,33,OK,0.1
2026-02-15T11:45:14.213Z,2,22.12,34,OK,0.1
2026-02-15T11:45:14.264Z,2,18.39,35,OK,0.1
2026-02-15T11:45:14.314Z,3,18.39,36,OK,0.1
2026-02-15T11:45:14.365Z,2,18.42,37,OK,0.1
2026-02-15T11:45:14.415Z,2,18.37,38,OK,0.1
2026-02-15T11:45:14.465Z,2,16.44,39,OK,0.1
2026-02-15T11:45:14.516Z,2,20.17,40,OK,0.1
2026-02-15T11:45:14.565Z,2,20.28,41,OK,0.1
2026-02-15T11:45:14.615Z,2,20.25,42,OK,0.1
2026-02-15T11:45:14.665Z,2,20.28,43,OK,0.1
2026-02-15T11:45:14.716Z,2,20.29,44,OK,0.1
2026-02-15T11:45:14.766Z,1,20.44,45,OK,0.1
2026-02-15T11:45:14.816Z,1,20.33,46,OK,0.1
2026-02-15T11:45:14.867Z,1,20.31,47,OK,0.1
2026-02-15T11:45:14.917Z,1,20.29,48,OK,0.1
2026-02-15T11:45:14.968Z,0,20.29,49,OK,0.1
2026-02-15T11:45:15.017Z,0,20.28,50,OK,0.1
2026-02-15T11:45:15.067Z,0,20.31,50,OK,0.1
2026-02-15T11:45:15.117Z,0,20.32,50,OK,0.1
2026-02-15T11:45:15.167Z,0,20.34,50,OK,0.1
2026-02-15T11:45:15.217Z,1,20.30,50,OK,0.1
2026-02-15T11:45:15.267Z,1,20.27,50,OK,0.1
2026-02-15T11:45:15.318Z,0,20.27,50,OK,0.1
2026-02-15T11:45:15.368Z,0,20.30,50,OK,0.1
2026-02-15T11:45:15.418Z,0,20.20,50,OK,0.1
2026-02-15T11:45:15.469Z,0,20.22,50,OK,0.1
2026-02-15T11:45:15.595Z,0,39.89,48,OK,0.1
2026-02-15T11:45:15.775Z,1,61.81,44,OK,0.1
2026-02-15T11:45:15.826Z,0,61.77,40,OK,0.1
2026-02-15T11:45:15.877Z,0,61.86,36,OK,0.1
2026-02-15T11:45:16.000Z,0,78.58,30,OK,0.1
2026-02-15T11:45:16.185Z,3,81.86,24,OK,0.1
2026-02-15T11:45:16.236Z,0,59.99,20,OK,0.1
2026-02-15T11:45:16.286Z,0,60.06,16,OK,0.1
2026-02-15T11:45:16.336Z,1,60.03,12,OK,0.1
2026-02-15T11:45:16.387Z,1,43.31,10,OK,0.1
2026-02-15T11:45:16.437Z,1,20.43,11,OK,0.1
2026-02-15T11:45:16.486Z,1,20.34,12,OK,0.1
2026-02-15T11:45:16.536Z,2,20.33,13,OK,0.1
2026-02-15T11:45:16.587Z,2,20.37,14,OK,0.1
2026-02-15T11:45:16.638Z,2,20.32,15,OK,0.1
2026-02-15T11:45:16.689Z,2,20.27,16,OK,0.1
2026-02-15T11:45:16.740Z,2,20.30,17,OK,0.1
2026-02-15T11:45:16.791Z,6,20.28,18,OK,0.1
2026-02-15T11:45:16.841Z,4,20.26,19,OK,0.1
2026-02-15T11:45:16.892Z,4,20.35,20,OK,0.1
2026-02-15T11:45:16.941Z,4,20.35,21,OK,0.1
2026-02-15T11:45:16.992Z,4,20.35,22,OK,0.1
2026-02-15T11:45:17.041Z,4,20.36,23,OK,0.1
2026-02-15T11:45:17.092Z,4,20.38,24,OK,0.1
2026-02-15T11:45:17.143Z,4,20.37,25,OK,0.1
2026-02-15T11:45:17.193Z,7,20.35,26,OK,0.1
2026-02-15T11:45:17.242Z,5,20.32,27,OK,0.1
2026-02-15T11:45:17.293Z,6,20.33,28,OK,0.1
2026-02-15T11:45:17.343Z,6,20.26,29,OK,0.1
2026-02-15T11:45:17.393Z,6,20.23,30,OK,0.1
2026-02-15T11:45:17.444Z,6,20.26,31,OK,0.1
2026-02-15T11:45:17.494Z,6,20.33,32,OK,0.1
2026-02-15T11:45:17.544Z,6,20.32,33,OK,0.1
2026-02-15T11:45:17.595Z,6,20.38,34,OK,0.1
2026-02-15T11:45:17.645Z,6,20.29,35,OK,0.1
2026-02-15T11:45:17.696Z,6,20.24,36,OK,0.1
2026-02-15T11:45:17.747Z,6,20.19,37,OK,0.1
2026-02-15T11:45:17.798Z,8,20.21,38,OK,0.1
2026-02-15T11:45:17.848Z,6,20.21,39,OK,0.1
2026-02-15T11:45:17.898Z,6,20.34,40,OK,0.1
2026-02-15T11:45:17.948Z,6,20.40,41,OK,0.1
2026-02-15T11:45:17.999Z,6,20.38,42,OK,0.1
2026-02-15T11:45:18.049Z,6,20.32,43,OK,0.1
2026-02-15T11:45:18.100Z,6,20.32,44,OK,0.1
2026-02-15T11:45:18.151Z,6,20.33,45,OK,0.1
2026-02-15T11:45:18.202Z,8,20.33,46,OK,0.1
2026-02-15T11:45:18.251Z,7,20.35,47,OK,0.1
2026-02-15T11:45:18.301Z,7,20.39,48,OK,0.1
2026-02-15T11:45:18.351Z,7,20.95,49,OK,0.1
2026-02-15T11:45:18.401Z,7,20.89,50,OK,0.1
2026-02-15T11:45:18.452Z,7,20.86,50,OK,0.1
2026-02-15T11:45:18.503Z,6,20.80,50,OK,0.1
2026-02-15T11:45:18.553Z,6,20.72,50,OK,0.1
2026-02-15T11:45:18.603Z,6,20.15,50,OK,0.1
2026-02-15T11:45:18.691Z,6,23.71,50,OK,0.1
2026-02-15T11:45:18.742Z,6,23.71,50,OK,0.1
2026-02-15T11:45:18.792Z,4,23.78,50,OK,0.1
2026-02-15T11:45:18.843Z,5,23.87,50,OK,0.1
2026-02-15T11:45:18.893Z,5,23.87,50,OK,0.1
2026-02-15T11:45:18.943Z,5,20.74,50,OK,0.1
2026-02-15T11:45:18.994Z,5,20.73,50,OK,0.1
2026-02-15T11:45:19.044Z,5,20.66,50,OK,0.1
2026-02-15T11:45:19.094Z,5,20.65,50,OK,0.1
2026-02-15T11:45:19.145Z,5,20.64,50,OK,0.1
2026-02-15T11:45:19.195Z,4,20.23,50,OK,0.1
2026-02-15T11:45:19.369Z,4,20.24,50,OK,0.1
2026-02-15T11:45:19.420Z,3,20.32,50,OK,0.1
2026-02-15T11:45:19.470Z,3,20.33,50,OK,0.1
2026-02-15T11:45:19.520Z,3,20.29,50,OK,0.1
2026-02-15T11:45:19.571Z,3,20.33,50,OK,0.1
2026-02-15T11:45:19.621Z,3,20.38,50,OK,0.1
2026-02-15T11:45:19.671Z,3,20.41,50,OK,0.1
2026-02-15T11:45:19.722Z,3,20.45,50,OK,0.1
2026-02-15T11:45:19.772Z,3,20.60,50,OK,0.1
2026-02-15T11:45:19.888Z,3,38.78,48,OK,0.1
2026-02-15T11:45:20.011Z,6,49.26,45,OK,0.1
2026-02-15T11:45:20.063Z,5,45.56,42,OK,0.1
2026-02-15T11:45:20.113Z,3,45.49,39,OK,0.1
2026-02-15T11:45:20.164Z,3,45.39,36,OK,0.1
2026-02-15T11:45:20.287Z,3,35.45,34,OK,0.1
2026-02-15T11:45:20.465Z,6,46.45,31,OK,0.1
2026-02-15T11:45:20.601Z,3,63.05,27,OK,0.1
2026-02-15T11:45:20.650Z,1,63.06,23,OK,0.1
2026-02-15T11:45:20.701Z,1,62.95,19,OK,0.1
2026-02-15T11:45:20.788Z,2,67.64,14,OK,0.1
2026-02-15T11:45:20.839Z,0,46.14,11,OK,0.1
2026-02-15T11:45:20.889Z,0,33.20,10,OK,0.1
2026-02-15T11:45:20.984Z,0,38.14,8,OK,0.1
2026-02-15T11:45:21.034Z,0,38.18,6,OK,0.1
2026-02-15T11:45:21.187Z,3,25.18,5,OK,0.1
2026-02-15T11:45:21.237Z,0,25.11,5,OK,0.1
2026-02-15T11:45:21.288Z,0,25.12,5,OK,0.1
2026-02-15T11:45:21.338Z,0,20.18,6,OK,0.1
2026-02-15T11:45:21.388Z,0,20.26,7,OK,0.1
2026-02-15T11:45:21.438Z,0,20.29,8,OK,0.1
2026-02-15T11:45:21.594Z,2,20.38,9,OK,0.1
2026-02-15T11:45:21.644Z,1,20.35,10,OK,0.1
2026-02-15T11:45:21.694Z,1,20.33,11,OK,0.1
2026-02-15T11:45:21.745Z,1,20.32,12,OK,0.1
2026-02-15T11:45:21.794Z,3,20.31,13,OK,0.1
2026-02-15T11:45:21.845Z,2,20.25,14,OK,0.1
2026-02-15T11:45:21.896Z,2,20.26,15,OK,0.1
2026-02-15T11:45:21.947Z,2,20.28,16,OK,0.1
2026-02-15T11:45:22.086Z,2,20.25,17,OK,0.1
2026-02-15T11:45:22.136Z,2,20.20,18,OK,0.1
2026-02-15T11:45:22.186Z,2,20.17,19,OK,0.1
2026-02-15T11:45:22.287Z,4,36.11,17,OK,0.1
2026-02-15T11:45:22.336Z,3,36.11,15,OK,0.1
2026-02-15T11:45:22.387Z,3,36.16,13,OK,0.1
2026-02-15T11:45:22.438Z,3,36.25,11,OK,0.1
2026-02-15T11:45:22.488Z,4,36.26,9,OK,0.1
2026-02-15T11:45:22.539Z,4,20.33,10,OK,0.1
2026-02-15T11:45:22.590Z,4,20.37,11,OK,0.1
2026-02-15T11:45:22.689Z,4,35.84,9,OK,0.1
2026-02-15T11:45:22.764Z,5,42.78,7,OK,0.1
2026-02-15T11:45:22.815Z,4,42.81,5,OK,0.1
2026-02-15T11:45:22.864Z,4,42.77,5,OK,0.1
2026-02-15T11:45:22.914Z,4,42.62,5,OK,0.1
2026-02-15T11:45:22.964Z,4,27.16,5,OK,0.1
2026-02-15T11:45:23.011Z,4,20.29,6,OK,0.1
2026-02-15T11:45:23.062Z,4,20.30,7,OK,0.1
2026-02-15T11:45:23.113Z,4,20.44,8,OK,0.1
2026-02-15T11:45:23.163Z,4,20.52,9,OK,0.1
2026-02-15T11:45:23.213Z,4,20.50,10,OK,0.1
2026-02-15T11:45:23.264Z,4,20.43,11,OK,0.1
2026-02-15T11:45:23.385Z,4,30.54,10,OK,0.1
2026-02-15T11:45:23.567Z,8,62.73,6,SATURATED,0.1
2026-02-15T11:45:23.617Z,3,62.98,5,OK,0.1
2026-02-15T11:45:23.667Z,3,62.96,5,OK,0.1
2026-02-15T11:45:23.717Z,3,62.86,5,OK,0.1
2026-02-15T11:45:23.768Z,4,52.73,5,OK,0.1
2026-02-15T11:45:23.817Z,3,20.40,6,OK,0.1
2026-02-15T11:45:23.868Z,3,20.16,7,OK,0.1
2026-02-15T11:45:23.917Z,3,20.19,8,OK,0.1
2026-02-15T11:45:24.002Z,3,23.22,9,OK,0.1
2026-02-15T11:45:24.053Z,3,23.21,10,OK,0.1
2026-02-15T11:45:24.103Z,3,23.26,11,OK,0.1
2026-02-15T11:45:24.152Z,3,23.42,12,OK,0.1
2026-02-15T11:45:24.203Z,3,23.38,13,OK,0.1
2026-02-15T11:45:24.253Z,3,20.41,14,OK,0.1
2026-02-15T11:45:24.304Z,2,20.83,15,OK,0.1
2026-02-15T11:45:24.354Z,2,20.80,16,OK,0.1
2026-02-15T11:45:24.405Z,2,20.97,17,OK,0.1
2026-02-15T11:45:24.456Z,2,20.98,18,OK,0.1
2026-02-15T11:45:24.505Z,1,20.97,19,OK,0.1
2026-02-15T11:45:24.556Z,2,20.52,20,OK,0.1
2026-02-15T11:45:24.694Z,2,34.08,19,OK,0.1
2026-02-15T11:45:24.882Z,10,57.32,15,OK,0.1
2026-02-15T11:45:25.077Z,15,82.25,9,SATURATED,0.1
2026-02-15T11:45:25.160Z,7,82.32,5,SATURATED,0.1
2026-02-15T11:45:25.209Z,7,82.34,5,SATURATED,0.1
2026-02-15T11:45:25.260Z,7,68.81,5,SATURATED,0.1
2026-02-15T11:45:25.310Z,7,45.39,5,SATURATED,0.1
2026-02-15T11:45:25.361Z,7,20.46,6,SATURATED,0.1
2026-02-15T11:45:25.412Z,7,20.50,7,SATURATED,0.1
2026-02-15T11:45:25.462Z,7,20.52,8,OK,0.1
2026-02-15T11:45:25.513Z,7,20.60,9,OK,0.1
2026-02-15T11:45:25.563Z,7,20.46,10,OK,0.1
2026-02-15T11:45:25.614Z,7,20.44,11,OK,0.1
2026-02-15T11:45:25.663Z,7,20.37,12,OK,0.1
2026-02-15T11:45:25.714Z,7,20.34,13,OK,0.1
2026-02-15T11:45:25.763Z,7,20.30,14,OK,0.1
2026-02-15T11:45:25.813Z,6,20.24,15,OK,0.1
2026-02-15T11:45:25.864Z,6,20.24,16,OK,0.1
2026-02-15T11:45:25.914Z,7,20.80,17,OK,0.1
2026-02-15T11:45:25.964Z,7,20.89,18,OK,0.1
2026-02-15T11:45:26.014Z,7,20.71,19,OK,0.1
2026-02-15T11:45:26.065Z,7,20.85,20,OK,0.1
2026-02-15T11:45:26.115Z,9,20.96,21,OK,0.1
2026-02-15T11:45:26.289Z,10,20.59,22,OK,0.1
2026-02-15T11:45:26.339Z,10,20.54,23,OK,0.1
2026-02-15T11:45:26.389Z,10,20.66,24,OK,0.1
2026-02-15T11:45:26.440Z,10,20.58,25,OK,0.1
2026-02-15T11:45:26.490Z,11,20.49,26,OK,0.1
2026-02-15T11:45:26.540Z,9,20.15,27,OK,0.1
2026-02-15T11:45:26.591Z,9,20.13,28,OK,0.1
2026-02-15T11:45:26.641Z,9,20.14,29,OK,0.1
2026-02-15T11:45:26.691Z,9,20.18,30,OK,0.1
2026-02-15T11:45:26.742Z,8,20.04,31,OK,0.1
2026-02-15T11:45:26.792Z,8,20.15,32,OK,0.1
2026-02-15T11:45:26.843Z,8,20.16,33,OK,0.1
2026-02-15T11:45:26.893Z,6,20.16,34,OK,0.1
2026-02-15T11:45:26.991Z,7,35.01,32,OK,0.1
2026-02-15T11:45:27.172Z,7,57.29,28,OK,0.1
2026-02-15T11:45:27.393Z,19,96.78,20,OK,0.1
2026-02-15T11:45:27.460Z,11,96.11,12,OK,0.1
2026-02-15T11:45:27.511Z,9,96.22,5,SATURATED,0.1
2026-02-15T11:45:27.561Z,9,81.50,5,SATURATED,0.1
2026-02-15T11:45:27.611Z,9,59.39,5,SATURATED,0.1
2026-02-15T11:45:27.662Z,9,19.95,6,SATURATED,0.1
2026-02-15T11:45:27.712Z,9,20.65,7,SATURATED,0.1
2026-02-15T11:45:27.763Z,9,20.58,8,SATURATED,0.1
2026-02-15T11:45:27.814Z,9,20.41,9,SATURATED,0.1
2026-02-15T11:45:27.864Z,9,20.17,10,OK,0.1
2026-02-15T11:45:27.913Z,9,20.06,11,OK,0.1
2026-02-15T11:45:27.964Z,9,20.02,12,OK,0.1
2026-02-15T11:45:28.092Z,10,20.00,13,OK,0.1
2026-02-15T11:45:28.142Z,7,19.97,14,OK,0.1
2026-02-15T11:45:28.193Z,7,20.16,15,OK,0.1
2026-02-15T11:45:28.291Z,7,35.59,13,OK,0.1
2026-02-15T11:45:28.361Z,6,41.44,11,OK,0.1
2026-02-15T11:45:28.505Z,11,41.22,9,SATURATED,0.1
2026-02-15T11:45:28.870Z,9,110.18,5,SATURATED,0.1
2026-02-15T11:45:28.921Z,7,110.20,5,SATURATED,0.1
2026-02-15T11:45:28.972Z,7,94.86,5,SATURATED,0.1
2026-02-15T11:45:29.022Z,6,89.07,5,SATURATED,0.1
2026-02-15T11:45:29.073Z,6,89.27,5,SATURATED,0.1
2026-02-15T11:45:29.122Z,6,20.41,6,SATURATED,0.1
2026-02-15T11:45:29.172Z,6,20.41,7,OK,0.1
2026-02-15T11:45:29.223Z,4,20.41,8,OK,0.1
2026-02-15T11:45:29.274Z,4,20.33,9,OK,0.1
2026-02-15T11:45:29.399Z,4,28.66,8,OK,0.1
2026-02-15T11:45:29.583Z,4,51.36,5,OK,0.1
2026-02-15T11:45:29.634Z,2,51.39,5,OK,0.1
2026-02-15T11:45:29.685Z,2,51.40,5,OK,0.1
2026-02-15T11:45:29.735Z,2,51.41,5,OK,0.1
2026-02-15T11:45:29.786Z,2,43.06,5,OK,0.1
2026-02-15T11:45:29.837Z,2,20.26,6,OK,0.1
2026-02-15T11:45:30.175Z,4,20.22,7,OK,0.1
2026-02-15T11:45:30.364Z,7,53.95,5,SATURATED,0.1
2026-02-15T11:45:30.415Z,2,53.87,5,OK,0.1
2026-02-15T11:45:30.464Z,2,53.92,5,OK,0.1
2026-02-15T11:45:30.514Z,2,53.96,5,OK,0.1
2026-02-15T11:45:30.566Z,2,54.02,5,OK,0.1
2026-02-15T11:45:30.694Z,3,28.97,5,OK,0.1
2026-02-15T11:45:30.878Z,5,51.79,5,SATURATED,0.1
2026-02-15T11:45:31.062Z,3,74.49,5,OK,0.1
2026-02-15T11:45:31.112Z,3,74.50,5,OK,0.1
2026-02-15T11:45:31.162Z,3,74.53,5,OK,0.1
2026-02-15T11:45:31.213Z,3,65.82,5,OK,0.1
2026-02-15T11:45:31.262Z,3,43.05,5,OK,0.1
2026-02-15T11:45:31.312Z,4,20.31,6,OK,0.1
2026-02-15T11:45:31.366Z,6,20.32,7,OK,0.1
2026-02-15T11:45:31.502Z,6,43.35,5,SATURATED,0.1
2026-02-15T11:45:31.552Z,6,43.31,5,SATURATED,0.1
2026-02-15T11:45:31.603Z,6,43.32,5,SATURATED,0.1
2026-02-15T11:45:31.653Z,6,43.36,5,SATURATED,0.1
2026-02-15T11:45:31.704Z,6,43.35,5,SATURATED,0.1
2026-02-15T11:45:31.754Z,6,20.34,6,SATURATED,0.1
2026-02-15T11:45:31.805Z,6,20.42,7,OK,0.1
2026-02-15T11:45:31.856Z,6,20.42,8,OK,0.1
2026-02-15T11:45:31.907Z,7,20.33,9,OK,0.1
2026-02-15T11:45:31.957Z,7,20.39,10,OK,0.1
2026-02-15T11:45:32.007Z,7,20.30,11,OK,0.1
2026-02-15T11:45:32.058Z,7,20.26,12,OK,0.1
2026-02-15T11:45:32.108Z,7,20.19,13,OK,0.1
2026-02-15T11:45:32.158Z,7,20.38,14,OK,0.1
2026-02-15T11:45:32.209Z,7,20.44,15,OK,0.1
2026-02-15T11:45:32.259Z,7,20.45,16,OK,0.1
2026-02-15T11:45:32.310Z,6,20.49,17,OK,0.1
2026-02-15T11:45:32.360Z,6,20.61,18,OK,0.1
2026-02-15T11:45:32.496Z,13,40.28,16,OK,0.1
2026-02-15T11:45:33.261Z,12,179.13,5,SATURATED,0.4
2026-02-15T11:45:33.311Z,6,179.08,5,SATURATED,0.4
2026-02-15T11:45:33.361Z,6,179.06,5,SATURATED,0.4
2026-02-15T11:45:33.412Z,5,179.05,5,SATURATED,0.4
2026-02-15T11:45:33.463Z,5,159.23,5,SATURATED,0.4
2026-02-15T11:45:33.512Z,4,20.24,6,OK,0.1
2026-02-15T11:45:33.563Z,4,20.27,7,OK,0.1
2026-02-15T11:45:33.614Z,4,20.30,8,OK,0.1
2026-02-15T11:45:33.664Z,4,20.29,9,OK,0.1
2026-02-15T11:45:33.714Z,4,20.26,10,OK,0.1
2026-02-15T11:45:33.764Z,4,20.33,11,OK,0.1
2026-02-15T11:45:33.815Z,4,20.37,12,OK,0.1
2026-02-15T11:45:33.866Z,4,20.38,13,OK,0.1
2026-02-15T11:45:33.915Z,3,20.40,14,OK,0.1
2026-02-15T11:45:33.967Z,3,20.40,15,OK,0.1
2026-02-15T11:45:34.017Z,3,20.35,16,OK,0.1
2026-02-15T11:45:34.068Z,3,20.33,17,OK,0.1
2026-02-15T11:45:34.117Z,3,20.28,18,OK,0.1
2026-02-15T11:45:34.168Z,3,20.27,19,OK,0.1
2026-02-15T11:45:34.217Z,3,20.34,20,OK,0.1
2026-02-15T11:45:34.267Z,4,20.38,21,OK,0.1
2026-02-15T11:45:34.793Z,19,118.51,11,SATURATED,0.1
2026-02-15T11:45:34.868Z,11,119.47,5,SATURATED,0.1
2026-02-15T11:45:34.963Z,5,124.38,5,SATURATED,0.1
2026-02-15T11:45:35.013Z,2,124.24,5,OK,0.1
2026-02-15T11:45:35.063Z,2,124.17,5,OK,0.1
2026-02-15T11:45:35.114Z,2,26.07,5,OK,0.1
2026-02-15T11:45:35.164Z,2,25.08,5,OK,0.1
2026-02-15T11:45:35.215Z,2,20.17,6,OK,0.1
2026-02-15T11:45:35.265Z,2,20.20,7,OK,0.1
2026-02-15T11:45:35.408Z,3,40.99,5,OK,0.1
2026-02-15T11:45:35.461Z,5,37.48,5,SATURATED,0.1
2026-02-15T11:45:35.597Z,4,50.66,5,OK,0.1
2026-02-15T11:45:35.648Z,4,50.64,5,OK,0.1
2026-02-15T11:45:35.698Z,4,50.73,5,OK,0.1
2026-02-15T11:45:35.749Z,4,30.04,5,OK,0.1
2026-02-15T11:45:35.886Z,4,33.48,5,OK,0.1
2026-02-15T11:45:35.936Z,4,20.37,6,OK,0.1
2026-02-15T11:45:36.084Z,4,20.38,7,OK,0.1
2026-02-15T11:45:36.135Z,4,20.35,8,OK,0.1
2026-02-15T11:45:36.185Z,4,20.30,9,OK,0.1
2026-02-15T11:45:36.234Z,4,20.31,10,OK,0.1
2026-02-15T11:45:36.285Z,2,20.29,11,OK,0.1
2026-02-15T11:45:36.336Z,2,20.22,12,OK,0.1
2026-02-15T11:45:36.386Z,2,20.24,13,OK,0.1
2026-02-15T11:45:36.492Z,2,26.71,12,OK,0.1
2026-02-15T11:45:36.542Z,2,26.69,11,OK,0.1
2026-02-15T11:45:36.593Z,2,26.72,10,OK,0.1
2026-02-15T11:45:36.680Z,3,39.95,8,OK,0.1
2026-02-15T11:45:36.731Z,2,39.89,6,OK,0.1
2026-02-15T11:45:36.781Z,2,33.44,5,OK,0.1
2026-02-15T11:45:36.832Z,2,33.46,5,OK,0.1
2026-02-15T11:45:36.883Z,2,33.47,5,OK,0.1
2026-02-15T11:45:36.991Z,5,27.86,5,SATURATED,0.1
2026-02-15T11:45:37.063Z,5,28.23,5,SATURATED,0.1
2026-02-15T11:45:37.114Z,4,28.24,5,OK,0.1
2026-02-15T11:45:37.164Z,4,28.28,5,OK,0.1
2026-02-15T11:45:37.213Z,4,28.18,5,OK,0.1
2026-02-15T11:45:37.264Z,4,20.80,6,OK,0.1
2026-02-15T11:45:37.314Z,4,20.45,7,OK,0.1
2026-02-15T11:45:37.364Z,4,20.40,8,OK,0.1
2026-02-15T11:45:37.414Z,3,20.49,9,OK,0.1
2026-02-15T11:45:37.465Z,3,20.56,10,OK,0.1
2026-02-15T11:45:37.515Z,3,20.43,11,OK,0.1
2026-02-15T11:45:37.564Z,3,20.46,12,OK,0.1
2026-02-15T11:45:37.615Z,3,20.61,13,OK,0.1
2026-02-15T11:45:37.665Z,3,20.54,14,OK,0.1
2026-02-15T11:45:37.715Z,4,20.43,15,OK,0.1
2026-02-15T11:45:37.766Z,4,20.41,16,OK,0.1
2026-02-15T11:45:37.817Z,4,20.30,17,OK,0.1
2026-02-15T11:45:37.868Z,4,20.15,18,OK,0.1
2026-02-15T11:45:37.919Z,4,20.25,19,OK,0.1
2026-02-15T11:45:37.969Z,4,20.27,20,OK,0.1
2026-02-15T11:45:38.161Z,10,52.60,17,OK,0.1
2026-02-15T11:45:38.603Z,17,127.03,5,SATURATED,0.4
2026-02-15T11:45:38.665Z,9,125.41,5,SATURATED,0.4
2026-02-15T11:45:38.716Z,8,125.17,5,SATURATED,0.4
2026-02-15T11:45:38.767Z,8,125.28,5,SATURATED,0.4
2026-02-15T11:45:38.817Z,8,92.97,5,SATURATED,0.1
2026-02-15T11:45:38.868Z,8,18.62,6,SATURATED,0.1
2026-02-15T11:45:38.919Z,8,20.34,7,SATURATED,0.1
2026-02-15T11:45:38.968Z,8,20.45,8,SATURATED,0.1
2026-02-15T11:45:39.089Z,7,28.18,7,SATURATED,0.1
2026-02-15T11:45:39.140Z,6,28.16,6,SATURATED,0.1
2026-02-15T11:45:39.190Z,6,28.18,5,SATURATED,0.1
2026-02-15T11:45:39.241Z,6,28.12,5,SATURATED,0.1
2026-02-15T11:45:39.291Z,5,28.11,5,SATURATED,0.1
2026-02-15T11:45:39.341Z,5,20.40,6,OK,0.1
2026-02-15T11:45:39.391Z,5,20.38,7,OK,0.1
2026-02-15T11:45:39.440Z,5,20.33,8,OK,0.1
2026-02-15T11:45:39.490Z,5,20.66,9,OK,0.1
2026-02-15T11:45:39.540Z,5,20.74,10,OK,0.1
2026-02-15T11:45:39.591Z,5,20.71,11,OK,0.1
2026-02-15T11:45:39.641Z,5,20.64,12,OK,0.1
2026-02-15T11:45:39.978Z,12,50.22,9,SATURATED,0.1
2026-02-15T11:45:40.028Z,3,49.98,6,OK,0.1
2026-02-15T11:45:40.079Z,3,49.87,5,OK,0.1
2026-02-15T11:45:40.185Z,5,66.78,5,SATURATED,0.1
2026-02-15T11:45:40.235Z,4,66.90,5,OK,0.1
2026-02-15T11:45:40.284Z,4,37.39,5,OK,0.1
2026-02-15T11:45:40.334Z,3,37.31,5,OK,0.1
2026-02-15T11:45:40.385Z,3,37.35,5,OK,0.1
2026-02-15T11:45:40.435Z,3,20.31,6,OK,0.1
2026-02-15T11:45:40.485Z,3,20.31,7,OK,0.1
2026-02-15T11:45:40.536Z,3,20.28,8,OK,0.1
2026-02-15T11:45:40.586Z,3,20.26,9,OK,0.1
2026-02-15T11:45:40.637Z,2,20.20,10,OK,0.1
2026-02-15T11:45:40.687Z,2,20.30,11,OK,0.1
2026-02-15T11:45:40.737Z,2,20.26,12,OK,0.1
2026-02-15T11:45:40.787Z,2,20.23,13,OK,0.1
2026-02-15T11:45:40.838Z,2,20.26,14,OK,0.1
2026-02-15T11:45:40.888Z,2,20.33,15,OK,0.1
2026-02-15T11:45:40.938Z,2,20.32,16,OK,0.1
2026-02-15T11:45:40.989Z,8,20.35,17,OK,0.1
2026-02-15T11:45:41.038Z,6,20.37,18,OK,0.1
2026-02-15T11:45:41.089Z,6,20.34,19,OK,0.1
2026-02-15T11:45:41.140Z,6,20.31,20,OK,0.1
2026-02-15T11:45:41.189Z,8,20.25,21,OK,0.1
2026-02-15T11:45:41.287Z,13,25.76,20,OK,0.1
2026-02-15T11:45:41.337Z,7,25.78,19,OK,0.1
2026-02-15T11:45:41.388Z,7,25.83,18,OK,0.1
2026-02-15T11:45:41.438Z,7,25.87,17,OK,0.1
2026-02-15T11:45:41.488Z,7,25.96,16,OK,0.1
2026-02-15T11:45:41.538Z,7,20.45,17,OK,0.1
2026-02-15T11:45:41.589Z,7,20.45,18,OK,0.1
2026-02-15T11:45:41.638Z,7,20.30,19,OK,0.1
2026-02-15T11:45:41.689Z,6,20.28,20,OK,0.1
2026-02-15T11:45:41.740Z,6,20.27,21,OK,0.1
2026-02-15T11:45:41.790Z,6,20.25,22,OK,0.1
2026-02-15T11:45:41.840Z,6,20.21,23,OK,0.1
2026-02-15T11:45:41.891Z,6,20.36,24,OK,0.1
2026-02-15T11:45:41.941Z,6,20.32,25,OK,0.1
2026-02-15T11:45:41.991Z,7,20.36,26,OK,0.1
2026-02-15T11:45:42.091Z,11,26.29,25,OK,0.1
2026-02-15T11:45:42.280Z,13,50.06,22,OK,0.1
2026-02-15T11:45:42.331Z,11,49.98,19,OK,0.1
2026-02-15T11:45:42.381Z,11,50.02,16,OK,0.1
2026-02-15T11:45:42.432Z,11,49.97,13,OK,0.1
2026-02-15T11:45:42.482Z,11,44.07,11,SATURATED,0.1
2026-02-15T11:45:42.533Z,11,20.33,12,OK,0.1
2026-02-15T11:45:42.583Z,11,20.40,13,OK,0.1
2026-02-15T11:45:42.761Z,11,20.46,14,OK,0.1
2026-02-15T11:45:42.813Z,14,20.40,15,OK,0.1
2026-02-15T11:45:42.863Z,13,20.35,16,OK,0.1
2026-02-15T11:45:42.913Z,13,20.32,17,OK,0.1
2026-02-15T11:45:42.964Z,13,20.32,18,OK,0.1
2026-02-15T11:45:43.014Z,9,20.07,19,OK,0.1
2026-02-15T11:45:43.064Z,9,20.17,20,OK,0.1
2026-02-15T11:45:43.188Z,11,36.65,18,OK,0.1
2026-02-15T11:45:43.237Z,8,36.71,16,OK,0.1
2026-02-15T11:45:43.394Z,10,36.69,14,OK,0.1
2026-02-15T11:45:43.445Z,8,36.80,12,OK,0.1
2026-02-15T11:45:43.495Z,8,36.74,10,OK,0.1
2026-02-15T11:45:43.546Z,8,20.24,11,OK,0.1
2026-02-15T11:45:43.597Z,8,20.26,12,OK,0.1
2026-02-15T11:45:43.647Z,8,20.15,13,OK,0.1
2026-02-15T11:45:43.697Z,8,20.21,14,OK,0.1
2026-02-15T11:45:43.747Z,8,20.18,15,OK,0.1
2026-02-15T11:45:43.894Z,8,43.29,13,OK,0.1
2026-02-15T11:45:43.945Z,8,43.25,11,OK,0.1
2026-02-15T11:45:43.995Z,7,43.26,9,OK,0.1
2026-02-15T11:45:44.098Z,7,49.80,6,SATURATED,0.1
2026-02-15T11:45:44.148Z,6,49.85,5,SATURATED,0.1
2026-02-15T11:45:44.197Z,6,26.76,5,SATURATED,0.1
2026-02-15T11:45:44.248Z,6,26.77,5,SATURATED,0.1
2026-02-15T11:45:44.299Z,3,27.18,5,OK,0.1
2026-02-15T11:45:44.349Z,2,20.71,6,OK,0.1
2026-02-15T11:45:44.400Z,3,20.71,7,OK,0.1
2026-02-15T11:45:44.450Z,3,20.66,8,OK,0.1
2026-02-15T11:45:44.500Z,3,20.67,9,OK,0.1
2026-02-15T11:45:44.550Z,3,20.29,10,OK,0.1
2026-02-15T11:45:44.600Z,3,20.27,11,OK,0.1
2026-02-15T11:45:44.651Z,4,20.30,12,OK,0.1
2026-02-15T11:45:44.700Z,4,20.35,13,OK,0.1
2026-02-15T11:45:44.751Z,4,20.34,14,OK,0.1
2026-02-15T11:45:44.801Z,4,20.40,15,OK,0.1
2026-02-15T11:45:44.852Z,2,20.34,16,OK,0.1
2026-02-15T11:45:44.902Z,2,20.26,17,OK,0.1
2026-02-15T11:45:45.172Z,10,60.20,13,OK,0.1
2026-02-15T11:45:45.361Z,13,83.93,7,SATURATED,0.1
2026-02-15T11:45:45.411Z,7,83.93,5,SATURATED,0.1
2026-02-15T11:45:45.462Z,7,83.94,5,SATURATED,0.1
2026-02-15T11:45:45.512Z,7,83.92,5,SATURATED,0.1
2026-02-15T11:45:45.562Z,7,43.99,5,SATURATED,0.1
2026-02-15T11:45:45.612Z,7,20.29,6,SATURATED,0.1
2026-02-15T11:45:45.663Z,7,20.28,7,SATURATED,0.1
2026-02-15T11:45:45.714Z,7,20.29,8,OK,0.1
2026-02-15T11:45:45.765Z,7,20.37,9,OK,0.1
2026-02-15T11:45:45.816Z,7,20.35,10,OK,0.1
2026-02-15T11:45:45.866Z,9,20.29,11,OK,0.1
2026-02-15T11:45:45.917Z,9,20.27,12,OK,0.1
2026-02-15T11:45:45.966Z,9,20.28,13,OK,0.1
2026-02-15T11:45:46.016Z,9,20.24,14,OK,0.1
2026-02-15T11:45:46.066Z,9,20.29,15,OK,0.1
2026-02-15T11:45:46.117Z,9,20.34,16,OK,0.1
2026-02-15T11:45:46.168Z,9,20.39,17,OK,0.1
2026-02-15T11:45:46.292Z,14,39.91,15,OK,0.1
2026-02-15T11:45:46.343Z,9,39.91,13,OK,0.1
2026-02-15T11:45:46.392Z,8,40.13,11,OK,0.1
2026-02-15T11:45:46.576Z,11,72.30,6,SATURATED,0.1
2026-02-15T11:45:46.625Z,10,72.32,5,SATURATED,0.1
2026-02-15T11:45:46.676Z,9,52.80,5,SATURATED,0.1
2026-02-15T11:45:46.726Z,9,52.82,5,SATURATED,0.1
2026-02-15T11:45:46.776Z,9,52.57,5,SATURATED,0.1
2026-02-15T11:45:46.827Z,9,20.42,6,SATURATED,0.1
2026-02-15T11:45:46.877Z,9,20.37,7,SATURATED,0.1
2026-02-15T11:45:46.928Z,7,20.35,8,OK,0.1
2026-02-15T11:45:46.978Z,7,20.36,9,OK,0.1
2026-02-15T11:45:47.028Z,7,20.32,10,OK,0.1
2026-02-15T11:45:47.078Z,7,20.28,11,OK,0.1
2026-02-15T11:45:47.129Z,7,20.30,12,OK,0.1
2026-02-15T11:45:47.178Z,6,20.27,13,OK,0.1
2026-02-15T11:45:47.228Z,5,20.22,14,OK,0.1
2026-02-15T11:45:47.279Z,5,20.28,15,OK,0.1
2026-02-15T11:45:47.380Z,5,35.49,13,OK,0.1
2026-02-15T11:45:47.431Z,8,35.45,11,OK,0.1
2026-02-15T11:45:47.481Z,8,35.51,9,OK,0.1
2026-02-15T11:45:47.532Z,8,35.55,7,SATURATED,0.1
2026-02-15T11:45:47.583Z,8,35.56,5,SATURATED,0.1
2026-02-15T11:45:47.634Z,8,20.27,6,SATURATED,0.1
2026-02-15T11:45:47.685Z,8,20.38,7,SATURATED,0.1
2026-02-15T11:45:47.735Z,8,20.39,8,SATURATED,0.1
2026-02-15T11:45:47.785Z,8,20.31,9,OK,0.1
2026-02-15T11:45:47.836Z,6,20.32,10,OK,0.1
2026-02-15T11:45:47.887Z,6,20.45,11,OK,0.1
2026-02-15T11:45:47.938Z,6,20.36,12,OK,0.1
2026-02-15T11:45:47.989Z,6,20.28,13,OK,0.1
2026-02-15T11:45:48.039Z,6,20.34,14,OK,0.1
2026-02-15T11:45:48.089Z,6,20.32,15,OK,0.1
2026-02-15T11:45:48.139Z,6,20.24,16,OK,0.1
2026-02-15T11:45:48.190Z,6,20.24,17,OK,0.1
2026-02-15T11:45:48.241Z,6,20.29,18,OK,0.1
2026-02-15T11:45:48.292Z,6,20.27,19,OK,0.1
2026-02-15T11:45:48.342Z,6,20.26,20,OK,0.1
2026-02-15T11:45:48.398Z,20,20.88,21,OK,0.1
2026-02-15T11:45:48.463Z,10,19.83,22,OK,0.1
2026-02-15T11:45:48.514Z,7,19.87,23,OK,0.1
2026-02-15T11:45:48.565Z,7,19.92,24,OK,0.1
2026-02-15T11:45:48.866Z,9,76.08,18,OK,0.1
2026-02-15T11:45:49.001Z,14,88.40,11,SATURATED,0.1
2026-02-15T11:45:49.052Z,9,89.43,5,SATURATED,0.1
2026-02-15T11:45:49.102Z,9,89.40,5,SATURATED,0.1
2026-02-15T11:45:49.153Z,9,89.42,5,SATURATED,0.1
2026-02-15T11:45:49.204Z,9,33.25,5,SATURATED,0.1
2026-02-15T11:45:49.254Z,9,20.30,6,SATURATED,0.1
2026-02-15T11:45:49.303Z,9,20.31,7,SATURATED,0.1
2026-02-15T11:45:49.354Z,9,20.33,8,SATURATED,0.1
2026-02-15T11:45:49.496Z,6,20.72,9,OK,0.1
2026-02-15T11:45:49.546Z,7,20.72,10,OK,0.1
2026-02-15T11:45:49.596Z,7,20.73,11,OK,0.1
2026-02-15T11:45:49.647Z,7,20.80,12,OK,0.1
2026-02-15T11:45:49.698Z,7,20.79,13,OK,0.1
2026-02-15T11:45:49.748Z,7,20.36,14,OK,0.1
2026-02-15T11:45:49.798Z,7,20.43,15,OK,0.1
2026-02-15T11:45:49.849Z,7,20.44,16,OK,0.1
2026-02-15T11:45:49.900Z,8,20.25,17,OK,0.1
2026-02-15T11:45:49.951Z,8,20.29,18,OK,0.1
2026-02-15T11:45:50.001Z,8,20.26,19,OK,0.1
2026-02-15T11:45:50.088Z,11,33.33,18,OK,0.1
2026-02-15T11:45:50.495Z,13,100.66,10,SATURATED,0.1
2026-02-15T11:45:50.561Z,10,109.78,5,SATURATED,0.1
2026-02-15T11:45:50.612Z,7,109.67,5,SATURATED,0.1
2026-02-15T11:45:50.662Z,7,109.65,5,SATURATED,0.1
2026-02-15T11:45:50.713Z,7,96.48,5,SATURATED,0.1
2026-02-15T11:45:50.763Z,7,29.15,5,SATURATED,0.1
2026-02-15T11:45:50.813Z,7,20.16,6,SATURATED,0.1
2026-02-15T11:45:50.863Z,7,20.23,7,SATURATED,0.1
2026-02-15T11:45:50.914Z,6,20.26,8,OK,0.1
2026-02-15T11:45:50.964Z,6,20.33,9,OK,0.1
2026-02-15T11:45:51.015Z,5,20.33,10,OK,0.1
2026-02-15T11:45:51.066Z,5,20.37,11,OK,0.1
2026-02-15T11:45:51.116Z,5,20.49,12,OK,0.1
2026-02-15T11:45:51.167Z,5,20.49,13,OK,0.1
2026-02-15T11:45:51.217Z,5,20.42,14,OK,0.1
2026-02-15T11:45:51.267Z,5,20.40,15,OK,0.1
2026-02-15T11:45:51.316Z,5,20.33,16,OK,0.1
2026-02-15T11:45:51.366Z,6,20.17,17,OK,0.1
2026-02-15T11:45:51.416Z,5,20.25,18,OK,0.1
2026-02-15T11:45:51.467Z,5,20.32,19,OK,0.1
2026-02-15T11:45:51.604Z,8,29.21,18,OK,0.1
2026-02-15T11:45:51.675Z,18,29.39,17,SATURATED,0.1
2026-02-15T11:45:51.760Z,7,38.34,15,OK,0.1
2026-02-15T11:45:51.810Z,7,38.28,13,OK,0.1
2026-02-15T11:45:51.859Z,7,38.27,11,OK,0.1
2026-02-15T11:45:51.909Z,6,29.53,10,OK,0.1
2026-02-15T11:45:51.960Z,6,29.40,9,OK,0.1
2026-02-15T11:45:52.012Z,7,20.43,10,OK,0.1
2026-02-15T11:45:52.062Z,6,20.40,11,OK,0.1
2026-02-15T11:45:52.113Z,6,20.37,12,OK,0.1
2026-02-15T11:45:52.164Z,6,20.24,13,OK,0.1
2026-02-15T11:45:52.214Z,6,20.29,14,OK,0.1
2026-02-15T11:45:52.265Z,6,20.17,15,OK,0.1
2026-02-15T11:45:52.314Z,6,20.18,16,OK,0.1
2026-02-15T11:45:52.365Z,6,20.21,17,OK,0.1
2026-02-15T11:45:52.414Z,6,20.25,18,OK,0.1
2026-02-15T11:45:52.465Z,6,20.20,19,OK,0.1
2026-02-15T11:45:52.596Z,5,20.37,20,OK,0.1
2026-02-15T11:45:52.884Z,8,73.86,15,OK,0.1
2026-02-15T11:45:53.085Z,15,100.18,7,SATURATED,0.1
2026-02-15T11:45:53.135Z,6,100.11,5,SATURATED,0.1
2026-02-15T11:45:53.187Z,6,100.09,5,SATURATED,0.1
2026-02-15T11:45:53.237Z,6,100.11,5,SATURATED,0.1
2026-02-15T11:45:53.287Z,6,46.67,5,SATURATED,0.1
2026-02-15T11:45:53.337Z,6,20.29,6,SATURATED,0.1
2026-02-15T11:45:53.387Z,6,20.34,7,OK,0.1
2026-02-15T11:45:53.437Z,6,20.33,8,OK,0.1
2026-02-15T11:45:53.487Z,6,20.32,9,OK,0.1
2026-02-15T11:45:53.586Z,5,35.17,7,OK,0.1
2026-02-15T11:45:53.636Z,5,35.12,5,SATURATED,0.1
2026-02-15T11:45:53.686Z,2,35.07,5,OK,0.1
2026-02-15T11:45:53.736Z,2,35.06,5,OK,0.1
2026-02-15T11:45:53.786Z,2,35.04,5,OK,0.1
2026-02-15T11:45:53.837Z,2,20.17,6,OK,0.1
2026-02-15T11:45:53.887Z,3,20.26,7,OK,0.1
2026-02-15T11:45:53.937Z,2,20.30,8,OK,0.1
2026-02-15T11:45:53.988Z,2,20.34,9,OK,0.1
2026-02-15T11:45:54.038Z,2,20.31,10,OK,0.1
2026-02-15T11:45:54.184Z,6,20.33,11,OK,0.1
2026-02-15T11:45:54.235Z,3,20.33,12,OK,0.1
2026-02-15T11:45:54.285Z,3,20.40,13,OK,0.1
2026-02-15T11:45:54.336Z,3,20.38,14,OK,0.1
2026-02-15T11:45:54.391Z,4,20.41,15,OK,0.1
2026-02-15T11:45:54.441Z,3,20.31,16,OK,0.1
2026-02-15T11:45:54.492Z,3,20.22,17,OK,0.1
2026-02-15T11:45:54.586Z,3,33.73,16,OK,0.1
2026-02-15T11:45:54.771Z,4,56.66,12,OK,0.1
2026-02-15T11:45:55.084Z,11,115.28,5,SATURATED,0.1
2026-02-15T11:45:55.136Z,1,115.34,5,OK,0.1
2026-02-15T11:45:55.284Z,1,125.21,5,OK,0.4
2026-02-15T11:45:55.334Z,1,111.63,5,OK,0.1
2026-02-15T11:45:55.384Z,1,88.67,5,OK,0.1
2026-02-15T11:45:55.435Z,1,30.07,5,OK,0.1
2026-02-15T11:45:55.485Z,1,30.05,5,OK,0.1
2026-02-15T11:45:55.535Z,1,20.21,6,OK,0.1
2026-02-15T11:45:55.585Z,1,20.20,7,OK,0.1
2026-02-15T11:45:55.690Z,2,27.15,6,OK,0.1
2026-02-15T11:45:55.740Z,1,27.14,5,OK,0.1
2026-02-15T11:45:55.790Z,1,27.16,5,OK,0.1
2026-02-15T11:45:55.840Z,1,27.26,5,OK,0.1
2026-02-15T11:45:55.890Z,1,27.31,5,OK,0.1
2026-02-15T11:45:55.941Z,1,20.44,6,OK,0.1
2026-02-15T11:45:55.991Z,1,20.43,7,OK,0.1
2026-02-15T11:45:56.041Z,1,20.40,8,OK,0.1
2026-02-15T11:45:56.093Z,8,20.36,9,OK,0.1
2026-02-15T11:45:56.144Z,2,20.35,10,OK,0.1
2026-02-15T11:45:56.195Z,1,20.29,11,OK,0.1
2026-02-15T11:45:56.245Z,1,20.30,12,OK,0.1
2026-02-15T11:45:56.295Z,8,20.38,13,OK,0.1
2026-02-15T11:45:56.485Z,12,44.32,11,SATURATED,0.1
2026-02-15T11:45:56.535Z,5,44.33,9,OK,0.1
2026-02-15T11:45:56.586Z,5,44.37,7,OK,0.1
2026-02-15T11:45:56.636Z,5,44.43,5,SATURATED,0.1
2026-02-15T11:45:56.686Z,5,44.41,5,SATURATED,0.1
2026-02-15T11:45:56.738Z,5,20.42,6,OK,0.1
2026-02-15T11:45:56.881Z,6,20.39,7,OK,0.1
2026-02-15T11:45:56.932Z,5,20.39,8,OK,0.1
2026-02-15T11:45:56.982Z,5,20.34,9,OK,0.1
2026-02-15T11:45:57.033Z,5,20.31,10,OK,0.1
2026-02-15T11:45:57.084Z,5,20.36,11,OK,0.1
2026-02-15T11:45:57.188Z,9,37.02,9,SATURATED,0.1
2026-02-15T11:45:57.378Z,9,60.92,5,SATURATED,0.1
2026-02-15T11:45:57.428Z,6,60.90,5,SATURATED,0.1
2026-02-15T11:45:57.479Z,6,60.89,5,SATURATED,0.1
2026-02-15T11:45:57.530Z,6,60.85,5,SATURATED,0.1
2026-02-15T11:45:57.580Z,6,44.17,5,SATURATED,0.1
2026-02-15T11:45:57.630Z,6,20.22,6,SATURATED,0.1
2026-02-15T11:45:57.680Z,6,20.22,7,OK,0.1
2026-02-15T11:45:57.730Z,6,20.26,8,OK,0.1
2026-02-15T11:45:57.780Z,6,20.35,9,OK,0.1
2026-02-15T11:45:57.830Z,6,20.37,10,OK,0.1
2026-02-15T11:45:57.881Z,6,20.38,11,OK,0.1
2026-02-15T11:45:57.931Z,7,20.47,12,OK,0.1
2026-02-15T11:45:57.981Z,7,20.47,13,OK,0.1
2026-02-15T11:45:58.031Z,7,20.45,14,OK,0.1
2026-02-15T11:45:58.081Z,7,20.49,15,OK,0.1
2026-02-15T11:45:58.185Z,6,35.42,13,OK,0.1
2026-02-15T11:45:58.366Z,7,57.48,9,OK,0.1
2026-02-15T11:45:58.416Z,5,57.45,5,SATURATED,0.1
2026-02-15T11:45:58.466Z,5,57.39,5,SATURATED,0.1
2026-02-15T11:45:58.517Z,4,57.46,5,OK,0.1
2026-02-15T11:45:58.568Z,4,42.54,5,OK,0.1
2026-02-15T11:45:58.619Z,4,20.38,6,OK,0.1
2026-02-15T11:45:58.669Z,4,20.37,7,OK,0.1
2026-02-15T11:45:58.719Z,5,20.39,8,OK,0.1
2026-02-15T11:45:58.769Z,5,20.26,9,OK,0.1
2026-02-15T11:45:58.819Z,5,20.24,10,OK,0.1
2026-02-15T11:45:58.870Z,5,20.25,11,OK,0.1
2026-02-15T11:45:58.920Z,5,20.27,12,OK,0.1
2026-02-15T11:45:58.970Z,5,20.31,13,OK,0.1
2026-02-15T11:45:59.021Z,5,20.35,14,OK,0.1
2026-02-15T11:45:59.072Z,5,20.40,15,OK,0.1
2026-02-15T11:45:59.122Z,5,20.45,16,OK,0.1
2026-02-15T11:45:59.172Z,5,20.35,17,OK,0.1
2026-02-15T11:45:59.224Z,5,20.40,18,OK,0.1
2026-02-15T11:45:59.274Z,5,20.41,19,OK,0.1
2026-02-15T11:45:59.324Z,5,20.34,20,OK,0.1
2026-02-15T11:45:59.481Z,7,20.34,21,OK,0.1
2026-02-15T11:45:59.803Z,21,80.82,15,SATURATED,0.1
2026-02-15T11:45:59.875Z,8,81.09,9,OK,0.1
2026-02-15T11:45:59.925Z,7,81.13,5,SATURATED,0.1
2026-02-15T11:45:59.976Z,7,81.20,5,SATURATED,0.1
2026-02-15T11:46:00.026Z,7,81.30,5,SATURATED,0.1
2026-02-15T11:46:00.077Z,7,20.92,6,SATURATED,0.1
2026-02-15T11:46:00.127Z,7,20.58,7,SATURATED,0.1
2026-02-15T11:46:00.178Z,7,20.52,8,OK,0.1
2026-02-15T11:46:00.228Z,8,20.46,9,OK,0.1
2026-02-15T11:46:00.278Z,8,20.34,10,OK,0.1
2026-02-15T11:46:00.328Z,8,20.38,11,OK,0.1
2026-02-15T11:46:00.379Z,7,20.36,12,OK,0.1
2026-02-15T11:46:00.430Z,6,20.34,13,OK,0.1
2026-02-15T11:46:00.481Z,6,20.38,14,OK,0.1
2026-02-15T11:46:00.582Z,6,26.51,13,OK,0.1
2026-02-15T11:46:00.632Z,6,26.47,12,OK,0.1
2026-02-15T11:46:00.682Z,6,26.54,11,OK,0.1
2026-02-15T11:46:00.732Z,5,26.44,10,OK,0.1
2026-02-15T11:46:00.782Z,5,26.45,9,OK,0.1
2026-02-15T11:46:00.888Z,5,36.99,7,OK,0.1
2026-02-15T11:46:01.083Z,5,61.92,5,SATURATED,0.1
2026-02-15T11:46:01.289Z,4,94.98,5,OK,0.1
2026-02-15T11:46:01.339Z,4,95.07,5,OK,0.1
2026-02-15T11:46:01.488Z,3,95.06,5,OK,0.1
2026-02-15T11:46:01.538Z,2,78.33,5,OK,0.1
2026-02-15T11:46:01.588Z,3,53.37,5,OK,0.1
2026-02-15T11:46:01.638Z,2,20.31,6,OK,0.1
2026-02-15T11:46:01.689Z,2,20.22,7,OK,0.1
2026-02-15T11:46:01.740Z,2,20.26,8,OK,0.1
2026-02-15T11:46:01.790Z,2,20.28,9,OK,0.1
2026-02-15T11:46:01.840Z,1,20.35,10,OK,0.1
2026-02-15T11:46:01.891Z,1,20.34,11,OK,0.1
2026-02-15T11:46:02.000Z,11,37.28,9,SATURATED,0.1
2026-02-15T11:46:02.060Z,3,35.15,7,OK,0.1
2026-02-15T11:46:02.110Z,2,35.09,5,OK,0.1
2026-02-15T11:46:02.161Z,2,35.05,5,OK,0.1
2026-02-15T11:46:02.211Z,1,34.94,5,OK,0.1
2026-02-15T11:46:02.261Z,1,18.13,6,OK,0.1
2026-02-15T11:46:02.311Z,1,20.21,7,OK,0.1
2026-02-15T11:46:02.361Z,1,20.30,8,OK,0.1
2026-02-15T11:46:02.412Z,1,20.30,9,OK,0.1
2026-02-15T11:46:02.462Z,1,20.38,10,OK,0.1
2026-02-15T11:46:02.581Z,2,20.36,11,OK,0.1
2026-02-15T11:46:02.631Z,1,20.32,12,OK,0.1
2026-02-15T11:46:02.681Z,2,20.32,13,OK,0.1
2026-02-15T11:46:02.731Z,2,20.32,14,OK,0.1
2026-02-15T11:46:02.782Z,2,20.31,15,OK,0.1
2026-02-15T11:46:02.976Z,2,54.62,12,OK,0.1
2026-02-15T11:46:03.182Z,12,81.79,6,SATURATED,0.1
2026-02-15T11:46:03.261Z,3,83.51,5,OK,0.1
2026-02-15T11:46:03.311Z,3,83.49,5,OK,0.1
2026-02-15T11:46:03.362Z,3,83.46,5,OK,0.1
2026-02-15T11:46:03.413Z,3,49.12,5,OK,0.1
2026-02-15T11:46:03.463Z,3,22.00,6,OK,0.1
2026-02-15T11:46:03.514Z,3,20.26,7,OK,0.1
2026-02-15T11:46:03.565Z,3,20.27,8,OK,0.1
2026-02-15T11:46:03.685Z,5,28.22,7,OK,0.1
2026-02-15T11:46:03.735Z,3,28.31,6,OK,0.1
2026-02-15T11:46:03.785Z,3,28.31,5,OK,0.1
2026-02-15T11:46:03.835Z,3,28.31,5,OK,0.1
2026-02-15T11:46:03.886Z,3,28.28,5,OK,0.1
2026-02-15T11:46:03.936Z,2,20.37,6,OK,0.1
2026-02-15T11:46:03.986Z,2,20.32,7,OK,0.1
2026-02-15T11:46:04.037Z,2,20.25,8,OK,0.1
2026-02-15T11:46:04.088Z,2,20.24,9,OK,0.1
2026-02-15T11:46:04.138Z,2,20.27,10,OK,0.1
2026-02-15T11:46:04.482Z,10,20.23,11,OK,0.1
2026-02-15T11:46:04.558Z,6,31.39,10,OK,0.1
2026-02-15T11:46:04.609Z,6,31.43,9,OK,0.1
2026-02-15T11:46:04.660Z,6,31.47,8,OK,0.1
2026-02-15T11:46:04.789Z,6,40.33,6,SATURATED,0.1
2026-02-15T11:46:04.839Z,5,40.36,5,SATURATED,0.1
2026-02-15T11:46:04.890Z,5,29.19,5,SATURATED,0.1
2026-02-15T11:46:04.940Z,5,29.15,5,SATURATED,0.1
2026-02-15T11:46:04.991Z,5,29.11,5,SATURATED,0.1
2026-02-15T11:46:05.041Z,5,20.30,6,OK,0.1
2026-02-15T11:46:05.091Z,5,20.33,7,OK,0.1
2026-02-15T11:46:05.142Z,5,20.32,8,OK,0.1
2026-02-15T11:46:05.193Z,4,20.36,9,OK,0.1
2026-02-15T11:46:05.244Z,4,20.40,10,OK,0.1
2026-02-15T11:46:05.294Z,4,20.33,11,OK,0.1
2026-02-15T11:46:05.344Z,4,20.28,12,OK,0.1
2026-02-15T11:46:05.395Z,4,20.30,13,OK,0.1
2026-02-15T11:46:05.445Z,4,20.35,14,OK,0.1
2026-02-15T11:46:05.591Z,6,20.33,15,OK,0.1
2026-02-15T11:46:05.778Z,15,43.68,13,SATURATED,0.1
2026-02-15T11:46:05.968Z,7,77.50,7,SATURATED,0.1
2026-02-15T11:46:06.018Z,7,77.46,5,SATURATED,0.1
2026-02-15T11:46:06.069Z,7,77.44,5,SATURATED,0.1
2026-02-15T11:46:06.119Z,7,77.44,5,SATURATED,0.1
2026-02-15T11:46:06.170Z,7,54.13,5,SATURATED,0.1
2026-02-15T11:46:06.220Z,4,20.32,6,OK,0.1
2026-02-15T11:46:06.270Z,4,20.36,7,OK,0.1
2026-02-15T11:46:06.320Z,5,20.36,8,OK,0.1
2026-02-15T11:46:06.370Z,5,20.37,9,OK,0.1
2026-02-15T11:46:06.421Z,5,20.36,10,OK,0.1
2026-02-15T11:46:06.471Z,5,20.37,11,OK,0.1
2026-02-15T11:46:06.521Z,4,20.32,12,OK,0.1
2026-02-15T11:46:06.572Z,4,20.30,13,OK,0.1
2026-02-15T11:46:06.622Z,4,20.34,14,OK,0.1
2026-02-15T11:46:06.673Z,4,20.33,15,OK,0.1
2026-02-15T11:46:06.723Z,4,20.32,16,OK,0.1
2026-02-15T11:46:06.890Z,4,20.37,17,OK,0.1
2026-02-15T11:46:07.396Z,17,117.50,7,SATURATED,0.1
2026-02-15T11:46:07.473Z,6,118.81,5,SATURATED,0.1
2026-02-15T11:46:07.523Z,3,118.80,5,OK,0.1
2026-02-15T11:46:07.573Z,3,118.81,5,OK,0.1
2026-02-15T11:46:07.624Z,3,118.88,5,OK,0.1
2026-02-15T11:46:07.675Z,3,21.76,6,OK,0.1
2026-02-15T11:46:07.725Z,3,20.35,7,OK,0.1
2026-02-15T11:46:07.775Z,1,20.37,8,OK,0.1
2026-02-15T11:46:07.825Z,1,20.33,9,OK,0.1
2026-02-15T11:46:07.875Z,1,20.28,10,OK,0.1
2026-02-15T11:46:07.925Z,1,20.20,11,OK,0.1
2026-02-15T11:46:07.976Z,1,20.23,12,OK,0.1
2026-02-15T11:46:08.026Z,1,20.20,13,OK,0.1
2026-02-15T11:46:08.076Z,1,20.23,14,OK,0.1
2026-02-15T11:46:08.127Z,1,20.24,15,OK,0.1
2026-02-15T11:46:08.177Z,1,20.26,16,OK,0.1
2026-02-15T11:46:08.228Z,1,20.30,17,OK,0.1
2026-02-15T11:46:08.278Z,1,20.36,18,OK,0.1
2026-02-15T11:46:08.329Z,0,20.40,19,OK,0.1
2026-02-15T11:46:08.379Z,0,20.37,20,OK,0.1
2026-02-15T11:46:08.798Z,4,90.14,13,OK,0.1
2026-02-15T11:46:08.868Z,13,99.91,5,SATURATED,0.1
2026-02-15T11:46:08.918Z,0,99.76,5,OK,0.1
2026-02-15T11:46:08.969Z,0,99.70,5,OK,0.1
2026-02-15T11:46:09.020Z,0,99.64,5,OK,0.1
2026-02-15T11:46:09.070Z,0,29.91,5,OK,0.1
2026-02-15T11:46:09.122Z,0,20.20,6,OK,0.1
2026-02-15T11:46:09.173Z,0,20.32,7,OK,0.1
2026-02-15T11:46:09.223Z,0,20.19,8,OK,0.1
2026-02-15T11:46:09.273Z,0,20.25,9,OK,0.1
2026-02-15T11:46:09.323Z,0,20.31,10,OK,0.1
2026-02-15T11:46:09.373Z,0,20.27,11,OK,0.1
2026-02-15T11:46:09.423Z,0,20.15,12,OK,0.1
2026-02-15T11:46:09.473Z,0,20.29,13,OK,0.1
2026-02-15T11:46:09.523Z,0,20.34,14,OK,0.1
2026-02-15T11:46:09.574Z,0,20.29,15,OK,0.1
2026-02-15T11:46:09.625Z,0,20.26,16,OK,0.1
2026-02-15T11:46:09.675Z,0,20.41,17,OK,0.1
2026-02-15T11:46:09.726Z,0,20.42,18,OK,0.1
2026-02-15T11:46:09.776Z,0,20.42,19,OK,0.1
2026-02-15T11:46:09.888Z,1,20.38,20,OK,0.1
2026-02-15T11:46:10.266Z,20,91.84,13,SATURATED,0.1
2026-02-15T11:46:10.316Z,2,91.78,6,OK,0.1
2026-02-15T11:46:10.366Z,2,91.80,5,OK,0.1
2026-02-15T11:46:10.416Z,2,91.80,5,OK,0.1
2026-02-15T11:46:10.467Z,2,91.84,5,OK,0.1
2026-02-15T11:46:10.517Z,2,20.35,6,OK,0.1
2026-02-15T11:46:10.568Z,2,20.39,7,OK,0.1
2026-02-15T11:46:10.618Z,2,20.37,8,OK,0.1
2026-02-15T11:46:10.668Z,2,20.32,9,OK,0.1
2026-02-15T11:46:10.719Z,2,20.29,10,OK,0.1
2026-02-15T11:46:10.770Z,2,20.36,11,OK,0.1
2026-02-15T11:46:10.821Z,2,20.36,12,OK,0.1
2026-02-15T11:46:10.871Z,2,20.39,13,OK,0.1
2026-02-15T11:46:10.921Z,3,20.38,14,OK,0.1
2026-02-15T11:46:10.973Z,3,20.39,15,OK,0.1
2026-02-15T11:46:11.024Z,3,20.41,16,OK,0.1
2026-02-15T11:46:11.075Z,3,20.38,17,OK,0.1
2026-02-15T11:46:11.125Z,3,20.29,18,OK,0.1
2026-02-15T11:46:11.176Z,3,20.34,19,OK,0.1
2026-02-15T11:46:11.226Z,3,20.29,20,OK,0.1
2026-02-15T11:46:11.281Z,18,20.22,21,OK,0.1
2026-02-15T11:46:11.372Z,20,34.47,20,SATURATED,0.1
2026-02-15T11:46:11.464Z,10,38.85,18,OK,0.1
2026-02-15T11:46:11.515Z,7,38.90,16,OK,0.1
2026-02-15T11:46:11.566Z,7,38.92,14,OK,0.1
2026-02-15T11:46:11.616Z,7,38.94,12,OK,0.1
2026-02-15T11:46:11.667Z,7,24.73,13,OK,0.1
2026-02-15T11:46:11.718Z,7,20.39,14,OK,0.1
2026-02-15T11:46:11.768Z,7,20.35,15,OK,0.1
2026-02-15T11:46:11.818Z,7,20.42,16,OK,0.1
2026-02-15T11:46:11.869Z,7,20.41,17,OK,0.1
2026-02-15T11:46:11.919Z,7,20.40,18,OK,0.1
2026-02-15T11:46:11.969Z,7,20.44,19,OK,0.1
2026-02-15T11:46:12.019Z,7,20.41,20,OK,0.1
2026-02-15T11:46:12.069Z,7,20.37,21,OK,0.1
2026-02-15T11:46:12.186Z,7,38.64,19,OK,0.1
2026-02-15T11:46:12.237Z,6,38.56,17,OK,0.1
2026-02-15T11:46:12.287Z,5,38.58,15,OK,0.1
2026-02-15T11:46:12.390Z,7,55.09,11,OK,0.1
2026-02-15T11:46:12.460Z,11,55.04,7,SATURATED,0.1
2026-02-15T11:46:12.510Z,7,36.66,5,SATURATED,0.1
2026-02-15T11:46:12.560Z,7,36.75,5,SATURATED,0.1
2026-02-15T11:46:12.610Z,7,36.83,5,SATURATED,0.1
2026-02-15T11:46:12.660Z,7,20.32,6,SATURATED,0.1
2026-02-15T11:46:12.710Z,7,20.42,7,SATURATED,0.1
2026-02-15T11:46:12.761Z,7,20.54,8,OK,0.1
2026-02-15T11:46:12.811Z,7,20.55,9,OK,0.1
2026-02-15T11:46:12.861Z,7,20.40,10,OK,0.1
2026-02-15T11:46:12.911Z,6,20.32,11,OK,0.1
2026-02-15T11:46:12.961Z,6,20.26,12,OK,0.1
2026-02-15T11:46:13.012Z,6,20.24,13,OK,0.1
2026-02-15T11:46:13.063Z,6,20.25,14,OK,0.1
2026-02-15T11:46:13.114Z,6,20.29,15,OK,0.1
2026-02-15T11:46:13.165Z,6,20.39,16,OK,0.1
2026-02-15T11:46:13.215Z,6,20.49,17,OK,0.1
2026-02-15T11:46:13.266Z,6,20.49,18,OK,0.1
2026-02-15T11:46:13.387Z,4,39.42,16,OK,0.1
2026-02-15T11:46:13.459Z,4,39.73,14,OK,0.1
2026-02-15T11:46:13.774Z,14,88.63,7,SATURATED,0.1
2026-02-15T11:46:13.824Z,4,88.55,5,OK,0.1
2026-02-15T11:46:13.874Z,4,88.55,5,OK,0.1
2026-02-15T11:46:13.924Z,4,69.63,5,OK,0.1
2026-02-15T11:46:13.974Z,4,69.29,5,OK,0.1
2026-02-15T11:46:14.025Z,4,20.38,6,OK,0.1
2026-02-15T11:46:14.075Z,4,20.40,7,OK,0.1
2026-02-15T11:46:14.125Z,4,20.39,8,OK,0.1
2026-02-15T11:46:14.176Z,4,20.36,9,OK,0.1
2026-02-15T11:46:14.226Z,4,20.37,10,OK,0.1
2026-02-15T11:46:14.276Z,4,20.31,11,OK,0.1
2026-02-15T11:46:14.325Z,2,20.29,12,OK,0.1
2026-02-15T11:46:14.376Z,2,20.31,13,OK,0.1
2026-02-15T11:46:14.426Z,2,20.29,14,OK,0.1
2026-02-15T11:46:14.476Z,2,20.27,15,OK,0.1
2026-02-15T11:46:14.526Z,2,20.26,16,OK,0.1
2026-02-15T11:46:14.577Z,2,20.30,17,OK,0.1
2026-02-15T11:46:14.681Z,2,34.35,16,OK,0.1
2026-02-15T11:46:14.732Z,2,34.37,15,OK,0.1
2026-02-15T11:46:15.205Z,10,34.39,14,OK,0.1
2026-02-15T11:46:15.268Z,13,42.93,12,SATURATED,0.1
2026-02-15T11:46:15.572Z,7,89.64,5,SATURATED,0.1
2026-02-15T11:46:15.622Z,4,75.56,5,OK,0.1
2026-02-15T11:46:15.674Z,4,75.57,5,OK,0.1
2026-02-15T11:46:15.788Z,4,84.50,5,OK,0.1
2026-02-15T11:46:15.838Z,4,76.01,5,OK,0.1
2026-02-15T11:46:15.888Z,4,29.31,5,OK,0.1
2026-02-15T11:46:15.940Z,4,29.33,5,OK,0.1
2026-02-15T11:46:15.990Z,4,29.28,5,OK,0.1
2026-02-15T11:46:16.040Z,4,20.37,6,OK,0.1
2026-02-15T11:46:16.090Z,5,20.40,7,OK,0.1
2026-02-15T11:46:16.140Z,5,20.33,8,OK,0.1
2026-02-15T11:46:16.190Z,5,20.32,9,OK,0.1
2026-02-15T11:46:16.242Z,5,20.46,10,OK,0.1
2026-02-15T11:46:16.397Z,10,44.19,8,SATURATED,0.1
2026-02-15T11:46:16.581Z,8,66.89,5,SATURATED,0.1
2026-02-15T11:46:16.631Z,6,66.92,5,SATURATED,0.1
2026-02-15T11:46:16.681Z,6,66.96,5,SATURATED,0.1
2026-02-15T11:46:16.732Z,6,66.81,5,SATURATED,0.1
2026-02-15T11:46:16.782Z,4,43.04,5,OK,0.1
2026-02-15T11:46:16.832Z,4,20.33,6,OK,0.1
2026-02-15T11:46:16.883Z,4,20.32,7,OK,0.1
2026-02-15T11:46:16.934Z,4,20.29,8,OK,0.1
2026-02-15T11:46:16.984Z,4,20.31,9,OK,0.1
2026-02-15T11:46:17.034Z,4,20.33,10,OK,0.1
2026-02-15T11:46:17.084Z,4,20.29,11,OK,0.1
2026-02-15T11:46:17.134Z,5,20.38,12,OK,0.1
2026-02-15T11:46:17.184Z,5,20.36,13,OK,0.1
2026-02-15T11:46:17.234Z,4,20.32,14,OK,0.1
2026-02-15T11:46:17.284Z,4,20.52,15,OK,0.1
2026-02-15T11:46:17.334Z,4,20.53,16,OK,0.1
2026-02-15T11:46:17.385Z,4,20.46,17,OK,0.1
2026-02-15T11:46:17.484Z,6,34.93,16,OK,0.1
2026-02-15T11:46:17.804Z,7,84.91,10,OK,0.1
2026-02-15T11:46:17.866Z,7,92.93,5,SATURATED,0.1
2026-02-15T11:46:17.916Z,4,93.00,5,OK,0.1
2026-02-15T11:46:17.967Z,4,92.99,5,OK,0.1
2026-02-15T11:46:18.017Z,4,78.55,5,OK,0.1
2026-02-15T11:46:18.068Z,4,28.60,5,OK,0.1
2026-02-15T11:46:18.188Z,3,40.15,5,OK,0.1
2026-02-15T11:46:18.238Z,3,40.10,5,OK,0.1
2026-02-15T11:46:18.288Z,3,40.06,5,OK,0.1
2026-02-15T11:46:18.339Z,3,40.13,5,OK,0.1
2026-02-15T11:46:18.389Z,3,40.15,5,OK,0.1
2026-02-15T11:46:18.439Z,2,20.34,6,OK,0.1
2026-02-15T11:46:18.490Z,2,20.34,7,OK,0.1
2026-02-15T11:46:18.541Z,2,20.41,8,OK,0.1
2026-02-15T11:46:18.592Z,2,20.32,9,OK,0.1
2026-02-15T11:46:18.643Z,2,20.37,10,OK,0.1
2026-02-15T11:46:18.786Z,2,42.86,8,OK,0.1
2026-02-15T11:46:18.836Z,2,42.93,6,OK,0.1
2026-02-15T11:46:18.887Z,2,44.01,5,OK,0.1
2026-02-15T11:46:18.937Z,2,44.07,5,OK,0.1
2026-02-15T11:46:18.987Z,2,44.02,5,OK,0.1
2026-02-15T11:46:19.037Z,2,21.64,6,OK,0.1
2026-02-15T11:46:19.087Z,2,21.60,7,OK,0.1
2026-02-15T11:46:19.137Z,1,20.50,8,OK,0.1
2026-02-15T11:46:19.188Z,1,20.49,9,OK,0.1
2026-02-15T11:46:19.476Z,1,64.03,5,OK,0.1
2026-02-15T11:46:19.526Z,0,63.98,5,OK,0.1
2026-02-15T11:46:19.577Z,0,63.95,5,OK,0.1
2026-02-15T11:46:19.627Z,0,63.94,5,OK,0.1
2026-02-15T11:46:19.677Z,0,63.91,5,OK,0.1
2026-02-15T11:46:19.727Z,0,20.43,6,OK,0.1
2026-02-15T11:46:19.778Z,0,20.40,7,OK,0.1
2026-02-15T11:46:19.888Z,0,27.09,6,OK,0.1
2026-02-15T11:46:20.262Z,6,87.84,5,SATURATED,0.1
2026-02-15T11:46:20.401Z,5,101.55,5,SATURATED,0.1
2026-02-15T11:46:20.451Z,2,101.49,5,OK,0.1
2026-02-15T11:46:20.588Z,4,101.33,5,OK,0.1
2026-02-15T11:46:20.638Z,3,94.64,5,OK,0.1
2026-02-15T11:46:20.688Z,3,33.88,5,OK,0.1
2026-02-15T11:46:20.739Z,3,20.16,6,OK,0.1
2026-02-15T11:46:20.789Z,3,20.15,7,OK,0.1
2026-02-15T11:46:20.840Z,3,20.29,8,OK,0.1
2026-02-15T11:46:20.890Z,3,20.28,9,OK,0.1
2026-02-15T11:46:20.940Z,3,20.31,10,OK,0.1
2026-02-15T11:46:20.990Z,3,20.29,11,OK,0.1
2026-02-15T11:46:21.041Z,3,20.25,12,OK,0.1
2026-02-15T11:46:21.090Z,4,20.28,13,OK,0.1
2026-02-15T11:46:21.141Z,4,20.32,14,OK,0.1
2026-02-15T11:46:21.191Z,4,20.32,15,OK,0.1
2026-02-15T11:46:21.241Z,5,20.26,16,OK,0.1
2026-02-15T11:46:21.390Z,13,42.86,14,OK,0.1
2026-02-15T11:46:21.586Z,8,67.98,9,OK,0.1
2026-02-15T11:46:21.779Z,9,92.49,5,SATURATED,0.1
2026-02-15T11:46:21.829Z,8,92.47,5,SATURATED,0.1
2026-02-15T11:46:21.879Z,8,92.55,5,SATURATED,0.1
2026-02-15T11:46:21.931Z,7,70.01,5,SATURATED,0.1
2026-02-15T11:46:21.982Z,7,44.93,5,SATURATED,0.1
2026-02-15T11:46:22.033Z,7,20.40,6,SATURATED,0.1
2026-02-15T11:46:22.083Z,7,20.40,7,SATURATED,0.1
2026-02-15T11:46:22.133Z,7,20.38,8,OK,0.1
2026-02-15T11:46:22.183Z,7,20.35,9,OK,0.1
2026-02-15T11:46:22.471Z,9,45.01,6,SATURATED,0.1
2026-02-15T11:46:22.521Z,5,44.98,5,SATURATED,0.1
2026-02-15T11:46:22.572Z,5,44.97,5,SATURATED,0.1
2026-02-15T11:46:22.622Z,5,44.97,5,SATURATED,0.1
2026-02-15T11:46:22.673Z,5,44.98,5,SATURATED,0.1
2026-02-15T11:46:22.724Z,5,20.16,6,OK,0.1
2026-02-15T11:46:22.775Z,5,20.15,7,OK,0.1
2026-02-15T11:46:22.825Z,5,19.97,8,OK,0.1
2026-02-15T11:46:22.875Z,5,19.94,9,OK,0.1
2026-02-15T11:46:23.088Z,5,55.27,5,SATURATED,0.1
2026-02-15T11:46:23.138Z,4,55.38,5,OK,0.1
2026-02-15T11:46:23.188Z,4,55.39,5,OK,0.1
2026-02-15T11:46:23.239Z,4,55.59,5,OK,0.1
2026-02-15T11:46:23.289Z,2,55.74,5,OK,0.1
2026-02-15T11:46:23.338Z,3,20.44,6,OK,0.1
2026-02-15T11:46:23.390Z,3,20.45,7,OK,0.1
2026-02-15T11:46:23.440Z,3,20.47,8,OK,0.1
2026-02-15T11:46:23.586Z,8,20.58,9,OK,0.1
2026-02-15T11:46:23.775Z,7,44.18,7,SATURATED,0.1
2026-02-15T11:46:23.825Z,7,44.18,5,SATURATED,0.1
2026-02-15T11:46:23.876Z,7,44.16,5,SATURATED,0.1
2026-02-15T11:46:23.926Z,7,44.18,5,SATURATED,0.1
2026-02-15T11:46:23.976Z,7,44.08,5,SATURATED,0.1
2026-02-15T11:46:24.027Z,7,20.34,6,SATURATED,0.1
2026-02-15T11:46:24.077Z,7,20.33,7,SATURATED,0.1
2026-02-15T11:46:24.128Z,7,20.40,8,OK,0.1
2026-02-15T11:46:24.178Z,7,20.38,9,OK,0.1
2026-02-15T11:46:24.229Z,7,20.44,10,OK,0.1
2026-02-15T11:46:24.279Z,8,20.43,11,OK,0.1
2026-02-15T11:46:24.330Z,8,20.32,12,OK,0.1
2026-02-15T11:46:24.380Z,8,20.25,13,OK,0.1
2026-02-15T11:46:24.430Z,8,20.26,14,OK,0.1
2026-02-15T11:46:24.481Z,8,20.20,15,OK,0.1
2026-02-15T11:46:24.532Z,8,20.24,16,OK,0.1
2026-02-15T11:46:24.582Z,8,20.33,17,OK,0.1
2026-02-15T11:46:24.632Z,9,20.34,18,OK,0.1
2026-02-15T11:46:24.683Z,9,20.30,19,OK,0.1
2026-02-15T11:46:24.733Z,9,20.30,20,OK,0.1
2026-02-15T11:46:24.885Z,16,20.25,21,OK,0.1
2026-02-15T11:46:25.075Z,18,54.27,18,SATURATED,0.1
2026-02-15T11:46:25.126Z,11,54.25,15,OK,0.1
2026-02-15T11:46:25.177Z,11,54.31,12,OK,0.1
2026-02-15T11:46:25.226Z,10,54.33,9,SATURATED,0.1
2026-02-15T11:46:25.277Z,10,54.32,6,SATURATED,0.1
2026-02-15T11:46:25.327Z,9,20.24,7,SATURATED,0.1
2026-02-15T11:46:25.377Z,9,20.28,8,SATURATED,0.1
2026-02-15T11:46:25.427Z,9,20.28,9,SATURATED,0.1
2026-02-15T11:46:25.478Z,9,20.22,10,OK,0.1
2026-02-15T11:46:25.528Z,9,20.23,11,OK,0.1
2026-02-15T11:46:25.578Z,9,20.26,12,OK,0.1
2026-02-15T11:46:25.628Z,9,20.21,13,OK,0.1
2026-02-15T11:46:25.678Z,9,20.02,14,OK,0.1
2026-02-15T11:46:25.728Z,9,20.06,15,OK,0.1
2026-02-15T11:46:25.779Z,9,20.07,16,OK,0.1
2026-02-15T11:46:25.830Z,5,20.07,17,OK,0.1
2026-02-15T11:46:25.880Z,5,20.09,18,OK,0.1
2026-02-15T11:46:25.931Z,6,20.27,19,OK,0.1
2026-02-15T11:46:25.980Z,6,20.28,20,OK,0.1
2026-02-15T11:46:26.031Z,6,20.34,21,OK,0.1
2026-02-15T11:46:26.376Z,18,20.58,22,OK,0.1
2026-02-15T11:46:26.426Z,11,20.64,23,OK,0.1
2026-02-15T11:46:26.476Z,11,20.64,24,OK,0.1
2026-02-15T11:46:26.526Z,11,20.63,25,OK,0.1
2026-02-15T11:46:26.577Z,11,20.60,26,OK,0.1
2026-02-15T11:46:26.684Z,10,37.06,24,OK,0.1
2026-02-15T11:46:26.870Z,12,60.16,20,OK,0.1
2026-02-15T11:46:26.921Z,9,60.12,16,OK,0.1
2026-02-15T11:46:26.972Z,9,60.14,12,OK,0.1
2026-02-15T11:46:27.022Z,9,60.08,8,SATURATED,0.1
2026-02-15T11:46:27.072Z,8,43.42,6,SATURATED,0.1
2026-02-15T11:46:27.122Z,8,20.31,7,SATURATED,0.1
2026-02-15T11:46:27.172Z,8,20.30,8,SATURATED,0.1
2026-02-15T11:46:27.222Z,8,20.27,9,OK,0.1
2026-02-15T11:46:27.273Z,8,20.31,10,OK,0.1
2026-02-15T11:46:27.324Z,8,20.33,11,OK,0.1
2026-02-15T11:46:27.375Z,8,20.31,12,OK,0.1
2026-02-15T11:46:27.493Z,10,39.36,10,SATURATED,0.1
2026-02-15T11:46:27.544Z,9,39.40,8,SATURATED,0.1
2026-02-15T11:46:27.594Z,9,39.40,6,SATURATED,0.1
2026-02-15T11:46:27.645Z,8,39.46,5,SATURATED,0.1
2026-02-15T11:46:27.695Z,8,39.45,5,SATURATED,0.1
2026-02-15T11:46:27.746Z,8,20.46,6,SATURATED,0.1
2026-02-15T11:46:27.797Z,8,20.42,7,SATURATED,0.1
2026-02-15T11:46:27.848Z,8,20.37,8,SATURATED,0.1
2026-02-15T11:46:27.898Z,8,20.23,9,OK,0.1
2026-02-15T11:46:27.948Z,8,20.24,10,OK,0.1
2026-02-15T11:46:27.998Z,8,20.22,11,OK,0.1
2026-02-15T11:46:28.049Z,8,20.23,12,OK,0.1
2026-02-15T11:46:28.099Z,8,20.28,13,OK,0.1
2026-02-15T11:46:28.149Z,8,20.34,14,OK,0.1
2026-02-15T11:46:28.198Z,6,20.38,15,OK,0.1
2026-02-15T11:46:28.249Z,9,20.39,16,OK,0.1
2026-02-15T11:46:28.299Z,9,20.31,17,OK,0.1
2026-02-15T11:46:28.349Z,9,20.35,18,OK,0.1
2026-02-15T11:46:28.398Z,7,20.39,19,OK,0.1
2026-02-15T11:46:28.449Z,7,20.35,20,OK,0.1
2026-02-15T11:46:28.501Z,9,20.34,21,OK,0.1
2026-02-15T11:46:28.551Z,8,20.45,22,OK,0.1
2026-02-15T11:46:28.601Z,10,20.42,23,OK,0.1
2026-02-15T11:46:28.651Z,8,20.38,24,OK,0.1
2026-02-15T11:46:28.784Z,8,29.31,23,OK,0.1
2026-02-15T11:46:28.834Z,8,29.26,22,OK,0.1
2026-02-15T11:46:28.884Z,13,29.22,21,OK,0.1
2026-02-15T11:46:28.935Z,9,29.29,20,OK,0.1
2026-02-15T11:46:28.985Z,9,29.31,19,OK,0.1
2026-02-15T11:46:29.036Z,9,20.42,20,OK,0.1
2026-02-15T11:46:29.085Z,12,20.48,21,OK,0.1
2026-02-15T11:46:29.136Z,11,20.49,22,OK,0.1
2026-02-15T11:46:29.186Z,11,20.44,23,OK,0.1
2026-02-15T11:46:29.287Z,12,35.53,21,OK,0.1
2026-02-15T11:46:29.337Z,11,35.50,19,OK,0.1
2026-02-15T11:46:29.388Z,10,35.50,17,OK,0.1
2026-02-15T11:46:29.489Z,13,41.62,15,OK,0.1
2026-02-15T11:46:29.677Z,15,71.01,10,SATURATED,0.1
2026-02-15T11:46:29.727Z,12,55.94,6,SATURATED,0.1
2026-02-15T11:46:29.777Z,12,55.92,5,SATURATED,0.1
2026-02-15T11:46:29.828Z,12,55.94,5,SATURATED,0.1
2026-02-15T11:46:29.878Z,12,49.79,5,SATURATED,0.1
2026-02-15T11:46:29.928Z,11,20.40,6,SATURATED,0.1
2026-02-15T11:46:29.979Z,11,20.37,7,SATURATED,0.1
2026-02-15T11:46:30.030Z,11,20.42,8,SATURATED,0.1
2026-02-15T11:46:30.080Z,11,20.41,9,SATURATED,0.1
2026-02-15T11:46:30.131Z,9,20.42,10,OK,0.1
2026-02-15T11:46:30.181Z,9,20.42,11,OK,0.1
2026-02-15T11:46:30.286Z,7,26.47,10,OK,0.1
2026-02-15T11:46:30.336Z,6,26.41,9,OK,0.1
2026-02-15T11:46:30.483Z,6,26.39,8,OK,0.1
2026-02-15T11:46:30.533Z,5,26.31,7,OK,0.1
2026-02-15T11:46:30.585Z,5,26.27,6,OK,0.1
2026-02-15T11:46:30.635Z,5,20.19,7,OK,0.1
2026-02-15T11:46:30.782Z,7,20.19,8,OK,0.1
2026-02-15T11:46:30.832Z,6,20.08,9,OK,0.1
2026-02-15T11:46:30.883Z,6,20.13,10,OK,0.1
2026-02-15T11:46:30.984Z,6,36.42,8,OK,0.1
2026-02-15T11:46:31.035Z,7,36.45,6,SATURATED,0.1
2026-02-15T11:46:31.087Z,5,36.47,5,SATURATED,0.1
2026-02-15T11:46:31.138Z,5,36.56,5,SATURATED,0.1
2026-02-15T11:46:31.188Z,5,36.66,5,SATURATED,0.1
2026-02-15T11:46:31.239Z,5,20.48,6,OK,0.1
2026-02-15T11:46:31.289Z,6,20.50,7,OK,0.1
2026-02-15T11:46:31.340Z,7,20.49,8,OK,0.1
2026-02-15T11:46:31.391Z,7,20.57,9,OK,0.1
2026-02-15T11:46:31.442Z,5,20.54,10,OK,0.1
2026-02-15T11:46:31.493Z,9,20.43,11,OK,0.1
2026-02-15T11:46:31.594Z,6,36.17,9,OK,0.1
2026-02-15T11:46:31.645Z,5,36.19,7,OK,0.1
2026-02-15T11:46:31.696Z,5,36.12,5,SATURATED,0.1
2026-02-15T11:46:31.746Z,5,36.13,5,SATURATED,0.1
2026-02-15T11:46:31.795Z,5,36.13,5,SATURATED,0.1
2026-02-15T11:46:31.847Z,5,20.35,6,OK,0.1
2026-02-15T11:46:31.978Z,5,20.32,7,OK,0.1
2026-02-15T11:46:32.029Z,5,20.29,8,OK,0.1
2026-02-15T11:46:32.079Z,5,20.22,9,OK,0.1
2026-02-15T11:46:32.129Z,6,20.19,10,OK,0.1
2026-02-15T11:46:32.179Z,6,20.18,11,OK,0.1
2026-02-15T11:46:32.290Z,7,27.24,10,OK,0.1
2026-02-15T11:46:32.341Z,6,27.31,9,OK,0.1
2026-02-15T11:46:32.391Z,6,27.32,8,OK,0.1
2026-02-15T11:46:32.442Z,6,27.45,7,OK,0.1
2026-02-15T11:46:32.492Z,6,27.45,6,SATURATED,0.1
2026-02-15T11:46:32.543Z,6,20.42,7,OK,0.1
2026-02-15T11:46:32.594Z,6,20.41,8,OK,0.1
2026-02-15T11:46:32.644Z,7,20.41,9,OK,0.1
2026-02-15T11:46:32.694Z,7,20.34,10,OK,0.1
2026-02-15T11:46:32.745Z,7,20.44,11,OK,0.1
2026-02-15T11:46:32.794Z,9,20.42,12,OK,0.1
2026-02-15T11:46:32.845Z,6,20.38,13,OK,0.1
2026-02-15T11:46:32.896Z,5,20.34,14,OK,0.1
2026-02-15T11:46:32.946Z,5,20.29,15,OK,0.1
2026-02-15T11:46:33.086Z,8,20.18,16,OK,0.1
2026-02-15T11:46:33.282Z,6,55.22,12,OK,0.1
2026-02-15T11:46:33.331Z,6,55.21,8,OK,0.1
2026-02-15T11:46:33.382Z,6,55.24,5,SATURATED,0.1
2026-02-15T11:46:33.433Z,6,55.30,5,SATURATED,0.1
2026-02-15T11:46:33.483Z,6,55.32,5,SATURATED,0.1
2026-02-15T11:46:33.533Z,6,20.94,6,SATURATED,0.1
2026-02-15T11:46:33.584Z,6,20.98,7,OK,0.1
2026-02-15T11:46:33.634Z,6,21.04,8,OK,0.1
2026-02-15T11:46:33.684Z,6,20.97,9,OK,0.1
2026-02-15T11:46:33.735Z,7,21.02,10,OK,0.1
2026-02-15T11:46:33.786Z,7,20.29,11,OK,0.1
2026-02-15T11:46:33.883Z,8,25.62,10,OK,0.1
2026-02-15T11:46:34.070Z,10,48.89,7,SATURATED,0.1
2026-02-15T11:46:34.120Z,6,49.05,5,SATURATED,0.1
2026-02-15T11:46:34.171Z,6,49.03,5,SATURATED,0.1
2026-02-15T11:46:34.222Z,6,49.12,5,SATURATED,0.1
2026-02-15T11:46:34.272Z,6,43.75,5,SATURATED,0.1
2026-02-15T11:46:34.323Z,6,20.38,6,SATURATED,0.1
2026-02-15T11:46:34.374Z,6,20.30,7,OK,0.1
2026-02-15T11:46:34.424Z,6,20.20,8,OK,0.1
2026-02-15T11:46:34.474Z,6,20.21,9,OK,0.1
2026-02-15T11:46:34.524Z,6,20.18,10,OK,0.1
2026-02-15T11:46:34.574Z,6,20.21,11,OK,0.1
2026-02-15T11:46:34.624Z,6,20.16,12,OK,0.1
2026-02-15T11:46:34.675Z,6,20.26,13,OK,0.1
2026-02-15T11:46:34.784Z,6,26.86,12,OK,0.1
2026-02-15T11:46:34.835Z,6,26.96,11,OK,0.1
2026-02-15T11:46:34.886Z,6,26.98,10,OK,0.1
2026-02-15T11:46:34.936Z,6,26.95,9,OK,0.1
2026-02-15T11:46:34.986Z,5,26.94,8,OK,0.1
2026-02-15T11:46:35.035Z,4,20.27,9,OK,0.1
2026-02-15T11:46:35.085Z,5,20.19,10,OK,0.1
2026-02-15T11:46:35.136Z,5,20.11,11,OK,0.1
2026-02-15T11:46:35.186Z,5,20.18,12,OK,0.1
2026-02-15T11:46:35.237Z,5,20.19,13,OK,0.1
2026-02-15T11:46:35.287Z,4,20.24,14,OK,0.1
2026-02-15T11:46:35.567Z,3,71.93,9,OK,0.1
2026-02-15T11:46:35.703Z,9,85.13,5,SATURATED,0.1
2026-02-15T11:46:35.762Z,5,82.86,5,SATURATED,0.1
2026-02-15T11:46:35.897Z,2,101.79,5,OK,0.1
2026-02-15T11:46:36.078Z,5,123.92,5,SATURATED,0.1
2026-02-15T11:46:36.264Z,5,95.41,5,SATURATED,0.1
2026-02-15T11:46:36.315Z,4,82.19,5,OK,0.1
2026-02-15T11:46:36.365Z,5,84.32,5,SATURATED,0.1
2026-02-15T11:46:36.415Z,5,65.28,5,SATURATED,0.1
2026-02-15T11:46:36.465Z,5,43.17,5,SATURATED,0.1
2026-02-15T11:46:36.516Z,5,20.09,6,OK,0.1
2026-02-15T11:46:36.664Z,5,43.64,5,SATURATED,0.1
2026-02-15T11:46:36.715Z,4,43.57,5,OK,0.1
2026-02-15T11:46:36.988Z,5,78.10,5,SATURATED,0.1
2026-02-15T11:46:36.803Z,4,55.18,5,OK,0.1
2026-02-15T11:46:37.039Z,4,78.05,5,OK,0.1
2026-02-15T11:46:37.090Z,3,54.58,5,OK,0.1
2026-02-15T11:46:37.209Z,3,70.57,5,OK,0.1
2026-02-15T11:46:37.259Z,3,55.18,5,OK,0.1
2026-02-15T11:46:37.398Z,5,52.19,5,SATURATED,0.1
2026-02-15T11:46:37.456Z,4,49.73,5,OK,0.1
2026-02-15T11:46:37.507Z,3,49.71,5,OK,0.1
2026-02-15T11:46:37.557Z,3,33.74,5,OK,0.1
2026-02-15T11:46:37.607Z,3,37.53,5,OK,0.1
2026-02-15T11:46:37.657Z,3,17.58,6,OK,0.1
2026-02-15T11:46:37.783Z,3,41.17,5,OK,0.1
2026-02-15T11:46:37.834Z,3,41.09,5,OK,0.1
2026-02-15T11:46:37.884Z,3,41.29,5,OK,0.1
2026-02-15T11:46:37.934Z,3,41.32,5,OK,0.1
2026-02-15T11:46:37.985Z,3,41.34,5,OK,0.1
2026-02-15T11:46:38.082Z,3,25.75,5,OK,0.1
2026-02-15T11:46:38.132Z,2,25.75,5,OK,0.1
2026-02-15T11:46:38.182Z,2,25.72,5,OK,0.1
2026-02-15T11:46:38.233Z,2,25.79,5,OK,0.1
2026-02-15T11:46:38.381Z,5,25.74,5,SATURATED,0.1
2026-02-15T11:46:38.456Z,3,23.44,6,OK,0.1
2026-02-15T11:46:38.506Z,1,23.63,7,OK,0.1
2026-02-15T11:46:38.556Z,1,23.56,8,OK,0.1
2026-02-15T11:46:38.605Z,1,23.57,9,OK,0.1
2026-02-15T11:46:38.656Z,1,23.61,10,OK,0.1
2026-02-15T11:46:38.706Z,1,20.40,11,OK,0.1
2026-02-15T11:46:38.756Z,1,20.36,12,OK,0.1
2026-02-15T11:46:38.897Z,12,20.54,13,OK,0.1
2026-02-15T11:46:39.091Z,7,55.11,9,OK,0.1
2026-02-15T11:46:39.287Z,4,80.24,5,OK,0.1
2026-02-15T11:46:39.355Z,4,85.64,5,OK,0.1
2026-02-15T11:46:39.486Z,4,97.73,5,OK,0.1
2026-02-15T11:46:39.535Z,4,97.60,5,OK,0.1
2026-02-15T11:46:39.587Z,4,62.97,5,OK,0.1
2026-02-15T11:46:39.637Z,4,37.84,5,OK,0.1
2026-02-15T11:46:39.687Z,4,32.43,5,OK,0.1
2026-02-15T11:46:39.857Z,4,20.26,6,OK,0.1
2026-02-15T11:46:39.907Z,6,20.32,7,OK,0.1
2026-02-15T11:46:39.956Z,6,20.45,8,OK,0.1
2026-02-15T11:46:40.007Z,6,20.42,9,OK,0.1
2026-02-15T11:46:40.057Z,6,20.40,10,OK,0.1
2026-02-15T11:46:40.204Z,10,30.58,9,SATURATED,0.1
2026-02-15T11:46:40.263Z,7,28.29,8,OK,0.1
2026-02-15T11:46:40.314Z,6,28.05,7,OK,0.1
2026-02-15T11:46:40.363Z,6,28.18,6,SATURATED,0.1
2026-02-15T11:46:40.414Z,5,28.20,5,SATURATED,0.1
2026-02-15T11:46:40.464Z,5,18.02,6,OK,0.1
2026-02-15T11:46:40.598Z,5,20.28,7,OK,0.1
2026-02-15T11:46:40.798Z,7,56.21,5,SATURATED,0.1
2026-02-15T11:46:40.848Z,4,56.07,5,OK,0.1
2026-02-15T11:46:40.898Z,4,56.04,5,OK,0.1
2026-02-15T11:46:40.948Z,3,55.99,5,OK,0.1
2026-02-15T11:46:40.998Z,3,55.97,5,OK,0.1
2026-02-15T11:46:41.049Z,3,20.19,6,OK,0.1
2026-02-15T11:46:41.100Z,3,20.21,7,OK,0.1
2026-02-15T11:46:41.149Z,2,21.08,8,OK,0.1
2026-02-15T11:46:41.276Z,2,32.50,7,OK,0.1
2026-02-15T11:46:41.326Z,3,32.55,6,OK,0.1
2026-02-15T11:46:41.478Z,3,48.87,5,OK,0.1
2026-02-15T11:46:41.659Z,4,71.01,5,OK,0.1
2026-02-15T11:46:41.710Z,4,70.13,5,OK,0.1
2026-02-15T11:46:41.760Z,4,58.82,5,OK,0.1
2026-02-15T11:46:41.892Z,5,67.89,5,SATURATED,0.1
2026-02-15T11:46:41.955Z,5,50.09,5,SATURATED,0.1
2026-02-15T11:46:42.006Z,3,27.77,5,OK,0.1
2026-02-15T11:46:42.056Z,3,27.78,5,OK,0.1
2026-02-15T11:46:42.106Z,3,27.86,5,OK,0.1
2026-02-15T11:46:42.156Z,3,18.76,6,OK,0.1
2026-02-15T11:46:42.207Z,3,20.25,7,OK,0.1
2026-02-15T11:46:42.258Z,3,20.41,8,OK,0.1
2026-02-15T11:46:42.404Z,7,20.58,9,OK,0.1
2026-02-15T11:46:42.456Z,7,26.71,8,OK,0.1
2026-02-15T11:46:42.506Z,6,26.57,7,OK,0.1
2026-02-15T11:46:42.557Z,6,26.60,6,SATURATED,0.1
2026-02-15T11:46:42.607Z,6,26.59,5,SATURATED,0.1
2026-02-15T11:46:42.657Z,6,26.40,5,SATURATED,0.1
2026-02-15T11:46:42.708Z,6,20.18,6,SATURATED,0.1
2026-02-15T11:46:42.758Z,6,20.25,7,OK,0.1
2026-02-15T11:46:42.808Z,7,20.09,8,OK,0.1
2026-02-15T11:46:42.858Z,6,20.10,9,OK,0.1
2026-02-15T11:46:42.912Z,9,20.36,10,OK,0.1
2026-02-15T11:46:42.965Z,10,20.33,11,OK,0.1
2026-02-15T11:46:43.015Z,8,20.31,12,OK,0.1
2026-02-15T11:46:43.065Z,8,20.42,13,OK,0.1
2026-02-15T11:46:43.115Z,8,20.41,14,OK,0.1
2026-02-15T11:46:43.166Z,9,20.14,15,OK,0.1
2026-02-15T11:46:43.215Z,9,20.11,16,OK,0.1
2026-02-15T11:46:43.266Z,9,20.21,17,OK,0.1
2026-02-15T11:46:43.874Z,17,76.91,11,SATURATED,0.1
2026-02-15T11:46:43.965Z,11,86.97,5,SATURATED,0.1
2026-02-15T11:46:44.015Z,7,87.06,5,SATURATED,0.1
2026-02-15T11:46:44.066Z,7,87.13,5,SATURATED,0.1
2026-02-15T11:46:44.115Z,7,87.13,5,SATURATED,0.1
2026-02-15T11:46:44.165Z,7,30.54,5,SATURATED,0.1
2026-02-15T11:46:44.216Z,7,20.55,6,SATURATED,0.1
2026-02-15T11:46:44.266Z,7,20.45,7,SATURATED,0.1
2026-02-15T11:46:44.316Z,5,20.37,8,OK,0.1
2026-02-15T11:46:44.366Z,5,20.31,9,OK,0.1
2026-02-15T11:46:44.417Z,4,20.18,10,OK,0.1
2026-02-15T11:46:44.468Z,4,20.14,11,OK,0.1
2026-02-15T11:46:44.518Z,4,20.12,12,OK,0.1
2026-02-15T11:46:44.567Z,4,20.19,13,OK,0.1
2026-02-15T11:46:44.617Z,4,20.24,14,OK,0.1
2026-02-15T11:46:44.668Z,4,20.24,15,OK,0.1
2026-02-15T11:46:44.718Z,5,20.16,16,OK,0.1
2026-02-15T11:46:44.768Z,6,20.20,17,OK,0.1
2026-02-15T11:46:44.819Z,6,20.13,18,OK,0.1
2026-02-15T11:46:44.869Z,6,20.15,19,OK,0.1
2026-02-15T11:46:45.060Z,19,53.28,16,SATURATED,0.1
2026-02-15T11:46:45.110Z,9,53.28,13,OK,0.1
2026-02-15T11:46:45.365Z,10,90.22,6,SATURATED,0.1
2026-02-15T11:46:45.416Z,8,90.30,5,SATURATED,0.1
2026-02-15T11:46:45.466Z,8,90.25,5,SATURATED,0.1
2026-02-15T11:46:45.516Z,8,57.13,5,SATURATED,0.1
2026-02-15T11:46:45.567Z,8,57.14,5,SATURATED,0.1
2026-02-15T11:46:45.617Z,8,20.21,6,SATURATED,0.1
2026-02-15T11:46:45.666Z,8,20.21,7,SATURATED,0.1
2026-02-15T11:46:45.717Z,8,20.20,8,SATURATED,0.1
2026-02-15T11:46:45.768Z,8,20.15,9,OK,0.1
2026-02-15T11:46:45.819Z,8,20.16,10,OK,0.1
2026-02-15T11:46:45.869Z,8,20.14,11,OK,0.1
2026-02-15T11:46:46.072Z,7,56.57,7,SATURATED,0.1
2026-02-15T11:46:46.122Z,7,56.62,5,SATURATED,0.1
2026-02-15T11:46:46.172Z,7,56.66,5,SATURATED,0.1
2026-02-15T11:46:46.222Z,7,56.73,5,SATURATED,0.1
2026-02-15T11:46:46.273Z,7,56.70,5,SATURATED,0.1
2026-02-15T11:46:46.323Z,7,20.26,6,SATURATED,0.1
2026-02-15T11:46:46.374Z,7,20.21,7,SATURATED,0.1
2026-02-15T11:46:46.424Z,7,20.16,8,OK,0.1
2026-02-15T11:46:46.473Z,7,20.13,9,OK,0.1
2026-02-15T11:46:46.524Z,7,20.17,10,OK,0.1
2026-02-15T11:46:46.782Z,7,57.73,6,SATURATED,0.1
2026-02-15T11:46:46.833Z,5,57.73,5,SATURATED,0.1
2026-02-15T11:46:46.883Z,4,57.76,5,OK,0.1
2026-02-15T11:46:46.933Z,2,57.76,5,OK,0.1
2026-02-15T11:46:46.983Z,2,57.66,5,OK,0.1
2026-02-15T11:46:47.034Z,1,20.15,6,OK,0.1
2026-02-15T11:46:47.359Z,5,20.13,7,OK,0.1
2026-02-15T11:46:47.990Z,6,142.20,5,SATURATED,0.4
2026-02-15T11:46:48.065Z,5,143.17,5,SATURATED,0.4
2026-02-15T11:46:48.373Z,2,200.83,5,OK,0.4
2026-02-15T11:46:48.457Z,5,203.54,5,SATURATED,0.4
2026-02-15T11:46:48.507Z,2,203.65,5,OK,0.4
2026-02-15T11:46:48.558Z,2,81.61,5,OK,0.1
2026-02-15T11:46:48.608Z,2,80.61,5,OK,0.1
2026-02-15T11:46:48.659Z,2,23.08,6,OK,0.1
2026-02-15T11:46:48.710Z,2,20.28,7,OK,0.1
2026-02-15T11:46:48.760Z,3,20.09,8,OK,0.1
2026-02-15T11:46:48.810Z,3,20.04,9,OK,0.1
2026-02-15T11:46:48.860Z,3,20.11,10,OK,0.1
2026-02-15T11:46:48.911Z,3,20.03,11,OK,0.1
2026-02-15T11:46:48.961Z,3,20.00,12,OK,0.1
2026-02-15T11:46:49.091Z,6,32.06,11,OK,0.1
2026-02-15T11:46:49.366Z,11,83.09,5,SATURATED,0.1
2026-02-15T11:46:49.417Z,5,83.07,5,SATURATED,0.1
2026-02-15T11:46:49.468Z,5,83.14,5,SATURATED,0.1
2026-02-15T11:46:49.518Z,5,83.24,5,SATURATED,0.1
2026-02-15T11:46:49.568Z,5,71.20,5,SATURATED,0.1
2026-02-15T11:46:49.620Z,5,20.24,6,OK,0.1
2026-02-15T11:46:49.670Z,5,20.17,7,OK,0.1
2026-02-15T11:46:49.720Z,5,20.14,8,OK,0.1
2026-02-15T11:46:49.770Z,5,20.11,9,OK,0.1
2026-02-15T11:46:49.820Z,5,20.19,10,OK,0.1
2026-02-15T11:46:49.869Z,5,20.18,11,OK,0.1
2026-02-15T11:46:49.920Z,5,20.25,12,OK,0.1
2026-02-15T11:46:49.970Z,6,20.26,13,OK,0.1
2026-02-15T11:46:50.021Z,6,20.40,14,OK,0.1
2026-02-15T11:46:50.072Z,5,20.43,15,OK,0.1
2026-02-15T11:46:50.123Z,5,20.48,16,OK,0.1
2026-02-15T11:46:50.173Z,6,20.45,17,OK,0.1
2026-02-15T11:46:50.224Z,6,20.46,18,OK,0.1
2026-02-15T11:46:50.275Z,6,20.34,19,OK,0.1
2026-02-15T11:46:50.389Z,10,38.42,17,OK,0.1
2026-02-15T11:46:50.598Z,16,66.12,12,SATURATED,0.1
2026-02-15T11:46:50.655Z,8,63.47,8,SATURATED,0.1
2026-02-15T11:46:50.705Z,8,63.50,5,SATURATED,0.1
2026-02-15T11:46:50.755Z,7,63.47,5,SATURATED,0.1
2026-02-15T11:46:50.806Z,7,45.43,5,SATURATED,0.1
2026-02-15T11:46:50.856Z,7,17.73,6,SATURATED,0.1
2026-02-15T11:46:50.907Z,7,20.38,7,SATURATED,0.1
2026-02-15T11:46:50.958Z,7,20.41,8,OK,0.1
2026-02-15T11:46:51.009Z,6,20.39,9,OK,0.1
2026-02-15T11:46:51.060Z,6,20.36,10,OK,0.1
2026-02-15T11:46:51.109Z,6,20.30,11,OK,0.1
2026-02-15T11:46:51.160Z,6,20.26,12,OK,0.1
2026-02-15T11:46:51.210Z,6,20.23,13,OK,0.1
2026-02-15T11:46:51.260Z,6,20.29,14,OK,0.1
2026-02-15T11:46:51.311Z,5,20.38,15,OK,0.1
2026-02-15T11:46:51.362Z,5,20.33,16,OK,0.1
2026-02-15T11:46:51.478Z,5,20.47,17,OK,0.1
2026-02-15T11:46:51.529Z,5,20.49,18,OK,0.1
2026-02-15T11:46:51.693Z,12,20.45,19,OK,0.1
2026-02-15T11:46:51.968Z,19,71.31,14,SATURATED,0.1
2026-02-15T11:46:52.166Z,9,96.91,6,SATURATED,0.1
2026-02-15T11:46:52.216Z,5,96.85,5,SATURATED,0.1
2026-02-15T11:46:52.266Z,5,96.80,5,SATURATED,0.1
2026-02-15T11:46:52.317Z,4,96.78,5,OK,0.1
2026-02-15T11:46:52.461Z,4,68.75,5,OK,0.1
2026-02-15T11:46:52.512Z,4,43.20,5,OK,0.1
2026-02-15T11:46:52.562Z,4,43.04,5,OK,0.1
2026-02-15T11:46:52.612Z,3,43.01,5,OK,0.1
2026-02-15T11:46:52.662Z,3,43.07,5,OK,0.1
2026-02-15T11:46:52.778Z,3,27.65,5,OK,0.1
2026-02-15T11:46:52.829Z,3,27.68,5,OK,0.1
2026-02-15T11:46:52.879Z,3,27.80,5,OK,0.1
2026-02-15T11:46:53.086Z,5,64.70,5,SATURATED,0.1
2026-02-15T11:46:53.168Z,5,67.02,5,SATURATED,0.1
2026-02-15T11:46:53.219Z,3,59.51,5,OK,0.1
2026-02-15T11:46:53.269Z,3,59.48,5,OK,0.1
2026-02-15T11:46:53.376Z,3,66.84,5,OK,0.1
2026-02-15T11:46:53.426Z,4,29.91,5,OK,0.1
2026-02-15T11:46:53.476Z,4,27.59,5,OK,0.1
2026-02-15T11:46:53.526Z,4,27.58,5,OK,0.1
2026-02-15T11:46:53.607Z,4,29.73,5,OK,0.1
2026-02-15T11:46:53.657Z,5,18.33,6,OK,0.1
2026-02-15T11:46:53.707Z,3,18.28,7,OK,0.1
2026-02-15T11:46:53.758Z,3,18.34,8,OK,0.1
2026-02-15T11:46:53.877Z,6,26.15,7,OK,0.1
2026-02-15T11:46:53.927Z,5,23.98,8,OK,0.1
2026-02-15T11:46:53.977Z,4,28.00,7,OK,0.1
2026-02-15T11:46:54.027Z,4,28.14,6,OK,0.1
2026-02-15T11:46:54.077Z,4,28.06,5,OK,0.1
2026-02-15T11:46:54.191Z,5,38.28,5,SATURATED,0.1
2026-02-15T11:46:54.275Z,5,41.06,5,SATURATED,0.1
2026-02-15T11:46:54.325Z,3,41.10,5,OK,0.1
2026-02-15T11:46:54.375Z,3,41.03,5,OK,0.1
2026-02-15T11:46:54.425Z,3,41.09,5,OK,0.1
2026-02-15T11:46:54.476Z,3,23.11,6,OK,0.1
2026-02-15T11:46:54.527Z,3,20.30,7,OK,0.1
2026-02-15T11:46:54.607Z,3,22.44,8,OK,0.1
2026-02-15T11:46:54.658Z,3,18.61,9,OK,0.1
2026-02-15T11:46:54.709Z,3,18.53,10,OK,0.1
2026-02-15T11:46:54.760Z,3,18.40,11,OK,0.1
2026-02-15T11:46:54.810Z,3,18.47,12,OK,0.1
2026-02-15T11:46:54.861Z,3,16.34,13,OK,0.1
2026-02-15T11:46:54.910Z,5,20.29,14,OK,0.1
2026-02-15T11:46:54.960Z,5,20.38,15,OK,0.1
2026-02-15T11:46:55.011Z,5,20.47,16,OK,0.1
2026-02-15T11:46:55.061Z,5,20.49,17,OK,0.1
2026-02-15T11:46:55.112Z,6,20.48,18,OK,0.1
2026-02-15T11:46:55.162Z,6,20.40,19,OK,0.1
2026-02-15T11:46:55.356Z,18,35.66,17,SATURATED,0.1
2026-02-15T11:46:55.666Z,17,83.59,11,SATURATED,0.1
2026-02-15T11:46:55.716Z,8,83.43,5,SATURATED,0.1
2026-02-15T11:46:55.766Z,8,83.38,5,SATURATED,0.1
2026-02-15T11:46:55.816Z,7,83.38,5,SATURATED,0.1
2026-02-15T11:46:55.866Z,7,68.08,5,SATURATED,0.1
2026-02-15T11:46:55.916Z,6,20.01,6,SATURATED,0.1
2026-02-15T11:46:55.967Z,6,20.16,7,OK,0.1
2026-02-15T11:46:56.017Z,6,20.13,8,OK,0.1
2026-02-15T11:46:56.067Z,6,20.10,9,OK,0.1
2026-02-15T11:46:56.118Z,6,20.09,10,OK,0.1
2026-02-15T11:46:56.168Z,6,20.29,11,OK,0.1
2026-02-15T11:46:56.219Z,6,20.20,12,OK,0.1
2026-02-15T11:46:56.268Z,6,20.28,13,OK,0.1
2026-02-15T11:46:56.382Z,12,27.53,12,SATURATED,0.1
2026-02-15T11:46:56.587Z,8,54.47,9,OK,0.1
2026-02-15T11:46:56.786Z,9,80.15,5,SATURATED,0.1
2026-02-15T11:46:56.862Z,7,81.35,5,SATURATED,0.1
2026-02-15T11:46:56.912Z,5,81.16,5,SATURATED,0.1
2026-02-15T11:46:56.962Z,5,73.76,5,SATURATED,0.1
2026-02-15T11:46:57.013Z,5,46.76,5,SATURATED,0.1
2026-02-15T11:46:57.063Z,5,21.04,6,OK,0.1
2026-02-15T11:46:57.114Z,4,19.82,7,OK,0.1
2026-02-15T11:46:57.165Z,6,19.96,8,OK,0.1
2026-02-15T11:46:57.216Z,5,20.04,9,OK,0.1
2026-02-15T11:46:57.267Z,5,20.11,10,OK,0.1
2026-02-15T11:46:57.317Z,4,20.19,11,OK,0.1
2026-02-15T11:46:57.402Z,4,31.69,10,OK,0.1
2026-02-15T11:46:57.583Z,8,53.89,7,SATURATED,0.1
2026-02-15T11:46:57.663Z,7,55.92,5,SATURATED,0.1
2026-02-15T11:46:57.713Z,4,55.93,5,OK,0.1
2026-02-15T11:46:57.763Z,4,55.90,5,OK,0.1
2026-02-15T11:46:57.881Z,4,63.39,5,OK,0.1
2026-02-15T11:46:57.957Z,5,48.27,5,SATURATED,0.1
2026-02-15T11:46:58.007Z,4,46.35,5,OK,0.1
2026-02-15T11:46:58.058Z,4,46.35,5,OK,0.1
2026-02-15T11:46:58.108Z,4,46.19,5,OK,0.1
2026-02-15T11:46:58.158Z,4,27.13,5,OK,0.1
2026-02-15T11:46:58.209Z,4,20.12,6,OK,0.1
2026-02-15T11:46:58.260Z,4,20.10,7,OK,0.1
2026-02-15T11:46:58.310Z,3,20.11,8,OK,0.1
2026-02-15T11:46:58.361Z,3,20.17,9,OK,0.1
2026-02-15T11:46:58.411Z,3,20.32,10,OK,0.1
2026-02-15T11:46:58.461Z,3,20.32,11,OK,0.1
2026-02-15T11:46:58.512Z,3,20.36,12,OK,0.1
2026-02-15T11:46:58.563Z,3,20.33,13,OK,0.1
2026-02-15T11:46:58.613Z,5,20.54,14,OK,0.1
2026-02-15T11:46:58.669Z,14,20.58,15,OK,0.1
2026-02-15T11:46:58.797Z,7,42.04,13,OK,0.1
2026-02-15T11:46:58.847Z,6,42.03,11,OK,0.1
2026-02-15T11:46:59.174Z,11,42.08,9,SATURATED,0.1
2026-02-15T11:46:59.264Z,8,55.70,5,SATURATED,0.1
2026-02-15T11:46:59.315Z,4,55.67,5,OK,0.1
2026-02-15T11:46:59.365Z,4,34.18,5,OK,0.1
2026-02-15T11:46:59.416Z,4,34.17,5,OK,0.1
2026-02-15T11:46:59.466Z,4,34.16,5,OK,0.1
2026-02-15T11:46:59.517Z,4,20.36,6,OK,0.1
2026-02-15T11:46:59.567Z,6,20.39,7,OK,0.1
2026-02-15T11:46:59.617Z,7,20.45,8,OK,0.1
2026-02-15T11:46:59.667Z,6,20.40,9,OK,0.1
2026-02-15T11:46:59.797Z,9,41.91,7,SATURATED,0.1
2026-02-15T11:46:59.847Z,7,41.91,5,SATURATED,0.1
2026-02-15T11:46:59.898Z,7,41.88,5,SATURATED,0.1
2026-02-15T11:46:59.949Z,7,41.91,5,SATURATED,0.1
2026-02-15T11:47:00.000Z,7,41.94,5,SATURATED,0.1
2026-02-15T11:47:00.050Z,7,20.43,6,SATURATED,0.1
2026-02-15T11:47:00.101Z,7,20.40,7,SATURATED,0.1
2026-02-15T11:47:00.151Z,7,20.42,8,OK,0.1
2026-02-15T11:47:00.201Z,8,20.54,9,OK,0.1
2026-02-15T11:47:00.251Z,8,20.39,10,OK,0.1
2026-02-15T11:47:00.381Z,9,32.32,9,SATURATED,0.1
2026-02-15T11:47:00.431Z,9,32.30,8,SATURATED,0.1
2026-02-15T11:47:00.481Z,9,32.28,7,SATURATED,0.1
2026-02-15T11:47:00.531Z,9,32.20,6,SATURATED,0.1
2026-02-15T11:47:00.581Z,9,32.33,5,SATURATED,0.1
2026-02-15T11:47:00.632Z,7,20.39,6,SATURATED,0.1
2026-02-15T11:47:00.681Z,6,20.35,7,OK,0.1
2026-02-15T11:47:00.756Z,6,29.61,6,SATURATED,0.1
2026-02-15T11:47:00.806Z,6,29.38,5,SATURATED,0.1
2026-02-15T11:47:00.857Z,6,29.41,5,SATURATED,0.1
2026-02-15T11:47:00.908Z,6,29.66,5,SATURATED,0.1
2026-02-15T11:47:00.958Z,6,29.80,5,SATURATED,0.1
2026-02-15T11:47:01.009Z,6,20.55,6,SATURATED,0.1
2026-02-15T11:47:01.060Z,6,20.68,7,OK,0.1
2026-02-15T11:47:01.111Z,6,20.67,8,OK,0.1
2026-02-15T11:47:01.161Z,6,20.49,9,OK,0.1
2026-02-15T11:47:01.282Z,6,30.56,8,OK,0.1
2026-02-15T11:47:01.333Z,8,30.47,7,SATURATED,0.1
2026-02-15T11:47:01.382Z,8,30.43,6,SATURATED,0.1
2026-02-15T11:47:01.432Z,8,30.33,5,SATURATED,0.1
2026-02-15T11:47:01.482Z,8,30.27,5,SATURATED,0.1
2026-02-15T11:47:01.532Z,7,20.13,6,SATURATED,0.1
2026-02-15T11:47:01.583Z,6,20.19,7,OK,0.1
2026-02-15T11:47:01.688Z,5,36.42,5,SATURATED,0.1
2026-02-15T11:47:01.738Z,5,36.31,5,SATURATED,0.1
2026-02-15T11:47:01.788Z,5,36.47,5,SATURATED,0.1
2026-02-15T11:47:01.838Z,5,36.52,5,SATURATED,0.1
2026-02-15T11:47:01.889Z,5,36.50,5,SATURATED,0.1
2026-02-15T11:47:01.939Z,5,20.24,6,OK,0.1
2026-02-15T11:47:01.990Z,5,20.45,7,OK,0.1
2026-02-15T11:47:02.040Z,5,20.28,8,OK,0.1
2026-02-15T11:47:02.091Z,5,20.20,9,OK,0.1
2026-02-15T11:47:02.258Z,5,39.75,7,OK,0.1
2026-02-15T11:47:02.391Z,3,48.84,5,OK,0.1
2026-02-15T11:47:02.461Z,5,48.75,5,SATURATED,0.1
2026-02-15T11:47:02.512Z,3,48.86,5,OK,0.1
2026-02-15T11:47:02.660Z,3,72.39,5,OK,0.1
2026-02-15T11:47:02.858Z,5,84.35,5,SATURATED,0.1
2026-02-15T11:47:02.908Z,5,75.31,5,SATURATED,0.1
2026-02-15T11:47:02.958Z,5,75.34,5,SATURATED,0.1
2026-02-15T11:47:03.008Z,5,75.21,5,SATURATED,0.1
2026-02-15T11:47:03.058Z,5,51.70,5,SATURATED,0.1
2026-02-15T11:47:03.109Z,5,20.21,6,OK,0.1
2026-02-15T11:47:03.160Z,5,20.24,7,OK,0.1
2026-02-15T11:47:03.211Z,5,20.27,8,OK,0.1
2026-02-15T11:47:03.261Z,5,20.33,9,OK,0.1
2026-02-15T11:47:03.311Z,4,20.43,10,OK,0.1
2026-02-15T11:47:03.361Z,3,20.43,11,OK,0.1
2026-02-15T11:47:03.493Z,11,29.09,10,SATURATED,0.1
2026-02-15T11:47:03.567Z,5,29.83,9,OK,0.1
2026-02-15T11:47:03.617Z,3,29.69,8,OK,0.1
2026-02-15T11:47:03.669Z,6,29.61,7,OK,0.1
2026-02-15T11:47:03.720Z,3,29.56,6,OK,0.1
2026-02-15T11:47:03.771Z,2,20.89,7,OK,0.1
2026-02-15T11:47:03.820Z,2,20.24,8,OK,0.1
2026-02-15T11:47:03.870Z,8,20.35,9,OK,0.1
2026-02-15T11:47:04.059Z,9,44.08,7,SATURATED,0.1
2026-02-15T11:47:04.396Z,7,97.45,5,SATURATED,0.1
2026-02-15T11:47:04.772Z,5,158.60,5,SATURATED,0.4
2026-02-15T11:47:04.981Z,5,186.25,5,SATURATED,0.4
2026-02-15T11:47:05.032Z,2,186.15,5,OK,0.4
2026-02-15T11:47:05.083Z,3,162.46,5,OK,0.4
2026-02-15T11:47:05.133Z,3,109.10,5,OK,0.1
2026-02-15T11:47:05.183Z,3,47.95,5,OK,0.1
2026-02-15T11:47:05.233Z,3,20.23,6,OK,0.1
2026-02-15T11:47:05.284Z,4,20.27,7,OK,0.1
2026-02-15T11:47:05.334Z,4,20.24,8,OK,0.1
2026-02-15T11:47:05.385Z,4,20.27,9,OK,0.1
2026-02-15T11:47:05.485Z,4,35.42,7,OK,0.1
2026-02-15T11:47:05.535Z,5,35.39,5,SATURATED,0.1
2026-02-15T11:47:05.585Z,5,35.45,5,SATURATED,0.1
2026-02-15T11:47:05.636Z,5,35.38,5,SATURATED,0.1
2026-02-15T11:47:05.686Z,5,35.41,5,SATURATED,0.1
2026-02-15T11:47:05.736Z,5,20.25,6,OK,0.1
2026-02-15T11:47:05.880Z,5,20.23,7,OK,0.1
2026-02-15T11:47:05.931Z,6,20.11,8,OK,0.1
2026-02-15T11:47:05.996Z,8,20.92,9,OK,0.1
2026-02-15T11:47:06.057Z,9,28.88,8,SATURATED,0.1
2026-02-15T11:47:06.108Z,8,28.98,7,SATURATED,0.1
2026-02-15T11:47:06.158Z,8,28.97,6,SATURATED,0.1
2026-02-15T11:47:06.209Z,8,29.21,5,SATURATED,0.1
2026-02-15T11:47:06.260Z,8,28.47,5,SATURATED,0.1
2026-02-15T11:47:06.310Z,8,20.40,6,SATURATED,0.1
2026-02-15T11:47:06.360Z,8,20.37,7,SATURATED,0.1
2026-02-15T11:47:06.411Z,8,20.49,8,SATURATED,0.1
2026-02-15T11:47:06.462Z,8,20.36,9,OK,0.1
2026-02-15T11:47:06.512Z,8,20.27,10,OK,0.1
2026-02-15T11:47:06.562Z,8,20.32,11,OK,0.1
2026-02-15T11:47:06.613Z,8,20.29,12,OK,0.1
2026-02-15T11:47:06.663Z,8,20.19,13,OK,0.1
2026-02-15T11:47:06.714Z,8,20.22,14,OK,0.1
2026-02-15T11:47:06.764Z,8,20.32,15,OK,0.1
2026-02-15T11:47:06.815Z,8,20.31,16,OK,0.1
2026-02-15T11:47:06.865Z,8,20.34,17,OK,0.1
2026-02-15T11:47:06.979Z,11,38.71,15,OK,0.1
2026-02-15T11:47:07.300Z,14,88.85,8,SATURATED,0.1
2026-02-15T11:47:07.387Z,7,92.15,5,SATURATED,0.1
2026-02-15T11:47:07.438Z,6,92.20,5,SATURATED,0.1
2026-02-15T11:47:07.489Z,6,92.15,5,SATURATED,0.1
2026-02-15T11:47:07.539Z,5,73.81,5,SATURATED,0.1
2026-02-15T11:47:07.589Z,5,23.69,6,OK,0.1
2026-02-15T11:47:07.639Z,5,20.42,7,OK,0.1
2026-02-15T11:47:07.689Z,5,20.41,8,OK,0.1
2026-02-15T11:47:07.740Z,5,20.37,9,OK,0.1
2026-02-15T11:47:07.791Z,5,20.38,10,OK,0.1
2026-02-15T11:47:07.841Z,5,20.34,11,OK,0.1
2026-02-15T11:47:07.891Z,5,20.28,12,OK,0.1
2026-02-15T11:47:07.941Z,5,20.30,13,OK,0.1
2026-02-15T11:47:07.992Z,5,20.36,14,OK,0.1
2026-02-15T11:47:08.042Z,5,20.28,15,OK,0.1
2026-02-15T11:47:08.092Z,3,20.41,16,OK,0.1
2026-02-15T11:47:08.143Z,3,20.34,17,OK,0.1
2026-02-15T11:47:08.193Z,3,20.29,18,OK,0.1
2026-02-15T11:47:08.243Z,3,20.26,19,OK,0.1
2026-02-15T11:47:08.293Z,3,20.34,20,OK,0.1
2026-02-15T11:47:08.384Z,3,24.37,21,OK,0.1
2026-02-15T11:47:09.090Z,21,151.57,5,SATURATED,0.4
2026-02-15T11:47:09.167Z,5,152.92,5,SATURATED,0.4
2026-02-15T11:47:09.217Z,4,152.99,5,OK,0.4
2026-02-15T11:47:09.267Z,4,152.97,5,OK,0.4
2026-02-15T11:47:09.317Z,3,148.79,5,OK,0.4
2026-02-15T11:47:09.368Z,3,21.66,6,OK,0.1
2026-02-15T11:47:09.417Z,4,20.25,7,OK,0.1
2026-02-15T11:47:09.467Z,4,20.22,8,OK,0.1
2026-02-15T11:47:09.517Z,4,20.22,9,OK,0.1
2026-02-15T11:47:09.567Z,4,20.27,10,OK,0.1
2026-02-15T11:47:09.618Z,4,20.21,11,OK,0.1
2026-02-15T11:47:09.667Z,4,20.29,12,OK,0.1
2026-02-15T11:47:09.717Z,4,20.40,13,OK,0.1
2026-02-15T11:47:09.768Z,4,20.38,14,OK,0.1
2026-02-15T11:47:09.818Z,4,20.26,15,OK,0.1
2026-02-15T11:47:09.867Z,4,20.35,16,OK,0.1
2026-02-15T11:47:09.986Z,4,30.08,15,OK,0.1
2026-02-15T11:47:10.036Z,3,30.00,14,OK,0.1
2026-02-15T11:47:10.384Z,12,30.15,13,OK,0.1
2026-02-15T11:47:10.492Z,13,47.80,10,SATURATED,0.1
2026-02-15T11:47:10.542Z,5,47.77,7,OK,0.1
2026-02-15T11:47:10.592Z,5,38.05,5,SATURATED,0.1
2026-02-15T11:47:10.642Z,5,37.99,5,SATURATED,0.1
2026-02-15T11:47:10.693Z,5,37.86,5,SATURATED,0.1
2026-02-15T11:47:10.743Z,5,20.42,6,OK,0.1
2026-02-15T11:47:10.792Z,5,20.41,7,OK,0.1
2026-02-15T11:47:10.843Z,5,20.39,8,OK,0.1
2026-02-15T11:47:10.894Z,5,20.41,9,OK,0.1
2026-02-15T11:47:10.945Z,5,20.39,10,OK,0.1
2026-02-15T11:47:10.995Z,5,20.31,11,OK,0.1
2026-02-15T11:47:11.046Z,5,20.33,12,OK,0.1
2026-02-15T11:47:11.096Z,3,20.29,13,OK,0.1
2026-02-15T11:47:11.146Z,3,20.33,14,OK,0.1
2026-02-15T11:47:11.196Z,3,20.35,15,OK,0.1
2026-02-15T11:47:11.246Z,3,20.34,16,OK,0.1
2026-02-15T11:47:11.296Z,3,20.33,17,OK,0.1
2026-02-15T11:47:11.347Z,3,20.40,18,OK,0.1
2026-02-15T11:47:11.487Z,7,20.56,19,OK,0.1
2026-02-15T11:47:11.767Z,19,72.61,14,SATURATED,0.1
2026-02-15T11:47:11.817Z,6,72.61,9,OK,0.1
2026-02-15T11:47:11.867Z,6,72.62,5,SATURATED,0.1
2026-02-15T11:47:11.917Z,6,72.60,5,SATURATED,0.1
2026-02-15T11:47:11.968Z,6,72.43,5,SATURATED,0.1
2026-02-15T11:47:12.017Z,6,20.36,6,SATURATED,0.1
2026-02-15T11:47:12.068Z,6,20.36,7,OK,0.1
2026-02-15T11:47:12.118Z,6,20.32,8,OK,0.1
2026-02-15T11:47:12.169Z,6,20.28,9,OK,0.1
2026-02-15T11:47:12.220Z,6,20.29,10,OK,0.1
2026-02-15T11:47:12.270Z,6,20.30,11,OK,0.1
2026-02-15T11:47:12.321Z,6,20.31,12,OK,0.1
2026-02-15T11:47:12.371Z,6,20.34,13,OK,0.1
2026-02-15T11:47:12.422Z,5,20.43,14,OK,0.1
2026-02-15T11:47:12.471Z,5,20.46,15,OK,0.1
2026-02-15T11:47:12.582Z,6,36.93,13,OK,0.1
2026-02-15T11:47:12.632Z,6,36.88,11,OK,0.1
2026-02-15T11:47:12.682Z,6,36.84,9,OK,0.1
2026-02-15T11:47:12.793Z,9,54.67,6,SATURATED,0.1
2026-02-15T11:47:12.895Z,6,60.96,5,SATURATED,0.1
2026-02-15T11:47:12.946Z,6,44.45,5,SATURATED,0.1
2026-02-15T11:47:12.996Z,6,44.45,5,SATURATED,0.1
2026-02-15T11:47:13.047Z,6,44.45,5,SATURATED,0.1
2026-02-15T11:47:13.098Z,6,26.62,5,SATURATED,0.1
2026-02-15T11:47:13.147Z,6,20.31,6,SATURATED,0.1
2026-02-15T11:47:13.198Z,6,20.39,7,OK,0.1
2026-02-15T11:47:13.248Z,6,20.45,8,OK,0.1
2026-02-15T11:47:13.298Z,6,20.47,9,OK,0.1
2026-02-15T11:47:13.349Z,6,20.41,10,OK,0.1
2026-02-15T11:47:13.400Z,7,20.42,11,OK,0.1
2026-02-15T11:47:13.451Z,6,20.41,12,OK,0.1
2026-02-15T11:47:13.502Z,4,20.40,13,OK,0.1
2026-02-15T11:47:13.552Z,4,20.40,14,OK,0.1
2026-02-15T11:47:13.602Z,5,20.37,15,OK,0.1
2026-02-15T11:47:13.653Z,5,20.34,16,OK,0.1
2026-02-15T11:47:13.703Z,4,20.32,17,OK,0.1
2026-02-15T11:47:13.754Z,4,20.30,18,OK,0.1
2026-02-15T11:47:14.256Z,14,20.31,19,OK,0.1
2026-02-15T11:47:14.679Z,18,100.71,11,SATURATED,0.1
2026-02-15T11:47:14.729Z,5,100.70,5,SATURATED,0.1
2026-02-15T11:47:14.780Z,5,100.65,5,SATURATED,0.1
2026-02-15T11:47:14.830Z,5,100.60,5,SATURATED,0.1
2026-02-15T11:47:14.880Z,5,100.57,5,SATURATED,0.1
2026-02-15T11:47:14.930Z,5,20.23,6,OK,0.1
2026-02-15T11:47:14.981Z,5,20.28,7,OK,0.1
2026-02-15T11:47:15.031Z,5,20.27,8,OK,0.1
2026-02-15T11:47:15.081Z,5,20.34,9,OK,0.1
2026-02-15T11:47:15.131Z,5,20.36,10,OK,0.1
2026-02-15T11:47:15.182Z,5,20.37,11,OK,0.1
2026-02-15T11:47:15.232Z,5,20.27,12,OK,0.1
2026-02-15T11:47:15.283Z,5,20.38,13,OK,0.1
2026-02-15T11:47:15.332Z,5,20.36,14,OK,0.1
2026-02-15T11:47:15.383Z,5,20.38,15,OK,0.1
2026-02-15T11:47:15.433Z,4,20.39,16,OK,0.1
2026-02-15T11:47:15.483Z,4,20.45,17,OK,0.1
2026-02-15T11:47:15.534Z,4,20.38,18,OK,0.1
2026-02-15T11:47:15.584Z,4,20.38,19,OK,0.1
2026-02-15T11:47:15.755Z,7,49.07,16,OK,0.1
2026-02-15T11:47:15.981Z,16,80.35,10,SATURATED,0.1
2026-02-15T11:47:16.032Z,6,80.34,5,SATURATED,0.1
2026-02-15T11:47:16.081Z,6,80.36,5,SATURATED,0.1
2026-02-15T11:47:16.131Z,6,80.24,5,SATURATED,0.1
2026-02-15T11:47:16.182Z,6,51.53,5,SATURATED,0.1
2026-02-15T11:47:16.233Z,6,20.23,6,SATURATED,0.1
2026-02-15T11:47:16.284Z,5,20.25,7,OK,0.1
2026-02-15T11:47:16.334Z,5,20.23,8,OK,0.1
2026-02-15T11:47:16.384Z,5,20.40,9,OK,0.1
2026-02-15T11:47:16.434Z,6,20.36,10,OK,0.1
2026-02-15T11:47:16.484Z,6,20.34,11,OK,0.1
2026-02-15T11:47:16.535Z,6,20.37,12,OK,0.1
2026-02-15T11:47:16.586Z,6,20.36,13,OK,0.1
2026-02-15T11:47:16.676Z,6,33.46,12,OK,0.1
2026-02-15T11:47:16.726Z,5,33.42,11,OK,0.1
2026-02-15T11:47:16.776Z,5,33.43,10,OK,0.1
2026-02-15T11:47:16.826Z,5,33.47,9,OK,0.1
2026-02-15T11:47:16.876Z,5,33.44,8,OK,0.1
2026-02-15T11:47:16.926Z,7,20.52,9,OK,0.1
2026-02-15T11:47:16.982Z,9,20.59,10,OK,0.1
2026-02-15T11:47:17.066Z,10,23.30,11,OK,0.1
2026-02-15T11:47:17.116Z,8,23.43,12,OK,0.1
2026-02-15T11:47:17.167Z,8,23.48,13,OK,0.1
2026-02-15T11:47:17.216Z,9,23.21,14,OK,0.1
2026-02-15T11:47:17.266Z,9,23.22,15,OK,0.1
2026-02-15T11:47:17.480Z,13,49.22,12,SATURATED,0.1
2026-02-15T11:47:17.530Z,10,48.99,9,SATURATED,0.1
2026-02-15T11:47:17.581Z,10,49.00,6,SATURATED,0.1
2026-02-15T11:47:17.631Z,10,49.09,5,SATURATED,0.1
2026-02-15T11:47:17.681Z,10,49.12,5,SATURATED,0.1
2026-02-15T11:47:17.731Z,10,20.38,6,SATURATED,0.1
2026-02-15T11:47:17.781Z,9,20.29,7,SATURATED,0.1
2026-02-15T11:47:17.831Z,9,20.29,8,SATURATED,0.1
2026-02-15T11:47:17.882Z,9,20.26,9,SATURATED,0.1
2026-02-15T11:47:17.932Z,9,20.15,10,OK,0.1
2026-02-15T11:47:17.982Z,10,20.23,11,OK,0.1
2026-02-15T11:47:18.295Z,11,68.88,6,SATURATED,0.1
2026-02-15T11:47:18.359Z,9,77.54,5,SATURATED,0.1
2026-02-15T11:47:18.409Z,8,77.42,5,SATURATED,0.1
2026-02-15T11:47:18.460Z,8,77.48,5,SATURATED,0.1
2026-02-15T11:47:18.510Z,8,77.40,5,SATURATED,0.1
2026-02-15T11:47:18.561Z,8,28.85,5,SATURATED,0.1
2026-02-15T11:47:18.610Z,8,20.19,6,SATURATED,0.1
2026-02-15T11:47:18.660Z,8,20.30,7,SATURATED,0.1
2026-02-15T11:47:18.710Z,7,20.29,8,OK,0.1
2026-02-15T11:47:18.761Z,8,20.29,9,OK,0.1
2026-02-15T11:47:18.811Z,8,20.25,10,OK,0.1
2026-02-15T11:47:18.862Z,8,20.24,11,OK,0.1
2026-02-15T11:47:18.998Z,8,29.32,10,OK,0.1
2026-02-15T11:47:19.084Z,10,32.49,9,SATURATED,0.1
2026-02-15T11:47:19.135Z,5,32.47,8,OK,0.1
2026-02-15T11:47:19.289Z,5,42.99,6,OK,0.1
2026-02-15T11:47:19.481Z,4,67.32,5,OK,0.1
2026-02-15T11:47:19.554Z,5,58.77,5,SATURATED,0.1
2026-02-15T11:47:19.605Z,3,55.69,5,OK,0.1
2026-02-15T11:47:19.655Z,3,55.69,5,OK,0.1
2026-02-15T11:47:19.778Z,4,61.84,5,OK,0.1
2026-02-15T11:47:19.828Z,4,37.49,5,OK,0.1
2026-02-15T11:47:19.878Z,4,36.97,5,OK,0.1
2026-02-15T11:47:19.928Z,3,36.85,5,OK,0.1
2026-02-15T11:47:19.979Z,2,36.87,5,OK,0.1
2026-02-15T11:47:20.084Z,2,26.42,5,OK,0.1
2026-02-15T11:47:20.284Z,5,52.37,5,SATURATED,0.1
2026-02-15T11:47:20.334Z,3,52.36,5,OK,0.1
2026-02-15T11:47:20.384Z,3,52.43,5,OK,0.1
2026-02-15T11:47:20.435Z,3,52.44,5,OK,0.1
2026-02-15T11:47:20.486Z,4,46.24,5,OK,0.1
2026-02-15T11:47:20.536Z,4,20.40,6,OK,0.1
2026-02-15T11:47:20.587Z,5,20.32,7,OK,0.1
2026-02-15T11:47:20.638Z,5,20.32,8,OK,0.1
2026-02-15T11:47:20.688Z,5,20.30,9,OK,0.1
2026-02-15T11:47:20.739Z,5,20.22,10,OK,0.1
2026-02-15T11:47:20.788Z,4,20.14,11,OK,0.1
2026-02-15T11:47:20.839Z,4,20.20,12,OK,0.1
2026-02-15T11:47:20.889Z,4,20.19,13,OK,0.1
2026-02-15T11:47:20.939Z,4,20.23,14,OK,0.1
2026-02-15T11:47:20.989Z,4,20.31,15,OK,0.1
2026-02-15T11:47:21.083Z,4,34.89,14,OK,0.1
2026-02-15T11:47:21.133Z,4,34.90,13,OK,0.1
2026-02-15T11:47:21.183Z,4,34.90,12,OK,0.1
2026-02-15T11:47:21.234Z,4,34.97,11,OK,0.1
2026-02-15T11:47:21.667Z,6,34.98,8,OK,0.1
2026-02-15T11:47:21.575Z,11,35.16,9,SATURATED,0.1
2026-02-15T11:47:21.718Z,4,34.99,7,OK,0.1
2026-02-15T11:47:21.768Z,4,34.99,6,OK,0.1
2026-02-15T11:47:21.819Z,4,34.98,5,OK,0.1
2026-02-15T11:47:21.869Z,4,34.86,5,OK,0.1
2026-02-15T11:47:22.160Z,4,45.42,5,OK,0.1
2026-02-15T11:47:22.210Z,4,45.42,5,OK,0.1
2026-02-15T11:47:22.261Z,4,45.43,5,OK,0.1
2026-02-15T11:47:22.310Z,3,45.42,5,OK,0.1
2026-02-15T11:47:22.360Z,3,45.39,5,OK,0.1
2026-02-15T11:47:22.410Z,3,20.40,6,OK,0.1
2026-02-15T11:47:22.461Z,3,20.40,7,OK,0.1
2026-02-15T11:47:22.511Z,2,20.38,8,OK,0.1
2026-02-15T11:47:22.562Z,2,20.31,9,OK,0.1
2026-02-15T11:47:22.873Z,4,77.49,5,OK,0.1
2026-02-15T11:47:23.173Z,5,123.44,5,SATURATED,0.1
2026-02-15T11:47:23.367Z,5,148.17,5,SATURATED,0.4
2026-02-15T11:47:23.417Z,1,148.00,5,OK,0.4
2026-02-15T11:47:23.467Z,1,148.02,5,OK,0.4
2026-02-15T11:47:23.518Z,1,90.87,5,OK,0.1
2026-02-15T11:47:23.568Z,1,44.92,5,OK,0.1
2026-02-15T11:47:23.618Z,1,20.18,6,OK,0.1
2026-02-15T11:47:23.667Z,1,20.37,7,OK,0.1
2026-02-15T11:47:23.717Z,1,20.41,8,OK,0.1
2026-02-15T11:47:23.768Z,1,20.40,9,OK,0.1
2026-02-15T11:47:23.818Z,1,20.41,10,OK,0.1
2026-02-15T11:47:23.868Z,1,20.45,11,OK,0.1
2026-02-15T11:47:23.918Z,3,20.47,12,OK,0.1
2026-02-15T11:47:23.969Z,3,20.38,13,OK,0.1
2026-02-15T11:47:24.019Z,3,20.41,14,OK,0.1
2026-02-15T11:47:24.069Z,3,20.42,15,OK,0.1
2026-02-15T11:47:24.263Z,14,52.85,12,SATURATED,0.1
2026-02-15T11:47:24.313Z,8,52.85,9,OK,0.1
2026-02-15T11:47:24.364Z,8,52.91,6,SATURATED,0.1
2026-02-15T11:47:24.414Z,8,52.99,5,SATURATED,0.1
2026-02-15T11:47:24.464Z,8,53.02,5,SATURATED,0.1
2026-02-15T11:47:24.515Z,8,20.52,6,SATURATED,0.1
2026-02-15T11:47:24.564Z,8,20.56,7,SATURATED,0.1
2026-02-15T11:47:24.615Z,8,20.54,8,SATURATED,0.1
2026-02-15T11:47:24.666Z,8,20.39,9,OK,0.1
2026-02-15T11:47:24.717Z,7,20.37,10,OK,0.1
2026-02-15T11:47:24.768Z,7,20.42,11,OK,0.1
2026-02-15T11:47:24.817Z,7,20.35,12,OK,0.1
2026-02-15T11:47:24.867Z,7,20.36,13,OK,0.1
2026-02-15T11:47:24.918Z,7,20.40,14,OK,0.1
2026-02-15T11:47:24.969Z,7,20.35,15,OK,0.1
2026-02-15T11:47:25.019Z,7,20.38,16,OK,0.1
2026-02-15T11:47:25.070Z,7,20.38,17,OK,0.1
2026-02-15T11:47:25.259Z,14,21.35,18,OK,0.1
2026-02-15T11:47:25.591Z,17,83.56,12,SATURATED,0.1
2026-02-15T11:47:25.679Z,13,87.12,5,SATURATED,0.1
2026-02-15T11:47:25.751Z,13,87.41,5,SATURATED,0.1
2026-02-15T11:47:25.802Z,13,87.43,5,SATURATED,0.1
2026-02-15T11:47:25.853Z,13,86.43,5,SATURATED,0.1
2026-02-15T11:47:25.903Z,11,24.17,6,SATURATED,0.1
2026-02-15T11:47:25.953Z,11,20.67,7,SATURATED,0.1
2026-02-15T11:47:26.004Z,11,20.28,8,SATURATED,0.1
2026-02-15T11:47:26.054Z,11,20.28,9,SATURATED,0.1
2026-02-15T11:47:26.104Z,10,20.26,10,SATURATED,0.1
2026-02-15T11:47:26.155Z,9,20.37,11,OK,0.1
2026-02-15T11:47:26.206Z,9,20.26,12,OK,0.1
2026-02-15T11:47:26.256Z,9,20.33,13,OK,0.1
2026-02-15T11:47:26.562Z,9,67.46,8,SATURATED,0.1
2026-02-15T11:47:26.612Z,8,67.45,5,SATURATED,0.1
2026-02-15T11:47:26.662Z,8,67.39,5,SATURATED,0.1
2026-02-15T11:47:26.712Z,8,67.50,5,SATURATED,0.1
2026-02-15T11:47:26.763Z,8,67.50,5,SATURATED,0.1
2026-02-15T11:47:26.812Z,8,20.37,6,SATURATED,0.1
2026-02-15T11:47:26.863Z,8,20.41,7,SATURATED,0.1
2026-02-15T11:47:26.914Z,8,20.50,8,SATURATED,0.1
2026-02-15T11:47:26.964Z,8,20.46,9,OK,0.1
2026-02-15T11:47:27.015Z,8,20.47,10,OK,0.1
2026-02-15T11:47:27.065Z,8,20.47,11,OK,0.1
2026-02-15T11:47:27.185Z,8,20.41,12,OK,0.1
2026-02-15T11:47:27.235Z,7,20.31,13,OK,0.1
2026-02-15T11:47:27.382Z,5,43.22,11,OK,0.1
2026-02-15T11:47:27.432Z,4,43.19,9,OK,0.1
2026-02-15T11:47:27.482Z,3,43.30,7,OK,0.1
2026-02-15T11:47:27.533Z,3,43.44,5,OK,0.1
2026-02-15T11:47:27.583Z,3,43.78,5,OK,0.1
2026-02-15T11:47:27.634Z,3,21.17,6,OK,0.1
2026-02-15T11:47:27.978Z,6,82.35,5,SATURATED,0.1
2026-02-15T11:47:28.051Z,4,82.78,5,OK,0.1
2026-02-15T11:47:28.100Z,4,82.59,5,OK,0.1
2026-02-15T11:47:28.182Z,5,84.59,5,SATURATED,0.1
2026-02-15T11:47:28.233Z,5,84.24,5,SATURATED,0.1
2026-02-15T11:47:28.284Z,5,23.02,6,OK,0.1
2026-02-15T11:47:28.335Z,5,22.47,7,OK,0.1
2026-02-15T11:47:28.386Z,6,22.57,8,OK,0.1
2026-02-15T11:47:28.436Z,6,20.23,9,OK,0.1
2026-02-15T11:47:28.487Z,6,20.24,10,OK,0.1
2026-02-15T11:47:28.537Z,6,20.30,11,OK,0.1
2026-02-15T11:47:28.998Z,11,20.38,12,OK,0.1
2026-02-15T11:47:29.092Z,11,25.11,11,SATURATED,0.1
2026-02-15T11:47:29.142Z,5,25.08,10,OK,0.1
2026-02-15T11:47:29.192Z,10,25.10,9,SATURATED,0.1
2026-02-15T11:47:29.243Z,4,25.06,8,OK,0.1
2026-02-15T11:47:29.292Z,5,25.02,7,OK,0.1
2026-02-15T11:47:29.342Z,5,20.31,8,OK,0.1
2026-02-15T11:47:29.392Z,8,20.30,9,OK,0.1
2026-02-15T11:47:29.443Z,5,20.30,10,OK,0.1
2026-02-15T11:47:29.493Z,5,20.41,11,OK,0.1
2026-02-15T11:47:29.544Z,5,20.41,12,OK,0.1
2026-02-15T11:47:29.593Z,5,20.41,13,OK,0.1
2026-02-15T11:47:29.644Z,5,20.42,14,OK,0.1
2026-02-15T11:47:29.694Z,6,20.34,15,OK,0.1
2026-02-15T11:47:29.744Z,6,20.22,16,OK,0.1
2026-02-15T11:47:29.794Z,6,20.26,17,OK,0.1
2026-02-15T11:47:29.844Z,6,20.24,18,OK,0.1
2026-02-15T11:47:29.894Z,6,20.27,19,OK,0.1
2026-02-15T11:47:29.945Z,6,20.34,20,OK,0.1
2026-02-15T11:47:29.995Z,5,20.35,21,OK,0.1
2026-02-15T11:47:30.080Z,8,23.24,22,OK,0.1
2026-02-15T11:47:30.781Z,22,159.31,5,SATURATED,0.4
2026-02-15T11:47:30.855Z,6,160.05,5,SATURATED,0.4
2026-02-15T11:47:30.905Z,5,160.15,5,SATURATED,0.4
2026-02-15T11:47:30.956Z,5,160.19,5,SATURATED,0.4
2026-02-15T11:47:31.007Z,5,157.33,5,SATURATED,0.4
2026-02-15T11:47:31.057Z,5,21.29,6,OK,0.1
2026-02-15T11:47:31.107Z,5,20.52,7,OK,0.1
2026-02-15T11:47:31.158Z,4,20.44,8,OK,0.1
2026-02-15T11:47:31.209Z,4,20.43,9,OK,0.1
2026-02-15T11:47:31.260Z,4,20.39,10,OK,0.1
2026-02-15T11:47:31.311Z,3,20.35,11,OK,0.1
2026-02-15T11:47:31.362Z,3,20.41,12,OK,0.1
2026-02-15T11:47:31.411Z,3,20.34,13,OK,0.1
2026-02-15T11:47:31.461Z,3,20.27,14,OK,0.1
2026-02-15T11:47:31.512Z,3,20.26,15,OK,0.1
2026-02-15T11:47:31.562Z,3,20.30,16,OK,0.1
2026-02-15T11:47:31.612Z,4,20.28,17,OK,0.1
2026-02-15T11:47:31.663Z,4,20.34,18,OK,0.1
2026-02-15T11:47:31.714Z,3,20.40,19,OK,0.1
2026-02-15T11:47:31.766Z,8,20.36,20,OK,0.1
2026-02-15T11:47:31.895Z,16,32.05,19,OK,0.1
2026-02-15T11:47:31.990Z,11,36.99,17,OK,0.1
2026-02-15T11:47:32.057Z,6,36.32,15,OK,0.1
2026-02-15T11:47:32.107Z,5,36.37,13,OK,0.1
2026-02-15T11:47:32.157Z,5,36.40,11,OK,0.1
2026-02-15T11:47:32.207Z,5,24.67,12,OK,0.1
2026-02-15T11:47:32.258Z,5,19.78,13,OK,0.1
2026-02-15T11:47:32.376Z,6,39.39,11,OK,0.1
2026-02-15T11:47:32.426Z,6,39.33,9,OK,0.1
2026-02-15T11:47:32.477Z,6,39.33,7,OK,0.1
2026-02-15T11:47:32.528Z,6,39.32,5,SATURATED,0.1
2026-02-15T11:47:32.579Z,6,39.30,5,SATURATED,0.1
2026-02-15T11:47:32.630Z,5,20.38,6,OK,0.1
2026-02-15T11:47:32.681Z,5,20.33,7,OK,0.1
2026-02-15T11:47:32.732Z,5,20.31,8,OK,0.1
2026-02-15T11:47:32.783Z,5,20.25,9,OK,0.1
2026-02-15T11:47:32.833Z,5,20.25,10,OK,0.1
2026-02-15T11:47:32.883Z,5,20.21,11,OK,0.1
2026-02-15T11:47:33.092Z,5,58.09,7,OK,0.1
2026-02-15T11:47:33.270Z,7,79.64,5,SATURATED,0.1
2026-02-15T11:47:33.320Z,5,79.71,5,SATURATED,0.1
2026-02-15T11:47:33.371Z,5,79.72,5,SATURATED,0.1
2026-02-15T11:47:33.421Z,5,79.76,5,SATURATED,0.1
2026-02-15T11:47:33.472Z,5,41.94,5,SATURATED,0.1
2026-02-15T11:47:33.522Z,5,20.38,6,OK,0.1
2026-02-15T11:47:33.573Z,5,20.36,7,OK,0.1
2026-02-15T11:47:33.623Z,4,20.42,8,OK,0.1
2026-02-15T11:47:33.673Z,4,20.40,9,OK,0.1
2026-02-15T11:47:33.723Z,5,20.43,10,OK,0.1
2026-02-15T11:47:33.773Z,4,20.44,11,OK,0.1
2026-02-15T11:47:33.823Z,4,20.46,12,OK,0.1
2026-02-15T11:47:33.874Z,4,20.36,13,OK,0.1
2026-02-15T11:47:33.925Z,3,20.23,14,OK,0.1
2026-02-15T11:47:33.974Z,3,20.17,15,OK,0.1
2026-02-15T11:47:34.025Z,3,20.17,16,OK,0.1
2026-02-15T11:47:34.076Z,3,20.21,17,OK,0.1
2026-02-15T11:47:34.372Z,12,45.45,14,OK,0.1
2026-02-15T11:47:34.467Z,14,50.50,11,SATURATED,0.1
2026-02-15T11:47:34.518Z,6,50.50,8,OK,0.1
2026-02-15T11:47:34.568Z,6,50.52,5,SATURATED,0.1
2026-02-15T11:47:34.619Z,6,50.50,5,SATURATED,0.1
2026-02-15T11:47:34.669Z,6,25.27,5,SATURATED,0.1
2026-02-15T11:47:34.720Z,6,20.32,6,SATURATED,0.1
2026-02-15T11:47:34.770Z,6,20.33,7,OK,0.1
2026-02-15T11:47:34.821Z,6,20.31,8,OK,0.1
2026-02-15T11:47:34.871Z,6,20.29,9,OK,0.1
2026-02-15T11:47:34.921Z,6,20.31,10,OK,0.1
2026-02-15T11:47:34.971Z,6,20.36,11,OK,0.1
2026-02-15T11:47:35.021Z,6,20.33,12,OK,0.1
2026-02-15T11:47:35.071Z,6,20.33,13,OK,0.1
2026-02-15T11:47:35.121Z,7,20.32,14,OK,0.1
2026-02-15T11:47:35.172Z,7,20.35,15,OK,0.1
2026-02-15T11:47:35.222Z,7,20.37,16,OK,0.1
2026-02-15T11:47:35.271Z,7,20.44,17,OK,0.1
2026-02-15T11:47:35.321Z,7,20.43,18,OK,0.1
2026-02-15T11:47:35.371Z,7,20.45,19,OK,0.1
2026-02-15T11:47:35.496Z,9,31.35,18,OK,0.1
2026-02-15T11:47:35.778Z,16,73.64,13,SATURATED,0.1
2026-02-15T11:47:35.828Z,8,73.60,8,SATURATED,0.1
2026-02-15T11:47:35.879Z,8,73.60,5,SATURATED,0.1
2026-02-15T11:47:35.930Z,8,73.64,5,SATURATED,0.1
2026-02-15T11:47:35.979Z,8,62.72,5,SATURATED,0.1
2026-02-15T11:47:36.029Z,8,20.41,6,SATURATED,0.1
2026-02-15T11:47:36.080Z,8,20.42,7,SATURATED,0.1
2026-02-15T11:47:36.130Z,7,20.41,8,OK,0.1
2026-02-15T11:47:36.180Z,7,20.36,9,OK,0.1
2026-02-15T11:47:36.231Z,6,20.40,10,OK,0.1
2026-02-15T11:47:36.281Z,6,20.38,11,OK,0.1
2026-02-15T11:47:36.331Z,6,20.40,12,OK,0.1
2026-02-15T11:47:36.381Z,7,20.41,13,OK,0.1
2026-02-15T11:47:36.431Z,3,20.38,14,OK,0.1
2026-02-15T11:47:36.481Z,3,20.29,15,OK,0.1
2026-02-15T11:47:36.573Z,3,32.44,14,OK,0.1
2026-02-15T11:47:36.623Z,3,32.40,13,OK,0.1
2026-02-15T11:47:36.673Z,3,32.41,12,OK,0.1
2026-02-15T11:47:36.991Z,12,91.37,5,SATURATED,0.1
2026-02-15T11:47:37.075Z,5,94.13,5,SATURATED,0.1
2026-02-15T11:47:37.125Z,4,82.02,5,OK,0.1
2026-02-15T11:47:37.176Z,4,81.99,5,OK,0.1
2026-02-15T11:47:37.273Z,5,87.63,5,SATURATED,0.1
2026-02-15T11:47:37.324Z,4,28.68,5,OK,0.1
2026-02-15T11:47:37.375Z,4,25.98,5,OK,0.1
2026-02-15T11:47:37.424Z,4,25.87,5,OK,0.1
2026-02-15T11:47:37.475Z,4,25.91,5,OK,0.1
2026-02-15T11:47:37.524Z,4,20.30,6,OK,0.1
2026-02-15T11:47:37.574Z,4,20.34,7,OK,0.1
2026-02-15T11:47:37.672Z,4,25.84,6,OK,0.1
2026-02-15T11:47:37.981Z,3,73.64,5,OK,0.1
2026-02-15T11:47:38.058Z,5,74.97,5,SATURATED,0.1
2026-02-15T11:47:38.151Z,4,80.12,5,OK,0.1
2026-02-15T11:47:38.200Z,5,80.18,5,SATURATED,0.1
2026-02-15T11:47:38.250Z,5,74.65,5,SATURATED,0.1
2026-02-15T11:47:38.300Z,5,26.87,5,SATURATED,0.1
2026-02-15T11:47:38.350Z,5,25.52,5,SATURATED,0.1
2026-02-15T11:47:38.401Z,5,20.32,6,OK,0.1
2026-02-15T11:47:38.450Z,5,20.29,7,OK,0.1
2026-02-15T11:47:38.500Z,5,20.21,8,OK,0.1
2026-02-15T11:47:38.551Z,5,20.29,9,OK,0.1
2026-02-15T11:47:38.601Z,5,20.36,10,OK,0.1
2026-02-15T11:47:38.652Z,5,20.39,11,OK,0.1
2026-02-15T11:47:38.702Z,4,20.31,12,OK,0.1
2026-02-15T11:47:38.753Z,4,20.38,13,OK,0.1
2026-02-15T11:47:38.803Z,4,20.39,14,OK,0.1
2026-02-15T11:47:38.853Z,4,20.34,15,OK,0.1
2026-02-15T11:47:38.903Z,4,20.38,16,OK,0.1
2026-02-15T11:47:38.953Z,4,20.43,17,OK,0.1
2026-02-15T11:47:39.091Z,14,20.42,18,OK,0.1
2026-02-15T11:47:39.495Z,18,96.91,10,SATURATED,0.1
2026-02-15T11:47:39.552Z,8,94.24,5,SATURATED,0.1
2026-02-15T11:47:39.603Z,6,94.21,5,SATURATED,0.1
2026-02-15T11:47:39.654Z,6,94.21,5,SATURATED,0.1
2026-02-15T11:47:39.703Z,6,94.28,5,SATURATED,0.1
2026-02-15T11:47:39.754Z,6,17.74,6,SATURATED,0.1
2026-02-15T11:47:39.804Z,6,20.39,7,OK,0.1
2026-02-15T11:47:39.853Z,6,20.37,8,OK,0.1
2026-02-15T11:47:39.903Z,6,20.23,9,OK,0.1
2026-02-15T11:47:39.954Z,6,20.18,10,OK,0.1
2026-02-15T11:47:40.004Z,5,20.22,11,OK,0.1
2026-02-15T11:47:40.055Z,5,20.26,12,OK,0.1
2026-02-15T11:47:40.178Z,8,20.26,13,OK,0.1
2026-02-15T11:47:40.228Z,4,20.36,14,OK,0.1
2026-02-15T11:47:40.278Z,4,20.35,15,OK,0.1
2026-02-15T11:47:40.329Z,4,20.30,16,OK,0.1
2026-02-15T11:47:40.380Z,4,20.32,17,OK,0.1
2026-02-15T11:47:40.431Z,4,20.34,18,OK,0.1
2026-02-15T11:47:40.487Z,18,20.36,19,OK,0.1
2026-02-15T11:47:40.673Z,19,53.48,16,SATURATED,0.1
2026-02-15T11:47:41.076Z,16,120.02,6,SATURATED,0.1
2026-02-15T11:47:41.126Z,8,120.00,5,SATURATED,0.1
2026-02-15T11:47:41.177Z,8,120.00,5,SATURATED,0.1
2026-02-15T11:47:41.227Z,8,120.08,5,SATURATED,0.1
2026-02-15T11:47:41.277Z,8,86.93,5,SATURATED,0.1
2026-02-15T11:47:41.327Z,8,20.40,6,SATURATED,0.1
2026-02-15T11:47:41.378Z,8,20.38,7,SATURATED,0.1
2026-02-15T11:47:41.429Z,8,20.47,8,SATURATED,0.1
2026-02-15T11:47:41.479Z,8,20.40,9,OK,0.1
2026-02-15T11:47:41.530Z,9,20.35,10,OK,0.1
2026-02-15T11:47:41.580Z,9,20.31,11,OK,0.1
2026-02-15T11:47:41.631Z,11,20.27,12,OK,0.1
2026-02-15T11:47:41.680Z,12,20.38,13,OK,0.1
2026-02-15T11:47:41.731Z,11,20.36,14,OK,0.1
2026-02-15T11:47:41.780Z,11,20.45,15,OK,0.1
2026-02-15T11:47:41.831Z,11,20.48,16,OK,0.1
2026-02-15T11:47:41.976Z,11,41.73,14,OK,0.1
2026-02-15T11:47:42.027Z,11,41.55,12,OK,0.1
2026-02-15T11:47:42.087Z,12,41.55,10,SATURATED,0.1
2026-02-15T11:47:42.137Z,12,41.56,8,SATURATED,0.1
2026-02-15T11:47:42.188Z,11,41.55,6,SATURATED,0.1
2026-02-15T11:47:42.238Z,11,20.35,7,SATURATED,0.1
2026-02-15T11:47:42.288Z,11,20.36,8,SATURATED,0.1
2026-02-15T11:47:42.339Z,11,20.38,9,SATURATED,0.1
2026-02-15T11:47:42.389Z,11,20.38,10,SATURATED,0.1
2026-02-15T11:47:42.440Z,11,20.42,11,SATURATED,0.1
2026-02-15T11:47:42.491Z,10,20.40,12,OK,0.1
2026-02-15T11:47:42.590Z,12,26.11,11,SATURATED,0.1
2026-02-15T11:47:42.784Z,10,60.74,7,SATURATED,0.1
2026-02-15T11:47:42.851Z,6,60.07,5,SATURATED,0.1
2026-02-15T11:47:42.901Z,6,60.10,5,SATURATED,0.1
2026-02-15T11:47:42.951Z,6,60.06,5,SATURATED,0.1
2026-02-15T11:47:43.001Z,6,54.28,5,SATURATED,0.1
2026-02-15T11:47:43.052Z,6,19.67,6,SATURATED,0.1
2026-02-15T11:47:43.107Z,6,20.44,7,OK,0.1
2026-02-15T11:47:43.157Z,5,20.37,8,OK,0.1
2026-02-15T11:47:43.208Z,6,20.47,9,OK,0.1
2026-02-15T11:47:43.257Z,5,20.54,10,OK,0.1
2026-02-15T11:47:43.380Z,5,20.38,11,OK,0.1
2026-02-15T11:47:43.430Z,5,20.25,12,OK,0.1
2026-02-15T11:47:43.482Z,6,20.27,13,OK,0.1
2026-02-15T11:47:43.532Z,5,20.10,14,OK,0.1
2026-02-15T11:47:43.583Z,5,20.12,15,OK,0.1
2026-02-15T11:47:43.634Z,4,20.29,16,OK,0.1
2026-02-15T11:47:43.685Z,4,20.29,17,OK,0.1
2026-02-15T11:47:43.736Z,4,20.30,18,OK,0.1
2026-02-15T11:47:43.786Z,5,20.37,19,OK,0.1
2026-02-15T11:47:43.884Z,17,25.86,18,OK,0.1
2026-02-15T11:47:43.956Z,16,26.16,17,OK,0.1
2026-02-15T11:47:44.005Z,11,26.19,16,OK,0.1
2026-02-15T11:47:44.056Z,11,26.22,15,OK,0.1
2026-02-15T11:47:44.178Z,11,36.58,13,OK,0.1
2026-02-15T11:47:44.383Z,13,67.84,8,SATURATED,0.1
2026-02-15T11:47:44.432Z,10,67.48,5,SATURATED,0.1
2026-02-15T11:47:44.483Z,10,67.47,5,SATURATED,0.1
2026-02-15T11:47:44.534Z,10,67.47,5,SATURATED,0.1
2026-02-15T11:47:44.583Z,10,57.13,5,SATURATED,0.1
2026-02-15T11:47:44.634Z,10,20.33,6,SATURATED,0.1
2026-02-15T11:47:44.684Z,10,20.33,7,SATURATED,0.1
2026-02-15T11:47:44.735Z,10,20.32,8,SATURATED,0.1
2026-02-15T11:47:44.784Z,10,20.27,9,SATURATED,0.1
2026-02-15T11:47:44.835Z,9,20.23,10,OK,0.1
2026-02-15T11:47:44.886Z,10,20.25,11,OK,0.1
2026-02-15T11:47:44.937Z,9,20.24,12,OK,0.1
2026-02-15T11:47:44.987Z,11,20.25,13,OK,0.1
2026-02-15T11:47:45.037Z,10,20.27,14,OK,0.1
2026-02-15T11:47:45.088Z,10,20.31,15,OK,0.1
2026-02-15T11:47:45.138Z,10,20.33,16,OK,0.1
2026-02-15T11:47:45.189Z,10,20.36,17,OK,0.1
2026-02-15T11:47:45.239Z,10,20.39,18,OK,0.1
2026-02-15T11:47:45.290Z,10,20.41,19,OK,0.1
2026-02-15T11:47:45.340Z,10,20.43,20,OK,0.1
2026-02-15T11:47:45.855Z,14,115.66,10,SATURATED,0.1
2026-02-15T11:47:46.087Z,10,147.99,5,SATURATED,0.4
2026-02-15T11:47:46.151Z,4,156.58,5,OK,0.4
2026-02-15T11:47:46.200Z,4,156.41,5,OK,0.4
2026-02-15T11:47:46.250Z,4,156.39,5,OK,0.4
2026-02-15T11:47:46.300Z,4,61.14,5,OK,0.1
2026-02-15T11:47:46.351Z,4,28.82,5,OK,0.1
2026-02-15T11:47:46.401Z,4,20.16,6,OK,0.1
2026-02-15T11:47:46.452Z,4,20.32,7,OK,0.1
2026-02-15T11:47:46.502Z,4,20.26,8,OK,0.1
2026-02-15T11:47:46.553Z,4,20.26,9,OK,0.1
2026-02-15T11:47:46.603Z,4,20.23,10,OK,0.1
2026-02-15T11:47:46.654Z,4,20.29,11,OK,0.1
2026-02-15T11:47:46.704Z,4,20.25,12,OK,0.1
2026-02-15T11:47:46.753Z,4,20.36,13,OK,0.1
2026-02-15T11:47:46.804Z,4,20.31,14,OK,0.1
2026-02-15T11:47:46.854Z,4,20.37,15,OK,0.1
2026-02-15T11:47:46.986Z,4,41.86,13,OK,0.1
2026-02-15T11:47:47.069Z,13,44.41,11,SATURATED,0.1
2026-02-15T11:47:47.272Z,10,60.63,7,SATURATED,0.1
2026-02-15T11:47:47.323Z,9,60.65,5,SATURATED,0.1
2026-02-15T11:47:47.374Z,9,60.53,5,SATURATED,0.1
2026-02-15T11:47:47.424Z,9,39.06,5,SATURATED,0.1
2026-02-15T11:47:47.475Z,9,36.53,5,SATURATED,0.1
2026-02-15T11:47:47.525Z,9,20.31,6,SATURATED,0.1
2026-02-15T11:47:47.575Z,9,20.35,7,SATURATED,0.1
2026-02-15T11:47:47.625Z,9,20.43,8,SATURATED,0.1
2026-02-15T11:47:47.676Z,9,20.42,9,SATURATED,0.1
2026-02-15T11:47:47.727Z,9,20.42,10,OK,0.1
2026-02-15T11:47:47.778Z,9,20.41,11,OK,0.1
2026-02-15T11:47:47.828Z,9,20.48,12,OK,0.1
2026-02-15T11:47:47.878Z,9,20.48,13,OK,0.1
2026-02-15T11:47:47.929Z,6,20.39,14,OK,0.1
2026-02-15T11:47:47.979Z,6,20.38,15,OK,0.1
2026-02-15T11:47:48.082Z,7,26.88,14,OK,0.1
2026-02-15T11:47:48.478Z,14,102.02,6,SATURATED,0.1
2026-02-15T11:47:48.528Z,7,102.04,5,SATURATED,0.1
2026-02-15T11:47:48.579Z,7,102.14,5,SATURATED,0.1
2026-02-15T11:47:48.630Z,7,102.15,5,SATURATED,0.1
2026-02-15T11:47:48.680Z,7,95.64,5,SATURATED,0.1
2026-02-15T11:47:48.730Z,7,20.44,6,SATURATED,0.1
2026-02-15T11:47:48.780Z,7,20.44,7,SATURATED,0.1
2026-02-15T11:47:48.830Z,7,20.41,8,OK,0.1
2026-02-15T11:47:48.981Z,7,20.42,9,OK,0.1
2026-02-15T11:47:49.032Z,6,20.36,10,OK,0.1
2026-02-15T11:47:49.082Z,6,20.33,11,OK,0.1
2026-02-15T11:47:49.133Z,3,20.30,12,OK,0.1
2026-02-15T11:47:49.183Z,3,20.32,13,OK,0.1
2026-02-15T11:47:49.234Z,3,20.33,14,OK,0.1
2026-02-15T11:47:49.284Z,2,20.38,15,OK,0.1
2026-02-15T11:47:49.334Z,2,20.41,16,OK,0.1
2026-02-15T11:47:49.385Z,2,20.44,17,OK,0.1
2026-02-15T11:47:49.436Z,2,20.42,18,OK,0.1
2026-02-15T11:47:49.783Z,18,83.09,12,SATURATED,0.1
2026-02-15T11:47:49.889Z,9,90.20,5,SATURATED,0.1
2026-02-15T11:47:49.951Z,5,88.51,5,SATURATED,0.1
2026-02-15T11:47:50.051Z,5,94.43,5,SATURATED,0.1
2026-02-15T11:47:50.102Z,5,94.44,5,SATURATED,0.1
2026-02-15T11:47:50.153Z,5,31.75,5,SATURATED,0.1
2026-02-15T11:47:50.203Z,5,24.42,6,OK,0.1
2026-02-15T11:47:50.254Z,5,26.06,5,SATURATED,0.1
2026-02-15T11:47:50.303Z,4,19.98,6,OK,0.1
2026-02-15T11:47:50.353Z,4,20.02,7,OK,0.1
2026-02-15T11:47:50.403Z,4,20.01,8,OK,0.1
2026-02-15T11:47:50.454Z,4,20.20,9,OK,0.1
2026-02-15T11:47:50.504Z,4,20.24,10,OK,0.1
2026-02-15T11:47:50.554Z,4,20.42,11,OK,0.1
2026-02-15T11:47:50.686Z,4,29.23,10,OK,0.1
2026-02-15T11:47:50.737Z,4,29.19,9,OK,0.1
2026-02-15T11:47:50.884Z,7,29.17,8,OK,0.1
2026-02-15T11:47:50.976Z,8,43.53,6,SATURATED,0.1
2026-02-15T11:47:51.026Z,3,43.53,5,OK,0.1
2026-02-15T11:47:51.192Z,4,34.84,5,OK,0.1
2026-02-15T11:47:51.242Z,4,34.92,5,OK,0.1
2026-02-15T11:47:51.293Z,4,35.25,5,OK,0.1
2026-02-15T11:47:51.343Z,4,20.87,6,OK,0.1
2026-02-15T11:47:51.393Z,4,20.88,7,OK,0.1
2026-02-15T11:47:51.443Z,4,20.98,8,OK,0.1
2026-02-15T11:47:51.494Z,4,20.91,9,OK,0.1
2026-02-15T11:47:51.545Z,4,20.60,10,OK,0.1
2026-02-15T11:47:51.595Z,3,20.55,11,OK,0.1
2026-02-15T11:47:51.646Z,3,20.52,12,OK,0.1
2026-02-15T11:47:51.696Z,3,20.31,13,OK,0.1
2026-02-15T11:47:51.747Z,3,20.34,14,OK,0.1
2026-02-15T11:47:51.874Z,2,20.24,15,OK,0.1
2026-02-15T11:47:52.068Z,1,54.74,12,OK,0.1
2026-02-15T11:47:52.669Z,12,160.87,5,SATURATED,0.4
2026-02-15T11:47:52.865Z,4,185.96,5,OK,0.4
2026-02-15T11:47:53.087Z,5,216.29,5,SATURATED,0.4
2026-02-15T11:47:53.148Z,2,214.52,5,OK,0.4
2026-02-15T11:47:53.198Z,2,179.88,5,OK,0.4
2026-02-15T11:47:53.249Z,2,73.78,5,OK,0.1
2026-02-15T11:47:53.299Z,2,48.67,5,OK,0.1
2026-02-15T11:47:53.349Z,2,18.35,6,OK,0.1
2026-02-15T11:47:53.399Z,2,20.17,7,OK,0.1
2026-02-15T11:47:53.449Z,2,20.35,8,OK,0.1
2026-02-15T11:47:53.499Z,3,20.37,9,OK,0.1
2026-02-15T11:47:53.549Z,3,20.37,10,OK,0.1
2026-02-15T11:47:53.774Z,9,32.46,8,SATURATED,0.1
2026-02-15T11:47:53.690Z,8,29.67,9,OK,0.1
2026-02-15T11:47:53.824Z,4,32.45,7,OK,0.1
2026-02-15T11:47:53.982Z,7,32.43,6,SATURATED,0.1
2026-02-15T11:47:54.032Z,4,32.34,5,OK,0.1
2026-02-15T11:47:54.082Z,4,23.03,6,OK,0.1
2026-02-15T11:47:54.179Z,5,35.32,5,SATURATED,0.1
2026-02-15T11:47:54.229Z,5,35.33,5,SATURATED,0.1
2026-02-15T11:47:54.279Z,5,35.32,5,SATURATED,0.1
2026-02-15T11:47:54.329Z,5,35.37,5,SATURATED,0.1
2026-02-15T11:47:54.380Z,5,35.34,5,SATURATED,0.1
2026-02-15T11:47:54.430Z,5,20.31,6,OK,0.1
2026-02-15T11:47:54.480Z,5,20.31,7,OK,0.1
2026-02-15T11:47:54.531Z,5,20.30,8,OK,0.1
2026-02-15T11:47:54.581Z,5,20.29,9,OK,0.1
2026-02-15T11:47:54.868Z,8,72.55,5,SATURATED,0.1
2026-02-15T11:47:54.957Z,6,76.29,5,SATURATED,0.1
2026-02-15T11:47:55.007Z,5,76.33,5,SATURATED,0.1
2026-02-15T11:47:55.059Z,5,76.33,5,SATURATED,0.1
2026-02-15T11:47:55.109Z,4,76.29,5,OK,0.1
2026-02-15T11:47:55.159Z,4,24.10,6,OK,0.1
2026-02-15T11:47:55.209Z,4,20.40,7,OK,0.1
2026-02-15T11:47:55.259Z,4,20.38,8,OK,0.1
2026-02-15T11:47:55.370Z,4,26.98,7,OK,0.1
2026-02-15T11:47:55.420Z,4,27.00,6,OK,0.1
2026-02-15T11:47:55.470Z,3,27.25,5,OK,0.1
2026-02-15T11:47:55.520Z,3,27.20,5,OK,0.1
2026-02-15T11:47:55.570Z,3,27.17,5,OK,0.1
2026-02-15T11:47:55.620Z,3,20.56,6,OK,0.1
2026-02-15T11:47:55.670Z,3,20.60,7,OK,0.1
2026-02-15T11:47:55.775Z,3,36.06,5,OK,0.1
2026-02-15T11:47:55.825Z,3,36.06,5,OK,0.1
2026-02-15T11:47:55.983Z,5,36.05,5,SATURATED,0.1
2026-02-15T11:47:56.074Z,4,40.18,5,OK,0.1
2026-02-15T11:47:56.124Z,2,40.12,5,OK,0.1
2026-02-15T11:47:56.174Z,2,24.40,6,OK,0.1
2026-02-15T11:47:56.224Z,2,24.47,7,OK,0.1
2026-02-15T11:47:56.274Z,2,24.49,8,OK,0.1
2026-02-15T11:47:56.326Z,2,20.29,9,OK,0.1
2026-02-15T11:47:56.376Z,2,20.35,10,OK,0.1
2026-02-15T11:47:56.426Z,2,20.26,11,OK,0.1
2026-02-15T11:47:56.477Z,2,20.05,12,OK,0.1
2026-02-15T11:47:56.527Z,2,19.93,13,OK,0.1
2026-02-15T11:47:56.578Z,2,20.02,14,OK,0.1
2026-02-15T11:47:56.628Z,2,20.08,15,OK,0.1
2026-02-15T11:47:56.678Z,1,20.15,16,OK,0.1
2026-02-15T11:47:56.729Z,1,20.26,17,OK,0.1
2026-02-15T11:47:56.780Z,2,20.37,18,OK,0.1
2026-02-15T11:47:56.830Z,1,20.34,19,OK,0.1
2026-02-15T11:47:56.880Z,1,20.26,20,OK,0.1
2026-02-15T11:47:56.932Z,1,20.25,21,OK,0.1
2026-02-15T11:47:56.982Z,1,20.31,22,OK,0.1
2026-02-15T11:47:57.081Z,1,26.04,21,OK,0.1
2026-02-15T11:47:57.674Z,21,140.62,5,SATURATED,0.4
2026-02-15T11:47:57.748Z,4,141.36,5,OK,0.4
2026-02-15T11:47:57.800Z,0,141.48,5,OK,0.4
2026-02-15T11:47:57.851Z,0,141.52,5,OK,0.4
2026-02-15T11:47:57.901Z,0,135.75,5,OK,0.4
2026-02-15T11:47:57.951Z,0,21.16,6,OK,0.1
2026-02-15T11:47:58.001Z,0,20.52,7,OK,0.1
2026-02-15T11:47:58.052Z,0,20.39,8,OK,0.1
2026-02-15T11:47:58.102Z,0,20.31,9,OK,0.1
2026-02-15T11:47:58.152Z,0,20.37,10,OK,0.1
2026-02-15T11:47:58.203Z,0,20.32,11,OK,0.1
2026-02-15T11:47:58.253Z,0,20.24,12,OK,0.1
2026-02-15T11:47:58.304Z,0,20.19,13,OK,0.1
2026-02-15T11:47:58.354Z,0,20.28,14,OK,0.1
2026-02-15T11:47:58.475Z,0,20.31,15,OK,0.1
2026-02-15T11:47:58.525Z,0,20.35,16,OK,0.1
2026-02-15T11:47:58.575Z,0,20.31,17,OK,0.1
2026-02-15T11:47:59.061Z,17,64.90,13,SATURATED,0.1
2026-02-15T11:47:59.288Z,13,96.01,5,SATURATED,0.1
2026-02-15T11:47:59.338Z,3,95.95,5,OK,0.1
2026-02-15T11:47:59.388Z,3,96.00,5,OK,0.1
2026-02-15T11:47:59.438Z,3,96.01,5,OK,0.1
2026-02-15T11:47:59.488Z,3,51.49,5,OK,0.1
2026-02-15T11:47:59.539Z,3,20.37,6,OK,0.1
2026-02-15T11:47:59.591Z,3,20.36,7,OK,0.1
2026-02-15T11:47:59.641Z,3,20.37,8,OK,0.1
2026-02-15T11:47:59.691Z,3,20.38,9,OK,0.1
2026-02-15T11:47:59.773Z,3,22.72,10,OK,0.1
2026-02-15T11:47:59.958Z,8,45.63,7,SATURATED,0.1
2026-02-15T11:48:00.009Z,3,45.60,5,OK,0.1
2026-02-15T11:48:00.059Z,3,45.58,5,OK,0.1
2026-02-15T11:48:00.252Z,5,80.09,5,SATURATED,0.1
2026-02-15T11:48:00.302Z,5,77.87,5,SATURATED,0.1
2026-02-15T11:48:00.353Z,5,54.95,5,SATURATED,0.1
2026-02-15T11:48:00.403Z,5,54.98,5,SATURATED,0.1
2026-02-15T11:48:00.454Z,5,54.95,5,SATURATED,0.1
2026-02-15T11:48:00.504Z,5,20.39,6,OK,0.1
2026-02-15T11:48:00.555Z,5,20.27,7,OK,0.1
2026-02-15T11:48:00.604Z,6,20.19,8,OK,0.1
2026-02-15T11:48:00.655Z,6,20.15,9,OK,0.1
2026-02-15T11:48:00.705Z,5,20.24,10,OK,0.1
2026-02-15T11:48:00.757Z,5,20.29,11,OK,0.1
2026-02-15T11:48:00.808Z,5,20.37,12,OK,0.1
2026-02-15T11:48:00.858Z,5,20.44,13,OK,0.1
2026-02-15T11:48:00.909Z,5,20.51,14,OK,0.1
2026-02-15T11:48:00.959Z,5,20.48,15,OK,0.1
2026-02-15T11:48:01.009Z,7,20.51,16,OK,0.1
2026-02-15T11:48:01.060Z,7,20.46,17,OK,0.1
2026-02-15T11:48:01.173Z,7,28.99,16,OK,0.1
2026-02-15T11:48:01.549Z,15,100.15,8,SATURATED,0.1
2026-02-15T11:48:01.599Z,6,96.06,5,SATURATED,0.1
2026-02-15T11:48:01.649Z,6,96.04,5,SATURATED,0.1
2026-02-15T11:48:01.698Z,6,95.93,5,SATURATED,0.1
2026-02-15T11:48:01.749Z,6,87.40,5,SATURATED,0.1
2026-02-15T11:48:01.799Z,6,16.16,6,SATURATED,0.1
2026-02-15T11:48:01.849Z,6,20.26,7,OK,0.1
2026-02-15T11:48:01.899Z,6,20.23,8,OK,0.1
2026-02-15T11:48:01.950Z,6,20.36,9,OK,0.1
2026-02-15T11:48:02.072Z,7,40.23,7,SATURATED,0.1
2026-02-15T11:48:02.122Z,6,40.28,5,SATURATED,0.1
2026-02-15T11:48:02.173Z,6,40.28,5,SATURATED,0.1
2026-02-15T11:48:02.225Z,6,40.31,5,SATURATED,0.1
2026-02-15T11:48:02.275Z,5,40.29,5,SATURATED,0.1
2026-02-15T11:48:02.327Z,5,20.44,6,OK,0.1
2026-02-15T11:48:02.377Z,6,20.41,7,OK,0.1
2026-02-15T11:48:02.427Z,6,20.39,8,OK,0.1
2026-02-15T11:48:02.478Z,6,20.20,9,OK,0.1
2026-02-15T11:48:02.581Z,6,36.65,7,OK,0.1
2026-02-15T11:48:02.660Z,7,38.36,5,SATURATED,0.1
2026-02-15T11:48:02.711Z,5,38.46,5,SATURATED,0.1
2026-02-15T11:48:02.761Z,5,38.41,5,SATURATED,0.1
2026-02-15T11:48:02.811Z,5,38.50,5,SATURATED,0.1
2026-02-15T11:48:02.861Z,5,22.02,6,OK,0.1
2026-02-15T11:48:02.912Z,5,20.33,7,OK,0.1
2026-02-15T11:48:02.963Z,5,20.22,8,OK,0.1
2026-02-15T11:48:03.013Z,3,20.28,9,OK,0.1
2026-02-15T11:48:03.063Z,3,20.49,10,OK,0.1
2026-02-15T11:48:03.191Z,7,32.05,9,OK,0.1
2026-02-15T11:48:03.249Z,4,39.31,7,OK,0.1
2026-02-15T11:48:03.299Z,4,39.34,5,OK,0.1
2026-02-15T11:48:03.349Z,4,39.42,5,OK,0.1
2026-02-15T11:48:03.399Z,3,39.26,5,OK,0.1
2026-02-15T11:48:03.449Z,3,27.61,5,OK,0.1
2026-02-15T11:48:03.499Z,3,20.35,6,OK,0.1
2026-02-15T11:48:03.549Z,3,20.38,7,OK,0.1
2026-02-15T11:48:03.686Z,7,20.26,8,OK,0.1
2026-02-15T11:48:03.775Z,8,34.11,7,SATURATED,0.1
2026-02-15T11:48:03.967Z,6,58.55,5,SATURATED,0.1
2026-02-15T11:48:04.052Z,4,71.36,5,OK,0.1
2026-02-15T11:48:04.102Z,3,71.25,5,OK,0.1
2026-02-15T11:48:04.154Z,4,71.22,5,OK,0.1
2026-02-15T11:48:04.204Z,5,57.39,5,SATURATED,0.1
2026-02-15T11:48:04.254Z,5,33.08,5,SATURATED,0.1
2026-02-15T11:48:04.304Z,5,20.24,6,OK,0.1
2026-02-15T11:48:04.354Z,6,20.16,7,OK,0.1
2026-02-15T11:48:04.404Z,5,20.17,8,OK,0.1
2026-02-15T11:48:04.454Z,5,20.20,9,OK,0.1
2026-02-15T11:48:04.504Z,5,20.23,10,OK,0.1
2026-02-15T11:48:04.663Z,6,21.22,11,OK,0.1
2026-02-15T11:48:04.859Z,9,36.84,9,SATURATED,0.1
2026-02-15T11:48:05.081Z,9,67.21,5,SATURATED,0.1
2026-02-15T11:48:05.131Z,6,67.16,5,SATURATED,0.1
2026-02-15T11:48:05.181Z,6,67.12,5,SATURATED,0.1
2026-02-15T11:48:05.231Z,6,66.08,5,SATURATED,0.1
2026-02-15T11:48:05.281Z,6,50.53,5,SATURATED,0.1
2026-02-15T11:48:05.331Z,6,20.19,6,SATURATED,0.1
2026-02-15T11:48:05.381Z,6,20.25,7,OK,0.1
2026-02-15T11:48:05.431Z,7,20.22,8,OK,0.1
2026-02-15T11:48:05.482Z,6,20.26,9,OK,0.1
2026-02-15T11:48:05.532Z,6,20.30,10,OK,0.1
2026-02-15T11:48:05.582Z,6,20.31,11,OK,0.1
2026-02-15T11:48:05.632Z,6,20.24,12,OK,0.1
2026-02-15T11:48:05.776Z,7,20.04,13,OK,0.1
2026-02-15T11:48:05.958Z,7,52.32,10,OK,0.1
2026-02-15T11:48:06.150Z,7,82.66,5,SATURATED,0.1
2026-02-15T11:48:06.200Z,5,78.59,5,SATURATED,0.1
2026-02-15T11:48:06.251Z,5,78.56,5,SATURATED,0.1
2026-02-15T11:48:06.301Z,5,78.79,5,SATURATED,0.1
2026-02-15T11:48:06.351Z,4,46.63,5,OK,0.1
2026-02-15T11:48:06.402Z,4,16.32,6,OK,0.1
2026-02-15T11:48:06.554Z,4,44.22,5,OK,0.1
2026-02-15T11:48:06.604Z,4,44.28,5,OK,0.1
2026-02-15T11:48:06.654Z,4,44.24,5,OK,0.1
2026-02-15T11:48:06.773Z,4,63.49,5,OK,0.1
2026-02-15T11:48:06.825Z,3,63.51,5,OK,0.1
2026-02-15T11:48:06.875Z,3,39.64,5,OK,0.1
2026-02-15T11:48:06.925Z,3,39.67,5,OK,0.1
2026-02-15T11:48:06.976Z,3,39.67,5,OK,0.1
2026-02-15T11:48:07.027Z,2,20.23,6,OK,0.1
2026-02-15T11:48:07.077Z,2,20.25,7,OK,0.1
2026-02-15T11:48:07.127Z,2,20.31,8,OK,0.1
2026-02-15T11:48:07.184Z,8,20.23,9,OK,0.1
2026-02-15T11:48:07.366Z,9,52.50,6,SATURATED,0.1
2026-02-15T11:48:07.416Z,6,52.55,5,SATURATED,0.1
2026-02-15T11:48:07.467Z,6,52.55,5,SATURATED,0.1
2026-02-15T11:48:07.517Z,6,52.54,5,SATURATED,0.1
2026-02-15T11:48:07.568Z,6,52.55,5,SATURATED,0.1
2026-02-15T11:48:07.619Z,6,20.12,6,SATURATED,0.1
2026-02-15T11:48:07.669Z,6,20.04,7,OK,0.1
2026-02-15T11:48:07.720Z,6,20.07,8,OK,0.1
2026-02-15T11:48:07.770Z,6,19.99,9,OK,0.1
2026-02-15T11:48:07.820Z,6,20.04,10,OK,0.1
2026-02-15T11:48:07.870Z,6,20.24,11,OK,0.1
2026-02-15T11:48:07.920Z,6,20.35,12,OK,0.1
2026-02-15T11:48:08.061Z,6,34.45,11,OK,0.1
2026-02-15T11:48:08.111Z,6,34.47,10,OK,0.1
2026-02-15T11:48:08.161Z,5,34.43,9,OK,0.1
2026-02-15T11:48:08.281Z,9,53.99,6,SATURATED,0.1
2026-02-15T11:48:08.348Z,6,53.95,5,SATURATED,0.1
2026-02-15T11:48:08.398Z,6,39.82,5,SATURATED,0.1
2026-02-15T11:48:08.448Z,6,39.83,5,SATURATED,0.1
2026-02-15T11:48:08.499Z,6,39.89,5,SATURATED,0.1
2026-02-15T11:48:08.549Z,6,20.32,6,SATURATED,0.1
2026-02-15T11:48:08.599Z,6,20.27,7,OK,0.1
2026-02-15T11:48:08.649Z,7,20.29,8,OK,0.1
2026-02-15T11:48:08.699Z,7,20.36,9,OK,0.1
2026-02-15T11:48:08.749Z,7,20.39,10,OK,0.1
2026-02-15T11:48:08.870Z,8,20.38,11,OK,0.1
2026-02-15T11:48:08.922Z,8,20.40,12,OK,0.1
2026-02-15T11:48:08.972Z,8,20.33,13,OK,0.1
2026-02-15T11:48:09.023Z,8,20.33,14,OK,0.1
2026-02-15T11:48:09.074Z,13,20.43,15,OK,0.1
2026-02-15T11:48:09.179Z,12,27.38,14,OK,0.1
2026-02-15T11:48:09.251Z,8,27.75,13,OK,0.1
2026-02-15T11:48:09.388Z,10,47.09,10,SATURATED,0.1
2026-02-15T11:48:09.478Z,9,50.98,7,SATURATED,0.1
2026-02-15T11:48:09.529Z,8,50.81,5,SATURATED,0.1
2026-02-15T11:48:09.579Z,8,43.89,5,SATURATED,0.1
2026-02-15T11:48:09.629Z,8,43.64,5,SATURATED,0.1
2026-02-15T11:48:09.680Z,8,24.36,6,SATURATED,0.1
2026-02-15T11:48:09.732Z,8,20.47,7,SATURATED,0.1
2026-02-15T11:48:09.782Z,8,20.50,8,SATURATED,0.1
2026-02-15T11:48:09.832Z,8,20.51,9,OK,0.1
2026-02-15T11:48:09.882Z,8,20.43,10,OK,0.1
2026-02-15T11:48:09.933Z,9,20.46,11,OK,0.1
2026-02-15T11:48:09.983Z,9,20.40,12,OK,0.1
2026-02-15T11:48:10.033Z,11,20.37,13,OK,0.1
2026-02-15T11:48:10.083Z,10,20.33,14,OK,0.1
2026-02-15T11:48:10.134Z,10,20.33,15,OK,0.1
2026-02-15T11:48:10.184Z,11,20.28,16,OK,0.1
2026-02-15T11:48:10.278Z,11,25.03,15,OK,0.1
2026-02-15T11:48:10.662Z,12,97.86,7,SATURATED,0.1
2026-02-15T11:48:10.757Z,10,102.81,5,SATURATED,0.1
2026-02-15T11:48:10.807Z,8,102.82,5,SATURATED,0.1
2026-02-15T11:48:10.858Z,8,102.77,5,SATURATED,0.1
2026-02-15T11:48:10.908Z,8,97.99,5,SATURATED,0.1
2026-02-15T11:48:10.959Z,8,25.13,5,SATURATED,0.1
2026-02-15T11:48:11.009Z,8,20.20,6,SATURATED,0.1
2026-02-15T11:48:11.060Z,8,20.16,7,SATURATED,0.1
2026-02-15T11:48:11.110Z,7,20.09,8,OK,0.1
2026-02-15T11:48:11.259Z,7,44.08,6,SATURATED,0.1
2026-02-15T11:48:11.392Z,5,62.52,5,SATURATED,0.1
2026-02-15T11:48:11.448Z,5,59.65,5,SATURATED,0.1
2026-02-15T11:48:11.498Z,5,59.60,5,SATURATED,0.1
2026-02-15T11:48:11.548Z,5,59.71,5,SATURATED,0.1
2026-02-15T11:48:11.598Z,5,35.70,5,SATURATED,0.1
2026-02-15T11:48:11.648Z,5,17.30,6,OK,0.1
2026-02-15T11:48:11.700Z,6,21.15,7,OK,0.1
2026-02-15T11:48:11.750Z,7,17.15,8,OK,0.1
2026-02-15T11:48:11.897Z,8,32.51,7,SATURATED,0.1
2026-02-15T11:48:11.954Z,7,29.91,6,SATURATED,0.1
2026-02-15T11:48:12.004Z,5,29.92,5,SATURATED,0.1
2026-02-15T11:48:12.054Z,5,28.88,5,SATURATED,0.1
2026-02-15T11:48:12.104Z,4,33.01,5,OK,0.1
2026-02-15T11:48:12.154Z,4,17.78,6,OK,0.1
2026-02-15T11:48:12.204Z,2,20.43,7,OK,0.1
2026-02-15T11:48:12.255Z,2,20.34,8,OK,0.1
2026-02-15T11:48:12.376Z,7,39.81,6,SATURATED,0.1
2026-02-15T11:48:12.557Z,2,61.88,5,OK,0.1
2026-02-15T11:48:12.608Z,3,61.80,5,OK,0.1
2026-02-15T11:48:12.658Z,3,61.84,5,OK,0.1
2026-02-15T11:48:12.707Z,5,61.79,5,SATURATED,0.1
2026-02-15T11:48:12.759Z,5,38.69,5,SATURATED,0.1
2026-02-15T11:48:12.893Z,5,29.29,5,SATURATED,0.1
2026-02-15T11:48:12.953Z,5,27.21,5,SATURATED,0.1
2026-02-15T11:48:13.054Z,5,33.31,5,SATURATED,0.1
2026-02-15T11:48:13.104Z,4,33.38,5,OK,0.1
2026-02-15T11:48:13.154Z,5,37.05,5,SATURATED,0.1
2026-02-15T11:48:13.204Z,5,24.31,6,OK,0.1
2026-02-15T11:48:13.357Z,5,26.38,5,SATURATED,0.1
2026-02-15T11:48:13.408Z,5,20.33,6,OK,0.1
2026-02-15T11:48:13.460Z,5,20.43,7,OK,0.1
2026-02-15T11:48:13.510Z,4,20.47,8,OK,0.1
2026-02-15T11:48:13.561Z,5,20.29,9,OK,0.1
2026-02-15T11:48:13.871Z,6,78.07,5,SATURATED,0.1
2026-02-15T11:48:13.975Z,5,84.51,5,SATURATED,0.1
2026-02-15T11:48:14.169Z,4,109.43,5,OK,0.1
2026-02-15T11:48:14.357Z,5,132.92,5,SATURATED,0.4
2026-02-15T11:48:14.407Z,4,133.11,5,OK,0.4
2026-02-15T11:48:14.457Z,4,75.35,5,OK,0.1
2026-02-15T11:48:14.508Z,4,68.85,5,OK,0.1
2026-02-15T11:48:14.558Z,4,43.81,5,OK,0.1
2026-02-15T11:48:14.609Z,3,20.28,6,OK,0.1
2026-02-15T11:48:14.660Z,3,20.17,7,OK,0.1
2026-02-15T11:48:14.710Z,2,20.12,8,OK,0.1
2026-02-15T11:48:14.761Z,2,20.11,9,OK,0.1
2026-02-15T11:48:14.811Z,2,20.22,10,OK,0.1
2026-02-15T11:48:14.862Z,2,20.10,11,OK,0.1
2026-02-15T11:48:15.188Z,11,48.75,8,SATURATED,0.1
2026-02-15T11:48:15.649Z,8,126.93,5,SATURATED,0.4
2026-02-15T11:48:15.859Z,5,154.85,5,SATURATED,0.4
2026-02-15T11:48:15.990Z,5,166.97,5,SATURATED,0.4
2026-02-15T11:48:16.177Z,4,190.42,5,OK,0.4
2026-02-15T11:48:16.228Z,5,161.88,5,SATURATED,0.4
2026-02-15T11:48:16.278Z,5,83.75,5,SATURATED,0.1
2026-02-15T11:48:16.329Z,5,55.81,5,SATURATED,0.1
2026-02-15T11:48:16.379Z,5,43.69,5,SATURATED,0.1
2026-02-15T11:48:16.430Z,5,20.36,6,OK,0.1
2026-02-15T11:48:16.480Z,5,20.33,7,OK,0.1
2026-02-15T11:48:16.529Z,5,20.38,8,OK,0.1
2026-02-15T11:48:16.581Z,8,20.59,9,OK,0.1
2026-02-15T11:48:16.893Z,9,68.92,5,SATURATED,0.1
2026-02-15T11:48:16.980Z,6,72.25,5,SATURATED,0.1
2026-02-15T11:48:17.031Z,6,72.31,5,SATURATED,0.1
2026-02-15T11:48:17.081Z,6,72.38,5,SATURATED,0.1
2026-02-15T11:48:17.130Z,6,72.23,5,SATURATED,0.1
2026-02-15T11:48:17.181Z,6,23.93,6,SATURATED,0.1
2026-02-15T11:48:17.232Z,6,20.71,7,OK,0.1
2026-02-15T11:48:17.283Z,6,20.70,8,OK,0.1
2026-02-15T11:48:17.333Z,7,20.61,9,OK,0.1
2026-02-15T11:48:17.383Z,7,20.62,10,OK,0.1
2026-02-15T11:48:17.434Z,7,20.60,11,OK,0.1
2026-02-15T11:48:17.485Z,7,20.51,12,OK,0.1
2026-02-15T11:48:17.585Z,11,33.67,11,SATURATED,0.1
2026-02-15T11:48:17.778Z,8,58.15,7,SATURATED,0.1
2026-02-15T11:48:17.828Z,8,58.11,5,SATURATED,0.1
2026-02-15T11:48:17.878Z,8,58.08,5,SATURATED,0.1
2026-02-15T11:48:17.928Z,8,58.24,5,SATURATED,0.1
2026-02-15T11:48:17.980Z,8,46.06,5,SATURATED,0.1
2026-02-15T11:48:18.031Z,6,21.56,6,SATURATED,0.1
2026-02-15T11:48:18.081Z,6,21.55,7,OK,0.1
2026-02-15T11:48:18.134Z,7,21.63,8,OK,0.1
2026-02-15T11:48:18.268Z,6,34.37,7,OK,0.1
2026-02-15T11:48:18.578Z,6,81.30,5,SATURATED,0.1
2026-02-15T11:48:18.649Z,5,81.39,5,SATURATED,0.1
2026-02-15T11:48:18.699Z,4,81.43,5,OK,0.1
2026-02-15T11:48:18.749Z,5,81.28,5,SATURATED,0.1
2026-02-15T11:48:18.799Z,5,68.43,5,SATURATED,0.1
2026-02-15T11:48:18.850Z,5,20.47,6,OK,0.1
2026-02-15T11:48:18.901Z,5,20.38,7,OK,0.1
2026-02-15T11:48:18.951Z,5,20.25,8,OK,0.1
2026-02-15T11:48:19.266Z,8,79.28,5,SATURATED,0.1
2026-02-15T11:48:19.317Z,5,79.16,5,SATURATED,0.1
2026-02-15T11:48:19.367Z,4,75.12,5,OK,0.1
2026-02-15T11:48:19.417Z,4,75.03,5,OK,0.1
2026-02-15T11:48:19.467Z,4,75.05,5,OK,0.1
2026-02-15T11:48:19.516Z,3,16.16,6,OK,0.1
2026-02-15T11:48:19.568Z,3,16.21,7,OK,0.1
2026-02-15T11:48:19.618Z,3,20.40,8,OK,0.1
2026-02-15T11:48:19.670Z,8,21.05,9,OK,0.1
2026-02-15T11:48:19.720Z,3,21.09,10,OK,0.1
2026-02-15T11:48:19.770Z,3,21.05,11,OK,0.1
2026-02-15T11:48:19.821Z,3,21.06,12,OK,0.1
2026-02-15T11:48:19.960Z,3,34.67,11,OK,0.1
2026-02-15T11:48:20.011Z,6,34.15,10,OK,0.1
2026-02-15T11:48:20.061Z,6,34.15,9,OK,0.1
2026-02-15T11:48:20.112Z,6,33.97,8,OK,0.1
2026-02-15T11:48:20.162Z,6,33.88,7,OK,0.1
2026-02-15T11:48:20.212Z,6,20.18,8,OK,0.1
2026-02-15T11:48:20.390Z,6,20.24,9,OK,0.1
2026-02-15T11:48:20.675Z,9,73.12,5,SATURATED,0.1
2026-02-15T11:48:20.770Z,7,78.43,5,SATURATED,0.1
2026-02-15T11:48:20.820Z,5,78.63,5,SATURATED,0.1
2026-02-15T11:48:20.870Z,5,78.49,5,SATURATED,0.1
2026-02-15T11:48:20.920Z,5,78.37,5,SATURATED,0.1
2026-02-15T11:48:20.970Z,5,25.52,5,SATURATED,0.1
2026-02-15T11:48:21.020Z,5,20.46,6,OK,0.1
2026-02-15T11:48:21.070Z,6,20.27,7,OK,0.1
2026-02-15T11:48:21.120Z,7,20.38,8,OK,0.1
2026-02-15T11:48:21.171Z,7,20.48,9,OK,0.1
2026-02-15T11:48:21.221Z,7,20.53,10,OK,0.1
2026-02-15T11:48:21.271Z,7,20.46,11,OK,0.1
2026-02-15T11:48:21.321Z,7,20.51,12,OK,0.1
2026-02-15T11:48:21.465Z,7,45.19,9,OK,0.1
2026-02-15T11:48:21.515Z,7,45.07,6,SATURATED,0.1
2026-02-15T11:48:21.565Z,7,45.09,5,SATURATED,0.1
2026-02-15T11:48:21.615Z,6,45.23,5,SATURATED,0.1
2026-02-15T11:48:21.667Z,6,45.11,5,SATURATED,0.1
2026-02-15T11:48:21.749Z,6,31.05,5,SATURATED,0.1
2026-02-15T11:48:21.854Z,6,38.18,5,SATURATED,0.1
2026-02-15T11:48:21.904Z,6,38.05,5,SATURATED,0.1
2026-02-15T11:48:21.954Z,6,37.99,5,SATURATED,0.1
2026-02-15T11:48:22.252Z,5,39.92,5,SATURATED,0.1
2026-02-15T11:48:22.303Z,4,29.26,5,OK,0.1
2026-02-15T11:48:22.353Z,5,22.03,6,OK,0.1
2026-02-15T11:48:22.404Z,5,22.08,7,OK,0.1
2026-02-15T11:48:22.455Z,5,21.94,8,OK,0.1
2026-02-15T11:48:22.653Z,6,45.65,5,SATURATED,0.1
2026-02-15T11:48:22.779Z,5,56.82,5,SATURATED,0.1
2026-02-15T11:48:23.252Z,5,147.73,5,SATURATED,0.4
2026-02-15T11:48:23.352Z,5,153.88,5,SATURATED,0.4
2026-02-15T11:48:23.402Z,4,153.92,5,OK,0.4
2026-02-15T11:48:23.452Z,4,128.43,5,OK,0.4
2026-02-15T11:48:23.502Z,4,117.28,5,OK,0.1
2026-02-15T11:48:23.552Z,4,26.36,5,OK,0.1
2026-02-15T11:48:23.602Z,4,20.28,6,OK,0.1
2026-02-15T11:48:23.652Z,4,20.35,7,OK,0.1
2026-02-15T11:48:23.866Z,4,58.27,5,OK,0.1
2026-02-15T11:48:23.978Z,5,66.62,5,SATURATED,0.1
2026-02-15T11:48:24.030Z,5,66.78,5,SATURATED,0.1
2026-02-15T11:48:24.080Z,4,66.79,5,OK,0.1
2026-02-15T11:48:24.133Z,4,66.88,5,OK,0.1
2026-02-15T11:48:24.183Z,5,29.29,5,SATURATED,0.1
2026-02-15T11:48:24.363Z,5,42.89,5,SATURATED,0.1
2026-02-15T11:48:24.458Z,5,47.78,5,SATURATED,0.1
2026-02-15T11:48:24.509Z,3,47.69,5,OK,0.1
2026-02-15T11:48:24.682Z,3,76.26,5,OK,0.1
2026-02-15T11:48:24.732Z,3,75.89,5,OK,0.1
2026-02-15T11:48:24.781Z,3,53.96,5,OK,0.1
2026-02-15T11:48:24.832Z,3,48.99,5,OK,0.1
2026-02-15T11:48:24.990Z,3,49.01,5,OK,0.1
2026-02-15T11:48:25.090Z,5,26.23,5,SATURATED,0.1
2026-02-15T11:48:25.348Z,5,63.75,5,SATURATED,0.1
2026-02-15T11:48:25.574Z,5,94.87,5,SATURATED,0.1
2026-02-15T11:48:26.074Z,5,190.80,5,SATURATED,0.4
2026-02-15T11:48:26.195Z,5,200.96,5,SATURATED,0.4
2026-02-15T11:48:26.654Z,5,272.76,5,SATURATED,0.4
2026-02-15T11:48:26.859Z,5,262.16,5,SATURATED,0.4
2026-02-15T11:48:27.081Z,4,261.36,5,OK,0.4
2026-02-15T11:48:27.252Z,5,185.60,5,SATURATED,0.4
2026-02-15T11:48:27.673Z,5,245.60,5,SATURATED,0.4
2026-02-15T11:48:28.091Z,5,237.40,5,SATURATED,0.4
2026-02-15T11:48:28.169Z,5,212.00,5,SATURATED,0.4
2026-02-15T11:48:28.272Z,5,193.54,5,SATURATED,0.4
2026-02-15T11:48:28.483Z,5,201.74,5,SATURATED,0.4
2026-02-15T11:48:28.672Z,5,155.34,5,SATURATED,0.4
2026-02-15T11:48:28.747Z,5,86.74,5,SATURATED,0.1
2026-02-15T11:48:28.797Z,4,85.27,5,OK,0.1
2026-02-15T11:48:28.848Z,4,73.41,5,OK,0.1
2026-02-15T11:48:28.898Z,3,44.98,5,OK,0.1
2026-02-15T11:48:28.948Z,3,21.07,6,OK,0.1
2026-02-15T11:48:28.998Z,3,20.11,7,OK,0.1
2026-02-15T11:48:29.048Z,3,19.98,8,OK,0.1
2026-02-15T11:48:29.188Z,8,29.73,7,SATURATED,0.1
2026-02-15T11:48:29.470Z,7,72.17,5,SATURATED,0.1
2026-02-15T11:48:29.562Z,5,76.67,5,SATURATED,0.1
2026-02-15T11:48:29.647Z,5,79.63,5,SATURATED,0.1
2026-02-15T11:48:29.701Z,5,79.95,5,SATURATED,0.1
2026-02-15T11:48:29.750Z,5,70.11,5,SATURATED,0.1
2026-02-15T11:48:29.800Z,5,27.78,5,SATURATED,0.1
2026-02-15T11:48:29.851Z,5,23.23,6,OK,0.1
2026-02-15T11:48:29.901Z,5,20.28,7,OK,0.1
2026-02-15T11:48:29.952Z,5,20.17,8,OK,0.1
2026-02-15T11:48:30.001Z,5,20.14,9,OK,0.1
2026-02-15T11:48:30.177Z,5,48.73,6,OK,0.1
2026-02-15T11:48:30.246Z,5,53.21,5,SATURATED,0.1
2026-02-15T11:48:30.297Z,5,53.17,5,SATURATED,0.1
2026-02-15T11:48:30.347Z,5,52.92,5,SATURATED,0.1
2026-02-15T11:48:30.396Z,5,52.86,5,SATURATED,0.1
2026-02-15T11:48:30.447Z,5,24.31,6,OK,0.1
2026-02-15T11:48:30.500Z,6,20.69,7,OK,0.1
2026-02-15T11:48:30.572Z,7,21.08,8,OK,0.1
2026-02-15T11:48:30.979Z,8,88.54,5,SATURATED,0.1
2026-02-15T11:48:31.075Z,4,93.82,5,OK,0.1
2026-02-15T11:48:31.126Z,1,93.73,5,OK,0.1
2026-02-15T11:48:31.177Z,2,93.10,5,OK,0.1
2026-02-15T11:48:31.290Z,3,99.98,5,OK,0.1
2026-02-15T11:48:31.347Z,3,29.98,5,OK,0.1
2026-02-15T11:48:31.490Z,4,45.22,5,OK,0.1
2026-02-15T11:48:31.577Z,5,48.60,5,SATURATED,0.1
2026-02-15T11:48:31.759Z,5,70.92,5,SATURATED,0.1
2026-02-15T11:48:31.846Z,5,77.00,5,SATURATED,0.1
2026-02-15T11:48:31.897Z,5,79.66,5,SATURATED,0.1
2026-02-15T11:48:31.947Z,5,59.22,5,SATURATED,0.1
2026-02-15T11:48:31.997Z,5,55.84,5,SATURATED,0.1
2026-02-15T11:48:32.046Z,5,33.62,5,SATURATED,0.1
2026-02-15T11:48:32.097Z,5,20.58,6,OK,0.1
2026-02-15T11:48:32.147Z,5,20.42,7,OK,0.1
2026-02-15T11:48:32.198Z,7,20.87,8,OK,0.1
2026-02-15T11:48:32.249Z,6,21.06,9,OK,0.1
2026-02-15T11:48:32.303Z,9,20.94,10,OK,0.1
2026-02-15T11:48:32.353Z,7,20.55,11,OK,0.1
2026-02-15T11:48:32.403Z,7,20.89,12,OK,0.1
2026-02-15T11:48:32.453Z,7,20.60,13,OK,0.1
2026-02-15T11:48:32.507Z,9,20.47,14,OK,0.1
2026-02-15T11:48:32.689Z,14,42.81,12,SATURATED,0.1
2026-02-15T11:48:32.779Z,12,56.84,8,SATURATED,0.1
2026-02-15T11:48:32.829Z,11,56.70,5,SATURATED,0.1
2026-02-15T11:48:32.880Z,11,56.48,5,SATURATED,0.1
2026-02-15T11:48:32.931Z,11,56.42,5,SATURATED,0.1
2026-02-15T11:48:32.981Z,11,34.08,5,SATURATED,0.1
2026-02-15T11:48:33.031Z,11,20.88,6,SATURATED,0.1
2026-02-15T11:48:33.084Z,11,20.80,7,SATURATED,0.1
2026-02-15T11:48:33.147Z,10,22.44,8,SATURATED,0.1
2026-02-15T11:48:33.198Z,10,22.53,9,SATURATED,0.1
2026-02-15T11:48:33.248Z,10,22.37,10,SATURATED,0.1
2026-02-15T11:48:33.298Z,10,21.61,11,OK,0.1
2026-02-15T11:48:33.348Z,11,21.55,12,OK,0.1
2026-02-15T11:48:33.398Z,11,20.15,13,OK,0.1
2026-02-15T11:48:33.449Z,11,20.12,14,OK,0.1
2026-02-15T11:48:33.500Z,9,20.45,15,OK,0.1
2026-02-15T11:48:33.579Z,10,22.25,16,OK,0.1
2026-02-15T11:48:33.951Z,15,82.69,10,SATURATED,0.1
2026-02-15T11:48:34.053Z,10,86.88,5,SATURATED,0.1
2026-02-15T11:48:34.172Z,8,94.73,5,SATURATED,0.1
2026-02-15T11:48:34.223Z,7,94.51,5,SATURATED,0.1
2026-02-15T11:48:34.273Z,7,92.82,5,SATURATED,0.1
2026-02-15T11:48:34.324Z,7,32.54,5,SATURATED,0.1
2026-02-15T11:48:34.373Z,6,28.21,5,SATURATED,0.1
2026-02-15T11:48:34.425Z,6,20.37,6,SATURATED,0.1
2026-02-15T11:48:34.474Z,6,20.35,7,OK,0.1
2026-02-15T11:48:34.524Z,4,20.40,8,OK,0.1
2026-02-15T11:48:34.575Z,3,20.48,9,OK,0.1
2026-02-15T11:48:34.626Z,3,20.49,10,OK,0.1
2026-02-15T11:48:34.676Z,3,20.49,11,OK,0.1
2026-02-15T11:48:34.727Z,2,20.64,12,OK,0.1
2026-02-15T11:48:34.777Z,2,20.53,13,OK,0.1
2026-02-15T11:48:34.827Z,2,20.42,14,OK,0.1
2026-02-15T11:48:34.878Z,2,20.42,15,OK,0.1
2026-02-15T11:48:34.929Z,2,20.46,16,OK,0.1
2026-02-15T11:48:35.553Z,14,137.70,5,SATURATED,0.4
2026-02-15T11:48:35.763Z,5,165.63,5,SATURATED,0.4
2026-02-15T11:48:35.813Z,3,165.59,5,OK,0.4
2026-02-15T11:48:35.863Z,3,165.61,5,OK,0.4
2026-02-15T11:48:35.978Z,2,172.85,5,OK,0.4
2026-02-15T11:48:36.028Z,2,55.66,5,OK,0.1
2026-02-15T11:48:36.078Z,2,27.72,5,OK,0.1
2026-02-15T11:48:36.128Z,2,27.70,5,OK,0.1
2026-02-15T11:48:36.179Z,2,27.70,5,OK,0.1
2026-02-15T11:48:36.229Z,2,20.44,6,OK,0.1
2026-02-15T11:48:36.278Z,2,20.32,7,OK,0.1
2026-02-15T11:48:36.329Z,2,20.33,8,OK,0.1
2026-02-15T11:48:36.379Z,2,20.38,9,OK,0.1
2026-02-15T11:48:36.429Z,2,20.38,10,OK,0.1
2026-02-15T11:48:36.479Z,2,20.38,11,OK,0.1
2026-02-15T11:48:36.529Z,2,20.29,12,OK,0.1
2026-02-15T11:48:36.689Z,6,32.16,11,OK,0.1
2026-02-15T11:48:36.876Z,11,55.48,7,SATURATED,0.1
2026-02-15T11:48:37.163Z,7,98.81,5,SATURATED,0.1
2026-02-15T11:48:37.369Z,3,131.90,5,OK,0.4
2026-02-15T11:48:37.547Z,5,153.53,5,SATURATED,0.4
2026-02-15T11:48:37.598Z,3,141.65,5,OK,0.4
2026-02-15T11:48:37.649Z,3,118.35,5,OK,0.1
2026-02-15T11:48:37.699Z,3,75.01,5,OK,0.1
2026-02-15T11:48:37.750Z,3,41.91,5,OK,0.1
2026-02-15T11:48:37.889Z,5,34.11,5,SATURATED,0.1
2026-02-15T11:48:38.256Z,4,93.44,5,OK,0.1
2026-02-15T11:48:38.473Z,5,122.75,5,SATURATED,0.1
2026-02-15T11:48:38.523Z,3,122.72,5,OK,0.1
2026-02-15T11:48:38.573Z,3,122.76,5,OK,0.1
2026-02-15T11:48:38.623Z,3,109.04,5,OK,0.1
2026-02-15T11:48:38.674Z,3,49.70,5,OK,0.1
2026-02-15T11:48:38.724Z,3,20.33,6,OK,0.1
2026-02-15T11:48:38.774Z,3,20.34,7,OK,0.1
2026-02-15T11:48:38.824Z,3,20.28,8,OK,0.1
2026-02-15T11:48:38.874Z,3,20.25,9,OK,0.1
2026-02-15T11:48:38.983Z,6,36.74,7,OK,0.1
2026-02-15T11:48:39.033Z,3,36.74,5,OK,0.1
2026-02-15T11:48:39.286Z,2,36.70,5,OK,0.1
2026-02-15T11:48:39.946Z,5,154.43,5,SATURATED,0.4
2026-02-15T11:48:40.268Z,5,214.78,5,SATURATED,0.4
2026-02-15T11:48:40.318Z,2,198.37,5,OK,0.4
2026-02-15T11:48:40.368Z,2,198.40,5,OK,0.4
2026-02-15T11:48:40.419Z,2,198.49,5,OK,0.4
2026-02-15T11:48:40.469Z,2,80.73,5,OK,0.1
2026-02-15T11:48:40.520Z,2,20.43,6,OK,0.1
2026-02-15T11:48:40.570Z,2,20.36,7,OK,0.1
2026-02-15T11:48:40.679Z,7,26.90,6,SATURATED,0.1
2026-02-15T11:48:40.754Z,4,27.81,5,OK,0.1
2026-02-15T11:48:40.850Z,5,38.56,5,SATURATED,0.1
2026-02-15T11:48:40.952Z,5,50.52,5,SATURATED,0.1
2026-02-15T11:48:41.003Z,5,50.56,5,SATURATED,0.1
2026-02-15T11:48:41.053Z,5,44.02,5,SATURATED,0.1
2026-02-15T11:48:41.104Z,5,43.14,5,SATURATED,0.1
2026-02-15T11:48:41.155Z,5,32.44,5,SATURATED,0.1
2026-02-15T11:48:41.208Z,5,20.50,6,OK,0.1
2026-02-15T11:48:41.263Z,6,20.47,7,OK,0.1
2026-02-15T11:48:41.596Z,7,82.75,5,SATURATED,0.1
2026-02-15T11:48:41.657Z,5,80.83,5,SATURATED,0.1
2026-02-15T11:48:41.708Z,5,80.73,5,SATURATED,0.1
2026-02-15T11:48:41.758Z,5,80.67,5,SATURATED,0.1
2026-02-15T11:48:41.809Z,5,80.63,5,SATURATED,0.1
2026-02-15T11:48:41.861Z,5,18.36,6,OK,0.1
2026-02-15T11:48:42.157Z,6,20.19,7,OK,0.1
2026-02-15T11:48:42.252Z,7,25.65,6,SATURATED,0.1
2026-02-15T11:48:42.301Z,5,21.58,7,OK,0.1
2026-02-15T11:48:42.352Z,5,21.66,8,OK,0.1
2026-02-15T11:48:42.402Z,5,21.69,9,OK,0.1
2026-02-15T11:48:42.452Z,5,21.74,10,OK,0.1
2026-02-15T11:48:42.503Z,5,16.23,11,OK,0.1
2026-02-15T11:48:42.553Z,5,20.37,12,OK,0.1
2026-02-15T11:48:42.677Z,12,20.26,13,OK,0.1
2026-02-15T11:48:42.746Z,12,19.94,14,OK,0.1
2026-02-15T11:48:43.287Z,14,69.90,9,SATURATED,0.1
2026-02-15T11:48:43.571Z,9,112.77,5,SATURATED,0.1
2026-02-15T11:48:43.622Z,7,112.70,5,SATURATED,0.1
2026-02-15T11:48:43.672Z,7,112.82,5,SATURATED,0.1
2026-02-15T11:48:43.722Z,6,113.23,5,SATURATED,0.1
2026-02-15T11:48:43.778Z,6,63.20,5,SATURATED,0.1
2026-02-15T11:48:43.828Z,6,20.41,6,SATURATED,0.1
2026-02-15T11:48:43.878Z,6,20.42,7,OK,0.1
2026-02-15T11:48:43.929Z,6,20.42,8,OK,0.1
2026-02-15T11:48:43.979Z,6,20.28,9,OK,0.1
2026-02-15T11:48:44.028Z,6,20.37,10,OK,0.1
2026-02-15T11:48:44.079Z,7,20.35,11,OK,0.1
2026-02-15T11:48:44.129Z,7,20.35,12,OK,0.1
2026-02-15T11:48:44.179Z,6,20.23,13,OK,0.1
2026-02-15T11:48:44.229Z,6,20.23,14,OK,0.1
2026-02-15T11:48:44.283Z,14,20.16,15,OK,0.1
2026-02-15T11:48:44.760Z,15,101.58,7,SATURATED,0.1
2026-02-15T11:48:44.950Z,7,125.50,5,SATURATED,0.4
2026-02-15T11:48:45.071Z,6,135.71,5,SATURATED,0.4
2026-02-15T11:48:45.120Z,6,135.75,5,SATURATED,0.4
2026-02-15T11:48:45.171Z,6,135.76,5,SATURATED,0.4
2026-02-15T11:48:45.222Z,6,54.42,5,SATURATED,0.1
2026-02-15T11:48:45.273Z,6,30.49,5,SATURATED,0.1
2026-02-15T11:48:45.322Z,6,20.36,6,SATURATED,0.1
2026-02-15T11:48:45.373Z,6,20.37,7,OK,0.1
2026-02-15T11:48:45.424Z,6,20.36,8,OK,0.1
2026-02-15T11:48:45.473Z,6,20.35,9,OK,0.1
2026-02-15T11:48:45.524Z,5,20.34,10,OK,0.1
2026-02-15T11:48:45.574Z,6,20.30,11,OK,0.1
2026-02-15T11:48:45.625Z,6,20.23,12,OK,0.1
2026-02-15T11:48:45.675Z,6,20.25,13,OK,0.1
2026-02-15T11:48:45.726Z,6,20.25,14,OK,0.1
2026-02-15T11:48:46.187Z,12,104.82,6,SATURATED,0.1
2026-02-15T11:48:46.492Z,6,151.79,5,SATURATED,0.4
2026-02-15T11:48:46.546Z,4,148.55,5,OK,0.4
2026-02-15T11:48:46.653Z,5,155.89,5,SATURATED,0.4
2026-02-15T11:48:46.705Z,3,155.89,5,OK,0.4
2026-02-15T11:48:46.754Z,1,71.32,5,OK,0.1
2026-02-15T11:48:46.804Z,2,24.39,6,OK,0.1
2026-02-15T11:48:46.855Z,2,27.64,5,OK,0.1
2026-02-15T11:48:46.905Z,2,20.33,6,OK,0.1
2026-02-15T11:48:46.956Z,2,20.36,7,OK,0.1
2026-02-15T11:48:47.006Z,2,20.32,8,OK,0.1
2026-02-15T11:48:47.056Z,2,20.32,9,OK,0.1
2026-02-15T11:48:47.106Z,2,20.33,10,OK,0.1
2026-02-15T11:48:47.155Z,2,20.32,11,OK,0.1
2026-02-15T11:48:47.280Z,4,28.08,10,OK,0.1
2026-02-15T11:48:47.386Z,10,35.27,8,SATURATED,0.1
2026-02-15T11:48:47.490Z,8,41.99,6,SATURATED,0.1
2026-02-15T11:48:47.647Z,6,59.34,5,SATURATED,0.1
2026-02-15T11:48:47.697Z,1,59.28,5,OK,0.1
2026-02-15T11:48:47.748Z,1,51.50,5,OK,0.1
2026-02-15T11:48:47.875Z,1,65.74,5,OK,0.1
2026-02-15T11:48:48.062Z,5,82.34,5,SATURATED,0.1
2026-02-15T11:48:48.113Z,3,64.97,5,OK,0.1
2026-02-15T11:48:48.163Z,3,65.01,5,OK,0.1
2026-02-15T11:48:48.212Z,3,64.93,5,OK,0.1
2026-02-15T11:48:48.263Z,3,43.55,5,OK,0.1
2026-02-15T11:48:48.313Z,4,20.14,6,OK,0.1
2026-02-15T11:48:48.483Z,5,20.18,7,OK,0.1
2026-02-15T11:48:48.875Z,7,94.52,5,SATURATED,0.1
2026-02-15T11:48:48.987Z,4,102.92,5,OK,0.1
2026-02-15T11:48:49.038Z,3,102.94,5,OK,0.1
2026-02-15T11:48:49.088Z,3,104.01,5,OK,0.1
2026-02-15T11:48:49.139Z,3,104.03,5,OK,0.1
2026-02-15T11:48:49.188Z,3,29.72,5,OK,0.1
2026-02-15T11:48:49.279Z,3,33.77,5,OK,0.1
2026-02-15T11:48:49.470Z,5,64.01,5,SATURATED,0.1
2026-02-15T11:48:49.520Z,3,63.02,5,OK,0.1
2026-02-15T11:48:49.571Z,3,63.04,5,OK,0.1
2026-02-15T11:48:49.621Z,3,63.00,5,OK,0.1
2026-02-15T11:48:49.672Z,3,50.59,5,OK,0.1
2026-02-15T11:48:49.722Z,3,20.79,6,OK,0.1
2026-02-15T11:48:49.878Z,3,44.69,5,OK,0.1
2026-02-15T11:48:50.065Z,5,67.79,5,SATURATED,0.1
2026-02-15T11:48:50.551Z,5,151.13,5,SATURATED,0.4
2026-02-15T11:48:50.762Z,5,179.29,5,SATURATED,0.4
2026-02-15T11:48:50.813Z,3,178.89,5,OK,0.4
2026-02-15T11:48:50.864Z,3,155.00,5,OK,0.4
2026-02-15T11:48:51.051Z,5,155.20,5,SATURATED,0.4
2026-02-15T11:48:51.152Z,5,78.00,5,SATURATED,0.1
2026-02-15T11:48:51.203Z,4,49.72,5,OK,0.1
2026-02-15T11:48:51.253Z,4,49.70,5,OK,0.1
2026-02-15T11:48:51.303Z,4,49.69,5,OK,0.1
2026-02-15T11:48:51.353Z,4,26.40,5,OK,0.1
2026-02-15T11:48:51.404Z,4,20.28,6,OK,0.1
2026-02-15T11:48:51.456Z,4,20.38,7,OK,0.1
2026-02-15T11:48:51.683Z,7,51.90,5,SATURATED,0.1
2026-02-15T11:48:51.734Z,5,51.91,5,SATURATED,0.1
2026-02-15T11:48:51.783Z,5,51.75,5,SATURATED,0.1
2026-02-15T11:48:51.834Z,5,51.74,5,SATURATED,0.1
2026-02-15T11:48:51.884Z,5,51.77,5,SATURATED,0.1
2026-02-15T11:48:51.934Z,5,20.15,6,OK,0.1
2026-02-15T11:48:51.984Z,5,20.13,7,OK,0.1
2026-02-15T11:48:52.035Z,5,20.29,8,OK,0.1
2026-02-15T11:48:52.565Z,8,119.55,5,SATURATED,0.1
2026-02-15T11:48:52.666Z,5,125.68,5,SATURATED,0.4
2026-02-15T11:48:52.750Z,5,128.51,5,SATURATED,0.4
2026-02-15T11:48:52.867Z,4,137.82,5,OK,0.4
2026-02-15T11:48:52.918Z,2,137.75,5,OK,0.4
2026-02-15T11:48:52.969Z,2,38.50,5,OK,0.1
2026-02-15T11:48:53.017Z,2,32.37,5,OK,0.1
2026-02-15T11:48:53.252Z,2,29.60,5,OK,0.1
2026-02-15T11:48:53.385Z,5,42.73,5,SATURATED,0.1
2026-02-15T11:48:53.435Z,2,42.77,5,OK,0.1
2026-02-15T11:48:53.485Z,1,42.77,5,OK,0.1
2026-02-15T11:48:53.536Z,1,42.80,5,OK,0.1
2026-02-15T11:48:53.682Z,1,65.81,5,OK,0.1
2026-02-15T11:48:53.845Z,5,61.87,5,SATURATED,0.1
2026-02-15T11:48:54.056Z,5,90.00,5,SATURATED,0.1
2026-02-15T11:48:54.161Z,5,96.93,5,SATURATED,0.1
2026-02-15T11:48:54.211Z,2,96.84,5,OK,0.1
2026-02-15T11:48:54.261Z,2,73.86,5,OK,0.1
2026-02-15T11:48:54.311Z,2,55.32,5,OK,0.1
2026-02-15T11:48:54.362Z,2,27.14,5,OK,0.1
2026-02-15T11:48:54.411Z,2,20.18,6,OK,0.1
2026-02-15T11:48:54.462Z,2,20.25,7,OK,0.1
2026-02-15T11:48:54.512Z,2,20.30,8,OK,0.1
2026-02-15T11:48:54.562Z,2,20.35,9,OK,0.1
2026-02-15T11:48:54.613Z,2,20.38,10,OK,0.1
2026-02-15T11:48:54.663Z,2,20.42,11,OK,0.1
2026-02-15T11:48:54.779Z,11,27.55,10,SATURATED,0.1
2026-02-15T11:48:54.878Z,10,33.25,9,SATURATED,0.1
2026-02-15T11:48:54.952Z,9,33.94,8,SATURATED,0.1
2026-02-15T11:48:55.002Z,7,33.92,7,SATURATED,0.1
2026-02-15T11:48:55.056Z,7,33.79,6,SATURATED,0.1
2026-02-15T11:48:55.178Z,6,41.83,5,SATURATED,0.1
2026-02-15T11:48:55.229Z,6,36.11,5,SATURATED,0.1
2026-02-15T11:48:55.279Z,6,35.38,5,SATURATED,0.1
2026-02-15T11:48:55.329Z,6,35.47,5,SATURATED,0.1
2026-02-15T11:48:55.379Z,6,35.55,5,SATURATED,0.1
2026-02-15T11:48:55.429Z,6,20.32,6,SATURATED,0.1
2026-02-15T11:48:55.479Z,6,20.28,7,OK,0.1
2026-02-15T11:48:55.529Z,6,20.28,8,OK,0.1
2026-02-15T11:48:55.580Z,6,20.01,9,OK,0.1
2026-02-15T11:48:55.630Z,6,20.04,10,OK,0.1
2026-02-15T11:48:55.680Z,6,20.07,11,OK,0.1
2026-02-15T11:48:55.731Z,6,20.10,12,OK,0.1
2026-02-15T11:48:55.781Z,8,20.10,13,OK,0.1
2026-02-15T11:48:55.889Z,13,27.85,12,SATURATED,0.1
2026-02-15T11:48:55.984Z,12,32.79,11,SATURATED,0.1
2026-02-15T11:48:56.067Z,11,35.34,9,SATURATED,0.1
2026-02-15T11:48:56.169Z,9,51.33,6,SATURATED,0.1
2026-02-15T11:48:56.245Z,8,52.46,5,SATURATED,0.1
2026-02-15T11:48:56.296Z,8,41.06,5,SATURATED,0.1
2026-02-15T11:48:56.347Z,8,36.12,5,SATURATED,0.1
2026-02-15T11:48:56.397Z,8,33.65,5,SATURATED,0.1
2026-02-15T11:48:56.447Z,8,17.64,6,SATURATED,0.1
2026-02-15T11:48:56.498Z,8,16.58,7,SATURATED,0.1
2026-02-15T11:48:56.548Z,8,20.46,8,SATURATED,0.1
2026-02-15T11:48:56.598Z,8,20.60,9,OK,0.1
2026-02-15T11:48:56.647Z,8,20.55,10,OK,0.1
2026-02-15T11:48:56.699Z,6,20.60,11,OK,0.1
2026-02-15T11:48:56.749Z,6,20.54,12,OK,0.1
2026-02-15T11:48:56.799Z,7,20.53,13,OK,0.1
2026-02-15T11:48:56.849Z,7,20.43,14,OK,0.1
2026-02-15T11:48:56.899Z,7,20.44,15,OK,0.1
2026-02-15T11:48:56.953Z,9,20.38,16,OK,0.1
2026-02-15T11:48:57.094Z,16,44.44,14,SATURATED,0.1
2026-02-15T11:48:57.361Z,10,83.78,8,SATURATED,0.1
2026-02-15T11:48:57.645Z,8,126.47,5,SATURATED,0.4
2026-02-15T11:48:57.695Z,8,126.45,5,SATURATED,0.4
2026-02-15T11:48:57.745Z,8,126.50,5,SATURATED,0.4
2026-02-15T11:48:57.796Z,7,102.41,5,SATURATED,0.1
2026-02-15T11:48:57.846Z,7,63.05,5,SATURATED,0.1
2026-02-15T11:48:57.895Z,6,20.42,6,SATURATED,0.1
2026-02-15T11:48:57.947Z,6,20.40,7,OK,0.1
2026-02-15T11:48:57.997Z,5,20.45,8,OK,0.1
2026-02-15T11:48:58.047Z,5,20.45,9,OK,0.1
2026-02-15T11:48:58.096Z,7,20.41,10,OK,0.1
2026-02-15T11:48:58.147Z,6,20.32,11,OK,0.1
2026-02-15T11:48:58.286Z,7,43.52,9,OK,0.1
2026-02-15T11:48:58.462Z,9,64.58,5,SATURATED,0.1
2026-02-15T11:48:58.544Z,7,66.93,5,SATURATED,0.1
2026-02-15T11:48:58.595Z,7,66.90,5,SATURATED,0.1
2026-02-15T11:48:58.645Z,7,66.87,5,SATURATED,0.1
2026-02-15T11:48:58.696Z,7,43.64,5,SATURATED,0.1
2026-02-15T11:48:58.745Z,7,22.51,6,SATURATED,0.1
2026-02-15T11:48:58.796Z,6,20.27,7,OK,0.1
2026-02-15T11:48:58.846Z,5,20.37,8,OK,0.1
2026-02-15T11:48:58.974Z,5,20.38,9,OK,0.1
2026-02-15T11:48:59.024Z,3,20.45,10,OK,0.1
2026-02-15T11:48:59.075Z,3,20.43,11,OK,0.1
2026-02-15T11:48:59.126Z,4,20.27,12,OK,0.1
2026-02-15T11:48:59.275Z,5,43.95,10,OK,0.1
2026-02-15T11:48:59.325Z,5,43.93,8,OK,0.1
2026-02-15T11:48:59.752Z,8,123.12,5,SATURATED,0.1
2026-02-15T11:49:00.049Z,5,168.68,5,SATURATED,0.4
2026-02-15T11:49:00.100Z,3,168.72,5,OK,0.4
2026-02-15T11:49:00.353Z,3,181.57,5,OK,0.4
2026-02-15T11:49:00.403Z,3,181.56,5,OK,0.4
2026-02-15T11:49:00.454Z,3,102.35,5,OK,0.1
2026-02-15T11:49:00.504Z,3,56.79,5,OK,0.1
2026-02-15T11:49:00.554Z,3,56.80,5,OK,0.1
2026-02-15T11:49:00.604Z,3,20.27,6,OK,0.1
2026-02-15T11:49:00.655Z,3,20.30,7,OK,0.1
2026-02-15T11:49:00.705Z,3,20.29,8,OK,0.1
2026-02-15T11:49:00.756Z,7,20.25,9,OK,0.1
2026-02-15T11:49:01.464Z,9,152.56,5,SATURATED,0.4
2026-02-15T11:49:01.670Z,5,179.69,5,SATURATED,0.4
2026-02-15T11:49:01.720Z,4,179.70,5,OK,0.4
2026-02-15T11:49:01.771Z,5,179.70,5,SATURATED,0.4
2026-02-15T11:49:01.822Z,5,179.80,5,SATURATED,0.4
2026-02-15T11:49:01.872Z,5,47.53,5,SATURATED,0.1
2026-02-15T11:49:01.922Z,5,20.46,6,OK,0.1
2026-02-15T11:49:01.972Z,5,20.49,7,OK,0.1
2026-02-15T11:49:02.023Z,5,20.56,8,OK,0.1
2026-02-15T11:49:02.073Z,5,20.56,9,OK,0.1
2026-02-15T11:49:02.123Z,5,20.47,10,OK,0.1
2026-02-15T11:49:02.174Z,5,20.38,11,OK,0.1
2026-02-15T11:49:02.225Z,5,20.35,12,OK,0.1
2026-02-15T11:49:02.275Z,5,20.28,13,OK,0.1
2026-02-15T11:49:02.325Z,5,20.24,14,OK,0.1
2026-02-15T11:49:02.375Z,4,20.35,15,OK,0.1
2026-02-15T11:49:02.425Z,4,20.39,16,OK,0.1
2026-02-15T11:49:02.579Z,7,43.31,14,OK,0.1
2026-02-15T11:49:02.781Z,14,69.64,9,SATURATED,0.1
2026-02-15T11:49:03.488Z,8,196.98,5,SATURATED,0.4
2026-02-15T11:49:03.558Z,5,196.86,5,SATURATED,0.4
2026-02-15T11:49:03.660Z,5,209.11,5,SATURATED,0.4
2026-02-15T11:49:03.786Z,5,197.53,5,SATURATED,0.4
2026-02-15T11:49:03.952Z,5,200.14,5,SATURATED,0.4
2026-02-15T11:49:04.161Z,5,100.54,5,SATURATED,0.1
2026-02-15T11:49:04.212Z,2,100.60,5,OK,0.1
2026-02-15T11:49:04.263Z,2,88.38,5,OK,0.1
2026-02-15T11:49:04.313Z,2,77.08,5,OK,0.1
2026-02-15T11:49:04.363Z,2,48.10,5,OK,0.1
2026-02-15T11:49:04.472Z,3,26.99,5,OK,0.1
2026-02-15T11:49:04.684Z,5,55.33,5,SATURATED,0.1
2026-02-15T11:49:04.771Z,5,58.62,5,SATURATED,0.1
2026-02-15T11:49:04.993Z,5,88.93,5,SATURATED,0.1
2026-02-15T11:49:05.092Z,5,94.69,5,SATURATED,0.1
2026-02-15T11:49:05.144Z,4,94.50,5,OK,0.1
2026-02-15T11:49:05.195Z,4,66.12,5,OK,0.1
2026-02-15T11:49:05.246Z,4,62.84,5,OK,0.1
2026-02-15T11:49:05.296Z,5,32.52,5,SATURATED,0.1
2026-02-15T11:49:05.345Z,5,26.77,5,SATURATED,0.1
2026-02-15T11:49:05.396Z,5,20.30,6,OK,0.1
2026-02-15T11:49:05.447Z,5,20.35,7,OK,0.1
2026-02-15T11:49:05.497Z,5,20.29,8,OK,0.1
2026-02-15T11:49:05.547Z,5,20.25,9,OK,0.1
2026-02-15T11:49:05.597Z,3,20.22,10,OK,0.1
2026-02-15T11:49:05.648Z,3,20.24,11,OK,0.1
2026-02-15T11:49:05.790Z,7,43.00,9,OK,0.1
2026-02-15T11:49:05.961Z,9,63.15,5,SATURATED,0.1
2026-02-15T11:49:06.049Z,5,66.71,5,SATURATED,0.1
2026-02-15T11:49:06.186Z,5,69.52,5,SATURATED,0.1
2026-02-15T11:49:06.260Z,5,80.08,5,SATURATED,0.1
2026-02-15T11:49:06.310Z,5,57.38,5,SATURATED,0.1
2026-02-15T11:49:06.361Z,5,37.25,5,SATURATED,0.1
2026-02-15T11:49:06.411Z,5,33.70,5,SATURATED,0.1
2026-02-15T11:49:06.462Z,5,30.97,5,SATURATED,0.1
2026-02-15T11:49:06.512Z,5,20.36,6,OK,0.1
2026-02-15T11:49:06.562Z,5,20.29,7,OK,0.1
2026-02-15T11:49:06.613Z,5,20.29,8,OK,0.1
2026-02-15T11:49:06.664Z,5,20.32,9,OK,0.1
2026-02-15T11:49:06.715Z,5,20.26,10,OK,0.1
2026-02-15T11:49:06.766Z,5,20.33,11,OK,0.1
2026-02-15T11:49:06.889Z,6,28.50,10,OK,0.1
2026-02-15T11:49:07.370Z,10,110.63,5,SATURATED,0.1
2026-02-15T11:49:07.558Z,3,144.02,5,OK,0.4
2026-02-15T11:49:07.649Z,2,148.18,5,OK,0.4
2026-02-15T11:49:07.700Z,2,148.18,5,OK,0.4
2026-02-15T11:49:07.751Z,2,140.02,5,OK,0.4
2026-02-15T11:49:07.801Z,0,57.99,5,OK,0.1
2026-02-15T11:49:07.851Z,0,24.61,6,OK,0.1
2026-02-15T11:49:07.902Z,0,20.49,7,OK,0.1
2026-02-15T11:49:07.954Z,0,20.52,8,OK,0.1
2026-02-15T11:49:08.004Z,0,20.49,9,OK,0.1
2026-02-15T11:49:08.054Z,0,20.22,10,OK,0.1
2026-02-15T11:49:08.176Z,0,28.32,9,OK,0.1
2026-02-15T11:49:08.227Z,0,28.30,8,OK,0.1
2026-02-15T11:49:08.384Z,2,28.28,7,OK,0.1
2026-02-15T11:49:08.748Z,7,97.09,5,SATURATED,0.1
2026-02-15T11:49:08.890Z,1,111.58,5,OK,0.1
2026-02-15T11:49:08.947Z,3,100.79,5,OK,0.1
2026-02-15T11:49:08.998Z,0,100.78,5,OK,0.1
2026-02-15T11:49:09.049Z,0,100.78,5,OK,0.1
2026-02-15T11:49:09.100Z,0,32.01,5,OK,0.1
2026-02-15T11:49:09.150Z,0,17.68,6,OK,0.1
2026-02-15T11:49:09.201Z,1,20.42,7,OK,0.1
2026-02-15T11:49:09.251Z,1,20.48,8,OK,0.1
2026-02-15T11:49:09.302Z,1,20.40,9,OK,0.1
2026-02-15T11:49:09.352Z,1,20.40,10,OK,0.1
2026-02-15T11:49:09.402Z,1,20.37,11,OK,0.1
2026-02-15T11:49:09.453Z,1,20.31,12,OK,0.1
2026-02-15T11:49:09.504Z,1,20.23,13,OK,0.1
2026-02-15T11:49:09.555Z,1,20.33,14,OK,0.1
2026-02-15T11:49:09.688Z,9,29.30,13,OK,0.1
2026-02-15T11:49:09.791Z,13,35.87,11,SATURATED,0.1
2026-02-15T11:49:09.987Z,11,70.96,6,SATURATED,0.1
2026-02-15T11:49:10.156Z,6,90.73,5,SATURATED,0.1
2026-02-15T11:49:10.206Z,6,90.66,5,SATURATED,0.1
2026-02-15T11:49:10.257Z,6,81.66,5,SATURATED,0.1
2026-02-15T11:49:10.307Z,6,75.09,5,SATURATED,0.1
2026-02-15T11:49:10.358Z,6,40.00,5,SATURATED,0.1
2026-02-15T11:49:10.408Z,6,20.20,6,SATURATED,0.1
2026-02-15T11:49:10.459Z,6,20.29,7,OK,0.1
2026-02-15T11:49:10.510Z,6,20.33,8,OK,0.1
2026-02-15T11:49:10.560Z,6,20.36,9,OK,0.1
2026-02-15T11:49:10.610Z,6,20.29,10,OK,0.1
2026-02-15T11:49:10.660Z,6,20.36,11,OK,0.1
2026-02-15T11:49:10.773Z,9,27.33,10,OK,0.1
2026-02-15T11:49:10.858Z,8,30.23,9,OK,0.1
2026-02-15T11:49:10.947Z,9,33.77,8,SATURATED,0.1
2026-02-15T11:49:11.081Z,8,43.16,6,SATURATED,0.1
2026-02-15T11:49:11.162Z,6,45.29,5,SATURATED,0.1
2026-02-15T11:49:11.212Z,5,38.18,5,SATURATED,0.1
2026-02-15T11:49:11.262Z,5,35.25,5,SATURATED,0.1
2026-02-15T11:49:11.312Z,5,31.64,5,SATURATED,0.1
2026-02-15T11:49:11.362Z,5,22.32,6,OK,0.1
2026-02-15T11:49:11.412Z,5,20.28,7,OK,0.1
2026-02-15T11:49:11.463Z,5,20.38,8,OK,0.1
2026-02-15T11:49:11.513Z,5,20.36,9,OK,0.1
2026-02-15T11:49:11.563Z,5,20.46,10,OK,0.1
2026-02-15T11:49:11.613Z,2,20.47,11,OK,0.1
2026-02-15T11:49:11.663Z,2,20.34,12,OK,0.1
2026-02-15T11:49:11.712Z,2,20.33,13,OK,0.1
2026-02-15T11:49:11.762Z,1,20.27,14,OK,0.1
2026-02-15T11:49:11.881Z,6,29.97,13,OK,0.1
2026-02-15T11:49:11.979Z,13,45.25,10,SATURATED,0.1
2026-02-15T11:49:12.073Z,10,50.01,7,SATURATED,0.1
2026-02-15T11:49:12.168Z,7,64.86,5,SATURATED,0.1
2026-02-15T11:49:12.271Z,5,71.47,5,SATURATED,0.1
2026-02-15T11:49:12.322Z,4,61.77,5,OK,0.1
2026-02-15T11:49:12.373Z,4,46.50,5,OK,0.1
2026-02-15T11:49:12.444Z,4,41.66,5,OK,0.1
2026-02-15T11:49:12.495Z,4,26.81,5,OK,0.1
2026-02-15T11:49:12.546Z,4,20.27,6,OK,0.1
2026-02-15T11:49:12.596Z,4,20.34,7,OK,0.1
2026-02-15T11:49:12.646Z,5,20.49,8,OK,0.1
2026-02-15T11:49:12.697Z,5,20.66,9,OK,0.1
2026-02-15T11:49:12.747Z,5,20.66,10,OK,0.1
2026-02-15T11:49:12.798Z,6,20.62,11,OK,0.1
2026-02-15T11:49:12.848Z,6,20.52,12,OK,0.1
2026-02-15T11:49:13.048Z,6,35.80,10,OK,0.1
2026-02-15T11:49:13.387Z,10,89.48,5,SATURATED,0.1
2026-02-15T11:49:13.644Z,7,126.82,5,SATURATED,0.4
2026-02-15T11:49:13.694Z,7,126.88,5,SATURATED,0.4
2026-02-15T11:49:13.745Z,7,126.86,5,SATURATED,0.4
2026-02-15T11:49:13.795Z,6,111.44,5,SATURATED,0.1
2026-02-15T11:49:13.845Z,6,57.67,5,SATURATED,0.1
2026-02-15T11:49:13.895Z,5,20.32,6,OK,0.1
2026-02-15T11:49:13.946Z,5,20.35,7,OK,0.1
2026-02-15T11:49:13.996Z,5,20.40,8,OK,0.1
2026-02-15T11:49:14.047Z,5,20.30,9,OK,0.1
2026-02-15T11:49:14.097Z,4,20.34,10,OK,0.1
2026-02-15T11:49:14.147Z,4,20.38,11,OK,0.1
2026-02-15T11:49:14.198Z,3,20.35,12,OK,0.1
2026-02-15T11:49:14.248Z,3,20.33,13,OK,0.1
2026-02-15T11:49:14.298Z,7,20.38,14,OK,0.1
2026-02-15T11:49:14.478Z,4,20.40,15,OK,0.1
2026-02-15T11:49:14.679Z,15,56.27,11,SATURATED,0.1
2026-02-15T11:49:15.054Z,11,117.40,5,SATURATED,0.1
2026-02-15T11:49:15.103Z,3,117.47,5,OK,0.1
2026-02-15T11:49:15.154Z,3,117.46,5,OK,0.1
2026-02-15T11:49:15.204Z,3,117.40,5,OK,0.1
2026-02-15T11:49:15.255Z,3,81.53,5,OK,0.1
2026-02-15T11:49:15.305Z,5,20.41,6,OK,0.1
2026-02-15T11:49:15.355Z,3,20.31,7,OK,0.1
2026-02-15T11:49:15.406Z,3,20.32,8,OK,0.1
2026-02-15T11:49:15.456Z,3,20.40,9,OK,0.1
2026-02-15T11:49:15.508Z,5,20.49,10,OK,0.1
2026-02-15T11:49:15.568Z,10,20.44,11,OK,0.1
2026-02-15T11:49:15.963Z,11,95.27,5,SATURATED,0.1
2026-02-15T11:49:16.091Z,5,106.80,5,SATURATED,0.1
2026-02-15T11:49:16.273Z,5,129.09,5,SATURATED,0.4
2026-02-15T11:49:16.324Z,5,128.99,5,SATURATED,0.4
2026-02-15T11:49:16.374Z,5,129.01,5,SATURATED,0.4
2026-02-15T11:49:16.424Z,5,54.26,5,SATURATED,0.1
2026-02-15T11:49:16.475Z,5,42.70,5,SATURATED,0.1
2026-02-15T11:49:16.582Z,5,37.21,5,SATURATED,0.1
2026-02-15T11:49:16.633Z,4,37.19,5,OK,0.1
2026-02-15T11:49:16.684Z,4,37.25,5,OK,0.1
2026-02-15T11:49:16.734Z,4,37.19,5,OK,0.1
2026-02-15T11:49:16.785Z,4,37.25,5,OK,0.1
2026-02-15T11:49:16.836Z,4,20.42,6,OK,0.1
2026-02-15T11:49:16.886Z,4,20.47,7,OK,0.1
2026-02-15T11:49:16.937Z,4,20.45,8,OK,0.1
2026-02-15T11:49:17.091Z,7,44.92,6,SATURATED,0.1
2026-02-15T11:49:17.268Z,6,66.21,5,SATURATED,0.1
2026-02-15T11:49:17.444Z,5,77.33,5,SATURATED,0.1
2026-02-15T11:49:17.551Z,5,94.63,5,SATURATED,0.1
2026-02-15T11:49:17.660Z,4,111.83,5,OK,0.1
2026-02-15T11:49:17.884Z,5,118.09,5,SATURATED,0.1
2026-02-15T11:49:17.935Z,2,96.76,5,OK,0.1
2026-02-15T11:49:17.986Z,3,85.52,5,OK,0.1
2026-02-15T11:49:18.036Z,3,68.18,5,OK,0.1
2026-02-15T11:49:18.085Z,3,50.96,5,OK,0.1
2026-02-15T11:49:18.136Z,4,20.25,6,OK,0.1
2026-02-15T11:49:18.189Z,6,20.02,7,OK,0.1
2026-02-15T11:49:18.386Z,7,55.36,5,SATURATED,0.1
2026-02-15T11:49:18.487Z,7,61.51,5,SATURATED,0.1
2026-02-15T11:49:18.562Z,7,62.43,5,SATURATED,0.1
2026-02-15T11:49:18.613Z,7,62.47,5,SATURATED,0.1
2026-02-15T11:49:18.664Z,7,62.74,5,SATURATED,0.1
2026-02-15T11:49:18.714Z,7,27.57,5,SATURATED,0.1
2026-02-15T11:49:18.764Z,7,21.43,6,SATURATED,0.1
2026-02-15T11:49:18.814Z,7,20.50,7,SATURATED,0.1
2026-02-15T11:49:18.864Z,7,20.45,8,OK,0.1
2026-02-15T11:49:18.915Z,7,20.46,9,OK,0.1
2026-02-15T11:49:18.965Z,5,20.35,10,OK,0.1
2026-02-15T11:49:19.015Z,5,21.05,11,OK,0.1
2026-02-15T11:49:19.065Z,5,21.03,12,OK,0.1
2026-02-15T11:49:19.121Z,5,23.08,13,OK,0.1
2026-02-15T11:49:19.365Z,12,65.31,8,SATURATED,0.1
2026-02-15T11:49:19.464Z,7,71.07,5,SATURATED,0.1
2026-02-15T11:49:19.573Z,7,78.11,5,SATURATED,0.1
2026-02-15T11:49:19.670Z,7,93.46,5,SATURATED,0.1
2026-02-15T11:49:19.721Z,7,91.37,5,SATURATED,0.1
2026-02-15T11:49:19.770Z,7,49.10,5,SATURATED,0.1
2026-02-15T11:49:19.821Z,7,43.37,5,SATURATED,0.1
2026-02-15T11:49:19.872Z,7,35.67,5,SATURATED,0.1
2026-02-15T11:49:19.923Z,7,20.25,6,SATURATED,0.1
2026-02-15T11:49:19.973Z,6,20.26,7,OK,0.1
2026-02-15T11:49:20.157Z,6,43.01,5,SATURATED,0.1
2026-02-15T11:49:20.208Z,3,42.92,5,OK,0.1
2026-02-15T11:49:20.259Z,3,42.82,5,OK,0.1
2026-02-15T11:49:20.309Z,3,42.91,5,OK,0.1
2026-02-15T11:49:20.360Z,3,42.92,5,OK,0.1
2026-02-15T11:49:20.553Z,5,54.54,5,SATURATED,0.1
2026-02-15T11:49:20.667Z,5,63.15,5,SATURATED,0.1
2026-02-15T11:49:20.962Z,5,108.35,5,SATURATED,0.1
2026-02-15T11:49:21.173Z,3,136.50,5,OK,0.4
2026-02-15T11:49:21.223Z,0,136.49,5,OK,0.4
2026-02-15T11:49:21.273Z,0,102.15,5,OK,0.1
2026-02-15T11:49:21.323Z,0,93.62,5,OK,0.1
2026-02-15T11:49:21.375Z,1,48.53,5,OK,0.1
2026-02-15T11:49:21.471Z,4,25.53,5,OK,0.1
2026-02-15T11:49:21.522Z,1,25.50,5,OK,0.1
2026-02-15T11:49:21.689Z,5,25.52,5,SATURATED,0.1
2026-02-15T11:49:21.777Z,4,38.96,5,OK,0.1
2026-02-15T11:49:21.827Z,3,38.93,5,OK,0.1
2026-02-15T11:49:21.879Z,5,33.83,5,SATURATED,0.1
2026-02-15T11:49:22.068Z,5,48.62,5,SATURATED,0.1
2026-02-15T11:49:22.273Z,5,75.53,5,SATURATED,0.1
2026-02-15T11:49:22.323Z,4,62.09,5,OK,0.1
2026-02-15T11:49:22.373Z,4,62.05,5,OK,0.1
2026-02-15T11:49:22.423Z,4,62.05,5,OK,0.1
2026-02-15T11:49:22.473Z,4,47.29,5,OK,0.1
2026-02-15T11:49:22.523Z,4,20.41,6,OK,0.1
2026-02-15T11:49:22.673Z,6,42.70,5,SATURATED,0.1
2026-02-15T11:49:22.724Z,4,42.63,5,OK,0.1
2026-02-15T11:49:22.880Z,5,67.28,5,SATURATED,0.1
2026-02-15T11:49:22.965Z,5,70.20,5,SATURATED,0.1
2026-02-15T11:49:23.057Z,5,74.48,5,SATURATED,0.1
2026-02-15T11:49:23.483Z,5,133.34,5,SATURATED,0.4
2026-02-15T11:49:23.584Z,5,139.57,5,SATURATED,0.4
2026-02-15T11:49:23.642Z,1,122.33,5,OK,0.1
2026-02-15T11:49:23.778Z,4,138.44,5,OK,0.4
2026-02-15T11:49:23.847Z,1,133.84,5,OK,0.4
2026-02-15T11:49:24.187Z,5,53.07,5,SATURATED,0.1
2026-02-15T11:49:24.347Z,4,74.65,5,OK,0.1
2026-02-15T11:49:24.397Z,2,67.18,5,OK,0.1
2026-02-15T11:49:24.447Z,2,48.14,5,OK,0.1
2026-02-15T11:49:24.500Z,5,48.53,5,SATURATED,0.1
2026-02-15T11:49:24.550Z,5,48.16,5,SATURATED,0.1
2026-02-15T11:49:24.750Z,5,46.38,5,SATURATED,0.1
2026-02-15T11:49:24.849Z,5,52.14,5,SATURATED,0.1
2026-02-15T11:49:25.176Z,5,103.48,5,SATURATED,0.1
2026-02-15T11:49:25.226Z,5,103.28,5,SATURATED,0.1
2026-02-15T11:49:25.278Z,5,105.39,5,SATURATED,0.1
2026-02-15T11:49:25.329Z,5,79.52,5,SATURATED,0.1
2026-02-15T11:49:25.380Z,5,73.82,5,SATURATED,0.1
2026-02-15T11:49:25.430Z,5,22.54,6,OK,0.1
2026-02-15T11:49:25.480Z,5,22.59,7,OK,0.1
2026-02-15T11:49:25.530Z,6,20.40,8,OK,0.1
2026-02-15T11:49:25.745Z,7,57.31,5,SATURATED,0.1
2026-02-15T11:49:25.847Z,6,57.75,5,SATURATED,0.1
2026-02-15T11:49:25.898Z,4,57.69,5,OK,0.1
2026-02-15T11:49:25.948Z,4,57.73,5,OK,0.1
2026-02-15T11:49:25.998Z,4,57.71,5,OK,0.1
2026-02-15T11:49:26.048Z,4,20.72,6,OK,0.1
2026-02-15T11:49:26.098Z,4,20.27,7,OK,0.1
2026-02-15T11:49:26.148Z,4,20.27,8,OK,0.1
2026-02-15T11:49:26.283Z,8,29.34,7,SATURATED,0.1
2026-02-15T11:49:26.373Z,7,33.36,6,SATURATED,0.1
2026-02-15T11:49:26.442Z,5,33.11,5,SATURATED,0.1
2026-02-15T11:49:26.492Z,4,33.12,5,OK,0.1
2026-02-15T11:49:26.644Z,5,57.35,5,SATURATED,0.1
2026-02-15T11:49:26.694Z,3,48.27,5,OK,0.1
2026-02-15T11:49:26.746Z,3,44.36,5,OK,0.1
2026-02-15T11:49:26.981Z,5,64.05,5,SATURATED,0.1
2026-02-15T11:49:27.187Z,5,91.16,5,SATURATED,0.1
2026-02-15T11:49:27.245Z,2,64.46,5,OK,0.1
2026-02-15T11:49:27.376Z,4,82.25,5,OK,0.1
2026-02-15T11:49:27.469Z,5,86.96,5,SATURATED,0.1
2026-02-15T11:49:27.554Z,4,70.47,5,OK,0.1
2026-02-15T11:49:27.885Z,5,95.47,5,SATURATED,0.1
2026-02-15T11:49:27.972Z,4,101.27,5,OK,0.1
2026-02-15T11:49:28.042Z,3,83.40,5,OK,0.1
2026-02-15T11:49:28.092Z,3,78.67,5,OK,0.1
2026-02-15T11:49:28.143Z,3,75.75,5,OK,0.1
2026-02-15T11:49:28.202Z,5,24.27,6,OK,0.1
2026-02-15T11:49:28.349Z,6,36.27,5,SATURATED,0.1
2026-02-15T11:49:28.680Z,3,88.47,5,OK,0.1
2026-02-15T11:49:28.779Z,5,94.20,5,SATURATED,0.1
2026-02-15T11:49:28.829Z,3,94.19,5,OK,0.1
2026-02-15T11:49:28.880Z,4,93.53,5,OK,0.1
2026-02-15T11:49:28.979Z,4,93.88,5,OK,0.1
2026-02-15T11:49:29.066Z,5,45.08,5,SATURATED,0.1
2026-02-15T11:49:29.116Z,3,39.34,5,OK,0.1
2026-02-15T11:49:29.167Z,3,39.36,5,OK,0.1
2026-02-15T11:49:29.269Z,4,55.76,5,OK,0.1
2026-02-15T11:49:29.342Z,3,46.60,5,OK,0.1
2026-02-15T11:49:29.392Z,3,43.11,5,OK,0.1
2026-02-15T11:49:29.442Z,3,43.12,5,OK,0.1
2026-02-15T11:49:29.492Z,3,43.19,5,OK,0.1
2026-02-15T11:49:29.543Z,3,26.80,5,OK,0.1
2026-02-15T11:49:29.593Z,3,20.38,6,OK,0.1
2026-02-15T11:49:29.644Z,3,20.57,7,OK,0.1
2026-02-15T11:49:29.699Z,7,20.81,8,OK,0.1
2026-02-15T11:49:29.753Z,7,20.74,9,OK,0.1
2026-02-15T11:49:29.855Z,9,23.18,10,OK,0.1
2026-02-15T11:49:29.905Z,7,22.91,11,OK,0.1
2026-02-15T11:49:30.073Z,8,42.21,9,OK,0.1
2026-02-15T11:49:30.184Z,9,50.30,6,SATURATED,0.1
2026-02-15T11:49:30.248Z,7,49.00,5,SATURATED,0.1
2026-02-15T11:49:30.301Z,7,43.10,5,SATURATED,0.1
2026-02-15T11:49:30.351Z,7,43.18,5,SATURATED,0.1
2026-02-15T11:49:30.402Z,7,24.01,6,SATURATED,0.1
2026-02-15T11:49:30.453Z,7,15.72,7,SATURATED,0.1
2026-02-15T11:49:30.503Z,7,16.95,8,OK,0.1
2026-02-15T11:49:30.554Z,7,20.45,9,OK,0.1
2026-02-15T11:49:30.604Z,7,20.48,10,OK,0.1
2026-02-15T11:49:30.655Z,7,20.34,11,OK,0.1
2026-02-15T11:49:30.773Z,9,20.28,12,OK,0.1
2026-02-15T11:49:31.169Z,12,95.44,5,SATURATED,0.1
2026-02-15T11:49:31.283Z,6,104.14,5,SATURATED,0.1
2026-02-15T11:49:31.353Z,6,104.13,5,SATURATED,0.1
2026-02-15T11:49:31.405Z,5,104.03,5,SATURATED,0.1
2026-02-15T11:49:31.455Z,5,104.09,5,SATURATED,0.1
2026-02-15T11:49:31.506Z,5,28.92,5,SATURATED,0.1
2026-02-15T11:49:31.556Z,5,20.19,6,OK,0.1
2026-02-15T11:49:31.607Z,5,20.31,7,OK,0.1
2026-02-15T11:49:31.658Z,5,20.38,8,OK,0.1
2026-02-15T11:49:31.708Z,3,20.33,9,OK,0.1
2026-02-15T11:49:31.758Z,3,20.38,10,OK,0.1
2026-02-15T11:49:31.809Z,3,20.45,11,OK,0.1
2026-02-15T11:49:31.859Z,3,20.43,12,OK,0.1
2026-02-15T11:49:31.909Z,1,20.51,13,OK,0.1
2026-02-15T11:49:31.959Z,1,20.52,14,OK,0.1
2026-02-15T11:49:32.009Z,1,20.62,15,OK,0.1
2026-02-15T11:49:32.060Z,1,20.55,16,OK,0.1
2026-02-15T11:49:32.172Z,0,36.89,14,OK,0.1
2026-02-15T11:49:32.587Z,14,105.76,5,SATURATED,0.1
2026-02-15T11:49:32.865Z,2,157.18,5,OK,0.4
2026-02-15T11:49:32.945Z,2,159.01,5,OK,0.4
2026-02-15T11:49:33.272Z,3,210.34,5,OK,0.4
2026-02-15T11:49:33.322Z,3,193.96,5,OK,0.4
2026-02-15T11:49:33.372Z,3,125.03,5,OK,0.4
2026-02-15T11:49:33.422Z,3,73.62,5,OK,0.1
2026-02-15T11:49:33.472Z,3,71.68,5,OK,0.1
2026-02-15T11:49:33.522Z,3,20.35,6,OK,0.1
2026-02-15T11:49:33.579Z,6,20.38,7,OK,0.1
2026-02-15T11:49:34.070Z,7,114.44,5,SATURATED,0.1
2026-02-15T11:49:34.278Z,5,141.95,5,SATURATED,0.4
2026-02-15T11:49:34.328Z,4,141.86,5,OK,0.4
2026-02-15T11:49:34.379Z,3,141.77,5,OK,0.4
2026-02-15T11:49:34.429Z,3,141.75,5,OK,0.4
2026-02-15T11:49:34.480Z,3,47.75,5,OK,0.1
2026-02-15T11:49:34.530Z,3,20.20,6,OK,0.1
2026-02-15T11:49:34.683Z,4,20.33,7,OK,0.1
2026-02-15T11:49:34.868Z,7,53.25,5,SATURATED,0.1
2026-02-15T11:49:35.051Z,3,75.77,5,OK,0.1
2026-02-15T11:49:35.102Z,5,77.67,5,SATURATED,0.1
2026-02-15T11:49:35.153Z,5,73.82,5,SATURATED,0.1
2026-02-15T11:49:35.262Z,5,89.56,5,SATURATED,0.1
2026-02-15T11:49:35.364Z,5,67.58,5,SATURATED,0.1
2026-02-15T11:49:35.416Z,5,45.12,5,SATURATED,0.1
2026-02-15T11:49:35.466Z,5,43.17,5,SATURATED,0.1
2026-02-15T11:49:35.516Z,5,47.07,5,SATURATED,0.1
2026-02-15T11:49:35.568Z,5,31.26,5,SATURATED,0.1
2026-02-15T11:49:35.618Z,4,20.40,6,OK,0.1
2026-02-15T11:49:35.668Z,4,20.33,7,OK,0.1
2026-02-15T11:49:35.718Z,4,20.37,8,OK,0.1
2026-02-15T11:49:35.767Z,3,20.41,9,OK,0.1
2026-02-15T11:49:35.818Z,3,20.44,10,OK,0.1
2026-02-15T11:49:35.868Z,3,20.41,11,OK,0.1
2026-02-15T11:49:35.975Z,7,27.76,10,OK,0.1
2026-02-15T11:49:36.026Z,4,27.73,9,OK,0.1
2026-02-15T11:49:36.175Z,4,51.24,6,OK,0.1
2026-02-15T11:49:36.271Z,6,56.38,5,SATURATED,0.1
2026-02-15T11:49:36.380Z,5,64.14,5,SATURATED,0.1
2026-02-15T11:49:36.471Z,5,70.96,5,SATURATED,0.1
2026-02-15T11:49:36.522Z,5,70.97,5,SATURATED,0.1
2026-02-15T11:49:36.573Z,5,47.40,5,SATURATED,0.1
2026-02-15T11:49:36.623Z,5,42.27,5,SATURATED,0.1
2026-02-15T11:49:36.673Z,5,34.55,5,SATURATED,0.1
2026-02-15T11:49:36.723Z,5,20.35,6,OK,0.1
2026-02-15T11:49:36.773Z,5,20.27,7,OK,0.1
2026-02-15T11:49:36.823Z,5,20.27,8,OK,0.1
2026-02-15T11:49:36.874Z,5,20.28,9,OK,0.1
2026-02-15T11:49:36.924Z,5,20.32,10,OK,0.1
2026-02-15T11:49:36.974Z,5,20.35,11,OK,0.1
2026-02-15T11:49:37.062Z,7,23.93,12,OK,0.1
2026-02-15T11:49:37.113Z,5,23.95,13,OK,0.1
2026-02-15T11:49:37.163Z,4,23.95,14,OK,0.1
2026-02-15T11:49:37.213Z,7,24.32,15,OK,0.1
2026-02-15T11:49:37.459Z,11,66.07,10,SATURATED,0.1
2026-02-15T11:49:37.665Z,10,89.67,5,SATURATED,0.1
2026-02-15T11:49:37.758Z,8,94.18,5,SATURATED,0.1
2026-02-15T11:49:37.844Z,8,97.30,5,SATURATED,0.1
2026-02-15T11:49:37.946Z,8,103.21,5,SATURATED,0.1
2026-02-15T11:49:37.997Z,7,61.55,5,SATURATED,0.1
2026-02-15T11:49:38.048Z,7,34.42,5,SATURATED,0.1
2026-02-15T11:49:38.100Z,7,29.97,5,SATURATED,0.1
2026-02-15T11:49:38.150Z,7,26.87,5,SATURATED,0.1
2026-02-15T11:49:38.200Z,6,20.51,6,SATURATED,0.1
2026-02-15T11:49:38.250Z,6,20.43,7,OK,0.1
2026-02-15T11:49:38.301Z,6,20.35,8,OK,0.1
2026-02-15T11:49:38.352Z,6,20.25,9,OK,0.1
2026-02-15T11:49:38.402Z,6,20.21,10,OK,0.1
2026-02-15T11:49:38.453Z,6,20.23,11,OK,0.1
2026-02-15T11:49:38.660Z,11,47.57,8,SATURATED,0.1
2026-02-15T11:49:38.881Z,8,77.77,5,SATURATED,0.1
2026-02-15T11:49:38.946Z,7,76.72,5,SATURATED,0.1
2026-02-15T11:49:38.996Z,6,76.95,5,SATURATED,0.1
2026-02-15T11:49:39.046Z,6,76.99,5,SATURATED,0.1
2026-02-15T11:49:39.096Z,6,49.63,5,SATURATED,0.1
2026-02-15T11:49:39.146Z,6,19.51,6,SATURATED,0.1
2026-02-15T11:49:39.455Z,5,20.52,7,OK,0.1
2026-02-15T11:49:39.505Z,1,20.20,8,OK,0.1
2026-02-15T11:49:39.555Z,1,20.19,9,OK,0.1
2026-02-15T11:49:39.606Z,1,20.26,10,OK,0.1
2026-02-15T11:49:39.656Z,2,20.26,11,OK,0.1
2026-02-15T11:49:39.774Z,5,39.41,9,OK,0.1
2026-02-15T11:49:39.854Z,9,41.45,7,SATURATED,0.1
2026-02-15T11:49:39.961Z,7,53.00,5,SATURATED,0.1
2026-02-15T11:49:40.011Z,4,53.05,5,OK,0.1
2026-02-15T11:49:40.061Z,4,53.05,5,OK,0.1
2026-02-15T11:49:40.112Z,5,33.94,5,SATURATED,0.1
2026-02-15T11:49:40.162Z,5,32.04,5,SATURATED,0.1
2026-02-15T11:49:40.212Z,5,20.31,6,OK,0.1
2026-02-15T11:49:40.262Z,5,20.22,7,OK,0.1
2026-02-15T11:49:40.313Z,5,20.22,8,OK,0.1
2026-02-15T11:49:40.364Z,5,20.25,9,OK,0.1
2026-02-15T11:49:40.415Z,5,20.15,10,OK,0.1
2026-02-15T11:49:40.575Z,9,20.35,11,OK,0.1
2026-02-15T11:49:40.644Z,4,29.84,10,OK,0.1
2026-02-15T11:49:40.694Z,4,29.93,9,OK,0.1
2026-02-15T11:49:40.745Z,4,29.92,8,OK,0.1
2026-02-15T11:49:40.872Z,4,38.65,6,OK,0.1
2026-02-15T11:49:40.956Z,6,41.32,5,SATURATED,0.1
2026-02-15T11:49:41.059Z,5,32.78,5,SATURATED,0.1
2026-02-15T11:49:41.109Z,5,32.65,5,SATURATED,0.1
2026-02-15T11:49:41.161Z,5,32.68,5,SATURATED,0.1
2026-02-15T11:49:41.210Z,5,24.09,6,OK,0.1
2026-02-15T11:49:41.261Z,5,21.40,7,OK,0.1
2026-02-15T11:49:41.312Z,6,20.50,8,OK,0.1
2026-02-15T11:49:41.362Z,6,20.55,9,OK,0.1
2026-02-15T11:49:41.413Z,6,20.53,10,OK,0.1
2026-02-15T11:49:41.463Z,6,20.46,11,OK,0.1
2026-02-15T11:49:41.515Z,6,20.37,12,OK,0.1
2026-02-15T11:49:41.565Z,6,20.31,13,OK,0.1
2026-02-15T11:49:41.778Z,12,58.40,9,SATURATED,0.1
2026-02-15T11:49:41.829Z,5,58.36,5,SATURATED,0.1
2026-02-15T11:49:41.972Z,4,58.36,5,OK,0.1
2026-02-15T11:49:42.080Z,5,75.95,5,SATURATED,0.1
2026-02-15T11:49:42.179Z,5,81.68,5,SATURATED,0.1
2026-02-15T11:49:42.243Z,5,42.32,5,SATURATED,0.1
2026-02-15T11:49:42.294Z,4,42.38,5,OK,0.1
2026-02-15T11:49:42.344Z,4,42.39,5,OK,0.1
2026-02-15T11:49:42.395Z,4,24.85,6,OK,0.1
2026-02-15T11:49:42.446Z,4,19.11,7,OK,0.1
2026-02-15T11:49:42.496Z,5,20.31,8,OK,0.1
2026-02-15T11:49:42.547Z,5,20.27,9,OK,0.1
2026-02-15T11:49:42.597Z,5,20.34,10,OK,0.1
2026-02-15T11:49:42.649Z,5,20.33,11,OK,0.1
2026-02-15T11:49:42.699Z,5,20.45,12,OK,0.1
2026-02-15T11:49:42.750Z,5,20.49,13,OK,0.1
2026-02-15T11:49:43.385Z,11,79.89,7,SATURATED,0.1
2026-02-15T11:49:43.645Z,6,117.73,5,SATURATED,0.1
2026-02-15T11:49:43.696Z,3,117.74,5,OK,0.1
2026-02-15T11:49:43.747Z,3,117.62,5,OK,0.1
2026-02-15T11:49:43.797Z,2,117.77,5,OK,0.1
2026-02-15T11:49:43.849Z,2,58.38,5,OK,0.1
2026-02-15T11:49:43.899Z,3,20.46,6,OK,0.1
2026-02-15T11:49:43.950Z,3,20.46,7,OK,0.1
2026-02-15T11:49:44.000Z,2,20.44,8,OK,0.1
2026-02-15T11:49:44.051Z,2,20.32,9,OK,0.1
2026-02-15T11:49:44.101Z,2,20.32,10,OK,0.1
2026-02-15T11:49:44.151Z,2,20.34,11,OK,0.1
2026-02-15T11:49:44.201Z,2,20.24,12,OK,0.1
2026-02-15T11:49:44.251Z,2,20.28,13,OK,0.1
2026-02-15T11:49:44.301Z,2,20.27,14,OK,0.1
2026-02-15T11:49:44.351Z,2,20.28,15,OK,0.1
2026-02-15T11:49:44.791Z,9,59.60,11,OK,0.1
2026-02-15T11:49:45.158Z,10,119.02,5,SATURATED,0.1
2026-02-15T11:49:45.242Z,4,121.74,5,OK,0.1
2026-02-15T11:49:45.294Z,4,121.80,5,OK,0.1
2026-02-15T11:49:45.344Z,4,121.80,5,OK,0.1
2026-02-15T11:49:45.395Z,5,82.50,5,SATURATED,0.1
2026-02-15T11:49:45.445Z,4,23.15,6,OK,0.1
2026-02-15T11:49:45.573Z,4,29.08,5,OK,0.1
2026-02-15T11:49:45.623Z,4,28.99,5,OK,0.1
2026-02-15T11:49:45.673Z,4,29.00,5,OK,0.1
2026-02-15T11:49:45.723Z,4,28.97,5,OK,0.1
2026-02-15T11:49:45.773Z,4,28.98,5,OK,0.1
2026-02-15T11:49:45.823Z,4,20.40,6,OK,0.1
2026-02-15T11:49:45.874Z,4,20.43,7,OK,0.1
2026-02-15T11:49:45.925Z,3,20.41,8,OK,0.1
2026-02-15T11:49:45.975Z,3,20.51,9,OK,0.1
2026-02-15T11:49:46.026Z,5,20.68,10,OK,0.1
2026-02-15T11:49:46.191Z,10,46.22,7,SATURATED,0.1
2026-02-15T11:49:46.284Z,7,50.97,5,SATURATED,0.1
2026-02-15T11:49:46.335Z,6,50.97,5,SATURATED,0.1
2026-02-15T11:49:46.386Z,6,50.84,5,SATURATED,0.1
2026-02-15T11:49:46.436Z,5,50.59,5,SATURATED,0.1
2026-02-15T11:49:46.487Z,5,24.96,6,OK,0.1
2026-02-15T11:49:46.538Z,5,20.19,7,OK,0.1
2026-02-15T11:49:46.588Z,5,20.18,8,OK,0.1
2026-02-15T11:49:46.640Z,5,20.18,9,OK,0.1
2026-02-15T11:49:46.690Z,4,20.50,10,OK,0.1
2026-02-15T11:49:46.740Z,4,20.44,11,OK,0.1
2026-02-15T11:49:46.791Z,4,20.52,12,OK,0.1
2026-02-15T11:49:46.842Z,4,20.55,13,OK,0.1
2026-02-15T11:49:46.892Z,4,20.46,14,OK,0.1
2026-02-15T11:49:46.943Z,4,20.23,15,OK,0.1
2026-02-15T11:49:47.067Z,6,27.89,14,OK,0.1
2026-02-15T11:49:47.458Z,13,91.98,7,SATURATED,0.1
2026-02-15T11:49:47.560Z,7,108.26,5,SATURATED,0.1
2026-02-15T11:49:47.610Z,7,108.36,5,SATURATED,0.1
2026-02-15T11:49:47.661Z,7,108.33,5,SATURATED,0.1
2026-02-15T11:49:47.711Z,7,100.77,5,SATURATED,0.1
2026-02-15T11:49:47.761Z,7,36.62,5,SATURATED,0.1
2026-02-15T11:49:47.811Z,7,20.32,6,SATURATED,0.1
2026-02-15T11:49:47.861Z,7,20.36,7,SATURATED,0.1
2026-02-15T11:49:47.912Z,7,20.36,8,OK,0.1
2026-02-15T11:49:47.963Z,7,20.35,9,OK,0.1
2026-02-15T11:49:48.014Z,5,20.40,10,OK,0.1
2026-02-15T11:49:48.064Z,4,20.67,11,OK,0.1
2026-02-15T11:49:48.114Z,4,20.64,12,OK,0.1
2026-02-15T11:49:48.163Z,4,20.66,13,OK,0.1
2026-02-15T11:49:48.214Z,4,20.64,14,OK,0.1
2026-02-15T11:49:48.265Z,4,20.60,15,OK,0.1
2026-02-15T11:49:48.315Z,4,20.31,16,OK,0.1
2026-02-15T11:49:48.365Z,4,20.30,17,OK,0.1
2026-02-15T11:49:48.468Z,4,26.83,16,OK,0.1
2026-02-15T11:49:48.681Z,16,55.36,12,SATURATED,0.1
2026-02-15T11:49:48.779Z,10,70.87,7,SATURATED,0.1
2026-02-15T11:49:48.829Z,8,70.82,5,SATURATED,0.1
2026-02-15T11:49:48.879Z,7,70.78,5,SATURATED,0.1
2026-02-15T11:49:48.929Z,7,64.29,5,SATURATED,0.1
2026-02-15T11:49:48.979Z,7,35.72,5,SATURATED,0.1
2026-02-15T11:49:49.029Z,6,20.19,6,SATURATED,0.1
2026-02-15T11:49:49.079Z,5,20.20,7,OK,0.1
2026-02-15T11:49:49.129Z,5,20.25,8,OK,0.1
2026-02-15T11:49:49.180Z,5,20.22,9,OK,0.1
2026-02-15T11:49:49.230Z,5,20.24,10,OK,0.1
2026-02-15T11:49:49.281Z,4,20.39,11,OK,0.1
2026-02-15T11:49:49.331Z,4,20.40,12,OK,0.1
2026-02-15T11:49:49.381Z,4,20.38,13,OK,0.1
2026-02-15T11:49:49.432Z,4,20.40,14,OK,0.1
2026-02-15T11:49:49.482Z,4,20.42,15,OK,0.1
2026-02-15T11:49:49.532Z,4,20.31,16,OK,0.1
2026-02-15T11:49:49.582Z,4,20.36,17,OK,0.1
2026-02-15T11:49:49.632Z,4,20.40,18,OK,0.1
2026-02-15T11:49:49.984Z,18,21.64,19,OK,0.1
2026-02-15T11:49:50.387Z,19,88.15,12,SATURATED,0.1
2026-02-15T11:49:50.583Z,12,123.13,5,SATURATED,0.1
2026-02-15T11:49:50.634Z,7,123.15,5,SATURATED,0.1
2026-02-15T11:49:50.684Z,6,123.21,5,SATURATED,0.1
2026-02-15T11:49:50.735Z,6,121.90,5,SATURATED,0.1
2026-02-15T11:49:50.786Z,4,55.29,5,OK,0.1
2026-02-15T11:49:50.836Z,4,20.33,6,OK,0.1
2026-02-15T11:49:50.979Z,6,42.78,5,SATURATED,0.1
2026-02-15T11:49:51.029Z,5,42.67,5,SATURATED,0.1
2026-02-15T11:49:51.079Z,5,42.68,5,SATURATED,0.1
2026-02-15T11:49:51.129Z,5,42.77,5,SATURATED,0.1
2026-02-15T11:49:51.180Z,5,42.76,5,SATURATED,0.1
2026-02-15T11:49:51.230Z,5,20.20,6,OK,0.1
2026-02-15T11:49:51.279Z,5,20.24,7,OK,0.1
2026-02-15T11:49:51.330Z,5,20.27,8,OK,0.1
2026-02-15T11:49:51.382Z,8,20.18,9,OK,0.1
2026-02-15T11:49:51.432Z,7,20.07,10,OK,0.1
2026-02-15T11:49:51.575Z,8,42.85,8,SATURATED,0.1
2026-02-15T11:49:51.625Z,7,42.81,6,SATURATED,0.1
2026-02-15T11:49:51.675Z,5,42.73,5,SATURATED,0.1
2026-02-15T11:49:51.725Z,5,42.82,5,SATURATED,0.1
2026-02-15T11:49:51.775Z,5,42.83,5,SATURATED,0.1
2026-02-15T11:49:51.825Z,5,20.08,6,OK,0.1
2026-02-15T11:49:51.875Z,5,20.05,7,OK,0.1
2026-02-15T11:49:51.925Z,5,20.18,8,OK,0.1
2026-02-15T11:49:51.975Z,5,20.19,9,OK,0.1
2026-02-15T11:49:52.085Z,9,37.56,7,SATURATED,0.1
2026-02-15T11:49:52.135Z,5,37.57,5,SATURATED,0.1
2026-02-15T11:49:52.184Z,4,37.61,5,OK,0.1
2026-02-15T11:49:52.235Z,4,37.56,5,OK,0.1
2026-02-15T11:49:52.286Z,4,37.55,5,OK,0.1
2026-02-15T11:49:52.336Z,4,20.31,6,OK,0.1
2026-02-15T11:49:52.473Z,6,20.55,7,OK,0.1
2026-02-15T11:49:52.549Z,7,21.72,8,OK,0.1
2026-02-15T11:49:52.745Z,4,37.21,6,OK,0.1
2026-02-15T11:49:52.886Z,4,51.33,5,OK,0.1
2026-02-15T11:49:52.942Z,4,48.43,5,OK,0.1
2026-02-15T11:49:52.994Z,5,48.21,5,SATURATED,0.1
2026-02-15T11:49:53.043Z,3,46.96,5,OK,0.1
2026-02-15T11:49:53.095Z,4,31.43,5,OK,0.1
2026-02-15T11:49:53.146Z,4,17.26,6,OK,0.1
2026-02-15T11:49:53.197Z,4,20.09,7,OK,0.1
2026-02-15T11:49:53.246Z,4,20.09,8,OK,0.1
2026-02-15T11:49:53.297Z,4,20.28,9,OK,0.1
2026-02-15T11:49:53.348Z,4,20.29,10,OK,0.1
2026-02-15T11:49:53.398Z,3,20.29,11,OK,0.1
2026-02-15T11:49:53.449Z,3,20.29,12,OK,0.1
2026-02-15T11:49:53.576Z,3,31.65,11,OK,0.1
2026-02-15T11:49:53.790Z,11,70.21,6,SATURATED,0.1
2026-02-15T11:49:53.849Z,5,68.16,5,SATURATED,0.1
2026-02-15T11:49:53.899Z,5,68.22,5,SATURATED,0.1
2026-02-15T11:49:53.950Z,5,68.18,5,SATURATED,0.1
2026-02-15T11:49:53.999Z,5,56.82,5,SATURATED,0.1
2026-02-15T11:49:54.050Z,5,18.13,6,OK,0.1
2026-02-15T11:49:54.101Z,5,20.28,7,OK,0.1
2026-02-15T11:49:54.151Z,5,20.15,8,OK,0.1
2026-02-15T11:49:54.200Z,5,20.19,9,OK,0.1
2026-02-15T11:49:54.251Z,5,20.21,10,OK,0.1
2026-02-15T11:49:54.302Z,5,20.29,11,OK,0.1
2026-02-15T11:49:54.352Z,5,20.13,12,OK,0.1
2026-02-15T11:49:54.402Z,7,20.31,13,OK,0.1
2026-02-15T11:49:54.452Z,7,20.39,14,OK,0.1
2026-02-15T11:49:54.503Z,7,20.39,15,OK,0.1
2026-02-15T11:49:54.553Z,7,20.36,16,OK,0.1
2026-02-15T11:49:54.604Z,8,20.47,17,OK,0.1
2026-02-15T11:49:54.655Z,8,20.47,18,OK,0.1
2026-02-15T11:49:54.705Z,8,20.37,19,OK,0.1
2026-02-15T11:49:54.756Z,8,20.39,20,OK,0.1
2026-02-15T11:49:54.806Z,20,21.52,21,OK,0.1
2026-02-15T11:49:54.966Z,14,21.51,22,OK,0.1
2026-02-15T11:49:55.162Z,17,46.56,19,OK,0.1
2026-02-15T11:49:55.213Z,15,46.63,16,OK,0.1
2026-02-15T11:49:55.263Z,15,46.63,13,SATURATED,0.1
2026-02-15T11:49:55.314Z,15,45.55,10,SATURATED,0.1
2026-02-15T11:49:55.364Z,15,45.49,7,SATURATED,0.1
2026-02-15T11:49:55.415Z,14,20.33,8,SATURATED,0.1
2026-02-15T11:49:55.465Z,14,20.33,9,SATURATED,0.1
2026-02-15T11:49:55.515Z,14,20.29,10,SATURATED,0.1
2026-02-15T11:49:55.564Z,14,20.26,11,SATURATED,0.1
2026-02-15T11:49:55.615Z,13,20.27,12,SATURATED,0.1
2026-02-15T11:49:55.665Z,13,20.29,13,SATURATED,0.1
2026-02-15T11:49:55.715Z,13,20.27,14,OK,0.1
2026-02-15T11:49:55.765Z,13,20.28,15,OK,0.1
2026-02-15T11:49:55.867Z,12,35.88,13,OK,0.1
2026-02-15T11:49:55.940Z,12,42.24,11,SATURATED,0.1
2026-02-15T11:49:55.990Z,12,42.27,9,SATURATED,0.1
2026-02-15T11:49:56.041Z,12,42.23,7,SATURATED,0.1
2026-02-15T11:49:56.090Z,12,42.28,5,SATURATED,0.1
2026-02-15T11:49:56.141Z,11,26.72,5,SATURATED,0.1
2026-02-15T11:49:56.191Z,11,20.39,6,SATURATED,0.1
2026-02-15T11:49:56.242Z,11,20.39,7,SATURATED,0.1
2026-02-15T11:49:56.292Z,11,20.49,8,SATURATED,0.1
2026-02-15T11:49:56.343Z,11,20.43,9,SATURATED,0.1
2026-02-15T11:49:56.440Z,9,20.29,10,OK,0.1
2026-02-15T11:49:56.491Z,9,20.18,11,OK,0.1
2026-02-15T11:49:56.541Z,9,20.17,12,OK,0.1
2026-02-15T11:49:56.591Z,8,20.08,13,OK,0.1
2026-02-15T11:49:56.641Z,8,20.11,14,OK,0.1
2026-02-15T11:49:56.690Z,8,20.24,15,OK,0.1
2026-02-15T11:49:56.741Z,8,20.33,16,OK,0.1
2026-02-15T11:49:56.790Z,4,20.32,17,OK,0.1
2026-02-15T11:49:56.841Z,3,20.39,18,OK,0.1
2026-02-15T11:49:56.987Z,16,30.41,17,OK,0.1
2026-02-15T11:49:57.189Z,16,56.72,13,SATURATED,0.1
2026-02-15T11:49:57.251Z,13,65.02,8,SATURATED,0.1
2026-02-15T11:49:57.302Z,4,64.91,5,OK,0.1
2026-02-15T11:49:57.352Z,4,64.88,5,OK,0.1
2026-02-15T11:49:57.461Z,4,54.89,5,OK,0.1
2026-02-15T11:49:57.512Z,4,28.50,5,OK,0.1
2026-02-15T11:49:57.561Z,4,20.33,6,OK,0.1
2026-02-15T11:49:57.612Z,4,20.40,7,OK,0.1
2026-02-15T11:49:57.662Z,4,20.38,8,OK,0.1
2026-02-15T11:49:57.713Z,4,20.35,9,OK,0.1
2026-02-15T11:49:57.763Z,4,20.43,10,OK,0.1
2026-02-15T11:49:57.814Z,4,20.27,11,OK,0.1
2026-02-15T11:49:57.865Z,4,20.32,12,OK,0.1
2026-02-15T11:49:57.916Z,4,20.51,13,OK,0.1
2026-02-15T11:49:57.966Z,4,20.52,14,OK,0.1
2026-02-15T11:49:58.070Z,5,36.63,12,OK,0.1
2026-02-15T11:49:58.762Z,12,160.98,5,SATURATED,0.4
2026-02-15T11:49:58.812Z,4,161.03,5,OK,0.4
2026-02-15T11:49:58.862Z,4,160.88,5,OK,0.4
2026-02-15T11:49:58.913Z,3,160.85,5,OK,0.4
2026-02-15T11:49:58.963Z,3,144.73,5,OK,0.4
2026-02-15T11:49:59.014Z,2,20.38,6,OK,0.1
2026-02-15T11:49:59.064Z,1,20.34,7,OK,0.1
2026-02-15T11:49:59.113Z,1,20.21,8,OK,0.1
2026-02-15T11:49:59.164Z,1,20.25,9,OK,0.1
2026-02-15T11:49:59.215Z,0,20.30,10,OK,0.1
2026-02-15T11:49:59.265Z,0,20.28,11,OK,0.1
2026-02-15T11:49:59.315Z,0,20.29,12,OK,0.1
2026-02-15T11:49:59.366Z,0,20.41,13,OK,0.1
2026-02-15T11:49:59.417Z,0,20.39,14,OK,0.1
2026-02-15T11:49:59.468Z,0,20.37,15,OK,0.1
2026-02-15T11:49:59.519Z,0,20.42,16,OK,0.1
2026-02-15T11:49:59.569Z,0,20.43,17,OK,0.1
2026-02-15T11:49:59.620Z,0,20.38,18,OK,0.1
2026-02-15T11:49:59.671Z,0,20.34,19,OK,0.1
2026-02-15T11:49:59.721Z,0,20.28,20,OK,0.1
2026-02-15T11:50:00.178Z,7,20.26,21,OK,0.1
2026-02-15T11:50:00.869Z,17,144.37,5,SATURATED,0.4
2026-02-15T11:50:00.920Z,4,144.41,5,OK,0.4
2026-02-15T11:50:00.970Z,4,144.48,5,OK,0.4
2026-02-15T11:50:01.020Z,4,144.58,5,OK,0.4
2026-02-15T11:50:01.070Z,4,144.54,5,OK,0.4
2026-02-15T11:50:01.121Z,4,20.44,6,OK,0.1
2026-02-15T11:50:01.172Z,4,20.45,7,OK,0.1
2026-02-15T11:50:01.259Z,4,23.75,8,OK,0.1
2026-02-15T11:50:01.309Z,4,23.67,9,OK,0.1
2026-02-15T11:50:01.359Z,4,23.68,10,OK,0.1
2026-02-15T11:50:01.409Z,4,23.77,11,OK,0.1
2026-02-15T11:50:01.459Z,4,23.78,12,OK,0.1
2026-02-15T11:50:01.510Z,4,20.50,13,OK,0.1
2026-02-15T11:50:01.560Z,4,20.54,14,OK,0.1
2026-02-15T11:50:01.611Z,4,20.62,15,OK,0.1
2026-02-15T11:50:01.661Z,4,20.51,16,OK,0.1
2026-02-15T11:50:01.711Z,5,20.50,17,OK,0.1
2026-02-15T11:50:01.762Z,5,20.41,18,OK,0.1
2026-02-15T11:50:01.812Z,5,20.45,19,OK,0.1
2026-02-15T11:50:01.863Z,5,20.39,20,OK,0.1
2026-02-15T11:50:01.963Z,7,26.31,19,OK,0.1
2026-02-15T11:50:02.149Z,8,49.43,16,OK,0.1
2026-02-15T11:50:02.200Z,6,49.33,13,OK,0.1
2026-02-15T11:50:02.250Z,6,49.28,10,OK,0.1
2026-02-15T11:50:02.363Z,6,57.81,6,SATURATED,0.1
2026-02-15T11:50:02.412Z,6,51.88,5,SATURATED,0.1
2026-02-15T11:50:02.463Z,6,28.75,5,SATURATED,0.1
2026-02-15T11:50:02.513Z,6,28.93,5,SATURATED,0.1
2026-02-15T11:50:02.563Z,6,28.95,5,SATURATED,0.1
2026-02-15T11:50:02.613Z,6,20.36,6,SATURATED,0.1
2026-02-15T11:50:02.663Z,6,20.37,7,OK,0.1
2026-02-15T11:50:02.714Z,2,20.33,8,OK,0.1
2026-02-15T11:50:02.764Z,2,20.30,9,OK,0.1
2026-02-15T11:50:02.815Z,2,20.27,10,OK,0.1
2026-02-15T11:50:02.865Z,2,20.32,11,OK,0.1
2026-02-15T11:50:02.916Z,2,20.26,12,OK,0.1
2026-02-15T11:50:02.966Z,2,20.30,13,OK,0.1
2026-02-15T11:50:03.016Z,2,20.30,14,OK,0.1
2026-02-15T11:50:03.066Z,2,20.27,15,OK,0.1
2026-02-15T11:50:03.117Z,2,20.28,16,OK,0.1
2026-02-15T11:50:03.167Z,2,20.33,17,OK,0.1
2026-02-15T11:50:03.217Z,2,20.33,18,OK,0.1
2026-02-15T11:50:03.267Z,2,20.33,19,OK,0.1
2026-02-15T11:50:03.318Z,2,20.36,20,OK,0.1
2026-02-15T11:50:03.368Z,2,20.28,21,OK,0.1
2026-02-15T11:50:03.418Z,2,20.26,22,OK,0.1
2026-02-15T11:50:03.469Z,2,20.29,23,OK,0.1
2026-02-15T11:50:03.519Z,2,20.30,24,OK,0.1
2026-02-15T11:50:03.569Z,2,20.37,25,OK,0.1
2026-02-15T11:50:03.620Z,2,20.48,26,OK,0.1
2026-02-15T11:50:03.670Z,2,20.50,27,OK,0.1
2026-02-15T11:50:03.721Z,1,20.54,28,OK,0.1
2026-02-15T11:50:03.772Z,1,20.46,29,OK,0.1
2026-02-15T11:50:03.822Z,1,20.40,30,OK,0.1
2026-02-15T11:50:03.871Z,1,20.35,31,OK,0.1
2026-02-15T11:50:03.922Z,0,20.21,32,OK,0.1
2026-02-15T11:50:03.972Z,0,20.16,33,OK,0.1
2026-02-15T11:50:04.022Z,0,20.23,34,OK,0.1
2026-02-15T11:50:04.073Z,0,20.29,35,OK,0.1
2026-02-15T11:50:04.123Z,0,20.34,36,OK,0.1
2026-02-15T11:50:04.172Z,0,20.46,37,OK,0.1
2026-02-15T11:50:04.223Z,0,20.44,38,OK,0.1
2026-02-15T11:50:04.273Z,0,20.41,39,OK,0.1
2026-02-15T11:50:04.323Z,0,20.34,40,OK,0.1
2026-02-15T11:50:04.374Z,0,20.25,41,OK,0.1
2026-02-15T11:50:04.424Z,0,20.26,42,OK,0.1
2026-02-15T11:50:04.475Z,0,20.28,43,OK,0.1
2026-02-15T11:50:04.525Z,0,20.29,44,OK,0.1
2026-02-15T11:50:04.575Z,0,20.30,45,OK,0.1
2026-02-15T11:50:04.626Z,0,20.38,46,OK,0.1
2026-02-15T11:50:04.676Z,0,20.39,47,OK,0.1
2026-02-15T11:50:04.726Z,0,20.38,48,OK,0.1
2026-02-15T11:50:04.777Z,0,20.42,49,OK,0.1
2026-02-15T11:50:04.827Z,0,20.48,50,OK,0.1
2026-02-15T11:50:04.877Z,0,20.45,50,OK,0.1
2026-02-15T11:50:04.927Z,0,20.42,50,OK,0.1
2026-02-15T11:50:04.976Z,0,20.38,50,OK,0.1
2026-02-15T11:50:05.027Z,0,20.34,50,OK,0.1
2026-02-15T11:50:05.077Z,0,20.07,50,OK,0.1
2026-02-15T11:50:05.127Z,0,20.08,50,OK,0.1
2026-02-15T11:50:05.177Z,0,20.09,50,OK,0.1
2026-02-15T11:50:05.228Z,0,20.14,50,OK,0.1
2026-02-15T11:50:05.278Z,0,20.07,50,OK,0.1
2026-02-15T11:50:05.329Z,0,20.26,50,OK,0.1
2026-02-15T11:50:05.379Z,0,20.13,50,OK,0.1
2026-02-15T11:50:05.430Z,0,20.13,50,OK,0.1
2026-02-15T11:50:05.481Z,0,20.12,50,OK,0.1
2026-02-15T11:50:05.532Z,0,20.18,50,OK,0.1
2026-02-15T11:50:05.582Z,0,20.22,50,OK,0.1
2026-02-15T11:50:05.631Z,0,20.35,50,OK,0.1
2026-02-15T11:50:05.681Z,0,20.36,50,OK,0.1
2026-02-15T11:50:05.732Z,0,20.37,50,OK,0.1
2026-02-15T11:50:05.782Z,0,20.37,50,OK,0.1
2026-02-15T11:50:05.832Z,0,20.34,50,OK,0.1
2026-02-15T11:50:05.881Z,0,20.26,50,OK,0.1
2026-02-15T11:50:05.931Z,0,20.21,50,OK,0.1
2026-02-15T11:50:05.981Z,0,20.25,50,OK,0.1
2026-02-15T11:50:06.032Z,0,20.27,50,OK,0.1
2026-02-15T11:50:06.082Z,0,20.33,50,OK,0.1
2026-02-15T11:50:06.133Z,0,20.41,50,OK,0.1
2026-02-15T11:50:06.183Z,0,20.48,50,OK,0.1
2026-02-15T11:50:06.233Z,0,20.47,50,OK,0.1
2026-02-15T11:50:06.282Z,0,20.45,50,OK,0.1
2026-02-15T11:50:06.333Z,0,20.40,50,OK,0.1
2026-02-15T11:50:06.384Z,0,20.42,50,OK,0.1
2026-02-15T11:50:06.434Z,0,20.41,50,OK,0.1
2026-02-15T11:50:06.484Z,0,20.41,50,OK,0.1
2026-02-15T11:50:06.534Z,0,20.45,50,OK,0.1
2026-02-15T11:50:06.585Z,0,20.47,50,OK,0.1
2026-02-15T11:50:06.634Z,0,20.45,50,OK,0.1
2026-02-15T11:50:06.684Z,0,20.44,50,OK,0.1
2026-02-15T11:50:06.735Z,0,20.38,50,OK,0.1
2026-02-15T11:50:06.785Z,0,20.35,50,OK,0.1
2026-02-15T11:50:06.836Z,0,20.32,50,OK,0.1
2026-02-15T11:50:06.886Z,0,20.41,50,OK,0.1
2026-02-15T11:50:06.937Z,0,20.41,50,OK,0.1
2026-02-15T11:50:06.987Z,0,20.43,50,OK,0.1
2026-02-15T11:50:07.038Z,0,20.40,50,OK,0.1
2026-02-15T11:50:07.088Z,0,20.36,50,OK,0.1
2026-02-15T11:50:07.138Z,0,20.27,50,OK,0.1
2026-02-15T11:50:07.188Z,0,20.27,50,OK,0.1
2026-02-15T11:50:07.239Z,0,20.30,50,OK,0.1
2026-02-15T11:50:07.290Z,0,20.32,50,OK,0.1
2026-02-15T11:50:07.341Z,0,20.35,50,OK,0.1
2026-02-15T11:50:07.392Z,0,20.37,50,OK,0.1
2026-02-15T11:50:07.442Z,0,20.37,50,OK,0.1
2026-02-15T11:50:07.491Z,0,20.33,50,OK,0.1
2026-02-15T11:50:07.542Z,0,20.34,50,OK,0.1
2026-02-15T11:50:07.592Z,0,20.35,50,OK,0.1
2026-02-15T11:50:07.642Z,0,20.34,50,OK,0.1
2026-02-15T11:50:07.692Z,0,20.35,50,OK,0.1
2026-02-15T11:50:07.741Z,0,20.37,50,OK,0.1
2026-02-15T11:50:07.792Z,0,20.42,50,OK,0.1
2026-02-15T11:50:07.843Z,0,20.43,50,OK,0.1
2026-02-15T11:50:07.893Z,0,20.45,50,OK,0.1
2026-02-15T11:50:07.943Z,0,20.47,50,OK,0.1
2026-02-15T11:50:07.993Z,0,20.48,50,OK,0.1
2026-02-15T11:50:08.043Z,0,20.39,50,OK,0.1
2026-02-15T11:50:08.093Z,0,20.34,50,OK,0.1
2026-02-15T11:50:08.142Z,0,20.36,50,OK,0.1
2026-02-15T11:50:08.192Z,0,20.32,50,OK,0.1
2026-02-15T11:50:08.243Z,0,20.28,50,OK,0.1
2026-02-15T11:50:08.293Z,0,20.22,50,OK,0.1
2026-02-15T11:50:08.343Z,0,20.24,50,OK,0.1
2026-02-15T11:50:08.394Z,0,20.21,50,OK,0.1
2026-02-15T11:50:08.444Z,0,20.22,50,OK,0.1
2026-02-15T11:50:08.495Z,0,20.24,50,OK,0.1
2026-02-15T11:50:08.544Z,0,20.32,50,OK,0.1
2026-02-15T11:50:08.595Z,0,20.32,50,OK,0.1
2026-02-15T11:50:08.645Z,0,20.33,50,OK,0.1
2026-02-15T11:50:08.696Z,0,20.37,50,OK,0.1
2026-02-15T11:50:08.746Z,0,20.39,50,OK,0.1
2026-02-15T11:50:08.796Z,0,20.45,50,OK,0.1
2026-02-15T11:50:08.846Z,0,20.49,50,OK,0.1
2026-02-15T11:50:08.895Z,0,20.51,50,OK,0.1
2026-02-15T11:50:08.946Z,0,20.50,50,OK,0.1
2026-02-15T11:50:08.996Z,0,20.49,50,OK,0.1
2026-02-15T11:50:09.047Z,0,20.45,50,OK,0.1
2026-02-15T11:50:09.097Z,0,20.42,50,OK,0.1
2026-02-15T11:50:09.148Z,0,20.39,50,OK,0.1
2026-02-15T11:50:09.199Z,0,20.38,50,OK,0.1
2026-02-15T11:50:09.250Z,0,20.40,50,OK,0.1
2026-02-15T11:50:09.300Z,0,20.43,50,OK,0.1
2026-02-15T11:50:09.349Z,0,20.42,50,OK,0.1
2026-02-15T11:50:09.399Z,0,20.46,50,OK,0.1
2026-02-15T11:50:09.450Z,0,20.45,50,OK,0.1
2026-02-15T11:50:09.501Z,0,20.40,50,OK,0.1
2026-02-15T11:50:09.551Z,0,20.38,50,OK,0.1
2026-02-15T11:50:09.602Z,0,20.37,50,OK,0.1
2026-02-15T11:50:09.652Z,0,20.33,50,OK,0.1
2026-02-15T11:50:09.701Z,0,20.31,50,OK,0.1
2026-02-15T11:50:09.751Z,0,20.31,50,OK,0.1
2026-02-15T11:50:09.802Z,0,20.28,50,OK,0.1
2026-02-15T11:50:09.852Z,0,20.32,50,OK,0.1
2026-02-15T11:50:09.902Z,0,20.34,50,OK,0.1
2026-02-15T11:50:09.953Z,0,20.34,50,OK,0.1
2026-02-15T11:50:10.003Z,0,20.38,50,OK,0.1
2026-02-15T11:50:10.054Z,0,20.39,50,OK,0.1
2026-02-15T11:50:10.104Z,0,20.35,50,OK,0.1
2026-02-15T11:50:10.154Z,0,20.32,50,OK,0.1
2026-02-15T11:50:10.205Z,0,20.27,50,OK,0.1
2026-02-15T11:50:10.254Z,0,20.26,50,OK,0.1
2026-02-15T11:50:10.305Z,0,20.32,50,OK,0.1
2026-02-15T11:50:10.356Z,0,20.35,50,OK,0.1
2026-02-15T11:50:10.406Z,0,20.44,50,OK,0.1
2026-02-15T11:50:10.456Z,0,20.50,50,OK,0.1
2026-02-15T11:50:10.507Z,0,20.53,50,OK,0.1
2026-02-15T11:50:10.556Z,0,20.46,50,OK,0.1
2026-02-15T11:50:10.607Z,0,20.45,50,OK,0.1
2026-02-15T11:50:10.657Z,0,20.41,50,OK,0.1
2026-02-15T11:50:10.708Z,0,20.41,50,OK,0.1
2026-02-15T11:50:10.758Z,0,20.38,50,OK,0.1
2026-02-15T11:50:10.808Z,0,20.40,50,OK,0.1
2026-02-15T11:50:10.858Z,0,20.43,50,OK,0.1
2026-02-15T11:50:10.908Z,0,20.39,50,OK,0.1
2026-02-15T11:50:10.959Z,0,20.43,50,OK,0.1
2026-02-15T11:50:11.009Z,0,20.43,50,OK,0.1
2026-02-15T11:50:11.059Z,0,20.42,50,OK,0.1
2026-02-15T11:50:11.109Z,0,20.40,50,OK,0.1
2026-02-15T11:50:11.159Z,0,20.42,50,OK,0.1
2026-02-15T11:50:11.210Z,0,20.44,50,OK,0.1
2026-02-15T11:50:11.260Z,0,20.43,50,OK,0.1
2026-02-15T11:50:11.310Z,0,20.34,50,OK,0.1
2026-02-15T11:50:11.360Z,0,20.28,50,OK,0.1
2026-02-15T11:50:11.411Z,0,20.24,50,OK,0.1
2026-02-15T11:50:11.460Z,0,20.16,50,OK,0.1
2026-02-15T11:50:11.511Z,0,20.20,50,OK,0.1
2026-02-15T11:50:11.561Z,0,20.27,50,OK,0.1
2026-02-15T11:50:11.610Z,0,20.31,50,OK,0.1
2026-02-15T11:50:11.660Z,0,20.37,50,OK,0.1
2026-02-15T11:50:11.711Z,0,20.41,50,OK,0.1
2026-02-15T11:50:11.761Z,0,20.37,50,OK,0.1
2026-02-15T11:50:11.812Z,0,20.40,50,OK,0.1
2026-02-15T11:50:11.863Z,0,20.40,50,OK,0.1
2026-02-15T11:50:11.913Z,0,20.31,50,OK,0.1
2026-02-15T11:50:11.964Z,0,20.31,50,OK,0.1
2026-02-15T11:50:12.015Z,0,20.24,50,OK,0.1
2026-02-15T11:50:12.064Z,0,20.23,50,OK,0.1
2026-02-15T11:50:12.115Z,0,20.19,50,OK,0.1
2026-02-15T11:50:12.165Z,0,20.22,50,OK,0.1
2026-02-15T11:50:12.215Z,0,20.19,50,OK,0.1
2026-02-15T11:50:12.266Z,0,20.28,50,OK,0.1
2026-02-15T11:50:12.316Z,0,20.22,50,OK,0.1
2026-02-15T11:50:12.366Z,0,20.25,50,OK,0.1
2026-02-15T11:50:12.415Z,0,20.36,50,OK,0.1
2026-02-15T11:50:12.465Z,0,20.38,50,OK,0.1
2026-02-15T11:50:12.516Z,0,20.34,50,OK,0.1
2026-02-15T11:50:12.566Z,0,20.43,50,OK,0.1
2026-02-15T11:50:12.616Z,0,20.43,50,OK,0.1
2026-02-15T11:50:12.667Z,0,20.44,50,OK,0.1
2026-02-15T11:50:12.717Z,0,20.45,50,OK,0.1
2026-02-15T11:50:12.767Z,0,20.47,50,OK,0.1
2026-02-15T11:50:12.817Z,0,20.43,50,OK,0.1
2026-02-15T11:50:12.868Z,0,20.45,50,OK,0.1
2026-02-15T11:50:12.918Z,0,20.37,50,OK,0.1
2026-02-15T11:50:12.969Z,0,20.38,50,OK,0.1
2026-02-15T11:50:13.019Z,0,20.45,50,OK,0.1
2026-02-15T11:50:13.070Z,0,20.42,50,OK,0.1
2026-02-15T11:50:13.120Z,0,20.36,50,OK,0.1
2026-02-15T11:50:13.170Z,0,20.34,50,OK,0.1
2026-02-15T11:50:13.220Z,0,20.32,50,OK,0.1
2026-02-15T11:50:13.270Z,0,20.26,50,OK,0.1
2026-02-15T11:50:13.321Z,0,20.32,50,OK,0.1
2026-02-15T11:50:13.371Z,0,20.36,50,OK,0.1
2026-02-15T11:50:13.420Z,0,20.28,50,OK,0.1
2026-02-15T11:50:13.471Z,0,20.29,50,OK,0.1
2026-02-15T11:50:13.522Z,0,20.34,50,OK,0.1
2026-02-15T11:50:13.572Z,0,20.35,50,OK,0.1
2026-02-15T11:50:13.622Z,0,20.40,50,OK,0.1
2026-02-15T11:50:13.673Z,0,20.32,50,OK,0.1
2026-02-15T11:50:13.724Z,0,20.38,50,OK,0.1
2026-02-15T11:50:13.775Z,0,20.32,50,OK,0.1
2026-02-15T11:50:13.825Z,0,20.22,50,OK,0.1
2026-02-15T11:50:13.875Z,0,20.21,50,OK,0.1
2026-02-15T11:50:13.925Z,0,20.43,50,OK,0.1
2026-02-15T11:50:13.976Z,0,20.36,50,OK,0.1
2026-02-15T11:50:14.027Z,0,20.32,50,OK,0.1
2026-02-15T11:50:14.077Z,0,20.38,50,OK,0.1
2026-02-15T11:50:14.128Z,0,20.33,50,OK,0.1
2026-02-15T11:50:14.179Z,0,20.29,50,OK,0.1
2026-02-15T11:50:14.230Z,0,20.40,50,OK,0.1
2026-02-15T11:50:14.281Z,0,20.42,50,OK,0.1
2026-02-15T11:50:14.331Z,0,20.37,50,OK,0.1
2026-02-15T11:50:14.381Z,0,20.41,50,OK,0.1
2026-02-15T11:50:14.431Z,0,20.33,50,OK,0.1
2026-02-15T11:50:14.481Z,0,20.25,50,OK,0.1
2026-02-15T11:50:14.531Z,0,20.35,50,OK,0.1
2026-02-15T11:50:14.582Z,0,20.42,50,OK,0.1
2026-02-15T11:50:14.633Z,0,20.38,50,OK,0.1
2026-02-15T11:50:14.684Z,0,20.49,50,OK,0.1
2026-02-15T11:50:14.735Z,0,20.42,50,OK,0.1
2026-02-15T11:50:14.784Z,0,20.35,50,OK,0.1
2026-02-15T11:50:14.836Z,0,20.36,50,OK,0.1
2026-02-15T11:50:14.885Z,0,20.37,50,OK,0.1
2026-02-15T11:50:14.936Z,0,20.29,50,OK,0.1
2026-02-15T11:50:14.986Z,0,20.34,50,OK,0.1
2026-02-15T11:50:15.041Z,0,17.08,50,OK,0.1
2026-02-15T11:50:15.142Z,0,23.36,50,OK,0.1
2026-02-15T11:50:15.193Z,0,23.39,50,OK,0.1
2026-02-15T11:50:15.244Z,0,23.47,50,OK,0.1
2026-02-15T11:50:15.295Z,0,23.46,50,OK,0.1
2026-02-15T11:50:15.344Z,0,26.71,49,OK,0.1
2026-02-15T11:50:15.395Z,0,20.38,50,OK,0.1
2026-02-15T11:50:15.446Z,0,20.40,50,OK,0.1
2026-02-15T11:50:15.497Z,0,20.40,50,OK,0.1
2026-02-15T11:50:15.546Z,0,20.44,50,OK,0.1
2026-02-15T11:50:15.597Z,0,20.47,50,OK,0.1
2026-02-15T11:50:15.647Z,0,20.43,50,OK,0.1
2026-02-15T11:50:15.698Z,0,20.31,50,OK,0.1
2026-02-15T11:50:15.749Z,0,20.41,50,OK,0.1
2026-02-15T11:50:15.799Z,0,20.37,50,OK,0.1
2026-02-15T11:50:15.848Z,0,20.32,50,OK,0.1
2026-02-15T11:50:15.898Z,0,20.35,50,OK,0.1
2026-02-15T11:50:15.949Z,0,20.41,50,OK,0.1
2026-02-15T11:50:15.999Z,0,20.28,50,OK,0.1
2026-02-15T11:50:16.049Z,0,20.32,50,OK,0.1
2026-02-15T11:50:16.099Z,0,20.37,50,OK,0.1
2026-02-15T11:50:16.150Z,0,20.37,50,OK,0.1
2026-02-15T11:50:16.200Z,0,20.40,50,OK,0.1
2026-02-15T11:50:16.250Z,0,20.33,50,OK,0.1
2026-02-15T11:50:16.301Z,0,20.31,50,OK,0.1
2026-02-15T11:50:16.351Z,0,20.30,50,OK,0.1
2026-02-15T11:50:16.401Z,0,20.29,50,OK,0.1
2026-02-15T11:50:16.452Z,0,20.27,50,OK,0.1
2026-02-15T11:50:16.502Z,0,20.37,50,OK,0.1
2026-02-15T11:50:16.552Z,0,20.36,50,OK,0.1
2026-02-15T11:50:16.602Z,0,20.33,50,OK,0.1
2026-02-15T11:50:16.653Z,0,20.39,50,OK,0.1
2026-02-15T11:50:16.703Z,0,20.38,50,OK,0.1
2026-02-15T11:50:16.754Z,0,20.26,50,OK,0.1
2026-02-15T11:50:16.804Z,0,20.30,50,OK,0.1
2026-02-15T11:50:16.855Z,0,20.35,50,OK,0.1
2026-02-15T11:50:16.905Z,0,20.34,50,OK,0.1
2026-02-15T11:50:16.955Z,0,20.33,50,OK,0.1
2026-02-15T11:50:17.005Z,0,20.42,50,OK,0.1
2026-02-15T11:50:17.056Z,0,20.36,50,OK,0.1
2026-02-15T11:50:17.107Z,0,20.36,50,OK,0.1
2026-02-15T11:50:17.158Z,0,20.27,50,OK,0.1
2026-02-15T11:50:17.208Z,0,20.31,50,OK,0.1
2026-02-15T11:50:17.258Z,0,20.36,50,OK,0.1
2026-02-15T11:50:17.309Z,0,20.41,50,OK,0.1
2026-02-15T11:50:17.360Z,0,20.39,50,OK,0.1
2026-02-15T11:50:17.410Z,0,20.49,50,OK,0.1
2026-02-15T11:50:17.460Z,0,20.49,50,OK,0.1
2026-02-15T11:50:17.511Z,0,20.45,50,OK,0.1
2026-02-15T11:50:17.562Z,0,20.44,50,OK,0.1
2026-02-15T11:50:17.613Z,0,20.44,50,OK,0.1
2026-02-15T11:50:17.663Z,0,20.39,50,OK,0.1
2026-02-15T11:50:17.714Z,0,20.40,50,OK,0.1
2026-02-15T11:50:17.764Z,0,20.41,50,OK,0.1
2026-02-15T11:50:17.815Z,0,20.41,50,OK,0.1
2026-02-15T11:50:17.865Z,0,20.44,50,OK,0.1
2026-02-15T11:50:17.915Z,0,20.46,50,OK,0.1
2026-02-15T11:50:17.966Z,0,20.45,50,OK,0.1
2026-02-15T11:50:18.016Z,0,20.35,50,OK,0.1
2026-02-15T11:50:18.067Z,0,20.46,50,OK,0.1
2026-02-15T11:50:18.117Z,0,20.45,50,OK,0.1
2026-02-15T11:50:18.167Z,0,20.42,50,OK,0.1
2026-02-15T11:50:18.218Z,0,20.38,50,OK,0.1
2026-02-15T11:50:18.268Z,0,20.43,50,OK,0.1
2026-02-15T11:50:18.319Z,0,20.10,50,OK,0.1
2026-02-15T11:50:18.369Z,0,20.13,50,OK,0.1
2026-02-15T11:50:18.419Z,0,20.14,50,OK,0.1
2026-02-15T11:50:18.469Z,0,20.05,50,OK,0.1
2026-02-15T11:50:18.520Z,0,20.11,50,OK,0.1
2026-02-15T11:50:18.571Z,0,20.36,50,OK,0.1
2026-02-15T11:50:18.622Z,0,20.34,50,OK,0.1
2026-02-15T11:50:18.672Z,0,20.34,50,OK,0.1
2026-02-15T11:50:18.723Z,0,20.44,50,OK,0.1
2026-02-15T11:50:18.774Z,0,20.44,50,OK,0.1
2026-02-15T11:50:18.824Z,0,20.40,50,OK,0.1
2026-02-15T11:50:18.875Z,0,20.48,50,OK,0.1
2026-02-15T11:50:18.925Z,0,20.50,50,OK,0.1
2026-02-15T11:50:18.976Z,0,20.56,50,OK,0.1
2026-02-15T11:50:19.026Z,0,20.53,50,OK,0.1
2026-02-15T11:50:19.077Z,0,20.65,50,OK,0.1
2026-02-15T11:50:19.127Z,0,20.56,50,OK,0.1
2026-02-15T11:50:19.177Z,0,20.66,50,OK,0.1
2026-02-15T11:50:19.226Z,0,20.61,50,OK,0.1
2026-02-15T11:50:19.277Z,0,20.56,50,OK,0.1
2026-02-15T11:50:19.328Z,0,20.41,50,OK,0.1
2026-02-15T11:50:19.378Z,0,20.33,50,OK,0.1
2026-02-15T11:50:19.427Z,0,20.27,50,OK,0.1
2026-02-15T11:50:19.478Z,0,20.25,50,OK,0.1
2026-02-15T11:50:19.529Z,0,20.27,50,OK,0.1
2026-02-15T11:50:19.579Z,0,20.34,50,OK,0.1
2026-02-15T11:50:19.629Z,0,20.42,50,OK,0.1
2026-02-15T11:50:19.679Z,0,20.42,50,OK,0.1
2026-02-15T11:50:19.730Z,0,20.52,50,OK,0.1
2026-02-15T11:50:19.780Z,0,20.38,50,OK,0.1
2026-02-15T11:50:19.831Z,0,20.29,50,OK,0.1
2026-02-15T11:50:19.882Z,0,20.18,50,OK,0.1
2026-02-15T11:50:19.932Z,0,20.20,50,OK,0.1
2026-02-15T11:50:19.983Z,0,20.29,50,OK,0.1
2026-02-15T11:50:20.033Z,0,20.45,50,OK,0.1
2026-02-15T11:50:20.084Z,0,20.63,50,OK,0.1
2026-02-15T11:50:20.134Z,0,20.61,50,OK,0.1
2026-02-15T11:50:20.184Z,0,20.44,50,OK,0.1
2026-02-15T11:50:20.234Z,0,20.30,50,OK,0.1
2026-02-15T11:50:20.285Z,0,20.46,50,OK,0.1
2026-02-15T11:50:20.335Z,0,20.33,50,OK,0.1
2026-02-15T11:50:20.386Z,0,20.57,50,OK,0.1
2026-02-15T11:50:20.436Z,0,20.71,50,OK,0.1
2026-02-15T11:50:20.486Z,0,20.59,50,OK,0.1
2026-02-15T11:50:20.537Z,0,20.38,50,OK,0.1
2026-02-15T11:50:20.587Z,0,20.30,50,OK,0.1
2026-02-15T11:50:20.637Z,0,20.16,50,OK,0.1
2026-02-15T11:50:20.688Z,0,20.22,50,OK,0.1
2026-02-15T11:50:20.739Z,0,20.32,50,OK,0.1
2026-02-15T11:50:20.790Z,0,20.45,50,OK,0.1
2026-02-15T11:50:20.840Z,0,20.52,50,OK,0.1
2026-02-15T11:50:20.891Z,0,20.67,50,OK,0.1
2026-02-15T11:50:20.942Z,0,20.56,50,OK,0.1
2026-02-15T11:50:20.992Z,0,20.60,50,OK,0.1
2026-02-15T11:50:21.042Z,0,20.55,50,OK,0.1
2026-02-15T11:50:21.093Z,0,20.49,50,OK,0.1
2026-02-15T11:50:21.144Z,0,20.33,50,OK,0.1
2026-02-15T11:50:21.195Z,0,20.40,50,OK,0.1
2026-02-15T11:50:21.245Z,0,20.37,50,OK,0.1
2026-02-15T11:50:21.296Z,0,20.29,50,OK,0.1
2026-02-15T11:50:21.347Z,0,20.35,50,OK,0.1
2026-02-15T11:50:21.398Z,0,20.47,50,OK,0.1
2026-02-15T11:50:21.449Z,0,20.42,50,OK,0.1
2026-02-15T11:50:21.499Z,0,20.48,50,OK,0.1
2026-02-15T11:50:21.550Z,0,20.53,50,OK,0.1
2026-02-15T11:50:21.601Z,0,20.55,50,OK,0.1
2026-02-15T11:50:21.651Z,0,20.47,50,OK,0.1
2026-02-15T11:50:21.701Z,0,20.43,50,OK,0.1
2026-02-15T11:50:21.752Z,0,20.38,50,OK,0.1
2026-02-15T11:50:21.802Z,0,20.43,50,OK,0.1
2026-02-15T11:50:21.853Z,0,20.40,50,OK,0.1
2026-02-15T11:50:21.903Z,0,20.42,50,OK,0.1
2026-02-15T11:50:21.953Z,0,20.49,50,OK,0.1
2026-02-15T11:50:22.004Z,0,20.44,50,OK,0.1
2026-02-15T11:50:22.055Z,0,20.44,50,OK,0.1
2026-02-15T11:50:22.106Z,0,20.57,50,OK,0.1
2026-02-15T11:50:22.155Z,0,20.53,50,OK,0.1
2026-02-15T11:50:22.206Z,0,20.52,50,OK,0.1
2026-02-15T11:50:22.256Z,0,20.58,50,OK,0.1
2026-02-15T11:50:22.306Z,0,20.51,50,OK,0.1
2026-02-15T11:50:22.357Z,0,20.39,50,OK,0.1
2026-02-15T11:50:22.408Z,0,20.38,50,OK,0.1
2026-02-15T11:50:22.458Z,0,20.37,50,OK,0.1
2026-02-15T11:50:22.507Z,0,20.38,50,OK,0.1
