Timestamp,ActiveRequests,Lag_ms,VirtualLimit,Status
2026-02-15T11:00:20.551Z,0,24.63,50,OK
2026-02-15T11:00:20.600Z,0,19.19,50,OK
2026-02-15T11:00:20.651Z,0,20.18,50,OK
2026-02-15T11:00:20.702Z,0,19.87,50,OK
2026-02-15T11:00:20.752Z,0,20.11,50,OK
2026-02-15T11:00:20.802Z,0,19.86,50,OK
2026-02-15T11:00:20.852Z,0,20.18,50,OK
2026-02-15T11:00:20.902Z,0,19.88,50,OK
2026-02-15T11:00:20.952Z,0,20.14,50,OK
2026-02-15T11:00:21.002Z,0,19.84,50,OK
2026-02-15T11:00:21.052Z,0,20.14,50,OK
2026-02-15T11:00:21.103Z,0,20.49,50,OK
2026-02-15T11:00:21.154Z,0,20.39,50,OK
2026-02-15T11:00:21.204Z,0,20.04,50,OK
2026-02-15T11:00:21.255Z,0,20.50,50,OK
2026-02-15T11:00:21.306Z,0,20.66,50,OK
2026-02-15T11:00:21.357Z,0,20.42,50,OK
2026-02-15T11:00:21.407Z,0,20.55,50,OK
2026-02-15T11:00:21.457Z,0,20.34,50,OK
2026-02-15T11:00:21.507Z,0,20.36,50,OK
2026-02-15T11:00:21.557Z,0,20.39,50,OK
2026-02-15T11:00:21.607Z,0,20.37,50,OK
2026-02-15T11:00:21.657Z,0,20.36,50,OK
2026-02-15T11:00:21.708Z,0,20.41,50,OK
2026-02-15T11:00:21.758Z,0,20.29,50,OK
2026-02-15T11:00:21.809Z,0,20.75,50,OK
2026-02-15T11:00:21.860Z,0,20.29,50,OK
2026-02-15T11:00:21.910Z,0,20.39,50,OK
2026-02-15T11:00:21.961Z,0,20.76,50,OK
2026-02-15T11:00:22.011Z,0,20.52,50,OK
2026-02-15T11:00:22.061Z,0,20.41,50,OK
2026-02-15T11:00:22.112Z,0,20.24,50,OK
2026-02-15T11:00:22.161Z,0,20.27,50,OK
2026-02-15T11:00:22.212Z,0,20.37,50,OK
2026-02-15T11:00:22.263Z,0,20.37,50,OK
2026-02-15T11:00:22.313Z,0,20.36,50,OK
2026-02-15T11:00:22.363Z,0,20.38,50,OK
2026-02-15T11:00:22.414Z,0,20.36,50,OK
2026-02-15T11:00:22.465Z,0,20.32,50,OK
2026-02-15T11:00:22.515Z,0,20.13,50,OK
2026-02-15T11:00:22.565Z,0,20.25,50,OK
2026-02-15T11:00:22.615Z,0,20.39,50,OK
2026-02-15T11:00:22.665Z,0,20.02,50,OK
2026-02-15T11:00:22.716Z,0,20.46,50,OK
2026-02-15T11:00:22.767Z,0,20.47,50,OK
2026-02-15T11:00:22.817Z,0,20.24,50,OK
2026-02-15T11:00:22.867Z,0,20.50,50,OK
2026-02-15T11:00:22.914Z,0,20.03,50,OK
2026-02-15T11:00:22.965Z,0,20.37,50,OK
2026-02-15T11:00:23.015Z,0,21.05,50,OK
2026-02-15T11:00:23.065Z,0,20.44,50,OK
2026-02-15T11:00:23.115Z,0,20.68,50,OK
2026-02-15T11:00:23.166Z,0,20.32,50,OK
2026-02-15T11:00:23.216Z,0,20.55,50,OK
2026-02-15T11:00:23.266Z,0,20.21,50,OK
2026-02-15T11:00:23.316Z,0,20.61,50,OK
2026-02-15T11:00:23.367Z,0,20.52,50,OK
2026-02-15T11:00:23.417Z,0,20.41,50,OK
2026-02-15T11:00:23.468Z,0,20.23,50,OK
2026-02-15T11:00:23.518Z,0,20.17,50,OK
2026-02-15T11:00:23.568Z,0,20.44,50,OK
2026-02-15T11:00:23.619Z,0,20.39,50,OK
2026-02-15T11:00:23.670Z,0,20.64,50,OK
2026-02-15T11:00:23.720Z,0,20.36,50,OK
2026-02-15T11:00:23.770Z,0,20.37,50,OK
2026-02-15T11:00:23.820Z,0,20.39,50,OK
2026-02-15T11:00:23.870Z,0,20.41,50,OK
2026-02-15T11:00:23.921Z,0,20.39,50,OK
2026-02-15T11:00:23.971Z,0,20.46,50,OK
2026-02-15T11:00:24.021Z,0,20.41,50,OK
2026-02-15T11:00:24.072Z,0,20.46,50,OK
2026-02-15T11:00:24.123Z,0,20.47,50,OK
2026-02-15T11:00:24.173Z,0,20.50,50,OK
2026-02-15T11:00:24.223Z,0,19.64,50,OK
2026-02-15T11:00:24.274Z,0,20.48,50,OK
2026-02-15T11:00:24.324Z,0,19.60,50,OK
2026-02-15T11:00:24.374Z,0,20.39,50,OK
2026-02-15T11:00:24.424Z,0,19.60,50,OK
2026-02-15T11:00:24.474Z,0,20.32,50,OK
2026-02-15T11:00:24.524Z,0,21.03,50,OK
2026-02-15T11:00:24.575Z,0,20.39,50,OK
2026-02-15T11:00:24.625Z,0,20.08,50,OK
2026-02-15T11:00:24.676Z,0,20.32,50,OK
2026-02-15T11:00:24.727Z,0,20.33,50,OK
2026-02-15T11:00:24.778Z,0,20.37,50,OK
2026-02-15T11:00:24.829Z,0,20.55,50,OK
2026-02-15T11:00:24.879Z,0,20.24,50,OK
2026-02-15T11:00:24.930Z,0,20.21,50,OK
2026-02-15T11:00:24.980Z,0,19.39,50,OK
2026-02-15T11:00:25.031Z,0,19.75,50,OK
2026-02-15T11:00:25.081Z,0,20.04,50,OK
2026-02-15T11:00:25.131Z,0,20.95,50,OK
2026-02-15T11:00:25.181Z,0,20.31,50,OK
2026-02-15T11:00:25.232Z,0,20.18,50,OK
2026-02-15T11:00:25.282Z,0,20.31,50,OK
2026-02-15T11:00:25.332Z,0,20.22,50,OK
2026-02-15T11:00:25.383Z,0,20.42,50,OK
2026-02-15T11:00:25.433Z,0,20.17,50,OK
2026-02-15T11:00:25.483Z,0,20.42,50,OK
2026-02-15T11:00:25.533Z,0,20.73,50,OK
2026-02-15T11:00:25.584Z,0,20.37,50,OK
2026-02-15T11:00:25.634Z,0,20.63,50,OK
2026-02-15T11:00:25.684Z,0,20.44,50,OK
2026-02-15T11:00:25.734Z,0,20.14,50,OK
2026-02-15T11:00:25.784Z,0,20.36,50,OK
2026-02-15T11:00:25.835Z,0,20.28,50,OK
2026-02-15T11:00:25.886Z,0,20.78,50,OK
2026-02-15T11:00:25.937Z,0,20.41,50,OK
2026-02-15T11:00:25.987Z,0,20.82,50,OK
2026-02-15T11:00:26.038Z,0,20.57,50,OK
2026-02-15T11:00:26.089Z,0,20.35,50,OK
2026-02-15T11:00:26.139Z,0,19.69,50,OK
2026-02-15T11:00:26.189Z,0,20.46,50,OK
2026-02-15T11:00:26.240Z,0,19.95,50,OK
2026-02-15T11:00:26.289Z,0,20.32,50,OK
2026-02-15T11:00:26.339Z,0,20.03,50,OK
2026-02-15T11:00:26.390Z,0,20.36,50,OK
2026-02-15T11:00:26.440Z,0,20.96,50,OK
2026-02-15T11:00:26.491Z,0,20.45,50,OK
2026-02-15T11:00:26.541Z,0,21.05,50,OK
2026-02-15T11:00:26.592Z,0,20.41,50,OK
2026-02-15T11:00:26.642Z,0,21.03,50,OK
2026-02-15T11:00:26.692Z,0,20.24,50,OK
2026-02-15T11:00:26.743Z,0,20.32,50,OK
2026-02-15T11:00:26.794Z,0,20.41,50,OK
2026-02-15T11:00:26.844Z,0,21.05,50,OK
2026-02-15T11:00:26.895Z,0,20.32,50,OK
2026-02-15T11:00:26.946Z,0,20.14,50,OK
2026-02-15T11:00:26.996Z,0,20.52,50,OK
2026-02-15T11:00:27.046Z,0,20.10,50,OK
2026-02-15T11:00:27.096Z,0,20.52,50,OK
2026-02-15T11:00:27.146Z,0,20.67,50,OK
2026-02-15T11:00:27.197Z,0,20.37,50,OK
2026-02-15T11:00:27.248Z,0,20.42,50,OK
2026-02-15T11:00:27.299Z,0,20.49,50,OK
2026-02-15T11:00:27.349Z,0,20.46,50,OK
2026-02-15T11:00:27.399Z,0,20.32,50,OK
2026-02-15T11:00:27.450Z,0,20.02,50,OK
2026-02-15T11:00:27.501Z,0,20.29,50,OK
2026-02-15T11:00:27.551Z,0,20.33,50,OK
2026-02-15T11:00:27.602Z,0,20.21,50,OK
2026-02-15T11:00:27.653Z,0,20.56,50,OK
2026-02-15T11:00:27.703Z,0,20.28,50,OK
2026-02-15T11:00:27.753Z,0,20.51,50,OK
2026-02-15T11:00:27.804Z,0,20.18,50,OK
2026-02-15T11:00:27.854Z,0,20.61,50,OK
2026-02-15T11:00:27.904Z,0,20.42,50,OK
2026-02-15T11:00:27.954Z,0,20.41,50,OK
2026-02-15T11:00:28.005Z,0,20.36,50,OK
2026-02-15T11:00:28.054Z,0,20.91,50,OK
2026-02-15T11:00:28.104Z,0,20.30,50,OK
2026-02-15T11:00:28.155Z,0,20.72,50,OK
2026-02-15T11:00:28.206Z,0,20.27,50,OK
2026-02-15T11:00:28.257Z,0,19.72,50,OK
2026-02-15T11:00:28.307Z,0,20.24,50,OK
2026-02-15T11:00:28.358Z,0,20.70,50,OK
2026-02-15T11:00:28.409Z,0,20.28,50,OK
2026-02-15T11:00:28.459Z,0,19.82,50,OK
2026-02-15T11:00:28.509Z,0,20.41,50,OK
2026-02-15T11:00:28.559Z,0,20.82,50,OK
2026-02-15T11:00:28.610Z,0,19.91,50,OK
2026-02-15T11:00:28.660Z,0,20.65,50,OK
2026-02-15T11:00:28.710Z,0,20.21,50,OK
2026-02-15T11:00:28.760Z,0,19.51,50,OK
2026-02-15T11:00:28.810Z,0,20.14,50,OK
2026-02-15T11:00:28.860Z,0,20.67,50,OK
2026-02-15T11:00:28.910Z,0,20.29,50,OK
2026-02-15T11:00:28.960Z,0,19.49,50,OK
2026-02-15T11:00:29.010Z,0,20.14,50,OK
2026-02-15T11:00:29.061Z,0,20.41,50,OK
2026-02-15T11:00:29.110Z,0,20.16,50,OK
2026-02-15T11:00:29.160Z,0,20.82,50,OK
2026-02-15T11:00:29.210Z,0,19.87,50,OK
2026-02-15T11:00:29.261Z,0,20.00,50,OK
2026-02-15T11:00:29.312Z,0,20.26,50,OK
2026-02-15T11:00:29.363Z,0,19.96,50,OK
2026-02-15T11:00:29.413Z,0,20.50,50,OK
2026-02-15T11:00:29.463Z,0,20.82,50,OK
2026-02-15T11:00:29.514Z,0,20.46,50,OK
2026-02-15T11:00:29.565Z,0,20.50,50,OK
2026-02-15T11:00:29.615Z,0,20.40,50,OK
2026-02-15T11:00:29.665Z,0,20.50,50,OK
2026-02-15T11:00:29.715Z,0,20.41,50,OK
2026-02-15T11:00:29.765Z,0,20.08,50,OK
2026-02-15T11:00:29.815Z,0,20.29,50,OK
2026-02-15T11:00:29.866Z,0,20.56,50,OK
2026-02-15T11:00:29.917Z,0,20.64,50,OK
2026-02-15T11:00:29.968Z,0,20.67,50,OK
2026-02-15T11:00:30.018Z,0,19.31,50,OK
2026-02-15T11:00:30.068Z,0,20.51,50,OK
2026-02-15T11:00:30.118Z,0,20.39,50,OK
2026-02-15T11:00:30.169Z,0,20.13,50,OK
2026-02-15T11:00:30.219Z,0,20.19,50,OK
2026-02-15T11:00:30.270Z,0,20.15,50,OK
2026-02-15T11:00:30.321Z,0,20.39,50,OK
2026-02-15T11:00:30.371Z,0,20.59,50,OK
2026-02-15T11:00:30.422Z,0,20.49,50,OK
2026-02-15T11:00:30.473Z,0,20.15,50,OK
2026-02-15T11:00:30.524Z,0,20.41,50,OK
2026-02-15T11:00:30.574Z,0,20.25,50,OK
2026-02-15T11:00:30.625Z,0,20.39,50,OK
2026-02-15T11:00:30.675Z,0,20.31,50,OK
2026-02-15T11:00:30.725Z,0,20.52,50,OK
2026-02-15T11:00:30.775Z,0,20.09,50,OK
2026-02-15T11:00:30.826Z,0,20.31,50,OK
2026-02-15T11:00:30.877Z,0,20.28,50,OK
2026-02-15T11:00:30.927Z,0,20.41,50,OK
2026-02-15T11:00:30.977Z,0,20.20,50,OK
2026-02-15T11:00:31.027Z,0,19.93,50,OK
2026-02-15T11:00:31.077Z,0,20.49,50,OK
2026-02-15T11:00:31.128Z,0,20.26,50,OK
2026-02-15T11:00:31.179Z,0,20.75,50,OK
2026-02-15T11:00:31.230Z,0,20.19,50,OK
2026-02-15T11:00:31.281Z,0,20.67,50,OK
2026-02-15T11:00:31.331Z,0,20.29,50,OK
2026-02-15T11:00:31.381Z,0,20.36,50,OK
2026-02-15T11:00:31.432Z,0,19.89,50,OK
2026-02-15T11:00:31.483Z,0,19.97,50,OK
2026-02-15T11:00:31.533Z,0,20.28,50,OK
2026-02-15T11:00:31.583Z,0,19.77,50,OK
2026-02-15T11:00:31.633Z,0,20.37,50,OK
2026-02-15T11:00:31.683Z,0,20.29,50,OK
2026-02-15T11:00:31.733Z,0,19.82,50,OK
2026-02-15T11:00:31.783Z,0,20.28,50,OK
2026-02-15T11:00:31.834Z,0,20.03,50,OK
2026-02-15T11:00:31.884Z,0,20.32,50,OK
2026-02-15T11:00:31.934Z,0,20.23,50,OK
2026-02-15T11:00:31.985Z,0,20.49,50,OK
2026-02-15T11:00:32.036Z,0,20.75,50,OK
2026-02-15T11:00:32.087Z,0,20.13,50,OK
2026-02-15T11:00:32.137Z,0,20.39,50,OK
2026-02-15T11:00:32.188Z,0,20.36,50,OK
2026-02-15T11:00:32.238Z,0,20.32,50,OK
2026-02-15T11:00:32.288Z,0,20.32,50,OK
2026-02-15T11:00:32.339Z,0,20.26,50,OK
2026-02-15T11:00:32.389Z,0,20.59,50,OK
2026-02-15T11:00:32.439Z,0,20.37,50,OK
2026-02-15T11:00:32.489Z,0,20.64,50,OK
2026-02-15T11:00:32.539Z,0,20.32,50,OK
2026-02-15T11:00:32.589Z,0,20.28,50,OK
2026-02-15T11:00:32.640Z,0,20.46,50,OK
2026-02-15T11:00:32.690Z,0,20.41,50,OK
2026-02-15T11:00:32.740Z,0,20.34,50,OK
2026-02-15T11:00:32.790Z,0,20.46,50,OK
2026-02-15T11:00:32.840Z,0,20.49,50,OK
2026-02-15T11:00:32.891Z,0,20.37,50,OK
2026-02-15T11:00:32.941Z,0,20.37,50,OK
2026-02-15T11:00:32.991Z,0,20.16,50,OK
2026-02-15T11:00:33.042Z,0,20.32,50,OK
2026-02-15T11:00:33.092Z,0,19.96,50,OK
2026-02-15T11:00:33.143Z,0,20.04,50,OK
2026-02-15T11:00:33.193Z,0,20.19,50,OK
2026-02-15T11:00:33.244Z,1,20.23,50,OK
2026-02-15T11:00:33.294Z,0,20.37,50,OK
2026-02-15T11:00:33.344Z,0,19.95,50,OK
2026-02-15T11:00:33.395Z,0,20.49,50,OK
2026-02-15T11:00:33.446Z,0,20.80,50,OK
2026-02-15T11:00:33.496Z,0,20.23,50,OK
2026-02-15T11:00:33.547Z,0,20.29,50,OK
2026-02-15T11:00:33.598Z,0,20.16,50,OK
2026-02-15T11:00:33.647Z,0,19.87,50,OK
2026-02-15T11:00:33.698Z,0,20.59,50,OK
2026-02-15T11:00:33.749Z,0,20.75,50,OK
2026-02-15T11:00:33.799Z,0,20.26,50,OK
2026-02-15T11:00:33.849Z,0,20.41,50,OK
2026-02-15T11:00:33.899Z,0,20.28,50,OK
2026-02-15T11:00:33.950Z,0,20.36,50,OK
2026-02-15T11:00:34.001Z,0,20.34,50,OK
2026-02-15T11:00:34.052Z,0,20.32,50,OK
2026-02-15T11:00:34.103Z,1,20.19,50,OK
2026-02-15T11:00:34.153Z,1,20.46,50,OK
2026-02-15T11:00:34.203Z,1,20.41,50,OK
2026-02-15T11:00:34.253Z,1,20.25,50,OK
2026-02-15T11:00:34.303Z,1,20.39,50,OK
2026-02-15T11:00:34.353Z,1,20.23,50,OK
2026-02-15T11:00:34.403Z,1,20.41,50,OK
2026-02-15T11:00:34.454Z,1,20.32,50,OK
2026-02-15T11:00:34.504Z,1,20.36,50,OK
2026-02-15T11:00:34.555Z,1,20.28,50,OK
2026-02-15T11:00:34.606Z,1,20.49,50,OK
2026-02-15T11:00:34.657Z,1,20.28,50,OK
2026-02-15T11:00:34.707Z,1,20.34,50,OK
2026-02-15T11:00:34.758Z,1,20.39,50,OK
2026-02-15T11:00:34.808Z,1,20.39,50,OK
2026-02-15T11:00:34.859Z,1,20.88,50,OK
2026-02-15T11:00:34.909Z,1,20.32,50,OK
2026-02-15T11:00:34.960Z,1,20.36,50,OK
2026-02-15T11:00:35.010Z,1,20.37,50,OK
2026-02-15T11:00:35.060Z,1,20.11,50,OK
2026-02-15T11:00:35.110Z,1,20.46,50,OK
2026-02-15T11:00:35.160Z,1,20.49,50,OK
2026-02-15T11:00:35.211Z,1,20.43,50,OK
2026-02-15T11:00:35.261Z,1,20.36,50,OK
2026-02-15T11:00:35.312Z,1,20.28,50,OK
2026-02-15T11:00:35.363Z,1,20.64,50,OK
2026-02-15T11:00:35.413Z,1,20.39,50,OK
2026-02-15T11:00:35.464Z,2,20.34,50,OK
2026-02-15T11:00:35.514Z,2,20.41,50,OK
2026-02-15T11:00:35.564Z,2,20.39,50,OK
2026-02-15T11:00:35.614Z,2,20.48,50,OK
2026-02-15T11:00:35.664Z,2,19.44,50,OK
2026-02-15T11:00:35.714Z,2,20.23,50,OK
2026-02-15T11:00:35.764Z,2,20.32,50,OK
2026-02-15T11:00:35.815Z,2,20.24,50,OK
2026-02-15T11:00:35.866Z,3,20.08,50,OK
2026-02-15T11:00:35.917Z,2,20.36,50,OK
2026-02-15T11:00:35.967Z,2,19.92,50,OK
2026-02-15T11:00:36.017Z,2,20.46,50,OK
2026-02-15T11:00:36.125Z,2,53.83,50,OK
2026-02-15T11:00:36.176Z,1,20.50,50,OK
2026-02-15T11:00:36.226Z,1,20.50,50,OK
2026-02-15T11:00:36.276Z,2,20.16,50,OK
2026-02-15T11:00:36.326Z,2,20.47,50,OK
2026-02-15T11:00:36.376Z,2,20.41,50,OK
2026-02-15T11:00:36.426Z,2,20.49,50,OK
2026-02-15T11:00:36.476Z,2,20.41,50,OK
2026-02-15T11:00:36.526Z,2,20.50,50,OK
2026-02-15T11:00:36.576Z,2,20.38,50,OK
2026-02-15T11:00:36.626Z,2,20.24,50,OK
2026-02-15T11:00:36.677Z,3,20.62,50,OK
2026-02-15T11:00:36.728Z,3,20.59,50,OK
2026-02-15T11:00:36.779Z,3,20.32,50,OK
2026-02-15T11:00:36.830Z,3,20.59,50,OK
2026-02-15T11:00:36.880Z,3,20.46,50,OK
2026-02-15T11:00:36.930Z,4,20.50,50,OK
2026-02-15T11:00:36.980Z,4,20.49,50,OK
2026-02-15T11:00:37.030Z,4,20.40,50,OK
2026-02-15T11:00:37.080Z,4,20.59,50,OK
2026-02-15T11:00:37.132Z,4,20.15,50,OK
2026-02-15T11:00:37.182Z,4,20.14,50,OK
2026-02-15T11:00:37.233Z,4,20.38,50,OK
2026-02-15T11:00:37.282Z,4,19.75,50,OK
2026-02-15T11:00:37.332Z,4,20.42,50,OK
2026-02-15T11:00:37.383Z,4,20.42,50,OK
2026-02-15T11:00:37.433Z,4,20.49,50,OK
2026-02-15T11:00:37.484Z,3,20.29,50,OK
2026-02-15T11:00:37.533Z,3,20.40,50,OK
2026-02-15T11:00:37.583Z,3,20.42,50,OK
2026-02-15T11:00:37.633Z,3,20.50,50,OK
2026-02-15T11:00:37.683Z,3,20.34,50,OK
2026-02-15T11:00:37.734Z,3,19.93,50,OK
2026-02-15T11:00:37.784Z,3,20.31,50,OK
2026-02-15T11:00:37.835Z,3,20.32,50,OK
2026-02-15T11:00:37.886Z,3,20.21,50,OK
2026-02-15T11:00:37.937Z,3,20.58,50,OK
2026-02-15T11:00:37.987Z,3,20.52,50,OK
2026-02-15T11:00:38.038Z,3,20.78,50,OK
2026-02-15T11:00:38.088Z,4,20.40,50,OK
2026-02-15T11:00:38.139Z,6,20.49,50,OK
2026-02-15T11:00:38.189Z,4,20.14,50,OK
2026-02-15T11:00:38.239Z,4,20.13,50,OK
2026-02-15T11:00:38.289Z,4,20.17,50,OK
2026-02-15T11:00:38.340Z,4,20.32,50,OK
2026-02-15T11:00:38.391Z,4,20.32,50,OK
2026-02-15T11:00:38.441Z,4,20.36,50,OK
2026-02-15T11:00:38.492Z,4,20.75,50,OK
2026-02-15T11:00:38.543Z,4,20.37,50,OK
2026-02-15T11:00:38.594Z,4,20.45,50,OK
2026-02-15T11:00:38.645Z,4,20.50,50,OK
2026-02-15T11:00:38.698Z,4,20.14,50,OK
2026-02-15T11:00:38.748Z,3,19.99,50,OK
2026-02-15T11:00:38.798Z,3,20.52,50,OK
2026-02-15T11:00:38.849Z,3,20.17,50,OK
2026-02-15T11:00:38.900Z,2,20.75,50,OK
2026-02-15T11:00:38.950Z,2,19.87,50,OK
2026-02-15T11:00:39.001Z,2,20.16,50,OK
2026-02-15T11:00:39.051Z,2,19.73,50,OK
2026-02-15T11:00:39.101Z,2,20.37,50,OK
2026-02-15T11:00:39.152Z,3,20.19,50,OK
2026-02-15T11:00:39.202Z,3,20.32,50,OK
2026-02-15T11:00:39.252Z,3,20.03,50,OK
2026-02-15T11:00:39.302Z,3,20.29,50,OK
2026-02-15T11:00:39.353Z,3,20.14,50,OK
2026-02-15T11:00:39.404Z,3,20.39,50,OK
2026-02-15T11:00:39.454Z,3,20.66,50,OK
2026-02-15T11:00:39.504Z,3,20.23,50,OK
2026-02-15T11:00:39.554Z,3,20.52,50,OK
2026-02-15T11:00:39.604Z,3,20.57,50,OK
2026-02-15T11:00:39.654Z,3,20.24,50,OK
2026-02-15T11:00:39.741Z,3,83.66,50,OK
2026-02-15T11:00:39.791Z,3,20.41,50,OK
2026-02-15T11:00:39.842Z,3,20.34,50,OK
2026-02-15T11:00:39.949Z,4,53.68,50,OK
2026-02-15T11:00:39.999Z,4,20.13,50,OK
2026-02-15T11:00:40.049Z,3,20.16,50,OK
2026-02-15T11:00:40.099Z,3,20.60,50,OK
2026-02-15T11:00:40.149Z,3,20.41,50,OK
2026-02-15T11:00:40.199Z,3,20.35,50,OK
2026-02-15T11:00:40.250Z,4,20.28,50,OK
2026-02-15T11:00:40.330Z,3,30.00,50,OK
2026-02-15T11:00:40.381Z,2,20.62,50,OK
2026-02-15T11:00:40.431Z,2,20.32,50,OK
2026-02-15T11:00:40.481Z,2,19.72,50,OK
2026-02-15T11:00:40.532Z,2,20.42,50,OK
2026-02-15T11:00:40.583Z,2,20.15,50,OK
2026-02-15T11:00:40.633Z,2,20.38,50,OK
2026-02-15T11:00:40.683Z,2,20.52,50,OK
2026-02-15T11:00:40.734Z,2,20.32,50,OK
2026-02-15T11:00:40.784Z,2,20.41,50,OK
2026-02-15T11:00:40.834Z,2,20.36,50,OK
2026-02-15T11:00:40.885Z,2,20.66,50,OK
2026-02-15T11:00:40.934Z,2,20.39,50,OK
2026-02-15T11:00:41.028Z,2,89.29,50,OK
2026-02-15T11:00:41.117Z,2,40.00,50,OK
2026-02-15T11:00:41.167Z,1,19.54,50,OK
2026-02-15T11:00:41.218Z,1,20.62,50,OK
2026-02-15T11:00:41.336Z,1,59.11,50,OK
2026-02-15T11:00:41.386Z,1,20.24,50,OK
2026-02-15T11:00:41.436Z,1,20.26,50,OK
2026-02-15T11:00:41.486Z,1,19.98,50,OK
2026-02-15T11:00:41.537Z,1,20.34,50,OK
2026-02-15T11:00:41.587Z,1,20.24,50,OK
2026-02-15T11:00:41.637Z,1,20.32,50,OK
2026-02-15T11:00:41.687Z,1,19.91,50,OK
2026-02-15T11:00:41.737Z,1,20.28,50,OK
2026-02-15T11:00:41.788Z,2,20.19,50,OK
2026-02-15T11:00:41.838Z,2,20.34,50,OK
2026-02-15T11:00:41.888Z,1,19.91,50,OK
2026-02-15T11:00:41.939Z,1,20.37,50,OK
2026-02-15T11:00:41.989Z,1,20.19,50,OK
2026-02-15T11:00:42.039Z,1,20.19,50,OK
2026-02-15T11:00:42.090Z,1,20.23,50,OK
2026-02-15T11:00:42.140Z,1,19.34,50,OK
2026-02-15T11:00:42.190Z,1,20.19,50,OK
2026-02-15T11:00:42.240Z,1,20.23,50,OK
2026-02-15T11:00:42.290Z,1,20.17,50,OK
2026-02-15T11:00:42.340Z,1,20.13,50,OK
2026-02-15T11:00:42.390Z,1,20.11,50,OK
2026-02-15T11:00:42.441Z,1,20.14,50,OK
2026-02-15T11:00:42.491Z,1,20.67,50,OK
2026-02-15T11:00:42.541Z,1,20.54,50,OK
2026-02-15T11:00:42.591Z,1,20.34,50,OK
2026-02-15T11:00:42.641Z,1,19.95,50,OK
2026-02-15T11:00:42.691Z,1,20.14,50,OK
2026-02-15T11:00:42.741Z,1,19.98,50,OK
2026-02-15T11:00:42.834Z,1,81.23,50,OK
2026-02-15T11:00:42.885Z,2,20.31,50,OK
2026-02-15T11:00:42.935Z,2,20.41,50,OK
2026-02-15T11:00:42.986Z,2,20.28,50,OK
2026-02-15T11:00:43.038Z,2,20.80,50,OK
2026-02-15T11:00:43.088Z,2,20.46,50,OK
2026-02-15T11:00:43.204Z,3,20.39,50,OK
2026-02-15T11:00:43.255Z,4,20.59,50,OK
2026-02-15T11:00:43.307Z,4,20.24,50,OK
2026-02-15T11:00:43.358Z,5,20.38,50,OK
2026-02-15T11:00:43.408Z,5,19.82,50,OK
2026-02-15T11:00:43.458Z,5,20.19,50,OK
2026-02-15T11:00:43.508Z,5,21.09,50,OK
2026-02-15T11:00:43.559Z,5,20.44,50,OK
2026-02-15T11:00:43.609Z,5,20.44,50,OK
2026-02-15T11:00:43.659Z,6,20.34,50,OK
2026-02-15T11:00:43.709Z,5,20.36,50,OK
2026-02-15T11:00:43.759Z,4,20.37,50,OK
2026-02-15T11:00:43.810Z,4,20.52,50,OK
2026-02-15T11:00:43.860Z,4,20.28,50,OK
2026-02-15T11:00:43.911Z,4,20.60,50,OK
2026-02-15T11:00:43.962Z,4,20.39,50,OK
2026-02-15T11:00:44.012Z,4,20.28,50,OK
2026-02-15T11:00:44.119Z,4,50.95,50,OK
2026-02-15T11:00:44.169Z,4,20.31,50,OK
2026-02-15T11:00:44.285Z,5,20.32,50,OK
2026-02-15T11:00:44.336Z,4,20.26,50,OK
2026-02-15T11:00:44.429Z,5,83.00,50,OK
2026-02-15T11:00:44.479Z,4,20.49,50,OK
2026-02-15T11:00:44.529Z,4,20.95,50,OK
2026-02-15T11:00:44.579Z,4,20.46,50,OK
2026-02-15T11:00:44.630Z,4,19.42,50,OK
2026-02-15T11:00:44.680Z,4,20.54,50,OK
2026-02-15T11:00:44.731Z,4,20.49,50,OK
2026-02-15T11:00:44.781Z,4,20.40,50,OK
2026-02-15T11:00:44.831Z,4,20.44,50,OK
2026-02-15T11:00:44.881Z,3,20.46,50,OK
2026-02-15T11:00:44.932Z,3,20.36,50,OK
2026-02-15T11:00:44.982Z,3,20.27,50,OK
2026-02-15T11:00:45.032Z,3,20.26,50,OK
2026-02-15T11:00:45.082Z,3,19.55,50,OK
2026-02-15T11:00:45.133Z,2,20.62,50,OK
2026-02-15T11:00:45.184Z,2,20.70,50,OK
2026-02-15T11:00:45.289Z,2,51.97,50,OK
2026-02-15T11:00:45.339Z,2,20.34,50,OK
2026-02-15T11:00:45.390Z,1,20.39,50,OK
2026-02-15T11:00:45.440Z,1,19.91,50,OK
2026-02-15T11:00:45.490Z,2,20.36,50,OK
2026-02-15T11:00:45.576Z,3,85.88,50,OK
2026-02-15T11:00:45.626Z,3,20.36,50,OK
2026-02-15T11:00:45.676Z,3,19.88,50,OK
2026-02-15T11:00:45.727Z,3,19.95,50,OK
2026-02-15T11:00:45.849Z,3,56.59,50,OK
2026-02-15T11:00:45.924Z,3,25.00,50,OK
2026-02-15T11:00:45.999Z,6,25.00,50,OK
2026-02-15T11:00:46.050Z,3,20.18,50,OK
2026-02-15T11:00:46.204Z,3,105.00,50,OK
2026-02-15T11:00:46.281Z,4,27.00,50,OK
2026-02-15T11:00:46.331Z,3,19.54,50,OK
2026-02-15T11:00:46.425Z,3,84.05,50,OK
2026-02-15T11:00:46.475Z,3,19.80,50,OK
2026-02-15T11:00:46.526Z,3,20.18,50,OK
2026-02-15T11:00:46.577Z,3,20.16,50,OK
2026-02-15T11:00:46.627Z,3,20.23,50,OK
2026-02-15T11:00:46.677Z,4,20.20,50,OK
2026-02-15T11:00:46.727Z,3,20.34,50,OK
2026-02-15T11:00:46.778Z,3,20.30,50,OK
2026-02-15T11:00:46.829Z,3,20.31,50,OK
2026-02-15T11:00:46.879Z,3,20.49,50,OK
2026-02-15T11:00:46.930Z,3,20.19,50,OK
2026-02-15T11:00:46.981Z,3,20.23,50,OK
2026-02-15T11:00:47.031Z,4,20.31,50,OK
2026-02-15T11:00:47.081Z,4,19.91,50,OK
2026-02-15T11:00:47.131Z,5,20.47,50,OK
2026-02-15T11:00:47.182Z,4,20.28,50,OK
2026-02-15T11:00:47.232Z,5,20.24,50,OK
2026-02-15T11:00:47.283Z,5,20.28,50,OK
2026-02-15T11:00:47.334Z,5,20.28,50,OK
2026-02-15T11:00:47.384Z,5,20.51,50,OK
2026-02-15T11:00:47.434Z,5,20.37,50,OK
2026-02-15T11:00:47.485Z,4,20.41,50,OK
2026-02-15T11:00:47.536Z,3,21.14,50,OK
2026-02-15T11:00:47.586Z,3,20.14,50,OK
2026-02-15T11:00:47.636Z,3,20.55,50,OK
2026-02-15T11:00:47.686Z,3,20.77,50,OK
2026-02-15T11:00:47.737Z,3,20.26,50,OK
2026-02-15T11:00:47.787Z,3,20.33,50,OK
2026-02-15T11:00:47.837Z,3,20.39,50,OK
2026-02-15T11:00:47.935Z,3,88.83,50,OK
2026-02-15T11:00:47.985Z,4,20.46,50,OK
2026-02-15T11:00:48.035Z,4,19.82,50,OK
2026-02-15T11:00:48.086Z,4,20.77,50,OK
2026-02-15T11:00:48.135Z,4,20.32,50,OK
2026-02-15T11:00:48.186Z,4,20.34,50,OK
2026-02-15T11:00:48.237Z,4,20.36,50,OK
2026-02-15T11:00:48.288Z,5,20.14,50,OK
2026-02-15T11:00:48.375Z,6,76.45,50,OK
2026-02-15T11:00:48.426Z,5,20.39,50,OK
2026-02-15T11:00:48.476Z,6,19.72,50,OK
2026-02-15T11:00:48.527Z,5,20.63,50,OK
2026-02-15T11:00:48.577Z,5,20.19,50,OK
2026-02-15T11:00:48.627Z,6,20.68,50,OK
2026-02-15T11:00:48.677Z,6,20.65,50,OK
2026-02-15T11:00:48.727Z,6,20.30,50,OK
2026-02-15T11:00:48.777Z,6,20.36,50,OK
2026-02-15T11:00:48.827Z,6,20.23,50,OK
2026-02-15T11:00:48.878Z,6,20.26,50,OK
2026-02-15T11:00:48.928Z,6,20.35,50,OK
2026-02-15T11:00:48.978Z,6,20.26,50,OK
2026-02-15T11:00:49.028Z,5,20.26,50,OK
2026-02-15T11:00:49.079Z,5,20.32,50,OK
2026-02-15T11:00:49.129Z,5,20.39,50,OK
2026-02-15T11:00:49.179Z,5,20.19,50,OK
2026-02-15T11:00:49.229Z,4,20.14,50,OK
2026-02-15T11:00:49.279Z,4,20.45,50,OK
2026-02-15T11:00:49.378Z,3,88.57,50,OK
2026-02-15T11:00:49.455Z,4,27.00,50,OK
2026-02-15T11:00:49.546Z,6,40.00,50,OK
2026-02-15T11:00:49.597Z,6,20.37,50,OK
2026-02-15T11:00:49.647Z,6,20.14,50,OK
2026-02-15T11:00:49.698Z,6,20.24,50,OK
2026-02-15T11:00:49.748Z,6,20.41,50,OK
2026-02-15T11:00:49.798Z,6,20.35,50,OK
2026-02-15T11:00:49.848Z,6,20.36,50,OK
2026-02-15T11:00:49.898Z,6,20.52,50,OK
2026-02-15T11:00:49.949Z,5,20.36,50,OK
2026-02-15T11:00:50.000Z,5,20.29,50,OK
2026-02-15T11:00:50.050Z,6,19.67,50,OK
2026-02-15T11:00:50.100Z,6,19.79,50,OK
2026-02-15T11:00:50.150Z,6,20.24,50,OK
2026-02-15T11:00:50.201Z,6,20.24,50,OK
2026-02-15T11:00:50.251Z,5,20.34,50,OK
2026-02-15T11:00:50.301Z,5,20.73,50,OK
2026-02-15T11:00:50.352Z,5,20.21,50,OK
2026-02-15T11:00:50.403Z,6,20.16,50,OK
2026-02-15T11:00:50.453Z,6,20.46,50,OK
2026-02-15T11:00:50.503Z,6,20.15,50,OK
2026-02-15T11:00:50.553Z,8,20.29,50,OK
2026-02-15T11:00:50.604Z,5,20.82,50,OK
2026-02-15T11:00:50.654Z,5,20.29,50,OK
2026-02-15T11:00:50.765Z,5,53.33,50,OK
2026-02-15T11:00:50.816Z,5,20.28,50,OK
2026-02-15T11:00:50.867Z,5,20.27,50,OK
2026-02-15T11:00:50.917Z,5,20.29,50,OK
2026-02-15T11:00:50.967Z,6,20.52,50,OK
2026-02-15T11:00:51.017Z,6,20.90,50,OK
2026-02-15T11:00:51.067Z,7,20.09,50,OK
2026-02-15T11:00:51.118Z,7,20.31,50,OK
2026-02-15T11:00:51.168Z,7,20.34,50,OK
2026-02-15T11:00:51.219Z,7,20.73,50,OK
2026-02-15T11:00:51.270Z,8,20.78,50,OK
2026-02-15T11:00:51.321Z,8,20.40,50,OK
2026-02-15T11:00:51.371Z,8,20.34,50,OK
2026-02-15T11:00:51.421Z,8,20.55,50,OK
2026-02-15T11:00:51.471Z,10,20.54,50,OK
2026-02-15T11:00:51.521Z,7,20.39,50,OK
2026-02-15T11:00:51.636Z,7,21.18,50,OK
2026-02-15T11:00:51.686Z,6,20.21,50,OK
2026-02-15T11:00:51.736Z,6,20.21,50,OK
2026-02-15T11:00:51.786Z,6,20.07,50,OK
2026-02-15T11:00:51.836Z,6,20.21,50,OK
2026-02-15T11:00:51.886Z,6,20.41,50,OK
2026-02-15T11:00:51.937Z,6,20.26,50,OK
2026-02-15T11:00:51.988Z,6,20.59,50,OK
2026-02-15T11:00:52.038Z,5,20.64,50,OK
2026-02-15T11:00:52.089Z,6,20.40,50,OK
2026-02-15T11:00:52.139Z,6,20.42,50,OK
2026-02-15T11:00:52.189Z,7,20.22,50,OK
2026-02-15T11:00:52.239Z,7,20.29,50,OK
2026-02-15T11:00:52.332Z,7,86.93,50,OK
2026-02-15T11:00:52.384Z,7,20.28,50,OK
2026-02-15T11:00:52.434Z,6,20.36,50,OK
2026-02-15T11:00:52.549Z,6,20.31,50,OK
2026-02-15T11:00:52.600Z,6,20.23,50,OK
2026-02-15T11:00:52.649Z,6,20.37,50,OK
2026-02-15T11:00:52.699Z,6,19.99,50,OK
2026-02-15T11:00:52.749Z,6,20.47,50,OK
2026-02-15T11:00:52.800Z,7,20.77,50,OK
2026-02-15T11:00:52.851Z,8,20.18,50,OK
2026-02-15T11:00:52.899Z,7,20.26,50,OK
2026-02-15T11:00:52.949Z,6,20.39,50,OK
2026-02-15T11:00:52.999Z,6,20.63,50,OK
2026-02-15T11:00:53.049Z,5,20.50,50,OK
2026-02-15T11:00:53.099Z,5,20.28,50,OK
2026-02-15T11:00:53.149Z,5,20.39,50,OK
2026-02-15T11:00:53.199Z,5,20.35,50,OK
2026-02-15T11:00:53.249Z,4,20.39,50,OK
2026-02-15T11:00:53.300Z,4,20.36,50,OK
2026-02-15T11:00:53.409Z,5,90.21,50,OK
2026-02-15T11:00:53.458Z,4,20.01,50,OK
2026-02-15T11:00:53.509Z,4,20.42,50,OK
2026-02-15T11:00:53.559Z,5,20.92,50,OK
2026-02-15T11:00:53.610Z,5,20.34,50,OK
2026-02-15T11:00:53.660Z,5,20.24,50,OK
2026-02-15T11:00:53.711Z,6,20.14,50,OK
2026-02-15T11:00:53.762Z,6,20.34,50,OK
2026-02-15T11:00:53.811Z,6,20.24,50,OK
2026-02-15T11:00:53.861Z,6,20.12,50,OK
2026-02-15T11:00:53.911Z,6,20.18,50,OK
2026-02-15T11:00:53.962Z,7,20.38,50,OK
2026-02-15T11:00:54.012Z,7,20.23,50,OK
2026-02-15T11:00:54.061Z,7,19.68,50,OK
2026-02-15T11:00:54.112Z,7,20.31,50,OK
2026-02-15T11:00:54.162Z,6,20.27,50,OK
2026-02-15T11:00:54.212Z,6,20.29,50,OK
2026-02-15T11:00:54.261Z,6,20.65,50,OK
2026-02-15T11:00:54.312Z,6,20.38,50,OK
2026-02-15T11:00:54.363Z,6,20.39,50,OK
2026-02-15T11:00:54.484Z,6,20.47,50,OK
2026-02-15T11:00:54.558Z,9,74.02,50,OK
2026-02-15T11:00:54.641Z,7,33.00,50,OK
2026-02-15T11:00:54.723Z,6,32.00,50,OK
2026-02-15T11:00:54.801Z,10,28.00,50,OK
2026-02-15T11:00:54.851Z,6,20.19,50,OK
2026-02-15T11:00:54.902Z,6,20.18,50,OK
2026-02-15T11:00:54.953Z,6,20.55,50,OK
2026-02-15T11:00:55.002Z,6,20.11,50,OK
2026-02-15T11:00:55.123Z,8,20.86,50,OK
2026-02-15T11:00:55.174Z,7,20.32,50,OK
2026-02-15T11:00:55.225Z,7,20.37,50,OK
2026-02-15T11:00:55.314Z,7,88.83,50,OK
2026-02-15T11:00:55.365Z,7,20.34,50,OK
2026-02-15T11:00:55.415Z,7,20.28,50,OK
2026-02-15T11:00:55.466Z,7,20.28,50,OK
2026-02-15T11:00:55.564Z,7,87.72,50,OK
2026-02-15T11:00:55.719Z,10,105.00,50,OK
2026-02-15T11:00:55.879Z,12,110.00,50,OK
2026-02-15T11:00:55.930Z,6,19.55,50,OK
2026-02-15T11:00:55.980Z,5,19.99,50,OK
2026-02-15T11:00:56.030Z,5,20.46,50,OK
2026-02-15T11:00:56.080Z,6,20.50,50,OK
2026-02-15T11:00:56.133Z,9,20.66,50,OK
2026-02-15T11:00:56.183Z,6,20.45,50,OK
2026-02-15T11:00:56.233Z,6,20.31,50,OK
2026-02-15T11:00:56.284Z,6,20.14,50,OK
2026-02-15T11:00:56.334Z,7,19.60,50,OK
2026-02-15T11:00:56.384Z,7,20.41,50,OK
2026-02-15T11:00:56.435Z,7,20.56,50,OK
2026-02-15T11:00:56.486Z,7,20.85,50,OK
2026-02-15T11:00:56.536Z,7,20.71,50,OK
2026-02-15T11:00:56.586Z,7,22.13,50,OK
2026-02-15T11:00:56.636Z,7,20.37,50,OK
2026-02-15T11:00:56.687Z,7,20.34,50,OK
2026-02-15T11:00:56.737Z,6,20.01,50,OK
2026-02-15T11:00:56.787Z,6,20.39,50,OK
2026-02-15T11:00:56.838Z,6,20.32,50,OK
2026-02-15T11:00:56.890Z,9,20.34,50,OK
2026-02-15T11:00:56.974Z,7,81.17,50,OK
2026-02-15T11:00:57.056Z,14,32.00,50,OK
2026-02-15T11:00:57.106Z,6,20.10,50,OK
2026-02-15T11:00:57.156Z,6,20.13,50,OK
2026-02-15T11:00:57.206Z,6,20.14,50,OK
2026-02-15T11:00:57.256Z,6,20.47,50,OK
2026-02-15T11:00:57.307Z,6,20.31,50,OK
2026-02-15T11:00:57.357Z,6,20.18,50,OK
2026-02-15T11:00:57.408Z,6,20.43,50,OK
2026-02-15T11:00:57.459Z,6,20.37,50,OK
2026-02-15T11:00:57.510Z,6,20.42,50,OK
2026-02-15T11:00:57.561Z,6,20.23,50,OK
2026-02-15T11:00:57.654Z,6,91.59,50,OK
2026-02-15T11:00:57.730Z,6,26.00,50,OK
2026-02-15T11:00:57.781Z,4,20.46,50,OK
2026-02-15T11:00:57.885Z,5,92.90,50,OK
2026-02-15T11:00:57.959Z,5,24.00,50,OK
2026-02-15T11:00:58.048Z,11,39.00,50,OK
2026-02-15T11:00:58.139Z,5,41.00,50,OK
2026-02-15T11:00:58.222Z,8,33.00,50,OK
2026-02-15T11:00:58.306Z,8,83.92,50,OK
2026-02-15T11:00:58.355Z,3,20.34,50,OK
2026-02-15T11:00:58.406Z,3,20.44,50,OK
2026-02-15T11:00:58.456Z,3,20.07,50,OK
2026-02-15T11:00:58.506Z,3,20.42,50,OK
2026-02-15T11:00:58.556Z,3,20.09,50,OK
2026-02-15T11:00:58.606Z,3,20.34,50,OK
2026-02-15T11:00:58.659Z,4,20.09,50,OK
2026-02-15T11:00:58.710Z,3,20.39,50,OK
2026-02-15T11:00:58.760Z,3,20.47,50,OK
2026-02-15T11:00:58.810Z,3,20.47,50,OK
2026-02-15T11:00:58.860Z,3,20.58,50,OK
2026-02-15T11:00:58.910Z,3,20.16,50,OK
2026-02-15T11:00:58.961Z,3,20.57,50,OK
2026-02-15T11:00:59.081Z,4,70.00,50,OK
2026-02-15T11:00:59.257Z,14,126.00,50,OK
2026-02-15T11:00:59.344Z,12,37.00,50,OK
2026-02-15T11:00:59.394Z,4,20.13,50,OK
2026-02-15T11:00:59.445Z,4,20.34,50,OK
2026-02-15T11:00:59.495Z,5,20.46,50,OK
2026-02-15T11:00:59.547Z,5,20.44,50,OK
2026-02-15T11:00:59.597Z,5,20.23,50,OK
2026-02-15T11:00:59.647Z,5,20.36,50,OK
2026-02-15T11:00:59.697Z,5,20.25,50,OK
2026-02-15T11:00:59.818Z,9,20.42,50,OK
2026-02-15T11:00:59.869Z,5,20.37,50,OK
2026-02-15T11:00:59.919Z,5,20.39,50,OK
2026-02-15T11:00:59.969Z,5,20.37,50,OK
2026-02-15T11:01:00.019Z,5,20.64,50,OK
2026-02-15T11:01:00.070Z,4,20.73,50,OK
2026-02-15T11:01:00.120Z,4,19.77,50,OK
2026-02-15T11:01:00.170Z,3,20.60,50,OK
2026-02-15T11:01:00.220Z,3,20.50,50,OK
2026-02-15T11:01:00.342Z,6,20.89,50,OK
2026-02-15T11:01:00.424Z,6,82.08,50,OK
2026-02-15T11:01:00.663Z,15,189.00,50,OK
2026-02-15T11:01:00.712Z,5,20.15,50,OK
2026-02-15T11:01:00.763Z,5,20.39,50,OK
2026-02-15T11:01:00.813Z,5,20.35,50,OK
2026-02-15T11:01:00.863Z,7,19.32,50,OK
2026-02-15T11:01:00.913Z,7,20.32,50,OK
2026-02-15T11:01:00.963Z,7,20.36,50,OK
2026-02-15T11:01:01.013Z,7,20.20,50,OK
2026-02-15T11:01:01.062Z,7,20.57,50,OK
2026-02-15T11:01:01.113Z,8,19.87,50,OK
2026-02-15T11:01:01.163Z,8,20.90,50,OK
2026-02-15T11:01:01.214Z,8,20.56,50,OK
2026-02-15T11:01:01.264Z,8,20.29,50,OK
2026-02-15T11:01:01.314Z,8,20.68,50,OK
2026-02-15T11:01:01.422Z,11,58.00,50,OK
2026-02-15T11:01:01.517Z,7,93.88,50,OK
2026-02-15T11:01:01.568Z,7,20.09,50,OK
2026-02-15T11:01:01.618Z,7,19.87,50,OK
2026-02-15T11:01:01.668Z,9,20.34,50,OK
2026-02-15T11:01:01.755Z,9,77.50,50,OK
2026-02-15T11:01:01.907Z,8,102.00,50,OK
2026-02-15T11:01:01.958Z,8,20.37,50,OK
2026-02-15T11:01:02.009Z,8,20.21,50,OK
2026-02-15T11:01:02.059Z,8,20.41,50,OK
2026-02-15T11:01:02.110Z,8,20.03,50,OK
2026-02-15T11:01:02.160Z,8,19.87,50,OK
2026-02-15T11:01:02.209Z,8,20.13,50,OK
2026-02-15T11:01:02.260Z,7,20.03,50,OK
2026-02-15T11:01:02.344Z,7,34.00,50,OK
2026-02-15T11:01:02.501Z,10,107.00,50,OK
2026-02-15T11:01:02.552Z,7,20.46,50,OK
2026-02-15T11:01:02.602Z,7,20.42,50,OK
2026-02-15T11:01:02.653Z,7,20.51,50,OK
2026-02-15T11:01:02.703Z,8,19.36,50,OK
2026-02-15T11:01:02.753Z,8,20.39,50,OK
2026-02-15T11:01:02.832Z,12,29.00,50,OK
2026-02-15T11:01:02.883Z,8,20.36,50,OK
2026-02-15T11:01:02.997Z,10,19.83,50,OK
2026-02-15T11:01:03.048Z,8,20.29,50,OK
2026-02-15T11:01:03.099Z,7,20.29,50,OK
2026-02-15T11:01:03.149Z,7,20.24,50,OK
2026-02-15T11:01:03.200Z,7,20.28,50,OK
2026-02-15T11:01:03.249Z,7,20.39,50,OK
2026-02-15T11:01:03.300Z,6,20.52,50,OK
2026-02-15T11:01:03.351Z,6,20.82,50,OK
2026-02-15T11:01:03.400Z,6,20.42,50,OK
2026-02-15T11:01:03.451Z,6,19.86,50,OK
2026-02-15T11:01:03.501Z,6,20.36,50,OK
2026-02-15T11:01:03.599Z,11,48.00,50,OK
2026-02-15T11:01:03.681Z,10,32.00,50,OK
2026-02-15T11:01:03.761Z,9,79.40,50,OK
2026-02-15T11:01:03.811Z,5,20.82,50,OK
2026-02-15T11:01:03.862Z,7,20.77,50,OK
2026-02-15T11:01:03.912Z,7,19.97,50,OK
2026-02-15T11:01:03.962Z,7,20.31,50,OK
2026-02-15T11:01:04.013Z,8,20.35,50,OK
2026-02-15T11:01:04.063Z,8,20.29,50,OK
2026-02-15T11:01:04.113Z,9,20.21,50,OK
2026-02-15T11:01:04.163Z,10,20.32,50,OK
2026-02-15T11:01:04.214Z,9,19.97,50,OK
2026-02-15T11:01:04.264Z,9,20.16,50,OK
2026-02-15T11:01:04.314Z,9,20.23,50,OK
2026-02-15T11:01:04.365Z,9,20.46,50,OK
2026-02-15T11:01:04.416Z,9,19.99,50,OK
2026-02-15T11:01:04.466Z,9,20.90,50,OK
2026-02-15T11:01:04.593Z,11,20.46,50,OK
2026-02-15T11:01:04.682Z,8,88.70,50,OK
2026-02-15T11:01:04.864Z,10,132.00,50,OK
2026-02-15T11:01:04.914Z,7,23.72,50,OK
2026-02-15T11:01:04.964Z,8,20.24,50,OK
2026-02-15T11:01:05.014Z,8,20.47,50,OK
2026-02-15T11:01:05.063Z,8,20.36,50,OK
2026-02-15T11:01:05.183Z,8,20.23,50,OK
2026-02-15T11:01:05.234Z,8,20.18,50,OK
2026-02-15T11:01:05.284Z,9,20.14,50,OK
2026-02-15T11:01:05.335Z,9,20.30,50,OK
2026-02-15T11:01:05.386Z,9,20.60,50,OK
2026-02-15T11:01:05.435Z,9,20.48,50,OK
2026-02-15T11:01:05.486Z,9,20.36,50,OK
2026-02-15T11:01:05.537Z,9,20.68,50,OK
2026-02-15T11:01:05.587Z,9,20.28,50,OK
2026-02-15T11:01:05.637Z,9,20.00,50,OK
2026-02-15T11:01:05.689Z,9,20.39,50,OK
2026-02-15T11:01:05.739Z,8,19.85,50,OK
2026-02-15T11:01:05.789Z,8,20.32,50,OK
2026-02-15T11:01:05.840Z,7,20.28,50,OK
2026-02-15T11:01:05.890Z,7,25.12,50,OK
2026-02-15T11:01:05.973Z,7,75.14,50,OK
2026-02-15T11:01:06.088Z,8,19.95,50,OK
2026-02-15T11:01:06.138Z,5,20.45,50,OK
2026-02-15T11:01:06.188Z,5,20.26,50,OK
2026-02-15T11:01:06.239Z,5,20.32,50,OK
2026-02-15T11:01:06.342Z,5,92.83,50,OK
2026-02-15T11:01:06.393Z,5,20.46,50,OK
2026-02-15T11:01:06.444Z,5,20.37,50,OK
2026-02-15T11:01:06.494Z,5,20.26,50,OK
2026-02-15T11:01:06.545Z,5,20.05,50,OK
2026-02-15T11:01:06.595Z,5,20.26,50,OK
2026-02-15T11:01:06.644Z,5,20.46,50,OK
2026-02-15T11:01:06.695Z,6,20.46,50,OK
2026-02-15T11:01:06.745Z,5,20.28,50,OK
2026-02-15T11:01:06.795Z,7,20.19,50,OK
2026-02-15T11:01:06.845Z,8,20.32,50,OK
2026-02-15T11:01:07.034Z,9,93.34,50,OK
2026-02-15T11:01:07.118Z,17,34.00,50,OK
2026-02-15T11:01:07.206Z,12,38.00,50,OK
2026-02-15T11:01:07.256Z,8,19.83,50,OK
2026-02-15T11:01:07.307Z,7,19.85,50,OK
2026-02-15T11:01:07.356Z,7,20.24,50,OK
2026-02-15T11:01:07.407Z,7,20.52,50,OK
2026-02-15T11:01:07.457Z,7,20.32,50,OK
2026-02-15T11:01:07.508Z,7,20.29,50,OK
2026-02-15T11:01:07.558Z,7,20.52,50,OK
2026-02-15T11:01:07.608Z,7,20.44,50,OK
2026-02-15T11:01:07.659Z,9,20.00,50,OK
2026-02-15T11:01:07.710Z,9,20.42,50,OK
2026-02-15T11:01:07.760Z,9,20.28,50,OK
2026-02-15T11:01:07.810Z,9,20.46,50,OK
2026-02-15T11:01:07.860Z,9,20.26,50,OK
2026-02-15T11:01:07.910Z,8,20.70,50,OK
2026-02-15T11:01:07.960Z,8,20.32,50,OK
2026-02-15T11:01:08.010Z,8,20.42,50,OK
2026-02-15T11:01:08.060Z,9,20.60,50,OK
2026-02-15T11:01:08.109Z,9,19.89,50,OK
2026-02-15T11:01:08.197Z,11,76.91,50,OK
2026-02-15T11:01:08.273Z,12,26.00,50,OK
2026-02-15T11:01:08.360Z,23,86.67,50,OK
2026-02-15T11:01:08.409Z,10,20.13,50,OK
2026-02-15T11:01:08.460Z,10,20.14,50,OK
2026-02-15T11:01:08.509Z,10,20.16,50,OK
2026-02-15T11:01:08.560Z,10,20.36,50,OK
2026-02-15T11:01:08.611Z,10,20.60,50,OK
2026-02-15T11:01:08.661Z,10,19.36,50,OK
2026-02-15T11:01:08.711Z,13,20.12,50,OK
2026-02-15T11:01:08.761Z,10,20.34,50,OK
2026-02-15T11:01:08.811Z,8,19.90,50,OK
2026-02-15T11:01:08.861Z,8,20.39,50,OK
2026-02-15T11:01:08.910Z,7,20.35,50,OK
2026-02-15T11:01:08.960Z,7,20.18,50,OK
2026-02-15T11:01:09.010Z,7,20.50,50,OK
2026-02-15T11:01:09.061Z,6,19.96,50,OK
2026-02-15T11:01:09.111Z,6,20.25,50,OK
2026-02-15T11:01:09.162Z,4,20.26,50,OK
2026-02-15T11:01:09.212Z,5,19.88,50,OK
2026-02-15T11:01:09.261Z,5,20.03,50,OK
2026-02-15T11:01:09.350Z,5,39.00,50,OK
2026-02-15T11:01:09.446Z,10,95.65,50,OK
2026-02-15T11:01:09.606Z,14,110.00,50,OK
2026-02-15T11:01:09.657Z,6,20.14,50,OK
2026-02-15T11:01:09.707Z,6,20.47,50,OK
2026-02-15T11:01:09.757Z,6,20.75,50,OK
2026-02-15T11:01:09.807Z,6,20.50,50,OK
2026-02-15T11:01:09.858Z,6,20.32,50,OK
2026-02-15T11:01:09.941Z,7,33.00,50,OK
2026-02-15T11:01:10.021Z,12,30.00,50,OK
2026-02-15T11:01:10.114Z,6,73.37,50,OK
2026-02-15T11:01:10.197Z,5,33.00,50,OK
2026-02-15T11:01:10.352Z,5,105.00,50,OK
2026-02-15T11:01:10.440Z,6,38.00,50,OK
2026-02-15T11:01:10.490Z,7,20.18,50,OK
2026-02-15T11:01:10.540Z,7,20.21,50,OK
2026-02-15T11:01:10.590Z,7,20.23,50,OK
2026-02-15T11:01:10.640Z,8,20.36,50,OK
2026-02-15T11:01:10.691Z,8,19.95,50,OK
2026-02-15T11:01:10.874Z,9,20.21,50,OK
2026-02-15T11:01:10.952Z,10,77.37,50,OK
2026-02-15T11:01:11.001Z,8,20.67,50,OK
2026-02-15T11:01:11.105Z,11,91.85,50,OK
2026-02-15T11:01:11.155Z,9,20.13,50,OK
2026-02-15T11:01:11.205Z,10,20.30,50,OK
2026-02-15T11:01:11.256Z,8,20.28,50,OK
2026-02-15T11:01:11.306Z,8,20.41,50,OK
2026-02-15T11:01:11.357Z,9,20.13,50,OK
2026-02-15T11:01:11.407Z,6,20.82,50,OK
2026-02-15T11:01:11.526Z,7,20.22,50,OK
2026-02-15T11:01:11.608Z,7,82.15,50,OK
2026-02-15T11:01:11.686Z,8,28.00,50,OK
2026-02-15T11:01:11.773Z,17,86.80,50,OK
2026-02-15T11:01:11.823Z,7,20.13,50,OK
2026-02-15T11:01:11.873Z,7,20.42,50,OK
2026-02-15T11:01:11.950Z,8,27.00,50,OK
2026-02-15T11:01:12.000Z,6,20.31,50,OK
2026-02-15T11:01:12.050Z,6,19.69,50,OK
2026-02-15T11:01:12.101Z,6,20.59,50,OK
2026-02-15T11:01:12.196Z,7,83.46,50,OK
2026-02-15T11:01:12.247Z,7,20.19,50,OK
2026-02-15T11:01:12.297Z,7,20.15,50,OK
2026-02-15T11:01:12.348Z,7,20.52,50,OK
2026-02-15T11:01:12.398Z,6,20.34,50,OK
2026-02-15T11:01:12.449Z,6,20.31,50,OK
2026-02-15T11:01:12.500Z,5,20.39,50,OK
2026-02-15T11:01:12.550Z,5,20.21,50,OK
2026-02-15T11:01:12.600Z,5,20.11,50,OK
2026-02-15T11:01:12.650Z,4,20.50,50,OK
2026-02-15T11:01:12.700Z,4,20.34,50,OK
2026-02-15T11:01:12.751Z,4,20.30,50,OK
2026-02-15T11:01:12.852Z,7,87.92,50,OK
2026-02-15T11:01:13.009Z,11,107.00,50,OK
2026-02-15T11:01:13.185Z,12,126.00,50,OK
2026-02-15T11:01:13.236Z,4,21.53,50,OK
2026-02-15T11:01:13.286Z,4,20.42,50,OK
2026-02-15T11:01:13.337Z,4,20.27,50,OK
2026-02-15T11:01:13.388Z,6,21.01,50,OK
2026-02-15T11:01:13.438Z,6,20.36,50,OK
2026-02-15T11:01:13.488Z,5,19.47,50,OK
2026-02-15T11:01:13.538Z,6,20.39,50,OK
2026-02-15T11:01:13.587Z,5,20.41,50,OK
2026-02-15T11:01:13.638Z,5,20.36,50,OK
2026-02-15T11:01:13.688Z,5,20.39,50,OK
2026-02-15T11:01:13.739Z,6,20.48,50,OK
2026-02-15T11:01:13.790Z,5,20.14,50,OK
2026-02-15T11:01:13.839Z,5,20.47,50,OK
2026-02-15T11:01:13.890Z,6,20.50,50,OK
2026-02-15T11:01:13.940Z,6,20.36,50,OK
2026-02-15T11:01:13.991Z,6,20.28,50,OK
2026-02-15T11:01:14.085Z,6,86.28,50,OK
2026-02-15T11:01:14.135Z,5,20.91,50,OK
2026-02-15T11:01:14.187Z,6,20.42,50,OK
2026-02-15T11:01:14.279Z,5,91.46,50,OK
2026-02-15T11:01:14.439Z,17,111.00,50,OK
2026-02-15T11:01:14.489Z,8,19.73,50,OK
2026-02-15T11:01:14.539Z,8,20.31,50,OK
2026-02-15T11:01:14.589Z,8,20.36,50,OK
2026-02-15T11:01:14.640Z,8,20.38,50,OK
2026-02-15T11:01:14.691Z,8,20.14,50,OK
2026-02-15T11:01:14.741Z,8,20.11,50,OK
2026-02-15T11:01:14.791Z,8,21.05,50,OK
2026-02-15T11:01:14.841Z,8,20.34,50,OK
2026-02-15T11:01:14.891Z,7,20.45,50,OK
2026-02-15T11:01:15.008Z,7,20.21,50,OK
2026-02-15T11:01:15.059Z,7,20.51,50,OK
2026-02-15T11:01:15.109Z,7,20.00,50,OK
2026-02-15T11:01:15.160Z,7,20.23,50,OK
2026-02-15T11:01:15.274Z,8,20.32,50,OK
2026-02-15T11:01:15.354Z,11,80.51,50,OK
2026-02-15T11:01:15.405Z,8,20.18,50,OK
2026-02-15T11:01:15.456Z,11,20.26,50,OK
2026-02-15T11:01:15.507Z,9,20.13,50,OK
2026-02-15T11:01:15.556Z,9,20.21,50,OK
2026-02-15T11:01:15.607Z,9,20.70,50,OK
2026-02-15T11:01:15.657Z,9,20.52,50,OK
2026-02-15T11:01:15.708Z,9,20.07,50,OK
2026-02-15T11:01:15.758Z,8,20.39,50,OK
2026-02-15T11:01:15.867Z,8,52.90,50,OK
2026-02-15T11:01:15.917Z,7,20.34,50,OK
2026-02-15T11:01:15.967Z,7,20.34,50,OK
2026-02-15T11:01:16.018Z,7,20.47,50,OK
2026-02-15T11:01:16.068Z,7,20.23,50,OK
2026-02-15T11:01:16.171Z,7,51.60,50,OK
2026-02-15T11:01:16.254Z,12,33.00,50,OK
2026-02-15T11:01:16.305Z,8,20.69,50,OK
2026-02-15T11:01:16.357Z,9,20.13,50,OK
2026-02-15T11:01:16.456Z,8,49.56,50,OK
2026-02-15T11:01:16.544Z,16,38.00,50,OK
2026-02-15T11:01:16.631Z,12,37.00,50,OK
2026-02-15T11:01:16.682Z,8,20.28,50,OK
2026-02-15T11:01:16.733Z,8,20.33,50,OK
2026-02-15T11:01:16.784Z,8,20.18,50,OK
2026-02-15T11:01:16.834Z,8,20.33,50,OK
2026-02-15T11:01:16.884Z,8,20.49,50,OK
2026-02-15T11:01:16.934Z,8,20.24,50,OK
2026-02-15T11:01:16.984Z,8,20.55,50,OK
2026-02-15T11:01:17.034Z,8,19.49,50,OK
2026-02-15T11:01:17.084Z,8,20.33,50,OK
2026-02-15T11:01:17.134Z,8,20.16,50,OK
2026-02-15T11:01:17.184Z,8,20.23,50,OK
2026-02-15T11:01:17.234Z,8,20.32,50,OK
2026-02-15T11:01:17.284Z,7,19.84,50,OK
2026-02-15T11:01:17.334Z,7,20.13,50,OK
2026-02-15T11:01:17.443Z,5,52.46,50,OK
2026-02-15T11:01:17.547Z,5,54.00,50,OK
2026-02-15T11:01:17.598Z,5,20.31,50,OK
2026-02-15T11:01:17.717Z,8,19.80,50,OK
2026-02-15T11:01:17.768Z,8,20.32,50,OK
2026-02-15T11:01:17.818Z,8,20.98,50,OK
2026-02-15T11:01:17.868Z,8,20.28,50,OK
2026-02-15T11:01:17.918Z,8,20.16,50,OK
2026-02-15T11:01:17.968Z,8,20.37,50,OK
2026-02-15T11:01:18.018Z,8,20.70,50,OK
2026-02-15T11:01:18.068Z,8,20.31,50,OK
2026-02-15T11:01:18.119Z,8,20.43,50,OK
2026-02-15T11:01:18.170Z,8,20.32,50,OK
2026-02-15T11:01:18.220Z,7,20.47,50,OK
2026-02-15T11:01:18.272Z,9,20.26,50,OK
2026-02-15T11:01:18.357Z,7,84.12,50,OK
2026-02-15T11:01:18.407Z,7,20.24,50,OK
2026-02-15T11:01:18.457Z,7,20.32,50,OK
2026-02-15T11:01:18.507Z,5,20.19,50,OK
2026-02-15T11:01:18.632Z,6,20.37,50,OK
2026-02-15T11:01:18.717Z,8,83.13,50,OK
2026-02-15T11:01:18.767Z,7,20.14,50,OK
2026-02-15T11:01:18.883Z,7,20.19,50,OK
2026-02-15T11:01:18.981Z,9,97.75,50,OK
2026-02-15T11:01:19.032Z,9,20.14,50,OK
2026-02-15T11:01:19.082Z,8,20.18,50,OK
2026-02-15T11:01:19.133Z,8,20.01,50,OK
2026-02-15T11:01:19.183Z,8,20.26,50,OK
2026-02-15T11:01:19.234Z,8,20.49,50,OK
2026-02-15T11:01:19.368Z,9,20.28,50,OK
2026-02-15T11:01:19.564Z,14,196.15,50,OK
2026-02-15T11:01:19.614Z,10,20.32,50,OK
2026-02-15T11:01:19.725Z,9,100.17,50,OK
2026-02-15T11:01:19.823Z,12,48.00,50,OK
2026-02-15T11:01:20.025Z,15,152.00,50,OK
2026-02-15T11:01:20.075Z,9,20.07,50,OK
2026-02-15T11:01:20.125Z,9,20.36,50,OK
2026-02-15T11:01:20.176Z,9,20.42,50,OK
2026-02-15T11:01:20.226Z,9,20.80,50,OK
2026-02-15T11:01:20.275Z,9,20.43,50,OK
2026-02-15T11:01:20.326Z,9,20.32,50,OK
2026-02-15T11:01:20.376Z,9,20.03,50,OK
2026-02-15T11:01:20.426Z,9,20.11,50,OK
2026-02-15T11:01:20.477Z,9,20.28,50,OK
2026-02-15T11:01:20.526Z,9,20.80,50,OK
2026-02-15T11:01:20.580Z,13,21.03,50,OK
2026-02-15T11:01:20.657Z,12,27.00,50,OK
2026-02-15T11:01:20.707Z,9,20.37,50,OK
2026-02-15T11:01:20.757Z,8,20.57,50,OK
2026-02-15T11:01:20.808Z,8,20.16,50,OK
2026-02-15T11:01:20.859Z,8,19.91,50,OK
2026-02-15T11:01:20.909Z,7,19.92,50,OK
2026-02-15T11:01:20.959Z,7,19.55,50,OK
2026-02-15T11:01:21.009Z,7,20.06,50,OK
2026-02-15T11:01:21.200Z,9,181.21,50,OK
2026-02-15T11:01:21.250Z,7,20.23,50,OK
2026-02-15T11:01:21.301Z,7,19.98,50,OK
2026-02-15T11:01:21.352Z,7,20.59,50,OK
2026-02-15T11:01:21.404Z,6,19.87,50,OK
2026-02-15T11:01:21.454Z,6,20.42,50,OK
2026-02-15T11:01:21.504Z,6,21.05,50,OK
2026-02-15T11:01:21.555Z,6,20.64,50,OK
2026-02-15T11:01:21.655Z,5,88.24,50,OK
2026-02-15T11:01:21.820Z,9,115.00,50,OK
2026-02-15T11:01:21.871Z,7,20.23,50,OK
2026-02-15T11:01:21.921Z,7,20.98,50,OK
2026-02-15T11:01:21.971Z,7,20.28,50,OK
2026-02-15T11:01:22.022Z,7,20.65,50,OK
2026-02-15T11:01:22.072Z,7,20.23,50,OK
2026-02-15T11:01:22.123Z,7,20.60,50,OK
2026-02-15T11:01:22.174Z,7,20.25,50,OK
2026-02-15T11:01:22.223Z,8,20.16,50,OK
2026-02-15T11:01:22.274Z,8,20.37,50,OK
2026-02-15T11:01:22.325Z,8,20.60,50,OK
2026-02-15T11:01:22.377Z,9,20.37,50,OK
2026-02-15T11:01:22.427Z,8,20.37,50,OK
2026-02-15T11:01:22.478Z,8,20.38,50,OK
2026-02-15T11:01:22.529Z,9,20.24,50,OK
2026-02-15T11:01:22.580Z,9,20.20,50,OK
2026-02-15T11:01:22.630Z,8,20.34,50,OK
2026-02-15T11:01:22.680Z,7,20.25,50,OK
2026-02-15T11:01:22.730Z,7,19.32,50,OK
2026-02-15T11:01:22.781Z,7,20.46,50,OK
2026-02-15T11:01:22.895Z,7,20.34,50,OK
2026-02-15T11:01:22.978Z,17,83.00,50,OK
2026-02-15T11:01:23.028Z,8,19.18,50,OK
2026-02-15T11:01:23.112Z,8,34.00,50,OK
2026-02-15T11:01:23.162Z,8,20.23,50,OK
2026-02-15T11:01:23.212Z,8,20.34,50,OK
2026-02-15T11:01:23.262Z,8,20.34,50,OK
2026-02-15T11:01:23.367Z,8,91.52,50,OK
2026-02-15T11:01:23.418Z,8,20.29,50,OK
2026-02-15T11:01:23.468Z,8,20.65,50,OK
2026-02-15T11:01:23.519Z,8,20.19,50,OK
2026-02-15T11:01:23.570Z,8,20.70,50,OK
2026-02-15T11:01:23.659Z,8,88.77,50,OK
2026-02-15T11:01:23.746Z,10,37.00,50,OK
2026-02-15T11:01:23.796Z,9,20.70,50,OK
2026-02-15T11:01:23.846Z,6,20.24,50,OK
2026-02-15T11:01:23.897Z,6,20.08,50,OK
2026-02-15T11:01:23.974Z,6,27.00,50,OK
2026-02-15T11:01:24.135Z,6,111.00,50,OK
2026-02-15T11:01:24.217Z,17,32.00,50,OK
2026-02-15T11:01:24.268Z,8,20.36,50,OK
2026-02-15T11:01:24.318Z,8,20.39,50,OK
2026-02-15T11:01:24.368Z,8,20.46,50,OK
2026-02-15T11:01:24.418Z,8,19.75,50,OK
2026-02-15T11:01:24.469Z,8,20.41,50,OK
2026-02-15T11:01:24.519Z,7,20.26,50,OK
2026-02-15T11:01:24.569Z,7,20.66,50,OK
2026-02-15T11:01:24.620Z,7,19.88,50,OK
2026-02-15T11:01:24.737Z,8,20.72,50,OK
2026-02-15T11:01:24.830Z,9,93.16,50,OK
2026-02-15T11:01:24.981Z,10,101.00,50,OK
2026-02-15T11:01:25.031Z,7,20.32,50,OK
2026-02-15T11:01:25.082Z,7,20.67,50,OK
2026-02-15T11:01:25.132Z,7,20.20,50,OK
2026-02-15T11:01:25.182Z,8,20.21,50,OK
2026-02-15T11:01:25.299Z,12,56.22,50,OK
2026-02-15T11:01:25.384Z,16,35.00,50,OK
2026-02-15T11:01:25.434Z,9,20.24,50,OK
2026-02-15T11:01:25.484Z,9,20.29,50,OK
2026-02-15T11:01:25.535Z,9,20.35,50,OK
2026-02-15T11:01:25.586Z,9,20.49,50,OK
2026-02-15T11:01:25.636Z,9,20.24,50,OK
2026-02-15T11:01:25.687Z,6,20.03,50,OK
2026-02-15T11:01:25.737Z,6,20.46,50,OK
2026-02-15T11:01:25.788Z,8,20.68,50,OK
2026-02-15T11:01:25.838Z,8,20.02,50,OK
2026-02-15T11:01:25.889Z,8,20.47,50,OK
2026-02-15T11:01:25.939Z,8,20.52,50,OK
2026-02-15T11:01:25.990Z,8,20.42,50,OK
2026-02-15T11:01:26.040Z,8,19.89,50,OK
2026-02-15T11:01:26.090Z,8,19.67,50,OK
2026-02-15T11:01:26.140Z,8,20.55,50,OK
2026-02-15T11:01:26.191Z,6,20.29,50,OK
2026-02-15T11:01:26.241Z,5,20.36,50,OK
2026-02-15T11:01:26.292Z,5,20.18,50,OK
2026-02-15T11:01:26.459Z,6,162.73,50,OK
2026-02-15T11:01:26.699Z,15,190.00,50,OK
2026-02-15T11:01:26.790Z,10,41.00,50,OK
2026-02-15T11:01:26.841Z,4,20.26,50,OK
2026-02-15T11:01:26.891Z,4,20.19,50,OK
2026-02-15T11:01:26.941Z,4,19.96,50,OK
2026-02-15T11:01:26.991Z,4,20.36,50,OK
2026-02-15T11:01:27.076Z,5,82.61,50,OK
2026-02-15T11:01:27.160Z,9,34.00,50,OK
2026-02-15T11:01:27.211Z,4,20.16,50,OK
2026-02-15T11:01:27.261Z,4,20.32,50,OK
2026-02-15T11:01:27.311Z,3,20.64,50,OK
2026-02-15T11:01:27.361Z,3,20.13,50,OK
2026-02-15T11:01:27.412Z,3,20.02,50,OK
2026-02-15T11:01:27.463Z,3,20.37,50,OK
2026-02-15T11:01:27.514Z,3,19.92,50,OK
2026-02-15T11:01:27.565Z,3,20.91,50,OK
2026-02-15T11:01:27.614Z,3,20.64,50,OK
2026-02-15T11:01:27.665Z,3,20.44,50,OK
2026-02-15T11:01:27.715Z,5,20.36,50,OK
2026-02-15T11:01:27.765Z,3,19.41,50,OK
2026-02-15T11:01:27.870Z,5,49.90,50,OK
2026-02-15T11:01:27.920Z,3,20.44,50,OK
2026-02-15T11:01:27.999Z,3,29.00,50,OK
2026-02-15T11:01:28.049Z,4,20.42,50,OK
2026-02-15T11:01:28.099Z,4,20.19,50,OK
2026-02-15T11:01:28.149Z,4,20.37,50,OK
2026-02-15T11:01:28.242Z,4,43.00,50,OK
2026-02-15T11:01:28.293Z,5,20.26,50,OK
2026-02-15T11:01:28.344Z,5,20.83,50,OK
2026-02-15T11:01:28.393Z,6,20.42,50,OK
2026-02-15T11:01:28.443Z,5,20.37,50,OK
2026-02-15T11:01:28.493Z,5,20.03,50,OK
2026-02-15T11:01:28.544Z,5,20.26,50,OK
2026-02-15T11:01:28.594Z,5,19.99,50,OK
2026-02-15T11:01:28.644Z,5,20.34,50,OK
2026-02-15T11:01:28.695Z,5,20.44,50,OK
2026-02-15T11:01:28.745Z,6,19.72,50,OK
2026-02-15T11:01:28.795Z,5,20.41,50,OK
2026-02-15T11:01:28.845Z,5,20.14,50,OK
2026-02-15T11:01:28.954Z,7,52.10,50,OK
2026-02-15T11:01:29.170Z,12,166.00,50,OK
2026-02-15T11:01:29.221Z,7,20.39,50,OK
2026-02-15T11:01:29.325Z,7,94.47,50,OK
2026-02-15T11:01:29.376Z,7,20.52,50,OK
2026-02-15T11:01:29.426Z,8,20.24,50,OK
2026-02-15T11:01:29.476Z,8,20.50,50,OK
2026-02-15T11:01:29.526Z,9,20.13,50,OK
2026-02-15T11:01:29.635Z,9,53.34,50,OK
2026-02-15T11:01:29.685Z,9,20.24,50,OK
2026-02-15T11:01:29.736Z,7,20.16,50,OK
2026-02-15T11:01:29.786Z,7,20.64,50,OK
2026-02-15T11:01:29.838Z,8,20.19,50,OK
2026-02-15T11:01:29.888Z,7,20.69,50,OK
2026-02-15T11:01:29.938Z,7,20.65,50,OK
2026-02-15T11:01:29.989Z,7,20.09,50,OK
2026-02-15T11:01:30.039Z,6,19.85,50,OK
2026-02-15T11:01:30.089Z,6,20.36,50,OK
2026-02-15T11:01:30.140Z,6,20.14,50,OK
2026-02-15T11:01:30.191Z,9,20.07,50,OK
2026-02-15T11:01:30.241Z,9,20.23,50,OK
2026-02-15T11:01:30.291Z,8,20.41,50,OK
2026-02-15T11:01:30.342Z,10,20.36,50,OK
2026-02-15T11:01:30.393Z,10,20.31,50,OK
2026-02-15T11:01:30.444Z,10,20.21,50,OK
2026-02-15T11:01:30.495Z,10,20.46,50,OK
2026-02-15T11:01:30.545Z,10,20.26,50,OK
2026-02-15T11:01:30.596Z,10,20.40,50,OK
2026-02-15T11:01:30.719Z,11,20.37,50,OK
2026-02-15T11:01:30.769Z,13,19.87,50,OK
2026-02-15T11:01:30.819Z,13,20.18,50,OK
2026-02-15T11:01:30.916Z,14,48.30,50,OK
2026-02-15T11:01:30.966Z,13,20.73,50,OK
2026-02-15T11:01:31.084Z,12,20.23,50,OK
2026-02-15T11:01:31.135Z,12,20.37,50,OK
2026-02-15T11:01:31.256Z,10,20.47,50,OK
2026-02-15T11:01:31.307Z,11,20.00,50,OK
2026-02-15T11:01:31.357Z,11,20.06,50,OK
2026-02-15T11:01:31.407Z,10,20.18,50,OK
2026-02-15T11:01:31.457Z,10,20.31,50,OK
2026-02-15T11:01:31.507Z,9,20.68,50,OK
2026-02-15T11:01:31.558Z,9,20.18,50,OK
2026-02-15T11:01:31.608Z,9,20.25,50,OK
2026-02-15T11:01:31.658Z,9,20.32,50,OK
2026-02-15T11:01:31.708Z,9,20.31,50,OK
2026-02-15T11:01:31.799Z,10,76.45,50,OK
2026-02-15T11:01:31.877Z,14,28.00,50,OK
2026-02-15T11:01:31.997Z,11,19.62,50,OK
2026-02-15T11:01:32.048Z,10,20.48,50,OK
2026-02-15T11:01:32.099Z,10,20.47,50,OK
2026-02-15T11:01:32.149Z,10,20.23,50,OK
2026-02-15T11:01:32.200Z,7,20.09,50,OK
2026-02-15T11:01:32.249Z,7,20.26,50,OK
2026-02-15T11:01:32.299Z,8,19.82,50,OK
2026-02-15T11:01:32.349Z,7,20.16,50,OK
2026-02-15T11:01:32.426Z,7,27.00,50,OK
2026-02-15T11:01:32.575Z,8,99.00,50,OK
2026-02-15T11:01:32.626Z,6,20.54,50,OK
2026-02-15T11:01:32.676Z,6,20.46,50,OK
2026-02-15T11:01:32.726Z,4,20.11,50,OK
2026-02-15T11:01:32.777Z,3,20.28,50,OK
2026-02-15T11:01:32.827Z,4,20.32,50,OK
2026-02-15T11:01:32.877Z,4,20.52,50,OK
2026-02-15T11:01:32.963Z,8,84.18,50,OK
2026-02-15T11:01:33.073Z,6,89.10,50,OK
2026-02-15T11:01:33.124Z,5,19.95,50,OK
2026-02-15T11:01:33.246Z,7,56.36,50,OK
2026-02-15T11:01:33.347Z,5,80.71,50,OK
2026-02-15T11:01:33.432Z,9,35.00,50,OK
2026-02-15T11:01:33.482Z,7,20.26,50,OK
2026-02-15T11:01:33.532Z,7,20.80,50,OK
2026-02-15T11:01:33.659Z,7,20.10,50,OK
2026-02-15T11:01:33.734Z,10,75.66,50,OK
2026-02-15T11:01:33.784Z,7,19.96,50,OK
2026-02-15T11:01:33.835Z,6,20.11,50,OK
2026-02-15T11:01:33.886Z,6,20.75,50,OK
2026-02-15T11:01:33.937Z,6,20.36,50,OK
2026-02-15T11:01:34.043Z,9,52.85,50,OK
2026-02-15T11:01:34.093Z,6,20.41,50,OK
2026-02-15T11:01:34.144Z,6,20.23,50,OK
2026-02-15T11:01:34.194Z,6,20.01,50,OK
2026-02-15T11:01:34.244Z,6,20.41,50,OK
2026-02-15T11:01:34.322Z,6,28.00,50,OK
2026-02-15T11:01:34.431Z,8,54.64,50,OK
2026-02-15T11:01:34.509Z,10,28.00,50,OK
2026-02-15T11:01:34.559Z,9,20.57,50,OK
2026-02-15T11:01:34.609Z,9,20.37,50,OK
2026-02-15T11:01:34.660Z,9,19.94,50,OK
2026-02-15T11:01:34.711Z,9,20.39,50,OK
2026-02-15T11:01:34.891Z,15,89.86,50,OK
2026-02-15T11:01:34.941Z,9,20.37,50,OK
2026-02-15T11:01:34.992Z,9,20.28,50,OK
2026-02-15T11:01:35.041Z,9,20.66,50,OK
2026-02-15T11:01:35.125Z,12,34.00,50,OK
2026-02-15T11:01:35.176Z,12,20.36,50,OK
2026-02-15T11:01:35.227Z,12,20.56,50,OK
2026-02-15T11:01:35.277Z,11,20.03,50,OK
2026-02-15T11:01:35.327Z,11,20.31,50,OK
2026-02-15T11:01:35.378Z,9,19.98,50,OK
2026-02-15T11:01:35.429Z,9,20.21,50,OK
2026-02-15T11:01:35.480Z,9,20.11,50,OK
2026-02-15T11:01:35.600Z,9,20.18,50,OK
2026-02-15T11:01:35.651Z,9,20.20,50,OK
2026-02-15T11:01:35.701Z,9,20.81,50,OK
2026-02-15T11:01:35.752Z,9,20.21,50,OK
2026-02-15T11:01:35.801Z,9,20.44,50,OK
2026-02-15T11:01:35.851Z,10,20.28,50,OK
2026-02-15T11:01:35.903Z,15,20.39,50,OK
2026-02-15T11:01:35.953Z,11,20.46,50,OK
2026-02-15T11:01:36.003Z,11,20.52,50,OK
2026-02-15T11:01:36.053Z,11,20.35,50,OK
2026-02-15T11:01:36.104Z,11,20.39,50,OK
2026-02-15T11:01:36.209Z,13,50.15,50,OK
2026-02-15T11:01:36.288Z,16,29.00,50,OK
2026-02-15T11:01:36.403Z,11,20.62,50,OK
2026-02-15T11:01:36.553Z,17,100.00,50,OK
2026-02-15T11:01:36.637Z,16,83.92,50,OK
2026-02-15T11:01:36.687Z,9,20.05,50,OK
2026-02-15T11:01:36.738Z,9,20.49,50,OK
2026-02-15T11:01:36.788Z,8,20.52,50,OK
2026-02-15T11:01:36.838Z,8,20.50,50,OK
2026-02-15T11:01:36.889Z,8,20.38,50,OK
2026-02-15T11:01:36.939Z,9,20.11,50,OK
2026-02-15T11:01:36.989Z,9,20.18,50,OK
2026-02-15T11:01:37.040Z,9,20.37,50,OK
2026-02-15T11:01:37.091Z,9,20.32,50,OK
2026-02-15T11:01:37.142Z,6,20.32,50,OK
2026-02-15T11:01:37.192Z,6,20.13,50,OK
2026-02-15T11:01:37.243Z,6,20.23,50,OK
2026-02-15T11:01:37.293Z,9,20.43,50,OK
2026-02-15T11:01:37.370Z,9,27.00,50,OK
2026-02-15T11:01:37.480Z,7,89.75,50,OK
2026-02-15T11:01:37.530Z,7,20.44,50,OK
2026-02-15T11:01:37.642Z,9,100.43,50,OK
2026-02-15T11:01:37.692Z,9,20.03,50,OK
2026-02-15T11:01:37.744Z,10,20.28,50,OK
2026-02-15T11:01:37.795Z,9,20.06,50,OK
2026-02-15T11:01:37.845Z,8,20.80,50,OK
2026-02-15T11:01:37.896Z,8,20.46,50,OK
2026-02-15T11:01:37.977Z,8,31.00,50,OK
2026-02-15T11:01:38.053Z,13,76.45,50,OK
2026-02-15T11:01:38.104Z,8,19.93,50,OK
2026-02-15T11:01:38.214Z,9,20.21,50,OK
2026-02-15T11:01:38.296Z,9,80.58,50,OK
2026-02-15T11:01:38.347Z,7,20.42,50,OK
2026-02-15T11:01:38.397Z,7,21.64,50,OK
2026-02-15T11:01:38.448Z,7,20.41,50,OK
2026-02-15T11:01:38.498Z,6,19.83,50,OK
2026-02-15T11:01:38.548Z,6,20.60,50,OK
2026-02-15T11:01:38.599Z,6,20.65,50,OK
2026-02-15T11:01:38.649Z,8,20.59,50,OK
2026-02-15T11:01:38.699Z,8,20.95,50,OK
2026-02-15T11:01:38.749Z,9,20.41,50,OK
2026-02-15T11:01:38.799Z,8,20.37,50,OK
2026-02-15T11:01:38.849Z,8,20.83,50,OK
2026-02-15T11:01:38.899Z,8,20.38,50,OK
2026-02-15T11:01:38.950Z,6,20.78,50,OK
2026-02-15T11:01:39.091Z,6,69.08,50,OK
2026-02-15T11:01:39.176Z,11,35.00,50,OK
2026-02-15T11:01:39.295Z,7,20.13,50,OK
2026-02-15T11:01:39.345Z,8,20.13,50,OK
2026-02-15T11:01:39.461Z,11,20.01,50,OK
2026-02-15T11:01:39.511Z,8,20.44,50,OK
2026-02-15T11:01:39.561Z,8,20.32,50,OK
2026-02-15T11:01:39.612Z,9,20.73,50,OK
2026-02-15T11:01:39.739Z,9,21.72,50,OK
2026-02-15T11:01:39.827Z,21,87.92,50,OK
2026-02-15T11:01:39.877Z,9,20.41,50,OK
2026-02-15T11:01:39.927Z,10,20.44,50,OK
2026-02-15T11:01:39.977Z,10,20.34,50,OK
2026-02-15T11:01:40.028Z,10,20.59,50,OK
2026-02-15T11:01:40.078Z,9,20.85,50,OK
2026-02-15T11:01:40.128Z,9,19.83,50,OK
2026-02-15T11:01:40.180Z,10,20.23,50,OK
2026-02-15T11:01:40.230Z,10,20.18,50,OK
2026-02-15T11:01:40.280Z,10,20.58,50,OK
2026-02-15T11:01:40.330Z,11,20.44,50,OK
2026-02-15T11:01:40.457Z,11,20.05,50,OK
2026-02-15T11:01:40.560Z,11,51.43,50,OK
2026-02-15T11:01:40.610Z,11,20.49,50,OK
2026-02-15T11:01:40.660Z,9,20.49,50,OK
2026-02-15T11:01:40.711Z,9,20.52,50,OK
2026-02-15T11:01:40.817Z,9,94.14,50,OK
2026-02-15T11:01:40.895Z,9,28.00,50,OK
2026-02-15T11:01:41.140Z,21,195.00,50,OK
2026-02-15T11:01:41.189Z,10,19.37,50,OK
2026-02-15T11:01:41.306Z,9,20.21,50,OK
2026-02-15T11:01:41.391Z,8,84.12,50,OK
2026-02-15T11:01:41.441Z,8,20.47,50,OK
2026-02-15T11:01:41.545Z,9,91.26,50,OK
2026-02-15T11:01:41.595Z,6,19.85,50,OK
2026-02-15T11:01:41.646Z,6,20.06,50,OK
2026-02-15T11:01:41.696Z,7,20.14,50,OK
2026-02-15T11:01:41.746Z,6,20.30,50,OK
2026-02-15T11:01:41.796Z,6,20.16,50,OK
2026-02-15T11:01:41.846Z,5,20.93,50,OK
2026-02-15T11:01:41.896Z,5,20.59,50,OK
2026-02-15T11:01:41.946Z,4,20.90,50,OK
2026-02-15T11:01:41.996Z,4,20.19,50,OK
2026-02-15T11:01:42.047Z,4,20.36,50,OK
2026-02-15T11:01:42.098Z,4,20.32,50,OK
2026-02-15T11:01:42.227Z,8,20.50,50,OK
2026-02-15T11:01:42.392Z,15,115.00,50,OK
2026-02-15T11:01:42.443Z,3,20.06,50,OK
2026-02-15T11:01:42.494Z,3,20.19,50,OK
2026-02-15T11:01:42.545Z,3,20.50,50,OK
2026-02-15T11:01:42.629Z,6,35.00,50,OK
2026-02-15T11:01:42.679Z,5,19.65,50,OK
2026-02-15T11:01:42.729Z,5,20.36,50,OK
2026-02-15T11:01:42.779Z,5,20.51,50,OK
2026-02-15T11:01:42.829Z,6,20.47,50,OK
2026-02-15T11:01:42.880Z,6,20.15,50,OK
2026-02-15T11:01:42.930Z,5,19.75,50,OK
2026-02-15T11:01:42.981Z,5,20.30,50,OK
2026-02-15T11:01:43.060Z,5,30.00,50,OK
2026-02-15T11:01:43.110Z,5,20.42,50,OK
2026-02-15T11:01:43.160Z,5,20.47,50,OK
2026-02-15T11:01:43.210Z,5,20.41,50,OK
2026-02-15T11:01:43.301Z,6,78.35,50,OK
2026-02-15T11:01:43.351Z,5,20.36,50,OK
2026-02-15T11:01:43.472Z,9,20.37,50,OK
2026-02-15T11:01:43.552Z,19,80.51,50,OK
2026-02-15T11:01:43.603Z,9,20.31,50,OK
2026-02-15T11:01:43.654Z,10,19.95,50,OK
2026-02-15T11:01:43.741Z,10,37.00,50,OK
2026-02-15T11:01:43.792Z,9,20.11,50,OK
2026-02-15T11:01:43.842Z,9,20.49,50,OK
2026-02-15T11:01:43.893Z,9,20.14,50,OK
2026-02-15T11:01:43.943Z,12,19.56,50,OK
2026-02-15T11:01:43.993Z,12,20.32,50,OK
2026-02-15T11:01:44.044Z,12,20.34,50,OK
2026-02-15T11:01:44.094Z,12,21.42,50,OK
2026-02-15T11:01:44.144Z,12,20.26,50,OK
2026-02-15T11:01:44.194Z,12,19.93,50,OK
2026-02-15T11:01:44.244Z,11,20.36,50,OK
2026-02-15T11:01:44.294Z,11,20.34,50,OK
2026-02-15T11:01:44.345Z,12,20.42,50,OK
2026-02-15T11:01:44.396Z,13,20.30,50,OK
2026-02-15T11:01:44.446Z,12,20.37,50,OK
2026-02-15T11:01:44.496Z,14,20.46,50,OK
2026-02-15T11:01:44.547Z,14,20.37,50,OK
2026-02-15T11:01:44.630Z,15,76.19,50,OK
2026-02-15T11:01:44.681Z,16,20.52,50,OK
2026-02-15T11:01:44.731Z,16,20.32,50,OK
2026-02-15T11:01:44.781Z,16,20.18,50,OK
2026-02-15T11:01:44.831Z,15,20.41,50,OK
2026-02-15T11:01:44.882Z,15,20.38,50,OK
2026-02-15T11:01:44.933Z,15,20.47,50,OK
2026-02-15T11:01:44.984Z,15,20.14,50,OK
2026-02-15T11:01:45.035Z,15,20.02,50,OK
2026-02-15T11:01:45.086Z,15,19.82,50,OK
2026-02-15T11:01:45.136Z,15,20.38,50,OK
2026-02-15T11:01:45.186Z,16,20.16,50,OK
2026-02-15T11:01:45.236Z,16,20.50,50,OK
2026-02-15T11:01:45.287Z,16,20.37,50,OK
2026-02-15T11:01:45.461Z,18,164.04,50,OK
2026-02-15T11:01:45.511Z,15,20.19,50,OK
2026-02-15T11:01:45.562Z,13,20.49,50,OK
2026-02-15T11:01:45.612Z,13,20.27,50,OK
2026-02-15T11:01:45.729Z,17,20.55,50,OK
2026-02-15T11:01:45.823Z,12,46.94,50,OK
2026-02-15T11:01:45.873Z,12,19.34,50,OK
2026-02-15T11:01:45.924Z,9,20.60,50,OK
2026-02-15T11:01:45.975Z,9,20.32,50,OK
2026-02-15T11:01:46.025Z,9,20.13,50,OK
2026-02-15T11:01:46.075Z,9,20.62,50,OK
2026-02-15T11:01:46.125Z,9,20.31,50,OK
2026-02-15T11:01:46.176Z,9,20.85,50,OK
2026-02-15T11:01:46.227Z,9,20.39,50,OK
2026-02-15T11:01:46.278Z,9,20.02,50,OK
2026-02-15T11:01:46.329Z,8,20.46,50,OK
2026-02-15T11:01:46.380Z,8,20.37,50,OK
2026-02-15T11:01:46.431Z,8,20.78,50,OK
2026-02-15T11:01:46.553Z,10,20.55,50,OK
2026-02-15T11:01:46.604Z,6,20.70,50,OK
2026-02-15T11:01:46.716Z,4,20.00,50,OK
2026-02-15T11:01:46.883Z,12,166.00,50,OK
2026-02-15T11:01:47.044Z,13,111.00,50,OK
2026-02-15T11:01:47.137Z,9,43.00,50,OK
2026-02-15T11:01:47.187Z,5,20.32,50,OK
2026-02-15T11:01:47.237Z,5,20.28,50,OK
2026-02-15T11:01:47.288Z,5,20.71,50,OK
2026-02-15T11:01:47.391Z,5,91.26,50,OK
2026-02-15T11:01:47.441Z,5,20.37,50,OK
2026-02-15T11:01:47.491Z,4,20.26,50,OK
2026-02-15T11:01:47.541Z,4,20.41,50,OK
2026-02-15T11:01:47.591Z,5,20.11,50,OK
2026-02-15T11:01:47.641Z,7,20.29,50,OK
2026-02-15T11:01:47.692Z,5,20.36,50,OK
2026-02-15T11:01:47.742Z,5,20.45,50,OK
2026-02-15T11:01:47.792Z,5,20.36,50,OK
2026-02-15T11:01:47.842Z,6,20.24,50,OK
2026-02-15T11:01:47.963Z,6,20.21,50,OK
2026-02-15T11:01:48.013Z,6,20.09,50,OK
2026-02-15T11:01:48.123Z,8,20.36,50,OK
2026-02-15T11:01:48.203Z,15,80.58,50,OK
2026-02-15T11:01:48.435Z,12,182.00,50,OK
2026-02-15T11:01:48.518Z,10,33.00,50,OK
2026-02-15T11:01:48.569Z,11,20.41,50,OK
2026-02-15T11:01:48.619Z,8,20.19,50,OK
2026-02-15T11:01:48.669Z,9,19.87,50,OK
2026-02-15T11:01:48.720Z,9,20.32,50,OK
2026-02-15T11:01:48.771Z,10,20.18,50,OK
2026-02-15T11:01:48.821Z,10,20.39,50,OK
2026-02-15T11:01:48.872Z,10,20.28,50,OK
2026-02-15T11:01:48.921Z,8,20.13,50,OK
2026-02-15T11:01:48.972Z,10,20.41,50,OK
2026-02-15T11:01:49.022Z,9,20.44,50,OK
2026-02-15T11:01:49.072Z,8,20.46,50,OK
2026-02-15T11:01:49.122Z,8,20.19,50,OK
2026-02-15T11:01:49.206Z,8,34.00,50,OK
2026-02-15T11:01:49.258Z,8,20.32,50,OK
2026-02-15T11:01:49.308Z,8,20.49,50,OK
2026-02-15T11:01:49.358Z,8,20.19,50,OK
2026-02-15T11:01:49.409Z,8,20.42,50,OK
2026-02-15T11:01:49.513Z,11,51.74,50,OK
2026-02-15T11:01:49.595Z,12,32.00,50,OK
2026-02-15T11:01:49.646Z,8,20.34,50,OK
2026-02-15T11:01:49.697Z,8,20.29,50,OK
2026-02-15T11:01:49.748Z,8,20.76,50,OK
2026-02-15T11:01:49.798Z,8,20.32,50,OK
2026-02-15T11:01:49.848Z,7,20.48,50,OK
2026-02-15T11:01:49.898Z,7,20.41,50,OK
2026-02-15T11:01:49.948Z,7,20.46,50,OK
2026-02-15T11:01:49.998Z,7,20.95,50,OK
2026-02-15T11:01:50.048Z,8,20.13,50,OK
2026-02-15T11:01:50.098Z,8,20.13,50,OK
2026-02-15T11:01:50.203Z,8,48.31,50,OK
2026-02-15T11:01:50.253Z,9,20.14,50,OK
2026-02-15T11:01:50.303Z,8,21.45,50,OK
2026-02-15T11:01:50.354Z,8,20.55,50,OK
2026-02-15T11:01:50.404Z,7,20.37,50,OK
2026-02-15T11:01:50.454Z,7,20.33,50,OK
2026-02-15T11:01:50.504Z,7,20.34,50,OK
2026-02-15T11:01:50.555Z,8,19.91,50,OK
2026-02-15T11:01:50.605Z,10,20.14,50,OK
2026-02-15T11:01:50.770Z,17,159.97,50,OK
2026-02-15T11:01:50.820Z,8,19.95,50,OK
2026-02-15T11:01:50.871Z,8,20.34,50,OK
2026-02-15T11:01:50.921Z,8,20.16,50,OK
2026-02-15T11:01:50.973Z,7,20.57,50,OK
2026-02-15T11:01:51.023Z,7,19.72,50,OK
2026-02-15T11:01:51.073Z,7,19.97,50,OK
2026-02-15T11:01:51.124Z,7,20.24,50,OK
2026-02-15T11:01:51.174Z,7,19.97,50,OK
2026-02-15T11:01:51.225Z,9,19.51,50,OK
2026-02-15T11:01:51.276Z,9,20.51,50,OK
2026-02-15T11:01:51.326Z,9,20.64,50,OK
2026-02-15T11:01:51.376Z,9,20.21,50,OK
2026-02-15T11:01:51.426Z,9,20.29,50,OK
2026-02-15T11:01:51.477Z,9,20.39,50,OK
2026-02-15T11:01:51.527Z,10,20.59,50,OK
2026-02-15T11:01:51.578Z,10,20.34,50,OK
2026-02-15T11:01:51.680Z,12,20.54,50,OK
2026-02-15T11:01:51.731Z,9,20.01,50,OK
2026-02-15T11:01:51.851Z,13,20.29,50,OK
2026-02-15T11:01:51.935Z,18,84.38,50,OK
2026-02-15T11:01:52.017Z,12,32.00,50,OK
2026-02-15T11:01:52.100Z,12,81.63,50,OK
2026-02-15T11:01:52.150Z,9,20.54,50,OK
2026-02-15T11:01:52.200Z,9,20.18,50,OK
2026-02-15T11:01:52.251Z,8,20.00,50,OK
2026-02-15T11:01:52.301Z,9,20.71,50,OK
2026-02-15T11:01:52.351Z,8,20.39,50,OK
2026-02-15T11:01:52.454Z,8,91.98,50,OK
2026-02-15T11:01:52.505Z,8,20.16,50,OK
2026-02-15T11:01:52.555Z,7,20.47,50,OK
2026-02-15T11:01:52.605Z,4,20.32,50,OK
2026-02-15T11:01:52.656Z,4,20.32,50,OK
2026-02-15T11:01:52.771Z,8,57.42,50,OK
2026-02-15T11:01:52.821Z,5,20.29,50,OK
2026-02-15T11:01:52.872Z,6,20.24,50,OK
2026-02-15T11:01:52.919Z,6,20.48,50,OK
2026-02-15T11:01:53.015Z,9,83.92,50,OK
2026-02-15T11:01:53.066Z,7,20.32,50,OK
2026-02-15T11:01:53.116Z,7,20.21,50,OK
2026-02-15T11:01:53.167Z,7,20.58,50,OK
2026-02-15T11:01:53.216Z,8,20.21,50,OK
2026-02-15T11:01:53.266Z,5,20.48,50,OK
2026-02-15T11:01:53.316Z,5,20.34,50,OK
2026-02-15T11:01:53.366Z,5,20.41,50,OK
2026-02-15T11:01:53.416Z,5,20.39,50,OK
2026-02-15T11:01:53.466Z,5,20.19,50,OK
2026-02-15T11:01:53.517Z,5,20.32,50,OK
2026-02-15T11:01:53.595Z,5,28.00,50,OK
2026-02-15T11:01:53.676Z,5,81.30,50,OK
2026-02-15T11:01:53.766Z,6,40.00,50,OK
2026-02-15T11:01:53.849Z,7,33.00,50,OK
2026-02-15T11:01:53.933Z,6,84.18,50,OK
2026-02-15T11:01:53.984Z,5,20.14,50,OK
2026-02-15T11:01:54.106Z,5,19.60,50,OK
2026-02-15T11:01:54.155Z,6,20.59,50,OK
2026-02-15T11:01:54.205Z,6,20.52,50,OK
2026-02-15T11:01:54.255Z,7,20.13,50,OK
2026-02-15T11:01:54.306Z,7,20.19,50,OK
2026-02-15T11:01:54.357Z,7,20.32,50,OK
2026-02-15T11:01:54.407Z,8,21.06,50,OK
2026-02-15T11:01:54.457Z,8,20.38,50,OK
2026-02-15T11:01:54.508Z,8,20.41,50,OK
2026-02-15T11:01:54.558Z,8,20.38,50,OK
2026-02-15T11:01:54.612Z,9,20.23,50,OK
2026-02-15T11:01:54.686Z,8,24.00,50,OK
2026-02-15T11:01:54.761Z,9,25.00,50,OK
2026-02-15T11:01:54.812Z,9,20.02,50,OK
2026-02-15T11:01:54.861Z,8,20.31,50,OK
2026-02-15T11:01:54.912Z,8,20.33,50,OK
2026-02-15T11:01:54.962Z,8,20.05,50,OK
2026-02-15T11:01:55.012Z,8,20.82,50,OK
2026-02-15T11:01:55.063Z,8,19.96,50,OK
2026-02-15T11:01:55.114Z,12,20.37,50,OK
2026-02-15T11:01:55.164Z,9,20.16,50,OK
2026-02-15T11:01:55.215Z,9,20.46,50,OK
2026-02-15T11:01:55.265Z,10,20.57,50,OK
2026-02-15T11:01:55.314Z,10,20.52,50,OK
2026-02-15T11:01:55.364Z,10,20.29,50,OK
2026-02-15T11:01:55.415Z,10,20.34,50,OK
2026-02-15T11:01:55.466Z,10,20.42,50,OK
2026-02-15T11:01:55.516Z,10,20.23,50,OK
2026-02-15T11:01:55.566Z,10,20.42,50,OK
2026-02-15T11:01:55.616Z,11,20.43,50,OK
2026-02-15T11:01:55.667Z,10,20.41,50,OK
2026-02-15T11:01:55.767Z,10,93.22,50,OK
2026-02-15T11:01:55.927Z,9,110.00,50,OK
2026-02-15T11:01:56.006Z,14,29.00,50,OK
2026-02-15T11:01:56.096Z,8,89.75,50,OK
2026-02-15T11:01:56.173Z,11,27.00,50,OK
2026-02-15T11:01:56.259Z,16,85.10,50,OK
2026-02-15T11:01:56.348Z,14,39.00,50,OK
2026-02-15T11:01:56.399Z,7,19.95,50,OK
2026-02-15T11:01:56.448Z,7,20.24,50,OK
2026-02-15T11:01:56.499Z,7,20.67,50,OK
2026-02-15T11:01:56.549Z,7,20.39,50,OK
2026-02-15T11:01:56.598Z,7,20.11,50,OK
2026-02-15T11:01:56.648Z,7,19.82,50,OK
2026-02-15T11:01:56.699Z,6,20.32,50,OK
2026-02-15T11:01:56.750Z,6,20.32,50,OK
2026-02-15T11:01:56.800Z,5,20.00,50,OK
2026-02-15T11:01:56.851Z,5,20.28,50,OK
2026-02-15T11:01:56.901Z,5,20.01,50,OK
2026-02-15T11:01:56.952Z,6,20.06,50,OK
2026-02-15T11:01:57.001Z,6,20.52,50,OK
2026-02-15T11:01:57.089Z,10,38.00,50,OK
2026-02-15T11:01:57.140Z,4,20.73,50,OK
2026-02-15T11:01:57.190Z,4,20.00,50,OK
2026-02-15T11:01:57.241Z,3,19.67,50,OK
2026-02-15T11:01:57.291Z,4,20.14,50,OK
2026-02-15T11:01:57.341Z,4,20.34,50,OK
2026-02-15T11:01:57.429Z,11,77.50,50,OK
2026-02-15T11:01:57.589Z,9,110.00,50,OK
2026-02-15T11:01:57.639Z,5,19.44,50,OK
2026-02-15T11:01:57.690Z,5,20.16,50,OK
2026-02-15T11:01:57.740Z,5,20.33,50,OK
2026-02-15T11:01:57.860Z,9,20.24,50,OK
2026-02-15T11:01:57.910Z,6,20.52,50,OK
2026-02-15T11:01:57.961Z,6,20.49,50,OK
2026-02-15T11:01:58.011Z,6,20.19,50,OK
2026-02-15T11:01:58.061Z,6,20.32,50,OK
2026-02-15T11:01:58.170Z,7,20.60,50,OK
2026-02-15T11:01:58.220Z,6,20.31,50,OK
2026-02-15T11:01:58.270Z,6,20.23,50,OK
2026-02-15T11:01:58.321Z,6,20.24,50,OK
2026-02-15T11:01:58.371Z,6,20.24,50,OK
2026-02-15T11:01:58.421Z,6,20.21,50,OK
2026-02-15T11:01:58.471Z,6,19.59,50,OK
2026-02-15T11:01:58.586Z,6,56.18,50,OK
2026-02-15T11:01:58.703Z,9,20.23,50,OK
2026-02-15T11:01:58.753Z,9,20.18,50,OK
2026-02-15T11:01:58.804Z,9,21.01,50,OK
2026-02-15T11:01:58.854Z,9,20.43,50,OK
2026-02-15T11:01:58.905Z,10,20.87,50,OK
2026-02-15T11:01:58.955Z,9,20.05,50,OK
2026-02-15T11:01:59.006Z,9,20.21,50,OK
2026-02-15T11:01:59.125Z,9,118.13,50,OK
2026-02-15T11:01:59.175Z,9,20.21,50,OK
2026-02-15T11:01:59.286Z,11,96.44,50,OK
2026-02-15T11:01:59.336Z,9,20.49,50,OK
2026-02-15T11:01:59.387Z,8,20.00,50,OK
2026-02-15T11:01:59.438Z,9,20.59,50,OK
2026-02-15T11:01:59.489Z,8,20.29,50,OK
2026-02-15T11:01:59.540Z,8,20.49,50,OK
2026-02-15T11:01:59.591Z,9,20.50,50,OK
2026-02-15T11:01:59.640Z,9,20.13,50,OK
2026-02-15T11:01:59.691Z,9,20.46,50,OK
2026-02-15T11:01:59.741Z,9,20.47,50,OK
2026-02-15T11:01:59.793Z,9,20.54,50,OK
2026-02-15T11:01:59.844Z,8,20.05,50,OK
2026-02-15T11:01:59.894Z,8,20.53,50,OK
2026-02-15T11:01:59.944Z,8,20.55,50,OK
2026-02-15T11:01:59.995Z,8,20.50,50,OK
2026-02-15T11:02:00.045Z,8,20.64,50,OK
2026-02-15T11:02:00.095Z,8,20.16,50,OK
2026-02-15T11:02:00.144Z,8,20.26,50,OK
2026-02-15T11:02:00.194Z,9,19.59,50,OK
2026-02-15T11:02:00.245Z,8,20.37,50,OK
2026-02-15T11:02:00.296Z,8,20.32,50,OK
2026-02-15T11:02:00.346Z,8,20.22,50,OK
2026-02-15T11:02:00.397Z,8,20.34,50,OK
2026-02-15T11:02:00.524Z,8,60.86,50,OK
2026-02-15T11:02:00.574Z,8,20.32,50,OK
2026-02-15T11:02:00.761Z,7,175.44,50,OK
2026-02-15T11:02:00.840Z,8,29.00,50,OK
2026-02-15T11:02:00.890Z,5,19.96,50,OK
2026-02-15T11:02:00.941Z,5,20.18,50,OK
2026-02-15T11:02:00.991Z,6,20.68,50,OK
2026-02-15T11:02:01.042Z,6,20.44,50,OK
2026-02-15T11:02:01.091Z,6,20.42,50,OK
2026-02-15T11:02:01.143Z,6,20.42,50,OK
2026-02-15T11:02:01.258Z,6,55.72,50,OK
2026-02-15T11:02:01.308Z,6,20.59,50,OK
2026-02-15T11:02:01.359Z,6,20.26,50,OK
2026-02-15T11:02:01.441Z,6,82.28,50,OK
2026-02-15T11:02:01.491Z,6,19.91,50,OK
2026-02-15T11:02:01.610Z,6,20.28,50,OK
2026-02-15T11:02:01.697Z,12,86.21,50,OK
2026-02-15T11:02:01.783Z,7,36.00,50,OK
2026-02-15T11:02:01.833Z,6,20.27,50,OK
2026-02-15T11:02:02.007Z,7,124.00,50,OK
2026-02-15T11:02:02.057Z,6,20.05,50,OK
2026-02-15T11:02:02.108Z,6,20.37,50,OK
2026-02-15T11:02:02.218Z,6,54.77,50,OK
2026-02-15T11:02:02.410Z,8,142.00,50,OK
2026-02-15T11:02:02.577Z,15,117.00,50,OK
2026-02-15T11:02:02.627Z,8,20.14,50,OK
2026-02-15T11:02:02.677Z,8,19.54,50,OK
2026-02-15T11:02:02.727Z,9,20.32,50,OK
2026-02-15T11:02:02.778Z,9,20.36,50,OK
2026-02-15T11:02:02.864Z,10,85.03,50,OK
2026-02-15T11:02:02.944Z,14,30.00,50,OK
2026-02-15T11:02:03.025Z,10,31.00,50,OK
2026-02-15T11:02:03.075Z,8,19.69,50,OK
2026-02-15T11:02:03.125Z,8,20.37,50,OK
2026-02-15T11:02:03.176Z,8,20.25,50,OK
2026-02-15T11:02:03.226Z,8,20.29,50,OK
2026-02-15T11:02:03.320Z,8,44.00,50,OK
2026-02-15T11:02:03.371Z,7,20.19,50,OK
2026-02-15T11:02:03.487Z,7,20.34,50,OK
2026-02-15T11:02:03.538Z,8,20.20,50,OK
2026-02-15T11:02:03.588Z,14,20.41,50,OK
2026-02-15T11:02:03.639Z,9,20.07,50,OK
2026-02-15T11:02:03.690Z,10,20.58,50,OK
2026-02-15T11:02:03.782Z,10,42.00,50,OK
2026-02-15T11:02:03.832Z,9,20.49,50,OK
2026-02-15T11:02:03.883Z,9,21.05,50,OK
2026-02-15T11:02:03.932Z,9,20.55,50,OK
2026-02-15T11:02:03.983Z,10,19.80,50,OK
2026-02-15T11:02:04.106Z,11,20.29,50,OK
2026-02-15T11:02:04.264Z,16,157.22,50,OK
2026-02-15T11:02:04.315Z,10,20.16,50,OK
2026-02-15T11:02:04.367Z,10,20.29,50,OK
2026-02-15T11:02:04.416Z,10,20.36,50,OK
2026-02-15T11:02:04.466Z,10,20.82,50,OK
2026-02-15T11:02:04.516Z,12,20.13,50,OK
2026-02-15T11:02:04.567Z,12,20.32,50,OK
2026-02-15T11:02:04.675Z,11,51.51,50,OK
2026-02-15T11:02:04.779Z,9,55.00,50,OK
2026-02-15T11:02:04.867Z,12,87.52,50,OK
2026-02-15T11:02:04.944Z,10,27.00,50,OK
2026-02-15T11:02:05.034Z,11,89.82,50,OK
2026-02-15T11:02:05.114Z,9,30.00,50,OK
2026-02-15T11:02:05.165Z,8,20.40,50,OK
2026-02-15T11:02:05.214Z,8,19.72,50,OK
2026-02-15T11:02:05.264Z,8,20.14,50,OK
2026-02-15T11:02:05.348Z,12,34.00,50,OK
2026-02-15T11:02:05.428Z,15,30.00,50,OK
2026-02-15T11:02:05.479Z,10,20.19,50,OK
2026-02-15T11:02:05.575Z,10,86.21,50,OK
2026-02-15T11:02:05.666Z,10,41.00,50,OK
2026-02-15T11:02:05.716Z,10,19.96,50,OK
2026-02-15T11:02:05.766Z,10,20.23,50,OK
2026-02-15T11:02:05.817Z,11,20.46,50,OK
2026-02-15T11:02:05.867Z,11,20.68,50,OK
2026-02-15T11:02:05.917Z,11,20.61,50,OK
2026-02-15T11:02:06.028Z,13,19.60,50,OK
2026-02-15T11:02:06.118Z,10,89.69,50,OK
2026-02-15T11:02:06.197Z,11,29.00,50,OK
2026-02-15T11:02:06.247Z,10,20.28,50,OK
2026-02-15T11:02:06.326Z,10,29.00,50,OK
2026-02-15T11:02:06.489Z,12,113.00,50,OK
2026-02-15T11:02:06.667Z,19,128.00,50,OK
2026-02-15T11:02:06.900Z,15,232.72,50,OK
2026-02-15T11:02:07.681Z,22,731.00,50,OK
2026-02-15T11:02:08.264Z,36,533.00,50,OK
2026-02-15T11:02:08.630Z,36,365.30,50,OK
2026-02-15T11:02:08.771Z,26,92.00,50,OK
2026-02-15T11:02:08.918Z,20,97.00,50,OK
2026-02-15T11:02:08.968Z,10,20.23,50,OK
2026-02-15T11:02:09.018Z,10,20.03,50,OK
2026-02-15T11:02:09.246Z,10,206.90,50,OK
2026-02-15T11:02:09.659Z,20,385.74,50,OK
2026-02-15T11:02:10.525Z,34,816.00,50,OK
2026-02-15T11:02:11.532Z,52,957.00,50,SATURATED
2026-02-15T11:02:11.876Z,50,294.00,50,SATURATED
2026-02-15T11:02:12.289Z,48,363.00,50,OK
2026-02-15T11:02:12.467Z,32,128.00,50,OK
2026-02-15T11:02:13.218Z,17,701.00,50,OK
2026-02-15T11:02:14.621Z,41,1353.00,50,OK
2026-02-15T11:02:15.614Z,74,943.00,50,SATURATED
2026-02-15T11:02:16.030Z,58,366.00,50,SATURATED
2026-02-15T11:02:16.080Z,12,23.22,50,OK
2026-02-15T11:02:16.193Z,12,63.00,50,OK
2026-02-15T11:02:16.243Z,11,20.26,50,OK
2026-02-15T11:02:16.330Z,11,37.00,50,OK
2026-02-15T11:02:16.381Z,11,20.26,50,OK
2026-02-15T11:02:16.431Z,11,20.23,50,OK
2026-02-15T11:02:16.481Z,10,19.96,50,OK
2026-02-15T11:02:16.531Z,10,20.32,50,OK
2026-02-15T11:02:16.581Z,10,20.62,50,OK
2026-02-15T11:02:16.636Z,14,20.37,50,OK
2026-02-15T11:02:16.813Z,16,176.88,50,OK
2026-02-15T11:02:17.003Z,31,140.00,50,OK
2026-02-15T11:02:17.165Z,15,20.11,50,OK
2026-02-15T11:02:17.701Z,44,535.17,50,OK
2026-02-15T11:02:18.146Z,42,395.00,50,OK
2026-02-15T11:02:18.972Z,66,776.00,50,SATURATED
2026-02-15T11:02:19.390Z,62,368.00,50,SATURATED
2026-02-15T11:02:19.830Z,72,390.00,50,SATURATED
2026-02-15T11:02:19.888Z,25,8.00,50,OK
2026-02-15T11:02:19.939Z,13,19.98,50,OK
2026-02-15T11:02:20.089Z,14,20.29,50,OK
2026-02-15T11:02:20.232Z,14,142.02,50,OK
2026-02-15T11:02:20.283Z,16,20.18,50,OK
2026-02-15T11:02:20.332Z,16,20.13,50,OK
2026-02-15T11:02:20.382Z,16,20.53,50,OK
2026-02-15T11:02:20.618Z,20,19.98,50,OK
2026-02-15T11:02:20.717Z,19,98.27,50,OK
2026-02-15T11:02:20.768Z,14,20.26,50,OK
2026-02-15T11:02:20.817Z,14,20.41,50,OK
2026-02-15T11:02:20.867Z,17,20.83,50,OK
2026-02-15T11:02:20.972Z,20,55.00,50,OK
2026-02-15T11:02:21.570Z,41,548.00,50,OK
2026-02-15T11:02:21.998Z,64,378.00,50,SATURATED
2026-02-15T11:02:23.242Z,78,1194.00,50,SATURATED
2026-02-15T11:02:23.866Z,108,622.59,50,SATURATED
2026-02-15T11:02:24.017Z,89,101.00,50,SATURATED
2026-02-15T11:02:24.070Z,30,25.91,50,OK
2026-02-15T11:02:24.122Z,12,20.16,50,OK
2026-02-15T11:02:24.172Z,10,19.84,50,OK
2026-02-15T11:02:24.222Z,10,20.41,50,OK
2026-02-15T11:02:24.359Z,11,19.82,50,OK
2026-02-15T11:02:24.933Z,22,572.26,50,OK
2026-02-15T11:02:25.267Z,44,284.00,50,OK
2026-02-15T11:02:25.937Z,109,620.00,50,SATURATED
2026-02-15T11:02:26.202Z,87,215.00,50,SATURATED
2026-02-15T11:02:26.353Z,59,101.00,50,SATURATED
2026-02-15T11:02:26.510Z,22,107.00,50,OK
2026-02-15T11:02:26.560Z,18,20.35,50,OK
2026-02-15T11:02:26.688Z,19,19.80,50,OK
2026-02-15T11:02:26.786Z,17,96.63,50,OK
2026-02-15T11:02:26.918Z,21,112.10,50,OK
2026-02-15T11:02:27.045Z,18,77.00,50,OK
2026-02-15T11:02:27.374Z,47,278.00,50,OK
2026-02-15T11:02:27.541Z,93,167.31,50,SATURATED
2026-02-15T11:02:27.801Z,79,210.00,50,SATURATED
2026-02-15T11:02:27.935Z,52,84.00,50,SATURATED
2026-02-15T11:02:28.188Z,33,203.00,50,OK
2026-02-15T11:02:28.306Z,27,68.00,50,OK
2026-02-15T11:02:28.357Z,20,19.92,50,OK
2026-02-15T11:02:28.464Z,20,58.00,50,OK
2026-02-15T11:02:28.678Z,41,213.32,50,OK
2026-02-15T11:02:28.822Z,54,94.00,50,SATURATED
2026-02-15T11:02:28.985Z,63,113.00,50,SATURATED
2026-02-15T11:02:29.480Z,67,445.00,50,SATURATED
2026-02-15T11:02:30.042Z,51,558.10,50,SATURATED
2026-02-15T11:02:31.217Z,105,1126.00,50,SATURATED
2026-02-15T11:02:32.242Z,133,975.00,50,SATURATED
2026-02-15T11:02:32.498Z,119,206.00,50,SATURATED
2026-02-15T11:02:32.746Z,99,198.00,50,SATURATED
2026-02-15T11:02:32.901Z,57,105.00,50,SATURATED
2026-02-15T11:02:32.952Z,18,19.65,50,OK
2026-02-15T11:02:33.002Z,18,20.36,50,OK
2026-02-15T11:02:33.052Z,17,20.58,50,OK
2026-02-15T11:02:33.103Z,17,20.32,50,OK
2026-02-15T11:02:33.153Z,16,20.32,50,OK
2026-02-15T11:02:33.203Z,16,20.19,50,OK
2026-02-15T11:02:33.328Z,17,19.94,50,OK
2026-02-15T11:02:33.507Z,48,176.88,50,OK
2026-02-15T11:02:33.633Z,38,108.95,50,OK
2026-02-15T11:02:33.855Z,32,172.00,50,OK
2026-02-15T11:02:34.277Z,55,372.00,50,SATURATED
2026-02-15T11:02:34.849Z,74,522.00,50,SATURATED
2026-02-15T11:02:35.609Z,70,710.00,50,SATURATED
2026-02-15T11:02:36.442Z,75,783.00,50,SATURATED
2026-02-15T11:02:37.125Z,91,633.00,50,SATURATED
2026-02-15T11:02:37.570Z,94,395.00,50,SATURATED
2026-02-15T11:02:37.808Z,94,237.83,50,SATURATED
2026-02-15T11:02:37.858Z,19,1.00,50,OK
2026-02-15T11:02:37.908Z,19,20.55,50,OK
2026-02-15T11:02:37.958Z,18,20.62,50,OK
2026-02-15T11:02:38.009Z,18,20.74,50,OK
2026-02-15T11:02:38.059Z,17,19.62,50,OK
2026-02-15T11:02:38.110Z,17,20.46,50,OK
2026-02-15T11:02:38.208Z,17,48.00,50,OK
2026-02-15T11:02:39.005Z,56,747.00,50,SATURATED
2026-02-15T11:02:41.007Z,126,1952.00,50,SATURATED
2026-02-15T11:02:41.265Z,107,256.18,50,SATURATED
2026-02-15T11:02:41.592Z,76,277.00,50,SATURATED
2026-02-15T11:02:41.771Z,30,129.00,50,OK
2026-02-15T11:02:41.821Z,17,20.65,50,OK
2026-02-15T11:02:41.871Z,17,20.16,50,OK
2026-02-15T11:02:41.921Z,17,20.05,50,OK
2026-02-15T11:02:41.971Z,17,20.31,50,OK
2026-02-15T11:02:42.022Z,26,20.51,50,OK
2026-02-15T11:02:42.235Z,21,163.00,50,OK
2026-02-15T11:02:42.879Z,44,594.00,50,OK
2026-02-15T11:02:44.020Z,119,1091.00,50,SATURATED
2026-02-15T11:02:45.046Z,107,976.00,50,SATURATED
2026-02-15T11:02:45.284Z,109,188.00,50,SATURATED
2026-02-15T11:02:45.518Z,71,184.00,50,SATURATED
2026-02-15T11:02:45.928Z,35,410.12,50,OK
2026-02-15T11:02:46.035Z,28,57.00,50,OK
2026-02-15T11:02:46.154Z,21,69.00,50,OK
2026-02-15T11:02:46.964Z,62,760.00,50,SATURATED
2026-02-15T11:02:48.450Z,122,1436.00,50,SATURATED
2026-02-15T11:02:48.873Z,102,373.00,50,SATURATED
2026-02-15T11:02:48.931Z,17,8.00,50,OK
2026-02-15T11:02:48.981Z,15,19.87,50,OK
2026-02-15T11:02:49.031Z,15,20.31,50,OK
2026-02-15T11:02:49.082Z,15,20.91,50,OK
2026-02-15T11:02:49.132Z,15,20.13,50,OK
2026-02-15T11:02:49.182Z,16,20.31,50,OK
2026-02-15T11:02:49.232Z,15,20.21,50,OK
2026-02-15T11:02:49.375Z,18,24.29,50,OK
2026-02-15T11:02:49.425Z,17,20.29,50,OK
2026-02-15T11:02:49.548Z,21,111.18,50,OK
2026-02-15T11:02:49.954Z,60,357.00,50,SATURATED
2026-02-15T11:02:51.232Z,114,1228.00,50,SATURATED
2026-02-15T11:02:52.005Z,124,723.00,50,SATURATED
2026-02-15T11:02:52.075Z,33,44.38,50,OK
2026-02-15T11:02:52.246Z,19,19.83,50,OK
2026-02-15T11:02:52.356Z,41,107.97,50,OK
2026-02-15T11:02:52.475Z,45,69.00,50,OK
2026-02-15T11:02:52.526Z,20,20.26,50,OK
2026-02-15T11:02:52.576Z,20,20.29,50,OK
2026-02-15T11:02:52.626Z,21,19.78,50,OK
2026-02-15T11:02:52.677Z,21,20.37,50,OK
2026-02-15T11:02:52.727Z,21,19.92,50,OK
2026-02-15T11:02:52.778Z,21,20.41,50,OK
2026-02-15T11:02:52.828Z,21,19.78,50,OK
2026-02-15T11:02:52.878Z,21,20.39,50,OK
2026-02-15T11:02:52.925Z,21,20.03,50,OK
2026-02-15T11:02:52.975Z,19,20.54,50,OK
2026-02-15T11:02:53.123Z,20,73.01,50,OK
2026-02-15T11:02:54.636Z,117,1464.00,50,SATURATED
2026-02-15T11:02:55.224Z,133,538.00,50,SATURATED
2026-02-15T11:02:55.306Z,39,32.00,50,OK
2026-02-15T11:02:55.356Z,11,20.22,50,OK
2026-02-15T11:02:55.406Z,11,20.50,50,OK
2026-02-15T11:02:55.457Z,11,20.38,50,OK
2026-02-15T11:02:55.558Z,11,51.00,50,OK
2026-02-15T11:02:55.652Z,11,44.00,50,OK
2026-02-15T11:02:55.772Z,24,70.00,50,OK
2026-02-15T11:02:55.823Z,12,20.62,50,OK
2026-02-15T11:02:55.873Z,12,20.19,50,OK
2026-02-15T11:02:55.923Z,11,20.18,50,OK
2026-02-15T11:02:55.973Z,11,20.39,50,OK
2026-02-15T11:02:56.024Z,10,20.69,50,OK
2026-02-15T11:02:56.075Z,10,20.44,50,OK
2026-02-15T11:02:56.125Z,9,20.74,50,OK
2026-02-15T11:02:56.175Z,9,20.42,50,OK
2026-02-15T11:02:56.228Z,17,22.27,50,OK
2026-02-15T11:02:56.320Z,16,42.00,50,OK
2026-02-15T11:02:57.497Z,116,1127.00,50,SATURATED
2026-02-15T11:02:58.446Z,131,899.00,50,SATURATED
2026-02-15T11:02:58.592Z,89,96.00,50,SATURATED
2026-02-15T11:02:58.723Z,43,81.00,50,OK
2026-02-15T11:02:58.774Z,21,20.26,50,OK
2026-02-15T11:02:58.894Z,21,20.19,50,OK
2026-02-15T11:02:58.944Z,19,20.14,50,OK
2026-02-15T11:02:58.995Z,19,20.32,50,OK
2026-02-15T11:02:59.045Z,19,20.38,50,OK
2026-02-15T11:02:59.097Z,18,20.19,50,OK
2026-02-15T11:02:59.269Z,25,148.18,50,OK
2026-02-15T11:02:59.624Z,38,305.00,50,OK
2026-02-15T11:03:01.064Z,100,1390.00,50,SATURATED
2026-02-15T11:03:01.846Z,128,732.00,50,SATURATED
2026-02-15T11:03:01.995Z,86,99.00,50,SATURATED
2026-02-15T11:03:02.047Z,16,2.00,50,OK
2026-02-15T11:03:02.177Z,16,121.41,50,OK
2026-02-15T11:03:02.395Z,38,168.00,50,OK
2026-02-15T11:03:02.605Z,33,208.99,50,OK
2026-02-15T11:03:02.656Z,17,20.31,50,OK
2026-02-15T11:03:02.706Z,17,20.60,50,OK
2026-02-15T11:03:02.814Z,17,86.93,50,OK
2026-02-15T11:03:02.943Z,18,19.78,50,OK
2026-02-15T11:03:03.553Z,56,609.48,50,SATURATED
2026-02-15T11:03:04.125Z,102,522.00,50,SATURATED
2026-02-15T11:03:04.578Z,95,403.00,50,SATURATED
2026-02-15T11:03:04.716Z,60,88.00,50,SATURATED
2026-02-15T11:03:04.767Z,21,19.85,50,OK
2026-02-15T11:03:04.817Z,21,20.28,50,OK
2026-02-15T11:03:04.923Z,21,98.40,50,OK
2026-02-15T11:03:04.973Z,18,20.23,50,OK
2026-02-15T11:03:05.023Z,18,20.57,50,OK
2026-02-15T11:03:05.073Z,18,20.46,50,OK
2026-02-15T11:03:05.198Z,23,21.96,50,OK
2026-02-15T11:03:06.105Z,66,905.71,50,SATURATED
2026-02-15T11:03:07.486Z,124,1331.00,50,SATURATED
2026-02-15T11:03:08.032Z,106,546.05,50,SATURATED
2026-02-15T11:03:08.174Z,63,92.00,50,SATURATED
2026-02-15T11:03:08.319Z,38,124.62,50,OK
2026-02-15T11:03:08.370Z,21,20.31,50,OK
2026-02-15T11:03:08.420Z,21,20.44,50,OK
2026-02-15T11:03:08.472Z,20,20.86,50,OK
2026-02-15T11:03:08.583Z,24,98.21,50,OK
2026-02-15T11:03:08.890Z,58,257.00,50,SATURATED
2026-02-15T11:03:09.190Z,32,250.00,50,OK
2026-02-15T11:03:09.891Z,93,651.00,50,SATURATED
2026-02-15T11:03:10.810Z,90,918.29,50,SATURATED
2026-02-15T11:03:11.632Z,82,772.00,50,SATURATED
2026-02-15T11:03:11.924Z,64,242.00,50,SATURATED
2026-02-15T11:03:12.900Z,83,926.00,50,SATURATED
2026-02-15T11:03:13.544Z,86,594.00,50,SATURATED
2026-02-15T11:03:13.996Z,86,402.00,50,SATURATED
2026-02-15T11:03:14.570Z,84,524.00,50,SATURATED
2026-02-15T11:03:15.004Z,57,428.47,50,SATURATED
2026-02-15T11:03:15.283Z,54,229.00,50,SATURATED
2026-02-15T11:03:15.865Z,61,581.17,50,SATURATED
2026-02-15T11:03:16.721Z,69,806.00,50,SATURATED
2026-02-15T11:03:17.073Z,98,351.40,50,SATURATED
2026-02-15T11:03:17.538Z,81,415.00,50,SATURATED
2026-02-15T11:03:17.587Z,13,0.00,50,OK
2026-02-15T11:03:17.638Z,13,20.53,50,OK
2026-02-15T11:03:17.689Z,13,20.41,50,OK
2026-02-15T11:03:17.820Z,21,64.16,50,OK
2026-02-15T11:03:17.870Z,16,19.93,50,OK
2026-02-15T11:03:17.921Z,15,20.13,50,OK
2026-02-15T11:03:17.972Z,15,20.64,50,OK
2026-02-15T11:03:18.022Z,15,19.72,50,OK
2026-02-15T11:03:18.143Z,15,58.59,50,OK
2026-02-15T11:03:18.966Z,65,773.00,50,SATURATED
2026-02-15T11:03:20.327Z,129,1311.00,50,SATURATED
2026-02-15T11:03:20.701Z,113,324.00,50,SATURATED
2026-02-15T11:03:20.759Z,29,8.00,50,OK
2026-02-15T11:03:20.810Z,27,20.55,50,OK
2026-02-15T11:03:20.924Z,28,64.00,50,OK
2026-02-15T11:03:20.974Z,22,20.21,50,OK
2026-02-15T11:03:21.023Z,20,21.16,50,OK
2026-02-15T11:03:21.074Z,20,20.15,50,OK
2026-02-15T11:03:21.126Z,20,20.38,50,OK
2026-02-15T11:03:21.176Z,19,20.31,50,OK
2026-02-15T11:03:21.226Z,19,20.19,50,OK
2026-02-15T11:03:21.276Z,19,20.36,50,OK
2026-02-15T11:03:21.408Z,22,20.28,50,OK
2026-02-15T11:03:21.763Z,78,354.29,50,SATURATED
2026-02-15T11:03:22.639Z,114,827.00,50,SATURATED
2026-02-15T11:03:23.399Z,86,710.00,50,SATURATED
2026-02-15T11:03:23.898Z,79,449.00,50,SATURATED
2026-02-15T11:03:24.634Z,84,734.27,50,SATURATED
2026-02-15T11:03:25.196Z,85,512.00,50,SATURATED
2026-02-15T11:03:25.633Z,86,387.00,50,SATURATED
2026-02-15T11:03:26.564Z,68,881.00,50,SATURATED
2026-02-15T11:03:27.031Z,77,463.86,50,SATURATED
2026-02-15T11:03:28.272Z,84,1191.00,50,SATURATED
2026-02-15T11:03:28.806Z,131,484.00,50,SATURATED
2026-02-15T11:03:28.941Z,85,85.00,50,SATURATED
2026-02-15T11:03:29.124Z,35,133.00,50,OK
2026-02-15T11:03:29.175Z,12,20.87,50,OK
2026-02-15T11:03:29.325Z,14,100.00,50,OK
2026-02-15T11:03:29.750Z,58,375.00,50,SATURATED
2026-02-15T11:03:29.800Z,10,20.01,50,OK
2026-02-15T11:03:29.939Z,20,122.91,50,OK
2026-02-15T11:03:30.187Z,31,198.00,50,OK
2026-02-15T11:03:30.676Z,75,439.00,50,SATURATED
2026-02-15T11:03:30.914Z,31,188.00,50,OK
2026-02-15T11:03:32.170Z,76,1206.00,50,SATURATED
2026-02-15T11:03:33.928Z,128,1708.00,50,SATURATED
2026-02-15T11:03:34.749Z,136,771.00,50,SATURATED
2026-02-15T11:03:34.887Z,106,88.00,50,SATURATED
2026-02-15T11:03:35.034Z,64,97.00,50,SATURATED
2026-02-15T11:03:35.286Z,72,202.00,50,SATURATED
2026-02-15T11:03:35.424Z,26,88.00,50,OK
2026-02-15T11:03:35.648Z,15,174.00,50,OK
2026-02-15T11:03:35.752Z,16,54.00,50,OK
2026-02-15T11:03:35.864Z,21,62.00,50,OK
2026-02-15T11:03:36.502Z,54,588.00,50,SATURATED
2026-02-15T11:03:38.187Z,176,1635.00,50,SATURATED
2026-02-15T11:03:38.819Z,163,582.00,50,SATURATED
2026-02-15T11:03:38.958Z,136,89.00,50,SATURATED
2026-02-15T11:03:39.139Z,92,180.94,50,SATURATED
2026-02-15T11:03:39.368Z,56,179.00,50,SATURATED
2026-02-15T11:03:39.988Z,60,570.00,50,SATURATED
2026-02-15T11:03:41.543Z,123,1505.00,50,SATURATED
2026-02-15T11:03:43.161Z,208,1617.43,50,SATURATED
2026-02-15T11:03:43.915Z,227,704.00,50,SATURATED
2026-02-15T11:03:44.406Z,198,440.00,50,SATURATED
2026-02-15T11:03:45.098Z,209,643.00,50,SATURATED
2026-02-15T11:03:45.510Z,217,362.00,50,SATURATED
2026-02-15T11:03:46.544Z,220,984.00,50,SATURATED
2026-02-15T11:03:48.019Z,246,1425.00,50,SATURATED
2026-02-15T11:03:49.337Z,281,1268.00,50,SATURATED
2026-02-15T11:03:50.781Z,294,1394.00,50,SATURATED
2026-02-15T11:03:51.500Z,312,719.06,50,SATURATED
2026-02-15T11:03:51.659Z,281,109.00,50,SATURATED
2026-02-15T11:03:51.732Z,240,23.00,50,SATURATED
2026-02-15T11:03:51.834Z,143,52.00,50,SATURATED
2026-02-15T11:03:52.363Z,141,528.35,50,SATURATED
2026-02-15T11:03:52.548Z,52,135.00,50,SATURATED
2026-02-15T11:03:52.923Z,70,376.57,50,SATURATED
2026-02-15T11:03:55.405Z,204,2432.00,50,SATURATED
2026-02-15T11:03:57.308Z,325,1853.00,50,SATURATED
2026-02-15T11:03:58.605Z,366,1247.00,50,SATURATED
2026-02-15T11:03:59.485Z,390,830.00,50,SATURATED
2026-02-15T11:03:59.870Z,359,335.00,50,SATURATED
2026-02-15T11:04:00.245Z,369,325.00,50,SATURATED
2026-02-15T11:04:00.384Z,324,89.00,50,SATURATED
2026-02-15T11:04:00.455Z,231,21.00,50,SATURATED
2026-02-15T11:04:00.538Z,133,33.60,50,SATURATED
2026-02-15T11:04:00.955Z,113,416.42,50,SATURATED
2026-02-15T11:04:02.263Z,122,1258.00,50,SATURATED
2026-02-15T11:04:05.299Z,405,3035.63,50,SATURATED
2026-02-15T11:04:06.008Z,432,659.00,50,SATURATED
2026-02-15T11:04:06.143Z,389,85.00,50,SATURATED
2026-02-15T11:04:06.228Z,290,35.00,50,SATURATED
2026-02-15T11:04:06.312Z,191,39.60,50,SATURATED
2026-02-15T11:04:06.909Z,137,547.00,50,SATURATED
2026-02-15T11:04:06.969Z,43,31.99,50,OK
2026-02-15T11:04:07.022Z,24,19.55,50,OK
2026-02-15T11:04:07.144Z,25,72.00,50,OK
2026-02-15T11:04:07.524Z,57,330.00,50,SATURATED
2026-02-15T11:04:11.375Z,276,3801.00,50,SATURATED
2026-02-15T11:04:13.643Z,391,2268.07,50,SATURATED
2026-02-15T11:04:15.051Z,424,1358.00,50,SATURATED
2026-02-15T11:04:15.637Z,434,536.00,50,SATURATED
2026-02-15T11:04:15.710Z,341,23.00,50,SATURATED
2026-02-15T11:04:15.785Z,241,40.32,50,SATURATED
2026-02-15T11:04:15.868Z,142,41.14,50,SATURATED
2026-02-15T11:04:15.947Z,43,46.51,50,OK
2026-02-15T11:04:15.997Z,15,30.99,50,OK
2026-02-15T11:04:16.047Z,15,20.55,50,OK
2026-02-15T11:04:16.198Z,19,21.96,50,OK
2026-02-15T11:04:16.596Z,54,396.75,50,SATURATED
2026-02-15T11:04:16.747Z,19,20.24,50,OK
2026-02-15T11:04:18.534Z,145,1786.25,50,SATURATED
2026-02-15T11:04:22.125Z,405,3541.00,50,SATURATED
2026-02-15T11:04:22.550Z,388,375.00,50,SATURATED
2026-02-15T11:04:22.641Z,294,38.91,50,SATURATED
2026-02-15T11:04:22.723Z,215,38.29,50,SATURATED
2026-02-15T11:04:22.982Z,170,261.29,50,SATURATED
2026-02-15T11:04:23.303Z,139,271.00,50,SATURATED
2026-02-15T11:04:23.576Z,55,37.27,50,SATURATED
2026-02-15T11:04:24.533Z,89,956.04,50,SATURATED
2026-02-15T11:04:28.080Z,374,3497.00,50,SATURATED
2026-02-15T11:04:29.033Z,413,903.00,50,SATURATED
2026-02-15T11:04:29.091Z,373,8.00,50,SATURATED
2026-02-15T11:04:29.474Z,339,333.00,50,SATURATED
2026-02-15T11:04:30.078Z,335,554.00,50,SATURATED
2026-02-15T11:04:30.650Z,327,522.00,50,SATURATED
2026-02-15T11:04:32.516Z,375,1816.00,50,SATURATED
2026-02-15T11:04:33.988Z,432,1422.00,50,SATURATED
2026-02-15T11:04:34.493Z,436,455.00,50,SATURATED
2026-02-15T11:04:34.578Z,340,43.73,50,SATURATED
2026-02-15T11:04:34.710Z,191,55.33,50,SATURATED
2026-02-15T11:04:34.655Z,241,40.78,50,SATURATED
2026-02-15T11:04:34.953Z,141,193.00,50,SATURATED
2026-02-15T11:04:35.123Z,92,168.49,50,SATURATED
2026-02-15T11:04:35.385Z,91,212.00,50,SATURATED
2026-02-15T11:04:35.513Z,43,78.00,50,OK
2026-02-15T11:04:35.804Z,45,241.00,50,OK
2026-02-15T11:04:38.994Z,274,3140.00,50,SATURATED
2026-02-15T11:04:41.241Z,420,2197.00,50,SATURATED
2026-02-15T11:04:42.082Z,401,835.45,50,SATURATED
2026-02-15T11:04:42.142Z,371,10.00,50,SATURATED
2026-02-15T11:04:42.204Z,322,12.00,50,SATURATED
2026-02-15T11:04:42.619Z,241,365.00,50,SATURATED
2026-02-15T11:04:43.385Z,235,764.67,50,SATURATED
2026-02-15T11:04:45.828Z,366,2393.00,50,SATURATED
2026-02-15T11:04:46.805Z,431,927.00,50,SATURATED
2026-02-15T11:04:47.048Z,388,193.00,50,SATURATED
2026-02-15T11:04:47.943Z,381,845.00,50,SATURATED
2026-02-15T11:04:48.646Z,382,653.00,50,SATURATED
2026-02-15T11:04:49.523Z,382,827.00,50,SATURATED
2026-02-15T11:04:50.362Z,383,789.00,50,SATURATED
2026-02-15T11:04:50.787Z,386,375.00,50,SATURATED
2026-02-15T11:04:51.822Z,379,1034.16,50,SATURATED
2026-02-15T11:04:53.613Z,422,1741.00,50,SATURATED
2026-02-15T11:04:54.055Z,435,392.00,50,SATURATED
2026-02-15T11:04:54.371Z,387,266.00,50,SATURATED
2026-02-15T11:04:54.442Z,290,21.00,50,SATURATED
2026-02-15T11:04:54.579Z,240,137.43,50,SATURATED
2026-02-15T11:04:54.653Z,142,24.00,50,SATURATED
2026-02-15T11:04:55.369Z,135,715.92,50,SATURATED
2026-02-15T11:04:55.656Z,139,237.00,50,SATURATED
2026-02-15T11:04:57.580Z,323,1874.00,50,SATURATED
2026-02-15T11:04:59.054Z,424,1424.00,50,SATURATED
2026-02-15T11:04:59.788Z,433,684.00,50,SATURATED
2026-02-15T11:04:59.859Z,341,21.00,50,SATURATED
2026-02-15T11:04:59.948Z,242,36.65,50,SATURATED
2026-02-15T11:05:00.049Z,143,45.11,50,SATURATED
2026-02-15T11:05:00.162Z,44,47.63,50,OK
2026-02-15T11:05:00.422Z,35,258.93,50,OK
2026-02-15T11:05:01.399Z,69,927.00,50,SATURATED
2026-02-15T11:05:05.960Z,388,4511.00,50,SATURATED
2026-02-15T11:05:06.349Z,399,339.00,50,SATURATED
2026-02-15T11:05:06.429Z,312,30.00,50,SATURATED
2026-02-15T11:05:06.511Z,212,42.68,50,SATURATED
2026-02-15T11:05:06.619Z,113,45.99,50,SATURATED
2026-02-15T11:05:06.675Z,28,36.88,50,OK
2026-02-15T11:05:06.725Z,26,19.72,50,OK
2026-02-15T11:05:06.775Z,25,20.60,50,OK
2026-02-15T11:05:06.826Z,25,20.17,50,OK
2026-02-15T11:05:06.877Z,25,20.21,50,OK
2026-02-15T11:05:06.927Z,25,19.93,50,OK
2026-02-15T11:05:07.036Z,29,96.24,50,OK
2026-02-15T11:05:07.087Z,29,20.46,50,OK
2026-02-15T11:05:07.136Z,27,20.18,50,OK
2026-02-15T11:05:07.186Z,27,20.22,50,OK
2026-02-15T11:05:07.298Z,31,19.52,50,OK
2026-02-15T11:05:07.384Z,35,36.00,50,OK
2026-02-15T11:05:07.853Z,65,419.00,50,SATURATED
2026-02-15T11:05:10.925Z,272,3022.00,50,SATURATED
2026-02-15T11:05:11.828Z,297,898.89,50,SATURATED
2026-02-15T11:05:11.880Z,256,2.00,50,SATURATED
2026-02-15T11:05:11.932Z,206,2.00,50,SATURATED
2026-02-15T11:05:12.344Z,176,362.00,50,SATURATED
2026-02-15T11:05:12.798Z,164,404.00,50,SATURATED
2026-02-15T11:05:12.938Z,118,90.00,50,SATURATED
2026-02-15T11:05:14.055Z,137,1067.00,50,SATURATED
2026-02-15T11:05:15.076Z,241,971.00,50,SATURATED
2026-02-15T11:05:15.484Z,209,358.00,50,SATURATED
2026-02-15T11:05:15.631Z,191,97.00,50,SATURATED
2026-02-15T11:05:15.701Z,93,20.00,50,SATURATED
2026-02-15T11:05:15.751Z,24,30.50,50,OK
2026-02-15T11:05:15.801Z,24,20.53,50,OK
2026-02-15T11:05:15.852Z,24,20.54,50,OK
2026-02-15T11:05:15.903Z,24,20.60,50,OK
2026-02-15T11:05:15.954Z,24,20.42,50,OK
2026-02-15T11:05:16.003Z,23,20.37,50,OK
2026-02-15T11:05:16.053Z,23,20.87,50,OK
2026-02-15T11:05:16.174Z,28,57.61,50,OK
2026-02-15T11:05:16.348Z,43,125.00,50,OK
2026-02-15T11:05:16.398Z,28,20.39,50,OK
2026-02-15T11:05:16.448Z,27,20.47,50,OK
2026-02-15T11:05:16.500Z,27,20.77,50,OK
2026-02-15T11:05:16.589Z,30,39.00,50,OK
2026-02-15T11:05:16.819Z,46,180.00,50,OK
2026-02-15T11:05:19.014Z,150,2145.00,50,SATURATED
2026-02-15T11:05:20.001Z,166,937.00,50,SATURATED
2026-02-15T11:05:20.397Z,121,346.00,50,SATURATED
2026-02-15T11:05:20.555Z,95,154.86,50,SATURATED
2026-02-15T11:05:20.799Z,55,194.00,50,SATURATED
2026-02-15T11:05:20.849Z,16,20.36,50,OK
2026-02-15T11:05:20.900Z,16,20.52,50,OK
2026-02-15T11:05:20.950Z,16,20.08,50,OK
2026-02-15T11:05:21.000Z,17,20.56,50,OK
2026-02-15T11:05:21.130Z,21,22.54,50,OK
2026-02-15T11:05:21.336Z,29,156.00,50,OK
2026-02-15T11:05:21.387Z,16,20.09,50,OK
2026-02-15T11:05:21.498Z,16,101.22,50,OK
2026-02-15T11:05:21.710Z,45,163.00,50,OK
2026-02-15T11:05:21.971Z,54,211.00,50,SATURATED
2026-02-15T11:05:22.434Z,58,463.08,50,SATURATED
2026-02-15T11:05:22.918Z,49,434.00,50,OK
2026-02-15T11:05:23.071Z,26,20.20,50,OK
2026-02-15T11:05:23.303Z,40,231.15,50,OK
2026-02-15T11:05:23.353Z,19,19.39,50,OK
2026-02-15T11:05:23.403Z,19,20.44,50,OK
2026-02-15T11:05:23.521Z,26,58.88,50,OK
2026-02-15T11:05:23.805Z,32,234.00,50,OK
2026-02-15T11:05:23.922Z,27,67.00,50,OK
2026-02-15T11:05:24.226Z,25,254.00,50,OK
2026-02-15T11:05:24.751Z,36,475.00,50,OK
2026-02-15T11:05:25.067Z,48,266.00,50,OK
2026-02-15T11:05:25.410Z,31,293.00,50,OK
2026-02-15T11:05:25.460Z,15,20.39,50,OK
2026-02-15T11:05:25.511Z,15,20.18,50,OK
2026-02-15T11:05:25.561Z,15,20.34,50,OK
2026-02-15T11:05:25.612Z,15,20.42,50,OK
2026-02-15T11:05:25.662Z,15,20.45,50,OK
2026-02-15T11:05:25.713Z,14,20.29,50,OK
2026-02-15T11:05:25.762Z,22,20.48,50,OK
2026-02-15T11:05:25.813Z,18,20.21,50,OK
2026-02-15T11:05:25.862Z,17,20.13,50,OK
2026-02-15T11:05:25.913Z,17,20.21,50,OK
2026-02-15T11:05:25.963Z,17,20.28,50,OK
2026-02-15T11:05:26.014Z,17,20.26,50,OK
2026-02-15T11:05:26.064Z,18,20.03,50,OK
2026-02-15T11:05:26.151Z,20,37.00,50,OK
2026-02-15T11:05:26.202Z,18,20.26,50,OK
2026-02-15T11:05:26.253Z,18,20.03,50,OK
2026-02-15T11:05:26.304Z,23,20.32,50,OK
2026-02-15T11:05:26.383Z,24,28.00,50,OK
2026-02-15T11:05:26.483Z,19,80.90,50,OK
2026-02-15T11:05:26.739Z,35,207.00,50,OK
2026-02-15T11:05:26.854Z,19,95.98,50,OK
2026-02-15T11:05:26.904Z,15,20.31,50,OK
2026-02-15T11:05:26.955Z,15,20.09,50,OK
2026-02-15T11:05:27.005Z,15,19.91,50,OK
2026-02-15T11:05:27.056Z,15,20.37,50,OK
2026-02-15T11:05:27.106Z,15,20.14,50,OK
2026-02-15T11:05:27.236Z,15,20.34,50,OK
2026-02-15T11:05:27.331Z,17,93.16,50,OK
2026-02-15T11:05:27.381Z,14,20.18,50,OK
2026-02-15T11:05:27.473Z,16,42.00,50,OK
2026-02-15T11:05:27.576Z,15,53.00,50,OK
2026-02-15T11:05:27.626Z,12,20.32,50,OK
2026-02-15T11:05:27.676Z,12,20.11,50,OK
2026-02-15T11:05:27.726Z,12,20.23,50,OK
2026-02-15T11:05:27.833Z,15,57.00,50,OK
2026-02-15T11:05:27.957Z,12,61.63,50,OK
2026-02-15T11:05:28.006Z,13,20.14,50,OK
2026-02-15T11:05:28.057Z,13,20.31,50,OK
2026-02-15T11:05:28.107Z,15,20.49,50,OK
2026-02-15T11:05:28.157Z,15,20.31,50,OK
2026-02-15T11:05:28.208Z,15,20.01,50,OK
2026-02-15T11:05:28.258Z,15,20.87,50,OK
2026-02-15T11:05:28.309Z,14,20.32,50,OK
2026-02-15T11:05:28.359Z,14,20.78,50,OK
2026-02-15T11:05:28.410Z,14,20.31,50,OK
2026-02-15T11:05:28.461Z,14,20.72,50,OK
2026-02-15T11:05:28.511Z,14,20.61,50,OK
2026-02-15T11:05:28.561Z,14,20.26,50,OK
2026-02-15T11:05:28.650Z,13,85.23,50,OK
2026-02-15T11:05:28.737Z,20,37.00,50,OK
2026-02-15T11:05:28.856Z,14,118.78,50,OK
2026-02-15T11:05:29.089Z,24,183.00,50,OK
2026-02-15T11:05:29.139Z,12,20.29,50,OK
2026-02-15T11:05:29.190Z,12,20.23,50,OK
2026-02-15T11:05:29.240Z,12,19.74,50,OK
2026-02-15T11:05:29.290Z,12,20.14,50,OK
2026-02-15T11:05:29.478Z,12,186.45,50,OK
2026-02-15T11:05:29.528Z,11,20.78,50,OK
2026-02-15T11:05:29.579Z,11,20.18,50,OK
2026-02-15T11:05:29.629Z,11,20.54,50,OK
2026-02-15T11:05:29.679Z,11,19.95,50,OK
2026-02-15T11:05:29.729Z,11,20.26,50,OK
2026-02-15T11:05:29.779Z,12,20.56,50,OK
2026-02-15T11:05:29.829Z,12,20.28,50,OK
2026-02-15T11:05:29.879Z,8,20.09,50,OK
2026-02-15T11:05:29.930Z,8,20.19,50,OK
2026-02-15T11:05:29.980Z,7,20.08,50,OK
2026-02-15T11:05:30.030Z,7,20.54,50,OK
2026-02-15T11:05:30.081Z,4,19.84,50,OK
2026-02-15T11:05:30.172Z,4,41.00,50,OK
2026-02-15T11:05:30.222Z,6,20.55,50,OK
2026-02-15T11:05:30.272Z,6,20.47,50,OK
2026-02-15T11:05:30.323Z,6,20.49,50,OK
2026-02-15T11:05:30.373Z,6,20.37,50,OK
2026-02-15T11:05:30.423Z,6,19.91,50,OK
2026-02-15T11:05:30.475Z,6,20.32,50,OK
2026-02-15T11:05:30.525Z,5,19.88,50,OK
2026-02-15T11:05:30.576Z,5,20.52,50,OK
2026-02-15T11:05:30.626Z,6,20.12,50,OK
2026-02-15T11:05:30.676Z,6,20.95,50,OK
2026-02-15T11:05:30.727Z,6,20.55,50,OK
2026-02-15T11:05:30.777Z,6,19.65,50,OK
2026-02-15T11:05:30.827Z,6,20.29,50,OK
2026-02-15T11:05:30.878Z,5,19.77,50,OK
2026-02-15T11:05:30.928Z,5,20.43,50,OK
2026-02-15T11:05:30.978Z,5,20.39,50,OK
2026-02-15T11:05:31.027Z,5,20.03,50,OK
2026-02-15T11:05:31.078Z,5,20.42,50,OK
2026-02-15T11:05:31.129Z,5,20.34,50,OK
2026-02-15T11:05:31.180Z,5,20.48,50,OK
2026-02-15T11:05:31.230Z,5,20.13,50,OK
2026-02-15T11:05:31.279Z,5,20.22,50,OK
2026-02-15T11:05:31.331Z,5,20.49,50,OK
2026-02-15T11:05:31.381Z,5,20.38,50,OK
2026-02-15T11:05:31.431Z,5,20.29,50,OK
2026-02-15T11:05:31.481Z,5,20.14,50,OK
2026-02-15T11:05:31.531Z,5,20.26,50,OK
2026-02-15T11:05:31.581Z,4,20.49,50,OK
2026-02-15T11:05:31.631Z,4,20.24,50,OK
2026-02-15T11:05:31.682Z,4,20.42,50,OK
2026-02-15T11:05:31.732Z,4,20.41,50,OK
2026-02-15T11:05:31.783Z,3,20.59,50,OK
2026-02-15T11:05:31.833Z,3,20.60,50,OK
2026-02-15T11:05:31.883Z,3,19.65,50,OK
2026-02-15T11:05:31.933Z,3,19.78,50,OK
2026-02-15T11:05:31.983Z,3,20.29,50,OK
2026-02-15T11:05:32.034Z,3,20.18,50,OK
2026-02-15T11:05:32.084Z,3,20.24,50,OK
2026-02-15T11:05:32.134Z,3,20.14,50,OK
2026-02-15T11:05:32.184Z,1,20.36,50,OK
2026-02-15T11:05:32.234Z,1,19.99,50,OK
2026-02-15T11:05:32.285Z,1,20.24,50,OK
2026-02-15T11:05:32.335Z,1,20.08,50,OK
2026-02-15T11:05:32.385Z,1,20.39,50,OK
2026-02-15T11:05:32.435Z,1,20.04,50,OK
2026-02-15T11:05:32.486Z,1,20.46,50,OK
2026-02-15T11:05:32.536Z,1,20.48,50,OK
2026-02-15T11:05:32.586Z,0,20.52,50,OK
2026-02-15T11:05:32.636Z,0,20.30,50,OK
2026-02-15T11:05:32.687Z,0,20.44,50,OK
2026-02-15T11:05:32.737Z,0,20.22,50,OK
2026-02-15T11:05:32.788Z,0,20.16,50,OK
2026-02-15T11:05:32.838Z,0,20.37,50,OK
2026-02-15T11:05:32.888Z,0,20.16,50,OK
2026-02-15T11:05:32.938Z,0,20.20,50,OK
2026-02-15T11:05:32.988Z,0,19.59,50,OK
2026-02-15T11:05:33.038Z,0,20.45,50,OK
2026-02-15T11:05:33.088Z,0,20.65,50,OK
2026-02-15T11:05:33.138Z,0,20.26,50,OK
2026-02-15T11:05:33.189Z,0,20.14,50,OK
2026-02-15T11:05:33.238Z,0,20.19,50,OK
2026-02-15T11:05:33.288Z,0,20.16,50,OK
2026-02-15T11:05:33.339Z,0,20.68,50,OK
2026-02-15T11:05:33.389Z,0,19.88,50,OK
2026-02-15T11:05:33.440Z,0,20.19,50,OK
2026-02-15T11:05:33.490Z,0,20.27,50,OK
2026-02-15T11:05:33.540Z,0,20.67,50,OK
2026-02-15T11:05:33.590Z,0,20.24,50,OK
2026-02-15T11:05:33.640Z,0,20.36,50,OK
2026-02-15T11:05:33.689Z,0,20.43,50,OK
2026-02-15T11:05:33.740Z,0,20.19,50,OK
2026-02-15T11:05:33.791Z,0,20.18,50,OK
2026-02-15T11:05:33.841Z,0,20.24,50,OK
2026-02-15T11:05:33.892Z,0,20.31,50,OK
2026-02-15T11:05:33.942Z,0,20.16,50,OK
2026-02-15T11:05:33.993Z,0,20.58,50,OK
2026-02-15T11:05:34.043Z,0,20.18,50,OK
2026-02-15T11:05:34.093Z,0,20.23,50,OK
2026-02-15T11:05:34.142Z,0,20.24,50,OK
2026-02-15T11:05:34.193Z,0,20.19,50,OK
2026-02-15T11:05:34.243Z,0,20.19,50,OK
2026-02-15T11:05:34.293Z,0,20.18,50,OK
2026-02-15T11:05:34.344Z,0,20.21,50,OK
2026-02-15T11:05:34.394Z,0,20.19,50,OK
2026-02-15T11:05:34.444Z,0,20.18,50,OK
2026-02-15T11:05:34.495Z,0,20.23,50,OK
2026-02-15T11:05:34.545Z,0,20.18,50,OK
2026-02-15T11:05:34.596Z,0,20.33,50,OK
2026-02-15T11:05:34.647Z,0,20.29,50,OK
2026-02-15T11:05:34.697Z,0,20.23,50,OK
2026-02-15T11:05:34.747Z,0,20.36,50,OK
2026-02-15T11:05:34.797Z,0,20.31,50,OK
2026-02-15T11:05:34.847Z,0,20.15,50,OK
2026-02-15T11:05:34.897Z,0,20.23,50,OK
2026-02-15T11:05:34.948Z,0,20.44,50,OK
2026-02-15T11:05:34.999Z,0,20.39,50,OK
2026-02-15T11:05:35.049Z,0,20.10,50,OK
2026-02-15T11:05:35.099Z,0,20.34,50,OK
2026-02-15T11:05:35.149Z,0,20.48,50,OK
2026-02-15T11:05:35.199Z,0,20.26,50,OK
2026-02-15T11:05:35.250Z,0,20.23,50,OK
2026-02-15T11:05:35.301Z,0,20.29,50,OK
2026-02-15T11:05:35.351Z,0,19.92,50,OK
2026-02-15T11:05:35.401Z,0,20.36,50,OK
2026-02-15T11:05:35.451Z,0,20.37,50,OK
2026-02-15T11:05:35.502Z,0,20.26,50,OK
2026-02-15T11:05:35.552Z,0,20.30,50,OK
2026-02-15T11:05:35.603Z,0,20.28,50,OK
2026-02-15T11:05:35.653Z,0,20.39,50,OK
2026-02-15T11:05:35.704Z,0,20.21,50,OK
2026-02-15T11:05:35.754Z,0,20.36,50,OK
2026-02-15T11:05:35.805Z,0,20.28,50,OK
2026-02-15T11:05:35.855Z,0,20.63,50,OK
2026-02-15T11:05:35.905Z,0,20.39,50,OK
2026-02-15T11:05:35.955Z,0,20.19,50,OK
2026-02-15T11:05:36.005Z,0,20.37,50,OK
2026-02-15T11:05:36.055Z,0,20.28,50,OK
2026-02-15T11:05:36.106Z,0,20.28,50,OK
2026-02-15T11:05:36.157Z,0,20.24,50,OK
2026-02-15T11:05:36.207Z,0,20.14,50,OK
2026-02-15T11:05:36.256Z,0,20.24,50,OK
2026-02-15T11:05:36.307Z,0,20.26,50,OK
2026-02-15T11:05:36.357Z,0,20.19,50,OK
2026-02-15T11:05:36.407Z,0,19.54,50,OK
2026-02-15T11:05:36.457Z,0,20.23,50,OK
2026-02-15T11:05:36.507Z,0,20.29,50,OK
2026-02-15T11:05:36.557Z,0,20.28,50,OK
2026-02-15T11:05:36.606Z,0,20.23,50,OK
2026-02-15T11:05:36.657Z,0,20.29,50,OK
2026-02-15T11:05:36.706Z,0,20.09,50,OK
2026-02-15T11:05:36.757Z,0,20.18,50,OK
2026-02-15T11:05:36.807Z,0,20.54,50,OK
2026-02-15T11:05:36.857Z,0,20.24,50,OK
2026-02-15T11:05:36.907Z,0,20.30,50,OK
2026-02-15T11:05:36.957Z,0,20.28,50,OK
2026-02-15T11:05:37.007Z,0,20.29,50,OK
2026-02-15T11:05:37.057Z,0,20.23,50,OK
2026-02-15T11:05:37.107Z,0,20.23,50,OK
2026-02-15T11:05:37.157Z,0,20.24,50,OK
2026-02-15T11:05:37.207Z,0,20.29,50,OK
2026-02-15T11:05:37.257Z,0,20.26,50,OK
2026-02-15T11:05:37.308Z,0,20.21,50,OK
2026-02-15T11:05:37.358Z,0,20.26,50,OK
2026-02-15T11:05:37.407Z,0,20.19,50,OK
2026-02-15T11:05:37.458Z,0,20.24,50,OK
2026-02-15T11:05:37.508Z,0,20.41,50,OK
2026-02-15T11:05:37.558Z,0,20.23,50,OK
2026-02-15T11:05:37.608Z,0,19.89,50,OK
2026-02-15T11:05:37.659Z,0,20.24,50,OK
2026-02-15T11:05:37.709Z,0,20.19,50,OK
2026-02-15T11:05:37.759Z,0,20.39,50,OK
2026-02-15T11:05:37.809Z,0,20.21,50,OK
2026-02-15T11:05:37.860Z,0,20.60,50,OK
2026-02-15T11:05:37.910Z,0,19.91,50,OK
2026-02-15T11:05:37.961Z,0,20.36,50,OK
2026-02-15T11:05:38.011Z,0,20.36,50,OK
2026-02-15T11:05:38.060Z,0,20.50,50,OK
2026-02-15T11:05:38.112Z,0,20.31,50,OK
2026-02-15T11:05:38.162Z,0,19.82,50,OK
2026-02-15T11:05:38.212Z,0,20.32,50,OK
2026-02-15T11:05:38.262Z,0,20.23,50,OK
2026-02-15T11:05:38.312Z,0,20.28,50,OK
2026-02-15T11:05:38.362Z,0,20.23,50,OK
2026-02-15T11:05:38.413Z,0,20.21,50,OK
2026-02-15T11:05:38.463Z,0,20.20,50,OK
2026-02-15T11:05:38.513Z,0,20.23,50,OK
2026-02-15T11:05:38.564Z,0,20.33,50,OK
2026-02-15T11:05:38.614Z,0,20.29,50,OK
2026-02-15T11:05:38.664Z,0,20.34,50,OK
2026-02-15T11:05:38.714Z,0,20.37,50,OK
2026-02-15T11:05:38.764Z,0,20.22,50,OK
2026-02-15T11:05:38.814Z,0,20.28,50,OK
2026-02-15T11:05:38.864Z,0,20.37,50,OK
2026-02-15T11:05:38.914Z,0,20.26,50,OK
2026-02-15T11:05:38.964Z,0,20.25,50,OK
2026-02-15T11:05:39.014Z,0,20.18,50,OK
2026-02-15T11:05:39.064Z,0,20.28,50,OK
2026-02-15T11:05:39.114Z,0,20.16,50,OK
2026-02-15T11:05:39.163Z,0,20.14,50,OK
2026-02-15T11:05:39.214Z,0,20.16,50,OK
2026-02-15T11:05:39.264Z,0,20.14,50,OK
2026-02-15T11:05:39.314Z,0,20.36,50,OK
2026-02-15T11:05:39.365Z,0,20.18,50,OK
2026-02-15T11:05:39.415Z,0,20.20,50,OK
2026-02-15T11:05:39.465Z,0,20.16,50,OK
2026-02-15T11:05:39.516Z,0,20.17,50,OK
2026-02-15T11:05:39.566Z,0,20.21,50,OK
2026-02-15T11:05:39.617Z,0,20.21,50,OK
2026-02-15T11:05:39.668Z,0,20.26,50,OK
2026-02-15T11:05:39.718Z,0,20.28,50,OK
2026-02-15T11:05:39.769Z,0,20.21,50,OK
2026-02-15T11:05:39.820Z,0,20.41,50,OK
2026-02-15T11:05:39.870Z,0,20.24,50,OK
2026-02-15T11:05:39.921Z,0,19.72,50,OK
2026-02-15T11:05:39.971Z,0,20.31,50,OK
2026-02-15T11:05:40.021Z,0,20.28,50,OK
2026-02-15T11:05:40.071Z,0,20.18,50,OK
2026-02-15T11:05:40.121Z,0,20.33,50,OK
2026-02-15T11:05:40.171Z,0,20.37,50,OK
2026-02-15T11:05:40.220Z,0,20.49,50,OK
2026-02-15T11:05:40.271Z,0,20.26,50,OK
2026-02-15T11:05:40.322Z,0,20.44,50,OK
2026-02-15T11:05:40.370Z,0,20.14,50,OK
2026-02-15T11:05:40.421Z,0,20.19,50,OK
2026-02-15T11:05:40.471Z,0,20.33,50,OK
2026-02-15T11:05:40.521Z,0,20.19,50,OK
2026-02-15T11:05:40.571Z,0,20.25,50,OK
2026-02-15T11:05:40.621Z,0,20.16,50,OK
2026-02-15T11:05:40.671Z,0,20.20,50,OK
2026-02-15T11:05:40.721Z,0,20.31,50,OK
2026-02-15T11:05:40.771Z,0,20.19,50,OK
2026-02-15T11:05:40.821Z,0,20.18,50,OK
2026-02-15T11:05:40.872Z,0,20.19,50,OK
2026-02-15T11:05:40.922Z,0,20.21,50,OK
2026-02-15T11:05:40.972Z,0,20.16,50,OK
2026-02-15T11:05:41.023Z,0,20.16,50,OK
2026-02-15T11:05:41.073Z,0,20.23,50,OK
2026-02-15T11:05:41.123Z,0,20.16,50,OK
2026-02-15T11:05:41.174Z,0,20.22,50,OK
2026-02-15T11:05:41.224Z,0,20.21,50,OK
2026-02-15T11:05:41.274Z,0,20.39,50,OK
2026-02-15T11:05:41.324Z,0,20.21,50,OK
2026-02-15T11:05:41.374Z,0,20.19,50,OK
2026-02-15T11:05:41.424Z,0,20.16,50,OK
2026-02-15T11:05:41.473Z,0,20.19,50,OK
2026-02-15T11:05:41.524Z,0,20.16,50,OK
2026-02-15T11:05:41.574Z,0,20.17,50,OK
2026-02-15T11:05:41.624Z,0,20.18,50,OK
2026-02-15T11:05:41.673Z,0,20.18,50,OK
2026-02-15T11:05:41.724Z,0,20.21,50,OK
2026-02-15T11:05:41.774Z,0,20.21,50,OK
2026-02-15T11:05:41.824Z,0,20.38,50,OK
2026-02-15T11:05:41.874Z,0,20.19,50,OK
2026-02-15T11:05:41.925Z,0,20.19,50,OK
2026-02-15T11:05:41.976Z,0,20.21,50,OK
2026-02-15T11:05:42.026Z,0,20.28,50,OK
2026-02-15T11:05:42.076Z,0,20.16,50,OK
2026-02-15T11:05:42.126Z,0,20.19,50,OK
2026-02-15T11:05:42.176Z,0,20.18,50,OK
2026-02-15T11:05:42.226Z,0,20.24,50,OK
2026-02-15T11:05:42.276Z,0,20.18,50,OK
2026-02-15T11:05:42.326Z,0,20.26,50,OK
2026-02-15T11:05:42.376Z,0,20.14,50,OK
2026-02-15T11:05:42.426Z,0,20.25,50,OK
2026-02-15T11:05:42.476Z,0,20.18,50,OK
2026-02-15T11:05:42.526Z,0,20.34,50,OK
2026-02-15T11:05:42.576Z,0,20.19,50,OK
2026-02-15T11:05:42.626Z,0,20.66,50,OK
2026-02-15T11:05:42.676Z,0,20.26,50,OK
2026-02-15T11:05:42.726Z,0,20.34,50,OK
2026-02-15T11:05:42.776Z,0,20.26,50,OK
2026-02-15T11:05:42.826Z,0,19.86,50,OK
2026-02-15T11:05:42.877Z,0,20.34,50,OK
2026-02-15T11:05:42.928Z,0,19.89,50,OK
2026-02-15T11:05:42.978Z,0,20.21,50,OK
2026-02-15T11:05:43.028Z,0,19.86,50,OK
2026-02-15T11:05:43.078Z,0,20.13,50,OK
2026-02-15T11:05:43.128Z,0,20.24,50,OK
2026-02-15T11:05:43.180Z,0,20.03,50,OK
2026-02-15T11:05:43.230Z,0,20.14,50,OK
2026-02-15T11:05:43.281Z,0,20.23,50,OK
2026-02-15T11:05:43.331Z,0,19.92,50,OK
2026-02-15T11:05:43.381Z,0,20.16,50,OK
2026-02-15T11:05:43.432Z,0,20.36,50,OK
2026-02-15T11:05:43.483Z,0,20.26,50,OK
2026-02-15T11:05:43.533Z,0,20.38,50,OK
2026-02-15T11:05:43.584Z,0,20.18,50,OK
2026-02-15T11:05:43.634Z,0,19.91,50,OK
2026-02-15T11:05:43.684Z,0,20.26,50,OK
2026-02-15T11:05:43.735Z,0,19.78,50,OK
2026-02-15T11:05:43.785Z,0,20.19,50,OK
2026-02-15T11:05:43.835Z,0,20.35,50,OK
2026-02-15T11:05:43.886Z,0,20.18,50,OK
2026-02-15T11:05:43.935Z,0,20.41,50,OK
2026-02-15T11:05:43.986Z,0,20.18,50,OK
2026-02-15T11:05:44.036Z,0,20.38,50,OK
2026-02-15T11:05:44.087Z,0,20.21,50,OK
2026-02-15T11:05:44.138Z,0,20.32,50,OK
2026-02-15T11:05:44.188Z,0,20.16,50,OK
2026-02-15T11:05:44.238Z,0,19.85,50,OK
2026-02-15T11:05:44.288Z,0,20.18,50,OK
2026-02-15T11:05:44.338Z,0,19.84,50,OK
2026-02-15T11:05:44.388Z,0,20.19,50,OK
2026-02-15T11:05:44.438Z,0,20.21,50,OK
2026-02-15T11:05:44.488Z,0,20.45,50,OK
2026-02-15T11:05:44.538Z,0,20.28,50,OK
2026-02-15T11:05:44.588Z,0,20.16,50,OK
2026-02-15T11:05:44.638Z,0,20.18,50,OK
2026-02-15T11:05:44.688Z,0,20.27,50,OK
2026-02-15T11:05:44.738Z,0,20.18,50,OK
2026-02-15T11:05:44.788Z,0,20.17,50,OK
2026-02-15T11:05:44.838Z,0,20.19,50,OK
2026-02-15T11:05:44.889Z,0,20.15,50,OK
2026-02-15T11:05:44.939Z,0,20.23,50,OK
2026-02-15T11:05:44.990Z,0,20.21,50,OK
2026-02-15T11:05:45.040Z,0,20.19,50,OK
2026-02-15T11:05:45.090Z,0,20.19,50,OK
2026-02-15T11:05:45.140Z,0,20.31,50,OK
2026-02-15T11:05:45.190Z,0,20.19,50,OK
2026-02-15T11:05:45.240Z,0,20.18,50,OK
2026-02-15T11:05:45.290Z,0,20.19,50,OK
2026-02-15T11:05:45.340Z,0,20.19,50,OK
2026-02-15T11:05:45.391Z,0,20.24,50,OK
2026-02-15T11:05:45.441Z,0,20.19,50,OK
2026-02-15T11:05:45.492Z,0,20.20,50,OK
2026-02-15T11:05:45.542Z,0,20.19,50,OK
2026-02-15T11:05:45.591Z,0,20.21,50,OK
2026-02-15T11:05:45.642Z,0,20.16,50,OK
2026-02-15T11:05:45.692Z,0,20.21,50,OK
2026-02-15T11:05:45.742Z,0,20.31,50,OK
2026-02-15T11:05:45.792Z,0,20.14,50,OK
2026-02-15T11:05:45.842Z,0,20.64,50,OK
2026-02-15T11:05:45.892Z,0,20.26,50,OK
2026-02-15T11:05:45.943Z,0,20.29,50,OK
2026-02-15T11:05:45.993Z,0,20.21,50,OK
2026-02-15T11:05:46.043Z,0,20.37,50,OK
2026-02-15T11:05:46.093Z,0,20.18,50,OK
2026-02-15T11:05:46.143Z,0,19.80,50,OK
2026-02-15T11:05:46.193Z,0,20.19,50,OK
2026-02-15T11:05:46.243Z,0,20.46,50,OK
2026-02-15T11:05:46.293Z,0,20.21,50,OK
2026-02-15T11:05:46.343Z,0,19.86,50,OK
2026-02-15T11:05:46.393Z,0,20.18,50,OK
2026-02-15T11:05:46.443Z,0,20.48,50,OK
2026-02-15T11:05:46.493Z,0,20.28,50,OK
2026-02-15T11:05:46.544Z,0,20.34,50,OK
2026-02-15T11:05:46.594Z,0,20.29,50,OK
2026-02-15T11:05:46.644Z,0,19.91,50,OK
2026-02-15T11:05:46.694Z,0,20.23,50,OK
2026-02-15T11:05:46.745Z,0,19.81,50,OK
2026-02-15T11:05:46.795Z,0,20.14,50,OK
2026-02-15T11:05:46.845Z,0,19.87,50,OK
2026-02-15T11:05:46.896Z,0,20.21,50,OK
2026-02-15T11:05:46.946Z,0,19.88,50,OK
2026-02-15T11:05:46.996Z,0,20.21,50,OK
2026-02-15T11:05:47.047Z,0,20.37,50,OK
2026-02-15T11:05:47.097Z,0,20.16,50,OK
2026-02-15T11:05:47.148Z,0,20.34,50,OK
2026-02-15T11:05:47.198Z,0,19.26,50,OK
2026-02-15T11:05:47.248Z,0,20.58,50,OK
2026-02-15T11:05:47.298Z,0,20.18,50,OK
2026-02-15T11:05:47.348Z,0,19.92,50,OK
2026-02-15T11:05:47.398Z,0,20.19,50,OK
2026-02-15T11:05:47.448Z,0,19.96,50,OK
2026-02-15T11:05:47.498Z,0,20.19,50,OK
2026-02-15T11:05:47.548Z,0,19.79,50,OK
2026-02-15T11:05:47.598Z,0,20.18,50,OK
2026-02-15T11:05:47.648Z,0,19.84,50,OK
2026-02-15T11:05:47.698Z,0,20.21,50,OK
2026-02-15T11:05:47.748Z,0,19.82,50,OK
2026-02-15T11:05:47.798Z,0,20.18,50,OK
2026-02-15T11:05:47.848Z,0,20.42,50,OK
2026-02-15T11:05:47.898Z,0,20.23,50,OK
2026-02-15T11:05:47.949Z,0,20.50,50,OK
2026-02-15T11:05:48.001Z,0,20.36,50,OK
2026-02-15T11:05:48.051Z,0,19.88,50,OK
2026-02-15T11:05:48.101Z,0,20.34,50,OK
2026-02-15T11:05:48.151Z,0,20.59,50,OK
2026-02-15T11:05:48.202Z,0,20.29,50,OK
2026-02-15T11:05:48.252Z,0,19.99,50,OK
2026-02-15T11:05:48.302Z,0,20.14,50,OK
2026-02-15T11:05:48.352Z,0,20.40,50,OK
2026-02-15T11:05:48.402Z,0,20.19,50,OK
2026-02-15T11:05:48.452Z,0,19.88,50,OK
2026-02-15T11:05:48.502Z,0,20.24,50,OK
2026-02-15T11:05:48.552Z,0,19.91,50,OK
2026-02-15T11:05:48.602Z,0,20.26,50,OK
2026-02-15T11:05:48.652Z,0,20.42,50,OK
2026-02-15T11:05:48.703Z,0,20.23,50,OK
2026-02-15T11:05:48.753Z,0,20.28,50,OK
2026-02-15T11:05:48.803Z,0,20.55,50,OK
2026-02-15T11:05:48.853Z,0,20.37,50,OK
2026-02-15T11:05:48.903Z,0,20.24,50,OK
2026-02-15T11:05:48.953Z,0,20.26,50,OK
2026-02-15T11:05:49.003Z,0,20.21,50,OK
2026-02-15T11:05:49.054Z,0,20.26,50,OK
2026-02-15T11:05:49.104Z,0,20.25,50,OK
2026-02-15T11:05:49.154Z,0,20.37,50,OK
2026-02-15T11:05:49.203Z,0,20.23,50,OK
2026-02-15T11:05:49.255Z,0,20.18,50,OK
2026-02-15T11:05:49.306Z,0,20.26,50,OK
2026-02-15T11:05:49.357Z,0,20.31,50,OK
2026-02-15T11:05:49.408Z,0,20.19,50,OK
2026-02-15T11:05:49.458Z,0,20.29,50,OK
2026-02-15T11:05:49.508Z,0,20.21,50,OK
2026-02-15T11:05:49.558Z,0,20.28,50,OK
2026-02-15T11:05:49.608Z,0,20.28,50,OK
2026-02-15T11:05:49.658Z,0,20.28,50,OK
2026-02-15T11:05:49.708Z,0,20.27,50,OK
2026-02-15T11:05:49.759Z,0,20.14,50,OK
2026-02-15T11:05:49.810Z,0,20.26,50,OK
2026-02-15T11:05:49.860Z,0,20.13,50,OK
2026-02-15T11:05:49.910Z,0,20.18,50,OK
2026-02-15T11:05:49.960Z,0,20.29,50,OK
2026-02-15T11:05:50.010Z,0,20.30,50,OK
2026-02-15T11:05:50.060Z,0,20.39,50,OK
2026-02-15T11:05:50.110Z,0,20.26,50,OK
2026-02-15T11:05:50.160Z,0,20.18,50,OK
2026-02-15T11:05:50.209Z,0,20.24,50,OK
2026-02-15T11:05:50.260Z,0,20.24,50,OK
2026-02-15T11:05:50.310Z,0,20.31,50,OK
2026-02-15T11:05:50.360Z,0,20.33,50,OK
2026-02-15T11:05:50.410Z,0,20.14,50,OK
2026-02-15T11:05:50.460Z,0,20.31,50,OK
2026-02-15T11:05:50.511Z,0,20.19,50,OK
2026-02-15T11:05:50.561Z,0,20.43,50,OK
2026-02-15T11:05:50.611Z,0,20.36,50,OK
2026-02-15T11:05:50.662Z,0,20.53,50,OK
2026-02-15T11:05:50.712Z,0,20.13,50,OK
2026-02-15T11:05:50.763Z,0,20.03,50,OK
2026-02-15T11:05:50.813Z,0,20.29,50,OK
2026-02-15T11:05:50.864Z,0,20.28,50,OK
2026-02-15T11:05:50.915Z,0,20.13,50,OK
2026-02-15T11:05:50.965Z,0,20.05,50,OK
2026-02-15T11:05:51.016Z,0,20.29,50,OK
2026-02-15T11:05:51.066Z,0,20.07,50,OK
2026-02-15T11:05:51.116Z,0,20.21,50,OK
2026-02-15T11:05:51.166Z,0,20.30,50,OK
2026-02-15T11:05:51.216Z,0,20.21,50,OK
2026-02-15T11:05:51.266Z,0,20.19,50,OK
2026-02-15T11:05:51.317Z,0,20.28,50,OK
2026-02-15T11:05:51.367Z,0,19.87,50,OK
2026-02-15T11:05:51.418Z,0,20.26,50,OK
2026-02-15T11:05:51.468Z,0,20.42,50,OK
2026-02-15T11:05:51.519Z,0,20.23,50,OK
2026-02-15T11:05:51.569Z,0,19.95,50,OK
2026-02-15T11:05:51.619Z,0,20.28,50,OK
2026-02-15T11:05:51.669Z,0,20.07,50,OK
2026-02-15T11:05:51.719Z,0,20.21,50,OK
2026-02-15T11:05:51.769Z,0,20.46,50,OK
2026-02-15T11:05:51.820Z,0,20.24,50,OK
2026-02-15T11:05:51.870Z,0,19.80,50,OK
2026-02-15T11:05:51.920Z,0,20.23,50,OK
2026-02-15T11:05:51.970Z,0,20.47,50,OK
2026-02-15T11:05:52.020Z,0,20.39,50,OK
2026-02-15T11:05:52.070Z,0,19.92,50,OK
2026-02-15T11:05:52.120Z,0,20.23,50,OK
2026-02-15T11:05:52.170Z,0,19.85,50,OK
2026-02-15T11:05:52.220Z,0,20.24,50,OK
2026-02-15T11:05:52.271Z,0,20.41,50,OK
2026-02-15T11:05:52.322Z,0,20.39,50,OK
2026-02-15T11:05:52.372Z,0,20.42,50,OK
2026-02-15T11:05:52.422Z,0,20.32,50,OK
2026-02-15T11:05:52.472Z,0,19.95,50,OK
2026-02-15T11:05:52.522Z,0,20.14,50,OK
2026-02-15T11:05:52.573Z,0,20.44,50,OK
2026-02-15T11:05:52.623Z,0,20.26,50,OK
2026-02-15T11:05:52.673Z,0,20.23,50,OK
2026-02-15T11:05:52.723Z,0,20.32,50,OK
2026-02-15T11:05:52.774Z,0,19.99,50,OK
2026-02-15T11:05:52.824Z,0,20.39,50,OK
2026-02-15T11:05:52.875Z,0,20.42,50,OK
2026-02-15T11:05:52.915Z,0,20.13,50,OK
2026-02-15T11:05:52.965Z,0,20.02,50,OK
2026-02-15T11:05:53.015Z,0,20.23,50,OK
2026-02-15T11:05:53.065Z,0,20.37,50,OK
2026-02-15T11:05:53.116Z,0,20.29,50,OK
2026-02-15T11:05:53.166Z,0,20.26,50,OK
2026-02-15T11:05:53.216Z,0,20.24,50,OK
2026-02-15T11:05:53.266Z,0,20.24,50,OK
2026-02-15T11:05:53.316Z,0,20.22,50,OK
2026-02-15T11:05:53.368Z,0,20.31,50,OK
2026-02-15T11:05:53.418Z,0,20.23,50,OK
2026-02-15T11:05:53.468Z,0,20.18,50,OK
2026-02-15T11:05:53.518Z,0,20.26,50,OK
2026-02-15T11:05:53.568Z,0,20.26,50,OK
2026-02-15T11:05:53.618Z,0,20.25,50,OK
2026-02-15T11:05:53.668Z,0,20.16,50,OK
2026-02-15T11:05:53.718Z,0,20.26,50,OK
2026-02-15T11:05:53.768Z,0,20.36,50,OK
2026-02-15T11:05:53.819Z,0,20.64,50,OK
2026-02-15T11:05:53.869Z,0,20.31,50,OK
2026-02-15T11:05:53.919Z,0,20.26,50,OK
2026-02-15T11:05:53.970Z,0,20.18,50,OK
2026-02-15T11:05:54.019Z,0,20.32,50,OK
2026-02-15T11:05:54.070Z,0,20.36,50,OK
2026-02-15T11:05:54.121Z,0,20.29,50,OK
2026-02-15T11:05:54.171Z,0,20.24,50,OK
2026-02-15T11:05:54.221Z,0,20.16,50,OK
2026-02-15T11:05:54.271Z,0,20.36,50,OK
2026-02-15T11:05:54.321Z,0,20.28,50,OK
2026-02-15T11:05:54.371Z,0,20.10,50,OK
2026-02-15T11:05:54.421Z,0,20.31,50,OK
2026-02-15T11:05:54.471Z,0,20.41,50,OK
2026-02-15T11:05:54.521Z,0,20.13,50,OK
2026-02-15T11:05:54.571Z,0,20.32,50,OK
2026-02-15T11:05:54.621Z,0,20.19,50,OK
2026-02-15T11:05:54.672Z,0,20.02,50,OK
2026-02-15T11:05:54.722Z,0,20.23,50,OK
2026-02-15T11:05:54.772Z,0,20.00,50,OK
2026-02-15T11:05:54.822Z,0,20.29,50,OK
2026-02-15T11:05:54.872Z,0,20.43,50,OK
2026-02-15T11:05:54.923Z,0,20.32,50,OK
2026-02-15T11:05:54.973Z,0,20.50,50,OK
2026-02-15T11:05:55.023Z,0,20.26,50,OK
2026-02-15T11:05:55.074Z,0,20.52,50,OK
2026-02-15T11:05:55.124Z,0,20.29,50,OK
2026-02-15T11:05:55.175Z,0,19.97,50,OK
2026-02-15T11:05:55.226Z,0,20.14,50,OK
2026-02-15T11:05:55.276Z,0,20.48,50,OK
2026-02-15T11:05:55.327Z,0,20.28,50,OK
2026-02-15T11:05:55.377Z,0,20.31,50,OK
2026-02-15T11:05:55.428Z,0,20.34,50,OK
2026-02-15T11:05:55.478Z,0,20.01,50,OK
2026-02-15T11:05:55.528Z,0,20.26,50,OK
2026-02-15T11:05:55.579Z,0,20.42,50,OK
2026-02-15T11:05:55.630Z,0,20.39,50,OK
2026-02-15T11:05:55.681Z,0,20.37,50,OK
2026-02-15T11:05:55.732Z,0,20.36,50,OK
2026-02-15T11:05:55.782Z,0,20.39,50,OK
2026-02-15T11:05:55.833Z,0,20.32,50,OK
2026-02-15T11:05:55.883Z,0,19.90,50,OK
2026-02-15T11:05:55.933Z,0,20.24,50,OK
2026-02-15T11:05:55.983Z,0,20.42,50,OK
2026-02-15T11:05:56.033Z,0,20.29,50,OK
2026-02-15T11:05:56.083Z,0,20.37,50,OK
2026-02-15T11:05:56.133Z,0,20.54,50,OK
2026-02-15T11:05:56.183Z,0,20.32,50,OK
2026-02-15T11:05:56.233Z,0,20.22,50,OK
2026-02-15T11:05:56.283Z,0,20.55,50,OK
2026-02-15T11:05:56.335Z,0,20.32,50,OK
2026-02-15T11:05:56.385Z,0,20.49,50,OK
2026-02-15T11:05:56.435Z,0,20.26,50,OK
2026-02-15T11:05:56.485Z,0,20.55,50,OK
2026-02-15T11:05:56.535Z,0,20.27,50,OK
2026-02-15T11:05:56.585Z,0,19.54,50,OK
2026-02-15T11:05:56.635Z,0,20.28,50,OK
2026-02-15T11:05:56.685Z,0,20.54,50,OK
2026-02-15T11:05:56.735Z,0,20.23,50,OK
2026-02-15T11:05:56.785Z,0,20.41,50,OK
2026-02-15T11:05:56.836Z,0,20.23,50,OK
2026-02-15T11:05:56.887Z,0,20.57,50,OK
2026-02-15T11:05:56.938Z,0,20.29,50,OK
2026-02-15T11:05:56.988Z,0,19.64,50,OK
2026-02-15T11:05:57.038Z,0,20.25,50,OK
2026-02-15T11:05:57.088Z,0,19.73,50,OK
2026-02-15T11:05:57.138Z,0,20.22,50,OK
2026-02-15T11:05:57.188Z,0,20.70,50,OK
2026-02-15T11:05:57.239Z,0,20.32,50,OK
2026-02-15T11:05:57.289Z,0,19.79,50,OK
2026-02-15T11:05:57.340Z,0,20.32,50,OK
2026-02-15T11:05:57.390Z,0,20.30,50,OK
2026-02-15T11:05:57.440Z,0,20.26,50,OK
2026-02-15T11:05:57.490Z,0,20.19,50,OK
2026-02-15T11:05:57.540Z,0,20.24,50,OK
2026-02-15T11:05:57.592Z,0,20.25,50,OK
2026-02-15T11:05:57.643Z,0,20.27,50,OK
2026-02-15T11:05:57.693Z,0,20.47,50,OK
2026-02-15T11:05:57.744Z,0,20.27,50,OK
2026-02-15T11:05:57.794Z,0,20.50,50,OK
2026-02-15T11:05:57.843Z,0,20.27,50,OK
2026-02-15T11:05:57.894Z,0,19.67,50,OK
2026-02-15T11:05:57.944Z,0,20.31,50,OK
2026-02-15T11:05:57.994Z,0,20.41,50,OK
2026-02-15T11:05:58.044Z,0,20.28,50,OK
2026-02-15T11:05:58.094Z,0,20.46,50,OK
2026-02-15T11:05:58.145Z,0,20.34,50,OK
2026-02-15T11:05:58.196Z,0,20.50,50,OK
2026-02-15T11:05:58.247Z,0,20.34,50,OK
2026-02-15T11:05:58.297Z,0,20.51,50,OK
2026-02-15T11:05:58.347Z,0,20.32,50,OK
2026-02-15T11:05:58.397Z,0,20.37,50,OK
2026-02-15T11:05:58.448Z,0,20.41,50,OK
2026-02-15T11:05:58.498Z,0,20.32,50,OK
2026-02-15T11:05:58.548Z,0,20.31,50,OK
2026-02-15T11:05:58.599Z,0,20.50,50,OK
2026-02-15T11:05:58.649Z,0,20.29,50,OK
2026-02-15T11:05:58.699Z,0,20.44,50,OK
2026-02-15T11:05:58.749Z,0,20.18,50,OK
2026-02-15T11:05:58.799Z,0,19.82,50,OK
2026-02-15T11:05:58.850Z,0,20.28,50,OK
2026-02-15T11:05:58.900Z,0,20.42,50,OK
2026-02-15T11:05:58.950Z,0,20.36,50,OK
2026-02-15T11:05:59.000Z,0,19.98,50,OK
2026-02-15T11:05:59.051Z,0,20.39,50,OK
2026-02-15T11:05:59.101Z,0,19.99,50,OK
2026-02-15T11:05:59.151Z,0,20.60,50,OK
2026-02-15T11:05:59.201Z,0,19.89,50,OK
2026-02-15T11:05:59.251Z,0,20.11,50,OK
2026-02-15T11:05:59.300Z,0,20.46,50,OK
2026-02-15T11:05:59.351Z,0,20.32,50,OK
2026-02-15T11:05:59.401Z,0,20.50,50,OK
2026-02-15T11:05:59.452Z,0,20.00,50,OK
2026-02-15T11:05:59.502Z,0,19.55,50,OK
2026-02-15T11:05:59.552Z,0,19.96,50,OK
2026-02-15T11:05:59.602Z,0,19.59,50,OK
2026-02-15T11:05:59.652Z,0,20.10,50,OK
2026-02-15T11:05:59.702Z,0,20.60,50,OK
2026-02-15T11:05:59.752Z,0,20.32,50,OK
2026-02-15T11:05:59.802Z,0,20.64,50,OK
2026-02-15T11:05:59.852Z,0,20.32,50,OK
2026-02-15T11:05:59.902Z,0,20.47,50,OK
2026-02-15T11:05:59.953Z,0,20.23,50,OK
2026-02-15T11:06:00.004Z,0,20.80,50,OK
2026-02-15T11:06:00.054Z,0,20.25,50,OK
2026-02-15T11:06:00.104Z,0,20.67,50,OK
2026-02-15T11:06:00.155Z,0,20.23,50,OK
2026-02-15T11:06:00.205Z,0,19.55,50,OK
2026-02-15T11:06:00.255Z,0,20.22,50,OK
2026-02-15T11:06:00.305Z,0,20.46,50,OK
2026-02-15T11:06:00.356Z,0,20.32,50,OK
2026-02-15T11:06:00.406Z,0,20.57,50,OK
2026-02-15T11:06:00.457Z,0,20.20,50,OK
2026-02-15T11:06:00.507Z,0,21.00,50,OK
2026-02-15T11:06:00.557Z,0,20.24,50,OK
2026-02-15T11:06:00.608Z,0,20.07,50,OK
2026-02-15T11:06:00.658Z,0,20.32,50,OK
2026-02-15T11:06:00.708Z,0,19.87,50,OK
2026-02-15T11:06:00.758Z,0,20.16,50,OK
2026-02-15T11:06:00.808Z,0,20.34,50,OK
2026-02-15T11:06:00.858Z,0,20.18,50,OK
2026-02-15T11:06:00.908Z,0,20.26,50,OK
2026-02-15T11:06:00.958Z,0,20.24,50,OK
2026-02-15T11:06:01.008Z,0,19.85,50,OK
2026-02-15T11:06:01.058Z,0,20.19,50,OK
2026-02-15T11:06:01.108Z,0,19.89,50,OK
2026-02-15T11:06:01.158Z,0,20.37,50,OK
2026-02-15T11:06:01.208Z,0,19.87,50,OK
2026-02-15T11:06:01.259Z,0,20.42,50,OK
2026-02-15T11:06:01.309Z,0,20.37,50,OK
2026-02-15T11:06:01.360Z,0,20.23,50,OK
2026-02-15T11:06:01.410Z,0,20.38,50,OK
2026-02-15T11:06:01.460Z,0,20.28,50,OK
2026-02-15T11:06:01.510Z,0,19.91,50,OK
2026-02-15T11:06:01.561Z,0,20.34,50,OK
2026-02-15T11:06:01.612Z,0,20.37,50,OK
2026-02-15T11:06:01.664Z,0,20.24,50,OK
2026-02-15T11:06:01.714Z,0,20.43,50,OK
2026-02-15T11:06:01.764Z,0,20.24,50,OK
2026-02-15T11:06:01.815Z,0,19.83,50,OK
2026-02-15T11:06:01.866Z,0,20.31,50,OK
2026-02-15T11:06:01.916Z,0,20.59,50,OK
2026-02-15T11:06:01.966Z,0,20.26,50,OK
2026-02-15T11:06:02.016Z,0,20.38,50,OK
2026-02-15T11:06:02.066Z,0,20.28,50,OK
2026-02-15T11:06:02.116Z,0,20.44,50,OK
2026-02-15T11:06:02.166Z,0,20.28,50,OK
2026-02-15T11:06:02.216Z,0,20.57,50,OK
2026-02-15T11:06:02.266Z,0,20.26,50,OK
2026-02-15T11:06:02.316Z,0,20.46,50,OK
2026-02-15T11:06:02.367Z,0,20.16,50,OK
2026-02-15T11:06:02.417Z,0,19.42,50,OK
2026-02-15T11:06:02.467Z,0,20.28,50,OK
2026-02-15T11:06:02.517Z,0,19.78,50,OK
2026-02-15T11:06:02.567Z,0,20.28,50,OK
2026-02-15T11:06:02.618Z,0,20.67,50,OK
2026-02-15T11:06:02.669Z,0,20.62,50,OK
2026-02-15T11:06:02.719Z,0,20.46,50,OK
2026-02-15T11:06:02.769Z,0,20.30,50,OK
2026-02-15T11:06:02.819Z,0,20.68,50,OK
2026-02-15T11:06:02.870Z,0,20.29,50,OK
2026-02-15T11:06:02.920Z,0,20.42,50,OK
2026-02-15T11:06:02.970Z,0,20.17,50,OK
2026-02-15T11:06:03.020Z,0,19.60,50,OK
2026-02-15T11:06:03.070Z,0,20.25,50,OK
2026-02-15T11:06:03.120Z,0,19.54,50,OK
2026-02-15T11:06:03.170Z,0,20.26,50,OK
2026-02-15T11:06:03.221Z,0,20.59,50,OK
2026-02-15T11:06:03.271Z,0,20.33,50,OK
2026-02-15T11:06:03.321Z,0,20.52,50,OK
2026-02-15T11:06:03.372Z,0,20.30,50,OK
2026-02-15T11:06:03.422Z,0,20.41,50,OK
2026-02-15T11:06:03.471Z,0,20.26,50,OK
2026-02-15T11:06:03.522Z,0,20.34,50,OK
2026-02-15T11:06:03.573Z,0,20.32,50,OK
2026-02-15T11:06:03.623Z,0,20.25,50,OK
2026-02-15T11:06:03.673Z,0,20.11,50,OK
2026-02-15T11:06:03.723Z,0,20.53,50,OK
2026-02-15T11:06:03.773Z,0,20.13,50,OK
2026-02-15T11:06:03.823Z,0,19.88,50,OK
2026-02-15T11:06:03.874Z,0,20.24,50,OK
2026-02-15T11:06:03.924Z,0,19.90,50,OK
2026-02-15T11:06:03.974Z,0,20.36,50,OK
2026-02-15T11:06:04.024Z,0,19.79,50,OK
2026-02-15T11:06:04.075Z,0,20.26,50,OK
2026-02-15T11:06:04.126Z,0,20.45,50,OK
2026-02-15T11:06:04.176Z,0,20.16,50,OK
2026-02-15T11:06:04.226Z,0,20.15,50,OK
2026-02-15T11:06:04.276Z,0,20.28,50,OK
2026-02-15T11:06:04.326Z,0,20.39,50,OK
2026-02-15T11:06:04.377Z,0,20.19,50,OK
2026-02-15T11:06:04.427Z,0,20.72,50,OK
2026-02-15T11:06:04.477Z,0,20.34,50,OK
2026-02-15T11:06:04.527Z,0,20.50,50,OK
2026-02-15T11:06:04.577Z,0,20.26,50,OK
2026-02-15T11:06:04.627Z,0,20.46,50,OK
2026-02-15T11:06:04.677Z,0,20.14,50,OK
2026-02-15T11:06:04.727Z,0,20.36,50,OK
2026-02-15T11:06:04.777Z,0,20.26,50,OK
2026-02-15T11:06:04.828Z,0,20.34,50,OK
2026-02-15T11:06:04.879Z,0,19.28,50,OK
2026-02-15T11:06:04.929Z,0,19.91,50,OK
2026-02-15T11:06:04.980Z,0,20.28,50,OK
2026-02-15T11:06:05.030Z,0,20.31,50,OK
2026-02-15T11:06:05.080Z,0,20.28,50,OK
2026-02-15T11:06:05.130Z,0,20.55,50,OK
2026-02-15T11:06:05.180Z,0,20.28,50,OK
2026-02-15T11:06:05.231Z,0,20.59,50,OK
2026-02-15T11:06:05.281Z,0,20.07,50,OK
2026-02-15T11:06:05.331Z,0,20.65,50,OK
2026-02-15T11:06:05.381Z,0,20.36,50,OK
2026-02-15T11:06:05.432Z,0,20.57,50,OK
2026-02-15T11:06:05.483Z,0,20.46,50,OK
2026-02-15T11:06:05.534Z,0,20.55,50,OK
2026-02-15T11:06:05.584Z,0,20.06,50,OK
2026-02-15T11:06:05.634Z,0,19.36,50,OK
2026-02-15T11:06:05.684Z,0,19.85,50,OK
2026-02-15T11:06:05.734Z,0,20.42,50,OK
2026-02-15T11:06:05.784Z,0,20.21,50,OK
2026-02-15T11:06:05.834Z,0,20.47,50,OK
2026-02-15T11:06:05.884Z,0,20.27,50,OK
2026-02-15T11:06:05.935Z,0,20.52,50,OK
2026-02-15T11:06:05.985Z,0,20.19,50,OK
2026-02-15T11:06:06.035Z,0,20.26,50,OK
2026-02-15T11:06:06.085Z,0,20.28,50,OK
2026-02-15T11:06:06.135Z,0,20.31,50,OK
2026-02-15T11:06:06.185Z,0,20.26,50,OK
2026-02-15T11:06:06.235Z,0,20.23,50,OK
2026-02-15T11:06:06.285Z,0,20.23,50,OK
2026-02-15T11:06:06.335Z,0,20.29,50,OK
2026-02-15T11:06:06.385Z,0,20.32,50,OK
2026-02-15T11:06:06.436Z,0,20.29,50,OK
2026-02-15T11:06:06.486Z,0,20.13,50,OK
2026-02-15T11:06:06.536Z,0,20.64,50,OK
2026-02-15T11:06:06.586Z,0,20.19,50,OK
2026-02-15T11:06:06.637Z,0,20.05,50,OK
2026-02-15T11:06:06.687Z,0,20.32,50,OK
2026-02-15T11:06:06.737Z,0,20.68,50,OK
2026-02-15T11:06:06.787Z,0,20.41,50,OK
2026-02-15T11:06:06.837Z,0,20.54,50,OK
2026-02-15T11:06:06.887Z,0,20.37,50,OK
2026-02-15T11:06:06.937Z,0,19.90,50,OK
2026-02-15T11:06:06.987Z,0,20.46,50,OK
2026-02-15T11:06:07.037Z,0,20.38,50,OK
2026-02-15T11:06:07.088Z,0,20.14,50,OK
2026-02-15T11:06:07.138Z,0,20.28,50,OK
2026-02-15T11:06:07.188Z,0,20.18,50,OK
2026-02-15T11:06:07.238Z,0,19.80,50,OK
2026-02-15T11:06:07.288Z,0,20.14,50,OK
2026-02-15T11:06:07.338Z,0,20.57,50,OK
2026-02-15T11:06:07.388Z,0,20.05,50,OK
2026-02-15T11:06:07.438Z,0,20.49,50,OK
2026-02-15T11:06:07.489Z,0,20.52,50,OK
2026-02-15T11:06:07.539Z,0,20.57,50,OK
2026-02-15T11:06:07.589Z,0,20.48,50,OK
2026-02-15T11:06:07.639Z,0,19.57,50,OK
2026-02-15T11:06:07.689Z,0,20.22,50,OK
2026-02-15T11:06:07.740Z,0,20.47,50,OK
2026-02-15T11:06:07.790Z,0,20.23,50,OK
2026-02-15T11:06:07.840Z,0,19.46,50,OK
2026-02-15T11:06:07.890Z,0,20.18,50,OK
2026-02-15T11:06:07.941Z,0,19.54,50,OK
2026-02-15T11:06:07.991Z,0,20.20,50,OK
2026-02-15T11:06:08.042Z,0,19.34,50,OK
2026-02-15T11:06:08.092Z,0,20.18,50,OK
2026-02-15T11:06:08.142Z,0,19.55,50,OK
2026-02-15T11:06:08.192Z,0,20.17,50,OK
2026-02-15T11:06:08.242Z,0,19.57,50,OK
2026-02-15T11:06:08.292Z,0,20.23,50,OK
2026-02-15T11:06:08.342Z,0,20.52,50,OK
2026-02-15T11:06:08.392Z,0,20.28,50,OK
2026-02-15T11:06:08.442Z,0,19.60,50,OK
2026-02-15T11:06:08.492Z,0,20.28,50,OK
2026-02-15T11:06:08.542Z,0,20.67,50,OK
2026-02-15T11:06:08.593Z,0,20.28,50,OK
2026-02-15T11:06:08.643Z,0,20.50,50,OK
2026-02-15T11:06:08.694Z,0,20.22,50,OK
2026-02-15T11:06:08.744Z,0,20.36,50,OK
2026-02-15T11:06:08.794Z,0,20.35,50,OK
2026-02-15T11:06:08.844Z,0,20.26,50,OK
2026-02-15T11:06:08.894Z,0,20.23,50,OK
2026-02-15T11:06:08.945Z,0,20.23,50,OK
2026-02-15T11:06:08.995Z,0,20.26,50,OK
2026-02-15T11:06:09.046Z,0,20.28,50,OK
2026-02-15T11:06:09.096Z,0,20.27,50,OK
2026-02-15T11:06:09.146Z,0,20.21,50,OK
2026-02-15T11:06:09.197Z,0,20.19,50,OK
2026-02-15T11:06:09.247Z,0,20.14,50,OK
2026-02-15T11:06:09.297Z,0,20.15,50,OK
2026-02-15T11:06:09.347Z,0,20.31,50,OK
2026-02-15T11:06:09.397Z,0,20.24,50,OK
2026-02-15T11:06:09.447Z,0,20.32,50,OK
2026-02-15T11:06:09.497Z,0,20.32,50,OK
2026-02-15T11:06:09.547Z,0,20.18,50,OK
2026-02-15T11:06:09.597Z,0,20.23,50,OK
2026-02-15T11:06:09.648Z,0,20.50,50,OK
2026-02-15T11:06:09.698Z,0,20.28,50,OK
2026-02-15T11:06:09.748Z,0,20.35,50,OK
2026-02-15T11:06:09.799Z,0,20.29,50,OK
2026-02-15T11:06:09.849Z,0,20.14,50,OK
2026-02-15T11:06:09.899Z,0,20.21,50,OK
2026-02-15T11:06:09.949Z,0,19.98,50,OK
2026-02-15T11:06:09.999Z,0,20.29,50,OK
2026-02-15T11:06:10.050Z,0,20.40,50,OK
2026-02-15T11:06:10.100Z,0,20.37,50,OK
2026-02-15T11:06:10.150Z,0,20.47,50,OK
2026-02-15T11:06:10.200Z,0,20.14,50,OK
2026-02-15T11:06:10.250Z,0,20.44,50,OK
2026-02-15T11:06:10.300Z,0,20.26,50,OK
2026-02-15T11:06:10.350Z,0,20.49,50,OK
2026-02-15T11:06:10.400Z,0,20.19,50,OK
2026-02-15T11:06:10.450Z,0,20.48,50,OK
2026-02-15T11:06:10.500Z,0,20.34,50,OK
2026-02-15T11:06:10.551Z,0,19.91,50,OK
2026-02-15T11:06:10.601Z,0,20.31,50,OK
2026-02-15T11:06:10.651Z,0,20.59,50,OK
2026-02-15T11:06:10.702Z,0,20.25,50,OK
2026-02-15T11:06:10.753Z,0,20.67,50,OK
2026-02-15T11:06:10.803Z,0,20.23,50,OK
2026-02-15T11:06:10.853Z,0,20.55,50,OK
2026-02-15T11:06:10.903Z,0,20.22,50,OK
2026-02-15T11:06:10.953Z,0,20.46,50,OK
2026-02-15T11:06:11.003Z,0,20.71,50,OK
2026-02-15T11:06:11.053Z,0,20.36,50,OK
2026-02-15T11:06:11.103Z,0,20.24,50,OK
2026-02-15T11:06:11.154Z,0,20.18,50,OK
2026-02-15T11:06:11.204Z,0,20.30,50,OK
2026-02-15T11:06:11.255Z,0,20.37,50,OK
2026-02-15T11:06:11.305Z,0,20.09,50,OK
2026-02-15T11:06:11.355Z,0,20.19,50,OK
2026-02-15T11:06:11.406Z,0,20.23,50,OK
2026-02-15T11:06:11.456Z,0,20.37,50,OK
2026-02-15T11:06:11.506Z,0,20.37,50,OK
2026-02-15T11:06:11.556Z,0,20.37,50,OK
2026-02-15T11:06:11.607Z,0,19.85,50,OK
2026-02-15T11:06:11.657Z,0,20.29,50,OK
2026-02-15T11:06:11.709Z,0,20.29,50,OK
2026-02-15T11:06:11.759Z,0,20.29,50,OK
2026-02-15T11:06:11.809Z,0,20.24,50,OK
2026-02-15T11:06:11.860Z,0,20.31,50,OK
2026-02-15T11:06:11.910Z,0,20.28,50,OK
2026-02-15T11:06:11.961Z,0,20.41,50,OK
2026-02-15T11:06:12.011Z,0,20.42,50,OK
2026-02-15T11:06:12.061Z,0,20.42,50,OK
2026-02-15T11:06:12.111Z,0,20.29,50,OK
2026-02-15T11:06:12.161Z,0,20.19,50,OK
2026-02-15T11:06:12.212Z,0,20.27,50,OK
2026-02-15T11:06:12.262Z,0,20.29,50,OK
2026-02-15T11:06:12.313Z,0,20.19,50,OK
2026-02-15T11:06:12.363Z,0,20.28,50,OK
2026-02-15T11:06:12.413Z,0,20.23,50,OK
2026-02-15T11:06:12.463Z,0,20.30,50,OK
2026-02-15T11:06:12.513Z,0,20.29,50,OK
2026-02-15T11:06:12.563Z,0,20.42,50,OK
2026-02-15T11:06:12.614Z,0,20.31,50,OK
2026-02-15T11:06:12.664Z,0,20.55,50,OK
2026-02-15T11:06:12.714Z,0,20.23,50,OK
2026-02-15T11:06:12.764Z,0,19.92,50,OK
2026-02-15T11:06:12.814Z,0,20.37,50,OK
2026-02-15T11:06:12.865Z,0,20.02,50,OK
2026-02-15T11:06:12.915Z,0,20.28,50,OK
2026-02-15T11:06:12.965Z,0,20.36,50,OK
2026-02-15T11:06:13.015Z,0,20.18,50,OK
2026-02-15T11:06:13.065Z,0,20.09,50,OK
2026-02-15T11:06:13.115Z,0,20.24,50,OK
2026-02-15T11:06:13.165Z,0,20.32,50,OK
2026-02-15T11:06:13.215Z,0,20.26,50,OK
2026-02-15T11:06:13.265Z,0,20.31,50,OK
2026-02-15T11:06:13.315Z,0,20.21,50,OK
2026-02-15T11:06:13.366Z,0,20.26,50,OK
2026-02-15T11:06:13.416Z,0,20.16,50,OK
2026-02-15T11:06:13.466Z,0,20.25,50,OK
2026-02-15T11:06:13.516Z,0,20.14,50,OK
2026-02-15T11:06:13.567Z,0,19.81,50,OK
2026-02-15T11:06:13.617Z,0,20.26,50,OK
2026-02-15T11:06:13.668Z,0,20.24,50,OK
2026-02-15T11:06:13.718Z,0,20.16,50,OK
2026-02-15T11:06:13.767Z,0,20.36,50,OK
2026-02-15T11:06:13.818Z,0,20.19,50,OK
2026-02-15T11:06:13.868Z,0,19.26,50,OK
2026-02-15T11:06:13.918Z,0,20.20,50,OK
2026-02-15T11:06:13.968Z,0,20.41,50,OK
2026-02-15T11:06:14.018Z,0,20.32,50,OK
2026-02-15T11:06:14.068Z,0,19.41,50,OK
