Timestamp,ActiveRequests,Lag_ms,VirtualLimit,Status,Kp_Used
2026-02-15T11:52:38.279Z,0,22.18,21,OK,0.1
2026-02-15T11:52:38.328Z,0,21.17,22,OK,0.1
2026-02-15T11:52:38.378Z,0,20.85,23,OK,0.1
2026-02-15T11:52:38.429Z,0,20.72,24,OK,0.1
2026-02-15T11:52:38.479Z,0,20.64,25,OK,0.1
2026-02-15T11:52:38.529Z,0,20.29,26,OK,0.1
2026-02-15T11:52:38.580Z,0,20.30,27,OK,0.1
2026-02-15T11:52:38.629Z,0,20.32,28,OK,0.1
2026-02-15T11:52:38.680Z,0,20.34,29,OK,0.1
2026-02-15T11:52:38.731Z,0,20.36,30,OK,0.1
2026-02-15T11:52:38.782Z,0,20.32,31,OK,0.1
2026-02-15T11:52:38.832Z,0,20.36,32,OK,0.1
2026-02-15T11:52:38.881Z,0,20.36,33,OK,0.1
2026-02-15T11:52:38.932Z,0,20.32,34,OK,0.1
2026-02-15T11:52:38.982Z,0,20.28,35,OK,0.1
2026-02-15T11:52:39.032Z,0,20.27,36,OK,0.1
2026-02-15T11:52:39.082Z,0,20.23,37,OK,0.1
2026-02-15T11:52:39.132Z,0,20.23,38,OK,0.1
2026-02-15T11:52:39.182Z,0,20.25,39,OK,0.1
2026-02-15T11:52:39.232Z,0,20.26,40,OK,0.1
2026-02-15T11:52:39.283Z,0,20.26,41,OK,0.1
2026-02-15T11:52:39.333Z,0,20.31,42,OK,0.1
2026-02-15T11:52:39.383Z,0,20.30,43,OK,0.1
2026-02-15T11:52:39.433Z,0,20.20,44,OK,0.1
2026-02-15T11:52:39.483Z,0,20.18,45,OK,0.1
2026-02-15T11:52:39.533Z,0,20.27,46,OK,0.1
2026-02-15T11:52:39.583Z,0,20.24,47,OK,0.1
2026-02-15T11:52:39.634Z,0,20.28,48,OK,0.1
2026-02-15T11:52:39.685Z,0,20.39,49,OK,0.1
2026-02-15T11:52:39.735Z,0,20.41,50,OK,0.1
2026-02-15T11:52:39.785Z,0,20.35,50,OK,0.1
2026-02-15T11:52:39.836Z,0,20.16,50,OK,0.1
2026-02-15T11:52:39.886Z,0,20.16,50,OK,0.1
2026-02-15T11:52:39.937Z,0,20.18,50,OK,0.1
2026-02-15T11:52:39.988Z,0,20.25,50,OK,0.1
2026-02-15T11:52:40.038Z,0,20.23,50,OK,0.1
2026-02-15T11:52:40.088Z,0,20.46,50,OK,0.1
2026-02-15T11:52:40.139Z,0,20.48,50,OK,0.1
2026-02-15T11:52:40.189Z,0,20.48,50,OK,0.1
2026-02-15T11:52:40.240Z,0,20.43,50,OK,0.1
2026-02-15T11:52:40.291Z,0,20.47,50,OK,0.1
2026-02-15T11:52:40.342Z,0,20.44,50,OK,0.1
2026-02-15T11:52:40.392Z,0,20.38,50,OK,0.1
2026-02-15T11:52:40.442Z,0,20.40,50,OK,0.1
2026-02-15T11:52:40.493Z,0,20.38,50,OK,0.1
2026-02-15T11:52:40.543Z,0,20.38,50,OK,0.1
2026-02-15T11:52:40.594Z,0,20.40,50,OK,0.1
2026-02-15T11:52:40.644Z,0,20.41,50,OK,0.1
2026-02-15T11:52:40.694Z,0,20.39,50,OK,0.1
2026-02-15T11:52:40.744Z,0,20.38,50,OK,0.1
2026-02-15T11:52:40.795Z,0,20.36,50,OK,0.1
2026-02-15T11:52:40.845Z,0,20.33,50,OK,0.1
2026-02-15T11:52:40.896Z,0,20.35,50,OK,0.1
2026-02-15T11:52:40.947Z,0,20.36,50,OK,0.1
2026-02-15T11:52:40.997Z,0,20.37,50,OK,0.1
2026-02-15T11:52:41.047Z,0,20.38,50,OK,0.1
2026-02-15T11:52:41.097Z,0,20.39,50,OK,0.1
2026-02-15T11:52:41.148Z,0,20.33,50,OK,0.1
2026-02-15T11:52:41.198Z,0,20.33,50,OK,0.1
2026-02-15T11:52:41.248Z,0,20.38,50,OK,0.1
2026-02-15T11:52:41.298Z,0,20.37,50,OK,0.1
2026-02-15T11:52:41.348Z,0,20.40,50,OK,0.1
2026-02-15T11:52:41.399Z,0,20.48,50,OK,0.1
2026-02-15T11:52:41.448Z,0,20.53,50,OK,0.1
2026-02-15T11:52:41.498Z,0,20.50,50,OK,0.1
2026-02-15T11:52:41.549Z,0,20.49,50,OK,0.1
2026-02-15T11:52:41.599Z,0,20.44,50,OK,0.1
2026-02-15T11:52:41.650Z,0,20.37,50,OK,0.1
2026-02-15T11:52:41.701Z,0,20.30,50,OK,0.1
2026-02-15T11:52:41.752Z,0,20.24,50,OK,0.1
2026-02-15T11:52:41.801Z,0,20.25,50,OK,0.1
2026-02-15T11:52:41.852Z,0,20.22,50,OK,0.1
2026-02-15T11:52:41.903Z,0,20.29,50,OK,0.1
2026-02-15T11:52:41.954Z,0,20.21,50,OK,0.1
2026-02-15T11:52:42.004Z,0,20.26,50,OK,0.1
2026-02-15T11:52:42.055Z,0,20.21,50,OK,0.1
2026-02-15T11:52:42.106Z,0,20.25,50,OK,0.1
2026-02-15T11:52:42.157Z,0,20.22,50,OK,0.1
2026-02-15T11:52:42.207Z,0,20.33,50,OK,0.1
2026-02-15T11:52:42.257Z,0,20.29,50,OK,0.1
2026-02-15T11:52:42.307Z,0,20.34,50,OK,0.1
2026-02-15T11:52:42.358Z,0,20.36,50,OK,0.1
2026-02-15T11:52:42.409Z,0,20.35,50,OK,0.1
2026-02-15T11:52:42.458Z,0,20.34,50,OK,0.1
2026-02-15T11:52:42.508Z,0,20.33,50,OK,0.1
2026-02-15T11:52:42.558Z,0,20.23,50,OK,0.1
2026-02-15T11:52:42.609Z,0,20.25,50,OK,0.1
2026-02-15T11:52:42.660Z,0,20.24,50,OK,0.1
2026-02-15T11:52:42.711Z,0,20.24,50,OK,0.1
2026-02-15T11:52:42.762Z,0,20.26,50,OK,0.1
2026-02-15T11:52:42.812Z,0,20.34,50,OK,0.1
2026-02-15T11:52:42.863Z,0,20.38,50,OK,0.1
2026-02-15T11:52:42.914Z,0,20.45,50,OK,0.1
2026-02-15T11:52:42.964Z,0,20.46,50,OK,0.1
2026-02-15T11:52:43.015Z,0,20.45,50,OK,0.1
2026-02-15T11:52:43.066Z,0,20.43,50,OK,0.1
2026-02-15T11:52:43.116Z,0,20.35,50,OK,0.1
2026-02-15T11:52:43.167Z,0,20.32,50,OK,0.1
2026-02-15T11:52:43.217Z,0,20.26,50,OK,0.1
2026-02-15T11:52:43.268Z,0,20.27,50,OK,0.1
2026-02-15T11:52:43.319Z,0,20.34,50,OK,0.1
2026-02-15T11:52:43.368Z,0,20.36,50,OK,0.1
2026-02-15T11:52:43.419Z,0,20.34,50,OK,0.1
2026-02-15T11:52:43.468Z,0,20.16,50,OK,0.1
2026-02-15T11:52:43.518Z,0,20.15,50,OK,0.1
2026-02-15T11:52:43.569Z,0,20.13,50,OK,0.1
2026-02-15T11:52:43.620Z,0,20.19,50,OK,0.1
2026-02-15T11:52:43.670Z,0,20.20,50,OK,0.1
2026-02-15T11:52:43.720Z,0,20.41,50,OK,0.1
2026-02-15T11:52:43.770Z,0,20.28,50,OK,0.1
2026-02-15T11:52:43.821Z,0,20.23,50,OK,0.1
2026-02-15T11:52:43.870Z,0,20.20,50,OK,0.1
2026-02-15T11:52:43.920Z,0,20.18,50,OK,0.1
2026-02-15T11:52:43.971Z,0,20.08,50,OK,0.1
2026-02-15T11:52:44.021Z,0,20.24,50,OK,0.1
2026-02-15T11:52:44.072Z,0,20.34,50,OK,0.1
2026-02-15T11:52:44.122Z,0,20.30,50,OK,0.1
2026-02-15T11:52:44.172Z,0,20.25,50,OK,0.1
2026-02-15T11:52:44.222Z,0,20.33,50,OK,0.1
2026-02-15T11:52:44.273Z,0,20.26,50,OK,0.1
2026-02-15T11:52:44.324Z,0,20.17,50,OK,0.1
2026-02-15T11:52:44.374Z,0,20.19,50,OK,0.1
2026-02-15T11:52:44.424Z,0,20.29,50,OK,0.1
2026-02-15T11:52:44.475Z,0,20.24,50,OK,0.1
2026-02-15T11:52:44.525Z,0,20.38,50,OK,0.1
2026-02-15T11:52:44.576Z,0,20.33,50,OK,0.1
2026-02-15T11:52:44.627Z,0,20.34,50,OK,0.1
2026-02-15T11:52:44.677Z,0,20.38,50,OK,0.1
2026-02-15T11:52:44.727Z,0,20.48,50,OK,0.1
2026-02-15T11:52:44.777Z,0,20.35,50,OK,0.1
2026-02-15T11:52:44.828Z,0,20.41,50,OK,0.1
2026-02-15T11:52:44.879Z,0,20.33,50,OK,0.1
2026-02-15T11:52:44.930Z,0,20.27,50,OK,0.1
2026-02-15T11:52:44.980Z,0,20.24,50,OK,0.1
2026-02-15T11:52:45.030Z,0,20.27,50,OK,0.1
2026-02-15T11:52:45.080Z,0,20.33,50,OK,0.1
2026-02-15T11:52:45.131Z,0,20.43,50,OK,0.1
2026-02-15T11:52:45.180Z,0,20.43,50,OK,0.1
2026-02-15T11:52:45.230Z,0,20.40,50,OK,0.1
2026-02-15T11:52:45.281Z,0,20.55,50,OK,0.1
2026-02-15T11:52:45.331Z,0,20.48,50,OK,0.1
2026-02-15T11:52:45.382Z,0,20.53,50,OK,0.1
2026-02-15T11:52:45.433Z,0,20.51,50,OK,0.1
2026-02-15T11:52:45.483Z,0,20.54,50,OK,0.1
2026-02-15T11:52:45.534Z,0,20.42,50,OK,0.1
2026-02-15T11:52:45.584Z,0,20.47,50,OK,0.1
2026-02-15T11:52:45.634Z,0,20.39,50,OK,0.1
2026-02-15T11:52:45.684Z,0,20.29,50,OK,0.1
2026-02-15T11:52:45.735Z,0,20.22,50,OK,0.1
2026-02-15T11:52:45.785Z,0,20.16,50,OK,0.1
2026-02-15T11:52:45.836Z,0,20.13,50,OK,0.1
2026-02-15T11:52:45.887Z,0,20.17,50,OK,0.1
2026-02-15T11:52:45.937Z,0,20.25,50,OK,0.1
2026-02-15T11:52:45.988Z,0,20.28,50,OK,0.1
2026-02-15T11:52:46.038Z,0,20.33,50,OK,0.1
2026-02-15T11:52:46.089Z,0,20.24,50,OK,0.1
2026-02-15T11:52:46.139Z,0,20.20,50,OK,0.1
2026-02-15T11:52:46.188Z,0,20.12,50,OK,0.1
2026-02-15T11:52:46.239Z,0,20.10,50,OK,0.1
2026-02-15T11:52:46.289Z,0,20.19,50,OK,0.1
2026-02-15T11:52:46.339Z,0,20.27,50,OK,0.1
2026-02-15T11:52:46.389Z,0,20.14,50,OK,0.1
2026-02-15T11:52:46.439Z,0,20.23,50,OK,0.1
2026-02-15T11:52:46.490Z,0,20.11,50,OK,0.1
2026-02-15T11:52:46.541Z,0,20.05,50,OK,0.1
2026-02-15T11:52:46.592Z,0,20.22,50,OK,0.1
2026-02-15T11:52:46.642Z,0,20.38,50,OK,0.1
2026-02-15T11:52:46.692Z,0,20.54,50,OK,0.1
2026-02-15T11:52:46.742Z,0,20.69,50,OK,0.1
2026-02-15T11:52:46.792Z,0,20.59,50,OK,0.1
2026-02-15T11:52:46.842Z,0,20.46,50,OK,0.1
2026-02-15T11:52:46.892Z,0,20.43,50,OK,0.1
2026-02-15T11:52:46.943Z,0,20.33,50,OK,0.1
2026-02-15T11:52:46.993Z,0,20.34,50,OK,0.1
2026-02-15T11:52:47.044Z,0,20.43,50,OK,0.1
2026-02-15T11:52:47.094Z,0,20.49,50,OK,0.1
2026-02-15T11:52:47.144Z,0,20.46,50,OK,0.1
2026-02-15T11:52:47.195Z,0,20.46,50,OK,0.1
2026-02-15T11:52:47.245Z,0,20.42,50,OK,0.1
2026-02-15T11:52:47.296Z,0,20.38,50,OK,0.1
2026-02-15T11:52:47.347Z,0,20.31,50,OK,0.1
2026-02-15T11:52:47.398Z,0,20.40,50,OK,0.1
2026-02-15T11:52:47.449Z,0,20.38,50,OK,0.1
2026-02-15T11:52:47.499Z,0,20.46,50,OK,0.1
2026-02-15T11:52:47.549Z,0,20.53,50,OK,0.1
2026-02-15T11:52:47.599Z,0,20.50,50,OK,0.1
2026-02-15T11:52:47.650Z,0,20.41,50,OK,0.1
2026-02-15T11:52:47.700Z,0,20.35,50,OK,0.1
2026-02-15T11:52:47.750Z,0,20.29,50,OK,0.1
2026-02-15T11:52:47.800Z,0,20.21,50,OK,0.1
2026-02-15T11:52:47.851Z,0,20.19,50,OK,0.1
2026-02-15T11:52:47.901Z,0,20.26,50,OK,0.1
2026-02-15T11:52:47.951Z,0,20.33,50,OK,0.1
2026-02-15T11:52:48.001Z,0,20.34,50,OK,0.1
2026-02-15T11:52:48.052Z,0,20.39,50,OK,0.1
2026-02-15T11:52:48.103Z,0,20.38,50,OK,0.1
2026-02-15T11:52:48.154Z,0,20.33,50,OK,0.1
2026-02-15T11:52:48.205Z,0,20.35,50,OK,0.1
2026-02-15T11:52:48.254Z,0,20.34,50,OK,0.1
2026-02-15T11:52:48.305Z,0,20.30,50,OK,0.1
2026-02-15T11:52:48.356Z,0,20.35,50,OK,0.1
2026-02-15T11:52:48.407Z,0,20.38,50,OK,0.1
2026-02-15T11:52:48.456Z,0,20.35,50,OK,0.1
2026-02-15T11:52:48.506Z,0,20.30,50,OK,0.1
2026-02-15T11:52:48.556Z,0,20.35,50,OK,0.1
2026-02-15T11:52:48.606Z,0,20.25,50,OK,0.1
2026-02-15T11:52:48.656Z,0,20.20,50,OK,0.1
2026-02-15T11:52:48.707Z,0,20.12,50,OK,0.1
2026-02-15T11:52:48.757Z,0,20.17,50,OK,0.1
2026-02-15T11:52:48.807Z,0,20.20,50,OK,0.1
2026-02-15T11:52:48.857Z,0,20.30,50,OK,0.1
2026-02-15T11:52:48.908Z,0,20.30,50,OK,0.1
2026-02-15T11:52:48.958Z,0,20.43,50,OK,0.1
2026-02-15T11:52:49.008Z,0,20.54,50,OK,0.1
2026-02-15T11:52:49.059Z,0,20.51,50,OK,0.1
2026-02-15T11:52:49.109Z,0,20.64,50,OK,0.1
2026-02-15T11:52:49.159Z,0,20.64,50,OK,0.1
2026-02-15T11:52:49.210Z,0,20.58,50,OK,0.1
2026-02-15T11:52:49.259Z,0,20.44,50,OK,0.1
2026-02-15T11:52:49.310Z,0,20.45,50,OK,0.1
2026-02-15T11:52:49.360Z,0,20.32,50,OK,0.1
2026-02-15T11:52:49.410Z,0,20.31,50,OK,0.1
2026-02-15T11:52:49.461Z,0,20.35,50,OK,0.1
2026-02-15T11:52:49.510Z,0,20.31,50,OK,0.1
2026-02-15T11:52:49.561Z,0,20.27,50,OK,0.1
2026-02-15T11:52:49.612Z,0,20.22,50,OK,0.1
2026-02-15T11:52:49.663Z,0,20.23,50,OK,0.1
2026-02-15T11:52:49.713Z,0,20.16,50,OK,0.1
2026-02-15T11:52:49.763Z,0,20.22,50,OK,0.1
2026-02-15T11:52:49.814Z,0,20.22,50,OK,0.1
2026-02-15T11:52:49.866Z,0,20.31,50,OK,0.1
2026-02-15T11:52:49.916Z,0,20.50,50,OK,0.1
2026-02-15T11:52:49.967Z,0,20.54,50,OK,0.1
2026-02-15T11:52:50.016Z,0,20.54,50,OK,0.1
2026-02-15T11:52:50.067Z,0,20.54,50,OK,0.1
2026-02-15T11:52:50.118Z,0,20.55,50,OK,0.1
2026-02-15T11:52:50.167Z,0,20.21,50,OK,0.1
2026-02-15T11:52:50.218Z,0,20.15,50,OK,0.1
2026-02-15T11:52:50.269Z,0,20.19,50,OK,0.1
2026-02-15T11:52:50.319Z,0,20.24,50,OK,0.1
2026-02-15T11:52:50.369Z,0,20.22,50,OK,0.1
2026-02-15T11:52:50.419Z,0,20.33,50,OK,0.1
2026-02-15T11:52:50.469Z,1,20.40,50,OK,0.1
2026-02-15T11:52:50.519Z,0,20.35,50,OK,0.1
2026-02-15T11:52:50.570Z,0,20.28,50,OK,0.1
2026-02-15T11:52:50.620Z,0,20.32,50,OK,0.1
2026-02-15T11:52:50.671Z,0,20.37,50,OK,0.1
2026-02-15T11:52:50.721Z,0,20.41,50,OK,0.1
2026-02-15T11:52:50.772Z,0,20.45,50,OK,0.1
2026-02-15T11:52:50.822Z,0,20.55,50,OK,0.1
2026-02-15T11:52:50.873Z,0,20.52,50,OK,0.1
2026-02-15T11:52:50.923Z,0,20.48,50,OK,0.1
2026-02-15T11:52:50.974Z,0,20.42,50,OK,0.1
2026-02-15T11:52:51.025Z,0,20.31,50,OK,0.1
2026-02-15T11:52:51.075Z,0,20.24,50,OK,0.1
2026-02-15T11:52:51.126Z,0,20.21,50,OK,0.1
2026-02-15T11:52:51.177Z,0,20.29,50,OK,0.1
2026-02-15T11:52:51.227Z,0,20.33,50,OK,0.1
2026-02-15T11:52:51.278Z,0,20.42,50,OK,0.1
2026-02-15T11:52:51.329Z,0,20.42,50,OK,0.1
2026-02-15T11:52:51.379Z,0,20.41,50,OK,0.1
2026-02-15T11:52:51.430Z,0,20.34,50,OK,0.1
2026-02-15T11:52:51.552Z,0,20.33,50,OK,0.1
2026-02-15T11:52:51.601Z,0,20.37,50,OK,0.1
2026-02-15T11:52:51.652Z,0,20.39,50,OK,0.1
2026-02-15T11:52:51.702Z,0,20.43,50,OK,0.1
2026-02-15T11:52:51.753Z,0,20.46,50,OK,0.1
2026-02-15T11:52:51.804Z,0,20.46,50,OK,0.1
2026-02-15T11:52:51.855Z,0,20.42,50,OK,0.1
2026-02-15T11:52:51.905Z,1,20.40,50,OK,0.1
2026-02-15T11:52:51.955Z,1,20.34,50,OK,0.1
2026-02-15T11:52:52.006Z,1,20.30,50,OK,0.1
2026-02-15T11:52:52.056Z,1,20.29,50,OK,0.1
2026-02-15T11:52:52.107Z,1,20.27,50,OK,0.1
2026-02-15T11:52:52.158Z,1,20.03,50,OK,0.1
2026-02-15T11:52:52.208Z,1,20.06,50,OK,0.1
2026-02-15T11:52:52.259Z,1,20.05,50,OK,0.1
2026-02-15T11:52:52.310Z,1,20.08,50,OK,0.1
2026-02-15T11:52:52.360Z,1,20.09,50,OK,0.1
2026-02-15T11:52:52.410Z,1,20.32,50,OK,0.1
2026-02-15T11:52:52.460Z,1,20.33,50,OK,0.1
2026-02-15T11:52:52.511Z,1,20.37,50,OK,0.1
2026-02-15T11:52:52.561Z,1,20.33,50,OK,0.1
2026-02-15T11:52:52.611Z,1,20.35,50,OK,0.1
2026-02-15T11:52:52.661Z,1,20.38,50,OK,0.1
2026-02-15T11:52:52.712Z,1,20.34,50,OK,0.1
2026-02-15T11:52:52.762Z,1,20.33,50,OK,0.1
2026-02-15T11:52:52.813Z,1,20.37,50,OK,0.1
2026-02-15T11:52:52.863Z,1,20.40,50,OK,0.1
2026-02-15T11:52:52.914Z,1,20.42,50,OK,0.1
2026-02-15T11:52:52.965Z,1,20.47,50,OK,0.1
2026-02-15T11:52:53.014Z,1,20.50,50,OK,0.1
2026-02-15T11:52:53.061Z,1,20.51,50,OK,0.1
2026-02-15T11:52:53.111Z,1,20.56,50,OK,0.1
2026-02-15T11:52:53.162Z,1,20.55,50,OK,0.1
2026-02-15T11:52:53.212Z,1,20.54,50,OK,0.1
2026-02-15T11:52:53.262Z,1,20.45,50,OK,0.1
2026-02-15T11:52:53.312Z,1,20.40,50,OK,0.1
2026-02-15T11:52:53.363Z,1,20.27,50,OK,0.1
2026-02-15T11:52:53.414Z,1,20.24,50,OK,0.1
2026-02-15T11:52:53.465Z,2,20.29,50,OK,0.1
2026-02-15T11:52:53.516Z,1,20.35,50,OK,0.1
2026-02-15T11:52:53.566Z,1,20.31,50,OK,0.1
2026-02-15T11:52:53.616Z,1,20.38,50,OK,0.1
2026-02-15T11:52:53.666Z,1,20.33,50,OK,0.1
2026-02-15T11:52:53.716Z,1,20.19,50,OK,0.1
2026-02-15T11:52:53.766Z,1,20.13,50,OK,0.1
2026-02-15T11:52:53.817Z,1,20.18,50,OK,0.1
2026-02-15T11:52:53.867Z,1,20.20,50,OK,0.1
2026-02-15T11:52:53.917Z,1,20.21,50,OK,0.1
2026-02-15T11:52:53.967Z,1,20.25,50,OK,0.1
2026-02-15T11:52:54.018Z,1,20.38,50,OK,0.1
2026-02-15T11:52:54.068Z,1,20.30,50,OK,0.1
2026-02-15T11:52:54.161Z,1,24.81,50,OK,0.1
2026-02-15T11:52:54.211Z,1,24.85,50,OK,0.1
2026-02-15T11:52:54.262Z,1,24.90,50,OK,0.1
2026-02-15T11:52:54.312Z,1,24.83,50,OK,0.1
2026-02-15T11:52:54.363Z,1,24.89,50,OK,0.1
2026-02-15T11:52:54.414Z,1,20.44,50,OK,0.1
2026-02-15T11:52:54.465Z,1,20.42,50,OK,0.1
2026-02-15T11:52:54.515Z,1,20.40,50,OK,0.1
2026-02-15T11:52:54.566Z,1,20.41,50,OK,0.1
2026-02-15T11:52:54.616Z,1,20.37,50,OK,0.1
2026-02-15T11:52:54.666Z,2,20.30,50,OK,0.1
2026-02-15T11:52:54.716Z,1,20.32,50,OK,0.1
2026-02-15T11:52:54.766Z,1,20.39,50,OK,0.1
2026-02-15T11:52:54.818Z,1,20.39,50,OK,0.1
2026-02-15T11:52:54.868Z,1,20.48,50,OK,0.1
2026-02-15T11:52:54.918Z,1,20.47,50,OK,0.1
2026-02-15T11:52:54.969Z,1,20.41,50,OK,0.1
2026-02-15T11:52:55.020Z,1,20.30,50,OK,0.1
2026-02-15T11:52:55.143Z,1,20.31,50,OK,0.1
2026-02-15T11:52:55.194Z,1,20.25,50,OK,0.1
2026-02-15T11:52:55.245Z,1,20.24,50,OK,0.1
2026-02-15T11:52:55.359Z,1,20.21,50,OK,0.1
2026-02-15T11:52:55.411Z,1,20.27,50,OK,0.1
2026-02-15T11:52:55.461Z,1,20.25,50,OK,0.1
2026-02-15T11:52:55.512Z,1,20.30,50,OK,0.1
2026-02-15T11:52:55.562Z,1,20.30,50,OK,0.1
2026-02-15T11:52:55.613Z,1,20.37,50,OK,0.1
2026-02-15T11:52:55.664Z,1,20.37,50,OK,0.1
2026-02-15T11:52:55.714Z,1,20.35,50,OK,0.1
2026-02-15T11:52:55.764Z,1,20.33,50,OK,0.1
2026-02-15T11:52:55.814Z,1,20.38,50,OK,0.1
2026-02-15T11:52:55.979Z,1,20.35,50,OK,0.1
2026-02-15T11:52:56.030Z,1,20.24,50,OK,0.1
2026-02-15T11:52:56.081Z,1,20.25,50,OK,0.1
2026-02-15T11:52:56.131Z,1,20.24,50,OK,0.1
2026-02-15T11:52:56.181Z,1,20.14,50,OK,0.1
2026-02-15T11:52:56.232Z,1,20.21,50,OK,0.1
2026-02-15T11:52:56.282Z,1,20.31,50,OK,0.1
2026-02-15T11:52:56.332Z,1,20.35,50,OK,0.1
2026-02-15T11:52:56.382Z,1,20.14,50,OK,0.1
2026-02-15T11:52:56.432Z,1,20.20,50,OK,0.1
2026-02-15T11:52:56.483Z,2,20.02,50,OK,0.1
2026-02-15T11:52:56.533Z,1,20.06,50,OK,0.1
2026-02-15T11:52:56.583Z,1,20.03,50,OK,0.1
2026-02-15T11:52:56.634Z,1,20.18,50,OK,0.1
2026-02-15T11:52:56.684Z,2,20.18,50,OK,0.1
2026-02-15T11:52:56.735Z,1,20.24,50,OK,0.1
2026-02-15T11:52:56.786Z,1,20.25,50,OK,0.1
2026-02-15T11:52:56.836Z,1,20.26,50,OK,0.1
2026-02-15T11:52:56.887Z,1,20.32,50,OK,0.1
2026-02-15T11:52:56.937Z,1,20.36,50,OK,0.1
2026-02-15T11:52:57.064Z,1,20.43,50,OK,0.1
2026-02-15T11:52:57.169Z,1,35.19,48,OK,0.1
2026-02-15T11:52:57.250Z,1,37.31,46,OK,0.1
2026-02-15T11:52:57.300Z,1,37.30,44,OK,0.1
2026-02-15T11:52:57.351Z,1,37.24,42,OK,0.1
2026-02-15T11:52:57.402Z,1,37.28,40,OK,0.1
2026-02-15T11:52:57.452Z,1,22.48,41,OK,0.1
2026-02-15T11:52:57.502Z,1,20.34,42,OK,0.1
2026-02-15T11:52:57.552Z,1,20.33,43,OK,0.1
2026-02-15T11:52:57.603Z,1,20.54,44,OK,0.1
2026-02-15T11:52:57.654Z,1,20.50,45,OK,0.1
2026-02-15T11:52:57.704Z,1,20.57,46,OK,0.1
2026-02-15T11:52:57.754Z,1,20.60,47,OK,0.1
2026-02-15T11:52:57.805Z,1,20.64,48,OK,0.1
2026-02-15T11:52:57.855Z,1,20.45,49,OK,0.1
2026-02-15T11:52:57.905Z,1,20.37,50,OK,0.1
2026-02-15T11:52:57.955Z,1,20.31,50,OK,0.1
2026-02-15T11:52:58.005Z,0,20.24,50,OK,0.1
2026-02-15T11:52:58.056Z,0,20.23,50,OK,0.1
2026-02-15T11:52:58.164Z,0,26.30,49,OK,0.1
2026-02-15T11:52:58.214Z,0,26.36,48,OK,0.1
2026-02-15T11:52:58.264Z,1,26.32,47,OK,0.1
2026-02-15T11:52:58.343Z,1,28.10,46,OK,0.1
2026-02-15T11:52:58.415Z,1,38.44,44,OK,0.1
2026-02-15T11:52:58.465Z,1,32.24,43,OK,0.1
2026-02-15T11:52:58.515Z,1,32.25,42,OK,0.1
2026-02-15T11:52:58.565Z,1,32.25,41,OK,0.1
2026-02-15T11:52:58.674Z,1,30.50,40,OK,0.1
2026-02-15T11:52:58.798Z,1,28.46,39,OK,0.1
2026-02-15T11:52:58.848Z,1,28.55,38,OK,0.1
2026-02-15T11:52:58.898Z,1,28.50,37,OK,0.1
2026-02-15T11:52:58.949Z,1,28.48,36,OK,0.1
2026-02-15T11:52:59.000Z,1,28.50,35,OK,0.1
2026-02-15T11:52:59.050Z,1,20.18,36,OK,0.1
2026-02-15T11:52:59.101Z,1,20.20,37,OK,0.1
2026-02-15T11:52:59.151Z,1,20.28,38,OK,0.1
2026-02-15T11:52:59.201Z,2,20.31,39,OK,0.1
2026-02-15T11:52:59.252Z,2,20.22,40,OK,0.1
2026-02-15T11:52:59.302Z,2,20.27,41,OK,0.1
2026-02-15T11:52:59.352Z,2,20.31,42,OK,0.1
2026-02-15T11:52:59.402Z,2,20.31,43,OK,0.1
2026-02-15T11:52:59.498Z,3,34.97,42,OK,0.1
2026-02-15T11:52:59.548Z,3,35.07,40,OK,0.1
2026-02-15T11:52:59.598Z,3,35.01,38,OK,0.1
2026-02-15T11:52:59.648Z,3,35.00,36,OK,0.1
2026-02-15T11:52:59.754Z,4,49.41,33,OK,0.1
2026-02-15T11:52:59.804Z,3,34.83,32,OK,0.1
2026-02-15T11:52:59.855Z,3,34.83,31,OK,0.1
2026-02-15T11:52:59.905Z,3,34.83,30,OK,0.1
2026-02-15T11:52:59.955Z,3,34.80,29,OK,0.1
2026-02-15T11:53:00.005Z,3,20.42,30,OK,0.1
2026-02-15T11:53:00.056Z,3,20.42,31,OK,0.1
2026-02-15T11:53:00.106Z,3,20.37,32,OK,0.1
2026-02-15T11:53:00.156Z,3,20.40,33,OK,0.1
2026-02-15T11:53:00.206Z,4,20.39,34,OK,0.1
2026-02-15T11:53:00.256Z,4,20.34,35,OK,0.1
2026-02-15T11:53:00.341Z,3,23.25,36,OK,0.1
2026-02-15T11:53:00.391Z,3,23.29,37,OK,0.1
2026-02-15T11:53:00.442Z,3,23.27,38,OK,0.1
2026-02-15T11:53:00.492Z,3,23.26,39,OK,0.1
2026-02-15T11:53:00.542Z,3,23.16,40,OK,0.1
2026-02-15T11:53:00.593Z,3,20.18,41,OK,0.1
2026-02-15T11:53:00.644Z,3,20.19,42,OK,0.1
2026-02-15T11:53:00.694Z,4,20.25,43,OK,0.1
2026-02-15T11:53:00.744Z,4,20.26,44,OK,0.1
2026-02-15T11:53:00.830Z,4,23.50,45,OK,0.1
2026-02-15T11:53:00.907Z,6,34.76,44,OK,0.1
2026-02-15T11:53:00.958Z,5,34.81,43,OK,0.1
2026-02-15T11:53:01.008Z,5,34.73,42,OK,0.1
2026-02-15T11:53:01.058Z,5,34.67,41,OK,0.1
2026-02-15T11:53:01.146Z,5,35.07,39,OK,0.1
2026-02-15T11:53:01.196Z,4,23.74,40,OK,0.1
2026-02-15T11:53:01.246Z,4,23.65,41,OK,0.1
2026-02-15T11:53:01.296Z,4,23.59,42,OK,0.1
2026-02-15T11:53:01.346Z,5,23.63,43,OK,0.1
2026-02-15T11:53:01.397Z,4,20.12,44,OK,0.1
2026-02-15T11:53:01.448Z,4,20.23,45,OK,0.1
2026-02-15T11:53:01.499Z,4,20.26,46,OK,0.1
2026-02-15T11:53:01.598Z,3,33.49,45,OK,0.1
2026-02-15T11:53:01.649Z,3,33.49,44,OK,0.1
2026-02-15T11:53:01.699Z,3,33.52,43,OK,0.1
2026-02-15T11:53:01.750Z,3,33.51,42,OK,0.1
2026-02-15T11:53:01.800Z,3,33.52,41,OK,0.1
2026-02-15T11:53:01.850Z,3,20.38,42,OK,0.1
2026-02-15T11:53:01.900Z,3,20.38,43,OK,0.1
2026-02-15T11:53:01.950Z,3,20.29,44,OK,0.1
2026-02-15T11:53:02.000Z,3,20.30,45,OK,0.1
2026-02-15T11:53:02.051Z,3,20.27,46,OK,0.1
2026-02-15T11:53:02.101Z,3,20.26,47,OK,0.1
2026-02-15T11:53:02.151Z,4,20.38,48,OK,0.1
2026-02-15T11:53:02.201Z,3,20.37,49,OK,0.1
2026-02-15T11:53:02.252Z,3,20.38,50,OK,0.1
2026-02-15T11:53:02.302Z,3,20.39,50,OK,0.1
2026-02-15T11:53:02.353Z,4,20.37,50,OK,0.1
2026-02-15T11:53:02.404Z,4,20.23,50,OK,0.1
2026-02-15T11:53:02.454Z,4,20.24,50,OK,0.1
2026-02-15T11:53:02.506Z,5,20.31,50,OK,0.1
2026-02-15T11:53:02.557Z,6,20.32,50,OK,0.1
2026-02-15T11:53:02.606Z,8,20.36,50,OK,0.1
2026-02-15T11:53:02.656Z,6,20.41,50,OK,0.1
2026-02-15T11:53:02.706Z,5,20.44,50,OK,0.1
2026-02-15T11:53:02.756Z,5,20.36,50,OK,0.1
2026-02-15T11:53:02.806Z,5,20.37,50,OK,0.1
2026-02-15T11:53:02.856Z,5,20.32,50,OK,0.1
2026-02-15T11:53:02.908Z,5,20.28,50,OK,0.1
2026-02-15T11:53:02.990Z,5,31.37,49,OK,0.1
2026-02-15T11:53:03.041Z,4,31.35,48,OK,0.1
2026-02-15T11:53:03.138Z,4,44.69,46,OK,0.1
2026-02-15T11:53:03.230Z,4,49.03,43,OK,0.1
2026-02-15T11:53:03.280Z,6,49.06,40,OK,0.1
2026-02-15T11:53:03.330Z,4,37.99,38,OK,0.1
2026-02-15T11:53:03.380Z,4,37.87,36,OK,0.1
2026-02-15T11:53:03.430Z,4,24.53,37,OK,0.1
2026-02-15T11:53:03.480Z,4,20.23,38,OK,0.1
2026-02-15T11:53:03.530Z,4,20.24,39,OK,0.1
2026-02-15T11:53:03.581Z,4,20.18,40,OK,0.1
2026-02-15T11:53:03.687Z,4,35.09,38,OK,0.1
2026-02-15T11:53:03.737Z,4,35.15,36,OK,0.1
2026-02-15T11:53:03.788Z,4,35.14,34,OK,0.1
2026-02-15T11:53:03.839Z,4,35.21,32,OK,0.1
2026-02-15T11:53:03.890Z,5,35.22,30,OK,0.1
2026-02-15T11:53:03.941Z,5,20.40,31,OK,0.1
2026-02-15T11:53:03.990Z,5,20.34,32,OK,0.1
2026-02-15T11:53:04.040Z,5,20.22,33,OK,0.1
2026-02-15T11:53:04.090Z,5,20.14,34,OK,0.1
2026-02-15T11:53:04.141Z,5,20.19,35,OK,0.1
2026-02-15T11:53:04.192Z,4,20.20,36,OK,0.1
2026-02-15T11:53:04.243Z,4,20.11,37,OK,0.1
2026-02-15T11:53:04.294Z,4,20.12,38,OK,0.1
2026-02-15T11:53:04.344Z,4,20.12,39,OK,0.1
2026-02-15T11:53:04.394Z,3,20.19,40,OK,0.1
2026-02-15T11:53:04.444Z,3,20.19,41,OK,0.1
2026-02-15T11:53:04.494Z,2,20.29,42,OK,0.1
2026-02-15T11:53:04.544Z,1,20.34,43,OK,0.1
2026-02-15T11:53:04.595Z,1,20.39,44,OK,0.1
2026-02-15T11:53:04.646Z,1,20.31,45,OK,0.1
2026-02-15T11:53:04.697Z,4,20.34,46,OK,0.1
2026-02-15T11:53:04.747Z,1,20.32,47,OK,0.1
2026-02-15T11:53:04.797Z,1,20.33,48,OK,0.1
2026-02-15T11:53:04.847Z,1,20.29,49,OK,0.1
2026-02-15T11:53:04.897Z,1,20.31,50,OK,0.1
2026-02-15T11:53:04.997Z,1,34.56,49,OK,0.1
2026-02-15T11:53:05.075Z,2,36.11,47,OK,0.1
2026-02-15T11:53:05.125Z,2,36.07,45,OK,0.1
2026-02-15T11:53:05.175Z,2,35.99,43,OK,0.1
2026-02-15T11:53:05.225Z,2,35.93,41,OK,0.1
2026-02-15T11:53:05.276Z,2,21.66,42,OK,0.1
2026-02-15T11:53:05.325Z,2,20.16,43,OK,0.1
2026-02-15T11:53:05.374Z,3,20.21,44,OK,0.1
2026-02-15T11:53:05.426Z,3,20.30,45,OK,0.1
2026-02-15T11:53:05.476Z,3,20.37,46,OK,0.1
2026-02-15T11:53:05.527Z,3,20.41,47,OK,0.1
2026-02-15T11:53:05.577Z,3,20.37,48,OK,0.1
2026-02-15T11:53:05.627Z,3,20.31,49,OK,0.1
2026-02-15T11:53:05.677Z,3,20.29,50,OK,0.1
2026-02-15T11:53:05.727Z,3,20.20,50,OK,0.1
2026-02-15T11:53:05.777Z,3,20.17,50,OK,0.1
2026-02-15T11:53:05.827Z,3,20.16,50,OK,0.1
2026-02-15T11:53:05.877Z,2,20.22,50,OK,0.1
2026-02-15T11:53:05.927Z,2,20.24,50,OK,0.1
2026-02-15T11:53:05.977Z,2,20.27,50,OK,0.1
2026-02-15T11:53:06.027Z,3,20.15,50,OK,0.1
2026-02-15T11:53:06.077Z,4,20.03,50,OK,0.1
2026-02-15T11:53:06.161Z,3,22.77,50,OK,0.1
2026-02-15T11:53:06.211Z,3,22.65,50,OK,0.1
2026-02-15T11:53:06.261Z,3,22.66,50,OK,0.1
2026-02-15T11:53:06.311Z,4,22.69,50,OK,0.1
2026-02-15T11:53:06.361Z,4,22.88,50,OK,0.1
2026-02-15T11:53:06.411Z,4,20.18,50,OK,0.1
2026-02-15T11:53:06.462Z,4,20.36,50,OK,0.1
2026-02-15T11:53:06.513Z,4,20.41,50,OK,0.1
2026-02-15T11:53:06.563Z,4,20.26,50,OK,0.1
2026-02-15T11:53:06.613Z,4,20.19,50,OK,0.1
2026-02-15T11:53:06.663Z,5,20.15,50,OK,0.1
2026-02-15T11:53:06.801Z,5,20.07,50,OK,0.1
2026-02-15T11:53:06.913Z,5,38.26,48,OK,0.1
2026-02-15T11:53:07.032Z,7,48.24,45,OK,0.1
2026-02-15T11:53:07.168Z,4,48.24,42,OK,0.1
2026-02-15T11:53:07.218Z,3,48.23,39,OK,0.1
2026-02-15T11:53:07.269Z,4,48.27,36,OK,0.1
2026-02-15T11:53:07.319Z,4,30.02,35,OK,0.1
2026-02-15T11:53:07.369Z,3,20.28,36,OK,0.1
2026-02-15T11:53:07.432Z,3,20.41,37,OK,0.1
2026-02-15T11:53:07.472Z,3,20.72,38,OK,0.1
2026-02-15T11:53:07.522Z,3,20.82,39,OK,0.1
2026-02-15T11:53:07.572Z,3,20.83,40,OK,0.1
2026-02-15T11:53:07.622Z,3,20.82,41,OK,0.1
2026-02-15T11:53:07.672Z,3,20.69,42,OK,0.1
2026-02-15T11:53:07.722Z,3,20.34,43,OK,0.1
2026-02-15T11:53:07.772Z,3,20.18,44,OK,0.1
2026-02-15T11:53:07.822Z,3,20.19,45,OK,0.1
2026-02-15T11:53:07.873Z,4,20.19,46,OK,0.1
2026-02-15T11:53:07.923Z,4,20.13,47,OK,0.1
2026-02-15T11:53:07.974Z,4,20.10,48,OK,0.1
2026-02-15T11:53:08.024Z,3,20.18,49,OK,0.1
2026-02-15T11:53:08.158Z,3,42.50,47,OK,0.1
2026-02-15T11:53:08.280Z,7,53.05,44,OK,0.1
2026-02-15T11:53:08.331Z,3,53.10,41,OK,0.1
2026-02-15T11:53:08.381Z,3,53.08,38,OK,0.1
2026-02-15T11:53:08.431Z,3,52.98,35,OK,0.1
2026-02-15T11:53:08.481Z,3,30.69,34,OK,0.1
2026-02-15T11:53:08.531Z,3,20.12,35,OK,0.1
2026-02-15T11:53:08.582Z,3,20.12,36,OK,0.1
2026-02-15T11:53:08.632Z,3,20.25,37,OK,0.1
2026-02-15T11:53:08.682Z,4,20.27,38,OK,0.1
2026-02-15T11:53:08.733Z,4,20.24,39,OK,0.1
2026-02-15T11:53:08.782Z,4,20.27,40,OK,0.1
2026-02-15T11:53:08.832Z,4,20.34,41,OK,0.1
2026-02-15T11:53:09.014Z,4,52.37,38,OK,0.1
2026-02-15T11:53:09.065Z,6,52.37,35,OK,0.1
2026-02-15T11:53:09.115Z,5,52.41,32,OK,0.1
2026-02-15T11:53:09.167Z,5,52.36,29,OK,0.1
2026-02-15T11:53:09.216Z,5,52.29,26,OK,0.1
2026-02-15T11:53:09.267Z,4,20.52,27,OK,0.1
2026-02-15T11:53:09.478Z,4,56.29,23,OK,0.1
2026-02-15T11:53:09.642Z,20,75.01,17,SATURATED,0.1
2026-02-15T11:53:09.696Z,7,75.72,11,OK,0.1
2026-02-15T11:53:09.746Z,7,75.72,5,SATURATED,0.1
2026-02-15T11:53:09.796Z,7,75.42,5,SATURATED,0.1
2026-02-15T11:53:09.847Z,6,39.94,5,SATURATED,0.1
2026-02-15T11:53:09.897Z,6,21.14,6,SATURATED,0.1
2026-02-15T11:53:09.947Z,6,20.40,7,OK,0.1
2026-02-15T11:53:09.997Z,6,20.40,8,OK,0.1
2026-02-15T11:53:10.270Z,7,68.78,5,SATURATED,0.1
2026-02-15T11:53:10.320Z,6,68.49,5,SATURATED,0.1
2026-02-15T11:53:10.371Z,6,68.53,5,SATURATED,0.1
2026-02-15T11:53:10.421Z,5,68.63,5,SATURATED,0.1
2026-02-15T11:53:10.471Z,5,68.62,5,SATURATED,0.1
2026-02-15T11:53:10.522Z,5,20.20,6,OK,0.1
2026-02-15T11:53:10.572Z,5,20.21,7,OK,0.1
2026-02-15T11:53:10.622Z,5,20.21,8,OK,0.1
2026-02-15T11:53:10.679Z,8,20.11,9,OK,0.1
2026-02-15T11:53:10.730Z,5,20.60,10,OK,0.1
2026-02-15T11:53:10.780Z,5,20.64,11,OK,0.1
2026-02-15T11:53:10.830Z,5,20.64,12,OK,0.1
2026-02-15T11:53:10.881Z,5,20.63,13,OK,0.1
2026-02-15T11:53:10.931Z,5,20.68,14,OK,0.1
2026-02-15T11:53:10.981Z,5,20.18,15,OK,0.1
2026-02-15T11:53:11.031Z,4,20.19,16,OK,0.1
2026-02-15T11:53:11.082Z,4,20.20,17,OK,0.1
2026-02-15T11:53:11.132Z,4,20.22,18,OK,0.1
2026-02-15T11:53:11.182Z,4,20.31,19,OK,0.1
2026-02-15T11:53:11.233Z,4,20.32,20,OK,0.1
2026-02-15T11:53:11.283Z,4,20.33,21,OK,0.1
2026-02-15T11:53:11.493Z,5,55.82,17,OK,0.1
2026-02-15T11:53:11.543Z,3,55.81,13,OK,0.1
2026-02-15T11:53:11.593Z,3,55.71,9,OK,0.1
2026-02-15T11:53:11.643Z,3,55.67,5,OK,0.1
2026-02-15T11:53:11.693Z,1,55.53,5,OK,0.1
2026-02-15T11:53:11.813Z,1,39.84,5,OK,0.1
2026-02-15T11:53:11.863Z,2,39.83,5,OK,0.1
2026-02-15T11:53:11.914Z,2,39.81,5,OK,0.1
2026-02-15T11:53:11.964Z,2,39.79,5,OK,0.1
2026-02-15T11:53:12.015Z,2,39.94,5,OK,0.1
2026-02-15T11:53:12.065Z,2,20.08,6,OK,0.1
2026-02-15T11:53:12.295Z,2,52.06,5,OK,0.1
2026-02-15T11:53:12.346Z,2,52.21,5,OK,0.1
2026-02-15T11:53:12.398Z,2,52.25,5,OK,0.1
2026-02-15T11:53:12.448Z,2,52.30,5,OK,0.1
2026-02-15T11:53:12.722Z,2,52.35,5,OK,0.1
2026-02-15T11:53:12.773Z,1,20.69,6,OK,0.1
2026-02-15T11:53:13.055Z,2,20.57,7,OK,0.1
2026-02-15T11:53:13.251Z,7,55.84,5,SATURATED,0.1
2026-02-15T11:53:13.302Z,3,55.78,5,OK,0.1
2026-02-15T11:53:13.351Z,3,56.13,5,OK,0.1
2026-02-15T11:53:13.402Z,3,55.84,5,OK,0.1
2026-02-15T11:53:13.453Z,3,55.84,5,OK,0.1
2026-02-15T11:53:13.504Z,3,20.61,6,OK,0.1
2026-02-15T11:53:13.554Z,3,20.61,7,OK,0.1
2026-02-15T11:53:13.604Z,3,20.24,8,OK,0.1
2026-02-15T11:53:13.654Z,3,20.26,9,OK,0.1
2026-02-15T11:53:13.705Z,3,20.29,10,OK,0.1
2026-02-15T11:53:13.764Z,10,20.48,11,OK,0.1
2026-02-15T11:53:14.240Z,10,111.51,5,SATURATED,0.1
2026-02-15T11:53:14.290Z,5,111.69,5,SATURATED,0.1
2026-02-15T11:53:14.341Z,5,111.56,5,SATURATED,0.1
2026-02-15T11:53:14.391Z,5,111.58,5,SATURATED,0.1
2026-02-15T11:53:14.441Z,5,111.37,5,SATURATED,0.1
2026-02-15T11:53:14.491Z,5,20.37,6,OK,0.1
2026-02-15T11:53:14.542Z,5,20.20,7,OK,0.1
2026-02-15T11:53:14.593Z,5,20.32,8,OK,0.1
2026-02-15T11:53:14.644Z,5,20.27,9,OK,0.1
2026-02-15T11:53:14.694Z,5,20.28,10,OK,0.1
2026-02-15T11:53:14.744Z,5,20.25,11,OK,0.1
2026-02-15T11:53:14.987Z,5,40.17,9,OK,0.1
2026-02-15T11:53:15.249Z,8,78.52,5,SATURATED,0.1
2026-02-15T11:53:15.299Z,5,78.91,5,SATURATED,0.1
2026-02-15T11:53:15.469Z,4,79.02,5,OK,0.1
2026-02-15T11:53:15.520Z,5,78.97,5,SATURATED,0.1
2026-02-15T11:53:15.571Z,5,59.10,5,SATURATED,0.1
2026-02-15T11:53:15.621Z,5,20.75,6,OK,0.1
2026-02-15T11:53:15.671Z,5,20.35,7,OK,0.1
2026-02-15T11:53:15.721Z,5,20.33,8,OK,0.1
2026-02-15T11:53:15.771Z,4,20.38,9,OK,0.1
2026-02-15T11:53:15.822Z,3,20.32,10,OK,0.1
2026-02-15T11:53:15.873Z,3,20.35,11,OK,0.1
2026-02-15T11:53:15.923Z,3,20.41,12,OK,0.1
2026-02-15T11:53:15.973Z,3,20.33,13,OK,0.1
2026-02-15T11:53:16.123Z,3,45.85,10,OK,0.1
2026-02-15T11:53:16.173Z,3,45.86,7,OK,0.1
2026-02-15T11:53:16.223Z,3,45.84,5,OK,0.1
2026-02-15T11:53:16.274Z,5,46.62,5,SATURATED,0.1
2026-02-15T11:53:16.398Z,5,57.36,5,SATURATED,0.1
2026-02-15T11:53:16.448Z,3,31.87,5,OK,0.1
2026-02-15T11:53:16.499Z,3,31.89,5,OK,0.1
2026-02-15T11:53:16.549Z,3,31.93,5,OK,0.1
2026-02-15T11:53:16.599Z,3,31.14,5,OK,0.1
2026-02-15T11:53:16.651Z,3,20.44,6,OK,0.1
2026-02-15T11:53:16.702Z,3,20.59,7,OK,0.1
2026-02-15T11:53:16.753Z,3,20.60,8,OK,0.1
2026-02-15T11:53:16.802Z,3,20.42,9,OK,0.1
2026-02-15T11:53:16.852Z,3,20.29,10,OK,0.1
2026-02-15T11:53:16.902Z,3,20.30,11,OK,0.1
2026-02-15T11:53:16.952Z,3,20.16,12,OK,0.1
2026-02-15T11:53:17.003Z,2,20.53,13,OK,0.1
2026-02-15T11:53:17.053Z,2,20.66,14,OK,0.1
2026-02-15T11:53:17.104Z,2,20.73,15,OK,0.1
2026-02-15T11:53:17.154Z,2,20.66,16,OK,0.1
2026-02-15T11:53:17.205Z,2,20.73,17,OK,0.1
2026-02-15T11:53:17.256Z,2,20.31,18,OK,0.1
2026-02-15T11:53:17.433Z,5,48.33,15,OK,0.1
2026-02-15T11:53:17.570Z,15,61.68,11,SATURATED,0.1
2026-02-15T11:53:17.620Z,3,61.60,7,OK,0.1
2026-02-15T11:53:17.670Z,3,61.35,5,OK,0.1
2026-02-15T11:53:17.721Z,4,61.32,5,OK,0.1
2026-02-15T11:53:17.974Z,4,33.33,5,OK,0.1
2026-02-15T11:53:18.024Z,4,20.07,6,OK,0.1
2026-02-15T11:53:18.075Z,4,20.22,7,OK,0.1
2026-02-15T11:53:18.236Z,4,38.74,5,OK,0.1
2026-02-15T11:53:18.403Z,3,38.84,5,OK,0.1
2026-02-15T11:53:18.454Z,3,38.94,5,OK,0.1
2026-02-15T11:53:18.504Z,3,38.89,5,OK,0.1
2026-02-15T11:53:18.555Z,3,38.85,5,OK,0.1
2026-02-15T11:53:18.764Z,5,23.49,6,OK,0.1
2026-02-15T11:53:18.814Z,3,23.45,7,OK,0.1
2026-02-15T11:53:18.864Z,3,23.31,8,OK,0.1
2026-02-15T11:53:18.914Z,3,23.30,9,OK,0.1
2026-02-15T11:53:18.964Z,3,23.29,10,OK,0.1
2026-02-15T11:53:19.222Z,3,66.93,5,OK,0.1
2026-02-15T11:53:19.272Z,3,67.04,5,OK,0.1
2026-02-15T11:53:19.322Z,3,67.06,5,OK,0.1
2026-02-15T11:53:19.372Z,3,67.05,5,OK,0.1
2026-02-15T11:53:19.423Z,3,67.18,5,OK,0.1
2026-02-15T11:53:19.474Z,2,20.56,6,OK,0.1
2026-02-15T11:53:19.525Z,2,20.42,7,OK,0.1
2026-02-15T11:53:19.576Z,2,20.38,8,OK,0.1
2026-02-15T11:53:19.706Z,6,32.51,7,OK,0.1
2026-02-15T11:53:19.756Z,3,32.41,6,OK,0.1
2026-02-15T11:53:19.884Z,3,43.94,5,OK,0.1
2026-02-15T11:53:19.934Z,3,43.92,5,OK,0.1
2026-02-15T11:53:19.985Z,3,43.97,5,OK,0.1
2026-02-15T11:53:20.036Z,3,31.85,5,OK,0.1
2026-02-15T11:53:20.086Z,3,31.82,5,OK,0.1
2026-02-15T11:53:20.137Z,3,20.33,6,OK,0.1
2026-02-15T11:53:20.188Z,3,20.31,7,OK,0.1
2026-02-15T11:53:20.242Z,5,20.41,8,OK,0.1
2026-02-15T11:53:20.390Z,3,35.93,6,OK,0.1
2026-02-15T11:53:20.440Z,3,35.98,5,OK,0.1
2026-02-15T11:53:20.491Z,4,35.93,5,OK,0.1
2026-02-15T11:53:20.541Z,4,36.02,5,OK,0.1
2026-02-15T11:53:20.801Z,4,35.95,5,OK,0.1
2026-02-15T11:53:20.851Z,4,20.34,6,OK,0.1
2026-02-15T11:53:20.911Z,6,20.33,7,OK,0.1
2026-02-15T11:53:20.962Z,4,20.33,8,OK,0.1
2026-02-15T11:53:21.013Z,4,20.29,9,OK,0.1
2026-02-15T11:53:21.062Z,4,20.24,10,OK,0.1
2026-02-15T11:53:21.113Z,4,20.30,11,OK,0.1
2026-02-15T11:53:21.164Z,4,20.22,12,OK,0.1
2026-02-15T11:53:21.214Z,4,20.21,13,OK,0.1
2026-02-15T11:53:21.265Z,6,20.43,14,OK,0.1
2026-02-15T11:53:21.315Z,6,20.45,15,OK,0.1
2026-02-15T11:53:21.366Z,6,20.46,16,OK,0.1
2026-02-15T11:53:21.417Z,8,20.51,17,OK,0.1
2026-02-15T11:53:21.466Z,10,20.50,18,OK,0.1
2026-02-15T11:53:21.517Z,9,20.28,19,OK,0.1
2026-02-15T11:53:21.567Z,9,20.29,20,OK,0.1
2026-02-15T11:53:21.618Z,8,20.28,21,OK,0.1
2026-02-15T11:53:21.668Z,8,20.30,22,OK,0.1
2026-02-15T11:53:21.718Z,7,20.31,23,OK,0.1
2026-02-15T11:53:21.769Z,7,20.29,24,OK,0.1
2026-02-15T11:53:22.069Z,15,20.25,25,OK,0.1
2026-02-15T11:53:22.345Z,22,71.13,20,SATURATED,0.1
2026-02-15T11:53:22.401Z,10,68.47,15,OK,0.1
2026-02-15T11:53:22.452Z,9,68.44,10,OK,0.1
2026-02-15T11:53:22.503Z,8,68.54,5,SATURATED,0.1
2026-02-15T11:53:22.553Z,8,68.47,5,SATURATED,0.1
2026-02-15T11:53:22.603Z,8,17.61,6,SATURATED,0.1
2026-02-15T11:53:22.653Z,8,20.31,7,SATURATED,0.1
2026-02-15T11:53:22.703Z,8,20.34,8,SATURATED,0.1
2026-02-15T11:53:22.753Z,8,20.21,9,OK,0.1
2026-02-15T11:53:22.803Z,8,20.30,10,OK,0.1
2026-02-15T11:53:22.853Z,8,20.71,11,OK,0.1
2026-02-15T11:53:22.904Z,8,20.60,12,OK,0.1
2026-02-15T11:53:22.953Z,8,20.61,13,OK,0.1
2026-02-15T11:53:23.003Z,8,20.67,14,OK,0.1
2026-02-15T11:53:23.050Z,8,20.67,15,OK,0.1
2026-02-15T11:53:23.270Z,9,37.90,13,OK,0.1
2026-02-15T11:53:23.321Z,6,37.95,11,OK,0.1
2026-02-15T11:53:23.562Z,8,72.10,6,SATURATED,0.1
2026-02-15T11:53:23.612Z,4,71.90,5,OK,0.1
2026-02-15T11:53:23.662Z,4,71.88,5,OK,0.1
2026-02-15T11:53:23.712Z,4,54.23,5,OK,0.1
2026-02-15T11:53:23.762Z,4,54.23,5,OK,0.1
2026-02-15T11:53:23.813Z,4,20.06,6,OK,0.1
2026-02-15T11:53:23.864Z,4,20.25,7,OK,0.1
2026-02-15T11:53:23.914Z,4,20.25,8,OK,0.1
2026-02-15T11:53:23.964Z,4,20.24,9,OK,0.1
2026-02-15T11:53:24.014Z,4,20.27,10,OK,0.1
2026-02-15T11:53:24.064Z,4,20.27,11,OK,0.1
2026-02-15T11:53:24.114Z,3,20.34,12,OK,0.1
2026-02-15T11:53:24.164Z,3,20.15,13,OK,0.1
2026-02-15T11:53:24.215Z,3,20.16,14,OK,0.1
2026-02-15T11:53:24.265Z,3,20.13,15,OK,0.1
2026-02-15T11:53:24.315Z,3,20.17,16,OK,0.1
2026-02-15T11:53:24.365Z,3,20.16,17,OK,0.1
2026-02-15T11:53:24.486Z,3,30.51,16,OK,0.1
2026-02-15T11:53:24.537Z,2,30.50,15,OK,0.1
2026-02-15T11:53:24.781Z,15,30.86,14,SATURATED,0.1
2026-02-15T11:53:24.831Z,6,31.28,13,OK,0.1
2026-02-15T11:53:24.881Z,6,31.14,12,OK,0.1
2026-02-15T11:53:24.931Z,6,20.99,13,OK,0.1
2026-02-15T11:53:24.981Z,6,20.99,14,OK,0.1
2026-02-15T11:53:25.031Z,6,20.56,15,OK,0.1
2026-02-15T11:53:25.082Z,5,20.13,16,OK,0.1
2026-02-15T11:53:25.133Z,5,20.30,17,OK,0.1
2026-02-15T11:53:25.184Z,5,20.29,18,OK,0.1
2026-02-15T11:53:25.234Z,5,20.29,19,OK,0.1
2026-02-15T11:53:25.482Z,5,20.35,20,OK,0.1
2026-02-15T11:53:25.890Z,14,97.54,12,SATURATED,0.1
2026-02-15T11:53:25.940Z,7,93.36,5,SATURATED,0.1
2026-02-15T11:53:25.990Z,7,93.36,5,SATURATED,0.1
2026-02-15T11:53:26.040Z,7,93.44,5,SATURATED,0.1
2026-02-15T11:53:26.090Z,7,93.46,5,SATURATED,0.1
2026-02-15T11:53:26.140Z,7,16.26,6,SATURATED,0.1
2026-02-15T11:53:26.190Z,7,20.31,7,SATURATED,0.1
2026-02-15T11:53:26.240Z,7,20.33,8,OK,0.1
2026-02-15T11:53:26.290Z,7,20.20,9,OK,0.1
2026-02-15T11:53:26.341Z,7,20.22,10,OK,0.1
2026-02-15T11:53:26.390Z,7,20.28,11,OK,0.1
2026-02-15T11:53:26.440Z,7,20.28,12,OK,0.1
2026-02-15T11:53:26.491Z,7,20.29,13,OK,0.1
2026-02-15T11:53:26.542Z,7,20.37,14,OK,0.1
2026-02-15T11:53:26.593Z,7,20.38,15,OK,0.1
2026-02-15T11:53:26.642Z,4,20.02,16,OK,0.1
2026-02-15T11:53:26.692Z,4,20.05,17,OK,0.1
2026-02-15T11:53:26.856Z,4,20.03,18,OK,0.1
2026-02-15T11:53:27.021Z,3,32.33,17,OK,0.1
2026-02-15T11:53:27.658Z,17,145.64,5,SATURATED,0.4
2026-02-15T11:53:27.708Z,3,145.97,5,OK,0.4
2026-02-15T11:53:27.759Z,3,145.97,5,OK,0.4
2026-02-15T11:53:27.809Z,3,145.95,5,OK,0.4
2026-02-15T11:53:27.859Z,3,133.63,5,OK,0.4
2026-02-15T11:53:27.910Z,1,20.39,6,OK,0.1
2026-02-15T11:53:27.960Z,1,20.37,7,OK,0.1
2026-02-15T11:53:28.011Z,1,20.39,8,OK,0.1
2026-02-15T11:53:28.061Z,1,20.33,9,OK,0.1
2026-02-15T11:53:28.112Z,1,20.33,10,OK,0.1
2026-02-15T11:53:28.163Z,1,20.20,11,OK,0.1
2026-02-15T11:53:28.213Z,1,20.14,12,OK,0.1
2026-02-15T11:53:28.264Z,1,20.08,13,OK,0.1
2026-02-15T11:53:28.314Z,1,20.18,14,OK,0.1
2026-02-15T11:53:28.364Z,1,20.19,15,OK,0.1
2026-02-15T11:53:28.414Z,1,20.22,16,OK,0.1
2026-02-15T11:53:28.465Z,1,20.16,17,OK,0.1
2026-02-15T11:53:28.515Z,1,20.17,18,OK,0.1
2026-02-15T11:53:28.566Z,1,20.18,19,OK,0.1
2026-02-15T11:53:28.616Z,1,20.15,20,OK,0.1
2026-02-15T11:53:28.696Z,13,20.84,21,OK,0.1
2026-02-15T11:53:28.949Z,16,67.48,16,SATURATED,0.1
2026-02-15T11:53:29.000Z,3,63.62,12,OK,0.1
2026-02-15T11:53:29.050Z,4,63.51,8,OK,0.1
2026-02-15T11:53:29.100Z,4,63.54,5,OK,0.1
2026-02-15T11:53:29.150Z,4,62.89,5,OK,0.1
2026-02-15T11:53:29.201Z,4,16.38,6,OK,0.1
2026-02-15T11:53:29.252Z,5,20.30,7,OK,0.1
2026-02-15T11:53:29.303Z,5,20.43,8,OK,0.1
2026-02-15T11:53:29.354Z,5,20.39,9,OK,0.1
2026-02-15T11:53:29.405Z,5,20.34,10,OK,0.1
2026-02-15T11:53:29.455Z,6,20.38,11,OK,0.1
2026-02-15T11:53:29.506Z,5,20.33,12,OK,0.1
2026-02-15T11:53:29.557Z,5,20.30,13,OK,0.1
2026-02-15T11:53:29.608Z,5,20.33,14,OK,0.1
2026-02-15T11:53:29.658Z,4,20.48,15,OK,0.1
2026-02-15T11:53:29.709Z,6,20.52,16,OK,0.1
2026-02-15T11:53:29.758Z,5,20.43,17,OK,0.1
2026-02-15T11:53:29.809Z,5,20.45,18,OK,0.1
2026-02-15T11:53:29.860Z,5,20.44,19,OK,0.1
2026-02-15T11:53:29.910Z,6,20.27,20,OK,0.1
2026-02-15T11:53:30.158Z,10,20.41,21,OK,0.1
2026-02-15T11:53:30.434Z,21,71.50,16,SATURATED,0.1
2026-02-15T11:53:30.484Z,7,71.40,11,OK,0.1
2026-02-15T11:53:30.535Z,7,71.43,6,SATURATED,0.1
2026-02-15T11:53:30.586Z,7,71.49,5,SATURATED,0.1
2026-02-15T11:53:30.636Z,7,71.34,5,SATURATED,0.1
2026-02-15T11:53:30.687Z,6,20.31,6,SATURATED,0.1
2026-02-15T11:53:30.738Z,5,20.30,7,OK,0.1
2026-02-15T11:53:30.789Z,5,20.32,8,OK,0.1
2026-02-15T11:53:30.840Z,5,20.30,9,OK,0.1
2026-02-15T11:53:30.889Z,5,20.29,10,OK,0.1
2026-02-15T11:53:30.940Z,5,20.29,11,OK,0.1
2026-02-15T11:53:31.081Z,5,44.65,9,OK,0.1
2026-02-15T11:53:31.131Z,4,44.70,7,OK,0.1
2026-02-15T11:53:31.181Z,4,45.83,5,OK,0.1
2026-02-15T11:53:31.231Z,3,45.76,5,OK,0.1
2026-02-15T11:53:31.281Z,3,45.78,5,OK,0.1
2026-02-15T11:53:31.331Z,3,21.54,6,OK,0.1
2026-02-15T11:53:31.382Z,3,21.55,7,OK,0.1
2026-02-15T11:53:31.432Z,3,20.40,8,OK,0.1
2026-02-15T11:53:31.482Z,4,23.24,9,OK,0.1
2026-02-15T11:53:31.532Z,4,23.25,10,OK,0.1
2026-02-15T11:53:31.583Z,4,23.26,11,OK,0.1
2026-02-15T11:53:31.634Z,4,23.17,12,OK,0.1
2026-02-15T11:53:31.819Z,5,52.60,9,OK,0.1
2026-02-15T11:53:32.086Z,7,89.33,5,SATURATED,0.1
2026-02-15T11:53:32.137Z,4,89.30,5,OK,0.1
2026-02-15T11:53:32.295Z,5,100.05,5,SATURATED,0.1
2026-02-15T11:53:32.345Z,4,100.02,5,OK,0.1
2026-02-15T11:53:32.395Z,4,70.54,5,OK,0.1
2026-02-15T11:53:32.445Z,4,31.03,5,OK,0.1
2026-02-15T11:53:32.620Z,4,59.65,5,OK,0.1
2026-02-15T11:53:32.671Z,4,48.88,5,OK,0.1
2026-02-15T11:53:32.722Z,4,49.01,5,OK,0.1
2026-02-15T11:53:32.773Z,4,49.04,5,OK,0.1
2026-02-15T11:53:32.825Z,5,49.02,5,SATURATED,0.1
2026-02-15T11:53:32.875Z,4,20.44,6,OK,0.1
2026-02-15T11:53:32.925Z,4,20.47,7,OK,0.1
2026-02-15T11:53:32.976Z,4,20.34,8,OK,0.1
2026-02-15T11:53:33.026Z,4,20.40,9,OK,0.1
2026-02-15T11:53:33.076Z,4,20.38,10,OK,0.1
2026-02-15T11:53:33.328Z,5,56.71,6,OK,0.1
2026-02-15T11:53:33.379Z,4,56.68,5,OK,0.1
2026-02-15T11:53:33.429Z,4,56.69,5,OK,0.1
2026-02-15T11:53:33.589Z,3,68.56,5,OK,0.1
2026-02-15T11:53:33.733Z,5,68.98,5,SATURATED,0.1
2026-02-15T11:53:33.783Z,3,32.64,5,OK,0.1
2026-02-15T11:53:33.833Z,4,32.67,5,OK,0.1
2026-02-15T11:53:33.884Z,3,32.64,5,OK,0.1
2026-02-15T11:53:33.935Z,3,20.73,6,OK,0.1
2026-02-15T11:53:33.984Z,3,20.29,7,OK,0.1
2026-02-15T11:53:34.035Z,3,20.33,8,OK,0.1
2026-02-15T11:53:34.085Z,2,20.29,9,OK,0.1
2026-02-15T11:53:34.135Z,1,20.32,10,OK,0.1
2026-02-15T11:53:34.186Z,1,20.29,11,OK,0.1
2026-02-15T11:53:34.236Z,1,20.31,12,OK,0.1
2026-02-15T11:53:34.286Z,1,20.26,13,OK,0.1
2026-02-15T11:53:34.451Z,2,20.25,14,OK,0.1
2026-02-15T11:53:34.744Z,14,74.74,9,SATURATED,0.1
2026-02-15T11:53:34.902Z,6,92.29,5,SATURATED,0.1
2026-02-15T11:53:34.953Z,3,92.31,5,OK,0.1
2026-02-15T11:53:35.003Z,3,92.43,5,OK,0.1
2026-02-15T11:53:35.053Z,3,92.44,5,OK,0.1
2026-02-15T11:53:35.103Z,3,37.98,5,OK,0.1
2026-02-15T11:53:35.154Z,3,20.44,6,OK,0.1
2026-02-15T11:53:35.205Z,3,20.36,7,OK,0.1
2026-02-15T11:53:35.255Z,3,20.26,8,OK,0.1
2026-02-15T11:53:35.305Z,4,20.26,9,OK,0.1
2026-02-15T11:53:35.356Z,3,20.20,10,OK,0.1
2026-02-15T11:53:35.407Z,3,20.20,11,OK,0.1
2026-02-15T11:53:35.457Z,4,20.28,12,OK,0.1
2026-02-15T11:53:35.507Z,4,20.28,13,OK,0.1
2026-02-15T11:53:35.558Z,4,20.35,14,OK,0.1
2026-02-15T11:53:35.607Z,4,20.38,15,OK,0.1
2026-02-15T11:53:35.658Z,4,20.39,16,OK,0.1
2026-02-15T11:53:35.708Z,4,20.38,17,OK,0.1
2026-02-15T11:53:35.760Z,11,20.97,18,OK,0.1
2026-02-15T11:53:35.998Z,18,54.45,15,SATURATED,0.1
2026-02-15T11:53:36.164Z,14,73.60,10,SATURATED,0.1
2026-02-15T11:53:36.215Z,9,73.60,5,SATURATED,0.1
2026-02-15T11:53:36.266Z,9,73.58,5,SATURATED,0.1
2026-02-15T11:53:36.317Z,9,72.97,5,SATURATED,0.1
2026-02-15T11:53:36.367Z,9,39.34,5,SATURATED,0.1
2026-02-15T11:53:36.418Z,9,20.20,6,SATURATED,0.1
2026-02-15T11:53:36.469Z,7,20.24,7,SATURATED,0.1
2026-02-15T11:53:36.519Z,7,20.25,8,OK,0.1
2026-02-15T11:53:36.570Z,7,20.28,9,OK,0.1
2026-02-15T11:53:36.621Z,7,20.38,10,OK,0.1
2026-02-15T11:53:36.671Z,7,20.33,11,OK,0.1
2026-02-15T11:53:36.721Z,7,20.25,12,OK,0.1
2026-02-15T11:53:36.878Z,8,20.25,13,OK,0.1
2026-02-15T11:53:36.929Z,6,20.16,14,OK,0.1
2026-02-15T11:53:36.983Z,7,20.10,15,OK,0.1
2026-02-15T11:53:37.194Z,10,54.25,12,OK,0.1
2026-02-15T11:53:37.245Z,10,54.29,9,SATURATED,0.1
2026-02-15T11:53:37.295Z,10,54.32,6,SATURATED,0.1
2026-02-15T11:53:37.345Z,10,54.24,5,SATURATED,0.1
2026-02-15T11:53:37.395Z,10,54.25,5,SATURATED,0.1
2026-02-15T11:53:37.446Z,10,20.23,6,SATURATED,0.1
2026-02-15T11:53:37.496Z,9,20.12,7,SATURATED,0.1
2026-02-15T11:53:37.547Z,9,20.08,8,SATURATED,0.1
2026-02-15T11:53:37.598Z,9,20.25,9,SATURATED,0.1
2026-02-15T11:53:37.649Z,9,20.30,10,OK,0.1
2026-02-15T11:53:37.699Z,9,20.20,11,OK,0.1
2026-02-15T11:53:37.749Z,9,20.31,12,OK,0.1
2026-02-15T11:53:37.799Z,7,20.37,13,OK,0.1
2026-02-15T11:53:37.850Z,7,20.38,14,OK,0.1
2026-02-15T11:53:37.901Z,7,20.36,15,OK,0.1
2026-02-15T11:53:37.952Z,7,20.35,16,OK,0.1
2026-02-15T11:53:38.003Z,6,20.43,17,OK,0.1
2026-02-15T11:53:38.165Z,4,38.72,15,OK,0.1
2026-02-15T11:53:38.216Z,13,38.78,13,SATURATED,0.1
2026-02-15T11:53:38.266Z,6,38.75,11,OK,0.1
2026-02-15T11:53:38.317Z,6,38.75,9,OK,0.1
2026-02-15T11:53:38.367Z,6,38.68,7,OK,0.1
2026-02-15T11:53:38.418Z,6,20.35,8,OK,0.1
2026-02-15T11:53:38.468Z,6,20.28,9,OK,0.1
2026-02-15T11:53:38.518Z,6,20.38,10,OK,0.1
2026-02-15T11:53:38.568Z,6,20.42,11,OK,0.1
2026-02-15T11:53:38.618Z,6,20.39,12,OK,0.1
2026-02-15T11:53:38.669Z,6,20.38,13,OK,0.1
2026-02-15T11:53:38.719Z,6,20.36,14,OK,0.1
2026-02-15T11:53:38.769Z,6,20.31,15,OK,0.1
2026-02-15T11:53:39.026Z,6,66.01,10,OK,0.1
2026-02-15T11:53:39.076Z,4,65.98,5,OK,0.1
2026-02-15T11:53:39.127Z,4,65.96,5,OK,0.1
2026-02-15T11:53:39.177Z,5,66.14,5,SATURATED,0.1
2026-02-15T11:53:39.228Z,4,66.18,5,OK,0.1
2026-02-15T11:53:39.461Z,5,53.01,5,SATURATED,0.1
2026-02-15T11:53:39.710Z,4,88.78,5,OK,0.1
2026-02-15T11:53:39.970Z,5,126.74,5,SATURATED,0.4
2026-02-15T11:53:40.020Z,3,127.25,5,OK,0.4
2026-02-15T11:53:40.272Z,4,169.49,5,OK,0.4
2026-02-15T11:53:40.322Z,2,136.95,5,OK,0.4
2026-02-15T11:53:40.372Z,2,101.20,5,OK,0.1
2026-02-15T11:53:40.422Z,2,63.24,5,OK,0.1
2026-02-15T11:53:40.698Z,2,62.53,5,OK,0.1
2026-02-15T11:53:40.748Z,2,20.29,6,OK,0.1
2026-02-15T11:53:40.798Z,2,20.30,7,OK,0.1
2026-02-15T11:53:40.848Z,2,20.35,8,OK,0.1
2026-02-15T11:53:40.898Z,2,20.35,9,OK,0.1
2026-02-15T11:53:40.948Z,2,20.38,10,OK,0.1
2026-02-15T11:53:41.231Z,4,69.52,5,OK,0.1
2026-02-15T11:53:41.282Z,2,69.49,5,OK,0.1
2026-02-15T11:53:41.332Z,2,69.55,5,OK,0.1
2026-02-15T11:53:41.382Z,2,69.56,5,OK,0.1
2026-02-15T11:53:41.432Z,2,69.50,5,OK,0.1
2026-02-15T11:53:41.482Z,2,20.35,6,OK,0.1
2026-02-15T11:53:41.532Z,2,20.41,7,OK,0.1
2026-02-15T11:53:41.582Z,2,20.29,8,OK,0.1
2026-02-15T11:53:41.633Z,2,20.28,9,OK,0.1
2026-02-15T11:53:41.684Z,2,20.35,10,OK,0.1
2026-02-15T11:53:41.845Z,5,32.31,9,OK,0.1
2026-02-15T11:53:41.895Z,2,32.28,8,OK,0.1
2026-02-15T11:53:41.946Z,2,32.32,7,OK,0.1
2026-02-15T11:53:41.996Z,2,32.41,6,OK,0.1
2026-02-15T11:53:42.047Z,2,32.39,5,OK,0.1
2026-02-15T11:53:42.097Z,2,20.45,6,OK,0.1
2026-02-15T11:53:42.148Z,2,20.47,7,OK,0.1
2026-02-15T11:53:42.199Z,2,20.44,8,OK,0.1
2026-02-15T11:53:42.252Z,7,20.36,9,OK,0.1
2026-02-15T11:53:42.484Z,4,20.40,10,OK,0.1
2026-02-15T11:53:42.534Z,3,20.25,11,OK,0.1
2026-02-15T11:53:42.584Z,3,20.24,12,OK,0.1
2026-02-15T11:53:42.634Z,3,20.26,13,OK,0.1
2026-02-15T11:53:42.684Z,3,20.32,14,OK,0.1
2026-02-15T11:53:42.877Z,3,35.17,12,OK,0.1
2026-02-15T11:53:43.018Z,12,49.41,9,SATURATED,0.1
2026-02-15T11:53:43.068Z,4,49.40,6,OK,0.1
2026-02-15T11:53:43.119Z,4,49.23,5,OK,0.1
2026-02-15T11:53:43.170Z,4,49.15,5,OK,0.1
2026-02-15T11:53:43.220Z,4,34.26,5,OK,0.1
2026-02-15T11:53:43.271Z,5,20.00,6,OK,0.1
2026-02-15T11:53:43.322Z,4,20.05,7,OK,0.1
2026-02-15T11:53:43.372Z,4,20.19,8,OK,0.1
2026-02-15T11:53:43.422Z,4,20.20,9,OK,0.1
2026-02-15T11:53:43.472Z,4,20.18,10,OK,0.1
2026-02-15T11:53:43.602Z,7,39.86,8,OK,0.1
2026-02-15T11:53:43.652Z,4,39.80,6,OK,0.1
2026-02-15T11:53:43.702Z,4,39.81,5,OK,0.1
2026-02-15T11:53:43.752Z,4,39.73,5,OK,0.1
2026-02-15T11:53:43.803Z,4,39.74,5,OK,0.1
2026-02-15T11:53:43.853Z,4,20.23,6,OK,0.1
2026-02-15T11:53:43.904Z,4,20.24,7,OK,0.1
2026-02-15T11:53:43.954Z,4,20.24,8,OK,0.1
2026-02-15T11:53:44.004Z,4,20.34,9,OK,0.1
2026-02-15T11:53:44.146Z,5,44.29,7,OK,0.1
2026-02-15T11:53:44.197Z,5,44.19,5,SATURATED,0.1
2026-02-15T11:53:44.247Z,5,44.22,5,SATURATED,0.1
2026-02-15T11:53:44.297Z,5,44.27,5,SATURATED,0.1
2026-02-15T11:53:44.348Z,5,44.27,5,SATURATED,0.1
2026-02-15T11:53:44.398Z,5,20.28,6,OK,0.1
2026-02-15T11:53:44.449Z,5,20.31,7,OK,0.1
2026-02-15T11:53:44.499Z,3,20.39,8,OK,0.1
2026-02-15T11:53:44.550Z,3,20.37,9,OK,0.1
2026-02-15T11:53:44.601Z,3,20.38,10,OK,0.1
2026-02-15T11:53:44.653Z,6,20.67,11,OK,0.1
2026-02-15T11:53:44.704Z,3,20.60,12,OK,0.1
2026-02-15T11:53:44.856Z,3,20.55,13,OK,0.1
2026-02-15T11:53:45.000Z,2,30.80,12,OK,0.1
2026-02-15T11:53:45.050Z,2,30.87,11,OK,0.1
2026-02-15T11:53:45.101Z,2,30.66,10,OK,0.1
2026-02-15T11:53:45.153Z,3,30.75,9,OK,0.1
2026-02-15T11:53:45.348Z,8,55.64,5,SATURATED,0.1
2026-02-15T11:53:45.398Z,1,46.45,5,OK,0.1
2026-02-15T11:53:45.449Z,1,46.37,5,OK,0.1
2026-02-15T11:53:45.499Z,2,46.38,5,OK,0.1
2026-02-15T11:53:45.549Z,1,46.33,5,OK,0.1
2026-02-15T11:53:45.599Z,1,21.38,6,OK,0.1
2026-02-15T11:53:45.658Z,4,20.72,7,OK,0.1
2026-02-15T11:53:45.708Z,2,20.64,8,OK,0.1
2026-02-15T11:53:45.758Z,2,20.51,9,OK,0.1
2026-02-15T11:53:45.808Z,2,20.58,10,OK,0.1
2026-02-15T11:53:45.858Z,2,20.60,11,OK,0.1
2026-02-15T11:53:45.909Z,2,20.13,12,OK,0.1
2026-02-15T11:53:45.960Z,2,20.19,13,OK,0.1
2026-02-15T11:53:46.011Z,2,20.26,14,OK,0.1
2026-02-15T11:53:46.061Z,1,20.16,15,OK,0.1
2026-02-15T11:53:46.111Z,1,20.20,16,OK,0.1
2026-02-15T11:53:46.161Z,1,20.27,17,OK,0.1
2026-02-15T11:53:46.211Z,1,20.31,18,OK,0.1
2026-02-15T11:53:46.261Z,1,20.35,19,OK,0.1
2026-02-15T11:53:46.311Z,1,20.42,20,OK,0.1
2026-02-15T11:53:46.365Z,6,20.37,21,OK,0.1
2026-02-15T11:53:46.482Z,4,29.70,20,OK,0.1
2026-02-15T11:53:46.532Z,3,29.45,19,OK,0.1
2026-02-15T11:53:46.582Z,3,29.47,18,OK,0.1
2026-02-15T11:53:46.633Z,4,29.43,17,OK,0.1
2026-02-15T11:53:46.689Z,6,29.73,16,OK,0.1
2026-02-15T11:53:46.786Z,15,35.84,14,SATURATED,0.1
2026-02-15T11:53:46.837Z,5,36.05,12,OK,0.1
2026-02-15T11:53:46.886Z,5,36.02,10,OK,0.1
2026-02-15T11:53:46.937Z,5,36.12,8,OK,0.1
2026-02-15T11:53:46.988Z,5,35.85,6,OK,0.1
2026-02-15T11:53:47.037Z,5,20.54,7,OK,0.1
2026-02-15T11:53:47.088Z,5,20.55,8,OK,0.1
2026-02-15T11:53:47.139Z,5,20.66,9,OK,0.1
2026-02-15T11:53:47.316Z,5,49.01,6,OK,0.1
2026-02-15T11:53:47.366Z,5,48.95,5,SATURATED,0.1
2026-02-15T11:53:47.417Z,5,48.82,5,SATURATED,0.1
2026-02-15T11:53:47.467Z,5,48.83,5,SATURATED,0.1
2026-02-15T11:53:47.518Z,5,48.91,5,SATURATED,0.1
2026-02-15T11:53:47.569Z,5,20.49,6,OK,0.1
2026-02-15T11:53:47.619Z,5,20.52,7,OK,0.1
2026-02-15T11:53:47.777Z,5,31.83,6,OK,0.1
2026-02-15T11:53:47.828Z,6,31.83,5,SATURATED,0.1
2026-02-15T11:53:47.877Z,6,31.67,5,SATURATED,0.1
2026-02-15T11:53:47.927Z,6,31.80,5,SATURATED,0.1
2026-02-15T11:53:47.978Z,6,31.81,5,SATURATED,0.1
2026-02-15T11:53:48.029Z,6,20.50,6,SATURATED,0.1
2026-02-15T11:53:48.080Z,6,20.67,7,OK,0.1
2026-02-15T11:53:48.131Z,6,20.66,8,OK,0.1
2026-02-15T11:53:48.181Z,6,20.45,9,OK,0.1
2026-02-15T11:53:48.231Z,6,20.41,10,OK,0.1
2026-02-15T11:53:48.282Z,6,20.39,11,OK,0.1
2026-02-15T11:53:48.332Z,6,20.37,12,OK,0.1
2026-02-15T11:53:48.382Z,8,20.24,13,OK,0.1
2026-02-15T11:53:48.432Z,7,20.33,14,OK,0.1
2026-02-15T11:53:48.482Z,7,20.35,15,OK,0.1
2026-02-15T11:53:48.857Z,12,90.09,8,SATURATED,0.1
2026-02-15T11:53:48.908Z,6,86.07,5,SATURATED,0.1
2026-02-15T11:53:48.958Z,6,86.08,5,SATURATED,0.1
2026-02-15T11:53:49.008Z,6,85.97,5,SATURATED,0.1
2026-02-15T11:53:49.059Z,6,85.74,5,SATURATED,0.1
2026-02-15T11:53:49.110Z,6,16.02,6,SATURATED,0.1
2026-02-15T11:53:49.160Z,6,19.92,7,OK,0.1
2026-02-15T11:53:49.211Z,6,20.05,8,OK,0.1
2026-02-15T11:53:49.261Z,6,20.13,9,OK,0.1
2026-02-15T11:53:49.312Z,6,20.39,10,OK,0.1
2026-02-15T11:53:49.362Z,7,20.39,11,OK,0.1
2026-02-15T11:53:49.412Z,8,20.82,12,OK,0.1
2026-02-15T11:53:49.463Z,8,20.78,13,OK,0.1
2026-02-15T11:53:49.688Z,8,20.77,14,OK,0.1
2026-02-15T11:53:49.805Z,8,39.90,12,OK,0.1
2026-02-15T11:53:49.856Z,6,39.86,10,OK,0.1
2026-02-15T11:53:49.965Z,9,55.36,6,SATURATED,0.1
2026-02-15T11:53:50.015Z,6,55.52,5,SATURATED,0.1
2026-02-15T11:53:50.065Z,6,55.53,5,SATURATED,0.1
2026-02-15T11:53:50.115Z,6,36.38,5,SATURATED,0.1
2026-02-15T11:53:50.166Z,6,36.41,5,SATURATED,0.1
2026-02-15T11:53:50.216Z,6,20.47,6,SATURATED,0.1
2026-02-15T11:53:50.267Z,6,20.34,7,OK,0.1
2026-02-15T11:53:50.318Z,6,20.38,8,OK,0.1
2026-02-15T11:53:50.368Z,6,20.39,9,OK,0.1
2026-02-15T11:53:50.519Z,6,31.33,8,OK,0.1
2026-02-15T11:53:50.569Z,6,31.31,7,OK,0.1
2026-02-15T11:53:50.620Z,6,31.32,6,SATURATED,0.1
2026-02-15T11:53:50.671Z,6,31.33,5,SATURATED,0.1
2026-02-15T11:53:50.722Z,6,31.41,5,SATURATED,0.1
2026-02-15T11:53:50.771Z,6,20.55,6,SATURATED,0.1
2026-02-15T11:53:50.821Z,6,20.61,7,OK,0.1
2026-02-15T11:53:50.871Z,5,20.70,8,OK,0.1
2026-02-15T11:53:50.922Z,4,20.72,9,OK,0.1
2026-02-15T11:53:50.975Z,6,20.50,10,OK,0.1
2026-02-15T11:53:51.025Z,5,21.24,11,OK,0.1
2026-02-15T11:53:51.075Z,6,21.16,12,OK,0.1
2026-02-15T11:53:51.126Z,6,21.00,13,OK,0.1
2026-02-15T11:53:51.175Z,6,20.98,14,OK,0.1
2026-02-15T11:53:51.226Z,6,21.14,15,OK,0.1
2026-02-15T11:53:51.276Z,6,20.33,16,OK,0.1
2026-02-15T11:53:51.326Z,6,20.34,17,OK,0.1
2026-02-15T11:53:51.376Z,4,20.37,18,OK,0.1
2026-02-15T11:53:51.426Z,4,20.38,19,OK,0.1
2026-02-15T11:53:51.476Z,4,20.35,20,OK,0.1
2026-02-15T11:53:51.526Z,4,20.33,21,OK,0.1
2026-02-15T11:53:51.576Z,4,20.34,22,OK,0.1
2026-02-15T11:53:51.627Z,4,20.41,23,OK,0.1
2026-02-15T11:53:51.677Z,4,20.41,24,OK,0.1
2026-02-15T11:53:51.727Z,4,20.46,25,OK,0.1
2026-02-15T11:53:51.778Z,4,20.50,26,OK,0.1
2026-02-15T11:53:51.828Z,6,20.42,27,OK,0.1
2026-02-15T11:53:51.878Z,4,20.32,28,OK,0.1
2026-02-15T11:53:51.928Z,5,20.28,29,OK,0.1
2026-02-15T11:53:51.979Z,5,20.24,30,OK,0.1
2026-02-15T11:53:52.114Z,9,33.14,29,OK,0.1
2026-02-15T11:53:52.521Z,29,110.44,20,SATURATED,0.1
2026-02-15T11:53:52.571Z,6,110.48,11,OK,0.1
2026-02-15T11:53:52.622Z,6,110.50,5,SATURATED,0.1
2026-02-15T11:53:52.672Z,6,110.49,5,SATURATED,0.1
2026-02-15T11:53:52.723Z,6,97.64,5,SATURATED,0.1
2026-02-15T11:53:52.774Z,6,20.41,6,SATURATED,0.1
2026-02-15T11:53:52.824Z,6,20.39,7,OK,0.1
2026-02-15T11:53:52.875Z,7,20.45,8,OK,0.1
2026-02-15T11:53:52.926Z,7,20.23,9,OK,0.1
2026-02-15T11:53:52.977Z,7,20.16,10,OK,0.1
2026-02-15T11:53:53.024Z,6,20.20,11,OK,0.1
2026-02-15T11:53:53.074Z,5,20.29,12,OK,0.1
2026-02-15T11:53:53.127Z,8,20.23,13,OK,0.1
2026-02-15T11:53:53.308Z,6,50.98,10,OK,0.1
2026-02-15T11:53:53.358Z,5,50.95,7,OK,0.1
2026-02-15T11:53:53.409Z,5,50.89,5,SATURATED,0.1
2026-02-15T11:53:53.460Z,5,50.85,5,SATURATED,0.1
2026-02-15T11:53:53.509Z,5,50.86,5,SATURATED,0.1
2026-02-15T11:53:53.559Z,5,20.52,6,OK,0.1
2026-02-15T11:53:53.609Z,5,20.51,7,OK,0.1
2026-02-15T11:53:53.660Z,5,20.56,8,OK,0.1
2026-02-15T11:53:53.711Z,6,20.58,9,OK,0.1
2026-02-15T11:53:53.762Z,5,20.54,10,OK,0.1
2026-02-15T11:53:53.813Z,5,20.35,11,OK,0.1
2026-02-15T11:53:53.864Z,5,20.29,12,OK,0.1
2026-02-15T11:53:53.914Z,6,20.32,13,OK,0.1
2026-02-15T11:53:53.964Z,5,20.26,14,OK,0.1
2026-02-15T11:53:54.014Z,5,20.30,15,OK,0.1
2026-02-15T11:53:54.064Z,5,20.33,16,OK,0.1
2026-02-15T11:53:54.114Z,5,20.39,17,OK,0.1
2026-02-15T11:53:54.261Z,5,43.98,15,OK,0.1
2026-02-15T11:53:54.314Z,6,44.03,13,OK,0.1
2026-02-15T11:53:54.364Z,5,43.92,11,OK,0.1
2026-02-15T11:53:54.414Z,5,43.92,9,OK,0.1
2026-02-15T11:53:54.465Z,5,44.01,7,OK,0.1
2026-02-15T11:53:54.516Z,5,20.39,8,OK,0.1
2026-02-15T11:53:54.579Z,8,20.89,9,OK,0.1
2026-02-15T11:53:54.631Z,4,21.04,10,OK,0.1
2026-02-15T11:53:54.681Z,4,21.06,11,OK,0.1
2026-02-15T11:53:54.849Z,4,46.46,8,OK,0.1
2026-02-15T11:53:54.900Z,4,46.43,5,OK,0.1
2026-02-15T11:53:54.951Z,4,45.89,5,OK,0.1
2026-02-15T11:53:55.001Z,4,46.02,5,OK,0.1
2026-02-15T11:53:55.052Z,4,45.98,5,OK,0.1
2026-02-15T11:53:55.102Z,4,20.50,6,OK,0.1
2026-02-15T11:53:55.152Z,4,20.47,7,OK,0.1
2026-02-15T11:53:55.203Z,4,20.52,8,OK,0.1
2026-02-15T11:53:55.254Z,4,20.35,9,OK,0.1
2026-02-15T11:53:55.304Z,4,20.36,10,OK,0.1
2026-02-15T11:53:55.430Z,4,39.13,8,OK,0.1
2026-02-15T11:53:55.480Z,4,39.17,6,OK,0.1
2026-02-15T11:53:55.531Z,4,39.14,5,OK,0.1
2026-02-15T11:53:55.582Z,5,39.06,5,SATURATED,0.1
2026-02-15T11:53:55.633Z,5,39.08,5,SATURATED,0.1
2026-02-15T11:53:55.684Z,5,20.34,6,OK,0.1
2026-02-15T11:53:55.735Z,5,20.40,7,OK,0.1
2026-02-15T11:53:55.786Z,5,20.38,8,OK,0.1
2026-02-15T11:53:55.837Z,5,20.51,9,OK,0.1
2026-02-15T11:53:56.051Z,7,54.79,6,SATURATED,0.1
2026-02-15T11:53:56.101Z,4,54.75,5,OK,0.1
2026-02-15T11:53:56.152Z,4,54.72,5,OK,0.1
2026-02-15T11:53:56.204Z,4,54.78,5,OK,0.1
2026-02-15T11:53:56.254Z,4,54.75,5,OK,0.1
2026-02-15T11:53:56.304Z,4,20.67,6,OK,0.1
2026-02-15T11:53:56.354Z,4,20.69,7,OK,0.1
2026-02-15T11:53:56.404Z,4,20.64,8,OK,0.1
2026-02-15T11:53:56.455Z,4,20.57,9,OK,0.1
2026-02-15T11:53:56.507Z,4,20.51,10,OK,0.1
2026-02-15T11:53:56.557Z,5,20.21,11,OK,0.1
2026-02-15T11:53:56.713Z,4,37.35,9,OK,0.1
2026-02-15T11:53:56.854Z,9,51.49,6,SATURATED,0.1
2026-02-15T11:53:56.904Z,2,51.63,5,OK,0.1
2026-02-15T11:53:56.955Z,2,51.62,5,OK,0.1
2026-02-15T11:53:57.005Z,2,51.74,5,OK,0.1
2026-02-15T11:53:57.057Z,4,34.58,5,OK,0.1
2026-02-15T11:53:57.107Z,3,20.41,6,OK,0.1
2026-02-15T11:53:57.158Z,3,20.31,7,OK,0.1
2026-02-15T11:53:57.208Z,3,20.36,8,OK,0.1
2026-02-15T11:53:57.258Z,3,20.38,9,OK,0.1
2026-02-15T11:53:57.308Z,3,20.47,10,OK,0.1
2026-02-15T11:53:57.359Z,3,20.50,11,OK,0.1
2026-02-15T11:53:57.410Z,3,20.50,12,OK,0.1
2026-02-15T11:53:57.579Z,5,46.73,9,OK,0.1
2026-02-15T11:53:57.630Z,4,46.66,6,OK,0.1
2026-02-15T11:53:57.681Z,4,46.67,5,OK,0.1
2026-02-15T11:53:57.732Z,4,47.01,5,OK,0.1
2026-02-15T11:53:57.781Z,4,47.03,5,OK,0.1
2026-02-15T11:53:57.832Z,4,20.79,6,OK,0.1
2026-02-15T11:53:57.883Z,6,21.31,7,OK,0.1
2026-02-15T11:53:57.991Z,5,37.67,5,SATURATED,0.1
2026-02-15T11:53:58.041Z,5,37.32,5,SATURATED,0.1
2026-02-15T11:53:58.091Z,5,37.26,5,SATURATED,0.1
2026-02-15T11:53:58.141Z,5,37.31,5,SATURATED,0.1
2026-02-15T11:53:58.191Z,5,36.81,5,SATURATED,0.1
2026-02-15T11:53:58.242Z,5,20.39,6,OK,0.1
2026-02-15T11:53:58.293Z,5,20.45,7,OK,0.1
2026-02-15T11:53:58.344Z,5,20.41,8,OK,0.1
2026-02-15T11:53:58.395Z,5,20.37,9,OK,0.1
2026-02-15T11:53:58.445Z,5,20.36,10,OK,0.1
2026-02-15T11:53:58.496Z,5,20.34,11,OK,0.1
2026-02-15T11:53:58.546Z,4,20.27,12,OK,0.1
2026-02-15T11:53:58.597Z,5,20.30,13,OK,0.1
2026-02-15T11:53:58.648Z,5,20.26,14,OK,0.1
2026-02-15T11:53:58.699Z,5,20.25,15,OK,0.1
2026-02-15T11:53:58.874Z,5,33.48,14,OK,0.1
2026-02-15T11:53:59.061Z,14,56.84,10,SATURATED,0.1
2026-02-15T11:53:59.111Z,6,56.72,6,SATURATED,0.1
2026-02-15T11:53:59.161Z,6,56.73,5,SATURATED,0.1
2026-02-15T11:53:59.211Z,6,56.71,5,SATURATED,0.1
2026-02-15T11:53:59.262Z,6,43.55,5,SATURATED,0.1
2026-02-15T11:53:59.311Z,6,20.22,6,SATURATED,0.1
2026-02-15T11:53:59.361Z,6,20.45,7,OK,0.1
2026-02-15T11:53:59.412Z,6,20.46,8,OK,0.1
2026-02-15T11:53:59.462Z,5,20.43,9,OK,0.1
2026-02-15T11:53:59.512Z,5,20.38,10,OK,0.1
2026-02-15T11:53:59.562Z,5,20.45,11,OK,0.1
2026-02-15T11:53:59.727Z,4,45.98,8,OK,0.1
2026-02-15T11:53:59.967Z,6,79.90,5,SATURATED,0.1
2026-02-15T11:54:00.018Z,3,79.97,5,OK,0.1
2026-02-15T11:54:00.068Z,5,79.95,5,SATURATED,0.1
2026-02-15T11:54:00.119Z,5,79.92,5,SATURATED,0.1
2026-02-15T11:54:00.169Z,5,54.31,5,SATURATED,0.1
2026-02-15T11:54:00.220Z,5,20.32,6,OK,0.1
2026-02-15T11:54:00.273Z,5,20.29,7,OK,0.1
2026-02-15T11:54:00.437Z,6,32.63,6,SATURATED,0.1
2026-02-15T11:54:00.488Z,5,32.63,5,SATURATED,0.1
2026-02-15T11:54:00.539Z,5,32.60,5,SATURATED,0.1
2026-02-15T11:54:00.590Z,5,32.70,5,SATURATED,0.1
2026-02-15T11:54:00.641Z,4,32.72,5,OK,0.1
2026-02-15T11:54:00.692Z,4,20.38,6,OK,0.1
2026-02-15T11:54:00.859Z,4,20.32,7,OK,0.1
2026-02-15T11:54:00.909Z,5,20.43,8,OK,0.1
2026-02-15T11:54:00.959Z,5,20.36,9,OK,0.1
2026-02-15T11:54:01.009Z,6,20.39,10,OK,0.1
2026-02-15T11:54:01.059Z,6,20.36,11,OK,0.1
2026-02-15T11:54:01.198Z,11,42.71,9,SATURATED,0.1
2026-02-15T11:54:01.248Z,5,42.67,7,OK,0.1
2026-02-15T11:54:01.298Z,5,42.70,5,SATURATED,0.1
2026-02-15T11:54:01.348Z,5,42.62,5,SATURATED,0.1
2026-02-15T11:54:01.398Z,5,42.66,5,SATURATED,0.1
2026-02-15T11:54:01.449Z,5,20.33,6,OK,0.1
2026-02-15T11:54:01.499Z,5,20.30,7,OK,0.1
2026-02-15T11:54:01.549Z,5,20.31,8,OK,0.1
2026-02-15T11:54:01.600Z,6,20.39,9,OK,0.1
2026-02-15T11:54:01.650Z,6,20.39,10,OK,0.1
2026-02-15T11:54:01.701Z,6,20.37,11,OK,0.1
2026-02-15T11:54:01.751Z,6,20.38,12,OK,0.1
2026-02-15T11:54:01.800Z,6,20.37,13,OK,0.1
2026-02-15T11:54:01.850Z,6,20.30,14,OK,0.1
2026-02-15T11:54:01.901Z,7,20.29,15,OK,0.1
2026-02-15T11:54:01.952Z,7,20.30,16,OK,0.1
2026-02-15T11:54:02.002Z,7,20.33,17,OK,0.1
2026-02-15T11:54:02.053Z,7,20.33,18,OK,0.1
2026-02-15T11:54:02.103Z,5,20.28,19,OK,0.1
2026-02-15T11:54:02.154Z,5,20.27,20,OK,0.1
2026-02-15T11:54:02.214Z,9,20.27,21,OK,0.1
2026-02-15T11:54:02.336Z,20,40.72,19,SATURATED,0.1
2026-02-15T11:54:02.386Z,7,40.68,17,OK,0.1
2026-02-15T11:54:02.436Z,7,40.76,15,OK,0.1
2026-02-15T11:54:02.688Z,8,86.81,8,SATURATED,0.1
2026-02-15T11:54:02.737Z,7,86.80,5,SATURATED,0.1
2026-02-15T11:54:02.787Z,7,66.29,5,SATURATED,0.1
2026-02-15T11:54:02.839Z,7,66.34,5,SATURATED,0.1
2026-02-15T11:54:02.888Z,6,66.34,5,SATURATED,0.1
2026-02-15T11:54:02.939Z,6,20.20,6,SATURATED,0.1
2026-02-15T11:54:02.990Z,5,20.21,7,OK,0.1
2026-02-15T11:54:03.041Z,5,20.20,8,OK,0.1
2026-02-15T11:54:03.091Z,5,20.06,9,OK,0.1
2026-02-15T11:54:03.240Z,6,45.62,6,SATURATED,0.1
2026-02-15T11:54:03.291Z,4,45.73,5,OK,0.1
2026-02-15T11:54:03.342Z,4,45.73,5,OK,0.1
2026-02-15T11:54:03.393Z,5,45.80,5,SATURATED,0.1
2026-02-15T11:54:03.444Z,5,45.92,5,SATURATED,0.1
2026-02-15T11:54:03.495Z,5,20.40,6,OK,0.1
2026-02-15T11:54:03.545Z,5,20.37,7,OK,0.1
2026-02-15T11:54:03.596Z,5,20.41,8,OK,0.1
2026-02-15T11:54:03.646Z,4,20.38,9,OK,0.1
2026-02-15T11:54:03.701Z,7,20.44,10,OK,0.1
2026-02-15T11:54:03.751Z,4,20.44,11,OK,0.1
2026-02-15T11:54:03.802Z,4,20.47,12,OK,0.1
2026-02-15T11:54:03.853Z,4,20.39,13,OK,0.1
2026-02-15T11:54:03.904Z,3,20.31,14,OK,0.1
2026-02-15T11:54:03.953Z,3,20.34,15,OK,0.1
2026-02-15T11:54:04.003Z,5,20.47,16,OK,0.1
2026-02-15T11:54:04.053Z,4,20.49,17,OK,0.1
2026-02-15T11:54:04.103Z,4,20.64,18,OK,0.1
2026-02-15T11:54:04.153Z,4,20.72,19,OK,0.1
2026-02-15T11:54:04.203Z,3,20.65,20,OK,0.1
2026-02-15T11:54:04.254Z,6,20.46,21,OK,0.1
2026-02-15T11:54:04.508Z,10,57.37,17,OK,0.1
2026-02-15T11:54:05.112Z,17,163.99,5,SATURATED,0.4
2026-02-15T11:54:05.163Z,6,163.96,5,SATURATED,0.4
2026-02-15T11:54:05.214Z,6,163.93,5,SATURATED,0.4
2026-02-15T11:54:05.265Z,6,163.88,5,SATURATED,0.4
2026-02-15T11:54:05.316Z,6,126.88,5,SATURATED,0.4
2026-02-15T11:54:05.367Z,5,20.20,6,OK,0.1
2026-02-15T11:54:05.417Z,5,20.34,7,OK,0.1
2026-02-15T11:54:05.468Z,5,20.48,8,OK,0.1
2026-02-15T11:54:05.660Z,5,20.52,9,OK,0.1
2026-02-15T11:54:05.781Z,8,40.71,7,SATURATED,0.1
2026-02-15T11:54:05.832Z,5,40.68,5,SATURATED,0.1
2026-02-15T11:54:05.883Z,5,40.59,5,SATURATED,0.1
2026-02-15T11:54:05.934Z,5,40.53,5,SATURATED,0.1
2026-02-15T11:54:05.983Z,5,40.53,5,SATURATED,0.1
2026-02-15T11:54:06.033Z,4,20.42,6,OK,0.1
2026-02-15T11:54:06.084Z,4,20.36,7,OK,0.1
2026-02-15T11:54:06.265Z,4,34.20,6,OK,0.1
2026-02-15T11:54:06.316Z,3,34.15,5,OK,0.1
2026-02-15T11:54:06.471Z,3,34.15,5,OK,0.1
2026-02-15T11:54:06.522Z,0,34.07,5,OK,0.1
2026-02-15T11:54:06.571Z,0,34.13,5,OK,0.1
2026-02-15T11:54:06.622Z,0,20.30,6,OK,0.1
2026-02-15T11:54:06.673Z,0,20.33,7,OK,0.1
2026-02-15T11:54:06.724Z,0,20.36,8,OK,0.1
2026-02-15T11:54:06.775Z,0,20.51,9,OK,0.1
2026-02-15T11:54:06.918Z,2,44.11,7,OK,0.1
2026-02-15T11:54:07.031Z,2,52.62,5,OK,0.1
2026-02-15T11:54:07.081Z,0,52.59,5,OK,0.1
2026-02-15T11:54:07.132Z,0,52.58,5,OK,0.1
2026-02-15T11:54:07.182Z,0,52.51,5,OK,0.1
2026-02-15T11:54:07.232Z,0,28.86,5,OK,0.1
2026-02-15T11:54:07.288Z,5,20.40,6,OK,0.1
2026-02-15T11:54:07.338Z,2,20.36,7,OK,0.1
2026-02-15T11:54:07.389Z,2,20.37,8,OK,0.1
2026-02-15T11:54:07.440Z,2,20.34,9,OK,0.1
2026-02-15T11:54:07.494Z,3,20.51,10,OK,0.1
2026-02-15T11:54:07.545Z,2,20.43,11,OK,0.1
2026-02-15T11:54:07.595Z,2,20.54,12,OK,0.1
2026-02-15T11:54:07.646Z,2,20.56,13,OK,0.1
2026-02-15T11:54:07.696Z,2,20.59,14,OK,0.1
2026-02-15T11:54:07.746Z,2,20.59,15,OK,0.1
2026-02-15T11:54:07.797Z,2,20.62,16,OK,0.1
2026-02-15T11:54:07.848Z,2,20.47,17,OK,0.1
2026-02-15T11:54:07.898Z,2,20.48,18,OK,0.1
2026-02-15T11:54:08.055Z,4,20.52,19,OK,0.1
2026-02-15T11:54:08.105Z,3,20.40,20,OK,0.1
2026-02-15T11:54:08.156Z,3,20.38,21,OK,0.1
2026-02-15T11:54:08.207Z,3,20.47,22,OK,0.1
2026-02-15T11:54:08.258Z,3,20.46,23,OK,0.1
2026-02-15T11:54:08.416Z,3,37.93,21,OK,0.1
2026-02-15T11:54:08.466Z,5,37.89,19,OK,0.1
2026-02-15T11:54:08.633Z,6,38.24,17,OK,0.1
2026-02-15T11:54:08.683Z,5,38.20,15,OK,0.1
2026-02-15T11:54:08.733Z,5,38.56,13,OK,0.1
2026-02-15T11:54:08.783Z,5,21.03,14,OK,0.1
2026-02-15T11:54:08.833Z,5,21.11,15,OK,0.1
2026-02-15T11:54:08.884Z,5,20.76,16,OK,0.1
2026-02-15T11:54:08.935Z,5,20.79,17,OK,0.1
2026-02-15T11:54:08.986Z,5,20.39,18,OK,0.1
2026-02-15T11:54:09.036Z,5,20.37,19,OK,0.1
2026-02-15T11:54:09.215Z,8,33.46,18,OK,0.1
2026-02-15T11:54:09.266Z,6,33.44,17,OK,0.1
2026-02-15T11:54:09.316Z,4,33.36,16,OK,0.1
2026-02-15T11:54:09.367Z,4,33.36,15,OK,0.1
2026-02-15T11:54:09.418Z,4,33.38,14,OK,0.1
2026-02-15T11:54:09.469Z,14,20.27,15,OK,0.1
2026-02-15T11:54:09.520Z,10,20.32,16,OK,0.1
2026-02-15T11:54:09.571Z,10,20.36,17,OK,0.1
2026-02-15T11:54:09.621Z,10,20.30,18,OK,0.1
2026-02-15T11:54:09.672Z,10,20.37,19,OK,0.1
2026-02-15T11:54:09.722Z,10,20.24,20,OK,0.1
2026-02-15T11:54:09.773Z,10,20.21,21,OK,0.1
2026-02-15T11:54:09.824Z,10,20.29,22,OK,0.1
2026-02-15T11:54:09.874Z,10,20.39,23,OK,0.1
2026-02-15T11:54:09.924Z,10,20.35,24,OK,0.1
2026-02-15T11:54:09.975Z,9,20.28,25,OK,0.1
2026-02-15T11:54:10.026Z,9,20.37,26,OK,0.1
2026-02-15T11:54:10.076Z,9,20.44,27,OK,0.1
2026-02-15T11:54:10.126Z,9,20.39,28,OK,0.1
2026-02-15T11:54:10.177Z,9,20.40,29,OK,0.1
2026-02-15T11:54:10.425Z,11,20.55,30,OK,0.1
2026-02-15T11:54:10.564Z,10,44.12,28,OK,0.1
2026-02-15T11:54:10.811Z,28,79.34,22,SATURATED,0.1
2026-02-15T11:54:10.985Z,13,99.88,14,OK,0.1
2026-02-15T11:54:11.035Z,8,99.83,6,SATURATED,0.1
2026-02-15T11:54:11.086Z,7,100.06,5,SATURATED,0.1
2026-02-15T11:54:11.137Z,7,76.53,5,SATURATED,0.1
2026-02-15T11:54:11.188Z,7,41.25,5,SATURATED,0.1
2026-02-15T11:54:11.239Z,7,20.67,6,SATURATED,0.1
2026-02-15T11:54:11.289Z,7,20.74,7,SATURATED,0.1
2026-02-15T11:54:11.340Z,7,20.62,8,OK,0.1
2026-02-15T11:54:11.391Z,7,20.51,9,OK,0.1
2026-02-15T11:54:11.441Z,9,20.81,10,OK,0.1
2026-02-15T11:54:11.574Z,8,33.38,9,OK,0.1
2026-02-15T11:54:11.624Z,3,33.28,8,OK,0.1
2026-02-15T11:54:11.675Z,3,33.17,7,OK,0.1
2026-02-15T11:54:11.725Z,3,33.14,6,OK,0.1
2026-02-15T11:54:11.776Z,3,32.85,5,OK,0.1
2026-02-15T11:54:11.958Z,3,34.40,5,OK,0.1
2026-02-15T11:54:12.090Z,5,52.74,5,SATURATED,0.1
2026-02-15T11:54:12.140Z,4,52.74,5,OK,0.1
2026-02-15T11:54:12.190Z,4,52.74,5,OK,0.1
2026-02-15T11:54:12.240Z,4,52.75,5,OK,0.1
2026-02-15T11:54:12.291Z,4,38.74,5,OK,0.1
2026-02-15T11:54:12.341Z,4,20.45,6,OK,0.1
2026-02-15T11:54:12.392Z,4,20.47,7,OK,0.1
2026-02-15T11:54:12.597Z,5,20.52,8,OK,0.1
2026-02-15T11:54:12.647Z,4,20.43,9,OK,0.1
2026-02-15T11:54:12.698Z,5,20.34,10,OK,0.1
2026-02-15T11:54:12.748Z,5,20.36,11,OK,0.1
2026-02-15T11:54:12.799Z,5,20.36,12,OK,0.1
2026-02-15T11:54:12.850Z,5,20.40,13,OK,0.1
2026-02-15T11:54:12.900Z,5,20.46,14,OK,0.1
2026-02-15T11:54:12.951Z,5,20.48,15,OK,0.1
2026-02-15T11:54:13.256Z,10,74.67,10,SATURATED,0.1
2026-02-15T11:54:13.306Z,6,74.62,5,SATURATED,0.1
2026-02-15T11:54:13.357Z,6,74.55,5,SATURATED,0.1
2026-02-15T11:54:13.408Z,6,74.45,5,SATURATED,0.1
2026-02-15T11:54:13.459Z,5,74.41,5,SATURATED,0.1
2026-02-15T11:54:13.510Z,5,20.23,6,OK,0.1
2026-02-15T11:54:13.561Z,5,20.20,7,OK,0.1
2026-02-15T11:54:13.612Z,7,20.14,8,OK,0.1
2026-02-15T11:54:13.662Z,5,20.35,9,OK,0.1
2026-02-15T11:54:13.712Z,5,20.38,10,OK,0.1
2026-02-15T11:54:13.763Z,5,20.35,11,OK,0.1
2026-02-15T11:54:13.813Z,5,20.41,12,OK,0.1
2026-02-15T11:54:13.863Z,5,20.46,13,OK,0.1
2026-02-15T11:54:13.914Z,5,20.31,14,OK,0.1
2026-02-15T11:54:13.965Z,5,20.31,15,OK,0.1
2026-02-15T11:54:14.016Z,4,20.37,16,OK,0.1
2026-02-15T11:54:14.067Z,4,20.40,17,OK,0.1
2026-02-15T11:54:14.117Z,4,20.39,18,OK,0.1
2026-02-15T11:54:14.168Z,4,20.48,19,OK,0.1
2026-02-15T11:54:14.218Z,4,20.52,20,OK,0.1
2026-02-15T11:54:14.436Z,4,20.49,21,OK,0.1
2026-02-15T11:54:14.923Z,21,103.81,13,SATURATED,0.1
2026-02-15T11:54:14.973Z,5,103.79,5,SATURATED,0.1
2026-02-15T11:54:15.024Z,5,103.58,5,SATURATED,0.1
2026-02-15T11:54:15.074Z,5,103.52,5,SATURATED,0.1
2026-02-15T11:54:15.124Z,5,103.51,5,SATURATED,0.1
2026-02-15T11:54:15.175Z,5,20.19,6,OK,0.1
2026-02-15T11:54:15.226Z,5,20.17,7,OK,0.1
2026-02-15T11:54:15.277Z,5,20.34,8,OK,0.1
2026-02-15T11:54:15.327Z,4,20.29,9,OK,0.1
2026-02-15T11:54:15.377Z,4,20.28,10,OK,0.1
2026-02-15T11:54:15.428Z,4,20.26,11,OK,0.1
2026-02-15T11:54:15.575Z,4,45.56,8,OK,0.1
2026-02-15T11:54:15.697Z,4,55.85,5,OK,0.1
2026-02-15T11:54:15.747Z,3,55.90,5,OK,0.1
2026-02-15T11:54:15.797Z,3,55.90,5,OK,0.1
2026-02-15T11:54:15.847Z,3,55.84,5,OK,0.1
2026-02-15T11:54:15.897Z,3,30.60,5,OK,0.1
2026-02-15T11:54:15.956Z,5,20.36,6,OK,0.1
2026-02-15T11:54:16.006Z,5,20.34,7,OK,0.1
2026-02-15T11:54:16.057Z,5,20.29,8,OK,0.1
2026-02-15T11:54:16.107Z,5,20.25,9,OK,0.1
2026-02-15T11:54:16.157Z,5,20.25,10,OK,0.1
2026-02-15T11:54:16.208Z,5,20.15,11,OK,0.1
2026-02-15T11:54:16.259Z,5,20.20,12,OK,0.1
2026-02-15T11:54:16.416Z,5,45.88,9,OK,0.1
2026-02-15T11:54:16.467Z,5,45.96,6,OK,0.1
2026-02-15T11:54:16.517Z,5,45.96,5,SATURATED,0.1
2026-02-15T11:54:16.567Z,5,46.03,5,SATURATED,0.1
2026-02-15T11:54:16.618Z,5,46.02,5,SATURATED,0.1
2026-02-15T11:54:16.668Z,5,20.37,6,OK,0.1
2026-02-15T11:54:16.874Z,5,54.80,5,SATURATED,0.1
2026-02-15T11:54:16.925Z,3,54.79,5,OK,0.1
2026-02-15T11:54:16.976Z,5,56.00,5,SATURATED,0.1
2026-02-15T11:54:17.026Z,4,56.30,5,OK,0.1
2026-02-15T11:54:17.076Z,4,56.28,5,OK,0.1
2026-02-15T11:54:17.127Z,4,21.88,6,OK,0.1
2026-02-15T11:54:17.343Z,4,39.31,5,OK,0.1
2026-02-15T11:54:17.392Z,4,38.04,5,OK,0.1
2026-02-15T11:54:17.595Z,4,72.02,5,OK,0.1
2026-02-15T11:54:17.645Z,4,72.07,5,OK,0.1
2026-02-15T11:54:17.696Z,4,72.10,5,OK,0.1
2026-02-15T11:54:17.746Z,4,54.74,5,OK,0.1
2026-02-15T11:54:17.796Z,4,54.78,5,OK,0.1
2026-02-15T11:54:17.846Z,4,20.52,6,OK,0.1
2026-02-15T11:54:17.896Z,4,20.41,7,OK,0.1
2026-02-15T11:54:17.946Z,3,20.32,8,OK,0.1
2026-02-15T11:54:18.098Z,8,43.13,6,SATURATED,0.1
2026-02-15T11:54:18.149Z,3,43.07,5,OK,0.1
2026-02-15T11:54:18.199Z,3,43.05,5,OK,0.1
2026-02-15T11:54:18.249Z,3,43.15,5,OK,0.1
2026-02-15T11:54:18.299Z,3,43.21,5,OK,0.1
2026-02-15T11:54:18.350Z,4,20.38,6,OK,0.1
2026-02-15T11:54:18.401Z,3,20.41,7,OK,0.1
2026-02-15T11:54:18.452Z,3,20.41,8,OK,0.1
2026-02-15T11:54:18.503Z,3,20.37,9,OK,0.1
2026-02-15T11:54:18.554Z,3,20.44,10,OK,0.1
2026-02-15T11:54:18.810Z,3,20.38,11,OK,0.1
2026-02-15T11:54:18.860Z,3,20.44,12,OK,0.1
2026-02-15T11:54:19.043Z,3,50.60,9,OK,0.1
2026-02-15T11:54:19.096Z,2,50.61,6,OK,0.1
2026-02-15T11:54:19.281Z,2,73.68,5,OK,0.1
2026-02-15T11:54:19.417Z,5,86.83,5,SATURATED,0.1
2026-02-15T11:54:19.467Z,1,86.77,5,OK,0.1
2026-02-15T11:54:19.518Z,1,56.59,5,OK,0.1
2026-02-15T11:54:19.568Z,1,56.59,5,OK,0.1
2026-02-15T11:54:19.619Z,1,33.47,5,OK,0.1
2026-02-15T11:54:19.669Z,1,20.37,6,OK,0.1
2026-02-15T11:54:19.720Z,1,20.50,7,OK,0.1
2026-02-15T11:54:19.770Z,1,20.56,8,OK,0.1
2026-02-15T11:54:19.821Z,1,20.58,9,OK,0.1
2026-02-15T11:54:19.871Z,1,20.65,10,OK,0.1
2026-02-15T11:54:19.922Z,1,20.60,11,OK,0.1
2026-02-15T11:54:19.973Z,1,20.49,12,OK,0.1
2026-02-15T11:54:20.024Z,0,20.31,13,OK,0.1
2026-02-15T11:54:20.154Z,0,28.70,12,OK,0.1
2026-02-15T11:54:20.753Z,12,134.35,5,SATURATED,0.4
2026-02-15T11:54:20.912Z,4,152.10,5,OK,0.4
2026-02-15T11:54:21.125Z,5,180.59,5,SATURATED,0.4
2026-02-15T11:54:21.175Z,4,180.89,5,OK,0.4
2026-02-15T11:54:21.226Z,4,172.47,5,OK,0.4
2026-02-15T11:54:21.276Z,4,66.72,5,OK,0.1
2026-02-15T11:54:21.326Z,4,48.98,5,OK,0.1
2026-02-15T11:54:21.376Z,4,20.42,6,OK,0.1
2026-02-15T11:54:21.427Z,4,20.25,7,OK,0.1
2026-02-15T11:54:21.477Z,4,20.22,8,OK,0.1
2026-02-15T11:54:21.527Z,4,20.21,9,OK,0.1
2026-02-15T11:54:21.578Z,4,20.17,10,OK,0.1
2026-02-15T11:54:21.628Z,4,20.21,11,OK,0.1
2026-02-15T11:54:21.679Z,4,20.20,12,OK,0.1
2026-02-15T11:54:21.730Z,4,20.24,13,OK,0.1
2026-02-15T11:54:22.102Z,13,53.08,10,SATURATED,0.1
2026-02-15T11:54:22.152Z,10,53.12,7,SATURATED,0.1
2026-02-15T11:54:22.202Z,10,53.08,5,SATURATED,0.1
2026-02-15T11:54:22.253Z,10,53.12,5,SATURATED,0.1
2026-02-15T11:54:22.303Z,10,53.09,5,SATURATED,0.1
2026-02-15T11:54:22.354Z,10,20.29,6,SATURATED,0.1
2026-02-15T11:54:22.405Z,10,20.28,7,SATURATED,0.1
2026-02-15T11:54:22.455Z,10,20.32,8,SATURATED,0.1
2026-02-15T11:54:22.506Z,10,20.18,9,SATURATED,0.1
2026-02-15T11:54:22.557Z,10,20.18,10,SATURATED,0.1
2026-02-15T11:54:22.608Z,10,20.19,11,OK,0.1
2026-02-15T11:54:22.657Z,10,20.19,12,OK,0.1
2026-02-15T11:54:22.799Z,10,42.33,10,SATURATED,0.1
2026-02-15T11:54:22.850Z,9,42.59,8,SATURATED,0.1
2026-02-15T11:54:22.900Z,9,42.69,6,SATURATED,0.1
2026-02-15T11:54:22.951Z,8,42.64,5,SATURATED,0.1
2026-02-15T11:54:23.002Z,8,42.67,5,SATURATED,0.1
2026-02-15T11:54:23.049Z,8,20.59,6,SATURATED,0.1
2026-02-15T11:54:23.100Z,8,20.57,7,SATURATED,0.1
2026-02-15T11:54:23.150Z,7,23.36,8,OK,0.1
2026-02-15T11:54:23.201Z,6,23.33,9,OK,0.1
2026-02-15T11:54:23.252Z,6,23.35,10,OK,0.1
2026-02-15T11:54:23.303Z,6,23.31,11,OK,0.1
2026-02-15T11:54:23.354Z,6,23.19,12,OK,0.1
2026-02-15T11:54:23.403Z,6,20.29,13,OK,0.1
2026-02-15T11:54:23.453Z,6,20.24,14,OK,0.1
2026-02-15T11:54:23.503Z,7,20.23,15,OK,0.1
2026-02-15T11:54:23.554Z,7,20.19,16,OK,0.1
2026-02-15T11:54:23.605Z,7,20.24,17,OK,0.1
2026-02-15T11:54:23.655Z,7,20.29,18,OK,0.1
2026-02-15T11:54:23.705Z,8,20.29,19,OK,0.1
2026-02-15T11:54:23.757Z,8,20.30,20,OK,0.1
2026-02-15T11:54:23.812Z,9,20.52,21,OK,0.1
2026-02-15T11:54:23.862Z,8,20.46,22,OK,0.1
2026-02-15T11:54:23.913Z,9,20.39,23,OK,0.1
2026-02-15T11:54:23.962Z,10,20.47,24,OK,0.1
2026-02-15T11:54:24.012Z,10,20.45,25,OK,0.1
2026-02-15T11:54:24.062Z,10,20.21,26,OK,0.1
2026-02-15T11:54:24.116Z,11,20.74,27,OK,0.1
2026-02-15T11:54:24.239Z,19,31.33,26,OK,0.1
2026-02-15T11:54:24.403Z,23,50.09,23,SATURATED,0.1
2026-02-15T11:54:24.554Z,13,66.22,18,OK,0.1
2026-02-15T11:54:24.706Z,13,82.56,12,SATURATED,0.1
2026-02-15T11:54:24.756Z,10,82.05,6,SATURATED,0.1
2026-02-15T11:54:24.807Z,10,71.49,5,SATURATED,0.1
2026-02-15T11:54:24.856Z,10,52.80,5,SATURATED,0.1
2026-02-15T11:54:24.907Z,10,36.72,5,SATURATED,0.1
2026-02-15T11:54:24.957Z,10,20.44,6,SATURATED,0.1
2026-02-15T11:54:25.007Z,10,20.44,7,SATURATED,0.1
2026-02-15T11:54:25.057Z,10,20.47,8,SATURATED,0.1
2026-02-15T11:54:25.107Z,10,20.47,9,SATURATED,0.1
2026-02-15T11:54:25.157Z,10,20.32,10,SATURATED,0.1
2026-02-15T11:54:25.207Z,10,20.28,11,OK,0.1
2026-02-15T11:54:25.258Z,10,20.42,12,OK,0.1
2026-02-15T11:54:25.308Z,10,20.43,13,OK,0.1
2026-02-15T11:54:25.358Z,10,20.40,14,OK,0.1
2026-02-15T11:54:25.527Z,13,20.54,15,OK,0.1
2026-02-15T11:54:25.767Z,15,64.10,11,SATURATED,0.1
2026-02-15T11:54:25.820Z,11,63.86,7,SATURATED,0.1
2026-02-15T11:54:25.871Z,8,63.83,5,SATURATED,0.1
2026-02-15T11:54:25.930Z,6,63.80,5,SATURATED,0.1
2026-02-15T11:54:25.980Z,6,63.70,5,SATURATED,0.1
2026-02-15T11:54:26.030Z,6,19.92,6,SATURATED,0.1
2026-02-15T11:54:26.081Z,6,20.01,7,OK,0.1
2026-02-15T11:54:26.131Z,7,20.21,8,OK,0.1
2026-02-15T11:54:26.182Z,5,20.55,9,OK,0.1
2026-02-15T11:54:26.232Z,5,20.61,10,OK,0.1
2026-02-15T11:54:26.383Z,8,45.62,7,SATURATED,0.1
2026-02-15T11:54:26.433Z,5,45.63,5,SATURATED,0.1
2026-02-15T11:54:26.484Z,5,45.61,5,SATURATED,0.1
2026-02-15T11:54:26.533Z,5,45.30,5,SATURATED,0.1
2026-02-15T11:54:26.584Z,5,45.31,5,SATURATED,0.1
2026-02-15T11:54:26.634Z,5,20.47,6,OK,0.1
2026-02-15T11:54:26.788Z,5,44.35,5,SATURATED,0.1
2026-02-15T11:54:26.838Z,5,40.13,5,SATURATED,0.1
2026-02-15T11:54:26.889Z,5,40.19,5,SATURATED,0.1
2026-02-15T11:54:26.940Z,5,40.19,5,SATURATED,0.1
2026-02-15T11:54:26.990Z,5,40.24,5,SATURATED,0.1
2026-02-15T11:54:27.040Z,5,16.39,6,OK,0.1
2026-02-15T11:54:27.090Z,5,20.43,7,OK,0.1
2026-02-15T11:54:27.243Z,5,45.40,5,SATURATED,0.1
2026-02-15T11:54:27.293Z,5,45.38,5,SATURATED,0.1
2026-02-15T11:54:27.344Z,5,45.39,5,SATURATED,0.1
2026-02-15T11:54:27.395Z,5,45.39,5,SATURATED,0.1
2026-02-15T11:54:27.446Z,5,45.52,5,SATURATED,0.1
2026-02-15T11:54:27.497Z,5,20.45,6,OK,0.1
2026-02-15T11:54:27.547Z,6,20.44,7,OK,0.1
2026-02-15T11:54:27.597Z,6,20.48,8,OK,0.1
2026-02-15T11:54:27.648Z,6,20.44,9,OK,0.1
2026-02-15T11:54:27.699Z,6,20.44,10,OK,0.1
2026-02-15T11:54:27.749Z,6,20.45,11,OK,0.1
2026-02-15T11:54:27.799Z,6,20.55,12,OK,0.1
2026-02-15T11:54:27.859Z,12,21.49,13,OK,0.1
2026-02-15T11:54:27.973Z,6,30.23,12,OK,0.1
2026-02-15T11:54:28.024Z,7,30.20,11,OK,0.1
2026-02-15T11:54:28.074Z,7,30.20,10,OK,0.1
2026-02-15T11:54:28.125Z,7,30.30,9,OK,0.1
2026-02-15T11:54:28.175Z,6,29.31,8,OK,0.1
2026-02-15T11:54:28.225Z,6,20.59,9,OK,0.1
2026-02-15T11:54:28.405Z,8,21.66,10,OK,0.1
2026-02-15T11:54:28.455Z,4,21.64,11,OK,0.1
2026-02-15T11:54:28.506Z,4,21.42,12,OK,0.1
2026-02-15T11:54:28.557Z,5,21.44,13,OK,0.1
2026-02-15T11:54:28.607Z,5,21.46,14,OK,0.1
2026-02-15T11:54:28.658Z,5,20.34,15,OK,0.1
2026-02-15T11:54:28.867Z,6,48.10,12,OK,0.1
2026-02-15T11:54:28.975Z,12,55.66,8,SATURATED,0.1
2026-02-15T11:54:29.086Z,8,63.77,5,SATURATED,0.1
2026-02-15T11:54:29.137Z,6,63.73,5,SATURATED,0.1
2026-02-15T11:54:29.187Z,6,63.53,5,SATURATED,0.1
2026-02-15T11:54:29.236Z,6,35.74,5,SATURATED,0.1
2026-02-15T11:54:29.287Z,6,28.01,5,SATURATED,0.1
2026-02-15T11:54:29.336Z,6,19.93,6,SATURATED,0.1
2026-02-15T11:54:29.386Z,6,19.98,7,OK,0.1
2026-02-15T11:54:29.561Z,7,20.95,8,OK,0.1
2026-02-15T11:54:29.612Z,4,20.97,9,OK,0.1
2026-02-15T11:54:29.663Z,4,21.16,10,OK,0.1
2026-02-15T11:54:29.713Z,4,21.21,11,OK,0.1
2026-02-15T11:54:29.763Z,4,21.25,12,OK,0.1
2026-02-15T11:54:29.814Z,4,20.47,13,OK,0.1
2026-02-15T11:54:29.864Z,4,20.49,14,OK,0.1
2026-02-15T11:54:29.914Z,4,20.46,15,OK,0.1
2026-02-15T11:54:29.965Z,4,20.37,16,OK,0.1
2026-02-15T11:54:30.135Z,10,40.22,14,OK,0.1
2026-02-15T11:54:30.266Z,13,52.36,11,SATURATED,0.1
2026-02-15T11:54:30.596Z,10,104.30,5,SATURATED,0.1
2026-02-15T11:54:30.647Z,4,104.35,5,OK,0.1
2026-02-15T11:54:30.791Z,4,127.18,5,OK,0.4
2026-02-15T11:54:30.842Z,3,107.29,5,OK,0.1
2026-02-15T11:54:30.893Z,3,95.17,5,OK,0.1
2026-02-15T11:54:30.943Z,3,43.21,5,OK,0.1
2026-02-15T11:54:30.993Z,3,43.00,5,OK,0.1
2026-02-15T11:54:31.043Z,3,20.13,6,OK,0.1
2026-02-15T11:54:31.094Z,3,19.96,7,OK,0.1
2026-02-15T11:54:31.239Z,3,20.02,8,OK,0.1
2026-02-15T11:54:31.353Z,4,38.83,6,OK,0.1
2026-02-15T11:54:31.494Z,3,58.38,5,OK,0.1
2026-02-15T11:54:31.545Z,5,58.42,5,SATURATED,0.1
2026-02-15T11:54:31.595Z,5,58.58,5,SATURATED,0.1
2026-02-15T11:54:31.645Z,5,59.09,5,SATURATED,0.1
2026-02-15T11:54:31.696Z,5,40.26,5,SATURATED,0.1
2026-02-15T11:54:31.746Z,5,20.92,6,OK,0.1
2026-02-15T11:54:31.796Z,6,20.91,7,OK,0.1
2026-02-15T11:54:31.924Z,6,32.41,6,SATURATED,0.1
2026-02-15T11:54:31.975Z,5,31.84,5,SATURATED,0.1
2026-02-15T11:54:32.025Z,5,31.93,5,SATURATED,0.1
2026-02-15T11:54:32.075Z,5,31.89,5,SATURATED,0.1
2026-02-15T11:54:32.126Z,5,31.95,5,SATURATED,0.1
2026-02-15T11:54:32.176Z,5,20.47,6,OK,0.1
2026-02-15T11:54:32.227Z,5,20.45,7,OK,0.1
2026-02-15T11:54:32.276Z,4,20.71,8,OK,0.1
2026-02-15T11:54:32.326Z,3,20.73,9,OK,0.1
2026-02-15T11:54:32.378Z,8,21.00,10,OK,0.1
2026-02-15T11:54:32.582Z,10,47.68,7,SATURATED,0.1
2026-02-15T11:54:32.806Z,6,78.42,5,SATURATED,0.1
2026-02-15T11:54:32.856Z,5,79.04,5,SATURATED,0.1
2026-02-15T11:54:32.906Z,5,79.01,5,SATURATED,0.1
2026-02-15T11:54:32.956Z,5,78.73,5,SATURATED,0.1
2026-02-15T11:54:33.007Z,5,52.11,5,SATURATED,0.1
2026-02-15T11:54:33.056Z,5,21.39,6,OK,0.1
2026-02-15T11:54:33.106Z,5,20.44,7,OK,0.1
2026-02-15T11:54:33.157Z,5,20.44,8,OK,0.1
2026-02-15T11:54:33.207Z,5,20.39,9,OK,0.1
2026-02-15T11:54:33.378Z,5,20.24,10,OK,0.1
2026-02-15T11:54:33.439Z,10,20.75,11,OK,0.1
2026-02-15T11:54:33.572Z,11,33.32,10,SATURATED,0.1
2026-02-15T11:54:33.622Z,5,33.48,9,OK,0.1
2026-02-15T11:54:33.672Z,5,33.48,8,OK,0.1
2026-02-15T11:54:33.722Z,5,33.52,7,OK,0.1
2026-02-15T11:54:33.773Z,5,33.00,6,OK,0.1
2026-02-15T11:54:33.825Z,6,20.57,7,OK,0.1
2026-02-15T11:54:33.875Z,6,20.52,8,OK,0.1
2026-02-15T11:54:33.926Z,6,20.53,9,OK,0.1
2026-02-15T11:54:34.068Z,9,44.78,7,SATURATED,0.1
2026-02-15T11:54:34.195Z,7,56.11,5,SATURATED,0.1
2026-02-15T11:54:34.246Z,6,56.00,5,SATURATED,0.1
2026-02-15T11:54:34.297Z,6,56.03,5,SATURATED,0.1
2026-02-15T11:54:34.348Z,6,56.03,5,SATURATED,0.1
2026-02-15T11:54:34.399Z,5,31.81,5,SATURATED,0.1
2026-02-15T11:54:34.537Z,4,43.87,5,OK,0.1
2026-02-15T11:54:34.721Z,3,66.61,5,OK,0.1
2026-02-15T11:54:34.771Z,3,66.46,5,OK,0.1
2026-02-15T11:54:34.822Z,3,66.44,5,OK,0.1
2026-02-15T11:54:34.967Z,5,90.61,5,SATURATED,0.1
2026-02-15T11:54:35.017Z,3,67.28,5,OK,0.1
2026-02-15T11:54:35.070Z,4,44.57,5,OK,0.1
2026-02-15T11:54:35.294Z,4,85.23,5,OK,0.1
2026-02-15T11:54:35.407Z,5,93.78,5,SATURATED,0.1
2026-02-15T11:54:35.458Z,2,69.64,5,OK,0.1
2026-02-15T11:54:35.508Z,2,69.57,5,OK,0.1
2026-02-15T11:54:35.562Z,4,69.76,5,OK,0.1
2026-02-15T11:54:35.612Z,2,29.21,5,OK,0.1
2026-02-15T11:54:35.663Z,2,20.76,6,OK,0.1
2026-02-15T11:54:35.713Z,2,20.69,7,OK,0.1
2026-02-15T11:54:35.930Z,7,57.35,5,SATURATED,0.1
2026-02-15T11:54:36.119Z,1,57.33,5,OK,0.1
2026-02-15T11:54:36.283Z,2,69.64,5,OK,0.1
2026-02-15T11:54:36.393Z,2,77.48,5,OK,0.1
2026-02-15T11:54:36.616Z,4,108.02,5,OK,0.1
2026-02-15T11:54:36.683Z,5,70.69,5,SATURATED,0.1
2026-02-15T11:54:36.734Z,5,70.62,5,SATURATED,0.1
2026-02-15T11:54:36.784Z,4,58.23,5,OK,0.1
2026-02-15T11:54:36.834Z,4,50.20,5,OK,0.1
2026-02-15T11:54:36.885Z,4,19.65,6,OK,0.1
2026-02-15T11:54:36.935Z,6,20.29,7,OK,0.1
2026-02-15T11:54:37.192Z,7,65.36,5,SATURATED,0.1
2026-02-15T11:54:37.242Z,5,61.31,5,SATURATED,0.1
2026-02-15T11:54:37.293Z,5,61.41,5,SATURATED,0.1
2026-02-15T11:54:37.342Z,5,61.50,5,SATURATED,0.1
2026-02-15T11:54:37.392Z,5,61.50,5,SATURATED,0.1
2026-02-15T11:54:37.443Z,5,16.30,6,OK,0.1
2026-02-15T11:54:37.493Z,5,20.37,7,OK,0.1
2026-02-15T11:54:37.543Z,5,20.34,8,OK,0.1
2026-02-15T11:54:37.594Z,4,20.36,9,OK,0.1
2026-02-15T11:54:37.829Z,7,60.05,5,SATURATED,0.1
2026-02-15T11:54:37.879Z,5,60.03,5,SATURATED,0.1
2026-02-15T11:54:37.930Z,5,60.01,5,SATURATED,0.1
2026-02-15T11:54:37.981Z,5,59.93,5,SATURATED,0.1
2026-02-15T11:54:38.030Z,5,59.86,5,SATURATED,0.1
2026-02-15T11:54:38.080Z,5,20.27,6,OK,0.1
2026-02-15T11:54:38.130Z,4,20.28,7,OK,0.1
2026-02-15T11:54:38.181Z,4,20.28,8,OK,0.1
2026-02-15T11:54:38.434Z,8,63.03,5,SATURATED,0.1
2026-02-15T11:54:38.483Z,5,63.11,5,SATURATED,0.1
2026-02-15T11:54:38.533Z,5,63.03,5,SATURATED,0.1
2026-02-15T11:54:38.584Z,5,63.07,5,SATURATED,0.1
2026-02-15T11:54:38.633Z,4,63.11,5,OK,0.1
2026-02-15T11:54:38.684Z,5,20.50,6,OK,0.1
2026-02-15T11:54:38.734Z,4,20.40,7,OK,0.1
2026-02-15T11:54:38.784Z,4,20.38,8,OK,0.1
2026-02-15T11:54:38.835Z,5,20.35,9,OK,0.1
2026-02-15T11:54:39.143Z,9,74.22,5,SATURATED,0.1
2026-02-15T11:54:39.193Z,4,74.18,5,OK,0.1
2026-02-15T11:54:39.244Z,4,74.20,5,OK,0.1
2026-02-15T11:54:39.294Z,4,74.23,5,OK,0.1
2026-02-15T11:54:39.344Z,4,74.24,5,OK,0.1
2026-02-15T11:54:39.395Z,4,20.32,6,OK,0.1
2026-02-15T11:54:39.446Z,5,20.10,7,OK,0.1
2026-02-15T11:54:39.681Z,7,53.02,5,SATURATED,0.1
2026-02-15T11:54:39.732Z,4,52.97,5,OK,0.1
2026-02-15T11:54:39.781Z,4,52.98,5,OK,0.1
2026-02-15T11:54:39.831Z,4,52.96,5,OK,0.1
2026-02-15T11:54:39.881Z,4,53.93,5,OK,0.1
2026-02-15T11:54:39.931Z,4,20.98,6,OK,0.1
2026-02-15T11:54:39.982Z,4,21.06,7,OK,0.1
2026-02-15T11:54:40.032Z,4,21.11,8,OK,0.1
2026-02-15T11:54:40.082Z,4,21.25,9,OK,0.1
2026-02-15T11:54:40.511Z,7,100.22,5,SATURATED,0.1
2026-02-15T11:54:40.572Z,5,98.38,5,SATURATED,0.1
2026-02-15T11:54:40.623Z,4,98.36,5,OK,0.1
2026-02-15T11:54:40.678Z,5,98.76,5,SATURATED,0.1
2026-02-15T11:54:40.883Z,5,125.81,5,SATURATED,0.4
2026-02-15T11:54:40.933Z,3,42.00,5,OK,0.1
2026-02-15T11:54:40.985Z,3,43.85,5,OK,0.1
2026-02-15T11:54:41.035Z,3,43.81,5,OK,0.1
2026-02-15T11:54:41.085Z,3,43.29,5,OK,0.1
2026-02-15T11:54:41.205Z,4,33.00,5,OK,0.1
2026-02-15T11:54:41.255Z,3,37.06,5,OK,0.1
2026-02-15T11:54:41.422Z,3,64.16,5,OK,0.1
2026-02-15T11:54:41.473Z,3,64.16,5,OK,0.1
2026-02-15T11:54:41.710Z,5,64.24,5,SATURATED,0.1
2026-02-15T11:54:41.760Z,4,53.04,5,OK,0.1
2026-02-15T11:54:41.810Z,2,53.01,5,OK,0.1
2026-02-15T11:54:41.861Z,2,25.92,5,OK,0.1
2026-02-15T11:54:41.929Z,5,28.64,5,SATURATED,0.1
2026-02-15T11:54:41.980Z,3,28.62,5,OK,0.1
2026-02-15T11:54:42.031Z,3,22.88,6,OK,0.1
2026-02-15T11:54:42.082Z,4,22.94,7,OK,0.1
2026-02-15T11:54:42.238Z,3,23.10,8,OK,0.1
2026-02-15T11:54:42.288Z,3,20.36,9,OK,0.1
2026-02-15T11:54:42.339Z,3,20.38,10,OK,0.1
2026-02-15T11:54:42.390Z,3,20.46,11,OK,0.1
2026-02-15T11:54:42.581Z,3,20.41,12,OK,0.1
2026-02-15T11:54:42.631Z,2,20.08,13,OK,0.1
2026-02-15T11:54:42.682Z,3,20.08,14,OK,0.1
2026-02-15T11:54:42.988Z,13,20.90,15,OK,0.1
2026-02-15T11:54:43.069Z,12,23.04,16,OK,0.1
2026-02-15T11:54:43.268Z,5,48.80,13,OK,0.1
2026-02-15T11:54:43.319Z,6,48.97,10,OK,0.1
2026-02-15T11:54:43.370Z,6,49.01,7,OK,0.1
2026-02-15T11:54:43.420Z,6,48.19,5,SATURATED,0.1
2026-02-15T11:54:43.470Z,6,45.97,5,SATURATED,0.1
2026-02-15T11:54:43.520Z,6,20.24,6,SATURATED,0.1
2026-02-15T11:54:43.570Z,6,20.24,7,OK,0.1
2026-02-15T11:54:43.621Z,6,20.32,8,OK,0.1
2026-02-15T11:54:43.671Z,6,20.31,9,OK,0.1
2026-02-15T11:54:43.816Z,6,44.92,7,OK,0.1
2026-02-15T11:54:43.866Z,7,44.93,5,SATURATED,0.1
2026-02-15T11:54:43.916Z,5,45.02,5,SATURATED,0.1
2026-02-15T11:54:43.966Z,5,44.91,5,SATURATED,0.1
2026-02-15T11:54:44.016Z,5,44.97,5,SATURATED,0.1
2026-02-15T11:54:44.072Z,5,20.94,6,OK,0.1
2026-02-15T11:54:44.123Z,6,21.08,7,OK,0.1
2026-02-15T11:54:44.174Z,6,20.99,8,OK,0.1
2026-02-15T11:54:44.225Z,6,21.01,9,OK,0.1
2026-02-15T11:54:44.276Z,6,20.95,10,OK,0.1
2026-02-15T11:54:44.327Z,8,20.34,11,OK,0.1
2026-02-15T11:54:44.377Z,8,20.19,12,OK,0.1
2026-02-15T11:54:44.427Z,8,20.18,13,OK,0.1
2026-02-15T11:54:44.477Z,9,20.16,14,OK,0.1
2026-02-15T11:54:44.528Z,9,20.18,15,OK,0.1
2026-02-15T11:54:44.578Z,9,20.28,16,OK,0.1
2026-02-15T11:54:44.628Z,10,20.19,17,OK,0.1
2026-02-15T11:54:44.787Z,10,20.16,18,OK,0.1
2026-02-15T11:54:44.837Z,8,20.07,19,OK,0.1
2026-02-15T11:54:44.887Z,8,19.97,20,OK,0.1
2026-02-15T11:54:44.937Z,8,19.96,21,OK,0.1
2026-02-15T11:54:45.186Z,9,20.06,22,OK,0.1
2026-02-15T11:54:45.465Z,22,71.73,17,SATURATED,0.1
2026-02-15T11:54:45.588Z,15,82.38,11,SATURATED,0.1
2026-02-15T11:54:45.638Z,11,82.52,5,SATURATED,0.1
2026-02-15T11:54:45.688Z,11,82.30,5,SATURATED,0.1
2026-02-15T11:54:45.739Z,11,82.32,5,SATURATED,0.1
2026-02-15T11:54:45.790Z,11,30.77,5,SATURATED,0.1
2026-02-15T11:54:45.840Z,11,20.18,6,SATURATED,0.1
2026-02-15T11:54:45.890Z,11,20.03,7,SATURATED,0.1
2026-02-15T11:54:45.940Z,11,20.34,8,SATURATED,0.1
2026-02-15T11:54:45.990Z,11,20.29,9,SATURATED,0.1
2026-02-15T11:54:46.040Z,11,20.22,10,SATURATED,0.1
2026-02-15T11:54:46.092Z,10,20.38,11,OK,0.1
2026-02-15T11:54:46.142Z,10,20.46,12,OK,0.1
2026-02-15T11:54:46.193Z,10,20.38,13,OK,0.1
2026-02-15T11:54:46.243Z,10,20.40,14,OK,0.1
2026-02-15T11:54:46.294Z,9,20.42,15,OK,0.1
2026-02-15T11:54:46.345Z,8,20.30,16,OK,0.1
2026-02-15T11:54:46.396Z,8,20.29,17,OK,0.1
2026-02-15T11:54:46.564Z,13,32.65,16,OK,0.1
2026-02-15T11:54:46.809Z,15,67.59,11,SATURATED,0.1
2026-02-15T11:54:47.008Z,7,93.29,5,SATURATED,0.1
2026-02-15T11:54:47.058Z,5,93.26,5,SATURATED,0.1
2026-02-15T11:54:47.108Z,5,93.28,5,SATURATED,0.1
2026-02-15T11:54:47.158Z,5,80.89,5,SATURATED,0.1
2026-02-15T11:54:47.208Z,4,46.06,5,OK,0.1
2026-02-15T11:54:47.259Z,4,20.38,6,OK,0.1
2026-02-15T11:54:47.308Z,4,20.40,7,OK,0.1
2026-02-15T11:54:47.359Z,4,20.40,8,OK,0.1
2026-02-15T11:54:47.409Z,4,20.39,9,OK,0.1
2026-02-15T11:54:47.544Z,3,42.42,7,OK,0.1
2026-02-15T11:54:47.594Z,2,42.32,5,OK,0.1
2026-02-15T11:54:47.644Z,2,42.31,5,OK,0.1
2026-02-15T11:54:47.694Z,2,42.30,5,OK,0.1
2026-02-15T11:54:47.875Z,5,42.42,5,SATURATED,0.1
2026-02-15T11:54:47.945Z,5,30.05,5,SATURATED,0.1
2026-02-15T11:54:47.995Z,3,30.14,5,OK,0.1
2026-02-15T11:54:48.045Z,4,30.06,5,OK,0.1
2026-02-15T11:54:48.096Z,4,30.01,5,OK,0.1
2026-02-15T11:54:48.146Z,4,29.90,5,OK,0.1
2026-02-15T11:54:48.198Z,4,20.20,6,OK,0.1
2026-02-15T11:54:48.249Z,4,20.12,7,OK,0.1
2026-02-15T11:54:48.391Z,4,34.58,6,OK,0.1
2026-02-15T11:54:48.441Z,5,34.56,5,SATURATED,0.1
2026-02-15T11:54:48.491Z,5,34.55,5,SATURATED,0.1
2026-02-15T11:54:48.541Z,5,34.55,5,SATURATED,0.1
2026-02-15T11:54:48.592Z,5,34.66,5,SATURATED,0.1
2026-02-15T11:54:48.643Z,5,20.34,6,OK,0.1
2026-02-15T11:54:48.693Z,5,20.39,7,OK,0.1
2026-02-15T11:54:48.956Z,6,42.59,5,SATURATED,0.1
2026-02-15T11:54:49.041Z,6,45.47,5,SATURATED,0.1
2026-02-15T11:54:49.091Z,4,45.30,5,OK,0.1
2026-02-15T11:54:49.141Z,4,45.41,5,OK,0.1
2026-02-15T11:54:49.191Z,4,45.50,5,OK,0.1
2026-02-15T11:54:49.242Z,3,23.36,6,OK,0.1
2026-02-15T11:54:49.292Z,3,20.41,7,OK,0.1
2026-02-15T11:54:49.341Z,3,20.47,8,OK,0.1
2026-02-15T11:54:49.392Z,3,20.28,9,OK,0.1
2026-02-15T11:54:49.540Z,6,35.99,7,OK,0.1
2026-02-15T11:54:49.591Z,6,35.87,5,SATURATED,0.1
2026-02-15T11:54:49.641Z,6,35.85,5,SATURATED,0.1
2026-02-15T11:54:49.691Z,6,35.88,5,SATURATED,0.1
2026-02-15T11:54:49.742Z,5,36.01,5,SATURATED,0.1
2026-02-15T11:54:49.791Z,5,20.25,6,OK,0.1
2026-02-15T11:54:49.841Z,5,20.33,7,OK,0.1
2026-02-15T11:54:49.892Z,5,20.35,8,OK,0.1
2026-02-15T11:54:49.942Z,5,20.33,9,OK,0.1
2026-02-15T11:54:50.219Z,5,71.07,5,SATURATED,0.1
2026-02-15T11:54:50.315Z,5,76.23,5,SATURATED,0.1
2026-02-15T11:54:50.366Z,4,76.22,5,OK,0.1
2026-02-15T11:54:50.416Z,3,76.45,5,OK,0.1
2026-02-15T11:54:50.467Z,3,76.46,5,OK,0.1
2026-02-15T11:54:50.516Z,3,25.62,5,OK,0.1
2026-02-15T11:54:50.567Z,4,20.61,6,OK,0.1
2026-02-15T11:54:50.616Z,4,20.59,7,OK,0.1
2026-02-15T11:54:50.667Z,4,20.29,8,OK,0.1
2026-02-15T11:54:50.717Z,5,20.34,9,OK,0.1
2026-02-15T11:54:50.767Z,5,20.33,10,OK,0.1
2026-02-15T11:54:50.817Z,5,20.19,11,OK,0.1
2026-02-15T11:54:50.868Z,5,20.15,12,OK,0.1
2026-02-15T11:54:50.919Z,5,20.22,13,OK,0.1
2026-02-15T11:54:50.968Z,5,20.22,14,OK,0.1
2026-02-15T11:54:51.018Z,5,20.13,15,OK,0.1
2026-02-15T11:54:51.068Z,5,20.17,16,OK,0.1
2026-02-15T11:54:51.119Z,5,20.23,17,OK,0.1
2026-02-15T11:54:51.168Z,5,20.29,18,OK,0.1
2026-02-15T11:54:51.219Z,5,20.27,19,OK,0.1
2026-02-15T11:54:51.456Z,13,62.06,15,OK,0.1
2026-02-15T11:54:51.513Z,14,59.37,11,SATURATED,0.1
2026-02-15T11:54:51.564Z,9,59.47,7,SATURATED,0.1
2026-02-15T11:54:51.801Z,5,100.62,5,SATURATED,0.1
2026-02-15T11:54:51.851Z,5,100.59,5,SATURATED,0.1
2026-02-15T11:54:51.901Z,5,58.91,5,SATURATED,0.1
2026-02-15T11:54:51.952Z,5,61.56,5,SATURATED,0.1
2026-02-15T11:54:52.002Z,5,61.48,5,SATURATED,0.1
2026-02-15T11:54:52.052Z,5,20.32,6,OK,0.1
2026-02-15T11:54:52.102Z,5,20.31,7,OK,0.1
2026-02-15T11:54:52.152Z,5,20.33,8,OK,0.1
2026-02-15T11:54:52.203Z,5,20.32,9,OK,0.1
2026-02-15T11:54:52.401Z,5,35.83,7,OK,0.1
2026-02-15T11:54:52.583Z,5,58.13,5,SATURATED,0.1
2026-02-15T11:54:52.652Z,5,57.89,5,SATURATED,0.1
2026-02-15T11:54:52.702Z,4,57.69,5,OK,0.1
2026-02-15T11:54:52.752Z,4,57.72,5,OK,0.1
2026-02-15T11:54:52.802Z,4,42.23,5,OK,0.1
2026-02-15T11:54:52.852Z,4,19.88,6,OK,0.1
2026-02-15T11:54:52.902Z,4,20.16,7,OK,0.1
2026-02-15T11:54:52.952Z,4,20.35,8,OK,0.1
2026-02-15T11:54:53.002Z,4,20.38,9,OK,0.1
2026-02-15T11:54:53.050Z,4,20.32,10,OK,0.1
2026-02-15T11:54:53.100Z,4,20.28,11,OK,0.1
2026-02-15T11:54:53.150Z,4,20.23,12,OK,0.1
2026-02-15T11:54:53.200Z,4,20.26,13,OK,0.1
2026-02-15T11:54:53.250Z,3,20.64,14,OK,0.1
2026-02-15T11:54:53.300Z,3,20.70,15,OK,0.1
2026-02-15T11:54:53.351Z,3,20.75,16,OK,0.1
2026-02-15T11:54:53.403Z,4,20.81,17,OK,0.1
2026-02-15T11:54:53.455Z,3,20.77,18,OK,0.1
2026-02-15T11:54:53.506Z,1,20.39,19,OK,0.1
2026-02-15T11:54:53.557Z,1,20.35,20,OK,0.1
2026-02-15T11:54:54.035Z,14,63.65,16,OK,0.1
2026-02-15T11:54:54.151Z,6,72.76,11,OK,0.1
2026-02-15T11:54:54.201Z,2,72.77,6,OK,0.1
2026-02-15T11:54:54.251Z,2,72.79,5,OK,0.1
2026-02-15T11:54:54.301Z,2,72.77,5,OK,0.1
2026-02-15T11:54:54.352Z,2,29.46,5,OK,0.1
2026-02-15T11:54:54.402Z,2,20.30,6,OK,0.1
2026-02-15T11:54:54.452Z,2,20.28,7,OK,0.1
2026-02-15T11:54:54.502Z,2,20.25,8,OK,0.1
2026-02-15T11:54:54.553Z,2,20.29,9,OK,0.1
2026-02-15T11:54:54.603Z,2,20.25,10,OK,0.1
2026-02-15T11:54:54.654Z,2,20.26,11,OK,0.1
2026-02-15T11:54:54.704Z,1,20.28,12,OK,0.1
2026-02-15T11:54:54.754Z,1,20.26,13,OK,0.1
2026-02-15T11:54:54.804Z,1,20.22,14,OK,0.1
2026-02-15T11:54:54.854Z,1,20.28,15,OK,0.1
2026-02-15T11:54:54.904Z,1,20.32,16,OK,0.1
2026-02-15T11:54:54.954Z,1,20.33,17,OK,0.1
2026-02-15T11:54:55.004Z,1,20.31,18,OK,0.1
2026-02-15T11:54:55.200Z,8,20.38,19,OK,0.1
2026-02-15T11:54:55.557Z,19,87.66,12,SATURATED,0.1
2026-02-15T11:54:55.607Z,5,87.62,5,SATURATED,0.1
2026-02-15T11:54:55.658Z,5,87.64,5,SATURATED,0.1
2026-02-15T11:54:55.709Z,5,87.61,5,SATURATED,0.1
2026-02-15T11:54:55.760Z,5,87.59,5,SATURATED,0.1
2026-02-15T11:54:55.811Z,5,20.35,6,OK,0.1
2026-02-15T11:54:55.861Z,5,20.40,7,OK,0.1
2026-02-15T11:54:55.912Z,5,20.44,8,OK,0.1
2026-02-15T11:54:55.962Z,5,20.49,9,OK,0.1
2026-02-15T11:54:56.012Z,5,20.52,10,OK,0.1
2026-02-15T11:54:56.062Z,4,20.56,11,OK,0.1
2026-02-15T11:54:56.112Z,4,20.50,12,OK,0.1
2026-02-15T11:54:56.162Z,4,20.25,13,OK,0.1
2026-02-15T11:54:56.354Z,4,35.01,11,OK,0.1
2026-02-15T11:54:56.404Z,5,34.98,10,OK,0.1
2026-02-15T11:54:56.454Z,5,34.89,9,OK,0.1
2026-02-15T11:54:56.504Z,5,34.93,8,OK,0.1
2026-02-15T11:54:56.682Z,8,63.74,5,SATURATED,0.1
2026-02-15T11:54:56.749Z,6,48.31,5,SATURATED,0.1
2026-02-15T11:54:56.800Z,6,48.34,5,SATURATED,0.1
2026-02-15T11:54:56.851Z,6,48.34,5,SATURATED,0.1
2026-02-15T11:54:56.901Z,6,48.35,5,SATURATED,0.1
2026-02-15T11:54:56.952Z,6,19.71,6,SATURATED,0.1
2026-02-15T11:54:57.002Z,6,20.38,7,OK,0.1
2026-02-15T11:54:57.189Z,6,20.29,8,OK,0.1
2026-02-15T11:54:57.338Z,8,46.02,5,SATURATED,0.1
2026-02-15T11:54:57.388Z,5,45.97,5,SATURATED,0.1
2026-02-15T11:54:57.439Z,5,46.02,5,SATURATED,0.1
2026-02-15T11:54:57.489Z,5,45.98,5,SATURATED,0.1
2026-02-15T11:54:57.645Z,3,63.13,5,OK,0.1
2026-02-15T11:54:57.781Z,5,60.35,5,SATURATED,0.1
2026-02-15T11:54:57.835Z,3,57.13,5,OK,0.1
2026-02-15T11:54:57.991Z,2,80.29,5,OK,0.1
2026-02-15T11:54:58.043Z,2,80.34,5,OK,0.1
2026-02-15T11:54:58.093Z,2,63.18,5,OK,0.1
2026-02-15T11:54:58.144Z,2,40.30,5,OK,0.1
2026-02-15T11:54:58.195Z,3,43.55,5,OK,0.1
2026-02-15T11:54:58.246Z,2,20.40,6,OK,0.1
2026-02-15T11:54:58.297Z,2,20.43,7,OK,0.1
2026-02-15T11:54:58.347Z,6,20.50,8,OK,0.1
2026-02-15T11:54:58.397Z,2,20.49,9,OK,0.1
2026-02-15T11:54:58.447Z,2,20.49,10,OK,0.1
2026-02-15T11:54:58.498Z,2,20.48,11,OK,0.1
2026-02-15T11:54:58.549Z,1,20.44,12,OK,0.1
2026-02-15T11:54:58.599Z,1,20.40,13,OK,0.1
2026-02-15T11:54:58.650Z,2,20.36,14,OK,0.1
2026-02-15T11:54:58.700Z,1,20.36,15,OK,0.1
2026-02-15T11:54:58.751Z,1,20.35,16,OK,0.1
2026-02-15T11:54:58.826Z,15,20.39,17,OK,0.1
2026-02-15T11:54:59.148Z,17,80.78,11,SATURATED,0.1
2026-02-15T11:54:59.340Z,11,105.10,5,SATURATED,0.1
2026-02-15T11:54:59.390Z,5,105.10,5,SATURATED,0.1
2026-02-15T11:54:59.441Z,5,105.10,5,SATURATED,0.1
2026-02-15T11:54:59.491Z,5,105.08,5,SATURATED,0.1
2026-02-15T11:54:59.541Z,5,44.54,5,SATURATED,0.1
2026-02-15T11:54:59.591Z,5,20.20,6,OK,0.1
2026-02-15T11:54:59.641Z,5,20.22,7,OK,0.1
2026-02-15T11:54:59.692Z,5,20.33,8,OK,0.1
2026-02-15T11:54:59.743Z,5,20.28,9,OK,0.1
2026-02-15T11:54:59.793Z,5,20.44,10,OK,0.1
2026-02-15T11:54:59.844Z,6,20.84,11,OK,0.1
2026-02-15T11:54:59.996Z,11,45.24,8,SATURATED,0.1
2026-02-15T11:55:00.046Z,7,41.06,6,SATURATED,0.1
2026-02-15T11:55:00.096Z,7,41.06,5,SATURATED,0.1
2026-02-15T11:55:00.161Z,7,41.18,5,SATURATED,0.1
2026-02-15T11:55:00.211Z,7,40.74,5,SATURATED,0.1
2026-02-15T11:55:00.261Z,7,16.34,6,SATURATED,0.1
2026-02-15T11:55:00.312Z,7,20.36,7,SATURATED,0.1
2026-02-15T11:55:00.362Z,7,20.44,8,OK,0.1
2026-02-15T11:55:00.536Z,8,50.78,5,SATURATED,0.1
2026-02-15T11:55:00.586Z,6,50.85,5,SATURATED,0.1
2026-02-15T11:55:00.637Z,6,50.87,5,SATURATED,0.1
2026-02-15T11:55:00.687Z,6,51.00,5,SATURATED,0.1
2026-02-15T11:55:00.739Z,6,50.96,5,SATURATED,0.1
2026-02-15T11:55:00.789Z,6,20.52,6,SATURATED,0.1
2026-02-15T11:55:00.839Z,5,20.71,7,OK,0.1
2026-02-15T11:55:00.889Z,6,20.77,8,OK,0.1
2026-02-15T11:55:00.939Z,6,20.70,9,OK,0.1
2026-02-15T11:55:00.989Z,6,20.70,10,OK,0.1
2026-02-15T11:55:01.193Z,10,53.45,7,SATURATED,0.1
2026-02-15T11:55:01.272Z,7,54.97,5,SATURATED,0.1
2026-02-15T11:55:01.322Z,7,54.88,5,SATURATED,0.1
2026-02-15T11:55:01.372Z,5,54.92,5,SATURATED,0.1
2026-02-15T11:55:01.422Z,5,54.82,5,SATURATED,0.1
2026-02-15T11:55:01.472Z,5,22.03,6,OK,0.1
2026-02-15T11:55:01.522Z,5,20.26,7,OK,0.1
2026-02-15T11:55:01.572Z,6,20.91,8,OK,0.1
2026-02-15T11:55:01.623Z,6,20.80,9,OK,0.1
2026-02-15T11:55:01.673Z,6,20.88,10,OK,0.1
2026-02-15T11:55:01.723Z,6,20.93,11,OK,0.1
2026-02-15T11:55:01.773Z,6,20.98,12,OK,0.1
2026-02-15T11:55:01.933Z,7,20.36,13,OK,0.1
2026-02-15T11:55:01.984Z,7,20.41,14,OK,0.1
2026-02-15T11:55:02.036Z,12,20.87,15,OK,0.1
2026-02-15T11:55:02.087Z,7,20.76,16,OK,0.1
2026-02-15T11:55:02.138Z,7,20.74,17,OK,0.1
2026-02-15T11:55:02.188Z,7,20.75,18,OK,0.1
2026-02-15T11:55:02.366Z,10,42.29,16,OK,0.1
2026-02-15T11:55:02.560Z,15,66.56,11,SATURATED,0.1
2026-02-15T11:55:02.611Z,10,66.59,6,SATURATED,0.1
2026-02-15T11:55:02.662Z,10,66.69,5,SATURATED,0.1
2026-02-15T11:55:02.712Z,10,66.70,5,SATURATED,0.1
2026-02-15T11:55:02.762Z,10,45.18,5,SATURATED,0.1
2026-02-15T11:55:02.812Z,10,20.48,6,SATURATED,0.1
2026-02-15T11:55:02.863Z,8,20.44,7,SATURATED,0.1
2026-02-15T11:55:02.914Z,8,20.36,8,SATURATED,0.1
2026-02-15T11:55:02.964Z,8,20.23,9,OK,0.1
2026-02-15T11:55:03.015Z,7,20.18,10,OK,0.1
2026-02-15T11:55:03.066Z,9,20.16,11,OK,0.1
2026-02-15T11:55:03.115Z,9,20.25,12,OK,0.1
2026-02-15T11:55:03.166Z,9,20.28,13,OK,0.1
2026-02-15T11:55:03.216Z,9,20.40,14,OK,0.1
2026-02-15T11:55:03.267Z,9,20.44,15,OK,0.1
2026-02-15T11:55:03.317Z,9,20.45,16,OK,0.1
2026-02-15T11:55:03.514Z,9,20.47,17,OK,0.1
2026-02-15T11:55:03.564Z,17,21.29,18,OK,0.1
2026-02-15T11:55:03.691Z,18,32.58,17,SATURATED,0.1
2026-02-15T11:55:03.742Z,13,32.56,16,OK,0.1
2026-02-15T11:55:03.792Z,13,32.53,15,OK,0.1
2026-02-15T11:55:03.842Z,14,32.64,14,SATURATED,0.1
2026-02-15T11:55:03.892Z,14,31.86,13,SATURATED,0.1
2026-02-15T11:55:03.943Z,12,20.67,14,OK,0.1
2026-02-15T11:55:03.994Z,12,20.75,15,OK,0.1
2026-02-15T11:55:04.044Z,12,20.87,16,OK,0.1
2026-02-15T11:55:04.094Z,12,20.79,17,OK,0.1
2026-02-15T11:55:04.145Z,12,20.72,18,OK,0.1
2026-02-15T11:55:04.195Z,11,20.63,19,OK,0.1
2026-02-15T11:55:04.246Z,11,20.55,20,OK,0.1
2026-02-15T11:55:04.296Z,11,20.44,21,OK,0.1
2026-02-15T11:55:04.347Z,11,20.29,22,OK,0.1
2026-02-15T11:55:04.398Z,10,20.42,23,OK,0.1
2026-02-15T11:55:04.448Z,10,20.37,24,OK,0.1
2026-02-15T11:55:04.498Z,10,20.45,25,OK,0.1
2026-02-15T11:55:04.678Z,12,49.11,22,OK,0.1
2026-02-15T11:55:04.733Z,22,45.92,19,SATURATED,0.1
2026-02-15T11:55:04.873Z,19,59.92,15,SATURATED,0.1
2026-02-15T11:55:04.924Z,13,59.90,11,SATURATED,0.1
2026-02-15T11:55:04.975Z,13,59.96,7,SATURATED,0.1
2026-02-15T11:55:05.026Z,13,31.37,6,SATURATED,0.1
2026-02-15T11:55:05.077Z,11,34.60,5,SATURATED,0.1
2026-02-15T11:55:05.127Z,11,20.46,6,SATURATED,0.1
2026-02-15T11:55:05.178Z,11,20.53,7,SATURATED,0.1
2026-02-15T11:55:05.228Z,11,20.57,8,SATURATED,0.1
2026-02-15T11:55:05.279Z,11,20.51,9,SATURATED,0.1
2026-02-15T11:55:05.329Z,11,20.57,10,SATURATED,0.1
2026-02-15T11:55:05.379Z,11,20.59,11,SATURATED,0.1
2026-02-15T11:55:05.429Z,11,20.54,12,OK,0.1
2026-02-15T11:55:05.480Z,11,20.43,13,OK,0.1
2026-02-15T11:55:05.531Z,11,20.55,14,OK,0.1
2026-02-15T11:55:05.581Z,9,20.47,15,OK,0.1
2026-02-15T11:55:05.631Z,9,20.42,16,OK,0.1
2026-02-15T11:55:05.681Z,8,20.38,17,OK,0.1
2026-02-15T11:55:05.815Z,8,41.87,15,OK,0.1
2026-02-15T11:55:06.340Z,14,132.66,5,SATURATED,0.4
2026-02-15T11:55:06.390Z,6,137.26,5,SATURATED,0.4
2026-02-15T11:55:06.440Z,6,137.25,5,SATURATED,0.4
2026-02-15T11:55:06.490Z,6,137.29,5,SATURATED,0.4
2026-02-15T11:55:06.540Z,6,115.75,5,SATURATED,0.1
2026-02-15T11:55:06.590Z,6,24.90,6,SATURATED,0.1
2026-02-15T11:55:06.640Z,6,20.36,7,OK,0.1
2026-02-15T11:55:06.690Z,5,20.34,8,OK,0.1
2026-02-15T11:55:06.740Z,5,20.33,9,OK,0.1
2026-02-15T11:55:06.790Z,5,20.34,10,OK,0.1
2026-02-15T11:55:06.840Z,5,20.23,11,OK,0.1
2026-02-15T11:55:06.890Z,2,20.17,12,OK,0.1
2026-02-15T11:55:06.940Z,2,20.39,13,OK,0.1
2026-02-15T11:55:06.991Z,2,20.44,14,OK,0.1
2026-02-15T11:55:07.041Z,2,20.47,15,OK,0.1
2026-02-15T11:55:07.092Z,2,20.48,16,OK,0.1
2026-02-15T11:55:07.143Z,2,20.50,17,OK,0.1
2026-02-15T11:55:07.193Z,2,20.35,18,OK,0.1
2026-02-15T11:55:07.244Z,2,20.26,19,OK,0.1
2026-02-15T11:55:07.294Z,2,20.18,20,OK,0.1
2026-02-15T11:55:07.455Z,3,48.28,17,OK,0.1
2026-02-15T11:55:07.801Z,17,103.46,9,SATURATED,0.1
2026-02-15T11:55:07.851Z,7,104.50,5,SATURATED,0.1
2026-02-15T11:55:07.902Z,6,104.51,5,SATURATED,0.1
2026-02-15T11:55:07.952Z,6,104.58,5,SATURATED,0.1
2026-02-15T11:55:08.002Z,6,76.50,5,SATURATED,0.1
2026-02-15T11:55:08.052Z,6,21.39,6,SATURATED,0.1
2026-02-15T11:55:08.102Z,6,20.31,7,OK,0.1
2026-02-15T11:55:08.153Z,6,20.35,8,OK,0.1
2026-02-15T11:55:08.203Z,6,20.36,9,OK,0.1
2026-02-15T11:55:08.253Z,6,20.40,10,OK,0.1
2026-02-15T11:55:08.303Z,5,20.41,11,OK,0.1
2026-02-15T11:55:08.354Z,5,20.45,12,OK,0.1
2026-02-15T11:55:08.405Z,5,20.45,13,OK,0.1
2026-02-15T11:55:08.455Z,5,20.50,14,OK,0.1
2026-02-15T11:55:08.572Z,6,37.93,12,OK,0.1
2026-02-15T11:55:08.622Z,5,37.89,10,OK,0.1
2026-02-15T11:55:08.673Z,5,37.86,8,OK,0.1
2026-02-15T11:55:08.723Z,5,37.79,6,OK,0.1
2026-02-15T11:55:08.813Z,6,38.41,5,SATURATED,0.1
2026-02-15T11:55:08.874Z,6,28.94,5,SATURATED,0.1
2026-02-15T11:55:08.925Z,6,29.04,5,SATURATED,0.1
2026-02-15T11:55:08.976Z,6,29.00,5,SATURATED,0.1
2026-02-15T11:55:09.026Z,6,29.20,5,SATURATED,0.1
2026-02-15T11:55:09.076Z,6,28.53,5,SATURATED,0.1
2026-02-15T11:55:09.128Z,6,20.61,6,SATURATED,0.1
2026-02-15T11:55:09.178Z,6,20.54,7,OK,0.1
2026-02-15T11:55:09.229Z,6,20.63,8,OK,0.1
2026-02-15T11:55:09.280Z,7,20.49,9,OK,0.1
2026-02-15T11:55:09.330Z,7,20.62,10,OK,0.1
2026-02-15T11:55:09.380Z,7,20.54,11,OK,0.1
2026-02-15T11:55:09.431Z,7,20.59,12,OK,0.1
2026-02-15T11:55:09.481Z,3,21.05,13,OK,0.1
2026-02-15T11:55:09.531Z,3,20.99,14,OK,0.1
2026-02-15T11:55:09.581Z,3,20.84,15,OK,0.1
2026-02-15T11:55:09.632Z,2,20.80,16,OK,0.1
2026-02-15T11:55:09.682Z,2,20.74,17,OK,0.1
2026-02-15T11:55:09.732Z,2,20.20,18,OK,0.1
2026-02-15T11:55:10.070Z,11,79.43,12,OK,0.1
2026-02-15T11:55:10.446Z,9,140.79,5,SATURATED,0.4
2026-02-15T11:55:10.497Z,4,140.81,5,OK,0.4
2026-02-15T11:55:10.547Z,4,140.85,5,OK,0.4
2026-02-15T11:55:10.848Z,5,193.00,5,SATURATED,0.4
2026-02-15T11:55:10.898Z,3,133.80,5,OK,0.4
2026-02-15T11:55:10.948Z,3,72.27,5,OK,0.1
2026-02-15T11:55:10.998Z,3,72.31,5,OK,0.1
2026-02-15T11:55:11.048Z,3,72.22,5,OK,0.1
2026-02-15T11:55:11.099Z,4,20.11,6,OK,0.1
2026-02-15T11:55:11.150Z,4,20.16,7,OK,0.1
2026-02-15T11:55:11.201Z,4,20.34,8,OK,0.1
2026-02-15T11:55:11.276Z,8,29.04,7,SATURATED,0.1
2026-02-15T11:55:11.335Z,7,26.81,6,SATURATED,0.1
2026-02-15T11:55:11.547Z,6,65.19,5,SATURATED,0.1
2026-02-15T11:55:11.597Z,4,65.14,5,OK,0.1
2026-02-15T11:55:11.647Z,4,65.14,5,OK,0.1
2026-02-15T11:55:11.697Z,4,56.40,5,OK,0.1
2026-02-15T11:55:11.747Z,4,58.68,5,OK,0.1
2026-02-15T11:55:11.798Z,3,20.24,6,OK,0.1
2026-02-15T11:55:11.848Z,3,20.24,7,OK,0.1
2026-02-15T11:55:11.898Z,3,21.67,8,OK,0.1
2026-02-15T11:55:11.948Z,3,21.60,9,OK,0.1
2026-02-15T11:55:11.998Z,3,21.59,10,OK,0.1
2026-02-15T11:55:12.049Z,3,21.63,11,OK,0.1
2026-02-15T11:55:12.207Z,4,21.65,12,OK,0.1
2026-02-15T11:55:12.352Z,4,30.62,11,OK,0.1
2026-02-15T11:55:12.691Z,11,84.44,5,SATURATED,0.1
2026-02-15T11:55:12.741Z,2,84.53,5,OK,0.1
2026-02-15T11:55:12.792Z,2,84.42,5,OK,0.1
2026-02-15T11:55:12.842Z,2,84.44,5,OK,0.1
2026-02-15T11:55:12.987Z,2,88.99,5,OK,0.1
2026-02-15T11:55:13.037Z,2,35.39,5,OK,0.1
2026-02-15T11:55:13.087Z,1,35.30,5,OK,0.1
2026-02-15T11:55:13.138Z,1,35.41,5,OK,0.1
2026-02-15T11:55:13.189Z,1,35.39,5,OK,0.1
2026-02-15T11:55:13.240Z,0,20.70,6,OK,0.1
2026-02-15T11:55:13.291Z,0,20.58,7,OK,0.1
2026-02-15T11:55:13.343Z,0,20.58,8,OK,0.1
2026-02-15T11:55:13.393Z,0,20.53,9,OK,0.1
2026-02-15T11:55:13.443Z,0,20.55,10,OK,0.1
2026-02-15T11:55:13.494Z,0,20.31,11,OK,0.1
2026-02-15T11:55:13.545Z,0,20.32,12,OK,0.1
2026-02-15T11:55:13.595Z,0,20.27,13,OK,0.1
2026-02-15T11:55:13.648Z,0,20.32,14,OK,0.1
2026-02-15T11:55:13.805Z,8,37.63,12,OK,0.1
2026-02-15T11:55:13.990Z,12,60.56,8,SATURATED,0.1
2026-02-15T11:55:14.041Z,3,60.51,5,OK,0.1
2026-02-15T11:55:14.091Z,3,60.54,5,OK,0.1
2026-02-15T11:55:14.141Z,3,60.51,5,OK,0.1
2026-02-15T11:55:14.191Z,3,43.19,5,OK,0.1
2026-02-15T11:55:14.245Z,5,20.90,6,OK,0.1
2026-02-15T11:55:14.295Z,3,20.96,7,OK,0.1
2026-02-15T11:55:14.346Z,3,21.00,8,OK,0.1
2026-02-15T11:55:14.490Z,4,43.72,6,OK,0.1
2026-02-15T11:55:14.540Z,3,43.70,5,OK,0.1
2026-02-15T11:55:14.590Z,3,43.09,5,OK,0.1
2026-02-15T11:55:14.641Z,3,43.09,5,OK,0.1
2026-02-15T11:55:14.692Z,3,43.08,5,OK,0.1
2026-02-15T11:55:14.743Z,3,20.38,6,OK,0.1
2026-02-15T11:55:14.793Z,3,20.36,7,OK,0.1
2026-02-15T11:55:14.843Z,3,20.41,8,OK,0.1
2026-02-15T11:55:14.894Z,3,20.40,9,OK,0.1
2026-02-15T11:55:15.128Z,9,20.96,10,OK,0.1
2026-02-15T11:55:15.207Z,10,32.55,9,SATURATED,0.1
2026-02-15T11:55:15.361Z,5,55.28,5,SATURATED,0.1
2026-02-15T11:55:15.411Z,5,55.17,5,SATURATED,0.1
2026-02-15T11:55:15.462Z,5,55.18,5,SATURATED,0.1
2026-02-15T11:55:15.512Z,5,54.65,5,SATURATED,0.1
2026-02-15T11:55:15.562Z,5,43.08,5,SATURATED,0.1
2026-02-15T11:55:15.612Z,5,20.38,6,OK,0.1
2026-02-15T11:55:15.662Z,4,20.42,7,OK,0.1
2026-02-15T11:55:15.712Z,5,20.41,8,OK,0.1
2026-02-15T11:55:15.763Z,5,20.41,9,OK,0.1
2026-02-15T11:55:15.814Z,4,20.68,10,OK,0.1
2026-02-15T11:55:15.865Z,4,20.46,11,OK,0.1
2026-02-15T11:55:15.915Z,4,20.44,12,OK,0.1
2026-02-15T11:55:15.965Z,7,21.27,13,OK,0.1
2026-02-15T11:55:16.015Z,4,21.27,14,OK,0.1
2026-02-15T11:55:16.065Z,4,20.95,15,OK,0.1
2026-02-15T11:55:16.115Z,4,21.13,16,OK,0.1
2026-02-15T11:55:16.374Z,16,64.93,12,SATURATED,0.1
2026-02-15T11:55:16.449Z,10,65.22,7,SATURATED,0.1
2026-02-15T11:55:16.499Z,8,65.21,5,SATURATED,0.1
2026-02-15T11:55:16.550Z,8,65.29,5,SATURATED,0.1
2026-02-15T11:55:16.601Z,8,65.38,5,SATURATED,0.1
2026-02-15T11:55:16.652Z,8,21.59,6,SATURATED,0.1
2026-02-15T11:55:16.702Z,8,20.45,7,SATURATED,0.1
2026-02-15T11:55:16.752Z,8,20.43,8,SATURATED,0.1
2026-02-15T11:55:16.803Z,8,20.40,9,OK,0.1
2026-02-15T11:55:16.968Z,8,47.07,6,SATURATED,0.1
2026-02-15T11:55:17.019Z,6,47.11,5,SATURATED,0.1
2026-02-15T11:55:17.070Z,6,47.19,5,SATURATED,0.1
2026-02-15T11:55:17.121Z,6,47.14,5,SATURATED,0.1
2026-02-15T11:55:17.171Z,6,47.11,5,SATURATED,0.1
2026-02-15T11:55:17.221Z,6,20.40,6,SATURATED,0.1
2026-02-15T11:55:17.272Z,6,20.38,7,OK,0.1
2026-02-15T11:55:17.322Z,6,20.31,8,OK,0.1
2026-02-15T11:55:17.372Z,6,20.39,9,OK,0.1
2026-02-15T11:55:17.526Z,8,37.14,7,SATURATED,0.1
2026-02-15T11:55:17.603Z,6,38.46,5,SATURATED,0.1
2026-02-15T11:55:17.654Z,6,38.46,5,SATURATED,0.1
2026-02-15T11:55:17.704Z,5,38.44,5,SATURATED,0.1
2026-02-15T11:55:17.754Z,5,38.51,5,SATURATED,0.1
2026-02-15T11:55:17.805Z,5,21.74,6,OK,0.1
2026-02-15T11:55:17.855Z,5,20.44,7,OK,0.1
2026-02-15T11:55:17.905Z,5,20.42,8,OK,0.1
2026-02-15T11:55:17.955Z,5,20.36,9,OK,0.1
2026-02-15T11:55:18.089Z,7,40.26,7,SATURATED,0.1
2026-02-15T11:55:18.139Z,3,40.10,5,OK,0.1
2026-02-15T11:55:18.190Z,4,40.03,5,OK,0.1
2026-02-15T11:55:18.240Z,4,40.02,5,OK,0.1
2026-02-15T11:55:18.291Z,4,40.13,5,OK,0.1
2026-02-15T11:55:18.342Z,4,20.03,6,OK,0.1
2026-02-15T11:55:18.392Z,1,20.23,7,OK,0.1
2026-02-15T11:55:18.442Z,1,20.24,8,OK,0.1
2026-02-15T11:55:18.492Z,1,20.24,9,OK,0.1
2026-02-15T11:55:18.549Z,9,20.29,10,OK,0.1
2026-02-15T11:55:18.651Z,10,26.72,9,SATURATED,0.1
2026-02-15T11:55:18.804Z,9,53.05,6,SATURATED,0.1
2026-02-15T11:55:18.855Z,6,52.96,5,SATURATED,0.1
2026-02-15T11:55:18.906Z,6,52.84,5,SATURATED,0.1
2026-02-15T11:55:18.956Z,6,52.76,5,SATURATED,0.1
2026-02-15T11:55:19.008Z,6,46.51,5,SATURATED,0.1
2026-02-15T11:55:19.059Z,6,20.20,6,SATURATED,0.1
2026-02-15T11:55:19.109Z,6,20.23,7,OK,0.1
2026-02-15T11:55:19.159Z,6,20.33,8,OK,0.1
2026-02-15T11:55:19.209Z,6,20.32,9,OK,0.1
2026-02-15T11:55:19.259Z,6,20.23,10,OK,0.1
2026-02-15T11:55:19.309Z,6,20.20,11,OK,0.1
2026-02-15T11:55:19.360Z,6,20.26,12,OK,0.1
2026-02-15T11:55:19.410Z,6,20.10,13,OK,0.1
2026-02-15T11:55:19.460Z,6,20.12,14,OK,0.1
2026-02-15T11:55:19.510Z,6,20.14,15,OK,0.1
2026-02-15T11:55:19.678Z,6,32.48,14,OK,0.1
2026-02-15T11:55:19.736Z,14,30.03,13,SATURATED,0.1
2026-02-15T11:55:19.796Z,12,30.18,12,SATURATED,0.1
2026-02-15T11:55:19.846Z,7,30.55,11,OK,0.1
2026-02-15T11:55:19.896Z,7,30.36,10,OK,0.1
2026-02-15T11:55:19.946Z,7,18.03,11,OK,0.1
2026-02-15T11:55:19.997Z,7,20.37,12,OK,0.1
2026-02-15T11:55:20.047Z,7,20.42,13,OK,0.1
2026-02-15T11:55:20.100Z,8,20.08,14,OK,0.1
2026-02-15T11:55:20.246Z,13,35.40,12,SATURATED,0.1
2026-02-15T11:55:20.297Z,7,35.41,10,OK,0.1
2026-02-15T11:55:20.347Z,7,35.55,8,OK,0.1
2026-02-15T11:55:20.397Z,8,35.55,6,SATURATED,0.1
2026-02-15T11:55:20.448Z,7,35.48,5,SATURATED,0.1
2026-02-15T11:55:20.499Z,7,20.36,6,SATURATED,0.1
2026-02-15T11:55:20.550Z,5,20.39,7,OK,0.1
2026-02-15T11:55:20.600Z,2,20.33,8,OK,0.1
2026-02-15T11:55:20.651Z,2,20.26,9,OK,0.1
2026-02-15T11:55:20.737Z,9,22.09,10,OK,0.1
2026-02-15T11:55:20.970Z,10,54.61,7,SATURATED,0.1
2026-02-15T11:55:21.160Z,6,88.37,5,SATURATED,0.1
2026-02-15T11:55:21.210Z,4,88.39,5,OK,0.1
2026-02-15T11:55:21.261Z,5,88.47,5,SATURATED,0.1
2026-02-15T11:55:21.312Z,5,86.74,5,SATURATED,0.1
2026-02-15T11:55:21.362Z,5,54.19,5,SATURATED,0.1
2026-02-15T11:55:21.412Z,5,20.41,6,OK,0.1
2026-02-15T11:55:21.463Z,5,20.43,7,OK,0.1
2026-02-15T11:55:21.514Z,5,20.41,8,OK,0.1
2026-02-15T11:55:21.564Z,6,20.45,9,OK,0.1
2026-02-15T11:55:21.615Z,6,20.54,10,OK,0.1
2026-02-15T11:55:21.666Z,6,20.51,11,OK,0.1
2026-02-15T11:55:21.717Z,7,21.09,12,OK,0.1
2026-02-15T11:55:22.010Z,9,65.82,7,SATURATED,0.1
2026-02-15T11:55:22.064Z,7,62.45,5,SATURATED,0.1
2026-02-15T11:55:22.114Z,4,62.40,5,OK,0.1
2026-02-15T11:55:22.181Z,5,62.41,5,SATURATED,0.1
2026-02-15T11:55:22.231Z,4,61.70,5,OK,0.1
2026-02-15T11:55:22.281Z,4,17.15,6,OK,0.1
2026-02-15T11:55:22.332Z,4,20.42,7,OK,0.1
2026-02-15T11:55:22.382Z,4,20.37,8,OK,0.1
2026-02-15T11:55:22.535Z,5,46.23,5,SATURATED,0.1
2026-02-15T11:55:22.586Z,5,46.35,5,SATURATED,0.1
2026-02-15T11:55:22.772Z,4,77.23,5,OK,0.1
2026-02-15T11:55:22.822Z,2,77.22,5,OK,0.1
2026-02-15T11:55:22.873Z,2,77.26,5,OK,0.1
2026-02-15T11:55:22.923Z,2,51.42,5,OK,0.1
2026-02-15T11:55:22.973Z,2,51.21,5,OK,0.1
2026-02-15T11:55:23.026Z,4,20.04,6,OK,0.1
2026-02-15T11:55:23.186Z,6,45.67,5,SATURATED,0.1
2026-02-15T11:55:23.253Z,5,44.99,5,SATURATED,0.1
2026-02-15T11:55:23.304Z,4,44.91,5,OK,0.1
2026-02-15T11:55:23.354Z,4,45.10,5,OK,0.1
2026-02-15T11:55:23.404Z,4,45.15,5,OK,0.1
2026-02-15T11:55:23.455Z,4,19.53,6,OK,0.1
2026-02-15T11:55:23.506Z,4,20.14,7,OK,0.1
2026-02-15T11:55:23.559Z,5,21.17,8,OK,0.1
2026-02-15T11:55:23.609Z,4,21.23,9,OK,0.1
2026-02-15T11:55:23.660Z,4,21.27,10,OK,0.1
2026-02-15T11:55:23.710Z,4,21.21,11,OK,0.1
2026-02-15T11:55:23.760Z,4,21.26,12,OK,0.1
2026-02-15T11:55:23.924Z,5,47.20,9,OK,0.1
2026-02-15T11:55:24.046Z,7,57.70,5,SATURATED,0.1
2026-02-15T11:55:24.096Z,4,57.70,5,OK,0.1
2026-02-15T11:55:24.146Z,4,57.76,5,OK,0.1
2026-02-15T11:55:24.317Z,4,87.56,5,OK,0.1
2026-02-15T11:55:24.399Z,5,62.99,5,SATURATED,0.1
2026-02-15T11:55:24.449Z,4,52.45,5,OK,0.1
2026-02-15T11:55:24.499Z,4,52.44,5,OK,0.1
2026-02-15T11:55:24.550Z,4,52.50,5,OK,0.1
2026-02-15T11:55:24.601Z,4,22.73,6,OK,0.1
2026-02-15T11:55:24.651Z,4,20.34,7,OK,0.1
2026-02-15T11:55:24.701Z,4,20.42,8,OK,0.1
2026-02-15T11:55:24.752Z,4,20.43,9,OK,0.1
2026-02-15T11:55:24.802Z,4,20.37,10,OK,0.1
2026-02-15T11:55:24.852Z,4,20.43,11,OK,0.1
2026-02-15T11:55:24.903Z,4,20.49,12,OK,0.1
2026-02-15T11:55:24.954Z,4,20.47,13,OK,0.1
2026-02-15T11:55:25.004Z,4,20.50,14,OK,0.1
2026-02-15T11:55:25.054Z,6,20.51,15,OK,0.1
2026-02-15T11:55:25.191Z,14,33.77,14,SATURATED,0.1
2026-02-15T11:55:25.241Z,4,33.77,13,OK,0.1
2026-02-15T11:55:25.292Z,2,33.64,12,OK,0.1
2026-02-15T11:55:25.523Z,8,71.91,7,SATURATED,0.1
2026-02-15T11:55:25.692Z,7,91.63,5,SATURATED,0.1
2026-02-15T11:55:25.802Z,5,96.19,5,SATURATED,0.1
2026-02-15T11:55:25.853Z,1,96.18,5,OK,0.1
2026-02-15T11:55:25.903Z,1,96.27,5,OK,0.1
2026-02-15T11:55:25.954Z,2,57.94,5,OK,0.1
2026-02-15T11:55:26.004Z,2,38.20,5,OK,0.1
2026-02-15T11:55:26.055Z,2,20.21,6,OK,0.1
2026-02-15T11:55:26.104Z,3,20.26,7,OK,0.1
2026-02-15T11:55:26.155Z,3,20.22,8,OK,0.1
2026-02-15T11:55:26.214Z,6,20.34,9,OK,0.1
2026-02-15T11:55:26.264Z,4,20.31,10,OK,0.1
2026-02-15T11:55:26.314Z,4,20.46,11,OK,0.1
2026-02-15T11:55:26.364Z,4,20.41,12,OK,0.1
2026-02-15T11:55:26.415Z,4,20.45,13,OK,0.1
2026-02-15T11:55:26.465Z,4,20.34,14,OK,0.1
2026-02-15T11:55:26.514Z,4,20.40,15,OK,0.1
2026-02-15T11:55:26.712Z,13,54.72,12,SATURATED,0.1
2026-02-15T11:55:26.783Z,8,54.87,9,OK,0.1
2026-02-15T11:55:26.929Z,6,69.99,5,SATURATED,0.1
2026-02-15T11:55:26.980Z,6,69.99,5,SATURATED,0.1
2026-02-15T11:55:27.030Z,6,70.01,5,SATURATED,0.1
2026-02-15T11:55:27.080Z,5,35.63,5,SATURATED,0.1
2026-02-15T11:55:27.130Z,5,35.28,5,SATURATED,0.1
2026-02-15T11:55:27.180Z,5,20.19,6,OK,0.1
2026-02-15T11:55:27.229Z,6,20.48,7,OK,0.1
2026-02-15T11:55:27.280Z,7,20.41,8,OK,0.1
2026-02-15T11:55:27.330Z,6,20.39,9,OK,0.1
2026-02-15T11:55:27.380Z,6,20.56,10,OK,0.1
2026-02-15T11:55:27.430Z,6,20.49,11,OK,0.1
2026-02-15T11:55:27.481Z,6,20.12,12,OK,0.1
2026-02-15T11:55:27.533Z,6,20.17,13,OK,0.1
2026-02-15T11:55:27.583Z,6,20.24,14,OK,0.1
2026-02-15T11:55:27.633Z,6,20.29,15,OK,0.1
2026-02-15T11:55:27.683Z,6,20.34,16,OK,0.1
2026-02-15T11:55:27.844Z,6,45.60,13,OK,0.1
2026-02-15T11:55:27.894Z,13,41.52,11,SATURATED,0.1
2026-02-15T11:55:27.946Z,10,42.10,9,SATURATED,0.1
2026-02-15T11:55:27.997Z,6,42.12,7,OK,0.1
2026-02-15T11:55:28.046Z,6,42.14,5,SATURATED,0.1
2026-02-15T11:55:28.097Z,5,16.97,6,OK,0.1
2026-02-15T11:55:28.147Z,5,21.04,7,OK,0.1
2026-02-15T11:55:28.197Z,5,20.42,8,OK,0.1
2026-02-15T11:55:28.356Z,5,38.12,6,OK,0.1
2026-02-15T11:55:28.802Z,6,113.22,5,SATURATED,0.1
2026-02-15T11:55:28.853Z,2,113.20,5,OK,0.1
2026-02-15T11:55:28.926Z,5,120.23,5,SATURATED,0.1
2026-02-15T11:55:29.517Z,5,224.55,5,SATURATED,0.4
2026-02-15T11:55:29.568Z,2,206.83,5,OK,0.4
2026-02-15T11:55:29.619Z,2,131.75,5,OK,0.4
2026-02-15T11:55:29.669Z,2,131.59,5,OK,0.4
2026-02-15T11:55:29.719Z,2,124.59,5,OK,0.1
2026-02-15T11:55:29.770Z,2,20.26,6,OK,0.1
2026-02-15T11:55:29.948Z,4,20.43,7,OK,0.1
2026-02-15T11:55:29.998Z,1,22.62,8,OK,0.1
2026-02-15T11:55:30.048Z,1,22.80,9,OK,0.1
2026-02-15T11:55:30.098Z,2,22.63,10,OK,0.1
2026-02-15T11:55:30.148Z,2,22.61,11,OK,0.1
2026-02-15T11:55:30.199Z,2,22.38,12,OK,0.1
2026-02-15T11:55:30.250Z,2,20.17,13,OK,0.1
2026-02-15T11:55:30.300Z,2,20.21,14,OK,0.1
2026-02-15T11:55:30.351Z,2,20.34,15,OK,0.1
2026-02-15T11:55:30.401Z,2,20.35,16,OK,0.1
2026-02-15T11:55:30.451Z,2,20.39,17,OK,0.1
2026-02-15T11:55:30.776Z,10,71.30,12,OK,0.1
2026-02-15T11:55:30.827Z,4,75.55,6,OK,0.1
2026-02-15T11:55:30.877Z,4,75.54,5,OK,0.1
2026-02-15T11:55:30.928Z,3,75.66,5,OK,0.1
2026-02-15T11:55:31.069Z,5,97.39,5,SATURATED,0.1
2026-02-15T11:55:31.120Z,4,46.39,5,OK,0.1
2026-02-15T11:55:31.170Z,4,42.13,5,OK,0.1
2026-02-15T11:55:31.220Z,4,42.15,5,OK,0.1
2026-02-15T11:55:31.270Z,5,42.09,5,SATURATED,0.1
2026-02-15T11:55:31.321Z,5,20.39,6,OK,0.1
2026-02-15T11:55:31.373Z,5,20.48,7,OK,0.1
2026-02-15T11:55:31.423Z,5,20.39,8,OK,0.1
2026-02-15T11:55:31.474Z,5,20.38,9,OK,0.1
2026-02-15T11:55:31.621Z,5,44.41,7,OK,0.1
2026-02-15T11:55:31.672Z,5,44.36,5,SATURATED,0.1
2026-02-15T11:55:31.722Z,5,44.34,5,SATURATED,0.1
2026-02-15T11:55:31.772Z,5,44.38,5,SATURATED,0.1
2026-02-15T11:55:31.827Z,5,44.75,5,SATURATED,0.1
2026-02-15T11:55:31.878Z,5,20.66,6,OK,0.1
2026-02-15T11:55:31.928Z,5,20.65,7,OK,0.1
2026-02-15T11:55:31.978Z,5,20.69,8,OK,0.1
2026-02-15T11:55:32.028Z,5,20.72,9,OK,0.1
2026-02-15T11:55:32.083Z,7,20.33,10,OK,0.1
2026-02-15T11:55:32.230Z,10,35.87,8,SATURATED,0.1
2026-02-15T11:55:32.281Z,7,35.90,6,SATURATED,0.1
2026-02-15T11:55:32.331Z,7,35.89,5,SATURATED,0.1
2026-02-15T11:55:32.381Z,7,35.91,5,SATURATED,0.1
2026-02-15T11:55:32.431Z,7,35.81,5,SATURATED,0.1
2026-02-15T11:55:32.482Z,7,20.28,6,SATURATED,0.1
2026-02-15T11:55:32.532Z,5,20.30,7,OK,0.1
2026-02-15T11:55:32.583Z,5,20.26,8,OK,0.1
2026-02-15T11:55:32.634Z,6,20.26,9,OK,0.1
2026-02-15T11:55:32.684Z,6,20.38,10,OK,0.1
2026-02-15T11:55:32.734Z,6,20.36,11,OK,0.1
2026-02-15T11:55:32.784Z,6,20.38,12,OK,0.1
2026-02-15T11:55:32.848Z,12,24.29,13,OK,0.1
2026-02-15T11:55:33.016Z,13,43.98,11,SATURATED,0.1
2026-02-15T11:55:33.066Z,8,43.98,9,OK,0.1
2026-02-15T11:55:33.215Z,9,67.46,5,SATURATED,0.1
2026-02-15T11:55:33.265Z,7,67.50,5,SATURATED,0.1
2026-02-15T11:55:33.315Z,7,63.41,5,SATURATED,0.1
2026-02-15T11:55:33.365Z,7,43.72,5,SATURATED,0.1
2026-02-15T11:55:33.415Z,7,43.77,5,SATURATED,0.1
2026-02-15T11:55:33.465Z,7,20.30,6,SATURATED,0.1
2026-02-15T11:55:33.516Z,7,20.10,7,SATURATED,0.1
2026-02-15T11:55:33.566Z,7,20.32,8,OK,0.1
2026-02-15T11:55:33.616Z,7,20.30,9,OK,0.1
2026-02-15T11:55:33.666Z,8,20.22,10,OK,0.1
2026-02-15T11:55:33.717Z,8,20.20,11,OK,0.1
2026-02-15T11:55:33.767Z,8,20.30,12,OK,0.1
2026-02-15T11:55:33.937Z,9,20.33,13,OK,0.1
2026-02-15T11:55:33.988Z,9,20.33,14,OK,0.1
2026-02-15T11:55:34.050Z,14,20.43,15,OK,0.1
2026-02-15T11:55:34.264Z,9,49.18,12,OK,0.1
2026-02-15T11:55:34.403Z,12,72.77,7,SATURATED,0.1
2026-02-15T11:55:34.454Z,8,72.75,5,SATURATED,0.1
2026-02-15T11:55:34.505Z,8,72.75,5,SATURATED,0.1
2026-02-15T11:55:34.555Z,8,72.64,5,SATURATED,0.1
2026-02-15T11:55:34.604Z,8,43.87,5,SATURATED,0.1
2026-02-15T11:55:34.655Z,7,20.27,6,SATURATED,0.1
2026-02-15T11:55:34.705Z,7,20.26,7,SATURATED,0.1
2026-02-15T11:55:34.757Z,7,20.28,8,OK,0.1
2026-02-15T11:55:34.806Z,7,20.33,9,OK,0.1
2026-02-15T11:55:34.857Z,7,20.43,10,OK,0.1
2026-02-15T11:55:34.907Z,7,20.49,11,OK,0.1
2026-02-15T11:55:34.959Z,11,21.17,12,OK,0.1
2026-02-15T11:55:35.010Z,9,21.04,13,OK,0.1
2026-02-15T11:55:35.066Z,13,20.98,14,OK,0.1
2026-02-15T11:55:35.204Z,12,42.80,12,SATURATED,0.1
2026-02-15T11:55:35.255Z,11,42.72,10,SATURATED,0.1
2026-02-15T11:55:35.306Z,11,41.97,8,SATURATED,0.1
2026-02-15T11:55:35.356Z,11,41.98,6,SATURATED,0.1
2026-02-15T11:55:35.431Z,11,44.75,5,SATURATED,0.1
2026-02-15T11:55:35.481Z,11,22.79,6,SATURATED,0.1
2026-02-15T11:55:35.531Z,11,22.72,7,SATURATED,0.1
2026-02-15T11:55:35.581Z,11,22.75,8,SATURATED,0.1
2026-02-15T11:55:35.631Z,11,22.81,9,SATURATED,0.1
2026-02-15T11:55:35.683Z,10,20.03,10,SATURATED,0.1
2026-02-15T11:55:35.733Z,10,20.10,11,OK,0.1
2026-02-15T11:55:35.783Z,10,20.19,12,OK,0.1
2026-02-15T11:55:35.833Z,9,20.28,13,OK,0.1
2026-02-15T11:55:35.884Z,9,20.31,14,OK,0.1
2026-02-15T11:55:35.934Z,9,20.34,15,OK,0.1
2026-02-15T11:55:36.308Z,14,20.59,16,OK,0.1
2026-02-15T11:55:36.357Z,8,23.95,17,OK,0.1
2026-02-15T11:55:36.568Z,10,24.19,18,OK,0.1
2026-02-15T11:55:36.720Z,18,50.49,15,SATURATED,0.1
2026-02-15T11:55:36.770Z,9,50.48,12,OK,0.1
2026-02-15T11:55:36.820Z,9,50.20,9,SATURATED,0.1
2026-02-15T11:55:36.870Z,9,46.80,6,SATURATED,0.1
2026-02-15T11:55:36.920Z,9,46.54,5,SATURATED,0.1
2026-02-15T11:55:36.971Z,7,20.76,6,SATURATED,0.1
2026-02-15T11:55:37.021Z,6,20.67,7,OK,0.1
2026-02-15T11:55:37.071Z,3,20.70,8,OK,0.1
2026-02-15T11:55:37.122Z,3,21.09,9,OK,0.1
2026-02-15T11:55:37.172Z,3,21.03,10,OK,0.1
2026-02-15T11:55:37.222Z,2,20.54,11,OK,0.1
2026-02-15T11:55:37.272Z,2,20.68,12,OK,0.1
2026-02-15T11:55:37.342Z,12,20.60,13,OK,0.1
2026-02-15T11:55:37.395Z,5,20.85,14,OK,0.1
2026-02-15T11:55:37.445Z,5,20.90,15,OK,0.1
2026-02-15T11:55:37.495Z,5,20.88,16,OK,0.1
2026-02-15T11:55:37.547Z,5,20.88,17,OK,0.1
2026-02-15T11:55:37.597Z,5,21.04,18,OK,0.1
2026-02-15T11:55:37.647Z,5,20.47,19,OK,0.1
2026-02-15T11:55:37.697Z,5,20.42,20,OK,0.1
2026-02-15T11:55:37.766Z,20,26.18,19,SATURATED,0.1
2026-02-15T11:55:37.965Z,18,51.91,16,SATURATED,0.1
2026-02-15T11:55:38.016Z,10,51.75,13,OK,0.1
2026-02-15T11:55:38.155Z,10,73.57,8,SATURATED,0.1
2026-02-15T11:55:38.206Z,10,73.55,5,SATURATED,0.1
2026-02-15T11:55:38.256Z,10,67.76,5,SATURATED,0.1
2026-02-15T11:55:38.307Z,10,42.05,5,SATURATED,0.1
2026-02-15T11:55:38.357Z,9,41.98,5,SATURATED,0.1
2026-02-15T11:55:38.411Z,9,24.28,6,SATURATED,0.1
2026-02-15T11:55:38.463Z,9,24.39,7,SATURATED,0.1
2026-02-15T11:55:38.513Z,9,24.47,8,SATURATED,0.1
2026-02-15T11:55:38.563Z,9,24.40,9,SATURATED,0.1
2026-02-15T11:55:38.613Z,9,24.40,10,OK,0.1
2026-02-15T11:55:38.663Z,9,20.20,11,OK,0.1
2026-02-15T11:55:38.714Z,9,20.09,12,OK,0.1
2026-02-15T11:55:38.929Z,9,57.16,8,SATURATED,0.1
2026-02-15T11:55:38.982Z,9,53.93,5,SATURATED,0.1
2026-02-15T11:55:39.032Z,9,54.00,5,SATURATED,0.1
2026-02-15T11:55:39.082Z,9,54.06,5,SATURATED,0.1
2026-02-15T11:55:39.133Z,9,54.07,5,SATURATED,0.1
2026-02-15T11:55:39.183Z,9,16.99,6,SATURATED,0.1
2026-02-15T11:55:39.233Z,9,20.26,7,SATURATED,0.1
2026-02-15T11:55:39.283Z,9,20.33,8,SATURATED,0.1
2026-02-15T11:55:39.333Z,8,20.35,9,OK,0.1
2026-02-15T11:55:39.508Z,9,41.51,7,SATURATED,0.1
2026-02-15T11:55:39.559Z,6,42.22,5,SATURATED,0.1
2026-02-15T11:55:39.609Z,6,42.27,5,SATURATED,0.1
2026-02-15T11:55:39.659Z,6,42.30,5,SATURATED,0.1
2026-02-15T11:55:39.709Z,6,42.26,5,SATURATED,0.1
2026-02-15T11:55:39.760Z,4,21.02,6,OK,0.1
2026-02-15T11:55:39.811Z,4,20.11,7,OK,0.1
2026-02-15T11:55:39.862Z,4,20.09,8,OK,0.1
2026-02-15T11:55:39.913Z,4,20.07,9,OK,0.1
2026-02-15T11:55:40.074Z,4,45.90,6,OK,0.1
2026-02-15T11:55:40.123Z,1,41.95,5,OK,0.1
2026-02-15T11:55:40.174Z,1,42.22,5,OK,0.1
2026-02-15T11:55:40.224Z,1,42.23,5,OK,0.1
2026-02-15T11:55:40.274Z,1,42.19,5,OK,0.1
2026-02-15T11:55:40.324Z,1,16.37,6,OK,0.1
2026-02-15T11:55:40.374Z,1,20.30,7,OK,0.1
2026-02-15T11:55:40.425Z,1,20.20,8,OK,0.1
2026-02-15T11:55:40.475Z,1,20.19,9,OK,0.1
2026-02-15T11:55:40.633Z,6,20.21,10,OK,0.1
2026-02-15T11:55:40.808Z,10,51.07,7,SATURATED,0.1
2026-02-15T11:55:40.967Z,6,68.94,5,SATURATED,0.1
2026-02-15T11:55:41.017Z,2,68.92,5,OK,0.1
2026-02-15T11:55:41.067Z,2,68.87,5,OK,0.1
2026-02-15T11:55:41.246Z,2,100.12,5,OK,0.1
2026-02-15T11:55:41.295Z,2,65.21,5,OK,0.1
2026-02-15T11:55:41.346Z,2,47.46,5,OK,0.1
2026-02-15T11:55:41.396Z,3,47.45,5,OK,0.1
2026-02-15T11:55:41.446Z,3,47.47,5,OK,0.1
2026-02-15T11:55:41.496Z,3,16.22,6,OK,0.1
2026-02-15T11:55:41.546Z,3,20.34,7,OK,0.1
2026-02-15T11:55:41.597Z,3,20.35,8,OK,0.1
2026-02-15T11:55:41.871Z,3,20.37,9,OK,0.1
2026-02-15T11:55:42.142Z,9,70.30,5,SATURATED,0.1
2026-02-15T11:55:42.192Z,3,70.31,5,OK,0.1
2026-02-15T11:55:42.243Z,3,70.24,5,OK,0.1
2026-02-15T11:55:42.414Z,5,100.19,5,SATURATED,0.1
2026-02-15T11:55:42.470Z,5,97.30,5,SATURATED,0.1
2026-02-15T11:55:42.522Z,4,47.38,5,OK,0.1
2026-02-15T11:55:42.572Z,2,47.08,5,OK,0.1
2026-02-15T11:55:42.622Z,2,47.04,5,OK,0.1
2026-02-15T11:55:42.672Z,2,17.10,6,OK,0.1
2026-02-15T11:55:42.723Z,2,20.00,7,OK,0.1
2026-02-15T11:55:42.773Z,2,20.01,8,OK,0.1
2026-02-15T11:55:42.824Z,2,20.36,9,OK,0.1
2026-02-15T11:55:42.874Z,2,20.37,10,OK,0.1
2026-02-15T11:55:42.925Z,2,20.35,11,OK,0.1
2026-02-15T11:55:42.975Z,2,20.30,12,OK,0.1
2026-02-15T11:55:43.025Z,2,20.33,13,OK,0.1
2026-02-15T11:55:43.075Z,2,20.26,14,OK,0.1
2026-02-15T11:55:43.484Z,8,20.27,15,OK,0.1
2026-02-15T11:55:43.989Z,13,116.81,5,SATURATED,0.1
2026-02-15T11:55:44.039Z,4,116.84,5,OK,0.1
2026-02-15T11:55:44.090Z,4,116.81,5,OK,0.1
2026-02-15T11:55:44.140Z,4,116.76,5,OK,0.1
2026-02-15T11:55:44.190Z,4,116.78,5,OK,0.1
2026-02-15T11:55:44.241Z,4,20.26,6,OK,0.1
2026-02-15T11:55:44.291Z,4,20.16,7,OK,0.1
2026-02-15T11:55:44.341Z,4,20.21,8,OK,0.1
2026-02-15T11:55:44.391Z,4,20.29,9,OK,0.1
2026-02-15T11:55:44.442Z,3,20.27,10,OK,0.1
2026-02-15T11:55:44.494Z,5,20.29,11,OK,0.1
2026-02-15T11:55:44.545Z,4,20.36,12,OK,0.1
2026-02-15T11:55:44.596Z,4,20.34,13,OK,0.1
2026-02-15T11:55:44.646Z,4,20.33,14,OK,0.1
2026-02-15T11:55:44.696Z,4,20.33,15,OK,0.1
2026-02-15T11:55:44.747Z,4,20.43,16,OK,0.1
2026-02-15T11:55:44.797Z,4,20.41,17,OK,0.1
2026-02-15T11:55:44.848Z,4,20.36,18,OK,0.1
2026-02-15T11:55:44.898Z,4,20.39,19,OK,0.1
2026-02-15T11:55:45.273Z,8,53.59,16,OK,0.1
2026-02-15T11:55:45.344Z,16,53.61,13,SATURATED,0.1
2026-02-15T11:55:45.394Z,6,53.48,10,OK,0.1
2026-02-15T11:55:45.444Z,6,53.52,7,OK,0.1
2026-02-15T11:55:45.494Z,5,53.66,5,SATURATED,0.1
2026-02-15T11:55:45.645Z,4,36.82,5,OK,0.1
2026-02-15T11:55:45.695Z,4,36.73,5,OK,0.1
2026-02-15T11:55:45.745Z,4,37.04,5,OK,0.1
2026-02-15T11:55:45.795Z,4,37.03,5,OK,0.1
2026-02-15T11:55:45.845Z,4,36.87,5,OK,0.1
2026-02-15T11:55:45.895Z,4,20.56,6,OK,0.1
2026-02-15T11:55:45.945Z,4,20.50,7,OK,0.1
2026-02-15T11:55:45.996Z,4,20.33,8,OK,0.1
2026-02-15T11:55:46.046Z,4,20.30,9,OK,0.1
2026-02-15T11:55:46.097Z,4,20.27,10,OK,0.1
2026-02-15T11:55:46.147Z,4,20.23,11,OK,0.1
2026-02-15T11:55:46.197Z,5,20.27,12,OK,0.1
2026-02-15T11:55:46.247Z,5,20.29,13,OK,0.1
2026-02-15T11:55:46.320Z,13,22.61,14,OK,0.1
2026-02-15T11:55:46.381Z,14,20.77,15,OK,0.1
2026-02-15T11:55:46.432Z,8,20.67,16,OK,0.1
2026-02-15T11:55:46.567Z,8,33.59,15,OK,0.1
2026-02-15T11:55:46.618Z,7,33.55,14,OK,0.1
2026-02-15T11:55:46.668Z,7,31.48,13,OK,0.1
2026-02-15T11:55:46.719Z,7,33.34,12,OK,0.1
2026-02-15T11:55:46.770Z,7,33.45,11,OK,0.1
2026-02-15T11:55:46.820Z,7,20.49,12,OK,0.1
2026-02-15T11:55:46.871Z,7,20.49,13,OK,0.1
2026-02-15T11:55:46.921Z,7,20.25,14,OK,0.1
2026-02-15T11:55:46.972Z,6,20.26,15,OK,0.1
2026-02-15T11:55:47.023Z,6,20.32,16,OK,0.1
2026-02-15T11:55:47.073Z,6,20.35,17,OK,0.1
2026-02-15T11:55:47.123Z,6,20.37,18,OK,0.1
2026-02-15T11:55:47.173Z,5,20.34,19,OK,0.1
2026-02-15T11:55:47.225Z,5,20.35,20,OK,0.1
2026-02-15T11:55:47.275Z,5,20.31,21,OK,0.1
2026-02-15T11:55:47.595Z,21,47.42,18,SATURATED,0.1
2026-02-15T11:55:48.017Z,13,117.76,8,SATURATED,0.1
2026-02-15T11:55:48.067Z,8,117.80,5,SATURATED,0.1
2026-02-15T11:55:48.118Z,8,117.82,5,SATURATED,0.1
2026-02-15T11:55:48.168Z,7,117.74,5,SATURATED,0.1
2026-02-15T11:55:48.218Z,7,90.66,5,SATURATED,0.1
2026-02-15T11:55:48.268Z,7,20.39,6,SATURATED,0.1
2026-02-15T11:55:48.318Z,6,20.29,7,OK,0.1
2026-02-15T11:55:48.368Z,5,20.35,8,OK,0.1
2026-02-15T11:55:48.418Z,4,20.37,9,OK,0.1
2026-02-15T11:55:48.469Z,4,20.35,10,OK,0.1
2026-02-15T11:55:48.519Z,4,20.20,11,OK,0.1
2026-02-15T11:55:48.569Z,4,20.34,12,OK,0.1
2026-02-15T11:55:48.741Z,9,46.96,9,SATURATED,0.1
2026-02-15T11:55:48.855Z,7,55.75,5,SATURATED,0.1
2026-02-15T11:55:48.905Z,6,55.77,5,SATURATED,0.1
2026-02-15T11:55:48.955Z,6,55.91,5,SATURATED,0.1
2026-02-15T11:55:49.032Z,6,57.66,5,SATURATED,0.1
2026-02-15T11:55:49.091Z,6,38.57,5,SATURATED,0.1
2026-02-15T11:55:49.142Z,6,29.82,5,SATURATED,0.1
2026-02-15T11:55:49.192Z,6,29.84,5,SATURATED,0.1
2026-02-15T11:55:49.242Z,6,29.77,5,SATURATED,0.1
2026-02-15T11:55:49.292Z,6,28.02,5,SATURATED,0.1
2026-02-15T11:55:49.342Z,4,20.51,6,OK,0.1
2026-02-15T11:55:49.392Z,4,20.54,7,OK,0.1
2026-02-15T11:55:49.443Z,4,20.48,8,OK,0.1
2026-02-15T11:55:49.493Z,4,20.47,9,OK,0.1
2026-02-15T11:55:49.543Z,4,20.32,10,OK,0.1
2026-02-15T11:55:49.593Z,4,20.31,11,OK,0.1
2026-02-15T11:55:49.643Z,3,20.31,12,OK,0.1
2026-02-15T11:55:49.693Z,3,20.38,13,OK,0.1
2026-02-15T11:55:49.744Z,4,20.40,14,OK,0.1
2026-02-15T11:55:49.795Z,4,20.65,15,OK,0.1
2026-02-15T11:55:49.846Z,4,20.56,16,OK,0.1
2026-02-15T11:55:49.986Z,8,34.49,15,OK,0.1
2026-02-15T11:55:50.209Z,15,64.95,11,SATURATED,0.1
2026-02-15T11:55:50.275Z,11,73.95,6,SATURATED,0.1
2026-02-15T11:55:50.325Z,6,73.92,5,SATURATED,0.1
2026-02-15T11:55:50.376Z,6,73.99,5,SATURATED,0.1
2026-02-15T11:55:50.428Z,6,60.08,5,SATURATED,0.1
2026-02-15T11:55:50.478Z,6,29.55,5,SATURATED,0.1
2026-02-15T11:55:50.528Z,6,20.50,6,SATURATED,0.1
2026-02-15T11:55:50.577Z,6,20.20,7,OK,0.1
2026-02-15T11:55:50.628Z,6,20.15,8,OK,0.1
2026-02-15T11:55:50.678Z,6,20.12,9,OK,0.1
2026-02-15T11:55:50.728Z,6,20.06,10,OK,0.1
2026-02-15T11:55:50.793Z,8,20.02,11,OK,0.1
2026-02-15T11:55:50.843Z,7,20.16,12,OK,0.1
2026-02-15T11:55:50.895Z,6,20.21,13,OK,0.1
2026-02-15T11:55:50.945Z,6,20.21,14,OK,0.1
2026-02-15T11:55:50.995Z,7,20.32,15,OK,0.1
2026-02-15T11:55:51.045Z,7,20.50,16,OK,0.1
2026-02-15T11:55:51.096Z,7,20.48,17,OK,0.1
2026-02-15T11:55:51.146Z,7,20.41,18,OK,0.1
2026-02-15T11:55:51.196Z,7,20.40,19,OK,0.1
2026-02-15T11:55:51.379Z,15,51.66,16,OK,0.1
2026-02-15T11:55:51.499Z,11,61.50,12,OK,0.1
2026-02-15T11:55:51.668Z,12,81.31,6,SATURATED,0.1
2026-02-15T11:55:51.719Z,9,81.27,5,SATURATED,0.1
2026-02-15T11:55:51.770Z,8,81.36,5,SATURATED,0.1
2026-02-15T11:55:51.821Z,8,50.07,5,SATURATED,0.1
2026-02-15T11:55:51.871Z,7,40.15,5,SATURATED,0.1
2026-02-15T11:55:51.921Z,7,20.51,6,SATURATED,0.1
2026-02-15T11:55:51.972Z,7,20.50,7,SATURATED,0.1
2026-02-15T11:55:52.022Z,6,20.47,8,OK,0.1
2026-02-15T11:55:52.073Z,6,20.46,9,OK,0.1
2026-02-15T11:55:52.255Z,6,20.51,10,OK,0.1
2026-02-15T11:55:52.304Z,5,20.38,11,OK,0.1
2026-02-15T11:55:52.355Z,5,20.40,12,OK,0.1
2026-02-15T11:55:52.410Z,12,21.52,13,OK,0.1
2026-02-15T11:55:52.780Z,13,81.44,7,SATURATED,0.1
2026-02-15T11:55:52.849Z,6,81.11,5,SATURATED,0.1
2026-02-15T11:55:52.900Z,5,81.12,5,SATURATED,0.1
2026-02-15T11:55:52.950Z,5,81.11,5,SATURATED,0.1
2026-02-15T11:55:53.000Z,4,80.27,5,OK,0.1
2026-02-15T11:55:53.122Z,4,30.67,5,OK,0.1
2026-02-15T11:55:53.228Z,5,38.07,5,SATURATED,0.1
2026-02-15T11:55:53.372Z,4,52.83,5,OK,0.1
2026-02-15T11:55:53.422Z,5,52.88,5,SATURATED,0.1
2026-02-15T11:55:53.472Z,4,52.51,5,OK,0.1
2026-02-15T11:55:53.523Z,4,42.16,5,OK,0.1
2026-02-15T11:55:53.573Z,4,34.96,5,OK,0.1
2026-02-15T11:55:53.624Z,4,20.23,6,OK,0.1
2026-02-15T11:55:53.780Z,4,45.18,5,OK,0.1
2026-02-15T11:55:53.855Z,5,46.29,5,SATURATED,0.1
2026-02-15T11:55:53.906Z,4,46.44,5,OK,0.1
2026-02-15T11:55:53.956Z,4,46.49,5,OK,0.1
2026-02-15T11:55:54.142Z,4,69.82,5,OK,0.1
2026-02-15T11:55:54.193Z,4,44.87,5,OK,0.1
2026-02-15T11:55:54.243Z,5,43.83,5,SATURATED,0.1
2026-02-15T11:55:54.293Z,5,43.78,5,SATURATED,0.1
2026-02-15T11:55:54.344Z,5,43.78,5,SATURATED,0.1
2026-02-15T11:55:54.395Z,4,20.39,6,OK,0.1
2026-02-15T11:55:54.545Z,6,44.09,5,SATURATED,0.1
2026-02-15T11:55:54.595Z,4,43.90,5,OK,0.1
2026-02-15T11:55:54.644Z,4,43.80,5,OK,0.1
2026-02-15T11:55:54.695Z,4,43.80,5,OK,0.1
2026-02-15T11:55:54.745Z,4,43.85,5,OK,0.1
2026-02-15T11:55:54.801Z,5,21.30,6,OK,0.1
2026-02-15T11:55:54.860Z,6,19.21,7,OK,0.1
2026-02-15T11:55:55.068Z,7,21.13,8,OK,0.1
2026-02-15T11:55:55.179Z,7,39.33,6,SATURATED,0.1
2026-02-15T11:55:55.230Z,5,39.30,5,SATURATED,0.1
2026-02-15T11:55:55.280Z,5,38.07,5,SATURATED,0.1
2026-02-15T11:55:55.330Z,5,40.33,5,SATURATED,0.1
2026-02-15T11:55:55.382Z,5,38.40,5,SATURATED,0.1
2026-02-15T11:55:55.523Z,4,30.04,5,OK,0.1
2026-02-15T11:55:55.573Z,5,29.98,5,SATURATED,0.1
2026-02-15T11:55:55.624Z,5,30.04,5,SATURATED,0.1
2026-02-15T11:55:55.673Z,5,29.98,5,SATURATED,0.1
2026-02-15T11:55:55.724Z,5,30.01,5,SATURATED,0.1
2026-02-15T11:55:55.774Z,5,20.25,6,OK,0.1
2026-02-15T11:55:55.824Z,6,20.33,7,OK,0.1
2026-02-15T11:55:55.876Z,7,22.84,8,OK,0.1
2026-02-15T11:55:55.927Z,6,22.94,9,OK,0.1
2026-02-15T11:55:55.978Z,7,22.92,10,OK,0.1
2026-02-15T11:55:56.028Z,7,22.89,11,OK,0.1
2026-02-15T11:55:56.094Z,9,22.88,12,OK,0.1
2026-02-15T11:55:56.144Z,8,20.30,13,OK,0.1
2026-02-15T11:55:56.361Z,9,49.60,10,OK,0.1
2026-02-15T11:55:56.497Z,10,72.41,5,SATURATED,0.1
2026-02-15T11:55:56.547Z,8,72.35,5,SATURATED,0.1
2026-02-15T11:55:56.598Z,7,72.35,5,SATURATED,0.1
2026-02-15T11:55:56.649Z,7,72.45,5,SATURATED,0.1
2026-02-15T11:55:56.699Z,7,43.12,5,SATURATED,0.1
2026-02-15T11:55:56.750Z,7,20.34,6,SATURATED,0.1
2026-02-15T11:55:56.801Z,7,20.45,7,SATURATED,0.1
2026-02-15T11:55:56.850Z,7,20.52,8,OK,0.1
2026-02-15T11:55:57.017Z,8,39.82,6,SATURATED,0.1
2026-02-15T11:55:57.068Z,6,42.89,5,SATURATED,0.1
2026-02-15T11:55:57.118Z,6,43.48,5,SATURATED,0.1
2026-02-15T11:55:57.177Z,6,43.38,5,SATURATED,0.1
2026-02-15T11:55:57.228Z,6,43.31,5,SATURATED,0.1
2026-02-15T11:55:57.277Z,6,24.00,6,SATURATED,0.1
2026-02-15T11:55:57.328Z,6,20.87,7,OK,0.1
2026-02-15T11:55:57.382Z,7,20.28,8,OK,0.1
2026-02-15T11:55:57.489Z,7,27.62,7,SATURATED,0.1
2026-02-15T11:55:57.539Z,5,27.93,6,OK,0.1
2026-02-15T11:55:57.590Z,6,27.96,5,SATURATED,0.1
2026-02-15T11:55:57.640Z,6,27.99,5,SATURATED,0.1
2026-02-15T11:55:57.691Z,6,28.16,5,SATURATED,0.1
2026-02-15T11:55:57.741Z,6,20.82,6,SATURATED,0.1
2026-02-15T11:55:57.792Z,6,20.63,7,OK,0.1
2026-02-15T11:55:57.939Z,6,44.84,5,SATURATED,0.1
2026-02-15T11:55:57.990Z,4,44.89,5,OK,0.1
2026-02-15T11:55:58.061Z,5,44.60,5,SATURATED,0.1
2026-02-15T11:55:58.121Z,5,49.03,5,SATURATED,0.1
2026-02-15T11:55:58.171Z,3,49.00,5,OK,0.1
2026-02-15T11:55:58.221Z,3,24.88,6,OK,0.1
2026-02-15T11:55:58.272Z,4,24.86,7,OK,0.1
2026-02-15T11:55:58.322Z,4,24.96,8,OK,0.1
2026-02-15T11:55:58.371Z,4,20.52,9,OK,0.1
2026-02-15T11:55:58.609Z,6,53.98,6,SATURATED,0.1
2026-02-15T11:55:58.753Z,6,68.57,5,SATURATED,0.1
2026-02-15T11:55:58.803Z,5,68.40,5,SATURATED,0.1
2026-02-15T11:55:58.854Z,5,68.44,5,SATURATED,0.1
2026-02-15T11:55:58.904Z,5,68.50,5,SATURATED,0.1
2026-02-15T11:55:58.964Z,5,34.98,5,SATURATED,0.1
2026-02-15T11:55:59.015Z,5,20.27,6,OK,0.1
2026-02-15T11:55:59.077Z,6,21.37,7,OK,0.1
2026-02-15T11:55:59.134Z,7,22.90,8,OK,0.1
2026-02-15T11:55:59.184Z,6,22.74,9,OK,0.1
2026-02-15T11:55:59.233Z,6,22.84,10,OK,0.1
2026-02-15T11:55:59.284Z,6,22.78,11,OK,0.1
2026-02-15T11:55:59.334Z,6,21.84,12,OK,0.1
2026-02-15T11:55:59.384Z,6,20.30,13,OK,0.1
2026-02-15T11:55:59.434Z,6,20.46,14,OK,0.1
2026-02-15T11:55:59.483Z,6,20.40,15,OK,0.1
2026-02-15T11:55:59.535Z,6,20.51,16,OK,0.1
2026-02-15T11:55:59.585Z,4,20.59,17,OK,0.1
2026-02-15T11:55:59.636Z,4,20.70,18,OK,0.1
2026-02-15T11:55:59.686Z,4,20.61,19,OK,0.1
2026-02-15T11:55:59.737Z,4,20.56,20,OK,0.1
2026-02-15T11:55:59.936Z,12,46.22,17,OK,0.1
2026-02-15T11:56:00.219Z,17,51.94,14,SATURATED,0.1
2026-02-15T11:56:00.291Z,14,61.86,10,SATURATED,0.1
2026-02-15T11:56:00.341Z,7,61.78,6,SATURATED,0.1
2026-02-15T11:56:00.391Z,7,61.76,5,SATURATED,0.1
2026-02-15T11:56:00.441Z,7,35.89,5,SATURATED,0.1
2026-02-15T11:56:00.491Z,7,30.13,5,SATURATED,0.1
2026-02-15T11:56:00.542Z,7,20.14,6,SATURATED,0.1
2026-02-15T11:56:00.593Z,7,20.31,7,SATURATED,0.1
2026-02-15T11:56:00.644Z,7,20.33,8,OK,0.1
2026-02-15T11:56:00.694Z,7,20.47,9,OK,0.1
2026-02-15T11:56:00.745Z,6,20.60,10,OK,0.1
2026-02-15T11:56:00.795Z,7,20.41,11,OK,0.1
2026-02-15T11:56:00.846Z,7,20.48,12,OK,0.1
2026-02-15T11:56:00.897Z,7,20.52,13,OK,0.1
2026-02-15T11:56:00.950Z,9,20.80,14,OK,0.1
2026-02-15T11:56:01.112Z,14,21.06,15,OK,0.1
2026-02-15T11:56:01.162Z,10,21.69,16,OK,0.1
2026-02-15T11:56:01.365Z,16,48.11,13,SATURATED,0.1
2026-02-15T11:56:01.477Z,13,66.33,8,SATURATED,0.1
2026-02-15T11:56:01.527Z,11,65.96,5,SATURATED,0.1
2026-02-15T11:56:01.577Z,11,65.58,5,SATURATED,0.1
2026-02-15T11:56:01.628Z,11,65.07,5,SATURATED,0.1
2026-02-15T11:56:01.678Z,11,38.55,5,SATURATED,0.1
2026-02-15T11:56:01.729Z,11,20.28,6,SATURATED,0.1
2026-02-15T11:56:01.780Z,10,20.31,7,SATURATED,0.1
2026-02-15T11:56:01.830Z,10,20.29,8,SATURATED,0.1
2026-02-15T11:56:01.881Z,10,20.21,9,SATURATED,0.1
2026-02-15T11:56:01.931Z,10,20.20,10,SATURATED,0.1
2026-02-15T11:56:02.093Z,9,20.43,11,OK,0.1
2026-02-15T11:56:02.217Z,11,41.01,9,SATURATED,0.1
2026-02-15T11:56:02.392Z,8,61.92,5,SATURATED,0.1
2026-02-15T11:56:02.447Z,8,62.73,5,SATURATED,0.1
2026-02-15T11:56:02.498Z,8,62.67,5,SATURATED,0.1
2026-02-15T11:56:02.548Z,8,62.47,5,SATURATED,0.1
2026-02-15T11:56:02.598Z,8,41.94,5,SATURATED,0.1
2026-02-15T11:56:02.649Z,8,20.96,6,SATURATED,0.1
2026-02-15T11:56:02.698Z,8,20.13,7,SATURATED,0.1
2026-02-15T11:56:02.750Z,8,20.19,8,SATURATED,0.1
2026-02-15T11:56:02.800Z,7,20.13,9,OK,0.1
2026-02-15T11:56:02.850Z,7,20.15,10,OK,0.1
2026-02-15T11:56:02.900Z,7,20.02,11,OK,0.1
2026-02-15T11:56:02.951Z,7,20.11,12,OK,0.1
2026-02-15T11:56:03.192Z,7,60.61,8,OK,0.1
2026-02-15T11:56:03.260Z,8,60.20,5,SATURATED,0.1
2026-02-15T11:56:03.311Z,3,60.90,5,OK,0.1
2026-02-15T11:56:03.360Z,3,61.07,5,OK,0.1
2026-02-15T11:56:03.417Z,5,61.68,5,SATURATED,0.1
2026-02-15T11:56:03.478Z,5,19.10,6,OK,0.1
2026-02-15T11:56:03.711Z,6,52.30,5,SATURATED,0.1
2026-02-15T11:56:03.864Z,3,51.61,5,OK,0.1
2026-02-15T11:56:03.913Z,5,51.55,5,SATURATED,0.1
2026-02-15T11:56:03.964Z,5,50.92,5,SATURATED,0.1
2026-02-15T11:56:04.015Z,4,52.99,5,OK,0.1
2026-02-15T11:56:04.065Z,4,20.28,6,OK,0.1
2026-02-15T11:56:04.115Z,3,20.40,7,OK,0.1
2026-02-15T11:56:04.164Z,4,20.45,8,OK,0.1
2026-02-15T11:56:04.217Z,8,20.62,9,OK,0.1
2026-02-15T11:56:04.348Z,7,40.07,7,SATURATED,0.1
2026-02-15T11:56:04.398Z,7,40.00,5,SATURATED,0.1
2026-02-15T11:56:04.449Z,7,40.85,5,SATURATED,0.1
2026-02-15T11:56:04.498Z,7,41.08,5,SATURATED,0.1
2026-02-15T11:56:04.548Z,7,40.84,5,SATURATED,0.1
2026-02-15T11:56:04.599Z,7,21.42,6,SATURATED,0.1
2026-02-15T11:56:04.650Z,7,21.49,7,SATURATED,0.1
2026-02-15T11:56:04.708Z,7,22.46,8,OK,0.1
2026-02-15T11:56:04.758Z,7,22.32,9,OK,0.1
2026-02-15T11:56:04.809Z,7,22.41,10,OK,0.1
2026-02-15T11:56:04.860Z,7,22.39,11,OK,0.1
2026-02-15T11:56:05.010Z,9,45.41,8,SATURATED,0.1
2026-02-15T11:56:05.061Z,8,43.44,6,SATURATED,0.1
2026-02-15T11:56:05.111Z,8,43.39,5,SATURATED,0.1
2026-02-15T11:56:05.162Z,8,43.42,5,SATURATED,0.1
2026-02-15T11:56:05.213Z,8,43.36,5,SATURATED,0.1
2026-02-15T11:56:05.262Z,7,20.26,6,SATURATED,0.1
2026-02-15T11:56:05.313Z,7,20.27,7,SATURATED,0.1
2026-02-15T11:56:05.373Z,7,20.28,8,OK,0.1
2026-02-15T11:56:05.617Z,7,55.00,5,SATURATED,0.1
2026-02-15T11:56:05.667Z,7,59.99,5,SATURATED,0.1
2026-02-15T11:56:05.735Z,7,61.53,5,SATURATED,0.1
2026-02-15T11:56:05.786Z,7,64.20,5,SATURATED,0.1
2026-02-15T11:56:05.836Z,7,64.17,5,SATURATED,0.1
2026-02-15T11:56:05.886Z,5,29.45,5,SATURATED,0.1
2026-02-15T11:56:05.937Z,5,24.47,6,OK,0.1
2026-02-15T11:56:05.987Z,5,23.06,7,OK,0.1
2026-02-15T11:56:06.038Z,6,20.37,8,OK,0.1
2026-02-15T11:56:06.223Z,6,50.23,5,SATURATED,0.1
2026-02-15T11:56:06.275Z,5,46.55,5,SATURATED,0.1
2026-02-15T11:56:06.444Z,3,66.30,5,OK,0.1
2026-02-15T11:56:06.496Z,4,62.35,5,OK,0.1
2026-02-15T11:56:06.546Z,3,62.36,5,OK,0.1
2026-02-15T11:56:06.705Z,3,59.29,5,OK,0.1
2026-02-15T11:56:06.768Z,5,61.49,5,SATURATED,0.1
2026-02-15T11:56:06.896Z,5,60.64,5,SATURATED,0.1
2026-02-15T11:56:06.946Z,2,64.39,5,OK,0.1
2026-02-15T11:56:06.996Z,2,64.35,5,OK,0.1
2026-02-15T11:56:07.045Z,3,37.52,5,OK,0.1
2026-02-15T11:56:07.096Z,3,38.94,5,OK,0.1
2026-02-15T11:56:07.147Z,3,20.09,6,OK,0.1
2026-02-15T11:56:07.197Z,3,20.20,7,OK,0.1
2026-02-15T11:56:07.248Z,6,20.28,8,OK,0.1
2026-02-15T11:56:07.447Z,8,52.38,5,SATURATED,0.1
2026-02-15T11:56:07.497Z,5,52.73,5,SATURATED,0.1
2026-02-15T11:56:07.548Z,5,52.69,5,SATURATED,0.1
2026-02-15T11:56:07.598Z,5,52.70,5,SATURATED,0.1
2026-02-15T11:56:07.648Z,5,52.68,5,SATURATED,0.1
2026-02-15T11:56:07.699Z,5,20.69,6,OK,0.1
2026-02-15T11:56:07.756Z,6,20.51,7,OK,0.1
2026-02-15T11:56:07.839Z,7,22.67,8,OK,0.1
2026-02-15T11:56:08.037Z,6,48.19,5,SATURATED,0.1
2026-02-15T11:56:08.088Z,5,49.77,5,SATURATED,0.1
2026-02-15T11:56:08.138Z,5,49.70,5,SATURATED,0.1
2026-02-15T11:56:08.189Z,5,49.72,5,SATURATED,0.1
2026-02-15T11:56:08.239Z,5,47.58,5,SATURATED,0.1
2026-02-15T11:56:08.290Z,5,21.93,6,OK,0.1
2026-02-15T11:56:08.340Z,5,20.39,7,OK,0.1
2026-02-15T11:56:08.390Z,5,20.44,8,OK,0.1
2026-02-15T11:56:08.440Z,5,20.32,9,OK,0.1
2026-02-15T11:56:08.583Z,8,34.84,8,SATURATED,0.1
2026-02-15T11:56:08.822Z,7,68.69,5,SATURATED,0.1
2026-02-15T11:56:08.883Z,5,66.79,5,SATURATED,0.1
2026-02-15T11:56:08.934Z,5,66.71,5,SATURATED,0.1
2026-02-15T11:56:08.984Z,5,66.62,5,SATURATED,0.1
2026-02-15T11:56:09.035Z,4,52.16,5,OK,0.1
2026-02-15T11:56:09.085Z,5,18.80,6,OK,0.1
2026-02-15T11:56:09.135Z,5,20.72,7,OK,0.1
2026-02-15T11:56:09.185Z,5,20.85,8,OK,0.1
2026-02-15T11:56:09.236Z,5,20.86,9,OK,0.1
2026-02-15T11:56:09.294Z,9,22.59,10,OK,0.1
2026-02-15T11:56:09.344Z,3,22.27,11,OK,0.1
2026-02-15T11:56:09.394Z,5,22.18,12,OK,0.1
2026-02-15T11:56:09.445Z,5,22.18,13,OK,0.1
2026-02-15T11:56:09.614Z,5,41.97,11,OK,0.1
2026-02-15T11:56:09.664Z,5,40.14,9,OK,0.1
2026-02-15T11:56:09.715Z,5,40.13,7,OK,0.1
2026-02-15T11:56:09.764Z,6,40.25,5,SATURATED,0.1
2026-02-15T11:56:09.814Z,5,40.33,5,SATURATED,0.1
2026-02-15T11:56:09.874Z,5,20.95,6,OK,0.1
2026-02-15T11:56:09.924Z,5,20.94,7,OK,0.1
2026-02-15T11:56:09.974Z,5,20.88,8,OK,0.1
2026-02-15T11:56:10.025Z,5,20.89,9,OK,0.1
2026-02-15T11:56:10.092Z,9,20.86,10,OK,0.1
2026-02-15T11:56:10.143Z,8,25.28,9,OK,0.1
2026-02-15T11:56:10.360Z,7,61.95,5,SATURATED,0.1
2026-02-15T11:56:10.410Z,7,61.98,5,SATURATED,0.1
2026-02-15T11:56:10.461Z,6,61.90,5,SATURATED,0.1
2026-02-15T11:56:10.511Z,6,61.77,5,SATURATED,0.1
2026-02-15T11:56:10.561Z,6,57.01,5,SATURATED,0.1
2026-02-15T11:56:10.612Z,6,20.38,6,SATURATED,0.1
2026-02-15T11:56:10.662Z,6,20.38,7,OK,0.1
2026-02-15T11:56:10.711Z,6,20.32,8,OK,0.1
2026-02-15T11:56:10.762Z,6,20.30,9,OK,0.1
2026-02-15T11:56:10.889Z,9,40.39,7,SATURATED,0.1
2026-02-15T11:56:10.945Z,7,37.72,5,SATURATED,0.1
2026-02-15T11:56:10.996Z,6,33.85,5,SATURATED,0.1
2026-02-15T11:56:11.045Z,5,34.10,5,SATURATED,0.1
2026-02-15T11:56:11.096Z,5,34.19,5,SATURATED,0.1
2026-02-15T11:56:11.146Z,5,14.69,6,OK,0.1
2026-02-15T11:56:11.197Z,5,17.41,7,OK,0.1
2026-02-15T11:56:11.248Z,5,21.36,8,OK,0.1
2026-02-15T11:56:11.299Z,5,21.34,9,OK,0.1
2026-02-15T11:56:11.350Z,5,21.25,10,OK,0.1
2026-02-15T11:56:11.587Z,10,63.18,6,SATURATED,0.1
2026-02-15T11:56:11.639Z,6,63.15,5,SATURATED,0.1
2026-02-15T11:56:11.690Z,6,63.05,5,SATURATED,0.1
2026-02-15T11:56:11.741Z,6,62.87,5,SATURATED,0.1
2026-02-15T11:56:11.791Z,5,62.87,5,SATURATED,0.1
2026-02-15T11:56:11.842Z,5,20.35,6,OK,0.1
2026-02-15T11:56:12.007Z,5,47.70,5,SATURATED,0.1
2026-02-15T11:56:12.085Z,5,49.26,5,SATURATED,0.1
2026-02-15T11:56:12.244Z,5,73.00,5,SATURATED,0.1
2026-02-15T11:56:12.295Z,4,73.04,5,OK,0.1
2026-02-15T11:56:12.346Z,4,73.07,5,OK,0.1
2026-02-15T11:56:12.500Z,4,68.26,5,OK,0.1
2026-02-15T11:56:12.550Z,4,66.78,5,OK,0.1
2026-02-15T11:56:12.600Z,5,42.99,5,SATURATED,0.1
2026-02-15T11:56:12.650Z,5,42.95,5,SATURATED,0.1
2026-02-15T11:56:12.700Z,5,42.81,5,SATURATED,0.1
2026-02-15T11:56:12.749Z,5,20.26,6,OK,0.1
2026-02-15T11:56:12.799Z,5,20.20,7,OK,0.1
2026-02-15T11:56:12.850Z,5,20.21,8,OK,0.1
2026-02-15T11:56:12.969Z,5,29.96,7,OK,0.1
2026-02-15T11:56:13.055Z,7,31.68,6,SATURATED,0.1
2026-02-15T11:56:13.150Z,6,36.59,5,SATURATED,0.1
2026-02-15T11:56:13.209Z,5,44.34,5,SATURATED,0.1
2026-02-15T11:56:13.268Z,5,44.18,5,SATURATED,0.1
2026-02-15T11:56:13.318Z,5,34.29,5,SATURATED,0.1
2026-02-15T11:56:13.368Z,5,32.74,5,SATURATED,0.1
2026-02-15T11:56:13.418Z,4,27.72,5,OK,0.1
2026-02-15T11:56:13.468Z,4,19.86,6,OK,0.1
2026-02-15T11:56:13.520Z,6,20.03,7,OK,0.1
2026-02-15T11:56:13.571Z,5,20.37,8,OK,0.1
2026-02-15T11:56:13.719Z,7,44.67,6,SATURATED,0.1
2026-02-15T11:56:13.768Z,4,44.84,5,OK,0.1
2026-02-15T11:56:13.819Z,5,44.95,5,SATURATED,0.1
2026-02-15T11:56:13.870Z,5,45.00,5,SATURATED,0.1
2026-02-15T11:56:13.920Z,5,44.80,5,SATURATED,0.1
2026-02-15T11:56:13.969Z,5,20.37,6,OK,0.1
2026-02-15T11:56:14.019Z,5,20.29,7,OK,0.1
2026-02-15T11:56:14.071Z,6,20.44,8,OK,0.1
2026-02-15T11:56:14.292Z,8,56.69,5,SATURATED,0.1
2026-02-15T11:56:14.381Z,5,60.44,5,SATURATED,0.1
2026-02-15T11:56:14.556Z,5,81.44,5,SATURATED,0.1
2026-02-15T11:56:14.672Z,4,100.38,5,OK,0.1
2026-02-15T11:56:14.723Z,4,100.21,5,OK,0.1
2026-02-15T11:56:14.773Z,3,63.85,5,OK,0.1
2026-02-15T11:56:14.824Z,4,60.12,5,OK,0.1
2026-02-15T11:56:14.875Z,4,39.29,5,OK,0.1
2026-02-15T11:56:14.925Z,4,20.31,6,OK,0.1
2026-02-15T11:56:14.975Z,4,20.30,7,OK,0.1
2026-02-15T11:56:15.025Z,4,20.30,8,OK,0.1
2026-02-15T11:56:15.076Z,6,20.31,9,OK,0.1
2026-02-15T11:56:15.126Z,5,20.15,10,OK,0.1
2026-02-15T11:56:15.176Z,5,20.12,11,OK,0.1
2026-02-15T11:56:15.226Z,5,20.15,12,OK,0.1
2026-02-15T11:56:15.277Z,5,20.29,13,OK,0.1
2026-02-15T11:56:15.739Z,13,98.62,5,SATURATED,0.1
2026-02-15T11:56:15.839Z,6,114.08,5,SATURATED,0.1
2026-02-15T11:56:15.889Z,4,114.06,5,OK,0.1
2026-02-15T11:56:15.939Z,4,114.07,5,OK,0.1
2026-02-15T11:56:15.990Z,4,114.02,5,OK,0.1
2026-02-15T11:56:16.040Z,5,35.65,5,SATURATED,0.1
2026-02-15T11:56:16.220Z,4,33.91,5,OK,0.1
2026-02-15T11:56:16.401Z,4,33.99,5,OK,0.1
2026-02-15T11:56:16.452Z,4,37.93,5,OK,0.1
2026-02-15T11:56:16.501Z,4,37.96,5,OK,0.1
2026-02-15T11:56:16.551Z,4,38.04,5,OK,0.1
2026-02-15T11:56:16.602Z,4,24.36,6,OK,0.1
2026-02-15T11:56:16.652Z,4,24.37,7,OK,0.1
2026-02-15T11:56:16.702Z,4,20.48,8,OK,0.1
2026-02-15T11:56:16.761Z,8,20.33,9,OK,0.1
2026-02-15T11:56:16.987Z,9,51.62,6,SATURATED,0.1
2026-02-15T11:56:17.213Z,6,82.77,5,SATURATED,0.1
2026-02-15T11:56:17.263Z,3,82.93,5,OK,0.1
2026-02-15T11:56:17.405Z,3,97.21,5,OK,0.1
2026-02-15T11:56:17.468Z,5,97.31,5,SATURATED,0.1
2026-02-15T11:56:17.518Z,1,65.96,5,OK,0.1
2026-02-15T11:56:17.569Z,2,34.83,5,OK,0.1
2026-02-15T11:56:17.619Z,1,34.60,5,OK,0.1
2026-02-15T11:56:17.668Z,2,20.26,6,OK,0.1
2026-02-15T11:56:17.718Z,1,20.38,7,OK,0.1
2026-02-15T11:56:17.871Z,5,20.52,8,OK,0.1
2026-02-15T11:56:17.921Z,2,22.61,9,OK,0.1
2026-02-15T11:56:17.982Z,8,22.67,10,OK,0.1
2026-02-15T11:56:18.033Z,4,23.42,11,OK,0.1
2026-02-15T11:56:18.083Z,4,23.15,12,OK,0.1
2026-02-15T11:56:18.312Z,7,63.41,8,OK,0.1
2026-02-15T11:56:18.426Z,7,70.05,5,SATURATED,0.1
2026-02-15T11:56:18.477Z,5,69.99,5,SATURATED,0.1
2026-02-15T11:56:18.526Z,5,69.23,5,SATURATED,0.1
2026-02-15T11:56:18.577Z,5,69.38,5,SATURATED,0.1
2026-02-15T11:56:18.627Z,5,29.10,5,SATURATED,0.1
2026-02-15T11:56:18.677Z,5,20.35,6,OK,0.1
2026-02-15T11:56:18.728Z,5,20.41,7,OK,0.1
2026-02-15T11:56:18.994Z,5,42.96,5,SATURATED,0.1
2026-02-15T11:56:19.061Z,5,42.30,5,SATURATED,0.1
2026-02-15T11:56:19.112Z,5,42.23,5,SATURATED,0.1
2026-02-15T11:56:19.162Z,5,42.24,5,SATURATED,0.1
2026-02-15T11:56:19.211Z,5,42.16,5,SATURATED,0.1
2026-02-15T11:56:19.261Z,4,19.79,6,OK,0.1
2026-02-15T11:56:19.312Z,4,20.48,7,OK,0.1
2026-02-15T11:56:19.668Z,7,77.58,5,SATURATED,0.1
2026-02-15T11:56:19.778Z,4,85.52,5,OK,0.1
2026-02-15T11:56:19.829Z,3,85.56,5,OK,0.1
2026-02-15T11:56:19.880Z,3,85.41,5,OK,0.1
2026-02-15T11:56:19.930Z,3,85.34,5,OK,0.1
2026-02-15T11:56:19.980Z,2,28.19,5,OK,0.1
2026-02-15T11:56:20.144Z,2,38.99,5,OK,0.1
2026-02-15T11:56:20.368Z,4,79.68,5,OK,0.1
2026-02-15T11:56:20.418Z,1,79.65,5,OK,0.1
2026-02-15T11:56:20.469Z,1,79.75,5,OK,0.1
2026-02-15T11:56:20.520Z,1,79.71,5,OK,0.1
2026-02-15T11:56:20.570Z,1,60.98,5,OK,0.1
2026-02-15T11:56:20.620Z,1,20.28,6,OK,0.1
2026-02-15T11:56:20.671Z,2,20.30,7,OK,0.1
2026-02-15T11:56:20.918Z,6,64.25,5,SATURATED,0.1
2026-02-15T11:56:21.024Z,4,71.44,5,OK,0.1
2026-02-15T11:56:21.075Z,1,71.47,5,OK,0.1
2026-02-15T11:56:21.124Z,1,71.52,5,OK,0.1
2026-02-15T11:56:21.323Z,1,106.56,5,OK,0.1
2026-02-15T11:56:21.470Z,5,77.90,5,SATURATED,0.1
2026-02-15T11:56:21.521Z,2,70.67,5,OK,0.1
2026-02-15T11:56:21.570Z,2,70.64,5,OK,0.1
2026-02-15T11:56:21.620Z,2,70.63,5,OK,0.1
2026-02-15T11:56:21.671Z,2,35.54,5,OK,0.1
2026-02-15T11:56:21.721Z,2,20.15,6,OK,0.1
2026-02-15T11:56:21.772Z,2,20.28,7,OK,0.1
2026-02-15T11:56:21.822Z,2,20.29,8,OK,0.1
2026-02-15T11:56:21.873Z,2,20.33,9,OK,0.1
2026-02-15T11:56:21.935Z,9,21.61,10,OK,0.1
2026-02-15T11:56:22.190Z,10,58.60,6,SATURATED,0.1
2026-02-15T11:56:22.293Z,6,65.09,5,SATURATED,0.1
2026-02-15T11:56:22.344Z,2,65.08,5,OK,0.1
2026-02-15T11:56:22.393Z,2,65.03,5,OK,0.1
2026-02-15T11:56:22.444Z,2,63.78,5,OK,0.1
2026-02-15T11:56:22.708Z,3,65.58,5,OK,0.1
2026-02-15T11:56:22.762Z,5,55.78,5,SATURATED,0.1
2026-02-15T11:56:22.812Z,4,55.77,5,OK,0.1
2026-02-15T11:56:22.863Z,4,55.81,5,OK,0.1
2026-02-15T11:56:22.913Z,4,55.86,5,OK,0.1
2026-02-15T11:56:23.129Z,5,17.47,6,OK,0.1
2026-02-15T11:56:23.178Z,5,20.79,7,OK,0.1
2026-02-15T11:56:23.238Z,7,21.08,8,OK,0.1
2026-02-15T11:56:23.294Z,8,22.58,9,OK,0.1
2026-02-15T11:56:23.344Z,7,22.65,10,OK,0.1
2026-02-15T11:56:23.394Z,7,22.28,11,OK,0.1
2026-02-15T11:56:23.444Z,6,22.22,12,OK,0.1
2026-02-15T11:56:23.494Z,6,21.96,13,OK,0.1
2026-02-15T11:56:23.544Z,6,20.43,14,OK,0.1
2026-02-15T11:56:23.594Z,6,20.32,15,OK,0.1
2026-02-15T11:56:23.644Z,6,20.34,16,OK,0.1
2026-02-15T11:56:23.694Z,6,20.33,17,OK,0.1
2026-02-15T11:56:24.104Z,15,21.03,18,OK,0.1
2026-02-15T11:56:24.527Z,18,101.55,10,SATURATED,0.1
2026-02-15T11:56:24.635Z,7,109.09,5,SATURATED,0.1
2026-02-15T11:56:24.685Z,6,109.09,5,SATURATED,0.1
2026-02-15T11:56:24.736Z,5,109.05,5,SATURATED,0.1
2026-02-15T11:56:24.786Z,5,108.31,5,SATURATED,0.1
2026-02-15T11:56:24.837Z,5,27.80,5,SATURATED,0.1
2026-02-15T11:56:24.887Z,5,20.20,6,OK,0.1
2026-02-15T11:56:24.938Z,5,20.16,7,OK,0.1
2026-02-15T11:56:24.988Z,6,20.16,8,OK,0.1
2026-02-15T11:56:25.038Z,6,20.23,9,OK,0.1
2026-02-15T11:56:25.089Z,6,20.22,10,OK,0.1
2026-02-15T11:56:25.248Z,9,44.00,8,SATURATED,0.1
2026-02-15T11:56:25.445Z,6,69.37,5,SATURATED,0.1
2026-02-15T11:56:25.496Z,4,69.40,5,OK,0.1
2026-02-15T11:56:25.546Z,5,69.28,5,SATURATED,0.1
2026-02-15T11:56:25.597Z,5,69.90,5,SATURATED,0.1
2026-02-15T11:56:25.654Z,5,43.73,5,SATURATED,0.1
2026-02-15T11:56:25.703Z,5,18.33,6,OK,0.1
2026-02-15T11:56:25.959Z,5,63.20,5,SATURATED,0.1
2026-02-15T11:56:26.011Z,4,63.21,5,OK,0.1
2026-02-15T11:56:26.062Z,5,62.59,5,SATURATED,0.1
2026-02-15T11:56:26.111Z,5,65.02,5,SATURATED,0.1
2026-02-15T11:56:26.162Z,5,65.07,5,SATURATED,0.1
2026-02-15T11:56:26.212Z,5,20.22,6,OK,0.1
2026-02-15T11:56:26.262Z,5,20.26,7,OK,0.1
2026-02-15T11:56:26.313Z,5,20.29,8,OK,0.1
2026-02-15T11:56:26.364Z,4,20.28,9,OK,0.1
2026-02-15T11:56:26.415Z,4,20.29,10,OK,0.1
2026-02-15T11:56:26.582Z,6,20.29,11,OK,0.1
2026-02-15T11:56:26.760Z,11,51.78,8,SATURATED,0.1
2026-02-15T11:56:26.829Z,8,51.30,5,SATURATED,0.1
2026-02-15T11:56:26.879Z,6,51.37,5,SATURATED,0.1
2026-02-15T11:56:26.929Z,6,51.37,5,SATURATED,0.1
2026-02-15T11:56:26.979Z,6,51.28,5,SATURATED,0.1
2026-02-15T11:56:27.030Z,5,19.71,6,OK,0.1
2026-02-15T11:56:27.081Z,5,20.34,7,OK,0.1
2026-02-15T11:56:27.308Z,6,59.28,5,SATURATED,0.1
2026-02-15T11:56:27.358Z,5,59.32,5,SATURATED,0.1
2026-02-15T11:56:27.409Z,5,59.46,5,SATURATED,0.1
2026-02-15T11:56:27.460Z,4,59.57,5,OK,0.1
2026-02-15T11:56:27.510Z,3,59.41,5,OK,0.1
2026-02-15T11:56:27.560Z,3,20.47,6,OK,0.1
2026-02-15T11:56:27.610Z,3,20.30,7,OK,0.1
2026-02-15T11:56:27.661Z,3,20.28,8,OK,0.1
2026-02-15T11:56:27.911Z,8,20.25,9,OK,0.1
2026-02-15T11:56:28.182Z,7,70.41,5,SATURATED,0.1
2026-02-15T11:56:28.232Z,3,70.34,5,OK,0.1
2026-02-15T11:56:28.283Z,3,70.44,5,OK,0.1
2026-02-15T11:56:28.503Z,5,88.27,5,SATURATED,0.1
2026-02-15T11:56:28.554Z,3,88.24,5,OK,0.1
2026-02-15T11:56:28.604Z,2,38.07,5,OK,0.1
2026-02-15T11:56:28.655Z,2,38.15,5,OK,0.1
2026-02-15T11:56:28.706Z,2,38.18,5,OK,0.1
2026-02-15T11:56:28.757Z,2,20.31,6,OK,0.1
2026-02-15T11:56:28.807Z,1,20.22,7,OK,0.1
2026-02-15T11:56:28.858Z,1,20.22,8,OK,0.1
2026-02-15T11:56:28.908Z,1,20.18,9,OK,0.1
2026-02-15T11:56:29.030Z,2,30.52,8,OK,0.1
2026-02-15T11:56:29.168Z,8,44.08,6,SATURATED,0.1
2026-02-15T11:56:29.558Z,6,108.13,5,SATURATED,0.1
2026-02-15T11:56:29.736Z,4,129.66,5,OK,0.4
2026-02-15T11:56:29.786Z,3,129.66,5,OK,0.4
2026-02-15T11:56:29.837Z,3,119.33,5,OK,0.1
2026-02-15T11:56:29.888Z,3,105.81,5,OK,0.1
2026-02-15T11:56:29.939Z,3,42.18,5,OK,0.1
2026-02-15T11:56:29.990Z,3,20.66,6,OK,0.1
2026-02-15T11:56:30.040Z,3,20.66,7,OK,0.1
2026-02-15T11:56:30.090Z,3,20.69,8,OK,0.1
2026-02-15T11:56:30.140Z,3,20.68,9,OK,0.1
2026-02-15T11:56:30.373Z,9,39.20,7,SATURATED,0.1
2026-02-15T11:56:30.494Z,6,49.32,5,SATURATED,0.1
2026-02-15T11:56:30.545Z,4,49.38,5,OK,0.1
2026-02-15T11:56:30.600Z,5,54.23,5,SATURATED,0.1
2026-02-15T11:56:30.953Z,5,110.76,5,SATURATED,0.1
2026-02-15T11:56:31.004Z,4,91.92,5,OK,0.1
2026-02-15T11:56:31.055Z,4,81.80,5,OK,0.1
2026-02-15T11:56:31.105Z,4,81.78,5,OK,0.1
2026-02-15T11:56:31.155Z,4,76.89,5,OK,0.1
2026-02-15T11:56:31.205Z,3,20.27,6,OK,0.1
2026-02-15T11:56:31.256Z,3,20.30,7,OK,0.1
2026-02-15T11:56:31.307Z,3,20.29,8,OK,0.1
2026-02-15T11:56:31.358Z,3,20.24,9,OK,0.1
2026-02-15T11:56:31.527Z,9,23.35,10,OK,0.1
2026-02-15T11:56:31.627Z,10,39.08,8,SATURATED,0.1
2026-02-15T11:56:31.753Z,8,50.39,5,SATURATED,0.1
2026-02-15T11:56:31.803Z,5,50.30,5,SATURATED,0.1
2026-02-15T11:56:31.853Z,5,50.30,5,SATURATED,0.1
2026-02-15T11:56:31.904Z,5,47.25,5,SATURATED,0.1
2026-02-15T11:56:31.954Z,5,31.44,5,SATURATED,0.1
2026-02-15T11:56:32.004Z,5,20.21,6,OK,0.1
2026-02-15T11:56:32.053Z,5,20.33,7,OK,0.1
2026-02-15T11:56:32.104Z,5,20.38,8,OK,0.1
2026-02-15T11:56:32.155Z,5,20.33,9,OK,0.1
2026-02-15T11:56:32.316Z,6,45.57,6,SATURATED,0.1
2026-02-15T11:56:32.366Z,5,45.43,5,SATURATED,0.1
2026-02-15T11:56:32.416Z,5,46.03,5,SATURATED,0.1
2026-02-15T11:56:32.466Z,5,45.97,5,SATURATED,0.1
2026-02-15T11:56:32.517Z,4,45.84,5,OK,0.1
2026-02-15T11:56:32.676Z,4,47.73,5,OK,0.1
2026-02-15T11:56:32.795Z,5,57.49,5,SATURATED,0.1
2026-02-15T11:56:32.845Z,5,56.82,5,SATURATED,0.1
2026-02-15T11:56:32.895Z,5,56.84,5,SATURATED,0.1
2026-02-15T11:56:32.947Z,5,57.02,5,SATURATED,0.1
2026-02-15T11:56:33.002Z,5,33.01,5,SATURATED,0.1
2026-02-15T11:56:33.051Z,5,23.29,6,OK,0.1
2026-02-15T11:56:33.102Z,5,23.31,7,OK,0.1
2026-02-15T11:56:33.152Z,5,23.32,8,OK,0.1
2026-02-15T11:56:33.203Z,5,23.26,9,OK,0.1
2026-02-15T11:56:33.253Z,5,20.35,10,OK,0.1
2026-02-15T11:56:33.303Z,5,20.38,11,OK,0.1
2026-02-15T11:56:33.354Z,5,20.32,12,OK,0.1
2026-02-15T11:56:33.407Z,12,20.20,13,OK,0.1
2026-02-15T11:56:33.547Z,12,44.00,11,SATURATED,0.1
2026-02-15T11:56:33.596Z,5,43.98,9,OK,0.1
2026-02-15T11:56:33.646Z,5,43.93,7,OK,0.1
2026-02-15T11:56:33.895Z,7,64.66,5,SATURATED,0.1
2026-02-15T11:56:34.017Z,5,75.12,5,SATURATED,0.1
2026-02-15T11:56:34.068Z,5,51.11,5,SATURATED,0.1
2026-02-15T11:56:34.117Z,5,51.11,5,SATURATED,0.1
2026-02-15T11:56:34.168Z,5,51.10,5,SATURATED,0.1
2026-02-15T11:56:34.219Z,5,30.48,5,SATURATED,0.1
2026-02-15T11:56:34.269Z,5,20.19,6,OK,0.1
2026-02-15T11:56:34.319Z,5,20.41,7,OK,0.1
2026-02-15T11:56:34.470Z,5,45.18,5,SATURATED,0.1
2026-02-15T11:56:34.520Z,5,44.95,5,SATURATED,0.1
2026-02-15T11:56:34.571Z,5,44.86,5,SATURATED,0.1
2026-02-15T11:56:34.621Z,5,44.78,5,SATURATED,0.1
2026-02-15T11:56:34.672Z,5,44.72,5,SATURATED,0.1
2026-02-15T11:56:34.722Z,4,19.99,6,OK,0.1
2026-02-15T11:56:34.773Z,4,20.25,7,OK,0.1
2026-02-15T11:56:34.824Z,4,20.34,8,OK,0.1
2026-02-15T11:56:34.875Z,4,20.39,9,OK,0.1
2026-02-15T11:56:35.174Z,8,45.82,6,SATURATED,0.1
2026-02-15T11:56:35.369Z,6,70.73,5,SATURATED,0.1
2026-02-15T11:56:35.420Z,0,70.61,5,OK,0.1
2026-02-15T11:56:35.471Z,0,70.47,5,OK,0.1
2026-02-15T11:56:35.667Z,3,95.59,5,OK,0.1
2026-02-15T11:56:35.718Z,0,70.18,5,OK,0.1
2026-02-15T11:56:35.768Z,0,45.23,5,OK,0.1
2026-02-15T11:56:35.818Z,0,45.35,5,OK,0.1
2026-02-15T11:56:35.869Z,0,45.46,5,OK,0.1
2026-02-15T11:56:35.920Z,1,20.32,6,OK,0.1
2026-02-15T11:56:35.970Z,2,20.27,7,OK,0.1
2026-02-15T11:56:36.020Z,2,20.34,8,OK,0.1
2026-02-15T11:56:36.070Z,2,20.33,9,OK,0.1
2026-02-15T11:56:36.121Z,2,20.32,10,OK,0.1
2026-02-15T11:56:36.352Z,2,20.29,11,OK,0.1
2026-02-15T11:56:37.009Z,11,147.62,5,SATURATED,0.4
2026-02-15T11:56:37.059Z,4,143.50,5,OK,0.4
2026-02-15T11:56:37.110Z,4,143.45,5,OK,0.4
2026-02-15T11:56:37.161Z,4,143.45,5,OK,0.4
2026-02-15T11:56:37.211Z,4,143.49,5,OK,0.4
2026-02-15T11:56:37.262Z,4,16.30,6,OK,0.1
2026-02-15T11:56:37.312Z,4,20.38,7,OK,0.1
2026-02-15T11:56:37.363Z,4,20.45,8,OK,0.1
2026-02-15T11:56:37.414Z,4,20.51,9,OK,0.1
2026-02-15T11:56:37.465Z,4,20.54,10,OK,0.1
2026-02-15T11:56:37.515Z,4,20.47,11,OK,0.1
2026-02-15T11:56:37.565Z,4,20.48,12,OK,0.1
2026-02-15T11:56:37.615Z,4,20.45,13,OK,0.1
2026-02-15T11:56:37.665Z,4,20.38,14,OK,0.1
2026-02-15T11:56:37.715Z,4,20.35,15,OK,0.1
2026-02-15T11:56:37.765Z,4,20.32,16,OK,0.1
2026-02-15T11:56:37.815Z,4,20.26,17,OK,0.1
2026-02-15T11:56:37.865Z,4,20.27,18,OK,0.1
2026-02-15T11:56:38.046Z,8,48.87,15,OK,0.1
2026-02-15T11:56:38.479Z,15,121.42,5,SATURATED,0.1
2026-02-15T11:56:38.530Z,5,121.41,5,SATURATED,0.1
2026-02-15T11:56:38.581Z,5,121.42,5,SATURATED,0.1
2026-02-15T11:56:38.631Z,5,121.40,5,SATURATED,0.1
2026-02-15T11:56:38.681Z,5,92.90,5,SATURATED,0.1
2026-02-15T11:56:38.732Z,5,20.33,6,OK,0.1
2026-02-15T11:56:38.782Z,5,20.35,7,OK,0.1
2026-02-15T11:56:38.833Z,5,20.35,8,OK,0.1
2026-02-15T11:56:38.885Z,4,20.59,9,OK,0.1
2026-02-15T11:56:38.935Z,4,20.49,10,OK,0.1
2026-02-15T11:56:38.986Z,4,20.53,11,OK,0.1
2026-02-15T11:56:39.036Z,4,20.54,12,OK,0.1
2026-02-15T11:56:39.086Z,3,20.50,13,OK,0.1
2026-02-15T11:56:39.136Z,3,20.22,14,OK,0.1
2026-02-15T11:56:39.187Z,3,20.22,15,OK,0.1
2026-02-15T11:56:39.237Z,3,20.27,16,OK,0.1
2026-02-15T11:56:39.518Z,8,20.28,17,OK,0.1
2026-02-15T11:56:39.923Z,17,97.08,9,SATURATED,0.1
2026-02-15T11:56:39.974Z,0,97.09,5,OK,0.1
2026-02-15T11:56:40.025Z,0,97.10,5,OK,0.1
2026-02-15T11:56:40.075Z,1,97.02,5,OK,0.1
2026-02-15T11:56:40.126Z,1,97.04,5,OK,0.1
2026-02-15T11:56:40.176Z,1,20.32,6,OK,0.1
2026-02-15T11:56:40.225Z,1,20.38,7,OK,0.1
2026-02-15T11:56:40.276Z,1,20.41,8,OK,0.1
2026-02-15T11:56:40.326Z,1,20.45,9,OK,0.1
2026-02-15T11:56:40.377Z,1,20.49,10,OK,0.1
2026-02-15T11:56:40.426Z,1,20.50,11,OK,0.1
2026-02-15T11:56:40.476Z,1,20.47,12,OK,0.1
2026-02-15T11:56:40.677Z,1,20.48,13,OK,0.1
2026-02-15T11:56:40.771Z,5,35.24,11,OK,0.1
2026-02-15T11:56:40.936Z,10,60.06,7,SATURATED,0.1
2026-02-15T11:56:41.290Z,7,116.75,5,SATURATED,0.1
2026-02-15T11:56:41.340Z,2,116.72,5,OK,0.1
2026-02-15T11:56:41.390Z,2,116.66,5,OK,0.1
2026-02-15T11:56:41.440Z,2,101.92,5,OK,0.1
2026-02-15T11:56:41.491Z,2,77.02,5,OK,0.1
2026-02-15T11:56:41.542Z,2,20.32,6,OK,0.1
2026-02-15T11:56:41.593Z,2,20.37,7,OK,0.1
2026-02-15T11:56:41.643Z,2,20.40,8,OK,0.1
2026-02-15T11:56:41.694Z,2,20.41,9,OK,0.1
2026-02-15T11:56:41.744Z,2,20.42,10,OK,0.1
2026-02-15T11:56:41.794Z,3,20.31,11,OK,0.1
2026-02-15T11:56:41.845Z,3,20.31,12,OK,0.1
2026-02-15T11:56:41.894Z,3,20.34,13,OK,0.1
2026-02-15T11:56:41.952Z,10,21.25,14,OK,0.1
2026-02-15T11:56:42.099Z,13,36.59,12,SATURATED,0.1
2026-02-15T11:56:42.149Z,12,32.59,11,SATURATED,0.1
2026-02-15T11:56:42.199Z,11,33.22,10,SATURATED,0.1
2026-02-15T11:56:42.250Z,11,33.39,9,SATURATED,0.1
2026-02-15T11:56:42.303Z,11,33.70,8,SATURATED,0.1
2026-02-15T11:56:42.353Z,11,18.34,9,SATURATED,0.1
2026-02-15T11:56:42.403Z,11,22.39,10,SATURATED,0.1
2026-02-15T11:56:42.454Z,11,21.73,11,SATURATED,0.1
2026-02-15T11:56:42.504Z,11,21.52,12,OK,0.1
2026-02-15T11:56:42.554Z,11,20.18,13,OK,0.1
2026-02-15T11:56:42.604Z,11,20.21,14,OK,0.1
2026-02-15T11:56:42.655Z,11,20.24,15,OK,0.1
2026-02-15T11:56:42.706Z,12,20.36,16,OK,0.1
2026-02-15T11:56:42.756Z,12,20.36,17,OK,0.1
2026-02-15T11:56:42.917Z,14,45.34,14,SATURATED,0.1
2026-02-15T11:56:42.968Z,12,45.31,11,SATURATED,0.1
2026-02-15T11:56:43.017Z,12,45.24,8,SATURATED,0.1
2026-02-15T11:56:43.067Z,12,45.18,5,SATURATED,0.1
2026-02-15T11:56:43.117Z,12,45.42,5,SATURATED,0.1
2026-02-15T11:56:43.167Z,12,20.70,6,SATURATED,0.1
2026-02-15T11:56:43.223Z,12,22.66,7,SATURATED,0.1
2026-02-15T11:56:43.285Z,12,24.36,8,SATURATED,0.1
2026-02-15T11:56:43.335Z,11,24.45,9,SATURATED,0.1
2026-02-15T11:56:43.385Z,11,24.18,10,SATURATED,0.1
2026-02-15T11:56:43.435Z,11,23.99,11,SATURATED,0.1
2026-02-15T11:56:43.486Z,11,22.03,12,OK,0.1
2026-02-15T11:56:43.537Z,11,20.38,13,OK,0.1
2026-02-15T11:56:43.587Z,11,20.21,14,OK,0.1
2026-02-15T11:56:43.638Z,11,20.32,15,OK,0.1
2026-02-15T11:56:43.688Z,11,20.34,16,OK,0.1
2026-02-15T11:56:43.739Z,11,20.31,17,OK,0.1
2026-02-15T11:56:43.788Z,10,20.37,18,OK,0.1
2026-02-15T11:56:43.839Z,10,20.52,19,OK,0.1
2026-02-15T11:56:43.890Z,10,20.46,20,OK,0.1
2026-02-15T11:56:43.940Z,10,20.51,21,OK,0.1
2026-02-15T11:56:43.990Z,10,20.65,22,OK,0.1
2026-02-15T11:56:44.041Z,10,20.66,23,OK,0.1
2026-02-15T11:56:44.091Z,10,20.57,24,OK,0.1
2026-02-15T11:56:44.269Z,9,42.29,22,OK,0.1
2026-02-15T11:56:44.592Z,22,102.68,14,SATURATED,0.1
2026-02-15T11:56:44.852Z,8,140.54,5,SATURATED,0.4
2026-02-15T11:56:44.902Z,3,140.45,5,OK,0.4
2026-02-15T11:56:44.953Z,3,140.76,5,OK,0.4
2026-02-15T11:56:45.116Z,3,147.16,5,OK,0.4
2026-02-15T11:56:45.167Z,3,86.70,5,OK,0.1
2026-02-15T11:56:45.217Z,3,48.79,5,OK,0.1
2026-02-15T11:56:45.462Z,3,48.83,5,OK,0.1
2026-02-15T11:56:45.544Z,5,48.92,5,SATURATED,0.1
2026-02-15T11:56:45.827Z,5,63.11,5,SATURATED,0.1
2026-02-15T11:56:45.931Z,5,80.00,5,SATURATED,0.1
2026-02-15T11:56:45.981Z,4,79.95,5,OK,0.1
2026-02-15T11:56:46.032Z,4,79.81,5,OK,0.1
2026-02-15T11:56:46.082Z,4,79.27,5,OK,0.1
2026-02-15T11:56:46.133Z,5,36.86,5,SATURATED,0.1
2026-02-15T11:56:46.182Z,5,19.95,6,OK,0.1
2026-02-15T11:56:46.232Z,5,19.95,7,OK,0.1
2026-02-15T11:56:46.282Z,4,20.07,8,OK,0.1
2026-02-15T11:56:46.333Z,4,20.15,9,OK,0.1
2026-02-15T11:56:46.383Z,4,20.21,10,OK,0.1
2026-02-15T11:56:46.434Z,4,20.26,11,OK,0.1
2026-02-15T11:56:46.598Z,4,32.54,10,OK,0.1
2026-02-15T11:56:46.776Z,9,54.10,7,SATURATED,0.1
2026-02-15T11:56:46.943Z,7,73.46,5,SATURATED,0.1
2026-02-15T11:56:47.077Z,5,86.20,5,SATURATED,0.1
2026-02-15T11:56:47.128Z,5,86.18,5,SATURATED,0.1
2026-02-15T11:56:47.178Z,5,73.91,5,SATURATED,0.1
2026-02-15T11:56:47.228Z,5,52.38,5,SATURATED,0.1
2026-02-15T11:56:47.280Z,5,33.02,5,SATURATED,0.1
2026-02-15T11:56:47.330Z,5,20.18,6,OK,0.1
2026-02-15T11:56:47.381Z,5,20.22,7,OK,0.1
2026-02-15T11:56:47.432Z,5,20.22,8,OK,0.1
2026-02-15T11:56:47.482Z,5,20.14,9,OK,0.1
2026-02-15T11:56:47.532Z,4,20.08,10,OK,0.1
2026-02-15T11:56:47.583Z,4,20.21,11,OK,0.1
2026-02-15T11:56:47.633Z,4,20.05,12,OK,0.1
2026-02-15T11:56:47.682Z,4,20.04,13,OK,0.1
2026-02-15T11:56:47.732Z,4,20.16,14,OK,0.1
2026-02-15T11:56:47.810Z,14,21.91,15,OK,0.1
2026-02-15T11:56:47.861Z,8,21.98,16,OK,0.1
2026-02-15T11:56:47.912Z,8,22.11,17,OK,0.1
2026-02-15T11:56:48.145Z,9,41.34,15,OK,0.1
2026-02-15T11:56:48.326Z,15,63.42,11,SATURATED,0.1
2026-02-15T11:56:48.377Z,8,61.71,7,SATURATED,0.1
2026-02-15T11:56:48.428Z,8,61.60,5,SATURATED,0.1
2026-02-15T11:56:48.479Z,8,61.58,5,SATURATED,0.1
2026-02-15T11:56:48.529Z,8,42.27,5,SATURATED,0.1
2026-02-15T11:56:48.579Z,8,20.17,6,SATURATED,0.1
2026-02-15T11:56:48.630Z,7,20.06,7,SATURATED,0.1
2026-02-15T11:56:48.681Z,7,20.08,8,OK,0.1
2026-02-15T11:56:48.732Z,7,20.09,9,OK,0.1
2026-02-15T11:56:48.976Z,6,39.87,7,OK,0.1
2026-02-15T11:56:49.026Z,5,39.87,5,SATURATED,0.1
2026-02-15T11:56:49.077Z,5,40.01,5,SATURATED,0.1
2026-02-15T11:56:49.128Z,5,40.04,5,SATURATED,0.1
2026-02-15T11:56:49.177Z,5,39.90,5,SATURATED,0.1
2026-02-15T11:56:49.230Z,5,20.35,6,OK,0.1
2026-02-15T11:56:49.300Z,6,25.74,5,SATURATED,0.1
2026-02-15T11:56:49.357Z,6,23.30,6,SATURATED,0.1
2026-02-15T11:56:49.407Z,6,23.29,7,OK,0.1
2026-02-15T11:56:49.457Z,6,23.44,8,OK,0.1
2026-02-15T11:56:49.507Z,6,23.27,9,OK,0.1
2026-02-15T11:56:49.558Z,7,17.85,10,OK,0.1
2026-02-15T11:56:49.608Z,7,20.34,11,OK,0.1
2026-02-15T11:56:49.659Z,7,20.33,12,OK,0.1
2026-02-15T11:56:49.709Z,7,20.40,13,OK,0.1
2026-02-15T11:56:49.759Z,7,20.42,14,OK,0.1
2026-02-15T11:56:49.810Z,5,20.53,15,OK,0.1
2026-02-15T11:56:49.860Z,3,20.53,16,OK,0.1
2026-02-15T11:56:49.910Z,3,20.56,17,OK,0.1
2026-02-15T11:56:49.961Z,3,20.52,18,OK,0.1
2026-02-15T11:56:50.104Z,6,43.67,16,OK,0.1
2026-02-15T11:56:50.237Z,16,56.09,12,SATURATED,0.1
2026-02-15T11:56:50.544Z,12,103.40,5,SATURATED,0.1
2026-02-15T11:56:50.662Z,5,112.90,5,SATURATED,0.1
2026-02-15T11:56:50.770Z,4,120.40,5,OK,0.1
2026-02-15T11:56:50.821Z,3,97.23,5,OK,0.1
2026-02-15T11:56:50.872Z,3,84.72,5,OK,0.1
2026-02-15T11:56:50.923Z,3,37.41,5,OK,0.1
2026-02-15T11:56:50.973Z,3,27.89,5,OK,0.1
2026-02-15T11:56:51.024Z,3,20.30,6,OK,0.1
2026-02-15T11:56:51.074Z,3,20.33,7,OK,0.1
2026-02-15T11:56:51.124Z,3,20.49,8,OK,0.1
2026-02-15T11:56:51.175Z,3,20.46,9,OK,0.1
2026-02-15T11:56:51.226Z,3,20.46,10,OK,0.1
2026-02-15T11:56:51.419Z,10,21.52,11,OK,0.1
2026-02-15T11:56:51.468Z,4,21.79,12,OK,0.1
2026-02-15T11:56:51.519Z,4,21.62,13,OK,0.1
2026-02-15T11:56:51.950Z,8,88.83,5,SATURATED,0.1
2026-02-15T11:56:51.788Z,5,70.51,8,OK,0.1
2026-02-15T11:56:52.001Z,4,87.79,5,OK,0.1
2026-02-15T11:56:52.052Z,4,87.51,5,OK,0.1
2026-02-15T11:56:52.102Z,4,87.48,5,OK,0.1
2026-02-15T11:56:52.279Z,5,67.69,5,SATURATED,0.1
2026-02-15T11:56:52.328Z,3,49.34,5,OK,0.1
2026-02-15T11:56:52.379Z,3,49.36,5,OK,0.1
2026-02-15T11:56:52.457Z,5,49.70,5,SATURATED,0.1
2026-02-15T11:56:52.506Z,3,52.93,5,OK,0.1
2026-02-15T11:56:52.556Z,3,23.81,6,OK,0.1
2026-02-15T11:56:52.607Z,3,23.84,7,OK,0.1
2026-02-15T11:56:52.657Z,3,23.85,8,OK,0.1
2026-02-15T11:56:52.708Z,3,23.70,9,OK,0.1
2026-02-15T11:56:52.758Z,3,20.47,10,OK,0.1
2026-02-15T11:56:52.812Z,9,20.43,11,OK,0.1
2026-02-15T11:56:53.174Z,11,78.75,5,SATURATED,0.1
2026-02-15T11:56:53.277Z,3,85.28,5,OK,0.1
2026-02-15T11:56:53.419Z,5,99.45,5,SATURATED,0.1
2026-02-15T11:56:53.578Z,5,122.45,5,SATURATED,0.1
2026-02-15T11:56:53.629Z,2,118.67,5,OK,0.1
2026-02-15T11:56:53.679Z,2,60.34,5,OK,0.1
2026-02-15T11:56:53.730Z,2,53.80,5,OK,0.1
2026-02-15T11:56:53.781Z,2,39.47,5,OK,0.1
2026-02-15T11:56:53.831Z,2,16.32,6,OK,0.1
2026-02-15T11:56:53.881Z,2,20.16,7,OK,0.1
2026-02-15T11:56:53.932Z,2,20.18,8,OK,0.1
2026-02-15T11:56:53.981Z,2,20.20,9,OK,0.1
2026-02-15T11:56:54.032Z,2,20.18,10,OK,0.1
2026-02-15T11:56:54.083Z,2,20.38,11,OK,0.1
2026-02-15T11:56:54.134Z,2,20.43,12,OK,0.1
2026-02-15T11:56:54.306Z,2,48.57,9,OK,0.1
2026-02-15T11:56:54.450Z,9,63.28,5,SATURATED,0.1
2026-02-15T11:56:54.500Z,4,63.27,5,OK,0.1
2026-02-15T11:56:54.550Z,4,63.23,5,OK,0.1
2026-02-15T11:56:54.748Z,4,94.44,5,OK,0.1
2026-02-15T11:56:54.798Z,4,66.20,5,OK,0.1
2026-02-15T11:56:54.946Z,4,74.31,5,OK,0.1
2026-02-15T11:56:54.997Z,4,74.35,5,OK,0.1
2026-02-15T11:56:55.047Z,4,74.32,5,OK,0.1
2026-02-15T11:56:55.097Z,4,43.16,5,OK,0.1
2026-02-15T11:56:55.147Z,4,43.30,5,OK,0.1
2026-02-15T11:56:55.198Z,4,20.55,6,OK,0.1
2026-02-15T11:56:55.248Z,4,20.56,7,OK,0.1
2026-02-15T11:56:55.298Z,4,20.58,8,OK,0.1
2026-02-15T11:56:55.558Z,8,21.84,9,OK,0.1
2026-02-15T11:56:55.687Z,9,33.50,8,SATURATED,0.1
2026-02-15T11:56:55.738Z,6,33.35,7,OK,0.1
2026-02-15T11:56:55.942Z,7,35.20,5,SATURATED,0.1
2026-02-15T11:56:55.993Z,7,35.21,5,SATURATED,0.1
2026-02-15T11:56:56.043Z,7,33.86,5,SATURATED,0.1
2026-02-15T11:56:56.094Z,7,22.14,6,SATURATED,0.1
2026-02-15T11:56:56.144Z,7,22.18,7,SATURATED,0.1
2026-02-15T11:56:56.194Z,7,20.35,8,OK,0.1
2026-02-15T11:56:56.245Z,7,20.36,9,OK,0.1
2026-02-15T11:56:56.295Z,7,20.38,10,OK,0.1
2026-02-15T11:56:57.079Z,11,69.69,6,SATURATED,0.1
2026-02-15T11:56:56.811Z,7,20.38,11,OK,0.1
2026-02-15T11:56:57.129Z,6,69.62,5,SATURATED,0.1
2026-02-15T11:56:57.180Z,6,69.61,5,SATURATED,0.1
2026-02-15T11:56:57.229Z,6,69.60,5,SATURATED,0.1
2026-02-15T11:56:57.280Z,6,69.56,5,SATURATED,0.1
2026-02-15T11:56:57.332Z,5,20.30,6,OK,0.1
2026-02-15T11:56:57.382Z,4,20.30,7,OK,0.1
2026-02-15T11:56:57.432Z,4,20.31,8,OK,0.1
2026-02-15T11:56:57.482Z,4,20.33,9,OK,0.1
2026-02-15T11:56:57.532Z,4,20.34,10,OK,0.1
2026-02-15T11:56:57.582Z,2,20.53,11,OK,0.1
2026-02-15T11:56:57.632Z,2,20.57,12,OK,0.1
2026-02-15T11:56:57.682Z,2,20.53,13,OK,0.1
2026-02-15T11:56:57.732Z,2,20.53,14,OK,0.1
2026-02-15T11:56:57.783Z,2,20.59,15,OK,0.1
2026-02-15T11:56:57.833Z,3,20.36,16,OK,0.1
2026-02-15T11:56:57.884Z,3,20.40,17,OK,0.1
2026-02-15T11:56:57.935Z,2,20.42,18,OK,0.1
2026-02-15T11:56:58.149Z,2,49.14,15,OK,0.1
2026-02-15T11:56:58.885Z,15,182.24,5,SATURATED,0.4
2026-02-15T11:56:58.935Z,2,182.21,5,OK,0.4
2026-02-15T11:56:58.985Z,2,182.14,5,OK,0.4
2026-02-15T11:56:59.036Z,2,182.12,5,OK,0.4
2026-02-15T11:56:59.086Z,2,153.37,5,OK,0.4
2026-02-15T11:56:59.137Z,2,20.22,6,OK,0.1
2026-02-15T11:56:59.186Z,2,20.35,7,OK,0.1
2026-02-15T11:56:59.237Z,2,20.36,8,OK,0.1
2026-02-15T11:56:59.289Z,2,20.37,9,OK,0.1
2026-02-15T11:56:59.339Z,2,20.36,10,OK,0.1
2026-02-15T11:56:59.389Z,2,20.39,11,OK,0.1
2026-02-15T11:56:59.440Z,2,20.40,12,OK,0.1
2026-02-15T11:56:59.491Z,2,20.41,13,OK,0.1
2026-02-15T11:56:59.542Z,2,20.46,14,OK,0.1
2026-02-15T11:56:59.592Z,2,20.50,15,OK,0.1
2026-02-15T11:56:59.642Z,2,20.50,16,OK,0.1
2026-02-15T11:56:59.692Z,2,20.40,17,OK,0.1
2026-02-15T11:57:00.003Z,17,47.10,14,SATURATED,0.1
2026-02-15T11:57:00.284Z,13,89.19,7,SATURATED,0.1
2026-02-15T11:57:00.335Z,3,89.00,5,OK,0.1
2026-02-15T11:57:00.386Z,3,88.95,5,OK,0.1
2026-02-15T11:57:00.436Z,3,88.94,5,OK,0.1
2026-02-15T11:57:00.486Z,3,62.32,5,OK,0.1
2026-02-15T11:57:00.537Z,3,20.20,6,OK,0.1
2026-02-15T11:57:00.587Z,3,20.43,7,OK,0.1
2026-02-15T11:57:00.637Z,3,20.39,8,OK,0.1
2026-02-15T11:57:00.688Z,3,20.38,9,OK,0.1
2026-02-15T11:57:00.738Z,2,20.27,10,OK,0.1
2026-02-15T11:57:00.789Z,2,20.25,11,OK,0.1
2026-02-15T11:57:00.839Z,2,20.19,12,OK,0.1
2026-02-15T11:57:01.055Z,2,56.65,8,OK,0.1
2026-02-15T11:57:01.248Z,8,81.20,5,SATURATED,0.1
2026-02-15T11:57:01.348Z,5,87.18,5,SATURATED,0.1
2026-02-15T11:57:01.399Z,3,83.32,5,OK,0.1
2026-02-15T11:57:01.448Z,3,83.32,5,OK,0.1
2026-02-15T11:57:01.499Z,3,46.93,5,OK,0.1
2026-02-15T11:57:01.549Z,3,22.37,6,OK,0.1
2026-02-15T11:57:01.600Z,3,16.44,7,OK,0.1
2026-02-15T11:57:01.650Z,3,20.39,8,OK,0.1
2026-02-15T11:57:01.701Z,3,20.41,9,OK,0.1
2026-02-15T11:57:01.865Z,3,46.88,6,OK,0.1
2026-02-15T11:57:01.915Z,2,46.92,5,OK,0.1
2026-02-15T11:57:01.965Z,2,46.92,5,OK,0.1
2026-02-15T11:57:02.016Z,1,46.86,5,OK,0.1
2026-02-15T11:57:02.067Z,1,46.87,5,OK,0.1
2026-02-15T11:57:02.117Z,1,20.39,6,OK,0.1
2026-02-15T11:57:02.168Z,1,20.37,7,OK,0.1
2026-02-15T11:57:02.218Z,1,20.36,8,OK,0.1
2026-02-15T11:57:02.401Z,2,50.20,5,OK,0.1
2026-02-15T11:57:02.634Z,5,82.73,5,SATURATED,0.1
2026-02-15T11:57:02.684Z,2,82.69,5,OK,0.1
2026-02-15T11:57:02.734Z,2,82.72,5,OK,0.1
2026-02-15T11:57:02.784Z,2,82.74,5,OK,0.1
2026-02-15T11:57:02.834Z,2,52.85,5,OK,0.1
2026-02-15T11:57:02.996Z,3,32.27,5,OK,0.1
2026-02-15T11:57:03.046Z,2,32.30,5,OK,0.1
2026-02-15T11:57:03.096Z,2,32.17,5,OK,0.1
2026-02-15T11:57:03.146Z,2,32.07,5,OK,0.1
2026-02-15T11:57:03.196Z,2,32.07,5,OK,0.1
2026-02-15T11:57:03.247Z,2,20.16,6,OK,0.1
2026-02-15T11:57:03.297Z,1,20.17,7,OK,0.1
2026-02-15T11:57:03.348Z,1,20.33,8,OK,0.1
2026-02-15T11:57:03.398Z,1,20.38,9,OK,0.1
2026-02-15T11:57:03.548Z,3,46.07,6,OK,0.1
2026-02-15T11:57:03.657Z,6,53.76,5,SATURATED,0.1
2026-02-15T11:57:03.852Z,5,78.68,5,SATURATED,0.1
2026-02-15T11:57:03.902Z,4,78.61,5,OK,0.1
2026-02-15T11:57:03.952Z,4,78.63,5,OK,0.1
2026-02-15T11:57:04.002Z,5,53.01,5,SATURATED,0.1
2026-02-15T11:57:04.052Z,4,45.20,5,OK,0.1
2026-02-15T11:57:04.103Z,5,20.34,6,OK,0.1
2026-02-15T11:57:04.154Z,5,20.36,7,OK,0.1
2026-02-15T11:57:04.205Z,5,20.40,8,OK,0.1
2026-02-15T11:57:04.372Z,5,20.34,9,OK,0.1
2026-02-15T11:57:04.528Z,4,32.01,8,OK,0.1
2026-02-15T11:57:04.590Z,8,32.56,7,SATURATED,0.1
2026-02-15T11:57:04.713Z,7,50.63,5,SATURATED,0.1
2026-02-15T11:57:04.763Z,5,46.54,5,SATURATED,0.1
2026-02-15T11:57:04.815Z,5,46.42,5,SATURATED,0.1
2026-02-15T11:57:04.879Z,5,35.96,5,SATURATED,0.1
2026-02-15T11:57:04.929Z,5,35.27,5,SATURATED,0.1
2026-02-15T11:57:04.979Z,5,17.18,6,OK,0.1
2026-02-15T11:57:05.030Z,5,21.14,7,OK,0.1
2026-02-15T11:57:05.080Z,5,21.25,8,OK,0.1
2026-02-15T11:57:05.130Z,5,19.97,9,OK,0.1
2026-02-15T11:57:05.180Z,5,20.02,10,OK,0.1
2026-02-15T11:57:05.230Z,5,20.02,11,OK,0.1
2026-02-15T11:57:05.280Z,5,20.11,12,OK,0.1
2026-02-15T11:57:05.331Z,5,20.09,13,OK,0.1
2026-02-15T11:57:05.381Z,5,20.26,14,OK,0.1
2026-02-15T11:57:05.431Z,4,20.23,15,OK,0.1
2026-02-15T11:57:05.482Z,4,20.26,16,OK,0.1
2026-02-15T11:57:05.532Z,4,20.22,17,OK,0.1
2026-02-15T11:57:05.686Z,5,44.79,15,OK,0.1
2026-02-15T11:57:05.837Z,15,60.91,11,SATURATED,0.1
2026-02-15T11:57:06.204Z,11,120.29,5,SATURATED,0.1
2026-02-15T11:57:06.257Z,5,116.82,5,SATURATED,0.1
2026-02-15T11:57:06.308Z,2,116.85,5,OK,0.1
2026-02-15T11:57:06.358Z,2,92.30,5,OK,0.1
2026-02-15T11:57:06.547Z,2,105.69,5,OK,0.1
2026-02-15T11:57:06.597Z,2,46.38,5,OK,0.1
2026-02-15T11:57:06.647Z,2,49.83,5,OK,0.1
2026-02-15T11:57:06.698Z,3,49.78,5,OK,0.1
2026-02-15T11:57:06.748Z,3,49.79,5,OK,0.1
2026-02-15T11:57:06.799Z,3,20.30,6,OK,0.1
2026-02-15T11:57:06.858Z,6,21.76,7,OK,0.1
2026-02-15T11:57:07.040Z,7,44.11,5,SATURATED,0.1
2026-02-15T11:57:07.103Z,5,42.73,5,SATURATED,0.1
2026-02-15T11:57:07.154Z,4,42.56,5,OK,0.1
2026-02-15T11:57:07.204Z,5,42.50,5,SATURATED,0.1
2026-02-15T11:57:07.263Z,5,48.76,5,SATURATED,0.1
2026-02-15T11:57:07.344Z,5,28.56,5,SATURATED,0.1
2026-02-15T11:57:07.394Z,4,30.01,5,OK,0.1
2026-02-15T11:57:07.445Z,4,30.15,5,OK,0.1
2026-02-15T11:57:07.496Z,4,30.22,5,OK,0.1
2026-02-15T11:57:07.547Z,4,22.44,6,OK,0.1
2026-02-15T11:57:07.597Z,4,20.27,7,OK,0.1
2026-02-15T11:57:07.648Z,4,20.29,8,OK,0.1
2026-02-15T11:57:07.699Z,4,20.34,9,OK,0.1
2026-02-15T11:57:07.750Z,4,20.31,10,OK,0.1
2026-02-15T11:57:07.802Z,4,20.30,11,OK,0.1
2026-02-15T11:57:08.009Z,6,55.84,7,OK,0.1
2026-02-15T11:57:08.065Z,7,58.02,5,SATURATED,0.1
2026-02-15T11:57:08.122Z,5,55.32,5,SATURATED,0.1
2026-02-15T11:57:08.172Z,5,55.21,5,SATURATED,0.1
2026-02-15T11:57:08.450Z,4,104.76,5,OK,0.1
2026-02-15T11:57:08.741Z,5,113.38,5,SATURATED,0.1
2026-02-15T11:57:08.792Z,3,111.49,5,OK,0.1
2026-02-15T11:57:08.842Z,2,114.09,5,OK,0.1
2026-02-15T11:57:08.893Z,2,114.17,5,OK,0.1
2026-02-15T11:57:08.944Z,2,64.64,5,OK,0.1
2026-02-15T11:57:08.994Z,2,20.47,6,OK,0.1
2026-02-15T11:57:09.411Z,3,96.41,5,OK,0.1
2026-02-15T11:57:09.703Z,5,140.61,5,SATURATED,0.4
2026-02-15T11:57:09.795Z,5,144.96,5,SATURATED,0.4
2026-02-15T11:57:09.884Z,5,148.92,5,SATURATED,0.4
2026-02-15T11:57:09.935Z,2,148.95,5,OK,0.4
2026-02-15T11:57:09.986Z,2,72.71,5,OK,0.1
2026-02-15T11:57:10.036Z,2,28.56,5,OK,0.1
2026-02-15T11:57:10.087Z,1,24.34,6,OK,0.1
2026-02-15T11:57:10.136Z,1,20.42,7,OK,0.1
2026-02-15T11:57:10.187Z,1,20.40,8,OK,0.1
2026-02-15T11:57:10.237Z,1,20.38,9,OK,0.1
2026-02-15T11:57:10.288Z,1,20.40,10,OK,0.1
2026-02-15T11:57:10.338Z,1,20.21,11,OK,0.1
2026-02-15T11:57:10.389Z,1,20.19,12,OK,0.1
2026-02-15T11:57:10.439Z,1,20.20,13,OK,0.1
2026-02-15T11:57:10.616Z,13,49.12,10,SATURATED,0.1
2026-02-15T11:57:11.062Z,9,124.26,5,SATURATED,0.1
2026-02-15T11:57:11.190Z,5,135.87,5,SATURATED,0.4
2026-02-15T11:57:11.241Z,2,135.86,5,OK,0.4
2026-02-15T11:57:11.291Z,2,135.85,5,OK,0.4
2026-02-15T11:57:11.341Z,2,106.98,5,OK,0.1
2026-02-15T11:57:11.391Z,2,31.82,5,OK,0.1
2026-02-15T11:57:11.441Z,2,20.28,6,OK,0.1
2026-02-15T11:57:11.492Z,2,20.29,7,OK,0.1
2026-02-15T11:57:11.542Z,2,20.30,8,OK,0.1
2026-02-15T11:57:11.592Z,2,20.27,9,OK,0.1
2026-02-15T11:57:11.845Z,9,65.65,5,SATURATED,0.1
2026-02-15T11:57:11.896Z,3,65.62,5,OK,0.1
2026-02-15T11:57:11.946Z,3,65.60,5,OK,0.1
2026-02-15T11:57:12.003Z,5,65.55,5,SATURATED,0.1
2026-02-15T11:57:12.055Z,5,68.99,5,SATURATED,0.1
2026-02-15T11:57:12.117Z,5,21.97,6,OK,0.1
2026-02-15T11:57:12.216Z,6,27.18,5,SATURATED,0.1
2026-02-15T11:57:12.265Z,5,29.54,5,SATURATED,0.1
2026-02-15T11:57:12.316Z,5,29.62,5,SATURATED,0.1
2026-02-15T11:57:12.366Z,5,26.16,5,SATURATED,0.1
2026-02-15T11:57:12.415Z,5,27.81,5,SATURATED,0.1
2026-02-15T11:57:12.466Z,4,22.61,6,OK,0.1
2026-02-15T11:57:12.516Z,4,20.26,7,OK,0.1
2026-02-15T11:57:12.566Z,4,20.24,8,OK,0.1
2026-02-15T11:57:12.616Z,4,20.23,9,OK,0.1
2026-02-15T11:57:12.667Z,4,20.20,10,OK,0.1
2026-02-15T11:57:12.716Z,4,20.20,11,OK,0.1
2026-02-15T11:57:12.767Z,4,20.18,12,OK,0.1
2026-02-15T11:57:12.817Z,4,20.17,13,OK,0.1
2026-02-15T11:57:12.990Z,7,47.00,10,OK,0.1
2026-02-15T11:57:13.145Z,10,63.98,6,SATURATED,0.1
2026-02-15T11:57:13.246Z,6,79.83,5,SATURATED,0.1
2026-02-15T11:57:13.322Z,5,81.00,5,SATURATED,0.1
2026-02-15T11:57:13.372Z,5,80.94,5,SATURATED,0.1
2026-02-15T11:57:13.422Z,5,54.11,5,SATURATED,0.1
2026-02-15T11:57:13.473Z,5,37.13,5,SATURATED,0.1
2026-02-15T11:57:13.523Z,5,21.28,6,OK,0.1
2026-02-15T11:57:13.574Z,5,20.19,7,OK,0.1
2026-02-15T11:57:13.624Z,5,20.25,8,OK,0.1
2026-02-15T11:57:13.675Z,6,20.24,9,OK,0.1
2026-02-15T11:57:13.725Z,6,20.24,10,OK,0.1
2026-02-15T11:57:13.776Z,6,20.19,11,OK,0.1
2026-02-15T11:57:13.826Z,6,20.14,12,OK,0.1
2026-02-15T11:57:13.876Z,5,20.11,13,OK,0.1
2026-02-15T11:57:13.926Z,5,20.14,14,OK,0.1
2026-02-15T11:57:13.976Z,3,20.06,15,OK,0.1
2026-02-15T11:57:14.025Z,4,20.17,16,OK,0.1
2026-02-15T11:57:14.076Z,4,20.16,17,OK,0.1
2026-02-15T11:57:14.127Z,4,20.18,18,OK,0.1
2026-02-15T11:57:14.393Z,11,69.01,13,OK,0.1
2026-02-15T11:57:14.660Z,10,108.66,5,SATURATED,0.1
2026-02-15T11:57:14.711Z,4,108.55,5,OK,0.1
2026-02-15T11:57:14.761Z,4,108.55,5,OK,0.1
2026-02-15T11:57:14.812Z,4,108.53,5,OK,0.1
2026-02-15T11:57:14.861Z,3,59.68,5,OK,0.1
2026-02-15T11:57:14.912Z,2,20.13,6,OK,0.1
2026-02-15T11:57:14.962Z,2,20.19,7,OK,0.1
2026-02-15T11:57:15.012Z,2,20.15,8,OK,0.1
2026-02-15T11:57:15.062Z,2,20.17,9,OK,0.1
2026-02-15T11:57:15.113Z,2,20.17,10,OK,0.1
2026-02-15T11:57:15.163Z,2,20.21,11,OK,0.1
2026-02-15T11:57:15.213Z,2,20.19,12,OK,0.1
2026-02-15T11:57:15.264Z,2,20.24,13,OK,0.1
2026-02-15T11:57:15.313Z,2,20.24,14,OK,0.1
2026-02-15T11:57:15.364Z,2,20.23,15,OK,0.1
2026-02-15T11:57:15.415Z,6,20.14,16,OK,0.1
2026-02-15T11:57:15.857Z,15,94.52,9,SATURATED,0.1
2026-02-15T11:57:16.061Z,6,121.26,5,SATURATED,0.1
2026-02-15T11:57:16.111Z,3,121.26,5,OK,0.1
2026-02-15T11:57:16.161Z,3,121.26,5,OK,0.1
2026-02-15T11:57:16.212Z,3,121.26,5,OK,0.1
2026-02-15T11:57:16.262Z,3,46.92,5,OK,0.1
2026-02-15T11:57:16.311Z,3,20.20,6,OK,0.1
2026-02-15T11:57:16.362Z,3,20.35,7,OK,0.1
2026-02-15T11:57:16.413Z,5,20.30,8,OK,0.1
2026-02-15T11:57:16.463Z,3,20.35,9,OK,0.1
2026-02-15T11:57:16.514Z,3,20.34,10,OK,0.1
2026-02-15T11:57:16.564Z,3,20.33,11,OK,0.1
2026-02-15T11:57:16.615Z,3,20.19,12,OK,0.1
2026-02-15T11:57:16.665Z,4,20.27,13,OK,0.1
2026-02-15T11:57:16.715Z,4,20.28,14,OK,0.1
2026-02-15T11:57:16.765Z,4,20.27,15,OK,0.1
2026-02-15T11:57:16.815Z,4,20.26,16,OK,0.1
2026-02-15T11:57:17.006Z,7,20.29,17,OK,0.1
2026-02-15T11:57:17.128Z,16,40.59,15,SATURATED,0.1
2026-02-15T11:57:17.178Z,7,36.52,13,OK,0.1
2026-02-15T11:57:17.228Z,7,36.52,11,OK,0.1
2026-02-15T11:57:17.279Z,7,36.51,9,OK,0.1
2026-02-15T11:57:17.329Z,7,36.49,7,SATURATED,0.1
2026-02-15T11:57:17.380Z,7,16.20,8,OK,0.1
2026-02-15T11:57:17.525Z,7,43.18,6,SATURATED,0.1
2026-02-15T11:57:17.575Z,6,43.21,5,SATURATED,0.1
2026-02-15T11:57:17.626Z,6,43.27,5,SATURATED,0.1
2026-02-15T11:57:17.676Z,6,43.27,5,SATURATED,0.1
2026-02-15T11:57:17.727Z,6,43.26,5,SATURATED,0.1
2026-02-15T11:57:17.777Z,6,20.29,6,SATURATED,0.1
2026-02-15T11:57:17.827Z,6,20.27,7,OK,0.1
2026-02-15T11:57:17.878Z,5,20.31,8,OK,0.1
2026-02-15T11:57:17.929Z,5,20.30,9,OK,0.1
2026-02-15T11:57:17.979Z,5,20.33,10,OK,0.1
2026-02-15T11:57:18.253Z,10,20.35,11,OK,0.1
2026-02-15T11:57:18.475Z,10,60.57,7,SATURATED,0.1
2026-02-15T11:57:18.525Z,6,60.48,5,SATURATED,0.1
2026-02-15T11:57:18.575Z,6,60.51,5,SATURATED,0.1
2026-02-15T11:57:18.626Z,5,60.61,5,SATURATED,0.1
2026-02-15T11:57:18.676Z,5,60.62,5,SATURATED,0.1
2026-02-15T11:57:18.727Z,5,20.32,6,OK,0.1
2026-02-15T11:57:18.777Z,6,20.33,7,OK,0.1
2026-02-15T11:57:18.827Z,6,20.33,8,OK,0.1
2026-02-15T11:57:18.878Z,6,20.47,9,OK,0.1
2026-02-15T11:57:18.928Z,6,20.36,10,OK,0.1
2026-02-15T11:57:18.978Z,6,20.47,11,OK,0.1
2026-02-15T11:57:19.167Z,5,44.22,9,OK,0.1
2026-02-15T11:57:19.289Z,5,64.53,5,SATURATED,0.1
2026-02-15T11:57:19.350Z,5,62.41,5,SATURATED,0.1
2026-02-15T11:57:19.400Z,5,65.12,5,SATURATED,0.1
2026-02-15T11:57:19.554Z,5,87.86,5,SATURATED,0.1
2026-02-15T11:57:19.618Z,5,62.86,5,SATURATED,0.1
2026-02-15T11:57:19.668Z,5,42.54,5,SATURATED,0.1
2026-02-15T11:57:19.719Z,5,44.39,5,SATURATED,0.1
2026-02-15T11:57:19.768Z,5,41.81,5,SATURATED,0.1
2026-02-15T11:57:19.819Z,5,19.03,6,OK,0.1
2026-02-15T11:57:19.869Z,5,20.36,7,OK,0.1
2026-02-15T11:57:19.920Z,4,20.37,8,OK,0.1
2026-02-15T11:57:19.970Z,4,20.37,9,OK,0.1
2026-02-15T11:57:20.020Z,5,20.16,10,OK,0.1
2026-02-15T11:57:20.071Z,4,20.31,11,OK,0.1
2026-02-15T11:57:20.121Z,4,20.26,12,OK,0.1
2026-02-15T11:57:20.171Z,5,20.23,13,OK,0.1
2026-02-15T11:57:20.222Z,4,20.25,14,OK,0.1
2026-02-15T11:57:20.272Z,3,20.49,15,OK,0.1
2026-02-15T11:57:20.340Z,15,26.60,14,SATURATED,0.1
2026-02-15T11:57:20.645Z,14,73.52,9,SATURATED,0.1
2026-02-15T11:57:20.785Z,9,97.46,5,SATURATED,0.1
2026-02-15T11:57:20.836Z,6,97.43,5,SATURATED,0.1
2026-02-15T11:57:20.886Z,6,97.37,5,SATURATED,0.1
2026-02-15T11:57:20.937Z,6,91.14,5,SATURATED,0.1
2026-02-15T11:57:20.988Z,6,44.24,5,SATURATED,0.1
2026-02-15T11:57:21.038Z,6,20.25,6,SATURATED,0.1
2026-02-15T11:57:21.088Z,6,20.25,7,OK,0.1
2026-02-15T11:57:21.138Z,6,20.26,8,OK,0.1
2026-02-15T11:57:21.189Z,6,20.28,9,OK,0.1
2026-02-15T11:57:21.239Z,6,20.23,10,OK,0.1
2026-02-15T11:57:21.290Z,6,20.42,11,OK,0.1
2026-02-15T11:57:21.343Z,8,20.38,12,OK,0.1
2026-02-15T11:57:21.461Z,9,29.91,11,OK,0.1
2026-02-15T11:57:21.512Z,8,29.88,10,OK,0.1
2026-02-15T11:57:21.563Z,8,29.91,9,OK,0.1
2026-02-15T11:57:21.613Z,8,29.75,8,SATURATED,0.1
2026-02-15T11:57:21.669Z,8,31.14,7,SATURATED,0.1
2026-02-15T11:57:21.751Z,8,28.31,6,SATURATED,0.1
2026-02-15T11:57:21.808Z,8,25.66,5,SATURATED,0.1
2026-02-15T11:57:21.857Z,8,26.48,5,SATURATED,0.1
2026-02-15T11:57:21.908Z,8,26.47,5,SATURATED,0.1
2026-02-15T11:57:21.958Z,8,25.14,5,SATURATED,0.1
2026-02-15T11:57:22.009Z,8,18.45,6,SATURATED,0.1
2026-02-15T11:57:22.059Z,8,21.16,7,SATURATED,0.1
2026-02-15T11:57:22.109Z,8,20.25,8,SATURATED,0.1
2026-02-15T11:57:22.160Z,8,20.30,9,OK,0.1
2026-02-15T11:57:22.211Z,8,20.31,10,OK,0.1
2026-02-15T11:57:22.261Z,8,20.34,11,OK,0.1
2026-02-15T11:57:22.405Z,8,44.38,9,OK,0.1
2026-02-15T11:57:22.455Z,4,44.41,7,OK,0.1
2026-02-15T11:57:22.591Z,7,65.87,5,SATURATED,0.1
2026-02-15T11:57:22.642Z,5,65.84,5,SATURATED,0.1
2026-02-15T11:57:22.700Z,5,65.76,5,SATURATED,0.1
2026-02-15T11:57:22.765Z,5,42.56,5,SATURATED,0.1
2026-02-15T11:57:22.815Z,5,42.82,5,SATURATED,0.1
2026-02-15T11:57:22.865Z,5,21.26,6,OK,0.1
2026-02-15T11:57:23.038Z,5,49.84,5,SATURATED,0.1
2026-02-15T11:57:23.085Z,5,49.89,5,SATURATED,0.1
2026-02-15T11:57:23.135Z,5,48.99,5,SATURATED,0.1
2026-02-15T11:57:23.185Z,5,48.76,5,SATURATED,0.1
2026-02-15T11:57:23.235Z,5,48.84,5,SATURATED,0.1
2026-02-15T11:57:23.285Z,5,20.27,6,OK,0.1
2026-02-15T11:57:23.335Z,5,20.26,7,OK,0.1
2026-02-15T11:57:23.386Z,5,20.29,8,OK,0.1
2026-02-15T11:57:23.436Z,7,20.25,9,OK,0.1
2026-02-15T11:57:23.859Z,6,57.96,5,SATURATED,0.1
2026-02-15T11:57:24.012Z,4,74.50,5,OK,0.1
2026-02-15T11:57:24.062Z,3,74.50,5,OK,0.1
2026-02-15T11:57:24.112Z,3,74.46,5,OK,0.1
2026-02-15T11:57:24.163Z,3,74.45,5,OK,0.1
2026-02-15T11:57:24.213Z,3,36.77,5,OK,0.1
2026-02-15T11:57:24.264Z,3,20.29,6,OK,0.1
2026-02-15T11:57:24.314Z,3,20.28,7,OK,0.1
2026-02-15T11:57:24.364Z,3,20.29,8,OK,0.1
2026-02-15T11:57:24.531Z,5,39.69,6,OK,0.1
2026-02-15T11:57:24.582Z,2,39.60,5,OK,0.1
2026-02-15T11:57:24.632Z,2,39.39,5,OK,0.1
2026-02-15T11:57:24.682Z,2,39.36,5,OK,0.1
2026-02-15T11:57:24.732Z,2,39.39,5,OK,0.1
2026-02-15T11:57:24.783Z,2,20.08,6,OK,0.1
2026-02-15T11:57:24.834Z,2,20.19,7,OK,0.1
2026-02-15T11:57:24.904Z,7,20.27,8,OK,0.1
2026-02-15T11:57:24.999Z,8,23.42,9,OK,0.1
2026-02-15T11:57:25.183Z,9,46.15,6,SATURATED,0.1
2026-02-15T11:57:25.233Z,4,46.21,5,OK,0.1
2026-02-15T11:57:25.283Z,4,46.16,5,OK,0.1
2026-02-15T11:57:25.333Z,4,46.19,5,OK,0.1
2026-02-15T11:57:25.384Z,4,43.04,5,OK,0.1
2026-02-15T11:57:25.435Z,2,20.28,6,OK,0.1
2026-02-15T11:57:25.485Z,2,20.20,7,OK,0.1
2026-02-15T11:57:25.536Z,3,20.22,8,OK,0.1
2026-02-15T11:57:25.669Z,6,32.80,7,OK,0.1
2026-02-15T11:57:25.952Z,7,75.37,5,SATURATED,0.1
2026-02-15T11:57:26.004Z,5,71.74,5,SATURATED,0.1
2026-02-15T11:57:26.054Z,4,71.83,5,OK,0.1
2026-02-15T11:57:26.104Z,4,71.79,5,OK,0.1
2026-02-15T11:57:26.154Z,5,60.15,5,SATURATED,0.1
2026-02-15T11:57:26.212Z,5,17.98,6,OK,0.1
2026-02-15T11:57:26.263Z,5,21.65,7,OK,0.1
2026-02-15T11:57:26.313Z,5,21.55,8,OK,0.1
2026-02-15T11:57:26.364Z,5,21.61,9,OK,0.1
2026-02-15T11:57:26.414Z,5,20.71,10,OK,0.1
2026-02-15T11:57:26.464Z,5,20.39,11,OK,0.1
2026-02-15T11:57:26.514Z,5,20.39,12,OK,0.1
2026-02-15T11:57:26.565Z,5,20.51,13,OK,0.1
2026-02-15T11:57:26.616Z,5,20.48,14,OK,0.1
2026-02-15T11:57:26.666Z,5,20.50,15,OK,0.1
2026-02-15T11:57:26.806Z,6,44.26,13,OK,0.1
2026-02-15T11:57:26.857Z,5,44.24,11,OK,0.1
2026-02-15T11:57:26.907Z,3,44.07,9,OK,0.1
2026-02-15T11:57:27.095Z,4,58.77,5,OK,0.1
2026-02-15T11:57:27.308Z,5,87.29,5,SATURATED,0.1
2026-02-15T11:57:27.398Z,5,67.41,5,SATURATED,0.1
2026-02-15T11:57:27.448Z,3,67.36,5,OK,0.1
2026-02-15T11:57:27.499Z,3,67.41,5,OK,0.1
2026-02-15T11:57:27.549Z,2,52.82,5,OK,0.1
2026-02-15T11:57:27.600Z,2,24.28,6,OK,0.1
2026-02-15T11:57:27.650Z,2,20.36,7,OK,0.1
2026-02-15T11:57:27.700Z,2,20.42,8,OK,0.1
2026-02-15T11:57:27.750Z,2,20.38,9,OK,0.1
2026-02-15T11:57:27.800Z,2,20.26,10,OK,0.1
2026-02-15T11:57:27.851Z,3,20.19,11,OK,0.1
2026-02-15T11:57:28.089Z,3,61.31,7,OK,0.1
2026-02-15T11:57:28.327Z,3,95.06,5,OK,0.1
2026-02-15T11:57:28.418Z,5,99.24,5,SATURATED,0.1
2026-02-15T11:57:28.480Z,5,97.60,5,SATURATED,0.1
2026-02-15T11:57:28.531Z,1,97.60,5,OK,0.1
2026-02-15T11:57:28.581Z,1,56.44,5,OK,0.1
2026-02-15T11:57:28.631Z,1,22.78,6,OK,0.1
2026-02-15T11:57:28.681Z,1,18.66,7,OK,0.1
2026-02-15T11:57:28.731Z,1,20.34,8,OK,0.1
2026-02-15T11:57:28.782Z,1,20.43,9,OK,0.1
2026-02-15T11:57:28.834Z,2,20.52,10,OK,0.1
2026-02-15T11:57:28.884Z,2,20.48,11,OK,0.1
2026-02-15T11:57:28.935Z,2,20.44,12,OK,0.1
2026-02-15T11:57:28.986Z,2,20.35,13,OK,0.1
2026-02-15T11:57:29.036Z,2,20.34,14,OK,0.1
2026-02-15T11:57:29.087Z,2,20.25,15,OK,0.1
2026-02-15T11:57:29.210Z,2,39.91,13,OK,0.1
2026-02-15T11:57:29.261Z,2,39.76,11,OK,0.1
2026-02-15T11:57:29.311Z,2,39.85,9,OK,0.1
2026-02-15T11:57:29.521Z,2,56.78,5,OK,0.1
2026-02-15T11:57:29.649Z,5,68.32,5,SATURATED,0.1
2026-02-15T11:57:29.700Z,3,48.61,5,OK,0.1
2026-02-15T11:57:29.750Z,3,48.78,5,OK,0.1
2026-02-15T11:57:29.800Z,3,48.77,5,OK,0.1
2026-02-15T11:57:29.850Z,2,31.81,5,OK,0.1
2026-02-15T11:57:29.900Z,2,20.34,6,OK,0.1
2026-02-15T11:57:29.950Z,2,20.34,7,OK,0.1
2026-02-15T11:57:30.001Z,2,20.32,8,OK,0.1
2026-02-15T11:57:30.051Z,2,20.35,9,OK,0.1
2026-02-15T11:57:30.102Z,2,20.37,10,OK,0.1
2026-02-15T11:57:30.151Z,2,20.35,11,OK,0.1
2026-02-15T11:57:30.202Z,2,20.32,12,OK,0.1
2026-02-15T11:57:30.253Z,2,20.34,13,OK,0.1
2026-02-15T11:57:30.303Z,2,20.23,14,OK,0.1
2026-02-15T11:57:30.354Z,2,20.20,15,OK,0.1
2026-02-15T11:57:30.404Z,2,20.17,16,OK,0.1
2026-02-15T11:57:30.454Z,2,20.23,17,OK,0.1
2026-02-15T11:57:30.505Z,2,20.25,18,OK,0.1
2026-02-15T11:57:30.720Z,18,56.02,14,SATURATED,0.1
2026-02-15T11:57:31.310Z,12,159.97,5,SATURATED,0.4
2026-02-15T11:57:31.360Z,4,160.00,5,OK,0.4
2026-02-15T11:57:31.411Z,4,159.96,5,OK,0.4
2026-02-15T11:57:31.461Z,4,159.89,5,OK,0.4
2026-02-15T11:57:31.512Z,4,124.18,5,OK,0.1
2026-02-15T11:57:31.693Z,4,20.25,6,OK,0.1
2026-02-15T11:57:31.745Z,6,21.24,7,OK,0.1
2026-02-15T11:57:31.795Z,5,21.25,8,OK,0.1
2026-02-15T11:57:31.845Z,5,21.77,9,OK,0.1
2026-02-15T11:57:31.895Z,5,21.78,10,OK,0.1
2026-02-15T11:57:31.945Z,5,21.77,11,OK,0.1
2026-02-15T11:57:31.996Z,5,20.74,12,OK,0.1
2026-02-15T11:57:32.046Z,5,20.58,13,OK,0.1
2026-02-15T11:57:32.097Z,5,20.11,14,OK,0.1
2026-02-15T11:57:32.147Z,5,20.11,15,OK,0.1
2026-02-15T11:57:32.381Z,5,38.85,13,OK,0.1
2026-02-15T11:57:32.459Z,13,40.40,11,SATURATED,0.1
2026-02-15T11:57:32.509Z,7,40.46,9,OK,0.1
2026-02-15T11:57:32.559Z,6,40.47,7,OK,0.1
2026-02-15T11:57:32.610Z,6,40.52,5,SATURATED,0.1
2026-02-15T11:57:32.661Z,6,21.76,6,SATURATED,0.1
2026-02-15T11:57:32.711Z,6,20.34,7,OK,0.1
2026-02-15T11:57:32.765Z,7,21.42,8,OK,0.1
2026-02-15T11:57:32.815Z,4,21.37,9,OK,0.1
2026-02-15T11:57:33.004Z,4,51.63,6,OK,0.1
2026-02-15T11:57:33.055Z,5,51.65,5,SATURATED,0.1
2026-02-15T11:57:33.105Z,5,51.46,5,SATURATED,0.1
2026-02-15T11:57:33.156Z,5,50.52,5,SATURATED,0.1
2026-02-15T11:57:33.206Z,5,50.37,5,SATURATED,0.1
2026-02-15T11:57:33.257Z,5,20.05,6,OK,0.1
2026-02-15T11:57:33.308Z,5,20.09,7,OK,0.1
2026-02-15T11:57:33.358Z,5,20.15,8,OK,0.1
2026-02-15T11:57:33.419Z,8,19.95,9,OK,0.1
2026-02-15T11:57:33.482Z,9,22.64,10,OK,0.1
2026-02-15T11:57:33.532Z,8,22.62,11,OK,0.1
2026-02-15T11:57:33.583Z,8,22.57,12,OK,0.1
2026-02-15T11:57:33.633Z,8,22.55,13,OK,0.1
2026-02-15T11:57:33.683Z,8,22.74,14,OK,0.1
2026-02-15T11:57:33.734Z,8,20.23,15,OK,0.1
2026-02-15T11:57:33.868Z,8,41.01,13,OK,0.1
2026-02-15T11:57:33.990Z,13,51.35,10,SATURATED,0.1
2026-02-15T11:57:34.041Z,9,51.35,7,SATURATED,0.1
2026-02-15T11:57:34.091Z,9,51.37,5,SATURATED,0.1
2026-02-15T11:57:34.141Z,9,51.34,5,SATURATED,0.1
2026-02-15T11:57:34.192Z,9,30.61,5,SATURATED,0.1
2026-02-15T11:57:34.242Z,9,20.36,6,SATURATED,0.1
2026-02-15T11:57:34.293Z,9,20.38,7,SATURATED,0.1
2026-02-15T11:57:34.343Z,9,20.34,8,SATURATED,0.1
2026-02-15T11:57:34.392Z,8,20.37,9,OK,0.1
2026-02-15T11:57:34.640Z,9,64.65,5,SATURATED,0.1
2026-02-15T11:57:34.738Z,7,70.10,5,SATURATED,0.1
2026-02-15T11:57:34.788Z,7,70.22,5,SATURATED,0.1
2026-02-15T11:57:34.839Z,7,70.26,5,SATURATED,0.1
2026-02-15T11:57:34.890Z,7,70.23,5,SATURATED,0.1
2026-02-15T11:57:34.941Z,7,25.97,5,SATURATED,0.1
2026-02-15T11:57:34.991Z,7,20.50,6,SATURATED,0.1
2026-02-15T11:57:35.041Z,6,20.37,7,OK,0.1
2026-02-15T11:57:35.092Z,6,20.34,8,OK,0.1
2026-02-15T11:57:35.142Z,6,20.38,9,OK,0.1
2026-02-15T11:57:35.192Z,6,20.38,10,OK,0.1
2026-02-15T11:57:35.243Z,6,20.31,11,OK,0.1
2026-02-15T11:57:35.294Z,6,20.32,12,OK,0.1
2026-02-15T11:57:35.344Z,6,20.34,13,OK,0.1
2026-02-15T11:57:35.526Z,6,42.70,11,OK,0.1
2026-02-15T11:57:35.662Z,10,65.24,6,SATURATED,0.1
2026-02-15T11:57:35.793Z,6,77.38,5,SATURATED,0.1
2026-02-15T11:57:35.860Z,5,76.71,5,SATURATED,0.1
2026-02-15T11:57:35.911Z,2,76.70,5,OK,0.1
2026-02-15T11:57:35.960Z,2,54.35,5,OK,0.1
2026-02-15T11:57:36.236Z,3,31.76,5,OK,0.1
2026-02-15T11:57:36.654Z,5,89.16,5,SATURATED,0.1
2026-02-15T11:57:36.704Z,4,90.00,5,OK,0.1
2026-02-15T11:57:36.754Z,4,90.03,5,OK,0.1
2026-02-15T11:57:36.814Z,5,90.26,5,SATURATED,0.1
2026-02-15T11:57:36.879Z,5,95.02,5,SATURATED,0.1
2026-02-15T11:57:36.943Z,5,24.42,6,OK,0.1
2026-02-15T11:57:36.993Z,4,24.08,7,OK,0.1
2026-02-15T11:57:37.044Z,4,24.06,8,OK,0.1
2026-02-15T11:57:37.095Z,4,23.78,9,OK,0.1
2026-02-15T11:57:37.145Z,4,19.12,10,OK,0.1
2026-02-15T11:57:37.195Z,4,20.22,11,OK,0.1
2026-02-15T11:57:37.245Z,4,20.37,12,OK,0.1
2026-02-15T11:57:37.295Z,4,20.42,13,OK,0.1
2026-02-15T11:57:37.345Z,4,20.49,14,OK,0.1
2026-02-15T11:57:37.395Z,4,20.33,15,OK,0.1
2026-02-15T11:57:37.446Z,4,20.33,16,OK,0.1
2026-02-15T11:57:37.496Z,4,20.35,17,OK,0.1
2026-02-15T11:57:37.546Z,3,20.44,18,OK,0.1
2026-02-15T11:57:37.597Z,3,20.38,19,OK,0.1
2026-02-15T11:57:37.647Z,3,20.44,20,OK,0.1
2026-02-15T11:57:37.802Z,8,45.94,17,OK,0.1
2026-02-15T11:57:38.183Z,17,108.27,8,SATURATED,0.1
2026-02-15T11:57:38.233Z,2,104.06,5,OK,0.1
2026-02-15T11:57:38.283Z,2,104.11,5,OK,0.1
2026-02-15T11:57:38.334Z,2,104.11,5,OK,0.1
2026-02-15T11:57:38.384Z,2,78.54,5,OK,0.1
2026-02-15T11:57:38.434Z,1,16.22,6,OK,0.1
2026-02-15T11:57:38.485Z,1,20.30,7,OK,0.1
2026-02-15T11:57:38.535Z,1,20.33,8,OK,0.1
2026-02-15T11:57:38.585Z,1,20.36,9,OK,0.1
2026-02-15T11:57:38.635Z,1,20.36,10,OK,0.1
2026-02-15T11:57:38.686Z,0,20.42,11,OK,0.1
2026-02-15T11:57:38.735Z,0,20.38,12,OK,0.1
2026-02-15T11:57:38.785Z,0,20.39,13,OK,0.1
2026-02-15T11:57:39.040Z,1,64.30,9,OK,0.1
2026-02-15T11:57:39.090Z,1,64.31,5,OK,0.1
2026-02-15T11:57:39.140Z,1,64.25,5,OK,0.1
2026-02-15T11:57:39.354Z,2,81.38,5,OK,0.1
2026-02-15T11:57:39.437Z,5,83.89,5,SATURATED,0.1
2026-02-15T11:57:39.492Z,3,42.90,5,OK,0.1
2026-02-15T11:57:39.542Z,3,42.89,5,OK,0.1
2026-02-15T11:57:39.592Z,3,42.74,5,OK,0.1
2026-02-15T11:57:39.643Z,3,25.61,5,OK,0.1
2026-02-15T11:57:39.693Z,3,23.06,6,OK,0.1
2026-02-15T11:57:39.743Z,3,20.05,7,OK,0.1
2026-02-15T11:57:39.794Z,3,20.12,8,OK,0.1
2026-02-15T11:57:39.844Z,4,20.37,9,OK,0.1
2026-02-15T11:57:39.894Z,4,20.38,10,OK,0.1
2026-02-15T11:57:39.944Z,4,20.39,11,OK,0.1
2026-02-15T11:57:39.995Z,4,20.47,12,OK,0.1
2026-02-15T11:57:40.046Z,5,20.46,13,OK,0.1
2026-02-15T11:57:40.096Z,5,20.52,14,OK,0.1
2026-02-15T11:57:40.146Z,5,20.70,15,OK,0.1
2026-02-15T11:57:40.196Z,5,20.67,16,OK,0.1
2026-02-15T11:57:40.246Z,5,20.68,17,OK,0.1
2026-02-15T11:57:40.297Z,5,20.65,18,OK,0.1
2026-02-15T11:57:40.347Z,5,20.48,19,OK,0.1
2026-02-15T11:57:40.588Z,7,54.44,16,OK,0.1
2026-02-15T11:57:40.787Z,16,80.22,10,SATURATED,0.1
2026-02-15T11:57:40.837Z,5,80.07,5,SATURATED,0.1
2026-02-15T11:57:40.887Z,5,79.95,5,SATURATED,0.1
2026-02-15T11:57:40.937Z,5,79.94,5,SATURATED,0.1
2026-02-15T11:57:40.988Z,5,45.79,5,SATURATED,0.1
2026-02-15T11:57:41.038Z,5,20.07,6,OK,0.1
2026-02-15T11:57:41.089Z,6,20.16,7,OK,0.1
2026-02-15T11:57:41.138Z,6,20.28,8,OK,0.1
2026-02-15T11:57:41.189Z,6,20.30,9,OK,0.1
2026-02-15T11:57:41.239Z,6,20.30,10,OK,0.1
2026-02-15T11:57:41.290Z,6,20.26,11,OK,0.1
2026-02-15T11:57:41.341Z,6,20.30,12,OK,0.1
2026-02-15T11:57:41.391Z,5,20.26,13,OK,0.1
2026-02-15T11:57:41.442Z,5,20.34,14,OK,0.1
2026-02-15T11:57:41.492Z,4,20.35,15,OK,0.1
2026-02-15T11:57:41.543Z,4,20.38,16,OK,0.1
2026-02-15T11:57:41.594Z,5,20.38,17,OK,0.1
2026-02-15T11:57:41.644Z,4,20.46,18,OK,0.1
2026-02-15T11:57:41.694Z,4,20.32,19,OK,0.1
2026-02-15T11:57:41.956Z,14,41.81,17,OK,0.1
2026-02-15T11:57:42.269Z,13,90.34,10,SATURATED,0.1
2026-02-15T11:57:42.320Z,6,90.32,5,SATURATED,0.1
2026-02-15T11:57:42.370Z,5,90.30,5,SATURATED,0.1
2026-02-15T11:57:42.421Z,5,90.33,5,SATURATED,0.1
2026-02-15T11:57:42.471Z,5,68.82,5,SATURATED,0.1
2026-02-15T11:57:42.520Z,5,20.22,6,OK,0.1
2026-02-15T11:57:42.571Z,5,20.17,7,OK,0.1
2026-02-15T11:57:42.861Z,6,45.09,5,SATURATED,0.1
2026-02-15T11:57:42.911Z,5,45.10,5,SATURATED,0.1
2026-02-15T11:57:42.962Z,5,45.10,5,SATURATED,0.1
2026-02-15T11:57:43.012Z,5,45.21,5,SATURATED,0.1
2026-02-15T11:57:43.062Z,4,45.27,5,OK,0.1
2026-02-15T11:57:43.112Z,4,20.31,6,OK,0.1
2026-02-15T11:57:43.162Z,4,20.28,7,OK,0.1
2026-02-15T11:57:43.463Z,7,75.56,5,SATURATED,0.1
2026-02-15T11:57:43.513Z,6,71.46,5,SATURATED,0.1
2026-02-15T11:57:43.563Z,6,71.42,5,SATURATED,0.1
2026-02-15T11:57:43.614Z,6,71.43,5,SATURATED,0.1
2026-02-15T11:57:43.665Z,6,71.48,5,SATURATED,0.1
2026-02-15T11:57:43.714Z,6,16.00,6,SATURATED,0.1
2026-02-15T11:57:43.764Z,3,20.06,7,OK,0.1
2026-02-15T11:57:43.815Z,3,20.09,8,OK,0.1
2026-02-15T11:57:43.868Z,4,20.34,9,OK,0.1
2026-02-15T11:57:44.065Z,6,45.67,6,SATURATED,0.1
2026-02-15T11:57:44.115Z,4,45.86,5,OK,0.1
2026-02-15T11:57:44.166Z,4,45.88,5,OK,0.1
2026-02-15T11:57:44.216Z,3,45.90,5,OK,0.1
2026-02-15T11:57:44.266Z,3,45.67,5,OK,0.1
2026-02-15T11:57:44.317Z,3,20.33,6,OK,0.1
2026-02-15T11:57:44.366Z,3,20.36,7,OK,0.1
2026-02-15T11:57:44.416Z,3,20.43,8,OK,0.1
2026-02-15T11:57:44.467Z,3,20.27,9,OK,0.1
2026-02-15T11:57:44.718Z,8,65.23,5,SATURATED,0.1
2026-02-15T11:57:44.768Z,5,65.20,5,SATURATED,0.1
2026-02-15T11:57:44.818Z,5,65.20,5,SATURATED,0.1
2026-02-15T11:57:44.869Z,5,65.12,5,SATURATED,0.1
2026-02-15T11:57:44.920Z,5,65.25,5,SATURATED,0.1
2026-02-15T11:57:44.969Z,5,20.28,6,OK,0.1
2026-02-15T11:57:45.020Z,5,20.36,7,OK,0.1
2026-02-15T11:57:45.072Z,6,20.40,8,OK,0.1
2026-02-15T11:57:45.194Z,8,40.28,6,SATURATED,0.1
2026-02-15T11:57:45.245Z,5,40.27,5,SATURATED,0.1
2026-02-15T11:57:45.295Z,5,40.29,5,SATURATED,0.1
2026-02-15T11:57:45.344Z,5,40.25,5,SATURATED,0.1
2026-02-15T11:57:45.394Z,4,40.16,5,OK,0.1
2026-02-15T11:57:45.444Z,4,20.26,6,OK,0.1
2026-02-15T11:57:45.494Z,3,20.03,7,OK,0.1
2026-02-15T11:57:45.544Z,3,20.00,8,OK,0.1
2026-02-15T11:57:45.595Z,3,19.95,9,OK,0.1
2026-02-15T11:57:45.646Z,3,20.00,10,OK,0.1
2026-02-15T11:57:45.696Z,3,20.01,11,OK,0.1
2026-02-15T11:57:46.006Z,11,20.28,12,OK,0.1
2026-02-15T11:57:46.234Z,9,51.84,9,SATURATED,0.1
2026-02-15T11:57:46.284Z,4,51.81,6,OK,0.1
2026-02-15T11:57:46.334Z,4,51.82,5,OK,0.1
2026-02-15T11:57:46.385Z,4,51.95,5,OK,0.1
2026-02-15T11:57:46.435Z,4,51.90,5,OK,0.1
2026-02-15T11:57:46.619Z,4,34.21,5,OK,0.1
2026-02-15T11:57:46.669Z,4,34.24,5,OK,0.1
2026-02-15T11:57:46.719Z,4,34.24,5,OK,0.1
2026-02-15T11:57:46.770Z,2,34.14,5,OK,0.1
2026-02-15T11:57:46.820Z,2,34.14,5,OK,0.1
2026-02-15T11:57:46.871Z,2,20.38,6,OK,0.1
2026-02-15T11:57:46.921Z,2,20.40,7,OK,0.1
2026-02-15T11:57:46.972Z,2,20.43,8,OK,0.1
2026-02-15T11:57:47.231Z,2,20.84,9,OK,0.1
2026-02-15T11:57:47.281Z,3,21.11,10,OK,0.1
2026-02-15T11:57:47.331Z,3,21.05,11,OK,0.1
2026-02-15T11:57:47.381Z,3,21.03,12,OK,0.1
2026-02-15T11:57:47.432Z,4,21.02,13,OK,0.1
2026-02-15T11:57:47.483Z,4,20.58,14,OK,0.1
2026-02-15T11:57:47.533Z,4,20.31,15,OK,0.1
2026-02-15T11:57:47.584Z,4,20.30,16,OK,0.1
2026-02-15T11:57:47.633Z,4,20.31,17,OK,0.1
2026-02-15T11:57:47.684Z,4,20.29,18,OK,0.1
2026-02-15T11:57:47.734Z,4,20.28,19,OK,0.1
2026-02-15T11:57:47.785Z,4,20.29,20,OK,0.1
2026-02-15T11:57:47.836Z,4,20.27,21,OK,0.1
2026-02-15T11:57:48.109Z,5,43.12,19,OK,0.1
2026-02-15T11:57:48.159Z,3,43.13,17,OK,0.1
2026-02-15T11:57:48.209Z,3,43.13,15,OK,0.1
2026-02-15T11:57:48.403Z,5,58.28,11,OK,0.1
2026-02-15T11:57:48.513Z,11,66.23,6,SATURATED,0.1
2026-02-15T11:57:48.563Z,6,43.37,5,SATURATED,0.1
2026-02-15T11:57:48.614Z,6,43.41,5,SATURATED,0.1
2026-02-15T11:57:48.665Z,6,43.53,5,SATURATED,0.1
2026-02-15T11:57:48.715Z,6,28.40,5,SATURATED,0.1
2026-02-15T11:57:48.766Z,6,20.48,6,SATURATED,0.1
2026-02-15T11:57:48.816Z,6,20.50,7,OK,0.1
2026-02-15T11:57:48.867Z,6,20.48,8,OK,0.1
2026-02-15T11:57:48.918Z,6,20.35,9,OK,0.1
2026-02-15T11:57:48.969Z,6,20.38,10,OK,0.1
2026-02-15T11:57:49.019Z,6,20.27,11,OK,0.1
2026-02-15T11:57:49.070Z,6,20.26,12,OK,0.1
2026-02-15T11:57:49.120Z,6,20.18,13,OK,0.1
2026-02-15T11:57:49.170Z,6,20.20,14,OK,0.1
2026-02-15T11:57:49.220Z,6,20.15,15,OK,0.1
2026-02-15T11:57:49.270Z,5,20.40,16,OK,0.1
2026-02-15T11:57:49.320Z,5,20.41,17,OK,0.1
2026-02-15T11:57:49.370Z,5,20.43,18,OK,0.1
2026-02-15T11:57:49.420Z,4,20.47,19,OK,0.1
2026-02-15T11:57:49.470Z,4,20.48,20,OK,0.1
2026-02-15T11:57:49.521Z,4,20.30,21,OK,0.1
2026-02-15T11:57:49.571Z,4,20.29,22,OK,0.1
2026-02-15T11:57:49.621Z,4,20.33,23,OK,0.1
2026-02-15T11:57:49.671Z,4,20.35,24,OK,0.1
2026-02-15T11:57:49.721Z,4,20.34,25,OK,0.1
2026-02-15T11:57:49.772Z,4,20.37,26,OK,0.1
2026-02-15T11:57:49.822Z,4,20.38,27,OK,0.1
2026-02-15T11:57:49.872Z,3,20.40,28,OK,0.1
2026-02-15T11:57:49.922Z,3,20.35,29,OK,0.1
2026-02-15T11:57:49.972Z,3,20.35,30,OK,0.1
2026-02-15T11:57:50.023Z,3,20.37,31,OK,0.1
2026-02-15T11:57:50.073Z,3,20.40,32,OK,0.1
2026-02-15T11:57:50.124Z,3,20.38,33,OK,0.1
2026-02-15T11:57:50.174Z,3,20.35,34,OK,0.1
2026-02-15T11:57:50.224Z,3,20.38,35,OK,0.1
2026-02-15T11:57:50.275Z,1,20.28,36,OK,0.1
2026-02-15T11:57:50.325Z,1,20.22,37,OK,0.1
2026-02-15T11:57:50.376Z,1,20.16,38,OK,0.1
2026-02-15T11:57:50.426Z,1,20.18,39,OK,0.1
2026-02-15T11:57:50.476Z,1,20.16,40,OK,0.1
2026-02-15T11:57:50.526Z,0,20.26,41,OK,0.1
2026-02-15T11:57:50.577Z,0,20.28,42,OK,0.1
2026-02-15T11:57:50.627Z,0,20.37,43,OK,0.1
2026-02-15T11:57:50.677Z,0,20.34,44,OK,0.1
2026-02-15T11:57:50.728Z,0,20.38,45,OK,0.1
2026-02-15T11:57:50.779Z,0,20.37,46,OK,0.1
2026-02-15T11:57:50.830Z,0,20.41,47,OK,0.1
2026-02-15T11:57:50.879Z,0,20.41,48,OK,0.1
2026-02-15T11:57:50.929Z,0,20.46,49,OK,0.1
2026-02-15T11:57:50.980Z,0,20.42,50,OK,0.1
2026-02-15T11:57:51.031Z,0,20.38,50,OK,0.1
2026-02-15T11:57:51.082Z,0,20.33,50,OK,0.1
2026-02-15T11:57:51.133Z,0,20.34,50,OK,0.1
2026-02-15T11:57:51.184Z,0,20.32,50,OK,0.1
2026-02-15T11:57:51.235Z,0,20.31,50,OK,0.1
2026-02-15T11:57:51.286Z,0,20.34,50,OK,0.1
2026-02-15T11:57:51.337Z,0,20.32,50,OK,0.1
2026-02-15T11:57:51.387Z,0,20.31,50,OK,0.1
2026-02-15T11:57:51.437Z,0,20.32,50,OK,0.1
2026-02-15T11:57:51.487Z,0,20.38,50,OK,0.1
2026-02-15T11:57:51.538Z,0,20.36,50,OK,0.1
2026-02-15T11:57:51.587Z,0,20.42,50,OK,0.1
2026-02-15T11:57:51.637Z,0,20.55,50,OK,0.1
2026-02-15T11:57:51.687Z,0,20.55,50,OK,0.1
2026-02-15T11:57:51.737Z,0,20.49,50,OK,0.1
2026-02-15T11:57:51.787Z,0,20.48,50,OK,0.1
2026-02-15T11:57:51.838Z,0,20.45,50,OK,0.1
2026-02-15T11:57:51.888Z,0,20.31,50,OK,0.1
2026-02-15T11:57:51.939Z,0,20.38,50,OK,0.1
2026-02-15T11:57:51.989Z,0,20.38,50,OK,0.1
2026-02-15T11:57:52.040Z,0,20.41,50,OK,0.1
2026-02-15T11:57:52.091Z,0,21.91,50,OK,0.1
2026-02-15T11:57:52.141Z,0,21.94,50,OK,0.1
2026-02-15T11:57:52.191Z,0,21.85,50,OK,0.1
2026-02-15T11:57:52.242Z,0,21.87,50,OK,0.1
2026-02-15T11:57:52.292Z,0,21.84,50,OK,0.1
2026-02-15T11:57:52.342Z,0,20.28,50,OK,0.1
2026-02-15T11:57:52.393Z,0,20.25,50,OK,0.1
2026-02-15T11:57:52.444Z,0,20.29,50,OK,0.1
2026-02-15T11:57:52.494Z,0,20.27,50,OK,0.1
2026-02-15T11:57:52.545Z,0,20.32,50,OK,0.1
2026-02-15T11:57:52.595Z,0,20.40,50,OK,0.1
2026-02-15T11:57:52.645Z,0,20.38,50,OK,0.1
2026-02-15T11:57:52.695Z,0,20.33,50,OK,0.1
2026-02-15T11:57:52.745Z,0,20.38,50,OK,0.1
2026-02-15T11:57:52.796Z,0,20.34,50,OK,0.1
2026-02-15T11:57:52.846Z,0,20.44,50,OK,0.1
2026-02-15T11:57:52.897Z,0,20.49,50,OK,0.1
2026-02-15T11:57:52.946Z,0,20.37,50,OK,0.1
2026-02-15T11:57:52.997Z,0,20.30,50,OK,0.1
2026-02-15T11:57:53.047Z,0,20.31,50,OK,0.1
2026-02-15T11:57:53.094Z,0,20.25,50,OK,0.1
2026-02-15T11:57:53.145Z,0,20.35,50,OK,0.1
2026-02-15T11:57:53.195Z,0,20.50,50,OK,0.1
2026-02-15T11:57:53.245Z,0,20.54,50,OK,0.1
2026-02-15T11:57:53.296Z,0,20.55,50,OK,0.1
2026-02-15T11:57:53.346Z,0,20.54,50,OK,0.1
2026-02-15T11:57:53.396Z,0,20.42,50,OK,0.1
2026-02-15T11:57:53.446Z,0,20.36,50,OK,0.1
2026-02-15T11:57:53.496Z,0,20.34,50,OK,0.1
2026-02-15T11:57:53.545Z,0,20.38,50,OK,0.1
2026-02-15T11:57:53.596Z,0,20.35,50,OK,0.1
2026-02-15T11:57:53.645Z,0,20.34,50,OK,0.1
2026-02-15T11:57:53.697Z,0,20.39,50,OK,0.1
2026-02-15T11:57:53.746Z,0,20.44,50,OK,0.1
2026-02-15T11:57:53.797Z,0,20.37,50,OK,0.1
2026-02-15T11:57:53.848Z,0,20.33,50,OK,0.1
2026-02-15T11:57:53.898Z,0,20.33,50,OK,0.1
2026-02-15T11:57:53.948Z,0,20.39,50,OK,0.1
2026-02-15T11:57:53.998Z,0,20.36,50,OK,0.1
2026-02-15T11:57:54.049Z,0,20.38,50,OK,0.1
2026-02-15T11:57:54.099Z,0,20.43,50,OK,0.1
2026-02-15T11:57:54.149Z,0,20.47,50,OK,0.1
2026-02-15T11:57:54.200Z,0,20.40,50,OK,0.1
2026-02-15T11:57:54.251Z,0,20.25,50,OK,0.1
2026-02-15T11:57:54.301Z,0,20.23,50,OK,0.1
2026-02-15T11:57:54.351Z,0,20.23,50,OK,0.1
2026-02-15T11:57:54.402Z,0,20.18,50,OK,0.1
2026-02-15T11:57:54.452Z,0,20.23,50,OK,0.1
2026-02-15T11:57:54.503Z,0,20.37,50,OK,0.1
2026-02-15T11:57:54.553Z,0,20.47,50,OK,0.1
2026-02-15T11:57:54.603Z,0,20.49,50,OK,0.1
2026-02-15T11:57:54.653Z,0,20.43,50,OK,0.1
2026-02-15T11:57:54.702Z,0,20.42,50,OK,0.1
2026-02-15T11:57:54.753Z,0,20.30,50,OK,0.1
2026-02-15T11:57:54.803Z,0,20.09,50,OK,0.1
2026-02-15T11:57:54.853Z,0,19.95,50,OK,0.1
2026-02-15T11:57:54.902Z,0,20.02,50,OK,0.1
2026-02-15T11:57:54.952Z,0,20.08,50,OK,0.1
2026-02-15T11:57:55.003Z,0,20.22,50,OK,0.1
2026-02-15T11:57:55.054Z,0,20.42,50,OK,0.1
2026-02-15T11:57:55.105Z,0,20.52,50,OK,0.1
2026-02-15T11:57:55.156Z,0,20.46,50,OK,0.1
2026-02-15T11:57:55.206Z,0,20.38,50,OK,0.1
2026-02-15T11:57:55.257Z,0,20.25,50,OK,0.1
2026-02-15T11:57:55.307Z,0,20.17,50,OK,0.1
2026-02-15T11:57:55.358Z,0,20.13,50,OK,0.1
2026-02-15T11:57:55.408Z,0,20.19,50,OK,0.1
2026-02-15T11:57:55.459Z,0,20.19,50,OK,0.1
2026-02-15T11:57:55.509Z,0,20.29,50,OK,0.1
2026-02-15T11:57:55.560Z,0,20.18,50,OK,0.1
2026-02-15T11:57:55.610Z,0,20.24,50,OK,0.1
2026-02-15T11:57:55.661Z,0,20.18,50,OK,0.1
2026-02-15T11:57:55.711Z,0,20.17,50,OK,0.1
2026-02-15T11:57:55.762Z,0,20.19,50,OK,0.1
2026-02-15T11:57:55.812Z,0,20.33,50,OK,0.1
2026-02-15T11:57:55.862Z,0,20.32,50,OK,0.1
2026-02-15T11:57:55.913Z,0,20.42,50,OK,0.1
2026-02-15T11:57:55.963Z,0,20.49,50,OK,0.1
2026-02-15T11:57:56.014Z,0,20.49,50,OK,0.1
2026-02-15T11:57:56.064Z,0,20.38,50,OK,0.1
2026-02-15T11:57:56.115Z,0,20.36,50,OK,0.1
2026-02-15T11:57:56.166Z,0,20.31,50,OK,0.1
2026-02-15T11:57:56.216Z,0,20.23,50,OK,0.1
2026-02-15T11:57:56.267Z,0,20.23,50,OK,0.1
2026-02-15T11:57:56.318Z,0,20.29,50,OK,0.1
2026-02-15T11:57:56.368Z,0,20.29,50,OK,0.1
2026-02-15T11:57:56.418Z,0,20.30,50,OK,0.1
2026-02-15T11:57:56.469Z,0,20.35,50,OK,0.1
2026-02-15T11:57:56.520Z,0,20.30,50,OK,0.1
2026-02-15T11:57:56.571Z,0,20.28,50,OK,0.1
2026-02-15T11:57:56.621Z,0,20.26,50,OK,0.1
2026-02-15T11:57:56.671Z,0,20.40,50,OK,0.1
2026-02-15T11:57:56.721Z,0,20.40,50,OK,0.1
2026-02-15T11:57:56.771Z,0,20.37,50,OK,0.1
2026-02-15T11:57:56.821Z,0,20.38,50,OK,0.1
2026-02-15T11:57:56.872Z,0,20.48,50,OK,0.1
2026-02-15T11:57:56.922Z,0,20.36,50,OK,0.1
2026-02-15T11:57:56.973Z,0,20.38,50,OK,0.1
2026-02-15T11:57:57.024Z,0,20.42,50,OK,0.1
2026-02-15T11:57:57.075Z,0,20.46,50,OK,0.1
2026-02-15T11:57:57.126Z,0,20.39,50,OK,0.1
2026-02-15T11:57:57.177Z,0,20.39,50,OK,0.1
2026-02-15T11:57:57.227Z,0,20.35,50,OK,0.1
2026-02-15T11:57:57.277Z,0,20.27,50,OK,0.1
2026-02-15T11:57:57.328Z,0,20.30,50,OK,0.1
2026-02-15T11:57:57.379Z,0,20.24,50,OK,0.1
2026-02-15T11:57:57.429Z,0,20.26,50,OK,0.1
2026-02-15T11:57:57.479Z,0,20.19,50,OK,0.1
2026-02-15T11:57:57.530Z,0,20.26,50,OK,0.1
2026-02-15T11:57:57.581Z,0,20.33,50,OK,0.1
2026-02-15T11:57:57.631Z,0,20.40,50,OK,0.1
2026-02-15T11:57:57.681Z,0,20.32,50,OK,0.1
2026-02-15T11:57:57.732Z,0,20.41,50,OK,0.1
2026-02-15T11:57:57.782Z,0,20.38,50,OK,0.1
2026-02-15T11:57:57.832Z,0,20.27,50,OK,0.1
2026-02-15T11:57:57.882Z,0,20.23,50,OK,0.1
2026-02-15T11:57:57.932Z,0,20.24,50,OK,0.1
2026-02-15T11:57:57.983Z,0,20.35,50,OK,0.1
2026-02-15T11:57:58.034Z,0,20.48,50,OK,0.1
2026-02-15T11:57:58.085Z,0,20.59,50,OK,0.1
2026-02-15T11:57:58.135Z,0,20.65,50,OK,0.1
2026-02-15T11:57:58.186Z,0,20.80,50,OK,0.1
2026-02-15T11:57:58.236Z,0,20.67,50,OK,0.1
2026-02-15T11:57:58.287Z,0,20.53,50,OK,0.1
2026-02-15T11:57:58.337Z,0,20.42,50,OK,0.1
2026-02-15T11:57:58.388Z,0,20.30,50,OK,0.1
2026-02-15T11:57:58.438Z,0,20.20,50,OK,0.1
2026-02-15T11:57:58.489Z,0,20.34,50,OK,0.1
2026-02-15T11:57:58.538Z,0,20.40,50,OK,0.1
2026-02-15T11:57:58.589Z,0,20.32,50,OK,0.1
2026-02-15T11:57:58.640Z,0,20.40,50,OK,0.1
2026-02-15T11:57:58.690Z,0,20.42,50,OK,0.1
2026-02-15T11:57:58.740Z,0,20.28,50,OK,0.1
2026-02-15T11:57:58.791Z,0,20.31,50,OK,0.1
2026-02-15T11:57:58.842Z,0,20.38,50,OK,0.1
2026-02-15T11:57:58.892Z,0,20.40,50,OK,0.1
2026-02-15T11:57:58.942Z,0,20.36,50,OK,0.1
2026-02-15T11:57:58.993Z,0,20.39,50,OK,0.1
2026-02-15T11:57:59.043Z,0,20.31,50,OK,0.1
2026-02-15T11:57:59.092Z,0,20.24,50,OK,0.1
2026-02-15T11:57:59.143Z,0,20.22,50,OK,0.1
2026-02-15T11:57:59.194Z,0,20.18,50,OK,0.1
2026-02-15T11:57:59.244Z,0,20.21,50,OK,0.1
2026-02-15T11:57:59.295Z,0,20.26,50,OK,0.1
2026-02-15T11:57:59.346Z,0,20.33,50,OK,0.1
2026-02-15T11:57:59.396Z,0,20.33,50,OK,0.1
2026-02-15T11:57:59.447Z,0,20.38,50,OK,0.1
2026-02-15T11:57:59.498Z,0,20.35,50,OK,0.1
2026-02-15T11:57:59.549Z,0,20.36,50,OK,0.1
2026-02-15T11:57:59.600Z,0,20.34,50,OK,0.1
2026-02-15T11:57:59.650Z,0,20.36,50,OK,0.1
2026-02-15T11:57:59.700Z,0,20.40,50,OK,0.1
2026-02-15T11:57:59.750Z,0,20.42,50,OK,0.1
2026-02-15T11:57:59.801Z,0,20.44,50,OK,0.1
2026-02-15T11:57:59.851Z,0,20.47,50,OK,0.1
2026-02-15T11:57:59.902Z,0,20.43,50,OK,0.1
2026-02-15T11:57:59.953Z,0,20.38,50,OK,0.1
2026-02-15T11:58:00.003Z,0,20.43,50,OK,0.1
2026-02-15T11:58:00.053Z,0,20.40,50,OK,0.1
2026-02-15T11:58:00.104Z,0,20.37,50,OK,0.1
2026-02-15T11:58:00.154Z,0,20.41,50,OK,0.1
2026-02-15T11:58:00.204Z,0,20.48,50,OK,0.1
2026-02-15T11:58:00.255Z,0,20.43,50,OK,0.1
2026-02-15T11:58:00.305Z,0,20.50,50,OK,0.1
2026-02-15T11:58:00.356Z,0,20.54,50,OK,0.1
2026-02-15T11:58:00.406Z,0,20.55,50,OK,0.1
2026-02-15T11:58:00.456Z,0,20.47,50,OK,0.1
2026-02-15T11:58:00.507Z,0,20.43,50,OK,0.1
2026-02-15T11:58:00.557Z,0,20.43,50,OK,0.1
2026-02-15T11:58:00.607Z,0,20.55,50,OK,0.1
2026-02-15T11:58:00.657Z,0,20.53,50,OK,0.1
2026-02-15T11:58:00.708Z,0,20.56,50,OK,0.1
2026-02-15T11:58:00.759Z,0,20.57,50,OK,0.1
2026-02-15T11:58:00.810Z,0,20.46,50,OK,0.1
2026-02-15T11:58:00.859Z,0,20.30,50,OK,0.1
2026-02-15T11:58:00.910Z,0,20.27,50,OK,0.1
2026-02-15T11:58:00.961Z,0,20.21,50,OK,0.1
2026-02-15T11:58:01.012Z,0,20.20,50,OK,0.1
2026-02-15T11:58:01.062Z,0,20.16,50,OK,0.1
2026-02-15T11:58:01.113Z,0,20.22,50,OK,0.1
2026-02-15T11:58:01.164Z,0,20.24,50,OK,0.1
2026-02-15T11:58:01.213Z,0,20.29,50,OK,0.1
2026-02-15T11:58:01.267Z,0,20.33,50,OK,0.1
2026-02-15T11:58:01.317Z,0,20.41,50,OK,0.1
2026-02-15T11:58:01.367Z,0,20.36,50,OK,0.1
2026-02-15T11:58:01.418Z,0,20.43,50,OK,0.1
2026-02-15T11:58:01.468Z,0,20.43,50,OK,0.1
2026-02-15T11:58:01.518Z,0,20.42,50,OK,0.1
2026-02-15T11:58:01.568Z,0,20.41,50,OK,0.1
2026-02-15T11:58:01.618Z,0,20.42,50,OK,0.1
2026-02-15T11:58:01.670Z,0,20.40,50,OK,0.1
2026-02-15T11:58:01.720Z,0,20.38,50,OK,0.1
2026-02-15T11:58:01.769Z,0,20.37,50,OK,0.1
2026-02-15T11:58:01.819Z,0,20.39,50,OK,0.1
2026-02-15T11:58:01.870Z,0,20.41,50,OK,0.1
2026-02-15T11:58:01.921Z,0,20.39,50,OK,0.1
2026-02-15T11:58:01.971Z,0,20.36,50,OK,0.1
2026-02-15T11:58:02.022Z,0,20.36,50,OK,0.1
2026-02-15T11:58:02.073Z,0,20.33,50,OK,0.1
2026-02-15T11:58:02.123Z,0,20.32,50,OK,0.1
2026-02-15T11:58:02.173Z,0,20.29,50,OK,0.1
2026-02-15T11:58:02.224Z,0,20.31,50,OK,0.1
2026-02-15T11:58:02.274Z,0,20.31,50,OK,0.1
2026-02-15T11:58:02.325Z,0,20.31,50,OK,0.1
2026-02-15T11:58:02.375Z,0,20.31,50,OK,0.1
2026-02-15T11:58:02.426Z,0,20.33,50,OK,0.1
2026-02-15T11:58:02.477Z,0,20.33,50,OK,0.1
2026-02-15T11:58:02.528Z,0,20.35,50,OK,0.1
2026-02-15T11:58:02.579Z,0,20.39,50,OK,0.1
2026-02-15T11:58:02.629Z,0,20.39,50,OK,0.1
2026-02-15T11:58:02.679Z,0,20.39,50,OK,0.1
2026-02-15T11:58:02.730Z,0,20.44,50,OK,0.1
2026-02-15T11:58:02.781Z,0,20.40,50,OK,0.1
2026-02-15T11:58:02.831Z,0,20.37,50,OK,0.1
2026-02-15T11:58:02.881Z,0,20.46,50,OK,0.1
2026-02-15T11:58:02.932Z,0,20.53,50,OK,0.1
2026-02-15T11:58:02.983Z,0,20.48,50,OK,0.1
2026-02-15T11:58:03.034Z,0,20.48,50,OK,0.1
2026-02-15T11:58:03.084Z,0,20.48,50,OK,0.1
2026-02-15T11:58:03.135Z,0,20.40,50,OK,0.1
2026-02-15T11:58:03.186Z,0,20.26,50,OK,0.1
2026-02-15T11:58:03.236Z,0,20.22,50,OK,0.1
2026-02-15T11:58:03.286Z,0,20.29,50,OK,0.1
2026-02-15T11:58:03.337Z,0,20.34,50,OK,0.1
2026-02-15T11:58:03.387Z,0,20.33,50,OK,0.1
2026-02-15T11:58:03.438Z,0,20.47,50,OK,0.1
2026-02-15T11:58:03.488Z,0,20.47,50,OK,0.1
2026-02-15T11:58:03.539Z,0,20.41,50,OK,0.1
2026-02-15T11:58:03.589Z,0,20.40,50,OK,0.1
2026-02-15T11:58:03.640Z,0,20.39,50,OK,0.1
2026-02-15T11:58:03.690Z,0,20.33,50,OK,0.1
2026-02-15T11:58:03.741Z,0,20.35,50,OK,0.1
2026-02-15T11:58:03.792Z,0,20.38,50,OK,0.1
2026-02-15T11:58:03.843Z,0,20.33,50,OK,0.1
2026-02-15T11:58:03.893Z,0,20.42,50,OK,0.1
2026-02-15T11:58:03.944Z,0,20.45,50,OK,0.1
2026-02-15T11:58:03.994Z,0,20.50,50,OK,0.1
2026-02-15T11:58:04.045Z,0,20.50,50,OK,0.1
2026-02-15T11:58:04.096Z,0,20.61,50,OK,0.1
2026-02-15T11:58:04.147Z,0,20.53,50,OK,0.1
2026-02-15T11:58:04.198Z,0,20.40,50,OK,0.1
2026-02-15T11:58:04.249Z,0,20.39,50,OK,0.1
2026-02-15T11:58:04.299Z,0,20.51,50,OK,0.1
2026-02-15T11:58:04.349Z,0,20.42,50,OK,0.1
2026-02-15T11:58:04.400Z,0,20.34,50,OK,0.1
2026-02-15T11:58:04.451Z,0,20.45,50,OK,0.1
2026-02-15T11:58:04.502Z,0,20.34,50,OK,0.1
2026-02-15T11:58:04.553Z,0,20.22,50,OK,0.1
2026-02-15T11:58:04.604Z,0,20.14,50,OK,0.1
2026-02-15T11:58:04.655Z,0,20.24,50,OK,0.1
2026-02-15T11:58:04.706Z,0,20.11,50,OK,0.1
2026-02-15T11:58:04.756Z,0,20.17,50,OK,0.1
2026-02-15T11:58:04.807Z,0,20.05,50,OK,0.1
2026-02-15T11:58:04.858Z,0,20.16,50,OK,0.1
2026-02-15T11:58:04.909Z,0,20.07,50,OK,0.1
2026-02-15T11:58:04.960Z,0,20.22,50,OK,0.1
2026-02-15T11:58:05.011Z,0,20.16,50,OK,0.1
2026-02-15T11:58:05.061Z,0,20.27,50,OK,0.1
2026-02-15T11:58:05.111Z,0,20.34,50,OK,0.1
2026-02-15T11:58:05.162Z,0,20.40,50,OK,0.1
2026-02-15T11:58:05.213Z,0,20.24,50,OK,0.1
2026-02-15T11:58:05.263Z,0,20.29,50,OK,0.1
2026-02-15T11:58:05.312Z,0,20.36,50,OK,0.1
2026-02-15T11:58:05.363Z,0,20.23,50,OK,0.1
2026-02-15T11:58:05.413Z,0,20.14,50,OK,0.1
2026-02-15T11:58:05.464Z,0,20.30,50,OK,0.1
2026-02-15T11:58:05.514Z,0,20.44,50,OK,0.1
2026-02-15T11:58:05.565Z,0,20.37,50,OK,0.1
2026-02-15T11:58:05.615Z,0,20.32,50,OK,0.1
2026-02-15T11:58:05.665Z,0,20.43,50,OK,0.1
2026-02-15T11:58:05.715Z,0,20.48,50,OK,0.1
2026-02-15T11:58:05.765Z,0,20.35,50,OK,0.1
2026-02-15T11:58:05.816Z,0,20.40,50,OK,0.1
2026-02-15T11:58:05.867Z,0,20.48,50,OK,0.1
2026-02-15T11:58:05.917Z,0,20.47,50,OK,0.1
2026-02-15T11:58:05.968Z,0,20.42,50,OK,0.1
2026-02-15T11:58:06.019Z,0,20.51,50,OK,0.1
2026-02-15T11:58:06.069Z,0,20.51,50,OK,0.1
2026-02-15T11:58:06.120Z,0,20.51,50,OK,0.1
2026-02-15T11:58:06.171Z,0,20.47,50,OK,0.1
2026-02-15T11:58:06.221Z,0,20.45,50,OK,0.1
2026-02-15T11:58:06.271Z,0,20.34,50,OK,0.1
2026-02-15T11:58:06.322Z,0,20.33,50,OK,0.1
2026-02-15T11:58:06.372Z,0,20.32,50,OK,0.1
2026-02-15T11:58:06.422Z,0,20.33,50,OK,0.1
2026-02-15T11:58:06.472Z,0,20.30,50,OK,0.1
2026-02-15T11:58:06.523Z,0,20.43,50,OK,0.1
2026-02-15T11:58:06.573Z,0,20.37,50,OK,0.1
2026-02-15T11:58:06.623Z,0,20.45,50,OK,0.1
2026-02-15T11:58:06.673Z,0,20.50,50,OK,0.1
2026-02-15T11:58:06.723Z,0,20.63,50,OK,0.1
2026-02-15T11:58:06.774Z,0,20.52,50,OK,0.1
2026-02-15T11:58:06.824Z,0,20.61,50,OK,0.1
2026-02-15T11:58:06.874Z,0,20.55,50,OK,0.1
2026-02-15T11:58:06.925Z,0,20.58,50,OK,0.1
2026-02-15T11:58:06.974Z,0,20.50,50,OK,0.1
2026-02-15T11:58:07.025Z,0,20.53,50,OK,0.1
2026-02-15T11:58:07.076Z,0,20.47,50,OK,0.1
2026-02-15T11:58:07.127Z,0,20.45,50,OK,0.1
2026-02-15T11:58:07.178Z,0,20.38,50,OK,0.1
2026-02-15T11:58:07.228Z,0,20.33,50,OK,0.1
2026-02-15T11:58:07.278Z,0,20.33,50,OK,0.1
2026-02-15T11:58:07.329Z,0,20.33,50,OK,0.1
2026-02-15T11:58:07.379Z,0,20.32,50,OK,0.1
2026-02-15T11:58:07.428Z,0,20.34,50,OK,0.1
2026-02-15T11:58:07.479Z,0,20.34,50,OK,0.1
2026-02-15T11:58:07.529Z,0,20.23,50,OK,0.1
2026-02-15T11:58:07.580Z,0,20.23,50,OK,0.1
2026-02-15T11:58:07.631Z,0,20.25,50,OK,0.1
2026-02-15T11:58:07.681Z,0,20.27,50,OK,0.1
2026-02-15T11:58:07.731Z,0,20.31,50,OK,0.1
2026-02-15T11:58:07.782Z,0,20.37,50,OK,0.1
2026-02-15T11:58:07.832Z,0,20.42,50,OK,0.1
2026-02-15T11:58:07.882Z,0,20.42,50,OK,0.1
2026-02-15T11:58:07.932Z,0,20.46,50,OK,0.1
2026-02-15T11:58:07.982Z,0,20.49,50,OK,0.1
2026-02-15T11:58:08.033Z,0,20.52,50,OK,0.1
2026-02-15T11:58:08.083Z,0,20.50,50,OK,0.1
2026-02-15T11:58:08.134Z,0,20.44,50,OK,0.1
2026-02-15T11:58:08.185Z,0,20.35,50,OK,0.1
2026-02-15T11:58:08.235Z,0,20.26,50,OK,0.1
2026-02-15T11:58:08.286Z,0,20.23,50,OK,0.1
2026-02-15T11:58:08.337Z,0,20.19,50,OK,0.1
2026-02-15T11:58:08.387Z,0,20.25,50,OK,0.1
2026-02-15T11:58:08.438Z,0,20.22,50,OK,0.1
2026-02-15T11:58:08.488Z,0,20.29,50,OK,0.1
2026-02-15T11:58:08.539Z,0,20.31,50,OK,0.1
2026-02-15T11:58:08.589Z,0,20.33,50,OK,0.1
2026-02-15T11:58:08.640Z,0,20.30,50,OK,0.1
2026-02-15T11:58:08.689Z,0,20.38,50,OK,0.1
2026-02-15T11:58:08.740Z,0,20.37,50,OK,0.1
2026-02-15T11:58:08.790Z,0,20.37,50,OK,0.1
2026-02-15T11:58:08.840Z,0,20.43,50,OK,0.1
2026-02-15T11:58:08.891Z,0,20.43,50,OK,0.1
2026-02-15T11:58:08.942Z,0,20.41,50,OK,0.1
2026-02-15T11:58:08.991Z,0,20.38,50,OK,0.1
2026-02-15T11:58:09.042Z,0,20.34,50,OK,0.1
2026-02-15T11:58:09.092Z,0,20.26,50,OK,0.1
2026-02-15T11:58:09.142Z,0,20.29,50,OK,0.1
2026-02-15T11:58:09.193Z,0,20.28,50,OK,0.1
2026-02-15T11:58:09.243Z,0,20.34,50,OK,0.1
2026-02-15T11:58:09.293Z,0,20.41,50,OK,0.1
2026-02-15T11:58:09.344Z,0,20.42,50,OK,0.1
2026-02-15T11:58:09.394Z,0,20.42,50,OK,0.1
2026-02-15T11:58:09.445Z,0,20.44,50,OK,0.1
2026-02-15T11:58:09.496Z,0,20.43,50,OK,0.1
2026-02-15T11:58:09.547Z,0,20.38,50,OK,0.1
2026-02-15T11:58:09.597Z,0,20.35,50,OK,0.1
2026-02-15T11:58:09.646Z,0,20.30,50,OK,0.1
2026-02-15T11:58:09.696Z,0,20.28,50,OK,0.1
2026-02-15T11:58:09.747Z,0,20.27,50,OK,0.1
2026-02-15T11:58:09.796Z,0,20.31,50,OK,0.1
2026-02-15T11:58:09.847Z,0,20.35,50,OK,0.1
2026-02-15T11:58:09.897Z,0,20.41,50,OK,0.1
2026-02-15T11:58:09.948Z,0,20.48,50,OK,0.1
2026-02-15T11:58:09.998Z,0,20.50,50,OK,0.1
2026-02-15T11:58:10.049Z,0,20.41,50,OK,0.1
2026-02-15T11:58:10.100Z,0,20.42,50,OK,0.1
2026-02-15T11:58:10.150Z,0,20.42,50,OK,0.1
2026-02-15T11:58:10.201Z,0,20.35,50,OK,0.1
2026-02-15T11:58:10.251Z,0,20.36,50,OK,0.1
2026-02-15T11:58:10.301Z,0,20.40,50,OK,0.1
2026-02-15T11:58:10.350Z,0,20.39,50,OK,0.1
2026-02-15T11:58:10.401Z,0,20.33,50,OK,0.1
2026-02-15T11:58:10.451Z,0,20.26,50,OK,0.1
2026-02-15T11:58:10.501Z,0,20.20,50,OK,0.1
2026-02-15T11:58:10.551Z,0,20.22,50,OK,0.1
2026-02-15T11:58:10.601Z,0,20.18,50,OK,0.1
2026-02-15T11:58:10.651Z,0,20.19,50,OK,0.1
2026-02-15T11:58:10.702Z,0,20.25,50,OK,0.1
2026-02-15T11:58:10.752Z,0,20.27,50,OK,0.1
2026-02-15T11:58:10.801Z,0,20.20,50,OK,0.1
2026-02-15T11:58:10.852Z,0,20.29,50,OK,0.1
2026-02-15T11:58:10.902Z,0,20.27,50,OK,0.1
2026-02-15T11:58:10.953Z,0,20.24,50,OK,0.1
2026-02-15T11:58:11.002Z,0,20.26,50,OK,0.1
2026-02-15T11:58:11.053Z,0,20.33,50,OK,0.1
2026-02-15T11:58:11.104Z,0,20.23,50,OK,0.1
2026-02-15T11:58:11.155Z,0,20.28,50,OK,0.1
2026-02-15T11:58:11.205Z,0,20.30,50,OK,0.1
2026-02-15T11:58:11.256Z,0,20.30,50,OK,0.1
2026-02-15T11:58:11.306Z,0,20.27,50,OK,0.1
2026-02-15T11:58:11.357Z,0,20.31,50,OK,0.1
2026-02-15T11:58:11.407Z,0,20.29,50,OK,0.1
2026-02-15T11:58:11.458Z,0,20.32,50,OK,0.1
2026-02-15T11:58:11.509Z,0,20.37,50,OK,0.1
2026-02-15T11:58:11.559Z,0,20.39,50,OK,0.1
2026-02-15T11:58:11.609Z,0,20.45,50,OK,0.1
2026-02-15T11:58:11.659Z,0,20.45,50,OK,0.1
2026-02-15T11:58:11.709Z,0,20.41,50,OK,0.1
2026-02-15T11:58:11.759Z,0,20.33,50,OK,0.1
2026-02-15T11:58:11.810Z,0,20.32,50,OK,0.1
2026-02-15T11:58:11.861Z,0,20.25,50,OK,0.1
2026-02-15T11:58:11.912Z,0,20.26,50,OK,0.1
2026-02-15T11:58:11.963Z,0,20.27,50,OK,0.1
2026-02-15T11:58:12.012Z,0,20.28,50,OK,0.1
2026-02-15T11:58:12.063Z,0,20.29,50,OK,0.1
2026-02-15T11:58:12.113Z,0,20.28,50,OK,0.1
2026-02-15T11:58:12.164Z,0,20.26,50,OK,0.1
2026-02-15T11:58:12.215Z,0,20.28,50,OK,0.1
2026-02-15T11:58:12.266Z,0,20.28,50,OK,0.1
2026-02-15T11:58:12.316Z,0,20.30,50,OK,0.1
2026-02-15T11:58:12.367Z,0,20.35,50,OK,0.1
2026-02-15T11:58:12.417Z,0,20.40,50,OK,0.1
2026-02-15T11:58:12.467Z,0,20.46,50,OK,0.1
2026-02-15T11:58:12.518Z,0,20.49,50,OK,0.1
2026-02-15T11:58:12.569Z,0,20.47,50,OK,0.1
2026-02-15T11:58:12.620Z,0,20.39,50,OK,0.1
2026-02-15T11:58:12.670Z,0,20.36,50,OK,0.1
2026-02-15T11:58:12.721Z,0,20.34,50,OK,0.1
2026-02-15T11:58:12.771Z,0,20.31,50,OK,0.1
2026-02-15T11:58:12.821Z,0,20.32,50,OK,0.1
2026-02-15T11:58:12.872Z,0,20.35,50,OK,0.1
2026-02-15T11:58:12.923Z,0,20.33,50,OK,0.1
2026-02-15T11:58:12.972Z,0,20.29,50,OK,0.1
2026-02-15T11:58:13.023Z,0,20.30,50,OK,0.1
2026-02-15T11:58:13.073Z,0,20.33,50,OK,0.1
2026-02-15T11:58:13.122Z,0,20.33,50,OK,0.1
2026-02-15T11:58:13.173Z,0,20.35,50,OK,0.1
2026-02-15T11:58:13.223Z,0,20.30,50,OK,0.1
2026-02-15T11:58:13.274Z,0,20.31,50,OK,0.1
2026-02-15T11:58:13.323Z,0,20.24,50,OK,0.1
2026-02-15T11:58:13.373Z,0,20.23,50,OK,0.1
2026-02-15T11:58:13.423Z,0,20.26,50,OK,0.1
2026-02-15T11:58:13.475Z,0,20.27,50,OK,0.1
2026-02-15T11:58:13.525Z,0,20.25,50,OK,0.1
2026-02-15T11:58:13.575Z,0,20.26,50,OK,0.1
2026-02-15T11:58:13.626Z,0,20.29,50,OK,0.1
2026-02-15T11:58:13.676Z,0,20.26,50,OK,0.1
2026-02-15T11:58:13.726Z,0,20.25,50,OK,0.1
2026-02-15T11:58:13.776Z,0,20.26,50,OK,0.1
2026-02-15T11:58:13.826Z,0,20.25,50,OK,0.1
2026-02-15T11:58:13.877Z,0,20.23,50,OK,0.1
2026-02-15T11:58:13.929Z,0,20.23,50,OK,0.1
2026-02-15T11:58:13.978Z,0,20.23,50,OK,0.1
2026-02-15T11:58:14.028Z,0,20.23,50,OK,0.1
2026-02-15T11:58:14.079Z,0,20.26,50,OK,0.1
2026-02-15T11:58:14.128Z,0,20.26,50,OK,0.1
2026-02-15T11:58:14.179Z,0,20.28,50,OK,0.1
2026-02-15T11:58:14.230Z,0,20.28,50,OK,0.1
2026-02-15T11:58:14.280Z,0,20.31,50,OK,0.1
2026-02-15T11:58:14.331Z,0,20.29,50,OK,0.1
2026-02-15T11:58:14.380Z,0,20.30,50,OK,0.1
2026-02-15T11:58:14.430Z,0,20.28,50,OK,0.1
2026-02-15T11:58:14.481Z,0,20.28,50,OK,0.1
2026-02-15T11:58:14.531Z,0,20.15,50,OK,0.1
2026-02-15T11:58:14.582Z,0,20.15,50,OK,0.1
2026-02-15T11:58:14.633Z,0,20.14,50,OK,0.1
2026-02-15T11:58:14.682Z,0,20.15,50,OK,0.1
2026-02-15T11:58:14.733Z,0,20.16,50,OK,0.1
2026-02-15T11:58:14.784Z,0,20.25,50,OK,0.1
2026-02-15T11:58:14.834Z,0,20.26,50,OK,0.1
2026-02-15T11:58:14.885Z,0,20.26,50,OK,0.1
2026-02-15T11:58:14.935Z,0,20.27,50,OK,0.1
2026-02-15T11:58:14.985Z,0,20.26,50,OK,0.1
2026-02-15T11:58:15.035Z,0,20.34,50,OK,0.1
2026-02-15T11:58:15.086Z,0,20.34,50,OK,0.1
2026-02-15T11:58:15.137Z,0,20.38,50,OK,0.1
2026-02-15T11:58:15.187Z,0,20.45,50,OK,0.1
2026-02-15T11:58:15.238Z,0,20.42,50,OK,0.1
2026-02-15T11:58:15.289Z,0,20.35,50,OK,0.1
2026-02-15T11:58:15.338Z,0,20.20,50,OK,0.1
2026-02-15T11:58:15.389Z,0,20.19,50,OK,0.1
2026-02-15T11:58:15.439Z,0,20.11,50,OK,0.1
2026-02-15T11:58:15.490Z,0,20.13,50,OK,0.1
2026-02-15T11:58:15.540Z,0,20.15,50,OK,0.1
2026-02-15T11:58:15.591Z,0,20.30,50,OK,0.1
2026-02-15T11:58:15.641Z,0,20.23,50,OK,0.1
2026-02-15T11:58:15.690Z,0,20.23,50,OK,0.1
2026-02-15T11:58:15.740Z,0,20.30,50,OK,0.1
2026-02-15T11:58:15.791Z,0,20.27,50,OK,0.1
2026-02-15T11:58:15.841Z,0,20.23,50,OK,0.1
2026-02-15T11:58:15.891Z,0,20.31,50,OK,0.1
2026-02-15T11:58:15.941Z,0,20.36,50,OK,0.1
2026-02-15T11:58:15.992Z,0,20.29,50,OK,0.1
2026-02-15T11:58:16.042Z,0,20.24,50,OK,0.1
2026-02-15T11:58:16.092Z,0,20.27,50,OK,0.1
2026-02-15T11:58:16.142Z,0,20.26,50,OK,0.1
2026-02-15T11:58:16.192Z,0,20.19,50,OK,0.1
2026-02-15T11:58:16.243Z,0,20.09,50,OK,0.1
2026-02-15T11:58:16.293Z,0,20.15,50,OK,0.1
2026-02-15T11:58:16.343Z,0,20.07,50,OK,0.1
2026-02-15T11:58:16.393Z,0,20.04,50,OK,0.1
2026-02-15T11:58:16.443Z,0,20.06,50,OK,0.1
2026-02-15T11:58:16.492Z,0,20.14,50,OK,0.1
2026-02-15T11:58:16.543Z,0,20.14,50,OK,0.1
2026-02-15T11:58:16.593Z,0,20.27,50,OK,0.1
2026-02-15T11:58:16.643Z,0,20.27,50,OK,0.1
2026-02-15T11:58:16.695Z,0,20.31,50,OK,0.1
2026-02-15T11:58:16.745Z,0,20.29,50,OK,0.1
2026-02-15T11:58:16.795Z,0,20.38,50,OK,0.1
2026-02-15T11:58:16.845Z,0,20.34,50,OK,0.1
2026-02-15T11:58:16.896Z,0,20.38,50,OK,0.1
2026-02-15T11:58:16.946Z,0,20.34,50,OK,0.1
2026-02-15T11:58:16.996Z,0,20.40,50,OK,0.1
2026-02-15T11:58:17.047Z,0,20.32,50,OK,0.1
2026-02-15T11:58:17.097Z,0,20.37,50,OK,0.1
2026-02-15T11:58:17.147Z,0,20.35,50,OK,0.1
2026-02-15T11:58:17.196Z,0,20.35,50,OK,0.1
2026-02-15T11:58:17.247Z,0,20.35,50,OK,0.1
2026-02-15T11:58:17.297Z,0,20.37,50,OK,0.1
2026-02-15T11:58:17.348Z,0,20.32,50,OK,0.1
2026-02-15T11:58:17.399Z,0,20.32,50,OK,0.1
2026-02-15T11:58:17.449Z,0,20.33,50,OK,0.1
2026-02-15T11:58:17.500Z,0,20.31,50,OK,0.1
2026-02-15T11:58:17.550Z,0,20.29,50,OK,0.1
2026-02-15T11:58:17.600Z,0,20.30,50,OK,0.1
2026-02-15T11:58:17.649Z,0,20.28,50,OK,0.1
2026-02-15T11:58:17.700Z,0,20.28,50,OK,0.1
2026-02-15T11:58:17.751Z,0,20.25,50,OK,0.1
2026-02-15T11:58:17.801Z,0,20.25,50,OK,0.1
2026-02-15T11:58:17.851Z,0,20.24,50,OK,0.1
2026-02-15T11:58:17.902Z,0,20.24,50,OK,0.1
2026-02-15T11:58:17.953Z,0,20.22,50,OK,0.1
2026-02-15T11:58:18.003Z,0,20.22,50,OK,0.1
2026-02-15T11:58:18.053Z,0,20.21,50,OK,0.1
2026-02-15T11:58:18.104Z,0,20.22,50,OK,0.1
2026-02-15T11:58:18.155Z,0,20.17,50,OK,0.1
2026-02-15T11:58:18.205Z,0,20.18,50,OK,0.1
2026-02-15T11:58:18.255Z,0,20.19,50,OK,0.1
2026-02-15T11:58:18.306Z,0,20.24,50,OK,0.1
2026-02-15T11:58:18.355Z,0,20.24,50,OK,0.1
2026-02-15T11:58:18.406Z,0,20.33,50,OK,0.1
2026-02-15T11:58:18.455Z,0,20.36,50,OK,0.1
2026-02-15T11:58:18.505Z,0,20.36,50,OK,0.1
2026-02-15T11:58:18.556Z,0,20.39,50,OK,0.1
2026-02-15T11:58:18.605Z,0,20.42,50,OK,0.1
2026-02-15T11:58:18.656Z,0,20.34,50,OK,0.1
2026-02-15T11:58:18.705Z,0,20.31,50,OK,0.1
2026-02-15T11:58:18.756Z,0,20.30,50,OK,0.1
2026-02-15T11:58:18.806Z,0,20.25,50,OK,0.1
2026-02-15T11:58:18.857Z,0,20.22,50,OK,0.1
2026-02-15T11:58:18.906Z,0,20.32,50,OK,0.1
2026-02-15T11:58:18.956Z,0,20.36,50,OK,0.1
2026-02-15T11:58:19.007Z,0,20.36,50,OK,0.1
2026-02-15T11:58:19.057Z,0,20.32,50,OK,0.1
2026-02-15T11:58:19.106Z,0,20.33,50,OK,0.1
2026-02-15T11:58:19.157Z,0,20.28,50,OK,0.1
2026-02-15T11:58:19.207Z,0,20.24,50,OK,0.1
2026-02-15T11:58:19.257Z,0,20.24,50,OK,0.1
2026-02-15T11:58:19.307Z,0,20.26,50,OK,0.1
2026-02-15T11:58:19.358Z,0,20.24,50,OK,0.1
2026-02-15T11:58:19.409Z,0,20.24,50,OK,0.1
2026-02-15T11:58:19.459Z,0,20.24,50,OK,0.1
2026-02-15T11:58:19.509Z,0,20.24,50,OK,0.1
2026-02-15T11:58:19.559Z,0,20.27,50,OK,0.1
2026-02-15T11:58:19.609Z,0,20.29,50,OK,0.1
2026-02-15T11:58:19.659Z,0,20.29,50,OK,0.1
2026-02-15T11:58:19.709Z,0,20.30,50,OK,0.1
2026-02-15T11:58:19.759Z,0,20.38,50,OK,0.1
2026-02-15T11:58:19.810Z,0,20.39,50,OK,0.1
2026-02-15T11:58:19.860Z,0,20.30,50,OK,0.1
2026-02-15T11:58:19.911Z,0,20.31,50,OK,0.1
2026-02-15T11:58:19.961Z,0,20.34,50,OK,0.1
2026-02-15T11:58:20.012Z,0,20.25,50,OK,0.1
2026-02-15T11:58:20.063Z,0,20.26,50,OK,0.1
2026-02-15T11:58:20.114Z,0,20.33,50,OK,0.1
2026-02-15T11:58:20.165Z,0,20.39,50,OK,0.1
2026-02-15T11:58:20.216Z,0,20.38,50,OK,0.1
2026-02-15T11:58:20.266Z,0,20.51,50,OK,0.1
2026-02-15T11:58:20.317Z,0,20.47,50,OK,0.1
2026-02-15T11:58:20.368Z,0,20.58,50,OK,0.1
2026-02-15T11:58:20.419Z,0,20.50,50,OK,0.1
2026-02-15T11:58:20.470Z,0,20.40,50,OK,0.1
2026-02-15T11:58:20.519Z,0,20.28,50,OK,0.1
2026-02-15T11:58:20.570Z,0,20.29,50,OK,0.1
2026-02-15T11:58:20.620Z,0,20.22,50,OK,0.1
2026-02-15T11:58:20.671Z,0,20.23,50,OK,0.1
2026-02-15T11:58:20.722Z,0,20.34,50,OK,0.1
2026-02-15T11:58:20.773Z,0,20.38,50,OK,0.1
2026-02-15T11:58:20.822Z,0,20.39,50,OK,0.1
2026-02-15T11:58:20.873Z,0,20.39,50,OK,0.1
2026-02-15T11:58:20.923Z,0,20.38,50,OK,0.1
2026-02-15T11:58:20.974Z,0,20.31,50,OK,0.1
2026-02-15T11:58:21.024Z,0,20.33,50,OK,0.1
2026-02-15T11:58:21.075Z,0,20.37,50,OK,0.1
2026-02-15T11:58:21.125Z,0,20.38,50,OK,0.1
2026-02-15T11:58:21.175Z,0,20.36,50,OK,0.1
2026-02-15T11:58:21.226Z,0,20.41,50,OK,0.1
2026-02-15T11:58:21.276Z,0,20.33,50,OK,0.1
2026-02-15T11:58:21.326Z,0,20.26,50,OK,0.1
2026-02-15T11:58:21.377Z,0,20.29,50,OK,0.1
2026-02-15T11:58:21.428Z,0,20.38,50,OK,0.1
2026-02-15T11:58:21.479Z,0,20.42,50,OK,0.1
2026-02-15T11:58:21.529Z,0,20.45,50,OK,0.1
2026-02-15T11:58:21.578Z,0,20.49,50,OK,0.1
2026-02-15T11:58:21.629Z,0,20.46,50,OK,0.1
2026-02-15T11:58:21.678Z,0,20.40,50,OK,0.1
2026-02-15T11:58:21.728Z,0,20.39,50,OK,0.1
2026-02-15T11:58:21.779Z,0,20.53,50,OK,0.1
2026-02-15T11:58:21.829Z,0,20.50,50,OK,0.1
2026-02-15T11:58:21.879Z,0,20.40,50,OK,0.1
2026-02-15T11:58:21.929Z,0,20.42,50,OK,0.1
2026-02-15T11:58:21.980Z,0,20.31,50,OK,0.1
2026-02-15T11:58:22.030Z,0,20.15,50,OK,0.1
2026-02-15T11:58:22.081Z,0,20.01,50,OK,0.1
2026-02-15T11:58:22.131Z,0,20.07,50,OK,0.1
2026-02-15T11:58:22.181Z,0,20.09,50,OK,0.1
2026-02-15T11:58:22.231Z,0,20.15,50,OK,0.1
2026-02-15T11:58:22.281Z,0,20.04,50,OK,0.1
2026-02-15T11:58:22.331Z,0,20.16,50,OK,0.1
2026-02-15T11:58:22.381Z,0,20.25,50,OK,0.1
2026-02-15T11:58:22.431Z,0,20.20,50,OK,0.1
2026-02-15T11:58:22.482Z,0,20.27,50,OK,0.1
2026-02-15T11:58:22.532Z,0,20.38,50,OK,0.1
2026-02-15T11:58:22.583Z,0,20.25,50,OK,0.1
2026-02-15T11:58:22.632Z,0,20.15,50,OK,0.1
2026-02-15T11:58:22.683Z,0,20.22,50,OK,0.1
2026-02-15T11:58:22.733Z,0,20.15,50,OK,0.1
2026-02-15T11:58:22.783Z,0,20.26,50,OK,0.1
2026-02-15T11:58:22.834Z,0,20.38,50,OK,0.1
2026-02-15T11:58:22.884Z,0,20.34,50,OK,0.1
2026-02-15T11:58:22.935Z,0,20.27,50,OK,0.1
2026-02-15T11:58:22.985Z,0,20.24,50,OK,0.1
2026-02-15T11:58:23.034Z,0,20.12,50,OK,0.1
2026-02-15T11:58:23.082Z,0,20.16,50,OK,0.1
2026-02-15T11:58:23.132Z,0,20.25,50,OK,0.1
2026-02-15T11:58:23.183Z,0,20.28,50,OK,0.1
2026-02-15T11:58:23.233Z,0,20.35,50,OK,0.1
2026-02-15T11:58:23.282Z,0,20.40,50,OK,0.1
2026-02-15T11:58:23.333Z,0,20.37,50,OK,0.1
2026-02-15T11:58:23.383Z,0,20.37,50,OK,0.1
2026-02-15T11:58:23.433Z,0,20.33,50,OK,0.1
2026-02-15T11:58:23.483Z,0,20.27,50,OK,0.1
2026-02-15T11:58:23.533Z,0,20.24,50,OK,0.1
2026-02-15T11:58:23.584Z,0,20.24,50,OK,0.1
2026-02-15T11:58:23.633Z,0,20.22,50,OK,0.1
2026-02-15T11:58:23.683Z,0,20.25,50,OK,0.1
2026-02-15T11:58:23.734Z,0,20.32,50,OK,0.1
2026-02-15T11:58:23.783Z,0,20.40,50,OK,0.1
2026-02-15T11:58:23.834Z,0,20.50,50,OK,0.1
2026-02-15T11:58:23.885Z,0,20.62,50,OK,0.1
2026-02-15T11:58:23.935Z,0,20.58,50,OK,0.1
2026-02-15T11:58:23.985Z,0,20.44,50,OK,0.1
2026-02-15T11:58:24.035Z,0,20.38,50,OK,0.1
2026-02-15T11:58:24.086Z,0,20.41,50,OK,0.1
2026-02-15T11:58:24.136Z,0,20.31,50,OK,0.1
2026-02-15T11:58:24.186Z,0,20.42,50,OK,0.1
2026-02-15T11:58:24.236Z,0,20.55,50,OK,0.1
2026-02-15T11:58:24.287Z,0,20.42,50,OK,0.1
2026-02-15T11:58:24.337Z,0,20.30,50,OK,0.1
2026-02-15T11:58:24.387Z,0,20.37,50,OK,0.1
2026-02-15T11:58:24.438Z,0,20.28,50,OK,0.1
2026-02-15T11:58:24.489Z,0,20.34,50,OK,0.1
2026-02-15T11:58:24.539Z,0,20.42,50,OK,0.1
2026-02-15T11:58:24.590Z,0,20.35,50,OK,0.1
2026-02-15T11:58:24.641Z,0,20.28,50,OK,0.1
2026-02-15T11:58:24.691Z,0,20.27,50,OK,0.1
2026-02-15T11:58:24.741Z,0,20.25,50,OK,0.1
2026-02-15T11:58:24.791Z,0,20.23,50,OK,0.1
2026-02-15T11:58:24.842Z,0,20.31,50,OK,0.1
2026-02-15T11:58:24.893Z,0,20.27,50,OK,0.1
2026-02-15T11:58:24.944Z,0,20.26,50,OK,0.1
2026-02-15T11:58:24.994Z,0,20.19,50,OK,0.1
2026-02-15T11:58:25.045Z,0,20.21,50,OK,0.1
2026-02-15T11:58:25.095Z,0,20.12,50,OK,0.1
2026-02-15T11:58:25.144Z,0,20.17,50,OK,0.1
2026-02-15T11:58:25.194Z,0,20.20,50,OK,0.1
2026-02-15T11:58:25.245Z,0,20.23,50,OK,0.1
2026-02-15T11:58:25.295Z,0,20.24,50,OK,0.1
2026-02-15T11:58:25.345Z,0,20.32,50,OK,0.1
2026-02-15T11:58:25.396Z,0,20.32,50,OK,0.1
2026-02-15T11:58:25.446Z,0,20.27,50,OK,0.1
2026-02-15T11:58:25.496Z,0,20.30,50,OK,0.1
2026-02-15T11:58:25.547Z,0,20.32,50,OK,0.1
2026-02-15T11:58:25.598Z,0,20.38,50,OK,0.1
2026-02-15T11:58:25.647Z,0,20.36,50,OK,0.1
2026-02-15T11:58:25.698Z,0,20.31,50,OK,0.1
2026-02-15T11:58:25.748Z,0,20.33,50,OK,0.1
2026-02-15T11:58:25.799Z,0,20.36,50,OK,0.1
2026-02-15T11:58:25.849Z,0,20.30,50,OK,0.1
2026-02-15T11:58:25.898Z,0,20.37,50,OK,0.1
2026-02-15T11:58:25.949Z,0,20.41,50,OK,0.1
2026-02-15T11:58:25.999Z,0,20.45,50,OK,0.1
2026-02-15T11:58:26.050Z,0,20.35,50,OK,0.1
2026-02-15T11:58:26.100Z,0,20.40,50,OK,0.1
2026-02-15T11:58:26.150Z,0,20.38,50,OK,0.1
2026-02-15T11:58:26.201Z,0,20.38,50,OK,0.1
2026-02-15T11:58:26.251Z,0,20.32,50,OK,0.1
2026-02-15T11:58:26.301Z,0,20.43,50,OK,0.1
2026-02-15T11:58:26.352Z,0,20.31,50,OK,0.1
2026-02-15T11:58:26.402Z,0,20.35,50,OK,0.1
2026-02-15T11:58:26.453Z,0,20.37,50,OK,0.1
2026-02-15T11:58:26.503Z,0,20.45,50,OK,0.1
2026-02-15T11:58:26.553Z,0,20.41,50,OK,0.1
2026-02-15T11:58:26.604Z,0,20.29,50,OK,0.1
2026-02-15T11:58:26.654Z,0,20.20,50,OK,0.1
2026-02-15T11:58:26.705Z,0,20.04,50,OK,0.1
2026-02-15T11:58:26.755Z,0,19.85,50,OK,0.1
2026-02-15T11:58:26.806Z,0,19.93,50,OK,0.1
2026-02-15T11:58:26.856Z,0,20.07,50,OK,0.1
2026-02-15T11:58:26.906Z,0,20.27,50,OK,0.1
2026-02-15T11:58:26.957Z,0,20.38,50,OK,0.1
2026-02-15T11:58:27.006Z,0,20.59,50,OK,0.1
2026-02-15T11:58:27.057Z,0,20.52,50,OK,0.1
2026-02-15T11:58:27.108Z,0,20.43,50,OK,0.1
2026-02-15T11:58:27.159Z,0,20.27,50,OK,0.1
2026-02-15T11:58:27.209Z,0,20.25,50,OK,0.1
2026-02-15T11:58:27.259Z,0,20.11,50,OK,0.1
2026-02-15T11:58:27.309Z,0,20.22,50,OK,0.1
2026-02-15T11:58:27.360Z,0,20.23,50,OK,0.1
2026-02-15T11:58:27.410Z,0,20.25,50,OK,0.1
2026-02-15T11:58:27.461Z,0,20.27,50,OK,0.1
2026-02-15T11:58:27.512Z,0,20.34,50,OK,0.1
2026-02-15T11:58:27.563Z,0,20.22,50,OK,0.1
2026-02-15T11:58:27.614Z,0,20.42,50,OK,0.1
2026-02-15T11:58:27.664Z,0,20.44,50,OK,0.1
2026-02-15T11:58:27.714Z,0,20.44,50,OK,0.1
2026-02-15T11:58:27.765Z,0,20.39,50,OK,0.1
2026-02-15T11:58:27.815Z,0,20.37,50,OK,0.1
2026-02-15T11:58:27.865Z,0,20.28,50,OK,0.1
2026-02-15T11:58:27.915Z,0,20.24,50,OK,0.1
2026-02-15T11:58:27.966Z,0,20.25,50,OK,0.1
2026-02-15T11:58:28.016Z,0,20.23,50,OK,0.1
2026-02-15T11:58:28.066Z,0,20.25,50,OK,0.1
2026-02-15T11:58:28.117Z,0,20.24,50,OK,0.1
2026-02-15T11:58:28.167Z,0,20.25,50,OK,0.1
2026-02-15T11:58:28.217Z,0,20.27,50,OK,0.1
2026-02-15T11:58:28.268Z,0,20.31,50,OK,0.1
2026-02-15T11:58:28.318Z,0,20.29,50,OK,0.1
2026-02-15T11:58:28.368Z,0,20.29,50,OK,0.1
2026-02-15T11:58:28.418Z,0,20.38,50,OK,0.1
2026-02-15T11:58:28.468Z,0,20.36,50,OK,0.1
2026-02-15T11:58:28.518Z,0,20.27,50,OK,0.1
2026-02-15T11:58:28.568Z,0,20.29,50,OK,0.1
2026-02-15T11:58:28.618Z,0,20.33,50,OK,0.1
2026-02-15T11:58:28.668Z,0,20.24,50,OK,0.1
2026-02-15T11:58:28.720Z,0,20.25,50,OK,0.1
2026-02-15T11:58:28.769Z,0,20.29,50,OK,0.1
2026-02-15T11:58:28.820Z,0,20.21,50,OK,0.1
2026-02-15T11:58:28.870Z,0,20.19,50,OK,0.1
2026-02-15T11:58:28.920Z,0,20.26,50,OK,0.1
2026-02-15T11:58:28.970Z,0,20.26,50,OK,0.1
2026-02-15T11:58:29.021Z,0,20.39,50,OK,0.1
2026-02-15T11:58:29.071Z,0,20.47,50,OK,0.1
2026-02-15T11:58:29.122Z,0,20.48,50,OK,0.1
2026-02-15T11:58:29.173Z,0,20.43,50,OK,0.1
2026-02-15T11:58:29.223Z,0,20.46,50,OK,0.1
2026-02-15T11:58:29.274Z,0,20.39,50,OK,0.1
2026-02-15T11:58:29.325Z,0,20.44,50,OK,0.1
2026-02-15T11:58:29.376Z,0,20.43,50,OK,0.1
2026-02-15T11:58:29.427Z,0,20.44,50,OK,0.1
2026-02-15T11:58:29.476Z,0,20.43,50,OK,0.1
2026-02-15T11:58:29.526Z,0,20.38,50,OK,0.1
2026-02-15T11:58:29.577Z,0,20.31,50,OK,0.1
2026-02-15T11:58:29.627Z,0,20.30,50,OK,0.1
2026-02-15T11:58:29.677Z,0,20.29,50,OK,0.1
2026-02-15T11:58:29.728Z,0,20.32,50,OK,0.1
2026-02-15T11:58:29.778Z,0,20.34,50,OK,0.1
2026-02-15T11:58:29.829Z,0,20.36,50,OK,0.1
2026-02-15T11:58:29.880Z,0,20.38,50,OK,0.1
2026-02-15T11:58:29.930Z,0,20.39,50,OK,0.1
2026-02-15T11:58:29.980Z,0,20.35,50,OK,0.1
2026-02-15T11:58:30.031Z,0,20.36,50,OK,0.1
2026-02-15T11:58:30.081Z,0,20.47,50,OK,0.1
2026-02-15T11:58:30.132Z,0,20.50,50,OK,0.1
2026-02-15T11:58:30.181Z,0,20.49,50,OK,0.1
2026-02-15T11:58:30.232Z,0,20.52,50,OK,0.1
2026-02-15T11:58:30.282Z,0,20.50,50,OK,0.1
2026-02-15T11:58:30.333Z,0,20.39,50,OK,0.1
2026-02-15T11:58:30.384Z,0,20.35,50,OK,0.1
2026-02-15T11:58:30.434Z,0,20.34,50,OK,0.1
2026-02-15T11:58:30.484Z,0,20.20,50,OK,0.1
2026-02-15T11:58:30.535Z,0,20.24,50,OK,0.1
2026-02-15T11:58:30.586Z,0,20.29,50,OK,0.1
2026-02-15T11:58:30.637Z,0,20.37,50,OK,0.1
2026-02-15T11:58:30.687Z,0,20.40,50,OK,0.1
2026-02-15T11:58:30.738Z,0,20.57,50,OK,0.1
2026-02-15T11:58:30.788Z,0,20.55,50,OK,0.1
2026-02-15T11:58:30.839Z,0,20.51,50,OK,0.1
2026-02-15T11:58:30.890Z,0,20.41,50,OK,0.1
2026-02-15T11:58:30.940Z,0,20.40,50,OK,0.1
2026-02-15T11:58:30.990Z,0,20.40,50,OK,0.1
2026-02-15T11:58:31.040Z,0,20.37,50,OK,0.1
2026-02-15T11:58:31.091Z,0,20.36,50,OK,0.1
2026-02-15T11:58:31.142Z,0,20.36,50,OK,0.1
2026-02-15T11:58:31.192Z,0,20.39,50,OK,0.1
2026-02-15T11:58:31.243Z,0,20.34,50,OK,0.1
2026-02-15T11:58:31.293Z,0,20.39,50,OK,0.1
2026-02-15T11:58:31.343Z,0,20.40,50,OK,0.1
2026-02-15T11:58:31.393Z,0,20.43,50,OK,0.1
2026-02-15T11:58:31.443Z,0,20.38,50,OK,0.1
2026-02-15T11:58:31.493Z,0,20.37,50,OK,0.1
2026-02-15T11:58:31.544Z,0,20.39,50,OK,0.1
2026-02-15T11:58:31.594Z,0,20.39,50,OK,0.1
2026-02-15T11:58:31.644Z,0,20.35,50,OK,0.1
2026-02-15T11:58:31.694Z,0,20.35,50,OK,0.1
2026-02-15T11:58:31.744Z,0,20.32,50,OK,0.1
2026-02-15T11:58:31.795Z,0,20.26,50,OK,0.1
2026-02-15T11:58:31.846Z,0,20.32,50,OK,0.1
2026-02-15T11:58:31.897Z,0,20.38,50,OK,0.1
2026-02-15T11:58:31.947Z,0,20.42,50,OK,0.1
2026-02-15T11:58:31.997Z,0,20.44,50,OK,0.1
2026-02-15T11:58:32.047Z,0,20.44,50,OK,0.1
2026-02-15T11:58:32.097Z,0,20.38,50,OK,0.1
2026-02-15T11:58:32.148Z,0,20.37,50,OK,0.1
2026-02-15T11:58:32.198Z,0,20.34,50,OK,0.1
2026-02-15T11:58:32.249Z,0,20.36,50,OK,0.1
2026-02-15T11:58:32.299Z,0,20.35,50,OK,0.1
2026-02-15T11:58:32.350Z,0,20.34,50,OK,0.1
2026-02-15T11:58:32.400Z,0,20.31,50,OK,0.1
2026-02-15T11:58:32.451Z,0,20.30,50,OK,0.1
2026-02-15T11:58:32.502Z,0,20.29,50,OK,0.1
2026-02-15T11:58:32.552Z,0,20.27,50,OK,0.1
2026-02-15T11:58:32.602Z,0,20.25,50,OK,0.1
2026-02-15T11:58:32.653Z,0,20.30,50,OK,0.1
2026-02-15T11:58:32.704Z,0,20.38,50,OK,0.1
2026-02-15T11:58:32.755Z,0,20.36,50,OK,0.1
2026-02-15T11:58:32.806Z,0,20.43,50,OK,0.1
2026-02-15T11:58:32.856Z,0,20.46,50,OK,0.1
2026-02-15T11:58:32.907Z,0,20.50,50,OK,0.1
2026-02-15T11:58:32.957Z,0,20.41,50,OK,0.1
2026-02-15T11:58:33.007Z,0,20.47,50,OK,0.1
2026-02-15T11:58:33.057Z,0,20.42,50,OK,0.1
2026-02-15T11:58:33.107Z,0,20.40,50,OK,0.1
2026-02-15T11:58:33.157Z,0,20.30,50,OK,0.1
2026-02-15T11:58:33.207Z,0,20.28,50,OK,0.1
2026-02-15T11:58:33.257Z,0,20.27,50,OK,0.1
2026-02-15T11:58:33.308Z,0,20.32,50,OK,0.1
2026-02-15T11:58:33.358Z,0,20.36,50,OK,0.1
2026-02-15T11:58:33.409Z,0,20.33,50,OK,0.1
2026-02-15T11:58:33.460Z,0,20.41,50,OK,0.1
2026-02-15T11:58:33.511Z,0,20.43,50,OK,0.1
2026-02-15T11:58:33.561Z,0,20.44,50,OK,0.1
2026-02-15T11:58:33.612Z,0,20.45,50,OK,0.1
2026-02-15T11:58:33.661Z,0,20.46,50,OK,0.1
2026-02-15T11:58:33.711Z,0,20.48,50,OK,0.1
2026-02-15T11:58:33.760Z,0,20.39,50,OK,0.1
2026-02-15T11:58:33.811Z,0,20.40,50,OK,0.1
2026-02-15T11:58:33.861Z,0,20.38,50,OK,0.1
2026-02-15T11:58:33.911Z,0,20.28,50,OK,0.1
2026-02-15T11:58:33.960Z,0,20.26,50,OK,0.1
2026-02-15T11:58:34.010Z,0,20.13,50,OK,0.1
2026-02-15T11:58:34.060Z,0,20.14,50,OK,0.1
2026-02-15T11:58:34.111Z,0,20.25,50,OK,0.1
2026-02-15T11:58:34.161Z,0,20.34,50,OK,0.1
2026-02-15T11:58:34.211Z,0,20.30,50,OK,0.1
2026-02-15T11:58:34.262Z,0,20.44,50,OK,0.1
2026-02-15T11:58:34.312Z,0,20.46,50,OK,0.1
2026-02-15T11:58:34.362Z,0,20.35,50,OK,0.1
2026-02-15T11:58:34.413Z,0,20.47,50,OK,0.1
2026-02-15T11:58:34.463Z,0,20.28,50,OK,0.1
2026-02-15T11:58:34.513Z,0,20.32,50,OK,0.1
2026-02-15T11:58:34.562Z,0,20.23,50,OK,0.1
2026-02-15T11:58:34.613Z,0,20.14,50,OK,0.1
2026-02-15T11:58:34.663Z,0,20.03,50,OK,0.1
2026-02-15T11:58:34.714Z,0,20.23,50,OK,0.1
2026-02-15T11:58:34.765Z,0,20.21,50,OK,0.1
2026-02-15T11:58:34.816Z,0,20.17,50,OK,0.1
2026-02-15T11:58:34.866Z,0,20.28,50,OK,0.1
2026-02-15T11:58:34.916Z,0,20.20,50,OK,0.1
2026-02-15T11:58:34.965Z,0,20.18,50,OK,0.1
2026-02-15T11:58:35.016Z,0,20.16,50,OK,0.1
2026-02-15T11:58:35.066Z,0,20.30,50,OK,0.1
2026-02-15T11:58:35.117Z,0,20.25,50,OK,0.1
2026-02-15T11:58:35.168Z,0,20.36,50,OK,0.1
2026-02-15T11:58:35.218Z,0,20.41,50,OK,0.1
2026-02-15T11:58:35.268Z,0,20.42,50,OK,0.1
2026-02-15T11:58:35.319Z,0,20.32,50,OK,0.1
2026-02-15T11:58:35.369Z,0,20.34,50,OK,0.1
2026-02-15T11:58:35.420Z,0,20.31,50,OK,0.1
2026-02-15T11:58:35.470Z,0,20.30,50,OK,0.1
2026-02-15T11:58:35.521Z,0,20.20,50,OK,0.1
2026-02-15T11:58:35.572Z,0,20.24,50,OK,0.1
2026-02-15T11:58:35.622Z,0,20.22,50,OK,0.1
2026-02-15T11:58:35.673Z,0,20.25,50,OK,0.1
2026-02-15T11:58:35.722Z,0,20.36,50,OK,0.1
2026-02-15T11:58:35.773Z,0,20.46,50,OK,0.1
2026-02-15T11:58:35.824Z,0,20.31,50,OK,0.1
2026-02-15T11:58:35.874Z,0,20.38,50,OK,0.1
2026-02-15T11:58:35.925Z,0,20.44,50,OK,0.1
2026-02-15T11:58:35.976Z,0,20.30,50,OK,0.1
2026-02-15T11:58:36.026Z,0,20.33,50,OK,0.1
2026-02-15T11:58:36.077Z,0,20.45,50,OK,0.1
2026-02-15T11:58:36.128Z,0,20.27,50,OK,0.1
2026-02-15T11:58:36.177Z,0,20.18,50,OK,0.1
2026-02-15T11:58:36.228Z,0,20.21,50,OK,0.1
2026-02-15T11:58:36.279Z,0,20.14,50,OK,0.1
2026-02-15T11:58:36.329Z,0,20.06,50,OK,0.1
2026-02-15T11:58:36.379Z,0,20.17,50,OK,0.1
2026-02-15T11:58:36.430Z,0,20.19,50,OK,0.1
2026-02-15T11:58:36.480Z,0,20.23,50,OK,0.1
2026-02-15T11:58:36.530Z,0,20.20,50,OK,0.1
2026-02-15T11:58:36.580Z,0,20.29,50,OK,0.1
2026-02-15T11:58:36.631Z,0,20.30,50,OK,0.1
2026-02-15T11:58:36.682Z,0,20.32,50,OK,0.1
2026-02-15T11:58:36.732Z,0,20.39,50,OK,0.1
2026-02-15T11:58:36.783Z,0,20.48,50,OK,0.1
2026-02-15T11:58:36.833Z,0,20.59,50,OK,0.1
2026-02-15T11:58:36.883Z,0,20.63,50,OK,0.1
2026-02-15T11:58:36.933Z,0,20.65,50,OK,0.1
2026-02-15T11:58:36.984Z,0,20.51,50,OK,0.1
2026-02-15T11:58:37.034Z,0,20.48,50,OK,0.1
2026-02-15T11:58:37.084Z,0,20.38,50,OK,0.1
2026-02-15T11:58:37.134Z,0,20.50,50,OK,0.1
2026-02-15T11:58:37.184Z,0,20.44,50,OK,0.1
2026-02-15T11:58:37.234Z,0,20.42,50,OK,0.1
2026-02-15T11:58:37.284Z,0,20.42,50,OK,0.1
2026-02-15T11:58:37.334Z,0,20.35,50,OK,0.1
2026-02-15T11:58:37.385Z,0,20.25,50,OK,0.1
2026-02-15T11:58:37.436Z,0,20.23,50,OK,0.1
2026-02-15T11:58:37.486Z,0,20.27,50,OK,0.1
2026-02-15T11:58:37.536Z,0,20.19,50,OK,0.1
2026-02-15T11:58:37.586Z,0,20.29,50,OK,0.1
2026-02-15T11:58:37.636Z,0,20.25,50,OK,0.1
2026-02-15T11:58:37.686Z,0,20.28,50,OK,0.1
2026-02-15T11:58:37.736Z,0,20.15,50,OK,0.1
