Timestamp,Active,QueueSize,Real_Lag,Limit,Mode,Throughput,Zombies
2026-02-17T17:43:07.337Z,0,0,22.60,10,HOLD_3.0s,0,0
2026-02-17T17:43:07.388Z,0,0,20.26,10,HOLD_3.0s,0,0
2026-02-17T17:43:07.438Z,0,0,20.46,10,HOLD_3.0s,0,0
2026-02-17T17:43:07.489Z,0,0,20.49,10,HOLD_3.0s,0,0
2026-02-17T17:43:07.540Z,0,0,20.47,10,HOLD_3.0s,0,0
2026-02-17T17:43:07.590Z,0,0,20.32,10,HOLD_3.0s,0,0
2026-02-17T17:43:07.640Z,0,0,20.18,10,HOLD_3.0s,0,0
2026-02-17T17:43:07.691Z,0,0,20.59,10,HOLD_3.0s,0,0
2026-02-17T17:43:07.742Z,0,0,20.42,10,HOLD_3.0s,0,0
2026-02-17T17:43:07.792Z,0,0,20.20,10,HOLD_3.0s,0,0
2026-02-17T17:43:07.842Z,0,0,20.21,10,HOLD_3.0s,0,0
2026-02-17T17:43:07.892Z,0,0,20.13,10,HOLD_3.0s,0,0
2026-02-17T17:43:07.943Z,0,0,20.14,10,HOLD_3.0s,0,0
2026-02-17T17:43:07.993Z,0,0,20.15,10,HOLD_3.0s,0,0
2026-02-17T17:43:08.044Z,0,0,20.18,10,HOLD_3.0s,0,0
2026-02-17T17:43:08.094Z,0,0,20.19,10,HOLD_3.0s,0,0
2026-02-17T17:43:08.144Z,0,0,20.24,10,HOLD_3.0s,0,0
2026-02-17T17:43:08.194Z,0,0,20.38,10,HOLD_3.0s,0,0
2026-02-17T17:43:08.245Z,0,0,19.96,10,HOLD_3.0s,0,0
2026-02-17T17:43:08.296Z,0,0,20.55,10,HOLD_3.0s,0,0
2026-02-17T17:43:08.346Z,0,0,20.42,10,HOLD_3.0s,0,0
2026-02-17T17:43:08.397Z,0,0,20.73,10,HOLD_3.0s,0,0
2026-02-17T17:43:08.447Z,0,0,20.39,10,HOLD_3.0s,0,0
2026-02-17T17:43:08.498Z,0,0,20.59,10,HOLD_3.0s,0,0
2026-02-17T17:43:08.548Z,0,0,20.31,10,HOLD_3.0s,0,0
2026-02-17T17:43:08.598Z,0,0,20.72,10,HOLD_3.0s,0,0
2026-02-17T17:43:08.648Z,0,0,20.41,10,HOLD_3.0s,0,0
2026-02-17T17:43:08.699Z,0,0,20.24,10,HOLD_3.0s,0,0
2026-02-17T17:43:08.749Z,0,0,20.32,10,HOLD_3.0s,0,0
2026-02-17T17:43:08.800Z,0,0,20.59,10,HOLD_3.0s,0,0
2026-02-17T17:43:08.851Z,0,0,20.40,10,HOLD_3.0s,0,0
2026-02-17T17:43:08.902Z,0,0,20.46,10,HOLD_3.0s,0,0
2026-02-17T17:43:08.953Z,0,0,20.41,10,HOLD_3.0s,0,0
2026-02-17T17:43:09.004Z,0,0,20.49,10,HOLD_3.0s,0,0
2026-02-17T17:43:09.055Z,0,0,20.31,10,HOLD_3.0s,0,0
2026-02-17T17:43:09.105Z,0,0,20.39,10,HOLD_3.0s,0,0
2026-02-17T17:43:09.155Z,0,0,20.36,10,HOLD_3.0s,0,0
2026-02-17T17:43:09.205Z,0,0,20.46,10,HOLD_3.0s,0,0
2026-02-17T17:43:09.256Z,0,0,20.85,10,HOLD_3.0s,0,0
2026-02-17T17:43:09.307Z,0,0,20.46,10,HOLD_3.0s,0,0
2026-02-17T17:43:09.357Z,0,0,20.47,10,HOLD_3.0s,0,0
2026-02-17T17:43:09.408Z,0,0,20.54,10,HOLD_3.0s,0,0
2026-02-17T17:43:09.459Z,0,0,20.32,10,HOLD_3.0s,0,0
2026-02-17T17:43:09.509Z,0,0,20.65,10,HOLD_3.0s,0,0
2026-02-17T17:43:09.560Z,0,0,20.45,10,HOLD_3.0s,0,0
2026-02-17T17:43:09.611Z,0,0,20.28,10,HOLD_3.0s,0,0
2026-02-17T17:43:09.661Z,0,0,20.42,10,HOLD_3.0s,0,0
2026-02-17T17:43:09.710Z,0,0,20.44,10,HOLD_3.0s,0,0
2026-02-17T17:43:09.761Z,0,0,20.28,10,HOLD_3.0s,0,0
2026-02-17T17:43:09.812Z,0,0,20.08,10,HOLD_3.0s,0,0
2026-02-17T17:43:09.863Z,0,0,20.23,10,HOLD_3.0s,0,0
2026-02-17T17:43:09.913Z,0,0,20.22,10,HOLD_3.0s,0,0
2026-02-17T17:43:09.963Z,0,0,20.37,10,HOLD_3.0s,0,0
2026-02-17T17:43:10.014Z,0,0,20.50,10,HOLD_3.0s,0,0
2026-02-17T17:43:10.065Z,0,0,20.37,10,HOLD_3.0s,0,0
2026-02-17T17:43:10.115Z,0,0,20.66,10,HOLD_3.0s,0,0
2026-02-17T17:43:10.166Z,0,0,20.26,10,HOLD_3.0s,0,0
2026-02-17T17:43:10.216Z,0,0,20.71,9,IDLE_SHRINK,0,0
2026-02-17T17:43:10.265Z,0,0,20.42,8,IDLE_SHRINK,0,0
2026-02-17T17:43:10.316Z,0,0,20.71,7,IDLE_SHRINK,0,0
2026-02-17T17:43:10.366Z,0,0,20.29,6,IDLE_SHRINK,0,0
2026-02-17T17:43:10.417Z,0,0,20.12,5,IDLE_SHRINK,0,0
2026-02-17T17:43:10.467Z,0,0,20.23,5,IDLE_SHRINK,0,0
2026-02-17T17:43:10.518Z,0,0,20.70,5,IDLE_SHRINK,0,0
2026-02-17T17:43:10.568Z,0,0,20.42,5,IDLE_SHRINK,0,0
2026-02-17T17:43:10.619Z,0,0,20.64,5,IDLE_SHRINK,0,0
2026-02-17T17:43:10.670Z,0,0,20.42,5,IDLE_SHRINK,0,0
2026-02-17T17:43:10.721Z,0,0,20.37,5,IDLE_SHRINK,0,0
2026-02-17T17:43:10.771Z,0,0,20.77,5,IDLE_SHRINK,0,0
2026-02-17T17:43:10.822Z,0,0,20.21,5,IDLE_SHRINK,0,0
2026-02-17T17:43:10.872Z,0,0,20.28,5,IDLE_SHRINK,0,0
2026-02-17T17:43:10.922Z,0,0,20.26,5,IDLE_SHRINK,0,0
2026-02-17T17:43:10.973Z,0,0,20.37,5,IDLE_SHRINK,0,0
2026-02-17T17:43:11.023Z,0,0,19.64,5,IDLE_SHRINK,0,0
2026-02-17T17:43:11.073Z,0,0,20.44,5,IDLE_SHRINK,0,0
2026-02-17T17:43:11.123Z,0,0,20.11,5,IDLE_SHRINK,0,0
2026-02-17T17:43:11.172Z,0,0,20.32,5,IDLE_SHRINK,0,0
2026-02-17T17:43:11.222Z,0,0,20.91,5,IDLE_SHRINK,0,0
2026-02-17T17:43:11.273Z,0,0,20.44,5,IDLE_SHRINK,0,0
2026-02-17T17:43:11.323Z,0,0,20.58,5,IDLE_SHRINK,0,0
2026-02-17T17:43:11.374Z,0,0,20.29,5,IDLE_SHRINK,0,0
2026-02-17T17:43:11.424Z,0,0,20.58,5,IDLE_SHRINK,0,0
2026-02-17T17:43:11.475Z,0,0,20.24,5,IDLE_SHRINK,0,0
2026-02-17T17:43:11.525Z,0,0,20.14,5,IDLE_SHRINK,0,0
2026-02-17T17:43:11.575Z,0,0,20.21,5,IDLE_SHRINK,0,0
2026-02-17T17:43:11.625Z,0,0,20.09,5,IDLE_SHRINK,0,0
2026-02-17T17:43:11.675Z,0,0,20.36,5,IDLE_SHRINK,0,0
2026-02-17T17:43:11.726Z,0,0,20.19,5,IDLE_SHRINK,0,0
2026-02-17T17:43:11.776Z,0,0,20.37,5,IDLE_SHRINK,0,0
2026-02-17T17:43:11.827Z,0,0,20.60,5,IDLE_SHRINK,0,0
2026-02-17T17:43:11.877Z,0,0,20.29,5,IDLE_SHRINK,0,0
2026-02-17T17:43:11.928Z,0,0,20.71,5,IDLE_SHRINK,0,0
2026-02-17T17:43:11.979Z,0,0,20.36,5,IDLE_SHRINK,0,0
2026-02-17T17:43:12.029Z,0,0,20.19,5,IDLE_SHRINK,0,0
2026-02-17T17:43:12.080Z,0,0,20.46,5,IDLE_SHRINK,0,0
2026-02-17T17:43:12.129Z,0,0,20.73,5,IDLE_SHRINK,0,0
2026-02-17T17:43:12.180Z,0,0,20.39,5,IDLE_SHRINK,0,0
2026-02-17T17:43:12.230Z,0,0,20.42,5,IDLE_SHRINK,0,0
2026-02-17T17:43:12.279Z,0,0,20.41,5,IDLE_SHRINK,0,0
2026-02-17T17:43:12.330Z,0,0,20.59,5,IDLE_SHRINK,0,0
2026-02-17T17:43:12.380Z,0,0,20.44,5,IDLE_SHRINK,0,0
2026-02-17T17:43:12.431Z,0,0,20.83,5,IDLE_SHRINK,0,0
2026-02-17T17:43:12.482Z,0,0,20.53,5,IDLE_SHRINK,0,0
2026-02-17T17:43:12.532Z,0,0,19.87,5,IDLE_SHRINK,0,0
2026-02-17T17:43:12.582Z,0,0,19.90,5,IDLE_SHRINK,0,0
2026-02-17T17:43:12.633Z,0,0,19.82,5,IDLE_SHRINK,0,0
2026-02-17T17:43:12.683Z,0,0,20.34,5,IDLE_SHRINK,0,0
2026-02-17T17:43:12.734Z,0,0,20.08,5,IDLE_SHRINK,0,0
2026-02-17T17:43:12.785Z,0,0,20.44,5,IDLE_SHRINK,0,0
2026-02-17T17:43:12.836Z,0,0,20.78,5,IDLE_SHRINK,0,0
2026-02-17T17:43:12.887Z,0,0,20.45,5,IDLE_SHRINK,0,0
2026-02-17T17:43:12.938Z,0,0,19.80,5,IDLE_SHRINK,0,0
2026-02-17T17:43:12.988Z,0,0,20.35,5,IDLE_SHRINK,0,0
2026-02-17T17:43:13.039Z,0,0,19.57,5,IDLE_SHRINK,0,0
2026-02-17T17:43:13.089Z,0,0,20.25,5,IDLE_SHRINK,0,0
2026-02-17T17:43:13.139Z,0,0,20.64,5,IDLE_SHRINK,0,0
2026-02-17T17:43:13.190Z,0,0,20.33,5,IDLE_SHRINK,0,0
2026-02-17T17:43:13.240Z,0,0,20.26,5,IDLE_SHRINK,0,0
2026-02-17T17:43:13.291Z,0,0,20.46,5,IDLE_SHRINK,0,0
2026-02-17T17:43:13.342Z,0,0,19.95,5,IDLE_SHRINK,0,0
2026-02-17T17:43:13.393Z,0,0,20.32,5,IDLE_SHRINK,0,0
2026-02-17T17:43:13.443Z,0,0,20.03,5,IDLE_SHRINK,0,0
2026-02-17T17:43:13.493Z,0,0,20.43,5,IDLE_SHRINK,0,0
2026-02-17T17:43:13.543Z,0,0,20.13,5,IDLE_SHRINK,0,0
2026-02-17T17:43:13.594Z,0,0,20.30,5,IDLE_SHRINK,0,0
2026-02-17T17:43:13.645Z,0,0,19.85,5,IDLE_SHRINK,0,0
2026-02-17T17:43:13.696Z,0,0,19.97,5,IDLE_SHRINK,0,0
2026-02-17T17:43:13.747Z,0,0,21.11,5,IDLE_SHRINK,0,0
2026-02-17T17:43:13.796Z,0,0,20.53,5,IDLE_SHRINK,0,0
2026-02-17T17:43:13.847Z,0,0,21.13,5,IDLE_SHRINK,0,0
2026-02-17T17:43:13.897Z,0,0,20.42,5,IDLE_SHRINK,0,0
2026-02-17T17:43:13.947Z,0,0,20.19,5,IDLE_SHRINK,0,0
2026-02-17T17:43:13.998Z,0,0,19.60,5,IDLE_SHRINK,0,0
2026-02-17T17:43:14.048Z,0,0,20.20,5,IDLE_SHRINK,0,0
2026-02-17T17:43:14.099Z,0,0,20.54,5,IDLE_SHRINK,0,0
2026-02-17T17:43:14.149Z,0,0,20.17,5,IDLE_SHRINK,0,0
2026-02-17T17:43:14.199Z,0,0,20.24,5,IDLE_SHRINK,0,0
2026-02-17T17:43:14.250Z,0,0,20.66,5,IDLE_SHRINK,0,0
2026-02-17T17:43:14.300Z,0,0,20.26,5,IDLE_SHRINK,0,0
2026-02-17T17:43:14.350Z,0,0,20.43,5,IDLE_SHRINK,0,0
2026-02-17T17:43:14.401Z,0,0,20.41,5,IDLE_SHRINK,0,0
2026-02-17T17:43:14.451Z,0,0,20.77,5,IDLE_SHRINK,0,0
2026-02-17T17:43:14.502Z,0,0,20.28,5,IDLE_SHRINK,0,0
2026-02-17T17:43:14.552Z,0,0,20.14,5,IDLE_SHRINK,0,0
2026-02-17T17:43:14.602Z,0,0,20.29,5,IDLE_SHRINK,0,0
2026-02-17T17:43:14.653Z,0,0,20.71,5,IDLE_SHRINK,0,0
2026-02-17T17:43:14.704Z,0,0,20.42,5,IDLE_SHRINK,0,0
2026-02-17T17:43:14.754Z,0,0,20.18,5,IDLE_SHRINK,0,0
2026-02-17T17:43:14.804Z,0,0,20.42,5,IDLE_SHRINK,0,0
2026-02-17T17:43:14.854Z,0,0,21.03,5,IDLE_SHRINK,0,0
2026-02-17T17:43:14.904Z,0,0,20.45,5,IDLE_SHRINK,0,0
2026-02-17T17:43:14.955Z,0,0,21.26,5,IDLE_SHRINK,0,0
2026-02-17T17:43:15.004Z,0,0,20.35,5,IDLE_SHRINK,0,0
2026-02-17T17:43:15.055Z,0,0,20.88,5,IDLE_SHRINK,0,0
2026-02-17T17:43:15.105Z,0,0,20.34,5,IDLE_SHRINK,0,0
2026-02-17T17:43:15.156Z,0,0,19.67,5,IDLE_SHRINK,0,0
2026-02-17T17:43:15.206Z,0,0,20.21,5,IDLE_SHRINK,0,0
2026-02-17T17:43:15.257Z,0,0,20.47,5,IDLE_SHRINK,0,0
2026-02-17T17:43:15.307Z,0,0,20.33,5,IDLE_SHRINK,0,0
2026-02-17T17:43:15.358Z,0,0,20.70,5,IDLE_SHRINK,0,0
2026-02-17T17:43:15.408Z,0,0,22.59,5,IDLE_SHRINK,0,0
2026-02-17T17:43:15.459Z,0,0,20.53,5,IDLE_SHRINK,0,0
2026-02-17T17:43:15.509Z,0,0,20.39,5,IDLE_SHRINK,0,0
2026-02-17T17:43:15.560Z,0,0,20.08,5,IDLE_SHRINK,0,0
2026-02-17T17:43:15.611Z,0,0,20.41,5,IDLE_SHRINK,0,0
2026-02-17T17:43:15.661Z,0,0,20.16,5,IDLE_SHRINK,0,0
2026-02-17T17:43:15.711Z,0,0,20.80,5,IDLE_SHRINK,0,0
2026-02-17T17:43:15.761Z,0,0,20.69,5,IDLE_SHRINK,0,0
2026-02-17T17:43:15.812Z,0,0,20.42,5,IDLE_SHRINK,0,0
2026-02-17T17:43:15.861Z,0,0,20.28,5,IDLE_SHRINK,0,0
2026-02-17T17:43:15.912Z,0,0,20.44,5,IDLE_SHRINK,0,0
2026-02-17T17:43:15.962Z,0,0,20.14,5,IDLE_SHRINK,0,0
2026-02-17T17:43:16.012Z,0,0,19.78,5,IDLE_SHRINK,0,0
2026-02-17T17:43:16.063Z,0,0,20.48,5,IDLE_SHRINK,0,0
2026-02-17T17:43:16.113Z,0,0,20.29,5,IDLE_SHRINK,0,0
2026-02-17T17:43:16.164Z,0,0,20.67,5,IDLE_SHRINK,0,0
2026-02-17T17:43:16.214Z,0,0,20.34,5,IDLE_SHRINK,0,0
2026-02-17T17:43:16.265Z,0,0,20.70,5,IDLE_SHRINK,0,0
2026-02-17T17:43:16.316Z,0,0,20.28,5,IDLE_SHRINK,0,0
2026-02-17T17:43:16.367Z,0,0,19.91,5,IDLE_SHRINK,0,0
2026-02-17T17:43:16.416Z,0,0,20.24,5,IDLE_SHRINK,0,0
2026-02-17T17:43:16.467Z,0,0,19.88,5,IDLE_SHRINK,0,0
2026-02-17T17:43:16.517Z,0,0,20.36,5,IDLE_SHRINK,0,0
2026-02-17T17:43:16.567Z,0,0,20.19,5,IDLE_SHRINK,0,0
2026-02-17T17:43:16.618Z,0,0,20.36,5,IDLE_SHRINK,0,0
2026-02-17T17:43:16.668Z,0,0,20.23,5,IDLE_SHRINK,0,0
2026-02-17T17:43:16.719Z,0,0,20.36,5,IDLE_SHRINK,0,0
2026-02-17T17:43:16.769Z,0,0,20.21,5,IDLE_SHRINK,0,0
2026-02-17T17:43:16.820Z,0,0,20.47,5,IDLE_SHRINK,0,0
2026-02-17T17:43:16.870Z,0,0,20.04,5,IDLE_SHRINK,0,0
2026-02-17T17:43:16.921Z,0,0,20.16,5,IDLE_SHRINK,0,0
2026-02-17T17:43:16.972Z,0,0,20.03,5,IDLE_SHRINK,0,0
2026-02-17T17:43:17.023Z,0,0,20.18,5,IDLE_SHRINK,0,0
2026-02-17T17:43:17.073Z,0,0,20.40,5,IDLE_SHRINK,0,0
2026-02-17T17:43:17.123Z,0,0,20.29,5,IDLE_SHRINK,0,0
2026-02-17T17:43:17.174Z,0,0,20.70,5,IDLE_SHRINK,0,0
2026-02-17T17:43:17.223Z,0,0,20.72,5,IDLE_SHRINK,0,0
2026-02-17T17:43:17.273Z,0,0,20.88,5,IDLE_SHRINK,0,0
2026-02-17T17:43:17.324Z,0,0,20.29,5,IDLE_SHRINK,0,0
2026-02-17T17:43:17.374Z,0,0,19.75,5,IDLE_SHRINK,0,0
2026-02-17T17:43:17.424Z,0,0,20.25,5,IDLE_SHRINK,0,0
2026-02-17T17:43:17.474Z,0,0,20.77,5,IDLE_SHRINK,0,0
2026-02-17T17:43:17.525Z,0,0,20.35,5,IDLE_SHRINK,0,0
2026-02-17T17:43:17.575Z,0,0,20.46,5,IDLE_SHRINK,0,0
2026-02-17T17:43:17.626Z,0,0,20.35,5,IDLE_SHRINK,0,0
2026-02-17T17:43:17.676Z,1,0,30.42,5,LAG_SHRINK,0,0
2026-02-17T17:43:17.729Z,0,0,3.00,5,HOLD_2.0s,1,0
2026-02-17T17:43:17.779Z,0,0,20.53,5,HOLD_2.0s,0,0
2026-02-17T17:43:17.830Z,0,0,20.91,5,HOLD_2.0s,0,0
2026-02-17T17:43:17.880Z,0,0,20.79,5,HOLD_2.0s,0,0
2026-02-17T17:43:17.930Z,0,0,20.26,5,HOLD_2.0s,0,0
2026-02-17T17:43:17.981Z,0,0,20.29,5,HOLD_2.0s,0,0
2026-02-17T17:43:18.032Z,0,0,20.70,5,HOLD_2.0s,0,0
2026-02-17T17:43:18.083Z,0,0,20.53,5,HOLD_2.0s,0,0
2026-02-17T17:43:18.133Z,0,0,20.62,5,HOLD_2.0s,0,0
2026-02-17T17:43:18.183Z,0,0,20.33,5,HOLD_2.0s,0,0
2026-02-17T17:43:18.232Z,0,0,20.47,5,HOLD_2.0s,0,0
2026-02-17T17:43:18.282Z,0,0,19.81,5,HOLD_2.0s,1,0
2026-02-17T17:43:18.333Z,0,0,20.52,5,HOLD_2.0s,0,0
2026-02-17T17:43:18.384Z,0,0,20.46,5,HOLD_2.0s,0,0
2026-02-17T17:43:18.435Z,0,0,20.39,5,HOLD_2.0s,0,0
2026-02-17T17:43:18.485Z,0,0,20.32,5,HOLD_2.0s,0,0
2026-02-17T17:43:18.536Z,0,0,20.58,5,HOLD_2.0s,0,0
2026-02-17T17:43:18.586Z,0,0,20.47,5,HOLD_2.0s,0,0
2026-02-17T17:43:18.636Z,0,0,20.32,5,HOLD_2.0s,0,0
2026-02-17T17:43:18.687Z,0,0,20.28,5,HOLD_2.0s,0,0
2026-02-17T17:43:18.738Z,1,0,20.30,5,HOLD_2.0s,0,0
2026-02-17T17:43:18.790Z,0,0,20.23,5,HOLD_2.0s,1,0
2026-02-17T17:43:18.840Z,0,0,20.31,5,HOLD_2.0s,0,0
2026-02-17T17:43:18.889Z,0,0,20.03,5,HOLD_2.0s,1,0
2026-02-17T17:43:18.939Z,0,0,20.50,5,HOLD_2.0s,0,0
2026-02-17T17:43:18.990Z,0,0,20.39,5,HOLD_2.0s,0,0
2026-02-17T17:43:19.040Z,0,0,20.44,5,HOLD_2.0s,0,0
2026-02-17T17:43:19.090Z,0,0,20.44,5,HOLD_2.0s,0,0
2026-02-17T17:43:19.140Z,0,0,20.44,5,HOLD_2.0s,0,0
2026-02-17T17:43:19.190Z,0,0,20.19,5,HOLD_2.0s,0,0
2026-02-17T17:43:19.240Z,0,0,20.26,5,HOLD_2.0s,0,0
2026-02-17T17:43:19.291Z,1,0,20.36,5,HOLD_2.0s,0,0
2026-02-17T17:43:19.340Z,0,0,20.44,5,HOLD_2.0s,1,0
2026-02-17T17:43:19.391Z,0,0,20.29,5,HOLD_2.0s,0,0
2026-02-17T17:43:19.441Z,0,0,20.36,5,HOLD_2.0s,0,0
2026-02-17T17:43:19.492Z,0,0,20.66,5,HOLD_2.0s,1,0
2026-02-17T17:43:19.542Z,0,0,20.83,5,HOLD_2.0s,0,0
2026-02-17T17:43:19.592Z,0,0,20.32,5,HOLD_2.0s,0,0
2026-02-17T17:43:19.642Z,0,0,20.16,5,HOLD_2.0s,0,0
2026-02-17T17:43:19.693Z,0,0,20.22,5,HOLD_2.0s,0,0
2026-02-17T17:43:19.743Z,0,0,20.47,5,HOLD_2.0s,0,0
2026-02-17T17:43:19.793Z,1,0,20.45,5,HOLD_2.0s,0,0
2026-02-17T17:43:19.844Z,1,0,20.42,5,HOLD_2.0s,0,0
2026-02-17T17:43:19.894Z,2,0,19.70,5,HOLD_2.0s,0,0
2026-02-17T17:43:19.944Z,1,0,20.39,5,HOLD_2.0s,1,0
2026-02-17T17:43:19.994Z,1,0,20.32,5,HOLD_2.0s,0,0
2026-02-17T17:43:20.044Z,1,0,20.23,5,HOLD_2.0s,0,0
2026-02-17T17:43:20.094Z,2,0,20.34,5,HOLD_2.0s,0,0
2026-02-17T17:43:20.144Z,2,0,20.37,5,HOLD_2.0s,0,0
2026-02-17T17:43:20.195Z,2,0,20.29,5,HOLD_2.0s,0,0
2026-02-17T17:43:20.245Z,2,0,20.45,5,HOLD_2.0s,0,0
2026-02-17T17:43:20.295Z,2,0,20.23,5,HOLD_2.0s,0,0
2026-02-17T17:43:20.344Z,2,0,20.01,5,HOLD_2.0s,1,0
2026-02-17T17:43:20.395Z,2,0,20.23,5,HOLD_2.0s,0,0
2026-02-17T17:43:20.446Z,2,0,20.33,5,HOLD_2.0s,0,0
2026-02-17T17:43:20.496Z,3,0,19.98,5,HOLD_2.0s,0,0
2026-02-17T17:43:20.547Z,2,0,20.35,5,HOLD_2.0s,1,0
2026-02-17T17:43:20.597Z,2,0,20.44,5,HOLD_2.0s,0,0
2026-02-17T17:43:20.647Z,2,0,20.53,5,HOLD_2.0s,0,0
2026-02-17T17:43:20.697Z,2,0,20.01,5,HOLD_2.0s,1,0
2026-02-17T17:43:20.747Z,2,0,20.42,5,HOLD_2.0s,0,0
2026-02-17T17:43:20.797Z,2,0,20.32,5,HOLD_2.0s,0,0
2026-02-17T17:43:20.848Z,2,0,20.39,5,HOLD_2.0s,0,0
2026-02-17T17:43:20.897Z,2,0,20.00,5,HOLD_2.0s,0,0
2026-02-17T17:43:20.948Z,2,0,20.60,5,HOLD_2.0s,1,0
2026-02-17T17:43:20.995Z,2,0,20.56,5,HOLD_2.0s,0,0
2026-02-17T17:43:21.046Z,2,0,20.31,5,HOLD_2.0s,0,0
2026-02-17T17:43:21.096Z,2,0,20.59,5,HOLD_2.0s,0,0
2026-02-17T17:43:21.147Z,2,0,20.26,5,HOLD_2.0s,0,0
2026-02-17T17:43:21.198Z,2,0,20.26,5,HOLD_2.0s,0,0
2026-02-17T17:43:21.248Z,3,0,20.31,5,HOLD_2.0s,0,0
2026-02-17T17:43:21.299Z,3,0,20.50,5,HOLD_2.0s,0,0
2026-02-17T17:43:21.350Z,4,0,20.52,5,HOLD_2.0s,0,0
2026-02-17T17:43:21.401Z,3,0,20.44,5,HOLD_2.0s,1,0
2026-02-17T17:43:21.451Z,3,0,20.41,5,HOLD_2.0s,0,0
2026-02-17T17:43:21.501Z,3,0,20.35,5,HOLD_2.0s,0,0
2026-02-17T17:43:21.552Z,3,0,19.95,5,HOLD_2.0s,1,0
2026-02-17T17:43:21.602Z,3,0,20.35,5,HOLD_2.0s,0,0
2026-02-17T17:43:21.653Z,3,0,20.23,5,HOLD_2.0s,0,0
2026-02-17T17:43:21.705Z,4,0,22.87,5,HOLD_2.0s,0,0
2026-02-17T17:43:21.755Z,3,0,20.21,5,HOLD_2.0s,1,0
2026-02-17T17:43:21.806Z,2,0,20.68,5,HOLD_2.0s,1,0
2026-02-17T17:43:21.857Z,3,0,20.82,5,HOLD_2.0s,0,0
2026-02-17T17:43:21.907Z,2,0,20.13,5,HOLD_2.0s,1,0
2026-02-17T17:43:21.957Z,3,0,19.98,5,HOLD_2.0s,0,0
2026-02-17T17:43:22.008Z,2,0,20.29,5,HOLD_2.0s,1,0
2026-02-17T17:43:22.057Z,1,0,20.44,5,HOLD_2.0s,1,0
2026-02-17T17:43:22.107Z,1,0,20.37,5,HOLD_2.0s,0,0
2026-02-17T17:43:22.158Z,1,0,20.51,5,HOLD_2.0s,0,0
2026-02-17T17:43:22.208Z,1,0,20.31,5,HOLD_2.0s,0,0
2026-02-17T17:43:22.258Z,1,0,20.96,5,HOLD_2.0s,0,0
2026-02-17T17:43:22.309Z,1,0,20.50,5,HOLD_2.0s,0,0
2026-02-17T17:43:22.359Z,1,0,19.98,5,HOLD_2.0s,0,0
2026-02-17T17:43:22.409Z,2,0,20.41,5,HOLD_2.0s,0,0
2026-02-17T17:43:22.459Z,3,0,20.27,5,HOLD_2.0s,0,0
2026-02-17T17:43:22.509Z,2,0,20.37,5,HOLD_2.0s,1,0
2026-02-17T17:43:22.560Z,2,0,19.95,5,HOLD_2.0s,1,0
2026-02-17T17:43:22.611Z,1,0,20.44,5,HOLD_2.0s,1,0
2026-02-17T17:43:22.661Z,1,0,20.69,5,HOLD_2.0s,0,0
2026-02-17T17:43:22.712Z,2,0,20.26,5,HOLD_2.0s,0,0
2026-02-17T17:43:22.763Z,1,0,19.84,5,HOLD_2.0s,1,0
2026-02-17T17:43:22.814Z,1,0,20.28,5,HOLD_2.0s,1,0
2026-02-17T17:43:22.864Z,1,0,20.19,5,HOLD_2.0s,0,0
2026-02-17T17:43:22.915Z,1,0,20.54,5,HOLD_2.0s,1,0
2026-02-17T17:43:22.966Z,1,0,20.13,5,HOLD_2.0s,0,0
2026-02-17T17:43:23.017Z,1,0,20.78,5,HOLD_2.0s,1,0
2026-02-17T17:43:23.069Z,3,0,20.20,5,HOLD_2.0s,0,0
2026-02-17T17:43:23.120Z,2,0,20.34,5,HOLD_2.0s,1,0
2026-02-17T17:43:23.170Z,2,0,20.20,5,HOLD_2.0s,0,0
2026-02-17T17:43:23.219Z,1,0,20.14,5,HOLD_2.0s,1,0
2026-02-17T17:43:23.270Z,0,0,20.29,5,HOLD_2.0s,1,0
2026-02-17T17:43:23.319Z,0,0,20.52,5,HOLD_2.0s,0,0
2026-02-17T17:43:23.369Z,0,0,20.64,5,HOLD_2.0s,0,0
2026-02-17T17:43:23.420Z,0,0,20.37,5,HOLD_2.0s,0,0
2026-02-17T17:43:23.471Z,0,0,20.27,5,HOLD_2.0s,0,0
2026-02-17T17:43:23.521Z,0,0,20.83,5,HOLD_2.0s,1,0
2026-02-17T17:43:23.572Z,1,0,20.37,5,HOLD_2.0s,1,0
2026-02-17T17:43:23.623Z,0,0,20.35,5,HOLD_2.0s,1,0
2026-02-17T17:43:23.674Z,0,0,20.27,5,HOLD_2.0s,1,0
2026-02-17T17:43:23.725Z,0,0,20.29,5,HOLD_2.0s,0,0
2026-02-17T17:43:23.775Z,0,0,20.70,5,HOLD_2.0s,1,0
2026-02-17T17:43:23.826Z,1,0,19.70,5,HOLD_2.0s,0,0
2026-02-17T17:43:23.877Z,0,0,20.32,5,HOLD_2.0s,1,0
2026-02-17T17:43:23.928Z,1,0,20.49,5,HOLD_2.0s,0,0
2026-02-17T17:43:23.978Z,0,0,19.82,5,HOLD_2.0s,1,0
2026-02-17T17:43:24.029Z,1,0,20.09,5,HOLD_2.0s,0,0
2026-02-17T17:43:24.080Z,2,0,20.57,5,HOLD_2.0s,0,0
2026-02-17T17:43:24.130Z,1,0,20.29,5,HOLD_2.0s,1,0
2026-02-17T17:43:24.179Z,1,0,20.24,5,HOLD_2.0s,0,0
2026-02-17T17:43:24.230Z,1,0,20.02,5,HOLD_2.0s,1,0
2026-02-17T17:43:24.279Z,2,0,20.78,5,HOLD_2.0s,1,0
2026-02-17T17:43:24.330Z,2,0,19.79,5,HOLD_2.0s,0,0
2026-02-17T17:43:24.380Z,2,0,20.18,5,HOLD_2.0s,0,0
2026-02-17T17:43:24.430Z,1,0,20.01,5,HOLD_2.0s,1,0
2026-02-17T17:43:24.480Z,1,0,20.37,5,HOLD_2.0s,0,0
2026-02-17T17:43:24.531Z,2,0,20.14,5,HOLD_2.0s,0,0
2026-02-17T17:43:24.581Z,2,0,20.42,5,HOLD_2.0s,1,0
2026-02-17T17:43:24.632Z,1,0,20.19,5,HOLD_2.0s,2,0
2026-02-17T17:43:24.682Z,2,0,19.41,5,HOLD_2.0s,0,0
2026-02-17T17:43:24.733Z,1,0,20.73,5,HOLD_2.0s,1,0
2026-02-17T17:43:24.784Z,2,0,19.98,5,HOLD_2.0s,0,0
2026-02-17T17:43:24.835Z,2,0,19.77,5,HOLD_2.0s,1,0
2026-02-17T17:43:24.885Z,1,0,20.55,5,HOLD_2.0s,2,0
2026-02-17T17:43:24.936Z,2,0,20.30,5,HOLD_2.0s,0,0
2026-02-17T17:43:24.985Z,2,0,20.85,5,HOLD_2.0s,0,0
2026-02-17T17:43:25.035Z,2,0,19.85,5,HOLD_2.0s,0,0
2026-02-17T17:43:25.086Z,1,0,20.60,5,HOLD_2.0s,1,0
2026-02-17T17:43:25.136Z,2,0,20.29,5,HOLD_2.0s,0,0
2026-02-17T17:43:25.187Z,2,0,20.72,5,HOLD_2.0s,0,0
2026-02-17T17:43:25.237Z,3,0,20.69,5,HOLD_2.0s,0,0
2026-02-17T17:43:25.287Z,3,0,19.64,5,HOLD_2.0s,1,0
2026-02-17T17:43:25.338Z,2,0,20.46,5,HOLD_2.0s,1,0
2026-02-17T17:43:25.389Z,2,0,20.15,5,HOLD_2.0s,0,0
2026-02-17T17:43:25.440Z,3,0,20.00,5,HOLD_2.0s,0,0
2026-02-17T17:43:25.491Z,2,0,19.91,5,HOLD_2.0s,2,0
2026-02-17T17:43:25.541Z,2,0,20.37,5,HOLD_2.0s,0,0
2026-02-17T17:43:25.591Z,2,0,20.12,5,HOLD_2.0s,1,0
2026-02-17T17:43:25.641Z,4,0,20.26,5,HOLD_2.0s,0,0
2026-02-17T17:43:25.692Z,3,0,19.99,5,HOLD_2.0s,1,0
2026-02-17T17:43:25.743Z,2,0,20.33,5,HOLD_2.0s,2,0
2026-02-17T17:43:25.794Z,2,0,19.83,5,HOLD_2.0s,0,0
2026-02-17T17:43:25.844Z,2,0,20.82,5,HOLD_2.0s,1,0
2026-02-17T17:43:25.896Z,3,0,20.67,5,HOLD_2.0s,1,0
2026-02-17T17:43:25.946Z,2,0,20.39,5,HOLD_2.0s,1,0
2026-02-17T17:43:25.997Z,2,0,20.32,5,HOLD_2.0s,0,0
2026-02-17T17:43:26.047Z,2,0,20.34,5,HOLD_2.0s,1,0
2026-02-17T17:43:26.097Z,3,0,20.34,5,HOLD_2.0s,0,0
2026-02-17T17:43:26.147Z,3,0,20.14,5,HOLD_2.0s,0,0
2026-02-17T17:43:26.197Z,3,0,19.78,5,HOLD_2.0s,0,0
2026-02-17T17:43:26.247Z,2,0,20.93,5,HOLD_2.0s,1,0
2026-02-17T17:43:26.298Z,2,0,20.57,5,HOLD_2.0s,1,0
2026-02-17T17:43:26.348Z,2,0,20.03,5,HOLD_2.0s,1,0
2026-02-17T17:43:26.399Z,2,0,20.33,5,HOLD_2.0s,0,0
2026-02-17T17:43:26.449Z,2,0,20.11,5,HOLD_2.0s,0,0
2026-02-17T17:43:26.500Z,2,0,20.65,5,HOLD_2.0s,2,0
2026-02-17T17:43:26.550Z,2,0,20.36,5,HOLD_2.0s,0,0
2026-02-17T17:43:26.600Z,2,0,20.59,5,HOLD_2.0s,1,0
2026-02-17T17:43:26.650Z,3,0,20.18,5,HOLD_2.0s,0,0
2026-02-17T17:43:26.701Z,3,0,20.32,5,HOLD_2.0s,1,0
2026-02-17T17:43:26.751Z,5,0,20.52,5,HOLD_2.0s,0,0
2026-02-17T17:43:26.800Z,3,0,19.87,5,HOLD_2.0s,2,0
2026-02-17T17:43:26.850Z,4,0,20.96,5,HOLD_2.0s,0,0
2026-02-17T17:43:26.901Z,5,0,19.70,5,HOLD_2.0s,0,0
2026-02-17T17:43:26.951Z,4,0,19.91,5,HOLD_2.0s,2,0
2026-02-17T17:43:27.002Z,4,0,20.57,5,HOLD_2.0s,0,0
2026-02-17T17:43:27.053Z,3,0,20.73,5,HOLD_2.0s,2,0
2026-02-17T17:43:27.103Z,3,0,20.70,5,HOLD_2.0s,0,0
2026-02-17T17:43:27.154Z,2,0,19.85,5,HOLD_2.0s,1,0
2026-02-17T17:43:27.204Z,2,0,20.01,5,HOLD_2.0s,0,0
2026-02-17T17:43:27.253Z,3,0,21.28,5,HOLD_2.0s,1,0
2026-02-17T17:43:27.304Z,3,0,20.31,5,HOLD_2.0s,1,0
2026-02-17T17:43:27.353Z,4,0,20.04,5,HOLD_2.0s,0,0
2026-02-17T17:43:27.404Z,3,0,20.49,5,HOLD_2.0s,1,0
2026-02-17T17:43:27.454Z,2,0,20.25,5,HOLD_2.0s,1,0
2026-02-17T17:43:27.504Z,4,0,19.73,5,HOLD_2.0s,0,0
2026-02-17T17:43:27.554Z,3,0,19.68,5,HOLD_2.0s,1,0
2026-02-17T17:43:27.604Z,4,0,20.44,5,HOLD_2.0s,0,0
2026-02-17T17:43:27.654Z,2,0,20.03,5,HOLD_2.0s,2,0
2026-02-17T17:43:27.705Z,2,0,20.77,5,HOLD_2.0s,1,0
2026-02-17T17:43:27.755Z,2,0,20.32,5,HOLD_2.0s,0,0
2026-02-17T17:43:27.805Z,4,0,20.95,5,HOLD_2.0s,0,0
2026-02-17T17:43:27.856Z,4,0,20.64,5,HOLD_2.0s,1,0
2026-02-17T17:43:27.906Z,3,0,20.82,5,HOLD_2.0s,1,0
2026-02-17T17:43:27.957Z,3,0,19.98,5,HOLD_2.0s,2,0
2026-02-17T17:43:28.007Z,2,0,20.78,5,HOLD_2.0s,1,0
2026-02-17T17:43:28.062Z,3,0,22.60,5,HOLD_2.0s,1,0
2026-02-17T17:43:28.111Z,1,0,20.32,5,HOLD_2.0s,2,0
2026-02-17T17:43:28.161Z,2,0,20.39,5,HOLD_2.0s,0,0
2026-02-17T17:43:28.212Z,2,0,20.65,5,HOLD_2.0s,0,0
2026-02-17T17:43:28.262Z,3,0,20.28,5,HOLD_2.0s,0,0
2026-02-17T17:43:28.312Z,2,0,20.75,5,HOLD_2.0s,2,0
2026-02-17T17:43:28.362Z,3,0,20.31,5,HOLD_2.0s,0,0
2026-02-17T17:43:28.412Z,2,0,20.34,5,HOLD_2.0s,1,0
2026-02-17T17:43:28.462Z,4,0,20.49,5,HOLD_2.0s,0,0
2026-02-17T17:43:28.513Z,2,0,20.62,5,HOLD_2.0s,2,0
2026-02-17T17:43:28.563Z,2,0,22.55,5,HOLD_2.0s,1,0
2026-02-17T17:43:28.614Z,2,0,21.13,5,HOLD_2.0s,0,0
2026-02-17T17:43:28.664Z,2,0,20.28,5,HOLD_2.0s,2,0
2026-02-17T17:43:28.714Z,3,0,19.85,5,HOLD_2.0s,0,0
2026-02-17T17:43:28.765Z,1,0,20.59,5,HOLD_2.0s,2,0
2026-02-17T17:43:28.815Z,1,0,20.57,5,HOLD_2.0s,0,0
2026-02-17T17:43:28.865Z,2,0,20.17,5,HOLD_2.0s,0,0
2026-02-17T17:43:28.915Z,2,0,20.14,5,HOLD_2.0s,1,0
2026-02-17T17:43:28.965Z,4,0,20.37,5,HOLD_2.0s,0,0
2026-02-17T17:43:29.016Z,1,0,19.70,5,HOLD_2.0s,4,0
2026-02-17T17:43:29.066Z,3,0,20.18,5,HOLD_2.0s,0,0
2026-02-17T17:43:29.117Z,1,0,20.13,5,HOLD_2.0s,4,0
2026-02-17T17:43:29.167Z,1,0,20.32,5,HOLD_2.0s,0,0
2026-02-17T17:43:29.218Z,1,0,20.44,5,HOLD_2.0s,0,0
2026-02-17T17:43:29.267Z,1,0,20.29,5,HOLD_2.0s,0,0
2026-02-17T17:43:29.318Z,2,0,19.95,5,HOLD_2.0s,1,0
2026-02-17T17:43:29.368Z,1,0,20.25,5,HOLD_2.0s,1,0
2026-02-17T17:43:29.419Z,1,0,20.13,5,HOLD_2.0s,1,0
2026-02-17T17:43:29.469Z,1,0,20.39,5,HOLD_2.0s,0,0
2026-02-17T17:43:29.519Z,1,0,19.36,5,HOLD_2.0s,2,0
2026-02-17T17:43:29.570Z,2,0,20.18,5,HOLD_2.0s,0,0
2026-02-17T17:43:29.620Z,1,0,20.41,5,HOLD_2.0s,1,0
2026-02-17T17:43:29.671Z,3,0,20.72,5,HOLD_2.0s,1,0
2026-02-17T17:43:29.721Z,1,0,20.42,5,HOLD_2.0s,2,0
2026-02-17T17:43:29.772Z,1,0,20.49,5,HOLD_2.0s,2,0
2026-02-17T17:43:29.822Z,1,0,20.32,5,HOLD_2.0s,0,0
2026-02-17T17:43:29.872Z,1,0,20.28,5,HOLD_2.0s,0,0
2026-02-17T17:43:29.924Z,1,0,20.17,5,HOLD_2.0s,1,0
2026-02-17T17:43:29.974Z,2,0,20.31,5,HOLD_2.0s,0,0
2026-02-17T17:43:30.025Z,1,0,20.49,5,HOLD_2.0s,4,0
2026-02-17T17:43:30.075Z,2,0,20.39,5,HOLD_2.0s,0,0
2026-02-17T17:43:30.125Z,3,0,20.49,5,HOLD_2.0s,2,0
2026-02-17T17:43:30.175Z,2,0,20.26,5,HOLD_2.0s,1,0
2026-02-17T17:43:30.225Z,2,0,19.84,5,HOLD_2.0s,0,0
2026-02-17T17:43:30.276Z,2,0,20.90,5,HOLD_2.0s,1,0
2026-02-17T17:43:30.327Z,3,0,19.79,5,HOLD_2.0s,0,0
2026-02-17T17:43:30.377Z,3,0,20.23,5,HOLD_2.0s,1,0
2026-02-17T17:43:30.428Z,4,0,20.64,5,HOLD_2.0s,0,0
2026-02-17T17:43:30.478Z,2,0,20.16,5,HOLD_2.0s,2,0
2026-02-17T17:43:30.529Z,3,0,19.78,5,HOLD_2.0s,1,0
2026-02-17T17:43:30.580Z,3,0,20.16,5,HOLD_2.0s,0,0
2026-02-17T17:43:30.631Z,2,0,19.82,5,HOLD_2.0s,2,0
2026-02-17T17:43:30.681Z,4,0,20.24,5,HOLD_2.0s,0,0
2026-02-17T17:43:30.732Z,3,0,19.90,5,HOLD_2.0s,2,0
2026-02-17T17:43:30.782Z,5,0,20.09,5,HOLD_2.0s,0,0
2026-02-17T17:43:30.832Z,2,0,20.05,5,HOLD_2.0s,3,0
2026-02-17T17:43:30.883Z,2,0,20.68,5,HOLD_2.0s,1,0
2026-02-17T17:43:30.934Z,3,0,20.34,5,HOLD_2.0s,0,0
2026-02-17T17:43:30.983Z,2,0,20.59,5,HOLD_2.0s,1,0
2026-02-17T17:43:31.034Z,4,0,20.50,5,HOLD_2.0s,2,0
2026-02-17T17:43:31.085Z,3,0,20.47,5,HOLD_2.0s,1,0
2026-02-17T17:43:31.136Z,5,0,19.94,5,HOLD_2.0s,0,0
2026-02-17T17:43:31.186Z,3,0,20.42,5,HOLD_2.0s,3,0
2026-02-17T17:43:31.237Z,3,0,20.75,5,HOLD_2.0s,0,0
2026-02-17T17:43:31.288Z,4,0,20.19,5,HOLD_2.0s,0,0
2026-02-17T17:43:31.338Z,4,0,20.60,5,HOLD_2.0s,1,0
2026-02-17T17:43:31.389Z,3,0,20.62,5,HOLD_2.0s,1,0
2026-02-17T17:43:31.440Z,4,0,20.35,5,HOLD_2.0s,0,0
2026-02-17T17:43:31.491Z,4,0,20.44,5,HOLD_2.0s,2,0
2026-02-17T17:43:31.542Z,4,0,20.31,5,HOLD_2.0s,1,0
2026-02-17T17:43:31.592Z,3,0,20.23,5,HOLD_2.0s,1,0
2026-02-17T17:43:31.642Z,5,0,20.32,5,HOLD_2.0s,0,0
2026-02-17T17:43:31.692Z,5,0,20.28,5,HOLD_2.0s,0,0
2026-02-17T17:43:31.743Z,6,2,20.17,6,SMART_GROW,0,0
2026-02-17T17:43:31.794Z,7,1,19.88,7,SMART_GROW,2,0
2026-02-17T17:43:31.845Z,6,0,19.94,7,HOLD_2.4s,2,0
2026-02-17T17:43:31.896Z,7,0,19.78,7,HOLD_2.4s,0,0
2026-02-17T17:43:31.947Z,7,0,20.40,7,HOLD_2.4s,0,0
2026-02-17T17:43:31.997Z,8,1,20.41,8,SMART_GROW,0,0
2026-02-17T17:43:32.048Z,9,3,20.88,9,SMART_GROW,1,0
2026-02-17T17:43:32.097Z,6,0,19.72,9,HOLD_2.8s,5,0
2026-02-17T17:43:32.147Z,6,0,20.37,9,HOLD_2.8s,1,0
2026-02-17T17:43:32.198Z,5,0,20.78,9,HOLD_2.8s,3,0
2026-02-17T17:43:32.249Z,5,0,20.64,9,HOLD_2.8s,0,0
2026-02-17T17:43:32.299Z,5,0,20.24,9,HOLD_2.8s,0,0
2026-02-17T17:43:32.349Z,6,0,20.27,9,HOLD_2.8s,0,0
2026-02-17T17:43:32.400Z,6,0,19.67,9,HOLD_2.8s,1,0
2026-02-17T17:43:32.451Z,5,0,20.22,9,HOLD_2.8s,1,0
2026-02-17T17:43:32.501Z,7,0,22.01,9,HOLD_2.8s,1,0
2026-02-17T17:43:32.551Z,6,0,20.19,9,HOLD_2.8s,1,0
2026-02-17T17:43:32.602Z,6,0,19.65,9,HOLD_2.8s,1,0
2026-02-17T17:43:32.653Z,7,0,20.17,9,HOLD_2.8s,0,0
2026-02-17T17:43:32.704Z,6,0,20.23,9,HOLD_2.8s,1,0
2026-02-17T17:43:32.755Z,7,0,20.24,9,HOLD_2.8s,0,0
2026-02-17T17:43:32.806Z,6,0,20.59,9,HOLD_2.8s,2,0
2026-02-17T17:43:32.855Z,7,0,20.44,9,HOLD_2.8s,1,0
2026-02-17T17:43:32.905Z,7,0,20.31,9,HOLD_2.8s,0,0
2026-02-17T17:43:32.955Z,7,0,20.18,9,HOLD_2.8s,0,0
2026-02-17T17:43:33.006Z,7,0,20.19,9,HOLD_2.8s,0,0
2026-02-17T17:43:33.056Z,5,0,19.91,9,HOLD_2.8s,3,0
2026-02-17T17:43:33.107Z,9,0,21.18,9,HOLD_2.8s,1,0
2026-02-17T17:43:33.157Z,7,0,20.73,9,HOLD_2.8s,3,0
2026-02-17T17:43:33.208Z,8,0,19.95,9,HOLD_2.8s,2,0
2026-02-17T17:43:33.257Z,8,0,20.64,9,HOLD_2.8s,1,0
2026-02-17T17:43:33.307Z,7,0,20.09,9,HOLD_2.8s,1,0
2026-02-17T17:43:33.358Z,7,0,20.39,9,HOLD_2.8s,0,0
2026-02-17T17:43:33.408Z,8,0,20.28,9,HOLD_2.8s,0,0
2026-02-17T17:43:33.459Z,8,0,19.77,9,HOLD_2.8s,1,0
2026-02-17T17:43:33.509Z,8,0,19.91,9,HOLD_2.8s,1,0
2026-02-17T17:43:33.560Z,8,0,20.60,9,HOLD_2.8s,1,0
2026-02-17T17:43:33.611Z,8,0,19.88,9,HOLD_2.8s,1,0
2026-02-17T17:43:33.662Z,6,0,20.11,9,HOLD_2.8s,2,0
2026-02-17T17:43:33.712Z,6,0,20.09,9,HOLD_2.8s,1,0
2026-02-17T17:43:33.762Z,5,0,20.39,9,HOLD_2.8s,1,0
2026-02-17T17:43:33.812Z,6,0,20.56,9,HOLD_2.8s,1,0
2026-02-17T17:43:33.862Z,6,0,20.39,9,HOLD_2.8s,2,0
2026-02-17T17:43:33.912Z,3,0,20.79,9,HOLD_2.8s,3,0
2026-02-17T17:43:33.963Z,3,0,20.41,9,HOLD_2.8s,0,0
2026-02-17T17:43:34.012Z,3,0,20.34,9,HOLD_2.8s,0,0
2026-02-17T17:43:34.063Z,4,0,20.59,9,HOLD_2.8s,2,0
2026-02-17T17:43:34.113Z,3,0,20.99,9,HOLD_2.8s,2,0
2026-02-17T17:43:34.163Z,3,0,19.65,9,HOLD_2.8s,3,0
2026-02-17T17:43:34.214Z,5,0,20.23,9,HOLD_2.8s,0,0
2026-02-17T17:43:34.264Z,4,0,19.34,9,HOLD_2.8s,2,0
2026-02-17T17:43:34.314Z,4,0,20.32,9,HOLD_2.8s,1,0
2026-02-17T17:43:34.365Z,4,0,20.13,9,HOLD_2.8s,0,0
2026-02-17T17:43:34.414Z,3,0,20.64,9,HOLD_2.8s,1,0
2026-02-17T17:43:34.465Z,4,0,20.57,9,HOLD_2.8s,1,0
2026-02-17T17:43:34.516Z,2,0,20.54,9,HOLD_2.8s,3,0
2026-02-17T17:43:34.567Z,3,0,20.51,9,HOLD_2.8s,0,0
2026-02-17T17:43:34.617Z,4,0,20.36,9,HOLD_2.8s,0,0
2026-02-17T17:43:34.667Z,5,0,20.10,9,HOLD_2.8s,1,0
2026-02-17T17:43:34.717Z,5,0,19.77,9,HOLD_2.8s,1,0
2026-02-17T17:43:34.767Z,5,0,20.16,9,HOLD_2.8s,1,0
2026-02-17T17:43:34.818Z,5,0,20.31,9,HOLD_2.8s,1,0
2026-02-17T17:43:34.869Z,4,0,20.31,9,HOLD_2.8s,3,0
2026-02-17T17:43:34.920Z,5,0,20.33,9,HOLD_2.8s,2,0
2026-02-17T17:43:34.970Z,5,0,20.32,9,HOLD_2.8s,0,0
2026-02-17T17:43:35.020Z,5,0,20.59,9,HOLD_2.8s,0,0
2026-02-17T17:43:35.070Z,7,0,21.54,9,HOLD_2.8s,1,0
2026-02-17T17:43:35.121Z,4,0,20.87,9,HOLD_2.8s,5,0
2026-02-17T17:43:35.170Z,5,0,21.80,9,HOLD_2.8s,2,0
2026-02-17T17:43:35.220Z,3,0,20.52,9,HOLD_2.8s,2,0
2026-02-17T17:43:35.271Z,3,0,20.22,9,HOLD_2.8s,2,0
2026-02-17T17:43:35.320Z,4,0,20.72,9,HOLD_2.8s,0,0
2026-02-17T17:43:35.370Z,4,0,19.65,9,HOLD_2.8s,0,0
2026-02-17T17:43:35.420Z,4,0,20.03,9,HOLD_2.8s,1,0
2026-02-17T17:43:35.471Z,4,0,20.41,9,HOLD_2.8s,1,0
2026-02-17T17:43:35.522Z,4,0,20.71,9,HOLD_2.8s,3,0
2026-02-17T17:43:35.573Z,3,0,20.39,9,HOLD_2.8s,1,0
2026-02-17T17:43:35.624Z,3,0,20.20,9,HOLD_2.8s,0,0
2026-02-17T17:43:35.674Z,6,0,19.81,9,HOLD_2.8s,0,0
2026-02-17T17:43:35.725Z,5,0,20.88,9,HOLD_2.8s,1,0
2026-02-17T17:43:35.774Z,6,0,20.31,9,HOLD_2.8s,0,0
2026-02-17T17:43:35.825Z,6,0,20.11,9,HOLD_2.8s,1,0
2026-02-17T17:43:35.875Z,8,0,21.00,9,HOLD_2.8s,1,0
2026-02-17T17:43:35.925Z,9,0,20.26,9,HOLD_2.8s,1,0
2026-02-17T17:43:35.975Z,8,0,20.23,9,HOLD_2.8s,1,0
2026-02-17T17:43:36.026Z,8,0,20.12,9,HOLD_2.8s,0,0
2026-02-17T17:43:36.076Z,9,0,20.31,9,HOLD_2.8s,0,0
2026-02-17T17:43:36.127Z,10,3,19.78,10,SMART_GROW,2,0
2026-02-17T17:43:36.178Z,11,1,20.05,11,SMART_GROW,4,0
2026-02-17T17:43:36.227Z,9,0,20.05,11,HOLD_3.2s,3,0
2026-02-17T17:43:36.277Z,12,1,20.90,12,SMART_GROW,0,0
2026-02-17T17:43:36.327Z,9,0,19.87,12,HOLD_3.4s,3,0
2026-02-17T17:43:36.378Z,9,0,20.16,12,HOLD_3.4s,0,0
2026-02-17T17:43:36.429Z,9,0,20.11,12,HOLD_3.4s,1,0
2026-02-17T17:43:36.478Z,10,0,20.14,12,HOLD_3.4s,0,0
2026-02-17T17:43:36.528Z,11,0,20.00,12,HOLD_3.4s,2,0
2026-02-17T17:43:36.579Z,10,0,20.23,12,HOLD_3.4s,2,0
2026-02-17T17:43:36.630Z,9,0,20.26,12,HOLD_3.4s,1,0
2026-02-17T17:43:36.680Z,8,0,20.14,12,HOLD_3.4s,1,0
2026-02-17T17:43:36.730Z,9,0,20.16,12,HOLD_3.4s,0,0
2026-02-17T17:43:36.781Z,7,0,19.93,12,HOLD_3.4s,2,0
2026-02-17T17:43:36.830Z,7,0,20.12,12,HOLD_3.4s,1,0
2026-02-17T17:43:36.880Z,9,0,19.57,12,HOLD_3.4s,1,0
2026-02-17T17:43:36.931Z,7,0,19.89,12,HOLD_3.4s,2,0
2026-02-17T17:43:36.981Z,7,0,20.83,12,HOLD_3.4s,1,0
2026-02-17T17:43:37.032Z,7,0,19.95,12,HOLD_3.4s,0,0
2026-02-17T17:43:37.083Z,7,0,20.52,12,HOLD_3.4s,0,0
2026-02-17T17:43:37.133Z,8,0,21.37,12,HOLD_3.4s,1,0
2026-02-17T17:43:37.184Z,10,0,20.36,12,HOLD_3.4s,2,0
2026-02-17T17:43:37.235Z,9,0,19.98,12,HOLD_3.4s,4,0
2026-02-17T17:43:37.285Z,9,0,20.19,12,HOLD_3.4s,0,0
2026-02-17T17:43:37.335Z,10,0,19.86,12,HOLD_3.4s,2,0
2026-02-17T17:43:37.384Z,8,0,20.24,12,HOLD_3.4s,2,0
2026-02-17T17:43:37.434Z,8,0,20.43,12,HOLD_3.4s,1,0
2026-02-17T17:43:37.484Z,7,0,19.47,12,HOLD_3.4s,2,0
2026-02-17T17:43:37.535Z,8,0,20.06,12,HOLD_3.4s,1,0
2026-02-17T17:43:37.585Z,9,0,20.19,12,HOLD_3.4s,1,0
2026-02-17T17:43:37.636Z,9,0,20.05,12,HOLD_3.4s,1,0
2026-02-17T17:43:37.687Z,8,0,19.73,12,HOLD_3.4s,2,0
2026-02-17T17:43:37.737Z,5,0,20.11,12,HOLD_3.4s,3,0
2026-02-17T17:43:37.787Z,7,0,20.52,12,HOLD_3.4s,0,0
2026-02-17T17:43:37.839Z,7,0,20.60,12,HOLD_3.4s,1,0
2026-02-17T17:43:37.889Z,6,0,20.59,12,HOLD_3.4s,2,0
2026-02-17T17:43:37.940Z,5,0,20.09,12,HOLD_3.4s,3,0
2026-02-17T17:43:37.990Z,6,0,20.34,12,HOLD_3.4s,0,0
2026-02-17T17:43:38.041Z,5,0,20.09,12,HOLD_3.4s,1,0
2026-02-17T17:43:38.092Z,5,0,20.16,12,HOLD_3.4s,1,0
2026-02-17T17:43:38.141Z,6,0,20.36,12,HOLD_3.4s,0,0
2026-02-17T17:43:38.191Z,6,0,20.50,12,HOLD_3.4s,2,0
2026-02-17T17:43:38.242Z,8,0,20.45,12,HOLD_3.4s,2,0
2026-02-17T17:43:38.293Z,5,0,20.11,12,HOLD_3.4s,3,0
2026-02-17T17:43:38.342Z,5,0,20.37,12,HOLD_3.4s,2,0
2026-02-17T17:43:38.393Z,5,0,20.36,12,HOLD_3.4s,2,0
2026-02-17T17:43:38.444Z,4,0,20.23,12,HOLD_3.4s,2,0
2026-02-17T17:43:38.495Z,5,0,20.31,12,HOLD_3.4s,1,0
2026-02-17T17:43:38.546Z,5,0,20.51,12,HOLD_3.4s,1,0
2026-02-17T17:43:38.597Z,4,0,20.49,12,HOLD_3.4s,2,0
2026-02-17T17:43:38.648Z,4,0,20.07,12,HOLD_3.4s,1,0
2026-02-17T17:43:38.698Z,8,0,20.67,12,HOLD_3.4s,1,0
2026-02-17T17:43:38.749Z,8,0,19.90,12,HOLD_3.4s,1,0
2026-02-17T17:43:38.799Z,9,0,20.42,12,HOLD_3.4s,0,0
2026-02-17T17:43:38.850Z,7,0,19.99,12,HOLD_3.4s,2,0
2026-02-17T17:43:38.900Z,7,0,20.03,12,HOLD_3.4s,2,0
2026-02-17T17:43:38.951Z,7,0,20.09,12,HOLD_3.4s,3,0
2026-02-17T17:43:39.000Z,8,0,20.14,12,HOLD_3.4s,0,0
2026-02-17T17:43:39.050Z,7,0,20.59,12,HOLD_3.4s,1,0
2026-02-17T17:43:39.102Z,7,0,20.05,12,HOLD_3.4s,1,0
2026-02-17T17:43:39.153Z,7,0,20.46,12,HOLD_3.4s,0,0
2026-02-17T17:43:39.203Z,9,0,20.83,12,HOLD_3.4s,0,0
2026-02-17T17:43:39.253Z,13,1,20.45,13,SMART_GROW,1,0
2026-02-17T17:43:39.303Z,10,0,21.13,13,HOLD_3.6s,4,0
2026-02-17T17:43:39.353Z,13,0,19.99,13,HOLD_3.6s,0,0
2026-02-17T17:43:39.403Z,10,0,20.62,13,HOLD_3.6s,5,0
2026-02-17T17:43:39.453Z,9,0,19.77,13,HOLD_3.6s,2,0
2026-02-17T17:43:39.504Z,11,0,20.03,13,HOLD_3.6s,0,0
2026-02-17T17:43:39.553Z,7,0,21.00,13,HOLD_3.6s,4,0
2026-02-17T17:43:39.604Z,8,0,19.99,13,HOLD_3.6s,1,0
2026-02-17T17:43:39.654Z,8,0,21.16,13,HOLD_3.6s,1,0
2026-02-17T17:43:39.705Z,8,0,20.51,13,HOLD_3.6s,1,0
2026-02-17T17:43:39.756Z,8,0,20.37,13,HOLD_3.6s,1,0
2026-02-17T17:43:39.807Z,8,0,20.20,13,HOLD_3.6s,0,0
2026-02-17T17:43:39.857Z,11,0,20.57,13,HOLD_3.6s,0,0
2026-02-17T17:43:39.908Z,9,0,19.90,13,HOLD_3.6s,4,0
2026-02-17T17:43:39.958Z,8,0,20.72,13,HOLD_3.6s,4,0
2026-02-17T17:43:40.008Z,7,0,21.05,13,HOLD_3.6s,1,0
2026-02-17T17:43:40.058Z,8,0,20.73,13,HOLD_3.6s,0,0
2026-02-17T17:43:40.109Z,9,0,20.34,13,HOLD_3.6s,0,0
2026-02-17T17:43:40.160Z,8,0,19.77,13,HOLD_3.6s,1,0
2026-02-17T17:43:40.211Z,8,0,20.44,13,HOLD_3.6s,0,0
2026-02-17T17:43:40.261Z,9,0,20.08,13,HOLD_3.6s,0,0
2026-02-17T17:43:40.311Z,9,0,20.68,13,HOLD_3.6s,4,0
2026-02-17T17:43:40.361Z,10,0,19.87,13,HOLD_3.6s,1,0
2026-02-17T17:43:40.412Z,12,0,20.01,13,HOLD_3.6s,1,0
2026-02-17T17:43:40.466Z,12,0,37.08,12,LAG_SHRINK,1,0
2026-02-17T17:43:40.517Z,13,2,20.18,13,SMART_GROW,1,0
2026-02-17T17:43:40.567Z,14,2,20.22,14,SMART_GROW,2,0
2026-02-17T17:43:40.617Z,15,2,20.68,15,SMART_GROW,0,0
2026-02-17T17:43:40.667Z,15,0,19.78,15,HOLD_4.0s,2,0
2026-02-17T17:43:40.717Z,11,0,20.39,15,HOLD_4.0s,5,0
2026-02-17T17:43:40.768Z,10,0,20.21,15,HOLD_4.0s,2,0
2026-02-17T17:43:40.818Z,10,0,20.30,15,HOLD_4.0s,0,0
2026-02-17T17:43:40.869Z,10,0,19.90,15,HOLD_4.0s,0,0
2026-02-17T17:43:40.919Z,13,0,19.77,15,HOLD_4.0s,4,0
2026-02-17T17:43:40.970Z,11,0,20.16,15,HOLD_4.0s,3,0
2026-02-17T17:43:41.021Z,10,0,20.21,15,HOLD_4.0s,2,0
2026-02-17T17:43:41.071Z,9,0,20.87,15,HOLD_4.0s,2,0
2026-02-17T17:43:41.122Z,9,0,20.16,15,HOLD_4.0s,0,0
2026-02-17T17:43:41.172Z,8,0,19.70,15,HOLD_4.0s,2,0
2026-02-17T17:43:41.222Z,8,0,20.37,15,HOLD_4.0s,0,0
2026-02-17T17:43:41.273Z,8,0,20.90,15,HOLD_4.0s,0,0
2026-02-17T17:43:41.322Z,10,0,20.11,15,HOLD_4.0s,2,0
2026-02-17T17:43:41.373Z,9,0,20.34,15,HOLD_4.0s,2,0
2026-02-17T17:43:41.422Z,9,0,20.05,15,HOLD_4.0s,1,0
2026-02-17T17:43:41.472Z,10,0,20.55,15,HOLD_4.0s,1,0
2026-02-17T17:43:41.523Z,9,0,20.12,15,HOLD_4.0s,1,0
2026-02-17T17:43:41.574Z,10,0,20.08,15,HOLD_4.0s,1,0
2026-02-17T17:43:41.625Z,9,0,20.00,15,HOLD_4.0s,1,0
2026-02-17T17:43:41.675Z,10,0,19.72,15,HOLD_4.0s,2,0
2026-02-17T17:43:41.725Z,9,0,20.37,15,HOLD_4.0s,6,0
2026-02-17T17:43:41.776Z,10,0,20.34,15,HOLD_4.0s,1,0
2026-02-17T17:43:41.827Z,9,0,20.55,15,HOLD_4.0s,1,0
2026-02-17T17:43:41.877Z,9,0,20.52,15,HOLD_4.0s,0,0
2026-02-17T17:43:41.928Z,12,0,20.50,15,HOLD_4.0s,1,0
2026-02-17T17:43:41.978Z,8,0,20.32,15,HOLD_4.0s,7,0
2026-02-17T17:43:42.029Z,7,0,20.68,15,HOLD_4.0s,3,0
2026-02-17T17:43:42.079Z,7,0,19.39,15,HOLD_4.0s,2,0
2026-02-17T17:43:42.130Z,6,0,20.39,15,HOLD_4.0s,1,0
2026-02-17T17:43:42.179Z,8,0,20.46,15,HOLD_4.0s,0,0
2026-02-17T17:43:42.229Z,7,0,20.30,15,HOLD_4.0s,1,0
2026-02-17T17:43:42.279Z,7,0,20.68,15,HOLD_4.0s,1,0
2026-02-17T17:43:42.330Z,9,0,20.27,15,HOLD_4.0s,0,0
2026-02-17T17:43:42.379Z,7,0,21.26,15,HOLD_4.0s,4,0
2026-02-17T17:43:42.430Z,7,0,20.76,15,HOLD_4.0s,1,0
2026-02-17T17:43:42.480Z,7,0,20.54,15,HOLD_4.0s,1,0
2026-02-17T17:43:42.530Z,6,0,21.13,15,HOLD_4.0s,2,0
2026-02-17T17:43:42.581Z,5,0,20.43,15,HOLD_4.0s,2,0
2026-02-17T17:43:42.631Z,4,0,20.73,15,HOLD_4.0s,2,0
2026-02-17T17:43:42.681Z,5,0,20.94,15,HOLD_4.0s,1,0
2026-02-17T17:43:42.731Z,7,0,19.37,15,HOLD_4.0s,4,0
2026-02-17T17:43:42.782Z,3,0,20.20,15,HOLD_4.0s,5,0
2026-02-17T17:43:42.832Z,3,0,20.96,15,HOLD_4.0s,1,0
2026-02-17T17:43:42.883Z,2,0,20.32,15,HOLD_4.0s,2,0
2026-02-17T17:43:42.932Z,4,0,20.31,15,HOLD_4.0s,0,0
2026-02-17T17:43:42.983Z,6,0,20.15,15,HOLD_4.0s,4,0
2026-02-17T17:43:43.033Z,7,0,20.72,15,HOLD_4.0s,2,0
2026-02-17T17:43:43.084Z,6,0,19.90,15,HOLD_4.0s,3,0
2026-02-17T17:43:43.134Z,6,0,19.82,15,HOLD_4.0s,1,0
2026-02-17T17:43:43.184Z,6,0,19.73,15,HOLD_4.0s,0,0
2026-02-17T17:43:43.235Z,5,0,19.67,15,HOLD_4.0s,2,0
2026-02-17T17:43:43.284Z,6,0,20.12,15,HOLD_4.0s,0,0
2026-02-17T17:43:43.334Z,5,0,20.09,15,HOLD_4.0s,1,0
2026-02-17T17:43:43.384Z,7,0,20.07,15,HOLD_4.0s,3,0
2026-02-17T17:43:43.435Z,1,0,19.54,15,HOLD_4.0s,6,0
2026-02-17T17:43:43.485Z,1,0,20.76,15,HOLD_4.0s,2,0
2026-02-17T17:43:43.536Z,2,0,20.75,15,HOLD_4.0s,1,0
2026-02-17T17:43:43.586Z,3,0,20.11,15,HOLD_4.0s,1,0
2026-02-17T17:43:43.637Z,2,0,20.23,15,HOLD_4.0s,3,0
2026-02-17T17:43:43.687Z,2,0,19.66,15,HOLD_4.0s,1,0
2026-02-17T17:43:43.738Z,5,0,20.37,15,HOLD_4.0s,1,0
2026-02-17T17:43:43.788Z,5,0,20.26,15,HOLD_4.0s,5,0
2026-02-17T17:43:43.838Z,7,0,20.03,15,HOLD_4.0s,0,0
2026-02-17T17:43:43.888Z,5,0,20.23,15,HOLD_4.0s,3,0
2026-02-17T17:43:43.938Z,5,0,20.23,15,HOLD_4.0s,0,0
2026-02-17T17:43:43.988Z,8,0,19.69,15,HOLD_4.0s,1,0
2026-02-17T17:43:44.039Z,6,0,19.64,15,HOLD_4.0s,4,0
2026-02-17T17:43:44.089Z,7,0,20.43,15,HOLD_4.0s,3,0
2026-02-17T17:43:44.139Z,6,0,20.83,15,HOLD_4.0s,2,0
2026-02-17T17:43:44.190Z,4,0,20.29,15,HOLD_4.0s,2,0
2026-02-17T17:43:44.240Z,6,0,19.93,15,HOLD_4.0s,0,0
2026-02-17T17:43:44.290Z,5,0,20.24,15,HOLD_4.0s,1,0
2026-02-17T17:43:44.341Z,5,0,20.00,15,HOLD_4.0s,1,0
2026-02-17T17:43:44.392Z,8,0,19.78,15,HOLD_4.0s,1,0
2026-02-17T17:43:44.441Z,9,0,19.70,15,HOLD_4.0s,4,0
2026-02-17T17:43:44.492Z,11,0,19.91,15,HOLD_4.0s,0,0
2026-02-17T17:43:44.541Z,10,0,19.69,15,HOLD_4.0s,2,0
2026-02-17T17:43:44.592Z,11,0,19.95,15,HOLD_4.0s,0,0
2026-02-17T17:43:44.643Z,12,0,20.35,15,HOLD_4.0s,2,0
2026-02-17T17:43:44.693Z,12,0,19.97,15,HOLD_4.0s,2,0
2026-02-17T17:43:44.744Z,11,0,20.44,15,HOLD_4.0s,2,0
2026-02-17T17:43:44.794Z,13,0,20.02,15,HOLD_4.0s,3,0
2026-02-17T17:43:44.845Z,11,0,20.13,15,HOLD_4.0s,2,0
2026-02-17T17:43:44.895Z,12,0,20.22,15,HOLD_4.0s,2,0
2026-02-17T17:43:44.946Z,12,0,20.14,15,HOLD_4.0s,0,0
2026-02-17T17:43:44.997Z,13,0,20.09,15,HOLD_4.0s,1,0
2026-02-17T17:43:45.046Z,12,0,19.88,15,HOLD_4.0s,4,0
2026-02-17T17:43:45.096Z,14,0,20.28,15,HOLD_4.0s,2,0
2026-02-17T17:43:45.146Z,14,0,20.19,15,HOLD_4.0s,1,0
2026-02-17T17:43:45.196Z,15,0,19.76,15,HOLD_4.0s,1,0
2026-02-17T17:43:45.246Z,14,0,19.78,15,HOLD_4.0s,3,0
2026-02-17T17:43:45.297Z,12,0,19.92,15,HOLD_4.0s,2,0
2026-02-17T17:43:45.348Z,13,0,19.72,15,HOLD_4.0s,1,0
2026-02-17T17:43:45.399Z,13,0,20.35,15,HOLD_4.0s,1,0
2026-02-17T17:43:45.450Z,14,0,19.87,15,HOLD_4.0s,2,0
2026-02-17T17:43:45.501Z,15,0,20.21,15,HOLD_4.0s,1,0
2026-02-17T17:43:45.551Z,13,0,20.70,15,HOLD_4.0s,2,0
2026-02-17T17:43:45.602Z,12,0,20.28,15,HOLD_4.0s,1,0
2026-02-17T17:43:45.651Z,13,0,19.98,15,HOLD_4.0s,1,0
2026-02-17T17:43:45.701Z,13,0,19.74,15,HOLD_4.0s,3,0
2026-02-17T17:43:45.751Z,11,0,19.42,15,HOLD_4.0s,3,0
2026-02-17T17:43:45.801Z,10,0,20.29,15,HOLD_4.0s,4,0
2026-02-17T17:43:45.852Z,11,0,20.60,15,HOLD_4.0s,2,0
2026-02-17T17:43:45.902Z,11,0,20.70,15,HOLD_4.0s,2,0
2026-02-17T17:43:45.953Z,11,0,20.24,15,HOLD_4.0s,0,0
2026-02-17T17:43:46.002Z,10,0,20.10,15,HOLD_4.0s,2,0
2026-02-17T17:43:46.052Z,11,0,19.80,15,HOLD_4.0s,3,0
2026-02-17T17:43:46.103Z,12,0,20.19,15,HOLD_4.0s,1,0
2026-02-17T17:43:46.153Z,11,0,20.64,15,HOLD_4.0s,2,0
2026-02-17T17:43:46.204Z,12,0,20.13,15,HOLD_4.0s,1,0
2026-02-17T17:43:46.253Z,11,0,20.74,15,HOLD_4.0s,3,0
2026-02-17T17:43:46.304Z,11,0,20.62,15,HOLD_4.0s,2,0
2026-02-17T17:43:46.354Z,12,0,20.21,15,HOLD_4.0s,0,0
2026-02-17T17:43:46.403Z,12,0,20.59,15,HOLD_4.0s,1,0
2026-02-17T17:43:46.453Z,13,0,20.31,15,HOLD_4.0s,2,0
2026-02-17T17:43:46.503Z,12,0,20.21,15,HOLD_4.0s,2,0
2026-02-17T17:43:46.553Z,13,0,20.08,15,HOLD_4.0s,1,0
2026-02-17T17:43:46.603Z,11,0,22.49,15,HOLD_4.0s,3,0
2026-02-17T17:43:46.653Z,10,0,20.05,15,HOLD_4.0s,2,0
2026-02-17T17:43:46.704Z,11,0,20.09,15,HOLD_4.0s,2,0
2026-02-17T17:43:46.754Z,12,0,20.32,15,HOLD_4.0s,2,0
2026-02-17T17:43:46.804Z,13,0,19.62,15,HOLD_4.0s,3,0
2026-02-17T17:43:46.854Z,12,0,20.01,15,HOLD_4.0s,3,0
2026-02-17T17:43:46.904Z,11,0,19.82,15,HOLD_4.0s,3,0
2026-02-17T17:43:46.954Z,11,0,20.20,15,HOLD_4.0s,0,0
2026-02-17T17:43:47.004Z,11,0,20.28,15,HOLD_4.0s,2,0
2026-02-17T17:43:47.054Z,15,0,20.24,15,HOLD_4.0s,0,0
2026-02-17T17:43:47.105Z,11,0,19.87,15,HOLD_4.0s,5,0
2026-02-17T17:43:47.154Z,8,0,20.73,15,HOLD_4.0s,5,0
2026-02-17T17:43:47.205Z,8,0,19.79,15,HOLD_4.0s,1,0
2026-02-17T17:43:47.255Z,9,0,20.01,15,HOLD_4.0s,2,0
2026-02-17T17:43:47.305Z,10,0,20.57,15,HOLD_4.0s,1,0
2026-02-17T17:43:47.355Z,8,0,20.77,15,HOLD_4.0s,2,0
2026-02-17T17:43:47.406Z,9,0,20.11,15,HOLD_4.0s,0,0
2026-02-17T17:43:47.456Z,9,0,19.91,15,HOLD_4.0s,2,0
2026-02-17T17:43:47.507Z,9,0,20.75,15,HOLD_4.0s,2,0
2026-02-17T17:43:47.558Z,10,0,19.97,15,HOLD_4.0s,0,0
2026-02-17T17:43:47.608Z,11,0,20.00,15,HOLD_4.0s,2,0
2026-02-17T17:43:47.659Z,10,0,20.00,15,HOLD_4.0s,4,0
2026-02-17T17:43:47.708Z,9,0,20.93,15,HOLD_4.0s,2,0
2026-02-17T17:43:47.758Z,10,0,19.80,15,HOLD_4.0s,1,0
2026-02-17T17:43:47.810Z,11,0,21.60,15,HOLD_4.0s,3,0
2026-02-17T17:43:47.860Z,9,0,20.90,15,HOLD_4.0s,4,0
2026-02-17T17:43:47.911Z,9,0,21.05,15,HOLD_4.0s,3,0
2026-02-17T17:43:47.960Z,7,0,20.28,15,HOLD_4.0s,2,0
2026-02-17T17:43:48.011Z,9,0,20.45,15,HOLD_4.0s,0,0
2026-02-17T17:43:48.062Z,8,0,20.39,15,HOLD_4.0s,2,0
2026-02-17T17:43:48.113Z,8,0,20.53,15,HOLD_4.0s,4,0
2026-02-17T17:43:48.163Z,8,0,20.24,15,HOLD_4.0s,5,0
2026-02-17T17:43:48.214Z,8,0,20.11,15,HOLD_4.0s,1,0
2026-02-17T17:43:48.264Z,8,0,21.19,15,HOLD_4.0s,2,0
2026-02-17T17:43:48.315Z,6,0,20.19,15,HOLD_4.0s,3,0
2026-02-17T17:43:48.365Z,5,0,23.88,15,HOLD_4.0s,3,0
2026-02-17T17:43:48.416Z,6,0,20.41,15,HOLD_4.0s,0,0
2026-02-17T17:43:48.467Z,6,0,19.46,15,HOLD_4.0s,1,0
2026-02-17T17:43:48.516Z,7,0,20.47,15,HOLD_4.0s,1,0
2026-02-17T17:43:48.566Z,7,0,20.21,15,HOLD_4.0s,0,0
2026-02-17T17:43:48.616Z,8,0,20.59,15,HOLD_4.0s,2,0
2026-02-17T17:43:48.666Z,10,0,19.75,15,HOLD_4.0s,1,0
2026-02-17T17:43:48.716Z,8,0,20.06,15,HOLD_4.0s,4,0
2026-02-17T17:43:48.766Z,7,0,20.98,15,HOLD_4.0s,2,0
2026-02-17T17:43:48.816Z,7,0,19.47,15,HOLD_4.0s,3,0
2026-02-17T17:43:48.867Z,8,0,19.72,15,HOLD_4.0s,4,0
2026-02-17T17:43:48.918Z,8,0,20.49,15,HOLD_4.0s,3,0
2026-02-17T17:43:48.968Z,8,0,20.10,15,HOLD_4.0s,1,0
2026-02-17T17:43:49.018Z,7,0,20.55,15,HOLD_4.0s,1,0
2026-02-17T17:43:49.069Z,6,0,20.79,15,HOLD_4.0s,3,0
2026-02-17T17:43:49.119Z,8,0,20.49,15,HOLD_4.0s,3,0
2026-02-17T17:43:49.171Z,9,0,20.68,15,HOLD_4.0s,3,0
2026-02-17T17:43:49.222Z,7,0,21.09,15,HOLD_4.0s,4,0
2026-02-17T17:43:49.272Z,6,0,20.83,15,HOLD_4.0s,2,0
2026-02-17T17:43:49.322Z,5,0,21.13,15,HOLD_4.0s,4,0
2026-02-17T17:43:49.373Z,8,0,20.12,15,HOLD_4.0s,0,0
2026-02-17T17:43:49.423Z,7,0,20.29,15,HOLD_4.0s,1,0
2026-02-17T17:43:49.474Z,7,0,20.88,15,HOLD_4.0s,1,0
2026-02-17T17:43:49.524Z,8,0,20.21,15,HOLD_4.0s,0,0
2026-02-17T17:43:49.574Z,8,0,19.79,15,HOLD_4.0s,0,0
2026-02-17T17:43:49.625Z,10,0,19.93,15,HOLD_4.0s,0,0
2026-02-17T17:43:49.674Z,7,0,20.55,15,HOLD_4.0s,4,0
2026-02-17T17:43:49.725Z,8,0,19.18,15,HOLD_4.0s,3,0
2026-02-17T17:43:49.775Z,8,0,20.55,15,HOLD_4.0s,3,0
2026-02-17T17:43:49.825Z,9,0,20.29,15,HOLD_4.0s,1,0
2026-02-17T17:43:49.875Z,8,0,20.14,15,HOLD_4.0s,5,0
2026-02-17T17:43:49.924Z,11,0,20.18,15,HOLD_4.0s,1,0
2026-02-17T17:43:49.974Z,9,0,19.59,15,HOLD_4.0s,2,0
2026-02-17T17:43:50.025Z,9,0,20.90,15,HOLD_4.0s,1,0
2026-02-17T17:43:50.076Z,9,0,20.34,15,HOLD_4.0s,3,0
2026-02-17T17:43:50.126Z,12,0,20.37,15,HOLD_4.0s,0,0
2026-02-17T17:43:50.175Z,11,0,20.05,15,HOLD_4.0s,4,0
2026-02-17T17:43:50.226Z,11,0,20.28,15,HOLD_4.0s,4,0
2026-02-17T17:43:50.276Z,12,0,20.39,15,HOLD_4.0s,1,0
2026-02-17T17:43:50.326Z,14,0,20.26,15,HOLD_4.0s,2,0
2026-02-17T17:43:50.377Z,14,0,20.24,15,HOLD_4.0s,0,0
2026-02-17T17:43:50.428Z,15,0,20.11,15,HOLD_4.0s,0,0
2026-02-17T17:43:50.479Z,16,1,20.17,16,SMART_GROW,0,0
2026-02-17T17:43:50.528Z,15,0,20.95,16,HOLD_4.2s,1,0
2026-02-17T17:43:50.579Z,15,0,20.21,16,HOLD_4.2s,0,0
2026-02-17T17:43:50.629Z,14,0,20.16,16,HOLD_4.2s,1,0
2026-02-17T17:43:50.680Z,16,0,20.73,16,HOLD_4.2s,2,0
2026-02-17T17:43:50.731Z,16,0,19.90,16,HOLD_4.2s,3,0
2026-02-17T17:43:50.780Z,16,0,20.07,16,HOLD_4.2s,3,0
2026-02-17T17:43:50.830Z,13,0,19.73,16,HOLD_4.2s,4,0
2026-02-17T17:43:50.880Z,15,0,20.05,16,HOLD_4.2s,3,0
2026-02-17T17:43:50.931Z,13,0,20.00,16,HOLD_4.2s,3,0
2026-02-17T17:43:50.979Z,12,0,20.33,16,HOLD_4.2s,3,0
2026-02-17T17:43:51.030Z,13,0,19.70,16,HOLD_4.2s,0,0
2026-02-17T17:43:51.080Z,14,0,20.40,16,HOLD_4.2s,2,0
2026-02-17T17:43:51.129Z,10,0,20.34,16,HOLD_4.2s,4,0
2026-02-17T17:43:51.180Z,12,0,20.19,16,HOLD_4.2s,2,0
2026-02-17T17:43:51.229Z,12,0,21.36,16,HOLD_4.2s,4,0
2026-02-17T17:43:51.280Z,12,0,20.37,16,HOLD_4.2s,1,0
2026-02-17T17:43:51.331Z,11,0,20.19,16,HOLD_4.2s,3,0
2026-02-17T17:43:51.381Z,8,0,19.62,16,HOLD_4.2s,3,0
2026-02-17T17:43:51.431Z,8,0,20.32,16,HOLD_4.2s,0,0
2026-02-17T17:43:51.481Z,8,0,19.47,16,HOLD_4.2s,0,0
2026-02-17T17:43:51.531Z,8,0,20.61,16,HOLD_4.2s,1,0
2026-02-17T17:43:51.581Z,8,0,21.11,16,HOLD_4.2s,0,0
2026-02-17T17:43:51.631Z,9,0,20.31,16,HOLD_4.2s,0,0
2026-02-17T17:43:51.682Z,10,0,19.44,16,HOLD_4.2s,1,0
2026-02-17T17:43:51.731Z,10,0,20.26,16,HOLD_4.2s,3,0
2026-02-17T17:43:51.781Z,11,0,20.36,16,HOLD_4.2s,2,0
2026-02-17T17:43:51.832Z,8,0,21.16,16,HOLD_4.2s,7,0
2026-02-17T17:43:51.882Z,8,0,19.66,16,HOLD_4.2s,3,0
2026-02-17T17:43:51.932Z,9,0,20.64,16,HOLD_4.2s,2,0
2026-02-17T17:43:51.983Z,9,0,20.00,16,HOLD_4.2s,3,0
2026-02-17T17:43:52.033Z,8,0,20.67,16,HOLD_4.2s,1,0
2026-02-17T17:43:52.083Z,8,0,20.68,16,HOLD_4.2s,2,0
2026-02-17T17:43:52.134Z,9,0,19.93,16,HOLD_4.2s,3,0
2026-02-17T17:43:52.184Z,10,0,20.59,16,HOLD_4.2s,1,0
2026-02-17T17:43:52.234Z,10,0,21.11,16,HOLD_4.2s,4,0
2026-02-17T17:43:52.284Z,9,0,20.23,16,HOLD_4.2s,2,0
2026-02-17T17:43:52.335Z,10,0,20.47,16,HOLD_4.2s,2,0
2026-02-17T17:43:52.385Z,10,0,20.73,16,HOLD_4.2s,3,0
2026-02-17T17:43:52.436Z,8,0,20.39,16,HOLD_4.2s,2,0
2026-02-17T17:43:52.487Z,8,0,20.24,16,HOLD_4.2s,0,0
2026-02-17T17:43:52.537Z,9,0,20.54,16,HOLD_4.2s,0,0
2026-02-17T17:43:52.588Z,8,0,20.01,16,HOLD_4.2s,1,0
2026-02-17T17:43:52.638Z,8,0,20.49,16,HOLD_4.2s,0,0
2026-02-17T17:43:52.688Z,8,0,20.62,16,HOLD_4.2s,1,0
2026-02-17T17:43:52.738Z,9,0,20.06,16,HOLD_4.2s,2,0
2026-02-17T17:43:52.788Z,9,0,21.06,16,HOLD_4.2s,3,0
2026-02-17T17:43:52.840Z,10,0,21.18,16,HOLD_4.2s,5,0
2026-02-17T17:43:52.892Z,8,0,18.77,16,HOLD_4.2s,5,0
2026-02-17T17:43:52.943Z,8,0,20.54,16,HOLD_4.2s,2,0
2026-02-17T17:43:52.993Z,8,0,19.44,16,HOLD_4.2s,3,0
2026-02-17T17:43:53.044Z,8,0,20.22,16,HOLD_4.2s,1,0
2026-02-17T17:43:53.094Z,9,0,21.03,16,HOLD_4.2s,1,0
2026-02-17T17:43:53.144Z,11,0,20.07,16,HOLD_4.2s,1,0
2026-02-17T17:43:53.194Z,9,0,20.80,16,HOLD_4.2s,3,0
2026-02-17T17:43:53.245Z,8,0,20.04,16,HOLD_4.2s,5,0
2026-02-17T17:43:53.295Z,9,0,20.57,16,HOLD_4.2s,1,0
2026-02-17T17:43:53.345Z,10,0,20.30,16,HOLD_4.2s,1,0
2026-02-17T17:43:53.394Z,11,0,21.65,16,HOLD_4.2s,4,0
2026-02-17T17:43:53.446Z,8,0,20.00,16,HOLD_4.2s,3,0
2026-02-17T17:43:53.496Z,8,0,19.83,16,HOLD_4.2s,0,0
2026-02-17T17:43:53.547Z,8,0,20.38,16,HOLD_4.2s,0,0
2026-02-17T17:43:53.597Z,8,0,20.24,16,HOLD_4.2s,1,0
2026-02-17T17:43:53.648Z,8,0,20.31,16,HOLD_4.2s,0,0
2026-02-17T17:43:53.698Z,9,0,20.70,16,HOLD_4.2s,0,0
2026-02-17T17:43:53.749Z,11,0,20.66,16,HOLD_4.2s,0,0
2026-02-17T17:43:53.800Z,11,0,19.98,16,HOLD_4.2s,3,0
2026-02-17T17:43:53.850Z,13,0,19.74,16,HOLD_4.2s,3,0
2026-02-17T17:43:53.901Z,14,0,20.75,16,HOLD_4.2s,4,0
2026-02-17T17:43:53.950Z,13,0,20.45,16,HOLD_4.2s,3,0
2026-02-17T17:43:54.001Z,13,0,19.75,16,HOLD_4.2s,3,0
2026-02-17T17:43:54.051Z,12,0,20.20,16,HOLD_4.2s,2,0
2026-02-17T17:43:54.101Z,11,0,19.72,16,HOLD_4.2s,2,0
2026-02-17T17:43:54.151Z,11,0,20.32,16,HOLD_4.2s,1,0
2026-02-17T17:43:54.201Z,10,0,19.89,16,HOLD_4.2s,4,0
2026-02-17T17:43:54.251Z,13,0,20.49,16,HOLD_4.2s,2,0
2026-02-17T17:43:54.302Z,8,0,20.19,16,HOLD_4.2s,6,0
2026-02-17T17:43:54.352Z,7,0,20.11,16,HOLD_4.2s,2,0
2026-02-17T17:43:54.402Z,11,0,20.50,16,HOLD_4.2s,1,0
2026-02-17T17:43:54.453Z,9,0,20.39,16,HOLD_4.2s,4,0
2026-02-17T17:43:54.503Z,9,0,20.34,16,HOLD_4.2s,0,0
2026-02-17T17:43:54.554Z,9,0,20.13,16,HOLD_4.2s,0,0
2026-02-17T17:43:54.604Z,8,0,20.07,16,HOLD_4.2s,2,0
2026-02-17T17:43:54.654Z,7,0,20.18,16,HOLD_4.2s,1,0
2026-02-17T17:43:54.704Z,7,0,20.63,16,HOLD_4.2s,0,0
2026-02-17T17:43:54.754Z,7,0,20.26,16,HOLD_4.2s,0,0
2026-02-17T17:43:54.805Z,10,0,20.07,16,HOLD_4.2s,0,0
2026-02-17T17:43:54.855Z,10,0,20.75,16,HOLD_4.2s,3,0
2026-02-17T17:43:54.905Z,11,0,20.83,16,HOLD_4.2s,4,0
2026-02-17T17:43:54.955Z,11,0,19.32,16,HOLD_4.2s,3,0
2026-02-17T17:43:55.006Z,11,0,20.74,16,HOLD_4.2s,2,0
2026-02-17T17:43:55.056Z,11,0,20.14,16,HOLD_4.2s,2,0
2026-02-17T17:43:55.107Z,11,0,20.25,16,HOLD_4.2s,2,0
2026-02-17T17:43:55.158Z,10,0,19.83,16,HOLD_4.2s,2,0
2026-02-17T17:43:55.208Z,12,0,20.28,16,HOLD_4.2s,2,0
2026-02-17T17:43:55.258Z,11,0,20.49,16,HOLD_4.2s,4,0
2026-02-17T17:43:55.308Z,10,0,19.64,16,HOLD_4.2s,6,0
2026-02-17T17:43:55.358Z,11,0,20.29,16,HOLD_4.2s,1,0
2026-02-17T17:43:55.409Z,9,0,20.14,16,HOLD_4.2s,3,0
2026-02-17T17:43:55.458Z,10,0,19.83,16,HOLD_4.2s,3,0
2026-02-17T17:43:55.509Z,9,0,20.48,16,HOLD_4.2s,1,0
2026-02-17T17:43:55.559Z,9,0,20.36,16,HOLD_4.2s,0,0
2026-02-17T17:43:55.609Z,10,0,20.07,16,HOLD_4.2s,1,0
2026-02-17T17:43:55.659Z,11,0,20.32,16,HOLD_4.2s,0,0
2026-02-17T17:43:55.709Z,10,0,20.24,16,HOLD_4.2s,1,0
2026-02-17T17:43:55.760Z,9,0,20.30,16,HOLD_4.2s,1,0
2026-02-17T17:43:55.811Z,9,0,20.41,16,HOLD_4.2s,0,0
2026-02-17T17:43:55.860Z,9,0,19.73,16,HOLD_4.2s,3,0
2026-02-17T17:43:55.911Z,11,0,20.20,16,HOLD_4.2s,2,0
2026-02-17T17:43:55.961Z,11,0,19.83,16,HOLD_4.2s,4,0
2026-02-17T17:43:56.011Z,11,0,20.23,16,HOLD_4.2s,1,0
2026-02-17T17:43:56.061Z,11,0,20.11,16,HOLD_4.2s,2,0
2026-02-17T17:43:56.111Z,12,0,20.09,16,HOLD_4.2s,1,0
2026-02-17T17:43:56.162Z,14,0,20.46,16,HOLD_4.2s,0,0
2026-02-17T17:43:56.212Z,13,0,20.73,16,HOLD_4.2s,1,0
2026-02-17T17:43:56.263Z,16,0,20.23,16,HOLD_4.2s,3,0
2026-02-17T17:43:56.313Z,16,0,20.14,16,HOLD_4.2s,6,0
2026-02-17T17:43:56.363Z,14,0,20.27,16,HOLD_4.2s,4,0
2026-02-17T17:43:56.414Z,13,0,20.09,16,HOLD_4.2s,3,0
2026-02-17T17:43:56.463Z,12,0,20.23,16,HOLD_4.2s,4,0
2026-02-17T17:43:56.514Z,10,0,19.34,16,HOLD_4.2s,3,0
2026-02-17T17:43:56.564Z,10,0,20.35,16,HOLD_4.2s,0,0
2026-02-17T17:43:56.615Z,11,0,19.64,16,HOLD_4.2s,0,0
2026-02-17T17:43:56.665Z,11,0,20.35,16,HOLD_4.2s,0,0
2026-02-17T17:43:56.716Z,11,0,20.49,16,HOLD_4.2s,1,0
2026-02-17T17:43:56.766Z,11,0,19.89,16,HOLD_4.2s,1,0
2026-02-17T17:43:56.817Z,10,0,20.59,16,HOLD_4.2s,1,0
2026-02-17T17:43:56.868Z,11,0,20.20,16,HOLD_4.2s,2,0
2026-02-17T17:43:56.918Z,10,0,20.26,16,HOLD_4.2s,3,0
2026-02-17T17:43:56.969Z,10,0,20.24,16,HOLD_4.2s,4,0
2026-02-17T17:43:57.019Z,9,0,20.26,16,HOLD_4.2s,2,0
2026-02-17T17:43:57.069Z,9,0,20.53,16,HOLD_4.2s,2,0
2026-02-17T17:43:57.119Z,10,0,19.72,16,HOLD_4.2s,0,0
2026-02-17T17:43:57.170Z,8,0,20.22,16,HOLD_4.2s,2,0
2026-02-17T17:43:57.221Z,8,0,20.85,16,HOLD_4.2s,1,0
2026-02-17T17:43:57.271Z,10,0,20.57,16,HOLD_4.2s,1,0
2026-02-17T17:43:57.321Z,11,0,20.73,16,HOLD_4.2s,5,0
2026-02-17T17:43:57.372Z,9,0,20.41,16,HOLD_4.2s,6,0
2026-02-17T17:43:57.422Z,10,0,20.05,16,HOLD_4.2s,2,0
2026-02-17T17:43:57.472Z,10,0,20.15,16,HOLD_4.2s,4,0
2026-02-17T17:43:57.522Z,9,0,21.41,16,HOLD_4.2s,4,0
2026-02-17T17:43:57.572Z,9,0,20.28,16,HOLD_4.2s,0,0
2026-02-17T17:43:57.623Z,8,0,19.87,16,HOLD_4.2s,1,0
2026-02-17T17:43:57.673Z,8,0,20.28,16,HOLD_4.2s,0,0
2026-02-17T17:43:57.723Z,9,0,20.11,16,HOLD_4.2s,0,0
2026-02-17T17:43:57.774Z,8,0,20.15,16,HOLD_4.2s,2,0
2026-02-17T17:43:57.824Z,8,0,20.01,16,HOLD_4.2s,1,0
2026-02-17T17:43:57.874Z,8,0,20.50,16,HOLD_4.2s,2,0
2026-02-17T17:43:57.925Z,7,0,19.77,16,HOLD_4.2s,4,0
2026-02-17T17:43:57.975Z,8,0,20.30,16,HOLD_4.2s,3,0
2026-02-17T17:43:58.025Z,8,0,20.75,16,HOLD_4.2s,3,0
2026-02-17T17:43:58.075Z,6,0,20.02,16,HOLD_4.2s,3,0
2026-02-17T17:43:58.125Z,5,0,19.65,16,HOLD_4.2s,2,0
2026-02-17T17:43:58.176Z,4,0,20.25,16,HOLD_4.2s,2,0
2026-02-17T17:43:58.226Z,4,0,19.54,16,HOLD_4.2s,1,0
2026-02-17T17:43:58.277Z,4,0,21.91,16,HOLD_4.2s,1,0
2026-02-17T17:43:58.327Z,7,0,19.92,16,HOLD_4.2s,2,0
2026-02-17T17:43:58.378Z,8,0,20.27,16,HOLD_4.2s,5,0
2026-02-17T17:43:58.428Z,8,0,20.34,16,HOLD_4.2s,2,0
2026-02-17T17:43:58.478Z,8,0,20.14,16,HOLD_4.2s,4,0
2026-02-17T17:43:58.529Z,10,0,20.90,16,HOLD_4.2s,2,0
2026-02-17T17:43:58.578Z,9,0,20.14,16,HOLD_4.2s,1,0
2026-02-17T17:43:58.629Z,8,0,20.24,16,HOLD_4.2s,2,0
2026-02-17T17:43:58.679Z,7,0,20.60,16,HOLD_4.2s,1,0
2026-02-17T17:43:58.730Z,7,0,19.98,16,HOLD_4.2s,0,0
2026-02-17T17:43:58.781Z,9,0,20.24,16,HOLD_4.2s,0,0
2026-02-17T17:43:58.830Z,10,0,20.46,16,HOLD_4.2s,0,0
2026-02-17T17:43:58.881Z,11,0,20.55,16,HOLD_4.2s,1,0
2026-02-17T17:43:58.931Z,12,0,20.33,16,HOLD_4.2s,3,0
2026-02-17T17:43:58.984Z,10,0,23.78,16,HOLD_4.2s,4,0
2026-02-17T17:43:59.034Z,9,0,20.05,16,HOLD_4.2s,5,0
2026-02-17T17:43:59.085Z,9,0,19.65,16,HOLD_4.2s,3,0
2026-02-17T17:43:59.135Z,8,0,20.05,16,HOLD_4.2s,3,0
2026-02-17T17:43:59.185Z,6,0,20.41,16,HOLD_4.2s,4,0
2026-02-17T17:43:59.235Z,6,0,20.40,16,HOLD_4.2s,1,0
2026-02-17T17:43:59.285Z,6,0,19.60,16,HOLD_4.2s,1,0
2026-02-17T17:43:59.336Z,7,0,20.11,16,HOLD_4.2s,1,0
2026-02-17T17:43:59.388Z,9,0,21.31,16,HOLD_4.2s,3,0
2026-02-17T17:43:59.437Z,7,0,19.91,16,HOLD_4.2s,4,0
2026-02-17T17:43:59.487Z,8,0,19.64,16,HOLD_4.2s,3,0
2026-02-17T17:43:59.537Z,9,0,19.80,16,HOLD_4.2s,2,0
2026-02-17T17:43:59.587Z,7,0,20.37,16,HOLD_4.2s,2,0
2026-02-17T17:43:59.637Z,9,0,20.55,16,HOLD_4.2s,0,0
2026-02-17T17:43:59.687Z,6,0,19.91,16,HOLD_4.2s,4,0
2026-02-17T17:43:59.737Z,6,0,20.53,16,HOLD_4.2s,0,0
2026-02-17T17:43:59.787Z,6,0,20.36,16,HOLD_4.2s,0,0
2026-02-17T17:43:59.837Z,6,0,20.70,16,HOLD_4.2s,0,0
2026-02-17T17:43:59.887Z,7,0,20.42,16,HOLD_4.2s,0,0
2026-02-17T17:43:59.939Z,8,0,20.00,16,HOLD_4.2s,2,0
2026-02-17T17:43:59.990Z,9,0,20.14,16,HOLD_4.2s,3,0
2026-02-17T17:44:00.040Z,10,0,19.78,16,HOLD_4.2s,4,0
2026-02-17T17:44:00.090Z,10,0,20.23,16,HOLD_4.2s,3,0
2026-02-17T17:44:00.140Z,13,0,20.36,16,HOLD_4.2s,0,0
2026-02-17T17:44:00.190Z,14,0,19.60,16,HOLD_4.2s,3,0
2026-02-17T17:44:00.240Z,12,0,18.93,16,HOLD_4.2s,3,0
2026-02-17T17:44:00.289Z,13,0,19.95,16,HOLD_4.2s,1,0
2026-02-17T17:44:00.340Z,12,0,20.00,16,HOLD_4.2s,1,0
2026-02-17T17:44:00.390Z,12,0,19.97,16,HOLD_4.2s,3,0
2026-02-17T17:44:00.441Z,14,0,19.73,16,HOLD_4.2s,2,0
2026-02-17T17:44:00.491Z,12,0,19.93,16,HOLD_4.2s,5,0
2026-02-17T17:44:00.541Z,10,0,19.34,16,HOLD_4.2s,4,0
2026-02-17T17:44:00.591Z,10,0,19.81,16,HOLD_4.2s,2,0
2026-02-17T17:44:00.641Z,10,0,19.59,16,HOLD_4.2s,0,0
2026-02-17T17:44:00.691Z,12,0,20.15,16,HOLD_4.2s,2,0
2026-02-17T17:44:00.741Z,9,0,20.44,16,HOLD_4.2s,3,0
2026-02-17T17:44:00.791Z,8,0,20.41,16,HOLD_4.2s,1,0
2026-02-17T17:44:00.842Z,8,0,19.54,16,HOLD_4.2s,0,0
2026-02-17T17:44:00.892Z,8,0,20.38,16,HOLD_4.2s,0,0
2026-02-17T17:44:00.943Z,9,0,20.42,16,HOLD_4.2s,1,0
2026-02-17T17:44:00.993Z,10,0,20.70,16,HOLD_4.2s,2,0
2026-02-17T17:44:01.043Z,11,0,19.54,16,HOLD_4.2s,3,0
2026-02-17T17:44:01.093Z,12,0,19.77,16,HOLD_4.2s,2,0
2026-02-17T17:44:01.143Z,10,0,20.88,16,HOLD_4.2s,2,0
2026-02-17T17:44:01.193Z,11,0,21.18,16,HOLD_4.2s,2,0
2026-02-17T17:44:01.243Z,12,0,20.05,16,HOLD_4.2s,2,0
2026-02-17T17:44:01.293Z,12,0,20.59,16,HOLD_4.2s,1,0
2026-02-17T17:44:01.343Z,10,0,20.14,16,HOLD_4.2s,3,0
2026-02-17T17:44:01.393Z,11,0,21.08,16,HOLD_4.2s,2,0
2026-02-17T17:44:01.444Z,10,0,20.24,16,HOLD_4.2s,3,0
2026-02-17T17:44:01.494Z,10,0,20.02,16,HOLD_4.2s,5,0
2026-02-17T17:44:01.544Z,10,0,19.70,16,HOLD_4.2s,4,0
2026-02-17T17:44:01.594Z,11,0,19.87,16,HOLD_4.2s,1,0
2026-02-17T17:44:01.645Z,10,0,19.84,16,HOLD_4.2s,1,0
2026-02-17T17:44:01.695Z,11,0,20.13,16,HOLD_4.2s,1,0
2026-02-17T17:44:01.745Z,12,0,20.62,16,HOLD_4.2s,2,0
2026-02-17T17:44:01.796Z,11,0,20.39,16,HOLD_4.2s,2,0
2026-02-17T17:44:01.846Z,9,0,19.95,16,HOLD_4.2s,2,0
2026-02-17T17:44:01.897Z,9,0,20.44,16,HOLD_4.2s,0,0
2026-02-17T17:44:01.947Z,9,0,20.78,16,HOLD_4.2s,1,0
2026-02-17T17:44:01.998Z,8,0,20.75,16,HOLD_4.2s,3,0
2026-02-17T17:44:02.048Z,11,0,19.87,16,HOLD_4.2s,0,0
2026-02-17T17:44:02.098Z,9,0,20.39,16,HOLD_4.2s,4,0
2026-02-17T17:44:02.149Z,7,0,20.13,16,HOLD_4.2s,4,0
2026-02-17T17:44:02.200Z,9,0,20.23,16,HOLD_4.2s,0,0
2026-02-17T17:44:02.250Z,8,0,20.57,16,HOLD_4.2s,3,0
2026-02-17T17:44:02.300Z,7,0,20.52,16,HOLD_4.2s,2,0
2026-02-17T17:44:02.350Z,9,0,20.16,16,HOLD_4.2s,1,0
2026-02-17T17:44:02.401Z,7,0,19.98,16,HOLD_4.2s,4,0
2026-02-17T17:44:02.451Z,8,0,20.18,16,HOLD_4.2s,2,0
2026-02-17T17:44:02.502Z,11,0,19.67,16,HOLD_4.2s,2,0
2026-02-17T17:44:02.551Z,11,0,19.75,16,HOLD_4.2s,4,0
2026-02-17T17:44:02.602Z,11,0,20.21,16,HOLD_4.2s,2,0
2026-02-17T17:44:02.652Z,10,0,19.84,16,HOLD_4.2s,1,0
2026-02-17T17:44:02.702Z,9,0,20.23,16,HOLD_4.2s,2,0
2026-02-17T17:44:02.751Z,7,0,20.21,16,HOLD_4.2s,4,0
2026-02-17T17:44:02.802Z,9,0,20.62,16,HOLD_4.2s,1,0
2026-02-17T17:44:02.852Z,7,0,20.41,16,HOLD_4.2s,3,0
2026-02-17T17:44:02.902Z,7,0,20.29,16,HOLD_4.2s,0,0
2026-02-17T17:44:02.952Z,7,0,20.79,16,HOLD_4.2s,1,0
2026-02-17T17:44:03.003Z,10,0,20.46,16,HOLD_4.2s,0,0
2026-02-17T17:44:03.053Z,6,0,20.62,16,HOLD_4.2s,4,0
2026-02-17T17:44:03.104Z,8,0,19.90,16,HOLD_4.2s,2,0
2026-02-17T17:44:03.154Z,10,0,19.73,16,HOLD_4.2s,2,0
2026-02-17T17:44:03.204Z,8,0,20.26,16,HOLD_4.2s,2,0
2026-02-17T17:44:03.254Z,9,0,20.50,16,HOLD_4.2s,2,0
2026-02-17T17:44:03.304Z,8,0,20.01,16,HOLD_4.2s,3,0
2026-02-17T17:44:03.355Z,9,0,20.31,16,HOLD_4.2s,0,0
2026-02-17T17:44:03.405Z,10,0,21.31,16,HOLD_4.2s,3,0
2026-02-17T17:44:03.455Z,9,0,20.19,16,HOLD_4.2s,3,0
2026-02-17T17:44:03.505Z,10,0,20.03,16,HOLD_4.2s,1,0
2026-02-17T17:44:03.555Z,9,0,20.78,16,HOLD_4.2s,5,0
2026-02-17T17:44:03.605Z,8,0,20.69,16,HOLD_4.2s,3,0
2026-02-17T17:44:03.656Z,8,0,19.51,16,HOLD_4.2s,1,0
2026-02-17T17:44:03.707Z,8,0,20.09,16,HOLD_4.2s,2,0
2026-02-17T17:44:03.757Z,9,0,20.46,16,HOLD_4.2s,3,0
2026-02-17T17:44:03.807Z,8,0,20.52,16,HOLD_4.2s,2,0
2026-02-17T17:44:03.857Z,8,0,20.46,16,HOLD_4.2s,3,0
2026-02-17T17:44:03.907Z,7,0,20.41,16,HOLD_4.2s,1,0
2026-02-17T17:44:03.957Z,8,0,20.54,16,HOLD_4.2s,0,0
2026-02-17T17:44:04.007Z,7,0,20.00,16,HOLD_4.2s,1,0
2026-02-17T17:44:04.057Z,9,0,20.36,16,HOLD_4.2s,2,0
2026-02-17T17:44:04.107Z,10,0,20.49,16,HOLD_4.2s,1,0
2026-02-17T17:44:04.158Z,9,0,20.23,16,HOLD_4.2s,3,0
2026-02-17T17:44:04.208Z,11,0,20.36,16,HOLD_4.2s,0,0
2026-02-17T17:44:04.259Z,12,0,20.98,16,HOLD_4.2s,1,0
2026-02-17T17:44:04.308Z,13,0,21.14,16,HOLD_4.2s,2,0
2026-02-17T17:44:04.358Z,11,0,20.27,16,HOLD_4.2s,2,0
2026-02-17T17:44:04.409Z,11,0,20.28,16,HOLD_4.2s,3,0
2026-02-17T17:44:04.459Z,11,0,20.71,16,HOLD_4.2s,3,0
2026-02-17T17:44:04.509Z,12,0,20.14,16,HOLD_4.2s,0,0
2026-02-17T17:44:04.558Z,13,0,20.13,16,HOLD_4.2s,4,0
2026-02-17T17:44:04.609Z,13,0,20.21,16,HOLD_4.2s,3,0
2026-02-17T17:44:04.660Z,12,0,20.41,16,HOLD_4.2s,2,0
2026-02-17T17:44:04.710Z,14,0,19.76,16,HOLD_4.2s,0,0
2026-02-17T17:44:04.760Z,14,0,20.13,16,HOLD_4.2s,3,0
2026-02-17T17:44:04.810Z,14,0,20.57,16,HOLD_4.2s,2,0
2026-02-17T17:44:04.860Z,17,1,19.88,17,SMART_GROW,0,0
2026-02-17T17:44:04.909Z,15,0,20.09,17,HOLD_4.4s,3,0
2026-02-17T17:44:04.960Z,15,0,20.34,17,HOLD_4.4s,0,0
2026-02-17T17:44:05.010Z,15,0,20.00,17,HOLD_4.4s,1,0
2026-02-17T17:44:05.059Z,13,0,19.62,17,HOLD_4.4s,4,0
2026-02-17T17:44:05.110Z,11,0,19.96,17,HOLD_4.4s,3,0
2026-02-17T17:44:05.160Z,12,0,20.28,17,HOLD_4.4s,1,0
2026-02-17T17:44:05.210Z,12,0,20.29,17,HOLD_4.4s,1,0
2026-02-17T17:44:05.260Z,13,0,20.21,17,HOLD_4.4s,0,0
2026-02-17T17:44:05.310Z,14,0,19.71,17,HOLD_4.4s,1,0
2026-02-17T17:44:05.359Z,12,0,20.39,17,HOLD_4.4s,4,0
2026-02-17T17:44:05.410Z,14,0,20.06,17,HOLD_4.4s,1,0
2026-02-17T17:44:05.461Z,14,0,19.52,17,HOLD_4.4s,3,0
2026-02-17T17:44:05.511Z,12,0,20.53,17,HOLD_4.4s,2,0
2026-02-17T17:44:05.561Z,16,0,20.31,17,HOLD_4.4s,0,0
2026-02-17T17:44:05.611Z,16,0,20.40,17,HOLD_4.4s,3,0
2026-02-17T17:44:05.661Z,15,0,19.98,17,HOLD_4.4s,3,0
2026-02-17T17:44:05.711Z,14,0,20.65,17,HOLD_4.4s,1,0
2026-02-17T17:44:05.761Z,16,0,19.47,17,HOLD_4.4s,1,0
2026-02-17T17:44:05.811Z,15,0,20.19,17,HOLD_4.4s,3,0
2026-02-17T17:44:05.862Z,14,0,20.54,17,HOLD_4.4s,1,0
2026-02-17T17:44:05.912Z,14,0,20.27,17,HOLD_4.4s,3,0
2026-02-17T17:44:05.962Z,13,0,20.41,17,HOLD_4.4s,1,0
2026-02-17T17:44:06.012Z,13,0,20.34,17,HOLD_4.4s,0,0
2026-02-17T17:44:06.063Z,12,0,20.01,17,HOLD_4.4s,2,0
2026-02-17T17:44:06.113Z,14,0,23.37,17,HOLD_4.4s,5,0
2026-02-17T17:44:06.163Z,12,0,20.05,17,HOLD_4.4s,3,0
2026-02-17T17:44:06.213Z,12,0,19.83,17,HOLD_4.4s,1,0
2026-02-17T17:44:06.264Z,11,0,20.36,17,HOLD_4.4s,1,0
2026-02-17T17:44:06.314Z,9,0,19.62,17,HOLD_4.4s,3,0
2026-02-17T17:44:06.365Z,10,0,20.32,17,HOLD_4.4s,2,0
2026-02-17T17:44:06.415Z,11,0,19.87,17,HOLD_4.4s,1,0
2026-02-17T17:44:06.466Z,11,0,20.01,17,HOLD_4.4s,4,0
2026-02-17T17:44:06.516Z,9,0,19.55,17,HOLD_4.4s,3,0
2026-02-17T17:44:06.566Z,7,0,19.96,17,HOLD_4.4s,2,0
2026-02-17T17:44:06.617Z,9,0,20.30,17,HOLD_4.4s,1,0
2026-02-17T17:44:06.668Z,8,0,19.47,17,HOLD_4.4s,4,0
2026-02-17T17:44:06.719Z,7,0,19.66,17,HOLD_4.4s,2,0
2026-02-17T17:44:06.769Z,9,0,20.24,17,HOLD_4.4s,0,0
2026-02-17T17:44:06.820Z,11,0,20.23,17,HOLD_4.4s,0,0
2026-02-17T17:44:06.870Z,9,0,20.29,17,HOLD_4.4s,3,0
2026-02-17T17:44:06.920Z,11,0,20.46,17,HOLD_4.4s,1,0
2026-02-17T17:44:06.970Z,8,0,20.15,17,HOLD_4.4s,4,0
2026-02-17T17:44:07.020Z,8,0,20.68,17,HOLD_4.4s,0,0
2026-02-17T17:44:07.070Z,10,0,20.42,17,HOLD_4.4s,0,0
2026-02-17T17:44:07.120Z,13,0,19.46,17,HOLD_4.4s,2,0
2026-02-17T17:44:07.171Z,9,0,20.23,17,HOLD_4.4s,7,0
2026-02-17T17:44:07.221Z,9,0,20.95,17,HOLD_4.4s,1,0
2026-02-17T17:44:07.271Z,9,0,20.19,17,HOLD_4.4s,1,0
2026-02-17T17:44:07.322Z,10,0,19.85,17,HOLD_4.4s,2,0
2026-02-17T17:44:07.372Z,10,0,20.46,17,HOLD_4.4s,2,0
2026-02-17T17:44:07.422Z,8,0,20.95,17,HOLD_4.4s,3,0
2026-02-17T17:44:07.472Z,8,0,20.06,17,HOLD_4.4s,5,0
2026-02-17T17:44:07.522Z,6,0,19.83,17,HOLD_4.4s,4,0
2026-02-17T17:44:07.572Z,6,0,20.50,17,HOLD_4.4s,2,0
2026-02-17T17:44:07.622Z,7,0,20.12,17,HOLD_4.4s,0,0
2026-02-17T17:44:07.672Z,8,0,19.80,17,HOLD_4.4s,3,0
2026-02-17T17:44:07.723Z,8,0,20.11,17,HOLD_4.4s,2,0
2026-02-17T17:44:07.773Z,5,0,20.57,17,HOLD_4.4s,3,0
2026-02-17T17:44:07.823Z,5,0,20.14,17,HOLD_4.4s,0,0
2026-02-17T17:44:07.873Z,7,0,20.57,17,HOLD_4.4s,1,0
2026-02-17T17:44:07.924Z,7,0,20.34,17,HOLD_4.4s,1,0
2026-02-17T17:44:07.974Z,7,0,19.42,17,HOLD_4.4s,4,0
2026-02-17T17:44:08.025Z,7,0,20.26,17,HOLD_4.4s,0,0
2026-02-17T17:44:08.075Z,6,0,19.64,17,HOLD_4.4s,1,0
2026-02-17T17:44:08.124Z,6,0,20.50,17,HOLD_4.4s,2,0
2026-02-17T17:44:08.176Z,8,0,19.51,17,HOLD_4.4s,5,0
2026-02-17T17:44:08.226Z,8,0,19.75,17,HOLD_4.4s,1,0
2026-02-17T17:44:08.277Z,8,0,19.65,17,HOLD_4.4s,1,0
2026-02-17T17:44:08.327Z,8,0,19.93,17,HOLD_4.4s,2,0
2026-02-17T17:44:08.377Z,7,0,20.73,17,HOLD_4.4s,3,0
2026-02-17T17:44:08.427Z,8,0,20.65,17,HOLD_4.4s,2,0
2026-02-17T17:44:08.478Z,8,0,19.67,17,HOLD_4.4s,4,0
2026-02-17T17:44:08.528Z,8,0,20.08,17,HOLD_4.4s,5,0
2026-02-17T17:44:08.579Z,7,0,19.95,17,HOLD_4.4s,3,0
2026-02-17T17:44:08.630Z,7,0,20.46,17,HOLD_4.4s,0,0
2026-02-17T17:44:08.680Z,9,0,21.13,17,HOLD_4.4s,1,0
2026-02-17T17:44:08.731Z,7,0,19.93,17,HOLD_4.4s,4,0
2026-02-17T17:44:08.781Z,6,0,19.96,17,HOLD_4.4s,4,0
2026-02-17T17:44:08.831Z,6,0,20.15,17,HOLD_4.4s,0,0
2026-02-17T17:44:08.881Z,5,0,19.37,17,HOLD_4.4s,2,0
2026-02-17T17:44:08.931Z,5,0,19.91,17,HOLD_4.4s,1,0
2026-02-17T17:44:08.982Z,9,0,19.59,17,HOLD_4.4s,0,0
2026-02-17T17:44:09.032Z,6,0,20.48,17,HOLD_4.4s,3,0
2026-02-17T17:44:09.081Z,7,0,20.34,17,HOLD_4.4s,0,0
2026-02-17T17:44:09.132Z,7,0,20.18,17,HOLD_4.4s,2,0
2026-02-17T17:44:09.185Z,10,0,20.78,17,HOLD_4.4s,2,0
2026-02-17T17:44:09.235Z,6,0,19.97,17,HOLD_4.4s,5,0
2026-02-17T17:44:09.285Z,7,0,19.70,17,HOLD_4.4s,0,0
2026-02-17T17:44:09.335Z,8,0,20.55,17,HOLD_4.4s,2,0
2026-02-17T17:44:09.385Z,9,0,20.06,17,HOLD_4.4s,1,0
2026-02-17T17:44:09.437Z,8,0,20.04,17,HOLD_4.4s,3,0
2026-02-17T17:44:09.487Z,8,0,20.32,17,HOLD_4.4s,4,0
2026-02-17T17:44:09.538Z,7,0,20.27,17,HOLD_4.4s,6,0
2026-02-17T17:44:09.589Z,8,0,20.54,17,HOLD_4.4s,2,0
2026-02-17T17:44:09.639Z,6,0,20.31,17,HOLD_4.4s,2,0
2026-02-17T17:44:09.690Z,7,0,19.54,17,HOLD_4.4s,1,0
2026-02-17T17:44:09.740Z,7,0,20.36,17,HOLD_4.4s,3,0
2026-02-17T17:44:09.791Z,9,0,19.93,17,HOLD_4.4s,2,0
2026-02-17T17:44:09.841Z,8,0,20.22,17,HOLD_4.4s,1,0
2026-02-17T17:44:09.891Z,10,0,20.14,17,HOLD_4.4s,0,0
2026-02-17T17:44:09.942Z,10,0,20.03,17,HOLD_4.4s,1,0
2026-02-17T17:44:09.992Z,12,0,20.29,17,HOLD_4.4s,0,0
2026-02-17T17:44:10.041Z,10,0,20.07,17,HOLD_4.4s,3,0
2026-02-17T17:44:10.092Z,8,0,20.05,17,HOLD_4.4s,2,0
2026-02-17T17:44:10.142Z,7,0,19.93,17,HOLD_4.4s,3,0
2026-02-17T17:44:10.193Z,9,0,19.96,17,HOLD_4.4s,2,0
2026-02-17T17:44:10.243Z,8,0,21.05,17,HOLD_4.4s,4,0
2026-02-17T17:44:10.293Z,8,0,20.39,17,HOLD_4.4s,0,0
2026-02-17T17:44:10.344Z,9,0,20.48,17,HOLD_4.4s,1,0
2026-02-17T17:44:10.394Z,9,0,21.05,17,HOLD_4.4s,2,0
2026-02-17T17:44:10.444Z,11,0,20.17,17,HOLD_4.4s,1,0
2026-02-17T17:44:10.494Z,11,0,20.00,17,HOLD_4.4s,3,0
2026-02-17T17:44:10.544Z,13,0,20.47,17,HOLD_4.4s,4,0
2026-02-17T17:44:10.594Z,13,0,20.66,17,HOLD_4.4s,2,0
2026-02-17T17:44:10.644Z,12,0,20.26,17,HOLD_4.4s,3,0
2026-02-17T17:44:10.694Z,13,0,20.30,17,HOLD_4.4s,0,0
2026-02-17T17:44:10.745Z,12,0,20.49,17,HOLD_4.4s,4,0
2026-02-17T17:44:10.795Z,13,0,20.36,17,HOLD_4.4s,1,0
2026-02-17T17:44:10.846Z,9,0,19.93,17,HOLD_4.4s,5,0
2026-02-17T17:44:10.896Z,9,0,20.23,17,HOLD_4.4s,0,0
2026-02-17T17:44:10.946Z,9,0,20.39,17,HOLD_4.4s,1,0
2026-02-17T17:44:10.996Z,9,0,20.19,17,HOLD_4.4s,0,0
2026-02-17T17:44:11.046Z,10,0,20.29,17,HOLD_4.4s,2,0
2026-02-17T17:44:11.096Z,10,0,20.10,17,HOLD_4.4s,2,0
2026-02-17T17:44:11.146Z,11,0,20.14,17,HOLD_4.4s,2,0
2026-02-17T17:44:11.196Z,9,0,20.02,17,HOLD_4.4s,4,0
2026-02-17T17:44:11.248Z,10,0,22.00,17,HOLD_4.4s,3,0
2026-02-17T17:44:11.298Z,10,0,20.37,17,HOLD_4.4s,0,0
2026-02-17T17:44:11.348Z,10,0,20.93,17,HOLD_4.4s,1,0
2026-02-17T17:44:11.399Z,11,0,20.04,17,HOLD_4.4s,1,0
2026-02-17T17:44:11.450Z,10,0,20.44,17,HOLD_4.4s,2,0
2026-02-17T17:44:11.500Z,11,0,20.46,17,HOLD_4.4s,2,0
2026-02-17T17:44:11.551Z,12,0,20.67,17,HOLD_4.4s,3,0
2026-02-17T17:44:11.601Z,12,0,21.16,17,HOLD_4.4s,3,0
2026-02-17T17:44:11.651Z,13,0,20.00,17,HOLD_4.4s,1,0
2026-02-17T17:44:11.701Z,11,0,20.34,17,HOLD_4.4s,3,0
2026-02-17T17:44:11.751Z,12,0,20.38,17,HOLD_4.4s,2,0
2026-02-17T17:44:11.801Z,11,0,19.26,17,HOLD_4.4s,2,0
2026-02-17T17:44:11.850Z,12,0,20.13,17,HOLD_4.4s,4,0
2026-02-17T17:44:11.901Z,10,0,20.28,17,HOLD_4.4s,2,0
2026-02-17T17:44:11.951Z,10,0,20.30,17,HOLD_4.4s,1,0
2026-02-17T17:44:12.000Z,9,0,20.44,17,HOLD_4.4s,1,0
2026-02-17T17:44:12.052Z,13,0,20.02,17,HOLD_4.4s,0,0
2026-02-17T17:44:12.103Z,9,0,19.59,17,HOLD_4.4s,4,0
2026-02-17T17:44:12.153Z,10,0,20.05,17,HOLD_4.4s,2,0
2026-02-17T17:44:12.203Z,11,0,19.90,17,HOLD_4.4s,2,0
2026-02-17T17:44:12.253Z,11,0,20.90,17,HOLD_4.4s,3,0
2026-02-17T17:44:12.304Z,7,0,19.78,17,HOLD_4.4s,4,0
2026-02-17T17:44:12.354Z,7,0,20.23,17,HOLD_4.4s,1,0
2026-02-17T17:44:12.404Z,6,0,20.88,17,HOLD_4.4s,2,0
2026-02-17T17:44:12.454Z,6,0,20.37,17,HOLD_4.4s,1,0
2026-02-17T17:44:12.505Z,8,0,20.91,17,HOLD_4.4s,1,0
2026-02-17T17:44:12.555Z,7,0,20.11,17,HOLD_4.4s,4,0
2026-02-17T17:44:12.605Z,8,0,20.28,17,HOLD_4.4s,2,0
2026-02-17T17:44:12.654Z,7,0,20.05,17,HOLD_4.4s,2,0
2026-02-17T17:44:12.705Z,8,0,20.62,17,HOLD_4.4s,2,0
2026-02-17T17:44:12.755Z,8,0,19.83,17,HOLD_4.4s,2,0
2026-02-17T17:44:12.807Z,5,0,20.34,17,HOLD_4.4s,5,0
2026-02-17T17:44:12.857Z,7,0,19.94,17,HOLD_4.4s,2,0
2026-02-17T17:44:12.908Z,5,0,20.34,17,HOLD_4.4s,4,0
2026-02-17T17:44:12.958Z,6,0,20.90,17,HOLD_4.4s,0,0
2026-02-17T17:44:13.009Z,6,0,19.85,17,HOLD_4.4s,1,0
2026-02-17T17:44:13.060Z,6,0,20.42,17,HOLD_4.4s,0,0
2026-02-17T17:44:13.111Z,6,0,20.00,17,HOLD_4.4s,4,0
2026-02-17T17:44:13.160Z,7,0,19.78,17,HOLD_4.4s,1,0
2026-02-17T17:44:13.211Z,8,0,20.13,17,HOLD_4.4s,1,0
2026-02-17T17:44:13.261Z,8,0,20.08,17,HOLD_4.4s,3,0
2026-02-17T17:44:13.312Z,8,0,19.54,17,HOLD_4.4s,4,0
2026-02-17T17:44:13.362Z,8,0,20.23,17,HOLD_4.4s,1,0
2026-02-17T17:44:13.412Z,8,0,20.88,17,HOLD_4.4s,2,0
2026-02-17T17:44:13.462Z,8,0,21.09,17,HOLD_4.4s,1,0
2026-02-17T17:44:13.513Z,7,0,19.75,17,HOLD_4.4s,2,0
2026-02-17T17:44:13.563Z,9,0,19.84,17,HOLD_4.4s,2,0
2026-02-17T17:44:13.614Z,10,0,19.29,17,HOLD_4.4s,2,0
2026-02-17T17:44:13.664Z,9,0,20.19,17,HOLD_4.4s,2,0
2026-02-17T17:44:13.715Z,10,0,20.08,17,HOLD_4.4s,1,0
2026-02-17T17:44:13.766Z,11,0,20.34,17,HOLD_4.4s,1,0
2026-02-17T17:44:13.816Z,14,0,19.51,17,HOLD_4.4s,2,0
2026-02-17T17:44:13.866Z,14,0,20.30,17,HOLD_4.4s,2,0
2026-02-17T17:44:13.916Z,16,0,20.29,17,HOLD_4.4s,2,0
2026-02-17T17:44:13.966Z,15,0,19.81,17,HOLD_4.4s,1,0
2026-02-17T17:44:14.015Z,15,0,19.95,17,HOLD_4.4s,1,0
2026-02-17T17:44:14.066Z,15,0,20.19,17,HOLD_4.4s,0,0
2026-02-17T17:44:14.116Z,18,2,19.96,18,SMART_GROW,0,0
2026-02-17T17:44:14.167Z,15,0,19.91,18,HOLD_4.6s,5,0
2026-02-17T17:44:14.217Z,16,0,20.72,18,HOLD_4.6s,0,0
2026-02-17T17:44:14.267Z,17,0,20.10,18,HOLD_4.6s,3,0
2026-02-17T17:44:14.318Z,18,0,20.52,18,HOLD_4.6s,2,0
2026-02-17T17:44:14.367Z,18,0,19.61,18,HOLD_4.6s,1,0
2026-02-17T17:44:14.418Z,18,0,20.16,18,HOLD_4.6s,2,0
2026-02-17T17:44:14.468Z,18,0,20.18,18,HOLD_4.6s,1,0
2026-02-17T17:44:14.518Z,19,2,20.11,19,SMART_GROW,0,0
2026-02-17T17:44:14.567Z,20,1,20.04,20,SMART_GROW,2,0
2026-02-17T17:44:14.618Z,19,0,19.23,20,HOLD_5.0s,3,0
2026-02-17T17:44:14.668Z,19,0,19.79,20,HOLD_5.0s,2,0
2026-02-17T17:44:14.717Z,18,0,20.95,20,HOLD_5.0s,2,0
2026-02-17T17:44:14.768Z,19,0,20.11,20,HOLD_5.0s,0,0
2026-02-17T17:44:14.817Z,20,0,20.25,20,HOLD_5.0s,1,0
2026-02-17T17:44:14.868Z,19,0,20.65,20,HOLD_5.0s,3,0
2026-02-17T17:44:14.918Z,21,1,20.38,21,SMART_GROW,0,0
2026-02-17T17:44:14.967Z,20,0,20.41,21,HOLD_5.2s,2,0
2026-02-17T17:44:15.017Z,20,0,20.64,21,HOLD_5.2s,1,0
2026-02-17T17:44:15.067Z,18,0,19.96,21,HOLD_5.2s,2,0
2026-02-17T17:44:15.118Z,18,0,20.13,21,HOLD_5.2s,0,0
2026-02-17T17:44:15.167Z,19,0,19.49,21,HOLD_5.2s,4,0
2026-02-17T17:44:15.227Z,17,0,20.28,21,HOLD_5.2s,2,0
2026-02-17T17:44:15.279Z,18,0,19.99,21,HOLD_5.2s,2,0
2026-02-17T17:44:15.328Z,18,0,20.57,21,HOLD_5.2s,3,0
2026-02-17T17:44:15.379Z,16,0,20.11,21,HOLD_5.2s,2,0
2026-02-17T17:44:15.429Z,17,0,20.01,21,HOLD_5.2s,1,0
2026-02-17T17:44:15.479Z,18,0,19.88,21,HOLD_5.2s,0,0
2026-02-17T17:44:15.529Z,17,0,20.29,21,HOLD_5.2s,1,0
2026-02-17T17:44:15.579Z,17,0,20.20,21,HOLD_5.2s,2,0
2026-02-17T17:44:15.629Z,17,0,20.80,21,HOLD_5.2s,3,0
2026-02-17T17:44:15.679Z,18,0,19.73,21,HOLD_5.2s,2,0
2026-02-17T17:44:15.729Z,17,0,20.08,21,HOLD_5.2s,2,0
2026-02-17T17:44:15.779Z,15,0,20.00,21,HOLD_5.2s,2,0
2026-02-17T17:44:15.829Z,15,0,19.16,21,HOLD_5.2s,2,0
2026-02-17T17:44:15.879Z,14,0,19.79,21,HOLD_5.2s,3,0
2026-02-17T17:44:15.929Z,14,0,20.14,21,HOLD_5.2s,0,0
2026-02-17T17:44:15.980Z,14,0,20.15,21,HOLD_5.2s,2,0
2026-02-17T17:44:16.030Z,16,0,19.62,21,HOLD_5.2s,0,0
2026-02-17T17:44:16.081Z,17,0,20.28,21,HOLD_5.2s,0,0
2026-02-17T17:44:16.132Z,17,0,20.16,21,HOLD_5.2s,0,0
2026-02-17T17:44:16.182Z,17,0,19.92,21,HOLD_5.2s,5,0
2026-02-17T17:44:16.232Z,14,0,20.60,21,HOLD_5.2s,3,0
2026-02-17T17:44:16.282Z,14,0,20.00,21,HOLD_5.2s,3,0
2026-02-17T17:44:16.332Z,15,0,20.80,21,HOLD_5.2s,2,0
2026-02-17T17:44:16.382Z,15,0,20.33,21,HOLD_5.2s,2,0
2026-02-17T17:44:16.431Z,16,0,20.36,21,HOLD_5.2s,0,0
2026-02-17T17:44:16.482Z,14,0,20.32,21,HOLD_5.2s,2,0
2026-02-17T17:44:16.533Z,14,0,19.96,21,HOLD_5.2s,1,0
2026-02-17T17:44:16.583Z,16,0,20.26,21,HOLD_5.2s,0,0
2026-02-17T17:44:16.633Z,17,0,19.78,21,HOLD_5.2s,2,0
2026-02-17T17:44:16.683Z,16,0,19.89,21,HOLD_5.2s,3,0
2026-02-17T17:44:16.733Z,14,0,19.51,21,HOLD_5.2s,4,0
2026-02-17T17:44:16.783Z,13,0,19.87,21,HOLD_5.2s,3,0
2026-02-17T17:44:16.833Z,13,0,20.90,21,HOLD_5.2s,2,0
2026-02-17T17:44:16.883Z,14,0,20.80,21,HOLD_5.2s,2,0
2026-02-17T17:44:16.933Z,12,0,20.00,21,HOLD_5.2s,2,0
2026-02-17T17:44:16.983Z,13,0,20.01,21,HOLD_5.2s,1,0
2026-02-17T17:44:17.034Z,12,0,20.38,21,HOLD_5.2s,1,0
2026-02-17T17:44:17.084Z,12,0,20.24,21,HOLD_5.2s,0,0
2026-02-17T17:44:17.135Z,12,0,20.15,21,HOLD_5.2s,0,0
2026-02-17T17:44:17.185Z,14,0,19.76,21,HOLD_5.2s,3,0
2026-02-17T17:44:17.234Z,13,0,21.23,21,HOLD_5.2s,4,0
2026-02-17T17:44:17.285Z,14,0,19.31,21,HOLD_5.2s,2,0
2026-02-17T17:44:17.337Z,12,0,20.15,21,HOLD_5.2s,4,0
2026-02-17T17:44:17.387Z,13,0,20.50,21,HOLD_5.2s,1,0
2026-02-17T17:44:17.437Z,11,0,19.85,21,HOLD_5.2s,2,0
2026-02-17T17:44:17.487Z,10,0,20.37,21,HOLD_5.2s,3,0
2026-02-17T17:44:17.537Z,10,0,20.19,21,HOLD_5.2s,1,0
2026-02-17T17:44:17.587Z,9,0,20.37,21,HOLD_5.2s,1,0
2026-02-17T17:44:17.637Z,10,0,20.84,21,HOLD_5.2s,1,0
2026-02-17T17:44:17.688Z,10,0,20.37,21,HOLD_5.2s,3,0
2026-02-17T17:44:17.738Z,11,0,20.56,21,HOLD_5.2s,3,0
2026-02-17T17:44:17.789Z,9,0,20.13,21,HOLD_5.2s,5,0
2026-02-17T17:44:17.839Z,10,0,19.96,21,HOLD_5.2s,1,0
2026-02-17T17:44:17.889Z,10,0,20.41,21,HOLD_5.2s,2,0
2026-02-17T17:44:17.939Z,9,0,20.49,21,HOLD_5.2s,3,0
2026-02-17T17:44:17.990Z,8,0,20.50,21,HOLD_5.2s,2,0
2026-02-17T17:44:18.040Z,7,0,20.48,21,HOLD_5.2s,2,0
2026-02-17T17:44:18.090Z,7,0,19.91,21,HOLD_5.2s,0,0
2026-02-17T17:44:18.140Z,7,0,20.28,21,HOLD_5.2s,0,0
2026-02-17T17:44:18.192Z,9,0,19.90,21,HOLD_5.2s,1,0
2026-02-17T17:44:18.242Z,8,0,19.96,21,HOLD_5.2s,5,0
2026-02-17T17:44:18.293Z,8,0,20.73,21,HOLD_5.2s,2,0
2026-02-17T17:44:18.343Z,9,0,20.76,21,HOLD_5.2s,4,0
2026-02-17T17:44:18.394Z,5,0,19.41,21,HOLD_5.2s,4,0
2026-02-17T17:44:18.444Z,5,0,20.95,21,HOLD_5.2s,2,0
2026-02-17T17:44:18.493Z,6,0,20.42,21,HOLD_5.2s,2,0
2026-02-17T17:44:18.544Z,7,0,20.16,21,HOLD_5.2s,0,0
2026-02-17T17:44:18.595Z,6,0,20.01,21,HOLD_5.2s,2,0
2026-02-17T17:44:18.646Z,6,0,20.14,21,HOLD_5.2s,2,0
2026-02-17T17:44:18.695Z,7,0,20.00,21,HOLD_5.2s,1,0
2026-02-17T17:44:18.746Z,7,0,19.98,21,HOLD_5.2s,3,0
2026-02-17T17:44:18.796Z,7,0,20.68,21,HOLD_5.2s,5,0
2026-02-17T17:44:18.846Z,5,0,20.55,21,HOLD_5.2s,3,0
2026-02-17T17:44:18.897Z,5,0,19.67,21,HOLD_5.2s,2,0
2026-02-17T17:44:18.949Z,5,0,20.58,21,HOLD_5.2s,3,0
2026-02-17T17:44:18.998Z,6,0,19.77,21,HOLD_5.2s,1,0
2026-02-17T17:44:19.049Z,7,0,19.95,21,HOLD_5.2s,1,0
2026-02-17T17:44:19.100Z,6,0,20.50,21,HOLD_5.2s,1,0
2026-02-17T17:44:19.150Z,6,0,20.26,21,HOLD_5.2s,0,0
2026-02-17T17:44:19.200Z,5,0,20.67,21,HOLD_5.2s,2,0
2026-02-17T17:44:19.252Z,8,0,20.36,21,HOLD_5.2s,2,0
2026-02-17T17:44:19.302Z,8,0,20.87,21,HOLD_5.2s,2,0
2026-02-17T17:44:19.353Z,8,0,19.91,21,HOLD_5.2s,4,0
2026-02-17T17:44:19.403Z,6,0,20.37,21,HOLD_5.2s,6,0
2026-02-17T17:44:19.453Z,7,0,20.39,21,HOLD_5.2s,1,0
2026-02-17T17:44:19.503Z,7,0,19.93,21,HOLD_5.2s,2,0
2026-02-17T17:44:19.553Z,6,0,19.94,21,HOLD_5.2s,2,0
2026-02-17T17:44:19.603Z,5,0,20.44,21,HOLD_5.2s,2,0
2026-02-17T17:44:19.653Z,4,0,20.67,21,HOLD_5.2s,3,0
2026-02-17T17:44:19.703Z,5,0,20.25,21,HOLD_5.2s,0,0
2026-02-17T17:44:19.753Z,7,0,19.72,21,HOLD_5.2s,1,0
2026-02-17T17:44:19.804Z,6,0,19.74,21,HOLD_5.2s,6,0
2026-02-17T17:44:19.854Z,6,0,20.02,21,HOLD_5.2s,3,0
2026-02-17T17:44:19.905Z,7,0,20.39,21,HOLD_5.2s,1,0
2026-02-17T17:44:19.955Z,8,0,20.91,21,HOLD_5.2s,2,0
2026-02-17T17:44:20.005Z,7,0,20.25,21,HOLD_5.2s,2,0
2026-02-17T17:44:20.055Z,6,0,20.46,21,HOLD_5.2s,2,0
2026-02-17T17:44:20.105Z,6,0,20.15,21,HOLD_5.2s,1,0
2026-02-17T17:44:20.156Z,6,0,20.21,21,HOLD_5.2s,0,0
2026-02-17T17:44:20.207Z,7,0,19.78,21,HOLD_5.2s,2,0
2026-02-17T17:44:20.258Z,6,0,19.98,21,HOLD_5.2s,2,0
2026-02-17T17:44:20.308Z,7,0,19.85,21,HOLD_5.2s,2,0
2026-02-17T17:44:20.359Z,8,0,20.10,21,HOLD_5.2s,2,0
2026-02-17T17:44:20.409Z,10,0,20.28,21,HOLD_5.2s,5,0
2026-02-17T17:44:20.459Z,7,0,20.87,21,HOLD_5.2s,3,0
2026-02-17T17:44:20.510Z,7,0,20.31,21,HOLD_5.2s,2,0
2026-02-17T17:44:20.560Z,8,0,20.21,21,HOLD_5.2s,1,0
2026-02-17T17:44:20.611Z,8,0,19.82,21,HOLD_5.2s,2,0
2026-02-17T17:44:20.661Z,10,0,19.31,21,HOLD_5.2s,1,0
2026-02-17T17:44:20.711Z,6,0,19.73,21,HOLD_5.2s,4,0
2026-02-17T17:44:20.762Z,8,0,20.50,21,HOLD_5.2s,0,0
2026-02-17T17:44:20.813Z,11,0,19.95,21,HOLD_5.2s,2,0
2026-02-17T17:44:20.863Z,9,0,20.23,21,HOLD_5.2s,5,0
2026-02-17T17:44:20.912Z,9,0,20.57,21,HOLD_5.2s,2,0
2026-02-17T17:44:20.961Z,10,0,20.26,21,HOLD_5.2s,0,0
2026-02-17T17:44:21.010Z,10,0,20.14,21,HOLD_5.2s,2,0
2026-02-17T17:44:21.060Z,10,0,20.96,21,HOLD_5.2s,2,0
2026-02-17T17:44:21.111Z,10,0,19.91,21,HOLD_5.2s,1,0
2026-02-17T17:44:21.161Z,9,0,20.21,21,HOLD_5.2s,1,0
2026-02-17T17:44:21.211Z,9,0,20.28,21,HOLD_5.2s,2,0
2026-02-17T17:44:21.262Z,9,0,20.70,21,HOLD_5.2s,3,0
2026-02-17T17:44:21.312Z,9,0,20.39,21,HOLD_5.2s,1,0
2026-02-17T17:44:21.362Z,10,0,20.49,21,HOLD_5.2s,1,0
2026-02-17T17:44:21.411Z,12,0,19.99,21,HOLD_5.2s,3,0
2026-02-17T17:44:21.461Z,10,0,20.11,21,HOLD_5.2s,5,0
2026-02-17T17:44:21.512Z,12,0,20.26,21,HOLD_5.2s,0,0
2026-02-17T17:44:21.562Z,11,0,20.29,21,HOLD_5.2s,2,0
2026-02-17T17:44:21.612Z,12,0,20.33,21,HOLD_5.2s,1,0
2026-02-17T17:44:21.663Z,11,0,20.64,21,HOLD_5.2s,2,0
2026-02-17T17:44:21.713Z,10,0,20.54,21,HOLD_5.2s,5,0
2026-02-17T17:44:21.763Z,10,0,20.24,21,HOLD_5.2s,0,0
2026-02-17T17:44:21.813Z,10,0,20.24,21,HOLD_5.2s,1,0
2026-02-17T17:44:21.864Z,13,0,20.57,21,HOLD_5.2s,3,0
2026-02-17T17:44:21.915Z,12,0,20.28,21,HOLD_5.2s,3,0
2026-02-17T17:44:21.965Z,10,0,20.70,21,HOLD_5.2s,2,0
2026-02-17T17:44:22.016Z,9,0,19.90,21,HOLD_5.2s,3,0
2026-02-17T17:44:22.067Z,10,0,20.41,21,HOLD_5.2s,1,0
2026-02-17T17:44:22.118Z,10,0,20.04,21,HOLD_5.2s,1,0
2026-02-17T17:44:22.168Z,10,0,20.55,21,HOLD_5.2s,1,0
2026-02-17T17:44:22.217Z,10,0,20.61,21,HOLD_5.2s,2,0
2026-02-17T17:44:22.268Z,11,0,20.59,21,HOLD_5.2s,2,0
2026-02-17T17:44:22.318Z,11,0,20.75,21,HOLD_5.2s,1,0
2026-02-17T17:44:22.368Z,10,0,21.14,21,HOLD_5.2s,2,0
2026-02-17T17:44:22.418Z,13,0,20.54,21,HOLD_5.2s,1,0
2026-02-17T17:44:22.468Z,10,0,19.78,21,HOLD_5.2s,7,0
2026-02-17T17:44:22.519Z,9,0,20.34,21,HOLD_5.2s,1,0
2026-02-17T17:44:22.570Z,9,0,20.47,21,HOLD_5.2s,2,0
2026-02-17T17:44:22.621Z,9,0,21.00,21,HOLD_5.2s,1,0
2026-02-17T17:44:22.670Z,11,0,20.59,21,HOLD_5.2s,0,0
2026-02-17T17:44:22.721Z,13,0,20.01,21,HOLD_5.2s,3,0
2026-02-17T17:44:22.771Z,10,0,20.17,21,HOLD_5.2s,3,0
2026-02-17T17:44:22.822Z,11,0,20.21,21,HOLD_5.2s,0,0
2026-02-17T17:44:22.872Z,11,0,20.55,21,HOLD_5.2s,3,0
2026-02-17T17:44:22.922Z,11,0,19.65,21,HOLD_5.2s,4,0
2026-02-17T17:44:22.973Z,10,0,20.29,21,HOLD_5.2s,2,0
2026-02-17T17:44:23.024Z,9,0,19.96,21,HOLD_5.2s,4,0
2026-02-17T17:44:23.075Z,8,0,20.62,21,HOLD_5.2s,2,0
2026-02-17T17:44:23.126Z,8,0,21.78,21,HOLD_5.2s,1,0
2026-02-17T17:44:23.176Z,8,0,21.05,21,HOLD_5.2s,1,0
2026-02-17T17:44:23.225Z,9,0,20.16,21,HOLD_5.2s,1,0
2026-02-17T17:44:23.276Z,10,0,20.29,21,HOLD_5.2s,1,0
2026-02-17T17:44:23.326Z,8,0,19.74,21,HOLD_5.2s,3,0
2026-02-17T17:44:23.376Z,6,0,19.91,21,HOLD_5.2s,4,0
2026-02-17T17:44:23.426Z,5,0,21.27,21,HOLD_5.2s,2,0
2026-02-17T17:44:23.476Z,8,0,20.09,21,HOLD_5.2s,4,0
2026-02-17T17:44:23.525Z,6,0,20.16,21,HOLD_5.2s,3,0
2026-02-17T17:44:23.576Z,5,0,20.70,21,HOLD_5.2s,3,0
2026-02-17T17:44:23.626Z,5,0,20.79,21,HOLD_5.2s,1,0
2026-02-17T17:44:23.677Z,4,0,20.44,21,HOLD_5.2s,1,0
2026-02-17T17:44:23.728Z,6,0,20.84,21,HOLD_5.2s,1,0
2026-02-17T17:44:23.778Z,6,0,20.01,21,HOLD_5.2s,3,0
2026-02-17T17:44:23.828Z,5,0,19.84,21,HOLD_5.2s,1,0
2026-02-17T17:44:23.877Z,9,0,20.14,21,HOLD_5.2s,0,0
2026-02-17T17:44:23.928Z,9,0,19.79,21,HOLD_5.2s,3,0
2026-02-17T17:44:23.978Z,7,0,20.39,21,HOLD_5.2s,4,0
2026-02-17T17:44:24.027Z,10,0,20.01,21,HOLD_5.2s,1,0
2026-02-17T17:44:24.078Z,9,0,20.93,21,HOLD_5.2s,3,0
2026-02-17T17:44:24.129Z,8,0,20.23,21,HOLD_5.2s,2,0
2026-02-17T17:44:24.178Z,7,0,20.88,21,HOLD_5.2s,2,0
2026-02-17T17:44:24.228Z,5,0,20.48,21,HOLD_5.2s,3,0
2026-02-17T17:44:24.279Z,4,0,20.39,21,HOLD_5.2s,2,0
2026-02-17T17:44:24.328Z,5,0,20.05,21,HOLD_5.2s,2,0
2026-02-17T17:44:24.379Z,6,0,20.59,21,HOLD_5.2s,3,0
2026-02-17T17:44:24.429Z,6,0,20.90,21,HOLD_5.2s,2,0
2026-02-17T17:44:24.479Z,8,0,19.96,21,HOLD_5.2s,2,0
2026-02-17T17:44:24.530Z,7,0,19.91,21,HOLD_5.2s,4,0
2026-02-17T17:44:24.581Z,8,0,20.12,21,HOLD_5.2s,2,0
2026-02-17T17:44:24.632Z,6,0,19.90,21,HOLD_5.2s,3,0
2026-02-17T17:44:24.682Z,5,0,20.92,21,HOLD_5.2s,2,0
2026-02-17T17:44:24.732Z,6,0,20.37,21,HOLD_5.2s,0,0
2026-02-17T17:44:24.783Z,6,0,20.91,21,HOLD_5.2s,3,0
2026-02-17T17:44:24.833Z,6,0,20.26,21,HOLD_5.2s,1,0
2026-02-17T17:44:24.883Z,6,0,20.23,21,HOLD_5.2s,0,0
2026-02-17T17:44:24.933Z,8,0,19.60,21,HOLD_5.2s,1,0
2026-02-17T17:44:24.982Z,9,0,20.03,21,HOLD_5.2s,3,0
2026-02-17T17:44:25.032Z,9,0,20.90,21,HOLD_5.2s,1,0
2026-02-17T17:44:25.083Z,10,0,19.90,21,HOLD_5.2s,2,0
2026-02-17T17:44:25.133Z,10,0,20.36,21,HOLD_5.2s,2,0
2026-02-17T17:44:25.183Z,11,0,20.50,21,HOLD_5.2s,1,0
2026-02-17T17:44:25.233Z,12,0,19.65,21,HOLD_5.2s,2,0
2026-02-17T17:44:25.283Z,11,0,20.03,21,HOLD_5.2s,3,0
2026-02-17T17:44:25.334Z,10,0,20.06,21,HOLD_5.2s,3,0
2026-02-17T17:44:25.384Z,8,0,20.00,21,HOLD_5.2s,5,0
2026-02-17T17:44:25.434Z,9,0,20.21,21,HOLD_5.2s,1,0
2026-02-17T17:44:25.485Z,11,0,20.19,21,HOLD_5.2s,0,0
2026-02-17T17:44:25.535Z,14,0,20.18,21,HOLD_5.2s,2,0
2026-02-17T17:44:25.584Z,12,0,20.34,21,HOLD_5.2s,3,0
2026-02-17T17:44:25.635Z,12,0,20.18,21,HOLD_5.2s,3,0
2026-02-17T17:44:25.685Z,11,0,20.31,21,HOLD_5.2s,3,0
2026-02-17T17:44:25.735Z,9,0,20.32,21,HOLD_5.2s,2,0
2026-02-17T17:44:25.786Z,10,0,20.16,21,HOLD_5.2s,1,0
2026-02-17T17:44:25.836Z,10,0,19.94,21,HOLD_5.2s,2,0
2026-02-17T17:44:25.886Z,9,0,20.44,21,HOLD_5.2s,1,0
2026-02-17T17:44:25.936Z,9,0,20.46,21,HOLD_5.2s,1,0
2026-02-17T17:44:25.987Z,11,0,20.70,21,HOLD_5.2s,1,0
2026-02-17T17:44:26.038Z,10,0,20.21,21,HOLD_5.2s,2,0
2026-02-17T17:44:26.087Z,12,0,20.16,21,HOLD_5.2s,0,0
2026-02-17T17:44:26.138Z,11,0,19.99,21,HOLD_5.2s,3,0
2026-02-17T17:44:26.189Z,9,0,20.56,21,HOLD_5.2s,3,0
2026-02-17T17:44:26.241Z,10,0,20.00,21,HOLD_5.2s,1,0
2026-02-17T17:44:26.291Z,11,0,19.80,21,HOLD_5.2s,2,0
2026-02-17T17:44:26.341Z,11,0,19.85,21,HOLD_5.2s,3,0
2026-02-17T17:44:26.392Z,15,0,21.09,21,HOLD_5.2s,1,0
2026-02-17T17:44:26.442Z,12,0,19.68,21,HOLD_5.2s,4,0
2026-02-17T17:44:26.493Z,10,0,20.09,21,HOLD_5.2s,2,0
2026-02-17T17:44:26.543Z,12,0,19.82,21,HOLD_5.2s,0,0
2026-02-17T17:44:26.594Z,10,0,20.28,21,HOLD_5.2s,5,0
2026-02-17T17:44:26.644Z,11,0,20.21,21,HOLD_5.2s,2,0
2026-02-17T17:44:26.695Z,12,0,19.95,21,HOLD_5.2s,2,0
2026-02-17T17:44:26.745Z,12,0,20.05,21,HOLD_5.2s,2,0
2026-02-17T17:44:26.796Z,12,0,20.19,21,HOLD_5.2s,1,0
2026-02-17T17:44:26.846Z,10,0,19.98,21,HOLD_5.2s,4,0
2026-02-17T17:44:26.896Z,10,0,20.54,21,HOLD_5.2s,1,0
2026-02-17T17:44:26.947Z,10,0,20.67,21,HOLD_5.2s,1,0
2026-02-17T17:44:26.998Z,8,0,18.36,21,HOLD_5.2s,3,0
2026-02-17T17:44:27.047Z,8,0,20.19,21,HOLD_5.2s,2,0
2026-02-17T17:44:27.098Z,8,0,20.73,21,HOLD_5.2s,0,0
2026-02-17T17:44:27.148Z,9,0,20.06,21,HOLD_5.2s,2,0
2026-02-17T17:44:27.198Z,10,0,19.88,21,HOLD_5.2s,2,0
2026-02-17T17:44:27.248Z,10,0,20.55,21,HOLD_5.2s,1,0
2026-02-17T17:44:27.298Z,11,0,20.75,21,HOLD_5.2s,1,0
2026-02-17T17:44:27.349Z,10,0,19.76,21,HOLD_5.2s,4,0
2026-02-17T17:44:27.398Z,10,0,20.50,21,HOLD_5.2s,1,0
2026-02-17T17:44:27.449Z,10,0,20.28,21,HOLD_5.2s,4,0
2026-02-17T17:44:27.500Z,8,0,19.80,21,HOLD_5.2s,4,0
2026-02-17T17:44:27.550Z,8,0,20.34,21,HOLD_5.2s,1,0
2026-02-17T17:44:27.601Z,9,0,20.52,21,HOLD_5.2s,3,0
2026-02-17T17:44:27.650Z,9,0,21.09,21,HOLD_5.2s,3,0
2026-02-17T17:44:27.701Z,9,0,19.42,21,HOLD_5.2s,1,0
2026-02-17T17:44:27.750Z,10,0,20.41,21,HOLD_5.2s,1,0
2026-02-17T17:44:27.802Z,9,0,19.06,21,HOLD_5.2s,2,0
2026-02-17T17:44:27.853Z,11,0,19.85,21,HOLD_5.2s,2,0
2026-02-17T17:44:27.904Z,10,0,20.87,21,HOLD_5.2s,2,0
2026-02-17T17:44:27.953Z,9,0,20.41,21,HOLD_5.2s,2,0
2026-02-17T17:44:28.004Z,9,0,20.65,21,HOLD_5.2s,3,0
2026-02-17T17:44:28.054Z,9,0,20.35,21,HOLD_5.2s,2,0
2026-02-17T17:44:28.104Z,9,0,20.16,21,HOLD_5.2s,0,0
2026-02-17T17:44:28.154Z,9,0,20.88,21,HOLD_5.2s,2,0
2026-02-17T17:44:28.204Z,9,0,20.11,21,HOLD_5.2s,2,0
2026-02-17T17:44:28.254Z,8,0,20.34,21,HOLD_5.2s,2,0
2026-02-17T17:44:28.304Z,9,0,20.53,21,HOLD_5.2s,0,0
2026-02-17T17:44:28.353Z,10,0,20.39,21,HOLD_5.2s,3,0
2026-02-17T17:44:28.404Z,11,0,20.27,21,HOLD_5.2s,1,0
2026-02-17T17:44:28.454Z,10,0,19.85,21,HOLD_5.2s,4,0
2026-02-17T17:44:28.503Z,8,0,20.44,21,HOLD_5.2s,4,0
2026-02-17T17:44:28.554Z,8,0,20.55,21,HOLD_5.2s,3,0
2026-02-17T17:44:28.604Z,10,0,20.53,21,HOLD_5.2s,1,0
2026-02-17T17:44:28.654Z,8,0,19.72,21,HOLD_5.2s,5,0
2026-02-17T17:44:28.704Z,7,0,20.46,21,HOLD_5.2s,2,0
2026-02-17T17:44:28.755Z,7,0,19.98,21,HOLD_5.2s,1,0
2026-02-17T17:44:28.805Z,7,0,19.65,21,HOLD_5.2s,2,0
2026-02-17T17:44:28.856Z,8,0,19.95,21,HOLD_5.2s,1,0
2026-02-17T17:44:28.907Z,7,0,20.00,21,HOLD_5.2s,2,0
2026-02-17T17:44:28.957Z,8,0,20.55,21,HOLD_5.2s,2,0
2026-02-17T17:44:29.007Z,9,0,20.93,21,HOLD_5.2s,2,0
2026-02-17T17:44:29.057Z,8,0,19.90,21,HOLD_5.2s,3,0
2026-02-17T17:44:29.107Z,7,0,19.95,21,HOLD_5.2s,1,0
2026-02-17T17:44:29.158Z,8,0,20.61,21,HOLD_5.2s,1,0
2026-02-17T17:44:29.208Z,8,0,19.62,21,HOLD_5.2s,2,0
2026-02-17T17:44:29.259Z,9,0,20.09,21,HOLD_5.2s,1,0
2026-02-17T17:44:29.310Z,9,0,20.36,21,HOLD_5.2s,0,0
2026-02-17T17:44:29.361Z,10,0,19.80,21,HOLD_5.2s,2,0
2026-02-17T17:44:29.410Z,9,0,20.49,21,HOLD_5.2s,2,0
2026-02-17T17:44:29.461Z,12,0,20.62,21,HOLD_5.2s,2,0
2026-02-17T17:44:29.511Z,8,0,19.60,21,HOLD_5.2s,7,0
2026-02-17T17:44:29.561Z,9,0,20.17,21,HOLD_5.2s,2,0
2026-02-17T17:44:29.611Z,10,0,20.21,21,HOLD_5.2s,0,0
2026-02-17T17:44:29.661Z,10,0,20.40,21,HOLD_5.2s,5,0
2026-02-17T17:44:29.712Z,8,0,18.70,21,HOLD_5.2s,4,0
2026-02-17T17:44:29.763Z,7,0,20.78,21,HOLD_5.2s,2,0
2026-02-17T17:44:29.813Z,8,0,19.78,21,HOLD_5.2s,2,0
2026-02-17T17:44:29.864Z,6,0,20.00,21,HOLD_5.2s,2,0
2026-02-17T17:44:29.915Z,6,0,21.67,21,HOLD_5.2s,2,0
2026-02-17T17:44:29.965Z,8,0,20.54,21,HOLD_5.2s,0,0
2026-02-17T17:44:30.015Z,8,0,20.41,21,HOLD_5.2s,2,0
2026-02-17T17:44:30.065Z,8,0,20.42,21,HOLD_5.2s,3,0
2026-02-17T17:44:30.115Z,7,0,20.68,21,HOLD_5.2s,2,0
2026-02-17T17:44:30.166Z,8,0,20.46,21,HOLD_5.2s,0,0
2026-02-17T17:44:30.217Z,7,0,20.96,21,HOLD_5.2s,3,0
2026-02-17T17:44:30.267Z,7,0,20.94,21,HOLD_5.2s,1,0
2026-02-17T17:44:30.317Z,6,0,20.37,21,HOLD_5.2s,1,0
2026-02-17T17:44:30.367Z,7,0,20.17,21,HOLD_5.2s,1,0
2026-02-17T17:44:30.417Z,8,0,20.55,21,HOLD_5.2s,1,0
2026-02-17T17:44:30.467Z,9,0,20.24,21,HOLD_5.2s,1,0
2026-02-17T17:44:30.517Z,10,0,20.08,21,HOLD_5.2s,6,0
2026-02-17T17:44:30.566Z,11,0,20.39,21,HOLD_5.2s,1,0
2026-02-17T17:44:30.617Z,9,0,19.99,21,HOLD_5.2s,2,0
2026-02-17T17:44:30.667Z,11,0,19.80,21,HOLD_5.2s,3,0
2026-02-17T17:44:30.718Z,10,0,20.49,21,HOLD_5.2s,6,0
2026-02-17T17:44:30.768Z,9,0,19.90,21,HOLD_5.2s,2,0
2026-02-17T17:44:30.819Z,11,0,19.90,21,HOLD_5.2s,0,0
2026-02-17T17:44:30.870Z,10,0,19.96,21,HOLD_5.2s,3,0
2026-02-17T17:44:30.920Z,11,0,20.72,21,HOLD_5.2s,1,0
2026-02-17T17:44:30.970Z,9,0,20.26,21,HOLD_5.2s,2,0
2026-02-17T17:44:31.022Z,10,0,20.17,21,HOLD_5.2s,1,0
2026-02-17T17:44:31.072Z,11,0,20.39,21,HOLD_5.2s,2,0
2026-02-17T17:44:31.123Z,12,0,20.46,21,HOLD_5.2s,1,0
2026-02-17T17:44:31.174Z,10,0,20.03,21,HOLD_5.2s,2,0
2026-02-17T17:44:31.224Z,11,0,20.19,21,HOLD_5.2s,2,0
2026-02-17T17:44:31.274Z,10,0,20.78,21,HOLD_5.2s,2,0
2026-02-17T17:44:31.324Z,10,0,20.68,21,HOLD_5.2s,1,0
2026-02-17T17:44:31.376Z,9,0,21.67,21,HOLD_5.2s,2,0
2026-02-17T17:44:31.426Z,10,0,20.51,21,HOLD_5.2s,0,0
2026-02-17T17:44:31.476Z,10,0,21.00,21,HOLD_5.2s,1,0
2026-02-17T17:44:31.525Z,14,0,21.57,21,HOLD_5.2s,2,0
2026-02-17T17:44:31.576Z,11,0,20.36,21,HOLD_5.2s,4,0
2026-02-17T17:44:31.625Z,12,0,20.65,21,HOLD_5.2s,1,0
2026-02-17T17:44:31.675Z,15,0,20.21,21,HOLD_5.2s,0,0
2026-02-17T17:44:31.726Z,14,0,20.82,21,HOLD_5.2s,7,0
2026-02-17T17:44:31.777Z,15,0,20.59,21,HOLD_5.2s,1,0
2026-02-17T17:44:31.827Z,14,0,19.77,21,HOLD_5.2s,2,0
2026-02-17T17:44:31.877Z,15,0,20.13,21,HOLD_5.2s,1,0
2026-02-17T17:44:31.927Z,15,0,19.62,21,HOLD_5.2s,2,0
2026-02-17T17:44:31.978Z,12,0,20.70,21,HOLD_5.2s,4,0
2026-02-17T17:44:32.028Z,12,0,20.44,21,HOLD_5.2s,1,0
2026-02-17T17:44:32.078Z,14,0,20.53,21,HOLD_5.2s,0,0
2026-02-17T17:44:32.127Z,14,0,20.70,21,HOLD_5.2s,1,0
2026-02-17T17:44:32.177Z,16,0,19.91,21,HOLD_5.2s,0,0
2026-02-17T17:44:32.227Z,16,0,19.80,21,HOLD_5.2s,2,0
2026-02-17T17:44:32.278Z,17,0,20.42,21,HOLD_5.2s,1,0
2026-02-17T17:44:32.328Z,18,0,20.28,21,HOLD_5.2s,0,0
2026-02-17T17:44:32.378Z,18,0,20.41,21,HOLD_5.2s,1,0
2026-02-17T17:44:32.428Z,17,0,19.88,21,HOLD_5.2s,2,0
2026-02-17T17:44:32.477Z,18,0,20.28,21,HOLD_5.2s,0,0
2026-02-17T17:44:32.528Z,16,0,20.65,21,HOLD_5.2s,4,0
2026-02-17T17:44:32.578Z,15,0,19.91,21,HOLD_5.2s,5,0
2026-02-17T17:44:32.627Z,16,0,20.14,21,HOLD_5.2s,0,0
2026-02-17T17:44:32.678Z,12,0,20.31,21,HOLD_5.2s,4,0
2026-02-17T17:44:32.728Z,14,0,20.11,21,HOLD_5.2s,5,0
2026-02-17T17:44:32.779Z,11,0,19.97,21,HOLD_5.2s,4,0
2026-02-17T17:44:32.828Z,10,0,19.69,21,HOLD_5.2s,3,0
2026-02-17T17:44:32.878Z,10,0,20.78,21,HOLD_5.2s,1,0
2026-02-17T17:44:32.929Z,9,0,20.67,21,HOLD_5.2s,3,0
2026-02-17T17:44:32.978Z,10,0,20.65,21,HOLD_5.2s,3,0
2026-02-17T17:44:33.028Z,10,0,20.28,21,HOLD_5.2s,1,0
2026-02-17T17:44:33.079Z,9,0,19.93,21,HOLD_5.2s,1,0
2026-02-17T17:44:33.129Z,9,0,20.33,21,HOLD_5.2s,1,0
2026-02-17T17:44:33.180Z,9,0,20.32,21,HOLD_5.2s,0,0
2026-02-17T17:44:33.231Z,8,0,19.80,21,HOLD_5.2s,3,0
2026-02-17T17:44:33.282Z,8,0,19.55,21,HOLD_5.2s,1,0
2026-02-17T17:44:33.333Z,7,0,20.91,21,HOLD_5.2s,1,0
2026-02-17T17:44:33.385Z,7,0,20.49,21,HOLD_5.2s,1,0
2026-02-17T17:44:33.436Z,6,0,20.44,21,HOLD_5.2s,3,0
2026-02-17T17:44:33.486Z,7,0,20.39,21,HOLD_5.2s,0,0
2026-02-17T17:44:33.536Z,8,0,20.28,21,HOLD_5.2s,4,0
2026-02-17T17:44:33.587Z,8,0,19.59,21,HOLD_5.2s,3,0
2026-02-17T17:44:33.637Z,8,0,20.14,21,HOLD_5.2s,1,0
2026-02-17T17:44:33.688Z,7,0,20.55,21,HOLD_5.2s,4,0
2026-02-17T17:44:33.739Z,7,0,21.22,21,HOLD_5.2s,5,0
2026-02-17T17:44:33.788Z,6,0,19.69,21,HOLD_5.2s,5,0
2026-02-17T17:44:33.839Z,5,0,19.85,21,HOLD_5.2s,4,0
2026-02-17T17:44:33.889Z,5,0,20.18,21,HOLD_5.2s,1,0
2026-02-17T17:44:33.940Z,5,0,20.53,21,HOLD_5.2s,3,0
2026-02-17T17:44:33.990Z,6,0,20.95,21,HOLD_5.2s,2,0
2026-02-17T17:44:34.041Z,5,0,20.24,21,HOLD_5.2s,2,0
2026-02-17T17:44:34.091Z,5,0,20.44,21,HOLD_5.2s,1,0
2026-02-17T17:44:34.141Z,6,0,20.37,21,HOLD_5.2s,0,0
2026-02-17T17:44:34.191Z,5,0,20.46,21,HOLD_5.2s,1,0
2026-02-17T17:44:34.240Z,5,0,21.06,21,HOLD_5.2s,3,0
2026-02-17T17:44:34.291Z,5,0,20.62,21,HOLD_5.2s,2,0
2026-02-17T17:44:34.342Z,4,0,19.75,21,HOLD_5.2s,1,0
2026-02-17T17:44:34.392Z,4,0,20.98,21,HOLD_5.2s,1,0
2026-02-17T17:44:34.442Z,7,0,19.59,21,HOLD_5.2s,0,0
2026-02-17T17:44:34.492Z,7,0,20.22,21,HOLD_5.2s,0,0
2026-02-17T17:44:34.542Z,10,0,20.03,21,HOLD_5.2s,1,0
2026-02-17T17:44:34.591Z,10,0,20.24,21,HOLD_5.2s,3,0
2026-02-17T17:44:34.642Z,10,0,20.57,21,HOLD_5.2s,1,0
2026-02-17T17:44:34.700Z,12,0,20.16,21,HOLD_5.2s,2,0
2026-02-17T17:44:34.750Z,15,0,20.00,21,HOLD_5.2s,2,0
2026-02-17T17:44:34.799Z,13,0,21.03,21,HOLD_5.2s,7,0
2026-02-17T17:44:34.850Z,16,0,20.09,21,HOLD_5.2s,2,0
2026-02-17T17:44:34.900Z,12,0,20.13,21,HOLD_5.2s,4,0
2026-02-17T17:44:34.950Z,13,0,20.28,21,HOLD_5.2s,2,0
2026-02-17T17:44:35.000Z,13,0,20.28,21,HOLD_5.2s,2,0
2026-02-17T17:44:35.049Z,12,0,20.91,21,HOLD_5.2s,3,0
2026-02-17T17:44:35.099Z,12,0,20.79,21,HOLD_5.2s,1,0
2026-02-17T17:44:35.149Z,10,0,20.37,21,HOLD_5.2s,2,0
2026-02-17T17:44:35.200Z,10,0,20.30,21,HOLD_5.2s,1,0
2026-02-17T17:44:35.250Z,12,0,19.51,21,HOLD_5.2s,2,0
2026-02-17T17:44:35.299Z,11,0,20.05,21,HOLD_5.2s,2,0
2026-02-17T17:44:35.350Z,10,0,19.72,21,HOLD_5.2s,2,0
2026-02-17T17:44:35.400Z,11,0,20.41,21,HOLD_5.2s,0,0
2026-02-17T17:44:35.450Z,9,0,20.11,21,HOLD_5.2s,2,0
2026-02-17T17:44:35.501Z,9,0,20.22,21,HOLD_5.2s,0,0
2026-02-17T17:44:35.550Z,8,0,20.14,21,HOLD_5.2s,2,0
2026-02-17T17:44:35.601Z,9,0,20.98,21,HOLD_5.2s,2,0
2026-02-17T17:44:35.651Z,8,0,20.74,21,HOLD_5.2s,2,0
2026-02-17T17:44:35.702Z,8,0,20.46,21,HOLD_5.2s,0,0
2026-02-17T17:44:35.752Z,12,0,20.93,21,HOLD_5.2s,0,0
2026-02-17T17:44:35.802Z,12,0,20.19,21,HOLD_5.2s,7,0
2026-02-17T17:44:35.852Z,10,0,19.86,21,HOLD_5.2s,4,0
2026-02-17T17:44:35.902Z,11,0,20.11,21,HOLD_5.2s,3,0
2026-02-17T17:44:35.953Z,12,0,20.51,21,HOLD_5.2s,1,0
2026-02-17T17:44:36.003Z,10,0,20.32,21,HOLD_5.2s,4,0
2026-02-17T17:44:36.054Z,12,0,21.06,21,HOLD_5.2s,1,0
2026-02-17T17:44:36.104Z,12,0,20.11,21,HOLD_5.2s,1,0
2026-02-17T17:44:36.153Z,13,0,19.96,21,HOLD_5.2s,1,0
2026-02-17T17:44:36.204Z,11,0,19.42,21,HOLD_5.2s,3,0
2026-02-17T17:44:36.253Z,12,0,19.61,21,HOLD_5.2s,1,0
2026-02-17T17:44:36.304Z,8,0,20.42,21,HOLD_5.2s,6,0
2026-02-17T17:44:36.354Z,10,0,20.50,21,HOLD_5.2s,0,0
2026-02-17T17:44:36.404Z,9,0,20.26,21,HOLD_5.2s,1,0
2026-02-17T17:44:36.454Z,9,0,20.05,21,HOLD_5.2s,2,0
2026-02-17T17:44:36.505Z,9,0,20.16,21,HOLD_5.2s,0,0
2026-02-17T17:44:36.555Z,10,0,20.55,21,HOLD_5.2s,1,0
2026-02-17T17:44:36.604Z,9,0,20.25,21,HOLD_5.2s,3,0
2026-02-17T17:44:36.654Z,8,0,20.73,21,HOLD_5.2s,3,0
2026-02-17T17:44:36.704Z,8,0,20.25,21,HOLD_5.2s,0,0
2026-02-17T17:44:36.755Z,8,0,19.62,21,HOLD_5.2s,0,0
2026-02-17T17:44:36.805Z,11,0,21.54,21,HOLD_5.2s,4,0
2026-02-17T17:44:36.856Z,9,0,19.82,21,HOLD_5.2s,6,0
2026-02-17T17:44:36.906Z,11,0,20.38,21,HOLD_5.2s,1,0
2026-02-17T17:44:36.956Z,9,0,20.65,21,HOLD_5.2s,3,0
2026-02-17T17:44:37.006Z,10,0,20.11,21,HOLD_5.2s,3,0
2026-02-17T17:44:37.058Z,8,0,20.44,21,HOLD_5.2s,3,0
2026-02-17T17:44:37.108Z,8,0,20.37,21,HOLD_5.2s,1,0
2026-02-17T17:44:37.158Z,9,0,20.46,21,HOLD_5.2s,0,0
2026-02-17T17:44:37.209Z,11,0,20.70,21,HOLD_5.2s,1,0
2026-02-17T17:44:37.259Z,12,0,20.42,21,HOLD_5.2s,0,0
2026-02-17T17:44:37.309Z,15,0,19.72,21,HOLD_5.2s,3,0
2026-02-17T17:44:37.359Z,13,0,19.84,21,HOLD_5.2s,2,0
2026-02-17T17:44:37.410Z,13,0,19.95,21,HOLD_5.2s,1,0
2026-02-17T17:44:37.460Z,14,0,20.08,21,HOLD_5.2s,1,0
2026-02-17T17:44:37.510Z,10,0,19.55,21,HOLD_5.2s,4,0
2026-02-17T17:44:37.560Z,11,0,20.21,21,HOLD_5.2s,1,0
2026-02-17T17:44:37.612Z,12,0,19.28,21,HOLD_5.2s,1,0
2026-02-17T17:44:37.663Z,11,0,20.23,21,HOLD_5.2s,4,0
2026-02-17T17:44:37.714Z,10,0,20.46,21,HOLD_5.2s,1,0
2026-02-17T17:44:37.764Z,9,0,20.08,21,HOLD_5.2s,1,0
2026-02-17T17:44:37.815Z,11,0,20.09,21,HOLD_5.2s,2,0
2026-02-17T17:44:37.865Z,13,0,21.31,21,HOLD_5.2s,4,0
2026-02-17T17:44:37.915Z,12,0,20.57,21,HOLD_5.2s,4,0
2026-02-17T17:44:37.966Z,11,0,19.98,21,HOLD_5.2s,2,0
2026-02-17T17:44:38.018Z,14,0,20.59,21,HOLD_5.2s,0,0
2026-02-17T17:44:38.068Z,13,0,19.85,21,HOLD_5.2s,4,0
2026-02-17T17:44:38.118Z,13,0,21.06,21,HOLD_5.2s,1,0
2026-02-17T17:44:38.168Z,12,0,20.32,21,HOLD_5.2s,1,0
2026-02-17T17:44:38.219Z,12,0,19.87,21,HOLD_5.2s,1,0
2026-02-17T17:44:38.269Z,12,0,20.36,21,HOLD_5.2s,0,0
2026-02-17T17:44:38.320Z,13,0,20.22,21,HOLD_5.2s,3,0
2026-02-17T17:44:38.371Z,13,0,20.37,21,HOLD_5.2s,1,0
2026-02-17T17:44:38.422Z,13,0,20.05,21,HOLD_5.2s,1,0
2026-02-17T17:44:38.473Z,16,0,20.21,21,HOLD_5.2s,0,0
2026-02-17T17:44:38.522Z,16,0,20.14,21,HOLD_5.2s,2,0
2026-02-17T17:44:38.574Z,16,0,19.90,21,HOLD_5.2s,1,0
2026-02-17T17:44:38.624Z,16,0,21.27,21,HOLD_5.2s,2,0
2026-02-17T17:44:38.674Z,16,0,20.04,21,HOLD_5.2s,4,0
2026-02-17T17:44:38.724Z,15,0,20.49,21,HOLD_5.2s,1,0
2026-02-17T17:44:38.775Z,15,0,20.34,21,HOLD_5.2s,1,0
2026-02-17T17:44:38.824Z,16,0,19.41,21,HOLD_5.2s,1,0
2026-02-17T17:44:38.875Z,17,0,19.94,21,HOLD_5.2s,3,0
2026-02-17T17:44:38.925Z,14,0,19.59,21,HOLD_5.2s,7,0
2026-02-17T17:44:38.974Z,14,0,19.99,21,HOLD_5.2s,2,0
2026-02-17T17:44:39.024Z,14,0,20.59,21,HOLD_5.2s,1,0
2026-02-17T17:44:39.075Z,15,0,20.21,21,HOLD_5.2s,2,0
2026-02-17T17:44:39.126Z,14,0,20.13,21,HOLD_5.2s,2,0
2026-02-17T17:44:39.176Z,12,0,20.22,21,HOLD_5.2s,3,0
2026-02-17T17:44:39.227Z,12,0,20.19,21,HOLD_5.2s,1,0
2026-02-17T17:44:39.277Z,11,0,20.10,21,HOLD_5.2s,1,0
2026-02-17T17:44:39.327Z,13,0,20.34,21,HOLD_5.2s,1,0
2026-02-17T17:44:39.378Z,11,0,20.06,21,HOLD_5.2s,3,0
2026-02-17T17:44:39.428Z,12,0,20.42,21,HOLD_5.2s,0,0
2026-02-17T17:44:39.478Z,12,0,20.05,21,HOLD_5.2s,0,0
2026-02-17T17:44:39.529Z,12,0,20.65,21,HOLD_5.2s,2,0
2026-02-17T17:44:39.579Z,12,0,19.93,21,HOLD_5.2s,1,0
2026-02-17T17:44:39.629Z,13,0,20.17,21,HOLD_5.2s,1,0
2026-02-17T17:44:39.678Z,15,0,20.01,21,HOLD_5.2s,2,0
2026-02-17T17:44:39.729Z,13,0,20.02,21,HOLD_5.2s,3,0
2026-02-17T17:44:39.779Z,13,0,20.21,21,HOLD_5.2s,1,0
2026-02-17T17:44:39.829Z,10,0,20.46,21,HOLD_5.2s,4,0
2026-02-17T17:44:39.881Z,10,0,19.87,21,HOLD_5.2s,3,0
2026-02-17T17:44:39.931Z,13,0,20.25,21,HOLD_5.2s,4,0
2026-02-17T17:44:39.982Z,12,0,20.08,21,HOLD_5.2s,3,0
2026-02-17T17:44:40.031Z,10,0,20.08,21,HOLD_5.2s,3,0
2026-02-17T17:44:40.081Z,10,0,20.70,21,HOLD_5.2s,2,0
2026-02-17T17:44:40.132Z,11,0,19.85,21,HOLD_5.2s,1,0
2026-02-17T17:44:40.182Z,13,0,19.85,21,HOLD_5.2s,1,0
2026-02-17T17:44:40.233Z,11,0,21.16,21,HOLD_5.2s,3,0
2026-02-17T17:44:40.284Z,10,0,19.93,21,HOLD_5.2s,2,0
2026-02-17T17:44:40.334Z,9,0,20.27,21,HOLD_5.2s,2,0
2026-02-17T17:44:40.383Z,10,0,20.47,21,HOLD_5.2s,2,0
2026-02-17T17:44:40.434Z,9,0,20.36,21,HOLD_5.2s,1,0
2026-02-17T17:44:40.484Z,8,0,20.50,21,HOLD_5.2s,1,0
2026-02-17T17:44:40.534Z,10,0,20.34,21,HOLD_5.2s,0,0
2026-02-17T17:44:40.584Z,9,0,20.04,21,HOLD_5.2s,2,0
2026-02-17T17:44:40.634Z,9,0,20.46,21,HOLD_5.2s,1,0
2026-02-17T17:44:40.684Z,9,0,20.50,21,HOLD_5.2s,2,0
2026-02-17T17:44:40.734Z,10,0,21.11,21,HOLD_5.2s,2,0
2026-02-17T17:44:40.784Z,11,0,20.26,21,HOLD_5.2s,0,0
2026-02-17T17:44:40.834Z,11,0,19.78,21,HOLD_5.2s,4,0
2026-02-17T17:44:40.883Z,13,0,19.66,21,HOLD_5.2s,1,0
2026-02-17T17:44:40.934Z,15,0,20.41,21,HOLD_5.2s,2,0
2026-02-17T17:44:40.984Z,13,0,19.60,21,HOLD_5.2s,5,0
2026-02-17T17:44:41.034Z,13,0,19.96,21,HOLD_5.2s,3,0
2026-02-17T17:44:41.084Z,13,0,20.26,21,HOLD_5.2s,2,0
2026-02-17T17:44:41.134Z,12,0,20.47,21,HOLD_5.2s,2,0
2026-02-17T17:44:41.185Z,13,0,19.89,21,HOLD_5.2s,0,0
2026-02-17T17:44:41.235Z,12,0,21.00,21,HOLD_5.2s,4,0
2026-02-17T17:44:41.286Z,14,0,20.39,21,HOLD_5.2s,0,0
2026-02-17T17:44:41.337Z,13,0,20.16,21,HOLD_5.2s,3,0
2026-02-17T17:44:41.388Z,14,0,20.87,21,HOLD_5.2s,1,0
2026-02-17T17:44:41.440Z,12,0,20.19,21,HOLD_5.2s,3,0
2026-02-17T17:44:41.489Z,12,0,19.87,21,HOLD_5.2s,1,0
2026-02-17T17:44:41.540Z,11,0,19.67,21,HOLD_5.2s,1,0
2026-02-17T17:44:41.591Z,12,0,20.92,21,HOLD_5.2s,1,0
2026-02-17T17:44:41.642Z,13,0,20.21,21,HOLD_5.2s,0,0
2026-02-17T17:44:41.694Z,13,0,20.16,21,HOLD_5.2s,2,0
2026-02-17T17:44:41.743Z,13,0,19.47,21,HOLD_5.2s,2,0
2026-02-17T17:44:41.794Z,10,0,20.12,21,HOLD_5.2s,3,0
2026-02-17T17:44:41.844Z,13,0,19.70,21,HOLD_5.2s,1,0
2026-02-17T17:44:41.894Z,12,0,19.96,21,HOLD_5.2s,2,0
2026-02-17T17:44:41.944Z,13,0,20.19,21,HOLD_5.2s,2,0
2026-02-17T17:44:41.994Z,13,0,20.04,21,HOLD_5.2s,4,0
2026-02-17T17:44:42.045Z,14,0,20.46,21,HOLD_5.2s,2,0
2026-02-17T17:44:42.096Z,12,0,20.38,21,HOLD_5.2s,4,0
2026-02-17T17:44:42.147Z,13,0,20.13,21,HOLD_5.2s,1,0
2026-02-17T17:44:42.197Z,12,0,20.32,21,HOLD_5.2s,2,0
2026-02-17T17:44:42.247Z,13,0,20.83,21,HOLD_5.2s,2,0
2026-02-17T17:44:42.298Z,12,0,20.41,21,HOLD_5.2s,1,0
2026-02-17T17:44:42.348Z,12,0,20.08,21,HOLD_5.2s,3,0
2026-02-17T17:44:42.398Z,10,0,20.60,21,HOLD_5.2s,3,0
2026-02-17T17:44:42.448Z,11,0,20.87,21,HOLD_5.2s,2,0
2026-02-17T17:44:42.498Z,10,0,21.19,21,HOLD_5.2s,2,0
2026-02-17T17:44:42.548Z,11,0,20.06,21,HOLD_5.2s,0,0
2026-02-17T17:44:42.597Z,12,0,20.28,21,HOLD_5.2s,0,0
2026-02-17T17:44:42.648Z,11,0,19.91,21,HOLD_5.2s,2,0
2026-02-17T17:44:42.697Z,9,0,20.13,21,HOLD_5.2s,2,0
2026-02-17T17:44:42.748Z,9,0,19.85,21,HOLD_5.2s,3,0
2026-02-17T17:44:42.798Z,10,0,20.55,21,HOLD_5.2s,2,0
2026-02-17T17:44:42.848Z,9,0,20.43,21,HOLD_5.2s,2,0
2026-02-17T17:44:42.898Z,8,0,20.29,21,HOLD_5.2s,3,0
2026-02-17T17:44:42.949Z,8,0,20.46,21,HOLD_5.2s,2,0
2026-02-17T17:44:43.000Z,9,0,21.45,21,HOLD_5.2s,3,0
2026-02-17T17:44:43.050Z,9,0,20.06,21,HOLD_5.2s,2,0
2026-02-17T17:44:43.100Z,11,0,19.91,21,HOLD_5.2s,2,0
2026-02-17T17:44:43.151Z,10,0,19.98,21,HOLD_5.2s,2,0
2026-02-17T17:44:43.200Z,9,0,20.13,21,HOLD_5.2s,3,0
2026-02-17T17:44:43.251Z,8,0,20.05,21,HOLD_5.2s,3,0
2026-02-17T17:44:43.301Z,8,0,20.60,21,HOLD_5.2s,1,0
2026-02-17T17:44:43.351Z,10,0,19.94,21,HOLD_5.2s,1,0
2026-02-17T17:44:43.401Z,11,0,19.29,21,HOLD_5.2s,2,0
2026-02-17T17:44:43.451Z,11,0,20.01,21,HOLD_5.2s,2,0
2026-02-17T17:44:43.502Z,13,0,19.96,21,HOLD_5.2s,0,0
2026-02-17T17:44:43.553Z,11,0,20.43,21,HOLD_5.2s,2,0
2026-02-17T17:44:43.603Z,11,0,20.14,21,HOLD_5.2s,0,0
2026-02-17T17:44:43.653Z,12,0,20.09,21,HOLD_5.2s,2,0
2026-02-17T17:44:43.704Z,10,0,19.90,21,HOLD_5.2s,3,0
2026-02-17T17:44:43.754Z,10,0,19.86,21,HOLD_5.2s,3,0
2026-02-17T17:44:43.803Z,12,0,20.21,21,HOLD_5.2s,0,0
2026-02-17T17:44:43.854Z,12,0,19.92,21,HOLD_5.2s,2,0
2026-02-17T17:44:43.905Z,12,0,20.16,21,HOLD_5.2s,3,0
2026-02-17T17:44:43.954Z,13,0,20.24,21,HOLD_5.2s,2,0
2026-02-17T17:44:44.005Z,11,0,19.64,21,HOLD_5.2s,4,0
2026-02-17T17:44:44.055Z,10,0,20.17,21,HOLD_5.2s,3,0
2026-02-17T17:44:44.105Z,11,0,20.21,21,HOLD_5.2s,1,0
2026-02-17T17:44:44.155Z,10,0,20.41,21,HOLD_5.2s,3,0
2026-02-17T17:44:44.206Z,12,0,20.09,21,HOLD_5.2s,1,0
2026-02-17T17:44:44.255Z,12,0,20.19,21,HOLD_5.2s,3,0
2026-02-17T17:44:44.306Z,10,0,18.69,21,HOLD_5.2s,3,0
2026-02-17T17:44:44.357Z,11,0,20.40,21,HOLD_5.2s,1,0
2026-02-17T17:44:44.406Z,10,0,20.28,21,HOLD_5.2s,2,0
2026-02-17T17:44:44.457Z,11,0,19.91,21,HOLD_5.2s,1,0
2026-02-17T17:44:44.507Z,11,0,20.28,21,HOLD_5.2s,0,0
2026-02-17T17:44:44.557Z,11,0,20.76,21,HOLD_5.2s,2,0
2026-02-17T17:44:44.608Z,10,0,20.34,21,HOLD_5.2s,1,0
2026-02-17T17:44:44.658Z,12,0,20.41,21,HOLD_5.2s,0,0
2026-02-17T17:44:44.708Z,13,0,20.11,21,HOLD_5.2s,2,0
2026-02-17T17:44:44.758Z,14,0,20.91,21,HOLD_5.2s,2,0
2026-02-17T17:44:44.808Z,11,0,20.75,21,HOLD_5.2s,3,0
2026-02-17T17:44:44.858Z,11,0,20.10,21,HOLD_5.2s,2,0
2026-02-17T17:44:44.910Z,13,0,20.54,21,HOLD_5.2s,1,0
2026-02-17T17:44:44.961Z,11,0,20.42,21,HOLD_5.2s,4,0
2026-02-17T17:44:45.010Z,10,0,20.37,21,HOLD_5.2s,5,0
2026-02-17T17:44:45.061Z,11,0,20.20,21,HOLD_5.2s,2,0
2026-02-17T17:44:45.111Z,12,0,20.29,21,HOLD_5.2s,0,0
2026-02-17T17:44:45.160Z,11,0,20.32,21,HOLD_5.2s,4,0
2026-02-17T17:44:45.211Z,11,0,20.31,21,HOLD_5.2s,1,0
2026-02-17T17:44:45.261Z,10,0,20.16,21,HOLD_5.2s,4,0
2026-02-17T17:44:45.311Z,10,0,21.23,21,HOLD_5.2s,3,0
2026-02-17T17:44:45.361Z,10,0,19.41,21,HOLD_5.2s,1,0
2026-02-17T17:44:45.412Z,10,0,19.88,21,HOLD_5.2s,2,0
2026-02-17T17:44:45.462Z,8,0,20.91,21,HOLD_5.2s,3,0
2026-02-17T17:44:45.512Z,8,0,20.21,21,HOLD_5.2s,0,0
2026-02-17T17:44:45.563Z,9,0,19.59,21,HOLD_5.2s,1,0
2026-02-17T17:44:45.614Z,8,0,19.93,21,HOLD_5.2s,2,0
2026-02-17T17:44:45.664Z,8,0,20.88,21,HOLD_5.2s,0,0
2026-02-17T17:44:45.714Z,10,0,20.23,21,HOLD_5.2s,0,0
2026-02-17T17:44:45.764Z,10,0,19.59,21,HOLD_5.2s,2,0
2026-02-17T17:44:45.814Z,9,0,19.76,21,HOLD_5.2s,4,0
2026-02-17T17:44:45.864Z,10,0,20.18,21,HOLD_5.2s,1,0
2026-02-17T17:44:45.914Z,12,0,19.94,21,HOLD_5.2s,0,0
2026-02-17T17:44:45.965Z,10,0,19.78,21,HOLD_5.2s,5,0
2026-02-17T17:44:46.015Z,13,0,20.31,21,HOLD_5.2s,2,0
2026-02-17T17:44:46.065Z,12,0,19.91,21,HOLD_5.2s,3,0
2026-02-17T17:44:46.117Z,10,0,20.26,21,HOLD_5.2s,2,0
2026-02-17T17:44:46.166Z,11,0,20.29,21,HOLD_5.2s,3,0
2026-02-17T17:44:46.217Z,11,0,20.59,21,HOLD_5.2s,1,0
2026-02-17T17:44:46.267Z,11,0,20.05,21,HOLD_5.2s,4,0
2026-02-17T17:44:46.318Z,13,0,20.24,21,HOLD_5.2s,1,0
2026-02-17T17:44:46.368Z,13,0,19.89,21,HOLD_5.2s,1,0
2026-02-17T17:44:46.418Z,13,0,20.23,21,HOLD_5.2s,2,0
2026-02-17T17:44:46.468Z,12,0,20.73,21,HOLD_5.2s,4,0
2026-02-17T17:44:46.518Z,11,0,19.90,21,HOLD_5.2s,1,0
2026-02-17T17:44:46.569Z,12,0,20.48,21,HOLD_5.2s,0,0
2026-02-17T17:44:46.618Z,12,0,20.82,21,HOLD_5.2s,2,0
2026-02-17T17:44:46.669Z,10,0,19.85,21,HOLD_5.2s,2,0
2026-02-17T17:44:46.719Z,10,0,20.37,21,HOLD_5.2s,0,0
2026-02-17T17:44:46.769Z,11,0,20.31,21,HOLD_5.2s,1,0
2026-02-17T17:44:46.819Z,14,0,20.52,21,HOLD_5.2s,1,0
2026-02-17T17:44:46.868Z,13,0,20.08,21,HOLD_5.2s,2,0
2026-02-17T17:44:46.918Z,12,0,20.14,21,HOLD_5.2s,1,0
2026-02-17T17:44:46.969Z,14,0,20.27,21,HOLD_5.2s,3,0
2026-02-17T17:44:47.019Z,13,0,20.73,21,HOLD_5.2s,3,0
2026-02-17T17:44:47.068Z,12,0,20.27,21,HOLD_5.2s,4,0
2026-02-17T17:44:47.119Z,13,0,20.06,21,HOLD_5.2s,1,0
2026-02-17T17:44:47.168Z,13,0,19.82,21,HOLD_5.2s,3,0
2026-02-17T17:44:47.219Z,12,0,19.95,21,HOLD_5.2s,2,0
2026-02-17T17:44:47.269Z,13,0,20.11,21,HOLD_5.2s,3,0
2026-02-17T17:44:47.319Z,12,0,20.21,21,HOLD_5.2s,3,0
2026-02-17T17:44:47.369Z,11,0,20.27,21,HOLD_5.2s,2,0
2026-02-17T17:44:47.419Z,13,0,20.41,21,HOLD_5.2s,0,0
2026-02-17T17:44:47.469Z,16,0,19.54,21,HOLD_5.2s,2,0
2026-02-17T17:44:47.520Z,12,0,19.79,21,HOLD_5.2s,5,0
2026-02-17T17:44:47.571Z,12,0,20.44,21,HOLD_5.2s,0,0
2026-02-17T17:44:47.621Z,11,0,22.50,21,HOLD_5.2s,3,0
2026-02-17T17:44:47.671Z,13,0,19.31,21,HOLD_5.2s,1,0
2026-02-17T17:44:47.722Z,11,0,20.41,21,HOLD_5.2s,2,0
2026-02-17T17:44:47.773Z,12,0,19.67,21,HOLD_5.2s,0,0
2026-02-17T17:44:47.823Z,12,0,19.88,21,HOLD_5.2s,1,0
2026-02-17T17:44:47.872Z,11,0,21.06,21,HOLD_5.2s,4,0
2026-02-17T17:44:47.923Z,11,0,20.39,21,HOLD_5.2s,1,0
2026-02-17T17:44:47.973Z,12,0,20.11,21,HOLD_5.2s,2,0
2026-02-17T17:44:48.022Z,12,0,19.97,21,HOLD_5.2s,3,0
2026-02-17T17:44:48.072Z,13,0,19.69,21,HOLD_5.2s,4,0
2026-02-17T17:44:48.122Z,14,0,19.85,21,HOLD_5.2s,0,0
2026-02-17T17:44:48.172Z,13,0,19.49,21,HOLD_5.2s,4,0
2026-02-17T17:44:48.223Z,13,0,20.65,21,HOLD_5.2s,2,0
2026-02-17T17:44:48.274Z,14,0,20.16,21,HOLD_5.2s,3,0
2026-02-17T17:44:48.324Z,12,0,20.33,21,HOLD_5.2s,5,0
2026-02-17T17:44:48.376Z,12,0,19.59,21,HOLD_5.2s,2,0
2026-02-17T17:44:48.426Z,10,0,20.12,21,HOLD_5.2s,2,0
2026-02-17T17:44:48.477Z,13,0,19.54,21,HOLD_5.2s,2,0
2026-02-17T17:44:48.526Z,10,0,20.17,21,HOLD_5.2s,6,0
2026-02-17T17:44:48.577Z,9,0,19.82,21,HOLD_5.2s,1,0
2026-02-17T17:44:48.627Z,11,0,20.15,21,HOLD_5.2s,1,0
2026-02-17T17:44:48.677Z,10,0,20.31,21,HOLD_5.2s,3,0
2026-02-17T17:44:48.727Z,10,0,20.17,21,HOLD_5.2s,2,0
2026-02-17T17:44:48.778Z,9,0,20.09,21,HOLD_5.2s,1,0
2026-02-17T17:44:48.828Z,9,0,20.22,21,HOLD_5.2s,1,0
2026-02-17T17:44:48.878Z,13,0,20.00,21,HOLD_5.2s,1,0
2026-02-17T17:44:48.928Z,13,0,20.16,21,HOLD_5.2s,1,0
2026-02-17T17:44:48.977Z,13,0,19.91,21,HOLD_5.2s,2,0
2026-02-17T17:44:49.028Z,13,0,19.91,21,HOLD_5.2s,3,0
2026-02-17T17:44:49.078Z,15,0,20.00,21,HOLD_5.2s,3,0
2026-02-17T17:44:49.129Z,11,0,20.15,21,HOLD_5.2s,4,0
2026-02-17T17:44:49.180Z,14,0,20.26,21,HOLD_5.2s,2,0
2026-02-17T17:44:49.230Z,12,0,20.21,21,HOLD_5.2s,3,0
2026-02-17T17:44:49.280Z,16,0,19.82,21,HOLD_5.2s,1,0
2026-02-17T17:44:49.330Z,17,0,19.73,21,HOLD_5.2s,3,0
2026-02-17T17:44:49.380Z,16,0,20.78,21,HOLD_5.2s,3,0
2026-02-17T17:44:49.429Z,15,0,20.43,21,HOLD_5.2s,3,0
2026-02-17T17:44:49.479Z,17,0,20.67,21,HOLD_5.2s,1,0
2026-02-17T17:44:49.530Z,19,0,20.44,21,HOLD_5.2s,4,0
2026-02-17T17:44:49.580Z,15,0,20.30,21,HOLD_5.2s,5,0
2026-02-17T17:44:49.630Z,16,0,20.13,21,HOLD_5.2s,0,0
2026-02-17T17:44:49.679Z,16,0,19.69,21,HOLD_5.2s,4,0
2026-02-17T17:44:49.729Z,15,0,19.98,21,HOLD_5.2s,3,0
2026-02-17T17:44:49.780Z,16,0,19.92,21,HOLD_5.2s,0,0
2026-02-17T17:44:49.829Z,13,0,20.01,21,HOLD_5.2s,4,0
2026-02-17T17:44:49.880Z,12,0,20.07,21,HOLD_5.2s,3,0
2026-02-17T17:44:49.930Z,11,0,19.60,21,HOLD_5.2s,2,0
2026-02-17T17:44:49.980Z,11,0,19.58,21,HOLD_5.2s,2,0
2026-02-17T17:44:50.030Z,11,0,20.11,21,HOLD_5.2s,3,0
2026-02-17T17:44:50.080Z,13,0,20.09,21,HOLD_5.2s,2,0
2026-02-17T17:44:50.130Z,13,0,20.13,21,HOLD_5.2s,4,0
2026-02-17T17:44:50.180Z,15,0,20.34,21,HOLD_5.2s,0,0
2026-02-17T17:44:50.230Z,15,0,20.50,21,HOLD_5.2s,3,0
2026-02-17T17:44:50.280Z,13,0,20.22,21,HOLD_5.2s,4,0
2026-02-17T17:44:50.330Z,13,0,19.98,21,HOLD_5.2s,3,0
2026-02-17T17:44:50.380Z,12,0,20.32,21,HOLD_5.2s,4,0
2026-02-17T17:44:50.430Z,13,0,20.52,21,HOLD_5.2s,2,0
2026-02-17T17:44:50.480Z,10,0,20.41,21,HOLD_5.2s,5,0
2026-02-17T17:44:50.530Z,12,0,20.34,21,HOLD_5.2s,2,0
2026-02-17T17:44:50.580Z,11,0,20.26,21,HOLD_5.2s,6,0
2026-02-17T17:44:50.630Z,10,0,20.13,21,HOLD_5.2s,1,0
2026-02-17T17:44:50.681Z,12,0,20.29,21,HOLD_5.2s,3,0
2026-02-17T17:44:50.732Z,7,0,20.00,21,HOLD_5.2s,8,0
2026-02-17T17:44:50.781Z,7,0,20.55,21,HOLD_5.2s,0,0
2026-02-17T17:44:50.831Z,9,0,20.29,21,HOLD_5.2s,2,0
2026-02-17T17:44:50.881Z,9,0,20.54,21,HOLD_5.2s,4,0
2026-02-17T17:44:50.932Z,8,0,19.86,21,HOLD_5.2s,3,0
2026-02-17T17:44:50.980Z,10,0,20.65,21,HOLD_5.2s,0,0
2026-02-17T17:44:51.031Z,9,0,20.07,21,HOLD_5.2s,4,0
2026-02-17T17:44:51.081Z,8,0,20.39,21,HOLD_5.2s,4,0
2026-02-17T17:44:51.130Z,10,0,20.20,21,HOLD_5.2s,2,0
2026-02-17T17:44:51.181Z,9,0,20.09,21,HOLD_5.2s,1,0
2026-02-17T17:44:51.231Z,11,0,20.19,21,HOLD_5.2s,1,0
2026-02-17T17:44:51.281Z,11,0,19.67,21,HOLD_5.2s,5,0
2026-02-17T17:44:51.332Z,11,0,20.44,21,HOLD_5.2s,3,0
2026-02-17T17:44:51.382Z,13,0,20.17,21,HOLD_5.2s,2,0
2026-02-17T17:44:51.431Z,12,0,19.98,21,HOLD_5.2s,4,0
2026-02-17T17:44:51.482Z,14,0,19.94,21,HOLD_5.2s,3,0
2026-02-17T17:44:51.532Z,14,0,19.73,21,HOLD_5.2s,2,0
2026-02-17T17:44:51.582Z,20,0,20.14,21,HOLD_5.2s,1,0
2026-02-17T17:44:51.632Z,16,0,20.59,21,HOLD_5.2s,4,0
2026-02-17T17:44:51.682Z,18,0,20.68,21,HOLD_5.2s,2,0
2026-02-17T17:44:51.733Z,16,0,20.10,21,HOLD_5.2s,10,0
2026-02-17T17:44:51.783Z,12,0,19.96,21,HOLD_5.2s,4,0
2026-02-17T17:44:51.833Z,14,0,20.16,21,HOLD_5.2s,0,0
2026-02-17T17:44:51.884Z,15,0,19.82,21,HOLD_5.2s,4,0
2026-02-17T17:44:51.934Z,15,0,20.18,21,HOLD_5.2s,3,0
2026-02-17T17:44:51.983Z,14,0,20.29,21,HOLD_5.2s,1,0
2026-02-17T17:44:52.033Z,16,0,20.14,21,HOLD_5.2s,2,0
2026-02-17T17:44:52.084Z,17,0,20.34,21,HOLD_5.2s,4,0
2026-02-17T17:44:52.133Z,15,0,21.04,21,HOLD_5.2s,4,0
2026-02-17T17:44:52.184Z,16,0,19.34,21,HOLD_5.2s,0,0
2026-02-17T17:44:52.234Z,17,0,20.46,21,HOLD_5.2s,0,0
2026-02-17T17:44:52.284Z,20,0,19.59,21,HOLD_5.2s,4,0
2026-02-17T17:44:52.334Z,18,0,19.93,21,HOLD_5.2s,4,0
2026-02-17T17:44:52.384Z,18,0,20.03,21,HOLD_5.2s,1,0
2026-02-17T17:44:52.435Z,22,1,20.13,22,SMART_GROW,1,0
2026-02-17T17:44:52.485Z,21,0,20.59,22,HOLD_5.4s,5,0
2026-02-17T17:44:52.536Z,22,0,19.92,22,HOLD_5.4s,1,0
2026-02-17T17:44:52.585Z,23,1,20.72,23,SMART_GROW,0,0
2026-02-17T17:44:52.635Z,24,4,20.61,24,SMART_GROW,0,0
2026-02-17T17:44:52.686Z,25,4,19.72,25,SMART_GROW,2,0
2026-02-17T17:44:52.736Z,26,10,20.03,26,SMART_GROW,3,0
2026-02-17T17:44:52.786Z,27,6,19.80,27,SMART_GROW,7,0
2026-02-17T17:44:52.837Z,28,1,20.73,28,SMART_GROW,4,0
2026-02-17T17:44:52.887Z,29,1,20.54,29,SMART_GROW,4,0
2026-02-17T17:44:52.937Z,27,0,20.16,29,HOLD_6.8s,5,0
2026-02-17T17:44:52.987Z,24,0,20.03,29,HOLD_6.8s,4,0
2026-02-17T17:44:53.038Z,25,0,19.93,29,HOLD_6.8s,1,0
2026-02-17T17:44:53.088Z,25,0,19.72,29,HOLD_6.8s,5,0
2026-02-17T17:44:53.138Z,23,0,20.30,29,HOLD_6.8s,6,0
2026-02-17T17:44:53.188Z,23,0,20.90,29,HOLD_6.8s,0,0
2026-02-17T17:44:53.237Z,23,0,20.43,29,HOLD_6.8s,0,0
2026-02-17T17:44:53.287Z,26,0,20.19,29,HOLD_6.8s,2,0
2026-02-17T17:44:53.338Z,25,0,20.91,29,HOLD_6.8s,5,0
2026-02-17T17:44:53.389Z,24,0,20.55,29,HOLD_6.8s,2,0
2026-02-17T17:44:53.439Z,25,0,20.16,29,HOLD_6.8s,0,0
2026-02-17T17:44:53.489Z,25,0,19.84,29,HOLD_6.8s,6,0
2026-02-17T17:44:53.539Z,24,0,19.31,29,HOLD_6.8s,2,0
2026-02-17T17:44:53.590Z,20,0,20.26,29,HOLD_6.8s,4,0
2026-02-17T17:44:53.640Z,20,0,20.14,29,HOLD_6.8s,0,0
2026-02-17T17:44:53.690Z,20,0,20.19,29,HOLD_6.8s,3,0
2026-02-17T17:44:53.740Z,22,0,20.23,29,HOLD_6.8s,1,0
2026-02-17T17:44:53.791Z,23,0,19.96,29,HOLD_6.8s,6,0
2026-02-17T17:44:53.842Z,22,0,19.78,29,HOLD_6.8s,5,0
2026-02-17T17:44:53.893Z,22,0,20.36,29,HOLD_6.8s,5,0
2026-02-17T17:44:53.944Z,26,0,19.98,29,HOLD_6.8s,2,0
2026-02-17T17:44:53.994Z,27,0,20.25,29,HOLD_6.8s,3,0
2026-02-17T17:44:54.045Z,22,0,20.31,29,HOLD_6.8s,5,0
2026-02-17T17:44:54.094Z,24,0,20.36,29,HOLD_6.8s,5,0
2026-02-17T17:44:54.144Z,25,0,20.57,29,HOLD_6.8s,4,0
2026-02-17T17:44:54.194Z,24,0,20.18,29,HOLD_6.8s,1,0
2026-02-17T17:44:54.244Z,23,0,19.64,29,HOLD_6.8s,2,0
2026-02-17T17:44:54.295Z,24,0,20.06,29,HOLD_6.8s,2,0
2026-02-17T17:44:54.345Z,24,0,19.73,29,HOLD_6.8s,5,0
2026-02-17T17:44:54.395Z,19,0,19.87,29,HOLD_6.8s,6,0
2026-02-17T17:44:54.445Z,19,0,20.21,29,HOLD_6.8s,1,0
2026-02-17T17:44:54.497Z,21,0,21.09,29,HOLD_6.8s,4,0
2026-02-17T17:44:54.546Z,20,0,20.03,29,HOLD_6.8s,3,0
2026-02-17T17:44:54.597Z,20,0,19.95,29,HOLD_6.8s,4,0
2026-02-17T17:44:54.648Z,21,0,20.16,29,HOLD_6.8s,0,0
2026-02-17T17:44:54.697Z,23,0,20.09,29,HOLD_6.8s,1,0
2026-02-17T17:44:54.747Z,21,0,20.85,29,HOLD_6.8s,3,0
2026-02-17T17:44:54.797Z,24,0,20.46,29,HOLD_6.8s,3,0
2026-02-17T17:44:54.847Z,24,0,19.91,29,HOLD_6.8s,6,0
2026-02-17T17:44:54.898Z,22,0,20.23,29,HOLD_6.8s,7,0
2026-02-17T17:44:54.948Z,24,0,20.06,29,HOLD_6.8s,1,0
2026-02-17T17:44:54.998Z,22,0,20.28,29,HOLD_6.8s,4,0
2026-02-17T17:44:55.049Z,22,0,23.50,29,HOLD_6.8s,5,0
2026-02-17T17:44:55.099Z,23,0,19.82,29,HOLD_6.8s,5,0
2026-02-17T17:44:55.149Z,21,0,19.24,29,HOLD_6.8s,6,0
2026-02-17T17:44:55.199Z,21,0,20.23,29,HOLD_6.8s,1,0
2026-02-17T17:44:55.249Z,23,0,20.80,29,HOLD_6.8s,1,0
2026-02-17T17:44:55.299Z,25,0,20.36,29,HOLD_6.8s,1,0
2026-02-17T17:44:55.350Z,23,0,20.24,29,HOLD_6.8s,6,0
2026-02-17T17:44:55.400Z,25,0,19.41,29,HOLD_6.8s,4,0
2026-02-17T17:44:55.450Z,25,0,20.30,29,HOLD_6.8s,2,0
2026-02-17T17:44:55.500Z,25,0,19.52,29,HOLD_6.8s,4,0
2026-02-17T17:44:55.550Z,27,0,20.30,29,HOLD_6.8s,1,0
2026-02-17T17:44:55.600Z,28,0,19.52,29,HOLD_6.8s,3,0
2026-02-17T17:44:55.650Z,25,0,20.19,29,HOLD_6.8s,4,0
2026-02-17T17:44:55.700Z,23,0,20.00,29,HOLD_6.8s,3,0
2026-02-17T17:44:55.751Z,23,0,19.89,29,HOLD_6.8s,3,0
2026-02-17T17:44:55.801Z,23,0,19.18,29,HOLD_6.8s,3,0
2026-02-17T17:44:55.851Z,26,0,20.53,29,HOLD_6.8s,4,0
2026-02-17T17:44:55.901Z,25,0,20.46,29,HOLD_6.8s,8,0
2026-02-17T17:44:55.952Z,22,0,19.99,29,HOLD_6.8s,5,0
2026-02-17T17:44:56.001Z,23,0,20.55,29,HOLD_6.8s,2,0
2026-02-17T17:44:56.051Z,25,0,19.84,29,HOLD_6.8s,4,0
2026-02-17T17:44:56.101Z,23,0,19.91,29,HOLD_6.8s,7,0
2026-02-17T17:44:56.152Z,25,0,19.94,29,HOLD_6.8s,4,0
2026-02-17T17:44:56.201Z,23,0,20.55,29,HOLD_6.8s,3,0
2026-02-17T17:44:56.252Z,24,0,20.14,29,HOLD_6.8s,1,0
2026-02-17T17:44:56.302Z,23,0,20.77,29,HOLD_6.8s,2,0
2026-02-17T17:44:56.353Z,25,0,20.19,29,HOLD_6.8s,4,0
2026-02-17T17:44:56.402Z,24,0,20.41,29,HOLD_6.8s,4,0
2026-02-17T17:44:56.453Z,25,0,21.14,29,HOLD_6.8s,3,0
2026-02-17T17:44:56.505Z,23,0,20.47,29,HOLD_6.8s,6,0
2026-02-17T17:44:56.555Z,20,0,20.27,29,HOLD_6.8s,4,0
2026-02-17T17:44:56.604Z,22,0,20.23,29,HOLD_6.8s,1,0
2026-02-17T17:44:56.655Z,22,0,19.91,29,HOLD_6.8s,5,0
2026-02-17T17:44:56.705Z,23,0,19.28,29,HOLD_6.8s,2,0
2026-02-17T17:44:56.754Z,23,0,20.18,29,HOLD_6.8s,3,0
2026-02-17T17:44:56.804Z,23,0,21.01,29,HOLD_6.8s,3,0
2026-02-17T17:44:56.855Z,24,0,19.85,29,HOLD_6.8s,4,0
2026-02-17T17:44:56.905Z,27,0,19.70,29,HOLD_6.8s,5,0
2026-02-17T17:44:56.955Z,25,0,20.23,29,HOLD_6.8s,7,0
2026-02-17T17:44:57.005Z,25,0,20.09,29,HOLD_6.8s,2,0
2026-02-17T17:44:57.055Z,27,0,19.44,29,HOLD_6.8s,3,0
2026-02-17T17:44:57.106Z,27,0,19.95,29,HOLD_6.8s,7,0
2026-02-17T17:44:57.156Z,27,0,19.99,29,HOLD_6.8s,4,0
2026-02-17T17:44:57.207Z,29,0,19.51,29,HOLD_6.8s,1,0
2026-02-17T17:44:57.256Z,27,0,20.20,29,HOLD_6.8s,4,0
2026-02-17T17:44:57.307Z,26,0,19.77,29,HOLD_6.8s,3,0
2026-02-17T17:44:57.357Z,29,0,20.87,29,HOLD_6.8s,1,0
2026-02-17T17:44:57.407Z,27,0,20.33,29,HOLD_6.8s,6,0
2026-02-17T17:44:57.468Z,28,0,21.42,29,HOLD_6.8s,1,0
2026-02-17T17:44:57.519Z,30,5,20.00,30,SMART_GROW,3,0
2026-02-17T17:44:57.569Z,31,2,20.04,31,SMART_GROW,5,0
2026-02-17T17:44:57.620Z,29,0,20.54,31,HOLD_7.2s,4,0
2026-02-17T17:44:57.669Z,31,0,20.12,31,HOLD_7.2s,4,0
2026-02-17T17:44:57.719Z,30,0,20.16,31,HOLD_7.2s,4,0
2026-02-17T17:44:57.769Z,30,0,19.44,31,HOLD_7.2s,3,0
2026-02-17T17:44:57.819Z,29,0,20.30,31,HOLD_7.2s,4,0
2026-02-17T17:44:57.869Z,29,0,20.42,31,HOLD_7.2s,7,0
2026-02-17T17:44:57.920Z,27,0,20.06,31,HOLD_7.2s,6,0
2026-02-17T17:44:57.969Z,30,0,20.91,31,HOLD_7.2s,3,0
2026-02-17T17:44:58.020Z,25,0,20.32,31,HOLD_7.2s,6,0
2026-02-17T17:44:58.070Z,25,0,20.83,31,HOLD_7.2s,6,0
2026-02-17T17:44:58.120Z,26,0,20.05,31,HOLD_7.2s,5,0
2026-02-17T17:44:58.171Z,26,0,20.13,31,HOLD_7.2s,4,0
2026-02-17T17:44:58.221Z,25,0,20.29,31,HOLD_7.2s,2,0
2026-02-17T17:44:58.272Z,25,0,19.52,31,HOLD_7.2s,4,0
2026-02-17T17:44:58.322Z,26,0,20.14,31,HOLD_7.2s,2,0
2026-02-17T17:44:58.373Z,30,0,20.11,31,HOLD_7.2s,1,0
2026-02-17T17:44:58.423Z,26,0,20.32,31,HOLD_7.2s,6,0
2026-02-17T17:44:58.474Z,27,0,19.95,31,HOLD_7.2s,2,0
2026-02-17T17:44:58.523Z,29,0,19.62,31,HOLD_7.2s,0,0
2026-02-17T17:44:58.573Z,31,0,19.74,31,HOLD_7.2s,3,0
2026-02-17T17:44:58.624Z,31,0,19.05,31,HOLD_7.2s,4,0
2026-02-17T17:44:58.674Z,31,0,20.04,31,HOLD_7.2s,5,0
2026-02-17T17:44:58.724Z,31,0,19.88,31,HOLD_7.2s,4,0
2026-02-17T17:44:58.775Z,30,0,19.94,31,HOLD_7.2s,4,0
2026-02-17T17:44:58.824Z,32,3,19.77,32,SMART_GROW,2,0
2026-02-17T17:44:58.875Z,33,3,22.22,33,SMART_GROW,5,0
2026-02-17T17:44:58.925Z,34,4,20.39,34,SMART_GROW,4,0
2026-02-17T17:44:58.974Z,35,5,21.00,35,SMART_GROW,5,0
2026-02-17T17:44:59.024Z,35,0,19.95,35,HOLD_8.0s,6,0
2026-02-17T17:44:59.074Z,36,3,20.31,36,SMART_GROW,4,0
2026-02-17T17:44:59.124Z,37,5,19.96,37,SMART_GROW,5,0
2026-02-17T17:44:59.175Z,34,0,20.46,37,HOLD_8.4s,8,0
2026-02-17T17:44:59.225Z,35,0,19.86,37,HOLD_8.4s,1,0
2026-02-17T17:44:59.275Z,36,0,20.36,37,HOLD_8.4s,4,0
2026-02-17T17:44:59.326Z,35,0,20.04,37,HOLD_8.4s,2,0
2026-02-17T17:44:59.377Z,34,0,20.95,37,HOLD_8.4s,3,0
2026-02-17T17:44:59.427Z,35,0,20.32,37,HOLD_8.4s,5,0
2026-02-17T17:44:59.477Z,34,0,20.05,37,HOLD_8.4s,4,0
2026-02-17T17:44:59.527Z,32,0,20.51,37,HOLD_8.4s,2,0
2026-02-17T17:44:59.578Z,33,0,20.72,37,HOLD_8.4s,2,0
2026-02-17T17:44:59.628Z,36,0,20.19,37,HOLD_8.4s,2,0
2026-02-17T17:44:59.679Z,35,0,20.68,37,HOLD_8.4s,6,0
2026-02-17T17:44:59.728Z,35,0,20.10,37,HOLD_8.4s,4,0
2026-02-17T17:44:59.778Z,36,0,19.82,37,HOLD_8.4s,3,0
2026-02-17T17:44:59.829Z,35,0,20.17,37,HOLD_8.4s,3,0
2026-02-17T17:44:59.880Z,38,2,20.05,38,SMART_GROW,2,0
2026-02-17T17:44:59.930Z,38,0,20.02,38,HOLD_8.6s,5,0
2026-02-17T17:44:59.980Z,39,3,20.06,39,SMART_GROW,2,0
2026-02-17T17:45:00.031Z,40,2,20.33,40,SMART_GROW,6,0
2026-02-17T17:45:00.081Z,39,0,20.32,40,HOLD_9.0s,7,0
2026-02-17T17:45:00.130Z,41,2,20.49,41,SMART_GROW,2,0
2026-02-17T17:45:00.180Z,42,4,20.21,42,SMART_GROW,5,0
2026-02-17T17:45:00.230Z,42,0,19.81,42,HOLD_9.4s,4,0
2026-02-17T17:45:00.281Z,43,2,20.05,43,SMART_GROW,3,0
2026-02-17T17:45:00.330Z,40,0,20.23,43,HOLD_9.6s,6,0
2026-02-17T17:45:00.381Z,42,0,20.23,43,HOLD_9.6s,1,0
2026-02-17T17:45:00.431Z,43,0,20.70,43,HOLD_9.6s,4,0
2026-02-17T17:45:00.482Z,41,0,22.50,43,HOLD_9.6s,7,0
2026-02-17T17:45:00.532Z,40,0,20.65,43,HOLD_9.6s,3,0
2026-02-17T17:45:00.582Z,40,0,19.89,43,HOLD_9.6s,2,0
2026-02-17T17:45:00.632Z,40,0,19.98,43,HOLD_9.6s,2,0
2026-02-17T17:45:00.683Z,43,0,20.52,43,HOLD_9.6s,4,0
2026-02-17T17:45:00.733Z,41,0,19.59,43,HOLD_9.6s,6,0
2026-02-17T17:45:00.784Z,42,0,19.90,43,HOLD_9.6s,2,0
2026-02-17T17:45:00.835Z,39,0,20.05,43,HOLD_9.6s,6,0
2026-02-17T17:45:00.885Z,40,0,20.35,43,HOLD_9.6s,2,0
2026-02-17T17:45:00.934Z,41,0,20.55,43,HOLD_9.6s,4,0
2026-02-17T17:45:00.984Z,39,0,20.68,43,HOLD_9.6s,4,0
2026-02-17T17:45:01.035Z,41,0,20.34,43,HOLD_9.6s,4,0
2026-02-17T17:45:01.085Z,43,0,20.19,43,HOLD_9.6s,6,0
2026-02-17T17:45:01.135Z,42,0,19.98,43,HOLD_9.6s,3,0
2026-02-17T17:45:01.186Z,44,1,19.80,44,SMART_GROW,3,0
2026-02-17T17:45:01.236Z,43,0,20.46,44,HOLD_9.8s,5,0
2026-02-17T17:45:01.287Z,42,0,20.63,44,HOLD_9.8s,5,0
2026-02-17T17:45:01.336Z,45,1,20.36,45,SMART_GROW,3,0
2026-02-17T17:45:01.386Z,43,0,19.96,45,HOLD_10.0s,3,0
2026-02-17T17:45:01.436Z,45,0,19.19,45,HOLD_10.0s,2,0
2026-02-17T17:45:01.487Z,46,5,20.20,46,SMART_GROW,3,0
2026-02-17T17:45:01.537Z,47,3,19.18,47,SMART_GROW,4,0
2026-02-17T17:45:01.588Z,48,4,20.09,48,SMART_GROW,0,0
2026-02-17T17:45:01.638Z,49,4,20.18,49,SMART_GROW,1,0
2026-02-17T17:45:01.689Z,50,5,19.96,50,SMART_GROW,3,0
2026-02-17T17:45:01.740Z,50,6,20.85,50,SMART_GROW,4,0
2026-02-17T17:45:01.796Z,50,3,21.79,50,SMART_GROW,4,0
2026-02-17T17:45:01.845Z,50,6,19.64,50,SMART_GROW,4,0
2026-02-17T17:45:01.896Z,50,6,19.73,50,SMART_GROW,4,0
2026-02-17T17:45:01.946Z,50,4,20.90,50,SMART_GROW,5,0
2026-02-17T17:45:01.997Z,50,4,20.54,50,SMART_GROW,4,0
2026-02-17T17:45:02.046Z,50,7,19.88,50,SMART_GROW,2,0
2026-02-17T17:45:02.096Z,50,10,20.14,50,SMART_GROW,3,0
2026-02-17T17:45:02.146Z,50,10,19.96,50,SMART_GROW,3,0
2026-02-17T17:45:02.196Z,50,9,20.32,50,SMART_GROW,4,0
2026-02-17T17:45:02.246Z,50,9,19.90,50,SMART_GROW,6,0
2026-02-17T17:45:02.296Z,50,8,20.59,50,SMART_GROW,6,0
2026-02-17T17:45:02.346Z,50,6,20.60,50,SMART_GROW,5,0
2026-02-17T17:45:02.396Z,50,7,20.62,50,SMART_GROW,2,0
2026-02-17T17:45:02.447Z,50,10,20.41,50,SMART_GROW,0,0
2026-02-17T17:45:02.497Z,50,11,20.41,50,SMART_GROW,2,0
2026-02-17T17:45:02.546Z,50,15,19.60,50,SMART_GROW,0,0
2026-02-17T17:45:02.596Z,50,15,20.16,50,SMART_GROW,0,0
2026-02-17T17:45:02.648Z,50,17,19.52,50,SMART_GROW,0,0
2026-02-17T17:45:02.698Z,50,15,20.80,50,SMART_GROW,5,0
2026-02-17T17:45:02.748Z,50,15,19.70,50,SMART_GROW,5,0
2026-02-17T17:45:02.799Z,50,14,20.24,50,SMART_GROW,4,0
2026-02-17T17:45:02.849Z,50,15,19.80,50,SMART_GROW,4,0
2026-02-17T17:45:02.899Z,50,13,20.20,50,SMART_GROW,6,0
2026-02-17T17:45:02.949Z,50,14,20.77,50,SMART_GROW,4,0
2026-02-17T17:45:03.000Z,50,13,20.17,50,SMART_GROW,5,0
2026-02-17T17:45:03.051Z,50,13,20.26,50,SMART_GROW,4,0
2026-02-17T17:45:03.102Z,50,12,20.22,50,SMART_GROW,3,0
2026-02-17T17:45:03.151Z,50,15,20.03,50,SMART_GROW,0,0
2026-02-17T17:45:03.202Z,50,16,20.63,50,SMART_GROW,3,0
2026-02-17T17:45:03.252Z,50,21,19.47,50,SMART_GROW,2,0
2026-02-17T17:45:03.301Z,50,26,19.78,50,SMART_GROW,2,0
2026-02-17T17:45:03.351Z,50,30,20.29,50,SMART_GROW,0,0
2026-02-17T17:45:03.401Z,50,32,20.32,50,SMART_GROW,0,0
2026-02-17T17:45:03.451Z,50,30,20.55,50,SMART_GROW,3,0
2026-02-17T17:45:03.501Z,50,31,20.21,50,SMART_GROW,1,0
2026-02-17T17:45:03.551Z,50,28,20.50,50,SMART_GROW,3,0
2026-02-17T17:45:03.601Z,50,26,20.04,50,SMART_GROW,2,0
2026-02-17T17:45:03.651Z,50,25,19.93,50,SMART_GROW,2,0
2026-02-17T17:45:03.701Z,50,27,20.00,50,SMART_GROW,3,0
2026-02-17T17:45:03.751Z,50,29,21.96,50,SMART_GROW,3,0
2026-02-17T17:45:03.801Z,50,27,20.24,50,SMART_GROW,6,0
2026-02-17T17:45:03.851Z,50,26,19.73,50,SMART_GROW,6,0
2026-02-17T17:45:03.901Z,50,27,19.69,50,SMART_GROW,5,0
2026-02-17T17:45:03.952Z,50,26,20.18,50,SMART_GROW,5,0
2026-02-17T17:45:04.001Z,50,25,20.34,50,SMART_GROW,6,0
2026-02-17T17:45:04.052Z,50,25,20.50,50,SMART_GROW,5,0
2026-02-17T17:45:04.102Z,50,24,20.57,50,SMART_GROW,4,0
2026-02-17T17:45:04.152Z,50,21,20.06,50,SMART_GROW,3,0
2026-02-17T17:45:04.203Z,50,21,20.32,50,SMART_GROW,2,0
2026-02-17T17:45:04.254Z,50,25,19.73,50,SMART_GROW,0,0
2026-02-17T17:45:04.304Z,50,26,20.62,50,SMART_GROW,0,0
2026-02-17T17:45:04.355Z,50,24,20.02,50,SMART_GROW,3,0
2026-02-17T17:45:04.404Z,50,21,19.72,50,SMART_GROW,3,0
2026-02-17T17:45:04.455Z,50,23,19.51,50,SMART_GROW,2,0
2026-02-17T17:45:04.505Z,50,20,19.73,50,SMART_GROW,4,0
2026-02-17T17:45:04.554Z,50,21,20.46,50,SMART_GROW,2,0
2026-02-17T17:45:04.604Z,50,19,19.59,50,SMART_GROW,4,0
2026-02-17T17:45:04.655Z,50,21,19.96,50,SMART_GROW,2,0
2026-02-17T17:45:04.706Z,50,23,20.32,50,SMART_GROW,0,0
2026-02-17T17:45:04.755Z,50,25,19.91,50,SMART_GROW,1,0
2026-02-17T17:45:04.806Z,50,30,19.95,50,SMART_GROW,1,0
2026-02-17T17:45:04.857Z,50,37,20.29,50,SMART_GROW,0,0
2026-02-17T17:45:04.906Z,50,40,20.00,50,SMART_GROW,2,0
2026-02-17T17:45:04.957Z,50,44,19.93,50,SMART_GROW,1,0
2026-02-17T17:45:05.008Z,50,50,20.35,50,SMART_GROW,0,0
2026-02-17T17:45:05.057Z,50,54,20.13,50,SMART_GROW,2,0
2026-02-17T17:45:05.108Z,50,52,20.59,50,SMART_GROW,6,0
2026-02-17T17:45:05.159Z,50,51,19.97,50,SMART_GROW,4,0
2026-02-17T17:45:05.210Z,50,48,20.41,50,SMART_GROW,5,0
2026-02-17T17:45:05.260Z,50,45,19.39,50,SMART_GROW,4,0
2026-02-17T17:45:05.311Z,50,41,20.48,50,SMART_GROW,4,0
2026-02-17T17:45:05.362Z,50,43,19.54,50,SMART_GROW,1,0
2026-02-17T17:45:05.411Z,50,46,19.67,50,SMART_GROW,0,0
2026-02-17T17:45:05.461Z,50,51,20.32,50,SMART_GROW,0,0
2026-02-17T17:45:05.512Z,50,51,20.26,50,SMART_GROW,2,0
2026-02-17T17:45:05.562Z,50,48,20.05,50,SMART_GROW,5,0
2026-02-17T17:45:05.612Z,50,47,20.16,50,SMART_GROW,6,0
2026-02-17T17:45:05.662Z,50,46,19.47,50,SMART_GROW,3,0
2026-02-17T17:45:05.713Z,50,42,20.05,50,SMART_GROW,4,0
2026-02-17T17:45:05.763Z,50,41,20.41,50,SMART_GROW,3,0
2026-02-17T17:45:05.813Z,50,41,19.78,50,SMART_GROW,0,0
2026-02-17T17:45:05.863Z,50,42,19.44,50,SMART_GROW,0,0
2026-02-17T17:45:05.913Z,50,42,19.84,50,SMART_GROW,2,0
2026-02-17T17:45:05.964Z,50,41,21.42,50,SMART_GROW,2,0
2026-02-17T17:45:06.014Z,50,38,20.18,50,SMART_GROW,3,0
2026-02-17T17:45:06.063Z,50,38,20.48,50,SMART_GROW,4,0
2026-02-17T17:45:06.114Z,50,38,19.90,50,SMART_GROW,5,0
2026-02-17T17:45:06.164Z,50,39,20.41,50,SMART_GROW,4,0
2026-02-17T17:45:06.215Z,50,38,20.57,50,SMART_GROW,5,0
2026-02-17T17:45:06.265Z,50,38,19.87,50,SMART_GROW,5,0
2026-02-17T17:45:06.316Z,50,40,19.93,50,SMART_GROW,3,0
2026-02-17T17:45:06.365Z,50,38,20.47,50,SMART_GROW,2,0
2026-02-17T17:45:06.415Z,50,35,21.62,50,SMART_GROW,3,0
2026-02-17T17:45:06.466Z,50,31,19.73,50,SMART_GROW,5,0
2026-02-17T17:45:06.518Z,50,30,22.31,50,SMART_GROW,4,0
2026-02-17T17:45:06.569Z,50,32,20.05,50,SMART_GROW,2,0
2026-02-17T17:45:06.619Z,50,35,24.83,50,SMART_GROW,3,0
2026-02-17T17:45:06.668Z,50,35,20.19,50,SMART_GROW,4,0
2026-02-17T17:45:06.719Z,50,37,20.16,50,SMART_GROW,2,0
2026-02-17T17:45:06.768Z,50,37,19.75,50,SMART_GROW,3,0
2026-02-17T17:45:06.819Z,50,33,19.87,50,SMART_GROW,4,0
2026-02-17T17:45:06.869Z,50,33,19.77,50,SMART_GROW,1,0
2026-02-17T17:45:06.918Z,50,35,20.19,50,SMART_GROW,0,0
2026-02-17T17:45:06.969Z,50,34,19.36,50,SMART_GROW,3,0
2026-02-17T17:45:07.019Z,50,35,19.77,50,SMART_GROW,2,0
2026-02-17T17:45:07.068Z,50,40,20.21,50,SMART_GROW,0,0
2026-02-17T17:45:07.118Z,50,43,20.72,50,SMART_GROW,2,0
2026-02-17T17:45:07.169Z,50,42,20.29,50,SMART_GROW,5,0
2026-02-17T17:45:07.219Z,50,45,20.32,50,SMART_GROW,2,0
2026-02-17T17:45:07.270Z,50,51,19.93,50,SMART_GROW,0,0
2026-02-17T17:45:07.319Z,50,50,20.09,50,SMART_GROW,4,0
2026-02-17T17:45:07.369Z,50,49,19.91,50,SMART_GROW,3,0
2026-02-17T17:45:07.420Z,50,48,20.38,50,SMART_GROW,4,0
2026-02-17T17:45:07.470Z,50,51,19.77,50,SMART_GROW,3,0
2026-02-17T17:45:07.520Z,50,53,20.17,50,SMART_GROW,2,0
2026-02-17T17:45:07.570Z,50,53,19.91,50,SMART_GROW,2,0
2026-02-17T17:45:07.621Z,50,52,20.28,50,SMART_GROW,4,0
2026-02-17T17:45:07.671Z,50,51,19.36,50,SMART_GROW,6,0
2026-02-17T17:45:07.722Z,50,48,19.99,50,SMART_GROW,5,0
2026-02-17T17:45:07.773Z,50,46,20.91,50,SMART_GROW,5,0
2026-02-17T17:45:07.822Z,50,50,20.32,50,SMART_GROW,0,0
2026-02-17T17:45:07.873Z,50,52,20.85,50,SMART_GROW,0,0
2026-02-17T17:45:07.922Z,50,51,20.33,50,SMART_GROW,1,0
2026-02-17T17:45:07.973Z,50,53,20.26,50,SMART_GROW,1,0
2026-02-17T17:45:08.023Z,50,54,20.41,50,SMART_GROW,1,0
2026-02-17T17:45:08.073Z,50,55,19.82,50,SMART_GROW,0,0
2026-02-17T17:45:08.123Z,50,55,19.89,50,SMART_GROW,3,0
2026-02-17T17:45:08.174Z,50,57,19.44,50,SMART_GROW,2,0
2026-02-17T17:45:08.224Z,50,57,19.91,50,SMART_GROW,2,0
2026-02-17T17:45:08.273Z,50,55,20.41,50,SMART_GROW,3,0
2026-02-17T17:45:08.324Z,50,55,20.02,50,SMART_GROW,4,0
2026-02-17T17:45:08.374Z,50,52,19.37,50,SMART_GROW,6,0
2026-02-17T17:45:08.425Z,50,52,20.51,50,SMART_GROW,4,0
2026-02-17T17:45:08.475Z,50,53,19.80,50,SMART_GROW,3,0
2026-02-17T17:45:08.524Z,50,54,20.00,50,SMART_GROW,2,0
2026-02-17T17:45:08.574Z,50,53,19.36,50,SMART_GROW,3,0
2026-02-17T17:45:08.624Z,50,54,19.57,50,SMART_GROW,2,0
2026-02-17T17:45:08.675Z,50,59,20.90,50,SMART_GROW,2,0
2026-02-17T17:45:08.724Z,50,64,20.23,50,SMART_GROW,0,0
2026-02-17T17:45:08.775Z,50,69,20.09,50,SMART_GROW,0,0
2026-02-17T17:45:08.824Z,50,67,20.07,50,SMART_GROW,2,0
2026-02-17T17:45:08.875Z,50,64,20.31,50,SMART_GROW,4,0
2026-02-17T17:45:08.924Z,50,57,19.99,50,SMART_GROW,7,0
2026-02-17T17:45:08.975Z,50,56,20.00,50,SMART_GROW,3,0
2026-02-17T17:45:09.024Z,50,53,20.78,50,SMART_GROW,4,0
2026-02-17T17:45:09.075Z,50,53,20.03,50,SMART_GROW,1,0
2026-02-17T17:45:09.125Z,50,55,20.78,50,SMART_GROW,1,0
2026-02-17T17:45:09.175Z,50,56,19.90,50,SMART_GROW,1,0
2026-02-17T17:45:09.224Z,50,55,20.54,50,SMART_GROW,3,0
2026-02-17T17:45:09.274Z,50,56,19.78,50,SMART_GROW,3,0
2026-02-17T17:45:09.324Z,50,59,19.28,50,SMART_GROW,1,0
2026-02-17T17:45:09.375Z,50,65,20.31,50,SMART_GROW,0,0
2026-02-17T17:45:09.424Z,50,69,20.77,50,SMART_GROW,0,0
2026-02-17T17:45:09.475Z,50,73,20.19,50,SMART_GROW,0,0
2026-02-17T17:45:09.525Z,50,74,20.50,50,SMART_GROW,1,0
2026-02-17T17:45:09.574Z,50,77,20.21,50,SMART_GROW,0,0
2026-02-17T17:45:09.625Z,50,79,19.73,50,SMART_GROW,0,0
2026-02-17T17:45:09.676Z,50,81,19.92,50,SMART_GROW,1,0
2026-02-17T17:45:09.726Z,50,78,20.95,50,SMART_GROW,3,0
2026-02-17T17:45:09.775Z,50,76,19.58,50,SMART_GROW,2,0
2026-02-17T17:45:09.826Z,50,74,20.32,50,SMART_GROW,4,0
2026-02-17T17:45:09.876Z,50,74,20.63,50,SMART_GROW,5,0
2026-02-17T17:45:09.944Z,50,78,20.44,50,SMART_GROW,2,0
2026-02-17T17:45:09.994Z,50,81,19.75,50,SMART_GROW,3,0
2026-02-17T17:45:10.044Z,50,81,20.28,50,SMART_GROW,3,0
2026-02-17T17:45:10.094Z,50,80,20.03,50,SMART_GROW,3,0
2026-02-17T17:45:10.144Z,50,78,19.78,50,SMART_GROW,2,0
2026-02-17T17:45:10.195Z,50,77,20.32,50,SMART_GROW,3,0
2026-02-17T17:45:10.245Z,50,81,20.09,50,SMART_GROW,0,0
2026-02-17T17:45:10.294Z,50,82,19.95,50,SMART_GROW,2,0
2026-02-17T17:45:10.344Z,50,82,19.73,50,SMART_GROW,0,0
2026-02-17T17:45:10.395Z,50,81,20.01,50,SMART_GROW,1,0
2026-02-17T17:45:10.444Z,50,79,20.04,50,SMART_GROW,2,0
2026-02-17T17:45:10.494Z,50,78,19.18,50,SMART_GROW,2,0
2026-02-17T17:45:10.546Z,50,76,20.81,50,SMART_GROW,3,0
2026-02-17T17:45:10.596Z,50,73,20.03,50,SMART_GROW,3,0
2026-02-17T17:45:10.645Z,50,71,20.42,50,SMART_GROW,2,0
2026-02-17T17:45:10.695Z,50,72,20.23,50,SMART_GROW,2,0
2026-02-17T17:45:10.746Z,50,73,19.69,50,SMART_GROW,2,0
2026-02-17T17:45:10.797Z,50,73,20.28,50,SMART_GROW,3,0
2026-02-17T17:45:10.850Z,50,75,21.03,50,SMART_GROW,3,0
2026-02-17T17:45:10.900Z,50,75,20.60,50,SMART_GROW,4,0
2026-02-17T17:45:10.950Z,50,73,20.00,50,SMART_GROW,3,0
2026-02-17T17:45:10.999Z,50,76,20.36,50,SMART_GROW,0,0
2026-02-17T17:45:11.050Z,50,78,20.50,50,SMART_GROW,2,0
2026-02-17T17:45:11.099Z,50,79,20.22,50,SMART_GROW,2,0
2026-02-17T17:45:11.149Z,50,79,20.29,50,SMART_GROW,2,0
2026-02-17T17:45:11.201Z,50,79,20.05,50,SMART_GROW,3,0
2026-02-17T17:45:11.251Z,50,76,20.31,50,SMART_GROW,4,0
2026-02-17T17:45:11.301Z,50,75,19.79,50,SMART_GROW,3,0
2026-02-17T17:45:11.350Z,50,73,19.51,50,SMART_GROW,2,0
2026-02-17T17:45:11.401Z,50,72,20.17,50,SMART_GROW,2,0
2026-02-17T17:45:11.452Z,50,72,20.29,50,SMART_GROW,3,0
2026-02-17T17:45:11.503Z,50,73,19.91,50,SMART_GROW,2,0
2026-02-17T17:45:11.553Z,50,75,20.65,50,SMART_GROW,0,0
2026-02-17T17:45:11.604Z,50,78,20.31,50,SMART_GROW,0,0
2026-02-17T17:45:11.654Z,50,81,20.46,50,SMART_GROW,0,0
2026-02-17T17:45:11.704Z,50,81,20.80,50,SMART_GROW,2,0
2026-02-17T17:45:11.754Z,50,79,19.57,50,SMART_GROW,5,0
2026-02-17T17:45:11.804Z,50,77,19.82,50,SMART_GROW,4,0
2026-02-17T17:45:11.855Z,50,78,21.60,50,SMART_GROW,3,0
2026-02-17T17:45:11.904Z,50,78,20.18,50,SMART_GROW,4,0
2026-02-17T17:45:11.954Z,50,78,19.98,50,SMART_GROW,3,0
2026-02-17T17:45:12.005Z,50,74,20.21,50,SMART_GROW,4,0
2026-02-17T17:45:12.055Z,50,71,20.85,50,SMART_GROW,6,0
2026-02-17T17:45:12.105Z,50,69,19.78,50,SMART_GROW,4,0
2026-02-17T17:45:12.156Z,50,69,20.05,50,SMART_GROW,2,0
2026-02-17T17:45:12.206Z,50,68,19.42,50,SMART_GROW,4,0
2026-02-17T17:45:12.257Z,50,68,19.82,50,SMART_GROW,5,0
2026-02-17T17:45:12.308Z,50,67,20.16,50,SMART_GROW,4,0
2026-02-17T17:45:12.358Z,50,65,20.32,50,SMART_GROW,4,0
2026-02-17T17:45:12.407Z,50,66,20.14,50,SMART_GROW,1,0
2026-02-17T17:45:12.458Z,50,70,19.91,50,SMART_GROW,0,0
2026-02-17T17:45:12.507Z,50,70,20.46,50,SMART_GROW,2,0
2026-02-17T17:45:12.558Z,50,68,20.26,50,SMART_GROW,2,0
2026-02-17T17:45:12.608Z,50,65,20.52,50,SMART_GROW,3,0
2026-02-17T17:45:12.658Z,50,64,20.70,50,SMART_GROW,2,0
2026-02-17T17:45:12.707Z,50,64,19.67,50,SMART_GROW,2,0
2026-02-17T17:45:12.758Z,50,67,19.84,50,SMART_GROW,2,0
2026-02-17T17:45:12.807Z,50,70,20.85,50,SMART_GROW,1,0
2026-02-17T17:45:12.857Z,50,74,19.58,50,SMART_GROW,0,0
2026-02-17T17:45:12.907Z,50,76,19.75,50,SMART_GROW,2,0
2026-02-17T17:45:12.957Z,50,77,19.98,50,SMART_GROW,2,0
2026-02-17T17:45:13.007Z,50,79,20.03,50,SMART_GROW,2,0
2026-02-17T17:45:13.058Z,50,84,20.10,50,SMART_GROW,2,0
2026-02-17T17:45:13.108Z,50,84,20.90,50,SMART_GROW,4,0
2026-02-17T17:45:13.158Z,50,85,19.76,50,SMART_GROW,1,0
2026-02-17T17:45:13.208Z,50,86,19.90,50,SMART_GROW,3,0
2026-02-17T17:45:13.258Z,50,90,20.05,50,SMART_GROW,2,0
2026-02-17T17:45:13.308Z,50,92,19.77,50,SMART_GROW,2,0
2026-02-17T17:45:13.358Z,50,94,19.96,50,SMART_GROW,2,0
2026-02-17T17:45:13.409Z,50,94,20.16,50,SMART_GROW,1,0
2026-02-17T17:45:13.459Z,50,93,19.87,50,SMART_GROW,2,0
2026-02-17T17:45:13.510Z,50,93,19.87,50,SMART_GROW,2,0
2026-02-17T17:45:13.561Z,50,93,20.69,50,SMART_GROW,2,0
2026-02-17T17:45:13.610Z,50,94,20.54,50,SMART_GROW,2,0
2026-02-17T17:45:13.660Z,50,94,19.69,50,SMART_GROW,3,0
2026-02-17T17:45:13.710Z,50,94,20.24,50,SMART_GROW,2,0
2026-02-17T17:45:13.760Z,50,93,20.10,50,SMART_GROW,3,0
2026-02-17T17:45:13.810Z,50,93,20.19,50,SMART_GROW,1,0
2026-02-17T17:45:13.860Z,50,94,20.25,50,SMART_GROW,0,0
2026-02-17T17:45:13.911Z,50,96,20.49,50,SMART_GROW,0,0
2026-02-17T17:45:13.962Z,50,98,20.16,50,SMART_GROW,0,0
2026-02-17T17:45:14.012Z,50,98,20.73,50,SMART_GROW,2,0
2026-02-17T17:45:14.063Z,50,97,20.28,50,SMART_GROW,5,0
2026-02-17T17:45:14.113Z,50,96,19.44,50,SMART_GROW,4,0
2026-02-17T17:45:14.163Z,50,93,19.92,50,SMART_GROW,5,0
2026-02-17T17:45:14.213Z,50,90,20.21,50,SMART_GROW,4,0
2026-02-17T17:45:14.263Z,50,91,20.28,50,SMART_GROW,3,0
2026-02-17T17:45:14.312Z,50,90,20.39,50,SMART_GROW,3,0
2026-02-17T17:45:14.364Z,50,90,20.61,50,SMART_GROW,2,0
2026-02-17T17:45:14.414Z,50,86,20.83,50,SMART_GROW,5,0
2026-02-17T17:45:14.463Z,50,85,20.05,50,SMART_GROW,4,0
2026-02-17T17:45:14.513Z,50,85,19.29,50,SMART_GROW,2,0
2026-02-17T17:45:14.564Z,50,87,20.16,50,SMART_GROW,0,0
2026-02-17T17:45:14.613Z,50,86,20.39,50,SMART_GROW,4,0
2026-02-17T17:45:14.664Z,50,85,19.96,50,SMART_GROW,4,0
2026-02-17T17:45:14.714Z,50,82,20.87,50,SMART_GROW,5,0
2026-02-17T17:45:14.764Z,50,81,20.16,50,SMART_GROW,4,0
2026-02-17T17:45:14.814Z,50,78,20.02,50,SMART_GROW,4,0
2026-02-17T17:45:14.864Z,50,76,20.29,50,SMART_GROW,3,0
2026-02-17T17:45:14.915Z,50,75,20.15,50,SMART_GROW,1,0
2026-02-17T17:45:14.965Z,50,73,20.73,50,SMART_GROW,2,0
2026-02-17T17:45:15.015Z,50,73,20.06,50,SMART_GROW,2,0
2026-02-17T17:45:15.065Z,50,77,20.06,50,SMART_GROW,2,0
2026-02-17T17:45:15.116Z,50,78,20.05,50,SMART_GROW,3,0
2026-02-17T17:45:15.166Z,50,79,20.88,50,SMART_GROW,4,0
2026-02-17T17:45:15.216Z,50,75,20.46,50,SMART_GROW,5,0
2026-02-17T17:45:15.267Z,50,75,19.21,50,SMART_GROW,7,0
2026-02-17T17:45:15.316Z,50,74,20.08,50,SMART_GROW,4,0
2026-02-17T17:45:15.366Z,50,71,20.09,50,SMART_GROW,5,0
2026-02-17T17:45:15.417Z,50,70,20.32,50,SMART_GROW,5,0
2026-02-17T17:45:15.467Z,50,71,20.26,50,SMART_GROW,5,0
2026-02-17T17:45:15.517Z,50,72,20.10,50,SMART_GROW,1,0
2026-02-17T17:45:15.568Z,50,72,20.13,50,SMART_GROW,0,0
2026-02-17T17:45:15.619Z,50,76,20.20,50,SMART_GROW,0,0
2026-02-17T17:45:15.668Z,50,82,20.41,50,SMART_GROW,0,0
2026-02-17T17:45:15.719Z,50,87,20.07,50,SMART_GROW,0,0
2026-02-17T17:45:15.770Z,50,88,19.82,50,SMART_GROW,2,0
2026-02-17T17:45:15.821Z,50,86,20.34,50,SMART_GROW,6,0
2026-02-17T17:45:15.872Z,50,84,19.88,50,SMART_GROW,6,0
2026-02-17T17:45:15.923Z,50,77,20.28,50,SMART_GROW,8,0
2026-02-17T17:45:15.973Z,50,76,20.50,50,SMART_GROW,3,0
2026-02-17T17:45:16.024Z,50,76,20.07,50,SMART_GROW,2,0
2026-02-17T17:45:16.075Z,50,75,20.06,50,SMART_GROW,4,0
2026-02-17T17:45:16.125Z,50,76,20.22,50,SMART_GROW,3,0
2026-02-17T17:45:16.176Z,50,77,19.49,50,SMART_GROW,3,0
2026-02-17T17:45:16.225Z,50,82,19.99,50,SMART_GROW,0,0
2026-02-17T17:45:16.276Z,50,86,20.95,50,SMART_GROW,3,0
2026-02-17T17:45:16.326Z,50,82,19.95,50,SMART_GROW,9,0
2026-02-17T17:45:16.376Z,50,83,20.36,50,SMART_GROW,5,0
2026-02-17T17:45:16.427Z,50,85,20.68,50,SMART_GROW,2,0
2026-02-17T17:45:16.478Z,50,86,21.39,50,SMART_GROW,4,0
2026-02-17T17:45:16.527Z,50,83,20.59,50,SMART_GROW,4,0
2026-02-17T17:45:16.578Z,50,79,21.45,50,SMART_GROW,4,0
2026-02-17T17:45:16.628Z,50,77,19.90,50,SMART_GROW,2,0
2026-02-17T17:45:16.677Z,50,78,20.14,50,SMART_GROW,0,0
2026-02-17T17:45:16.728Z,50,77,20.18,50,SMART_GROW,1,0
2026-02-17T17:45:16.778Z,50,76,20.08,50,SMART_GROW,4,0
2026-02-17T17:45:16.829Z,50,80,20.60,50,SMART_GROW,4,0
2026-02-17T17:45:16.879Z,50,83,20.10,50,SMART_GROW,4,0
2026-02-17T17:45:16.929Z,50,84,20.19,50,SMART_GROW,4,0
2026-02-17T17:45:16.980Z,50,83,19.59,50,SMART_GROW,4,0
2026-02-17T17:45:17.030Z,50,83,19.65,50,SMART_GROW,2,0
2026-02-17T17:45:17.080Z,50,86,19.88,50,SMART_GROW,2,0
2026-02-17T17:45:17.131Z,50,88,20.57,50,SMART_GROW,2,0
2026-02-17T17:45:17.181Z,50,88,20.41,50,SMART_GROW,2,0
2026-02-17T17:45:17.231Z,50,86,19.69,50,SMART_GROW,2,0
2026-02-17T17:45:17.282Z,50,83,20.02,50,SMART_GROW,6,0
2026-02-17T17:45:17.332Z,50,88,20.77,50,SMART_GROW,5,0
2026-02-17T17:45:17.383Z,50,90,19.87,50,SMART_GROW,2,0
2026-02-17T17:45:17.432Z,50,89,20.72,50,SMART_GROW,3,0
2026-02-17T17:45:17.482Z,50,90,19.78,50,SMART_GROW,3,0
2026-02-17T17:45:17.533Z,50,91,19.54,50,SMART_GROW,3,0
2026-02-17T17:45:17.582Z,50,93,20.12,50,SMART_GROW,2,0
2026-02-17T17:45:17.632Z,50,94,20.28,50,SMART_GROW,1,0
2026-02-17T17:45:17.683Z,50,93,20.08,50,SMART_GROW,1,0
2026-02-17T17:45:17.732Z,50,91,20.32,50,SMART_GROW,3,0
2026-02-17T17:45:17.783Z,50,95,19.94,50,SMART_GROW,0,0
2026-02-17T17:45:17.833Z,50,98,19.93,50,SMART_GROW,1,0
2026-02-17T17:45:17.883Z,50,101,20.15,50,SMART_GROW,1,0
2026-02-17T17:45:17.932Z,50,104,20.67,50,SMART_GROW,1,0
2026-02-17T17:45:17.982Z,50,108,19.83,50,SMART_GROW,0,0
2026-02-17T17:45:18.032Z,50,110,20.34,50,SMART_GROW,0,0
2026-02-17T17:45:18.082Z,50,111,20.06,50,SMART_GROW,1,0
2026-02-17T17:45:18.133Z,50,110,19.51,50,SMART_GROW,3,0
2026-02-17T17:45:18.184Z,50,107,19.82,50,SMART_GROW,5,0
2026-02-17T17:45:18.234Z,50,107,20.91,50,SMART_GROW,2,0
2026-02-17T17:45:18.284Z,50,113,20.28,50,SMART_GROW,0,0
2026-02-17T17:45:18.335Z,50,117,20.14,50,SMART_GROW,1,0
2026-02-17T17:45:18.385Z,50,118,20.26,50,SMART_GROW,1,0
2026-02-17T17:45:18.435Z,50,119,20.32,50,SMART_GROW,2,0
2026-02-17T17:45:18.484Z,50,120,20.01,50,SMART_GROW,2,0
2026-02-17T17:45:18.535Z,50,121,19.73,50,SMART_GROW,2,0
2026-02-17T17:45:18.584Z,50,118,20.04,50,SMART_GROW,5,0
2026-02-17T17:45:18.634Z,50,115,21.82,50,SMART_GROW,4,0
2026-02-17T17:45:18.684Z,50,114,19.87,50,SMART_GROW,2,0
2026-02-17T17:45:18.734Z,50,117,20.28,50,SMART_GROW,0,0
2026-02-17T17:45:18.784Z,50,117,20.14,50,SMART_GROW,0,0
2026-02-17T17:45:18.834Z,50,118,20.13,50,SMART_GROW,0,0
2026-02-17T17:45:18.884Z,50,119,20.22,50,SMART_GROW,0,0
2026-02-17T17:45:18.935Z,50,119,20.29,50,SMART_GROW,1,0
2026-02-17T17:45:18.986Z,50,115,20.00,50,SMART_GROW,4,0
2026-02-17T17:45:19.037Z,50,114,19.96,50,SMART_GROW,1,0
2026-02-17T17:45:19.086Z,50,113,21.44,50,SMART_GROW,2,0
2026-02-17T17:45:19.136Z,50,116,20.54,50,SMART_GROW,0,0
2026-02-17T17:45:19.186Z,50,121,19.81,50,SMART_GROW,0,0
2026-02-17T17:45:19.237Z,50,123,20.46,50,SMART_GROW,0,0
2026-02-17T17:45:19.286Z,50,123,20.19,50,SMART_GROW,0,0
2026-02-17T17:45:19.336Z,50,122,20.98,50,SMART_GROW,2,0
2026-02-17T17:45:19.387Z,50,121,20.14,50,SMART_GROW,2,0
2026-02-17T17:45:19.438Z,50,122,20.12,50,SMART_GROW,1,0
2026-02-17T17:45:19.488Z,50,123,21.03,50,SMART_GROW,1,0
2026-02-17T17:45:19.539Z,50,124,20.39,50,SMART_GROW,1,0
2026-02-17T17:45:19.590Z,50,129,19.64,50,SMART_GROW,0,0
2026-02-17T17:45:19.640Z,50,133,19.98,50,SMART_GROW,0,0
2026-02-17T17:45:19.690Z,50,135,19.87,50,SMART_GROW,0,0
2026-02-17T17:45:19.741Z,50,133,20.09,50,SMART_GROW,2,0
2026-02-17T17:45:19.792Z,50,129,20.71,50,SMART_GROW,4,0
2026-02-17T17:45:19.841Z,50,125,20.08,50,SMART_GROW,4,0
2026-02-17T17:45:19.892Z,50,121,20.87,50,SMART_GROW,4,0
2026-02-17T17:45:19.943Z,50,119,20.57,50,SMART_GROW,4,0
2026-02-17T17:45:19.993Z,50,120,20.82,50,SMART_GROW,2,0
2026-02-17T17:45:20.043Z,50,121,20.00,50,SMART_GROW,1,0
2026-02-17T17:45:20.093Z,50,122,20.09,50,SMART_GROW,0,0
2026-02-17T17:45:20.144Z,50,122,20.23,50,SMART_GROW,0,0
2026-02-17T17:45:20.194Z,50,121,19.93,50,SMART_GROW,1,0
2026-02-17T17:45:20.244Z,50,115,20.31,50,SMART_GROW,6,0
2026-02-17T17:45:20.295Z,50,111,20.09,50,SMART_GROW,4,0
2026-02-17T17:45:20.346Z,50,108,19.96,50,SMART_GROW,6,0
2026-02-17T17:45:20.397Z,50,106,20.28,50,SMART_GROW,3,0
2026-02-17T17:45:20.446Z,50,104,20.61,50,SMART_GROW,3,0
2026-02-17T17:45:20.496Z,50,104,20.47,50,SMART_GROW,2,0
2026-02-17T17:45:20.547Z,50,102,20.38,50,SMART_GROW,2,0
2026-02-17T17:45:20.597Z,50,99,20.06,50,SMART_GROW,3,0
2026-02-17T17:45:20.647Z,50,95,20.14,50,SMART_GROW,4,0
2026-02-17T17:45:20.697Z,50,93,20.37,50,SMART_GROW,2,0
2026-02-17T17:45:20.747Z,50,92,20.15,50,SMART_GROW,3,0
2026-02-17T17:45:20.797Z,50,93,19.31,50,SMART_GROW,3,0
2026-02-17T17:45:20.848Z,50,97,19.94,50,SMART_GROW,0,0
2026-02-17T17:45:20.897Z,50,101,20.95,50,SMART_GROW,0,0
2026-02-17T17:45:20.947Z,50,105,19.93,50,SMART_GROW,0,0
2026-02-17T17:45:20.995Z,50,106,20.13,50,SMART_GROW,1,0
2026-02-17T17:45:21.045Z,50,105,19.94,50,SMART_GROW,2,0
2026-02-17T17:45:21.095Z,50,100,20.13,50,SMART_GROW,5,0
2026-02-17T17:45:21.146Z,50,94,19.90,50,SMART_GROW,6,0
2026-02-17T17:45:21.197Z,50,91,19.87,50,SMART_GROW,4,0
2026-02-17T17:45:21.247Z,50,97,19.65,50,SMART_GROW,1,0
2026-02-17T17:45:21.297Z,50,101,20.42,50,SMART_GROW,0,0
2026-02-17T17:45:21.347Z,50,106,20.52,50,SMART_GROW,0,0
2026-02-17T17:45:21.397Z,50,107,19.69,50,SMART_GROW,2,0
2026-02-17T17:45:21.447Z,50,108,20.00,50,SMART_GROW,2,0
2026-02-17T17:45:21.497Z,50,109,20.01,50,SMART_GROW,1,0
2026-02-17T17:45:21.547Z,50,109,20.32,50,SMART_GROW,2,0
2026-02-17T17:45:21.598Z,50,112,20.64,50,SMART_GROW,0,0
2026-02-17T17:45:21.648Z,50,114,20.71,50,SMART_GROW,2,0
2026-02-17T17:45:21.698Z,50,114,19.65,50,SMART_GROW,2,0
2026-02-17T17:45:21.748Z,50,114,20.19,50,SMART_GROW,3,0
2026-02-17T17:45:21.798Z,50,116,20.31,50,SMART_GROW,1,0
2026-02-17T17:45:21.848Z,50,116,20.14,50,SMART_GROW,0,0
2026-02-17T17:45:21.898Z,50,116,20.14,50,SMART_GROW,0,0
2026-02-17T17:45:21.948Z,50,114,20.13,50,SMART_GROW,2,0
2026-02-17T17:45:21.998Z,50,114,20.43,50,SMART_GROW,1,0
2026-02-17T17:45:22.050Z,50,113,20.11,50,SMART_GROW,3,0
2026-02-17T17:45:22.100Z,50,116,19.96,50,SMART_GROW,2,0
2026-02-17T17:45:22.150Z,50,120,20.13,50,SMART_GROW,2,0
2026-02-17T17:45:22.201Z,50,123,20.46,50,SMART_GROW,1,0
2026-02-17T17:45:22.251Z,50,123,20.11,50,SMART_GROW,1,0
2026-02-17T17:45:22.301Z,50,119,20.15,50,SMART_GROW,4,0
2026-02-17T17:45:22.352Z,50,113,21.00,50,SMART_GROW,6,0
2026-02-17T17:45:22.402Z,50,109,20.04,50,SMART_GROW,6,0
2026-02-17T17:45:22.452Z,50,106,19.90,50,SMART_GROW,5,0
2026-02-17T17:45:22.502Z,50,100,20.96,50,SMART_GROW,7,0
2026-02-17T17:45:22.554Z,50,93,20.13,50,SMART_GROW,9,0
2026-02-17T17:45:22.604Z,50,89,20.59,50,SMART_GROW,4,0
2026-02-17T17:45:22.654Z,50,88,20.11,50,SMART_GROW,4,0
2026-02-17T17:45:22.704Z,50,88,20.49,50,SMART_GROW,2,0
2026-02-17T17:45:22.754Z,50,88,20.14,50,SMART_GROW,2,0
2026-02-17T17:45:22.804Z,50,85,20.01,50,SMART_GROW,4,0
2026-02-17T17:45:22.854Z,50,82,20.80,50,SMART_GROW,3,0
2026-02-17T17:45:22.904Z,50,79,21.09,50,SMART_GROW,3,0
2026-02-17T17:45:22.954Z,50,80,20.41,50,SMART_GROW,1,0
2026-02-17T17:45:23.004Z,50,81,20.28,50,SMART_GROW,0,0
2026-02-17T17:45:23.055Z,50,84,20.11,50,SMART_GROW,0,0
2026-02-17T17:45:23.105Z,50,81,20.20,50,SMART_GROW,5,0
2026-02-17T17:45:23.156Z,50,81,19.57,50,SMART_GROW,2,0
2026-02-17T17:45:23.206Z,50,80,19.78,50,SMART_GROW,2,0
2026-02-17T17:45:23.256Z,50,78,20.21,50,SMART_GROW,3,0
2026-02-17T17:45:23.306Z,50,81,20.64,50,SMART_GROW,1,0
2026-02-17T17:45:23.356Z,50,87,20.03,50,SMART_GROW,0,0
2026-02-17T17:45:23.406Z,50,93,20.09,50,SMART_GROW,0,0
2026-02-17T17:45:23.456Z,50,97,20.16,50,SMART_GROW,1,0
2026-02-17T17:45:23.507Z,50,106,19.99,50,SMART_GROW,0,0
2026-02-17T17:45:23.557Z,50,112,20.59,50,SMART_GROW,1,0
2026-02-17T17:45:23.608Z,50,114,19.65,50,SMART_GROW,2,0
2026-02-17T17:45:23.658Z,50,113,20.13,50,SMART_GROW,5,0
2026-02-17T17:45:23.708Z,50,111,20.41,50,SMART_GROW,4,0
2026-02-17T17:45:23.759Z,50,110,21.19,50,SMART_GROW,4,0
2026-02-17T17:45:23.809Z,50,111,20.35,50,SMART_GROW,2,0
2026-02-17T17:45:23.859Z,50,113,20.50,50,SMART_GROW,1,0
2026-02-17T17:45:23.909Z,50,116,20.91,50,SMART_GROW,0,0
2026-02-17T17:45:23.961Z,50,114,20.14,50,SMART_GROW,3,0
2026-02-17T17:45:24.011Z,50,109,20.28,50,SMART_GROW,5,0
2026-02-17T17:45:24.061Z,50,106,20.60,50,SMART_GROW,4,0
2026-02-17T17:45:24.112Z,50,105,23.67,50,SMART_GROW,3,0
2026-02-17T17:45:24.162Z,50,109,19.78,50,SMART_GROW,0,0
2026-02-17T17:45:24.212Z,50,111,20.44,50,SMART_GROW,0,0
2026-02-17T17:45:24.262Z,50,114,20.24,50,SMART_GROW,0,0
2026-02-17T17:45:24.313Z,50,115,20.16,50,SMART_GROW,0,0
2026-02-17T17:45:24.363Z,50,115,20.24,50,SMART_GROW,0,0
2026-02-17T17:45:24.414Z,50,115,20.14,50,SMART_GROW,0,0
2026-02-17T17:45:24.464Z,50,116,20.12,50,SMART_GROW,0,0
2026-02-17T17:45:24.514Z,50,114,21.37,50,SMART_GROW,2,0
2026-02-17T17:45:24.564Z,50,110,19.87,50,SMART_GROW,5,0
2026-02-17T17:45:24.614Z,50,109,20.26,50,SMART_GROW,5,0
2026-02-17T17:45:24.664Z,50,106,20.40,50,SMART_GROW,6,0
2026-02-17T17:45:24.714Z,50,104,19.96,50,SMART_GROW,6,0
2026-02-17T17:45:24.764Z,50,105,20.00,50,SMART_GROW,3,0
2026-02-17T17:45:24.814Z,50,103,19.83,50,SMART_GROW,4,0
2026-02-17T17:45:24.863Z,50,96,19.68,50,SMART_GROW,8,0
2026-02-17T17:45:24.914Z,50,89,20.18,50,SMART_GROW,7,0
2026-02-17T17:45:24.964Z,50,85,19.94,50,SMART_GROW,7,0
2026-02-17T17:45:25.014Z,50,84,19.98,50,SMART_GROW,6,0
2026-02-17T17:45:25.065Z,50,85,20.12,50,SMART_GROW,3,0
2026-02-17T17:45:25.115Z,50,86,20.54,50,SMART_GROW,1,0
2026-02-17T17:45:25.165Z,50,87,20.28,50,SMART_GROW,0,0
2026-02-17T17:45:25.215Z,50,87,20.14,50,SMART_GROW,0,0
2026-02-17T17:45:25.265Z,50,85,19.73,50,SMART_GROW,2,0
2026-02-17T17:45:25.315Z,50,77,20.62,50,SMART_GROW,8,0
2026-02-17T17:45:25.365Z,50,71,20.14,50,SMART_GROW,6,0
2026-02-17T17:45:25.415Z,50,66,20.98,50,SMART_GROW,5,0
2026-02-17T17:45:25.480Z,50,65,28.73,50,SMART_GROW,1,0
2026-02-17T17:45:25.530Z,50,66,20.46,50,SMART_GROW,2,0
2026-02-17T17:45:25.580Z,50,69,20.70,50,SMART_GROW,3,0
2026-02-17T17:45:25.630Z,50,72,20.17,50,SMART_GROW,1,0
2026-02-17T17:45:25.680Z,50,74,20.14,50,SMART_GROW,4,0
2026-02-17T17:45:25.730Z,50,77,20.20,50,SMART_GROW,3,0
2026-02-17T17:45:25.780Z,50,79,20.29,50,SMART_GROW,1,0
2026-02-17T17:45:25.830Z,50,83,19.69,50,SMART_GROW,2,0
2026-02-17T17:45:25.880Z,50,88,20.55,50,SMART_GROW,2,0
2026-02-17T17:45:25.930Z,50,91,19.95,50,SMART_GROW,3,0
2026-02-17T17:45:25.980Z,50,95,19.46,50,SMART_GROW,3,0
2026-02-17T17:45:26.030Z,50,100,20.07,50,SMART_GROW,2,0
2026-02-17T17:45:26.080Z,50,101,19.98,50,SMART_GROW,1,0
2026-02-17T17:45:26.130Z,50,96,20.16,50,SMART_GROW,5,0
2026-02-17T17:45:26.181Z,50,92,19.82,50,SMART_GROW,4,0
2026-02-17T17:45:26.231Z,50,90,20.37,50,SMART_GROW,2,0
2026-02-17T17:45:26.281Z,50,92,19.60,50,SMART_GROW,2,0
2026-02-17T17:45:26.331Z,50,98,20.21,50,SMART_GROW,0,0
2026-02-17T17:45:26.381Z,50,103,20.29,50,SMART_GROW,2,0
2026-02-17T17:45:26.431Z,50,105,19.94,50,SMART_GROW,2,0
2026-02-17T17:45:26.481Z,50,106,20.44,50,SMART_GROW,0,0
2026-02-17T17:45:26.532Z,50,108,20.06,50,SMART_GROW,0,0
2026-02-17T17:45:26.582Z,50,111,20.95,50,SMART_GROW,0,0
2026-02-17T17:45:26.632Z,50,110,20.55,50,SMART_GROW,2,0
2026-02-17T17:45:26.683Z,50,114,20.59,50,SMART_GROW,0,0
2026-02-17T17:45:26.733Z,50,115,20.20,50,SMART_GROW,2,0
2026-02-17T17:45:26.783Z,50,114,20.64,50,SMART_GROW,2,0
2026-02-17T17:45:26.833Z,50,114,19.82,50,SMART_GROW,2,0
2026-02-17T17:45:26.884Z,50,116,20.13,50,SMART_GROW,0,0
2026-02-17T17:45:26.934Z,50,117,20.07,50,SMART_GROW,2,0
2026-02-17T17:45:26.984Z,50,120,20.65,50,SMART_GROW,0,0
2026-02-17T17:45:27.034Z,50,118,20.46,50,SMART_GROW,4,0
2026-02-17T17:45:27.084Z,50,111,20.50,50,SMART_GROW,8,0
2026-02-17T17:45:27.138Z,50,110,20.28,50,SMART_GROW,6,0
2026-02-17T17:45:27.188Z,50,109,19.23,50,SMART_GROW,5,0
2026-02-17T17:45:27.238Z,50,109,20.27,50,SMART_GROW,2,0
2026-02-17T17:45:27.287Z,50,107,20.21,50,SMART_GROW,4,0
2026-02-17T17:45:27.338Z,50,104,20.68,50,SMART_GROW,3,0
2026-02-17T17:45:27.389Z,50,105,20.37,50,SMART_GROW,1,0
2026-02-17T17:45:27.439Z,50,103,19.88,50,SMART_GROW,4,0
2026-02-17T17:45:27.489Z,50,99,20.11,50,SMART_GROW,4,0
2026-02-17T17:45:27.539Z,50,95,20.29,50,SMART_GROW,4,0
2026-02-17T17:45:27.589Z,50,89,19.64,50,SMART_GROW,6,0
2026-02-17T17:45:27.640Z,50,84,20.36,50,SMART_GROW,7,0
2026-02-17T17:45:27.690Z,50,78,19.65,50,SMART_GROW,6,0
2026-02-17T17:45:27.739Z,50,74,20.17,50,SMART_GROW,6,0
2026-02-17T17:45:27.790Z,50,72,19.44,50,SMART_GROW,4,0
2026-02-17T17:45:27.840Z,50,74,19.76,50,SMART_GROW,0,0
2026-02-17T17:45:27.890Z,50,74,19.31,50,SMART_GROW,0,0
2026-02-17T17:45:27.940Z,50,76,20.00,50,SMART_GROW,0,0
2026-02-17T17:45:27.991Z,50,74,19.95,50,SMART_GROW,2,0
2026-02-17T17:45:28.041Z,50,77,20.36,50,SMART_GROW,2,0
2026-02-17T17:45:28.091Z,50,83,20.18,50,SMART_GROW,2,0
2026-02-17T17:45:28.141Z,50,85,20.47,50,SMART_GROW,3,0
2026-02-17T17:45:28.191Z,50,86,19.49,50,SMART_GROW,4,0
2026-02-17T17:45:28.241Z,50,81,20.55,50,SMART_GROW,7,0
2026-02-17T17:45:28.292Z,50,82,20.83,50,SMART_GROW,4,0
2026-02-17T17:45:28.342Z,50,80,19.78,50,SMART_GROW,4,0
2026-02-17T17:45:28.392Z,50,76,20.29,50,SMART_GROW,5,0
2026-02-17T17:45:28.442Z,50,78,20.02,50,SMART_GROW,2,0
2026-02-17T17:45:28.492Z,50,82,20.11,50,SMART_GROW,0,0
2026-02-17T17:45:28.542Z,50,84,20.87,50,SMART_GROW,2,0
2026-02-17T17:45:28.592Z,50,88,19.37,50,SMART_GROW,2,0
2026-02-17T17:45:28.642Z,50,94,20.06,50,SMART_GROW,1,0
2026-02-17T17:45:28.692Z,50,98,20.28,50,SMART_GROW,2,0
2026-02-17T17:45:28.742Z,50,104,19.95,50,SMART_GROW,0,0
2026-02-17T17:45:28.792Z,50,108,20.53,50,SMART_GROW,0,0
2026-02-17T17:45:28.842Z,50,107,19.44,50,SMART_GROW,1,0
2026-02-17T17:45:28.892Z,50,104,19.96,50,SMART_GROW,3,0
2026-02-17T17:45:28.942Z,50,103,20.14,50,SMART_GROW,1,0
2026-02-17T17:45:28.992Z,50,104,19.69,50,SMART_GROW,0,0
2026-02-17T17:45:29.042Z,50,107,19.26,50,SMART_GROW,0,0
2026-02-17T17:45:29.092Z,50,105,19.91,50,SMART_GROW,4,0
2026-02-17T17:45:29.142Z,50,106,19.75,50,SMART_GROW,2,0
2026-02-17T17:45:29.192Z,50,109,19.91,50,SMART_GROW,1,0
2026-02-17T17:45:29.242Z,50,116,19.98,50,SMART_GROW,0,0
2026-02-17T17:45:29.292Z,50,119,20.19,50,SMART_GROW,1,0
2026-02-17T17:45:29.342Z,50,120,20.46,50,SMART_GROW,3,0
2026-02-17T17:45:29.392Z,50,122,20.28,50,SMART_GROW,2,0
2026-02-17T17:45:29.442Z,50,122,20.82,50,SMART_GROW,3,0
2026-02-17T17:45:29.492Z,50,118,20.33,50,SMART_GROW,4,0
2026-02-17T17:45:29.543Z,50,119,20.36,50,SMART_GROW,1,0
2026-02-17T17:45:29.593Z,50,121,20.21,50,SMART_GROW,0,0
2026-02-17T17:45:29.643Z,50,120,20.09,50,SMART_GROW,2,0
2026-02-17T17:45:29.692Z,50,120,19.60,50,SMART_GROW,2,0
2026-02-17T17:45:29.743Z,50,116,19.55,50,SMART_GROW,4,0
2026-02-17T17:45:29.793Z,50,110,20.17,50,SMART_GROW,6,0
2026-02-17T17:45:29.843Z,50,106,20.16,50,SMART_GROW,5,0
2026-02-17T17:45:29.893Z,50,107,20.15,50,SMART_GROW,2,0
2026-02-17T17:45:29.944Z,50,108,20.14,50,SMART_GROW,0,0
2026-02-17T17:45:29.994Z,50,108,20.23,50,SMART_GROW,0,0
2026-02-17T17:45:30.044Z,50,108,20.13,50,SMART_GROW,0,0
2026-02-17T17:45:30.094Z,50,111,20.03,50,SMART_GROW,0,0
2026-02-17T17:45:30.144Z,50,113,20.13,50,SMART_GROW,1,0
2026-02-17T17:45:30.194Z,50,112,20.01,50,SMART_GROW,2,0
2026-02-17T17:45:30.244Z,50,108,20.80,50,SMART_GROW,4,0
2026-02-17T17:45:30.294Z,50,102,20.13,50,SMART_GROW,7,0
2026-02-17T17:45:30.344Z,50,102,20.80,50,SMART_GROW,3,0
2026-02-17T17:45:30.394Z,50,103,20.14,50,SMART_GROW,1,0
2026-02-17T17:45:30.445Z,50,105,19.62,50,SMART_GROW,1,0
2026-02-17T17:45:30.495Z,50,109,19.71,50,SMART_GROW,0,0
2026-02-17T17:45:30.546Z,50,110,20.13,50,SMART_GROW,0,0
2026-02-17T17:45:30.596Z,50,107,20.32,50,SMART_GROW,3,0
2026-02-17T17:45:30.646Z,50,107,20.95,50,SMART_GROW,2,0
2026-02-17T17:45:30.696Z,50,104,20.67,50,SMART_GROW,5,0
2026-02-17T17:45:30.746Z,50,106,19.54,50,SMART_GROW,2,0
2026-02-17T17:45:30.796Z,50,110,19.81,50,SMART_GROW,2,0
2026-02-17T17:45:30.846Z,50,113,21.49,50,SMART_GROW,2,0
2026-02-17T17:45:30.898Z,50,113,21.34,50,SMART_GROW,2,0
2026-02-17T17:45:30.948Z,50,112,20.28,50,SMART_GROW,1,0
2026-02-17T17:45:30.998Z,50,112,20.41,50,SMART_GROW,0,0
2026-02-17T17:45:31.049Z,50,112,20.22,50,SMART_GROW,0,0
2026-02-17T17:45:31.099Z,50,111,20.37,50,SMART_GROW,1,0
2026-02-17T17:45:31.149Z,50,106,19.76,50,SMART_GROW,6,0
2026-02-17T17:45:31.199Z,50,103,20.65,50,SMART_GROW,5,0
2026-02-17T17:45:31.249Z,50,105,19.81,50,SMART_GROW,2,0
2026-02-17T17:45:31.299Z,50,109,19.55,50,SMART_GROW,3,0
2026-02-17T17:45:31.349Z,50,110,20.05,50,SMART_GROW,2,0
2026-02-17T17:45:31.399Z,50,110,20.28,50,SMART_GROW,1,0
2026-02-17T17:45:31.449Z,50,109,20.48,50,SMART_GROW,2,0
2026-02-17T17:45:31.499Z,50,106,20.44,50,SMART_GROW,3,0
2026-02-17T17:45:31.549Z,50,104,19.96,50,SMART_GROW,2,0
2026-02-17T17:45:31.599Z,50,103,20.72,50,SMART_GROW,4,0
2026-02-17T17:45:31.649Z,50,102,20.41,50,SMART_GROW,3,0
2026-02-17T17:45:31.699Z,50,106,20.05,50,SMART_GROW,1,0
2026-02-17T17:45:31.749Z,50,106,20.30,50,SMART_GROW,2,0
2026-02-17T17:45:31.799Z,50,106,20.05,50,SMART_GROW,2,0
2026-02-17T17:45:31.849Z,50,107,19.87,50,SMART_GROW,1,0
2026-02-17T17:45:31.899Z,50,108,20.55,50,SMART_GROW,0,0
2026-02-17T17:45:31.949Z,50,109,20.07,50,SMART_GROW,1,0
2026-02-17T17:45:31.999Z,50,105,20.41,50,SMART_GROW,4,0
2026-02-17T17:45:32.049Z,50,101,20.15,50,SMART_GROW,4,0
2026-02-17T17:45:32.099Z,50,100,19.65,50,SMART_GROW,2,0
2026-02-17T17:45:32.149Z,50,105,20.34,50,SMART_GROW,1,0
2026-02-17T17:45:32.200Z,50,110,20.31,50,SMART_GROW,0,0
2026-02-17T17:45:32.250Z,50,112,19.79,50,SMART_GROW,0,0
2026-02-17T17:45:32.300Z,50,112,19.93,50,SMART_GROW,2,0
2026-02-17T17:45:32.350Z,50,111,20.22,50,SMART_GROW,4,0
2026-02-17T17:45:32.400Z,50,109,20.18,50,SMART_GROW,3,0
2026-02-17T17:45:32.450Z,50,108,19.70,50,SMART_GROW,3,0
2026-02-17T17:45:32.500Z,50,109,20.65,50,SMART_GROW,2,0
2026-02-17T17:45:32.550Z,50,109,19.90,50,SMART_GROW,2,0
2026-02-17T17:45:32.600Z,50,112,19.60,50,SMART_GROW,1,0
2026-02-17T17:45:32.650Z,50,115,19.91,50,SMART_GROW,0,0
2026-02-17T17:45:32.701Z,50,115,20.36,50,SMART_GROW,0,0
2026-02-17T17:45:32.751Z,50,118,20.19,50,SMART_GROW,0,0
2026-02-17T17:45:32.801Z,50,120,19.78,50,SMART_GROW,0,0
2026-02-17T17:45:32.851Z,50,115,20.25,50,SMART_GROW,6,0
2026-02-17T17:45:32.901Z,50,112,19.64,50,SMART_GROW,3,0
2026-02-17T17:45:32.951Z,50,111,19.99,50,SMART_GROW,2,0
2026-02-17T17:45:33.001Z,50,113,20.85,50,SMART_GROW,2,0
2026-02-17T17:45:33.051Z,50,117,20.28,50,SMART_GROW,0,0
2026-02-17T17:45:33.102Z,50,117,19.90,50,SMART_GROW,2,0
2026-02-17T17:45:33.152Z,50,114,20.39,50,SMART_GROW,4,0
2026-02-17T17:45:33.202Z,50,113,20.23,50,SMART_GROW,1,0
2026-02-17T17:45:33.252Z,50,112,20.31,50,SMART_GROW,1,0
2026-02-17T17:45:33.303Z,50,114,20.26,50,SMART_GROW,0,0
2026-02-17T17:45:33.353Z,50,118,20.08,50,SMART_GROW,0,0
2026-02-17T17:45:33.404Z,50,121,20.11,50,SMART_GROW,0,0
2026-02-17T17:45:33.454Z,50,124,19.82,50,SMART_GROW,0,0
2026-02-17T17:45:33.504Z,50,126,20.98,50,SMART_GROW,0,0
2026-02-17T17:45:33.554Z,50,128,20.64,50,SMART_GROW,0,0
2026-02-17T17:45:33.604Z,50,126,20.77,50,SMART_GROW,3,0
2026-02-17T17:45:33.655Z,50,126,20.12,50,SMART_GROW,0,0
2026-02-17T17:45:33.705Z,50,126,20.29,50,SMART_GROW,0,0
2026-02-17T17:45:33.755Z,50,126,20.15,50,SMART_GROW,0,0
2026-02-17T17:45:33.805Z,50,126,20.39,50,SMART_GROW,0,0
2026-02-17T17:45:33.855Z,50,131,20.55,50,SMART_GROW,1,0
2026-02-17T17:45:33.905Z,50,132,20.14,50,SMART_GROW,2,0
2026-02-17T17:45:33.955Z,50,132,20.31,50,SMART_GROW,2,0
2026-02-17T17:45:34.005Z,50,129,19.97,50,SMART_GROW,4,0
2026-02-17T17:45:34.055Z,50,127,26.70,50,SMART_GROW,3,0
2026-02-17T17:45:34.105Z,50,127,20.55,50,SMART_GROW,2,0
2026-02-17T17:45:34.155Z,50,127,20.70,50,SMART_GROW,4,0
2026-02-17T17:45:34.206Z,50,127,20.29,50,SMART_GROW,1,0
2026-02-17T17:45:34.256Z,50,128,20.34,50,SMART_GROW,0,0
2026-02-17T17:45:34.307Z,50,128,20.37,50,SMART_GROW,0,0
2026-02-17T17:45:34.357Z,50,126,19.93,50,SMART_GROW,2,0
2026-02-17T17:45:34.407Z,50,124,20.15,50,SMART_GROW,2,0
2026-02-17T17:45:34.458Z,50,122,20.14,50,SMART_GROW,2,0
2026-02-17T17:45:34.509Z,50,119,20.09,50,SMART_GROW,3,0
2026-02-17T17:45:34.559Z,50,115,20.14,50,SMART_GROW,4,0
2026-02-17T17:45:34.609Z,50,114,20.13,50,SMART_GROW,4,0
2026-02-17T17:45:34.659Z,50,111,20.35,50,SMART_GROW,3,0
2026-02-17T17:45:34.709Z,50,109,19.82,50,SMART_GROW,2,0
2026-02-17T17:45:34.760Z,50,107,20.20,50,SMART_GROW,2,0
2026-02-17T17:45:34.810Z,50,106,19.36,50,SMART_GROW,1,0
2026-02-17T17:45:34.860Z,50,105,19.94,50,SMART_GROW,2,0
2026-02-17T17:45:34.910Z,50,105,20.29,50,SMART_GROW,2,0
2026-02-17T17:45:34.960Z,50,105,20.10,50,SMART_GROW,2,0
2026-02-17T17:45:35.010Z,50,106,20.21,50,SMART_GROW,1,0
2026-02-17T17:45:35.060Z,50,111,20.14,50,SMART_GROW,0,0
2026-02-17T17:45:35.111Z,50,113,19.93,50,SMART_GROW,0,0
2026-02-17T17:45:35.161Z,50,116,19.97,50,SMART_GROW,1,0
2026-02-17T17:45:35.212Z,50,114,20.75,50,SMART_GROW,3,0
2026-02-17T17:45:35.262Z,50,109,20.79,50,SMART_GROW,5,0
2026-02-17T17:45:35.312Z,50,105,20.28,50,SMART_GROW,4,0
2026-02-17T17:45:35.363Z,50,105,19.88,50,SMART_GROW,2,0
2026-02-17T17:45:35.414Z,50,105,20.87,50,SMART_GROW,2,0
2026-02-17T17:45:35.464Z,50,103,20.85,50,SMART_GROW,4,0
2026-02-17T17:45:35.514Z,50,102,19.54,50,SMART_GROW,4,0
2026-02-17T17:45:35.564Z,50,102,21.41,50,SMART_GROW,4,0
2026-02-17T17:45:35.615Z,50,101,19.88,50,SMART_GROW,5,0
2026-02-17T17:45:35.665Z,50,98,20.01,50,SMART_GROW,6,0
2026-02-17T17:45:35.715Z,50,98,20.29,50,SMART_GROW,2,0
2026-02-17T17:45:35.766Z,50,95,19.77,50,SMART_GROW,5,0
2026-02-17T17:45:35.816Z,50,93,20.52,50,SMART_GROW,4,0
2026-02-17T17:45:35.867Z,50,92,20.23,50,SMART_GROW,2,0
2026-02-17T17:45:35.917Z,50,91,20.75,50,SMART_GROW,3,0
2026-02-17T17:45:35.967Z,50,91,20.12,50,SMART_GROW,2,0
2026-02-17T17:45:36.018Z,50,90,20.19,50,SMART_GROW,2,0
2026-02-17T17:45:36.068Z,50,89,20.18,50,SMART_GROW,1,0
2026-02-17T17:45:36.118Z,50,86,19.39,50,SMART_GROW,3,0
2026-02-17T17:45:36.168Z,50,85,20.64,50,SMART_GROW,3,0
2026-02-17T17:45:36.218Z,50,86,19.57,50,SMART_GROW,2,0
2026-02-17T17:45:36.268Z,50,90,20.03,50,SMART_GROW,0,0
2026-02-17T17:45:36.318Z,50,94,19.23,50,SMART_GROW,0,0
2026-02-17T17:45:36.368Z,50,93,20.03,50,SMART_GROW,3,0
2026-02-17T17:45:36.418Z,50,94,19.87,50,SMART_GROW,1,0
2026-02-17T17:45:36.468Z,50,98,20.05,50,SMART_GROW,0,0
2026-02-17T17:45:36.519Z,50,102,20.08,50,SMART_GROW,0,0
2026-02-17T17:45:36.568Z,50,106,20.16,50,SMART_GROW,0,0
2026-02-17T17:45:36.618Z,50,112,20.14,50,SMART_GROW,0,0
2026-02-17T17:45:36.668Z,50,116,20.02,50,SMART_GROW,1,0
2026-02-17T17:45:36.718Z,50,114,20.83,50,SMART_GROW,4,0
2026-02-17T17:45:36.768Z,50,117,20.49,50,SMART_GROW,1,0
2026-02-17T17:45:36.818Z,50,119,20.32,50,SMART_GROW,3,0
2026-02-17T17:45:36.868Z,50,119,20.60,50,SMART_GROW,2,0
2026-02-17T17:45:36.918Z,50,120,19.75,50,SMART_GROW,2,0
2026-02-17T17:45:36.968Z,50,122,19.28,50,SMART_GROW,0,0
2026-02-17T17:45:37.018Z,50,124,20.12,50,SMART_GROW,0,0
2026-02-17T17:45:37.068Z,50,125,20.13,50,SMART_GROW,0,0
2026-02-17T17:45:37.118Z,50,127,20.09,50,SMART_GROW,0,0
2026-02-17T17:45:37.168Z,50,131,19.83,50,SMART_GROW,0,0
2026-02-17T17:45:37.218Z,50,133,19.91,50,SMART_GROW,0,0
2026-02-17T17:45:37.268Z,50,130,19.65,50,SMART_GROW,3,0
2026-02-17T17:45:37.318Z,50,127,20.09,50,SMART_GROW,3,0
2026-02-17T17:45:37.368Z,50,128,19.70,50,SMART_GROW,2,0
2026-02-17T17:45:37.418Z,50,128,20.46,50,SMART_GROW,1,0
2026-02-17T17:45:37.468Z,50,126,19.96,50,SMART_GROW,2,0
2026-02-17T17:45:37.519Z,50,123,19.98,50,SMART_GROW,3,0
2026-02-17T17:45:37.569Z,50,117,20.21,50,SMART_GROW,6,0
2026-02-17T17:45:37.618Z,50,113,20.33,50,SMART_GROW,4,0
2026-02-17T17:45:37.669Z,50,109,19.29,50,SMART_GROW,5,0
2026-02-17T17:45:37.719Z,50,110,20.19,50,SMART_GROW,3,0
2026-02-17T17:45:37.769Z,50,108,20.80,50,SMART_GROW,3,0
2026-02-17T17:45:37.819Z,50,111,20.37,50,SMART_GROW,0,0
2026-02-17T17:45:37.869Z,50,113,19.70,50,SMART_GROW,0,0
2026-02-17T17:45:37.920Z,50,115,20.28,50,SMART_GROW,0,0
2026-02-17T17:45:37.971Z,50,115,20.11,50,SMART_GROW,0,0
2026-02-17T17:45:38.021Z,50,112,19.78,50,SMART_GROW,3,0
2026-02-17T17:45:38.073Z,50,105,20.82,50,SMART_GROW,7,0
2026-02-17T17:45:38.123Z,50,100,20.11,50,SMART_GROW,5,0
2026-02-17T17:45:38.173Z,50,95,19.36,50,SMART_GROW,5,0
2026-02-17T17:45:38.223Z,50,92,20.09,50,SMART_GROW,3,0
2026-02-17T17:45:38.274Z,50,93,20.28,50,SMART_GROW,2,0
2026-02-17T17:45:38.324Z,50,94,19.90,50,SMART_GROW,2,0
2026-02-17T17:45:38.374Z,50,92,21.21,50,SMART_GROW,4,0
2026-02-17T17:45:38.424Z,50,89,20.10,50,SMART_GROW,4,0
2026-02-17T17:45:38.475Z,50,88,21.06,50,SMART_GROW,3,0
2026-02-17T17:45:38.525Z,50,90,20.19,50,SMART_GROW,1,0
2026-02-17T17:45:38.575Z,50,96,20.59,50,SMART_GROW,0,0
2026-02-17T17:45:38.625Z,50,101,20.08,50,SMART_GROW,0,0
2026-02-17T17:45:38.676Z,50,105,19.95,50,SMART_GROW,0,0
2026-02-17T17:45:38.727Z,50,109,20.34,50,SMART_GROW,0,0
2026-02-17T17:45:38.778Z,50,111,20.47,50,SMART_GROW,0,0
2026-02-17T17:45:38.828Z,50,111,19.82,50,SMART_GROW,0,0
2026-02-17T17:45:38.878Z,50,111,20.13,50,SMART_GROW,0,0
2026-02-17T17:45:38.928Z,50,108,20.12,50,SMART_GROW,3,0
2026-02-17T17:45:38.978Z,50,102,19.88,50,SMART_GROW,6,0
2026-02-17T17:45:39.029Z,50,102,20.43,50,SMART_GROW,4,0
2026-02-17T17:45:39.079Z,50,108,20.55,50,SMART_GROW,0,0
2026-02-17T17:45:39.129Z,50,113,20.05,50,SMART_GROW,0,0
2026-02-17T17:45:39.179Z,50,117,19.77,50,SMART_GROW,1,0
2026-02-17T17:45:39.229Z,50,117,19.88,50,SMART_GROW,3,0
2026-02-17T17:45:39.279Z,50,119,20.16,50,SMART_GROW,0,0
2026-02-17T17:45:39.329Z,50,120,20.17,50,SMART_GROW,1,0
2026-02-17T17:45:39.380Z,50,122,19.44,50,SMART_GROW,2,0
2026-02-17T17:45:39.430Z,50,125,19.68,50,SMART_GROW,2,0
2026-02-17T17:45:39.480Z,50,125,19.65,50,SMART_GROW,2,0
2026-02-17T17:45:39.530Z,50,124,19.91,50,SMART_GROW,2,0
2026-02-17T17:45:39.580Z,50,122,20.28,50,SMART_GROW,2,0
2026-02-17T17:45:39.629Z,50,122,20.37,50,SMART_GROW,0,0
2026-02-17T17:45:39.681Z,50,120,20.21,50,SMART_GROW,2,0
2026-02-17T17:45:39.731Z,50,118,20.13,50,SMART_GROW,2,0
2026-02-17T17:45:39.783Z,50,113,20.13,50,SMART_GROW,5,0
2026-02-17T17:45:39.834Z,50,112,20.27,50,SMART_GROW,1,0
2026-02-17T17:45:39.884Z,50,112,20.11,50,SMART_GROW,0,0
2026-02-17T17:45:39.934Z,50,116,20.37,50,SMART_GROW,0,0
2026-02-17T17:45:39.984Z,50,121,20.16,50,SMART_GROW,1,0
2026-02-17T17:45:40.034Z,50,123,20.32,50,SMART_GROW,1,0
2026-02-17T17:45:40.084Z,50,122,20.13,50,SMART_GROW,1,0
2026-02-17T17:45:40.134Z,50,120,19.93,50,SMART_GROW,2,0
2026-02-17T17:45:40.184Z,50,118,20.54,50,SMART_GROW,3,0
2026-02-17T17:45:40.234Z,50,120,20.02,50,SMART_GROW,1,0
2026-02-17T17:45:40.284Z,50,120,20.13,50,SMART_GROW,0,0
2026-02-17T17:45:40.334Z,50,120,20.37,50,SMART_GROW,1,0
2026-02-17T17:45:40.384Z,50,119,19.70,50,SMART_GROW,3,0
2026-02-17T17:45:40.434Z,50,116,20.12,50,SMART_GROW,5,0
2026-02-17T17:45:40.484Z,50,114,19.59,50,SMART_GROW,4,0
2026-02-17T17:45:40.534Z,50,111,19.72,50,SMART_GROW,6,0
2026-02-17T17:45:40.584Z,50,108,20.28,50,SMART_GROW,4,0
2026-02-17T17:45:40.634Z,50,101,19.72,50,SMART_GROW,7,0
2026-02-17T17:45:40.685Z,50,96,19.77,50,SMART_GROW,7,0
2026-02-17T17:45:40.735Z,50,93,20.62,50,SMART_GROW,5,0
2026-02-17T17:45:40.785Z,50,96,20.47,50,SMART_GROW,2,0
2026-02-17T17:45:40.836Z,50,94,19.98,50,SMART_GROW,3,0
2026-02-17T17:45:40.886Z,50,90,20.28,50,SMART_GROW,4,0
2026-02-17T17:45:40.936Z,50,87,20.68,50,SMART_GROW,3,0
2026-02-17T17:45:40.986Z,50,86,19.96,50,SMART_GROW,2,0
2026-02-17T17:45:41.036Z,50,83,19.75,50,SMART_GROW,4,0
2026-02-17T17:45:41.086Z,50,84,20.14,50,SMART_GROW,0,0
2026-02-17T17:45:41.136Z,50,86,20.13,50,SMART_GROW,0,0
2026-02-17T17:45:41.186Z,50,89,20.39,50,SMART_GROW,0,0
2026-02-17T17:45:41.237Z,50,90,20.13,50,SMART_GROW,0,0
2026-02-17T17:45:41.288Z,50,90,20.11,50,SMART_GROW,0,0
2026-02-17T17:45:41.338Z,50,91,19.78,50,SMART_GROW,0,0
2026-02-17T17:45:41.388Z,50,94,19.75,50,SMART_GROW,0,0
2026-02-17T17:45:41.439Z,50,99,20.16,50,SMART_GROW,0,0
2026-02-17T17:45:41.489Z,50,101,20.27,50,SMART_GROW,2,0
2026-02-17T17:45:41.539Z,50,102,20.16,50,SMART_GROW,5,0
2026-02-17T17:45:41.589Z,50,101,21.12,50,SMART_GROW,5,0
2026-02-17T17:45:41.640Z,50,103,19.87,50,SMART_GROW,5,0
2026-02-17T17:45:41.690Z,50,105,19.92,50,SMART_GROW,6,0
2026-02-17T17:45:41.740Z,50,104,19.06,50,SMART_GROW,5,0
2026-02-17T17:45:41.791Z,50,102,20.29,50,SMART_GROW,4,0
2026-02-17T17:45:41.841Z,50,100,20.09,50,SMART_GROW,5,0
2026-02-17T17:45:41.891Z,50,100,20.26,50,SMART_GROW,4,0
2026-02-17T17:45:41.941Z,50,99,20.80,50,SMART_GROW,4,0
2026-02-17T17:45:41.992Z,50,100,20.00,50,SMART_GROW,1,0
2026-02-17T17:45:42.042Z,50,104,20.46,50,SMART_GROW,0,0
2026-02-17T17:45:42.093Z,50,103,20.00,50,SMART_GROW,1,0
2026-02-17T17:45:42.143Z,50,101,19.49,50,SMART_GROW,2,0
2026-02-17T17:45:42.193Z,50,99,20.37,50,SMART_GROW,2,0
2026-02-17T17:45:42.243Z,50,99,20.13,50,SMART_GROW,0,0
2026-02-17T17:45:42.293Z,50,99,20.13,50,SMART_GROW,0,0
2026-02-17T17:45:42.343Z,50,95,20.28,50,SMART_GROW,4,0
2026-02-17T17:45:42.393Z,50,90,20.07,50,SMART_GROW,5,0
2026-02-17T17:45:42.444Z,50,88,19.90,50,SMART_GROW,2,0
2026-02-17T17:45:42.493Z,50,88,19.87,50,SMART_GROW,3,0
2026-02-17T17:45:42.544Z,50,86,20.93,50,SMART_GROW,6,0
2026-02-17T17:45:42.594Z,50,87,20.08,50,SMART_GROW,4,0
2026-02-17T17:45:42.644Z,50,88,20.47,50,SMART_GROW,5,0
2026-02-17T17:45:42.694Z,50,90,21.14,50,SMART_GROW,3,0
2026-02-17T17:45:42.744Z,50,93,20.06,50,SMART_GROW,2,0
2026-02-17T17:45:42.794Z,50,96,20.26,50,SMART_GROW,1,0
2026-02-17T17:45:42.844Z,50,100,20.52,50,SMART_GROW,0,0
2026-02-17T17:45:42.894Z,50,104,20.28,50,SMART_GROW,1,0
2026-02-17T17:45:42.945Z,50,106,19.29,50,SMART_GROW,2,0
2026-02-17T17:45:42.995Z,50,106,20.41,50,SMART_GROW,1,0
2026-02-17T17:45:43.047Z,50,106,20.16,50,SMART_GROW,0,0
2026-02-17T17:45:43.097Z,50,107,20.28,50,SMART_GROW,0,0
2026-02-17T17:45:43.147Z,50,109,21.00,50,SMART_GROW,0,0
2026-02-17T17:45:43.197Z,50,111,20.21,50,SMART_GROW,0,0
2026-02-17T17:45:43.247Z,50,110,20.13,50,SMART_GROW,1,0
2026-02-17T17:45:43.297Z,50,104,20.28,50,SMART_GROW,6,0
2026-02-17T17:45:43.347Z,50,104,20.65,50,SMART_GROW,4,0
2026-02-17T17:45:43.397Z,50,103,20.01,50,SMART_GROW,6,0
2026-02-17T17:45:43.447Z,50,104,20.62,50,SMART_GROW,1,0
2026-02-17T17:45:43.497Z,50,107,19.87,50,SMART_GROW,0,0
2026-02-17T17:45:43.546Z,50,113,20.32,50,SMART_GROW,0,0
2026-02-17T17:45:43.597Z,50,117,20.01,50,SMART_GROW,0,0
2026-02-17T17:45:43.647Z,50,122,20.34,50,SMART_GROW,0,0
2026-02-17T17:45:43.697Z,50,125,20.14,50,SMART_GROW,0,0
2026-02-17T17:45:43.747Z,50,127,20.13,50,SMART_GROW,0,0
2026-02-17T17:45:43.797Z,50,128,19.91,50,SMART_GROW,0,0
2026-02-17T17:45:43.847Z,50,128,20.14,50,SMART_GROW,0,0
2026-02-17T17:45:43.897Z,50,128,20.38,50,SMART_GROW,0,0
2026-02-17T17:45:43.948Z,50,130,21.75,50,SMART_GROW,1,0
2026-02-17T17:45:43.998Z,50,130,20.05,50,SMART_GROW,1,0
2026-02-17T17:45:44.048Z,50,129,20.73,50,SMART_GROW,1,0
2026-02-17T17:45:44.098Z,50,124,20.06,50,SMART_GROW,5,0
2026-02-17T17:45:44.148Z,50,120,19.54,50,SMART_GROW,4,0
2026-02-17T17:45:44.198Z,50,116,19.92,50,SMART_GROW,4,0
2026-02-17T17:45:44.248Z,50,113,20.77,50,SMART_GROW,3,0
2026-02-17T17:45:44.298Z,50,116,20.10,50,SMART_GROW,4,0
2026-02-17T17:45:44.348Z,50,117,20.64,50,SMART_GROW,3,0
2026-02-17T17:45:44.398Z,50,121,20.13,50,SMART_GROW,2,0
2026-02-17T17:45:44.449Z,50,120,20.03,50,SMART_GROW,2,0
2026-02-17T17:45:44.500Z,50,118,20.02,50,SMART_GROW,2,0
2026-02-17T17:45:44.550Z,50,115,19.42,50,SMART_GROW,3,0
2026-02-17T17:45:44.602Z,50,113,20.31,50,SMART_GROW,2,0
2026-02-17T17:45:44.652Z,50,111,19.82,50,SMART_GROW,2,0
2026-02-17T17:45:44.702Z,50,109,19.84,50,SMART_GROW,2,0
2026-02-17T17:45:44.752Z,50,109,20.13,50,SMART_GROW,0,0
2026-02-17T17:45:44.803Z,50,107,20.39,50,SMART_GROW,2,0
2026-02-17T17:45:44.853Z,50,107,20.13,50,SMART_GROW,0,0
2026-02-17T17:45:44.903Z,50,106,20.17,50,SMART_GROW,1,0
2026-02-17T17:45:44.953Z,50,107,20.11,50,SMART_GROW,0,0
2026-02-17T17:45:45.003Z,50,104,19.85,50,SMART_GROW,4,0
2026-02-17T17:45:45.053Z,50,104,20.08,50,SMART_GROW,1,0
2026-02-17T17:45:45.104Z,50,108,20.01,50,SMART_GROW,1,0
2026-02-17T17:45:45.154Z,50,110,19.24,50,SMART_GROW,2,0
2026-02-17T17:45:45.204Z,50,114,20.14,50,SMART_GROW,0,0
2026-02-17T17:45:45.254Z,50,117,20.26,50,SMART_GROW,0,0
2026-02-17T17:45:45.304Z,50,121,20.25,50,SMART_GROW,1,0
2026-02-17T17:45:45.355Z,50,121,19.59,50,SMART_GROW,2,0
2026-02-17T17:45:45.405Z,50,118,20.42,50,SMART_GROW,5,0
2026-02-17T17:45:45.455Z,50,115,20.93,50,SMART_GROW,5,0
2026-02-17T17:45:45.505Z,50,115,20.16,50,SMART_GROW,2,0
2026-02-17T17:45:45.555Z,50,116,20.41,50,SMART_GROW,2,0
2026-02-17T17:45:45.606Z,50,118,20.55,50,SMART_GROW,0,0
2026-02-17T17:45:45.656Z,50,120,20.06,50,SMART_GROW,0,0
2026-02-17T17:45:45.707Z,50,121,20.14,50,SMART_GROW,1,0
2026-02-17T17:45:45.757Z,50,118,20.30,50,SMART_GROW,3,0
2026-02-17T17:45:45.807Z,50,118,20.09,50,SMART_GROW,2,0
2026-02-17T17:45:45.858Z,50,114,20.39,50,SMART_GROW,4,0
2026-02-17T17:45:45.909Z,50,112,20.21,50,SMART_GROW,3,0
2026-02-17T17:45:45.959Z,50,110,20.28,50,SMART_GROW,2,0
2026-02-17T17:45:46.009Z,50,111,19.82,50,SMART_GROW,3,0
2026-02-17T17:45:46.059Z,50,110,20.72,50,SMART_GROW,2,0
2026-02-17T17:45:46.110Z,50,108,20.08,50,SMART_GROW,3,0
2026-02-17T17:45:46.160Z,50,106,20.19,50,SMART_GROW,4,0
2026-02-17T17:45:46.212Z,50,101,20.63,50,SMART_GROW,5,0
2026-02-17T17:45:46.262Z,50,96,19.69,50,SMART_GROW,5,0
2026-02-17T17:45:46.312Z,50,95,19.77,50,SMART_GROW,3,0
2026-02-17T17:45:46.362Z,50,97,19.76,50,SMART_GROW,0,0
2026-02-17T17:45:46.412Z,50,100,20.87,50,SMART_GROW,1,0
2026-02-17T17:45:46.462Z,50,105,20.49,50,SMART_GROW,0,0
2026-02-17T17:45:46.513Z,50,107,19.85,50,SMART_GROW,0,0
2026-02-17T17:45:46.564Z,50,109,20.50,50,SMART_GROW,0,0
2026-02-17T17:45:46.613Z,50,109,20.14,50,SMART_GROW,0,0
2026-02-17T17:45:46.663Z,50,107,20.88,50,SMART_GROW,2,0
2026-02-17T17:45:46.713Z,50,107,19.59,50,SMART_GROW,2,0
2026-02-17T17:45:46.763Z,50,108,20.20,50,SMART_GROW,1,0
2026-02-17T17:45:46.813Z,50,104,20.91,50,SMART_GROW,6,0
2026-02-17T17:45:46.863Z,50,106,20.11,50,SMART_GROW,2,0
2026-02-17T17:45:46.914Z,50,106,19.80,50,SMART_GROW,3,0
2026-02-17T17:45:46.965Z,50,105,19.99,50,SMART_GROW,3,0
2026-02-17T17:45:47.016Z,50,105,19.69,50,SMART_GROW,3,0
2026-02-17T17:45:47.066Z,50,106,20.39,50,SMART_GROW,2,0
2026-02-17T17:45:47.116Z,50,108,20.16,50,SMART_GROW,0,0
2026-02-17T17:45:47.166Z,50,111,20.59,50,SMART_GROW,1,0
2026-02-17T17:45:47.217Z,50,115,19.42,50,SMART_GROW,2,0
2026-02-17T17:45:47.266Z,50,117,20.07,50,SMART_GROW,2,0
2026-02-17T17:45:47.317Z,50,119,20.08,50,SMART_GROW,1,0
2026-02-17T17:45:47.367Z,50,119,20.16,50,SMART_GROW,0,0
2026-02-17T17:45:47.417Z,50,120,20.18,50,SMART_GROW,0,0
2026-02-17T17:45:47.467Z,50,119,20.12,50,SMART_GROW,1,0
2026-02-17T17:45:47.517Z,50,117,20.14,50,SMART_GROW,2,0
2026-02-17T17:45:47.567Z,50,113,19.98,50,SMART_GROW,4,0
2026-02-17T17:45:47.617Z,50,113,20.13,50,SMART_GROW,0,0
2026-02-17T17:45:47.667Z,50,114,20.14,50,SMART_GROW,1,0
2026-02-17T17:45:47.717Z,50,112,19.99,50,SMART_GROW,4,0
2026-02-17T17:45:47.767Z,50,112,20.14,50,SMART_GROW,1,0
2026-02-17T17:45:47.817Z,50,117,20.19,50,SMART_GROW,1,0
2026-02-17T17:45:47.867Z,50,117,19.91,50,SMART_GROW,2,0
2026-02-17T17:45:47.918Z,50,118,20.09,50,SMART_GROW,3,0
2026-02-17T17:45:47.968Z,50,119,20.68,50,SMART_GROW,1,0
2026-02-17T17:45:48.018Z,50,122,20.02,50,SMART_GROW,0,0
2026-02-17T17:45:48.068Z,50,124,20.24,50,SMART_GROW,0,0
2026-02-17T17:45:48.118Z,50,124,20.15,50,SMART_GROW,0,0
2026-02-17T17:45:48.168Z,50,125,20.11,50,SMART_GROW,0,0
2026-02-17T17:45:48.217Z,50,126,19.94,50,SMART_GROW,1,0
2026-02-17T17:45:48.268Z,50,126,20.52,50,SMART_GROW,2,0
2026-02-17T17:45:48.318Z,50,126,20.46,50,SMART_GROW,1,0
2026-02-17T17:45:48.369Z,50,123,19.18,50,SMART_GROW,3,0
2026-02-17T17:45:48.419Z,50,119,20.84,50,SMART_GROW,4,0
2026-02-17T17:45:48.469Z,50,118,20.44,50,SMART_GROW,2,0
2026-02-17T17:45:48.519Z,50,119,19.69,50,SMART_GROW,1,0
2026-02-17T17:45:48.569Z,50,119,19.78,50,SMART_GROW,4,0
2026-02-17T17:45:48.619Z,50,113,20.04,50,SMART_GROW,6,0
2026-02-17T17:45:48.669Z,50,111,20.13,50,SMART_GROW,3,0
2026-02-17T17:45:48.719Z,50,115,19.91,50,SMART_GROW,0,0
2026-02-17T17:45:48.769Z,50,116,20.13,50,SMART_GROW,0,0
2026-02-17T17:45:48.819Z,50,117,20.09,50,SMART_GROW,0,0
2026-02-17T17:45:48.869Z,50,119,19.70,50,SMART_GROW,0,0
2026-02-17T17:45:48.919Z,50,121,20.32,50,SMART_GROW,1,0
2026-02-17T17:45:48.969Z,50,119,20.62,50,SMART_GROW,3,0
2026-02-17T17:45:49.019Z,50,116,19.69,50,SMART_GROW,3,0
2026-02-17T17:45:49.070Z,50,113,19.49,50,SMART_GROW,3,0
2026-02-17T17:45:49.120Z,50,113,20.16,50,SMART_GROW,0,0
2026-02-17T17:45:49.170Z,50,113,20.14,50,SMART_GROW,0,0
2026-02-17T17:45:49.221Z,50,114,20.14,50,SMART_GROW,0,0
2026-02-17T17:45:49.271Z,50,115,19.59,50,SMART_GROW,1,0
2026-02-17T17:45:49.322Z,50,114,20.28,50,SMART_GROW,2,0
2026-02-17T17:45:49.373Z,50,114,19.75,50,SMART_GROW,3,0
2026-02-17T17:45:49.423Z,50,114,20.66,50,SMART_GROW,4,0
2026-02-17T17:45:49.473Z,50,112,19.91,50,SMART_GROW,4,0
2026-02-17T17:45:49.523Z,50,107,19.75,50,SMART_GROW,6,0
2026-02-17T17:45:49.573Z,50,105,19.13,50,SMART_GROW,6,0
2026-02-17T17:45:49.622Z,50,107,19.73,50,SMART_GROW,5,0
2026-02-17T17:45:49.674Z,50,104,19.96,50,SMART_GROW,5,0
2026-02-17T17:45:49.724Z,50,101,20.00,50,SMART_GROW,3,0
2026-02-17T17:45:49.774Z,50,97,20.18,50,SMART_GROW,4,0
2026-02-17T17:45:49.824Z,50,94,19.69,50,SMART_GROW,3,0
2026-02-17T17:45:49.874Z,50,92,19.96,50,SMART_GROW,2,0
2026-02-17T17:45:49.924Z,50,91,19.34,50,SMART_GROW,2,0
2026-02-17T17:45:49.974Z,50,93,20.14,50,SMART_GROW,1,0
2026-02-17T17:45:50.024Z,50,96,19.69,50,SMART_GROW,0,0
2026-02-17T17:45:50.074Z,50,99,20.16,50,SMART_GROW,0,0
2026-02-17T17:45:50.124Z,50,99,20.23,50,SMART_GROW,0,0
2026-02-17T17:45:50.175Z,50,99,20.11,50,SMART_GROW,0,0
2026-02-17T17:45:50.225Z,50,98,19.70,50,SMART_GROW,1,0
2026-02-17T17:45:50.275Z,50,97,20.52,50,SMART_GROW,2,0
2026-02-17T17:45:50.325Z,50,95,20.68,50,SMART_GROW,4,0
2026-02-17T17:45:50.375Z,50,94,20.13,50,SMART_GROW,4,0
2026-02-17T17:45:50.426Z,50,93,19.81,50,SMART_GROW,5,0
2026-02-17T17:45:50.476Z,50,91,19.82,50,SMART_GROW,6,0
2026-02-17T17:45:50.526Z,50,91,20.20,50,SMART_GROW,6,0
2026-02-17T17:45:50.576Z,50,93,20.09,50,SMART_GROW,4,0
2026-02-17T17:45:50.626Z,50,95,19.97,50,SMART_GROW,3,0
2026-02-17T17:45:50.676Z,50,97,19.13,50,SMART_GROW,2,0
2026-02-17T17:45:50.726Z,50,100,20.04,50,SMART_GROW,1,0
2026-02-17T17:45:50.776Z,50,104,19.83,50,SMART_GROW,0,0
2026-02-17T17:45:50.826Z,50,107,19.96,50,SMART_GROW,0,0
2026-02-17T17:45:50.876Z,50,109,20.28,50,SMART_GROW,0,0
2026-02-17T17:45:50.926Z,50,111,20.26,50,SMART_GROW,0,0
2026-02-17T17:45:50.974Z,50,112,20.11,50,SMART_GROW,0,0
2026-02-17T17:45:51.024Z,50,112,19.84,50,SMART_GROW,0,0
2026-02-17T17:45:51.073Z,50,110,19.82,50,SMART_GROW,2,0
2026-02-17T17:45:51.124Z,50,108,20.23,50,SMART_GROW,2,0
2026-02-17T17:45:51.174Z,50,104,19.36,50,SMART_GROW,4,0
2026-02-17T17:45:51.224Z,50,102,20.27,50,SMART_GROW,3,0
2026-02-17T17:45:51.274Z,50,102,19.87,50,SMART_GROW,2,0
2026-02-17T17:45:51.324Z,50,103,20.28,50,SMART_GROW,3,0
2026-02-17T17:45:51.374Z,50,103,20.11,50,SMART_GROW,4,0
2026-02-17T17:45:51.424Z,50,103,19.96,50,SMART_GROW,4,0
2026-02-17T17:45:51.475Z,50,106,20.19,50,SMART_GROW,4,0
2026-02-17T17:45:51.525Z,50,110,19.88,50,SMART_GROW,2,0
2026-02-17T17:45:51.575Z,50,112,20.24,50,SMART_GROW,2,0
2026-02-17T17:45:51.625Z,50,113,20.57,50,SMART_GROW,2,0
2026-02-17T17:45:51.676Z,50,115,20.61,50,SMART_GROW,0,0
2026-02-17T17:45:51.726Z,50,114,20.83,50,SMART_GROW,2,0
2026-02-17T17:45:51.777Z,50,111,20.10,50,SMART_GROW,3,0
2026-02-17T17:45:51.827Z,50,106,20.34,50,SMART_GROW,5,0
2026-02-17T17:45:51.877Z,50,104,20.41,50,SMART_GROW,2,0
2026-02-17T17:45:51.927Z,50,102,20.32,50,SMART_GROW,2,0
2026-02-17T17:45:51.978Z,50,99,20.15,50,SMART_GROW,3,0
2026-02-17T17:45:52.028Z,50,97,19.88,50,SMART_GROW,2,0
2026-02-17T17:45:52.078Z,50,95,20.09,50,SMART_GROW,4,0
2026-02-17T17:45:52.129Z,50,92,20.18,50,SMART_GROW,6,0
2026-02-17T17:45:52.179Z,50,90,20.07,50,SMART_GROW,5,0
2026-02-17T17:45:52.230Z,50,91,19.46,50,SMART_GROW,2,0
2026-02-17T17:45:52.279Z,50,93,19.63,50,SMART_GROW,0,0
2026-02-17T17:45:52.330Z,50,94,19.69,50,SMART_GROW,2,0
2026-02-17T17:45:52.380Z,50,97,19.94,50,SMART_GROW,1,0
2026-02-17T17:45:52.430Z,50,102,19.87,50,SMART_GROW,0,0
2026-02-17T17:45:52.481Z,50,105,20.18,50,SMART_GROW,0,0
2026-02-17T17:45:52.531Z,50,107,19.86,50,SMART_GROW,0,0
2026-02-17T17:45:52.581Z,50,109,20.28,50,SMART_GROW,0,0
2026-02-17T17:45:52.631Z,50,111,20.29,50,SMART_GROW,0,0
2026-02-17T17:45:52.681Z,50,110,20.13,50,SMART_GROW,1,0
2026-02-17T17:45:52.731Z,50,111,19.82,50,SMART_GROW,2,0
2026-02-17T17:45:52.781Z,50,113,19.98,50,SMART_GROW,0,0
2026-02-17T17:45:52.831Z,50,118,19.72,50,SMART_GROW,0,0
2026-02-17T17:45:52.882Z,50,117,19.29,50,SMART_GROW,3,0
2026-02-17T17:45:52.931Z,50,117,20.32,50,SMART_GROW,2,0
2026-02-17T17:45:52.982Z,50,119,20.23,50,SMART_GROW,1,0
2026-02-17T17:45:53.031Z,50,118,20.52,50,SMART_GROW,3,0
2026-02-17T17:45:53.081Z,50,120,19.96,50,SMART_GROW,2,0
2026-02-17T17:45:53.131Z,50,124,19.47,50,SMART_GROW,2,0
2026-02-17T17:45:53.182Z,50,126,20.18,50,SMART_GROW,3,0
2026-02-17T17:45:53.232Z,50,126,19.44,50,SMART_GROW,2,0
2026-02-17T17:45:53.283Z,50,124,20.32,50,SMART_GROW,2,0
2026-02-17T17:45:53.334Z,50,125,20.96,50,SMART_GROW,1,0
2026-02-17T17:45:53.384Z,50,126,20.36,50,SMART_GROW,0,0
2026-02-17T17:45:53.435Z,50,126,20.13,50,SMART_GROW,0,0
2026-02-17T17:45:53.486Z,50,124,20.00,50,SMART_GROW,2,0
2026-02-17T17:45:53.536Z,50,122,19.73,50,SMART_GROW,2,0
2026-02-17T17:45:53.586Z,50,120,19.75,50,SMART_GROW,2,0
2026-02-17T17:45:53.636Z,50,117,19.52,50,SMART_GROW,3,0
2026-02-17T17:45:53.686Z,50,117,20.14,50,SMART_GROW,1,0
2026-02-17T17:45:53.737Z,50,117,20.47,50,SMART_GROW,2,0
2026-02-17T17:45:53.787Z,50,114,20.37,50,SMART_GROW,3,0
2026-02-17T17:45:53.838Z,50,109,20.09,50,SMART_GROW,5,0
2026-02-17T17:45:53.889Z,50,105,19.49,50,SMART_GROW,7,0
2026-02-17T17:45:53.939Z,50,101,19.80,50,SMART_GROW,6,0
2026-02-17T17:45:53.990Z,50,95,20.45,50,SMART_GROW,7,0
2026-02-17T17:45:54.040Z,50,93,21.41,50,SMART_GROW,5,0
2026-02-17T17:45:54.090Z,50,93,20.15,50,SMART_GROW,2,0
2026-02-17T17:45:54.141Z,50,94,19.59,50,SMART_GROW,2,0
2026-02-17T17:45:54.192Z,50,94,20.02,50,SMART_GROW,3,0
2026-02-17T17:45:54.241Z,50,94,20.59,50,SMART_GROW,1,0
2026-02-17T17:45:54.292Z,50,94,19.86,50,SMART_GROW,3,0
2026-02-17T17:45:54.342Z,50,92,19.80,50,SMART_GROW,2,0
2026-02-17T17:45:54.392Z,50,91,19.91,50,SMART_GROW,1,0
2026-02-17T17:45:54.442Z,50,91,20.11,50,SMART_GROW,0,0
2026-02-17T17:45:54.492Z,50,93,20.00,50,SMART_GROW,0,0
2026-02-17T17:45:54.543Z,50,95,20.16,50,SMART_GROW,0,0
2026-02-17T17:45:54.593Z,50,97,19.88,50,SMART_GROW,0,0
2026-02-17T17:45:54.643Z,50,99,19.96,50,SMART_GROW,1,0
2026-02-17T17:45:54.693Z,50,97,19.93,50,SMART_GROW,3,0
2026-02-17T17:45:54.742Z,50,94,19.73,50,SMART_GROW,5,0
2026-02-17T17:45:54.793Z,50,90,20.68,50,SMART_GROW,5,0
2026-02-17T17:45:54.842Z,50,88,19.91,50,SMART_GROW,6,0
2026-02-17T17:45:54.893Z,50,93,19.85,50,SMART_GROW,5,0
2026-02-17T17:45:54.943Z,50,96,20.72,50,SMART_GROW,3,0
2026-02-17T17:45:54.993Z,50,101,20.49,50,SMART_GROW,2,0
2026-02-17T17:45:55.043Z,50,101,19.96,50,SMART_GROW,5,0
2026-02-17T17:45:55.093Z,50,99,20.11,50,SMART_GROW,4,0
2026-02-17T17:45:55.143Z,50,97,19.62,50,SMART_GROW,4,0
2026-02-17T17:45:55.193Z,50,98,20.05,50,SMART_GROW,2,0
2026-02-17T17:45:55.243Z,50,97,20.08,50,SMART_GROW,2,0
2026-02-17T17:45:55.293Z,50,97,20.36,50,SMART_GROW,2,0
2026-02-17T17:45:55.343Z,50,100,20.08,50,SMART_GROW,0,0
2026-02-17T17:45:55.393Z,50,101,19.91,50,SMART_GROW,0,0
2026-02-17T17:45:55.443Z,50,101,20.16,50,SMART_GROW,0,0
2026-02-17T17:45:55.493Z,50,99,19.81,50,SMART_GROW,2,0
2026-02-17T17:45:55.543Z,50,97,20.47,50,SMART_GROW,2,0
2026-02-17T17:45:55.593Z,50,96,20.23,50,SMART_GROW,1,0
2026-02-17T17:45:55.644Z,50,92,19.93,50,SMART_GROW,5,0
2026-02-17T17:45:55.693Z,50,90,20.23,50,SMART_GROW,5,0
2026-02-17T17:45:55.744Z,50,90,20.72,50,SMART_GROW,5,0
2026-02-17T17:45:55.794Z,50,91,19.87,50,SMART_GROW,4,0
2026-02-17T17:45:55.844Z,50,93,19.88,50,SMART_GROW,4,0
2026-02-17T17:45:55.894Z,50,95,19.91,50,SMART_GROW,3,0
2026-02-17T17:45:55.944Z,50,97,20.13,50,SMART_GROW,1,0
2026-02-17T17:45:55.994Z,50,99,20.40,50,SMART_GROW,0,0
2026-02-17T17:45:56.045Z,50,102,20.03,50,SMART_GROW,1,0
2026-02-17T17:45:56.095Z,50,105,20.11,50,SMART_GROW,2,0
2026-02-17T17:45:56.146Z,50,109,20.50,50,SMART_GROW,0,0
2026-02-17T17:45:56.196Z,50,111,20.29,50,SMART_GROW,0,0
2026-02-17T17:45:56.245Z,50,113,20.82,50,SMART_GROW,0,0
2026-02-17T17:45:56.295Z,50,114,19.82,50,SMART_GROW,1,0
2026-02-17T17:45:56.346Z,50,112,19.80,50,SMART_GROW,2,0
2026-02-17T17:45:56.396Z,50,112,20.20,50,SMART_GROW,0,0
2026-02-17T17:45:56.446Z,50,112,20.26,50,SMART_GROW,0,0
2026-02-17T17:45:56.496Z,50,111,19.96,50,SMART_GROW,3,0
2026-02-17T17:45:56.545Z,50,110,19.87,50,SMART_GROW,3,0
2026-02-17T17:45:56.595Z,50,109,20.47,50,SMART_GROW,2,0
2026-02-17T17:45:56.646Z,50,114,20.21,50,SMART_GROW,0,0
2026-02-17T17:45:56.696Z,50,119,20.30,50,SMART_GROW,0,0
2026-02-17T17:45:56.746Z,50,124,20.28,50,SMART_GROW,0,0
2026-02-17T17:45:56.795Z,50,128,20.28,50,SMART_GROW,0,0
2026-02-17T17:45:56.846Z,50,132,19.86,50,SMART_GROW,0,0
2026-02-17T17:45:56.895Z,50,132,20.83,50,SMART_GROW,3,0
2026-02-17T17:45:56.946Z,50,128,20.01,50,SMART_GROW,5,0
2026-02-17T17:45:56.996Z,50,124,19.95,50,SMART_GROW,4,0
2026-02-17T17:45:57.047Z,50,125,19.83,50,SMART_GROW,0,0
2026-02-17T17:45:57.097Z,50,127,20.36,50,SMART_GROW,0,0
2026-02-17T17:45:57.147Z,50,127,20.23,50,SMART_GROW,0,0
2026-02-17T17:45:57.196Z,50,125,20.23,50,SMART_GROW,2,0
2026-02-17T17:45:57.247Z,50,124,20.23,50,SMART_GROW,1,0
2026-02-17T17:45:57.296Z,50,123,20.68,50,SMART_GROW,2,0
2026-02-17T17:45:57.346Z,50,125,20.23,50,SMART_GROW,0,0
2026-02-17T17:45:57.396Z,50,121,19.77,50,SMART_GROW,4,0
2026-02-17T17:45:57.447Z,50,117,20.14,50,SMART_GROW,4,0
2026-02-17T17:45:57.498Z,50,119,20.31,50,SMART_GROW,1,0
2026-02-17T17:45:57.548Z,50,122,20.48,50,SMART_GROW,0,0
2026-02-17T17:45:57.598Z,50,124,20.62,50,SMART_GROW,0,0
2026-02-17T17:45:57.649Z,50,124,20.23,50,SMART_GROW,0,0
2026-02-17T17:45:57.699Z,50,124,20.31,50,SMART_GROW,0,0
2026-02-17T17:45:57.749Z,50,124,20.25,50,SMART_GROW,0,0
2026-02-17T17:45:57.798Z,50,124,20.14,50,SMART_GROW,0,0
2026-02-17T17:45:57.849Z,50,124,19.93,50,SMART_GROW,0,0
2026-02-17T17:45:57.899Z,50,125,21.39,50,SMART_GROW,2,0
2026-02-17T17:45:57.949Z,50,127,19.88,50,SMART_GROW,3,0
2026-02-17T17:45:57.999Z,50,127,20.68,50,SMART_GROW,4,0
2026-02-17T17:45:58.049Z,50,123,21.09,50,SMART_GROW,4,0
2026-02-17T17:45:58.099Z,50,119,20.08,50,SMART_GROW,4,0
2026-02-17T17:45:58.149Z,50,117,20.05,50,SMART_GROW,2,0
2026-02-17T17:45:58.199Z,50,117,20.24,50,SMART_GROW,2,0
2026-02-17T17:45:58.249Z,50,112,20.47,50,SMART_GROW,6,0
2026-02-17T17:45:58.299Z,50,107,20.22,50,SMART_GROW,7,0
2026-02-17T17:45:58.349Z,50,106,20.13,50,SMART_GROW,1,0
2026-02-17T17:45:58.398Z,50,110,19.86,50,SMART_GROW,0,0
2026-02-17T17:45:58.449Z,50,114,20.08,50,SMART_GROW,0,0
2026-02-17T17:45:58.499Z,50,115,19.92,50,SMART_GROW,0,0
2026-02-17T17:45:58.549Z,50,115,20.14,50,SMART_GROW,0,0
2026-02-17T17:45:58.599Z,50,115,20.31,50,SMART_GROW,0,0
2026-02-17T17:45:58.648Z,50,115,20.13,50,SMART_GROW,0,0
2026-02-17T17:45:58.698Z,50,115,20.15,50,SMART_GROW,0,0
2026-02-17T17:45:58.749Z,50,115,20.18,50,SMART_GROW,0,0
2026-02-17T17:45:58.799Z,50,114,19.96,50,SMART_GROW,1,0
2026-02-17T17:45:58.850Z,50,113,20.11,50,SMART_GROW,1,0
2026-02-17T17:45:58.899Z,50,115,20.09,50,SMART_GROW,0,0
2026-02-17T17:45:58.950Z,50,118,20.13,50,SMART_GROW,0,0
2026-02-17T17:45:59.000Z,50,120,19.94,50,SMART_GROW,2,0
2026-02-17T17:45:59.049Z,50,118,21.01,50,SMART_GROW,6,0
2026-02-17T17:45:59.100Z,50,115,20.74,50,SMART_GROW,6,0
2026-02-17T17:45:59.151Z,50,115,21.24,50,SMART_GROW,3,0
2026-02-17T17:45:59.201Z,50,115,20.20,50,SMART_GROW,2,0
2026-02-17T17:45:59.251Z,50,119,19.65,50,SMART_GROW,2,0
2026-02-17T17:45:59.301Z,50,122,20.18,50,SMART_GROW,4,0
2026-02-17T17:45:59.351Z,50,121,20.08,50,SMART_GROW,2,0
2026-02-17T17:45:59.402Z,50,121,20.14,50,SMART_GROW,0,0
2026-02-17T17:45:59.452Z,50,121,20.29,50,SMART_GROW,0,0
2026-02-17T17:45:59.501Z,50,121,20.14,50,SMART_GROW,0,0
2026-02-17T17:45:59.552Z,50,121,20.21,50,SMART_GROW,0,0
2026-02-17T17:45:59.603Z,50,120,20.13,50,SMART_GROW,1,0
2026-02-17T17:45:59.653Z,50,118,20.01,50,SMART_GROW,2,0
2026-02-17T17:45:59.702Z,50,116,19.91,50,SMART_GROW,2,0
2026-02-17T17:45:59.753Z,50,114,20.54,50,SMART_GROW,2,0
2026-02-17T17:45:59.802Z,50,114,20.34,50,SMART_GROW,1,0
2026-02-17T17:45:59.853Z,50,114,19.78,50,SMART_GROW,1,0
2026-02-17T17:45:59.903Z,50,112,20.03,50,SMART_GROW,2,0
2026-02-17T17:45:59.954Z,50,106,20.45,50,SMART_GROW,6,0
2026-02-17T17:46:00.004Z,50,100,20.64,50,SMART_GROW,8,0
2026-02-17T17:46:00.055Z,50,101,20.20,50,SMART_GROW,6,0
2026-02-17T17:46:00.104Z,50,103,20.00,50,SMART_GROW,3,0
2026-02-17T17:46:00.155Z,50,103,19.68,50,SMART_GROW,3,0
2026-02-17T17:46:00.205Z,50,103,20.13,50,SMART_GROW,2,0
2026-02-17T17:46:00.255Z,50,103,20.28,50,SMART_GROW,2,0
2026-02-17T17:46:00.305Z,50,104,20.68,50,SMART_GROW,3,0
2026-02-17T17:46:00.355Z,50,104,20.47,50,SMART_GROW,2,0
2026-02-17T17:46:00.405Z,50,102,20.75,50,SMART_GROW,2,0
2026-02-17T17:46:00.455Z,50,100,20.14,50,SMART_GROW,2,0
2026-02-17T17:46:00.505Z,50,96,20.44,50,SMART_GROW,4,0
2026-02-17T17:46:00.555Z,50,92,20.10,50,SMART_GROW,4,0
2026-02-17T17:46:00.605Z,50,93,20.14,50,SMART_GROW,0,0
2026-02-17T17:46:00.656Z,50,95,19.93,50,SMART_GROW,0,0
2026-02-17T17:46:00.705Z,50,97,20.14,50,SMART_GROW,0,0
2026-02-17T17:46:00.756Z,50,97,20.08,50,SMART_GROW,2,0
2026-02-17T17:46:00.806Z,50,96,20.16,50,SMART_GROW,2,0
2026-02-17T17:46:00.856Z,50,94,20.46,50,SMART_GROW,3,0
2026-02-17T17:46:00.906Z,50,94,20.64,50,SMART_GROW,2,0
2026-02-17T17:46:00.956Z,50,98,20.59,50,SMART_GROW,2,0
2026-02-17T17:46:01.006Z,50,104,20.62,50,SMART_GROW,3,0
2026-02-17T17:46:01.056Z,50,106,20.34,50,SMART_GROW,3,0
2026-02-17T17:46:01.106Z,50,105,19.59,50,SMART_GROW,4,0
2026-02-17T17:46:01.157Z,50,103,20.06,50,SMART_GROW,5,0
2026-02-17T17:46:01.207Z,50,103,19.75,50,SMART_GROW,2,0
2026-02-17T17:46:01.257Z,50,103,20.30,50,SMART_GROW,2,0
2026-02-17T17:46:01.307Z,50,105,20.44,50,SMART_GROW,1,0
2026-02-17T17:46:01.356Z,50,106,20.42,50,SMART_GROW,1,0
2026-02-17T17:46:01.406Z,50,104,19.72,50,SMART_GROW,4,0
2026-02-17T17:46:01.457Z,50,102,20.21,50,SMART_GROW,4,0
2026-02-17T17:46:01.507Z,50,103,20.33,50,SMART_GROW,3,0
2026-02-17T17:46:01.556Z,50,107,20.42,50,SMART_GROW,0,0
2026-02-17T17:46:01.607Z,50,107,20.15,50,SMART_GROW,0,0
2026-02-17T17:46:01.656Z,50,104,20.82,50,SMART_GROW,3,0
2026-02-17T17:46:01.707Z,50,100,20.05,50,SMART_GROW,4,0
2026-02-17T17:46:01.756Z,50,99,19.46,50,SMART_GROW,3,0
2026-02-17T17:46:01.806Z,50,98,21.04,50,SMART_GROW,3,0
2026-02-17T17:46:01.856Z,50,99,20.11,50,SMART_GROW,2,0
2026-02-17T17:46:01.907Z,50,99,20.25,50,SMART_GROW,2,0
2026-02-17T17:46:01.958Z,50,99,20.05,50,SMART_GROW,2,0
2026-02-17T17:46:02.009Z,50,100,19.79,50,SMART_GROW,2,0
2026-02-17T17:46:02.059Z,50,99,20.05,50,SMART_GROW,4,0
2026-02-17T17:46:02.109Z,50,101,20.59,50,SMART_GROW,2,0
2026-02-17T17:46:02.158Z,50,103,19.95,50,SMART_GROW,3,0
2026-02-17T17:46:02.209Z,50,105,20.23,50,SMART_GROW,0,0
2026-02-17T17:46:02.260Z,50,105,19.60,50,SMART_GROW,2,0
2026-02-17T17:46:02.310Z,50,106,20.38,50,SMART_GROW,0,0
2026-02-17T17:46:02.360Z,50,107,20.14,50,SMART_GROW,0,0
2026-02-17T17:46:02.411Z,50,111,19.90,50,SMART_GROW,0,0
2026-02-17T17:46:02.460Z,50,116,20.65,50,SMART_GROW,0,0
2026-02-17T17:46:02.510Z,50,115,20.11,50,SMART_GROW,3,0
2026-02-17T17:46:02.560Z,50,109,20.41,50,SMART_GROW,6,0
2026-02-17T17:46:02.611Z,50,104,19.96,50,SMART_GROW,5,0
2026-02-17T17:46:02.662Z,50,102,20.13,50,SMART_GROW,5,0
2026-02-17T17:46:02.712Z,50,104,19.96,50,SMART_GROW,2,0
2026-02-17T17:46:02.762Z,50,106,20.26,50,SMART_GROW,2,0
2026-02-17T17:46:02.813Z,50,105,20.81,50,SMART_GROW,3,0
2026-02-17T17:46:02.863Z,50,105,20.36,50,SMART_GROW,2,0
2026-02-17T17:46:02.913Z,50,105,19.74,50,SMART_GROW,2,0
2026-02-17T17:46:02.963Z,50,105,20.90,50,SMART_GROW,2,0
2026-02-17T17:46:03.013Z,50,106,19.92,50,SMART_GROW,1,0
2026-02-17T17:46:03.062Z,50,110,19.62,50,SMART_GROW,0,0
2026-02-17T17:46:03.113Z,50,112,19.91,50,SMART_GROW,0,0
2026-02-17T17:46:03.163Z,50,113,21.19,50,SMART_GROW,2,0
2026-02-17T17:46:03.212Z,50,111,19.66,50,SMART_GROW,2,0
2026-02-17T17:46:03.263Z,50,111,19.59,50,SMART_GROW,2,0
2026-02-17T17:46:03.312Z,50,109,19.97,50,SMART_GROW,2,0
2026-02-17T17:46:03.363Z,50,104,20.90,50,SMART_GROW,5,0
2026-02-17T17:46:03.413Z,50,99,19.83,50,SMART_GROW,5,0
2026-02-17T17:46:03.463Z,50,94,20.41,50,SMART_GROW,5,0
2026-02-17T17:46:03.515Z,50,90,20.93,50,SMART_GROW,5,0
2026-02-17T17:46:03.565Z,50,87,20.19,50,SMART_GROW,5,0
2026-02-17T17:46:03.615Z,50,92,20.28,50,SMART_GROW,6,0
2026-02-17T17:46:03.665Z,50,92,20.56,50,SMART_GROW,5,0
2026-02-17T17:46:03.715Z,50,92,20.24,50,SMART_GROW,2,0
2026-02-17T17:46:03.765Z,50,92,20.37,50,SMART_GROW,2,0
2026-02-17T17:46:03.815Z,50,95,20.19,50,SMART_GROW,0,0
2026-02-17T17:46:03.866Z,50,97,20.32,50,SMART_GROW,0,0
2026-02-17T17:46:03.916Z,50,99,19.70,50,SMART_GROW,0,0
2026-02-17T17:46:03.966Z,50,101,20.87,50,SMART_GROW,0,0
2026-02-17T17:46:04.017Z,50,102,20.36,50,SMART_GROW,0,0
2026-02-17T17:46:04.067Z,50,100,19.73,50,SMART_GROW,2,0
2026-02-17T17:46:04.117Z,50,97,20.44,50,SMART_GROW,3,0
2026-02-17T17:46:04.167Z,50,94,20.37,50,SMART_GROW,5,0
2026-02-17T17:46:04.218Z,50,94,20.05,50,SMART_GROW,2,0
2026-02-17T17:46:04.268Z,50,94,20.09,50,SMART_GROW,2,0
2026-02-17T17:46:04.319Z,50,95,19.85,50,SMART_GROW,2,0
2026-02-17T17:46:04.369Z,50,97,20.46,50,SMART_GROW,2,0
2026-02-17T17:46:04.419Z,50,99,20.80,50,SMART_GROW,3,0
2026-02-17T17:46:04.469Z,50,105,19.99,50,SMART_GROW,0,0
2026-02-17T17:46:04.520Z,50,105,20.54,50,SMART_GROW,2,0
2026-02-17T17:46:04.569Z,50,110,20.36,50,SMART_GROW,0,0
2026-02-17T17:46:04.619Z,50,117,21.57,50,SMART_GROW,2,0
2026-02-17T17:46:04.670Z,50,118,20.23,50,SMART_GROW,3,0
2026-02-17T17:46:04.720Z,50,117,22.29,50,SMART_GROW,3,0
2026-02-17T17:46:04.771Z,50,117,20.28,50,SMART_GROW,2,0
2026-02-17T17:46:04.821Z,50,115,20.46,50,SMART_GROW,2,0
2026-02-17T17:46:04.872Z,50,115,20.36,50,SMART_GROW,0,0
2026-02-17T17:46:04.923Z,50,115,20.15,50,SMART_GROW,0,0
2026-02-17T17:46:04.973Z,50,115,20.37,50,SMART_GROW,0,0
2026-02-17T17:46:05.022Z,50,114,20.48,50,SMART_GROW,1,0
2026-02-17T17:46:05.073Z,50,114,19.31,50,SMART_GROW,2,0
2026-02-17T17:46:05.124Z,50,115,20.31,50,SMART_GROW,3,0
2026-02-17T17:46:05.174Z,50,119,19.47,50,SMART_GROW,1,0
2026-02-17T17:46:05.226Z,50,115,20.79,50,SMART_GROW,5,0
2026-02-17T17:46:05.278Z,50,113,20.03,50,SMART_GROW,4,0
2026-02-17T17:46:05.328Z,50,111,20.56,50,SMART_GROW,5,0
2026-02-17T17:46:05.377Z,50,111,20.44,50,SMART_GROW,2,0
2026-02-17T17:46:05.428Z,50,111,20.15,50,SMART_GROW,2,0
2026-02-17T17:46:05.478Z,50,107,20.93,50,SMART_GROW,4,0
2026-02-17T17:46:05.528Z,50,105,20.44,50,SMART_GROW,4,0
2026-02-17T17:46:05.578Z,50,103,20.39,50,SMART_GROW,2,0
2026-02-17T17:46:05.627Z,50,104,20.04,50,SMART_GROW,1,0
2026-02-17T17:46:05.678Z,50,103,19.78,50,SMART_GROW,4,0
2026-02-17T17:46:05.728Z,50,102,20.11,50,SMART_GROW,4,0
2026-02-17T17:46:05.778Z,50,101,20.29,50,SMART_GROW,3,0
2026-02-17T17:46:05.828Z,50,101,20.20,50,SMART_GROW,2,0
2026-02-17T17:46:05.877Z,50,98,19.77,50,SMART_GROW,3,0
2026-02-17T17:46:05.927Z,50,98,20.14,50,SMART_GROW,0,0
2026-02-17T17:46:05.978Z,50,98,20.37,50,SMART_GROW,0,0
2026-02-17T17:46:06.028Z,50,97,20.17,50,SMART_GROW,2,0
2026-02-17T17:46:06.078Z,50,97,20.34,50,SMART_GROW,2,0
2026-02-17T17:46:06.129Z,50,97,20.73,50,SMART_GROW,3,0
2026-02-17T17:46:06.179Z,50,94,19.95,50,SMART_GROW,4,0
2026-02-17T17:46:06.228Z,50,96,19.86,50,SMART_GROW,3,0
2026-02-17T17:46:06.279Z,50,94,20.72,50,SMART_GROW,6,0
2026-02-17T17:46:06.330Z,50,96,20.04,50,SMART_GROW,2,0
2026-02-17T17:46:06.380Z,50,96,19.47,50,SMART_GROW,3,0
2026-02-17T17:46:06.429Z,50,96,20.44,50,SMART_GROW,2,0
2026-02-17T17:46:06.480Z,50,98,19.73,50,SMART_GROW,2,0
2026-02-17T17:46:06.529Z,50,101,20.02,50,SMART_GROW,1,0
2026-02-17T17:46:06.580Z,50,102,20.46,50,SMART_GROW,1,0
2026-02-17T17:46:06.631Z,50,103,20.24,50,SMART_GROW,0,0
2026-02-17T17:46:06.681Z,50,107,20.55,50,SMART_GROW,0,0
2026-02-17T17:46:06.731Z,50,111,20.34,50,SMART_GROW,0,0
2026-02-17T17:46:06.781Z,50,114,20.40,50,SMART_GROW,0,0
2026-02-17T17:46:06.830Z,50,116,20.42,50,SMART_GROW,0,0
2026-02-17T17:46:06.881Z,50,119,20.34,50,SMART_GROW,0,0
2026-02-17T17:46:06.932Z,50,119,20.14,50,SMART_GROW,0,0
2026-02-17T17:46:06.982Z,50,118,20.22,50,SMART_GROW,1,0
2026-02-17T17:46:07.032Z,50,116,20.03,50,SMART_GROW,4,0
2026-02-17T17:46:07.083Z,50,114,20.18,50,SMART_GROW,4,0
2026-02-17T17:46:07.133Z,50,113,19.69,50,SMART_GROW,4,0
2026-02-17T17:46:07.185Z,50,107,19.24,50,SMART_GROW,10,0
2026-02-17T17:46:07.235Z,50,102,20.46,50,SMART_GROW,8,0
2026-02-17T17:46:07.286Z,50,108,19.54,50,SMART_GROW,1,0
2026-02-17T17:46:07.336Z,50,108,20.41,50,SMART_GROW,2,0
2026-02-17T17:46:07.386Z,50,108,20.32,50,SMART_GROW,2,0
2026-02-17T17:46:07.436Z,50,108,20.23,50,SMART_GROW,2,0
2026-02-17T17:46:07.486Z,50,108,19.99,50,SMART_GROW,2,0
2026-02-17T17:46:07.536Z,50,107,19.34,50,SMART_GROW,2,0
2026-02-17T17:46:07.586Z,50,101,19.87,50,SMART_GROW,7,0
2026-02-17T17:46:07.637Z,50,98,20.24,50,SMART_GROW,3,0
2026-02-17T17:46:07.688Z,50,96,20.16,50,SMART_GROW,2,0
2026-02-17T17:46:07.737Z,50,95,20.98,50,SMART_GROW,1,0
2026-02-17T17:46:07.788Z,50,93,19.97,50,SMART_GROW,2,0
2026-02-17T17:46:07.838Z,50,92,20.13,50,SMART_GROW,1,0
2026-02-17T17:46:07.888Z,50,92,20.19,50,SMART_GROW,0,0
2026-02-17T17:46:07.938Z,50,92,20.65,50,SMART_GROW,0,0
2026-02-17T17:46:07.989Z,50,92,20.31,50,SMART_GROW,1,0
2026-02-17T17:46:08.039Z,50,95,19.78,50,SMART_GROW,1,0
2026-02-17T17:46:08.089Z,50,97,20.37,50,SMART_GROW,2,0
2026-02-17T17:46:08.139Z,50,100,19.71,50,SMART_GROW,2,0
2026-02-17T17:46:08.190Z,50,105,20.05,50,SMART_GROW,5,0
2026-02-17T17:46:08.241Z,50,106,20.32,50,SMART_GROW,6,0
2026-02-17T17:46:08.291Z,50,100,20.83,50,SMART_GROW,7,0
2026-02-17T17:46:08.342Z,50,95,20.01,50,SMART_GROW,7,0
2026-02-17T17:46:08.392Z,50,89,20.07,50,SMART_GROW,8,0
2026-02-17T17:46:08.442Z,50,85,19.87,50,SMART_GROW,6,0
2026-02-17T17:46:08.492Z,50,82,20.08,50,SMART_GROW,5,0
2026-02-17T17:46:08.543Z,50,82,20.25,50,SMART_GROW,4,0
2026-02-17T17:46:08.594Z,50,85,21.27,50,SMART_GROW,2,0
2026-02-17T17:46:08.643Z,50,86,20.05,50,SMART_GROW,2,0
2026-02-17T17:46:08.693Z,50,86,19.88,50,SMART_GROW,2,0
2026-02-17T17:46:08.743Z,50,84,20.01,50,SMART_GROW,3,0
2026-02-17T17:46:08.794Z,50,85,20.02,50,SMART_GROW,2,0
2026-02-17T17:46:08.845Z,50,82,20.01,50,SMART_GROW,3,0
2026-02-17T17:46:08.895Z,50,78,20.34,50,SMART_GROW,4,0
2026-02-17T17:46:08.945Z,50,73,20.30,50,SMART_GROW,5,0
2026-02-17T17:46:08.995Z,50,73,20.13,50,SMART_GROW,1,0
2026-02-17T17:46:09.046Z,50,74,20.16,50,SMART_GROW,0,0
2026-02-17T17:46:09.096Z,50,76,20.37,50,SMART_GROW,0,0
2026-02-17T17:46:09.145Z,50,79,19.60,50,SMART_GROW,0,0
2026-02-17T17:46:09.196Z,50,83,20.19,50,SMART_GROW,1,0
2026-02-17T17:46:09.246Z,50,85,20.47,50,SMART_GROW,3,0
2026-02-17T17:46:09.296Z,50,89,20.06,50,SMART_GROW,3,0
2026-02-17T17:46:09.346Z,50,95,20.70,50,SMART_GROW,2,0
2026-02-17T17:46:09.396Z,50,101,20.12,50,SMART_GROW,2,0
2026-02-17T17:46:09.445Z,50,106,20.55,50,SMART_GROW,0,0
2026-02-17T17:46:09.496Z,50,112,19.90,50,SMART_GROW,0,0
2026-02-17T17:46:09.546Z,50,114,20.18,50,SMART_GROW,1,0
2026-02-17T17:46:09.597Z,50,116,19.99,50,SMART_GROW,0,0
2026-02-17T17:46:09.646Z,50,118,19.77,50,SMART_GROW,0,0
2026-02-17T17:46:09.697Z,50,120,20.19,50,SMART_GROW,0,0
2026-02-17T17:46:09.746Z,50,119,20.01,50,SMART_GROW,4,0
2026-02-17T17:46:09.796Z,50,119,20.23,50,SMART_GROW,2,0
2026-02-17T17:46:09.847Z,50,118,19.88,50,SMART_GROW,4,0
2026-02-17T17:46:09.898Z,50,118,20.20,50,SMART_GROW,4,0
2026-02-17T17:46:09.949Z,50,119,20.53,50,SMART_GROW,4,0
2026-02-17T17:46:10.000Z,50,116,20.50,50,SMART_GROW,4,0
2026-02-17T17:46:10.049Z,50,110,20.09,50,SMART_GROW,6,0
2026-02-17T17:46:10.100Z,50,106,19.80,50,SMART_GROW,4,0
2026-02-17T17:46:10.150Z,50,101,20.24,50,SMART_GROW,5,0
2026-02-17T17:46:10.200Z,50,100,20.11,50,SMART_GROW,2,0
2026-02-17T17:46:10.250Z,50,102,20.14,50,SMART_GROW,1,0
2026-02-17T17:46:10.300Z,50,104,20.22,50,SMART_GROW,1,0
2026-02-17T17:46:10.350Z,50,105,19.91,50,SMART_GROW,1,0
2026-02-17T17:46:10.400Z,50,107,20.28,50,SMART_GROW,0,0
2026-02-17T17:46:10.451Z,50,107,20.13,50,SMART_GROW,0,0
2026-02-17T17:46:10.501Z,50,105,20.36,50,SMART_GROW,2,0
2026-02-17T17:46:10.551Z,50,106,20.13,50,SMART_GROW,0,0
2026-02-17T17:46:10.601Z,50,105,19.72,50,SMART_GROW,1,0
2026-02-17T17:46:10.651Z,50,104,20.65,50,SMART_GROW,1,0
2026-02-17T17:46:10.700Z,50,102,20.31,50,SMART_GROW,2,0
2026-02-17T17:46:10.751Z,50,103,19.69,50,SMART_GROW,3,0
2026-02-17T17:46:10.801Z,50,104,19.82,50,SMART_GROW,1,0
2026-02-17T17:46:10.850Z,50,107,20.01,50,SMART_GROW,1,0
2026-02-17T17:46:10.901Z,50,110,20.80,50,SMART_GROW,1,0
2026-02-17T17:46:10.952Z,50,111,20.03,50,SMART_GROW,3,0
2026-02-17T17:46:11.002Z,50,111,19.55,50,SMART_GROW,4,0
2026-02-17T17:46:11.052Z,50,112,20.47,50,SMART_GROW,3,0
2026-02-17T17:46:11.102Z,50,115,20.28,50,SMART_GROW,3,0
2026-02-17T17:46:11.152Z,50,119,19.32,50,SMART_GROW,1,0
2026-02-17T17:46:11.202Z,50,121,20.84,50,SMART_GROW,0,0
2026-02-17T17:46:11.253Z,50,122,20.14,50,SMART_GROW,0,0
2026-02-17T17:46:11.302Z,50,121,19.73,50,SMART_GROW,2,0
2026-02-17T17:46:11.353Z,50,120,20.00,50,SMART_GROW,2,0
2026-02-17T17:46:11.404Z,50,116,20.80,50,SMART_GROW,4,0
2026-02-17T17:46:11.454Z,50,113,19.51,50,SMART_GROW,3,0
2026-02-17T17:46:11.504Z,50,111,20.09,50,SMART_GROW,4,0
2026-02-17T17:46:11.554Z,50,107,19.03,50,SMART_GROW,4,0
2026-02-17T17:46:11.604Z,50,105,20.11,50,SMART_GROW,3,0
2026-02-17T17:46:11.655Z,50,100,20.32,50,SMART_GROW,6,0
2026-02-17T17:46:11.705Z,50,95,19.78,50,SMART_GROW,7,0
2026-02-17T17:46:11.755Z,50,90,19.77,50,SMART_GROW,8,0
2026-02-17T17:46:11.805Z,50,87,19.78,50,SMART_GROW,4,0
2026-02-17T17:46:11.856Z,50,86,19.90,50,SMART_GROW,2,0
2026-02-17T17:46:11.906Z,50,85,20.35,50,SMART_GROW,2,0
2026-02-17T17:46:11.957Z,50,86,20.75,50,SMART_GROW,2,0
2026-02-17T17:46:12.007Z,50,85,20.04,50,SMART_GROW,5,0
2026-02-17T17:46:12.057Z,50,87,20.55,50,SMART_GROW,2,0
2026-02-17T17:46:12.107Z,50,87,19.85,50,SMART_GROW,2,0
2026-02-17T17:46:12.157Z,50,86,20.18,50,SMART_GROW,2,0
2026-02-17T17:46:12.208Z,50,84,20.03,50,SMART_GROW,2,0
2026-02-17T17:46:12.258Z,50,80,20.28,50,SMART_GROW,4,0
2026-02-17T17:46:12.308Z,50,75,20.73,50,SMART_GROW,7,0
2026-02-17T17:46:12.359Z,50,74,20.65,50,SMART_GROW,5,0
2026-02-17T17:46:12.408Z,50,72,20.11,50,SMART_GROW,4,0
2026-02-17T17:46:12.459Z,50,71,20.21,50,SMART_GROW,4,0
2026-02-17T17:46:12.508Z,50,70,20.05,50,SMART_GROW,5,0
2026-02-17T17:46:12.558Z,50,70,20.23,50,SMART_GROW,4,0
2026-02-17T17:46:12.609Z,50,69,20.60,50,SMART_GROW,4,0
2026-02-17T17:46:12.659Z,50,71,19.31,50,SMART_GROW,5,0
2026-02-17T17:46:12.709Z,50,75,19.77,50,SMART_GROW,3,0
2026-02-17T17:46:12.759Z,50,80,19.52,50,SMART_GROW,2,0
2026-02-17T17:46:12.809Z,50,82,20.07,50,SMART_GROW,2,0
2026-02-17T17:46:12.860Z,50,82,20.41,50,SMART_GROW,2,0
2026-02-17T17:46:12.909Z,50,81,20.41,50,SMART_GROW,3,0
2026-02-17T17:46:12.960Z,50,76,19.64,50,SMART_GROW,7,0
2026-02-17T17:46:13.011Z,50,76,20.09,50,SMART_GROW,5,0
2026-02-17T17:46:13.061Z,50,75,19.87,50,SMART_GROW,3,0
2026-02-17T17:46:13.111Z,50,74,20.68,50,SMART_GROW,3,0
2026-02-17T17:46:13.161Z,50,75,20.87,50,SMART_GROW,1,0
2026-02-17T17:46:13.211Z,50,77,20.49,50,SMART_GROW,0,0
2026-02-17T17:46:13.262Z,50,81,20.29,50,SMART_GROW,0,0
2026-02-17T17:46:13.312Z,50,88,20.45,50,SMART_GROW,0,0
2026-02-17T17:46:13.363Z,50,91,20.26,50,SMART_GROW,2,0
2026-02-17T17:46:13.413Z,50,93,19.94,50,SMART_GROW,2,0
2026-02-17T17:46:13.463Z,50,94,20.62,50,SMART_GROW,3,0
2026-02-17T17:46:13.512Z,50,94,20.67,50,SMART_GROW,4,0
2026-02-17T17:46:13.563Z,50,99,20.00,50,SMART_GROW,0,0
2026-02-17T17:46:13.613Z,50,103,19.72,50,SMART_GROW,0,0
2026-02-17T17:46:13.663Z,50,108,19.78,50,SMART_GROW,0,0
2026-02-17T17:46:13.714Z,50,111,20.60,50,SMART_GROW,0,0
2026-02-17T17:46:13.764Z,50,112,20.67,50,SMART_GROW,1,0
2026-02-17T17:46:13.815Z,50,114,19.85,50,SMART_GROW,0,0
2026-02-17T17:46:13.865Z,50,116,20.20,50,SMART_GROW,0,0
2026-02-17T17:46:13.915Z,50,119,20.24,50,SMART_GROW,1,0
2026-02-17T17:46:13.965Z,50,125,20.99,50,SMART_GROW,0,0
2026-02-17T17:46:14.015Z,50,128,20.82,50,SMART_GROW,2,0
2026-02-17T17:46:14.064Z,50,130,20.73,50,SMART_GROW,2,0
2026-02-17T17:46:14.115Z,50,130,20.32,50,SMART_GROW,2,0
2026-02-17T17:46:14.164Z,50,130,20.05,50,SMART_GROW,1,0
2026-02-17T17:46:14.215Z,50,130,20.16,50,SMART_GROW,0,0
2026-02-17T17:46:14.265Z,50,130,20.24,50,SMART_GROW,0,0
2026-02-17T17:46:14.315Z,50,128,19.59,50,SMART_GROW,2,0
2026-02-17T17:46:14.366Z,50,123,20.17,50,SMART_GROW,7,0
2026-02-17T17:46:14.415Z,50,117,20.77,50,SMART_GROW,8,0
2026-02-17T17:46:14.466Z,50,117,20.15,50,SMART_GROW,3,0
2026-02-17T17:46:14.516Z,50,118,20.01,50,SMART_GROW,3,0
2026-02-17T17:46:14.566Z,50,114,20.12,50,SMART_GROW,4,0
2026-02-17T17:46:14.616Z,50,110,20.05,50,SMART_GROW,4,0
2026-02-17T17:46:14.666Z,50,108,19.92,50,SMART_GROW,2,0
2026-02-17T17:46:14.717Z,50,106,20.93,50,SMART_GROW,2,0
2026-02-17T17:46:14.767Z,50,105,20.00,50,SMART_GROW,2,0
2026-02-17T17:46:14.818Z,50,103,20.83,50,SMART_GROW,2,0
2026-02-17T17:46:14.867Z,50,101,19.98,50,SMART_GROW,2,0
2026-02-17T17:46:14.917Z,50,100,19.76,50,SMART_GROW,2,0
2026-02-17T17:46:14.967Z,50,97,20.57,50,SMART_GROW,3,0
2026-02-17T17:46:15.018Z,50,97,20.41,50,SMART_GROW,2,0
2026-02-17T17:46:15.068Z,50,95,20.32,50,SMART_GROW,4,0
2026-02-17T17:46:15.118Z,50,95,19.77,50,SMART_GROW,2,0
2026-02-17T17:46:15.168Z,50,92,19.65,50,SMART_GROW,4,0
2026-02-17T17:46:15.217Z,50,90,20.09,50,SMART_GROW,2,0
2026-02-17T17:46:15.267Z,50,86,20.14,50,SMART_GROW,4,0
2026-02-17T17:46:15.318Z,50,86,20.08,50,SMART_GROW,2,0
2026-02-17T17:46:15.368Z,50,90,20.18,50,SMART_GROW,3,0
2026-02-17T17:46:15.418Z,50,94,19.82,50,SMART_GROW,4,0
2026-02-17T17:46:15.468Z,50,95,19.34,50,SMART_GROW,2,0
2026-02-17T17:46:15.518Z,50,95,19.75,50,SMART_GROW,3,0
2026-02-17T17:46:15.568Z,50,99,20.29,50,SMART_GROW,0,0
2026-02-17T17:46:15.618Z,50,103,19.81,50,SMART_GROW,0,0
2026-02-17T17:46:15.668Z,50,105,20.13,50,SMART_GROW,0,0
2026-02-17T17:46:15.719Z,50,104,19.87,50,SMART_GROW,3,0
2026-02-17T17:46:15.770Z,50,105,19.69,50,SMART_GROW,1,0
2026-02-17T17:46:15.820Z,50,105,20.30,50,SMART_GROW,2,0
2026-02-17T17:46:15.870Z,50,105,20.57,50,SMART_GROW,2,0
2026-02-17T17:46:15.920Z,50,104,21.41,50,SMART_GROW,3,0
2026-02-17T17:46:15.970Z,50,105,20.19,50,SMART_GROW,2,0
2026-02-17T17:46:16.020Z,50,106,20.16,50,SMART_GROW,1,0
2026-02-17T17:46:16.070Z,50,109,20.57,50,SMART_GROW,1,0
2026-02-17T17:46:16.121Z,50,109,20.22,50,SMART_GROW,2,0
2026-02-17T17:46:16.171Z,50,112,19.95,50,SMART_GROW,1,0
2026-02-17T17:46:16.221Z,50,111,19.66,50,SMART_GROW,3,0
2026-02-17T17:46:16.270Z,50,112,20.73,50,SMART_GROW,3,0
2026-02-17T17:46:16.321Z,50,112,20.35,50,SMART_GROW,2,0
2026-02-17T17:46:16.371Z,50,113,19.98,50,SMART_GROW,2,0
2026-02-17T17:46:16.420Z,50,117,20.26,50,SMART_GROW,0,0
2026-02-17T17:46:16.471Z,50,116,20.39,50,SMART_GROW,3,0
2026-02-17T17:46:16.521Z,50,117,20.87,50,SMART_GROW,2,0
2026-02-17T17:46:16.570Z,50,113,20.56,50,SMART_GROW,4,0
2026-02-17T17:46:16.620Z,50,110,20.31,50,SMART_GROW,3,0
2026-02-17T17:46:16.671Z,50,108,19.93,50,SMART_GROW,2,0
2026-02-17T17:46:16.720Z,50,110,20.91,50,SMART_GROW,0,0
2026-02-17T17:46:16.771Z,50,112,20.08,50,SMART_GROW,0,0
2026-02-17T17:46:16.820Z,50,114,19.85,50,SMART_GROW,0,0
2026-02-17T17:46:16.871Z,50,116,20.00,50,SMART_GROW,0,0
2026-02-17T17:46:16.921Z,50,118,20.50,50,SMART_GROW,0,0
2026-02-17T17:46:16.972Z,50,119,20.45,50,SMART_GROW,2,0
2026-02-17T17:46:17.022Z,50,118,19.70,50,SMART_GROW,2,0
2026-02-17T17:46:17.071Z,50,117,20.41,50,SMART_GROW,2,0
2026-02-17T17:46:17.122Z,50,112,20.14,50,SMART_GROW,7,0
2026-02-17T17:46:17.172Z,50,105,20.09,50,SMART_GROW,9,0
2026-02-17T17:46:17.222Z,50,97,20.11,50,SMART_GROW,10,0
2026-02-17T17:46:17.273Z,50,93,20.44,50,SMART_GROW,9,0
2026-02-17T17:46:17.325Z,50,91,19.88,50,SMART_GROW,5,0
2026-02-17T17:46:17.374Z,50,91,20.21,50,SMART_GROW,2,0
2026-02-17T17:46:17.425Z,50,87,19.49,50,SMART_GROW,4,0
2026-02-17T17:46:17.474Z,50,90,19.60,50,SMART_GROW,1,0
2026-02-17T17:46:17.524Z,50,91,20.14,50,SMART_GROW,1,0
2026-02-17T17:46:17.574Z,50,96,20.16,50,SMART_GROW,0,0
2026-02-17T17:46:17.624Z,50,99,20.19,50,SMART_GROW,0,0
2026-02-17T17:46:17.674Z,50,102,20.29,50,SMART_GROW,0,0
2026-02-17T17:46:17.725Z,50,102,20.13,50,SMART_GROW,0,0
2026-02-17T17:46:17.774Z,50,103,19.98,50,SMART_GROW,0,0
2026-02-17T17:46:17.825Z,50,103,20.25,50,SMART_GROW,0,0
2026-02-17T17:46:17.875Z,50,104,20.36,50,SMART_GROW,0,0
2026-02-17T17:46:17.924Z,50,104,20.27,50,SMART_GROW,0,0
2026-02-17T17:46:17.974Z,50,106,20.23,50,SMART_GROW,1,0
2026-02-17T17:46:18.024Z,50,102,19.85,50,SMART_GROW,6,0
2026-02-17T17:46:18.075Z,50,100,20.21,50,SMART_GROW,6,0
2026-02-17T17:46:18.125Z,50,101,20.40,50,SMART_GROW,5,0
2026-02-17T17:46:18.175Z,50,107,19.73,50,SMART_GROW,4,0
2026-02-17T17:46:18.225Z,50,114,20.33,50,SMART_GROW,3,0
2026-02-17T17:46:18.275Z,50,121,20.11,50,SMART_GROW,3,0
2026-02-17T17:46:18.326Z,50,124,20.05,50,SMART_GROW,2,0
2026-02-17T17:46:18.376Z,50,125,21.67,50,SMART_GROW,2,0
2026-02-17T17:46:18.426Z,50,126,20.02,50,SMART_GROW,3,0
2026-02-17T17:46:18.476Z,50,127,19.39,50,SMART_GROW,1,0
2026-02-17T17:46:18.527Z,50,127,20.25,50,SMART_GROW,1,0
2026-02-17T17:46:18.578Z,50,128,20.28,50,SMART_GROW,0,0
2026-02-17T17:46:18.628Z,50,128,20.26,50,SMART_GROW,0,0
2026-02-17T17:46:18.677Z,50,129,20.29,50,SMART_GROW,0,0
2026-02-17T17:46:18.727Z,50,129,20.27,50,SMART_GROW,0,0
2026-02-17T17:46:18.778Z,50,130,20.21,50,SMART_GROW,0,0
2026-02-17T17:46:18.827Z,50,129,19.96,50,SMART_GROW,1,0
2026-02-17T17:46:18.878Z,50,125,20.19,50,SMART_GROW,5,0
2026-02-17T17:46:18.928Z,50,124,19.81,50,SMART_GROW,1,0
2026-02-17T17:46:18.977Z,50,126,20.21,50,SMART_GROW,0,0
2026-02-17T17:46:19.027Z,50,131,20.67,50,SMART_GROW,1,0
2026-02-17T17:46:19.078Z,50,136,19.82,50,SMART_GROW,2,0
2026-02-17T17:46:19.128Z,50,141,20.22,50,SMART_GROW,0,0
2026-02-17T17:46:19.177Z,50,146,19.91,50,SMART_GROW,0,0
2026-02-17T17:46:19.228Z,50,148,20.12,50,SMART_GROW,1,0
2026-02-17T17:46:19.279Z,50,148,20.50,50,SMART_GROW,4,0
2026-02-17T17:46:19.330Z,50,145,20.65,50,SMART_GROW,5,0
2026-02-17T17:46:19.380Z,50,146,19.36,50,SMART_GROW,2,0
2026-02-17T17:46:19.431Z,50,147,19.77,50,SMART_GROW,2,0
2026-02-17T17:46:19.481Z,50,149,19.73,50,SMART_GROW,0,0
2026-02-17T17:46:19.530Z,50,150,19.31,50,SMART_GROW,0,0
2026-02-17T17:46:19.581Z,50,151,20.00,50,SMART_GROW,0,0
2026-02-17T17:46:19.631Z,50,151,19.46,50,SMART_GROW,0,0
2026-02-17T17:46:19.681Z,50,151,20.19,50,SMART_GROW,1,0
2026-02-17T17:46:19.731Z,50,149,20.34,50,SMART_GROW,2,0
2026-02-17T17:46:19.780Z,50,150,20.51,50,SMART_GROW,0,0
2026-02-17T17:46:19.831Z,50,151,20.41,50,SMART_GROW,0,0
2026-02-17T17:46:19.881Z,50,157,20.14,50,SMART_GROW,0,0
2026-02-17T17:46:19.932Z,50,156,20.16,50,SMART_GROW,2,0
2026-02-17T17:46:19.982Z,50,157,19.96,50,SMART_GROW,0,0
2026-02-17T17:46:20.032Z,50,159,20.90,50,SMART_GROW,0,0
2026-02-17T17:46:20.082Z,50,161,21.62,50,SMART_GROW,0,0
2026-02-17T17:46:20.132Z,50,156,20.26,50,SMART_GROW,5,0
2026-02-17T17:46:20.182Z,50,151,19.97,50,SMART_GROW,6,0
2026-02-17T17:46:20.232Z,50,145,19.42,50,SMART_GROW,7,0
2026-02-17T17:46:20.282Z,50,144,20.05,50,SMART_GROW,6,0
2026-02-17T17:46:20.332Z,50,147,19.49,50,SMART_GROW,2,0
2026-02-17T17:46:20.383Z,50,148,19.87,50,SMART_GROW,2,0
2026-02-17T17:46:20.433Z,50,147,21.14,50,SMART_GROW,3,0
2026-02-17T17:46:20.483Z,50,146,20.45,50,SMART_GROW,2,0
2026-02-17T17:46:20.534Z,50,144,20.52,50,SMART_GROW,2,0
2026-02-17T17:46:20.583Z,50,139,20.55,50,SMART_GROW,6,0
2026-02-17T17:46:20.633Z,50,135,19.54,50,SMART_GROW,4,0
2026-02-17T17:46:20.684Z,50,136,20.34,50,SMART_GROW,1,0
2026-02-17T17:46:20.734Z,50,138,19.90,50,SMART_GROW,0,0
2026-02-17T17:46:20.785Z,50,139,20.02,50,SMART_GROW,0,0
2026-02-17T17:46:20.835Z,50,138,20.55,50,SMART_GROW,1,0
2026-02-17T17:46:20.885Z,50,137,19.54,50,SMART_GROW,2,0
2026-02-17T17:46:20.935Z,50,137,19.96,50,SMART_GROW,2,0
2026-02-17T17:46:20.982Z,50,136,20.87,50,SMART_GROW,2,0
2026-02-17T17:46:21.033Z,50,132,19.97,50,SMART_GROW,4,0
2026-02-17T17:46:21.082Z,50,130,19.96,50,SMART_GROW,3,0
2026-02-17T17:46:21.132Z,50,136,19.74,50,SMART_GROW,1,0
2026-02-17T17:46:21.183Z,50,141,20.55,50,SMART_GROW,0,0
2026-02-17T17:46:21.234Z,50,149,19.97,50,SMART_GROW,0,0
2026-02-17T17:46:21.283Z,50,154,20.60,50,SMART_GROW,1,0
2026-02-17T17:46:21.333Z,50,153,20.46,50,SMART_GROW,3,0
2026-02-17T17:46:21.384Z,50,152,19.59,50,SMART_GROW,4,0
2026-02-17T17:46:21.434Z,50,148,20.05,50,SMART_GROW,7,0
2026-02-17T17:46:21.483Z,50,147,20.52,50,SMART_GROW,4,0
2026-02-17T17:46:21.534Z,50,149,19.98,50,SMART_GROW,0,0
2026-02-17T17:46:21.584Z,50,156,20.47,50,SMART_GROW,0,0
2026-02-17T17:46:21.634Z,50,160,19.63,50,SMART_GROW,0,0
2026-02-17T17:46:21.684Z,50,160,20.50,50,SMART_GROW,2,0
2026-02-17T17:46:21.734Z,50,157,20.26,50,SMART_GROW,3,0
2026-02-17T17:46:21.785Z,50,154,19.87,50,SMART_GROW,4,0
2026-02-17T17:46:21.836Z,50,153,20.55,50,SMART_GROW,2,0
2026-02-17T17:46:21.886Z,50,154,20.16,50,SMART_GROW,2,0
2026-02-17T17:46:21.937Z,50,152,20.05,50,SMART_GROW,4,0
2026-02-17T17:46:21.986Z,50,152,19.90,50,SMART_GROW,3,0
2026-02-17T17:46:22.036Z,50,154,20.35,50,SMART_GROW,2,0
2026-02-17T17:46:22.086Z,50,157,20.21,50,SMART_GROW,2,0
2026-02-17T17:46:22.137Z,50,154,20.36,50,SMART_GROW,3,0
2026-02-17T17:46:22.186Z,50,151,19.75,50,SMART_GROW,4,0
2026-02-17T17:46:22.237Z,50,146,20.54,50,SMART_GROW,5,0
2026-02-17T17:46:22.287Z,50,147,20.16,50,SMART_GROW,1,0
2026-02-17T17:46:22.338Z,50,147,20.06,50,SMART_GROW,3,0
2026-02-17T17:46:22.389Z,50,150,20.39,50,SMART_GROW,2,0
2026-02-17T17:46:22.439Z,50,153,20.28,50,SMART_GROW,4,0
2026-02-17T17:46:22.489Z,50,155,20.37,50,SMART_GROW,3,0
2026-02-17T17:46:22.539Z,50,154,20.25,50,SMART_GROW,1,0
2026-02-17T17:46:22.589Z,50,154,20.29,50,SMART_GROW,1,0
2026-02-17T17:46:22.639Z,50,154,19.76,50,SMART_GROW,0,0
2026-02-17T17:46:22.690Z,50,156,20.14,50,SMART_GROW,1,0
2026-02-17T17:46:22.739Z,50,159,20.40,50,SMART_GROW,0,0
2026-02-17T17:46:22.789Z,50,164,19.78,50,SMART_GROW,0,0
2026-02-17T17:46:22.839Z,50,166,19.69,50,SMART_GROW,0,0
2026-02-17T17:46:22.889Z,50,167,19.83,50,SMART_GROW,2,0
2026-02-17T17:46:22.939Z,50,167,20.42,50,SMART_GROW,0,0
2026-02-17T17:46:22.990Z,50,175,19.96,50,SMART_GROW,0,0
2026-02-17T17:46:23.040Z,50,177,20.00,50,SMART_GROW,0,0
2026-02-17T17:46:23.090Z,50,179,20.85,50,SMART_GROW,1,0
2026-02-17T17:46:23.140Z,50,180,19.73,50,SMART_GROW,2,0
2026-02-17T17:46:23.190Z,50,182,20.62,50,SMART_GROW,3,0
2026-02-17T17:46:23.240Z,50,183,19.91,50,SMART_GROW,4,0
2026-02-17T17:46:23.291Z,50,184,20.13,50,SMART_GROW,1,0
2026-02-17T17:46:23.340Z,50,186,20.03,50,SMART_GROW,1,0
2026-02-17T17:46:23.390Z,50,187,19.24,50,SMART_GROW,2,0
2026-02-17T17:46:23.440Z,50,188,20.95,50,SMART_GROW,3,0
2026-02-17T17:46:23.495Z,50,184,19.90,50,SMART_GROW,8,0
2026-02-17T17:46:23.548Z,50,176,21.45,50,SMART_GROW,9,0
2026-02-17T17:46:23.599Z,50,170,19.88,50,SMART_GROW,8,0
2026-02-17T17:46:23.649Z,50,164,20.47,50,SMART_GROW,7,0
2026-02-17T17:46:23.699Z,50,163,20.88,50,SMART_GROW,2,0
2026-02-17T17:46:23.749Z,50,162,20.11,50,SMART_GROW,2,0
2026-02-17T17:46:23.800Z,50,159,19.65,50,SMART_GROW,3,0
2026-02-17T17:46:23.851Z,50,159,20.07,50,SMART_GROW,2,0
2026-02-17T17:46:23.902Z,50,158,19.80,50,SMART_GROW,2,0
2026-02-17T17:46:23.952Z,50,153,20.05,50,SMART_GROW,6,0
2026-02-17T17:46:24.002Z,50,151,19.83,50,SMART_GROW,2,0
2026-02-17T17:46:24.052Z,50,150,19.87,50,SMART_GROW,2,0
2026-02-17T17:46:24.103Z,50,150,20.95,50,SMART_GROW,1,0
2026-02-17T17:46:24.152Z,50,153,20.00,50,SMART_GROW,0,0
2026-02-17T17:46:24.202Z,50,157,21.00,50,SMART_GROW,0,0
2026-02-17T17:46:24.252Z,50,155,20.35,50,SMART_GROW,6,0
2026-02-17T17:46:24.302Z,50,153,19.93,50,SMART_GROW,3,0
2026-02-17T17:46:24.353Z,50,153,19.95,50,SMART_GROW,2,0
2026-02-17T17:46:24.402Z,50,155,20.46,50,SMART_GROW,0,0
2026-02-17T17:46:24.452Z,50,159,19.81,50,SMART_GROW,3,0
2026-02-17T17:46:24.502Z,50,163,20.28,50,SMART_GROW,4,0
2026-02-17T17:46:24.552Z,50,169,20.68,50,SMART_GROW,1,0
2026-02-17T17:46:24.602Z,50,175,20.04,50,SMART_GROW,2,0
2026-02-17T17:46:24.653Z,50,182,20.32,50,SMART_GROW,1,0
2026-02-17T17:46:24.704Z,50,181,19.78,50,SMART_GROW,3,0
2026-02-17T17:46:24.753Z,50,183,20.46,50,SMART_GROW,2,0
2026-02-17T17:46:24.803Z,50,183,20.01,50,SMART_GROW,2,0
2026-02-17T17:46:24.853Z,50,186,20.13,50,SMART_GROW,0,0
2026-02-17T17:46:24.903Z,50,188,20.46,50,SMART_GROW,0,0
2026-02-17T17:46:24.953Z,50,194,20.11,50,SMART_GROW,0,0
2026-02-17T17:46:25.003Z,50,197,20.15,50,SMART_GROW,0,0
2026-02-17T17:46:25.053Z,50,200,19.77,50,SMART_GROW,0,0
2026-02-17T17:46:25.103Z,50,200,19.73,50,SMART_GROW,1,0
2026-02-17T17:46:25.153Z,50,198,20.64,50,SMART_GROW,3,0
2026-02-17T17:46:25.203Z,50,196,20.09,50,SMART_GROW,2,0
2026-02-17T17:46:25.253Z,50,199,20.16,50,SMART_GROW,4,0
2026-02-17T17:46:25.303Z,50,198,20.59,50,SMART_GROW,3,0
2026-02-17T17:46:25.353Z,50,199,19.91,50,SMART_GROW,3,0
2026-02-17T17:46:25.404Z,50,196,21.05,50,SMART_GROW,3,0
2026-02-17T17:46:25.454Z,50,200,20.03,50,SMART_GROW,0,0
2026-02-17T17:46:25.505Z,50,203,20.12,50,SMART_GROW,1,0
2026-02-17T17:46:25.555Z,50,205,20.16,50,SMART_GROW,0,0
2026-02-17T17:46:25.606Z,50,206,19.76,50,SMART_GROW,1,0
2026-02-17T17:46:25.656Z,50,206,20.19,50,SMART_GROW,2,0
2026-02-17T17:46:25.706Z,50,207,20.21,50,SMART_GROW,2,0
2026-02-17T17:46:25.756Z,50,209,20.95,50,SMART_GROW,1,0
2026-02-17T17:46:25.806Z,50,209,19.84,50,SMART_GROW,2,0
2026-02-17T17:46:25.857Z,50,208,20.60,50,SMART_GROW,2,0
2026-02-17T17:46:25.908Z,50,207,20.25,50,SMART_GROW,1,0
2026-02-17T17:46:25.959Z,50,208,20.16,50,SMART_GROW,0,0
2026-02-17T17:46:26.009Z,50,207,20.25,50,SMART_GROW,1,0
2026-02-17T17:46:26.058Z,50,204,20.77,50,SMART_GROW,4,0
2026-02-17T17:46:26.109Z,50,202,20.01,50,SMART_GROW,3,0
2026-02-17T17:46:26.159Z,50,204,20.47,50,SMART_GROW,2,0
2026-02-17T17:46:26.208Z,50,205,20.28,50,SMART_GROW,1,0
2026-02-17T17:46:26.258Z,50,208,20.44,50,SMART_GROW,2,0
2026-02-17T17:46:26.308Z,50,210,19.91,50,SMART_GROW,1,0
2026-02-17T17:46:26.358Z,50,214,20.36,50,SMART_GROW,0,0
2026-02-17T17:46:26.408Z,50,217,20.34,50,SMART_GROW,0,0
2026-02-17T17:46:26.458Z,50,218,19.77,50,SMART_GROW,0,0
2026-02-17T17:46:26.508Z,50,217,20.23,50,SMART_GROW,2,0
2026-02-17T17:46:26.558Z,50,214,20.31,50,SMART_GROW,4,0
2026-02-17T17:46:26.608Z,50,211,19.76,50,SMART_GROW,3,0
2026-02-17T17:46:26.658Z,50,213,19.51,50,SMART_GROW,2,0
2026-02-17T17:46:26.709Z,50,214,20.13,50,SMART_GROW,1,0
2026-02-17T17:46:26.760Z,50,216,20.00,50,SMART_GROW,0,0
2026-02-17T17:46:26.810Z,50,218,20.82,50,SMART_GROW,0,0
2026-02-17T17:46:26.861Z,50,221,20.60,50,SMART_GROW,0,0
2026-02-17T17:46:26.912Z,50,222,20.14,50,SMART_GROW,0,0
2026-02-17T17:46:26.961Z,50,221,19.60,50,SMART_GROW,2,0
2026-02-17T17:46:27.011Z,50,219,20.01,50,SMART_GROW,3,0
2026-02-17T17:46:27.061Z,50,224,20.26,50,SMART_GROW,0,0
2026-02-17T17:46:27.112Z,50,227,20.16,50,SMART_GROW,0,0
2026-02-17T17:46:27.162Z,50,230,19.92,50,SMART_GROW,0,0
2026-02-17T17:46:27.213Z,50,229,20.22,50,SMART_GROW,2,0
2026-02-17T17:46:27.263Z,50,230,20.70,50,SMART_GROW,2,0
2026-02-17T17:46:27.313Z,50,229,20.14,50,SMART_GROW,2,0
2026-02-17T17:46:27.364Z,50,228,19.96,50,SMART_GROW,2,0
2026-02-17T17:46:27.413Z,50,226,20.14,50,SMART_GROW,2,0
2026-02-17T17:46:27.463Z,50,224,20.46,50,SMART_GROW,3,0
2026-02-17T17:46:27.513Z,50,225,19.65,50,SMART_GROW,1,0
2026-02-17T17:46:27.563Z,50,230,19.75,50,SMART_GROW,0,0
2026-02-17T17:46:27.613Z,50,232,19.57,50,SMART_GROW,0,0
2026-02-17T17:46:27.663Z,50,236,20.28,50,SMART_GROW,0,0
2026-02-17T17:46:27.713Z,50,237,19.59,50,SMART_GROW,0,0
2026-02-17T17:46:27.764Z,50,238,20.49,50,SMART_GROW,0,0
2026-02-17T17:46:27.814Z,50,237,20.14,50,SMART_GROW,1,0
2026-02-17T17:46:27.864Z,50,237,20.52,50,SMART_GROW,1,0
2026-02-17T17:46:27.915Z,50,233,19.88,50,SMART_GROW,4,0
2026-02-17T17:46:27.964Z,50,232,19.91,50,SMART_GROW,4,0
2026-02-17T17:46:28.014Z,50,235,20.08,50,SMART_GROW,0,0
2026-02-17T17:46:28.064Z,50,236,19.73,50,SMART_GROW,0,0
2026-02-17T17:46:28.115Z,50,235,20.16,50,SMART_GROW,1,0
2026-02-17T17:46:28.165Z,50,233,20.02,50,SMART_GROW,3,0
2026-02-17T17:46:28.215Z,50,231,20.46,50,SMART_GROW,4,0
2026-02-17T17:46:28.265Z,50,230,19.78,50,SMART_GROW,4,0
2026-02-17T17:46:28.316Z,50,229,19.69,50,SMART_GROW,3,0
2026-02-17T17:46:28.365Z,50,229,20.37,50,SMART_GROW,3,0
2026-02-17T17:46:28.415Z,50,229,19.42,50,SMART_GROW,2,0
2026-02-17T17:46:28.465Z,50,230,20.04,50,SMART_GROW,3,0
2026-02-17T17:46:28.515Z,50,229,19.88,50,SMART_GROW,2,0
2026-02-17T17:46:28.565Z,50,229,20.05,50,SMART_GROW,1,0
2026-02-17T17:46:28.616Z,50,229,20.16,50,SMART_GROW,0,0
2026-02-17T17:46:28.666Z,50,230,19.89,50,SMART_GROW,0,0
2026-02-17T17:46:28.717Z,50,230,20.14,50,SMART_GROW,0,0
2026-02-17T17:46:28.768Z,50,227,20.40,50,SMART_GROW,1,0
2026-02-17T17:46:28.818Z,50,227,20.16,50,SMART_GROW,1,0
2026-02-17T17:46:28.867Z,50,229,20.03,50,SMART_GROW,0,0
2026-02-17T17:46:28.918Z,50,234,20.11,50,SMART_GROW,0,0
2026-02-17T17:46:28.968Z,50,238,19.91,50,SMART_GROW,0,0
2026-02-17T17:46:29.018Z,50,232,21.13,50,SMART_GROW,4,0
2026-02-17T17:46:29.068Z,50,227,19.78,50,SMART_GROW,6,0
2026-02-17T17:46:29.119Z,50,224,20.01,50,SMART_GROW,4,0
2026-02-17T17:46:29.170Z,50,223,19.91,50,SMART_GROW,5,0
2026-02-17T17:46:29.220Z,50,224,19.87,50,SMART_GROW,3,0
2026-02-17T17:46:29.269Z,50,227,20.89,50,SMART_GROW,2,0
2026-02-17T17:46:29.319Z,50,227,19.44,50,SMART_GROW,3,0
2026-02-17T17:46:29.369Z,50,231,20.55,50,SMART_GROW,0,0
2026-02-17T17:46:29.420Z,50,230,19.95,50,SMART_GROW,3,0
2026-02-17T17:46:29.470Z,50,232,20.43,50,SMART_GROW,2,0
2026-02-17T17:46:29.521Z,50,230,19.69,50,SMART_GROW,2,0
2026-02-17T17:46:29.571Z,50,228,20.24,50,SMART_GROW,1,0
2026-02-17T17:46:29.621Z,50,228,20.14,50,SMART_GROW,0,0
2026-02-17T17:46:29.670Z,50,212,20.88,50,SMART_GROW,2,0
2026-02-17T17:46:29.721Z,50,209,20.05,50,SMART_GROW,3,0
2026-02-17T17:46:29.771Z,50,214,19.62,50,SMART_GROW,1,0
2026-02-17T17:46:29.821Z,50,214,20.17,50,SMART_GROW,0,0
2026-02-17T17:46:29.871Z,50,215,19.72,50,SMART_GROW,0,0
2026-02-17T17:46:29.921Z,50,215,20.14,50,SMART_GROW,0,0
2026-02-17T17:46:29.971Z,50,199,20.36,50,SMART_GROW,2,0
2026-02-17T17:46:30.021Z,50,201,20.21,50,SMART_GROW,4,0
2026-02-17T17:46:30.071Z,50,204,21.24,50,SMART_GROW,4,0
2026-02-17T17:46:30.121Z,50,205,19.76,50,SMART_GROW,3,0
2026-02-17T17:46:30.172Z,50,209,20.03,50,SMART_GROW,2,0
2026-02-17T17:46:30.225Z,50,209,20.45,50,SMART_GROW,3,0
2026-02-17T17:46:30.274Z,50,211,20.62,50,SMART_GROW,2,0
2026-02-17T17:46:30.325Z,50,211,20.23,50,SMART_GROW,2,0
2026-02-17T17:46:30.375Z,50,211,21.23,50,SMART_GROW,2,0
2026-02-17T17:46:30.426Z,50,212,19.86,50,SMART_GROW,1,0
2026-02-17T17:46:30.477Z,50,215,19.96,50,SMART_GROW,0,0
2026-02-17T17:46:30.528Z,50,219,20.63,50,SMART_GROW,0,0
2026-02-17T17:46:30.579Z,50,216,21.26,50,SMART_GROW,4,0
2026-02-17T17:46:30.629Z,50,213,19.90,50,SMART_GROW,5,0
2026-02-17T17:46:30.680Z,50,226,20.47,50,SMART_GROW,3,0
2026-02-17T17:46:30.729Z,50,228,20.37,50,SMART_GROW,2,0
2026-02-17T17:46:30.779Z,50,228,19.93,50,SMART_GROW,1,0
2026-02-17T17:46:30.829Z,50,226,19.83,50,SMART_GROW,2,0
2026-02-17T17:46:30.879Z,50,225,20.09,50,SMART_GROW,2,0
2026-02-17T17:46:30.929Z,50,223,20.28,50,SMART_GROW,2,0
2026-02-17T17:46:30.979Z,50,239,22.49,50,SMART_GROW,2,0
2026-02-17T17:46:31.029Z,50,241,19.69,50,SMART_GROW,2,0
2026-02-17T17:46:31.080Z,50,246,20.57,50,SMART_GROW,0,0
2026-02-17T17:46:31.130Z,50,249,20.41,50,SMART_GROW,1,0
2026-02-17T17:46:31.180Z,50,249,21.27,50,SMART_GROW,3,0
2026-02-17T17:46:31.230Z,50,247,19.73,50,SMART_GROW,4,0
2026-02-17T17:46:31.280Z,50,248,20.13,50,SMART_GROW,2,0
2026-02-17T17:46:31.331Z,50,249,19.89,50,SMART_GROW,1,0
2026-02-17T17:46:31.381Z,50,250,19.91,50,SMART_GROW,2,0
2026-02-17T17:46:31.430Z,50,250,20.57,50,SMART_GROW,1,0
2026-02-17T17:46:31.481Z,50,251,20.14,50,SMART_GROW,0,0
2026-02-17T17:46:31.531Z,50,249,20.34,50,SMART_GROW,1,0
2026-02-17T17:46:31.580Z,50,256,20.72,50,SMART_GROW,2,0
2026-02-17T17:46:31.630Z,50,257,19.73,50,SMART_GROW,4,0
2026-02-17T17:46:31.681Z,50,257,19.78,50,SMART_GROW,4,0
2026-02-17T17:46:31.731Z,50,257,20.05,50,SMART_GROW,2,0
2026-02-17T17:46:31.780Z,50,257,20.56,50,SMART_GROW,2,0
2026-02-17T17:46:31.830Z,50,257,20.21,50,SMART_GROW,2,0
2026-02-17T17:46:31.880Z,50,258,19.77,50,SMART_GROW,2,0
2026-02-17T17:46:31.930Z,50,257,20.09,50,SMART_GROW,3,0
2026-02-17T17:46:31.980Z,50,258,20.27,50,SMART_GROW,2,0
2026-02-17T17:46:32.030Z,50,257,19.82,50,SMART_GROW,3,0
2026-02-17T17:46:32.080Z,50,254,20.19,50,SMART_GROW,4,0
2026-02-17T17:46:32.130Z,50,252,20.16,50,SMART_GROW,3,0
2026-02-17T17:46:32.180Z,50,256,19.82,50,SMART_GROW,0,0
2026-02-17T17:46:32.230Z,50,260,19.28,50,SMART_GROW,0,0
2026-02-17T17:46:32.280Z,50,263,19.69,50,SMART_GROW,0,0
2026-02-17T17:46:32.330Z,50,264,20.14,50,SMART_GROW,0,0
2026-02-17T17:46:32.381Z,50,267,20.00,50,SMART_GROW,0,0
2026-02-17T17:46:32.431Z,50,268,19.87,50,SMART_GROW,0,0
2026-02-17T17:46:32.482Z,50,269,20.39,50,SMART_GROW,0,0
2026-02-17T17:46:32.531Z,50,268,20.14,50,SMART_GROW,1,0
2026-02-17T17:46:32.582Z,50,265,20.10,50,SMART_GROW,1,0
2026-02-17T17:46:32.631Z,50,265,20.26,50,SMART_GROW,3,0
2026-02-17T17:46:32.681Z,50,267,19.64,50,SMART_GROW,2,0
2026-02-17T17:46:32.731Z,50,268,20.67,50,SMART_GROW,2,0
2026-02-17T17:46:32.782Z,50,269,20.19,50,SMART_GROW,2,0
2026-02-17T17:46:32.831Z,50,269,20.37,50,SMART_GROW,2,0
2026-02-17T17:46:32.881Z,50,272,20.06,50,SMART_GROW,0,0
2026-02-17T17:46:32.932Z,50,274,19.69,50,SMART_GROW,0,0
2026-02-17T17:46:32.981Z,50,275,20.00,50,SMART_GROW,3,0
2026-02-17T17:46:33.031Z,50,274,21.00,50,SMART_GROW,4,0
2026-02-17T17:46:33.082Z,50,276,20.56,50,SMART_GROW,3,0
2026-02-17T17:46:33.133Z,50,276,19.93,50,SMART_GROW,3,0
2026-02-17T17:46:33.183Z,50,274,20.55,50,SMART_GROW,3,0
2026-02-17T17:46:33.233Z,50,270,20.83,50,SMART_GROW,4,0
2026-02-17T17:46:33.284Z,50,267,20.10,50,SMART_GROW,4,0
2026-02-17T17:46:33.334Z,50,263,19.06,50,SMART_GROW,4,0
2026-02-17T17:46:33.385Z,50,260,19.83,50,SMART_GROW,4,0
2026-02-17T17:46:33.434Z,50,257,20.42,50,SMART_GROW,3,0
2026-02-17T17:46:33.485Z,50,255,20.33,50,SMART_GROW,3,0
2026-02-17T17:46:33.535Z,50,253,20.31,50,SMART_GROW,5,0
2026-02-17T17:46:33.585Z,50,256,20.38,50,SMART_GROW,4,0
2026-02-17T17:46:33.635Z,50,257,19.44,50,SMART_GROW,1,0
2026-02-17T17:46:33.685Z,50,262,19.69,50,SMART_GROW,0,0
2026-02-17T17:46:33.736Z,50,264,20.32,50,SMART_GROW,0,0
2026-02-17T17:46:33.786Z,50,267,20.12,50,SMART_GROW,0,0
2026-02-17T17:46:33.836Z,50,268,20.03,50,SMART_GROW,1,0
2026-02-17T17:46:33.887Z,50,266,20.12,50,SMART_GROW,3,0
2026-02-17T17:46:33.937Z,50,259,20.08,50,SMART_GROW,7,0
2026-02-17T17:46:33.988Z,50,258,20.76,50,SMART_GROW,5,0
2026-02-17T17:46:34.039Z,50,260,20.49,50,SMART_GROW,2,0
2026-02-17T17:46:34.088Z,50,265,20.00,50,SMART_GROW,0,0
2026-02-17T17:46:34.139Z,50,267,20.52,50,SMART_GROW,0,0
2026-02-17T17:46:34.188Z,50,272,20.39,50,SMART_GROW,0,0
2026-02-17T17:46:34.238Z,50,275,20.13,50,SMART_GROW,0,0
2026-02-17T17:46:34.289Z,50,280,20.24,50,SMART_GROW,0,0
2026-02-17T17:46:34.339Z,50,284,20.18,50,SMART_GROW,0,0
2026-02-17T17:46:34.389Z,50,289,20.14,50,SMART_GROW,0,0
2026-02-17T17:46:34.439Z,50,289,19.95,50,SMART_GROW,4,0
2026-02-17T17:46:34.490Z,50,288,19.80,50,SMART_GROW,4,0
2026-02-17T17:46:34.541Z,50,289,19.54,50,SMART_GROW,4,0
2026-02-17T17:46:34.591Z,50,292,20.26,50,SMART_GROW,2,0
2026-02-17T17:46:34.642Z,50,291,20.23,50,SMART_GROW,2,0
2026-02-17T17:46:34.693Z,50,290,20.13,50,SMART_GROW,2,0
2026-02-17T17:46:34.743Z,50,289,20.11,50,SMART_GROW,1,0
2026-02-17T17:46:34.793Z,50,288,19.74,50,SMART_GROW,2,0
2026-02-17T17:46:34.843Z,50,286,19.70,50,SMART_GROW,3,0
2026-02-17T17:46:34.893Z,50,286,20.86,50,SMART_GROW,4,0
2026-02-17T17:46:34.943Z,50,291,19.95,50,SMART_GROW,2,0
2026-02-17T17:46:34.993Z,50,295,21.30,50,SMART_GROW,2,0
2026-02-17T17:46:35.043Z,50,291,20.54,50,SMART_GROW,6,0
2026-02-17T17:46:35.093Z,50,289,19.78,50,SMART_GROW,3,0
2026-02-17T17:46:35.144Z,50,287,20.59,50,SMART_GROW,2,0
2026-02-17T17:46:35.195Z,50,285,20.01,50,SMART_GROW,3,0
2026-02-17T17:46:35.246Z,50,283,20.18,50,SMART_GROW,2,0
2026-02-17T17:46:35.296Z,50,279,19.95,50,SMART_GROW,5,0
2026-02-17T17:46:35.346Z,50,278,20.28,50,SMART_GROW,2,0
2026-02-17T17:46:35.396Z,50,276,19.72,50,SMART_GROW,3,0
2026-02-17T17:46:35.447Z,50,275,19.93,50,SMART_GROW,5,0
2026-02-17T17:46:35.497Z,50,276,20.12,50,SMART_GROW,4,0
2026-02-17T17:46:35.546Z,50,277,20.68,50,SMART_GROW,3,0
2026-02-17T17:46:35.597Z,50,277,20.07,50,SMART_GROW,2,0
2026-02-17T17:46:35.646Z,50,280,20.41,50,SMART_GROW,0,0
2026-02-17T17:46:35.696Z,50,275,20.50,50,SMART_GROW,2,0
2026-02-17T17:46:35.746Z,50,275,20.33,50,SMART_GROW,1,0
2026-02-17T17:46:35.797Z,50,277,21.08,50,SMART_GROW,0,0
2026-02-17T17:46:35.846Z,50,279,20.28,50,SMART_GROW,1,0
2026-02-17T17:46:35.897Z,50,283,19.46,50,SMART_GROW,0,0
2026-02-17T17:46:35.946Z,50,286,20.00,50,SMART_GROW,0,0
2026-02-17T17:46:35.996Z,50,288,19.26,50,SMART_GROW,0,0
2026-02-17T17:46:36.047Z,50,295,20.11,50,SMART_GROW,0,0
2026-02-17T17:46:36.098Z,50,298,20.42,50,SMART_GROW,0,0
2026-02-17T17:46:36.148Z,50,270,20.39,50,SMART_GROW,1,0
2026-02-17T17:46:36.197Z,50,273,20.16,50,SMART_GROW,0,0
2026-02-17T17:46:36.247Z,50,276,20.23,50,SMART_GROW,0,0
2026-02-17T17:46:36.298Z,50,281,20.19,50,SMART_GROW,0,0
2026-02-17T17:46:36.347Z,50,271,20.75,50,SMART_GROW,2,0
2026-02-17T17:46:36.397Z,50,272,20.44,50,SMART_GROW,2,0
2026-02-17T17:46:36.447Z,50,276,19.99,50,SMART_GROW,1,0
2026-02-17T17:46:36.497Z,50,280,20.31,50,SMART_GROW,1,0
2026-02-17T17:46:36.547Z,50,281,20.06,50,SMART_GROW,3,0
2026-02-17T17:46:36.598Z,50,278,23.29,50,SMART_GROW,2,0
2026-02-17T17:46:36.648Z,50,276,19.59,50,SMART_GROW,1,0
2026-02-17T17:46:36.699Z,50,277,19.88,50,SMART_GROW,1,0
2026-02-17T17:46:36.749Z,50,278,20.54,50,SMART_GROW,2,0
2026-02-17T17:46:36.798Z,50,276,20.54,50,SMART_GROW,1,0
2026-02-17T17:46:36.849Z,50,277,20.13,50,SMART_GROW,2,0
2026-02-17T17:46:36.899Z,50,274,20.01,50,SMART_GROW,2,0
2026-02-17T17:46:36.949Z,50,273,21.13,50,SMART_GROW,2,0
2026-02-17T17:46:37.000Z,50,270,19.82,50,SMART_GROW,2,0
2026-02-17T17:46:37.049Z,50,271,20.13,50,SMART_GROW,0,0
2026-02-17T17:46:37.099Z,50,268,20.24,50,SMART_GROW,1,0
2026-02-17T17:46:37.149Z,50,300,19.46,50,SMART_GROW,0,0
2026-02-17T17:46:37.200Z,50,300,20.13,50,SMART_GROW,0,0
2026-02-17T17:46:37.250Z,50,301,20.13,50,SMART_GROW,0,0
2026-02-17T17:46:37.300Z,50,289,20.63,50,SMART_GROW,2,0
2026-02-17T17:46:37.351Z,50,302,20.31,50,SMART_GROW,1,0
2026-02-17T17:46:37.400Z,50,304,19.98,50,SMART_GROW,0,0
2026-02-17T17:46:37.451Z,50,306,20.11,50,SMART_GROW,0,0
2026-02-17T17:46:37.501Z,50,301,20.90,50,SMART_GROW,2,0
2026-02-17T17:46:37.551Z,50,302,20.83,50,SMART_GROW,3,0
2026-02-17T17:46:37.602Z,50,302,20.75,50,SMART_GROW,5,0
2026-02-17T17:46:37.652Z,50,301,20.50,50,SMART_GROW,5,0
2026-02-17T17:46:37.702Z,50,307,20.28,50,SMART_GROW,0,0
2026-02-17T17:46:37.751Z,50,310,20.02,50,SMART_GROW,0,0
2026-02-17T17:46:37.801Z,50,312,20.28,50,SMART_GROW,0,0
2026-02-17T17:46:37.851Z,50,308,19.93,50,SMART_GROW,1,0
2026-02-17T17:46:37.902Z,50,311,20.14,50,SMART_GROW,0,0
2026-02-17T17:46:37.951Z,50,308,20.02,50,SMART_GROW,2,0
2026-02-17T17:46:38.001Z,50,308,19.95,50,SMART_GROW,2,0
2026-02-17T17:46:38.051Z,50,306,20.11,50,SMART_GROW,2,0
2026-02-17T17:46:38.102Z,50,304,19.85,50,SMART_GROW,2,0
2026-02-17T17:46:38.151Z,50,300,19.80,50,SMART_GROW,5,0
2026-02-17T17:46:38.201Z,50,294,19.98,50,SMART_GROW,6,0
2026-02-17T17:46:38.252Z,50,289,20.20,50,SMART_GROW,6,0
2026-02-17T17:46:38.301Z,50,294,20.57,50,SMART_GROW,7,0
2026-02-17T17:46:38.352Z,50,292,20.14,50,SMART_GROW,4,0
2026-02-17T17:46:38.402Z,50,287,18.93,50,SMART_GROW,5,0
2026-02-17T17:46:38.453Z,50,282,19.60,50,SMART_GROW,6,0
2026-02-17T17:46:38.504Z,50,282,19.82,50,SMART_GROW,6,0
2026-02-17T17:46:38.553Z,50,280,20.19,50,SMART_GROW,5,0
2026-02-17T17:46:38.603Z,50,279,21.24,50,SMART_GROW,7,0
2026-02-17T17:46:38.653Z,50,278,20.76,50,SMART_GROW,7,0
2026-02-17T17:46:38.703Z,50,272,20.03,50,SMART_GROW,6,0
2026-02-17T17:46:38.753Z,50,271,20.28,50,SMART_GROW,2,0
2026-02-17T17:46:38.803Z,50,269,18.70,50,SMART_GROW,2,0
2026-02-17T17:46:38.853Z,50,274,19.73,50,SMART_GROW,3,0
2026-02-17T17:46:38.903Z,50,271,20.09,50,SMART_GROW,3,0
2026-02-17T17:46:38.953Z,50,276,21.00,50,SMART_GROW,2,0
2026-02-17T17:46:39.003Z,50,277,19.57,50,SMART_GROW,2,0
2026-02-17T17:46:39.054Z,50,281,20.37,50,SMART_GROW,0,0
2026-02-17T17:46:39.104Z,50,285,19.83,50,SMART_GROW,1,0
2026-02-17T17:46:39.154Z,50,288,20.02,50,SMART_GROW,2,0
2026-02-17T17:46:39.204Z,50,295,20.49,50,SMART_GROW,0,0
2026-02-17T17:46:39.254Z,50,302,20.05,50,SMART_GROW,0,0
2026-02-17T17:46:39.306Z,50,308,20.08,50,SMART_GROW,1,0
2026-02-17T17:46:39.356Z,50,311,19.84,50,SMART_GROW,2,0
2026-02-17T17:46:39.406Z,50,316,19.51,50,SMART_GROW,0,0
2026-02-17T17:46:39.456Z,50,324,19.83,50,SMART_GROW,0,0
2026-02-17T17:46:39.506Z,50,327,19.60,50,SMART_GROW,2,0
2026-02-17T17:46:39.556Z,50,331,19.69,50,SMART_GROW,3,0
2026-02-17T17:46:39.606Z,50,336,19.90,50,SMART_GROW,2,0
2026-02-17T17:46:39.656Z,50,338,20.32,50,SMART_GROW,5,0
2026-02-17T17:46:39.706Z,50,340,19.90,50,SMART_GROW,4,0
2026-02-17T17:46:39.756Z,50,343,20.46,50,SMART_GROW,0,0
2026-02-17T17:46:39.806Z,50,345,20.18,50,SMART_GROW,0,0
2026-02-17T17:46:39.856Z,50,348,19.88,50,SMART_GROW,2,0
2026-02-17T17:46:39.906Z,50,350,19.73,50,SMART_GROW,0,0
2026-02-17T17:46:39.956Z,50,353,19.44,50,SMART_GROW,0,0
2026-02-17T17:46:40.006Z,50,355,20.31,50,SMART_GROW,0,0
2026-02-17T17:46:40.056Z,50,354,20.13,50,SMART_GROW,1,0
2026-02-17T17:46:40.106Z,50,355,20.14,50,SMART_GROW,0,0
2026-02-17T17:46:40.156Z,50,358,19.98,50,SMART_GROW,0,0
2026-02-17T17:46:40.206Z,50,356,20.14,50,SMART_GROW,2,0
2026-02-17T17:46:40.257Z,50,355,20.11,50,SMART_GROW,2,0
2026-02-17T17:46:40.307Z,50,352,20.22,50,SMART_GROW,3,0
2026-02-17T17:46:40.357Z,50,352,19.91,50,SMART_GROW,4,0
2026-02-17T17:46:40.407Z,50,350,19.85,50,SMART_GROW,2,0
2026-02-17T17:46:40.458Z,50,349,20.64,50,SMART_GROW,2,0
2026-02-17T17:46:40.508Z,50,349,20.42,50,SMART_GROW,2,0
2026-02-17T17:46:40.558Z,50,351,20.06,50,SMART_GROW,2,0
2026-02-17T17:46:40.608Z,50,353,20.01,50,SMART_GROW,0,0
2026-02-17T17:46:40.658Z,50,359,20.52,50,SMART_GROW,0,0
2026-02-17T17:46:40.709Z,50,358,20.63,50,SMART_GROW,2,0
2026-02-17T17:46:40.758Z,50,357,20.96,50,SMART_GROW,2,0
2026-02-17T17:46:40.808Z,50,355,19.76,50,SMART_GROW,2,0
2026-02-17T17:46:40.858Z,50,354,20.26,50,SMART_GROW,2,0
2026-02-17T17:46:40.909Z,50,350,20.12,50,SMART_GROW,2,0
2026-02-17T17:46:40.960Z,50,346,20.72,50,SMART_GROW,5,0
2026-02-17T17:46:41.009Z,50,339,20.94,50,SMART_GROW,7,0
2026-02-17T17:46:41.060Z,50,338,19.23,50,SMART_GROW,4,0
2026-02-17T17:46:41.109Z,50,338,20.14,50,SMART_GROW,0,0
2026-02-17T17:46:41.160Z,50,339,19.77,50,SMART_GROW,0,0
2026-02-17T17:46:41.210Z,50,336,20.41,50,SMART_GROW,1,0
2026-02-17T17:46:41.260Z,50,336,19.55,50,SMART_GROW,2,0
2026-02-17T17:46:41.310Z,50,335,20.47,50,SMART_GROW,2,0
2026-02-17T17:46:41.360Z,50,336,19.78,50,SMART_GROW,4,0
2026-02-17T17:46:41.410Z,50,335,20.48,50,SMART_GROW,2,0
2026-02-17T17:46:41.460Z,50,333,19.46,50,SMART_GROW,2,0
2026-02-17T17:46:41.510Z,50,335,20.13,50,SMART_GROW,0,0
2026-02-17T17:46:41.560Z,50,331,20.62,50,SMART_GROW,1,0
2026-02-17T17:46:41.611Z,50,328,20.24,50,SMART_GROW,1,0
2026-02-17T17:46:41.661Z,50,327,20.04,50,SMART_GROW,2,0
2026-02-17T17:46:41.711Z,50,324,21.75,50,SMART_GROW,3,0
2026-02-17T17:46:41.762Z,50,324,20.08,50,SMART_GROW,3,0
2026-02-17T17:46:41.811Z,50,324,20.23,50,SMART_GROW,2,0
2026-02-17T17:46:41.861Z,50,326,20.51,50,SMART_GROW,3,0
2026-02-17T17:46:41.912Z,50,325,20.64,50,SMART_GROW,5,0
2026-02-17T17:46:41.962Z,50,328,20.46,50,SMART_GROW,2,0
2026-02-17T17:46:42.013Z,50,334,20.60,50,SMART_GROW,2,0
2026-02-17T17:46:42.063Z,50,337,19.98,50,SMART_GROW,2,0
2026-02-17T17:46:42.113Z,50,335,20.57,50,SMART_GROW,2,0
2026-02-17T17:46:42.163Z,50,318,19.93,50,SMART_GROW,2,0
2026-02-17T17:46:42.213Z,50,321,20.78,50,SMART_GROW,2,0
2026-02-17T17:46:42.263Z,50,323,19.91,50,SMART_GROW,2,0
2026-02-17T17:46:42.313Z,50,325,19.42,50,SMART_GROW,2,0
2026-02-17T17:46:42.364Z,50,330,20.03,50,SMART_GROW,0,0
2026-02-17T17:46:42.414Z,50,333,20.16,50,SMART_GROW,0,0
2026-02-17T17:46:42.464Z,50,326,20.10,50,SMART_GROW,2,0
2026-02-17T17:46:42.514Z,50,324,20.23,50,SMART_GROW,2,0
2026-02-17T17:46:42.565Z,50,328,21.00,50,SMART_GROW,4,0
2026-02-17T17:46:42.615Z,50,327,20.65,50,SMART_GROW,4,0
2026-02-17T17:46:42.665Z,50,326,19.64,50,SMART_GROW,2,0
2026-02-17T17:46:42.715Z,50,327,20.23,50,SMART_GROW,3,0
2026-02-17T17:46:42.765Z,50,328,19.39,50,SMART_GROW,3,0
2026-02-17T17:46:42.815Z,50,327,19.96,50,SMART_GROW,3,0
2026-02-17T17:46:42.865Z,50,329,20.16,50,SMART_GROW,2,0
2026-02-17T17:46:42.915Z,50,332,20.00,50,SMART_GROW,2,0
2026-02-17T17:46:42.965Z,50,333,19.98,50,SMART_GROW,2,0
2026-02-17T17:46:43.015Z,50,328,20.35,50,SMART_GROW,5,0
2026-02-17T17:46:43.066Z,50,325,20.21,50,SMART_GROW,6,0
2026-02-17T17:46:43.120Z,50,323,20.91,50,SMART_GROW,4,0
2026-02-17T17:46:43.171Z,50,336,19.55,50,SMART_GROW,6,0
2026-02-17T17:46:43.223Z,50,332,19.98,50,SMART_GROW,6,0
2026-02-17T17:46:43.273Z,50,331,20.09,50,SMART_GROW,5,0
2026-02-17T17:46:43.322Z,50,328,20.44,50,SMART_GROW,4,0
2026-02-17T17:46:43.372Z,50,323,20.47,50,SMART_GROW,6,0
2026-02-17T17:46:43.422Z,50,319,20.65,50,SMART_GROW,4,0
2026-02-17T17:46:43.473Z,50,328,20.46,50,SMART_GROW,5,0
2026-02-17T17:46:43.523Z,50,326,20.18,50,SMART_GROW,3,0
2026-02-17T17:46:43.574Z,50,332,19.90,50,SMART_GROW,1,0
2026-02-17T17:46:43.624Z,50,335,20.17,50,SMART_GROW,0,0
2026-02-17T17:46:43.674Z,50,340,20.96,50,SMART_GROW,0,0
2026-02-17T17:46:43.724Z,50,347,20.54,50,SMART_GROW,0,0
2026-02-17T17:46:43.774Z,50,349,20.98,50,SMART_GROW,2,0
2026-02-17T17:46:43.825Z,50,349,20.10,50,SMART_GROW,3,0
2026-02-17T17:46:43.875Z,50,349,20.36,50,SMART_GROW,3,0
2026-02-17T17:46:43.924Z,50,350,20.32,50,SMART_GROW,2,0
2026-02-17T17:46:43.974Z,50,355,19.41,50,SMART_GROW,0,0
2026-02-17T17:46:44.024Z,50,358,19.69,50,SMART_GROW,1,0
2026-02-17T17:46:44.074Z,50,363,20.42,50,SMART_GROW,2,0
2026-02-17T17:46:44.124Z,50,362,19.74,50,SMART_GROW,3,0
2026-02-17T17:46:44.175Z,50,369,20.29,50,SMART_GROW,0,0
2026-02-17T17:46:44.224Z,50,375,20.00,50,SMART_GROW,0,0
2026-02-17T17:46:44.274Z,50,380,19.34,50,SMART_GROW,0,0
2026-02-17T17:46:44.324Z,50,384,20.00,50,SMART_GROW,0,0
2026-02-17T17:46:44.375Z,50,361,20.46,50,SMART_GROW,1,0
2026-02-17T17:46:44.425Z,50,358,20.57,50,SMART_GROW,2,0
2026-02-17T17:46:44.476Z,50,357,20.54,50,SMART_GROW,2,0
2026-02-17T17:46:44.526Z,50,359,20.02,50,SMART_GROW,0,0
2026-02-17T17:46:44.577Z,50,361,20.36,50,SMART_GROW,0,0
2026-02-17T17:46:44.633Z,50,343,20.14,50,SMART_GROW,1,0
2026-02-17T17:46:44.684Z,50,344,20.05,50,SMART_GROW,0,0
2026-02-17T17:46:44.734Z,50,335,20.11,50,SMART_GROW,1,0
2026-02-17T17:46:44.783Z,50,339,19.93,50,SMART_GROW,0,0
2026-02-17T17:46:44.833Z,50,336,19.57,50,SMART_GROW,1,0
2026-02-17T17:46:44.884Z,50,339,20.42,50,SMART_GROW,0,0
2026-02-17T17:46:44.934Z,50,332,21.88,50,SMART_GROW,2,0
2026-02-17T17:46:44.985Z,50,329,20.05,50,SMART_GROW,3,0
2026-02-17T17:46:45.035Z,50,329,20.28,50,SMART_GROW,1,0
2026-02-17T17:46:45.084Z,50,334,19.96,50,SMART_GROW,0,0
2026-02-17T17:46:45.134Z,50,337,19.63,50,SMART_GROW,0,0
2026-02-17T17:46:45.185Z,50,334,20.67,50,SMART_GROW,1,0
2026-02-17T17:46:45.236Z,50,329,20.12,50,SMART_GROW,5,0
2026-02-17T17:46:45.286Z,50,326,20.31,50,SMART_GROW,4,0
2026-02-17T17:46:45.336Z,50,322,20.75,50,SMART_GROW,4,0
2026-02-17T17:46:45.386Z,50,350,19.92,50,SMART_GROW,3,0
2026-02-17T17:46:45.437Z,50,356,19.93,50,SMART_GROW,2,0
2026-02-17T17:46:45.487Z,50,363,19.65,50,SMART_GROW,2,0
2026-02-17T17:46:45.536Z,50,358,19.78,50,SMART_GROW,5,0
2026-02-17T17:46:45.587Z,50,354,20.57,50,SMART_GROW,5,0
2026-02-17T17:46:45.636Z,50,368,20.28,50,SMART_GROW,4,0
2026-02-17T17:46:45.686Z,50,367,0.00,50,SMART_GROW,2,0
2026-02-17T17:46:45.736Z,50,374,20.51,50,SMART_GROW,2,0
2026-02-17T17:46:45.787Z,50,372,19.98,50,SMART_GROW,3,0
2026-02-17T17:46:45.837Z,50,373,20.29,50,SMART_GROW,5,0
2026-02-17T17:46:45.887Z,50,369,20.88,50,SMART_GROW,5,0
2026-02-17T17:46:45.938Z,50,373,20.77,50,SMART_GROW,5,0
2026-02-17T17:46:45.988Z,50,376,20.50,50,SMART_GROW,2,0
2026-02-17T17:46:46.038Z,50,376,20.26,50,SMART_GROW,1,0
2026-02-17T17:46:46.089Z,50,374,19.75,50,SMART_GROW,3,0
2026-02-17T17:46:46.139Z,50,371,20.68,50,SMART_GROW,3,0
2026-02-17T17:46:46.189Z,50,375,20.19,50,SMART_GROW,2,0
2026-02-17T17:46:46.239Z,50,377,19.34,50,SMART_GROW,2,0
2026-02-17T17:46:46.289Z,50,382,20.19,50,SMART_GROW,0,0
2026-02-17T17:46:46.340Z,50,386,19.93,50,SMART_GROW,0,0
2026-02-17T17:46:46.390Z,50,390,20.57,50,SMART_GROW,0,0
2026-02-17T17:46:46.440Z,50,391,20.46,50,SMART_GROW,1,0
2026-02-17T17:46:46.490Z,50,390,19.62,50,SMART_GROW,4,0
2026-02-17T17:46:46.541Z,50,388,19.64,50,SMART_GROW,7,0
2026-02-17T17:46:46.592Z,50,388,20.00,50,SMART_GROW,6,0
2026-02-17T17:46:46.641Z,50,389,20.16,50,SMART_GROW,3,0
2026-02-17T17:46:46.692Z,50,386,19.96,50,SMART_GROW,6,0
2026-02-17T17:46:46.741Z,50,380,19.83,50,SMART_GROW,8,0
2026-02-17T17:46:46.793Z,50,378,20.22,50,SMART_GROW,6,0
2026-02-17T17:46:46.844Z,50,377,20.35,50,SMART_GROW,7,0
2026-02-17T17:46:46.894Z,50,380,20.93,50,SMART_GROW,2,0
2026-02-17T17:46:46.944Z,50,383,20.49,50,SMART_GROW,2,0
2026-02-17T17:46:46.994Z,50,383,19.90,50,SMART_GROW,3,0
2026-02-17T17:46:47.045Z,50,380,19.73,50,SMART_GROW,4,0
2026-02-17T17:46:47.094Z,50,383,20.41,50,SMART_GROW,1,0
2026-02-17T17:46:47.144Z,50,386,19.52,50,SMART_GROW,0,0
2026-02-17T17:46:47.194Z,50,388,19.77,50,SMART_GROW,0,0
2026-02-17T17:46:47.244Z,50,390,20.13,50,SMART_GROW,0,0
2026-02-17T17:46:47.294Z,50,390,19.84,50,SMART_GROW,0,0
2026-02-17T17:46:47.345Z,50,390,20.13,50,SMART_GROW,0,0
2026-02-17T17:46:47.396Z,50,387,19.96,50,SMART_GROW,3,0
2026-02-17T17:46:47.445Z,50,383,20.34,50,SMART_GROW,5,0
2026-02-17T17:46:47.495Z,50,378,20.01,50,SMART_GROW,9,0
2026-02-17T17:46:47.545Z,50,377,20.93,50,SMART_GROW,9,0
2026-02-17T17:46:47.595Z,50,377,20.02,50,SMART_GROW,5,0
2026-02-17T17:46:47.646Z,50,377,20.55,50,SMART_GROW,4,0
2026-02-17T17:46:47.695Z,50,376,20.78,50,SMART_GROW,6,0
2026-02-17T17:46:47.746Z,50,380,20.44,50,SMART_GROW,4,0
2026-02-17T17:46:47.795Z,50,381,19.56,50,SMART_GROW,5,0
2026-02-17T17:46:47.846Z,50,385,19.72,50,SMART_GROW,2,0
2026-02-17T17:46:47.897Z,50,385,20.37,50,SMART_GROW,3,0
2026-02-17T17:46:47.946Z,50,383,20.47,50,SMART_GROW,4,0
2026-02-17T17:46:47.997Z,50,383,20.33,50,SMART_GROW,3,0
2026-02-17T17:46:48.046Z,50,383,19.67,50,SMART_GROW,4,0
2026-02-17T17:46:48.097Z,50,383,20.23,50,SMART_GROW,1,0
2026-02-17T17:46:48.147Z,50,383,20.14,50,SMART_GROW,0,0
2026-02-17T17:46:48.197Z,50,383,20.31,50,SMART_GROW,0,0
2026-02-17T17:46:48.248Z,50,382,20.91,50,SMART_GROW,1,0
2026-02-17T17:46:48.298Z,50,379,20.33,50,SMART_GROW,3,0
2026-02-17T17:46:48.348Z,50,376,20.62,50,SMART_GROW,3,0
2026-02-17T17:46:48.399Z,50,376,20.57,50,SMART_GROW,3,0
2026-02-17T17:46:48.448Z,50,379,20.43,50,SMART_GROW,2,0
2026-02-17T17:46:48.498Z,50,385,19.29,50,SMART_GROW,2,0
2026-02-17T17:46:48.549Z,50,394,20.22,50,SMART_GROW,0,0
2026-02-17T17:46:48.600Z,50,389,20.24,50,SMART_GROW,3,0
2026-02-17T17:46:48.649Z,50,389,21.01,50,SMART_GROW,4,0
2026-02-17T17:46:48.699Z,50,392,19.96,50,SMART_GROW,3,0
2026-02-17T17:46:48.749Z,50,389,20.15,50,SMART_GROW,3,0
2026-02-17T17:46:48.799Z,50,389,19.55,50,SMART_GROW,5,0
2026-02-17T17:46:48.849Z,50,387,20.23,50,SMART_GROW,5,0
2026-02-17T17:46:48.899Z,50,385,20.88,50,SMART_GROW,4,0
2026-02-17T17:46:48.950Z,50,384,20.27,50,SMART_GROW,5,0
2026-02-17T17:46:49.001Z,50,381,20.37,50,SMART_GROW,6,0
2026-02-17T17:46:49.051Z,50,382,19.91,50,SMART_GROW,4,0
2026-02-17T17:46:49.102Z,50,379,20.90,50,SMART_GROW,3,0
2026-02-17T17:46:49.152Z,50,376,21.14,50,SMART_GROW,2,0
2026-02-17T17:46:49.202Z,50,370,19.98,50,SMART_GROW,2,0
2026-02-17T17:46:49.253Z,50,366,20.11,50,SMART_GROW,2,0
2026-02-17T17:46:49.304Z,50,364,19.93,50,SMART_GROW,1,0
2026-02-17T17:46:49.353Z,50,362,20.10,50,SMART_GROW,3,0
2026-02-17T17:46:49.403Z,50,358,19.91,50,SMART_GROW,4,0
2026-02-17T17:46:49.453Z,50,358,19.68,50,SMART_GROW,2,0
2026-02-17T17:46:49.503Z,50,361,20.37,50,SMART_GROW,0,0
2026-02-17T17:46:49.554Z,50,352,23.95,50,SMART_GROW,1,0
2026-02-17T17:46:49.605Z,50,358,19.96,50,SMART_GROW,3,0
2026-02-17T17:46:49.655Z,50,359,20.93,50,SMART_GROW,4,0
2026-02-17T17:46:49.705Z,50,358,20.73,50,SMART_GROW,4,0
2026-02-17T17:46:49.756Z,50,361,20.67,50,SMART_GROW,4,0
2026-02-17T17:46:49.806Z,50,362,20.73,50,SMART_GROW,4,0
2026-02-17T17:46:49.856Z,50,366,20.82,50,SMART_GROW,1,0
2026-02-17T17:46:49.907Z,50,370,20.02,50,SMART_GROW,0,0
2026-02-17T17:46:49.957Z,50,374,20.11,50,SMART_GROW,1,0
2026-02-17T17:46:50.008Z,50,376,19.87,50,SMART_GROW,4,0
2026-02-17T17:46:50.058Z,50,377,19.24,50,SMART_GROW,3,0
2026-02-17T17:46:50.108Z,50,378,19.95,50,SMART_GROW,2,0
2026-02-17T17:46:50.158Z,50,379,19.37,50,SMART_GROW,2,0
2026-02-17T17:46:50.208Z,50,383,20.15,50,SMART_GROW,2,0
2026-02-17T17:46:50.258Z,50,386,20.32,50,SMART_GROW,2,0
2026-02-17T17:46:50.309Z,50,389,19.68,50,SMART_GROW,2,0
2026-02-17T17:46:50.360Z,50,391,20.05,50,SMART_GROW,4,0
2026-02-17T17:46:50.411Z,50,375,23.85,50,SMART_GROW,5,0
2026-02-17T17:46:50.460Z,50,370,22.27,50,SMART_GROW,4,0
2026-02-17T17:46:50.510Z,50,363,20.78,50,SMART_GROW,4,0
2026-02-17T17:46:50.560Z,50,369,20.25,50,SMART_GROW,4,0
2026-02-17T17:46:50.610Z,50,367,21.13,50,SMART_GROW,4,0
2026-02-17T17:46:50.660Z,50,363,20.14,50,SMART_GROW,3,0
2026-02-17T17:46:50.711Z,50,364,19.69,50,SMART_GROW,3,0
2026-02-17T17:46:50.760Z,50,360,19.66,50,SMART_GROW,2,0
2026-02-17T17:46:50.811Z,50,358,20.24,50,SMART_GROW,4,0
2026-02-17T17:46:50.860Z,50,353,20.93,50,SMART_GROW,6,0
2026-02-17T17:46:50.910Z,50,345,19.28,50,SMART_GROW,8,0
2026-02-17T17:46:50.961Z,50,341,20.11,50,SMART_GROW,6,0
2026-02-17T17:46:51.008Z,50,336,20.14,50,SMART_GROW,8,0
2026-02-17T17:46:51.058Z,50,327,20.25,50,SMART_GROW,12,0
2026-02-17T17:46:51.109Z,50,321,19.29,50,SMART_GROW,8,0
2026-02-17T17:46:51.158Z,50,317,20.19,50,SMART_GROW,6,0
2026-02-17T17:46:51.209Z,50,313,20.42,50,SMART_GROW,6,0
2026-02-17T17:46:51.260Z,50,309,20.11,50,SMART_GROW,6,0
2026-02-17T17:46:51.310Z,50,304,20.54,50,SMART_GROW,7,0
2026-02-17T17:46:51.360Z,50,301,19.78,50,SMART_GROW,6,0
2026-02-17T17:46:51.410Z,50,318,19.73,50,SMART_GROW,6,0
2026-02-17T17:46:51.460Z,50,321,20.31,50,SMART_GROW,4,0
2026-02-17T17:46:51.511Z,50,326,19.46,50,SMART_GROW,2,0
2026-02-17T17:46:51.561Z,50,329,20.15,50,SMART_GROW,1,0
2026-02-17T17:46:51.611Z,50,333,20.01,50,SMART_GROW,0,0
2026-02-17T17:46:51.660Z,50,340,20.46,50,SMART_GROW,1,0
2026-02-17T17:46:51.711Z,50,343,19.46,50,SMART_GROW,0,0
2026-02-17T17:46:51.761Z,50,351,20.06,50,SMART_GROW,0,0
2026-02-17T17:46:51.811Z,50,356,19.80,50,SMART_GROW,1,0
2026-02-17T17:46:51.861Z,50,362,20.19,50,SMART_GROW,0,0
2026-02-17T17:46:51.912Z,50,370,20.03,50,SMART_GROW,0,0
2026-02-17T17:46:51.963Z,50,374,20.29,50,SMART_GROW,2,0
2026-02-17T17:46:52.014Z,50,381,20.50,50,SMART_GROW,2,0
2026-02-17T17:46:52.064Z,50,392,21.03,50,SMART_GROW,1,0
2026-02-17T17:46:52.114Z,50,399,19.79,50,SMART_GROW,0,0
2026-02-17T17:46:52.163Z,50,405,19.98,50,SMART_GROW,0,0
2026-02-17T17:46:52.213Z,50,411,19.91,50,SMART_GROW,0,0
2026-02-17T17:46:52.263Z,50,418,19.64,50,SMART_GROW,0,0
2026-02-17T17:46:52.313Z,50,424,20.05,50,SMART_GROW,0,0
2026-02-17T17:46:52.364Z,50,428,20.23,50,SMART_GROW,3,0
2026-02-17T17:46:52.414Z,50,430,0.00,50,SMART_GROW,3,0
2026-02-17T17:46:52.464Z,50,431,19.93,50,SMART_GROW,3,0
2026-02-17T17:46:52.513Z,50,429,21.37,50,SMART_GROW,4,0
2026-02-17T17:46:52.564Z,50,428,19.55,50,SMART_GROW,2,0
2026-02-17T17:46:52.614Z,50,423,20.85,50,SMART_GROW,2,0
2026-02-17T17:46:52.665Z,50,420,20.00,50,SMART_GROW,4,0
2026-02-17T17:46:52.715Z,50,416,20.41,50,SMART_GROW,4,0
2026-02-17T17:46:52.765Z,50,405,20.91,50,SMART_GROW,3,0
2026-02-17T17:46:52.816Z,50,399,20.01,50,SMART_GROW,2,0
2026-02-17T17:46:52.866Z,50,394,19.94,50,SMART_GROW,4,0
2026-02-17T17:46:52.916Z,50,390,20.03,50,SMART_GROW,4,0
2026-02-17T17:46:52.966Z,50,388,20.31,50,SMART_GROW,4,0
2026-02-17T17:46:53.017Z,50,386,19.49,50,SMART_GROW,4,0
2026-02-17T17:46:53.067Z,50,383,19.87,50,SMART_GROW,4,0
2026-02-17T17:46:53.116Z,50,381,20.14,50,SMART_GROW,2,0
2026-02-17T17:46:53.167Z,50,381,20.14,50,SMART_GROW,0,0
2026-02-17T17:46:53.217Z,50,381,20.14,50,SMART_GROW,0,0
2026-02-17T17:46:53.267Z,50,381,20.27,50,SMART_GROW,0,0
2026-02-17T17:46:53.317Z,50,379,21.03,50,SMART_GROW,2,0
2026-02-17T17:46:53.367Z,50,381,20.03,50,SMART_GROW,1,0
2026-02-17T17:46:53.418Z,50,379,19.89,50,SMART_GROW,5,0
2026-02-17T17:46:53.468Z,50,374,20.11,50,SMART_GROW,8,0
2026-02-17T17:46:53.518Z,50,369,20.01,50,SMART_GROW,9,0
2026-02-17T17:46:53.567Z,50,364,20.14,50,SMART_GROW,7,0
2026-02-17T17:46:53.619Z,50,363,19.96,50,SMART_GROW,6,0
2026-02-17T17:46:53.669Z,50,359,20.98,50,SMART_GROW,8,0
2026-02-17T17:46:53.720Z,50,359,20.02,50,SMART_GROW,5,0
2026-02-17T17:46:53.770Z,50,365,19.42,50,SMART_GROW,4,0
2026-02-17T17:46:53.821Z,50,363,20.60,50,SMART_GROW,9,0
2026-02-17T17:46:53.871Z,50,361,21.00,50,SMART_GROW,7,0
2026-02-17T17:46:53.921Z,50,360,19.89,50,SMART_GROW,5,0
2026-02-17T17:46:53.972Z,50,362,20.32,50,SMART_GROW,2,0
2026-02-17T17:46:54.023Z,50,363,19.83,50,SMART_GROW,3,0
2026-02-17T17:46:54.073Z,50,366,19.42,50,SMART_GROW,1,0
2026-02-17T17:46:54.123Z,50,368,19.99,50,SMART_GROW,0,0
2026-02-17T17:46:54.173Z,50,368,20.14,50,SMART_GROW,0,0
2026-02-17T17:46:54.223Z,50,368,19.73,50,SMART_GROW,0,0
2026-02-17T17:46:54.272Z,50,368,20.37,50,SMART_GROW,0,0
2026-02-17T17:46:54.323Z,50,369,19.89,50,SMART_GROW,1,0
2026-02-17T17:46:54.373Z,50,366,20.05,50,SMART_GROW,4,0
2026-02-17T17:46:54.424Z,50,368,20.09,50,SMART_GROW,3,0
2026-02-17T17:46:54.474Z,50,375,20.62,50,SMART_GROW,2,0
2026-02-17T17:46:54.524Z,50,382,20.24,50,SMART_GROW,1,0
2026-02-17T17:46:54.574Z,50,391,20.36,50,SMART_GROW,0,0
2026-02-17T17:46:54.625Z,50,397,20.28,50,SMART_GROW,0,0
2026-02-17T17:46:54.675Z,50,403,20.42,50,SMART_GROW,0,0
2026-02-17T17:46:54.726Z,50,406,20.00,50,SMART_GROW,2,0
2026-02-17T17:46:54.776Z,50,411,19.31,50,SMART_GROW,0,0
2026-02-17T17:46:54.826Z,50,420,19.79,50,SMART_GROW,0,0
2026-02-17T17:46:54.876Z,50,426,20.54,50,SMART_GROW,0,0
2026-02-17T17:46:54.926Z,50,431,20.00,50,SMART_GROW,0,0
2026-02-17T17:46:54.976Z,50,433,20.70,50,SMART_GROW,0,0
2026-02-17T17:46:55.026Z,50,436,20.29,50,SMART_GROW,0,0
2026-02-17T17:46:55.077Z,50,437,20.08,50,SMART_GROW,0,0
2026-02-17T17:46:55.127Z,50,437,19.75,50,SMART_GROW,0,0
2026-02-17T17:46:55.188Z,50,399,20.19,50,SMART_GROW,1,0
2026-02-17T17:46:55.239Z,50,390,20.17,50,SMART_GROW,3,0
2026-02-17T17:46:55.289Z,50,385,19.94,50,SMART_GROW,6,0
2026-02-17T17:46:55.339Z,50,382,19.46,50,SMART_GROW,4,0
2026-02-17T17:46:55.389Z,50,378,20.17,50,SMART_GROW,4,0
2026-02-17T17:46:55.439Z,50,376,19.96,50,SMART_GROW,5,0
2026-02-17T17:46:55.489Z,50,377,20.72,50,SMART_GROW,2,0
2026-02-17T17:46:55.542Z,50,374,19.91,50,SMART_GROW,3,0
2026-02-17T17:46:55.592Z,50,366,20.77,50,SMART_GROW,6,0
2026-02-17T17:46:55.642Z,50,360,20.32,50,SMART_GROW,6,0
2026-02-17T17:46:55.693Z,50,352,20.46,50,SMART_GROW,9,0
2026-02-17T17:46:55.743Z,50,347,21.00,50,SMART_GROW,6,0
2026-02-17T17:46:55.793Z,50,347,20.14,50,SMART_GROW,0,0
2026-02-17T17:46:55.843Z,50,347,20.25,50,SMART_GROW,0,0
2026-02-17T17:46:55.894Z,50,347,20.11,50,SMART_GROW,0,0
2026-02-17T17:46:55.944Z,50,347,19.74,50,SMART_GROW,0,0
2026-02-17T17:46:55.993Z,50,347,20.16,50,SMART_GROW,0,0
2026-02-17T17:46:56.043Z,50,347,20.14,50,SMART_GROW,0,0
2026-02-17T17:46:56.093Z,50,344,20.82,50,SMART_GROW,3,0
2026-02-17T17:46:56.144Z,50,343,20.06,50,SMART_GROW,1,0
2026-02-17T17:46:56.194Z,50,378,22.67,50,SMART_GROW,2,0
2026-02-17T17:46:56.244Z,50,385,20.44,50,SMART_GROW,3,0
2026-02-17T17:46:56.295Z,50,387,21.08,50,SMART_GROW,3,0
2026-02-17T17:46:56.345Z,50,389,20.59,50,SMART_GROW,2,0
2026-02-17T17:46:56.395Z,50,391,20.19,50,SMART_GROW,2,0
2026-02-17T17:46:56.445Z,50,375,20.34,50,SMART_GROW,2,0
2026-02-17T17:46:56.495Z,50,367,20.32,50,SMART_GROW,3,0
2026-02-17T17:46:56.546Z,50,367,20.55,50,SMART_GROW,4,0
2026-02-17T17:46:56.596Z,50,371,21.82,50,SMART_GROW,2,0
2026-02-17T17:46:56.646Z,50,374,20.19,50,SMART_GROW,1,0
2026-02-17T17:46:56.697Z,50,374,20.00,50,SMART_GROW,2,0
2026-02-17T17:46:56.748Z,50,379,20.37,50,SMART_GROW,1,0
2026-02-17T17:46:56.798Z,50,379,20.18,50,SMART_GROW,0,0
2026-02-17T17:46:56.848Z,50,379,19.75,50,SMART_GROW,0,0
2026-02-17T17:46:56.899Z,50,379,20.13,50,SMART_GROW,0,0
2026-02-17T17:46:56.949Z,50,379,19.73,50,SMART_GROW,0,0
2026-02-17T17:46:56.999Z,50,379,20.14,50,SMART_GROW,0,0
2026-02-17T17:46:57.049Z,50,379,20.24,50,SMART_GROW,0,0
2026-02-17T17:46:57.109Z,50,323,20.95,50,SMART_GROW,1,0
2026-02-17T17:46:57.159Z,50,315,20.01,50,SMART_GROW,3,0
2026-02-17T17:46:57.210Z,50,313,20.68,50,SMART_GROW,4,0
2026-02-17T17:46:57.260Z,50,309,20.47,50,SMART_GROW,6,0
2026-02-17T17:46:57.309Z,50,305,20.41,50,SMART_GROW,4,0
2026-02-17T17:46:57.360Z,50,303,19.97,50,SMART_GROW,4,0
2026-02-17T17:46:57.410Z,50,312,20.77,50,SMART_GROW,4,0
2026-02-17T17:46:57.460Z,50,319,20.07,50,SMART_GROW,3,0
2026-02-17T17:46:57.511Z,50,321,20.09,50,SMART_GROW,7,0
2026-02-17T17:46:57.561Z,50,321,20.53,50,SMART_GROW,4,0
2026-02-17T17:46:57.611Z,50,320,20.14,50,SMART_GROW,4,0
2026-02-17T17:46:57.661Z,50,326,20.20,50,SMART_GROW,4,0
2026-02-17T17:46:57.711Z,50,326,21.34,50,SMART_GROW,3,0
2026-02-17T17:46:57.761Z,50,323,20.08,50,SMART_GROW,3,0
2026-02-17T17:46:57.811Z,50,320,20.09,50,SMART_GROW,3,0
2026-02-17T17:46:57.861Z,50,320,19.91,50,SMART_GROW,0,0
2026-02-17T17:46:57.911Z,50,320,20.14,50,SMART_GROW,0,0
2026-02-17T17:46:57.961Z,50,320,19.83,50,SMART_GROW,0,0
2026-02-17T17:46:58.011Z,50,320,20.13,50,SMART_GROW,0,0
2026-02-17T17:46:58.061Z,50,320,20.22,50,SMART_GROW,0,0
2026-02-17T17:46:58.111Z,50,371,19.95,50,SMART_GROW,5,0
2026-02-17T17:46:58.161Z,50,377,20.32,50,SMART_GROW,6,0
2026-02-17T17:46:58.212Z,50,378,20.52,50,SMART_GROW,5,0
2026-02-17T17:46:58.264Z,50,375,20.23,50,SMART_GROW,10,0
2026-02-17T17:46:58.315Z,50,373,19.67,50,SMART_GROW,8,0
2026-02-17T17:46:58.364Z,50,370,20.15,50,SMART_GROW,8,0
2026-02-17T17:46:58.415Z,50,367,20.03,50,SMART_GROW,8,0
2026-02-17T17:46:58.465Z,50,365,20.14,50,SMART_GROW,6,0
2026-02-17T17:46:58.530Z,50,369,20.26,50,SMART_GROW,4,0
2026-02-17T17:46:58.580Z,50,371,20.09,50,SMART_GROW,2,0
2026-02-17T17:46:58.629Z,50,374,19.95,50,SMART_GROW,2,0
2026-02-17T17:46:58.680Z,50,377,19.78,50,SMART_GROW,2,0
2026-02-17T17:46:58.729Z,50,377,20.67,50,SMART_GROW,2,0
2026-02-17T17:46:58.780Z,50,378,19.75,50,SMART_GROW,3,0
2026-02-17T17:46:58.830Z,50,377,19.57,50,SMART_GROW,2,0
2026-02-17T17:46:58.880Z,50,375,20.37,50,SMART_GROW,2,0
2026-02-17T17:46:58.930Z,50,374,20.16,50,SMART_GROW,1,0
2026-02-17T17:46:58.980Z,50,374,20.12,50,SMART_GROW,0,0
2026-02-17T17:46:59.030Z,50,373,20.31,50,SMART_GROW,1,0
2026-02-17T17:46:59.080Z,50,372,20.05,50,SMART_GROW,3,0
2026-02-17T17:46:59.130Z,50,377,21.08,50,SMART_GROW,2,0
2026-02-17T17:46:59.181Z,50,380,39.47,49,LAG_SHRINK,1,0
2026-02-17T17:46:59.232Z,50,384,19.44,50,SMART_GROW,3,0
2026-02-17T17:46:59.282Z,50,388,19.78,50,SMART_GROW,3,0
2026-02-17T17:46:59.332Z,50,391,19.70,50,SMART_GROW,5,0
2026-02-17T17:46:59.381Z,50,395,20.37,50,SMART_GROW,4,0
2026-02-17T17:46:59.432Z,50,397,19.21,50,SMART_GROW,6,0
2026-02-17T17:46:59.483Z,50,400,20.13,50,SMART_GROW,4,0
2026-02-17T17:46:59.532Z,50,400,20.31,50,SMART_GROW,2,0
2026-02-17T17:46:59.583Z,50,400,19.93,50,SMART_GROW,2,0
2026-02-17T17:46:59.633Z,50,401,20.00,50,SMART_GROW,1,0
2026-02-17T17:46:59.683Z,50,402,20.27,50,SMART_GROW,1,0
2026-02-17T17:46:59.733Z,50,403,21.45,50,SMART_GROW,2,0
2026-02-17T17:46:59.783Z,50,402,19.81,50,SMART_GROW,3,0
2026-02-17T17:46:59.834Z,50,400,22.47,50,SMART_GROW,4,0
2026-02-17T17:46:59.885Z,50,400,20.44,50,SMART_GROW,2,0
2026-02-17T17:46:59.934Z,50,398,20.30,50,SMART_GROW,2,0
2026-02-17T17:46:59.985Z,50,396,19.77,50,SMART_GROW,2,0
2026-02-17T17:47:00.035Z,50,393,20.18,50,SMART_GROW,4,0
2026-02-17T17:47:00.084Z,50,394,19.57,50,SMART_GROW,2,0
2026-02-17T17:47:00.135Z,50,394,20.29,50,SMART_GROW,2,0
2026-02-17T17:47:00.185Z,50,393,20.85,50,SMART_GROW,2,0
2026-02-17T17:47:00.235Z,50,393,20.00,50,SMART_GROW,3,0
2026-02-17T17:47:00.285Z,50,391,21.06,50,SMART_GROW,5,0
2026-02-17T17:47:00.334Z,50,394,19.73,50,SMART_GROW,2,0
2026-02-17T17:47:00.385Z,50,396,20.68,50,SMART_GROW,3,0
2026-02-17T17:47:00.435Z,50,396,20.28,50,SMART_GROW,5,0
2026-02-17T17:47:00.485Z,50,397,20.24,50,SMART_GROW,3,0
2026-02-17T17:47:00.535Z,50,397,20.01,50,SMART_GROW,2,0
2026-02-17T17:47:00.585Z,50,397,20.68,50,SMART_GROW,2,0
2026-02-17T17:47:00.636Z,50,398,20.14,50,SMART_GROW,0,0
2026-02-17T17:47:00.686Z,50,399,20.11,50,SMART_GROW,0,0
2026-02-17T17:47:00.736Z,50,401,19.94,50,SMART_GROW,0,0
2026-02-17T17:47:00.786Z,50,403,20.13,50,SMART_GROW,1,0
2026-02-17T17:47:00.836Z,50,404,20.23,50,SMART_GROW,2,0
2026-02-17T17:47:00.886Z,50,404,19.88,50,SMART_GROW,3,0
2026-02-17T17:47:00.937Z,50,405,19.96,50,SMART_GROW,2,0
2026-02-17T17:47:00.987Z,50,405,19.83,50,SMART_GROW,2,0
2026-02-17T17:47:01.038Z,50,405,20.13,50,SMART_GROW,4,0
2026-02-17T17:47:01.089Z,50,402,20.42,50,SMART_GROW,5,0
2026-02-17T17:47:01.139Z,50,398,19.95,50,SMART_GROW,6,0
2026-02-17T17:47:01.189Z,50,399,19.95,50,SMART_GROW,1,0
2026-02-17T17:47:01.240Z,50,402,20.27,50,SMART_GROW,1,0
2026-02-17T17:47:01.290Z,50,399,19.93,50,SMART_GROW,2,0
2026-02-17T17:47:01.340Z,50,400,20.53,50,SMART_GROW,1,0
2026-02-17T17:47:01.391Z,50,403,19.54,50,SMART_GROW,0,0
2026-02-17T17:47:01.441Z,50,408,19.94,50,SMART_GROW,0,0
2026-02-17T17:47:01.491Z,50,411,20.26,50,SMART_GROW,0,0
2026-02-17T17:47:01.541Z,50,413,19.82,50,SMART_GROW,0,0
2026-02-17T17:47:01.591Z,50,415,20.42,50,SMART_GROW,0,0
2026-02-17T17:47:01.641Z,50,415,20.24,50,SMART_GROW,0,0
2026-02-17T17:47:01.691Z,50,372,21.39,50,SMART_GROW,3,0
2026-02-17T17:47:01.741Z,50,366,19.93,50,SMART_GROW,4,0
2026-02-17T17:47:01.791Z,50,364,19.82,50,SMART_GROW,3,0
2026-02-17T17:47:01.842Z,50,360,20.29,50,SMART_GROW,6,0
2026-02-17T17:47:01.892Z,50,358,19.91,50,SMART_GROW,5,0
2026-02-17T17:47:01.942Z,50,357,20.10,50,SMART_GROW,3,0
2026-02-17T17:47:01.992Z,50,357,20.73,50,SMART_GROW,2,0
2026-02-17T17:47:02.042Z,50,358,19.78,50,SMART_GROW,3,0
2026-02-17T17:47:02.092Z,50,360,20.12,50,SMART_GROW,3,0
2026-02-17T17:47:02.142Z,50,366,19.14,50,SMART_GROW,0,0
2026-02-17T17:47:02.192Z,50,367,20.06,50,SMART_GROW,0,0
2026-02-17T17:47:02.242Z,50,367,19.18,50,SMART_GROW,1,0
2026-02-17T17:47:02.292Z,50,373,20.39,50,SMART_GROW,1,0
2026-02-17T17:47:02.341Z,50,374,20.55,50,SMART_GROW,0,0
2026-02-17T17:47:02.392Z,50,374,20.18,50,SMART_GROW,0,0
2026-02-17T17:47:02.445Z,50,374,20.16,50,SMART_GROW,0,0
2026-02-17T17:47:02.494Z,50,359,20.08,50,SMART_GROW,1,0
2026-02-17T17:47:02.545Z,50,359,20.14,50,SMART_GROW,0,0
2026-02-17T17:47:02.596Z,50,343,22.82,50,SMART_GROW,3,0
2026-02-17T17:47:02.646Z,50,343,20.05,50,SMART_GROW,3,0
2026-02-17T17:47:02.697Z,50,372,21.11,50,SMART_GROW,3,0
2026-02-17T17:47:02.747Z,50,378,20.36,50,SMART_GROW,0,0
2026-02-17T17:47:02.797Z,50,381,19.92,50,SMART_GROW,0,0
2026-02-17T17:47:02.848Z,50,387,20.88,50,SMART_GROW,1,0
2026-02-17T17:47:02.898Z,50,388,20.04,50,SMART_GROW,3,0
2026-02-17T17:47:02.948Z,50,386,20.88,50,SMART_GROW,5,0
2026-02-17T17:47:02.998Z,50,385,20.10,50,SMART_GROW,3,0
2026-02-17T17:47:03.048Z,50,387,19.34,50,SMART_GROW,1,0
2026-02-17T17:47:03.098Z,50,390,20.26,50,SMART_GROW,0,0
2026-02-17T17:47:03.149Z,50,338,25.85,50,SMART_GROW,3,0
2026-02-17T17:47:03.199Z,50,331,20.14,50,SMART_GROW,2,0
2026-02-17T17:47:03.249Z,50,325,20.18,50,SMART_GROW,2,0
2026-02-17T17:47:03.299Z,50,326,20.14,50,SMART_GROW,0,0
2026-02-17T17:47:03.349Z,50,315,19.91,50,SMART_GROW,2,0
2026-02-17T17:47:03.398Z,50,315,20.13,50,SMART_GROW,0,0
2026-02-17T17:47:03.449Z,50,306,20.15,50,SMART_GROW,3,0
2026-02-17T17:47:03.499Z,50,315,19.59,50,SMART_GROW,2,0
2026-02-17T17:47:03.549Z,50,312,20.23,50,SMART_GROW,1,0
2026-02-17T17:47:03.599Z,50,321,20.77,50,SMART_GROW,2,0
2026-02-17T17:47:03.648Z,50,324,20.05,50,SMART_GROW,0,0
2026-02-17T17:47:03.699Z,50,335,20.08,50,SMART_GROW,0,0
2026-02-17T17:47:03.750Z,50,325,20.22,50,SMART_GROW,1,0
2026-02-17T17:47:03.800Z,50,325,20.14,50,SMART_GROW,0,0
2026-02-17T17:47:03.850Z,50,326,19.74,50,SMART_GROW,0,0
2026-02-17T17:47:03.900Z,50,323,20.96,50,SMART_GROW,2,0
2026-02-17T17:47:03.950Z,50,327,19.88,50,SMART_GROW,1,0
2026-02-17T17:47:04.000Z,50,329,20.32,50,SMART_GROW,1,0
2026-02-17T17:47:04.051Z,50,328,19.87,50,SMART_GROW,2,0
2026-02-17T17:47:04.101Z,50,326,20.11,50,SMART_GROW,2,0
2026-02-17T17:47:04.150Z,50,378,20.24,50,SMART_GROW,0,0
2026-02-17T17:47:04.201Z,50,385,20.31,50,SMART_GROW,0,0
2026-02-17T17:47:04.250Z,50,392,20.36,50,SMART_GROW,0,0
2026-02-17T17:47:04.300Z,50,368,21.65,50,SMART_GROW,3,0
2026-02-17T17:47:04.351Z,50,373,20.58,50,SMART_GROW,4,0
2026-02-17T17:47:04.401Z,50,365,19.82,50,SMART_GROW,4,0
2026-02-17T17:47:04.451Z,50,367,19.75,50,SMART_GROW,6,0
2026-02-17T17:47:04.503Z,50,367,21.14,50,SMART_GROW,5,0
2026-02-17T17:47:04.553Z,50,365,20.26,50,SMART_GROW,4,0
2026-02-17T17:47:04.603Z,50,368,20.60,50,SMART_GROW,4,0
2026-02-17T17:47:04.653Z,50,362,20.11,50,SMART_GROW,6,0
2026-02-17T17:47:04.704Z,50,357,20.11,50,SMART_GROW,5,0
2026-02-17T17:47:04.754Z,50,363,20.02,50,SMART_GROW,4,0
2026-02-17T17:47:04.804Z,50,362,20.14,50,SMART_GROW,1,0
2026-02-17T17:47:04.853Z,50,362,20.14,50,SMART_GROW,0,0
2026-02-17T17:47:04.904Z,50,368,19.92,50,SMART_GROW,0,0
2026-02-17T17:47:04.954Z,50,369,20.13,50,SMART_GROW,0,0
2026-02-17T17:47:05.004Z,50,368,20.49,50,SMART_GROW,2,0
2026-02-17T17:47:05.054Z,50,368,19.05,50,SMART_GROW,2,0
2026-02-17T17:47:05.103Z,50,367,20.15,50,SMART_GROW,3,0
2026-02-17T17:47:05.154Z,50,364,20.18,50,SMART_GROW,3,0
2026-02-17T17:47:05.204Z,50,358,20.41,50,SMART_GROW,6,0
2026-02-17T17:47:05.254Z,50,351,19.98,50,SMART_GROW,7,0
2026-02-17T17:47:05.304Z,50,370,20.76,50,SMART_GROW,5,0
2026-02-17T17:47:05.353Z,50,372,20.16,50,SMART_GROW,4,0
2026-02-17T17:47:05.405Z,50,376,20.25,50,SMART_GROW,4,0
2026-02-17T17:47:05.455Z,50,377,20.82,50,SMART_GROW,8,0
2026-02-17T17:47:05.506Z,50,375,20.54,50,SMART_GROW,6,0
2026-02-17T17:47:05.559Z,50,376,19.60,50,SMART_GROW,4,0
2026-02-17T17:47:05.610Z,50,376,20.51,50,SMART_GROW,4,0
2026-02-17T17:47:05.660Z,50,378,20.36,50,SMART_GROW,4,0
2026-02-17T17:47:05.709Z,50,381,19.90,50,SMART_GROW,2,0
2026-02-17T17:47:05.760Z,50,385,20.31,50,SMART_GROW,0,0
2026-02-17T17:47:05.810Z,50,386,20.04,50,SMART_GROW,0,0
2026-02-17T17:47:05.860Z,50,386,20.19,50,SMART_GROW,0,0
2026-02-17T17:47:05.910Z,50,386,20.17,50,SMART_GROW,0,0
2026-02-17T17:47:05.960Z,50,384,20.36,50,SMART_GROW,2,0
2026-02-17T17:47:06.010Z,50,384,20.13,50,SMART_GROW,2,0
2026-02-17T17:47:06.060Z,50,383,19.75,50,SMART_GROW,3,0
2026-02-17T17:47:06.111Z,50,384,20.56,50,SMART_GROW,2,0
2026-02-17T17:47:06.162Z,50,388,19.82,50,SMART_GROW,0,0
2026-02-17T17:47:06.212Z,50,392,20.14,50,SMART_GROW,1,0
2026-02-17T17:47:06.263Z,50,399,20.16,50,SMART_GROW,0,0
2026-02-17T17:47:06.312Z,50,401,19.59,50,SMART_GROW,3,0
2026-02-17T17:47:06.363Z,50,402,20.08,50,SMART_GROW,4,0
2026-02-17T17:47:06.413Z,50,401,20.34,50,SMART_GROW,5,0
2026-02-17T17:47:06.463Z,50,404,20.83,50,SMART_GROW,4,0
2026-02-17T17:47:06.514Z,50,403,21.10,50,SMART_GROW,4,0
2026-02-17T17:47:06.564Z,50,405,20.52,50,SMART_GROW,4,0
2026-02-17T17:47:06.614Z,50,408,19.83,50,SMART_GROW,2,0
2026-02-17T17:47:06.665Z,50,410,20.46,50,SMART_GROW,2,0
2026-02-17T17:47:06.715Z,50,410,20.28,50,SMART_GROW,2,0
2026-02-17T17:47:06.766Z,50,408,19.37,50,SMART_GROW,2,0
2026-02-17T17:47:06.816Z,50,407,20.23,50,SMART_GROW,1,0
2026-02-17T17:47:06.866Z,50,407,20.16,50,SMART_GROW,0,0
2026-02-17T17:47:06.916Z,50,407,20.16,50,SMART_GROW,0,0
2026-02-17T17:47:06.966Z,50,409,19.96,50,SMART_GROW,0,0
2026-02-17T17:47:07.017Z,50,411,20.19,50,SMART_GROW,0,0
2026-02-17T17:47:07.066Z,50,415,19.83,50,SMART_GROW,0,0
2026-02-17T17:47:07.117Z,50,414,20.36,50,SMART_GROW,2,0
2026-02-17T17:47:07.167Z,50,412,20.50,50,SMART_GROW,2,0
2026-02-17T17:47:07.217Z,50,410,20.28,50,SMART_GROW,3,0
2026-02-17T17:47:07.266Z,50,404,20.49,50,SMART_GROW,6,0
2026-02-17T17:47:07.316Z,50,399,21.00,50,SMART_GROW,8,0
2026-02-17T17:47:07.367Z,50,397,20.58,50,SMART_GROW,6,0
2026-02-17T17:47:07.418Z,50,399,19.83,50,SMART_GROW,3,0
2026-02-17T17:47:07.467Z,50,399,19.95,50,SMART_GROW,4,0
2026-02-17T17:47:07.518Z,50,399,20.96,50,SMART_GROW,3,0
2026-02-17T17:47:07.569Z,50,399,20.04,50,SMART_GROW,5,0
2026-02-17T17:47:07.620Z,50,394,20.47,50,SMART_GROW,7,0
2026-02-17T17:47:07.670Z,50,393,20.78,50,SMART_GROW,3,0
2026-02-17T17:47:07.721Z,50,389,19.80,50,SMART_GROW,6,0
2026-02-17T17:47:07.771Z,50,386,19.65,50,SMART_GROW,5,0
2026-02-17T17:47:07.821Z,50,384,20.31,50,SMART_GROW,3,0
2026-02-17T17:47:07.871Z,50,381,20.00,50,SMART_GROW,2,0
2026-02-17T17:47:07.921Z,50,376,19.59,50,SMART_GROW,2,0
2026-02-17T17:47:07.970Z,50,373,19.83,50,SMART_GROW,2,0
2026-02-17T17:47:08.021Z,50,371,20.41,50,SMART_GROW,2,0
2026-02-17T17:47:08.071Z,50,370,20.14,50,SMART_GROW,1,0
2026-02-17T17:47:08.121Z,50,367,19.89,50,SMART_GROW,2,0
2026-02-17T17:47:08.170Z,50,368,20.78,50,SMART_GROW,2,0
2026-02-17T17:47:08.221Z,50,367,20.55,50,SMART_GROW,3,0
2026-02-17T17:47:08.272Z,50,368,19.90,50,SMART_GROW,5,0
2026-02-17T17:47:08.322Z,50,370,20.00,50,SMART_GROW,6,0
2026-02-17T17:47:08.372Z,50,376,20.19,50,SMART_GROW,0,0
2026-02-17T17:47:08.423Z,50,379,20.39,50,SMART_GROW,0,0
2026-02-17T17:47:08.472Z,50,383,20.32,50,SMART_GROW,0,0
2026-02-17T17:47:08.523Z,50,386,20.28,50,SMART_GROW,0,0
2026-02-17T17:47:08.573Z,50,392,19.69,50,SMART_GROW,0,0
2026-02-17T17:47:08.622Z,50,398,20.32,50,SMART_GROW,0,0
2026-02-17T17:47:08.673Z,50,401,20.11,50,SMART_GROW,0,0
2026-02-17T17:47:08.723Z,50,374,22.35,50,SMART_GROW,1,0
2026-02-17T17:47:08.773Z,50,382,20.77,50,SMART_GROW,0,0
2026-02-17T17:47:08.822Z,50,385,20.13,50,SMART_GROW,0,0
2026-02-17T17:47:08.873Z,50,388,19.87,50,SMART_GROW,0,0
2026-02-17T17:47:08.923Z,50,393,20.18,50,SMART_GROW,0,0
2026-02-17T17:47:08.974Z,50,396,19.91,50,SMART_GROW,0,0
2026-02-17T17:47:09.024Z,50,385,20.28,50,SMART_GROW,2,0
2026-02-17T17:47:09.074Z,50,384,21.49,50,SMART_GROW,2,0
2026-02-17T17:47:09.125Z,50,389,19.87,50,SMART_GROW,0,0
2026-02-17T17:47:09.175Z,50,340,41.37,49,LAG_SHRINK,3,0
2026-02-17T17:47:09.226Z,50,337,20.13,50,SMART_GROW,4,0
2026-02-17T17:47:09.275Z,50,332,20.04,50,SMART_GROW,6,0
2026-02-17T17:47:09.325Z,50,333,20.06,50,SMART_GROW,2,0
2026-02-17T17:47:09.375Z,50,329,20.07,50,SMART_GROW,2,0
2026-02-17T17:47:09.425Z,50,328,19.82,50,SMART_GROW,1,0
2026-02-17T17:47:09.476Z,50,320,20.13,50,SMART_GROW,1,0
2026-02-17T17:47:09.526Z,50,315,21.03,50,SMART_GROW,2,0
2026-02-17T17:47:09.576Z,50,315,19.78,50,SMART_GROW,0,0
2026-02-17T17:47:09.626Z,50,305,20.19,50,SMART_GROW,1,0
2026-02-17T17:47:09.676Z,50,303,20.30,50,SMART_GROW,2,0
2026-02-17T17:47:09.725Z,50,331,19.80,50,SMART_GROW,2,0
2026-02-17T17:47:09.776Z,50,325,19.97,50,SMART_GROW,2,0
2026-02-17T17:47:09.825Z,50,321,20.28,50,SMART_GROW,4,0
2026-02-17T17:47:09.876Z,50,318,19.98,50,SMART_GROW,3,0
2026-02-17T17:47:09.926Z,50,317,20.14,50,SMART_GROW,1,0
2026-02-17T17:47:09.976Z,50,315,20.09,50,SMART_GROW,2,0
2026-02-17T17:47:10.027Z,50,325,20.37,50,SMART_GROW,3,0
2026-02-17T17:47:10.077Z,50,318,20.18,50,SMART_GROW,9,0
2026-02-17T17:47:10.127Z,50,313,19.85,50,SMART_GROW,5,0
2026-02-17T17:47:10.177Z,50,364,19.82,50,SMART_GROW,0,0
2026-02-17T17:47:10.227Z,50,369,20.46,50,SMART_GROW,2,0
2026-02-17T17:47:10.277Z,50,378,20.11,50,SMART_GROW,0,0
2026-02-17T17:47:10.327Z,50,376,19.93,50,SMART_GROW,1,0
2026-02-17T17:47:10.377Z,50,374,22.32,50,SMART_GROW,2,0
2026-02-17T17:47:10.427Z,50,367,20.08,50,SMART_GROW,2,0
2026-02-17T17:47:10.477Z,50,366,20.44,50,SMART_GROW,2,0
2026-02-17T17:47:10.528Z,50,367,20.18,50,SMART_GROW,2,0
2026-02-17T17:47:10.578Z,50,364,20.28,50,SMART_GROW,1,0
2026-02-17T17:47:10.629Z,50,374,20.13,50,SMART_GROW,0,0
2026-02-17T17:47:10.678Z,50,376,19.67,50,SMART_GROW,0,0
2026-02-17T17:47:10.729Z,50,378,19.96,50,SMART_GROW,0,0
2026-02-17T17:47:10.778Z,50,384,19.75,50,SMART_GROW,0,0
2026-02-17T17:47:10.829Z,50,366,20.31,50,SMART_GROW,1,0
2026-02-17T17:47:10.880Z,50,364,20.43,50,SMART_GROW,5,0
2026-02-17T17:47:10.930Z,50,361,20.23,50,SMART_GROW,4,0
2026-02-17T17:47:10.980Z,50,361,20.06,50,SMART_GROW,2,0
2026-02-17T17:47:11.030Z,50,360,19.71,50,SMART_GROW,4,0
2026-02-17T17:47:11.080Z,50,365,20.64,50,SMART_GROW,4,0
2026-02-17T17:47:11.130Z,50,368,19.68,50,SMART_GROW,2,0
2026-02-17T17:47:11.179Z,50,366,19.41,50,SMART_GROW,2,0
2026-02-17T17:47:11.229Z,50,366,20.27,50,SMART_GROW,2,0
2026-02-17T17:47:11.280Z,50,361,19.62,50,SMART_GROW,5,0
2026-02-17T17:47:11.330Z,50,364,20.36,50,SMART_GROW,4,0
2026-02-17T17:47:11.380Z,50,368,19.57,50,SMART_GROW,2,0
2026-02-17T17:47:11.431Z,50,371,20.46,50,SMART_GROW,5,0
2026-02-17T17:47:11.480Z,50,376,20.83,50,SMART_GROW,4,0
2026-02-17T17:47:11.530Z,50,374,20.23,50,SMART_GROW,2,0
2026-02-17T17:47:11.581Z,50,377,20.11,50,SMART_GROW,0,0
2026-02-17T17:47:11.631Z,50,377,20.14,50,SMART_GROW,0,0
2026-02-17T17:47:11.681Z,50,377,20.14,50,SMART_GROW,0,0
2026-02-17T17:47:11.731Z,50,377,20.19,50,SMART_GROW,0,0
2026-02-17T17:47:11.781Z,50,377,20.14,50,SMART_GROW,0,0
2026-02-17T17:47:11.831Z,50,385,21.83,50,SMART_GROW,2,0
2026-02-17T17:47:11.881Z,50,382,20.64,50,SMART_GROW,7,0
2026-02-17T17:47:11.931Z,50,382,19.57,50,SMART_GROW,5,0
2026-02-17T17:47:11.982Z,50,378,20.41,50,SMART_GROW,6,0
2026-02-17T17:47:12.032Z,50,378,19.98,50,SMART_GROW,4,0
2026-02-17T17:47:12.082Z,50,379,20.50,50,SMART_GROW,3,0
2026-02-17T17:47:12.132Z,50,377,19.18,50,SMART_GROW,4,0
2026-02-17T17:47:12.181Z,50,375,20.51,50,SMART_GROW,4,0
2026-02-17T17:47:12.232Z,50,371,20.06,50,SMART_GROW,6,0
2026-02-17T17:47:12.282Z,50,370,20.08,50,SMART_GROW,6,0
2026-02-17T17:47:12.332Z,50,373,19.62,50,SMART_GROW,1,0
2026-02-17T17:47:12.383Z,50,375,19.78,50,SMART_GROW,0,0
2026-02-17T17:47:12.433Z,50,380,19.42,50,SMART_GROW,0,0
2026-02-17T17:47:12.483Z,50,384,20.32,50,SMART_GROW,0,0
2026-02-17T17:47:12.534Z,50,389,20.73,50,SMART_GROW,1,0
2026-02-17T17:47:12.583Z,50,387,19.87,50,SMART_GROW,2,0
2026-02-17T17:47:12.633Z,50,385,20.19,50,SMART_GROW,2,0
2026-02-17T17:47:12.684Z,50,384,20.32,50,SMART_GROW,1,0
2026-02-17T17:47:12.734Z,50,381,20.57,50,SMART_GROW,3,0
2026-02-17T17:47:12.784Z,50,375,20.29,50,SMART_GROW,6,0
2026-02-17T17:47:12.834Z,50,387,20.00,50,SMART_GROW,2,0
2026-02-17T17:47:12.884Z,50,392,19.69,50,SMART_GROW,2,0
2026-02-17T17:47:12.934Z,50,396,20.14,50,SMART_GROW,1,0
2026-02-17T17:47:12.985Z,50,402,19.79,50,SMART_GROW,0,0
2026-02-17T17:47:13.035Z,50,406,20.36,50,SMART_GROW,0,0
2026-02-17T17:47:13.085Z,50,407,20.20,50,SMART_GROW,2,0
2026-02-17T17:47:13.135Z,50,410,20.31,50,SMART_GROW,1,0
2026-02-17T17:47:13.185Z,50,414,19.88,50,SMART_GROW,0,0
2026-02-17T17:47:13.236Z,50,421,19.83,50,SMART_GROW,0,0
2026-02-17T17:47:13.285Z,50,426,19.75,50,SMART_GROW,0,0
2026-02-17T17:47:13.336Z,50,427,20.21,50,SMART_GROW,0,0
2026-02-17T17:47:13.386Z,50,427,20.19,50,SMART_GROW,0,0
2026-02-17T17:47:13.436Z,50,427,20.13,50,SMART_GROW,0,0
2026-02-17T17:47:13.486Z,50,427,19.81,50,SMART_GROW,0,0
2026-02-17T17:47:13.536Z,50,418,21.26,50,SMART_GROW,1,0
2026-02-17T17:47:13.590Z,50,412,21.33,50,SMART_GROW,7,0
2026-02-17T17:47:13.640Z,50,407,19.87,50,SMART_GROW,7,0
2026-02-17T17:47:13.691Z,50,403,20.05,50,SMART_GROW,5,0
2026-02-17T17:47:13.741Z,50,404,20.28,50,SMART_GROW,3,0
2026-02-17T17:47:13.791Z,50,409,20.03,50,SMART_GROW,0,0
2026-02-17T17:47:13.841Z,50,411,19.98,50,SMART_GROW,0,0
2026-02-17T17:47:13.890Z,50,405,20.39,50,SMART_GROW,1,0
2026-02-17T17:47:13.941Z,50,400,20.26,50,SMART_GROW,2,0
2026-02-17T17:47:13.991Z,50,398,19.98,50,SMART_GROW,1,0
2026-02-17T17:47:14.041Z,50,398,20.18,50,SMART_GROW,0,0
2026-02-17T17:47:14.091Z,50,400,20.42,50,SMART_GROW,0,0
2026-02-17T17:47:14.140Z,50,401,20.13,50,SMART_GROW,0,0
2026-02-17T17:47:14.190Z,50,401,20.31,50,SMART_GROW,0,0
2026-02-17T17:47:14.241Z,50,401,20.13,50,SMART_GROW,0,0
2026-02-17T17:47:14.291Z,50,401,19.86,50,SMART_GROW,0,0
2026-02-17T17:47:14.341Z,50,376,21.47,50,SMART_GROW,2,0
2026-02-17T17:47:14.391Z,50,370,20.03,50,SMART_GROW,6,0
2026-02-17T17:47:14.440Z,50,365,20.52,50,SMART_GROW,5,0
2026-02-17T17:47:14.491Z,50,359,19.73,50,SMART_GROW,6,0
2026-02-17T17:47:14.541Z,50,365,20.03,50,SMART_GROW,4,0
2026-02-17T17:47:14.590Z,50,367,20.75,50,SMART_GROW,6,0
2026-02-17T17:47:14.641Z,50,370,20.67,50,SMART_GROW,4,0
2026-02-17T17:47:14.691Z,50,372,20.67,50,SMART_GROW,3,0
2026-02-17T17:47:14.741Z,50,375,20.23,50,SMART_GROW,0,0
2026-02-17T17:47:14.791Z,50,372,20.72,50,SMART_GROW,3,0
2026-02-17T17:47:14.841Z,50,368,19.87,50,SMART_GROW,4,0
2026-02-17T17:47:14.891Z,50,374,20.36,50,SMART_GROW,3,0
2026-02-17T17:47:14.941Z,50,377,20.06,50,SMART_GROW,2,0
2026-02-17T17:47:14.991Z,50,378,20.18,50,SMART_GROW,1,0
2026-02-17T17:47:15.041Z,50,378,20.18,50,SMART_GROW,0,0
2026-02-17T17:47:15.092Z,50,378,20.14,50,SMART_GROW,0,0
2026-02-17T17:47:15.142Z,50,378,20.14,50,SMART_GROW,0,0
2026-02-17T17:47:15.191Z,50,378,20.11,50,SMART_GROW,0,0
2026-02-17T17:47:15.242Z,50,324,40.16,49,LAG_SHRINK,1,0
2026-02-17T17:47:15.292Z,50,324,20.16,50,SMART_GROW,0,0
2026-02-17T17:47:15.342Z,50,333,19.77,50,SMART_GROW,2,0
2026-02-17T17:47:15.391Z,50,334,21.75,50,SMART_GROW,2,0
2026-02-17T17:47:15.442Z,50,337,20.03,50,SMART_GROW,3,0
2026-02-17T17:47:15.492Z,50,335,20.33,50,SMART_GROW,5,0
2026-02-17T17:47:15.542Z,50,332,20.50,50,SMART_GROW,7,0
2026-02-17T17:47:15.592Z,50,335,19.77,50,SMART_GROW,3,0
2026-02-17T17:47:15.641Z,50,336,21.29,50,SMART_GROW,2,0
2026-02-17T17:47:15.692Z,50,337,19.95,50,SMART_GROW,1,0
2026-02-17T17:47:15.742Z,50,333,20.01,50,SMART_GROW,4,0
2026-02-17T17:47:15.792Z,50,332,20.41,50,SMART_GROW,3,0
2026-02-17T17:47:15.842Z,50,332,19.88,50,SMART_GROW,2,0
2026-02-17T17:47:15.893Z,50,331,20.47,50,SMART_GROW,3,0
2026-02-17T17:47:15.944Z,50,333,20.16,50,SMART_GROW,0,0
2026-02-17T17:47:15.993Z,50,333,20.01,50,SMART_GROW,1,0
2026-02-17T17:47:16.044Z,50,333,20.13,50,SMART_GROW,0,0
2026-02-17T17:47:16.094Z,50,333,20.14,50,SMART_GROW,0,0
2026-02-17T17:47:16.144Z,50,333,20.13,50,SMART_GROW,0,0
2026-02-17T17:47:16.194Z,50,313,22.08,50,SMART_GROW,3,0
2026-02-17T17:47:16.244Z,50,363,20.64,50,SMART_GROW,4,0
2026-02-17T17:47:16.294Z,50,361,21.36,50,SMART_GROW,2,0
2026-02-17T17:47:16.344Z,50,376,20.23,50,SMART_GROW,1,0
2026-02-17T17:47:16.394Z,50,373,20.49,50,SMART_GROW,3,0
2026-02-17T17:47:16.445Z,50,368,21.00,50,SMART_GROW,4,0
2026-02-17T17:47:16.496Z,50,364,20.70,50,SMART_GROW,5,0
2026-02-17T17:47:16.546Z,50,368,20.93,50,SMART_GROW,2,0
2026-02-17T17:47:16.598Z,50,368,20.19,50,SMART_GROW,3,0
2026-02-17T17:47:16.648Z,50,368,20.54,50,SMART_GROW,3,0
2026-02-17T17:47:16.698Z,50,366,19.92,50,SMART_GROW,4,0
2026-02-17T17:47:16.749Z,50,371,19.78,50,SMART_GROW,0,0
2026-02-17T17:47:16.800Z,50,374,19.96,50,SMART_GROW,0,0
2026-02-17T17:47:16.850Z,50,380,20.29,50,SMART_GROW,0,0
2026-02-17T17:47:16.900Z,50,367,20.02,50,SMART_GROW,1,0
2026-02-17T17:47:16.950Z,50,367,20.13,50,SMART_GROW,0,0
2026-02-17T17:47:17.000Z,50,359,20.71,50,SMART_GROW,2,0
2026-02-17T17:47:17.050Z,50,358,20.13,50,SMART_GROW,1,0
2026-02-17T17:47:17.100Z,50,351,21.81,50,SMART_GROW,2,0
2026-02-17T17:47:17.150Z,50,349,19.65,50,SMART_GROW,2,0
2026-02-17T17:47:17.201Z,50,365,20.19,50,SMART_GROW,4,0
2026-02-17T17:47:17.251Z,50,364,19.73,50,SMART_GROW,5,0
2026-02-17T17:47:17.302Z,50,364,20.16,50,SMART_GROW,2,0
2026-02-17T17:47:17.352Z,50,363,20.13,50,SMART_GROW,1,0
2026-02-17T17:47:17.402Z,50,372,20.34,50,SMART_GROW,1,0
2026-02-17T17:47:17.452Z,50,378,19.59,50,SMART_GROW,2,0
2026-02-17T17:47:17.502Z,50,385,20.06,50,SMART_GROW,0,0
2026-02-17T17:47:17.552Z,50,377,20.65,50,SMART_GROW,1,0
2026-02-17T17:47:17.601Z,50,379,20.42,50,SMART_GROW,1,0
2026-02-17T17:47:17.652Z,50,381,20.01,50,SMART_GROW,1,0
2026-02-17T17:47:17.702Z,50,384,20.29,50,SMART_GROW,1,0
2026-02-17T17:47:17.753Z,50,381,20.23,50,SMART_GROW,3,0
2026-02-17T17:47:17.804Z,50,376,20.16,50,SMART_GROW,5,0
2026-02-17T17:47:17.854Z,50,372,19.36,50,SMART_GROW,2,0
2026-02-17T17:47:17.904Z,50,379,20.25,50,SMART_GROW,1,0
2026-02-17T17:47:17.954Z,50,377,20.26,50,SMART_GROW,1,0
2026-02-17T17:47:18.004Z,50,377,20.33,50,SMART_GROW,3,0
2026-02-17T17:47:18.054Z,50,378,20.18,50,SMART_GROW,0,0
2026-02-17T17:47:18.105Z,50,385,20.46,50,SMART_GROW,0,0
2026-02-17T17:47:18.155Z,50,378,19.42,50,SMART_GROW,2,0
2026-02-17T17:47:18.205Z,50,380,20.25,50,SMART_GROW,1,0
2026-02-17T17:47:18.256Z,50,386,20.73,50,SMART_GROW,0,0
2026-02-17T17:47:18.313Z,50,372,20.18,50,SMART_GROW,1,0
2026-02-17T17:47:18.363Z,50,368,19.89,50,SMART_GROW,6,0
2026-02-17T17:47:18.413Z,50,369,20.14,50,SMART_GROW,2,0
2026-02-17T17:47:18.463Z,50,368,20.36,50,SMART_GROW,3,0
2026-02-17T17:47:18.514Z,50,368,20.05,50,SMART_GROW,0,0
2026-02-17T17:47:18.563Z,50,379,20.05,50,SMART_GROW,0,0
2026-02-17T17:47:18.614Z,50,379,19.90,50,SMART_GROW,1,0
2026-02-17T17:47:18.664Z,50,379,20.09,50,SMART_GROW,2,0
2026-02-17T17:47:18.714Z,50,376,22.86,50,SMART_GROW,4,0
2026-02-17T17:47:18.765Z,50,375,19.65,50,SMART_GROW,4,0
2026-02-17T17:47:18.814Z,50,378,20.59,50,SMART_GROW,1,0
2026-02-17T17:47:18.866Z,50,382,19.96,50,SMART_GROW,0,0
2026-02-17T17:47:18.915Z,50,387,19.39,50,SMART_GROW,3,0
2026-02-17T17:47:18.966Z,50,392,19.97,50,SMART_GROW,0,0
2026-02-17T17:47:19.016Z,50,397,19.62,50,SMART_GROW,1,0
2026-02-17T17:47:19.066Z,50,397,20.17,50,SMART_GROW,0,0
2026-02-17T17:47:19.116Z,50,397,20.16,50,SMART_GROW,0,0
2026-02-17T17:47:19.166Z,50,406,20.07,50,SMART_GROW,2,0
2026-02-17T17:47:19.219Z,50,404,23.08,50,SMART_GROW,2,0
2026-02-17T17:47:19.271Z,50,399,20.50,50,SMART_GROW,5,0
2026-02-17T17:47:19.321Z,50,410,19.31,50,SMART_GROW,6,0
2026-02-17T17:47:19.371Z,50,405,21.70,50,SMART_GROW,9,0
2026-02-17T17:47:19.421Z,50,398,20.39,50,SMART_GROW,9,0
2026-02-17T17:47:19.471Z,50,394,19.68,50,SMART_GROW,7,0
2026-02-17T17:47:19.521Z,50,392,20.44,50,SMART_GROW,2,0
2026-02-17T17:47:19.572Z,50,392,20.19,50,SMART_GROW,0,0
2026-02-17T17:47:19.622Z,50,392,19.73,50,SMART_GROW,1,0
2026-02-17T17:47:19.672Z,50,391,21.78,50,SMART_GROW,3,0
2026-02-17T17:47:19.722Z,50,392,19.69,50,SMART_GROW,3,0
2026-02-17T17:47:19.774Z,50,393,20.96,50,SMART_GROW,3,0
2026-02-17T17:47:19.824Z,50,392,19.78,50,SMART_GROW,2,0
2026-02-17T17:47:19.875Z,50,391,19.99,50,SMART_GROW,2,0
2026-02-17T17:47:19.925Z,50,390,19.88,50,SMART_GROW,3,0
2026-02-17T17:47:19.975Z,50,386,20.83,50,SMART_GROW,4,0
2026-02-17T17:47:20.025Z,50,384,20.37,50,SMART_GROW,3,0
2026-02-17T17:47:20.075Z,50,384,20.14,50,SMART_GROW,0,0
2026-02-17T17:47:20.125Z,50,382,20.19,50,SMART_GROW,2,0
2026-02-17T17:47:20.174Z,50,384,20.39,50,SMART_GROW,0,0
2026-02-17T17:47:20.224Z,50,385,19.94,50,SMART_GROW,1,0
2026-02-17T17:47:20.275Z,50,388,20.29,50,SMART_GROW,2,0
2026-02-17T17:47:20.325Z,50,391,20.23,50,SMART_GROW,3,0
2026-02-17T17:47:20.376Z,50,397,20.44,50,SMART_GROW,3,0
2026-02-17T17:47:20.426Z,50,404,20.21,50,SMART_GROW,2,0
2026-02-17T17:47:20.477Z,50,408,20.09,50,SMART_GROW,3,0
2026-02-17T17:47:20.527Z,50,405,20.41,50,SMART_GROW,2,0
2026-02-17T17:47:20.579Z,50,397,19.65,50,SMART_GROW,3,0
2026-02-17T17:47:20.629Z,50,395,20.34,50,SMART_GROW,1,0
2026-02-17T17:47:20.680Z,50,398,20.75,50,SMART_GROW,0,0
2026-02-17T17:47:20.730Z,50,395,20.24,50,SMART_GROW,1,0
2026-02-17T17:47:20.780Z,50,394,19.42,50,SMART_GROW,4,0
2026-02-17T17:47:20.831Z,50,394,20.09,50,SMART_GROW,2,0
2026-02-17T17:47:20.881Z,50,393,21.42,50,SMART_GROW,2,0
2026-02-17T17:47:20.930Z,50,394,20.14,50,SMART_GROW,1,0
2026-02-17T17:47:20.978Z,50,396,20.03,50,SMART_GROW,2,0
2026-02-17T17:47:21.028Z,50,398,20.22,50,SMART_GROW,1,0
2026-02-17T17:47:21.078Z,50,398,20.18,50,SMART_GROW,0,0
2026-02-17T17:47:21.128Z,50,398,20.53,50,SMART_GROW,2,0
2026-02-17T17:47:21.179Z,50,396,21.32,50,SMART_GROW,2,0
2026-02-17T17:47:21.229Z,50,395,19.92,50,SMART_GROW,2,0
2026-02-17T17:47:21.280Z,50,350,20.59,50,SMART_GROW,2,0
2026-02-17T17:47:21.330Z,50,341,20.42,50,SMART_GROW,5,0
2026-02-17T17:47:21.380Z,50,337,20.46,50,SMART_GROW,4,0
2026-02-17T17:47:21.430Z,50,336,19.62,50,SMART_GROW,3,0
2026-02-17T17:47:21.480Z,50,332,19.86,50,SMART_GROW,4,0
2026-02-17T17:47:21.531Z,50,334,19.90,50,SMART_GROW,5,0
2026-02-17T17:47:21.581Z,50,331,19.71,50,SMART_GROW,3,0
2026-02-17T17:47:21.631Z,50,339,0.00,50,SMART_GROW,0,0
2026-02-17T17:47:21.681Z,50,339,20.16,50,SMART_GROW,0,0
2026-02-17T17:47:21.732Z,50,344,20.14,50,SMART_GROW,0,0
2026-02-17T17:47:21.783Z,50,348,20.19,50,SMART_GROW,0,0
2026-02-17T17:47:21.833Z,50,350,20.32,50,SMART_GROW,0,0
2026-02-17T17:47:21.883Z,50,353,20.41,50,SMART_GROW,0,0
2026-02-17T17:47:21.933Z,50,355,20.18,50,SMART_GROW,0,0
2026-02-17T17:47:21.983Z,50,333,20.39,50,SMART_GROW,2,0
2026-02-17T17:47:22.035Z,50,332,20.26,50,SMART_GROW,2,0
2026-02-17T17:47:22.085Z,50,328,20.05,50,SMART_GROW,4,0
2026-02-17T17:47:22.135Z,50,325,20.65,50,SMART_GROW,5,0
2026-02-17T17:47:22.185Z,50,318,20.33,50,SMART_GROW,4,0
2026-02-17T17:47:22.235Z,50,317,19.96,50,SMART_GROW,2,0
2026-02-17T17:47:22.286Z,50,363,20.04,50,SMART_GROW,2,0
2026-02-17T17:47:22.336Z,50,374,20.50,50,SMART_GROW,2,0
2026-02-17T17:47:22.386Z,50,375,20.33,50,SMART_GROW,3,0
2026-02-17T17:47:22.438Z,50,367,20.91,50,SMART_GROW,3,0
2026-02-17T17:47:22.488Z,50,366,21.24,50,SMART_GROW,4,0
2026-02-17T17:47:22.538Z,50,368,19.83,50,SMART_GROW,2,0
2026-02-17T17:47:22.588Z,50,368,20.69,50,SMART_GROW,2,0
2026-02-17T17:47:22.638Z,50,364,21.75,50,SMART_GROW,2,0
2026-02-17T17:47:22.688Z,50,361,19.75,50,SMART_GROW,2,0
2026-02-17T17:47:22.739Z,50,357,19.55,50,SMART_GROW,3,0
2026-02-17T17:47:22.790Z,50,354,20.63,50,SMART_GROW,3,0
2026-02-17T17:47:22.840Z,50,350,21.36,50,SMART_GROW,4,0
2026-02-17T17:47:22.890Z,50,343,22.01,50,SMART_GROW,3,0
2026-02-17T17:47:22.940Z,50,338,20.14,50,SMART_GROW,5,0
2026-02-17T17:47:22.991Z,50,356,20.23,50,SMART_GROW,6,0
2026-02-17T17:47:23.042Z,50,354,20.19,50,SMART_GROW,4,0
2026-02-17T17:47:23.092Z,50,355,20.55,50,SMART_GROW,4,0
2026-02-17T17:47:23.142Z,50,356,20.23,50,SMART_GROW,3,0
2026-02-17T17:47:23.192Z,50,364,19.87,50,SMART_GROW,1,0
2026-02-17T17:47:23.242Z,50,367,20.34,50,SMART_GROW,0,0
2026-02-17T17:47:23.292Z,50,363,20.52,50,SMART_GROW,1,0
2026-02-17T17:47:23.342Z,50,362,20.09,50,SMART_GROW,3,0
2026-02-17T17:47:23.392Z,50,364,19.47,50,SMART_GROW,3,0
2026-02-17T17:47:23.442Z,50,372,19.56,50,SMART_GROW,2,0
2026-02-17T17:47:23.492Z,50,377,20.73,50,SMART_GROW,3,0
2026-02-17T17:47:23.542Z,50,379,20.29,50,SMART_GROW,3,0
2026-02-17T17:47:23.592Z,50,374,20.24,50,SMART_GROW,5,0
2026-02-17T17:47:23.642Z,50,375,20.05,50,SMART_GROW,3,0
2026-02-17T17:47:23.693Z,50,376,19.24,50,SMART_GROW,2,0
2026-02-17T17:47:23.743Z,50,379,19.85,50,SMART_GROW,1,0
2026-02-17T17:47:23.793Z,50,382,20.31,50,SMART_GROW,0,0
2026-02-17T17:47:23.843Z,50,386,20.26,50,SMART_GROW,0,0
2026-02-17T17:47:23.893Z,50,387,20.00,50,SMART_GROW,2,0
2026-02-17T17:47:23.944Z,50,392,20.52,50,SMART_GROW,0,0
2026-02-17T17:47:23.994Z,50,398,20.11,50,SMART_GROW,0,0
2026-02-17T17:47:24.045Z,50,402,20.42,50,SMART_GROW,0,0
2026-02-17T17:47:24.095Z,50,387,20.37,50,SMART_GROW,2,0
2026-02-17T17:47:24.145Z,50,384,21.80,50,SMART_GROW,2,0
2026-02-17T17:47:24.195Z,50,380,19.89,50,SMART_GROW,3,0
2026-02-17T17:47:24.245Z,50,374,20.78,50,SMART_GROW,6,0
2026-02-17T17:47:24.295Z,50,376,19.96,50,SMART_GROW,4,0
2026-02-17T17:47:24.345Z,50,373,20.21,50,SMART_GROW,2,0
2026-02-17T17:47:24.395Z,50,372,19.80,50,SMART_GROW,3,0
2026-02-17T17:47:24.445Z,50,374,20.24,50,SMART_GROW,0,0
2026-02-17T17:47:24.495Z,50,376,20.90,50,SMART_GROW,0,0
2026-02-17T17:47:24.545Z,50,380,20.13,50,SMART_GROW,0,0
2026-02-17T17:47:24.595Z,50,388,20.55,50,SMART_GROW,0,0
2026-02-17T17:47:24.645Z,50,391,19.91,50,SMART_GROW,0,0
2026-02-17T17:47:24.695Z,50,393,20.52,50,SMART_GROW,0,0
2026-02-17T17:47:24.745Z,50,382,20.41,50,SMART_GROW,1,0
2026-02-17T17:47:24.796Z,50,377,20.01,50,SMART_GROW,2,0
2026-02-17T17:47:24.846Z,50,376,20.16,50,SMART_GROW,1,0
2026-02-17T17:47:24.896Z,50,382,20.18,50,SMART_GROW,0,0
2026-02-17T17:47:24.946Z,50,382,20.13,50,SMART_GROW,0,0
2026-02-17T17:47:24.996Z,50,380,19.91,50,SMART_GROW,1,0
2026-02-17T17:47:25.046Z,50,380,20.13,50,SMART_GROW,0,0
2026-02-17T17:47:25.096Z,50,398,20.79,50,SMART_GROW,1,0
2026-02-17T17:47:25.147Z,50,399,19.95,50,SMART_GROW,5,0
2026-02-17T17:47:25.197Z,50,399,19.82,50,SMART_GROW,5,0
2026-02-17T17:47:25.247Z,50,402,19.49,50,SMART_GROW,3,0
2026-02-17T17:47:25.297Z,50,404,20.33,50,SMART_GROW,2,0
2026-02-17T17:47:25.347Z,50,409,20.78,50,SMART_GROW,1,0
2026-02-17T17:47:25.397Z,50,413,19.96,50,SMART_GROW,0,0
2026-02-17T17:47:25.447Z,50,413,20.14,50,SMART_GROW,0,0
2026-02-17T17:47:25.497Z,50,413,20.37,50,SMART_GROW,0,0
2026-02-17T17:47:25.547Z,50,413,20.23,50,SMART_GROW,0,0
2026-02-17T17:47:25.597Z,50,387,20.14,50,SMART_GROW,1,0
2026-02-17T17:47:25.647Z,50,385,19.72,50,SMART_GROW,2,0
2026-02-17T17:47:25.697Z,50,381,20.27,50,SMART_GROW,3,0
2026-02-17T17:47:25.755Z,50,390,19.42,50,SMART_GROW,3,0
2026-02-17T17:47:25.805Z,50,395,20.11,50,SMART_GROW,0,0
2026-02-17T17:47:25.855Z,50,393,20.30,50,SMART_GROW,1,0
2026-02-17T17:47:25.905Z,50,393,20.16,50,SMART_GROW,0,0
2026-02-17T17:47:25.956Z,50,386,20.13,50,SMART_GROW,1,0
2026-02-17T17:47:26.006Z,50,384,19.99,50,SMART_GROW,2,0
2026-02-17T17:47:26.056Z,50,382,19.73,50,SMART_GROW,2,0
2026-02-17T17:47:26.106Z,50,384,19.57,50,SMART_GROW,1,0
2026-02-17T17:47:26.157Z,50,388,20.41,50,SMART_GROW,0,0
2026-02-17T17:47:26.209Z,50,392,20.00,50,SMART_GROW,0,0
2026-02-17T17:47:26.259Z,50,392,20.73,50,SMART_GROW,3,0
2026-02-17T17:47:26.309Z,50,390,20.05,50,SMART_GROW,4,0
2026-02-17T17:47:26.360Z,50,387,20.26,50,SMART_GROW,4,0
2026-02-17T17:47:26.410Z,50,380,20.33,50,SMART_GROW,7,0
2026-02-17T17:47:26.460Z,50,378,19.62,50,SMART_GROW,2,0
2026-02-17T17:47:26.510Z,50,378,20.23,50,SMART_GROW,0,0
2026-02-17T17:47:26.561Z,50,375,20.16,50,SMART_GROW,1,0
2026-02-17T17:47:26.611Z,50,401,20.26,50,SMART_GROW,0,0
2026-02-17T17:47:26.661Z,50,404,19.87,50,SMART_GROW,0,0
2026-02-17T17:47:26.711Z,50,408,20.09,50,SMART_GROW,0,0
2026-02-17T17:47:26.761Z,50,410,20.14,50,SMART_GROW,0,0
2026-02-17T17:47:26.811Z,50,393,20.79,50,SMART_GROW,1,0
2026-02-17T17:47:26.862Z,50,391,20.08,50,SMART_GROW,4,0
2026-02-17T17:47:26.912Z,50,387,20.56,50,SMART_GROW,4,0
2026-02-17T17:47:26.962Z,50,392,20.95,50,SMART_GROW,2,0
2026-02-17T17:47:27.012Z,50,393,20.14,50,SMART_GROW,3,0
2026-02-17T17:47:27.063Z,50,395,20.18,50,SMART_GROW,0,0
2026-02-17T17:47:27.113Z,50,396,20.12,50,SMART_GROW,0,0
2026-02-17T17:47:27.163Z,50,394,21.27,50,SMART_GROW,2,0
2026-02-17T17:47:27.213Z,50,393,20.09,50,SMART_GROW,2,0
2026-02-17T17:47:27.264Z,50,391,19.67,50,SMART_GROW,2,0
2026-02-17T17:47:27.314Z,50,395,19.98,50,SMART_GROW,0,0
2026-02-17T17:47:27.364Z,50,400,20.03,50,SMART_GROW,0,0
2026-02-17T17:47:27.414Z,50,406,19.96,50,SMART_GROW,0,0
2026-02-17T17:47:27.464Z,50,346,0.00,50,SMART_GROW,1,0
2026-02-17T17:47:27.515Z,50,343,20.34,50,SMART_GROW,1,0
2026-02-17T17:47:27.564Z,50,346,20.23,50,SMART_GROW,0,0
2026-02-17T17:47:27.615Z,50,331,20.14,50,SMART_GROW,1,0
2026-02-17T17:47:27.665Z,50,330,19.74,50,SMART_GROW,1,0
2026-02-17T17:47:27.715Z,50,326,20.15,50,SMART_GROW,4,0
2026-02-17T17:47:27.765Z,50,324,20.29,50,SMART_GROW,2,0
2026-02-17T17:47:27.816Z,50,339,19.90,50,SMART_GROW,2,0
2026-02-17T17:47:27.866Z,50,342,19.91,50,SMART_GROW,2,0
2026-02-17T17:47:27.916Z,50,342,19.84,50,SMART_GROW,4,0
2026-02-17T17:47:27.966Z,50,336,19.87,50,SMART_GROW,3,0
2026-02-17T17:47:28.017Z,50,337,20.16,50,SMART_GROW,1,0
2026-02-17T17:47:28.067Z,50,335,20.01,50,SMART_GROW,2,0
2026-02-17T17:47:28.117Z,50,329,19.70,50,SMART_GROW,5,0
2026-02-17T17:47:28.167Z,50,327,19.46,50,SMART_GROW,4,0
2026-02-17T17:47:28.217Z,50,322,20.22,50,SMART_GROW,2,0
2026-02-17T17:47:28.267Z,50,322,19.75,50,SMART_GROW,3,0
2026-02-17T17:47:28.318Z,50,320,20.64,50,SMART_GROW,2,0
2026-02-17T17:47:28.368Z,50,320,20.50,50,SMART_GROW,0,0
2026-02-17T17:47:28.418Z,50,312,20.37,50,SMART_GROW,2,0
2026-02-17T17:47:28.469Z,50,365,19.80,50,SMART_GROW,2,0
2026-02-17T17:47:28.520Z,50,361,20.39,50,SMART_GROW,2,0
2026-02-17T17:47:28.570Z,50,354,20.59,50,SMART_GROW,3,0
2026-02-17T17:47:28.621Z,50,364,19.31,50,SMART_GROW,5,0
2026-02-17T17:47:28.671Z,50,357,20.03,50,SMART_GROW,8,0
2026-02-17T17:47:28.721Z,50,358,20.46,50,SMART_GROW,3,0
2026-02-17T17:47:28.771Z,50,359,20.19,50,SMART_GROW,1,0
2026-02-17T17:47:28.821Z,50,360,20.50,50,SMART_GROW,1,0
2026-02-17T17:47:28.871Z,50,361,19.82,50,SMART_GROW,1,0
2026-02-17T17:47:28.921Z,50,366,20.44,50,SMART_GROW,0,0
2026-02-17T17:47:28.971Z,50,373,20.03,50,SMART_GROW,0,0
2026-02-17T17:47:29.022Z,50,357,20.06,50,SMART_GROW,2,0
2026-02-17T17:47:29.072Z,50,352,20.39,50,SMART_GROW,6,0
2026-02-17T17:47:29.122Z,50,357,19.49,50,SMART_GROW,1,0
2026-02-17T17:47:29.174Z,50,361,20.35,50,SMART_GROW,0,0
2026-02-17T17:47:29.224Z,50,368,19.47,50,SMART_GROW,0,0
2026-02-17T17:47:29.274Z,50,366,20.05,50,SMART_GROW,3,0
2026-02-17T17:47:29.324Z,50,368,20.44,50,SMART_GROW,0,0
2026-02-17T17:47:29.374Z,50,368,20.30,50,SMART_GROW,0,0
2026-02-17T17:47:29.424Z,50,376,20.16,50,SMART_GROW,0,0
2026-02-17T17:47:29.475Z,50,385,19.78,50,SMART_GROW,0,0
2026-02-17T17:47:29.525Z,50,375,19.93,50,SMART_GROW,4,0
2026-02-17T17:47:29.576Z,50,375,20.82,50,SMART_GROW,4,0
2026-02-17T17:47:29.626Z,50,377,19.41,50,SMART_GROW,2,0
2026-02-17T17:47:29.676Z,50,382,20.07,50,SMART_GROW,2,0
2026-02-17T17:47:29.726Z,50,382,19.60,50,SMART_GROW,3,0
2026-02-17T17:47:29.776Z,50,380,20.54,50,SMART_GROW,3,0
2026-02-17T17:47:29.827Z,50,379,20.31,50,SMART_GROW,2,0
2026-02-17T17:47:29.877Z,50,378,20.00,50,SMART_GROW,2,0
2026-02-17T17:47:29.927Z,50,374,19.65,50,SMART_GROW,4,0
2026-02-17T17:47:29.977Z,50,369,20.47,50,SMART_GROW,5,0
2026-02-17T17:47:30.027Z,50,384,20.28,50,SMART_GROW,6,0
2026-02-17T17:47:30.077Z,50,382,20.16,50,SMART_GROW,6,0
2026-02-17T17:47:30.128Z,50,378,20.75,50,SMART_GROW,5,0
2026-02-17T17:47:30.178Z,50,375,20.21,50,SMART_GROW,3,0
2026-02-17T17:47:30.228Z,50,374,20.13,50,SMART_GROW,1,0
2026-02-17T17:47:30.279Z,50,374,20.20,50,SMART_GROW,2,0
2026-02-17T17:47:30.329Z,50,372,20.01,50,SMART_GROW,2,0
2026-02-17T17:47:30.379Z,50,366,19.80,50,SMART_GROW,2,0
2026-02-17T17:47:30.429Z,50,360,19.55,50,SMART_GROW,4,0
2026-02-17T17:47:30.479Z,50,351,20.63,50,SMART_GROW,9,0
2026-02-17T17:47:30.529Z,50,364,20.46,50,SMART_GROW,5,0
2026-02-17T17:47:30.579Z,50,370,20.19,50,SMART_GROW,0,0
2026-02-17T17:47:30.631Z,50,373,20.37,50,SMART_GROW,1,0
2026-02-17T17:47:30.681Z,50,372,20.19,50,SMART_GROW,3,0
2026-02-17T17:47:30.731Z,50,373,20.32,50,SMART_GROW,2,0
2026-02-17T17:47:30.781Z,50,374,19.70,50,SMART_GROW,2,0
2026-02-17T17:47:30.832Z,50,374,20.02,50,SMART_GROW,2,0
2026-02-17T17:47:30.882Z,50,372,20.05,50,SMART_GROW,4,0
2026-02-17T17:47:30.932Z,50,373,20.31,50,SMART_GROW,3,0
2026-02-17T17:47:30.982Z,50,376,20.19,50,SMART_GROW,2,0
2026-02-17T17:47:31.032Z,50,382,20.19,50,SMART_GROW,0,0
2026-02-17T17:47:31.082Z,50,387,19.36,50,SMART_GROW,1,0
2026-02-17T17:47:31.133Z,50,390,20.88,50,SMART_GROW,2,0
2026-02-17T17:47:31.184Z,50,391,20.16,50,SMART_GROW,2,0
2026-02-17T17:47:31.234Z,50,390,19.91,50,SMART_GROW,2,0
2026-02-17T17:47:31.284Z,50,394,19.77,50,SMART_GROW,2,0
2026-02-17T17:47:31.335Z,50,393,20.18,50,SMART_GROW,3,0
2026-02-17T17:47:31.385Z,50,397,20.41,50,SMART_GROW,2,0
2026-02-17T17:47:31.435Z,50,399,20.47,50,SMART_GROW,5,0
2026-02-17T17:47:31.497Z,50,404,20.46,50,SMART_GROW,2,0
2026-02-17T17:47:31.547Z,50,407,20.64,50,SMART_GROW,2,0
2026-02-17T17:47:31.599Z,50,403,20.60,50,SMART_GROW,2,0
2026-02-17T17:47:31.649Z,50,402,20.28,50,SMART_GROW,3,0
2026-02-17T17:47:31.699Z,50,404,20.44,50,SMART_GROW,1,0
2026-02-17T17:47:31.749Z,50,405,19.85,50,SMART_GROW,0,0
2026-02-17T17:47:31.799Z,50,407,20.75,50,SMART_GROW,0,0
2026-02-17T17:47:31.850Z,50,411,20.17,50,SMART_GROW,0,0
2026-02-17T17:47:31.900Z,50,415,20.16,50,SMART_GROW,0,0
2026-02-17T17:47:31.950Z,50,417,20.01,50,SMART_GROW,0,0
2026-02-17T17:47:32.001Z,50,418,20.14,50,SMART_GROW,0,0
2026-02-17T17:47:32.051Z,50,418,20.15,50,SMART_GROW,0,0
2026-02-17T17:47:32.102Z,50,420,20.11,50,SMART_GROW,0,0
2026-02-17T17:47:32.152Z,50,399,20.29,50,SMART_GROW,2,0
2026-02-17T17:47:32.203Z,50,398,20.08,50,SMART_GROW,3,0
2026-02-17T17:47:32.253Z,50,397,20.16,50,SMART_GROW,3,0
2026-02-17T17:47:32.303Z,50,395,20.39,50,SMART_GROW,4,0
2026-02-17T17:47:32.354Z,50,394,20.16,50,SMART_GROW,3,0
2026-02-17T17:47:32.404Z,50,397,20.08,50,SMART_GROW,1,0
2026-02-17T17:47:32.454Z,50,396,19.84,50,SMART_GROW,3,0
2026-02-17T17:47:32.504Z,50,392,19.60,50,SMART_GROW,5,0
2026-02-17T17:47:32.554Z,50,390,20.31,50,SMART_GROW,2,0
2026-02-17T17:47:32.604Z,50,397,20.30,50,SMART_GROW,0,0
2026-02-17T17:47:32.654Z,50,399,20.05,50,SMART_GROW,1,0
2026-02-17T17:47:32.704Z,50,396,20.17,50,SMART_GROW,4,0
2026-02-17T17:47:32.754Z,50,388,19.95,50,SMART_GROW,8,0
2026-02-17T17:47:32.804Z,50,382,20.32,50,SMART_GROW,6,0
2026-02-17T17:47:32.854Z,50,379,20.08,50,SMART_GROW,3,0
2026-02-17T17:47:32.905Z,50,377,20.02,50,SMART_GROW,2,0
2026-02-17T17:47:32.955Z,50,376,20.14,50,SMART_GROW,1,0
2026-02-17T17:47:33.005Z,50,374,20.18,50,SMART_GROW,2,0
2026-02-17T17:47:33.055Z,50,370,20.41,50,SMART_GROW,4,0
2026-02-17T17:47:33.106Z,50,365,20.55,50,SMART_GROW,5,0
2026-02-17T17:47:33.156Z,50,385,19.88,50,SMART_GROW,3,0
2026-02-17T17:47:33.206Z,50,382,20.59,50,SMART_GROW,6,0
2026-02-17T17:47:33.256Z,50,380,19.78,50,SMART_GROW,5,0
2026-02-17T17:47:33.307Z,50,381,19.74,50,SMART_GROW,3,0
2026-02-17T17:47:33.357Z,50,380,20.32,50,SMART_GROW,4,0
2026-02-17T17:47:33.409Z,50,381,20.34,50,SMART_GROW,0,0
2026-02-17T17:47:33.459Z,50,386,20.31,50,SMART_GROW,0,0
2026-02-17T17:47:33.509Z,50,391,19.87,50,SMART_GROW,0,0
2026-02-17T17:47:33.559Z,50,393,19.93,50,SMART_GROW,0,0
2026-02-17T17:47:33.609Z,50,393,19.85,50,SMART_GROW,0,0
2026-02-17T17:47:33.659Z,50,394,20.13,50,SMART_GROW,0,0
2026-02-17T17:47:33.709Z,50,399,19.78,50,SMART_GROW,0,0
2026-02-17T17:47:33.759Z,50,406,20.50,50,SMART_GROW,0,0
2026-02-17T17:47:33.809Z,50,412,20.06,50,SMART_GROW,0,0
2026-02-17T17:47:33.859Z,50,415,20.36,50,SMART_GROW,0,0
2026-02-17T17:47:33.924Z,50,345,32.59,49,LAG_SHRINK,1,0
2026-02-17T17:47:33.978Z,50,348,20.37,50,SMART_GROW,1,0
2026-02-17T17:47:34.025Z,50,338,20.02,50,SMART_GROW,3,0
2026-02-17T17:47:34.075Z,50,339,19.08,50,SMART_GROW,3,0
2026-02-17T17:47:34.125Z,50,341,18.88,50,SMART_GROW,1,0
2026-02-17T17:47:34.175Z,50,345,20.20,50,SMART_GROW,0,0
2026-02-17T17:47:34.225Z,50,338,19.91,50,SMART_GROW,3,0
2026-02-17T17:47:34.275Z,50,338,20.01,50,SMART_GROW,4,0
2026-02-17T17:47:34.325Z,50,338,21.19,50,SMART_GROW,2,0
2026-02-17T17:47:34.375Z,50,341,20.55,50,SMART_GROW,0,0
2026-02-17T17:47:34.425Z,50,341,20.18,50,SMART_GROW,0,0
2026-02-17T17:47:34.475Z,50,341,20.19,50,SMART_GROW,0,0
2026-02-17T17:47:34.525Z,50,320,20.13,50,SMART_GROW,1,0
2026-02-17T17:47:34.575Z,50,311,20.23,50,SMART_GROW,2,0
2026-02-17T17:47:34.626Z,50,311,20.16,50,SMART_GROW,0,0
2026-02-17T17:47:34.676Z,50,311,20.29,50,SMART_GROW,0,0
2026-02-17T17:47:34.726Z,50,311,20.13,50,SMART_GROW,0,0
2026-02-17T17:47:34.776Z,50,311,20.22,50,SMART_GROW,0,0
2026-02-17T17:47:34.826Z,50,291,20.21,50,SMART_GROW,4,0
2026-02-17T17:47:34.876Z,50,288,19.67,50,SMART_GROW,3,0
2026-02-17T17:47:34.926Z,50,355,20.11,50,SMART_GROW,4,0
2026-02-17T17:47:34.976Z,50,352,19.96,50,SMART_GROW,4,0
2026-02-17T17:47:35.026Z,50,356,20.32,50,SMART_GROW,4,0
2026-02-17T17:47:35.076Z,50,354,20.29,50,SMART_GROW,5,0
2026-02-17T17:47:35.126Z,50,350,20.13,50,SMART_GROW,5,0
2026-02-17T17:47:35.176Z,50,347,19.98,50,SMART_GROW,3,0
2026-02-17T17:47:35.226Z,50,359,20.42,50,SMART_GROW,3,0
2026-02-17T17:47:35.276Z,50,361,20.09,50,SMART_GROW,2,0
2026-02-17T17:47:35.327Z,50,361,20.37,50,SMART_GROW,2,0
2026-02-17T17:47:35.377Z,50,358,20.35,50,SMART_GROW,3,0
2026-02-17T17:47:35.427Z,50,355,20.06,50,SMART_GROW,3,0
2026-02-17T17:47:35.477Z,50,353,20.91,50,SMART_GROW,2,0
2026-02-17T17:47:35.528Z,50,372,20.24,50,SMART_GROW,2,0
2026-02-17T17:47:35.579Z,50,380,20.35,50,SMART_GROW,1,0
2026-02-17T17:47:35.629Z,50,380,20.14,50,SMART_GROW,0,0
2026-02-17T17:47:35.679Z,50,380,20.13,50,SMART_GROW,0,0
2026-02-17T17:47:35.733Z,50,367,19.64,50,SMART_GROW,1,0
2026-02-17T17:47:35.783Z,50,374,20.42,50,SMART_GROW,4,0
2026-02-17T17:47:35.833Z,50,380,20.11,50,SMART_GROW,3,0
2026-02-17T17:47:35.884Z,50,380,19.90,50,SMART_GROW,2,0
2026-02-17T17:47:35.934Z,50,382,19.82,50,SMART_GROW,2,0
2026-02-17T17:47:35.984Z,50,381,20.50,50,SMART_GROW,1,0
2026-02-17T17:47:36.035Z,50,381,19.37,50,SMART_GROW,4,0
2026-02-17T17:47:36.085Z,50,384,20.15,50,SMART_GROW,2,0
2026-02-17T17:47:36.135Z,50,389,20.44,50,SMART_GROW,0,0
2026-02-17T17:47:36.185Z,50,393,20.37,50,SMART_GROW,0,0
2026-02-17T17:47:36.235Z,50,395,19.18,50,SMART_GROW,0,0
2026-02-17T17:47:36.293Z,50,380,25.04,50,SMART_GROW,1,0
2026-02-17T17:47:36.343Z,50,383,19.80,50,SMART_GROW,0,0
2026-02-17T17:47:36.393Z,50,386,20.24,50,SMART_GROW,0,0
2026-02-17T17:47:36.443Z,50,388,20.00,50,SMART_GROW,0,0
2026-02-17T17:47:36.493Z,50,390,19.91,50,SMART_GROW,0,0
2026-02-17T17:47:36.543Z,50,393,20.05,50,SMART_GROW,0,0
2026-02-17T17:47:36.593Z,50,365,37.63,49,LAG_SHRINK,1,0
2026-02-17T17:47:36.644Z,50,365,19.88,50,SMART_GROW,1,0
2026-02-17T17:47:36.694Z,50,361,20.87,50,SMART_GROW,2,0
2026-02-17T17:47:36.744Z,50,371,19.31,50,SMART_GROW,5,0
2026-02-17T17:47:36.794Z,50,373,19.82,50,SMART_GROW,2,0
2026-02-17T17:47:36.844Z,50,371,19.67,50,SMART_GROW,4,0
2026-02-17T17:47:36.895Z,50,368,19.87,50,SMART_GROW,5,0
2026-02-17T17:47:36.945Z,50,368,20.67,50,SMART_GROW,2,0
2026-02-17T17:47:36.995Z,50,372,20.28,50,SMART_GROW,1,0
2026-02-17T17:47:37.045Z,50,377,19.99,50,SMART_GROW,2,0
2026-02-17T17:47:37.095Z,50,378,21.00,50,SMART_GROW,2,0
2026-02-17T17:47:37.145Z,50,375,20.12,50,SMART_GROW,3,0
2026-02-17T17:47:37.195Z,50,372,20.73,50,SMART_GROW,3,0
2026-02-17T17:47:37.245Z,50,369,20.19,50,SMART_GROW,3,0
2026-02-17T17:47:37.296Z,50,384,20.31,50,SMART_GROW,2,0
2026-02-17T17:47:37.346Z,50,383,20.16,50,SMART_GROW,1,0
2026-02-17T17:47:37.397Z,50,383,20.31,50,SMART_GROW,0,0
2026-02-17T17:47:37.447Z,50,383,20.15,50,SMART_GROW,0,0
2026-02-17T17:47:37.497Z,50,383,20.29,50,SMART_GROW,0,0
2026-02-17T17:47:37.547Z,50,382,20.12,50,SMART_GROW,1,0
2026-02-17T17:47:37.597Z,50,410,20.95,50,SMART_GROW,0,0
2026-02-17T17:47:37.646Z,50,404,20.01,50,SMART_GROW,1,0
2026-02-17T17:47:37.697Z,50,404,19.87,50,SMART_GROW,1,0
2026-02-17T17:47:37.747Z,50,409,20.09,50,SMART_GROW,0,0
2026-02-17T17:47:37.797Z,50,410,19.88,50,SMART_GROW,1,0
2026-02-17T17:47:37.847Z,50,410,19.84,50,SMART_GROW,4,0
2026-02-17T17:47:37.897Z,50,412,20.62,50,SMART_GROW,3,0
2026-02-17T17:47:37.947Z,50,411,20.37,50,SMART_GROW,3,0
2026-02-17T17:47:37.997Z,50,408,20.98,50,SMART_GROW,4,0
2026-02-17T17:47:38.047Z,50,405,20.25,50,SMART_GROW,5,0
2026-02-17T17:47:38.097Z,50,400,20.26,50,SMART_GROW,7,0
2026-02-17T17:47:38.146Z,50,399,20.22,50,SMART_GROW,4,0
2026-02-17T17:47:38.197Z,50,396,20.16,50,SMART_GROW,6,0
2026-02-17T17:47:38.248Z,50,395,20.98,50,SMART_GROW,4,0
2026-02-17T17:47:38.298Z,50,395,20.29,50,SMART_GROW,2,0
2026-02-17T17:47:38.348Z,50,394,20.05,50,SMART_GROW,2,0
2026-02-17T17:47:38.398Z,50,392,20.34,50,SMART_GROW,2,0
2026-02-17T17:47:38.448Z,50,391,20.14,50,SMART_GROW,1,0
2026-02-17T17:47:38.499Z,50,391,20.22,50,SMART_GROW,0,0
2026-02-17T17:47:38.549Z,50,390,20.16,50,SMART_GROW,1,0
2026-02-17T17:47:38.599Z,50,390,20.23,50,SMART_GROW,0,0
2026-02-17T17:47:38.649Z,50,397,20.70,50,SMART_GROW,1,0
2026-02-17T17:47:38.699Z,50,399,20.40,50,SMART_GROW,0,0
2026-02-17T17:47:38.753Z,50,389,20.16,50,SMART_GROW,1,0
2026-02-17T17:47:38.804Z,50,383,20.20,50,SMART_GROW,2,0
2026-02-17T17:47:38.854Z,50,383,20.15,50,SMART_GROW,2,0
2026-02-17T17:47:38.904Z,50,381,21.82,50,SMART_GROW,5,0
2026-02-17T17:47:38.955Z,50,381,19.64,50,SMART_GROW,3,0
2026-02-17T17:47:39.006Z,50,384,20.34,50,SMART_GROW,2,0
2026-02-17T17:47:39.056Z,50,386,19.64,50,SMART_GROW,2,0
2026-02-17T17:47:39.106Z,50,393,20.55,50,SMART_GROW,1,0
2026-02-17T17:47:39.157Z,50,396,19.82,50,SMART_GROW,1,0
2026-02-17T17:47:39.207Z,50,398,20.38,50,SMART_GROW,1,0
2026-02-17T17:47:39.257Z,50,392,35.08,49,LAG_SHRINK,1,0
2026-02-17T17:47:39.308Z,50,390,19.85,50,SMART_GROW,2,0
2026-02-17T17:47:39.358Z,50,388,20.82,50,SMART_GROW,2,0
2026-02-17T17:47:39.409Z,50,388,19.57,50,SMART_GROW,2,0
2026-02-17T17:47:39.459Z,50,388,20.50,50,SMART_GROW,1,0
2026-02-17T17:47:39.510Z,50,388,19.85,50,SMART_GROW,0,0
2026-02-17T17:47:39.560Z,50,389,19.94,50,SMART_GROW,1,0
2026-02-17T17:47:39.610Z,50,389,20.21,50,SMART_GROW,0,0
2026-02-17T17:47:39.662Z,50,390,20.16,50,SMART_GROW,0,0
2026-02-17T17:47:39.712Z,50,387,19.95,50,SMART_GROW,3,0
2026-02-17T17:47:39.762Z,50,395,20.16,50,SMART_GROW,2,0
2026-02-17T17:47:39.812Z,50,402,19.60,50,SMART_GROW,0,0
2026-02-17T17:47:39.862Z,50,405,20.03,50,SMART_GROW,2,0
2026-02-17T17:47:39.912Z,50,409,19.77,50,SMART_GROW,0,0
2026-02-17T17:47:39.963Z,50,352,36.32,49,LAG_SHRINK,1,0
2026-02-17T17:47:40.019Z,50,342,19.51,50,SMART_GROW,2,0
2026-02-17T17:47:40.069Z,50,342,20.29,50,SMART_GROW,2,0
2026-02-17T17:47:40.119Z,50,338,20.06,50,SMART_GROW,4,0
2026-02-17T17:47:40.169Z,50,335,20.42,50,SMART_GROW,5,0
2026-02-17T17:47:40.219Z,50,331,20.52,50,SMART_GROW,2,0
2026-02-17T17:47:40.269Z,50,335,20.32,50,SMART_GROW,4,0
2026-02-17T17:47:40.320Z,50,336,20.44,50,SMART_GROW,4,0
2026-02-17T17:47:40.370Z,50,338,19.76,50,SMART_GROW,1,0
2026-02-17T17:47:40.420Z,50,340,20.13,50,SMART_GROW,0,0
2026-02-17T17:47:40.470Z,50,341,20.37,50,SMART_GROW,0,0
2026-02-17T17:47:40.521Z,50,341,20.13,50,SMART_GROW,0,0
2026-02-17T17:47:40.571Z,50,318,20.95,50,SMART_GROW,2,0
2026-02-17T17:47:40.621Z,50,312,19.65,50,SMART_GROW,4,0
2026-02-17T17:47:40.672Z,50,307,21.05,50,SMART_GROW,6,0
2026-02-17T17:47:40.734Z,50,302,19.46,50,SMART_GROW,7,0
2026-02-17T17:47:40.784Z,50,298,19.87,50,SMART_GROW,6,0
2026-02-17T17:47:40.834Z,50,296,20.47,50,SMART_GROW,2,0
2026-02-17T17:47:40.884Z,50,297,19.59,50,SMART_GROW,1,0
2026-02-17T17:47:40.934Z,50,306,19.75,50,SMART_GROW,1,0
2026-02-17T17:47:40.984Z,50,354,20.31,50,SMART_GROW,1,0
2026-02-17T17:47:41.034Z,50,366,20.28,50,SMART_GROW,0,0
2026-02-17T17:47:41.084Z,50,354,19.90,50,SMART_GROW,1,0
2026-02-17T17:47:41.134Z,50,353,22.04,50,SMART_GROW,2,0
2026-02-17T17:47:41.184Z,50,354,19.82,50,SMART_GROW,2,0
2026-02-17T17:47:41.235Z,50,358,19.77,50,SMART_GROW,3,0
2026-02-17T17:47:41.286Z,50,361,20.04,50,SMART_GROW,2,0
2026-02-17T17:47:41.336Z,50,361,20.55,50,SMART_GROW,4,0
2026-02-17T17:47:41.386Z,50,359,20.39,50,SMART_GROW,2,0
2026-02-17T17:47:41.436Z,50,358,19.80,50,SMART_GROW,1,0
2026-02-17T17:47:41.487Z,50,358,20.32,50,SMART_GROW,0,0
2026-02-17T17:47:41.537Z,50,358,20.41,50,SMART_GROW,0,0
2026-02-17T17:47:41.587Z,50,380,20.44,50,SMART_GROW,2,0
2026-02-17T17:47:41.637Z,50,383,19.90,50,SMART_GROW,1,0
2026-02-17T17:47:41.687Z,50,388,20.63,50,SMART_GROW,3,0
2026-02-17T17:47:41.737Z,50,385,20.08,50,SMART_GROW,6,0
2026-02-17T17:47:41.787Z,50,383,20.87,50,SMART_GROW,6,0
2026-02-17T17:47:41.837Z,50,383,20.47,50,SMART_GROW,2,0
2026-02-17T17:47:41.888Z,50,383,20.02,50,SMART_GROW,1,0
2026-02-17T17:47:41.938Z,50,381,20.34,50,SMART_GROW,3,0
2026-02-17T17:47:41.988Z,50,383,20.27,50,SMART_GROW,1,0
2026-02-17T17:47:42.038Z,50,375,23.80,50,SMART_GROW,1,0
2026-02-17T17:47:42.089Z,50,384,19.82,50,SMART_GROW,2,0
2026-02-17T17:47:42.139Z,50,387,20.39,50,SMART_GROW,2,0
2026-02-17T17:47:42.189Z,50,387,20.39,50,SMART_GROW,3,0
2026-02-17T17:47:42.239Z,50,391,20.07,50,SMART_GROW,0,0
2026-02-17T17:47:42.293Z,50,393,19.77,50,SMART_GROW,0,0
2026-02-17T17:47:42.343Z,50,397,19.90,50,SMART_GROW,0,0
2026-02-17T17:47:42.393Z,50,399,20.17,50,SMART_GROW,0,0
2026-02-17T17:47:42.443Z,50,400,19.83,50,SMART_GROW,0,0
2026-02-17T17:47:42.493Z,50,400,20.11,50,SMART_GROW,0,0
2026-02-17T17:47:42.543Z,50,388,20.37,50,SMART_GROW,1,0
2026-02-17T17:47:42.593Z,50,393,20.98,50,SMART_GROW,1,0
2026-02-17T17:47:42.644Z,50,366,21.18,50,SMART_GROW,3,0
2026-02-17T17:47:42.694Z,50,364,20.32,50,SMART_GROW,4,0
2026-02-17T17:47:42.744Z,50,368,20.32,50,SMART_GROW,4,0
2026-02-17T17:47:42.794Z,50,373,20.10,50,SMART_GROW,1,0
2026-02-17T17:47:42.844Z,50,375,20.70,50,SMART_GROW,0,0
2026-02-17T17:47:42.894Z,50,369,20.39,50,SMART_GROW,3,0
2026-02-17T17:47:42.944Z,50,366,20.49,50,SMART_GROW,5,0
2026-02-17T17:47:42.994Z,50,361,20.07,50,SMART_GROW,6,0
2026-02-17T17:47:43.044Z,50,363,20.01,50,SMART_GROW,6,0
2026-02-17T17:47:43.094Z,50,365,20.23,50,SMART_GROW,4,0
2026-02-17T17:47:43.144Z,50,366,20.60,50,SMART_GROW,1,0
2026-02-17T17:47:43.194Z,50,369,20.08,50,SMART_GROW,0,0
2026-02-17T17:47:43.244Z,50,369,20.13,50,SMART_GROW,0,0
2026-02-17T17:47:43.295Z,50,369,20.37,50,SMART_GROW,0,0
2026-02-17T17:47:43.345Z,50,368,20.23,50,SMART_GROW,1,0
2026-02-17T17:47:43.395Z,50,365,20.06,50,SMART_GROW,3,0
2026-02-17T17:47:43.445Z,50,357,19.88,50,SMART_GROW,8,0
2026-02-17T17:47:43.495Z,50,351,20.09,50,SMART_GROW,6,0
2026-02-17T17:47:43.545Z,50,355,19.52,50,SMART_GROW,8,0
2026-02-17T17:47:43.595Z,50,347,20.01,50,SMART_GROW,9,0
2026-02-17T17:47:43.645Z,50,371,20.46,50,SMART_GROW,5,0
2026-02-17T17:47:43.695Z,50,371,19.67,50,SMART_GROW,4,0
2026-02-17T17:47:43.745Z,50,371,20.13,50,SMART_GROW,4,0
2026-02-17T17:47:43.795Z,50,365,23.63,50,SMART_GROW,7,0
2026-02-17T17:47:43.846Z,50,358,19.76,50,SMART_GROW,7,0
2026-02-17T17:47:43.897Z,50,357,19.77,50,SMART_GROW,9,0
2026-02-17T17:47:43.947Z,50,358,20.28,50,SMART_GROW,4,0
2026-02-17T17:47:43.997Z,50,359,20.14,50,SMART_GROW,5,0
2026-02-17T17:47:44.047Z,50,361,22.37,50,SMART_GROW,4,0
2026-02-17T17:47:44.099Z,50,360,20.98,50,SMART_GROW,5,0
2026-02-17T17:47:44.149Z,50,357,20.03,50,SMART_GROW,4,0
2026-02-17T17:47:44.199Z,50,354,20.23,50,SMART_GROW,3,0
2026-02-17T17:47:44.249Z,50,352,19.85,50,SMART_GROW,2,0
2026-02-17T17:47:44.299Z,50,350,19.39,50,SMART_GROW,2,0
2026-02-17T17:47:44.349Z,50,349,19.98,50,SMART_GROW,2,0
2026-02-17T17:47:44.400Z,50,349,20.19,50,SMART_GROW,4,0
2026-02-17T17:47:44.450Z,50,348,20.35,50,SMART_GROW,8,0
2026-02-17T17:47:44.500Z,50,348,20.18,50,SMART_GROW,6,0
2026-02-17T17:47:44.551Z,50,350,20.28,50,SMART_GROW,6,0
2026-02-17T17:47:44.601Z,50,356,20.23,50,SMART_GROW,3,0
2026-02-17T17:47:44.651Z,50,360,21.08,50,SMART_GROW,1,0
2026-02-17T17:47:44.702Z,50,361,20.34,50,SMART_GROW,3,0
2026-02-17T17:47:44.752Z,50,361,20.46,50,SMART_GROW,5,0
2026-02-17T17:47:44.802Z,50,363,19.93,50,SMART_GROW,6,0
2026-02-17T17:47:44.852Z,50,368,20.06,50,SMART_GROW,2,0
2026-02-17T17:47:44.902Z,50,375,20.18,50,SMART_GROW,0,0
2026-02-17T17:47:44.952Z,50,379,19.18,50,SMART_GROW,0,0
2026-02-17T17:47:45.002Z,50,384,19.90,50,SMART_GROW,0,0
2026-02-17T17:47:45.052Z,50,387,20.82,50,SMART_GROW,1,0
2026-02-17T17:47:45.104Z,50,390,20.09,50,SMART_GROW,1,0
2026-02-17T17:47:45.154Z,50,395,19.90,50,SMART_GROW,0,0
2026-02-17T17:47:45.204Z,50,398,20.32,50,SMART_GROW,0,0
2026-02-17T17:47:45.254Z,50,400,19.72,50,SMART_GROW,0,0
2026-02-17T17:47:45.304Z,50,401,19.95,50,SMART_GROW,1,0
2026-02-17T17:47:45.354Z,50,400,20.09,50,SMART_GROW,3,0
2026-02-17T17:47:45.405Z,50,403,20.55,50,SMART_GROW,1,0
2026-02-17T17:47:45.456Z,50,411,20.23,50,SMART_GROW,0,0
2026-02-17T17:47:45.506Z,50,415,20.00,50,SMART_GROW,2,0
2026-02-17T17:47:45.556Z,50,420,20.13,50,SMART_GROW,2,0
2026-02-17T17:47:45.606Z,50,419,20.88,50,SMART_GROW,3,0
2026-02-17T17:47:45.656Z,50,419,19.64,50,SMART_GROW,2,0
2026-02-17T17:47:45.706Z,50,420,19.29,50,SMART_GROW,1,0
2026-02-17T17:47:45.757Z,50,425,20.11,50,SMART_GROW,0,0
2026-02-17T17:47:45.807Z,50,429,20.16,50,SMART_GROW,2,0
2026-02-17T17:47:45.857Z,50,429,20.12,50,SMART_GROW,2,0
2026-02-17T17:47:45.907Z,50,426,20.41,50,SMART_GROW,3,0
2026-02-17T17:47:45.957Z,50,424,19.64,50,SMART_GROW,2,0
2026-02-17T17:47:46.008Z,50,408,19.64,50,SMART_GROW,2,0
2026-02-17T17:47:46.058Z,50,397,19.91,50,SMART_GROW,2,0
2026-02-17T17:47:46.108Z,50,394,19.67,50,SMART_GROW,2,0
2026-02-17T17:47:46.159Z,50,389,20.09,50,SMART_GROW,3,0
2026-02-17T17:47:46.210Z,50,389,20.37,50,SMART_GROW,0,0
2026-02-17T17:47:46.261Z,50,378,20.19,50,SMART_GROW,3,0
2026-02-17T17:47:46.311Z,50,373,20.59,50,SMART_GROW,5,0
2026-02-17T17:47:46.362Z,50,371,20.46,50,SMART_GROW,5,0
2026-02-17T17:47:46.412Z,50,369,19.85,50,SMART_GROW,3,0
2026-02-17T17:47:46.462Z,50,368,20.15,50,SMART_GROW,1,0
2026-02-17T17:47:46.512Z,50,369,19.88,50,SMART_GROW,1,0
2026-02-17T17:47:46.562Z,50,369,20.26,50,SMART_GROW,2,0
2026-02-17T17:47:46.612Z,50,354,20.03,50,SMART_GROW,2,0
2026-02-17T17:47:46.662Z,50,350,20.11,50,SMART_GROW,3,0
2026-02-17T17:47:46.713Z,50,342,20.29,50,SMART_GROW,3,0
2026-02-17T17:47:46.764Z,50,342,20.18,50,SMART_GROW,0,0
2026-02-17T17:47:46.814Z,50,337,20.39,50,SMART_GROW,2,0
2026-02-17T17:47:46.864Z,50,335,20.14,50,SMART_GROW,4,0
2026-02-17T17:47:46.915Z,50,335,20.96,50,SMART_GROW,3,0
2026-02-17T17:47:46.965Z,50,337,19.93,50,SMART_GROW,0,0
2026-02-17T17:47:47.016Z,50,353,20.31,50,SMART_GROW,0,0
2026-02-17T17:47:47.066Z,50,363,20.11,50,SMART_GROW,2,0
2026-02-17T17:47:47.116Z,50,351,20.95,50,SMART_GROW,3,0
2026-02-17T17:47:47.166Z,50,353,20.10,50,SMART_GROW,2,0
2026-02-17T17:47:47.216Z,50,349,19.83,50,SMART_GROW,2,0
2026-02-17T17:47:47.267Z,50,357,20.41,50,SMART_GROW,5,0
2026-02-17T17:47:47.317Z,50,360,19.69,50,SMART_GROW,2,0
2026-02-17T17:47:47.367Z,50,362,19.78,50,SMART_GROW,2,0
2026-02-17T17:47:47.417Z,50,363,19.78,50,SMART_GROW,2,0
2026-02-17T17:47:47.467Z,50,361,20.27,50,SMART_GROW,3,0
2026-02-17T17:47:47.517Z,50,361,20.34,50,SMART_GROW,1,0
2026-02-17T17:47:47.567Z,50,362,20.68,50,SMART_GROW,1,0
2026-02-17T17:47:47.617Z,50,377,20.16,50,SMART_GROW,3,0
2026-02-17T17:47:47.667Z,50,381,20.13,50,SMART_GROW,2,0
2026-02-17T17:47:47.717Z,50,388,20.51,50,SMART_GROW,2,0
2026-02-17T17:47:47.767Z,50,383,20.54,50,SMART_GROW,2,0
2026-02-17T17:47:47.817Z,50,384,19.76,50,SMART_GROW,2,0
2026-02-17T17:47:47.867Z,50,388,20.36,50,SMART_GROW,0,0
2026-02-17T17:47:47.917Z,50,386,19.61,50,SMART_GROW,2,0
2026-02-17T17:47:47.967Z,50,386,20.13,50,SMART_GROW,0,0
2026-02-17T17:47:48.017Z,50,386,20.46,50,SMART_GROW,0,0
2026-02-17T17:47:48.067Z,50,388,19.65,50,SMART_GROW,0,0
2026-02-17T17:47:48.117Z,50,385,19.96,50,SMART_GROW,1,0
2026-02-17T17:47:48.167Z,50,382,20.34,50,SMART_GROW,5,0
2026-02-17T17:47:48.218Z,50,380,19.98,50,SMART_GROW,6,0
2026-02-17T17:47:48.268Z,50,380,19.32,50,SMART_GROW,5,0
2026-02-17T17:47:48.318Z,50,379,20.32,50,SMART_GROW,3,0
2026-02-17T17:47:48.369Z,50,379,20.29,50,SMART_GROW,2,0
2026-02-17T17:47:48.419Z,50,378,20.23,50,SMART_GROW,3,0
2026-02-17T17:47:48.470Z,50,379,21.32,50,SMART_GROW,2,0
2026-02-17T17:47:48.520Z,50,379,20.37,50,SMART_GROW,1,0
2026-02-17T17:47:48.570Z,50,378,19.80,50,SMART_GROW,2,0
2026-02-17T17:47:48.620Z,50,371,20.48,50,SMART_GROW,2,0
2026-02-17T17:47:48.670Z,50,364,19.19,50,SMART_GROW,2,0
2026-02-17T17:47:48.720Z,50,361,19.99,50,SMART_GROW,2,0
2026-02-17T17:47:48.770Z,50,366,19.60,50,SMART_GROW,0,0
2026-02-17T17:47:48.820Z,50,371,20.09,50,SMART_GROW,0,0
2026-02-17T17:47:48.870Z,50,365,19.96,50,SMART_GROW,2,0
2026-02-17T17:47:48.920Z,50,361,20.95,50,SMART_GROW,2,0
2026-02-17T17:47:48.970Z,50,356,20.01,50,SMART_GROW,2,0
2026-02-17T17:47:49.020Z,50,356,20.33,50,SMART_GROW,0,0
2026-02-17T17:47:49.071Z,50,343,20.47,50,SMART_GROW,3,0
2026-02-17T17:47:49.121Z,50,354,19.68,50,SMART_GROW,5,0
2026-02-17T17:47:49.172Z,50,354,20.06,50,SMART_GROW,6,0
2026-02-17T17:47:49.222Z,50,353,20.08,50,SMART_GROW,7,0
2026-02-17T17:47:49.275Z,50,351,20.37,50,SMART_GROW,6,0
2026-02-17T17:47:49.325Z,50,346,19.65,50,SMART_GROW,8,0
2026-02-17T17:47:49.376Z,50,341,20.82,50,SMART_GROW,7,0
2026-02-17T17:47:49.427Z,50,338,23.14,50,SMART_GROW,6,0
2026-02-17T17:47:49.477Z,50,335,19.59,50,SMART_GROW,5,0
2026-02-17T17:47:49.527Z,50,332,18.64,50,SMART_GROW,4,0
2026-02-17T17:47:49.578Z,50,327,20.15,50,SMART_GROW,7,0
2026-02-17T17:47:49.628Z,50,329,20.95,50,SMART_GROW,6,0
2026-02-17T17:47:49.680Z,50,332,20.20,50,SMART_GROW,5,0
2026-02-17T17:47:49.730Z,50,335,19.75,50,SMART_GROW,1,0
2026-02-17T17:47:49.780Z,50,335,20.14,50,SMART_GROW,0,0
2026-02-17T17:47:49.831Z,50,334,20.11,50,SMART_GROW,1,0
2026-02-17T17:47:49.881Z,50,340,20.32,50,SMART_GROW,0,0
2026-02-17T17:47:49.931Z,50,345,20.00,50,SMART_GROW,1,0
2026-02-17T17:47:49.981Z,50,347,20.33,50,SMART_GROW,2,0
2026-02-17T17:47:50.031Z,50,340,20.65,50,SMART_GROW,2,0
2026-02-17T17:47:50.081Z,50,349,19.90,50,SMART_GROW,3,0
2026-02-17T17:47:50.131Z,50,351,20.13,50,SMART_GROW,2,0
2026-02-17T17:47:50.181Z,50,352,20.40,50,SMART_GROW,2,0
2026-02-17T17:47:50.231Z,50,353,19.73,50,SMART_GROW,5,0
2026-02-17T17:47:50.281Z,50,355,20.14,50,SMART_GROW,4,0
2026-02-17T17:47:50.331Z,50,361,20.28,50,SMART_GROW,2,0
2026-02-17T17:47:50.381Z,50,365,21.03,50,SMART_GROW,2,0
2026-02-17T17:47:50.432Z,50,367,19.99,50,SMART_GROW,2,0
2026-02-17T17:47:50.483Z,50,364,19.65,50,SMART_GROW,3,0
2026-02-17T17:47:50.533Z,50,361,20.46,50,SMART_GROW,5,0
2026-02-17T17:47:50.583Z,50,363,19.65,50,SMART_GROW,4,0
2026-02-17T17:47:50.634Z,50,366,20.15,50,SMART_GROW,2,0
2026-02-17T17:47:50.685Z,50,370,20.47,50,SMART_GROW,1,0
2026-02-17T17:47:50.736Z,50,370,20.13,50,SMART_GROW,1,0
2026-02-17T17:47:50.786Z,50,369,20.14,50,SMART_GROW,1,0
2026-02-17T17:47:50.836Z,50,370,20.02,50,SMART_GROW,0,0
2026-02-17T17:47:50.886Z,50,370,20.23,50,SMART_GROW,0,0
2026-02-17T17:47:50.936Z,50,359,19.97,50,SMART_GROW,1,0
2026-02-17T17:47:50.984Z,50,358,20.06,50,SMART_GROW,3,0
2026-02-17T17:47:51.034Z,50,362,20.21,50,SMART_GROW,2,0
2026-02-17T17:47:51.085Z,50,365,19.60,50,SMART_GROW,0,0
2026-02-17T17:47:51.136Z,50,369,20.55,50,SMART_GROW,0,0
2026-02-17T17:47:51.186Z,50,371,20.82,50,SMART_GROW,2,0
2026-02-17T17:47:51.236Z,50,373,20.26,50,SMART_GROW,1,0
2026-02-17T17:47:51.287Z,50,376,19.80,50,SMART_GROW,0,0
2026-02-17T17:47:51.338Z,50,377,20.07,50,SMART_GROW,2,0
2026-02-17T17:47:51.388Z,50,376,19.91,50,SMART_GROW,2,0
2026-02-17T17:47:51.437Z,50,377,21.32,50,SMART_GROW,3,0
2026-02-17T17:47:51.488Z,50,382,20.05,50,SMART_GROW,0,0
2026-02-17T17:47:51.537Z,50,386,20.04,50,SMART_GROW,0,0
2026-02-17T17:47:51.588Z,50,391,20.52,50,SMART_GROW,0,0
2026-02-17T17:47:51.637Z,50,392,20.07,50,SMART_GROW,1,0
2026-02-17T17:47:51.688Z,50,390,19.72,50,SMART_GROW,3,0
2026-02-17T17:47:51.739Z,50,386,20.19,50,SMART_GROW,5,0
2026-02-17T17:47:51.789Z,50,382,20.39,50,SMART_GROW,4,0
2026-02-17T17:47:51.839Z,50,380,20.40,50,SMART_GROW,2,0
2026-02-17T17:47:51.889Z,50,376,20.59,50,SMART_GROW,4,0
2026-02-17T17:47:51.939Z,50,381,20.12,50,SMART_GROW,4,0
2026-02-17T17:47:51.989Z,50,376,19.14,50,SMART_GROW,6,0
2026-02-17T17:47:52.040Z,50,369,20.09,50,SMART_GROW,3,0
2026-02-17T17:47:52.090Z,50,363,19.87,50,SMART_GROW,5,0
2026-02-17T17:47:52.140Z,50,359,19.91,50,SMART_GROW,4,0
2026-02-17T17:47:52.190Z,50,358,19.93,50,SMART_GROW,2,0
2026-02-17T17:47:52.241Z,50,352,20.46,50,SMART_GROW,3,0
2026-02-17T17:47:52.291Z,50,346,20.75,50,SMART_GROW,2,0
2026-02-17T17:47:52.340Z,50,341,20.07,50,SMART_GROW,3,0
2026-02-17T17:47:52.390Z,50,343,19.90,50,SMART_GROW,1,0
2026-02-17T17:47:52.441Z,50,346,20.05,50,SMART_GROW,0,0
2026-02-17T17:47:52.491Z,50,340,20.13,50,SMART_GROW,1,0
2026-02-17T17:47:52.541Z,50,338,20.25,50,SMART_GROW,2,0
2026-02-17T17:47:52.590Z,50,323,20.67,50,SMART_GROW,3,0
2026-02-17T17:47:52.641Z,50,316,19.99,50,SMART_GROW,6,0
2026-02-17T17:47:52.692Z,50,313,20.16,50,SMART_GROW,4,0
2026-02-17T17:47:52.741Z,50,311,19.90,50,SMART_GROW,3,0
2026-02-17T17:47:52.792Z,50,306,20.60,50,SMART_GROW,6,0
2026-02-17T17:47:52.841Z,50,304,19.82,50,SMART_GROW,4,0
2026-02-17T17:47:52.891Z,50,304,21.08,50,SMART_GROW,4,0
2026-02-17T17:47:52.941Z,50,304,19.82,50,SMART_GROW,4,0
2026-02-17T17:47:52.991Z,50,307,19.47,50,SMART_GROW,2,0
2026-02-17T17:47:53.041Z,50,311,20.91,50,SMART_GROW,2,0
2026-02-17T17:47:53.092Z,50,315,20.62,50,SMART_GROW,2,0
2026-02-17T17:47:53.142Z,50,317,20.18,50,SMART_GROW,1,0
2026-02-17T17:47:53.193Z,50,319,20.06,50,SMART_GROW,0,0
2026-02-17T17:47:53.242Z,50,317,20.19,50,SMART_GROW,1,0
2026-02-17T17:47:53.292Z,50,313,20.46,50,SMART_GROW,1,0
2026-02-17T17:47:53.342Z,50,315,19.37,50,SMART_GROW,2,0
2026-02-17T17:47:53.392Z,50,314,20.14,50,SMART_GROW,2,0
2026-02-17T17:47:53.442Z,50,313,20.19,50,SMART_GROW,1,0
2026-02-17T17:47:53.492Z,50,318,20.16,50,SMART_GROW,0,0
2026-02-17T17:47:53.542Z,50,315,19.49,50,SMART_GROW,2,0
2026-02-17T17:47:53.593Z,50,324,21.04,50,SMART_GROW,2,0
2026-02-17T17:47:53.643Z,50,330,19.98,50,SMART_GROW,0,0
2026-02-17T17:47:53.693Z,50,334,20.28,50,SMART_GROW,0,0
2026-02-17T17:47:53.744Z,50,336,19.91,50,SMART_GROW,2,0
2026-02-17T17:47:53.793Z,50,333,20.14,50,SMART_GROW,3,0
2026-02-17T17:47:53.843Z,50,333,19.49,50,SMART_GROW,2,0
2026-02-17T17:47:53.893Z,50,334,19.56,50,SMART_GROW,1,0
2026-02-17T17:47:53.943Z,50,335,20.64,50,SMART_GROW,2,0
2026-02-17T17:47:53.994Z,50,336,19.91,50,SMART_GROW,1,0
2026-02-17T17:47:54.044Z,50,337,20.42,50,SMART_GROW,0,0
2026-02-17T17:47:54.094Z,50,337,20.00,50,SMART_GROW,2,0
2026-02-17T17:47:54.144Z,50,322,20.34,50,SMART_GROW,4,0
2026-02-17T17:47:54.195Z,50,317,20.43,50,SMART_GROW,3,0
2026-02-17T17:47:54.244Z,50,316,19.55,50,SMART_GROW,2,0
2026-02-17T17:47:54.295Z,50,317,20.29,50,SMART_GROW,2,0
2026-02-17T17:47:54.346Z,50,315,19.78,50,SMART_GROW,2,0
2026-02-17T17:47:54.396Z,50,311,20.33,50,SMART_GROW,5,0
2026-02-17T17:47:54.446Z,50,312,20.11,50,SMART_GROW,0,0
2026-02-17T17:47:54.496Z,50,312,20.17,50,SMART_GROW,0,0
2026-02-17T17:47:54.546Z,50,317,20.36,50,SMART_GROW,0,0
2026-02-17T17:47:54.597Z,50,319,20.10,50,SMART_GROW,0,0
2026-02-17T17:47:54.647Z,50,299,20.06,50,SMART_GROW,3,0
2026-02-17T17:47:54.697Z,50,296,19.68,50,SMART_GROW,3,0
2026-02-17T17:47:54.748Z,50,295,19.96,50,SMART_GROW,3,0
2026-02-17T17:47:54.797Z,50,297,19.93,50,SMART_GROW,3,0
2026-02-17T17:47:54.848Z,50,297,20.67,50,SMART_GROW,2,0
2026-02-17T17:47:54.897Z,50,295,20.14,50,SMART_GROW,2,0
2026-02-17T17:47:54.947Z,50,293,19.67,50,SMART_GROW,3,0
2026-02-17T17:47:54.997Z,50,289,20.54,50,SMART_GROW,5,0
2026-02-17T17:47:55.047Z,50,285,20.09,50,SMART_GROW,4,0
2026-02-17T17:47:55.097Z,50,278,20.11,50,SMART_GROW,3,0
2026-02-17T17:47:55.147Z,50,284,19.52,50,SMART_GROW,6,0
2026-02-17T17:47:55.197Z,50,286,19.64,50,SMART_GROW,1,0
2026-02-17T17:47:55.248Z,50,289,20.12,50,SMART_GROW,0,0
2026-02-17T17:47:55.298Z,50,290,20.41,50,SMART_GROW,0,0
2026-02-17T17:47:55.347Z,50,268,22.34,50,SMART_GROW,2,0
2026-02-17T17:47:55.397Z,50,271,19.83,50,SMART_GROW,0,0
2026-02-17T17:47:55.447Z,50,271,20.20,50,SMART_GROW,0,0
2026-02-17T17:47:55.498Z,50,271,19.64,50,SMART_GROW,0,0
2026-02-17T17:47:55.548Z,50,271,20.09,50,SMART_GROW,0,0
2026-02-17T17:47:55.598Z,50,248,20.06,50,SMART_GROW,2,0
2026-02-17T17:47:55.647Z,50,254,20.14,50,SMART_GROW,3,0
2026-02-17T17:47:55.697Z,50,257,20.34,50,SMART_GROW,4,0
2026-02-17T17:47:55.748Z,50,254,20.15,50,SMART_GROW,6,0
2026-02-17T17:47:55.799Z,50,251,19.82,50,SMART_GROW,6,0
2026-02-17T17:47:55.849Z,50,249,19.94,50,SMART_GROW,4,0
2026-02-17T17:47:55.899Z,50,249,20.50,50,SMART_GROW,2,0
2026-02-17T17:47:55.950Z,50,250,20.41,50,SMART_GROW,2,0
2026-02-17T17:47:56.001Z,50,251,19.98,50,SMART_GROW,4,0
2026-02-17T17:47:56.051Z,50,249,20.11,50,SMART_GROW,6,0
2026-02-17T17:47:56.101Z,50,256,20.54,50,SMART_GROW,3,0
2026-02-17T17:47:56.151Z,50,257,19.82,50,SMART_GROW,2,0
2026-02-17T17:47:56.201Z,50,253,19.77,50,SMART_GROW,5,0
2026-02-17T17:47:56.251Z,50,249,20.08,50,SMART_GROW,4,0
2026-02-17T17:47:56.302Z,50,246,19.80,50,SMART_GROW,3,0
2026-02-17T17:47:56.352Z,50,265,19.89,50,SMART_GROW,2,0
2026-02-17T17:47:56.403Z,50,263,20.14,50,SMART_GROW,2,0
2026-02-17T17:47:56.453Z,50,263,20.19,50,SMART_GROW,0,0
2026-02-17T17:47:56.503Z,50,261,20.29,50,SMART_GROW,2,0
2026-02-17T17:47:56.553Z,50,260,20.17,50,SMART_GROW,1,0
2026-02-17T17:47:56.603Z,50,273,20.70,50,SMART_GROW,2,0
2026-02-17T17:47:56.653Z,50,277,20.31,50,SMART_GROW,2,0
2026-02-17T17:47:56.704Z,50,282,20.31,50,SMART_GROW,1,0
2026-02-17T17:47:56.754Z,50,286,20.28,50,SMART_GROW,0,0
2026-02-17T17:47:56.805Z,50,288,20.78,50,SMART_GROW,1,0
2026-02-17T17:47:56.856Z,50,292,19.97,50,SMART_GROW,0,0
2026-02-17T17:47:56.906Z,50,293,20.42,50,SMART_GROW,0,0
2026-02-17T17:47:56.956Z,50,292,20.78,50,SMART_GROW,1,0
2026-02-17T17:47:57.007Z,50,295,20.59,50,SMART_GROW,0,0
2026-02-17T17:47:57.058Z,50,300,20.03,50,SMART_GROW,1,0
2026-02-17T17:47:57.108Z,50,298,20.14,50,SMART_GROW,3,0
2026-02-17T17:47:57.158Z,50,294,19.71,50,SMART_GROW,5,0
2026-02-17T17:47:57.209Z,50,294,21.37,50,SMART_GROW,4,0
2026-02-17T17:47:57.259Z,50,295,20.19,50,SMART_GROW,2,0
2026-02-17T17:47:57.309Z,50,295,20.93,50,SMART_GROW,2,0
2026-02-17T17:47:57.360Z,50,296,20.05,50,SMART_GROW,1,0
2026-02-17T17:47:57.409Z,50,296,20.13,50,SMART_GROW,1,0
2026-02-17T17:47:57.460Z,50,295,20.09,50,SMART_GROW,2,0
2026-02-17T17:47:57.510Z,50,294,20.36,50,SMART_GROW,2,0
2026-02-17T17:47:57.560Z,50,291,20.21,50,SMART_GROW,3,0
2026-02-17T17:47:57.611Z,50,289,20.03,50,SMART_GROW,4,0
2026-02-17T17:47:57.662Z,50,288,19.96,50,SMART_GROW,3,0
2026-02-17T17:47:57.712Z,50,288,20.04,50,SMART_GROW,1,0
2026-02-17T17:47:57.762Z,50,288,19.79,50,SMART_GROW,0,0
2026-02-17T17:47:57.812Z,50,289,20.49,50,SMART_GROW,0,0
2026-02-17T17:47:57.862Z,50,288,19.72,50,SMART_GROW,1,0
2026-02-17T17:47:57.912Z,50,286,19.84,50,SMART_GROW,2,0
2026-02-17T17:47:57.963Z,50,286,20.68,50,SMART_GROW,2,0
2026-02-17T17:47:58.013Z,50,286,20.03,50,SMART_GROW,0,0
2026-02-17T17:47:58.062Z,50,284,21.03,50,SMART_GROW,2,0
2026-02-17T17:47:58.113Z,50,282,19.82,50,SMART_GROW,4,0
2026-02-17T17:47:58.164Z,50,282,20.13,50,SMART_GROW,5,0
2026-02-17T17:47:58.214Z,50,282,20.62,50,SMART_GROW,4,0
2026-02-17T17:47:58.264Z,50,278,20.14,50,SMART_GROW,5,0
2026-02-17T17:47:58.315Z,50,273,19.96,50,SMART_GROW,7,0
2026-02-17T17:47:58.364Z,50,267,20.41,50,SMART_GROW,6,0
2026-02-17T17:47:58.415Z,50,263,19.88,50,SMART_GROW,4,0
2026-02-17T17:47:58.464Z,50,265,20.42,50,SMART_GROW,0,0
2026-02-17T17:47:58.515Z,50,261,19.81,50,SMART_GROW,5,0
2026-02-17T17:47:58.565Z,50,259,19.98,50,SMART_GROW,3,0
2026-02-17T17:47:58.615Z,50,261,20.30,50,SMART_GROW,2,0
2026-02-17T17:47:58.666Z,50,262,19.93,50,SMART_GROW,2,0
2026-02-17T17:47:58.716Z,50,259,20.29,50,SMART_GROW,4,0
2026-02-17T17:47:58.767Z,50,254,20.31,50,SMART_GROW,2,0
2026-02-17T17:47:58.816Z,50,248,20.44,50,SMART_GROW,4,0
2026-02-17T17:47:58.867Z,50,247,20.11,50,SMART_GROW,1,0
2026-02-17T17:47:58.918Z,50,248,20.06,50,SMART_GROW,0,0
2026-02-17T17:47:58.967Z,50,249,20.03,50,SMART_GROW,0,0
2026-02-17T17:47:59.023Z,50,242,19.78,50,SMART_GROW,1,0
2026-02-17T17:47:59.073Z,50,243,20.01,50,SMART_GROW,2,0
2026-02-17T17:47:59.124Z,50,246,19.73,50,SMART_GROW,0,0
2026-02-17T17:47:59.174Z,50,244,19.87,50,SMART_GROW,1,0
2026-02-17T17:47:59.225Z,50,245,20.87,50,SMART_GROW,2,0
2026-02-17T17:47:59.275Z,50,248,19.88,50,SMART_GROW,1,0
2026-02-17T17:47:59.324Z,50,246,20.55,50,SMART_GROW,4,0
2026-02-17T17:47:59.375Z,50,246,19.81,50,SMART_GROW,4,0
2026-02-17T17:47:59.426Z,50,245,19.69,50,SMART_GROW,4,0
2026-02-17T17:47:59.475Z,50,246,19.97,50,SMART_GROW,0,0
2026-02-17T17:47:59.526Z,50,250,19.64,50,SMART_GROW,0,0
2026-02-17T17:47:59.576Z,50,252,20.31,50,SMART_GROW,0,0
2026-02-17T17:47:59.625Z,50,254,19.51,50,SMART_GROW,1,0
2026-02-17T17:47:59.675Z,50,254,20.50,50,SMART_GROW,1,0
2026-02-17T17:47:59.726Z,50,254,20.72,50,SMART_GROW,2,0
2026-02-17T17:47:59.775Z,50,258,20.00,50,SMART_GROW,1,0
2026-02-17T17:47:59.826Z,50,257,19.42,50,SMART_GROW,2,0
2026-02-17T17:47:59.876Z,50,256,20.41,50,SMART_GROW,2,0
2026-02-17T17:47:59.927Z,50,254,20.44,50,SMART_GROW,2,0
2026-02-17T17:47:59.977Z,50,252,20.02,50,SMART_GROW,2,0
2026-02-17T17:48:00.028Z,50,257,19.64,50,SMART_GROW,2,0
2026-02-17T17:48:00.077Z,50,257,19.96,50,SMART_GROW,2,0
2026-02-17T17:48:00.128Z,50,255,19.70,50,SMART_GROW,2,0
2026-02-17T17:48:00.178Z,50,250,20.08,50,SMART_GROW,3,0
2026-02-17T17:48:00.228Z,50,248,19.49,50,SMART_GROW,2,0
2026-02-17T17:48:00.279Z,50,245,20.00,50,SMART_GROW,2,0
2026-02-17T17:48:00.330Z,50,246,21.16,50,SMART_GROW,3,0
2026-02-17T17:48:00.381Z,50,249,20.08,50,SMART_GROW,2,0
2026-02-17T17:48:00.430Z,50,243,20.13,50,SMART_GROW,8,0
2026-02-17T17:48:00.481Z,50,238,19.71,50,SMART_GROW,5,0
2026-02-17T17:48:00.532Z,50,235,20.03,50,SMART_GROW,3,0
2026-02-17T17:48:00.582Z,50,231,20.32,50,SMART_GROW,4,0
2026-02-17T17:48:00.632Z,50,226,20.18,50,SMART_GROW,5,0
2026-02-17T17:48:00.682Z,50,223,20.19,50,SMART_GROW,4,0
2026-02-17T17:48:00.733Z,50,219,19.77,50,SMART_GROW,5,0
2026-02-17T17:48:00.785Z,50,217,20.05,50,SMART_GROW,2,0
2026-02-17T17:48:00.834Z,50,216,20.37,50,SMART_GROW,4,0
2026-02-17T17:48:00.884Z,50,214,20.85,50,SMART_GROW,4,0
2026-02-17T17:48:00.935Z,50,211,20.21,50,SMART_GROW,5,0
2026-02-17T17:48:00.985Z,50,205,20.18,50,SMART_GROW,7,0
2026-02-17T17:48:01.035Z,50,202,19.00,50,SMART_GROW,4,0
2026-02-17T17:48:01.086Z,50,200,20.08,50,SMART_GROW,4,0
2026-02-17T17:48:01.137Z,50,200,19.90,50,SMART_GROW,1,0
2026-02-17T17:48:01.192Z,50,206,19.55,50,SMART_GROW,0,0
2026-02-17T17:48:01.242Z,50,209,19.74,50,SMART_GROW,0,0
2026-02-17T17:48:01.292Z,50,209,19.99,50,SMART_GROW,3,0
2026-02-17T17:48:01.342Z,50,207,20.16,50,SMART_GROW,2,0
2026-02-17T17:48:01.393Z,50,202,19.80,50,SMART_GROW,4,0
2026-02-17T17:48:01.442Z,50,203,20.72,50,SMART_GROW,4,0
2026-02-17T17:48:01.493Z,50,203,19.62,50,SMART_GROW,2,0
2026-02-17T17:48:01.543Z,50,204,19.91,50,SMART_GROW,2,0
2026-02-17T17:48:01.594Z,50,204,20.24,50,SMART_GROW,2,0
2026-02-17T17:48:01.644Z,50,208,20.17,50,SMART_GROW,0,0
2026-02-17T17:48:01.694Z,50,211,21.13,50,SMART_GROW,0,0
2026-02-17T17:48:01.744Z,50,201,22.27,50,SMART_GROW,2,0
2026-02-17T17:48:01.793Z,50,197,20.85,50,SMART_GROW,2,0
2026-02-17T17:48:01.844Z,50,194,20.42,50,SMART_GROW,3,0
2026-02-17T17:48:01.895Z,50,196,21.45,50,SMART_GROW,2,0
2026-02-17T17:48:01.944Z,50,197,20.17,50,SMART_GROW,2,0
2026-02-17T17:48:01.995Z,50,198,20.09,50,SMART_GROW,3,0
2026-02-17T17:48:02.046Z,50,196,20.30,50,SMART_GROW,3,0
2026-02-17T17:48:02.097Z,50,198,19.90,50,SMART_GROW,1,0
2026-02-17T17:48:02.146Z,50,197,20.59,50,SMART_GROW,2,0
2026-02-17T17:48:02.196Z,50,195,20.42,50,SMART_GROW,1,0
2026-02-17T17:48:02.247Z,50,192,19.95,50,SMART_GROW,2,0
2026-02-17T17:48:02.298Z,50,189,20.42,50,SMART_GROW,4,0
2026-02-17T17:48:02.349Z,50,189,20.00,50,SMART_GROW,3,0
2026-02-17T17:48:02.398Z,50,193,20.00,50,SMART_GROW,2,0
2026-02-17T17:48:02.448Z,50,196,19.60,50,SMART_GROW,0,0
2026-02-17T17:48:02.499Z,50,196,20.04,50,SMART_GROW,1,0
2026-02-17T17:48:02.548Z,50,196,19.82,50,SMART_GROW,0,0
2026-02-17T17:48:02.599Z,50,197,20.75,50,SMART_GROW,1,0
2026-02-17T17:48:02.649Z,50,195,20.02,50,SMART_GROW,2,0
2026-02-17T17:48:02.699Z,50,192,20.32,50,SMART_GROW,3,0
2026-02-17T17:48:02.749Z,50,201,19.34,50,SMART_GROW,3,0
2026-02-17T17:48:02.800Z,50,203,20.01,50,SMART_GROW,1,0
2026-02-17T17:48:02.849Z,50,205,20.36,50,SMART_GROW,0,0
2026-02-17T17:48:02.900Z,50,207,19.96,50,SMART_GROW,0,0
2026-02-17T17:48:02.949Z,50,208,19.85,50,SMART_GROW,0,0
2026-02-17T17:48:03.000Z,50,210,20.01,50,SMART_GROW,0,0
2026-02-17T17:48:03.049Z,50,212,20.32,50,SMART_GROW,0,0
2026-02-17T17:48:03.099Z,50,212,19.90,50,SMART_GROW,1,0
2026-02-17T17:48:03.150Z,50,207,20.98,50,SMART_GROW,5,0
2026-02-17T17:48:03.200Z,50,206,20.12,50,SMART_GROW,2,0
2026-02-17T17:48:03.251Z,50,205,20.24,50,SMART_GROW,2,0
2026-02-17T17:48:03.302Z,50,204,20.10,50,SMART_GROW,3,0
2026-02-17T17:48:03.352Z,50,202,19.14,50,SMART_GROW,4,0
2026-02-17T17:48:03.403Z,50,202,20.27,50,SMART_GROW,2,0
2026-02-17T17:48:03.454Z,50,200,20.90,50,SMART_GROW,2,0
2026-02-17T17:48:03.505Z,50,199,20.05,50,SMART_GROW,2,0
2026-02-17T17:48:03.555Z,50,198,19.85,50,SMART_GROW,1,0
2026-02-17T17:48:03.605Z,50,196,20.87,50,SMART_GROW,3,0
2026-02-17T17:48:03.655Z,50,195,20.54,50,SMART_GROW,2,0
2026-02-17T17:48:03.706Z,50,197,20.21,50,SMART_GROW,0,0
2026-02-17T17:48:03.756Z,50,198,20.39,50,SMART_GROW,0,0
2026-02-17T17:48:03.807Z,50,197,20.51,50,SMART_GROW,2,0
2026-02-17T17:48:03.856Z,50,194,20.37,50,SMART_GROW,3,0
2026-02-17T17:48:03.906Z,50,190,20.45,50,SMART_GROW,4,0
2026-02-17T17:48:03.956Z,50,187,20.16,50,SMART_GROW,3,0
2026-02-17T17:48:04.007Z,50,182,20.63,50,SMART_GROW,5,0
2026-02-17T17:48:04.056Z,50,180,19.96,50,SMART_GROW,2,0
2026-02-17T17:48:04.106Z,50,181,20.15,50,SMART_GROW,0,0
2026-02-17T17:48:04.157Z,50,183,19.77,50,SMART_GROW,2,0
2026-02-17T17:48:04.206Z,50,182,19.96,50,SMART_GROW,2,0
2026-02-17T17:48:04.257Z,50,182,19.83,50,SMART_GROW,1,0
2026-02-17T17:48:04.306Z,50,184,20.07,50,SMART_GROW,0,0
2026-02-17T17:48:04.357Z,50,186,20.29,50,SMART_GROW,0,0
2026-02-17T17:48:04.407Z,50,187,20.28,50,SMART_GROW,1,0
2026-02-17T17:48:04.456Z,50,186,20.11,50,SMART_GROW,3,0
2026-02-17T17:48:04.506Z,50,184,19.78,50,SMART_GROW,3,0
2026-02-17T17:48:04.556Z,50,183,20.34,50,SMART_GROW,2,0
2026-02-17T17:48:04.607Z,50,185,20.34,50,SMART_GROW,0,0
2026-02-17T17:48:04.657Z,50,186,19.59,50,SMART_GROW,0,0
2026-02-17T17:48:04.708Z,50,184,19.90,50,SMART_GROW,2,0
2026-02-17T17:48:04.758Z,50,184,20.65,50,SMART_GROW,0,0
2026-02-17T17:48:04.808Z,50,178,19.84,50,SMART_GROW,2,0
2026-02-17T17:48:04.859Z,50,178,20.85,50,SMART_GROW,2,0
2026-02-17T17:48:04.909Z,50,177,20.63,50,SMART_GROW,2,0
2026-02-17T17:48:04.958Z,50,178,19.70,50,SMART_GROW,2,0
2026-02-17T17:48:05.009Z,50,178,20.38,50,SMART_GROW,3,0
2026-02-17T17:48:05.058Z,50,180,19.72,50,SMART_GROW,0,0
2026-02-17T17:48:05.109Z,50,176,19.99,50,SMART_GROW,3,0
2026-02-17T17:48:05.159Z,50,171,19.82,50,SMART_GROW,6,0
2026-02-17T17:48:05.208Z,50,169,20.23,50,SMART_GROW,4,0
2026-02-17T17:48:05.258Z,50,165,19.62,50,SMART_GROW,4,0
2026-02-17T17:48:05.309Z,50,162,18.95,50,SMART_GROW,3,0
2026-02-17T17:48:05.360Z,50,157,20.41,50,SMART_GROW,5,0
2026-02-17T17:48:05.409Z,50,155,20.19,50,SMART_GROW,3,0
2026-02-17T17:48:05.460Z,50,154,19.89,50,SMART_GROW,2,0
2026-02-17T17:48:05.510Z,50,154,19.44,50,SMART_GROW,2,0
2026-02-17T17:48:05.560Z,50,151,20.23,50,SMART_GROW,4,0
2026-02-17T17:48:05.611Z,50,149,19.95,50,SMART_GROW,2,0
2026-02-17T17:48:05.660Z,50,148,20.53,50,SMART_GROW,1,0
2026-02-17T17:48:05.710Z,50,146,20.03,50,SMART_GROW,4,0
2026-02-17T17:48:05.760Z,50,142,20.32,50,SMART_GROW,4,0
2026-02-17T17:48:05.810Z,50,144,20.60,50,SMART_GROW,4,0
2026-02-17T17:48:05.860Z,50,141,19.79,50,SMART_GROW,4,0
2026-02-17T17:48:05.910Z,50,137,20.62,50,SMART_GROW,5,0
2026-02-17T17:48:05.961Z,50,134,20.01,50,SMART_GROW,4,0
2026-02-17T17:48:06.010Z,50,132,20.14,50,SMART_GROW,4,0
2026-02-17T17:48:06.060Z,50,124,19.81,50,SMART_GROW,8,0
2026-02-17T17:48:06.110Z,50,121,19.83,50,SMART_GROW,5,0
2026-02-17T17:48:06.160Z,50,124,20.41,50,SMART_GROW,0,0
2026-02-17T17:48:06.211Z,50,127,20.14,50,SMART_GROW,0,0
2026-02-17T17:48:06.261Z,50,129,19.96,50,SMART_GROW,2,0
2026-02-17T17:48:06.311Z,50,128,20.55,50,SMART_GROW,2,0
2026-02-17T17:48:06.361Z,50,130,19.95,50,SMART_GROW,0,0
2026-02-17T17:48:06.411Z,50,134,20.01,50,SMART_GROW,0,0
2026-02-17T17:48:06.461Z,50,133,19.88,50,SMART_GROW,2,0
2026-02-17T17:48:06.512Z,50,133,20.57,50,SMART_GROW,2,0
2026-02-17T17:48:06.562Z,50,135,20.51,50,SMART_GROW,1,0
2026-02-17T17:48:06.613Z,50,136,20.18,50,SMART_GROW,0,0
2026-02-17T17:48:06.664Z,50,137,20.58,50,SMART_GROW,0,0
2026-02-17T17:48:06.715Z,50,137,21.68,50,SMART_GROW,1,0
2026-02-17T17:48:06.765Z,50,137,19.84,50,SMART_GROW,3,0
2026-02-17T17:48:06.816Z,50,137,19.28,50,SMART_GROW,2,0
2026-02-17T17:48:06.866Z,50,137,20.36,50,SMART_GROW,2,0
2026-02-17T17:48:06.916Z,50,138,19.44,50,SMART_GROW,2,0
2026-02-17T17:48:06.966Z,50,139,20.14,50,SMART_GROW,2,0
2026-02-17T17:48:07.017Z,50,140,20.88,50,SMART_GROW,1,0
2026-02-17T17:48:07.066Z,50,141,20.07,50,SMART_GROW,2,0
2026-02-17T17:48:07.116Z,50,142,19.64,50,SMART_GROW,3,0
2026-02-17T17:48:07.167Z,50,139,19.99,50,SMART_GROW,3,0
2026-02-17T17:48:07.217Z,50,138,20.14,50,SMART_GROW,1,0
2026-02-17T17:48:07.267Z,50,139,20.08,50,SMART_GROW,0,0
2026-02-17T17:48:07.318Z,50,139,20.47,50,SMART_GROW,1,0
2026-02-17T17:48:07.368Z,50,139,20.70,50,SMART_GROW,0,0
2026-02-17T17:48:07.418Z,50,138,20.07,50,SMART_GROW,1,0
2026-02-17T17:48:07.469Z,50,137,20.18,50,SMART_GROW,2,0
2026-02-17T17:48:07.520Z,50,137,19.90,50,SMART_GROW,2,0
2026-02-17T17:48:07.570Z,50,134,20.09,50,SMART_GROW,4,0
2026-02-17T17:48:07.619Z,50,133,20.17,50,SMART_GROW,1,0
2026-02-17T17:48:07.670Z,50,133,20.37,50,SMART_GROW,0,0
2026-02-17T17:48:07.720Z,50,133,20.29,50,SMART_GROW,0,0
2026-02-17T17:48:07.769Z,50,134,19.87,50,SMART_GROW,1,0
2026-02-17T17:48:07.820Z,50,135,20.09,50,SMART_GROW,0,0
2026-02-17T17:48:07.870Z,50,135,20.14,50,SMART_GROW,1,0
2026-02-17T17:48:07.921Z,50,134,20.26,50,SMART_GROW,2,0
2026-02-17T17:48:07.970Z,50,135,20.09,50,SMART_GROW,0,0
2026-02-17T17:48:08.021Z,50,130,20.00,50,SMART_GROW,4,0
2026-02-17T17:48:08.071Z,50,128,19.82,50,SMART_GROW,4,0
2026-02-17T17:48:08.121Z,50,130,20.78,50,SMART_GROW,1,0
2026-02-17T17:48:08.172Z,50,131,20.85,50,SMART_GROW,1,0
2026-02-17T17:48:08.221Z,50,132,20.07,50,SMART_GROW,0,0
2026-02-17T17:48:08.271Z,50,132,19.42,50,SMART_GROW,0,0
2026-02-17T17:48:08.321Z,50,131,20.05,50,SMART_GROW,2,0
2026-02-17T17:48:08.371Z,50,129,19.57,50,SMART_GROW,2,0
2026-02-17T17:48:08.421Z,50,129,20.17,50,SMART_GROW,0,0
2026-02-17T17:48:08.472Z,50,129,20.39,50,SMART_GROW,0,0
2026-02-17T17:48:08.522Z,50,131,20.00,50,SMART_GROW,0,0
2026-02-17T17:48:08.573Z,50,132,21.06,50,SMART_GROW,2,0
2026-02-17T17:48:08.624Z,50,131,20.07,50,SMART_GROW,2,0
2026-02-17T17:48:08.673Z,50,131,20.93,50,SMART_GROW,0,0
2026-02-17T17:48:08.724Z,50,131,20.14,50,SMART_GROW,0,0
2026-02-17T17:48:08.774Z,50,128,20.00,50,SMART_GROW,3,0
2026-02-17T17:48:08.824Z,50,126,20.21,50,SMART_GROW,2,0
2026-02-17T17:48:08.875Z,50,122,19.90,50,SMART_GROW,4,0
2026-02-17T17:48:08.925Z,50,120,21.00,50,SMART_GROW,3,0
2026-02-17T17:48:08.976Z,50,116,19.90,50,SMART_GROW,4,0
2026-02-17T17:48:09.026Z,50,115,19.85,50,SMART_GROW,4,0
2026-02-17T17:48:09.075Z,50,116,20.13,50,SMART_GROW,1,0
2026-02-17T17:48:09.125Z,50,115,20.15,50,SMART_GROW,1,0
2026-02-17T17:48:09.175Z,50,114,19.55,50,SMART_GROW,2,0
2026-02-17T17:48:09.226Z,50,111,20.78,50,SMART_GROW,3,0
2026-02-17T17:48:09.276Z,50,109,20.70,50,SMART_GROW,2,0
2026-02-17T17:48:09.326Z,50,110,20.62,50,SMART_GROW,0,0
2026-02-17T17:48:09.377Z,50,112,19.95,50,SMART_GROW,0,0
2026-02-17T17:48:09.426Z,50,112,20.18,50,SMART_GROW,0,0
2026-02-17T17:48:09.477Z,50,112,20.75,50,SMART_GROW,0,0
2026-02-17T17:48:09.528Z,50,112,20.19,50,SMART_GROW,0,0
2026-02-17T17:48:09.577Z,50,111,21.09,50,SMART_GROW,1,0
2026-02-17T17:48:09.628Z,50,111,20.14,50,SMART_GROW,0,0
2026-02-17T17:48:09.678Z,50,111,20.33,50,SMART_GROW,0,0
2026-02-17T17:48:09.728Z,50,108,20.01,50,SMART_GROW,3,0
2026-02-17T17:48:09.778Z,50,106,20.20,50,SMART_GROW,3,0
2026-02-17T17:48:09.829Z,50,106,21.45,50,SMART_GROW,2,0
2026-02-17T17:48:09.879Z,50,105,20.41,50,SMART_GROW,2,0
2026-02-17T17:48:09.929Z,50,104,19.93,50,SMART_GROW,2,0
2026-02-17T17:48:09.979Z,50,108,20.16,50,SMART_GROW,0,0
2026-02-17T17:48:10.029Z,50,111,20.00,50,SMART_GROW,0,0
2026-02-17T17:48:10.080Z,50,110,20.10,50,SMART_GROW,1,0
2026-02-17T17:48:10.130Z,50,108,19.26,50,SMART_GROW,2,0
2026-02-17T17:48:10.181Z,50,103,19.89,50,SMART_GROW,7,0
2026-02-17T17:48:10.231Z,50,101,20.11,50,SMART_GROW,3,0
2026-02-17T17:48:10.282Z,50,100,19.62,50,SMART_GROW,2,0
2026-02-17T17:48:10.331Z,50,97,20.52,50,SMART_GROW,3,0
2026-02-17T17:48:10.381Z,50,95,19.64,50,SMART_GROW,2,0
2026-02-17T17:48:10.431Z,50,95,20.18,50,SMART_GROW,0,0
2026-02-17T17:48:10.482Z,50,95,20.04,50,SMART_GROW,0,0
2026-02-17T17:48:10.532Z,50,94,20.14,50,SMART_GROW,1,0
2026-02-17T17:48:10.583Z,50,93,20.28,50,SMART_GROW,1,0
2026-02-17T17:48:10.634Z,50,92,20.62,50,SMART_GROW,1,0
2026-02-17T17:48:10.686Z,50,90,20.04,50,SMART_GROW,2,0
2026-02-17T17:48:10.749Z,50,88,27.53,50,SMART_GROW,3,0
2026-02-17T17:48:10.805Z,50,88,22.67,50,SMART_GROW,3,0
2026-02-17T17:48:10.857Z,50,85,19.82,50,SMART_GROW,5,0
2026-02-17T17:48:10.908Z,50,81,20.13,50,SMART_GROW,6,0
2026-02-17T17:48:10.958Z,50,77,19.93,50,SMART_GROW,4,0
2026-02-17T17:48:11.011Z,50,74,19.57,50,SMART_GROW,3,0
2026-02-17T17:48:11.060Z,50,71,19.65,50,SMART_GROW,3,0
2026-02-17T17:48:11.111Z,50,72,20.59,50,SMART_GROW,0,0
2026-02-17T17:48:11.161Z,50,74,20.23,50,SMART_GROW,0,0
2026-02-17T17:48:11.211Z,50,76,20.52,50,SMART_GROW,1,0
2026-02-17T17:48:11.261Z,50,75,20.23,50,SMART_GROW,2,0
2026-02-17T17:48:11.310Z,50,74,20.18,50,SMART_GROW,2,0
2026-02-17T17:48:11.360Z,50,74,19.78,50,SMART_GROW,0,0
2026-02-17T17:48:11.410Z,50,74,20.19,50,SMART_GROW,0,0
2026-02-17T17:48:11.461Z,50,74,20.28,50,SMART_GROW,0,0
2026-02-17T17:48:11.510Z,50,73,20.16,50,SMART_GROW,1,0
2026-02-17T17:48:11.560Z,50,70,20.10,50,SMART_GROW,3,0
2026-02-17T17:48:11.611Z,50,68,20.49,50,SMART_GROW,2,0
2026-02-17T17:48:11.661Z,50,65,20.36,50,SMART_GROW,3,0
2026-02-17T17:48:11.711Z,50,64,20.09,50,SMART_GROW,3,0
2026-02-17T17:48:11.761Z,50,57,20.46,50,SMART_GROW,7,0
2026-02-17T17:48:11.811Z,50,54,20.11,50,SMART_GROW,5,0
2026-02-17T17:48:11.862Z,50,50,20.40,50,SMART_GROW,4,0
2026-02-17T17:48:11.912Z,50,50,20.23,50,SMART_GROW,4,0
2026-02-17T17:48:11.962Z,50,51,20.01,50,SMART_GROW,2,0
2026-02-17T17:48:12.013Z,50,51,20.31,50,SMART_GROW,0,0
2026-02-17T17:48:12.063Z,50,51,19.74,50,SMART_GROW,0,0
2026-02-17T17:48:12.113Z,50,51,20.18,50,SMART_GROW,0,0
2026-02-17T17:48:12.164Z,50,51,20.09,50,SMART_GROW,0,0
2026-02-17T17:48:12.213Z,50,49,19.83,50,SMART_GROW,2,0
2026-02-17T17:48:12.264Z,50,49,20.31,50,SMART_GROW,2,0
2026-02-17T17:48:12.314Z,50,48,20.19,50,SMART_GROW,2,0
2026-02-17T17:48:12.364Z,50,46,20.05,50,SMART_GROW,2,0
2026-02-17T17:48:12.414Z,50,43,20.01,50,SMART_GROW,3,0
2026-02-17T17:48:12.464Z,50,39,20.05,50,SMART_GROW,4,0
2026-02-17T17:48:12.514Z,50,33,19.18,50,SMART_GROW,6,0
2026-02-17T17:48:12.565Z,50,27,20.25,50,SMART_GROW,7,0
2026-02-17T17:48:12.614Z,50,21,19.64,50,SMART_GROW,7,0
2026-02-17T17:48:12.665Z,50,15,20.11,50,SMART_GROW,7,0
2026-02-17T17:48:12.714Z,50,12,20.91,50,SMART_GROW,4,0
2026-02-17T17:48:12.764Z,50,13,20.32,50,SMART_GROW,3,0
2026-02-17T17:48:12.814Z,50,14,19.72,50,SMART_GROW,2,0
2026-02-17T17:48:12.865Z,50,12,21.54,50,SMART_GROW,2,0
2026-02-17T17:48:12.914Z,50,11,20.53,50,SMART_GROW,3,0
2026-02-17T17:48:12.964Z,50,7,19.80,50,SMART_GROW,5,0
2026-02-17T17:48:13.014Z,50,3,20.80,50,SMART_GROW,4,0
2026-02-17T17:48:13.064Z,50,2,20.50,50,SMART_GROW,1,0
2026-02-17T17:48:13.114Z,50,0,19.67,50,HOLD_11.0s,2,0
2026-02-17T17:48:13.165Z,49,0,20.13,50,HOLD_11.0s,1,0
2026-02-17T17:48:13.216Z,49,0,20.16,50,HOLD_11.0s,0,0
2026-02-17T17:48:13.266Z,50,0,20.57,50,HOLD_11.0s,0,0
2026-02-17T17:48:13.317Z,48,0,20.05,50,HOLD_11.0s,2,0
2026-02-17T17:48:13.366Z,48,0,20.01,50,HOLD_11.0s,1,0
2026-02-17T17:48:13.417Z,47,0,20.00,50,HOLD_11.0s,2,0
2026-02-17T17:48:13.467Z,49,0,20.39,50,HOLD_11.0s,1,0
2026-02-17T17:48:13.517Z,47,0,20.09,50,HOLD_11.0s,4,0
2026-02-17T17:48:13.568Z,48,0,20.14,50,HOLD_11.0s,4,0
2026-02-17T17:48:13.618Z,47,0,20.00,50,HOLD_11.0s,5,0
2026-02-17T17:48:13.668Z,50,0,20.37,50,HOLD_11.0s,2,0
2026-02-17T17:48:13.718Z,50,1,20.02,50,SMART_GROW,1,0
2026-02-17T17:48:13.768Z,50,2,19.28,50,SMART_GROW,2,0
2026-02-17T17:48:13.818Z,50,0,20.47,50,HOLD_11.0s,4,0
2026-02-17T17:48:13.868Z,50,0,20.78,50,HOLD_11.0s,2,0
2026-02-17T17:48:13.918Z,50,0,19.90,50,HOLD_11.0s,1,0
2026-02-17T17:48:13.968Z,50,1,20.14,50,SMART_GROW,2,0
2026-02-17T17:48:14.018Z,50,1,20.00,50,SMART_GROW,2,0
2026-02-17T17:48:14.068Z,50,1,19.60,50,SMART_GROW,0,0
2026-02-17T17:48:14.119Z,50,3,19.96,50,SMART_GROW,0,0
2026-02-17T17:48:14.168Z,50,4,20.11,50,SMART_GROW,0,0
2026-02-17T17:48:14.219Z,50,4,20.09,50,SMART_GROW,0,0
2026-02-17T17:48:14.269Z,50,4,20.14,50,SMART_GROW,0,0
2026-02-17T17:48:14.319Z,50,4,20.85,50,SMART_GROW,1,0
2026-02-17T17:48:14.370Z,50,2,19.51,50,SMART_GROW,3,0
2026-02-17T17:48:14.419Z,50,0,20.23,50,HOLD_11.0s,3,0
2026-02-17T17:48:14.469Z,50,0,20.44,50,HOLD_11.0s,1,0
2026-02-17T17:48:14.519Z,50,1,20.08,50,SMART_GROW,1,0
2026-02-17T17:48:14.569Z,50,1,19.82,50,SMART_GROW,3,0
2026-02-17T17:48:14.619Z,50,1,19.60,50,SMART_GROW,3,0
2026-02-17T17:48:14.669Z,50,0,20.64,50,HOLD_11.0s,3,0
2026-02-17T17:48:14.720Z,49,0,20.01,50,HOLD_11.0s,1,0
2026-02-17T17:48:14.770Z,50,0,20.04,50,HOLD_11.0s,1,0
2026-02-17T17:48:14.820Z,49,0,20.37,50,HOLD_11.0s,3,0
2026-02-17T17:48:14.871Z,50,0,20.18,50,HOLD_11.0s,1,0
2026-02-17T17:48:14.920Z,50,0,20.16,50,HOLD_11.0s,0,0
2026-02-17T17:48:14.970Z,50,1,20.25,50,SMART_GROW,0,0
2026-02-17T17:48:15.020Z,48,0,20.14,50,HOLD_11.0s,3,0
2026-02-17T17:48:15.070Z,48,0,20.23,50,HOLD_11.0s,0,0
2026-02-17T17:48:15.120Z,48,0,19.77,50,HOLD_11.0s,0,0
2026-02-17T17:48:15.170Z,47,0,20.45,50,HOLD_11.0s,1,0
2026-02-17T17:48:15.220Z,46,0,20.13,50,HOLD_11.0s,1,0
2026-02-17T17:48:15.271Z,46,0,19.91,50,HOLD_11.0s,0,0
2026-02-17T17:48:15.320Z,46,0,20.91,50,HOLD_11.0s,0,0
2026-02-17T17:48:15.371Z,45,0,20.28,50,HOLD_11.0s,2,0
2026-02-17T17:48:15.421Z,47,0,20.64,50,HOLD_11.0s,1,0
2026-02-17T17:48:15.471Z,47,0,20.21,50,HOLD_11.0s,1,0
2026-02-17T17:48:15.521Z,47,0,20.13,50,HOLD_11.0s,0,0
2026-02-17T17:48:15.571Z,47,0,19.68,50,HOLD_11.0s,1,0
2026-02-17T17:48:15.622Z,47,0,20.29,50,HOLD_11.0s,2,0
2026-02-17T17:48:15.672Z,46,0,20.34,50,HOLD_11.0s,4,0
2026-02-17T17:48:15.722Z,43,0,20.67,50,HOLD_11.0s,3,0
2026-02-17T17:48:15.772Z,43,0,19.91,50,HOLD_11.0s,0,0
2026-02-17T17:48:15.822Z,43,0,20.01,50,HOLD_11.0s,1,0
2026-02-17T17:48:15.873Z,43,0,20.18,50,HOLD_11.0s,1,0
2026-02-17T17:48:15.923Z,41,0,20.05,50,HOLD_11.0s,2,0
2026-02-17T17:48:15.974Z,40,0,19.97,50,HOLD_11.0s,1,0
2026-02-17T17:48:16.024Z,41,0,20.49,50,HOLD_11.0s,1,0
2026-02-17T17:48:16.075Z,40,0,20.22,50,HOLD_11.0s,1,0
2026-02-17T17:48:16.125Z,40,0,20.14,50,HOLD_11.0s,0,0
2026-02-17T17:48:16.175Z,40,0,20.25,50,HOLD_11.0s,0,0
2026-02-17T17:48:16.226Z,39,0,21.64,50,HOLD_11.0s,1,0
2026-02-17T17:48:16.276Z,39,0,20.11,50,HOLD_11.0s,0,0
2026-02-17T17:48:16.326Z,38,0,20.06,50,HOLD_11.0s,1,0
2026-02-17T17:48:16.376Z,38,0,19.75,50,HOLD_11.0s,0,0
2026-02-17T17:48:16.427Z,38,0,20.16,50,HOLD_11.0s,0,0
2026-02-17T17:48:16.477Z,38,0,20.35,50,HOLD_11.0s,1,0
2026-02-17T17:48:16.527Z,38,0,20.54,50,HOLD_11.0s,0,0
2026-02-17T17:48:16.577Z,36,0,19.91,50,HOLD_11.0s,2,0
2026-02-17T17:48:16.627Z,36,0,20.32,50,HOLD_11.0s,1,0
2026-02-17T17:48:16.678Z,35,0,19.98,50,HOLD_11.0s,1,0
2026-02-17T17:48:16.729Z,35,0,21.73,50,HOLD_11.0s,1,0
2026-02-17T17:48:16.780Z,35,0,20.10,50,HOLD_11.0s,0,0
2026-02-17T17:48:16.830Z,35,0,20.47,50,HOLD_11.0s,0,0
2026-02-17T17:48:16.880Z,33,0,19.66,50,HOLD_11.0s,2,0
2026-02-17T17:48:16.931Z,33,0,20.16,50,HOLD_11.0s,0,0
2026-02-17T17:48:16.982Z,32,0,20.24,50,HOLD_11.0s,1,0
2026-02-17T17:48:17.031Z,32,0,20.29,50,HOLD_11.0s,0,0
2026-02-17T17:48:17.081Z,32,0,20.23,50,HOLD_11.0s,0,0
2026-02-17T17:48:17.132Z,32,0,20.16,50,HOLD_11.0s,0,0
2026-02-17T17:48:17.183Z,31,0,20.34,50,HOLD_11.0s,1,0
2026-02-17T17:48:17.232Z,31,0,20.57,50,HOLD_11.0s,0,0
2026-02-17T17:48:17.282Z,31,0,19.90,50,HOLD_11.0s,0,0
2026-02-17T17:48:17.332Z,31,0,20.13,50,HOLD_11.0s,0,0
2026-02-17T17:48:17.382Z,31,0,19.55,50,HOLD_11.0s,0,0
2026-02-17T17:48:17.433Z,31,0,20.53,50,HOLD_11.0s,0,0
2026-02-17T17:48:17.483Z,29,0,20.32,50,HOLD_11.0s,2,0
2026-02-17T17:48:17.533Z,29,0,20.33,50,HOLD_11.0s,0,0
2026-02-17T17:48:17.583Z,29,0,20.70,50,HOLD_11.0s,0,0
2026-02-17T17:48:17.634Z,29,0,20.24,50,HOLD_11.0s,0,0
2026-02-17T17:48:17.683Z,28,0,20.78,50,HOLD_11.0s,1,0
2026-02-17T17:48:17.734Z,28,0,19.87,50,HOLD_11.0s,0,0
2026-02-17T17:48:17.783Z,28,0,20.24,50,HOLD_11.0s,0,0
2026-02-17T17:48:17.833Z,27,0,20.14,50,HOLD_11.0s,1,0
2026-02-17T17:48:17.884Z,27,0,20.36,50,HOLD_11.0s,0,0
2026-02-17T17:48:17.935Z,27,0,20.19,50,HOLD_11.0s,0,0
2026-02-17T17:48:17.985Z,26,0,20.06,50,HOLD_11.0s,1,0
2026-02-17T17:48:18.035Z,26,0,19.96,50,HOLD_11.0s,0,0
2026-02-17T17:48:18.085Z,26,0,19.70,50,HOLD_11.0s,0,0
2026-02-17T17:48:18.135Z,26,0,20.14,50,HOLD_11.0s,0,0
2026-02-17T17:48:18.186Z,26,0,20.31,50,HOLD_11.0s,0,0
2026-02-17T17:48:18.236Z,26,0,20.13,50,HOLD_11.0s,0,0
2026-02-17T17:48:18.285Z,25,0,20.47,50,HOLD_11.0s,1,0
2026-02-17T17:48:18.336Z,25,0,19.87,50,HOLD_11.0s,0,0
2026-02-17T17:48:18.386Z,25,0,20.28,50,HOLD_11.0s,0,0
2026-02-17T17:48:18.435Z,24,0,20.49,50,HOLD_11.0s,1,0
2026-02-17T17:48:18.485Z,24,0,20.34,50,HOLD_11.0s,0,0
2026-02-17T17:48:18.536Z,24,0,19.91,50,HOLD_11.0s,0,0
2026-02-17T17:48:18.585Z,24,0,20.87,50,HOLD_11.0s,0,0
2026-02-17T17:48:18.635Z,24,0,20.14,50,HOLD_11.0s,0,0
2026-02-17T17:48:18.686Z,23,0,19.88,50,HOLD_11.0s,1,0
2026-02-17T17:48:18.736Z,23,0,20.25,50,HOLD_11.0s,0,0
2026-02-17T17:48:18.786Z,23,0,20.31,50,HOLD_11.0s,0,0
2026-02-17T17:48:18.836Z,22,0,19.90,50,HOLD_11.0s,1,0
2026-02-17T17:48:18.887Z,22,0,20.41,50,HOLD_11.0s,0,0
2026-02-17T17:48:18.937Z,22,0,20.35,50,HOLD_11.0s,0,0
2026-02-17T17:48:18.988Z,22,0,19.31,50,HOLD_11.0s,0,0
2026-02-17T17:48:19.038Z,22,0,20.40,50,HOLD_11.0s,0,0
2026-02-17T17:48:19.089Z,21,0,20.32,50,HOLD_11.0s,1,0
2026-02-17T17:48:19.138Z,21,0,20.13,50,HOLD_11.0s,0,0
2026-02-17T17:48:19.188Z,20,0,20.26,50,HOLD_11.0s,1,0
2026-02-17T17:48:19.239Z,20,0,20.31,50,HOLD_11.0s,0,0
2026-02-17T17:48:19.289Z,20,0,20.57,50,HOLD_11.0s,0,0
2026-02-17T17:48:19.338Z,20,0,20.44,50,HOLD_11.0s,0,0
2026-02-17T17:48:19.389Z,20,0,19.96,50,HOLD_11.0s,0,0
2026-02-17T17:48:19.440Z,20,0,20.14,50,HOLD_11.0s,0,0
2026-02-17T17:48:19.491Z,19,0,19.59,50,HOLD_11.0s,1,0
2026-02-17T17:48:19.540Z,19,0,20.06,50,HOLD_11.0s,0,0
2026-02-17T17:48:19.590Z,19,0,19.87,50,HOLD_11.0s,0,0
2026-02-17T17:48:19.641Z,18,0,20.06,50,HOLD_11.0s,1,0
2026-02-17T17:48:19.690Z,18,0,20.44,50,HOLD_11.0s,0,0
2026-02-17T17:48:19.740Z,18,0,19.82,50,HOLD_11.0s,0,0
2026-02-17T17:48:19.790Z,18,0,20.29,50,HOLD_11.0s,0,0
2026-02-17T17:48:19.840Z,18,0,19.83,50,HOLD_11.0s,0,0
2026-02-17T17:48:19.890Z,18,0,20.34,50,HOLD_11.0s,0,0
2026-02-17T17:48:19.940Z,16,0,19.95,50,HOLD_11.0s,2,0
2026-02-17T17:48:19.990Z,16,0,19.36,50,HOLD_11.0s,0,0
2026-02-17T17:48:20.041Z,16,0,19.99,50,HOLD_11.0s,0,0
2026-02-17T17:48:20.090Z,16,0,20.32,50,HOLD_11.0s,0,0
2026-02-17T17:48:20.141Z,16,0,20.13,50,HOLD_11.0s,0,0
2026-02-17T17:48:20.191Z,16,0,20.41,50,HOLD_11.0s,0,0
2026-02-17T17:48:20.242Z,15,0,20.11,50,HOLD_11.0s,1,0
2026-02-17T17:48:20.293Z,15,0,20.30,50,HOLD_11.0s,0,0
2026-02-17T17:48:20.342Z,15,0,20.16,50,HOLD_11.0s,0,0
2026-02-17T17:48:20.393Z,15,0,19.96,50,HOLD_11.0s,0,0
2026-02-17T17:48:20.443Z,14,0,20.68,50,HOLD_11.0s,1,0
2026-02-17T17:48:20.492Z,14,0,20.21,50,HOLD_11.0s,0,0
2026-02-17T17:48:20.542Z,14,0,20.13,50,HOLD_11.0s,0,0
2026-02-17T17:48:20.600Z,14,0,20.19,50,HOLD_11.0s,0,0
2026-02-17T17:48:20.643Z,14,0,19.78,50,HOLD_11.0s,0,0
2026-02-17T17:48:20.692Z,14,0,19.77,50,HOLD_11.0s,0,0
2026-02-17T17:48:20.742Z,12,0,19.83,50,HOLD_11.0s,2,0
2026-02-17T17:48:20.792Z,12,0,19.37,50,HOLD_11.0s,0,0
2026-02-17T17:48:20.843Z,12,0,19.82,50,HOLD_11.0s,0,0
2026-02-17T17:48:20.893Z,12,0,20.48,50,HOLD_11.0s,0,0
2026-02-17T17:48:20.944Z,12,0,20.13,50,HOLD_11.0s,0,0
2026-02-17T17:48:20.992Z,12,0,20.03,50,HOLD_11.0s,0,0
2026-02-17T17:48:21.042Z,11,0,20.82,50,HOLD_11.0s,1,0
2026-02-17T17:48:21.092Z,11,0,20.34,50,HOLD_11.0s,0,0
2026-02-17T17:48:21.143Z,11,0,20.15,50,HOLD_11.0s,0,0
2026-02-17T17:48:21.192Z,11,0,20.37,50,HOLD_11.0s,0,0
2026-02-17T17:48:21.243Z,11,0,20.38,50,HOLD_11.0s,0,0
2026-02-17T17:48:21.293Z,10,0,20.73,50,HOLD_11.0s,1,0
2026-02-17T17:48:21.343Z,10,0,20.32,50,HOLD_11.0s,0,0
2026-02-17T17:48:21.394Z,10,0,20.31,50,HOLD_11.0s,0,0
2026-02-17T17:48:21.443Z,10,0,20.11,50,HOLD_11.0s,0,0
2026-02-17T17:48:21.493Z,9,0,19.34,50,HOLD_11.0s,1,0
2026-02-17T17:48:21.543Z,8,0,19.97,50,HOLD_11.0s,1,0
2026-02-17T17:48:21.594Z,8,0,20.64,50,HOLD_11.0s,0,0
2026-02-17T17:48:21.645Z,8,0,20.33,50,HOLD_11.0s,0,0
2026-02-17T17:48:21.696Z,8,0,20.28,50,HOLD_11.0s,0,0
2026-02-17T17:48:21.746Z,8,0,20.37,50,HOLD_11.0s,0,0
2026-02-17T17:48:21.796Z,7,0,20.41,50,HOLD_11.0s,1,0
2026-02-17T17:48:21.846Z,7,0,20.13,50,HOLD_11.0s,0,0
2026-02-17T17:48:21.897Z,7,0,20.47,50,HOLD_11.0s,0,0
2026-02-17T17:48:21.947Z,7,0,19.84,50,HOLD_11.0s,0,0
2026-02-17T17:48:21.997Z,6,0,20.32,50,HOLD_11.0s,1,0
2026-02-17T17:48:22.048Z,6,0,20.23,50,HOLD_11.0s,0,0
2026-02-17T17:48:22.099Z,6,0,20.44,50,HOLD_11.0s,0,0
2026-02-17T17:48:22.149Z,5,0,19.83,50,HOLD_11.0s,1,0
2026-02-17T17:48:22.198Z,5,0,20.88,50,HOLD_11.0s,0,0
2026-02-17T17:48:22.249Z,5,0,20.13,50,HOLD_11.0s,0,0
2026-02-17T17:48:22.298Z,4,0,19.90,50,HOLD_11.0s,1,0
2026-02-17T17:48:22.349Z,4,0,20.13,50,HOLD_11.0s,0,0
2026-02-17T17:48:22.399Z,4,0,20.34,50,HOLD_11.0s,0,0
2026-02-17T17:48:22.449Z,4,0,20.34,50,HOLD_11.0s,0,0
2026-02-17T17:48:22.500Z,4,0,20.82,50,HOLD_11.0s,0,0
2026-02-17T17:48:22.549Z,4,0,20.11,50,HOLD_11.0s,0,0
2026-02-17T17:48:22.600Z,3,0,20.26,50,HOLD_11.0s,1,0
2026-02-17T17:48:22.650Z,2,0,20.15,50,HOLD_11.0s,1,0
2026-02-17T17:48:22.701Z,2,0,19.96,50,HOLD_11.0s,0,0
2026-02-17T17:48:22.750Z,1,0,20.30,50,HOLD_11.0s,1,0
2026-02-17T17:48:22.801Z,0,0,20.44,50,HOLD_11.0s,1,0
2026-02-17T17:48:22.851Z,0,0,20.12,50,HOLD_11.0s,0,0
2026-02-17T17:48:22.901Z,0,0,20.46,50,HOLD_11.0s,0,0
2026-02-17T17:48:22.952Z,0,0,19.82,50,HOLD_11.0s,0,0
2026-02-17T17:48:23.002Z,0,0,20.45,50,HOLD_11.0s,0,0
2026-02-17T17:48:23.052Z,0,0,20.54,50,HOLD_11.0s,0,0
2026-02-17T17:48:23.103Z,0,0,20.29,50,HOLD_11.0s,0,0
2026-02-17T17:48:23.153Z,0,0,20.38,50,HOLD_11.0s,0,0
2026-02-17T17:48:23.204Z,0,0,20.26,50,HOLD_11.0s,0,0
2026-02-17T17:48:23.254Z,0,0,20.32,50,HOLD_11.0s,0,0
2026-02-17T17:48:23.305Z,0,0,20.78,50,HOLD_11.0s,0,0
2026-02-17T17:48:23.356Z,0,0,20.41,50,HOLD_11.0s,0,0
2026-02-17T17:48:23.406Z,0,0,20.44,50,HOLD_11.0s,0,0
2026-02-17T17:48:23.456Z,0,0,20.32,50,HOLD_11.0s,0,0
2026-02-17T17:48:23.507Z,0,0,20.37,50,HOLD_11.0s,0,0
2026-02-17T17:48:23.557Z,0,0,20.34,50,HOLD_11.0s,0,0
2026-02-17T17:48:23.607Z,0,0,20.39,50,HOLD_11.0s,0,0
2026-02-17T17:48:23.658Z,0,0,20.38,50,HOLD_11.0s,0,0
2026-02-17T17:48:23.709Z,0,0,20.39,50,HOLD_11.0s,0,0
2026-02-17T17:48:23.760Z,0,0,20.41,50,HOLD_11.0s,0,0
2026-02-17T17:48:23.810Z,0,0,20.41,50,HOLD_11.0s,0,0
2026-02-17T17:48:23.860Z,0,0,20.24,50,HOLD_11.0s,0,0
2026-02-17T17:48:23.911Z,0,0,20.59,50,HOLD_11.0s,0,0
2026-02-17T17:48:23.960Z,0,0,20.42,50,HOLD_11.0s,0,0
2026-02-17T17:48:24.010Z,0,0,20.42,50,HOLD_11.0s,0,0
2026-02-17T17:48:24.060Z,0,0,20.37,50,HOLD_11.0s,0,0
2026-02-17T17:48:24.110Z,0,0,20.44,50,HOLD_11.0s,0,0
2026-02-17T17:48:24.160Z,0,0,20.28,50,HOLD_11.0s,0,0
2026-02-17T17:48:24.211Z,0,0,19.96,50,HOLD_11.0s,0,0
2026-02-17T17:48:24.261Z,0,0,20.50,50,HOLD_11.0s,0,0
2026-02-17T17:48:24.311Z,0,0,20.59,50,HOLD_11.0s,0,0
2026-02-17T17:48:24.362Z,0,0,20.47,50,HOLD_11.0s,0,0
2026-02-17T17:48:24.413Z,0,0,20.02,50,HOLD_11.0s,0,0
2026-02-17T17:48:24.464Z,0,0,20.01,50,HOLD_11.0s,0,0
2026-02-17T17:48:24.514Z,0,0,21.27,50,HOLD_11.0s,0,0
2026-02-17T17:48:24.565Z,0,0,20.34,50,HOLD_11.0s,0,0
2026-02-17T17:48:24.615Z,0,0,20.37,50,HOLD_11.0s,0,0
2026-02-17T17:48:24.665Z,0,0,20.37,50,HOLD_11.0s,0,0
2026-02-17T17:48:24.716Z,0,0,20.56,50,HOLD_11.0s,0,0
2026-02-17T17:48:24.766Z,0,0,20.34,50,HOLD_11.0s,0,0
2026-02-17T17:48:24.817Z,0,0,20.31,50,HOLD_11.0s,0,0
2026-02-17T17:48:24.867Z,0,0,20.37,50,HOLD_11.0s,0,0
2026-02-17T17:48:24.917Z,0,0,19.78,50,HOLD_11.0s,0,0
2026-02-17T17:48:24.968Z,0,0,20.39,50,HOLD_11.0s,0,0
2026-02-17T17:48:25.018Z,0,0,20.17,50,HOLD_11.0s,0,0
2026-02-17T17:48:25.069Z,0,0,20.24,50,HOLD_11.0s,0,0
2026-02-17T17:48:25.119Z,0,0,20.33,50,HOLD_11.0s,0,0
2026-02-17T17:48:25.170Z,0,0,20.31,50,HOLD_11.0s,0,0
2026-02-17T17:48:25.220Z,0,0,20.43,50,HOLD_11.0s,0,0
2026-02-17T17:48:25.270Z,0,0,20.52,50,HOLD_11.0s,0,0
2026-02-17T17:48:25.320Z,0,0,20.26,50,HOLD_11.0s,0,0
2026-02-17T17:48:25.371Z,0,0,20.27,50,HOLD_11.0s,0,0
2026-02-17T17:48:25.421Z,0,0,20.41,50,HOLD_11.0s,0,0
2026-02-17T17:48:25.472Z,0,0,20.42,50,HOLD_11.0s,0,0
2026-02-17T17:48:25.522Z,0,0,20.34,50,HOLD_11.0s,0,0
2026-02-17T17:48:25.573Z,0,0,20.39,50,HOLD_11.0s,0,0
2026-02-17T17:48:25.624Z,0,0,20.41,50,HOLD_11.0s,0,0
2026-02-17T17:48:25.675Z,0,0,20.28,50,HOLD_11.0s,0,0
2026-02-17T17:48:25.724Z,0,0,20.46,50,HOLD_11.0s,0,0
2026-02-17T17:48:25.775Z,0,0,20.48,50,HOLD_11.0s,0,0
2026-02-17T17:48:25.824Z,0,0,20.32,50,HOLD_11.0s,0,0
2026-02-17T17:48:25.875Z,0,0,20.43,50,HOLD_11.0s,0,0
2026-02-17T17:48:25.925Z,0,0,20.28,50,HOLD_11.0s,0,0
2026-02-17T17:48:25.975Z,0,0,20.18,50,HOLD_11.0s,0,0
2026-02-17T17:48:26.026Z,0,0,20.39,50,HOLD_11.0s,0,0
2026-02-17T17:48:26.077Z,0,0,20.47,50,HOLD_11.0s,0,0
2026-02-17T17:48:26.127Z,0,0,20.42,50,HOLD_11.0s,0,0
2026-02-17T17:48:26.178Z,0,0,20.31,50,HOLD_11.0s,0,0
2026-02-17T17:48:26.228Z,0,0,20.41,50,HOLD_11.0s,0,0
2026-02-17T17:48:26.278Z,0,0,20.39,50,HOLD_11.0s,0,0
2026-02-17T17:48:26.328Z,0,0,20.45,50,HOLD_11.0s,0,0
2026-02-17T17:48:26.379Z,0,0,19.41,50,HOLD_11.0s,0,0
2026-02-17T17:48:26.429Z,0,0,20.37,50,HOLD_11.0s,0,0
2026-02-17T17:48:26.479Z,0,0,20.46,50,HOLD_11.0s,0,0
2026-02-17T17:48:26.529Z,0,0,20.38,50,HOLD_11.0s,0,0
2026-02-17T17:48:26.580Z,0,0,20.26,50,HOLD_11.0s,0,0
2026-02-17T17:48:26.630Z,0,0,20.23,50,HOLD_11.0s,0,0
2026-02-17T17:48:26.681Z,0,0,20.14,50,HOLD_11.0s,0,0
2026-02-17T17:48:26.732Z,0,0,20.24,50,HOLD_11.0s,0,0
2026-02-17T17:48:26.782Z,0,0,20.23,50,HOLD_11.0s,0,0
2026-02-17T17:48:26.832Z,0,0,20.40,50,HOLD_11.0s,0,0
2026-02-17T17:48:26.882Z,0,0,20.29,50,HOLD_11.0s,0,0
2026-02-17T17:48:26.932Z,0,0,20.45,50,HOLD_11.0s,0,0
2026-02-17T17:48:26.982Z,0,0,20.41,50,HOLD_11.0s,0,0
2026-02-17T17:48:27.033Z,0,0,20.37,50,HOLD_11.0s,0,0
2026-02-17T17:48:27.082Z,0,0,19.91,50,HOLD_11.0s,0,0
2026-02-17T17:48:27.132Z,0,0,20.23,50,HOLD_11.0s,0,0
2026-02-17T17:48:27.182Z,0,0,20.18,50,HOLD_11.0s,0,0
2026-02-17T17:48:27.233Z,0,0,20.39,50,HOLD_11.0s,0,0
2026-02-17T17:48:27.284Z,0,0,19.94,50,HOLD_11.0s,0,0
2026-02-17T17:48:27.335Z,0,0,20.26,50,HOLD_11.0s,0,0
2026-02-17T17:48:27.385Z,0,0,20.47,50,HOLD_11.0s,0,0
2026-02-17T17:48:27.436Z,0,0,20.47,50,HOLD_11.0s,0,0
2026-02-17T17:48:27.487Z,0,0,20.28,50,HOLD_11.0s,0,0
2026-02-17T17:48:27.537Z,0,0,20.52,50,HOLD_11.0s,0,0
2026-02-17T17:48:27.587Z,0,0,20.45,50,HOLD_11.0s,0,0
2026-02-17T17:48:27.638Z,0,0,20.42,50,HOLD_11.0s,0,0
2026-02-17T17:48:27.688Z,0,0,20.64,50,HOLD_11.0s,0,0
2026-02-17T17:48:27.738Z,0,0,20.37,49,IDLE_SHRINK,0,0
2026-02-17T17:48:27.788Z,0,0,20.10,48,IDLE_SHRINK,0,0
2026-02-17T17:48:27.838Z,0,0,20.44,47,IDLE_SHRINK,0,0
2026-02-17T17:48:27.889Z,0,0,20.28,46,IDLE_SHRINK,0,0
2026-02-17T17:48:27.939Z,0,0,20.31,45,IDLE_SHRINK,0,0
2026-02-17T17:48:27.990Z,0,0,20.65,44,IDLE_SHRINK,0,0
2026-02-17T17:48:28.041Z,0,0,20.37,43,IDLE_SHRINK,0,0
2026-02-17T17:48:28.092Z,0,0,20.55,42,IDLE_SHRINK,0,0
2026-02-17T17:48:28.142Z,0,0,20.44,41,IDLE_SHRINK,0,0
2026-02-17T17:48:28.192Z,0,0,20.43,40,IDLE_SHRINK,0,0
2026-02-17T17:48:28.243Z,0,0,20.57,39,IDLE_SHRINK,0,0
2026-02-17T17:48:28.294Z,0,0,20.42,38,IDLE_SHRINK,0,0
2026-02-17T17:48:28.345Z,0,0,20.54,37,IDLE_SHRINK,0,0
2026-02-17T17:48:28.395Z,0,0,20.41,36,IDLE_SHRINK,0,0
2026-02-17T17:48:28.445Z,0,0,20.68,35,IDLE_SHRINK,0,0
2026-02-17T17:48:28.495Z,0,0,20.24,34,IDLE_SHRINK,0,0
2026-02-17T17:48:28.545Z,0,0,20.32,33,IDLE_SHRINK,0,0
2026-02-17T17:48:28.595Z,0,0,20.37,32,IDLE_SHRINK,0,0
2026-02-17T17:48:28.645Z,0,0,20.43,31,IDLE_SHRINK,0,0
2026-02-17T17:48:28.695Z,0,0,20.46,30,IDLE_SHRINK,0,0
2026-02-17T17:48:28.745Z,0,0,20.45,29,IDLE_SHRINK,0,0
2026-02-17T17:48:28.795Z,0,0,20.39,28,IDLE_SHRINK,0,0
2026-02-17T17:48:28.846Z,0,0,20.54,27,IDLE_SHRINK,0,0
2026-02-17T17:48:28.896Z,0,0,20.40,26,IDLE_SHRINK,0,0
2026-02-17T17:48:28.947Z,0,0,20.39,25,IDLE_SHRINK,0,0
2026-02-17T17:48:28.997Z,0,0,20.72,24,IDLE_SHRINK,0,0
2026-02-17T17:48:29.048Z,0,0,20.41,23,IDLE_SHRINK,0,0
2026-02-17T17:48:29.097Z,0,0,20.27,22,IDLE_SHRINK,0,0
2026-02-17T17:48:29.147Z,0,0,20.37,21,IDLE_SHRINK,0,0
2026-02-17T17:48:29.197Z,0,0,20.46,20,IDLE_SHRINK,0,0
2026-02-17T17:48:29.247Z,0,0,20.47,19,IDLE_SHRINK,0,0
2026-02-17T17:48:29.297Z,0,0,20.17,18,IDLE_SHRINK,0,0
2026-02-17T17:48:29.347Z,0,0,20.47,17,IDLE_SHRINK,0,0
2026-02-17T17:48:29.398Z,0,0,20.44,16,IDLE_SHRINK,0,0
2026-02-17T17:48:29.448Z,0,0,20.28,15,IDLE_SHRINK,0,0
2026-02-17T17:48:29.498Z,0,0,20.19,14,IDLE_SHRINK,0,0
2026-02-17T17:48:29.548Z,0,0,20.25,13,IDLE_SHRINK,0,0
2026-02-17T17:48:29.598Z,0,0,20.24,12,IDLE_SHRINK,0,0
2026-02-17T17:48:29.649Z,0,0,20.35,11,IDLE_SHRINK,0,0
2026-02-17T17:48:29.699Z,0,0,20.34,10,IDLE_SHRINK,0,0
2026-02-17T17:48:29.749Z,0,0,20.37,9,IDLE_SHRINK,0,0
2026-02-17T17:48:29.799Z,0,0,20.60,8,IDLE_SHRINK,0,0
2026-02-17T17:48:29.849Z,0,0,20.46,7,IDLE_SHRINK,0,0
2026-02-17T17:48:29.899Z,0,0,20.37,6,IDLE_SHRINK,0,0
2026-02-17T17:48:29.949Z,0,0,20.33,5,IDLE_SHRINK,0,0
2026-02-17T17:48:30.000Z,0,0,20.42,5,IDLE_SHRINK,0,0
2026-02-17T17:48:30.050Z,0,0,20.47,5,IDLE_SHRINK,0,0
2026-02-17T17:48:30.101Z,0,0,20.35,5,IDLE_SHRINK,0,0
2026-02-17T17:48:30.151Z,0,0,20.18,5,IDLE_SHRINK,0,0
2026-02-17T17:48:30.202Z,0,0,20.47,5,IDLE_SHRINK,0,0
2026-02-17T17:48:30.252Z,0,0,20.55,5,IDLE_SHRINK,0,0
2026-02-17T17:48:30.303Z,0,0,20.17,5,IDLE_SHRINK,0,0
2026-02-17T17:48:30.352Z,0,0,20.46,5,IDLE_SHRINK,0,0
2026-02-17T17:48:30.402Z,0,0,20.66,5,IDLE_SHRINK,0,0
2026-02-17T17:48:30.453Z,0,0,20.46,5,IDLE_SHRINK,0,0
2026-02-17T17:48:30.504Z,0,0,20.60,5,IDLE_SHRINK,0,0
2026-02-17T17:48:30.554Z,0,0,20.44,5,IDLE_SHRINK,0,0
2026-02-17T17:48:30.604Z,0,0,20.59,5,IDLE_SHRINK,0,0
2026-02-17T17:48:30.654Z,0,0,20.47,5,IDLE_SHRINK,0,0
2026-02-17T17:48:30.704Z,0,0,20.41,5,IDLE_SHRINK,0,0
2026-02-17T17:48:30.755Z,0,0,20.41,5,IDLE_SHRINK,0,0
2026-02-17T17:48:30.805Z,0,0,20.57,5,IDLE_SHRINK,0,0
2026-02-17T17:48:30.855Z,0,0,20.37,5,IDLE_SHRINK,0,0
2026-02-17T17:48:30.906Z,0,0,20.28,5,IDLE_SHRINK,0,0
2026-02-17T17:48:30.957Z,0,0,20.38,5,IDLE_SHRINK,0,0
2026-02-17T17:48:31.008Z,0,0,20.39,5,IDLE_SHRINK,0,0
2026-02-17T17:48:31.057Z,0,0,20.37,5,IDLE_SHRINK,0,0
2026-02-17T17:48:31.107Z,0,0,20.46,5,IDLE_SHRINK,0,0
2026-02-17T17:48:31.157Z,0,0,20.28,5,IDLE_SHRINK,0,0
2026-02-17T17:48:31.207Z,0,0,20.52,5,IDLE_SHRINK,0,0
2026-02-17T17:48:31.257Z,0,0,20.50,5,IDLE_SHRINK,0,0
2026-02-17T17:48:31.307Z,0,0,20.46,5,IDLE_SHRINK,0,0
2026-02-17T17:48:31.357Z,0,0,20.32,5,IDLE_SHRINK,0,0
2026-02-17T17:48:31.407Z,0,0,20.39,5,IDLE_SHRINK,0,0
2026-02-17T17:48:31.457Z,0,0,20.18,5,IDLE_SHRINK,0,0
2026-02-17T17:48:31.507Z,0,0,19.96,5,IDLE_SHRINK,0,0
2026-02-17T17:48:31.557Z,0,0,20.29,5,IDLE_SHRINK,0,0
2026-02-17T17:48:31.608Z,0,0,20.68,5,IDLE_SHRINK,0,0
2026-02-17T17:48:31.659Z,0,0,20.65,5,IDLE_SHRINK,0,0
2026-02-17T17:48:31.710Z,0,0,20.66,5,IDLE_SHRINK,0,0
2026-02-17T17:48:31.760Z,0,0,20.28,5,IDLE_SHRINK,0,0
2026-02-17T17:48:31.811Z,0,0,20.14,5,IDLE_SHRINK,0,0
2026-02-17T17:48:31.861Z,0,0,20.34,5,IDLE_SHRINK,0,0
2026-02-17T17:48:31.911Z,0,0,20.54,5,IDLE_SHRINK,0,0
2026-02-17T17:48:31.961Z,0,0,20.37,5,IDLE_SHRINK,0,0
2026-02-17T17:48:32.011Z,0,0,20.02,5,IDLE_SHRINK,0,0
2026-02-17T17:48:32.062Z,0,0,20.42,5,IDLE_SHRINK,0,0
2026-02-17T17:48:32.113Z,0,0,20.23,5,IDLE_SHRINK,0,0
2026-02-17T17:48:32.163Z,0,0,20.34,5,IDLE_SHRINK,0,0
2026-02-17T17:48:32.214Z,0,0,20.52,5,IDLE_SHRINK,0,0
2026-02-17T17:48:32.264Z,0,0,20.47,5,IDLE_SHRINK,0,0
2026-02-17T17:48:32.314Z,0,0,20.37,5,IDLE_SHRINK,0,0
2026-02-17T17:48:32.365Z,0,0,20.35,5,IDLE_SHRINK,0,0
2026-02-17T17:48:32.416Z,0,0,20.36,5,IDLE_SHRINK,0,0
2026-02-17T17:48:32.466Z,0,0,20.34,5,IDLE_SHRINK,0,0
2026-02-17T17:48:32.516Z,0,0,20.46,5,IDLE_SHRINK,0,0
2026-02-17T17:48:32.566Z,0,0,20.52,5,IDLE_SHRINK,0,0
2026-02-17T17:48:32.617Z,0,0,20.49,5,IDLE_SHRINK,0,0
2026-02-17T17:48:32.668Z,0,0,20.47,5,IDLE_SHRINK,0,0
2026-02-17T17:48:32.718Z,0,0,20.85,5,IDLE_SHRINK,0,0
2026-02-17T17:48:32.768Z,0,0,20.47,5,IDLE_SHRINK,0,0
2026-02-17T17:48:32.819Z,0,0,20.03,5,IDLE_SHRINK,0,0
2026-02-17T17:48:32.869Z,0,0,20.41,5,IDLE_SHRINK,0,0
2026-02-17T17:48:32.920Z,0,0,20.48,5,IDLE_SHRINK,0,0
2026-02-17T17:48:32.971Z,0,0,20.26,5,IDLE_SHRINK,0,0
2026-02-17T17:48:33.021Z,0,0,20.79,5,IDLE_SHRINK,0,0
2026-02-17T17:48:33.072Z,0,0,20.28,5,IDLE_SHRINK,0,0
2026-02-17T17:48:33.123Z,0,0,20.12,5,IDLE_SHRINK,0,0
2026-02-17T17:48:33.173Z,0,0,20.50,5,IDLE_SHRINK,0,0
2026-02-17T17:48:33.224Z,0,0,20.34,5,IDLE_SHRINK,0,0
2026-02-17T17:48:33.274Z,0,0,20.32,5,IDLE_SHRINK,0,0
2026-02-17T17:48:33.324Z,0,0,20.73,5,IDLE_SHRINK,0,0
2026-02-17T17:48:33.374Z,0,0,20.31,5,IDLE_SHRINK,0,0
2026-02-17T17:48:33.424Z,0,0,20.11,5,IDLE_SHRINK,0,0
2026-02-17T17:48:33.475Z,0,0,20.39,5,IDLE_SHRINK,0,0
2026-02-17T17:48:33.525Z,0,0,19.82,5,IDLE_SHRINK,0,0
2026-02-17T17:48:33.576Z,0,0,20.19,5,IDLE_SHRINK,0,0
2026-02-17T17:48:33.626Z,0,0,19.92,5,IDLE_SHRINK,0,0
2026-02-17T17:48:33.676Z,0,0,20.41,5,IDLE_SHRINK,0,0
2026-02-17T17:48:33.727Z,0,0,20.19,5,IDLE_SHRINK,0,0
2026-02-17T17:48:33.777Z,0,0,20.50,5,IDLE_SHRINK,0,0
2026-02-17T17:48:33.828Z,0,0,20.23,5,IDLE_SHRINK,0,0
2026-02-17T17:48:33.878Z,0,0,20.29,5,IDLE_SHRINK,0,0
2026-02-17T17:48:33.928Z,0,0,20.58,5,IDLE_SHRINK,0,0
2026-02-17T17:48:33.978Z,0,0,20.52,5,IDLE_SHRINK,0,0
2026-02-17T17:48:34.029Z,0,0,20.21,5,IDLE_SHRINK,0,0
2026-02-17T17:48:34.080Z,0,0,20.47,5,IDLE_SHRINK,0,0
2026-02-17T17:48:34.131Z,0,0,20.77,5,IDLE_SHRINK,0,0
2026-02-17T17:48:34.182Z,0,0,20.40,5,IDLE_SHRINK,0,0
2026-02-17T17:48:34.232Z,0,0,20.82,5,IDLE_SHRINK,0,0
2026-02-17T17:48:34.282Z,0,0,20.06,5,IDLE_SHRINK,0,0
2026-02-17T17:48:34.332Z,0,0,21.01,5,IDLE_SHRINK,0,0
2026-02-17T17:48:34.383Z,0,0,20.36,5,IDLE_SHRINK,0,0
2026-02-17T17:48:34.434Z,0,0,20.00,5,IDLE_SHRINK,0,0
2026-02-17T17:48:34.485Z,0,0,20.44,5,IDLE_SHRINK,0,0
2026-02-17T17:48:34.536Z,0,0,19.93,5,IDLE_SHRINK,0,0
2026-02-17T17:48:34.585Z,0,0,20.36,5,IDLE_SHRINK,0,0
2026-02-17T17:48:34.635Z,0,0,21.09,5,IDLE_SHRINK,0,0
2026-02-17T17:48:34.685Z,0,0,20.48,5,IDLE_SHRINK,0,0
2026-02-17T17:48:34.735Z,0,0,20.75,5,IDLE_SHRINK,0,0
2026-02-17T17:48:34.785Z,0,0,20.29,5,IDLE_SHRINK,0,0
2026-02-17T17:48:34.836Z,0,0,20.23,5,IDLE_SHRINK,0,0
2026-02-17T17:48:34.886Z,0,0,20.32,5,IDLE_SHRINK,0,0
2026-02-17T17:48:34.936Z,0,0,20.54,5,IDLE_SHRINK,0,0
2026-02-17T17:48:34.987Z,0,0,20.39,5,IDLE_SHRINK,0,0
2026-02-17T17:48:35.038Z,0,0,20.04,5,IDLE_SHRINK,0,0
2026-02-17T17:48:35.088Z,0,0,20.36,5,IDLE_SHRINK,0,0
2026-02-17T17:48:35.139Z,0,0,20.59,5,IDLE_SHRINK,0,0
2026-02-17T17:48:35.189Z,0,0,20.47,5,IDLE_SHRINK,0,0
2026-02-17T17:48:35.240Z,0,0,20.09,5,IDLE_SHRINK,0,0
2026-02-17T17:48:35.291Z,0,0,20.21,5,IDLE_SHRINK,0,0
2026-02-17T17:48:35.342Z,0,0,20.68,5,IDLE_SHRINK,0,0
2026-02-17T17:48:35.392Z,0,0,20.50,5,IDLE_SHRINK,0,0
2026-02-17T17:48:35.443Z,0,0,20.67,5,IDLE_SHRINK,0,0
2026-02-17T17:48:35.493Z,0,0,20.19,5,IDLE_SHRINK,0,0
2026-02-17T17:48:35.544Z,0,0,20.04,5,IDLE_SHRINK,0,0
2026-02-17T17:48:35.594Z,0,0,20.50,5,IDLE_SHRINK,0,0
2026-02-17T17:48:35.644Z,0,0,19.91,5,IDLE_SHRINK,0,0
2026-02-17T17:48:35.694Z,0,0,20.21,5,IDLE_SHRINK,0,0
2026-02-17T17:48:35.745Z,0,0,19.98,5,IDLE_SHRINK,0,0
2026-02-17T17:48:35.795Z,0,0,20.49,5,IDLE_SHRINK,0,0
2026-02-17T17:48:35.845Z,0,0,20.69,5,IDLE_SHRINK,0,0
2026-02-17T17:48:35.896Z,0,0,20.18,5,IDLE_SHRINK,0,0
2026-02-17T17:48:35.946Z,0,0,20.71,5,IDLE_SHRINK,0,0
2026-02-17T17:48:35.996Z,0,0,20.44,5,IDLE_SHRINK,0,0
2026-02-17T17:48:36.047Z,0,0,20.75,5,IDLE_SHRINK,0,0
2026-02-17T17:48:36.097Z,0,0,20.46,5,IDLE_SHRINK,0,0
2026-02-17T17:48:36.147Z,0,0,20.85,5,IDLE_SHRINK,0,0
2026-02-17T17:48:36.198Z,0,0,20.38,5,IDLE_SHRINK,0,0
2026-02-17T17:48:36.249Z,0,0,19.98,5,IDLE_SHRINK,0,0
