Timestamp,ActiveRequests,Lag_ms,VirtualLimit,Status
2026-02-15T11:33:22.758Z,0,20.44,50,OK
2026-02-15T11:33:22.809Z,0,19.98,50,OK
2026-02-15T11:33:22.859Z,0,20.51,50,OK
2026-02-15T11:33:22.908Z,0,19.44,50,OK
2026-02-15T11:33:22.958Z,0,20.96,50,OK
2026-02-15T11:33:23.006Z,0,20.22,50,OK
2026-02-15T11:33:23.056Z,0,20.52,50,OK
2026-02-15T11:33:23.106Z,0,19.64,50,OK
2026-02-15T11:33:23.157Z,0,20.87,50,OK
2026-02-15T11:33:23.207Z,0,20.09,50,OK
2026-02-15T11:33:23.257Z,0,20.39,50,OK
2026-02-15T11:33:23.307Z,0,20.57,50,OK
2026-02-15T11:33:23.357Z,0,20.42,50,OK
2026-02-15T11:33:23.408Z,0,20.38,50,OK
2026-02-15T11:33:23.459Z,0,20.47,50,OK
2026-02-15T11:33:23.509Z,0,19.92,50,OK
2026-02-15T11:33:23.560Z,0,20.18,50,OK
2026-02-15T11:33:23.609Z,0,20.64,50,OK
2026-02-15T11:33:23.659Z,0,20.31,50,OK
2026-02-15T11:33:23.709Z,0,20.66,50,OK
2026-02-15T11:33:23.760Z,0,20.28,50,OK
2026-02-15T11:33:23.810Z,0,20.37,50,OK
2026-02-15T11:33:23.861Z,0,20.36,50,OK
2026-02-15T11:33:23.911Z,0,20.49,50,OK
2026-02-15T11:33:23.961Z,0,20.23,50,OK
2026-02-15T11:33:24.011Z,0,20.03,50,OK
2026-02-15T11:33:24.062Z,0,20.59,50,OK
2026-02-15T11:33:24.113Z,0,20.65,50,OK
2026-02-15T11:33:24.164Z,0,20.54,50,OK
2026-02-15T11:33:24.215Z,0,19.98,50,OK
2026-02-15T11:33:24.265Z,0,20.14,50,OK
2026-02-15T11:33:24.316Z,0,20.00,50,OK
2026-02-15T11:33:24.367Z,0,20.55,50,OK
2026-02-15T11:33:24.417Z,0,20.87,50,OK
2026-02-15T11:33:24.468Z,0,20.81,50,OK
2026-02-15T11:33:24.519Z,0,20.08,50,OK
2026-02-15T11:33:24.570Z,0,20.58,50,OK
2026-02-15T11:33:24.621Z,0,20.78,50,OK
2026-02-15T11:33:24.670Z,0,20.53,50,OK
2026-02-15T11:33:24.720Z,0,20.59,50,OK
2026-02-15T11:33:24.771Z,0,20.47,50,OK
2026-02-15T11:33:24.822Z,0,20.54,50,OK
2026-02-15T11:33:24.872Z,0,20.46,50,OK
2026-02-15T11:33:24.923Z,0,20.37,50,OK
2026-02-15T11:33:24.972Z,0,20.26,50,OK
2026-02-15T11:33:25.022Z,0,20.11,50,OK
2026-02-15T11:33:25.073Z,0,20.39,50,OK
2026-02-15T11:33:25.123Z,0,20.34,50,OK
2026-02-15T11:33:25.174Z,0,20.38,50,OK
2026-02-15T11:33:25.224Z,0,20.24,50,OK
2026-02-15T11:33:25.275Z,0,20.38,50,OK
2026-02-15T11:33:25.325Z,0,20.37,50,OK
2026-02-15T11:33:25.375Z,0,20.38,50,OK
2026-02-15T11:33:25.425Z,0,20.39,50,OK
2026-02-15T11:33:25.476Z,0,20.37,50,OK
2026-02-15T11:33:25.526Z,0,20.56,50,OK
2026-02-15T11:33:25.577Z,0,20.39,50,OK
2026-02-15T11:33:25.628Z,0,20.66,50,OK
2026-02-15T11:33:25.678Z,0,20.36,50,OK
2026-02-15T11:33:25.727Z,0,20.05,50,OK
2026-02-15T11:33:25.777Z,0,20.36,50,OK
2026-02-15T11:33:25.828Z,0,20.12,50,OK
2026-02-15T11:33:25.879Z,0,20.52,50,OK
2026-02-15T11:33:25.929Z,0,20.14,50,OK
2026-02-15T11:33:25.980Z,0,21.36,50,OK
2026-02-15T11:33:26.030Z,0,20.15,50,OK
2026-02-15T11:33:26.081Z,0,20.42,50,OK
2026-02-15T11:33:26.132Z,0,20.69,50,OK
2026-02-15T11:33:26.182Z,0,20.36,50,OK
2026-02-15T11:33:26.232Z,0,21.03,50,OK
2026-02-15T11:33:26.282Z,0,19.93,50,OK
2026-02-15T11:33:26.333Z,0,19.88,50,OK
2026-02-15T11:33:26.382Z,0,20.38,50,OK
2026-02-15T11:33:26.433Z,0,20.11,50,OK
2026-02-15T11:33:26.484Z,0,20.83,50,OK
2026-02-15T11:33:26.535Z,0,19.93,50,OK
2026-02-15T11:33:26.586Z,0,20.65,50,OK
2026-02-15T11:33:26.637Z,0,20.03,50,OK
2026-02-15T11:33:26.687Z,0,20.18,50,OK
2026-02-15T11:33:26.737Z,0,20.54,50,OK
2026-02-15T11:33:26.787Z,0,20.52,50,OK
2026-02-15T11:33:26.838Z,0,20.41,50,OK
2026-02-15T11:33:26.888Z,0,20.52,50,OK
2026-02-15T11:33:26.938Z,0,20.36,50,OK
2026-02-15T11:33:26.989Z,0,20.48,50,OK
2026-02-15T11:33:27.039Z,0,20.28,50,OK
2026-02-15T11:33:27.089Z,0,20.19,50,OK
2026-02-15T11:33:27.139Z,0,20.46,50,OK
2026-02-15T11:33:27.189Z,0,20.55,50,OK
2026-02-15T11:33:27.240Z,0,20.32,50,OK
2026-02-15T11:33:27.291Z,0,20.36,50,OK
2026-02-15T11:33:27.341Z,0,20.41,50,OK
2026-02-15T11:33:27.391Z,0,20.34,50,OK
2026-02-15T11:33:27.442Z,0,20.66,50,OK
2026-02-15T11:33:27.493Z,0,20.31,50,OK
2026-02-15T11:33:27.544Z,0,20.75,50,OK
2026-02-15T11:33:27.595Z,0,20.41,50,OK
2026-02-15T11:33:27.645Z,0,20.50,50,OK
2026-02-15T11:33:27.696Z,0,20.49,50,OK
2026-02-15T11:33:27.746Z,0,20.42,50,OK
2026-02-15T11:33:27.796Z,0,20.42,50,OK
2026-02-15T11:33:27.847Z,0,20.38,50,OK
2026-02-15T11:33:27.897Z,0,20.26,50,OK
2026-02-15T11:33:27.948Z,0,20.20,50,OK
2026-02-15T11:33:27.999Z,0,20.16,50,OK
2026-02-15T11:33:28.049Z,0,20.25,50,OK
2026-02-15T11:33:28.099Z,0,20.16,50,OK
2026-02-15T11:33:28.150Z,0,20.29,50,OK
2026-02-15T11:33:28.200Z,0,20.32,50,OK
2026-02-15T11:33:28.251Z,0,20.22,50,OK
2026-02-15T11:33:28.300Z,0,20.26,50,OK
2026-02-15T11:33:28.351Z,0,20.16,50,OK
2026-02-15T11:33:28.402Z,0,20.26,50,OK
2026-02-15T11:33:28.452Z,0,20.24,50,OK
2026-02-15T11:33:28.503Z,0,20.18,50,OK
2026-02-15T11:33:28.553Z,0,20.42,50,OK
2026-02-15T11:33:28.604Z,0,20.32,50,OK
2026-02-15T11:33:28.654Z,0,20.49,50,OK
2026-02-15T11:33:28.704Z,0,20.41,50,OK
2026-02-15T11:33:28.754Z,0,20.36,50,OK
2026-02-15T11:33:28.805Z,0,20.40,50,OK
2026-02-15T11:33:28.855Z,0,20.23,50,OK
2026-02-15T11:33:28.906Z,0,20.36,50,OK
2026-02-15T11:33:28.956Z,0,20.29,50,OK
2026-02-15T11:33:29.007Z,0,20.32,50,OK
2026-02-15T11:33:29.056Z,0,20.29,50,OK
2026-02-15T11:33:29.107Z,0,20.38,50,OK
2026-02-15T11:33:29.157Z,0,20.21,50,OK
2026-02-15T11:33:29.206Z,0,20.32,50,OK
2026-02-15T11:33:29.256Z,0,20.34,50,OK
2026-02-15T11:33:29.306Z,0,20.31,50,OK
2026-02-15T11:33:29.356Z,0,20.26,50,OK
2026-02-15T11:33:29.406Z,0,20.26,50,OK
2026-02-15T11:33:29.457Z,0,20.32,50,OK
2026-02-15T11:33:29.507Z,0,20.26,50,OK
2026-02-15T11:33:29.558Z,0,19.97,50,OK
2026-02-15T11:33:29.609Z,0,20.43,50,OK
2026-02-15T11:33:29.660Z,0,20.31,50,OK
2026-02-15T11:33:29.710Z,0,20.72,50,OK
2026-02-15T11:33:29.759Z,0,20.37,50,OK
2026-02-15T11:33:29.810Z,0,20.47,50,OK
2026-02-15T11:33:29.861Z,0,20.41,50,OK
2026-02-15T11:33:29.910Z,0,20.32,50,OK
2026-02-15T11:33:29.961Z,0,20.48,50,OK
2026-02-15T11:33:30.010Z,0,20.41,50,OK
2026-02-15T11:33:30.060Z,0,20.37,50,OK
2026-02-15T11:33:30.111Z,0,20.52,50,OK
2026-02-15T11:33:30.161Z,0,20.45,50,OK
2026-02-15T11:33:30.212Z,0,20.41,50,OK
2026-02-15T11:33:30.262Z,0,20.46,50,OK
2026-02-15T11:33:30.312Z,0,20.31,50,OK
2026-02-15T11:33:30.363Z,0,20.37,50,OK
2026-02-15T11:33:30.413Z,0,20.32,50,OK
2026-02-15T11:33:30.464Z,0,20.46,50,OK
2026-02-15T11:33:30.514Z,0,20.39,50,OK
2026-02-15T11:33:30.563Z,0,20.47,50,OK
2026-02-15T11:33:30.614Z,0,19.98,50,OK
2026-02-15T11:33:30.664Z,0,20.57,50,OK
2026-02-15T11:33:30.714Z,0,20.54,50,OK
2026-02-15T11:33:30.764Z,0,20.50,50,OK
2026-02-15T11:33:30.814Z,0,20.35,50,OK
2026-02-15T11:33:30.864Z,0,20.24,50,OK
2026-02-15T11:33:30.915Z,0,20.33,50,OK
2026-02-15T11:33:30.966Z,0,20.49,50,OK
2026-02-15T11:33:31.017Z,0,20.34,50,OK
2026-02-15T11:33:31.067Z,0,20.28,50,OK
2026-02-15T11:33:31.117Z,0,20.30,50,OK
2026-02-15T11:33:31.168Z,0,20.23,50,OK
2026-02-15T11:33:31.219Z,0,20.18,50,OK
2026-02-15T11:33:31.269Z,0,20.13,50,OK
2026-02-15T11:33:31.319Z,0,20.28,50,OK
2026-02-15T11:33:31.370Z,0,20.37,50,OK
2026-02-15T11:33:31.419Z,0,20.46,50,OK
2026-02-15T11:33:31.469Z,0,20.39,50,OK
2026-02-15T11:33:31.519Z,0,20.01,50,OK
2026-02-15T11:33:31.569Z,0,20.28,50,OK
2026-02-15T11:33:31.620Z,0,20.06,50,OK
2026-02-15T11:33:31.669Z,0,20.42,50,OK
2026-02-15T11:33:31.719Z,0,19.86,50,OK
2026-02-15T11:33:31.770Z,0,20.39,50,OK
2026-02-15T11:33:31.820Z,0,20.03,50,OK
2026-02-15T11:33:31.871Z,0,20.49,50,OK
2026-02-15T11:33:31.921Z,0,20.50,50,OK
2026-02-15T11:33:31.972Z,0,20.02,50,OK
2026-02-15T11:33:32.023Z,0,20.03,50,OK
2026-02-15T11:33:32.072Z,0,20.39,50,OK
2026-02-15T11:33:32.122Z,0,20.03,50,OK
2026-02-15T11:33:32.173Z,0,20.23,50,OK
2026-02-15T11:33:32.224Z,0,20.59,50,OK
2026-02-15T11:33:32.274Z,0,20.23,50,OK
2026-02-15T11:33:32.325Z,0,20.31,50,OK
2026-02-15T11:33:32.376Z,0,20.28,50,OK
2026-02-15T11:33:32.426Z,0,20.39,50,OK
2026-02-15T11:33:32.477Z,0,20.63,50,OK
2026-02-15T11:33:32.527Z,0,20.47,50,OK
2026-02-15T11:33:32.577Z,0,20.33,50,OK
2026-02-15T11:33:32.628Z,0,20.21,50,OK
2026-02-15T11:33:32.678Z,0,20.23,50,OK
2026-02-15T11:33:32.729Z,0,20.28,50,OK
2026-02-15T11:33:32.779Z,0,20.33,50,OK
2026-02-15T11:33:32.829Z,0,20.39,50,OK
2026-02-15T11:33:32.879Z,0,20.41,50,OK
2026-02-15T11:33:32.930Z,0,20.42,50,OK
2026-02-15T11:33:32.979Z,0,20.52,50,OK
2026-02-15T11:33:33.030Z,0,20.46,50,OK
2026-02-15T11:33:33.080Z,0,20.29,50,OK
2026-02-15T11:33:33.130Z,0,20.31,50,OK
2026-02-15T11:33:33.180Z,0,20.29,50,OK
2026-02-15T11:33:33.230Z,0,20.34,50,OK
2026-02-15T11:33:33.281Z,0,20.16,50,OK
2026-02-15T11:33:33.333Z,1,26.17,50,OK
2026-02-15T11:33:33.383Z,0,20.21,50,OK
2026-02-15T11:33:33.434Z,0,20.23,50,OK
2026-02-15T11:33:33.485Z,0,19.98,50,OK
2026-02-15T11:33:33.536Z,0,19.91,50,OK
2026-02-15T11:33:33.587Z,0,20.31,50,OK
2026-02-15T11:33:33.638Z,0,20.42,50,OK
2026-02-15T11:33:33.689Z,0,20.36,50,OK
2026-02-15T11:33:33.739Z,0,19.84,50,OK
2026-02-15T11:33:33.790Z,0,20.26,50,OK
2026-02-15T11:33:33.839Z,0,20.36,50,OK
2026-02-15T11:33:33.890Z,0,20.50,50,OK
2026-02-15T11:33:33.940Z,0,20.54,50,OK
2026-02-15T11:33:33.991Z,0,20.37,50,OK
2026-02-15T11:33:34.041Z,0,20.68,50,OK
2026-02-15T11:33:34.091Z,0,20.44,50,OK
2026-02-15T11:33:34.141Z,0,20.21,50,OK
2026-02-15T11:33:34.192Z,0,20.35,50,OK
2026-02-15T11:33:34.243Z,0,20.47,50,OK
2026-02-15T11:33:34.294Z,0,20.17,50,OK
2026-02-15T11:33:34.343Z,0,20.44,50,OK
2026-02-15T11:33:34.393Z,0,20.48,50,OK
2026-02-15T11:33:34.443Z,0,20.19,50,OK
2026-02-15T11:33:34.493Z,0,20.26,50,OK
2026-02-15T11:33:34.544Z,0,19.46,50,OK
2026-02-15T11:33:34.593Z,0,20.48,50,OK
2026-02-15T11:33:34.644Z,0,20.29,50,OK
2026-02-15T11:33:34.695Z,0,20.37,50,OK
2026-02-15T11:33:34.745Z,0,20.37,50,OK
2026-02-15T11:33:34.795Z,0,20.44,50,OK
2026-02-15T11:33:34.846Z,0,20.46,50,OK
2026-02-15T11:33:34.896Z,0,20.36,50,OK
2026-02-15T11:33:34.946Z,0,20.37,50,OK
2026-02-15T11:33:34.997Z,0,20.39,50,OK
2026-02-15T11:33:35.046Z,0,20.20,50,OK
2026-02-15T11:33:35.096Z,0,20.39,50,OK
2026-02-15T11:33:35.147Z,0,20.75,50,OK
2026-02-15T11:33:35.197Z,0,20.41,50,OK
2026-02-15T11:33:35.247Z,0,20.14,50,OK
2026-02-15T11:33:35.297Z,0,20.29,50,OK
2026-02-15T11:33:35.347Z,0,20.50,50,OK
2026-02-15T11:33:35.397Z,0,20.16,50,OK
2026-02-15T11:33:35.447Z,0,20.16,50,OK
2026-02-15T11:33:35.497Z,0,20.37,50,OK
2026-02-15T11:33:35.547Z,1,20.47,50,OK
2026-02-15T11:33:35.597Z,1,20.40,50,OK
2026-02-15T11:33:35.647Z,1,20.36,50,OK
2026-02-15T11:33:35.698Z,1,20.29,50,OK
2026-02-15T11:33:35.748Z,1,20.29,50,OK
2026-02-15T11:33:35.799Z,1,20.29,50,OK
2026-02-15T11:33:35.848Z,1,20.24,50,OK
2026-02-15T11:33:35.899Z,1,20.30,50,OK
2026-02-15T11:33:35.949Z,1,20.24,50,OK
2026-02-15T11:33:36.000Z,1,20.18,50,OK
2026-02-15T11:33:36.050Z,1,20.26,50,OK
2026-02-15T11:33:36.100Z,1,20.41,50,OK
2026-02-15T11:33:36.151Z,1,20.31,50,OK
2026-02-15T11:33:36.200Z,1,20.31,50,OK
2026-02-15T11:33:36.250Z,1,20.41,50,OK
2026-02-15T11:33:36.301Z,1,20.18,50,OK
2026-02-15T11:33:36.351Z,1,20.35,50,OK
2026-02-15T11:33:36.402Z,1,20.36,50,OK
2026-02-15T11:33:36.453Z,1,20.38,50,OK
2026-02-15T11:33:36.502Z,1,20.19,50,OK
2026-02-15T11:33:36.552Z,1,20.36,50,OK
2026-02-15T11:33:36.602Z,1,20.19,50,OK
2026-02-15T11:33:36.652Z,1,20.35,50,OK
2026-02-15T11:33:36.702Z,1,20.16,50,OK
2026-02-15T11:33:36.752Z,1,20.68,50,OK
2026-02-15T11:33:36.802Z,1,20.16,50,OK
2026-02-15T11:33:36.852Z,1,19.83,50,OK
2026-02-15T11:33:36.903Z,1,20.18,50,OK
2026-02-15T11:33:37.005Z,1,95.39,50,OK
2026-02-15T11:33:37.056Z,1,20.18,50,OK
2026-02-15T11:33:37.107Z,1,20.33,50,OK
2026-02-15T11:33:37.157Z,1,20.78,50,OK
2026-02-15T11:33:37.207Z,1,20.18,50,OK
2026-02-15T11:33:37.257Z,1,20.41,50,OK
2026-02-15T11:33:37.307Z,1,20.24,50,OK
2026-02-15T11:33:37.357Z,1,20.56,50,OK
2026-02-15T11:33:37.446Z,1,39.00,50,OK
2026-02-15T11:33:37.496Z,1,20.23,50,OK
2026-02-15T11:33:37.546Z,0,20.70,50,OK
2026-02-15T11:33:37.596Z,0,20.44,50,OK
2026-02-15T11:33:37.647Z,0,20.34,50,OK
2026-02-15T11:33:37.696Z,0,20.37,50,OK
2026-02-15T11:33:37.746Z,0,22.63,50,OK
2026-02-15T11:33:37.796Z,0,20.32,50,OK
2026-02-15T11:33:37.847Z,0,20.55,50,OK
2026-02-15T11:33:37.897Z,0,20.48,50,OK
2026-02-15T11:33:37.948Z,0,20.31,50,OK
2026-02-15T11:33:37.998Z,0,20.26,50,OK
2026-02-15T11:33:38.049Z,0,20.29,50,OK
2026-02-15T11:33:38.099Z,0,20.32,50,OK
2026-02-15T11:33:38.218Z,0,58.87,50,OK
2026-02-15T11:33:38.268Z,0,20.36,50,OK
2026-02-15T11:33:38.319Z,0,20.16,50,OK
2026-02-15T11:33:38.370Z,0,20.27,50,OK
2026-02-15T11:33:38.421Z,0,20.38,50,OK
2026-02-15T11:33:38.471Z,0,19.46,50,OK
2026-02-15T11:33:38.522Z,0,20.18,50,OK
2026-02-15T11:33:38.572Z,0,20.05,50,OK
2026-02-15T11:33:38.622Z,0,20.36,50,OK
2026-02-15T11:33:38.672Z,0,20.62,50,OK
2026-02-15T11:33:38.722Z,0,20.36,50,OK
2026-02-15T11:33:38.772Z,0,20.46,50,OK
2026-02-15T11:33:38.823Z,0,20.39,50,OK
2026-02-15T11:33:38.874Z,0,20.52,50,OK
2026-02-15T11:33:38.924Z,0,20.36,50,OK
2026-02-15T11:33:38.974Z,0,20.38,50,OK
2026-02-15T11:33:39.024Z,0,20.13,50,OK
2026-02-15T11:33:39.075Z,0,20.28,50,OK
2026-02-15T11:33:39.125Z,0,20.29,50,OK
2026-02-15T11:33:39.175Z,0,20.36,50,OK
2026-02-15T11:33:39.226Z,0,20.36,50,OK
2026-02-15T11:33:39.277Z,0,20.50,50,OK
2026-02-15T11:33:39.327Z,0,20.84,50,OK
2026-02-15T11:33:39.378Z,0,20.34,50,OK
2026-02-15T11:33:39.428Z,0,20.44,50,OK
2026-02-15T11:33:39.533Z,0,92.31,50,OK
2026-02-15T11:33:39.584Z,0,20.14,50,OK
2026-02-15T11:33:39.634Z,0,20.16,50,OK
2026-02-15T11:33:39.685Z,0,20.12,50,OK
2026-02-15T11:33:39.736Z,0,20.20,50,OK
2026-02-15T11:33:39.787Z,0,20.36,50,OK
2026-02-15T11:33:39.837Z,0,20.56,50,OK
2026-02-15T11:33:39.888Z,0,20.47,50,OK
2026-02-15T11:33:39.938Z,0,19.82,50,OK
2026-02-15T11:33:39.988Z,0,20.23,50,OK
2026-02-15T11:33:40.100Z,1,20.60,50,OK
2026-02-15T11:33:40.151Z,0,20.09,50,OK
2026-02-15T11:33:40.201Z,0,20.23,50,OK
2026-02-15T11:33:40.305Z,0,52.02,50,OK
2026-02-15T11:33:40.356Z,0,20.32,50,OK
2026-02-15T11:33:40.406Z,0,20.21,50,OK
2026-02-15T11:33:40.457Z,0,20.28,50,OK
2026-02-15T11:33:40.508Z,0,19.89,50,OK
2026-02-15T11:33:40.558Z,1,20.18,50,OK
2026-02-15T11:33:40.609Z,1,20.46,50,OK
2026-02-15T11:33:40.660Z,1,20.49,50,OK
2026-02-15T11:33:40.709Z,1,20.47,50,OK
2026-02-15T11:33:40.759Z,1,20.24,50,OK
2026-02-15T11:33:40.810Z,1,20.16,50,OK
2026-02-15T11:33:40.860Z,1,20.37,50,OK
2026-02-15T11:33:40.911Z,1,20.31,50,OK
2026-02-15T11:33:40.960Z,1,20.20,50,OK
2026-02-15T11:33:41.010Z,1,20.34,50,OK
2026-02-15T11:33:41.060Z,1,20.28,50,OK
2026-02-15T11:33:41.110Z,2,20.34,50,OK
2026-02-15T11:33:41.160Z,2,20.21,50,OK
2026-02-15T11:33:41.211Z,2,20.14,50,OK
2026-02-15T11:33:41.261Z,2,20.16,50,OK
2026-02-15T11:33:41.310Z,3,20.57,50,OK
2026-02-15T11:33:41.360Z,2,19.99,50,OK
2026-02-15T11:33:41.411Z,2,20.62,50,OK
2026-02-15T11:33:41.462Z,2,20.32,50,OK
2026-02-15T11:33:41.512Z,2,20.36,50,OK
2026-02-15T11:33:41.563Z,2,21.09,50,OK
2026-02-15T11:33:41.614Z,2,20.58,50,OK
2026-02-15T11:33:41.665Z,2,20.19,50,OK
2026-02-15T11:33:41.715Z,2,20.46,50,OK
2026-02-15T11:33:41.792Z,2,27.00,50,OK
2026-02-15T11:33:41.843Z,2,20.42,50,OK
2026-02-15T11:33:41.894Z,2,20.23,50,OK
2026-02-15T11:33:41.944Z,2,19.90,50,OK
2026-02-15T11:33:41.995Z,2,20.29,50,OK
2026-02-15T11:33:42.045Z,2,20.58,50,OK
2026-02-15T11:33:42.096Z,2,20.24,50,OK
2026-02-15T11:33:42.146Z,4,20.29,50,OK
2026-02-15T11:33:42.196Z,4,20.29,50,OK
2026-02-15T11:33:42.247Z,4,20.18,50,OK
2026-02-15T11:33:42.298Z,4,20.24,50,OK
2026-02-15T11:33:42.349Z,5,20.40,50,OK
2026-02-15T11:33:42.400Z,5,20.47,50,OK
2026-02-15T11:33:42.450Z,5,20.08,50,OK
2026-02-15T11:33:42.501Z,5,20.28,50,OK
2026-02-15T11:33:42.551Z,6,19.97,50,OK
2026-02-15T11:33:42.602Z,4,20.39,50,OK
2026-02-15T11:33:42.652Z,4,20.30,50,OK
2026-02-15T11:33:42.702Z,4,20.72,50,OK
2026-02-15T11:33:42.752Z,4,20.38,50,OK
2026-02-15T11:33:42.869Z,4,20.19,50,OK
2026-02-15T11:33:42.920Z,4,19.96,50,OK
2026-02-15T11:33:42.970Z,4,20.14,50,OK
2026-02-15T11:33:43.020Z,4,20.39,50,OK
2026-02-15T11:33:43.071Z,4,20.32,50,OK
2026-02-15T11:33:43.122Z,3,20.17,50,OK
2026-02-15T11:33:43.172Z,3,20.29,50,OK
2026-02-15T11:33:43.223Z,3,20.42,50,OK
2026-02-15T11:33:43.272Z,3,20.18,50,OK
2026-02-15T11:33:43.324Z,5,20.00,50,OK
2026-02-15T11:33:43.374Z,3,19.99,50,OK
2026-02-15T11:33:43.425Z,3,20.54,50,OK
2026-02-15T11:33:43.475Z,3,20.37,50,OK
2026-02-15T11:33:43.526Z,3,20.42,50,OK
2026-02-15T11:33:43.575Z,5,20.16,50,OK
2026-02-15T11:33:43.625Z,5,20.61,50,OK
2026-02-15T11:33:43.676Z,5,20.31,50,OK
2026-02-15T11:33:43.727Z,5,20.25,50,OK
2026-02-15T11:33:43.776Z,5,20.26,50,OK
2026-02-15T11:33:43.827Z,5,20.28,50,OK
2026-02-15T11:33:43.949Z,5,20.19,50,OK
2026-02-15T11:33:43.999Z,6,20.07,50,OK
2026-02-15T11:33:44.049Z,6,20.19,50,OK
2026-02-15T11:33:44.099Z,6,20.46,50,OK
2026-02-15T11:33:44.150Z,5,21.03,50,OK
2026-02-15T11:33:44.199Z,5,20.33,50,OK
2026-02-15T11:33:44.250Z,5,20.41,50,OK
2026-02-15T11:33:44.301Z,5,20.31,50,OK
2026-02-15T11:33:44.351Z,4,19.88,50,OK
2026-02-15T11:33:44.401Z,4,20.37,50,OK
2026-02-15T11:33:44.452Z,4,20.23,50,OK
2026-02-15T11:33:44.503Z,4,20.38,50,OK
2026-02-15T11:33:44.553Z,4,20.19,50,OK
2026-02-15T11:33:44.603Z,4,20.59,50,OK
2026-02-15T11:33:44.653Z,4,20.24,50,OK
2026-02-15T11:33:44.704Z,4,20.30,50,OK
2026-02-15T11:33:44.753Z,4,20.26,50,OK
2026-02-15T11:33:44.803Z,4,20.32,50,OK
2026-02-15T11:33:44.853Z,4,19.98,50,OK
2026-02-15T11:33:44.904Z,4,20.14,50,OK
2026-02-15T11:33:44.955Z,4,20.59,50,OK
2026-02-15T11:33:45.034Z,5,29.00,50,OK
2026-02-15T11:33:45.084Z,4,20.18,50,OK
2026-02-15T11:33:45.135Z,4,22.78,50,OK
2026-02-15T11:33:45.227Z,4,42.00,50,OK
2026-02-15T11:33:45.277Z,4,19.99,50,OK
2026-02-15T11:33:45.327Z,4,20.36,50,OK
2026-02-15T11:33:45.452Z,6,62.11,50,OK
2026-02-15T11:33:45.502Z,6,20.21,50,OK
2026-02-15T11:33:45.553Z,5,20.05,50,OK
2026-02-15T11:33:45.604Z,4,20.24,50,OK
2026-02-15T11:33:45.655Z,4,20.34,50,OK
2026-02-15T11:33:45.705Z,4,20.37,50,OK
2026-02-15T11:33:45.755Z,4,19.99,50,OK
2026-02-15T11:33:45.806Z,4,20.14,50,OK
2026-02-15T11:33:45.855Z,4,20.24,50,OK
2026-02-15T11:33:45.906Z,4,20.12,50,OK
2026-02-15T11:33:45.956Z,3,20.23,50,OK
2026-02-15T11:33:46.006Z,3,20.39,50,OK
2026-02-15T11:33:46.056Z,4,21.70,50,OK
2026-02-15T11:33:46.107Z,4,20.32,50,OK
2026-02-15T11:33:46.158Z,3,20.67,50,OK
2026-02-15T11:33:46.208Z,3,20.23,50,OK
2026-02-15T11:33:46.311Z,3,91.65,50,OK
2026-02-15T11:33:46.362Z,3,19.88,50,OK
2026-02-15T11:33:46.411Z,3,20.14,50,OK
2026-02-15T11:33:46.462Z,4,20.13,50,OK
2026-02-15T11:33:46.511Z,4,20.44,50,OK
2026-02-15T11:33:46.562Z,4,19.73,50,OK
2026-02-15T11:33:46.612Z,4,20.21,50,OK
2026-02-15T11:33:46.662Z,4,20.29,50,OK
2026-02-15T11:33:46.713Z,4,20.26,50,OK
2026-02-15T11:33:46.764Z,5,20.28,50,OK
2026-02-15T11:33:46.814Z,5,19.46,50,OK
2026-02-15T11:33:46.864Z,5,20.34,50,OK
2026-02-15T11:33:46.914Z,5,20.34,50,OK
2026-02-15T11:33:46.965Z,7,20.81,50,OK
2026-02-15T11:33:47.015Z,7,20.52,50,OK
2026-02-15T11:33:47.066Z,7,20.46,50,OK
2026-02-15T11:33:47.116Z,7,20.36,50,OK
2026-02-15T11:33:47.207Z,9,84.18,50,OK
2026-02-15T11:33:47.257Z,8,20.31,50,OK
2026-02-15T11:33:47.308Z,8,20.29,50,OK
2026-02-15T11:33:47.358Z,6,20.28,50,OK
2026-02-15T11:33:47.409Z,6,20.29,50,OK
2026-02-15T11:33:47.460Z,6,20.34,50,OK
2026-02-15T11:33:47.509Z,6,20.26,50,OK
2026-02-15T11:33:47.559Z,7,20.19,50,OK
2026-02-15T11:33:47.609Z,8,20.36,50,OK
2026-02-15T11:33:47.660Z,8,20.09,50,OK
2026-02-15T11:33:47.710Z,8,20.29,50,OK
2026-02-15T11:33:47.760Z,8,20.04,50,OK
2026-02-15T11:33:47.810Z,8,20.16,50,OK
2026-02-15T11:33:47.861Z,8,20.17,50,OK
2026-02-15T11:33:47.911Z,8,20.14,50,OK
2026-02-15T11:33:47.962Z,8,20.39,50,OK
2026-02-15T11:33:48.012Z,8,20.13,50,OK
2026-02-15T11:33:48.130Z,8,57.65,50,OK
2026-02-15T11:33:48.181Z,7,20.36,50,OK
2026-02-15T11:33:48.291Z,7,98.99,50,OK
2026-02-15T11:33:48.396Z,8,84.44,50,OK
2026-02-15T11:33:48.446Z,9,20.26,50,OK
2026-02-15T11:33:48.497Z,8,20.18,50,OK
2026-02-15T11:33:48.547Z,8,20.39,50,OK
2026-02-15T11:33:48.597Z,9,19.64,50,OK
2026-02-15T11:33:48.647Z,9,20.57,50,OK
2026-02-15T11:33:48.698Z,9,20.37,50,OK
2026-02-15T11:33:48.748Z,8,20.75,50,OK
2026-02-15T11:33:48.799Z,8,20.23,50,OK
2026-02-15T11:33:48.849Z,8,20.38,50,OK
2026-02-15T11:33:48.899Z,8,20.46,50,OK
2026-02-15T11:33:48.950Z,7,20.70,50,OK
2026-02-15T11:33:49.045Z,6,80.97,50,OK
2026-02-15T11:33:49.095Z,6,20.28,50,OK
2026-02-15T11:33:49.145Z,5,19.90,50,OK
2026-02-15T11:33:49.195Z,5,20.32,50,OK
2026-02-15T11:33:49.246Z,5,20.23,50,OK
2026-02-15T11:33:49.374Z,5,20.23,50,OK
2026-02-15T11:33:49.425Z,7,20.20,50,OK
2026-02-15T11:33:49.475Z,7,20.36,50,OK
2026-02-15T11:33:49.599Z,7,20.21,50,OK
2026-02-15T11:33:49.650Z,6,20.14,50,OK
2026-02-15T11:33:49.700Z,6,20.32,50,OK
2026-02-15T11:33:49.807Z,7,53.51,50,OK
2026-02-15T11:33:49.858Z,6,20.37,50,OK
2026-02-15T11:33:49.908Z,6,20.32,50,OK
2026-02-15T11:33:49.958Z,6,20.38,50,OK
2026-02-15T11:33:50.008Z,6,20.95,50,OK
2026-02-15T11:33:50.059Z,6,20.01,50,OK
2026-02-15T11:33:50.110Z,6,20.34,50,OK
2026-02-15T11:33:50.160Z,8,20.50,50,OK
2026-02-15T11:33:50.210Z,8,20.18,50,OK
2026-02-15T11:33:50.260Z,8,20.58,50,OK
2026-02-15T11:33:50.310Z,8,20.28,50,OK
2026-02-15T11:33:50.361Z,8,20.29,50,OK
2026-02-15T11:33:50.411Z,6,20.24,50,OK
2026-02-15T11:33:50.461Z,6,20.32,50,OK
2026-02-15T11:33:50.511Z,6,20.26,50,OK
2026-02-15T11:33:50.561Z,5,20.23,50,OK
2026-02-15T11:33:50.611Z,8,20.36,50,OK
2026-02-15T11:33:50.661Z,5,20.31,50,OK
2026-02-15T11:33:50.712Z,5,20.19,50,OK
2026-02-15T11:33:50.799Z,5,81.76,50,OK
2026-02-15T11:33:50.850Z,5,20.28,50,OK
2026-02-15T11:33:50.900Z,5,20.38,50,OK
2026-02-15T11:33:50.951Z,6,20.13,50,OK
2026-02-15T11:33:51.054Z,6,93.68,50,OK
2026-02-15T11:33:51.105Z,6,20.24,50,OK
2026-02-15T11:33:51.155Z,6,20.44,50,OK
2026-02-15T11:33:51.205Z,6,20.37,50,OK
2026-02-15T11:33:51.255Z,6,20.13,50,OK
2026-02-15T11:33:51.305Z,6,20.19,50,OK
2026-02-15T11:33:51.356Z,6,20.52,50,OK
2026-02-15T11:33:51.480Z,8,20.46,50,OK
2026-02-15T11:33:51.530Z,4,20.48,50,OK
2026-02-15T11:33:51.580Z,4,21.52,50,OK
2026-02-15T11:33:51.630Z,4,21.15,50,OK
2026-02-15T11:33:51.681Z,4,20.34,50,OK
2026-02-15T11:33:51.731Z,4,20.37,50,OK
2026-02-15T11:33:51.782Z,4,20.55,50,OK
2026-02-15T11:33:51.832Z,5,20.56,50,OK
2026-02-15T11:33:51.883Z,5,20.37,50,OK
2026-02-15T11:33:51.933Z,5,20.34,50,OK
2026-02-15T11:33:51.983Z,5,19.74,50,OK
2026-02-15T11:33:52.034Z,5,20.60,50,OK
2026-02-15T11:33:52.149Z,6,57.26,50,OK
2026-02-15T11:33:52.200Z,3,20.34,50,OK
2026-02-15T11:33:52.251Z,3,20.59,50,OK
2026-02-15T11:33:52.302Z,3,20.26,50,OK
2026-02-15T11:33:52.353Z,4,20.11,50,OK
2026-02-15T11:33:52.473Z,6,20.34,50,OK
2026-02-15T11:33:52.523Z,5,19.96,50,OK
2026-02-15T11:33:52.574Z,5,20.34,50,OK
2026-02-15T11:33:52.624Z,5,20.62,50,OK
2026-02-15T11:33:52.675Z,5,20.49,50,OK
2026-02-15T11:33:52.725Z,5,20.45,50,OK
2026-02-15T11:33:52.776Z,5,20.52,50,OK
2026-02-15T11:33:52.828Z,7,20.38,50,OK
2026-02-15T11:33:52.878Z,6,20.34,50,OK
2026-02-15T11:33:52.929Z,6,20.35,50,OK
2026-02-15T11:33:52.979Z,5,19.83,50,OK
2026-02-15T11:33:53.026Z,5,20.59,50,OK
2026-02-15T11:33:53.076Z,5,20.32,50,OK
2026-02-15T11:33:53.126Z,5,20.18,50,OK
2026-02-15T11:33:53.230Z,7,91.26,50,OK
2026-02-15T11:33:53.281Z,6,20.21,50,OK
2026-02-15T11:33:53.332Z,6,20.13,50,OK
2026-02-15T11:33:53.382Z,6,20.28,50,OK
2026-02-15T11:33:53.432Z,6,20.32,50,OK
2026-02-15T11:33:53.482Z,6,20.45,50,OK
2026-02-15T11:33:53.556Z,6,24.00,50,OK
2026-02-15T11:33:53.641Z,12,35.00,50,OK
2026-02-15T11:33:53.726Z,11,35.00,50,OK
2026-02-15T11:33:53.776Z,5,24.20,50,OK
2026-02-15T11:33:53.826Z,4,20.29,50,OK
2026-02-15T11:33:53.876Z,4,20.23,50,OK
2026-02-15T11:33:53.927Z,5,20.55,50,OK
2026-02-15T11:33:53.977Z,4,20.52,50,OK
2026-02-15T11:33:54.027Z,4,20.28,50,OK
2026-02-15T11:33:54.077Z,4,20.18,50,OK
2026-02-15T11:33:54.127Z,4,20.32,50,OK
2026-02-15T11:33:54.178Z,5,19.51,50,OK
2026-02-15T11:33:54.229Z,5,20.32,50,OK
2026-02-15T11:33:54.279Z,5,20.05,50,OK
2026-02-15T11:33:54.329Z,4,20.36,50,OK
2026-02-15T11:33:54.379Z,4,20.41,50,OK
2026-02-15T11:33:54.429Z,3,19.49,50,OK
2026-02-15T11:33:54.479Z,3,20.42,50,OK
2026-02-15T11:33:54.563Z,3,34.00,50,OK
2026-02-15T11:33:54.640Z,4,27.00,50,OK
2026-02-15T11:33:54.803Z,4,113.00,50,OK
2026-02-15T11:33:54.895Z,15,42.00,50,OK
2026-02-15T11:33:54.945Z,2,19.96,50,OK
2026-02-15T11:33:54.996Z,2,20.36,50,OK
2026-02-15T11:33:55.046Z,2,20.23,50,OK
2026-02-15T11:33:55.096Z,2,20.23,50,OK
2026-02-15T11:33:55.147Z,2,20.74,50,OK
2026-02-15T11:33:55.198Z,1,20.42,50,OK
2026-02-15T11:33:55.320Z,2,20.23,50,OK
2026-02-15T11:33:55.370Z,2,20.26,50,OK
2026-02-15T11:33:55.477Z,2,20.88,50,OK
2026-02-15T11:33:55.527Z,2,20.35,50,OK
2026-02-15T11:33:55.577Z,2,20.36,50,OK
2026-02-15T11:33:55.627Z,2,20.35,50,OK
2026-02-15T11:33:55.679Z,2,20.49,50,OK
2026-02-15T11:33:55.729Z,3,20.77,50,OK
2026-02-15T11:33:55.779Z,3,20.18,50,OK
2026-02-15T11:33:55.829Z,3,20.35,50,OK
2026-02-15T11:33:55.880Z,3,20.24,50,OK
2026-02-15T11:33:55.984Z,6,51.11,50,OK
2026-02-15T11:33:56.066Z,16,32.00,50,OK
2026-02-15T11:33:56.117Z,5,20.09,50,OK
2026-02-15T11:33:56.167Z,4,20.27,50,OK
2026-02-15T11:33:56.217Z,4,20.16,50,OK
2026-02-15T11:33:56.267Z,4,20.13,50,OK
2026-02-15T11:33:56.318Z,4,20.14,50,OK
2026-02-15T11:33:56.398Z,5,30.00,50,OK
2026-02-15T11:33:56.450Z,4,20.32,50,OK
2026-02-15T11:33:56.501Z,4,20.65,50,OK
2026-02-15T11:33:56.551Z,4,20.42,50,OK
2026-02-15T11:33:56.602Z,4,20.05,50,OK
2026-02-15T11:33:56.652Z,4,21.86,50,OK
2026-02-15T11:33:56.702Z,4,20.36,50,OK
2026-02-15T11:33:56.791Z,4,85.69,50,OK
2026-02-15T11:33:56.841Z,4,20.47,50,OK
2026-02-15T11:33:56.891Z,4,20.50,50,OK
2026-02-15T11:33:56.942Z,5,20.44,50,OK
2026-02-15T11:33:56.992Z,5,20.62,50,OK
2026-02-15T11:33:57.042Z,5,20.46,50,OK
2026-02-15T11:33:57.147Z,5,91.26,50,OK
2026-02-15T11:33:57.231Z,18,34.00,50,OK
2026-02-15T11:33:57.282Z,6,20.16,50,OK
2026-02-15T11:33:57.332Z,6,20.29,50,OK
2026-02-15T11:33:57.382Z,6,20.61,50,OK
2026-02-15T11:33:57.432Z,7,20.00,50,OK
2026-02-15T11:33:57.482Z,7,20.78,50,OK
2026-02-15T11:33:57.558Z,7,26.00,50,OK
2026-02-15T11:33:57.609Z,7,20.32,50,OK
2026-02-15T11:33:57.658Z,7,20.34,50,OK
2026-02-15T11:33:57.709Z,7,20.28,50,OK
2026-02-15T11:33:57.761Z,6,19.96,50,OK
2026-02-15T11:33:57.811Z,6,20.93,50,OK
2026-02-15T11:33:57.862Z,6,20.04,50,OK
2026-02-15T11:33:57.911Z,8,20.47,50,OK
2026-02-15T11:33:57.962Z,6,20.32,50,OK
2026-02-15T11:33:58.013Z,7,20.80,50,OK
2026-02-15T11:33:58.067Z,7,20.39,50,OK
2026-02-15T11:33:58.118Z,5,20.20,50,OK
2026-02-15T11:33:58.167Z,5,20.20,50,OK
2026-02-15T11:33:58.219Z,5,20.34,50,OK
2026-02-15T11:33:58.321Z,8,90.08,50,OK
2026-02-15T11:33:58.371Z,6,20.11,50,OK
2026-02-15T11:33:58.421Z,6,20.36,50,OK
2026-02-15T11:33:58.471Z,6,20.81,50,OK
2026-02-15T11:33:58.522Z,6,20.34,50,OK
2026-02-15T11:33:58.572Z,7,20.79,50,OK
2026-02-15T11:33:58.621Z,7,20.34,50,OK
2026-02-15T11:33:58.672Z,7,19.71,50,OK
2026-02-15T11:33:58.722Z,7,20.37,50,OK
2026-02-15T11:33:58.807Z,7,81.49,50,OK
2026-02-15T11:33:58.858Z,7,20.42,50,OK
2026-02-15T11:33:58.908Z,7,20.09,50,OK
2026-02-15T11:33:58.958Z,6,20.47,50,OK
2026-02-15T11:33:59.008Z,6,20.18,50,OK
2026-02-15T11:33:59.058Z,6,20.39,50,OK
2026-02-15T11:33:59.148Z,7,78.15,50,OK
2026-02-15T11:33:59.253Z,6,55.00,50,OK
2026-02-15T11:33:59.303Z,4,20.23,50,OK
2026-02-15T11:33:59.413Z,6,19.70,50,OK
2026-02-15T11:33:59.463Z,4,20.03,50,OK
2026-02-15T11:33:59.514Z,4,20.41,50,OK
2026-02-15T11:33:59.565Z,4,19.99,50,OK
2026-02-15T11:33:59.615Z,4,20.44,50,OK
2026-02-15T11:33:59.666Z,5,20.45,50,OK
2026-02-15T11:33:59.716Z,5,20.39,50,OK
2026-02-15T11:33:59.766Z,5,20.31,50,OK
2026-02-15T11:33:59.818Z,5,20.34,50,OK
2026-02-15T11:33:59.868Z,5,20.29,50,OK
2026-02-15T11:33:59.918Z,5,20.36,50,OK
2026-02-15T11:33:59.968Z,5,20.63,50,OK
2026-02-15T11:34:00.084Z,4,20.14,50,OK
2026-02-15T11:34:00.135Z,4,19.97,50,OK
2026-02-15T11:34:00.185Z,4,20.88,50,OK
2026-02-15T11:34:00.235Z,4,20.72,50,OK
2026-02-15T11:34:00.285Z,4,22.00,50,OK
2026-02-15T11:34:00.335Z,5,19.86,50,OK
2026-02-15T11:34:00.385Z,6,20.46,50,OK
2026-02-15T11:34:00.492Z,6,50.84,50,OK
2026-02-15T11:34:00.542Z,8,20.60,50,OK
2026-02-15T11:34:00.592Z,7,20.68,50,OK
2026-02-15T11:34:00.642Z,8,20.38,50,OK
2026-02-15T11:34:00.692Z,8,19.75,50,OK
2026-02-15T11:34:00.743Z,8,20.59,50,OK
2026-02-15T11:34:00.793Z,8,20.24,50,OK
2026-02-15T11:34:00.901Z,8,52.14,50,OK
2026-02-15T11:34:00.951Z,9,19.78,50,OK
2026-02-15T11:34:01.002Z,9,20.34,50,OK
2026-02-15T11:34:01.052Z,9,20.39,50,OK
2026-02-15T11:34:01.162Z,9,20.29,50,OK
2026-02-15T11:34:01.213Z,9,20.49,50,OK
2026-02-15T11:34:01.262Z,10,20.11,50,OK
2026-02-15T11:34:01.313Z,10,20.30,50,OK
2026-02-15T11:34:01.364Z,10,19.64,50,OK
2026-02-15T11:34:01.414Z,10,20.74,50,OK
2026-02-15T11:34:01.464Z,10,20.52,50,OK
2026-02-15T11:34:01.594Z,16,63.55,50,OK
2026-02-15T11:34:01.678Z,17,34.00,50,OK
2026-02-15T11:34:01.728Z,11,20.09,50,OK
2026-02-15T11:34:01.778Z,11,20.34,50,OK
2026-02-15T11:34:01.827Z,13,20.32,50,OK
2026-02-15T11:34:01.878Z,11,20.41,50,OK
2026-02-15T11:34:01.928Z,11,20.77,50,OK
2026-02-15T11:34:01.978Z,11,20.24,50,OK
2026-02-15T11:34:02.030Z,11,20.60,50,OK
2026-02-15T11:34:02.080Z,11,20.37,50,OK
2026-02-15T11:34:02.130Z,11,20.46,50,OK
2026-02-15T11:34:02.242Z,11,21.13,50,OK
2026-02-15T11:34:02.293Z,10,20.08,50,OK
2026-02-15T11:34:02.343Z,9,20.24,50,OK
2026-02-15T11:34:02.393Z,8,20.16,50,OK
2026-02-15T11:34:02.443Z,8,20.46,50,OK
2026-02-15T11:34:02.494Z,8,20.16,50,OK
2026-02-15T11:34:02.544Z,6,20.26,50,OK
2026-02-15T11:34:02.596Z,7,20.37,50,OK
2026-02-15T11:34:02.646Z,5,20.32,50,OK
2026-02-15T11:34:02.696Z,9,24.47,50,OK
2026-02-15T11:34:02.747Z,5,20.32,50,OK
2026-02-15T11:34:02.798Z,5,20.31,50,OK
2026-02-15T11:34:02.848Z,5,20.16,50,OK
2026-02-15T11:34:02.898Z,5,20.28,50,OK
2026-02-15T11:34:02.949Z,4,20.16,50,OK
2026-02-15T11:34:02.999Z,4,20.49,50,OK
2026-02-15T11:34:03.051Z,4,20.41,50,OK
2026-02-15T11:34:03.101Z,4,20.28,50,OK
2026-02-15T11:34:03.152Z,4,21.40,50,OK
2026-02-15T11:34:03.202Z,4,19.93,50,OK
2026-02-15T11:34:03.252Z,5,20.67,50,OK
2026-02-15T11:34:03.302Z,5,20.28,50,OK
2026-02-15T11:34:03.421Z,5,55.75,50,OK
2026-02-15T11:34:03.471Z,5,19.55,50,OK
2026-02-15T11:34:03.521Z,5,20.82,50,OK
2026-02-15T11:34:03.571Z,5,20.19,50,OK
2026-02-15T11:34:03.681Z,6,21.83,50,OK
2026-02-15T11:34:03.783Z,5,101.09,50,OK
2026-02-15T11:34:03.873Z,14,40.00,50,OK
2026-02-15T11:34:03.923Z,7,20.24,50,OK
2026-02-15T11:34:03.975Z,6,20.41,50,OK
2026-02-15T11:34:04.026Z,6,19.97,50,OK
2026-02-15T11:34:04.076Z,6,20.48,50,OK
2026-02-15T11:34:04.126Z,6,20.32,50,OK
2026-02-15T11:34:04.177Z,6,20.47,50,OK
2026-02-15T11:34:04.228Z,7,20.17,50,OK
2026-02-15T11:34:04.345Z,7,54.26,50,OK
2026-02-15T11:34:04.395Z,8,20.19,50,OK
2026-02-15T11:34:04.503Z,9,49.18,50,OK
2026-02-15T11:34:04.591Z,9,38.00,50,OK
2026-02-15T11:34:04.669Z,9,28.00,50,OK
2026-02-15T11:34:04.779Z,9,110.07,50,OK
2026-02-15T11:34:04.874Z,12,45.00,50,OK
2026-02-15T11:34:04.966Z,15,42.00,50,OK
2026-02-15T11:34:05.061Z,20,94.21,50,OK
2026-02-15T11:34:05.111Z,11,20.39,50,OK
2026-02-15T11:34:05.161Z,11,20.24,50,OK
2026-02-15T11:34:05.211Z,11,20.59,50,OK
2026-02-15T11:34:05.261Z,10,20.52,50,OK
2026-02-15T11:34:05.311Z,9,20.53,50,OK
2026-02-15T11:34:05.361Z,10,20.85,50,OK
2026-02-15T11:34:05.411Z,10,20.29,50,OK
2026-02-15T11:34:05.461Z,9,20.42,50,OK
2026-02-15T11:34:05.511Z,9,20.05,50,OK
2026-02-15T11:34:05.562Z,8,20.36,50,OK
2026-02-15T11:34:05.612Z,8,20.60,50,OK
2026-02-15T11:34:05.662Z,8,20.37,50,OK
2026-02-15T11:34:05.748Z,8,36.00,50,OK
2026-02-15T11:34:05.798Z,7,19.90,50,OK
2026-02-15T11:34:05.848Z,7,20.32,50,OK
2026-02-15T11:34:05.898Z,9,20.70,50,OK
2026-02-15T11:34:05.949Z,9,20.31,50,OK
2026-02-15T11:34:06.047Z,12,48.49,50,OK
2026-02-15T11:34:06.097Z,10,19.91,50,OK
2026-02-15T11:34:06.148Z,10,20.32,50,OK
2026-02-15T11:34:06.198Z,9,20.25,50,OK
2026-02-15T11:34:06.248Z,9,20.36,50,OK
2026-02-15T11:34:06.298Z,9,19.77,50,OK
2026-02-15T11:34:06.350Z,9,20.46,50,OK
2026-02-15T11:34:06.428Z,8,28.00,50,OK
2026-02-15T11:34:06.507Z,9,78.54,50,OK
2026-02-15T11:34:06.595Z,7,38.00,50,OK
2026-02-15T11:34:06.645Z,7,20.13,50,OK
2026-02-15T11:34:06.696Z,7,20.39,50,OK
2026-02-15T11:34:06.746Z,7,20.23,50,OK
2026-02-15T11:34:06.827Z,7,31.00,50,OK
2026-02-15T11:34:06.877Z,8,20.46,50,OK
2026-02-15T11:34:06.928Z,7,20.52,50,OK
2026-02-15T11:34:06.979Z,7,20.49,50,OK
2026-02-15T11:34:07.029Z,7,20.90,50,OK
2026-02-15T11:34:07.079Z,12,19.68,50,OK
2026-02-15T11:34:07.129Z,9,20.28,50,OK
2026-02-15T11:34:07.179Z,9,20.00,50,OK
2026-02-15T11:34:07.228Z,9,20.32,50,OK
2026-02-15T11:34:07.278Z,12,20.26,50,OK
2026-02-15T11:34:07.355Z,9,27.00,50,OK
2026-02-15T11:34:07.405Z,9,20.34,50,OK
2026-02-15T11:34:07.506Z,9,90.01,50,OK
2026-02-15T11:34:07.586Z,11,30.00,50,OK
2026-02-15T11:34:07.677Z,10,41.00,50,OK
2026-02-15T11:34:07.727Z,10,20.26,50,OK
2026-02-15T11:34:07.777Z,10,20.42,50,OK
2026-02-15T11:34:07.828Z,10,20.13,50,OK
2026-02-15T11:34:07.879Z,12,20.34,50,OK
2026-02-15T11:34:07.929Z,9,20.21,50,OK
2026-02-15T11:34:07.979Z,9,20.32,50,OK
2026-02-15T11:34:08.030Z,9,20.32,50,OK
2026-02-15T11:34:08.080Z,9,20.87,50,OK
2026-02-15T11:34:08.130Z,9,20.21,50,OK
2026-02-15T11:34:08.180Z,9,20.88,50,OK
2026-02-15T11:34:08.265Z,9,78.87,50,OK
2026-02-15T11:34:08.315Z,10,20.13,50,OK
2026-02-15T11:34:08.437Z,12,20.50,50,OK
2026-02-15T11:34:08.487Z,10,20.20,50,OK
2026-02-15T11:34:08.537Z,10,20.09,50,OK
2026-02-15T11:34:08.588Z,10,20.43,50,OK
2026-02-15T11:34:08.638Z,11,20.34,50,OK
2026-02-15T11:34:08.688Z,11,19.87,50,OK
2026-02-15T11:34:08.738Z,11,20.42,50,OK
2026-02-15T11:34:08.789Z,11,20.42,50,OK
2026-02-15T11:34:08.839Z,11,20.26,50,OK
2026-02-15T11:34:08.890Z,11,20.54,50,OK
2026-02-15T11:34:08.940Z,10,20.34,50,OK
2026-02-15T11:34:08.991Z,10,20.27,50,OK
2026-02-15T11:34:09.041Z,10,20.44,50,OK
2026-02-15T11:34:09.145Z,11,20.16,50,OK
2026-02-15T11:34:09.392Z,14,246.35,50,OK
2026-02-15T11:34:09.442Z,10,20.32,50,OK
2026-02-15T11:34:09.493Z,7,20.50,50,OK
2026-02-15T11:34:09.543Z,7,20.22,50,OK
2026-02-15T11:34:09.594Z,7,20.39,50,OK
2026-02-15T11:34:09.678Z,10,83.07,50,OK
2026-02-15T11:34:09.754Z,8,26.00,50,OK
2026-02-15T11:34:09.845Z,7,90.67,50,OK
2026-02-15T11:34:09.928Z,8,33.00,50,OK
2026-02-15T11:34:09.978Z,6,19.97,50,OK
2026-02-15T11:34:10.030Z,6,20.21,50,OK
2026-02-15T11:34:10.080Z,5,20.87,50,OK
2026-02-15T11:34:10.130Z,5,20.17,50,OK
2026-02-15T11:34:10.180Z,5,20.32,50,OK
2026-02-15T11:34:10.231Z,6,20.18,50,OK
2026-02-15T11:34:10.281Z,5,20.98,50,OK
2026-02-15T11:34:10.331Z,5,20.24,50,OK
2026-02-15T11:34:10.381Z,5,20.13,50,OK
2026-02-15T11:34:10.431Z,5,20.19,50,OK
2026-02-15T11:34:10.482Z,6,20.65,50,OK
2026-02-15T11:34:10.532Z,6,20.50,50,OK
2026-02-15T11:34:10.583Z,6,20.32,50,OK
2026-02-15T11:34:10.635Z,5,20.37,50,OK
2026-02-15T11:34:10.684Z,9,20.44,50,OK
2026-02-15T11:34:10.735Z,5,20.31,50,OK
2026-02-15T11:34:10.785Z,6,20.32,50,OK
2026-02-15T11:34:10.834Z,6,20.14,50,OK
2026-02-15T11:34:10.885Z,6,20.32,50,OK
2026-02-15T11:34:11.016Z,7,20.49,50,OK
2026-02-15T11:34:11.067Z,6,20.19,50,OK
2026-02-15T11:34:11.118Z,6,20.39,50,OK
2026-02-15T11:34:11.278Z,8,79.80,50,OK
2026-02-15T11:34:11.328Z,6,20.21,50,OK
2026-02-15T11:34:11.380Z,6,20.59,50,OK
2026-02-15T11:34:11.514Z,9,21.21,50,OK
2026-02-15T11:34:11.565Z,7,20.02,50,OK
2026-02-15T11:34:11.615Z,7,20.50,50,OK
2026-02-15T11:34:11.665Z,7,20.32,50,OK
2026-02-15T11:34:11.715Z,7,20.00,50,OK
2026-02-15T11:34:11.766Z,8,20.61,50,OK
2026-02-15T11:34:11.817Z,8,20.37,50,OK
2026-02-15T11:34:11.867Z,9,20.19,50,OK
2026-02-15T11:34:11.919Z,9,20.29,50,OK
2026-02-15T11:34:11.969Z,8,20.33,50,OK
2026-02-15T11:34:12.019Z,9,20.28,50,OK
2026-02-15T11:34:12.070Z,8,20.52,50,OK
2026-02-15T11:34:12.121Z,8,20.29,50,OK
2026-02-15T11:34:12.171Z,8,20.41,50,OK
2026-02-15T11:34:12.221Z,8,20.26,50,OK
2026-02-15T11:34:12.272Z,7,20.27,50,OK
2026-02-15T11:34:12.321Z,7,20.57,50,OK
2026-02-15T11:34:12.372Z,7,20.39,50,OK
2026-02-15T11:34:12.422Z,8,20.09,50,OK
2026-02-15T11:34:12.472Z,9,20.15,50,OK
2026-02-15T11:34:12.595Z,13,20.29,50,OK
2026-02-15T11:34:12.645Z,11,20.50,50,OK
2026-02-15T11:34:12.696Z,12,20.50,50,OK
2026-02-15T11:34:12.746Z,11,20.02,50,OK
2026-02-15T11:34:12.796Z,10,20.32,50,OK
2026-02-15T11:34:12.847Z,10,20.40,50,OK
2026-02-15T11:34:12.897Z,10,19.87,50,OK
2026-02-15T11:34:12.947Z,10,20.42,50,OK
2026-02-15T11:34:12.997Z,10,20.59,50,OK
2026-02-15T11:34:13.114Z,15,57.97,50,OK
2026-02-15T11:34:13.164Z,12,20.23,50,OK
2026-02-15T11:34:13.214Z,12,20.42,50,OK
2026-02-15T11:34:13.264Z,13,20.48,50,OK
2026-02-15T11:34:13.314Z,13,19.69,50,OK
2026-02-15T11:34:13.365Z,12,20.18,50,OK
2026-02-15T11:34:13.415Z,12,20.34,50,OK
2026-02-15T11:34:13.466Z,12,20.11,50,OK
2026-02-15T11:34:13.516Z,11,20.34,50,OK
2026-02-15T11:34:13.566Z,11,20.57,50,OK
2026-02-15T11:34:13.677Z,13,21.24,50,OK
2026-02-15T11:34:13.757Z,13,30.00,50,OK
2026-02-15T11:34:13.808Z,10,20.50,50,OK
2026-02-15T11:34:13.857Z,9,20.31,50,OK
2026-02-15T11:34:13.908Z,9,20.84,50,OK
2026-02-15T11:34:13.958Z,10,20.28,50,OK
2026-02-15T11:34:14.008Z,10,19.94,50,OK
2026-02-15T11:34:14.058Z,10,21.41,50,OK
2026-02-15T11:34:14.109Z,10,20.46,50,OK
2026-02-15T11:34:14.159Z,10,20.39,50,OK
2026-02-15T11:34:14.210Z,10,20.45,50,OK
2026-02-15T11:34:14.261Z,10,20.39,50,OK
2026-02-15T11:34:14.311Z,10,20.68,50,OK
2026-02-15T11:34:14.361Z,10,20.47,50,OK
2026-02-15T11:34:14.413Z,9,20.02,50,OK
2026-02-15T11:34:14.463Z,7,20.82,50,OK
2026-02-15T11:34:14.513Z,7,20.00,50,OK
2026-02-15T11:34:14.564Z,7,19.84,50,OK
2026-02-15T11:34:14.614Z,6,21.01,50,OK
2026-02-15T11:34:14.664Z,6,20.28,50,OK
2026-02-15T11:34:14.715Z,6,20.67,50,OK
2026-02-15T11:34:14.765Z,9,20.23,50,OK
2026-02-15T11:34:14.848Z,9,33.00,50,OK
2026-02-15T11:34:14.937Z,7,39.00,50,OK
2026-02-15T11:34:14.988Z,7,20.16,50,OK
2026-02-15T11:34:15.037Z,7,19.71,50,OK
2026-02-15T11:34:15.088Z,5,20.16,50,OK
2026-02-15T11:34:15.204Z,6,20.39,50,OK
2026-02-15T11:34:15.254Z,5,20.05,50,OK
2026-02-15T11:34:15.306Z,7,20.95,50,OK
2026-02-15T11:34:15.357Z,5,20.54,50,OK
2026-02-15T11:34:15.407Z,5,20.09,50,OK
2026-02-15T11:34:15.493Z,5,36.00,50,OK
2026-02-15T11:34:15.543Z,5,20.23,50,OK
2026-02-15T11:34:15.594Z,5,20.48,50,OK
2026-02-15T11:34:15.678Z,5,34.00,50,OK
2026-02-15T11:34:15.728Z,7,19.65,50,OK
2026-02-15T11:34:15.778Z,8,20.21,50,OK
2026-02-15T11:34:15.829Z,6,19.91,50,OK
2026-02-15T11:34:15.879Z,6,20.21,50,OK
2026-02-15T11:34:15.929Z,6,20.32,50,OK
2026-02-15T11:34:15.980Z,5,20.08,50,OK
2026-02-15T11:34:16.030Z,5,19.96,50,OK
2026-02-15T11:34:16.080Z,6,20.14,50,OK
2026-02-15T11:34:16.131Z,6,20.02,50,OK
2026-02-15T11:34:16.181Z,6,20.34,50,OK
2026-02-15T11:34:16.231Z,7,20.02,50,OK
2026-02-15T11:34:16.281Z,7,20.49,50,OK
2026-02-15T11:34:16.332Z,7,20.19,50,OK
2026-02-15T11:34:16.405Z,8,23.00,50,OK
2026-02-15T11:34:16.455Z,7,20.26,50,OK
2026-02-15T11:34:16.577Z,11,20.37,50,OK
2026-02-15T11:34:16.657Z,8,79.46,50,OK
2026-02-15T11:34:16.848Z,6,172.43,50,OK
2026-02-15T11:34:16.940Z,7,42.00,50,OK
2026-02-15T11:34:16.990Z,6,20.16,50,OK
2026-02-15T11:34:17.040Z,6,20.37,50,OK
2026-02-15T11:34:17.138Z,8,96.50,50,OK
2026-02-15T11:34:17.188Z,7,20.24,50,OK
2026-02-15T11:34:17.301Z,7,102.14,50,OK
2026-02-15T11:34:17.396Z,8,45.00,50,OK
2026-02-15T11:34:17.474Z,10,27.00,50,OK
2026-02-15T11:34:17.579Z,9,52.73,50,OK
2026-02-15T11:34:17.662Z,10,33.00,50,OK
2026-02-15T11:34:17.749Z,15,37.00,50,OK
2026-02-15T11:34:17.799Z,8,20.19,50,OK
2026-02-15T11:34:17.849Z,8,20.28,50,OK
2026-02-15T11:34:17.899Z,9,20.18,50,OK
2026-02-15T11:34:18.021Z,10,20.39,50,OK
2026-02-15T11:34:18.071Z,8,20.26,50,OK
2026-02-15T11:34:18.122Z,8,20.36,50,OK
2026-02-15T11:34:18.172Z,8,20.55,50,OK
2026-02-15T11:34:18.223Z,7,20.39,50,OK
2026-02-15T11:34:18.274Z,7,20.48,50,OK
2026-02-15T11:34:18.324Z,7,19.44,50,OK
2026-02-15T11:34:18.374Z,7,20.54,50,OK
2026-02-15T11:34:18.424Z,7,19.83,50,OK
2026-02-15T11:34:18.474Z,7,20.62,50,OK
2026-02-15T11:34:18.524Z,8,20.28,50,OK
2026-02-15T11:34:18.574Z,8,20.51,50,OK
2026-02-15T11:34:18.624Z,8,20.37,50,OK
2026-02-15T11:34:18.675Z,8,20.10,50,OK
2026-02-15T11:34:18.725Z,8,20.60,50,OK
2026-02-15T11:34:18.832Z,13,21.23,50,OK
2026-02-15T11:34:18.911Z,12,78.61,50,OK
2026-02-15T11:34:19.071Z,12,111.00,50,OK
2026-02-15T11:34:19.120Z,6,20.37,50,OK
2026-02-15T11:34:19.171Z,6,19.73,50,OK
2026-02-15T11:34:19.222Z,6,20.49,50,OK
2026-02-15T11:34:19.272Z,6,20.16,50,OK
2026-02-15T11:34:19.389Z,5,55.68,50,OK
2026-02-15T11:34:19.439Z,5,20.28,50,OK
2026-02-15T11:34:19.489Z,5,20.44,50,OK
2026-02-15T11:34:19.539Z,4,19.87,50,OK
2026-02-15T11:34:19.591Z,5,20.36,50,OK
2026-02-15T11:34:19.642Z,4,20.21,50,OK
2026-02-15T11:34:19.692Z,3,20.22,50,OK
2026-02-15T11:34:19.743Z,3,20.36,50,OK
2026-02-15T11:34:19.794Z,3,20.86,50,OK
2026-02-15T11:34:19.844Z,3,22.09,50,OK
2026-02-15T11:34:19.894Z,2,20.57,50,OK
2026-02-15T11:34:19.985Z,4,87.20,50,OK
2026-02-15T11:34:20.066Z,3,31.00,50,OK
2026-02-15T11:34:20.148Z,3,82.28,50,OK
2026-02-15T11:34:20.319Z,18,121.00,50,OK
2026-02-15T11:34:20.369Z,5,20.23,50,OK
2026-02-15T11:34:20.420Z,5,20.16,50,OK
2026-02-15T11:34:20.470Z,5,20.44,50,OK
2026-02-15T11:34:20.520Z,4,20.31,50,OK
2026-02-15T11:34:20.571Z,4,20.33,50,OK
2026-02-15T11:34:20.621Z,4,19.67,50,OK
2026-02-15T11:34:20.671Z,4,20.40,50,OK
2026-02-15T11:34:20.754Z,4,33.00,50,OK
2026-02-15T11:34:20.804Z,5,20.60,50,OK
2026-02-15T11:34:20.854Z,5,20.41,50,OK
2026-02-15T11:34:20.905Z,5,20.70,50,OK
2026-02-15T11:34:20.955Z,5,20.49,50,OK
2026-02-15T11:34:21.068Z,6,55.18,50,OK
2026-02-15T11:34:21.118Z,6,20.19,50,OK
2026-02-15T11:34:21.168Z,6,20.47,50,OK
2026-02-15T11:34:21.218Z,6,20.20,50,OK
2026-02-15T11:34:21.268Z,6,20.57,50,OK
2026-02-15T11:34:21.318Z,5,19.66,50,OK
2026-02-15T11:34:21.627Z,23,296.62,50,OK
2026-02-15T11:34:21.734Z,16,57.00,50,OK
2026-02-15T11:34:21.784Z,9,20.18,50,OK
2026-02-15T11:34:21.835Z,9,20.42,50,OK
2026-02-15T11:34:21.885Z,11,20.32,50,OK
2026-02-15T11:34:21.936Z,10,20.34,50,OK
2026-02-15T11:34:21.986Z,10,20.52,50,OK
2026-02-15T11:34:22.037Z,10,20.59,50,OK
2026-02-15T11:34:22.152Z,11,56.48,50,OK
2026-02-15T11:34:22.202Z,10,20.21,50,OK
2026-02-15T11:34:22.252Z,9,20.47,50,OK
2026-02-15T11:34:22.303Z,9,20.91,50,OK
2026-02-15T11:34:22.353Z,8,20.29,50,OK
2026-02-15T11:34:22.403Z,8,20.57,50,OK
2026-02-15T11:34:22.453Z,8,20.36,50,OK
2026-02-15T11:34:22.503Z,8,20.69,50,OK
2026-02-15T11:34:22.553Z,9,20.24,50,OK
2026-02-15T11:34:22.604Z,9,20.29,50,OK
2026-02-15T11:34:22.712Z,14,95.32,50,OK
2026-02-15T11:34:22.762Z,10,20.73,50,OK
2026-02-15T11:34:22.812Z,10,19.77,50,OK
2026-02-15T11:34:22.863Z,12,20.41,50,OK
2026-02-15T11:34:22.913Z,10,20.36,50,OK
2026-02-15T11:34:22.963Z,10,20.14,50,OK
2026-02-15T11:34:23.012Z,10,19.41,50,OK
2026-02-15T11:34:23.062Z,10,20.65,50,OK
2026-02-15T11:34:23.112Z,9,20.50,50,OK
2026-02-15T11:34:23.163Z,13,20.19,50,OK
2026-02-15T11:34:23.214Z,10,20.23,50,OK
2026-02-15T11:34:23.264Z,10,20.13,50,OK
2026-02-15T11:34:23.314Z,10,20.14,50,OK
2026-02-15T11:34:23.365Z,8,20.55,50,OK
2026-02-15T11:34:23.416Z,8,20.34,50,OK
2026-02-15T11:34:23.466Z,8,20.44,50,OK
2026-02-15T11:34:23.516Z,8,20.49,50,OK
2026-02-15T11:34:23.566Z,8,20.55,50,OK
2026-02-15T11:34:23.616Z,8,20.49,50,OK
2026-02-15T11:34:23.666Z,8,19.97,50,OK
2026-02-15T11:34:23.792Z,9,20.36,50,OK
2026-02-15T11:34:24.047Z,26,252.77,50,OK
2026-02-15T11:34:24.097Z,9,20.09,50,OK
2026-02-15T11:34:24.147Z,9,20.41,50,OK
2026-02-15T11:34:24.198Z,9,22.84,50,OK
2026-02-15T11:34:24.249Z,10,20.50,50,OK
2026-02-15T11:34:24.299Z,9,20.42,50,OK
2026-02-15T11:34:24.351Z,10,20.32,50,OK
2026-02-15T11:34:24.401Z,10,20.28,50,OK
2026-02-15T11:34:24.451Z,10,20.36,50,OK
2026-02-15T11:34:24.502Z,11,20.05,50,OK
2026-02-15T11:34:24.552Z,10,20.54,50,OK
2026-02-15T11:34:24.602Z,10,20.32,50,OK
2026-02-15T11:34:24.652Z,9,20.03,50,OK
2026-02-15T11:34:24.702Z,9,20.46,50,OK
2026-02-15T11:34:24.753Z,8,20.30,50,OK
2026-02-15T11:34:24.803Z,8,20.36,50,OK
2026-02-15T11:34:24.853Z,8,20.50,50,OK
2026-02-15T11:34:24.904Z,8,20.82,50,OK
2026-02-15T11:34:24.955Z,8,20.36,50,OK
2026-02-15T11:34:25.006Z,8,20.28,50,OK
2026-02-15T11:34:25.057Z,11,19.60,50,OK
2026-02-15T11:34:25.153Z,14,81.63,50,OK
2026-02-15T11:34:25.203Z,9,20.88,50,OK
2026-02-15T11:34:25.255Z,10,20.46,50,OK
2026-02-15T11:34:25.305Z,9,20.13,50,OK
2026-02-15T11:34:25.357Z,10,20.23,50,OK
2026-02-15T11:34:25.407Z,9,20.34,50,OK
2026-02-15T11:34:25.457Z,9,20.21,50,OK
2026-02-15T11:34:25.508Z,9,20.38,50,OK
2026-02-15T11:34:25.558Z,9,20.49,50,OK
2026-02-15T11:34:25.608Z,9,20.39,50,OK
2026-02-15T11:34:25.658Z,9,20.13,50,OK
2026-02-15T11:34:25.709Z,9,20.34,50,OK
2026-02-15T11:34:25.759Z,8,19.26,50,OK
2026-02-15T11:34:25.809Z,6,20.18,50,OK
2026-02-15T11:34:25.860Z,6,20.39,50,OK
2026-02-15T11:34:25.910Z,6,20.26,50,OK
2026-02-15T11:34:25.961Z,6,20.41,50,OK
2026-02-15T11:34:26.047Z,5,83.72,50,OK
2026-02-15T11:34:26.141Z,5,44.00,50,OK
2026-02-15T11:34:26.229Z,7,38.00,50,OK
2026-02-15T11:34:26.385Z,15,155.52,50,OK
2026-02-15T11:34:26.435Z,6,20.26,50,OK
2026-02-15T11:34:26.485Z,5,20.47,50,OK
2026-02-15T11:34:26.536Z,5,20.37,50,OK
2026-02-15T11:34:26.586Z,5,20.29,50,OK
2026-02-15T11:34:26.636Z,5,20.33,50,OK
2026-02-15T11:34:26.686Z,5,20.24,50,OK
2026-02-15T11:34:26.736Z,5,20.38,50,OK
2026-02-15T11:34:26.786Z,5,20.83,50,OK
2026-02-15T11:34:26.836Z,5,20.19,50,OK
2026-02-15T11:34:26.886Z,5,20.39,50,OK
2026-02-15T11:34:26.936Z,5,20.47,50,OK
2026-02-15T11:34:27.045Z,5,53.92,50,OK
2026-02-15T11:34:27.095Z,4,20.19,50,OK
2026-02-15T11:34:27.146Z,5,20.32,50,OK
2026-02-15T11:34:27.196Z,5,20.06,50,OK
2026-02-15T11:34:27.247Z,5,20.46,50,OK
2026-02-15T11:34:27.297Z,5,20.64,50,OK
2026-02-15T11:34:27.389Z,5,80.45,50,OK
2026-02-15T11:34:27.473Z,8,34.00,50,OK
2026-02-15T11:34:27.747Z,14,223.00,50,OK
2026-02-15T11:34:27.797Z,9,20.49,50,OK
2026-02-15T11:34:27.882Z,9,73.83,50,OK
2026-02-15T11:34:27.933Z,10,20.41,50,OK
2026-02-15T11:34:27.983Z,10,20.43,50,OK
2026-02-15T11:34:28.033Z,10,20.36,50,OK
2026-02-15T11:34:28.137Z,10,54.00,50,OK
2026-02-15T11:34:28.230Z,8,93.22,50,OK
2026-02-15T11:34:28.308Z,14,28.00,50,OK
2026-02-15T11:34:28.358Z,9,20.11,50,OK
2026-02-15T11:34:28.468Z,9,20.57,50,OK
2026-02-15T11:34:28.519Z,8,20.17,50,OK
2026-02-15T11:34:28.651Z,8,20.52,50,OK
2026-02-15T11:34:28.735Z,8,84.31,50,OK
2026-02-15T11:34:28.786Z,10,20.28,50,OK
2026-02-15T11:34:28.836Z,10,20.28,50,OK
2026-02-15T11:34:28.888Z,11,20.37,50,OK
2026-02-15T11:34:28.977Z,10,80.18,50,OK
2026-02-15T11:34:29.027Z,10,19.62,50,OK
2026-02-15T11:34:29.077Z,10,20.29,50,OK
2026-02-15T11:34:29.127Z,10,20.62,50,OK
2026-02-15T11:34:29.218Z,10,41.00,50,OK
2026-02-15T11:34:29.299Z,16,80.77,50,OK
2026-02-15T11:34:29.349Z,11,20.37,50,OK
2026-02-15T11:34:29.399Z,11,20.39,50,OK
2026-02-15T11:34:29.449Z,11,20.65,50,OK
2026-02-15T11:34:29.499Z,10,20.36,50,OK
2026-02-15T11:34:29.549Z,10,20.38,50,OK
2026-02-15T11:34:29.599Z,10,20.16,50,OK
2026-02-15T11:34:29.649Z,10,20.56,50,OK
2026-02-15T11:34:29.732Z,11,33.00,50,OK
2026-02-15T11:34:29.833Z,9,51.00,50,OK
2026-02-15T11:34:29.914Z,18,31.00,50,OK
2026-02-15T11:34:29.964Z,6,20.64,50,OK
2026-02-15T11:34:30.015Z,6,21.00,50,OK
2026-02-15T11:34:30.065Z,6,20.62,50,OK
2026-02-15T11:34:30.115Z,7,20.49,50,OK
2026-02-15T11:34:30.166Z,7,20.03,50,OK
2026-02-15T11:34:30.217Z,7,20.26,50,OK
2026-02-15T11:34:30.268Z,7,20.77,50,OK
2026-02-15T11:34:30.382Z,8,19.36,50,OK
2026-02-15T11:34:30.468Z,16,85.75,50,OK
2026-02-15T11:34:30.518Z,10,20.13,50,OK
2026-02-15T11:34:30.568Z,10,20.36,50,OK
2026-02-15T11:34:30.618Z,10,20.50,50,OK
2026-02-15T11:34:30.669Z,10,20.44,50,OK
2026-02-15T11:34:30.719Z,10,20.53,50,OK
2026-02-15T11:34:30.769Z,9,19.44,50,OK
2026-02-15T11:34:30.819Z,9,20.80,50,OK
2026-02-15T11:34:30.869Z,9,21.00,50,OK
2026-02-15T11:34:30.919Z,10,20.70,50,OK
2026-02-15T11:34:30.995Z,14,26.00,50,OK
2026-02-15T11:34:31.151Z,17,106.00,50,OK
2026-02-15T11:34:31.201Z,9,19.84,50,OK
2026-02-15T11:34:31.251Z,9,19.83,50,OK
2026-02-15T11:34:31.301Z,8,20.19,50,OK
2026-02-15T11:34:31.388Z,8,37.00,50,OK
2026-02-15T11:34:31.438Z,7,20.13,50,OK
2026-02-15T11:34:31.559Z,7,20.52,50,OK
2026-02-15T11:34:31.644Z,17,85.30,50,OK
2026-02-15T11:34:31.694Z,8,20.14,50,OK
2026-02-15T11:34:31.819Z,8,20.26,50,OK
2026-02-15T11:34:31.908Z,11,88.77,50,OK
2026-02-15T11:34:31.959Z,9,20.16,50,OK
2026-02-15T11:34:32.009Z,9,20.02,50,OK
2026-02-15T11:34:32.060Z,9,20.50,50,OK
2026-02-15T11:34:32.110Z,9,19.41,50,OK
2026-02-15T11:34:32.240Z,13,20.08,50,OK
2026-02-15T11:34:32.290Z,9,19.71,50,OK
2026-02-15T11:34:32.377Z,9,76.58,50,OK
2026-02-15T11:34:32.428Z,8,20.24,50,OK
2026-02-15T11:34:32.479Z,6,20.04,50,OK
2026-02-15T11:34:32.529Z,6,20.37,50,OK
2026-02-15T11:34:32.579Z,6,20.25,50,OK
2026-02-15T11:34:32.629Z,6,20.46,50,OK
2026-02-15T11:34:32.734Z,10,92.90,50,OK
2026-02-15T11:34:32.784Z,6,20.49,50,OK
2026-02-15T11:34:32.834Z,6,20.44,50,OK
2026-02-15T11:34:32.884Z,6,20.42,50,OK
2026-02-15T11:34:32.934Z,6,19.88,50,OK
2026-02-15T11:34:32.985Z,6,20.07,50,OK
2026-02-15T11:34:33.035Z,6,20.60,50,OK
2026-02-15T11:34:33.169Z,6,20.50,50,OK
2026-02-15T11:34:33.219Z,5,19.78,50,OK
2026-02-15T11:34:33.343Z,9,113.93,50,OK
2026-02-15T11:34:33.393Z,7,20.59,50,OK
2026-02-15T11:34:33.482Z,6,39.00,50,OK
2026-02-15T11:34:33.564Z,8,32.00,50,OK
2026-02-15T11:34:33.650Z,6,36.00,50,OK
2026-02-15T11:34:33.700Z,5,20.24,50,OK
2026-02-15T11:34:33.750Z,7,20.14,50,OK
2026-02-15T11:34:33.801Z,7,20.14,50,OK
2026-02-15T11:34:33.852Z,8,20.78,50,OK
2026-02-15T11:34:33.902Z,8,20.26,50,OK
2026-02-15T11:34:33.952Z,8,20.62,50,OK
2026-02-15T11:34:34.002Z,8,20.07,50,OK
2026-02-15T11:34:34.053Z,8,20.28,50,OK
2026-02-15T11:34:34.167Z,8,20.19,50,OK
2026-02-15T11:34:34.246Z,7,78.22,50,OK
2026-02-15T11:34:34.335Z,10,39.00,50,OK
2026-02-15T11:34:34.424Z,8,39.00,50,OK
2026-02-15T11:34:34.474Z,8,20.29,50,OK
2026-02-15T11:34:34.525Z,8,20.36,50,OK
2026-02-15T11:34:34.575Z,8,20.19,50,OK
2026-02-15T11:34:34.626Z,8,20.32,50,OK
2026-02-15T11:34:34.676Z,10,20.20,50,OK
2026-02-15T11:34:34.726Z,10,20.18,50,OK
2026-02-15T11:34:34.818Z,9,90.93,50,OK
2026-02-15T11:34:34.869Z,9,20.41,50,OK
2026-02-15T11:34:34.919Z,9,20.34,50,OK
2026-02-15T11:34:34.969Z,10,20.14,50,OK
2026-02-15T11:34:35.019Z,9,19.32,50,OK
2026-02-15T11:34:35.069Z,9,20.57,50,OK
2026-02-15T11:34:35.119Z,9,20.36,50,OK
2026-02-15T11:34:35.170Z,9,20.14,50,OK
2026-02-15T11:34:35.221Z,10,20.34,50,OK
2026-02-15T11:34:35.272Z,10,20.21,50,OK
2026-02-15T11:34:35.322Z,10,20.21,50,OK
2026-02-15T11:34:35.421Z,11,94.80,50,OK
2026-02-15T11:34:35.501Z,10,30.00,50,OK
2026-02-15T11:34:35.660Z,18,109.00,50,OK
2026-02-15T11:34:35.711Z,11,20.36,50,OK
2026-02-15T11:34:35.835Z,9,57.54,50,OK
2026-02-15T11:34:35.885Z,10,20.18,50,OK
2026-02-15T11:34:36.006Z,10,20.31,50,OK
2026-02-15T11:34:36.057Z,9,19.89,50,OK
2026-02-15T11:34:36.108Z,9,20.60,50,OK
2026-02-15T11:34:36.158Z,9,20.37,50,OK
2026-02-15T11:34:36.209Z,9,19.59,50,OK
2026-02-15T11:34:36.260Z,9,20.04,50,OK
2026-02-15T11:34:36.311Z,9,20.10,50,OK
2026-02-15T11:34:36.361Z,11,20.68,50,OK
2026-02-15T11:34:36.412Z,11,20.61,50,OK
2026-02-15T11:34:36.463Z,10,20.36,50,OK
2026-02-15T11:34:36.513Z,10,20.27,50,OK
2026-02-15T11:34:36.563Z,10,20.37,50,OK
2026-02-15T11:34:36.662Z,10,88.70,50,OK
2026-02-15T11:34:36.712Z,8,20.36,50,OK
2026-02-15T11:34:36.815Z,8,91.78,50,OK
2026-02-15T11:34:36.865Z,8,20.39,50,OK
2026-02-15T11:34:36.917Z,8,20.56,50,OK
2026-02-15T11:34:36.967Z,8,20.23,50,OK
2026-02-15T11:34:37.017Z,11,20.41,50,OK
2026-02-15T11:34:37.096Z,11,76.91,50,OK
2026-02-15T11:34:37.147Z,11,20.26,50,OK
2026-02-15T11:34:37.197Z,11,20.34,50,OK
2026-02-15T11:34:37.247Z,11,20.00,50,OK
2026-02-15T11:34:37.297Z,11,20.14,50,OK
2026-02-15T11:34:37.347Z,10,20.50,50,OK
2026-02-15T11:34:37.398Z,10,20.26,50,OK
2026-02-15T11:34:37.513Z,12,56.65,50,OK
2026-02-15T11:34:37.565Z,11,20.21,50,OK
2026-02-15T11:34:37.616Z,10,20.28,50,OK
2026-02-15T11:34:37.666Z,11,20.36,50,OK
2026-02-15T11:34:37.753Z,11,37.00,50,OK
2026-02-15T11:34:37.836Z,21,33.00,50,OK
2026-02-15T11:34:37.936Z,11,50.00,50,OK
2026-02-15T11:34:37.986Z,8,20.47,50,OK
2026-02-15T11:34:38.101Z,8,103.84,50,OK
2026-02-15T11:34:38.151Z,8,20.26,50,OK
2026-02-15T11:34:38.260Z,8,97.88,50,OK
2026-02-15T11:34:38.348Z,8,38.00,50,OK
2026-02-15T11:34:38.399Z,5,20.16,50,OK
2026-02-15T11:34:38.449Z,5,20.32,50,OK
2026-02-15T11:34:38.499Z,5,20.73,50,OK
2026-02-15T11:34:38.549Z,5,20.23,50,OK
2026-02-15T11:34:38.600Z,6,19.83,50,OK
2026-02-15T11:34:38.650Z,6,20.36,50,OK
2026-02-15T11:34:38.700Z,6,20.19,50,OK
2026-02-15T11:34:38.751Z,6,20.42,50,OK
2026-02-15T11:34:38.836Z,7,36.00,50,OK
2026-02-15T11:34:38.918Z,9,82.15,50,OK
2026-02-15T11:34:39.000Z,17,32.00,50,OK
2026-02-15T11:34:39.050Z,5,19.85,50,OK
2026-02-15T11:34:39.100Z,5,20.16,50,OK
2026-02-15T11:34:39.150Z,5,20.46,50,OK
2026-02-15T11:34:39.200Z,4,20.49,50,OK
2026-02-15T11:34:39.250Z,4,20.37,50,OK
2026-02-15T11:34:39.345Z,4,45.00,50,OK
2026-02-15T11:34:39.395Z,7,20.44,50,OK
2026-02-15T11:34:39.445Z,6,20.34,50,OK
2026-02-15T11:34:39.495Z,6,20.66,50,OK
2026-02-15T11:34:39.604Z,7,96.44,50,OK
2026-02-15T11:34:39.655Z,6,20.44,50,OK
2026-02-15T11:34:39.706Z,6,20.21,50,OK
2026-02-15T11:34:39.757Z,6,20.22,50,OK
2026-02-15T11:34:39.808Z,6,20.14,50,OK
2026-02-15T11:34:39.918Z,7,91.39,50,OK
2026-02-15T11:34:39.998Z,7,30.00,50,OK
2026-02-15T11:34:40.109Z,15,90.54,50,OK
2026-02-15T11:34:40.159Z,9,20.29,50,OK
2026-02-15T11:34:40.209Z,9,20.16,50,OK
2026-02-15T11:34:40.259Z,9,20.53,50,OK
2026-02-15T11:34:40.309Z,9,20.57,50,OK
2026-02-15T11:34:40.437Z,9,19.69,50,OK
2026-02-15T11:34:40.488Z,10,20.55,50,OK
2026-02-15T11:34:40.538Z,10,20.32,50,OK
2026-02-15T11:34:40.590Z,10,20.64,50,OK
2026-02-15T11:34:40.640Z,10,20.28,50,OK
2026-02-15T11:34:40.757Z,10,20.31,50,OK
2026-02-15T11:34:40.808Z,10,20.59,50,OK
2026-02-15T11:34:40.860Z,10,20.21,50,OK
2026-02-15T11:34:40.910Z,10,20.34,50,OK
2026-02-15T11:34:40.960Z,8,19.55,50,OK
2026-02-15T11:34:41.010Z,8,20.48,50,OK
2026-02-15T11:34:41.098Z,10,76.19,50,OK
2026-02-15T11:34:41.148Z,9,20.24,50,OK
2026-02-15T11:34:41.198Z,10,20.37,50,OK
2026-02-15T11:34:41.248Z,9,20.30,50,OK
2026-02-15T11:34:41.298Z,9,20.29,50,OK
2026-02-15T11:34:41.348Z,9,20.50,50,OK
2026-02-15T11:34:41.399Z,6,20.52,50,OK
2026-02-15T11:34:41.545Z,8,20.87,50,OK
2026-02-15T11:34:41.627Z,8,81.43,50,OK
2026-02-15T11:34:41.677Z,8,20.13,50,OK
2026-02-15T11:34:41.727Z,8,20.47,50,OK
2026-02-15T11:34:41.778Z,8,20.95,50,OK
2026-02-15T11:34:41.829Z,8,20.36,50,OK
2026-02-15T11:34:41.879Z,7,20.09,50,OK
2026-02-15T11:34:41.929Z,10,20.26,50,OK
2026-02-15T11:34:41.979Z,7,20.09,50,OK
2026-02-15T11:34:42.029Z,8,19.69,50,OK
2026-02-15T11:34:42.079Z,8,20.36,50,OK
2026-02-15T11:34:42.198Z,10,19.24,50,OK
2026-02-15T11:34:42.279Z,16,81.17,50,OK
2026-02-15T11:34:42.329Z,11,20.11,50,OK
2026-02-15T11:34:42.379Z,12,19.80,50,OK
2026-02-15T11:34:42.430Z,12,20.57,50,OK
2026-02-15T11:34:42.480Z,11,21.09,50,OK
2026-02-15T11:34:42.530Z,11,20.55,50,OK
2026-02-15T11:34:42.580Z,11,19.78,50,OK
2026-02-15T11:34:42.631Z,11,20.51,50,OK
2026-02-15T11:34:42.713Z,12,33.00,50,OK
2026-02-15T11:34:42.763Z,10,20.31,50,OK
2026-02-15T11:34:42.813Z,10,20.29,50,OK
2026-02-15T11:34:42.928Z,10,57.03,50,OK
2026-02-15T11:34:42.978Z,11,20.47,50,OK
2026-02-15T11:34:43.028Z,14,19.91,50,OK
2026-02-15T11:34:43.078Z,13,19.90,50,OK
2026-02-15T11:34:43.129Z,13,19.37,50,OK
2026-02-15T11:34:43.180Z,13,20.15,50,OK
2026-02-15T11:34:43.231Z,13,20.41,50,OK
2026-02-15T11:34:43.283Z,14,20.26,50,OK
2026-02-15T11:34:43.402Z,15,69.00,50,OK
2026-02-15T11:34:43.452Z,12,20.16,50,OK
2026-02-15T11:34:43.503Z,12,20.36,50,OK
2026-02-15T11:34:43.553Z,12,20.53,50,OK
2026-02-15T11:34:43.639Z,12,36.00,50,OK
2026-02-15T11:34:43.721Z,14,32.00,50,OK
2026-02-15T11:34:43.771Z,11,20.36,50,OK
2026-02-15T11:34:43.822Z,11,20.34,50,OK
2026-02-15T11:34:43.872Z,11,20.39,50,OK
2026-02-15T11:34:43.923Z,11,20.60,50,OK
2026-02-15T11:34:44.013Z,12,40.00,50,OK
2026-02-15T11:34:44.093Z,12,30.00,50,OK
2026-02-15T11:34:44.182Z,18,39.00,50,OK
2026-02-15T11:34:44.232Z,9,19.81,50,OK
2026-02-15T11:34:44.284Z,8,20.39,50,OK
2026-02-15T11:34:44.333Z,8,19.83,50,OK
2026-02-15T11:34:44.383Z,7,19.78,50,OK
2026-02-15T11:34:44.573Z,11,94.44,50,OK
2026-02-15T11:34:44.623Z,8,20.14,50,OK
2026-02-15T11:34:44.673Z,9,20.88,50,OK
2026-02-15T11:34:44.724Z,10,20.24,50,OK
2026-02-15T11:34:44.774Z,9,20.37,50,OK
2026-02-15T11:34:44.824Z,9,19.85,50,OK
2026-02-15T11:34:44.874Z,9,20.39,50,OK
2026-02-15T11:34:44.924Z,9,20.44,50,OK
2026-02-15T11:34:44.974Z,8,20.96,50,OK
2026-02-15T11:34:45.024Z,6,20.33,50,OK
2026-02-15T11:34:45.075Z,5,20.24,50,OK
2026-02-15T11:34:45.125Z,6,20.18,50,OK
2026-02-15T11:34:45.175Z,6,20.29,50,OK
2026-02-15T11:34:45.225Z,10,19.85,50,OK
2026-02-15T11:34:45.275Z,10,20.24,50,OK
2026-02-15T11:34:45.325Z,10,20.23,50,OK
2026-02-15T11:34:45.375Z,10,20.26,50,OK
2026-02-15T11:34:45.487Z,11,51.76,50,OK
2026-02-15T11:34:45.569Z,10,32.00,50,OK
2026-02-15T11:34:45.619Z,12,20.31,50,OK
2026-02-15T11:34:45.669Z,12,20.36,50,OK
2026-02-15T11:34:45.719Z,12,20.65,50,OK
2026-02-15T11:34:45.769Z,13,20.18,50,OK
2026-02-15T11:34:45.820Z,13,20.37,50,OK
2026-02-15T11:34:45.870Z,13,20.23,50,OK
2026-02-15T11:34:45.920Z,13,20.62,50,OK
2026-02-15T11:34:46.018Z,13,81.76,50,OK
2026-02-15T11:34:46.069Z,12,20.24,50,OK
2026-02-15T11:34:46.120Z,12,20.40,50,OK
2026-02-15T11:34:46.170Z,12,20.52,50,OK
2026-02-15T11:34:46.220Z,11,19.82,50,OK
2026-02-15T11:34:46.271Z,11,20.38,50,OK
2026-02-15T11:34:46.322Z,11,20.32,50,OK
2026-02-15T11:34:46.372Z,11,20.41,50,OK
2026-02-15T11:34:46.422Z,11,20.34,50,OK
2026-02-15T11:34:46.472Z,11,20.59,50,OK
2026-02-15T11:34:46.565Z,11,80.90,50,OK
2026-02-15T11:34:46.651Z,12,36.00,50,OK
2026-02-15T11:34:46.701Z,12,20.39,50,OK
2026-02-15T11:34:46.751Z,13,20.19,50,OK
2026-02-15T11:34:46.801Z,13,20.27,50,OK
2026-02-15T11:34:46.852Z,13,20.16,50,OK
2026-02-15T11:34:46.902Z,13,20.45,50,OK
2026-02-15T11:34:46.952Z,14,20.31,50,OK
2026-02-15T11:34:47.002Z,14,19.96,50,OK
2026-02-15T11:34:47.052Z,15,19.78,50,OK
2026-02-15T11:34:47.102Z,14,19.96,50,OK
2026-02-15T11:34:47.152Z,15,20.31,50,OK
2026-02-15T11:34:47.271Z,14,20.70,50,OK
2026-02-15T11:34:47.322Z,12,20.61,50,OK
2026-02-15T11:34:47.372Z,12,20.28,50,OK
2026-02-15T11:34:47.494Z,12,59.85,50,OK
2026-02-15T11:34:47.544Z,12,20.26,50,OK
2026-02-15T11:34:47.594Z,10,21.09,50,OK
2026-02-15T11:34:47.645Z,10,20.22,50,OK
2026-02-15T11:34:47.694Z,12,19.62,50,OK
2026-02-15T11:34:47.746Z,14,20.21,50,OK
2026-02-15T11:34:47.796Z,13,20.29,50,OK
2026-02-15T11:34:47.846Z,13,20.57,50,OK
2026-02-15T11:34:47.897Z,13,20.36,50,OK
2026-02-15T11:34:47.947Z,13,20.37,50,OK
2026-02-15T11:34:47.997Z,13,20.16,50,OK
2026-02-15T11:34:48.102Z,13,50.88,50,OK
2026-02-15T11:34:48.152Z,13,20.14,50,OK
2026-02-15T11:34:48.277Z,14,20.23,50,OK
2026-02-15T11:34:48.386Z,19,109.67,50,OK
2026-02-15T11:34:48.436Z,13,20.23,50,OK
2026-02-15T11:34:48.486Z,13,20.46,50,OK
2026-02-15T11:34:48.536Z,13,20.00,50,OK
2026-02-15T11:34:48.653Z,14,20.39,50,OK
2026-02-15T11:34:48.703Z,12,20.37,50,OK
2026-02-15T11:34:48.753Z,12,20.28,50,OK
2026-02-15T11:34:48.804Z,13,20.14,50,OK
2026-02-15T11:34:48.854Z,12,20.21,50,OK
2026-02-15T11:34:48.904Z,12,20.27,50,OK
2026-02-15T11:34:48.956Z,11,19.87,50,OK
2026-02-15T11:34:49.006Z,11,20.47,50,OK
2026-02-15T11:34:49.057Z,10,19.91,50,OK
2026-02-15T11:34:49.107Z,11,20.32,50,OK
2026-02-15T11:34:49.183Z,15,26.00,50,OK
2026-02-15T11:34:49.235Z,10,20.73,50,OK
2026-02-15T11:34:49.362Z,9,20.28,50,OK
2026-02-15T11:34:49.470Z,9,54.19,50,OK
2026-02-15T11:34:49.520Z,10,20.57,50,OK
2026-02-15T11:34:49.571Z,10,20.59,50,OK
2026-02-15T11:34:49.621Z,10,20.19,50,OK
2026-02-15T11:34:49.745Z,10,20.29,50,OK
2026-02-15T11:34:49.795Z,7,20.33,50,OK
2026-02-15T11:34:49.845Z,7,20.62,50,OK
2026-02-15T11:34:49.895Z,7,20.25,50,OK
2026-02-15T11:34:49.946Z,7,20.47,50,OK
2026-02-15T11:34:49.997Z,7,20.09,50,OK
2026-02-15T11:34:50.114Z,7,20.28,50,OK
2026-02-15T11:34:50.164Z,7,20.12,50,OK
2026-02-15T11:34:50.215Z,8,20.55,50,OK
2026-02-15T11:34:50.266Z,8,20.16,50,OK
2026-02-15T11:34:50.316Z,7,19.91,50,OK
2026-02-15T11:34:50.368Z,8,20.52,50,OK
2026-02-15T11:34:50.418Z,7,20.26,50,OK
2026-02-15T11:34:50.468Z,7,20.52,50,OK
2026-02-15T11:34:50.519Z,7,21.09,50,OK
2026-02-15T11:34:50.570Z,7,20.46,50,OK
2026-02-15T11:34:50.620Z,6,20.12,50,OK
2026-02-15T11:34:50.670Z,6,20.47,50,OK
2026-02-15T11:34:50.720Z,6,20.24,50,OK
2026-02-15T11:34:50.770Z,5,20.48,50,OK
2026-02-15T11:34:50.820Z,5,20.50,50,OK
2026-02-15T11:34:50.870Z,5,19.88,50,OK
2026-02-15T11:34:50.920Z,5,20.34,50,OK
2026-02-15T11:34:50.970Z,5,20.08,50,OK
2026-02-15T11:34:51.022Z,5,19.69,50,OK
2026-02-15T11:34:51.072Z,5,20.35,50,OK
2026-02-15T11:34:51.122Z,4,21.36,50,OK
2026-02-15T11:34:51.173Z,4,20.34,50,OK
2026-02-15T11:34:51.320Z,7,134.18,50,OK
2026-02-15T11:34:51.404Z,8,34.00,50,OK
2026-02-15T11:34:51.489Z,10,35.00,50,OK
2026-02-15T11:34:51.573Z,12,83.72,50,OK
2026-02-15T11:34:51.623Z,6,20.29,50,OK
2026-02-15T11:34:51.675Z,10,20.41,50,OK
2026-02-15T11:34:51.725Z,7,20.33,50,OK
2026-02-15T11:34:51.775Z,6,19.78,50,OK
2026-02-15T11:34:51.825Z,6,20.58,50,OK
2026-02-15T11:34:51.875Z,6,20.49,50,OK
2026-02-15T11:34:51.925Z,6,20.25,50,OK
2026-02-15T11:34:51.976Z,6,20.26,50,OK
2026-02-15T11:34:52.026Z,6,20.21,50,OK
2026-02-15T11:34:52.076Z,6,20.28,50,OK
2026-02-15T11:34:52.126Z,6,19.66,50,OK
2026-02-15T11:34:52.176Z,6,20.18,50,OK
2026-02-15T11:34:52.273Z,5,89.55,50,OK
2026-02-15T11:34:52.322Z,5,20.62,50,OK
2026-02-15T11:34:52.399Z,7,27.00,50,OK
2026-02-15T11:34:52.450Z,5,20.36,50,OK
2026-02-15T11:34:52.570Z,6,20.16,50,OK
2026-02-15T11:34:52.649Z,6,78.81,50,OK
2026-02-15T11:34:52.735Z,13,36.00,50,OK
2026-02-15T11:34:52.834Z,8,78.87,50,OK
2026-02-15T11:34:52.884Z,7,20.37,50,OK
2026-02-15T11:34:52.934Z,7,20.37,50,OK
2026-02-15T11:34:52.984Z,7,20.10,50,OK
2026-02-15T11:34:53.032Z,7,20.11,50,OK
2026-02-15T11:34:53.082Z,7,20.51,50,OK
2026-02-15T11:34:53.131Z,7,20.41,50,OK
2026-02-15T11:34:53.182Z,7,20.44,50,OK
2026-02-15T11:34:53.233Z,7,20.14,50,OK
2026-02-15T11:34:53.284Z,7,20.68,50,OK
2026-02-15T11:34:53.334Z,7,20.18,50,OK
2026-02-15T11:34:53.385Z,7,20.28,50,OK
2026-02-15T11:34:53.477Z,7,42.00,50,OK
2026-02-15T11:34:53.526Z,6,20.37,50,OK
2026-02-15T11:34:53.648Z,8,55.78,50,OK
2026-02-15T11:34:53.699Z,4,20.72,50,OK
2026-02-15T11:34:53.904Z,11,20.29,50,OK
2026-02-15T11:34:54.067Z,14,162.86,50,OK
2026-02-15T11:34:54.117Z,5,20.41,50,OK
2026-02-15T11:34:54.168Z,5,20.32,50,OK
2026-02-15T11:34:54.218Z,5,20.03,50,OK
2026-02-15T11:34:54.268Z,5,20.39,50,OK
2026-02-15T11:34:54.318Z,5,19.84,50,OK
2026-02-15T11:34:54.368Z,5,20.36,50,OK
2026-02-15T11:34:54.419Z,4,20.07,50,OK
2026-02-15T11:34:54.469Z,4,20.37,50,OK
2026-02-15T11:34:54.563Z,8,92.11,50,OK
2026-02-15T11:34:54.614Z,3,20.31,50,OK
2026-02-15T11:34:54.727Z,3,20.47,50,OK
2026-02-15T11:34:54.839Z,7,111.77,50,OK
2026-02-15T11:34:54.930Z,8,41.00,50,OK
2026-02-15T11:34:55.014Z,8,34.00,50,OK
2026-02-15T11:34:55.065Z,5,20.17,50,OK
2026-02-15T11:34:55.116Z,6,19.98,50,OK
2026-02-15T11:34:55.167Z,7,20.36,50,OK
2026-02-15T11:34:55.216Z,7,20.30,50,OK
2026-02-15T11:34:55.266Z,7,20.42,50,OK
2026-02-15T11:34:55.317Z,7,20.21,50,OK
2026-02-15T11:34:55.368Z,7,20.13,50,OK
2026-02-15T11:34:55.418Z,7,20.07,50,OK
2026-02-15T11:34:55.469Z,7,20.41,50,OK
2026-02-15T11:34:55.519Z,6,20.46,50,OK
2026-02-15T11:34:55.572Z,9,20.77,50,OK
2026-02-15T11:34:55.623Z,6,20.34,50,OK
2026-02-15T11:34:55.673Z,6,20.31,50,OK
2026-02-15T11:34:55.723Z,6,19.49,50,OK
2026-02-15T11:34:55.773Z,7,20.09,50,OK
2026-02-15T11:34:55.824Z,7,20.39,50,OK
2026-02-15T11:34:55.874Z,7,20.22,50,OK
2026-02-15T11:34:55.924Z,6,20.31,50,OK
2026-02-15T11:34:56.006Z,8,81.69,50,OK
2026-02-15T11:34:56.091Z,7,35.00,50,OK
2026-02-15T11:34:56.413Z,17,321.52,50,OK
2026-02-15T11:34:56.496Z,9,33.00,50,OK
2026-02-15T11:34:56.545Z,6,20.28,50,OK
2026-02-15T11:34:56.658Z,7,21.19,50,OK
2026-02-15T11:34:56.707Z,7,19.71,50,OK
2026-02-15T11:34:56.758Z,7,20.31,50,OK
2026-02-15T11:34:56.809Z,7,20.48,50,OK
2026-02-15T11:34:56.859Z,7,20.29,50,OK
2026-02-15T11:34:56.908Z,7,20.27,50,OK
2026-02-15T11:34:56.995Z,7,37.00,50,OK
2026-02-15T11:34:57.045Z,7,20.85,50,OK
2026-02-15T11:34:57.096Z,8,20.60,50,OK
2026-02-15T11:34:57.146Z,6,20.67,50,OK
2026-02-15T11:34:57.197Z,6,20.09,50,OK
2026-02-15T11:34:57.247Z,6,20.50,50,OK
2026-02-15T11:34:57.296Z,6,20.26,50,OK
2026-02-15T11:34:57.346Z,6,20.30,50,OK
2026-02-15T11:34:57.396Z,6,20.46,50,OK
2026-02-15T11:34:57.568Z,11,166.92,50,OK
2026-02-15T11:34:57.657Z,18,39.00,50,OK
2026-02-15T11:34:57.707Z,8,20.31,50,OK
2026-02-15T11:34:57.758Z,7,19.67,50,OK
2026-02-15T11:34:57.808Z,7,20.73,50,OK
2026-02-15T11:34:57.858Z,7,20.41,50,OK
2026-02-15T11:34:57.909Z,7,20.16,50,OK
2026-02-15T11:34:57.958Z,7,20.41,50,OK
2026-02-15T11:34:58.008Z,8,20.42,50,OK
2026-02-15T11:34:58.058Z,8,20.34,50,OK
2026-02-15T11:34:58.164Z,8,49.25,50,OK
2026-02-15T11:34:58.214Z,8,20.28,50,OK
2026-02-15T11:34:58.339Z,8,57.97,50,OK
2026-02-15T11:34:58.390Z,8,20.23,50,OK
2026-02-15T11:34:58.440Z,8,20.31,50,OK
2026-02-15T11:34:58.491Z,8,20.06,50,OK
2026-02-15T11:34:58.542Z,8,20.67,50,OK
2026-02-15T11:34:58.592Z,8,19.46,50,OK
2026-02-15T11:34:58.643Z,8,19.95,50,OK
2026-02-15T11:34:58.746Z,11,84.77,50,OK
2026-02-15T11:34:58.797Z,13,20.39,50,OK
2026-02-15T11:34:58.847Z,13,20.34,50,OK
2026-02-15T11:34:58.897Z,14,20.50,50,OK
2026-02-15T11:34:58.948Z,14,20.34,50,OK
2026-02-15T11:34:58.998Z,14,20.68,50,OK
2026-02-15T11:34:59.048Z,11,21.14,50,OK
2026-02-15T11:34:59.097Z,11,20.35,50,OK
2026-02-15T11:34:59.147Z,10,20.41,50,OK
2026-02-15T11:34:59.197Z,13,20.80,50,OK
2026-02-15T11:34:59.248Z,13,20.39,50,OK
2026-02-15T11:34:59.299Z,13,20.41,50,OK
2026-02-15T11:34:59.416Z,13,20.41,50,OK
2026-02-15T11:34:59.466Z,12,20.31,50,OK
2026-02-15T11:34:59.517Z,12,20.23,50,OK
2026-02-15T11:34:59.568Z,12,20.07,50,OK
2026-02-15T11:34:59.660Z,15,81.30,50,OK
2026-02-15T11:34:59.744Z,13,34.00,50,OK
2026-02-15T11:34:59.831Z,13,37.00,50,OK
2026-02-15T11:34:59.925Z,20,93.29,50,OK
2026-02-15T11:34:59.976Z,12,20.26,50,OK
2026-02-15T11:35:00.026Z,11,20.00,50,OK
2026-02-15T11:35:00.076Z,11,20.31,50,OK
2026-02-15T11:35:00.127Z,12,19.67,50,OK
2026-02-15T11:35:00.177Z,12,20.32,50,OK
2026-02-15T11:35:00.227Z,12,20.29,50,OK
2026-02-15T11:35:00.277Z,12,20.45,50,OK
2026-02-15T11:35:00.327Z,12,20.50,50,OK
2026-02-15T11:35:00.376Z,12,20.50,50,OK
2026-02-15T11:35:00.426Z,13,20.34,50,OK
2026-02-15T11:35:00.477Z,12,20.33,50,OK
2026-02-15T11:35:00.526Z,13,20.77,50,OK
2026-02-15T11:35:00.577Z,13,20.28,50,OK
2026-02-15T11:35:00.627Z,13,20.36,50,OK
2026-02-15T11:35:00.678Z,13,20.54,50,OK
2026-02-15T11:35:00.729Z,13,20.41,50,OK
2026-02-15T11:35:00.779Z,9,19.94,50,OK
2026-02-15T11:35:00.829Z,9,20.18,50,OK
2026-02-15T11:35:00.880Z,8,20.70,50,OK
2026-02-15T11:35:01.008Z,8,20.36,50,OK
2026-02-15T11:35:01.098Z,12,90.01,50,OK
2026-02-15T11:35:01.148Z,13,20.37,50,OK
2026-02-15T11:35:01.198Z,10,20.91,50,OK
2026-02-15T11:35:01.249Z,10,19.82,50,OK
2026-02-15T11:35:01.299Z,10,20.24,50,OK
2026-02-15T11:35:01.349Z,10,19.72,50,OK
2026-02-15T11:35:01.399Z,10,20.24,50,OK
2026-02-15T11:35:01.449Z,10,20.36,50,OK
2026-02-15T11:35:01.499Z,10,20.31,50,OK
2026-02-15T11:35:01.550Z,10,20.56,50,OK
2026-02-15T11:35:01.601Z,9,20.62,50,OK
2026-02-15T11:35:01.651Z,9,20.24,50,OK
2026-02-15T11:35:01.757Z,11,90.34,50,OK
2026-02-15T11:35:01.808Z,10,20.23,50,OK
2026-02-15T11:35:01.859Z,10,20.02,50,OK
2026-02-15T11:35:01.941Z,10,32.00,50,OK
2026-02-15T11:35:01.991Z,10,20.37,50,OK
2026-02-15T11:35:02.180Z,14,177.27,50,OK
2026-02-15T11:35:02.262Z,21,32.00,50,OK
2026-02-15T11:35:02.312Z,11,20.23,50,OK
2026-02-15T11:35:02.362Z,11,20.28,50,OK
2026-02-15T11:35:02.413Z,11,19.77,50,OK
2026-02-15T11:35:02.462Z,11,20.88,50,OK
2026-02-15T11:35:02.513Z,10,20.09,50,OK
2026-02-15T11:35:02.564Z,10,20.49,50,OK
2026-02-15T11:35:02.613Z,10,20.09,50,OK
2026-02-15T11:35:02.664Z,10,20.21,50,OK
2026-02-15T11:35:02.715Z,9,20.62,50,OK
2026-02-15T11:35:02.765Z,10,20.52,50,OK
2026-02-15T11:35:02.815Z,8,20.11,50,OK
2026-02-15T11:35:02.866Z,8,20.95,50,OK
2026-02-15T11:35:02.916Z,8,19.88,50,OK
2026-02-15T11:35:02.967Z,8,20.77,50,OK
2026-02-15T11:35:03.017Z,6,20.41,50,OK
2026-02-15T11:35:03.068Z,6,20.32,50,OK
2026-02-15T11:35:03.117Z,4,19.96,50,OK
2026-02-15T11:35:03.168Z,4,20.28,50,OK
2026-02-15T11:35:03.217Z,4,20.23,50,OK
2026-02-15T11:35:03.351Z,8,20.33,50,OK
2026-02-15T11:35:03.433Z,12,82.21,50,OK
2026-02-15T11:35:03.484Z,8,20.13,50,OK
2026-02-15T11:35:03.589Z,8,95.45,50,OK
2026-02-15T11:35:03.640Z,9,20.34,50,OK
2026-02-15T11:35:03.760Z,9,20.49,50,OK
2026-02-15T11:35:03.858Z,9,96.57,50,OK
2026-02-15T11:35:03.946Z,19,38.00,50,OK
2026-02-15T11:35:03.997Z,10,20.25,50,OK
2026-02-15T11:35:04.047Z,10,20.52,50,OK
2026-02-15T11:35:04.098Z,10,20.24,50,OK
2026-02-15T11:35:04.148Z,10,20.10,50,OK
2026-02-15T11:35:04.198Z,10,19.78,50,OK
2026-02-15T11:35:04.249Z,10,20.60,50,OK
2026-02-15T11:35:04.300Z,10,20.90,50,OK
2026-02-15T11:35:04.351Z,10,20.09,50,OK
2026-02-15T11:35:04.401Z,11,20.21,50,OK
2026-02-15T11:35:04.510Z,12,20.28,50,OK
2026-02-15T11:35:04.670Z,17,159.97,50,OK
2026-02-15T11:35:04.753Z,12,33.00,50,OK
2026-02-15T11:35:04.803Z,11,20.49,50,OK
2026-02-15T11:35:04.854Z,11,20.28,50,OK
2026-02-15T11:35:04.942Z,11,39.00,50,OK
2026-02-15T11:35:05.040Z,11,98.07,50,OK
2026-02-15T11:35:05.218Z,21,128.00,50,OK
2026-02-15T11:35:05.313Z,19,94.60,50,OK
2026-02-15T11:35:05.410Z,12,47.00,50,OK
2026-02-15T11:35:05.459Z,9,20.16,50,OK
2026-02-15T11:35:05.510Z,9,20.49,50,OK
2026-02-15T11:35:05.594Z,9,34.00,50,OK
2026-02-15T11:35:05.643Z,8,20.12,50,OK
2026-02-15T11:35:05.694Z,8,20.42,50,OK
2026-02-15T11:35:05.744Z,8,20.65,50,OK
2026-02-15T11:35:05.866Z,9,72.00,50,OK
2026-02-15T11:35:06.120Z,16,204.00,50,OK
2026-02-15T11:35:06.205Z,13,35.00,50,OK
2026-02-15T11:35:06.255Z,10,20.31,50,OK
2026-02-15T11:35:06.305Z,10,20.47,50,OK
2026-02-15T11:35:06.391Z,10,36.00,50,OK
2026-02-15T11:35:06.502Z,10,55.41,50,OK
2026-02-15T11:35:06.674Z,10,122.00,50,OK
2026-02-15T11:35:06.756Z,13,32.00,50,OK
2026-02-15T11:35:06.807Z,10,20.36,50,OK
2026-02-15T11:35:06.857Z,10,20.44,50,OK
2026-02-15T11:35:06.908Z,10,20.01,50,OK
2026-02-15T11:35:06.958Z,10,20.49,50,OK
2026-02-15T11:35:07.008Z,10,20.55,50,OK
2026-02-15T11:35:07.058Z,10,20.06,50,OK
2026-02-15T11:35:07.109Z,10,20.40,50,OK
2026-02-15T11:35:07.160Z,11,20.31,50,OK
2026-02-15T11:35:07.212Z,15,20.20,50,OK
2026-02-15T11:35:07.290Z,15,28.00,50,OK
2026-02-15T11:35:07.370Z,18,30.00,50,OK
2026-02-15T11:35:07.484Z,16,56.82,50,OK
2026-02-15T11:35:07.582Z,12,48.00,50,OK
2026-02-15T11:35:07.632Z,13,19.37,50,OK
2026-02-15T11:35:07.681Z,14,20.36,50,OK
2026-02-15T11:35:07.732Z,14,20.32,50,OK
2026-02-15T11:35:07.838Z,14,94.73,50,OK
2026-02-15T11:35:07.888Z,15,20.28,50,OK
2026-02-15T11:35:07.937Z,15,21.65,50,OK
2026-02-15T11:35:07.988Z,14,20.27,50,OK
2026-02-15T11:35:08.038Z,14,20.34,50,OK
2026-02-15T11:35:08.088Z,14,20.70,50,OK
2026-02-15T11:35:08.202Z,12,20.08,50,OK
2026-02-15T11:35:08.290Z,16,86.80,50,OK
2026-02-15T11:35:08.459Z,13,119.00,50,OK
2026-02-15T11:35:08.551Z,22,91.13,50,OK
2026-02-15T11:35:08.725Z,31,124.00,50,OK
2026-02-15T11:35:08.774Z,16,20.14,50,OK
2026-02-15T11:35:08.825Z,16,20.16,50,OK
2026-02-15T11:35:08.955Z,16,21.13,50,OK
2026-02-15T11:35:09.005Z,17,20.39,50,OK
2026-02-15T11:35:09.054Z,18,20.34,50,OK
2026-02-15T11:35:09.105Z,18,20.27,50,OK
2026-02-15T11:35:09.201Z,18,46.00,50,OK
2026-02-15T11:35:09.285Z,20,34.00,50,OK
2026-02-15T11:35:09.335Z,15,19.71,50,OK
2026-02-15T11:35:09.385Z,15,20.32,50,OK
2026-02-15T11:35:09.436Z,14,20.19,50,OK
2026-02-15T11:35:09.542Z,15,96.70,50,OK
2026-02-15T11:35:09.626Z,15,34.00,50,OK
2026-02-15T11:35:09.676Z,14,20.47,50,OK
2026-02-15T11:35:09.726Z,13,20.29,50,OK
2026-02-15T11:35:09.776Z,17,19.87,50,OK
2026-02-15T11:35:09.827Z,17,20.31,50,OK
2026-02-15T11:35:09.876Z,17,20.22,50,OK
2026-02-15T11:35:09.926Z,16,20.34,50,OK
2026-02-15T11:35:10.045Z,19,58.26,50,OK
2026-02-15T11:35:10.095Z,16,20.31,50,OK
2026-02-15T11:35:10.146Z,16,20.14,50,OK
2026-02-15T11:35:10.196Z,16,20.28,50,OK
2026-02-15T11:35:10.245Z,16,20.31,50,OK
2026-02-15T11:35:10.298Z,19,20.04,50,OK
2026-02-15T11:35:10.349Z,17,20.14,50,OK
2026-02-15T11:35:10.399Z,16,19.96,50,OK
2026-02-15T11:35:10.448Z,16,20.36,50,OK
2026-02-15T11:35:10.498Z,15,20.50,50,OK
2026-02-15T11:35:10.629Z,16,20.29,50,OK
2026-02-15T11:35:10.720Z,18,41.00,50,OK
2026-02-15T11:35:10.889Z,20,119.00,50,OK
2026-02-15T11:35:11.382Z,41,492.96,50,OK
2026-02-15T11:35:11.670Z,41,238.00,50,OK
2026-02-15T11:35:11.810Z,31,90.00,50,OK
2026-02-15T11:35:12.140Z,21,280.00,50,OK
2026-02-15T11:35:12.457Z,21,267.00,50,OK
2026-02-15T11:35:12.506Z,13,20.90,50,OK
2026-02-15T11:35:12.636Z,13,20.01,50,OK
2026-02-15T11:35:12.739Z,21,102.92,50,OK
2026-02-15T11:35:12.851Z,33,62.00,50,OK
2026-02-15T11:35:13.079Z,33,178.00,50,OK
2026-02-15T11:35:13.130Z,14,20.32,50,OK
2026-02-15T11:35:13.242Z,15,104.10,50,OK
2026-02-15T11:35:13.291Z,14,20.16,50,OK
2026-02-15T11:35:13.341Z,14,20.36,50,OK
2026-02-15T11:35:13.392Z,12,20.63,50,OK
2026-02-15T11:35:13.443Z,11,20.31,50,OK
2026-02-15T11:35:13.557Z,12,111.84,50,OK
2026-02-15T11:35:13.774Z,30,167.00,50,OK
2026-02-15T11:35:13.912Z,14,88.00,50,OK
2026-02-15T11:35:14.514Z,26,552.00,50,OK
2026-02-15T11:35:15.341Z,46,777.00,50,OK
2026-02-15T11:35:16.514Z,53,1123.00,50,SATURATED
2026-02-15T11:35:17.012Z,72,448.00,50,SATURATED
2026-02-15T11:35:17.158Z,57,96.00,50,SATURATED
2026-02-15T11:35:17.208Z,13,20.68,50,OK
2026-02-15T11:35:17.258Z,11,20.13,50,OK
2026-02-15T11:35:17.309Z,11,20.32,50,OK
2026-02-15T11:35:17.360Z,12,20.28,50,OK
2026-02-15T11:35:17.411Z,12,20.45,50,OK
2026-02-15T11:35:17.461Z,12,20.37,50,OK
2026-02-15T11:35:17.510Z,12,20.27,50,OK
2026-02-15T11:35:17.618Z,13,89.95,50,OK
2026-02-15T11:35:17.912Z,24,244.00,50,OK
2026-02-15T11:35:17.962Z,13,20.28,50,OK
2026-02-15T11:35:18.106Z,13,20.37,50,OK
2026-02-15T11:35:18.512Z,33,406.45,50,OK
2026-02-15T11:35:19.224Z,70,662.00,50,SATURATED
2026-02-15T11:35:19.387Z,75,113.00,50,SATURATED
2026-02-15T11:35:19.460Z,28,23.00,50,OK
2026-02-15T11:35:19.510Z,24,20.41,50,OK
2026-02-15T11:35:19.644Z,24,84.00,50,OK
2026-02-15T11:35:19.812Z,26,118.00,50,OK
2026-02-15T11:35:19.862Z,23,20.37,50,OK
2026-02-15T11:35:19.914Z,23,20.80,50,OK
2026-02-15T11:35:19.964Z,22,20.20,50,OK
2026-02-15T11:35:20.015Z,23,20.06,50,OK
2026-02-15T11:35:20.065Z,23,20.54,50,OK
2026-02-15T11:35:20.116Z,20,20.18,50,OK
2026-02-15T11:35:20.165Z,20,20.31,50,OK
2026-02-15T11:35:20.216Z,20,20.29,50,OK
2026-02-15T11:35:20.318Z,26,97.09,50,OK
2026-02-15T11:35:20.537Z,33,170.00,50,OK
2026-02-15T11:35:21.551Z,80,964.00,50,SATURATED
2026-02-15T11:35:21.931Z,90,330.00,50,SATURATED
2026-02-15T11:35:22.190Z,67,209.00,50,SATURATED
2026-02-15T11:35:22.324Z,46,84.00,50,OK
2026-02-15T11:35:22.374Z,19,20.19,50,OK
2026-02-15T11:35:22.426Z,19,20.36,50,OK
2026-02-15T11:35:22.526Z,18,99.84,50,OK
2026-02-15T11:35:22.650Z,16,103.91,50,OK
2026-02-15T11:35:22.758Z,47,58.00,50,OK
2026-02-15T11:35:22.808Z,20,20.34,50,OK
2026-02-15T11:35:22.859Z,20,19.87,50,OK
2026-02-15T11:35:22.910Z,20,20.23,50,OK
2026-02-15T11:35:22.961Z,22,20.71,50,OK
2026-02-15T11:35:23.145Z,22,134.00,50,OK
2026-02-15T11:35:23.250Z,24,55.00,50,OK
2026-02-15T11:35:23.771Z,43,471.00,50,OK
2026-02-15T11:35:24.510Z,74,689.00,50,SATURATED
2026-02-15T11:35:24.937Z,78,377.00,50,SATURATED
2026-02-15T11:35:25.167Z,79,180.00,50,SATURATED
2026-02-15T11:35:25.217Z,24,20.08,50,OK
2026-02-15T11:35:25.267Z,24,20.34,50,OK
2026-02-15T11:35:25.318Z,24,20.45,50,OK
2026-02-15T11:35:25.445Z,24,77.00,50,OK
2026-02-15T11:35:25.495Z,21,20.14,50,OK
2026-02-15T11:35:25.642Z,27,25.98,50,OK
2026-02-15T11:35:25.693Z,22,19.60,50,OK
2026-02-15T11:35:25.744Z,22,20.27,50,OK
2026-02-15T11:35:25.795Z,19,20.62,50,OK
2026-02-15T11:35:25.846Z,20,20.09,50,OK
2026-02-15T11:35:25.895Z,20,20.34,50,OK
2026-02-15T11:35:25.947Z,22,20.53,50,OK
2026-02-15T11:35:26.058Z,29,62.00,50,OK
2026-02-15T11:35:26.108Z,20,20.31,50,OK
2026-02-15T11:35:26.158Z,20,20.39,50,OK
2026-02-15T11:35:26.258Z,22,50.00,50,OK
2026-02-15T11:35:26.870Z,68,562.00,50,SATURATED
2026-02-15T11:35:27.508Z,77,637.27,50,SATURATED
2026-02-15T11:35:28.042Z,85,485.00,50,SATURATED
2026-02-15T11:35:28.525Z,72,483.00,50,SATURATED
2026-02-15T11:35:28.782Z,78,207.00,50,SATURATED
2026-02-15T11:35:29.020Z,59,188.00,50,SATURATED
2026-02-15T11:35:29.162Z,18,117.34,50,OK
2026-02-15T11:35:29.583Z,43,372.00,50,OK
2026-02-15T11:35:29.934Z,57,301.00,50,SATURATED
2026-02-15T11:35:30.085Z,57,101.00,50,SATURATED
2026-02-15T11:35:30.376Z,75,291.11,50,SATURATED
2026-02-15T11:35:30.508Z,38,82.00,50,OK
2026-02-15T11:35:30.558Z,23,21.09,50,OK
2026-02-15T11:35:30.806Z,24,20.29,50,OK
2026-02-15T11:35:30.912Z,19,104.96,50,OK
2026-02-15T11:35:31.033Z,20,100.37,50,OK
2026-02-15T11:35:31.194Z,23,19.49,50,OK
2026-02-15T11:35:31.859Z,58,663.49,50,SATURATED
2026-02-15T11:35:32.728Z,114,819.00,50,SATURATED
2026-02-15T11:35:32.866Z,112,88.00,50,SATURATED
2026-02-15T11:35:33.007Z,86,91.00,50,SATURATED
2026-02-15T11:35:33.056Z,25,20.00,50,OK
2026-02-15T11:35:33.190Z,26,115.57,50,OK
2026-02-15T11:35:33.240Z,21,20.42,50,OK
2026-02-15T11:35:33.290Z,21,19.96,50,OK
2026-02-15T11:35:33.341Z,21,20.22,50,OK
2026-02-15T11:35:33.391Z,21,20.16,50,OK
2026-02-15T11:35:33.442Z,21,20.48,50,OK
2026-02-15T11:35:33.493Z,21,20.37,50,OK
2026-02-15T11:35:33.599Z,20,53.01,50,OK
2026-02-15T11:35:33.649Z,20,20.47,50,OK
2026-02-15T11:35:33.700Z,20,20.32,50,OK
2026-02-15T11:35:33.802Z,20,20.26,50,OK
2026-02-15T11:35:34.459Z,56,654.57,50,SATURATED
2026-02-15T11:35:35.769Z,130,1260.00,50,SATURATED
2026-02-15T11:35:36.015Z,117,196.00,50,SATURATED
2026-02-15T11:35:36.077Z,38,12.00,50,OK
2026-02-15T11:35:36.126Z,25,20.06,50,OK
2026-02-15T11:35:36.177Z,25,20.42,50,OK
2026-02-15T11:35:36.227Z,26,20.09,50,OK
2026-02-15T11:35:36.277Z,25,20.16,50,OK
2026-02-15T11:35:36.327Z,25,20.64,50,OK
2026-02-15T11:35:36.377Z,26,20.52,50,OK
2026-02-15T11:35:36.428Z,25,20.64,50,OK
2026-02-15T11:35:36.479Z,23,20.77,50,OK
2026-02-15T11:35:36.529Z,23,20.30,50,OK
2026-02-15T11:35:36.637Z,23,20.23,50,OK
2026-02-15T11:35:36.689Z,19,19.64,50,OK
2026-02-15T11:35:36.738Z,19,20.21,50,OK
2026-02-15T11:35:36.844Z,19,52.51,50,OK
2026-02-15T11:35:37.241Z,68,347.00,50,SATURATED
2026-02-15T11:35:38.705Z,113,1414.00,50,SATURATED
2026-02-15T11:35:39.046Z,120,291.00,50,SATURATED
2026-02-15T11:35:39.176Z,78,80.00,50,SATURATED
2026-02-15T11:35:39.227Z,21,19.57,50,OK
2026-02-15T11:35:39.277Z,21,20.21,50,OK
2026-02-15T11:35:39.327Z,22,20.68,50,OK
2026-02-15T11:35:39.378Z,20,19.69,50,OK
2026-02-15T11:35:39.429Z,20,20.46,50,OK
2026-02-15T11:35:39.480Z,20,20.37,50,OK
2026-02-15T11:35:39.531Z,20,20.32,50,OK
2026-02-15T11:35:39.582Z,20,20.31,50,OK
2026-02-15T11:35:39.633Z,20,20.31,50,OK
2026-02-15T11:35:39.683Z,19,21.23,50,OK
2026-02-15T11:35:39.802Z,29,55.61,50,OK
2026-02-15T11:35:39.962Z,50,110.00,50,SATURATED
2026-02-15T11:35:40.140Z,24,128.00,50,OK
2026-02-15T11:35:40.950Z,62,760.00,50,SATURATED
2026-02-15T11:35:41.612Z,113,612.00,50,SATURATED
2026-02-15T11:35:42.168Z,92,506.00,50,SATURATED
2026-02-15T11:35:42.412Z,51,194.00,50,SATURATED
2026-02-15T11:35:42.637Z,35,175.00,50,OK
2026-02-15T11:35:43.293Z,52,606.00,50,SATURATED
2026-02-15T11:35:43.887Z,102,544.00,50,SATURATED
2026-02-15T11:35:44.504Z,101,616.82,50,SATURATED
2026-02-15T11:35:44.631Z,72,77.00,50,SATURATED
2026-02-15T11:35:44.938Z,28,257.00,50,OK
2026-02-15T11:35:45.492Z,75,504.00,50,SATURATED
2026-02-15T11:35:45.624Z,40,82.00,50,OK
2026-02-15T11:35:46.246Z,74,572.00,50,SATURATED
2026-02-15T11:35:46.956Z,76,660.00,50,SATURATED
2026-02-15T11:35:47.424Z,86,418.00,50,SATURATED
2026-02-15T11:35:47.474Z,20,0.00,50,OK
2026-02-15T11:35:47.525Z,17,20.43,50,OK
2026-02-15T11:35:47.575Z,17,20.29,50,OK
2026-02-15T11:35:47.625Z,17,20.32,50,OK
2026-02-15T11:35:47.675Z,16,19.19,50,OK
2026-02-15T11:35:47.726Z,16,20.23,50,OK
2026-02-15T11:35:47.776Z,16,20.75,50,OK
2026-02-15T11:35:47.827Z,16,20.46,50,OK
2026-02-15T11:35:47.921Z,16,45.00,50,OK
2026-02-15T11:35:48.007Z,25,36.00,50,OK
2026-02-15T11:35:48.567Z,92,559.15,50,SATURATED
2026-02-15T11:35:49.377Z,126,760.00,50,SATURATED
2026-02-15T11:35:49.661Z,86,234.00,50,SATURATED
2026-02-15T11:35:50.362Z,70,651.00,50,SATURATED
2026-02-15T11:35:50.746Z,38,334.00,50,OK
2026-02-15T11:35:52.724Z,103,1928.00,50,SATURATED
2026-02-15T11:35:54.037Z,127,1263.00,50,SATURATED
2026-02-15T11:35:54.315Z,110,228.00,50,SATURATED
2026-02-15T11:35:54.370Z,14,5.00,50,OK
2026-02-15T11:35:54.420Z,13,20.46,50,OK
2026-02-15T11:35:54.471Z,13,20.42,50,OK
2026-02-15T11:35:54.521Z,13,20.41,50,OK
2026-02-15T11:35:54.572Z,13,20.32,50,OK
2026-02-15T11:35:54.623Z,14,20.41,50,OK
2026-02-15T11:35:54.673Z,13,20.85,50,OK
2026-02-15T11:35:54.723Z,13,20.59,50,OK
2026-02-15T11:35:54.773Z,13,20.36,50,OK
2026-02-15T11:35:54.823Z,13,19.91,50,OK
2026-02-15T11:35:54.874Z,12,19.85,50,OK
2026-02-15T11:35:54.965Z,12,87.65,50,OK
2026-02-15T11:35:55.095Z,12,19.85,50,OK
2026-02-15T11:35:56.157Z,79,1061.42,50,SATURATED
2026-02-15T11:35:57.058Z,130,851.00,50,SATURATED
2026-02-15T11:35:57.113Z,40,5.00,50,OK
2026-02-15T11:35:57.262Z,30,20.24,50,OK
2026-02-15T11:35:57.560Z,42,296.62,50,OK
2026-02-15T11:35:57.785Z,38,175.00,50,OK
2026-02-15T11:35:57.835Z,26,20.32,50,OK
2026-02-15T11:35:57.886Z,27,20.57,50,OK
2026-02-15T11:35:57.937Z,25,20.28,50,OK
2026-02-15T11:35:57.988Z,25,20.31,50,OK
2026-02-15T11:35:58.038Z,25,20.43,50,OK
2026-02-15T11:35:58.135Z,28,47.00,50,OK
2026-02-15T11:35:59.353Z,142,1168.00,50,SATURATED
2026-02-15T11:35:59.576Z,135,173.00,50,SATURATED
2026-02-15T11:35:59.729Z,86,152.76,50,SATURATED
2026-02-15T11:35:59.868Z,37,89.00,50,OK
2026-02-15T11:35:59.919Z,15,20.11,50,OK
2026-02-15T11:35:59.970Z,15,20.33,50,OK
2026-02-15T11:36:00.020Z,15,20.75,50,OK
2026-02-15T11:36:00.070Z,15,20.33,50,OK
2026-02-15T11:36:00.162Z,15,42.00,50,OK
2026-02-15T11:36:00.212Z,12,20.37,50,OK
2026-02-15T11:36:00.262Z,8,20.42,50,OK
2026-02-15T11:36:00.312Z,8,19.96,50,OK
2026-02-15T11:36:00.433Z,10,20.41,50,OK
2026-02-15T11:36:00.603Z,37,169.93,50,OK
2026-02-15T11:36:00.848Z,62,195.00,50,SATURATED
2026-02-15T11:36:01.926Z,73,1028.00,50,SATURATED
2026-02-15T11:36:02.928Z,108,952.00,50,SATURATED
2026-02-15T11:36:03.099Z,89,121.00,50,SATURATED
2026-02-15T11:36:03.824Z,82,675.00,50,SATURATED
2026-02-15T11:36:03.887Z,40,13.00,50,OK
2026-02-15T11:36:03.938Z,24,19.39,50,OK
2026-02-15T11:36:04.220Z,24,231.00,50,OK
2026-02-15T11:36:04.956Z,100,687.00,50,SATURATED
2026-02-15T11:36:06.066Z,122,1060.00,50,SATURATED
2026-02-15T11:36:06.418Z,132,302.00,50,SATURATED
2026-02-15T11:36:06.579Z,89,110.00,50,SATURATED
2026-02-15T11:36:06.710Z,39,82.00,50,OK
2026-02-15T11:36:06.760Z,19,20.32,50,OK
2026-02-15T11:36:06.811Z,19,19.47,50,OK
2026-02-15T11:36:06.861Z,19,20.37,50,OK
2026-02-15T11:36:06.912Z,19,20.39,50,OK
2026-02-15T11:36:07.033Z,17,20.64,50,OK
2026-02-15T11:36:07.206Z,16,20.72,50,OK
2026-02-15T11:36:07.724Z,54,468.00,50,SATURATED
2026-02-15T11:36:09.514Z,122,1789.39,50,SATURATED
2026-02-15T11:36:10.106Z,109,542.00,50,SATURATED
2026-02-15T11:36:10.361Z,75,205.00,50,SATURATED
2026-02-15T11:36:10.418Z,33,7.00,50,OK
2026-02-15T11:36:10.538Z,21,70.00,50,OK
2026-02-15T11:36:10.757Z,42,169.00,50,OK
2026-02-15T11:36:10.983Z,48,226.16,50,OK
2026-02-15T11:36:11.105Z,19,72.00,50,OK
2026-02-15T11:36:11.234Z,22,79.00,50,OK
2026-02-15T11:36:11.669Z,51,434.77,50,SATURATED
2026-02-15T11:36:13.035Z,72,1316.00,50,SATURATED
2026-02-15T11:36:13.556Z,109,471.00,50,SATURATED
2026-02-15T11:36:13.740Z,63,134.00,50,SATURATED
2026-02-15T11:36:13.791Z,20,20.72,50,OK
2026-02-15T11:36:13.842Z,20,20.11,50,OK
2026-02-15T11:36:13.892Z,20,20.43,50,OK
2026-02-15T11:36:13.943Z,20,19.67,50,OK
2026-02-15T11:36:13.993Z,19,20.00,50,OK
2026-02-15T11:36:14.234Z,20,223.28,50,OK
2026-02-15T11:36:15.086Z,71,803.00,50,SATURATED
2026-02-15T11:36:16.622Z,125,1486.00,50,SATURATED
2026-02-15T11:36:17.502Z,114,830.00,50,SATURATED
2026-02-15T11:36:17.564Z,27,12.00,50,OK
2026-02-15T11:36:17.714Z,10,20.53,50,OK
2026-02-15T11:36:18.706Z,46,990.12,50,OK
2026-02-15T11:36:20.513Z,129,1757.00,50,SATURATED
2026-02-15T11:36:20.869Z,130,306.00,50,SATURATED
2026-02-15T11:36:20.936Z,34,17.00,50,OK
2026-02-15T11:36:20.986Z,24,20.15,50,OK
2026-02-15T11:36:21.036Z,25,20.54,50,OK
2026-02-15T11:36:21.087Z,25,20.96,50,OK
2026-02-15T11:36:21.137Z,25,20.47,50,OK
2026-02-15T11:36:21.187Z,23,20.06,50,OK
2026-02-15T11:36:21.237Z,23,20.23,50,OK
2026-02-15T11:36:21.287Z,22,20.37,50,OK
2026-02-15T11:36:21.337Z,23,20.21,50,OK
2026-02-15T11:36:21.387Z,20,20.64,50,OK
2026-02-15T11:36:21.437Z,20,19.95,50,OK
2026-02-15T11:36:21.488Z,18,20.06,50,OK
2026-02-15T11:36:21.539Z,26,31.81,50,OK
2026-02-15T11:36:21.724Z,45,135.00,50,OK
2026-02-15T11:36:21.840Z,32,66.00,50,OK
2026-02-15T11:36:21.974Z,15,114.52,50,OK
2026-02-15T11:36:22.805Z,117,781.00,50,SATURATED
2026-02-15T11:36:23.082Z,98,227.00,50,SATURATED
2026-02-15T11:36:24.038Z,81,906.00,50,SATURATED
2026-02-15T11:36:25.088Z,80,1000.00,50,SATURATED
2026-02-15T11:36:26.672Z,124,1534.00,50,SATURATED
2026-02-15T11:36:27.530Z,131,808.00,50,SATURATED
2026-02-15T11:36:27.851Z,87,271.00,50,SATURATED
2026-02-15T11:36:28.474Z,84,621.02,50,SATURATED
2026-02-15T11:36:28.607Z,39,84.00,50,OK
2026-02-15T11:36:29.070Z,64,413.00,50,SATURATED
2026-02-15T11:36:29.538Z,73,418.00,50,SATURATED
2026-02-15T11:36:30.005Z,74,417.00,50,SATURATED
2026-02-15T11:36:30.236Z,48,181.00,50,OK
2026-02-15T11:36:30.460Z,50,174.00,50,SATURATED
2026-02-15T11:36:30.511Z,21,20.18,50,OK
2026-02-15T11:36:30.634Z,23,113.48,50,OK
2026-02-15T11:36:31.127Z,63,443.00,50,SATURATED
2026-02-15T11:36:31.999Z,78,822.00,50,SATURATED
2026-02-15T11:36:32.845Z,93,796.00,50,SATURATED
2026-02-15T11:36:33.192Z,79,297.00,50,SATURATED
2026-02-15T11:36:33.563Z,82,321.00,50,SATURATED
2026-02-15T11:36:33.705Z,25,92.00,50,OK
2026-02-15T11:36:33.755Z,20,19.93,50,OK
2026-02-15T11:36:33.805Z,19,19.99,50,OK
2026-02-15T11:36:33.854Z,24,20.11,50,OK
2026-02-15T11:36:33.998Z,35,131.89,50,OK
2026-02-15T11:36:34.048Z,27,20.14,50,OK
2026-02-15T11:36:34.098Z,27,20.39,50,OK
2026-02-15T11:36:34.148Z,27,20.06,50,OK
2026-02-15T11:36:34.198Z,28,20.28,50,OK
2026-02-15T11:36:34.398Z,36,195.49,50,OK
2026-02-15T11:36:34.711Z,62,263.00,50,SATURATED
2026-02-15T11:36:35.369Z,102,608.00,50,SATURATED
2026-02-15T11:36:36.512Z,112,1093.00,50,SATURATED
2026-02-15T11:36:37.145Z,140,583.00,50,SATURATED
2026-02-15T11:36:37.460Z,108,265.00,50,SATURATED
2026-02-15T11:36:37.722Z,82,212.00,50,SATURATED
2026-02-15T11:36:38.504Z,80,732.00,50,SATURATED
2026-02-15T11:36:39.768Z,129,1214.00,50,SATURATED
2026-02-15T11:36:40.841Z,187,1023.00,50,SATURATED
2026-02-15T11:36:41.546Z,204,655.00,50,SATURATED
2026-02-15T11:36:41.697Z,171,101.00,50,SATURATED
2026-02-15T11:36:41.749Z,129,2.00,50,SATURATED
2026-02-15T11:36:41.807Z,81,8.00,50,SATURATED
2026-02-15T11:36:41.981Z,29,124.00,50,OK
2026-02-15T11:36:42.325Z,57,294.00,50,SATURATED
2026-02-15T11:36:42.446Z,29,121.47,50,OK
2026-02-15T11:36:42.497Z,21,20.21,50,OK
2026-02-15T11:36:42.548Z,22,20.85,50,OK
2026-02-15T11:36:42.658Z,26,109.61,50,OK
2026-02-15T11:36:43.008Z,53,300.00,50,SATURATED
2026-02-15T11:36:44.340Z,180,1282.00,50,SATURATED
2026-02-15T11:36:45.097Z,214,707.00,50,SATURATED
2026-02-15T11:36:45.230Z,186,83.00,50,SATURATED
2026-02-15T11:36:45.481Z,163,201.00,50,SATURATED
2026-02-15T11:36:45.812Z,147,329.91,50,SATURATED
2026-02-15T11:36:46.274Z,114,413.00,50,SATURATED
2026-02-15T11:36:47.918Z,156,1594.00,50,SATURATED
2026-02-15T11:36:49.316Z,261,1348.00,50,SATURATED
2026-02-15T11:36:50.414Z,280,1048.00,50,SATURATED
2026-02-15T11:36:51.215Z,297,751.00,50,SATURATED
2026-02-15T11:36:51.762Z,264,497.00,50,SATURATED
2026-02-15T11:36:52.214Z,273,451.54,50,SATURATED
2026-02-15T11:36:52.440Z,232,176.00,50,SATURATED
2026-02-15T11:36:53.371Z,229,881.00,50,SATURATED
2026-02-15T11:36:54.622Z,278,1201.00,50,SATURATED
2026-02-15T11:36:55.819Z,336,1195.90,50,SATURATED
2026-02-15T11:36:57.215Z,345,1346.00,50,SATURATED
2026-02-15T11:36:57.567Z,367,302.00,50,SATURATED
2026-02-15T11:36:57.702Z,334,85.00,50,SATURATED
2026-02-15T11:36:57.767Z,240,15.00,50,SATURATED
2026-02-15T11:36:57.862Z,141,43.63,50,SATURATED
2026-02-15T11:36:58.068Z,42,38.29,50,OK
2026-02-15T11:36:58.118Z,16,19.87,50,OK
2026-02-15T11:36:58.169Z,16,20.31,50,OK
2026-02-15T11:36:58.220Z,16,20.28,50,OK
2026-02-15T11:36:58.327Z,19,97.03,50,OK
2026-02-15T11:36:58.751Z,48,374.00,50,OK
2026-02-15T11:37:00.050Z,129,1298.66,50,SATURATED
2026-02-15T11:37:04.953Z,336,4853.00,50,SATURATED
2026-02-15T11:37:05.697Z,395,694.00,50,SATURATED
2026-02-15T11:37:06.307Z,384,610.01,50,SATURATED
2026-02-15T11:37:06.723Z,374,366.00,50,SATURATED
2026-02-15T11:37:07.216Z,369,443.00,50,SATURATED
2026-02-15T11:37:07.653Z,337,387.00,50,SATURATED
2026-02-15T11:37:08.103Z,337,400.00,50,SATURATED
2026-02-15T11:37:08.737Z,334,584.00,50,SATURATED
2026-02-15T11:37:10.070Z,377,1283.00,50,SATURATED
2026-02-15T11:37:11.175Z,429,1055.00,50,SATURATED
2026-02-15T11:37:11.936Z,433,711.00,50,SATURATED
2026-02-15T11:37:12.163Z,389,177.00,50,SATURATED
2026-02-15T11:37:12.222Z,341,9.00,50,SATURATED
2026-02-15T11:37:12.658Z,339,386.00,50,SATURATED
2026-02-15T11:37:12.739Z,242,31.00,50,SATURATED
2026-02-15T11:37:12.816Z,143,36.06,50,SATURATED
2026-02-15T11:37:12.879Z,44,34.75,50,OK
2026-02-15T11:37:12.929Z,13,21.54,50,OK
2026-02-15T11:37:13.433Z,38,485.10,50,OK
2026-02-15T11:37:14.355Z,120,872.00,50,SATURATED
2026-02-15T11:37:17.551Z,384,3146.00,50,SATURATED
2026-02-15T11:37:17.926Z,414,325.00,50,SATURATED
2026-02-15T11:37:18.287Z,387,311.00,50,SATURATED
2026-02-15T11:37:18.417Z,340,80.00,50,SATURATED
2026-02-15T11:37:18.496Z,241,29.00,50,SATURATED
2026-02-15T11:37:18.579Z,142,33.67,50,SATURATED
2026-02-15T11:37:19.144Z,111,563.87,50,SATURATED
2026-02-15T11:37:20.223Z,132,1029.00,50,SATURATED
2026-02-15T11:37:23.150Z,413,2877.00,50,SATURATED
2026-02-15T11:37:24.118Z,432,918.00,50,SATURATED
2026-02-15T11:37:24.190Z,390,22.00,50,SATURATED
2026-02-15T11:37:24.589Z,369,399.64,50,SATURATED
2026-02-15T11:37:24.795Z,340,156.00,50,SATURATED
2026-02-15T11:37:24.939Z,291,142.93,50,SATURATED
2026-02-15T11:37:25.012Z,193,23.00,50,SATURATED
2026-02-15T11:37:25.094Z,94,37.27,50,SATURATED
2026-02-15T11:37:25.276Z,22,33.42,50,OK
2026-02-15T11:37:26.174Z,99,896.27,50,SATURATED
2026-02-15T11:37:30.733Z,387,4509.00,50,SATURATED
2026-02-15T11:37:31.756Z,419,973.00,50,SATURATED
2026-02-15T11:37:32.011Z,386,205.00,50,SATURATED
2026-02-15T11:37:32.759Z,384,698.00,50,SATURATED
2026-02-15T11:37:32.922Z,340,113.00,50,SATURATED
2026-02-15T11:37:33.371Z,337,448.14,50,SATURATED
2026-02-15T11:37:35.748Z,326,2327.00,50,SATURATED
2026-02-15T11:37:38.303Z,418,2505.00,50,SATURATED
2026-02-15T11:37:39.152Z,431,799.00,50,SATURATED
2026-02-15T11:37:39.224Z,340,31.35,50,SATURATED
2026-02-15T11:37:39.288Z,241,30.25,50,SATURATED
2026-02-15T11:37:39.339Z,191,50.77,50,SATURATED
2026-02-15T11:37:39.899Z,187,510.00,50,SATURATED
2026-02-15T11:37:40.027Z,141,126.98,50,SATURATED
2026-02-15T11:37:40.184Z,91,107.00,50,SATURATED
2026-02-15T11:37:40.571Z,90,337.00,50,SATURATED
2026-02-15T11:37:43.419Z,263,2798.00,50,SATURATED
2026-02-15T11:37:45.644Z,419,2175.00,50,SATURATED
2026-02-15T11:37:45.991Z,438,297.00,50,SATURATED
2026-02-15T11:37:46.142Z,390,101.00,50,SATURATED
2026-02-15T11:37:46.247Z,291,46.19,50,SATURATED
2026-02-15T11:37:46.315Z,242,66.90,50,SATURATED
2026-02-15T11:37:46.400Z,143,35.00,50,SATURATED
2026-02-15T11:37:46.609Z,43,43.47,50,OK
2026-02-15T11:37:46.773Z,22,19.79,50,OK
2026-02-15T11:37:47.485Z,60,709.62,50,SATURATED
2026-02-15T11:37:50.667Z,389,3132.00,50,SATURATED
2026-02-15T11:37:52.465Z,419,1748.00,50,SATURATED
2026-02-15T11:37:53.184Z,433,669.00,50,SATURATED
2026-02-15T11:37:53.265Z,340,31.00,50,SATURATED
2026-02-15T11:37:53.342Z,241,41.14,50,SATURATED
2026-02-15T11:37:53.418Z,142,38.16,50,SATURATED
2026-02-15T11:37:53.498Z,42,34.29,50,OK
2026-02-15T11:37:53.880Z,40,332.00,50,OK
2026-02-15T11:37:53.930Z,12,19.85,50,OK
2026-02-15T11:37:53.980Z,12,20.50,50,OK
2026-02-15T11:37:54.031Z,13,20.06,50,OK
2026-02-15T11:37:54.081Z,13,20.24,50,OK
2026-02-15T11:37:54.132Z,13,20.18,50,OK
2026-02-15T11:37:54.182Z,13,20.28,50,OK
2026-02-15T11:37:54.277Z,14,45.00,50,OK
2026-02-15T11:37:54.867Z,117,540.00,50,SATURATED
2026-02-15T11:37:58.987Z,353,4109.37,50,SATURATED
2026-02-15T11:37:59.638Z,354,602.00,50,SATURATED
2026-02-15T11:37:59.773Z,308,85.00,50,SATURATED
2026-02-15T11:38:00.252Z,305,429.00,50,SATURATED
2026-02-15T11:38:01.118Z,333,816.00,50,SATURATED
2026-02-15T11:38:02.055Z,382,887.00,50,SATURATED
2026-02-15T11:38:02.441Z,388,336.00,50,SATURATED
2026-02-15T11:38:02.932Z,387,441.00,50,SATURATED
2026-02-15T11:38:03.005Z,292,23.00,50,SATURATED
2026-02-15T11:38:03.084Z,192,38.75,50,SATURATED
2026-02-15T11:38:03.731Z,169,647.23,50,SATURATED
2026-02-15T11:38:04.391Z,186,609.00,50,SATURATED
2026-02-15T11:38:06.783Z,354,2343.00,50,SATURATED
2026-02-15T11:38:08.237Z,402,1404.00,50,SATURATED
2026-02-15T11:38:08.947Z,407,660.00,50,SATURATED
2026-02-15T11:38:09.076Z,363,79.00,50,SATURATED
2026-02-15T11:38:09.134Z,314,8.00,50,SATURATED
2026-02-15T11:38:09.186Z,271,2.00,50,SATURATED
2026-02-15T11:38:09.248Z,215,46.22,50,SATURATED
2026-02-15T11:38:09.415Z,171,117.00,50,SATURATED
2026-02-15T11:38:09.966Z,150,501.00,50,SATURATED
2026-02-15T11:38:10.326Z,126,359.27,50,SATURATED
2026-02-15T11:38:12.162Z,224,1786.00,50,SATURATED
2026-02-15T11:38:13.168Z,305,956.00,50,SATURATED
2026-02-15T11:38:13.652Z,254,434.00,50,SATURATED
2026-02-15T11:38:13.801Z,206,146.34,50,SATURATED
2026-02-15T11:38:13.862Z,108,11.00,50,SATURATED
2026-02-15T11:38:13.912Z,26,24.73,50,OK
2026-02-15T11:38:13.962Z,26,20.08,50,OK
2026-02-15T11:38:14.012Z,24,20.52,50,OK
2026-02-15T11:38:14.063Z,24,20.23,50,OK
2026-02-15T11:38:14.112Z,21,19.87,50,OK
2026-02-15T11:38:14.162Z,20,20.28,50,OK
2026-02-15T11:38:15.084Z,90,745.00,50,SATURATED
2026-02-15T11:38:14.289Z,21,77.00,50,OK
2026-02-15T11:38:17.575Z,214,2490.37,50,SATURATED
2026-02-15T11:38:18.098Z,216,473.00,50,SATURATED
2026-02-15T11:38:18.264Z,120,116.00,50,SATURATED
2026-02-15T11:38:18.323Z,21,37.14,50,OK
2026-02-15T11:38:18.373Z,16,20.00,50,OK
2026-02-15T11:38:18.424Z,16,20.29,50,OK
2026-02-15T11:38:18.475Z,16,20.55,50,OK
2026-02-15T11:38:18.526Z,14,20.16,50,OK
2026-02-15T11:38:18.649Z,12,20.30,50,OK
2026-02-15T11:38:18.743Z,39,44.00,50,OK
2026-02-15T11:38:18.793Z,15,21.32,50,OK
2026-02-15T11:38:18.843Z,15,19.51,50,OK
2026-02-15T11:38:18.893Z,15,20.56,50,OK
2026-02-15T11:38:18.943Z,15,20.31,50,OK
2026-02-15T11:38:18.994Z,15,20.36,50,OK
2026-02-15T11:38:19.043Z,14,21.05,50,OK
2026-02-15T11:38:19.093Z,14,20.16,50,OK
2026-02-15T11:38:19.194Z,16,81.95,50,OK
2026-02-15T11:38:19.610Z,76,366.00,50,SATURATED
2026-02-15T11:38:20.670Z,109,1010.00,50,SATURATED
2026-02-15T11:38:21.511Z,109,791.00,50,SATURATED
2026-02-15T11:38:21.940Z,69,379.00,50,SATURATED
2026-02-15T11:38:22.429Z,94,439.00,50,SATURATED
2026-02-15T11:38:22.573Z,47,94.00,50,OK
2026-02-15T11:38:22.813Z,45,190.00,50,OK
2026-02-15T11:38:22.930Z,12,116.42,50,OK
2026-02-15T11:38:23.052Z,13,104.04,50,OK
2026-02-15T11:38:23.914Z,40,813.00,50,OK
2026-02-15T11:38:24.999Z,103,1035.00,50,SATURATED
2026-02-15T11:38:25.539Z,70,490.00,50,SATURATED
2026-02-15T11:38:25.664Z,27,75.00,50,OK
2026-02-15T11:38:25.715Z,24,19.87,50,OK
2026-02-15T11:38:25.813Z,22,48.00,50,OK
2026-02-15T11:38:25.907Z,23,44.00,50,OK
2026-02-15T11:38:25.957Z,21,20.55,50,OK
2026-02-15T11:38:26.008Z,22,20.32,50,OK
2026-02-15T11:38:26.091Z,22,33.00,50,OK
2026-02-15T11:38:26.223Z,27,20.58,50,OK
2026-02-15T11:38:26.329Z,23,105.15,50,OK
2026-02-15T11:38:26.379Z,22,21.13,50,OK
2026-02-15T11:38:26.430Z,19,20.37,50,OK
2026-02-15T11:38:26.480Z,19,20.25,50,OK
2026-02-15T11:38:26.530Z,14,20.78,50,OK
2026-02-15T11:38:26.636Z,20,51.69,50,OK
2026-02-15T11:38:26.731Z,31,45.00,50,OK
2026-02-15T11:38:26.781Z,14,0.00,50,OK
2026-02-15T11:38:26.832Z,14,20.02,50,OK
2026-02-15T11:38:26.883Z,14,20.54,50,OK
2026-02-15T11:38:26.988Z,13,52.06,50,OK
2026-02-15T11:38:27.037Z,10,19.88,50,OK
2026-02-15T11:38:27.088Z,10,20.49,50,OK
2026-02-15T11:38:27.176Z,11,87.98,50,OK
2026-02-15T11:38:27.269Z,26,43.00,50,OK
2026-02-15T11:38:27.581Z,14,312.34,50,OK
2026-02-15T11:38:27.690Z,27,59.00,50,OK
2026-02-15T11:38:27.741Z,16,20.46,50,OK
2026-02-15T11:38:27.841Z,15,50.00,50,OK
2026-02-15T11:38:27.944Z,28,53.00,50,OK
2026-02-15T11:38:27.995Z,13,20.41,50,OK
2026-02-15T11:38:28.046Z,13,19.75,50,OK
2026-02-15T11:38:28.097Z,13,20.34,50,OK
2026-02-15T11:38:28.147Z,11,19.72,50,OK
2026-02-15T11:38:28.198Z,11,20.68,50,OK
2026-02-15T11:38:28.249Z,10,20.50,50,OK
2026-02-15T11:38:28.352Z,11,82.15,50,OK
2026-02-15T11:38:28.590Z,16,188.00,50,OK
2026-02-15T11:38:28.683Z,16,43.00,50,OK
2026-02-15T11:38:28.733Z,12,20.23,50,OK
2026-02-15T11:38:28.783Z,11,19.31,50,OK
2026-02-15T11:38:28.833Z,11,20.09,50,OK
2026-02-15T11:38:28.884Z,11,21.09,50,OK
2026-02-15T11:38:28.934Z,11,20.25,50,OK
2026-02-15T11:38:29.031Z,15,82.08,50,OK
2026-02-15T11:38:29.114Z,21,33.00,50,OK
2026-02-15T11:38:29.222Z,12,88.70,50,OK
2026-02-15T11:38:29.310Z,12,38.00,50,OK
2026-02-15T11:38:29.360Z,11,20.47,50,OK
2026-02-15T11:38:29.411Z,11,20.19,50,OK
2026-02-15T11:38:29.461Z,11,20.46,50,OK
2026-02-15T11:38:29.511Z,11,20.68,50,OK
2026-02-15T11:38:29.588Z,11,27.00,50,OK
2026-02-15T11:38:29.679Z,10,41.00,50,OK
2026-02-15T11:38:29.797Z,9,68.00,50,OK
2026-02-15T11:38:29.993Z,20,194.84,50,OK
2026-02-15T11:38:30.044Z,12,20.60,50,OK
2026-02-15T11:38:30.095Z,12,20.37,50,OK
2026-02-15T11:38:30.144Z,13,19.95,50,OK
2026-02-15T11:38:30.194Z,13,20.38,50,OK
2026-02-15T11:38:30.245Z,13,19.80,50,OK
2026-02-15T11:38:30.295Z,13,20.34,50,OK
2026-02-15T11:38:30.345Z,13,20.24,50,OK
2026-02-15T11:38:30.396Z,13,20.36,50,OK
2026-02-15T11:38:30.447Z,13,20.32,50,OK
2026-02-15T11:38:30.498Z,13,20.06,50,OK
2026-02-15T11:38:30.547Z,12,20.41,50,OK
2026-02-15T11:38:30.598Z,11,20.34,50,OK
2026-02-15T11:38:30.648Z,11,20.37,50,OK
2026-02-15T11:38:30.698Z,11,20.42,50,OK
2026-02-15T11:38:30.748Z,8,20.20,50,OK
2026-02-15T11:38:30.799Z,8,20.24,50,OK
2026-02-15T11:38:30.849Z,9,20.46,50,OK
2026-02-15T11:38:30.900Z,9,20.37,50,OK
2026-02-15T11:38:30.952Z,9,20.37,50,OK
2026-02-15T11:38:31.003Z,13,20.36,50,OK
2026-02-15T11:38:31.107Z,8,52.06,50,OK
2026-02-15T11:38:31.158Z,9,20.72,50,OK
2026-02-15T11:38:31.209Z,9,20.51,50,OK
2026-02-15T11:38:31.260Z,9,20.37,50,OK
2026-02-15T11:38:31.310Z,9,20.05,50,OK
2026-02-15T11:38:31.361Z,8,19.93,50,OK
2026-02-15T11:38:31.410Z,8,20.72,50,OK
2026-02-15T11:38:31.461Z,8,20.38,50,OK
2026-02-15T11:38:31.511Z,8,20.14,50,OK
2026-02-15T11:38:31.560Z,8,19.99,50,OK
2026-02-15T11:38:31.611Z,8,20.19,50,OK
2026-02-15T11:38:31.661Z,8,20.73,50,OK
2026-02-15T11:38:31.712Z,7,19.59,50,OK
2026-02-15T11:38:31.762Z,7,20.15,50,OK
2026-02-15T11:38:31.811Z,7,20.32,50,OK
2026-02-15T11:38:31.861Z,7,20.55,50,OK
2026-02-15T11:38:31.912Z,7,20.26,50,OK
2026-02-15T11:38:31.962Z,7,20.39,50,OK
2026-02-15T11:38:32.012Z,4,20.14,50,OK
2026-02-15T11:38:32.062Z,3,20.09,50,OK
2026-02-15T11:38:32.112Z,3,20.14,50,OK
2026-02-15T11:38:32.162Z,2,19.92,50,OK
2026-02-15T11:38:32.213Z,2,20.72,50,OK
2026-02-15T11:38:32.263Z,2,20.48,50,OK
2026-02-15T11:38:32.313Z,2,20.32,50,OK
2026-02-15T11:38:32.363Z,2,20.37,50,OK
2026-02-15T11:38:32.414Z,2,20.49,50,OK
2026-02-15T11:38:32.465Z,2,20.32,50,OK
2026-02-15T11:38:32.516Z,2,20.36,50,OK
2026-02-15T11:38:32.566Z,2,20.28,50,OK
2026-02-15T11:38:32.617Z,2,20.31,50,OK
2026-02-15T11:38:32.668Z,2,20.37,50,OK
2026-02-15T11:38:32.718Z,2,19.47,50,OK
2026-02-15T11:38:32.769Z,2,20.34,50,OK
2026-02-15T11:38:32.820Z,1,19.90,50,OK
2026-02-15T11:38:32.871Z,1,20.27,50,OK
2026-02-15T11:38:32.921Z,1,20.31,50,OK
2026-02-15T11:38:32.971Z,1,20.55,50,OK
2026-02-15T11:38:33.022Z,1,20.03,50,OK
2026-02-15T11:38:33.071Z,1,20.29,50,OK
2026-02-15T11:38:33.122Z,1,20.13,50,OK
2026-02-15T11:38:33.173Z,0,20.22,50,OK
2026-02-15T11:38:33.224Z,0,19.65,50,OK
2026-02-15T11:38:33.275Z,0,20.33,50,OK
2026-02-15T11:38:33.324Z,0,20.37,50,OK
2026-02-15T11:38:33.375Z,0,20.27,50,OK
2026-02-15T11:38:33.426Z,0,20.87,50,OK
2026-02-15T11:38:33.477Z,0,20.34,50,OK
2026-02-15T11:38:33.527Z,0,19.90,50,OK
2026-02-15T11:38:33.577Z,0,20.23,50,OK
2026-02-15T11:38:33.626Z,0,20.41,50,OK
2026-02-15T11:38:33.677Z,0,20.50,50,OK
2026-02-15T11:38:33.727Z,0,20.28,50,OK
2026-02-15T11:38:33.778Z,0,20.39,50,OK
2026-02-15T11:38:33.827Z,0,20.58,50,OK
2026-02-15T11:38:33.877Z,0,19.72,50,OK
2026-02-15T11:38:33.928Z,0,20.08,50,OK
2026-02-15T11:38:33.979Z,0,20.41,50,OK
2026-02-15T11:38:34.029Z,0,20.11,50,OK
2026-02-15T11:38:34.080Z,0,20.13,50,OK
2026-02-15T11:38:34.130Z,0,20.31,50,OK
2026-02-15T11:38:34.181Z,0,20.19,50,OK
2026-02-15T11:38:34.230Z,0,19.82,50,OK
2026-02-15T11:38:34.281Z,0,20.26,50,OK
2026-02-15T11:38:34.331Z,0,20.26,50,OK
2026-02-15T11:38:34.382Z,0,20.46,50,OK
2026-02-15T11:38:34.433Z,0,20.15,50,OK
2026-02-15T11:38:34.484Z,0,20.23,50,OK
2026-02-15T11:38:34.534Z,0,21.03,50,OK
2026-02-15T11:38:34.584Z,0,20.11,50,OK
2026-02-15T11:38:34.634Z,0,20.46,50,OK
2026-02-15T11:38:34.685Z,0,20.41,50,OK
2026-02-15T11:38:34.735Z,0,20.72,50,OK
2026-02-15T11:38:34.785Z,0,20.52,50,OK
2026-02-15T11:38:34.836Z,0,20.49,50,OK
2026-02-15T11:38:34.886Z,0,20.77,50,OK
2026-02-15T11:38:34.937Z,0,20.06,50,OK
2026-02-15T11:38:34.987Z,0,20.52,50,OK
2026-02-15T11:38:35.036Z,0,20.73,50,OK
2026-02-15T11:38:35.087Z,0,20.52,50,OK
2026-02-15T11:38:35.137Z,0,20.82,50,OK
2026-02-15T11:38:35.187Z,0,20.45,50,OK
2026-02-15T11:38:35.238Z,0,20.90,50,OK
2026-02-15T11:38:35.288Z,0,20.21,50,OK
2026-02-15T11:38:35.339Z,0,19.75,50,OK
2026-02-15T11:38:35.389Z,0,20.36,50,OK
2026-02-15T11:38:35.438Z,0,20.95,50,OK
2026-02-15T11:38:35.488Z,0,20.36,50,OK
2026-02-15T11:38:35.539Z,0,19.96,50,OK
2026-02-15T11:38:35.589Z,0,20.37,50,OK
2026-02-15T11:38:35.640Z,0,20.59,50,OK
2026-02-15T11:38:35.690Z,0,20.14,50,OK
2026-02-15T11:38:35.741Z,0,20.77,50,OK
2026-02-15T11:38:35.791Z,0,20.46,50,OK
2026-02-15T11:38:35.842Z,0,20.75,50,OK
2026-02-15T11:38:35.892Z,0,20.50,50,OK
2026-02-15T11:38:35.943Z,0,20.02,50,OK
2026-02-15T11:38:35.993Z,0,20.19,50,OK
2026-02-15T11:38:36.044Z,0,20.84,50,OK
2026-02-15T11:38:36.095Z,0,20.36,50,OK
2026-02-15T11:38:36.145Z,0,21.00,50,OK
2026-02-15T11:38:36.196Z,0,20.44,50,OK
2026-02-15T11:38:36.246Z,0,20.48,50,OK
2026-02-15T11:38:36.297Z,0,20.37,50,OK
2026-02-15T11:38:36.346Z,0,20.09,50,OK
2026-02-15T11:38:36.397Z,0,20.34,50,OK
2026-02-15T11:38:36.448Z,0,20.00,50,OK
2026-02-15T11:38:36.497Z,0,20.29,50,OK
2026-02-15T11:38:36.548Z,0,19.82,50,OK
2026-02-15T11:38:36.598Z,0,20.34,50,OK
2026-02-15T11:38:36.649Z,0,20.37,50,OK
2026-02-15T11:38:36.699Z,0,20.31,50,OK
2026-02-15T11:38:36.750Z,0,20.37,50,OK
2026-02-15T11:38:36.801Z,0,20.29,50,OK
2026-02-15T11:38:36.851Z,0,20.50,50,OK
2026-02-15T11:38:36.900Z,0,20.24,50,OK
2026-02-15T11:38:36.951Z,0,20.71,50,OK
2026-02-15T11:38:37.002Z,0,20.32,50,OK
2026-02-15T11:38:37.053Z,0,20.58,50,OK
2026-02-15T11:38:37.104Z,0,20.34,50,OK
2026-02-15T11:38:37.153Z,0,21.00,50,OK
2026-02-15T11:38:37.204Z,0,20.59,50,OK
2026-02-15T11:38:37.254Z,0,20.11,50,OK
2026-02-15T11:38:37.305Z,0,20.80,50,OK
2026-02-15T11:38:37.356Z,0,20.52,50,OK
2026-02-15T11:38:37.405Z,0,20.21,50,OK
2026-02-15T11:38:37.455Z,0,19.55,50,OK
2026-02-15T11:38:37.506Z,0,20.23,50,OK
2026-02-15T11:38:37.556Z,0,19.51,50,OK
2026-02-15T11:38:37.607Z,0,20.23,50,OK
2026-02-15T11:38:37.657Z,0,19.57,50,OK
2026-02-15T11:38:37.706Z,0,20.19,50,OK
2026-02-15T11:38:37.757Z,0,20.49,50,OK
2026-02-15T11:38:37.807Z,0,20.17,50,OK
2026-02-15T11:38:37.857Z,0,20.42,50,OK
2026-02-15T11:38:37.907Z,0,20.20,50,OK
2026-02-15T11:38:37.958Z,0,20.65,50,OK
2026-02-15T11:38:38.009Z,0,20.23,50,OK
2026-02-15T11:38:38.060Z,0,20.64,50,OK
2026-02-15T11:38:38.111Z,0,20.29,50,OK
2026-02-15T11:38:38.161Z,0,19.69,50,OK
2026-02-15T11:38:38.212Z,0,20.65,50,OK
2026-02-15T11:38:38.262Z,0,20.73,50,OK
2026-02-15T11:38:38.313Z,0,20.29,50,OK
2026-02-15T11:38:38.364Z,0,21.14,50,OK
2026-02-15T11:38:38.414Z,0,20.42,50,OK
2026-02-15T11:38:38.464Z,0,20.96,50,OK
2026-02-15T11:38:38.515Z,0,20.45,50,OK
2026-02-15T11:38:38.565Z,0,20.52,50,OK
2026-02-15T11:38:38.615Z,0,20.37,50,OK
2026-02-15T11:38:38.665Z,0,20.36,50,OK
2026-02-15T11:38:38.715Z,0,20.39,50,OK
2026-02-15T11:38:38.766Z,0,20.33,50,OK
2026-02-15T11:38:38.817Z,0,20.46,50,OK
2026-02-15T11:38:38.867Z,0,20.33,50,OK
2026-02-15T11:38:38.918Z,0,20.39,50,OK
2026-02-15T11:38:38.969Z,0,20.43,50,OK
2026-02-15T11:38:39.019Z,0,20.29,50,OK
2026-02-15T11:38:39.070Z,0,20.37,50,OK
2026-02-15T11:38:39.119Z,0,20.36,50,OK
2026-02-15T11:38:39.170Z,0,20.87,50,OK
2026-02-15T11:38:39.220Z,0,20.47,50,OK
2026-02-15T11:38:39.270Z,0,20.23,50,OK
2026-02-15T11:38:39.321Z,0,20.52,50,OK
2026-02-15T11:38:39.372Z,0,20.16,50,OK
2026-02-15T11:38:39.422Z,0,20.54,50,OK
2026-02-15T11:38:39.473Z,0,20.23,50,OK
2026-02-15T11:38:39.522Z,0,20.42,50,OK
2026-02-15T11:38:39.573Z,0,20.19,50,OK
2026-02-15T11:38:39.624Z,0,20.59,50,OK
2026-02-15T11:38:39.675Z,0,20.43,50,OK
2026-02-15T11:38:39.726Z,0,20.42,50,OK
2026-02-15T11:38:39.777Z,0,20.62,50,OK
2026-02-15T11:38:39.826Z,0,20.41,50,OK
2026-02-15T11:38:39.876Z,0,20.28,50,OK
2026-02-15T11:38:39.927Z,0,20.55,50,OK
2026-02-15T11:38:39.977Z,0,20.57,50,OK
2026-02-15T11:38:40.028Z,0,20.55,50,OK
2026-02-15T11:38:40.079Z,0,20.44,50,OK
2026-02-15T11:38:40.129Z,0,20.61,50,OK
2026-02-15T11:38:40.179Z,0,20.32,50,OK
2026-02-15T11:38:40.230Z,0,20.73,50,OK
2026-02-15T11:38:40.279Z,0,20.50,50,OK
2026-02-15T11:38:40.330Z,0,20.49,50,OK
2026-02-15T11:38:40.379Z,0,20.50,50,OK
2026-02-15T11:38:40.430Z,0,20.39,50,OK
2026-02-15T11:38:40.480Z,0,20.39,50,OK
2026-02-15T11:38:40.531Z,0,20.45,50,OK
2026-02-15T11:38:40.581Z,0,20.50,50,OK
2026-02-15T11:38:40.632Z,0,20.45,50,OK
2026-02-15T11:38:40.681Z,0,20.34,50,OK
2026-02-15T11:38:40.732Z,0,20.44,50,OK
2026-02-15T11:38:40.781Z,0,20.49,50,OK
2026-02-15T11:38:40.831Z,0,20.28,50,OK
2026-02-15T11:38:40.882Z,0,20.52,50,OK
2026-02-15T11:38:40.932Z,0,20.50,50,OK
2026-02-15T11:38:40.982Z,0,20.86,50,OK
2026-02-15T11:38:41.033Z,0,20.26,50,OK
2026-02-15T11:38:41.083Z,0,20.02,50,OK
2026-02-15T11:38:41.134Z,0,20.52,50,OK
2026-02-15T11:38:41.185Z,0,20.75,50,OK
2026-02-15T11:38:41.236Z,0,20.19,50,OK
2026-02-15T11:38:41.286Z,0,20.09,50,OK
2026-02-15T11:38:41.337Z,0,20.41,50,OK
2026-02-15T11:38:41.387Z,0,20.50,50,OK
2026-02-15T11:38:41.437Z,0,20.13,50,OK
2026-02-15T11:38:41.488Z,0,20.23,50,OK
2026-02-15T11:38:41.538Z,0,20.34,50,OK
2026-02-15T11:38:41.588Z,0,19.96,50,OK
2026-02-15T11:38:41.639Z,0,20.46,50,OK
2026-02-15T11:38:41.690Z,0,20.67,50,OK
2026-02-15T11:38:41.740Z,0,20.39,50,OK
2026-02-15T11:38:41.789Z,0,20.52,50,OK
2026-02-15T11:38:41.839Z,0,20.24,50,OK
2026-02-15T11:38:41.890Z,0,20.36,50,OK
2026-02-15T11:38:41.939Z,0,20.37,50,OK
2026-02-15T11:38:41.990Z,0,20.26,50,OK
2026-02-15T11:38:42.040Z,0,20.22,50,OK
2026-02-15T11:38:42.090Z,0,20.39,50,OK
2026-02-15T11:38:42.139Z,0,20.08,50,OK
2026-02-15T11:38:42.189Z,0,23.63,50,OK
2026-02-15T11:38:42.240Z,0,20.24,50,OK
2026-02-15T11:38:42.291Z,0,20.22,50,OK
2026-02-15T11:38:42.341Z,0,20.31,50,OK
2026-02-15T11:38:42.391Z,0,20.12,50,OK
2026-02-15T11:38:42.442Z,0,20.34,50,OK
2026-02-15T11:38:42.492Z,0,20.37,50,OK
2026-02-15T11:38:42.542Z,0,20.36,50,OK
2026-02-15T11:38:42.593Z,0,20.64,50,OK
2026-02-15T11:38:42.644Z,0,20.47,50,OK
2026-02-15T11:38:42.694Z,0,20.18,50,OK
2026-02-15T11:38:42.744Z,0,20.28,50,OK
2026-02-15T11:38:42.795Z,0,20.77,50,OK
2026-02-15T11:38:42.846Z,0,20.42,50,OK
2026-02-15T11:38:42.897Z,0,20.06,50,OK
2026-02-15T11:38:42.948Z,0,20.34,50,OK
2026-02-15T11:38:42.999Z,0,20.58,50,OK
2026-02-15T11:38:43.049Z,0,20.52,50,OK
2026-02-15T11:38:43.100Z,0,20.68,50,OK
2026-02-15T11:38:43.150Z,0,20.52,50,OK
2026-02-15T11:38:43.200Z,0,20.58,50,OK
2026-02-15T11:38:43.250Z,0,20.26,50,OK
2026-02-15T11:38:43.301Z,0,20.34,50,OK
2026-02-15T11:38:43.351Z,0,20.37,50,OK
2026-02-15T11:38:43.400Z,0,20.37,50,OK
2026-02-15T11:38:43.451Z,0,20.37,50,OK
2026-02-15T11:38:43.501Z,0,20.11,50,OK
2026-02-15T11:38:43.552Z,0,20.73,50,OK
2026-02-15T11:38:43.603Z,0,20.39,50,OK
2026-02-15T11:38:43.654Z,0,20.59,50,OK
2026-02-15T11:38:43.705Z,0,20.36,50,OK
2026-02-15T11:38:43.756Z,0,20.07,50,OK
2026-02-15T11:38:43.806Z,0,20.44,50,OK
2026-02-15T11:38:43.856Z,0,20.07,50,OK
2026-02-15T11:38:43.907Z,0,20.32,50,OK
2026-02-15T11:38:43.958Z,0,20.52,50,OK
2026-02-15T11:38:44.008Z,0,20.23,50,OK
2026-02-15T11:38:44.059Z,0,20.27,50,OK
2026-02-15T11:38:44.109Z,0,20.39,50,OK
2026-02-15T11:38:44.158Z,0,20.51,50,OK
2026-02-15T11:38:44.208Z,0,20.36,50,OK
2026-02-15T11:38:44.258Z,0,20.38,50,OK
2026-02-15T11:38:44.309Z,0,20.23,50,OK
2026-02-15T11:38:44.360Z,0,20.34,50,OK
2026-02-15T11:38:44.411Z,0,20.46,50,OK
2026-02-15T11:38:44.462Z,0,20.38,50,OK
2026-02-15T11:38:44.513Z,0,20.49,50,OK
2026-02-15T11:38:44.564Z,0,20.45,50,OK
2026-02-15T11:38:44.614Z,0,20.42,50,OK
2026-02-15T11:38:44.664Z,0,20.46,50,OK
2026-02-15T11:38:44.715Z,0,20.59,50,OK
2026-02-15T11:38:44.766Z,0,20.46,50,OK
2026-02-15T11:38:44.816Z,0,20.52,50,OK
2026-02-15T11:38:44.865Z,0,20.62,50,OK
2026-02-15T11:38:44.916Z,0,20.42,50,OK
2026-02-15T11:38:44.967Z,0,20.12,50,OK
2026-02-15T11:38:45.016Z,0,20.31,50,OK
2026-02-15T11:38:45.067Z,0,20.41,50,OK
2026-02-15T11:38:45.118Z,0,20.56,50,OK
2026-02-15T11:38:45.169Z,0,20.34,50,OK
2026-02-15T11:38:45.219Z,0,20.16,50,OK
2026-02-15T11:38:45.270Z,0,20.34,50,OK
2026-02-15T11:38:45.321Z,0,20.19,50,OK
2026-02-15T11:38:45.371Z,0,20.52,50,OK
2026-02-15T11:38:45.421Z,0,20.29,50,OK
2026-02-15T11:38:45.472Z,0,20.50,50,OK
2026-02-15T11:38:45.522Z,0,20.59,50,OK
2026-02-15T11:38:45.571Z,0,20.52,50,OK
2026-02-15T11:38:45.622Z,0,20.50,50,OK
2026-02-15T11:38:45.672Z,0,20.49,50,OK
2026-02-15T11:38:45.723Z,0,20.55,50,OK
2026-02-15T11:38:45.773Z,0,20.46,50,OK
2026-02-15T11:38:45.823Z,0,20.44,50,OK
2026-02-15T11:38:45.874Z,0,20.37,50,OK
2026-02-15T11:38:45.925Z,0,20.36,50,OK
2026-02-15T11:38:45.975Z,0,20.39,50,OK
2026-02-15T11:38:46.026Z,0,20.52,50,OK
2026-02-15T11:38:46.075Z,0,20.22,50,OK
2026-02-15T11:38:46.125Z,0,20.19,50,OK
2026-02-15T11:38:46.175Z,0,20.36,50,OK
2026-02-15T11:38:46.226Z,0,20.42,50,OK
2026-02-15T11:38:46.277Z,0,20.87,50,OK
2026-02-15T11:38:46.328Z,0,20.23,50,OK
2026-02-15T11:38:46.378Z,0,20.87,50,OK
2026-02-15T11:38:46.429Z,0,20.36,50,OK
2026-02-15T11:38:46.480Z,0,20.19,50,OK
2026-02-15T11:38:46.530Z,0,20.47,50,OK
2026-02-15T11:38:46.581Z,0,20.21,50,OK
2026-02-15T11:38:46.632Z,0,20.39,50,OK
2026-02-15T11:38:46.682Z,0,20.73,50,OK
2026-02-15T11:38:46.731Z,0,20.37,50,OK
2026-02-15T11:38:46.782Z,0,20.13,50,OK
2026-02-15T11:38:46.833Z,0,20.67,50,OK
2026-02-15T11:38:46.884Z,0,20.19,50,OK
2026-02-15T11:38:46.935Z,0,20.47,50,OK
2026-02-15T11:38:46.985Z,0,20.59,50,OK
2026-02-15T11:38:47.035Z,0,20.42,50,OK
2026-02-15T11:38:47.086Z,0,20.41,50,OK
2026-02-15T11:38:47.136Z,0,20.54,50,OK
2026-02-15T11:38:47.185Z,0,20.26,50,OK
2026-02-15T11:38:47.236Z,0,20.45,50,OK
2026-02-15T11:38:47.286Z,0,20.23,50,OK
2026-02-15T11:38:47.336Z,0,20.29,50,OK
2026-02-15T11:38:47.387Z,0,20.52,50,OK
2026-02-15T11:38:47.437Z,0,20.38,50,OK
2026-02-15T11:38:47.488Z,0,20.41,50,OK
2026-02-15T11:38:47.539Z,0,20.32,50,OK
2026-02-15T11:38:47.590Z,0,20.34,50,OK
2026-02-15T11:38:47.639Z,0,20.55,50,OK
2026-02-15T11:38:47.689Z,0,20.50,50,OK
2026-02-15T11:38:47.740Z,0,20.51,50,OK
2026-02-15T11:38:47.791Z,0,21.06,50,OK
2026-02-15T11:38:47.840Z,0,20.39,50,OK
2026-02-15T11:38:47.891Z,0,20.42,50,OK
2026-02-15T11:38:47.942Z,0,20.52,50,OK
2026-02-15T11:38:47.992Z,0,20.42,50,OK
2026-02-15T11:38:48.042Z,0,20.64,50,OK
2026-02-15T11:38:48.093Z,0,20.37,50,OK
2026-02-15T11:38:48.144Z,0,20.39,50,OK
2026-02-15T11:38:48.195Z,0,19.97,50,OK
2026-02-15T11:38:48.245Z,0,20.19,50,OK
2026-02-15T11:38:48.296Z,0,20.16,50,OK
2026-02-15T11:38:48.347Z,0,20.34,50,OK
2026-02-15T11:38:48.396Z,0,19.46,50,OK
2026-02-15T11:38:48.446Z,0,20.31,50,OK
2026-02-15T11:38:48.497Z,0,20.39,50,OK
2026-02-15T11:38:48.547Z,0,20.34,50,OK
2026-02-15T11:38:48.597Z,0,20.45,50,OK
2026-02-15T11:38:48.648Z,0,20.41,50,OK
2026-02-15T11:38:48.699Z,0,20.19,50,OK
2026-02-15T11:38:48.750Z,0,20.36,50,OK
2026-02-15T11:38:48.801Z,0,20.93,50,OK
2026-02-15T11:38:48.851Z,0,20.19,50,OK
2026-02-15T11:38:48.901Z,0,20.12,50,OK
2026-02-15T11:38:48.952Z,0,20.39,50,OK
2026-02-15T11:38:49.003Z,0,20.56,50,OK
2026-02-15T11:38:49.052Z,0,20.42,50,OK
2026-02-15T11:38:49.103Z,0,20.07,50,OK
2026-02-15T11:38:49.154Z,0,20.39,50,OK
2026-02-15T11:38:49.204Z,0,20.64,50,OK
2026-02-15T11:38:49.254Z,0,20.52,50,OK
2026-02-15T11:38:49.305Z,0,20.50,50,OK
2026-02-15T11:38:49.355Z,0,20.52,50,OK
2026-02-15T11:38:49.404Z,0,20.44,50,OK
2026-02-15T11:38:49.455Z,0,20.29,50,OK
2026-02-15T11:38:49.505Z,0,20.43,50,OK
2026-02-15T11:38:49.556Z,0,20.24,50,OK
2026-02-15T11:38:49.606Z,0,20.38,50,OK
2026-02-15T11:38:49.657Z,0,20.44,50,OK
2026-02-15T11:38:49.707Z,0,20.38,50,OK
2026-02-15T11:38:49.758Z,0,20.29,50,OK
2026-02-15T11:38:49.808Z,0,20.85,50,OK
2026-02-15T11:38:49.859Z,0,19.95,50,OK
2026-02-15T11:38:49.909Z,0,19.72,50,OK
2026-02-15T11:38:49.958Z,0,20.04,50,OK
2026-02-15T11:38:50.008Z,0,19.60,50,OK
2026-02-15T11:38:50.059Z,0,20.35,50,OK
2026-02-15T11:38:50.110Z,0,19.60,50,OK
2026-02-15T11:38:50.160Z,0,20.32,50,OK
2026-02-15T11:38:50.210Z,0,19.65,50,OK
2026-02-15T11:38:50.260Z,0,20.00,50,OK
2026-02-15T11:38:50.310Z,0,20.29,50,OK
2026-02-15T11:38:50.361Z,0,20.68,50,OK
2026-02-15T11:38:50.411Z,0,19.72,50,OK
2026-02-15T11:38:50.460Z,0,20.39,50,OK
2026-02-15T11:38:50.510Z,0,20.72,50,OK
2026-02-15T11:38:50.560Z,0,20.43,50,OK
2026-02-15T11:38:50.611Z,0,20.64,50,OK
2026-02-15T11:38:50.661Z,0,20.23,50,OK
2026-02-15T11:38:50.712Z,0,19.82,50,OK
2026-02-15T11:38:50.762Z,0,20.41,50,OK
2026-02-15T11:38:50.813Z,0,20.83,50,OK
2026-02-15T11:38:50.863Z,0,20.34,50,OK
2026-02-15T11:38:50.914Z,0,20.50,50,OK
2026-02-15T11:38:50.964Z,0,20.27,50,OK
2026-02-15T11:38:51.015Z,0,19.85,50,OK
2026-02-15T11:38:51.066Z,0,20.39,50,OK
2026-02-15T11:38:51.116Z,0,19.90,50,OK
2026-02-15T11:38:51.166Z,0,20.18,50,OK
2026-02-15T11:38:51.217Z,0,20.55,50,OK
2026-02-15T11:38:51.267Z,0,20.20,50,OK
2026-02-15T11:38:51.318Z,0,20.57,50,OK
2026-02-15T11:38:51.368Z,0,20.21,50,OK
2026-02-15T11:38:51.419Z,0,20.55,50,OK
2026-02-15T11:38:51.469Z,0,20.15,50,OK
2026-02-15T11:38:51.519Z,0,19.62,50,OK
2026-02-15T11:38:51.569Z,0,20.07,50,OK
2026-02-15T11:38:51.620Z,0,20.68,50,OK
2026-02-15T11:38:51.669Z,0,20.37,50,OK
2026-02-15T11:38:51.719Z,0,20.67,50,OK
2026-02-15T11:38:51.770Z,0,20.42,50,OK
2026-02-15T11:38:51.821Z,0,20.22,50,OK
2026-02-15T11:38:51.872Z,0,20.23,50,OK
2026-02-15T11:38:51.922Z,0,20.25,50,OK
2026-02-15T11:38:51.973Z,0,20.37,50,OK
2026-02-15T11:38:52.023Z,0,20.31,50,OK
2026-02-15T11:38:52.072Z,0,20.29,50,OK
2026-02-15T11:38:52.122Z,0,20.55,50,OK
2026-02-15T11:38:52.173Z,0,20.11,50,OK
2026-02-15T11:38:52.223Z,0,20.55,50,OK
2026-02-15T11:38:52.273Z,0,20.31,50,OK
2026-02-15T11:38:52.324Z,0,19.91,50,OK
2026-02-15T11:38:52.373Z,0,20.21,50,OK
2026-02-15T11:38:52.423Z,0,20.39,50,OK
2026-02-15T11:38:52.474Z,0,20.29,50,OK
2026-02-15T11:38:52.524Z,0,20.00,50,OK
2026-02-15T11:38:52.575Z,0,20.42,50,OK
2026-02-15T11:38:52.625Z,0,20.65,50,OK
2026-02-15T11:38:52.674Z,0,20.42,50,OK
2026-02-15T11:38:52.725Z,0,20.13,50,OK
2026-02-15T11:38:52.776Z,0,20.55,50,OK
2026-02-15T11:38:52.825Z,0,20.90,50,OK
2026-02-15T11:38:52.876Z,0,20.40,50,OK
2026-02-15T11:38:52.926Z,0,19.85,50,OK
2026-02-15T11:38:52.976Z,0,20.44,50,OK
2026-02-15T11:38:53.024Z,0,19.31,50,OK
2026-02-15T11:38:53.073Z,0,20.37,50,OK
2026-02-15T11:38:53.123Z,0,20.82,50,OK
2026-02-15T11:38:53.174Z,0,20.32,50,OK
2026-02-15T11:38:53.224Z,0,19.93,50,OK
2026-02-15T11:38:53.275Z,0,20.46,50,OK
2026-02-15T11:38:53.325Z,0,20.78,50,OK
2026-02-15T11:38:53.376Z,0,20.41,50,OK
2026-02-15T11:38:53.426Z,0,20.06,50,OK
2026-02-15T11:38:53.475Z,0,20.37,50,OK
2026-02-15T11:38:53.526Z,0,20.47,50,OK
2026-02-15T11:38:53.577Z,0,20.46,50,OK
2026-02-15T11:38:53.627Z,0,20.54,50,OK
2026-02-15T11:38:53.678Z,0,20.52,50,OK
2026-02-15T11:38:53.728Z,0,20.57,50,OK
2026-02-15T11:38:53.779Z,0,20.23,50,OK
2026-02-15T11:38:53.830Z,0,20.56,50,OK
2026-02-15T11:38:53.879Z,0,20.21,50,OK
2026-02-15T11:38:53.930Z,0,20.55,50,OK
2026-02-15T11:38:53.980Z,0,20.34,50,OK
2026-02-15T11:38:54.030Z,0,20.34,50,OK
2026-02-15T11:38:54.081Z,0,20.26,50,OK
2026-02-15T11:38:54.132Z,0,20.09,50,OK
2026-02-15T11:38:54.183Z,0,20.41,50,OK
2026-02-15T11:38:54.233Z,0,20.57,50,OK
2026-02-15T11:38:54.283Z,0,20.36,50,OK
2026-02-15T11:38:54.333Z,0,19.99,50,OK
2026-02-15T11:38:54.384Z,0,20.24,50,OK
2026-02-15T11:38:54.434Z,0,19.87,50,OK
2026-02-15T11:38:54.484Z,0,20.19,50,OK
2026-02-15T11:38:54.534Z,0,19.87,50,OK
2026-02-15T11:38:54.584Z,0,20.26,50,OK
2026-02-15T11:38:54.634Z,0,20.45,50,OK
2026-02-15T11:38:54.685Z,0,20.36,50,OK
2026-02-15T11:38:54.734Z,0,20.49,50,OK
2026-02-15T11:38:54.785Z,0,20.31,50,OK
2026-02-15T11:38:54.835Z,0,20.49,50,OK
2026-02-15T11:38:54.886Z,0,20.49,50,OK
2026-02-15T11:38:54.937Z,0,20.67,50,OK
2026-02-15T11:38:54.987Z,0,19.74,50,OK
2026-02-15T11:38:55.038Z,0,20.65,50,OK
2026-02-15T11:38:55.088Z,0,20.43,50,OK
2026-02-15T11:38:55.138Z,0,20.47,50,OK
2026-02-15T11:38:55.189Z,0,20.31,50,OK
2026-02-15T11:38:55.239Z,0,19.67,50,OK
2026-02-15T11:38:55.288Z,0,20.20,50,OK
2026-02-15T11:38:55.339Z,0,20.54,50,OK
2026-02-15T11:38:55.390Z,0,20.28,50,OK
2026-02-15T11:38:55.441Z,0,19.64,50,OK
2026-02-15T11:38:55.493Z,0,20.22,50,OK
2026-02-15T11:38:55.542Z,0,19.41,50,OK
2026-02-15T11:38:55.593Z,0,20.27,50,OK
2026-02-15T11:38:55.643Z,0,20.73,50,OK
2026-02-15T11:38:55.694Z,0,20.36,50,OK
2026-02-15T11:38:55.745Z,0,19.72,50,OK
2026-02-15T11:38:55.795Z,0,20.28,50,OK
2026-02-15T11:38:55.845Z,0,19.62,50,OK
2026-02-15T11:38:55.895Z,0,20.13,50,OK
2026-02-15T11:38:55.946Z,0,19.54,50,OK
2026-02-15T11:38:55.995Z,0,20.03,50,OK
2026-02-15T11:38:56.045Z,0,20.77,50,OK
2026-02-15T11:38:56.096Z,0,20.33,50,OK
2026-02-15T11:38:56.146Z,0,20.44,50,OK
2026-02-15T11:38:56.196Z,0,20.40,50,OK
2026-02-15T11:38:56.246Z,0,20.36,50,OK
2026-02-15T11:38:56.296Z,0,20.34,50,OK
2026-02-15T11:38:56.346Z,0,20.28,50,OK
2026-02-15T11:38:56.397Z,0,20.25,50,OK
2026-02-15T11:38:56.446Z,0,20.32,50,OK
2026-02-15T11:38:56.496Z,0,20.30,50,OK
2026-02-15T11:38:56.546Z,0,20.18,50,OK
2026-02-15T11:38:56.597Z,0,20.29,50,OK
2026-02-15T11:38:56.647Z,0,20.66,50,OK
2026-02-15T11:38:56.696Z,0,20.32,50,OK
2026-02-15T11:38:56.747Z,0,20.61,50,OK
2026-02-15T11:38:56.796Z,0,20.26,50,OK
2026-02-15T11:38:56.847Z,0,20.52,50,OK
2026-02-15T11:38:56.897Z,0,20.16,50,OK
2026-02-15T11:38:56.947Z,0,20.48,50,OK
2026-02-15T11:38:56.997Z,0,20.23,50,OK
2026-02-15T11:38:57.047Z,0,20.73,50,OK
2026-02-15T11:38:57.097Z,0,20.35,50,OK
2026-02-15T11:38:57.147Z,0,19.64,50,OK
2026-02-15T11:38:57.196Z,0,20.42,50,OK
2026-02-15T11:38:57.247Z,0,20.78,50,OK
2026-02-15T11:38:57.296Z,0,20.23,50,OK
2026-02-15T11:38:57.347Z,0,20.47,50,OK
2026-02-15T11:38:57.398Z,0,20.28,50,OK
2026-02-15T11:38:57.449Z,0,20.46,50,OK
2026-02-15T11:38:57.499Z,0,20.33,50,OK
2026-02-15T11:38:57.548Z,0,20.23,50,OK
2026-02-15T11:38:57.599Z,0,20.24,50,OK
2026-02-15T11:38:57.649Z,0,20.34,50,OK
2026-02-15T11:38:57.700Z,0,20.29,50,OK
2026-02-15T11:38:57.751Z,0,20.42,50,OK
2026-02-15T11:38:57.801Z,0,19.82,50,OK
2026-02-15T11:38:57.851Z,0,20.44,50,OK
2026-02-15T11:38:57.902Z,0,20.30,50,OK
2026-02-15T11:38:57.953Z,0,20.13,50,OK
2026-02-15T11:38:58.003Z,0,20.28,50,OK
2026-02-15T11:38:58.052Z,0,20.21,50,OK
2026-02-15T11:38:58.103Z,0,20.25,50,OK
2026-02-15T11:38:58.154Z,0,20.23,50,OK
2026-02-15T11:38:58.203Z,0,20.25,50,OK
2026-02-15T11:38:58.254Z,0,20.29,50,OK
2026-02-15T11:38:58.304Z,0,20.21,50,OK
2026-02-15T11:38:58.354Z,0,20.19,50,OK
2026-02-15T11:38:58.405Z,0,20.19,50,OK
2026-02-15T11:38:58.455Z,0,20.13,50,OK
2026-02-15T11:38:58.505Z,0,20.26,50,OK
2026-02-15T11:38:58.555Z,0,20.36,50,OK
2026-02-15T11:38:58.604Z,0,20.23,50,OK
2026-02-15T11:38:58.655Z,0,20.32,50,OK
2026-02-15T11:38:58.705Z,0,20.21,50,OK
2026-02-15T11:38:58.755Z,0,20.50,50,OK
2026-02-15T11:38:58.805Z,0,20.29,50,OK
2026-02-15T11:38:58.856Z,0,19.86,50,OK
2026-02-15T11:38:58.905Z,0,20.16,50,OK
2026-02-15T11:38:58.955Z,0,20.39,50,OK
2026-02-15T11:38:59.006Z,0,20.26,50,OK
2026-02-15T11:38:59.057Z,0,19.93,50,OK
2026-02-15T11:38:59.108Z,0,20.18,50,OK
2026-02-15T11:38:59.157Z,0,20.37,50,OK
2026-02-15T11:38:59.208Z,0,20.34,50,OK
2026-02-15T11:38:59.258Z,0,20.35,50,OK
2026-02-15T11:38:59.308Z,0,20.26,50,OK
2026-02-15T11:38:59.358Z,0,20.43,50,OK
2026-02-15T11:38:59.409Z,0,20.14,50,OK
2026-02-15T11:38:59.459Z,0,19.78,50,OK
2026-02-15T11:38:59.509Z,0,20.31,50,OK
2026-02-15T11:38:59.559Z,0,20.46,50,OK
2026-02-15T11:38:59.610Z,0,20.16,50,OK
2026-02-15T11:38:59.660Z,0,20.46,50,OK
2026-02-15T11:38:59.711Z,0,20.28,50,OK
2026-02-15T11:38:59.762Z,0,20.26,50,OK
2026-02-15T11:38:59.811Z,0,20.37,50,OK
2026-02-15T11:38:59.861Z,0,20.23,50,OK
2026-02-15T11:38:59.912Z,0,20.37,50,OK
2026-02-15T11:38:59.962Z,0,20.23,50,OK
2026-02-15T11:39:00.012Z,0,20.08,50,OK
2026-02-15T11:39:00.062Z,0,20.31,50,OK
2026-02-15T11:39:00.112Z,0,19.69,50,OK
2026-02-15T11:39:00.162Z,0,20.26,50,OK
2026-02-15T11:39:00.212Z,0,19.87,50,OK
2026-02-15T11:39:00.262Z,0,20.28,50,OK
2026-02-15T11:39:00.311Z,0,20.22,50,OK
2026-02-15T11:39:00.363Z,0,20.21,50,OK
2026-02-15T11:39:00.413Z,0,20.20,50,OK
2026-02-15T11:39:00.463Z,0,20.47,50,OK
2026-02-15T11:39:00.513Z,0,20.40,50,OK
2026-02-15T11:39:00.564Z,0,20.24,50,OK
2026-02-15T11:39:00.615Z,0,20.23,50,OK
2026-02-15T11:39:00.665Z,0,20.28,50,OK
2026-02-15T11:39:00.714Z,0,20.17,50,OK
2026-02-15T11:39:00.765Z,0,20.37,50,OK
2026-02-15T11:39:00.816Z,0,20.20,50,OK
2026-02-15T11:39:00.866Z,0,20.29,50,OK
2026-02-15T11:39:00.915Z,0,20.26,50,OK
2026-02-15T11:39:00.966Z,0,20.29,50,OK
2026-02-15T11:39:01.017Z,0,20.26,50,OK
2026-02-15T11:39:01.068Z,0,20.31,50,OK
2026-02-15T11:39:01.118Z,0,20.31,50,OK
2026-02-15T11:39:01.167Z,0,20.21,50,OK
2026-02-15T11:39:01.218Z,0,20.23,50,OK
2026-02-15T11:39:01.268Z,0,20.19,50,OK
2026-02-15T11:39:01.319Z,0,20.28,50,OK
2026-02-15T11:39:01.368Z,0,20.23,50,OK
2026-02-15T11:39:01.419Z,0,20.22,50,OK
2026-02-15T11:39:01.468Z,0,20.18,50,OK
2026-02-15T11:39:01.519Z,0,20.09,50,OK
2026-02-15T11:39:01.569Z,0,20.06,50,OK
2026-02-15T11:39:01.619Z,0,20.18,50,OK
2026-02-15T11:39:01.670Z,0,20.33,50,OK
2026-02-15T11:39:01.720Z,0,20.23,50,OK
2026-02-15T11:39:01.771Z,0,20.35,50,OK
2026-02-15T11:39:01.822Z,0,20.21,50,OK
2026-02-15T11:39:01.872Z,0,20.25,50,OK
2026-02-15T11:39:01.923Z,0,20.32,50,OK
2026-02-15T11:39:01.974Z,0,20.23,50,OK
2026-02-15T11:39:02.023Z,0,19.90,50,OK
2026-02-15T11:39:02.074Z,0,20.29,50,OK
2026-02-15T11:39:02.124Z,0,20.28,50,OK
2026-02-15T11:39:02.173Z,0,20.56,50,OK
2026-02-15T11:39:02.224Z,0,20.34,50,OK
2026-02-15T11:39:02.274Z,0,20.30,50,OK
2026-02-15T11:39:02.324Z,0,20.28,50,OK
2026-02-15T11:39:02.375Z,0,20.30,50,OK
2026-02-15T11:39:02.424Z,0,20.34,50,OK
2026-02-15T11:39:02.475Z,0,20.30,50,OK
2026-02-15T11:39:02.526Z,0,20.16,50,OK
2026-02-15T11:39:02.575Z,0,20.22,50,OK
2026-02-15T11:39:02.625Z,0,20.23,50,OK
2026-02-15T11:39:02.675Z,0,20.28,50,OK
2026-02-15T11:39:02.726Z,0,20.46,50,OK
2026-02-15T11:39:02.775Z,0,20.23,50,OK
2026-02-15T11:39:02.826Z,0,20.16,50,OK
2026-02-15T11:39:02.876Z,0,20.26,50,OK
2026-02-15T11:39:02.926Z,0,20.23,50,OK
2026-02-15T11:39:02.977Z,0,20.19,50,OK
2026-02-15T11:39:03.027Z,0,20.10,50,OK
2026-02-15T11:39:03.078Z,0,20.16,50,OK
2026-02-15T11:39:03.128Z,0,20.06,50,OK
2026-02-15T11:39:03.179Z,0,20.14,50,OK
2026-02-15T11:39:03.229Z,0,20.78,50,OK
2026-02-15T11:39:03.279Z,0,20.31,50,OK
2026-02-15T11:39:03.329Z,0,20.34,50,OK
2026-02-15T11:39:03.378Z,0,19.16,50,OK
2026-02-15T11:39:03.429Z,0,20.37,50,OK
2026-02-15T11:39:03.480Z,0,20.23,50,OK
2026-02-15T11:39:03.530Z,0,20.32,50,OK
2026-02-15T11:39:03.580Z,0,20.18,50,OK
2026-02-15T11:39:03.629Z,0,20.34,50,OK
2026-02-15T11:39:03.679Z,0,20.29,50,OK
2026-02-15T11:39:03.730Z,0,20.17,50,OK
2026-02-15T11:39:03.779Z,0,20.29,50,OK
2026-02-15T11:39:03.829Z,0,19.82,50,OK
2026-02-15T11:39:03.879Z,0,20.32,50,OK
2026-02-15T11:39:03.929Z,0,19.82,50,OK
2026-02-15T11:39:03.980Z,0,20.13,50,OK
2026-02-15T11:39:04.030Z,0,20.31,50,OK
2026-02-15T11:39:04.081Z,0,20.14,50,OK
2026-02-15T11:39:04.131Z,0,19.80,50,OK
2026-02-15T11:39:04.182Z,0,20.34,50,OK
2026-02-15T11:39:04.232Z,0,20.93,50,OK
2026-02-15T11:39:04.281Z,0,20.28,50,OK
2026-02-15T11:39:04.332Z,0,20.24,50,OK
2026-02-15T11:39:04.382Z,0,20.42,50,OK
2026-02-15T11:39:04.433Z,0,20.39,50,OK
2026-02-15T11:39:04.483Z,0,20.40,50,OK
2026-02-15T11:39:04.532Z,0,20.37,50,OK
2026-02-15T11:39:04.583Z,0,20.49,50,OK
2026-02-15T11:39:04.633Z,0,20.39,50,OK
2026-02-15T11:39:04.684Z,0,20.30,50,OK
2026-02-15T11:39:04.735Z,0,20.52,50,OK
2026-02-15T11:39:04.785Z,0,20.46,50,OK
2026-02-15T11:39:04.836Z,0,20.36,50,OK
2026-02-15T11:39:04.886Z,0,20.19,50,OK
2026-02-15T11:39:04.936Z,0,20.34,50,OK
2026-02-15T11:39:04.985Z,0,20.49,50,OK
2026-02-15T11:39:05.036Z,0,20.21,50,OK
2026-02-15T11:39:05.085Z,0,20.49,50,OK
2026-02-15T11:39:05.136Z,0,20.27,50,OK
2026-02-15T11:39:05.186Z,0,20.39,50,OK
2026-02-15T11:39:05.236Z,0,20.54,50,OK
2026-02-15T11:39:05.287Z,0,20.49,50,OK
2026-02-15T11:39:05.338Z,0,20.23,50,OK
2026-02-15T11:39:05.388Z,0,20.24,50,OK
2026-02-15T11:39:05.438Z,0,20.35,50,OK
2026-02-15T11:39:05.489Z,0,20.52,50,OK
2026-02-15T11:39:05.540Z,0,20.45,50,OK
2026-02-15T11:39:05.591Z,0,20.32,50,OK
2026-02-15T11:39:05.642Z,0,20.48,50,OK
2026-02-15T11:39:05.692Z,0,20.52,50,OK
2026-02-15T11:39:05.742Z,0,20.50,50,OK
2026-02-15T11:39:05.793Z,0,20.52,50,OK
2026-02-15T11:39:05.844Z,0,20.02,50,OK
2026-02-15T11:39:05.893Z,0,20.39,50,OK
2026-02-15T11:39:05.944Z,0,20.21,50,OK
2026-02-15T11:39:05.994Z,0,20.24,50,OK
2026-02-15T11:39:06.044Z,0,19.75,50,OK
