Timestamp,ActiveRequests,Lag_ms,VirtualLimit,Status,Kp_Used
2026-02-15T14:33:17.467Z,0,30.87,19,OK,0.1
2026-02-15T14:33:17.517Z,0,25.43,18,OK,0.1
2026-02-15T14:33:17.567Z,0,23.70,19,OK,0.1
2026-02-15T14:33:17.617Z,0,22.77,20,OK,0.1
2026-02-15T14:33:17.667Z,0,22.31,21,OK,0.1
2026-02-15T14:33:17.717Z,0,20.27,22,OK,0.1
2026-02-15T14:33:17.768Z,0,20.38,23,OK,0.1
2026-02-15T14:33:17.818Z,0,20.34,24,OK,0.1
2026-02-15T14:33:17.868Z,0,20.40,25,OK,0.1
2026-02-15T14:33:17.919Z,0,20.36,26,OK,0.1
2026-02-15T14:33:17.969Z,0,20.29,27,OK,0.1
2026-02-15T14:33:18.020Z,0,20.32,28,OK,0.1
2026-02-15T14:33:18.070Z,0,20.40,29,OK,0.1
2026-02-15T14:33:18.120Z,0,20.40,30,OK,0.1
2026-02-15T14:33:18.170Z,0,20.48,31,OK,0.1
2026-02-15T14:33:18.220Z,0,20.52,32,OK,0.1
2026-02-15T14:33:18.271Z,0,20.46,33,OK,0.1
2026-02-15T14:33:18.321Z,0,20.47,34,OK,0.1
2026-02-15T14:33:18.371Z,0,20.46,35,OK,0.1
2026-02-15T14:33:18.422Z,0,20.37,36,OK,0.1
2026-02-15T14:33:18.473Z,0,20.31,37,OK,0.1
2026-02-15T14:33:18.523Z,0,20.29,38,OK,0.1
2026-02-15T14:33:18.573Z,0,20.25,39,OK,0.1
2026-02-15T14:33:18.624Z,0,20.25,40,OK,0.1
2026-02-15T14:33:18.674Z,0,20.26,41,OK,0.1
2026-02-15T14:33:18.724Z,0,20.27,42,OK,0.1
2026-02-15T14:33:18.774Z,0,20.29,43,OK,0.1
2026-02-15T14:33:18.825Z,0,20.28,44,OK,0.1
2026-02-15T14:33:18.875Z,0,20.27,45,OK,0.1
2026-02-15T14:33:18.925Z,0,20.25,46,OK,0.1
2026-02-15T14:33:18.975Z,0,20.24,47,OK,0.1
2026-02-15T14:33:19.025Z,0,20.21,48,OK,0.1
2026-02-15T14:33:19.075Z,0,20.22,49,OK,0.1
2026-02-15T14:33:19.126Z,0,20.24,50,OK,0.1
2026-02-15T14:33:19.175Z,0,20.27,50,OK,0.1
2026-02-15T14:33:19.225Z,0,20.22,50,OK,0.1
2026-02-15T14:33:19.275Z,0,20.21,50,OK,0.1
2026-02-15T14:33:19.326Z,0,20.18,50,OK,0.1
2026-02-15T14:33:19.377Z,0,20.21,50,OK,0.1
2026-02-15T14:33:19.427Z,0,20.14,50,OK,0.1
2026-02-15T14:33:19.478Z,0,20.18,50,OK,0.1
2026-02-15T14:33:19.528Z,0,20.23,50,OK,0.1
2026-02-15T14:33:19.578Z,0,20.26,50,OK,0.1
2026-02-15T14:33:19.629Z,0,20.23,50,OK,0.1
2026-02-15T14:33:19.680Z,0,20.29,50,OK,0.1
2026-02-15T14:33:19.731Z,0,20.30,50,OK,0.1
2026-02-15T14:33:19.781Z,0,20.26,50,OK,0.1
2026-02-15T14:33:19.831Z,0,20.28,50,OK,0.1
2026-02-15T14:33:19.881Z,0,20.26,50,OK,0.1
2026-02-15T14:33:19.931Z,0,20.32,50,OK,0.1
2026-02-15T14:33:19.981Z,0,20.14,50,OK,0.1
2026-02-15T14:33:20.032Z,0,20.19,50,OK,0.1
2026-02-15T14:33:20.082Z,0,20.21,50,OK,0.1
2026-02-15T14:33:20.133Z,0,20.16,50,OK,0.1
2026-02-15T14:33:20.183Z,0,20.12,50,OK,0.1
2026-02-15T14:33:20.234Z,0,20.38,50,OK,0.1
2026-02-15T14:33:20.285Z,0,20.36,50,OK,0.1
2026-02-15T14:33:20.336Z,0,20.31,50,OK,0.1
2026-02-15T14:33:20.387Z,0,20.39,50,OK,0.1
2026-02-15T14:33:20.438Z,0,20.35,50,OK,0.1
2026-02-15T14:33:20.489Z,0,20.29,50,OK,0.1
2026-02-15T14:33:20.540Z,0,20.29,50,OK,0.1
2026-02-15T14:33:20.591Z,0,20.32,50,OK,0.1
2026-02-15T14:33:20.641Z,0,20.45,50,OK,0.1
2026-02-15T14:33:20.692Z,0,20.50,50,OK,0.1
2026-02-15T14:33:20.743Z,0,20.47,50,OK,0.1
2026-02-15T14:33:20.794Z,0,20.48,50,OK,0.1
2026-02-15T14:33:20.845Z,0,20.44,50,OK,0.1
2026-02-15T14:33:20.896Z,0,20.32,50,OK,0.1
2026-02-15T14:33:20.947Z,0,20.28,50,OK,0.1
2026-02-15T14:33:20.997Z,0,20.30,50,OK,0.1
2026-02-15T14:33:21.048Z,0,20.28,50,OK,0.1
2026-02-15T14:33:21.099Z,0,20.35,50,OK,0.1
2026-02-15T14:33:21.150Z,0,20.32,50,OK,0.1
2026-02-15T14:33:21.200Z,0,20.36,50,OK,0.1
2026-02-15T14:33:21.250Z,0,20.53,50,OK,0.1
2026-02-15T14:33:21.300Z,0,20.53,50,OK,0.1
2026-02-15T14:33:21.350Z,0,20.55,50,OK,0.1
2026-02-15T14:33:21.401Z,0,20.60,50,OK,0.1
2026-02-15T14:33:21.452Z,0,20.57,50,OK,0.1
2026-02-15T14:33:21.503Z,0,20.44,50,OK,0.1
2026-02-15T14:33:21.554Z,0,20.42,50,OK,0.1
2026-02-15T14:33:21.604Z,0,20.34,50,OK,0.1
2026-02-15T14:33:21.654Z,0,20.30,50,OK,0.1
2026-02-15T14:33:21.704Z,0,20.30,50,OK,0.1
2026-02-15T14:33:21.754Z,0,20.19,50,OK,0.1
2026-02-15T14:33:21.804Z,0,20.25,50,OK,0.1
2026-02-15T14:33:21.855Z,0,20.21,50,OK,0.1
2026-02-15T14:33:21.905Z,0,20.22,50,OK,0.1
2026-02-15T14:33:21.955Z,0,20.31,50,OK,0.1
2026-02-15T14:33:22.006Z,0,20.40,50,OK,0.1
2026-02-15T14:33:22.057Z,0,20.42,50,OK,0.1
2026-02-15T14:33:22.108Z,0,20.48,50,OK,0.1
2026-02-15T14:33:22.158Z,0,20.39,50,OK,0.1
2026-02-15T14:33:22.209Z,0,20.32,50,OK,0.1
2026-02-15T14:33:22.260Z,0,20.26,50,OK,0.1
2026-02-15T14:33:22.310Z,0,20.26,50,OK,0.1
2026-02-15T14:33:22.361Z,0,20.22,50,OK,0.1
2026-02-15T14:33:22.412Z,0,20.29,50,OK,0.1
2026-02-15T14:33:22.462Z,0,20.38,50,OK,0.1
2026-02-15T14:33:22.512Z,0,20.43,50,OK,0.1
2026-02-15T14:33:22.562Z,0,20.37,50,OK,0.1
2026-02-15T14:33:22.612Z,0,20.42,50,OK,0.1
2026-02-15T14:33:22.662Z,0,20.43,50,OK,0.1
2026-02-15T14:33:22.712Z,0,20.36,50,OK,0.1
2026-02-15T14:33:22.762Z,0,20.26,50,OK,0.1
2026-02-15T14:33:22.813Z,0,20.13,50,OK,0.1
2026-02-15T14:33:22.862Z,0,19.98,50,OK,0.1
2026-02-15T14:33:22.912Z,0,19.87,50,OK,0.1
2026-02-15T14:33:22.962Z,0,19.72,50,OK,0.1
2026-02-15T14:33:23.013Z,0,19.76,50,OK,0.1
2026-02-15T14:33:23.063Z,0,20.01,50,OK,0.1
2026-02-15T14:33:23.114Z,0,20.18,50,OK,0.1
2026-02-15T14:33:23.164Z,0,20.35,50,OK,0.1
2026-02-15T14:33:23.214Z,0,20.54,50,OK,0.1
2026-02-15T14:33:23.264Z,0,20.70,50,OK,0.1
2026-02-15T14:33:23.315Z,0,20.61,50,OK,0.1
2026-02-15T14:33:23.366Z,0,20.51,50,OK,0.1
2026-02-15T14:33:23.417Z,0,20.42,50,OK,0.1
2026-02-15T14:33:23.467Z,0,20.50,50,OK,0.1
2026-02-15T14:33:23.518Z,0,20.42,50,OK,0.1
2026-02-15T14:33:23.568Z,0,20.35,50,OK,0.1
2026-02-15T14:33:23.618Z,0,20.41,50,OK,0.1
2026-02-15T14:33:23.668Z,0,20.38,50,OK,0.1
2026-02-15T14:33:23.718Z,0,20.30,50,OK,0.1
2026-02-15T14:33:23.768Z,0,20.17,50,OK,0.1
2026-02-15T14:33:23.818Z,0,20.21,50,OK,0.1
2026-02-15T14:33:23.868Z,0,20.09,50,OK,0.1
2026-02-15T14:33:23.919Z,0,20.10,50,OK,0.1
2026-02-15T14:33:23.970Z,0,20.03,50,OK,0.1
2026-02-15T14:33:24.020Z,0,20.14,50,OK,0.1
2026-02-15T14:33:24.070Z,0,20.01,50,OK,0.1
2026-02-15T14:33:24.120Z,0,20.16,50,OK,0.1
2026-02-15T14:33:24.171Z,0,20.27,50,OK,0.1
2026-02-15T14:33:24.222Z,0,20.33,50,OK,0.1
2026-02-15T14:33:24.272Z,0,20.42,50,OK,0.1
2026-02-15T14:33:24.322Z,0,20.57,50,OK,0.1
2026-02-15T14:33:24.374Z,0,20.54,50,OK,0.1
2026-02-15T14:33:24.424Z,0,20.43,50,OK,0.1
2026-02-15T14:33:24.474Z,0,20.36,50,OK,0.1
2026-02-15T14:33:24.525Z,0,20.26,50,OK,0.1
2026-02-15T14:33:24.575Z,0,20.27,50,OK,0.1
2026-02-15T14:33:24.625Z,0,20.27,50,OK,0.1
2026-02-15T14:33:24.675Z,0,20.36,50,OK,0.1
2026-02-15T14:33:24.726Z,0,20.39,50,OK,0.1
2026-02-15T14:33:24.776Z,0,20.39,50,OK,0.1
2026-02-15T14:33:24.826Z,0,20.34,50,OK,0.1
2026-02-15T14:33:24.877Z,0,20.29,50,OK,0.1
2026-02-15T14:33:24.928Z,0,20.24,50,OK,0.1
2026-02-15T14:33:24.979Z,0,20.23,50,OK,0.1
2026-02-15T14:33:25.030Z,0,20.23,50,OK,0.1
2026-02-15T14:33:25.080Z,0,20.21,50,OK,0.1
2026-02-15T14:33:25.130Z,0,20.29,50,OK,0.1
2026-02-15T14:33:25.180Z,0,20.12,50,OK,0.1
2026-02-15T14:33:25.231Z,0,20.14,50,OK,0.1
2026-02-15T14:33:25.281Z,0,20.22,50,OK,0.1
2026-02-15T14:33:25.331Z,0,20.26,50,OK,0.1
2026-02-15T14:33:25.381Z,1,16.20,50,OK,0.1
2026-02-15T14:33:25.432Z,0,16.35,50,OK,0.1
2026-02-15T14:33:25.482Z,0,16.35,50,OK,0.1
2026-02-15T14:33:25.532Z,0,18.58,50,OK,0.1
2026-02-15T14:33:25.582Z,0,18.54,50,OK,0.1
2026-02-15T14:33:25.632Z,0,22.57,50,OK,0.1
2026-02-15T14:33:25.682Z,0,22.53,50,OK,0.1
2026-02-15T14:33:25.732Z,0,22.54,50,OK,0.1
2026-02-15T14:33:25.783Z,0,20.24,50,OK,0.1
2026-02-15T14:33:25.834Z,0,20.26,50,OK,0.1
2026-02-15T14:33:25.884Z,0,20.30,50,OK,0.1
2026-02-15T14:33:25.939Z,1,20.33,50,OK,0.1
2026-02-15T14:33:25.989Z,0,20.22,50,OK,0.1
2026-02-15T14:33:26.039Z,0,20.23,50,OK,0.1
2026-02-15T14:33:26.089Z,0,20.29,50,OK,0.1
2026-02-15T14:33:26.140Z,0,20.17,50,OK,0.1
2026-02-15T14:33:26.191Z,0,20.21,50,OK,0.1
2026-02-15T14:33:26.242Z,0,20.33,50,OK,0.1
2026-02-15T14:33:26.293Z,0,20.37,50,OK,0.1
2026-02-15T14:33:26.344Z,0,20.30,50,OK,0.1
2026-02-15T14:33:26.395Z,0,20.47,50,OK,0.1
2026-02-15T14:33:26.445Z,0,20.38,50,OK,0.1
2026-02-15T14:33:26.495Z,0,20.41,50,OK,0.1
2026-02-15T14:33:26.546Z,0,20.41,50,OK,0.1
2026-02-15T14:33:26.597Z,0,20.41,50,OK,0.1
2026-02-15T14:33:26.648Z,0,20.38,50,OK,0.1
2026-02-15T14:33:26.698Z,0,20.41,50,OK,0.1
2026-02-15T14:33:26.749Z,0,20.36,50,OK,0.1
2026-02-15T14:33:26.799Z,0,20.26,50,OK,0.1
2026-02-15T14:33:26.850Z,0,20.30,50,OK,0.1
2026-02-15T14:33:26.900Z,0,20.29,50,OK,0.1
2026-02-15T14:33:26.956Z,1,20.28,50,OK,0.1
2026-02-15T14:33:27.006Z,0,20.31,50,OK,0.1
2026-02-15T14:33:27.057Z,0,20.34,50,OK,0.1
2026-02-15T14:33:27.108Z,0,20.27,50,OK,0.1
2026-02-15T14:33:27.158Z,1,20.28,50,OK,0.1
2026-02-15T14:33:27.209Z,1,20.25,50,OK,0.1
2026-02-15T14:33:27.259Z,1,20.28,50,OK,0.1
2026-02-15T14:33:27.310Z,1,20.27,50,OK,0.1
2026-02-15T14:33:27.361Z,1,20.33,50,OK,0.1
2026-02-15T14:33:27.412Z,1,20.31,50,OK,0.1
2026-02-15T14:33:27.462Z,1,20.35,50,OK,0.1
2026-02-15T14:33:27.512Z,1,20.34,50,OK,0.1
2026-02-15T14:33:27.562Z,1,20.38,50,OK,0.1
2026-02-15T14:33:27.612Z,1,20.25,50,OK,0.1
2026-02-15T14:33:27.662Z,1,20.29,50,OK,0.1
2026-02-15T14:33:27.712Z,1,20.15,50,OK,0.1
2026-02-15T14:33:27.763Z,1,20.17,50,OK,0.1
2026-02-15T14:33:27.813Z,1,20.26,50,OK,0.1
2026-02-15T14:33:27.864Z,1,20.38,50,OK,0.1
2026-02-15T14:33:27.916Z,1,20.50,50,OK,0.1
2026-02-15T14:33:27.968Z,2,20.78,50,OK,0.1
2026-02-15T14:33:28.018Z,1,20.89,50,OK,0.1
2026-02-15T14:33:28.069Z,1,20.79,50,OK,0.1
2026-02-15T14:33:28.120Z,1,20.87,50,OK,0.1
2026-02-15T14:33:28.171Z,1,20.69,50,OK,0.1
2026-02-15T14:33:28.222Z,1,20.59,50,OK,0.1
2026-02-15T14:33:28.273Z,1,20.44,50,OK,0.1
2026-02-15T14:33:28.323Z,1,20.28,50,OK,0.1
2026-02-15T14:33:28.373Z,1,20.17,50,OK,0.1
2026-02-15T14:33:28.423Z,1,20.28,50,OK,0.1
2026-02-15T14:33:28.474Z,1,20.18,50,OK,0.1
2026-02-15T14:33:28.524Z,1,20.08,50,OK,0.1
2026-02-15T14:33:28.575Z,1,20.19,50,OK,0.1
2026-02-15T14:33:28.625Z,1,20.32,50,OK,0.1
2026-02-15T14:33:28.675Z,1,20.26,50,OK,0.1
2026-02-15T14:33:28.725Z,1,20.29,50,OK,0.1
2026-02-15T14:33:28.776Z,1,20.42,50,OK,0.1
2026-02-15T14:33:28.826Z,1,20.50,50,OK,0.1
2026-02-15T14:33:28.878Z,1,20.40,50,OK,0.1
2026-02-15T14:33:28.928Z,1,20.52,50,OK,0.1
2026-02-15T14:33:28.981Z,2,20.51,50,OK,0.1
2026-02-15T14:33:29.031Z,1,20.49,50,OK,0.1
2026-02-15T14:33:29.081Z,1,20.47,50,OK,0.1
2026-02-15T14:33:29.131Z,1,20.47,50,OK,0.1
2026-02-15T14:33:29.181Z,0,20.34,50,OK,0.1
2026-02-15T14:33:29.231Z,0,20.40,50,OK,0.1
2026-02-15T14:33:29.281Z,0,20.40,50,OK,0.1
2026-02-15T14:33:29.335Z,0,20.65,50,OK,0.1
2026-02-15T14:33:29.385Z,0,20.70,50,OK,0.1
2026-02-15T14:33:29.435Z,0,20.69,50,OK,0.1
2026-02-15T14:33:29.485Z,0,20.66,50,OK,0.1
2026-02-15T14:33:29.536Z,0,20.55,50,OK,0.1
2026-02-15T14:33:29.587Z,0,20.32,50,OK,0.1
2026-02-15T14:33:29.638Z,0,20.22,50,OK,0.1
2026-02-15T14:33:29.688Z,0,20.25,50,OK,0.1
2026-02-15T14:33:29.739Z,1,20.29,50,OK,0.1
2026-02-15T14:33:29.790Z,1,20.41,50,OK,0.1
2026-02-15T14:33:29.841Z,1,20.36,50,OK,0.1
2026-02-15T14:33:29.891Z,1,20.38,50,OK,0.1
2026-02-15T14:33:30.090Z,1,35.92,48,OK,0.1
2026-02-15T14:33:30.234Z,1,56.36,44,OK,0.1
2026-02-15T14:33:30.285Z,1,56.32,40,OK,0.1
2026-02-15T14:33:30.335Z,1,56.76,36,OK,0.1
2026-02-15T14:33:30.444Z,1,74.40,31,OK,0.1
2026-02-15T14:33:30.495Z,1,58.80,27,OK,0.1
2026-02-15T14:33:30.546Z,1,38.27,25,OK,0.1
2026-02-15T14:33:30.596Z,1,38.27,23,OK,0.1
2026-02-15T14:33:30.646Z,1,37.85,21,OK,0.1
2026-02-15T14:33:30.697Z,1,20.31,22,OK,0.1
2026-02-15T14:33:30.900Z,1,54.56,19,OK,0.1
2026-02-15T14:33:30.950Z,1,54.59,16,OK,0.1
2026-02-15T14:33:31.000Z,1,54.60,13,OK,0.1
2026-02-15T14:33:31.050Z,1,54.61,10,OK,0.1
2026-02-15T14:33:31.101Z,3,54.57,7,OK,0.1
2026-02-15T14:33:31.151Z,2,20.30,8,OK,0.1
2026-02-15T14:33:31.202Z,2,20.33,9,OK,0.1
2026-02-15T14:33:31.252Z,3,20.38,10,OK,0.1
2026-02-15T14:33:31.302Z,3,20.39,11,OK,0.1
2026-02-15T14:33:31.472Z,3,49.02,8,OK,0.1
2026-02-15T14:33:31.602Z,4,60.97,5,OK,0.1
2026-02-15T14:33:31.652Z,3,60.97,5,OK,0.1
2026-02-15T14:33:31.703Z,3,60.92,5,OK,0.1
2026-02-15T14:33:31.753Z,2,61.17,5,OK,0.1
2026-02-15T14:33:31.803Z,2,32.54,5,OK,0.1
2026-02-15T14:33:31.854Z,2,20.62,6,OK,0.1
2026-02-15T14:33:31.904Z,2,20.64,7,OK,0.1
2026-02-15T14:33:32.018Z,2,29.56,6,OK,0.1
2026-02-15T14:33:32.069Z,2,29.31,5,OK,0.1
2026-02-15T14:33:32.119Z,2,29.32,5,OK,0.1
2026-02-15T14:33:32.170Z,2,29.30,5,OK,0.1
2026-02-15T14:33:32.219Z,2,29.31,5,OK,0.1
2026-02-15T14:33:32.269Z,2,20.30,6,OK,0.1
2026-02-15T14:33:32.319Z,2,20.30,7,OK,0.1
2026-02-15T14:33:32.370Z,2,20.31,8,OK,0.1
2026-02-15T14:33:32.421Z,2,20.34,9,OK,0.1
2026-02-15T14:33:32.471Z,2,20.29,10,OK,0.1
2026-02-15T14:33:32.521Z,2,20.36,11,OK,0.1
2026-02-15T14:33:32.571Z,2,20.38,12,OK,0.1
2026-02-15T14:33:32.623Z,4,20.14,13,OK,0.1
2026-02-15T14:33:32.674Z,3,20.14,14,OK,0.1
2026-02-15T14:33:32.724Z,3,20.17,15,OK,0.1
2026-02-15T14:33:32.774Z,3,20.19,16,OK,0.1
2026-02-15T14:33:32.824Z,3,20.19,17,OK,0.1
2026-02-15T14:33:32.875Z,3,20.38,18,OK,0.1
2026-02-15T14:33:32.925Z,3,20.40,19,OK,0.1
2026-02-15T14:33:32.975Z,3,20.38,20,OK,0.1
2026-02-15T14:33:33.025Z,4,20.41,21,OK,0.1
2026-02-15T14:33:33.076Z,3,20.41,22,OK,0.1
2026-02-15T14:33:33.130Z,2,20.73,23,OK,0.1
2026-02-15T14:33:33.180Z,2,20.69,24,OK,0.1
2026-02-15T14:33:33.230Z,2,20.65,25,OK,0.1
2026-02-15T14:33:33.391Z,1,45.74,22,OK,0.1
2026-02-15T14:33:33.442Z,1,45.71,19,OK,0.1
2026-02-15T14:33:33.493Z,2,45.41,16,OK,0.1
2026-02-15T14:33:33.543Z,2,45.41,13,OK,0.1
2026-02-15T14:33:33.593Z,2,45.50,10,OK,0.1
2026-02-15T14:33:33.644Z,4,20.38,11,OK,0.1
2026-02-15T14:33:33.695Z,4,20.40,12,OK,0.1
2026-02-15T14:33:33.745Z,4,20.52,13,OK,0.1
2026-02-15T14:33:33.796Z,4,20.58,14,OK,0.1
2026-02-15T14:33:33.846Z,4,20.57,15,OK,0.1
2026-02-15T14:33:33.897Z,4,20.56,16,OK,0.1
2026-02-15T14:33:33.947Z,4,20.57,17,OK,0.1
2026-02-15T14:33:33.997Z,4,20.44,18,OK,0.1
2026-02-15T14:33:34.162Z,4,32.13,17,OK,0.1
2026-02-15T14:33:34.280Z,6,41.64,15,OK,0.1
2026-02-15T14:33:34.332Z,4,41.58,13,OK,0.1
2026-02-15T14:33:34.382Z,4,41.62,11,OK,0.1
2026-02-15T14:33:34.432Z,4,41.62,9,OK,0.1
2026-02-15T14:33:34.483Z,4,29.77,8,OK,0.1
2026-02-15T14:33:34.535Z,5,20.21,9,OK,0.1
2026-02-15T14:33:34.586Z,4,20.33,10,OK,0.1
2026-02-15T14:33:34.636Z,3,20.37,11,OK,0.1
2026-02-15T14:33:34.686Z,3,20.28,12,OK,0.1
2026-02-15T14:33:34.736Z,4,20.38,13,OK,0.1
2026-02-15T14:33:34.786Z,3,20.44,14,OK,0.1
2026-02-15T14:33:34.837Z,3,20.37,15,OK,0.1
2026-02-15T14:33:34.887Z,3,20.28,16,OK,0.1
2026-02-15T14:33:34.937Z,3,20.31,17,OK,0.1
2026-02-15T14:33:34.987Z,3,20.35,18,OK,0.1
2026-02-15T14:33:35.037Z,3,20.37,19,OK,0.1
2026-02-15T14:33:35.087Z,3,20.35,20,OK,0.1
2026-02-15T14:33:35.137Z,3,20.27,21,OK,0.1
2026-02-15T14:33:35.188Z,3,20.31,22,OK,0.1
2026-02-15T14:33:35.239Z,3,20.27,23,OK,0.1
2026-02-15T14:33:35.509Z,3,20.25,24,OK,0.1
2026-02-15T14:33:35.560Z,3,20.13,25,OK,0.1
2026-02-15T14:33:35.610Z,3,20.19,26,OK,0.1
2026-02-15T14:33:35.660Z,1,20.09,27,OK,0.1
2026-02-15T14:33:35.710Z,1,20.07,28,OK,0.1
2026-02-15T14:33:35.761Z,1,20.04,29,OK,0.1
2026-02-15T14:33:35.963Z,1,54.11,26,OK,0.1
2026-02-15T14:33:36.013Z,1,54.24,23,OK,0.1
2026-02-15T14:33:36.063Z,1,54.34,20,OK,0.1
2026-02-15T14:33:36.114Z,1,54.38,17,OK,0.1
2026-02-15T14:33:36.221Z,1,61.72,13,OK,0.1
2026-02-15T14:33:36.271Z,1,27.78,12,OK,0.1
2026-02-15T14:33:36.321Z,1,27.56,11,OK,0.1
2026-02-15T14:33:36.371Z,1,27.58,10,OK,0.1
2026-02-15T14:33:36.422Z,1,27.59,9,OK,0.1
2026-02-15T14:33:36.472Z,1,20.25,10,OK,0.1
2026-02-15T14:33:36.527Z,4,20.26,11,OK,0.1
2026-02-15T14:33:36.672Z,2,30.77,10,OK,0.1
2026-02-15T14:33:36.846Z,5,51.47,7,OK,0.1
2026-02-15T14:33:36.896Z,2,51.42,5,OK,0.1
2026-02-15T14:33:36.946Z,2,51.42,5,OK,0.1
2026-02-15T14:33:36.997Z,2,51.49,5,OK,0.1
2026-02-15T14:33:37.048Z,2,41.09,5,OK,0.1
2026-02-15T14:33:37.098Z,2,20.35,6,OK,0.1
2026-02-15T14:33:37.148Z,2,20.38,7,OK,0.1
2026-02-15T14:33:37.199Z,2,20.40,8,OK,0.1
2026-02-15T14:33:37.390Z,2,51.40,5,OK,0.1
2026-02-15T14:33:37.440Z,3,51.39,5,OK,0.1
2026-02-15T14:33:37.490Z,3,51.39,5,OK,0.1
2026-02-15T14:33:37.540Z,2,51.37,5,OK,0.1
2026-02-15T14:33:37.591Z,2,51.27,5,OK,0.1
2026-02-15T14:33:37.641Z,2,20.20,6,OK,0.1
2026-02-15T14:33:37.691Z,2,20.22,7,OK,0.1
2026-02-15T14:33:37.742Z,2,20.20,8,OK,0.1
2026-02-15T14:33:37.792Z,2,20.19,9,OK,0.1
2026-02-15T14:33:37.842Z,2,20.27,10,OK,0.1
2026-02-15T14:33:37.892Z,4,20.16,11,OK,0.1
2026-02-15T14:33:37.942Z,5,20.19,12,OK,0.1
2026-02-15T14:33:37.993Z,5,20.41,13,OK,0.1
2026-02-15T14:33:38.044Z,5,20.47,14,OK,0.1
2026-02-15T14:33:38.259Z,5,56.20,10,OK,0.1
2026-02-15T14:33:38.309Z,5,56.30,6,OK,0.1
2026-02-15T14:33:38.360Z,5,56.26,5,SATURATED,0.1
2026-02-15T14:33:38.411Z,5,56.01,5,SATURATED,0.1
2026-02-15T14:33:38.462Z,5,56.01,5,SATURATED,0.1
2026-02-15T14:33:38.512Z,5,20.28,6,OK,0.1
2026-02-15T14:33:38.685Z,4,40.80,5,OK,0.1
2026-02-15T14:33:38.736Z,4,40.81,5,OK,0.1
2026-02-15T14:33:38.786Z,4,40.91,5,OK,0.1
2026-02-15T14:33:38.837Z,4,40.80,5,OK,0.1
2026-02-15T14:33:38.991Z,4,65.68,5,OK,0.1
2026-02-15T14:33:39.041Z,4,45.14,5,OK,0.1
2026-02-15T14:33:39.093Z,4,45.20,5,OK,0.1
2026-02-15T14:33:39.143Z,4,45.17,5,OK,0.1
2026-02-15T14:33:39.194Z,4,45.25,5,OK,0.1
2026-02-15T14:33:39.244Z,4,20.45,6,OK,0.1
2026-02-15T14:33:39.295Z,4,20.30,7,OK,0.1
2026-02-15T14:33:39.346Z,4,20.31,8,OK,0.1
2026-02-15T14:33:39.398Z,3,20.32,9,OK,0.1
2026-02-15T14:33:39.447Z,3,20.25,10,OK,0.1
2026-02-15T14:33:39.498Z,3,20.19,11,OK,0.1
2026-02-15T14:33:39.548Z,3,20.44,12,OK,0.1
2026-02-15T14:33:39.598Z,3,20.36,13,OK,0.1
2026-02-15T14:33:39.648Z,3,20.39,14,OK,0.1
2026-02-15T14:33:39.917Z,3,20.47,15,OK,0.1
2026-02-15T14:33:40.165Z,9,64.91,11,OK,0.1
2026-02-15T14:33:40.215Z,1,64.66,7,OK,0.1
2026-02-15T14:33:40.265Z,1,64.63,5,OK,0.1
2026-02-15T14:33:40.315Z,1,64.51,5,OK,0.1
2026-02-15T14:33:40.366Z,1,64.49,5,OK,0.1
2026-02-15T14:33:40.416Z,1,19.92,6,OK,0.1
2026-02-15T14:33:40.466Z,1,20.06,7,OK,0.1
2026-02-15T14:33:40.516Z,1,20.08,8,OK,0.1
2026-02-15T14:33:40.567Z,1,20.24,9,OK,0.1
2026-02-15T14:33:40.618Z,1,20.23,10,OK,0.1
2026-02-15T14:33:40.669Z,1,20.34,11,OK,0.1
2026-02-15T14:33:40.714Z,1,20.37,12,OK,0.1
2026-02-15T14:33:40.764Z,1,20.37,13,OK,0.1
2026-02-15T14:33:40.814Z,1,20.28,14,OK,0.1
2026-02-15T14:33:40.865Z,1,20.30,15,OK,0.1
2026-02-15T14:33:40.915Z,2,20.32,16,OK,0.1
2026-02-15T14:33:40.965Z,3,20.31,17,OK,0.1
2026-02-15T14:33:41.015Z,3,20.26,18,OK,0.1
2026-02-15T14:33:41.065Z,3,20.25,19,OK,0.1
2026-02-15T14:33:41.115Z,3,20.25,20,OK,0.1
2026-02-15T14:33:41.167Z,3,20.40,21,OK,0.1
2026-02-15T14:33:41.217Z,3,20.47,22,OK,0.1
2026-02-15T14:33:41.267Z,3,20.54,23,OK,0.1
2026-02-15T14:33:41.317Z,4,20.62,24,OK,0.1
2026-02-15T14:33:41.367Z,4,20.55,25,OK,0.1
2026-02-15T14:33:41.416Z,4,20.35,26,OK,0.1
2026-02-15T14:33:41.467Z,4,20.28,27,OK,0.1
2026-02-15T14:33:41.518Z,4,20.25,28,OK,0.1
2026-02-15T14:33:41.569Z,4,20.16,29,OK,0.1
2026-02-15T14:33:41.619Z,4,20.23,30,OK,0.1
2026-02-15T14:33:41.669Z,4,20.26,31,OK,0.1
2026-02-15T14:33:41.719Z,4,20.25,32,OK,0.1
2026-02-15T14:33:41.769Z,4,20.25,33,OK,0.1
2026-02-15T14:33:41.820Z,4,20.27,34,OK,0.1
2026-02-15T14:33:41.870Z,4,20.26,35,OK,0.1
2026-02-15T14:33:41.922Z,3,20.28,36,OK,0.1
2026-02-15T14:33:41.972Z,3,20.35,37,OK,0.1
2026-02-15T14:33:42.022Z,3,20.40,38,OK,0.1
2026-02-15T14:33:42.071Z,3,20.33,39,OK,0.1
2026-02-15T14:33:42.123Z,3,20.36,40,OK,0.1
2026-02-15T14:33:42.173Z,4,20.36,41,OK,0.1
2026-02-15T14:33:42.465Z,6,60.33,35,OK,0.1
2026-02-15T14:33:42.350Z,6,41.44,39,OK,0.1
2026-02-15T14:33:42.515Z,5,60.37,31,OK,0.1
2026-02-15T14:33:42.652Z,5,60.32,27,OK,0.1
2026-02-15T14:33:42.702Z,5,60.32,23,OK,0.1
2026-02-15T14:33:42.753Z,5,39.11,21,OK,0.1
2026-02-15T14:33:42.803Z,5,20.19,22,OK,0.1
2026-02-15T14:33:42.854Z,5,20.24,23,OK,0.1
2026-02-15T14:33:42.904Z,5,20.21,24,OK,0.1
2026-02-15T14:33:42.954Z,3,20.16,25,OK,0.1
2026-02-15T14:33:43.004Z,3,20.22,26,OK,0.1
2026-02-15T14:33:43.054Z,3,20.23,27,OK,0.1
2026-02-15T14:33:43.106Z,3,20.20,28,OK,0.1
2026-02-15T14:33:43.156Z,3,20.11,29,OK,0.1
2026-02-15T14:33:43.208Z,6,20.09,30,OK,0.1
2026-02-15T14:33:43.258Z,4,20.10,31,OK,0.1
2026-02-15T14:33:43.308Z,3,20.09,32,OK,0.1
2026-02-15T14:33:43.526Z,3,49.63,29,OK,0.1
2026-02-15T14:33:43.578Z,5,50.59,26,OK,0.1
2026-02-15T14:33:43.629Z,3,50.69,23,OK,0.1
2026-02-15T14:33:43.679Z,3,50.78,20,OK,0.1
2026-02-15T14:33:43.731Z,3,50.80,17,OK,0.1
2026-02-15T14:33:43.782Z,3,21.15,18,OK,0.1
2026-02-15T14:33:43.831Z,3,20.32,19,OK,0.1
2026-02-15T14:33:43.881Z,3,20.33,20,OK,0.1
2026-02-15T14:33:43.931Z,5,20.26,21,OK,0.1
2026-02-15T14:33:43.981Z,4,20.26,22,OK,0.1
2026-02-15T14:33:44.031Z,4,20.43,23,OK,0.1
2026-02-15T14:33:44.081Z,4,20.44,24,OK,0.1
2026-02-15T14:33:44.134Z,5,20.40,25,OK,0.1
2026-02-15T14:33:44.184Z,5,20.32,26,OK,0.1
2026-02-15T14:33:44.235Z,3,20.57,27,OK,0.1
2026-02-15T14:33:44.352Z,3,29.84,26,OK,0.1
2026-02-15T14:33:44.404Z,4,29.84,25,OK,0.1
2026-02-15T14:33:44.454Z,4,29.89,24,OK,0.1
2026-02-15T14:33:44.505Z,4,29.96,23,OK,0.1
2026-02-15T14:33:44.554Z,4,29.70,22,OK,0.1
2026-02-15T14:33:44.605Z,4,20.26,23,OK,0.1
2026-02-15T14:33:44.656Z,4,20.26,24,OK,0.1
2026-02-15T14:33:44.706Z,4,20.22,25,OK,0.1
2026-02-15T14:33:44.757Z,4,20.17,26,OK,0.1
2026-02-15T14:33:44.808Z,4,20.19,27,OK,0.1
2026-02-15T14:33:44.858Z,4,20.29,28,OK,0.1
2026-02-15T14:33:44.909Z,4,20.31,29,OK,0.1
2026-02-15T14:33:44.959Z,5,20.25,30,OK,0.1
2026-02-15T14:33:45.009Z,5,20.27,31,OK,0.1
2026-02-15T14:33:45.059Z,5,20.24,32,OK,0.1
2026-02-15T14:33:45.109Z,5,20.23,33,OK,0.1
2026-02-15T14:33:45.159Z,5,20.15,34,OK,0.1
2026-02-15T14:33:45.400Z,5,39.55,32,OK,0.1
2026-02-15T14:33:45.600Z,13,65.50,27,OK,0.1
2026-02-15T14:33:45.953Z,14,122.06,17,OK,0.1
2026-02-15T14:33:46.200Z,10,157.39,5,SATURATED,0.4
2026-02-15T14:33:46.250Z,6,157.39,5,SATURATED,0.4
2026-02-15T14:33:46.300Z,6,138.09,5,SATURATED,0.4
2026-02-15T14:33:46.351Z,6,112.15,5,SATURATED,0.1
2026-02-15T14:33:46.401Z,5,55.62,5,SATURATED,0.1
2026-02-15T14:33:46.452Z,5,20.29,6,OK,0.1
2026-02-15T14:33:46.502Z,5,20.34,7,OK,0.1
2026-02-15T14:33:46.552Z,5,20.33,8,OK,0.1
2026-02-15T14:33:46.734Z,5,20.36,9,OK,0.1
2026-02-15T14:33:46.784Z,6,20.24,10,OK,0.1
2026-02-15T14:33:46.835Z,6,20.34,11,OK,0.1
2026-02-15T14:33:46.886Z,6,20.34,12,OK,0.1
2026-02-15T14:33:46.937Z,6,20.71,13,OK,0.1
2026-02-15T14:33:47.094Z,5,47.54,10,OK,0.1
2026-02-15T14:33:47.251Z,10,64.99,6,SATURATED,0.1
2026-02-15T14:33:47.301Z,5,64.86,5,SATURATED,0.1
2026-02-15T14:33:47.351Z,5,64.71,5,SATURATED,0.1
2026-02-15T14:33:47.402Z,5,64.34,5,SATURATED,0.1
2026-02-15T14:33:47.453Z,5,37.41,5,SATURATED,0.1
2026-02-15T14:33:47.503Z,5,20.08,6,OK,0.1
2026-02-15T14:33:47.554Z,6,20.02,7,OK,0.1
2026-02-15T14:33:47.604Z,6,20.19,8,OK,0.1
2026-02-15T14:33:47.655Z,5,20.07,9,OK,0.1
2026-02-15T14:33:47.705Z,5,20.14,10,OK,0.1
2026-02-15T14:33:47.756Z,6,20.10,11,OK,0.1
2026-02-15T14:33:47.806Z,4,20.19,12,OK,0.1
2026-02-15T14:33:47.856Z,4,20.20,13,OK,0.1
2026-02-15T14:33:47.906Z,4,20.34,14,OK,0.1
2026-02-15T14:33:47.957Z,4,20.41,15,OK,0.1
2026-02-15T14:33:48.008Z,3,20.38,16,OK,0.1
2026-02-15T14:33:48.059Z,3,20.39,17,OK,0.1
2026-02-15T14:33:48.109Z,3,20.61,18,OK,0.1
2026-02-15T14:33:48.159Z,3,20.58,19,OK,0.1
2026-02-15T14:33:48.209Z,3,20.52,20,OK,0.1
2026-02-15T14:33:48.374Z,3,20.58,21,OK,0.1
2026-02-15T14:33:48.654Z,21,72.45,16,SATURATED,0.1
2026-02-15T14:33:48.704Z,8,72.19,11,OK,0.1
2026-02-15T14:33:48.758Z,8,72.21,6,SATURATED,0.1
2026-02-15T14:33:48.808Z,7,72.20,5,SATURATED,0.1
2026-02-15T14:33:48.858Z,7,72.25,5,SATURATED,0.1
2026-02-15T14:33:48.909Z,7,20.35,6,SATURATED,0.1
2026-02-15T14:33:48.960Z,7,20.29,7,SATURATED,0.1
2026-02-15T14:33:49.010Z,7,20.26,8,OK,0.1
2026-02-15T14:33:49.060Z,7,20.28,9,OK,0.1
2026-02-15T14:33:49.113Z,8,20.28,10,OK,0.1
2026-02-15T14:33:49.163Z,7,20.32,11,OK,0.1
2026-02-15T14:33:49.215Z,7,20.40,12,OK,0.1
2026-02-15T14:33:49.265Z,7,20.41,13,OK,0.1
2026-02-15T14:33:49.317Z,8,20.41,14,OK,0.1
2026-02-15T14:33:49.367Z,7,20.36,15,OK,0.1
2026-02-15T14:33:49.417Z,7,20.33,16,OK,0.1
2026-02-15T14:33:49.467Z,7,20.34,17,OK,0.1
2026-02-15T14:33:49.519Z,7,20.34,18,OK,0.1
2026-02-15T14:33:49.569Z,6,20.31,19,OK,0.1
2026-02-15T14:33:49.619Z,6,20.41,20,OK,0.1
2026-02-15T14:33:49.678Z,10,20.54,21,OK,0.1
2026-02-15T14:33:49.728Z,9,20.46,22,OK,0.1
2026-02-15T14:33:49.874Z,8,44.74,20,OK,0.1
2026-02-15T14:33:49.924Z,9,44.76,18,OK,0.1
2026-02-15T14:33:50.125Z,9,78.73,12,OK,0.1
2026-02-15T14:33:50.177Z,10,78.59,6,SATURATED,0.1
2026-02-15T14:33:50.228Z,10,78.73,5,SATURATED,0.1
2026-02-15T14:33:50.279Z,10,54.46,5,SATURATED,0.1
2026-02-15T14:33:50.329Z,10,54.51,5,SATURATED,0.1
2026-02-15T14:33:50.381Z,9,20.45,6,SATURATED,0.1
2026-02-15T14:33:50.432Z,9,20.40,7,SATURATED,0.1
2026-02-15T14:33:50.482Z,9,20.38,8,SATURATED,0.1
2026-02-15T14:33:50.667Z,6,51.28,5,SATURATED,0.1
2026-02-15T14:33:50.717Z,5,51.19,5,SATURATED,0.1
2026-02-15T14:33:50.767Z,5,51.21,5,SATURATED,0.1
2026-02-15T14:33:50.818Z,5,51.28,5,SATURATED,0.1
2026-02-15T14:33:50.869Z,5,51.28,5,SATURATED,0.1
2026-02-15T14:33:50.919Z,5,20.53,6,OK,0.1
2026-02-15T14:33:51.079Z,5,38.72,5,SATURATED,0.1
2026-02-15T14:33:51.130Z,5,38.68,5,SATURATED,0.1
2026-02-15T14:33:51.181Z,5,38.74,5,SATURATED,0.1
2026-02-15T14:33:51.231Z,5,38.72,5,SATURATED,0.1
2026-02-15T14:33:51.281Z,5,38.57,5,SATURATED,0.1
2026-02-15T14:33:51.331Z,5,20.43,6,OK,0.1
2026-02-15T14:33:51.382Z,5,20.42,7,OK,0.1
2026-02-15T14:33:51.432Z,5,20.36,8,OK,0.1
2026-02-15T14:33:51.483Z,5,20.34,9,OK,0.1
2026-02-15T14:33:51.533Z,5,20.35,10,OK,0.1
2026-02-15T14:33:51.584Z,5,20.35,11,OK,0.1
2026-02-15T14:33:51.634Z,5,20.37,12,OK,0.1
2026-02-15T14:33:51.686Z,5,20.47,13,OK,0.1
2026-02-15T14:33:51.800Z,6,29.19,12,OK,0.1
2026-02-15T14:33:51.851Z,4,29.13,11,OK,0.1
2026-02-15T14:33:51.903Z,6,29.13,10,OK,0.1
2026-02-15T14:33:51.954Z,3,29.13,9,OK,0.1
2026-02-15T14:33:52.005Z,3,28.99,8,OK,0.1
2026-02-15T14:33:52.055Z,3,20.31,9,OK,0.1
2026-02-15T14:33:52.105Z,3,20.35,10,OK,0.1
2026-02-15T14:33:52.294Z,3,53.58,7,OK,0.1
2026-02-15T14:33:52.344Z,2,53.58,5,OK,0.1
2026-02-15T14:33:52.395Z,3,53.58,5,OK,0.1
2026-02-15T14:33:52.517Z,2,73.88,5,OK,0.1
2026-02-15T14:33:52.624Z,3,81.22,5,OK,0.1
2026-02-15T14:33:52.675Z,2,47.88,5,OK,0.1
2026-02-15T14:33:52.725Z,2,47.79,5,OK,0.1
2026-02-15T14:33:52.776Z,2,47.83,5,OK,0.1
2026-02-15T14:33:52.992Z,5,27.50,5,SATURATED,0.1
2026-02-15T14:33:53.042Z,3,20.17,6,OK,0.1
2026-02-15T14:33:53.092Z,4,20.30,7,OK,0.1
2026-02-15T14:33:53.143Z,4,20.39,8,OK,0.1
2026-02-15T14:33:53.193Z,4,20.37,9,OK,0.1
2026-02-15T14:33:53.243Z,4,20.37,10,OK,0.1
2026-02-15T14:33:53.293Z,4,20.41,11,OK,0.1
2026-02-15T14:33:53.465Z,6,49.56,8,OK,0.1
2026-02-15T14:33:53.517Z,5,49.57,5,SATURATED,0.1
2026-02-15T14:33:53.567Z,4,49.54,5,OK,0.1
2026-02-15T14:33:53.618Z,4,49.49,5,OK,0.1
2026-02-15T14:33:53.668Z,4,49.38,5,OK,0.1
2026-02-15T14:33:53.830Z,5,44.79,5,SATURATED,0.1
2026-02-15T14:33:53.880Z,2,44.74,5,OK,0.1
2026-02-15T14:33:53.930Z,2,44.81,5,OK,0.1
2026-02-15T14:33:53.980Z,2,44.85,5,OK,0.1
2026-02-15T14:33:54.031Z,3,47.26,5,OK,0.1
2026-02-15T14:33:54.081Z,3,22.73,6,OK,0.1
2026-02-15T14:33:54.132Z,3,22.80,7,OK,0.1
2026-02-15T14:33:54.182Z,3,22.78,8,OK,0.1
2026-02-15T14:33:54.232Z,3,22.73,9,OK,0.1
2026-02-15T14:33:54.283Z,3,20.36,10,OK,0.1
2026-02-15T14:33:54.334Z,3,20.34,11,OK,0.1
2026-02-15T14:33:54.384Z,3,20.29,12,OK,0.1
2026-02-15T14:33:54.435Z,3,20.30,13,OK,0.1
2026-02-15T14:33:54.647Z,3,55.31,9,OK,0.1
2026-02-15T14:33:54.772Z,5,66.27,5,SATURATED,0.1
2026-02-15T14:33:54.822Z,5,66.21,5,SATURATED,0.1
2026-02-15T14:33:54.872Z,5,66.25,5,SATURATED,0.1
2026-02-15T14:33:54.922Z,5,66.29,5,SATURATED,0.1
2026-02-15T14:33:54.972Z,5,31.32,5,SATURATED,0.1
2026-02-15T14:33:55.028Z,5,20.62,6,OK,0.1
2026-02-15T14:33:55.078Z,4,20.70,7,OK,0.1
2026-02-15T14:33:55.129Z,3,20.63,8,OK,0.1
2026-02-15T14:33:55.180Z,3,20.58,9,OK,0.1
2026-02-15T14:33:55.232Z,3,20.67,10,OK,0.1
2026-02-15T14:33:55.282Z,3,20.48,11,OK,0.1
2026-02-15T14:33:55.332Z,3,20.45,12,OK,0.1
2026-02-15T14:33:55.383Z,3,20.50,13,OK,0.1
2026-02-15T14:33:55.433Z,3,20.52,14,OK,0.1
2026-02-15T14:33:55.484Z,3,20.42,15,OK,0.1
2026-02-15T14:33:55.534Z,3,20.36,16,OK,0.1
2026-02-15T14:33:55.585Z,3,20.35,17,OK,0.1
2026-02-15T14:33:55.635Z,3,20.32,18,OK,0.1
2026-02-15T14:33:55.686Z,4,20.89,19,OK,0.1
2026-02-15T14:33:55.737Z,4,20.87,20,OK,0.1
2026-02-15T14:33:55.790Z,11,20.96,21,OK,0.1
2026-02-15T14:33:55.840Z,6,20.92,22,OK,0.1
2026-02-15T14:33:55.890Z,5,21.03,23,OK,0.1
2026-02-15T14:33:55.941Z,5,20.48,24,OK,0.1
2026-02-15T14:33:55.991Z,5,20.48,25,OK,0.1
2026-02-15T14:33:56.241Z,17,23.34,26,OK,0.1
2026-02-15T14:33:56.370Z,10,45.16,23,OK,0.1
2026-02-15T14:33:56.420Z,4,45.04,20,OK,0.1
2026-02-15T14:33:56.470Z,4,44.96,18,OK,0.1
2026-02-15T14:33:56.520Z,4,45.00,16,OK,0.1
2026-02-15T14:33:56.571Z,4,42.07,14,OK,0.1
2026-02-15T14:33:56.621Z,4,20.29,15,OK,0.1
2026-02-15T14:33:56.673Z,3,20.53,16,OK,0.1
2026-02-15T14:33:56.724Z,4,20.59,17,OK,0.1
2026-02-15T14:33:56.774Z,4,20.56,18,OK,0.1
2026-02-15T14:33:56.824Z,4,20.54,19,OK,0.1
2026-02-15T14:33:56.874Z,5,20.43,20,OK,0.1
2026-02-15T14:33:56.924Z,5,20.21,21,OK,0.1
2026-02-15T14:33:56.974Z,5,20.21,22,OK,0.1
2026-02-15T14:33:57.135Z,5,20.21,23,OK,0.1
2026-02-15T14:33:57.185Z,5,20.20,24,OK,0.1
2026-02-15T14:33:57.236Z,5,20.33,25,OK,0.1
2026-02-15T14:33:57.286Z,5,20.38,26,OK,0.1
2026-02-15T14:33:57.338Z,5,20.38,27,OK,0.1
2026-02-15T14:33:57.529Z,8,35.15,25,OK,0.1
2026-02-15T14:33:57.581Z,7,35.16,23,OK,0.1
2026-02-15T14:33:57.630Z,7,35.17,21,OK,0.1
2026-02-15T14:33:57.808Z,8,48.41,18,OK,0.1
2026-02-15T14:33:57.951Z,13,62.92,14,OK,0.1
2026-02-15T14:33:58.065Z,10,56.91,10,SATURATED,0.1
2026-02-15T14:33:58.116Z,6,56.93,6,SATURATED,0.1
2026-02-15T14:33:58.166Z,6,57.03,5,SATURATED,0.1
2026-02-15T14:33:58.216Z,6,43.75,5,SATURATED,0.1
2026-02-15T14:33:58.266Z,6,29.21,5,SATURATED,0.1
2026-02-15T14:33:58.317Z,6,20.47,6,SATURATED,0.1
2026-02-15T14:33:58.367Z,6,20.46,7,OK,0.1
2026-02-15T14:33:58.417Z,6,20.33,8,OK,0.1
2026-02-15T14:33:58.468Z,6,20.30,9,OK,0.1
2026-02-15T14:33:58.518Z,6,20.28,10,OK,0.1
2026-02-15T14:33:58.570Z,7,21.54,11,OK,0.1
2026-02-15T14:33:58.620Z,6,21.51,12,OK,0.1
2026-02-15T14:33:58.670Z,6,21.54,13,OK,0.1
2026-02-15T14:33:58.721Z,4,21.43,14,OK,0.1
2026-02-15T14:33:58.771Z,4,21.43,15,OK,0.1
2026-02-15T14:33:58.823Z,5,20.16,16,OK,0.1
2026-02-15T14:33:58.873Z,3,20.12,17,OK,0.1
2026-02-15T14:33:58.923Z,3,20.08,18,OK,0.1
2026-02-15T14:33:59.145Z,4,37.97,16,OK,0.1
2026-02-15T14:33:59.574Z,16,109.73,7,SATURATED,0.1
2026-02-15T14:33:59.625Z,5,105.88,5,SATURATED,0.1
2026-02-15T14:33:59.675Z,5,105.83,5,SATURATED,0.1
2026-02-15T14:33:59.726Z,5,105.76,5,SATURATED,0.1
2026-02-15T14:33:59.777Z,5,87.98,5,SATURATED,0.1
2026-02-15T14:33:59.829Z,5,16.58,6,OK,0.1
2026-02-15T14:34:00.094Z,5,68.87,5,SATURATED,0.1
2026-02-15T14:34:00.144Z,5,68.98,5,SATURATED,0.1
2026-02-15T14:34:00.194Z,5,69.03,5,SATURATED,0.1
2026-02-15T14:34:00.245Z,5,68.98,5,SATURATED,0.1
2026-02-15T14:34:00.295Z,5,68.66,5,SATURATED,0.1
2026-02-15T14:34:00.346Z,5,20.24,6,OK,0.1
2026-02-15T14:34:00.396Z,5,20.25,7,OK,0.1
2026-02-15T14:34:00.446Z,5,20.43,8,OK,0.1
2026-02-15T14:34:00.497Z,5,20.48,9,OK,0.1
2026-02-15T14:34:00.547Z,5,20.44,10,OK,0.1
2026-02-15T14:34:00.742Z,6,53.10,7,OK,0.1
2026-02-15T14:34:00.792Z,5,53.13,5,SATURATED,0.1
2026-02-15T14:34:00.843Z,5,52.89,5,SATURATED,0.1
2026-02-15T14:34:00.893Z,5,52.88,5,SATURATED,0.1
2026-02-15T14:34:00.943Z,5,52.91,5,SATURATED,0.1
2026-02-15T14:34:00.993Z,4,20.03,6,OK,0.1
2026-02-15T14:34:01.044Z,4,20.00,7,OK,0.1
2026-02-15T14:34:01.095Z,4,20.09,8,OK,0.1
2026-02-15T14:34:01.146Z,4,20.09,9,OK,0.1
2026-02-15T14:34:01.196Z,4,20.05,10,OK,0.1
2026-02-15T14:34:01.246Z,4,20.22,11,OK,0.1
2026-02-15T14:34:01.296Z,4,20.21,12,OK,0.1
2026-02-15T14:34:01.345Z,4,20.19,13,OK,0.1
2026-02-15T14:34:01.396Z,4,20.19,14,OK,0.1
2026-02-15T14:34:01.446Z,4,20.19,15,OK,0.1
2026-02-15T14:34:01.496Z,4,20.19,16,OK,0.1
2026-02-15T14:34:01.546Z,4,20.21,17,OK,0.1
2026-02-15T14:34:01.787Z,2,20.28,18,OK,0.1
2026-02-15T14:34:02.137Z,18,85.77,11,SATURATED,0.1
2026-02-15T14:34:02.187Z,2,85.86,5,OK,0.1
2026-02-15T14:34:02.238Z,2,85.89,5,OK,0.1
2026-02-15T14:34:02.288Z,2,85.88,5,OK,0.1
2026-02-15T14:34:02.338Z,2,85.81,5,OK,0.1
2026-02-15T14:34:02.389Z,2,20.34,6,OK,0.1
2026-02-15T14:34:02.439Z,2,20.27,7,OK,0.1
2026-02-15T14:34:02.489Z,2,20.26,8,OK,0.1
2026-02-15T14:34:02.540Z,2,20.28,9,OK,0.1
2026-02-15T14:34:02.591Z,4,20.31,10,OK,0.1
2026-02-15T14:34:02.642Z,2,20.33,11,OK,0.1
2026-02-15T14:34:02.692Z,2,20.33,12,OK,0.1
2026-02-15T14:34:02.742Z,2,20.32,13,OK,0.1
2026-02-15T14:34:02.792Z,3,20.38,14,OK,0.1
2026-02-15T14:34:02.842Z,3,20.38,15,OK,0.1
2026-02-15T14:34:02.892Z,3,20.33,16,OK,0.1
2026-02-15T14:34:02.942Z,3,20.34,17,OK,0.1
2026-02-15T14:34:02.992Z,4,20.40,18,OK,0.1
2026-02-15T14:34:03.042Z,4,20.32,19,OK,0.1
2026-02-15T14:34:03.092Z,4,20.33,20,OK,0.1
2026-02-15T14:34:03.501Z,10,20.81,21,OK,0.1
2026-02-15T14:34:04.109Z,18,138.44,5,SATURATED,0.4
2026-02-15T14:34:04.160Z,2,138.34,5,OK,0.4
2026-02-15T14:34:04.210Z,2,138.34,5,OK,0.4
2026-02-15T14:34:04.262Z,2,138.33,5,OK,0.4
2026-02-15T14:34:04.313Z,3,137.85,5,OK,0.4
2026-02-15T14:34:04.363Z,2,20.23,6,OK,0.1
2026-02-15T14:34:04.413Z,2,20.30,7,OK,0.1
2026-02-15T14:34:04.463Z,2,20.31,8,OK,0.1
2026-02-15T14:34:04.513Z,3,20.32,9,OK,0.1
2026-02-15T14:34:04.563Z,2,20.40,10,OK,0.1
2026-02-15T14:34:04.613Z,2,20.38,11,OK,0.1
2026-02-15T14:34:04.663Z,2,20.37,12,OK,0.1
2026-02-15T14:34:04.715Z,2,20.36,13,OK,0.1
2026-02-15T14:34:04.765Z,2,20.37,14,OK,0.1
2026-02-15T14:34:04.816Z,1,20.37,15,OK,0.1
2026-02-15T14:34:04.866Z,1,20.39,16,OK,0.1
2026-02-15T14:34:04.915Z,1,20.37,17,OK,0.1
2026-02-15T14:34:04.966Z,0,20.43,18,OK,0.1
2026-02-15T14:34:05.016Z,0,20.48,19,OK,0.1
2026-02-15T14:34:05.066Z,0,20.39,20,OK,0.1
2026-02-15T14:34:05.117Z,3,21.30,21,OK,0.1
2026-02-15T14:34:05.436Z,12,71.24,16,OK,0.1
2026-02-15T14:34:05.486Z,6,71.15,11,OK,0.1
2026-02-15T14:34:05.536Z,6,71.12,6,SATURATED,0.1
2026-02-15T14:34:05.587Z,6,71.10,5,SATURATED,0.1
2026-02-15T14:34:05.638Z,6,70.16,5,SATURATED,0.1
2026-02-15T14:34:05.688Z,6,20.28,6,SATURATED,0.1
2026-02-15T14:34:05.738Z,6,20.32,7,OK,0.1
2026-02-15T14:34:05.789Z,7,20.27,8,OK,0.1
2026-02-15T14:34:05.840Z,6,20.24,9,OK,0.1
2026-02-15T14:34:05.891Z,6,20.28,10,OK,0.1
2026-02-15T14:34:05.941Z,7,20.13,11,OK,0.1
2026-02-15T14:34:05.992Z,7,20.17,12,OK,0.1
2026-02-15T14:34:06.042Z,7,20.19,13,OK,0.1
2026-02-15T14:34:06.092Z,7,20.23,14,OK,0.1
2026-02-15T14:34:06.142Z,8,20.18,15,OK,0.1
2026-02-15T14:34:06.388Z,9,64.75,11,OK,0.1
2026-02-15T14:34:06.437Z,11,64.86,7,SATURATED,0.1
2026-02-15T14:34:06.488Z,11,64.87,5,SATURATED,0.1
2026-02-15T14:34:06.539Z,11,64.89,5,SATURATED,0.1
2026-02-15T14:34:06.590Z,11,64.93,5,SATURATED,0.1
2026-02-15T14:34:06.640Z,11,20.46,6,SATURATED,0.1
2026-02-15T14:34:06.690Z,11,20.32,7,SATURATED,0.1
2026-02-15T14:34:06.740Z,11,20.34,8,SATURATED,0.1
2026-02-15T14:34:06.792Z,11,20.34,9,SATURATED,0.1
2026-02-15T14:34:06.842Z,11,20.33,10,SATURATED,0.1
2026-02-15T14:34:06.892Z,11,20.33,11,SATURATED,0.1
2026-02-15T14:34:06.943Z,11,20.34,12,OK,0.1
2026-02-15T14:34:07.098Z,11,44.15,10,SATURATED,0.1
2026-02-15T14:34:07.148Z,7,44.18,8,OK,0.1
2026-02-15T14:34:07.198Z,5,43.79,6,OK,0.1
2026-02-15T14:34:07.249Z,5,43.76,5,SATURATED,0.1
2026-02-15T14:34:07.299Z,5,43.75,5,SATURATED,0.1
2026-02-15T14:34:07.349Z,5,19.90,6,OK,0.1
2026-02-15T14:34:07.399Z,6,19.87,7,OK,0.1
2026-02-15T14:34:07.651Z,7,56.59,5,SATURATED,0.1
2026-02-15T14:34:07.701Z,6,52.57,5,SATURATED,0.1
2026-02-15T14:34:07.752Z,6,52.56,5,SATURATED,0.1
2026-02-15T14:34:07.803Z,6,52.49,5,SATURATED,0.1
2026-02-15T14:34:07.854Z,6,52.50,5,SATURATED,0.1
2026-02-15T14:34:07.904Z,6,16.13,6,SATURATED,0.1
2026-02-15T14:34:07.954Z,5,20.51,7,OK,0.1
2026-02-15T14:34:08.004Z,5,20.51,8,OK,0.1
2026-02-15T14:34:08.055Z,5,20.59,9,OK,0.1
2026-02-15T14:34:08.106Z,5,20.59,10,OK,0.1
2026-02-15T14:34:08.156Z,4,20.52,11,OK,0.1
2026-02-15T14:34:08.206Z,5,20.20,12,OK,0.1
2026-02-15T14:34:08.256Z,5,20.20,13,OK,0.1
2026-02-15T14:34:08.306Z,5,20.22,14,OK,0.1
2026-02-15T14:34:08.356Z,5,20.20,15,OK,0.1
2026-02-15T14:34:08.406Z,4,20.30,16,OK,0.1
2026-02-15T14:34:08.456Z,2,20.26,17,OK,0.1
2026-02-15T14:34:08.507Z,2,20.27,18,OK,0.1
2026-02-15T14:34:08.558Z,2,20.28,19,OK,0.1
2026-02-15T14:34:08.608Z,2,20.28,20,OK,0.1
2026-02-15T14:34:08.662Z,4,20.31,21,OK,0.1
2026-02-15T14:34:08.807Z,12,43.06,19,OK,0.1
2026-02-15T14:34:08.858Z,7,42.92,17,OK,0.1
2026-02-15T14:34:08.909Z,7,42.92,15,OK,0.1
2026-02-15T14:34:09.080Z,7,55.50,11,OK,0.1
2026-02-15T14:34:09.321Z,7,95.54,5,SATURATED,0.1
2026-02-15T14:34:09.371Z,7,72.81,5,SATURATED,0.1
2026-02-15T14:34:09.422Z,6,73.01,5,SATURATED,0.1
2026-02-15T14:34:09.472Z,6,72.94,5,SATURATED,0.1
2026-02-15T14:34:09.522Z,6,60.36,5,SATURATED,0.1
2026-02-15T14:34:09.573Z,6,20.30,6,SATURATED,0.1
2026-02-15T14:34:09.624Z,6,20.33,7,OK,0.1
2026-02-15T14:34:09.674Z,6,20.33,8,OK,0.1
2026-02-15T14:34:09.725Z,6,20.40,9,OK,0.1
2026-02-15T14:34:09.775Z,6,20.42,10,OK,0.1
2026-02-15T14:34:09.828Z,10,20.48,11,OK,0.1
2026-02-15T14:34:09.878Z,7,20.92,12,OK,0.1
2026-02-15T14:34:09.930Z,7,20.87,13,OK,0.1
2026-02-15T14:34:09.981Z,7,20.88,14,OK,0.1
2026-02-15T14:34:10.031Z,7,20.91,15,OK,0.1
2026-02-15T14:34:10.082Z,7,20.84,16,OK,0.1
2026-02-15T14:34:10.250Z,7,40.14,14,OK,0.1
2026-02-15T14:34:10.301Z,6,40.09,12,OK,0.1
2026-02-15T14:34:10.503Z,8,74.41,7,SATURATED,0.1
2026-02-15T14:34:10.554Z,7,74.33,5,SATURATED,0.1
2026-02-15T14:34:10.604Z,7,74.34,5,SATURATED,0.1
2026-02-15T14:34:10.654Z,7,54.59,5,SATURATED,0.1
2026-02-15T14:34:10.705Z,6,54.61,5,SATURATED,0.1
2026-02-15T14:34:10.749Z,6,20.26,6,SATURATED,0.1
2026-02-15T14:34:10.800Z,6,20.26,7,OK,0.1
2026-02-15T14:34:10.860Z,6,21.93,8,OK,0.1
2026-02-15T14:34:10.910Z,2,21.87,9,OK,0.1
2026-02-15T14:34:10.961Z,2,21.86,10,OK,0.1
2026-02-15T14:34:11.011Z,2,21.86,11,OK,0.1
2026-02-15T14:34:11.062Z,2,21.90,12,OK,0.1
2026-02-15T14:34:11.113Z,2,20.32,13,OK,0.1
2026-02-15T14:34:11.163Z,2,20.41,14,OK,0.1
2026-02-15T14:34:11.214Z,2,20.48,15,OK,0.1
2026-02-15T14:34:11.397Z,2,20.63,16,OK,0.1
2026-02-15T14:34:11.447Z,2,20.57,17,OK,0.1
2026-02-15T14:34:11.497Z,3,20.45,18,OK,0.1
2026-02-15T14:34:11.637Z,4,44.12,16,OK,0.1
2026-02-15T14:34:11.760Z,10,54.79,13,OK,0.1
2026-02-15T14:34:11.810Z,2,54.66,10,OK,0.1
2026-02-15T14:34:12.042Z,2,94.79,5,OK,0.1
2026-02-15T14:34:12.092Z,3,94.74,5,OK,0.1
2026-02-15T14:34:12.142Z,3,71.04,5,OK,0.1
2026-02-15T14:34:12.193Z,3,60.30,5,OK,0.1
2026-02-15T14:34:12.243Z,3,60.32,5,OK,0.1
2026-02-15T14:34:12.294Z,4,20.31,6,OK,0.1
2026-02-15T14:34:12.345Z,3,20.30,7,OK,0.1
2026-02-15T14:34:12.396Z,3,20.34,8,OK,0.1
2026-02-15T14:34:12.445Z,3,20.33,9,OK,0.1
2026-02-15T14:34:12.495Z,3,20.33,10,OK,0.1
2026-02-15T14:34:12.546Z,3,20.19,11,OK,0.1
2026-02-15T14:34:12.597Z,3,20.28,12,OK,0.1
2026-02-15T14:34:12.648Z,3,20.54,13,OK,0.1
2026-02-15T14:34:12.699Z,3,20.59,14,OK,0.1
2026-02-15T14:34:12.750Z,3,20.60,15,OK,0.1
2026-02-15T14:34:12.805Z,3,20.57,16,OK,0.1
2026-02-15T14:34:12.856Z,3,20.41,17,OK,0.1
2026-02-15T14:34:12.906Z,3,20.12,18,OK,0.1
2026-02-15T14:34:12.956Z,3,20.03,19,OK,0.1
2026-02-15T14:34:13.007Z,3,20.01,20,OK,0.1
2026-02-15T14:34:13.196Z,3,20.06,21,OK,0.1
2026-02-15T14:34:13.310Z,21,39.01,19,SATURATED,0.1
2026-02-15T14:34:13.361Z,5,38.88,17,OK,0.1
2026-02-15T14:34:13.412Z,6,38.93,15,OK,0.1
2026-02-15T14:34:13.461Z,5,38.90,13,OK,0.1
2026-02-15T14:34:13.512Z,4,38.92,11,OK,0.1
2026-02-15T14:34:13.562Z,4,20.09,12,OK,0.1
2026-02-15T14:34:13.613Z,4,20.23,13,OK,0.1
2026-02-15T14:34:13.664Z,4,20.21,14,OK,0.1
2026-02-15T14:34:13.715Z,4,20.22,15,OK,0.1
2026-02-15T14:34:13.764Z,4,20.23,16,OK,0.1
2026-02-15T14:34:13.817Z,9,20.71,17,OK,0.1
2026-02-15T14:34:14.056Z,7,64.18,13,OK,0.1
2026-02-15T14:34:14.105Z,6,64.21,9,OK,0.1
2026-02-15T14:34:14.156Z,6,64.31,5,SATURATED,0.1
2026-02-15T14:34:14.205Z,6,64.37,5,SATURATED,0.1
2026-02-15T14:34:14.256Z,6,63.87,5,SATURATED,0.1
2026-02-15T14:34:14.306Z,5,20.30,6,OK,0.1
2026-02-15T14:34:14.495Z,5,51.00,5,SATURATED,0.1
2026-02-15T14:34:14.544Z,5,50.92,5,SATURATED,0.1
2026-02-15T14:34:14.595Z,5,50.90,5,SATURATED,0.1
2026-02-15T14:34:14.644Z,5,50.93,5,SATURATED,0.1
2026-02-15T14:34:14.695Z,5,51.08,5,SATURATED,0.1
2026-02-15T14:34:14.746Z,5,20.39,6,OK,0.1
2026-02-15T14:34:14.901Z,5,44.81,5,SATURATED,0.1
2026-02-15T14:34:14.951Z,5,44.78,5,SATURATED,0.1
2026-02-15T14:34:15.002Z,5,44.79,5,SATURATED,0.1
2026-02-15T14:34:15.051Z,5,44.74,5,SATURATED,0.1
2026-02-15T14:34:15.102Z,5,44.76,5,SATURATED,0.1
2026-02-15T14:34:15.152Z,5,20.36,6,OK,0.1
2026-02-15T14:34:15.203Z,5,20.36,7,OK,0.1
2026-02-15T14:34:15.252Z,4,20.35,8,OK,0.1
2026-02-15T14:34:15.302Z,4,20.37,9,OK,0.1
2026-02-15T14:34:15.450Z,7,22.44,10,OK,0.1
2026-02-15T14:34:15.500Z,5,22.40,11,OK,0.1
2026-02-15T14:34:16.105Z,9,129.33,5,SATURATED,0.4
2026-02-15T14:34:16.155Z,1,129.31,5,OK,0.4
2026-02-15T14:34:16.206Z,1,129.28,5,OK,0.4
2026-02-15T14:34:16.257Z,2,127.16,5,OK,0.4
2026-02-15T14:34:16.307Z,2,127.17,5,OK,0.4
2026-02-15T14:34:16.466Z,3,20.25,6,OK,0.1
2026-02-15T14:34:16.576Z,6,38.06,5,SATURATED,0.1
2026-02-15T14:34:16.626Z,3,38.05,5,OK,0.1
2026-02-15T14:34:16.676Z,3,38.07,5,OK,0.1
2026-02-15T14:34:16.726Z,3,38.08,5,OK,0.1
2026-02-15T14:34:16.777Z,3,38.06,5,OK,0.1
2026-02-15T14:34:16.828Z,4,20.27,6,OK,0.1
2026-02-15T14:34:16.879Z,4,20.25,7,OK,0.1
2026-02-15T14:34:16.929Z,4,20.22,8,OK,0.1
2026-02-15T14:34:16.979Z,4,20.15,9,OK,0.1
2026-02-15T14:34:17.030Z,4,20.00,10,OK,0.1
2026-02-15T14:34:17.079Z,4,20.01,11,OK,0.1
2026-02-15T14:34:17.335Z,6,41.46,9,OK,0.1
2026-02-15T14:34:17.579Z,9,76.42,5,SATURATED,0.1
2026-02-15T14:34:17.628Z,4,76.55,5,OK,0.1
2026-02-15T14:34:17.678Z,4,76.73,5,OK,0.1
2026-02-15T14:34:17.729Z,4,76.75,5,OK,0.1
2026-02-15T14:34:17.779Z,4,55.34,5,OK,0.1
2026-02-15T14:34:17.829Z,4,20.40,6,OK,0.1
2026-02-15T14:34:17.880Z,4,20.36,7,OK,0.1
2026-02-15T14:34:17.930Z,4,20.33,8,OK,0.1
2026-02-15T14:34:17.979Z,4,20.42,9,OK,0.1
2026-02-15T14:34:18.029Z,4,20.45,10,OK,0.1
2026-02-15T14:34:18.080Z,4,20.41,11,OK,0.1
2026-02-15T14:34:18.130Z,4,20.40,12,OK,0.1
2026-02-15T14:34:18.180Z,4,20.37,13,OK,0.1
2026-02-15T14:34:18.231Z,3,20.25,14,OK,0.1
2026-02-15T14:34:18.281Z,3,20.27,15,OK,0.1
2026-02-15T14:34:18.331Z,3,20.32,16,OK,0.1
2026-02-15T14:34:18.482Z,3,45.68,13,OK,0.1
2026-02-15T14:34:18.532Z,2,45.70,10,OK,0.1
2026-02-15T14:34:18.589Z,9,45.71,7,SATURATED,0.1
2026-02-15T14:34:18.832Z,7,90.17,5,SATURATED,0.1
2026-02-15T14:34:18.883Z,3,90.16,5,OK,0.1
2026-02-15T14:34:18.934Z,3,64.84,5,OK,0.1
2026-02-15T14:34:18.983Z,3,64.95,5,OK,0.1
2026-02-15T14:34:19.034Z,3,64.81,5,OK,0.1
2026-02-15T14:34:19.084Z,3,20.33,6,OK,0.1
2026-02-15T14:34:19.135Z,2,20.35,7,OK,0.1
2026-02-15T14:34:19.185Z,2,20.38,8,OK,0.1
2026-02-15T14:34:19.235Z,2,20.30,9,OK,0.1
2026-02-15T14:34:19.285Z,2,20.45,10,OK,0.1
2026-02-15T14:34:19.336Z,2,20.38,11,OK,0.1
2026-02-15T14:34:19.387Z,2,20.38,12,OK,0.1
2026-02-15T14:34:19.437Z,2,20.32,13,OK,0.1
2026-02-15T14:34:19.624Z,2,20.26,14,OK,0.1
2026-02-15T14:34:20.074Z,14,106.18,5,SATURATED,0.1
2026-02-15T14:34:20.211Z,2,123.64,5,OK,0.1
2026-02-15T14:34:20.367Z,2,146.73,5,OK,0.4
2026-02-15T14:34:20.416Z,2,146.74,5,OK,0.4
2026-02-15T14:34:20.467Z,2,146.79,5,OK,0.4
2026-02-15T14:34:20.516Z,2,60.89,5,OK,0.1
2026-02-15T14:34:20.567Z,2,43.48,5,OK,0.1
2026-02-15T14:34:20.617Z,1,20.37,6,OK,0.1
2026-02-15T14:34:20.668Z,1,20.43,7,OK,0.1
2026-02-15T14:34:20.719Z,1,20.48,8,OK,0.1
2026-02-15T14:34:20.769Z,1,20.49,9,OK,0.1
2026-02-15T14:34:20.819Z,2,20.48,10,OK,0.1
2026-02-15T14:34:20.869Z,0,20.49,11,OK,0.1
2026-02-15T14:34:20.919Z,0,20.48,12,OK,0.1
2026-02-15T14:34:21.090Z,0,46.64,9,OK,0.1
2026-02-15T14:34:21.232Z,9,60.93,5,SATURATED,0.1
2026-02-15T14:34:21.282Z,2,60.90,5,OK,0.1
2026-02-15T14:34:21.333Z,2,60.89,5,OK,0.1
2026-02-15T14:34:21.383Z,2,60.85,5,OK,0.1
2026-02-15T14:34:21.434Z,2,34.69,5,OK,0.1
2026-02-15T14:34:21.485Z,2,20.32,6,OK,0.1
2026-02-15T14:34:21.535Z,2,20.33,7,OK,0.1
2026-02-15T14:34:21.586Z,2,20.38,8,OK,0.1
2026-02-15T14:34:21.636Z,3,20.43,9,OK,0.1
2026-02-15T14:34:21.687Z,3,20.40,10,OK,0.1
2026-02-15T14:34:21.737Z,3,20.47,11,OK,0.1
2026-02-15T14:34:21.788Z,3,20.48,12,OK,0.1
2026-02-15T14:34:21.837Z,5,20.46,13,OK,0.1
2026-02-15T14:34:21.888Z,4,20.43,14,OK,0.1
2026-02-15T14:34:21.939Z,4,20.41,15,OK,0.1
2026-02-15T14:34:21.988Z,4,20.38,16,OK,0.1
2026-02-15T14:34:22.039Z,4,20.36,17,OK,0.1
2026-02-15T14:34:22.088Z,4,20.35,18,OK,0.1
2026-02-15T14:34:22.248Z,4,38.28,16,OK,0.1
2026-02-15T14:34:22.299Z,5,34.41,15,OK,0.1
2026-02-15T14:34:22.349Z,5,34.41,14,OK,0.1
2026-02-15T14:34:22.399Z,5,34.45,13,OK,0.1
2026-02-15T14:34:22.450Z,5,34.48,12,OK,0.1
2026-02-15T14:34:22.500Z,5,16.54,13,OK,0.1
2026-02-15T14:34:22.550Z,5,20.39,14,OK,0.1
2026-02-15T14:34:22.600Z,5,20.39,15,OK,0.1
2026-02-15T14:34:22.651Z,5,20.34,16,OK,0.1
2026-02-15T14:34:22.702Z,5,20.26,17,OK,0.1
2026-02-15T14:34:22.753Z,5,20.32,18,OK,0.1
2026-02-15T14:34:22.803Z,5,20.32,19,OK,0.1
2026-02-15T14:34:22.853Z,5,20.29,20,OK,0.1
2026-02-15T14:34:22.903Z,5,20.34,21,OK,0.1
2026-02-15T14:34:22.953Z,5,20.36,22,OK,0.1
2026-02-15T14:34:23.004Z,5,20.30,23,OK,0.1
2026-02-15T14:34:23.055Z,5,20.31,24,OK,0.1
2026-02-15T14:34:23.106Z,3,20.35,25,OK,0.1
2026-02-15T14:34:23.156Z,3,20.33,26,OK,0.1
2026-02-15T14:34:23.206Z,3,20.35,27,OK,0.1
2026-02-15T14:34:23.258Z,3,20.39,28,OK,0.1
2026-02-15T14:34:23.675Z,28,57.62,24,SATURATED,0.1
2026-02-15T14:34:23.724Z,4,57.75,20,OK,0.1
2026-02-15T14:34:23.775Z,4,57.74,16,OK,0.1
2026-02-15T14:34:23.828Z,4,57.72,12,OK,0.1
2026-02-15T14:34:23.877Z,3,57.60,8,OK,0.1
2026-02-15T14:34:23.928Z,3,20.35,9,OK,0.1
2026-02-15T14:34:23.979Z,3,20.24,10,OK,0.1
2026-02-15T14:34:24.029Z,3,20.30,11,OK,0.1
2026-02-15T14:34:24.080Z,3,20.38,12,OK,0.1
2026-02-15T14:34:24.224Z,3,35.19,10,OK,0.1
2026-02-15T14:34:24.274Z,2,35.10,8,OK,0.1
2026-02-15T14:34:24.424Z,3,58.84,5,OK,0.1
2026-02-15T14:34:24.578Z,4,75.53,5,OK,0.1
2026-02-15T14:34:24.629Z,2,75.47,5,OK,0.1
2026-02-15T14:34:24.681Z,5,60.73,5,SATURATED,0.1
2026-02-15T14:34:24.731Z,4,61.77,5,OK,0.1
2026-02-15T14:34:24.782Z,3,38.00,5,OK,0.1
2026-02-15T14:34:24.833Z,3,21.31,6,OK,0.1
2026-02-15T14:34:24.884Z,3,21.34,7,OK,0.1
2026-02-15T14:34:24.935Z,3,21.37,8,OK,0.1
2026-02-15T14:34:24.985Z,3,20.48,9,OK,0.1
2026-02-15T14:34:25.036Z,3,20.38,10,OK,0.1
2026-02-15T14:34:25.087Z,3,20.32,11,OK,0.1
2026-02-15T14:34:25.138Z,3,20.30,12,OK,0.1
2026-02-15T14:34:25.188Z,3,20.28,13,OK,0.1
2026-02-15T14:34:25.238Z,5,20.25,14,OK,0.1
2026-02-15T14:34:25.290Z,5,20.40,15,OK,0.1
2026-02-15T14:34:25.341Z,3,20.39,16,OK,0.1
2026-02-15T14:34:25.391Z,3,20.44,17,OK,0.1
2026-02-15T14:34:25.442Z,3,20.73,18,OK,0.1
2026-02-15T14:34:25.493Z,3,20.70,19,OK,0.1
2026-02-15T14:34:25.544Z,3,20.65,20,OK,0.1
2026-02-15T14:34:25.798Z,5,20.67,21,OK,0.1
2026-02-15T14:34:25.863Z,4,25.02,20,OK,0.1
2026-02-15T14:34:25.914Z,5,24.78,21,OK,0.1
2026-02-15T14:34:25.965Z,5,24.81,22,OK,0.1
2026-02-15T14:34:26.015Z,5,24.78,23,OK,0.1
2026-02-15T14:34:26.065Z,5,24.82,24,OK,0.1
2026-02-15T14:34:26.116Z,5,20.32,25,OK,0.1
2026-02-15T14:34:26.165Z,5,20.25,26,OK,0.1
2026-02-15T14:34:26.216Z,5,20.19,27,OK,0.1
2026-02-15T14:34:26.265Z,5,20.26,28,OK,0.1
2026-02-15T14:34:26.315Z,5,20.21,29,OK,0.1
2026-02-15T14:34:26.366Z,5,20.26,30,OK,0.1
2026-02-15T14:34:26.416Z,5,20.34,31,OK,0.1
2026-02-15T14:34:26.465Z,5,20.41,32,OK,0.1
2026-02-15T14:34:26.516Z,5,20.34,33,OK,0.1
2026-02-15T14:34:26.565Z,5,20.38,34,OK,0.1
2026-02-15T14:34:26.616Z,5,20.41,35,OK,0.1
2026-02-15T14:34:26.666Z,5,20.27,36,OK,0.1
2026-02-15T14:34:26.716Z,5,20.25,37,OK,0.1
2026-02-15T14:34:26.767Z,4,20.25,38,OK,0.1
2026-02-15T14:34:26.816Z,4,20.22,39,OK,0.1
2026-02-15T14:34:27.010Z,10,53.97,36,OK,0.1
2026-02-15T14:34:27.255Z,27,88.97,29,OK,0.1
2026-02-15T14:34:27.305Z,5,89.02,22,OK,0.1
2026-02-15T14:34:27.359Z,7,89.22,15,OK,0.1
2026-02-15T14:34:27.409Z,5,89.23,8,OK,0.1
2026-02-15T14:34:27.459Z,5,55.51,5,SATURATED,0.1
2026-02-15T14:34:27.510Z,5,20.58,6,OK,0.1
2026-02-15T14:34:27.561Z,5,20.55,7,OK,0.1
2026-02-15T14:34:27.610Z,6,20.29,8,OK,0.1
2026-02-15T14:34:27.661Z,6,20.29,9,OK,0.1
2026-02-15T14:34:27.712Z,6,20.26,10,OK,0.1
2026-02-15T14:34:27.761Z,6,20.35,11,OK,0.1
2026-02-15T14:34:27.812Z,6,20.32,12,OK,0.1
2026-02-15T14:34:27.972Z,7,47.86,9,OK,0.1
2026-02-15T14:34:28.127Z,6,64.80,5,SATURATED,0.1
2026-02-15T14:34:28.177Z,4,64.83,5,OK,0.1
2026-02-15T14:34:28.228Z,4,64.76,5,OK,0.1
2026-02-15T14:34:28.428Z,4,80.41,5,OK,0.1
2026-02-15T14:34:28.478Z,4,52.86,5,OK,0.1
2026-02-15T14:34:28.529Z,4,35.89,5,OK,0.1
2026-02-15T14:34:28.579Z,4,35.88,5,OK,0.1
2026-02-15T14:34:28.629Z,4,35.86,5,OK,0.1
2026-02-15T14:34:28.678Z,4,20.22,6,OK,0.1
2026-02-15T14:34:28.729Z,4,20.30,7,OK,0.1
2026-02-15T14:34:28.779Z,4,20.46,8,OK,0.1
2026-02-15T14:34:28.831Z,5,20.49,9,OK,0.1
2026-02-15T14:34:28.881Z,3,20.48,10,OK,0.1
2026-02-15T14:34:28.932Z,3,20.55,11,OK,0.1
2026-02-15T14:34:28.983Z,6,20.57,12,OK,0.1
2026-02-15T14:34:29.032Z,5,20.58,13,OK,0.1
2026-02-15T14:34:29.083Z,5,20.52,14,OK,0.1
2026-02-15T14:34:29.134Z,6,20.58,15,OK,0.1
2026-02-15T14:34:29.292Z,5,46.10,12,OK,0.1
2026-02-15T14:34:29.343Z,5,46.10,9,OK,0.1
2026-02-15T14:34:29.393Z,5,45.97,6,OK,0.1
2026-02-15T14:34:29.454Z,6,45.94,5,SATURATED,0.1
2026-02-15T14:34:29.503Z,5,46.00,5,SATURATED,0.1
2026-02-15T14:34:29.554Z,5,20.42,6,OK,0.1
2026-02-15T14:34:29.605Z,4,20.41,7,OK,0.1
2026-02-15T14:34:29.655Z,4,20.40,8,OK,0.1
2026-02-15T14:34:29.706Z,4,20.40,9,OK,0.1
2026-02-15T14:34:29.755Z,4,20.29,10,OK,0.1
2026-02-15T14:34:29.806Z,4,20.23,11,OK,0.1
2026-02-15T14:34:29.980Z,6,20.28,12,OK,0.1
2026-02-15T14:34:30.031Z,6,20.27,13,OK,0.1
2026-02-15T14:34:30.081Z,6,20.30,14,OK,0.1
2026-02-15T14:34:30.130Z,6,20.36,15,OK,0.1
2026-02-15T14:34:30.181Z,6,20.31,16,OK,0.1
2026-02-15T14:34:30.231Z,6,20.26,17,OK,0.1
2026-02-15T14:34:30.282Z,6,20.36,18,OK,0.1
2026-02-15T14:34:30.331Z,6,20.72,19,OK,0.1
2026-02-15T14:34:30.382Z,6,20.71,20,OK,0.1
2026-02-15T14:34:30.433Z,6,20.82,21,OK,0.1
2026-02-15T14:34:30.608Z,8,51.43,18,OK,0.1
2026-02-15T14:34:30.657Z,6,51.37,15,OK,0.1
2026-02-15T14:34:30.707Z,6,51.02,12,OK,0.1
2026-02-15T14:34:30.757Z,6,50.98,9,OK,0.1
2026-02-15T14:34:30.808Z,6,51.07,6,SATURATED,0.1
2026-02-15T14:34:30.859Z,6,20.44,7,OK,0.1
2026-02-15T14:34:30.910Z,6,20.43,8,OK,0.1
2026-02-15T14:34:30.960Z,6,20.42,9,OK,0.1
2026-02-15T14:34:31.103Z,6,34.95,8,OK,0.1
2026-02-15T14:34:31.153Z,3,34.85,7,OK,0.1
2026-02-15T14:34:31.203Z,3,34.90,6,OK,0.1
2026-02-15T14:34:31.254Z,3,34.87,5,OK,0.1
2026-02-15T14:34:31.304Z,2,34.85,5,OK,0.1
2026-02-15T14:34:31.355Z,2,20.32,6,OK,0.1
2026-02-15T14:34:31.405Z,2,20.30,7,OK,0.1
2026-02-15T14:34:31.455Z,3,20.28,8,OK,0.1
2026-02-15T14:34:31.506Z,3,20.33,9,OK,0.1
2026-02-15T14:34:31.557Z,3,20.36,10,OK,0.1
2026-02-15T14:34:31.606Z,3,20.41,11,OK,0.1
2026-02-15T14:34:31.816Z,5,56.79,7,OK,0.1
2026-02-15T14:34:31.867Z,3,56.77,5,OK,0.1
2026-02-15T14:34:31.918Z,3,56.84,5,OK,0.1
2026-02-15T14:34:31.969Z,3,56.83,5,OK,0.1
2026-02-15T14:34:32.020Z,2,56.70,5,OK,0.1
2026-02-15T14:34:32.070Z,2,20.33,6,OK,0.1
2026-02-15T14:34:32.128Z,4,20.38,7,OK,0.1
2026-02-15T14:34:32.177Z,3,20.11,8,OK,0.1
2026-02-15T14:34:32.229Z,3,20.09,9,OK,0.1
2026-02-15T14:34:32.279Z,3,20.14,10,OK,0.1
2026-02-15T14:34:32.329Z,4,20.16,11,OK,0.1
2026-02-15T14:34:32.380Z,4,20.10,12,OK,0.1
2026-02-15T14:34:32.431Z,4,20.29,13,OK,0.1
2026-02-15T14:34:32.481Z,4,20.33,14,OK,0.1
2026-02-15T14:34:32.531Z,4,20.37,15,OK,0.1
2026-02-15T14:34:32.582Z,4,20.34,16,OK,0.1
2026-02-15T14:34:32.631Z,4,20.36,17,OK,0.1
2026-02-15T14:34:32.682Z,4,20.33,18,OK,0.1
2026-02-15T14:34:32.733Z,4,20.33,19,OK,0.1
2026-02-15T14:34:32.784Z,4,20.34,20,OK,0.1
2026-02-15T14:34:33.342Z,15,125.16,5,SATURATED,0.4
2026-02-15T14:34:33.392Z,4,125.26,5,OK,0.4
2026-02-15T14:34:33.443Z,4,125.30,5,OK,0.4
2026-02-15T14:34:33.494Z,3,125.27,5,OK,0.4
2026-02-15T14:34:33.546Z,3,125.23,5,OK,0.4
2026-02-15T14:34:33.596Z,3,20.40,6,OK,0.1
2026-02-15T14:34:33.646Z,4,20.36,7,OK,0.1
2026-02-15T14:34:33.696Z,4,20.38,8,OK,0.1
2026-02-15T14:34:33.747Z,4,20.36,9,OK,0.1
2026-02-15T14:34:33.798Z,4,20.39,10,OK,0.1
2026-02-15T14:34:33.848Z,3,20.43,11,OK,0.1
2026-02-15T14:34:33.899Z,3,20.39,12,OK,0.1
2026-02-15T14:34:33.949Z,3,20.35,13,OK,0.1
2026-02-15T14:34:34.141Z,3,20.37,14,OK,0.1
2026-02-15T14:34:34.192Z,2,20.32,15,OK,0.1
2026-02-15T14:34:34.243Z,2,20.25,16,OK,0.1
2026-02-15T14:34:34.292Z,2,20.23,17,OK,0.1
2026-02-15T14:34:34.343Z,1,20.28,18,OK,0.1
2026-02-15T14:34:34.583Z,15,64.28,14,SATURATED,0.1
2026-02-15T14:34:34.712Z,8,76.06,8,SATURATED,0.1
2026-02-15T14:34:34.762Z,3,76.10,5,OK,0.1
2026-02-15T14:34:34.813Z,3,76.11,5,OK,0.1
2026-02-15T14:34:34.863Z,3,76.12,5,OK,0.1
2026-02-15T14:34:34.914Z,3,32.14,5,OK,0.1
2026-02-15T14:34:34.965Z,3,20.38,6,OK,0.1
2026-02-15T14:34:35.015Z,3,20.42,7,OK,0.1
2026-02-15T14:34:35.066Z,3,20.46,8,OK,0.1
2026-02-15T14:34:35.116Z,3,20.39,9,OK,0.1
2026-02-15T14:34:35.165Z,3,20.42,10,OK,0.1
2026-02-15T14:34:35.216Z,3,20.43,11,OK,0.1
2026-02-15T14:34:35.435Z,3,37.82,9,OK,0.1
2026-02-15T14:34:35.703Z,3,37.78,7,OK,0.1
2026-02-15T14:34:35.912Z,7,75.25,5,SATURATED,0.1
2026-02-15T14:34:36.076Z,5,93.94,5,SATURATED,0.1
2026-02-15T14:34:36.125Z,2,93.93,5,OK,0.1
2026-02-15T14:34:36.390Z,4,76.69,5,OK,0.1
2026-02-15T14:34:36.440Z,1,76.69,5,OK,0.1
2026-02-15T14:34:36.684Z,2,73.98,5,OK,0.1
2026-02-15T14:34:36.921Z,0,94.97,5,OK,0.1
2026-02-15T14:34:36.972Z,1,94.84,5,OK,0.1
2026-02-15T14:34:37.022Z,1,94.67,5,OK,0.1
2026-02-15T14:34:37.072Z,1,94.64,5,OK,0.1
2026-02-15T14:34:37.123Z,2,59.83,5,OK,0.1
2026-02-15T14:34:37.174Z,2,20.10,6,OK,0.1
2026-02-15T14:34:37.224Z,2,20.21,7,OK,0.1
2026-02-15T14:34:37.275Z,2,20.18,8,OK,0.1
2026-02-15T14:34:37.325Z,2,20.20,9,OK,0.1
2026-02-15T14:34:37.376Z,2,20.26,10,OK,0.1
2026-02-15T14:34:37.426Z,2,20.25,11,OK,0.1
2026-02-15T14:34:37.475Z,2,20.26,12,OK,0.1
2026-02-15T14:34:37.526Z,2,20.24,13,OK,0.1
2026-02-15T14:34:37.575Z,2,20.22,14,OK,0.1
2026-02-15T14:34:37.625Z,2,20.21,15,OK,0.1
2026-02-15T14:34:37.676Z,2,20.21,16,OK,0.1
2026-02-15T14:34:37.877Z,3,46.36,13,OK,0.1
2026-02-15T14:34:37.927Z,4,46.38,10,OK,0.1
2026-02-15T14:34:37.979Z,10,49.38,7,SATURATED,0.1
2026-02-15T14:34:38.031Z,3,49.40,5,OK,0.1
2026-02-15T14:34:38.080Z,3,49.41,5,OK,0.1
2026-02-15T14:34:38.324Z,4,67.72,5,OK,0.1
2026-02-15T14:34:38.374Z,3,67.72,5,OK,0.1
2026-02-15T14:34:38.425Z,4,64.87,5,OK,0.1
2026-02-15T14:34:38.474Z,4,64.79,5,OK,0.1
2026-02-15T14:34:38.525Z,4,64.82,5,OK,0.1
2026-02-15T14:34:38.576Z,4,20.44,6,OK,0.1
2026-02-15T14:34:38.626Z,4,20.49,7,OK,0.1
2026-02-15T14:34:38.675Z,4,20.36,8,OK,0.1
2026-02-15T14:34:38.726Z,4,20.41,9,OK,0.1
2026-02-15T14:34:38.776Z,4,20.41,10,OK,0.1
2026-02-15T14:34:38.825Z,4,20.34,11,OK,0.1
2026-02-15T14:34:38.875Z,4,20.31,12,OK,0.1
2026-02-15T14:34:38.927Z,4,20.31,13,OK,0.1
2026-02-15T14:34:39.108Z,3,50.97,10,OK,0.1
2026-02-15T14:34:39.485Z,10,112.29,5,SATURATED,0.1
2026-02-15T14:34:39.534Z,4,112.29,5,OK,0.1
2026-02-15T14:34:39.584Z,4,112.25,5,OK,0.1
2026-02-15T14:34:39.635Z,4,112.26,5,OK,0.1
2026-02-15T14:34:39.686Z,4,81.63,5,OK,0.1
2026-02-15T14:34:39.737Z,4,20.33,6,OK,0.1
2026-02-15T14:34:39.787Z,4,20.36,7,OK,0.1
2026-02-15T14:34:39.838Z,4,20.39,8,OK,0.1
2026-02-15T14:34:39.888Z,3,20.38,9,OK,0.1
2026-02-15T14:34:39.939Z,3,20.38,10,OK,0.1
2026-02-15T14:34:39.990Z,3,20.34,11,OK,0.1
2026-02-15T14:34:40.040Z,3,20.32,12,OK,0.1
2026-02-15T14:34:40.090Z,3,20.30,13,OK,0.1
2026-02-15T14:34:40.258Z,3,32.95,12,OK,0.1
2026-02-15T14:34:40.309Z,3,32.98,11,OK,0.1
2026-02-15T14:34:40.359Z,3,32.99,10,OK,0.1
2026-02-15T14:34:40.411Z,2,33.01,9,OK,0.1
2026-02-15T14:34:40.460Z,2,32.98,8,OK,0.1
2026-02-15T14:34:40.511Z,7,22.40,9,OK,0.1
2026-02-15T14:34:40.562Z,4,22.37,10,OK,0.1
2026-02-15T14:34:40.612Z,4,22.36,11,OK,0.1
2026-02-15T14:34:40.662Z,4,22.34,12,OK,0.1
2026-02-15T14:34:40.712Z,4,22.41,13,OK,0.1
2026-02-15T14:34:40.757Z,4,20.37,14,OK,0.1
2026-02-15T14:34:40.808Z,4,20.39,15,OK,0.1
2026-02-15T14:34:40.858Z,4,20.38,16,OK,0.1
2026-02-15T14:34:40.908Z,4,21.06,17,OK,0.1
2026-02-15T14:34:40.958Z,4,21.07,18,OK,0.1
2026-02-15T14:34:41.009Z,4,21.09,19,OK,0.1
2026-02-15T14:34:41.059Z,4,21.15,20,OK,0.1
2026-02-15T14:34:41.110Z,4,21.16,21,OK,0.1
2026-02-15T14:34:41.159Z,4,20.46,22,OK,0.1
2026-02-15T14:34:41.210Z,4,20.41,23,OK,0.1
2026-02-15T14:34:41.261Z,2,20.20,24,OK,0.1
2026-02-15T14:34:41.310Z,2,20.10,25,OK,0.1
2026-02-15T14:34:41.361Z,2,20.10,26,OK,0.1
2026-02-15T14:34:41.411Z,3,20.18,27,OK,0.1
2026-02-15T14:34:41.462Z,2,20.18,28,OK,0.1
2026-02-15T14:34:41.517Z,10,21.16,29,OK,0.1
2026-02-15T14:34:41.786Z,12,60.91,25,OK,0.1
2026-02-15T14:34:42.161Z,19,121.84,15,SATURATED,0.1
2026-02-15T14:34:42.319Z,10,139.32,5,SATURATED,0.4
2026-02-15T14:34:42.370Z,7,139.35,5,SATURATED,0.4
2026-02-15T14:34:42.420Z,7,138.56,5,SATURATED,0.4
2026-02-15T14:34:42.471Z,7,98.77,5,SATURATED,0.1
2026-02-15T14:34:42.522Z,5,37.81,5,SATURATED,0.1
2026-02-15T14:34:42.573Z,5,20.26,6,OK,0.1
2026-02-15T14:34:42.622Z,5,20.27,7,OK,0.1
2026-02-15T14:34:42.673Z,5,20.25,8,OK,0.1
2026-02-15T14:34:42.723Z,5,20.30,9,OK,0.1
2026-02-15T14:34:42.773Z,5,20.47,10,OK,0.1
2026-02-15T14:34:42.975Z,7,53.94,7,SATURATED,0.1
2026-02-15T14:34:43.026Z,5,53.89,5,SATURATED,0.1
2026-02-15T14:34:43.077Z,5,53.95,5,SATURATED,0.1
2026-02-15T14:34:43.127Z,5,53.94,5,SATURATED,0.1
2026-02-15T14:34:43.178Z,5,53.79,5,SATURATED,0.1
2026-02-15T14:34:43.228Z,5,20.26,6,OK,0.1
2026-02-15T14:34:43.279Z,5,20.19,7,OK,0.1
2026-02-15T14:34:43.330Z,5,20.19,8,OK,0.1
2026-02-15T14:34:43.551Z,7,50.34,5,SATURATED,0.1
2026-02-15T14:34:43.600Z,3,50.33,5,OK,0.1
2026-02-15T14:34:43.651Z,3,50.39,5,OK,0.1
2026-02-15T14:34:43.701Z,3,50.42,5,OK,0.1
2026-02-15T14:34:43.752Z,3,50.36,5,OK,0.1
2026-02-15T14:34:43.802Z,2,20.19,6,OK,0.1
2026-02-15T14:34:43.853Z,2,20.25,7,OK,0.1
2026-02-15T14:34:43.904Z,2,20.31,8,OK,0.1
2026-02-15T14:34:43.955Z,2,20.34,9,OK,0.1
2026-02-15T14:34:44.275Z,6,48.23,6,SATURATED,0.1
2026-02-15T14:34:44.324Z,2,48.19,5,OK,0.1
2026-02-15T14:34:44.374Z,3,48.09,5,OK,0.1
2026-02-15T14:34:44.424Z,3,48.11,5,OK,0.1
2026-02-15T14:34:44.474Z,3,48.15,5,OK,0.1
2026-02-15T14:34:44.524Z,3,20.28,6,OK,0.1
2026-02-15T14:34:44.577Z,6,20.38,7,OK,0.1
2026-02-15T14:34:44.628Z,3,20.47,8,OK,0.1
2026-02-15T14:34:44.678Z,3,20.43,9,OK,0.1
2026-02-15T14:34:44.728Z,3,20.40,10,OK,0.1
2026-02-15T14:34:44.778Z,3,20.42,11,OK,0.1
2026-02-15T14:34:44.828Z,3,20.47,12,OK,0.1
2026-02-15T14:34:44.879Z,3,20.43,13,OK,0.1
2026-02-15T14:34:44.930Z,3,20.41,14,OK,0.1
2026-02-15T14:34:44.980Z,3,20.41,15,OK,0.1
2026-02-15T14:34:45.031Z,3,20.42,16,OK,0.1
2026-02-15T14:34:45.081Z,3,20.36,17,OK,0.1
2026-02-15T14:34:45.131Z,3,20.36,18,OK,0.1
2026-02-15T14:34:45.182Z,3,20.37,19,OK,0.1
2026-02-15T14:34:45.233Z,3,20.38,20,OK,0.1
2026-02-15T14:34:45.282Z,4,20.34,21,OK,0.1
2026-02-15T14:34:45.384Z,6,26.67,20,OK,0.1
2026-02-15T14:34:45.435Z,5,26.65,19,OK,0.1
2026-02-15T14:34:45.485Z,5,26.62,18,OK,0.1
2026-02-15T14:34:45.535Z,5,26.57,17,OK,0.1
2026-02-15T14:34:45.742Z,4,61.59,13,OK,0.1
2026-02-15T14:34:46.162Z,13,125.19,5,SATURATED,0.4
2026-02-15T14:34:46.213Z,5,125.20,5,SATURATED,0.4
2026-02-15T14:34:46.263Z,5,125.22,5,SATURATED,0.4
2026-02-15T14:34:46.314Z,4,125.20,5,OK,0.4
2026-02-15T14:34:46.364Z,3,90.19,5,OK,0.1
2026-02-15T14:34:46.532Z,3,32.83,5,OK,0.1
2026-02-15T14:34:46.789Z,3,76.19,5,OK,0.1
2026-02-15T14:34:46.840Z,3,76.18,5,OK,0.1
2026-02-15T14:34:47.010Z,3,104.09,5,OK,0.1
2026-02-15T14:34:47.061Z,3,104.07,5,OK,0.1
2026-02-15T14:34:47.111Z,3,91.50,5,OK,0.1
2026-02-15T14:34:47.163Z,4,48.11,5,OK,0.1
2026-02-15T14:34:47.291Z,5,59.65,5,SATURATED,0.1
2026-02-15T14:34:47.342Z,4,31.84,5,OK,0.1
2026-02-15T14:34:47.392Z,4,31.98,5,OK,0.1
2026-02-15T14:34:47.442Z,4,31.97,5,OK,0.1
2026-02-15T14:34:47.492Z,4,32.00,5,OK,0.1
2026-02-15T14:34:47.543Z,4,20.44,6,OK,0.1
2026-02-15T14:34:47.686Z,6,34.93,5,SATURATED,0.1
2026-02-15T14:34:47.736Z,4,34.85,5,OK,0.1
2026-02-15T14:34:47.787Z,4,34.84,5,OK,0.1
2026-02-15T14:34:47.837Z,4,34.85,5,OK,0.1
2026-02-15T14:34:47.886Z,4,34.87,5,OK,0.1
2026-02-15T14:34:47.937Z,4,20.32,6,OK,0.1
2026-02-15T14:34:47.988Z,4,20.29,7,OK,0.1
2026-02-15T14:34:48.038Z,3,20.30,8,OK,0.1
2026-02-15T14:34:48.089Z,3,20.31,9,OK,0.1
2026-02-15T14:34:48.140Z,3,20.32,10,OK,0.1
2026-02-15T14:34:48.190Z,5,20.34,11,OK,0.1
2026-02-15T14:34:48.241Z,5,20.33,12,OK,0.1
2026-02-15T14:34:48.292Z,5,20.34,13,OK,0.1
2026-02-15T14:34:48.343Z,8,20.68,14,OK,0.1
2026-02-15T14:34:48.392Z,8,20.58,15,OK,0.1
2026-02-15T14:34:48.442Z,8,20.57,16,OK,0.1
2026-02-15T14:34:48.492Z,8,20.57,17,OK,0.1
2026-02-15T14:34:48.543Z,8,20.54,18,OK,0.1
2026-02-15T14:34:48.594Z,8,20.13,19,OK,0.1
2026-02-15T14:34:48.645Z,8,20.25,20,OK,0.1
2026-02-15T14:34:48.824Z,8,20.26,21,OK,0.1
2026-02-15T14:34:49.046Z,17,60.59,17,SATURATED,0.1
2026-02-15T14:34:49.096Z,9,60.58,13,OK,0.1
2026-02-15T14:34:49.147Z,9,60.61,9,SATURATED,0.1
2026-02-15T14:34:49.198Z,8,60.57,5,SATURATED,0.1
2026-02-15T14:34:49.248Z,8,60.58,5,SATURATED,0.1
2026-02-15T14:34:49.299Z,8,20.24,6,SATURATED,0.1
2026-02-15T14:34:49.350Z,7,20.35,7,SATURATED,0.1
2026-02-15T14:34:49.401Z,6,20.36,8,OK,0.1
2026-02-15T14:34:49.452Z,6,20.44,9,OK,0.1
2026-02-15T14:34:49.501Z,6,20.45,10,OK,0.1
2026-02-15T14:34:49.551Z,6,20.48,11,OK,0.1
2026-02-15T14:34:49.601Z,6,20.46,12,OK,0.1
2026-02-15T14:34:49.652Z,6,20.46,13,OK,0.1
2026-02-15T14:34:49.703Z,6,20.40,14,OK,0.1
2026-02-15T14:34:49.753Z,6,20.39,15,OK,0.1
2026-02-15T14:34:49.804Z,6,20.38,16,OK,0.1
2026-02-15T14:34:49.855Z,6,20.47,17,OK,0.1
2026-02-15T14:34:49.906Z,6,20.47,18,OK,0.1
2026-02-15T14:34:49.955Z,6,20.48,19,OK,0.1
2026-02-15T14:34:50.006Z,6,20.40,20,OK,0.1
2026-02-15T14:34:50.193Z,9,20.38,21,OK,0.1
2026-02-15T14:34:50.477Z,16,72.30,16,SATURATED,0.1
2026-02-15T14:34:50.641Z,13,91.04,9,SATURATED,0.1
2026-02-15T14:34:50.691Z,6,91.03,5,SATURATED,0.1
2026-02-15T14:34:50.741Z,6,91.09,5,SATURATED,0.1
2026-02-15T14:34:50.792Z,6,91.12,5,SATURATED,0.1
2026-02-15T14:34:50.842Z,6,39.05,5,SATURATED,0.1
2026-02-15T14:34:50.892Z,6,20.32,6,SATURATED,0.1
2026-02-15T14:34:50.942Z,5,20.41,7,OK,0.1
2026-02-15T14:34:50.993Z,5,20.47,8,OK,0.1
2026-02-15T14:34:51.043Z,5,20.45,9,OK,0.1
2026-02-15T14:34:51.094Z,6,20.51,10,OK,0.1
2026-02-15T14:34:51.145Z,6,20.54,11,OK,0.1
2026-02-15T14:34:51.343Z,7,35.77,9,OK,0.1
2026-02-15T14:34:51.393Z,6,35.73,7,OK,0.1
2026-02-15T14:34:51.444Z,6,35.71,5,SATURATED,0.1
2026-02-15T14:34:51.496Z,6,35.75,5,SATURATED,0.1
2026-02-15T14:34:51.546Z,6,35.67,5,SATURATED,0.1
2026-02-15T14:34:51.596Z,6,20.40,6,SATURATED,0.1
2026-02-15T14:34:51.647Z,6,20.40,7,OK,0.1
2026-02-15T14:34:51.698Z,6,20.32,8,OK,0.1
2026-02-15T14:34:51.748Z,6,20.28,9,OK,0.1
2026-02-15T14:34:51.798Z,6,20.31,10,OK,0.1
2026-02-15T14:34:51.849Z,6,20.27,11,OK,0.1
2026-02-15T14:34:51.900Z,6,20.27,12,OK,0.1
2026-02-15T14:34:51.952Z,6,20.43,13,OK,0.1
2026-02-15T14:34:52.001Z,7,20.39,14,OK,0.1
2026-02-15T14:34:52.052Z,7,20.46,15,OK,0.1
2026-02-15T14:34:52.103Z,7,20.46,16,OK,0.1
2026-02-15T14:34:52.154Z,7,20.45,17,OK,0.1
2026-02-15T14:34:52.204Z,5,20.28,18,OK,0.1
2026-02-15T14:34:52.255Z,5,20.29,19,OK,0.1
2026-02-15T14:34:52.306Z,5,20.27,20,OK,0.1
2026-02-15T14:34:52.358Z,6,20.27,21,OK,0.1
2026-02-15T14:34:52.407Z,5,20.29,22,OK,0.1
2026-02-15T14:34:52.458Z,5,20.38,23,OK,0.1
2026-02-15T14:34:52.638Z,6,20.73,24,OK,0.1
2026-02-15T14:34:52.816Z,16,23.87,25,OK,0.1
2026-02-15T14:34:52.867Z,5,23.90,26,OK,0.1
2026-02-15T14:34:52.918Z,5,23.92,27,OK,0.1
2026-02-15T14:34:52.967Z,5,24.03,28,OK,0.1
2026-02-15T14:34:53.017Z,5,23.81,29,OK,0.1
2026-02-15T14:34:53.068Z,4,20.63,30,OK,0.1
2026-02-15T14:34:53.119Z,4,20.59,31,OK,0.1
2026-02-15T14:34:53.170Z,4,20.56,32,OK,0.1
2026-02-15T14:34:53.221Z,4,20.48,33,OK,0.1
2026-02-15T14:34:53.272Z,4,20.37,34,OK,0.1
2026-02-15T14:34:53.322Z,4,20.39,35,OK,0.1
2026-02-15T14:34:53.373Z,5,20.38,36,OK,0.1
2026-02-15T14:34:53.423Z,4,20.37,37,OK,0.1
2026-02-15T14:34:53.474Z,4,20.37,38,OK,0.1
2026-02-15T14:34:53.524Z,4,20.34,39,OK,0.1
2026-02-15T14:34:53.575Z,4,20.35,40,OK,0.1
2026-02-15T14:34:53.626Z,4,20.39,41,OK,0.1
2026-02-15T14:34:53.821Z,10,20.38,42,OK,0.1
2026-02-15T14:34:53.943Z,16,40.69,40,OK,0.1
2026-02-15T14:34:53.994Z,6,40.74,38,OK,0.1
2026-02-15T14:34:54.044Z,6,40.71,36,OK,0.1
2026-02-15T14:34:54.095Z,6,40.64,34,OK,0.1
2026-02-15T14:34:54.146Z,6,40.71,32,OK,0.1
2026-02-15T14:34:54.197Z,6,20.36,33,OK,0.1
2026-02-15T14:34:54.336Z,6,42.04,31,OK,0.1
2026-02-15T14:34:54.508Z,6,62.37,27,OK,0.1
2026-02-15T14:34:54.559Z,6,62.48,23,OK,0.1
2026-02-15T14:34:54.610Z,6,62.39,19,OK,0.1
2026-02-15T14:34:54.797Z,6,62.54,15,OK,0.1
2026-02-15T14:34:54.847Z,5,40.84,13,OK,0.1
2026-02-15T14:34:54.897Z,4,20.47,14,OK,0.1
2026-02-15T14:34:55.039Z,8,20.36,15,OK,0.1
2026-02-15T14:34:55.173Z,14,42.98,13,SATURATED,0.1
2026-02-15T14:34:55.353Z,4,64.75,9,OK,0.1
2026-02-15T14:34:55.491Z,7,78.30,5,SATURATED,0.1
2026-02-15T14:34:55.541Z,4,78.44,5,OK,0.1
2026-02-15T14:34:55.592Z,4,78.49,5,OK,0.1
2026-02-15T14:34:55.642Z,4,55.90,5,OK,0.1
2026-02-15T14:34:55.693Z,4,34.18,5,OK,0.1
2026-02-15T14:34:55.743Z,4,20.70,6,OK,0.1
2026-02-15T14:34:55.795Z,4,20.56,7,OK,0.1
2026-02-15T14:34:56.005Z,6,58.02,5,SATURATED,0.1
2026-02-15T14:34:56.127Z,2,68.35,5,OK,0.1
2026-02-15T14:34:56.176Z,2,68.15,5,OK,0.1
2026-02-15T14:34:56.283Z,2,75.43,5,OK,0.1
2026-02-15T14:34:56.333Z,2,75.44,5,OK,0.1
2026-02-15T14:34:56.382Z,3,38.55,5,OK,0.1
2026-02-15T14:34:56.433Z,3,28.24,5,OK,0.1
2026-02-15T14:34:56.483Z,3,28.21,5,OK,0.1
2026-02-15T14:34:56.647Z,4,48.78,5,OK,0.1
2026-02-15T14:34:56.698Z,4,48.68,5,OK,0.1
2026-02-15T14:34:56.749Z,4,48.16,5,OK,0.1
2026-02-15T14:34:56.800Z,4,48.18,5,OK,0.1
2026-02-15T14:34:56.850Z,3,48.23,5,OK,0.1
2026-02-15T14:34:56.900Z,3,20.36,6,OK,0.1
2026-02-15T14:34:57.142Z,3,62.37,5,OK,0.1
2026-02-15T14:34:57.343Z,5,88.47,5,SATURATED,0.1
2026-02-15T14:34:57.394Z,3,88.47,5,OK,0.1
2026-02-15T14:34:57.445Z,3,88.39,5,OK,0.1
2026-02-15T14:34:57.496Z,3,88.40,5,OK,0.1
2026-02-15T14:34:57.547Z,5,46.64,5,SATURATED,0.1
2026-02-15T14:34:57.597Z,5,20.52,6,OK,0.1
2026-02-15T14:34:57.647Z,5,20.46,7,OK,0.1
2026-02-15T14:34:57.697Z,4,20.64,8,OK,0.1
2026-02-15T14:34:57.748Z,5,20.62,9,OK,0.1
2026-02-15T14:34:57.798Z,5,20.49,10,OK,0.1
2026-02-15T14:34:58.013Z,6,56.09,6,SATURATED,0.1
2026-02-15T14:34:58.063Z,6,56.08,5,SATURATED,0.1
2026-02-15T14:34:58.114Z,6,55.95,5,SATURATED,0.1
2026-02-15T14:34:58.164Z,6,55.92,5,SATURATED,0.1
2026-02-15T14:34:58.215Z,6,55.91,5,SATURATED,0.1
2026-02-15T14:34:58.265Z,6,20.29,6,SATURATED,0.1
2026-02-15T14:34:58.314Z,6,20.33,7,OK,0.1
2026-02-15T14:34:58.495Z,6,42.46,5,SATURATED,0.1
2026-02-15T14:34:58.546Z,4,38.60,5,OK,0.1
2026-02-15T14:34:58.597Z,4,38.62,5,OK,0.1
2026-02-15T14:34:58.648Z,4,38.61,5,OK,0.1
2026-02-15T14:34:58.698Z,5,38.59,5,SATURATED,0.1
2026-02-15T14:34:58.749Z,5,16.41,6,OK,0.1
2026-02-15T14:34:58.799Z,5,20.18,7,OK,0.1
2026-02-15T14:34:58.850Z,5,20.14,8,OK,0.1
2026-02-15T14:34:58.900Z,5,20.09,9,OK,0.1
2026-02-15T14:34:58.951Z,5,19.97,10,OK,0.1
2026-02-15T14:34:59.001Z,5,19.89,11,OK,0.1
2026-02-15T14:34:59.168Z,8,47.31,8,SATURATED,0.1
2026-02-15T14:34:59.217Z,6,47.31,5,SATURATED,0.1
2026-02-15T14:34:59.268Z,6,47.36,5,SATURATED,0.1
2026-02-15T14:34:59.318Z,6,47.44,5,SATURATED,0.1
2026-02-15T14:34:59.369Z,6,47.58,5,SATURATED,0.1
2026-02-15T14:34:59.419Z,6,20.31,6,SATURATED,0.1
2026-02-15T14:34:59.469Z,6,20.32,7,OK,0.1
2026-02-15T14:34:59.527Z,6,21.71,8,OK,0.1
2026-02-15T14:34:59.578Z,6,21.73,9,OK,0.1
2026-02-15T14:34:59.629Z,6,21.75,10,OK,0.1
2026-02-15T14:34:59.679Z,8,21.60,11,OK,0.1
2026-02-15T14:34:59.730Z,7,21.50,12,OK,0.1
2026-02-15T14:34:59.780Z,7,20.01,13,OK,0.1
2026-02-15T14:34:59.831Z,7,20.04,14,OK,0.1
2026-02-15T14:34:59.881Z,7,19.84,15,OK,0.1
2026-02-15T14:35:00.072Z,7,19.91,16,OK,0.1
2026-02-15T14:35:00.123Z,6,19.94,17,OK,0.1
2026-02-15T14:35:00.175Z,9,20.04,18,OK,0.1
2026-02-15T14:35:00.225Z,7,20.00,19,OK,0.1
2026-02-15T14:35:00.275Z,7,20.15,20,OK,0.1
2026-02-15T14:35:00.325Z,8,20.25,21,OK,0.1
2026-02-15T14:35:00.376Z,8,20.33,22,OK,0.1
2026-02-15T14:35:00.427Z,8,20.35,23,OK,0.1
2026-02-15T14:35:00.477Z,8,20.40,24,OK,0.1
2026-02-15T14:35:00.957Z,23,92.33,18,SATURATED,0.1
2026-02-15T14:35:00.530Z,15,21.08,25,OK,0.1
2026-02-15T14:35:01.316Z,15,150.07,5,SATURATED,0.4
2026-02-15T14:35:01.366Z,7,150.07,5,SATURATED,0.4
2026-02-15T14:35:01.417Z,7,150.03,5,SATURATED,0.4
2026-02-15T14:35:01.468Z,7,149.32,5,SATURATED,0.4
2026-02-15T14:35:01.518Z,6,78.36,5,SATURATED,0.1
2026-02-15T14:35:01.569Z,5,20.59,6,OK,0.1
2026-02-15T14:35:01.619Z,5,20.58,7,OK,0.1
2026-02-15T14:35:01.670Z,5,20.70,8,OK,0.1
2026-02-15T14:35:01.723Z,6,20.76,9,OK,0.1
2026-02-15T14:35:01.774Z,3,20.44,10,OK,0.1
2026-02-15T14:35:01.824Z,3,20.48,11,OK,0.1
2026-02-15T14:35:01.875Z,3,20.45,12,OK,0.1
2026-02-15T14:35:01.930Z,3,20.36,13,OK,0.1
2026-02-15T14:35:02.235Z,9,46.69,10,OK,0.1
2026-02-15T14:35:02.766Z,10,138.78,5,SATURATED,0.4
2026-02-15T14:35:02.816Z,3,134.71,5,OK,0.4
2026-02-15T14:35:02.866Z,3,134.68,5,OK,0.4
2026-02-15T14:35:02.916Z,3,134.68,5,OK,0.4
2026-02-15T14:35:02.967Z,3,108.21,5,OK,0.1
2026-02-15T14:35:03.017Z,4,16.09,6,OK,0.1
2026-02-15T14:35:03.067Z,4,20.14,7,OK,0.1
2026-02-15T14:35:03.117Z,3,20.14,8,OK,0.1
2026-02-15T14:35:03.168Z,3,20.11,9,OK,0.1
2026-02-15T14:35:03.219Z,3,20.23,10,OK,0.1
2026-02-15T14:35:03.270Z,4,20.22,11,OK,0.1
2026-02-15T14:35:03.321Z,4,20.21,12,OK,0.1
2026-02-15T14:35:03.372Z,4,20.23,13,OK,0.1
2026-02-15T14:35:03.422Z,4,20.24,14,OK,0.1
2026-02-15T14:35:03.473Z,4,20.25,15,OK,0.1
2026-02-15T14:35:03.524Z,4,20.33,16,OK,0.1
2026-02-15T14:35:03.573Z,4,20.38,17,OK,0.1
2026-02-15T14:35:03.624Z,4,20.40,18,OK,0.1
2026-02-15T14:35:03.675Z,4,20.44,19,OK,0.1
2026-02-15T14:35:03.726Z,4,20.48,20,OK,0.1
2026-02-15T14:35:03.957Z,8,39.22,18,OK,0.1
2026-02-15T14:35:04.329Z,18,99.53,10,SATURATED,0.1
2026-02-15T14:35:04.380Z,6,99.56,5,SATURATED,0.1
2026-02-15T14:35:04.431Z,6,99.54,5,SATURATED,0.1
2026-02-15T14:35:04.480Z,6,99.43,5,SATURATED,0.1
2026-02-15T14:35:04.531Z,6,80.52,5,SATURATED,0.1
2026-02-15T14:35:04.581Z,6,20.17,6,SATURATED,0.1
2026-02-15T14:35:04.632Z,6,20.18,7,OK,0.1
2026-02-15T14:35:04.683Z,6,20.12,8,OK,0.1
2026-02-15T14:35:04.734Z,7,20.16,9,OK,0.1
2026-02-15T14:35:04.784Z,6,20.23,10,OK,0.1
2026-02-15T14:35:04.835Z,6,20.33,11,OK,0.1
2026-02-15T14:35:04.885Z,6,20.33,12,OK,0.1
2026-02-15T14:35:04.935Z,6,20.39,13,OK,0.1
2026-02-15T14:35:04.985Z,7,20.43,14,OK,0.1
2026-02-15T14:35:05.035Z,6,20.57,15,OK,0.1
2026-02-15T14:35:05.085Z,6,20.47,16,OK,0.1
2026-02-15T14:35:05.135Z,6,20.46,17,OK,0.1
2026-02-15T14:35:05.186Z,6,20.43,18,OK,0.1
2026-02-15T14:35:05.237Z,7,20.40,19,OK,0.1
2026-02-15T14:35:05.287Z,6,20.34,20,OK,0.1
2026-02-15T14:35:05.520Z,7,59.50,16,OK,0.1
2026-02-15T14:35:05.570Z,16,55.43,12,SATURATED,0.1
2026-02-15T14:35:05.621Z,7,55.41,8,OK,0.1
2026-02-15T14:35:05.671Z,7,55.39,5,SATURATED,0.1
2026-02-15T14:35:05.722Z,7,55.32,5,SATURATED,0.1
2026-02-15T14:35:05.771Z,6,16.05,6,SATURATED,0.1
2026-02-15T14:35:05.821Z,6,20.11,7,OK,0.1
2026-02-15T14:35:05.872Z,6,20.16,8,OK,0.1
2026-02-15T14:35:05.923Z,6,20.20,9,OK,0.1
2026-02-15T14:35:05.973Z,7,20.26,10,OK,0.1
2026-02-15T14:35:06.024Z,6,20.55,11,OK,0.1
2026-02-15T14:35:06.073Z,6,20.55,12,OK,0.1
2026-02-15T14:35:06.123Z,7,20.70,13,OK,0.1
2026-02-15T14:35:06.174Z,7,20.58,14,OK,0.1
2026-02-15T14:35:06.337Z,6,47.19,11,OK,0.1
2026-02-15T14:35:06.388Z,8,47.06,8,SATURATED,0.1
2026-02-15T14:35:06.438Z,8,47.06,5,SATURATED,0.1
2026-02-15T14:35:06.489Z,8,46.81,5,SATURATED,0.1
2026-02-15T14:35:06.539Z,8,46.80,5,SATURATED,0.1
2026-02-15T14:35:06.589Z,8,20.89,6,SATURATED,0.1
2026-02-15T14:35:06.639Z,8,20.89,7,SATURATED,0.1
2026-02-15T14:35:06.690Z,8,20.90,8,SATURATED,0.1
2026-02-15T14:35:06.740Z,7,20.98,9,OK,0.1
2026-02-15T14:35:06.927Z,7,53.40,6,SATURATED,0.1
2026-02-15T14:35:06.978Z,6,52.71,5,SATURATED,0.1
2026-02-15T14:35:07.028Z,6,52.68,5,SATURATED,0.1
2026-02-15T14:35:07.079Z,6,52.73,5,SATURATED,0.1
2026-02-15T14:35:07.130Z,6,52.64,5,SATURATED,0.1
2026-02-15T14:35:07.180Z,6,20.31,6,SATURATED,0.1
2026-02-15T14:35:07.231Z,5,20.31,7,OK,0.1
2026-02-15T14:35:07.281Z,5,20.35,8,OK,0.1
2026-02-15T14:35:07.331Z,5,20.29,9,OK,0.1
2026-02-15T14:35:07.382Z,5,20.45,10,OK,0.1
2026-02-15T14:35:07.431Z,5,20.48,11,OK,0.1
2026-02-15T14:35:07.482Z,5,20.47,12,OK,0.1
2026-02-15T14:35:07.648Z,5,46.23,9,OK,0.1
2026-02-15T14:35:07.699Z,4,42.37,7,OK,0.1
2026-02-15T14:35:07.870Z,4,55.11,5,OK,0.1
2026-02-15T14:35:07.921Z,4,55.07,5,OK,0.1
2026-02-15T14:35:08.054Z,5,75.61,5,SATURATED,0.1
2026-02-15T14:35:08.105Z,3,49.78,5,OK,0.1
2026-02-15T14:35:08.310Z,2,88.70,5,OK,0.1
2026-02-15T14:35:08.567Z,0,76.02,5,OK,0.1
2026-02-15T14:35:08.617Z,1,75.91,5,OK,0.1
2026-02-15T14:35:08.890Z,5,55.35,5,SATURATED,0.1
2026-02-15T14:35:09.071Z,5,87.55,5,SATURATED,0.1
2026-02-15T14:35:09.265Z,4,52.49,5,OK,0.1
2026-02-15T14:35:09.468Z,3,52.36,5,OK,0.1
2026-02-15T14:35:09.518Z,4,52.42,5,OK,0.1
2026-02-15T14:35:09.569Z,3,52.42,5,OK,0.1
2026-02-15T14:35:09.620Z,3,20.29,6,OK,0.1
2026-02-15T14:35:09.849Z,3,20.27,7,OK,0.1
2026-02-15T14:35:09.901Z,7,20.29,8,OK,0.1
2026-02-15T14:35:09.951Z,5,20.41,9,OK,0.1
2026-02-15T14:35:10.002Z,5,20.38,10,OK,0.1
2026-02-15T14:35:10.061Z,10,21.17,11,OK,0.1
2026-02-15T14:35:10.182Z,11,31.32,10,SATURATED,0.1
2026-02-15T14:35:10.233Z,7,31.24,9,OK,0.1
2026-02-15T14:35:10.283Z,7,31.23,8,OK,0.1
2026-02-15T14:35:10.334Z,7,31.26,7,SATURATED,0.1
2026-02-15T14:35:10.384Z,7,30.45,6,SATURATED,0.1
2026-02-15T14:35:10.435Z,7,20.32,7,SATURATED,0.1
2026-02-15T14:35:10.486Z,7,20.39,8,OK,0.1
2026-02-15T14:35:10.536Z,7,20.47,9,OK,0.1
2026-02-15T14:35:10.587Z,6,20.51,10,OK,0.1
2026-02-15T14:35:10.636Z,6,20.47,11,OK,0.1
2026-02-15T14:35:10.686Z,5,20.48,12,OK,0.1
2026-02-15T14:35:10.732Z,5,20.46,13,OK,0.1
2026-02-15T14:35:10.782Z,5,20.32,14,OK,0.1
2026-02-15T14:35:10.833Z,5,20.28,15,OK,0.1
2026-02-15T14:35:11.026Z,14,52.07,12,SATURATED,0.1
2026-02-15T14:35:11.081Z,9,52.45,9,SATURATED,0.1
2026-02-15T14:35:11.132Z,8,52.46,6,SATURATED,0.1
2026-02-15T14:35:11.188Z,8,52.52,5,SATURATED,0.1
2026-02-15T14:35:11.242Z,8,53.88,5,SATURATED,0.1
2026-02-15T14:35:11.291Z,8,22.16,6,SATURATED,0.1
2026-02-15T14:35:11.342Z,8,21.56,7,SATURATED,0.1
2026-02-15T14:35:11.392Z,8,21.57,8,SATURATED,0.1
2026-02-15T14:35:11.442Z,8,21.38,9,OK,0.1
2026-02-15T14:35:11.647Z,9,35.74,7,SATURATED,0.1
2026-02-15T14:35:11.698Z,8,35.69,5,SATURATED,0.1
2026-02-15T14:35:11.749Z,8,35.90,5,SATURATED,0.1
2026-02-15T14:35:11.799Z,8,35.85,5,SATURATED,0.1
2026-02-15T14:35:11.850Z,8,36.08,5,SATURATED,0.1
2026-02-15T14:35:11.901Z,6,20.44,6,SATURATED,0.1
2026-02-15T14:35:11.952Z,6,20.37,7,OK,0.1
2026-02-15T14:35:12.002Z,6,20.39,8,OK,0.1
2026-02-15T14:35:12.059Z,8,20.96,9,OK,0.1
2026-02-15T14:35:12.273Z,9,49.63,6,SATURATED,0.1
2026-02-15T14:35:12.322Z,6,50.19,5,SATURATED,0.1
2026-02-15T14:35:12.373Z,6,50.23,5,SATURATED,0.1
2026-02-15T14:35:12.423Z,6,50.21,5,SATURATED,0.1
2026-02-15T14:35:12.473Z,6,49.58,5,SATURATED,0.1
2026-02-15T14:35:12.523Z,6,20.82,6,SATURATED,0.1
2026-02-15T14:35:12.573Z,6,20.10,7,OK,0.1
2026-02-15T14:35:12.623Z,6,20.09,8,OK,0.1
2026-02-15T14:35:12.778Z,7,20.10,9,OK,0.1
2026-02-15T14:35:12.829Z,7,20.18,10,OK,0.1
2026-02-15T14:35:12.880Z,6,20.17,11,OK,0.1
2026-02-15T14:35:13.051Z,6,40.39,9,OK,0.1
2026-02-15T14:35:13.323Z,6,80.74,5,SATURATED,0.1
2026-02-15T14:35:13.372Z,3,83.68,5,OK,0.1
2026-02-15T14:35:13.423Z,3,83.74,5,OK,0.1
2026-02-15T14:35:13.473Z,3,83.78,5,OK,0.1
2026-02-15T14:35:13.523Z,3,63.57,5,OK,0.1
2026-02-15T14:35:13.573Z,3,23.20,6,OK,0.1
2026-02-15T14:35:13.625Z,3,20.24,7,OK,0.1
2026-02-15T14:35:13.678Z,7,21.32,8,OK,0.1
2026-02-15T14:35:13.729Z,4,21.33,9,OK,0.1
2026-02-15T14:35:13.779Z,4,21.43,10,OK,0.1
2026-02-15T14:35:13.830Z,4,21.42,11,OK,0.1
2026-02-15T14:35:13.881Z,4,21.47,12,OK,0.1
2026-02-15T14:35:13.931Z,4,20.32,13,OK,0.1
2026-02-15T14:35:13.981Z,4,20.34,14,OK,0.1
2026-02-15T14:35:14.032Z,3,20.31,15,OK,0.1
2026-02-15T14:35:14.205Z,7,46.90,12,OK,0.1
2026-02-15T14:35:14.256Z,5,46.73,9,OK,0.1
2026-02-15T14:35:14.306Z,5,46.76,6,OK,0.1
2026-02-15T14:35:14.506Z,5,82.12,5,SATURATED,0.1
2026-02-15T14:35:14.556Z,5,78.07,5,SATURATED,0.1
2026-02-15T14:35:14.606Z,5,51.56,5,SATURATED,0.1
2026-02-15T14:35:14.657Z,4,51.68,5,OK,0.1
2026-02-15T14:35:14.708Z,4,51.84,5,OK,0.1
2026-02-15T14:35:14.758Z,4,16.49,6,OK,0.1
2026-02-15T14:35:14.807Z,4,20.78,7,OK,0.1
2026-02-15T14:35:14.858Z,4,20.75,8,OK,0.1
2026-02-15T14:35:14.908Z,5,20.85,9,OK,0.1
2026-02-15T14:35:14.957Z,5,20.66,10,OK,0.1
2026-02-15T14:35:15.008Z,5,20.61,11,OK,0.1
2026-02-15T14:35:15.059Z,5,20.63,12,OK,0.1
2026-02-15T14:35:15.109Z,6,20.66,13,OK,0.1
2026-02-15T14:35:15.159Z,6,20.58,14,OK,0.1
2026-02-15T14:35:15.210Z,7,20.62,15,OK,0.1
2026-02-15T14:35:15.260Z,9,20.51,16,OK,0.1
2026-02-15T14:35:15.310Z,9,20.29,17,OK,0.1
2026-02-15T14:35:15.361Z,9,20.26,18,OK,0.1
2026-02-15T14:35:15.412Z,9,20.25,19,OK,0.1
2026-02-15T14:35:15.462Z,9,20.25,20,OK,0.1
2026-02-15T14:35:15.513Z,10,20.36,21,OK,0.1
2026-02-15T14:35:15.750Z,13,53.68,18,OK,0.1
2026-02-15T14:35:15.824Z,15,54.21,15,SATURATED,0.1
2026-02-15T14:35:15.874Z,10,54.23,12,OK,0.1
2026-02-15T14:35:15.925Z,10,54.28,9,SATURATED,0.1
2026-02-15T14:35:15.975Z,10,54.33,6,SATURATED,0.1
2026-02-15T14:35:16.026Z,10,20.85,7,SATURATED,0.1
2026-02-15T14:35:16.076Z,9,20.18,8,SATURATED,0.1
2026-02-15T14:35:16.126Z,9,20.13,9,SATURATED,0.1
2026-02-15T14:35:16.177Z,9,20.17,10,OK,0.1
2026-02-15T14:35:16.226Z,9,20.20,11,OK,0.1
2026-02-15T14:35:16.278Z,9,20.45,12,OK,0.1
2026-02-15T14:35:16.328Z,10,21.01,13,OK,0.1
2026-02-15T14:35:16.379Z,9,20.98,14,OK,0.1
2026-02-15T14:35:16.429Z,9,20.91,15,OK,0.1
2026-02-15T14:35:16.480Z,9,20.84,16,OK,0.1
2026-02-15T14:35:16.531Z,9,20.69,17,OK,0.1
2026-02-15T14:35:16.581Z,9,20.26,18,OK,0.1
2026-02-15T14:35:16.631Z,9,20.35,19,OK,0.1
2026-02-15T14:35:16.682Z,9,20.28,20,OK,0.1
2026-02-15T14:35:16.732Z,9,20.38,21,OK,0.1
2026-02-15T14:35:17.062Z,16,20.93,22,OK,0.1
2026-02-15T14:35:17.112Z,10,24.62,23,OK,0.1
2026-02-15T14:35:17.287Z,10,53.48,20,OK,0.1
2026-02-15T14:35:17.434Z,19,68.86,15,SATURATED,0.1
2026-02-15T14:35:17.547Z,11,77.29,9,SATURATED,0.1
2026-02-15T14:35:17.597Z,9,76.76,5,SATURATED,0.1
2026-02-15T14:35:17.648Z,9,73.06,5,SATURATED,0.1
2026-02-15T14:35:17.699Z,9,44.27,5,SATURATED,0.1
2026-02-15T14:35:17.749Z,9,28.87,5,SATURATED,0.1
2026-02-15T14:35:17.800Z,8,20.49,6,SATURATED,0.1
2026-02-15T14:35:17.850Z,8,20.32,7,SATURATED,0.1
2026-02-15T14:35:17.901Z,8,20.34,8,SATURATED,0.1
2026-02-15T14:35:17.951Z,8,20.14,9,OK,0.1
2026-02-15T14:35:18.002Z,8,20.22,10,OK,0.1
2026-02-15T14:35:18.052Z,8,20.10,11,OK,0.1
2026-02-15T14:35:18.107Z,11,21.34,12,OK,0.1
2026-02-15T14:35:18.157Z,12,21.35,13,OK,0.1
2026-02-15T14:35:18.207Z,12,21.44,14,OK,0.1
2026-02-15T14:35:18.258Z,10,21.45,15,OK,0.1
2026-02-15T14:35:18.308Z,10,21.86,16,OK,0.1
2026-02-15T14:35:18.358Z,10,20.74,17,OK,0.1
2026-02-15T14:35:18.408Z,10,20.71,18,OK,0.1
2026-02-15T14:35:18.467Z,16,22.93,19,OK,0.1
2026-02-15T14:35:18.517Z,12,22.92,20,OK,0.1
2026-02-15T14:35:19.060Z,18,73.09,16,SATURATED,0.1
2026-02-15T14:35:18.787Z,14,22.47,21,OK,0.1
2026-02-15T14:35:19.114Z,16,75.55,10,SATURATED,0.1
2026-02-15T14:35:19.164Z,11,73.35,5,SATURATED,0.1
2026-02-15T14:35:19.215Z,11,73.35,5,SATURATED,0.1
2026-02-15T14:35:19.266Z,11,73.40,5,SATURATED,0.1
2026-02-15T14:35:19.316Z,10,23.11,6,SATURATED,0.1
2026-02-15T14:35:19.366Z,10,20.63,7,SATURATED,0.1
2026-02-15T14:35:19.416Z,10,20.45,8,SATURATED,0.1
2026-02-15T14:35:19.466Z,8,20.63,9,OK,0.1
2026-02-15T14:35:19.616Z,8,36.51,7,SATURATED,0.1
2026-02-15T14:35:19.667Z,8,36.27,5,SATURATED,0.1
2026-02-15T14:35:19.718Z,8,36.30,5,SATURATED,0.1
2026-02-15T14:35:19.768Z,8,36.38,5,SATURATED,0.1
2026-02-15T14:35:19.819Z,8,36.17,5,SATURATED,0.1
2026-02-15T14:35:19.869Z,8,20.23,6,SATURATED,0.1
2026-02-15T14:35:19.920Z,8,20.17,7,SATURATED,0.1
2026-02-15T14:35:19.970Z,8,20.18,8,SATURATED,0.1
2026-02-15T14:35:20.021Z,8,20.38,9,OK,0.1
2026-02-15T14:35:20.079Z,9,20.43,10,OK,0.1
2026-02-15T14:35:20.248Z,10,22.44,11,OK,0.1
2026-02-15T14:35:20.502Z,11,69.12,6,SATURATED,0.1
2026-02-15T14:35:20.553Z,4,69.08,5,OK,0.1
2026-02-15T14:35:20.603Z,4,68.95,5,OK,0.1
2026-02-15T14:35:20.761Z,5,96.39,5,SATURATED,0.1
2026-02-15T14:35:20.811Z,4,94.38,5,OK,0.1
2026-02-15T14:35:20.862Z,4,47.73,5,OK,0.1
2026-02-15T14:35:21.072Z,4,64.68,5,OK,0.1
2026-02-15T14:35:21.218Z,4,79.81,5,OK,0.1
2026-02-15T14:35:21.269Z,3,48.49,5,OK,0.1
2026-02-15T14:35:21.429Z,3,48.48,5,OK,0.1
2026-02-15T14:35:21.480Z,3,48.52,5,OK,0.1
2026-02-15T14:35:21.534Z,5,32.20,5,SATURATED,0.1
2026-02-15T14:35:21.585Z,5,17.07,6,OK,0.1
2026-02-15T14:35:21.635Z,5,20.95,7,OK,0.1
2026-02-15T14:35:21.686Z,5,20.99,8,OK,0.1
2026-02-15T14:35:21.736Z,5,21.01,9,OK,0.1
2026-02-15T14:35:21.787Z,8,20.49,10,OK,0.1
2026-02-15T14:35:21.837Z,9,20.35,11,OK,0.1
2026-02-15T14:35:21.887Z,9,20.35,12,OK,0.1
2026-02-15T14:35:21.938Z,9,20.27,13,OK,0.1
2026-02-15T14:35:21.988Z,9,20.25,14,OK,0.1
2026-02-15T14:35:22.039Z,9,20.16,15,OK,0.1
2026-02-15T14:35:22.243Z,10,20.38,16,OK,0.1
2026-02-15T14:35:22.378Z,16,43.13,14,SATURATED,0.1
2026-02-15T14:35:22.428Z,10,43.09,12,OK,0.1
2026-02-15T14:35:22.479Z,11,43.08,10,SATURATED,0.1
2026-02-15T14:35:22.535Z,11,42.95,8,SATURATED,0.1
2026-02-15T14:35:22.584Z,11,42.84,6,SATURATED,0.1
2026-02-15T14:35:22.635Z,11,20.09,7,SATURATED,0.1
2026-02-15T14:35:22.686Z,11,20.17,8,SATURATED,0.1
2026-02-15T14:35:22.737Z,11,20.22,9,SATURATED,0.1
2026-02-15T14:35:22.787Z,11,20.41,10,SATURATED,0.1
2026-02-15T14:35:22.837Z,11,20.39,11,SATURATED,0.1
2026-02-15T14:35:22.887Z,11,20.38,12,OK,0.1
2026-02-15T14:35:22.937Z,11,20.46,13,OK,0.1
2026-02-15T14:35:22.987Z,11,20.42,14,OK,0.1
2026-02-15T14:35:23.037Z,11,20.38,15,OK,0.1
2026-02-15T14:35:23.088Z,11,20.43,16,OK,0.1
2026-02-15T14:35:23.138Z,12,20.39,17,OK,0.1
2026-02-15T14:35:23.188Z,12,20.33,18,OK,0.1
2026-02-15T14:35:23.238Z,11,20.34,19,OK,0.1
2026-02-15T14:35:23.402Z,19,45.30,16,SATURATED,0.1
2026-02-15T14:35:23.452Z,13,41.42,14,OK,0.1
2026-02-15T14:35:23.502Z,14,41.47,12,SATURATED,0.1
2026-02-15T14:35:23.558Z,12,42.55,10,SATURATED,0.1
2026-02-15T14:35:23.609Z,11,43.48,8,SATURATED,0.1
2026-02-15T14:35:23.659Z,11,18.51,9,SATURATED,0.1
2026-02-15T14:35:23.709Z,11,22.36,10,SATURATED,0.1
2026-02-15T14:35:23.760Z,11,22.37,11,SATURATED,0.1
2026-02-15T14:35:23.935Z,11,49.67,8,SATURATED,0.1
2026-02-15T14:35:23.984Z,7,48.71,5,SATURATED,0.1
2026-02-15T14:35:24.035Z,7,48.78,5,SATURATED,0.1
2026-02-15T14:35:24.085Z,7,48.82,5,SATURATED,0.1
2026-02-15T14:35:24.135Z,7,48.67,5,SATURATED,0.1
2026-02-15T14:35:24.186Z,7,20.33,6,SATURATED,0.1
2026-02-15T14:35:24.237Z,7,20.33,7,SATURATED,0.1
2026-02-15T14:35:24.287Z,6,20.29,8,OK,0.1
2026-02-15T14:35:24.338Z,6,20.31,9,OK,0.1
2026-02-15T14:35:24.390Z,4,20.49,10,OK,0.1
2026-02-15T14:35:24.554Z,10,22.41,11,OK,0.1
2026-02-15T14:35:24.607Z,11,23.72,12,OK,0.1
2026-02-15T14:35:24.658Z,6,23.69,13,OK,0.1
2026-02-15T14:35:24.708Z,6,23.65,14,OK,0.1
2026-02-15T14:35:24.759Z,6,23.57,15,OK,0.1
2026-02-15T14:35:24.904Z,6,44.66,13,OK,0.1
2026-02-15T14:35:25.033Z,7,55.10,9,OK,0.1
2026-02-15T14:35:25.083Z,7,55.08,5,SATURATED,0.1
2026-02-15T14:35:25.133Z,6,55.07,5,SATURATED,0.1
2026-02-15T14:35:25.182Z,6,55.09,5,SATURATED,0.1
2026-02-15T14:35:25.233Z,6,32.01,5,SATURATED,0.1
2026-02-15T14:35:25.283Z,6,20.29,6,SATURATED,0.1
2026-02-15T14:35:25.334Z,6,20.32,7,OK,0.1
2026-02-15T14:35:25.384Z,6,20.32,8,OK,0.1
2026-02-15T14:35:25.640Z,6,64.17,5,SATURATED,0.1
2026-02-15T14:35:25.743Z,5,70.91,5,SATURATED,0.1
2026-02-15T14:35:25.793Z,5,70.87,5,SATURATED,0.1
2026-02-15T14:35:25.843Z,5,70.85,5,SATURATED,0.1
2026-02-15T14:35:25.893Z,5,70.80,5,SATURATED,0.1
2026-02-15T14:35:25.943Z,5,27.05,5,SATURATED,0.1
2026-02-15T14:35:25.992Z,5,20.31,6,OK,0.1
2026-02-15T14:35:26.042Z,6,20.33,7,OK,0.1
2026-02-15T14:35:26.093Z,6,20.40,8,OK,0.1
2026-02-15T14:35:26.143Z,6,20.50,9,OK,0.1
2026-02-15T14:35:26.193Z,6,20.41,10,OK,0.1
2026-02-15T14:35:26.244Z,7,20.39,11,OK,0.1
2026-02-15T14:35:26.294Z,6,20.48,12,OK,0.1
2026-02-15T14:35:26.344Z,6,20.42,13,OK,0.1
2026-02-15T14:35:26.395Z,6,20.40,14,OK,0.1
2026-02-15T14:35:26.445Z,3,20.19,15,OK,0.1
2026-02-15T14:35:26.495Z,3,20.19,16,OK,0.1
2026-02-15T14:35:26.546Z,3,20.09,17,OK,0.1
2026-02-15T14:35:26.595Z,3,20.12,18,OK,0.1
2026-02-15T14:35:26.646Z,3,20.08,19,OK,0.1
2026-02-15T14:35:27.077Z,15,92.43,12,SATURATED,0.1
2026-02-15T14:35:27.205Z,5,103.97,5,SATURATED,0.1
2026-02-15T14:35:27.255Z,3,103.95,5,OK,0.1
2026-02-15T14:35:27.305Z,4,103.91,5,OK,0.1
2026-02-15T14:35:27.485Z,4,117.86,5,OK,0.1
2026-02-15T14:35:27.536Z,3,45.71,5,OK,0.1
2026-02-15T14:35:27.586Z,3,34.22,5,OK,0.1
2026-02-15T14:35:27.636Z,3,34.21,5,OK,0.1
2026-02-15T14:35:27.686Z,3,34.22,5,OK,0.1
2026-02-15T14:35:27.737Z,3,20.31,6,OK,0.1
2026-02-15T14:35:27.787Z,3,20.36,7,OK,0.1
2026-02-15T14:35:27.839Z,3,20.40,8,OK,0.1
2026-02-15T14:35:27.888Z,4,20.48,9,OK,0.1
2026-02-15T14:35:27.940Z,4,20.49,10,OK,0.1
2026-02-15T14:35:27.990Z,4,20.46,11,OK,0.1
2026-02-15T14:35:28.040Z,4,20.45,12,OK,0.1
2026-02-15T14:35:28.208Z,4,20.36,13,OK,0.1
2026-02-15T14:35:28.263Z,13,27.07,12,SATURATED,0.1
2026-02-15T14:35:28.538Z,7,68.02,7,SATURATED,0.1
2026-02-15T14:35:28.588Z,6,68.01,5,SATURATED,0.1
2026-02-15T14:35:28.638Z,6,67.97,5,SATURATED,0.1
2026-02-15T14:35:28.688Z,6,68.05,5,SATURATED,0.1
2026-02-15T14:35:28.738Z,6,61.29,5,SATURATED,0.1
2026-02-15T14:35:28.788Z,6,20.37,6,SATURATED,0.1
2026-02-15T14:35:28.839Z,6,20.39,7,OK,0.1
2026-02-15T14:35:28.889Z,6,20.40,8,OK,0.1
2026-02-15T14:35:28.939Z,6,20.30,9,OK,0.1
2026-02-15T14:35:28.990Z,6,20.33,10,OK,0.1
2026-02-15T14:35:29.041Z,6,20.31,11,OK,0.1
2026-02-15T14:35:29.091Z,6,20.23,12,OK,0.1
2026-02-15T14:35:29.141Z,6,20.22,13,OK,0.1
2026-02-15T14:35:29.191Z,6,20.24,14,OK,0.1
2026-02-15T14:35:29.414Z,14,21.51,15,OK,0.1
2026-02-15T14:35:29.651Z,13,64.63,11,SATURATED,0.1
2026-02-15T14:35:29.701Z,6,64.69,7,OK,0.1
2026-02-15T14:35:29.751Z,6,64.69,5,SATURATED,0.1
2026-02-15T14:35:29.801Z,6,64.73,5,SATURATED,0.1
2026-02-15T14:35:29.851Z,6,63.43,5,SATURATED,0.1
2026-02-15T14:35:29.902Z,5,20.34,6,OK,0.1
2026-02-15T14:35:29.953Z,5,20.35,7,OK,0.1
2026-02-15T14:35:30.004Z,5,20.38,8,OK,0.1
2026-02-15T14:35:30.054Z,5,20.32,9,OK,0.1
2026-02-15T14:35:30.104Z,5,20.40,10,OK,0.1
2026-02-15T14:35:30.154Z,5,20.40,11,OK,0.1
2026-02-15T14:35:30.205Z,5,20.41,12,OK,0.1
2026-02-15T14:35:30.255Z,5,20.30,13,OK,0.1
2026-02-15T14:35:30.305Z,4,20.31,14,OK,0.1
2026-02-15T14:35:30.356Z,4,20.27,15,OK,0.1
2026-02-15T14:35:30.431Z,15,22.79,16,OK,0.1
2026-02-15T14:35:30.580Z,8,38.53,14,OK,0.1
2026-02-15T14:35:30.819Z,5,72.34,9,OK,0.1
2026-02-15T14:35:31.008Z,9,96.09,5,SATURATED,0.1
2026-02-15T14:35:31.059Z,4,96.06,5,OK,0.1
2026-02-15T14:35:31.242Z,4,93.54,5,OK,0.1
2026-02-15T14:35:31.380Z,4,87.49,5,OK,0.1
2026-02-15T14:35:31.550Z,3,79.90,5,OK,0.1
2026-02-15T14:35:31.601Z,4,56.13,5,OK,0.1
2026-02-15T14:35:31.652Z,4,56.12,5,OK,0.1
2026-02-15T14:35:31.703Z,3,56.11,5,OK,0.1
2026-02-15T14:35:31.753Z,3,46.49,5,OK,0.1
2026-02-15T14:35:31.804Z,3,20.34,6,OK,0.1
2026-02-15T14:35:31.854Z,3,20.47,7,OK,0.1
2026-02-15T14:35:31.904Z,3,20.54,8,OK,0.1
2026-02-15T14:35:31.953Z,3,20.58,9,OK,0.1
2026-02-15T14:35:32.346Z,4,91.97,5,OK,0.1
2026-02-15T14:35:32.543Z,4,117.31,5,OK,0.1
2026-02-15T14:35:32.686Z,4,131.76,5,OK,0.4
2026-02-15T14:35:32.735Z,3,131.66,5,OK,0.4
2026-02-15T14:35:32.786Z,2,131.64,5,OK,0.4
2026-02-15T14:35:32.843Z,4,60.27,5,OK,0.1
2026-02-15T14:35:32.894Z,2,34.92,5,OK,0.1
2026-02-15T14:35:32.944Z,2,20.38,6,OK,0.1
2026-02-15T14:35:32.994Z,2,20.34,7,OK,0.1
2026-02-15T14:35:33.045Z,2,20.35,8,OK,0.1
2026-02-15T14:35:33.095Z,2,20.35,9,OK,0.1
2026-02-15T14:35:33.145Z,2,20.16,10,OK,0.1
2026-02-15T14:35:33.195Z,2,20.32,11,OK,0.1
2026-02-15T14:35:33.245Z,2,20.44,12,OK,0.1
2026-02-15T14:35:33.295Z,2,20.29,13,OK,0.1
2026-02-15T14:35:33.347Z,2,20.19,14,OK,0.1
2026-02-15T14:35:33.554Z,2,47.93,11,OK,0.1
2026-02-15T14:35:34.015Z,11,125.92,5,SATURATED,0.4
2026-02-15T14:35:34.065Z,3,125.91,5,OK,0.4
2026-02-15T14:35:34.117Z,3,126.02,5,OK,0.4
2026-02-15T14:35:34.167Z,3,126.03,5,OK,0.4
2026-02-15T14:35:34.217Z,4,98.52,5,OK,0.1
2026-02-15T14:35:34.268Z,4,20.37,6,OK,0.1
2026-02-15T14:35:34.318Z,4,20.30,7,OK,0.1
2026-02-15T14:35:34.478Z,4,20.28,8,OK,0.1
2026-02-15T14:35:34.530Z,4,20.24,9,OK,0.1
2026-02-15T14:35:34.579Z,3,20.31,10,OK,0.1
2026-02-15T14:35:34.630Z,3,20.36,11,OK,0.1
2026-02-15T14:35:34.681Z,3,20.38,12,OK,0.1
2026-02-15T14:35:34.731Z,3,20.38,13,OK,0.1
2026-02-15T14:35:34.782Z,3,20.45,14,OK,0.1
2026-02-15T14:35:34.832Z,3,20.34,15,OK,0.1
2026-02-15T14:35:34.883Z,3,20.33,16,OK,0.1
2026-02-15T14:35:34.934Z,3,20.38,17,OK,0.1
2026-02-15T14:35:35.345Z,10,96.22,9,SATURATED,0.1
2026-02-15T14:35:35.417Z,7,96.52,5,SATURATED,0.1
2026-02-15T14:35:35.467Z,4,96.60,5,OK,0.1
2026-02-15T14:35:35.518Z,4,96.48,5,OK,0.1
2026-02-15T14:35:35.761Z,4,96.90,5,OK,0.1
2026-02-15T14:35:35.811Z,4,21.08,6,OK,0.1
2026-02-15T14:35:35.861Z,3,20.84,7,OK,0.1
2026-02-15T14:35:35.911Z,3,20.75,8,OK,0.1
2026-02-15T14:35:35.961Z,4,20.86,9,OK,0.1
2026-02-15T14:35:36.011Z,3,20.43,10,OK,0.1
2026-02-15T14:35:36.061Z,2,20.43,11,OK,0.1
2026-02-15T14:35:36.110Z,2,20.33,12,OK,0.1
2026-02-15T14:35:36.161Z,2,20.35,13,OK,0.1
2026-02-15T14:35:36.212Z,1,20.26,14,OK,0.1
2026-02-15T14:35:36.358Z,1,41.53,12,OK,0.1
2026-02-15T14:35:36.623Z,12,80.46,6,SATURATED,0.1
2026-02-15T14:35:36.721Z,5,86.00,5,SATURATED,0.1
2026-02-15T14:35:36.936Z,3,85.98,5,OK,0.1
2026-02-15T14:35:36.987Z,4,86.00,5,OK,0.1
2026-02-15T14:35:37.037Z,4,64.75,5,OK,0.1
2026-02-15T14:35:37.088Z,4,25.82,5,OK,0.1
2026-02-15T14:35:37.139Z,4,20.29,6,OK,0.1
2026-02-15T14:35:37.190Z,4,20.45,7,OK,0.1
2026-02-15T14:35:37.242Z,5,20.54,8,OK,0.1
2026-02-15T14:35:37.292Z,4,20.54,9,OK,0.1
2026-02-15T14:35:37.342Z,4,20.54,10,OK,0.1
2026-02-15T14:35:37.392Z,3,20.55,11,OK,0.1
2026-02-15T14:35:37.442Z,3,20.31,12,OK,0.1
2026-02-15T14:35:37.492Z,3,20.31,13,OK,0.1
2026-02-15T14:35:37.543Z,3,20.36,14,OK,0.1
2026-02-15T14:35:37.593Z,3,20.40,15,OK,0.1
2026-02-15T14:35:37.663Z,12,22.90,16,OK,0.1
2026-02-15T14:35:38.051Z,15,86.52,9,SATURATED,0.1
2026-02-15T14:35:38.104Z,6,83.04,5,SATURATED,0.1
2026-02-15T14:35:38.258Z,4,105.54,5,OK,0.1
2026-02-15T14:35:38.309Z,4,105.47,5,OK,0.1
2026-02-15T14:35:38.361Z,4,102.93,5,OK,0.1
2026-02-15T14:35:38.412Z,4,39.39,5,OK,0.1
2026-02-15T14:35:38.461Z,4,42.76,5,OK,0.1
2026-02-15T14:35:38.512Z,4,20.18,6,OK,0.1
2026-02-15T14:35:38.561Z,4,20.21,7,OK,0.1
2026-02-15T14:35:38.612Z,4,20.29,8,OK,0.1
2026-02-15T14:35:38.664Z,4,20.58,9,OK,0.1
2026-02-15T14:35:38.715Z,5,20.69,10,OK,0.1
2026-02-15T14:35:38.765Z,5,20.69,11,OK,0.1
2026-02-15T14:35:38.816Z,5,20.71,12,OK,0.1
2026-02-15T14:35:38.866Z,5,20.63,13,OK,0.1
2026-02-15T14:35:38.916Z,5,20.35,14,OK,0.1
2026-02-15T14:35:38.966Z,4,20.25,15,OK,0.1
2026-02-15T14:35:39.016Z,4,20.22,16,OK,0.1
2026-02-15T14:35:39.283Z,5,67.12,11,OK,0.1
2026-02-15T14:35:39.380Z,10,72.47,6,SATURATED,0.1
2026-02-15T14:35:39.430Z,4,72.44,5,OK,0.1
2026-02-15T14:35:39.480Z,4,72.54,5,OK,0.1
2026-02-15T14:35:39.530Z,4,72.53,5,OK,0.1
2026-02-15T14:35:39.580Z,4,25.63,5,OK,0.1
2026-02-15T14:35:39.810Z,4,20.26,6,OK,0.1
2026-02-15T14:35:39.927Z,6,39.59,5,SATURATED,0.1
2026-02-15T14:35:39.978Z,4,39.69,5,OK,0.1
2026-02-15T14:35:40.029Z,4,39.59,5,OK,0.1
2026-02-15T14:35:40.078Z,3,39.48,5,OK,0.1
2026-02-15T14:35:40.129Z,3,39.49,5,OK,0.1
2026-02-15T14:35:40.180Z,3,20.13,6,OK,0.1
2026-02-15T14:35:40.229Z,3,20.00,7,OK,0.1
2026-02-15T14:35:40.280Z,3,20.12,8,OK,0.1
2026-02-15T14:35:40.504Z,8,58.96,5,SATURATED,0.1
2026-02-15T14:35:40.575Z,5,59.12,5,SATURATED,0.1
2026-02-15T14:35:40.626Z,3,59.25,5,OK,0.1
2026-02-15T14:35:40.676Z,2,59.19,5,OK,0.1
2026-02-15T14:35:40.727Z,1,59.30,5,OK,0.1
2026-02-15T14:35:40.772Z,1,20.56,6,OK,0.1
2026-02-15T14:35:40.821Z,1,20.44,7,OK,0.1
2026-02-15T14:35:40.872Z,1,20.34,8,OK,0.1
2026-02-15T14:35:40.922Z,1,20.46,9,OK,0.1
2026-02-15T14:35:40.973Z,1,20.32,10,OK,0.1
2026-02-15T14:35:41.023Z,1,20.33,11,OK,0.1
2026-02-15T14:35:41.145Z,1,40.64,9,OK,0.1
2026-02-15T14:35:41.196Z,1,40.68,7,OK,0.1
2026-02-15T14:35:41.245Z,1,40.62,5,OK,0.1
2026-02-15T14:35:41.296Z,1,40.78,5,OK,0.1
2026-02-15T14:35:41.347Z,1,40.78,5,OK,0.1
2026-02-15T14:35:41.397Z,1,20.47,6,OK,0.1
2026-02-15T14:35:41.447Z,1,20.46,7,OK,0.1
2026-02-15T14:35:41.497Z,1,20.50,8,OK,0.1
2026-02-15T14:35:41.566Z,8,25.51,7,SATURATED,0.1
2026-02-15T14:35:41.774Z,7,53.04,5,SATURATED,0.1
2026-02-15T14:35:41.825Z,4,53.02,5,OK,0.1
2026-02-15T14:35:41.875Z,4,53.02,5,OK,0.1
2026-02-15T14:35:41.925Z,4,53.04,5,OK,0.1
2026-02-15T14:35:42.091Z,4,74.83,5,OK,0.1
2026-02-15T14:35:42.142Z,4,47.31,5,OK,0.1
2026-02-15T14:35:42.192Z,5,47.40,5,SATURATED,0.1
2026-02-15T14:35:42.243Z,5,47.48,5,SATURATED,0.1
2026-02-15T14:35:42.295Z,4,47.43,5,OK,0.1
2026-02-15T14:35:42.345Z,4,20.49,6,OK,0.1
2026-02-15T14:35:42.395Z,4,20.41,7,OK,0.1
2026-02-15T14:35:42.446Z,4,20.33,8,OK,0.1
2026-02-15T14:35:42.497Z,4,20.28,9,OK,0.1
2026-02-15T14:35:42.661Z,5,48.95,6,OK,0.1
2026-02-15T14:35:42.810Z,6,64.69,5,SATURATED,0.1
2026-02-15T14:35:42.860Z,5,60.69,5,SATURATED,0.1
2026-02-15T14:35:42.911Z,5,60.71,5,SATURATED,0.1
2026-02-15T14:35:42.961Z,5,60.66,5,SATURATED,0.1
2026-02-15T14:35:43.012Z,5,31.91,5,SATURATED,0.1
2026-02-15T14:35:43.062Z,5,16.18,6,OK,0.1
2026-02-15T14:35:43.112Z,5,20.67,7,OK,0.1
2026-02-15T14:35:43.163Z,5,20.64,8,OK,0.1
2026-02-15T14:35:43.212Z,5,20.66,9,OK,0.1
2026-02-15T14:35:43.263Z,5,20.74,10,OK,0.1
2026-02-15T14:35:43.313Z,5,20.73,11,OK,0.1
2026-02-15T14:35:43.363Z,5,20.32,12,OK,0.1
2026-02-15T14:35:43.413Z,5,20.34,13,OK,0.1
2026-02-15T14:35:43.463Z,5,20.33,14,OK,0.1
2026-02-15T14:35:43.513Z,5,20.35,15,OK,0.1
2026-02-15T14:35:43.564Z,5,20.35,16,OK,0.1
2026-02-15T14:35:43.615Z,5,20.35,17,OK,0.1
2026-02-15T14:35:43.665Z,5,20.40,18,OK,0.1
2026-02-15T14:35:43.858Z,5,44.94,16,OK,0.1
2026-02-15T14:35:44.082Z,14,75.67,10,SATURATED,0.1
2026-02-15T14:35:44.211Z,4,93.20,5,OK,0.1
2026-02-15T14:35:44.260Z,2,93.18,5,OK,0.1
2026-02-15T14:35:44.312Z,3,93.22,5,OK,0.1
2026-02-15T14:35:44.459Z,2,93.75,5,OK,0.1
2026-02-15T14:35:44.510Z,2,62.99,5,OK,0.1
2026-02-15T14:35:44.560Z,1,45.46,5,OK,0.1
2026-02-15T14:35:44.610Z,1,45.47,5,OK,0.1
2026-02-15T14:35:44.661Z,1,45.35,5,OK,0.1
2026-02-15T14:35:44.712Z,1,20.28,6,OK,0.1
2026-02-15T14:35:44.762Z,1,20.32,7,OK,0.1
2026-02-15T14:35:44.812Z,1,20.36,8,OK,0.1
2026-02-15T14:35:44.863Z,2,20.38,9,OK,0.1
2026-02-15T14:35:44.913Z,1,20.38,10,OK,0.1
2026-02-15T14:35:44.963Z,1,20.36,11,OK,0.1
2026-02-15T14:35:45.012Z,2,20.25,12,OK,0.1
2026-02-15T14:35:45.165Z,1,36.76,10,OK,0.1
2026-02-15T14:35:45.354Z,10,60.47,6,SATURATED,0.1
2026-02-15T14:35:45.404Z,4,60.45,5,OK,0.1
2026-02-15T14:35:45.454Z,4,60.50,5,OK,0.1
2026-02-15T14:35:45.504Z,4,60.68,5,OK,0.1
2026-02-15T14:35:45.555Z,4,44.36,5,OK,0.1
2026-02-15T14:35:45.606Z,4,20.62,6,OK,0.1
2026-02-15T14:35:45.656Z,4,20.63,7,OK,0.1
2026-02-15T14:35:45.707Z,4,20.58,8,OK,0.1
2026-02-15T14:35:45.757Z,4,20.45,9,OK,0.1
2026-02-15T14:35:45.807Z,4,20.21,10,OK,0.1
2026-02-15T14:35:45.857Z,4,20.21,11,OK,0.1
2026-02-15T14:35:45.908Z,4,20.25,12,OK,0.1
2026-02-15T14:35:45.958Z,4,20.31,13,OK,0.1
2026-02-15T14:35:46.009Z,4,20.29,14,OK,0.1
2026-02-15T14:35:46.059Z,3,20.33,15,OK,0.1
2026-02-15T14:35:46.109Z,3,20.36,16,OK,0.1
2026-02-15T14:35:46.159Z,3,20.33,17,OK,0.1
2026-02-15T14:35:46.210Z,3,20.32,18,OK,0.1
2026-02-15T14:35:46.261Z,3,20.38,19,OK,0.1
2026-02-15T14:35:46.528Z,5,42.34,17,OK,0.1
2026-02-15T14:35:47.014Z,17,125.44,5,SATURATED,0.4
2026-02-15T14:35:47.065Z,4,125.43,5,OK,0.4
2026-02-15T14:35:47.115Z,4,125.40,5,OK,0.4
2026-02-15T14:35:47.167Z,4,125.45,5,OK,0.4
2026-02-15T14:35:47.216Z,3,103.39,5,OK,0.1
2026-02-15T14:35:47.267Z,3,20.34,6,OK,0.1
2026-02-15T14:35:47.317Z,3,20.40,7,OK,0.1
2026-02-15T14:35:47.367Z,1,20.41,8,OK,0.1
2026-02-15T14:35:47.417Z,1,20.37,9,OK,0.1
2026-02-15T14:35:47.467Z,1,20.46,10,OK,0.1
2026-02-15T14:35:47.517Z,1,20.43,11,OK,0.1
2026-02-15T14:35:47.567Z,1,20.43,12,OK,0.1
2026-02-15T14:35:47.618Z,1,20.41,13,OK,0.1
2026-02-15T14:35:47.669Z,1,20.42,14,OK,0.1
2026-02-15T14:35:47.720Z,1,20.22,15,OK,0.1
2026-02-15T14:35:47.772Z,2,20.17,16,OK,0.1
2026-02-15T14:35:47.823Z,1,20.13,17,OK,0.1
2026-02-15T14:35:47.874Z,1,20.16,18,OK,0.1
2026-02-15T14:35:47.924Z,1,20.17,19,OK,0.1
2026-02-15T14:35:48.151Z,10,38.44,17,OK,0.1
2026-02-15T14:35:48.927Z,9,179.57,5,SATURATED,0.4
2026-02-15T14:35:48.978Z,2,179.54,5,OK,0.4
2026-02-15T14:35:49.029Z,2,179.57,5,OK,0.4
2026-02-15T14:35:49.079Z,1,179.54,5,OK,0.4
2026-02-15T14:35:49.129Z,1,161.47,5,OK,0.4
2026-02-15T14:35:49.179Z,1,20.20,6,OK,0.1
2026-02-15T14:35:49.230Z,1,20.27,7,OK,0.1
2026-02-15T14:35:49.281Z,1,20.21,8,OK,0.1
2026-02-15T14:35:49.331Z,1,20.14,9,OK,0.1
2026-02-15T14:35:49.380Z,1,20.14,10,OK,0.1
2026-02-15T14:35:49.616Z,1,20.27,11,OK,0.1
2026-02-15T14:35:49.667Z,1,20.20,12,OK,0.1
2026-02-15T14:35:49.717Z,1,20.20,13,OK,0.1
2026-02-15T14:35:49.768Z,1,20.30,14,OK,0.1
2026-02-15T14:35:49.817Z,1,20.28,15,OK,0.1
2026-02-15T14:35:50.402Z,15,21.05,16,OK,0.1
2026-02-15T14:35:51.262Z,14,188.81,5,SATURATED,0.4
2026-02-15T14:35:51.313Z,3,188.83,5,OK,0.4
2026-02-15T14:35:51.363Z,3,188.73,5,OK,0.4
2026-02-15T14:35:51.425Z,5,190.55,5,SATURATED,0.4
2026-02-15T14:35:51.475Z,4,189.71,5,OK,0.4
2026-02-15T14:35:51.525Z,4,21.98,6,OK,0.1
2026-02-15T14:35:51.576Z,4,21.91,7,OK,0.1
2026-02-15T14:35:51.626Z,4,22.00,8,OK,0.1
2026-02-15T14:35:51.675Z,4,20.16,9,OK,0.1
2026-02-15T14:35:51.726Z,4,20.23,10,OK,0.1
2026-02-15T14:35:51.776Z,4,20.13,11,OK,0.1
2026-02-15T14:35:51.826Z,4,20.18,12,OK,0.1
2026-02-15T14:35:51.877Z,4,20.18,13,OK,0.1
2026-02-15T14:35:51.928Z,4,20.19,14,OK,0.1
2026-02-15T14:35:51.979Z,4,20.17,15,OK,0.1
2026-02-15T14:35:52.029Z,4,20.34,16,OK,0.1
2026-02-15T14:35:52.079Z,4,20.36,17,OK,0.1
2026-02-15T14:35:52.326Z,3,20.39,18,OK,0.1
2026-02-15T14:35:52.411Z,18,33.22,17,SATURATED,0.1
2026-02-15T14:35:52.523Z,10,41.58,15,OK,0.1
2026-02-15T14:35:52.574Z,6,41.42,13,OK,0.1
2026-02-15T14:35:52.625Z,6,41.50,11,OK,0.1
2026-02-15T14:35:52.675Z,6,41.51,9,OK,0.1
2026-02-15T14:35:52.726Z,6,28.69,8,OK,0.1
2026-02-15T14:35:52.776Z,5,20.38,9,OK,0.1
2026-02-15T14:35:52.826Z,5,20.49,10,OK,0.1
2026-02-15T14:35:52.876Z,5,20.44,11,OK,0.1
2026-02-15T14:35:52.926Z,5,20.46,12,OK,0.1
2026-02-15T14:35:52.977Z,5,20.52,13,OK,0.1
2026-02-15T14:35:53.027Z,5,20.60,14,OK,0.1
2026-02-15T14:35:53.077Z,5,20.58,15,OK,0.1
2026-02-15T14:35:53.127Z,6,20.42,16,OK,0.1
2026-02-15T14:35:53.176Z,6,20.37,17,OK,0.1
2026-02-15T14:35:53.227Z,6,20.30,18,OK,0.1
2026-02-15T14:35:53.276Z,6,20.15,19,OK,0.1
2026-02-15T14:35:53.327Z,6,20.14,20,OK,0.1
2026-02-15T14:35:53.540Z,16,56.18,16,SATURATED,0.1
2026-02-15T14:35:53.622Z,16,58.53,12,SATURATED,0.1
2026-02-15T14:35:53.672Z,6,58.45,8,OK,0.1
2026-02-15T14:35:53.722Z,6,58.47,5,SATURATED,0.1
2026-02-15T14:35:53.772Z,6,58.53,5,SATURATED,0.1
2026-02-15T14:35:53.822Z,6,22.64,6,SATURATED,0.1
2026-02-15T14:35:53.872Z,6,20.35,7,OK,0.1
2026-02-15T14:35:53.922Z,6,20.48,8,OK,0.1
2026-02-15T14:35:53.972Z,6,20.45,9,OK,0.1
2026-02-15T14:35:54.023Z,6,20.50,10,OK,0.1
2026-02-15T14:35:54.073Z,6,20.53,11,OK,0.1
2026-02-15T14:35:54.124Z,6,20.48,12,OK,0.1
2026-02-15T14:35:54.174Z,6,20.50,13,OK,0.1
2026-02-15T14:35:54.224Z,6,20.52,14,OK,0.1
2026-02-15T14:35:54.274Z,6,20.55,15,OK,0.1
2026-02-15T14:35:54.325Z,6,20.48,16,OK,0.1
2026-02-15T14:35:54.376Z,4,20.25,17,OK,0.1
2026-02-15T14:35:54.427Z,4,20.22,18,OK,0.1
2026-02-15T14:35:54.477Z,4,20.34,19,OK,0.1
2026-02-15T14:35:54.527Z,4,20.25,20,OK,0.1
2026-02-15T14:35:54.687Z,7,45.51,17,OK,0.1
2026-02-15T14:35:55.180Z,16,130.28,5,SATURATED,0.4
2026-02-15T14:35:55.231Z,4,130.24,5,OK,0.4
2026-02-15T14:35:55.281Z,4,130.17,5,OK,0.4
2026-02-15T14:35:55.332Z,4,130.15,5,OK,0.4
2026-02-15T14:35:55.383Z,4,104.94,5,OK,0.1
2026-02-15T14:35:55.434Z,4,20.38,6,OK,0.1
2026-02-15T14:35:55.485Z,4,20.44,7,OK,0.1
2026-02-15T14:35:55.537Z,4,20.40,8,OK,0.1
2026-02-15T14:35:55.587Z,5,20.35,9,OK,0.1
2026-02-15T14:35:55.637Z,4,20.17,10,OK,0.1
2026-02-15T14:35:55.687Z,4,20.18,11,OK,0.1
2026-02-15T14:35:55.737Z,5,20.11,12,OK,0.1
2026-02-15T14:35:55.788Z,5,20.00,13,OK,0.1
2026-02-15T14:35:55.838Z,5,20.12,14,OK,0.1
2026-02-15T14:35:55.889Z,5,20.19,15,OK,0.1
2026-02-15T14:35:56.072Z,5,48.81,12,OK,0.1
2026-02-15T14:35:56.122Z,6,48.86,9,OK,0.1
2026-02-15T14:35:56.301Z,6,70.70,5,SATURATED,0.1
2026-02-15T14:35:56.364Z,6,69.15,5,SATURATED,0.1
2026-02-15T14:35:56.415Z,6,69.34,5,SATURATED,0.1
2026-02-15T14:35:56.466Z,6,40.84,5,SATURATED,0.1
2026-02-15T14:35:56.517Z,6,40.77,5,SATURATED,0.1
2026-02-15T14:35:56.568Z,6,19.02,6,SATURATED,0.1
2026-02-15T14:35:56.619Z,6,20.57,7,OK,0.1
2026-02-15T14:35:56.670Z,6,20.48,8,OK,0.1
2026-02-15T14:35:56.721Z,5,20.36,9,OK,0.1
2026-02-15T14:35:56.771Z,5,20.40,10,OK,0.1
2026-02-15T14:35:56.821Z,5,20.49,11,OK,0.1
2026-02-15T14:35:56.872Z,5,20.43,12,OK,0.1
2026-02-15T14:35:56.923Z,5,20.40,13,OK,0.1
2026-02-15T14:35:56.973Z,5,20.40,14,OK,0.1
2026-02-15T14:35:57.023Z,4,20.37,15,OK,0.1
2026-02-15T14:35:57.074Z,3,20.30,16,OK,0.1
2026-02-15T14:35:57.124Z,4,20.40,17,OK,0.1
2026-02-15T14:35:57.174Z,4,20.39,18,OK,0.1
2026-02-15T14:35:57.224Z,4,20.45,19,OK,0.1
2026-02-15T14:35:57.274Z,4,20.50,20,OK,0.1
2026-02-15T14:35:57.458Z,5,34.06,19,OK,0.1
2026-02-15T14:35:57.744Z,19,77.07,13,SATURATED,0.1
2026-02-15T14:35:57.795Z,5,77.06,7,OK,0.1
2026-02-15T14:35:57.845Z,6,76.99,5,SATURATED,0.1
2026-02-15T14:35:57.896Z,6,76.98,5,SATURATED,0.1
2026-02-15T14:35:57.946Z,6,63.42,5,SATURATED,0.1
2026-02-15T14:35:57.997Z,6,20.27,6,SATURATED,0.1
2026-02-15T14:35:58.046Z,6,20.27,7,OK,0.1
2026-02-15T14:35:58.097Z,5,20.38,8,OK,0.1
2026-02-15T14:35:58.147Z,5,20.37,9,OK,0.1
2026-02-15T14:35:58.198Z,5,20.39,10,OK,0.1
2026-02-15T14:35:58.248Z,5,20.40,11,OK,0.1
2026-02-15T14:35:58.297Z,5,20.42,12,OK,0.1
2026-02-15T14:35:58.348Z,5,20.30,13,OK,0.1
2026-02-15T14:35:58.398Z,5,20.31,14,OK,0.1
2026-02-15T14:35:58.449Z,5,20.28,15,OK,0.1
2026-02-15T14:35:58.499Z,5,20.38,16,OK,0.1
2026-02-15T14:35:58.548Z,5,20.39,17,OK,0.1
2026-02-15T14:35:58.598Z,5,20.48,18,OK,0.1
2026-02-15T14:35:58.649Z,5,20.51,19,OK,0.1
2026-02-15T14:35:59.131Z,11,20.52,20,OK,0.1
2026-02-15T14:35:59.202Z,19,30.36,19,SATURATED,0.1
2026-02-15T14:35:59.252Z,10,30.44,18,OK,0.1
2026-02-15T14:35:59.303Z,10,30.38,17,OK,0.1
2026-02-15T14:35:59.354Z,10,30.42,16,OK,0.1
2026-02-15T14:35:59.405Z,10,30.27,15,OK,0.1
2026-02-15T14:35:59.455Z,10,20.26,16,OK,0.1
2026-02-15T14:35:59.505Z,10,20.13,17,OK,0.1
2026-02-15T14:35:59.556Z,10,20.18,18,OK,0.1
2026-02-15T14:35:59.607Z,10,20.32,19,OK,0.1
2026-02-15T14:35:59.657Z,10,20.50,20,OK,0.1
2026-02-15T14:35:59.707Z,9,20.71,21,OK,0.1
2026-02-15T14:35:59.756Z,9,20.76,22,OK,0.1
2026-02-15T14:35:59.807Z,8,20.67,23,OK,0.1
2026-02-15T14:35:59.858Z,7,20.52,24,OK,0.1
2026-02-15T14:35:59.907Z,7,20.50,25,OK,0.1
2026-02-15T14:35:59.958Z,7,20.43,26,OK,0.1
2026-02-15T14:36:00.008Z,7,20.42,27,OK,0.1
2026-02-15T14:36:00.058Z,7,20.49,28,OK,0.1
2026-02-15T14:36:00.109Z,7,20.49,29,OK,0.1
2026-02-15T14:36:00.361Z,27,56.81,25,SATURATED,0.1
2026-02-15T14:36:00.683Z,16,117.21,15,SATURATED,0.1
2026-02-15T14:36:00.734Z,8,117.18,5,SATURATED,0.1
2026-02-15T14:36:00.785Z,8,117.07,5,SATURATED,0.1
2026-02-15T14:36:00.836Z,8,117.01,5,SATURATED,0.1
2026-02-15T14:36:00.885Z,8,80.68,5,SATURATED,0.1
2026-02-15T14:36:00.936Z,8,20.24,6,SATURATED,0.1
2026-02-15T14:36:00.986Z,8,20.31,7,SATURATED,0.1
2026-02-15T14:36:01.036Z,7,20.31,8,OK,0.1
2026-02-15T14:36:01.087Z,7,20.34,9,OK,0.1
2026-02-15T14:36:01.139Z,7,20.38,10,OK,0.1
2026-02-15T14:36:01.189Z,6,20.29,11,OK,0.1
2026-02-15T14:36:01.240Z,4,20.20,12,OK,0.1
2026-02-15T14:36:01.290Z,4,20.27,13,OK,0.1
2026-02-15T14:36:01.339Z,4,20.28,14,OK,0.1
2026-02-15T14:36:01.389Z,5,20.99,15,OK,0.1
2026-02-15T14:36:01.441Z,5,21.08,16,OK,0.1
2026-02-15T14:36:01.491Z,4,20.99,17,OK,0.1
2026-02-15T14:36:01.542Z,4,20.87,18,OK,0.1
2026-02-15T14:36:01.592Z,4,20.82,19,OK,0.1
2026-02-15T14:36:01.962Z,8,52.50,16,OK,0.1
2026-02-15T14:36:02.043Z,16,54.83,13,SATURATED,0.1
2026-02-15T14:36:02.400Z,8,112.31,5,SATURATED,0.1
2026-02-15T14:36:02.451Z,7,112.33,5,SATURATED,0.1
2026-02-15T14:36:02.501Z,7,112.33,5,SATURATED,0.1
2026-02-15T14:36:02.551Z,7,79.87,5,SATURATED,0.1
2026-02-15T14:36:02.602Z,7,77.53,5,SATURATED,0.1
2026-02-15T14:36:02.653Z,7,20.15,6,SATURATED,0.1
2026-02-15T14:36:02.703Z,5,20.23,7,OK,0.1
2026-02-15T14:36:02.754Z,5,20.27,8,OK,0.1
2026-02-15T14:36:02.803Z,5,20.27,9,OK,0.1
2026-02-15T14:36:02.854Z,5,20.28,10,OK,0.1
2026-02-15T14:36:02.903Z,5,20.37,11,OK,0.1
2026-02-15T14:36:02.953Z,5,20.38,12,OK,0.1
2026-02-15T14:36:03.009Z,12,23.19,13,OK,0.1
2026-02-15T14:36:03.169Z,13,41.13,11,SATURATED,0.1
2026-02-15T14:36:03.381Z,10,69.46,6,SATURATED,0.1
2026-02-15T14:36:03.545Z,5,94.10,5,SATURATED,0.1
2026-02-15T14:36:03.595Z,5,94.10,5,SATURATED,0.1
2026-02-15T14:36:03.646Z,5,91.25,5,SATURATED,0.1
2026-02-15T14:36:03.697Z,5,73.35,5,SATURATED,0.1
2026-02-15T14:36:03.748Z,5,45.00,5,SATURATED,0.1
2026-02-15T14:36:03.798Z,5,20.37,6,OK,0.1
2026-02-15T14:36:03.848Z,5,20.42,7,OK,0.1
2026-02-15T14:36:03.899Z,5,20.49,8,OK,0.1
2026-02-15T14:36:03.950Z,5,20.54,9,OK,0.1
2026-02-15T14:36:04.001Z,5,20.74,10,OK,0.1
2026-02-15T14:36:04.051Z,5,20.64,11,OK,0.1
2026-02-15T14:36:04.100Z,5,20.55,12,OK,0.1
2026-02-15T14:36:04.151Z,5,20.62,13,OK,0.1
2026-02-15T14:36:04.284Z,8,41.53,11,OK,0.1
2026-02-15T14:36:04.412Z,9,52.88,8,SATURATED,0.1
2026-02-15T14:36:04.466Z,8,49.67,5,SATURATED,0.1
2026-02-15T14:36:04.517Z,6,49.67,5,SATURATED,0.1
2026-02-15T14:36:04.567Z,6,49.51,5,SATURATED,0.1
2026-02-15T14:36:04.616Z,6,28.53,5,SATURATED,0.1
2026-02-15T14:36:04.667Z,6,17.09,6,SATURATED,0.1
2026-02-15T14:36:04.718Z,6,20.35,7,OK,0.1
2026-02-15T14:36:04.769Z,6,20.38,8,OK,0.1
2026-02-15T14:36:04.994Z,7,20.48,9,OK,0.1
2026-02-15T14:36:05.123Z,9,29.33,8,SATURATED,0.1
2026-02-15T14:36:05.174Z,7,29.31,7,SATURATED,0.1
2026-02-15T14:36:05.225Z,7,29.32,6,SATURATED,0.1
2026-02-15T14:36:05.275Z,7,29.29,5,SATURATED,0.1
2026-02-15T14:36:05.325Z,7,29.29,5,SATURATED,0.1
2026-02-15T14:36:05.376Z,7,20.37,6,SATURATED,0.1
2026-02-15T14:36:05.429Z,7,20.33,7,SATURATED,0.1
2026-02-15T14:36:05.493Z,7,20.83,8,OK,0.1
2026-02-15T14:36:05.544Z,7,20.78,9,OK,0.1
2026-02-15T14:36:05.790Z,8,55.88,5,SATURATED,0.1
2026-02-15T14:36:05.840Z,7,55.94,5,SATURATED,0.1
2026-02-15T14:36:05.889Z,7,55.91,5,SATURATED,0.1
2026-02-15T14:36:05.940Z,7,55.39,5,SATURATED,0.1
2026-02-15T14:36:05.991Z,6,55.46,5,SATURATED,0.1
2026-02-15T14:36:06.042Z,4,20.30,6,OK,0.1
2026-02-15T14:36:06.092Z,4,20.35,7,OK,0.1
2026-02-15T14:36:06.392Z,7,46.23,5,SATURATED,0.1
2026-02-15T14:36:06.448Z,5,46.26,5,SATURATED,0.1
2026-02-15T14:36:06.521Z,5,47.86,5,SATURATED,0.1
2026-02-15T14:36:06.572Z,3,47.91,5,OK,0.1
2026-02-15T14:36:06.622Z,3,47.81,5,OK,0.1
2026-02-15T14:36:06.673Z,3,21.96,6,OK,0.1
2026-02-15T14:36:06.724Z,3,22.06,7,OK,0.1
2026-02-15T14:36:06.774Z,3,20.46,8,OK,0.1
2026-02-15T14:36:06.926Z,8,44.22,6,SATURATED,0.1
2026-02-15T14:36:06.976Z,3,44.26,5,OK,0.1
2026-02-15T14:36:07.124Z,3,67.43,5,OK,0.1
2026-02-15T14:36:07.174Z,1,67.31,5,OK,0.1
2026-02-15T14:36:07.225Z,1,67.29,5,OK,0.1
2026-02-15T14:36:07.275Z,1,43.42,5,OK,0.1
2026-02-15T14:36:07.325Z,1,43.45,5,OK,0.1
2026-02-15T14:36:07.376Z,1,20.19,6,OK,0.1
2026-02-15T14:36:07.601Z,6,59.14,5,SATURATED,0.1
2026-02-15T14:36:07.663Z,4,57.48,5,OK,0.1
2026-02-15T14:36:07.713Z,1,57.41,5,OK,0.1
2026-02-15T14:36:07.763Z,1,57.44,5,OK,0.1
2026-02-15T14:36:07.813Z,1,57.53,5,OK,0.1
2026-02-15T14:36:07.863Z,1,18.61,6,OK,0.1
2026-02-15T14:36:07.914Z,1,20.36,7,OK,0.1
2026-02-15T14:36:08.115Z,6,54.21,5,SATURATED,0.1
2026-02-15T14:36:08.238Z,3,64.70,5,OK,0.1
2026-02-15T14:36:08.288Z,2,64.59,5,OK,0.1
2026-02-15T14:36:08.338Z,2,64.57,5,OK,0.1
2026-02-15T14:36:08.388Z,2,64.50,5,OK,0.1
2026-02-15T14:36:08.438Z,2,30.79,5,OK,0.1
2026-02-15T14:36:08.489Z,2,20.26,6,OK,0.1
2026-02-15T14:36:08.540Z,2,20.24,7,OK,0.1
2026-02-15T14:36:08.591Z,2,20.24,8,OK,0.1
2026-02-15T14:36:08.760Z,6,48.01,5,SATURATED,0.1
2026-02-15T14:36:08.811Z,2,44.16,5,OK,0.1
2026-02-15T14:36:08.862Z,2,44.16,5,OK,0.1
2026-02-15T14:36:08.913Z,2,44.25,5,OK,0.1
2026-02-15T14:36:08.963Z,2,44.27,5,OK,0.1
2026-02-15T14:36:09.014Z,2,16.41,6,OK,0.1
2026-02-15T14:36:09.064Z,2,20.27,7,OK,0.1
2026-02-15T14:36:09.115Z,2,20.27,8,OK,0.1
2026-02-15T14:36:09.502Z,6,83.61,5,SATURATED,0.1
2026-02-15T14:36:09.552Z,2,83.47,5,OK,0.1
2026-02-15T14:36:09.602Z,2,83.47,5,OK,0.1
2026-02-15T14:36:09.652Z,2,83.45,5,OK,0.1
2026-02-15T14:36:09.702Z,2,83.49,5,OK,0.1
2026-02-15T14:36:09.752Z,2,20.17,6,OK,0.1
2026-02-15T14:36:10.033Z,3,70.14,5,OK,0.1
2026-02-15T14:36:10.197Z,4,88.94,5,OK,0.1
2026-02-15T14:36:10.246Z,1,89.12,5,OK,0.1
2026-02-15T14:36:10.296Z,1,89.06,5,OK,0.1
2026-02-15T14:36:10.346Z,1,89.07,5,OK,0.1
2026-02-15T14:36:10.396Z,2,39.22,5,OK,0.1
2026-02-15T14:36:10.447Z,2,20.40,6,OK,0.1
2026-02-15T14:36:10.497Z,2,20.25,7,OK,0.1
2026-02-15T14:36:10.664Z,3,48.37,5,OK,0.1
2026-02-15T14:36:10.714Z,2,48.36,5,OK,0.1
2026-02-15T14:36:10.759Z,2,48.33,5,OK,0.1
2026-02-15T14:36:10.809Z,2,48.50,5,OK,0.1
2026-02-15T14:36:10.860Z,2,48.30,5,OK,0.1
2026-02-15T14:36:10.910Z,2,20.23,6,OK,0.1
2026-02-15T14:36:10.960Z,2,20.21,7,OK,0.1
2026-02-15T14:36:11.012Z,2,20.21,8,OK,0.1
2026-02-15T14:36:11.062Z,2,20.12,9,OK,0.1
2026-02-15T14:36:11.113Z,2,20.31,10,OK,0.1
2026-02-15T14:36:11.556Z,10,20.55,11,OK,0.1
2026-02-15T14:36:11.635Z,11,32.25,10,SATURATED,0.1
2026-02-15T14:36:11.797Z,5,56.37,6,OK,0.1
2026-02-15T14:36:11.848Z,3,56.40,5,OK,0.1
2026-02-15T14:36:11.898Z,3,56.41,5,OK,0.1
2026-02-15T14:36:11.948Z,3,56.11,5,OK,0.1
2026-02-15T14:36:11.998Z,3,44.47,5,OK,0.1
2026-02-15T14:36:12.049Z,4,20.37,6,OK,0.1
2026-02-15T14:36:12.099Z,4,20.37,7,OK,0.1
2026-02-15T14:36:12.149Z,4,20.31,8,OK,0.1
2026-02-15T14:36:12.199Z,4,20.33,9,OK,0.1
2026-02-15T14:36:12.249Z,4,20.29,10,OK,0.1
2026-02-15T14:36:12.300Z,4,20.30,11,OK,0.1
2026-02-15T14:36:12.350Z,3,20.33,12,OK,0.1
2026-02-15T14:36:12.400Z,3,20.39,13,OK,0.1
2026-02-15T14:36:12.451Z,3,20.41,14,OK,0.1
2026-02-15T14:36:12.501Z,3,20.41,15,OK,0.1
2026-02-15T14:36:12.551Z,3,20.41,16,OK,0.1
2026-02-15T14:36:12.696Z,4,35.31,14,OK,0.1
2026-02-15T14:36:13.029Z,14,87.84,7,SATURATED,0.1
2026-02-15T14:36:13.080Z,6,87.78,5,SATURATED,0.1
2026-02-15T14:36:13.130Z,6,87.77,5,SATURATED,0.1
2026-02-15T14:36:13.181Z,6,87.71,5,SATURATED,0.1
2026-02-15T14:36:13.231Z,6,72.75,5,SATURATED,0.1
2026-02-15T14:36:13.281Z,6,20.21,6,SATURATED,0.1
2026-02-15T14:36:13.331Z,6,20.25,7,OK,0.1
2026-02-15T14:36:13.381Z,6,20.24,8,OK,0.1
2026-02-15T14:36:13.432Z,6,20.29,9,OK,0.1
2026-02-15T14:36:13.482Z,6,20.46,10,OK,0.1
2026-02-15T14:36:13.532Z,6,20.42,11,OK,0.1
2026-02-15T14:36:13.582Z,5,20.47,12,OK,0.1
2026-02-15T14:36:13.632Z,5,20.48,13,OK,0.1
2026-02-15T14:36:13.682Z,4,20.46,14,OK,0.1
2026-02-15T14:36:13.733Z,4,20.25,15,OK,0.1
2026-02-15T14:36:13.784Z,4,20.34,16,OK,0.1
2026-02-15T14:36:13.834Z,4,20.28,17,OK,0.1
2026-02-15T14:36:13.975Z,4,34.42,16,OK,0.1
2026-02-15T14:36:14.228Z,8,70.95,11,OK,0.1
2026-02-15T14:36:14.428Z,11,96.97,5,SATURATED,0.1
2026-02-15T14:36:14.478Z,5,96.83,5,SATURATED,0.1
2026-02-15T14:36:14.528Z,5,96.86,5,SATURATED,0.1
2026-02-15T14:36:14.578Z,5,82.73,5,SATURATED,0.1
2026-02-15T14:36:14.629Z,5,46.20,5,SATURATED,0.1
2026-02-15T14:36:14.679Z,5,20.30,6,OK,0.1
2026-02-15T14:36:14.830Z,5,44.15,5,SATURATED,0.1
2026-02-15T14:36:14.880Z,5,44.11,5,SATURATED,0.1
2026-02-15T14:36:14.931Z,5,44.09,5,SATURATED,0.1
2026-02-15T14:36:14.981Z,3,43.86,5,OK,0.1
2026-02-15T14:36:15.032Z,2,43.76,5,OK,0.1
2026-02-15T14:36:15.082Z,2,20.00,6,OK,0.1
2026-02-15T14:36:15.132Z,2,19.89,7,OK,0.1
2026-02-15T14:36:15.182Z,2,19.88,8,OK,0.1
2026-02-15T14:36:15.234Z,3,20.21,9,OK,0.1
2026-02-15T14:36:15.284Z,2,20.31,10,OK,0.1
2026-02-15T14:36:15.335Z,2,20.31,11,OK,0.1
2026-02-15T14:36:15.670Z,11,49.76,8,SATURATED,0.1
2026-02-15T14:36:15.762Z,3,54.31,5,OK,0.1
2026-02-15T14:36:15.812Z,3,54.17,5,OK,0.1
2026-02-15T14:36:15.862Z,3,54.22,5,OK,0.1
2026-02-15T14:36:15.913Z,3,54.24,5,OK,0.1
2026-02-15T14:36:15.963Z,3,24.90,6,OK,0.1
2026-02-15T14:36:16.013Z,2,20.51,7,OK,0.1
2026-02-15T14:36:16.063Z,2,20.52,8,OK,0.1
2026-02-15T14:36:16.113Z,3,20.47,9,OK,0.1
2026-02-15T14:36:16.163Z,3,20.45,10,OK,0.1
2026-02-15T14:36:16.213Z,3,20.44,11,OK,0.1
2026-02-15T14:36:16.264Z,3,20.35,12,OK,0.1
2026-02-15T14:36:16.314Z,3,20.42,13,OK,0.1
2026-02-15T14:36:16.364Z,3,20.40,14,OK,0.1
2026-02-15T14:36:16.492Z,2,39.76,12,OK,0.1
2026-02-15T14:36:16.542Z,2,39.77,10,OK,0.1
2026-02-15T14:36:16.592Z,2,39.69,8,OK,0.1
2026-02-15T14:36:16.642Z,2,39.67,6,OK,0.1
2026-02-15T14:36:16.854Z,6,40.06,5,SATURATED,0.1
2026-02-15T14:36:16.904Z,5,26.60,5,SATURATED,0.1
2026-02-15T14:36:16.955Z,3,26.60,5,OK,0.1
2026-02-15T14:36:17.005Z,4,26.63,5,OK,0.1
2026-02-15T14:36:17.056Z,4,26.61,5,OK,0.1
2026-02-15T14:36:17.107Z,4,26.19,5,OK,0.1
2026-02-15T14:36:17.158Z,4,20.33,6,OK,0.1
2026-02-15T14:36:17.208Z,4,20.37,7,OK,0.1
2026-02-15T14:36:17.259Z,4,20.52,8,OK,0.1
2026-02-15T14:36:17.310Z,4,20.54,9,OK,0.1
2026-02-15T14:36:17.360Z,4,20.55,10,OK,0.1
2026-02-15T14:36:17.410Z,4,20.55,11,OK,0.1
2026-02-15T14:36:17.460Z,4,20.57,12,OK,0.1
2026-02-15T14:36:17.512Z,4,20.45,13,OK,0.1
2026-02-15T14:36:17.562Z,4,20.45,14,OK,0.1
2026-02-15T14:36:17.613Z,4,20.47,15,OK,0.1
2026-02-15T14:36:17.663Z,4,20.35,16,OK,0.1
2026-02-15T14:36:17.905Z,5,61.69,12,OK,0.1
2026-02-15T14:36:18.492Z,12,164.99,5,SATURATED,0.4
2026-02-15T14:36:18.543Z,5,164.93,5,SATURATED,0.4
2026-02-15T14:36:18.593Z,5,164.92,5,SATURATED,0.4
2026-02-15T14:36:18.644Z,5,164.98,5,SATURATED,0.4
2026-02-15T14:36:18.694Z,5,123.50,5,SATURATED,0.1
2026-02-15T14:36:18.744Z,5,20.14,6,OK,0.1
2026-02-15T14:36:18.794Z,5,20.17,7,OK,0.1
2026-02-15T14:36:18.844Z,5,20.18,8,OK,0.1
2026-02-15T14:36:18.894Z,5,20.19,9,OK,0.1
2026-02-15T14:36:18.944Z,5,20.22,10,OK,0.1
2026-02-15T14:36:18.994Z,5,20.26,11,OK,0.1
2026-02-15T14:36:19.045Z,4,20.17,12,OK,0.1
2026-02-15T14:36:19.095Z,4,20.19,13,OK,0.1
2026-02-15T14:36:19.145Z,4,20.21,14,OK,0.1
2026-02-15T14:36:19.196Z,4,20.31,15,OK,0.1
2026-02-15T14:36:19.246Z,4,20.28,16,OK,0.1
2026-02-15T14:36:19.296Z,4,20.38,17,OK,0.1
2026-02-15T14:36:19.347Z,4,20.37,18,OK,0.1
2026-02-15T14:36:19.397Z,6,20.40,19,OK,0.1
2026-02-15T14:36:19.591Z,8,45.31,16,OK,0.1
2026-02-15T14:36:19.657Z,16,44.47,14,SATURATED,0.1
2026-02-15T14:36:19.708Z,7,44.40,12,OK,0.1
2026-02-15T14:36:19.759Z,7,44.45,10,OK,0.1
2026-02-15T14:36:19.810Z,7,44.32,8,OK,0.1
2026-02-15T14:36:19.860Z,7,19.37,9,OK,0.1
2026-02-15T14:36:19.910Z,6,20.24,10,OK,0.1
2026-02-15T14:36:19.961Z,6,20.34,11,OK,0.1
2026-02-15T14:36:20.011Z,6,20.32,12,OK,0.1
2026-02-15T14:36:20.062Z,6,20.41,13,OK,0.1
2026-02-15T14:36:20.113Z,6,20.58,14,OK,0.1
2026-02-15T14:36:20.163Z,6,20.59,15,OK,0.1
2026-02-15T14:36:20.213Z,6,20.61,16,OK,0.1
2026-02-15T14:36:20.264Z,6,20.59,17,OK,0.1
2026-02-15T14:36:20.315Z,6,20.54,18,OK,0.1
2026-02-15T14:36:20.365Z,6,20.41,19,OK,0.1
2026-02-15T14:36:20.415Z,8,20.30,20,OK,0.1
2026-02-15T14:36:20.466Z,8,20.24,21,OK,0.1
2026-02-15T14:36:20.516Z,8,20.19,22,OK,0.1
2026-02-15T14:36:20.566Z,7,20.24,23,OK,0.1
2026-02-15T14:36:20.623Z,16,21.21,24,OK,0.1
2026-02-15T14:36:20.699Z,24,22.43,25,OK,0.1
2026-02-15T14:36:20.786Z,25,25.76,24,SATURATED,0.1
2026-02-15T14:36:20.837Z,13,25.76,23,OK,0.1
2026-02-15T14:36:20.887Z,13,25.75,22,OK,0.1
2026-02-15T14:36:21.045Z,13,36.30,20,OK,0.1
2026-02-15T14:36:21.095Z,13,35.18,18,OK,0.1
2026-02-15T14:36:21.146Z,13,31.73,17,OK,0.1
2026-02-15T14:36:21.196Z,13,31.71,16,OK,0.1
2026-02-15T14:36:21.246Z,13,31.78,15,OK,0.1
2026-02-15T14:36:21.297Z,13,20.27,16,OK,0.1
2026-02-15T14:36:21.348Z,13,20.29,17,OK,0.1
2026-02-15T14:36:21.398Z,12,20.51,18,OK,0.1
2026-02-15T14:36:21.448Z,11,20.49,19,OK,0.1
2026-02-15T14:36:21.498Z,11,20.42,20,OK,0.1
2026-02-15T14:36:21.549Z,11,20.33,21,OK,0.1
2026-02-15T14:36:21.599Z,10,20.45,22,OK,0.1
2026-02-15T14:36:21.795Z,9,45.49,19,OK,0.1
2026-02-15T14:36:22.106Z,19,93.69,12,SATURATED,0.1
2026-02-15T14:36:22.156Z,12,93.67,5,SATURATED,0.1
2026-02-15T14:36:22.206Z,12,93.71,5,SATURATED,0.1
2026-02-15T14:36:22.256Z,12,93.61,5,SATURATED,0.1
2026-02-15T14:36:22.307Z,12,68.44,5,SATURATED,0.1
2026-02-15T14:36:22.357Z,12,20.35,6,SATURATED,0.1
2026-02-15T14:36:22.407Z,10,20.37,7,SATURATED,0.1
2026-02-15T14:36:22.457Z,10,20.42,8,SATURATED,0.1
2026-02-15T14:36:22.508Z,10,20.35,9,SATURATED,0.1
2026-02-15T14:36:22.558Z,10,20.40,10,SATURATED,0.1
2026-02-15T14:36:22.608Z,9,20.37,11,OK,0.1
2026-02-15T14:36:22.658Z,8,20.38,12,OK,0.1
2026-02-15T14:36:22.708Z,8,20.33,13,OK,0.1
2026-02-15T14:36:22.760Z,3,20.43,14,OK,0.1
2026-02-15T14:36:22.811Z,3,20.44,15,OK,0.1
2026-02-15T14:36:22.862Z,3,20.44,16,OK,0.1
2026-02-15T14:36:22.912Z,3,20.45,17,OK,0.1
2026-02-15T14:36:22.962Z,3,20.48,18,OK,0.1
2026-02-15T14:36:23.017Z,11,20.88,19,OK,0.1
2026-02-15T14:36:23.076Z,19,23.33,20,OK,0.1
2026-02-15T14:36:23.322Z,20,58.45,16,SATURATED,0.1
2026-02-15T14:36:23.376Z,16,54.96,13,SATURATED,0.1
2026-02-15T14:36:23.426Z,13,54.94,10,SATURATED,0.1
2026-02-15T14:36:23.476Z,13,54.24,7,SATURATED,0.1
2026-02-15T14:36:23.526Z,13,51.78,5,SATURATED,0.1
2026-02-15T14:36:23.577Z,13,16.52,6,SATURATED,0.1
2026-02-15T14:36:23.628Z,13,19.85,7,SATURATED,0.1
2026-02-15T14:36:23.678Z,13,19.95,8,SATURATED,0.1
2026-02-15T14:36:23.728Z,13,20.13,9,SATURATED,0.1
2026-02-15T14:36:23.778Z,13,19.98,10,SATURATED,0.1
2026-02-15T14:36:23.830Z,12,20.15,11,SATURATED,0.1
2026-02-15T14:36:23.880Z,12,20.28,12,SATURATED,0.1
2026-02-15T14:36:23.930Z,12,20.27,13,OK,0.1
2026-02-15T14:36:23.981Z,12,20.30,14,OK,0.1
2026-02-15T14:36:24.032Z,12,20.41,15,OK,0.1
2026-02-15T14:36:24.201Z,11,47.80,12,OK,0.1
2026-02-15T14:36:24.251Z,10,47.97,9,SATURATED,0.1
2026-02-15T14:36:24.303Z,10,47.91,6,SATURATED,0.1
2026-02-15T14:36:24.352Z,10,48.02,5,SATURATED,0.1
2026-02-15T14:36:24.403Z,10,48.06,5,SATURATED,0.1
2026-02-15T14:36:24.453Z,10,20.61,6,SATURATED,0.1
2026-02-15T14:36:24.504Z,10,20.46,7,SATURATED,0.1
2026-02-15T14:36:24.554Z,10,20.49,8,SATURATED,0.1
2026-02-15T14:36:24.604Z,10,20.39,9,SATURATED,0.1
2026-02-15T14:36:24.654Z,10,20.39,10,SATURATED,0.1
2026-02-15T14:36:24.704Z,10,20.44,11,OK,0.1
2026-02-15T14:36:24.754Z,10,20.72,12,OK,0.1
2026-02-15T14:36:24.804Z,10,20.73,13,OK,0.1
2026-02-15T14:36:24.854Z,10,20.73,14,OK,0.1
2026-02-15T14:36:24.904Z,10,20.74,15,OK,0.1
2026-02-15T14:36:24.955Z,10,20.75,16,OK,0.1
2026-02-15T14:36:25.005Z,9,20.53,17,OK,0.1
2026-02-15T14:36:25.225Z,9,50.62,14,OK,0.1
2026-02-15T14:36:25.368Z,4,60.81,10,OK,0.1
2026-02-15T14:36:25.544Z,10,81.91,5,SATURATED,0.1
2026-02-15T14:36:25.594Z,1,81.82,5,OK,0.1
2026-02-15T14:36:25.782Z,3,113.01,5,OK,0.1
2026-02-15T14:36:26.002Z,4,82.96,5,OK,0.1
2026-02-15T14:36:26.052Z,4,72.73,5,OK,0.1
2026-02-15T14:36:26.103Z,4,51.60,5,OK,0.1
2026-02-15T14:36:26.154Z,4,51.70,5,OK,0.1
2026-02-15T14:36:26.204Z,4,20.49,6,OK,0.1
2026-02-15T14:36:26.263Z,6,22.21,7,OK,0.1
2026-02-15T14:36:26.313Z,4,18.17,8,OK,0.1
2026-02-15T14:36:26.363Z,4,18.16,9,OK,0.1
2026-02-15T14:36:26.414Z,5,18.16,10,OK,0.1
2026-02-15T14:36:26.464Z,5,18.11,11,OK,0.1
2026-02-15T14:36:26.707Z,9,16.43,12,OK,0.1
2026-02-15T14:36:26.758Z,12,26.57,11,SATURATED,0.1
2026-02-15T14:36:26.955Z,8,57.72,7,SATURATED,0.1
2026-02-15T14:36:27.005Z,7,57.63,5,SATURATED,0.1
2026-02-15T14:36:27.056Z,7,57.67,5,SATURATED,0.1
2026-02-15T14:36:27.107Z,7,57.56,5,SATURATED,0.1
2026-02-15T14:36:27.157Z,7,51.44,5,SATURATED,0.1
2026-02-15T14:36:27.208Z,7,20.38,6,SATURATED,0.1
2026-02-15T14:36:27.258Z,7,20.41,7,SATURATED,0.1
2026-02-15T14:36:27.309Z,7,20.33,8,OK,0.1
2026-02-15T14:36:27.360Z,7,20.29,9,OK,0.1
2026-02-15T14:36:27.410Z,7,20.34,10,OK,0.1
2026-02-15T14:36:27.460Z,7,20.24,11,OK,0.1
2026-02-15T14:36:27.510Z,7,20.30,12,OK,0.1
2026-02-15T14:36:27.560Z,7,20.37,13,OK,0.1
2026-02-15T14:36:27.611Z,6,20.35,14,OK,0.1
2026-02-15T14:36:27.661Z,6,20.34,15,OK,0.1
2026-02-15T14:36:27.713Z,7,20.33,16,OK,0.1
2026-02-15T14:36:27.776Z,16,25.32,15,SATURATED,0.1
2026-02-15T14:36:27.846Z,15,25.25,14,SATURATED,0.1
2026-02-15T14:36:27.897Z,8,25.32,13,OK,0.1
2026-02-15T14:36:27.948Z,8,25.30,12,OK,0.1
2026-02-15T14:36:27.998Z,9,25.32,11,OK,0.1
2026-02-15T14:36:28.151Z,9,36.80,9,SATURATED,0.1
2026-02-15T14:36:28.201Z,9,36.84,7,SATURATED,0.1
2026-02-15T14:36:28.251Z,9,36.86,5,SATURATED,0.1
2026-02-15T14:36:28.300Z,9,36.96,5,SATURATED,0.1
2026-02-15T14:36:28.351Z,9,37.09,5,SATURATED,0.1
2026-02-15T14:36:28.401Z,8,20.51,6,SATURATED,0.1
2026-02-15T14:36:28.452Z,8,20.47,7,SATURATED,0.1
2026-02-15T14:36:28.505Z,8,20.41,8,SATURATED,0.1
2026-02-15T14:36:28.555Z,6,20.36,9,OK,0.1
2026-02-15T14:36:28.607Z,6,20.21,10,OK,0.1
2026-02-15T14:36:28.657Z,7,20.13,11,OK,0.1
2026-02-15T14:36:28.707Z,7,20.28,12,OK,0.1
2026-02-15T14:36:28.763Z,12,20.22,13,OK,0.1
2026-02-15T14:36:28.989Z,13,61.07,9,SATURATED,0.1
2026-02-15T14:36:29.086Z,9,66.63,5,SATURATED,0.1
2026-02-15T14:36:29.137Z,9,66.78,5,SATURATED,0.1
2026-02-15T14:36:29.187Z,9,66.55,5,SATURATED,0.1
2026-02-15T14:36:29.237Z,9,66.60,5,SATURATED,0.1
2026-02-15T14:36:29.288Z,9,25.79,5,SATURATED,0.1
2026-02-15T14:36:29.338Z,9,20.30,6,SATURATED,0.1
2026-02-15T14:36:29.388Z,9,20.27,7,SATURATED,0.1
2026-02-15T14:36:29.438Z,9,20.37,8,SATURATED,0.1
2026-02-15T14:36:29.488Z,9,20.40,9,SATURATED,0.1
2026-02-15T14:36:29.538Z,9,20.29,10,OK,0.1
2026-02-15T14:36:29.588Z,9,20.27,11,OK,0.1
2026-02-15T14:36:29.638Z,9,20.32,12,OK,0.1
2026-02-15T14:36:29.689Z,9,20.32,13,OK,0.1
2026-02-15T14:36:29.910Z,7,37.78,11,OK,0.1
2026-02-15T14:36:30.151Z,9,71.95,6,SATURATED,0.1
2026-02-15T14:36:30.207Z,6,69.07,5,SATURATED,0.1
2026-02-15T14:36:30.397Z,5,92.95,5,SATURATED,0.1
2026-02-15T14:36:30.448Z,3,89.14,5,OK,0.1
2026-02-15T14:36:30.499Z,3,71.64,5,OK,0.1
2026-02-15T14:36:30.549Z,4,37.44,5,OK,0.1
2026-02-15T14:36:30.599Z,4,40.28,5,OK,0.1
2026-02-15T14:36:30.807Z,4,51.28,5,OK,0.1
2026-02-15T14:36:30.857Z,2,55.17,5,OK,0.1
2026-02-15T14:36:30.907Z,2,55.19,5,OK,0.1
2026-02-15T14:36:30.958Z,2,55.27,5,OK,0.1
2026-02-15T14:36:31.008Z,2,55.27,5,OK,0.1
2026-02-15T14:36:31.058Z,2,20.32,6,OK,0.1
2026-02-15T14:36:31.108Z,2,20.28,7,OK,0.1
2026-02-15T14:36:31.162Z,6,20.49,8,OK,0.1
2026-02-15T14:36:31.233Z,8,20.53,9,OK,0.1
2026-02-15T14:36:31.371Z,9,43.92,7,SATURATED,0.1
2026-02-15T14:36:31.423Z,7,44.74,5,SATURATED,0.1
2026-02-15T14:36:31.473Z,5,44.69,5,SATURATED,0.1
2026-02-15T14:36:31.524Z,5,44.46,5,SATURATED,0.1
2026-02-15T14:36:31.574Z,5,44.35,5,SATURATED,0.1
2026-02-15T14:36:31.624Z,5,20.92,6,OK,0.1
2026-02-15T14:36:31.675Z,5,20.11,7,OK,0.1
2026-02-15T14:36:31.725Z,5,20.32,8,OK,0.1
2026-02-15T14:36:31.775Z,5,20.35,9,OK,0.1
2026-02-15T14:36:31.825Z,5,20.48,10,OK,0.1
2026-02-15T14:36:31.936Z,7,28.67,9,OK,0.1
2026-02-15T14:36:31.986Z,5,28.67,8,OK,0.1
2026-02-15T14:36:32.036Z,5,29.03,7,OK,0.1
2026-02-15T14:36:32.086Z,5,29.03,6,OK,0.1
2026-02-15T14:36:32.136Z,5,29.05,5,SATURATED,0.1
2026-02-15T14:36:32.186Z,5,20.88,6,OK,0.1
2026-02-15T14:36:32.238Z,6,22.43,7,OK,0.1
2026-02-15T14:36:32.288Z,6,21.98,8,OK,0.1
2026-02-15T14:36:32.338Z,7,21.98,9,OK,0.1
2026-02-15T14:36:32.596Z,7,66.52,5,SATURATED,0.1
2026-02-15T14:36:32.652Z,7,63.69,5,SATURATED,0.1
2026-02-15T14:36:32.703Z,6,62.12,5,SATURATED,0.1
2026-02-15T14:36:32.753Z,6,62.08,5,SATURATED,0.1
2026-02-15T14:36:32.803Z,6,62.06,5,SATURATED,0.1
2026-02-15T14:36:32.853Z,5,17.57,6,OK,0.1
2026-02-15T14:36:32.903Z,5,20.43,7,OK,0.1
2026-02-15T14:36:33.142Z,7,20.58,8,OK,0.1
2026-02-15T14:36:33.397Z,8,42.00,6,SATURATED,0.1
2026-02-15T14:36:33.458Z,5,40.16,5,SATURATED,0.1
2026-02-15T14:36:33.575Z,5,49.36,5,SATURATED,0.1
2026-02-15T14:36:33.629Z,5,52.02,5,SATURATED,0.1
2026-02-15T14:36:33.822Z,5,76.43,5,SATURATED,0.1
2026-02-15T14:36:33.944Z,5,75.25,5,SATURATED,0.1
2026-02-15T14:36:33.995Z,4,77.09,5,OK,0.1
2026-02-15T14:36:34.045Z,4,67.77,5,OK,0.1
2026-02-15T14:36:34.095Z,4,65.09,5,OK,0.1
2026-02-15T14:36:34.255Z,4,66.12,5,OK,0.1
2026-02-15T14:36:34.305Z,3,45.84,5,OK,0.1
2026-02-15T14:36:34.355Z,2,45.84,5,OK,0.1
2026-02-15T14:36:34.653Z,3,45.82,5,OK,0.1
2026-02-15T14:36:34.721Z,5,55.38,5,SATURATED,0.1
2026-02-15T14:36:34.927Z,5,56.95,5,SATURATED,0.1
2026-02-15T14:36:35.083Z,5,74.09,5,SATURATED,0.1
2026-02-15T14:36:35.133Z,3,74.02,5,OK,0.1
2026-02-15T14:36:35.183Z,3,74.01,5,OK,0.1
2026-02-15T14:36:35.233Z,4,64.50,5,OK,0.1
2026-02-15T14:36:35.283Z,4,37.66,5,OK,0.1
2026-02-15T14:36:35.333Z,4,20.58,6,OK,0.1
2026-02-15T14:36:35.384Z,4,20.74,7,OK,0.1
2026-02-15T14:36:35.609Z,4,38.58,5,OK,0.1
2026-02-15T14:36:35.808Z,3,64.29,5,OK,0.1
2026-02-15T14:36:36.124Z,5,113.13,5,SATURATED,0.1
2026-02-15T14:36:36.174Z,3,109.01,5,OK,0.1
2026-02-15T14:36:36.224Z,3,108.74,5,OK,0.1
2026-02-15T14:36:36.423Z,5,90.90,5,SATURATED,0.1
2026-02-15T14:36:36.473Z,5,65.22,5,SATURATED,0.1
2026-02-15T14:36:36.523Z,5,16.13,6,OK,0.1
2026-02-15T14:36:36.574Z,5,20.20,7,OK,0.1
2026-02-15T14:36:36.625Z,5,20.40,8,OK,0.1
2026-02-15T14:36:36.676Z,5,20.45,9,OK,0.1
2026-02-15T14:36:36.727Z,5,20.40,10,OK,0.1
2026-02-15T14:36:36.777Z,5,20.36,11,OK,0.1
2026-02-15T14:36:36.827Z,5,20.32,12,OK,0.1
2026-02-15T14:36:36.877Z,5,20.32,13,OK,0.1
2026-02-15T14:36:36.928Z,5,20.30,14,OK,0.1
2026-02-15T14:36:36.978Z,5,20.34,15,OK,0.1
2026-02-15T14:36:37.241Z,11,20.51,16,OK,0.1
2026-02-15T14:36:37.644Z,15,96.29,8,SATURATED,0.1
2026-02-15T14:36:38.307Z,7,214.83,5,SATURATED,0.4
2026-02-15T14:36:38.357Z,4,214.82,5,OK,0.4
2026-02-15T14:36:38.409Z,4,214.81,5,OK,0.4
2026-02-15T14:36:38.459Z,3,214.64,5,OK,0.4
2026-02-15T14:36:38.708Z,5,182.40,5,SATURATED,0.4
2026-02-15T14:36:38.809Z,3,70.00,5,OK,0.1
2026-02-15T14:36:38.976Z,5,89.15,5,SATURATED,0.1
2026-02-15T14:36:39.026Z,5,88.96,5,SATURATED,0.1
2026-02-15T14:36:39.077Z,4,88.98,5,OK,0.1
2026-02-15T14:36:39.127Z,4,45.32,5,OK,0.1
2026-02-15T14:36:39.178Z,4,39.20,5,OK,0.1
2026-02-15T14:36:39.228Z,5,20.01,6,OK,0.1
2026-02-15T14:36:39.279Z,4,20.11,7,OK,0.1
2026-02-15T14:36:39.341Z,7,21.64,8,OK,0.1
2026-02-15T14:36:39.392Z,5,21.84,9,OK,0.1
2026-02-15T14:36:39.442Z,5,21.94,10,OK,0.1
2026-02-15T14:36:39.493Z,7,21.95,11,OK,0.1
2026-02-15T14:36:39.544Z,5,21.99,12,OK,0.1
2026-02-15T14:36:39.594Z,5,20.45,13,OK,0.1
2026-02-15T14:36:39.645Z,5,20.34,14,OK,0.1
2026-02-15T14:36:39.695Z,5,20.24,15,OK,0.1
2026-02-15T14:36:40.203Z,14,113.12,6,SATURATED,0.1
2026-02-15T14:36:40.295Z,7,117.66,5,SATURATED,0.1
2026-02-15T14:36:40.345Z,7,117.70,5,SATURATED,0.1
2026-02-15T14:36:40.395Z,7,117.71,5,SATURATED,0.1
2026-02-15T14:36:40.445Z,7,117.83,5,SATURATED,0.1
2026-02-15T14:36:40.495Z,7,25.00,6,SATURATED,0.1
2026-02-15T14:36:40.545Z,7,20.46,7,SATURATED,0.1
2026-02-15T14:36:40.595Z,7,20.46,8,OK,0.1
2026-02-15T14:36:40.645Z,7,20.66,9,OK,0.1
2026-02-15T14:36:40.695Z,7,20.53,10,OK,0.1
2026-02-15T14:36:40.855Z,7,32.14,9,OK,0.1
2026-02-15T14:36:40.906Z,8,32.12,8,SATURATED,0.1
2026-02-15T14:36:40.956Z,8,32.12,7,SATURATED,0.1
2026-02-15T14:36:41.006Z,6,32.03,6,SATURATED,0.1
2026-02-15T14:36:41.056Z,6,32.06,5,SATURATED,0.1
2026-02-15T14:36:41.107Z,6,20.42,6,SATURATED,0.1
2026-02-15T14:36:41.158Z,6,20.22,7,OK,0.1
2026-02-15T14:36:41.218Z,7,20.23,8,OK,0.1
2026-02-15T14:36:41.436Z,8,49.68,5,SATURATED,0.1
2026-02-15T14:36:41.552Z,5,58.78,5,SATURATED,0.1
2026-02-15T14:36:41.602Z,3,58.69,5,OK,0.1
2026-02-15T14:36:41.653Z,3,58.88,5,OK,0.1
2026-02-15T14:36:41.703Z,3,58.87,5,OK,0.1
2026-02-15T14:36:41.754Z,3,29.41,5,OK,0.1
2026-02-15T14:36:41.805Z,3,20.27,6,OK,0.1
2026-02-15T14:36:41.855Z,3,20.40,7,OK,0.1
2026-02-15T14:36:41.905Z,3,20.45,8,OK,0.1
2026-02-15T14:36:41.954Z,3,20.39,9,OK,0.1
2026-02-15T14:36:42.005Z,3,21.06,10,OK,0.1
2026-02-15T14:36:42.055Z,4,21.04,11,OK,0.1
2026-02-15T14:36:42.105Z,4,20.80,12,OK,0.1
2026-02-15T14:36:42.156Z,5,20.77,13,OK,0.1
2026-02-15T14:36:42.392Z,4,20.81,14,OK,0.1
2026-02-15T14:36:42.651Z,8,41.89,12,OK,0.1
2026-02-15T14:36:43.295Z,12,156.64,5,SATURATED,0.4
2026-02-15T14:36:43.433Z,3,170.40,5,OK,0.4
2026-02-15T14:36:43.567Z,5,183.15,5,SATURATED,0.4
2026-02-15T14:36:43.618Z,4,183.14,5,OK,0.4
2026-02-15T14:36:43.667Z,5,161.32,5,SATURATED,0.4
2026-02-15T14:36:43.717Z,5,46.57,5,SATURATED,0.1
2026-02-15T14:36:43.768Z,4,33.15,5,OK,0.1
2026-02-15T14:36:43.819Z,4,20.46,6,OK,0.1
2026-02-15T14:36:43.869Z,4,20.46,7,OK,0.1
2026-02-15T14:36:43.920Z,4,20.51,8,OK,0.1
2026-02-15T14:36:43.970Z,5,20.57,9,OK,0.1
2026-02-15T14:36:44.152Z,4,20.45,10,OK,0.1
2026-02-15T14:36:44.218Z,10,20.64,11,OK,0.1
2026-02-15T14:36:44.479Z,11,68.74,6,SATURATED,0.1
2026-02-15T14:36:44.601Z,6,79.03,5,SATURATED,0.1
2026-02-15T14:36:44.652Z,5,78.95,5,SATURATED,0.1
2026-02-15T14:36:44.703Z,5,79.12,5,SATURATED,0.1
2026-02-15T14:36:44.753Z,5,78.97,5,SATURATED,0.1
2026-02-15T14:36:44.803Z,5,30.84,5,SATURATED,0.1
2026-02-15T14:36:44.854Z,5,20.56,6,OK,0.1
2026-02-15T14:36:45.030Z,5,49.15,5,SATURATED,0.1
2026-02-15T14:36:45.080Z,5,48.98,5,SATURATED,0.1
2026-02-15T14:36:45.130Z,5,48.88,5,SATURATED,0.1
2026-02-15T14:36:45.181Z,5,48.93,5,SATURATED,0.1
2026-02-15T14:36:45.232Z,5,48.83,5,SATURATED,0.1
2026-02-15T14:36:45.283Z,5,20.28,6,OK,0.1
2026-02-15T14:36:45.334Z,5,20.49,7,OK,0.1
2026-02-15T14:36:45.385Z,5,20.55,8,OK,0.1
2026-02-15T14:36:45.434Z,5,20.56,9,OK,0.1
2026-02-15T14:36:45.768Z,8,82.78,5,SATURATED,0.1
2026-02-15T14:36:45.879Z,5,90.90,5,SATURATED,0.1
2026-02-15T14:36:45.930Z,4,90.81,5,OK,0.1
2026-02-15T14:36:45.981Z,4,90.77,5,OK,0.1
2026-02-15T14:36:46.030Z,5,90.68,5,SATURATED,0.1
2026-02-15T14:36:46.081Z,5,28.54,5,SATURATED,0.1
2026-02-15T14:36:46.132Z,5,20.42,6,OK,0.1
2026-02-15T14:36:46.307Z,5,20.69,7,OK,0.1
2026-02-15T14:36:46.446Z,7,44.32,5,SATURATED,0.1
2026-02-15T14:36:46.497Z,5,44.39,5,SATURATED,0.1
2026-02-15T14:36:46.547Z,5,44.37,5,SATURATED,0.1
2026-02-15T14:36:46.597Z,5,44.40,5,SATURATED,0.1
2026-02-15T14:36:46.648Z,3,43.89,5,OK,0.1
2026-02-15T14:36:46.699Z,3,20.19,6,OK,0.1
2026-02-15T14:36:46.749Z,3,20.20,7,OK,0.1
2026-02-15T14:36:46.799Z,7,21.06,8,OK,0.1
2026-02-15T14:36:46.881Z,8,23.36,9,OK,0.1
2026-02-15T14:36:47.164Z,9,66.02,5,SATURATED,0.1
2026-02-15T14:36:47.214Z,5,66.08,5,SATURATED,0.1
2026-02-15T14:36:47.265Z,5,66.10,5,SATURATED,0.1
2026-02-15T14:36:47.314Z,5,65.25,5,SATURATED,0.1
2026-02-15T14:36:47.365Z,5,62.91,5,SATURATED,0.1
2026-02-15T14:36:47.415Z,5,20.42,6,OK,0.1
2026-02-15T14:36:47.465Z,5,20.75,7,OK,0.1
2026-02-15T14:36:47.516Z,6,20.72,8,OK,0.1
2026-02-15T14:36:47.566Z,5,20.68,9,OK,0.1
2026-02-15T14:36:47.740Z,5,33.45,8,OK,0.1
2026-02-15T14:36:47.928Z,8,56.93,5,SATURATED,0.1
2026-02-15T14:36:47.995Z,5,55.94,5,SATURATED,0.1
2026-02-15T14:36:48.280Z,4,98.88,5,OK,0.1
2026-02-15T14:36:48.418Z,5,112.42,5,SATURATED,0.1
2026-02-15T14:36:48.671Z,5,100.08,5,SATURATED,0.1
2026-02-15T14:36:48.722Z,4,77.23,5,OK,0.1
2026-02-15T14:36:48.772Z,4,77.91,5,OK,0.1
2026-02-15T14:36:48.822Z,3,34.93,5,OK,0.1
2026-02-15T14:36:48.873Z,3,21.39,6,OK,0.1
2026-02-15T14:36:49.115Z,3,40.26,5,OK,0.1
2026-02-15T14:36:49.164Z,4,35.51,5,OK,0.1
2026-02-15T14:36:49.215Z,4,35.50,5,OK,0.1
2026-02-15T14:36:49.266Z,3,35.51,5,OK,0.1
2026-02-15T14:36:49.324Z,5,36.70,5,SATURATED,0.1
2026-02-15T14:36:49.419Z,5,22.55,6,OK,0.1
2026-02-15T14:36:49.477Z,6,32.12,5,SATURATED,0.1
2026-02-15T14:36:49.528Z,4,32.09,5,OK,0.1
2026-02-15T14:36:49.578Z,4,32.20,5,OK,0.1
2026-02-15T14:36:49.627Z,4,31.03,5,OK,0.1
2026-02-15T14:36:49.677Z,5,25.93,5,SATURATED,0.1
2026-02-15T14:36:49.728Z,4,20.37,6,OK,0.1
2026-02-15T14:36:49.779Z,4,20.44,7,OK,0.1
2026-02-15T14:36:49.828Z,4,20.21,8,OK,0.1
2026-02-15T14:36:49.879Z,4,20.13,9,OK,0.1
2026-02-15T14:36:49.929Z,4,20.03,10,OK,0.1
2026-02-15T14:36:49.980Z,4,20.05,11,OK,0.1
2026-02-15T14:36:50.029Z,4,19.83,12,OK,0.1
2026-02-15T14:36:50.079Z,4,19.97,13,OK,0.1
2026-02-15T14:36:50.140Z,12,19.88,14,OK,0.1
2026-02-15T14:36:50.872Z,13,161.99,5,SATURATED,0.4
2026-02-15T14:36:50.991Z,5,171.97,5,SATURATED,0.4
2026-02-15T14:36:51.124Z,4,190.68,5,OK,0.4
2026-02-15T14:36:51.175Z,3,190.61,5,OK,0.4
2026-02-15T14:36:51.226Z,3,190.72,5,OK,0.4
2026-02-15T14:36:51.277Z,3,48.65,5,OK,0.1
2026-02-15T14:36:51.327Z,2,38.72,5,OK,0.1
2026-02-15T14:36:51.377Z,2,20.19,6,OK,0.1
2026-02-15T14:36:51.426Z,2,20.31,7,OK,0.1
2026-02-15T14:36:51.477Z,2,20.41,8,OK,0.1
2026-02-15T14:36:51.528Z,2,20.45,9,OK,0.1
2026-02-15T14:36:51.578Z,2,20.45,10,OK,0.1
2026-02-15T14:36:51.767Z,2,20.47,11,OK,0.1
2026-02-15T14:36:51.818Z,4,23.39,12,OK,0.1
2026-02-15T14:36:52.128Z,8,49.86,9,OK,0.1
2026-02-15T14:36:52.273Z,8,64.76,5,SATURATED,0.1
2026-02-15T14:36:52.323Z,5,64.82,5,SATURATED,0.1
2026-02-15T14:36:52.373Z,5,64.79,5,SATURATED,0.1
2026-02-15T14:36:52.534Z,4,89.85,5,OK,0.1
2026-02-15T14:36:52.584Z,5,63.35,5,SATURATED,0.1
2026-02-15T14:36:52.634Z,5,48.50,5,SATURATED,0.1
2026-02-15T14:36:52.685Z,5,48.45,5,SATURATED,0.1
2026-02-15T14:36:52.736Z,5,48.46,5,SATURATED,0.1
2026-02-15T14:36:52.786Z,5,20.42,6,OK,0.1
2026-02-15T14:36:52.837Z,5,20.58,7,OK,0.1
2026-02-15T14:36:52.886Z,5,20.50,8,OK,0.1
2026-02-15T14:36:52.937Z,5,20.38,9,OK,0.1
2026-02-15T14:36:52.988Z,5,20.37,10,OK,0.1
2026-02-15T14:36:53.038Z,6,20.42,11,OK,0.1
2026-02-15T14:36:53.088Z,6,20.26,12,OK,0.1
2026-02-15T14:36:53.139Z,10,20.21,13,OK,0.1
2026-02-15T14:36:53.345Z,13,53.90,10,SATURATED,0.1
2026-02-15T14:36:53.526Z,11,76.04,5,SATURATED,0.1
2026-02-15T14:36:53.577Z,11,76.02,5,SATURATED,0.1
2026-02-15T14:36:53.627Z,11,76.26,5,SATURATED,0.1
2026-02-15T14:36:53.678Z,11,76.31,5,SATURATED,0.1
2026-02-15T14:36:53.729Z,11,42.73,5,SATURATED,0.1
2026-02-15T14:36:53.780Z,11,20.57,6,SATURATED,0.1
2026-02-15T14:36:53.829Z,9,20.54,7,SATURATED,0.1
2026-02-15T14:36:53.879Z,9,20.35,8,SATURATED,0.1
2026-02-15T14:36:53.929Z,9,20.33,9,SATURATED,0.1
2026-02-15T14:36:53.980Z,9,20.34,10,OK,0.1
2026-02-15T14:36:54.031Z,10,20.53,11,OK,0.1
2026-02-15T14:36:54.081Z,10,20.50,12,OK,0.1
2026-02-15T14:36:54.130Z,9,20.45,13,OK,0.1
2026-02-15T14:36:54.180Z,11,20.56,14,OK,0.1
2026-02-15T14:36:54.230Z,11,20.67,15,OK,0.1
2026-02-15T14:36:54.280Z,11,20.48,16,OK,0.1
2026-02-15T14:36:54.335Z,13,20.62,17,OK,0.1
2026-02-15T14:36:54.430Z,17,30.84,16,SATURATED,0.1
2026-02-15T14:36:54.501Z,16,30.89,15,SATURATED,0.1
2026-02-15T14:36:54.560Z,15,38.31,13,SATURATED,0.1
2026-02-15T14:36:54.610Z,12,38.32,11,SATURATED,0.1
2026-02-15T14:36:54.661Z,12,38.18,9,SATURATED,0.1
2026-02-15T14:36:54.710Z,12,28.00,8,SATURATED,0.1
2026-02-15T14:36:54.760Z,12,27.86,7,SATURATED,0.1
2026-02-15T14:36:54.810Z,12,20.43,8,SATURATED,0.1
2026-02-15T14:36:54.861Z,12,20.44,9,SATURATED,0.1
2026-02-15T14:36:54.911Z,12,20.47,10,SATURATED,0.1
2026-02-15T14:36:54.962Z,12,20.38,11,SATURATED,0.1
2026-02-15T14:36:55.013Z,12,20.38,12,SATURATED,0.1
2026-02-15T14:36:55.064Z,11,20.26,13,OK,0.1
2026-02-15T14:36:55.115Z,11,20.29,14,OK,0.1
2026-02-15T14:36:55.168Z,11,20.35,15,OK,0.1
2026-02-15T14:36:55.290Z,10,30.73,14,OK,0.1
2026-02-15T14:36:55.340Z,7,30.60,13,OK,0.1
2026-02-15T14:36:55.584Z,8,73.23,8,SATURATED,0.1
2026-02-15T14:36:55.833Z,8,108.94,5,SATURATED,0.1
2026-02-15T14:36:55.882Z,8,108.88,5,SATURATED,0.1
2026-02-15T14:36:55.932Z,8,98.51,5,SATURATED,0.1
2026-02-15T14:36:55.983Z,8,98.61,5,SATURATED,0.1
2026-02-15T14:36:56.034Z,7,55.91,5,SATURATED,0.1
2026-02-15T14:36:56.085Z,7,20.16,6,SATURATED,0.1
2026-02-15T14:36:56.136Z,7,20.14,7,SATURATED,0.1
2026-02-15T14:36:56.382Z,6,55.51,5,SATURATED,0.1
2026-02-15T14:36:56.433Z,3,55.54,5,OK,0.1
2026-02-15T14:36:56.483Z,3,55.65,5,OK,0.1
2026-02-15T14:36:56.533Z,3,55.76,5,OK,0.1
2026-02-15T14:36:56.584Z,3,55.76,5,OK,0.1
2026-02-15T14:36:56.644Z,5,27.26,5,SATURATED,0.1
2026-02-15T14:36:56.702Z,5,24.99,6,OK,0.1
2026-02-15T14:36:56.769Z,6,24.31,7,OK,0.1
2026-02-15T14:36:56.983Z,7,24.79,8,OK,0.1
2026-02-15T14:36:57.034Z,7,25.44,7,SATURATED,0.1
2026-02-15T14:36:57.084Z,7,18.60,8,OK,0.1
2026-02-15T14:36:57.135Z,6,20.79,9,OK,0.1
2026-02-15T14:36:57.185Z,7,21.35,10,OK,0.1
2026-02-15T14:36:57.236Z,7,20.76,11,OK,0.1
2026-02-15T14:36:57.286Z,7,20.13,12,OK,0.1
2026-02-15T14:36:57.337Z,7,20.14,13,OK,0.1
2026-02-15T14:36:57.387Z,7,20.22,14,OK,0.1
2026-02-15T14:36:57.438Z,8,20.19,15,OK,0.1
2026-02-15T14:36:57.488Z,8,20.22,16,OK,0.1
2026-02-15T14:36:57.539Z,8,20.21,17,OK,0.1
2026-02-15T14:36:57.589Z,8,20.22,18,OK,0.1
2026-02-15T14:36:57.774Z,18,20.89,19,OK,0.1
2026-02-15T14:36:58.022Z,19,66.53,14,SATURATED,0.1
2026-02-15T14:36:58.080Z,14,64.05,10,SATURATED,0.1
2026-02-15T14:36:58.130Z,10,64.03,6,SATURATED,0.1
2026-02-15T14:36:58.181Z,9,64.07,5,SATURATED,0.1
2026-02-15T14:36:58.231Z,9,63.38,5,SATURATED,0.1
2026-02-15T14:36:58.282Z,9,17.86,6,SATURATED,0.1
2026-02-15T14:36:58.332Z,9,20.28,7,SATURATED,0.1
2026-02-15T14:36:58.382Z,9,20.34,8,SATURATED,0.1
2026-02-15T14:36:58.432Z,9,20.26,9,SATURATED,0.1
2026-02-15T14:36:58.482Z,9,20.23,10,OK,0.1
2026-02-15T14:36:58.533Z,9,20.22,11,OK,0.1
2026-02-15T14:36:58.583Z,9,20.24,12,OK,0.1
2026-02-15T14:36:58.633Z,9,20.18,13,OK,0.1
2026-02-15T14:36:58.873Z,9,54.14,10,OK,0.1
2026-02-15T14:36:58.924Z,7,54.17,7,SATURATED,0.1
2026-02-15T14:36:59.028Z,7,56.28,5,SATURATED,0.1
2026-02-15T14:36:59.092Z,7,64.72,5,SATURATED,0.1
2026-02-15T14:36:59.148Z,6,61.89,5,SATURATED,0.1
2026-02-15T14:36:59.199Z,5,27.92,5,SATURATED,0.1
2026-02-15T14:36:59.249Z,5,27.92,5,SATURATED,0.1
2026-02-15T14:36:59.299Z,5,25.82,5,SATURATED,0.1
2026-02-15T14:36:59.348Z,5,17.38,6,OK,0.1
2026-02-15T14:36:59.401Z,5,20.33,7,OK,0.1
2026-02-15T14:36:59.648Z,7,63.39,5,SATURATED,0.1
2026-02-15T14:36:59.698Z,1,63.36,5,OK,0.1
2026-02-15T14:36:59.749Z,1,63.38,5,OK,0.1
2026-02-15T14:36:59.799Z,1,63.36,5,OK,0.1
2026-02-15T14:36:59.849Z,1,63.27,5,OK,0.1
2026-02-15T14:37:00.128Z,1,44.04,5,OK,0.1
2026-02-15T14:37:00.260Z,5,56.41,5,SATURATED,0.1
2026-02-15T14:37:00.311Z,1,56.47,5,OK,0.1
2026-02-15T14:37:00.360Z,1,56.48,5,OK,0.1
2026-02-15T14:37:00.410Z,2,56.51,5,OK,0.1
2026-02-15T14:37:00.461Z,1,32.71,5,OK,0.1
2026-02-15T14:37:00.510Z,1,20.36,6,OK,0.1
2026-02-15T14:37:00.561Z,1,20.32,7,OK,0.1
2026-02-15T14:37:00.611Z,1,20.33,8,OK,0.1
2026-02-15T14:37:00.769Z,2,31.56,7,OK,0.1
2026-02-15T14:37:00.930Z,7,49.68,5,SATURATED,0.1
2026-02-15T14:37:00.980Z,1,49.68,5,OK,0.1
2026-02-15T14:37:01.031Z,1,49.72,5,OK,0.1
2026-02-15T14:37:01.081Z,1,49.69,5,OK,0.1
2026-02-15T14:37:01.132Z,2,38.45,5,OK,0.1
2026-02-15T14:37:01.189Z,5,21.86,6,OK,0.1
2026-02-15T14:37:01.245Z,6,19.02,7,OK,0.1
2026-02-15T14:37:01.328Z,7,21.51,8,OK,0.1
2026-02-15T14:37:01.390Z,8,19.87,9,OK,0.1
2026-02-15T14:37:01.633Z,4,40.03,7,OK,0.1
2026-02-15T14:37:01.682Z,4,38.46,5,OK,0.1
2026-02-15T14:37:01.733Z,4,41.31,5,OK,0.1
2026-02-15T14:37:01.783Z,4,38.75,5,OK,0.1
2026-02-15T14:37:01.832Z,4,40.39,5,OK,0.1
2026-02-15T14:37:01.883Z,4,20.23,6,OK,0.1
2026-02-15T14:37:01.936Z,5,20.25,7,OK,0.1
2026-02-15T14:37:01.985Z,4,20.19,8,OK,0.1
2026-02-15T14:37:02.036Z,4,20.29,9,OK,0.1
2026-02-15T14:37:02.086Z,4,20.37,10,OK,0.1
2026-02-15T14:37:02.137Z,4,20.36,11,OK,0.1
2026-02-15T14:37:02.365Z,5,61.27,7,OK,0.1
2026-02-15T14:37:02.505Z,7,75.48,5,SATURATED,0.1
2026-02-15T14:37:02.555Z,5,71.35,5,SATURATED,0.1
2026-02-15T14:37:02.605Z,5,71.27,5,SATURATED,0.1
2026-02-15T14:37:02.655Z,4,71.22,5,OK,0.1
2026-02-15T14:37:02.706Z,4,30.30,5,OK,0.1
2026-02-15T14:37:02.757Z,4,16.14,6,OK,0.1
2026-02-15T14:37:02.808Z,4,20.14,7,OK,0.1
2026-02-15T14:37:02.858Z,4,20.14,8,OK,0.1
2026-02-15T14:37:02.909Z,4,20.21,9,OK,0.1
2026-02-15T14:37:03.053Z,6,42.07,7,OK,0.1
2026-02-15T14:37:03.104Z,4,42.06,5,OK,0.1
2026-02-15T14:37:03.154Z,3,42.38,5,OK,0.1
2026-02-15T14:37:03.204Z,3,42.41,5,OK,0.1
2026-02-15T14:37:03.255Z,3,42.39,5,OK,0.1
2026-02-15T14:37:03.305Z,2,20.45,6,OK,0.1
2026-02-15T14:37:03.356Z,1,20.85,7,OK,0.1
2026-02-15T14:37:03.651Z,7,21.01,8,OK,0.1
2026-02-15T14:37:03.816Z,8,49.84,5,SATURATED,0.1
2026-02-15T14:37:03.866Z,4,49.83,5,OK,0.1
2026-02-15T14:37:03.917Z,4,49.91,5,OK,0.1
2026-02-15T14:37:03.968Z,4,49.50,5,OK,0.1
2026-02-15T14:37:04.018Z,4,49.13,5,OK,0.1
2026-02-15T14:37:04.081Z,5,20.31,6,OK,0.1
2026-02-15T14:37:04.131Z,5,20.21,7,OK,0.1
2026-02-15T14:37:04.181Z,6,20.20,8,OK,0.1
2026-02-15T14:37:04.231Z,6,20.34,9,OK,0.1
2026-02-15T14:37:04.281Z,7,20.38,10,OK,0.1
2026-02-15T14:37:04.332Z,7,20.28,11,OK,0.1
2026-02-15T14:37:04.382Z,6,20.37,12,OK,0.1
2026-02-15T14:37:04.490Z,7,37.50,10,OK,0.1
2026-02-15T14:37:04.616Z,10,48.54,7,SATURATED,0.1
2026-02-15T14:37:04.792Z,6,69.62,5,SATURATED,0.1
2026-02-15T14:37:04.910Z,6,79.21,5,SATURATED,0.1
2026-02-15T14:37:04.961Z,6,75.39,5,SATURATED,0.1
2026-02-15T14:37:05.012Z,6,58.25,5,SATURATED,0.1
2026-02-15T14:37:05.062Z,6,47.09,5,SATURATED,0.1
2026-02-15T14:37:05.113Z,6,25.93,5,SATURATED,0.1
2026-02-15T14:37:05.164Z,6,16.38,6,SATURATED,0.1
2026-02-15T14:37:05.215Z,6,20.24,7,OK,0.1
2026-02-15T14:37:05.265Z,6,20.26,8,OK,0.1
2026-02-15T14:37:05.315Z,6,20.32,9,OK,0.1
2026-02-15T14:37:05.366Z,6,20.32,10,OK,0.1
2026-02-15T14:37:05.536Z,5,40.27,8,OK,0.1
2026-02-15T14:37:05.586Z,5,40.26,6,OK,0.1
2026-02-15T14:37:05.829Z,5,82.75,5,SATURATED,0.1
2026-02-15T14:37:05.904Z,5,83.64,5,SATURATED,0.1
2026-02-15T14:37:05.956Z,5,89.87,5,SATURATED,0.1
2026-02-15T14:37:06.007Z,5,66.07,5,SATURATED,0.1
2026-02-15T14:37:06.058Z,5,66.07,5,SATURATED,0.1
2026-02-15T14:37:06.108Z,5,23.56,6,OK,0.1
2026-02-15T14:37:06.159Z,5,22.62,7,OK,0.1
2026-02-15T14:37:06.208Z,5,16.41,8,OK,0.1
2026-02-15T14:37:06.258Z,5,20.29,9,OK,0.1
2026-02-15T14:37:06.309Z,4,20.34,10,OK,0.1
2026-02-15T14:37:06.360Z,4,20.36,11,OK,0.1
2026-02-15T14:37:06.410Z,4,20.35,12,OK,0.1
2026-02-15T14:37:06.460Z,4,20.34,13,OK,0.1
2026-02-15T14:37:06.511Z,4,20.35,14,OK,0.1
2026-02-15T14:37:06.561Z,5,20.32,15,OK,0.1
2026-02-15T14:37:06.612Z,5,20.35,16,OK,0.1
2026-02-15T14:37:06.662Z,5,20.36,17,OK,0.1
2026-02-15T14:37:06.713Z,5,20.40,18,OK,0.1
2026-02-15T14:37:06.763Z,5,20.45,19,OK,0.1
2026-02-15T14:37:06.814Z,5,20.44,20,OK,0.1
2026-02-15T14:37:07.320Z,20,114.37,11,SATURATED,0.1
2026-02-15T14:37:07.501Z,10,136.71,5,SATURATED,0.4
2026-02-15T14:37:07.550Z,7,137.06,5,SATURATED,0.4
2026-02-15T14:37:07.601Z,7,136.97,5,SATURATED,0.4
2026-02-15T14:37:07.652Z,7,136.96,5,SATURATED,0.4
2026-02-15T14:37:07.702Z,7,42.99,5,SATURATED,0.1
2026-02-15T14:37:07.752Z,7,20.64,6,SATURATED,0.1
2026-02-15T14:37:07.802Z,7,20.23,7,SATURATED,0.1
2026-02-15T14:37:07.852Z,7,20.23,8,OK,0.1
2026-02-15T14:37:07.902Z,7,20.22,9,OK,0.1
2026-02-15T14:37:07.953Z,6,20.23,10,OK,0.1
2026-02-15T14:37:08.004Z,6,20.28,11,OK,0.1
2026-02-15T14:37:08.054Z,6,20.19,12,OK,0.1
2026-02-15T14:37:08.105Z,5,20.27,13,OK,0.1
2026-02-15T14:37:08.154Z,4,20.32,14,OK,0.1
2026-02-15T14:37:08.204Z,4,20.34,15,OK,0.1
2026-02-15T14:37:08.255Z,4,20.23,16,OK,0.1
2026-02-15T14:37:08.305Z,4,20.30,17,OK,0.1
2026-02-15T14:37:08.565Z,8,66.81,12,OK,0.1
2026-02-15T14:37:09.024Z,10,144.52,5,SATURATED,0.4
2026-02-15T14:37:09.074Z,3,144.50,5,OK,0.4
2026-02-15T14:37:09.126Z,4,144.40,5,OK,0.4
2026-02-15T14:37:09.176Z,3,144.45,5,OK,0.4
2026-02-15T14:37:09.227Z,3,97.89,5,OK,0.1
2026-02-15T14:37:09.276Z,3,20.21,6,OK,0.1
2026-02-15T14:37:09.327Z,3,20.21,7,OK,0.1
2026-02-15T14:37:09.378Z,3,20.38,8,OK,0.1
2026-02-15T14:37:09.428Z,3,20.36,9,OK,0.1
2026-02-15T14:37:09.479Z,3,20.36,10,OK,0.1
2026-02-15T14:37:09.529Z,1,20.21,11,OK,0.1
2026-02-15T14:37:09.581Z,1,20.41,12,OK,0.1
2026-02-15T14:37:09.631Z,1,20.45,13,OK,0.1
2026-02-15T14:37:09.681Z,1,20.50,14,OK,0.1
2026-02-15T14:37:09.732Z,1,20.50,15,OK,0.1
2026-02-15T14:37:09.782Z,1,20.61,16,OK,0.1
2026-02-15T14:37:10.060Z,9,68.38,11,OK,0.1
2026-02-15T14:37:10.282Z,8,98.68,5,SATURATED,0.1
2026-02-15T14:37:10.332Z,4,98.60,5,OK,0.1
2026-02-15T14:37:10.383Z,4,98.57,5,OK,0.1
2026-02-15T14:37:10.432Z,4,98.60,5,OK,0.1
2026-02-15T14:37:10.483Z,4,50.64,5,OK,0.1
2026-02-15T14:37:10.533Z,4,20.37,6,OK,0.1
2026-02-15T14:37:10.585Z,5,20.42,7,OK,0.1
2026-02-15T14:37:10.635Z,4,20.40,8,OK,0.1
2026-02-15T14:37:10.686Z,4,20.42,9,OK,0.1
2026-02-15T14:37:10.736Z,4,20.40,10,OK,0.1
2026-02-15T14:37:10.782Z,4,20.35,11,OK,0.1
2026-02-15T14:37:10.833Z,4,20.45,12,OK,0.1
2026-02-15T14:37:10.884Z,4,20.51,13,OK,0.1
2026-02-15T14:37:10.934Z,4,20.46,14,OK,0.1
2026-02-15T14:37:10.985Z,4,20.51,15,OK,0.1
2026-02-15T14:37:11.035Z,4,20.58,16,OK,0.1
2026-02-15T14:37:11.311Z,16,68.03,11,SATURATED,0.1
2026-02-15T14:37:11.547Z,5,101.34,5,SATURATED,0.1
2026-02-15T14:37:11.763Z,4,136.31,5,OK,0.4
2026-02-15T14:37:11.813Z,5,136.26,5,SATURATED,0.4
2026-02-15T14:37:11.863Z,5,136.21,5,SATURATED,0.4
2026-02-15T14:37:11.915Z,5,88.60,5,SATURATED,0.1
2026-02-15T14:37:11.965Z,5,55.29,5,SATURATED,0.1
2026-02-15T14:37:12.016Z,5,20.36,6,OK,0.1
2026-02-15T14:37:12.211Z,4,20.39,7,OK,0.1
2026-02-15T14:37:12.263Z,4,20.44,8,OK,0.1
2026-02-15T14:37:12.314Z,4,20.61,9,OK,0.1
2026-02-15T14:37:12.449Z,4,43.50,7,OK,0.1
2026-02-15T14:37:12.533Z,7,46.18,5,SATURATED,0.1
2026-02-15T14:37:12.592Z,5,43.90,5,SATURATED,0.1
2026-02-15T14:37:12.642Z,4,43.74,5,OK,0.1
2026-02-15T14:37:12.693Z,4,43.59,5,OK,0.1
2026-02-15T14:37:12.744Z,4,20.70,6,OK,0.1
2026-02-15T14:37:12.794Z,4,18.02,7,OK,0.1
2026-02-15T14:37:12.845Z,4,20.16,8,OK,0.1
2026-02-15T14:37:12.894Z,4,20.27,9,OK,0.1
2026-02-15T14:37:12.945Z,4,20.28,10,OK,0.1
2026-02-15T14:37:12.996Z,4,20.15,11,OK,0.1
2026-02-15T14:37:13.047Z,4,20.12,12,OK,0.1
2026-02-15T14:37:13.097Z,3,20.44,13,OK,0.1
2026-02-15T14:37:13.149Z,3,20.42,14,OK,0.1
2026-02-15T14:37:13.199Z,3,20.38,15,OK,0.1
2026-02-15T14:37:13.249Z,3,20.51,16,OK,0.1
2026-02-15T14:37:13.299Z,3,20.51,17,OK,0.1
2026-02-15T14:37:13.349Z,4,20.43,18,OK,0.1
2026-02-15T14:37:13.400Z,4,20.49,19,OK,0.1
2026-02-15T14:37:13.449Z,4,20.55,20,OK,0.1
2026-02-15T14:37:13.513Z,20,24.04,21,OK,0.1
2026-02-15T14:37:13.864Z,21,80.15,15,SATURATED,0.1
2026-02-15T14:37:13.976Z,15,88.37,8,SATURATED,0.1
2026-02-15T14:37:14.027Z,11,88.16,5,SATURATED,0.1
2026-02-15T14:37:14.077Z,10,88.15,5,SATURATED,0.1
2026-02-15T14:37:14.127Z,10,84.68,5,SATURATED,0.1
2026-02-15T14:37:14.177Z,10,28.56,5,SATURATED,0.1
2026-02-15T14:37:14.227Z,10,20.20,6,SATURATED,0.1
2026-02-15T14:37:14.278Z,10,20.14,7,SATURATED,0.1
2026-02-15T14:37:14.327Z,10,20.21,8,SATURATED,0.1
2026-02-15T14:37:14.378Z,10,20.16,9,SATURATED,0.1
2026-02-15T14:37:14.429Z,10,20.18,10,SATURATED,0.1
2026-02-15T14:37:14.484Z,10,20.14,11,OK,0.1
2026-02-15T14:37:14.547Z,11,20.78,12,OK,0.1
2026-02-15T14:37:14.598Z,10,20.71,13,OK,0.1
2026-02-15T14:37:14.648Z,10,20.69,14,OK,0.1
2026-02-15T14:37:14.699Z,10,20.66,15,OK,0.1
2026-02-15T14:37:14.749Z,10,20.70,16,OK,0.1
2026-02-15T14:37:14.799Z,10,20.37,17,OK,0.1
2026-02-15T14:37:14.859Z,14,20.37,18,OK,0.1
2026-02-15T14:37:15.085Z,17,61.37,14,SATURATED,0.1
2026-02-15T14:37:15.335Z,14,97.31,6,SATURATED,0.1
2026-02-15T14:37:15.386Z,10,97.36,5,SATURATED,0.1
2026-02-15T14:37:15.436Z,10,97.28,5,SATURATED,0.1
2026-02-15T14:37:15.487Z,8,97.42,5,SATURATED,0.1
2026-02-15T14:37:15.537Z,6,56.49,5,SATURATED,0.1
2026-02-15T14:37:15.586Z,6,20.60,6,SATURATED,0.1
2026-02-15T14:37:15.637Z,6,20.57,7,OK,0.1
2026-02-15T14:37:15.688Z,6,20.54,8,OK,0.1
2026-02-15T14:37:15.910Z,6,50.75,5,SATURATED,0.1
2026-02-15T14:37:15.961Z,2,50.67,5,OK,0.1
2026-02-15T14:37:16.011Z,2,50.62,5,OK,0.1
2026-02-15T14:37:16.061Z,2,50.61,5,OK,0.1
2026-02-15T14:37:16.147Z,5,50.71,5,SATURATED,0.1
2026-02-15T14:37:16.220Z,5,30.88,5,SATURATED,0.1
2026-02-15T14:37:16.274Z,5,27.62,5,SATURATED,0.1
2026-02-15T14:37:16.325Z,4,27.62,5,OK,0.1
2026-02-15T14:37:16.375Z,4,27.74,5,OK,0.1
2026-02-15T14:37:16.425Z,4,27.64,5,OK,0.1
2026-02-15T14:37:16.476Z,5,17.16,6,OK,0.1
2026-02-15T14:37:16.696Z,4,60.02,5,OK,0.1
2026-02-15T14:37:16.747Z,3,60.03,5,OK,0.1
2026-02-15T14:37:16.797Z,3,59.95,5,OK,0.1
2026-02-15T14:37:16.847Z,3,59.96,5,OK,0.1
2026-02-15T14:37:16.898Z,3,59.93,5,OK,0.1
2026-02-15T14:37:16.949Z,3,20.42,6,OK,0.1
2026-02-15T14:37:16.999Z,3,20.46,7,OK,0.1
2026-02-15T14:37:17.049Z,3,20.48,8,OK,0.1
2026-02-15T14:37:17.215Z,2,46.78,5,OK,0.1
2026-02-15T14:37:17.303Z,5,50.31,5,SATURATED,0.1
2026-02-15T14:37:17.796Z,5,134.76,5,SATURATED,0.4
2026-02-15T14:37:17.846Z,2,137.13,5,OK,0.4
2026-02-15T14:37:17.896Z,2,137.07,5,OK,0.4
2026-02-15T14:37:18.116Z,2,148.06,5,OK,0.4
2026-02-15T14:37:18.166Z,0,144.45,5,OK,0.4
2026-02-15T14:37:18.216Z,0,59.92,5,OK,0.1
2026-02-15T14:37:18.534Z,5,61.42,5,SATURATED,0.1
2026-02-15T14:37:18.605Z,5,71.51,5,SATURATED,0.1
2026-02-15T14:37:18.656Z,3,34.08,5,OK,0.1
2026-02-15T14:37:18.706Z,3,34.14,5,OK,0.1
2026-02-15T14:37:18.783Z,5,34.10,5,SATURATED,0.1
2026-02-15T14:37:18.870Z,5,43.58,5,SATURATED,0.1
2026-02-15T14:37:18.921Z,3,29.64,5,OK,0.1
2026-02-15T14:37:18.971Z,4,29.75,5,OK,0.1
2026-02-15T14:37:19.022Z,4,29.79,5,OK,0.1
2026-02-15T14:37:19.072Z,4,29.81,5,OK,0.1
2026-02-15T14:37:19.122Z,5,16.36,6,OK,0.1
2026-02-15T14:37:19.172Z,6,20.29,7,OK,0.1
2026-02-15T14:37:19.223Z,6,20.36,8,OK,0.1
2026-02-15T14:37:19.281Z,8,20.32,9,OK,0.1
2026-02-15T14:37:19.332Z,7,20.34,10,OK,0.1
2026-02-15T14:37:19.381Z,7,20.39,11,OK,0.1
2026-02-15T14:37:19.432Z,7,20.30,12,OK,0.1
2026-02-15T14:37:19.482Z,7,20.23,13,OK,0.1
2026-02-15T14:37:19.799Z,12,79.12,7,SATURATED,0.1
2026-02-15T14:37:19.915Z,8,88.26,5,SATURATED,0.1
2026-02-15T14:37:20.014Z,8,94.02,5,SATURATED,0.1
2026-02-15T14:37:20.065Z,8,94.01,5,SATURATED,0.1
2026-02-15T14:37:20.115Z,8,94.02,5,SATURATED,0.1
2026-02-15T14:37:20.165Z,8,35.00,5,SATURATED,0.1
2026-02-15T14:37:20.215Z,8,25.85,5,SATURATED,0.1
2026-02-15T14:37:20.265Z,6,20.03,6,SATURATED,0.1
2026-02-15T14:37:20.315Z,6,20.16,7,OK,0.1
2026-02-15T14:37:20.366Z,6,20.19,8,OK,0.1
2026-02-15T14:37:20.416Z,6,20.24,9,OK,0.1
2026-02-15T14:37:20.467Z,6,20.24,10,OK,0.1
2026-02-15T14:37:20.517Z,5,20.47,11,OK,0.1
2026-02-15T14:37:20.567Z,5,20.36,12,OK,0.1
2026-02-15T14:37:20.617Z,5,20.33,13,OK,0.1
2026-02-15T14:37:20.666Z,6,20.42,14,OK,0.1
2026-02-15T14:37:20.717Z,5,20.44,15,OK,0.1
2026-02-15T14:37:20.767Z,5,20.29,16,OK,0.1
2026-02-15T14:37:21.028Z,7,20.29,17,OK,0.1
2026-02-15T14:37:21.233Z,16,56.64,13,SATURATED,0.1
2026-02-15T14:37:21.376Z,8,77.36,7,SATURATED,0.1
2026-02-15T14:37:21.427Z,5,77.36,5,SATURATED,0.1
2026-02-15T14:37:21.478Z,5,77.37,5,SATURATED,0.1
2026-02-15T14:37:21.529Z,4,77.27,5,OK,0.1
2026-02-15T14:37:21.579Z,4,40.96,5,OK,0.1
2026-02-15T14:37:21.629Z,4,20.25,6,OK,0.1
2026-02-15T14:37:21.882Z,4,20.25,7,OK,0.1
2026-02-15T14:37:21.933Z,4,20.22,8,OK,0.1
2026-02-15T14:37:21.983Z,4,20.34,9,OK,0.1
2026-02-15T14:37:22.033Z,4,20.27,10,OK,0.1
2026-02-15T14:37:22.098Z,10,26.86,9,SATURATED,0.1
2026-02-15T14:37:22.175Z,9,28.40,8,SATURATED,0.1
2026-02-15T14:37:22.283Z,8,35.96,6,SATURATED,0.1
2026-02-15T14:37:22.368Z,7,38.89,5,SATURATED,0.1
2026-02-15T14:37:22.417Z,7,38.88,5,SATURATED,0.1
2026-02-15T14:37:22.468Z,7,32.26,5,SATURATED,0.1
2026-02-15T14:37:22.517Z,7,30.87,5,SATURATED,0.1
2026-02-15T14:37:22.568Z,7,23.34,6,SATURATED,0.1
2026-02-15T14:37:22.618Z,7,20.49,7,SATURATED,0.1
2026-02-15T14:37:22.669Z,7,20.54,8,OK,0.1
2026-02-15T14:37:22.718Z,7,20.69,9,OK,0.1
2026-02-15T14:37:22.769Z,7,20.55,10,OK,0.1
2026-02-15T14:37:22.820Z,7,20.58,11,OK,0.1
2026-02-15T14:37:22.870Z,7,20.51,12,OK,0.1
2026-02-15T14:37:22.921Z,8,20.50,13,OK,0.1
2026-02-15T14:37:22.971Z,8,20.37,14,OK,0.1
2026-02-15T14:37:23.022Z,8,20.25,15,OK,0.1
2026-02-15T14:37:23.265Z,9,20.30,16,OK,0.1
2026-02-15T14:37:23.406Z,15,44.29,14,SATURATED,0.1
2026-02-15T14:37:23.496Z,14,48.42,11,SATURATED,0.1
2026-02-15T14:37:23.547Z,6,48.55,8,OK,0.1
2026-02-15T14:37:23.597Z,6,48.44,5,SATURATED,0.1
2026-02-15T14:37:23.646Z,6,48.30,5,SATURATED,0.1
2026-02-15T14:37:23.697Z,6,24.30,6,SATURATED,0.1
2026-02-15T14:37:23.747Z,6,20.26,7,OK,0.1
2026-02-15T14:37:23.798Z,6,20.14,8,OK,0.1
2026-02-15T14:37:23.848Z,6,20.30,9,OK,0.1
2026-02-15T14:37:23.899Z,7,20.39,10,OK,0.1
2026-02-15T14:37:23.949Z,7,20.45,11,OK,0.1
2026-02-15T14:37:24.000Z,7,20.37,12,OK,0.1
2026-02-15T14:37:24.053Z,9,20.38,13,OK,0.1
2026-02-15T14:37:24.103Z,5,20.45,14,OK,0.1
2026-02-15T14:37:24.154Z,5,20.48,15,OK,0.1
2026-02-15T14:37:24.204Z,5,20.42,16,OK,0.1
2026-02-15T14:37:24.254Z,5,20.44,17,OK,0.1
2026-02-15T14:37:24.608Z,12,83.44,11,SATURATED,0.1
2026-02-15T14:37:24.771Z,8,101.97,5,SATURATED,0.1
2026-02-15T14:37:24.821Z,6,101.88,5,SATURATED,0.1
2026-02-15T14:37:24.872Z,6,101.88,5,SATURATED,0.1
2026-02-15T14:37:24.922Z,5,101.83,5,SATURATED,0.1
2026-02-15T14:37:24.972Z,5,38.80,5,SATURATED,0.1
2026-02-15T14:37:25.023Z,5,20.30,6,OK,0.1
2026-02-15T14:37:25.296Z,4,20.58,7,OK,0.1
2026-02-15T14:37:25.484Z,6,53.88,5,SATURATED,0.1
2026-02-15T14:37:25.534Z,3,53.90,5,OK,0.1
2026-02-15T14:37:25.585Z,3,53.89,5,OK,0.1
2026-02-15T14:37:25.978Z,4,89.13,5,OK,0.1
2026-02-15T14:37:26.173Z,5,113.81,5,SATURATED,0.1
2026-02-15T14:37:26.224Z,3,80.49,5,OK,0.1
2026-02-15T14:37:26.274Z,3,80.47,5,OK,0.1
2026-02-15T14:37:26.323Z,3,80.60,5,OK,0.1
2026-02-15T14:37:26.374Z,3,45.34,5,OK,0.1
2026-02-15T14:37:26.424Z,3,20.40,6,OK,0.1
2026-02-15T14:37:26.473Z,3,20.41,7,OK,0.1
2026-02-15T14:37:26.524Z,4,20.47,8,OK,0.1
2026-02-15T14:37:26.574Z,4,20.36,9,OK,0.1
2026-02-15T14:37:26.624Z,3,20.38,10,OK,0.1
2026-02-15T14:37:26.675Z,3,20.37,11,OK,0.1
2026-02-15T14:37:26.724Z,3,20.38,12,OK,0.1
2026-02-15T14:37:26.775Z,3,20.32,13,OK,0.1
2026-02-15T14:37:26.826Z,3,20.32,14,OK,0.1
2026-02-15T14:37:26.876Z,3,20.35,15,OK,0.1
2026-02-15T14:37:26.926Z,3,20.36,16,OK,0.1
2026-02-15T14:37:26.976Z,3,20.36,17,OK,0.1
2026-02-15T14:37:27.186Z,3,48.30,14,OK,0.1
2026-02-15T14:37:27.362Z,14,79.27,8,SATURATED,0.1
2026-02-15T14:37:27.492Z,3,91.15,5,OK,0.1
2026-02-15T14:37:27.679Z,5,114.49,5,SATURATED,0.1
2026-02-15T14:37:27.880Z,5,140.64,5,SATURATED,0.4
2026-02-15T14:37:27.930Z,3,112.69,5,OK,0.1
2026-02-15T14:37:27.981Z,3,81.73,5,OK,0.1
2026-02-15T14:37:28.031Z,2,69.77,5,OK,0.1
2026-02-15T14:37:28.081Z,2,46.42,5,OK,0.1
2026-02-15T14:37:28.131Z,2,20.26,6,OK,0.1
2026-02-15T14:37:28.181Z,2,20.26,7,OK,0.1
2026-02-15T14:37:28.279Z,7,25.83,6,SATURATED,0.1
2026-02-15T14:37:28.358Z,6,27.59,5,SATURATED,0.1
2026-02-15T14:37:28.428Z,5,37.46,5,SATURATED,0.1
2026-02-15T14:37:28.477Z,4,37.52,5,OK,0.1
2026-02-15T14:37:28.528Z,3,37.46,5,OK,0.1
2026-02-15T14:37:28.578Z,3,31.75,5,OK,0.1
2026-02-15T14:37:28.628Z,3,29.99,5,OK,0.1
2026-02-15T14:37:28.679Z,3,20.09,6,OK,0.1
2026-02-15T14:37:28.912Z,3,52.38,5,OK,0.1
2026-02-15T14:37:28.962Z,4,52.53,5,OK,0.1
2026-02-15T14:37:29.011Z,4,52.64,5,OK,0.1
2026-02-15T14:37:29.062Z,5,52.68,5,SATURATED,0.1
2026-02-15T14:37:29.113Z,5,52.71,5,SATURATED,0.1
2026-02-15T14:37:29.164Z,5,20.32,6,OK,0.1
2026-02-15T14:37:29.214Z,5,20.21,7,OK,0.1
2026-02-15T14:37:29.272Z,6,20.77,8,OK,0.1
2026-02-15T14:37:29.526Z,8,57.68,5,SATURATED,0.1
2026-02-15T14:37:29.690Z,5,76.45,5,SATURATED,0.1
2026-02-15T14:37:29.740Z,5,76.27,5,SATURATED,0.1
2026-02-15T14:37:29.791Z,5,76.27,5,SATURATED,0.1
2026-02-15T14:37:29.842Z,5,75.72,5,SATURATED,0.1
2026-02-15T14:37:29.893Z,5,38.81,5,SATURATED,0.1
2026-02-15T14:37:29.944Z,5,20.16,6,OK,0.1
2026-02-15T14:37:29.994Z,5,20.40,7,OK,0.1
2026-02-15T14:37:30.045Z,4,20.38,8,OK,0.1
2026-02-15T14:37:30.095Z,4,20.38,9,OK,0.1
2026-02-15T14:37:30.145Z,4,20.37,10,OK,0.1
2026-02-15T14:37:30.195Z,4,20.31,11,OK,0.1
2026-02-15T14:37:30.248Z,6,20.34,12,OK,0.1
2026-02-15T14:37:30.298Z,5,20.40,13,OK,0.1
2026-02-15T14:37:30.349Z,5,20.43,14,OK,0.1
2026-02-15T14:37:30.399Z,5,20.46,15,OK,0.1
2026-02-15T14:37:30.450Z,4,20.44,16,OK,0.1
2026-02-15T14:37:30.500Z,4,20.44,17,OK,0.1
2026-02-15T14:37:30.748Z,15,65.11,12,SATURATED,0.1
2026-02-15T14:37:30.947Z,12,90.83,5,SATURATED,0.1
2026-02-15T14:37:30.998Z,7,90.79,5,SATURATED,0.1
2026-02-15T14:37:31.048Z,6,90.76,5,SATURATED,0.1
2026-02-15T14:37:31.099Z,6,90.70,5,SATURATED,0.1
2026-02-15T14:37:31.150Z,6,46.05,5,SATURATED,0.1
2026-02-15T14:37:31.200Z,6,20.34,6,SATURATED,0.1
2026-02-15T14:37:31.250Z,6,20.29,7,OK,0.1
2026-02-15T14:37:31.301Z,7,20.23,8,OK,0.1
2026-02-15T14:37:31.352Z,7,20.30,9,OK,0.1
2026-02-15T14:37:31.402Z,7,20.27,10,OK,0.1
2026-02-15T14:37:31.453Z,8,20.18,11,OK,0.1
2026-02-15T14:37:31.503Z,8,20.22,12,OK,0.1
2026-02-15T14:37:31.554Z,10,20.44,13,OK,0.1
2026-02-15T14:37:31.605Z,9,20.35,14,OK,0.1
2026-02-15T14:37:31.655Z,9,20.30,15,OK,0.1
2026-02-15T14:37:31.706Z,9,20.38,16,OK,0.1
2026-02-15T14:37:31.755Z,11,20.37,17,OK,0.1
2026-02-15T14:37:31.830Z,17,22.74,18,OK,0.1
2026-02-15T14:37:32.082Z,18,25.93,17,SATURATED,0.1
2026-02-15T14:37:32.199Z,17,45.31,14,SATURATED,0.1
2026-02-15T14:37:32.250Z,13,45.27,11,SATURATED,0.1
2026-02-15T14:37:32.300Z,12,45.29,8,SATURATED,0.1
2026-02-15T14:37:32.350Z,12,42.78,6,SATURATED,0.1
2026-02-15T14:37:32.401Z,12,39.63,5,SATURATED,0.1
2026-02-15T14:37:32.452Z,12,20.34,6,SATURATED,0.1
2026-02-15T14:37:32.502Z,12,20.37,7,SATURATED,0.1
2026-02-15T14:37:32.555Z,9,20.29,8,SATURATED,0.1
2026-02-15T14:37:32.604Z,8,20.32,9,OK,0.1
2026-02-15T14:37:32.655Z,8,20.35,10,OK,0.1
2026-02-15T14:37:32.705Z,8,20.25,11,OK,0.1
2026-02-15T14:37:32.756Z,8,20.25,12,OK,0.1
2026-02-15T14:37:32.907Z,9,44.30,10,OK,0.1
2026-02-15T14:37:32.993Z,10,47.38,7,SATURATED,0.1
2026-02-15T14:37:33.043Z,8,47.35,5,SATURATED,0.1
2026-02-15T14:37:33.095Z,8,47.78,5,SATURATED,0.1
2026-02-15T14:37:33.145Z,8,47.92,5,SATURATED,0.1
2026-02-15T14:37:33.198Z,8,23.87,6,SATURATED,0.1
2026-02-15T14:37:33.248Z,8,20.73,7,SATURATED,0.1
2026-02-15T14:37:33.299Z,7,20.84,8,OK,0.1
2026-02-15T14:37:33.349Z,7,20.36,9,OK,0.1
2026-02-15T14:37:33.398Z,7,20.24,10,OK,0.1
2026-02-15T14:37:33.448Z,6,20.30,11,OK,0.1
2026-02-15T14:37:33.499Z,6,20.28,12,OK,0.1
2026-02-15T14:37:33.549Z,5,20.12,13,OK,0.1
2026-02-15T14:37:33.600Z,5,20.18,14,OK,0.1
2026-02-15T14:37:33.651Z,5,20.23,15,OK,0.1
2026-02-15T14:37:33.701Z,5,20.26,16,OK,0.1
2026-02-15T14:37:33.751Z,5,20.29,17,OK,0.1
2026-02-15T14:37:34.031Z,5,62.30,13,OK,0.1
2026-02-15T14:37:34.374Z,11,126.76,5,SATURATED,0.4
2026-02-15T14:37:34.495Z,2,136.85,5,OK,0.4
2026-02-15T14:37:34.631Z,1,149.98,5,OK,0.4
2026-02-15T14:37:34.680Z,3,149.95,5,OK,0.4
2026-02-15T14:37:34.731Z,3,108.00,5,OK,0.1
2026-02-15T14:37:34.782Z,3,43.56,5,OK,0.1
2026-02-15T14:37:34.832Z,3,33.44,5,OK,0.1
2026-02-15T14:37:34.883Z,3,20.38,6,OK,0.1
2026-02-15T14:37:34.933Z,3,20.38,7,OK,0.1
2026-02-15T14:37:34.984Z,3,20.39,8,OK,0.1
2026-02-15T14:37:35.036Z,4,20.52,9,OK,0.1
2026-02-15T14:37:35.086Z,3,20.52,10,OK,0.1
2026-02-15T14:37:35.137Z,3,20.39,11,OK,0.1
2026-02-15T14:37:35.187Z,3,20.40,12,OK,0.1
2026-02-15T14:37:35.237Z,3,20.43,13,OK,0.1
2026-02-15T14:37:35.288Z,3,20.40,14,OK,0.1
2026-02-15T14:37:35.344Z,14,24.18,15,OK,0.1
2026-02-15T14:37:35.556Z,15,52.58,12,SATURATED,0.1
2026-02-15T14:37:35.744Z,11,76.11,6,SATURATED,0.1
2026-02-15T14:37:35.795Z,7,76.06,5,SATURATED,0.1
2026-02-15T14:37:35.846Z,7,75.96,5,SATURATED,0.1
2026-02-15T14:37:35.896Z,7,72.13,5,SATURATED,0.1
2026-02-15T14:37:35.947Z,7,43.82,5,SATURATED,0.1
2026-02-15T14:37:35.997Z,7,20.28,6,SATURATED,0.1
2026-02-15T14:37:36.048Z,7,20.29,7,SATURATED,0.1
2026-02-15T14:37:36.098Z,7,20.30,8,OK,0.1
2026-02-15T14:37:36.149Z,7,20.34,9,OK,0.1
2026-02-15T14:37:36.200Z,7,20.39,10,OK,0.1
2026-02-15T14:37:36.250Z,7,20.27,11,OK,0.1
2026-02-15T14:37:36.301Z,6,20.31,12,OK,0.1
2026-02-15T14:37:36.475Z,6,48.69,9,OK,0.1
2026-02-15T14:37:36.526Z,6,48.69,6,SATURATED,0.1
2026-02-15T14:37:36.615Z,6,51.85,5,SATURATED,0.1
2026-02-15T14:37:36.688Z,6,52.51,5,SATURATED,0.1
2026-02-15T14:37:36.743Z,5,59.54,5,SATURATED,0.1
2026-02-15T14:37:36.794Z,4,31.36,5,OK,0.1
2026-02-15T14:37:36.844Z,4,31.34,5,OK,0.1
2026-02-15T14:37:36.894Z,4,28.08,5,OK,0.1
2026-02-15T14:37:36.945Z,4,27.61,5,OK,0.1
2026-02-15T14:37:36.995Z,4,20.58,6,OK,0.1
2026-02-15T14:37:37.045Z,4,20.40,7,OK,0.1
2026-02-15T14:37:37.096Z,4,20.44,8,OK,0.1
2026-02-15T14:37:37.147Z,4,20.47,9,OK,0.1
2026-02-15T14:37:37.196Z,4,20.40,10,OK,0.1
2026-02-15T14:37:37.247Z,4,20.37,11,OK,0.1
2026-02-15T14:37:37.298Z,4,20.56,12,OK,0.1
2026-02-15T14:37:37.348Z,0,20.58,13,OK,0.1
2026-02-15T14:37:37.399Z,0,20.57,14,OK,0.1
2026-02-15T14:37:37.448Z,0,20.55,15,OK,0.1
2026-02-15T14:37:37.756Z,13,20.68,16,OK,0.1
2026-02-15T14:37:37.904Z,16,46.00,13,SATURATED,0.1
2026-02-15T14:37:37.954Z,3,41.88,11,OK,0.1
2026-02-15T14:37:38.005Z,3,41.87,9,OK,0.1
2026-02-15T14:37:38.056Z,3,41.87,7,OK,0.1
2026-02-15T14:37:38.107Z,3,41.74,5,OK,0.1
2026-02-15T14:37:38.157Z,3,16.24,6,OK,0.1
2026-02-15T14:37:38.208Z,3,20.32,7,OK,0.1
2026-02-15T14:37:38.258Z,3,20.32,8,OK,0.1
2026-02-15T14:37:38.309Z,3,20.30,9,OK,0.1
2026-02-15T14:37:38.358Z,4,20.30,10,OK,0.1
2026-02-15T14:37:38.409Z,4,20.26,11,OK,0.1
2026-02-15T14:37:38.459Z,4,20.21,12,OK,0.1
2026-02-15T14:37:38.509Z,4,20.24,13,OK,0.1
2026-02-15T14:37:38.559Z,4,20.25,14,OK,0.1
2026-02-15T14:37:38.609Z,4,20.28,15,OK,0.1
2026-02-15T14:37:38.660Z,4,20.31,16,OK,0.1
2026-02-15T14:37:38.710Z,4,20.38,17,OK,0.1
2026-02-15T14:37:38.764Z,7,20.36,18,OK,0.1
2026-02-15T14:37:38.880Z,18,23.76,19,OK,0.1
2026-02-15T14:37:39.407Z,19,125.03,5,SATURATED,0.4
2026-02-15T14:37:39.470Z,8,123.56,5,SATURATED,0.1
2026-02-15T14:37:39.519Z,7,123.56,5,SATURATED,0.1
2026-02-15T14:37:39.570Z,7,123.55,5,SATURATED,0.1
2026-02-15T14:37:39.621Z,7,120.24,5,SATURATED,0.1
2026-02-15T14:37:39.672Z,7,18.93,6,SATURATED,0.1
2026-02-15T14:37:39.722Z,7,20.37,7,SATURATED,0.1
2026-02-15T14:37:39.775Z,6,20.41,8,OK,0.1
2026-02-15T14:37:39.934Z,8,48.27,5,SATURATED,0.1
2026-02-15T14:37:39.984Z,7,48.30,5,SATURATED,0.1
2026-02-15T14:37:40.035Z,7,48.30,5,SATURATED,0.1
2026-02-15T14:37:40.085Z,7,48.35,5,SATURATED,0.1
2026-02-15T14:37:40.136Z,7,48.29,5,SATURATED,0.1
2026-02-15T14:37:40.186Z,7,20.44,6,SATURATED,0.1
2026-02-15T14:37:40.236Z,7,20.30,7,SATURATED,0.1
2026-02-15T14:37:40.286Z,7,20.35,8,OK,0.1
2026-02-15T14:37:40.337Z,6,20.43,9,OK,0.1
2026-02-15T14:37:40.614Z,8,61.76,5,SATURATED,0.1
2026-02-15T14:37:40.781Z,8,81.09,5,SATURATED,0.1
2026-02-15T14:37:40.832Z,4,81.10,5,OK,0.1
2026-02-15T14:37:40.881Z,3,81.07,5,OK,0.1
2026-02-15T14:37:40.932Z,3,80.93,5,OK,0.1
2026-02-15T14:37:41.139Z,5,73.69,5,SATURATED,0.1
2026-02-15T14:37:41.189Z,3,54.39,5,OK,0.1
2026-02-15T14:37:41.239Z,3,54.43,5,OK,0.1
2026-02-15T14:37:41.288Z,3,54.46,5,OK,0.1
2026-02-15T14:37:41.339Z,4,54.41,5,OK,0.1
2026-02-15T14:37:41.388Z,4,20.33,6,OK,0.1
2026-02-15T14:37:41.440Z,4,20.28,7,OK,0.1
2026-02-15T14:37:41.490Z,4,20.28,8,OK,0.1
2026-02-15T14:37:41.539Z,4,20.24,9,OK,0.1
2026-02-15T14:37:41.589Z,4,20.36,10,OK,0.1
2026-02-15T14:37:41.651Z,10,20.49,11,OK,0.1
2026-02-15T14:37:41.744Z,11,23.40,12,OK,0.1
2026-02-15T14:37:41.800Z,12,20.53,13,OK,0.1
2026-02-15T14:37:42.151Z,12,86.74,6,SATURATED,0.1
2026-02-15T14:37:42.202Z,6,82.84,5,SATURATED,0.1
2026-02-15T14:37:42.253Z,5,82.70,5,SATURATED,0.1
2026-02-15T14:37:42.304Z,5,79.88,5,SATURATED,0.1
2026-02-15T14:37:42.354Z,4,82.76,5,OK,0.1
2026-02-15T14:37:42.404Z,4,16.54,6,OK,0.1
2026-02-15T14:37:42.454Z,4,20.44,7,OK,0.1
2026-02-15T14:37:42.504Z,4,20.43,8,OK,0.1
2026-02-15T14:37:42.555Z,4,20.38,9,OK,0.1
2026-02-15T14:37:42.606Z,4,20.37,10,OK,0.1
2026-02-15T14:37:42.944Z,4,48.11,5,OK,0.1
2026-02-15T14:37:42.819Z,10,37.21,8,SATURATED,0.1
2026-02-15T14:37:42.995Z,4,48.10,5,OK,0.1
2026-02-15T14:37:43.046Z,5,48.05,5,SATURATED,0.1
2026-02-15T14:37:43.096Z,5,47.96,5,SATURATED,0.1
2026-02-15T14:37:43.184Z,5,42.57,5,SATURATED,0.1
2026-02-15T14:37:43.256Z,5,32.17,5,SATURATED,0.1
2026-02-15T14:37:43.307Z,5,32.22,5,SATURATED,0.1
2026-02-15T14:37:43.357Z,4,32.25,5,OK,0.1
2026-02-15T14:37:43.408Z,4,32.34,5,OK,0.1
2026-02-15T14:37:43.459Z,4,20.89,6,OK,0.1
2026-02-15T14:37:43.509Z,4,20.37,7,OK,0.1
2026-02-15T14:37:43.560Z,4,20.36,8,OK,0.1
2026-02-15T14:37:43.610Z,4,20.51,9,OK,0.1
2026-02-15T14:37:43.661Z,4,20.58,10,OK,0.1
2026-02-15T14:37:43.711Z,3,20.52,11,OK,0.1
2026-02-15T14:37:43.762Z,2,20.58,12,OK,0.1
2026-02-15T14:37:43.812Z,2,20.49,13,OK,0.1
2026-02-15T14:37:44.040Z,13,20.73,14,OK,0.1
2026-02-15T14:37:44.438Z,14,96.12,6,SATURATED,0.1
2026-02-15T14:37:44.545Z,7,103.50,5,SATURATED,0.1
2026-02-15T14:37:44.595Z,6,103.39,5,SATURATED,0.1
2026-02-15T14:37:44.645Z,6,103.44,5,SATURATED,0.1
2026-02-15T14:37:44.696Z,6,102.95,5,SATURATED,0.1
2026-02-15T14:37:44.746Z,6,27.49,5,SATURATED,0.1
2026-02-15T14:37:44.797Z,6,20.14,6,SATURATED,0.1
2026-02-15T14:37:44.847Z,6,20.17,7,OK,0.1
2026-02-15T14:37:45.095Z,7,65.61,5,SATURATED,0.1
2026-02-15T14:37:45.146Z,5,65.68,5,SATURATED,0.1
2026-02-15T14:37:45.197Z,5,65.74,5,SATURATED,0.1
2026-02-15T14:37:45.246Z,5,65.75,5,SATURATED,0.1
2026-02-15T14:37:45.297Z,5,65.54,5,SATURATED,0.1
2026-02-15T14:37:45.348Z,5,20.57,6,OK,0.1
2026-02-15T14:37:45.577Z,6,52.53,5,SATURATED,0.1
2026-02-15T14:37:45.797Z,5,82.42,5,SATURATED,0.1
2026-02-15T14:37:45.848Z,3,82.86,5,OK,0.1
2026-02-15T14:37:45.898Z,3,83.15,5,OK,0.1
2026-02-15T14:37:45.949Z,3,82.70,5,OK,0.1
2026-02-15T14:37:45.999Z,3,50.78,5,OK,0.1
2026-02-15T14:37:46.048Z,2,20.86,6,OK,0.1
2026-02-15T14:37:46.100Z,2,20.42,7,OK,0.1
2026-02-15T14:37:46.410Z,7,75.76,5,SATURATED,0.1
2026-02-15T14:37:46.461Z,3,75.75,5,OK,0.1
2026-02-15T14:37:46.512Z,3,75.79,5,OK,0.1
2026-02-15T14:37:46.563Z,3,75.82,5,OK,0.1
2026-02-15T14:37:46.850Z,5,77.08,5,SATURATED,0.1
2026-02-15T14:37:47.043Z,5,56.14,5,SATURATED,0.1
2026-02-15T14:37:47.184Z,5,70.29,5,SATURATED,0.1
2026-02-15T14:37:47.234Z,4,70.29,5,OK,0.1
2026-02-15T14:37:47.285Z,4,70.25,5,OK,0.1
2026-02-15T14:37:47.334Z,4,68.92,5,OK,0.1
2026-02-15T14:37:47.385Z,4,34.43,5,OK,0.1
2026-02-15T14:37:47.451Z,5,22.78,6,OK,0.1
2026-02-15T14:37:47.501Z,5,22.81,7,OK,0.1
2026-02-15T14:37:47.552Z,5,22.81,8,OK,0.1
2026-02-15T14:37:47.603Z,7,22.90,9,OK,0.1
2026-02-15T14:37:47.776Z,9,43.45,7,SATURATED,0.1
2026-02-15T14:37:47.827Z,5,40.97,5,SATURATED,0.1
2026-02-15T14:37:47.883Z,5,41.45,5,SATURATED,0.1
2026-02-15T14:37:47.934Z,5,42.45,5,SATURATED,0.1
2026-02-15T14:37:47.984Z,5,42.50,5,SATURATED,0.1
2026-02-15T14:37:48.034Z,5,22.11,6,OK,0.1
2026-02-15T14:37:48.472Z,6,95.65,5,SATURATED,0.1
2026-02-15T14:37:48.528Z,4,92.22,5,OK,0.1
2026-02-15T14:37:48.577Z,3,91.19,5,OK,0.1
2026-02-15T14:37:48.831Z,3,135.63,5,OK,0.4
2026-02-15T14:37:49.315Z,5,224.29,5,SATURATED,0.4
2026-02-15T14:37:49.460Z,5,165.69,5,SATURATED,0.4
2026-02-15T14:37:49.680Z,5,204.17,5,SATURATED,0.4
2026-02-15T14:37:49.732Z,2,200.52,5,OK,0.4
2026-02-15T14:37:49.782Z,2,156.01,5,OK,0.4
2026-02-15T14:37:49.833Z,2,67.19,5,OK,0.1
2026-02-15T14:37:49.884Z,3,52.46,5,OK,0.1
2026-02-15T14:37:49.934Z,2,16.82,6,OK,0.1
2026-02-15T14:37:49.984Z,2,20.41,7,OK,0.1
2026-02-15T14:37:50.034Z,2,20.47,8,OK,0.1
2026-02-15T14:37:50.084Z,2,20.46,9,OK,0.1
2026-02-15T14:37:50.134Z,2,20.25,10,OK,0.1
2026-02-15T14:37:50.184Z,2,20.30,11,OK,0.1
2026-02-15T14:37:50.235Z,2,20.38,12,OK,0.1
2026-02-15T14:37:50.286Z,2,20.41,13,OK,0.1
2026-02-15T14:37:50.576Z,5,20.77,14,OK,0.1
2026-02-15T14:37:50.952Z,13,91.76,7,SATURATED,0.1
2026-02-15T14:37:51.002Z,2,87.67,5,OK,0.1
2026-02-15T14:37:51.053Z,2,87.65,5,OK,0.1
2026-02-15T14:37:51.103Z,2,87.47,5,OK,0.1
2026-02-15T14:37:51.154Z,2,87.28,5,OK,0.1
2026-02-15T14:37:51.203Z,2,16.34,6,OK,0.1
2026-02-15T14:37:51.253Z,2,20.41,7,OK,0.1
2026-02-15T14:37:51.303Z,2,20.44,8,OK,0.1
2026-02-15T14:37:51.354Z,2,20.56,9,OK,0.1
2026-02-15T14:37:51.405Z,2,20.44,10,OK,0.1
2026-02-15T14:37:51.455Z,2,20.43,11,OK,0.1
2026-02-15T14:37:51.506Z,1,20.38,12,OK,0.1
2026-02-15T14:37:51.556Z,1,20.42,13,OK,0.1
2026-02-15T14:37:51.607Z,1,20.51,14,OK,0.1
2026-02-15T14:37:51.658Z,1,20.49,15,OK,0.1
2026-02-15T14:37:51.708Z,2,20.46,16,OK,0.1
2026-02-15T14:37:51.759Z,1,20.51,17,OK,0.1
2026-02-15T14:37:51.809Z,1,20.46,18,OK,0.1
2026-02-15T14:37:52.013Z,2,47.08,15,OK,0.1
2026-02-15T14:37:52.660Z,15,162.40,5,SATURATED,0.4
2026-02-15T14:37:52.710Z,0,162.26,5,OK,0.4
2026-02-15T14:37:52.760Z,0,162.25,5,OK,0.4
2026-02-15T14:37:52.811Z,0,162.24,5,OK,0.4
2026-02-15T14:37:52.861Z,0,135.49,5,OK,0.4
2026-02-15T14:37:52.912Z,0,20.17,6,OK,0.1
2026-02-15T14:37:52.962Z,0,20.32,7,OK,0.1
2026-02-15T14:37:53.012Z,0,20.39,8,OK,0.1
2026-02-15T14:37:53.062Z,0,20.41,9,OK,0.1
2026-02-15T14:37:53.113Z,0,20.43,10,OK,0.1
2026-02-15T14:37:53.163Z,0,20.49,11,OK,0.1
2026-02-15T14:37:53.213Z,0,20.48,12,OK,0.1
2026-02-15T14:37:53.263Z,0,20.47,13,OK,0.1
2026-02-15T14:37:53.314Z,0,20.45,14,OK,0.1
2026-02-15T14:37:53.365Z,0,20.49,15,OK,0.1
2026-02-15T14:37:53.415Z,0,20.40,16,OK,0.1
2026-02-15T14:37:53.466Z,0,20.46,17,OK,0.1
2026-02-15T14:37:53.767Z,7,20.41,18,OK,0.1
2026-02-15T14:37:54.122Z,13,87.26,11,SATURATED,0.1
2026-02-15T14:37:54.173Z,0,87.18,5,OK,0.1
2026-02-15T14:37:54.224Z,0,87.20,5,OK,0.1
2026-02-15T14:37:54.274Z,0,87.12,5,OK,0.1
2026-02-15T14:37:54.324Z,0,87.03,5,OK,0.1
2026-02-15T14:37:54.375Z,0,20.24,6,OK,0.1
2026-02-15T14:37:54.424Z,0,20.34,7,OK,0.1
2026-02-15T14:37:54.475Z,0,20.33,8,OK,0.1
2026-02-15T14:37:54.526Z,0,20.37,9,OK,0.1
2026-02-15T14:37:54.577Z,0,20.48,10,OK,0.1
2026-02-15T14:37:54.628Z,0,20.42,11,OK,0.1
2026-02-15T14:37:54.678Z,0,20.35,12,OK,0.1
2026-02-15T14:37:54.729Z,0,20.40,13,OK,0.1
2026-02-15T14:37:54.778Z,1,20.35,14,OK,0.1
2026-02-15T14:37:54.828Z,1,20.31,15,OK,0.1
2026-02-15T14:37:54.879Z,1,20.39,16,OK,0.1
2026-02-15T14:37:54.930Z,1,20.38,17,OK,0.1
2026-02-15T14:37:55.359Z,17,59.08,13,SATURATED,0.1
2026-02-15T14:37:55.511Z,5,75.46,7,OK,0.1
2026-02-15T14:37:55.731Z,4,105.40,5,OK,0.1
2026-02-15T14:37:55.781Z,4,105.33,5,OK,0.1
2026-02-15T14:37:55.831Z,4,105.32,5,OK,0.1
2026-02-15T14:37:55.882Z,4,66.59,5,OK,0.1
2026-02-15T14:37:55.932Z,4,50.23,5,OK,0.1
2026-02-15T14:37:56.134Z,5,36.37,5,SATURATED,0.1
2026-02-15T14:37:56.185Z,4,36.36,5,OK,0.1
2026-02-15T14:37:56.338Z,4,52.92,5,OK,0.1
2026-02-15T14:37:56.563Z,4,83.85,5,OK,0.1
2026-02-15T14:37:56.784Z,5,114.01,5,SATURATED,0.1
2026-02-15T14:37:56.834Z,4,97.91,5,OK,0.1
2026-02-15T14:37:56.885Z,4,97.86,5,OK,0.1
2026-02-15T14:37:56.935Z,4,81.31,5,OK,0.1
2026-02-15T14:37:56.986Z,4,50.38,5,OK,0.1
2026-02-15T14:37:57.037Z,4,20.27,6,OK,0.1
2026-02-15T14:37:57.087Z,4,20.32,7,OK,0.1
2026-02-15T14:37:57.137Z,4,20.35,8,OK,0.1
2026-02-15T14:37:57.187Z,4,20.40,9,OK,0.1
2026-02-15T14:37:57.237Z,3,20.41,10,OK,0.1
2026-02-15T14:37:57.287Z,3,20.41,11,OK,0.1
2026-02-15T14:37:57.338Z,3,20.39,12,OK,0.1
2026-02-15T14:37:57.389Z,1,20.35,13,OK,0.1
2026-02-15T14:37:57.440Z,1,20.30,14,OK,0.1
2026-02-15T14:37:57.491Z,1,20.28,15,OK,0.1
2026-02-15T14:37:57.541Z,1,20.24,16,OK,0.1
2026-02-15T14:37:57.786Z,11,55.18,12,OK,0.1
2026-02-15T14:37:58.055Z,11,104.93,5,SATURATED,0.1
2026-02-15T14:37:58.105Z,5,104.93,5,SATURATED,0.1
2026-02-15T14:37:58.156Z,5,104.92,5,SATURATED,0.1
2026-02-15T14:37:58.205Z,5,104.91,5,SATURATED,0.1
2026-02-15T14:37:58.256Z,5,69.94,5,SATURATED,0.1
2026-02-15T14:37:58.306Z,5,20.23,6,OK,0.1
2026-02-15T14:37:58.357Z,5,20.23,7,OK,0.1
2026-02-15T14:37:58.408Z,7,20.23,8,OK,0.1
2026-02-15T14:37:58.458Z,7,20.24,9,OK,0.1
2026-02-15T14:37:58.508Z,7,20.27,10,OK,0.1
2026-02-15T14:37:58.559Z,7,20.30,11,OK,0.1
2026-02-15T14:37:58.750Z,7,53.97,8,OK,0.1
2026-02-15T14:37:58.915Z,6,53.93,5,SATURATED,0.1
2026-02-15T14:37:59.024Z,6,54.46,5,SATURATED,0.1
2026-02-15T14:37:59.139Z,6,63.40,5,SATURATED,0.1
2026-02-15T14:37:59.192Z,6,69.79,5,SATURATED,0.1
2026-02-15T14:37:59.242Z,6,36.14,5,SATURATED,0.1
2026-02-15T14:37:59.291Z,6,36.18,5,SATURATED,0.1
2026-02-15T14:37:59.342Z,6,35.64,5,SATURATED,0.1
2026-02-15T14:37:59.391Z,6,26.79,5,SATURATED,0.1
2026-02-15T14:37:59.442Z,6,20.36,6,SATURATED,0.1
2026-02-15T14:37:59.491Z,6,20.39,7,OK,0.1
2026-02-15T14:37:59.542Z,6,20.40,8,OK,0.1
2026-02-15T14:37:59.591Z,6,20.28,9,OK,0.1
2026-02-15T14:37:59.642Z,6,20.18,10,OK,0.1
2026-02-15T14:37:59.692Z,6,20.18,11,OK,0.1
2026-02-15T14:37:59.742Z,6,20.19,12,OK,0.1
2026-02-15T14:37:59.793Z,4,20.19,13,OK,0.1
2026-02-15T14:37:59.844Z,4,20.31,14,OK,0.1
2026-02-15T14:37:59.894Z,4,20.33,15,OK,0.1
2026-02-15T14:37:59.976Z,12,20.37,16,OK,0.1
2026-02-15T14:38:00.038Z,16,28.42,15,SATURATED,0.1
2026-02-15T14:38:00.210Z,15,48.76,12,SATURATED,0.1
2026-02-15T14:38:00.483Z,12,99.16,5,SATURATED,0.1
2026-02-15T14:38:00.534Z,7,99.12,5,SATURATED,0.1
2026-02-15T14:38:00.584Z,7,99.08,5,SATURATED,0.1
2026-02-15T14:38:00.635Z,7,90.94,5,SATURATED,0.1
2026-02-15T14:38:00.685Z,7,70.62,5,SATURATED,0.1
2026-02-15T14:38:00.736Z,7,20.24,6,SATURATED,0.1
2026-02-15T14:38:00.786Z,7,20.22,7,SATURATED,0.1
2026-02-15T14:38:00.837Z,7,20.18,8,OK,0.1
2026-02-15T14:38:00.888Z,7,20.29,9,OK,0.1
2026-02-15T14:38:01.108Z,7,20.52,10,OK,0.1
2026-02-15T14:38:01.159Z,7,24.78,11,OK,0.1
2026-02-15T14:38:01.214Z,10,25.12,10,SATURATED,0.1
2026-02-15T14:38:01.433Z,10,64.82,6,SATURATED,0.1
2026-02-15T14:38:01.488Z,9,61.70,5,SATURATED,0.1
2026-02-15T14:38:01.538Z,9,57.39,5,SATURATED,0.1
2026-02-15T14:38:01.588Z,9,53.11,5,SATURATED,0.1
2026-02-15T14:38:01.639Z,9,52.90,5,SATURATED,0.1
2026-02-15T14:38:01.689Z,9,13.24,6,SATURATED,0.1
2026-02-15T14:38:01.739Z,9,16.33,7,SATURATED,0.1
2026-02-15T14:38:01.789Z,8,20.47,8,SATURATED,0.1
2026-02-15T14:38:01.840Z,8,20.54,9,OK,0.1
2026-02-15T14:38:01.890Z,8,20.47,10,OK,0.1
2026-02-15T14:38:01.941Z,8,20.48,11,OK,0.1
2026-02-15T14:38:01.992Z,6,20.42,12,OK,0.1
2026-02-15T14:38:02.043Z,4,20.23,13,OK,0.1
2026-02-15T14:38:02.094Z,2,20.22,14,OK,0.1
2026-02-15T14:38:02.353Z,14,20.38,15,OK,0.1
2026-02-15T14:38:02.804Z,15,106.32,6,SATURATED,0.1
2026-02-15T14:38:02.970Z,6,125.49,5,SATURATED,0.4
2026-02-15T14:38:03.020Z,5,125.47,5,SATURATED,0.4
2026-02-15T14:38:03.071Z,5,125.35,5,SATURATED,0.4
2026-02-15T14:38:03.122Z,5,125.17,5,SATURATED,0.4
2026-02-15T14:38:03.173Z,5,39.35,5,SATURATED,0.1
2026-02-15T14:38:03.224Z,3,20.17,6,OK,0.1
2026-02-15T14:38:03.275Z,3,20.33,7,OK,0.1
2026-02-15T14:38:03.326Z,3,20.40,8,OK,0.1
2026-02-15T14:38:03.544Z,5,57.99,5,SATURATED,0.1
2026-02-15T14:38:03.594Z,3,57.89,5,OK,0.1
2026-02-15T14:38:03.644Z,3,57.94,5,OK,0.1
2026-02-15T14:38:03.694Z,3,57.92,5,OK,0.1
2026-02-15T14:38:03.745Z,3,57.91,5,OK,0.1
2026-02-15T14:38:03.799Z,5,20.78,6,OK,0.1
2026-02-15T14:38:03.857Z,6,25.53,5,SATURATED,0.1
2026-02-15T14:38:04.233Z,5,86.65,5,SATURATED,0.1
2026-02-15T14:38:04.324Z,5,90.79,5,SATURATED,0.1
2026-02-15T14:38:04.373Z,3,90.76,5,OK,0.1
2026-02-15T14:38:04.424Z,3,90.31,5,OK,0.1
2026-02-15T14:38:04.474Z,3,85.63,5,OK,0.1
2026-02-15T14:38:04.524Z,3,24.50,6,OK,0.1
2026-02-15T14:38:04.703Z,4,34.00,5,OK,0.1
2026-02-15T14:38:04.754Z,3,34.01,5,OK,0.1
2026-02-15T14:38:04.809Z,5,34.13,5,SATURATED,0.1
2026-02-15T14:38:04.861Z,5,34.57,5,SATURATED,0.1
2026-02-15T14:38:04.910Z,5,34.55,5,SATURATED,0.1
2026-02-15T14:38:04.961Z,5,20.97,6,OK,0.1
2026-02-15T14:38:05.011Z,5,20.98,7,OK,0.1
2026-02-15T14:38:05.062Z,5,20.86,8,OK,0.1
2026-02-15T14:38:05.111Z,5,20.39,9,OK,0.1
2026-02-15T14:38:05.162Z,5,20.43,10,OK,0.1
2026-02-15T14:38:05.212Z,5,20.30,11,OK,0.1
2026-02-15T14:38:05.447Z,7,61.45,7,SATURATED,0.1
2026-02-15T14:38:05.616Z,7,81.19,5,SATURATED,0.1
2026-02-15T14:38:05.666Z,5,81.15,5,SATURATED,0.1
2026-02-15T14:38:05.718Z,5,81.11,5,SATURATED,0.1
2026-02-15T14:38:05.768Z,5,81.14,5,SATURATED,0.1
2026-02-15T14:38:05.819Z,5,40.16,5,SATURATED,0.1
2026-02-15T14:38:05.869Z,5,20.80,6,OK,0.1
2026-02-15T14:38:05.920Z,6,20.79,7,OK,0.1
2026-02-15T14:38:05.970Z,6,20.78,8,OK,0.1
2026-02-15T14:38:06.021Z,6,21.00,9,OK,0.1
2026-02-15T14:38:06.072Z,6,20.80,10,OK,0.1
2026-02-15T14:38:06.123Z,6,20.42,11,OK,0.1
2026-02-15T14:38:06.173Z,6,20.43,12,OK,0.1
2026-02-15T14:38:06.227Z,5,20.48,13,OK,0.1
2026-02-15T14:38:06.278Z,4,20.42,14,OK,0.1
2026-02-15T14:38:06.329Z,4,20.49,15,OK,0.1
2026-02-15T14:38:06.380Z,4,20.52,16,OK,0.1
2026-02-15T14:38:06.430Z,4,20.53,17,OK,0.1
2026-02-15T14:38:06.641Z,4,48.65,14,OK,0.1
2026-02-15T14:38:07.185Z,14,153.26,5,SATURATED,0.4
2026-02-15T14:38:07.236Z,2,149.36,5,OK,0.4
2026-02-15T14:38:07.286Z,2,149.27,5,OK,0.4
2026-02-15T14:38:07.337Z,2,149.28,5,OK,0.4
2026-02-15T14:38:07.387Z,2,121.14,5,OK,0.1
2026-02-15T14:38:07.437Z,2,16.40,6,OK,0.1
2026-02-15T14:38:07.487Z,2,20.27,7,OK,0.1
2026-02-15T14:38:07.538Z,2,20.34,8,OK,0.1
2026-02-15T14:38:07.588Z,2,20.29,9,OK,0.1
2026-02-15T14:38:07.640Z,3,20.30,10,OK,0.1
2026-02-15T14:38:07.690Z,2,20.30,11,OK,0.1
2026-02-15T14:38:07.739Z,2,20.29,12,OK,0.1
2026-02-15T14:38:07.790Z,3,20.26,13,OK,0.1
2026-02-15T14:38:07.839Z,2,20.22,14,OK,0.1
2026-02-15T14:38:07.890Z,2,20.18,15,OK,0.1
2026-02-15T14:38:07.940Z,2,20.29,16,OK,0.1
2026-02-15T14:38:07.991Z,2,20.34,17,OK,0.1
2026-02-15T14:38:08.041Z,2,20.36,18,OK,0.1
2026-02-15T14:38:08.091Z,2,20.40,19,OK,0.1
2026-02-15T14:38:08.158Z,18,29.71,18,SATURATED,0.1
2026-02-15T14:38:08.738Z,18,131.55,5,SATURATED,0.4
2026-02-15T14:38:08.813Z,5,132.44,5,SATURATED,0.4
2026-02-15T14:38:08.863Z,3,132.40,5,OK,0.4
2026-02-15T14:38:08.914Z,3,132.39,5,OK,0.4
2026-02-15T14:38:08.964Z,3,123.22,5,OK,0.1
2026-02-15T14:38:09.014Z,3,21.22,6,OK,0.1
2026-02-15T14:38:09.065Z,3,20.16,7,OK,0.1
2026-02-15T14:38:09.115Z,3,20.30,8,OK,0.1
2026-02-15T14:38:09.165Z,5,20.62,9,OK,0.1
2026-02-15T14:38:09.652Z,4,110.60,5,OK,0.1
2026-02-15T14:38:09.703Z,5,106.80,5,SATURATED,0.1
2026-02-15T14:38:09.770Z,5,107.23,5,SATURATED,0.1
2026-02-15T14:38:09.830Z,5,110.51,5,SATURATED,0.1
2026-02-15T14:38:09.880Z,2,110.18,5,OK,0.1
2026-02-15T14:38:09.931Z,2,20.09,6,OK,0.1
2026-02-15T14:38:09.981Z,2,23.94,7,OK,0.1
2026-02-15T14:38:10.032Z,2,23.55,8,OK,0.1
2026-02-15T14:38:10.083Z,2,20.25,9,OK,0.1
2026-02-15T14:38:10.134Z,2,20.27,10,OK,0.1
2026-02-15T14:38:10.187Z,5,20.19,11,OK,0.1
2026-02-15T14:38:10.238Z,2,20.20,12,OK,0.1
2026-02-15T14:38:10.288Z,2,20.37,13,OK,0.1
2026-02-15T14:38:10.338Z,2,20.32,14,OK,0.1
2026-02-15T14:38:10.389Z,2,20.18,15,OK,0.1
2026-02-15T14:38:10.439Z,3,20.39,16,OK,0.1
2026-02-15T14:38:10.489Z,2,20.42,17,OK,0.1
2026-02-15T14:38:10.539Z,2,20.35,18,OK,0.1
2026-02-15T14:38:10.590Z,2,20.24,19,OK,0.1
2026-02-15T14:38:10.639Z,2,20.46,20,OK,0.1
2026-02-15T14:38:10.908Z,7,20.70,21,OK,0.1
2026-02-15T14:38:11.310Z,21,96.54,13,SATURATED,0.1
2026-02-15T14:38:11.360Z,2,96.63,5,OK,0.1
2026-02-15T14:38:11.411Z,2,96.71,5,OK,0.1
2026-02-15T14:38:11.460Z,2,96.63,5,OK,0.1
2026-02-15T14:38:11.510Z,2,96.26,5,OK,0.1
2026-02-15T14:38:11.561Z,2,20.38,6,OK,0.1
2026-02-15T14:38:11.611Z,2,20.24,7,OK,0.1
2026-02-15T14:38:11.845Z,3,20.32,8,OK,0.1
2026-02-15T14:38:11.896Z,2,20.29,9,OK,0.1
2026-02-15T14:38:12.062Z,2,47.31,6,OK,0.1
2026-02-15T14:38:12.112Z,3,47.27,5,OK,0.1
2026-02-15T14:38:12.162Z,3,47.46,5,OK,0.1
2026-02-15T14:38:12.213Z,3,47.43,5,OK,0.1
2026-02-15T14:38:12.270Z,5,51.96,5,SATURATED,0.1
2026-02-15T14:38:12.464Z,5,49.68,5,SATURATED,0.1
2026-02-15T14:38:12.690Z,5,80.87,5,SATURATED,0.1
2026-02-15T14:38:12.741Z,2,80.77,5,OK,0.1
2026-02-15T14:38:12.791Z,2,80.72,5,OK,0.1
2026-02-15T14:38:12.841Z,2,76.22,5,OK,0.1
2026-02-15T14:38:12.891Z,2,51.45,5,OK,0.1
2026-02-15T14:38:12.941Z,1,20.29,6,OK,0.1
2026-02-15T14:38:12.992Z,1,20.30,7,OK,0.1
2026-02-15T14:38:13.042Z,1,20.26,8,OK,0.1
2026-02-15T14:38:13.093Z,1,20.37,9,OK,0.1
2026-02-15T14:38:13.143Z,1,20.42,10,OK,0.1
2026-02-15T14:38:13.193Z,1,20.42,11,OK,0.1
2026-02-15T14:38:13.243Z,1,20.41,12,OK,0.1
2026-02-15T14:38:13.559Z,6,69.60,7,OK,0.1
2026-02-15T14:38:13.752Z,5,94.02,5,SATURATED,0.1
2026-02-15T14:38:13.803Z,4,90.13,5,OK,0.1
2026-02-15T14:38:13.853Z,2,90.13,5,OK,0.1
2026-02-15T14:38:13.903Z,2,90.08,5,OK,0.1
2026-02-15T14:38:14.142Z,2,40.94,5,OK,0.1
2026-02-15T14:38:14.193Z,1,16.34,6,OK,0.1
2026-02-15T14:38:14.243Z,1,20.20,7,OK,0.1
2026-02-15T14:38:14.294Z,1,20.16,8,OK,0.1
2026-02-15T14:38:14.344Z,1,20.21,9,OK,0.1
2026-02-15T14:38:14.395Z,1,20.21,10,OK,0.1
2026-02-15T14:38:14.445Z,1,20.30,11,OK,0.1
2026-02-15T14:38:14.496Z,1,20.29,12,OK,0.1
2026-02-15T14:38:14.545Z,1,20.34,13,OK,0.1
2026-02-15T14:38:14.596Z,1,20.32,14,OK,0.1
2026-02-15T14:38:14.647Z,1,20.33,15,OK,0.1
2026-02-15T14:38:14.697Z,1,20.24,16,OK,0.1
2026-02-15T14:38:14.755Z,11,21.60,17,OK,0.1
2026-02-15T14:38:14.807Z,16,17.94,18,OK,0.1
2026-02-15T14:38:15.108Z,18,64.09,14,SATURATED,0.1
2026-02-15T14:38:15.247Z,6,64.29,10,OK,0.1
2026-02-15T14:38:15.297Z,6,64.33,6,SATURATED,0.1
2026-02-15T14:38:15.348Z,6,63.03,5,SATURATED,0.1
2026-02-15T14:38:15.399Z,6,66.79,5,SATURATED,0.1
2026-02-15T14:38:15.449Z,6,20.68,6,SATURATED,0.1
2026-02-15T14:38:15.500Z,6,20.47,7,OK,0.1
2026-02-15T14:38:15.549Z,6,20.51,8,OK,0.1
2026-02-15T14:38:15.600Z,6,20.39,9,OK,0.1
2026-02-15T14:38:15.650Z,6,20.28,10,OK,0.1
2026-02-15T14:38:15.701Z,6,20.27,11,OK,0.1
2026-02-15T14:38:15.751Z,7,20.37,12,OK,0.1
2026-02-15T14:38:15.971Z,6,37.37,10,OK,0.1
2026-02-15T14:38:16.125Z,10,54.20,7,SATURATED,0.1
2026-02-15T14:38:16.197Z,8,54.55,5,SATURATED,0.1
2026-02-15T14:38:16.248Z,8,54.47,5,SATURATED,0.1
2026-02-15T14:38:16.297Z,8,54.24,5,SATURATED,0.1
2026-02-15T14:38:16.347Z,8,37.24,5,SATURATED,0.1
2026-02-15T14:38:16.398Z,8,20.47,6,SATURATED,0.1
2026-02-15T14:38:16.448Z,8,20.10,7,SATURATED,0.1
2026-02-15T14:38:16.499Z,8,20.18,8,SATURATED,0.1
2026-02-15T14:38:16.549Z,8,20.36,9,OK,0.1
2026-02-15T14:38:16.600Z,8,20.26,10,OK,0.1
2026-02-15T14:38:16.649Z,8,20.27,11,OK,0.1
2026-02-15T14:38:16.700Z,8,20.31,12,OK,0.1
2026-02-15T14:38:16.751Z,7,20.46,13,OK,0.1
2026-02-15T14:38:16.802Z,6,20.48,14,OK,0.1
2026-02-15T14:38:16.853Z,6,20.46,15,OK,0.1
2026-02-15T14:38:16.903Z,6,20.47,16,OK,0.1
2026-02-15T14:38:16.952Z,6,20.49,17,OK,0.1
2026-02-15T14:38:17.003Z,3,20.48,18,OK,0.1
2026-02-15T14:38:17.053Z,3,20.28,19,OK,0.1
2026-02-15T14:38:17.103Z,3,20.34,20,OK,0.1
2026-02-15T14:38:17.292Z,6,44.10,18,OK,0.1
2026-02-15T14:38:17.469Z,16,75.33,12,SATURATED,0.1
2026-02-15T14:38:17.519Z,5,75.14,6,OK,0.1
2026-02-15T14:38:17.569Z,4,75.25,5,OK,0.1
2026-02-15T14:38:17.620Z,4,75.24,5,OK,0.1
2026-02-15T14:38:17.670Z,4,51.63,5,OK,0.1
2026-02-15T14:38:17.721Z,4,20.24,6,OK,0.1
2026-02-15T14:38:17.771Z,6,20.28,7,OK,0.1
2026-02-15T14:38:17.821Z,6,20.34,8,OK,0.1
2026-02-15T14:38:17.871Z,6,20.39,9,OK,0.1
2026-02-15T14:38:17.920Z,6,20.26,10,OK,0.1
2026-02-15T14:38:17.970Z,6,20.42,11,OK,0.1
2026-02-15T14:38:18.020Z,4,20.38,12,OK,0.1
2026-02-15T14:38:18.071Z,4,20.35,13,OK,0.1
2026-02-15T14:38:18.121Z,4,20.30,14,OK,0.1
2026-02-15T14:38:18.172Z,4,20.31,15,OK,0.1
2026-02-15T14:38:18.222Z,4,20.29,16,OK,0.1
2026-02-15T14:38:18.273Z,4,20.34,17,OK,0.1
2026-02-15T14:38:18.323Z,4,20.36,18,OK,0.1
2026-02-15T14:38:18.373Z,4,20.29,19,OK,0.1
2026-02-15T14:38:18.423Z,4,20.42,20,OK,0.1
2026-02-15T14:38:18.681Z,6,42.07,18,OK,0.1
2026-02-15T14:38:19.126Z,18,116.99,8,SATURATED,0.1
2026-02-15T14:38:19.175Z,7,117.11,5,SATURATED,0.1
2026-02-15T14:38:19.226Z,7,117.25,5,SATURATED,0.1
2026-02-15T14:38:19.276Z,7,117.10,5,SATURATED,0.1
2026-02-15T14:38:19.327Z,7,95.32,5,SATURATED,0.1
2026-02-15T14:38:19.377Z,7,20.37,6,SATURATED,0.1
2026-02-15T14:38:19.428Z,7,20.20,7,SATURATED,0.1
2026-02-15T14:38:19.479Z,5,20.24,8,OK,0.1
2026-02-15T14:38:19.529Z,5,20.26,9,OK,0.1
2026-02-15T14:38:19.579Z,5,20.41,10,OK,0.1
2026-02-15T14:38:19.630Z,5,20.45,11,OK,0.1
2026-02-15T14:38:19.680Z,5,20.47,12,OK,0.1
2026-02-15T14:38:19.731Z,6,20.42,13,OK,0.1
2026-02-15T14:38:19.781Z,4,20.34,14,OK,0.1
2026-02-15T14:38:19.830Z,4,20.28,15,OK,0.1
2026-02-15T14:38:19.881Z,4,20.30,16,OK,0.1
2026-02-15T14:38:19.932Z,4,20.27,17,OK,0.1
2026-02-15T14:38:19.983Z,4,20.26,18,OK,0.1
2026-02-15T14:38:20.033Z,4,20.14,19,OK,0.1
2026-02-15T14:38:20.091Z,11,20.99,20,OK,0.1
2026-02-15T14:38:20.146Z,19,17.88,21,OK,0.1
2026-02-15T14:38:20.454Z,21,65.43,16,SATURATED,0.1
2026-02-15T14:38:20.504Z,7,65.39,11,OK,0.1
2026-02-15T14:38:20.554Z,7,65.55,6,SATURATED,0.1
2026-02-15T14:38:20.604Z,7,64.73,5,SATURATED,0.1
2026-02-15T14:38:20.655Z,7,67.79,5,SATURATED,0.1
2026-02-15T14:38:20.705Z,7,20.21,6,SATURATED,0.1
2026-02-15T14:38:20.754Z,7,20.24,7,SATURATED,0.1
2026-02-15T14:38:20.805Z,7,20.26,8,OK,0.1
2026-02-15T14:38:20.855Z,7,20.25,9,OK,0.1
2026-02-15T14:38:20.905Z,6,20.21,10,OK,0.1
2026-02-15T14:38:20.955Z,6,20.23,11,OK,0.1
2026-02-15T14:38:21.005Z,6,20.24,12,OK,0.1
2026-02-15T14:38:21.056Z,4,20.34,13,OK,0.1
2026-02-15T14:38:21.201Z,4,30.01,12,OK,0.1
2026-02-15T14:38:21.251Z,6,30.07,11,OK,0.1
2026-02-15T14:38:21.302Z,6,30.12,10,OK,0.1
2026-02-15T14:38:21.353Z,6,30.07,9,OK,0.1
2026-02-15T14:38:21.404Z,6,29.96,8,OK,0.1
2026-02-15T14:38:21.455Z,8,20.29,9,OK,0.1
2026-02-15T14:38:21.506Z,8,20.25,10,OK,0.1
2026-02-15T14:38:21.556Z,8,20.26,11,OK,0.1
2026-02-15T14:38:21.606Z,8,20.26,12,OK,0.1
2026-02-15T14:38:21.655Z,8,20.30,13,OK,0.1
2026-02-15T14:38:21.706Z,7,20.39,14,OK,0.1
2026-02-15T14:38:21.756Z,7,20.41,15,OK,0.1
2026-02-15T14:38:21.912Z,7,37.50,13,OK,0.1
2026-02-15T14:38:21.963Z,7,37.46,11,OK,0.1
2026-02-15T14:38:22.012Z,7,37.36,9,OK,0.1
2026-02-15T14:38:22.064Z,9,37.26,7,SATURATED,0.1
2026-02-15T14:38:22.114Z,5,37.19,5,SATURATED,0.1
2026-02-15T14:38:22.165Z,4,20.06,6,OK,0.1
2026-02-15T14:38:22.217Z,5,20.18,7,OK,0.1
2026-02-15T14:38:22.266Z,4,20.34,8,OK,0.1
2026-02-15T14:38:22.317Z,4,20.36,9,OK,0.1
2026-02-15T14:38:22.367Z,4,20.45,10,OK,0.1
2026-02-15T14:38:22.419Z,4,20.52,11,OK,0.1
2026-02-15T14:38:22.623Z,5,47.23,8,OK,0.1
2026-02-15T14:38:22.756Z,8,69.70,5,SATURATED,0.1
2026-02-15T14:38:22.807Z,4,69.69,5,OK,0.1
2026-02-15T14:38:22.857Z,4,69.73,5,OK,0.1
2026-02-15T14:38:22.908Z,4,69.75,5,OK,0.1
2026-02-15T14:38:22.959Z,4,42.95,5,OK,0.1
2026-02-15T14:38:23.010Z,4,20.33,6,OK,0.1
2026-02-15T14:38:23.060Z,4,20.33,7,OK,0.1
2026-02-15T14:38:23.111Z,5,20.33,8,OK,0.1
2026-02-15T14:38:23.160Z,5,20.25,9,OK,0.1
2026-02-15T14:38:23.211Z,5,20.35,10,OK,0.1
2026-02-15T14:38:23.261Z,3,20.69,11,OK,0.1
2026-02-15T14:38:23.312Z,3,20.67,12,OK,0.1
2026-02-15T14:38:23.362Z,3,20.64,13,OK,0.1
2026-02-15T14:38:23.413Z,3,20.63,14,OK,0.1
2026-02-15T14:38:23.464Z,1,20.72,15,OK,0.1
2026-02-15T14:38:23.514Z,1,20.47,16,OK,0.1
2026-02-15T14:38:23.565Z,1,20.49,17,OK,0.1
2026-02-15T14:38:23.616Z,1,20.49,18,OK,0.1
2026-02-15T14:38:23.666Z,1,20.46,19,OK,0.1
2026-02-15T14:38:23.717Z,1,20.31,20,OK,0.1
2026-02-15T14:38:23.966Z,2,20.33,21,OK,0.1
2026-02-15T14:38:24.017Z,3,20.20,22,OK,0.1
2026-02-15T14:38:24.067Z,3,20.33,23,OK,0.1
2026-02-15T14:38:24.204Z,3,33.70,22,OK,0.1
2026-02-15T14:38:24.254Z,3,33.73,21,OK,0.1
2026-02-15T14:38:24.305Z,3,33.67,20,OK,0.1
2026-02-15T14:38:24.356Z,3,33.82,19,OK,0.1
2026-02-15T14:38:24.407Z,3,33.70,18,OK,0.1
2026-02-15T14:38:24.456Z,3,20.39,19,OK,0.1
2026-02-15T14:38:24.507Z,3,20.39,20,OK,0.1
2026-02-15T14:38:24.558Z,3,20.41,21,OK,0.1
2026-02-15T14:38:24.608Z,3,20.40,22,OK,0.1
2026-02-15T14:38:24.659Z,4,20.37,23,OK,0.1
2026-02-15T14:38:24.710Z,4,20.40,24,OK,0.1
2026-02-15T14:38:24.760Z,4,20.41,25,OK,0.1
2026-02-15T14:38:24.811Z,4,20.41,26,OK,0.1
2026-02-15T14:38:24.861Z,4,20.41,27,OK,0.1
2026-02-15T14:38:24.911Z,4,20.44,28,OK,0.1
2026-02-15T14:38:24.962Z,4,20.40,29,OK,0.1
2026-02-15T14:38:25.011Z,4,20.39,30,OK,0.1
2026-02-15T14:38:25.062Z,4,20.37,31,OK,0.1
2026-02-15T14:38:25.112Z,3,20.25,32,OK,0.1
2026-02-15T14:38:25.162Z,3,20.27,33,OK,0.1
2026-02-15T14:38:25.213Z,3,20.24,34,OK,0.1
2026-02-15T14:38:25.263Z,3,20.22,35,OK,0.1
2026-02-15T14:38:25.314Z,3,20.21,36,OK,0.1
2026-02-15T14:38:25.364Z,3,20.30,37,OK,0.1
2026-02-15T14:38:25.414Z,3,20.31,38,OK,0.1
2026-02-15T14:38:25.463Z,3,20.23,39,OK,0.1
2026-02-15T14:38:25.514Z,3,20.21,40,OK,0.1
2026-02-15T14:38:25.564Z,3,20.21,41,OK,0.1
2026-02-15T14:38:25.615Z,3,20.21,42,OK,0.1
2026-02-15T14:38:25.664Z,3,20.15,43,OK,0.1
2026-02-15T14:38:25.714Z,3,20.23,44,OK,0.1
2026-02-15T14:38:25.765Z,3,20.24,45,OK,0.1
2026-02-15T14:38:25.815Z,3,20.25,46,OK,0.1
2026-02-15T14:38:25.865Z,3,20.35,47,OK,0.1
2026-02-15T14:38:25.916Z,3,20.30,48,OK,0.1
2026-02-15T14:38:25.966Z,3,20.28,49,OK,0.1
2026-02-15T14:38:26.022Z,1,20.51,50,OK,0.1
2026-02-15T14:38:26.072Z,1,21.15,50,OK,0.1
2026-02-15T14:38:26.122Z,1,21.04,50,OK,0.1
2026-02-15T14:38:26.173Z,1,21.09,50,OK,0.1
2026-02-15T14:38:26.222Z,1,21.05,50,OK,0.1
2026-02-15T14:38:26.273Z,1,20.80,50,OK,0.1
2026-02-15T14:38:26.322Z,1,20.16,50,OK,0.1
2026-02-15T14:38:26.372Z,1,20.18,50,OK,0.1
2026-02-15T14:38:26.423Z,1,20.04,50,OK,0.1
2026-02-15T14:38:26.472Z,1,20.01,50,OK,0.1
2026-02-15T14:38:26.523Z,1,20.01,50,OK,0.1
2026-02-15T14:38:26.573Z,1,20.00,50,OK,0.1
2026-02-15T14:38:26.624Z,1,19.95,50,OK,0.1
2026-02-15T14:38:26.675Z,0,20.09,50,OK,0.1
2026-02-15T14:38:26.725Z,0,20.18,50,OK,0.1
2026-02-15T14:38:26.775Z,0,20.18,50,OK,0.1
2026-02-15T14:38:26.826Z,0,20.17,50,OK,0.1
2026-02-15T14:38:26.876Z,0,20.22,50,OK,0.1
2026-02-15T14:38:26.926Z,0,20.21,50,OK,0.1
2026-02-15T14:38:26.977Z,0,20.20,50,OK,0.1
2026-02-15T14:38:27.028Z,0,20.29,50,OK,0.1
2026-02-15T14:38:27.078Z,0,20.30,50,OK,0.1
2026-02-15T14:38:27.128Z,0,20.29,50,OK,0.1
2026-02-15T14:38:27.179Z,0,20.28,50,OK,0.1
2026-02-15T14:38:27.228Z,0,20.32,50,OK,0.1
2026-02-15T14:38:27.278Z,0,20.22,50,OK,0.1
2026-02-15T14:38:27.329Z,0,20.25,50,OK,0.1
2026-02-15T14:38:27.379Z,0,20.27,50,OK,0.1
2026-02-15T14:38:27.430Z,0,20.33,50,OK,0.1
2026-02-15T14:38:27.480Z,0,20.30,50,OK,0.1
2026-02-15T14:38:27.530Z,0,20.25,50,OK,0.1
2026-02-15T14:38:27.581Z,0,20.23,50,OK,0.1
2026-02-15T14:38:27.631Z,0,20.25,50,OK,0.1
2026-02-15T14:38:27.682Z,0,20.21,50,OK,0.1
2026-02-15T14:38:27.733Z,0,20.24,50,OK,0.1
2026-02-15T14:38:27.783Z,0,20.26,50,OK,0.1
2026-02-15T14:38:27.833Z,0,20.28,50,OK,0.1
2026-02-15T14:38:27.884Z,0,20.27,50,OK,0.1
2026-02-15T14:38:27.933Z,0,20.21,50,OK,0.1
2026-02-15T14:38:27.984Z,0,20.17,50,OK,0.1
2026-02-15T14:38:28.034Z,0,20.26,50,OK,0.1
2026-02-15T14:38:28.085Z,0,20.22,50,OK,0.1
2026-02-15T14:38:28.136Z,0,20.27,50,OK,0.1
2026-02-15T14:38:28.186Z,0,20.32,50,OK,0.1
2026-02-15T14:38:28.237Z,0,20.30,50,OK,0.1
2026-02-15T14:38:28.286Z,0,20.26,50,OK,0.1
2026-02-15T14:38:28.336Z,0,20.23,50,OK,0.1
2026-02-15T14:38:28.386Z,0,20.17,50,OK,0.1
2026-02-15T14:38:28.436Z,0,20.13,50,OK,0.1
2026-02-15T14:38:28.603Z,0,20.19,50,OK,0.1
2026-02-15T14:38:28.653Z,0,20.14,50,OK,0.1
2026-02-15T14:38:28.704Z,0,20.18,50,OK,0.1
2026-02-15T14:38:28.755Z,0,20.15,50,OK,0.1
2026-02-15T14:38:28.806Z,0,20.26,50,OK,0.1
2026-02-15T14:38:28.856Z,0,20.22,50,OK,0.1
2026-02-15T14:38:28.906Z,0,20.29,50,OK,0.1
2026-02-15T14:38:28.956Z,0,20.30,50,OK,0.1
2026-02-15T14:38:29.006Z,0,20.32,50,OK,0.1
2026-02-15T14:38:29.057Z,0,20.27,50,OK,0.1
2026-02-15T14:38:29.106Z,0,20.26,50,OK,0.1
2026-02-15T14:38:29.156Z,0,20.23,50,OK,0.1
2026-02-15T14:38:29.207Z,0,20.22,50,OK,0.1
2026-02-15T14:38:29.256Z,0,20.22,50,OK,0.1
2026-02-15T14:38:29.307Z,0,20.21,50,OK,0.1
2026-02-15T14:38:29.358Z,0,20.14,50,OK,0.1
2026-02-15T14:38:29.407Z,0,20.16,50,OK,0.1
2026-02-15T14:38:29.457Z,0,20.18,50,OK,0.1
2026-02-15T14:38:29.508Z,0,20.20,50,OK,0.1
2026-02-15T14:38:29.557Z,0,20.24,50,OK,0.1
2026-02-15T14:38:29.608Z,0,20.32,50,OK,0.1
2026-02-15T14:38:29.658Z,0,20.31,50,OK,0.1
2026-02-15T14:38:29.708Z,0,20.30,50,OK,0.1
2026-02-15T14:38:29.759Z,0,20.30,50,OK,0.1
2026-02-15T14:38:29.808Z,0,20.29,50,OK,0.1
2026-02-15T14:38:29.858Z,0,20.31,50,OK,0.1
2026-02-15T14:38:29.909Z,0,20.37,50,OK,0.1
2026-02-15T14:38:29.960Z,0,20.35,50,OK,0.1
2026-02-15T14:38:30.011Z,0,20.35,50,OK,0.1
2026-02-15T14:38:30.062Z,0,20.30,50,OK,0.1
2026-02-15T14:38:30.111Z,0,20.29,50,OK,0.1
2026-02-15T14:38:30.161Z,0,20.24,50,OK,0.1
2026-02-15T14:38:30.212Z,0,20.28,50,OK,0.1
2026-02-15T14:38:30.263Z,0,20.27,50,OK,0.1
2026-02-15T14:38:30.313Z,0,20.29,50,OK,0.1
2026-02-15T14:38:30.364Z,0,20.33,50,OK,0.1
2026-02-15T14:38:30.414Z,0,20.33,50,OK,0.1
2026-02-15T14:38:30.464Z,0,20.29,50,OK,0.1
2026-02-15T14:38:30.514Z,0,20.29,50,OK,0.1
2026-02-15T14:38:30.565Z,0,20.31,50,OK,0.1
2026-02-15T14:38:30.614Z,0,20.32,50,OK,0.1
2026-02-15T14:38:30.665Z,0,20.33,50,OK,0.1
2026-02-15T14:38:30.716Z,0,20.36,50,OK,0.1
2026-02-15T14:38:30.766Z,0,20.40,50,OK,0.1
2026-02-15T14:38:30.817Z,0,20.41,50,OK,0.1
2026-02-15T14:38:30.867Z,0,20.40,50,OK,0.1
2026-02-15T14:38:30.917Z,0,20.41,50,OK,0.1
2026-02-15T14:38:30.968Z,0,20.39,50,OK,0.1
2026-02-15T14:38:31.018Z,0,20.34,50,OK,0.1
2026-02-15T14:38:31.069Z,0,20.32,50,OK,0.1
2026-02-15T14:38:31.120Z,0,20.26,50,OK,0.1
2026-02-15T14:38:31.170Z,0,20.27,50,OK,0.1
2026-02-15T14:38:31.221Z,0,20.28,50,OK,0.1
2026-02-15T14:38:31.272Z,0,20.30,50,OK,0.1
2026-02-15T14:38:31.323Z,0,20.32,50,OK,0.1
2026-02-15T14:38:31.373Z,0,20.37,50,OK,0.1
2026-02-15T14:38:31.424Z,0,20.46,50,OK,0.1
2026-02-15T14:38:31.474Z,0,20.44,50,OK,0.1
2026-02-15T14:38:31.525Z,0,20.41,50,OK,0.1
2026-02-15T14:38:31.575Z,0,20.38,50,OK,0.1
2026-02-15T14:38:31.624Z,0,20.44,50,OK,0.1
2026-02-15T14:38:31.675Z,0,20.34,50,OK,0.1
2026-02-15T14:38:31.725Z,0,20.29,50,OK,0.1
2026-02-15T14:38:31.774Z,0,20.35,50,OK,0.1
2026-02-15T14:38:31.825Z,0,20.39,50,OK,0.1
2026-02-15T14:38:31.876Z,0,20.32,50,OK,0.1
2026-02-15T14:38:31.927Z,0,20.35,50,OK,0.1
2026-02-15T14:38:31.978Z,0,20.38,50,OK,0.1
2026-02-15T14:38:32.028Z,0,20.38,50,OK,0.1
2026-02-15T14:38:32.079Z,0,20.32,50,OK,0.1
2026-02-15T14:38:32.129Z,0,20.35,50,OK,0.1
2026-02-15T14:38:32.179Z,0,20.28,50,OK,0.1
2026-02-15T14:38:32.230Z,0,20.32,50,OK,0.1
2026-02-15T14:38:32.279Z,0,20.31,50,OK,0.1
2026-02-15T14:38:32.329Z,0,20.38,50,OK,0.1
2026-02-15T14:38:32.380Z,0,20.40,50,OK,0.1
2026-02-15T14:38:32.429Z,0,20.42,50,OK,0.1
2026-02-15T14:38:32.480Z,0,20.41,50,OK,0.1
2026-02-15T14:38:32.531Z,0,20.41,50,OK,0.1
2026-02-15T14:38:32.582Z,0,20.35,50,OK,0.1
2026-02-15T14:38:32.633Z,0,20.29,50,OK,0.1
2026-02-15T14:38:32.684Z,0,20.32,50,OK,0.1
2026-02-15T14:38:32.734Z,0,20.27,50,OK,0.1
2026-02-15T14:38:32.785Z,0,20.12,50,OK,0.1
2026-02-15T14:38:32.835Z,0,20.13,50,OK,0.1
2026-02-15T14:38:32.885Z,0,20.18,50,OK,0.1
2026-02-15T14:38:32.935Z,0,20.17,50,OK,0.1
2026-02-15T14:38:32.986Z,0,20.17,50,OK,0.1
2026-02-15T14:38:33.035Z,0,20.29,50,OK,0.1
2026-02-15T14:38:33.085Z,0,20.27,50,OK,0.1
2026-02-15T14:38:33.135Z,0,20.24,50,OK,0.1
2026-02-15T14:38:33.185Z,0,20.21,50,OK,0.1
2026-02-15T14:38:33.236Z,0,20.28,50,OK,0.1
2026-02-15T14:38:33.285Z,0,20.28,50,OK,0.1
2026-02-15T14:38:33.335Z,0,20.14,50,OK,0.1
2026-02-15T14:38:33.386Z,0,20.13,50,OK,0.1
2026-02-15T14:38:33.436Z,0,20.17,50,OK,0.1
2026-02-15T14:38:33.487Z,0,20.14,50,OK,0.1
2026-02-15T14:38:33.537Z,0,20.22,50,OK,0.1
2026-02-15T14:38:33.588Z,0,20.37,50,OK,0.1
2026-02-15T14:38:33.638Z,0,20.46,50,OK,0.1
2026-02-15T14:38:33.689Z,0,20.43,50,OK,0.1
2026-02-15T14:38:33.739Z,0,20.29,50,OK,0.1
2026-02-15T14:38:33.790Z,0,20.24,50,OK,0.1
2026-02-15T14:38:33.840Z,0,20.35,50,OK,0.1
2026-02-15T14:38:33.890Z,0,20.27,50,OK,0.1
2026-02-15T14:38:33.941Z,0,20.18,50,OK,0.1
2026-02-15T14:38:33.991Z,0,20.31,50,OK,0.1
2026-02-15T14:38:34.042Z,0,20.34,50,OK,0.1
2026-02-15T14:38:34.092Z,0,20.24,50,OK,0.1
2026-02-15T14:38:34.142Z,0,20.28,50,OK,0.1
2026-02-15T14:38:34.193Z,0,20.39,50,OK,0.1
2026-02-15T14:38:34.244Z,0,20.49,50,OK,0.1
2026-02-15T14:38:34.294Z,0,20.45,50,OK,0.1
2026-02-15T14:38:34.344Z,0,20.49,50,OK,0.1
2026-02-15T14:38:34.395Z,0,20.46,50,OK,0.1
2026-02-15T14:38:34.445Z,0,20.39,50,OK,0.1
2026-02-15T14:38:34.497Z,0,20.33,50,OK,0.1
2026-02-15T14:38:34.547Z,0,20.38,50,OK,0.1
2026-02-15T14:38:34.597Z,0,20.35,50,OK,0.1
2026-02-15T14:38:34.646Z,0,20.35,50,OK,0.1
2026-02-15T14:38:34.696Z,0,20.42,50,OK,0.1
2026-02-15T14:38:34.746Z,0,20.33,50,OK,0.1
2026-02-15T14:38:34.796Z,0,20.23,50,OK,0.1
2026-02-15T14:38:34.847Z,0,20.32,50,OK,0.1
2026-02-15T14:38:34.897Z,0,20.32,50,OK,0.1
2026-02-15T14:38:34.948Z,0,20.36,50,OK,0.1
2026-02-15T14:38:34.998Z,0,20.31,50,OK,0.1
2026-02-15T14:38:35.048Z,0,20.42,50,OK,0.1
2026-02-15T14:38:35.099Z,0,20.23,50,OK,0.1
2026-02-15T14:38:35.150Z,0,20.29,50,OK,0.1
2026-02-15T14:38:35.201Z,0,20.23,50,OK,0.1
2026-02-15T14:38:35.252Z,0,20.28,50,OK,0.1
2026-02-15T14:38:35.301Z,0,20.19,50,OK,0.1
2026-02-15T14:38:35.352Z,0,20.36,50,OK,0.1
2026-02-15T14:38:35.403Z,0,20.31,50,OK,0.1
2026-02-15T14:38:35.454Z,0,20.26,50,OK,0.1
2026-02-15T14:38:35.504Z,0,20.30,50,OK,0.1
2026-02-15T14:38:35.555Z,0,20.24,50,OK,0.1
2026-02-15T14:38:35.605Z,0,20.10,50,OK,0.1
2026-02-15T14:38:35.655Z,0,20.03,50,OK,0.1
2026-02-15T14:38:35.706Z,0,20.10,50,OK,0.1
2026-02-15T14:38:35.755Z,0,20.22,50,OK,0.1
2026-02-15T14:38:35.806Z,0,20.30,50,OK,0.1
2026-02-15T14:38:35.856Z,0,20.43,50,OK,0.1
2026-02-15T14:38:35.906Z,0,20.45,50,OK,0.1
2026-02-15T14:38:35.956Z,0,20.28,50,OK,0.1
2026-02-15T14:38:36.007Z,0,20.16,50,OK,0.1
2026-02-15T14:38:36.057Z,0,20.23,50,OK,0.1
2026-02-15T14:38:36.108Z,0,20.15,50,OK,0.1
2026-02-15T14:38:36.158Z,0,20.07,50,OK,0.1
2026-02-15T14:38:36.208Z,0,20.27,50,OK,0.1
2026-02-15T14:38:36.259Z,0,20.21,50,OK,0.1
2026-02-15T14:38:36.309Z,0,20.15,50,OK,0.1
2026-02-15T14:38:36.360Z,0,20.25,50,OK,0.1
2026-02-15T14:38:36.411Z,0,20.34,50,OK,0.1
2026-02-15T14:38:36.460Z,0,20.42,50,OK,0.1
2026-02-15T14:38:36.510Z,0,20.51,50,OK,0.1
2026-02-15T14:38:36.561Z,0,20.41,50,OK,0.1
2026-02-15T14:38:36.612Z,0,20.36,50,OK,0.1
2026-02-15T14:38:36.662Z,0,20.27,50,OK,0.1
2026-02-15T14:38:36.711Z,0,20.15,50,OK,0.1
2026-02-15T14:38:36.762Z,0,20.13,50,OK,0.1
2026-02-15T14:38:36.811Z,0,20.25,50,OK,0.1
2026-02-15T14:38:36.862Z,0,20.22,50,OK,0.1
2026-02-15T14:38:36.913Z,0,20.34,50,OK,0.1
2026-02-15T14:38:36.962Z,0,20.37,50,OK,0.1
2026-02-15T14:38:37.012Z,0,20.42,50,OK,0.1
2026-02-15T14:38:37.063Z,0,20.46,50,OK,0.1
2026-02-15T14:38:37.113Z,0,20.49,50,OK,0.1
2026-02-15T14:38:37.163Z,0,20.61,50,OK,0.1
2026-02-15T14:38:37.213Z,0,20.57,50,OK,0.1
2026-02-15T14:38:37.264Z,0,20.58,50,OK,0.1
2026-02-15T14:38:37.314Z,0,20.57,50,OK,0.1
2026-02-15T14:38:37.364Z,0,20.65,50,OK,0.1
2026-02-15T14:38:37.415Z,0,20.50,50,OK,0.1
2026-02-15T14:38:37.466Z,0,20.38,50,OK,0.1
2026-02-15T14:38:37.515Z,0,20.32,50,OK,0.1
2026-02-15T14:38:37.566Z,0,20.34,50,OK,0.1
2026-02-15T14:38:37.615Z,0,20.23,50,OK,0.1
2026-02-15T14:38:37.666Z,0,20.14,50,OK,0.1
2026-02-15T14:38:37.716Z,0,20.28,50,OK,0.1
2026-02-15T14:38:37.766Z,0,20.36,50,OK,0.1
2026-02-15T14:38:37.817Z,0,20.30,50,OK,0.1
2026-02-15T14:38:37.867Z,0,20.40,50,OK,0.1
2026-02-15T14:38:37.917Z,0,20.50,50,OK,0.1
2026-02-15T14:38:37.967Z,0,20.49,50,OK,0.1
2026-02-15T14:38:38.017Z,0,20.41,50,OK,0.1
2026-02-15T14:38:38.068Z,0,20.46,50,OK,0.1
2026-02-15T14:38:38.118Z,0,20.39,50,OK,0.1
2026-02-15T14:38:38.168Z,0,20.32,50,OK,0.1
2026-02-15T14:38:38.219Z,0,20.39,50,OK,0.1
2026-02-15T14:38:38.268Z,0,20.36,50,OK,0.1
2026-02-15T14:38:38.319Z,0,20.31,50,OK,0.1
2026-02-15T14:38:38.369Z,0,20.33,50,OK,0.1
2026-02-15T14:38:38.418Z,0,20.42,50,OK,0.1
2026-02-15T14:38:38.468Z,0,20.49,50,OK,0.1
2026-02-15T14:38:38.518Z,0,20.58,50,OK,0.1
2026-02-15T14:38:38.569Z,0,20.49,50,OK,0.1
2026-02-15T14:38:38.619Z,0,20.47,50,OK,0.1
2026-02-15T14:38:38.670Z,0,20.33,50,OK,0.1
2026-02-15T14:38:38.719Z,0,20.25,50,OK,0.1
2026-02-15T14:38:38.769Z,0,20.26,50,OK,0.1
2026-02-15T14:38:38.820Z,0,20.32,50,OK,0.1
2026-02-15T14:38:38.869Z,0,20.37,50,OK,0.1
2026-02-15T14:38:38.919Z,0,20.47,50,OK,0.1
2026-02-15T14:38:38.969Z,0,20.54,50,OK,0.1
2026-02-15T14:38:39.019Z,0,20.45,50,OK,0.1
2026-02-15T14:38:39.070Z,0,20.32,50,OK,0.1
2026-02-15T14:38:39.120Z,0,20.29,50,OK,0.1
2026-02-15T14:38:39.171Z,0,20.20,50,OK,0.1
2026-02-15T14:38:39.221Z,0,20.09,50,OK,0.1
2026-02-15T14:38:39.272Z,0,20.13,50,OK,0.1
2026-02-15T14:38:39.323Z,0,20.23,50,OK,0.1
2026-02-15T14:38:39.374Z,0,20.14,50,OK,0.1
2026-02-15T14:38:39.424Z,0,20.25,50,OK,0.1
2026-02-15T14:38:39.474Z,0,20.25,50,OK,0.1
2026-02-15T14:38:39.525Z,0,20.24,50,OK,0.1
2026-02-15T14:38:39.576Z,0,20.24,50,OK,0.1
2026-02-15T14:38:39.627Z,0,20.33,50,OK,0.1
2026-02-15T14:38:39.677Z,0,20.21,50,OK,0.1
2026-02-15T14:38:39.727Z,0,20.22,50,OK,0.1
2026-02-15T14:38:39.778Z,0,20.22,50,OK,0.1
2026-02-15T14:38:39.828Z,0,20.23,50,OK,0.1
2026-02-15T14:38:39.878Z,0,20.18,50,OK,0.1
2026-02-15T14:38:39.929Z,0,20.30,50,OK,0.1
2026-02-15T14:38:39.980Z,0,20.24,50,OK,0.1
2026-02-15T14:38:40.030Z,0,20.22,50,OK,0.1
2026-02-15T14:38:40.081Z,0,20.26,50,OK,0.1
2026-02-15T14:38:40.131Z,0,20.31,50,OK,0.1
2026-02-15T14:38:40.181Z,0,20.39,50,OK,0.1
2026-02-15T14:38:40.232Z,0,20.48,50,OK,0.1
2026-02-15T14:38:40.282Z,0,20.56,50,OK,0.1
2026-02-15T14:38:40.333Z,0,20.66,50,OK,0.1
2026-02-15T14:38:40.384Z,0,20.70,50,OK,0.1
2026-02-15T14:38:40.435Z,0,20.64,50,OK,0.1
2026-02-15T14:38:40.485Z,0,20.58,50,OK,0.1
2026-02-15T14:38:40.535Z,0,20.56,50,OK,0.1
2026-02-15T14:38:40.586Z,0,20.41,50,OK,0.1
2026-02-15T14:38:40.636Z,0,20.33,50,OK,0.1
2026-02-15T14:38:40.686Z,0,20.24,50,OK,0.1
2026-02-15T14:38:40.737Z,0,20.27,50,OK,0.1
2026-02-15T14:38:40.783Z,0,20.20,50,OK,0.1
2026-02-15T14:38:40.834Z,0,20.26,50,OK,0.1
2026-02-15T14:38:40.885Z,0,20.22,50,OK,0.1
2026-02-15T14:38:40.935Z,0,20.30,50,OK,0.1
2026-02-15T14:38:40.986Z,0,20.27,50,OK,0.1
2026-02-15T14:38:41.036Z,0,20.29,50,OK,0.1
2026-02-15T14:38:41.086Z,0,20.23,50,OK,0.1
2026-02-15T14:38:41.136Z,0,20.31,50,OK,0.1
2026-02-15T14:38:41.187Z,0,20.25,50,OK,0.1
2026-02-15T14:38:41.237Z,0,20.30,50,OK,0.1
2026-02-15T14:38:41.288Z,0,20.37,50,OK,0.1
2026-02-15T14:38:41.338Z,0,20.43,50,OK,0.1
2026-02-15T14:38:41.388Z,0,20.33,50,OK,0.1
2026-02-15T14:38:41.439Z,0,20.30,50,OK,0.1
2026-02-15T14:38:41.489Z,0,20.23,50,OK,0.1
2026-02-15T14:38:41.540Z,0,20.21,50,OK,0.1
2026-02-15T14:38:41.590Z,0,20.07,50,OK,0.1
2026-02-15T14:38:41.640Z,0,20.20,50,OK,0.1
2026-02-15T14:38:41.691Z,0,20.17,50,OK,0.1
2026-02-15T14:38:41.741Z,0,20.19,50,OK,0.1
2026-02-15T14:38:41.792Z,0,20.04,50,OK,0.1
2026-02-15T14:38:41.842Z,0,20.08,50,OK,0.1
2026-02-15T14:38:41.891Z,0,20.11,50,OK,0.1
2026-02-15T14:38:41.942Z,0,20.19,50,OK,0.1
2026-02-15T14:38:41.992Z,0,20.24,50,OK,0.1
2026-02-15T14:38:42.043Z,0,20.36,50,OK,0.1
2026-02-15T14:38:42.093Z,0,20.41,50,OK,0.1
2026-02-15T14:38:42.143Z,0,20.31,50,OK,0.1
2026-02-15T14:38:42.193Z,0,20.31,50,OK,0.1
2026-02-15T14:38:42.243Z,0,20.30,50,OK,0.1
2026-02-15T14:38:42.294Z,0,20.30,50,OK,0.1
2026-02-15T14:38:42.345Z,0,20.35,50,OK,0.1
2026-02-15T14:38:42.395Z,0,20.35,50,OK,0.1
2026-02-15T14:38:42.446Z,0,20.39,50,OK,0.1
2026-02-15T14:38:42.497Z,0,20.36,50,OK,0.1
2026-02-15T14:38:42.547Z,0,20.35,50,OK,0.1
2026-02-15T14:38:42.598Z,0,20.35,50,OK,0.1
2026-02-15T14:38:42.647Z,0,20.36,50,OK,0.1
2026-02-15T14:38:42.698Z,0,20.37,50,OK,0.1
2026-02-15T14:38:42.749Z,0,20.38,50,OK,0.1
2026-02-15T14:38:42.799Z,0,20.38,50,OK,0.1
2026-02-15T14:38:42.849Z,0,20.39,50,OK,0.1
2026-02-15T14:38:42.900Z,0,20.39,50,OK,0.1
2026-02-15T14:38:42.950Z,0,20.34,50,OK,0.1
2026-02-15T14:38:43.000Z,0,20.41,50,OK,0.1
2026-02-15T14:38:43.050Z,0,20.51,50,OK,0.1
2026-02-15T14:38:43.100Z,0,20.56,50,OK,0.1
2026-02-15T14:38:43.151Z,0,20.55,50,OK,0.1
2026-02-15T14:38:43.202Z,0,20.60,50,OK,0.1
2026-02-15T14:38:43.253Z,0,20.55,50,OK,0.1
2026-02-15T14:38:43.302Z,0,20.41,50,OK,0.1
2026-02-15T14:38:43.353Z,0,20.36,50,OK,0.1
2026-02-15T14:38:43.404Z,0,20.31,50,OK,0.1
2026-02-15T14:38:43.455Z,0,20.27,50,OK,0.1
2026-02-15T14:38:43.505Z,0,20.31,50,OK,0.1
2026-02-15T14:38:43.556Z,0,20.38,50,OK,0.1
2026-02-15T14:38:43.607Z,0,20.37,50,OK,0.1
2026-02-15T14:38:43.657Z,0,20.39,50,OK,0.1
2026-02-15T14:38:43.708Z,0,20.40,50,OK,0.1
2026-02-15T14:38:43.759Z,0,20.33,50,OK,0.1
2026-02-15T14:38:43.810Z,0,20.34,50,OK,0.1
2026-02-15T14:38:43.859Z,0,20.32,50,OK,0.1
2026-02-15T14:38:43.910Z,0,20.34,50,OK,0.1
2026-02-15T14:38:43.960Z,0,20.38,50,OK,0.1
2026-02-15T14:38:44.011Z,0,20.38,50,OK,0.1
2026-02-15T14:38:44.062Z,0,20.17,50,OK,0.1
2026-02-15T14:38:44.112Z,0,20.20,50,OK,0.1
2026-02-15T14:38:44.162Z,0,20.21,50,OK,0.1
2026-02-15T14:38:44.212Z,0,20.15,50,OK,0.1
2026-02-15T14:38:44.263Z,0,20.18,50,OK,0.1
2026-02-15T14:38:44.312Z,0,20.34,50,OK,0.1
2026-02-15T14:38:44.363Z,0,20.34,50,OK,0.1
2026-02-15T14:38:44.413Z,0,20.30,50,OK,0.1
2026-02-15T14:38:44.464Z,0,20.33,50,OK,0.1
2026-02-15T14:38:44.515Z,0,20.33,50,OK,0.1
2026-02-15T14:38:44.565Z,0,20.32,50,OK,0.1
2026-02-15T14:38:44.615Z,0,20.32,50,OK,0.1
2026-02-15T14:38:44.665Z,0,20.33,50,OK,0.1
2026-02-15T14:38:44.716Z,0,20.37,50,OK,0.1
2026-02-15T14:38:44.766Z,0,20.39,50,OK,0.1
2026-02-15T14:38:44.816Z,0,20.43,50,OK,0.1
2026-02-15T14:38:44.866Z,0,20.45,50,OK,0.1
2026-02-15T14:38:44.916Z,0,20.48,50,OK,0.1
2026-02-15T14:38:44.966Z,0,20.43,50,OK,0.1
2026-02-15T14:38:45.016Z,0,20.42,50,OK,0.1
2026-02-15T14:38:45.067Z,0,20.41,50,OK,0.1
2026-02-15T14:38:45.117Z,0,20.43,50,OK,0.1
2026-02-15T14:38:45.167Z,0,20.46,50,OK,0.1
2026-02-15T14:38:45.218Z,0,20.47,50,OK,0.1
2026-02-15T14:38:45.268Z,0,20.48,50,OK,0.1
2026-02-15T14:38:45.319Z,0,20.51,50,OK,0.1
2026-02-15T14:38:45.369Z,0,20.45,50,OK,0.1
2026-02-15T14:38:45.419Z,0,20.45,50,OK,0.1
2026-02-15T14:38:45.469Z,0,20.44,50,OK,0.1
2026-02-15T14:38:45.520Z,0,20.43,50,OK,0.1
2026-02-15T14:38:45.570Z,0,20.38,50,OK,0.1
2026-02-15T14:38:45.620Z,0,20.40,50,OK,0.1
2026-02-15T14:38:45.671Z,0,20.37,50,OK,0.1
2026-02-15T14:38:45.720Z,0,20.33,50,OK,0.1
2026-02-15T14:38:45.771Z,0,20.32,50,OK,0.1
2026-02-15T14:38:45.821Z,0,20.33,50,OK,0.1
2026-02-15T14:38:45.872Z,0,20.29,50,OK,0.1
2026-02-15T14:38:45.923Z,0,20.24,50,OK,0.1
2026-02-15T14:38:45.973Z,0,20.22,50,OK,0.1
2026-02-15T14:38:46.023Z,0,20.19,50,OK,0.1
2026-02-15T14:38:46.074Z,0,20.19,50,OK,0.1
2026-02-15T14:38:46.125Z,0,20.25,50,OK,0.1
2026-02-15T14:38:46.175Z,0,20.27,50,OK,0.1
2026-02-15T14:38:46.226Z,0,20.32,50,OK,0.1
2026-02-15T14:38:46.276Z,0,20.38,50,OK,0.1
2026-02-15T14:38:46.327Z,0,20.40,50,OK,0.1
2026-02-15T14:38:46.377Z,0,20.43,50,OK,0.1
2026-02-15T14:38:46.428Z,0,20.43,50,OK,0.1
2026-02-15T14:38:46.478Z,0,20.37,50,OK,0.1
2026-02-15T14:38:46.529Z,0,20.38,50,OK,0.1
2026-02-15T14:38:46.580Z,0,20.34,50,OK,0.1
2026-02-15T14:38:46.630Z,0,20.30,50,OK,0.1
2026-02-15T14:38:46.679Z,0,20.36,50,OK,0.1
2026-02-15T14:38:46.729Z,0,20.39,50,OK,0.1
2026-02-15T14:38:46.779Z,0,20.38,50,OK,0.1
2026-02-15T14:38:46.830Z,0,20.44,50,OK,0.1
2026-02-15T14:38:46.881Z,0,20.46,50,OK,0.1
2026-02-15T14:38:46.932Z,0,20.38,50,OK,0.1
2026-02-15T14:38:46.982Z,0,20.44,50,OK,0.1
2026-02-15T14:38:47.032Z,0,20.40,50,OK,0.1
2026-02-15T14:38:47.082Z,0,20.40,50,OK,0.1
2026-02-15T14:38:47.133Z,0,20.35,50,OK,0.1
2026-02-15T14:38:47.183Z,0,20.35,50,OK,0.1
2026-02-15T14:38:47.234Z,0,20.36,50,OK,0.1
2026-02-15T14:38:47.284Z,0,20.41,50,OK,0.1
2026-02-15T14:38:47.334Z,0,20.37,50,OK,0.1
2026-02-15T14:38:47.384Z,0,20.39,50,OK,0.1
2026-02-15T14:38:47.434Z,0,20.41,50,OK,0.1
2026-02-15T14:38:47.484Z,0,20.38,50,OK,0.1
2026-02-15T14:38:47.534Z,0,20.36,50,OK,0.1
2026-02-15T14:38:47.583Z,0,20.37,50,OK,0.1
2026-02-15T14:38:47.634Z,0,20.41,50,OK,0.1
2026-02-15T14:38:47.684Z,0,20.43,50,OK,0.1
2026-02-15T14:38:47.735Z,0,20.40,50,OK,0.1
2026-02-15T14:38:47.784Z,0,20.30,50,OK,0.1
2026-02-15T14:38:47.835Z,0,20.28,50,OK,0.1
2026-02-15T14:38:47.886Z,0,20.30,50,OK,0.1
2026-02-15T14:38:47.936Z,0,20.29,50,OK,0.1
2026-02-15T14:38:47.986Z,0,20.36,50,OK,0.1
2026-02-15T14:38:48.037Z,0,20.45,50,OK,0.1
2026-02-15T14:38:48.087Z,0,20.48,50,OK,0.1
2026-02-15T14:38:48.137Z,0,20.42,50,OK,0.1
2026-02-15T14:38:48.187Z,0,20.44,50,OK,0.1
2026-02-15T14:38:48.237Z,0,20.39,50,OK,0.1
2026-02-15T14:38:48.287Z,0,20.38,50,OK,0.1
2026-02-15T14:38:48.338Z,0,20.38,50,OK,0.1
2026-02-15T14:38:48.388Z,0,20.39,50,OK,0.1
2026-02-15T14:38:48.438Z,0,20.34,50,OK,0.1
2026-02-15T14:38:48.489Z,0,20.35,50,OK,0.1
2026-02-15T14:38:48.540Z,0,20.36,50,OK,0.1
2026-02-15T14:38:48.589Z,0,20.35,50,OK,0.1
2026-02-15T14:38:48.640Z,0,20.32,50,OK,0.1
2026-02-15T14:38:48.690Z,0,20.34,50,OK,0.1
2026-02-15T14:38:48.740Z,0,20.31,50,OK,0.1
2026-02-15T14:38:48.790Z,0,20.30,50,OK,0.1
2026-02-15T14:38:48.841Z,0,20.28,50,OK,0.1
2026-02-15T14:38:48.892Z,0,20.27,50,OK,0.1
2026-02-15T14:38:48.942Z,0,20.27,50,OK,0.1
2026-02-15T14:38:48.993Z,0,20.26,50,OK,0.1
2026-02-15T14:38:49.044Z,0,20.33,50,OK,0.1
2026-02-15T14:38:49.095Z,0,20.32,50,OK,0.1
2026-02-15T14:38:49.146Z,0,20.37,50,OK,0.1
2026-02-15T14:38:49.196Z,0,20.38,50,OK,0.1
2026-02-15T14:38:49.246Z,0,20.43,50,OK,0.1
2026-02-15T14:38:49.296Z,0,20.39,50,OK,0.1
2026-02-15T14:38:49.346Z,0,20.38,50,OK,0.1
2026-02-15T14:38:49.397Z,0,20.35,50,OK,0.1
2026-02-15T14:38:49.447Z,0,20.33,50,OK,0.1
2026-02-15T14:38:49.497Z,0,20.31,50,OK,0.1
2026-02-15T14:38:49.548Z,0,20.34,50,OK,0.1
2026-02-15T14:38:49.598Z,0,20.42,50,OK,0.1
2026-02-15T14:38:49.649Z,0,20.45,50,OK,0.1
2026-02-15T14:38:49.699Z,0,20.46,50,OK,0.1
2026-02-15T14:38:49.749Z,0,20.45,50,OK,0.1
2026-02-15T14:38:49.799Z,0,20.42,50,OK,0.1
2026-02-15T14:38:49.849Z,0,20.38,50,OK,0.1
2026-02-15T14:38:49.899Z,0,20.25,50,OK,0.1
2026-02-15T14:38:49.949Z,0,20.27,50,OK,0.1
2026-02-15T14:38:49.999Z,0,20.30,50,OK,0.1
2026-02-15T14:38:50.049Z,0,20.29,50,OK,0.1
2026-02-15T14:38:50.099Z,0,20.26,50,OK,0.1
2026-02-15T14:38:50.149Z,0,20.39,50,OK,0.1
2026-02-15T14:38:50.200Z,0,20.37,50,OK,0.1
2026-02-15T14:38:50.251Z,0,20.33,50,OK,0.1
2026-02-15T14:38:50.301Z,0,20.31,50,OK,0.1
2026-02-15T14:38:50.351Z,0,20.30,50,OK,0.1
2026-02-15T14:38:50.402Z,0,20.27,50,OK,0.1
2026-02-15T14:38:50.452Z,0,20.28,50,OK,0.1
2026-02-15T14:38:50.503Z,0,20.32,50,OK,0.1
2026-02-15T14:38:50.554Z,0,20.34,50,OK,0.1
2026-02-15T14:38:50.604Z,0,20.38,50,OK,0.1
2026-02-15T14:38:50.655Z,0,20.39,50,OK,0.1
2026-02-15T14:38:50.706Z,0,20.42,50,OK,0.1
2026-02-15T14:38:50.756Z,0,20.39,50,OK,0.1
2026-02-15T14:38:50.807Z,0,20.33,50,OK,0.1
2026-02-15T14:38:50.857Z,0,20.30,50,OK,0.1
2026-02-15T14:38:50.907Z,0,20.25,50,OK,0.1
2026-02-15T14:38:50.957Z,0,20.20,50,OK,0.1
2026-02-15T14:38:51.007Z,0,20.21,50,OK,0.1
2026-02-15T14:38:51.057Z,0,20.28,50,OK,0.1
2026-02-15T14:38:51.107Z,0,20.26,50,OK,0.1
2026-02-15T14:38:51.157Z,0,20.32,50,OK,0.1
2026-02-15T14:38:51.208Z,0,20.26,50,OK,0.1
2026-02-15T14:38:51.258Z,0,20.29,50,OK,0.1
2026-02-15T14:38:51.309Z,0,20.26,50,OK,0.1
2026-02-15T14:38:51.359Z,0,20.26,50,OK,0.1
2026-02-15T14:38:51.409Z,0,20.28,50,OK,0.1
2026-02-15T14:38:51.460Z,0,20.37,50,OK,0.1
2026-02-15T14:38:51.509Z,0,20.32,50,OK,0.1
2026-02-15T14:38:51.560Z,0,20.39,50,OK,0.1
2026-02-15T14:38:51.610Z,0,20.44,50,OK,0.1
2026-02-15T14:38:51.659Z,0,20.45,50,OK,0.1
2026-02-15T14:38:51.710Z,0,20.47,50,OK,0.1
2026-02-15T14:38:51.761Z,0,20.49,50,OK,0.1
2026-02-15T14:38:51.812Z,0,20.51,50,OK,0.1
2026-02-15T14:38:51.862Z,0,20.51,50,OK,0.1
2026-02-15T14:38:51.912Z,0,20.49,50,OK,0.1
2026-02-15T14:38:51.963Z,0,20.49,50,OK,0.1
2026-02-15T14:38:52.013Z,0,20.40,50,OK,0.1
2026-02-15T14:38:52.063Z,0,20.38,50,OK,0.1
2026-02-15T14:38:52.113Z,0,20.36,50,OK,0.1
2026-02-15T14:38:52.163Z,0,20.33,50,OK,0.1
2026-02-15T14:38:52.214Z,0,20.20,50,OK,0.1
2026-02-15T14:38:52.264Z,0,20.31,50,OK,0.1
2026-02-15T14:38:52.313Z,0,20.33,50,OK,0.1
2026-02-15T14:38:52.364Z,0,20.37,50,OK,0.1
2026-02-15T14:38:52.415Z,0,20.32,50,OK,0.1
2026-02-15T14:38:52.465Z,0,20.42,50,OK,0.1
2026-02-15T14:38:52.516Z,0,20.33,50,OK,0.1
2026-02-15T14:38:52.567Z,0,20.28,50,OK,0.1
2026-02-15T14:38:52.617Z,0,20.28,50,OK,0.1
2026-02-15T14:38:52.668Z,0,20.35,50,OK,0.1
2026-02-15T14:38:52.718Z,0,20.41,50,OK,0.1
2026-02-15T14:38:52.768Z,0,20.51,50,OK,0.1
2026-02-15T14:38:52.817Z,0,20.49,50,OK,0.1
2026-02-15T14:38:52.868Z,0,20.47,50,OK,0.1
2026-02-15T14:38:52.919Z,0,20.48,50,OK,0.1
2026-02-15T14:38:52.969Z,0,20.40,50,OK,0.1
2026-02-15T14:38:53.020Z,0,20.34,50,OK,0.1
2026-02-15T14:38:53.071Z,0,20.37,50,OK,0.1
2026-02-15T14:38:53.122Z,0,20.37,50,OK,0.1
2026-02-15T14:38:53.173Z,0,20.40,50,OK,0.1
2026-02-15T14:38:53.222Z,0,20.38,50,OK,0.1
2026-02-15T14:38:53.273Z,0,20.37,50,OK,0.1
2026-02-15T14:38:53.323Z,0,20.36,50,OK,0.1
2026-02-15T14:38:53.373Z,0,20.36,50,OK,0.1
2026-02-15T14:38:53.422Z,0,20.30,50,OK,0.1
2026-02-15T14:38:53.473Z,0,20.33,50,OK,0.1
2026-02-15T14:38:53.525Z,0,20.38,50,OK,0.1
2026-02-15T14:38:53.575Z,0,20.36,50,OK,0.1
2026-02-15T14:38:53.625Z,0,20.31,50,OK,0.1
2026-02-15T14:38:53.676Z,0,20.36,50,OK,0.1
2026-02-15T14:38:53.725Z,0,20.36,50,OK,0.1
2026-02-15T14:38:53.775Z,0,20.38,50,OK,0.1
2026-02-15T14:38:53.826Z,0,20.46,50,OK,0.1
2026-02-15T14:38:53.876Z,0,20.47,50,OK,0.1
2026-02-15T14:38:53.926Z,0,20.40,50,OK,0.1
2026-02-15T14:38:53.977Z,0,20.38,50,OK,0.1
2026-02-15T14:38:54.028Z,0,20.31,50,OK,0.1
2026-02-15T14:38:54.078Z,0,20.31,50,OK,0.1
2026-02-15T14:38:54.130Z,0,20.34,50,OK,0.1
2026-02-15T14:38:54.180Z,0,20.27,50,OK,0.1
2026-02-15T14:38:54.230Z,0,20.37,50,OK,0.1
2026-02-15T14:38:54.281Z,0,20.43,50,OK,0.1
2026-02-15T14:38:54.331Z,0,20.45,50,OK,0.1
2026-02-15T14:38:54.382Z,0,20.43,50,OK,0.1
2026-02-15T14:38:54.433Z,0,20.56,50,OK,0.1
2026-02-15T14:38:54.484Z,0,20.48,50,OK,0.1
2026-02-15T14:38:54.534Z,0,20.29,50,OK,0.1
2026-02-15T14:38:54.584Z,0,20.23,50,OK,0.1
2026-02-15T14:38:54.634Z,0,20.15,50,OK,0.1
2026-02-15T14:38:54.685Z,0,20.12,50,OK,0.1
2026-02-15T14:38:54.735Z,0,20.21,50,OK,0.1
2026-02-15T14:38:54.785Z,0,20.36,50,OK,0.1
2026-02-15T14:38:54.836Z,0,20.42,50,OK,0.1
2026-02-15T14:38:54.886Z,0,20.51,50,OK,0.1
2026-02-15T14:38:54.936Z,0,20.63,50,OK,0.1
2026-02-15T14:38:54.986Z,0,20.56,50,OK,0.1
2026-02-15T14:38:55.037Z,0,20.59,50,OK,0.1
2026-02-15T14:38:55.087Z,0,20.57,50,OK,0.1
2026-02-15T14:38:55.137Z,0,20.62,50,OK,0.1
2026-02-15T14:38:55.187Z,0,20.49,50,OK,0.1
2026-02-15T14:38:55.237Z,0,20.53,50,OK,0.1
2026-02-15T14:38:55.288Z,0,20.51,50,OK,0.1
2026-02-15T14:38:55.338Z,0,20.58,50,OK,0.1
2026-02-15T14:38:55.389Z,0,20.55,50,OK,0.1
2026-02-15T14:38:55.439Z,0,20.62,50,OK,0.1
2026-02-15T14:38:55.490Z,0,20.57,50,OK,0.1
2026-02-15T14:38:55.540Z,0,20.60,50,OK,0.1
2026-02-15T14:38:55.591Z,0,20.49,50,OK,0.1
2026-02-15T14:38:55.642Z,0,20.51,50,OK,0.1
2026-02-15T14:38:55.693Z,0,20.45,50,OK,0.1
2026-02-15T14:38:55.743Z,0,20.54,50,OK,0.1
2026-02-15T14:38:55.794Z,0,20.49,50,OK,0.1
2026-02-15T14:38:55.845Z,0,20.34,50,OK,0.1
2026-02-15T14:38:55.895Z,0,20.25,50,OK,0.1
2026-02-15T14:38:55.945Z,0,20.28,50,OK,0.1
2026-02-15T14:38:55.994Z,0,20.05,50,OK,0.1
2026-02-15T14:38:56.044Z,0,20.08,50,OK,0.1
2026-02-15T14:38:56.094Z,0,20.25,50,OK,0.1
2026-02-15T14:38:56.145Z,0,20.31,50,OK,0.1
2026-02-15T14:38:56.196Z,0,20.29,50,OK,0.1
2026-02-15T14:38:56.247Z,0,20.39,50,OK,0.1
2026-02-15T14:38:56.298Z,0,20.36,50,OK,0.1
2026-02-15T14:38:56.348Z,0,20.26,50,OK,0.1
2026-02-15T14:38:56.399Z,0,20.22,50,OK,0.1
2026-02-15T14:38:56.450Z,0,20.34,50,OK,0.1
2026-02-15T14:38:56.500Z,0,20.40,50,OK,0.1
2026-02-15T14:38:56.552Z,0,20.45,50,OK,0.1
2026-02-15T14:38:56.604Z,0,20.56,50,OK,0.1
2026-02-15T14:38:56.654Z,0,20.60,50,OK,0.1
2026-02-15T14:38:56.704Z,0,20.47,50,OK,0.1
2026-02-15T14:38:56.753Z,0,20.45,50,OK,0.1
2026-02-15T14:38:56.803Z,0,20.38,50,OK,0.1
2026-02-15T14:38:56.854Z,0,20.38,50,OK,0.1
2026-02-15T14:38:56.903Z,0,20.35,50,OK,0.1
2026-02-15T14:38:56.954Z,0,20.36,50,OK,0.1
2026-02-15T14:38:57.004Z,0,20.35,50,OK,0.1
2026-02-15T14:38:57.054Z,0,20.45,50,OK,0.1
2026-02-15T14:38:57.105Z,0,20.44,50,OK,0.1
2026-02-15T14:38:57.155Z,0,20.38,50,OK,0.1
2026-02-15T14:38:57.206Z,0,20.39,50,OK,0.1
2026-02-15T14:38:57.255Z,0,20.35,50,OK,0.1
2026-02-15T14:38:57.305Z,0,20.29,50,OK,0.1
2026-02-15T14:38:57.356Z,0,20.35,50,OK,0.1
2026-02-15T14:38:57.406Z,0,20.45,50,OK,0.1
2026-02-15T14:38:57.456Z,0,20.37,50,OK,0.1
2026-02-15T14:38:57.507Z,0,20.41,50,OK,0.1
2026-02-15T14:38:57.558Z,0,20.38,50,OK,0.1
2026-02-15T14:38:57.608Z,0,20.34,50,OK,0.1
2026-02-15T14:38:57.657Z,0,20.41,50,OK,0.1
2026-02-15T14:38:57.708Z,0,20.52,50,OK,0.1
2026-02-15T14:38:57.759Z,0,20.58,50,OK,0.1
2026-02-15T14:38:57.809Z,0,20.66,50,OK,0.1
2026-02-15T14:38:57.859Z,0,20.70,50,OK,0.1
2026-02-15T14:38:57.910Z,0,20.59,50,OK,0.1
2026-02-15T14:38:57.960Z,0,20.41,50,OK,0.1
2026-02-15T14:38:58.010Z,0,20.36,50,OK,0.1
2026-02-15T14:38:58.060Z,0,20.32,50,OK,0.1
2026-02-15T14:38:58.111Z,0,20.26,50,OK,0.1
2026-02-15T14:38:58.161Z,0,20.23,50,OK,0.1
2026-02-15T14:38:58.211Z,0,20.33,50,OK,0.1
2026-02-15T14:38:58.260Z,0,20.36,50,OK,0.1
2026-02-15T14:38:58.311Z,0,20.33,50,OK,0.1
2026-02-15T14:38:58.362Z,0,20.32,50,OK,0.1
2026-02-15T14:38:58.413Z,0,20.33,50,OK,0.1
2026-02-15T14:38:58.464Z,0,20.35,50,OK,0.1
2026-02-15T14:38:58.514Z,0,20.29,50,OK,0.1
2026-02-15T14:38:58.563Z,0,20.24,50,OK,0.1
2026-02-15T14:38:58.614Z,0,20.22,50,OK,0.1
2026-02-15T14:38:58.664Z,0,20.28,50,OK,0.1
2026-02-15T14:38:58.714Z,0,20.30,50,OK,0.1
2026-02-15T14:38:58.764Z,0,20.33,50,OK,0.1
2026-02-15T14:38:58.815Z,0,20.39,50,OK,0.1
2026-02-15T14:38:58.865Z,0,20.46,50,OK,0.1
2026-02-15T14:38:58.915Z,0,20.45,50,OK,0.1
2026-02-15T14:38:58.966Z,0,20.50,50,OK,0.1
2026-02-15T14:38:59.017Z,0,20.46,50,OK,0.1
2026-02-15T14:38:59.067Z,0,20.42,50,OK,0.1
2026-02-15T14:38:59.118Z,0,20.38,50,OK,0.1
2026-02-15T14:38:59.169Z,0,20.41,50,OK,0.1
2026-02-15T14:38:59.220Z,0,20.34,50,OK,0.1
2026-02-15T14:38:59.270Z,0,20.38,50,OK,0.1
2026-02-15T14:38:59.321Z,0,20.44,50,OK,0.1
2026-02-15T14:38:59.371Z,0,20.43,50,OK,0.1
2026-02-15T14:38:59.422Z,0,20.35,50,OK,0.1
2026-02-15T14:38:59.473Z,0,20.35,50,OK,0.1
2026-02-15T14:38:59.524Z,0,20.33,50,OK,0.1
2026-02-15T14:38:59.573Z,0,20.29,50,OK,0.1
2026-02-15T14:38:59.624Z,0,20.25,50,OK,0.1
2026-02-15T14:38:59.673Z,0,20.24,50,OK,0.1
2026-02-15T14:38:59.724Z,0,20.23,50,OK,0.1
2026-02-15T14:38:59.774Z,0,20.23,50,OK,0.1
2026-02-15T14:38:59.824Z,0,20.26,50,OK,0.1
2026-02-15T14:38:59.874Z,0,20.31,50,OK,0.1
2026-02-15T14:38:59.925Z,0,20.32,50,OK,0.1
2026-02-15T14:38:59.976Z,0,20.37,50,OK,0.1
2026-02-15T14:39:00.026Z,0,20.32,50,OK,0.1
2026-02-15T14:39:00.077Z,0,20.25,50,OK,0.1
2026-02-15T14:39:00.128Z,0,20.26,50,OK,0.1
2026-02-15T14:39:00.179Z,0,20.26,50,OK,0.1
2026-02-15T14:39:00.230Z,0,20.20,50,OK,0.1
2026-02-15T14:39:00.280Z,0,20.26,50,OK,0.1
2026-02-15T14:39:00.331Z,0,20.38,50,OK,0.1
2026-02-15T14:39:00.381Z,0,20.37,50,OK,0.1
2026-02-15T14:39:00.431Z,0,20.36,50,OK,0.1
2026-02-15T14:39:00.481Z,0,20.44,50,OK,0.1
2026-02-15T14:39:00.531Z,0,20.44,50,OK,0.1
2026-02-15T14:39:00.581Z,0,20.43,50,OK,0.1
2026-02-15T14:39:00.632Z,0,20.43,50,OK,0.1
2026-02-15T14:39:00.681Z,0,20.42,50,OK,0.1
2026-02-15T14:39:00.731Z,0,20.39,50,OK,0.1
2026-02-15T14:39:00.782Z,0,20.38,50,OK,0.1
2026-02-15T14:39:00.832Z,0,20.36,50,OK,0.1
2026-02-15T14:39:00.883Z,0,20.36,50,OK,0.1
2026-02-15T14:39:00.933Z,0,20.40,50,OK,0.1
2026-02-15T14:39:00.983Z,0,20.41,50,OK,0.1
2026-02-15T14:39:01.034Z,0,20.45,50,OK,0.1
2026-02-15T14:39:01.084Z,0,20.43,50,OK,0.1
2026-02-15T14:39:01.134Z,0,20.44,50,OK,0.1
2026-02-15T14:39:01.184Z,0,20.42,50,OK,0.1
2026-02-15T14:39:01.233Z,0,20.42,50,OK,0.1
2026-02-15T14:39:01.284Z,0,20.39,50,OK,0.1
2026-02-15T14:39:01.334Z,0,20.41,50,OK,0.1
2026-02-15T14:39:01.384Z,0,20.39,50,OK,0.1
2026-02-15T14:39:01.434Z,0,20.40,50,OK,0.1
2026-02-15T14:39:01.485Z,0,20.41,50,OK,0.1
2026-02-15T14:39:01.535Z,0,20.41,50,OK,0.1
2026-02-15T14:39:01.585Z,0,20.39,50,OK,0.1
2026-02-15T14:39:01.635Z,0,20.29,50,OK,0.1
2026-02-15T14:39:01.686Z,0,20.42,50,OK,0.1
2026-02-15T14:39:01.736Z,0,20.39,50,OK,0.1
2026-02-15T14:39:01.787Z,0,20.36,50,OK,0.1
2026-02-15T14:39:01.838Z,0,20.38,50,OK,0.1
2026-02-15T14:39:01.888Z,0,20.46,50,OK,0.1
2026-02-15T14:39:01.938Z,0,20.29,50,OK,0.1
2026-02-15T14:39:01.989Z,0,20.29,50,OK,0.1
2026-02-15T14:39:02.039Z,0,20.29,50,OK,0.1
2026-02-15T14:39:02.090Z,0,20.26,50,OK,0.1
2026-02-15T14:39:02.139Z,0,20.28,50,OK,0.1
2026-02-15T14:39:02.190Z,0,20.28,50,OK,0.1
2026-02-15T14:39:02.239Z,0,20.28,50,OK,0.1
2026-02-15T14:39:02.290Z,0,20.29,50,OK,0.1
2026-02-15T14:39:02.340Z,0,20.31,50,OK,0.1
2026-02-15T14:39:02.389Z,0,20.31,50,OK,0.1
2026-02-15T14:39:02.440Z,0,20.34,50,OK,0.1
2026-02-15T14:39:02.490Z,0,20.35,50,OK,0.1
2026-02-15T14:39:02.541Z,0,20.37,50,OK,0.1
2026-02-15T14:39:02.592Z,0,20.35,50,OK,0.1
2026-02-15T14:39:02.642Z,0,20.36,50,OK,0.1
2026-02-15T14:39:02.692Z,0,20.35,50,OK,0.1
2026-02-15T14:39:02.742Z,0,20.36,50,OK,0.1
2026-02-15T14:39:02.793Z,0,20.36,50,OK,0.1
2026-02-15T14:39:02.843Z,0,20.27,50,OK,0.1
2026-02-15T14:39:02.894Z,0,20.25,50,OK,0.1
2026-02-15T14:39:02.944Z,0,20.19,50,OK,0.1
2026-02-15T14:39:02.995Z,0,20.16,50,OK,0.1
2026-02-15T14:39:03.045Z,0,20.15,50,OK,0.1
2026-02-15T14:39:03.096Z,0,20.24,50,OK,0.1
2026-02-15T14:39:03.147Z,0,20.27,50,OK,0.1
2026-02-15T14:39:03.198Z,0,20.32,50,OK,0.1
2026-02-15T14:39:03.248Z,0,20.35,50,OK,0.1
2026-02-15T14:39:03.299Z,0,20.35,50,OK,0.1
2026-02-15T14:39:03.350Z,0,20.39,50,OK,0.1
2026-02-15T14:39:03.401Z,0,20.39,50,OK,0.1
2026-02-15T14:39:03.451Z,0,20.43,50,OK,0.1
2026-02-15T14:39:03.502Z,0,20.41,50,OK,0.1
2026-02-15T14:39:03.552Z,0,20.33,50,OK,0.1
2026-02-15T14:39:03.602Z,0,20.28,50,OK,0.1
2026-02-15T14:39:03.653Z,0,20.26,50,OK,0.1
2026-02-15T14:39:03.703Z,0,20.27,50,OK,0.1
2026-02-15T14:39:03.754Z,0,20.27,50,OK,0.1
2026-02-15T14:39:03.804Z,0,20.32,50,OK,0.1
2026-02-15T14:39:03.854Z,0,20.30,50,OK,0.1
2026-02-15T14:39:03.905Z,0,20.28,50,OK,0.1
2026-02-15T14:39:03.955Z,0,20.26,50,OK,0.1
2026-02-15T14:39:04.005Z,0,20.29,50,OK,0.1
2026-02-15T14:39:04.056Z,0,20.29,50,OK,0.1
2026-02-15T14:39:04.107Z,0,20.30,50,OK,0.1
2026-02-15T14:39:04.158Z,0,20.31,50,OK,0.1
2026-02-15T14:39:04.209Z,0,20.33,50,OK,0.1
2026-02-15T14:39:04.259Z,0,20.29,50,OK,0.1
2026-02-15T14:39:04.309Z,0,20.29,50,OK,0.1
2026-02-15T14:39:04.360Z,0,20.28,50,OK,0.1
2026-02-15T14:39:04.410Z,0,20.27,50,OK,0.1
2026-02-15T14:39:04.461Z,0,20.22,50,OK,0.1
2026-02-15T14:39:04.511Z,0,20.23,50,OK,0.1
2026-02-15T14:39:04.561Z,0,20.24,50,OK,0.1
2026-02-15T14:39:04.612Z,0,20.26,50,OK,0.1
2026-02-15T14:39:04.662Z,0,20.28,50,OK,0.1
2026-02-15T14:39:04.712Z,0,20.29,50,OK,0.1
2026-02-15T14:39:04.762Z,0,20.27,50,OK,0.1
2026-02-15T14:39:04.812Z,0,20.28,50,OK,0.1
2026-02-15T14:39:04.862Z,0,20.13,50,OK,0.1
2026-02-15T14:39:04.912Z,0,20.11,50,OK,0.1
2026-02-15T14:39:04.963Z,0,20.20,50,OK,0.1
2026-02-15T14:39:05.014Z,0,20.19,50,OK,0.1
2026-02-15T14:39:05.065Z,0,20.29,50,OK,0.1
2026-02-15T14:39:05.115Z,0,20.46,50,OK,0.1
2026-02-15T14:39:05.164Z,0,20.54,50,OK,0.1
2026-02-15T14:39:05.215Z,0,20.46,50,OK,0.1
2026-02-15T14:39:05.265Z,0,20.56,50,OK,0.1
2026-02-15T14:39:05.315Z,0,20.46,50,OK,0.1
2026-02-15T14:39:05.366Z,0,20.36,50,OK,0.1
2026-02-15T14:39:05.415Z,0,20.29,50,OK,0.1
2026-02-15T14:39:05.466Z,0,20.35,50,OK,0.1
2026-02-15T14:39:05.516Z,0,20.27,50,OK,0.1
2026-02-15T14:39:05.567Z,0,20.16,50,OK,0.1
2026-02-15T14:39:05.617Z,0,20.22,50,OK,0.1
2026-02-15T14:39:05.667Z,0,20.20,50,OK,0.1
2026-02-15T14:39:05.717Z,0,20.14,50,OK,0.1
2026-02-15T14:39:05.768Z,0,20.05,50,OK,0.1
2026-02-15T14:39:05.818Z,0,20.17,50,OK,0.1
2026-02-15T14:39:05.867Z,0,20.20,50,OK,0.1
2026-02-15T14:39:05.917Z,0,20.20,50,OK,0.1
2026-02-15T14:39:05.967Z,0,20.21,50,OK,0.1
2026-02-15T14:39:06.018Z,0,20.26,50,OK,0.1
2026-02-15T14:39:06.068Z,0,20.28,50,OK,0.1
2026-02-15T14:39:06.118Z,0,20.26,50,OK,0.1
2026-02-15T14:39:06.167Z,0,20.36,50,OK,0.1
2026-02-15T14:39:06.218Z,0,20.38,50,OK,0.1
2026-02-15T14:39:06.269Z,0,20.41,50,OK,0.1
2026-02-15T14:39:06.319Z,0,20.39,50,OK,0.1
2026-02-15T14:39:06.369Z,0,20.34,50,OK,0.1
2026-02-15T14:39:06.419Z,0,20.29,50,OK,0.1
2026-02-15T14:39:06.469Z,0,20.28,50,OK,0.1
2026-02-15T14:39:06.519Z,0,20.32,50,OK,0.1
2026-02-15T14:39:06.569Z,0,20.39,50,OK,0.1
2026-02-15T14:39:06.621Z,0,20.47,50,OK,0.1
2026-02-15T14:39:06.671Z,0,20.56,50,OK,0.1
2026-02-15T14:39:06.721Z,0,20.59,50,OK,0.1
2026-02-15T14:39:06.772Z,0,20.50,50,OK,0.1
2026-02-15T14:39:06.823Z,0,20.42,50,OK,0.1
2026-02-15T14:39:06.873Z,0,20.43,50,OK,0.1
2026-02-15T14:39:06.924Z,0,20.32,50,OK,0.1
2026-02-15T14:39:06.974Z,0,20.34,50,OK,0.1
2026-02-15T14:39:07.023Z,0,20.40,50,OK,0.1
2026-02-15T14:39:07.073Z,0,20.51,50,OK,0.1
2026-02-15T14:39:07.124Z,0,20.50,50,OK,0.1
2026-02-15T14:39:07.174Z,0,20.55,50,OK,0.1
2026-02-15T14:39:07.224Z,0,20.51,50,OK,0.1
2026-02-15T14:39:07.275Z,0,20.44,50,OK,0.1
2026-02-15T14:39:07.326Z,0,20.33,50,OK,0.1
2026-02-15T14:39:07.377Z,0,20.47,50,OK,0.1
2026-02-15T14:39:07.427Z,0,20.41,50,OK,0.1
2026-02-15T14:39:07.478Z,0,20.33,50,OK,0.1
2026-02-15T14:39:07.528Z,0,20.40,50,OK,0.1
2026-02-15T14:39:07.578Z,0,20.50,50,OK,0.1
2026-02-15T14:39:07.629Z,0,20.38,50,OK,0.1
2026-02-15T14:39:07.680Z,0,20.34,50,OK,0.1
2026-02-15T14:39:07.730Z,0,20.40,50,OK,0.1
2026-02-15T14:39:07.781Z,0,20.33,50,OK,0.1
2026-02-15T14:39:07.832Z,0,20.29,50,OK,0.1
2026-02-15T14:39:07.882Z,0,20.35,50,OK,0.1
2026-02-15T14:39:07.933Z,0,20.40,50,OK,0.1
2026-02-15T14:39:07.983Z,0,20.45,50,OK,0.1
2026-02-15T14:39:08.034Z,0,20.52,50,OK,0.1
2026-02-15T14:39:08.085Z,0,20.55,50,OK,0.1
2026-02-15T14:39:08.135Z,0,20.44,50,OK,0.1
2026-02-15T14:39:08.185Z,0,20.37,50,OK,0.1
2026-02-15T14:39:08.236Z,0,20.32,50,OK,0.1
2026-02-15T14:39:08.287Z,0,20.37,50,OK,0.1
2026-02-15T14:39:08.336Z,0,20.28,50,OK,0.1
2026-02-15T14:39:08.387Z,0,20.19,50,OK,0.1
2026-02-15T14:39:08.437Z,0,20.24,50,OK,0.1
2026-02-15T14:39:08.487Z,0,20.19,50,OK,0.1
2026-02-15T14:39:08.537Z,0,20.15,50,OK,0.1
2026-02-15T14:39:08.588Z,0,20.21,50,OK,0.1
2026-02-15T14:39:08.638Z,0,20.30,50,OK,0.1
2026-02-15T14:39:08.687Z,0,20.26,50,OK,0.1
2026-02-15T14:39:08.737Z,0,20.30,50,OK,0.1
2026-02-15T14:39:08.788Z,0,20.31,50,OK,0.1
2026-02-15T14:39:08.839Z,0,20.25,50,OK,0.1
2026-02-15T14:39:08.890Z,0,20.35,50,OK,0.1
2026-02-15T14:39:08.941Z,0,20.41,50,OK,0.1
2026-02-15T14:39:08.991Z,0,20.56,50,OK,0.1
2026-02-15T14:39:09.041Z,0,20.54,50,OK,0.1
2026-02-15T14:39:09.092Z,0,20.64,50,OK,0.1
2026-02-15T14:39:09.142Z,0,20.53,50,OK,0.1
2026-02-15T14:39:09.193Z,0,20.62,50,OK,0.1
2026-02-15T14:39:09.244Z,0,20.48,50,OK,0.1
2026-02-15T14:39:09.295Z,0,20.33,50,OK,0.1
2026-02-15T14:39:09.346Z,0,20.24,50,OK,0.1
2026-02-15T14:39:09.397Z,0,20.17,50,OK,0.1
2026-02-15T14:39:09.448Z,0,20.04,50,OK,0.1
2026-02-15T14:39:09.498Z,0,20.11,50,OK,0.1
2026-02-15T14:39:09.549Z,0,20.20,50,OK,0.1
2026-02-15T14:39:09.600Z,0,20.31,50,OK,0.1
2026-02-15T14:39:09.650Z,0,20.35,50,OK,0.1
2026-02-15T14:39:09.699Z,0,20.42,50,OK,0.1
2026-02-15T14:39:09.750Z,0,20.37,50,OK,0.1
2026-02-15T14:39:09.800Z,0,20.46,50,OK,0.1
2026-02-15T14:39:09.850Z,0,20.38,50,OK,0.1
2026-02-15T14:39:09.901Z,0,20.41,50,OK,0.1
2026-02-15T14:39:09.952Z,0,20.39,50,OK,0.1
2026-02-15T14:39:10.001Z,0,20.41,50,OK,0.1
2026-02-15T14:39:10.052Z,0,20.36,50,OK,0.1
2026-02-15T14:39:10.102Z,0,20.38,50,OK,0.1
2026-02-15T14:39:10.153Z,0,20.41,50,OK,0.1
2026-02-15T14:39:10.202Z,0,20.42,50,OK,0.1
2026-02-15T14:39:10.253Z,0,20.41,50,OK,0.1
2026-02-15T14:39:10.303Z,0,20.46,50,OK,0.1
2026-02-15T14:39:10.353Z,0,20.47,50,OK,0.1
2026-02-15T14:39:10.403Z,0,20.51,50,OK,0.1
2026-02-15T14:39:10.454Z,0,20.48,50,OK,0.1
2026-02-15T14:39:10.504Z,0,20.44,50,OK,0.1
2026-02-15T14:39:10.554Z,0,20.45,50,OK,0.1
2026-02-15T14:39:10.605Z,0,20.45,50,OK,0.1
2026-02-15T14:39:10.656Z,0,20.41,50,OK,0.1
2026-02-15T14:39:10.707Z,0,20.49,50,OK,0.1
2026-02-15T14:39:10.751Z,0,20.50,50,OK,0.1
2026-02-15T14:39:10.801Z,0,20.48,50,OK,0.1
2026-02-15T14:39:10.851Z,0,20.46,50,OK,0.1
2026-02-15T14:39:10.902Z,0,20.46,50,OK,0.1
2026-02-15T14:39:10.952Z,0,20.25,50,OK,0.1
2026-02-15T14:39:11.002Z,0,20.28,50,OK,0.1
2026-02-15T14:39:11.053Z,0,20.19,50,OK,0.1
2026-02-15T14:39:11.104Z,0,20.20,50,OK,0.1
2026-02-15T14:39:11.155Z,0,20.21,50,OK,0.1
2026-02-15T14:39:11.205Z,0,20.36,50,OK,0.1
2026-02-15T14:39:11.255Z,0,20.38,50,OK,0.1
2026-02-15T14:39:11.306Z,0,20.46,50,OK,0.1
2026-02-15T14:39:11.356Z,0,20.48,50,OK,0.1
2026-02-15T14:39:11.407Z,0,20.44,50,OK,0.1
2026-02-15T14:39:11.458Z,0,20.42,50,OK,0.1
2026-02-15T14:39:11.509Z,0,20.40,50,OK,0.1
2026-02-15T14:39:11.559Z,0,20.38,50,OK,0.1
2026-02-15T14:39:11.609Z,0,20.37,50,OK,0.1
2026-02-15T14:39:11.660Z,0,20.48,50,OK,0.1
2026-02-15T14:39:11.710Z,0,20.47,50,OK,0.1
2026-02-15T14:39:11.761Z,0,20.44,50,OK,0.1
2026-02-15T14:39:11.811Z,0,20.45,50,OK,0.1
2026-02-15T14:39:11.862Z,0,20.42,50,OK,0.1
2026-02-15T14:39:11.913Z,0,20.36,50,OK,0.1
2026-02-15T14:39:11.963Z,0,20.40,50,OK,0.1
2026-02-15T14:39:12.013Z,0,20.45,50,OK,0.1
2026-02-15T14:39:12.064Z,0,20.48,50,OK,0.1
2026-02-15T14:39:12.115Z,0,20.51,50,OK,0.1
2026-02-15T14:39:12.165Z,0,20.49,50,OK,0.1
2026-02-15T14:39:12.215Z,0,20.47,50,OK,0.1
2026-02-15T14:39:12.266Z,0,20.43,50,OK,0.1
2026-02-15T14:39:12.317Z,0,20.28,50,OK,0.1
2026-02-15T14:39:12.367Z,0,20.26,50,OK,0.1
2026-02-15T14:39:12.418Z,0,20.27,50,OK,0.1
2026-02-15T14:39:12.468Z,0,20.25,50,OK,0.1
2026-02-15T14:39:12.518Z,0,20.23,50,OK,0.1
2026-02-15T14:39:12.568Z,0,20.33,50,OK,0.1
2026-02-15T14:39:12.619Z,0,20.35,50,OK,0.1
2026-02-15T14:39:12.670Z,0,20.33,50,OK,0.1
2026-02-15T14:39:12.721Z,0,20.36,50,OK,0.1
2026-02-15T14:39:12.772Z,0,20.41,50,OK,0.1
2026-02-15T14:39:12.822Z,0,20.22,50,OK,0.1
2026-02-15T14:39:12.873Z,0,20.25,50,OK,0.1
2026-02-15T14:39:12.924Z,0,20.27,50,OK,0.1
2026-02-15T14:39:12.974Z,0,20.31,50,OK,0.1
2026-02-15T14:39:13.024Z,0,20.27,50,OK,0.1
2026-02-15T14:39:13.074Z,0,20.42,50,OK,0.1
2026-02-15T14:39:13.124Z,0,20.38,50,OK,0.1
2026-02-15T14:39:13.175Z,0,20.37,50,OK,0.1
2026-02-15T14:39:13.225Z,0,20.29,50,OK,0.1
2026-02-15T14:39:13.276Z,0,20.32,50,OK,0.1
2026-02-15T14:39:13.326Z,0,20.40,50,OK,0.1
2026-02-15T14:39:13.377Z,0,20.40,50,OK,0.1
2026-02-15T14:39:13.428Z,0,20.43,50,OK,0.1
2026-02-15T14:39:13.478Z,0,20.43,50,OK,0.1
2026-02-15T14:39:13.529Z,0,20.44,50,OK,0.1
2026-02-15T14:39:13.578Z,0,20.38,50,OK,0.1
2026-02-15T14:39:13.628Z,0,20.33,50,OK,0.1
2026-02-15T14:39:13.679Z,0,20.08,50,OK,0.1
2026-02-15T14:39:13.728Z,0,20.09,50,OK,0.1
2026-02-15T14:39:13.778Z,0,20.05,50,OK,0.1
2026-02-15T14:39:13.829Z,0,20.08,50,OK,0.1
2026-02-15T14:39:13.879Z,0,20.13,50,OK,0.1
2026-02-15T14:39:13.929Z,0,20.36,50,OK,0.1
2026-02-15T14:39:13.980Z,0,20.38,50,OK,0.1
2026-02-15T14:39:14.030Z,0,20.40,50,OK,0.1
2026-02-15T14:39:14.081Z,0,20.39,50,OK,0.1
2026-02-15T14:39:14.132Z,0,20.38,50,OK,0.1
2026-02-15T14:39:14.182Z,0,20.38,50,OK,0.1
2026-02-15T14:39:14.232Z,0,20.39,50,OK,0.1
2026-02-15T14:39:14.282Z,0,20.33,50,OK,0.1
2026-02-15T14:39:14.332Z,0,20.35,50,OK,0.1
2026-02-15T14:39:14.382Z,0,20.41,50,OK,0.1
2026-02-15T14:39:14.432Z,0,20.40,50,OK,0.1
2026-02-15T14:39:14.482Z,0,20.43,50,OK,0.1
2026-02-15T14:39:14.532Z,0,20.52,50,OK,0.1
2026-02-15T14:39:14.583Z,0,20.44,50,OK,0.1
2026-02-15T14:39:14.634Z,0,20.39,50,OK,0.1
2026-02-15T14:39:14.684Z,0,20.45,50,OK,0.1
2026-02-15T14:39:14.735Z,0,20.40,50,OK,0.1
2026-02-15T14:39:14.786Z,0,20.30,50,OK,0.1
2026-02-15T14:39:14.836Z,0,20.35,50,OK,0.1
2026-02-15T14:39:14.887Z,0,20.28,50,OK,0.1
2026-02-15T14:39:14.938Z,0,20.20,50,OK,0.1
2026-02-15T14:39:14.989Z,0,20.14,50,OK,0.1
2026-02-15T14:39:15.039Z,0,20.19,50,OK,0.1
2026-02-15T14:39:15.089Z,0,20.18,50,OK,0.1
2026-02-15T14:39:15.140Z,0,20.23,50,OK,0.1
2026-02-15T14:39:15.191Z,0,20.24,50,OK,0.1
2026-02-15T14:39:15.242Z,0,20.32,50,OK,0.1
2026-02-15T14:39:15.293Z,0,20.27,50,OK,0.1
2026-02-15T14:39:15.344Z,0,20.30,50,OK,0.1
2026-02-15T14:39:15.393Z,0,20.22,50,OK,0.1
2026-02-15T14:39:15.444Z,0,20.21,50,OK,0.1
2026-02-15T14:39:15.494Z,0,20.18,50,OK,0.1
2026-02-15T14:39:15.544Z,0,20.27,50,OK,0.1
2026-02-15T14:39:15.595Z,0,20.30,50,OK,0.1
2026-02-15T14:39:15.646Z,0,20.38,50,OK,0.1
2026-02-15T14:39:15.696Z,0,20.30,50,OK,0.1
2026-02-15T14:39:15.746Z,0,20.31,50,OK,0.1
2026-02-15T14:39:15.796Z,0,20.29,50,OK,0.1
2026-02-15T14:39:15.847Z,0,20.24,50,OK,0.1
2026-02-15T14:39:15.897Z,0,20.16,50,OK,0.1
2026-02-15T14:39:15.947Z,0,20.23,50,OK,0.1
2026-02-15T14:39:15.996Z,0,20.23,50,OK,0.1
2026-02-15T14:39:16.046Z,0,20.17,50,OK,0.1
2026-02-15T14:39:16.097Z,0,20.11,50,OK,0.1
2026-02-15T14:39:16.148Z,0,20.25,50,OK,0.1
2026-02-15T14:39:16.199Z,0,20.16,50,OK,0.1
2026-02-15T14:39:16.250Z,0,20.20,50,OK,0.1
2026-02-15T14:39:16.301Z,0,20.18,50,OK,0.1
2026-02-15T14:39:16.352Z,0,20.27,50,OK,0.1
2026-02-15T14:39:16.403Z,0,20.28,50,OK,0.1
2026-02-15T14:39:16.454Z,0,20.38,50,OK,0.1
2026-02-15T14:39:16.504Z,0,20.40,50,OK,0.1
2026-02-15T14:39:16.554Z,0,20.48,50,OK,0.1
2026-02-15T14:39:16.605Z,0,20.42,50,OK,0.1
2026-02-15T14:39:16.655Z,0,20.40,50,OK,0.1
2026-02-15T14:39:16.705Z,0,20.42,50,OK,0.1
2026-02-15T14:39:16.756Z,0,20.37,50,OK,0.1
2026-02-15T14:39:16.805Z,0,20.40,50,OK,0.1
2026-02-15T14:39:16.856Z,0,20.44,50,OK,0.1
2026-02-15T14:39:16.905Z,0,20.24,50,OK,0.1
2026-02-15T14:39:16.956Z,0,20.12,50,OK,0.1
2026-02-15T14:39:17.006Z,0,20.11,50,OK,0.1
2026-02-15T14:39:17.057Z,0,20.07,50,OK,0.1
2026-02-15T14:39:17.108Z,0,20.16,50,OK,0.1
2026-02-15T14:39:17.158Z,0,20.31,50,OK,0.1
2026-02-15T14:39:17.209Z,0,20.51,50,OK,0.1
2026-02-15T14:39:17.259Z,0,20.56,50,OK,0.1
2026-02-15T14:39:17.308Z,0,20.54,50,OK,0.1
2026-02-15T14:39:17.358Z,0,20.47,50,OK,0.1
2026-02-15T14:39:17.409Z,0,20.57,50,OK,0.1
2026-02-15T14:39:17.460Z,0,20.46,50,OK,0.1
2026-02-15T14:39:17.510Z,0,20.51,50,OK,0.1
2026-02-15T14:39:17.561Z,0,20.55,50,OK,0.1
2026-02-15T14:39:17.610Z,0,20.66,50,OK,0.1
2026-02-15T14:39:17.660Z,0,20.57,50,OK,0.1
2026-02-15T14:39:17.711Z,0,20.66,50,OK,0.1
2026-02-15T14:39:17.761Z,0,20.58,50,OK,0.1
2026-02-15T14:39:17.812Z,0,20.48,50,OK,0.1
2026-02-15T14:39:17.863Z,0,20.33,50,OK,0.1
2026-02-15T14:39:17.914Z,0,20.27,50,OK,0.1
2026-02-15T14:39:17.963Z,0,20.19,50,OK,0.1
2026-02-15T14:39:18.013Z,0,20.18,50,OK,0.1
2026-02-15T14:39:18.064Z,0,20.28,50,OK,0.1
2026-02-15T14:39:18.115Z,0,20.41,50,OK,0.1
2026-02-15T14:39:18.166Z,0,20.49,50,OK,0.1
2026-02-15T14:39:18.217Z,0,20.56,50,OK,0.1
2026-02-15T14:39:18.268Z,0,20.54,50,OK,0.1
2026-02-15T14:39:18.317Z,0,20.55,50,OK,0.1
2026-02-15T14:39:18.367Z,0,20.47,50,OK,0.1
2026-02-15T14:39:18.417Z,0,20.41,50,OK,0.1
2026-02-15T14:39:18.468Z,0,20.34,50,OK,0.1
2026-02-15T14:39:18.518Z,0,20.38,50,OK,0.1
2026-02-15T14:39:18.569Z,0,20.38,50,OK,0.1
2026-02-15T14:39:18.618Z,0,20.39,50,OK,0.1
2026-02-15T14:39:18.669Z,0,20.45,50,OK,0.1
2026-02-15T14:39:18.719Z,0,20.30,50,OK,0.1
2026-02-15T14:39:18.768Z,0,20.20,50,OK,0.1
2026-02-15T14:39:18.818Z,0,20.27,50,OK,0.1
2026-02-15T14:39:18.868Z,0,20.23,50,OK,0.1
2026-02-15T14:39:18.918Z,0,20.30,50,OK,0.1
2026-02-15T14:39:18.969Z,0,20.44,50,OK,0.1
2026-02-15T14:39:19.020Z,0,20.60,50,OK,0.1
2026-02-15T14:39:19.071Z,0,20.52,50,OK,0.1
2026-02-15T14:39:19.122Z,0,20.53,50,OK,0.1
2026-02-15T14:39:19.172Z,0,20.44,50,OK,0.1
2026-02-15T14:39:19.223Z,0,20.52,50,OK,0.1
2026-02-15T14:39:19.273Z,0,20.43,50,OK,0.1
2026-02-15T14:39:19.323Z,0,20.52,50,OK,0.1
2026-02-15T14:39:19.374Z,0,20.52,50,OK,0.1
2026-02-15T14:39:19.424Z,0,20.56,50,OK,0.1
2026-02-15T14:39:19.474Z,0,20.51,50,OK,0.1
2026-02-15T14:39:19.525Z,0,20.50,50,OK,0.1
2026-02-15T14:39:19.575Z,0,20.41,50,OK,0.1
2026-02-15T14:39:19.626Z,0,20.44,50,OK,0.1
2026-02-15T14:39:19.677Z,0,20.42,50,OK,0.1
2026-02-15T14:39:19.728Z,0,20.40,50,OK,0.1
2026-02-15T14:39:19.778Z,0,20.40,50,OK,0.1
2026-02-15T14:39:19.829Z,0,20.42,50,OK,0.1
2026-02-15T14:39:19.879Z,0,20.42,50,OK,0.1
2026-02-15T14:39:19.929Z,0,20.40,50,OK,0.1
2026-02-15T14:39:19.980Z,0,20.41,50,OK,0.1
2026-02-15T14:39:20.031Z,0,20.38,50,OK,0.1
2026-02-15T14:39:20.082Z,0,20.42,50,OK,0.1
2026-02-15T14:39:20.133Z,0,20.37,50,OK,0.1
2026-02-15T14:39:20.183Z,0,20.38,50,OK,0.1
2026-02-15T14:39:20.233Z,0,20.46,50,OK,0.1
2026-02-15T14:39:20.283Z,0,20.50,50,OK,0.1
2026-02-15T14:39:20.334Z,0,20.51,50,OK,0.1
2026-02-15T14:39:20.385Z,0,20.49,50,OK,0.1
2026-02-15T14:39:20.436Z,0,20.42,50,OK,0.1
2026-02-15T14:39:20.486Z,0,20.33,50,OK,0.1
2026-02-15T14:39:20.536Z,0,20.36,50,OK,0.1
2026-02-15T14:39:20.587Z,0,20.33,50,OK,0.1
2026-02-15T14:39:20.638Z,0,20.32,50,OK,0.1
2026-02-15T14:39:20.688Z,0,20.36,50,OK,0.1
2026-02-15T14:39:20.739Z,0,20.40,50,OK,0.1
2026-02-15T14:39:20.790Z,0,20.37,50,OK,0.1
2026-02-15T14:39:20.839Z,0,20.35,50,OK,0.1
2026-02-15T14:39:20.890Z,0,20.39,50,OK,0.1
2026-02-15T14:39:20.941Z,0,20.49,50,OK,0.1
2026-02-15T14:39:20.992Z,0,20.46,50,OK,0.1
2026-02-15T14:39:21.043Z,0,20.45,50,OK,0.1
2026-02-15T14:39:21.094Z,0,20.26,50,OK,0.1
2026-02-15T14:39:21.143Z,0,20.26,50,OK,0.1
2026-02-15T14:39:21.193Z,0,20.19,50,OK,0.1
2026-02-15T14:39:21.244Z,0,20.17,50,OK,0.1
2026-02-15T14:39:21.294Z,0,20.19,50,OK,0.1
2026-02-15T14:39:21.345Z,0,20.30,50,OK,0.1
2026-02-15T14:39:21.396Z,0,20.28,50,OK,0.1
2026-02-15T14:39:21.447Z,0,20.30,50,OK,0.1
2026-02-15T14:39:21.497Z,0,20.31,50,OK,0.1
2026-02-15T14:39:21.548Z,0,20.32,50,OK,0.1
2026-02-15T14:39:21.599Z,0,20.43,50,OK,0.1
2026-02-15T14:39:21.650Z,0,20.49,50,OK,0.1
2026-02-15T14:39:21.700Z,0,20.48,50,OK,0.1
2026-02-15T14:39:21.750Z,0,20.48,50,OK,0.1
2026-02-15T14:39:21.800Z,0,20.47,50,OK,0.1
2026-02-15T14:39:21.851Z,0,20.43,50,OK,0.1
2026-02-15T14:39:21.902Z,0,20.38,50,OK,0.1
2026-02-15T14:39:21.952Z,0,20.41,50,OK,0.1
2026-02-15T14:39:22.003Z,0,20.39,50,OK,0.1
2026-02-15T14:39:22.054Z,0,20.37,50,OK,0.1
2026-02-15T14:39:22.104Z,0,20.40,50,OK,0.1
2026-02-15T14:39:22.154Z,0,20.40,50,OK,0.1
2026-02-15T14:39:22.205Z,0,20.39,50,OK,0.1
2026-02-15T14:39:22.254Z,0,20.23,50,OK,0.1
2026-02-15T14:39:22.305Z,0,20.30,50,OK,0.1
2026-02-15T14:39:22.355Z,0,20.27,50,OK,0.1
2026-02-15T14:39:22.405Z,0,20.26,50,OK,0.1
2026-02-15T14:39:22.455Z,0,20.26,50,OK,0.1
2026-02-15T14:39:22.506Z,0,20.43,50,OK,0.1
2026-02-15T14:39:22.556Z,0,20.34,50,OK,0.1
2026-02-15T14:39:22.606Z,0,20.34,50,OK,0.1
2026-02-15T14:39:22.657Z,0,20.32,50,OK,0.1
2026-02-15T14:39:22.707Z,0,20.30,50,OK,0.1
2026-02-15T14:39:22.757Z,0,20.30,50,OK,0.1
2026-02-15T14:39:22.807Z,0,20.32,50,OK,0.1
2026-02-15T14:39:22.857Z,0,20.30,50,OK,0.1
2026-02-15T14:39:22.907Z,0,20.26,50,OK,0.1
2026-02-15T14:39:22.958Z,0,20.24,50,OK,0.1
2026-02-15T14:39:23.009Z,0,20.19,50,OK,0.1
2026-02-15T14:39:23.059Z,0,20.19,50,OK,0.1
2026-02-15T14:39:23.110Z,0,20.23,50,OK,0.1
2026-02-15T14:39:23.160Z,0,20.28,50,OK,0.1
2026-02-15T14:39:23.211Z,0,20.28,50,OK,0.1
2026-02-15T14:39:23.261Z,0,20.37,50,OK,0.1
2026-02-15T14:39:23.311Z,0,20.36,50,OK,0.1
2026-02-15T14:39:23.362Z,0,20.34,50,OK,0.1
2026-02-15T14:39:23.412Z,0,20.37,50,OK,0.1
2026-02-15T14:39:23.463Z,0,20.37,50,OK,0.1
2026-02-15T14:39:23.513Z,0,20.34,50,OK,0.1
2026-02-15T14:39:23.563Z,0,20.35,50,OK,0.1
2026-02-15T14:39:23.614Z,0,20.37,50,OK,0.1
2026-02-15T14:39:23.664Z,0,20.37,50,OK,0.1
2026-02-15T14:39:23.715Z,0,20.45,50,OK,0.1
2026-02-15T14:39:23.764Z,0,20.46,50,OK,0.1
2026-02-15T14:39:23.815Z,0,20.42,50,OK,0.1
2026-02-15T14:39:23.865Z,0,20.42,50,OK,0.1
2026-02-15T14:39:23.916Z,0,20.41,50,OK,0.1
2026-02-15T14:39:23.965Z,0,20.35,50,OK,0.1
2026-02-15T14:39:24.015Z,0,20.31,50,OK,0.1
2026-02-15T14:39:24.065Z,0,20.39,50,OK,0.1
2026-02-15T14:39:24.115Z,0,20.39,50,OK,0.1
2026-02-15T14:39:24.166Z,0,20.25,50,OK,0.1
2026-02-15T14:39:24.216Z,0,20.16,50,OK,0.1
2026-02-15T14:39:24.266Z,0,20.21,50,OK,0.1
2026-02-15T14:39:24.317Z,0,20.10,50,OK,0.1
2026-02-15T14:39:24.367Z,0,20.13,50,OK,0.1
2026-02-15T14:39:24.417Z,0,20.22,50,OK,0.1
2026-02-15T14:39:24.467Z,0,20.30,50,OK,0.1
2026-02-15T14:39:24.517Z,0,20.34,50,OK,0.1
2026-02-15T14:39:24.568Z,0,20.40,50,OK,0.1
2026-02-15T14:39:24.618Z,0,20.37,50,OK,0.1
2026-02-15T14:39:24.669Z,0,20.49,50,OK,0.1
2026-02-15T14:39:24.719Z,0,20.51,50,OK,0.1
2026-02-15T14:39:24.769Z,0,20.48,50,OK,0.1
2026-02-15T14:39:24.820Z,0,20.47,50,OK,0.1
2026-02-15T14:39:24.871Z,0,20.44,50,OK,0.1
2026-02-15T14:39:24.922Z,0,20.40,50,OK,0.1
2026-02-15T14:39:24.972Z,0,20.35,50,OK,0.1
2026-02-15T14:39:25.022Z,0,20.32,50,OK,0.1
2026-02-15T14:39:25.072Z,0,20.38,50,OK,0.1
2026-02-15T14:39:25.122Z,0,20.39,50,OK,0.1
2026-02-15T14:39:25.172Z,0,20.37,50,OK,0.1
2026-02-15T14:39:25.223Z,0,20.39,50,OK,0.1
2026-02-15T14:39:25.274Z,0,20.41,50,OK,0.1
2026-02-15T14:39:25.323Z,0,20.35,50,OK,0.1
2026-02-15T14:39:25.373Z,0,20.35,50,OK,0.1
2026-02-15T14:39:25.424Z,0,20.32,50,OK,0.1
2026-02-15T14:39:25.474Z,0,20.28,50,OK,0.1
2026-02-15T14:39:25.525Z,0,20.24,50,OK,0.1
2026-02-15T14:39:25.574Z,0,20.21,50,OK,0.1
2026-02-15T14:39:25.624Z,0,20.19,50,OK,0.1
2026-02-15T14:39:25.675Z,0,20.24,50,OK,0.1
2026-02-15T14:39:25.724Z,0,20.24,50,OK,0.1
2026-02-15T14:39:25.774Z,0,20.25,50,OK,0.1
2026-02-15T14:39:25.825Z,0,20.24,50,OK,0.1
2026-02-15T14:39:25.876Z,0,20.24,50,OK,0.1
2026-02-15T14:39:25.925Z,0,20.19,50,OK,0.1
2026-02-15T14:39:25.975Z,0,20.19,50,OK,0.1
2026-02-15T14:39:26.025Z,0,20.21,50,OK,0.1
2026-02-15T14:39:26.075Z,0,20.22,50,OK,0.1
2026-02-15T14:39:26.126Z,0,20.27,50,OK,0.1
2026-02-15T14:39:26.176Z,0,20.29,50,OK,0.1
2026-02-15T14:39:26.227Z,0,20.34,50,OK,0.1
2026-02-15T14:39:26.278Z,0,20.31,50,OK,0.1
2026-02-15T14:39:26.329Z,0,20.38,50,OK,0.1
2026-02-15T14:39:26.380Z,0,20.36,50,OK,0.1
2026-02-15T14:39:26.430Z,0,20.44,50,OK,0.1
2026-02-15T14:39:26.481Z,0,20.43,50,OK,0.1
2026-02-15T14:39:26.530Z,0,20.51,50,OK,0.1
2026-02-15T14:39:26.581Z,0,20.46,50,OK,0.1
2026-02-15T14:39:26.631Z,0,20.51,50,OK,0.1
2026-02-15T14:39:26.682Z,0,20.49,50,OK,0.1
2026-02-15T14:39:26.732Z,0,20.51,50,OK,0.1
2026-02-15T14:39:26.783Z,0,20.52,50,OK,0.1
2026-02-15T14:39:26.834Z,0,20.55,50,OK,0.1
2026-02-15T14:39:26.883Z,0,20.48,50,OK,0.1
2026-02-15T14:39:26.934Z,0,20.44,50,OK,0.1
2026-02-15T14:39:26.985Z,0,20.49,50,OK,0.1
2026-02-15T14:39:27.035Z,0,20.54,50,OK,0.1
2026-02-15T14:39:27.086Z,0,20.53,50,OK,0.1
2026-02-15T14:39:27.136Z,0,20.41,50,OK,0.1
2026-02-15T14:39:27.186Z,0,20.37,50,OK,0.1
2026-02-15T14:39:27.236Z,0,20.32,50,OK,0.1
2026-02-15T14:39:27.286Z,0,20.19,50,OK,0.1
2026-02-15T14:39:27.336Z,0,20.05,50,OK,0.1
2026-02-15T14:39:27.387Z,0,20.18,50,OK,0.1
2026-02-15T14:39:27.438Z,0,20.14,50,OK,0.1
2026-02-15T14:39:27.487Z,0,20.10,50,OK,0.1
2026-02-15T14:39:27.538Z,0,20.21,50,OK,0.1
2026-02-15T14:39:27.589Z,0,20.33,50,OK,0.1
2026-02-15T14:39:27.640Z,0,20.25,50,OK,0.1
2026-02-15T14:39:27.691Z,0,20.32,50,OK,0.1
2026-02-15T14:39:27.741Z,0,20.40,50,OK,0.1
2026-02-15T14:39:27.791Z,0,20.32,50,OK,0.1
2026-02-15T14:39:27.842Z,0,20.43,50,OK,0.1
2026-02-15T14:39:27.893Z,0,20.56,50,OK,0.1
2026-02-15T14:39:27.943Z,0,20.67,50,OK,0.1
2026-02-15T14:39:27.994Z,0,20.62,50,OK,0.1
2026-02-15T14:39:28.044Z,0,20.77,50,OK,0.1
2026-02-15T14:39:28.095Z,0,20.70,50,OK,0.1
2026-02-15T14:39:28.144Z,0,20.69,50,OK,0.1
2026-02-15T14:39:28.195Z,0,20.51,50,OK,0.1
2026-02-15T14:39:28.245Z,0,20.49,50,OK,0.1
2026-02-15T14:39:28.294Z,0,20.36,50,OK,0.1
2026-02-15T14:39:28.345Z,0,20.26,50,OK,0.1
2026-02-15T14:39:28.399Z,0,20.24,50,OK,0.1
2026-02-15T14:39:28.446Z,0,20.25,50,OK,0.1
2026-02-15T14:39:28.496Z,0,20.22,50,OK,0.1
2026-02-15T14:39:28.547Z,0,20.23,50,OK,0.1
2026-02-15T14:39:28.597Z,0,20.30,50,OK,0.1
2026-02-15T14:39:28.648Z,0,20.30,50,OK,0.1
2026-02-15T14:39:28.698Z,0,20.34,50,OK,0.1
2026-02-15T14:39:28.748Z,0,20.38,50,OK,0.1
2026-02-15T14:39:28.798Z,0,20.37,50,OK,0.1
2026-02-15T14:39:28.848Z,0,20.37,50,OK,0.1
2026-02-15T14:39:28.898Z,0,20.33,50,OK,0.1
2026-02-15T14:39:28.949Z,0,20.24,50,OK,0.1
2026-02-15T14:39:29.000Z,0,20.20,50,OK,0.1
2026-02-15T14:39:29.051Z,0,20.15,50,OK,0.1
2026-02-15T14:39:29.102Z,0,20.16,50,OK,0.1
2026-02-15T14:39:29.151Z,0,20.25,50,OK,0.1
2026-02-15T14:39:29.201Z,0,20.31,50,OK,0.1
2026-02-15T14:39:29.252Z,0,20.29,50,OK,0.1
2026-02-15T14:39:29.302Z,0,20.28,50,OK,0.1
2026-02-15T14:39:29.353Z,0,20.35,50,OK,0.1
2026-02-15T14:39:29.403Z,0,20.30,50,OK,0.1
2026-02-15T14:39:29.454Z,0,20.36,50,OK,0.1
2026-02-15T14:39:29.504Z,0,20.39,50,OK,0.1
2026-02-15T14:39:29.554Z,0,20.36,50,OK,0.1
2026-02-15T14:39:29.604Z,0,20.27,50,OK,0.1
2026-02-15T14:39:29.655Z,0,20.17,50,OK,0.1
2026-02-15T14:39:29.706Z,0,20.13,50,OK,0.1
2026-02-15T14:39:29.757Z,0,20.10,50,OK,0.1
2026-02-15T14:39:29.807Z,0,20.19,50,OK,0.1
2026-02-15T14:39:29.858Z,0,20.30,50,OK,0.1
2026-02-15T14:39:29.908Z,0,20.44,50,OK,0.1
2026-02-15T14:39:29.958Z,0,20.37,50,OK,0.1
2026-02-15T14:39:30.008Z,0,20.46,50,OK,0.1
2026-02-15T14:39:30.059Z,0,20.39,50,OK,0.1
2026-02-15T14:39:30.109Z,0,20.30,50,OK,0.1
2026-02-15T14:39:30.159Z,0,20.33,50,OK,0.1
2026-02-15T14:39:30.210Z,0,20.42,50,OK,0.1
2026-02-15T14:39:30.260Z,0,20.47,50,OK,0.1
2026-02-15T14:39:30.311Z,0,20.55,50,OK,0.1
2026-02-15T14:39:30.361Z,0,20.53,50,OK,0.1
2026-02-15T14:39:30.412Z,0,20.44,50,OK,0.1
2026-02-15T14:39:30.462Z,0,20.35,50,OK,0.1
2026-02-15T14:39:30.512Z,0,20.25,50,OK,0.1
2026-02-15T14:39:30.562Z,0,20.37,50,OK,0.1
2026-02-15T14:39:30.613Z,0,20.39,50,OK,0.1
2026-02-15T14:39:30.663Z,0,20.27,50,OK,0.1
2026-02-15T14:39:30.713Z,0,20.40,50,OK,0.1
2026-02-15T14:39:30.764Z,0,20.31,50,OK,0.1
2026-02-15T14:39:30.813Z,0,20.21,50,OK,0.1
2026-02-15T14:39:30.863Z,0,20.14,50,OK,0.1
2026-02-15T14:39:30.914Z,0,20.28,50,OK,0.1
2026-02-15T14:39:30.965Z,0,20.17,50,OK,0.1
2026-02-15T14:39:31.015Z,0,20.24,50,OK,0.1
2026-02-15T14:39:31.066Z,0,20.13,50,OK,0.1
2026-02-15T14:39:31.117Z,0,20.20,50,OK,0.1
2026-02-15T14:39:31.168Z,0,20.13,50,OK,0.1
2026-02-15T14:39:31.218Z,0,20.20,50,OK,0.1
2026-02-15T14:39:31.269Z,0,20.15,50,OK,0.1
2026-02-15T14:39:31.319Z,0,20.25,50,OK,0.1
2026-02-15T14:39:31.370Z,0,20.28,50,OK,0.1
2026-02-15T14:39:31.420Z,0,20.36,50,OK,0.1
2026-02-15T14:39:31.471Z,0,20.38,50,OK,0.1
2026-02-15T14:39:31.520Z,0,20.44,50,OK,0.1
2026-02-15T14:39:31.571Z,0,20.36,50,OK,0.1
2026-02-15T14:39:31.621Z,0,20.29,50,OK,0.1
2026-02-15T14:39:31.671Z,0,20.31,50,OK,0.1
2026-02-15T14:39:31.722Z,0,20.30,50,OK,0.1
2026-02-15T14:39:31.772Z,0,20.33,50,OK,0.1
2026-02-15T14:39:31.823Z,0,20.38,50,OK,0.1
2026-02-15T14:39:31.873Z,0,20.45,50,OK,0.1
2026-02-15T14:39:31.923Z,0,20.43,50,OK,0.1
2026-02-15T14:39:31.974Z,0,20.36,50,OK,0.1
2026-02-15T14:39:32.025Z,0,20.35,50,OK,0.1
2026-02-15T14:39:32.075Z,0,20.32,50,OK,0.1
2026-02-15T14:39:32.126Z,0,20.26,50,OK,0.1
2026-02-15T14:39:32.177Z,0,20.31,50,OK,0.1
2026-02-15T14:39:32.227Z,0,20.36,50,OK,0.1
2026-02-15T14:39:32.278Z,0,20.30,50,OK,0.1
2026-02-15T14:39:32.328Z,0,20.34,50,OK,0.1
2026-02-15T14:39:32.378Z,0,20.31,50,OK,0.1
2026-02-15T14:39:32.429Z,0,20.25,50,OK,0.1
2026-02-15T14:39:32.478Z,0,20.36,50,OK,0.1
2026-02-15T14:39:32.529Z,0,20.49,50,OK,0.1
2026-02-15T14:39:32.579Z,0,20.62,50,OK,0.1
2026-02-15T14:39:32.630Z,0,20.67,50,OK,0.1
2026-02-15T14:39:32.680Z,0,20.54,50,OK,0.1
2026-02-15T14:39:32.731Z,0,20.46,50,OK,0.1
2026-02-15T14:39:32.781Z,0,20.49,50,OK,0.1
2026-02-15T14:39:32.831Z,0,20.42,50,OK,0.1
2026-02-15T14:39:32.882Z,0,20.32,50,OK,0.1
2026-02-15T14:39:32.932Z,0,20.44,50,OK,0.1
2026-02-15T14:39:32.983Z,0,20.46,50,OK,0.1
2026-02-15T14:39:33.033Z,0,20.33,50,OK,0.1
2026-02-15T14:39:33.084Z,0,20.28,50,OK,0.1
2026-02-15T14:39:33.135Z,0,20.41,50,OK,0.1
2026-02-15T14:39:33.184Z,0,20.41,50,OK,0.1
2026-02-15T14:39:33.235Z,0,20.39,50,OK,0.1
2026-02-15T14:39:33.285Z,0,20.38,50,OK,0.1
2026-02-15T14:39:33.336Z,0,20.35,50,OK,0.1
2026-02-15T14:39:33.387Z,0,20.35,50,OK,0.1
2026-02-15T14:39:33.438Z,0,20.35,50,OK,0.1
2026-02-15T14:39:33.489Z,0,20.26,50,OK,0.1
2026-02-15T14:39:33.540Z,0,20.31,50,OK,0.1
2026-02-15T14:39:33.590Z,0,20.23,50,OK,0.1
2026-02-15T14:39:33.640Z,0,20.22,50,OK,0.1
2026-02-15T14:39:33.691Z,0,20.12,50,OK,0.1
2026-02-15T14:39:33.741Z,0,20.23,50,OK,0.1
2026-02-15T14:39:33.791Z,0,20.14,50,OK,0.1
2026-02-15T14:39:33.841Z,0,20.26,50,OK,0.1
2026-02-15T14:39:33.891Z,0,20.28,50,OK,0.1
2026-02-15T14:39:33.941Z,0,20.34,50,OK,0.1
2026-02-15T14:39:33.992Z,0,20.30,50,OK,0.1
2026-02-15T14:39:34.042Z,0,20.34,50,OK,0.1
2026-02-15T14:39:34.093Z,0,20.24,50,OK,0.1
2026-02-15T14:39:34.144Z,0,20.19,50,OK,0.1
2026-02-15T14:39:34.194Z,0,20.15,50,OK,0.1
2026-02-15T14:39:34.245Z,0,20.17,50,OK,0.1
2026-02-15T14:39:34.296Z,0,20.27,50,OK,0.1
2026-02-15T14:39:34.346Z,0,20.30,50,OK,0.1
2026-02-15T14:39:34.396Z,0,20.31,50,OK,0.1
2026-02-15T14:39:34.447Z,0,20.39,50,OK,0.1
2026-02-15T14:39:34.498Z,0,20.29,50,OK,0.1
2026-02-15T14:39:34.549Z,0,20.22,50,OK,0.1
2026-02-15T14:39:34.600Z,0,20.24,50,OK,0.1
2026-02-15T14:39:34.651Z,0,20.23,50,OK,0.1
2026-02-15T14:39:34.702Z,0,20.16,50,OK,0.1
2026-02-15T14:39:34.752Z,0,20.23,50,OK,0.1
2026-02-15T14:39:34.802Z,0,20.21,50,OK,0.1
2026-02-15T14:39:34.852Z,0,20.25,50,OK,0.1
2026-02-15T14:39:34.903Z,0,20.29,50,OK,0.1
2026-02-15T14:39:34.954Z,0,20.37,50,OK,0.1
2026-02-15T14:39:35.005Z,0,20.41,50,OK,0.1
2026-02-15T14:39:35.055Z,0,20.40,50,OK,0.1
2026-02-15T14:39:35.106Z,0,20.45,50,OK,0.1
2026-02-15T14:39:35.156Z,0,20.44,50,OK,0.1
2026-02-15T14:39:35.207Z,0,20.37,50,OK,0.1
2026-02-15T14:39:35.257Z,0,20.35,50,OK,0.1
2026-02-15T14:39:35.307Z,0,20.36,50,OK,0.1
2026-02-15T14:39:35.358Z,0,20.29,50,OK,0.1
2026-02-15T14:39:35.409Z,0,20.30,50,OK,0.1
2026-02-15T14:39:35.460Z,0,20.34,50,OK,0.1
2026-02-15T14:39:35.511Z,0,20.31,50,OK,0.1
2026-02-15T14:39:35.562Z,0,20.31,50,OK,0.1
2026-02-15T14:39:35.613Z,0,20.34,50,OK,0.1
2026-02-15T14:39:35.664Z,0,20.29,50,OK,0.1
2026-02-15T14:39:35.715Z,0,20.30,50,OK,0.1
2026-02-15T14:39:35.766Z,0,20.32,50,OK,0.1
2026-02-15T14:39:35.816Z,0,20.31,50,OK,0.1
2026-02-15T14:39:35.867Z,0,20.27,50,OK,0.1
2026-02-15T14:39:35.917Z,0,20.28,50,OK,0.1
2026-02-15T14:39:35.967Z,0,20.23,50,OK,0.1
2026-02-15T14:39:36.018Z,0,20.21,50,OK,0.1
2026-02-15T14:39:36.068Z,0,20.19,50,OK,0.1
2026-02-15T14:39:36.119Z,0,20.19,50,OK,0.1
2026-02-15T14:39:36.169Z,0,20.21,50,OK,0.1
2026-02-15T14:39:36.219Z,0,20.23,50,OK,0.1
2026-02-15T14:39:36.270Z,0,20.25,50,OK,0.1
2026-02-15T14:39:36.320Z,0,20.26,50,OK,0.1
2026-02-15T14:39:36.371Z,0,20.26,50,OK,0.1
2026-02-15T14:39:36.422Z,0,20.25,50,OK,0.1
2026-02-15T14:39:36.471Z,0,20.25,50,OK,0.1
2026-02-15T14:39:36.521Z,0,20.24,50,OK,0.1
2026-02-15T14:39:36.571Z,0,20.24,50,OK,0.1
2026-02-15T14:39:36.621Z,0,20.23,50,OK,0.1
2026-02-15T14:39:36.671Z,0,20.24,50,OK,0.1
2026-02-15T14:39:36.721Z,0,20.24,50,OK,0.1
2026-02-15T14:39:36.772Z,0,20.24,50,OK,0.1
2026-02-15T14:39:36.821Z,0,20.24,50,OK,0.1
2026-02-15T14:39:36.871Z,0,20.24,50,OK,0.1
2026-02-15T14:39:36.921Z,0,20.24,50,OK,0.1
2026-02-15T14:39:36.971Z,0,20.22,50,OK,0.1
2026-02-15T14:39:37.022Z,0,20.22,50,OK,0.1
2026-02-15T14:39:37.072Z,0,20.19,50,OK,0.1
2026-02-15T14:39:37.123Z,0,20.20,50,OK,0.1
2026-02-15T14:39:37.173Z,0,20.19,50,OK,0.1
2026-02-15T14:39:37.223Z,0,20.20,50,OK,0.1
2026-02-15T14:39:37.274Z,0,20.19,50,OK,0.1
2026-02-15T14:39:37.323Z,0,20.25,50,OK,0.1
2026-02-15T14:39:37.374Z,0,20.24,50,OK,0.1
2026-02-15T14:39:37.425Z,0,20.25,50,OK,0.1
2026-02-15T14:39:37.474Z,0,20.25,50,OK,0.1
2026-02-15T14:39:37.524Z,0,20.25,50,OK,0.1
2026-02-15T14:39:37.574Z,0,20.23,50,OK,0.1
2026-02-15T14:39:37.625Z,0,20.22,50,OK,0.1
2026-02-15T14:39:37.676Z,0,20.22,50,OK,0.1
2026-02-15T14:39:37.725Z,0,20.23,50,OK,0.1
2026-02-15T14:39:37.776Z,0,20.25,50,OK,0.1
2026-02-15T14:39:37.826Z,0,20.24,50,OK,0.1
2026-02-15T14:39:37.876Z,0,20.27,50,OK,0.1
2026-02-15T14:39:37.927Z,0,20.29,50,OK,0.1
2026-02-15T14:39:37.977Z,0,20.28,50,OK,0.1
2026-02-15T14:39:38.028Z,0,20.27,50,OK,0.1
2026-02-15T14:39:38.079Z,0,20.29,50,OK,0.1
2026-02-15T14:39:38.129Z,0,20.29,50,OK,0.1
2026-02-15T14:39:38.180Z,0,20.30,50,OK,0.1
2026-02-15T14:39:38.231Z,0,20.32,50,OK,0.1
2026-02-15T14:39:38.281Z,0,20.38,50,OK,0.1
2026-02-15T14:39:38.332Z,0,20.37,50,OK,0.1
2026-02-15T14:39:38.381Z,0,20.40,50,OK,0.1
2026-02-15T14:39:38.431Z,0,20.36,50,OK,0.1
2026-02-15T14:39:38.482Z,0,20.35,50,OK,0.1
2026-02-15T14:39:38.533Z,0,20.33,50,OK,0.1
2026-02-15T14:39:38.583Z,0,20.29,50,OK,0.1
2026-02-15T14:39:38.633Z,0,20.25,50,OK,0.1
2026-02-15T14:39:38.683Z,0,20.27,50,OK,0.1
2026-02-15T14:39:38.733Z,0,20.36,50,OK,0.1
2026-02-15T14:39:38.783Z,0,20.36,50,OK,0.1
2026-02-15T14:39:38.833Z,0,20.40,50,OK,0.1
2026-02-15T14:39:38.884Z,0,20.40,50,OK,0.1
2026-02-15T14:39:38.935Z,0,20.43,50,OK,0.1
2026-02-15T14:39:38.985Z,0,20.36,50,OK,0.1
2026-02-15T14:39:39.035Z,0,20.31,50,OK,0.1
2026-02-15T14:39:39.085Z,0,20.29,50,OK,0.1
2026-02-15T14:39:39.135Z,0,20.32,50,OK,0.1
2026-02-15T14:39:39.186Z,0,20.34,50,OK,0.1
2026-02-15T14:39:39.236Z,0,20.35,50,OK,0.1
2026-02-15T14:39:39.287Z,0,20.43,50,OK,0.1
2026-02-15T14:39:39.337Z,0,20.48,50,OK,0.1
2026-02-15T14:39:39.387Z,0,20.48,50,OK,0.1
2026-02-15T14:39:39.438Z,0,20.47,50,OK,0.1
2026-02-15T14:39:39.488Z,0,20.45,50,OK,0.1
2026-02-15T14:39:39.538Z,0,20.45,50,OK,0.1
2026-02-15T14:39:39.589Z,0,20.44,50,OK,0.1
2026-02-15T14:39:39.639Z,0,20.43,50,OK,0.1
2026-02-15T14:39:39.690Z,0,20.41,50,OK,0.1
2026-02-15T14:39:39.740Z,0,20.42,50,OK,0.1
2026-02-15T14:39:39.789Z,0,20.40,50,OK,0.1
2026-02-15T14:39:39.839Z,0,20.41,50,OK,0.1
2026-02-15T14:39:39.889Z,0,20.47,50,OK,0.1
2026-02-15T14:39:39.940Z,0,20.48,50,OK,0.1
2026-02-15T14:39:39.989Z,0,20.44,50,OK,0.1
2026-02-15T14:39:40.040Z,0,20.41,50,OK,0.1
2026-02-15T14:39:40.091Z,0,20.35,50,OK,0.1
2026-02-15T14:39:40.141Z,0,20.30,50,OK,0.1
2026-02-15T14:39:40.192Z,0,20.25,50,OK,0.1
2026-02-15T14:39:40.243Z,0,20.29,50,OK,0.1
2026-02-15T14:39:40.293Z,0,20.28,50,OK,0.1
2026-02-15T14:39:40.344Z,0,20.31,50,OK,0.1
2026-02-15T14:39:40.395Z,0,20.27,50,OK,0.1
2026-02-15T14:39:40.446Z,0,20.28,50,OK,0.1
2026-02-15T14:39:40.496Z,0,20.27,50,OK,0.1
2026-02-15T14:39:40.545Z,0,20.26,50,OK,0.1
2026-02-15T14:39:40.595Z,0,20.19,50,OK,0.1
2026-02-15T14:39:40.646Z,0,20.21,50,OK,0.1
2026-02-15T14:39:40.695Z,0,20.13,50,OK,0.1
2026-02-15T14:39:40.741Z,0,20.10,50,OK,0.1
2026-02-15T14:39:40.792Z,0,20.17,50,OK,0.1
2026-02-15T14:39:40.841Z,0,20.24,50,OK,0.1
2026-02-15T14:39:40.891Z,0,20.22,50,OK,0.1
2026-02-15T14:39:40.941Z,0,20.36,50,OK,0.1
2026-02-15T14:39:40.991Z,0,20.36,50,OK,0.1
2026-02-15T14:39:41.041Z,0,20.30,50,OK,0.1
2026-02-15T14:39:41.092Z,0,20.11,50,OK,0.1
2026-02-15T14:39:41.143Z,0,20.13,50,OK,0.1
2026-02-15T14:39:41.192Z,0,20.10,50,OK,0.1
2026-02-15T14:39:41.242Z,0,20.16,50,OK,0.1
2026-02-15T14:39:41.293Z,0,20.17,50,OK,0.1
2026-02-15T14:39:41.343Z,0,20.38,50,OK,0.1
2026-02-15T14:39:41.393Z,0,20.40,50,OK,0.1
2026-02-15T14:39:41.443Z,0,20.40,50,OK,0.1
2026-02-15T14:39:41.493Z,0,20.37,50,OK,0.1
2026-02-15T14:39:41.544Z,0,20.42,50,OK,0.1
2026-02-15T14:39:41.594Z,0,20.40,50,OK,0.1
2026-02-15T14:39:41.644Z,0,20.40,50,OK,0.1
2026-02-15T14:39:41.695Z,0,20.37,50,OK,0.1
2026-02-15T14:39:41.746Z,0,20.39,50,OK,0.1
2026-02-15T14:39:41.797Z,0,20.33,50,OK,0.1
2026-02-15T14:39:41.848Z,0,20.34,50,OK,0.1
2026-02-15T14:39:41.898Z,0,20.26,50,OK,0.1
2026-02-15T14:39:41.948Z,0,20.28,50,OK,0.1
2026-02-15T14:39:41.998Z,0,20.21,50,OK,0.1
2026-02-15T14:39:42.048Z,0,20.22,50,OK,0.1
2026-02-15T14:39:42.098Z,0,20.10,50,OK,0.1
2026-02-15T14:39:42.149Z,0,20.14,50,OK,0.1
2026-02-15T14:39:42.199Z,0,20.17,50,OK,0.1
2026-02-15T14:39:42.249Z,0,20.19,50,OK,0.1
2026-02-15T14:39:42.300Z,0,20.19,50,OK,0.1
2026-02-15T14:39:42.351Z,0,20.30,50,OK,0.1
2026-02-15T14:39:42.401Z,0,20.30,50,OK,0.1
2026-02-15T14:39:42.451Z,0,20.30,50,OK,0.1
2026-02-15T14:39:42.501Z,0,20.39,50,OK,0.1
2026-02-15T14:39:42.552Z,0,20.43,50,OK,0.1
2026-02-15T14:39:42.602Z,0,20.49,50,OK,0.1
2026-02-15T14:39:42.653Z,0,20.49,50,OK,0.1
2026-02-15T14:39:42.704Z,0,20.58,50,OK,0.1
2026-02-15T14:39:42.755Z,0,20.53,50,OK,0.1
2026-02-15T14:39:42.805Z,0,20.48,50,OK,0.1
2026-02-15T14:39:42.855Z,0,20.44,50,OK,0.1
2026-02-15T14:39:42.906Z,0,20.45,50,OK,0.1
2026-02-15T14:39:42.957Z,0,20.47,50,OK,0.1
2026-02-15T14:39:43.007Z,0,20.43,50,OK,0.1
2026-02-15T14:39:43.057Z,0,20.50,50,OK,0.1
2026-02-15T14:39:43.107Z,0,20.46,50,OK,0.1
2026-02-15T14:39:43.158Z,0,20.46,50,OK,0.1
2026-02-15T14:39:43.208Z,0,20.32,50,OK,0.1
2026-02-15T14:39:43.258Z,0,20.34,50,OK,0.1
2026-02-15T14:39:43.309Z,0,20.30,50,OK,0.1
2026-02-15T14:39:43.360Z,0,20.33,50,OK,0.1
2026-02-15T14:39:43.410Z,0,20.33,50,OK,0.1
2026-02-15T14:39:43.461Z,0,20.36,50,OK,0.1
2026-02-15T14:39:43.512Z,0,20.37,50,OK,0.1
2026-02-15T14:39:43.562Z,0,20.38,50,OK,0.1
2026-02-15T14:39:43.612Z,0,20.41,50,OK,0.1
2026-02-15T14:39:43.663Z,0,20.42,50,OK,0.1
2026-02-15T14:39:43.713Z,0,20.27,50,OK,0.1
2026-02-15T14:39:43.763Z,0,20.30,50,OK,0.1
2026-02-15T14:39:43.814Z,0,20.22,50,OK,0.1
2026-02-15T14:39:43.864Z,0,20.15,50,OK,0.1
2026-02-15T14:39:43.915Z,0,20.28,50,OK,0.1
2026-02-15T14:39:43.966Z,0,20.44,50,OK,0.1
2026-02-15T14:39:44.016Z,0,20.50,50,OK,0.1
2026-02-15T14:39:44.067Z,0,20.58,50,OK,0.1
2026-02-15T14:39:44.118Z,0,20.57,50,OK,0.1
2026-02-15T14:39:44.168Z,0,20.45,50,OK,0.1
2026-02-15T14:39:44.218Z,0,20.47,50,OK,0.1
2026-02-15T14:39:44.269Z,0,20.36,50,OK,0.1
2026-02-15T14:39:44.318Z,0,20.42,50,OK,0.1
2026-02-15T14:39:44.369Z,0,20.49,50,OK,0.1
2026-02-15T14:39:44.420Z,0,20.47,50,OK,0.1
2026-02-15T14:39:44.471Z,0,20.42,50,OK,0.1
2026-02-15T14:39:44.522Z,0,20.41,50,OK,0.1
2026-02-15T14:39:44.571Z,0,20.32,50,OK,0.1
2026-02-15T14:39:44.621Z,0,20.22,50,OK,0.1
2026-02-15T14:39:44.672Z,0,20.23,50,OK,0.1
2026-02-15T14:39:44.723Z,0,20.21,50,OK,0.1
2026-02-15T14:39:44.774Z,0,20.21,50,OK,0.1
2026-02-15T14:39:44.823Z,0,20.18,50,OK,0.1
2026-02-15T14:39:44.873Z,0,20.23,50,OK,0.1
2026-02-15T14:39:44.924Z,0,20.31,50,OK,0.1
2026-02-15T14:39:44.975Z,0,20.35,50,OK,0.1
2026-02-15T14:39:45.026Z,0,20.35,50,OK,0.1
2026-02-15T14:39:45.076Z,0,20.39,50,OK,0.1
2026-02-15T14:39:45.126Z,0,20.44,50,OK,0.1
2026-02-15T14:39:45.177Z,0,20.40,50,OK,0.1
2026-02-15T14:39:45.227Z,0,20.35,50,OK,0.1
2026-02-15T14:39:45.278Z,0,20.37,50,OK,0.1
2026-02-15T14:39:45.328Z,0,20.43,50,OK,0.1
2026-02-15T14:39:45.378Z,0,20.36,50,OK,0.1
2026-02-15T14:39:45.429Z,0,20.34,50,OK,0.1
2026-02-15T14:39:45.480Z,0,20.36,50,OK,0.1
2026-02-15T14:39:45.531Z,0,20.27,50,OK,0.1
2026-02-15T14:39:45.581Z,0,20.19,50,OK,0.1
2026-02-15T14:39:45.631Z,0,20.19,50,OK,0.1
2026-02-15T14:39:45.682Z,0,20.15,50,OK,0.1
2026-02-15T14:39:45.733Z,0,20.17,50,OK,0.1
2026-02-15T14:39:45.783Z,0,20.23,50,OK,0.1
2026-02-15T14:39:45.833Z,0,20.25,50,OK,0.1
2026-02-15T14:39:45.884Z,0,20.24,50,OK,0.1
2026-02-15T14:39:45.934Z,0,20.25,50,OK,0.1
2026-02-15T14:39:45.985Z,0,20.22,50,OK,0.1
2026-02-15T14:39:46.035Z,0,20.20,50,OK,0.1
2026-02-15T14:39:46.086Z,0,20.20,50,OK,0.1
2026-02-15T14:39:46.137Z,0,20.23,50,OK,0.1
2026-02-15T14:39:46.187Z,0,20.23,50,OK,0.1
2026-02-15T14:39:46.237Z,0,20.26,50,OK,0.1
2026-02-15T14:39:46.287Z,0,20.32,50,OK,0.1
2026-02-15T14:39:46.337Z,0,20.34,50,OK,0.1
2026-02-15T14:39:46.387Z,0,20.30,50,OK,0.1
2026-02-15T14:39:46.438Z,0,20.37,50,OK,0.1
2026-02-15T14:39:46.488Z,0,20.33,50,OK,0.1
2026-02-15T14:39:46.538Z,0,20.37,50,OK,0.1
2026-02-15T14:39:46.588Z,0,20.33,50,OK,0.1
2026-02-15T14:39:46.638Z,0,20.42,50,OK,0.1
2026-02-15T14:39:46.688Z,0,20.35,50,OK,0.1
2026-02-15T14:39:46.739Z,0,20.43,50,OK,0.1
2026-02-15T14:39:46.790Z,0,20.38,50,OK,0.1
2026-02-15T14:39:46.840Z,0,20.40,50,OK,0.1
2026-02-15T14:39:46.890Z,0,20.35,50,OK,0.1
2026-02-15T14:39:46.941Z,0,20.42,50,OK,0.1
2026-02-15T14:39:46.991Z,0,20.36,50,OK,0.1
2026-02-15T14:39:47.042Z,0,20.40,50,OK,0.1
2026-02-15T14:39:47.092Z,0,20.38,50,OK,0.1
2026-02-15T14:39:47.142Z,0,20.38,50,OK,0.1
2026-02-15T14:39:47.192Z,0,20.30,50,OK,0.1
2026-02-15T14:39:47.243Z,0,20.36,50,OK,0.1
2026-02-15T14:39:47.293Z,0,20.29,50,OK,0.1
2026-02-15T14:39:47.344Z,0,20.38,50,OK,0.1
2026-02-15T14:39:47.395Z,0,20.38,50,OK,0.1
2026-02-15T14:39:47.445Z,0,20.27,50,OK,0.1
2026-02-15T14:39:47.495Z,0,20.22,50,OK,0.1
2026-02-15T14:39:47.545Z,0,20.29,50,OK,0.1
2026-02-15T14:39:47.595Z,0,20.25,50,OK,0.1
2026-02-15T14:39:47.645Z,0,20.35,50,OK,0.1
2026-02-15T14:39:47.695Z,0,20.45,50,OK,0.1
2026-02-15T14:39:47.746Z,0,20.47,50,OK,0.1
2026-02-15T14:39:47.796Z,0,20.42,50,OK,0.1
2026-02-15T14:39:47.846Z,0,20.42,50,OK,0.1
2026-02-15T14:39:47.896Z,0,20.29,50,OK,0.1
2026-02-15T14:39:47.946Z,0,20.28,50,OK,0.1
2026-02-15T14:39:47.997Z,0,20.24,50,OK,0.1
2026-02-15T14:39:48.048Z,0,20.21,50,OK,0.1
2026-02-15T14:39:48.098Z,0,20.16,50,OK,0.1
2026-02-15T14:39:48.148Z,0,20.15,50,OK,0.1
2026-02-15T14:39:48.198Z,0,20.22,50,OK,0.1
2026-02-15T14:39:48.248Z,0,20.22,50,OK,0.1
2026-02-15T14:39:48.299Z,0,20.23,50,OK,0.1
2026-02-15T14:39:48.349Z,0,20.33,50,OK,0.1
2026-02-15T14:39:48.400Z,0,20.34,50,OK,0.1
2026-02-15T14:39:48.450Z,0,20.36,50,OK,0.1
2026-02-15T14:39:48.501Z,0,20.39,50,OK,0.1
2026-02-15T14:39:48.552Z,0,20.40,50,OK,0.1
2026-02-15T14:39:48.601Z,0,20.33,50,OK,0.1
2026-02-15T14:39:48.651Z,0,20.37,50,OK,0.1
2026-02-15T14:39:48.702Z,0,20.32,50,OK,0.1
2026-02-15T14:39:48.753Z,0,20.32,50,OK,0.1
2026-02-15T14:39:48.803Z,0,20.34,50,OK,0.1
2026-02-15T14:39:48.853Z,0,20.39,50,OK,0.1
2026-02-15T14:39:48.903Z,0,20.37,50,OK,0.1
2026-02-15T14:39:48.954Z,0,20.38,50,OK,0.1
2026-02-15T14:39:49.005Z,0,20.35,50,OK,0.1
2026-02-15T14:39:49.055Z,0,20.33,50,OK,0.1
2026-02-15T14:39:49.105Z,0,20.27,50,OK,0.1
2026-02-15T14:39:49.155Z,0,20.28,50,OK,0.1
2026-02-15T14:39:49.205Z,0,20.25,50,OK,0.1
2026-02-15T14:39:49.256Z,0,20.20,50,OK,0.1
2026-02-15T14:39:49.307Z,0,20.18,50,OK,0.1
2026-02-15T14:39:49.357Z,0,20.10,50,OK,0.1
2026-02-15T14:39:49.407Z,0,20.10,50,OK,0.1
2026-02-15T14:39:49.457Z,0,20.14,50,OK,0.1
2026-02-15T14:39:49.507Z,0,20.23,50,OK,0.1
2026-02-15T14:39:49.557Z,0,20.30,50,OK,0.1
2026-02-15T14:39:49.607Z,0,20.38,50,OK,0.1
2026-02-15T14:39:49.657Z,0,20.26,50,OK,0.1
2026-02-15T14:39:49.708Z,0,20.23,50,OK,0.1
2026-02-15T14:39:49.758Z,0,20.12,50,OK,0.1
2026-02-15T14:39:49.809Z,0,20.06,50,OK,0.1
2026-02-15T14:39:49.860Z,0,20.08,50,OK,0.1
2026-02-15T14:39:49.909Z,0,20.16,50,OK,0.1
2026-02-15T14:39:49.959Z,0,20.08,50,OK,0.1
2026-02-15T14:39:50.009Z,0,20.22,50,OK,0.1
2026-02-15T14:39:50.059Z,0,20.26,50,OK,0.1
2026-02-15T14:39:50.110Z,0,20.23,50,OK,0.1
2026-02-15T14:39:50.160Z,0,20.25,50,OK,0.1
2026-02-15T14:39:50.210Z,0,20.37,50,OK,0.1
2026-02-15T14:39:50.260Z,0,20.32,50,OK,0.1
2026-02-15T14:39:50.310Z,0,20.38,50,OK,0.1
2026-02-15T14:39:50.360Z,0,20.40,50,OK,0.1
2026-02-15T14:39:50.410Z,0,20.40,50,OK,0.1
2026-02-15T14:39:50.461Z,0,20.37,50,OK,0.1
2026-02-15T14:39:50.512Z,0,20.37,50,OK,0.1
2026-02-15T14:39:50.562Z,0,20.29,50,OK,0.1
2026-02-15T14:39:50.612Z,0,20.30,50,OK,0.1
2026-02-15T14:39:50.662Z,0,20.30,50,OK,0.1
2026-02-15T14:39:50.713Z,0,20.30,50,OK,0.1
2026-02-15T14:39:50.763Z,0,20.29,50,OK,0.1
2026-02-15T14:39:50.813Z,0,20.28,50,OK,0.1
2026-02-15T14:39:50.863Z,0,20.27,50,OK,0.1
2026-02-15T14:39:50.914Z,0,20.26,50,OK,0.1
2026-02-15T14:39:50.965Z,0,20.24,50,OK,0.1
2026-02-15T14:39:51.015Z,0,20.25,50,OK,0.1
2026-02-15T14:39:51.065Z,0,20.24,50,OK,0.1
2026-02-15T14:39:51.116Z,0,20.23,50,OK,0.1
2026-02-15T14:39:51.167Z,0,20.18,50,OK,0.1
2026-02-15T14:39:51.217Z,0,20.19,50,OK,0.1
2026-02-15T14:39:51.267Z,0,20.13,50,OK,0.1
2026-02-15T14:39:51.317Z,0,20.12,50,OK,0.1
2026-02-15T14:39:51.367Z,0,20.17,50,OK,0.1
2026-02-15T14:39:51.418Z,0,20.22,50,OK,0.1
2026-02-15T14:39:51.469Z,0,20.24,50,OK,0.1
2026-02-15T14:39:51.519Z,0,20.28,50,OK,0.1
2026-02-15T14:39:51.569Z,0,20.37,50,OK,0.1
2026-02-15T14:39:51.619Z,0,20.30,50,OK,0.1
2026-02-15T14:39:51.669Z,0,20.35,50,OK,0.1
2026-02-15T14:39:51.719Z,0,20.33,50,OK,0.1
2026-02-15T14:39:51.770Z,0,20.35,50,OK,0.1
2026-02-15T14:39:51.820Z,0,20.29,50,OK,0.1
2026-02-15T14:39:51.871Z,0,20.31,50,OK,0.1
2026-02-15T14:39:51.921Z,0,20.32,50,OK,0.1
2026-02-15T14:39:51.971Z,0,20.32,50,OK,0.1
2026-02-15T14:39:52.021Z,0,20.31,50,OK,0.1
2026-02-15T14:39:52.071Z,0,20.30,50,OK,0.1
2026-02-15T14:39:52.121Z,0,20.30,50,OK,0.1
2026-02-15T14:39:52.171Z,0,20.23,50,OK,0.1
2026-02-15T14:39:52.222Z,0,20.24,50,OK,0.1
2026-02-15T14:39:52.272Z,0,20.25,50,OK,0.1
2026-02-15T14:39:52.323Z,0,20.26,50,OK,0.1
2026-02-15T14:39:52.372Z,0,20.26,50,OK,0.1
2026-02-15T14:39:52.422Z,0,20.30,50,OK,0.1
2026-02-15T14:39:52.473Z,0,20.29,50,OK,0.1
2026-02-15T14:39:52.522Z,0,20.18,50,OK,0.1
2026-02-15T14:39:52.573Z,0,20.19,50,OK,0.1
2026-02-15T14:39:52.624Z,0,20.19,50,OK,0.1
2026-02-15T14:39:52.675Z,0,20.17,50,OK,0.1
2026-02-15T14:39:52.725Z,0,20.18,50,OK,0.1
2026-02-15T14:39:52.775Z,0,20.28,50,OK,0.1
2026-02-15T14:39:52.825Z,0,20.26,50,OK,0.1
2026-02-15T14:39:52.876Z,0,20.25,50,OK,0.1
2026-02-15T14:39:52.926Z,0,20.27,50,OK,0.1
2026-02-15T14:39:52.976Z,0,20.28,50,OK,0.1
2026-02-15T14:39:53.027Z,0,20.27,50,OK,0.1
2026-02-15T14:39:53.077Z,0,20.27,50,OK,0.1
2026-02-15T14:39:53.127Z,0,20.31,50,OK,0.1
2026-02-15T14:39:53.178Z,0,20.28,50,OK,0.1
2026-02-15T14:39:53.228Z,0,20.26,50,OK,0.1
2026-02-15T14:39:53.278Z,0,20.26,50,OK,0.1
2026-02-15T14:39:53.328Z,0,20.28,50,OK,0.1
2026-02-15T14:39:53.378Z,0,20.24,50,OK,0.1
2026-02-15T14:39:53.429Z,0,20.26,50,OK,0.1
2026-02-15T14:39:53.479Z,0,20.25,50,OK,0.1
2026-02-15T14:39:53.530Z,0,20.27,50,OK,0.1
2026-02-15T14:39:53.580Z,0,20.25,50,OK,0.1
2026-02-15T14:39:53.630Z,0,20.25,50,OK,0.1
2026-02-15T14:39:53.680Z,0,20.24,50,OK,0.1
2026-02-15T14:39:53.730Z,0,20.25,50,OK,0.1
2026-02-15T14:39:53.781Z,0,20.28,50,OK,0.1
2026-02-15T14:39:53.832Z,0,20.28,50,OK,0.1
2026-02-15T14:39:53.883Z,0,20.34,50,OK,0.1
2026-02-15T14:39:53.933Z,0,20.34,50,OK,0.1
2026-02-15T14:39:53.984Z,0,20.34,50,OK,0.1
2026-02-15T14:39:54.035Z,0,20.29,50,OK,0.1
2026-02-15T14:39:54.085Z,0,20.30,50,OK,0.1
2026-02-15T14:39:54.135Z,0,20.26,50,OK,0.1
2026-02-15T14:39:54.185Z,0,20.26,50,OK,0.1
2026-02-15T14:39:54.235Z,0,20.26,50,OK,0.1
2026-02-15T14:39:54.285Z,0,20.29,50,OK,0.1
2026-02-15T14:39:54.336Z,0,20.28,50,OK,0.1
2026-02-15T14:39:54.387Z,0,20.28,50,OK,0.1
2026-02-15T14:39:54.438Z,0,20.29,50,OK,0.1
2026-02-15T14:39:54.488Z,0,20.27,50,OK,0.1
2026-02-15T14:39:54.538Z,0,20.33,50,OK,0.1
2026-02-15T14:39:54.588Z,0,20.35,50,OK,0.1
2026-02-15T14:39:54.639Z,0,20.40,50,OK,0.1
2026-02-15T14:39:54.689Z,0,20.45,50,OK,0.1
2026-02-15T14:39:54.739Z,0,20.48,50,OK,0.1
2026-02-15T14:39:54.789Z,0,20.46,50,OK,0.1
2026-02-15T14:39:54.839Z,0,20.48,50,OK,0.1
2026-02-15T14:39:54.889Z,0,20.43,50,OK,0.1
2026-02-15T14:39:54.939Z,0,20.37,50,OK,0.1
2026-02-15T14:39:54.989Z,0,20.39,50,OK,0.1
2026-02-15T14:39:55.040Z,0,20.36,50,OK,0.1
2026-02-15T14:39:55.090Z,0,20.35,50,OK,0.1
2026-02-15T14:39:55.140Z,0,20.38,50,OK,0.1
2026-02-15T14:39:55.191Z,0,20.39,50,OK,0.1
2026-02-15T14:39:55.241Z,0,20.38,50,OK,0.1
2026-02-15T14:39:55.291Z,0,20.36,50,OK,0.1
2026-02-15T14:39:55.342Z,0,20.32,50,OK,0.1
2026-02-15T14:39:55.392Z,0,20.31,50,OK,0.1
2026-02-15T14:39:55.442Z,0,20.29,50,OK,0.1
2026-02-15T14:39:55.493Z,0,20.27,50,OK,0.1
2026-02-15T14:39:55.543Z,0,20.30,50,OK,0.1
2026-02-15T14:39:55.594Z,0,20.31,50,OK,0.1
2026-02-15T14:39:55.643Z,0,20.33,50,OK,0.1
2026-02-15T14:39:55.693Z,0,20.34,50,OK,0.1
2026-02-15T14:39:55.743Z,0,20.32,50,OK,0.1
2026-02-15T14:39:55.793Z,0,20.30,50,OK,0.1
2026-02-15T14:39:55.843Z,0,20.28,50,OK,0.1
2026-02-15T14:39:55.893Z,0,20.23,50,OK,0.1
2026-02-15T14:39:55.944Z,0,20.25,50,OK,0.1
2026-02-15T14:39:55.994Z,0,20.24,50,OK,0.1
2026-02-15T14:39:56.044Z,0,20.26,50,OK,0.1
2026-02-15T14:39:56.094Z,0,20.27,50,OK,0.1
2026-02-15T14:39:56.144Z,0,20.30,50,OK,0.1
2026-02-15T14:39:56.194Z,0,20.29,50,OK,0.1
2026-02-15T14:39:56.245Z,0,20.26,50,OK,0.1
2026-02-15T14:39:56.295Z,0,20.24,50,OK,0.1
2026-02-15T14:39:56.345Z,0,20.19,50,OK,0.1
2026-02-15T14:39:56.396Z,0,20.15,50,OK,0.1
2026-02-15T14:39:56.447Z,0,20.09,50,OK,0.1
2026-02-15T14:39:56.498Z,0,20.20,50,OK,0.1
2026-02-15T14:39:56.547Z,0,20.29,50,OK,0.1
2026-02-15T14:39:56.598Z,0,20.37,50,OK,0.1
2026-02-15T14:39:56.648Z,0,20.38,50,OK,0.1
2026-02-15T14:39:56.699Z,0,20.45,50,OK,0.1
2026-02-15T14:39:56.749Z,0,20.37,50,OK,0.1
2026-02-15T14:39:56.800Z,0,20.30,50,OK,0.1
2026-02-15T14:39:56.850Z,0,20.23,50,OK,0.1
2026-02-15T14:39:56.900Z,0,20.21,50,OK,0.1
2026-02-15T14:39:56.950Z,0,20.23,50,OK,0.1
2026-02-15T14:39:57.001Z,0,20.26,50,OK,0.1
2026-02-15T14:39:57.051Z,0,20.20,50,OK,0.1
2026-02-15T14:39:57.102Z,0,20.26,50,OK,0.1
2026-02-15T14:39:57.152Z,0,20.23,50,OK,0.1
2026-02-15T14:39:57.203Z,0,20.19,50,OK,0.1
2026-02-15T14:39:57.253Z,0,20.28,50,OK,0.1
2026-02-15T14:39:57.304Z,0,20.40,50,OK,0.1
2026-02-15T14:39:57.354Z,0,20.45,50,OK,0.1
2026-02-15T14:39:57.405Z,0,20.52,50,OK,0.1
2026-02-15T14:39:57.455Z,0,20.53,50,OK,0.1
2026-02-15T14:39:57.505Z,0,20.47,50,OK,0.1
2026-02-15T14:39:57.556Z,0,20.40,50,OK,0.1
2026-02-15T14:39:57.606Z,0,20.37,50,OK,0.1
2026-02-15T14:39:57.656Z,0,20.35,50,OK,0.1
2026-02-15T14:39:57.707Z,0,20.37,50,OK,0.1
2026-02-15T14:39:57.757Z,0,20.36,50,OK,0.1
2026-02-15T14:39:57.808Z,0,20.38,50,OK,0.1
2026-02-15T14:39:57.858Z,0,20.40,50,OK,0.1
2026-02-15T14:39:57.909Z,0,20.37,50,OK,0.1
2026-02-15T14:39:57.959Z,0,20.37,50,OK,0.1
2026-02-15T14:39:58.009Z,0,20.33,50,OK,0.1
2026-02-15T14:39:58.059Z,0,20.31,50,OK,0.1
2026-02-15T14:39:58.109Z,0,20.27,50,OK,0.1
2026-02-15T14:39:58.159Z,0,20.28,50,OK,0.1
2026-02-15T14:39:58.209Z,0,20.46,50,OK,0.1
2026-02-15T14:39:58.259Z,0,20.48,50,OK,0.1
2026-02-15T14:39:58.310Z,0,20.48,50,OK,0.1
2026-02-15T14:39:58.360Z,0,20.48,50,OK,0.1
2026-02-15T14:39:58.411Z,0,20.47,50,OK,0.1
2026-02-15T14:39:58.460Z,0,20.26,50,OK,0.1
2026-02-15T14:39:58.510Z,0,20.27,50,OK,0.1
2026-02-15T14:39:58.560Z,0,20.26,50,OK,0.1
2026-02-15T14:39:58.611Z,0,20.25,50,OK,0.1
2026-02-15T14:39:58.662Z,0,20.25,50,OK,0.1
2026-02-15T14:39:58.713Z,0,20.26,50,OK,0.1
2026-02-15T14:39:58.764Z,0,20.28,50,OK,0.1
2026-02-15T14:39:58.814Z,0,20.27,50,OK,0.1
2026-02-15T14:39:58.864Z,0,20.24,50,OK,0.1
2026-02-15T14:39:58.914Z,0,20.27,50,OK,0.1
2026-02-15T14:39:58.964Z,0,20.29,50,OK,0.1
2026-02-15T14:39:59.015Z,0,20.26,50,OK,0.1
2026-02-15T14:39:59.065Z,0,20.32,50,OK,0.1
2026-02-15T14:39:59.115Z,0,20.38,50,OK,0.1
2026-02-15T14:39:59.166Z,0,20.40,50,OK,0.1
2026-02-15T14:39:59.217Z,0,20.38,50,OK,0.1
2026-02-15T14:39:59.268Z,0,20.42,50,OK,0.1
2026-02-15T14:39:59.318Z,0,20.38,50,OK,0.1
2026-02-15T14:39:59.369Z,0,20.31,50,OK,0.1
2026-02-15T14:39:59.419Z,0,20.27,50,OK,0.1
2026-02-15T14:39:59.468Z,0,20.33,50,OK,0.1
2026-02-15T14:39:59.518Z,0,20.28,50,OK,0.1
2026-02-15T14:39:59.569Z,0,20.22,50,OK,0.1
2026-02-15T14:39:59.619Z,0,20.28,50,OK,0.1
2026-02-15T14:39:59.670Z,0,20.31,50,OK,0.1
2026-02-15T14:39:59.720Z,0,20.26,50,OK,0.1
2026-02-15T14:39:59.770Z,0,20.24,50,OK,0.1
2026-02-15T14:39:59.821Z,0,20.30,50,OK,0.1
2026-02-15T14:39:59.871Z,0,20.31,50,OK,0.1
2026-02-15T14:39:59.921Z,0,20.25,50,OK,0.1
2026-02-15T14:39:59.972Z,0,20.29,50,OK,0.1
2026-02-15T14:40:00.022Z,0,20.32,50,OK,0.1
2026-02-15T14:40:00.072Z,0,20.32,50,OK,0.1
2026-02-15T14:40:00.122Z,0,20.31,50,OK,0.1
2026-02-15T14:40:00.172Z,0,20.32,50,OK,0.1
2026-02-15T14:40:00.223Z,0,20.26,50,OK,0.1
2026-02-15T14:40:00.273Z,0,20.34,50,OK,0.1
2026-02-15T14:40:00.323Z,0,20.39,50,OK,0.1
2026-02-15T14:40:00.373Z,0,20.41,50,OK,0.1
2026-02-15T14:40:00.424Z,0,20.44,50,OK,0.1
2026-02-15T14:40:00.474Z,0,20.48,50,OK,0.1
2026-02-15T14:40:00.524Z,0,20.40,50,OK,0.1
2026-02-15T14:40:00.575Z,0,20.32,50,OK,0.1
2026-02-15T14:40:00.625Z,0,20.32,50,OK,0.1
2026-02-15T14:40:00.675Z,0,20.28,50,OK,0.1
2026-02-15T14:40:00.725Z,0,20.24,50,OK,0.1
2026-02-15T14:40:00.776Z,0,20.23,50,OK,0.1
2026-02-15T14:40:00.826Z,0,20.23,50,OK,0.1
2026-02-15T14:40:00.877Z,0,20.20,50,OK,0.1
2026-02-15T14:40:00.926Z,0,20.21,50,OK,0.1
2026-02-15T14:40:00.977Z,0,20.30,50,OK,0.1
2026-02-15T14:40:01.027Z,0,20.31,50,OK,0.1
2026-02-15T14:40:01.076Z,0,20.19,50,OK,0.1
2026-02-15T14:40:01.126Z,0,20.20,50,OK,0.1
2026-02-15T14:40:01.177Z,0,20.23,50,OK,0.1
2026-02-15T14:40:01.228Z,0,20.17,50,OK,0.1
2026-02-15T14:40:01.277Z,0,20.15,50,OK,0.1
2026-02-15T14:40:01.327Z,0,20.32,50,OK,0.1
2026-02-15T14:40:01.377Z,0,20.35,50,OK,0.1
2026-02-15T14:40:01.427Z,0,20.35,50,OK,0.1
2026-02-15T14:40:01.477Z,0,20.28,50,OK,0.1
2026-02-15T14:40:01.527Z,0,20.28,50,OK,0.1
2026-02-15T14:40:01.578Z,0,20.22,50,OK,0.1
2026-02-15T14:40:01.629Z,0,20.21,50,OK,0.1
2026-02-15T14:40:01.679Z,0,20.16,50,OK,0.1
2026-02-15T14:40:01.729Z,0,20.20,50,OK,0.1
2026-02-15T14:40:01.779Z,0,20.32,50,OK,0.1
2026-02-15T14:40:01.829Z,0,20.37,50,OK,0.1
2026-02-15T14:40:01.879Z,0,20.31,50,OK,0.1
2026-02-15T14:40:01.929Z,0,20.35,50,OK,0.1
2026-02-15T14:40:01.980Z,0,20.36,50,OK,0.1
2026-02-15T14:40:02.031Z,0,20.28,50,OK,0.1
2026-02-15T14:40:02.081Z,0,20.29,50,OK,0.1
2026-02-15T14:40:02.131Z,0,20.31,50,OK,0.1
2026-02-15T14:40:02.182Z,0,20.31,50,OK,0.1
2026-02-15T14:40:02.233Z,0,20.35,50,OK,0.1
2026-02-15T14:40:02.283Z,0,20.35,50,OK,0.1
2026-02-15T14:40:02.334Z,0,20.35,50,OK,0.1
2026-02-15T14:40:02.385Z,0,20.34,50,OK,0.1
2026-02-15T14:40:02.435Z,0,20.34,50,OK,0.1
2026-02-15T14:40:02.485Z,0,20.32,50,OK,0.1
2026-02-15T14:40:02.536Z,0,20.33,50,OK,0.1
2026-02-15T14:40:02.587Z,0,20.30,50,OK,0.1
2026-02-15T14:40:02.637Z,0,20.35,50,OK,0.1
2026-02-15T14:40:02.688Z,0,20.36,50,OK,0.1
2026-02-15T14:40:02.738Z,0,20.39,50,OK,0.1
2026-02-15T14:40:02.788Z,0,20.26,50,OK,0.1
2026-02-15T14:40:02.838Z,0,20.30,50,OK,0.1
2026-02-15T14:40:02.888Z,0,20.09,50,OK,0.1
2026-02-15T14:40:02.939Z,0,20.07,50,OK,0.1
2026-02-15T14:40:02.989Z,0,20.13,50,OK,0.1
2026-02-15T14:40:03.040Z,0,20.27,50,OK,0.1
2026-02-15T14:40:03.090Z,0,20.21,50,OK,0.1
2026-02-15T14:40:03.141Z,0,20.40,50,OK,0.1
2026-02-15T14:40:03.192Z,0,20.47,50,OK,0.1
2026-02-15T14:40:03.242Z,0,20.37,50,OK,0.1
2026-02-15T14:40:03.293Z,0,20.33,50,OK,0.1
2026-02-15T14:40:03.343Z,0,20.36,50,OK,0.1
2026-02-15T14:40:03.394Z,0,20.31,50,OK,0.1
2026-02-15T14:40:03.445Z,0,20.22,50,OK,0.1
2026-02-15T14:40:03.495Z,0,20.29,50,OK,0.1
2026-02-15T14:40:03.545Z,0,20.35,50,OK,0.1
2026-02-15T14:40:03.595Z,0,20.32,50,OK,0.1
2026-02-15T14:40:03.645Z,0,20.29,50,OK,0.1
2026-02-15T14:40:03.696Z,0,20.21,50,OK,0.1
2026-02-15T14:40:03.747Z,0,20.15,50,OK,0.1
2026-02-15T14:40:03.797Z,0,20.23,50,OK,0.1
2026-02-15T14:40:03.847Z,0,20.26,50,OK,0.1
2026-02-15T14:40:03.897Z,0,20.28,50,OK,0.1
2026-02-15T14:40:03.947Z,0,20.37,50,OK,0.1
2026-02-15T14:40:03.998Z,0,20.33,50,OK,0.1
2026-02-15T14:40:04.049Z,0,20.19,50,OK,0.1
2026-02-15T14:40:04.100Z,0,20.17,50,OK,0.1
2026-02-15T14:40:04.150Z,0,20.24,50,OK,0.1
2026-02-15T14:40:04.200Z,0,20.29,50,OK,0.1
2026-02-15T14:40:04.251Z,0,20.32,50,OK,0.1
2026-02-15T14:40:04.301Z,0,20.27,50,OK,0.1
2026-02-15T14:40:04.351Z,0,20.27,50,OK,0.1
2026-02-15T14:40:04.402Z,0,20.26,50,OK,0.1
2026-02-15T14:40:04.452Z,0,20.19,50,OK,0.1
2026-02-15T14:40:04.502Z,0,20.10,50,OK,0.1
2026-02-15T14:40:04.552Z,0,20.16,50,OK,0.1
2026-02-15T14:40:04.603Z,0,20.16,50,OK,0.1
2026-02-15T14:40:04.654Z,0,20.19,50,OK,0.1
2026-02-15T14:40:04.704Z,0,20.18,50,OK,0.1
2026-02-15T14:40:04.754Z,0,20.25,50,OK,0.1
2026-02-15T14:40:04.804Z,0,20.18,50,OK,0.1
2026-02-15T14:40:04.855Z,0,20.19,50,OK,0.1
2026-02-15T14:40:04.905Z,0,20.24,50,OK,0.1
2026-02-15T14:40:04.956Z,0,20.27,50,OK,0.1
2026-02-15T14:40:05.006Z,0,20.25,50,OK,0.1
2026-02-15T14:40:05.056Z,0,20.33,50,OK,0.1
2026-02-15T14:40:05.107Z,0,20.38,50,OK,0.1
2026-02-15T14:40:05.158Z,0,20.34,50,OK,0.1
2026-02-15T14:40:05.209Z,0,20.35,50,OK,0.1
2026-02-15T14:40:05.259Z,0,20.44,50,OK,0.1
2026-02-15T14:40:05.310Z,0,20.38,50,OK,0.1
2026-02-15T14:40:05.361Z,0,20.35,50,OK,0.1
2026-02-15T14:40:05.412Z,0,20.30,50,OK,0.1
2026-02-15T14:40:05.463Z,0,20.29,50,OK,0.1
2026-02-15T14:40:05.513Z,0,20.30,50,OK,0.1
2026-02-15T14:40:05.564Z,0,20.45,50,OK,0.1
2026-02-15T14:40:05.615Z,0,20.52,50,OK,0.1
2026-02-15T14:40:05.664Z,0,20.55,50,OK,0.1
2026-02-15T14:40:05.714Z,0,20.89,50,OK,0.1
2026-02-15T14:40:05.764Z,0,20.81,50,OK,0.1
2026-02-15T14:40:05.814Z,0,20.77,50,OK,0.1
2026-02-15T14:40:05.864Z,0,20.66,50,OK,0.1
2026-02-15T14:40:05.914Z,0,20.66,50,OK,0.1
2026-02-15T14:40:05.964Z,0,20.30,50,OK,0.1
2026-02-15T14:40:06.015Z,0,20.40,50,OK,0.1
2026-02-15T14:40:06.065Z,0,20.36,50,OK,0.1
2026-02-15T14:40:06.116Z,0,20.47,50,OK,0.1
2026-02-15T14:40:06.167Z,0,20.45,50,OK,0.1
2026-02-15T14:40:06.217Z,0,20.58,50,OK,0.1
2026-02-15T14:40:06.267Z,0,20.49,50,OK,0.1
2026-02-15T14:40:06.317Z,0,20.32,50,OK,0.1
2026-02-15T14:40:06.367Z,0,20.22,50,OK,0.1
2026-02-15T14:40:06.417Z,0,20.36,50,OK,0.1
2026-02-15T14:40:06.468Z,0,20.24,50,OK,0.1
2026-02-15T14:40:06.519Z,0,20.37,50,OK,0.1
2026-02-15T14:40:06.569Z,0,20.53,50,OK,0.1
2026-02-15T14:40:06.619Z,0,20.45,50,OK,0.1
2026-02-15T14:40:06.669Z,0,20.30,50,OK,0.1
2026-02-15T14:40:06.719Z,0,20.18,50,OK,0.1
2026-02-15T14:40:06.769Z,0,19.96,50,OK,0.1
2026-02-15T14:40:06.820Z,0,20.04,50,OK,0.1
2026-02-15T14:40:06.870Z,0,20.04,50,OK,0.1
2026-02-15T14:40:06.920Z,0,19.90,50,OK,0.1
2026-02-15T14:40:06.970Z,0,20.02,50,OK,0.1
2026-02-15T14:40:07.020Z,0,20.12,50,OK,0.1
2026-02-15T14:40:07.070Z,0,20.04,50,OK,0.1
2026-02-15T14:40:07.120Z,0,20.15,50,OK,0.1
2026-02-15T14:40:07.170Z,0,20.28,50,OK,0.1
2026-02-15T14:40:07.220Z,0,20.30,50,OK,0.1
2026-02-15T14:40:07.271Z,0,20.28,50,OK,0.1
2026-02-15T14:40:07.321Z,0,20.32,50,OK,0.1
2026-02-15T14:40:07.371Z,0,20.29,50,OK,0.1
2026-02-15T14:40:07.421Z,0,20.32,50,OK,0.1
2026-02-15T14:40:07.471Z,0,20.30,50,OK,0.1
2026-02-15T14:40:07.521Z,0,20.35,50,OK,0.1
2026-02-15T14:40:07.571Z,0,20.34,50,OK,0.1
2026-02-15T14:40:07.621Z,0,20.24,50,OK,0.1
2026-02-15T14:40:07.672Z,0,20.29,50,OK,0.1
2026-02-15T14:40:07.723Z,0,20.47,50,OK,0.1
2026-02-15T14:40:07.773Z,0,20.43,50,OK,0.1
2026-02-15T14:40:07.824Z,0,20.36,50,OK,0.1
2026-02-15T14:40:07.875Z,0,20.48,50,OK,0.1
2026-02-15T14:40:07.925Z,0,20.28,50,OK,0.1
2026-02-15T14:40:07.975Z,0,20.16,50,OK,0.1
2026-02-15T14:40:08.025Z,0,20.22,50,OK,0.1
2026-02-15T14:40:08.075Z,0,20.29,50,OK,0.1
2026-02-15T14:40:08.125Z,0,20.17,50,OK,0.1
2026-02-15T14:40:08.175Z,0,20.32,50,OK,0.1
2026-02-15T14:40:08.225Z,0,20.18,50,OK,0.1
2026-02-15T14:40:08.275Z,0,20.11,50,OK,0.1
2026-02-15T14:40:08.326Z,0,20.18,50,OK,0.1
2026-02-15T14:40:08.376Z,0,20.31,50,OK,0.1
2026-02-15T14:40:08.426Z,0,20.31,50,OK,0.1
2026-02-15T14:40:08.476Z,0,20.38,50,OK,0.1
2026-02-15T14:40:08.526Z,0,20.41,50,OK,0.1
2026-02-15T14:40:08.577Z,0,20.35,50,OK,0.1
2026-02-15T14:40:08.627Z,0,20.32,50,OK,0.1
2026-02-15T14:40:08.676Z,0,20.37,50,OK,0.1
2026-02-15T14:40:08.727Z,0,20.31,50,OK,0.1
2026-02-15T14:40:08.777Z,0,20.28,50,OK,0.1
2026-02-15T14:40:08.828Z,0,20.24,50,OK,0.1
2026-02-15T14:40:08.879Z,0,20.26,50,OK,0.1
2026-02-15T14:40:08.929Z,0,20.15,50,OK,0.1
2026-02-15T14:40:08.979Z,0,20.22,50,OK,0.1
2026-02-15T14:40:09.030Z,0,20.31,50,OK,0.1
2026-02-15T14:40:09.080Z,0,20.34,50,OK,0.1
2026-02-15T14:40:09.130Z,0,20.39,50,OK,0.1
2026-02-15T14:40:09.180Z,0,20.46,50,OK,0.1
2026-02-15T14:40:09.230Z,0,20.49,50,OK,0.1
2026-02-15T14:40:09.281Z,0,20.39,50,OK,0.1
2026-02-15T14:40:09.331Z,0,20.41,50,OK,0.1
2026-02-15T14:40:09.381Z,0,20.38,50,OK,0.1
2026-02-15T14:40:09.431Z,0,20.25,50,OK,0.1
2026-02-15T14:40:09.481Z,0,20.16,50,OK,0.1
2026-02-15T14:40:09.531Z,0,20.02,50,OK,0.1
2026-02-15T14:40:09.582Z,0,19.98,50,OK,0.1
2026-02-15T14:40:09.632Z,0,20.04,50,OK,0.1
2026-02-15T14:40:09.682Z,0,20.14,50,OK,0.1
2026-02-15T14:40:09.733Z,0,20.06,50,OK,0.1
2026-02-15T14:40:09.782Z,0,20.21,50,OK,0.1
2026-02-15T14:40:09.833Z,0,20.26,50,OK,0.1
2026-02-15T14:40:09.883Z,0,20.21,50,OK,0.1
2026-02-15T14:40:09.932Z,0,20.31,50,OK,0.1
2026-02-15T14:40:09.982Z,0,20.45,50,OK,0.1
2026-02-15T14:40:10.033Z,0,20.53,50,OK,0.1
2026-02-15T14:40:10.083Z,0,20.44,50,OK,0.1
2026-02-15T14:40:10.133Z,0,20.29,50,OK,0.1
2026-02-15T14:40:10.184Z,0,20.23,50,OK,0.1
2026-02-15T14:40:10.234Z,0,20.09,50,OK,0.1
2026-02-15T14:40:10.285Z,0,20.04,50,OK,0.1
2026-02-15T14:40:10.336Z,0,19.98,50,OK,0.1
2026-02-15T14:40:10.385Z,0,20.12,50,OK,0.1
2026-02-15T14:40:10.435Z,0,19.95,50,OK,0.1
2026-02-15T14:40:10.485Z,0,20.06,50,OK,0.1
2026-02-15T14:40:10.536Z,0,20.09,50,OK,0.1
2026-02-15T14:40:10.586Z,0,20.19,50,OK,0.1
2026-02-15T14:40:10.637Z,0,20.21,50,OK,0.1
2026-02-15T14:40:10.686Z,0,20.35,50,OK,0.1
2026-02-15T14:40:10.737Z,0,20.37,50,OK,0.1
2026-02-15T14:40:10.784Z,0,20.32,50,OK,0.1
2026-02-15T14:40:10.834Z,0,20.32,50,OK,0.1
2026-02-15T14:40:10.884Z,0,20.27,50,OK,0.1
2026-02-15T14:40:10.934Z,0,20.31,50,OK,0.1
2026-02-15T14:40:10.984Z,0,20.30,50,OK,0.1
2026-02-15T14:40:11.034Z,0,20.37,50,OK,0.1
2026-02-15T14:40:11.084Z,0,20.38,50,OK,0.1
2026-02-15T14:40:11.136Z,0,20.42,50,OK,0.1
2026-02-15T14:40:11.186Z,0,20.37,50,OK,0.1
2026-02-15T14:40:11.235Z,0,20.36,50,OK,0.1
2026-02-15T14:40:11.286Z,0,20.29,50,OK,0.1
2026-02-15T14:40:11.335Z,0,20.32,50,OK,0.1
2026-02-15T14:40:11.385Z,0,20.34,50,OK,0.1
2026-02-15T14:40:11.435Z,0,20.38,50,OK,0.1
2026-02-15T14:40:11.485Z,0,20.41,50,OK,0.1
2026-02-15T14:40:11.536Z,0,20.48,50,OK,0.1
2026-02-15T14:40:11.585Z,0,20.46,50,OK,0.1
2026-02-15T14:40:11.635Z,0,20.49,50,OK,0.1
2026-02-15T14:40:11.685Z,0,20.45,50,OK,0.1
2026-02-15T14:40:11.736Z,0,20.50,50,OK,0.1
2026-02-15T14:40:11.786Z,0,20.45,50,OK,0.1
2026-02-15T14:40:11.836Z,0,20.44,50,OK,0.1
2026-02-15T14:40:11.886Z,0,20.39,50,OK,0.1
2026-02-15T14:40:11.936Z,0,20.39,50,OK,0.1
2026-02-15T14:40:11.987Z,0,20.32,50,OK,0.1
2026-02-15T14:40:12.037Z,0,20.31,50,OK,0.1
2026-02-15T14:40:12.087Z,0,20.31,50,OK,0.1
2026-02-15T14:40:12.138Z,0,20.27,50,OK,0.1
2026-02-15T14:40:12.188Z,0,20.29,50,OK,0.1
2026-02-15T14:40:12.238Z,0,20.38,50,OK,0.1
2026-02-15T14:40:12.289Z,0,20.38,50,OK,0.1
2026-02-15T14:40:12.339Z,0,20.40,50,OK,0.1
2026-02-15T14:40:12.389Z,0,20.41,50,OK,0.1
2026-02-15T14:40:12.440Z,0,20.40,50,OK,0.1
2026-02-15T14:40:12.490Z,0,20.30,50,OK,0.1
2026-02-15T14:40:12.541Z,0,20.34,50,OK,0.1
2026-02-15T14:40:12.591Z,0,20.32,50,OK,0.1
2026-02-15T14:40:12.642Z,0,20.29,50,OK,0.1
2026-02-15T14:40:12.692Z,0,20.30,50,OK,0.1
2026-02-15T14:40:12.742Z,0,20.34,50,OK,0.1
2026-02-15T14:40:12.792Z,0,20.31,50,OK,0.1
2026-02-15T14:40:12.842Z,0,20.36,50,OK,0.1
2026-02-15T14:40:12.892Z,0,20.44,50,OK,0.1
2026-02-15T14:40:12.942Z,0,20.39,50,OK,0.1
2026-02-15T14:40:12.992Z,0,20.36,50,OK,0.1
2026-02-15T14:40:13.043Z,0,20.38,50,OK,0.1
2026-02-15T14:40:13.093Z,0,20.34,50,OK,0.1
2026-02-15T14:40:13.143Z,0,20.31,50,OK,0.1
2026-02-15T14:40:13.194Z,0,20.34,50,OK,0.1
2026-02-15T14:40:13.244Z,0,20.39,50,OK,0.1
2026-02-15T14:40:13.295Z,0,20.35,50,OK,0.1
2026-02-15T14:40:13.346Z,0,20.31,50,OK,0.1
2026-02-15T14:40:13.397Z,0,20.29,50,OK,0.1
2026-02-15T14:40:13.447Z,0,20.28,50,OK,0.1
2026-02-15T14:40:13.498Z,0,20.25,50,OK,0.1
2026-02-15T14:40:13.548Z,0,20.30,50,OK,0.1
2026-02-15T14:40:13.598Z,0,20.31,50,OK,0.1
2026-02-15T14:40:13.649Z,0,20.31,50,OK,0.1
2026-02-15T14:40:13.698Z,0,20.30,50,OK,0.1
2026-02-15T14:40:13.748Z,0,20.34,50,OK,0.1
2026-02-15T14:40:13.799Z,0,20.34,50,OK,0.1
2026-02-15T14:40:13.849Z,0,20.40,50,OK,0.1
2026-02-15T14:40:13.900Z,0,20.39,50,OK,0.1
2026-02-15T14:40:13.950Z,0,20.41,50,OK,0.1
2026-02-15T14:40:14.001Z,0,20.37,50,OK,0.1
2026-02-15T14:40:14.051Z,0,20.31,50,OK,0.1
2026-02-15T14:40:14.102Z,0,20.27,50,OK,0.1
2026-02-15T14:40:14.152Z,0,20.32,50,OK,0.1
2026-02-15T14:40:14.202Z,0,20.38,50,OK,0.1
2026-02-15T14:40:14.253Z,0,20.41,50,OK,0.1
2026-02-15T14:40:14.303Z,0,20.47,50,OK,0.1
2026-02-15T14:40:14.353Z,0,20.47,50,OK,0.1
2026-02-15T14:40:14.403Z,0,20.44,50,OK,0.1
2026-02-15T14:40:14.453Z,0,20.41,50,OK,0.1
2026-02-15T14:40:14.504Z,0,20.38,50,OK,0.1
2026-02-15T14:40:14.554Z,0,20.35,50,OK,0.1
2026-02-15T14:40:14.604Z,0,20.37,50,OK,0.1
2026-02-15T14:40:14.654Z,0,20.34,50,OK,0.1
2026-02-15T14:40:14.704Z,0,20.33,50,OK,0.1
2026-02-15T14:40:14.754Z,0,20.33,50,OK,0.1
2026-02-15T14:40:14.804Z,0,20.35,50,OK,0.1
2026-02-15T14:40:14.854Z,0,20.42,50,OK,0.1
2026-02-15T14:40:14.905Z,0,20.41,50,OK,0.1
2026-02-15T14:40:14.955Z,0,20.48,50,OK,0.1
2026-02-15T14:40:15.005Z,0,20.48,50,OK,0.1
2026-02-15T14:40:15.055Z,0,20.50,50,OK,0.1
2026-02-15T14:40:15.106Z,0,20.45,50,OK,0.1
2026-02-15T14:40:15.157Z,0,20.43,50,OK,0.1
2026-02-15T14:40:15.208Z,0,20.36,50,OK,0.1
2026-02-15T14:40:15.259Z,0,20.42,50,OK,0.1
2026-02-15T14:40:15.310Z,0,20.37,50,OK,0.1
2026-02-15T14:40:15.359Z,0,20.35,50,OK,0.1
2026-02-15T14:40:15.410Z,0,20.35,50,OK,0.1
2026-02-15T14:40:15.461Z,0,20.33,50,OK,0.1
2026-02-15T14:40:15.512Z,0,20.29,50,OK,0.1
2026-02-15T14:40:15.562Z,0,20.32,50,OK,0.1
2026-02-15T14:40:15.612Z,0,20.29,50,OK,0.1
2026-02-15T14:40:15.662Z,0,20.28,50,OK,0.1
2026-02-15T14:40:15.713Z,0,20.19,50,OK,0.1
2026-02-15T14:40:15.763Z,0,20.19,50,OK,0.1
2026-02-15T14:40:15.814Z,0,20.05,50,OK,0.1
2026-02-15T14:40:15.864Z,0,20.10,50,OK,0.1
2026-02-15T14:40:15.914Z,0,20.13,50,OK,0.1
2026-02-15T14:40:15.964Z,0,20.20,50,OK,0.1
2026-02-15T14:40:16.015Z,0,20.20,50,OK,0.1
2026-02-15T14:40:16.065Z,0,20.29,50,OK,0.1
2026-02-15T14:40:16.115Z,0,20.24,50,OK,0.1
2026-02-15T14:40:16.165Z,0,20.22,50,OK,0.1
2026-02-15T14:40:16.215Z,0,20.25,50,OK,0.1
2026-02-15T14:40:16.266Z,0,20.23,50,OK,0.1
2026-02-15T14:40:16.315Z,0,20.23,50,OK,0.1
2026-02-15T14:40:16.365Z,0,20.25,50,OK,0.1
2026-02-15T14:40:16.415Z,0,20.28,50,OK,0.1
2026-02-15T14:40:16.465Z,0,20.21,50,OK,0.1
2026-02-15T14:40:16.515Z,0,20.22,50,OK,0.1
2026-02-15T14:40:16.566Z,0,20.33,50,OK,0.1
2026-02-15T14:40:16.616Z,0,20.34,50,OK,0.1
2026-02-15T14:40:16.667Z,0,20.37,50,OK,0.1
2026-02-15T14:40:16.717Z,0,20.22,50,OK,0.1
2026-02-15T14:40:16.767Z,0,20.22,50,OK,0.1
2026-02-15T14:40:16.817Z,0,20.11,50,OK,0.1
2026-02-15T14:40:16.868Z,0,20.13,50,OK,0.1
2026-02-15T14:40:16.918Z,0,20.10,50,OK,0.1
2026-02-15T14:40:16.968Z,0,20.34,50,OK,0.1
2026-02-15T14:40:17.018Z,0,20.34,50,OK,0.1
2026-02-15T14:40:17.068Z,0,20.37,50,OK,0.1
2026-02-15T14:40:17.118Z,0,20.36,50,OK,0.1
2026-02-15T14:40:17.168Z,0,20.37,50,OK,0.1
2026-02-15T14:40:17.219Z,0,20.26,50,OK,0.1
2026-02-15T14:40:17.270Z,0,20.28,50,OK,0.1
2026-02-15T14:40:17.320Z,0,20.21,50,OK,0.1
2026-02-15T14:40:17.371Z,0,20.26,50,OK,0.1
2026-02-15T14:40:17.422Z,0,20.24,50,OK,0.1
2026-02-15T14:40:17.471Z,0,20.31,50,OK,0.1
2026-02-15T14:40:17.522Z,0,20.32,50,OK,0.1
2026-02-15T14:40:17.573Z,0,20.35,50,OK,0.1
2026-02-15T14:40:17.623Z,0,20.33,50,OK,0.1
2026-02-15T14:40:17.673Z,0,20.34,50,OK,0.1
2026-02-15T14:40:17.724Z,0,20.34,50,OK,0.1
2026-02-15T14:40:17.774Z,0,20.33,50,OK,0.1
2026-02-15T14:40:17.825Z,0,20.45,50,OK,0.1
2026-02-15T14:40:17.875Z,0,20.43,50,OK,0.1
2026-02-15T14:40:17.925Z,0,20.44,50,OK,0.1
2026-02-15T14:40:17.975Z,0,20.44,50,OK,0.1
2026-02-15T14:40:18.026Z,0,20.44,50,OK,0.1
2026-02-15T14:40:18.076Z,0,20.33,50,OK,0.1
2026-02-15T14:40:18.126Z,0,20.34,50,OK,0.1
2026-02-15T14:40:18.177Z,0,20.33,50,OK,0.1
2026-02-15T14:40:18.227Z,0,20.34,50,OK,0.1
2026-02-15T14:40:18.277Z,0,20.34,50,OK,0.1
2026-02-15T14:40:18.327Z,0,20.29,50,OK,0.1
2026-02-15T14:40:18.378Z,0,20.26,50,OK,0.1
2026-02-15T14:40:18.428Z,0,20.17,50,OK,0.1
2026-02-15T14:40:18.478Z,0,20.15,50,OK,0.1
2026-02-15T14:40:18.529Z,0,20.17,50,OK,0.1
2026-02-15T14:40:18.579Z,0,20.22,50,OK,0.1
2026-02-15T14:40:18.629Z,0,20.24,50,OK,0.1
2026-02-15T14:40:18.679Z,0,20.34,50,OK,0.1
2026-02-15T14:40:18.729Z,0,20.31,50,OK,0.1
2026-02-15T14:40:18.779Z,0,20.26,50,OK,0.1
2026-02-15T14:40:18.829Z,0,20.25,50,OK,0.1
2026-02-15T14:40:18.879Z,0,20.26,50,OK,0.1
2026-02-15T14:40:18.929Z,0,20.25,50,OK,0.1
2026-02-15T14:40:18.980Z,0,20.32,50,OK,0.1
2026-02-15T14:40:19.030Z,0,20.39,50,OK,0.1
2026-02-15T14:40:19.081Z,0,20.42,50,OK,0.1
2026-02-15T14:40:19.132Z,0,20.44,50,OK,0.1
2026-02-15T14:40:19.182Z,0,20.46,50,OK,0.1
2026-02-15T14:40:19.232Z,0,20.53,50,OK,0.1
2026-02-15T14:40:19.282Z,0,20.46,50,OK,0.1
2026-02-15T14:40:19.332Z,0,20.46,50,OK,0.1
2026-02-15T14:40:19.382Z,0,20.45,50,OK,0.1
2026-02-15T14:40:19.433Z,0,20.41,50,OK,0.1
2026-02-15T14:40:19.483Z,0,20.34,50,OK,0.1
2026-02-15T14:40:19.534Z,0,20.39,50,OK,0.1
2026-02-15T14:40:19.584Z,0,20.37,50,OK,0.1
2026-02-15T14:40:19.635Z,0,20.32,50,OK,0.1
2026-02-15T14:40:19.686Z,0,20.37,50,OK,0.1
2026-02-15T14:40:19.736Z,0,20.38,50,OK,0.1
2026-02-15T14:40:19.786Z,0,20.33,50,OK,0.1
2026-02-15T14:40:19.836Z,0,20.33,50,OK,0.1
2026-02-15T14:40:19.887Z,0,20.34,50,OK,0.1
2026-02-15T14:40:19.937Z,0,20.34,50,OK,0.1
2026-02-15T14:40:19.987Z,0,20.35,50,OK,0.1
2026-02-15T14:40:20.037Z,0,20.31,50,OK,0.1
2026-02-15T14:40:20.087Z,0,20.39,50,OK,0.1
2026-02-15T14:40:20.137Z,0,20.47,50,OK,0.1
2026-02-15T14:40:20.187Z,0,20.48,50,OK,0.1
2026-02-15T14:40:20.237Z,0,20.45,50,OK,0.1
2026-02-15T14:40:20.287Z,0,20.54,50,OK,0.1
2026-02-15T14:40:20.338Z,0,20.46,50,OK,0.1
2026-02-15T14:40:20.388Z,0,20.40,50,OK,0.1
2026-02-15T14:40:20.439Z,0,20.38,50,OK,0.1
2026-02-15T14:40:20.490Z,0,20.40,50,OK,0.1
2026-02-15T14:40:20.540Z,0,20.40,50,OK,0.1
2026-02-15T14:40:20.591Z,0,20.40,50,OK,0.1
2026-02-15T14:40:20.641Z,0,20.36,50,OK,0.1
2026-02-15T14:40:20.692Z,0,20.40,50,OK,0.1
2026-02-15T14:40:20.743Z,0,20.50,50,OK,0.1
2026-02-15T14:40:20.793Z,0,20.49,50,OK,0.1
2026-02-15T14:40:20.843Z,0,20.53,50,OK,0.1
2026-02-15T14:40:20.894Z,0,20.58,50,OK,0.1
2026-02-15T14:40:20.945Z,0,20.53,50,OK,0.1
2026-02-15T14:40:20.996Z,0,20.42,50,OK,0.1
2026-02-15T14:40:21.046Z,0,20.46,50,OK,0.1
2026-02-15T14:40:21.096Z,0,20.45,50,OK,0.1
2026-02-15T14:40:21.146Z,0,20.24,50,OK,0.1
2026-02-15T14:40:21.197Z,0,20.29,50,OK,0.1
2026-02-15T14:40:21.247Z,0,20.23,50,OK,0.1
2026-02-15T14:40:21.297Z,0,20.19,50,OK,0.1
2026-02-15T14:40:21.347Z,0,20.28,50,OK,0.1
2026-02-15T14:40:21.397Z,0,20.48,50,OK,0.1
2026-02-15T14:40:21.448Z,0,20.40,50,OK,0.1
2026-02-15T14:40:21.499Z,0,20.45,50,OK,0.1
2026-02-15T14:40:21.550Z,0,20.37,50,OK,0.1
2026-02-15T14:40:21.601Z,0,20.25,50,OK,0.1
2026-02-15T14:40:21.651Z,0,20.39,50,OK,0.1
2026-02-15T14:40:21.701Z,0,20.43,50,OK,0.1
2026-02-15T14:40:21.751Z,0,20.40,50,OK,0.1
2026-02-15T14:40:21.803Z,0,20.46,50,OK,0.1
2026-02-15T14:40:21.854Z,0,20.43,50,OK,0.1
2026-02-15T14:40:21.904Z,0,20.27,50,OK,0.1
2026-02-15T14:40:21.955Z,0,20.24,50,OK,0.1
2026-02-15T14:40:22.005Z,0,20.27,50,OK,0.1
2026-02-15T14:40:22.056Z,0,20.24,50,OK,0.1
2026-02-15T14:40:22.107Z,0,20.30,50,OK,0.1
2026-02-15T14:40:22.157Z,0,20.35,50,OK,0.1
2026-02-15T14:40:22.207Z,0,20.36,50,OK,0.1
2026-02-15T14:40:22.257Z,0,20.40,50,OK,0.1
2026-02-15T14:40:22.308Z,0,20.42,50,OK,0.1
2026-02-15T14:40:22.359Z,0,20.45,50,OK,0.1
2026-02-15T14:40:22.409Z,0,20.43,50,OK,0.1
2026-02-15T14:40:22.459Z,0,20.39,50,OK,0.1
2026-02-15T14:40:22.509Z,0,20.38,50,OK,0.1
2026-02-15T14:40:22.560Z,0,20.38,50,OK,0.1
2026-02-15T14:40:22.611Z,0,20.39,50,OK,0.1
2026-02-15T14:40:22.662Z,0,20.37,50,OK,0.1
2026-02-15T14:40:22.713Z,0,20.42,50,OK,0.1
2026-02-15T14:40:22.762Z,0,20.41,50,OK,0.1
2026-02-15T14:40:22.812Z,0,20.46,50,OK,0.1
2026-02-15T14:40:22.863Z,0,20.43,50,OK,0.1
2026-02-15T14:40:22.913Z,0,20.38,50,OK,0.1
2026-02-15T14:40:22.963Z,0,20.50,50,OK,0.1
2026-02-15T14:40:23.014Z,0,20.50,50,OK,0.1
2026-02-15T14:40:23.064Z,0,20.57,50,OK,0.1
2026-02-15T14:40:23.115Z,0,20.54,50,OK,0.1
2026-02-15T14:40:23.166Z,0,20.44,50,OK,0.1
2026-02-15T14:40:23.216Z,0,20.34,50,OK,0.1
2026-02-15T14:40:23.267Z,0,20.41,50,OK,0.1
2026-02-15T14:40:23.318Z,0,20.30,50,OK,0.1
2026-02-15T14:40:23.369Z,0,20.24,50,OK,0.1
2026-02-15T14:40:23.419Z,0,20.38,50,OK,0.1
2026-02-15T14:40:23.470Z,0,20.31,50,OK,0.1
2026-02-15T14:40:23.519Z,0,20.25,50,OK,0.1
2026-02-15T14:40:23.570Z,0,20.31,50,OK,0.1
2026-02-15T14:40:23.620Z,0,20.36,50,OK,0.1
2026-02-15T14:40:23.671Z,0,20.26,50,OK,0.1
2026-02-15T14:40:23.722Z,0,20.35,50,OK,0.1
2026-02-15T14:40:23.772Z,0,20.46,50,OK,0.1
2026-02-15T14:40:23.823Z,0,20.42,50,OK,0.1
2026-02-15T14:40:23.873Z,0,20.52,50,OK,0.1
2026-02-15T14:40:23.923Z,0,20.65,50,OK,0.1
2026-02-15T14:40:23.974Z,0,20.80,50,OK,0.1
2026-02-15T14:40:24.024Z,0,20.68,50,OK,0.1
2026-02-15T14:40:24.075Z,0,20.58,50,OK,0.1
2026-02-15T14:40:24.125Z,0,20.49,50,OK,0.1
2026-02-15T14:40:24.175Z,0,20.53,50,OK,0.1
2026-02-15T14:40:24.226Z,0,20.31,50,OK,0.1
2026-02-15T14:40:24.276Z,0,20.22,50,OK,0.1
2026-02-15T14:40:24.326Z,0,20.31,50,OK,0.1
2026-02-15T14:40:24.378Z,0,20.24,50,OK,0.1
2026-02-15T14:40:24.429Z,0,20.16,50,OK,0.1
2026-02-15T14:40:24.479Z,0,20.18,50,OK,0.1
2026-02-15T14:40:24.529Z,0,20.28,50,OK,0.1
2026-02-15T14:40:24.579Z,0,20.31,50,OK,0.1
2026-02-15T14:40:24.630Z,0,20.37,50,OK,0.1
2026-02-15T14:40:24.680Z,0,20.39,50,OK,0.1
2026-02-15T14:40:24.731Z,0,20.39,50,OK,0.1
2026-02-15T14:40:24.781Z,0,20.43,50,OK,0.1
2026-02-15T14:40:24.831Z,0,20.38,50,OK,0.1
2026-02-15T14:40:24.881Z,0,20.42,50,OK,0.1
2026-02-15T14:40:24.931Z,0,20.39,50,OK,0.1
2026-02-15T14:40:24.981Z,0,20.42,50,OK,0.1
2026-02-15T14:40:25.031Z,0,20.34,50,OK,0.1
2026-02-15T14:40:25.082Z,0,20.28,50,OK,0.1
2026-02-15T14:40:25.133Z,0,20.22,50,OK,0.1
2026-02-15T14:40:25.183Z,0,20.28,50,OK,0.1
2026-02-15T14:40:25.234Z,0,20.24,50,OK,0.1
2026-02-15T14:40:25.283Z,0,20.21,50,OK,0.1
2026-02-15T14:40:25.333Z,0,20.25,50,OK,0.1
2026-02-15T14:40:25.384Z,0,20.34,50,OK,0.1
2026-02-15T14:40:25.435Z,0,20.33,50,OK,0.1
2026-02-15T14:40:25.486Z,0,20.22,50,OK,0.1
2026-02-15T14:40:25.537Z,0,20.36,50,OK,0.1
2026-02-15T14:40:25.587Z,0,20.54,50,OK,0.1
2026-02-15T14:40:25.638Z,0,20.48,50,OK,0.1
2026-02-15T14:40:25.689Z,0,20.43,50,OK,0.1
2026-02-15T14:40:25.739Z,0,20.59,50,OK,0.1
2026-02-15T14:40:25.790Z,0,20.58,50,OK,0.1
2026-02-15T14:40:25.839Z,0,20.39,50,OK,0.1
2026-02-15T14:40:25.889Z,0,20.36,50,OK,0.1
2026-02-15T14:40:25.939Z,0,20.34,50,OK,0.1
2026-02-15T14:40:25.989Z,0,20.27,50,OK,0.1
2026-02-15T14:40:26.039Z,0,20.22,50,OK,0.1
2026-02-15T14:40:26.090Z,0,20.25,50,OK,0.1
2026-02-15T14:40:26.140Z,0,20.30,50,OK,0.1
2026-02-15T14:40:26.190Z,0,20.38,50,OK,0.1
2026-02-15T14:40:26.241Z,0,20.40,50,OK,0.1
2026-02-15T14:40:26.291Z,0,20.39,50,OK,0.1
2026-02-15T14:40:26.341Z,0,20.40,50,OK,0.1
2026-02-15T14:40:26.391Z,0,20.37,50,OK,0.1
2026-02-15T14:40:26.441Z,0,20.32,50,OK,0.1
2026-02-15T14:40:26.491Z,0,20.34,50,OK,0.1
2026-02-15T14:40:26.542Z,0,20.37,50,OK,0.1
2026-02-15T14:40:26.592Z,0,20.38,50,OK,0.1
2026-02-15T14:40:26.642Z,0,20.38,50,OK,0.1
2026-02-15T14:40:26.693Z,0,20.32,50,OK,0.1
2026-02-15T14:40:26.744Z,0,20.30,50,OK,0.1
2026-02-15T14:40:26.795Z,0,20.27,50,OK,0.1
2026-02-15T14:40:26.846Z,0,20.22,50,OK,0.1
2026-02-15T14:40:26.897Z,0,20.17,50,OK,0.1
2026-02-15T14:40:26.948Z,0,20.22,50,OK,0.1
2026-02-15T14:40:26.998Z,0,20.23,50,OK,0.1
2026-02-15T14:40:27.049Z,0,20.24,50,OK,0.1
2026-02-15T14:40:27.099Z,0,20.25,50,OK,0.1
2026-02-15T14:40:27.150Z,0,20.31,50,OK,0.1
2026-02-15T14:40:27.200Z,0,20.34,50,OK,0.1
2026-02-15T14:40:27.250Z,0,20.31,50,OK,0.1
2026-02-15T14:40:27.300Z,0,20.36,50,OK,0.1
2026-02-15T14:40:27.351Z,0,20.40,50,OK,0.1
2026-02-15T14:40:27.401Z,0,20.35,50,OK,0.1
2026-02-15T14:40:27.452Z,0,20.35,50,OK,0.1
2026-02-15T14:40:27.503Z,0,20.33,50,OK,0.1
2026-02-15T14:40:27.554Z,0,20.26,50,OK,0.1
2026-02-15T14:40:27.604Z,0,20.22,50,OK,0.1
2026-02-15T14:40:27.654Z,0,20.25,50,OK,0.1
2026-02-15T14:40:27.704Z,0,20.29,50,OK,0.1
2026-02-15T14:40:27.755Z,0,20.36,50,OK,0.1
2026-02-15T14:40:27.806Z,0,20.42,50,OK,0.1
2026-02-15T14:40:27.856Z,0,20.47,50,OK,0.1
2026-02-15T14:40:27.906Z,0,20.49,50,OK,0.1
2026-02-15T14:40:27.957Z,0,20.42,50,OK,0.1
2026-02-15T14:40:28.007Z,0,20.42,50,OK,0.1
2026-02-15T14:40:28.058Z,0,20.42,50,OK,0.1
2026-02-15T14:40:28.108Z,0,20.39,50,OK,0.1
2026-02-15T14:40:28.159Z,0,20.37,50,OK,0.1
2026-02-15T14:40:28.210Z,0,20.41,50,OK,0.1
2026-02-15T14:40:28.259Z,0,20.44,50,OK,0.1
2026-02-15T14:40:28.310Z,0,20.44,50,OK,0.1
2026-02-15T14:40:28.360Z,0,20.41,50,OK,0.1
2026-02-15T14:40:28.410Z,0,20.40,50,OK,0.1
2026-02-15T14:40:28.460Z,0,20.35,50,OK,0.1
2026-02-15T14:40:28.510Z,0,20.27,50,OK,0.1
2026-02-15T14:40:28.561Z,0,20.22,50,OK,0.1
2026-02-15T14:40:28.611Z,0,20.20,50,OK,0.1
2026-02-15T14:40:28.662Z,0,20.19,50,OK,0.1
2026-02-15T14:40:28.712Z,0,20.19,50,OK,0.1
2026-02-15T14:40:28.762Z,0,20.21,50,OK,0.1
2026-02-15T14:40:28.812Z,0,20.24,50,OK,0.1
2026-02-15T14:40:28.862Z,0,20.29,50,OK,0.1
2026-02-15T14:40:28.912Z,0,20.33,50,OK,0.1
2026-02-15T14:40:28.963Z,0,20.36,50,OK,0.1
2026-02-15T14:40:29.013Z,0,20.36,50,OK,0.1
2026-02-15T14:40:29.064Z,0,20.27,50,OK,0.1
2026-02-15T14:40:29.115Z,0,20.29,50,OK,0.1
2026-02-15T14:40:29.165Z,0,20.29,50,OK,0.1
2026-02-15T14:40:29.215Z,0,20.28,50,OK,0.1
2026-02-15T14:40:29.265Z,0,20.33,50,OK,0.1
2026-02-15T14:40:29.315Z,0,20.41,50,OK,0.1
2026-02-15T14:40:29.365Z,0,20.36,50,OK,0.1
2026-02-15T14:40:29.415Z,0,20.34,50,OK,0.1
2026-02-15T14:40:29.465Z,0,20.32,50,OK,0.1
2026-02-15T14:40:29.516Z,0,20.28,50,OK,0.1
2026-02-15T14:40:29.567Z,0,20.29,50,OK,0.1
2026-02-15T14:40:29.618Z,0,20.30,50,OK,0.1
2026-02-15T14:40:29.667Z,0,20.33,50,OK,0.1
2026-02-15T14:40:29.718Z,0,20.36,50,OK,0.1
2026-02-15T14:40:29.769Z,0,20.37,50,OK,0.1
2026-02-15T14:40:29.820Z,0,20.41,50,OK,0.1
2026-02-15T14:40:29.870Z,0,20.46,50,OK,0.1
2026-02-15T14:40:29.920Z,0,20.44,50,OK,0.1
2026-02-15T14:40:29.970Z,0,20.45,50,OK,0.1
2026-02-15T14:40:30.020Z,0,20.45,50,OK,0.1
2026-02-15T14:40:30.070Z,0,20.36,50,OK,0.1
2026-02-15T14:40:30.120Z,0,20.33,50,OK,0.1
2026-02-15T14:40:30.170Z,0,20.31,50,OK,0.1
2026-02-15T14:40:30.220Z,0,20.34,50,OK,0.1
2026-02-15T14:40:30.271Z,0,20.35,50,OK,0.1
2026-02-15T14:40:30.322Z,0,20.39,50,OK,0.1
2026-02-15T14:40:30.373Z,0,20.38,50,OK,0.1
2026-02-15T14:40:30.425Z,0,20.41,50,OK,0.1
2026-02-15T14:40:30.475Z,0,20.31,50,OK,0.1
2026-02-15T14:40:30.526Z,0,20.33,50,OK,0.1
2026-02-15T14:40:30.577Z,0,20.34,50,OK,0.1
2026-02-15T14:40:30.627Z,0,20.39,50,OK,0.1
2026-02-15T14:40:30.678Z,0,20.36,50,OK,0.1
2026-02-15T14:40:30.728Z,0,20.38,50,OK,0.1
2026-02-15T14:40:30.778Z,0,20.39,50,OK,0.1
2026-02-15T14:40:30.828Z,0,20.37,50,OK,0.1
2026-02-15T14:40:30.879Z,0,20.38,50,OK,0.1
2026-02-15T14:40:30.929Z,0,20.41,50,OK,0.1
2026-02-15T14:40:30.980Z,0,20.48,50,OK,0.1
2026-02-15T14:40:31.030Z,0,20.40,50,OK,0.1
2026-02-15T14:40:31.080Z,0,20.43,50,OK,0.1
2026-02-15T14:40:31.131Z,0,20.39,50,OK,0.1
2026-02-15T14:40:31.181Z,0,20.42,50,OK,0.1
2026-02-15T14:40:31.232Z,0,20.42,50,OK,0.1
2026-02-15T14:40:31.282Z,0,20.42,50,OK,0.1
2026-02-15T14:40:31.333Z,0,20.44,50,OK,0.1
2026-02-15T14:40:31.383Z,0,20.38,50,OK,0.1
2026-02-15T14:40:31.433Z,0,20.37,50,OK,0.1
2026-02-15T14:40:31.483Z,0,20.34,50,OK,0.1
2026-02-15T14:40:31.533Z,0,20.35,50,OK,0.1
2026-02-15T14:40:31.583Z,0,20.31,50,OK,0.1
2026-02-15T14:40:31.633Z,0,20.38,50,OK,0.1
2026-02-15T14:40:31.684Z,0,20.34,50,OK,0.1
2026-02-15T14:40:31.735Z,0,20.41,50,OK,0.1
2026-02-15T14:40:31.785Z,0,20.42,50,OK,0.1
2026-02-15T14:40:31.835Z,0,20.45,50,OK,0.1
2026-02-15T14:40:31.886Z,0,20.41,50,OK,0.1
2026-02-15T14:40:31.936Z,0,20.38,50,OK,0.1
2026-02-15T14:40:31.986Z,0,20.31,50,OK,0.1
2026-02-15T14:40:32.037Z,0,20.30,50,OK,0.1
2026-02-15T14:40:32.087Z,0,20.28,50,OK,0.1
2026-02-15T14:40:32.138Z,0,20.33,50,OK,0.1
2026-02-15T14:40:32.188Z,0,20.39,50,OK,0.1
2026-02-15T14:40:32.239Z,0,20.40,50,OK,0.1
2026-02-15T14:40:32.289Z,0,20.43,50,OK,0.1
2026-02-15T14:40:32.340Z,0,20.42,50,OK,0.1
2026-02-15T14:40:32.390Z,0,20.41,50,OK,0.1
2026-02-15T14:40:32.440Z,0,20.30,50,OK,0.1
2026-02-15T14:40:32.490Z,0,20.27,50,OK,0.1
2026-02-15T14:40:32.541Z,0,20.27,50,OK,0.1
2026-02-15T14:40:32.592Z,0,20.28,50,OK,0.1
2026-02-15T14:40:32.641Z,0,20.28,50,OK,0.1
2026-02-15T14:40:32.692Z,0,20.38,50,OK,0.1
2026-02-15T14:40:32.743Z,0,20.39,50,OK,0.1
2026-02-15T14:40:32.794Z,0,20.43,50,OK,0.1
2026-02-15T14:40:32.844Z,0,20.42,50,OK,0.1
2026-02-15T14:40:32.894Z,0,20.25,50,OK,0.1
2026-02-15T14:40:32.944Z,0,20.23,50,OK,0.1
2026-02-15T14:40:32.994Z,0,20.38,50,OK,0.1
2026-02-15T14:40:33.044Z,0,20.32,50,OK,0.1
2026-02-15T14:40:33.095Z,0,20.30,50,OK,0.1
2026-02-15T14:40:33.146Z,0,20.48,50,OK,0.1
2026-02-15T14:40:33.197Z,0,20.39,50,OK,0.1
2026-02-15T14:40:33.248Z,0,20.24,50,OK,0.1
2026-02-15T14:40:33.298Z,0,20.36,50,OK,0.1
2026-02-15T14:40:33.348Z,0,20.42,50,OK,0.1
2026-02-15T14:40:33.398Z,0,20.48,50,OK,0.1
2026-02-15T14:40:33.448Z,0,20.53,50,OK,0.1
2026-02-15T14:40:33.498Z,0,20.59,50,OK,0.1
2026-02-15T14:40:33.549Z,0,20.51,50,OK,0.1
2026-02-15T14:40:33.600Z,0,20.42,50,OK,0.1
2026-02-15T14:40:33.651Z,0,20.35,50,OK,0.1
2026-02-15T14:40:33.701Z,0,20.29,50,OK,0.1
2026-02-15T14:40:33.751Z,0,20.22,50,OK,0.1
2026-02-15T14:40:33.802Z,0,20.15,50,OK,0.1
2026-02-15T14:40:33.853Z,0,20.19,50,OK,0.1
2026-02-15T14:40:33.903Z,0,20.26,50,OK,0.1
2026-02-15T14:40:33.953Z,0,20.35,50,OK,0.1
2026-02-15T14:40:34.003Z,0,20.33,50,OK,0.1
2026-02-15T14:40:34.054Z,0,20.38,50,OK,0.1
2026-02-15T14:40:34.103Z,0,20.34,50,OK,0.1
2026-02-15T14:40:34.154Z,0,20.32,50,OK,0.1
2026-02-15T14:40:34.205Z,0,20.31,50,OK,0.1
2026-02-15T14:40:34.255Z,0,20.34,50,OK,0.1
2026-02-15T14:40:34.306Z,0,20.32,50,OK,0.1
2026-02-15T14:40:34.356Z,0,20.38,50,OK,0.1
2026-02-15T14:40:34.407Z,0,20.44,50,OK,0.1
2026-02-15T14:40:34.457Z,0,20.48,50,OK,0.1
2026-02-15T14:40:34.508Z,0,20.40,50,OK,0.1
2026-02-15T14:40:34.558Z,0,20.41,50,OK,0.1
2026-02-15T14:40:34.609Z,0,20.49,50,OK,0.1
2026-02-15T14:40:34.659Z,0,20.40,50,OK,0.1
2026-02-15T14:40:34.711Z,0,20.26,50,OK,0.1
2026-02-15T14:40:34.761Z,0,20.35,50,OK,0.1
2026-02-15T14:40:34.811Z,0,20.47,50,OK,0.1
2026-02-15T14:40:34.862Z,0,20.38,50,OK,0.1
2026-02-15T14:40:34.913Z,0,20.31,50,OK,0.1
2026-02-15T14:40:34.964Z,0,20.42,50,OK,0.1
2026-02-15T14:40:35.015Z,0,20.36,50,OK,0.1
2026-02-15T14:40:35.066Z,0,20.24,50,OK,0.1
2026-02-15T14:40:35.117Z,0,20.20,50,OK,0.1
2026-02-15T14:40:35.168Z,0,20.27,50,OK,0.1
2026-02-15T14:40:35.218Z,0,20.42,50,OK,0.1
2026-02-15T14:40:35.268Z,0,20.50,50,OK,0.1
2026-02-15T14:40:35.318Z,0,20.60,50,OK,0.1
2026-02-15T14:40:35.369Z,0,20.65,50,OK,0.1
2026-02-15T14:40:35.420Z,0,20.61,50,OK,0.1
2026-02-15T14:40:35.470Z,0,20.43,50,OK,0.1
2026-02-15T14:40:35.520Z,0,20.31,50,OK,0.1
2026-02-15T14:40:35.571Z,0,20.21,50,OK,0.1
2026-02-15T14:40:35.622Z,0,20.13,50,OK,0.1
2026-02-15T14:40:35.673Z,0,20.18,50,OK,0.1
2026-02-15T14:40:35.723Z,0,20.33,50,OK,0.1
2026-02-15T14:40:35.773Z,0,20.44,50,OK,0.1
2026-02-15T14:40:35.823Z,0,20.46,50,OK,0.1
2026-02-15T14:40:35.873Z,0,20.49,50,OK,0.1
2026-02-15T14:40:35.923Z,0,20.45,50,OK,0.1
2026-02-15T14:40:35.973Z,0,20.28,50,OK,0.1
2026-02-15T14:40:36.023Z,0,20.26,50,OK,0.1
2026-02-15T14:40:36.074Z,0,20.26,50,OK,0.1
2026-02-15T14:40:36.124Z,0,20.31,50,OK,0.1
2026-02-15T14:40:36.174Z,0,20.13,50,OK,0.1
2026-02-15T14:40:36.225Z,0,20.27,50,OK,0.1
2026-02-15T14:40:36.276Z,0,20.29,50,OK,0.1
2026-02-15T14:40:36.326Z,0,20.36,50,OK,0.1
2026-02-15T14:40:36.376Z,0,20.37,50,OK,0.1
2026-02-15T14:40:36.426Z,0,20.57,50,OK,0.1
2026-02-15T14:40:36.477Z,0,20.47,50,OK,0.1
2026-02-15T14:40:36.527Z,0,20.48,50,OK,0.1
2026-02-15T14:40:36.578Z,0,20.36,50,OK,0.1
2026-02-15T14:40:36.629Z,0,20.25,50,OK,0.1
2026-02-15T14:40:36.679Z,0,20.26,50,OK,0.1
2026-02-15T14:40:36.729Z,0,20.41,50,OK,0.1
2026-02-15T14:40:36.780Z,0,20.39,50,OK,0.1
2026-02-15T14:40:36.830Z,0,20.29,50,OK,0.1
2026-02-15T14:40:36.880Z,0,20.38,50,OK,0.1
2026-02-15T14:40:36.930Z,0,20.46,50,OK,0.1
2026-02-15T14:40:36.980Z,0,20.35,50,OK,0.1
2026-02-15T14:40:37.031Z,0,20.30,50,OK,0.1
2026-02-15T14:40:37.082Z,0,20.45,50,OK,0.1
2026-02-15T14:40:37.131Z,0,20.59,50,OK,0.1
2026-02-15T14:40:37.181Z,0,20.51,50,OK,0.1
2026-02-15T14:40:37.232Z,0,20.43,50,OK,0.1
2026-02-15T14:40:37.282Z,0,20.48,50,OK,0.1
2026-02-15T14:40:37.333Z,0,20.47,50,OK,0.1
2026-02-15T14:40:37.383Z,0,20.35,50,OK,0.1
2026-02-15T14:40:37.434Z,0,20.41,50,OK,0.1
2026-02-15T14:40:37.484Z,0,20.43,50,OK,0.1
2026-02-15T14:40:37.535Z,0,20.52,50,OK,0.1
2026-02-15T14:40:37.586Z,0,20.55,50,OK,0.1
2026-02-15T14:40:37.636Z,0,20.61,50,OK,0.1
2026-02-15T14:40:37.686Z,0,20.56,50,OK,0.1
2026-02-15T14:40:37.736Z,0,20.53,50,OK,0.1
2026-02-15T14:40:37.787Z,0,20.50,50,OK,0.1
2026-02-15T14:40:37.837Z,0,20.44,50,OK,0.1
2026-02-15T14:40:37.888Z,0,20.34,50,OK,0.1
2026-02-15T14:40:37.938Z,0,20.38,50,OK,0.1
2026-02-15T14:40:37.988Z,0,20.41,50,OK,0.1
2026-02-15T14:40:38.038Z,0,20.36,50,OK,0.1
2026-02-15T14:40:38.089Z,0,20.39,50,OK,0.1
2026-02-15T14:40:38.139Z,0,20.44,50,OK,0.1
2026-02-15T14:40:38.190Z,0,20.38,50,OK,0.1
2026-02-15T14:40:38.241Z,0,20.50,50,OK,0.1
2026-02-15T14:40:38.291Z,0,20.49,50,OK,0.1
2026-02-15T14:40:38.342Z,0,20.57,50,OK,0.1
2026-02-15T14:40:38.392Z,0,20.54,50,OK,0.1
2026-02-15T14:40:38.442Z,0,20.66,50,OK,0.1
2026-02-15T14:40:38.492Z,0,20.53,50,OK,0.1
2026-02-15T14:40:38.543Z,0,20.40,50,OK,0.1
2026-02-15T14:40:38.593Z,0,20.34,50,OK,0.1
2026-02-15T14:40:38.643Z,0,20.47,50,OK,0.1
2026-02-15T14:40:38.693Z,0,20.34,50,OK,0.1
2026-02-15T14:40:38.743Z,0,20.36,50,OK,0.1
2026-02-15T14:40:38.793Z,0,20.46,50,OK,0.1
2026-02-15T14:40:38.843Z,0,20.43,50,OK,0.1
2026-02-15T14:40:38.894Z,0,20.29,50,OK,0.1
2026-02-15T14:40:38.945Z,0,20.27,50,OK,0.1
2026-02-15T14:40:38.995Z,0,20.35,50,OK,0.1
2026-02-15T14:40:39.046Z,0,20.37,50,OK,0.1
2026-02-15T14:40:39.097Z,0,20.37,50,OK,0.1
2026-02-15T14:40:39.147Z,0,20.41,50,OK,0.1
2026-02-15T14:40:39.198Z,0,20.45,50,OK,0.1
2026-02-15T14:40:39.248Z,0,20.31,50,OK,0.1
2026-02-15T14:40:39.298Z,0,20.33,50,OK,0.1
2026-02-15T14:40:39.348Z,0,20.35,50,OK,0.1
2026-02-15T14:40:39.398Z,0,20.33,50,OK,0.1
2026-02-15T14:40:39.448Z,0,20.34,50,OK,0.1
2026-02-15T14:40:39.498Z,0,20.49,50,OK,0.1
2026-02-15T14:40:39.548Z,0,20.45,50,OK,0.1
2026-02-15T14:40:39.599Z,0,20.44,50,OK,0.1
2026-02-15T14:40:39.648Z,0,20.50,50,OK,0.1
2026-02-15T14:40:39.698Z,0,20.45,50,OK,0.1
2026-02-15T14:40:39.749Z,0,20.40,50,OK,0.1
2026-02-15T14:40:39.799Z,0,20.40,50,OK,0.1
2026-02-15T14:40:39.850Z,0,20.27,50,OK,0.1
2026-02-15T14:40:39.900Z,0,20.22,50,OK,0.1
2026-02-15T14:40:39.951Z,0,20.13,50,OK,0.1
2026-02-15T14:40:40.002Z,0,20.07,50,OK,0.1
2026-02-15T14:40:40.052Z,0,20.28,50,OK,0.1
2026-02-15T14:40:40.102Z,0,20.41,50,OK,0.1
2026-02-15T14:40:40.152Z,0,20.35,50,OK,0.1
2026-02-15T14:40:40.202Z,0,20.51,50,OK,0.1
2026-02-15T14:40:40.253Z,0,20.59,50,OK,0.1
2026-02-15T14:40:40.303Z,0,20.38,50,OK,0.1
2026-02-15T14:40:40.354Z,0,20.40,50,OK,0.1
2026-02-15T14:40:40.405Z,0,20.47,50,OK,0.1
2026-02-15T14:40:40.455Z,0,20.43,50,OK,0.1
2026-02-15T14:40:40.506Z,0,20.39,50,OK,0.1
2026-02-15T14:40:40.556Z,0,20.42,50,OK,0.1
2026-02-15T14:40:40.607Z,0,20.36,50,OK,0.1
2026-02-15T14:40:40.658Z,0,20.20,50,OK,0.1
2026-02-15T14:40:40.708Z,0,20.18,50,OK,0.1
2026-02-15T14:40:40.754Z,0,20.18,50,OK,0.1
2026-02-15T14:40:40.804Z,0,20.18,50,OK,0.1
2026-02-15T14:40:40.854Z,0,20.20,50,OK,0.1
2026-02-15T14:40:40.903Z,0,20.35,50,OK,0.1
2026-02-15T14:40:40.954Z,0,20.37,50,OK,0.1
2026-02-15T14:40:41.004Z,0,20.36,50,OK,0.1
2026-02-15T14:40:41.055Z,0,20.40,50,OK,0.1
2026-02-15T14:40:41.106Z,0,20.42,50,OK,0.1
2026-02-15T14:40:41.156Z,0,20.48,50,OK,0.1
2026-02-15T14:40:41.207Z,0,20.53,50,OK,0.1
2026-02-15T14:40:41.257Z,0,20.62,50,OK,0.1
2026-02-15T14:40:41.308Z,0,20.54,50,OK,0.1
2026-02-15T14:40:41.358Z,0,20.59,50,OK,0.1
2026-02-15T14:40:41.409Z,0,20.52,50,OK,0.1
2026-02-15T14:40:41.460Z,0,20.40,50,OK,0.1
2026-02-15T14:40:41.510Z,0,20.33,50,OK,0.1
2026-02-15T14:40:41.560Z,0,20.39,50,OK,0.1
2026-02-15T14:40:41.610Z,0,20.34,50,OK,0.1
2026-02-15T14:40:41.661Z,0,20.33,50,OK,0.1
2026-02-15T14:40:41.712Z,0,20.40,50,OK,0.1
2026-02-15T14:40:41.762Z,0,20.47,50,OK,0.1
2026-02-15T14:40:41.813Z,0,20.42,50,OK,0.1
2026-02-15T14:40:41.863Z,0,20.43,50,OK,0.1
2026-02-15T14:40:41.914Z,0,20.47,50,OK,0.1
2026-02-15T14:40:41.963Z,0,20.40,50,OK,0.1
2026-02-15T14:40:42.013Z,0,20.32,50,OK,0.1
2026-02-15T14:40:42.064Z,0,20.40,50,OK,0.1
2026-02-15T14:40:42.114Z,0,20.42,50,OK,0.1
2026-02-15T14:40:42.164Z,0,20.42,50,OK,0.1
2026-02-15T14:40:42.215Z,0,20.41,50,OK,0.1
2026-02-15T14:40:42.265Z,0,20.40,50,OK,0.1
2026-02-15T14:40:42.315Z,0,20.32,50,OK,0.1
2026-02-15T14:40:42.366Z,0,20.25,50,OK,0.1
2026-02-15T14:40:42.417Z,0,20.19,50,OK,0.1
2026-02-15T14:40:42.467Z,0,20.21,50,OK,0.1
2026-02-15T14:40:42.518Z,0,20.16,50,OK,0.1
2026-02-15T14:40:42.569Z,0,20.16,50,OK,0.1
2026-02-15T14:40:42.618Z,0,20.16,50,OK,0.1
2026-02-15T14:40:42.669Z,0,20.19,50,OK,0.1
2026-02-15T14:40:42.720Z,0,20.17,50,OK,0.1
2026-02-15T14:40:42.771Z,0,20.35,50,OK,0.1
2026-02-15T14:40:42.821Z,0,20.32,50,OK,0.1
2026-02-15T14:40:42.871Z,0,20.35,50,OK,0.1
2026-02-15T14:40:42.921Z,0,20.36,50,OK,0.1
2026-02-15T14:40:42.972Z,0,20.39,50,OK,0.1
2026-02-15T14:40:43.022Z,0,20.29,50,OK,0.1
2026-02-15T14:40:43.073Z,0,20.32,50,OK,0.1
2026-02-15T14:40:43.122Z,0,20.36,50,OK,0.1
2026-02-15T14:40:43.173Z,0,20.33,50,OK,0.1
2026-02-15T14:40:43.223Z,0,20.33,50,OK,0.1
2026-02-15T14:40:43.273Z,0,20.33,50,OK,0.1
2026-02-15T14:40:43.323Z,0,20.33,50,OK,0.1
2026-02-15T14:40:43.373Z,0,20.30,50,OK,0.1
2026-02-15T14:40:43.424Z,0,20.31,50,OK,0.1
2026-02-15T14:40:43.475Z,0,20.30,50,OK,0.1
2026-02-15T14:40:43.526Z,0,20.29,50,OK,0.1
2026-02-15T14:40:43.575Z,0,20.27,50,OK,0.1
2026-02-15T14:40:43.626Z,0,20.31,50,OK,0.1
2026-02-15T14:40:43.676Z,0,20.40,50,OK,0.1
2026-02-15T14:40:43.725Z,0,20.40,50,OK,0.1
2026-02-15T14:40:43.775Z,0,20.48,50,OK,0.1
2026-02-15T14:40:43.826Z,0,20.50,50,OK,0.1
2026-02-15T14:40:43.875Z,0,20.47,50,OK,0.1
2026-02-15T14:40:43.925Z,0,20.37,50,OK,0.1
2026-02-15T14:40:43.975Z,0,20.40,50,OK,0.1
2026-02-15T14:40:44.025Z,0,20.31,50,OK,0.1
2026-02-15T14:40:44.076Z,0,20.34,50,OK,0.1
2026-02-15T14:40:44.127Z,0,20.37,50,OK,0.1
2026-02-15T14:40:44.177Z,0,20.42,50,OK,0.1
2026-02-15T14:40:44.227Z,0,20.36,50,OK,0.1
2026-02-15T14:40:44.278Z,0,20.39,50,OK,0.1
2026-02-15T14:40:44.329Z,0,20.38,50,OK,0.1
2026-02-15T14:40:44.379Z,0,20.34,50,OK,0.1
2026-02-15T14:40:44.430Z,0,20.38,50,OK,0.1
2026-02-15T14:40:44.481Z,0,20.43,50,OK,0.1
2026-02-15T14:40:44.531Z,0,20.45,50,OK,0.1
2026-02-15T14:40:44.582Z,0,20.42,50,OK,0.1
2026-02-15T14:40:44.632Z,0,20.40,50,OK,0.1
2026-02-15T14:40:44.683Z,0,20.31,50,OK,0.1
2026-02-15T14:40:44.732Z,0,20.33,50,OK,0.1
2026-02-15T14:40:44.783Z,0,20.30,50,OK,0.1
2026-02-15T14:40:44.833Z,0,20.32,50,OK,0.1
2026-02-15T14:40:44.884Z,0,20.38,50,OK,0.1
2026-02-15T14:40:44.935Z,0,20.40,50,OK,0.1
2026-02-15T14:40:44.985Z,0,20.40,50,OK,0.1
2026-02-15T14:40:45.035Z,0,20.40,50,OK,0.1
2026-02-15T14:40:45.085Z,0,20.40,50,OK,0.1
2026-02-15T14:40:45.136Z,0,20.37,50,OK,0.1
2026-02-15T14:40:45.186Z,0,20.42,50,OK,0.1
2026-02-15T14:40:45.236Z,0,20.40,50,OK,0.1
2026-02-15T14:40:45.287Z,0,20.42,50,OK,0.1
2026-02-15T14:40:45.338Z,0,20.45,50,OK,0.1
2026-02-15T14:40:45.389Z,0,20.43,50,OK,0.1
2026-02-15T14:40:45.440Z,0,20.38,50,OK,0.1
2026-02-15T14:40:45.491Z,0,20.40,50,OK,0.1
2026-02-15T14:40:45.542Z,0,20.41,50,OK,0.1
2026-02-15T14:40:45.592Z,0,20.36,50,OK,0.1
2026-02-15T14:40:45.642Z,0,20.41,50,OK,0.1
2026-02-15T14:40:45.693Z,0,20.46,50,OK,0.1
2026-02-15T14:40:45.744Z,0,20.42,50,OK,0.1
2026-02-15T14:40:45.795Z,0,20.38,50,OK,0.1
2026-02-15T14:40:45.845Z,0,20.31,50,OK,0.1
2026-02-15T14:40:45.894Z,0,20.23,50,OK,0.1
2026-02-15T14:40:45.944Z,0,20.09,50,OK,0.1
2026-02-15T14:40:45.994Z,0,20.09,50,OK,0.1
2026-02-15T14:40:46.044Z,0,19.99,50,OK,0.1
2026-02-15T14:40:46.095Z,0,20.05,50,OK,0.1
2026-02-15T14:40:46.146Z,0,20.08,50,OK,0.1
2026-02-15T14:40:46.197Z,0,20.18,50,OK,0.1
2026-02-15T14:40:46.246Z,0,20.26,50,OK,0.1
2026-02-15T14:40:46.296Z,0,20.37,50,OK,0.1
2026-02-15T14:40:46.347Z,0,20.36,50,OK,0.1
2026-02-15T14:40:46.397Z,0,20.38,50,OK,0.1
2026-02-15T14:40:46.448Z,0,20.46,50,OK,0.1
2026-02-15T14:40:46.498Z,0,20.38,50,OK,0.1
2026-02-15T14:40:46.549Z,0,20.40,50,OK,0.1
2026-02-15T14:40:46.600Z,0,20.48,50,OK,0.1
2026-02-15T14:40:46.651Z,0,20.49,50,OK,0.1
2026-02-15T14:40:46.702Z,0,20.45,50,OK,0.1
2026-02-15T14:40:46.752Z,0,20.38,50,OK,0.1
2026-02-15T14:40:46.802Z,0,20.36,50,OK,0.1
2026-02-15T14:40:46.852Z,0,20.28,50,OK,0.1
2026-02-15T14:40:46.902Z,0,20.24,50,OK,0.1
2026-02-15T14:40:46.953Z,0,20.18,50,OK,0.1
2026-02-15T14:40:47.004Z,0,20.25,50,OK,0.1
2026-02-15T14:40:47.055Z,0,20.29,50,OK,0.1
2026-02-15T14:40:47.105Z,0,20.31,50,OK,0.1
2026-02-15T14:40:47.156Z,0,20.32,50,OK,0.1
2026-02-15T14:40:47.206Z,0,20.38,50,OK,0.1
2026-02-15T14:40:47.257Z,0,20.41,50,OK,0.1
2026-02-15T14:40:47.308Z,0,20.43,50,OK,0.1
2026-02-15T14:40:47.359Z,0,20.25,50,OK,0.1
2026-02-15T14:40:47.409Z,0,20.30,50,OK,0.1
2026-02-15T14:40:47.460Z,0,20.15,50,OK,0.1
2026-02-15T14:40:47.509Z,0,20.18,50,OK,0.1
2026-02-15T14:40:47.559Z,0,20.22,50,OK,0.1
2026-02-15T14:40:47.609Z,0,20.39,50,OK,0.1
2026-02-15T14:40:47.660Z,0,20.22,50,OK,0.1
2026-02-15T14:40:47.709Z,0,20.31,50,OK,0.1
2026-02-15T14:40:47.760Z,0,20.27,50,OK,0.1
2026-02-15T14:40:47.811Z,0,20.16,50,OK,0.1
2026-02-15T14:40:47.862Z,0,20.13,50,OK,0.1
2026-02-15T14:40:47.912Z,0,20.24,50,OK,0.1
2026-02-15T14:40:47.961Z,0,20.21,50,OK,0.1
2026-02-15T14:40:48.012Z,0,20.19,50,OK,0.1
2026-02-15T14:40:48.061Z,0,20.18,50,OK,0.1
2026-02-15T14:40:48.112Z,0,20.22,50,OK,0.1
2026-02-15T14:40:48.162Z,0,20.30,50,OK,0.1
2026-02-15T14:40:48.212Z,0,20.36,50,OK,0.1
2026-02-15T14:40:48.263Z,0,20.35,50,OK,0.1
2026-02-15T14:40:48.313Z,0,20.38,50,OK,0.1
2026-02-15T14:40:48.364Z,0,20.38,50,OK,0.1
2026-02-15T14:40:48.415Z,0,20.31,50,OK,0.1
2026-02-15T14:40:48.465Z,0,20.33,50,OK,0.1
2026-02-15T14:40:48.516Z,0,20.32,50,OK,0.1
2026-02-15T14:40:48.566Z,0,20.36,50,OK,0.1
2026-02-15T14:40:48.617Z,0,20.37,50,OK,0.1
2026-02-15T14:40:48.667Z,0,20.43,50,OK,0.1
2026-02-15T14:40:48.718Z,0,20.42,50,OK,0.1
2026-02-15T14:40:48.768Z,0,20.39,50,OK,0.1
2026-02-15T14:40:48.818Z,0,20.40,50,OK,0.1
2026-02-15T14:40:48.869Z,0,20.35,50,OK,0.1
2026-02-15T14:40:48.919Z,0,20.29,50,OK,0.1
2026-02-15T14:40:48.970Z,0,20.32,50,OK,0.1
2026-02-15T14:40:49.021Z,0,20.35,50,OK,0.1
2026-02-15T14:40:49.071Z,0,20.35,50,OK,0.1
2026-02-15T14:40:49.121Z,0,20.43,50,OK,0.1
2026-02-15T14:40:49.171Z,0,20.48,50,OK,0.1
2026-02-15T14:40:49.222Z,0,20.44,50,OK,0.1
2026-02-15T14:40:49.272Z,0,20.43,50,OK,0.1
2026-02-15T14:40:49.323Z,0,20.36,50,OK,0.1
2026-02-15T14:40:49.373Z,0,20.39,50,OK,0.1
2026-02-15T14:40:49.423Z,0,20.32,50,OK,0.1
2026-02-15T14:40:49.474Z,0,20.41,50,OK,0.1
2026-02-15T14:40:49.525Z,0,20.54,50,OK,0.1
2026-02-15T14:40:49.576Z,0,20.75,50,OK,0.1
2026-02-15T14:40:49.627Z,0,20.77,50,OK,0.1
2026-02-15T14:40:49.677Z,0,20.66,50,OK,0.1
2026-02-15T14:40:49.727Z,0,20.63,50,OK,0.1
2026-02-15T14:40:49.777Z,0,20.43,50,OK,0.1
2026-02-15T14:40:49.826Z,0,20.22,50,OK,0.1
2026-02-15T14:40:49.876Z,0,20.22,50,OK,0.1
2026-02-15T14:40:49.927Z,0,20.37,50,OK,0.1
2026-02-15T14:40:49.978Z,0,20.23,50,OK,0.1
2026-02-15T14:40:50.027Z,0,20.22,50,OK,0.1
2026-02-15T14:40:50.077Z,0,20.33,50,OK,0.1
2026-02-15T14:40:50.127Z,0,20.29,50,OK,0.1
2026-02-15T14:40:50.177Z,0,20.32,50,OK,0.1
2026-02-15T14:40:50.227Z,0,20.40,50,OK,0.1
2026-02-15T14:40:50.278Z,0,20.40,50,OK,0.1
2026-02-15T14:40:50.328Z,0,20.31,50,OK,0.1
2026-02-15T14:40:50.379Z,0,20.37,50,OK,0.1
2026-02-15T14:40:50.429Z,0,20.33,50,OK,0.1
2026-02-15T14:40:50.480Z,0,20.30,50,OK,0.1
2026-02-15T14:40:50.530Z,0,20.48,50,OK,0.1
2026-02-15T14:40:50.580Z,0,20.52,50,OK,0.1
2026-02-15T14:40:50.631Z,0,20.43,50,OK,0.1
2026-02-15T14:40:50.682Z,0,20.37,50,OK,0.1
2026-02-15T14:40:50.732Z,0,20.39,50,OK,0.1
2026-02-15T14:40:50.781Z,0,20.37,50,OK,0.1
2026-02-15T14:40:50.832Z,0,20.39,50,OK,0.1
2026-02-15T14:40:50.882Z,0,20.45,50,OK,0.1
2026-02-15T14:40:50.933Z,0,20.52,50,OK,0.1
2026-02-15T14:40:50.984Z,0,20.53,50,OK,0.1
2026-02-15T14:40:51.035Z,0,20.46,50,OK,0.1
2026-02-15T14:40:51.084Z,0,20.43,50,OK,0.1
2026-02-15T14:40:51.135Z,0,20.36,50,OK,0.1
2026-02-15T14:40:51.184Z,0,20.27,50,OK,0.1
2026-02-15T14:40:51.234Z,0,20.27,50,OK,0.1
2026-02-15T14:40:51.285Z,0,20.37,50,OK,0.1
2026-02-15T14:40:51.334Z,0,20.38,50,OK,0.1
2026-02-15T14:40:51.385Z,0,20.46,50,OK,0.1
2026-02-15T14:40:51.436Z,0,20.53,50,OK,0.1
2026-02-15T14:40:51.485Z,0,20.49,50,OK,0.1
2026-02-15T14:40:51.536Z,0,20.48,50,OK,0.1
2026-02-15T14:40:51.587Z,0,20.30,50,OK,0.1
2026-02-15T14:40:51.637Z,0,20.24,50,OK,0.1
2026-02-15T14:40:51.687Z,0,20.15,50,OK,0.1
2026-02-15T14:40:51.738Z,0,20.19,50,OK,0.1
2026-02-15T14:40:51.788Z,0,20.24,50,OK,0.1
2026-02-15T14:40:51.838Z,0,20.42,50,OK,0.1
2026-02-15T14:40:51.889Z,0,20.49,50,OK,0.1
2026-02-15T14:40:51.939Z,0,20.58,50,OK,0.1
2026-02-15T14:40:51.990Z,0,20.52,50,OK,0.1
2026-02-15T14:40:52.041Z,0,20.38,50,OK,0.1
2026-02-15T14:40:52.090Z,0,20.27,50,OK,0.1
2026-02-15T14:40:52.140Z,0,20.25,50,OK,0.1
2026-02-15T14:40:52.191Z,0,20.27,50,OK,0.1
2026-02-15T14:40:52.240Z,0,20.33,50,OK,0.1
2026-02-15T14:40:52.291Z,0,20.29,50,OK,0.1
2026-02-15T14:40:52.341Z,0,20.35,50,OK,0.1
2026-02-15T14:40:52.390Z,0,20.31,50,OK,0.1
2026-02-15T14:40:52.441Z,0,20.27,50,OK,0.1
2026-02-15T14:40:52.491Z,0,20.34,50,OK,0.1
2026-02-15T14:40:52.542Z,0,20.41,50,OK,0.1
2026-02-15T14:40:52.592Z,0,20.34,50,OK,0.1
2026-02-15T14:40:52.641Z,0,20.30,50,OK,0.1
2026-02-15T14:40:52.691Z,0,20.45,50,OK,0.1
2026-02-15T14:40:52.742Z,0,20.41,50,OK,0.1
2026-02-15T14:40:52.792Z,0,20.42,50,OK,0.1
2026-02-15T14:40:52.843Z,0,20.49,50,OK,0.1
2026-02-15T14:40:52.892Z,0,20.55,50,OK,0.1
2026-02-15T14:40:52.943Z,0,20.38,50,OK,0.1
2026-02-15T14:40:52.993Z,0,20.23,50,OK,0.1
2026-02-15T14:40:53.043Z,0,20.23,50,OK,0.1
2026-02-15T14:40:53.093Z,0,20.33,50,OK,0.1
2026-02-15T14:40:53.144Z,0,20.27,50,OK,0.1
2026-02-15T14:40:53.194Z,0,20.17,50,OK,0.1
2026-02-15T14:40:53.244Z,0,20.37,50,OK,0.1
2026-02-15T14:40:53.294Z,0,20.43,50,OK,0.1
2026-02-15T14:40:53.344Z,0,20.31,50,OK,0.1
2026-02-15T14:40:53.395Z,0,20.33,50,OK,0.1
2026-02-15T14:40:53.445Z,0,20.46,50,OK,0.1
2026-02-15T14:40:53.495Z,0,20.34,50,OK,0.1
2026-02-15T14:40:53.544Z,0,20.30,50,OK,0.1
2026-02-15T14:40:53.595Z,0,20.35,50,OK,0.1
2026-02-15T14:40:53.646Z,0,20.34,50,OK,0.1
2026-02-15T14:40:53.696Z,0,20.35,50,OK,0.1
2026-02-15T14:40:53.747Z,0,20.44,50,OK,0.1
2026-02-15T14:40:53.797Z,0,20.47,50,OK,0.1
2026-02-15T14:40:53.847Z,0,20.44,50,OK,0.1
2026-02-15T14:40:53.897Z,0,20.32,50,OK,0.1
2026-02-15T14:40:53.948Z,0,20.20,50,OK,0.1
2026-02-15T14:40:53.998Z,0,20.10,50,OK,0.1
2026-02-15T14:40:54.049Z,0,20.04,50,OK,0.1
2026-02-15T14:40:54.099Z,0,20.13,50,OK,0.1
2026-02-15T14:40:54.149Z,0,20.21,50,OK,0.1
2026-02-15T14:40:54.200Z,0,20.34,50,OK,0.1
2026-02-15T14:40:54.251Z,0,20.34,50,OK,0.1
2026-02-15T14:40:54.301Z,0,20.45,50,OK,0.1
2026-02-15T14:40:54.351Z,0,20.32,50,OK,0.1
2026-02-15T14:40:54.402Z,0,20.39,50,OK,0.1
2026-02-15T14:40:54.452Z,0,20.27,50,OK,0.1
2026-02-15T14:40:54.501Z,0,20.39,50,OK,0.1
2026-02-15T14:40:54.552Z,0,20.28,50,OK,0.1
2026-02-15T14:40:54.603Z,0,20.39,50,OK,0.1
2026-02-15T14:40:54.654Z,0,20.39,50,OK,0.1
2026-02-15T14:40:54.705Z,0,20.44,50,OK,0.1
2026-02-15T14:40:54.755Z,0,20.41,50,OK,0.1
2026-02-15T14:40:54.806Z,0,20.52,50,OK,0.1
2026-02-15T14:40:54.857Z,0,20.46,50,OK,0.1
2026-02-15T14:40:54.908Z,0,20.59,50,OK,0.1
2026-02-15T14:40:54.959Z,0,20.66,50,OK,0.1
2026-02-15T14:40:55.008Z,0,20.73,50,OK,0.1
2026-02-15T14:40:55.059Z,0,20.65,50,OK,0.1
2026-02-15T14:40:55.110Z,0,20.69,50,OK,0.1
2026-02-15T14:40:55.161Z,0,20.57,50,OK,0.1
2026-02-15T14:40:55.211Z,0,20.57,50,OK,0.1
2026-02-15T14:40:55.260Z,0,20.48,50,OK,0.1
2026-02-15T14:40:55.311Z,0,20.47,50,OK,0.1
2026-02-15T14:40:55.361Z,0,20.39,50,OK,0.1
2026-02-15T14:40:55.412Z,0,20.34,50,OK,0.1
2026-02-15T14:40:55.462Z,0,20.27,50,OK,0.1
2026-02-15T14:40:55.512Z,0,20.23,50,OK,0.1
2026-02-15T14:40:55.562Z,0,20.22,50,OK,0.1
2026-02-15T14:40:55.613Z,0,20.22,50,OK,0.1
2026-02-15T14:40:55.662Z,0,20.25,50,OK,0.1
2026-02-15T14:40:55.713Z,0,20.37,50,OK,0.1
2026-02-15T14:40:55.763Z,0,20.40,50,OK,0.1
2026-02-15T14:40:55.812Z,0,20.47,50,OK,0.1
2026-02-15T14:40:55.863Z,0,20.47,50,OK,0.1
2026-02-15T14:40:55.914Z,0,20.46,50,OK,0.1
2026-02-15T14:40:55.964Z,0,20.33,50,OK,0.1
2026-02-15T14:40:56.014Z,0,20.23,50,OK,0.1
2026-02-15T14:40:56.065Z,0,20.17,50,OK,0.1
2026-02-15T14:40:56.115Z,0,20.20,50,OK,0.1
2026-02-15T14:40:56.166Z,0,20.19,50,OK,0.1
2026-02-15T14:40:56.216Z,0,20.31,50,OK,0.1
2026-02-15T14:40:56.265Z,0,20.40,50,OK,0.1
2026-02-15T14:40:56.315Z,0,20.46,50,OK,0.1
2026-02-15T14:40:56.366Z,0,20.42,50,OK,0.1
2026-02-15T14:40:56.416Z,0,20.46,50,OK,0.1
2026-02-15T14:40:56.468Z,0,20.36,50,OK,0.1
2026-02-15T14:40:56.517Z,0,20.27,50,OK,0.1
2026-02-15T14:40:56.567Z,0,20.21,50,OK,0.1
2026-02-15T14:40:56.617Z,0,20.25,50,OK,0.1
2026-02-15T14:40:56.667Z,0,20.22,50,OK,0.1
2026-02-15T14:40:56.717Z,0,20.34,50,OK,0.1
2026-02-15T14:40:56.768Z,0,20.44,50,OK,0.1
2026-02-15T14:40:56.819Z,0,20.36,50,OK,0.1
2026-02-15T14:40:56.869Z,0,20.36,50,OK,0.1
2026-02-15T14:40:56.919Z,0,20.23,50,OK,0.1
2026-02-15T14:40:56.969Z,0,20.17,50,OK,0.1
2026-02-15T14:40:57.019Z,0,20.00,50,OK,0.1
2026-02-15T14:40:57.069Z,0,20.12,50,OK,0.1
2026-02-15T14:40:57.119Z,0,20.18,50,OK,0.1
2026-02-15T14:40:57.170Z,0,20.29,50,OK,0.1
2026-02-15T14:40:57.220Z,0,20.26,50,OK,0.1
2026-02-15T14:40:57.270Z,0,20.43,50,OK,0.1
2026-02-15T14:40:57.321Z,0,20.42,50,OK,0.1
2026-02-15T14:40:57.371Z,0,20.33,50,OK,0.1
2026-02-15T14:40:57.422Z,0,20.35,50,OK,0.1
2026-02-15T14:40:57.473Z,0,20.32,50,OK,0.1
2026-02-15T14:40:57.524Z,0,20.33,50,OK,0.1
2026-02-15T14:40:57.574Z,0,20.33,50,OK,0.1
2026-02-15T14:40:57.625Z,0,20.37,50,OK,0.1
2026-02-15T14:40:57.674Z,0,20.36,50,OK,0.1
2026-02-15T14:40:57.725Z,0,20.36,50,OK,0.1
2026-02-15T14:40:57.776Z,0,20.33,50,OK,0.1
2026-02-15T14:40:57.826Z,0,20.35,50,OK,0.1
2026-02-15T14:40:57.876Z,0,20.34,50,OK,0.1
2026-02-15T14:40:57.926Z,0,20.36,50,OK,0.1
2026-02-15T14:40:57.977Z,0,20.36,50,OK,0.1
2026-02-15T14:40:58.027Z,0,20.40,50,OK,0.1
2026-02-15T14:40:58.077Z,0,20.42,50,OK,0.1
2026-02-15T14:40:58.127Z,0,20.40,50,OK,0.1
2026-02-15T14:40:58.177Z,0,20.37,50,OK,0.1
2026-02-15T14:40:58.228Z,0,20.47,50,OK,0.1
2026-02-15T14:40:58.278Z,0,20.48,50,OK,0.1
2026-02-15T14:40:58.329Z,0,20.51,50,OK,0.1
2026-02-15T14:40:58.379Z,0,20.53,50,OK,0.1
2026-02-15T14:40:58.430Z,0,20.58,50,OK,0.1
2026-02-15T14:40:58.480Z,0,20.49,50,OK,0.1
2026-02-15T14:40:58.530Z,0,20.46,50,OK,0.1
2026-02-15T14:40:58.581Z,0,20.41,50,OK,0.1
2026-02-15T14:40:58.630Z,0,20.44,50,OK,0.1
2026-02-15T14:40:58.680Z,0,20.45,50,OK,0.1
2026-02-15T14:40:58.730Z,0,20.45,50,OK,0.1
2026-02-15T14:40:58.780Z,0,20.45,50,OK,0.1
2026-02-15T14:40:58.831Z,0,20.42,50,OK,0.1
2026-02-15T14:40:58.881Z,0,20.37,50,OK,0.1
2026-02-15T14:40:58.932Z,0,20.38,50,OK,0.1
2026-02-15T14:40:58.982Z,0,20.39,50,OK,0.1
2026-02-15T14:40:59.033Z,0,20.42,50,OK,0.1
2026-02-15T14:40:59.083Z,0,20.48,50,OK,0.1
2026-02-15T14:40:59.133Z,0,20.54,50,OK,0.1
2026-02-15T14:40:59.184Z,0,20.51,50,OK,0.1
2026-02-15T14:40:59.235Z,0,20.53,50,OK,0.1
2026-02-15T14:40:59.285Z,0,20.50,50,OK,0.1
2026-02-15T14:40:59.335Z,0,20.47,50,OK,0.1
2026-02-15T14:40:59.386Z,0,20.41,50,OK,0.1
2026-02-15T14:40:59.437Z,0,20.44,50,OK,0.1
2026-02-15T14:40:59.488Z,0,20.47,50,OK,0.1
2026-02-15T14:40:59.537Z,0,20.49,50,OK,0.1
2026-02-15T14:40:59.588Z,0,20.49,50,OK,0.1
2026-02-15T14:40:59.638Z,0,20.51,50,OK,0.1
2026-02-15T14:40:59.688Z,0,20.44,50,OK,0.1
2026-02-15T14:40:59.739Z,0,20.31,50,OK,0.1
2026-02-15T14:40:59.789Z,0,20.27,50,OK,0.1
2026-02-15T14:40:59.840Z,0,20.17,50,OK,0.1
2026-02-15T14:40:59.889Z,0,20.15,50,OK,0.1
2026-02-15T14:40:59.940Z,0,20.09,50,OK,0.1
2026-02-15T14:40:59.990Z,0,20.15,50,OK,0.1
2026-02-15T14:41:00.040Z,0,20.17,50,OK,0.1
2026-02-15T14:41:00.091Z,0,20.20,50,OK,0.1
2026-02-15T14:41:00.142Z,0,20.24,50,OK,0.1
2026-02-15T14:41:00.191Z,0,20.33,50,OK,0.1
2026-02-15T14:41:00.242Z,0,20.38,50,OK,0.1
2026-02-15T14:41:00.293Z,0,20.38,50,OK,0.1
2026-02-15T14:41:00.342Z,0,20.45,50,OK,0.1
2026-02-15T14:41:00.393Z,0,20.42,50,OK,0.1
2026-02-15T14:41:00.444Z,0,20.41,50,OK,0.1
2026-02-15T14:41:00.494Z,0,20.36,50,OK,0.1
2026-02-15T14:41:00.544Z,0,20.37,50,OK,0.1
2026-02-15T14:41:00.594Z,0,20.37,50,OK,0.1
2026-02-15T14:41:00.644Z,0,20.46,50,OK,0.1
2026-02-15T14:41:00.695Z,0,20.44,50,OK,0.1
2026-02-15T14:41:00.745Z,0,20.46,50,OK,0.1
2026-02-15T14:41:00.794Z,0,20.39,50,OK,0.1
2026-02-15T14:41:00.844Z,0,20.35,50,OK,0.1
2026-02-15T14:41:00.895Z,0,20.22,50,OK,0.1
2026-02-15T14:41:00.944Z,0,20.24,50,OK,0.1
2026-02-15T14:41:00.994Z,0,20.22,50,OK,0.1
2026-02-15T14:41:01.044Z,0,20.23,50,OK,0.1
2026-02-15T14:41:01.094Z,0,20.27,50,OK,0.1
2026-02-15T14:41:01.145Z,0,20.29,50,OK,0.1
2026-02-15T14:41:01.194Z,0,20.26,50,OK,0.1
2026-02-15T14:41:01.244Z,0,20.30,50,OK,0.1
2026-02-15T14:41:01.295Z,0,20.31,50,OK,0.1
2026-02-15T14:41:01.344Z,0,20.31,50,OK,0.1
2026-02-15T14:41:01.394Z,0,20.33,50,OK,0.1
2026-02-15T14:41:01.444Z,0,20.34,50,OK,0.1
2026-02-15T14:41:01.495Z,0,20.32,50,OK,0.1
2026-02-15T14:41:01.546Z,0,20.38,50,OK,0.1
2026-02-15T14:41:01.596Z,0,20.34,50,OK,0.1
2026-02-15T14:41:01.646Z,0,20.37,50,OK,0.1
2026-02-15T14:41:01.697Z,0,20.38,50,OK,0.1
2026-02-15T14:41:01.747Z,0,20.37,50,OK,0.1
2026-02-15T14:41:01.797Z,0,20.31,50,OK,0.1
2026-02-15T14:41:01.848Z,0,20.35,50,OK,0.1
2026-02-15T14:41:01.899Z,0,20.29,50,OK,0.1
2026-02-15T14:41:01.950Z,0,20.29,50,OK,0.1
2026-02-15T14:41:02.000Z,0,20.32,50,OK,0.1
2026-02-15T14:41:02.051Z,0,20.37,50,OK,0.1
2026-02-15T14:41:02.101Z,0,20.36,50,OK,0.1
2026-02-15T14:41:02.152Z,0,20.36,50,OK,0.1
2026-02-15T14:41:02.201Z,0,20.35,50,OK,0.1
2026-02-15T14:41:02.252Z,0,20.34,50,OK,0.1
2026-02-15T14:41:02.302Z,0,20.29,50,OK,0.1
2026-02-15T14:41:02.352Z,0,20.29,50,OK,0.1
2026-02-15T14:41:02.402Z,0,20.32,50,OK,0.1
2026-02-15T14:41:02.453Z,0,20.34,50,OK,0.1
2026-02-15T14:41:02.502Z,0,20.30,50,OK,0.1
2026-02-15T14:41:02.553Z,0,20.30,50,OK,0.1
2026-02-15T14:41:02.603Z,0,20.38,50,OK,0.1
2026-02-15T14:41:02.654Z,0,20.35,50,OK,0.1
2026-02-15T14:41:02.705Z,0,20.38,50,OK,0.1
2026-02-15T14:41:02.756Z,0,20.40,50,OK,0.1
2026-02-15T14:41:02.807Z,0,20.35,50,OK,0.1
2026-02-15T14:41:02.857Z,0,20.30,50,OK,0.1
2026-02-15T14:41:02.907Z,0,20.33,50,OK,0.1
2026-02-15T14:41:02.958Z,0,20.35,50,OK,0.1
2026-02-15T14:41:03.007Z,0,20.35,50,OK,0.1
2026-02-15T14:41:03.058Z,0,20.47,50,OK,0.1
2026-02-15T14:41:03.108Z,0,20.45,50,OK,0.1
2026-02-15T14:41:03.159Z,0,20.44,50,OK,0.1
2026-02-15T14:41:03.209Z,0,20.39,50,OK,0.1
2026-02-15T14:41:03.258Z,0,20.41,50,OK,0.1
2026-02-15T14:41:03.309Z,0,20.40,50,OK,0.1
2026-02-15T14:41:03.359Z,0,20.42,50,OK,0.1
2026-02-15T14:41:03.409Z,0,20.48,50,OK,0.1
2026-02-15T14:41:03.459Z,0,20.49,50,OK,0.1
2026-02-15T14:41:03.509Z,0,20.40,50,OK,0.1
2026-02-15T14:41:03.560Z,0,20.40,50,OK,0.1
2026-02-15T14:41:03.610Z,0,20.37,50,OK,0.1
2026-02-15T14:41:03.660Z,0,20.29,50,OK,0.1
2026-02-15T14:41:03.710Z,0,20.27,50,OK,0.1
2026-02-15T14:41:03.761Z,0,20.32,50,OK,0.1
2026-02-15T14:41:03.811Z,0,20.26,50,OK,0.1
2026-02-15T14:41:03.861Z,0,20.27,50,OK,0.1
2026-02-15T14:41:03.910Z,0,20.23,50,OK,0.1
2026-02-15T14:41:03.960Z,0,20.23,50,OK,0.1
2026-02-15T14:41:04.010Z,0,20.23,50,OK,0.1
2026-02-15T14:41:04.061Z,0,20.24,50,OK,0.1
2026-02-15T14:41:04.112Z,0,20.25,50,OK,0.1
2026-02-15T14:41:04.163Z,0,20.26,50,OK,0.1
2026-02-15T14:41:04.214Z,0,20.25,50,OK,0.1
2026-02-15T14:41:04.265Z,0,20.24,50,OK,0.1
2026-02-15T14:41:04.314Z,0,20.22,50,OK,0.1
2026-02-15T14:41:04.364Z,0,20.19,50,OK,0.1
2026-02-15T14:41:04.414Z,0,20.20,50,OK,0.1
2026-02-15T14:41:04.464Z,0,20.21,50,OK,0.1
2026-02-15T14:41:04.514Z,0,20.21,50,OK,0.1
2026-02-15T14:41:04.565Z,0,20.22,50,OK,0.1
2026-02-15T14:41:04.616Z,0,20.22,50,OK,0.1
2026-02-15T14:41:04.667Z,0,20.21,50,OK,0.1
2026-02-15T14:41:04.717Z,0,20.20,50,OK,0.1
2026-02-15T14:41:04.766Z,0,20.20,50,OK,0.1
2026-02-15T14:41:04.816Z,0,20.20,50,OK,0.1
2026-02-15T14:41:04.866Z,0,20.20,50,OK,0.1
2026-02-15T14:41:04.916Z,0,20.20,50,OK,0.1
2026-02-15T14:41:04.967Z,0,20.20,50,OK,0.1
2026-02-15T14:41:05.018Z,0,20.19,50,OK,0.1
2026-02-15T14:41:05.067Z,0,20.24,50,OK,0.1
2026-02-15T14:41:05.117Z,0,20.21,50,OK,0.1
2026-02-15T14:41:05.168Z,0,20.21,50,OK,0.1
2026-02-15T14:41:05.217Z,0,20.16,50,OK,0.1
2026-02-15T14:41:05.268Z,0,20.16,50,OK,0.1
2026-02-15T14:41:05.318Z,0,20.16,50,OK,0.1
2026-02-15T14:41:05.368Z,0,20.21,50,OK,0.1
2026-02-15T14:41:05.419Z,0,20.22,50,OK,0.1
2026-02-15T14:41:05.468Z,0,20.27,50,OK,0.1
2026-02-15T14:41:05.518Z,0,20.27,50,OK,0.1
2026-02-15T14:41:05.569Z,0,20.23,50,OK,0.1
2026-02-15T14:41:05.619Z,0,20.22,50,OK,0.1
2026-02-15T14:41:05.668Z,0,20.21,50,OK,0.1
2026-02-15T14:41:05.718Z,0,20.23,50,OK,0.1
2026-02-15T14:41:05.769Z,0,20.23,50,OK,0.1
2026-02-15T14:41:05.820Z,0,20.22,50,OK,0.1
2026-02-15T14:41:05.870Z,0,20.22,50,OK,0.1
2026-02-15T14:41:05.922Z,0,20.39,50,OK,0.1
2026-02-15T14:41:05.971Z,0,20.38,50,OK,0.1
2026-02-15T14:41:06.021Z,0,20.29,50,OK,0.1
2026-02-15T14:41:06.071Z,0,20.29,50,OK,0.1
2026-02-15T14:41:06.122Z,0,20.34,50,OK,0.1
2026-02-15T14:41:06.171Z,0,20.16,50,OK,0.1
2026-02-15T14:41:06.221Z,0,20.09,50,OK,0.1
2026-02-15T14:41:06.271Z,0,20.18,50,OK,0.1
2026-02-15T14:41:06.322Z,0,20.20,50,OK,0.1
2026-02-15T14:41:06.372Z,0,20.14,50,OK,0.1
2026-02-15T14:41:06.422Z,0,20.16,50,OK,0.1
2026-02-15T14:41:06.471Z,0,20.24,50,OK,0.1
2026-02-15T14:41:06.521Z,0,20.23,50,OK,0.1
2026-02-15T14:41:06.572Z,0,20.22,50,OK,0.1
2026-02-15T14:41:06.622Z,0,20.22,50,OK,0.1
2026-02-15T14:41:06.672Z,0,20.08,50,OK,0.1
2026-02-15T14:41:06.723Z,0,20.10,50,OK,0.1
2026-02-15T14:41:06.773Z,0,20.11,50,OK,0.1
2026-02-15T14:41:06.824Z,0,20.13,50,OK,0.1
2026-02-15T14:41:06.875Z,0,20.18,50,OK,0.1
2026-02-15T14:41:06.926Z,0,20.27,50,OK,0.1
2026-02-15T14:41:06.977Z,0,20.24,50,OK,0.1
2026-02-15T14:41:07.027Z,0,20.24,50,OK,0.1
2026-02-15T14:41:07.078Z,0,20.24,50,OK,0.1
2026-02-15T14:41:07.128Z,0,20.22,50,OK,0.1
2026-02-15T14:41:07.179Z,0,20.28,50,OK,0.1
2026-02-15T14:41:07.230Z,0,20.32,50,OK,0.1
2026-02-15T14:41:07.281Z,0,20.35,50,OK,0.1
2026-02-15T14:41:07.331Z,0,20.35,50,OK,0.1
2026-02-15T14:41:07.381Z,0,20.35,50,OK,0.1
2026-02-15T14:41:07.431Z,0,20.37,50,OK,0.1
2026-02-15T14:41:07.481Z,0,20.35,50,OK,0.1
2026-02-15T14:41:07.531Z,0,20.36,50,OK,0.1
2026-02-15T14:41:07.582Z,0,20.37,50,OK,0.1
2026-02-15T14:41:07.632Z,0,20.39,50,OK,0.1
2026-02-15T14:41:07.683Z,0,20.37,50,OK,0.1
2026-02-15T14:41:07.733Z,0,20.39,50,OK,0.1
2026-02-15T14:41:07.784Z,0,20.39,50,OK,0.1
2026-02-15T14:41:07.835Z,0,20.40,50,OK,0.1
2026-02-15T14:41:07.886Z,0,20.40,50,OK,0.1
2026-02-15T14:41:07.936Z,0,20.45,50,OK,0.1
2026-02-15T14:41:07.987Z,0,20.42,50,OK,0.1
2026-02-15T14:41:08.037Z,0,20.42,50,OK,0.1
2026-02-15T14:41:08.087Z,0,20.38,50,OK,0.1
2026-02-15T14:41:08.138Z,0,20.42,50,OK,0.1
2026-02-15T14:41:08.188Z,0,20.37,50,OK,0.1
2026-02-15T14:41:08.238Z,0,20.45,50,OK,0.1
2026-02-15T14:41:08.289Z,0,20.44,50,OK,0.1
2026-02-15T14:41:08.340Z,0,20.42,50,OK,0.1
2026-02-15T14:41:08.391Z,0,20.36,50,OK,0.1
2026-02-15T14:41:08.442Z,0,20.36,50,OK,0.1
2026-02-15T14:41:08.493Z,0,20.30,50,OK,0.1
2026-02-15T14:41:08.542Z,0,20.19,50,OK,0.1
2026-02-15T14:41:08.592Z,0,20.22,50,OK,0.1
2026-02-15T14:41:08.643Z,0,20.19,50,OK,0.1
2026-02-15T14:41:08.693Z,0,20.21,50,OK,0.1
2026-02-15T14:41:08.744Z,0,20.19,50,OK,0.1
2026-02-15T14:41:08.794Z,0,20.30,50,OK,0.1
2026-02-15T14:41:08.844Z,0,20.34,50,OK,0.1
2026-02-15T14:41:08.895Z,0,20.39,50,OK,0.1
2026-02-15T14:41:08.945Z,0,20.41,50,OK,0.1
2026-02-15T14:41:08.996Z,0,20.43,50,OK,0.1
2026-02-15T14:41:09.046Z,0,20.35,50,OK,0.1
2026-02-15T14:41:09.096Z,0,20.32,50,OK,0.1
2026-02-15T14:41:09.147Z,0,20.36,50,OK,0.1
2026-02-15T14:41:09.198Z,0,20.33,50,OK,0.1
2026-02-15T14:41:09.249Z,0,20.35,50,OK,0.1
2026-02-15T14:41:09.300Z,0,20.47,50,OK,0.1
2026-02-15T14:41:09.351Z,0,20.49,50,OK,0.1
2026-02-15T14:41:09.401Z,0,20.44,50,OK,0.1
2026-02-15T14:41:09.452Z,0,20.41,50,OK,0.1
2026-02-15T14:41:09.503Z,0,20.48,50,OK,0.1
2026-02-15T14:41:09.553Z,0,20.43,50,OK,0.1
2026-02-15T14:41:09.602Z,0,20.43,50,OK,0.1
2026-02-15T14:41:09.652Z,0,20.46,50,OK,0.1
2026-02-15T14:41:09.703Z,0,20.46,50,OK,0.1
2026-02-15T14:41:09.754Z,0,20.24,50,OK,0.1
2026-02-15T14:41:09.803Z,0,20.23,50,OK,0.1
2026-02-15T14:41:09.853Z,0,19.99,50,OK,0.1
2026-02-15T14:41:09.904Z,0,19.94,50,OK,0.1
2026-02-15T14:41:09.953Z,0,19.96,50,OK,0.1
2026-02-15T14:41:10.004Z,0,20.09,50,OK,0.1
2026-02-15T14:41:10.054Z,0,20.12,50,OK,0.1
2026-02-15T14:41:10.104Z,0,20.33,50,OK,0.1
2026-02-15T14:41:10.154Z,0,20.19,50,OK,0.1
2026-02-15T14:41:10.205Z,0,20.17,50,OK,0.1
2026-02-15T14:41:10.255Z,0,20.04,50,OK,0.1
2026-02-15T14:41:10.306Z,0,20.01,50,OK,0.1
2026-02-15T14:41:10.355Z,0,19.89,50,OK,0.1
2026-02-15T14:41:10.406Z,0,20.05,50,OK,0.1
2026-02-15T14:41:10.455Z,0,20.10,50,OK,0.1
2026-02-15T14:41:10.505Z,0,20.25,50,OK,0.1
2026-02-15T14:41:10.556Z,0,20.16,50,OK,0.1
2026-02-15T14:41:10.606Z,0,20.28,50,OK,0.1
2026-02-15T14:41:10.656Z,0,20.29,50,OK,0.1
2026-02-15T14:41:10.707Z,0,20.24,50,OK,0.1
2026-02-15T14:41:10.752Z,0,20.19,50,OK,0.1
2026-02-15T14:41:10.803Z,0,20.29,50,OK,0.1
2026-02-15T14:41:10.853Z,0,20.40,50,OK,0.1
2026-02-15T14:41:10.903Z,0,20.40,50,OK,0.1
2026-02-15T14:41:10.953Z,0,20.45,50,OK,0.1
2026-02-15T14:41:11.003Z,0,20.48,50,OK,0.1
2026-02-15T14:41:11.054Z,0,20.52,50,OK,0.1
2026-02-15T14:41:11.104Z,0,20.40,50,OK,0.1
2026-02-15T14:41:11.154Z,0,20.42,50,OK,0.1
2026-02-15T14:41:11.204Z,0,20.37,50,OK,0.1
2026-02-15T14:41:11.254Z,0,20.31,50,OK,0.1
2026-02-15T14:41:11.304Z,0,20.26,50,OK,0.1
2026-02-15T14:41:11.354Z,0,20.26,50,OK,0.1
2026-02-15T14:41:11.406Z,0,20.24,50,OK,0.1
2026-02-15T14:41:11.456Z,0,20.23,50,OK,0.1
2026-02-15T14:41:11.507Z,0,20.30,50,OK,0.1
2026-02-15T14:41:11.557Z,0,20.31,50,OK,0.1
2026-02-15T14:41:11.608Z,0,20.33,50,OK,0.1
2026-02-15T14:41:11.659Z,0,20.35,50,OK,0.1
2026-02-15T14:41:11.709Z,0,20.33,50,OK,0.1
2026-02-15T14:41:11.760Z,0,20.40,50,OK,0.1
2026-02-15T14:41:11.811Z,0,20.37,50,OK,0.1
2026-02-15T14:41:11.861Z,0,20.29,50,OK,0.1
2026-02-15T14:41:11.911Z,0,20.26,50,OK,0.1
2026-02-15T14:41:11.961Z,0,20.39,50,OK,0.1
2026-02-15T14:41:12.011Z,0,20.32,50,OK,0.1
2026-02-15T14:41:12.061Z,0,20.41,50,OK,0.1
2026-02-15T14:41:12.112Z,0,20.47,50,OK,0.1
2026-02-15T14:41:12.163Z,0,20.57,50,OK,0.1
2026-02-15T14:41:12.213Z,0,20.46,50,OK,0.1
2026-02-15T14:41:12.264Z,0,20.57,50,OK,0.1
2026-02-15T14:41:12.314Z,0,20.39,50,OK,0.1
2026-02-15T14:41:12.364Z,0,20.53,50,OK,0.1
2026-02-15T14:41:12.415Z,0,20.44,50,OK,0.1
2026-02-15T14:41:12.466Z,0,20.53,50,OK,0.1
2026-02-15T14:41:12.517Z,0,20.42,50,OK,0.1
2026-02-15T14:41:12.567Z,0,20.41,50,OK,0.1
2026-02-15T14:41:12.617Z,0,20.27,50,OK,0.1
2026-02-15T14:41:12.668Z,0,20.39,50,OK,0.1
2026-02-15T14:41:12.718Z,0,20.31,50,OK,0.1
2026-02-15T14:41:12.769Z,0,20.41,50,OK,0.1
2026-02-15T14:41:12.820Z,0,20.53,50,OK,0.1
2026-02-15T14:41:12.870Z,0,20.44,50,OK,0.1
2026-02-15T14:41:12.921Z,0,20.34,50,OK,0.1
2026-02-15T14:41:12.972Z,0,20.21,50,OK,0.1
2026-02-15T14:41:13.021Z,0,20.12,50,OK,0.1
2026-02-15T14:41:13.071Z,0,19.99,50,OK,0.1
2026-02-15T14:41:13.121Z,0,20.09,50,OK,0.1
2026-02-15T14:41:13.172Z,0,20.14,50,OK,0.1
2026-02-15T14:41:13.222Z,0,20.26,50,OK,0.1
2026-02-15T14:41:13.272Z,0,20.24,50,OK,0.1
2026-02-15T14:41:13.322Z,0,20.36,50,OK,0.1
2026-02-15T14:41:13.372Z,0,20.37,50,OK,0.1
2026-02-15T14:41:13.423Z,0,20.28,50,OK,0.1
2026-02-15T14:41:13.473Z,0,20.19,50,OK,0.1
2026-02-15T14:41:13.523Z,0,20.19,50,OK,0.1
2026-02-15T14:41:13.573Z,0,20.19,50,OK,0.1
2026-02-15T14:41:13.623Z,0,20.17,50,OK,0.1
2026-02-15T14:41:13.673Z,0,20.24,50,OK,0.1
2026-02-15T14:41:13.724Z,0,20.31,50,OK,0.1
2026-02-15T14:41:13.774Z,0,20.30,50,OK,0.1
2026-02-15T14:41:13.825Z,0,20.29,50,OK,0.1
2026-02-15T14:41:13.875Z,0,20.22,50,OK,0.1
2026-02-15T14:41:13.925Z,0,20.17,50,OK,0.1
2026-02-15T14:41:13.976Z,0,20.22,50,OK,0.1
2026-02-15T14:41:14.026Z,0,20.25,50,OK,0.1
2026-02-15T14:41:14.076Z,0,20.32,50,OK,0.1
2026-02-15T14:41:14.127Z,0,20.34,50,OK,0.1
2026-02-15T14:41:14.177Z,0,20.39,50,OK,0.1
2026-02-15T14:41:14.228Z,0,20.36,50,OK,0.1
2026-02-15T14:41:14.278Z,0,20.27,50,OK,0.1
2026-02-15T14:41:14.328Z,0,20.43,50,OK,0.1
2026-02-15T14:41:14.379Z,0,20.59,50,OK,0.1
2026-02-15T14:41:14.429Z,0,20.54,50,OK,0.1
2026-02-15T14:41:14.479Z,0,20.62,50,OK,0.1
2026-02-15T14:41:14.529Z,0,20.72,50,OK,0.1
2026-02-15T14:41:14.580Z,0,20.58,50,OK,0.1
2026-02-15T14:41:14.631Z,0,20.47,50,OK,0.1
2026-02-15T14:41:14.681Z,0,20.34,50,OK,0.1
2026-02-15T14:41:14.732Z,0,20.29,50,OK,0.1
2026-02-15T14:41:14.781Z,0,20.11,50,OK,0.1
2026-02-15T14:41:14.831Z,0,20.05,50,OK,0.1
2026-02-15T14:41:14.882Z,0,20.10,50,OK,0.1
2026-02-15T14:41:14.932Z,0,20.22,50,OK,0.1
2026-02-15T14:41:14.982Z,0,20.19,50,OK,0.1
2026-02-15T14:41:15.032Z,0,20.38,50,OK,0.1
2026-02-15T14:41:15.084Z,0,20.36,50,OK,0.1
2026-02-15T14:41:15.135Z,0,20.33,50,OK,0.1
2026-02-15T14:41:15.186Z,0,20.31,50,OK,0.1
2026-02-15T14:41:15.236Z,0,20.32,50,OK,0.1
2026-02-15T14:41:15.286Z,0,20.26,50,OK,0.1
2026-02-15T14:41:15.337Z,0,20.27,50,OK,0.1
2026-02-15T14:41:15.387Z,0,20.24,50,OK,0.1
2026-02-15T14:41:15.438Z,0,20.32,50,OK,0.1
2026-02-15T14:41:15.489Z,0,20.27,50,OK,0.1
2026-02-15T14:41:15.539Z,0,20.29,50,OK,0.1
2026-02-15T14:41:15.589Z,0,20.27,50,OK,0.1
2026-02-15T14:41:15.639Z,0,20.29,50,OK,0.1
2026-02-15T14:41:15.690Z,0,20.17,50,OK,0.1
2026-02-15T14:41:15.740Z,0,20.21,50,OK,0.1
2026-02-15T14:41:15.791Z,0,20.18,50,OK,0.1
2026-02-15T14:41:15.841Z,0,20.17,50,OK,0.1
2026-02-15T14:41:15.891Z,0,20.17,50,OK,0.1
2026-02-15T14:41:15.941Z,0,20.21,50,OK,0.1
2026-02-15T14:41:15.991Z,0,20.11,50,OK,0.1
2026-02-15T14:41:16.042Z,0,20.14,50,OK,0.1
2026-02-15T14:41:16.092Z,0,20.18,50,OK,0.1
2026-02-15T14:41:16.142Z,0,20.17,50,OK,0.1
2026-02-15T14:41:16.192Z,0,20.15,50,OK,0.1
2026-02-15T14:41:16.242Z,0,20.28,50,OK,0.1
2026-02-15T14:41:16.292Z,0,20.36,50,OK,0.1
2026-02-15T14:41:16.343Z,0,20.36,50,OK,0.1
2026-02-15T14:41:16.394Z,0,20.47,50,OK,0.1
2026-02-15T14:41:16.444Z,0,20.53,50,OK,0.1
2026-02-15T14:41:16.494Z,0,20.41,50,OK,0.1
2026-02-15T14:41:16.545Z,0,20.35,50,OK,0.1
2026-02-15T14:41:16.596Z,0,20.40,50,OK,0.1
2026-02-15T14:41:16.645Z,0,20.30,50,OK,0.1
2026-02-15T14:41:16.695Z,0,20.39,50,OK,0.1
2026-02-15T14:41:16.745Z,0,20.52,50,OK,0.1
2026-02-15T14:41:16.796Z,0,20.40,50,OK,0.1
2026-02-15T14:41:16.847Z,0,20.34,50,OK,0.1
2026-02-15T14:41:16.897Z,0,20.24,50,OK,0.1
2026-02-15T14:41:16.948Z,0,20.05,50,OK,0.1
2026-02-15T14:41:16.998Z,0,19.97,50,OK,0.1
2026-02-15T14:41:17.048Z,0,20.12,50,OK,0.1
2026-02-15T14:41:17.098Z,0,20.07,50,OK,0.1
2026-02-15T14:41:17.149Z,0,20.21,50,OK,0.1
2026-02-15T14:41:17.199Z,0,20.39,50,OK,0.1
2026-02-15T14:41:17.249Z,0,20.48,50,OK,0.1
2026-02-15T14:41:17.300Z,0,20.45,50,OK,0.1
2026-02-15T14:41:17.351Z,0,20.53,50,OK,0.1
2026-02-15T14:41:17.401Z,0,20.48,50,OK,0.1
2026-02-15T14:41:17.451Z,0,20.41,50,OK,0.1
2026-02-15T14:41:17.501Z,0,20.38,50,OK,0.1
2026-02-15T14:41:17.552Z,0,20.35,50,OK,0.1
2026-02-15T14:41:17.602Z,0,20.30,50,OK,0.1
2026-02-15T14:41:17.652Z,0,20.27,50,OK,0.1
2026-02-15T14:41:17.702Z,0,20.25,50,OK,0.1
2026-02-15T14:41:17.753Z,0,20.23,50,OK,0.1
2026-02-15T14:41:17.803Z,0,20.23,50,OK,0.1
2026-02-15T14:41:17.854Z,0,20.26,50,OK,0.1
2026-02-15T14:41:17.905Z,0,20.29,50,OK,0.1
2026-02-15T14:41:17.955Z,0,20.29,50,OK,0.1
2026-02-15T14:41:18.005Z,0,20.31,50,OK,0.1
2026-02-15T14:41:18.055Z,0,20.34,50,OK,0.1
2026-02-15T14:41:18.105Z,0,20.33,50,OK,0.1
2026-02-15T14:41:18.156Z,0,20.30,50,OK,0.1
2026-02-15T14:41:18.206Z,0,20.30,50,OK,0.1
2026-02-15T14:41:18.256Z,0,20.34,50,OK,0.1
2026-02-15T14:41:18.306Z,0,20.33,50,OK,0.1
2026-02-15T14:41:18.356Z,0,20.33,50,OK,0.1
2026-02-15T14:41:18.406Z,0,20.30,50,OK,0.1
2026-02-15T14:41:18.456Z,0,20.29,50,OK,0.1
2026-02-15T14:41:18.506Z,0,20.30,50,OK,0.1
2026-02-15T14:41:18.557Z,0,20.29,50,OK,0.1
2026-02-15T14:41:18.608Z,0,20.29,50,OK,0.1
2026-02-15T14:41:18.658Z,0,20.30,50,OK,0.1
2026-02-15T14:41:18.708Z,0,20.31,50,OK,0.1
2026-02-15T14:41:18.758Z,0,20.23,50,OK,0.1
2026-02-15T14:41:18.808Z,0,20.22,50,OK,0.1
2026-02-15T14:41:18.859Z,0,20.21,50,OK,0.1
2026-02-15T14:41:18.910Z,0,20.19,50,OK,0.1
2026-02-15T14:41:18.960Z,0,20.21,50,OK,0.1
2026-02-15T14:41:19.010Z,0,20.23,50,OK,0.1
2026-02-15T14:41:19.061Z,0,20.22,50,OK,0.1
2026-02-15T14:41:19.111Z,0,20.27,50,OK,0.1
2026-02-15T14:41:19.161Z,0,20.30,50,OK,0.1
2026-02-15T14:41:19.211Z,0,20.23,50,OK,0.1
2026-02-15T14:41:19.261Z,0,20.21,50,OK,0.1
2026-02-15T14:41:19.312Z,0,20.17,50,OK,0.1
2026-02-15T14:41:19.362Z,0,20.13,50,OK,0.1
2026-02-15T14:41:19.412Z,0,20.19,50,OK,0.1
2026-02-15T14:41:19.463Z,0,20.25,50,OK,0.1
2026-02-15T14:41:19.514Z,0,20.26,50,OK,0.1
2026-02-15T14:41:19.565Z,0,20.31,50,OK,0.1
2026-02-15T14:41:19.615Z,0,20.25,50,OK,0.1
2026-02-15T14:41:19.665Z,0,20.18,50,OK,0.1
2026-02-15T14:41:19.715Z,0,20.09,50,OK,0.1
2026-02-15T14:41:19.767Z,0,20.10,50,OK,0.1
2026-02-15T14:41:19.818Z,0,20.15,50,OK,0.1
2026-02-15T14:41:19.868Z,0,20.22,50,OK,0.1
2026-02-15T14:41:19.918Z,0,20.22,50,OK,0.1
2026-02-15T14:41:19.968Z,0,20.30,50,OK,0.1
2026-02-15T14:41:20.018Z,0,20.29,50,OK,0.1
2026-02-15T14:41:20.069Z,0,20.31,50,OK,0.1
2026-02-15T14:41:20.119Z,0,20.36,50,OK,0.1
2026-02-15T14:41:20.170Z,0,20.38,50,OK,0.1
2026-02-15T14:41:20.220Z,0,20.33,50,OK,0.1
2026-02-15T14:41:20.270Z,0,20.33,50,OK,0.1
2026-02-15T14:41:20.320Z,0,20.32,50,OK,0.1
2026-02-15T14:41:20.370Z,0,20.27,50,OK,0.1
2026-02-15T14:41:20.421Z,0,20.17,50,OK,0.1
2026-02-15T14:41:20.472Z,0,20.21,50,OK,0.1
2026-02-15T14:41:20.522Z,0,20.23,50,OK,0.1
2026-02-15T14:41:20.572Z,0,20.16,50,OK,0.1
2026-02-15T14:41:20.622Z,0,20.21,50,OK,0.1
2026-02-15T14:41:20.672Z,0,20.30,50,OK,0.1
2026-02-15T14:41:20.722Z,0,20.31,50,OK,0.1
2026-02-15T14:41:20.774Z,0,20.31,50,OK,0.1
2026-02-15T14:41:20.824Z,0,20.29,50,OK,0.1
2026-02-15T14:41:20.875Z,0,20.25,50,OK,0.1
2026-02-15T14:41:20.925Z,0,20.25,50,OK,0.1
2026-02-15T14:41:20.975Z,0,20.29,50,OK,0.1
2026-02-15T14:41:21.025Z,0,20.27,50,OK,0.1
2026-02-15T14:41:21.075Z,0,20.56,50,OK,0.1
2026-02-15T14:41:21.125Z,0,20.53,50,OK,0.1
2026-02-15T14:41:21.175Z,0,20.54,50,OK,0.1
2026-02-15T14:41:21.225Z,0,20.54,50,OK,0.1
2026-02-15T14:41:21.276Z,0,20.55,50,OK,0.1
2026-02-15T14:41:21.326Z,0,20.31,50,OK,0.1
2026-02-15T14:41:21.376Z,0,20.35,50,OK,0.1
2026-02-15T14:41:21.426Z,0,20.37,50,OK,0.1
2026-02-15T14:41:21.476Z,0,20.36,50,OK,0.1
2026-02-15T14:41:21.526Z,0,20.41,50,OK,0.1
2026-02-15T14:41:21.577Z,0,20.48,50,OK,0.1
2026-02-15T14:41:21.627Z,0,20.46,50,OK,0.1
2026-02-15T14:41:21.678Z,0,20.45,50,OK,0.1
2026-02-15T14:41:21.728Z,0,20.51,50,OK,0.1
2026-02-15T14:41:21.779Z,0,20.46,50,OK,0.1
2026-02-15T14:41:21.830Z,0,20.39,50,OK,0.1
2026-02-15T14:41:21.880Z,0,20.41,50,OK,0.1
2026-02-15T14:41:21.931Z,0,20.41,50,OK,0.1
2026-02-15T14:41:21.981Z,0,20.25,50,OK,0.1
2026-02-15T14:41:22.031Z,0,20.26,50,OK,0.1
2026-02-15T14:41:22.082Z,0,20.25,50,OK,0.1
2026-02-15T14:41:22.132Z,0,20.19,50,OK,0.1
2026-02-15T14:41:22.182Z,0,20.24,50,OK,0.1
2026-02-15T14:41:22.232Z,0,20.38,50,OK,0.1
2026-02-15T14:41:22.283Z,0,20.35,50,OK,0.1
2026-02-15T14:41:22.334Z,0,20.39,50,OK,0.1
2026-02-15T14:41:22.385Z,0,20.42,50,OK,0.1
2026-02-15T14:41:22.436Z,0,20.37,50,OK,0.1
2026-02-15T14:41:22.487Z,0,20.33,50,OK,0.1
2026-02-15T14:41:22.537Z,0,20.36,50,OK,0.1
2026-02-15T14:41:22.587Z,0,20.35,50,OK,0.1
2026-02-15T14:41:22.637Z,0,20.41,50,OK,0.1
2026-02-15T14:41:22.688Z,0,20.43,50,OK,0.1
2026-02-15T14:41:22.737Z,0,20.45,50,OK,0.1
2026-02-15T14:41:22.787Z,0,20.45,50,OK,0.1
2026-02-15T14:41:22.837Z,0,20.48,50,OK,0.1
2026-02-15T14:41:22.888Z,0,20.46,50,OK,0.1
2026-02-15T14:41:22.939Z,0,20.44,50,OK,0.1
2026-02-15T14:41:22.989Z,0,20.36,50,OK,0.1
2026-02-15T14:41:23.039Z,0,20.34,50,OK,0.1
2026-02-15T14:41:23.089Z,0,20.52,50,OK,0.1
2026-02-15T14:41:23.141Z,0,20.47,50,OK,0.1
2026-02-15T14:41:23.191Z,0,20.40,50,OK,0.1
2026-02-15T14:41:23.242Z,0,20.48,50,OK,0.1
2026-02-15T14:41:23.293Z,0,20.52,50,OK,0.1
2026-02-15T14:41:23.343Z,0,20.33,50,OK,0.1
2026-02-15T14:41:23.393Z,0,20.39,50,OK,0.1
2026-02-15T14:41:23.443Z,0,20.50,50,OK,0.1
2026-02-15T14:41:23.493Z,0,20.48,50,OK,0.1
2026-02-15T14:41:23.543Z,0,20.41,50,OK,0.1
2026-02-15T14:41:23.593Z,0,20.37,50,OK,0.1
2026-02-15T14:41:23.643Z,0,20.21,50,OK,0.1
2026-02-15T14:41:23.694Z,0,20.19,50,OK,0.1
2026-02-15T14:41:23.744Z,0,20.18,50,OK,0.1
2026-02-15T14:41:23.795Z,0,20.19,50,OK,0.1
2026-02-15T14:41:23.845Z,0,20.22,50,OK,0.1
2026-02-15T14:41:23.896Z,0,20.29,50,OK,0.1
2026-02-15T14:41:23.946Z,0,20.30,50,OK,0.1
2026-02-15T14:41:23.996Z,0,20.29,50,OK,0.1
2026-02-15T14:41:24.046Z,0,20.33,50,OK,0.1
2026-02-15T14:41:24.096Z,0,20.35,50,OK,0.1
2026-02-15T14:41:24.146Z,0,20.36,50,OK,0.1
2026-02-15T14:41:24.196Z,0,20.31,50,OK,0.1
2026-02-15T14:41:24.247Z,0,20.31,50,OK,0.1
2026-02-15T14:41:24.297Z,0,20.17,50,OK,0.1
2026-02-15T14:41:24.347Z,0,20.14,50,OK,0.1
2026-02-15T14:41:24.398Z,0,20.15,50,OK,0.1
2026-02-15T14:41:24.448Z,0,20.19,50,OK,0.1
2026-02-15T14:41:24.498Z,0,20.22,50,OK,0.1
2026-02-15T14:41:24.548Z,0,20.35,50,OK,0.1
2026-02-15T14:41:24.598Z,0,20.36,50,OK,0.1
2026-02-15T14:41:24.649Z,0,20.40,50,OK,0.1
2026-02-15T14:41:24.700Z,0,20.43,50,OK,0.1
2026-02-15T14:41:24.750Z,0,20.43,50,OK,0.1
2026-02-15T14:41:24.802Z,0,20.45,50,OK,0.1
2026-02-15T14:41:24.853Z,0,20.48,50,OK,0.1
2026-02-15T14:41:24.904Z,0,20.50,50,OK,0.1
2026-02-15T14:41:24.954Z,0,20.45,50,OK,0.1
2026-02-15T14:41:25.004Z,0,20.48,50,OK,0.1
2026-02-15T14:41:25.055Z,0,20.48,50,OK,0.1
2026-02-15T14:41:25.105Z,0,20.49,50,OK,0.1
2026-02-15T14:41:25.155Z,0,20.46,50,OK,0.1
2026-02-15T14:41:25.205Z,0,20.54,50,OK,0.1
2026-02-15T14:41:25.256Z,0,20.50,50,OK,0.1
2026-02-15T14:41:25.307Z,0,20.50,50,OK,0.1
2026-02-15T14:41:25.357Z,0,20.48,50,OK,0.1
2026-02-15T14:41:25.408Z,0,20.43,50,OK,0.1
2026-02-15T14:41:25.458Z,0,20.38,50,OK,0.1
2026-02-15T14:41:25.508Z,0,20.34,50,OK,0.1
2026-02-15T14:41:25.558Z,0,20.31,50,OK,0.1
2026-02-15T14:41:25.608Z,0,20.34,50,OK,0.1
2026-02-15T14:41:25.659Z,0,20.40,50,OK,0.1
2026-02-15T14:41:25.709Z,0,20.36,50,OK,0.1
2026-02-15T14:41:25.759Z,0,20.42,50,OK,0.1
2026-02-15T14:41:25.809Z,0,20.39,50,OK,0.1
2026-02-15T14:41:25.860Z,0,20.35,50,OK,0.1
2026-02-15T14:41:25.911Z,0,20.29,50,OK,0.1
2026-02-15T14:41:25.962Z,0,20.33,50,OK,0.1
2026-02-15T14:41:26.012Z,0,20.20,50,OK,0.1
2026-02-15T14:41:26.062Z,0,19.99,50,OK,0.1
2026-02-15T14:41:26.112Z,0,19.97,50,OK,0.1
2026-02-15T14:41:26.163Z,0,20.03,50,OK,0.1
2026-02-15T14:41:26.213Z,0,20.02,50,OK,0.1
2026-02-15T14:41:26.263Z,0,20.11,50,OK,0.1
2026-02-15T14:41:26.313Z,0,20.35,50,OK,0.1
2026-02-15T14:41:26.363Z,0,20.38,50,OK,0.1
2026-02-15T14:41:26.413Z,0,20.34,50,OK,0.1
2026-02-15T14:41:26.463Z,0,20.33,50,OK,0.1
2026-02-15T14:41:26.513Z,0,20.33,50,OK,0.1
2026-02-15T14:41:26.563Z,0,20.32,50,OK,0.1
2026-02-15T14:41:26.613Z,0,20.35,50,OK,0.1
2026-02-15T14:41:26.663Z,0,20.33,50,OK,0.1
2026-02-15T14:41:26.714Z,0,20.44,50,OK,0.1
2026-02-15T14:41:26.765Z,0,20.45,50,OK,0.1
2026-02-15T14:41:26.815Z,0,20.47,50,OK,0.1
2026-02-15T14:41:26.865Z,0,20.46,50,OK,0.1
2026-02-15T14:41:26.915Z,0,20.34,50,OK,0.1
2026-02-15T14:41:26.965Z,0,20.23,50,OK,0.1
2026-02-15T14:41:27.015Z,0,20.16,50,OK,0.1
2026-02-15T14:41:27.066Z,0,20.19,50,OK,0.1
2026-02-15T14:41:27.117Z,0,20.27,50,OK,0.1
2026-02-15T14:41:27.167Z,0,20.44,50,OK,0.1
2026-02-15T14:41:27.217Z,0,20.40,50,OK,0.1
2026-02-15T14:41:27.268Z,0,20.53,50,OK,0.1
2026-02-15T14:41:27.318Z,0,20.46,50,OK,0.1
2026-02-15T14:41:27.369Z,0,20.33,50,OK,0.1
2026-02-15T14:41:27.419Z,0,20.33,50,OK,0.1
2026-02-15T14:41:27.469Z,0,20.39,50,OK,0.1
2026-02-15T14:41:27.519Z,0,20.22,50,OK,0.1
2026-02-15T14:41:27.570Z,0,20.22,50,OK,0.1
2026-02-15T14:41:27.621Z,0,20.19,50,OK,0.1
2026-02-15T14:41:27.671Z,0,20.15,50,OK,0.1
2026-02-15T14:41:27.722Z,0,20.19,50,OK,0.1
2026-02-15T14:41:27.773Z,0,20.31,50,OK,0.1
2026-02-15T14:41:27.824Z,0,20.29,50,OK,0.1
2026-02-15T14:41:27.874Z,0,20.36,50,OK,0.1
2026-02-15T14:41:27.925Z,0,20.36,50,OK,0.1
2026-02-15T14:41:27.976Z,0,20.30,50,OK,0.1
2026-02-15T14:41:28.026Z,0,20.38,50,OK,0.1
2026-02-15T14:41:28.076Z,0,20.41,50,OK,0.1
2026-02-15T14:41:28.127Z,0,20.33,50,OK,0.1
2026-02-15T14:41:28.178Z,0,20.32,50,OK,0.1
2026-02-15T14:41:28.228Z,0,20.34,50,OK,0.1
2026-02-15T14:41:28.278Z,0,20.15,50,OK,0.1
2026-02-15T14:41:28.328Z,0,20.22,50,OK,0.1
2026-02-15T14:41:28.378Z,0,20.27,50,OK,0.1
2026-02-15T14:41:28.428Z,0,23.96,50,OK,0.1
2026-02-15T14:41:28.479Z,0,23.93,50,OK,0.1
2026-02-15T14:41:28.529Z,0,24.09,50,OK,0.1
2026-02-15T14:41:28.579Z,0,24.02,50,OK,0.1
2026-02-15T14:41:28.629Z,0,24.01,50,OK,0.1
2026-02-15T14:41:28.679Z,0,20.32,50,OK,0.1
2026-02-15T14:41:28.729Z,0,20.32,50,OK,0.1
2026-02-15T14:41:28.779Z,0,20.26,50,OK,0.1
2026-02-15T14:41:28.831Z,0,20.24,50,OK,0.1
2026-02-15T14:41:28.881Z,0,20.23,50,OK,0.1
2026-02-15T14:41:28.931Z,0,20.22,50,OK,0.1
2026-02-15T14:41:28.981Z,0,20.20,50,OK,0.1
2026-02-15T14:41:29.031Z,0,20.22,50,OK,0.1
2026-02-15T14:41:29.081Z,0,20.24,50,OK,0.1
2026-02-15T14:41:29.131Z,0,20.27,50,OK,0.1
2026-02-15T14:41:29.181Z,0,20.30,50,OK,0.1
2026-02-15T14:41:29.232Z,0,20.33,50,OK,0.1
2026-02-15T14:41:29.282Z,0,20.22,50,OK,0.1
2026-02-15T14:41:29.332Z,0,20.21,50,OK,0.1
2026-02-15T14:41:29.382Z,0,20.19,50,OK,0.1
2026-02-15T14:41:29.432Z,0,20.20,50,OK,0.1
2026-02-15T14:41:29.482Z,0,20.21,50,OK,0.1
2026-02-15T14:41:29.532Z,0,20.38,50,OK,0.1
2026-02-15T14:41:29.582Z,0,20.40,50,OK,0.1
2026-02-15T14:41:29.633Z,0,20.44,50,OK,0.1
2026-02-15T14:41:29.684Z,0,20.46,50,OK,0.1
2026-02-15T14:41:29.734Z,0,20.46,50,OK,0.1
2026-02-15T14:41:29.784Z,0,20.44,50,OK,0.1
2026-02-15T14:41:29.834Z,0,20.45,50,OK,0.1
2026-02-15T14:41:29.884Z,0,20.41,50,OK,0.1
2026-02-15T14:41:29.935Z,0,20.38,50,OK,0.1
2026-02-15T14:41:29.985Z,0,20.38,50,OK,0.1
2026-02-15T14:41:30.035Z,0,20.23,50,OK,0.1
2026-02-15T14:41:30.086Z,0,20.15,50,OK,0.1
2026-02-15T14:41:30.136Z,0,20.19,50,OK,0.1
2026-02-15T14:41:30.186Z,0,20.20,50,OK,0.1
2026-02-15T14:41:30.236Z,0,20.20,50,OK,0.1
2026-02-15T14:41:30.287Z,0,20.38,50,OK,0.1
2026-02-15T14:41:30.337Z,0,20.52,50,OK,0.1
2026-02-15T14:41:30.387Z,0,20.51,50,OK,0.1
2026-02-15T14:41:30.437Z,0,20.49,50,OK,0.1
2026-02-15T14:41:30.487Z,0,20.50,50,OK,0.1
2026-02-15T14:41:30.538Z,0,20.44,50,OK,0.1
2026-02-15T14:41:30.589Z,0,20.40,50,OK,0.1
2026-02-15T14:41:30.639Z,0,20.37,50,OK,0.1
2026-02-15T14:41:30.690Z,0,20.41,50,OK,0.1
2026-02-15T14:41:30.741Z,0,20.45,50,OK,0.1
2026-02-15T14:41:30.791Z,0,20.45,50,OK,0.1
2026-02-15T14:41:30.841Z,0,20.44,50,OK,0.1
2026-02-15T14:41:30.891Z,0,20.42,50,OK,0.1
2026-02-15T14:41:30.942Z,0,20.42,50,OK,0.1
2026-02-15T14:41:30.992Z,0,20.34,50,OK,0.1
2026-02-15T14:41:31.043Z,0,20.31,50,OK,0.1
2026-02-15T14:41:31.093Z,0,20.28,50,OK,0.1
2026-02-15T14:41:31.144Z,0,20.30,50,OK,0.1
2026-02-15T14:41:31.193Z,0,20.29,50,OK,0.1
2026-02-15T14:41:31.243Z,0,20.34,50,OK,0.1
2026-02-15T14:41:31.293Z,0,20.37,50,OK,0.1
2026-02-15T14:41:31.344Z,0,20.40,50,OK,0.1
2026-02-15T14:41:31.394Z,0,20.41,50,OK,0.1
2026-02-15T14:41:31.444Z,0,20.40,50,OK,0.1
2026-02-15T14:41:31.494Z,0,20.36,50,OK,0.1
2026-02-15T14:41:31.544Z,0,20.41,50,OK,0.1
2026-02-15T14:41:31.594Z,0,20.44,50,OK,0.1
2026-02-15T14:41:31.644Z,0,20.37,50,OK,0.1
2026-02-15T14:41:31.694Z,0,20.40,50,OK,0.1
2026-02-15T14:41:31.744Z,0,20.40,50,OK,0.1
2026-02-15T14:41:31.795Z,0,20.35,50,OK,0.1
2026-02-15T14:41:31.845Z,0,20.32,50,OK,0.1
2026-02-15T14:41:31.896Z,0,20.43,50,OK,0.1
2026-02-15T14:41:31.947Z,0,20.41,50,OK,0.1
2026-02-15T14:41:31.997Z,0,20.40,50,OK,0.1
2026-02-15T14:41:32.048Z,0,20.40,50,OK,0.1
2026-02-15T14:41:32.098Z,0,20.42,50,OK,0.1
2026-02-15T14:41:32.149Z,0,20.36,50,OK,0.1
2026-02-15T14:41:32.200Z,0,20.36,50,OK,0.1
2026-02-15T14:41:32.250Z,0,20.36,50,OK,0.1
2026-02-15T14:41:32.301Z,0,20.39,50,OK,0.1
2026-02-15T14:41:32.351Z,0,20.36,50,OK,0.1
2026-02-15T14:41:32.402Z,0,20.41,50,OK,0.1
2026-02-15T14:41:32.453Z,0,20.38,50,OK,0.1
2026-02-15T14:41:32.504Z,0,20.39,50,OK,0.1
2026-02-15T14:41:32.554Z,0,20.35,50,OK,0.1
2026-02-15T14:41:32.604Z,0,20.37,50,OK,0.1
2026-02-15T14:41:32.654Z,0,20.35,50,OK,0.1
2026-02-15T14:41:32.704Z,0,20.39,50,OK,0.1
2026-02-15T14:41:32.755Z,0,20.39,50,OK,0.1
2026-02-15T14:41:32.805Z,0,20.38,50,OK,0.1
2026-02-15T14:41:32.855Z,0,20.43,50,OK,0.1
2026-02-15T14:41:32.905Z,0,20.42,50,OK,0.1
2026-02-15T14:41:32.955Z,0,20.49,50,OK,0.1
2026-02-15T14:41:33.005Z,0,20.50,50,OK,0.1
2026-02-15T14:41:33.055Z,0,20.49,50,OK,0.1
2026-02-15T14:41:33.105Z,0,20.42,50,OK,0.1
2026-02-15T14:41:33.155Z,0,20.41,50,OK,0.1
2026-02-15T14:41:33.205Z,0,20.29,50,OK,0.1
2026-02-15T14:41:33.256Z,0,20.32,50,OK,0.1
2026-02-15T14:41:33.306Z,0,20.33,50,OK,0.1
2026-02-15T14:41:33.356Z,0,20.43,50,OK,0.1
2026-02-15T14:41:33.406Z,0,20.44,50,OK,0.1
2026-02-15T14:41:33.457Z,0,20.51,50,OK,0.1
2026-02-15T14:41:33.508Z,0,20.46,50,OK,0.1
2026-02-15T14:41:33.557Z,0,20.50,50,OK,0.1
2026-02-15T14:41:33.607Z,0,20.43,50,OK,0.1
2026-02-15T14:41:33.657Z,0,20.43,50,OK,0.1
2026-02-15T14:41:33.708Z,0,20.41,50,OK,0.1
2026-02-15T14:41:33.758Z,0,20.40,50,OK,0.1
2026-02-15T14:41:33.809Z,0,20.38,50,OK,0.1
2026-02-15T14:41:33.859Z,0,20.37,50,OK,0.1
2026-02-15T14:41:33.909Z,0,20.38,50,OK,0.1
2026-02-15T14:41:33.960Z,0,20.37,50,OK,0.1
2026-02-15T14:41:34.010Z,0,20.39,50,OK,0.1
2026-02-15T14:41:34.061Z,0,20.42,50,OK,0.1
2026-02-15T14:41:34.111Z,0,20.39,50,OK,0.1
2026-02-15T14:41:34.161Z,0,20.30,50,OK,0.1
2026-02-15T14:41:34.212Z,0,20.27,50,OK,0.1
2026-02-15T14:41:34.262Z,0,20.26,50,OK,0.1
2026-02-15T14:41:34.312Z,0,20.26,50,OK,0.1
2026-02-15T14:41:34.363Z,0,20.36,50,OK,0.1
2026-02-15T14:41:34.414Z,0,20.43,50,OK,0.1
2026-02-15T14:41:34.464Z,0,20.57,50,OK,0.1
2026-02-15T14:41:34.515Z,0,20.55,50,OK,0.1
2026-02-15T14:41:34.565Z,0,20.56,50,OK,0.1
2026-02-15T14:41:34.615Z,0,20.49,50,OK,0.1
2026-02-15T14:41:34.666Z,0,20.45,50,OK,0.1
2026-02-15T14:41:34.717Z,0,20.31,50,OK,0.1
2026-02-15T14:41:34.768Z,0,20.37,50,OK,0.1
2026-02-15T14:41:34.818Z,0,20.31,50,OK,0.1
2026-02-15T14:41:34.868Z,0,20.24,50,OK,0.1
2026-02-15T14:41:34.918Z,0,20.29,50,OK,0.1
2026-02-15T14:41:34.969Z,0,20.36,50,OK,0.1
2026-02-15T14:41:35.020Z,0,20.38,50,OK,0.1
2026-02-15T14:41:35.071Z,0,20.39,50,OK,0.1
2026-02-15T14:41:35.122Z,0,20.46,50,OK,0.1
2026-02-15T14:41:35.172Z,0,20.53,50,OK,0.1
2026-02-15T14:41:35.222Z,0,20.52,50,OK,0.1
2026-02-15T14:41:35.273Z,0,20.41,50,OK,0.1
2026-02-15T14:41:35.322Z,0,20.38,50,OK,0.1
2026-02-15T14:41:35.372Z,0,20.34,50,OK,0.1
2026-02-15T14:41:35.422Z,0,20.22,50,OK,0.1
2026-02-15T14:41:35.472Z,0,20.12,50,OK,0.1
2026-02-15T14:41:35.522Z,0,20.21,50,OK,0.1
2026-02-15T14:41:35.572Z,0,20.27,50,OK,0.1
2026-02-15T14:41:35.622Z,0,20.34,50,OK,0.1
2026-02-15T14:41:35.673Z,0,20.37,50,OK,0.1
2026-02-15T14:41:35.723Z,0,20.45,50,OK,0.1
2026-02-15T14:41:35.773Z,0,20.45,50,OK,0.1
2026-02-15T14:41:35.823Z,0,20.39,50,OK,0.1
2026-02-15T14:41:35.874Z,0,20.39,50,OK,0.1
2026-02-15T14:41:35.924Z,0,20.35,50,OK,0.1
2026-02-15T14:41:35.975Z,0,20.34,50,OK,0.1
2026-02-15T14:41:36.025Z,0,20.20,50,OK,0.1
2026-02-15T14:41:36.076Z,0,20.32,50,OK,0.1
2026-02-15T14:41:36.126Z,0,20.30,50,OK,0.1
2026-02-15T14:41:36.178Z,0,20.24,50,OK,0.1
2026-02-15T14:41:36.229Z,0,20.22,50,OK,0.1
2026-02-15T14:41:36.280Z,0,20.36,50,OK,0.1
2026-02-15T14:41:36.330Z,0,20.23,50,OK,0.1
2026-02-15T14:41:36.381Z,0,20.27,50,OK,0.1
2026-02-15T14:41:36.431Z,0,20.34,50,OK,0.1
2026-02-15T14:41:36.482Z,0,20.41,50,OK,0.1
2026-02-15T14:41:36.533Z,0,20.38,50,OK,0.1
2026-02-15T14:41:36.584Z,0,20.29,50,OK,0.1
2026-02-15T14:41:36.635Z,0,20.22,50,OK,0.1
2026-02-15T14:41:36.685Z,0,20.08,50,OK,0.1
2026-02-15T14:41:36.735Z,0,20.01,50,OK,0.1
2026-02-15T14:41:36.786Z,0,20.08,50,OK,0.1
2026-02-15T14:41:36.836Z,0,20.26,50,OK,0.1
2026-02-15T14:41:36.886Z,0,20.35,50,OK,0.1
2026-02-15T14:41:36.936Z,0,20.54,50,OK,0.1
2026-02-15T14:41:36.986Z,0,20.44,50,OK,0.1
2026-02-15T14:41:37.036Z,0,20.36,50,OK,0.1
2026-02-15T14:41:37.086Z,0,20.38,50,OK,0.1
2026-02-15T14:41:37.136Z,0,20.32,50,OK,0.1
2026-02-15T14:41:37.186Z,0,20.33,50,OK,0.1
2026-02-15T14:41:37.236Z,0,20.42,50,OK,0.1
2026-02-15T14:41:37.286Z,0,20.28,50,OK,0.1
2026-02-15T14:41:37.336Z,0,20.16,50,OK,0.1
2026-02-15T14:41:37.387Z,0,20.18,50,OK,0.1
2026-02-15T14:41:37.437Z,0,20.14,50,OK,0.1
2026-02-15T14:41:37.488Z,0,20.18,50,OK,0.1
2026-02-15T14:41:37.538Z,0,20.34,50,OK,0.1
2026-02-15T14:41:37.588Z,0,20.39,50,OK,0.1
2026-02-15T14:41:37.639Z,0,20.34,50,OK,0.1
2026-02-15T14:41:37.689Z,0,20.29,50,OK,0.1
2026-02-15T14:41:37.739Z,0,20.26,50,OK,0.1
2026-02-15T14:41:37.790Z,0,20.27,50,OK,0.1
2026-02-15T14:41:37.840Z,0,20.25,50,OK,0.1
2026-02-15T14:41:37.891Z,0,20.31,50,OK,0.1
2026-02-15T14:41:37.941Z,0,20.38,50,OK,0.1
2026-02-15T14:41:37.991Z,0,20.43,50,OK,0.1
2026-02-15T14:41:38.042Z,0,20.41,50,OK,0.1
2026-02-15T14:41:38.092Z,0,20.43,50,OK,0.1
2026-02-15T14:41:38.142Z,0,20.40,50,OK,0.1
2026-02-15T14:41:38.192Z,0,20.39,50,OK,0.1
2026-02-15T14:41:38.242Z,0,20.34,50,OK,0.1
2026-02-15T14:41:38.293Z,0,20.32,50,OK,0.1
2026-02-15T14:41:38.343Z,0,20.30,50,OK,0.1
2026-02-15T14:41:38.393Z,0,20.31,50,OK,0.1
2026-02-15T14:41:38.443Z,0,20.28,50,OK,0.1
2026-02-15T14:41:38.493Z,0,20.20,50,OK,0.1
2026-02-15T14:41:38.543Z,0,20.22,50,OK,0.1
2026-02-15T14:41:38.593Z,0,20.19,50,OK,0.1
2026-02-15T14:41:38.644Z,0,20.17,50,OK,0.1
2026-02-15T14:41:38.694Z,0,20.19,50,OK,0.1
2026-02-15T14:41:38.744Z,0,20.26,50,OK,0.1
2026-02-15T14:41:38.794Z,0,20.35,50,OK,0.1
2026-02-15T14:41:38.844Z,0,20.45,50,OK,0.1
2026-02-15T14:41:38.894Z,0,20.34,50,OK,0.1
2026-02-15T14:41:38.944Z,0,20.30,50,OK,0.1
2026-02-15T14:41:38.994Z,0,20.40,50,OK,0.1
2026-02-15T14:41:39.044Z,0,20.32,50,OK,0.1
2026-02-15T14:41:39.095Z,0,20.15,50,OK,0.1
2026-02-15T14:41:39.145Z,0,20.27,50,OK,0.1
2026-02-15T14:41:39.195Z,0,20.39,50,OK,0.1
2026-02-15T14:41:39.245Z,0,20.31,50,OK,0.1
2026-02-15T14:41:39.296Z,0,20.37,50,OK,0.1
2026-02-15T14:41:39.346Z,0,20.46,50,OK,0.1
2026-02-15T14:41:39.397Z,0,20.52,50,OK,0.1
2026-02-15T14:41:39.447Z,0,20.40,50,OK,0.1
2026-02-15T14:41:39.497Z,0,20.29,50,OK,0.1
2026-02-15T14:41:39.548Z,0,20.22,50,OK,0.1
2026-02-15T14:41:39.598Z,0,20.10,50,OK,0.1
2026-02-15T14:41:39.648Z,0,20.02,50,OK,0.1
2026-02-15T14:41:39.699Z,0,20.14,50,OK,0.1
2026-02-15T14:41:39.749Z,0,20.23,50,OK,0.1
2026-02-15T14:41:39.799Z,0,20.28,50,OK,0.1
2026-02-15T14:41:39.849Z,0,20.39,50,OK,0.1
2026-02-15T14:41:39.900Z,0,20.47,50,OK,0.1
2026-02-15T14:41:39.950Z,0,20.36,50,OK,0.1
2026-02-15T14:41:40.000Z,0,20.30,50,OK,0.1
2026-02-15T14:41:40.050Z,0,20.26,50,OK,0.1
2026-02-15T14:41:40.100Z,0,20.13,50,OK,0.1
2026-02-15T14:41:40.150Z,0,20.05,50,OK,0.1
2026-02-15T14:41:40.200Z,0,20.02,50,OK,0.1
2026-02-15T14:41:40.250Z,0,20.10,50,OK,0.1
2026-02-15T14:41:40.300Z,0,20.14,50,OK,0.1
2026-02-15T14:41:40.351Z,0,20.27,50,OK,0.1
2026-02-15T14:41:40.402Z,0,20.25,50,OK,0.1
2026-02-15T14:41:40.452Z,0,20.28,50,OK,0.1
2026-02-15T14:41:40.502Z,0,20.29,50,OK,0.1
2026-02-15T14:41:40.554Z,0,20.24,50,OK,0.1
2026-02-15T14:41:40.604Z,0,20.19,50,OK,0.1
2026-02-15T14:41:40.655Z,0,20.22,50,OK,0.1
2026-02-15T14:41:40.705Z,0,20.23,50,OK,0.1
2026-02-15T14:41:40.755Z,0,20.20,50,OK,0.1
2026-02-15T14:41:40.800Z,0,20.26,50,OK,0.1
2026-02-15T14:41:40.850Z,0,20.30,50,OK,0.1
2026-02-15T14:41:40.900Z,0,20.34,50,OK,0.1
2026-02-15T14:41:40.950Z,0,20.36,50,OK,0.1
2026-02-15T14:41:41.000Z,0,20.29,50,OK,0.1
2026-02-15T14:41:41.051Z,0,20.25,50,OK,0.1
2026-02-15T14:41:41.101Z,0,20.19,50,OK,0.1
2026-02-15T14:41:41.153Z,0,20.15,50,OK,0.1
2026-02-15T14:41:41.203Z,0,20.20,50,OK,0.1
2026-02-15T14:41:41.253Z,0,20.27,50,OK,0.1
2026-02-15T14:41:41.304Z,0,20.29,50,OK,0.1
2026-02-15T14:41:41.354Z,0,20.35,50,OK,0.1
2026-02-15T14:41:41.404Z,0,20.31,50,OK,0.1
2026-02-15T14:41:41.455Z,0,20.24,50,OK,0.1
2026-02-15T14:41:41.505Z,0,20.20,50,OK,0.1
2026-02-15T14:41:41.555Z,0,20.22,50,OK,0.1
2026-02-15T14:41:41.605Z,0,20.28,50,OK,0.1
2026-02-15T14:41:41.656Z,0,20.32,50,OK,0.1
2026-02-15T14:41:41.706Z,0,20.37,50,OK,0.1
2026-02-15T14:41:41.756Z,0,20.44,50,OK,0.1
2026-02-15T14:41:41.806Z,0,20.46,50,OK,0.1
2026-02-15T14:41:41.856Z,0,20.40,50,OK,0.1
2026-02-15T14:41:41.906Z,0,20.42,50,OK,0.1
2026-02-15T14:41:41.957Z,0,20.35,50,OK,0.1
2026-02-15T14:41:42.007Z,0,20.35,50,OK,0.1
2026-02-15T14:41:42.057Z,0,20.32,50,OK,0.1
2026-02-15T14:41:42.107Z,0,20.36,50,OK,0.1
2026-02-15T14:41:42.157Z,0,20.36,50,OK,0.1
2026-02-15T14:41:42.207Z,0,20.43,50,OK,0.1
2026-02-15T14:41:42.258Z,0,20.46,50,OK,0.1
2026-02-15T14:41:42.308Z,0,20.59,50,OK,0.1
2026-02-15T14:41:42.358Z,0,20.52,50,OK,0.1
2026-02-15T14:41:42.408Z,0,20.38,50,OK,0.1
2026-02-15T14:41:42.458Z,0,20.39,50,OK,0.1
2026-02-15T14:41:42.508Z,0,20.25,50,OK,0.1
2026-02-15T14:41:42.559Z,0,20.10,50,OK,0.1
2026-02-15T14:41:42.609Z,0,20.09,50,OK,0.1
2026-02-15T14:41:42.659Z,0,20.25,50,OK,0.1
2026-02-15T14:41:42.709Z,0,20.29,50,OK,0.1
2026-02-15T14:41:42.759Z,0,20.41,50,OK,0.1
2026-02-15T14:41:42.810Z,0,20.49,50,OK,0.1
2026-02-15T14:41:42.860Z,0,20.56,50,OK,0.1
2026-02-15T14:41:42.910Z,0,20.51,50,OK,0.1
2026-02-15T14:41:42.960Z,0,20.42,50,OK,0.1
2026-02-15T14:41:43.011Z,0,20.40,50,OK,0.1
2026-02-15T14:41:43.061Z,0,20.31,50,OK,0.1
2026-02-15T14:41:43.112Z,0,20.19,50,OK,0.1
2026-02-15T14:41:43.162Z,0,20.19,50,OK,0.1
2026-02-15T14:41:43.213Z,0,20.14,50,OK,0.1
2026-02-15T14:41:43.264Z,0,20.15,50,OK,0.1
2026-02-15T14:41:43.314Z,0,20.15,50,OK,0.1
2026-02-15T14:41:43.364Z,0,20.28,50,OK,0.1
2026-02-15T14:41:43.415Z,0,20.28,50,OK,0.1
2026-02-15T14:41:43.466Z,0,20.32,50,OK,0.1
2026-02-15T14:41:43.516Z,0,20.31,50,OK,0.1
2026-02-15T14:41:43.566Z,0,20.34,50,OK,0.1
2026-02-15T14:41:43.616Z,0,20.37,50,OK,0.1
2026-02-15T14:41:43.666Z,0,20.37,50,OK,0.1
2026-02-15T14:41:43.717Z,0,20.43,50,OK,0.1
2026-02-15T14:41:43.768Z,0,20.41,50,OK,0.1
2026-02-15T14:41:43.819Z,0,20.33,50,OK,0.1
2026-02-15T14:41:43.869Z,0,20.29,50,OK,0.1
2026-02-15T14:41:43.920Z,0,20.37,50,OK,0.1
2026-02-15T14:41:43.971Z,0,20.35,50,OK,0.1
2026-02-15T14:41:44.020Z,0,20.40,50,OK,0.1
2026-02-15T14:41:44.070Z,0,20.45,50,OK,0.1
2026-02-15T14:41:44.120Z,0,20.34,50,OK,0.1
2026-02-15T14:41:44.170Z,0,20.08,50,OK,0.1
2026-02-15T14:41:44.220Z,0,20.11,50,OK,0.1
2026-02-15T14:41:44.271Z,0,20.09,50,OK,0.1
2026-02-15T14:41:44.321Z,0,20.06,50,OK,0.1
2026-02-15T14:41:44.371Z,0,20.17,50,OK,0.1
2026-02-15T14:41:44.422Z,0,20.33,50,OK,0.1
2026-02-15T14:41:44.472Z,0,20.26,50,OK,0.1
2026-02-15T14:41:44.523Z,0,20.32,50,OK,0.1
2026-02-15T14:41:44.574Z,0,20.32,50,OK,0.1
2026-02-15T14:41:44.624Z,0,20.31,50,OK,0.1
2026-02-15T14:41:44.674Z,0,18.25,50,OK,0.1
2026-02-15T14:41:44.724Z,0,18.24,50,OK,0.1
2026-02-15T14:41:44.774Z,0,18.15,50,OK,0.1
2026-02-15T14:41:44.824Z,0,18.18,50,OK,0.1
2026-02-15T14:41:44.875Z,0,18.20,50,OK,0.1
2026-02-15T14:41:44.926Z,0,20.28,50,OK,0.1
2026-02-15T14:41:44.976Z,0,20.28,50,OK,0.1
2026-02-15T14:41:45.026Z,0,20.29,50,OK,0.1
2026-02-15T14:41:45.076Z,0,20.33,50,OK,0.1
2026-02-15T14:41:45.126Z,0,20.28,50,OK,0.1
2026-02-15T14:41:45.177Z,0,20.30,50,OK,0.1
2026-02-15T14:41:45.228Z,0,20.34,50,OK,0.1
2026-02-15T14:41:45.279Z,0,20.36,50,OK,0.1
2026-02-15T14:41:45.329Z,0,20.36,50,OK,0.1
2026-02-15T14:41:45.380Z,0,20.39,50,OK,0.1
2026-02-15T14:41:45.431Z,0,20.42,50,OK,0.1
2026-02-15T14:41:45.482Z,0,20.36,50,OK,0.1
2026-02-15T14:41:45.533Z,0,20.34,50,OK,0.1
2026-02-15T14:41:45.583Z,0,20.33,50,OK,0.1
2026-02-15T14:41:45.633Z,0,20.30,50,OK,0.1
2026-02-15T14:41:45.683Z,0,20.28,50,OK,0.1
2026-02-15T14:41:45.733Z,0,20.30,50,OK,0.1
2026-02-15T14:41:45.784Z,0,20.32,50,OK,0.1
2026-02-15T14:41:45.834Z,0,20.34,50,OK,0.1
2026-02-15T14:41:45.884Z,0,20.36,50,OK,0.1
2026-02-15T14:41:45.935Z,0,20.36,50,OK,0.1
2026-02-15T14:41:45.985Z,0,20.31,50,OK,0.1
2026-02-15T14:41:46.035Z,0,20.29,50,OK,0.1
2026-02-15T14:41:46.085Z,0,20.23,50,OK,0.1
2026-02-15T14:41:46.135Z,0,20.23,50,OK,0.1
2026-02-15T14:41:46.185Z,0,20.23,50,OK,0.1
2026-02-15T14:41:46.235Z,0,20.25,50,OK,0.1
2026-02-15T14:41:46.285Z,0,20.27,50,OK,0.1
2026-02-15T14:41:46.335Z,0,20.31,50,OK,0.1
2026-02-15T14:41:46.386Z,0,20.36,50,OK,0.1
2026-02-15T14:41:46.436Z,0,20.44,50,OK,0.1
2026-02-15T14:41:46.487Z,0,20.44,50,OK,0.1
2026-02-15T14:41:46.538Z,0,20.44,50,OK,0.1
2026-02-15T14:41:46.588Z,0,20.47,50,OK,0.1
2026-02-15T14:41:46.638Z,0,20.39,50,OK,0.1
2026-02-15T14:41:46.688Z,0,20.31,50,OK,0.1
2026-02-15T14:41:46.738Z,0,20.33,50,OK,0.1
2026-02-15T14:41:46.788Z,0,20.35,50,OK,0.1
2026-02-15T14:41:46.839Z,0,20.33,50,OK,0.1
2026-02-15T14:41:46.889Z,0,20.37,50,OK,0.1
2026-02-15T14:41:46.939Z,0,20.37,50,OK,0.1
2026-02-15T14:41:46.989Z,0,20.38,50,OK,0.1
2026-02-15T14:41:47.040Z,0,20.31,50,OK,0.1
2026-02-15T14:41:47.091Z,0,20.30,50,OK,0.1
2026-02-15T14:41:47.140Z,0,20.22,50,OK,0.1
2026-02-15T14:41:47.191Z,0,20.22,50,OK,0.1
2026-02-15T14:41:47.241Z,0,20.21,50,OK,0.1
2026-02-15T14:41:47.292Z,0,20.27,50,OK,0.1
2026-02-15T14:41:47.343Z,0,20.33,50,OK,0.1
2026-02-15T14:41:47.394Z,0,20.43,50,OK,0.1
2026-02-15T14:41:47.444Z,0,20.43,50,OK,0.1
2026-02-15T14:41:47.494Z,0,20.46,50,OK,0.1
2026-02-15T14:41:47.545Z,0,20.46,50,OK,0.1
2026-02-15T14:41:47.595Z,0,20.39,50,OK,0.1
2026-02-15T14:41:47.646Z,0,20.36,50,OK,0.1
2026-02-15T14:41:47.696Z,0,20.31,50,OK,0.1
2026-02-15T14:41:47.747Z,0,20.25,50,OK,0.1
2026-02-15T14:41:47.798Z,0,20.31,50,OK,0.1
2026-02-15T14:41:47.848Z,0,20.34,50,OK,0.1
2026-02-15T14:41:47.898Z,0,20.37,50,OK,0.1
2026-02-15T14:41:47.948Z,0,20.47,50,OK,0.1
2026-02-15T14:41:47.999Z,0,20.48,50,OK,0.1
2026-02-15T14:41:48.049Z,0,20.41,50,OK,0.1
2026-02-15T14:41:48.099Z,0,20.37,50,OK,0.1
2026-02-15T14:41:48.149Z,0,20.34,50,OK,0.1
2026-02-15T14:41:48.199Z,0,20.25,50,OK,0.1
2026-02-15T14:41:48.249Z,0,20.26,50,OK,0.1
2026-02-15T14:41:48.299Z,0,20.14,50,OK,0.1
2026-02-15T14:41:48.349Z,0,20.14,50,OK,0.1
2026-02-15T14:41:48.399Z,0,20.12,50,OK,0.1
2026-02-15T14:41:48.449Z,0,20.13,50,OK,0.1
2026-02-15T14:41:48.499Z,0,20.12,50,OK,0.1
2026-02-15T14:41:48.550Z,0,20.23,50,OK,0.1
2026-02-15T14:41:48.600Z,0,20.17,50,OK,0.1
2026-02-15T14:41:48.650Z,0,20.17,50,OK,0.1
2026-02-15T14:41:48.700Z,0,20.25,50,OK,0.1
2026-02-15T14:41:48.751Z,0,20.26,50,OK,0.1
2026-02-15T14:41:48.801Z,0,20.32,50,OK,0.1
2026-02-15T14:41:48.851Z,0,20.38,50,OK,0.1
2026-02-15T14:41:48.902Z,0,20.39,50,OK,0.1
2026-02-15T14:41:48.952Z,0,20.34,50,OK,0.1
2026-02-15T14:41:49.003Z,0,20.36,50,OK,0.1
2026-02-15T14:41:49.052Z,0,20.34,50,OK,0.1
2026-02-15T14:41:49.102Z,0,20.37,50,OK,0.1
2026-02-15T14:41:49.153Z,0,20.45,50,OK,0.1
2026-02-15T14:41:49.203Z,0,20.39,50,OK,0.1
2026-02-15T14:41:49.254Z,0,20.36,50,OK,0.1
2026-02-15T14:41:49.305Z,0,20.31,50,OK,0.1
2026-02-15T14:41:49.356Z,0,20.33,50,OK,0.1
2026-02-15T14:41:49.406Z,0,20.20,50,OK,0.1
2026-02-15T14:41:49.456Z,0,20.25,50,OK,0.1
2026-02-15T14:41:49.507Z,0,20.26,50,OK,0.1
2026-02-15T14:41:49.558Z,0,20.33,50,OK,0.1
2026-02-15T14:41:49.609Z,0,20.34,50,OK,0.1
2026-02-15T14:41:49.659Z,0,20.39,50,OK,0.1
2026-02-15T14:41:49.709Z,0,20.42,50,OK,0.1
2026-02-15T14:41:49.760Z,0,20.51,50,OK,0.1
2026-02-15T14:41:49.811Z,0,20.27,50,OK,0.1
2026-02-15T14:41:49.861Z,0,20.19,50,OK,0.1
2026-02-15T14:41:49.911Z,0,20.18,50,OK,0.1
2026-02-15T14:41:49.961Z,0,20.20,50,OK,0.1
2026-02-15T14:41:50.012Z,0,20.15,50,OK,0.1
2026-02-15T14:41:50.062Z,0,20.38,50,OK,0.1
2026-02-15T14:41:50.112Z,0,20.42,50,OK,0.1
2026-02-15T14:41:50.163Z,0,20.44,50,OK,0.1
2026-02-15T14:41:50.213Z,0,20.42,50,OK,0.1
2026-02-15T14:41:50.263Z,0,20.38,50,OK,0.1
2026-02-15T14:41:50.314Z,0,20.36,50,OK,0.1
2026-02-15T14:41:50.365Z,0,20.39,50,OK,0.1
2026-02-15T14:41:50.416Z,0,20.19,50,OK,0.1
2026-02-15T14:41:50.466Z,0,20.18,50,OK,0.1
2026-02-15T14:41:50.516Z,0,20.17,50,OK,0.1
2026-02-15T14:41:50.566Z,0,20.07,50,OK,0.1
2026-02-15T14:41:50.617Z,0,20.00,50,OK,0.1
2026-02-15T14:41:50.667Z,0,20.18,50,OK,0.1
2026-02-15T14:41:50.719Z,0,20.17,50,OK,0.1
2026-02-15T14:41:50.769Z,0,20.18,50,OK,0.1
2026-02-15T14:41:50.819Z,0,20.30,50,OK,0.1
2026-02-15T14:41:50.870Z,0,20.33,50,OK,0.1
2026-02-15T14:41:50.920Z,0,20.36,50,OK,0.1
2026-02-15T14:41:50.971Z,0,20.38,50,OK,0.1
2026-02-15T14:41:51.021Z,0,20.39,50,OK,0.1
2026-02-15T14:41:51.072Z,0,20.39,50,OK,0.1
2026-02-15T14:41:51.123Z,0,20.45,50,OK,0.1
2026-02-15T14:41:51.174Z,0,20.43,50,OK,0.1
2026-02-15T14:41:51.224Z,0,20.51,50,OK,0.1
2026-02-15T14:41:51.275Z,0,20.53,50,OK,0.1
2026-02-15T14:41:51.326Z,0,20.58,50,OK,0.1
2026-02-15T14:41:51.377Z,0,20.55,50,OK,0.1
2026-02-15T14:41:51.427Z,0,20.49,50,OK,0.1
2026-02-15T14:41:51.478Z,0,20.38,50,OK,0.1
2026-02-15T14:41:51.528Z,0,20.27,50,OK,0.1
2026-02-15T14:41:51.578Z,0,20.26,50,OK,0.1
2026-02-15T14:41:51.628Z,0,20.20,50,OK,0.1
2026-02-15T14:41:51.678Z,0,20.29,50,OK,0.1
2026-02-15T14:41:51.729Z,0,20.35,50,OK,0.1
2026-02-15T14:41:51.780Z,0,20.41,50,OK,0.1
2026-02-15T14:41:51.830Z,0,20.41,50,OK,0.1
2026-02-15T14:41:51.880Z,0,20.46,50,OK,0.1
2026-02-15T14:41:51.931Z,0,20.44,50,OK,0.1
2026-02-15T14:41:51.982Z,0,20.39,50,OK,0.1
2026-02-15T14:41:52.032Z,0,20.46,50,OK,0.1
2026-02-15T14:41:52.083Z,0,20.42,50,OK,0.1
2026-02-15T14:41:52.134Z,0,20.45,50,OK,0.1
2026-02-15T14:41:52.184Z,0,20.45,50,OK,0.1
2026-02-15T14:41:52.235Z,0,20.38,50,OK,0.1
2026-02-15T14:41:52.285Z,0,20.33,50,OK,0.1
2026-02-15T14:41:52.335Z,0,20.26,50,OK,0.1
2026-02-15T14:41:52.386Z,0,20.22,50,OK,0.1
2026-02-15T14:41:52.436Z,0,20.17,50,OK,0.1
2026-02-15T14:41:52.486Z,0,20.26,50,OK,0.1
2026-02-15T14:41:52.536Z,0,20.20,50,OK,0.1
2026-02-15T14:41:52.586Z,0,20.27,50,OK,0.1
2026-02-15T14:41:52.636Z,0,20.27,50,OK,0.1
2026-02-15T14:41:52.686Z,0,20.32,50,OK,0.1
2026-02-15T14:41:52.736Z,0,20.15,50,OK,0.1
2026-02-15T14:41:52.786Z,0,20.18,50,OK,0.1
2026-02-15T14:41:52.836Z,0,20.20,50,OK,0.1
2026-02-15T14:41:52.887Z,0,20.20,50,OK,0.1
2026-02-15T14:41:52.938Z,0,20.27,50,OK,0.1
2026-02-15T14:41:52.988Z,0,20.44,50,OK,0.1
2026-02-15T14:41:53.038Z,0,20.33,50,OK,0.1
2026-02-15T14:41:53.089Z,0,20.30,50,OK,0.1
2026-02-15T14:41:53.140Z,0,20.20,50,OK,0.1
2026-02-15T14:41:53.190Z,0,20.11,50,OK,0.1
2026-02-15T14:41:53.241Z,0,20.01,50,OK,0.1
2026-02-15T14:41:53.291Z,0,20.15,50,OK,0.1
2026-02-15T14:41:53.342Z,0,20.07,50,OK,0.1
2026-02-15T14:41:53.392Z,0,20.19,50,OK,0.1
2026-02-15T14:41:53.442Z,0,20.31,50,OK,0.1
2026-02-15T14:41:53.492Z,0,20.42,50,OK,0.1
2026-02-15T14:41:53.543Z,0,20.34,50,OK,0.1
2026-02-15T14:41:53.593Z,0,20.41,50,OK,0.1
2026-02-15T14:41:53.643Z,0,20.46,50,OK,0.1
2026-02-15T14:41:53.693Z,0,20.39,50,OK,0.1
2026-02-15T14:41:53.743Z,0,20.40,50,OK,0.1
2026-02-15T14:41:53.794Z,0,20.49,50,OK,0.1
2026-02-15T14:41:53.844Z,0,20.61,50,OK,0.1
2026-02-15T14:41:53.894Z,0,20.57,50,OK,0.1
2026-02-15T14:41:53.944Z,0,20.58,50,OK,0.1
2026-02-15T14:41:53.995Z,0,20.54,50,OK,0.1
2026-02-15T14:41:54.046Z,0,20.52,50,OK,0.1
2026-02-15T14:41:54.096Z,0,20.39,50,OK,0.1
2026-02-15T14:41:54.147Z,0,20.33,50,OK,0.1
2026-02-15T14:41:54.198Z,0,20.27,50,OK,0.1
2026-02-15T14:41:54.248Z,0,20.36,50,OK,0.1
2026-02-15T14:41:54.298Z,0,20.36,50,OK,0.1
2026-02-15T14:41:54.349Z,0,20.39,50,OK,0.1
2026-02-15T14:41:54.399Z,0,20.42,50,OK,0.1
2026-02-15T14:41:54.449Z,0,20.43,50,OK,0.1
2026-02-15T14:41:54.499Z,0,20.37,50,OK,0.1
2026-02-15T14:41:54.550Z,0,20.29,50,OK,0.1
2026-02-15T14:41:54.601Z,0,20.31,50,OK,0.1
2026-02-15T14:41:54.651Z,0,20.23,50,OK,0.1
2026-02-15T14:41:54.701Z,0,20.16,50,OK,0.1
2026-02-15T14:41:54.752Z,0,20.24,50,OK,0.1
2026-02-15T14:41:54.803Z,0,20.41,50,OK,0.1
2026-02-15T14:41:54.853Z,0,20.38,50,OK,0.1
2026-02-15T14:41:54.903Z,0,20.49,50,OK,0.1
2026-02-15T14:41:54.953Z,0,20.59,50,OK,0.1
2026-02-15T14:41:55.004Z,0,20.48,50,OK,0.1
2026-02-15T14:41:55.054Z,0,20.25,50,OK,0.1
2026-02-15T14:41:55.104Z,0,20.25,50,OK,0.1
2026-02-15T14:41:55.154Z,0,20.32,50,OK,0.1
2026-02-15T14:41:55.204Z,0,20.29,50,OK,0.1
2026-02-15T14:41:55.255Z,0,20.36,50,OK,0.1
2026-02-15T14:41:55.305Z,0,20.51,50,OK,0.1
2026-02-15T14:41:55.355Z,0,20.62,50,OK,0.1
2026-02-15T14:41:55.405Z,0,20.54,50,OK,0.1
2026-02-15T14:41:55.455Z,0,20.43,50,OK,0.1
2026-02-15T14:41:55.506Z,0,20.37,50,OK,0.1
2026-02-15T14:41:55.556Z,0,20.30,50,OK,0.1
2026-02-15T14:41:55.606Z,0,20.21,50,OK,0.1
2026-02-15T14:41:55.656Z,0,20.28,50,OK,0.1
2026-02-15T14:41:55.707Z,0,20.39,50,OK,0.1
2026-02-15T14:41:55.758Z,0,20.36,50,OK,0.1
2026-02-15T14:41:55.809Z,0,20.47,50,OK,0.1
2026-02-15T14:41:55.859Z,0,20.37,50,OK,0.1
2026-02-15T14:41:55.909Z,0,20.25,50,OK,0.1
2026-02-15T14:41:55.959Z,0,20.17,50,OK,0.1
2026-02-15T14:41:56.009Z,0,20.17,50,OK,0.1
2026-02-15T14:41:56.059Z,0,19.96,50,OK,0.1
2026-02-15T14:41:56.110Z,0,20.01,50,OK,0.1
2026-02-15T14:41:56.161Z,0,20.13,50,OK,0.1
2026-02-15T14:41:56.211Z,0,20.20,50,OK,0.1
2026-02-15T14:41:56.262Z,0,20.32,50,OK,0.1
2026-02-15T14:41:56.312Z,0,20.51,50,OK,0.1
2026-02-15T14:41:56.362Z,0,20.60,50,OK,0.1
2026-02-15T14:41:56.412Z,0,20.52,50,OK,0.1
2026-02-15T14:41:56.462Z,0,20.55,50,OK,0.1
2026-02-15T14:41:56.513Z,0,20.51,50,OK,0.1
2026-02-15T14:41:56.563Z,0,20.43,50,OK,0.1
2026-02-15T14:41:56.613Z,0,20.37,50,OK,0.1
2026-02-15T14:41:56.663Z,0,20.36,50,OK,0.1
2026-02-15T14:41:56.714Z,0,20.31,50,OK,0.1
2026-02-15T14:41:56.764Z,0,20.33,50,OK,0.1
2026-02-15T14:41:56.814Z,0,20.40,50,OK,0.1
2026-02-15T14:41:56.864Z,0,20.27,50,OK,0.1
2026-02-15T14:41:56.914Z,0,20.33,50,OK,0.1
2026-02-15T14:41:56.965Z,0,20.35,50,OK,0.1
2026-02-15T14:41:57.015Z,0,20.32,50,OK,0.1
2026-02-15T14:41:57.065Z,0,20.34,50,OK,0.1
2026-02-15T14:41:57.117Z,0,20.46,50,OK,0.1
2026-02-15T14:41:57.167Z,0,20.49,50,OK,0.1
2026-02-15T14:41:57.218Z,0,20.49,50,OK,0.1
2026-02-15T14:41:57.268Z,0,20.57,50,OK,0.1
2026-02-15T14:41:57.319Z,0,20.50,50,OK,0.1
2026-02-15T14:41:57.369Z,0,20.59,50,OK,0.1
2026-02-15T14:41:57.420Z,0,20.57,50,OK,0.1
2026-02-15T14:41:57.471Z,0,20.64,50,OK,0.1
2026-02-15T14:41:57.522Z,0,20.53,50,OK,0.1
2026-02-15T14:41:57.572Z,0,20.47,50,OK,0.1
2026-02-15T14:41:57.623Z,0,20.43,50,OK,0.1
2026-02-15T14:41:57.673Z,0,20.29,50,OK,0.1
2026-02-15T14:41:57.724Z,0,20.23,50,OK,0.1
2026-02-15T14:41:57.775Z,0,20.25,50,OK,0.1
2026-02-15T14:41:57.826Z,0,20.36,50,OK,0.1
2026-02-15T14:41:57.876Z,0,20.30,50,OK,0.1
2026-02-15T14:41:57.927Z,0,20.40,50,OK,0.1
2026-02-15T14:41:57.977Z,0,20.18,50,OK,0.1
2026-02-15T14:41:58.028Z,0,20.29,50,OK,0.1
2026-02-15T14:41:58.078Z,0,20.35,50,OK,0.1
2026-02-15T14:41:58.128Z,0,20.38,50,OK,0.1
2026-02-15T14:41:58.179Z,0,20.36,50,OK,0.1
2026-02-15T14:41:58.230Z,0,20.54,50,OK,0.1
2026-02-15T14:41:58.280Z,0,20.48,50,OK,0.1
2026-02-15T14:41:58.330Z,0,20.37,50,OK,0.1
2026-02-15T14:41:58.381Z,0,20.37,50,OK,0.1
2026-02-15T14:41:58.430Z,0,20.38,50,OK,0.1
2026-02-15T14:41:58.480Z,0,20.39,50,OK,0.1
2026-02-15T14:41:58.530Z,0,20.30,50,OK,0.1
2026-02-15T14:41:58.581Z,0,20.32,50,OK,0.1
2026-02-15T14:41:58.631Z,0,20.30,50,OK,0.1
2026-02-15T14:41:58.681Z,0,20.27,50,OK,0.1
2026-02-15T14:41:58.731Z,0,20.24,50,OK,0.1
2026-02-15T14:41:58.781Z,0,20.32,50,OK,0.1
2026-02-15T14:41:58.831Z,0,20.31,50,OK,0.1
2026-02-15T14:41:58.881Z,0,20.36,50,OK,0.1
2026-02-15T14:41:58.931Z,0,20.38,50,OK,0.1
2026-02-15T14:41:58.981Z,0,20.34,50,OK,0.1
2026-02-15T14:41:59.033Z,0,20.24,50,OK,0.1
2026-02-15T14:41:59.083Z,0,20.19,50,OK,0.1
2026-02-15T14:41:59.133Z,0,20.13,50,OK,0.1
2026-02-15T14:41:59.184Z,0,20.16,50,OK,0.1
2026-02-15T14:41:59.234Z,0,20.21,50,OK,0.1
2026-02-15T14:41:59.284Z,0,20.16,50,OK,0.1
2026-02-15T14:41:59.335Z,0,20.22,50,OK,0.1
2026-02-15T14:41:59.385Z,0,20.25,50,OK,0.1
2026-02-15T14:41:59.435Z,0,20.22,50,OK,0.1
2026-02-15T14:41:59.485Z,0,20.30,50,OK,0.1
2026-02-15T14:41:59.535Z,0,20.35,50,OK,0.1
2026-02-15T14:41:59.585Z,0,20.33,50,OK,0.1
2026-02-15T14:41:59.636Z,0,20.31,50,OK,0.1
2026-02-15T14:41:59.687Z,0,20.33,50,OK,0.1
2026-02-15T14:41:59.737Z,0,20.31,50,OK,0.1
2026-02-15T14:41:59.787Z,0,20.34,50,OK,0.1
2026-02-15T14:41:59.838Z,0,20.37,50,OK,0.1
2026-02-15T14:41:59.888Z,0,20.37,50,OK,0.1
2026-02-15T14:41:59.939Z,0,20.35,50,OK,0.1
2026-02-15T14:41:59.990Z,0,20.31,50,OK,0.1
2026-02-15T14:42:00.041Z,0,20.34,50,OK,0.1
2026-02-15T14:42:00.091Z,0,20.35,50,OK,0.1
2026-02-15T14:42:00.142Z,0,20.34,50,OK,0.1
2026-02-15T14:42:00.192Z,0,20.37,50,OK,0.1
2026-02-15T14:42:00.244Z,0,20.37,50,OK,0.1
2026-02-15T14:42:00.294Z,0,20.34,50,OK,0.1
2026-02-15T14:42:00.344Z,0,20.29,50,OK,0.1
2026-02-15T14:42:00.394Z,0,20.30,50,OK,0.1
2026-02-15T14:42:00.445Z,0,20.28,50,OK,0.1
2026-02-15T14:42:00.495Z,0,20.27,50,OK,0.1
2026-02-15T14:42:00.546Z,0,20.27,50,OK,0.1
2026-02-15T14:42:00.597Z,0,20.28,50,OK,0.1
2026-02-15T14:42:00.648Z,0,20.25,50,OK,0.1
2026-02-15T14:42:00.699Z,0,20.27,50,OK,0.1
2026-02-15T14:42:00.748Z,0,20.16,50,OK,0.1
2026-02-15T14:42:00.799Z,0,20.17,50,OK,0.1
2026-02-15T14:42:00.849Z,0,20.17,50,OK,0.1
2026-02-15T14:42:00.899Z,0,20.17,50,OK,0.1
2026-02-15T14:42:00.949Z,0,20.15,50,OK,0.1
2026-02-15T14:42:01.000Z,0,20.28,50,OK,0.1
2026-02-15T14:42:01.050Z,0,20.21,50,OK,0.1
2026-02-15T14:42:01.101Z,0,20.20,50,OK,0.1
2026-02-15T14:42:01.151Z,0,20.27,50,OK,0.1
2026-02-15T14:42:01.201Z,0,20.26,50,OK,0.1
2026-02-15T14:42:01.251Z,0,20.23,50,OK,0.1
2026-02-15T14:42:01.301Z,0,20.28,50,OK,0.1
2026-02-15T14:42:01.351Z,0,20.28,50,OK,0.1
2026-02-15T14:42:01.402Z,0,20.24,50,OK,0.1
2026-02-15T14:42:01.452Z,0,20.24,50,OK,0.1
2026-02-15T14:42:01.503Z,0,20.24,50,OK,0.1
2026-02-15T14:42:01.553Z,0,20.23,50,OK,0.1
2026-02-15T14:42:01.603Z,0,20.02,50,OK,0.1
2026-02-15T14:42:01.653Z,0,20.02,50,OK,0.1
2026-02-15T14:42:01.703Z,0,20.03,50,OK,0.1
2026-02-15T14:42:01.753Z,0,20.04,50,OK,0.1
2026-02-15T14:42:01.803Z,0,20.04,50,OK,0.1
2026-02-15T14:42:01.853Z,0,20.28,50,OK,0.1
2026-02-15T14:42:01.904Z,0,20.27,50,OK,0.1
2026-02-15T14:42:01.954Z,0,20.27,50,OK,0.1
2026-02-15T14:42:02.004Z,0,20.28,50,OK,0.1
2026-02-15T14:42:02.054Z,0,20.27,50,OK,0.1
2026-02-15T14:42:02.105Z,0,20.04,50,OK,0.1
2026-02-15T14:42:02.155Z,0,20.04,50,OK,0.1
2026-02-15T14:42:02.205Z,0,20.05,50,OK,0.1
2026-02-15T14:42:02.256Z,0,20.06,50,OK,0.1
2026-02-15T14:42:02.307Z,0,20.12,50,OK,0.1
2026-02-15T14:42:02.357Z,0,20.36,50,OK,0.1
2026-02-15T14:42:02.408Z,0,20.37,50,OK,0.1
2026-02-15T14:42:02.459Z,0,20.27,50,OK,0.1
2026-02-15T14:42:02.509Z,0,20.26,50,OK,0.1
2026-02-15T14:42:02.559Z,0,20.24,50,OK,0.1
2026-02-15T14:42:02.609Z,0,20.23,50,OK,0.1
2026-02-15T14:42:02.659Z,0,20.15,50,OK,0.1
2026-02-15T14:42:02.709Z,0,20.26,50,OK,0.1
2026-02-15T14:42:02.759Z,0,20.21,50,OK,0.1
2026-02-15T14:42:02.810Z,0,20.19,50,OK,0.1
2026-02-15T14:42:02.861Z,0,20.21,50,OK,0.1
2026-02-15T14:42:02.911Z,0,20.32,50,OK,0.1
2026-02-15T14:42:02.961Z,0,20.33,50,OK,0.1
2026-02-15T14:42:03.011Z,0,20.38,50,OK,0.1
2026-02-15T14:42:03.063Z,0,20.39,50,OK,0.1
2026-02-15T14:42:03.112Z,0,20.40,50,OK,0.1
2026-02-15T14:42:03.162Z,0,20.39,50,OK,0.1
2026-02-15T14:42:03.212Z,0,20.39,50,OK,0.1
2026-02-15T14:42:03.263Z,0,20.40,50,OK,0.1
2026-02-15T14:42:03.314Z,0,20.44,50,OK,0.1
2026-02-15T14:42:03.364Z,0,20.40,50,OK,0.1
2026-02-15T14:42:03.415Z,0,20.39,50,OK,0.1
2026-02-15T14:42:03.464Z,0,20.38,50,OK,0.1
2026-02-15T14:42:03.515Z,0,20.38,50,OK,0.1
2026-02-15T14:42:03.565Z,0,20.33,50,OK,0.1
2026-02-15T14:42:03.617Z,0,20.34,50,OK,0.1
2026-02-15T14:42:03.668Z,0,20.33,50,OK,0.1
2026-02-15T14:42:03.719Z,0,20.32,50,OK,0.1
2026-02-15T14:42:03.769Z,0,20.30,50,OK,0.1
2026-02-15T14:42:03.819Z,0,20.30,50,OK,0.1
2026-02-15T14:42:03.870Z,0,20.28,50,OK,0.1
2026-02-15T14:42:03.920Z,0,20.31,50,OK,0.1
2026-02-15T14:42:03.970Z,0,20.33,50,OK,0.1
2026-02-15T14:42:04.020Z,0,20.36,50,OK,0.1
2026-02-15T14:42:04.070Z,0,20.30,50,OK,0.1
2026-02-15T14:42:04.120Z,0,20.29,50,OK,0.1
2026-02-15T14:42:04.171Z,0,20.29,50,OK,0.1
2026-02-15T14:42:04.221Z,0,20.33,50,OK,0.1
2026-02-15T14:42:04.271Z,0,20.25,50,OK,0.1
2026-02-15T14:42:04.322Z,0,20.32,50,OK,0.1
2026-02-15T14:42:04.373Z,0,20.44,50,OK,0.1
2026-02-15T14:42:04.423Z,0,20.45,50,OK,0.1
2026-02-15T14:42:04.473Z,0,20.46,50,OK,0.1
2026-02-15T14:42:04.524Z,0,20.53,50,OK,0.1
2026-02-15T14:42:04.575Z,0,20.62,50,OK,0.1
2026-02-15T14:42:04.624Z,0,20.51,50,OK,0.1
2026-02-15T14:42:04.674Z,0,20.54,50,OK,0.1
2026-02-15T14:42:04.724Z,0,20.48,50,OK,0.1
2026-02-15T14:42:04.774Z,0,20.43,50,OK,0.1
2026-02-15T14:42:04.824Z,0,20.35,50,OK,0.1
2026-02-15T14:42:04.875Z,0,20.31,50,OK,0.1
2026-02-15T14:42:04.926Z,0,20.28,50,OK,0.1
2026-02-15T14:42:04.976Z,0,20.31,50,OK,0.1
2026-02-15T14:42:05.027Z,0,20.33,50,OK,0.1
2026-02-15T14:42:05.077Z,0,20.30,50,OK,0.1
2026-02-15T14:42:05.128Z,0,20.30,50,OK,0.1
2026-02-15T14:42:05.178Z,0,20.29,50,OK,0.1
2026-02-15T14:42:05.229Z,0,20.26,50,OK,0.1
2026-02-15T14:42:05.279Z,0,20.29,50,OK,0.1
2026-02-15T14:42:05.330Z,0,20.31,50,OK,0.1
2026-02-15T14:42:05.381Z,0,20.36,50,OK,0.1
2026-02-15T14:42:05.431Z,0,20.36,50,OK,0.1
2026-02-15T14:42:05.483Z,0,20.38,50,OK,0.1
2026-02-15T14:42:05.534Z,0,20.37,50,OK,0.1
2026-02-15T14:42:05.584Z,0,20.38,50,OK,0.1
2026-02-15T14:42:05.635Z,0,20.36,50,OK,0.1
2026-02-15T14:42:05.685Z,0,20.36,50,OK,0.1
2026-02-15T14:42:05.735Z,0,20.25,50,OK,0.1
2026-02-15T14:42:05.785Z,0,20.37,50,OK,0.1
2026-02-15T14:42:05.835Z,0,20.36,50,OK,0.1
2026-02-15T14:42:05.885Z,0,20.27,50,OK,0.1
2026-02-15T14:42:05.935Z,0,20.26,50,OK,0.1
2026-02-15T14:42:05.985Z,0,20.37,50,OK,0.1
2026-02-15T14:42:06.035Z,0,20.22,50,OK,0.1
2026-02-15T14:42:06.085Z,0,20.07,50,OK,0.1
2026-02-15T14:42:06.135Z,0,20.16,50,OK,0.1
2026-02-15T14:42:06.185Z,0,20.06,50,OK,0.1
2026-02-15T14:42:06.235Z,0,20.05,50,OK,0.1
2026-02-15T14:42:06.285Z,0,20.16,50,OK,0.1
2026-02-15T14:42:06.335Z,0,20.33,50,OK,0.1
2026-02-15T14:42:06.385Z,0,20.21,50,OK,0.1
2026-02-15T14:42:06.436Z,0,20.31,50,OK,0.1
2026-02-15T14:42:06.487Z,0,20.26,50,OK,0.1
2026-02-15T14:42:06.538Z,0,20.18,50,OK,0.1
2026-02-15T14:42:06.589Z,0,20.12,50,OK,0.1
2026-02-15T14:42:06.639Z,0,20.26,50,OK,0.1
2026-02-15T14:42:06.689Z,0,20.17,50,OK,0.1
2026-02-15T14:42:06.739Z,0,20.21,50,OK,0.1
2026-02-15T14:42:06.790Z,0,20.32,50,OK,0.1
2026-02-15T14:42:06.841Z,0,20.36,50,OK,0.1
2026-02-15T14:42:06.891Z,0,20.44,50,OK,0.1
2026-02-15T14:42:06.941Z,0,20.54,50,OK,0.1
2026-02-15T14:42:06.991Z,0,20.59,50,OK,0.1
2026-02-15T14:42:07.041Z,0,20.50,50,OK,0.1
2026-02-15T14:42:07.091Z,0,20.47,50,OK,0.1
2026-02-15T14:42:07.141Z,0,20.40,50,OK,0.1
2026-02-15T14:42:07.191Z,0,20.47,50,OK,0.1
2026-02-15T14:42:07.242Z,0,20.45,50,OK,0.1
2026-02-15T14:42:07.292Z,0,20.37,50,OK,0.1
2026-02-15T14:42:07.343Z,0,20.43,50,OK,0.1
2026-02-15T14:42:07.394Z,0,20.50,50,OK,0.1
2026-02-15T14:42:07.444Z,0,20.36,50,OK,0.1
2026-02-15T14:42:07.494Z,0,20.22,50,OK,0.1
2026-02-15T14:42:07.545Z,0,20.24,50,OK,0.1
2026-02-15T14:42:07.595Z,0,20.29,50,OK,0.1
2026-02-15T14:42:07.646Z,0,20.23,50,OK,0.1
2026-02-15T14:42:07.697Z,0,20.24,50,OK,0.1
2026-02-15T14:42:07.748Z,0,20.41,50,OK,0.1
2026-02-15T14:42:07.798Z,0,20.32,50,OK,0.1
2026-02-15T14:42:07.848Z,0,20.20,50,OK,0.1
2026-02-15T14:42:07.898Z,0,20.28,50,OK,0.1
2026-02-15T14:42:07.948Z,0,20.31,50,OK,0.1
2026-02-15T14:42:07.998Z,0,20.29,50,OK,0.1
2026-02-15T14:42:08.048Z,0,20.40,50,OK,0.1
2026-02-15T14:42:08.098Z,0,20.48,50,OK,0.1
2026-02-15T14:42:08.149Z,0,20.37,50,OK,0.1
2026-02-15T14:42:08.199Z,0,20.27,50,OK,0.1
2026-02-15T14:42:08.249Z,0,20.22,50,OK,0.1
2026-02-15T14:42:08.300Z,0,20.30,50,OK,0.1
2026-02-15T14:42:08.350Z,0,20.24,50,OK,0.1
2026-02-15T14:42:08.401Z,0,20.31,50,OK,0.1
2026-02-15T14:42:08.451Z,0,20.45,50,OK,0.1
2026-02-15T14:42:08.501Z,0,20.53,50,OK,0.1
2026-02-15T14:42:08.552Z,0,20.46,50,OK,0.1
2026-02-15T14:42:08.602Z,0,20.56,50,OK,0.1
2026-02-15T14:42:08.652Z,0,20.51,50,OK,0.1
2026-02-15T14:42:08.702Z,0,20.57,50,OK,0.1
2026-02-15T14:42:08.752Z,0,20.47,50,OK,0.1
2026-02-15T14:42:08.802Z,0,20.43,50,OK,0.1
2026-02-15T14:42:08.852Z,0,20.37,50,OK,0.1
2026-02-15T14:42:08.903Z,0,20.32,50,OK,0.1
2026-02-15T14:42:08.952Z,0,20.25,50,OK,0.1
2026-02-15T14:42:09.002Z,0,20.21,50,OK,0.1
2026-02-15T14:42:09.052Z,0,20.25,50,OK,0.1
2026-02-15T14:42:09.103Z,0,20.19,50,OK,0.1
2026-02-15T14:42:09.154Z,0,20.22,50,OK,0.1
2026-02-15T14:42:09.204Z,0,20.27,50,OK,0.1
2026-02-15T14:42:09.254Z,0,20.35,50,OK,0.1
2026-02-15T14:42:09.304Z,0,20.42,50,OK,0.1
2026-02-15T14:42:09.355Z,0,20.46,50,OK,0.1
2026-02-15T14:42:09.406Z,0,20.54,50,OK,0.1
2026-02-15T14:42:09.456Z,0,20.51,50,OK,0.1
2026-02-15T14:42:09.506Z,0,20.52,50,OK,0.1
2026-02-15T14:42:09.557Z,0,20.46,50,OK,0.1
2026-02-15T14:42:09.608Z,0,20.43,50,OK,0.1
2026-02-15T14:42:09.658Z,0,20.39,50,OK,0.1
2026-02-15T14:42:09.708Z,0,20.47,50,OK,0.1
2026-02-15T14:42:09.758Z,0,20.46,50,OK,0.1
2026-02-15T14:42:09.809Z,0,20.34,50,OK,0.1
2026-02-15T14:42:09.860Z,0,20.47,50,OK,0.1
2026-02-15T14:42:09.911Z,0,20.36,50,OK,0.1
2026-02-15T14:42:09.961Z,0,20.29,50,OK,0.1
2026-02-15T14:42:10.011Z,0,20.40,50,OK,0.1
2026-02-15T14:42:10.061Z,0,20.51,50,OK,0.1
2026-02-15T14:42:10.112Z,0,20.38,50,OK,0.1
2026-02-15T14:42:10.163Z,0,20.47,50,OK,0.1
2026-02-15T14:42:10.212Z,0,20.55,50,OK,0.1
2026-02-15T14:42:10.262Z,0,20.41,50,OK,0.1
2026-02-15T14:42:10.313Z,0,20.29,50,OK,0.1
2026-02-15T14:42:10.363Z,0,20.32,50,OK,0.1
2026-02-15T14:42:10.414Z,0,20.35,50,OK,0.1
2026-02-15T14:42:10.464Z,0,20.23,50,OK,0.1
2026-02-15T14:42:10.515Z,0,20.33,50,OK,0.1
2026-02-15T14:42:10.565Z,0,20.46,50,OK,0.1
2026-02-15T14:42:10.615Z,0,20.52,50,OK,0.1
2026-02-15T14:42:10.665Z,0,20.48,50,OK,0.1
2026-02-15T14:42:10.715Z,0,20.35,50,OK,0.1
2026-02-15T14:42:10.765Z,0,20.25,50,OK,0.1
2026-02-15T14:42:10.812Z,0,20.20,50,OK,0.1
2026-02-15T14:42:10.861Z,0,20.15,50,OK,0.1
2026-02-15T14:42:10.911Z,0,20.19,50,OK,0.1
2026-02-15T14:42:10.961Z,0,20.36,50,OK,0.1
2026-02-15T14:42:11.012Z,0,20.41,50,OK,0.1
2026-02-15T14:42:11.062Z,0,20.42,50,OK,0.1
2026-02-15T14:42:11.113Z,0,20.51,50,OK,0.1
2026-02-15T14:42:11.163Z,0,20.50,50,OK,0.1
2026-02-15T14:42:11.213Z,0,20.57,50,OK,0.1
2026-02-15T14:42:11.264Z,0,20.53,50,OK,0.1
2026-02-15T14:42:11.314Z,0,20.50,50,OK,0.1
2026-02-15T14:42:11.365Z,0,20.41,50,OK,0.1
2026-02-15T14:42:11.415Z,0,20.33,50,OK,0.1
2026-02-15T14:42:11.466Z,0,20.25,50,OK,0.1
2026-02-15T14:42:11.516Z,0,20.11,50,OK,0.1
2026-02-15T14:42:11.566Z,0,20.14,50,OK,0.1
2026-02-15T14:42:11.617Z,0,20.05,50,OK,0.1
2026-02-15T14:42:11.667Z,0,20.16,50,OK,0.1
2026-02-15T14:42:11.718Z,0,20.00,50,OK,0.1
2026-02-15T14:42:11.768Z,0,20.15,50,OK,0.1
2026-02-15T14:42:11.818Z,0,20.09,50,OK,0.1
2026-02-15T14:42:11.869Z,0,20.25,50,OK,0.1
2026-02-15T14:42:11.920Z,0,20.15,50,OK,0.1
2026-02-15T14:42:11.970Z,0,20.29,50,OK,0.1
2026-02-15T14:42:12.020Z,0,20.15,50,OK,0.1
2026-02-15T14:42:12.070Z,0,20.25,50,OK,0.1
2026-02-15T14:42:12.120Z,0,20.16,50,OK,0.1
2026-02-15T14:42:12.171Z,0,20.27,50,OK,0.1
2026-02-15T14:42:12.222Z,0,20.32,50,OK,0.1
2026-02-15T14:42:12.272Z,0,20.46,50,OK,0.1
2026-02-15T14:42:12.322Z,0,20.34,50,OK,0.1
2026-02-15T14:42:12.372Z,0,20.38,50,OK,0.1
2026-02-15T14:42:12.422Z,0,20.43,50,OK,0.1
2026-02-15T14:42:12.473Z,0,20.35,50,OK,0.1
2026-02-15T14:42:12.524Z,0,20.34,50,OK,0.1
2026-02-15T14:42:12.574Z,0,20.41,50,OK,0.1
2026-02-15T14:42:12.624Z,0,20.36,50,OK,0.1
2026-02-15T14:42:12.675Z,0,20.28,50,OK,0.1
2026-02-15T14:42:12.726Z,0,20.28,50,OK,0.1
2026-02-15T14:42:12.776Z,0,20.30,50,OK,0.1
2026-02-15T14:42:12.825Z,0,20.21,50,OK,0.1
2026-02-15T14:42:12.876Z,0,20.27,50,OK,0.1
2026-02-15T14:42:12.926Z,0,20.35,50,OK,0.1
2026-02-15T14:42:12.977Z,0,20.40,50,OK,0.1
2026-02-15T14:42:13.028Z,0,20.48,50,OK,0.1
2026-02-15T14:42:13.079Z,0,20.56,50,OK,0.1
2026-02-15T14:42:13.129Z,0,20.59,50,OK,0.1
2026-02-15T14:42:13.179Z,0,20.49,50,OK,0.1
2026-02-15T14:42:13.230Z,0,20.49,50,OK,0.1
2026-02-15T14:42:13.280Z,0,20.39,50,OK,0.1
2026-02-15T14:42:13.329Z,0,20.35,50,OK,0.1
2026-02-15T14:42:13.379Z,0,20.35,50,OK,0.1
2026-02-15T14:42:13.429Z,0,20.41,50,OK,0.1
2026-02-15T14:42:13.480Z,0,20.36,50,OK,0.1
2026-02-15T14:42:13.530Z,0,20.47,50,OK,0.1
2026-02-15T14:42:13.580Z,0,20.54,50,OK,0.1
2026-02-15T14:42:13.631Z,0,20.46,50,OK,0.1
2026-02-15T14:42:13.681Z,0,20.42,50,OK,0.1
2026-02-15T14:42:13.732Z,0,20.40,50,OK,0.1
2026-02-15T14:42:13.782Z,0,20.27,50,OK,0.1
2026-02-15T14:42:13.832Z,0,20.26,50,OK,0.1
2026-02-15T14:42:13.882Z,0,20.29,50,OK,0.1
2026-02-15T14:42:13.932Z,0,20.30,50,OK,0.1
2026-02-15T14:42:13.982Z,0,20.31,50,OK,0.1
2026-02-15T14:42:14.032Z,0,20.36,50,OK,0.1
2026-02-15T14:42:14.082Z,0,20.38,50,OK,0.1
2026-02-15T14:42:14.133Z,0,20.36,50,OK,0.1
2026-02-15T14:42:14.184Z,0,20.35,50,OK,0.1
2026-02-15T14:42:14.234Z,0,20.36,50,OK,0.1
2026-02-15T14:42:14.285Z,0,20.33,50,OK,0.1
2026-02-15T14:42:14.336Z,0,20.27,50,OK,0.1
2026-02-15T14:42:14.386Z,0,20.30,50,OK,0.1
2026-02-15T14:42:14.436Z,0,20.32,50,OK,0.1
2026-02-15T14:42:14.487Z,0,20.22,50,OK,0.1
2026-02-15T14:42:14.537Z,0,20.27,50,OK,0.1
2026-02-15T14:42:14.586Z,0,20.33,50,OK,0.1
2026-02-15T14:42:14.636Z,0,20.29,50,OK,0.1
2026-02-15T14:42:14.686Z,0,20.24,50,OK,0.1
2026-02-15T14:42:14.736Z,0,20.34,50,OK,0.1
2026-02-15T14:42:14.786Z,0,20.31,50,OK,0.1
2026-02-15T14:42:14.836Z,0,20.23,50,OK,0.1
2026-02-15T14:42:14.887Z,0,20.31,50,OK,0.1
2026-02-15T14:42:14.938Z,0,20.35,50,OK,0.1
2026-02-15T14:42:14.988Z,0,20.36,50,OK,0.1
2026-02-15T14:42:15.038Z,0,20.41,50,OK,0.1
2026-02-15T14:42:15.088Z,0,20.51,50,OK,0.1
2026-02-15T14:42:15.138Z,0,20.44,50,OK,0.1
2026-02-15T14:42:15.189Z,0,20.41,50,OK,0.1
2026-02-15T14:42:15.240Z,0,20.41,50,OK,0.1
2026-02-15T14:42:15.290Z,0,20.35,50,OK,0.1
2026-02-15T14:42:15.339Z,0,20.30,50,OK,0.1
2026-02-15T14:42:15.389Z,0,20.30,50,OK,0.1
2026-02-15T14:42:15.440Z,0,20.30,50,OK,0.1
2026-02-15T14:42:15.490Z,0,20.26,50,OK,0.1
2026-02-15T14:42:15.539Z,0,20.28,50,OK,0.1
2026-02-15T14:42:15.590Z,0,20.32,50,OK,0.1
2026-02-15T14:42:15.641Z,0,20.34,50,OK,0.1
2026-02-15T14:42:15.691Z,0,20.34,50,OK,0.1
2026-02-15T14:42:15.741Z,0,20.38,50,OK,0.1
2026-02-15T14:42:15.792Z,0,20.49,50,OK,0.1
2026-02-15T14:42:15.843Z,0,20.45,50,OK,0.1
2026-02-15T14:42:15.892Z,0,20.41,50,OK,0.1
2026-02-15T14:42:15.943Z,0,20.38,50,OK,0.1
2026-02-15T14:42:15.993Z,0,20.34,50,OK,0.1
2026-02-15T14:42:16.044Z,0,20.20,50,OK,0.1
2026-02-15T14:42:16.094Z,0,20.20,50,OK,0.1
2026-02-15T14:42:16.144Z,0,20.21,50,OK,0.1
2026-02-15T14:42:16.194Z,0,20.23,50,OK,0.1
2026-02-15T14:42:16.244Z,0,20.23,50,OK,0.1
2026-02-15T14:42:16.295Z,0,20.24,50,OK,0.1
2026-02-15T14:42:16.345Z,0,20.23,50,OK,0.1
2026-02-15T14:42:16.395Z,0,20.26,50,OK,0.1
2026-02-15T14:42:16.445Z,0,20.32,50,OK,0.1
2026-02-15T14:42:16.496Z,0,20.34,50,OK,0.1
2026-02-15T14:42:16.545Z,0,20.40,50,OK,0.1
2026-02-15T14:42:16.595Z,0,20.41,50,OK,0.1
2026-02-15T14:42:16.646Z,0,20.39,50,OK,0.1
2026-02-15T14:42:16.697Z,0,20.34,50,OK,0.1
2026-02-15T14:42:16.746Z,0,20.33,50,OK,0.1
2026-02-15T14:42:16.796Z,0,20.27,50,OK,0.1
2026-02-15T14:42:16.847Z,0,20.27,50,OK,0.1
2026-02-15T14:42:16.897Z,0,20.29,50,OK,0.1
2026-02-15T14:42:16.947Z,0,20.34,50,OK,0.1
2026-02-15T14:42:16.997Z,0,20.34,50,OK,0.1
2026-02-15T14:42:17.048Z,0,20.28,50,OK,0.1
2026-02-15T14:42:17.098Z,0,20.27,50,OK,0.1
2026-02-15T14:42:17.149Z,0,20.30,50,OK,0.1
2026-02-15T14:42:17.199Z,0,20.27,50,OK,0.1
2026-02-15T14:42:17.250Z,0,20.20,50,OK,0.1
2026-02-15T14:42:17.301Z,0,20.28,50,OK,0.1
2026-02-15T14:42:17.350Z,0,20.25,50,OK,0.1
2026-02-15T14:42:17.401Z,0,20.20,50,OK,0.1
2026-02-15T14:42:17.450Z,0,20.09,50,OK,0.1
2026-02-15T14:42:17.500Z,0,20.19,50,OK,0.1
2026-02-15T14:42:17.551Z,0,20.18,50,OK,0.1
2026-02-15T14:42:17.602Z,0,20.23,50,OK,0.1
2026-02-15T14:42:17.652Z,0,20.21,50,OK,0.1
2026-02-15T14:42:17.703Z,0,20.31,50,OK,0.1
2026-02-15T14:42:17.753Z,0,20.28,50,OK,0.1
2026-02-15T14:42:17.803Z,0,20.29,50,OK,0.1
2026-02-15T14:42:17.854Z,0,20.30,50,OK,0.1
2026-02-15T14:42:17.903Z,0,20.38,50,OK,0.1
2026-02-15T14:42:17.954Z,0,20.38,50,OK,0.1
2026-02-15T14:42:18.005Z,0,20.37,50,OK,0.1
2026-02-15T14:42:18.055Z,0,20.35,50,OK,0.1
2026-02-15T14:42:18.106Z,0,20.34,50,OK,0.1
2026-02-15T14:42:18.157Z,0,20.30,50,OK,0.1
2026-02-15T14:42:18.208Z,0,20.30,50,OK,0.1
2026-02-15T14:42:18.257Z,0,20.33,50,OK,0.1
2026-02-15T14:42:18.308Z,0,20.35,50,OK,0.1
2026-02-15T14:42:18.358Z,0,20.36,50,OK,0.1
2026-02-15T14:42:18.408Z,0,20.35,50,OK,0.1
2026-02-15T14:42:18.458Z,0,20.35,50,OK,0.1
2026-02-15T14:42:18.509Z,0,20.30,50,OK,0.1
2026-02-15T14:42:18.560Z,0,20.28,50,OK,0.1
2026-02-15T14:42:18.611Z,0,20.30,50,OK,0.1
2026-02-15T14:42:18.661Z,0,20.31,50,OK,0.1
2026-02-15T14:42:18.712Z,0,20.33,50,OK,0.1
2026-02-15T14:42:18.763Z,0,20.36,50,OK,0.1
2026-02-15T14:42:18.813Z,0,20.27,50,OK,0.1
2026-02-15T14:42:18.863Z,0,20.23,50,OK,0.1
2026-02-15T14:42:18.913Z,0,20.18,50,OK,0.1
2026-02-15T14:42:18.964Z,0,20.15,50,OK,0.1
2026-02-15T14:42:19.014Z,0,20.13,50,OK,0.1
2026-02-15T14:42:19.065Z,0,20.26,50,OK,0.1
2026-02-15T14:42:19.115Z,0,20.30,50,OK,0.1
2026-02-15T14:42:19.165Z,0,20.34,50,OK,0.1
2026-02-15T14:42:19.216Z,0,20.36,50,OK,0.1
2026-02-15T14:42:19.266Z,0,20.38,50,OK,0.1
2026-02-15T14:42:19.316Z,0,20.36,50,OK,0.1
2026-02-15T14:42:19.365Z,0,20.34,50,OK,0.1
2026-02-15T14:42:19.416Z,0,20.37,50,OK,0.1
2026-02-15T14:42:19.466Z,0,20.35,50,OK,0.1
2026-02-15T14:42:19.517Z,0,20.42,50,OK,0.1
2026-02-15T14:42:19.568Z,0,20.46,50,OK,0.1
2026-02-15T14:42:19.618Z,0,20.40,50,OK,0.1
2026-02-15T14:42:19.668Z,0,20.38,50,OK,0.1
2026-02-15T14:42:19.718Z,0,20.36,50,OK,0.1
2026-02-15T14:42:19.769Z,0,20.30,50,OK,0.1
2026-02-15T14:42:19.820Z,0,20.26,50,OK,0.1
2026-02-15T14:42:19.871Z,0,20.32,50,OK,0.1
2026-02-15T14:42:19.922Z,0,20.27,50,OK,0.1
2026-02-15T14:42:19.973Z,0,20.30,50,OK,0.1
2026-02-15T14:42:20.023Z,0,20.35,50,OK,0.1
2026-02-15T14:42:20.074Z,0,20.58,50,OK,0.1
2026-02-15T14:42:20.125Z,0,20.52,50,OK,0.1
2026-02-15T14:42:20.174Z,0,20.57,50,OK,0.1
2026-02-15T14:42:20.225Z,0,20.58,50,OK,0.1
2026-02-15T14:42:20.275Z,0,20.51,50,OK,0.1
2026-02-15T14:42:20.326Z,0,20.25,50,OK,0.1
2026-02-15T14:42:20.375Z,0,20.30,50,OK,0.1
2026-02-15T14:42:20.426Z,0,20.27,50,OK,0.1
2026-02-15T14:42:20.476Z,0,20.28,50,OK,0.1
2026-02-15T14:42:20.527Z,0,20.25,50,OK,0.1
2026-02-15T14:42:20.576Z,0,20.33,50,OK,0.1
2026-02-15T14:42:20.627Z,0,20.32,50,OK,0.1
2026-02-15T14:42:20.677Z,0,20.38,50,OK,0.1
2026-02-15T14:42:20.726Z,0,20.39,50,OK,0.1
2026-02-15T14:42:20.777Z,0,20.44,50,OK,0.1
2026-02-15T14:42:20.828Z,0,20.38,50,OK,0.1
2026-02-15T14:42:20.878Z,0,20.41,50,OK,0.1
2026-02-15T14:42:20.929Z,0,20.35,50,OK,0.1
2026-02-15T14:42:20.979Z,0,20.32,50,OK,0.1
2026-02-15T14:42:21.029Z,0,20.36,50,OK,0.1
2026-02-15T14:42:21.080Z,0,20.39,50,OK,0.1
2026-02-15T14:42:21.129Z,0,20.41,50,OK,0.1
2026-02-15T14:42:21.180Z,0,20.44,50,OK,0.1
2026-02-15T14:42:21.231Z,0,20.46,50,OK,0.1
2026-02-15T14:42:21.282Z,0,20.47,50,OK,0.1
2026-02-15T14:42:21.332Z,0,20.44,50,OK,0.1
2026-02-15T14:42:21.382Z,0,20.38,50,OK,0.1
2026-02-15T14:42:21.433Z,0,20.36,50,OK,0.1
2026-02-15T14:42:21.483Z,0,20.31,50,OK,0.1
2026-02-15T14:42:21.533Z,0,20.25,50,OK,0.1
2026-02-15T14:42:21.584Z,0,20.25,50,OK,0.1
2026-02-15T14:42:21.633Z,0,20.20,50,OK,0.1
2026-02-15T14:42:21.684Z,0,20.22,50,OK,0.1
2026-02-15T14:42:21.733Z,0,20.19,50,OK,0.1
2026-02-15T14:42:21.784Z,0,20.24,50,OK,0.1
2026-02-15T14:42:21.835Z,0,20.20,50,OK,0.1
2026-02-15T14:42:21.886Z,0,20.30,50,OK,0.1
2026-02-15T14:42:21.937Z,0,20.32,50,OK,0.1
2026-02-15T14:42:21.987Z,0,20.44,50,OK,0.1
2026-02-15T14:42:22.036Z,0,20.48,50,OK,0.1
2026-02-15T14:42:22.087Z,0,20.51,50,OK,0.1
2026-02-15T14:42:22.138Z,0,20.47,50,OK,0.1
2026-02-15T14:42:22.188Z,0,20.39,50,OK,0.1
2026-02-15T14:42:22.239Z,0,20.35,50,OK,0.1
2026-02-15T14:42:22.288Z,0,20.28,50,OK,0.1
2026-02-15T14:42:22.339Z,0,20.35,50,OK,0.1
2026-02-15T14:42:22.389Z,0,20.37,50,OK,0.1
2026-02-15T14:42:22.440Z,0,20.45,50,OK,0.1
2026-02-15T14:42:22.489Z,0,20.46,50,OK,0.1
2026-02-15T14:42:22.540Z,0,20.45,50,OK,0.1
2026-02-15T14:42:22.590Z,0,20.40,50,OK,0.1
2026-02-15T14:42:22.641Z,0,20.42,50,OK,0.1
2026-02-15T14:42:22.691Z,0,20.38,50,OK,0.1
2026-02-15T14:42:22.741Z,0,20.29,50,OK,0.1
2026-02-15T14:42:22.791Z,0,20.30,50,OK,0.1
2026-02-15T14:42:22.841Z,0,20.39,50,OK,0.1
2026-02-15T14:42:22.890Z,0,20.38,50,OK,0.1
2026-02-15T14:42:22.940Z,0,20.48,50,OK,0.1
2026-02-15T14:42:22.991Z,0,20.55,50,OK,0.1
2026-02-15T14:42:23.040Z,0,20.51,50,OK,0.1
2026-02-15T14:42:23.091Z,0,20.43,50,OK,0.1
2026-02-15T14:42:23.142Z,0,20.39,50,OK,0.1
2026-02-15T14:42:23.192Z,0,20.29,50,OK,0.1
2026-02-15T14:42:23.242Z,0,20.29,50,OK,0.1
2026-02-15T14:42:23.293Z,0,20.44,50,OK,0.1
2026-02-15T14:42:23.343Z,0,20.43,50,OK,0.1
2026-02-15T14:42:23.393Z,0,20.45,50,OK,0.1
2026-02-15T14:42:23.444Z,0,20.47,50,OK,0.1
2026-02-15T14:42:23.494Z,0,20.46,50,OK,0.1
2026-02-15T14:42:23.545Z,0,20.32,50,OK,0.1
2026-02-15T14:42:23.594Z,0,20.29,50,OK,0.1
2026-02-15T14:42:23.645Z,0,20.33,50,OK,0.1
2026-02-15T14:42:23.695Z,0,20.29,50,OK,0.1
2026-02-15T14:42:23.745Z,0,20.25,50,OK,0.1
2026-02-15T14:42:23.796Z,0,20.30,50,OK,0.1
2026-02-15T14:42:23.846Z,0,20.26,50,OK,0.1
2026-02-15T14:42:23.897Z,0,20.25,50,OK,0.1
2026-02-15T14:42:23.946Z,0,20.25,50,OK,0.1
2026-02-15T14:42:23.997Z,0,20.34,50,OK,0.1
2026-02-15T14:42:24.047Z,0,20.31,50,OK,0.1
2026-02-15T14:42:24.098Z,0,20.36,50,OK,0.1
2026-02-15T14:42:24.147Z,0,20.17,50,OK,0.1
2026-02-15T14:42:24.198Z,0,20.21,50,OK,0.1
2026-02-15T14:42:24.249Z,0,20.12,50,OK,0.1
2026-02-15T14:42:24.300Z,0,20.16,50,OK,0.1
2026-02-15T14:42:24.350Z,0,20.07,50,OK,0.1
2026-02-15T14:42:24.401Z,0,20.24,50,OK,0.1
2026-02-15T14:42:24.450Z,0,20.13,50,OK,0.1
2026-02-15T14:42:24.501Z,0,20.14,50,OK,0.1
2026-02-15T14:42:24.551Z,0,20.07,50,OK,0.1
2026-02-15T14:42:24.601Z,0,20.19,50,OK,0.1
2026-02-15T14:42:24.652Z,0,20.16,50,OK,0.1
2026-02-15T14:42:24.703Z,0,20.22,50,OK,0.1
2026-02-15T14:42:24.754Z,0,20.28,50,OK,0.1
2026-02-15T14:42:24.805Z,0,20.32,50,OK,0.1
2026-02-15T14:42:24.856Z,0,20.33,50,OK,0.1
2026-02-15T14:42:24.907Z,0,20.36,50,OK,0.1
2026-02-15T14:42:24.958Z,0,20.34,50,OK,0.1
2026-02-15T14:42:25.009Z,0,20.28,50,OK,0.1
2026-02-15T14:42:25.059Z,0,20.22,50,OK,0.1
2026-02-15T14:42:25.109Z,0,20.19,50,OK,0.1
2026-02-15T14:42:25.159Z,0,20.14,50,OK,0.1
2026-02-15T14:42:25.209Z,0,20.18,50,OK,0.1
2026-02-15T14:42:25.259Z,0,20.29,50,OK,0.1
2026-02-15T14:42:25.309Z,0,20.34,50,OK,0.1
2026-02-15T14:42:25.360Z,0,20.39,50,OK,0.1
2026-02-15T14:42:25.409Z,0,20.48,50,OK,0.1
2026-02-15T14:42:25.460Z,0,20.43,50,OK,0.1
2026-02-15T14:42:25.510Z,0,20.32,50,OK,0.1
2026-02-15T14:42:25.561Z,0,20.37,50,OK,0.1
2026-02-15T14:42:25.611Z,0,20.36,50,OK,0.1
2026-02-15T14:42:25.661Z,0,20.45,50,OK,0.1
2026-02-15T14:42:25.712Z,0,20.46,50,OK,0.1
2026-02-15T14:42:25.763Z,0,20.51,50,OK,0.1
2026-02-15T14:42:25.814Z,0,20.54,50,OK,0.1
2026-02-15T14:42:25.864Z,0,20.55,50,OK,0.1
2026-02-15T14:42:25.914Z,0,20.44,50,OK,0.1
2026-02-15T14:42:25.965Z,0,20.54,50,OK,0.1
2026-02-15T14:42:26.016Z,0,20.49,50,OK,0.1
2026-02-15T14:42:26.065Z,0,20.26,50,OK,0.1
2026-02-15T14:42:26.115Z,0,20.26,50,OK,0.1
2026-02-15T14:42:26.166Z,0,20.31,50,OK,0.1
2026-02-15T14:42:26.217Z,0,20.22,50,OK,0.1
2026-02-15T14:42:26.266Z,0,20.29,50,OK,0.1
2026-02-15T14:42:26.316Z,0,20.45,50,OK,0.1
2026-02-15T14:42:26.367Z,0,20.33,50,OK,0.1
2026-02-15T14:42:26.417Z,0,20.31,50,OK,0.1
2026-02-15T14:42:26.468Z,0,20.26,50,OK,0.1
2026-02-15T14:42:26.519Z,0,20.21,50,OK,0.1
2026-02-15T14:42:26.570Z,0,20.16,50,OK,0.1
2026-02-15T14:42:26.621Z,0,20.23,50,OK,0.1
2026-02-15T14:42:26.671Z,0,20.13,50,OK,0.1
2026-02-15T14:42:26.722Z,0,20.21,50,OK,0.1
2026-02-15T14:42:26.773Z,0,20.29,50,OK,0.1
2026-02-15T14:42:26.824Z,0,20.33,50,OK,0.1
2026-02-15T14:42:26.875Z,0,20.22,50,OK,0.1
2026-02-15T14:42:26.925Z,0,20.27,50,OK,0.1
2026-02-15T14:42:26.975Z,0,20.32,50,OK,0.1
2026-02-15T14:42:27.025Z,0,20.21,50,OK,0.1
2026-02-15T14:42:27.075Z,0,20.29,50,OK,0.1
2026-02-15T14:42:27.126Z,0,20.40,50,OK,0.1
2026-02-15T14:42:27.176Z,0,20.46,50,OK,0.1
2026-02-15T14:42:27.227Z,0,20.39,50,OK,0.1
2026-02-15T14:42:27.276Z,0,20.25,50,OK,0.1
2026-02-15T14:42:27.326Z,0,20.17,50,OK,0.1
2026-02-15T14:42:27.377Z,0,20.24,50,OK,0.1
2026-02-15T14:42:27.428Z,0,20.09,50,OK,0.1
2026-02-15T14:42:27.477Z,0,20.15,50,OK,0.1
2026-02-15T14:42:27.528Z,0,20.33,50,OK,0.1
2026-02-15T14:42:27.578Z,0,20.38,50,OK,0.1
2026-02-15T14:42:27.629Z,0,20.32,50,OK,0.1
2026-02-15T14:42:27.679Z,0,20.42,50,OK,0.1
2026-02-15T14:42:27.729Z,0,20.36,50,OK,0.1
2026-02-15T14:42:27.779Z,0,20.28,50,OK,0.1
2026-02-15T14:42:27.829Z,0,20.23,50,OK,0.1
2026-02-15T14:42:27.879Z,0,20.31,50,OK,0.1
2026-02-15T14:42:27.929Z,0,20.31,50,OK,0.1
2026-02-15T14:42:27.979Z,0,20.24,50,OK,0.1
2026-02-15T14:42:28.029Z,0,20.29,50,OK,0.1
2026-02-15T14:42:28.080Z,0,20.24,50,OK,0.1
2026-02-15T14:42:28.129Z,0,20.14,50,OK,0.1
2026-02-15T14:42:28.180Z,0,20.14,50,OK,0.1
2026-02-15T14:42:28.230Z,0,20.20,50,OK,0.1
2026-02-15T14:42:28.280Z,0,20.25,50,OK,0.1
2026-02-15T14:42:28.330Z,0,20.51,50,OK,0.1
2026-02-15T14:42:28.381Z,0,20.57,50,OK,0.1
2026-02-15T14:42:28.431Z,0,20.58,50,OK,0.1
2026-02-15T14:42:28.480Z,0,20.43,50,OK,0.1
2026-02-15T14:42:28.531Z,0,19.96,50,OK,0.1
2026-02-15T14:42:28.582Z,0,19.82,50,OK,0.1
2026-02-15T14:42:28.632Z,0,19.78,50,OK,0.1
2026-02-15T14:42:28.683Z,0,19.64,50,OK,0.1
2026-02-15T14:42:28.732Z,0,19.83,50,OK,0.1
2026-02-15T14:42:28.783Z,0,20.37,50,OK,0.1
2026-02-15T14:42:28.834Z,0,20.32,50,OK,0.1
2026-02-15T14:42:28.884Z,0,20.22,50,OK,0.1
2026-02-15T14:42:28.934Z,0,20.37,50,OK,0.1
2026-02-15T14:42:28.984Z,0,20.46,50,OK,0.1
2026-02-15T14:42:29.035Z,0,20.37,50,OK,0.1
2026-02-15T14:42:29.085Z,0,20.44,50,OK,0.1
2026-02-15T14:42:29.136Z,0,20.60,50,OK,0.1
2026-02-15T14:42:29.186Z,0,20.60,50,OK,0.1
2026-02-15T14:42:29.237Z,0,20.48,50,OK,0.1
2026-02-15T14:42:29.287Z,0,20.47,50,OK,0.1
2026-02-15T14:42:29.336Z,0,20.38,50,OK,0.1
2026-02-15T14:42:29.387Z,0,20.36,50,OK,0.1
2026-02-15T14:42:29.437Z,0,20.34,50,OK,0.1
2026-02-15T14:42:29.487Z,0,20.45,50,OK,0.1
2026-02-15T14:42:29.538Z,0,20.48,50,OK,0.1
2026-02-15T14:42:29.588Z,0,20.47,50,OK,0.1
2026-02-15T14:42:29.638Z,0,20.44,50,OK,0.1
2026-02-15T14:42:29.689Z,0,20.47,50,OK,0.1
2026-02-15T14:42:29.738Z,0,20.37,50,OK,0.1
2026-02-15T14:42:29.789Z,0,20.39,50,OK,0.1
2026-02-15T14:42:29.839Z,0,20.43,50,OK,0.1
2026-02-15T14:42:29.889Z,0,20.59,50,OK,0.1
2026-02-15T14:42:29.939Z,0,20.43,50,OK,0.1
2026-02-15T14:42:29.990Z,0,20.39,50,OK,0.1
2026-02-15T14:42:30.040Z,0,20.39,50,OK,0.1
2026-02-15T14:42:30.090Z,0,20.37,50,OK,0.1
2026-02-15T14:42:30.141Z,0,20.17,50,OK,0.1
2026-02-15T14:42:30.191Z,0,20.30,50,OK,0.1
2026-02-15T14:42:30.241Z,0,20.32,50,OK,0.1
2026-02-15T14:42:30.292Z,0,20.16,50,OK,0.1
2026-02-15T14:42:30.342Z,0,20.23,50,OK,0.1
2026-02-15T14:42:30.392Z,0,20.39,50,OK,0.1
2026-02-15T14:42:30.442Z,0,20.38,50,OK,0.1
2026-02-15T14:42:30.491Z,0,20.44,50,OK,0.1
2026-02-15T14:42:30.542Z,0,20.54,50,OK,0.1
2026-02-15T14:42:30.592Z,0,20.30,50,OK,0.1
2026-02-15T14:42:30.643Z,0,20.20,50,OK,0.1
2026-02-15T14:42:30.694Z,0,20.24,50,OK,0.1
2026-02-15T14:42:30.744Z,0,20.12,50,OK,0.1
2026-02-15T14:42:30.794Z,0,20.13,50,OK,0.1
2026-02-15T14:42:30.845Z,0,20.31,50,OK,0.1
2026-02-15T14:42:30.896Z,0,20.26,50,OK,0.1
2026-02-15T14:42:30.946Z,0,20.24,50,OK,0.1
2026-02-15T14:42:30.996Z,0,20.33,50,OK,0.1
2026-02-15T14:42:31.046Z,0,20.36,50,OK,0.1
2026-02-15T14:42:31.097Z,0,20.31,50,OK,0.1
2026-02-15T14:42:31.147Z,0,20.37,50,OK,0.1
2026-02-15T14:42:31.197Z,0,20.30,50,OK,0.1
2026-02-15T14:42:31.248Z,0,20.31,50,OK,0.1
2026-02-15T14:42:31.297Z,0,20.33,50,OK,0.1
2026-02-15T14:42:31.348Z,0,20.35,50,OK,0.1
2026-02-15T14:42:31.398Z,0,20.37,50,OK,0.1
2026-02-15T14:42:31.449Z,0,20.44,50,OK,0.1
2026-02-15T14:42:31.499Z,0,20.45,50,OK,0.1
2026-02-15T14:42:31.549Z,0,20.41,50,OK,0.1
2026-02-15T14:42:31.600Z,0,20.47,50,OK,0.1
2026-02-15T14:42:31.650Z,0,20.44,50,OK,0.1
2026-02-15T14:42:31.701Z,0,20.48,50,OK,0.1
2026-02-15T14:42:31.751Z,0,20.44,50,OK,0.1
2026-02-15T14:42:31.801Z,0,20.50,50,OK,0.1
2026-02-15T14:42:31.852Z,0,20.48,50,OK,0.1
2026-02-15T14:42:31.903Z,0,20.45,50,OK,0.1
2026-02-15T14:42:31.954Z,0,20.40,50,OK,0.1
2026-02-15T14:42:32.004Z,0,20.42,50,OK,0.1
2026-02-15T14:42:32.055Z,0,20.38,50,OK,0.1
2026-02-15T14:42:32.106Z,0,20.38,50,OK,0.1
2026-02-15T14:42:32.155Z,0,20.36,50,OK,0.1
2026-02-15T14:42:32.205Z,0,20.40,50,OK,0.1
2026-02-15T14:42:32.256Z,0,20.37,50,OK,0.1
2026-02-15T14:42:32.307Z,0,20.35,50,OK,0.1
2026-02-15T14:42:32.356Z,0,20.30,50,OK,0.1
2026-02-15T14:42:32.407Z,0,20.32,50,OK,0.1
2026-02-15T14:42:32.458Z,0,20.24,50,OK,0.1
2026-02-15T14:42:32.508Z,0,20.28,50,OK,0.1
2026-02-15T14:42:32.558Z,0,20.24,50,OK,0.1
2026-02-15T14:42:32.609Z,0,20.26,50,OK,0.1
2026-02-15T14:42:32.660Z,0,20.19,50,OK,0.1
2026-02-15T14:42:32.710Z,0,20.26,50,OK,0.1
2026-02-15T14:42:32.761Z,0,20.25,50,OK,0.1
2026-02-15T14:42:32.811Z,0,20.34,50,OK,0.1
2026-02-15T14:42:32.862Z,0,20.37,50,OK,0.1
2026-02-15T14:42:32.912Z,0,20.45,50,OK,0.1
2026-02-15T14:42:32.963Z,0,20.43,50,OK,0.1
2026-02-15T14:42:33.013Z,0,20.40,50,OK,0.1
2026-02-15T14:42:33.063Z,0,20.39,50,OK,0.1
2026-02-15T14:42:33.113Z,0,20.36,50,OK,0.1
2026-02-15T14:42:33.164Z,0,20.32,50,OK,0.1
2026-02-15T14:42:33.213Z,0,20.30,50,OK,0.1
2026-02-15T14:42:33.264Z,0,20.29,50,OK,0.1
2026-02-15T14:42:33.314Z,0,20.26,50,OK,0.1
2026-02-15T14:42:33.365Z,0,20.27,50,OK,0.1
2026-02-15T14:42:33.414Z,0,20.33,50,OK,0.1
2026-02-15T14:42:33.464Z,0,20.36,50,OK,0.1
2026-02-15T14:42:33.515Z,0,20.37,50,OK,0.1
2026-02-15T14:42:33.566Z,0,20.42,50,OK,0.1
2026-02-15T14:42:33.617Z,0,20.42,50,OK,0.1
2026-02-15T14:42:33.667Z,0,20.41,50,OK,0.1
2026-02-15T14:42:33.718Z,0,20.50,50,OK,0.1
2026-02-15T14:42:33.769Z,0,20.50,50,OK,0.1
2026-02-15T14:42:33.820Z,0,20.47,50,OK,0.1
2026-02-15T14:42:33.870Z,0,20.46,50,OK,0.1
2026-02-15T14:42:33.920Z,0,20.45,50,OK,0.1
2026-02-15T14:42:33.971Z,0,20.36,50,OK,0.1
2026-02-15T14:42:34.021Z,0,20.35,50,OK,0.1
2026-02-15T14:42:34.071Z,0,20.38,50,OK,0.1
2026-02-15T14:42:34.121Z,0,20.41,50,OK,0.1
2026-02-15T14:42:34.171Z,0,20.41,50,OK,0.1
2026-02-15T14:42:34.221Z,0,20.41,50,OK,0.1
2026-02-15T14:42:34.272Z,0,20.42,50,OK,0.1
2026-02-15T14:42:34.322Z,0,20.36,50,OK,0.1
2026-02-15T14:42:34.372Z,0,20.36,50,OK,0.1
2026-02-15T14:42:34.421Z,0,20.34,50,OK,0.1
2026-02-15T14:42:34.472Z,0,20.36,50,OK,0.1
2026-02-15T14:42:34.522Z,0,20.33,50,OK,0.1
2026-02-15T14:42:34.573Z,0,20.39,50,OK,0.1
2026-02-15T14:42:34.624Z,0,20.35,50,OK,0.1
2026-02-15T14:42:34.675Z,0,20.42,50,OK,0.1
2026-02-15T14:42:34.725Z,0,20.38,50,OK,0.1
2026-02-15T14:42:34.775Z,0,20.48,50,OK,0.1
2026-02-15T14:42:34.826Z,0,20.44,50,OK,0.1
2026-02-15T14:42:34.877Z,0,20.38,50,OK,0.1
2026-02-15T14:42:34.927Z,0,20.32,50,OK,0.1
2026-02-15T14:42:34.978Z,0,20.42,50,OK,0.1
2026-02-15T14:42:35.027Z,0,20.33,50,OK,0.1
2026-02-15T14:42:35.078Z,0,20.38,50,OK,0.1
2026-02-15T14:42:35.128Z,0,20.47,50,OK,0.1
2026-02-15T14:42:35.178Z,0,20.52,50,OK,0.1
2026-02-15T14:42:35.228Z,0,20.45,50,OK,0.1
2026-02-15T14:42:35.278Z,0,20.47,50,OK,0.1
2026-02-15T14:42:35.328Z,0,20.47,50,OK,0.1
2026-02-15T14:42:35.379Z,0,20.44,50,OK,0.1
2026-02-15T14:42:35.430Z,0,20.39,50,OK,0.1
2026-02-15T14:42:35.481Z,0,20.40,50,OK,0.1
2026-02-15T14:42:35.531Z,0,20.39,50,OK,0.1
2026-02-15T14:42:35.582Z,0,20.13,50,OK,0.1
2026-02-15T14:42:35.632Z,0,20.13,50,OK,0.1
2026-02-15T14:42:35.682Z,0,20.25,50,OK,0.1
2026-02-15T14:42:35.733Z,0,20.24,50,OK,0.1
2026-02-15T14:42:35.784Z,0,20.15,50,OK,0.1
2026-02-15T14:42:35.834Z,0,20.38,50,OK,0.1
2026-02-15T14:42:35.885Z,0,20.42,50,OK,0.1
2026-02-15T14:42:35.934Z,0,20.28,50,OK,0.1
2026-02-15T14:42:35.984Z,0,20.30,50,OK,0.1
2026-02-15T14:42:36.034Z,0,20.36,50,OK,0.1
2026-02-15T14:42:36.084Z,0,20.23,50,OK,0.1
2026-02-15T14:42:36.134Z,0,20.17,50,OK,0.1
2026-02-15T14:42:36.184Z,0,20.19,50,OK,0.1
2026-02-15T14:42:36.236Z,0,20.15,50,OK,0.1
2026-02-15T14:42:36.285Z,0,20.13,50,OK,0.1
2026-02-15T14:42:36.336Z,0,20.30,50,OK,0.1
2026-02-15T14:42:36.386Z,0,20.41,50,OK,0.1
2026-02-15T14:42:36.437Z,0,20.44,50,OK,0.1
2026-02-15T14:42:36.488Z,0,20.49,50,OK,0.1
2026-02-15T14:42:36.538Z,0,20.57,50,OK,0.1
2026-02-15T14:42:36.588Z,0,20.57,50,OK,0.1
2026-02-15T14:42:36.639Z,0,20.45,50,OK,0.1
2026-02-15T14:42:36.690Z,0,20.36,50,OK,0.1
2026-02-15T14:42:36.740Z,0,20.29,50,OK,0.1
2026-02-15T14:42:36.790Z,0,20.24,50,OK,0.1
2026-02-15T14:42:36.841Z,0,20.17,50,OK,0.1
2026-02-15T14:42:36.892Z,0,20.18,50,OK,0.1
2026-02-15T14:42:36.943Z,0,20.24,50,OK,0.1
2026-02-15T14:42:36.994Z,0,20.28,50,OK,0.1
2026-02-15T14:42:37.045Z,0,20.31,50,OK,0.1
2026-02-15T14:42:37.096Z,0,20.31,50,OK,0.1
2026-02-15T14:42:37.146Z,0,20.31,50,OK,0.1
2026-02-15T14:42:37.197Z,0,20.31,50,OK,0.1
2026-02-15T14:42:37.248Z,0,20.30,50,OK,0.1
2026-02-15T14:42:37.299Z,0,20.27,50,OK,0.1
2026-02-15T14:42:37.349Z,0,20.35,50,OK,0.1
2026-02-15T14:42:37.400Z,0,20.28,50,OK,0.1
2026-02-15T14:42:37.450Z,0,20.31,50,OK,0.1
2026-02-15T14:42:37.500Z,0,20.35,50,OK,0.1
2026-02-15T14:42:37.551Z,0,20.42,50,OK,0.1
2026-02-15T14:42:37.602Z,0,20.43,50,OK,0.1
2026-02-15T14:42:37.653Z,0,20.51,50,OK,0.1
2026-02-15T14:42:37.703Z,0,20.48,50,OK,0.1
2026-02-15T14:42:37.754Z,0,20.42,50,OK,0.1
2026-02-15T14:42:37.805Z,0,20.44,50,OK,0.1
2026-02-15T14:42:37.855Z,0,20.36,50,OK,0.1
2026-02-15T14:42:37.905Z,0,20.44,50,OK,0.1
2026-02-15T14:42:37.956Z,0,20.46,50,OK,0.1
2026-02-15T14:42:38.006Z,0,20.32,50,OK,0.1
2026-02-15T14:42:38.056Z,0,20.26,50,OK,0.1
2026-02-15T14:42:38.105Z,0,20.39,50,OK,0.1
2026-02-15T14:42:38.156Z,0,20.29,50,OK,0.1
2026-02-15T14:42:38.205Z,0,20.39,50,OK,0.1
2026-02-15T14:42:38.256Z,0,20.57,50,OK,0.1
2026-02-15T14:42:38.306Z,0,20.44,50,OK,0.1
2026-02-15T14:42:38.356Z,0,20.29,50,OK,0.1
2026-02-15T14:42:38.407Z,0,20.39,50,OK,0.1
2026-02-15T14:42:38.457Z,0,20.32,50,OK,0.1
2026-02-15T14:42:38.507Z,0,20.23,50,OK,0.1
2026-02-15T14:42:38.556Z,0,20.34,50,OK,0.1
2026-02-15T14:42:38.607Z,0,20.41,50,OK,0.1
2026-02-15T14:42:38.658Z,0,20.31,50,OK,0.1
2026-02-15T14:42:38.708Z,0,20.25,50,OK,0.1
2026-02-15T14:42:38.757Z,0,20.32,50,OK,0.1
2026-02-15T14:42:38.808Z,0,20.27,50,OK,0.1
2026-02-15T14:42:38.857Z,0,20.23,50,OK,0.1
2026-02-15T14:42:38.907Z,0,20.12,50,OK,0.1
2026-02-15T14:42:38.958Z,0,20.16,50,OK,0.1
2026-02-15T14:42:39.008Z,0,20.19,50,OK,0.1
2026-02-15T14:42:39.059Z,0,20.29,50,OK,0.1
2026-02-15T14:42:39.110Z,0,20.25,50,OK,0.1
2026-02-15T14:42:39.161Z,0,20.36,50,OK,0.1
2026-02-15T14:42:39.211Z,0,20.36,50,OK,0.1
2026-02-15T14:42:39.262Z,0,20.29,50,OK,0.1
2026-02-15T14:42:39.313Z,0,20.34,50,OK,0.1
2026-02-15T14:42:39.363Z,0,20.40,50,OK,0.1
2026-02-15T14:42:39.414Z,0,20.37,50,OK,0.1
2026-02-15T14:42:39.465Z,0,20.43,50,OK,0.1
2026-02-15T14:42:39.516Z,0,20.49,50,OK,0.1
2026-02-15T14:42:39.566Z,0,20.42,50,OK,0.1
2026-02-15T14:42:39.617Z,0,20.46,50,OK,0.1
2026-02-15T14:42:39.668Z,0,20.50,50,OK,0.1
2026-02-15T14:42:39.719Z,0,20.43,50,OK,0.1
2026-02-15T14:42:39.770Z,0,20.43,50,OK,0.1
2026-02-15T14:42:39.820Z,0,20.42,50,OK,0.1
2026-02-15T14:42:39.870Z,0,20.39,50,OK,0.1
2026-02-15T14:42:39.920Z,0,20.40,50,OK,0.1
2026-02-15T14:42:39.970Z,0,20.46,50,OK,0.1
2026-02-15T14:42:40.021Z,0,20.35,50,OK,0.1
2026-02-15T14:42:40.071Z,0,20.44,50,OK,0.1
2026-02-15T14:42:40.122Z,0,20.44,50,OK,0.1
2026-02-15T14:42:40.172Z,0,20.40,50,OK,0.1
2026-02-15T14:42:40.222Z,0,20.33,50,OK,0.1
2026-02-15T14:42:40.271Z,0,20.42,50,OK,0.1
2026-02-15T14:42:40.322Z,0,20.41,50,OK,0.1
2026-02-15T14:42:40.373Z,0,20.39,50,OK,0.1
2026-02-15T14:42:40.423Z,0,20.37,50,OK,0.1
2026-02-15T14:42:40.474Z,0,20.42,50,OK,0.1
2026-02-15T14:42:40.524Z,0,20.50,50,OK,0.1
2026-02-15T14:42:40.574Z,0,20.44,50,OK,0.1
2026-02-15T14:42:40.625Z,0,20.50,50,OK,0.1
2026-02-15T14:42:40.675Z,0,20.53,50,OK,0.1
2026-02-15T14:42:40.726Z,0,20.37,50,OK,0.1
2026-02-15T14:42:40.777Z,0,20.31,50,OK,0.1
2026-02-15T14:42:40.821Z,0,20.17,50,OK,0.1
2026-02-15T14:42:40.871Z,0,20.08,50,OK,0.1
2026-02-15T14:42:40.922Z,0,19.99,50,OK,0.1
2026-02-15T14:42:40.971Z,0,20.14,50,OK,0.1
2026-02-15T14:42:41.022Z,0,20.21,50,OK,0.1
2026-02-15T14:42:41.073Z,0,20.33,50,OK,0.1
2026-02-15T14:42:41.124Z,0,20.20,50,OK,0.1
2026-02-15T14:42:41.174Z,0,20.35,50,OK,0.1
2026-02-15T14:42:41.224Z,0,20.28,50,OK,0.1
2026-02-15T14:42:41.275Z,0,20.18,50,OK,0.1
2026-02-15T14:42:41.326Z,0,20.29,50,OK,0.1
2026-02-15T14:42:41.377Z,0,20.42,50,OK,0.1
2026-02-15T14:42:41.428Z,0,20.46,50,OK,0.1
2026-02-15T14:42:41.478Z,0,20.53,50,OK,0.1
2026-02-15T14:42:41.527Z,0,20.53,50,OK,0.1
2026-02-15T14:42:41.578Z,0,20.44,50,OK,0.1
2026-02-15T14:42:41.629Z,0,20.42,50,OK,0.1
2026-02-15T14:42:41.679Z,0,20.35,50,OK,0.1
2026-02-15T14:42:41.730Z,0,20.35,50,OK,0.1
2026-02-15T14:42:41.780Z,0,20.36,50,OK,0.1
2026-02-15T14:42:41.830Z,0,20.34,50,OK,0.1
2026-02-15T14:42:41.880Z,0,20.39,50,OK,0.1
2026-02-15T14:42:41.931Z,0,20.44,50,OK,0.1
2026-02-15T14:42:41.981Z,0,20.42,50,OK,0.1
2026-02-15T14:42:42.031Z,0,20.44,50,OK,0.1
2026-02-15T14:42:42.082Z,0,20.50,50,OK,0.1
2026-02-15T14:42:42.133Z,0,20.57,50,OK,0.1
2026-02-15T14:42:42.184Z,0,20.50,50,OK,0.1
2026-02-15T14:42:42.235Z,0,20.46,50,OK,0.1
2026-02-15T14:42:42.286Z,0,20.41,50,OK,0.1
2026-02-15T14:42:42.335Z,0,20.38,50,OK,0.1
2026-02-15T14:42:42.386Z,0,20.30,50,OK,0.1
2026-02-15T14:42:42.437Z,0,20.23,50,OK,0.1
2026-02-15T14:42:42.488Z,0,20.27,50,OK,0.1
2026-02-15T14:42:42.538Z,0,20.30,50,OK,0.1
2026-02-15T14:42:42.589Z,0,20.26,50,OK,0.1
2026-02-15T14:42:42.639Z,0,20.26,50,OK,0.1
2026-02-15T14:42:42.690Z,0,20.32,50,OK,0.1
2026-02-15T14:42:42.741Z,0,20.24,50,OK,0.1
2026-02-15T14:42:42.791Z,0,20.21,50,OK,0.1
2026-02-15T14:42:42.841Z,0,20.24,50,OK,0.1
2026-02-15T14:42:42.892Z,0,20.25,50,OK,0.1
2026-02-15T14:42:42.942Z,0,20.28,50,OK,0.1
2026-02-15T14:42:42.993Z,0,20.36,50,OK,0.1
2026-02-15T14:42:43.043Z,0,20.43,50,OK,0.1
2026-02-15T14:42:43.092Z,0,20.44,50,OK,0.1
2026-02-15T14:42:43.142Z,0,20.40,50,OK,0.1
2026-02-15T14:42:43.192Z,0,20.38,50,OK,0.1
2026-02-15T14:42:43.243Z,0,20.36,50,OK,0.1
2026-02-15T14:42:43.293Z,0,20.28,50,OK,0.1
2026-02-15T14:42:43.344Z,0,20.23,50,OK,0.1
2026-02-15T14:42:43.393Z,0,20.22,50,OK,0.1
2026-02-15T14:42:43.443Z,0,20.21,50,OK,0.1
2026-02-15T14:42:43.493Z,0,20.23,50,OK,0.1
2026-02-15T14:42:43.543Z,0,20.27,50,OK,0.1
2026-02-15T14:42:43.593Z,0,20.31,50,OK,0.1
2026-02-15T14:42:43.643Z,0,20.31,50,OK,0.1
2026-02-15T14:42:43.693Z,0,20.32,50,OK,0.1
2026-02-15T14:42:43.743Z,0,20.33,50,OK,0.1
2026-02-15T14:42:43.794Z,0,20.33,50,OK,0.1
2026-02-15T14:42:43.845Z,0,20.36,50,OK,0.1
2026-02-15T14:42:43.896Z,0,20.39,50,OK,0.1
2026-02-15T14:42:43.947Z,0,20.39,50,OK,0.1
2026-02-15T14:42:43.998Z,0,20.38,50,OK,0.1
2026-02-15T14:42:44.048Z,0,20.36,50,OK,0.1
2026-02-15T14:42:44.098Z,0,20.34,50,OK,0.1
2026-02-15T14:42:44.148Z,0,20.30,50,OK,0.1
2026-02-15T14:42:44.199Z,0,20.32,50,OK,0.1
2026-02-15T14:42:44.249Z,0,20.32,50,OK,0.1
2026-02-15T14:42:44.299Z,0,20.30,50,OK,0.1
2026-02-15T14:42:44.350Z,0,20.27,50,OK,0.1
2026-02-15T14:42:44.400Z,0,20.27,50,OK,0.1
2026-02-15T14:42:44.449Z,0,20.27,50,OK,0.1
2026-02-15T14:42:44.499Z,0,20.26,50,OK,0.1
2026-02-15T14:42:44.550Z,0,20.19,50,OK,0.1
2026-02-15T14:42:44.601Z,0,20.23,50,OK,0.1
2026-02-15T14:42:44.652Z,0,20.29,50,OK,0.1
2026-02-15T14:42:44.702Z,0,20.29,50,OK,0.1
2026-02-15T14:42:44.752Z,0,20.19,50,OK,0.1
2026-02-15T14:42:44.803Z,0,20.27,50,OK,0.1
2026-02-15T14:42:44.854Z,0,20.35,50,OK,0.1
2026-02-15T14:42:44.905Z,0,20.34,50,OK,0.1
2026-02-15T14:42:44.956Z,0,20.38,50,OK,0.1
2026-02-15T14:42:45.006Z,0,20.50,50,OK,0.1
2026-02-15T14:42:45.057Z,0,20.54,50,OK,0.1
2026-02-15T14:42:45.107Z,0,20.42,50,OK,0.1
2026-02-15T14:42:45.158Z,0,20.40,50,OK,0.1
2026-02-15T14:42:45.208Z,0,20.36,50,OK,0.1
2026-02-15T14:42:45.258Z,0,20.34,50,OK,0.1
2026-02-15T14:42:45.309Z,0,20.35,50,OK,0.1
2026-02-15T14:42:45.358Z,0,20.37,50,OK,0.1
2026-02-15T14:42:45.409Z,0,20.39,50,OK,0.1
2026-02-15T14:42:45.459Z,0,20.38,50,OK,0.1
2026-02-15T14:42:45.510Z,0,20.37,50,OK,0.1
2026-02-15T14:42:45.559Z,0,20.33,50,OK,0.1
2026-02-15T14:42:45.609Z,0,20.30,50,OK,0.1
2026-02-15T14:42:45.660Z,0,20.28,50,OK,0.1
2026-02-15T14:42:45.709Z,0,20.28,50,OK,0.1
2026-02-15T14:42:45.760Z,0,20.29,50,OK,0.1
2026-02-15T14:42:45.811Z,0,20.35,50,OK,0.1
2026-02-15T14:42:45.862Z,0,20.33,50,OK,0.1
2026-02-15T14:42:45.911Z,0,20.34,50,OK,0.1
2026-02-15T14:42:45.962Z,0,20.31,50,OK,0.1
2026-02-15T14:42:46.011Z,0,20.29,50,OK,0.1
2026-02-15T14:42:46.061Z,0,20.20,50,OK,0.1
2026-02-15T14:42:46.111Z,0,20.21,50,OK,0.1
2026-02-15T14:42:46.162Z,0,20.23,50,OK,0.1
2026-02-15T14:42:46.211Z,0,20.31,50,OK,0.1
2026-02-15T14:42:46.261Z,0,20.34,50,OK,0.1
2026-02-15T14:42:46.312Z,0,20.33,50,OK,0.1
2026-02-15T14:42:46.362Z,0,20.36,50,OK,0.1
2026-02-15T14:42:46.412Z,0,20.35,50,OK,0.1
2026-02-15T14:42:46.463Z,0,20.36,50,OK,0.1
2026-02-15T14:42:46.513Z,0,20.36,50,OK,0.1
2026-02-15T14:42:46.564Z,0,20.46,50,OK,0.1
2026-02-15T14:42:46.614Z,0,20.44,50,OK,0.1
2026-02-15T14:42:46.663Z,0,20.46,50,OK,0.1
2026-02-15T14:42:46.713Z,0,20.40,50,OK,0.1
2026-02-15T14:42:46.764Z,0,20.45,50,OK,0.1
2026-02-15T14:42:46.815Z,0,20.40,50,OK,0.1
2026-02-15T14:42:46.865Z,0,20.41,50,OK,0.1
2026-02-15T14:42:46.915Z,0,20.37,50,OK,0.1
2026-02-15T14:42:46.964Z,0,20.37,50,OK,0.1
2026-02-15T14:42:47.014Z,0,20.32,50,OK,0.1
2026-02-15T14:42:47.065Z,0,20.40,50,OK,0.1
2026-02-15T14:42:47.116Z,0,20.35,50,OK,0.1
2026-02-15T14:42:47.166Z,0,20.36,50,OK,0.1
2026-02-15T14:42:47.216Z,0,20.39,50,OK,0.1
2026-02-15T14:42:47.267Z,0,20.37,50,OK,0.1
2026-02-15T14:42:47.318Z,0,20.33,50,OK,0.1
2026-02-15T14:42:47.369Z,0,20.34,50,OK,0.1
2026-02-15T14:42:47.420Z,0,20.48,50,OK,0.1
2026-02-15T14:42:47.471Z,0,20.23,50,OK,0.1
2026-02-15T14:42:47.521Z,0,20.21,50,OK,0.1
2026-02-15T14:42:47.571Z,0,20.19,50,OK,0.1
2026-02-15T14:42:47.621Z,0,20.23,50,OK,0.1
2026-02-15T14:42:47.672Z,0,20.12,50,OK,0.1
2026-02-15T14:42:47.722Z,0,20.28,50,OK,0.1
2026-02-15T14:42:47.773Z,0,20.37,50,OK,0.1
2026-02-15T14:42:47.823Z,0,20.37,50,OK,0.1
2026-02-15T14:42:47.874Z,0,20.34,50,OK,0.1
2026-02-15T14:42:47.925Z,0,20.24,50,OK,0.1
2026-02-15T14:42:47.975Z,0,20.34,50,OK,0.1
2026-02-15T14:42:48.025Z,0,20.24,50,OK,0.1
2026-02-15T14:42:48.075Z,0,20.24,50,OK,0.1
2026-02-15T14:42:48.126Z,0,20.36,50,OK,0.1
2026-02-15T14:42:48.176Z,0,20.55,50,OK,0.1
2026-02-15T14:42:48.226Z,0,20.45,50,OK,0.1
2026-02-15T14:42:48.275Z,0,20.55,50,OK,0.1
2026-02-15T14:42:48.326Z,0,20.58,50,OK,0.1
2026-02-15T14:42:48.377Z,0,20.45,50,OK,0.1
2026-02-15T14:42:48.426Z,0,20.39,50,OK,0.1
2026-02-15T14:42:48.477Z,0,20.49,50,OK,0.1
2026-02-15T14:42:48.527Z,0,20.47,50,OK,0.1
2026-02-15T14:42:48.578Z,0,20.42,50,OK,0.1
2026-02-15T14:42:48.629Z,0,20.49,50,OK,0.1
2026-02-15T14:42:48.679Z,0,20.46,50,OK,0.1
2026-02-15T14:42:48.729Z,0,20.49,50,OK,0.1
2026-02-15T14:42:48.780Z,0,20.46,50,OK,0.1
2026-02-15T14:42:48.829Z,0,20.46,50,OK,0.1
2026-02-15T14:42:48.880Z,0,20.38,50,OK,0.1
2026-02-15T14:42:48.931Z,0,20.37,50,OK,0.1
2026-02-15T14:42:48.981Z,0,20.29,50,OK,0.1
2026-02-15T14:42:49.031Z,0,20.30,50,OK,0.1
2026-02-15T14:42:49.082Z,0,20.30,50,OK,0.1
2026-02-15T14:42:49.132Z,0,20.36,50,OK,0.1
2026-02-15T14:42:49.182Z,0,20.33,50,OK,0.1
2026-02-15T14:42:49.232Z,0,20.19,50,OK,0.1
2026-02-15T14:42:49.283Z,0,20.19,50,OK,0.1
2026-02-15T14:42:49.334Z,0,20.09,50,OK,0.1
2026-02-15T14:42:49.383Z,0,20.05,50,OK,0.1
2026-02-15T14:42:49.434Z,0,20.05,50,OK,0.1
2026-02-15T14:42:49.485Z,0,20.18,50,OK,0.1
2026-02-15T14:42:49.535Z,0,20.27,50,OK,0.1
2026-02-15T14:42:49.586Z,0,20.37,50,OK,0.1
2026-02-15T14:42:49.637Z,0,20.27,50,OK,0.1
2026-02-15T14:42:49.686Z,0,20.29,50,OK,0.1
2026-02-15T14:42:49.737Z,0,20.37,50,OK,0.1
2026-02-15T14:42:49.788Z,0,20.28,50,OK,0.1
2026-02-15T14:42:49.839Z,0,20.15,50,OK,0.1
2026-02-15T14:42:49.889Z,0,20.23,50,OK,0.1
2026-02-15T14:42:49.938Z,0,20.07,50,OK,0.1
2026-02-15T14:42:49.989Z,0,20.01,50,OK,0.1
2026-02-15T14:42:50.040Z,0,20.08,50,OK,0.1
2026-02-15T14:42:50.091Z,0,20.24,50,OK,0.1
2026-02-15T14:42:50.140Z,0,20.37,50,OK,0.1
2026-02-15T14:42:50.190Z,0,20.57,50,OK,0.1
2026-02-15T14:42:50.241Z,0,20.60,50,OK,0.1
2026-02-15T14:42:50.292Z,0,20.54,50,OK,0.1
2026-02-15T14:42:50.342Z,0,20.48,50,OK,0.1
2026-02-15T14:42:50.392Z,0,20.36,50,OK,0.1
2026-02-15T14:42:50.443Z,0,20.40,50,OK,0.1
2026-02-15T14:42:50.494Z,0,20.38,50,OK,0.1
2026-02-15T14:42:50.545Z,0,20.30,50,OK,0.1
2026-02-15T14:42:50.595Z,0,20.33,50,OK,0.1
2026-02-15T14:42:50.646Z,0,20.29,50,OK,0.1
2026-02-15T14:42:50.697Z,0,20.20,50,OK,0.1
2026-02-15T14:42:50.747Z,0,20.05,50,OK,0.1
2026-02-15T14:42:50.797Z,0,20.15,50,OK,0.1
2026-02-15T14:42:50.847Z,0,20.12,50,OK,0.1
2026-02-15T14:42:50.898Z,0,20.16,50,OK,0.1
2026-02-15T14:42:50.948Z,0,20.16,50,OK,0.1
2026-02-15T14:42:50.999Z,0,20.29,50,OK,0.1
2026-02-15T14:42:51.049Z,0,20.24,50,OK,0.1
2026-02-15T14:42:51.099Z,0,20.27,50,OK,0.1
2026-02-15T14:42:51.149Z,0,20.33,50,OK,0.1
2026-02-15T14:42:51.200Z,0,20.33,50,OK,0.1
2026-02-15T14:42:51.249Z,0,20.38,50,OK,0.1
2026-02-15T14:42:51.300Z,0,20.40,50,OK,0.1
2026-02-15T14:42:51.350Z,0,20.47,50,OK,0.1
2026-02-15T14:42:51.401Z,0,20.44,50,OK,0.1
2026-02-15T14:42:51.451Z,0,20.56,50,OK,0.1
2026-02-15T14:42:51.502Z,0,20.57,50,OK,0.1
2026-02-15T14:42:51.552Z,0,20.64,50,OK,0.1
2026-02-15T14:42:51.603Z,0,20.67,50,OK,0.1
2026-02-15T14:42:51.654Z,0,20.63,50,OK,0.1
2026-02-15T14:42:51.704Z,0,20.51,50,OK,0.1
2026-02-15T14:42:51.755Z,0,20.39,50,OK,0.1
2026-02-15T14:42:51.806Z,0,20.36,50,OK,0.1
2026-02-15T14:42:51.857Z,0,20.37,50,OK,0.1
2026-02-15T14:42:51.907Z,0,20.48,50,OK,0.1
2026-02-15T14:42:51.958Z,0,20.62,50,OK,0.1
2026-02-15T14:42:52.008Z,0,20.67,50,OK,0.1
2026-02-15T14:42:52.057Z,0,20.69,50,OK,0.1
2026-02-15T14:42:52.108Z,0,20.58,50,OK,0.1
2026-02-15T14:42:52.159Z,0,20.54,50,OK,0.1
2026-02-15T14:42:52.209Z,0,20.39,50,OK,0.1
2026-02-15T14:42:52.260Z,0,20.32,50,OK,0.1
2026-02-15T14:42:52.310Z,0,20.25,50,OK,0.1
2026-02-15T14:42:52.361Z,0,20.19,50,OK,0.1
2026-02-15T14:42:52.411Z,0,20.16,50,OK,0.1
2026-02-15T14:42:52.462Z,0,20.06,50,OK,0.1
2026-02-15T14:42:52.512Z,0,20.16,50,OK,0.1
2026-02-15T14:42:52.562Z,0,20.13,50,OK,0.1
2026-02-15T14:42:52.613Z,0,20.24,50,OK,0.1
2026-02-15T14:42:52.664Z,0,20.16,50,OK,0.1
2026-02-15T14:42:52.714Z,0,20.27,50,OK,0.1
2026-02-15T14:42:52.765Z,0,20.17,50,OK,0.1
2026-02-15T14:42:52.814Z,0,20.21,50,OK,0.1
2026-02-15T14:42:52.865Z,0,20.13,50,OK,0.1
2026-02-15T14:42:52.915Z,0,20.19,50,OK,0.1
2026-02-15T14:42:52.965Z,0,20.34,50,OK,0.1
2026-02-15T14:42:53.015Z,0,20.42,50,OK,0.1
2026-02-15T14:42:53.065Z,0,20.45,50,OK,0.1
2026-02-15T14:42:53.116Z,0,20.48,50,OK,0.1
2026-02-15T14:42:53.167Z,0,20.48,50,OK,0.1
2026-02-15T14:42:53.217Z,0,20.32,50,OK,0.1
2026-02-15T14:42:53.268Z,0,20.36,50,OK,0.1
2026-02-15T14:42:53.317Z,0,20.30,50,OK,0.1
2026-02-15T14:42:53.369Z,0,20.37,50,OK,0.1
2026-02-15T14:42:53.419Z,0,20.36,50,OK,0.1
2026-02-15T14:42:53.470Z,0,20.43,50,OK,0.1
2026-02-15T14:42:53.521Z,0,20.40,50,OK,0.1
2026-02-15T14:42:53.573Z,0,20.39,50,OK,0.1
2026-02-15T14:42:53.623Z,0,20.35,50,OK,0.1
2026-02-15T14:42:53.673Z,0,20.36,50,OK,0.1
2026-02-15T14:42:53.723Z,0,20.32,50,OK,0.1
2026-02-15T14:42:53.774Z,0,20.41,50,OK,0.1
2026-02-15T14:42:53.824Z,0,20.46,50,OK,0.1
2026-02-15T14:42:53.873Z,0,20.44,50,OK,0.1
2026-02-15T14:42:53.924Z,0,20.44,50,OK,0.1
2026-02-15T14:42:53.975Z,0,20.48,50,OK,0.1
2026-02-15T14:42:54.025Z,0,20.40,50,OK,0.1
2026-02-15T14:42:54.076Z,0,20.42,50,OK,0.1
2026-02-15T14:42:54.126Z,0,20.46,50,OK,0.1
2026-02-15T14:42:54.177Z,0,20.42,50,OK,0.1
2026-02-15T14:42:54.227Z,0,20.34,50,OK,0.1
2026-02-15T14:42:54.277Z,0,20.35,50,OK,0.1
2026-02-15T14:42:54.327Z,0,20.30,50,OK,0.1
2026-02-15T14:42:54.377Z,0,20.33,50,OK,0.1
2026-02-15T14:42:54.428Z,0,20.39,50,OK,0.1
2026-02-15T14:42:54.478Z,0,20.50,50,OK,0.1
2026-02-15T14:42:54.528Z,0,20.36,50,OK,0.1
2026-02-15T14:42:54.579Z,0,20.29,50,OK,0.1
2026-02-15T14:42:54.629Z,0,20.31,50,OK,0.1
2026-02-15T14:42:54.680Z,0,20.33,50,OK,0.1
2026-02-15T14:42:54.730Z,0,20.12,50,OK,0.1
2026-02-15T14:42:54.780Z,0,20.30,50,OK,0.1
2026-02-15T14:42:54.830Z,0,20.35,50,OK,0.1
2026-02-15T14:42:54.881Z,0,20.31,50,OK,0.1
2026-02-15T14:42:54.931Z,0,20.23,50,OK,0.1
2026-02-15T14:42:54.981Z,0,20.33,50,OK,0.1
2026-02-15T14:42:55.032Z,0,20.28,50,OK,0.1
2026-02-15T14:42:55.083Z,0,20.29,50,OK,0.1
2026-02-15T14:42:55.134Z,0,20.18,50,OK,0.1
2026-02-15T14:42:55.184Z,0,20.22,50,OK,0.1
2026-02-15T14:42:55.235Z,0,20.27,50,OK,0.1
2026-02-15T14:42:55.286Z,0,20.25,50,OK,0.1
2026-02-15T14:42:55.336Z,0,20.22,50,OK,0.1
2026-02-15T14:42:55.387Z,0,20.35,50,OK,0.1
2026-02-15T14:42:55.437Z,0,20.41,50,OK,0.1
2026-02-15T14:42:55.487Z,0,20.39,50,OK,0.1
2026-02-15T14:42:55.537Z,0,20.44,50,OK,0.1
2026-02-15T14:42:55.588Z,0,20.47,50,OK,0.1
2026-02-15T14:42:55.639Z,0,20.43,50,OK,0.1
2026-02-15T14:42:55.690Z,0,20.42,50,OK,0.1
2026-02-15T14:42:55.741Z,0,20.47,50,OK,0.1
2026-02-15T14:42:55.791Z,0,20.44,50,OK,0.1
2026-02-15T14:42:55.841Z,0,20.45,50,OK,0.1
2026-02-15T14:42:55.891Z,0,20.46,50,OK,0.1
2026-02-15T14:42:55.941Z,0,20.40,50,OK,0.1
2026-02-15T14:42:55.991Z,0,20.32,50,OK,0.1
2026-02-15T14:42:56.040Z,0,20.30,50,OK,0.1
2026-02-15T14:42:56.090Z,0,20.28,50,OK,0.1
2026-02-15T14:42:56.141Z,0,20.29,50,OK,0.1
2026-02-15T14:42:56.191Z,0,20.30,50,OK,0.1
2026-02-15T14:42:56.241Z,0,20.32,50,OK,0.1
2026-02-15T14:42:56.291Z,0,20.31,50,OK,0.1
2026-02-15T14:42:56.342Z,0,20.31,50,OK,0.1
2026-02-15T14:42:56.391Z,0,20.31,50,OK,0.1
2026-02-15T14:42:56.441Z,0,20.29,50,OK,0.1
2026-02-15T14:42:56.491Z,0,20.30,50,OK,0.1
2026-02-15T14:42:56.542Z,0,20.36,50,OK,0.1
2026-02-15T14:42:56.591Z,0,20.37,50,OK,0.1
2026-02-15T14:42:56.642Z,0,20.36,50,OK,0.1
2026-02-15T14:42:56.693Z,0,20.44,50,OK,0.1
2026-02-15T14:42:56.743Z,0,20.44,50,OK,0.1
2026-02-15T14:42:56.793Z,0,20.42,50,OK,0.1
2026-02-15T14:42:56.843Z,0,20.51,50,OK,0.1
2026-02-15T14:42:56.894Z,0,20.49,50,OK,0.1
2026-02-15T14:42:56.945Z,0,20.45,50,OK,0.1
2026-02-15T14:42:56.994Z,0,20.47,50,OK,0.1
2026-02-15T14:42:57.045Z,0,20.45,50,OK,0.1
2026-02-15T14:42:57.095Z,0,20.40,50,OK,0.1
2026-02-15T14:42:57.146Z,0,20.42,50,OK,0.1
2026-02-15T14:42:57.196Z,0,20.41,50,OK,0.1
2026-02-15T14:42:57.246Z,0,20.36,50,OK,0.1
2026-02-15T14:42:57.297Z,0,20.39,50,OK,0.1
2026-02-15T14:42:57.347Z,0,20.37,50,OK,0.1
2026-02-15T14:42:57.397Z,0,20.38,50,OK,0.1
2026-02-15T14:42:57.447Z,0,20.37,50,OK,0.1
2026-02-15T14:42:57.497Z,0,20.38,50,OK,0.1
2026-02-15T14:42:57.548Z,0,20.35,50,OK,0.1
2026-02-15T14:42:57.598Z,0,20.35,50,OK,0.1
2026-02-15T14:42:57.648Z,0,20.34,50,OK,0.1
2026-02-15T14:42:57.698Z,0,20.35,50,OK,0.1
2026-02-15T14:42:57.748Z,0,20.37,50,OK,0.1
2026-02-15T14:42:57.799Z,0,20.37,50,OK,0.1
2026-02-15T14:42:57.849Z,0,20.40,50,OK,0.1
2026-02-15T14:42:57.899Z,0,20.50,50,OK,0.1
2026-02-15T14:42:57.950Z,0,20.49,50,OK,0.1
2026-02-15T14:42:58.000Z,0,20.51,50,OK,0.1
2026-02-15T14:42:58.050Z,0,20.48,50,OK,0.1
2026-02-15T14:42:58.100Z,0,20.40,50,OK,0.1
2026-02-15T14:42:58.151Z,0,20.33,50,OK,0.1
2026-02-15T14:42:58.201Z,0,20.36,50,OK,0.1
2026-02-15T14:42:58.251Z,0,20.35,50,OK,0.1
2026-02-15T14:42:58.301Z,0,20.45,50,OK,0.1
2026-02-15T14:42:58.351Z,0,20.39,50,OK,0.1
2026-02-15T14:42:58.402Z,0,20.38,50,OK,0.1
2026-02-15T14:42:58.452Z,0,20.15,50,OK,0.1
2026-02-15T14:42:58.502Z,0,20.10,50,OK,0.1
2026-02-15T14:42:58.552Z,0,20.01,50,OK,0.1
2026-02-15T14:42:58.601Z,0,20.12,50,OK,0.1
2026-02-15T14:42:58.652Z,0,20.02,50,OK,0.1
2026-02-15T14:42:58.702Z,0,20.23,50,OK,0.1
2026-02-15T14:42:58.751Z,0,20.17,50,OK,0.1
2026-02-15T14:42:58.801Z,0,20.18,50,OK,0.1
2026-02-15T14:42:58.852Z,0,20.16,50,OK,0.1
2026-02-15T14:42:58.902Z,0,20.22,50,OK,0.1
2026-02-15T14:42:58.953Z,0,20.21,50,OK,0.1
2026-02-15T14:42:59.004Z,0,20.27,50,OK,0.1
2026-02-15T14:42:59.054Z,0,20.19,50,OK,0.1
2026-02-15T14:42:59.104Z,0,20.21,50,OK,0.1
2026-02-15T14:42:59.155Z,0,20.25,50,OK,0.1
2026-02-15T14:42:59.205Z,0,20.31,50,OK,0.1
2026-02-15T14:42:59.256Z,0,20.39,50,OK,0.1
2026-02-15T14:42:59.306Z,0,20.49,50,OK,0.1
2026-02-15T14:42:59.357Z,0,20.48,50,OK,0.1
2026-02-15T14:42:59.408Z,0,20.48,50,OK,0.1
2026-02-15T14:42:59.458Z,0,20.48,50,OK,0.1
2026-02-15T14:42:59.509Z,0,20.46,50,OK,0.1
2026-02-15T14:42:59.559Z,0,20.48,50,OK,0.1
2026-02-15T14:42:59.609Z,0,20.48,50,OK,0.1
2026-02-15T14:42:59.658Z,0,20.42,50,OK,0.1
2026-02-15T14:42:59.709Z,0,20.35,50,OK,0.1
2026-02-15T14:42:59.760Z,0,20.28,50,OK,0.1
2026-02-15T14:42:59.809Z,0,20.25,50,OK,0.1
2026-02-15T14:42:59.860Z,0,20.27,50,OK,0.1
2026-02-15T14:42:59.910Z,0,20.33,50,OK,0.1
2026-02-15T14:42:59.960Z,0,20.35,50,OK,0.1
2026-02-15T14:43:00.011Z,0,20.44,50,OK,0.1
2026-02-15T14:43:00.060Z,0,20.47,50,OK,0.1
2026-02-15T14:43:00.110Z,0,20.48,50,OK,0.1
2026-02-15T14:43:00.161Z,0,20.44,50,OK,0.1
2026-02-15T14:43:00.212Z,0,20.36,50,OK,0.1
2026-02-15T14:43:00.263Z,0,20.30,50,OK,0.1
2026-02-15T14:43:00.314Z,0,20.25,50,OK,0.1
2026-02-15T14:43:00.364Z,0,20.22,50,OK,0.1
2026-02-15T14:43:00.415Z,0,20.14,50,OK,0.1
2026-02-15T14:43:00.465Z,0,20.33,50,OK,0.1
2026-02-15T14:43:00.516Z,0,20.30,50,OK,0.1
2026-02-15T14:43:00.566Z,0,20.44,50,OK,0.1
2026-02-15T14:43:00.617Z,0,20.44,50,OK,0.1
2026-02-15T14:43:00.668Z,0,20.51,50,OK,0.1
2026-02-15T14:43:00.717Z,0,20.37,50,OK,0.1
2026-02-15T14:43:00.768Z,0,20.41,50,OK,0.1
2026-02-15T14:43:00.817Z,0,20.28,50,OK,0.1
2026-02-15T14:43:00.868Z,0,20.30,50,OK,0.1
2026-02-15T14:43:00.918Z,0,20.31,50,OK,0.1
2026-02-15T14:43:00.968Z,0,20.33,50,OK,0.1
2026-02-15T14:43:01.018Z,0,20.33,50,OK,0.1
2026-02-15T14:43:01.069Z,0,20.34,50,OK,0.1
2026-02-15T14:43:01.120Z,0,20.37,50,OK,0.1
2026-02-15T14:43:01.171Z,0,20.37,50,OK,0.1
2026-02-15T14:43:01.222Z,0,20.37,50,OK,0.1
2026-02-15T14:43:01.272Z,0,20.36,50,OK,0.1
2026-02-15T14:43:01.323Z,0,20.43,50,OK,0.1
2026-02-15T14:43:01.374Z,0,20.40,50,OK,0.1
2026-02-15T14:43:01.424Z,0,20.45,50,OK,0.1
2026-02-15T14:43:01.475Z,0,20.38,50,OK,0.1
2026-02-15T14:43:01.525Z,0,20.45,50,OK,0.1
2026-02-15T14:43:01.575Z,0,20.41,50,OK,0.1
2026-02-15T14:43:01.626Z,0,20.35,50,OK,0.1
2026-02-15T14:43:01.677Z,0,20.29,50,OK,0.1
2026-02-15T14:43:01.727Z,0,20.35,50,OK,0.1
2026-02-15T14:43:01.777Z,0,20.25,50,OK,0.1
2026-02-15T14:43:01.828Z,0,20.29,50,OK,0.1
2026-02-15T14:43:01.878Z,0,20.28,50,OK,0.1
2026-02-15T14:43:01.929Z,0,20.28,50,OK,0.1
2026-02-15T14:43:01.980Z,0,20.24,50,OK,0.1
2026-02-15T14:43:02.031Z,0,20.25,50,OK,0.1
2026-02-15T14:43:02.081Z,0,20.27,50,OK,0.1
2026-02-15T14:43:02.131Z,0,20.33,50,OK,0.1
2026-02-15T14:43:02.182Z,0,20.31,50,OK,0.1
2026-02-15T14:43:02.233Z,0,20.30,50,OK,0.1
2026-02-15T14:43:02.284Z,0,20.39,50,OK,0.1
2026-02-15T14:43:02.334Z,0,20.33,50,OK,0.1
2026-02-15T14:43:02.385Z,0,20.36,50,OK,0.1
2026-02-15T14:43:02.434Z,0,20.40,50,OK,0.1
2026-02-15T14:43:02.484Z,0,20.45,50,OK,0.1
2026-02-15T14:43:02.534Z,0,20.39,50,OK,0.1
2026-02-15T14:43:02.585Z,0,20.41,50,OK,0.1
2026-02-15T14:43:02.635Z,0,20.41,50,OK,0.1
2026-02-15T14:43:02.685Z,0,20.38,50,OK,0.1
2026-02-15T14:43:02.734Z,0,20.38,50,OK,0.1
2026-02-15T14:43:02.784Z,0,20.33,50,OK,0.1
2026-02-15T14:43:02.835Z,0,20.33,50,OK,0.1
2026-02-15T14:43:02.885Z,0,20.25,50,OK,0.1
2026-02-15T14:43:02.935Z,0,20.24,50,OK,0.1
2026-02-15T14:43:02.986Z,0,20.24,50,OK,0.1
2026-02-15T14:43:03.036Z,0,20.27,50,OK,0.1
2026-02-15T14:43:03.086Z,0,20.27,50,OK,0.1
2026-02-15T14:43:03.137Z,0,20.33,50,OK,0.1
2026-02-15T14:43:03.186Z,0,20.38,50,OK,0.1
2026-02-15T14:43:03.237Z,0,20.39,50,OK,0.1
2026-02-15T14:43:03.286Z,0,20.46,50,OK,0.1
2026-02-15T14:43:03.337Z,0,20.45,50,OK,0.1
2026-02-15T14:43:03.386Z,0,20.42,50,OK,0.1
2026-02-15T14:43:03.436Z,0,20.43,50,OK,0.1
2026-02-15T14:43:03.486Z,0,20.44,50,OK,0.1
2026-02-15T14:43:03.537Z,0,20.37,50,OK,0.1
2026-02-15T14:43:03.587Z,0,20.38,50,OK,0.1
2026-02-15T14:43:03.637Z,0,20.41,50,OK,0.1
2026-02-15T14:43:03.688Z,0,20.36,50,OK,0.1
2026-02-15T14:43:03.738Z,0,20.36,50,OK,0.1
2026-02-15T14:43:03.789Z,0,20.42,50,OK,0.1
2026-02-15T14:43:03.840Z,0,20.42,50,OK,0.1
2026-02-15T14:43:03.891Z,0,20.41,50,OK,0.1
2026-02-15T14:43:03.942Z,0,20.47,50,OK,0.1
2026-02-15T14:43:03.992Z,0,20.45,50,OK,0.1
2026-02-15T14:43:04.043Z,0,20.41,50,OK,0.1
2026-02-15T14:43:04.093Z,0,20.45,50,OK,0.1
2026-02-15T14:43:04.144Z,0,20.47,50,OK,0.1
2026-02-15T14:43:04.194Z,0,20.45,50,OK,0.1
2026-02-15T14:43:04.244Z,0,20.49,50,OK,0.1
2026-02-15T14:43:04.295Z,0,20.29,50,OK,0.1
2026-02-15T14:43:04.345Z,0,20.24,50,OK,0.1
2026-02-15T14:43:04.395Z,0,20.26,50,OK,0.1
2026-02-15T14:43:04.445Z,0,20.26,50,OK,0.1
2026-02-15T14:43:04.495Z,0,20.30,50,OK,0.1
2026-02-15T14:43:04.544Z,0,20.29,50,OK,0.1
2026-02-15T14:43:04.595Z,0,20.38,50,OK,0.1
2026-02-15T14:43:04.645Z,0,20.35,50,OK,0.1
2026-02-15T14:43:04.694Z,0,20.38,50,OK,0.1
2026-02-15T14:43:04.745Z,0,20.30,50,OK,0.1
2026-02-15T14:43:04.795Z,0,20.49,50,OK,0.1
2026-02-15T14:43:04.846Z,0,20.48,50,OK,0.1
2026-02-15T14:43:04.895Z,0,20.31,50,OK,0.1
2026-02-15T14:43:04.946Z,0,20.26,50,OK,0.1
2026-02-15T14:43:04.996Z,0,20.32,50,OK,0.1
2026-02-15T14:43:05.047Z,0,20.30,50,OK,0.1
2026-02-15T14:43:05.096Z,0,20.19,50,OK,0.1
2026-02-15T14:43:05.146Z,0,20.32,50,OK,0.1
2026-02-15T14:43:05.197Z,0,20.36,50,OK,0.1
2026-02-15T14:43:05.248Z,0,20.31,50,OK,0.1
2026-02-15T14:43:05.299Z,0,20.33,50,OK,0.1
2026-02-15T14:43:05.350Z,0,20.40,50,OK,0.1
2026-02-15T14:43:05.399Z,0,20.39,50,OK,0.1
2026-02-15T14:43:05.449Z,0,20.36,50,OK,0.1
2026-02-15T14:43:05.500Z,0,20.45,50,OK,0.1
2026-02-15T14:43:05.551Z,0,20.44,50,OK,0.1
2026-02-15T14:43:05.602Z,0,20.35,50,OK,0.1
2026-02-15T14:43:05.651Z,0,20.38,50,OK,0.1
2026-02-15T14:43:05.702Z,0,20.47,50,OK,0.1
2026-02-15T14:43:05.753Z,0,20.38,50,OK,0.1
2026-02-15T14:43:05.803Z,0,20.37,50,OK,0.1
2026-02-15T14:43:05.853Z,0,20.40,50,OK,0.1
2026-02-15T14:43:05.903Z,0,20.30,50,OK,0.1
2026-02-15T14:43:05.954Z,0,20.20,50,OK,0.1
2026-02-15T14:43:06.004Z,0,20.24,50,OK,0.1
2026-02-15T14:43:06.055Z,0,22.19,50,OK,0.1
2026-02-15T14:43:06.105Z,0,22.18,50,OK,0.1
2026-02-15T14:43:06.155Z,0,22.23,50,OK,0.1
2026-02-15T14:43:06.206Z,0,22.23,50,OK,0.1
2026-02-15T14:43:06.256Z,0,22.21,50,OK,0.1
2026-02-15T14:43:06.307Z,0,20.30,50,OK,0.1
2026-02-15T14:43:06.356Z,0,20.36,50,OK,0.1
2026-02-15T14:43:06.407Z,0,20.41,50,OK,0.1
2026-02-15T14:43:06.457Z,0,20.43,50,OK,0.1
2026-02-15T14:43:06.507Z,0,20.44,50,OK,0.1
2026-02-15T14:43:06.557Z,0,20.45,50,OK,0.1
2026-02-15T14:43:06.608Z,0,20.33,50,OK,0.1
2026-02-15T14:43:06.659Z,0,20.31,50,OK,0.1
2026-02-15T14:43:06.709Z,0,20.44,50,OK,0.1
2026-02-15T14:43:06.759Z,0,20.40,50,OK,0.1
2026-02-15T14:43:06.809Z,0,20.47,50,OK,0.1
2026-02-15T14:43:06.860Z,0,20.59,50,OK,0.1
2026-02-15T14:43:06.909Z,0,20.51,50,OK,0.1
2026-02-15T14:43:06.960Z,0,20.35,50,OK,0.1
2026-02-15T14:43:07.010Z,0,20.36,50,OK,0.1
2026-02-15T14:43:07.060Z,0,20.26,50,OK,0.1
2026-02-15T14:43:07.109Z,0,20.26,50,OK,0.1
2026-02-15T14:43:07.160Z,0,20.31,50,OK,0.1
2026-02-15T14:43:07.211Z,0,20.32,50,OK,0.1
2026-02-15T14:43:07.261Z,0,20.31,50,OK,0.1
2026-02-15T14:43:07.311Z,0,20.35,50,OK,0.1
2026-02-15T14:43:07.362Z,0,20.30,50,OK,0.1
2026-02-15T14:43:07.411Z,0,20.32,50,OK,0.1
2026-02-15T14:43:07.462Z,0,20.29,50,OK,0.1
2026-02-15T14:43:07.513Z,0,20.23,50,OK,0.1
2026-02-15T14:43:07.563Z,0,20.19,50,OK,0.1
2026-02-15T14:43:07.613Z,0,20.25,50,OK,0.1
2026-02-15T14:43:07.663Z,0,20.24,50,OK,0.1
2026-02-15T14:43:07.714Z,0,20.16,50,OK,0.1
2026-02-15T14:43:07.764Z,0,20.21,50,OK,0.1
2026-02-15T14:43:07.814Z,0,20.31,50,OK,0.1
2026-02-15T14:43:07.864Z,0,20.28,50,OK,0.1
2026-02-15T14:43:07.915Z,0,20.26,50,OK,0.1
2026-02-15T14:43:07.965Z,0,20.36,50,OK,0.1
2026-02-15T14:43:08.016Z,0,20.35,50,OK,0.1
2026-02-15T14:43:08.067Z,0,20.25,50,OK,0.1
2026-02-15T14:43:08.118Z,0,20.23,50,OK,0.1
2026-02-15T14:43:08.169Z,0,20.24,50,OK,0.1
2026-02-15T14:43:08.219Z,0,20.18,50,OK,0.1
2026-02-15T14:43:08.269Z,0,20.25,50,OK,0.1
2026-02-15T14:43:08.320Z,0,20.22,50,OK,0.1
2026-02-15T14:43:08.370Z,0,20.10,50,OK,0.1
2026-02-15T14:43:08.420Z,0,20.17,50,OK,0.1
2026-02-15T14:43:08.471Z,0,20.23,50,OK,0.1
2026-02-15T14:43:08.521Z,0,20.21,50,OK,0.1
2026-02-15T14:43:08.571Z,0,20.24,50,OK,0.1
2026-02-15T14:43:08.621Z,0,20.45,50,OK,0.1
2026-02-15T14:43:08.672Z,0,20.41,50,OK,0.1
2026-02-15T14:43:08.722Z,0,20.25,50,OK,0.1
2026-02-15T14:43:08.772Z,0,20.21,50,OK,0.1
2026-02-15T14:43:08.823Z,0,20.15,50,OK,0.1
2026-02-15T14:43:08.874Z,0,20.01,50,OK,0.1
2026-02-15T14:43:08.925Z,0,19.90,50,OK,0.1
2026-02-15T14:43:08.975Z,0,20.04,50,OK,0.1
2026-02-15T14:43:09.025Z,0,20.19,50,OK,0.1
2026-02-15T14:43:09.076Z,0,20.18,50,OK,0.1
2026-02-15T14:43:09.126Z,0,20.21,50,OK,0.1
2026-02-15T14:43:09.176Z,0,20.24,50,OK,0.1
2026-02-15T14:43:09.227Z,0,20.45,50,OK,0.1
2026-02-15T14:43:09.278Z,0,20.32,50,OK,0.1
2026-02-15T14:43:09.328Z,0,20.55,50,OK,0.1
2026-02-15T14:43:09.379Z,0,20.58,50,OK,0.1
2026-02-15T14:43:09.429Z,0,20.71,50,OK,0.1
2026-02-15T14:43:09.480Z,0,20.52,50,OK,0.1
2026-02-15T14:43:09.531Z,0,20.59,50,OK,0.1
2026-02-15T14:43:09.582Z,0,20.54,50,OK,0.1
2026-02-15T14:43:09.632Z,0,20.67,50,OK,0.1
2026-02-15T14:43:09.682Z,0,20.62,50,OK,0.1
2026-02-15T14:43:09.731Z,0,20.51,50,OK,0.1
2026-02-15T14:43:09.782Z,0,20.46,50,OK,0.1
2026-02-15T14:43:09.833Z,0,20.34,50,OK,0.1
2026-02-15T14:43:09.884Z,0,20.23,50,OK,0.1
2026-02-15T14:43:09.935Z,0,20.35,50,OK,0.1
2026-02-15T14:43:09.985Z,0,20.49,50,OK,0.1
2026-02-15T14:43:10.034Z,0,20.55,50,OK,0.1
2026-02-15T14:43:10.084Z,0,20.61,50,OK,0.1
2026-02-15T14:43:10.135Z,0,20.67,50,OK,0.1
2026-02-15T14:43:10.185Z,0,20.52,50,OK,0.1
2026-02-15T14:43:10.235Z,0,20.54,50,OK,0.1
2026-02-15T14:43:10.285Z,0,20.47,50,OK,0.1
2026-02-15T14:43:10.335Z,0,20.40,50,OK,0.1
2026-02-15T14:43:10.386Z,0,20.34,50,OK,0.1
2026-02-15T14:43:10.437Z,0,20.38,50,OK,0.1
2026-02-15T14:43:10.486Z,0,20.34,50,OK,0.1
2026-02-15T14:43:10.537Z,0,20.27,50,OK,0.1
2026-02-15T14:43:10.587Z,0,20.37,50,OK,0.1
2026-02-15T14:43:10.638Z,0,20.34,50,OK,0.1
2026-02-15T14:43:10.688Z,0,20.37,50,OK,0.1
2026-02-15T14:43:10.739Z,0,20.30,50,OK,0.1
2026-02-15T14:43:10.789Z,0,20.38,50,OK,0.1
2026-02-15T14:43:10.834Z,0,20.29,50,OK,0.1
2026-02-15T14:43:10.885Z,0,20.34,50,OK,0.1
2026-02-15T14:43:10.935Z,0,20.25,50,OK,0.1
2026-02-15T14:43:10.986Z,0,20.32,50,OK,0.1
2026-02-15T14:43:11.037Z,0,20.19,50,OK,0.1
2026-02-15T14:43:11.088Z,0,20.26,50,OK,0.1
2026-02-15T14:43:11.138Z,0,20.38,50,OK,0.1
2026-02-15T14:43:11.189Z,0,20.41,50,OK,0.1
2026-02-15T14:43:11.240Z,0,20.35,50,OK,0.1
2026-02-15T14:43:11.291Z,0,20.43,50,OK,0.1
2026-02-15T14:43:11.342Z,0,20.28,50,OK,0.1
2026-02-15T14:43:11.391Z,0,20.02,50,OK,0.1
2026-02-15T14:43:11.442Z,0,20.18,50,OK,0.1
2026-02-15T14:43:11.491Z,0,20.25,50,OK,0.1
2026-02-15T14:43:11.542Z,0,20.13,50,OK,0.1
2026-02-15T14:43:11.592Z,0,20.11,50,OK,0.1
2026-02-15T14:43:11.642Z,0,20.13,50,OK,0.1
2026-02-15T14:43:11.691Z,0,19.95,50,OK,0.1
2026-02-15T14:43:11.742Z,0,19.95,50,OK,0.1
2026-02-15T14:43:11.792Z,0,20.11,50,OK,0.1
2026-02-15T14:43:11.841Z,0,20.23,50,OK,0.1
2026-02-15T14:43:11.892Z,0,20.33,50,OK,0.1
2026-02-15T14:43:11.942Z,0,20.34,50,OK,0.1
2026-02-15T14:43:11.992Z,0,20.30,50,OK,0.1
2026-02-15T14:43:12.041Z,0,20.35,50,OK,0.1
2026-02-15T14:43:12.092Z,0,20.39,50,OK,0.1
2026-02-15T14:43:12.142Z,0,20.47,50,OK,0.1
2026-02-15T14:43:12.193Z,0,20.48,50,OK,0.1
2026-02-15T14:43:12.243Z,0,20.59,50,OK,0.1
2026-02-15T14:43:12.293Z,0,20.56,50,OK,0.1
2026-02-15T14:43:12.344Z,0,20.46,50,OK,0.1
2026-02-15T14:43:12.394Z,0,20.39,50,OK,0.1
2026-02-15T14:43:12.445Z,0,20.54,50,OK,0.1
2026-02-15T14:43:12.495Z,0,20.43,50,OK,0.1
2026-02-15T14:43:12.545Z,0,20.28,50,OK,0.1
2026-02-15T14:43:12.596Z,0,20.39,50,OK,0.1
2026-02-15T14:43:12.647Z,0,20.45,50,OK,0.1
2026-02-15T14:43:12.697Z,0,20.31,50,OK,0.1
2026-02-15T14:43:12.747Z,0,20.14,50,OK,0.1
2026-02-15T14:43:12.796Z,0,20.26,50,OK,0.1
2026-02-15T14:43:12.847Z,0,20.24,50,OK,0.1
2026-02-15T14:43:12.897Z,0,20.15,50,OK,0.1
2026-02-15T14:43:12.948Z,0,20.16,50,OK,0.1
2026-02-15T14:43:12.998Z,0,20.32,50,OK,0.1
2026-02-15T14:43:13.048Z,0,20.12,50,OK,0.1
2026-02-15T14:43:13.099Z,0,20.10,50,OK,0.1
2026-02-15T14:43:13.150Z,0,20.13,50,OK,0.1
2026-02-15T14:43:13.201Z,0,20.13,50,OK,0.1
2026-02-15T14:43:13.250Z,0,20.12,50,OK,0.1
2026-02-15T14:43:13.300Z,0,20.35,50,OK,0.1
2026-02-15T14:43:13.350Z,0,20.31,50,OK,0.1
2026-02-15T14:43:13.401Z,0,20.27,50,OK,0.1
2026-02-15T14:43:13.450Z,0,20.28,50,OK,0.1
2026-02-15T14:43:13.500Z,0,20.27,50,OK,0.1
2026-02-15T14:43:13.551Z,0,20.29,50,OK,0.1
2026-02-15T14:43:13.601Z,0,20.30,50,OK,0.1
2026-02-15T14:43:13.652Z,0,20.32,50,OK,0.1
2026-02-15T14:43:13.701Z,0,20.32,50,OK,0.1
2026-02-15T14:43:13.752Z,0,20.38,50,OK,0.1
2026-02-15T14:43:13.802Z,0,20.33,50,OK,0.1
2026-02-15T14:43:13.853Z,0,20.31,50,OK,0.1
2026-02-15T14:43:13.903Z,0,20.28,50,OK,0.1
2026-02-15T14:43:13.953Z,0,20.28,50,OK,0.1
2026-02-15T14:43:14.004Z,0,20.20,50,OK,0.1
2026-02-15T14:43:14.053Z,0,20.23,50,OK,0.1
2026-02-15T14:43:14.103Z,0,20.27,50,OK,0.1
2026-02-15T14:43:14.154Z,0,20.29,50,OK,0.1
2026-02-15T14:43:14.204Z,0,20.28,50,OK,0.1
2026-02-15T14:43:14.253Z,0,20.34,50,OK,0.1
2026-02-15T14:43:14.304Z,0,20.30,50,OK,0.1
2026-02-15T14:43:14.353Z,0,20.34,50,OK,0.1
2026-02-15T14:43:14.403Z,0,20.36,50,OK,0.1
2026-02-15T14:43:14.454Z,0,20.25,50,OK,0.1
2026-02-15T14:43:14.504Z,0,20.21,50,OK,0.1
2026-02-15T14:43:14.554Z,0,20.28,50,OK,0.1
2026-02-15T14:43:14.605Z,0,20.26,50,OK,0.1
2026-02-15T14:43:14.654Z,0,20.32,50,OK,0.1
2026-02-15T14:43:14.705Z,0,20.42,50,OK,0.1
2026-02-15T14:43:14.754Z,0,20.41,50,OK,0.1
2026-02-15T14:43:14.805Z,0,20.36,50,OK,0.1
2026-02-15T14:43:14.856Z,0,20.36,50,OK,0.1
2026-02-15T14:43:14.906Z,0,20.27,50,OK,0.1
2026-02-15T14:43:14.955Z,0,20.26,50,OK,0.1
2026-02-15T14:43:15.006Z,0,20.26,50,OK,0.1
2026-02-15T14:43:15.055Z,0,20.23,50,OK,0.1
2026-02-15T14:43:15.106Z,0,20.22,50,OK,0.1
2026-02-15T14:43:15.156Z,0,20.21,50,OK,0.1
2026-02-15T14:43:15.205Z,0,20.24,50,OK,0.1
2026-02-15T14:43:15.256Z,0,20.27,50,OK,0.1
2026-02-15T14:43:15.306Z,0,20.30,50,OK,0.1
2026-02-15T14:43:15.357Z,0,20.38,50,OK,0.1
2026-02-15T14:43:15.407Z,0,20.38,50,OK,0.1
2026-02-15T14:43:15.458Z,0,20.42,50,OK,0.1
2026-02-15T14:43:15.508Z,0,20.42,50,OK,0.1
2026-02-15T14:43:15.557Z,0,20.37,50,OK,0.1
2026-02-15T14:43:15.607Z,0,20.33,50,OK,0.1
2026-02-15T14:43:15.658Z,0,20.25,50,OK,0.1
2026-02-15T14:43:15.707Z,0,20.20,50,OK,0.1
2026-02-15T14:43:15.758Z,0,20.12,50,OK,0.1
2026-02-15T14:43:15.809Z,0,20.18,50,OK,0.1
2026-02-15T14:43:15.859Z,0,20.12,50,OK,0.1
2026-02-15T14:43:15.910Z,0,20.21,50,OK,0.1
2026-02-15T14:43:15.960Z,0,20.24,50,OK,0.1
2026-02-15T14:43:16.011Z,0,20.38,50,OK,0.1
2026-02-15T14:43:16.061Z,0,20.41,50,OK,0.1
2026-02-15T14:43:16.112Z,0,20.44,50,OK,0.1
2026-02-15T14:43:16.162Z,0,20.45,50,OK,0.1
2026-02-15T14:43:16.212Z,0,20.39,50,OK,0.1
2026-02-15T14:43:16.262Z,0,20.35,50,OK,0.1
2026-02-15T14:43:16.312Z,0,20.29,50,OK,0.1
2026-02-15T14:43:16.362Z,0,20.33,50,OK,0.1
2026-02-15T14:43:16.413Z,0,20.33,50,OK,0.1
2026-02-15T14:43:16.462Z,0,20.38,50,OK,0.1
2026-02-15T14:43:16.513Z,0,20.29,50,OK,0.1
2026-02-15T14:43:16.564Z,0,20.21,50,OK,0.1
2026-02-15T14:43:16.613Z,0,20.18,50,OK,0.1
2026-02-15T14:43:16.664Z,0,20.04,50,OK,0.1
2026-02-15T14:43:16.714Z,0,19.98,50,OK,0.1
2026-02-15T14:43:16.764Z,0,20.06,50,OK,0.1
2026-02-15T14:43:16.813Z,0,20.14,50,OK,0.1
2026-02-15T14:43:16.864Z,0,20.16,50,OK,0.1
2026-02-15T14:43:16.914Z,0,20.30,50,OK,0.1
2026-02-15T14:43:16.963Z,0,20.32,50,OK,0.1
2026-02-15T14:43:17.014Z,0,20.28,50,OK,0.1
2026-02-15T14:43:17.064Z,0,20.27,50,OK,0.1
2026-02-15T14:43:17.113Z,0,20.24,50,OK,0.1
2026-02-15T14:43:17.163Z,0,20.22,50,OK,0.1
2026-02-15T14:43:17.213Z,0,20.23,50,OK,0.1
2026-02-15T14:43:17.264Z,0,20.23,50,OK,0.1
2026-02-15T14:43:17.313Z,0,20.25,50,OK,0.1
2026-02-15T14:43:17.364Z,0,20.22,50,OK,0.1
2026-02-15T14:43:17.414Z,0,20.25,50,OK,0.1
2026-02-15T14:43:17.465Z,0,20.24,50,OK,0.1
2026-02-15T14:43:17.515Z,0,20.25,50,OK,0.1
2026-02-15T14:43:17.565Z,0,20.25,50,OK,0.1
2026-02-15T14:43:17.616Z,0,20.31,50,OK,0.1
2026-02-15T14:43:17.665Z,0,20.34,50,OK,0.1
2026-02-15T14:43:17.716Z,0,20.35,50,OK,0.1
2026-02-15T14:43:17.767Z,0,20.41,50,OK,0.1
2026-02-15T14:43:17.817Z,0,20.43,50,OK,0.1
2026-02-15T14:43:17.868Z,0,20.44,50,OK,0.1
2026-02-15T14:43:17.918Z,0,20.45,50,OK,0.1
2026-02-15T14:43:17.969Z,0,20.47,50,OK,0.1
2026-02-15T14:43:18.019Z,0,20.38,50,OK,0.1
2026-02-15T14:43:18.070Z,0,20.36,50,OK,0.1
2026-02-15T14:43:18.119Z,0,20.32,50,OK,0.1
2026-02-15T14:43:18.169Z,0,20.29,50,OK,0.1
2026-02-15T14:43:18.220Z,0,20.26,50,OK,0.1
2026-02-15T14:43:18.270Z,0,20.31,50,OK,0.1
2026-02-15T14:43:18.321Z,0,20.30,50,OK,0.1
2026-02-15T14:43:18.371Z,0,20.40,50,OK,0.1
2026-02-15T14:43:18.421Z,0,20.38,50,OK,0.1
2026-02-15T14:43:18.472Z,0,20.32,50,OK,0.1
2026-02-15T14:43:18.523Z,0,20.30,50,OK,0.1
2026-02-15T14:43:18.574Z,0,20.32,50,OK,0.1
2026-02-15T14:43:18.624Z,0,20.20,50,OK,0.1
2026-02-15T14:43:18.674Z,0,20.20,50,OK,0.1
2026-02-15T14:43:18.725Z,0,20.28,50,OK,0.1
2026-02-15T14:43:18.774Z,0,20.28,50,OK,0.1
2026-02-15T14:43:18.825Z,0,20.28,50,OK,0.1
2026-02-15T14:43:18.876Z,0,20.28,50,OK,0.1
2026-02-15T14:43:18.927Z,0,20.25,50,OK,0.1
2026-02-15T14:43:18.978Z,0,20.17,50,OK,0.1
2026-02-15T14:43:19.027Z,0,20.19,50,OK,0.1
2026-02-15T14:43:19.077Z,0,20.19,50,OK,0.1
2026-02-15T14:43:19.128Z,0,20.21,50,OK,0.1
2026-02-15T14:43:19.179Z,0,20.23,50,OK,0.1
2026-02-15T14:43:19.230Z,0,20.29,50,OK,0.1
2026-02-15T14:43:19.280Z,0,20.31,50,OK,0.1
2026-02-15T14:43:19.331Z,0,20.30,50,OK,0.1
2026-02-15T14:43:19.382Z,0,20.34,50,OK,0.1
2026-02-15T14:43:19.433Z,0,20.37,50,OK,0.1
2026-02-15T14:43:19.482Z,0,20.39,50,OK,0.1
2026-02-15T14:43:19.533Z,0,20.36,50,OK,0.1
2026-02-15T14:43:19.583Z,0,20.37,50,OK,0.1
2026-02-15T14:43:19.633Z,0,20.35,50,OK,0.1
2026-02-15T14:43:19.683Z,0,20.34,50,OK,0.1
2026-02-15T14:43:19.734Z,0,20.33,50,OK,0.1
2026-02-15T14:43:19.784Z,0,20.31,50,OK,0.1
2026-02-15T14:43:19.834Z,0,20.30,50,OK,0.1
2026-02-15T14:43:19.884Z,0,20.32,50,OK,0.1
2026-02-15T14:43:19.934Z,0,20.33,50,OK,0.1
2026-02-15T14:43:19.984Z,0,20.33,50,OK,0.1
2026-02-15T14:43:20.035Z,0,20.34,50,OK,0.1
2026-02-15T14:43:20.084Z,0,20.47,50,OK,0.1
2026-02-15T14:43:20.135Z,0,20.43,50,OK,0.1
2026-02-15T14:43:20.185Z,0,20.43,50,OK,0.1
2026-02-15T14:43:20.235Z,0,20.45,50,OK,0.1
2026-02-15T14:43:20.286Z,0,20.44,50,OK,0.1
2026-02-15T14:43:20.336Z,0,20.24,50,OK,0.1
2026-02-15T14:43:20.387Z,0,20.27,50,OK,0.1
2026-02-15T14:43:20.436Z,0,20.24,50,OK,0.1
2026-02-15T14:43:20.486Z,0,20.28,50,OK,0.1
2026-02-15T14:43:20.537Z,0,20.28,50,OK,0.1
2026-02-15T14:43:20.586Z,0,20.33,50,OK,0.1
2026-02-15T14:43:20.637Z,0,20.30,50,OK,0.1
2026-02-15T14:43:20.687Z,0,20.31,50,OK,0.1
2026-02-15T14:43:20.738Z,0,20.26,50,OK,0.1
2026-02-15T14:43:20.789Z,0,20.27,50,OK,0.1
2026-02-15T14:43:20.840Z,0,20.29,50,OK,0.1
2026-02-15T14:43:20.890Z,0,20.30,50,OK,0.1
2026-02-15T14:43:20.940Z,0,20.30,50,OK,0.1
2026-02-15T14:43:20.991Z,0,20.39,50,OK,0.1
2026-02-15T14:43:21.042Z,0,20.39,50,OK,0.1
2026-02-15T14:43:21.093Z,0,20.43,50,OK,0.1
2026-02-15T14:43:21.143Z,0,20.43,50,OK,0.1
2026-02-15T14:43:21.193Z,0,20.47,50,OK,0.1
2026-02-15T14:43:21.243Z,0,20.39,50,OK,0.1
2026-02-15T14:43:21.294Z,0,20.42,50,OK,0.1
2026-02-15T14:43:21.344Z,0,20.37,50,OK,0.1
2026-02-15T14:43:21.394Z,0,20.36,50,OK,0.1
2026-02-15T14:43:21.445Z,0,20.33,50,OK,0.1
2026-02-15T14:43:21.495Z,0,20.31,50,OK,0.1
2026-02-15T14:43:21.545Z,0,20.32,50,OK,0.1
2026-02-15T14:43:21.596Z,0,20.31,50,OK,0.1
2026-02-15T14:43:21.645Z,0,20.35,50,OK,0.1
2026-02-15T14:43:21.695Z,0,20.33,50,OK,0.1
2026-02-15T14:43:21.745Z,0,20.32,50,OK,0.1
2026-02-15T14:43:21.796Z,0,20.33,50,OK,0.1
2026-02-15T14:43:21.847Z,0,20.33,50,OK,0.1
2026-02-15T14:43:21.898Z,0,20.33,50,OK,0.1
2026-02-15T14:43:21.947Z,0,20.33,50,OK,0.1
2026-02-15T14:43:21.998Z,0,20.36,50,OK,0.1
2026-02-15T14:43:22.049Z,0,20.33,50,OK,0.1
2026-02-15T14:43:22.099Z,0,20.33,50,OK,0.1
2026-02-15T14:43:22.150Z,0,20.30,50,OK,0.1
2026-02-15T14:43:22.200Z,0,20.29,50,OK,0.1
2026-02-15T14:43:22.250Z,0,20.29,50,OK,0.1
2026-02-15T14:43:22.301Z,0,20.30,50,OK,0.1
2026-02-15T14:43:22.352Z,0,20.32,50,OK,0.1
2026-02-15T14:43:22.402Z,0,20.32,50,OK,0.1
2026-02-15T14:43:22.453Z,0,20.31,50,OK,0.1
2026-02-15T14:43:22.503Z,0,20.30,50,OK,0.1
2026-02-15T14:43:22.553Z,0,20.27,50,OK,0.1
2026-02-15T14:43:22.604Z,0,20.24,50,OK,0.1
2026-02-15T14:43:22.654Z,0,20.23,50,OK,0.1
2026-02-15T14:43:22.705Z,0,20.22,50,OK,0.1
2026-02-15T14:43:22.754Z,0,20.23,50,OK,0.1
2026-02-15T14:43:22.804Z,0,20.23,50,OK,0.1
2026-02-15T14:43:22.855Z,0,20.26,50,OK,0.1
2026-02-15T14:43:22.905Z,0,20.27,50,OK,0.1
2026-02-15T14:43:22.956Z,0,20.29,50,OK,0.1
2026-02-15T14:43:23.005Z,0,20.27,50,OK,0.1
2026-02-15T14:43:23.055Z,0,20.27,50,OK,0.1
2026-02-15T14:43:23.106Z,0,20.25,50,OK,0.1
2026-02-15T14:43:23.156Z,0,20.23,50,OK,0.1
2026-02-15T14:43:23.207Z,0,20.22,50,OK,0.1
2026-02-15T14:43:23.257Z,0,20.25,50,OK,0.1
2026-02-15T14:43:23.307Z,0,20.26,50,OK,0.1
2026-02-15T14:43:23.358Z,0,20.28,50,OK,0.1
2026-02-15T14:43:23.408Z,0,20.30,50,OK,0.1
2026-02-15T14:43:23.458Z,0,20.33,50,OK,0.1
2026-02-15T14:43:23.509Z,0,20.33,50,OK,0.1
2026-02-15T14:43:23.560Z,0,20.33,50,OK,0.1
2026-02-15T14:43:23.610Z,0,20.33,50,OK,0.1
2026-02-15T14:43:23.660Z,0,20.26,50,OK,0.1
2026-02-15T14:43:23.709Z,0,20.28,50,OK,0.1
2026-02-15T14:43:23.760Z,0,20.30,50,OK,0.1
2026-02-15T14:43:23.810Z,0,20.31,50,OK,0.1
2026-02-15T14:43:23.860Z,0,20.25,50,OK,0.1
2026-02-15T14:43:23.911Z,0,20.32,50,OK,0.1
2026-02-15T14:43:23.962Z,0,20.28,50,OK,0.1
2026-02-15T14:43:24.013Z,0,20.24,50,OK,0.1
2026-02-15T14:43:24.063Z,0,20.33,50,OK,0.1
2026-02-15T14:43:24.114Z,0,20.36,50,OK,0.1
2026-02-15T14:43:24.164Z,0,20.37,50,OK,0.1
2026-02-15T14:43:24.214Z,0,20.42,50,OK,0.1
2026-02-15T14:43:24.264Z,0,20.48,50,OK,0.1
2026-02-15T14:43:24.314Z,0,20.39,50,OK,0.1
2026-02-15T14:43:24.364Z,0,20.35,50,OK,0.1
2026-02-15T14:43:24.415Z,0,20.34,50,OK,0.1
2026-02-15T14:43:24.464Z,0,20.30,50,OK,0.1
2026-02-15T14:43:24.515Z,0,20.24,50,OK,0.1
2026-02-15T14:43:24.566Z,0,20.24,50,OK,0.1
2026-02-15T14:43:24.615Z,0,20.33,50,OK,0.1
2026-02-15T14:43:24.665Z,0,20.34,50,OK,0.1
2026-02-15T14:43:24.716Z,0,20.35,50,OK,0.1
2026-02-15T14:43:24.766Z,0,20.33,50,OK,0.1
2026-02-15T14:43:24.816Z,0,20.35,50,OK,0.1
2026-02-15T14:43:24.867Z,0,20.33,50,OK,0.1
2026-02-15T14:43:24.917Z,0,20.31,50,OK,0.1
2026-02-15T14:43:24.968Z,0,20.31,50,OK,0.1
2026-02-15T14:43:25.018Z,0,20.34,50,OK,0.1
2026-02-15T14:43:25.069Z,0,20.33,50,OK,0.1
2026-02-15T14:43:25.119Z,0,20.35,50,OK,0.1
2026-02-15T14:43:25.169Z,0,20.38,50,OK,0.1
2026-02-15T14:43:25.220Z,0,20.36,50,OK,0.1
2026-02-15T14:43:25.270Z,0,20.33,50,OK,0.1
2026-02-15T14:43:25.319Z,0,20.34,50,OK,0.1
2026-02-15T14:43:25.370Z,0,20.26,50,OK,0.1
2026-02-15T14:43:25.421Z,0,20.32,50,OK,0.1
2026-02-15T14:43:25.472Z,0,20.32,50,OK,0.1
2026-02-15T14:43:25.521Z,0,20.35,50,OK,0.1
2026-02-15T14:43:25.571Z,0,20.38,50,OK,0.1
2026-02-15T14:43:25.622Z,0,20.47,50,OK,0.1
2026-02-15T14:43:25.673Z,0,20.37,50,OK,0.1
2026-02-15T14:43:25.722Z,0,20.39,50,OK,0.1
2026-02-15T14:43:25.773Z,0,20.37,50,OK,0.1
2026-02-15T14:43:25.823Z,0,20.32,50,OK,0.1
2026-02-15T14:43:25.872Z,0,20.28,50,OK,0.1
2026-02-15T14:43:25.922Z,0,20.32,50,OK,0.1
2026-02-15T14:43:25.972Z,0,20.27,50,OK,0.1
2026-02-15T14:43:26.022Z,0,20.24,50,OK,0.1
2026-02-15T14:43:26.072Z,0,20.22,50,OK,0.1
2026-02-15T14:43:26.123Z,0,20.20,50,OK,0.1
2026-02-15T14:43:26.172Z,0,20.25,50,OK,0.1
2026-02-15T14:43:26.223Z,0,20.28,50,OK,0.1
2026-02-15T14:43:26.274Z,0,20.27,50,OK,0.1
2026-02-15T14:43:26.325Z,0,20.31,50,OK,0.1
2026-02-15T14:43:26.376Z,0,20.42,50,OK,0.1
2026-02-15T14:43:26.425Z,0,20.36,50,OK,0.1
2026-02-15T14:43:26.476Z,0,20.32,50,OK,0.1
2026-02-15T14:43:26.526Z,0,20.40,50,OK,0.1
2026-02-15T14:43:26.577Z,0,20.42,50,OK,0.1
2026-02-15T14:43:26.627Z,0,20.34,50,OK,0.1
2026-02-15T14:43:26.677Z,0,20.41,50,OK,0.1
2026-02-15T14:43:26.728Z,0,20.46,50,OK,0.1
2026-02-15T14:43:26.777Z,0,20.43,50,OK,0.1
2026-02-15T14:43:26.828Z,0,20.49,50,OK,0.1
2026-02-15T14:43:26.878Z,0,20.51,50,OK,0.1
2026-02-15T14:43:26.929Z,0,20.50,50,OK,0.1
2026-02-15T14:43:26.978Z,0,20.49,50,OK,0.1
2026-02-15T14:43:27.029Z,0,20.47,50,OK,0.1
2026-02-15T14:43:27.079Z,0,20.35,50,OK,0.1
2026-02-15T14:43:27.129Z,0,20.33,50,OK,0.1
2026-02-15T14:43:27.178Z,0,20.26,50,OK,0.1
2026-02-15T14:43:27.229Z,0,20.26,50,OK,0.1
2026-02-15T14:43:27.279Z,0,20.31,50,OK,0.1
2026-02-15T14:43:27.329Z,0,20.35,50,OK,0.1
2026-02-15T14:43:27.379Z,0,20.44,50,OK,0.1
2026-02-15T14:43:27.428Z,0,20.52,50,OK,0.1
2026-02-15T14:43:27.479Z,0,20.55,50,OK,0.1
2026-02-15T14:43:27.529Z,0,20.52,50,OK,0.1
2026-02-15T14:43:27.579Z,0,20.52,50,OK,0.1
2026-02-15T14:43:27.628Z,0,20.44,50,OK,0.1
2026-02-15T14:43:27.678Z,0,20.43,50,OK,0.1
2026-02-15T14:43:27.728Z,0,20.40,50,OK,0.1
2026-02-15T14:43:27.778Z,0,20.42,50,OK,0.1
2026-02-15T14:43:27.829Z,0,20.46,50,OK,0.1
2026-02-15T14:43:27.879Z,0,20.43,50,OK,0.1
2026-02-15T14:43:27.929Z,0,20.43,50,OK,0.1
2026-02-15T14:43:27.979Z,0,20.45,50,OK,0.1
2026-02-15T14:43:28.028Z,0,20.46,50,OK,0.1
2026-02-15T14:43:28.078Z,0,20.41,50,OK,0.1
2026-02-15T14:43:28.129Z,0,20.46,50,OK,0.1
2026-02-15T14:43:28.179Z,0,20.41,50,OK,0.1
2026-02-15T14:43:28.230Z,0,20.37,50,OK,0.1
2026-02-15T14:43:28.280Z,0,20.38,50,OK,0.1
2026-02-15T14:43:28.330Z,0,20.37,50,OK,0.1
2026-02-15T14:43:28.381Z,0,20.29,50,OK,0.1
2026-02-15T14:43:28.431Z,0,20.31,50,OK,0.1
2026-02-15T14:43:28.481Z,0,20.37,50,OK,0.1
2026-02-15T14:43:28.532Z,0,20.33,50,OK,0.1
2026-02-15T14:43:28.583Z,0,20.33,50,OK,0.1
2026-02-15T14:43:28.633Z,0,20.35,50,OK,0.1
2026-02-15T14:43:28.683Z,0,20.34,50,OK,0.1
2026-02-15T14:43:28.733Z,0,20.30,50,OK,0.1
2026-02-15T14:43:28.784Z,0,20.37,50,OK,0.1
2026-02-15T14:43:28.834Z,0,20.33,50,OK,0.1
2026-02-15T14:43:28.883Z,0,20.40,50,OK,0.1
2026-02-15T14:43:28.933Z,0,20.39,50,OK,0.1
2026-02-15T14:43:28.983Z,0,20.38,50,OK,0.1
2026-02-15T14:43:29.033Z,0,20.40,50,OK,0.1
2026-02-15T14:43:29.084Z,0,20.42,50,OK,0.1
2026-02-15T14:43:29.135Z,0,20.35,50,OK,0.1
2026-02-15T14:43:29.185Z,0,20.36,50,OK,0.1
2026-02-15T14:43:29.235Z,0,20.36,50,OK,0.1
2026-02-15T14:43:29.285Z,0,20.20,50,OK,0.1
2026-02-15T14:43:29.336Z,0,20.19,50,OK,0.1
2026-02-15T14:43:29.385Z,0,20.11,50,OK,0.1
2026-02-15T14:43:29.436Z,0,20.10,50,OK,0.1
2026-02-15T14:43:29.487Z,0,20.15,50,OK,0.1
2026-02-15T14:43:29.537Z,0,20.22,50,OK,0.1
2026-02-15T14:43:29.587Z,0,20.16,50,OK,0.1
2026-02-15T14:43:29.637Z,0,20.23,50,OK,0.1
2026-02-15T14:43:29.687Z,0,20.22,50,OK,0.1
2026-02-15T14:43:29.737Z,0,20.17,50,OK,0.1
2026-02-15T14:43:29.787Z,0,20.12,50,OK,0.1
2026-02-15T14:43:29.837Z,0,20.20,50,OK,0.1
2026-02-15T14:43:29.888Z,0,20.21,50,OK,0.1
2026-02-15T14:43:29.938Z,0,20.25,50,OK,0.1
2026-02-15T14:43:29.989Z,0,20.33,50,OK,0.1
2026-02-15T14:43:30.039Z,0,20.41,50,OK,0.1
2026-02-15T14:43:30.090Z,0,20.18,50,OK,0.1
2026-02-15T14:43:30.140Z,0,20.20,50,OK,0.1
2026-02-15T14:43:30.190Z,0,20.18,50,OK,0.1
2026-02-15T14:43:30.241Z,0,20.11,50,OK,0.1
2026-02-15T14:43:30.292Z,0,20.08,50,OK,0.1
2026-02-15T14:43:30.343Z,0,20.30,50,OK,0.1
2026-02-15T14:43:30.394Z,0,20.27,50,OK,0.1
2026-02-15T14:43:30.445Z,0,20.21,50,OK,0.1
2026-02-15T14:43:30.495Z,0,20.21,50,OK,0.1
2026-02-15T14:43:30.546Z,0,20.30,50,OK,0.1
2026-02-15T14:43:30.597Z,0,20.30,50,OK,0.1
2026-02-15T14:43:30.648Z,0,20.37,50,OK,0.1
2026-02-15T14:43:30.699Z,0,20.46,50,OK,0.1
2026-02-15T14:43:30.750Z,0,20.40,50,OK,0.1
2026-02-15T14:43:30.801Z,0,20.32,50,OK,0.1
2026-02-15T14:43:30.851Z,0,20.36,50,OK,0.1
2026-02-15T14:43:30.902Z,0,20.29,50,OK,0.1
2026-02-15T14:43:30.952Z,0,20.26,50,OK,0.1
2026-02-15T14:43:31.001Z,0,20.35,50,OK,0.1
2026-02-15T14:43:31.052Z,0,20.43,50,OK,0.1
2026-02-15T14:43:31.102Z,0,20.39,50,OK,0.1
2026-02-15T14:43:31.152Z,0,20.43,50,OK,0.1
2026-02-15T14:43:31.201Z,0,20.47,50,OK,0.1
2026-02-15T14:43:31.252Z,0,20.46,50,OK,0.1
2026-02-15T14:43:31.302Z,0,20.38,50,OK,0.1
2026-02-15T14:43:31.352Z,0,20.39,50,OK,0.1
2026-02-15T14:43:31.402Z,0,20.39,50,OK,0.1
2026-02-15T14:43:31.453Z,0,20.34,50,OK,0.1
2026-02-15T14:43:31.504Z,0,20.33,50,OK,0.1
2026-02-15T14:43:31.555Z,0,20.33,50,OK,0.1
2026-02-15T14:43:31.606Z,0,20.35,50,OK,0.1
2026-02-15T14:43:31.656Z,0,20.35,50,OK,0.1
2026-02-15T14:43:31.707Z,0,20.38,50,OK,0.1
2026-02-15T14:43:31.756Z,0,20.38,50,OK,0.1
2026-02-15T14:43:31.806Z,0,20.48,50,OK,0.1
2026-02-15T14:43:31.856Z,0,20.46,50,OK,0.1
2026-02-15T14:43:31.907Z,0,20.54,50,OK,0.1
2026-02-15T14:43:31.958Z,0,20.52,50,OK,0.1
2026-02-15T14:43:32.009Z,0,20.59,50,OK,0.1
2026-02-15T14:43:32.060Z,0,20.51,50,OK,0.1
2026-02-15T14:43:32.110Z,0,20.48,50,OK,0.1
2026-02-15T14:43:32.160Z,0,20.37,50,OK,0.1
2026-02-15T14:43:32.210Z,0,20.52,50,OK,0.1
2026-02-15T14:43:32.261Z,0,20.47,50,OK,0.1
2026-02-15T14:43:32.310Z,0,20.53,50,OK,0.1
2026-02-15T14:43:32.360Z,0,20.55,50,OK,0.1
2026-02-15T14:43:32.410Z,0,20.59,50,OK,0.1
2026-02-15T14:43:32.461Z,0,20.45,50,OK,0.1
2026-02-15T14:43:32.511Z,0,20.42,50,OK,0.1
2026-02-15T14:43:32.562Z,0,20.31,50,OK,0.1
2026-02-15T14:43:32.613Z,0,20.36,50,OK,0.1
2026-02-15T14:43:32.663Z,0,20.34,50,OK,0.1
2026-02-15T14:43:32.714Z,0,20.18,50,OK,0.1
2026-02-15T14:43:32.763Z,0,20.14,50,OK,0.1
2026-02-15T14:43:32.813Z,0,20.01,50,OK,0.1
2026-02-15T14:43:32.864Z,0,19.98,50,OK,0.1
2026-02-15T14:43:32.914Z,0,19.85,50,OK,0.1
2026-02-15T14:43:32.965Z,0,20.01,50,OK,0.1
2026-02-15T14:43:33.015Z,0,19.96,50,OK,0.1
2026-02-15T14:43:33.065Z,0,20.15,50,OK,0.1
2026-02-15T14:43:33.116Z,0,20.02,50,OK,0.1
2026-02-15T14:43:33.167Z,0,20.14,50,OK,0.1
2026-02-15T14:43:33.216Z,0,20.23,50,OK,0.1
2026-02-15T14:43:33.266Z,0,20.33,50,OK,0.1
2026-02-15T14:43:33.317Z,0,20.22,50,OK,0.1
2026-02-15T14:43:33.367Z,0,20.35,50,OK,0.1
2026-02-15T14:43:33.418Z,0,20.55,50,OK,0.1
2026-02-15T14:43:33.468Z,0,20.49,50,OK,0.1
2026-02-15T14:43:33.518Z,0,20.58,50,OK,0.1
2026-02-15T14:43:33.568Z,0,20.68,50,OK,0.1
2026-02-15T14:43:33.619Z,0,20.70,50,OK,0.1
2026-02-15T14:43:33.670Z,0,20.48,50,OK,0.1
2026-02-15T14:43:33.721Z,0,20.45,50,OK,0.1
2026-02-15T14:43:33.772Z,0,20.38,50,OK,0.1
2026-02-15T14:43:33.823Z,0,20.32,50,OK,0.1
2026-02-15T14:43:33.874Z,0,20.26,50,OK,0.1
2026-02-15T14:43:33.924Z,0,20.13,50,OK,0.1
2026-02-15T14:43:33.973Z,0,20.17,50,OK,0.1
2026-02-15T14:43:34.023Z,0,20.12,50,OK,0.1
2026-02-15T14:43:34.074Z,0,20.19,50,OK,0.1
2026-02-15T14:43:34.125Z,0,20.18,50,OK,0.1
2026-02-15T14:43:34.176Z,0,20.35,50,OK,0.1
2026-02-15T14:43:34.227Z,0,20.25,50,OK,0.1
2026-02-15T14:43:34.278Z,0,20.27,50,OK,0.1
2026-02-15T14:43:34.328Z,0,20.13,50,OK,0.1
2026-02-15T14:43:34.379Z,0,20.18,50,OK,0.1
2026-02-15T14:43:34.429Z,0,20.01,50,OK,0.1
2026-02-15T14:43:34.478Z,0,20.08,50,OK,0.1
2026-02-15T14:43:34.528Z,0,20.22,50,OK,0.1
2026-02-15T14:43:34.578Z,0,20.37,50,OK,0.1
2026-02-15T14:43:34.629Z,0,20.32,50,OK,0.1
2026-02-15T14:43:34.680Z,0,20.51,50,OK,0.1
2026-02-15T14:43:34.731Z,0,20.52,50,OK,0.1
2026-02-15T14:43:34.781Z,0,20.38,50,OK,0.1
2026-02-15T14:43:34.832Z,0,20.35,50,OK,0.1
2026-02-15T14:43:34.882Z,0,20.37,50,OK,0.1
2026-02-15T14:43:34.933Z,0,20.33,50,OK,0.1
2026-02-15T14:43:34.983Z,0,20.27,50,OK,0.1
2026-02-15T14:43:35.034Z,0,20.30,50,OK,0.1
2026-02-15T14:43:35.084Z,0,20.31,50,OK,0.1
2026-02-15T14:43:35.134Z,0,20.35,50,OK,0.1
2026-02-15T14:43:35.185Z,0,20.35,50,OK,0.1
2026-02-15T14:43:35.234Z,0,20.42,50,OK,0.1
2026-02-15T14:43:35.285Z,0,20.40,50,OK,0.1
2026-02-15T14:43:35.334Z,0,20.46,50,OK,0.1
2026-02-15T14:43:35.385Z,0,20.34,50,OK,0.1
2026-02-15T14:43:35.435Z,0,20.40,50,OK,0.1
2026-02-15T14:43:35.485Z,0,20.34,50,OK,0.1
2026-02-15T14:43:35.536Z,0,20.42,50,OK,0.1
2026-02-15T14:43:35.586Z,0,20.33,50,OK,0.1
2026-02-15T14:43:35.636Z,0,20.30,50,OK,0.1
2026-02-15T14:43:35.686Z,0,20.24,50,OK,0.1
2026-02-15T14:43:35.735Z,0,20.27,50,OK,0.1
2026-02-15T14:43:35.786Z,0,20.20,50,OK,0.1
2026-02-15T14:43:35.836Z,0,20.30,50,OK,0.1
2026-02-15T14:43:35.887Z,0,20.42,50,OK,0.1
2026-02-15T14:43:35.938Z,0,20.46,50,OK,0.1
2026-02-15T14:43:35.988Z,0,20.42,50,OK,0.1
2026-02-15T14:43:36.037Z,0,20.26,50,OK,0.1
2026-02-15T14:43:36.088Z,0,20.15,50,OK,0.1
2026-02-15T14:43:36.138Z,0,19.99,50,OK,0.1
2026-02-15T14:43:36.188Z,0,19.92,50,OK,0.1
2026-02-15T14:43:36.237Z,0,19.97,50,OK,0.1
2026-02-15T14:43:36.287Z,0,20.00,50,OK,0.1
2026-02-15T14:43:36.338Z,0,20.12,50,OK,0.1
2026-02-15T14:43:36.389Z,0,20.30,50,OK,0.1
2026-02-15T14:43:36.438Z,0,20.38,50,OK,0.1
2026-02-15T14:43:36.489Z,0,20.39,50,OK,0.1
2026-02-15T14:43:36.539Z,0,20.48,50,OK,0.1
2026-02-15T14:43:36.590Z,0,20.38,50,OK,0.1
2026-02-15T14:43:36.640Z,0,20.41,50,OK,0.1
2026-02-15T14:43:36.690Z,0,20.36,50,OK,0.1
2026-02-15T14:43:36.740Z,0,20.38,50,OK,0.1
2026-02-15T14:43:36.790Z,0,20.40,50,OK,0.1
2026-02-15T14:43:36.840Z,0,20.45,50,OK,0.1
2026-02-15T14:43:36.891Z,0,20.38,50,OK,0.1
2026-02-15T14:43:36.942Z,0,20.34,50,OK,0.1
2026-02-15T14:43:36.993Z,0,20.29,50,OK,0.1
2026-02-15T14:43:37.043Z,0,20.22,50,OK,0.1
2026-02-15T14:43:37.094Z,0,20.18,50,OK,0.1
2026-02-15T14:43:37.145Z,0,20.27,50,OK,0.1
2026-02-15T14:43:37.195Z,0,20.38,50,OK,0.1
2026-02-15T14:43:37.246Z,0,20.31,50,OK,0.1
2026-02-15T14:43:37.297Z,0,20.41,50,OK,0.1
2026-02-15T14:43:37.347Z,0,20.45,50,OK,0.1
2026-02-15T14:43:37.397Z,0,20.39,50,OK,0.1
2026-02-15T14:43:37.448Z,0,20.42,50,OK,0.1
2026-02-15T14:43:37.499Z,0,20.50,50,OK,0.1
2026-02-15T14:43:37.550Z,0,20.52,50,OK,0.1
2026-02-15T14:43:37.601Z,0,20.48,50,OK,0.1
2026-02-15T14:43:37.650Z,0,20.45,50,OK,0.1
2026-02-15T14:43:37.700Z,0,20.40,50,OK,0.1
2026-02-15T14:43:37.750Z,0,20.38,50,OK,0.1
2026-02-15T14:43:37.801Z,0,20.34,50,OK,0.1
2026-02-15T14:43:37.852Z,0,20.38,50,OK,0.1
2026-02-15T14:43:37.903Z,0,20.38,50,OK,0.1
2026-02-15T14:43:37.954Z,0,20.36,50,OK,0.1
2026-02-15T14:43:38.003Z,0,20.29,50,OK,0.1
2026-02-15T14:43:38.053Z,0,20.24,50,OK,0.1
2026-02-15T14:43:38.104Z,0,20.26,50,OK,0.1
2026-02-15T14:43:38.153Z,0,20.26,50,OK,0.1
2026-02-15T14:43:38.204Z,0,20.28,50,OK,0.1
2026-02-15T14:43:38.254Z,0,20.35,50,OK,0.1
2026-02-15T14:43:38.305Z,0,20.41,50,OK,0.1
2026-02-15T14:43:38.355Z,0,20.36,50,OK,0.1
2026-02-15T14:43:38.406Z,0,20.33,50,OK,0.1
2026-02-15T14:43:38.456Z,0,20.33,50,OK,0.1
2026-02-15T14:43:38.507Z,0,20.37,50,OK,0.1
2026-02-15T14:43:38.557Z,0,20.34,50,OK,0.1
2026-02-15T14:43:38.606Z,0,20.36,50,OK,0.1
2026-02-15T14:43:38.657Z,0,20.41,50,OK,0.1
2026-02-15T14:43:38.706Z,0,20.38,50,OK,0.1
2026-02-15T14:43:38.757Z,0,20.35,50,OK,0.1
2026-02-15T14:43:38.808Z,0,20.33,50,OK,0.1
2026-02-15T14:43:38.857Z,0,20.37,50,OK,0.1
2026-02-15T14:43:38.908Z,0,20.37,50,OK,0.1
2026-02-15T14:43:38.958Z,0,20.40,50,OK,0.1
2026-02-15T14:43:39.008Z,0,20.40,50,OK,0.1
2026-02-15T14:43:39.058Z,0,20.47,50,OK,0.1
2026-02-15T14:43:39.107Z,0,20.40,50,OK,0.1
2026-02-15T14:43:39.158Z,0,20.43,50,OK,0.1
2026-02-15T14:43:39.207Z,0,20.38,50,OK,0.1
2026-02-15T14:43:39.257Z,0,20.39,50,OK,0.1
2026-02-15T14:43:39.308Z,0,20.39,50,OK,0.1
2026-02-15T14:43:39.358Z,0,20.41,50,OK,0.1
2026-02-15T14:43:39.409Z,0,20.55,50,OK,0.1
2026-02-15T14:43:39.459Z,0,20.58,50,OK,0.1
2026-02-15T14:43:39.510Z,0,20.59,50,OK,0.1
2026-02-15T14:43:39.560Z,0,20.56,50,OK,0.1
2026-02-15T14:43:39.611Z,0,20.55,50,OK,0.1
2026-02-15T14:43:39.662Z,0,20.38,50,OK,0.1
2026-02-15T14:43:39.713Z,0,20.37,50,OK,0.1
2026-02-15T14:43:39.764Z,0,20.37,50,OK,0.1
2026-02-15T14:43:39.814Z,0,20.36,50,OK,0.1
2026-02-15T14:43:39.863Z,0,20.37,50,OK,0.1
2026-02-15T14:43:39.914Z,0,20.30,50,OK,0.1
2026-02-15T14:43:39.965Z,0,20.28,50,OK,0.1
2026-02-15T14:43:40.014Z,0,20.27,50,OK,0.1
2026-02-15T14:43:40.065Z,0,20.25,50,OK,0.1
2026-02-15T14:43:40.116Z,0,20.18,50,OK,0.1
2026-02-15T14:43:40.167Z,0,20.24,50,OK,0.1
2026-02-15T14:43:40.218Z,0,20.25,50,OK,0.1
2026-02-15T14:43:40.268Z,0,20.27,50,OK,0.1
2026-02-15T14:43:40.318Z,0,20.28,50,OK,0.1
2026-02-15T14:43:40.367Z,0,20.38,50,OK,0.1
2026-02-15T14:43:40.418Z,0,20.40,50,OK,0.1
2026-02-15T14:43:40.467Z,0,20.41,50,OK,0.1
2026-02-15T14:43:40.518Z,0,20.39,50,OK,0.1
2026-02-15T14:43:40.568Z,0,20.42,50,OK,0.1
2026-02-15T14:43:40.619Z,0,20.39,50,OK,0.1
2026-02-15T14:43:40.669Z,0,20.40,50,OK,0.1
2026-02-15T14:43:40.720Z,0,20.19,50,OK,0.1
2026-02-15T14:43:40.771Z,0,20.21,50,OK,0.1
2026-02-15T14:43:40.817Z,0,20.16,50,OK,0.1
2026-02-15T14:43:40.868Z,0,20.16,50,OK,0.1
2026-02-15T14:43:40.918Z,0,20.13,50,OK,0.1
2026-02-15T14:43:40.968Z,0,20.35,50,OK,0.1
2026-02-15T14:43:41.018Z,0,20.32,50,OK,0.1
2026-02-15T14:43:41.069Z,0,20.33,50,OK,0.1
2026-02-15T14:43:41.119Z,0,20.33,50,OK,0.1
2026-02-15T14:43:41.170Z,0,20.34,50,OK,0.1
2026-02-15T14:43:41.221Z,0,20.35,50,OK,0.1
2026-02-15T14:43:41.272Z,0,20.36,50,OK,0.1
2026-02-15T14:43:41.322Z,0,20.40,50,OK,0.1
2026-02-15T14:43:41.372Z,0,20.39,50,OK,0.1
2026-02-15T14:43:41.422Z,0,20.38,50,OK,0.1
2026-02-15T14:43:41.472Z,0,20.36,50,OK,0.1
2026-02-15T14:43:41.522Z,0,20.40,50,OK,0.1
2026-02-15T14:43:41.573Z,0,20.39,50,OK,0.1
2026-02-15T14:43:41.623Z,0,20.36,50,OK,0.1
2026-02-15T14:43:41.673Z,0,20.37,50,OK,0.1
2026-02-15T14:43:41.723Z,0,20.38,50,OK,0.1
2026-02-15T14:43:41.774Z,0,20.34,50,OK,0.1
2026-02-15T14:43:41.824Z,0,20.32,50,OK,0.1
2026-02-15T14:43:41.874Z,0,20.38,50,OK,0.1
2026-02-15T14:43:41.925Z,0,20.36,50,OK,0.1
2026-02-15T14:43:41.975Z,0,20.36,50,OK,0.1
2026-02-15T14:43:42.025Z,0,20.34,50,OK,0.1
2026-02-15T14:43:42.076Z,0,20.35,50,OK,0.1
2026-02-15T14:43:42.126Z,0,20.40,50,OK,0.1
2026-02-15T14:43:42.176Z,0,20.42,50,OK,0.1
2026-02-15T14:43:42.226Z,0,20.36,50,OK,0.1
2026-02-15T14:43:42.276Z,0,20.36,50,OK,0.1
2026-02-15T14:43:42.326Z,0,20.34,50,OK,0.1
2026-02-15T14:43:42.377Z,0,20.28,50,OK,0.1
2026-02-15T14:43:42.428Z,0,20.19,50,OK,0.1
2026-02-15T14:43:42.478Z,0,20.22,50,OK,0.1
2026-02-15T14:43:42.528Z,0,20.25,50,OK,0.1
2026-02-15T14:43:42.578Z,0,20.24,50,OK,0.1
2026-02-15T14:43:42.630Z,0,20.27,50,OK,0.1
2026-02-15T14:43:42.680Z,0,20.40,50,OK,0.1
2026-02-15T14:43:42.732Z,0,20.41,50,OK,0.1
2026-02-15T14:43:42.782Z,0,20.32,50,OK,0.1
2026-02-15T14:43:42.833Z,0,20.31,50,OK,0.1
2026-02-15T14:43:42.883Z,0,20.28,50,OK,0.1
2026-02-15T14:43:42.934Z,0,20.17,50,OK,0.1
2026-02-15T14:43:42.984Z,0,20.19,50,OK,0.1
2026-02-15T14:43:43.036Z,0,20.32,50,OK,0.1
2026-02-15T14:43:43.087Z,0,20.36,50,OK,0.1
2026-02-15T14:43:43.137Z,0,20.36,50,OK,0.1
2026-02-15T14:43:43.188Z,0,20.40,50,OK,0.1
2026-02-15T14:43:43.238Z,0,20.38,50,OK,0.1
2026-02-15T14:43:43.289Z,0,20.30,50,OK,0.1
2026-02-15T14:43:43.339Z,0,20.27,50,OK,0.1
2026-02-15T14:43:43.389Z,0,20.26,50,OK,0.1
2026-02-15T14:43:43.441Z,0,20.24,50,OK,0.1
2026-02-15T14:43:43.492Z,0,20.26,50,OK,0.1
2026-02-15T14:43:43.542Z,0,20.25,50,OK,0.1
2026-02-15T14:43:43.592Z,0,20.29,50,OK,0.1
2026-02-15T14:43:43.642Z,0,20.25,50,OK,0.1
2026-02-15T14:43:43.692Z,0,20.34,50,OK,0.1
2026-02-15T14:43:43.742Z,0,20.35,50,OK,0.1
2026-02-15T14:43:43.793Z,0,20.38,50,OK,0.1
2026-02-15T14:43:43.843Z,0,20.42,50,OK,0.1
2026-02-15T14:43:43.894Z,0,20.45,50,OK,0.1
2026-02-15T14:43:43.945Z,0,20.43,50,OK,0.1
2026-02-15T14:43:43.996Z,0,20.40,50,OK,0.1
2026-02-15T14:43:44.046Z,0,20.39,50,OK,0.1
2026-02-15T14:43:44.096Z,0,20.37,50,OK,0.1
2026-02-15T14:43:44.147Z,0,20.19,50,OK,0.1
2026-02-15T14:43:44.197Z,0,20.17,50,OK,0.1
2026-02-15T14:43:44.247Z,0,20.30,50,OK,0.1
2026-02-15T14:43:44.297Z,0,20.29,50,OK,0.1
2026-02-15T14:43:44.347Z,0,20.34,50,OK,0.1
2026-02-15T14:43:44.398Z,0,20.52,50,OK,0.1
2026-02-15T14:43:44.449Z,0,20.66,50,OK,0.1
2026-02-15T14:43:44.499Z,0,20.53,50,OK,0.1
2026-02-15T14:43:44.550Z,0,20.58,50,OK,0.1
2026-02-15T14:43:44.601Z,0,20.49,50,OK,0.1
2026-02-15T14:43:44.652Z,0,20.53,50,OK,0.1
2026-02-15T14:43:44.704Z,0,20.40,50,OK,0.1
2026-02-15T14:43:44.754Z,0,20.27,50,OK,0.1
2026-02-15T14:43:44.804Z,0,20.22,50,OK,0.1
2026-02-15T14:43:44.855Z,0,20.17,50,OK,0.1
2026-02-15T14:43:44.907Z,0,20.12,50,OK,0.1
2026-02-15T14:43:44.957Z,0,20.21,50,OK,0.1
2026-02-15T14:43:45.007Z,0,20.37,50,OK,0.1
2026-02-15T14:43:45.059Z,0,20.45,50,OK,0.1
2026-02-15T14:43:45.110Z,0,20.54,50,OK,0.1
2026-02-15T14:43:45.160Z,0,20.63,50,OK,0.1
2026-02-15T14:43:45.211Z,0,20.53,50,OK,0.1
2026-02-15T14:43:45.261Z,0,20.59,50,OK,0.1
2026-02-15T14:43:45.311Z,0,20.55,50,OK,0.1
2026-02-15T14:43:45.361Z,0,20.45,50,OK,0.1
2026-02-15T14:43:45.411Z,0,20.37,50,OK,0.1
2026-02-15T14:43:45.462Z,0,20.36,50,OK,0.1
2026-02-15T14:43:45.513Z,0,20.28,50,OK,0.1
2026-02-15T14:43:45.563Z,0,20.13,50,OK,0.1
2026-02-15T14:43:45.613Z,0,20.19,50,OK,0.1
2026-02-15T14:43:45.665Z,0,20.16,50,OK,0.1
2026-02-15T14:43:45.716Z,0,20.17,50,OK,0.1
2026-02-15T14:43:45.766Z,0,20.15,50,OK,0.1
2026-02-15T14:43:45.816Z,0,20.26,50,OK,0.1
2026-02-15T14:43:45.867Z,0,20.31,50,OK,0.1
2026-02-15T14:43:45.917Z,0,20.31,50,OK,0.1
2026-02-15T14:43:45.967Z,0,20.20,50,OK,0.1
2026-02-15T14:43:46.017Z,0,20.21,50,OK,0.1
2026-02-15T14:43:46.067Z,0,20.21,50,OK,0.1
2026-02-15T14:43:46.117Z,0,20.17,50,OK,0.1
2026-02-15T14:43:46.168Z,0,20.18,50,OK,0.1
2026-02-15T14:43:46.219Z,0,20.29,50,OK,0.1
2026-02-15T14:43:46.269Z,0,20.29,50,OK,0.1
2026-02-15T14:43:46.319Z,0,20.27,50,OK,0.1
2026-02-15T14:43:46.370Z,0,20.24,50,OK,0.1
2026-02-15T14:43:46.420Z,0,20.25,50,OK,0.1
2026-02-15T14:43:46.471Z,0,20.21,50,OK,0.1
2026-02-15T14:43:46.521Z,0,20.27,50,OK,0.1
2026-02-15T14:43:46.572Z,0,20.36,50,OK,0.1
2026-02-15T14:43:46.622Z,0,20.42,50,OK,0.1
2026-02-15T14:43:46.672Z,0,20.33,50,OK,0.1
2026-02-15T14:43:46.722Z,0,20.35,50,OK,0.1
2026-02-15T14:43:46.772Z,0,20.25,50,OK,0.1
2026-02-15T14:43:46.822Z,0,20.17,50,OK,0.1
2026-02-15T14:43:46.872Z,0,20.09,50,OK,0.1
2026-02-15T14:43:46.923Z,0,20.17,50,OK,0.1
2026-02-15T14:43:46.973Z,0,20.21,50,OK,0.1
2026-02-15T14:43:47.023Z,0,20.26,50,OK,0.1
2026-02-15T14:43:47.074Z,0,20.33,50,OK,0.1
2026-02-15T14:43:47.124Z,0,20.41,50,OK,0.1
2026-02-15T14:43:47.174Z,0,20.49,50,OK,0.1
2026-02-15T14:43:47.224Z,0,20.46,50,OK,0.1
2026-02-15T14:43:47.274Z,0,20.57,50,OK,0.1
2026-02-15T14:43:47.324Z,0,20.53,50,OK,0.1
2026-02-15T14:43:47.374Z,0,20.39,50,OK,0.1
2026-02-15T14:43:47.424Z,0,20.34,50,OK,0.1
2026-02-15T14:43:47.474Z,0,20.37,50,OK,0.1
2026-02-15T14:43:47.523Z,0,20.29,50,OK,0.1
2026-02-15T14:43:47.574Z,0,20.27,50,OK,0.1
2026-02-15T14:43:47.624Z,0,20.44,50,OK,0.1
2026-02-15T14:43:47.675Z,0,20.42,50,OK,0.1
2026-02-15T14:43:47.725Z,0,20.38,50,OK,0.1
2026-02-15T14:43:47.776Z,0,20.38,50,OK,0.1
2026-02-15T14:43:47.826Z,0,20.40,50,OK,0.1
2026-02-15T14:43:47.878Z,0,20.33,50,OK,0.1
2026-02-15T14:43:47.928Z,0,20.26,50,OK,0.1
2026-02-15T14:43:47.978Z,0,20.27,50,OK,0.1
2026-02-15T14:43:48.028Z,0,20.26,50,OK,0.1
2026-02-15T14:43:48.078Z,0,20.27,50,OK,0.1
2026-02-15T14:43:48.128Z,0,20.34,50,OK,0.1
2026-02-15T14:43:48.178Z,0,20.39,50,OK,0.1
2026-02-15T14:43:48.229Z,0,20.37,50,OK,0.1
2026-02-15T14:43:48.279Z,0,20.36,50,OK,0.1
2026-02-15T14:43:48.329Z,0,20.32,50,OK,0.1
2026-02-15T14:43:48.380Z,0,20.22,50,OK,0.1
2026-02-15T14:43:48.431Z,0,20.30,50,OK,0.1
2026-02-15T14:43:48.481Z,0,20.38,50,OK,0.1
2026-02-15T14:43:48.532Z,0,20.44,50,OK,0.1
2026-02-15T14:43:48.582Z,0,20.35,50,OK,0.1
2026-02-15T14:43:48.632Z,0,20.41,50,OK,0.1
2026-02-15T14:43:48.682Z,0,20.33,50,OK,0.1
2026-02-15T14:43:48.732Z,0,20.24,50,OK,0.1
2026-02-15T14:43:48.782Z,0,20.22,50,OK,0.1
2026-02-15T14:43:48.832Z,0,20.31,50,OK,0.1
2026-02-15T14:43:48.882Z,0,20.25,50,OK,0.1
2026-02-15T14:43:48.932Z,0,20.28,50,OK,0.1
2026-02-15T14:43:48.982Z,0,20.35,50,OK,0.1
2026-02-15T14:43:49.033Z,0,20.27,50,OK,0.1
2026-02-15T14:43:49.083Z,0,20.13,50,OK,0.1
2026-02-15T14:43:49.133Z,0,20.08,50,OK,0.1
2026-02-15T14:43:49.185Z,0,20.04,50,OK,0.1
2026-02-15T14:43:49.235Z,0,19.97,50,OK,0.1
2026-02-15T14:43:49.286Z,0,20.09,50,OK,0.1
2026-02-15T14:43:49.336Z,0,20.20,50,OK,0.1
2026-02-15T14:43:49.386Z,0,20.48,50,OK,0.1
2026-02-15T14:43:49.437Z,0,20.54,50,OK,0.1
2026-02-15T14:43:49.487Z,0,20.67,50,OK,0.1
2026-02-15T14:43:49.537Z,0,20.63,50,OK,0.1
2026-02-15T14:43:49.587Z,0,20.66,50,OK,0.1
2026-02-15T14:43:49.637Z,0,20.49,50,OK,0.1
2026-02-15T14:43:49.688Z,0,20.51,50,OK,0.1
2026-02-15T14:43:49.738Z,0,20.39,50,OK,0.1
2026-02-15T14:43:49.788Z,0,20.36,50,OK,0.1
2026-02-15T14:43:49.839Z,0,20.36,50,OK,0.1
2026-02-15T14:43:49.889Z,0,20.37,50,OK,0.1
2026-02-15T14:43:49.940Z,0,20.33,50,OK,0.1
2026-02-15T14:43:49.990Z,0,20.38,50,OK,0.1
2026-02-15T14:43:50.042Z,0,20.39,50,OK,0.1
2026-02-15T14:43:50.092Z,0,20.47,50,OK,0.1
2026-02-15T14:43:50.142Z,0,20.47,50,OK,0.1
2026-02-15T14:43:50.193Z,0,20.42,50,OK,0.1
2026-02-15T14:43:50.244Z,0,20.36,50,OK,0.1
2026-02-15T14:43:50.294Z,0,20.39,50,OK,0.1
2026-02-15T14:43:50.344Z,0,20.30,50,OK,0.1
2026-02-15T14:43:50.395Z,0,20.35,50,OK,0.1
2026-02-15T14:43:50.445Z,0,20.45,50,OK,0.1
2026-02-15T14:43:50.496Z,0,20.38,50,OK,0.1
2026-02-15T14:43:50.546Z,0,20.34,50,OK,0.1
2026-02-15T14:43:50.597Z,0,20.41,50,OK,0.1
2026-02-15T14:43:50.647Z,0,20.41,50,OK,0.1
2026-02-15T14:43:50.697Z,0,20.36,50,OK,0.1
2026-02-15T14:43:50.747Z,0,20.41,50,OK,0.1
2026-02-15T14:43:50.797Z,0,20.35,50,OK,0.1
2026-02-15T14:43:50.849Z,0,20.27,50,OK,0.1
2026-02-15T14:43:50.899Z,0,20.15,50,OK,0.1
2026-02-15T14:43:50.949Z,0,20.16,50,OK,0.1
2026-02-15T14:43:51.000Z,0,20.10,50,OK,0.1
2026-02-15T14:43:51.050Z,0,20.18,50,OK,0.1
2026-02-15T14:43:51.100Z,0,20.10,50,OK,0.1
2026-02-15T14:43:51.150Z,0,20.14,50,OK,0.1
2026-02-15T14:43:51.201Z,0,20.19,50,OK,0.1
2026-02-15T14:43:51.251Z,0,20.26,50,OK,0.1
2026-02-15T14:43:51.302Z,0,20.25,50,OK,0.1
2026-02-15T14:43:51.353Z,0,20.19,50,OK,0.1
2026-02-15T14:43:51.403Z,0,20.23,50,OK,0.1
2026-02-15T14:43:51.453Z,0,20.18,50,OK,0.1
2026-02-15T14:43:51.503Z,0,20.18,50,OK,0.1
2026-02-15T14:43:51.553Z,0,20.25,50,OK,0.1
2026-02-15T14:43:51.603Z,0,20.42,50,OK,0.1
2026-02-15T14:43:51.654Z,0,20.43,50,OK,0.1
2026-02-15T14:43:51.704Z,0,20.43,50,OK,0.1
2026-02-15T14:43:51.754Z,0,20.45,50,OK,0.1
2026-02-15T14:43:51.806Z,0,20.38,50,OK,0.1
2026-02-15T14:43:51.856Z,0,20.37,50,OK,0.1
2026-02-15T14:43:51.906Z,0,20.36,50,OK,0.1
2026-02-15T14:43:51.956Z,0,20.38,50,OK,0.1
2026-02-15T14:43:52.006Z,0,20.34,50,OK,0.1
2026-02-15T14:43:52.056Z,0,20.35,50,OK,0.1
2026-02-15T14:43:52.107Z,0,20.37,50,OK,0.1
2026-02-15T14:43:52.157Z,0,20.43,50,OK,0.1
2026-02-15T14:43:52.207Z,0,20.42,50,OK,0.1
2026-02-15T14:43:52.257Z,0,20.44,50,OK,0.1
2026-02-15T14:43:52.307Z,0,20.43,50,OK,0.1
2026-02-15T14:43:52.357Z,0,20.41,50,OK,0.1
2026-02-15T14:43:52.407Z,0,20.38,50,OK,0.1
2026-02-15T14:43:52.457Z,0,20.36,50,OK,0.1
2026-02-15T14:43:52.508Z,0,20.34,50,OK,0.1
2026-02-15T14:43:52.558Z,0,20.33,50,OK,0.1
2026-02-15T14:43:52.608Z,0,20.34,50,OK,0.1
2026-02-15T14:43:52.658Z,0,20.33,50,OK,0.1
2026-02-15T14:43:52.708Z,0,20.33,50,OK,0.1
2026-02-15T14:43:52.758Z,0,20.33,50,OK,0.1
2026-02-15T14:43:52.810Z,0,20.33,50,OK,0.1
2026-02-15T14:43:52.861Z,0,20.36,50,OK,0.1
2026-02-15T14:43:52.912Z,0,20.35,50,OK,0.1
2026-02-15T14:43:52.963Z,0,20.32,50,OK,0.1
2026-02-15T14:43:53.013Z,0,20.35,50,OK,0.1
2026-02-15T14:43:53.063Z,0,20.27,50,OK,0.1
2026-02-15T14:43:53.114Z,0,20.20,50,OK,0.1
2026-02-15T14:43:53.164Z,0,20.18,50,OK,0.1
2026-02-15T14:43:53.214Z,0,20.19,50,OK,0.1
2026-02-15T14:43:53.265Z,0,20.21,50,OK,0.1
2026-02-15T14:43:53.315Z,0,20.28,50,OK,0.1
2026-02-15T14:43:53.367Z,0,20.31,50,OK,0.1
2026-02-15T14:43:53.418Z,0,20.29,50,OK,0.1
2026-02-15T14:43:53.468Z,0,20.32,50,OK,0.1
2026-02-15T14:43:53.519Z,0,20.27,50,OK,0.1
2026-02-15T14:43:53.569Z,0,20.30,50,OK,0.1
2026-02-15T14:43:53.619Z,0,20.31,50,OK,0.1
2026-02-15T14:43:53.669Z,0,20.33,50,OK,0.1
2026-02-15T14:43:53.719Z,0,20.33,50,OK,0.1
2026-02-15T14:43:53.768Z,0,20.34,50,OK,0.1
2026-02-15T14:43:53.819Z,0,20.30,50,OK,0.1
2026-02-15T14:43:53.869Z,0,20.33,50,OK,0.1
2026-02-15T14:43:53.919Z,0,20.35,50,OK,0.1
2026-02-15T14:43:53.969Z,0,20.34,50,OK,0.1
2026-02-15T14:43:54.020Z,0,20.35,50,OK,0.1
2026-02-15T14:43:54.070Z,0,20.36,50,OK,0.1
2026-02-15T14:43:54.122Z,0,20.30,50,OK,0.1
2026-02-15T14:43:54.172Z,0,20.29,50,OK,0.1
2026-02-15T14:43:54.223Z,0,20.29,50,OK,0.1
2026-02-15T14:43:54.273Z,0,20.29,50,OK,0.1
2026-02-15T14:43:54.323Z,0,20.29,50,OK,0.1
2026-02-15T14:43:54.374Z,0,20.30,50,OK,0.1
2026-02-15T14:43:54.424Z,0,20.26,50,OK,0.1
2026-02-15T14:43:54.474Z,0,20.26,50,OK,0.1
2026-02-15T14:43:54.525Z,0,20.25,50,OK,0.1
2026-02-15T14:43:54.576Z,0,20.30,50,OK,0.1
2026-02-15T14:43:54.626Z,0,20.30,50,OK,0.1
2026-02-15T14:43:54.676Z,0,20.31,50,OK,0.1
2026-02-15T14:43:54.727Z,0,20.31,50,OK,0.1
2026-02-15T14:43:54.777Z,0,20.31,50,OK,0.1
2026-02-15T14:43:54.828Z,0,20.26,50,OK,0.1
2026-02-15T14:43:54.879Z,0,20.28,50,OK,0.1
2026-02-15T14:43:54.929Z,0,20.29,50,OK,0.1
2026-02-15T14:43:54.980Z,0,20.30,50,OK,0.1
2026-02-15T14:43:55.031Z,0,20.30,50,OK,0.1
2026-02-15T14:43:55.081Z,0,20.33,50,OK,0.1
2026-02-15T14:43:55.132Z,0,20.32,50,OK,0.1
2026-02-15T14:43:55.182Z,0,20.24,50,OK,0.1
2026-02-15T14:43:55.232Z,0,20.27,50,OK,0.1
2026-02-15T14:43:55.283Z,0,20.29,50,OK,0.1
2026-02-15T14:43:55.334Z,0,20.28,50,OK,0.1
2026-02-15T14:43:55.384Z,0,20.30,50,OK,0.1
2026-02-15T14:43:55.435Z,0,20.38,50,OK,0.1
2026-02-15T14:43:55.485Z,0,20.38,50,OK,0.1
2026-02-15T14:43:55.535Z,0,20.37,50,OK,0.1
2026-02-15T14:43:55.585Z,0,20.43,50,OK,0.1
2026-02-15T14:43:55.635Z,0,20.40,50,OK,0.1
2026-02-15T14:43:55.684Z,0,20.47,50,OK,0.1
2026-02-15T14:43:55.735Z,0,20.48,50,OK,0.1
2026-02-15T14:43:55.785Z,0,20.49,50,OK,0.1
2026-02-15T14:43:55.835Z,0,20.42,50,OK,0.1
2026-02-15T14:43:55.886Z,0,20.43,50,OK,0.1
2026-02-15T14:43:55.936Z,0,20.42,50,OK,0.1
2026-02-15T14:43:55.986Z,0,20.35,50,OK,0.1
2026-02-15T14:43:56.036Z,0,20.31,50,OK,0.1
2026-02-15T14:43:56.086Z,0,20.28,50,OK,0.1
2026-02-15T14:43:56.136Z,0,20.27,50,OK,0.1
2026-02-15T14:43:56.186Z,0,20.20,50,OK,0.1
2026-02-15T14:43:56.236Z,0,20.25,50,OK,0.1
2026-02-15T14:43:56.286Z,0,20.28,50,OK,0.1
2026-02-15T14:43:56.336Z,0,20.31,50,OK,0.1
2026-02-15T14:43:56.387Z,0,20.34,50,OK,0.1
2026-02-15T14:43:56.437Z,0,20.37,50,OK,0.1
2026-02-15T14:43:56.488Z,0,20.34,50,OK,0.1
2026-02-15T14:43:56.538Z,0,20.34,50,OK,0.1
2026-02-15T14:43:56.588Z,0,20.34,50,OK,0.1
2026-02-15T14:43:56.639Z,0,20.33,50,OK,0.1
2026-02-15T14:43:56.689Z,0,20.37,50,OK,0.1
2026-02-15T14:43:56.739Z,0,20.42,50,OK,0.1
2026-02-15T14:43:56.789Z,0,20.37,50,OK,0.1
2026-02-15T14:43:56.839Z,0,20.36,50,OK,0.1
2026-02-15T14:43:56.889Z,0,20.28,50,OK,0.1
2026-02-15T14:43:56.940Z,0,20.24,50,OK,0.1
2026-02-15T14:43:56.990Z,0,20.26,50,OK,0.1
2026-02-15T14:43:57.040Z,0,20.29,50,OK,0.1
2026-02-15T14:43:57.090Z,0,20.39,50,OK,0.1
2026-02-15T14:43:57.140Z,0,20.48,50,OK,0.1
2026-02-15T14:43:57.190Z,0,20.51,50,OK,0.1
2026-02-15T14:43:57.240Z,0,20.47,50,OK,0.1
2026-02-15T14:43:57.290Z,0,20.53,50,OK,0.1
2026-02-15T14:43:57.340Z,0,20.47,50,OK,0.1
2026-02-15T14:43:57.390Z,0,20.46,50,OK,0.1
2026-02-15T14:43:57.441Z,0,20.44,50,OK,0.1
2026-02-15T14:43:57.492Z,0,20.44,50,OK,0.1
2026-02-15T14:43:57.542Z,0,20.50,50,OK,0.1
2026-02-15T14:43:57.593Z,0,20.48,50,OK,0.1
2026-02-15T14:43:57.643Z,0,20.52,50,OK,0.1
2026-02-15T14:43:57.693Z,0,20.49,50,OK,0.1
2026-02-15T14:43:57.743Z,0,20.45,50,OK,0.1
2026-02-15T14:43:57.794Z,0,20.36,50,OK,0.1
2026-02-15T14:43:57.844Z,0,20.36,50,OK,0.1
2026-02-15T14:43:57.896Z,0,20.33,50,OK,0.1
2026-02-15T14:43:57.947Z,0,20.31,50,OK,0.1
2026-02-15T14:43:57.997Z,0,20.31,50,OK,0.1
2026-02-15T14:43:58.047Z,0,20.30,50,OK,0.1
2026-02-15T14:43:58.098Z,0,20.33,50,OK,0.1
2026-02-15T14:43:58.150Z,0,20.35,50,OK,0.1
2026-02-15T14:43:58.200Z,0,20.35,50,OK,0.1
2026-02-15T14:43:58.250Z,0,20.40,50,OK,0.1
2026-02-15T14:43:58.300Z,0,20.42,50,OK,0.1
2026-02-15T14:43:58.350Z,0,20.40,50,OK,0.1
2026-02-15T14:43:58.400Z,0,20.59,50,OK,0.1
2026-02-15T14:43:58.450Z,0,20.52,50,OK,0.1
2026-02-15T14:43:58.500Z,0,20.59,50,OK,0.1
2026-02-15T14:43:58.551Z,0,20.56,50,OK,0.1
2026-02-15T14:43:58.601Z,0,20.39,50,OK,0.1
2026-02-15T14:43:58.651Z,0,20.16,50,OK,0.1
2026-02-15T14:43:58.701Z,0,20.17,50,OK,0.1
2026-02-15T14:43:58.751Z,0,20.09,50,OK,0.1
2026-02-15T14:43:58.802Z,0,20.00,50,OK,0.1
2026-02-15T14:43:58.852Z,0,20.14,50,OK,0.1
2026-02-15T14:43:58.904Z,0,20.23,50,OK,0.1
2026-02-15T14:43:58.954Z,0,20.34,50,OK,0.1
2026-02-15T14:43:59.004Z,0,20.22,50,OK,0.1
2026-02-15T14:43:59.054Z,0,20.31,50,OK,0.1
2026-02-15T14:43:59.104Z,0,20.23,50,OK,0.1
2026-02-15T14:43:59.154Z,0,20.19,50,OK,0.1
2026-02-15T14:43:59.204Z,0,20.21,50,OK,0.1
2026-02-15T14:43:59.254Z,0,20.32,50,OK,0.1
2026-02-15T14:43:59.305Z,0,20.44,50,OK,0.1
2026-02-15T14:43:59.355Z,0,20.57,50,OK,0.1
2026-02-15T14:43:59.406Z,0,20.49,50,OK,0.1
2026-02-15T14:43:59.457Z,0,20.45,50,OK,0.1
2026-02-15T14:43:59.509Z,0,20.56,50,OK,0.1
2026-02-15T14:43:59.559Z,0,20.44,50,OK,0.1
2026-02-15T14:43:59.609Z,0,20.52,50,OK,0.1
2026-02-15T14:43:59.659Z,0,20.58,50,OK,0.1
2026-02-15T14:43:59.709Z,0,20.65,50,OK,0.1
2026-02-15T14:43:59.760Z,0,20.57,50,OK,0.1
2026-02-15T14:43:59.811Z,0,20.61,50,OK,0.1
2026-02-15T14:43:59.862Z,0,20.47,50,OK,0.1
2026-02-15T14:43:59.912Z,0,20.36,50,OK,0.1
2026-02-15T14:43:59.962Z,0,20.25,50,OK,0.1
2026-02-15T14:44:00.012Z,0,20.29,50,OK,0.1
2026-02-15T14:44:00.062Z,0,20.25,50,OK,0.1
2026-02-15T14:44:00.112Z,0,20.24,50,OK,0.1
2026-02-15T14:44:00.162Z,0,20.34,50,OK,0.1
2026-02-15T14:44:00.212Z,0,20.41,50,OK,0.1
2026-02-15T14:44:00.263Z,0,20.32,50,OK,0.1
2026-02-15T14:44:00.313Z,0,20.32,50,OK,0.1
2026-02-15T14:44:00.364Z,0,20.33,50,OK,0.1
2026-02-15T14:44:00.414Z,0,20.13,50,OK,0.1
2026-02-15T14:44:00.465Z,0,20.06,50,OK,0.1
2026-02-15T14:44:00.515Z,0,20.24,50,OK,0.1
2026-02-15T14:44:00.565Z,0,20.17,50,OK,0.1
2026-02-15T14:44:00.615Z,0,20.15,50,OK,0.1
2026-02-15T14:44:00.665Z,0,20.28,50,OK,0.1
2026-02-15T14:44:00.715Z,0,20.39,50,OK,0.1
2026-02-15T14:44:00.765Z,0,20.28,50,OK,0.1
2026-02-15T14:44:00.815Z,0,20.24,50,OK,0.1
2026-02-15T14:44:00.865Z,0,20.29,50,OK,0.1
2026-02-15T14:44:00.915Z,0,20.43,50,OK,0.1
2026-02-15T14:44:00.966Z,0,20.33,50,OK,0.1
2026-02-15T14:44:01.016Z,0,20.44,50,OK,0.1
2026-02-15T14:44:01.066Z,0,20.53,50,OK,0.1
2026-02-15T14:44:01.116Z,0,20.48,50,OK,0.1
2026-02-15T14:44:01.166Z,0,20.41,50,OK,0.1
2026-02-15T14:44:01.217Z,0,20.45,50,OK,0.1
2026-02-15T14:44:01.267Z,0,20.34,50,OK,0.1
2026-02-15T14:44:01.317Z,0,20.38,50,OK,0.1
2026-02-15T14:44:01.367Z,0,20.41,50,OK,0.1
2026-02-15T14:44:01.417Z,0,20.43,50,OK,0.1
2026-02-15T14:44:01.467Z,0,20.38,50,OK,0.1
2026-02-15T14:44:01.517Z,0,20.29,50,OK,0.1
2026-02-15T14:44:01.567Z,0,20.25,50,OK,0.1
2026-02-15T14:44:01.617Z,0,20.31,50,OK,0.1
2026-02-15T14:44:01.668Z,0,20.35,50,OK,0.1
2026-02-15T14:44:01.719Z,0,20.24,50,OK,0.1
2026-02-15T14:44:01.769Z,0,20.24,50,OK,0.1
2026-02-15T14:44:01.819Z,0,20.30,50,OK,0.1
2026-02-15T14:44:01.870Z,0,20.29,50,OK,0.1
2026-02-15T14:44:01.921Z,0,20.15,50,OK,0.1
2026-02-15T14:44:01.971Z,0,20.26,50,OK,0.1
2026-02-15T14:44:02.022Z,0,20.38,50,OK,0.1
2026-02-15T14:44:02.072Z,0,20.31,50,OK,0.1
2026-02-15T14:44:02.122Z,0,20.11,50,OK,0.1
2026-02-15T14:44:02.172Z,0,20.19,50,OK,0.1
2026-02-15T14:44:02.222Z,0,20.06,50,OK,0.1
2026-02-15T14:44:02.272Z,0,20.06,50,OK,0.1
2026-02-15T14:44:02.322Z,0,20.12,50,OK,0.1
2026-02-15T14:44:02.373Z,0,20.28,50,OK,0.1
2026-02-15T14:44:02.423Z,0,20.35,50,OK,0.1
2026-02-15T14:44:02.473Z,0,20.47,50,OK,0.1
2026-02-15T14:44:02.523Z,0,20.50,50,OK,0.1
2026-02-15T14:44:02.573Z,0,20.47,50,OK,0.1
2026-02-15T14:44:02.623Z,0,20.55,50,OK,0.1
2026-02-15T14:44:02.673Z,0,20.46,50,OK,0.1
2026-02-15T14:44:02.723Z,0,20.57,50,OK,0.1
2026-02-15T14:44:02.774Z,0,20.48,50,OK,0.1
2026-02-15T14:44:02.824Z,0,20.52,50,OK,0.1
2026-02-15T14:44:02.874Z,0,20.47,50,OK,0.1
2026-02-15T14:44:02.925Z,0,20.55,50,OK,0.1
2026-02-15T14:44:02.975Z,0,20.45,50,OK,0.1
2026-02-15T14:44:03.025Z,0,20.46,50,OK,0.1
2026-02-15T14:44:03.075Z,0,20.41,50,OK,0.1
2026-02-15T14:44:03.125Z,0,20.41,50,OK,0.1
2026-02-15T14:44:03.175Z,0,20.32,50,OK,0.1
2026-02-15T14:44:03.225Z,0,20.27,50,OK,0.1
2026-02-15T14:44:03.276Z,0,20.28,50,OK,0.1
2026-02-15T14:44:03.325Z,0,20.29,50,OK,0.1
2026-02-15T14:44:03.376Z,0,20.27,50,OK,0.1
2026-02-15T14:44:03.426Z,0,20.40,50,OK,0.1
2026-02-15T14:44:03.476Z,0,20.46,50,OK,0.1
2026-02-15T14:44:03.526Z,0,20.34,50,OK,0.1
2026-02-15T14:44:03.577Z,0,20.32,50,OK,0.1
2026-02-15T14:44:03.628Z,0,20.19,50,OK,0.1
2026-02-15T14:44:03.678Z,0,20.08,50,OK,0.1
2026-02-15T14:44:03.728Z,0,20.15,50,OK,0.1
2026-02-15T14:44:03.778Z,0,20.25,50,OK,0.1
2026-02-15T14:44:03.828Z,0,20.14,50,OK,0.1
2026-02-15T14:44:03.878Z,0,20.26,50,OK,0.1
2026-02-15T14:44:03.928Z,0,20.17,50,OK,0.1
2026-02-15T14:44:03.978Z,0,20.10,50,OK,0.1
2026-02-15T14:44:04.028Z,0,20.14,50,OK,0.1
2026-02-15T14:44:04.079Z,0,20.24,50,OK,0.1
2026-02-15T14:44:04.129Z,0,20.28,50,OK,0.1
2026-02-15T14:44:04.179Z,0,20.37,50,OK,0.1
2026-02-15T14:44:04.228Z,0,20.40,50,OK,0.1
2026-02-15T14:44:04.279Z,0,20.34,50,OK,0.1
2026-02-15T14:44:04.330Z,0,20.48,50,OK,0.1
2026-02-15T14:44:04.380Z,0,20.45,50,OK,0.1
2026-02-15T14:44:04.432Z,0,20.53,50,OK,0.1
2026-02-15T14:44:04.481Z,0,20.53,50,OK,0.1
2026-02-15T14:44:04.532Z,0,20.60,50,OK,0.1
2026-02-15T14:44:04.582Z,0,20.47,50,OK,0.1
2026-02-15T14:44:04.632Z,0,20.55,50,OK,0.1
2026-02-15T14:44:04.683Z,0,20.46,50,OK,0.1
2026-02-15T14:44:04.733Z,0,20.47,50,OK,0.1
2026-02-15T14:44:04.783Z,0,20.45,50,OK,0.1
2026-02-15T14:44:04.833Z,0,20.52,50,OK,0.1
2026-02-15T14:44:04.883Z,0,20.48,50,OK,0.1
2026-02-15T14:44:04.933Z,0,20.44,50,OK,0.1
2026-02-15T14:44:04.984Z,0,20.42,50,OK,0.1
2026-02-15T14:44:05.035Z,0,20.47,50,OK,0.1
2026-02-15T14:44:05.085Z,0,20.34,50,OK,0.1
2026-02-15T14:44:05.135Z,0,20.22,50,OK,0.1
2026-02-15T14:44:05.186Z,0,20.36,50,OK,0.1
2026-02-15T14:44:05.237Z,0,20.28,50,OK,0.1
2026-02-15T14:44:05.287Z,0,20.11,50,OK,0.1
2026-02-15T14:44:05.337Z,0,20.14,50,OK,0.1
2026-02-15T14:44:05.388Z,0,20.23,50,OK,0.1
2026-02-15T14:44:05.438Z,0,20.28,50,OK,0.1
2026-02-15T14:44:05.489Z,0,20.36,50,OK,0.1
2026-02-15T14:44:05.539Z,0,20.31,50,OK,0.1
2026-02-15T14:44:05.590Z,0,20.47,50,OK,0.1
2026-02-15T14:44:05.640Z,0,20.52,50,OK,0.1
2026-02-15T14:44:05.691Z,0,20.41,50,OK,0.1
2026-02-15T14:44:05.741Z,0,20.50,50,OK,0.1
2026-02-15T14:44:05.791Z,0,20.70,50,OK,0.1
2026-02-15T14:44:05.841Z,0,20.53,50,OK,0.1
2026-02-15T14:44:05.891Z,0,20.54,50,OK,0.1
2026-02-15T14:44:05.941Z,0,20.56,50,OK,0.1
2026-02-15T14:44:05.991Z,0,20.42,50,OK,0.1
2026-02-15T14:44:06.041Z,0,20.35,50,OK,0.1
2026-02-15T14:44:06.091Z,0,20.35,50,OK,0.1
2026-02-15T14:44:06.141Z,0,20.21,50,OK,0.1
2026-02-15T14:44:06.191Z,0,20.15,50,OK,0.1
2026-02-15T14:44:06.241Z,0,20.26,50,OK,0.1
2026-02-15T14:44:06.291Z,0,20.25,50,OK,0.1
2026-02-15T14:44:06.341Z,0,20.20,50,OK,0.1
2026-02-15T14:44:06.392Z,0,20.29,50,OK,0.1
2026-02-15T14:44:06.442Z,0,20.22,50,OK,0.1
2026-02-15T14:44:06.492Z,0,20.13,50,OK,0.1
2026-02-15T14:44:06.542Z,0,20.21,50,OK,0.1
2026-02-15T14:44:06.593Z,0,20.30,50,OK,0.1
2026-02-15T14:44:06.643Z,0,20.44,50,OK,0.1
2026-02-15T14:44:06.693Z,0,20.53,50,OK,0.1
2026-02-15T14:44:06.744Z,0,20.52,50,OK,0.1
2026-02-15T14:44:06.794Z,0,20.46,50,OK,0.1
2026-02-15T14:44:06.845Z,0,20.35,50,OK,0.1
2026-02-15T14:44:06.896Z,0,20.24,50,OK,0.1
2026-02-15T14:44:06.946Z,0,20.12,50,OK,0.1
2026-02-15T14:44:06.996Z,0,20.19,50,OK,0.1
2026-02-15T14:44:07.046Z,0,20.29,50,OK,0.1
2026-02-15T14:44:07.096Z,0,20.37,50,OK,0.1
2026-02-15T14:44:07.146Z,0,20.22,50,OK,0.1
2026-02-15T14:44:07.196Z,0,20.30,50,OK,0.1
2026-02-15T14:44:07.247Z,0,20.30,50,OK,0.1
2026-02-15T14:44:07.297Z,0,20.17,50,OK,0.1
2026-02-15T14:44:07.347Z,0,20.03,50,OK,0.1
2026-02-15T14:44:07.397Z,0,20.13,50,OK,0.1
2026-02-15T14:44:07.447Z,0,20.19,50,OK,0.1
2026-02-15T14:44:07.497Z,0,20.13,50,OK,0.1
2026-02-15T14:44:07.548Z,0,20.20,50,OK,0.1
2026-02-15T14:44:07.598Z,0,20.35,50,OK,0.1
2026-02-15T14:44:07.648Z,0,20.22,50,OK,0.1
2026-02-15T14:44:07.698Z,0,20.18,50,OK,0.1
2026-02-15T14:44:07.748Z,0,20.10,50,OK,0.1
2026-02-15T14:44:07.798Z,0,20.04,50,OK,0.1
2026-02-15T14:44:07.848Z,0,19.98,50,OK,0.1
2026-02-15T14:44:07.898Z,0,20.11,50,OK,0.1
2026-02-15T14:44:07.948Z,0,20.05,50,OK,0.1
2026-02-15T14:44:07.998Z,0,20.11,50,OK,0.1
2026-02-15T14:44:08.048Z,0,20.12,50,OK,0.1
2026-02-15T14:44:08.098Z,0,20.18,50,OK,0.1
2026-02-15T14:44:08.149Z,0,20.21,50,OK,0.1
2026-02-15T14:44:08.199Z,0,20.27,50,OK,0.1
2026-02-15T14:44:08.249Z,0,20.22,50,OK,0.1
2026-02-15T14:44:08.299Z,0,20.20,50,OK,0.1
2026-02-15T14:44:08.349Z,0,20.23,50,OK,0.1
2026-02-15T14:44:08.400Z,0,20.25,50,OK,0.1
2026-02-15T14:44:08.450Z,0,20.29,50,OK,0.1
2026-02-15T14:44:08.500Z,0,20.35,50,OK,0.1
2026-02-15T14:44:08.550Z,0,24.43,50,OK,0.1
2026-02-15T14:44:08.601Z,0,24.39,50,OK,0.1
2026-02-15T14:44:08.651Z,0,24.36,50,OK,0.1
2026-02-15T14:44:08.701Z,0,24.32,50,OK,0.1
2026-02-15T14:44:08.752Z,0,24.34,50,OK,0.1
2026-02-15T14:44:08.803Z,0,20.26,50,OK,0.1
2026-02-15T14:44:08.853Z,0,20.22,50,OK,0.1
2026-02-15T14:44:08.903Z,0,20.21,50,OK,0.1
2026-02-15T14:44:08.953Z,0,20.27,50,OK,0.1
2026-02-15T14:44:09.004Z,0,20.29,50,OK,0.1
2026-02-15T14:44:09.055Z,0,20.36,50,OK,0.1
2026-02-15T14:44:09.105Z,0,20.49,50,OK,0.1
2026-02-15T14:44:09.155Z,0,20.48,50,OK,0.1
2026-02-15T14:44:09.205Z,0,20.47,50,OK,0.1
2026-02-15T14:44:09.255Z,0,20.50,50,OK,0.1
2026-02-15T14:44:09.305Z,0,20.46,50,OK,0.1
2026-02-15T14:44:09.355Z,0,20.38,50,OK,0.1
2026-02-15T14:44:09.405Z,0,20.42,50,OK,0.1
2026-02-15T14:44:09.455Z,0,20.38,50,OK,0.1
2026-02-15T14:44:09.505Z,0,20.30,50,OK,0.1
2026-02-15T14:44:09.556Z,0,20.29,50,OK,0.1
2026-02-15T14:44:09.607Z,0,20.31,50,OK,0.1
2026-02-15T14:44:09.658Z,0,20.31,50,OK,0.1
2026-02-15T14:44:09.709Z,0,20.37,50,OK,0.1
2026-02-15T14:44:09.759Z,0,20.39,50,OK,0.1
2026-02-15T14:44:09.809Z,0,20.38,50,OK,0.1
2026-02-15T14:44:09.859Z,0,20.38,50,OK,0.1
2026-02-15T14:44:09.909Z,0,20.37,50,OK,0.1
2026-02-15T14:44:09.959Z,0,20.25,50,OK,0.1
2026-02-15T14:44:10.010Z,0,20.25,50,OK,0.1
2026-02-15T14:44:10.060Z,0,20.31,50,OK,0.1
2026-02-15T14:44:10.110Z,0,20.43,50,OK,0.1
2026-02-15T14:44:10.160Z,0,20.51,50,OK,0.1
2026-02-15T14:44:10.211Z,0,20.57,50,OK,0.1
2026-02-15T14:44:10.261Z,0,20.56,50,OK,0.1
2026-02-15T14:44:10.312Z,0,20.52,50,OK,0.1
2026-02-15T14:44:10.363Z,0,20.38,50,OK,0.1
2026-02-15T14:44:10.413Z,0,20.32,50,OK,0.1
2026-02-15T14:44:10.464Z,0,20.41,50,OK,0.1
2026-02-15T14:44:10.514Z,0,20.45,50,OK,0.1
2026-02-15T14:44:10.564Z,0,20.38,50,OK,0.1
2026-02-15T14:44:10.614Z,0,20.43,50,OK,0.1
2026-02-15T14:44:10.664Z,0,20.43,50,OK,0.1
2026-02-15T14:44:10.715Z,0,20.41,50,OK,0.1
2026-02-15T14:44:10.766Z,0,20.39,50,OK,0.1
2026-02-15T14:44:10.810Z,0,20.45,50,OK,0.1
2026-02-15T14:44:10.860Z,0,20.40,50,OK,0.1
2026-02-15T14:44:10.911Z,0,20.40,50,OK,0.1
2026-02-15T14:44:10.962Z,0,20.27,50,OK,0.1
2026-02-15T14:44:11.012Z,0,20.29,50,OK,0.1
2026-02-15T14:44:11.062Z,0,20.31,50,OK,0.1
2026-02-15T14:44:11.112Z,0,20.29,50,OK,0.1
2026-02-15T14:44:11.163Z,0,20.33,50,OK,0.1
2026-02-15T14:44:11.214Z,0,20.38,50,OK,0.1
2026-02-15T14:44:11.264Z,0,20.37,50,OK,0.1
2026-02-15T14:44:11.314Z,0,20.34,50,OK,0.1
2026-02-15T14:44:11.365Z,0,20.29,50,OK,0.1
2026-02-15T14:44:11.415Z,0,20.25,50,OK,0.1
2026-02-15T14:44:11.465Z,0,20.26,50,OK,0.1
2026-02-15T14:44:11.515Z,0,20.27,50,OK,0.1
2026-02-15T14:44:11.566Z,0,20.25,50,OK,0.1
2026-02-15T14:44:11.616Z,0,20.30,50,OK,0.1
2026-02-15T14:44:11.667Z,0,20.32,50,OK,0.1
2026-02-15T14:44:11.718Z,0,20.35,50,OK,0.1
2026-02-15T14:44:11.769Z,0,20.29,50,OK,0.1
2026-02-15T14:44:11.820Z,0,20.34,50,OK,0.1
2026-02-15T14:44:11.871Z,0,20.30,50,OK,0.1
2026-02-15T14:44:11.921Z,0,20.32,50,OK,0.1
2026-02-15T14:44:11.972Z,0,20.32,50,OK,0.1
2026-02-15T14:44:12.022Z,0,20.46,50,OK,0.1
2026-02-15T14:44:12.072Z,0,20.43,50,OK,0.1
2026-02-15T14:44:12.122Z,0,20.50,50,OK,0.1
2026-02-15T14:44:12.173Z,0,20.55,50,OK,0.1
2026-02-15T14:44:12.223Z,0,20.53,50,OK,0.1
2026-02-15T14:44:12.273Z,0,20.41,50,OK,0.1
2026-02-15T14:44:12.324Z,0,20.41,50,OK,0.1
2026-02-15T14:44:12.376Z,0,20.47,50,OK,0.1
2026-02-15T14:44:12.426Z,0,20.39,50,OK,0.1
2026-02-15T14:44:12.476Z,0,20.31,50,OK,0.1
2026-02-15T14:44:12.527Z,0,20.35,50,OK,0.1
2026-02-15T14:44:12.579Z,0,20.30,50,OK,0.1
2026-02-15T14:44:12.629Z,0,20.25,50,OK,0.1
2026-02-15T14:44:12.679Z,0,20.40,50,OK,0.1
2026-02-15T14:44:12.729Z,0,20.49,50,OK,0.1
2026-02-15T14:44:12.780Z,0,20.48,50,OK,0.1
2026-02-15T14:44:12.831Z,0,20.53,50,OK,0.1
2026-02-15T14:44:12.881Z,0,20.62,50,OK,0.1
2026-02-15T14:44:12.930Z,0,20.48,50,OK,0.1
2026-02-15T14:44:12.982Z,0,20.41,50,OK,0.1
2026-02-15T14:44:13.032Z,0,20.42,50,OK,0.1
2026-02-15T14:44:13.081Z,0,20.44,50,OK,0.1
2026-02-15T14:44:13.132Z,0,20.30,50,OK,0.1
2026-02-15T14:44:13.182Z,0,20.28,50,OK,0.1
2026-02-15T14:44:13.233Z,0,20.33,50,OK,0.1
2026-02-15T14:44:13.283Z,0,20.30,50,OK,0.1
2026-02-15T14:44:13.334Z,0,20.26,50,OK,0.1
2026-02-15T14:44:13.384Z,0,20.35,50,OK,0.1
2026-02-15T14:44:13.434Z,0,20.34,50,OK,0.1
2026-02-15T14:44:13.485Z,0,20.30,50,OK,0.1
2026-02-15T14:44:13.535Z,0,20.38,50,OK,0.1
2026-02-15T14:44:13.585Z,0,20.33,50,OK,0.1
2026-02-15T14:44:13.635Z,0,20.22,50,OK,0.1
2026-02-15T14:44:13.685Z,0,20.14,50,OK,0.1
2026-02-15T14:44:13.735Z,0,20.19,50,OK,0.1
2026-02-15T14:44:13.785Z,0,20.18,50,OK,0.1
2026-02-15T14:44:13.837Z,0,20.29,50,OK,0.1
2026-02-15T14:44:13.887Z,0,20.25,50,OK,0.1
2026-02-15T14:44:13.937Z,0,20.35,50,OK,0.1
2026-02-15T14:44:13.987Z,0,20.29,50,OK,0.1
2026-02-15T14:44:14.038Z,0,20.24,50,OK,0.1
2026-02-15T14:44:14.087Z,0,20.23,50,OK,0.1
2026-02-15T14:44:14.138Z,0,20.31,50,OK,0.1
2026-02-15T14:44:14.188Z,0,20.23,50,OK,0.1
2026-02-15T14:44:14.239Z,0,20.27,50,OK,0.1
2026-02-15T14:44:14.289Z,0,20.39,50,OK,0.1
2026-02-15T14:44:14.339Z,0,20.38,50,OK,0.1
2026-02-15T14:44:14.390Z,0,20.26,50,OK,0.1
2026-02-15T14:44:14.441Z,0,20.37,50,OK,0.1
2026-02-15T14:44:14.492Z,0,20.33,50,OK,0.1
2026-02-15T14:44:14.543Z,0,20.22,50,OK,0.1
2026-02-15T14:44:14.593Z,0,20.12,50,OK,0.1
2026-02-15T14:44:14.643Z,0,20.20,50,OK,0.1
2026-02-15T14:44:14.693Z,0,20.28,50,OK,0.1
2026-02-15T14:44:14.743Z,0,20.33,50,OK,0.1
2026-02-15T14:44:14.793Z,0,20.25,50,OK,0.1
2026-02-15T14:44:14.844Z,0,20.37,50,OK,0.1
2026-02-15T14:44:14.895Z,0,20.49,50,OK,0.1
2026-02-15T14:44:14.945Z,0,20.36,50,OK,0.1
2026-02-15T14:44:14.996Z,0,20.26,50,OK,0.1
2026-02-15T14:44:15.046Z,0,20.33,50,OK,0.1
2026-02-15T14:44:15.097Z,0,20.20,50,OK,0.1
2026-02-15T14:44:15.147Z,0,20.12,50,OK,0.1
2026-02-15T14:44:15.197Z,0,20.21,50,OK,0.1
2026-02-15T14:44:15.248Z,0,20.28,50,OK,0.1
2026-02-15T14:44:15.299Z,0,20.16,50,OK,0.1
2026-02-15T14:44:15.350Z,0,20.25,50,OK,0.1
2026-02-15T14:44:15.400Z,0,20.20,50,OK,0.1
2026-02-15T14:44:15.450Z,0,20.12,50,OK,0.1
2026-02-15T14:44:15.500Z,0,20.29,50,OK,0.1
2026-02-15T14:44:15.550Z,0,20.41,50,OK,0.1
2026-02-15T14:44:15.600Z,0,20.56,50,OK,0.1
2026-02-15T14:44:15.650Z,0,20.59,50,OK,0.1
2026-02-15T14:44:15.701Z,0,20.55,50,OK,0.1
2026-02-15T14:44:15.752Z,0,20.40,50,OK,0.1
2026-02-15T14:44:15.802Z,0,20.31,50,OK,0.1
2026-02-15T14:44:15.853Z,0,20.20,50,OK,0.1
2026-02-15T14:44:15.903Z,0,20.22,50,OK,0.1
2026-02-15T14:44:15.953Z,0,20.26,50,OK,0.1
2026-02-15T14:44:16.002Z,0,20.28,50,OK,0.1
2026-02-15T14:44:16.053Z,0,20.33,50,OK,0.1
2026-02-15T14:44:16.103Z,0,20.21,50,OK,0.1
2026-02-15T14:44:16.153Z,0,20.18,50,OK,0.1
2026-02-15T14:44:16.203Z,0,20.19,50,OK,0.1
2026-02-15T14:44:16.254Z,0,20.18,50,OK,0.1
2026-02-15T14:44:16.304Z,0,20.22,50,OK,0.1
2026-02-15T14:44:16.354Z,0,20.30,50,OK,0.1
2026-02-15T14:44:16.404Z,0,20.32,50,OK,0.1
2026-02-15T14:44:16.455Z,0,20.30,50,OK,0.1
2026-02-15T14:44:16.506Z,0,20.29,50,OK,0.1
2026-02-15T14:44:16.557Z,0,20.27,50,OK,0.1
2026-02-15T14:44:16.607Z,0,20.32,50,OK,0.1
2026-02-15T14:44:16.657Z,0,20.34,50,OK,0.1
2026-02-15T14:44:16.707Z,0,20.33,50,OK,0.1
2026-02-15T14:44:16.757Z,0,20.33,50,OK,0.1
2026-02-15T14:44:16.807Z,0,20.30,50,OK,0.1
2026-02-15T14:44:16.858Z,0,20.28,50,OK,0.1
2026-02-15T14:44:16.907Z,0,20.31,50,OK,0.1
2026-02-15T14:44:16.958Z,0,20.33,50,OK,0.1
2026-02-15T14:44:17.008Z,0,20.38,50,OK,0.1
2026-02-15T14:44:17.059Z,0,20.44,50,OK,0.1
2026-02-15T14:44:17.109Z,0,20.48,50,OK,0.1
2026-02-15T14:44:17.160Z,0,20.45,50,OK,0.1
2026-02-15T14:44:17.210Z,0,20.55,50,OK,0.1
2026-02-15T14:44:17.261Z,0,20.49,50,OK,0.1
2026-02-15T14:44:17.312Z,0,20.60,50,OK,0.1
2026-02-15T14:44:17.362Z,0,20.55,50,OK,0.1
2026-02-15T14:44:17.411Z,0,20.64,50,OK,0.1
2026-02-15T14:44:17.461Z,0,20.52,50,OK,0.1
2026-02-15T14:44:17.511Z,0,20.54,50,OK,0.1
2026-02-15T14:44:17.562Z,0,20.41,50,OK,0.1
2026-02-15T14:44:17.612Z,0,20.26,50,OK,0.1
2026-02-15T14:44:17.663Z,0,20.17,50,OK,0.1
2026-02-15T14:44:17.713Z,0,20.05,50,OK,0.1
2026-02-15T14:44:17.764Z,0,20.05,50,OK,0.1
2026-02-15T14:44:17.815Z,0,20.08,50,OK,0.1
2026-02-15T14:44:17.865Z,0,20.24,50,OK,0.1
2026-02-15T14:44:17.916Z,0,20.26,50,OK,0.1
2026-02-15T14:44:17.966Z,0,20.40,50,OK,0.1
2026-02-15T14:44:18.016Z,0,20.47,50,OK,0.1
2026-02-15T14:44:18.066Z,0,20.45,50,OK,0.1
2026-02-15T14:44:18.116Z,0,20.48,50,OK,0.1
2026-02-15T14:44:18.166Z,0,20.46,50,OK,0.1
2026-02-15T14:44:18.216Z,0,20.51,50,OK,0.1
2026-02-15T14:44:18.266Z,0,20.46,50,OK,0.1
2026-02-15T14:44:18.315Z,0,20.44,50,OK,0.1
2026-02-15T14:44:18.366Z,0,20.38,50,OK,0.1
2026-02-15T14:44:18.416Z,0,20.50,50,OK,0.1
2026-02-15T14:44:18.466Z,0,20.48,50,OK,0.1
2026-02-15T14:44:18.516Z,0,20.57,50,OK,0.1
2026-02-15T14:44:18.566Z,0,20.58,50,OK,0.1
2026-02-15T14:44:18.616Z,0,20.49,50,OK,0.1
2026-02-15T14:44:18.666Z,0,20.37,50,OK,0.1
2026-02-15T14:44:18.716Z,0,20.24,50,OK,0.1
2026-02-15T14:44:18.766Z,0,20.12,50,OK,0.1
2026-02-15T14:44:18.817Z,0,20.22,50,OK,0.1
2026-02-15T14:44:18.868Z,0,20.24,50,OK,0.1
2026-02-15T14:44:18.918Z,0,20.14,50,OK,0.1
2026-02-15T14:44:18.969Z,0,20.21,50,OK,0.1
2026-02-15T14:44:19.020Z,0,20.26,50,OK,0.1
2026-02-15T14:44:19.071Z,0,20.14,50,OK,0.1
2026-02-15T14:44:19.122Z,0,20.10,50,OK,0.1
2026-02-15T14:44:19.172Z,0,20.18,50,OK,0.1
2026-02-15T14:44:19.223Z,0,20.26,50,OK,0.1
2026-02-15T14:44:19.273Z,0,20.20,50,OK,0.1
2026-02-15T14:44:19.323Z,0,20.29,50,OK,0.1
2026-02-15T14:44:19.373Z,0,20.40,50,OK,0.1
2026-02-15T14:44:19.423Z,0,20.48,50,OK,0.1
2026-02-15T14:44:19.474Z,0,20.41,50,OK,0.1
2026-02-15T14:44:19.525Z,0,20.28,50,OK,0.1
2026-02-15T14:44:19.575Z,0,20.19,50,OK,0.1
2026-02-15T14:44:19.626Z,0,20.24,50,OK,0.1
2026-02-15T14:44:19.676Z,0,20.17,50,OK,0.1
2026-02-15T14:44:19.726Z,0,20.20,50,OK,0.1
2026-02-15T14:44:19.776Z,0,20.33,50,OK,0.1
2026-02-15T14:44:19.826Z,0,20.37,50,OK,0.1
2026-02-15T14:44:19.877Z,0,20.32,50,OK,0.1
2026-02-15T14:44:19.927Z,0,20.35,50,OK,0.1
2026-02-15T14:44:19.977Z,0,20.30,50,OK,0.1
2026-02-15T14:44:20.028Z,0,20.33,50,OK,0.1
2026-02-15T14:44:20.078Z,0,20.29,50,OK,0.1
2026-02-15T14:44:20.128Z,0,20.29,50,OK,0.1
2026-02-15T14:44:20.179Z,0,20.29,50,OK,0.1
2026-02-15T14:44:20.229Z,0,20.28,50,OK,0.1
2026-02-15T14:44:20.278Z,0,20.27,50,OK,0.1
2026-02-15T14:44:20.329Z,0,20.31,50,OK,0.1
2026-02-15T14:44:20.379Z,0,20.32,50,OK,0.1
2026-02-15T14:44:20.429Z,0,20.34,50,OK,0.1
2026-02-15T14:44:20.480Z,0,20.40,50,OK,0.1
2026-02-15T14:44:20.531Z,0,20.38,50,OK,0.1
2026-02-15T14:44:20.581Z,0,20.38,50,OK,0.1
2026-02-15T14:44:20.631Z,0,20.42,50,OK,0.1
2026-02-15T14:44:20.681Z,0,20.40,50,OK,0.1
2026-02-15T14:44:20.731Z,0,20.41,50,OK,0.1
2026-02-15T14:44:20.781Z,0,20.46,50,OK,0.1
2026-02-15T14:44:20.831Z,0,20.53,50,OK,0.1
2026-02-15T14:44:20.882Z,0,20.49,50,OK,0.1
2026-02-15T14:44:20.931Z,0,20.46,50,OK,0.1
2026-02-15T14:44:20.983Z,0,20.46,50,OK,0.1
2026-02-15T14:44:21.033Z,0,20.31,50,OK,0.1
2026-02-15T14:44:21.083Z,0,20.17,50,OK,0.1
2026-02-15T14:44:21.133Z,0,20.28,50,OK,0.1
2026-02-15T14:44:21.184Z,0,20.32,50,OK,0.1
2026-02-15T14:44:21.234Z,0,20.36,50,OK,0.1
2026-02-15T14:44:21.284Z,0,20.47,50,OK,0.1
2026-02-15T14:44:21.334Z,0,20.57,50,OK,0.1
2026-02-15T14:44:21.384Z,0,20.46,50,OK,0.1
2026-02-15T14:44:21.434Z,0,20.46,50,OK,0.1
2026-02-15T14:44:21.485Z,0,20.41,50,OK,0.1
2026-02-15T14:44:21.535Z,0,20.43,50,OK,0.1
2026-02-15T14:44:21.585Z,0,20.39,50,OK,0.1
2026-02-15T14:44:21.636Z,0,20.41,50,OK,0.1
2026-02-15T14:44:21.687Z,0,20.40,50,OK,0.1
2026-02-15T14:44:21.737Z,0,20.35,50,OK,0.1
2026-02-15T14:44:21.787Z,0,20.33,50,OK,0.1
2026-02-15T14:44:21.838Z,0,20.32,50,OK,0.1
2026-02-15T14:44:21.887Z,0,20.29,50,OK,0.1
2026-02-15T14:44:21.938Z,0,20.29,50,OK,0.1
2026-02-15T14:44:21.988Z,0,20.34,50,OK,0.1
2026-02-15T14:44:22.037Z,0,20.38,50,OK,0.1
2026-02-15T14:44:22.088Z,0,20.37,50,OK,0.1
2026-02-15T14:44:22.138Z,0,20.35,50,OK,0.1
2026-02-15T14:44:22.189Z,0,20.31,50,OK,0.1
2026-02-15T14:44:22.239Z,0,20.34,50,OK,0.1
2026-02-15T14:44:22.290Z,0,20.34,50,OK,0.1
2026-02-15T14:44:22.340Z,0,20.44,50,OK,0.1
2026-02-15T14:44:22.391Z,0,20.49,50,OK,0.1
2026-02-15T14:44:22.441Z,0,20.52,50,OK,0.1
2026-02-15T14:44:22.491Z,0,20.37,50,OK,0.1
2026-02-15T14:44:22.541Z,0,20.34,50,OK,0.1
2026-02-15T14:44:22.591Z,0,20.30,50,OK,0.1
2026-02-15T14:44:22.641Z,0,20.30,50,OK,0.1
2026-02-15T14:44:22.691Z,0,20.33,50,OK,0.1
2026-02-15T14:44:22.741Z,0,20.45,50,OK,0.1
2026-02-15T14:44:22.791Z,0,20.46,50,OK,0.1
2026-02-15T14:44:22.841Z,0,20.43,50,OK,0.1
2026-02-15T14:44:22.890Z,0,20.46,50,OK,0.1
2026-02-15T14:44:22.941Z,0,20.42,50,OK,0.1
2026-02-15T14:44:22.991Z,0,20.47,50,OK,0.1
2026-02-15T14:44:23.041Z,0,20.51,50,OK,0.1
2026-02-15T14:44:23.091Z,0,20.49,50,OK,0.1
2026-02-15T14:44:23.142Z,0,20.41,50,OK,0.1
2026-02-15T14:44:23.192Z,0,20.40,50,OK,0.1
2026-02-15T14:44:23.242Z,0,20.38,50,OK,0.1
2026-02-15T14:44:23.292Z,0,20.35,50,OK,0.1
2026-02-15T14:44:23.342Z,0,20.47,50,OK,0.1
2026-02-15T14:44:23.392Z,0,20.53,50,OK,0.1
2026-02-15T14:44:23.443Z,0,20.57,50,OK,0.1
2026-02-15T14:44:23.494Z,0,20.57,50,OK,0.1
2026-02-15T14:44:23.545Z,0,20.51,50,OK,0.1
2026-02-15T14:44:23.596Z,0,20.45,50,OK,0.1
2026-02-15T14:44:23.647Z,0,20.43,50,OK,0.1
2026-02-15T14:44:23.698Z,0,20.42,50,OK,0.1
2026-02-15T14:44:23.748Z,0,20.37,50,OK,0.1
2026-02-15T14:44:23.798Z,0,20.40,50,OK,0.1
2026-02-15T14:44:23.848Z,0,20.36,50,OK,0.1
2026-02-15T14:44:23.898Z,0,20.36,50,OK,0.1
2026-02-15T14:44:23.949Z,0,20.34,50,OK,0.1
2026-02-15T14:44:23.998Z,0,20.33,50,OK,0.1
2026-02-15T14:44:24.049Z,0,20.30,50,OK,0.1
2026-02-15T14:44:24.099Z,0,20.28,50,OK,0.1
2026-02-15T14:44:24.148Z,0,20.26,50,OK,0.1
2026-02-15T14:44:24.199Z,0,20.26,50,OK,0.1
2026-02-15T14:44:24.249Z,0,20.27,50,OK,0.1
2026-02-15T14:44:24.299Z,0,20.29,50,OK,0.1
2026-02-15T14:44:24.350Z,0,20.29,50,OK,0.1
2026-02-15T14:44:24.400Z,0,20.33,50,OK,0.1
2026-02-15T14:44:24.450Z,0,20.35,50,OK,0.1
2026-02-15T14:44:24.500Z,0,20.36,50,OK,0.1
2026-02-15T14:44:24.550Z,0,20.39,50,OK,0.1
2026-02-15T14:44:24.600Z,0,20.40,50,OK,0.1
2026-02-15T14:44:24.650Z,0,20.44,50,OK,0.1
2026-02-15T14:44:24.700Z,0,20.42,50,OK,0.1
2026-02-15T14:44:24.750Z,0,20.36,50,OK,0.1
2026-02-15T14:44:24.800Z,0,20.33,50,OK,0.1
2026-02-15T14:44:24.851Z,0,20.27,50,OK,0.1
2026-02-15T14:44:24.901Z,0,20.19,50,OK,0.1
2026-02-15T14:44:24.951Z,0,20.14,50,OK,0.1
2026-02-15T14:44:25.001Z,0,19.97,50,OK,0.1
2026-02-15T14:44:25.051Z,0,19.89,50,OK,0.1
2026-02-15T14:44:25.102Z,0,19.96,50,OK,0.1
2026-02-15T14:44:25.153Z,0,19.90,50,OK,0.1
2026-02-15T14:44:25.204Z,0,19.96,50,OK,0.1
2026-02-15T14:44:25.255Z,0,20.12,50,OK,0.1
2026-02-15T14:44:25.305Z,0,20.20,50,OK,0.1
2026-02-15T14:44:25.355Z,0,20.24,50,OK,0.1
2026-02-15T14:44:25.405Z,0,20.32,50,OK,0.1
2026-02-15T14:44:25.455Z,0,20.34,50,OK,0.1
2026-02-15T14:44:25.505Z,0,20.39,50,OK,0.1
2026-02-15T14:44:25.556Z,0,20.19,50,OK,0.1
2026-02-15T14:44:25.605Z,0,20.11,50,OK,0.1
2026-02-15T14:44:25.655Z,0,20.10,50,OK,0.1
2026-02-15T14:44:25.706Z,0,20.06,50,OK,0.1
2026-02-15T14:44:25.757Z,0,20.07,50,OK,0.1
2026-02-15T14:44:25.808Z,0,20.31,50,OK,0.1
2026-02-15T14:44:25.859Z,0,20.33,50,OK,0.1
2026-02-15T14:44:25.910Z,0,20.33,50,OK,0.1
2026-02-15T14:44:25.959Z,0,20.31,50,OK,0.1
2026-02-15T14:44:26.010Z,0,20.29,50,OK,0.1
2026-02-15T14:44:26.060Z,0,20.22,50,OK,0.1
2026-02-15T14:44:26.110Z,0,20.20,50,OK,0.1
2026-02-15T14:44:26.160Z,0,19.98,50,OK,0.1
2026-02-15T14:44:26.210Z,0,20.01,50,OK,0.1
2026-02-15T14:44:26.261Z,0,20.04,50,OK,0.1
2026-02-15T14:44:26.311Z,0,20.06,50,OK,0.1
2026-02-15T14:44:26.362Z,0,20.09,50,OK,0.1
2026-02-15T14:44:26.412Z,0,20.32,50,OK,0.1
2026-02-15T14:44:26.463Z,0,20.29,50,OK,0.1
2026-02-15T14:44:26.513Z,0,20.30,50,OK,0.1
2026-02-15T14:44:26.563Z,0,20.28,50,OK,0.1
2026-02-15T14:44:26.614Z,0,20.27,50,OK,0.1
2026-02-15T14:44:26.664Z,0,20.28,50,OK,0.1
2026-02-15T14:44:26.715Z,0,20.29,50,OK,0.1
2026-02-15T14:44:26.765Z,0,20.33,50,OK,0.1
2026-02-15T14:44:26.816Z,0,20.35,50,OK,0.1
2026-02-15T14:44:26.867Z,0,20.37,50,OK,0.1
2026-02-15T14:44:26.917Z,0,20.35,50,OK,0.1
2026-02-15T14:44:26.968Z,0,20.36,50,OK,0.1
2026-02-15T14:44:27.019Z,0,20.31,50,OK,0.1
2026-02-15T14:44:27.069Z,0,20.27,50,OK,0.1
2026-02-15T14:44:27.119Z,0,20.29,50,OK,0.1
2026-02-15T14:44:27.169Z,0,20.28,50,OK,0.1
2026-02-15T14:44:27.220Z,0,20.28,50,OK,0.1
2026-02-15T14:44:27.269Z,0,20.29,50,OK,0.1
2026-02-15T14:44:27.320Z,0,20.32,50,OK,0.1
2026-02-15T14:44:27.371Z,0,20.25,50,OK,0.1
2026-02-15T14:44:27.422Z,0,20.27,50,OK,0.1
2026-02-15T14:44:27.473Z,0,20.31,50,OK,0.1
2026-02-15T14:44:27.523Z,0,20.29,50,OK,0.1
2026-02-15T14:44:27.574Z,0,20.30,50,OK,0.1
2026-02-15T14:44:27.624Z,0,20.33,50,OK,0.1
2026-02-15T14:44:27.674Z,0,20.34,50,OK,0.1
2026-02-15T14:44:27.724Z,0,20.29,50,OK,0.1
2026-02-15T14:44:27.775Z,0,20.28,50,OK,0.1
2026-02-15T14:44:27.826Z,0,20.32,50,OK,0.1
2026-02-15T14:44:27.877Z,0,20.38,50,OK,0.1
2026-02-15T14:44:27.928Z,0,20.38,50,OK,0.1
2026-02-15T14:44:27.979Z,0,20.36,50,OK,0.1
2026-02-15T14:44:28.030Z,0,20.30,50,OK,0.1
2026-02-15T14:44:28.080Z,0,20.26,50,OK,0.1
2026-02-15T14:44:28.130Z,0,20.28,50,OK,0.1
2026-02-15T14:44:28.181Z,0,20.31,50,OK,0.1
2026-02-15T14:44:28.232Z,0,20.35,50,OK,0.1
2026-02-15T14:44:28.283Z,0,20.53,50,OK,0.1
2026-02-15T14:44:28.334Z,0,20.53,50,OK,0.1
2026-02-15T14:44:28.385Z,0,20.56,50,OK,0.1
2026-02-15T14:44:28.435Z,0,20.67,50,OK,0.1
2026-02-15T14:44:28.486Z,0,20.65,50,OK,0.1
2026-02-15T14:44:28.536Z,0,20.54,50,OK,0.1
2026-02-15T14:44:28.585Z,0,20.52,50,OK,0.1
2026-02-15T14:44:28.636Z,0,20.44,50,OK,0.1
2026-02-15T14:44:28.686Z,0,20.31,50,OK,0.1
2026-02-15T14:44:28.737Z,0,20.34,50,OK,0.1
2026-02-15T14:44:28.787Z,0,20.37,50,OK,0.1
2026-02-15T14:44:28.837Z,0,20.40,50,OK,0.1
2026-02-15T14:44:28.887Z,0,20.40,50,OK,0.1
2026-02-15T14:44:28.938Z,0,20.30,50,OK,0.1
2026-02-15T14:44:28.988Z,0,20.27,50,OK,0.1
2026-02-15T14:44:29.038Z,0,20.18,50,OK,0.1
2026-02-15T14:44:29.088Z,0,20.20,50,OK,0.1
2026-02-15T14:44:29.138Z,0,20.14,50,OK,0.1
2026-02-15T14:44:29.188Z,0,20.22,50,OK,0.1
2026-02-15T14:44:29.239Z,0,20.19,50,OK,0.1
2026-02-15T14:44:29.291Z,0,20.29,50,OK,0.1
2026-02-15T14:44:29.341Z,0,20.16,50,OK,0.1
2026-02-15T14:44:29.392Z,0,20.22,50,OK,0.1
2026-02-15T14:44:29.442Z,0,20.19,50,OK,0.1
2026-02-15T14:44:29.492Z,0,20.21,50,OK,0.1
2026-02-15T14:44:29.542Z,0,20.27,50,OK,0.1
2026-02-15T14:44:29.593Z,0,20.36,50,OK,0.1
2026-02-15T14:44:29.643Z,0,20.32,50,OK,0.1
2026-02-15T14:44:29.694Z,0,20.37,50,OK,0.1
2026-02-15T14:44:29.744Z,0,20.42,50,OK,0.1
2026-02-15T14:44:29.794Z,0,20.36,50,OK,0.1
2026-02-15T14:44:29.845Z,0,20.41,50,OK,0.1
2026-02-15T14:44:29.895Z,0,20.47,50,OK,0.1
2026-02-15T14:44:29.945Z,0,20.46,50,OK,0.1
2026-02-15T14:44:29.995Z,0,20.20,50,OK,0.1
2026-02-15T14:44:30.045Z,0,20.11,50,OK,0.1
2026-02-15T14:44:30.095Z,0,19.99,50,OK,0.1
2026-02-15T14:44:30.145Z,0,19.99,50,OK,0.1
2026-02-15T14:44:30.196Z,0,19.99,50,OK,0.1
2026-02-15T14:44:30.247Z,0,20.17,50,OK,0.1
2026-02-15T14:44:30.297Z,0,20.28,50,OK,0.1
2026-02-15T14:44:30.347Z,0,20.36,50,OK,0.1
2026-02-15T14:44:30.397Z,0,20.30,50,OK,0.1
2026-02-15T14:44:30.448Z,0,20.26,50,OK,0.1
2026-02-15T14:44:30.498Z,0,20.29,50,OK,0.1
2026-02-15T14:44:30.549Z,0,20.29,50,OK,0.1
2026-02-15T14:44:30.600Z,0,20.31,50,OK,0.1
2026-02-15T14:44:30.650Z,0,20.33,50,OK,0.1
2026-02-15T14:44:30.699Z,0,20.37,50,OK,0.1
2026-02-15T14:44:30.750Z,0,20.34,50,OK,0.1
2026-02-15T14:44:30.800Z,0,20.31,50,OK,0.1
2026-02-15T14:44:30.850Z,0,20.28,50,OK,0.1
2026-02-15T14:44:30.900Z,0,20.31,50,OK,0.1
2026-02-15T14:44:30.951Z,0,20.33,50,OK,0.1
2026-02-15T14:44:31.001Z,0,20.38,50,OK,0.1
2026-02-15T14:44:31.051Z,0,20.37,50,OK,0.1
2026-02-15T14:44:31.102Z,0,20.41,50,OK,0.1
2026-02-15T14:44:31.152Z,0,20.37,50,OK,0.1
2026-02-15T14:44:31.201Z,0,20.36,50,OK,0.1
2026-02-15T14:44:31.252Z,0,20.43,50,OK,0.1
2026-02-15T14:44:31.302Z,0,20.43,50,OK,0.1
2026-02-15T14:44:31.353Z,0,20.39,50,OK,0.1
2026-02-15T14:44:31.403Z,0,20.39,50,OK,0.1
2026-02-15T14:44:31.453Z,0,20.28,50,OK,0.1
2026-02-15T14:44:31.503Z,0,20.18,50,OK,0.1
2026-02-15T14:44:31.553Z,0,20.19,50,OK,0.1
2026-02-15T14:44:31.604Z,0,20.25,50,OK,0.1
2026-02-15T14:44:31.655Z,0,20.22,50,OK,0.1
2026-02-15T14:44:31.706Z,0,20.40,50,OK,0.1
2026-02-15T14:44:31.756Z,0,20.38,50,OK,0.1
2026-02-15T14:44:31.807Z,0,20.41,50,OK,0.1
2026-02-15T14:44:31.858Z,0,20.45,50,OK,0.1
2026-02-15T14:44:31.908Z,0,20.50,50,OK,0.1
2026-02-15T14:44:31.959Z,0,20.51,50,OK,0.1
2026-02-15T14:44:32.008Z,0,20.56,50,OK,0.1
2026-02-15T14:44:32.060Z,0,20.48,50,OK,0.1
2026-02-15T14:44:32.110Z,0,20.45,50,OK,0.1
2026-02-15T14:44:32.161Z,0,20.48,50,OK,0.1
2026-02-15T14:44:32.213Z,0,20.44,50,OK,0.1
2026-02-15T14:44:32.263Z,0,20.49,50,OK,0.1
2026-02-15T14:44:32.314Z,0,20.51,50,OK,0.1
2026-02-15T14:44:32.364Z,0,20.53,50,OK,0.1
2026-02-15T14:44:32.414Z,0,20.47,50,OK,0.1
2026-02-15T14:44:32.466Z,0,20.46,50,OK,0.1
2026-02-15T14:44:32.516Z,0,20.43,50,OK,0.1
2026-02-15T14:44:32.566Z,0,20.50,50,OK,0.1
2026-02-15T14:44:32.617Z,0,20.47,50,OK,0.1
2026-02-15T14:44:32.668Z,0,20.45,50,OK,0.1
2026-02-15T14:44:32.719Z,0,20.49,50,OK,0.1
2026-02-15T14:44:32.770Z,0,20.38,50,OK,0.1
2026-02-15T14:44:32.821Z,0,20.28,50,OK,0.1
2026-02-15T14:44:32.871Z,0,20.19,50,OK,0.1
2026-02-15T14:44:32.922Z,0,20.23,50,OK,0.1
2026-02-15T14:44:32.972Z,0,20.04,50,OK,0.1
2026-02-15T14:44:33.022Z,0,20.06,50,OK,0.1
2026-02-15T14:44:33.072Z,0,19.98,50,OK,0.1
2026-02-15T14:44:33.123Z,0,20.05,50,OK,0.1
2026-02-15T14:44:33.173Z,0,19.96,50,OK,0.1
2026-02-15T14:44:33.223Z,0,20.15,50,OK,0.1
2026-02-15T14:44:33.275Z,0,20.14,50,OK,0.1
2026-02-15T14:44:33.325Z,0,20.21,50,OK,0.1
2026-02-15T14:44:33.375Z,0,20.14,50,OK,0.1
2026-02-15T14:44:33.426Z,0,20.25,50,OK,0.1
2026-02-15T14:44:33.477Z,0,20.28,50,OK,0.1
2026-02-15T14:44:33.527Z,0,20.36,50,OK,0.1
2026-02-15T14:44:33.578Z,0,20.54,50,OK,0.1
2026-02-15T14:44:33.628Z,0,20.61,50,OK,0.1
2026-02-15T14:44:33.678Z,0,20.49,50,OK,0.1
2026-02-15T14:44:33.728Z,0,20.28,50,OK,0.1
2026-02-15T14:44:33.779Z,0,20.23,50,OK,0.1
2026-02-15T14:44:33.831Z,0,20.11,50,OK,0.1
2026-02-15T14:44:33.881Z,0,20.01,50,OK,0.1
2026-02-15T14:44:33.931Z,0,20.12,50,OK,0.1
2026-02-15T14:44:33.982Z,0,20.11,50,OK,0.1
2026-02-15T14:44:34.033Z,0,20.16,50,OK,0.1
2026-02-15T14:44:34.083Z,0,20.06,50,OK,0.1
2026-02-15T14:44:34.133Z,0,20.13,50,OK,0.1
2026-02-15T14:44:34.183Z,0,20.22,50,OK,0.1
2026-02-15T14:44:34.233Z,0,20.34,50,OK,0.1
2026-02-15T14:44:34.283Z,0,20.23,50,OK,0.1
2026-02-15T14:44:34.333Z,0,20.33,50,OK,0.1
2026-02-15T14:44:34.383Z,0,20.44,50,OK,0.1
2026-02-15T14:44:34.433Z,0,20.33,50,OK,0.1
2026-02-15T14:44:34.483Z,0,20.35,50,OK,0.1
2026-02-15T14:44:34.533Z,0,20.44,50,OK,0.1
2026-02-15T14:44:34.583Z,0,20.47,50,OK,0.1
2026-02-15T14:44:34.633Z,0,20.41,50,OK,0.1
2026-02-15T14:44:34.683Z,0,20.50,50,OK,0.1
2026-02-15T14:44:34.733Z,0,20.48,50,OK,0.1
2026-02-15T14:44:34.783Z,0,20.44,50,OK,0.1
2026-02-15T14:44:34.833Z,0,20.43,50,OK,0.1
2026-02-15T14:44:34.884Z,0,20.38,50,OK,0.1
2026-02-15T14:44:34.935Z,0,20.16,50,OK,0.1
2026-02-15T14:44:34.985Z,0,20.15,50,OK,0.1
2026-02-15T14:44:35.035Z,0,20.17,50,OK,0.1
2026-02-15T14:44:35.085Z,0,20.20,50,OK,0.1
2026-02-15T14:44:35.135Z,0,20.15,50,OK,0.1
2026-02-15T14:44:35.185Z,0,20.15,50,OK,0.1
2026-02-15T14:44:35.235Z,0,20.18,50,OK,0.1
2026-02-15T14:44:35.285Z,0,20.30,50,OK,0.1
2026-02-15T14:44:35.335Z,0,20.23,50,OK,0.1
2026-02-15T14:44:35.385Z,0,20.20,50,OK,0.1
2026-02-15T14:44:35.435Z,0,20.36,50,OK,0.1
2026-02-15T14:44:35.486Z,0,20.38,50,OK,0.1
2026-02-15T14:44:35.536Z,0,20.28,50,OK,0.1
2026-02-15T14:44:35.586Z,0,20.23,50,OK,0.1
2026-02-15T14:44:35.637Z,0,20.37,50,OK,0.1
2026-02-15T14:44:35.687Z,0,20.52,50,OK,0.1
2026-02-15T14:44:35.737Z,0,20.50,50,OK,0.1
2026-02-15T14:44:35.787Z,0,20.40,50,OK,0.1
2026-02-15T14:44:35.837Z,0,20.48,50,OK,0.1
2026-02-15T14:44:35.889Z,0,20.41,50,OK,0.1
2026-02-15T14:44:35.939Z,0,20.26,50,OK,0.1
2026-02-15T14:44:35.989Z,0,20.07,50,OK,0.1
2026-02-15T14:44:36.038Z,0,20.14,50,OK,0.1
2026-02-15T14:44:36.089Z,0,20.12,50,OK,0.1
2026-02-15T14:44:36.139Z,0,20.11,50,OK,0.1
2026-02-15T14:44:36.190Z,0,20.05,50,OK,0.1
2026-02-15T14:44:36.241Z,0,20.19,50,OK,0.1
2026-02-15T14:44:36.292Z,0,20.12,50,OK,0.1
2026-02-15T14:44:36.343Z,0,20.20,50,OK,0.1
2026-02-15T14:44:36.393Z,0,20.11,50,OK,0.1
2026-02-15T14:44:36.444Z,0,20.18,50,OK,0.1
2026-02-15T14:44:36.494Z,0,20.04,50,OK,0.1
2026-02-15T14:44:36.545Z,0,20.14,50,OK,0.1
2026-02-15T14:44:36.595Z,0,19.93,50,OK,0.1
2026-02-15T14:44:36.645Z,0,20.09,50,OK,0.1
2026-02-15T14:44:36.695Z,0,20.19,50,OK,0.1
2026-02-15T14:44:36.745Z,0,20.34,50,OK,0.1
2026-02-15T14:44:36.796Z,0,20.39,50,OK,0.1
2026-02-15T14:44:36.846Z,0,20.52,50,OK,0.1
2026-02-15T14:44:36.896Z,0,20.54,50,OK,0.1
2026-02-15T14:44:36.947Z,0,20.44,50,OK,0.1
2026-02-15T14:44:36.997Z,0,20.48,50,OK,0.1
2026-02-15T14:44:37.047Z,0,20.42,50,OK,0.1
2026-02-15T14:44:37.097Z,0,20.47,50,OK,0.1
2026-02-15T14:44:37.147Z,0,20.44,50,OK,0.1
2026-02-15T14:44:37.197Z,0,20.50,50,OK,0.1
2026-02-15T14:44:37.247Z,0,20.31,50,OK,0.1
2026-02-15T14:44:37.297Z,0,20.37,50,OK,0.1
2026-02-15T14:44:37.348Z,0,20.37,50,OK,0.1
2026-02-15T14:44:37.398Z,0,20.41,50,OK,0.1
2026-02-15T14:44:37.449Z,0,20.34,50,OK,0.1
2026-02-15T14:44:37.500Z,0,20.56,50,OK,0.1
2026-02-15T14:44:37.550Z,0,20.53,50,OK,0.1
2026-02-15T14:44:37.601Z,0,20.38,50,OK,0.1
2026-02-15T14:44:37.651Z,0,20.30,50,OK,0.1
2026-02-15T14:44:37.702Z,0,20.22,50,OK,0.1
2026-02-15T14:44:37.752Z,0,20.11,50,OK,0.1
2026-02-15T14:44:37.803Z,0,20.06,50,OK,0.1
2026-02-15T14:44:37.853Z,0,20.16,50,OK,0.1
2026-02-15T14:44:37.904Z,0,20.11,50,OK,0.1
2026-02-15T14:44:37.954Z,0,20.13,50,OK,0.1
2026-02-15T14:44:38.004Z,0,20.10,50,OK,0.1
2026-02-15T14:44:38.054Z,0,20.16,50,OK,0.1
2026-02-15T14:44:38.105Z,0,20.28,50,OK,0.1
2026-02-15T14:44:38.155Z,0,20.35,50,OK,0.1
2026-02-15T14:44:38.205Z,0,20.30,50,OK,0.1
2026-02-15T14:44:38.256Z,0,20.38,50,OK,0.1
2026-02-15T14:44:38.306Z,0,20.37,50,OK,0.1
2026-02-15T14:44:38.356Z,0,20.28,50,OK,0.1
2026-02-15T14:44:38.406Z,0,20.21,50,OK,0.1
2026-02-15T14:44:38.457Z,0,20.25,50,OK,0.1
2026-02-15T14:44:38.507Z,0,20.32,50,OK,0.1
2026-02-15T14:44:38.557Z,0,20.31,50,OK,0.1
2026-02-15T14:44:38.608Z,0,20.24,50,OK,0.1
2026-02-15T14:44:38.658Z,0,20.29,50,OK,0.1
2026-02-15T14:44:38.708Z,0,20.23,50,OK,0.1
2026-02-15T14:44:38.758Z,0,20.13,50,OK,0.1
2026-02-15T14:44:38.808Z,0,20.06,50,OK,0.1
2026-02-15T14:44:38.858Z,0,20.12,50,OK,0.1
2026-02-15T14:44:38.909Z,0,19.96,50,OK,0.1
2026-02-15T14:44:38.959Z,0,20.06,50,OK,0.1
2026-02-15T14:44:39.009Z,0,19.93,50,OK,0.1
2026-02-15T14:44:39.059Z,0,19.99,50,OK,0.1
2026-02-15T14:44:39.110Z,0,19.92,50,OK,0.1
2026-02-15T14:44:39.161Z,0,20.09,50,OK,0.1
2026-02-15T14:44:39.211Z,0,20.05,50,OK,0.1
2026-02-15T14:44:39.261Z,0,20.20,50,OK,0.1
2026-02-15T14:44:39.311Z,0,20.26,50,OK,0.1
2026-02-15T14:44:39.361Z,0,20.29,50,OK,0.1
2026-02-15T14:44:39.411Z,0,20.32,50,OK,0.1
2026-02-15T14:44:39.461Z,0,20.36,50,OK,0.1
2026-02-15T14:44:39.511Z,0,20.36,50,OK,0.1
2026-02-15T14:44:39.562Z,0,20.34,50,OK,0.1
2026-02-15T14:44:39.613Z,0,20.32,50,OK,0.1
2026-02-15T14:44:39.664Z,0,20.29,50,OK,0.1
2026-02-15T14:44:39.714Z,0,20.28,50,OK,0.1
2026-02-15T14:44:39.764Z,0,20.26,50,OK,0.1
2026-02-15T14:44:39.814Z,0,20.20,50,OK,0.1
2026-02-15T14:44:39.865Z,0,20.24,50,OK,0.1
2026-02-15T14:44:39.915Z,0,20.19,50,OK,0.1
2026-02-15T14:44:39.966Z,0,20.21,50,OK,0.1
2026-02-15T14:44:40.017Z,0,20.16,50,OK,0.1
2026-02-15T14:44:40.067Z,0,20.22,50,OK,0.1
2026-02-15T14:44:40.117Z,0,20.16,50,OK,0.1
2026-02-15T14:44:40.168Z,0,20.23,50,OK,0.1
2026-02-15T14:44:40.219Z,0,20.22,50,OK,0.1
2026-02-15T14:44:40.270Z,0,20.25,50,OK,0.1
2026-02-15T14:44:40.320Z,0,20.26,50,OK,0.1
2026-02-15T14:44:40.370Z,0,20.38,50,OK,0.1
2026-02-15T14:44:40.420Z,0,20.31,50,OK,0.1
2026-02-15T14:44:40.470Z,0,20.26,50,OK,0.1
2026-02-15T14:44:40.520Z,0,20.20,50,OK,0.1
2026-02-15T14:44:40.571Z,0,20.20,50,OK,0.1
2026-02-15T14:44:40.622Z,0,20.29,50,OK,0.1
2026-02-15T14:44:40.673Z,0,20.33,50,OK,0.1
2026-02-15T14:44:40.723Z,0,20.49,50,OK,0.1
2026-02-15T14:44:40.773Z,0,20.61,50,OK,0.1
2026-02-15T14:44:40.821Z,0,20.63,50,OK,0.1
2026-02-15T14:44:40.872Z,0,20.55,50,OK,0.1
2026-02-15T14:44:40.922Z,0,20.44,50,OK,0.1
2026-02-15T14:44:40.972Z,0,20.37,50,OK,0.1
2026-02-15T14:44:41.022Z,0,20.45,50,OK,0.1
2026-02-15T14:44:41.072Z,0,20.41,50,OK,0.1
2026-02-15T14:44:41.122Z,0,20.22,50,OK,0.1
2026-02-15T14:44:41.172Z,0,20.37,50,OK,0.1
2026-02-15T14:44:41.223Z,0,20.42,50,OK,0.1
2026-02-15T14:44:41.273Z,0,20.34,50,OK,0.1
2026-02-15T14:44:41.323Z,0,20.30,50,OK,0.1
2026-02-15T14:44:41.374Z,0,20.43,50,OK,0.1
2026-02-15T14:44:41.424Z,0,20.50,50,OK,0.1
2026-02-15T14:44:41.475Z,0,20.41,50,OK,0.1
2026-02-15T14:44:41.525Z,0,20.35,50,OK,0.1
2026-02-15T14:44:41.575Z,0,20.33,50,OK,0.1
2026-02-15T14:44:41.625Z,0,20.31,50,OK,0.1
2026-02-15T14:44:41.676Z,0,20.19,50,OK,0.1
2026-02-15T14:44:41.726Z,0,20.18,50,OK,0.1
2026-02-15T14:44:41.777Z,0,20.21,50,OK,0.1
2026-02-15T14:44:41.827Z,0,20.32,50,OK,0.1
2026-02-15T14:44:41.877Z,0,20.35,50,OK,0.1
2026-02-15T14:44:41.927Z,0,20.34,50,OK,0.1
2026-02-15T14:44:41.978Z,0,20.38,50,OK,0.1
2026-02-15T14:44:42.029Z,0,20.33,50,OK,0.1
2026-02-15T14:44:42.080Z,0,20.32,50,OK,0.1
2026-02-15T14:44:42.130Z,0,20.35,50,OK,0.1
2026-02-15T14:44:42.180Z,0,20.41,50,OK,0.1
2026-02-15T14:44:42.231Z,0,20.49,50,OK,0.1
2026-02-15T14:44:42.282Z,0,20.54,50,OK,0.1
2026-02-15T14:44:42.332Z,0,20.53,50,OK,0.1
2026-02-15T14:44:42.383Z,0,20.52,50,OK,0.1
2026-02-15T14:44:42.434Z,0,20.56,50,OK,0.1
2026-02-15T14:44:42.485Z,0,20.48,50,OK,0.1
2026-02-15T14:44:42.536Z,0,20.54,50,OK,0.1
2026-02-15T14:44:42.587Z,0,20.48,50,OK,0.1
2026-02-15T14:44:42.638Z,0,20.42,50,OK,0.1
2026-02-15T14:44:42.688Z,0,20.36,50,OK,0.1
2026-02-15T14:44:42.739Z,0,20.39,50,OK,0.1
2026-02-15T14:44:42.789Z,0,20.30,50,OK,0.1
2026-02-15T14:44:42.840Z,0,20.33,50,OK,0.1
2026-02-15T14:44:42.890Z,0,20.36,50,OK,0.1
2026-02-15T14:44:42.940Z,0,20.33,50,OK,0.1
2026-02-15T14:44:42.990Z,0,20.27,50,OK,0.1
2026-02-15T14:44:43.040Z,0,20.30,50,OK,0.1
2026-02-15T14:44:43.091Z,0,20.26,50,OK,0.1
2026-02-15T14:44:43.140Z,0,20.26,50,OK,0.1
2026-02-15T14:44:43.191Z,0,20.26,50,OK,0.1
2026-02-15T14:44:43.242Z,0,20.27,50,OK,0.1
2026-02-15T14:44:43.292Z,0,20.26,50,OK,0.1
2026-02-15T14:44:43.342Z,0,20.26,50,OK,0.1
2026-02-15T14:44:43.392Z,0,20.24,50,OK,0.1
2026-02-15T14:44:43.442Z,0,20.26,50,OK,0.1
2026-02-15T14:44:43.492Z,0,20.28,50,OK,0.1
2026-02-15T14:44:43.543Z,0,20.28,50,OK,0.1
2026-02-15T14:44:43.593Z,0,20.29,50,OK,0.1
2026-02-15T14:44:43.644Z,0,20.32,50,OK,0.1
2026-02-15T14:44:43.695Z,0,20.25,50,OK,0.1
2026-02-15T14:44:43.746Z,0,20.24,50,OK,0.1
2026-02-15T14:44:43.796Z,0,20.23,50,OK,0.1
2026-02-15T14:44:43.847Z,0,20.21,50,OK,0.1
2026-02-15T14:44:43.898Z,0,20.20,50,OK,0.1
2026-02-15T14:44:43.948Z,0,20.24,50,OK,0.1
2026-02-15T14:44:43.999Z,0,20.24,50,OK,0.1
2026-02-15T14:44:44.048Z,0,20.26,50,OK,0.1
2026-02-15T14:44:44.098Z,0,20.28,50,OK,0.1
2026-02-15T14:44:44.148Z,0,20.28,50,OK,0.1
2026-02-15T14:44:44.198Z,0,20.29,50,OK,0.1
2026-02-15T14:44:44.248Z,0,20.29,50,OK,0.1
2026-02-15T14:44:44.298Z,0,20.33,50,OK,0.1
2026-02-15T14:44:44.349Z,0,20.34,50,OK,0.1
2026-02-15T14:44:44.400Z,0,20.39,50,OK,0.1
2026-02-15T14:44:44.450Z,0,20.19,50,OK,0.1
2026-02-15T14:44:44.499Z,0,20.20,50,OK,0.1
2026-02-15T14:44:44.550Z,0,20.16,50,OK,0.1
2026-02-15T14:44:44.600Z,0,20.15,50,OK,0.1
2026-02-15T14:44:44.649Z,0,20.10,50,OK,0.1
2026-02-15T14:44:44.700Z,0,20.32,50,OK,0.1
2026-02-15T14:44:44.749Z,0,20.31,50,OK,0.1
2026-02-15T14:44:44.799Z,0,20.29,50,OK,0.1
2026-02-15T14:44:44.849Z,0,20.25,50,OK,0.1
2026-02-15T14:44:44.899Z,0,20.27,50,OK,0.1
2026-02-15T14:44:44.949Z,0,20.25,50,OK,0.1
2026-02-15T14:44:44.999Z,0,20.25,50,OK,0.1
2026-02-15T14:44:45.050Z,0,20.25,50,OK,0.1
2026-02-15T14:44:45.100Z,0,20.26,50,OK,0.1
2026-02-15T14:44:45.150Z,0,20.24,50,OK,0.1
2026-02-15T14:44:45.201Z,0,20.23,50,OK,0.1
2026-02-15T14:44:45.250Z,0,20.21,50,OK,0.1
2026-02-15T14:44:45.300Z,0,20.23,50,OK,0.1
2026-02-15T14:44:45.351Z,0,20.25,50,OK,0.1
2026-02-15T14:44:45.401Z,0,20.26,50,OK,0.1
2026-02-15T14:44:45.452Z,0,20.29,50,OK,0.1
2026-02-15T14:44:45.502Z,0,20.32,50,OK,0.1
2026-02-15T14:44:45.553Z,0,20.32,50,OK,0.1
2026-02-15T14:44:45.603Z,0,20.32,50,OK,0.1
2026-02-15T14:44:45.654Z,0,20.31,50,OK,0.1
2026-02-15T14:44:45.704Z,0,20.30,50,OK,0.1
2026-02-15T14:44:45.755Z,0,20.29,50,OK,0.1
2026-02-15T14:44:45.806Z,0,20.29,50,OK,0.1
2026-02-15T14:44:45.856Z,0,20.26,50,OK,0.1
2026-02-15T14:44:45.906Z,0,20.29,50,OK,0.1
2026-02-15T14:44:45.957Z,0,20.28,50,OK,0.1
2026-02-15T14:44:46.008Z,0,20.26,50,OK,0.1
2026-02-15T14:44:46.057Z,0,20.24,50,OK,0.1
2026-02-15T14:44:46.108Z,0,20.23,50,OK,0.1
2026-02-15T14:44:46.158Z,0,20.19,50,OK,0.1
2026-02-15T14:44:46.209Z,0,20.19,50,OK,0.1
2026-02-15T14:44:46.259Z,0,20.24,50,OK,0.1
2026-02-15T14:44:46.310Z,0,20.25,50,OK,0.1
2026-02-15T14:44:46.361Z,0,20.28,50,OK,0.1
2026-02-15T14:44:46.411Z,0,20.32,50,OK,0.1
2026-02-15T14:44:46.461Z,0,20.34,50,OK,0.1
2026-02-15T14:44:46.511Z,0,20.33,50,OK,0.1
2026-02-15T14:44:46.562Z,0,20.35,50,OK,0.1
2026-02-15T14:44:46.613Z,0,20.36,50,OK,0.1
2026-02-15T14:44:46.663Z,0,20.36,50,OK,0.1
2026-02-15T14:44:46.713Z,0,20.39,50,OK,0.1
2026-02-15T14:44:46.763Z,0,20.39,50,OK,0.1
2026-02-15T14:44:46.813Z,0,20.40,50,OK,0.1
2026-02-15T14:44:46.864Z,0,20.41,50,OK,0.1
2026-02-15T14:44:46.915Z,0,20.39,50,OK,0.1
2026-02-15T14:44:46.965Z,0,20.38,50,OK,0.1
2026-02-15T14:44:47.015Z,0,20.33,50,OK,0.1
2026-02-15T14:44:47.065Z,0,20.32,50,OK,0.1
2026-02-15T14:44:47.115Z,0,20.26,50,OK,0.1
2026-02-15T14:44:47.166Z,0,20.28,50,OK,0.1
2026-02-15T14:44:47.217Z,0,20.32,50,OK,0.1
2026-02-15T14:44:47.267Z,0,20.38,50,OK,0.1
2026-02-15T14:44:47.317Z,0,20.40,50,OK,0.1
2026-02-15T14:44:47.368Z,0,20.24,50,OK,0.1
2026-02-15T14:44:47.418Z,0,20.26,50,OK,0.1
2026-02-15T14:44:47.468Z,0,20.20,50,OK,0.1
2026-02-15T14:44:47.518Z,0,20.16,50,OK,0.1
2026-02-15T14:44:47.568Z,0,20.13,50,OK,0.1
2026-02-15T14:44:47.618Z,0,20.35,50,OK,0.1
2026-02-15T14:44:47.669Z,0,20.32,50,OK,0.1
2026-02-15T14:44:47.719Z,0,20.32,50,OK,0.1
2026-02-15T14:44:47.769Z,0,20.37,50,OK,0.1
2026-02-15T14:44:47.819Z,0,20.35,50,OK,0.1
2026-02-15T14:44:47.870Z,0,20.37,50,OK,0.1
2026-02-15T14:44:47.920Z,0,20.34,50,OK,0.1
2026-02-15T14:44:47.969Z,0,20.34,50,OK,0.1
2026-02-15T14:44:48.020Z,0,20.27,50,OK,0.1
2026-02-15T14:44:48.071Z,0,20.33,50,OK,0.1
2026-02-15T14:44:48.121Z,0,20.27,50,OK,0.1
2026-02-15T14:44:48.172Z,0,20.34,50,OK,0.1
2026-02-15T14:44:48.222Z,0,20.33,50,OK,0.1
2026-02-15T14:44:48.273Z,0,20.45,50,OK,0.1
2026-02-15T14:44:48.323Z,0,20.43,50,OK,0.1
2026-02-15T14:44:48.374Z,0,20.46,50,OK,0.1
2026-02-15T14:44:48.425Z,0,20.41,50,OK,0.1
2026-02-15T14:44:48.477Z,0,20.39,50,OK,0.1
2026-02-15T14:44:48.526Z,0,20.33,50,OK,0.1
2026-02-15T14:44:48.577Z,0,20.31,50,OK,0.1
2026-02-15T14:44:48.626Z,0,20.29,50,OK,0.1
2026-02-15T14:44:48.677Z,0,20.28,50,OK,0.1
2026-02-15T14:44:48.728Z,0,20.25,50,OK,0.1
2026-02-15T14:44:48.778Z,0,20.21,50,OK,0.1
2026-02-15T14:44:48.827Z,0,20.19,50,OK,0.1
2026-02-15T14:44:48.877Z,0,20.26,50,OK,0.1
2026-02-15T14:44:48.927Z,0,20.29,50,OK,0.1
2026-02-15T14:44:48.978Z,0,20.34,50,OK,0.1
2026-02-15T14:44:49.028Z,0,20.35,50,OK,0.1
2026-02-15T14:44:49.079Z,0,20.37,50,OK,0.1
2026-02-15T14:44:49.130Z,0,20.34,50,OK,0.1
2026-02-15T14:44:49.180Z,0,20.32,50,OK,0.1
2026-02-15T14:44:49.230Z,0,20.37,50,OK,0.1
2026-02-15T14:44:49.281Z,0,20.38,50,OK,0.1
2026-02-15T14:44:49.332Z,0,20.38,50,OK,0.1
2026-02-15T14:44:49.382Z,0,20.39,50,OK,0.1
2026-02-15T14:44:49.432Z,0,20.43,50,OK,0.1
2026-02-15T14:44:49.482Z,0,20.41,50,OK,0.1
2026-02-15T14:44:49.533Z,0,20.45,50,OK,0.1
2026-02-15T14:44:49.583Z,0,20.44,50,OK,0.1
2026-02-15T14:44:49.634Z,0,20.41,50,OK,0.1
2026-02-15T14:44:49.684Z,0,20.36,50,OK,0.1
2026-02-15T14:44:49.734Z,0,20.40,50,OK,0.1
2026-02-15T14:44:49.783Z,0,20.36,50,OK,0.1
2026-02-15T14:44:49.834Z,0,20.45,50,OK,0.1
2026-02-15T14:44:49.884Z,0,20.47,50,OK,0.1
2026-02-15T14:44:49.934Z,0,20.46,50,OK,0.1
2026-02-15T14:44:49.984Z,0,20.40,50,OK,0.1
2026-02-15T14:44:50.033Z,0,20.41,50,OK,0.1
2026-02-15T14:44:50.084Z,0,20.32,50,OK,0.1
2026-02-15T14:44:50.134Z,0,20.33,50,OK,0.1
2026-02-15T14:44:50.184Z,0,20.45,50,OK,0.1
2026-02-15T14:44:50.234Z,0,20.48,50,OK,0.1
2026-02-15T14:44:50.285Z,0,20.47,50,OK,0.1
2026-02-15T14:44:50.335Z,0,20.48,50,OK,0.1
2026-02-15T14:44:50.386Z,0,20.46,50,OK,0.1
2026-02-15T14:44:50.435Z,0,20.36,50,OK,0.1
2026-02-15T14:44:50.486Z,0,20.31,50,OK,0.1
2026-02-15T14:44:50.536Z,0,20.31,50,OK,0.1
2026-02-15T14:44:50.586Z,0,20.33,50,OK,0.1
2026-02-15T14:44:50.637Z,0,20.29,50,OK,0.1
2026-02-15T14:44:50.688Z,0,20.34,50,OK,0.1
2026-02-15T14:44:50.738Z,0,20.36,50,OK,0.1
2026-02-15T14:44:50.788Z,0,20.35,50,OK,0.1
2026-02-15T14:44:50.839Z,0,20.34,50,OK,0.1
2026-02-15T14:44:50.889Z,0,20.38,50,OK,0.1
2026-02-15T14:44:50.939Z,0,20.30,50,OK,0.1
2026-02-15T14:44:50.989Z,0,20.28,50,OK,0.1
2026-02-15T14:44:51.040Z,0,20.23,50,OK,0.1
2026-02-15T14:44:51.090Z,0,20.20,50,OK,0.1
2026-02-15T14:44:51.141Z,0,20.30,50,OK,0.1
2026-02-15T14:44:51.191Z,0,20.35,50,OK,0.1
2026-02-15T14:44:51.241Z,0,20.29,50,OK,0.1
2026-02-15T14:44:51.292Z,0,20.38,50,OK,0.1
2026-02-15T14:44:51.343Z,0,20.32,50,OK,0.1
2026-02-15T14:44:51.393Z,0,20.22,50,OK,0.1
2026-02-15T14:44:51.444Z,0,20.24,50,OK,0.1
2026-02-15T14:44:51.495Z,0,20.32,50,OK,0.1
2026-02-15T14:44:51.546Z,0,20.38,50,OK,0.1
2026-02-15T14:44:51.596Z,0,20.46,50,OK,0.1
2026-02-15T14:44:51.646Z,0,20.40,50,OK,0.1
2026-02-15T14:44:51.696Z,0,20.40,50,OK,0.1
2026-02-15T14:44:51.746Z,0,20.42,50,OK,0.1
2026-02-15T14:44:51.797Z,0,20.37,50,OK,0.1
2026-02-15T14:44:51.848Z,0,20.35,50,OK,0.1
2026-02-15T14:44:51.899Z,0,20.44,50,OK,0.1
2026-02-15T14:44:51.949Z,0,20.38,50,OK,0.1
2026-02-15T14:44:51.998Z,0,20.34,50,OK,0.1
2026-02-15T14:44:52.048Z,0,20.39,50,OK,0.1
2026-02-15T14:44:52.098Z,0,20.46,50,OK,0.1
2026-02-15T14:44:52.148Z,0,20.44,50,OK,0.1
2026-02-15T14:44:52.199Z,0,20.56,50,OK,0.1
2026-02-15T14:44:52.249Z,0,20.59,50,OK,0.1
2026-02-15T14:44:52.299Z,0,20.55,50,OK,0.1
2026-02-15T14:44:52.349Z,0,20.47,50,OK,0.1
2026-02-15T14:44:52.400Z,0,20.47,50,OK,0.1
2026-02-15T14:44:52.450Z,0,20.40,50,OK,0.1
2026-02-15T14:44:52.501Z,0,20.38,50,OK,0.1
2026-02-15T14:44:52.551Z,0,20.31,50,OK,0.1
2026-02-15T14:44:52.602Z,0,20.32,50,OK,0.1
2026-02-15T14:44:52.652Z,0,20.31,50,OK,0.1
2026-02-15T14:44:52.703Z,0,20.28,50,OK,0.1
2026-02-15T14:44:52.753Z,0,20.29,50,OK,0.1
2026-02-15T14:44:52.803Z,0,20.29,50,OK,0.1
2026-02-15T14:44:52.853Z,0,20.28,50,OK,0.1
2026-02-15T14:44:52.904Z,0,20.29,50,OK,0.1
2026-02-15T14:44:52.955Z,0,20.41,50,OK,0.1
2026-02-15T14:44:53.005Z,0,20.42,50,OK,0.1
2026-02-15T14:44:53.056Z,0,20.32,50,OK,0.1
2026-02-15T14:44:53.107Z,0,20.34,50,OK,0.1
2026-02-15T14:44:53.158Z,0,20.36,50,OK,0.1
2026-02-15T14:44:53.209Z,0,20.27,50,OK,0.1
2026-02-15T14:44:53.258Z,0,20.21,50,OK,0.1
2026-02-15T14:44:53.308Z,0,20.33,50,OK,0.1
2026-02-15T14:44:53.359Z,0,20.43,50,OK,0.1
2026-02-15T14:44:53.409Z,0,20.42,50,OK,0.1
2026-02-15T14:44:53.460Z,0,20.35,50,OK,0.1
2026-02-15T14:44:53.510Z,0,20.43,50,OK,0.1
2026-02-15T14:44:53.560Z,0,20.39,50,OK,0.1
2026-02-15T14:44:53.610Z,0,20.33,50,OK,0.1
2026-02-15T14:44:53.660Z,0,20.28,50,OK,0.1
2026-02-15T14:44:53.710Z,0,20.34,50,OK,0.1
2026-02-15T14:44:53.760Z,0,20.30,50,OK,0.1
2026-02-15T14:44:53.811Z,0,20.34,50,OK,0.1
2026-02-15T14:44:53.862Z,0,20.35,50,OK,0.1
2026-02-15T14:44:53.912Z,0,20.38,50,OK,0.1
2026-02-15T14:44:53.961Z,0,20.42,50,OK,0.1
2026-02-15T14:44:54.012Z,0,20.41,50,OK,0.1
2026-02-15T14:44:54.063Z,0,20.37,50,OK,0.1
2026-02-15T14:44:54.114Z,0,20.31,50,OK,0.1
2026-02-15T14:44:54.164Z,0,20.29,50,OK,0.1
2026-02-15T14:44:54.215Z,0,20.29,50,OK,0.1
2026-02-15T14:44:54.265Z,0,20.24,50,OK,0.1
2026-02-15T14:44:54.315Z,0,20.25,50,OK,0.1
2026-02-15T14:44:54.366Z,0,20.32,50,OK,0.1
2026-02-15T14:44:54.416Z,0,20.37,50,OK,0.1
2026-02-15T14:44:54.467Z,0,20.31,50,OK,0.1
2026-02-15T14:44:54.517Z,0,20.36,50,OK,0.1
2026-02-15T14:44:54.568Z,0,20.32,50,OK,0.1
2026-02-15T14:44:54.617Z,0,20.27,50,OK,0.1
2026-02-15T14:44:54.668Z,0,20.25,50,OK,0.1
2026-02-15T14:44:54.718Z,0,20.25,50,OK,0.1
2026-02-15T14:44:54.769Z,0,20.20,50,OK,0.1
2026-02-15T14:44:54.819Z,0,20.24,50,OK,0.1
2026-02-15T14:44:54.870Z,0,20.21,50,OK,0.1
2026-02-15T14:44:54.921Z,0,20.26,50,OK,0.1
2026-02-15T14:44:54.971Z,0,20.27,50,OK,0.1
2026-02-15T14:44:55.020Z,0,20.38,50,OK,0.1
2026-02-15T14:44:55.071Z,0,20.40,50,OK,0.1
2026-02-15T14:44:55.121Z,0,20.42,50,OK,0.1
2026-02-15T14:44:55.172Z,0,20.42,50,OK,0.1
2026-02-15T14:44:55.222Z,0,20.35,50,OK,0.1
2026-02-15T14:44:55.273Z,0,20.37,50,OK,0.1
2026-02-15T14:44:55.323Z,0,20.36,50,OK,0.1
2026-02-15T14:44:55.374Z,0,20.42,50,OK,0.1
2026-02-15T14:44:55.425Z,0,20.42,50,OK,0.1
2026-02-15T14:44:55.475Z,0,20.57,50,OK,0.1
2026-02-15T14:44:55.526Z,0,20.54,50,OK,0.1
2026-02-15T14:44:55.576Z,0,20.42,50,OK,0.1
2026-02-15T14:44:55.628Z,0,20.36,50,OK,0.1
2026-02-15T14:44:55.678Z,0,20.45,50,OK,0.1
2026-02-15T14:44:55.728Z,0,20.38,50,OK,0.1
2026-02-15T14:44:55.778Z,0,20.44,50,OK,0.1
2026-02-15T14:44:55.828Z,0,20.58,50,OK,0.1
2026-02-15T14:44:55.879Z,0,20.59,50,OK,0.1
2026-02-15T14:44:55.929Z,0,20.46,50,OK,0.1
2026-02-15T14:44:55.979Z,0,20.48,50,OK,0.1
2026-02-15T14:44:56.030Z,0,20.36,50,OK,0.1
2026-02-15T14:44:56.079Z,0,20.22,50,OK,0.1
2026-02-15T14:44:56.130Z,0,20.15,50,OK,0.1
2026-02-15T14:44:56.180Z,0,20.09,50,OK,0.1
2026-02-15T14:44:56.231Z,0,20.06,50,OK,0.1
2026-02-15T14:44:56.282Z,0,20.01,50,OK,0.1
2026-02-15T14:44:56.332Z,0,20.11,50,OK,0.1
2026-02-15T14:44:56.383Z,0,20.27,50,OK,0.1
2026-02-15T14:44:56.433Z,0,20.35,50,OK,0.1
2026-02-15T14:44:56.483Z,0,20.34,50,OK,0.1
2026-02-15T14:44:56.534Z,0,20.42,50,OK,0.1
2026-02-15T14:44:56.583Z,0,20.48,50,OK,0.1
2026-02-15T14:44:56.634Z,0,20.39,50,OK,0.1
2026-02-15T14:44:56.685Z,0,20.32,50,OK,0.1
2026-02-15T14:44:56.735Z,0,20.32,50,OK,0.1
2026-02-15T14:44:56.786Z,0,20.39,50,OK,0.1
2026-02-15T14:44:56.836Z,0,20.35,50,OK,0.1
2026-02-15T14:44:56.886Z,0,20.23,50,OK,0.1
2026-02-15T14:44:56.936Z,0,20.27,50,OK,0.1
2026-02-15T14:44:56.986Z,0,20.17,50,OK,0.1
2026-02-15T14:44:57.036Z,0,20.09,50,OK,0.1
2026-02-15T14:44:57.086Z,0,20.14,50,OK,0.1
2026-02-15T14:44:57.137Z,0,20.26,50,OK,0.1
2026-02-15T14:44:57.187Z,0,20.20,50,OK,0.1
2026-02-15T14:44:57.238Z,0,20.35,50,OK,0.1
2026-02-15T14:44:57.289Z,0,20.44,50,OK,0.1
2026-02-15T14:44:57.340Z,0,20.33,50,OK,0.1
2026-02-15T14:44:57.391Z,0,20.37,50,OK,0.1
2026-02-15T14:44:57.442Z,0,20.38,50,OK,0.1
2026-02-15T14:44:57.493Z,0,20.24,50,OK,0.1
2026-02-15T14:44:57.543Z,0,20.12,50,OK,0.1
2026-02-15T14:44:57.593Z,0,20.06,50,OK,0.1
2026-02-15T14:44:57.643Z,0,20.05,50,OK,0.1
2026-02-15T14:44:57.693Z,0,20.04,50,OK,0.1
2026-02-15T14:44:57.744Z,0,20.17,50,OK,0.1
2026-02-15T14:44:57.794Z,0,20.10,50,OK,0.1
2026-02-15T14:44:57.844Z,0,20.23,50,OK,0.1
2026-02-15T14:44:57.894Z,0,20.25,50,OK,0.1
2026-02-15T14:44:57.945Z,0,20.34,50,OK,0.1
2026-02-15T14:44:57.996Z,0,20.42,50,OK,0.1
2026-02-15T14:44:58.046Z,0,20.58,50,OK,0.1
2026-02-15T14:44:58.096Z,0,20.62,50,OK,0.1
2026-02-15T14:44:58.147Z,0,20.55,50,OK,0.1
2026-02-15T14:44:58.198Z,0,20.47,50,OK,0.1
2026-02-15T14:44:58.249Z,0,20.35,50,OK,0.1
2026-02-15T14:44:58.300Z,0,20.44,50,OK,0.1
2026-02-15T14:44:58.350Z,0,20.36,50,OK,0.1
2026-02-15T14:44:58.400Z,0,20.29,50,OK,0.1
2026-02-15T14:44:58.450Z,0,20.28,50,OK,0.1
2026-02-15T14:44:58.501Z,0,20.20,50,OK,0.1
2026-02-15T14:44:58.552Z,0,20.08,50,OK,0.1
2026-02-15T14:44:58.603Z,0,20.18,50,OK,0.1
2026-02-15T14:44:58.653Z,0,20.24,50,OK,0.1
2026-02-15T14:44:58.703Z,0,20.35,50,OK,0.1
2026-02-15T14:44:58.752Z,0,20.48,50,OK,0.1
2026-02-15T14:44:58.803Z,0,20.47,50,OK,0.1
2026-02-15T14:44:58.853Z,0,20.38,50,OK,0.1
2026-02-15T14:44:58.903Z,0,20.43,50,OK,0.1
2026-02-15T14:44:58.953Z,0,20.40,50,OK,0.1
2026-02-15T14:44:59.004Z,0,20.30,50,OK,0.1
2026-02-15T14:44:59.054Z,0,20.31,50,OK,0.1
2026-02-15T14:44:59.104Z,0,20.27,50,OK,0.1
2026-02-15T14:44:59.155Z,0,20.20,50,OK,0.1
2026-02-15T14:44:59.205Z,0,20.12,50,OK,0.1
2026-02-15T14:44:59.254Z,0,20.16,50,OK,0.1
2026-02-15T14:44:59.305Z,0,20.09,50,OK,0.1
2026-02-15T14:44:59.356Z,0,20.13,50,OK,0.1
2026-02-15T14:44:59.406Z,0,20.06,50,OK,0.1
2026-02-15T14:44:59.456Z,0,20.13,50,OK,0.1
2026-02-15T14:44:59.506Z,0,20.06,50,OK,0.1
2026-02-15T14:44:59.556Z,0,20.14,50,OK,0.1
2026-02-15T14:44:59.607Z,0,20.20,50,OK,0.1
2026-02-15T14:44:59.658Z,0,20.33,50,OK,0.1
2026-02-15T14:44:59.709Z,0,20.42,50,OK,0.1
2026-02-15T14:44:59.760Z,0,20.52,50,OK,0.1
2026-02-15T14:44:59.810Z,0,20.46,50,OK,0.1
2026-02-15T14:44:59.861Z,0,20.45,50,OK,0.1
2026-02-15T14:44:59.911Z,0,20.44,50,OK,0.1
2026-02-15T14:44:59.961Z,0,20.37,50,OK,0.1
2026-02-15T14:45:00.012Z,0,20.44,50,OK,0.1
2026-02-15T14:45:00.061Z,0,20.42,50,OK,0.1
2026-02-15T14:45:00.112Z,0,20.44,50,OK,0.1
2026-02-15T14:45:00.161Z,0,20.41,50,OK,0.1
2026-02-15T14:45:00.212Z,0,20.32,50,OK,0.1
2026-02-15T14:45:00.262Z,0,20.24,50,OK,0.1
2026-02-15T14:45:00.313Z,0,20.19,50,OK,0.1
2026-02-15T14:45:00.363Z,0,20.15,50,OK,0.1
2026-02-15T14:45:00.413Z,0,20.21,50,OK,0.1
2026-02-15T14:45:00.464Z,0,20.30,50,OK,0.1
2026-02-15T14:45:00.515Z,0,20.32,50,OK,0.1
2026-02-15T14:45:00.565Z,0,20.43,50,OK,0.1
2026-02-15T14:45:00.615Z,0,20.43,50,OK,0.1
2026-02-15T14:45:00.664Z,0,20.39,50,OK,0.1
2026-02-15T14:45:00.715Z,0,20.38,50,OK,0.1
2026-02-15T14:45:00.765Z,0,20.37,50,OK,0.1
2026-02-15T14:45:00.816Z,0,20.29,50,OK,0.1
2026-02-15T14:45:00.865Z,0,20.29,50,OK,0.1
2026-02-15T14:45:00.916Z,0,20.32,50,OK,0.1
2026-02-15T14:45:00.965Z,0,20.31,50,OK,0.1
2026-02-15T14:45:01.016Z,0,20.24,50,OK,0.1
2026-02-15T14:45:01.065Z,0,20.33,50,OK,0.1
2026-02-15T14:45:01.116Z,0,20.29,50,OK,0.1
2026-02-15T14:45:01.166Z,0,20.26,50,OK,0.1
2026-02-15T14:45:01.216Z,0,20.33,50,OK,0.1
2026-02-15T14:45:01.266Z,0,20.40,50,OK,0.1
2026-02-15T14:45:01.315Z,0,20.47,50,OK,0.1
2026-02-15T14:45:01.365Z,0,20.49,50,OK,0.1
2026-02-15T14:45:01.416Z,0,20.54,50,OK,0.1
2026-02-15T14:45:01.466Z,0,20.50,50,OK,0.1
2026-02-15T14:45:01.516Z,0,20.65,50,OK,0.1
2026-02-15T14:45:01.567Z,0,20.60,50,OK,0.1
2026-02-15T14:45:01.617Z,0,20.62,50,OK,0.1
2026-02-15T14:45:01.668Z,0,20.55,50,OK,0.1
2026-02-15T14:45:01.718Z,0,20.59,50,OK,0.1
2026-02-15T14:45:01.769Z,0,20.43,50,OK,0.1
2026-02-15T14:45:01.820Z,0,20.40,50,OK,0.1
2026-02-15T14:45:01.869Z,0,20.37,50,OK,0.1
2026-02-15T14:45:01.920Z,0,20.38,50,OK,0.1
2026-02-15T14:45:01.970Z,0,20.37,50,OK,0.1
2026-02-15T14:45:02.021Z,0,20.35,50,OK,0.1
2026-02-15T14:45:02.072Z,0,20.38,50,OK,0.1
2026-02-15T14:45:02.122Z,0,20.37,50,OK,0.1
2026-02-15T14:45:02.173Z,0,20.35,50,OK,0.1
2026-02-15T14:45:02.223Z,0,20.33,50,OK,0.1
2026-02-15T14:45:02.273Z,0,20.39,50,OK,0.1
2026-02-15T14:45:02.324Z,0,20.31,50,OK,0.1
2026-02-15T14:45:02.375Z,0,20.31,50,OK,0.1
2026-02-15T14:45:02.425Z,0,20.21,50,OK,0.1
2026-02-15T14:45:02.476Z,0,20.21,50,OK,0.1
2026-02-15T14:45:02.526Z,0,20.05,50,OK,0.1
2026-02-15T14:45:02.576Z,0,20.11,50,OK,0.1
2026-02-15T14:45:02.627Z,0,20.05,50,OK,0.1
2026-02-15T14:45:02.678Z,0,20.18,50,OK,0.1
2026-02-15T14:45:02.727Z,0,20.09,50,OK,0.1
2026-02-15T14:45:02.777Z,0,20.19,50,OK,0.1
2026-02-15T14:45:02.828Z,0,20.29,50,OK,0.1
2026-02-15T14:45:02.879Z,0,20.35,50,OK,0.1
2026-02-15T14:45:02.929Z,0,20.33,50,OK,0.1
2026-02-15T14:45:02.979Z,0,20.45,50,OK,0.1
2026-02-15T14:45:03.029Z,0,20.50,50,OK,0.1
2026-02-15T14:45:03.078Z,0,20.40,50,OK,0.1
2026-02-15T14:45:03.129Z,0,20.45,50,OK,0.1
2026-02-15T14:45:03.180Z,0,20.43,50,OK,0.1
2026-02-15T14:45:03.230Z,0,20.41,50,OK,0.1
2026-02-15T14:45:03.280Z,0,20.38,50,OK,0.1
2026-02-15T14:45:03.331Z,0,20.42,50,OK,0.1
2026-02-15T14:45:03.380Z,0,20.42,50,OK,0.1
2026-02-15T14:45:03.430Z,0,20.44,50,OK,0.1
2026-02-15T14:45:03.480Z,0,20.42,50,OK,0.1
2026-02-15T14:45:03.531Z,0,20.42,50,OK,0.1
2026-02-15T14:45:03.581Z,0,20.39,50,OK,0.1
2026-02-15T14:45:03.632Z,0,20.34,50,OK,0.1
2026-02-15T14:45:03.683Z,0,20.37,50,OK,0.1
2026-02-15T14:45:03.732Z,0,20.36,50,OK,0.1
2026-02-15T14:45:03.783Z,0,20.35,50,OK,0.1
2026-02-15T14:45:03.834Z,0,20.35,50,OK,0.1
2026-02-15T14:45:03.884Z,0,20.35,50,OK,0.1
2026-02-15T14:45:03.935Z,0,20.30,50,OK,0.1
2026-02-15T14:45:03.985Z,0,20.30,50,OK,0.1
2026-02-15T14:45:04.035Z,0,20.28,50,OK,0.1
2026-02-15T14:45:04.085Z,0,20.27,50,OK,0.1
2026-02-15T14:45:04.136Z,0,20.27,50,OK,0.1
2026-02-15T14:45:04.186Z,0,20.32,50,OK,0.1
2026-02-15T14:45:04.238Z,0,20.32,50,OK,0.1
2026-02-15T14:45:04.287Z,0,20.33,50,OK,0.1
2026-02-15T14:45:04.338Z,0,20.33,50,OK,0.1
2026-02-15T14:45:04.389Z,0,20.32,50,OK,0.1
2026-02-15T14:45:04.439Z,0,20.27,50,OK,0.1
2026-02-15T14:45:04.489Z,0,20.28,50,OK,0.1
2026-02-15T14:45:04.540Z,0,20.27,50,OK,0.1
2026-02-15T14:45:04.590Z,0,20.19,50,OK,0.1
2026-02-15T14:45:04.640Z,0,20.19,50,OK,0.1
2026-02-15T14:45:04.691Z,0,20.19,50,OK,0.1
2026-02-15T14:45:04.742Z,0,20.19,50,OK,0.1
2026-02-15T14:45:04.792Z,0,20.19,50,OK,0.1
2026-02-15T14:45:04.842Z,0,20.28,50,OK,0.1
2026-02-15T14:45:04.891Z,0,20.28,50,OK,0.1
2026-02-15T14:45:04.942Z,0,20.24,50,OK,0.1
2026-02-15T14:45:04.993Z,0,20.23,50,OK,0.1
2026-02-15T14:45:05.043Z,0,20.13,50,OK,0.1
2026-02-15T14:45:05.093Z,0,20.12,50,OK,0.1
2026-02-15T14:45:05.144Z,0,20.12,50,OK,0.1
2026-02-15T14:45:05.195Z,0,20.16,50,OK,0.1
2026-02-15T14:45:05.246Z,0,20.17,50,OK,0.1
2026-02-15T14:45:05.297Z,0,20.26,50,OK,0.1
2026-02-15T14:45:05.347Z,0,20.27,50,OK,0.1
2026-02-15T14:45:05.398Z,0,20.28,50,OK,0.1
2026-02-15T14:45:05.449Z,0,20.27,50,OK,0.1
2026-02-15T14:45:05.500Z,0,20.27,50,OK,0.1
2026-02-15T14:45:05.549Z,0,20.27,50,OK,0.1
2026-02-15T14:45:05.600Z,0,20.28,50,OK,0.1
2026-02-15T14:45:05.650Z,0,20.28,50,OK,0.1
2026-02-15T14:45:05.700Z,0,20.30,50,OK,0.1
2026-02-15T14:45:05.751Z,0,20.30,50,OK,0.1
2026-02-15T14:45:05.801Z,0,20.32,50,OK,0.1
2026-02-15T14:45:05.851Z,0,20.34,50,OK,0.1
2026-02-15T14:45:05.901Z,0,20.34,50,OK,0.1
2026-02-15T14:45:05.952Z,0,20.35,50,OK,0.1
2026-02-15T14:45:06.003Z,0,20.35,50,OK,0.1
2026-02-15T14:45:06.053Z,0,20.31,50,OK,0.1
2026-02-15T14:45:06.104Z,0,20.24,50,OK,0.1
2026-02-15T14:45:06.154Z,0,20.26,50,OK,0.1
2026-02-15T14:45:06.205Z,0,20.21,50,OK,0.1
2026-02-15T14:45:06.255Z,0,20.23,50,OK,0.1
2026-02-15T14:45:06.305Z,0,20.20,50,OK,0.1
2026-02-15T14:45:06.356Z,0,20.22,50,OK,0.1
2026-02-15T14:45:06.407Z,0,20.26,50,OK,0.1
2026-02-15T14:45:06.457Z,0,20.29,50,OK,0.1
2026-02-15T14:45:06.508Z,0,20.27,50,OK,0.1
2026-02-15T14:45:06.558Z,0,20.31,50,OK,0.1
2026-02-15T14:45:06.608Z,0,20.32,50,OK,0.1
2026-02-15T14:45:06.657Z,0,20.28,50,OK,0.1
2026-02-15T14:45:06.708Z,0,20.28,50,OK,0.1
2026-02-15T14:45:06.759Z,0,20.30,50,OK,0.1
2026-02-15T14:45:06.808Z,0,20.32,50,OK,0.1
2026-02-15T14:45:06.859Z,0,20.33,50,OK,0.1
2026-02-15T14:45:06.910Z,0,20.30,50,OK,0.1
2026-02-15T14:45:06.960Z,0,20.32,50,OK,0.1
2026-02-15T14:45:07.011Z,0,20.30,50,OK,0.1
2026-02-15T14:45:07.062Z,0,20.30,50,OK,0.1
2026-02-15T14:45:07.113Z,0,20.30,50,OK,0.1
2026-02-15T14:45:07.163Z,0,20.25,50,OK,0.1
2026-02-15T14:45:07.214Z,0,20.22,50,OK,0.1
2026-02-15T14:45:07.265Z,0,20.29,50,OK,0.1
2026-02-15T14:45:07.315Z,0,20.29,50,OK,0.1
2026-02-15T14:45:07.366Z,0,20.29,50,OK,0.1
2026-02-15T14:45:07.417Z,0,20.32,50,OK,0.1
2026-02-15T14:45:07.467Z,0,20.35,50,OK,0.1
2026-02-15T14:45:07.518Z,0,20.25,50,OK,0.1
2026-02-15T14:45:07.569Z,0,20.23,50,OK,0.1
2026-02-15T14:45:07.618Z,0,20.19,50,OK,0.1
2026-02-15T14:45:07.668Z,0,20.27,50,OK,0.1
2026-02-15T14:45:07.719Z,0,20.28,50,OK,0.1
2026-02-15T14:45:07.769Z,0,20.34,50,OK,0.1
2026-02-15T14:45:07.820Z,0,20.38,50,OK,0.1
2026-02-15T14:45:07.870Z,0,20.47,50,OK,0.1
2026-02-15T14:45:07.922Z,0,20.48,50,OK,0.1
2026-02-15T14:45:07.972Z,0,20.49,50,OK,0.1
2026-02-15T14:45:08.022Z,0,20.45,50,OK,0.1
2026-02-15T14:45:08.072Z,0,20.43,50,OK,0.1
2026-02-15T14:45:08.122Z,0,20.36,50,OK,0.1
2026-02-15T14:45:08.172Z,0,20.32,50,OK,0.1
2026-02-15T14:45:08.222Z,0,20.27,50,OK,0.1
2026-02-15T14:45:08.273Z,0,20.31,50,OK,0.1
2026-02-15T14:45:08.324Z,0,20.31,50,OK,0.1
2026-02-15T14:45:08.375Z,0,20.35,50,OK,0.1
2026-02-15T14:45:08.426Z,0,20.41,50,OK,0.1
2026-02-15T14:45:08.477Z,0,20.40,50,OK,0.1
2026-02-15T14:45:08.528Z,0,20.35,50,OK,0.1
2026-02-15T14:45:08.578Z,0,20.32,50,OK,0.1
2026-02-15T14:45:08.629Z,0,20.18,50,OK,0.1
2026-02-15T14:45:08.678Z,0,20.11,50,OK,0.1
2026-02-15T14:45:08.729Z,0,20.21,50,OK,0.1
2026-02-15T14:45:08.779Z,0,20.27,50,OK,0.1
2026-02-15T14:45:08.829Z,0,20.17,50,OK,0.1
2026-02-15T14:45:08.880Z,0,20.29,50,OK,0.1
2026-02-15T14:45:08.930Z,0,20.23,50,OK,0.1
2026-02-15T14:45:08.980Z,0,20.15,50,OK,0.1
2026-02-15T14:45:09.029Z,0,20.19,50,OK,0.1
2026-02-15T14:45:09.080Z,0,20.31,50,OK,0.1
2026-02-15T14:45:09.130Z,0,20.33,50,OK,0.1
2026-02-15T14:45:09.180Z,0,20.44,50,OK,0.1
2026-02-15T14:45:09.230Z,0,20.41,50,OK,0.1
2026-02-15T14:45:09.280Z,0,20.41,50,OK,0.1
2026-02-15T14:45:09.329Z,0,20.48,50,OK,0.1
2026-02-15T14:45:09.380Z,0,20.47,50,OK,0.1
2026-02-15T14:45:09.430Z,0,20.51,50,OK,0.1
2026-02-15T14:45:09.481Z,0,20.52,50,OK,0.1
2026-02-15T14:45:09.532Z,0,20.49,50,OK,0.1
2026-02-15T14:45:09.583Z,0,20.42,50,OK,0.1
2026-02-15T14:45:09.633Z,0,20.39,50,OK,0.1
2026-02-15T14:45:09.683Z,0,20.35,50,OK,0.1
2026-02-15T14:45:09.734Z,0,20.36,50,OK,0.1
2026-02-15T14:45:09.784Z,0,20.34,50,OK,0.1
2026-02-15T14:45:09.834Z,0,20.33,50,OK,0.1
2026-02-15T14:45:09.884Z,0,20.39,50,OK,0.1
2026-02-15T14:45:09.935Z,0,20.40,50,OK,0.1
2026-02-15T14:45:09.986Z,0,20.46,50,OK,0.1
2026-02-15T14:45:10.036Z,0,20.27,50,OK,0.1
2026-02-15T14:45:10.087Z,0,20.35,50,OK,0.1
2026-02-15T14:45:10.137Z,0,20.40,50,OK,0.1
2026-02-15T14:45:10.188Z,0,20.35,50,OK,0.1
2026-02-15T14:45:10.238Z,0,20.38,50,OK,0.1
2026-02-15T14:45:10.289Z,0,20.58,50,OK,0.1
2026-02-15T14:45:10.339Z,0,20.55,50,OK,0.1
2026-02-15T14:45:10.389Z,0,20.48,50,OK,0.1
2026-02-15T14:45:10.440Z,0,20.56,50,OK,0.1
2026-02-15T14:45:10.489Z,0,20.48,50,OK,0.1
2026-02-15T14:45:10.539Z,0,20.54,50,OK,0.1
2026-02-15T14:45:10.590Z,0,20.49,50,OK,0.1
2026-02-15T14:45:10.640Z,0,20.42,50,OK,0.1
2026-02-15T14:45:10.689Z,0,20.35,50,OK,0.1
2026-02-15T14:45:10.740Z,0,20.40,50,OK,0.1
2026-02-15T14:45:10.789Z,0,20.34,50,OK,0.1
2026-02-15T14:45:10.835Z,0,20.27,50,OK,0.1
2026-02-15T14:45:10.885Z,0,20.35,50,OK,0.1
2026-02-15T14:45:10.934Z,0,20.40,50,OK,0.1
2026-02-15T14:45:10.985Z,0,20.35,50,OK,0.1
2026-02-15T14:45:11.035Z,0,20.28,50,OK,0.1
2026-02-15T14:45:11.086Z,0,20.37,50,OK,0.1
2026-02-15T14:45:11.136Z,0,20.40,50,OK,0.1
2026-02-15T14:45:11.187Z,0,20.34,50,OK,0.1
2026-02-15T14:45:11.237Z,0,20.42,50,OK,0.1
2026-02-15T14:45:11.287Z,0,20.46,50,OK,0.1
2026-02-15T14:45:11.338Z,0,20.35,50,OK,0.1
2026-02-15T14:45:11.389Z,0,20.32,50,OK,0.1
2026-02-15T14:45:11.438Z,0,20.44,50,OK,0.1
2026-02-15T14:45:11.489Z,0,20.35,50,OK,0.1
2026-02-15T14:45:11.540Z,0,20.51,50,OK,0.1
2026-02-15T14:45:11.590Z,0,20.61,50,OK,0.1
2026-02-15T14:45:11.640Z,0,20.52,50,OK,0.1
2026-02-15T14:45:11.690Z,0,20.39,50,OK,0.1
2026-02-15T14:45:11.739Z,0,20.35,50,OK,0.1
2026-02-15T14:45:11.789Z,0,20.22,50,OK,0.1
2026-02-15T14:45:11.839Z,0,20.30,50,OK,0.1
2026-02-15T14:45:11.889Z,0,20.41,50,OK,0.1
2026-02-15T14:45:11.940Z,0,20.32,50,OK,0.1
2026-02-15T14:45:11.990Z,0,20.35,50,OK,0.1
2026-02-15T14:45:12.040Z,0,20.42,50,OK,0.1
2026-02-15T14:45:12.090Z,0,20.31,50,OK,0.1
2026-02-15T14:45:12.141Z,0,20.20,50,OK,0.1
2026-02-15T14:45:12.191Z,0,20.28,50,OK,0.1
2026-02-15T14:45:12.241Z,0,20.31,50,OK,0.1
2026-02-15T14:45:12.291Z,0,20.22,50,OK,0.1
2026-02-15T14:45:12.340Z,0,20.28,50,OK,0.1
2026-02-15T14:45:12.391Z,0,20.34,50,OK,0.1
2026-02-15T14:45:12.442Z,0,20.38,50,OK,0.1
2026-02-15T14:45:12.491Z,0,20.35,50,OK,0.1
2026-02-15T14:45:12.542Z,0,20.36,50,OK,0.1
2026-02-15T14:45:12.592Z,0,20.32,50,OK,0.1
2026-02-15T14:45:12.642Z,0,20.37,50,OK,0.1
2026-02-15T14:45:12.693Z,0,20.35,50,OK,0.1
2026-02-15T14:45:12.742Z,0,20.37,50,OK,0.1
2026-02-15T14:45:12.793Z,0,20.38,50,OK,0.1
2026-02-15T14:45:12.843Z,0,20.44,50,OK,0.1
2026-02-15T14:45:12.893Z,0,20.37,50,OK,0.1
2026-02-15T14:45:12.944Z,0,20.30,50,OK,0.1
2026-02-15T14:45:12.995Z,0,20.29,50,OK,0.1
2026-02-15T14:45:13.045Z,0,20.33,50,OK,0.1
2026-02-15T14:45:13.096Z,0,20.39,50,OK,0.1
2026-02-15T14:45:13.147Z,0,20.33,50,OK,0.1
2026-02-15T14:45:13.198Z,0,20.41,50,OK,0.1
2026-02-15T14:45:13.248Z,0,20.48,50,OK,0.1
2026-02-15T14:45:13.299Z,0,20.54,50,OK,0.1
2026-02-15T14:45:13.349Z,0,20.50,50,OK,0.1
2026-02-15T14:45:13.400Z,0,20.61,50,OK,0.1
2026-02-15T14:45:13.450Z,0,20.52,50,OK,0.1
2026-02-15T14:45:13.500Z,0,20.49,50,OK,0.1
2026-02-15T14:45:13.551Z,0,20.27,50,OK,0.1
2026-02-15T14:45:13.600Z,0,20.17,50,OK,0.1
2026-02-15T14:45:13.651Z,0,20.21,50,OK,0.1
2026-02-15T14:45:13.702Z,0,20.27,50,OK,0.1
2026-02-15T14:45:13.752Z,0,20.13,50,OK,0.1
2026-02-15T14:45:13.802Z,0,20.24,50,OK,0.1
2026-02-15T14:45:13.852Z,0,20.18,50,OK,0.1
2026-02-15T14:45:13.902Z,0,20.13,50,OK,0.1
2026-02-15T14:45:13.953Z,0,20.33,50,OK,0.1
2026-02-15T14:45:14.003Z,0,20.41,50,OK,0.1
2026-02-15T14:45:14.053Z,0,20.33,50,OK,0.1
2026-02-15T14:45:14.103Z,0,20.42,50,OK,0.1
2026-02-15T14:45:14.154Z,0,20.31,50,OK,0.1
2026-02-15T14:45:14.204Z,0,20.18,50,OK,0.1
2026-02-15T14:45:14.255Z,0,20.29,50,OK,0.1
2026-02-15T14:45:14.305Z,0,20.37,50,OK,0.1
2026-02-15T14:45:14.355Z,0,20.34,50,OK,0.1
2026-02-15T14:45:14.406Z,0,20.48,50,OK,0.1
2026-02-15T14:45:14.457Z,0,20.47,50,OK,0.1
2026-02-15T14:45:14.508Z,0,20.40,50,OK,0.1
2026-02-15T14:45:14.557Z,0,20.44,50,OK,0.1
2026-02-15T14:45:14.608Z,0,20.48,50,OK,0.1
2026-02-15T14:45:14.658Z,0,20.53,50,OK,0.1
2026-02-15T14:45:14.709Z,0,20.49,50,OK,0.1
2026-02-15T14:45:14.759Z,0,20.53,50,OK,0.1
2026-02-15T14:45:14.810Z,0,20.48,50,OK,0.1
2026-02-15T14:45:14.859Z,0,20.41,50,OK,0.1
2026-02-15T14:45:14.909Z,0,20.34,50,OK,0.1
2026-02-15T14:45:14.960Z,0,20.36,50,OK,0.1
2026-02-15T14:45:15.011Z,0,20.29,50,OK,0.1
2026-02-15T14:45:15.060Z,0,20.23,50,OK,0.1
2026-02-15T14:45:15.111Z,0,20.85,50,OK,0.1
2026-02-15T14:45:15.161Z,0,20.79,50,OK,0.1
2026-02-15T14:45:15.211Z,0,20.80,50,OK,0.1
2026-02-15T14:45:15.262Z,0,20.93,50,OK,0.1
2026-02-15T14:45:15.313Z,0,21.01,50,OK,0.1
2026-02-15T14:45:15.363Z,0,20.55,50,OK,0.1
2026-02-15T14:45:15.414Z,0,20.64,50,OK,0.1
2026-02-15T14:45:15.464Z,0,20.67,50,OK,0.1
2026-02-15T14:45:15.515Z,0,20.56,50,OK,0.1
2026-02-15T14:45:15.565Z,0,20.54,50,OK,0.1
2026-02-15T14:45:15.615Z,0,20.43,50,OK,0.1
2026-02-15T14:45:15.664Z,0,20.34,50,OK,0.1
2026-02-15T14:45:15.715Z,0,20.30,50,OK,0.1
2026-02-15T14:45:15.765Z,0,20.30,50,OK,0.1
2026-02-15T14:45:15.816Z,0,20.30,50,OK,0.1
2026-02-15T14:45:15.866Z,0,20.29,50,OK,0.1
2026-02-15T14:45:15.917Z,0,20.35,50,OK,0.1
2026-02-15T14:45:15.967Z,0,20.38,50,OK,0.1
2026-02-15T14:45:16.017Z,0,20.38,50,OK,0.1
2026-02-15T14:45:16.068Z,0,20.39,50,OK,0.1
2026-02-15T14:45:16.118Z,0,20.37,50,OK,0.1
2026-02-15T14:45:16.168Z,0,20.26,50,OK,0.1
2026-02-15T14:45:16.218Z,0,20.18,50,OK,0.1
2026-02-15T14:45:16.267Z,0,20.17,50,OK,0.1
2026-02-15T14:45:16.317Z,0,20.13,50,OK,0.1
2026-02-15T14:45:16.368Z,0,20.13,50,OK,0.1
2026-02-15T14:45:16.419Z,0,20.25,50,OK,0.1
2026-02-15T14:45:16.469Z,0,20.27,50,OK,0.1
2026-02-15T14:45:16.519Z,0,20.31,50,OK,0.1
2026-02-15T14:45:16.569Z,0,20.27,50,OK,0.1
2026-02-15T14:45:16.619Z,0,20.32,50,OK,0.1
2026-02-15T14:45:16.668Z,0,20.30,50,OK,0.1
2026-02-15T14:45:16.718Z,0,20.36,50,OK,0.1
2026-02-15T14:45:16.769Z,0,20.43,50,OK,0.1
2026-02-15T14:45:16.819Z,0,20.47,50,OK,0.1
2026-02-15T14:45:16.870Z,0,20.30,50,OK,0.1
2026-02-15T14:45:16.919Z,0,20.30,50,OK,0.1
2026-02-15T14:45:16.970Z,0,20.40,50,OK,0.1
2026-02-15T14:45:17.020Z,0,20.29,50,OK,0.1
2026-02-15T14:45:17.071Z,0,20.40,50,OK,0.1
2026-02-15T14:45:17.122Z,0,20.55,50,OK,0.1
2026-02-15T14:45:17.172Z,0,20.58,50,OK,0.1
2026-02-15T14:45:17.222Z,0,20.43,50,OK,0.1
2026-02-15T14:45:17.272Z,0,20.44,50,OK,0.1
2026-02-15T14:45:17.323Z,0,20.36,50,OK,0.1
2026-02-15T14:45:17.372Z,0,20.35,50,OK,0.1
2026-02-15T14:45:17.423Z,0,20.35,50,OK,0.1
2026-02-15T14:45:17.473Z,0,20.32,50,OK,0.1
2026-02-15T14:45:17.524Z,0,20.35,50,OK,0.1
2026-02-15T14:45:17.573Z,0,20.36,50,OK,0.1
2026-02-15T14:45:17.624Z,0,20.37,50,OK,0.1
2026-02-15T14:45:17.674Z,0,20.40,50,OK,0.1
2026-02-15T14:45:17.725Z,0,20.46,50,OK,0.1
2026-02-15T14:45:17.775Z,0,20.42,50,OK,0.1
2026-02-15T14:45:17.828Z,0,20.43,50,OK,0.1
2026-02-15T14:45:17.876Z,0,20.45,50,OK,0.1
2026-02-15T14:45:17.927Z,0,20.38,50,OK,0.1
2026-02-15T14:45:17.977Z,0,20.42,50,OK,0.1
2026-02-15T14:45:18.028Z,0,20.42,50,OK,0.1
2026-02-15T14:45:18.078Z,0,20.34,50,OK,0.1
2026-02-15T14:45:18.129Z,0,20.33,50,OK,0.1
2026-02-15T14:45:18.180Z,0,20.39,50,OK,0.1
2026-02-15T14:45:18.230Z,0,20.35,50,OK,0.1
2026-02-15T14:45:18.280Z,0,20.32,50,OK,0.1
2026-02-15T14:45:18.330Z,0,20.36,50,OK,0.1
2026-02-15T14:45:18.381Z,0,20.42,50,OK,0.1
2026-02-15T14:45:18.431Z,0,20.39,50,OK,0.1
2026-02-15T14:45:18.482Z,0,20.41,50,OK,0.1
2026-02-15T14:45:18.532Z,0,20.42,50,OK,0.1
2026-02-15T14:45:18.582Z,0,20.48,50,OK,0.1
2026-02-15T14:45:18.633Z,0,20.43,50,OK,0.1
2026-02-15T14:45:18.683Z,0,20.43,50,OK,0.1
2026-02-15T14:45:18.733Z,0,20.38,50,OK,0.1
2026-02-15T14:45:18.783Z,0,20.41,50,OK,0.1
2026-02-15T14:45:18.833Z,0,20.35,50,OK,0.1
2026-02-15T14:45:18.884Z,0,20.34,50,OK,0.1
2026-02-15T14:45:18.934Z,0,20.29,50,OK,0.1
2026-02-15T14:45:18.985Z,0,20.33,50,OK,0.1
2026-02-15T14:45:19.034Z,0,20.32,50,OK,0.1
2026-02-15T14:45:19.084Z,0,20.36,50,OK,0.1
2026-02-15T14:45:19.134Z,0,20.35,50,OK,0.1
2026-02-15T14:45:19.185Z,0,20.38,50,OK,0.1
2026-02-15T14:45:19.235Z,0,20.38,50,OK,0.1
2026-02-15T14:45:19.285Z,0,20.37,50,OK,0.1
2026-02-15T14:45:19.335Z,0,20.38,50,OK,0.1
2026-02-15T14:45:19.386Z,0,20.37,50,OK,0.1
2026-02-15T14:45:19.436Z,0,20.33,50,OK,0.1
2026-02-15T14:45:19.487Z,0,20.34,50,OK,0.1
2026-02-15T14:45:19.536Z,0,20.34,50,OK,0.1
2026-02-15T14:45:19.587Z,0,20.30,50,OK,0.1
2026-02-15T14:45:19.638Z,0,20.33,50,OK,0.1
2026-02-15T14:45:19.689Z,0,20.39,50,OK,0.1
2026-02-15T14:45:19.739Z,0,20.36,50,OK,0.1
2026-02-15T14:45:19.789Z,0,20.37,50,OK,0.1
2026-02-15T14:45:19.840Z,0,20.40,50,OK,0.1
2026-02-15T14:45:19.889Z,0,20.41,50,OK,0.1
2026-02-15T14:45:19.940Z,0,20.35,50,OK,0.1
2026-02-15T14:45:19.991Z,0,20.29,50,OK,0.1
2026-02-15T14:45:20.042Z,0,20.29,50,OK,0.1
2026-02-15T14:45:20.092Z,0,20.36,50,OK,0.1
2026-02-15T14:45:20.143Z,0,20.34,50,OK,0.1
2026-02-15T14:45:20.193Z,0,20.39,50,OK,0.1
2026-02-15T14:45:20.243Z,0,20.46,50,OK,0.1
2026-02-15T14:45:20.294Z,0,20.45,50,OK,0.1
2026-02-15T14:45:20.344Z,0,20.36,50,OK,0.1
2026-02-15T14:45:20.394Z,0,20.30,50,OK,0.1
2026-02-15T14:45:20.444Z,0,20.26,50,OK,0.1
2026-02-15T14:45:20.495Z,0,20.20,50,OK,0.1
2026-02-15T14:45:20.546Z,0,20.18,50,OK,0.1
2026-02-15T14:45:20.596Z,0,20.10,50,OK,0.1
2026-02-15T14:45:20.646Z,0,20.13,50,OK,0.1
2026-02-15T14:45:20.696Z,0,20.15,50,OK,0.1
2026-02-15T14:45:20.746Z,0,20.20,50,OK,0.1
2026-02-15T14:45:20.797Z,0,20.17,50,OK,0.1
2026-02-15T14:45:20.847Z,0,20.26,50,OK,0.1
2026-02-15T14:45:20.897Z,0,20.32,50,OK,0.1
2026-02-15T14:45:20.947Z,0,20.35,50,OK,0.1
2026-02-15T14:45:20.998Z,0,20.38,50,OK,0.1
2026-02-15T14:45:21.048Z,0,20.37,50,OK,0.1
2026-02-15T14:45:21.098Z,0,20.39,50,OK,0.1
2026-02-15T14:45:21.149Z,0,20.39,50,OK,0.1
2026-02-15T14:45:21.200Z,0,20.37,50,OK,0.1
2026-02-15T14:45:21.251Z,0,20.41,50,OK,0.1
2026-02-15T14:45:21.301Z,0,20.45,50,OK,0.1
2026-02-15T14:45:21.351Z,0,20.47,50,OK,0.1
2026-02-15T14:45:21.401Z,0,20.43,50,OK,0.1
2026-02-15T14:45:21.451Z,0,20.39,50,OK,0.1
2026-02-15T14:45:21.500Z,0,20.33,50,OK,0.1
2026-02-15T14:45:21.550Z,0,20.34,50,OK,0.1
2026-02-15T14:45:21.601Z,0,20.28,50,OK,0.1
2026-02-15T14:45:21.652Z,0,20.26,50,OK,0.1
2026-02-15T14:45:21.701Z,0,20.27,50,OK,0.1
2026-02-15T14:45:21.752Z,0,20.27,50,OK,0.1
2026-02-15T14:45:21.802Z,0,20.27,50,OK,0.1
2026-02-15T14:45:21.853Z,0,20.29,50,OK,0.1
2026-02-15T14:45:21.903Z,0,20.29,50,OK,0.1
2026-02-15T14:45:21.954Z,0,20.32,50,OK,0.1
2026-02-15T14:45:22.004Z,0,20.35,50,OK,0.1
2026-02-15T14:45:22.054Z,0,20.35,50,OK,0.1
2026-02-15T14:45:22.105Z,0,20.36,50,OK,0.1
2026-02-15T14:45:22.156Z,0,20.36,50,OK,0.1
2026-02-15T14:45:22.206Z,0,20.40,50,OK,0.1
2026-02-15T14:45:22.256Z,0,20.38,50,OK,0.1
2026-02-15T14:45:22.307Z,0,20.41,50,OK,0.1
2026-02-15T14:45:22.357Z,0,20.45,50,OK,0.1
2026-02-15T14:45:22.407Z,0,20.46,50,OK,0.1
2026-02-15T14:45:22.458Z,0,20.45,50,OK,0.1
2026-02-15T14:45:22.509Z,0,20.45,50,OK,0.1
2026-02-15T14:45:22.560Z,0,20.44,50,OK,0.1
2026-02-15T14:45:22.611Z,0,20.40,50,OK,0.1
2026-02-15T14:45:22.661Z,0,20.40,50,OK,0.1
2026-02-15T14:45:22.712Z,0,20.36,50,OK,0.1
2026-02-15T14:45:22.763Z,0,20.36,50,OK,0.1
2026-02-15T14:45:22.813Z,0,20.40,50,OK,0.1
2026-02-15T14:45:22.863Z,0,20.39,50,OK,0.1
2026-02-15T14:45:22.913Z,0,20.38,50,OK,0.1
2026-02-15T14:45:22.963Z,0,20.39,50,OK,0.1
2026-02-15T14:45:23.013Z,0,20.39,50,OK,0.1
2026-02-15T14:45:23.064Z,0,20.39,50,OK,0.1
2026-02-15T14:45:23.114Z,0,20.42,50,OK,0.1
2026-02-15T14:45:23.164Z,0,20.43,50,OK,0.1
2026-02-15T14:45:23.213Z,0,20.44,50,OK,0.1
2026-02-15T14:45:23.264Z,0,20.45,50,OK,0.1
2026-02-15T14:45:23.315Z,0,20.43,50,OK,0.1
2026-02-15T14:45:23.364Z,0,20.39,50,OK,0.1
2026-02-15T14:45:23.415Z,0,20.40,50,OK,0.1
2026-02-15T14:45:23.464Z,0,20.40,50,OK,0.1
2026-02-15T14:45:23.515Z,0,20.39,50,OK,0.1
2026-02-15T14:45:23.564Z,0,20.42,50,OK,0.1
2026-02-15T14:45:23.615Z,0,20.43,50,OK,0.1
2026-02-15T14:45:23.665Z,0,20.41,50,OK,0.1
2026-02-15T14:45:23.716Z,0,20.32,50,OK,0.1
2026-02-15T14:45:23.767Z,0,20.48,50,OK,0.1
2026-02-15T14:45:23.818Z,0,20.50,50,OK,0.1
2026-02-15T14:45:23.869Z,0,20.52,50,OK,0.1
2026-02-15T14:45:23.918Z,0,20.57,50,OK,0.1
2026-02-15T14:45:23.969Z,0,20.66,50,OK,0.1
2026-02-15T14:45:24.019Z,0,20.49,50,OK,0.1
2026-02-15T14:45:24.070Z,0,20.41,50,OK,0.1
2026-02-15T14:45:24.121Z,0,20.39,50,OK,0.1
2026-02-15T14:45:24.171Z,0,20.35,50,OK,0.1
2026-02-15T14:45:24.221Z,0,20.36,50,OK,0.1
2026-02-15T14:45:24.271Z,0,20.36,50,OK,0.1
2026-02-15T14:45:24.321Z,0,20.39,50,OK,0.1
2026-02-15T14:45:24.371Z,0,20.37,50,OK,0.1
2026-02-15T14:45:24.421Z,0,20.40,50,OK,0.1
2026-02-15T14:45:24.471Z,0,20.36,50,OK,0.1
2026-02-15T14:45:24.521Z,0,20.34,50,OK,0.1
2026-02-15T14:45:24.571Z,0,20.37,50,OK,0.1
2026-02-15T14:45:24.622Z,0,20.38,50,OK,0.1
2026-02-15T14:45:24.673Z,0,20.39,50,OK,0.1
2026-02-15T14:45:24.724Z,0,20.40,50,OK,0.1
2026-02-15T14:45:24.774Z,0,20.44,50,OK,0.1
2026-02-15T14:45:24.825Z,0,20.41,50,OK,0.1
2026-02-15T14:45:24.875Z,0,20.33,50,OK,0.1
2026-02-15T14:45:24.926Z,0,20.30,50,OK,0.1
2026-02-15T14:45:24.976Z,0,20.23,50,OK,0.1
2026-02-15T14:45:25.027Z,0,20.21,50,OK,0.1
2026-02-15T14:45:25.078Z,0,20.12,50,OK,0.1
2026-02-15T14:45:25.127Z,0,20.23,50,OK,0.1
2026-02-15T14:45:25.178Z,0,20.15,50,OK,0.1
2026-02-15T14:45:25.228Z,0,20.22,50,OK,0.1
2026-02-15T14:45:25.278Z,0,20.15,50,OK,0.1
2026-02-15T14:45:25.328Z,0,20.23,50,OK,0.1
2026-02-15T14:45:25.378Z,0,20.21,50,OK,0.1
2026-02-15T14:45:25.428Z,0,20.35,50,OK,0.1
2026-02-15T14:45:25.479Z,0,20.31,50,OK,0.1
2026-02-15T14:45:25.530Z,0,20.38,50,OK,0.1
2026-02-15T14:45:25.581Z,0,20.43,50,OK,0.1
2026-02-15T14:45:25.631Z,0,20.46,50,OK,0.1
2026-02-15T14:45:25.681Z,0,20.44,50,OK,0.1
2026-02-15T14:45:25.732Z,0,20.46,50,OK,0.1
2026-02-15T14:45:25.782Z,0,20.53,50,OK,0.1
2026-02-15T14:45:25.833Z,0,20.54,50,OK,0.1
2026-02-15T14:45:25.884Z,0,20.52,50,OK,0.1
2026-02-15T14:45:25.934Z,0,20.48,50,OK,0.1
2026-02-15T14:45:25.985Z,0,20.52,50,OK,0.1
2026-02-15T14:45:26.035Z,0,20.47,50,OK,0.1
2026-02-15T14:45:26.085Z,0,20.38,50,OK,0.1
2026-02-15T14:45:26.135Z,0,20.34,50,OK,0.1
2026-02-15T14:45:26.186Z,0,20.30,50,OK,0.1
2026-02-15T14:45:26.235Z,0,20.24,50,OK,0.1
2026-02-15T14:45:26.286Z,0,20.19,50,OK,0.1
2026-02-15T14:45:26.337Z,0,20.20,50,OK,0.1
2026-02-15T14:45:26.387Z,0,20.24,50,OK,0.1
2026-02-15T14:45:26.438Z,0,20.27,50,OK,0.1
2026-02-15T14:45:26.488Z,0,20.34,50,OK,0.1
2026-02-15T14:45:26.537Z,0,20.38,50,OK,0.1
2026-02-15T14:45:26.588Z,0,20.38,50,OK,0.1
2026-02-15T14:45:26.638Z,0,20.41,50,OK,0.1
2026-02-15T14:45:26.688Z,0,20.40,50,OK,0.1
2026-02-15T14:45:26.739Z,0,20.36,50,OK,0.1
2026-02-15T14:45:26.790Z,0,20.38,50,OK,0.1
2026-02-15T14:45:26.841Z,0,20.42,50,OK,0.1
2026-02-15T14:45:26.892Z,0,20.23,50,OK,0.1
2026-02-15T14:45:26.942Z,0,20.22,50,OK,0.1
2026-02-15T14:45:26.991Z,0,20.10,50,OK,0.1
2026-02-15T14:45:27.041Z,0,20.07,50,OK,0.1
2026-02-15T14:45:27.091Z,0,20.14,50,OK,0.1
2026-02-15T14:45:27.142Z,0,20.28,50,OK,0.1
2026-02-15T14:45:27.193Z,0,20.34,50,OK,0.1
2026-02-15T14:45:27.244Z,0,20.48,50,OK,0.1
2026-02-15T14:45:27.294Z,0,20.47,50,OK,0.1
2026-02-15T14:45:27.344Z,0,20.37,50,OK,0.1
2026-02-15T14:45:27.394Z,0,20.37,50,OK,0.1
2026-02-15T14:45:27.444Z,0,20.34,50,OK,0.1
2026-02-15T14:45:27.494Z,0,20.29,50,OK,0.1
2026-02-15T14:45:27.545Z,0,20.31,50,OK,0.1
2026-02-15T14:45:27.595Z,0,20.36,50,OK,0.1
2026-02-15T14:45:27.646Z,0,20.36,50,OK,0.1
2026-02-15T14:45:27.696Z,0,20.30,50,OK,0.1
2026-02-15T14:45:27.746Z,0,20.33,50,OK,0.1
2026-02-15T14:45:27.797Z,0,20.31,50,OK,0.1
2026-02-15T14:45:27.848Z,0,20.26,50,OK,0.1
2026-02-15T14:45:27.898Z,0,20.28,50,OK,0.1
2026-02-15T14:45:27.949Z,0,20.30,50,OK,0.1
2026-02-15T14:45:27.999Z,0,20.32,50,OK,0.1
2026-02-15T14:45:28.050Z,0,20.32,50,OK,0.1
2026-02-15T14:45:28.101Z,0,20.29,50,OK,0.1
2026-02-15T14:45:28.150Z,0,20.29,50,OK,0.1
2026-02-15T14:45:28.201Z,0,20.30,50,OK,0.1
2026-02-15T14:45:28.251Z,0,20.29,50,OK,0.1
2026-02-15T14:45:28.301Z,0,20.39,50,OK,0.1
2026-02-15T14:45:28.351Z,0,20.41,50,OK,0.1
2026-02-15T14:45:28.402Z,0,20.47,50,OK,0.1
2026-02-15T14:45:28.452Z,0,20.53,50,OK,0.1
2026-02-15T14:45:28.502Z,0,20.57,50,OK,0.1
2026-02-15T14:45:28.552Z,0,20.49,50,OK,0.1
2026-02-15T14:45:28.603Z,0,20.47,50,OK,0.1
2026-02-15T14:45:28.654Z,0,20.44,50,OK,0.1
2026-02-15T14:45:28.704Z,0,20.29,50,OK,0.1
2026-02-15T14:45:28.755Z,0,20.25,50,OK,0.1
2026-02-15T14:45:28.805Z,0,20.26,50,OK,0.1
2026-02-15T14:45:28.855Z,0,20.27,50,OK,0.1
2026-02-15T14:45:28.905Z,0,20.30,50,OK,0.1
2026-02-15T14:45:28.956Z,0,20.38,50,OK,0.1
2026-02-15T14:45:29.006Z,0,20.45,50,OK,0.1
2026-02-15T14:45:29.057Z,0,20.44,50,OK,0.1
2026-02-15T14:45:29.107Z,0,20.35,50,OK,0.1
2026-02-15T14:45:29.157Z,0,20.30,50,OK,0.1
2026-02-15T14:45:29.206Z,0,20.43,50,OK,0.1
2026-02-15T14:45:29.257Z,0,20.35,50,OK,0.1
2026-02-15T14:45:29.308Z,0,20.25,50,OK,0.1
2026-02-15T14:45:29.358Z,0,20.37,50,OK,0.1
2026-02-15T14:45:29.409Z,0,20.42,50,OK,0.1
2026-02-15T14:45:29.460Z,0,20.32,50,OK,0.1
2026-02-15T14:45:29.510Z,0,20.41,50,OK,0.1
2026-02-15T14:45:29.560Z,0,20.51,50,OK,0.1
2026-02-15T14:45:29.611Z,0,20.59,50,OK,0.1
2026-02-15T14:45:29.661Z,0,20.51,50,OK,0.1
2026-02-15T14:45:29.711Z,0,20.58,50,OK,0.1
2026-02-15T14:45:29.762Z,0,20.50,50,OK,0.1
2026-02-15T14:45:29.812Z,0,20.61,50,OK,0.1
2026-02-15T14:45:29.862Z,0,20.51,50,OK,0.1
2026-02-15T14:45:29.912Z,0,20.58,50,OK,0.1
2026-02-15T14:45:29.963Z,0,20.50,50,OK,0.1
2026-02-15T14:45:30.013Z,0,20.51,50,OK,0.1
2026-02-15T14:45:30.064Z,0,20.42,50,OK,0.1
2026-02-15T14:45:30.114Z,0,20.46,50,OK,0.1
2026-02-15T14:45:30.164Z,0,20.41,50,OK,0.1
2026-02-15T14:45:30.213Z,0,20.46,50,OK,0.1
2026-02-15T14:45:30.264Z,0,20.44,50,OK,0.1
2026-02-15T14:45:30.314Z,0,20.48,50,OK,0.1
2026-02-15T14:45:30.364Z,0,20.45,50,OK,0.1
2026-02-15T14:45:30.415Z,0,20.56,50,OK,0.1
2026-02-15T14:45:30.465Z,0,20.50,50,OK,0.1
2026-02-15T14:45:30.515Z,0,20.38,50,OK,0.1
2026-02-15T14:45:30.565Z,0,20.20,50,OK,0.1
2026-02-15T14:45:30.615Z,0,20.08,50,OK,0.1
2026-02-15T14:45:30.665Z,0,19.95,50,OK,0.1
2026-02-15T14:45:30.716Z,0,19.86,50,OK,0.1
2026-02-15T14:45:30.766Z,0,19.99,50,OK,0.1
2026-02-15T14:45:30.817Z,0,19.97,50,OK,0.1
2026-02-15T14:45:30.867Z,0,20.06,50,OK,0.1
2026-02-15T14:45:30.917Z,0,20.11,50,OK,0.1
2026-02-15T14:45:30.968Z,0,20.21,50,OK,0.1
2026-02-15T14:45:31.017Z,0,20.29,50,OK,0.1
2026-02-15T14:45:31.068Z,0,20.43,50,OK,0.1
2026-02-15T14:45:31.118Z,0,20.35,50,OK,0.1
2026-02-15T14:45:31.167Z,0,20.42,50,OK,0.1
2026-02-15T14:45:31.218Z,0,20.50,50,OK,0.1
2026-02-15T14:45:31.269Z,0,20.41,50,OK,0.1
2026-02-15T14:45:31.319Z,0,20.24,50,OK,0.1
2026-02-15T14:45:31.368Z,0,20.33,50,OK,0.1
2026-02-15T14:45:31.418Z,0,20.30,50,OK,0.1
2026-02-15T14:45:31.469Z,0,20.21,50,OK,0.1
2026-02-15T14:45:31.520Z,0,20.14,50,OK,0.1
2026-02-15T14:45:31.569Z,0,20.28,50,OK,0.1
2026-02-15T14:45:31.620Z,0,20.27,50,OK,0.1
2026-02-15T14:45:31.670Z,0,20.18,50,OK,0.1
2026-02-15T14:45:31.719Z,0,20.23,50,OK,0.1
2026-02-15T14:45:31.770Z,0,20.30,50,OK,0.1
2026-02-15T14:45:31.821Z,0,20.33,50,OK,0.1
2026-02-15T14:45:31.871Z,0,20.35,50,OK,0.1
2026-02-15T14:45:31.922Z,0,20.37,50,OK,0.1
2026-02-15T14:45:31.973Z,0,20.33,50,OK,0.1
2026-02-15T14:45:32.024Z,0,20.35,50,OK,0.1
2026-02-15T14:45:32.074Z,0,20.32,50,OK,0.1
2026-02-15T14:45:32.125Z,0,20.36,50,OK,0.1
2026-02-15T14:45:32.175Z,0,20.33,50,OK,0.1
2026-02-15T14:45:32.225Z,0,20.35,50,OK,0.1
2026-02-15T14:45:32.276Z,0,20.33,50,OK,0.1
2026-02-15T14:45:32.327Z,0,20.27,50,OK,0.1
2026-02-15T14:45:32.378Z,0,20.22,50,OK,0.1
2026-02-15T14:45:32.428Z,0,20.23,50,OK,0.1
2026-02-15T14:45:32.478Z,0,20.20,50,OK,0.1
2026-02-15T14:45:32.529Z,0,20.27,50,OK,0.1
2026-02-15T14:45:32.579Z,0,20.32,50,OK,0.1
2026-02-15T14:45:32.629Z,0,20.34,50,OK,0.1
2026-02-15T14:45:32.680Z,0,20.35,50,OK,0.1
2026-02-15T14:45:32.731Z,0,20.29,50,OK,0.1
2026-02-15T14:45:32.781Z,0,20.21,50,OK,0.1
2026-02-15T14:45:32.830Z,0,20.25,50,OK,0.1
2026-02-15T14:45:32.881Z,0,20.24,50,OK,0.1
2026-02-15T14:45:32.930Z,0,20.27,50,OK,0.1
2026-02-15T14:45:32.980Z,0,20.33,50,OK,0.1
2026-02-15T14:45:33.030Z,0,20.39,50,OK,0.1
2026-02-15T14:45:33.081Z,0,20.34,50,OK,0.1
2026-02-15T14:45:33.131Z,0,20.40,50,OK,0.1
2026-02-15T14:45:33.182Z,0,20.41,50,OK,0.1
2026-02-15T14:45:33.232Z,0,20.32,50,OK,0.1
2026-02-15T14:45:33.283Z,0,20.31,50,OK,0.1
2026-02-15T14:45:33.333Z,0,20.29,50,OK,0.1
2026-02-15T14:45:33.384Z,0,20.31,50,OK,0.1
2026-02-15T14:45:33.434Z,0,20.38,50,OK,0.1
2026-02-15T14:45:33.485Z,0,20.49,50,OK,0.1
2026-02-15T14:45:33.534Z,0,20.55,50,OK,0.1
2026-02-15T14:45:33.585Z,0,20.59,50,OK,0.1
2026-02-15T14:45:33.635Z,0,20.56,50,OK,0.1
2026-02-15T14:45:33.686Z,0,20.45,50,OK,0.1
2026-02-15T14:45:33.735Z,0,20.44,50,OK,0.1
2026-02-15T14:45:33.786Z,0,20.35,50,OK,0.1
2026-02-15T14:45:33.836Z,0,20.37,50,OK,0.1
2026-02-15T14:45:33.887Z,0,20.48,50,OK,0.1
2026-02-15T14:45:33.937Z,0,20.48,50,OK,0.1
2026-02-15T14:45:33.986Z,0,20.51,50,OK,0.1
2026-02-15T14:45:34.037Z,0,20.55,50,OK,0.1
2026-02-15T14:45:34.087Z,0,20.52,50,OK,0.1
2026-02-15T14:45:34.138Z,0,20.42,50,OK,0.1
2026-02-15T14:45:34.187Z,0,20.40,50,OK,0.1
2026-02-15T14:45:34.237Z,0,20.40,50,OK,0.1
2026-02-15T14:45:34.288Z,0,20.34,50,OK,0.1
2026-02-15T14:45:34.338Z,0,20.40,50,OK,0.1
2026-02-15T14:45:34.389Z,0,20.38,50,OK,0.1
2026-02-15T14:45:34.439Z,0,20.43,50,OK,0.1
2026-02-15T14:45:34.490Z,0,20.40,50,OK,0.1
2026-02-15T14:45:34.541Z,0,20.35,50,OK,0.1
2026-02-15T14:45:34.592Z,0,20.29,50,OK,0.1
2026-02-15T14:45:34.643Z,0,20.24,50,OK,0.1
2026-02-15T14:45:34.695Z,0,20.20,50,OK,0.1
2026-02-15T14:45:34.743Z,0,20.14,50,OK,0.1
2026-02-15T14:45:34.794Z,0,20.18,50,OK,0.1
2026-02-15T14:45:34.843Z,0,20.15,50,OK,0.1
2026-02-15T14:45:34.894Z,0,20.20,50,OK,0.1
2026-02-15T14:45:34.944Z,0,20.31,50,OK,0.1
2026-02-15T14:45:34.995Z,0,20.45,50,OK,0.1
2026-02-15T14:45:35.044Z,0,20.52,50,OK,0.1
2026-02-15T14:45:35.095Z,0,20.50,50,OK,0.1
2026-02-15T14:45:35.145Z,0,20.48,50,OK,0.1
2026-02-15T14:45:35.196Z,0,20.39,50,OK,0.1
2026-02-15T14:45:35.245Z,0,20.31,50,OK,0.1
2026-02-15T14:45:35.296Z,0,20.24,50,OK,0.1
2026-02-15T14:45:35.346Z,0,20.30,50,OK,0.1
2026-02-15T14:45:35.396Z,0,20.29,50,OK,0.1
2026-02-15T14:45:35.447Z,0,20.27,50,OK,0.1
2026-02-15T14:45:35.496Z,0,20.26,50,OK,0.1
2026-02-15T14:45:35.547Z,0,20.24,50,OK,0.1
2026-02-15T14:45:35.596Z,0,20.25,50,OK,0.1
2026-02-15T14:45:35.647Z,0,20.29,50,OK,0.1
2026-02-15T14:45:35.696Z,0,20.33,50,OK,0.1
2026-02-15T14:45:35.747Z,0,20.37,50,OK,0.1
2026-02-15T14:45:35.798Z,0,20.38,50,OK,0.1
2026-02-15T14:45:35.848Z,0,20.26,50,OK,0.1
2026-02-15T14:45:35.899Z,0,20.26,50,OK,0.1
2026-02-15T14:45:35.949Z,0,20.23,50,OK,0.1
2026-02-15T14:45:35.999Z,0,20.22,50,OK,0.1
2026-02-15T14:45:36.050Z,0,20.21,50,OK,0.1
2026-02-15T14:45:36.100Z,0,20.29,50,OK,0.1
2026-02-15T14:45:36.149Z,0,20.30,50,OK,0.1
2026-02-15T14:45:36.200Z,0,20.29,50,OK,0.1
2026-02-15T14:45:36.251Z,0,20.30,50,OK,0.1
2026-02-15T14:45:36.300Z,0,20.29,50,OK,0.1
2026-02-15T14:45:36.351Z,0,20.27,50,OK,0.1
2026-02-15T14:45:36.402Z,0,20.26,50,OK,0.1
2026-02-15T14:45:36.452Z,0,20.29,50,OK,0.1
2026-02-15T14:45:36.503Z,0,20.26,50,OK,0.1
2026-02-15T14:45:36.553Z,0,20.31,50,OK,0.1
2026-02-15T14:45:36.604Z,0,20.36,50,OK,0.1
2026-02-15T14:45:36.654Z,0,20.40,50,OK,0.1
2026-02-15T14:45:36.705Z,0,20.38,50,OK,0.1
2026-02-15T14:45:36.755Z,0,20.39,50,OK,0.1
2026-02-15T14:45:36.804Z,0,20.37,50,OK,0.1
2026-02-15T14:45:36.855Z,0,20.40,50,OK,0.1
2026-02-15T14:45:36.906Z,0,20.37,50,OK,0.1
2026-02-15T14:45:36.955Z,0,20.40,50,OK,0.1
2026-02-15T14:45:37.006Z,0,20.39,50,OK,0.1
2026-02-15T14:45:37.057Z,0,20.39,50,OK,0.1
2026-02-15T14:45:37.108Z,0,20.40,50,OK,0.1
2026-02-15T14:45:37.159Z,0,20.36,50,OK,0.1
2026-02-15T14:45:37.210Z,0,20.38,50,OK,0.1
2026-02-15T14:45:37.261Z,0,20.40,50,OK,0.1
2026-02-15T14:45:37.310Z,0,20.40,50,OK,0.1
2026-02-15T14:45:37.361Z,0,20.38,50,OK,0.1
2026-02-15T14:45:37.410Z,0,20.42,50,OK,0.1
2026-02-15T14:45:37.460Z,0,20.41,50,OK,0.1
2026-02-15T14:45:37.510Z,0,20.44,50,OK,0.1
2026-02-15T14:45:37.561Z,0,20.42,50,OK,0.1
2026-02-15T14:45:37.611Z,0,20.40,50,OK,0.1
2026-02-15T14:45:37.661Z,0,20.38,50,OK,0.1
2026-02-15T14:45:37.711Z,0,20.35,50,OK,0.1
2026-02-15T14:45:37.761Z,0,20.29,50,OK,0.1
2026-02-15T14:45:37.812Z,0,20.29,50,OK,0.1
2026-02-15T14:45:37.863Z,0,20.31,50,OK,0.1
2026-02-15T14:45:37.914Z,0,20.34,50,OK,0.1
2026-02-15T14:45:37.965Z,0,20.36,50,OK,0.1
2026-02-15T14:45:38.015Z,0,20.37,50,OK,0.1
2026-02-15T14:45:38.066Z,0,20.41,50,OK,0.1
2026-02-15T14:45:38.116Z,0,20.43,50,OK,0.1
2026-02-15T14:45:38.166Z,0,20.39,50,OK,0.1
2026-02-15T14:45:38.216Z,0,20.44,50,OK,0.1
2026-02-15T14:45:38.267Z,0,20.46,50,OK,0.1
2026-02-15T14:45:38.318Z,0,20.47,50,OK,0.1
2026-02-15T14:45:38.368Z,0,20.43,50,OK,0.1
2026-02-15T14:45:38.418Z,0,20.50,50,OK,0.1
2026-02-15T14:45:38.468Z,0,20.42,50,OK,0.1
2026-02-15T14:45:38.519Z,0,20.42,50,OK,0.1
2026-02-15T14:45:38.570Z,0,20.40,50,OK,0.1
2026-02-15T14:45:38.620Z,0,20.43,50,OK,0.1
2026-02-15T14:45:38.671Z,0,20.37,50,OK,0.1
2026-02-15T14:45:38.721Z,0,20.37,50,OK,0.1
2026-02-15T14:45:38.772Z,0,20.37,50,OK,0.1
2026-02-15T14:45:38.823Z,0,20.34,50,OK,0.1
2026-02-15T14:45:38.873Z,0,20.31,50,OK,0.1
2026-02-15T14:45:38.924Z,0,20.32,50,OK,0.1
2026-02-15T14:45:38.974Z,0,20.35,50,OK,0.1
2026-02-15T14:45:39.024Z,0,20.31,50,OK,0.1
2026-02-15T14:45:39.075Z,0,20.32,50,OK,0.1
2026-02-15T14:45:39.124Z,0,20.33,50,OK,0.1
2026-02-15T14:45:39.174Z,0,20.36,50,OK,0.1
2026-02-15T14:45:39.225Z,0,20.31,50,OK,0.1
2026-02-15T14:45:39.275Z,0,20.33,50,OK,0.1
2026-02-15T14:45:39.325Z,0,20.27,50,OK,0.1
2026-02-15T14:45:39.375Z,0,20.28,50,OK,0.1
2026-02-15T14:45:39.426Z,0,20.30,50,OK,0.1
2026-02-15T14:45:39.476Z,0,20.35,50,OK,0.1
2026-02-15T14:45:39.525Z,0,20.40,50,OK,0.1
2026-02-15T14:45:39.576Z,0,20.47,50,OK,0.1
2026-02-15T14:45:39.626Z,0,20.45,50,OK,0.1
2026-02-15T14:45:39.676Z,0,20.44,50,OK,0.1
2026-02-15T14:45:39.727Z,0,20.48,50,OK,0.1
2026-02-15T14:45:39.778Z,0,20.43,50,OK,0.1
2026-02-15T14:45:39.828Z,0,20.44,50,OK,0.1
2026-02-15T14:45:39.879Z,0,20.46,50,OK,0.1
2026-02-15T14:45:39.930Z,0,20.45,50,OK,0.1
2026-02-15T14:45:39.980Z,0,20.40,50,OK,0.1
2026-02-15T14:45:40.030Z,0,20.42,50,OK,0.1
2026-02-15T14:45:40.081Z,0,20.38,50,OK,0.1
2026-02-15T14:45:40.132Z,0,20.43,50,OK,0.1
2026-02-15T14:45:40.183Z,0,20.41,50,OK,0.1
2026-02-15T14:45:40.234Z,0,20.42,50,OK,0.1
2026-02-15T14:45:40.284Z,0,20.49,50,OK,0.1
2026-02-15T14:45:40.334Z,0,20.49,50,OK,0.1
2026-02-15T14:45:40.384Z,0,20.45,50,OK,0.1
2026-02-15T14:45:40.435Z,0,20.45,50,OK,0.1
2026-02-15T14:45:40.485Z,0,20.45,50,OK,0.1
2026-02-15T14:45:40.534Z,0,20.39,50,OK,0.1
2026-02-15T14:45:40.584Z,0,20.39,50,OK,0.1
2026-02-15T14:45:40.635Z,0,20.42,50,OK,0.1
2026-02-15T14:45:40.685Z,0,20.44,50,OK,0.1
2026-02-15T14:45:40.736Z,0,20.45,50,OK,0.1
2026-02-15T14:45:40.786Z,0,20.50,50,OK,0.1
2026-02-15T14:45:40.832Z,0,20.38,50,OK,0.1
2026-02-15T14:45:40.882Z,0,20.34,50,OK,0.1
2026-02-15T14:45:40.932Z,0,20.16,50,OK,0.1
2026-02-15T14:45:40.982Z,0,20.15,50,OK,0.1
2026-02-15T14:45:41.032Z,0,20.12,50,OK,0.1
2026-02-15T14:45:41.082Z,0,20.29,50,OK,0.1
2026-02-15T14:45:41.132Z,0,20.35,50,OK,0.1
2026-02-15T14:45:41.183Z,0,20.54,50,OK,0.1
2026-02-15T14:45:41.233Z,0,20.47,50,OK,0.1
2026-02-15T14:45:41.283Z,0,20.43,50,OK,0.1
2026-02-15T14:45:41.333Z,0,20.35,50,OK,0.1
2026-02-15T14:45:41.384Z,0,20.32,50,OK,0.1
2026-02-15T14:45:41.434Z,0,20.23,50,OK,0.1
2026-02-15T14:45:41.484Z,0,20.31,50,OK,0.1
2026-02-15T14:45:41.534Z,0,20.38,50,OK,0.1
2026-02-15T14:45:41.585Z,0,20.42,50,OK,0.1
2026-02-15T14:45:41.634Z,0,20.47,50,OK,0.1
2026-02-15T14:45:41.684Z,0,20.53,50,OK,0.1
2026-02-15T14:45:41.734Z,0,20.45,50,OK,0.1
2026-02-15T14:45:41.785Z,0,20.38,50,OK,0.1
2026-02-15T14:45:41.835Z,0,20.35,50,OK,0.1
2026-02-15T14:45:41.886Z,0,20.26,50,OK,0.1
2026-02-15T14:45:41.936Z,0,20.26,50,OK,0.1
2026-02-15T14:45:41.987Z,0,20.36,50,OK,0.1
2026-02-15T14:45:42.037Z,0,20.34,50,OK,0.1
2026-02-15T14:45:42.087Z,0,20.36,50,OK,0.1
2026-02-15T14:45:42.138Z,0,20.34,50,OK,0.1
2026-02-15T14:45:42.189Z,0,20.33,50,OK,0.1
2026-02-15T14:45:42.240Z,0,20.28,50,OK,0.1
2026-02-15T14:45:42.291Z,0,20.30,50,OK,0.1
2026-02-15T14:45:42.341Z,0,20.31,50,OK,0.1
2026-02-15T14:45:42.392Z,0,20.38,50,OK,0.1
2026-02-15T14:45:42.442Z,0,20.40,50,OK,0.1
2026-02-15T14:45:42.492Z,0,20.45,50,OK,0.1
2026-02-15T14:45:42.543Z,0,20.56,50,OK,0.1
2026-02-15T14:45:42.592Z,0,20.57,50,OK,0.1
2026-02-15T14:45:42.643Z,0,20.43,50,OK,0.1
2026-02-15T14:45:42.693Z,0,20.44,50,OK,0.1
2026-02-15T14:45:42.744Z,0,20.32,50,OK,0.1
2026-02-15T14:45:42.794Z,0,20.21,50,OK,0.1
2026-02-15T14:45:42.845Z,0,20.35,50,OK,0.1
2026-02-15T14:45:42.895Z,0,20.41,50,OK,0.1
2026-02-15T14:45:42.945Z,0,20.40,50,OK,0.1
2026-02-15T14:45:42.996Z,0,20.53,50,OK,0.1
2026-02-15T14:45:43.046Z,0,20.47,50,OK,0.1
2026-02-15T14:45:43.095Z,0,20.33,50,OK,0.1
2026-02-15T14:45:43.146Z,0,20.43,50,OK,0.1
2026-02-15T14:45:43.196Z,0,20.39,50,OK,0.1
2026-02-15T14:45:43.247Z,0,20.39,50,OK,0.1
2026-02-15T14:45:43.297Z,0,20.44,50,OK,0.1
2026-02-15T14:45:43.347Z,0,20.51,50,OK,0.1
2026-02-15T14:45:43.397Z,0,20.43,50,OK,0.1
2026-02-15T14:45:43.447Z,0,20.49,50,OK,0.1
2026-02-15T14:45:43.497Z,0,20.49,50,OK,0.1
2026-02-15T14:45:43.547Z,0,20.50,50,OK,0.1
2026-02-15T14:45:43.598Z,0,20.42,50,OK,0.1
2026-02-15T14:45:43.649Z,0,20.33,50,OK,0.1
2026-02-15T14:45:43.698Z,0,20.28,50,OK,0.1
2026-02-15T14:45:43.749Z,0,20.34,50,OK,0.1
2026-02-15T14:45:43.799Z,0,20.34,50,OK,0.1
2026-02-15T14:45:43.849Z,0,20.45,50,OK,0.1
2026-02-15T14:45:43.899Z,0,20.55,50,OK,0.1
2026-02-15T14:45:43.948Z,0,20.67,50,OK,0.1
2026-02-15T14:45:43.999Z,0,20.59,50,OK,0.1
2026-02-15T14:45:44.050Z,0,20.55,50,OK,0.1
2026-02-15T14:45:44.100Z,0,20.44,50,OK,0.1
2026-02-15T14:45:44.150Z,0,20.52,50,OK,0.1
2026-02-15T14:45:44.201Z,0,20.41,50,OK,0.1
2026-02-15T14:45:44.251Z,0,20.46,50,OK,0.1
2026-02-15T14:45:44.302Z,0,20.52,50,OK,0.1
2026-02-15T14:45:44.353Z,0,20.49,50,OK,0.1
2026-02-15T14:45:44.403Z,0,20.40,50,OK,0.1
2026-02-15T14:45:44.454Z,0,20.33,50,OK,0.1
2026-02-15T14:45:44.504Z,0,20.28,50,OK,0.1
2026-02-15T14:45:44.555Z,0,20.22,50,OK,0.1
2026-02-15T14:45:44.606Z,0,20.26,50,OK,0.1
2026-02-15T14:45:44.656Z,0,20.19,50,OK,0.1
2026-02-15T14:45:44.706Z,0,20.29,50,OK,0.1
2026-02-15T14:45:44.756Z,0,20.37,50,OK,0.1
2026-02-15T14:45:44.806Z,0,20.47,50,OK,0.1
2026-02-15T14:45:44.855Z,0,20.50,50,OK,0.1
2026-02-15T14:45:44.906Z,0,20.58,50,OK,0.1
2026-02-15T14:45:44.956Z,0,20.39,50,OK,0.1
2026-02-15T14:45:45.006Z,0,20.27,50,OK,0.1
2026-02-15T14:45:45.056Z,0,20.06,50,OK,0.1
2026-02-15T14:45:45.106Z,0,20.04,50,OK,0.1
2026-02-15T14:45:45.156Z,0,19.86,50,OK,0.1
2026-02-15T14:45:45.207Z,0,19.94,50,OK,0.1
2026-02-15T14:45:45.258Z,0,20.02,50,OK,0.1
2026-02-15T14:45:45.308Z,0,20.19,50,OK,0.1
2026-02-15T14:45:45.359Z,0,20.11,50,OK,0.1
2026-02-15T14:45:45.409Z,0,20.32,50,OK,0.1
2026-02-15T14:45:45.459Z,0,20.31,50,OK,0.1
2026-02-15T14:45:45.510Z,0,20.27,50,OK,0.1
2026-02-15T14:45:45.561Z,0,20.17,50,OK,0.1
2026-02-15T14:45:45.612Z,0,20.24,50,OK,0.1
2026-02-15T14:45:45.662Z,0,20.13,50,OK,0.1
2026-02-15T14:45:45.713Z,0,20.23,50,OK,0.1
2026-02-15T14:45:45.763Z,0,20.34,50,OK,0.1
2026-02-15T14:45:45.813Z,0,20.43,50,OK,0.1
2026-02-15T14:45:45.864Z,0,20.59,50,OK,0.1
2026-02-15T14:45:45.914Z,0,20.67,50,OK,0.1
2026-02-15T14:45:45.964Z,0,20.59,50,OK,0.1
2026-02-15T14:45:46.014Z,0,20.48,50,OK,0.1
2026-02-15T14:45:46.064Z,0,20.55,50,OK,0.1
2026-02-15T14:45:46.115Z,0,20.36,50,OK,0.1
2026-02-15T14:45:46.166Z,0,20.36,50,OK,0.1
2026-02-15T14:45:46.216Z,0,20.39,50,OK,0.1
2026-02-15T14:45:46.267Z,0,20.21,50,OK,0.1
2026-02-15T14:45:46.317Z,0,20.12,50,OK,0.1
2026-02-15T14:45:46.367Z,0,20.25,50,OK,0.1
2026-02-15T14:45:46.417Z,0,20.29,50,OK,0.1
2026-02-15T14:45:46.467Z,0,20.44,50,OK,0.1
2026-02-15T14:45:46.517Z,0,20.59,50,OK,0.1
2026-02-15T14:45:46.568Z,0,20.51,50,OK,0.1
2026-02-15T14:45:46.618Z,0,20.42,50,OK,0.1
2026-02-15T14:45:46.667Z,0,20.43,50,OK,0.1
2026-02-15T14:45:46.717Z,0,20.30,50,OK,0.1
2026-02-15T14:45:46.768Z,0,20.26,50,OK,0.1
2026-02-15T14:45:46.817Z,0,20.35,50,OK,0.1
2026-02-15T14:45:46.868Z,0,20.25,50,OK,0.1
2026-02-15T14:45:46.917Z,0,20.17,50,OK,0.1
2026-02-15T14:45:46.968Z,0,20.10,50,OK,0.1
2026-02-15T14:45:47.017Z,0,20.11,50,OK,0.1
2026-02-15T14:45:47.068Z,0,20.11,50,OK,0.1
2026-02-15T14:45:47.119Z,0,20.21,50,OK,0.1
2026-02-15T14:45:47.168Z,0,20.26,50,OK,0.1
2026-02-15T14:45:47.219Z,0,20.33,50,OK,0.1
2026-02-15T14:45:47.270Z,0,20.42,50,OK,0.1
2026-02-15T14:45:47.319Z,0,20.42,50,OK,0.1
2026-02-15T14:45:47.369Z,0,20.41,50,OK,0.1
2026-02-15T14:45:47.420Z,0,20.38,50,OK,0.1
2026-02-15T14:45:47.471Z,0,20.34,50,OK,0.1
2026-02-15T14:45:47.521Z,0,20.30,50,OK,0.1
2026-02-15T14:45:47.571Z,0,20.34,50,OK,0.1
2026-02-15T14:45:47.621Z,0,20.29,50,OK,0.1
2026-02-15T14:45:47.671Z,0,20.36,50,OK,0.1
2026-02-15T14:45:47.722Z,0,20.43,50,OK,0.1
2026-02-15T14:45:47.773Z,0,20.54,50,OK,0.1
2026-02-15T14:45:47.823Z,0,20.50,50,OK,0.1
2026-02-15T14:45:47.873Z,0,20.66,50,OK,0.1
2026-02-15T14:45:47.924Z,0,20.57,50,OK,0.1
2026-02-15T14:45:47.974Z,0,20.64,50,OK,0.1
2026-02-15T14:45:48.025Z,0,20.50,50,OK,0.1
2026-02-15T14:45:48.075Z,0,20.57,50,OK,0.1
2026-02-15T14:45:48.125Z,0,20.46,50,OK,0.1
2026-02-15T14:45:48.175Z,0,20.36,50,OK,0.1
2026-02-15T14:45:48.226Z,0,20.29,50,OK,0.1
2026-02-15T14:45:48.277Z,0,20.22,50,OK,0.1
2026-02-15T14:45:48.328Z,0,20.14,50,OK,0.1
2026-02-15T14:45:48.378Z,0,20.06,50,OK,0.1
2026-02-15T14:45:48.429Z,0,20.17,50,OK,0.1
2026-02-15T14:45:48.479Z,0,20.16,50,OK,0.1
2026-02-15T14:45:48.530Z,0,20.22,50,OK,0.1
2026-02-15T14:45:48.581Z,0,20.16,50,OK,0.1
2026-02-15T14:45:48.630Z,0,20.23,50,OK,0.1
2026-02-15T14:45:48.681Z,0,20.27,50,OK,0.1
2026-02-15T14:45:48.730Z,0,20.26,50,OK,0.1
2026-02-15T14:45:48.781Z,0,20.20,50,OK,0.1
2026-02-15T14:45:48.831Z,0,20.25,50,OK,0.1
2026-02-15T14:45:48.881Z,0,20.18,50,OK,0.1
2026-02-15T14:45:48.931Z,0,20.13,50,OK,0.1
2026-02-15T14:45:48.982Z,0,20.06,50,OK,0.1
2026-02-15T14:45:49.033Z,0,20.11,50,OK,0.1
2026-02-15T14:45:49.082Z,0,20.16,50,OK,0.1
2026-02-15T14:45:49.133Z,0,20.22,50,OK,0.1
2026-02-15T14:45:49.182Z,0,20.27,50,OK,0.1
2026-02-15T14:45:49.233Z,0,20.15,50,OK,0.1
2026-02-15T14:45:49.282Z,0,20.19,50,OK,0.1
2026-02-15T14:45:49.333Z,0,20.14,50,OK,0.1
2026-02-15T14:45:49.384Z,0,20.07,50,OK,0.1
2026-02-15T14:45:49.435Z,0,20.00,50,OK,0.1
2026-02-15T14:45:49.484Z,0,20.24,50,OK,0.1
2026-02-15T14:45:49.534Z,0,20.21,50,OK,0.1
2026-02-15T14:45:49.585Z,0,20.19,50,OK,0.1
2026-02-15T14:45:49.636Z,0,20.25,50,OK,0.1
2026-02-15T14:45:49.687Z,0,20.25,50,OK,0.1
2026-02-15T14:45:49.738Z,0,20.23,50,OK,0.1
2026-02-15T14:45:49.789Z,0,20.27,50,OK,0.1
2026-02-15T14:45:49.839Z,0,20.31,50,OK,0.1
2026-02-15T14:45:49.889Z,0,20.35,50,OK,0.1
2026-02-15T14:45:49.940Z,0,20.34,50,OK,0.1
2026-02-15T14:45:49.990Z,0,20.37,50,OK,0.1
2026-02-15T14:45:50.040Z,0,20.30,50,OK,0.1
2026-02-15T14:45:50.090Z,0,20.40,50,OK,0.1
2026-02-15T14:45:50.140Z,0,20.37,50,OK,0.1
2026-02-15T14:45:50.190Z,0,20.45,50,OK,0.1
2026-02-15T14:45:50.241Z,0,20.41,50,OK,0.1
2026-02-15T14:45:50.291Z,0,20.34,50,OK,0.1
2026-02-15T14:45:50.341Z,0,20.35,50,OK,0.1
2026-02-15T14:45:50.392Z,0,20.47,50,OK,0.1
2026-02-15T14:45:50.442Z,0,20.44,50,OK,0.1
2026-02-15T14:45:50.493Z,0,20.38,50,OK,0.1
2026-02-15T14:45:50.544Z,0,20.50,50,OK,0.1
2026-02-15T14:45:50.594Z,0,20.47,50,OK,0.1
2026-02-15T14:45:50.644Z,0,20.37,50,OK,0.1
2026-02-15T14:45:50.693Z,0,20.40,50,OK,0.1
2026-02-15T14:45:50.744Z,0,20.48,50,OK,0.1
2026-02-15T14:45:50.793Z,0,20.48,50,OK,0.1
2026-02-15T14:45:50.844Z,0,20.41,50,OK,0.1
2026-02-15T14:45:50.894Z,0,20.47,50,OK,0.1
2026-02-15T14:45:50.945Z,0,20.42,50,OK,0.1
2026-02-15T14:45:50.995Z,0,20.31,50,OK,0.1
2026-02-15T14:45:51.046Z,0,20.33,50,OK,0.1
2026-02-15T14:45:51.097Z,0,20.38,50,OK,0.1
2026-02-15T14:45:51.148Z,0,20.36,50,OK,0.1
2026-02-15T14:45:51.198Z,0,20.31,50,OK,0.1
2026-02-15T14:45:51.249Z,0,20.37,50,OK,0.1
2026-02-15T14:45:51.299Z,0,20.33,50,OK,0.1
2026-02-15T14:45:51.350Z,0,20.30,50,OK,0.1
2026-02-15T14:45:51.400Z,0,20.31,50,OK,0.1
2026-02-15T14:45:51.450Z,0,20.35,50,OK,0.1
2026-02-15T14:45:51.501Z,0,20.40,50,OK,0.1
2026-02-15T14:45:51.551Z,0,20.45,50,OK,0.1
2026-02-15T14:45:51.602Z,0,20.50,50,OK,0.1
2026-02-15T14:45:51.653Z,0,20.44,50,OK,0.1
2026-02-15T14:45:51.703Z,0,20.55,50,OK,0.1
2026-02-15T14:45:51.754Z,0,20.38,50,OK,0.1
2026-02-15T14:45:51.804Z,0,20.43,50,OK,0.1
2026-02-15T14:45:51.855Z,0,20.37,50,OK,0.1
2026-02-15T14:45:51.906Z,0,20.48,50,OK,0.1
2026-02-15T14:45:51.958Z,0,20.36,50,OK,0.1
2026-02-15T14:45:52.009Z,0,20.52,50,OK,0.1
2026-02-15T14:45:52.059Z,0,20.45,50,OK,0.1
2026-02-15T14:45:52.109Z,0,20.43,50,OK,0.1
2026-02-15T14:45:52.160Z,0,20.34,50,OK,0.1
2026-02-15T14:45:52.209Z,0,20.41,50,OK,0.1
2026-02-15T14:45:52.260Z,0,20.38,50,OK,0.1
2026-02-15T14:45:52.310Z,0,20.40,50,OK,0.1
2026-02-15T14:45:52.360Z,0,20.52,50,OK,0.1
2026-02-15T14:45:52.411Z,0,20.53,50,OK,0.1
2026-02-15T14:45:52.461Z,0,20.49,50,OK,0.1
2026-02-15T14:45:52.510Z,0,20.50,50,OK,0.1
2026-02-15T14:45:52.560Z,0,20.48,50,OK,0.1
2026-02-15T14:45:52.611Z,0,20.37,50,OK,0.1
2026-02-15T14:45:52.660Z,0,20.37,50,OK,0.1
2026-02-15T14:45:52.711Z,0,20.34,50,OK,0.1
2026-02-15T14:45:52.762Z,0,20.42,50,OK,0.1
2026-02-15T14:45:52.811Z,0,20.40,50,OK,0.1
2026-02-15T14:45:52.861Z,0,20.45,50,OK,0.1
2026-02-15T14:45:52.911Z,0,20.45,50,OK,0.1
2026-02-15T14:45:52.963Z,0,20.47,50,OK,0.1
2026-02-15T14:45:53.013Z,0,20.38,50,OK,0.1
2026-02-15T14:45:53.063Z,0,20.43,50,OK,0.1
2026-02-15T14:45:53.114Z,0,20.42,50,OK,0.1
2026-02-15T14:45:53.165Z,0,20.42,50,OK,0.1
2026-02-15T14:45:53.215Z,0,20.42,50,OK,0.1
2026-02-15T14:45:53.265Z,0,20.43,50,OK,0.1
2026-02-15T14:45:53.315Z,0,20.38,50,OK,0.1
2026-02-15T14:45:53.366Z,0,20.38,50,OK,0.1
2026-02-15T14:45:53.416Z,0,20.40,50,OK,0.1
2026-02-15T14:45:53.467Z,0,20.39,50,OK,0.1
2026-02-15T14:45:53.517Z,0,20.38,50,OK,0.1
2026-02-15T14:45:53.568Z,0,20.39,50,OK,0.1
2026-02-15T14:45:53.619Z,0,20.35,50,OK,0.1
2026-02-15T14:45:53.669Z,0,20.33,50,OK,0.1
2026-02-15T14:45:53.719Z,0,20.25,50,OK,0.1
2026-02-15T14:45:53.770Z,0,20.16,50,OK,0.1
2026-02-15T14:45:53.821Z,0,20.15,50,OK,0.1
2026-02-15T14:45:53.871Z,0,20.19,50,OK,0.1
2026-02-15T14:45:53.922Z,0,20.18,50,OK,0.1
2026-02-15T14:45:53.972Z,0,20.28,50,OK,0.1
2026-02-15T14:45:54.023Z,0,20.40,50,OK,0.1
2026-02-15T14:45:54.074Z,0,20.40,50,OK,0.1
2026-02-15T14:45:54.124Z,0,20.36,50,OK,0.1
2026-02-15T14:45:54.174Z,0,20.38,50,OK,0.1
2026-02-15T14:45:54.225Z,0,20.42,50,OK,0.1
2026-02-15T14:45:54.275Z,0,20.37,50,OK,0.1
2026-02-15T14:45:54.326Z,0,20.38,50,OK,0.1
2026-02-15T14:45:54.376Z,0,20.37,50,OK,0.1
2026-02-15T14:45:54.425Z,0,20.38,50,OK,0.1
2026-02-15T14:45:54.475Z,0,20.32,50,OK,0.1
2026-02-15T14:45:54.526Z,0,20.35,50,OK,0.1
2026-02-15T14:45:54.577Z,0,20.39,50,OK,0.1
2026-02-15T14:45:54.628Z,0,20.40,50,OK,0.1
2026-02-15T14:45:54.678Z,0,20.39,50,OK,0.1
2026-02-15T14:45:54.729Z,0,20.39,50,OK,0.1
2026-02-15T14:45:54.780Z,0,20.42,50,OK,0.1
2026-02-15T14:45:54.831Z,0,20.39,50,OK,0.1
2026-02-15T14:45:54.881Z,0,20.41,50,OK,0.1
2026-02-15T14:45:54.932Z,0,20.42,50,OK,0.1
2026-02-15T14:45:54.982Z,0,20.42,50,OK,0.1
2026-02-15T14:45:55.032Z,0,20.38,50,OK,0.1
2026-02-15T14:45:55.083Z,0,20.42,50,OK,0.1
2026-02-15T14:45:55.133Z,0,20.47,50,OK,0.1
2026-02-15T14:45:55.184Z,0,20.45,50,OK,0.1
2026-02-15T14:45:55.235Z,0,20.44,50,OK,0.1
2026-02-15T14:45:55.285Z,0,20.47,50,OK,0.1
2026-02-15T14:45:55.334Z,0,20.42,50,OK,0.1
2026-02-15T14:45:55.385Z,0,20.38,50,OK,0.1
2026-02-15T14:45:55.435Z,0,20.37,50,OK,0.1
2026-02-15T14:45:55.486Z,0,20.30,50,OK,0.1
2026-02-15T14:45:55.536Z,0,20.34,50,OK,0.1
2026-02-15T14:45:55.586Z,0,20.33,50,OK,0.1
2026-02-15T14:45:55.636Z,0,20.29,50,OK,0.1
2026-02-15T14:45:55.687Z,0,20.23,50,OK,0.1
2026-02-15T14:45:55.736Z,0,20.31,50,OK,0.1
2026-02-15T14:45:55.786Z,0,20.26,50,OK,0.1
2026-02-15T14:45:55.837Z,0,20.25,50,OK,0.1
2026-02-15T14:45:55.887Z,0,20.30,50,OK,0.1
2026-02-15T14:45:55.937Z,0,20.37,50,OK,0.1
2026-02-15T14:45:55.987Z,0,20.36,50,OK,0.1
2026-02-15T14:45:56.038Z,0,20.35,50,OK,0.1
2026-02-15T14:45:56.089Z,0,20.31,50,OK,0.1
2026-02-15T14:45:56.139Z,0,20.24,50,OK,0.1
2026-02-15T14:45:56.189Z,0,20.25,50,OK,0.1
2026-02-15T14:45:56.238Z,0,20.26,50,OK,0.1
2026-02-15T14:45:56.289Z,0,21.55,50,OK,0.1
2026-02-15T14:45:56.338Z,0,21.59,50,OK,0.1
2026-02-15T14:45:56.389Z,0,21.60,50,OK,0.1
2026-02-15T14:45:56.439Z,0,21.60,50,OK,0.1
2026-02-15T14:45:56.490Z,0,21.59,50,OK,0.1
2026-02-15T14:45:56.539Z,0,20.29,50,OK,0.1
2026-02-15T14:45:56.590Z,0,20.29,50,OK,0.1
2026-02-15T14:45:56.640Z,0,20.28,50,OK,0.1
2026-02-15T14:45:56.691Z,0,20.31,50,OK,0.1
2026-02-15T14:45:56.741Z,0,20.29,50,OK,0.1
2026-02-15T14:45:56.791Z,0,20.35,50,OK,0.1
2026-02-15T14:45:56.841Z,0,20.37,50,OK,0.1
2026-02-15T14:45:56.892Z,0,20.35,50,OK,0.1
2026-02-15T14:45:56.941Z,0,20.34,50,OK,0.1
2026-02-15T14:45:56.992Z,0,20.29,50,OK,0.1
2026-02-15T14:45:57.042Z,0,20.26,50,OK,0.1
2026-02-15T14:45:57.093Z,0,20.35,50,OK,0.1
2026-02-15T14:45:57.142Z,0,20.40,50,OK,0.1
2026-02-15T14:45:57.193Z,0,20.38,50,OK,0.1
2026-02-15T14:45:57.244Z,0,20.44,50,OK,0.1
2026-02-15T14:45:57.294Z,0,20.47,50,OK,0.1
2026-02-15T14:45:57.343Z,0,20.41,50,OK,0.1
2026-02-15T14:45:57.394Z,0,20.44,50,OK,0.1
2026-02-15T14:45:57.444Z,0,20.45,50,OK,0.1
2026-02-15T14:45:57.495Z,0,20.46,50,OK,0.1
2026-02-15T14:45:57.544Z,0,20.41,50,OK,0.1
2026-02-15T14:45:57.595Z,0,20.37,50,OK,0.1
2026-02-15T14:45:57.645Z,0,20.35,50,OK,0.1
2026-02-15T14:45:57.695Z,0,20.36,50,OK,0.1
2026-02-15T14:45:57.744Z,0,20.34,50,OK,0.1
2026-02-15T14:45:57.794Z,0,20.34,50,OK,0.1
2026-02-15T14:45:57.844Z,0,20.35,50,OK,0.1
2026-02-15T14:45:57.895Z,0,20.38,50,OK,0.1
2026-02-15T14:45:57.946Z,0,20.38,50,OK,0.1
2026-02-15T14:45:57.996Z,0,20.35,50,OK,0.1
2026-02-15T14:45:58.047Z,0,20.33,50,OK,0.1
2026-02-15T14:45:58.097Z,0,20.29,50,OK,0.1
2026-02-15T14:45:58.148Z,0,20.24,50,OK,0.1
2026-02-15T14:45:58.198Z,0,20.17,50,OK,0.1
2026-02-15T14:45:58.248Z,0,20.20,50,OK,0.1
2026-02-15T14:45:58.297Z,0,20.20,50,OK,0.1
2026-02-15T14:45:58.347Z,0,20.22,50,OK,0.1
2026-02-15T14:45:58.398Z,0,20.22,50,OK,0.1
2026-02-15T14:45:58.448Z,0,20.29,50,OK,0.1
2026-02-15T14:45:58.499Z,0,20.33,50,OK,0.1
2026-02-15T14:45:58.549Z,0,20.40,50,OK,0.1
2026-02-15T14:45:58.599Z,0,20.37,50,OK,0.1
2026-02-15T14:45:58.649Z,0,20.37,50,OK,0.1
2026-02-15T14:45:58.700Z,0,20.39,50,OK,0.1
2026-02-15T14:45:58.751Z,0,20.36,50,OK,0.1
2026-02-15T14:45:58.801Z,0,20.25,50,OK,0.1
2026-02-15T14:45:58.850Z,0,20.31,50,OK,0.1
2026-02-15T14:45:58.900Z,0,20.38,50,OK,0.1
2026-02-15T14:45:58.951Z,0,20.35,50,OK,0.1
2026-02-15T14:45:59.000Z,0,20.31,50,OK,0.1
2026-02-15T14:45:59.050Z,0,20.35,50,OK,0.1
2026-02-15T14:45:59.101Z,0,20.40,50,OK,0.1
2026-02-15T14:45:59.152Z,0,20.31,50,OK,0.1
2026-02-15T14:45:59.203Z,0,20.30,50,OK,0.1
2026-02-15T14:45:59.253Z,0,20.36,50,OK,0.1
2026-02-15T14:45:59.304Z,0,20.43,50,OK,0.1
2026-02-15T14:45:59.355Z,0,20.39,50,OK,0.1
2026-02-15T14:45:59.405Z,0,20.41,50,OK,0.1
2026-02-15T14:45:59.455Z,0,20.44,50,OK,0.1
2026-02-15T14:45:59.505Z,0,20.45,50,OK,0.1
2026-02-15T14:45:59.555Z,0,20.41,50,OK,0.1
2026-02-15T14:45:59.606Z,0,20.43,50,OK,0.1
2026-02-15T14:45:59.656Z,0,20.44,50,OK,0.1
2026-02-15T14:45:59.707Z,0,20.45,50,OK,0.1
2026-02-15T14:45:59.757Z,0,20.49,50,OK,0.1
2026-02-15T14:45:59.807Z,0,20.43,50,OK,0.1
2026-02-15T14:45:59.857Z,0,20.42,50,OK,0.1
2026-02-15T14:45:59.908Z,0,20.40,50,OK,0.1
2026-02-15T14:45:59.958Z,0,20.36,50,OK,0.1
2026-02-15T14:46:00.008Z,0,20.33,50,OK,0.1
2026-02-15T14:46:00.058Z,0,20.36,50,OK,0.1
2026-02-15T14:46:00.108Z,0,20.28,50,OK,0.1
2026-02-15T14:46:00.157Z,0,20.30,50,OK,0.1
2026-02-15T14:46:00.208Z,0,20.26,50,OK,0.1
2026-02-15T14:46:00.258Z,0,20.26,50,OK,0.1
2026-02-15T14:46:00.308Z,0,20.31,50,OK,0.1
2026-02-15T14:46:00.359Z,0,20.35,50,OK,0.1
2026-02-15T14:46:00.409Z,0,20.39,50,OK,0.1
2026-02-15T14:46:00.459Z,0,20.45,50,OK,0.1
2026-02-15T14:46:00.509Z,0,20.50,50,OK,0.1
2026-02-15T14:46:00.559Z,0,20.45,50,OK,0.1
2026-02-15T14:46:00.611Z,0,20.56,50,OK,0.1
2026-02-15T14:46:00.661Z,0,20.54,50,OK,0.1
2026-02-15T14:46:00.711Z,0,20.54,50,OK,0.1
2026-02-15T14:46:00.760Z,0,20.50,50,OK,0.1
2026-02-15T14:46:00.811Z,0,20.57,50,OK,0.1
2026-02-15T14:46:00.862Z,0,20.47,50,OK,0.1
2026-02-15T14:46:00.912Z,0,20.45,50,OK,0.1
2026-02-15T14:46:00.963Z,0,20.43,50,OK,0.1
2026-02-15T14:46:01.012Z,0,20.43,50,OK,0.1
2026-02-15T14:46:01.063Z,0,20.36,50,OK,0.1
2026-02-15T14:46:01.113Z,0,20.36,50,OK,0.1
2026-02-15T14:46:01.164Z,0,20.38,50,OK,0.1
2026-02-15T14:46:01.214Z,0,20.24,50,OK,0.1
2026-02-15T14:46:01.265Z,0,20.23,50,OK,0.1
2026-02-15T14:46:01.315Z,0,20.22,50,OK,0.1
2026-02-15T14:46:01.365Z,0,20.25,50,OK,0.1
2026-02-15T14:46:01.416Z,0,20.25,50,OK,0.1
2026-02-15T14:46:01.465Z,0,20.37,50,OK,0.1
2026-02-15T14:46:01.515Z,0,20.48,50,OK,0.1
2026-02-15T14:46:01.566Z,0,20.51,50,OK,0.1
2026-02-15T14:46:01.617Z,0,20.43,50,OK,0.1
2026-02-15T14:46:01.667Z,0,20.23,50,OK,0.1
2026-02-15T14:46:01.717Z,0,20.29,50,OK,0.1
2026-02-15T14:46:01.766Z,0,20.17,50,OK,0.1
2026-02-15T14:46:01.817Z,0,20.11,50,OK,0.1
2026-02-15T14:46:01.867Z,0,20.19,50,OK,0.1
2026-02-15T14:46:01.917Z,0,20.46,50,OK,0.1
2026-02-15T14:46:01.968Z,0,20.41,50,OK,0.1
2026-02-15T14:46:02.019Z,0,20.36,50,OK,0.1
2026-02-15T14:46:02.070Z,0,20.40,50,OK,0.1
2026-02-15T14:46:02.120Z,0,20.34,50,OK,0.1
2026-02-15T14:46:02.171Z,0,20.31,50,OK,0.1
2026-02-15T14:46:02.222Z,0,20.25,50,OK,0.1
2026-02-15T14:46:02.273Z,0,20.31,50,OK,0.1
2026-02-15T14:46:02.324Z,0,20.28,50,OK,0.1
2026-02-15T14:46:02.374Z,0,20.34,50,OK,0.1
2026-02-15T14:46:02.424Z,0,20.36,50,OK,0.1
2026-02-15T14:46:02.475Z,0,20.41,50,OK,0.1
2026-02-15T14:46:02.524Z,0,20.46,50,OK,0.1
2026-02-15T14:46:02.575Z,0,20.48,50,OK,0.1
2026-02-15T14:46:02.625Z,0,20.43,50,OK,0.1
2026-02-15T14:46:02.675Z,0,20.36,50,OK,0.1
2026-02-15T14:46:02.726Z,0,20.30,50,OK,0.1
2026-02-15T14:46:02.776Z,0,20.20,50,OK,0.1
2026-02-15T14:46:02.826Z,0,20.25,50,OK,0.1
2026-02-15T14:46:02.876Z,0,20.25,50,OK,0.1
2026-02-15T14:46:02.927Z,0,20.34,50,OK,0.1
2026-02-15T14:46:02.978Z,0,20.39,50,OK,0.1
2026-02-15T14:46:03.028Z,0,20.43,50,OK,0.1
2026-02-15T14:46:03.078Z,0,20.40,50,OK,0.1
2026-02-15T14:46:03.129Z,0,20.44,50,OK,0.1
2026-02-15T14:46:03.179Z,0,20.42,50,OK,0.1
2026-02-15T14:46:03.228Z,0,20.28,50,OK,0.1
2026-02-15T14:46:03.279Z,0,20.26,50,OK,0.1
2026-02-15T14:46:03.329Z,0,20.27,50,OK,0.1
2026-02-15T14:46:03.380Z,0,20.25,50,OK,0.1
2026-02-15T14:46:03.431Z,0,20.21,50,OK,0.1
2026-02-15T14:46:03.480Z,0,20.38,50,OK,0.1
2026-02-15T14:46:03.531Z,0,20.36,50,OK,0.1
2026-02-15T14:46:03.582Z,0,20.37,50,OK,0.1
2026-02-15T14:46:03.632Z,0,20.37,50,OK,0.1
2026-02-15T14:46:03.683Z,0,20.36,50,OK,0.1
2026-02-15T14:46:03.732Z,0,20.39,50,OK,0.1
2026-02-15T14:46:03.783Z,0,20.31,50,OK,0.1
2026-02-15T14:46:03.833Z,0,20.18,50,OK,0.1
2026-02-15T14:46:03.884Z,0,20.21,50,OK,0.1
2026-02-15T14:46:03.934Z,0,20.32,50,OK,0.1
2026-02-15T14:46:03.984Z,0,20.30,50,OK,0.1
2026-02-15T14:46:04.034Z,0,20.50,50,OK,0.1
2026-02-15T14:46:04.085Z,0,20.61,50,OK,0.1
2026-02-15T14:46:04.135Z,0,20.63,50,OK,0.1
2026-02-15T14:46:04.186Z,0,20.53,50,OK,0.1
2026-02-15T14:46:04.236Z,0,20.47,50,OK,0.1
2026-02-15T14:46:04.285Z,0,20.36,50,OK,0.1
2026-02-15T14:46:04.336Z,0,20.41,50,OK,0.1
2026-02-15T14:46:04.386Z,0,20.34,50,OK,0.1
2026-02-15T14:46:04.437Z,0,20.28,50,OK,0.1
2026-02-15T14:46:04.488Z,0,20.30,50,OK,0.1
2026-02-15T14:46:04.538Z,0,20.40,50,OK,0.1
2026-02-15T14:46:04.589Z,0,20.35,50,OK,0.1
2026-02-15T14:46:04.639Z,0,20.31,50,OK,0.1
2026-02-15T14:46:04.690Z,0,20.40,50,OK,0.1
2026-02-15T14:46:04.740Z,0,20.46,50,OK,0.1
2026-02-15T14:46:04.791Z,0,20.41,50,OK,0.1
2026-02-15T14:46:04.841Z,0,20.43,50,OK,0.1
2026-02-15T14:46:04.891Z,0,20.47,50,OK,0.1
2026-02-15T14:46:04.942Z,0,20.46,50,OK,0.1
2026-02-15T14:46:04.993Z,0,20.39,50,OK,0.1
2026-02-15T14:46:05.043Z,0,20.38,50,OK,0.1
2026-02-15T14:46:05.094Z,0,20.35,50,OK,0.1
2026-02-15T14:46:05.145Z,0,20.41,50,OK,0.1
2026-02-15T14:46:05.195Z,0,20.39,50,OK,0.1
2026-02-15T14:46:05.245Z,0,20.37,50,OK,0.1
2026-02-15T14:46:05.296Z,0,20.34,50,OK,0.1
2026-02-15T14:46:05.346Z,0,20.30,50,OK,0.1
2026-02-15T14:46:05.396Z,0,20.27,50,OK,0.1
2026-02-15T14:46:05.446Z,0,20.17,50,OK,0.1
2026-02-15T14:46:05.496Z,0,20.13,50,OK,0.1
2026-02-15T14:46:05.546Z,0,20.07,50,OK,0.1
2026-02-15T14:46:05.597Z,0,20.06,50,OK,0.1
2026-02-15T14:46:05.648Z,0,20.15,50,OK,0.1
2026-02-15T14:46:05.698Z,0,20.28,50,OK,0.1
2026-02-15T14:46:05.749Z,0,20.48,50,OK,0.1
2026-02-15T14:46:05.798Z,0,20.58,50,OK,0.1
2026-02-15T14:46:05.849Z,0,20.70,50,OK,0.1
2026-02-15T14:46:05.899Z,0,20.60,50,OK,0.1
2026-02-15T14:46:05.950Z,0,20.64,50,OK,0.1
2026-02-15T14:46:06.001Z,0,20.53,50,OK,0.1
2026-02-15T14:46:06.051Z,0,20.40,50,OK,0.1
2026-02-15T14:46:06.101Z,0,20.32,50,OK,0.1
2026-02-15T14:46:06.152Z,0,20.18,50,OK,0.1
2026-02-15T14:46:06.202Z,0,20.08,50,OK,0.1
2026-02-15T14:46:06.252Z,0,19.91,50,OK,0.1
2026-02-15T14:46:06.301Z,0,19.98,50,OK,0.1
2026-02-15T14:46:06.351Z,0,20.03,50,OK,0.1
2026-02-15T14:46:06.402Z,0,20.16,50,OK,0.1
2026-02-15T14:46:06.452Z,0,20.33,50,OK,0.1
2026-02-15T14:46:06.501Z,0,20.48,50,OK,0.1
2026-02-15T14:46:06.552Z,0,20.65,50,OK,0.1
2026-02-15T14:46:06.601Z,0,20.62,50,OK,0.1
2026-02-15T14:46:06.652Z,0,20.62,50,OK,0.1
2026-02-15T14:46:06.702Z,0,20.30,50,OK,0.1
2026-02-15T14:46:06.752Z,0,20.33,50,OK,0.1
2026-02-15T14:46:06.801Z,0,20.19,50,OK,0.1
2026-02-15T14:46:06.852Z,0,20.10,50,OK,0.1
2026-02-15T14:46:06.902Z,0,20.12,50,OK,0.1
2026-02-15T14:46:06.951Z,0,20.34,50,OK,0.1
2026-02-15T14:46:07.002Z,0,20.30,50,OK,0.1
2026-02-15T14:46:07.051Z,0,20.40,50,OK,0.1
2026-02-15T14:46:07.102Z,0,20.49,50,OK,0.1
2026-02-15T14:46:07.152Z,0,20.51,50,OK,0.1
2026-02-15T14:46:07.202Z,0,20.46,50,OK,0.1
2026-02-15T14:46:07.252Z,0,20.56,50,OK,0.1
2026-02-15T14:46:07.302Z,0,20.44,50,OK,0.1
2026-02-15T14:46:07.353Z,0,20.31,50,OK,0.1
2026-02-15T14:46:07.404Z,0,20.27,50,OK,0.1
2026-02-15T14:46:07.454Z,0,20.18,50,OK,0.1
2026-02-15T14:46:07.505Z,0,20.10,50,OK,0.1
2026-02-15T14:46:07.556Z,0,20.21,50,OK,0.1
2026-02-15T14:46:07.607Z,0,20.35,50,OK,0.1
2026-02-15T14:46:07.657Z,0,20.43,50,OK,0.1
2026-02-15T14:46:07.708Z,0,20.52,50,OK,0.1
2026-02-15T14:46:07.758Z,0,20.60,50,OK,0.1
2026-02-15T14:46:07.809Z,0,20.50,50,OK,0.1
2026-02-15T14:46:07.859Z,0,20.47,50,OK,0.1
2026-02-15T14:46:07.910Z,0,20.39,50,OK,0.1
2026-02-15T14:46:07.961Z,0,20.44,50,OK,0.1
2026-02-15T14:46:08.012Z,0,20.35,50,OK,0.1
2026-02-15T14:46:08.062Z,0,20.26,50,OK,0.1
2026-02-15T14:46:08.113Z,0,20.28,50,OK,0.1
2026-02-15T14:46:08.164Z,0,20.29,50,OK,0.1
2026-02-15T14:46:08.214Z,0,20.25,50,OK,0.1
2026-02-15T14:46:08.265Z,0,20.24,50,OK,0.1
2026-02-15T14:46:08.316Z,0,20.36,50,OK,0.1
2026-02-15T14:46:08.366Z,0,20.26,50,OK,0.1
2026-02-15T14:46:08.416Z,0,20.27,50,OK,0.1
2026-02-15T14:46:08.467Z,0,20.25,50,OK,0.1
2026-02-15T14:46:08.516Z,0,20.31,50,OK,0.1
2026-02-15T14:46:08.567Z,0,20.25,50,OK,0.1
2026-02-15T14:46:08.617Z,0,20.35,50,OK,0.1
2026-02-15T14:46:08.667Z,0,20.31,50,OK,0.1
2026-02-15T14:46:08.716Z,0,20.35,50,OK,0.1
2026-02-15T14:46:08.766Z,0,20.34,50,OK,0.1
2026-02-15T14:46:08.817Z,0,20.39,50,OK,0.1
2026-02-15T14:46:08.867Z,0,20.36,50,OK,0.1
2026-02-15T14:46:08.918Z,0,20.38,50,OK,0.1
2026-02-15T14:46:08.968Z,0,20.43,50,OK,0.1
2026-02-15T14:46:09.019Z,0,20.44,50,OK,0.1
2026-02-15T14:46:09.069Z,0,20.51,50,OK,0.1
2026-02-15T14:46:09.120Z,0,20.55,50,OK,0.1
2026-02-15T14:46:09.171Z,0,20.65,50,OK,0.1
2026-02-15T14:46:09.221Z,0,20.59,50,OK,0.1
2026-02-15T14:46:09.272Z,0,20.62,50,OK,0.1
2026-02-15T14:46:09.322Z,0,20.56,50,OK,0.1
2026-02-15T14:46:09.371Z,0,20.57,50,OK,0.1
2026-02-15T14:46:09.422Z,0,20.44,50,OK,0.1
2026-02-15T14:46:09.472Z,0,20.40,50,OK,0.1
2026-02-15T14:46:09.521Z,0,20.34,50,OK,0.1
2026-02-15T14:46:09.572Z,0,20.31,50,OK,0.1
2026-02-15T14:46:09.623Z,0,20.30,50,OK,0.1
2026-02-15T14:46:09.673Z,0,20.35,50,OK,0.1
2026-02-15T14:46:09.723Z,0,20.38,50,OK,0.1
2026-02-15T14:46:09.774Z,0,20.37,50,OK,0.1
2026-02-15T14:46:09.825Z,0,20.40,50,OK,0.1
2026-02-15T14:46:09.876Z,0,20.38,50,OK,0.1
2026-02-15T14:46:09.926Z,0,20.34,50,OK,0.1
2026-02-15T14:46:09.977Z,0,20.43,50,OK,0.1
2026-02-15T14:46:10.028Z,0,20.45,50,OK,0.1
2026-02-15T14:46:10.079Z,0,20.43,50,OK,0.1
2026-02-15T14:46:10.129Z,0,20.42,50,OK,0.1
2026-02-15T14:46:10.179Z,0,20.44,50,OK,0.1
2026-02-15T14:46:10.229Z,0,20.34,50,OK,0.1
2026-02-15T14:46:10.279Z,0,20.30,50,OK,0.1
2026-02-15T14:46:10.330Z,0,20.31,50,OK,0.1
2026-02-15T14:46:10.380Z,0,20.40,50,OK,0.1
2026-02-15T14:46:10.431Z,0,20.39,50,OK,0.1
2026-02-15T14:46:10.482Z,0,20.45,50,OK,0.1
2026-02-15T14:46:10.533Z,0,20.46,50,OK,0.1
2026-02-15T14:46:10.583Z,0,20.49,50,OK,0.1
2026-02-15T14:46:10.634Z,0,20.42,50,OK,0.1
2026-02-15T14:46:10.685Z,0,20.44,50,OK,0.1
2026-02-15T14:46:10.734Z,0,20.40,50,OK,0.1
2026-02-15T14:46:10.785Z,0,20.48,50,OK,0.1
2026-02-15T14:46:10.831Z,0,20.44,50,OK,0.1
2026-02-15T14:46:10.881Z,0,20.46,50,OK,0.1
2026-02-15T14:46:10.931Z,0,20.47,50,OK,0.1
2026-02-15T14:46:10.981Z,0,20.44,50,OK,0.1
2026-02-15T14:46:11.031Z,0,20.36,50,OK,0.1
2026-02-15T14:46:11.082Z,0,20.37,50,OK,0.1
2026-02-15T14:46:11.132Z,0,20.36,50,OK,0.1
2026-02-15T14:46:11.183Z,0,20.33,50,OK,0.1
2026-02-15T14:46:11.234Z,0,20.23,50,OK,0.1
2026-02-15T14:46:11.284Z,0,20.30,50,OK,0.1
2026-02-15T14:46:11.335Z,0,20.32,50,OK,0.1
2026-02-15T14:46:11.385Z,0,20.33,50,OK,0.1
2026-02-15T14:46:11.436Z,0,20.35,50,OK,0.1
2026-02-15T14:46:11.486Z,0,20.47,50,OK,0.1
2026-02-15T14:46:11.536Z,0,20.45,50,OK,0.1
2026-02-15T14:46:11.587Z,0,20.44,50,OK,0.1
2026-02-15T14:46:11.637Z,0,20.40,50,OK,0.1
2026-02-15T14:46:11.687Z,0,20.40,50,OK,0.1
2026-02-15T14:46:11.738Z,0,20.27,50,OK,0.1
2026-02-15T14:46:11.788Z,0,20.23,50,OK,0.1
2026-02-15T14:46:11.838Z,0,20.22,50,OK,0.1
2026-02-15T14:46:11.889Z,0,20.22,50,OK,0.1
2026-02-15T14:46:11.939Z,0,20.22,50,OK,0.1
2026-02-15T14:46:11.990Z,0,20.33,50,OK,0.1
2026-02-15T14:46:12.040Z,0,20.38,50,OK,0.1
2026-02-15T14:46:12.090Z,0,20.42,50,OK,0.1
2026-02-15T14:46:12.140Z,0,20.43,50,OK,0.1
2026-02-15T14:46:12.190Z,0,20.43,50,OK,0.1
2026-02-15T14:46:12.241Z,0,20.47,50,OK,0.1
2026-02-15T14:46:12.291Z,0,20.35,50,OK,0.1
2026-02-15T14:46:12.341Z,0,20.29,50,OK,0.1
2026-02-15T14:46:12.392Z,0,20.28,50,OK,0.1
2026-02-15T14:46:12.442Z,0,20.25,50,OK,0.1
2026-02-15T14:46:12.493Z,0,20.19,50,OK,0.1
2026-02-15T14:46:12.543Z,0,20.29,50,OK,0.1
2026-02-15T14:46:12.594Z,0,20.32,50,OK,0.1
2026-02-15T14:46:12.644Z,0,20.36,50,OK,0.1
2026-02-15T14:46:12.694Z,0,20.46,50,OK,0.1
2026-02-15T14:46:12.745Z,0,20.50,50,OK,0.1
2026-02-15T14:46:12.795Z,0,20.52,50,OK,0.1
2026-02-15T14:46:12.845Z,0,20.49,50,OK,0.1
2026-02-15T14:46:12.895Z,0,20.49,50,OK,0.1
2026-02-15T14:46:12.947Z,0,20.41,50,OK,0.1
2026-02-15T14:46:12.997Z,0,20.39,50,OK,0.1
2026-02-15T14:46:13.047Z,0,20.38,50,OK,0.1
2026-02-15T14:46:13.099Z,0,20.38,50,OK,0.1
2026-02-15T14:46:13.150Z,0,20.38,50,OK,0.1
2026-02-15T14:46:13.200Z,0,20.38,50,OK,0.1
2026-02-15T14:46:13.250Z,0,20.41,50,OK,0.1
2026-02-15T14:46:13.301Z,0,20.42,50,OK,0.1
2026-02-15T14:46:13.352Z,0,20.44,50,OK,0.1
2026-02-15T14:46:13.402Z,0,20.42,50,OK,0.1
2026-02-15T14:46:13.453Z,0,20.45,50,OK,0.1
2026-02-15T14:46:13.503Z,0,20.45,50,OK,0.1
2026-02-15T14:46:13.553Z,0,20.43,50,OK,0.1
2026-02-15T14:46:13.603Z,0,20.38,50,OK,0.1
2026-02-15T14:46:13.654Z,0,20.30,50,OK,0.1
2026-02-15T14:46:13.704Z,0,20.27,50,OK,0.1
2026-02-15T14:46:13.754Z,0,20.28,50,OK,0.1
2026-02-15T14:46:13.805Z,0,20.32,50,OK,0.1
2026-02-15T14:46:13.855Z,0,20.38,50,OK,0.1
2026-02-15T14:46:13.905Z,0,20.43,50,OK,0.1
2026-02-15T14:46:13.955Z,0,20.42,50,OK,0.1
2026-02-15T14:46:14.006Z,0,20.37,50,OK,0.1
2026-02-15T14:46:14.056Z,0,20.33,50,OK,0.1
2026-02-15T14:46:14.106Z,0,20.29,50,OK,0.1
2026-02-15T14:46:14.157Z,0,20.31,50,OK,0.1
2026-02-15T14:46:14.207Z,0,20.31,50,OK,0.1
2026-02-15T14:46:14.257Z,0,20.34,50,OK,0.1
2026-02-15T14:46:14.307Z,0,20.37,50,OK,0.1
2026-02-15T14:46:14.357Z,0,20.37,50,OK,0.1
2026-02-15T14:46:14.407Z,0,20.38,50,OK,0.1
2026-02-15T14:46:14.457Z,0,20.38,50,OK,0.1
2026-02-15T14:46:14.507Z,0,20.41,50,OK,0.1
2026-02-15T14:46:14.556Z,0,20.38,50,OK,0.1
2026-02-15T14:46:14.608Z,0,20.30,50,OK,0.1
2026-02-15T14:46:14.658Z,0,20.28,50,OK,0.1
2026-02-15T14:46:14.708Z,0,20.31,50,OK,0.1
2026-02-15T14:46:14.758Z,0,20.27,50,OK,0.1
2026-02-15T14:46:14.808Z,0,20.25,50,OK,0.1
2026-02-15T14:46:14.858Z,0,20.38,50,OK,0.1
2026-02-15T14:46:14.908Z,0,20.40,50,OK,0.1
2026-02-15T14:46:14.958Z,0,20.40,50,OK,0.1
2026-02-15T14:46:15.007Z,0,20.40,50,OK,0.1
2026-02-15T14:46:15.058Z,0,20.43,50,OK,0.1
2026-02-15T14:46:15.108Z,0,20.42,50,OK,0.1
2026-02-15T14:46:15.159Z,0,20.45,50,OK,0.1
2026-02-15T14:46:15.210Z,0,20.40,50,OK,0.1
2026-02-15T14:46:15.260Z,0,20.44,50,OK,0.1
2026-02-15T14:46:15.310Z,0,20.42,50,OK,0.1
2026-02-15T14:46:15.360Z,0,20.40,50,OK,0.1
2026-02-15T14:46:15.411Z,0,20.42,50,OK,0.1
2026-02-15T14:46:15.461Z,0,20.44,50,OK,0.1
2026-02-15T14:46:15.511Z,0,20.44,50,OK,0.1
2026-02-15T14:46:15.561Z,0,20.44,50,OK,0.1
2026-02-15T14:46:15.611Z,0,20.44,50,OK,0.1
2026-02-15T14:46:15.662Z,0,20.41,50,OK,0.1
2026-02-15T14:46:15.713Z,0,20.39,50,OK,0.1
2026-02-15T14:46:15.764Z,0,20.40,50,OK,0.1
2026-02-15T14:46:15.814Z,0,20.39,50,OK,0.1
2026-02-15T14:46:15.865Z,0,20.33,50,OK,0.1
2026-02-15T14:46:15.915Z,0,20.30,50,OK,0.1
2026-02-15T14:46:15.965Z,0,20.37,50,OK,0.1
2026-02-15T14:46:16.016Z,0,20.32,50,OK,0.1
2026-02-15T14:46:16.067Z,0,20.32,50,OK,0.1
2026-02-15T14:46:16.117Z,0,20.36,50,OK,0.1
2026-02-15T14:46:16.167Z,0,20.33,50,OK,0.1
2026-02-15T14:46:16.218Z,0,20.31,50,OK,0.1
2026-02-15T14:46:16.268Z,0,20.29,50,OK,0.1
2026-02-15T14:46:16.318Z,0,20.29,50,OK,0.1
2026-02-15T14:46:16.369Z,0,20.29,50,OK,0.1
2026-02-15T14:46:16.420Z,0,20.32,50,OK,0.1
2026-02-15T14:46:16.470Z,0,20.28,50,OK,0.1
2026-02-15T14:46:16.520Z,0,20.33,50,OK,0.1
2026-02-15T14:46:16.571Z,0,20.36,50,OK,0.1
2026-02-15T14:46:16.621Z,0,20.38,50,OK,0.1
2026-02-15T14:46:16.672Z,0,20.42,50,OK,0.1
2026-02-15T14:46:16.723Z,0,20.43,50,OK,0.1
2026-02-15T14:46:16.773Z,0,20.25,50,OK,0.1
2026-02-15T14:46:16.823Z,0,20.22,50,OK,0.1
2026-02-15T14:46:16.874Z,0,20.27,50,OK,0.1
2026-02-15T14:46:16.924Z,0,20.24,50,OK,0.1
2026-02-15T14:46:16.974Z,0,20.09,50,OK,0.1
2026-02-15T14:46:17.024Z,0,20.23,50,OK,0.1
2026-02-15T14:46:17.074Z,0,20.26,50,OK,0.1
2026-02-15T14:46:17.126Z,0,20.18,50,OK,0.1
2026-02-15T14:46:17.176Z,0,20.23,50,OK,0.1
2026-02-15T14:46:17.227Z,0,20.48,50,OK,0.1
2026-02-15T14:46:17.277Z,0,20.60,50,OK,0.1
2026-02-15T14:46:17.327Z,0,20.63,50,OK,0.1
2026-02-15T14:46:17.378Z,0,20.58,50,OK,0.1
2026-02-15T14:46:17.428Z,0,20.36,50,OK,0.1
2026-02-15T14:46:17.480Z,0,20.29,50,OK,0.1
2026-02-15T14:46:17.530Z,0,20.17,50,OK,0.1
2026-02-15T14:46:17.581Z,0,20.18,50,OK,0.1
2026-02-15T14:46:17.631Z,0,20.25,50,OK,0.1
2026-02-15T14:46:17.681Z,0,20.50,50,OK,0.1
2026-02-15T14:46:17.733Z,0,20.48,50,OK,0.1
2026-02-15T14:46:17.784Z,0,20.49,50,OK,0.1
2026-02-15T14:46:17.834Z,0,20.43,50,OK,0.1
2026-02-15T14:46:17.885Z,0,20.36,50,OK,0.1
2026-02-15T14:46:17.935Z,0,20.29,50,OK,0.1
2026-02-15T14:46:17.986Z,0,20.31,50,OK,0.1
2026-02-15T14:46:18.036Z,0,20.29,50,OK,0.1
2026-02-15T14:46:18.086Z,0,20.47,50,OK,0.1
2026-02-15T14:46:18.137Z,0,20.56,50,OK,0.1
2026-02-15T14:46:18.188Z,0,20.56,50,OK,0.1
2026-02-15T14:46:18.239Z,0,20.55,50,OK,0.1
2026-02-15T14:46:18.289Z,0,20.62,50,OK,0.1
2026-02-15T14:46:18.339Z,0,20.50,50,OK,0.1
2026-02-15T14:46:18.390Z,0,20.39,50,OK,0.1
2026-02-15T14:46:18.440Z,0,20.33,50,OK,0.1
2026-02-15T14:46:18.490Z,0,20.26,50,OK,0.1
2026-02-15T14:46:18.541Z,0,20.20,50,OK,0.1
2026-02-15T14:46:18.591Z,0,20.22,50,OK,0.1
2026-02-15T14:46:18.642Z,0,20.35,50,OK,0.1
2026-02-15T14:46:18.692Z,0,20.50,50,OK,0.1
2026-02-15T14:46:18.742Z,0,20.56,50,OK,0.1
2026-02-15T14:46:18.792Z,0,20.42,50,OK,0.1
2026-02-15T14:46:18.842Z,0,20.33,50,OK,0.1
2026-02-15T14:46:18.892Z,0,20.35,50,OK,0.1
2026-02-15T14:46:18.943Z,0,20.25,50,OK,0.1
2026-02-15T14:46:18.994Z,0,20.07,50,OK,0.1
2026-02-15T14:46:19.044Z,0,20.22,50,OK,0.1
2026-02-15T14:46:19.094Z,0,20.34,50,OK,0.1
2026-02-15T14:46:19.144Z,0,20.27,50,OK,0.1
2026-02-15T14:46:19.194Z,0,20.13,50,OK,0.1
2026-02-15T14:46:19.245Z,0,20.29,50,OK,0.1
2026-02-15T14:46:19.295Z,0,20.19,50,OK,0.1
2026-02-15T14:46:19.347Z,0,20.11,50,OK,0.1
2026-02-15T14:46:19.397Z,0,20.18,50,OK,0.1
2026-02-15T14:46:19.447Z,0,20.35,50,OK,0.1
2026-02-15T14:46:19.498Z,0,20.46,50,OK,0.1
2026-02-15T14:46:19.548Z,0,20.59,50,OK,0.1
2026-02-15T14:46:19.598Z,0,20.61,50,OK,0.1
2026-02-15T14:46:19.648Z,0,20.57,50,OK,0.1
2026-02-15T14:46:19.698Z,0,20.60,50,OK,0.1
2026-02-15T14:46:19.749Z,0,20.49,50,OK,0.1
2026-02-15T14:46:19.799Z,0,20.37,50,OK,0.1
2026-02-15T14:46:19.849Z,0,20.12,50,OK,0.1
2026-02-15T14:46:19.899Z,0,20.10,50,OK,0.1
2026-02-15T14:46:19.949Z,0,20.06,50,OK,0.1
2026-02-15T14:46:19.999Z,0,20.03,50,OK,0.1
2026-02-15T14:46:20.050Z,0,20.15,50,OK,0.1
2026-02-15T14:46:20.100Z,0,20.35,50,OK,0.1
2026-02-15T14:46:20.150Z,0,20.33,50,OK,0.1
2026-02-15T14:46:20.200Z,0,20.29,50,OK,0.1
2026-02-15T14:46:20.251Z,0,20.34,50,OK,0.1
2026-02-15T14:46:20.301Z,0,20.28,50,OK,0.1
2026-02-15T14:46:20.353Z,0,20.32,50,OK,0.1
2026-02-15T14:46:20.403Z,0,20.44,50,OK,0.1
2026-02-15T14:46:20.454Z,0,20.39,50,OK,0.1
2026-02-15T14:46:20.504Z,0,20.32,50,OK,0.1
2026-02-15T14:46:20.555Z,0,20.36,50,OK,0.1
2026-02-15T14:46:20.605Z,0,20.26,50,OK,0.1
2026-02-15T14:46:20.655Z,0,20.17,50,OK,0.1
2026-02-15T14:46:20.706Z,0,20.38,50,OK,0.1
2026-02-15T14:46:20.756Z,0,20.41,50,OK,0.1
2026-02-15T14:46:20.806Z,0,20.54,50,OK,0.1
2026-02-15T14:46:20.857Z,0,20.67,50,OK,0.1
2026-02-15T14:46:20.907Z,0,20.74,50,OK,0.1
2026-02-15T14:46:20.957Z,0,20.58,50,OK,0.1
2026-02-15T14:46:21.007Z,0,20.69,50,OK,0.1
2026-02-15T14:46:21.058Z,0,20.57,50,OK,0.1
2026-02-15T14:46:21.108Z,0,20.41,50,OK,0.1
2026-02-15T14:46:21.159Z,0,20.32,50,OK,0.1
2026-02-15T14:46:21.209Z,0,20.45,50,OK,0.1
2026-02-15T14:46:21.260Z,0,20.37,50,OK,0.1
2026-02-15T14:46:21.312Z,0,20.47,50,OK,0.1
2026-02-15T14:46:21.362Z,0,20.58,50,OK,0.1
2026-02-15T14:46:21.412Z,0,20.60,50,OK,0.1
2026-02-15T14:46:21.463Z,0,20.48,50,OK,0.1
2026-02-15T14:46:21.514Z,0,20.49,50,OK,0.1
2026-02-15T14:46:21.565Z,0,20.42,50,OK,0.1
2026-02-15T14:46:21.616Z,0,20.37,50,OK,0.1
2026-02-15T14:46:21.666Z,0,20.35,50,OK,0.1
2026-02-15T14:46:21.716Z,0,20.34,50,OK,0.1
2026-02-15T14:46:21.767Z,0,20.31,50,OK,0.1
2026-02-15T14:46:21.817Z,0,20.27,50,OK,0.1
2026-02-15T14:46:21.868Z,0,20.26,50,OK,0.1
2026-02-15T14:46:21.917Z,0,20.25,50,OK,0.1
2026-02-15T14:46:21.968Z,0,20.23,50,OK,0.1
2026-02-15T14:46:22.019Z,0,20.23,50,OK,0.1
2026-02-15T14:46:22.070Z,0,20.22,50,OK,0.1
2026-02-15T14:46:22.120Z,0,20.22,50,OK,0.1
2026-02-15T14:46:22.170Z,0,20.25,50,OK,0.1
2026-02-15T14:46:22.220Z,0,20.26,50,OK,0.1
2026-02-15T14:46:22.271Z,0,20.28,50,OK,0.1
2026-02-15T14:46:22.321Z,0,20.34,50,OK,0.1
2026-02-15T14:46:22.371Z,0,20.37,50,OK,0.1
2026-02-15T14:46:22.422Z,0,20.34,50,OK,0.1
2026-02-15T14:46:22.474Z,0,20.40,50,OK,0.1
2026-02-15T14:46:22.524Z,0,20.44,50,OK,0.1
2026-02-15T14:46:22.575Z,0,20.38,50,OK,0.1
2026-02-15T14:46:22.626Z,0,20.33,50,OK,0.1
2026-02-15T14:46:22.676Z,0,20.33,50,OK,0.1
2026-02-15T14:46:22.726Z,0,20.28,50,OK,0.1
2026-02-15T14:46:22.777Z,0,20.24,50,OK,0.1
2026-02-15T14:46:22.827Z,0,20.26,50,OK,0.1
2026-02-15T14:46:22.877Z,0,20.28,50,OK,0.1
2026-02-15T14:46:22.927Z,0,20.30,50,OK,0.1
2026-02-15T14:46:22.977Z,0,20.32,50,OK,0.1
2026-02-15T14:46:23.027Z,0,20.19,50,OK,0.1
2026-02-15T14:46:23.076Z,0,20.18,50,OK,0.1
2026-02-15T14:46:23.127Z,0,20.19,50,OK,0.1
2026-02-15T14:46:23.178Z,0,20.20,50,OK,0.1
2026-02-15T14:46:23.229Z,0,20.15,50,OK,0.1
2026-02-15T14:46:23.280Z,0,20.24,50,OK,0.1
2026-02-15T14:46:23.330Z,0,20.20,50,OK,0.1
2026-02-15T14:46:23.381Z,0,20.21,50,OK,0.1
2026-02-15T14:46:23.432Z,0,20.24,50,OK,0.1
2026-02-15T14:46:23.483Z,0,20.29,50,OK,0.1
2026-02-15T14:46:23.534Z,0,20.29,50,OK,0.1
2026-02-15T14:46:23.586Z,0,20.41,50,OK,0.1
2026-02-15T14:46:23.636Z,0,20.30,50,OK,0.1
2026-02-15T14:46:23.687Z,0,20.26,50,OK,0.1
2026-02-15T14:46:23.737Z,0,20.22,50,OK,0.1
2026-02-15T14:46:23.787Z,0,20.08,50,OK,0.1
2026-02-15T14:46:23.837Z,0,20.09,50,OK,0.1
2026-02-15T14:46:23.887Z,0,20.17,50,OK,0.1
2026-02-15T14:46:23.937Z,0,20.23,50,OK,0.1
2026-02-15T14:46:23.987Z,0,20.25,50,OK,0.1
2026-02-15T14:46:24.037Z,0,20.41,50,OK,0.1
2026-02-15T14:46:24.087Z,0,20.34,50,OK,0.1
2026-02-15T14:46:24.138Z,0,20.35,50,OK,0.1
2026-02-15T14:46:24.188Z,0,20.29,50,OK,0.1
2026-02-15T14:46:24.239Z,0,20.30,50,OK,0.1
2026-02-15T14:46:24.289Z,0,20.31,50,OK,0.1
2026-02-15T14:46:24.340Z,0,20.35,50,OK,0.1
2026-02-15T14:46:24.390Z,0,20.37,50,OK,0.1
2026-02-15T14:46:24.440Z,0,20.38,50,OK,0.1
2026-02-15T14:46:24.491Z,0,20.37,50,OK,0.1
2026-02-15T14:46:24.541Z,0,20.39,50,OK,0.1
2026-02-15T14:46:24.592Z,0,20.41,50,OK,0.1
2026-02-15T14:46:24.642Z,0,20.43,50,OK,0.1
2026-02-15T14:46:24.693Z,0,20.42,50,OK,0.1
2026-02-15T14:46:24.744Z,0,20.42,50,OK,0.1
2026-02-15T14:46:24.795Z,0,20.42,50,OK,0.1
2026-02-15T14:46:24.846Z,0,20.39,50,OK,0.1
2026-02-15T14:46:24.896Z,0,20.41,50,OK,0.1
2026-02-15T14:46:24.948Z,0,20.42,50,OK,0.1
2026-02-15T14:46:24.998Z,0,20.39,50,OK,0.1
2026-02-15T14:46:25.048Z,0,20.34,50,OK,0.1
2026-02-15T14:46:25.098Z,0,20.35,50,OK,0.1
2026-02-15T14:46:25.148Z,0,20.32,50,OK,0.1
2026-02-15T14:46:25.199Z,0,20.26,50,OK,0.1
2026-02-15T14:46:25.250Z,0,20.28,50,OK,0.1
2026-02-15T14:46:25.300Z,0,20.30,50,OK,0.1
2026-02-15T14:46:25.350Z,0,20.30,50,OK,0.1
2026-02-15T14:46:25.400Z,0,20.28,50,OK,0.1
2026-02-15T14:46:25.450Z,0,20.32,50,OK,0.1
2026-02-15T14:46:25.500Z,0,20.34,50,OK,0.1
2026-02-15T14:46:25.550Z,0,20.35,50,OK,0.1
2026-02-15T14:46:25.600Z,0,20.38,50,OK,0.1
2026-02-15T14:46:25.650Z,0,20.40,50,OK,0.1
2026-02-15T14:46:25.700Z,0,20.45,50,OK,0.1
2026-02-15T14:46:25.750Z,0,20.51,50,OK,0.1
2026-02-15T14:46:25.800Z,0,20.51,50,OK,0.1
2026-02-15T14:46:25.850Z,0,20.51,50,OK,0.1
2026-02-15T14:46:25.900Z,0,20.50,50,OK,0.1
2026-02-15T14:46:25.950Z,0,20.46,50,OK,0.1
2026-02-15T14:46:26.000Z,0,20.38,50,OK,0.1
2026-02-15T14:46:26.051Z,0,20.36,50,OK,0.1
2026-02-15T14:46:26.101Z,0,20.26,50,OK,0.1
2026-02-15T14:46:26.151Z,0,20.23,50,OK,0.1
2026-02-15T14:46:26.202Z,0,20.20,50,OK,0.1
2026-02-15T14:46:26.252Z,0,20.20,50,OK,0.1
2026-02-15T14:46:26.302Z,0,20.20,50,OK,0.1
2026-02-15T14:46:26.353Z,0,20.27,50,OK,0.1
2026-02-15T14:46:26.403Z,0,20.34,50,OK,0.1
2026-02-15T14:46:26.453Z,0,20.38,50,OK,0.1
2026-02-15T14:46:26.503Z,0,20.40,50,OK,0.1
2026-02-15T14:46:26.553Z,0,20.42,50,OK,0.1
2026-02-15T14:46:26.603Z,0,20.31,50,OK,0.1
2026-02-15T14:46:26.653Z,0,20.27,50,OK,0.1
2026-02-15T14:46:26.704Z,0,20.23,50,OK,0.1
2026-02-15T14:46:26.754Z,0,20.21,50,OK,0.1
2026-02-15T14:46:26.804Z,0,20.21,50,OK,0.1
2026-02-15T14:46:26.855Z,0,20.28,50,OK,0.1
2026-02-15T14:46:26.905Z,0,20.32,50,OK,0.1
2026-02-15T14:46:26.955Z,0,20.38,50,OK,0.1
2026-02-15T14:46:27.005Z,0,20.39,50,OK,0.1
2026-02-15T14:46:27.055Z,0,20.38,50,OK,0.1
2026-02-15T14:46:27.105Z,0,20.37,50,OK,0.1
2026-02-15T14:46:27.155Z,0,20.35,50,OK,0.1
2026-02-15T14:46:27.205Z,0,20.35,50,OK,0.1
2026-02-15T14:46:27.256Z,0,20.35,50,OK,0.1
2026-02-15T14:46:27.306Z,0,20.37,50,OK,0.1
2026-02-15T14:46:27.356Z,0,20.39,50,OK,0.1
2026-02-15T14:46:27.407Z,0,20.40,50,OK,0.1
2026-02-15T14:46:27.458Z,0,20.35,50,OK,0.1
2026-02-15T14:46:27.508Z,0,20.27,50,OK,0.1
2026-02-15T14:46:27.558Z,0,20.38,50,OK,0.1
2026-02-15T14:46:27.609Z,0,20.44,50,OK,0.1
2026-02-15T14:46:27.659Z,0,20.41,50,OK,0.1
2026-02-15T14:46:27.709Z,0,20.39,50,OK,0.1
2026-02-15T14:46:27.759Z,0,20.46,50,OK,0.1
2026-02-15T14:46:27.809Z,0,20.34,50,OK,0.1
2026-02-15T14:46:27.860Z,0,20.30,50,OK,0.1
2026-02-15T14:46:27.910Z,0,20.27,50,OK,0.1
2026-02-15T14:46:27.960Z,0,20.30,50,OK,0.1
2026-02-15T14:46:28.011Z,0,20.29,50,OK,0.1
2026-02-15T14:46:28.060Z,0,20.26,50,OK,0.1
2026-02-15T14:46:28.111Z,0,20.24,50,OK,0.1
2026-02-15T14:46:28.162Z,0,20.27,50,OK,0.1
2026-02-15T14:46:28.212Z,0,20.28,50,OK,0.1
2026-02-15T14:46:28.263Z,0,20.32,50,OK,0.1
2026-02-15T14:46:28.313Z,0,20.35,50,OK,0.1
2026-02-15T14:46:28.363Z,0,20.34,50,OK,0.1
2026-02-15T14:46:28.414Z,0,20.33,50,OK,0.1
2026-02-15T14:46:28.464Z,0,20.32,50,OK,0.1
2026-02-15T14:46:28.514Z,0,20.35,50,OK,0.1
2026-02-15T14:46:28.566Z,0,20.35,50,OK,0.1
2026-02-15T14:46:28.616Z,0,20.42,50,OK,0.1
2026-02-15T14:46:28.666Z,0,20.41,50,OK,0.1
2026-02-15T14:46:28.718Z,0,20.39,50,OK,0.1
2026-02-15T14:46:28.768Z,0,20.37,50,OK,0.1
2026-02-15T14:46:28.818Z,0,20.36,50,OK,0.1
2026-02-15T14:46:28.868Z,0,20.30,50,OK,0.1
2026-02-15T14:46:28.918Z,0,20.37,50,OK,0.1
2026-02-15T14:46:28.967Z,0,20.40,50,OK,0.1
2026-02-15T14:46:29.018Z,0,20.37,50,OK,0.1
2026-02-15T14:46:29.068Z,0,20.36,50,OK,0.1
2026-02-15T14:46:29.118Z,0,20.40,50,OK,0.1
2026-02-15T14:46:29.169Z,0,20.39,50,OK,0.1
2026-02-15T14:46:29.220Z,0,20.46,50,OK,0.1
2026-02-15T14:46:29.270Z,0,20.45,50,OK,0.1
2026-02-15T14:46:29.320Z,0,20.49,50,OK,0.1
2026-02-15T14:46:29.370Z,0,20.44,50,OK,0.1
2026-02-15T14:46:29.421Z,0,20.34,50,OK,0.1
2026-02-15T14:46:29.471Z,0,20.26,50,OK,0.1
2026-02-15T14:46:29.522Z,0,20.17,50,OK,0.1
2026-02-15T14:46:29.572Z,0,20.14,50,OK,0.1
2026-02-15T14:46:29.622Z,0,20.16,50,OK,0.1
2026-02-15T14:46:29.672Z,0,20.21,50,OK,0.1
2026-02-15T14:46:29.722Z,0,20.15,50,OK,0.1
2026-02-15T14:46:29.772Z,0,20.25,50,OK,0.1
2026-02-15T14:46:29.823Z,0,20.23,50,OK,0.1
2026-02-15T14:46:29.874Z,0,20.21,50,OK,0.1
2026-02-15T14:46:29.924Z,0,20.26,50,OK,0.1
2026-02-15T14:46:29.974Z,0,20.29,50,OK,0.1
2026-02-15T14:46:30.024Z,0,20.20,50,OK,0.1
2026-02-15T14:46:30.074Z,0,20.20,50,OK,0.1
2026-02-15T14:46:30.125Z,0,20.18,50,OK,0.1
2026-02-15T14:46:30.176Z,0,20.13,50,OK,0.1
2026-02-15T14:46:30.226Z,0,20.17,50,OK,0.1
2026-02-15T14:46:30.276Z,0,20.28,50,OK,0.1
2026-02-15T14:46:30.327Z,0,20.26,50,OK,0.1
2026-02-15T14:46:30.377Z,0,20.14,50,OK,0.1
2026-02-15T14:46:30.428Z,0,20.20,50,OK,0.1
2026-02-15T14:46:30.478Z,0,20.22,50,OK,0.1
2026-02-15T14:46:30.528Z,0,20.20,50,OK,0.1
2026-02-15T14:46:30.579Z,0,20.26,50,OK,0.1
2026-02-15T14:46:30.629Z,0,20.43,50,OK,0.1
2026-02-15T14:46:30.680Z,0,20.46,50,OK,0.1
2026-02-15T14:46:30.730Z,0,20.45,50,OK,0.1
2026-02-15T14:46:30.781Z,0,20.45,50,OK,0.1
2026-02-15T14:46:30.832Z,0,20.41,50,OK,0.1
2026-02-15T14:46:30.882Z,0,20.38,50,OK,0.1
2026-02-15T14:46:30.932Z,0,20.29,50,OK,0.1
2026-02-15T14:46:30.982Z,0,20.26,50,OK,0.1
2026-02-15T14:46:31.032Z,0,20.27,50,OK,0.1
2026-02-15T14:46:31.083Z,0,20.29,50,OK,0.1
2026-02-15T14:46:31.133Z,0,20.28,50,OK,0.1
2026-02-15T14:46:31.183Z,0,20.31,50,OK,0.1
2026-02-15T14:46:31.233Z,0,20.34,50,OK,0.1
2026-02-15T14:46:31.283Z,0,20.35,50,OK,0.1
2026-02-15T14:46:31.334Z,0,20.34,50,OK,0.1
2026-02-15T14:46:31.385Z,0,20.38,50,OK,0.1
2026-02-15T14:46:31.436Z,0,20.38,50,OK,0.1
2026-02-15T14:46:31.486Z,0,20.37,50,OK,0.1
2026-02-15T14:46:31.536Z,0,20.35,50,OK,0.1
2026-02-15T14:46:31.586Z,0,20.34,50,OK,0.1
2026-02-15T14:46:31.636Z,0,20.42,50,OK,0.1
2026-02-15T14:46:31.686Z,0,20.38,50,OK,0.1
2026-02-15T14:46:31.737Z,0,20.44,50,OK,0.1
2026-02-15T14:46:31.787Z,0,20.43,50,OK,0.1
2026-02-15T14:46:31.837Z,0,20.46,50,OK,0.1
2026-02-15T14:46:31.888Z,0,20.38,50,OK,0.1
2026-02-15T14:46:31.938Z,0,20.50,50,OK,0.1
2026-02-15T14:46:31.988Z,0,20.45,50,OK,0.1
2026-02-15T14:46:32.038Z,0,20.50,50,OK,0.1
2026-02-15T14:46:32.089Z,0,20.46,50,OK,0.1
2026-02-15T14:46:32.139Z,0,20.50,50,OK,0.1
2026-02-15T14:46:32.188Z,0,20.40,50,OK,0.1
2026-02-15T14:46:32.239Z,0,20.43,50,OK,0.1
2026-02-15T14:46:32.289Z,0,20.38,50,OK,0.1
2026-02-15T14:46:32.339Z,0,20.34,50,OK,0.1
2026-02-15T14:46:32.389Z,0,20.30,50,OK,0.1
2026-02-15T14:46:32.439Z,0,20.28,50,OK,0.1
2026-02-15T14:46:32.489Z,0,20.28,50,OK,0.1
2026-02-15T14:46:32.539Z,0,20.30,50,OK,0.1
2026-02-15T14:46:32.590Z,0,20.34,50,OK,0.1
2026-02-15T14:46:32.640Z,0,20.34,50,OK,0.1
2026-02-15T14:46:32.690Z,0,20.34,50,OK,0.1
2026-02-15T14:46:32.740Z,0,20.29,50,OK,0.1
2026-02-15T14:46:32.791Z,0,20.28,50,OK,0.1
2026-02-15T14:46:32.841Z,0,20.28,50,OK,0.1
2026-02-15T14:46:32.891Z,0,20.27,50,OK,0.1
2026-02-15T14:46:32.942Z,0,20.29,50,OK,0.1
2026-02-15T14:46:32.992Z,0,20.29,50,OK,0.1
2026-02-15T14:46:33.042Z,0,20.36,50,OK,0.1
2026-02-15T14:46:33.092Z,0,20.35,50,OK,0.1
2026-02-15T14:46:33.142Z,0,20.19,50,OK,0.1
2026-02-15T14:46:33.192Z,0,20.18,50,OK,0.1
2026-02-15T14:46:33.242Z,0,20.24,50,OK,0.1
2026-02-15T14:46:33.292Z,0,20.18,50,OK,0.1
2026-02-15T14:46:33.343Z,0,20.03,50,OK,0.1
2026-02-15T14:46:33.393Z,0,20.21,50,OK,0.1
2026-02-15T14:46:33.444Z,0,20.06,50,OK,0.1
2026-02-15T14:46:33.494Z,0,20.00,50,OK,0.1
2026-02-15T14:46:33.545Z,0,19.89,50,OK,0.1
2026-02-15T14:46:33.595Z,0,20.03,50,OK,0.1
2026-02-15T14:46:33.646Z,0,19.80,50,OK,0.1
