Timestamp,Active,QueueSize,Real_Lag,Limit,Mode,Throughput,Zombies
2026-02-18T06:00:57.322Z,0,0,40.33,9,LAG_SHRINK,0,0
2026-02-18T06:00:57.372Z,0,0,20.28,9,HOLD_2.8s,0,0
2026-02-18T06:00:57.422Z,0,0,20.37,9,HOLD_2.8s,0,0
2026-02-18T06:00:57.473Z,0,0,20.36,9,HOLD_2.8s,0,0
2026-02-18T06:00:57.524Z,0,0,20.29,9,HOLD_2.8s,0,0
2026-02-18T06:00:57.574Z,0,0,20.56,9,HOLD_2.8s,0,0
2026-02-18T06:00:57.625Z,0,0,20.24,9,HOLD_2.8s,0,0
2026-02-18T06:00:57.674Z,0,0,19.82,9,HOLD_2.8s,0,0
2026-02-18T06:00:57.725Z,0,0,20.60,9,HOLD_2.8s,0,0
2026-02-18T06:00:57.774Z,0,0,20.34,9,HOLD_2.8s,0,0
2026-02-18T06:00:57.824Z,0,0,20.41,9,HOLD_2.8s,0,0
2026-02-18T06:00:57.875Z,0,0,20.34,9,HOLD_2.8s,0,0
2026-02-18T06:00:57.926Z,0,0,19.82,9,HOLD_2.8s,0,0
2026-02-18T06:00:57.977Z,0,0,20.00,9,HOLD_2.8s,0,0
2026-02-18T06:00:58.027Z,0,0,20.47,9,HOLD_2.8s,0,0
2026-02-18T06:00:58.077Z,0,0,20.20,9,HOLD_2.8s,0,0
2026-02-18T06:00:58.128Z,0,0,20.21,9,HOLD_2.8s,0,0
2026-02-18T06:00:58.179Z,0,0,20.50,9,HOLD_2.8s,0,0
2026-02-18T06:00:58.230Z,0,0,20.62,9,HOLD_2.8s,0,0
2026-02-18T06:00:58.280Z,0,0,20.12,9,HOLD_2.8s,0,0
2026-02-18T06:00:58.330Z,0,0,20.34,9,HOLD_2.8s,0,0
2026-02-18T06:00:58.381Z,0,0,20.28,9,HOLD_2.8s,0,0
2026-02-18T06:00:58.432Z,0,0,20.29,9,HOLD_2.8s,0,0
2026-02-18T06:00:58.483Z,0,0,20.23,9,HOLD_2.8s,0,0
2026-02-18T06:00:58.533Z,0,0,20.52,9,HOLD_2.8s,0,0
2026-02-18T06:00:58.583Z,0,0,20.06,9,HOLD_2.8s,0,0
2026-02-18T06:00:58.634Z,0,0,20.32,9,HOLD_2.8s,0,0
2026-02-18T06:00:58.683Z,0,0,19.89,9,HOLD_2.8s,0,0
2026-02-18T06:00:58.734Z,0,0,20.21,9,HOLD_2.8s,0,0
2026-02-18T06:00:58.784Z,0,0,20.49,9,HOLD_2.8s,0,0
2026-02-18T06:00:58.835Z,0,0,20.14,9,HOLD_2.8s,0,0
2026-02-18T06:00:58.886Z,0,0,20.49,9,HOLD_2.8s,0,0
2026-02-18T06:00:58.937Z,0,0,20.32,9,HOLD_2.8s,0,0
2026-02-18T06:00:58.988Z,0,0,19.98,9,HOLD_2.8s,0,0
2026-02-18T06:00:59.039Z,0,0,20.29,9,HOLD_2.8s,0,0
2026-02-18T06:00:59.090Z,0,0,20.58,9,HOLD_2.8s,0,0
2026-02-18T06:00:59.140Z,0,0,20.34,9,HOLD_2.8s,0,0
2026-02-18T06:00:59.190Z,0,0,20.54,9,HOLD_2.8s,0,0
2026-02-18T06:00:59.241Z,0,0,20.52,9,HOLD_2.8s,0,0
2026-02-18T06:00:59.292Z,0,0,20.76,9,HOLD_2.8s,0,0
2026-02-18T06:00:59.342Z,0,0,20.23,9,HOLD_2.8s,0,0
2026-02-18T06:00:59.392Z,0,0,20.13,9,HOLD_2.8s,0,0
2026-02-18T06:00:59.443Z,0,0,20.31,9,HOLD_2.8s,0,0
2026-02-18T06:00:59.494Z,0,0,20.32,9,HOLD_2.8s,0,0
2026-02-18T06:00:59.544Z,0,0,20.31,9,HOLD_2.8s,0,0
2026-02-18T06:00:59.595Z,0,0,20.36,9,HOLD_2.8s,0,0
2026-02-18T06:00:59.645Z,0,0,20.43,9,HOLD_2.8s,0,0
2026-02-18T06:00:59.696Z,0,0,20.28,9,HOLD_2.8s,0,0
2026-02-18T06:00:59.746Z,0,0,20.23,9,HOLD_2.8s,0,0
2026-02-18T06:00:59.796Z,0,0,20.16,9,HOLD_2.8s,0,0
2026-02-18T06:00:59.846Z,0,0,20.31,9,HOLD_2.8s,0,0
2026-02-18T06:00:59.897Z,0,0,20.34,8,IDLE_SHRINK,0,0
2026-02-18T06:00:59.948Z,0,0,20.40,7,IDLE_SHRINK,0,0
2026-02-18T06:00:59.997Z,0,0,20.50,6,IDLE_SHRINK,0,0
2026-02-18T06:01:00.048Z,0,0,20.26,5,IDLE_SHRINK,0,0
2026-02-18T06:01:00.098Z,0,0,19.57,5,IDLE_SHRINK,0,0
2026-02-18T06:01:00.148Z,0,0,20.45,5,IDLE_SHRINK,0,0
2026-02-18T06:01:00.199Z,0,0,20.87,5,IDLE_SHRINK,0,0
2026-02-18T06:01:00.249Z,0,0,20.31,5,IDLE_SHRINK,0,0
2026-02-18T06:01:00.300Z,0,0,19.78,5,IDLE_SHRINK,0,0
2026-02-18T06:01:00.351Z,0,0,20.39,5,IDLE_SHRINK,0,0
2026-02-18T06:01:00.400Z,0,0,20.80,5,IDLE_SHRINK,0,0
2026-02-18T06:01:00.450Z,0,0,20.46,5,IDLE_SHRINK,0,0
2026-02-18T06:01:00.501Z,0,0,20.09,5,IDLE_SHRINK,0,0
2026-02-18T06:01:00.552Z,0,0,20.41,5,IDLE_SHRINK,0,0
2026-02-18T06:01:00.601Z,0,0,19.62,5,IDLE_SHRINK,0,0
2026-02-18T06:01:00.651Z,0,0,20.34,5,IDLE_SHRINK,0,0
2026-02-18T06:01:00.701Z,0,0,20.46,5,IDLE_SHRINK,0,0
2026-02-18T06:01:00.752Z,0,0,20.50,5,IDLE_SHRINK,0,0
2026-02-18T06:01:00.802Z,0,0,20.12,5,IDLE_SHRINK,0,0
2026-02-18T06:01:00.852Z,0,0,20.37,5,IDLE_SHRINK,0,0
2026-02-18T06:01:00.903Z,0,0,20.37,5,IDLE_SHRINK,0,0
2026-02-18T06:01:00.953Z,0,0,20.14,5,IDLE_SHRINK,0,0
2026-02-18T06:01:01.003Z,0,0,19.88,5,IDLE_SHRINK,0,0
2026-02-18T06:01:01.054Z,0,0,20.26,5,IDLE_SHRINK,0,0
2026-02-18T06:01:01.104Z,0,0,20.18,5,IDLE_SHRINK,0,0
2026-02-18T06:01:01.155Z,0,0,20.23,5,IDLE_SHRINK,0,0
2026-02-18T06:01:01.205Z,0,0,20.42,5,IDLE_SHRINK,0,0
2026-02-18T06:01:01.255Z,0,0,20.29,5,IDLE_SHRINK,0,0
2026-02-18T06:01:01.306Z,0,0,20.39,5,IDLE_SHRINK,0,0
2026-02-18T06:01:01.355Z,0,0,20.16,5,IDLE_SHRINK,0,0
2026-02-18T06:01:01.406Z,0,0,20.41,5,IDLE_SHRINK,0,0
2026-02-18T06:01:01.456Z,0,0,20.18,5,IDLE_SHRINK,0,0
2026-02-18T06:01:01.507Z,0,0,20.43,5,IDLE_SHRINK,0,0
2026-02-18T06:01:01.558Z,0,0,20.16,5,IDLE_SHRINK,0,0
2026-02-18T06:01:01.609Z,0,0,20.09,5,IDLE_SHRINK,0,0
2026-02-18T06:01:01.660Z,0,0,20.34,5,IDLE_SHRINK,0,0
2026-02-18T06:01:01.710Z,0,0,19.89,5,IDLE_SHRINK,0,0
2026-02-18T06:01:01.761Z,0,0,20.28,5,IDLE_SHRINK,0,0
2026-02-18T06:01:01.810Z,0,0,20.32,5,IDLE_SHRINK,0,0
2026-02-18T06:01:01.861Z,0,0,20.21,5,IDLE_SHRINK,0,0
2026-02-18T06:01:01.911Z,0,0,19.91,5,IDLE_SHRINK,0,0
2026-02-18T06:01:01.961Z,0,0,20.42,5,IDLE_SHRINK,0,0
2026-02-18T06:01:02.012Z,0,0,20.38,5,IDLE_SHRINK,0,0
2026-02-18T06:01:02.063Z,0,0,20.24,5,IDLE_SHRINK,0,0
2026-02-18T06:01:02.113Z,0,0,19.97,5,IDLE_SHRINK,0,0
2026-02-18T06:01:02.163Z,0,0,20.16,5,IDLE_SHRINK,0,0
2026-02-18T06:01:02.213Z,0,0,20.29,5,IDLE_SHRINK,0,0
2026-02-18T06:01:02.264Z,0,0,20.21,5,IDLE_SHRINK,0,0
2026-02-18T06:01:02.315Z,0,0,20.27,5,IDLE_SHRINK,0,0
2026-02-18T06:01:02.365Z,0,0,20.26,5,IDLE_SHRINK,0,0
2026-02-18T06:01:02.416Z,0,0,20.32,5,IDLE_SHRINK,0,0
2026-02-18T06:01:02.466Z,0,0,20.39,5,IDLE_SHRINK,0,0
2026-02-18T06:01:02.516Z,0,0,20.37,5,IDLE_SHRINK,0,0
2026-02-18T06:01:02.566Z,0,0,20.18,5,IDLE_SHRINK,0,0
2026-02-18T06:01:02.616Z,0,0,19.89,5,IDLE_SHRINK,0,0
2026-02-18T06:01:02.666Z,0,0,20.18,5,IDLE_SHRINK,0,0
2026-02-18T06:01:02.716Z,0,0,19.84,5,IDLE_SHRINK,0,0
2026-02-18T06:01:02.766Z,0,0,20.18,5,IDLE_SHRINK,0,0
2026-02-18T06:01:02.816Z,0,0,19.76,5,IDLE_SHRINK,0,0
2026-02-18T06:01:02.866Z,0,0,20.21,5,IDLE_SHRINK,0,0
2026-02-18T06:01:02.917Z,0,0,19.92,5,IDLE_SHRINK,0,0
2026-02-18T06:01:02.966Z,0,0,20.26,5,IDLE_SHRINK,0,0
2026-02-18T06:01:03.016Z,0,0,20.42,5,IDLE_SHRINK,0,0
2026-02-18T06:01:03.066Z,0,0,20.19,5,IDLE_SHRINK,0,0
2026-02-18T06:01:03.117Z,0,0,19.95,5,IDLE_SHRINK,0,0
2026-02-18T06:01:03.167Z,0,0,20.24,5,IDLE_SHRINK,0,0
2026-02-18T06:01:03.217Z,0,0,20.50,5,IDLE_SHRINK,0,0
2026-02-18T06:01:03.268Z,0,0,20.30,5,IDLE_SHRINK,0,0
2026-02-18T06:01:03.318Z,0,0,20.64,5,IDLE_SHRINK,0,0
2026-02-18T06:01:03.368Z,0,0,20.19,5,IDLE_SHRINK,0,0
2026-02-18T06:01:03.418Z,0,0,20.42,5,IDLE_SHRINK,0,0
2026-02-18T06:01:03.469Z,0,0,20.15,5,IDLE_SHRINK,0,0
2026-02-18T06:01:03.519Z,0,0,20.73,5,IDLE_SHRINK,0,0
2026-02-18T06:01:03.569Z,0,0,20.23,5,IDLE_SHRINK,0,0
2026-02-18T06:01:03.619Z,0,0,20.49,5,IDLE_SHRINK,0,0
2026-02-18T06:01:03.669Z,0,0,20.24,5,IDLE_SHRINK,0,0
2026-02-18T06:01:03.720Z,0,0,20.60,5,IDLE_SHRINK,0,0
2026-02-18T06:01:03.770Z,0,0,20.19,5,IDLE_SHRINK,0,0
2026-02-18T06:01:03.820Z,0,0,20.68,5,IDLE_SHRINK,0,0
2026-02-18T06:01:03.871Z,0,0,20.22,5,IDLE_SHRINK,0,0
2026-02-18T06:01:03.921Z,0,0,20.57,5,IDLE_SHRINK,0,0
2026-02-18T06:01:03.971Z,0,0,20.19,5,IDLE_SHRINK,0,0
2026-02-18T06:01:04.021Z,0,0,19.49,5,IDLE_SHRINK,0,0
2026-02-18T06:01:04.071Z,0,0,20.16,5,IDLE_SHRINK,0,0
2026-02-18T06:01:04.122Z,0,0,20.11,5,IDLE_SHRINK,0,0
2026-02-18T06:01:04.173Z,0,0,20.21,5,IDLE_SHRINK,0,0
2026-02-18T06:01:04.224Z,0,0,20.11,5,IDLE_SHRINK,0,0
2026-02-18T06:01:04.274Z,0,0,20.21,5,IDLE_SHRINK,0,0
2026-02-18T06:01:04.325Z,0,0,25.85,5,HOLD_2.0s,1,0
2026-02-18T06:01:04.376Z,0,0,20.24,5,HOLD_2.0s,0,0
2026-02-18T06:01:04.427Z,0,0,20.54,5,HOLD_2.0s,0,0
2026-02-18T06:01:04.478Z,0,0,20.14,5,HOLD_2.0s,0,0
2026-02-18T06:01:04.528Z,0,0,20.68,5,HOLD_2.0s,0,0
2026-02-18T06:01:04.578Z,0,0,20.21,5,HOLD_2.0s,0,0
2026-02-18T06:01:04.628Z,0,0,19.52,5,HOLD_2.0s,0,0
2026-02-18T06:01:04.678Z,0,0,20.19,5,HOLD_2.0s,0,0
2026-02-18T06:01:04.729Z,0,0,19.54,5,HOLD_2.0s,0,0
2026-02-18T06:01:04.779Z,0,0,20.21,5,HOLD_2.0s,0,0
2026-02-18T06:01:04.829Z,0,0,20.52,5,HOLD_2.0s,0,0
2026-02-18T06:01:04.880Z,1,0,20.05,5,HOLD_2.0s,0,0
2026-02-18T06:01:04.931Z,0,0,20.59,5,HOLD_2.0s,1,0
2026-02-18T06:01:04.982Z,0,0,20.23,5,HOLD_2.0s,0,0
2026-02-18T06:01:05.032Z,0,0,19.93,5,HOLD_2.0s,0,0
2026-02-18T06:01:05.082Z,0,0,20.29,5,HOLD_2.0s,0,0
2026-02-18T06:01:05.132Z,0,0,19.62,5,HOLD_2.0s,0,0
2026-02-18T06:01:05.182Z,0,0,23.22,5,HOLD_2.0s,0,0
2026-02-18T06:01:05.232Z,0,0,20.06,5,HOLD_2.0s,0,0
2026-02-18T06:01:05.283Z,0,0,20.16,5,HOLD_2.0s,0,0
2026-02-18T06:01:05.332Z,1,0,19.90,5,HOLD_2.0s,0,0
2026-02-18T06:01:05.383Z,0,0,19.72,5,HOLD_2.0s,1,0
2026-02-18T06:01:05.432Z,0,0,19.76,5,HOLD_2.0s,0,0
2026-02-18T06:01:05.483Z,1,0,20.16,5,HOLD_2.0s,0,0
2026-02-18T06:01:05.532Z,0,0,20.52,5,HOLD_2.0s,1,0
2026-02-18T06:01:05.583Z,0,0,20.37,5,HOLD_2.0s,0,0
2026-02-18T06:01:05.633Z,0,0,20.37,5,HOLD_2.0s,0,0
2026-02-18T06:01:05.683Z,0,0,20.28,5,HOLD_2.0s,0,0
2026-02-18T06:01:05.734Z,0,0,19.83,5,HOLD_2.0s,0,0
2026-02-18T06:01:05.784Z,0,0,20.18,5,HOLD_2.0s,0,0
2026-02-18T06:01:05.835Z,0,0,20.40,5,HOLD_2.0s,0,0
2026-02-18T06:01:05.885Z,0,0,20.32,5,HOLD_2.0s,0,0
2026-02-18T06:01:05.935Z,1,0,19.79,5,HOLD_2.0s,0,0
2026-02-18T06:01:05.985Z,1,0,20.21,5,HOLD_2.0s,0,0
2026-02-18T06:01:06.035Z,0,0,20.17,5,HOLD_2.0s,1,0
2026-02-18T06:01:06.086Z,1,0,19.95,5,HOLD_2.0s,0,0
2026-02-18T06:01:06.136Z,1,0,19.95,5,HOLD_2.0s,0,0
2026-02-18T06:01:06.186Z,1,0,20.14,5,HOLD_2.0s,0,0
2026-02-18T06:01:06.236Z,1,0,19.78,5,HOLD_2.0s,0,0
2026-02-18T06:01:06.286Z,1,0,20.41,5,HOLD_2.0s,0,0
2026-02-18T06:01:06.336Z,1,0,20.53,5,HOLD_2.0s,0,0
2026-02-18T06:01:06.387Z,2,0,20.64,5,HOLD_2.0s,0,0
2026-02-18T06:01:06.438Z,2,0,20.64,5,HOLD_2.0s,0,0
2026-02-18T06:01:06.489Z,2,0,20.22,5,HOLD_2.0s,0,0
2026-02-18T06:01:06.540Z,2,0,20.05,5,HOLD_2.0s,1,0
2026-02-18T06:01:06.591Z,2,0,20.24,5,HOLD_2.0s,0,0
2026-02-18T06:01:06.641Z,2,0,19.96,5,HOLD_2.0s,0,0
2026-02-18T06:01:06.691Z,2,0,20.37,5,HOLD_2.0s,1,0
2026-02-18T06:01:06.742Z,2,0,19.92,5,HOLD_2.0s,0,0
2026-02-18T06:01:06.792Z,2,0,20.36,5,HOLD_2.0s,0,0
2026-02-18T06:01:06.841Z,2,0,19.95,5,HOLD_2.0s,0,0
2026-02-18T06:01:06.892Z,2,0,20.52,5,HOLD_2.0s,0,0
2026-02-18T06:01:06.943Z,2,0,20.02,5,HOLD_2.0s,0,0
2026-02-18T06:01:06.993Z,2,0,20.46,5,HOLD_2.0s,0,0
2026-02-18T06:01:07.043Z,2,0,20.43,5,HOLD_2.0s,1,0
2026-02-18T06:01:07.094Z,2,0,20.23,5,HOLD_2.0s,0,0
2026-02-18T06:01:07.145Z,2,0,20.64,5,HOLD_2.0s,0,0
2026-02-18T06:01:07.195Z,2,0,20.34,5,HOLD_2.0s,0,0
2026-02-18T06:01:07.245Z,2,0,20.26,5,HOLD_2.0s,0,0
2026-02-18T06:01:07.295Z,2,0,20.09,5,HOLD_2.0s,1,0
2026-02-18T06:01:07.345Z,2,0,20.19,5,HOLD_2.0s,0,0
2026-02-18T06:01:07.395Z,2,0,20.26,5,HOLD_2.0s,0,0
2026-02-18T06:01:07.446Z,2,0,20.36,5,HOLD_2.0s,0,0
2026-02-18T06:01:07.496Z,2,0,20.29,5,HOLD_2.0s,0,0
2026-02-18T06:01:07.547Z,2,0,21.03,5,HOLD_2.0s,1,0
2026-02-18T06:01:07.597Z,2,0,20.27,5,HOLD_2.0s,0,0
2026-02-18T06:01:07.648Z,2,0,20.32,5,HOLD_2.0s,0,0
2026-02-18T06:01:07.697Z,3,0,20.13,5,HOLD_2.0s,0,0
2026-02-18T06:01:07.747Z,2,0,19.42,5,HOLD_2.0s,1,0
2026-02-18T06:01:07.797Z,2,0,19.77,5,HOLD_2.0s,0,0
2026-02-18T06:01:07.847Z,2,0,20.36,5,HOLD_2.0s,0,0
2026-02-18T06:01:07.897Z,3,0,20.13,5,HOLD_2.0s,0,0
2026-02-18T06:01:07.948Z,3,0,20.36,5,HOLD_2.0s,0,0
2026-02-18T06:01:07.999Z,3,0,20.40,5,HOLD_2.0s,0,0
2026-02-18T06:01:08.048Z,4,0,20.18,5,HOLD_2.0s,0,0
2026-02-18T06:01:08.099Z,2,0,20.41,5,HOLD_2.0s,2,0
2026-02-18T06:01:08.150Z,2,0,20.21,5,HOLD_2.0s,0,0
2026-02-18T06:01:08.200Z,2,0,20.39,5,HOLD_2.0s,0,0
2026-02-18T06:01:08.251Z,2,0,20.11,5,HOLD_2.0s,0,0
2026-02-18T06:01:08.302Z,3,0,20.34,5,HOLD_2.0s,0,0
2026-02-18T06:01:08.353Z,2,0,20.19,5,HOLD_2.0s,1,0
2026-02-18T06:01:08.402Z,1,0,18.31,5,HOLD_2.0s,1,0
2026-02-18T06:01:08.452Z,1,0,20.12,5,HOLD_2.0s,0,0
2026-02-18T06:01:08.502Z,2,0,20.96,5,HOLD_2.0s,0,0
2026-02-18T06:01:08.552Z,3,0,20.16,5,HOLD_2.0s,0,0
2026-02-18T06:01:08.602Z,2,0,20.31,5,HOLD_2.0s,1,0
2026-02-18T06:01:08.653Z,2,0,20.05,5,HOLD_2.0s,0,0
2026-02-18T06:01:08.703Z,2,0,20.42,5,HOLD_2.0s,0,0
2026-02-18T06:01:08.754Z,2,0,19.96,5,HOLD_2.0s,1,0
2026-02-18T06:01:08.804Z,2,0,20.14,5,HOLD_2.0s,0,0
2026-02-18T06:01:08.854Z,2,0,20.51,5,HOLD_2.0s,0,0
2026-02-18T06:01:08.905Z,2,0,20.50,5,HOLD_2.0s,0,0
2026-02-18T06:01:08.955Z,2,0,20.09,5,HOLD_2.0s,0,0
2026-02-18T06:01:09.006Z,2,0,20.62,5,HOLD_2.0s,0,0
2026-02-18T06:01:09.057Z,2,0,20.45,5,HOLD_2.0s,0,0
2026-02-18T06:01:09.107Z,4,0,20.28,5,HOLD_2.0s,1,0
2026-02-18T06:01:09.158Z,4,0,20.07,5,HOLD_2.0s,0,0
2026-02-18T06:01:09.209Z,3,0,20.21,5,HOLD_2.0s,1,0
2026-02-18T06:01:09.259Z,3,0,20.49,5,HOLD_2.0s,0,0
2026-02-18T06:01:09.309Z,3,0,20.26,5,HOLD_2.0s,0,0
2026-02-18T06:01:09.359Z,3,0,20.82,5,HOLD_2.0s,1,0
2026-02-18T06:01:09.409Z,3,0,19.36,5,HOLD_2.0s,1,0
2026-02-18T06:01:09.459Z,3,0,20.16,5,HOLD_2.0s,0,0
2026-02-18T06:01:09.509Z,3,0,20.16,5,HOLD_2.0s,0,0
2026-02-18T06:01:09.559Z,3,0,20.19,5,HOLD_2.0s,0,0
2026-02-18T06:01:09.609Z,3,0,20.17,5,HOLD_2.0s,1,0
2026-02-18T06:01:09.660Z,3,0,20.18,5,HOLD_2.0s,0,0
2026-02-18T06:01:09.710Z,3,0,20.17,5,HOLD_2.0s,1,0
2026-02-18T06:01:09.761Z,4,0,20.21,5,HOLD_2.0s,0,0
2026-02-18T06:01:09.810Z,3,0,19.78,5,HOLD_2.0s,1,0
2026-02-18T06:01:09.861Z,3,0,20.37,5,HOLD_2.0s,0,0
2026-02-18T06:01:09.912Z,2,0,20.37,5,HOLD_2.0s,1,0
2026-02-18T06:01:09.962Z,2,0,20.29,5,HOLD_2.0s,0,0
2026-02-18T06:01:10.012Z,2,0,20.02,5,HOLD_2.0s,0,0
2026-02-18T06:01:10.063Z,2,0,20.29,5,HOLD_2.0s,0,0
2026-02-18T06:01:10.113Z,3,0,19.83,5,HOLD_2.0s,0,0
2026-02-18T06:01:10.164Z,2,0,20.23,5,HOLD_2.0s,1,0
2026-02-18T06:01:10.214Z,3,0,19.34,5,HOLD_2.0s,0,0
2026-02-18T06:01:10.264Z,2,0,20.03,5,HOLD_2.0s,1,0
2026-02-18T06:01:10.315Z,2,0,20.60,5,HOLD_2.0s,1,0
2026-02-18T06:01:10.365Z,3,0,20.50,5,HOLD_2.0s,0,0
2026-02-18T06:01:10.415Z,3,0,19.71,5,HOLD_2.0s,1,0
2026-02-18T06:01:10.466Z,2,0,20.31,5,HOLD_2.0s,1,0
2026-02-18T06:01:10.517Z,1,0,20.55,5,HOLD_2.0s,1,0
2026-02-18T06:01:10.568Z,1,0,20.54,5,HOLD_2.0s,0,0
2026-02-18T06:01:10.618Z,2,0,19.94,5,HOLD_2.0s,0,0
2026-02-18T06:01:10.668Z,1,0,20.28,5,HOLD_2.0s,1,0
2026-02-18T06:01:10.719Z,1,0,20.30,5,HOLD_2.0s,1,0
2026-02-18T06:01:10.770Z,2,0,20.29,5,HOLD_2.0s,0,0
2026-02-18T06:01:10.820Z,1,0,20.45,5,HOLD_2.0s,1,0
2026-02-18T06:01:10.870Z,2,0,20.18,5,HOLD_2.0s,0,0
2026-02-18T06:01:10.920Z,1,0,20.25,5,HOLD_2.0s,2,0
2026-02-18T06:01:10.970Z,1,0,20.19,5,HOLD_2.0s,0,0
2026-02-18T06:01:11.021Z,1,0,20.36,5,HOLD_2.0s,0,0
2026-02-18T06:01:11.072Z,1,0,20.16,5,HOLD_2.0s,0,0
2026-02-18T06:01:11.123Z,1,0,19.98,5,HOLD_2.0s,1,0
2026-02-18T06:01:11.173Z,1,0,20.19,5,HOLD_2.0s,0,0
2026-02-18T06:01:11.223Z,1,0,20.30,5,HOLD_2.0s,0,0
2026-02-18T06:01:11.274Z,1,0,20.03,5,HOLD_2.0s,1,0
2026-02-18T06:01:11.323Z,1,0,20.38,5,HOLD_2.0s,1,0
2026-02-18T06:01:11.373Z,2,0,20.26,5,HOLD_2.0s,0,0
2026-02-18T06:01:11.423Z,1,0,20.46,5,HOLD_2.0s,1,0
2026-02-18T06:01:11.473Z,2,0,20.36,5,HOLD_2.0s,1,0
2026-02-18T06:01:11.523Z,1,0,19.99,5,HOLD_2.0s,2,0
2026-02-18T06:01:11.573Z,1,0,20.16,5,HOLD_2.0s,0,0
2026-02-18T06:01:11.623Z,1,0,20.20,5,HOLD_2.0s,0,0
2026-02-18T06:01:11.674Z,1,0,20.44,5,HOLD_2.0s,1,0
2026-02-18T06:01:11.724Z,2,0,20.25,5,HOLD_2.0s,0,0
2026-02-18T06:01:11.774Z,2,0,20.31,5,HOLD_2.0s,0,0
2026-02-18T06:01:11.823Z,1,0,19.95,5,HOLD_2.0s,2,0
2026-02-18T06:01:11.873Z,1,0,20.26,5,HOLD_2.0s,0,0
2026-02-18T06:01:11.923Z,2,0,20.30,5,HOLD_2.0s,1,0
2026-02-18T06:01:11.974Z,2,0,20.41,5,HOLD_2.0s,0,0
2026-02-18T06:01:12.024Z,2,0,20.72,5,HOLD_2.0s,0,0
2026-02-18T06:01:12.074Z,3,0,20.07,5,HOLD_2.0s,0,0
2026-02-18T06:01:12.125Z,3,0,20.46,5,HOLD_2.0s,1,0
2026-02-18T06:01:12.176Z,3,0,20.55,5,HOLD_2.0s,0,0
2026-02-18T06:01:12.226Z,3,0,20.41,5,HOLD_2.0s,0,0
2026-02-18T06:01:12.278Z,4,0,20.51,5,HOLD_2.0s,0,0
2026-02-18T06:01:12.327Z,4,0,20.23,5,HOLD_2.0s,1,0
2026-02-18T06:01:12.377Z,3,0,20.55,5,HOLD_2.0s,1,0
2026-02-18T06:01:12.427Z,3,0,20.36,5,HOLD_2.0s,1,0
2026-02-18T06:01:12.478Z,3,0,20.87,5,HOLD_2.0s,1,0
2026-02-18T06:01:12.528Z,4,0,20.34,5,HOLD_2.0s,1,0
2026-02-18T06:01:12.578Z,4,0,20.47,5,HOLD_2.0s,0,0
2026-02-18T06:01:12.629Z,4,0,20.34,5,HOLD_2.0s,0,0
2026-02-18T06:01:12.679Z,5,0,19.99,5,HOLD_2.0s,1,0
2026-02-18T06:01:12.729Z,4,0,20.32,5,HOLD_2.0s,1,0
2026-02-18T06:01:12.779Z,4,0,20.44,5,HOLD_2.0s,0,0
2026-02-18T06:01:12.829Z,5,0,21.03,5,HOLD_2.0s,1,0
2026-02-18T06:01:12.880Z,4,0,20.32,5,HOLD_2.0s,1,0
2026-02-18T06:01:12.929Z,5,0,20.80,5,HOLD_2.0s,0,0
2026-02-18T06:01:12.980Z,4,0,20.23,5,HOLD_2.0s,1,0
2026-02-18T06:01:13.030Z,4,0,20.13,5,HOLD_2.0s,0,0
2026-02-18T06:01:13.081Z,4,0,20.26,5,HOLD_2.0s,0,0
2026-02-18T06:01:13.131Z,4,0,23.33,5,HOLD_2.0s,1,0
2026-02-18T06:01:13.182Z,3,0,20.41,5,HOLD_2.0s,1,0
2026-02-18T06:01:13.232Z,3,0,20.36,5,HOLD_2.0s,0,0
2026-02-18T06:01:13.282Z,4,0,20.26,5,HOLD_2.0s,0,0
2026-02-18T06:01:13.333Z,4,0,20.46,5,HOLD_2.0s,1,0
2026-02-18T06:01:13.384Z,4,0,20.75,5,HOLD_2.0s,1,0
2026-02-18T06:01:13.434Z,5,0,20.24,5,HOLD_2.0s,0,0
2026-02-18T06:01:13.484Z,5,0,20.20,5,HOLD_2.0s,1,0
2026-02-18T06:01:13.535Z,6,1,20.21,6,SMART_GROW,0,0
2026-02-18T06:01:13.584Z,6,0,28.78,6,HOLD_2.2s,0,0
2026-02-18T06:01:13.634Z,6,0,20.36,6,HOLD_2.2s,0,0
2026-02-18T06:01:13.685Z,7,1,1.00,7,SMART_GROW,0,0
2026-02-18T06:01:13.736Z,8,1,20.55,8,SMART_GROW,0,0
2026-02-18T06:01:13.787Z,7,0,20.52,8,HOLD_2.6s,1,0
2026-02-18T06:01:13.864Z,9,1,27.00,9,SMART_GROW,0,0
2026-02-18T06:01:13.967Z,9,0,53.00,8,LAG_SHRINK,2,0
2026-02-18T06:01:14.062Z,6,0,96.37,7,LAG_SHRINK,3,0
2026-02-18T06:01:14.163Z,7,0,79.92,6,LAG_SHRINK,1,0
2026-02-18T06:01:14.262Z,5,0,79.13,5,LAG_SHRINK,2,0
2026-02-18T06:01:14.313Z,6,1,20.42,6,SMART_GROW,0,0
2026-02-18T06:01:14.363Z,6,0,20.32,6,HOLD_2.2s,0,0
2026-02-18T06:01:14.413Z,7,1,20.44,7,SMART_GROW,0,0
2026-02-18T06:01:14.466Z,8,1,4.00,8,SMART_GROW,0,0
2026-02-18T06:01:14.568Z,6,0,20.11,8,HOLD_2.6s,3,0
2026-02-18T06:01:14.619Z,4,0,20.33,8,HOLD_2.6s,2,0
2026-02-18T06:01:14.669Z,3,0,20.26,8,HOLD_2.6s,1,0
2026-02-18T06:01:14.719Z,3,0,20.32,8,HOLD_2.6s,0,0
2026-02-18T06:01:14.769Z,3,0,20.42,8,HOLD_2.6s,0,0
2026-02-18T06:01:14.820Z,2,0,20.24,8,HOLD_2.6s,2,0
2026-02-18T06:01:14.871Z,2,0,20.39,8,HOLD_2.6s,0,0
2026-02-18T06:01:14.921Z,4,0,20.39,8,HOLD_2.6s,0,0
2026-02-18T06:01:14.972Z,5,0,20.62,8,HOLD_2.6s,0,0
2026-02-18T06:01:15.065Z,7,0,43.00,7,LAG_SHRINK,0,0
2026-02-18T06:01:15.165Z,7,0,19.87,7,HOLD_2.4s,2,0
2026-02-18T06:01:15.262Z,7,2,48.53,6,LAG_SHRINK,0,0
2026-02-18T06:01:15.313Z,7,2,20.44,7,SMART_GROW,1,0
2026-02-18T06:01:15.364Z,8,1,1.00,8,SMART_GROW,0,0
2026-02-18T06:01:15.465Z,6,0,82.41,7,LAG_SHRINK,2,0
2026-02-18T06:01:15.516Z,8,1,20.37,8,SMART_GROW,0,0
2026-02-18T06:01:15.567Z,8,0,1.00,8,HOLD_2.6s,0,0
2026-02-18T06:01:15.617Z,9,3,20.29,9,SMART_GROW,0,0
2026-02-18T06:01:15.666Z,10,2,0.00,10,SMART_GROW,1,0
2026-02-18T06:01:15.764Z,10,0,80.31,9,LAG_SHRINK,2,0
2026-02-18T06:01:15.865Z,9,0,20.13,9,HOLD_2.8s,3,0
2026-02-18T06:01:15.965Z,8,0,49.89,8,LAG_SHRINK,1,0
2026-02-18T06:01:16.015Z,8,0,20.31,8,HOLD_2.6s,0,0
2026-02-18T06:01:16.065Z,8,0,20.36,8,HOLD_2.6s,0,0
2026-02-18T06:01:16.115Z,9,1,20.22,9,SMART_GROW,0,0
2026-02-18T06:01:16.165Z,8,0,39.04,8,LAG_SHRINK,1,0
2026-02-18T06:01:16.215Z,9,1,20.37,9,SMART_GROW,0,0
2026-02-18T06:01:16.266Z,9,0,40.09,8,LAG_SHRINK,0,0
2026-02-18T06:01:16.317Z,9,2,20.34,9,SMART_GROW,1,0
2026-02-18T06:01:16.367Z,9,1,39.53,8,LAG_SHRINK,1,0
2026-02-18T06:01:16.464Z,8,1,79.00,7,LAG_SHRINK,1,0
2026-02-18T06:01:16.515Z,8,2,20.36,8,SMART_GROW,0,0
2026-02-18T06:01:16.565Z,9,2,20.29,9,SMART_GROW,0,0
2026-02-18T06:01:16.663Z,9,1,49.07,8,LAG_SHRINK,0,0
2026-02-18T06:01:16.763Z,8,4,79.99,7,LAG_SHRINK,1,0
2026-02-18T06:01:16.814Z,8,6,20.28,8,SMART_GROW,0,0
2026-02-18T06:01:16.864Z,9,6,20.36,9,SMART_GROW,0,0
2026-02-18T06:01:16.965Z,9,6,50.37,8,LAG_SHRINK,1,0
2026-02-18T06:01:17.063Z,9,7,49.00,7,LAG_SHRINK,0,0
2026-02-18T06:01:17.164Z,8,7,99.98,6,LAG_SHRINK,1,0
2026-02-18T06:01:17.215Z,7,8,20.32,7,SMART_GROW,1,0
2026-02-18T06:01:17.264Z,8,8,20.46,8,SMART_GROW,0,0
2026-02-18T06:01:17.365Z,8,8,98.99,7,LAG_SHRINK,0,0
2026-02-18T06:01:17.415Z,8,9,20.29,8,SMART_GROW,1,0
2026-02-18T06:01:17.464Z,8,8,38.81,7,LAG_SHRINK,1,0
2026-02-18T06:01:17.563Z,7,9,79.72,6,LAG_SHRINK,1,0
2026-02-18T06:01:17.662Z,7,9,20.24,7,SMART_GROW,1,0
2026-02-18T06:01:17.765Z,8,8,19.83,8,SMART_GROW,1,0
2026-02-18T06:01:17.867Z,8,6,52.00,7,LAG_SHRINK,1,0
2026-02-18T06:01:17.962Z,7,4,47.48,6,LAG_SHRINK,3,0
2026-02-18T06:01:18.013Z,7,5,20.57,7,SMART_GROW,0,0
2026-02-18T06:01:18.062Z,8,5,0.00,8,SMART_GROW,0,0
2026-02-18T06:01:18.166Z,8,3,54.00,7,LAG_SHRINK,3,0
2026-02-18T06:01:18.217Z,8,2,20.34,8,SMART_GROW,3,0
2026-02-18T06:01:18.267Z,8,0,38.75,7,LAG_SHRINK,1,0
2026-02-18T06:01:18.317Z,8,0,20.36,7,HOLD_2.4s,0,0
2026-02-18T06:01:18.367Z,8,0,0.00,7,HOLD_2.4s,0,0
2026-02-18T06:01:18.417Z,8,1,20.37,8,SMART_GROW,0,0
2026-02-18T06:01:18.467Z,9,2,20.23,9,SMART_GROW,0,0
2026-02-18T06:01:18.564Z,9,0,79.92,8,LAG_SHRINK,1,0
2026-02-18T06:01:18.615Z,9,2,20.36,9,SMART_GROW,0,0
2026-02-18T06:01:18.666Z,10,2,1.00,10,SMART_GROW,0,0
2026-02-18T06:01:18.765Z,10,1,82.21,9,LAG_SHRINK,1,0
2026-02-18T06:01:18.864Z,9,3,79.92,8,LAG_SHRINK,1,0
2026-02-18T06:01:18.963Z,9,6,77.37,7,LAG_SHRINK,0,0
2026-02-18T06:01:19.013Z,9,6,20.72,8,SMART_GROW,0,0
2026-02-18T06:01:19.063Z,9,6,0.00,9,SMART_GROW,0,0
2026-02-18T06:01:19.114Z,10,8,20.28,10,SMART_GROW,0,0
2026-02-18T06:01:19.165Z,11,7,1.00,11,SMART_GROW,0,0
2026-02-18T06:01:19.267Z,11,8,52.00,10,LAG_SHRINK,2,0
2026-02-18T06:01:19.366Z,10,6,48.39,9,LAG_SHRINK,5,0
2026-02-18T06:01:19.464Z,9,5,77.04,8,LAG_SHRINK,2,0
2026-02-18T06:01:19.564Z,8,3,79.59,7,LAG_SHRINK,3,0
2026-02-18T06:01:19.613Z,8,4,20.32,8,SMART_GROW,1,0
2026-02-18T06:01:19.664Z,9,3,1.00,9,SMART_GROW,0,0
2026-02-18T06:01:19.715Z,10,1,20.31,10,SMART_GROW,1,0
2026-02-18T06:01:19.765Z,10,0,0.00,10,HOLD_3.0s,0,0
2026-02-18T06:01:19.815Z,11,1,20.16,11,SMART_GROW,0,0
2026-02-18T06:01:19.865Z,11,0,1.00,11,HOLD_3.2s,0,0
2026-02-18T06:01:19.963Z,11,1,48.00,10,LAG_SHRINK,1,0
2026-02-18T06:01:20.012Z,11,1,20.65,11,SMART_GROW,0,0
2026-02-18T06:01:20.063Z,12,1,0.00,12,SMART_GROW,0,0
2026-02-18T06:01:20.163Z,11,0,79.20,11,LAG_SHRINK,1,0
2026-02-18T06:01:20.263Z,10,0,79.86,10,LAG_SHRINK,3,0
2026-02-18T06:01:20.314Z,11,3,20.95,11,SMART_GROW,1,0
2026-02-18T06:01:20.364Z,11,2,39.01,10,LAG_SHRINK,0,0
2026-02-18T06:01:20.462Z,10,5,78.68,9,LAG_SHRINK,1,0
2026-02-18T06:01:20.562Z,10,9,78.94,8,LAG_SHRINK,0,0
2026-02-18T06:01:20.613Z,9,10,20.29,9,SMART_GROW,1,0
2026-02-18T06:01:20.663Z,10,10,20.32,10,SMART_GROW,0,0
2026-02-18T06:01:20.764Z,10,9,100.17,9,LAG_SHRINK,1,0
2026-02-18T06:01:20.865Z,9,9,79.40,8,LAG_SHRINK,1,0
2026-02-18T06:01:20.915Z,9,10,20.36,9,SMART_GROW,0,0
2026-02-18T06:01:20.966Z,10,10,20.23,10,SMART_GROW,0,0
2026-02-18T06:01:21.065Z,10,8,49.00,9,LAG_SHRINK,1,0
2026-02-18T06:01:21.165Z,9,10,49.70,8,LAG_SHRINK,1,0
2026-02-18T06:01:21.262Z,9,12,48.00,7,LAG_SHRINK,0,0
2026-02-18T06:01:21.312Z,9,14,20.28,8,SMART_GROW,0,0
2026-02-18T06:01:21.363Z,9,14,1.00,9,SMART_GROW,0,0
2026-02-18T06:01:21.413Z,10,15,20.21,10,SMART_GROW,0,0
2026-02-18T06:01:21.463Z,11,14,0.00,11,SMART_GROW,0,0
2026-02-18T06:01:21.564Z,11,12,51.00,10,LAG_SHRINK,1,0
2026-02-18T06:01:21.664Z,10,11,49.83,9,LAG_SHRINK,3,0
2026-02-18T06:01:21.763Z,9,11,80.25,8,LAG_SHRINK,2,0
2026-02-18T06:01:21.863Z,8,11,79.33,7,LAG_SHRINK,2,0
2026-02-18T06:01:21.964Z,7,10,51.00,6,LAG_SHRINK,3,0
2026-02-18T06:01:22.065Z,6,9,51.00,5,LAG_SHRINK,2,0
2026-02-18T06:01:22.115Z,6,10,20.19,6,SMART_GROW,1,0
2026-02-18T06:01:22.165Z,6,8,38.68,5,LAG_SHRINK,1,0
2026-02-18T06:01:22.265Z,5,9,80.18,5,LAG_SHRINK,1,0
2026-02-18T06:01:22.364Z,5,8,79.07,5,LAG_SHRINK,2,0
2026-02-18T06:01:22.415Z,6,8,20.19,6,SMART_GROW,0,0
2026-02-18T06:01:22.466Z,7,7,20.41,7,SMART_GROW,0,0
2026-02-18T06:01:22.564Z,7,7,49.23,6,LAG_SHRINK,0,0
2026-02-18T06:01:22.615Z,7,9,20.26,7,SMART_GROW,1,0
2026-02-18T06:01:22.666Z,7,8,40.22,6,LAG_SHRINK,1,0
2026-02-18T06:01:22.716Z,7,9,20.37,7,SMART_GROW,0,0
2026-02-18T06:01:22.766Z,8,10,20.18,8,SMART_GROW,0,0
2026-02-18T06:01:22.864Z,8,9,80.25,7,LAG_SHRINK,1,0
2026-02-18T06:01:22.964Z,7,13,50.00,6,LAG_SHRINK,1,0
2026-02-18T06:01:23.014Z,7,16,19.62,7,SMART_GROW,1,0
2026-02-18T06:01:23.064Z,8,15,0.00,8,SMART_GROW,0,0
2026-02-18T06:01:23.166Z,8,13,52.00,7,LAG_SHRINK,2,0
2026-02-18T06:01:23.266Z,7,13,49.72,6,LAG_SHRINK,2,0
2026-02-18T06:01:23.363Z,6,15,77.43,5,LAG_SHRINK,1,0
2026-02-18T06:01:23.413Z,6,16,20.47,6,SMART_GROW,1,0
2026-02-18T06:01:23.465Z,7,15,2.00,7,SMART_GROW,0,0
2026-02-18T06:01:23.566Z,7,13,51.00,6,LAG_SHRINK,2,0
2026-02-18T06:01:23.665Z,6,13,49.45,5,LAG_SHRINK,2,0
2026-02-18T06:01:23.715Z,6,14,20.19,6,SMART_GROW,0,0
2026-02-18T06:01:23.766Z,7,14,20.16,7,SMART_GROW,0,0
2026-02-18T06:01:23.816Z,8,13,20.46,8,SMART_GROW,0,0
2026-02-18T06:01:23.867Z,9,11,2.00,9,SMART_GROW,1,0
2026-02-18T06:01:23.964Z,9,12,47.00,8,LAG_SHRINK,0,0
2026-02-18T06:01:24.063Z,9,11,19.90,9,SMART_GROW,3,0
2026-02-18T06:01:24.164Z,9,11,50.42,8,LAG_SHRINK,1,0
2026-02-18T06:01:24.215Z,9,13,20.34,9,SMART_GROW,0,0
2026-02-18T06:01:24.266Z,10,13,20.49,10,SMART_GROW,0,0
2026-02-18T06:01:24.363Z,10,13,48.77,9,LAG_SHRINK,1,0
2026-02-18T06:01:24.466Z,10,14,81.23,8,LAG_SHRINK,0,0
2026-02-18T06:01:24.516Z,9,15,20.41,9,SMART_GROW,1,0
2026-02-18T06:01:24.566Z,10,15,20.41,10,SMART_GROW,0,0
2026-02-18T06:01:24.662Z,11,16,20.24,11,SMART_GROW,0,0
2026-02-18T06:01:24.763Z,11,15,50.32,10,LAG_SHRINK,2,0
2026-02-18T06:01:24.863Z,10,15,79.20,9,LAG_SHRINK,1,0
2026-02-18T06:01:24.913Z,10,16,20.18,10,SMART_GROW,0,0
2026-02-18T06:01:24.964Z,11,16,20.14,11,SMART_GROW,0,0
2026-02-18T06:01:25.064Z,12,16,20.03,12,SMART_GROW,1,0
2026-02-18T06:01:25.164Z,12,15,49.30,11,LAG_SHRINK,1,0
2026-02-18T06:01:25.265Z,11,15,51.00,10,LAG_SHRINK,2,0
2026-02-18T06:01:25.315Z,11,16,20.24,11,SMART_GROW,1,0
2026-02-18T06:01:25.365Z,11,14,38.98,10,LAG_SHRINK,1,0
2026-02-18T06:01:25.464Z,10,15,79.79,9,LAG_SHRINK,1,0
2026-02-18T06:01:25.515Z,10,16,20.32,10,SMART_GROW,0,0
2026-02-18T06:01:25.566Z,11,16,1.00,11,SMART_GROW,0,0
2026-02-18T06:01:25.663Z,11,14,80.90,10,LAG_SHRINK,1,0
2026-02-18T06:01:25.714Z,11,15,20.37,11,SMART_GROW,1,0
2026-02-18T06:01:25.765Z,12,14,20.34,12,SMART_GROW,0,0
2026-02-18T06:01:25.814Z,13,13,20.52,13,SMART_GROW,1,0
2026-02-18T06:01:25.864Z,13,11,36.55,12,LAG_SHRINK,1,0
2026-02-18T06:01:25.965Z,12,13,80.05,11,LAG_SHRINK,1,0
2026-02-18T06:01:26.016Z,12,13,20.42,12,SMART_GROW,1,0
2026-02-18T06:01:26.067Z,13,11,19.78,13,SMART_GROW,1,0
2026-02-18T06:01:26.164Z,13,11,79.13,12,LAG_SHRINK,1,0
2026-02-18T06:01:26.264Z,12,13,79.20,11,LAG_SHRINK,1,0
2026-02-18T06:01:26.315Z,12,14,20.31,12,SMART_GROW,1,0
2026-02-18T06:01:26.366Z,13,12,1.00,13,SMART_GROW,1,0
2026-02-18T06:01:26.465Z,13,11,82.21,12,LAG_SHRINK,1,0
2026-02-18T06:01:26.564Z,13,13,79.27,11,LAG_SHRINK,0,0
2026-02-18T06:01:26.663Z,12,13,20.37,12,SMART_GROW,2,0
2026-02-18T06:01:26.766Z,13,12,19.39,13,SMART_GROW,2,0
2026-02-18T06:01:26.866Z,14,10,19.55,14,SMART_GROW,2,0
2026-02-18T06:01:26.967Z,14,9,97.35,13,LAG_SHRINK,2,0
2026-02-18T06:01:27.065Z,13,8,48.00,12,LAG_SHRINK,3,0
2026-02-18T06:01:27.164Z,12,9,48.31,11,LAG_SHRINK,2,0
2026-02-18T06:01:27.215Z,12,10,20.49,12,SMART_GROW,1,0
2026-02-18T06:01:27.265Z,13,9,20.47,13,SMART_GROW,0,0
2026-02-18T06:01:27.365Z,13,9,49.75,12,LAG_SHRINK,1,0
2026-02-18T06:01:27.464Z,12,10,49.00,11,LAG_SHRINK,1,0
2026-02-18T06:01:27.564Z,11,9,49.68,10,LAG_SHRINK,3,0
2026-02-18T06:01:27.663Z,10,11,79.27,9,LAG_SHRINK,1,0
2026-02-18T06:01:27.714Z,10,13,20.21,10,SMART_GROW,1,0
2026-02-18T06:01:27.763Z,10,11,38.58,9,LAG_SHRINK,1,0
2026-02-18T06:01:27.864Z,9,13,51.00,8,LAG_SHRINK,1,0
2026-02-18T06:01:27.915Z,9,15,20.46,9,SMART_GROW,1,0
2026-02-18T06:01:27.968Z,10,13,3.00,10,SMART_GROW,1,0
2026-02-18T06:01:28.066Z,10,14,48.00,9,LAG_SHRINK,1,0
2026-02-18T06:01:28.164Z,10,15,19.59,10,SMART_GROW,3,0
2026-02-18T06:01:28.265Z,10,12,49.13,9,LAG_SHRINK,3,0
2026-02-18T06:01:28.364Z,9,12,81.69,8,LAG_SHRINK,2,0
2026-02-18T06:01:28.465Z,8,13,79.33,7,LAG_SHRINK,2,0
2026-02-18T06:01:28.565Z,7,15,80.31,6,LAG_SHRINK,1,0
2026-02-18T06:01:28.615Z,7,16,20.21,7,SMART_GROW,0,0
2026-02-18T06:01:28.665Z,8,16,0.00,8,SMART_GROW,0,0
2026-02-18T06:01:28.715Z,9,17,20.24,9,SMART_GROW,0,0
2026-02-18T06:01:28.767Z,10,15,2.00,10,SMART_GROW,1,0
2026-02-18T06:01:28.867Z,10,13,79.66,9,LAG_SHRINK,3,0
2026-02-18T06:01:28.965Z,9,13,79.07,8,LAG_SHRINK,3,0
2026-02-18T06:01:29.062Z,8,14,79.53,7,LAG_SHRINK,1,0
2026-02-18T06:01:29.112Z,8,17,20.23,8,SMART_GROW,0,0
2026-02-18T06:01:29.163Z,9,17,20.32,9,SMART_GROW,0,0
2026-02-18T06:01:29.264Z,10,19,20.05,10,SMART_GROW,1,0
2026-02-18T06:01:29.366Z,11,17,20.23,11,SMART_GROW,2,0
2026-02-18T06:01:29.464Z,11,16,96.70,10,LAG_SHRINK,2,0
2026-02-18T06:01:29.564Z,10,17,80.18,9,LAG_SHRINK,2,0
2026-02-18T06:01:29.615Z,10,18,20.24,10,SMART_GROW,0,0
2026-02-18T06:01:29.665Z,11,18,20.37,11,SMART_GROW,0,0
2026-02-18T06:01:29.764Z,11,16,97.35,10,LAG_SHRINK,1,0
2026-02-18T06:01:29.862Z,10,20,78.68,9,LAG_SHRINK,1,0
2026-02-18T06:01:29.963Z,10,23,20.03,10,SMART_GROW,0,0
2026-02-18T06:01:30.012Z,11,24,20.19,11,SMART_GROW,0,0
2026-02-18T06:01:30.065Z,12,23,2.00,12,SMART_GROW,0,0
2026-02-18T06:01:30.165Z,12,21,80.05,11,LAG_SHRINK,2,0
2026-02-18T06:01:30.214Z,12,22,20.82,12,SMART_GROW,1,0
2026-02-18T06:01:30.264Z,12,20,39.44,11,LAG_SHRINK,1,0
2026-02-18T06:01:30.364Z,11,20,80.71,10,LAG_SHRINK,2,0
2026-02-18T06:01:30.463Z,10,22,77.56,9,LAG_SHRINK,1,0
2026-02-18T06:01:30.513Z,10,24,20.29,10,SMART_GROW,0,0
2026-02-18T06:01:30.564Z,11,24,1.00,11,SMART_GROW,0,0
2026-02-18T06:01:30.665Z,11,24,81.63,10,LAG_SHRINK,0,0
2026-02-18T06:01:30.764Z,10,23,78.48,9,LAG_SHRINK,3,0
2026-02-18T06:01:30.814Z,10,25,20.13,10,SMART_GROW,1,0
2026-02-18T06:01:30.865Z,11,24,2.00,11,SMART_GROW,0,0
2026-02-18T06:01:30.968Z,11,21,53.00,10,LAG_SHRINK,2,0
2026-02-18T06:01:31.063Z,10,20,93.88,9,LAG_SHRINK,2,0
2026-02-18T06:01:31.163Z,10,22,51.00,8,LAG_SHRINK,0,0
2026-02-18T06:01:31.213Z,9,23,19.94,9,SMART_GROW,1,0
2026-02-18T06:01:31.264Z,10,23,20.57,10,SMART_GROW,0,0
2026-02-18T06:01:31.365Z,10,24,81.56,9,LAG_SHRINK,1,0
2026-02-18T06:01:31.464Z,9,26,78.61,8,LAG_SHRINK,1,0
2026-02-18T06:01:31.562Z,10,26,20.21,10,SMART_GROW,1,0
2026-02-18T06:01:31.564Z,11,24,0.00,11,SMART_GROW,0,0
2026-02-18T06:01:31.663Z,11,20,80.25,10,LAG_SHRINK,3,0
2026-02-18T06:01:31.714Z,11,23,20.24,11,SMART_GROW,0,0
2026-02-18T06:01:31.764Z,12,23,20.23,12,SMART_GROW,0,0
2026-02-18T06:01:31.864Z,12,22,97.88,11,LAG_SHRINK,1,0
2026-02-18T06:01:31.963Z,11,24,79.27,10,LAG_SHRINK,1,0
2026-02-18T06:01:32.063Z,11,27,50.00,9,LAG_SHRINK,0,0
2026-02-18T06:01:32.113Z,11,27,19.81,11,SMART_GROW,0,0
2026-02-18T06:01:32.163Z,13,27,20.46,13,SMART_GROW,0,0
2026-02-18T06:01:32.264Z,13,24,49.66,12,LAG_SHRINK,2,0
2026-02-18T06:01:32.364Z,12,23,81.89,11,LAG_SHRINK,2,0
2026-02-18T06:01:32.464Z,11,24,79.13,10,LAG_SHRINK,1,0
2026-02-18T06:01:32.514Z,12,27,20.26,12,SMART_GROW,0,0
2026-02-18T06:01:32.563Z,14,26,0.00,14,SMART_GROW,0,0
2026-02-18T06:01:32.664Z,14,24,81.43,13,LAG_SHRINK,2,0
2026-02-18T06:01:32.765Z,14,25,51.00,12,LAG_SHRINK,0,0
2026-02-18T06:01:32.815Z,13,25,20.36,13,SMART_GROW,1,0
2026-02-18T06:01:32.869Z,14,25,20.38,14,SMART_GROW,0,0
2026-02-18T06:01:32.965Z,14,24,80.05,13,LAG_SHRINK,1,0
2026-02-18T06:01:33.066Z,14,25,52.00,12,LAG_SHRINK,0,0
2026-02-18T06:01:33.117Z,14,26,20.55,14,SMART_GROW,2,0
2026-02-18T06:01:33.167Z,14,23,37.34,13,LAG_SHRINK,1,0
2026-02-18T06:01:33.266Z,13,23,80.51,12,LAG_SHRINK,2,0
2026-02-18T06:01:33.364Z,12,25,78.22,11,LAG_SHRINK,1,0
2026-02-18T06:01:33.415Z,13,26,20.23,13,SMART_GROW,0,0
2026-02-18T06:01:33.466Z,13,24,39.04,12,LAG_SHRINK,1,0
2026-02-18T06:01:33.564Z,13,25,80.05,11,LAG_SHRINK,0,0
2026-02-18T06:01:33.615Z,13,26,20.28,13,SMART_GROW,2,0
2026-02-18T06:01:33.664Z,13,22,37.34,12,LAG_SHRINK,2,0
2026-02-18T06:01:33.715Z,13,24,20.29,13,SMART_GROW,1,0
2026-02-18T06:01:33.767Z,14,22,2.00,14,SMART_GROW,1,0
2026-02-18T06:01:33.864Z,14,21,81.17,13,LAG_SHRINK,1,0
2026-02-18T06:01:33.963Z,13,21,77.89,12,LAG_SHRINK,1,0
2026-02-18T06:01:34.013Z,13,22,20.37,13,SMART_GROW,0,0
2026-02-18T06:01:34.063Z,14,22,20.29,14,SMART_GROW,0,0
2026-02-18T06:01:34.164Z,14,21,98.93,13,LAG_SHRINK,2,0
2026-02-18T06:01:34.265Z,13,22,80.51,12,LAG_SHRINK,2,0
2026-02-18T06:01:34.363Z,12,23,78.22,11,LAG_SHRINK,1,0
2026-02-18T06:01:34.462Z,11,24,49.00,10,LAG_SHRINK,1,0
2026-02-18T06:01:34.513Z,11,25,20.24,11,SMART_GROW,0,0
2026-02-18T06:01:34.566Z,12,25,20.32,12,SMART_GROW,0,0
2026-02-18T06:01:34.616Z,13,24,20.34,13,SMART_GROW,2,0
2026-02-18T06:01:34.667Z,13,24,40.88,12,LAG_SHRINK,1,0
2026-02-18T06:01:34.765Z,13,25,81.36,11,LAG_SHRINK,0,0
2026-02-18T06:01:34.862Z,12,26,47.00,10,LAG_SHRINK,1,0
2026-02-18T06:01:34.963Z,12,28,20.60,12,SMART_GROW,0,0
2026-02-18T06:01:35.062Z,14,28,19.42,14,SMART_GROW,0,0
2026-02-18T06:01:35.165Z,14,26,51.07,13,LAG_SHRINK,1,0
2026-02-18T06:01:35.265Z,13,28,80.18,12,LAG_SHRINK,1,0
2026-02-18T06:01:35.315Z,14,30,20.36,14,SMART_GROW,0,0
2026-02-18T06:01:35.365Z,16,29,0.00,16,SMART_GROW,0,0
2026-02-18T06:01:35.465Z,16,27,50.00,15,LAG_SHRINK,1,0
2026-02-18T06:01:35.568Z,16,23,19.32,16,SMART_GROW,5,0
2026-02-18T06:01:35.664Z,17,22,20.00,17,SMART_GROW,2,0
2026-02-18T06:01:35.769Z,18,17,20.06,18,SMART_GROW,5,0
2026-02-18T06:01:35.868Z,18,14,49.00,17,LAG_SHRINK,3,0
2026-02-18T06:01:35.967Z,17,11,93.88,16,LAG_SHRINK,4,0
2026-02-18T06:01:36.064Z,16,8,47.00,15,LAG_SHRINK,4,0
2026-02-18T06:01:36.115Z,16,8,20.37,16,SMART_GROW,1,0
2026-02-18T06:01:36.165Z,17,7,0.00,17,SMART_GROW,0,0
2026-02-18T06:01:36.267Z,17,5,84.18,16,LAG_SHRINK,2,0
2026-02-18T06:01:36.364Z,16,6,76.97,15,LAG_SHRINK,1,0
2026-02-18T06:01:36.415Z,16,7,20.14,16,SMART_GROW,0,0
2026-02-18T06:01:36.465Z,17,9,0.00,17,SMART_GROW,0,0
2026-02-18T06:01:36.563Z,17,10,79.86,16,LAG_SHRINK,0,0
2026-02-18T06:01:36.664Z,16,12,80.51,15,LAG_SHRINK,2,0
2026-02-18T06:01:36.714Z,16,15,20.49,16,SMART_GROW,1,0
2026-02-18T06:01:36.765Z,17,14,1.00,17,SMART_GROW,0,0
2026-02-18T06:01:36.865Z,17,16,81.89,16,LAG_SHRINK,1,0
2026-02-18T06:01:36.962Z,17,21,47.00,15,LAG_SHRINK,0,0
2026-02-18T06:01:37.013Z,17,25,20.18,16,SMART_GROW,0,0
2026-02-18T06:01:37.066Z,17,25,3.00,17,SMART_GROW,1,0
2026-02-18T06:01:37.164Z,17,24,80.90,16,LAG_SHRINK,1,0
2026-02-18T06:01:37.215Z,17,25,20.34,17,SMART_GROW,0,0
2026-02-18T06:01:37.265Z,17,25,36.23,16,LAG_SHRINK,0,0
2026-02-18T06:01:37.315Z,18,26,20.36,18,SMART_GROW,0,0
2026-02-18T06:01:37.365Z,18,24,40.09,17,LAG_SHRINK,1,0
2026-02-18T06:01:37.465Z,18,25,79.99,16,LAG_SHRINK,0,0
2026-02-18T06:01:37.515Z,17,25,20.37,17,SMART_GROW,1,0
2026-02-18T06:01:37.567Z,18,25,20.72,18,SMART_GROW,1,0
2026-02-18T06:01:37.662Z,18,24,75.33,17,LAG_SHRINK,1,0
2026-02-18T06:01:37.763Z,17,24,79.33,16,LAG_SHRINK,2,0
2026-02-18T06:01:37.862Z,16,24,79.53,15,LAG_SHRINK,1,0
2026-02-18T06:01:37.913Z,16,25,20.36,16,SMART_GROW,0,0
2026-02-18T06:01:37.963Z,17,25,20.34,17,SMART_GROW,0,0
2026-02-18T06:01:38.064Z,18,22,20.44,18,SMART_GROW,2,0
2026-02-18T06:01:38.165Z,18,19,50.24,17,LAG_SHRINK,3,0
2026-02-18T06:01:38.266Z,17,19,51.00,16,LAG_SHRINK,2,0
2026-02-18T06:01:38.363Z,16,18,78.22,15,LAG_SHRINK,2,0
2026-02-18T06:01:38.465Z,15,19,81.95,14,LAG_SHRINK,1,0
2026-02-18T06:01:38.562Z,14,20,76.84,13,LAG_SHRINK,1,0
2026-02-18T06:01:38.612Z,14,22,19.32,14,SMART_GROW,0,0
2026-02-18T06:01:38.662Z,15,22,20.29,15,SMART_GROW,0,0
2026-02-18T06:01:38.764Z,15,22,50.55,14,LAG_SHRINK,1,0
2026-02-18T06:01:38.863Z,14,21,79.59,13,LAG_SHRINK,3,0
2026-02-18T06:01:38.913Z,14,21,20.39,14,SMART_GROW,0,0
2026-02-18T06:01:38.964Z,15,21,1.00,15,SMART_GROW,0,0
2026-02-18T06:01:39.064Z,15,20,50.00,14,LAG_SHRINK,1,0
2026-02-18T06:01:39.165Z,14,22,50.25,13,LAG_SHRINK,1,0
2026-02-18T06:01:39.215Z,14,25,20.39,14,SMART_GROW,1,0
2026-02-18T06:01:39.265Z,15,24,20.26,15,SMART_GROW,0,0
2026-02-18T06:01:39.365Z,15,25,49.76,14,LAG_SHRINK,1,0
2026-02-18T06:01:39.414Z,15,25,20.41,15,SMART_GROW,0,0
2026-02-18T06:01:39.465Z,16,25,20.44,16,SMART_GROW,0,0
2026-02-18T06:01:39.565Z,16,24,49.18,15,LAG_SHRINK,2,0
2026-02-18T06:01:39.615Z,16,24,20.39,16,SMART_GROW,0,0
2026-02-18T06:01:39.666Z,17,24,20.19,17,SMART_GROW,0,0
2026-02-18T06:01:39.717Z,18,23,20.29,18,SMART_GROW,0,0
2026-02-18T06:01:39.766Z,18,22,37.96,17,LAG_SHRINK,1,0
2026-02-18T06:01:39.863Z,17,24,47.00,16,LAG_SHRINK,1,0
2026-02-18T06:01:39.913Z,17,25,20.39,17,SMART_GROW,0,0
2026-02-18T06:01:39.963Z,18,25,0.00,18,SMART_GROW,0,0
2026-02-18T06:01:40.013Z,19,24,20.68,19,SMART_GROW,0,0
2026-02-18T06:01:40.064Z,19,22,41.17,18,LAG_SHRINK,1,0
2026-02-18T06:01:40.163Z,18,23,79.79,17,LAG_SHRINK,1,0
2026-02-18T06:01:40.214Z,18,25,20.28,18,SMART_GROW,0,0
2026-02-18T06:01:40.264Z,19,25,20.37,19,SMART_GROW,0,0
2026-02-18T06:01:40.314Z,20,24,20.41,20,SMART_GROW,0,0
2026-02-18T06:01:40.363Z,20,23,36.00,19,LAG_SHRINK,0,0
2026-02-18T06:01:40.414Z,20,24,20.23,20,SMART_GROW,1,0
2026-02-18T06:01:40.464Z,21,23,0.00,21,SMART_GROW,0,0
2026-02-18T06:01:40.565Z,21,21,82.35,20,LAG_SHRINK,2,0
2026-02-18T06:01:40.663Z,20,22,78.28,19,LAG_SHRINK,1,0
2026-02-18T06:01:40.714Z,20,22,20.16,20,SMART_GROW,0,0
2026-02-18T06:01:40.766Z,21,22,20.19,21,SMART_GROW,0,0
2026-02-18T06:01:40.865Z,21,22,81.17,20,LAG_SHRINK,1,0
2026-02-18T06:01:40.915Z,21,22,20.44,21,SMART_GROW,0,0
2026-02-18T06:01:40.965Z,22,22,20.41,22,SMART_GROW,0,0
2026-02-18T06:01:41.063Z,23,20,20.44,23,SMART_GROW,1,0
2026-02-18T06:01:41.164Z,23,19,98.60,22,LAG_SHRINK,1,0
2026-02-18T06:01:41.263Z,22,18,80.77,21,LAG_SHRINK,3,0
2026-02-18T06:01:41.363Z,22,18,78.94,20,LAG_SHRINK,0,0
2026-02-18T06:01:41.413Z,21,19,20.37,21,SMART_GROW,1,0
2026-02-18T06:01:41.464Z,22,19,1.00,22,SMART_GROW,0,0
2026-02-18T06:01:41.565Z,22,18,82.54,21,LAG_SHRINK,1,0
2026-02-18T06:01:41.664Z,21,19,49.00,20,LAG_SHRINK,1,0
2026-02-18T06:01:41.762Z,21,20,20.37,21,SMART_GROW,1,0
2026-02-18T06:01:41.766Z,22,19,0.00,22,SMART_GROW,0,0
2026-02-18T06:01:41.866Z,22,15,81.30,21,LAG_SHRINK,3,0
2026-02-18T06:01:41.965Z,21,15,77.37,20,LAG_SHRINK,2,0
2026-02-18T06:01:42.065Z,20,14,50.00,19,LAG_SHRINK,3,0
2026-02-18T06:01:42.165Z,19,15,49.85,18,LAG_SHRINK,1,0
2026-02-18T06:01:42.215Z,19,17,20.19,19,SMART_GROW,0,0
2026-02-18T06:01:42.265Z,20,17,0.00,20,SMART_GROW,0,0
2026-02-18T06:01:42.364Z,20,16,81.04,19,LAG_SHRINK,1,0
2026-02-18T06:01:42.465Z,19,16,51.00,18,LAG_SHRINK,2,0
2026-02-18T06:01:42.564Z,18,14,81.89,17,LAG_SHRINK,3,0
2026-02-18T06:01:42.662Z,17,16,48.00,16,LAG_SHRINK,1,0
2026-02-18T06:01:42.713Z,17,17,20.31,17,SMART_GROW,0,0
2026-02-18T06:01:42.763Z,18,17,20.14,18,SMART_GROW,0,0
2026-02-18T06:01:42.864Z,18,17,99.25,17,LAG_SHRINK,1,0
2026-02-18T06:01:42.965Z,17,20,80.45,16,LAG_SHRINK,1,0
2026-02-18T06:01:43.063Z,17,22,78.02,15,LAG_SHRINK,0,0
2026-02-18T06:01:43.113Z,17,23,20.23,16,SMART_GROW,0,0
2026-02-18T06:01:43.163Z,17,23,20.31,17,SMART_GROW,0,0
2026-02-18T06:01:43.213Z,18,24,20.50,18,SMART_GROW,0,0
2026-02-18T06:01:43.265Z,19,23,3.00,19,SMART_GROW,0,0
2026-02-18T06:01:43.366Z,20,21,19.37,20,SMART_GROW,2,0
2026-02-18T06:01:43.468Z,20,20,52.00,19,LAG_SHRINK,2,0
2026-02-18T06:01:43.565Z,19,16,47.93,18,LAG_SHRINK,7,0
2026-02-18T06:01:43.664Z,18,16,80.25,17,LAG_SHRINK,3,0
2026-02-18T06:01:43.766Z,17,15,76.97,16,LAG_SHRINK,2,0
2026-02-18T06:01:43.816Z,17,15,20.21,17,SMART_GROW,1,0
2026-02-18T06:01:43.869Z,17,15,44.15,16,LAG_SHRINK,0,0
2026-02-18T06:01:43.962Z,16,15,43.00,15,LAG_SHRINK,1,0
2026-02-18T06:01:44.063Z,16,15,51.00,14,LAG_SHRINK,0,0
2026-02-18T06:01:44.114Z,16,16,20.58,15,SMART_GROW,0,0
2026-02-18T06:01:44.164Z,16,16,0.00,16,SMART_GROW,0,0
2026-02-18T06:01:44.260Z,17,16,20.36,17,SMART_GROW,0,0
2026-02-18T06:01:44.265Z,18,15,1.00,18,SMART_GROW,0,0
2026-02-18T06:01:44.362Z,18,13,47.00,17,LAG_SHRINK,2,0
2026-02-18T06:01:44.461Z,17,15,49.52,16,LAG_SHRINK,2,0
2026-02-18T06:01:44.512Z,17,20,20.09,17,SMART_GROW,0,0
2026-02-18T06:01:44.562Z,18,20,20.19,18,SMART_GROW,0,0
2026-02-18T06:01:44.662Z,18,22,49.83,17,LAG_SHRINK,1,0
2026-02-18T06:01:44.763Z,17,25,81.36,16,LAG_SHRINK,1,0
2026-02-18T06:01:44.813Z,18,26,20.18,18,SMART_GROW,0,0
2026-02-18T06:01:44.864Z,18,24,38.52,17,LAG_SHRINK,1,0
2026-02-18T06:01:44.962Z,17,25,80.64,16,LAG_SHRINK,1,0
2026-02-18T06:01:45.060Z,17,25,48.00,15,LAG_SHRINK,0,0
2026-02-18T06:01:45.161Z,17,25,100.30,14,LAG_SHRINK,0,0
2026-02-18T06:01:45.211Z,17,25,20.39,15,SMART_GROW,0,0
2026-02-18T06:01:45.261Z,17,25,0.00,16,SMART_GROW,0,0
2026-02-18T06:01:45.312Z,18,26,20.32,18,SMART_GROW,0,0
2026-02-18T06:01:45.362Z,19,25,1.00,19,SMART_GROW,0,0
2026-02-18T06:01:45.463Z,19,26,51.00,18,LAG_SHRINK,0,0
2026-02-18T06:01:45.513Z,20,27,20.37,20,SMART_GROW,1,0
2026-02-18T06:01:45.563Z,20,24,40.81,19,LAG_SHRINK,1,0
2026-02-18T06:01:45.662Z,20,24,78.41,18,LAG_SHRINK,0,0
2026-02-18T06:01:45.712Z,19,25,20.18,19,SMART_GROW,2,0
2026-02-18T06:01:45.763Z,19,23,39.40,18,LAG_SHRINK,1,0
2026-02-18T06:01:45.813Z,19,24,20.19,19,SMART_GROW,0,0
2026-02-18T06:01:45.863Z,20,24,0.00,20,SMART_GROW,0,0
2026-02-18T06:01:45.962Z,20,23,81.04,19,LAG_SHRINK,1,0
2026-02-18T06:01:46.062Z,19,24,50.00,18,LAG_SHRINK,1,0
2026-02-18T06:01:46.112Z,19,24,20.08,19,SMART_GROW,0,0
2026-02-18T06:01:46.162Z,20,24,20.52,20,SMART_GROW,0,0
2026-02-18T06:01:46.263Z,20,22,49.50,19,LAG_SHRINK,1,0
2026-02-18T06:01:46.362Z,19,20,79.07,18,LAG_SHRINK,3,0
2026-02-18T06:01:46.462Z,18,19,79.99,17,LAG_SHRINK,2,0
2026-02-18T06:01:46.562Z,17,20,80.05,16,LAG_SHRINK,1,0
2026-02-18T06:01:46.612Z,17,21,20.24,17,SMART_GROW,0,0
2026-02-18T06:01:46.662Z,18,21,20.28,18,SMART_GROW,0,0
2026-02-18T06:01:46.763Z,18,21,98.47,17,LAG_SHRINK,1,0
2026-02-18T06:01:46.862Z,17,22,79.53,16,LAG_SHRINK,1,0
2026-02-18T06:01:46.913Z,17,22,20.16,17,SMART_GROW,0,0
2026-02-18T06:01:46.964Z,18,22,20.16,18,SMART_GROW,0,0
2026-02-18T06:01:47.062Z,18,21,48.00,17,LAG_SHRINK,1,0
2026-02-18T06:01:47.162Z,17,22,50.15,16,LAG_SHRINK,1,0
2026-02-18T06:01:47.212Z,17,22,20.41,17,SMART_GROW,0,0
2026-02-18T06:01:47.262Z,18,22,20.34,18,SMART_GROW,0,0
2026-02-18T06:01:47.362Z,18,23,49.17,17,LAG_SHRINK,1,0
2026-02-18T06:01:47.461Z,18,25,20.42,18,SMART_GROW,0,0
2026-02-18T06:01:47.561Z,18,25,99.25,17,LAG_SHRINK,1,0
2026-02-18T06:01:47.611Z,18,25,20.23,18,SMART_GROW,2,0
2026-02-18T06:01:47.662Z,19,24,1.00,19,SMART_GROW,0,0
2026-02-18T06:01:47.763Z,19,21,51.00,18,LAG_SHRINK,2,0
2026-02-18T06:01:47.861Z,19,22,20.16,19,SMART_GROW,1,0
2026-02-18T06:01:47.963Z,19,21,51.02,18,LAG_SHRINK,1,0
2026-02-18T06:01:48.062Z,18,21,49.00,17,LAG_SHRINK,1,0
2026-02-18T06:01:48.112Z,18,22,20.20,18,SMART_GROW,0,0
2026-02-18T06:01:48.162Z,19,22,0.00,19,SMART_GROW,0,0
2026-02-18T06:01:48.263Z,19,21,81.95,18,LAG_SHRINK,1,0
2026-02-18T06:01:48.313Z,19,21,20.32,19,SMART_GROW,0,0
2026-02-18T06:01:48.363Z,20,21,20.47,20,SMART_GROW,0,0
2026-02-18T06:01:48.461Z,20,21,48.33,19,LAG_SHRINK,0,0
2026-02-18T06:01:48.512Z,20,22,20.19,20,SMART_GROW,1,0
2026-02-18T06:01:48.563Z,20,20,40.42,19,LAG_SHRINK,1,0
2026-02-18T06:01:48.613Z,20,22,20.26,20,SMART_GROW,0,0
2026-02-18T06:01:48.663Z,21,22,20.24,21,SMART_GROW,0,0
2026-02-18T06:01:48.762Z,21,21,96.83,20,LAG_SHRINK,1,0
2026-02-18T06:01:48.862Z,20,23,80.51,19,LAG_SHRINK,1,0
2026-02-18T06:01:48.913Z,20,23,20.28,20,SMART_GROW,0,0
2026-02-18T06:01:48.963Z,21,23,20.39,21,SMART_GROW,0,0
2026-02-18T06:01:49.062Z,22,22,20.23,22,SMART_GROW,1,0
2026-02-18T06:01:49.163Z,22,21,50.43,21,LAG_SHRINK,1,0
2026-02-18T06:01:49.263Z,21,21,79.07,20,LAG_SHRINK,1,0
2026-02-18T06:01:49.313Z,21,22,20.36,21,SMART_GROW,0,0
2026-02-18T06:01:49.365Z,22,22,20.39,22,SMART_GROW,0,0
2026-02-18T06:01:49.415Z,23,20,20.24,23,SMART_GROW,1,0
2026-02-18T06:01:49.465Z,23,18,37.31,22,LAG_SHRINK,1,0
2026-02-18T06:01:49.515Z,23,19,20.13,23,SMART_GROW,0,0
2026-02-18T06:01:49.565Z,24,19,20.27,24,SMART_GROW,0,0
2026-02-18T06:01:49.662Z,24,17,77.23,23,LAG_SHRINK,2,0
2026-02-18T06:01:49.712Z,24,17,20.49,24,SMART_GROW,0,0
2026-02-18T06:01:49.762Z,25,17,20.24,25,SMART_GROW,0,0
2026-02-18T06:01:49.862Z,25,17,97.55,24,LAG_SHRINK,0,0
2026-02-18T06:01:49.960Z,24,18,48.00,23,LAG_SHRINK,1,0
2026-02-18T06:01:50.011Z,24,18,20.44,24,SMART_GROW,1,0
2026-02-18T06:01:50.062Z,25,17,2.00,25,SMART_GROW,0,0
2026-02-18T06:01:50.163Z,25,15,81.63,24,LAG_SHRINK,2,0
2026-02-18T06:01:50.263Z,25,16,79.00,23,LAG_SHRINK,0,0
2026-02-18T06:01:50.313Z,24,17,20.46,24,SMART_GROW,2,0
2026-02-18T06:01:50.363Z,24,15,39.21,23,LAG_SHRINK,1,0
2026-02-18T06:01:50.463Z,23,17,79.59,22,LAG_SHRINK,1,0
2026-02-18T06:01:50.561Z,23,17,77.50,21,LAG_SHRINK,0,0
2026-02-18T06:01:50.661Z,22,18,50.00,20,LAG_SHRINK,1,0
2026-02-18T06:01:50.712Z,22,19,20.34,21,SMART_GROW,0,0
2026-02-18T06:01:50.762Z,22,19,0.00,22,SMART_GROW,0,0
2026-02-18T06:01:50.861Z,22,18,49.00,21,LAG_SHRINK,1,0
2026-02-18T06:01:50.911Z,22,19,20.42,22,SMART_GROW,1,0
2026-02-18T06:01:50.961Z,22,17,39.04,21,LAG_SHRINK,1,0
2026-02-18T06:01:51.061Z,22,18,79.13,20,LAG_SHRINK,0,0
2026-02-18T06:01:51.111Z,21,19,20.14,21,SMART_GROW,1,0
2026-02-18T06:01:51.161Z,22,19,20.18,22,SMART_GROW,0,0
2026-02-18T06:01:51.261Z,22,18,49.30,21,LAG_SHRINK,1,0
2026-02-18T06:01:51.311Z,22,20,20.19,22,SMART_GROW,0,0
2026-02-18T06:01:51.362Z,23,20,20.37,23,SMART_GROW,0,0
2026-02-18T06:01:51.412Z,24,20,20.46,24,SMART_GROW,0,0
2026-02-18T06:01:51.463Z,25,19,1.00,25,SMART_GROW,0,0
2026-02-18T06:01:51.564Z,25,16,51.00,24,LAG_SHRINK,3,0
2026-02-18T06:01:51.661Z,24,15,96.76,23,LAG_SHRINK,3,0
2026-02-18T06:01:51.764Z,23,15,81.76,22,LAG_SHRINK,1,0
2026-02-18T06:01:51.814Z,23,16,20.23,23,SMART_GROW,0,0
2026-02-18T06:01:51.864Z,23,16,36.26,22,LAG_SHRINK,0,0
2026-02-18T06:01:51.914Z,23,17,20.55,23,SMART_GROW,0,0
2026-02-18T06:01:51.964Z,23,18,38.85,22,LAG_SHRINK,0,0
2026-02-18T06:01:52.060Z,23,18,19.23,23,SMART_GROW,0,0
2026-02-18T06:01:52.111Z,24,19,20.66,24,SMART_GROW,0,0
2026-02-18T06:01:52.163Z,25,18,2.00,25,SMART_GROW,0,0
2026-02-18T06:01:52.265Z,25,15,49.89,24,LAG_SHRINK,3,0
2026-02-18T06:01:52.361Z,24,15,77.82,23,LAG_SHRINK,1,0
2026-02-18T06:01:52.411Z,24,15,20.57,24,SMART_GROW,0,0
2026-02-18T06:01:52.461Z,25,15,20.39,25,SMART_GROW,0,0
2026-02-18T06:01:52.563Z,25,15,50.06,24,LAG_SHRINK,1,0
2026-02-18T06:01:52.662Z,24,18,78.41,23,LAG_SHRINK,1,0
2026-02-18T06:01:52.712Z,24,19,20.24,24,SMART_GROW,0,0
2026-02-18T06:01:52.763Z,25,19,20.49,25,SMART_GROW,0,0
2026-02-18T06:01:52.863Z,25,18,99.19,24,LAG_SHRINK,1,0
2026-02-18T06:01:52.963Z,24,18,79.33,23,LAG_SHRINK,1,0
2026-02-18T06:01:53.013Z,24,18,20.36,24,SMART_GROW,0,0
2026-02-18T06:01:53.066Z,25,18,20.29,25,SMART_GROW,0,0
2026-02-18T06:01:53.161Z,25,16,47.42,24,LAG_SHRINK,1,0
2026-02-18T06:01:53.261Z,24,18,79.66,23,LAG_SHRINK,1,0
2026-02-18T06:01:53.312Z,24,20,20.29,24,SMART_GROW,0,0
2026-02-18T06:01:53.365Z,25,20,20.42,25,SMART_GROW,0,0
2026-02-18T06:01:53.463Z,25,17,49.23,24,LAG_SHRINK,2,0
2026-02-18T06:01:53.567Z,24,15,54.00,23,LAG_SHRINK,3,0
2026-02-18T06:01:53.663Z,23,16,95.13,22,LAG_SHRINK,1,0
2026-02-18T06:01:53.765Z,22,15,52.00,21,LAG_SHRINK,3,0
2026-02-18T06:01:53.863Z,21,14,98.14,20,LAG_SHRINK,2,0
2026-02-18T06:01:53.963Z,20,15,79.79,19,LAG_SHRINK,1,0
2026-02-18T06:01:54.013Z,20,16,19.54,20,SMART_GROW,0,0
2026-02-18T06:01:54.063Z,21,16,0.00,21,SMART_GROW,0,0
2026-02-18T06:01:54.161Z,21,14,80.71,20,LAG_SHRINK,1,0
2026-02-18T06:01:54.262Z,20,15,80.05,19,LAG_SHRINK,1,0
2026-02-18T06:01:54.312Z,20,16,20.36,20,SMART_GROW,1,0
2026-02-18T06:01:54.363Z,20,14,37.60,19,LAG_SHRINK,1,0
2026-02-18T06:01:54.462Z,20,15,80.58,18,LAG_SHRINK,0,0
2026-02-18T06:01:54.512Z,19,18,20.46,19,SMART_GROW,1,0
2026-02-18T06:01:54.562Z,20,18,0.00,20,SMART_GROW,0,0
2026-02-18T06:01:54.662Z,20,18,80.90,19,LAG_SHRINK,1,0
2026-02-18T06:01:54.762Z,19,20,79.79,18,LAG_SHRINK,1,0
2026-02-18T06:01:54.812Z,19,22,20.18,19,SMART_GROW,1,0
2026-02-18T06:01:54.862Z,20,21,20.24,20,SMART_GROW,0,0
2026-02-18T06:01:54.912Z,21,21,20.46,21,SMART_GROW,0,0
2026-02-18T06:01:54.963Z,21,19,37.57,20,LAG_SHRINK,1,0
2026-02-18T06:01:55.063Z,21,20,51.00,19,LAG_SHRINK,0,0
2026-02-18T06:01:55.161Z,20,20,48.00,18,LAG_SHRINK,1,0
2026-02-18T06:01:55.211Z,19,21,20.24,19,SMART_GROW,1,0
2026-02-18T06:01:55.260Z,20,21,0.00,20,SMART_GROW,0,0
2026-02-18T06:01:55.312Z,21,22,20.19,21,SMART_GROW,0,0
2026-02-18T06:01:55.362Z,22,21,1.00,22,SMART_GROW,0,0
2026-02-18T06:01:55.462Z,22,19,80.45,21,LAG_SHRINK,2,0
2026-02-18T06:01:55.561Z,21,20,79.92,20,LAG_SHRINK,1,0
2026-02-18T06:01:55.612Z,21,20,20.24,21,SMART_GROW,0,0
2026-02-18T06:01:55.662Z,22,20,1.00,22,SMART_GROW,0,0
2026-02-18T06:01:55.762Z,22,19,80.64,21,LAG_SHRINK,1,0
2026-02-18T06:01:55.812Z,22,21,20.24,22,SMART_GROW,0,0
2026-02-18T06:01:55.862Z,23,21,20.18,23,SMART_GROW,0,0
2026-02-18T06:01:55.961Z,23,20,98.27,22,LAG_SHRINK,0,0
2026-02-18T06:01:56.013Z,23,21,20.52,23,SMART_GROW,1,0
2026-02-18T06:01:56.063Z,23,19,41.01,22,LAG_SHRINK,1,0
2026-02-18T06:01:56.113Z,23,20,20.26,23,SMART_GROW,0,0
2026-02-18T06:01:56.163Z,23,20,37.44,22,LAG_SHRINK,0,0
2026-02-18T06:01:56.213Z,23,21,20.36,23,SMART_GROW,0,0
2026-02-18T06:01:56.263Z,24,21,0.00,24,SMART_GROW,0,0
2026-02-18T06:01:56.362Z,24,19,80.71,23,LAG_SHRINK,1,0
2026-02-18T06:01:56.462Z,23,20,79.79,22,LAG_SHRINK,1,0
2026-02-18T06:01:56.512Z,23,21,20.37,23,SMART_GROW,0,0
2026-02-18T06:01:56.562Z,24,21,20.14,24,SMART_GROW,0,0
2026-02-18T06:01:56.662Z,24,20,98.34,23,LAG_SHRINK,1,0
2026-02-18T06:01:56.762Z,23,20,79.20,22,LAG_SHRINK,1,0
2026-02-18T06:01:56.861Z,23,21,20.18,23,SMART_GROW,1,0
2026-02-18T06:01:56.965Z,24,16,20.05,24,SMART_GROW,4,0
2026-02-18T06:01:57.066Z,25,10,20.85,25,SMART_GROW,6,0
2026-02-18T06:01:57.165Z,25,7,96.57,24,LAG_SHRINK,3,0
2026-02-18T06:01:57.216Z,25,7,20.34,25,SMART_GROW,1,0
2026-02-18T06:01:57.266Z,25,5,39.44,24,LAG_SHRINK,1,0
2026-02-18T06:01:57.363Z,24,5,79.59,23,LAG_SHRINK,1,0
2026-02-18T06:01:57.414Z,24,6,20.16,24,SMART_GROW,1,0
2026-02-18T06:01:57.464Z,25,6,20.16,25,SMART_GROW,0,0
2026-02-18T06:01:57.514Z,26,5,20.36,26,SMART_GROW,0,0
2026-02-18T06:01:57.563Z,26,3,36.91,25,LAG_SHRINK,1,0
2026-02-18T06:01:57.615Z,26,3,20.18,26,SMART_GROW,0,0
2026-02-18T06:01:57.665Z,27,4,20.25,27,SMART_GROW,0,0
2026-02-18T06:01:57.762Z,27,2,79.00,26,LAG_SHRINK,1,0
2026-02-18T06:01:57.812Z,27,4,20.54,27,SMART_GROW,0,0
2026-02-18T06:01:57.861Z,28,4,0.00,28,SMART_GROW,0,0
2026-02-18T06:01:57.964Z,28,6,82.41,27,LAG_SHRINK,1,0
2026-02-18T06:01:58.063Z,27,9,49.00,26,LAG_SHRINK,2,0
2026-02-18T06:01:58.163Z,26,12,79.92,25,LAG_SHRINK,2,0
2026-02-18T06:01:58.262Z,25,14,79.59,24,LAG_SHRINK,1,0
2026-02-18T06:01:58.312Z,25,15,20.44,25,SMART_GROW,0,0
2026-02-18T06:01:58.362Z,26,15,0.00,26,SMART_GROW,0,0
2026-02-18T06:01:58.463Z,26,14,51.00,25,LAG_SHRINK,2,0
2026-02-18T06:01:58.563Z,25,13,49.88,24,LAG_SHRINK,2,0
2026-02-18T06:01:58.662Z,24,14,78.35,23,LAG_SHRINK,1,0
2026-02-18T06:01:58.712Z,24,14,20.39,24,SMART_GROW,0,0
2026-02-18T06:01:58.764Z,25,14,20.34,25,SMART_GROW,0,0
2026-02-18T06:01:58.861Z,25,14,48.62,24,LAG_SHRINK,0,0
2026-02-18T06:01:58.912Z,25,14,20.23,25,SMART_GROW,1,0
2026-02-18T06:01:58.962Z,25,12,40.65,24,LAG_SHRINK,1,0
2026-02-18T06:01:59.060Z,24,14,49.00,23,LAG_SHRINK,1,0
2026-02-18T06:01:59.162Z,23,14,50.47,22,LAG_SHRINK,3,0
2026-02-18T06:01:59.261Z,22,15,79.66,21,LAG_SHRINK,1,0
2026-02-18T06:01:59.312Z,22,16,20.46,22,SMART_GROW,0,0
2026-02-18T06:01:59.362Z,23,16,20.32,23,SMART_GROW,0,0
2026-02-18T06:01:59.463Z,23,15,98.80,22,LAG_SHRINK,1,0
2026-02-18T06:01:59.561Z,22,17,78.22,21,LAG_SHRINK,1,0
2026-02-18T06:01:59.661Z,22,18,20.37,22,SMART_GROW,1,0
2026-02-18T06:01:59.762Z,22,17,50.75,21,LAG_SHRINK,1,0
2026-02-18T06:01:59.863Z,21,16,79.66,20,LAG_SHRINK,2,0
2026-02-18T06:01:59.913Z,21,17,20.21,21,SMART_GROW,0,0
2026-02-18T06:01:59.964Z,22,18,20.20,22,SMART_GROW,0,0
2026-02-18T06:02:00.062Z,22,17,48.00,21,LAG_SHRINK,1,0
2026-02-18T06:02:00.161Z,21,19,49.84,20,LAG_SHRINK,1,0
2026-02-18T06:02:00.212Z,21,20,20.32,21,SMART_GROW,1,0
2026-02-18T06:02:00.263Z,21,18,39.80,20,LAG_SHRINK,1,0
2026-02-18T06:02:00.361Z,20,19,48.00,19,LAG_SHRINK,1,0
2026-02-18T06:02:00.411Z,20,19,20.37,20,SMART_GROW,0,0
2026-02-18T06:02:00.461Z,21,19,20.32,21,SMART_GROW,0,0
2026-02-18T06:02:00.563Z,21,19,100.63,20,LAG_SHRINK,0,0
2026-02-18T06:02:00.614Z,21,21,20.49,21,SMART_GROW,1,0
2026-02-18T06:02:00.664Z,21,19,38.98,20,LAG_SHRINK,1,0
2026-02-18T06:02:00.763Z,20,19,80.84,19,LAG_SHRINK,1,0
2026-02-18T06:02:00.814Z,20,21,20.32,20,SMART_GROW,0,0
2026-02-18T06:02:00.864Z,21,21,20.34,21,SMART_GROW,0,0
2026-02-18T06:02:00.963Z,21,20,49.31,20,LAG_SHRINK,1,0
2026-02-18T06:02:01.061Z,20,20,78.15,19,LAG_SHRINK,1,0
2026-02-18T06:02:01.111Z,20,21,20.42,20,SMART_GROW,0,0
2026-02-18T06:02:01.161Z,21,21,0.00,21,SMART_GROW,0,0
2026-02-18T06:02:01.211Z,22,22,19.67,22,SMART_GROW,0,0
2026-02-18T06:02:01.263Z,23,21,2.00,23,SMART_GROW,0,0
2026-02-18T06:02:01.364Z,23,20,51.00,22,LAG_SHRINK,2,0
2026-02-18T06:02:01.463Z,22,20,98.01,21,LAG_SHRINK,1,0
2026-02-18T06:02:01.513Z,22,20,20.42,22,SMART_GROW,1,0
2026-02-18T06:02:01.564Z,22,18,40.12,21,LAG_SHRINK,1,0
2026-02-18T06:02:01.615Z,22,19,20.29,22,SMART_GROW,1,0
2026-02-18T06:02:01.665Z,22,18,39.04,21,LAG_SHRINK,1,0
2026-02-18T06:02:01.763Z,21,17,80.05,20,LAG_SHRINK,2,0
2026-02-18T06:02:01.862Z,20,18,79.20,19,LAG_SHRINK,1,0
2026-02-18T06:02:01.913Z,20,18,20.60,20,SMART_GROW,1,0
2026-02-18T06:02:01.963Z,21,17,20.41,21,SMART_GROW,0,0
2026-02-18T06:02:02.061Z,22,18,20.15,22,SMART_GROW,0,0
2026-02-18T06:02:02.161Z,22,16,49.66,21,LAG_SHRINK,1,0
2026-02-18T06:02:02.211Z,22,16,20.90,22,SMART_GROW,0,0
2026-02-18T06:02:02.261Z,23,16,0.00,23,SMART_GROW,0,0
2026-02-18T06:02:02.362Z,23,15,51.00,22,LAG_SHRINK,1,0
2026-02-18T06:02:02.461Z,23,17,98.80,21,LAG_SHRINK,0,0
2026-02-18T06:02:02.513Z,22,18,20.28,22,SMART_GROW,1,0
2026-02-18T06:02:02.563Z,23,18,20.21,23,SMART_GROW,0,0
2026-02-18T06:02:02.662Z,23,18,80.51,22,LAG_SHRINK,1,0
2026-02-18T06:02:02.761Z,23,20,78.09,21,LAG_SHRINK,0,0
2026-02-18T06:02:02.812Z,22,21,20.11,22,SMART_GROW,1,0
2026-02-18T06:02:02.862Z,23,21,20.37,23,SMART_GROW,0,0
2026-02-18T06:02:02.963Z,23,21,50.52,22,LAG_SHRINK,1,0
2026-02-18T06:02:03.063Z,22,21,50.00,21,LAG_SHRINK,1,0
2026-02-18T06:02:03.113Z,22,22,20.08,22,SMART_GROW,0,0
2026-02-18T06:02:03.163Z,23,21,0.00,23,SMART_GROW,1,0
2026-02-18T06:02:03.263Z,23,20,82.80,22,LAG_SHRINK,0,0
2026-02-18T06:02:03.364Z,22,18,80.64,21,LAG_SHRINK,3,0
2026-02-18T06:02:03.462Z,21,19,77.96,20,LAG_SHRINK,1,0
2026-02-18T06:02:03.513Z,21,20,20.39,21,SMART_GROW,0,0
2026-02-18T06:02:03.564Z,22,20,20.29,22,SMART_GROW,0,0
2026-02-18T06:02:03.660Z,22,17,47.35,21,LAG_SHRINK,2,0
2026-02-18T06:02:03.710Z,22,18,19.21,22,SMART_GROW,0,0
2026-02-18T06:02:03.761Z,23,18,1.00,23,SMART_GROW,0,0
2026-02-18T06:02:03.863Z,23,16,81.82,22,LAG_SHRINK,2,0
2026-02-18T06:02:03.962Z,22,16,79.53,21,LAG_SHRINK,1,0
2026-02-18T06:02:04.012Z,22,17,19.47,22,SMART_GROW,0,0
2026-02-18T06:02:04.062Z,23,17,20.19,23,SMART_GROW,0,0
2026-02-18T06:02:04.165Z,24,15,20.05,24,SMART_GROW,2,0
2026-02-18T06:02:04.264Z,24,14,95.78,23,LAG_SHRINK,1,0
2026-02-18T06:02:04.364Z,23,12,81.10,22,LAG_SHRINK,5,0
2026-02-18T06:02:04.414Z,23,13,20.36,23,SMART_GROW,1,0
2026-02-18T06:02:04.465Z,24,12,20.26,24,SMART_GROW,0,0
2026-02-18T06:02:04.563Z,24,11,79.79,23,LAG_SHRINK,1,0
2026-02-18T06:02:04.661Z,24,13,78.02,22,LAG_SHRINK,0,0
2026-02-18T06:02:04.712Z,23,13,20.34,23,SMART_GROW,1,0
2026-02-18T06:02:04.763Z,24,13,20.28,24,SMART_GROW,0,0
2026-02-18T06:02:04.863Z,24,12,79.59,23,LAG_SHRINK,1,0
2026-02-18T06:02:04.962Z,24,13,78.35,22,LAG_SHRINK,0,0
2026-02-18T06:02:05.012Z,23,14,20.26,23,SMART_GROW,2,0
2026-02-18T06:02:05.063Z,23,11,41.04,22,LAG_SHRINK,2,0
2026-02-18T06:02:05.162Z,23,12,81.76,21,LAG_SHRINK,0,0
2026-02-18T06:02:05.213Z,22,14,20.28,22,SMART_GROW,2,0
2026-02-18T06:02:05.262Z,23,13,0.00,23,SMART_GROW,0,0
2026-02-18T06:02:05.363Z,23,14,81.10,22,LAG_SHRINK,2,0
2026-02-18T06:02:05.413Z,23,16,20.31,23,SMART_GROW,0,0
2026-02-18T06:02:05.463Z,24,16,0.00,24,SMART_GROW,0,0
2026-02-18T06:02:05.562Z,24,15,80.90,23,LAG_SHRINK,0,0
2026-02-18T06:02:05.661Z,23,16,49.00,22,LAG_SHRINK,1,0
2026-02-18T06:02:05.713Z,23,17,20.37,23,SMART_GROW,1,0
2026-02-18T06:02:05.764Z,24,15,1.00,24,SMART_GROW,1,0
2026-02-18T06:02:05.863Z,24,12,79.59,23,LAG_SHRINK,2,0
2026-02-18T06:02:05.963Z,23,11,82.02,22,LAG_SHRINK,3,0
2026-02-18T06:02:06.061Z,23,13,48.00,21,LAG_SHRINK,0,0
2026-02-18T06:02:06.112Z,22,15,20.39,22,SMART_GROW,1,0
2026-02-18T06:02:06.162Z,23,15,20.36,23,SMART_GROW,0,0
2026-02-18T06:02:06.262Z,23,16,49.52,22,LAG_SHRINK,0,0
2026-02-18T06:02:06.314Z,23,17,20.21,23,SMART_GROW,1,0
2026-02-18T06:02:06.363Z,24,16,0.00,24,SMART_GROW,0,0
2026-02-18T06:02:06.465Z,24,14,52.00,23,LAG_SHRINK,2,0
2026-02-18T06:02:06.564Z,23,12,96.04,22,LAG_SHRINK,3,0
2026-02-18T06:02:06.662Z,22,12,78.74,21,LAG_SHRINK,2,0
2026-02-18T06:02:06.763Z,21,13,80.38,20,LAG_SHRINK,1,0
2026-02-18T06:02:06.813Z,21,16,19.70,21,SMART_GROW,0,0
2026-02-18T06:02:06.863Z,21,16,37.04,20,LAG_SHRINK,0,0
2026-02-18T06:02:06.961Z,21,18,47.00,19,LAG_SHRINK,0,0
2026-02-18T06:02:07.011Z,21,19,20.21,20,SMART_GROW,0,0
2026-02-18T06:02:07.062Z,21,19,20.17,21,SMART_GROW,0,0
2026-02-18T06:02:07.160Z,21,20,48.00,20,LAG_SHRINK,0,0
2026-02-18T06:02:07.211Z,21,20,20.50,21,SMART_GROW,0,0
2026-02-18T06:02:07.261Z,22,20,20.36,22,SMART_GROW,0,0
2026-02-18T06:02:07.311Z,23,20,20.26,23,SMART_GROW,0,0
2026-02-18T06:02:07.362Z,23,18,38.09,22,LAG_SHRINK,1,0
2026-02-18T06:02:07.462Z,22,18,80.38,21,LAG_SHRINK,2,0
2026-02-18T06:02:07.561Z,21,21,78.87,20,LAG_SHRINK,1,0
2026-02-18T06:02:07.612Z,21,23,20.24,21,SMART_GROW,0,0
2026-02-18T06:02:07.662Z,22,23,20.31,22,SMART_GROW,0,0
2026-02-18T06:02:07.763Z,22,20,99.19,21,LAG_SHRINK,3,0
2026-02-18T06:02:07.861Z,21,20,78.41,20,LAG_SHRINK,2,0
2026-02-18T06:02:07.960Z,21,20,49.00,19,LAG_SHRINK,0,0
2026-02-18T06:02:08.011Z,21,20,20.39,20,SMART_GROW,0,0
2026-02-18T06:02:08.061Z,21,20,20.28,21,SMART_GROW,0,0
2026-02-18T06:02:08.111Z,22,20,20.62,22,SMART_GROW,0,0
2026-02-18T06:02:08.162Z,22,18,38.26,21,LAG_SHRINK,1,0
2026-02-18T06:02:08.261Z,21,18,79.00,20,LAG_SHRINK,1,0
2026-02-18T06:02:08.312Z,21,18,20.23,21,SMART_GROW,0,0
2026-02-18T06:02:08.362Z,22,18,20.31,22,SMART_GROW,0,0
2026-02-18T06:02:08.466Z,22,17,99.84,21,LAG_SHRINK,2,0
2026-02-18T06:02:08.562Z,21,18,78.02,20,LAG_SHRINK,1,0
2026-02-18T06:02:08.661Z,20,19,79.20,19,LAG_SHRINK,1,0
2026-02-18T06:02:08.711Z,20,21,19.46,20,SMART_GROW,0,0
2026-02-18T06:02:08.761Z,21,21,20.31,21,SMART_GROW,0,0
2026-02-18T06:02:08.862Z,21,21,50.18,20,LAG_SHRINK,1,0
2026-02-18T06:02:08.963Z,20,21,80.77,19,LAG_SHRINK,2,0
2026-02-18T06:02:09.013Z,20,21,20.80,20,SMART_GROW,0,0
2026-02-18T06:02:09.063Z,21,21,20.37,21,SMART_GROW,0,0
2026-02-18T06:02:09.163Z,21,19,96.11,20,LAG_SHRINK,1,0
2026-02-18T06:02:09.261Z,21,20,20.57,21,SMART_GROW,0,0
2026-02-18T06:02:09.311Z,22,20,19.65,22,SMART_GROW,1,0
2026-02-18T06:02:09.363Z,22,18,39.17,21,LAG_SHRINK,1,0
2026-02-18T06:02:09.462Z,21,19,49.00,20,LAG_SHRINK,1,0
2026-02-18T06:02:09.513Z,21,21,20.28,21,SMART_GROW,0,0
2026-02-18T06:02:09.563Z,22,21,0.00,22,SMART_GROW,0,0
2026-02-18T06:02:09.662Z,22,21,49.00,21,LAG_SHRINK,0,0
2026-02-18T06:02:09.763Z,21,19,49.46,20,LAG_SHRINK,3,0
2026-02-18T06:02:09.861Z,20,19,47.00,19,LAG_SHRINK,1,0
2026-02-18T06:02:09.911Z,20,21,20.28,20,SMART_GROW,1,0
2026-02-18T06:02:09.961Z,20,20,39.70,19,LAG_SHRINK,0,0
2026-02-18T06:02:10.011Z,20,21,19.77,20,SMART_GROW,1,0
2026-02-18T06:02:10.062Z,20,19,40.42,19,LAG_SHRINK,1,0
2026-02-18T06:02:10.162Z,20,19,50.00,18,LAG_SHRINK,0,0
2026-02-18T06:02:10.212Z,19,20,19.91,19,SMART_GROW,1,0
2026-02-18T06:02:10.262Z,20,20,20.28,20,SMART_GROW,0,0
2026-02-18T06:02:10.361Z,20,19,49.51,19,LAG_SHRINK,1,0
2026-02-18T06:02:10.462Z,19,20,79.07,18,LAG_SHRINK,1,0
2026-02-18T06:02:10.561Z,19,21,50.00,17,LAG_SHRINK,0,0
2026-02-18T06:02:10.611Z,19,21,20.31,18,SMART_GROW,0,0
2026-02-18T06:02:10.661Z,19,21,20.28,19,SMART_GROW,0,0
2026-02-18T06:02:10.712Z,20,24,19.94,20,SMART_GROW,0,0
2026-02-18T06:02:10.763Z,21,23,2.00,21,SMART_GROW,0,0
2026-02-18T06:02:10.864Z,21,22,51.00,20,LAG_SHRINK,1,0
2026-02-18T06:02:10.963Z,20,22,95.91,19,LAG_SHRINK,2,0
2026-02-18T06:02:11.013Z,20,23,19.21,20,SMART_GROW,1,0
2026-02-18T06:02:11.064Z,20,21,42.48,19,LAG_SHRINK,1,0
2026-02-18T06:02:11.114Z,20,22,20.21,20,SMART_GROW,0,0
2026-02-18T06:02:11.165Z,21,21,20.47,21,SMART_GROW,1,0
2026-02-18T06:02:11.265Z,21,18,95.85,20,LAG_SHRINK,3,0
2026-02-18T06:02:11.365Z,20,15,50.00,19,LAG_SHRINK,4,0
2026-02-18T06:02:11.463Z,19,15,97.42,18,LAG_SHRINK,2,0
2026-02-18T06:02:11.563Z,18,16,79.53,17,LAG_SHRINK,1,0
2026-02-18T06:02:11.613Z,18,16,20.29,18,SMART_GROW,0,0
2026-02-18T06:02:11.663Z,19,16,20.37,19,SMART_GROW,0,0
2026-02-18T06:02:11.763Z,19,14,49.56,18,LAG_SHRINK,1,0
2026-02-18T06:02:11.862Z,19,15,77.96,17,LAG_SHRINK,0,0
2026-02-18T06:02:11.912Z,18,17,20.26,18,SMART_GROW,1,0
2026-02-18T06:02:11.963Z,19,17,20.34,19,SMART_GROW,0,0
2026-02-18T06:02:12.063Z,20,15,19.91,20,SMART_GROW,2,0
2026-02-18T06:02:12.162Z,20,12,49.30,19,LAG_SHRINK,2,0
2026-02-18T06:02:12.263Z,19,14,82.15,18,LAG_SHRINK,4,0
2026-02-18T06:02:12.362Z,18,17,79.66,17,LAG_SHRINK,1,0
2026-02-18T06:02:12.413Z,18,19,20.32,18,SMART_GROW,0,0
2026-02-18T06:02:12.464Z,19,19,20.41,19,SMART_GROW,0,0
2026-02-18T06:02:12.563Z,19,18,49.39,18,LAG_SHRINK,1,0
2026-02-18T06:02:12.662Z,18,19,79.33,17,LAG_SHRINK,1,0
2026-02-18T06:02:12.713Z,18,19,20.39,18,SMART_GROW,0,0
2026-02-18T06:02:12.764Z,19,19,20.32,19,SMART_GROW,0,0
2026-02-18T06:02:12.861Z,19,19,48.32,18,LAG_SHRINK,0,0
2026-02-18T06:02:12.912Z,19,20,20.42,19,SMART_GROW,1,0
2026-02-18T06:02:12.963Z,20,19,0.00,20,SMART_GROW,0,0
2026-02-18T06:02:13.065Z,20,17,53.00,19,LAG_SHRINK,2,0
2026-02-18T06:02:13.164Z,19,18,98.53,18,LAG_SHRINK,3,0
2026-02-18T06:02:13.263Z,19,21,49.00,17,LAG_SHRINK,0,0
2026-02-18T06:02:13.314Z,18,22,20.46,18,SMART_GROW,1,0
2026-02-18T06:02:13.364Z,19,22,20.44,19,SMART_GROW,0,0
2026-02-18T06:02:13.463Z,19,21,48.61,18,LAG_SHRINK,1,0
2026-02-18T06:02:13.562Z,18,21,79.13,17,LAG_SHRINK,1,0
2026-02-18T06:02:13.612Z,18,22,20.29,18,SMART_GROW,0,0
2026-02-18T06:02:13.662Z,19,22,0.00,19,SMART_GROW,0,0
2026-02-18T06:02:13.763Z,19,21,81.17,18,LAG_SHRINK,1,0
2026-02-18T06:02:13.862Z,18,21,79.40,17,LAG_SHRINK,1,0
2026-02-18T06:02:13.962Z,18,22,50.00,16,LAG_SHRINK,0,0
2026-02-18T06:02:14.012Z,18,23,20.18,17,SMART_GROW,0,0
2026-02-18T06:02:14.060Z,18,23,20.28,18,SMART_GROW,0,0
2026-02-18T06:02:14.111Z,20,26,20.39,20,SMART_GROW,0,0
2026-02-18T06:02:14.268Z,20,24,105.09,19,LAG_SHRINK,1,0
2026-02-18T06:02:14.360Z,19,25,42.00,18,LAG_SHRINK,1,0
2026-02-18T06:02:14.410Z,19,25,20.21,19,SMART_GROW,1,0
2026-02-18T06:02:14.461Z,19,23,41.17,18,LAG_SHRINK,1,0
2026-02-18T06:02:14.559Z,18,24,79.59,17,LAG_SHRINK,1,0
2026-02-18T06:02:14.610Z,18,25,20.21,18,SMART_GROW,0,0
2026-02-18T06:02:14.660Z,19,25,20.14,19,SMART_GROW,0,0
2026-02-18T06:02:14.710Z,20,24,20.35,20,SMART_GROW,0,0
2026-02-18T06:02:14.761Z,20,22,38.55,19,LAG_SHRINK,1,0
2026-02-18T06:02:14.861Z,19,22,79.99,18,LAG_SHRINK,2,0
2026-02-18T06:02:14.960Z,18,22,78.41,17,LAG_SHRINK,2,0
2026-02-18T06:02:15.060Z,17,21,79.92,16,LAG_SHRINK,2,0
2026-02-18T06:02:15.110Z,17,19,20.50,17,SMART_GROW,3,0
2026-02-18T06:02:15.161Z,18,18,2.00,18,SMART_GROW,0,0
2026-02-18T06:02:15.261Z,18,16,50.00,17,LAG_SHRINK,1,0
2026-02-18T06:02:15.313Z,18,16,20.19,18,SMART_GROW,2,0
2026-02-18T06:02:15.362Z,19,16,0.00,19,SMART_GROW,1,0
2026-02-18T06:02:15.461Z,19,15,81.49,18,LAG_SHRINK,0,0
2026-02-18T06:02:15.511Z,19,15,20.21,19,SMART_GROW,2,0
2026-02-18T06:02:15.562Z,20,13,2.00,20,SMART_GROW,1,0
2026-02-18T06:02:15.659Z,20,13,79.99,19,LAG_SHRINK,0,0
2026-02-18T06:02:15.710Z,20,13,20.37,20,SMART_GROW,1,0
2026-02-18T06:02:15.760Z,20,12,38.72,19,LAG_SHRINK,0,0
2026-02-18T06:02:15.811Z,20,14,20.18,20,SMART_GROW,1,0
2026-02-18T06:02:15.861Z,21,13,1.00,21,SMART_GROW,0,0
2026-02-18T06:02:15.963Z,21,11,52.00,20,LAG_SHRINK,3,0
2026-02-18T06:02:16.060Z,20,13,47.00,19,LAG_SHRINK,1,0
2026-02-18T06:02:16.158Z,19,17,49.33,18,LAG_SHRINK,1,0
2026-02-18T06:02:16.259Z,19,18,20.37,19,SMART_GROW,1,0
2026-02-18T06:02:16.309Z,20,19,19.97,20,SMART_GROW,0,0
2026-02-18T06:02:16.359Z,20,18,40.42,19,LAG_SHRINK,0,0
2026-02-18T06:02:16.409Z,20,19,20.14,20,SMART_GROW,1,0
2026-02-18T06:02:16.459Z,21,18,0.00,21,SMART_GROW,0,0
2026-02-18T06:02:16.560Z,21,18,79.66,20,LAG_SHRINK,1,0
2026-02-18T06:02:16.610Z,21,19,20.36,21,SMART_GROW,1,0
2026-02-18T06:02:16.660Z,21,17,39.53,20,LAG_SHRINK,1,0
2026-02-18T06:02:16.760Z,20,17,80.25,19,LAG_SHRINK,2,0
2026-02-18T06:02:16.860Z,19,18,80.58,18,LAG_SHRINK,1,0
2026-02-18T06:02:16.911Z,19,20,20.46,19,SMART_GROW,0,0
2026-02-18T06:02:16.961Z,20,20,0.00,20,SMART_GROW,0,0
2026-02-18T06:02:17.060Z,20,20,81.30,19,LAG_SHRINK,1,0
2026-02-18T06:02:17.159Z,20,21,20.34,20,SMART_GROW,0,0
2026-02-18T06:02:17.210Z,21,22,20.00,21,SMART_GROW,0,0
2026-02-18T06:02:17.261Z,22,21,0.00,22,SMART_GROW,0,0
2026-02-18T06:02:17.361Z,22,18,51.00,21,LAG_SHRINK,2,0
2026-02-18T06:02:17.459Z,21,15,79.59,20,LAG_SHRINK,5,0
2026-02-18T06:02:17.509Z,21,16,21.05,21,SMART_GROW,0,0
2026-02-18T06:02:17.558Z,21,16,38.62,20,LAG_SHRINK,0,0
2026-02-18T06:02:17.609Z,21,17,20.24,21,SMART_GROW,1,0
2026-02-18T06:02:17.659Z,22,16,0.00,22,SMART_GROW,0,0
2026-02-18T06:02:17.760Z,22,14,80.18,21,LAG_SHRINK,3,0
2026-02-18T06:02:17.862Z,21,14,83.20,20,LAG_SHRINK,2,0
2026-02-18T06:02:17.960Z,20,15,48.00,19,LAG_SHRINK,1,0
2026-02-18T06:02:18.011Z,20,15,20.48,20,SMART_GROW,1,0
2026-02-18T06:02:18.061Z,20,13,38.55,19,LAG_SHRINK,1,0
2026-02-18T06:02:18.111Z,20,14,20.37,20,SMART_GROW,0,0
2026-02-18T06:02:18.161Z,21,14,20.34,21,SMART_GROW,0,0
2026-02-18T06:02:18.259Z,21,12,48.41,20,LAG_SHRINK,1,0
2026-02-18T06:02:18.363Z,20,12,54.00,19,LAG_SHRINK,3,0
2026-02-18T06:02:18.460Z,20,17,19.98,20,SMART_GROW,1,0
2026-02-18T06:02:18.560Z,20,13,50.11,19,LAG_SHRINK,3,0
2026-02-18T06:02:18.659Z,19,14,79.59,18,LAG_SHRINK,1,0
2026-02-18T06:02:18.759Z,19,16,79.33,17,LAG_SHRINK,0,0
2026-02-18T06:02:18.859Z,18,18,49.00,16,LAG_SHRINK,1,0
2026-02-18T06:02:18.909Z,18,20,20.19,17,SMART_GROW,0,0
2026-02-18T06:02:18.960Z,18,20,1.00,18,SMART_GROW,0,0
2026-02-18T06:02:19.060Z,18,19,80.90,17,LAG_SHRINK,2,0
2026-02-18T06:02:19.159Z,17,19,78.15,16,LAG_SHRINK,2,0
2026-02-18T06:02:19.209Z,17,19,20.23,17,SMART_GROW,0,0
2026-02-18T06:02:19.259Z,18,19,20.21,18,SMART_GROW,0,0
2026-02-18T06:02:19.360Z,18,20,50.05,17,LAG_SHRINK,1,0
2026-02-18T06:02:19.459Z,17,22,50.00,16,LAG_SHRINK,1,0
2026-02-18T06:02:19.509Z,17,24,20.11,17,SMART_GROW,1,0
2026-02-18T06:02:19.560Z,18,23,20.19,18,SMART_GROW,0,0
2026-02-18T06:02:19.660Z,18,23,49.78,17,LAG_SHRINK,0,0
2026-02-18T06:02:19.710Z,18,24,20.11,18,SMART_GROW,1,0
2026-02-18T06:02:19.759Z,18,22,39.90,17,LAG_SHRINK,1,0
2026-02-18T06:02:19.860Z,17,23,80.31,16,LAG_SHRINK,1,0
2026-02-18T06:02:19.910Z,17,23,20.31,17,SMART_GROW,0,0
2026-02-18T06:02:19.961Z,18,23,20.49,18,SMART_GROW,0,0
2026-02-18T06:02:20.060Z,18,22,49.48,17,LAG_SHRINK,1,0
2026-02-18T06:02:20.161Z,18,24,80.84,16,LAG_SHRINK,0,0
2026-02-18T06:02:20.211Z,17,25,19.32,17,SMART_GROW,1,0
2026-02-18T06:02:20.261Z,18,25,20.28,18,SMART_GROW,0,0
2026-02-18T06:02:20.360Z,18,24,49.41,17,LAG_SHRINK,0,0
2026-02-18T06:02:20.459Z,17,25,49.00,16,LAG_SHRINK,2,0
2026-02-18T06:02:20.511Z,18,26,20.38,18,SMART_GROW,1,0
2026-02-18T06:02:20.561Z,18,23,39.47,17,LAG_SHRINK,1,0
2026-02-18T06:02:20.658Z,17,23,78.48,16,LAG_SHRINK,1,0
2026-02-18T06:02:20.709Z,17,24,20.26,17,SMART_GROW,0,0
2026-02-18T06:02:20.759Z,18,24,20.26,18,SMART_GROW,0,0
2026-02-18T06:02:20.860Z,18,23,99.71,17,LAG_SHRINK,1,0
2026-02-18T06:02:20.959Z,17,24,78.94,16,LAG_SHRINK,1,0
2026-02-18T06:02:21.009Z,17,24,20.14,17,SMART_GROW,0,0
2026-02-18T06:02:21.060Z,18,25,20.16,18,SMART_GROW,0,0
2026-02-18T06:02:21.160Z,18,22,49.98,17,LAG_SHRINK,2,0
2026-02-18T06:02:21.259Z,17,23,79.79,16,LAG_SHRINK,1,0
2026-02-18T06:02:21.310Z,17,23,20.34,17,SMART_GROW,0,0
2026-02-18T06:02:21.360Z,18,23,0.00,18,SMART_GROW,0,0
2026-02-18T06:02:21.411Z,19,24,20.24,19,SMART_GROW,0,0
2026-02-18T06:02:21.461Z,20,23,0.00,20,SMART_GROW,0,0
2026-02-18T06:02:21.563Z,20,21,53.00,19,LAG_SHRINK,2,0
2026-02-18T06:02:21.661Z,19,21,95.52,18,LAG_SHRINK,3,0
2026-02-18T06:02:21.758Z,19,21,20.29,19,SMART_GROW,1,0
2026-02-18T06:02:21.760Z,20,20,0.00,20,SMART_GROW,0,0
2026-02-18T06:02:21.860Z,20,18,81.30,19,LAG_SHRINK,1,0
2026-02-18T06:02:21.960Z,19,19,79.20,18,LAG_SHRINK,1,0
2026-02-18T06:02:22.010Z,19,20,20.64,19,SMART_GROW,1,0
2026-02-18T06:02:22.061Z,19,18,39.80,18,LAG_SHRINK,1,0
2026-02-18T06:02:22.161Z,18,18,79.53,17,LAG_SHRINK,2,0
2026-02-18T06:02:22.259Z,18,19,77.50,16,LAG_SHRINK,0,0
2026-02-18T06:02:22.309Z,17,20,20.29,17,SMART_GROW,1,0
2026-02-18T06:02:22.359Z,18,20,0.00,18,SMART_GROW,0,0
2026-02-18T06:02:22.409Z,19,18,20.34,19,SMART_GROW,1,0
2026-02-18T06:02:22.459Z,19,17,38.52,18,LAG_SHRINK,0,0
2026-02-18T06:02:22.509Z,19,18,20.42,19,SMART_GROW,0,0
2026-02-18T06:02:22.559Z,20,18,20.24,20,SMART_GROW,0,0
2026-02-18T06:02:22.659Z,20,20,99.12,19,LAG_SHRINK,1,0
2026-02-18T06:02:22.761Z,19,21,80.31,18,LAG_SHRINK,1,0
2026-02-18T06:02:22.811Z,19,21,20.31,19,SMART_GROW,0,0
2026-02-18T06:02:22.862Z,20,21,20.32,20,SMART_GROW,0,0
2026-02-18T06:02:22.960Z,20,20,49.17,19,LAG_SHRINK,1,0
2026-02-18T06:02:23.061Z,20,22,51.00,18,LAG_SHRINK,0,0
2026-02-18T06:02:23.111Z,19,24,20.24,19,SMART_GROW,1,0
2026-02-18T06:02:23.161Z,20,24,0.00,20,SMART_GROW,0,0
2026-02-18T06:02:23.261Z,20,23,82.08,19,LAG_SHRINK,1,0
2026-02-18T06:02:23.362Z,19,24,80.84,18,LAG_SHRINK,1,0
2026-02-18T06:02:23.412Z,19,25,20.21,19,SMART_GROW,0,0
2026-02-18T06:02:23.463Z,20,25,20.37,20,SMART_GROW,0,0
2026-02-18T06:02:23.561Z,20,23,48.74,19,LAG_SHRINK,1,0
2026-02-18T06:02:23.661Z,19,22,79.92,18,LAG_SHRINK,2,0
2026-02-18T06:02:23.761Z,18,23,79.13,17,LAG_SHRINK,1,0
2026-02-18T06:02:23.811Z,18,24,20.34,18,SMART_GROW,0,0
2026-02-18T06:02:23.863Z,19,24,20.29,19,SMART_GROW,0,0
2026-02-18T06:02:23.960Z,19,22,48.84,18,LAG_SHRINK,1,0
2026-02-18T06:02:24.061Z,19,23,51.00,17,LAG_SHRINK,0,0
2026-02-18T06:02:24.111Z,18,24,20.00,18,SMART_GROW,1,0
2026-02-18T06:02:24.162Z,19,24,20.29,19,SMART_GROW,0,0
2026-02-18T06:02:24.261Z,19,22,78.09,18,LAG_SHRINK,1,0
2026-02-18T06:02:24.311Z,19,23,20.26,19,SMART_GROW,0,0
2026-02-18T06:02:24.361Z,20,22,20.34,20,SMART_GROW,1,0
2026-02-18T06:02:24.461Z,20,22,50.00,19,LAG_SHRINK,0,0
2026-02-18T06:02:24.560Z,19,18,49.07,18,LAG_SHRINK,5,0
2026-02-18T06:02:24.659Z,18,18,79.20,17,LAG_SHRINK,3,0
2026-02-18T06:02:24.759Z,18,19,79.79,16,LAG_SHRINK,0,0
2026-02-18T06:02:24.810Z,17,20,20.19,17,SMART_GROW,1,0
2026-02-18T06:02:24.860Z,18,20,20.25,18,SMART_GROW,0,0
2026-02-18T06:02:24.960Z,18,18,80.25,17,LAG_SHRINK,1,0
2026-02-18T06:02:25.060Z,17,19,79.99,16,LAG_SHRINK,1,0
2026-02-18T06:02:25.159Z,17,20,78.54,15,LAG_SHRINK,0,0
2026-02-18T06:02:25.209Z,17,20,20.59,16,SMART_GROW,0,0
2026-02-18T06:02:25.258Z,17,20,0.00,17,SMART_GROW,0,0
2026-02-18T06:02:25.309Z,18,21,20.16,18,SMART_GROW,0,0
2026-02-18T06:02:25.360Z,19,20,1.00,19,SMART_GROW,0,0
2026-02-18T06:02:25.461Z,19,16,50.48,18,LAG_SHRINK,4,0
2026-02-18T06:02:25.559Z,18,18,78.41,17,LAG_SHRINK,2,0
2026-02-18T06:02:25.609Z,18,22,20.14,18,SMART_GROW,0,0
2026-02-18T06:02:25.659Z,19,22,20.49,19,SMART_GROW,0,0
2026-02-18T06:02:25.760Z,19,21,98.53,18,LAG_SHRINK,1,0
2026-02-18T06:02:25.810Z,19,22,20.37,19,SMART_GROW,0,0
2026-02-18T06:02:25.860Z,20,22,20.28,20,SMART_GROW,0,0
2026-02-18T06:02:25.963Z,20,19,99.19,19,LAG_SHRINK,2,0
2026-02-18T06:02:26.014Z,20,20,20.50,20,SMART_GROW,1,0
2026-02-18T06:02:26.063Z,20,19,38.45,19,LAG_SHRINK,1,0
2026-02-18T06:02:26.161Z,19,19,80.31,18,LAG_SHRINK,1,0
2026-02-18T06:02:26.211Z,19,19,20.26,19,SMART_GROW,0,0
2026-02-18T06:02:26.264Z,20,19,20.37,20,SMART_GROW,0,0
2026-02-18T06:02:26.363Z,21,17,20.26,21,SMART_GROW,1,0
2026-02-18T06:02:26.466Z,22,14,19.34,22,SMART_GROW,4,0
2026-02-18T06:02:26.568Z,22,12,95.32,21,LAG_SHRINK,5,0
2026-02-18T06:02:26.661Z,22,12,43.00,20,LAG_SHRINK,0,0
2026-02-18T06:02:26.760Z,20,9,96.96,19,LAG_SHRINK,5,0
2026-02-18T06:02:26.859Z,19,8,81.10,18,LAG_SHRINK,3,0
2026-02-18T06:02:26.958Z,19,9,49.00,17,LAG_SHRINK,0,0
2026-02-18T06:02:27.009Z,19,11,20.14,18,SMART_GROW,0,0
2026-02-18T06:02:27.060Z,19,11,20.23,19,SMART_GROW,0,0
2026-02-18T06:02:27.158Z,20,12,20.18,20,SMART_GROW,0,0
2026-02-18T06:02:27.161Z,21,11,0.00,21,SMART_GROW,0,0
2026-02-18T06:02:27.259Z,21,10,80.12,20,LAG_SHRINK,1,0
2026-02-18T06:02:27.359Z,20,11,79.72,19,LAG_SHRINK,1,0
2026-02-18T06:02:27.459Z,19,14,50.00,18,LAG_SHRINK,1,0
2026-02-18T06:02:27.559Z,19,19,50.00,17,LAG_SHRINK,0,0
2026-02-18T06:02:27.610Z,18,20,20.19,18,SMART_GROW,1,0
2026-02-18T06:02:27.660Z,19,20,20.19,19,SMART_GROW,0,0
2026-02-18T06:02:27.760Z,19,23,79.72,18,LAG_SHRINK,1,0
2026-02-18T06:02:27.860Z,18,25,80.51,17,LAG_SHRINK,1,0
2026-02-18T06:02:27.959Z,18,26,49.00,16,LAG_SHRINK,0,0
2026-02-18T06:02:28.009Z,18,26,20.32,18,SMART_GROW,1,0
2026-02-18T06:02:28.061Z,19,25,2.00,19,SMART_GROW,0,0
2026-02-18T06:02:28.164Z,19,21,53.00,18,LAG_SHRINK,3,0
2026-02-18T06:02:28.263Z,18,19,96.11,17,LAG_SHRINK,3,0
2026-02-18T06:02:28.361Z,17,19,77.69,16,LAG_SHRINK,2,0
2026-02-18T06:02:28.411Z,17,21,20.14,17,SMART_GROW,1,0
2026-02-18T06:02:28.461Z,17,19,42.35,16,LAG_SHRINK,1,0
2026-02-18T06:02:28.512Z,17,19,20.18,17,SMART_GROW,0,0
2026-02-18T06:02:28.562Z,18,19,20.36,18,SMART_GROW,0,0
2026-02-18T06:02:28.659Z,18,18,47.82,17,LAG_SHRINK,1,0
2026-02-18T06:02:28.760Z,17,17,81.30,16,LAG_SHRINK,2,0
2026-02-18T06:02:28.860Z,16,19,80.31,15,LAG_SHRINK,1,0
2026-02-18T06:02:28.959Z,15,19,78.61,14,LAG_SHRINK,1,0
2026-02-18T06:02:29.009Z,15,20,20.23,15,SMART_GROW,1,0
2026-02-18T06:02:29.060Z,15,19,40.68,14,LAG_SHRINK,0,0
2026-02-18T06:02:29.111Z,15,21,20.23,15,SMART_GROW,1,0
2026-02-18T06:02:29.161Z,16,20,1.00,16,SMART_GROW,0,0
2026-02-18T06:02:29.260Z,16,21,80.71,15,LAG_SHRINK,1,0
2026-02-18T06:02:29.360Z,15,23,79.13,14,LAG_SHRINK,1,0
2026-02-18T06:02:29.410Z,15,25,20.31,15,SMART_GROW,0,0
2026-02-18T06:02:29.461Z,16,25,1.00,16,SMART_GROW,0,0
2026-02-18T06:02:29.559Z,16,24,80.77,15,LAG_SHRINK,1,0
2026-02-18T06:02:29.660Z,15,23,78.35,14,LAG_SHRINK,2,0
2026-02-18T06:02:29.759Z,14,25,50.00,13,LAG_SHRINK,1,0
2026-02-18T06:02:29.809Z,15,26,20.14,15,SMART_GROW,1,0
2026-02-18T06:02:29.862Z,16,24,2.00,16,SMART_GROW,0,0
2026-02-18T06:02:29.963Z,16,22,84.25,15,LAG_SHRINK,3,0
2026-02-18T06:02:30.060Z,15,21,47.00,14,LAG_SHRINK,3,0
2026-02-18T06:02:30.111Z,15,22,20.71,15,SMART_GROW,0,0
2026-02-18T06:02:30.161Z,16,22,20.32,16,SMART_GROW,0,0
2026-02-18T06:02:30.261Z,16,20,48.99,15,LAG_SHRINK,1,0
2026-02-18T06:02:30.361Z,15,21,79.20,14,LAG_SHRINK,1,0
2026-02-18T06:02:30.412Z,15,22,20.41,15,SMART_GROW,0,0
2026-02-18T06:02:30.462Z,16,22,20.36,16,SMART_GROW,0,0
2026-02-18T06:02:30.560Z,16,20,48.15,15,LAG_SHRINK,1,0
2026-02-18T06:02:30.611Z,16,23,20.46,16,SMART_GROW,1,0
2026-02-18T06:02:30.661Z,16,21,40.32,15,LAG_SHRINK,1,0
2026-02-18T06:02:30.760Z,15,22,79.86,14,LAG_SHRINK,1,0
2026-02-18T06:02:30.810Z,15,23,20.46,15,SMART_GROW,0,0
2026-02-18T06:02:30.860Z,16,23,20.34,16,SMART_GROW,0,0
2026-02-18T06:02:30.959Z,16,24,97.09,15,LAG_SHRINK,1,0
2026-02-18T06:02:31.060Z,15,26,51.00,14,LAG_SHRINK,1,0
2026-02-18T06:02:31.110Z,16,27,20.31,16,SMART_GROW,0,0
2026-02-18T06:02:31.160Z,18,26,20.47,18,SMART_GROW,0,0
2026-02-18T06:02:31.260Z,18,24,98.27,17,LAG_SHRINK,0,0
2026-02-18T06:02:31.360Z,17,23,80.18,16,LAG_SHRINK,3,0
2026-02-18T06:02:31.460Z,16,24,79.13,15,LAG_SHRINK,1,0
2026-02-18T06:02:31.510Z,16,25,20.49,16,SMART_GROW,1,0
2026-02-18T06:02:31.561Z,16,23,39.67,15,LAG_SHRINK,1,0
2026-02-18T06:02:31.659Z,15,24,78.41,14,LAG_SHRINK,1,0
2026-02-18T06:02:31.710Z,15,25,20.37,15,SMART_GROW,0,0
2026-02-18T06:02:31.760Z,16,25,0.00,16,SMART_GROW,0,0
2026-02-18T06:02:31.860Z,16,24,79.59,15,LAG_SHRINK,1,0
2026-02-18T06:02:31.960Z,15,23,81.43,14,LAG_SHRINK,2,0
2026-02-18T06:02:32.011Z,15,24,20.55,15,SMART_GROW,0,0
2026-02-18T06:02:32.061Z,16,24,0.00,16,SMART_GROW,0,0
2026-02-18T06:02:32.160Z,16,23,80.31,15,LAG_SHRINK,1,0
2026-02-18T06:02:32.210Z,16,23,20.24,16,SMART_GROW,0,0
2026-02-18T06:02:32.261Z,17,23,20.41,17,SMART_GROW,0,0
2026-02-18T06:02:32.311Z,18,24,19.95,18,SMART_GROW,0,0
2026-02-18T06:02:32.364Z,19,22,2.00,19,SMART_GROW,1,0
2026-02-18T06:02:32.459Z,19,20,79.33,18,LAG_SHRINK,2,0
2026-02-18T06:02:32.561Z,18,22,81.63,17,LAG_SHRINK,1,0
2026-02-18T06:02:32.611Z,18,23,20.37,18,SMART_GROW,0,0
2026-02-18T06:02:32.661Z,19,23,0.00,19,SMART_GROW,0,0
2026-02-18T06:02:32.760Z,19,22,81.69,18,LAG_SHRINK,1,0
2026-02-18T06:02:32.860Z,19,22,79.27,17,LAG_SHRINK,0,0
2026-02-18T06:02:32.911Z,18,24,20.16,18,SMART_GROW,1,0
2026-02-18T06:02:32.962Z,19,24,20.27,19,SMART_GROW,0,0
2026-02-18T06:02:33.061Z,19,21,50.00,18,LAG_SHRINK,3,0
2026-02-18T06:02:33.161Z,18,19,49.53,17,LAG_SHRINK,3,0
2026-02-18T06:02:33.266Z,17,20,84.57,16,LAG_SHRINK,1,0
2026-02-18T06:02:33.359Z,17,20,44.00,15,LAG_SHRINK,0,0
2026-02-18T06:02:33.460Z,17,20,51.00,14,LAG_SHRINK,0,0
2026-02-18T06:02:33.564Z,17,23,104.04,13,LAG_SHRINK,0,0
2026-02-18T06:02:33.659Z,17,24,44.00,12,LAG_SHRINK,0,0
2026-02-18T06:02:33.709Z,17,24,20.26,13,SMART_GROW,0,0
2026-02-18T06:02:33.759Z,17,24,20.41,14,SMART_GROW,0,0
2026-02-18T06:02:33.809Z,17,25,20.10,15,SMART_GROW,0,0
2026-02-18T06:02:33.859Z,17,25,20.31,16,SMART_GROW,0,0
2026-02-18T06:02:33.909Z,18,27,19.98,18,SMART_GROW,1,0
2026-02-18T06:02:33.961Z,19,25,2.00,19,SMART_GROW,0,0
2026-02-18T06:02:34.061Z,19,23,82.35,18,LAG_SHRINK,3,0
2026-02-18T06:02:34.161Z,18,26,78.41,17,LAG_SHRINK,2,0
2026-02-18T06:02:34.260Z,17,27,79.53,16,LAG_SHRINK,1,0
2026-02-18T06:02:34.358Z,17,29,48.00,15,LAG_SHRINK,0,0
2026-02-18T06:02:34.409Z,17,29,20.18,17,SMART_GROW,0,0
2026-02-18T06:02:34.459Z,19,29,20.31,19,SMART_GROW,0,0
2026-02-18T06:02:34.561Z,19,27,49.69,18,LAG_SHRINK,1,0
2026-02-18T06:02:34.659Z,18,27,77.56,17,LAG_SHRINK,1,0
2026-02-18T06:02:34.709Z,19,28,20.31,19,SMART_GROW,0,0
2026-02-18T06:02:34.761Z,21,27,2.00,21,SMART_GROW,0,0
2026-02-18T06:02:34.862Z,21,21,79.72,20,LAG_SHRINK,4,0
2026-02-18T06:02:34.960Z,20,21,80.97,19,LAG_SHRINK,3,0
2026-02-18T06:02:35.059Z,19,23,79.33,18,LAG_SHRINK,1,0
2026-02-18T06:02:35.158Z,19,26,49.00,17,LAG_SHRINK,0,0
2026-02-18T06:02:35.208Z,19,27,20.14,19,SMART_GROW,0,0
2026-02-18T06:02:35.259Z,21,27,20.32,21,SMART_GROW,0,0
2026-02-18T06:02:35.361Z,21,26,51.21,20,LAG_SHRINK,1,0
2026-02-18T06:02:35.412Z,22,26,20.36,22,SMART_GROW,0,0
2026-02-18T06:02:35.463Z,23,24,2.00,23,SMART_GROW,1,0
2026-02-18T06:02:35.560Z,23,23,81.36,22,LAG_SHRINK,1,0
2026-02-18T06:02:35.659Z,22,25,78.94,21,LAG_SHRINK,1,0
2026-02-18T06:02:35.709Z,23,26,20.29,23,SMART_GROW,1,0
2026-02-18T06:02:35.761Z,23,22,38.65,22,LAG_SHRINK,2,0
2026-02-18T06:02:35.861Z,22,24,82.54,21,LAG_SHRINK,3,0
2026-02-18T06:02:35.961Z,21,27,79.33,20,LAG_SHRINK,1,0
2026-02-18T06:02:36.012Z,22,28,20.39,22,SMART_GROW,0,0
2026-02-18T06:02:36.061Z,24,27,0.00,24,SMART_GROW,1,0
2026-02-18T06:02:36.162Z,24,25,82.21,23,LAG_SHRINK,1,0
2026-02-18T06:02:36.261Z,23,22,81.49,22,LAG_SHRINK,4,0
2026-02-18T06:02:36.361Z,22,23,50.00,21,LAG_SHRINK,1,0
2026-02-18T06:02:36.411Z,22,24,20.19,22,SMART_GROW,1,0
2026-02-18T06:02:36.462Z,22,22,38.16,21,LAG_SHRINK,1,0
2026-02-18T06:02:36.560Z,21,23,78.48,20,LAG_SHRINK,2,0
2026-02-18T06:02:36.610Z,21,25,20.26,21,SMART_GROW,0,0
2026-02-18T06:02:36.660Z,22,25,20.32,22,SMART_GROW,0,0
2026-02-18T06:02:36.760Z,22,26,49.84,21,LAG_SHRINK,0,0
2026-02-18T06:02:36.859Z,21,29,79.13,20,LAG_SHRINK,2,0
2026-02-18T06:02:36.961Z,20,31,82.02,19,LAG_SHRINK,1,0
2026-02-18T06:02:37.011Z,21,32,19.16,21,SMART_GROW,0,0
2026-02-18T06:02:37.060Z,21,30,38.35,20,LAG_SHRINK,1,0
2026-02-18T06:02:37.162Z,20,31,52.00,19,LAG_SHRINK,3,0
2026-02-18T06:02:37.259Z,19,32,48.71,18,LAG_SHRINK,3,0
2026-02-18T06:02:37.361Z,18,34,81.10,17,LAG_SHRINK,2,0
2026-02-18T06:02:37.460Z,17,35,79.59,16,LAG_SHRINK,1,0
2026-02-18T06:02:37.511Z,18,38,20.39,18,SMART_GROW,1,0
2026-02-18T06:02:37.561Z,18,34,37.18,17,LAG_SHRINK,2,0
2026-02-18T06:02:37.660Z,17,35,49.00,16,LAG_SHRINK,1,0
2026-02-18T06:02:37.710Z,18,36,20.12,18,SMART_GROW,1,0
2026-02-18T06:02:37.761Z,18,33,39.70,17,LAG_SHRINK,1,0
2026-02-18T06:02:37.861Z,17,34,81.04,16,LAG_SHRINK,1,0
2026-02-18T06:02:37.959Z,17,36,47.00,15,LAG_SHRINK,0,0
2026-02-18T06:02:38.009Z,17,37,20.34,17,SMART_GROW,0,0
2026-02-18T06:02:38.059Z,17,37,38.35,16,LAG_SHRINK,0,0
2026-02-18T06:02:38.109Z,18,41,20.29,18,SMART_GROW,0,0
2026-02-18T06:02:38.160Z,18,39,41.89,17,LAG_SHRINK,1,0
2026-02-18T06:02:38.261Z,17,42,80.25,16,LAG_SHRINK,1,0
2026-02-18T06:02:38.311Z,18,45,20.32,18,SMART_GROW,0,0
2026-02-18T06:02:38.361Z,18,43,40.12,17,LAG_SHRINK,1,0
2026-02-18T06:02:38.460Z,17,44,78.81,16,LAG_SHRINK,1,0
2026-02-18T06:02:38.510Z,18,47,20.31,18,SMART_GROW,0,0
2026-02-18T06:02:38.562Z,18,46,39.60,17,LAG_SHRINK,1,0
2026-02-18T06:02:38.660Z,17,48,78.74,16,LAG_SHRINK,1,0
2026-02-18T06:02:38.711Z,18,50,20.34,18,SMART_GROW,1,0
2026-02-18T06:02:38.761Z,20,48,20.46,20,SMART_GROW,0,0
2026-02-18T06:02:38.861Z,20,46,49.50,19,LAG_SHRINK,1,0
2026-02-18T06:02:38.911Z,21,48,20.21,21,SMART_GROW,0,0
2026-02-18T06:02:38.960Z,21,46,38.29,20,LAG_SHRINK,1,0
2026-02-18T06:02:39.058Z,20,46,48.00,19,LAG_SHRINK,1,0
2026-02-18T06:02:39.109Z,21,47,20.12,21,SMART_GROW,0,0
2026-02-18T06:02:39.160Z,23,46,1.00,23,SMART_GROW,0,0
2026-02-18T06:02:39.262Z,23,43,52.00,22,LAG_SHRINK,2,0
2026-02-18T06:02:39.360Z,22,44,48.00,21,LAG_SHRINK,2,0
2026-02-18T06:02:39.461Z,21,43,49.24,20,LAG_SHRINK,3,0
2026-02-18T06:02:39.559Z,22,45,20.41,22,SMART_GROW,1,0
2026-02-18T06:02:39.562Z,24,43,1.00,24,SMART_GROW,0,0
2026-02-18T06:02:39.661Z,24,40,49.00,23,LAG_SHRINK,3,0
2026-02-18T06:02:39.761Z,23,37,49.07,22,LAG_SHRINK,6,0
2026-02-18T06:02:39.812Z,24,37,20.34,24,SMART_GROW,1,0
2026-02-18T06:02:39.862Z,24,33,40.22,23,LAG_SHRINK,2,0
2026-02-18T06:02:39.962Z,23,35,51.00,22,LAG_SHRINK,1,0
2026-02-18T06:02:40.012Z,24,37,20.40,24,SMART_GROW,1,0
2026-02-18T06:02:40.062Z,24,32,35.11,23,LAG_SHRINK,3,0
2026-02-18T06:02:40.159Z,23,33,79.59,22,LAG_SHRINK,1,0
2026-02-18T06:02:40.209Z,24,34,20.28,24,SMART_GROW,0,0
2026-02-18T06:02:40.261Z,24,33,42.25,23,LAG_SHRINK,0,0
2026-02-18T06:02:40.359Z,23,37,48.00,22,LAG_SHRINK,1,0
2026-02-18T06:02:40.410Z,24,40,20.24,24,SMART_GROW,0,0
2026-02-18T06:02:40.460Z,24,39,38.32,23,LAG_SHRINK,0,0
2026-02-18T06:02:40.510Z,25,41,20.36,25,SMART_GROW,1,0
2026-02-18T06:02:40.561Z,27,39,1.00,27,SMART_GROW,0,0
2026-02-18T06:02:40.661Z,27,35,49.00,26,LAG_SHRINK,3,0
2026-02-18T06:02:40.761Z,26,41,49.46,25,LAG_SHRINK,3,0
2026-02-18T06:02:40.861Z,25,41,50.00,24,LAG_SHRINK,3,0
2026-02-18T06:02:40.963Z,24,40,83.20,23,LAG_SHRINK,5,0
2026-02-18T06:02:41.061Z,23,43,49.00,22,LAG_SHRINK,2,0
2026-02-18T06:02:41.162Z,23,45,100.04,21,LAG_SHRINK,0,0
2026-02-18T06:02:41.212Z,23,46,20.24,23,SMART_GROW,2,0
2026-02-18T06:02:41.262Z,23,42,36.59,22,LAG_SHRINK,2,0
2026-02-18T06:02:41.362Z,22,43,80.18,21,LAG_SHRINK,2,0
2026-02-18T06:02:41.412Z,23,43,20.13,23,SMART_GROW,1,0
2026-02-18T06:02:41.462Z,23,40,39.34,22,LAG_SHRINK,1,0
2026-02-18T06:02:41.512Z,24,42,20.23,24,SMART_GROW,0,0
2026-02-18T06:02:41.563Z,24,40,38.91,23,LAG_SHRINK,1,0
2026-02-18T06:02:41.659Z,23,42,79.40,22,LAG_SHRINK,1,0
2026-02-18T06:02:41.710Z,24,46,20.24,24,SMART_GROW,0,0
2026-02-18T06:02:41.760Z,26,45,0.00,26,SMART_GROW,0,0
2026-02-18T06:02:41.864Z,26,45,84.64,25,LAG_SHRINK,2,0
2026-02-18T06:02:41.963Z,25,45,76.19,24,LAG_SHRINK,6,0
2026-02-18T06:02:42.060Z,24,45,79.33,23,LAG_SHRINK,3,0
2026-02-18T06:02:42.161Z,23,45,82.08,22,LAG_SHRINK,3,0
2026-02-18T06:02:42.211Z,24,47,20.54,24,SMART_GROW,0,0
2026-02-18T06:02:42.260Z,26,46,0.00,26,SMART_GROW,0,0
2026-02-18T06:02:42.360Z,26,46,50.00,25,LAG_SHRINK,1,0
2026-02-18T06:02:42.460Z,25,47,49.65,24,LAG_SHRINK,3,0
2026-02-18T06:02:42.510Z,26,49,20.32,26,SMART_GROW,1,0
2026-02-18T06:02:42.562Z,26,47,40.81,25,LAG_SHRINK,0,0
2026-02-18T06:02:42.661Z,25,46,49.00,24,LAG_SHRINK,3,0
2026-02-18T06:02:42.763Z,26,46,20.00,26,SMART_GROW,3,0
2026-02-18T06:02:42.861Z,26,43,48.89,25,LAG_SHRINK,3,0
2026-02-18T06:02:42.962Z,25,44,51.00,24,LAG_SHRINK,1,0
2026-02-18T06:02:43.012Z,27,53,19.80,27,SMART_GROW,1,0
2026-02-18T06:02:43.067Z,27,50,46.35,26,LAG_SHRINK,0,0
2026-02-18T06:02:43.163Z,26,51,47.00,25,LAG_SHRINK,3,0
2026-02-18T06:02:43.260Z,25,51,80.58,24,LAG_SHRINK,2,0
2026-02-18T06:02:43.359Z,24,53,48.00,23,LAG_SHRINK,1,0
2026-02-18T06:02:43.459Z,24,56,79.79,22,LAG_SHRINK,0,0
2026-02-18T06:02:43.559Z,25,58,20.13,25,SMART_GROW,1,0
2026-02-18T06:02:43.662Z,25,58,99.71,24,LAG_SHRINK,1,0
2026-02-18T06:02:43.759Z,24,58,47.00,23,LAG_SHRINK,3,0
2026-02-18T06:02:43.810Z,26,62,20.09,26,SMART_GROW,0,0
2026-02-18T06:02:43.862Z,29,59,2.00,29,SMART_GROW,1,0
2026-02-18T06:02:43.966Z,29,57,55.00,28,LAG_SHRINK,1,0
2026-02-18T06:02:44.058Z,28,55,92.64,27,LAG_SHRINK,5,0
2026-02-18T06:02:44.160Z,27,57,52.00,26,LAG_SHRINK,3,0
2026-02-18T06:02:44.258Z,26,57,48.41,25,LAG_SHRINK,3,0
2026-02-18T06:02:44.358Z,26,59,79.40,24,LAG_SHRINK,0,0
2026-02-18T06:02:44.409Z,27,59,20.26,27,SMART_GROW,2,0
2026-02-18T06:02:44.461Z,27,54,40.09,26,LAG_SHRINK,2,0
2026-02-18T06:02:44.558Z,26,56,80.71,25,LAG_SHRINK,1,0
2026-02-18T06:02:44.609Z,28,57,20.24,28,SMART_GROW,1,0
2026-02-18T06:02:44.658Z,28,54,38.94,27,LAG_SHRINK,0,0
2026-02-18T06:02:44.757Z,27,55,78.87,26,LAG_SHRINK,4,0
2026-02-18T06:02:44.856Z,29,55,20.31,29,SMART_GROW,1,0
2026-02-18T06:02:44.859Z,32,52,0.00,32,SMART_GROW,0,0
2026-02-18T06:02:44.960Z,32,48,82.87,31,LAG_SHRINK,4,0
2026-02-18T06:02:45.060Z,31,51,51.00,30,LAG_SHRINK,2,0
2026-02-18T06:02:45.157Z,30,51,48.63,29,LAG_SHRINK,5,0
2026-02-18T06:02:45.258Z,29,52,81.10,28,LAG_SHRINK,3,0
2026-02-18T06:02:45.358Z,28,52,80.77,27,LAG_SHRINK,3,0
2026-02-18T06:02:45.458Z,28,54,50.00,26,LAG_SHRINK,0,0
2026-02-18T06:02:45.556Z,26,58,48.00,25,LAG_SHRINK,2,0
2026-02-18T06:02:45.606Z,28,59,20.18,28,SMART_GROW,0,0
2026-02-18T06:02:45.657Z,28,56,39.99,27,LAG_SHRINK,1,0
2026-02-18T06:02:45.760Z,27,58,53.00,26,LAG_SHRINK,3,0
2026-02-18T06:02:45.860Z,26,58,50.00,25,LAG_SHRINK,3,0
2026-02-18T06:02:45.911Z,28,59,20.16,28,SMART_GROW,2,0
2026-02-18T06:02:45.960Z,31,56,0.00,31,SMART_GROW,2,0
2026-02-18T06:02:46.058Z,31,56,48.00,30,LAG_SHRINK,0,0
2026-02-18T06:02:46.161Z,30,56,83.92,29,LAG_SHRINK,7,0
2026-02-18T06:02:46.260Z,29,57,49.00,28,LAG_SHRINK,3,0
2026-02-18T06:02:46.356Z,28,60,48.12,27,LAG_SHRINK,1,0
2026-02-18T06:02:46.407Z,30,61,20.16,30,SMART_GROW,0,0
2026-02-18T06:02:46.458Z,33,59,1.00,33,SMART_GROW,0,0
2026-02-18T06:02:46.563Z,33,54,55.00,32,LAG_SHRINK,5,0
2026-02-18T06:02:46.659Z,32,51,46.00,31,LAG_SHRINK,4,0
2026-02-18T06:02:46.761Z,31,49,49.57,30,LAG_SHRINK,8,0
2026-02-18T06:02:46.862Z,30,48,51.00,29,LAG_SHRINK,5,0
2026-02-18T06:02:46.961Z,29,50,49.00,28,LAG_SHRINK,2,0
2026-02-18T06:02:47.057Z,31,51,19.94,31,SMART_GROW,2,0
2026-02-18T06:02:47.159Z,31,53,50.99,30,LAG_SHRINK,1,0
2026-02-18T06:02:47.258Z,30,56,78.74,29,LAG_SHRINK,2,0
2026-02-18T06:02:47.356Z,30,59,77.37,28,LAG_SHRINK,0,0
2026-02-18T06:02:47.456Z,31,59,20.26,31,SMART_GROW,1,0
2026-02-18T06:02:47.558Z,31,60,49.75,30,LAG_SHRINK,1,0
2026-02-18T06:02:47.656Z,30,66,48.00,29,LAG_SHRINK,1,0
2026-02-18T06:02:47.756Z,30,74,49.67,28,LAG_SHRINK,0,0
2026-02-18T06:02:47.807Z,32,79,20.21,32,SMART_GROW,0,0
2026-02-18T06:02:47.859Z,32,74,39.70,31,LAG_SHRINK,3,0
2026-02-18T06:02:47.958Z,31,77,81.63,30,LAG_SHRINK,2,0
2026-02-18T06:02:48.009Z,34,79,20.24,34,SMART_GROW,1,0
2026-02-18T06:02:48.063Z,34,72,39.14,33,LAG_SHRINK,3,0
2026-02-18T06:02:48.163Z,33,72,50.00,32,LAG_SHRINK,2,0
2026-02-18T06:02:48.262Z,32,71,97.55,31,LAG_SHRINK,4,0
2026-02-18T06:02:48.358Z,31,71,75.66,30,LAG_SHRINK,3,0
2026-02-18T06:02:48.409Z,33,72,20.28,33,SMART_GROW,1,0
2026-02-18T06:02:48.460Z,33,67,41.47,32,LAG_SHRINK,2,0
2026-02-18T06:02:48.558Z,32,69,79.07,31,LAG_SHRINK,1,0
2026-02-18T06:02:48.608Z,34,70,20.42,34,SMART_GROW,1,0
2026-02-18T06:02:48.658Z,34,67,39.83,33,LAG_SHRINK,0,0
2026-02-18T06:02:48.758Z,33,65,79.07,32,LAG_SHRINK,4,0
2026-02-18T06:02:48.858Z,32,66,79.20,31,LAG_SHRINK,2,0
2026-02-18T06:02:48.956Z,31,69,77.50,30,LAG_SHRINK,1,0
2026-02-18T06:02:49.057Z,33,71,20.28,33,SMART_GROW,1,0
2026-02-18T06:02:49.160Z,33,71,49.88,32,LAG_SHRINK,3,0
2026-02-18T06:02:49.261Z,32,73,51.00,31,LAG_SHRINK,3,0
2026-02-18T06:02:49.311Z,35,77,19.90,35,SMART_GROW,1,0
2026-02-18T06:02:49.363Z,38,73,2.00,38,SMART_GROW,0,0
2026-02-18T06:02:49.462Z,38,63,81.04,37,LAG_SHRINK,8,0
2026-02-18T06:02:49.559Z,37,62,47.00,36,LAG_SHRINK,5,0
2026-02-18T06:02:49.659Z,36,56,50.00,35,LAG_SHRINK,9,0
2026-02-18T06:02:49.758Z,38,58,20.54,38,SMART_GROW,3,0
2026-02-18T06:02:49.860Z,41,52,20.09,41,SMART_GROW,5,0
2026-02-18T06:02:49.960Z,41,49,97.42,40,LAG_SHRINK,3,0
2026-02-18T06:02:50.058Z,40,47,48.00,39,LAG_SHRINK,4,0
2026-02-18T06:02:50.161Z,41,48,20.19,41,SMART_GROW,4,0
2026-02-18T06:02:50.267Z,41,45,56.00,40,LAG_SHRINK,1,0
2026-02-18T06:02:50.366Z,40,47,49.00,39,LAG_SHRINK,3,0
2026-02-18T06:02:50.464Z,39,50,48.00,38,LAG_SHRINK,1,0
2026-02-18T06:02:50.561Z,38,55,47.00,37,LAG_SHRINK,2,0
2026-02-18T06:02:50.612Z,40,68,20.32,40,SMART_GROW,1,0
2026-02-18T06:02:50.662Z,43,66,1.00,43,SMART_GROW,3,0
2026-02-18T06:02:50.761Z,43,59,81.89,42,LAG_SHRINK,5,0
2026-02-18T06:02:50.859Z,42,59,48.00,41,LAG_SHRINK,3,0
2026-02-18T06:02:50.957Z,41,63,48.84,40,LAG_SHRINK,3,0
2026-02-18T06:02:51.057Z,40,69,79.13,39,LAG_SHRINK,1,0
2026-02-18T06:02:51.157Z,40,73,50.00,38,LAG_SHRINK,0,0
2026-02-18T06:02:51.207Z,41,74,20.29,41,SMART_GROW,0,0
2026-02-18T06:02:51.258Z,41,72,40.78,40,LAG_SHRINK,1,0
2026-02-18T06:02:51.308Z,43,74,20.28,43,SMART_GROW,0,0
2026-02-18T06:02:51.359Z,46,71,1.00,46,SMART_GROW,1,0
2026-02-18T06:02:51.461Z,46,70,52.00,45,LAG_SHRINK,2,0
2026-02-18T06:02:51.558Z,45,70,47.00,44,LAG_SHRINK,4,0
2026-02-18T06:02:51.659Z,47,67,20.62,47,SMART_GROW,5,0
2026-02-18T06:02:51.759Z,47,64,49.07,46,LAG_SHRINK,6,0
2026-02-18T06:02:51.859Z,46,68,81.43,45,LAG_SHRINK,2,0
2026-02-18T06:02:51.958Z,45,70,49.00,44,LAG_SHRINK,3,0
2026-02-18T06:02:52.057Z,44,71,49.73,43,LAG_SHRINK,2,0
2026-02-18T06:02:52.158Z,43,72,80.51,42,LAG_SHRINK,1,0
2026-02-18T06:02:52.208Z,45,72,20.59,45,SMART_GROW,0,0
2026-02-18T06:02:52.261Z,48,70,3.00,48,SMART_GROW,0,0
2026-02-18T06:02:52.460Z,48,67,149.00,47,LAG_SHRINK,2,0
2026-02-18T06:02:52.565Z,47,70,96.96,46,LAG_SHRINK,5,0
2026-02-18T06:02:52.658Z,46,69,44.00,45,LAG_SHRINK,4,0
2026-02-18T06:02:52.764Z,49,77,20.59,49,SMART_GROW,4,0
2026-02-18T06:02:52.865Z,49,70,52.00,48,LAG_SHRINK,4,0
2026-02-18T06:02:52.965Z,48,66,50.00,47,LAG_SHRINK,6,0
2026-02-18T06:02:53.063Z,47,70,48.00,46,LAG_SHRINK,2,0
2026-02-18T06:02:53.158Z,46,70,45.00,45,LAG_SHRINK,2,0
2026-02-18T06:02:53.256Z,45,69,48.84,44,LAG_SHRINK,4,0
2026-02-18T06:02:53.307Z,47,72,20.29,47,SMART_GROW,1,0
2026-02-18T06:02:53.361Z,50,69,4.00,50,SMART_GROW,0,0
2026-02-18T06:02:53.463Z,50,61,95.26,49,LAG_SHRINK,5,0
2026-02-18T06:02:53.562Z,49,61,48.00,48,LAG_SHRINK,3,0
2026-02-18T06:02:53.658Z,48,65,94.40,47,LAG_SHRINK,4,0
2026-02-18T06:02:53.759Z,47,68,82.74,46,LAG_SHRINK,3,0
2026-02-18T06:02:53.859Z,46,71,79.99,45,LAG_SHRINK,3,0
2026-02-18T06:02:53.958Z,45,75,79.20,44,LAG_SHRINK,1,0
2026-02-18T06:02:54.057Z,45,80,49.00,43,LAG_SHRINK,0,0
2026-02-18T06:02:54.106Z,47,83,20.19,47,SMART_GROW,0,0
2026-02-18T06:02:54.156Z,50,81,0.00,50,SMART_GROW,0,0
2026-02-18T06:02:54.258Z,50,78,79.46,49,LAG_SHRINK,3,0
2026-02-18T06:02:54.358Z,49,79,82.15,48,LAG_SHRINK,3,0
2026-02-18T06:02:54.459Z,49,83,51.00,47,LAG_SHRINK,0,0
2026-02-18T06:02:54.510Z,50,88,20.32,50,SMART_GROW,2,0
2026-02-18T06:02:54.561Z,50,83,1.00,50,SMART_GROW,2,0
2026-02-18T06:02:54.660Z,50,85,49.00,49,LAG_SHRINK,2,0
2026-02-18T06:02:54.758Z,49,84,80.64,48,LAG_SHRINK,6,0
2026-02-18T06:02:54.858Z,48,86,80.90,47,LAG_SHRINK,1,0
2026-02-18T06:02:54.909Z,50,88,20.29,50,SMART_GROW,0,0
2026-02-18T06:02:54.959Z,50,86,0.00,50,SMART_GROW,0,0
2026-02-18T06:02:55.057Z,50,83,79.20,49,LAG_SHRINK,4,0
2026-02-18T06:02:55.156Z,50,84,20.09,50,SMART_GROW,1,0
2026-02-18T06:02:55.259Z,50,85,51.47,49,LAG_SHRINK,1,0
2026-02-18T06:02:55.361Z,50,88,52.00,48,LAG_SHRINK,0,0
2026-02-18T06:02:55.411Z,50,89,19.71,50,SMART_GROW,2,0
2026-02-18T06:02:55.460Z,50,86,37.24,49,LAG_SHRINK,1,0
2026-02-18T06:02:55.558Z,49,89,80.38,48,LAG_SHRINK,1,0
2026-02-18T06:02:55.656Z,48,93,79.46,47,LAG_SHRINK,1,0
2026-02-18T06:02:55.757Z,48,99,80.38,46,LAG_SHRINK,0,0
2026-02-18T06:02:55.858Z,50,100,20.41,50,SMART_GROW,0,0
2026-02-18T06:02:55.858Z,50,97,1.00,50,SMART_GROW,0,0
2026-02-18T06:02:55.959Z,50,97,79.79,49,LAG_SHRINK,1,0
2026-02-18T06:02:56.057Z,49,101,77.89,48,LAG_SHRINK,1,0
2026-02-18T06:02:56.108Z,50,103,20.13,50,SMART_GROW,0,0
2026-02-18T06:02:56.157Z,50,102,0.00,50,SMART_GROW,0,0
2026-02-18T06:02:56.257Z,50,100,79.66,49,LAG_SHRINK,2,0
2026-02-18T06:02:56.358Z,50,102,81.23,48,LAG_SHRINK,0,0
2026-02-18T06:02:56.457Z,49,103,49.00,47,LAG_SHRINK,1,0
2026-02-18T06:02:56.556Z,49,105,49.00,46,LAG_SHRINK,0,0
2026-02-18T06:02:56.656Z,49,107,99.52,45,LAG_SHRINK,0,0
2026-02-18T06:02:56.759Z,48,108,53.00,44,LAG_SHRINK,1,0
2026-02-18T06:02:56.810Z,49,109,20.29,49,SMART_GROW,1,0
2026-02-18T06:02:56.859Z,49,105,37.37,48,LAG_SHRINK,2,0
2026-02-18T06:02:56.957Z,48,107,48.00,47,LAG_SHRINK,1,0
2026-02-18T06:02:57.057Z,47,109,80.31,46,LAG_SHRINK,1,0
2026-02-18T06:02:57.106Z,50,111,20.14,50,SMART_GROW,1,0
2026-02-18T06:02:57.157Z,50,107,40.48,49,LAG_SHRINK,0,0
2026-02-18T06:02:57.258Z,49,102,78.15,48,LAG_SHRINK,7,0
2026-02-18T06:02:57.358Z,48,101,50.00,47,LAG_SHRINK,4,0
2026-02-18T06:02:57.457Z,47,101,49.61,46,LAG_SHRINK,2,0
2026-02-18T06:02:57.556Z,46,102,78.35,45,LAG_SHRINK,1,0
2026-02-18T06:02:57.607Z,50,102,20.34,50,SMART_GROW,0,0
2026-02-18T06:02:57.659Z,50,97,3.00,50,SMART_GROW,0,0
2026-02-18T06:02:57.759Z,50,93,50.00,49,LAG_SHRINK,5,0
2026-02-18T06:02:57.859Z,49,92,97.68,48,LAG_SHRINK,4,0
2026-02-18T06:02:57.958Z,48,94,49.00,47,LAG_SHRINK,3,0
2026-02-18T06:02:58.058Z,47,92,50.00,46,LAG_SHRINK,4,0
2026-02-18T06:02:58.158Z,50,92,19.88,50,SMART_GROW,3,0
2026-02-18T06:02:58.259Z,50,89,49.99,49,LAG_SHRINK,3,0
2026-02-18T06:02:58.359Z,49,88,78.35,48,LAG_SHRINK,9,0
2026-02-18T06:02:58.458Z,48,84,79.40,47,LAG_SHRINK,6,0
2026-02-18T06:02:58.557Z,47,85,79.33,46,LAG_SHRINK,3,0
2026-02-18T06:02:58.656Z,50,86,20.23,50,SMART_GROW,1,0
2026-02-18T06:02:58.758Z,50,83,50.14,49,LAG_SHRINK,3,0
2026-02-18T06:02:58.858Z,49,84,50.00,48,LAG_SHRINK,4,0
2026-02-18T06:02:58.957Z,48,88,49.56,47,LAG_SHRINK,2,0
2026-02-18T06:02:59.058Z,47,91,80.45,46,LAG_SHRINK,1,0
2026-02-18T06:02:59.108Z,50,96,21.06,50,SMART_GROW,0,0
2026-02-18T06:02:59.161Z,50,93,40.22,49,LAG_SHRINK,0,0
2026-02-18T06:02:59.259Z,49,94,48.00,48,LAG_SHRINK,3,0
2026-02-18T06:02:59.309Z,50,104,20.16,50,SMART_GROW,1,0
2026-02-18T06:02:59.359Z,50,98,37.34,49,LAG_SHRINK,3,0
2026-02-18T06:02:59.459Z,49,105,81.69,48,LAG_SHRINK,1,0
2026-02-18T06:02:59.557Z,49,109,78.68,47,LAG_SHRINK,0,0
2026-02-18T06:02:59.608Z,50,110,20.32,50,SMART_GROW,0,0
2026-02-18T06:02:59.658Z,50,108,0.00,50,SMART_GROW,0,0
2026-02-18T06:02:59.758Z,50,110,81.76,49,LAG_SHRINK,2,0
2026-02-18T06:02:59.858Z,49,114,78.81,48,LAG_SHRINK,1,0
2026-02-18T06:02:59.908Z,50,117,20.39,50,SMART_GROW,0,0
2026-02-18T06:02:59.958Z,50,116,0.00,50,SMART_GROW,0,0
2026-02-18T06:03:00.056Z,50,113,79.33,49,LAG_SHRINK,2,0
2026-02-18T06:03:00.157Z,49,115,81.23,48,LAG_SHRINK,1,0
2026-02-18T06:03:00.256Z,50,118,20.26,50,SMART_GROW,1,0
2026-02-18T06:03:00.258Z,50,115,0.00,50,SMART_GROW,0,0
2026-02-18T06:03:00.358Z,50,116,79.40,49,LAG_SHRINK,1,0
2026-02-18T06:03:00.459Z,49,117,81.63,48,LAG_SHRINK,3,0
2026-02-18T06:03:00.557Z,49,119,77.89,47,LAG_SHRINK,0,0
2026-02-18T06:03:00.608Z,50,119,20.31,50,SMART_GROW,1,0
2026-02-18T06:03:00.658Z,50,116,40.78,49,LAG_SHRINK,2,0
2026-02-18T06:03:00.758Z,49,118,50.00,48,LAG_SHRINK,1,0
2026-02-18T06:03:00.808Z,50,119,20.36,50,SMART_GROW,1,0
2026-02-18T06:03:00.859Z,50,117,40.78,49,LAG_SHRINK,0,0
2026-02-18T06:03:00.957Z,49,117,77.96,48,LAG_SHRINK,3,0
2026-02-18T06:03:01.057Z,49,118,80.05,47,LAG_SHRINK,0,0
2026-02-18T06:03:01.108Z,50,122,20.28,50,SMART_GROW,1,0
2026-02-18T06:03:01.158Z,50,120,0.00,50,SMART_GROW,0,0
2026-02-18T06:03:01.259Z,50,120,81.76,49,LAG_SHRINK,3,0
2026-02-18T06:03:01.359Z,49,122,80.05,48,LAG_SHRINK,1,0
2026-02-18T06:03:01.408Z,50,125,20.39,50,SMART_GROW,0,0
2026-02-18T06:03:01.459Z,50,124,0.00,50,SMART_GROW,0,0
2026-02-18T06:03:01.557Z,50,121,80.51,49,LAG_SHRINK,2,0
2026-02-18T06:03:01.657Z,49,123,79.66,48,LAG_SHRINK,1,0
2026-02-18T06:03:01.757Z,48,125,50.00,47,LAG_SHRINK,2,0
2026-02-18T06:03:01.809Z,50,126,20.26,50,SMART_GROW,1,0
2026-02-18T06:03:01.858Z,50,122,0.00,50,SMART_GROW,0,0
2026-02-18T06:03:01.960Z,50,119,52.00,49,LAG_SHRINK,4,0
2026-02-18T06:03:02.057Z,50,117,20.49,50,SMART_GROW,4,0
2026-02-18T06:03:02.158Z,50,114,50.02,49,LAG_SHRINK,4,0
2026-02-18T06:03:02.259Z,49,110,78.35,48,LAG_SHRINK,7,0
2026-02-18T06:03:02.358Z,48,108,79.13,47,LAG_SHRINK,5,0
2026-02-18T06:03:02.457Z,47,107,80.25,46,LAG_SHRINK,3,0
2026-02-18T06:03:02.559Z,46,112,81.04,45,LAG_SHRINK,1,0
2026-02-18T06:03:02.609Z,50,113,20.39,50,SMART_GROW,0,0
2026-02-18T06:03:02.660Z,50,107,1.00,50,SMART_GROW,2,0
2026-02-18T06:03:02.762Z,50,107,79.40,49,LAG_SHRINK,4,0
2026-02-18T06:03:02.857Z,49,107,80.25,48,LAG_SHRINK,3,0
2026-02-18T06:03:02.906Z,50,114,20.36,50,SMART_GROW,0,0
2026-02-18T06:03:02.957Z,50,113,39.60,49,LAG_SHRINK,0,0
2026-02-18T06:03:03.007Z,50,117,20.23,50,SMART_GROW,1,0
2026-02-18T06:03:03.058Z,50,116,1.00,50,SMART_GROW,0,0
2026-02-18T06:03:03.158Z,50,119,81.43,49,LAG_SHRINK,1,0
2026-02-18T06:03:03.256Z,49,127,78.41,48,LAG_SHRINK,1,0
2026-02-18T06:03:03.307Z,50,133,20.36,50,SMART_GROW,0,0
2026-02-18T06:03:03.357Z,50,132,39.63,49,LAG_SHRINK,0,0
2026-02-18T06:03:03.456Z,49,134,79.27,48,LAG_SHRINK,1,0
2026-02-18T06:03:03.507Z,50,136,20.24,50,SMART_GROW,0,0
2026-02-18T06:03:03.558Z,50,135,2.00,50,SMART_GROW,0,0
2026-02-18T06:03:03.657Z,50,134,49.30,49,LAG_SHRINK,2,0
2026-02-18T06:03:03.759Z,50,138,80.58,48,LAG_SHRINK,0,0
2026-02-18T06:03:03.856Z,49,144,78.68,47,LAG_SHRINK,1,0
2026-02-18T06:03:03.907Z,50,144,20.34,50,SMART_GROW,0,0
2026-02-18T06:03:03.959Z,50,143,3.00,50,SMART_GROW,0,0
2026-02-18T06:03:04.059Z,50,143,50.11,49,LAG_SHRINK,1,0
2026-02-18T06:03:04.157Z,49,143,78.15,48,LAG_SHRINK,2,0
2026-02-18T06:03:04.207Z,50,144,20.21,50,SMART_GROW,1,0
2026-02-18T06:03:04.260Z,50,140,38.88,49,LAG_SHRINK,2,0
2026-02-18T06:03:04.358Z,49,139,78.94,48,LAG_SHRINK,2,0
2026-02-18T06:03:04.409Z,50,140,20.13,50,SMART_GROW,1,0
2026-02-18T06:03:04.459Z,50,134,40.52,49,LAG_SHRINK,2,0
2026-02-18T06:03:04.558Z,49,133,78.81,48,LAG_SHRINK,2,0
2026-02-18T06:03:04.609Z,50,134,20.41,50,SMART_GROW,1,0
2026-02-18T06:03:04.660Z,50,131,1.00,50,SMART_GROW,2,0
2026-02-18T06:03:04.757Z,50,131,81.04,49,LAG_SHRINK,0,0
2026-02-18T06:03:04.859Z,49,129,82.74,48,LAG_SHRINK,3,0
2026-02-18T06:03:04.956Z,48,129,76.91,47,LAG_SHRINK,1,0
2026-02-18T06:03:05.007Z,50,130,20.24,50,SMART_GROW,0,0
2026-02-18T06:03:05.058Z,50,126,2.00,50,SMART_GROW,0,0
2026-02-18T06:03:05.159Z,50,124,51.00,49,LAG_SHRINK,2,0
2026-02-18T06:03:05.258Z,49,120,49.00,48,LAG_SHRINK,2,0
2026-02-18T06:03:05.309Z,50,123,20.64,50,SMART_GROW,1,0
2026-02-18T06:03:05.360Z,50,121,1.00,50,SMART_GROW,0,0
2026-02-18T06:03:05.461Z,50,118,51.00,49,LAG_SHRINK,2,0
2026-02-18T06:03:05.558Z,50,122,19.31,50,SMART_GROW,2,0
2026-02-18T06:03:05.658Z,50,119,20.00,50,SMART_GROW,2,0
2026-02-18T06:03:05.758Z,50,118,19.72,50,SMART_GROW,2,0
2026-02-18T06:03:05.858Z,50,118,50.00,49,LAG_SHRINK,2,0
2026-02-18T06:03:05.957Z,50,118,20.03,50,SMART_GROW,3,0
2026-02-18T06:03:06.062Z,50,109,20.06,50,SMART_GROW,6,0
2026-02-18T06:03:06.163Z,50,110,94.01,49,LAG_SHRINK,5,0
2026-02-18T06:03:06.262Z,49,113,48.00,48,LAG_SHRINK,5,0
2026-02-18T06:03:06.362Z,48,112,51.00,47,LAG_SHRINK,3,0
2026-02-18T06:03:06.463Z,47,113,95.39,46,LAG_SHRINK,3,0
2026-02-18T06:03:06.557Z,46,112,44.00,45,LAG_SHRINK,2,0
2026-02-18T06:03:06.657Z,45,114,79.27,44,LAG_SHRINK,1,0
2026-02-18T06:03:06.757Z,45,119,78.74,43,LAG_SHRINK,0,0
2026-02-18T06:03:06.807Z,48,122,20.23,48,SMART_GROW,0,0
2026-02-18T06:03:06.862Z,50,119,5.00,50,SMART_GROW,0,0
2026-02-18T06:03:06.962Z,50,116,50.00,49,LAG_SHRINK,4,0
2026-02-18T06:03:07.062Z,49,117,95.52,48,LAG_SHRINK,5,0
2026-02-18T06:03:07.161Z,48,122,49.00,47,LAG_SHRINK,4,0
2026-02-18T06:03:07.258Z,47,125,96.37,46,LAG_SHRINK,2,0
2026-02-18T06:03:07.358Z,46,126,80.90,45,LAG_SHRINK,3,0
2026-02-18T06:03:07.457Z,46,130,49.00,44,LAG_SHRINK,0,0
2026-02-18T06:03:07.507Z,50,131,19.14,50,SMART_GROW,1,0
2026-02-18T06:03:07.561Z,50,126,44.29,49,LAG_SHRINK,0,0
2026-02-18T06:03:07.665Z,49,123,54.00,48,LAG_SHRINK,5,0
2026-02-18T06:03:07.761Z,48,123,96.04,47,LAG_SHRINK,3,0
2026-02-18T06:03:07.858Z,47,122,47.00,46,LAG_SHRINK,2,0
2026-02-18T06:03:07.958Z,46,125,50.00,45,LAG_SHRINK,1,0
2026-02-18T06:03:08.009Z,50,131,20.36,50,SMART_GROW,1,0
2026-02-18T06:03:08.061Z,50,123,3.00,50,SMART_GROW,0,0
2026-02-18T06:03:08.160Z,50,121,48.00,49,LAG_SHRINK,5,0
2026-02-18T06:03:08.266Z,49,119,96.63,48,LAG_SHRINK,5,0
2026-02-18T06:03:08.360Z,48,119,44.00,47,LAG_SHRINK,3,0
2026-02-18T06:03:08.459Z,47,114,48.18,46,LAG_SHRINK,3,0
2026-02-18T06:03:08.557Z,46,114,80.64,45,LAG_SHRINK,2,0
2026-02-18T06:03:08.657Z,45,118,50.00,44,LAG_SHRINK,2,0
2026-02-18T06:03:08.709Z,49,119,20.23,49,SMART_GROW,1,0
2026-02-18T06:03:08.762Z,50,106,4.00,50,SMART_GROW,4,0
2026-02-18T06:03:08.861Z,50,107,81.04,49,LAG_SHRINK,1,0
2026-02-18T06:03:08.959Z,49,98,79.07,48,LAG_SHRINK,10,0
2026-02-18T06:03:09.061Z,48,98,52.00,47,LAG_SHRINK,5,0
2026-02-18T06:03:09.162Z,47,101,97.22,46,LAG_SHRINK,4,0
2026-02-18T06:03:09.260Z,46,105,48.00,45,LAG_SHRINK,3,0
2026-02-18T06:03:09.359Z,45,105,98.14,44,LAG_SHRINK,2,0
2026-02-18T06:03:09.457Z,44,108,78.35,43,LAG_SHRINK,1,0
2026-02-18T06:03:09.508Z,48,117,20.24,48,SMART_GROW,0,0
2026-02-18T06:03:09.563Z,50,113,6.00,50,SMART_GROW,0,0
2026-02-18T06:03:09.661Z,50,109,48.00,49,LAG_SHRINK,4,0
2026-02-18T06:03:09.759Z,49,109,48.00,48,LAG_SHRINK,6,0
2026-02-18T06:03:09.861Z,48,105,81.23,47,LAG_SHRINK,10,0
2026-02-18T06:03:09.965Z,47,109,54.00,46,LAG_SHRINK,3,0
2026-02-18T06:03:10.060Z,46,117,45.00,45,LAG_SHRINK,3,0
2026-02-18T06:03:10.160Z,45,119,47.83,44,LAG_SHRINK,3,0
2026-02-18T06:03:10.209Z,49,121,20.50,49,SMART_GROW,2,0
2026-02-18T06:03:10.261Z,49,113,39.76,48,LAG_SHRINK,3,0
2026-02-18T06:03:10.363Z,48,114,51.00,47,LAG_SHRINK,2,0
2026-02-18T06:03:10.461Z,47,113,93.75,46,LAG_SHRINK,4,0
2026-02-18T06:03:10.558Z,50,112,20.24,50,SMART_GROW,2,0
2026-02-18T06:03:10.561Z,50,107,0.00,50,SMART_GROW,0,0
2026-02-18T06:03:10.658Z,50,111,47.00,49,LAG_SHRINK,0,0
2026-02-18T06:03:10.759Z,49,115,97.62,48,LAG_SHRINK,3,0
2026-02-18T06:03:10.858Z,48,121,81.10,47,LAG_SHRINK,3,0
2026-02-18T06:03:10.909Z,50,126,20.34,50,SMART_GROW,0,0
2026-02-18T06:03:10.959Z,50,124,1.00,50,SMART_GROW,0,0
2026-02-18T06:03:11.060Z,50,120,79.46,49,LAG_SHRINK,4,0
2026-02-18T06:03:11.111Z,50,125,20.41,50,SMART_GROW,2,0
2026-02-18T06:03:11.161Z,50,123,0.00,50,SMART_GROW,1,0
2026-02-18T06:03:11.257Z,50,124,81.10,49,LAG_SHRINK,1,0
2026-02-18T06:03:11.358Z,49,129,80.64,48,LAG_SHRINK,1,0
2026-02-18T06:03:11.409Z,50,133,20.16,50,SMART_GROW,0,0
2026-02-18T06:03:11.461Z,50,131,2.00,50,SMART_GROW,1,0
2026-02-18T06:03:11.558Z,50,132,81.10,49,LAG_SHRINK,1,0
2026-02-18T06:03:11.657Z,49,133,79.92,48,LAG_SHRINK,1,0
2026-02-18T06:03:11.708Z,50,136,20.28,50,SMART_GROW,0,0
2026-02-18T06:03:11.759Z,50,134,0.00,50,SMART_GROW,0,0
2026-02-18T06:03:11.859Z,50,134,81.82,49,LAG_SHRINK,2,0
2026-02-18T06:03:11.958Z,49,135,79.86,48,LAG_SHRINK,1,0
2026-02-18T06:03:12.009Z,50,139,19.47,50,SMART_GROW,0,0
2026-02-18T06:03:12.059Z,50,137,0.00,50,SMART_GROW,0,0
2026-02-18T06:03:12.159Z,50,138,50.00,49,LAG_SHRINK,1,0
2026-02-18T06:03:12.210Z,50,139,20.07,50,SMART_GROW,1,0
2026-02-18T06:03:12.259Z,50,138,0.00,50,SMART_GROW,0,0
2026-02-18T06:03:12.359Z,50,137,50.00,49,LAG_SHRINK,2,0
2026-02-18T06:03:12.458Z,49,136,48.38,48,LAG_SHRINK,3,0
2026-02-18T06:03:12.557Z,48,136,49.00,47,LAG_SHRINK,2,0
2026-02-18T06:03:12.608Z,50,137,20.28,50,SMART_GROW,1,0
2026-02-18T06:03:12.658Z,50,133,1.00,50,SMART_GROW,0,0
2026-02-18T06:03:12.759Z,50,129,79.79,49,LAG_SHRINK,6,0
2026-02-18T06:03:12.858Z,49,124,79.00,48,LAG_SHRINK,7,0
2026-02-18T06:03:12.958Z,48,122,80.38,47,LAG_SHRINK,4,0
2026-02-18T06:03:13.056Z,47,124,48.00,46,LAG_SHRINK,1,0
2026-02-18T06:03:13.107Z,50,125,20.36,50,SMART_GROW,1,0
2026-02-18T06:03:13.162Z,50,120,5.00,50,SMART_GROW,0,0
2026-02-18T06:03:13.261Z,50,116,49.00,49,LAG_SHRINK,5,0
2026-02-18T06:03:13.362Z,49,116,97.03,48,LAG_SHRINK,3,0
2026-02-18T06:03:13.458Z,48,116,79.33,47,LAG_SHRINK,3,0
2026-02-18T06:03:13.508Z,50,119,20.16,50,SMART_GROW,1,0
2026-02-18T06:03:13.560Z,50,114,3.00,50,SMART_GROW,2,0
2026-02-18T06:03:13.659Z,50,112,79.86,49,LAG_SHRINK,4,0
2026-02-18T06:03:13.758Z,49,114,79.99,48,LAG_SHRINK,4,0
2026-02-18T06:03:13.856Z,48,122,48.00,47,LAG_SHRINK,1,0
2026-02-18T06:03:13.956Z,47,126,50.00,46,LAG_SHRINK,1,0
2026-02-18T06:03:14.007Z,50,127,20.02,50,SMART_GROW,0,0
2026-02-18T06:03:14.055Z,50,124,41.57,49,LAG_SHRINK,0,0
2026-02-18T06:03:14.158Z,49,122,53.00,48,LAG_SHRINK,4,0
2026-02-18T06:03:14.258Z,48,125,50.00,47,LAG_SHRINK,2,0
2026-02-18T06:03:14.358Z,47,127,96.37,46,LAG_SHRINK,3,0
2026-02-18T06:03:14.456Z,46,129,81.49,45,LAG_SHRINK,2,0
2026-02-18T06:03:14.506Z,50,130,20.49,50,SMART_GROW,1,0
2026-02-18T06:03:14.559Z,50,125,3.00,50,SMART_GROW,0,0
2026-02-18T06:03:14.656Z,50,123,47.00,49,LAG_SHRINK,5,0
2026-02-18T06:03:14.757Z,49,119,49.88,48,LAG_SHRINK,8,0
2026-02-18T06:03:14.856Z,48,118,49.00,47,LAG_SHRINK,4,0
2026-02-18T06:03:14.956Z,47,117,50.00,46,LAG_SHRINK,2,0
2026-02-18T06:03:15.055Z,46,116,49.26,45,LAG_SHRINK,2,0
2026-02-18T06:03:15.105Z,50,120,20.16,50,SMART_GROW,1,0
2026-02-18T06:03:15.157Z,50,115,42.65,49,LAG_SHRINK,0,0
2026-02-18T06:03:15.262Z,49,113,55.00,48,LAG_SHRINK,5,0
2026-02-18T06:03:15.359Z,48,110,47.00,47,LAG_SHRINK,4,0
2026-02-18T06:03:15.459Z,48,114,50.00,46,LAG_SHRINK,0,0
2026-02-18T06:03:15.556Z,46,113,48.20,45,LAG_SHRINK,4,0
2026-02-18T06:03:15.655Z,45,118,78.02,44,LAG_SHRINK,1,0
2026-02-18T06:03:15.754Z,45,128,78.15,43,LAG_SHRINK,0,0
2026-02-18T06:03:15.854Z,49,132,20.24,49,SMART_GROW,0,0
2026-02-18T06:03:15.856Z,50,128,1.00,50,SMART_GROW,0,0
2026-02-18T06:03:15.958Z,50,125,82.28,49,LAG_SHRINK,5,0
2026-02-18T06:03:16.057Z,49,123,49.00,48,LAG_SHRINK,5,0
2026-02-18T06:03:16.157Z,48,118,96.83,47,LAG_SHRINK,4,0
2026-02-18T06:03:16.255Z,47,120,48.00,46,LAG_SHRINK,4,0
2026-02-18T06:03:16.355Z,46,119,49.64,45,LAG_SHRINK,2,0
2026-02-18T06:03:16.455Z,45,123,79.07,44,LAG_SHRINK,1,0
2026-02-18T06:03:16.506Z,50,126,20.36,50,SMART_GROW,0,0
2026-02-18T06:03:16.563Z,50,120,8.00,50,SMART_GROW,0,0
2026-02-18T06:03:16.660Z,50,116,47.00,49,LAG_SHRINK,4,0
2026-02-18T06:03:16.756Z,49,113,46.00,48,LAG_SHRINK,5,0
2026-02-18T06:03:16.857Z,50,108,20.70,50,SMART_GROW,4,0
2026-02-18T06:03:16.956Z,50,105,97.03,49,LAG_SHRINK,2,0
2026-02-18T06:03:17.059Z,49,111,53.00,48,LAG_SHRINK,4,0
2026-02-18T06:03:17.158Z,48,115,95.85,47,LAG_SHRINK,3,0
2026-02-18T06:03:17.256Z,47,120,80.64,46,LAG_SHRINK,2,0
2026-02-18T06:03:17.356Z,47,122,79.59,45,LAG_SHRINK,0,0
2026-02-18T06:03:17.407Z,50,124,20.34,50,SMART_GROW,1,0
2026-02-18T06:03:17.457Z,50,117,41.66,49,LAG_SHRINK,3,0
2026-02-18T06:03:17.557Z,49,118,50.00,48,LAG_SHRINK,1,0
2026-02-18T06:03:17.655Z,48,116,77.30,47,LAG_SHRINK,5,0
2026-02-18T06:03:17.755Z,47,123,50.00,46,LAG_SHRINK,1,0
2026-02-18T06:03:17.855Z,46,129,98.99,45,LAG_SHRINK,2,0
2026-02-18T06:03:17.956Z,45,131,81.49,44,LAG_SHRINK,1,0
2026-02-18T06:03:18.007Z,50,135,20.50,50,SMART_GROW,0,0
2026-02-18T06:03:18.061Z,50,129,5.00,50,SMART_GROW,0,0
2026-02-18T06:03:18.160Z,50,127,49.00,49,LAG_SHRINK,5,0
2026-02-18T06:03:18.256Z,49,121,80.64,48,LAG_SHRINK,9,0
2026-02-18T06:03:18.356Z,48,118,50.00,47,LAG_SHRINK,5,0
2026-02-18T06:03:18.459Z,50,116,20.11,50,SMART_GROW,4,0
2026-02-18T06:03:18.561Z,50,113,53.00,49,LAG_SHRINK,3,0
2026-02-18T06:03:18.655Z,49,113,46.94,48,LAG_SHRINK,6,0
2026-02-18T06:03:18.757Z,48,110,78.54,47,LAG_SHRINK,5,0
2026-02-18T06:03:18.857Z,47,112,50.00,46,LAG_SHRINK,1,0
2026-02-18T06:03:18.907Z,50,113,20.32,50,SMART_GROW,0,0
2026-02-18T06:03:18.959Z,50,108,39.76,49,LAG_SHRINK,2,0
2026-02-18T06:03:19.055Z,49,106,79.59,48,LAG_SHRINK,2,0
2026-02-18T06:03:19.155Z,48,110,81.43,47,LAG_SHRINK,3,0
2026-02-18T06:03:19.254Z,47,115,78.48,46,LAG_SHRINK,1,0
2026-02-18T06:03:19.355Z,50,123,20.26,50,SMART_GROW,0,0
2026-02-18T06:03:19.457Z,50,118,49.67,49,LAG_SHRINK,3,0
2026-02-18T06:03:19.557Z,49,120,49.00,48,LAG_SHRINK,3,0
2026-02-18T06:03:19.655Z,48,126,97.94,47,LAG_SHRINK,2,0
2026-02-18T06:03:19.755Z,47,131,79.20,46,LAG_SHRINK,1,0
2026-02-18T06:03:19.805Z,50,132,20.37,50,SMART_GROW,0,0
2026-02-18T06:03:19.856Z,50,129,39.60,49,LAG_SHRINK,0,0
2026-02-18T06:03:19.957Z,49,127,80.77,48,LAG_SHRINK,3,0
2026-02-18T06:03:20.055Z,49,130,77.50,47,LAG_SHRINK,0,0
2026-02-18T06:03:20.105Z,50,134,20.41,50,SMART_GROW,1,0
2026-02-18T06:03:20.155Z,50,130,38.29,49,LAG_SHRINK,2,0
2026-02-18T06:03:20.205Z,50,132,20.01,50,SMART_GROW,1,0
2026-02-18T06:03:20.256Z,50,131,41.66,49,LAG_SHRINK,0,0
2026-02-18T06:03:20.307Z,50,131,20.47,50,SMART_GROW,1,0
2026-02-18T06:03:20.357Z,50,128,39.67,49,LAG_SHRINK,1,0
2026-02-18T06:03:20.456Z,49,133,80.90,48,LAG_SHRINK,1,0
2026-02-18T06:03:20.507Z,50,136,20.36,50,SMART_GROW,0,0
2026-02-18T06:03:20.556Z,50,135,0.00,50,SMART_GROW,0,0
2026-02-18T06:03:20.655Z,50,135,81.63,49,LAG_SHRINK,2,0
2026-02-18T06:03:20.756Z,50,136,80.58,48,LAG_SHRINK,0,0
2026-02-18T06:03:20.807Z,50,137,20.36,50,SMART_GROW,1,0
2026-02-18T06:03:20.858Z,50,135,1.00,50,SMART_GROW,1,0
2026-02-18T06:03:20.956Z,50,136,79.33,49,LAG_SHRINK,1,0
2026-02-18T06:03:21.055Z,49,135,81.23,48,LAG_SHRINK,3,0
2026-02-18T06:03:21.154Z,48,138,79.13,47,LAG_SHRINK,1,0
2026-02-18T06:03:21.205Z,50,139,20.36,50,SMART_GROW,0,0
2026-02-18T06:03:21.256Z,50,135,39.63,49,LAG_SHRINK,2,0
2026-02-18T06:03:21.356Z,49,134,81.17,48,LAG_SHRINK,3,0
2026-02-18T06:03:21.456Z,48,135,51.00,47,LAG_SHRINK,2,0
2026-02-18T06:03:21.556Z,47,134,81.43,46,LAG_SHRINK,2,0
2026-02-18T06:03:21.607Z,50,135,20.34,50,SMART_GROW,1,0
2026-02-18T06:03:21.661Z,50,126,5.00,50,SMART_GROW,3,0
2026-02-18T06:03:21.760Z,50,124,49.00,49,LAG_SHRINK,2,0
2026-02-18T06:03:21.859Z,49,120,95.98,48,LAG_SHRINK,4,0
2026-02-18T06:03:21.957Z,48,120,48.00,47,LAG_SHRINK,3,0
2026-02-18T06:03:22.056Z,47,121,98.14,46,LAG_SHRINK,2,0
2026-02-18T06:03:22.156Z,47,122,50.00,45,LAG_SHRINK,0,0
2026-02-18T06:03:22.207Z,50,123,20.16,50,SMART_GROW,1,0
2026-02-18T06:03:22.259Z,50,117,41.11,49,LAG_SHRINK,3,0
2026-02-18T06:03:22.361Z,49,115,51.00,48,LAG_SHRINK,2,0
2026-02-18T06:03:22.459Z,48,112,49.00,47,LAG_SHRINK,3,0
2026-02-18T06:03:22.558Z,47,115,96.63,46,LAG_SHRINK,2,0
2026-02-18T06:03:22.655Z,46,114,80.45,45,LAG_SHRINK,3,0
2026-02-18T06:03:22.755Z,45,120,79.59,44,LAG_SHRINK,1,0
2026-02-18T06:03:22.806Z,49,124,20.44,49,SMART_GROW,0,0
2026-02-18T06:03:22.860Z,49,119,44.02,48,LAG_SHRINK,0,0
2026-02-18T06:03:22.964Z,48,117,54.00,47,LAG_SHRINK,5,0
2026-02-18T06:03:23.060Z,47,120,46.00,46,LAG_SHRINK,2,0
2026-02-18T06:03:23.158Z,46,118,96.44,45,LAG_SHRINK,3,0
2026-02-18T06:03:23.256Z,45,118,79.20,44,LAG_SHRINK,2,0
2026-02-18T06:03:23.356Z,44,122,80.97,43,LAG_SHRINK,1,0
2026-02-18T06:03:23.454Z,44,130,48.00,42,LAG_SHRINK,0,0
2026-02-18T06:03:23.505Z,48,134,20.29,48,SMART_GROW,0,0
2026-02-18T06:03:23.657Z,48,126,143.07,47,LAG_SHRINK,3,0
2026-02-18T06:03:23.759Z,47,127,52.00,46,LAG_SHRINK,4,0
2026-02-18T06:03:23.858Z,46,127,96.57,45,LAG_SHRINK,3,0
2026-02-18T06:03:23.957Z,45,129,80.31,44,LAG_SHRINK,2,0
2026-02-18T06:03:24.056Z,45,131,50.00,43,LAG_SHRINK,0,0
2026-02-18T06:03:24.107Z,49,134,20.36,49,SMART_GROW,1,0
2026-02-18T06:03:24.161Z,50,129,4.00,50,SMART_GROW,0,0
2026-02-18T06:03:24.264Z,50,126,53.00,49,LAG_SHRINK,5,0
2026-02-18T06:03:24.365Z,49,124,51.00,48,LAG_SHRINK,5,0
2026-02-18T06:03:24.459Z,48,125,44.00,47,LAG_SHRINK,1,0
2026-02-18T06:03:24.560Z,47,122,95.32,46,LAG_SHRINK,4,0
2026-02-18T06:03:24.755Z,46,122,145.00,45,LAG_SHRINK,3,0
2026-02-18T06:03:24.856Z,45,128,49.60,44,LAG_SHRINK,2,0
2026-02-18T06:03:24.956Z,44,130,78.94,43,LAG_SHRINK,1,0
2026-02-18T06:03:25.007Z,49,133,20.24,49,SMART_GROW,0,0
2026-02-18T06:03:25.060Z,50,125,3.00,50,SMART_GROW,0,0
2026-02-18T06:03:25.157Z,50,118,48.00,49,LAG_SHRINK,5,0
2026-02-18T06:03:25.258Z,50,115,20.82,50,SMART_GROW,7,0
2026-02-18T06:03:25.363Z,50,110,98.14,49,LAG_SHRINK,6,0
2026-02-18T06:03:25.461Z,49,109,48.00,48,LAG_SHRINK,4,0
2026-02-18T06:03:25.558Z,48,111,46.00,47,LAG_SHRINK,2,0
2026-02-18T06:03:25.654Z,47,110,47.99,46,LAG_SHRINK,2,0
2026-02-18T06:03:25.704Z,50,113,20.18,50,SMART_GROW,1,0
2026-02-18T06:03:25.756Z,50,109,41.50,49,LAG_SHRINK,0,0
2026-02-18T06:03:25.856Z,49,108,50.00,48,LAG_SHRINK,4,0
2026-02-18T06:03:25.959Z,50,103,20.01,50,SMART_GROW,6,0
2026-02-18T06:03:26.059Z,50,100,96.24,49,LAG_SHRINK,2,0
2026-02-18T06:03:26.158Z,49,106,49.00,48,LAG_SHRINK,5,0
2026-02-18T06:03:26.258Z,48,106,48.18,47,LAG_SHRINK,7,0
2026-02-18T06:03:26.357Z,47,112,49.00,46,LAG_SHRINK,3,0
2026-02-18T06:03:26.457Z,46,113,96.37,45,LAG_SHRINK,2,0
2026-02-18T06:03:26.506Z,50,120,20.16,50,SMART_GROW,1,0
2026-02-18T06:03:26.560Z,50,115,4.00,50,SMART_GROW,0,0
2026-02-18T06:03:26.657Z,50,112,47.00,49,LAG_SHRINK,5,0
2026-02-18T06:03:26.760Z,49,105,49.30,48,LAG_SHRINK,9,0
2026-02-18T06:03:26.858Z,48,107,82.08,47,LAG_SHRINK,3,0
2026-02-18T06:03:26.956Z,47,110,78.68,46,LAG_SHRINK,2,0
2026-02-18T06:03:27.007Z,50,115,20.34,50,SMART_GROW,1,0
2026-02-18T06:03:27.059Z,50,111,2.00,50,SMART_GROW,0,0
2026-02-18T06:03:27.157Z,50,111,48.00,49,LAG_SHRINK,4,0
2026-02-18T06:03:27.259Z,49,117,52.00,48,LAG_SHRINK,2,0
2026-02-18T06:03:27.355Z,48,118,47.84,47,LAG_SHRINK,3,0
2026-02-18T06:03:27.456Z,47,120,80.84,46,LAG_SHRINK,1,0
2026-02-18T06:03:27.506Z,50,121,20.14,50,SMART_GROW,0,0
2026-02-18T06:03:27.556Z,50,117,38.55,49,LAG_SHRINK,1,0
2026-02-18T06:03:27.655Z,49,122,78.09,48,LAG_SHRINK,2,0
2026-02-18T06:03:27.754Z,48,130,78.74,47,LAG_SHRINK,1,0
2026-02-18T06:03:27.805Z,50,134,20.26,50,SMART_GROW,0,0
2026-02-18T06:03:27.855Z,50,132,0.00,50,SMART_GROW,0,0
2026-02-18T06:03:27.957Z,50,131,82.67,49,LAG_SHRINK,2,0
2026-02-18T06:03:28.056Z,49,132,78.15,48,LAG_SHRINK,1,0
2026-02-18T06:03:28.107Z,50,136,20.36,50,SMART_GROW,0,0
2026-02-18T06:03:28.156Z,50,134,0.00,50,SMART_GROW,1,0
2026-02-18T06:03:28.256Z,50,136,81.43,49,LAG_SHRINK,1,0
2026-02-18T06:03:28.355Z,49,138,78.41,48,LAG_SHRINK,1,0
2026-02-18T06:03:28.405Z,50,139,20.19,50,SMART_GROW,0,0
2026-02-18T06:03:28.455Z,50,138,39.53,49,LAG_SHRINK,0,0
2026-02-18T06:03:28.506Z,50,139,20.52,50,SMART_GROW,1,0
2026-02-18T06:03:28.556Z,50,137,40.39,49,LAG_SHRINK,1,0
2026-02-18T06:03:28.656Z,49,139,78.54,48,LAG_SHRINK,1,0
2026-02-18T06:03:28.755Z,49,141,79.79,47,LAG_SHRINK,0,0
2026-02-18T06:03:28.806Z,50,141,20.29,50,SMART_GROW,0,0
2026-02-18T06:03:28.856Z,50,140,1.00,50,SMART_GROW,0,0
2026-02-18T06:03:28.956Z,50,140,81.49,49,LAG_SHRINK,2,0
2026-02-18T06:03:29.056Z,50,141,78.74,48,LAG_SHRINK,0,0
2026-02-18T06:03:29.105Z,50,142,20.68,50,SMART_GROW,1,0
2026-02-18T06:03:29.157Z,50,141,40.35,49,LAG_SHRINK,0,0
2026-02-18T06:03:29.208Z,50,142,20.21,50,SMART_GROW,1,0
2026-02-18T06:03:29.259Z,50,136,2.00,50,SMART_GROW,1,0
2026-02-18T06:03:29.356Z,50,136,79.79,49,LAG_SHRINK,1,0
2026-02-18T06:03:29.407Z,50,137,20.34,50,SMART_GROW,1,0
2026-02-18T06:03:29.457Z,50,134,39.86,49,LAG_SHRINK,1,0
2026-02-18T06:03:29.556Z,49,134,80.84,48,LAG_SHRINK,2,0
2026-02-18T06:03:29.656Z,48,134,79.53,47,LAG_SHRINK,2,0
2026-02-18T06:03:29.755Z,47,135,78.87,46,LAG_SHRINK,1,0
2026-02-18T06:03:29.855Z,50,135,20.54,50,SMART_GROW,0,0
2026-02-18T06:03:29.958Z,50,129,20.23,50,SMART_GROW,3,0
2026-02-18T06:03:30.057Z,50,125,97.22,49,LAG_SHRINK,4,0
2026-02-18T06:03:30.159Z,49,122,52.00,48,LAG_SHRINK,4,0
2026-02-18T06:03:30.256Z,48,122,47.76,47,LAG_SHRINK,5,0
2026-02-18T06:03:30.356Z,47,123,81.17,46,LAG_SHRINK,3,0
2026-02-18T06:03:30.457Z,46,124,79.86,45,LAG_SHRINK,1,0
2026-02-18T06:03:30.554Z,46,127,77.69,44,LAG_SHRINK,0,0
2026-02-18T06:03:30.605Z,50,129,20.24,50,SMART_GROW,0,0
2026-02-18T06:03:30.660Z,50,124,5.00,50,SMART_GROW,0,0
2026-02-18T06:03:30.758Z,50,118,80.18,49,LAG_SHRINK,7,0
2026-02-18T06:03:30.860Z,49,115,52.00,48,LAG_SHRINK,4,0
2026-02-18T06:03:30.958Z,48,118,48.00,47,LAG_SHRINK,2,0
2026-02-18T06:03:31.056Z,47,121,48.92,46,LAG_SHRINK,2,0
2026-02-18T06:03:31.107Z,50,127,20.34,50,SMART_GROW,1,0
2026-02-18T06:03:31.159Z,50,123,3.00,50,SMART_GROW,0,0
2026-02-18T06:03:31.262Z,50,115,80.38,49,LAG_SHRINK,10,0
2026-02-18T06:03:31.359Z,49,113,48.00,48,LAG_SHRINK,5,0
2026-02-18T06:03:31.459Z,48,106,47.25,47,LAG_SHRINK,7,0
2026-02-18T06:03:31.556Z,47,103,79.86,46,LAG_SHRINK,5,0
2026-02-18T06:03:31.656Z,46,100,80.05,45,LAG_SHRINK,3,0
2026-02-18T06:03:31.754Z,45,105,80.31,44,LAG_SHRINK,1,0
2026-02-18T06:03:31.805Z,49,110,20.29,49,SMART_GROW,0,0
2026-02-18T06:03:31.858Z,50,105,4.00,50,SMART_GROW,0,0
2026-02-18T06:03:31.961Z,50,103,53.00,49,LAG_SHRINK,5,0
2026-02-18T06:03:32.058Z,49,101,93.42,48,LAG_SHRINK,5,0
2026-02-18T06:03:32.160Z,48,99,52.00,47,LAG_SHRINK,3,0
2026-02-18T06:03:32.261Z,47,107,47.80,46,LAG_SHRINK,5,0
2026-02-18T06:03:32.355Z,46,106,45.00,45,LAG_SHRINK,2,0
2026-02-18T06:03:32.456Z,46,116,100.24,44,LAG_SHRINK,0,0
2026-02-18T06:03:32.507Z,50,126,20.55,50,SMART_GROW,1,0
2026-02-18T06:03:32.561Z,50,121,4.00,50,SMART_GROW,0,0
2026-02-18T06:03:32.656Z,50,116,81.04,49,LAG_SHRINK,6,0
2026-02-18T06:03:32.757Z,49,110,78.87,48,LAG_SHRINK,7,0
2026-02-18T06:03:32.809Z,50,110,20.19,50,SMART_GROW,2,0
2026-02-18T06:03:32.858Z,50,106,1.00,50,SMART_GROW,1,0
2026-02-18T06:03:32.956Z,50,108,82.35,49,LAG_SHRINK,2,0
2026-02-18T06:03:33.056Z,49,114,79.72,48,LAG_SHRINK,1,0
2026-02-18T06:03:33.106Z,50,118,20.34,50,SMART_GROW,0,0
2026-02-18T06:03:33.156Z,50,116,38.16,49,LAG_SHRINK,1,0
2026-02-18T06:03:33.255Z,50,121,78.41,48,LAG_SHRINK,0,0
2026-02-18T06:03:33.305Z,50,122,20.28,50,SMART_GROW,0,0
2026-02-18T06:03:33.355Z,50,122,20.16,50,SMART_GROW,0,0
2026-02-18T06:03:33.406Z,50,123,20.46,50,SMART_GROW,0,0
2026-02-18T06:03:33.457Z,50,123,1.00,50,SMART_GROW,0,0
2026-02-18T06:03:33.556Z,50,122,82.35,49,LAG_SHRINK,2,0
2026-02-18T06:03:33.655Z,50,132,49.00,48,LAG_SHRINK,0,0
2026-02-18T06:03:33.754Z,48,140,79.59,47,LAG_SHRINK,2,0
2026-02-18T06:03:33.805Z,50,142,20.26,50,SMART_GROW,0,0
2026-02-18T06:03:33.858Z,50,141,4.00,50,SMART_GROW,0,0
2026-02-18T06:03:33.956Z,50,140,48.00,49,LAG_SHRINK,2,0
2026-02-18T06:03:34.055Z,49,139,49.35,48,LAG_SHRINK,3,0
2026-02-18T06:03:34.156Z,48,139,78.94,47,LAG_SHRINK,2,0
2026-02-18T06:03:34.206Z,50,140,20.46,50,SMART_GROW,1,0
2026-02-18T06:03:34.257Z,50,134,41.01,49,LAG_SHRINK,2,0
2026-02-18T06:03:34.357Z,49,134,50.00,48,LAG_SHRINK,1,0
2026-02-18T06:03:34.455Z,48,131,80.18,47,LAG_SHRINK,3,0
2026-02-18T06:03:34.556Z,47,132,80.77,46,LAG_SHRINK,1,0
2026-02-18T06:03:34.607Z,50,133,20.34,50,SMART_GROW,0,0
2026-02-18T06:03:34.658Z,50,130,2.00,50,SMART_GROW,0,0
2026-02-18T06:03:34.757Z,50,129,82.35,49,LAG_SHRINK,3,0
2026-02-18T06:03:34.857Z,49,125,77.82,48,LAG_SHRINK,5,0
2026-02-18T06:03:34.956Z,48,127,81.04,47,LAG_SHRINK,2,0
2026-02-18T06:03:35.054Z,50,129,20.26,50,SMART_GROW,1,0
2026-02-18T06:03:35.154Z,50,126,50.14,49,LAG_SHRINK,2,0
2026-02-18T06:03:35.254Z,49,129,79.72,48,LAG_SHRINK,1,0
2026-02-18T06:03:35.305Z,50,132,20.37,50,SMART_GROW,0,0
2026-02-18T06:03:35.355Z,50,131,0.00,50,SMART_GROW,0,0
2026-02-18T06:03:35.455Z,50,132,80.45,49,LAG_SHRINK,1,0
2026-02-18T06:03:35.554Z,50,134,20.32,50,SMART_GROW,1,0
2026-02-18T06:03:35.655Z,50,133,50.10,49,LAG_SHRINK,1,0
2026-02-18T06:03:35.755Z,49,136,79.40,48,LAG_SHRINK,1,0
2026-02-18T06:03:35.854Z,49,141,78.74,47,LAG_SHRINK,0,0
2026-02-18T06:03:35.905Z,50,143,20.36,50,SMART_GROW,0,0
2026-02-18T06:03:35.955Z,50,142,1.00,50,SMART_GROW,0,0
2026-02-18T06:03:36.056Z,50,141,81.36,49,LAG_SHRINK,2,0
2026-02-18T06:03:36.157Z,49,142,79.86,48,LAG_SHRINK,1,0
2026-02-18T06:03:36.207Z,50,144,19.70,50,SMART_GROW,0,0
2026-02-18T06:03:36.256Z,50,143,0.00,50,SMART_GROW,0,0
2026-02-18T06:03:36.355Z,50,142,49.00,49,LAG_SHRINK,1,0
2026-02-18T06:03:36.406Z,50,143,20.19,50,SMART_GROW,1,0
2026-02-18T06:03:36.456Z,50,141,1.00,50,SMART_GROW,1,0
2026-02-18T06:03:36.555Z,50,141,80.90,49,LAG_SHRINK,1,0
2026-02-18T06:03:36.654Z,50,141,79.07,48,LAG_SHRINK,0,0
2026-02-18T06:03:36.704Z,50,142,20.29,50,SMART_GROW,1,0
2026-02-18T06:03:36.756Z,50,139,41.34,49,LAG_SHRINK,1,0
2026-02-18T06:03:36.856Z,49,140,79.40,48,LAG_SHRINK,1,0
2026-02-18T06:03:36.907Z,50,140,20.34,50,SMART_GROW,0,0
2026-02-18T06:03:36.957Z,50,138,40.55,49,LAG_SHRINK,1,0
2026-02-18T06:03:37.056Z,49,139,77.69,48,LAG_SHRINK,1,0
2026-02-18T06:03:37.105Z,50,140,20.24,50,SMART_GROW,0,0
2026-02-18T06:03:37.156Z,50,139,1.00,50,SMART_GROW,0,0
2026-02-18T06:03:37.259Z,50,131,84.97,49,LAG_SHRINK,2,0
2026-02-18T06:03:37.356Z,49,132,76.25,48,LAG_SHRINK,1,0
2026-02-18T06:03:37.408Z,50,133,20.47,50,SMART_GROW,0,0
2026-02-18T06:03:37.455Z,50,122,0.00,50,SMART_GROW,0,0
2026-02-18T06:03:37.556Z,50,122,81.76,49,LAG_SHRINK,1,0
2026-02-18T06:03:37.609Z,50,123,20.13,50,SMART_GROW,1,0
2026-02-18T06:03:37.656Z,50,107,0.00,50,SMART_GROW,1,0
2026-02-18T06:03:37.757Z,50,102,51.00,49,LAG_SHRINK,3,0
2026-02-18T06:03:37.856Z,49,102,97.81,48,LAG_SHRINK,3,0
2026-02-18T06:03:37.957Z,48,102,81.10,47,LAG_SHRINK,2,0
2026-02-18T06:03:38.056Z,47,103,78.61,46,LAG_SHRINK,1,0
2026-02-18T06:03:38.109Z,50,104,20.34,50,SMART_GROW,1,0
2026-02-18T06:03:38.157Z,50,92,1.00,50,SMART_GROW,0,0
2026-02-18T06:03:38.257Z,50,83,81.17,49,LAG_SHRINK,7,0
2026-02-18T06:03:38.359Z,49,88,52.00,48,LAG_SHRINK,4,0
2026-02-18T06:03:38.458Z,48,97,96.31,47,LAG_SHRINK,3,0
2026-02-18T06:03:38.556Z,47,97,48.00,46,LAG_SHRINK,2,0
2026-02-18T06:03:38.606Z,50,98,20.44,50,SMART_GROW,1,0
2026-02-18T06:03:38.657Z,50,106,1.00,50,SMART_GROW,0,0
2026-02-18T06:03:38.757Z,50,104,80.25,49,LAG_SHRINK,7,0
2026-02-18T06:03:38.858Z,49,104,51.00,48,LAG_SHRINK,4,0
2026-02-18T06:03:38.957Z,48,100,47.90,47,LAG_SHRINK,5,0
2026-02-18T06:03:39.055Z,47,98,80.38,46,LAG_SHRINK,3,0
2026-02-18T06:03:39.156Z,46,108,80.45,45,LAG_SHRINK,1,0
2026-02-18T06:03:39.254Z,46,117,78.22,44,LAG_SHRINK,0,0
2026-02-18T06:03:39.304Z,49,121,20.47,49,SMART_GROW,0,0
2026-02-18T06:03:39.355Z,49,116,40.29,48,LAG_SHRINK,1,0
2026-02-18T06:03:39.457Z,48,118,52.00,47,LAG_SHRINK,3,0
2026-02-18T06:03:39.557Z,50,119,20.03,50,SMART_GROW,2,0
2026-02-18T06:03:39.656Z,50,111,19.46,50,SMART_GROW,2,0
2026-02-18T06:03:39.757Z,50,105,49.39,49,LAG_SHRINK,10,0
2026-02-18T06:03:39.855Z,49,110,79.59,48,LAG_SHRINK,5,0
2026-02-18T06:03:39.956Z,48,117,80.97,47,LAG_SHRINK,1,0
2026-02-18T06:03:40.007Z,50,120,20.47,50,SMART_GROW,0,0
2026-02-18T06:03:40.057Z,50,116,0.00,50,SMART_GROW,1,0
2026-02-18T06:03:40.108Z,50,117,20.21,50,SMART_GROW,0,0
2026-02-18T06:03:40.158Z,50,118,20.25,50,SMART_GROW,0,0
2026-02-18T06:03:40.209Z,50,118,20.26,50,SMART_GROW,0,0
2026-02-18T06:03:40.260Z,50,118,20.28,50,SMART_GROW,0,0
2026-02-18T06:03:40.354Z,50,119,20.32,50,SMART_GROW,0,0
2026-02-18T06:03:40.405Z,50,122,19.90,50,SMART_GROW,0,0
2026-02-18T06:03:40.455Z,50,122,20.41,50,SMART_GROW,0,0
2026-02-18T06:03:40.554Z,50,125,49.28,49,LAG_SHRINK,0,0
2026-02-18T06:03:40.604Z,50,131,20.46,50,SMART_GROW,0,0
2026-02-18T06:03:40.655Z,50,131,20.46,50,SMART_GROW,0,0
2026-02-18T06:03:40.755Z,50,140,49.92,49,LAG_SHRINK,0,0
2026-02-18T06:03:40.854Z,50,146,78.22,48,LAG_SHRINK,0,0
2026-02-18T06:03:40.904Z,50,147,20.32,50,SMART_GROW,0,0
2026-02-18T06:03:40.954Z,50,147,0.00,50,SMART_GROW,0,0
2026-02-18T06:03:41.056Z,50,147,82.28,49,LAG_SHRINK,2,0
2026-02-18T06:03:41.154Z,49,148,77.10,48,LAG_SHRINK,1,0
2026-02-18T06:03:41.205Z,50,148,20.36,50,SMART_GROW,0,0
2026-02-18T06:03:41.255Z,50,146,1.00,50,SMART_GROW,0,0
2026-02-18T06:03:41.354Z,50,144,49.50,49,LAG_SHRINK,2,0
2026-02-18T06:03:41.404Z,50,144,20.31,50,SMART_GROW,0,0
2026-02-18T06:03:41.454Z,50,144,0.00,50,SMART_GROW,0,0
2026-02-18T06:03:41.555Z,50,143,51.00,49,LAG_SHRINK,1,0
2026-02-18T06:03:41.655Z,49,141,80.51,48,LAG_SHRINK,3,0
2026-02-18T06:03:41.754Z,48,141,78.15,47,LAG_SHRINK,1,0
2026-02-18T06:03:41.854Z,47,141,79.13,46,LAG_SHRINK,1,0
2026-02-18T06:03:41.905Z,50,141,20.32,50,SMART_GROW,0,0
2026-02-18T06:03:41.955Z,50,138,41.21,49,LAG_SHRINK,0,0
2026-02-18T06:03:42.056Z,49,137,79.13,48,LAG_SHRINK,3,0
2026-02-18T06:03:42.107Z,50,139,20.41,50,SMART_GROW,1,0
2026-02-18T06:03:42.158Z,50,137,1.00,50,SMART_GROW,0,0
2026-02-18T06:03:42.256Z,50,136,48.00,49,LAG_SHRINK,2,0
2026-02-18T06:03:42.356Z,49,136,81.63,48,LAG_SHRINK,3,0
2026-02-18T06:03:42.456Z,49,136,50.00,47,LAG_SHRINK,0,0
2026-02-18T06:03:42.554Z,48,137,48.00,46,LAG_SHRINK,1,0
2026-02-18T06:03:42.605Z,50,139,20.23,50,SMART_GROW,0,0
2026-02-18T06:03:42.656Z,50,135,38.72,49,LAG_SHRINK,2,0
2026-02-18T06:03:42.756Z,49,135,79.20,48,LAG_SHRINK,3,0
2026-02-18T06:03:42.807Z,50,136,19.73,50,SMART_GROW,1,0
2026-02-18T06:03:42.857Z,50,131,40.65,49,LAG_SHRINK,2,0
2026-02-18T06:03:42.957Z,49,131,50.00,48,LAG_SHRINK,1,0
2026-02-18T06:03:43.007Z,50,134,20.00,50,SMART_GROW,1,0
2026-02-18T06:03:43.058Z,50,132,40.16,49,LAG_SHRINK,0,0
2026-02-18T06:03:43.155Z,49,131,77.23,48,LAG_SHRINK,3,0
2026-02-18T06:03:43.255Z,48,133,78.87,47,LAG_SHRINK,1,0
2026-02-18T06:03:43.354Z,50,135,20.24,50,SMART_GROW,1,0
2026-02-18T06:03:43.460Z,50,130,49.78,49,LAG_SHRINK,3,0
2026-02-18T06:03:43.556Z,49,128,81.95,48,LAG_SHRINK,4,0
2026-02-18T06:03:43.655Z,48,127,78.09,47,LAG_SHRINK,2,0
2026-02-18T06:03:43.706Z,50,132,20.52,50,SMART_GROW,1,0
2026-02-18T06:03:43.756Z,50,129,0.00,50,SMART_GROW,0,0
2026-02-18T06:03:43.858Z,50,124,80.51,49,LAG_SHRINK,6,0
2026-02-18T06:03:43.957Z,49,125,49.00,48,LAG_SHRINK,3,0
2026-02-18T06:03:44.052Z,48,127,48.32,47,LAG_SHRINK,1,0
2026-02-18T06:03:44.102Z,50,129,20.49,50,SMART_GROW,1,0
2026-02-18T06:03:44.157Z,50,126,5.00,50,SMART_GROW,0,0
2026-02-18T06:03:44.256Z,50,121,49.00,49,LAG_SHRINK,2,0
2026-02-18T06:03:44.359Z,50,116,18.83,50,SMART_GROW,3,0
2026-02-18T06:03:44.460Z,50,114,95.91,49,LAG_SHRINK,2,0
2026-02-18T06:03:44.559Z,49,116,49.00,48,LAG_SHRINK,2,0
2026-02-18T06:03:44.655Z,48,118,46.00,47,LAG_SHRINK,2,0
2026-02-18T06:03:44.706Z,50,119,20.29,50,SMART_GROW,1,0
2026-02-18T06:03:44.756Z,50,114,0.00,50,SMART_GROW,0,0
2026-02-18T06:03:44.856Z,50,112,51.00,49,LAG_SHRINK,5,0
2026-02-18T06:03:44.954Z,49,115,97.68,48,LAG_SHRINK,1,0
2026-02-18T06:03:45.053Z,48,111,80.12,47,LAG_SHRINK,3,0
2026-02-18T06:03:45.152Z,47,112,79.59,46,LAG_SHRINK,1,0
2026-02-18T06:03:45.254Z,50,117,20.18,50,SMART_GROW,1,0
2026-02-18T06:03:45.254Z,50,107,2.00,50,SMART_GROW,0,0
2026-02-18T06:03:45.359Z,50,112,55.00,49,LAG_SHRINK,0,0
2026-02-18T06:03:45.455Z,49,114,46.00,48,LAG_SHRINK,4,0
2026-02-18T06:03:45.555Z,48,114,50.00,47,LAG_SHRINK,4,0
2026-02-18T06:03:45.653Z,47,110,48.00,46,LAG_SHRINK,4,0
2026-02-18T06:03:45.758Z,50,108,19.46,50,SMART_GROW,3,0
2026-02-18T06:03:45.861Z,50,101,56.00,49,LAG_SHRINK,2,0
2026-02-18T06:03:45.959Z,49,93,97.55,48,LAG_SHRINK,5,0
2026-02-18T06:03:46.055Z,48,95,45.00,47,LAG_SHRINK,3,0
2026-02-18T06:03:46.154Z,47,97,98.14,46,LAG_SHRINK,3,0
2026-02-18T06:03:46.258Z,46,99,84.84,45,LAG_SHRINK,2,0
2026-02-18T06:03:46.354Z,45,102,46.00,44,LAG_SHRINK,1,0
2026-02-18T06:03:46.452Z,45,107,48.00,43,LAG_SHRINK,0,0
2026-02-18T06:03:46.552Z,45,112,50.00,42,LAG_SHRINK,0,0
2026-02-18T06:03:46.603Z,47,118,20.18,47,SMART_GROW,0,0
2026-02-18T06:03:46.654Z,47,116,41.57,46,LAG_SHRINK,0,0
2026-02-18T06:03:46.753Z,46,120,49.00,45,LAG_SHRINK,2,0
2026-02-18T06:03:46.804Z,50,128,20.14,50,SMART_GROW,1,0
2026-02-18T06:03:46.858Z,50,118,5.00,50,SMART_GROW,4,0
2026-02-18T06:03:47.052Z,50,115,86.87,49,LAG_SHRINK,5,0
2026-02-18T06:03:47.058Z,49,129,49.00,48,LAG_SHRINK,1,0
2026-02-18T06:03:47.154Z,48,126,47.22,47,LAG_SHRINK,7,0
2026-02-18T06:03:47.254Z,47,125,50.00,46,LAG_SHRINK,3,0
2026-02-18T06:03:47.353Z,46,126,49.34,45,LAG_SHRINK,2,0
2026-02-18T06:03:47.453Z,46,127,80.51,44,LAG_SHRINK,0,0
2026-02-18T06:03:47.504Z,50,127,20.23,50,SMART_GROW,1,0
2026-02-18T06:03:47.557Z,50,118,40.52,49,LAG_SHRINK,4,0
2026-02-18T06:03:47.655Z,49,114,79.79,48,LAG_SHRINK,5,0
2026-02-18T06:03:47.754Z,48,113,49.00,47,LAG_SHRINK,4,0
2026-02-18T06:03:47.853Z,47,114,98.34,46,LAG_SHRINK,1,0
2026-02-18T06:03:47.904Z,50,120,20.31,50,SMART_GROW,1,0
2026-02-18T06:03:47.957Z,50,113,3.00,50,SMART_GROW,3,0
2026-02-18T06:03:48.054Z,50,112,47.00,49,LAG_SHRINK,5,0
2026-02-18T06:03:48.155Z,49,116,51.00,48,LAG_SHRINK,4,0
2026-02-18T06:03:48.254Z,48,117,97.81,47,LAG_SHRINK,4,0
2026-02-18T06:03:48.352Z,47,117,48.00,46,LAG_SHRINK,3,0
2026-02-18T06:03:48.402Z,50,118,20.00,50,SMART_GROW,1,0
2026-02-18T06:03:48.454Z,50,114,40.55,49,LAG_SHRINK,0,0
2026-02-18T06:03:48.554Z,49,110,77.76,48,LAG_SHRINK,6,0
2026-02-18T06:03:48.652Z,48,117,79.66,47,LAG_SHRINK,2,0
2026-02-18T06:03:48.752Z,50,121,20.59,50,SMART_GROW,0,0
2026-02-18T06:03:48.853Z,50,119,49.80,49,LAG_SHRINK,2,0
2026-02-18T06:03:48.953Z,49,118,80.18,48,LAG_SHRINK,3,0
2026-02-18T06:03:49.053Z,48,123,79.72,47,LAG_SHRINK,2,0
2026-02-18T06:03:49.153Z,47,127,79.86,46,LAG_SHRINK,2,0
2026-02-18T06:03:49.254Z,46,131,51.00,45,LAG_SHRINK,1,0
2026-02-18T06:03:49.352Z,45,135,79.79,44,LAG_SHRINK,1,0
2026-02-18T06:03:49.402Z,50,136,20.37,50,SMART_GROW,0,0
2026-02-18T06:03:49.455Z,50,131,3.00,50,SMART_GROW,0,0
2026-02-18T06:03:49.554Z,50,129,81.63,49,LAG_SHRINK,5,0
2026-02-18T06:03:49.653Z,49,131,79.07,48,LAG_SHRINK,3,0
2026-02-18T06:03:49.753Z,48,130,78.54,47,LAG_SHRINK,2,0
2026-02-18T06:03:49.804Z,50,132,20.59,50,SMART_GROW,1,0
2026-02-18T06:03:49.855Z,50,128,42.12,49,LAG_SHRINK,1,0
2026-02-18T06:03:49.953Z,49,130,77.76,48,LAG_SHRINK,1,0
2026-02-18T06:03:50.052Z,50,132,20.34,50,SMART_GROW,0,0
2026-02-18T06:03:50.153Z,50,132,50.61,49,LAG_SHRINK,1,0
2026-02-18T06:03:50.254Z,49,134,80.64,48,LAG_SHRINK,1,0
2026-02-18T06:03:50.353Z,49,135,78.28,47,LAG_SHRINK,0,0
2026-02-18T06:03:50.404Z,50,135,20.36,50,SMART_GROW,1,0
2026-02-18T06:03:50.456Z,50,133,2.00,50,SMART_GROW,0,0
2026-02-18T06:03:50.554Z,50,135,48.00,49,LAG_SHRINK,4,0
2026-02-18T06:03:50.654Z,49,135,97.62,48,LAG_SHRINK,3,0
2026-02-18T06:03:50.704Z,50,137,20.32,50,SMART_GROW,2,0
2026-02-18T06:03:50.756Z,50,135,41.80,49,LAG_SHRINK,0,0
2026-02-18T06:03:50.854Z,49,134,78.22,48,LAG_SHRINK,3,0
2026-02-18T06:03:50.954Z,48,135,79.27,47,LAG_SHRINK,1,0
2026-02-18T06:03:51.052Z,48,136,77.56,46,LAG_SHRINK,0,0
2026-02-18T06:03:51.103Z,50,136,20.44,50,SMART_GROW,0,0
2026-02-18T06:03:51.154Z,50,132,40.85,49,LAG_SHRINK,1,0
2026-02-18T06:03:51.254Z,49,132,80.31,48,LAG_SHRINK,2,0
2026-02-18T06:03:51.354Z,48,133,79.07,47,LAG_SHRINK,1,0
2026-02-18T06:03:51.406Z,50,134,20.36,50,SMART_GROW,0,0
2026-02-18T06:03:51.455Z,50,131,0.00,50,SMART_GROW,0,0
2026-02-18T06:03:51.555Z,50,130,81.43,49,LAG_SHRINK,4,0
2026-02-18T06:03:51.653Z,49,133,80.45,48,LAG_SHRINK,2,0
2026-02-18T06:03:51.752Z,48,135,78.15,47,LAG_SHRINK,1,0
2026-02-18T06:03:51.802Z,50,137,20.37,50,SMART_GROW,0,0
2026-02-18T06:03:51.854Z,50,135,40.32,49,LAG_SHRINK,0,0
2026-02-18T06:03:51.954Z,49,134,78.54,48,LAG_SHRINK,3,0
2026-02-18T06:03:52.053Z,48,132,81.23,47,LAG_SHRINK,3,0
2026-02-18T06:03:52.153Z,48,132,79.92,46,LAG_SHRINK,0,0
2026-02-18T06:03:52.205Z,50,135,20.23,50,SMART_GROW,1,0
2026-02-18T06:03:52.255Z,50,126,2.00,50,SMART_GROW,0,0
2026-02-18T06:03:52.355Z,50,122,50.00,49,LAG_SHRINK,4,0
2026-02-18T06:03:52.454Z,50,122,19.62,50,SMART_GROW,3,0
2026-02-18T06:03:52.554Z,50,118,50.00,49,LAG_SHRINK,3,0
2026-02-18T06:03:52.654Z,50,118,19.87,50,SMART_GROW,4,0
2026-02-18T06:03:52.754Z,50,115,21.29,50,SMART_GROW,3,0
2026-02-18T06:03:52.857Z,50,110,19.72,50,SMART_GROW,4,0
2026-02-18T06:03:52.956Z,50,104,19.39,50,SMART_GROW,5,0
2026-02-18T06:03:53.055Z,50,102,95.52,49,LAG_SHRINK,5,0
2026-02-18T06:03:53.161Z,49,93,56.00,48,LAG_SHRINK,7,0
2026-02-18T06:03:53.258Z,48,92,47.00,47,LAG_SHRINK,3,0
2026-02-18T06:03:53.355Z,47,101,47.00,46,LAG_SHRINK,2,0
2026-02-18T06:03:53.455Z,46,102,98.21,45,LAG_SHRINK,2,0
2026-02-18T06:03:53.554Z,45,106,80.12,44,LAG_SHRINK,3,0
2026-02-18T06:03:53.653Z,44,110,78.54,43,LAG_SHRINK,1,0
2026-02-18T06:03:53.752Z,48,113,20.32,48,SMART_GROW,0,0
2026-02-18T06:03:53.756Z,50,108,3.00,50,SMART_GROW,0,0
2026-02-18T06:03:53.856Z,50,108,50.00,49,LAG_SHRINK,4,0
2026-02-18T06:03:53.958Z,49,107,97.29,48,LAG_SHRINK,6,0
2026-02-18T06:03:54.056Z,48,109,48.00,47,LAG_SHRINK,4,0
2026-02-18T06:03:54.156Z,47,115,50.00,46,LAG_SHRINK,4,0
2026-02-18T06:03:54.254Z,46,116,79.86,45,LAG_SHRINK,3,0
2026-02-18T06:03:54.353Z,45,121,78.48,44,LAG_SHRINK,1,0
2026-02-18T06:03:54.452Z,49,124,20.28,49,SMART_GROW,0,0
2026-02-18T06:03:54.455Z,50,118,2.00,50,SMART_GROW,0,0
2026-02-18T06:03:54.556Z,50,112,51.00,49,LAG_SHRINK,5,0
2026-02-18T06:03:54.653Z,49,107,95.98,48,LAG_SHRINK,4,0
2026-02-18T06:03:54.703Z,50,108,20.16,50,SMART_GROW,1,0
2026-02-18T06:03:54.754Z,50,106,39.86,49,LAG_SHRINK,0,0
2026-02-18T06:03:54.854Z,49,109,80.25,48,LAG_SHRINK,3,0
2026-02-18T06:03:54.953Z,49,117,49.00,47,LAG_SHRINK,0,0
2026-02-18T06:03:55.005Z,50,123,20.34,50,SMART_GROW,1,0
2026-02-18T06:03:55.054Z,50,118,0.00,50,SMART_GROW,1,0
2026-02-18T06:03:55.153Z,50,121,49.00,49,LAG_SHRINK,1,0
2026-02-18T06:03:55.203Z,50,122,20.32,50,SMART_GROW,2,0
2026-02-18T06:03:55.253Z,50,121,40.52,49,LAG_SHRINK,0,0
2026-02-18T06:03:55.352Z,50,122,20.50,50,SMART_GROW,1,0
2026-02-18T06:03:55.353Z,50,121,0.00,50,SMART_GROW,0,0
2026-02-18T06:03:55.454Z,50,121,81.30,49,LAG_SHRINK,1,0
2026-02-18T06:03:55.554Z,50,127,79.79,48,LAG_SHRINK,0,0
2026-02-18T06:03:55.605Z,50,136,20.41,50,SMART_GROW,1,0
2026-02-18T06:03:55.654Z,50,134,0.00,50,SMART_GROW,1,0
2026-02-18T06:03:55.754Z,50,135,81.30,49,LAG_SHRINK,1,0
2026-02-18T06:03:55.854Z,49,137,79.99,48,LAG_SHRINK,1,0
2026-02-18T06:03:55.904Z,50,138,20.32,50,SMART_GROW,0,0
2026-02-18T06:03:55.954Z,50,136,38.13,49,LAG_SHRINK,1,0
2026-02-18T06:03:56.054Z,50,137,79.66,48,LAG_SHRINK,0,0
2026-02-18T06:03:56.152Z,50,141,20.36,50,SMART_GROW,2,0
2026-02-18T06:03:56.252Z,50,140,49.78,49,LAG_SHRINK,1,0
2026-02-18T06:03:56.302Z,50,141,20.34,50,SMART_GROW,0,0
2026-02-18T06:03:56.353Z,50,141,20.36,50,SMART_GROW,0,0
2026-02-18T06:03:56.403Z,50,141,20.55,50,SMART_GROW,0,0
2026-02-18T06:03:56.453Z,50,141,20.28,50,SMART_GROW,0,0
2026-02-18T06:03:56.504Z,50,142,19.91,50,SMART_GROW,0,0
2026-02-18T06:03:56.554Z,50,142,20.19,50,SMART_GROW,0,0
2026-02-18T06:03:56.604Z,50,143,20.61,50,SMART_GROW,0,0
2026-02-18T06:03:56.654Z,50,143,20.42,50,SMART_GROW,0,0
2026-02-18T06:03:56.754Z,50,143,50.00,49,LAG_SHRINK,1,0
2026-02-18T06:03:56.805Z,50,144,20.14,50,SMART_GROW,1,0
2026-02-18T06:03:56.856Z,50,142,1.00,50,SMART_GROW,1,0
2026-02-18T06:03:56.953Z,50,142,79.27,49,LAG_SHRINK,1,0
2026-02-18T06:03:57.054Z,49,141,79.72,48,LAG_SHRINK,3,0
2026-02-18T06:03:57.105Z,50,143,20.42,50,SMART_GROW,1,0
2026-02-18T06:03:57.155Z,50,140,0.00,50,SMART_GROW,1,0
2026-02-18T06:03:57.257Z,50,138,79.66,49,LAG_SHRINK,3,0
2026-02-18T06:03:57.354Z,49,137,47.00,48,LAG_SHRINK,2,0
2026-02-18T06:03:57.454Z,48,135,49.72,47,LAG_SHRINK,3,0
2026-02-18T06:03:57.552Z,47,135,77.30,46,LAG_SHRINK,1,0
2026-02-18T06:03:57.602Z,50,135,20.31,50,SMART_GROW,0,0
2026-02-18T06:03:57.652Z,50,132,38.52,49,LAG_SHRINK,0,0
2026-02-18T06:03:57.753Z,49,130,51.00,48,LAG_SHRINK,3,0
2026-02-18T06:03:57.854Z,48,128,81.82,47,LAG_SHRINK,3,0
2026-02-18T06:03:57.954Z,47,130,80.18,46,LAG_SHRINK,1,0
2026-02-18T06:03:58.053Z,47,133,78.74,45,LAG_SHRINK,0,0
2026-02-18T06:03:58.103Z,50,134,20.44,50,SMART_GROW,0,0
2026-02-18T06:03:58.156Z,50,126,36.72,49,LAG_SHRINK,5,0
2026-02-18T06:03:58.256Z,49,127,79.72,48,LAG_SHRINK,3,0
2026-02-18T06:03:58.353Z,48,128,81.63,47,LAG_SHRINK,2,0
2026-02-18T06:03:58.452Z,47,130,49.00,46,LAG_SHRINK,1,0
2026-02-18T06:03:58.503Z,50,132,21.14,50,SMART_GROW,0,0
2026-02-18T06:03:58.556Z,50,128,4.00,50,SMART_GROW,0,0
2026-02-18T06:03:58.653Z,50,123,79.27,49,LAG_SHRINK,5,0
2026-02-18T06:03:58.756Z,49,124,53.00,48,LAG_SHRINK,3,0
2026-02-18T06:03:58.854Z,50,125,20.39,50,SMART_GROW,2,0
2026-02-18T06:03:58.955Z,50,122,19.77,50,SMART_GROW,2,0
2026-02-18T06:03:59.055Z,50,121,50.00,49,LAG_SHRINK,2,0
2026-02-18T06:03:59.155Z,50,122,20.49,50,SMART_GROW,3,0
2026-02-18T06:03:59.254Z,50,120,19.83,50,SMART_GROW,2,0
2026-02-18T06:03:59.355Z,50,118,21.01,50,SMART_GROW,4,0
2026-02-18T06:03:59.454Z,50,115,20.24,50,SMART_GROW,3,0
2026-02-18T06:03:59.554Z,50,105,49.05,49,LAG_SHRINK,6,0
2026-02-18T06:03:59.655Z,49,109,51.00,48,LAG_SHRINK,3,0
2026-02-18T06:03:59.753Z,48,108,80.97,47,LAG_SHRINK,4,0
2026-02-18T06:03:59.853Z,47,111,50.00,46,LAG_SHRINK,1,0
2026-02-18T06:03:59.952Z,46,113,49.00,45,LAG_SHRINK,1,0
2026-02-18T06:04:00.052Z,50,117,20.34,50,SMART_GROW,0,0
2026-02-18T06:04:00.054Z,50,104,2.00,50,SMART_GROW,0,0
2026-02-18T06:04:00.154Z,50,104,79.13,49,LAG_SHRINK,3,0
2026-02-18T06:04:00.254Z,49,105,50.00,48,LAG_SHRINK,4,0
2026-02-18T06:04:00.354Z,48,104,48.85,47,LAG_SHRINK,5,0
2026-02-18T06:04:00.453Z,47,109,80.18,46,LAG_SHRINK,3,0
2026-02-18T06:04:00.553Z,46,114,50.00,45,LAG_SHRINK,1,0
2026-02-18T06:04:00.606Z,50,122,20.26,50,SMART_GROW,1,0
2026-02-18T06:04:00.655Z,50,109,1.00,50,SMART_GROW,0,0
2026-02-18T06:04:00.755Z,50,101,82.41,49,LAG_SHRINK,9,0
2026-02-18T06:04:00.855Z,49,99,50.00,48,LAG_SHRINK,3,0
2026-02-18T06:04:00.954Z,48,96,49.00,47,LAG_SHRINK,4,0
2026-02-18T06:04:01.056Z,50,99,19.80,50,SMART_GROW,3,0
2026-02-18T06:04:01.157Z,50,95,98.53,49,LAG_SHRINK,3,0
2026-02-18T06:04:01.258Z,49,98,50.00,48,LAG_SHRINK,5,0
2026-02-18T06:04:01.358Z,50,101,20.09,50,SMART_GROW,4,0
2026-02-18T06:04:01.455Z,50,96,20.19,50,SMART_GROW,5,0
2026-02-18T06:04:01.560Z,50,94,19.60,50,SMART_GROW,4,0
2026-02-18T06:04:01.653Z,50,91,92.50,49,LAG_SHRINK,4,0
2026-02-18T06:04:01.756Z,49,103,53.00,48,LAG_SHRINK,3,0
2026-02-18T06:04:01.806Z,50,109,20.02,50,SMART_GROW,2,0
2026-02-18T06:04:01.856Z,50,108,36.09,49,LAG_SHRINK,2,0
2026-02-18T06:04:01.953Z,49,110,78.68,48,LAG_SHRINK,2,0
2026-02-18T06:04:02.004Z,50,114,20.13,50,SMART_GROW,1,0
2026-02-18T06:04:02.054Z,50,112,0.00,50,SMART_GROW,0,0
2026-02-18T06:04:02.154Z,50,116,81.23,49,LAG_SHRINK,2,0
2026-02-18T06:04:02.254Z,50,121,79.46,48,LAG_SHRINK,0,0
2026-02-18T06:04:02.304Z,50,125,20.34,50,SMART_GROW,1,0
2026-02-18T06:04:02.355Z,50,123,1.00,50,SMART_GROW,1,0
2026-02-18T06:04:02.453Z,50,126,81.30,49,LAG_SHRINK,0,0
2026-02-18T06:04:02.504Z,50,132,20.62,50,SMART_GROW,1,0
2026-02-18T06:04:02.554Z,50,130,41.86,49,LAG_SHRINK,1,0
2026-02-18T06:04:02.652Z,49,133,77.82,48,LAG_SHRINK,1,0
2026-02-18T06:04:02.702Z,50,137,20.64,50,SMART_GROW,0,0
2026-02-18T06:04:02.753Z,50,136,1.00,50,SMART_GROW,0,0
2026-02-18T06:04:02.853Z,50,136,80.31,49,LAG_SHRINK,2,0
2026-02-18T06:04:02.954Z,49,140,80.64,48,LAG_SHRINK,1,0
2026-02-18T06:04:03.052Z,50,141,20.34,50,SMART_GROW,1,0
2026-02-18T06:04:03.152Z,50,138,49.68,49,LAG_SHRINK,2,0
2026-02-18T06:04:03.252Z,50,139,79.27,48,LAG_SHRINK,0,0
2026-02-18T06:04:03.303Z,50,140,20.21,50,SMART_GROW,0,0
2026-02-18T06:04:03.353Z,50,140,0.00,50,SMART_GROW,0,0
2026-02-18T06:04:03.452Z,50,141,79.92,49,LAG_SHRINK,0,0
2026-02-18T06:04:03.502Z,50,142,20.54,50,SMART_GROW,1,0
2026-02-18T06:04:03.554Z,50,141,2.00,50,SMART_GROW,0,0
2026-02-18T06:04:03.653Z,50,140,80.84,49,LAG_SHRINK,2,0
2026-02-18T06:04:03.753Z,49,141,80.31,48,LAG_SHRINK,1,0
2026-02-18T06:04:03.803Z,50,143,20.16,50,SMART_GROW,0,0
2026-02-18T06:04:03.854Z,50,141,39.53,49,LAG_SHRINK,1,0
2026-02-18T06:04:03.954Z,49,143,80.51,48,LAG_SHRINK,1,0
2026-02-18T06:04:04.052Z,49,146,49.00,47,LAG_SHRINK,0,0
2026-02-18T06:04:04.103Z,50,149,20.27,50,SMART_GROW,0,0
2026-02-18T06:04:04.155Z,50,147,2.00,50,SMART_GROW,1,0
2026-02-18T06:04:04.253Z,50,147,81.04,49,LAG_SHRINK,1,0
2026-02-18T06:04:04.354Z,49,148,51.00,48,LAG_SHRINK,1,0
2026-02-18T06:04:04.405Z,50,149,20.11,50,SMART_GROW,1,0
2026-02-18T06:04:04.455Z,50,146,1.00,50,SMART_GROW,0,0
2026-02-18T06:04:04.555Z,50,145,50.00,49,LAG_SHRINK,2,0
2026-02-18T06:04:04.653Z,49,146,48.00,48,LAG_SHRINK,2,0
2026-02-18T06:04:04.752Z,50,149,20.23,50,SMART_GROW,1,0
2026-02-18T06:04:04.753Z,50,147,0.00,50,SMART_GROW,0,0
2026-02-18T06:04:04.855Z,50,146,52.00,49,LAG_SHRINK,3,0
2026-02-18T06:04:04.953Z,49,144,97.09,48,LAG_SHRINK,3,0
2026-02-18T06:04:05.053Z,48,144,80.12,47,LAG_SHRINK,3,0
2026-02-18T06:04:05.153Z,47,144,79.27,46,LAG_SHRINK,2,0
2026-02-18T06:04:05.253Z,46,146,51.00,45,LAG_SHRINK,1,0
2026-02-18T06:04:05.352Z,46,149,49.00,44,LAG_SHRINK,0,0
2026-02-18T06:04:05.453Z,46,150,51.00,43,LAG_SHRINK,0,0
2026-02-18T06:04:05.505Z,50,155,20.32,50,SMART_GROW,0,0
2026-02-18T06:04:05.556Z,50,149,3.00,50,SMART_GROW,0,0
2026-02-18T06:04:05.654Z,50,148,48.00,49,LAG_SHRINK,4,0
2026-02-18T06:04:05.753Z,49,145,49.66,48,LAG_SHRINK,6,0
2026-02-18T06:04:05.854Z,48,147,79.13,47,LAG_SHRINK,3,0
2026-02-18T06:04:05.952Z,47,150,79.92,46,LAG_SHRINK,3,0
2026-02-18T06:04:06.054Z,46,153,81.04,45,LAG_SHRINK,1,0
2026-02-18T06:04:06.152Z,46,155,48.00,44,LAG_SHRINK,0,0
2026-02-18T06:04:06.203Z,50,158,20.52,50,SMART_GROW,0,0
2026-02-18T06:04:06.257Z,50,151,5.00,50,SMART_GROW,0,0
2026-02-18T06:04:06.355Z,50,148,48.00,49,LAG_SHRINK,4,0
2026-02-18T06:04:06.456Z,49,143,51.00,48,LAG_SHRINK,4,0
2026-02-18T06:04:06.552Z,48,143,68.45,47,LAG_SHRINK,5,0
2026-02-18T06:04:06.653Z,47,146,80.05,46,LAG_SHRINK,3,0
2026-02-18T06:04:06.754Z,46,151,80.12,45,LAG_SHRINK,1,0
2026-02-18T06:04:06.852Z,46,157,79.20,44,LAG_SHRINK,0,0
2026-02-18T06:04:06.951Z,46,161,49.00,43,LAG_SHRINK,0,0
2026-02-18T06:04:07.055Z,50,163,20.24,50,SMART_GROW,0,0
2026-02-18T06:04:07.154Z,50,145,52.00,49,LAG_SHRINK,0,0
2026-02-18T06:04:07.258Z,49,144,98.14,48,LAG_SHRINK,5,0
2026-02-18T06:04:07.353Z,48,140,78.28,47,LAG_SHRINK,7,0
2026-02-18T06:04:07.454Z,47,144,51.00,46,LAG_SHRINK,3,0
2026-02-18T06:04:07.554Z,46,149,97.81,45,LAG_SHRINK,2,0
2026-02-18T06:04:07.606Z,50,152,20.37,50,SMART_GROW,1,0
2026-02-18T06:04:07.658Z,50,143,4.00,50,SMART_GROW,4,0
2026-02-18T06:04:07.755Z,50,142,47.00,49,LAG_SHRINK,1,0
2026-02-18T06:04:07.856Z,50,133,20.47,50,SMART_GROW,7,0
2026-02-18T06:04:07.959Z,50,123,97.03,49,LAG_SHRINK,4,0
2026-02-18T06:04:08.055Z,49,119,46.00,48,LAG_SHRINK,5,0
2026-02-18T06:04:08.152Z,48,134,47.00,47,LAG_SHRINK,2,0
2026-02-18T06:04:08.252Z,47,141,99.39,46,LAG_SHRINK,1,0
2026-02-18T06:04:08.352Z,47,151,80.45,45,LAG_SHRINK,0,0
2026-02-18T06:04:08.452Z,46,158,50.00,44,LAG_SHRINK,1,0
2026-02-18T06:04:08.552Z,45,161,50.00,43,LAG_SHRINK,1,0
2026-02-18T06:04:08.652Z,45,164,50.00,42,LAG_SHRINK,0,0
2026-02-18T06:04:08.703Z,49,170,20.41,49,SMART_GROW,0,0
2026-02-18T06:04:08.757Z,50,163,5.00,50,SMART_GROW,0,0
2026-02-18T06:04:08.859Z,50,158,52.00,49,LAG_SHRINK,3,0
2026-02-18T06:04:08.957Z,49,171,96.76,48,LAG_SHRINK,4,0
2026-02-18T06:04:09.053Z,48,186,47.00,47,LAG_SHRINK,1,0
2026-02-18T06:04:09.154Z,47,189,99.25,46,LAG_SHRINK,2,0
2026-02-18T06:04:09.253Z,50,192,20.41,50,SMART_GROW,1,0
2026-02-18T06:04:09.357Z,50,188,55.00,49,LAG_SHRINK,0,0
2026-02-18T06:04:09.458Z,49,186,95.52,48,LAG_SHRINK,4,0
2026-02-18T06:04:09.556Z,48,186,48.00,47,LAG_SHRINK,2,0
2026-02-18T06:04:09.653Z,47,187,95.58,46,LAG_SHRINK,2,0
2026-02-18T06:04:09.752Z,46,191,49.00,45,LAG_SHRINK,1,0
2026-02-18T06:04:09.803Z,50,195,20.42,50,SMART_GROW,0,0
2026-02-18T06:04:09.857Z,50,189,5.00,50,SMART_GROW,0,0
2026-02-18T06:04:09.958Z,50,188,51.00,49,LAG_SHRINK,4,0
2026-02-18T06:04:10.053Z,49,187,80.25,48,LAG_SHRINK,6,0
2026-02-18T06:04:10.155Z,48,188,52.00,47,LAG_SHRINK,3,0
2026-02-18T06:04:10.254Z,47,189,98.34,46,LAG_SHRINK,2,0
2026-02-18T06:04:10.354Z,46,191,79.40,45,LAG_SHRINK,1,0
2026-02-18T06:04:10.404Z,50,196,20.42,50,SMART_GROW,0,0
2026-02-18T06:04:10.457Z,50,192,3.00,50,SMART_GROW,0,0
2026-02-18T06:04:10.554Z,50,191,47.00,49,LAG_SHRINK,3,0
2026-02-18T06:04:10.653Z,49,194,97.55,48,LAG_SHRINK,3,0
2026-02-18T06:04:10.753Z,48,194,80.64,47,LAG_SHRINK,3,0
2026-02-18T06:04:10.854Z,47,197,80.90,46,LAG_SHRINK,1,0
2026-02-18T06:04:10.953Z,47,201,48.00,45,LAG_SHRINK,0,0
2026-02-18T06:04:11.052Z,47,209,79.13,44,LAG_SHRINK,0,0
2026-02-18T06:04:11.102Z,50,213,20.32,50,SMART_GROW,0,0
2026-02-18T06:04:11.155Z,50,208,3.00,50,SMART_GROW,2,0
2026-02-18T06:04:11.254Z,50,209,49.00,49,LAG_SHRINK,2,0
2026-02-18T06:04:11.357Z,49,209,53.00,48,LAG_SHRINK,3,0
2026-02-18T06:04:11.455Z,48,205,47.48,47,LAG_SHRINK,5,0
2026-02-18T06:04:11.553Z,47,208,48.00,46,LAG_SHRINK,2,0
2026-02-18T06:04:11.652Z,46,211,49.00,45,LAG_SHRINK,1,0
2026-02-18T06:04:11.752Z,46,215,50.00,44,LAG_SHRINK,0,0
2026-02-18T06:04:11.803Z,50,217,20.50,50,SMART_GROW,0,0
2026-02-18T06:04:11.953Z,50,210,140.18,49,LAG_SHRINK,3,0
2026-02-18T06:04:12.055Z,49,209,53.00,48,LAG_SHRINK,4,0
2026-02-18T06:04:12.155Z,48,209,50.00,47,LAG_SHRINK,3,0
2026-02-18T06:04:12.254Z,47,209,81.56,46,LAG_SHRINK,3,0
2026-02-18T06:04:12.353Z,46,214,78.81,45,LAG_SHRINK,1,0
2026-02-18T06:04:12.453Z,45,222,50.00,44,LAG_SHRINK,1,0
2026-02-18T06:04:12.552Z,44,225,78.48,43,LAG_SHRINK,1,0
2026-02-18T06:04:12.652Z,44,227,49.00,42,LAG_SHRINK,0,0
2026-02-18T06:04:12.755Z,50,228,20.41,50,SMART_GROW,0,0
2026-02-18T06:04:12.756Z,50,210,4.00,50,SMART_GROW,0,0
2026-02-18T06:04:12.859Z,50,208,52.00,49,LAG_SHRINK,3,0
2026-02-18T06:04:12.957Z,49,210,49.00,48,LAG_SHRINK,3,0
2026-02-18T06:04:13.055Z,48,206,47.19,47,LAG_SHRINK,9,0
2026-02-18T06:04:13.156Z,47,206,51.00,46,LAG_SHRINK,4,0
2026-02-18T06:04:13.253Z,46,209,47.00,45,LAG_SHRINK,3,0
2026-02-18T06:04:13.354Z,45,205,51.00,44,LAG_SHRINK,4,0
2026-02-18T06:04:13.454Z,44,208,50.00,43,LAG_SHRINK,1,0
2026-02-18T06:04:13.553Z,43,209,98.53,42,LAG_SHRINK,1,0
2026-02-18T06:04:13.652Z,43,211,79.53,41,LAG_SHRINK,0,0
2026-02-18T06:04:13.760Z,50,212,20.34,50,SMART_GROW,0,0
2026-02-18T06:04:13.761Z,50,186,9.00,50,SMART_GROW,0,0
2026-02-18T06:04:13.955Z,50,198,144.00,49,LAG_SHRINK,0,0
2026-02-18T06:04:14.056Z,49,180,51.00,48,LAG_SHRINK,6,0
2026-02-18T06:04:14.153Z,49,197,47.00,47,LAG_SHRINK,0,0
2026-02-18T06:04:14.254Z,50,192,19.77,50,SMART_GROW,5,0
2026-02-18T06:04:14.356Z,50,187,94.73,49,LAG_SHRINK,3,0
2026-02-18T06:04:14.456Z,49,189,50.00,48,LAG_SHRINK,6,0
2026-02-18T06:04:14.554Z,48,183,48.00,47,LAG_SHRINK,5,0
2026-02-18T06:04:14.651Z,47,180,47.00,46,LAG_SHRINK,3,0
2026-02-18T06:04:14.753Z,50,178,20.24,50,SMART_GROW,3,0
2026-02-18T06:04:14.856Z,50,188,97.16,49,LAG_SHRINK,3,0
2026-02-18T06:04:14.955Z,49,184,48.00,48,LAG_SHRINK,5,0
2026-02-18T06:04:15.052Z,48,190,48.00,47,LAG_SHRINK,5,0
2026-02-18T06:04:15.152Z,47,205,50.00,46,LAG_SHRINK,4,0
2026-02-18T06:04:15.252Z,46,214,50.00,45,LAG_SHRINK,3,0
2026-02-18T06:04:15.352Z,45,220,96.57,44,LAG_SHRINK,2,0
2026-02-18T06:04:15.449Z,44,226,48.00,43,LAG_SHRINK,1,0
2026-02-18T06:04:15.549Z,50,236,20.47,50,SMART_GROW,0,0
2026-02-18T06:04:15.551Z,50,227,2.00,50,SMART_GROW,0,0
2026-02-18T06:04:15.652Z,50,228,51.00,49,LAG_SHRINK,5,0
2026-02-18T06:04:15.754Z,49,231,52.00,48,LAG_SHRINK,3,0
2026-02-18T06:04:15.856Z,48,232,96.24,47,LAG_SHRINK,5,0
2026-02-18T06:04:15.951Z,47,235,79.33,46,LAG_SHRINK,6,0
2026-02-18T06:04:16.050Z,46,240,49.00,45,LAG_SHRINK,2,0
2026-02-18T06:04:16.151Z,45,243,51.00,44,LAG_SHRINK,3,0
2026-02-18T06:04:16.250Z,44,246,49.00,43,LAG_SHRINK,2,0
2026-02-18T06:04:16.349Z,43,250,49.00,42,LAG_SHRINK,1,0
2026-02-18T06:04:16.400Z,50,252,20.24,50,SMART_GROW,0,0
2026-02-18T06:04:16.456Z,50,241,7.00,50,SMART_GROW,0,0
2026-02-18T06:04:16.554Z,50,234,48.00,49,LAG_SHRINK,6,0
2026-02-18T06:04:16.652Z,49,232,48.00,48,LAG_SHRINK,5,0
2026-02-18T06:04:16.751Z,50,238,20.65,50,SMART_GROW,6,0
2026-02-18T06:04:16.852Z,50,238,51.00,49,LAG_SHRINK,3,0
2026-02-18T06:04:16.953Z,49,236,96.96,48,LAG_SHRINK,7,0
2026-02-18T06:04:17.053Z,48,234,50.00,47,LAG_SHRINK,7,0
2026-02-18T06:04:17.152Z,47,234,49.00,46,LAG_SHRINK,5,0
2026-02-18T06:04:17.250Z,46,234,48.87,45,LAG_SHRINK,4,0
2026-02-18T06:04:17.351Z,45,236,50.00,44,LAG_SHRINK,1,0
2026-02-18T06:04:17.449Z,44,241,49.00,43,LAG_SHRINK,1,0
2026-02-18T06:04:17.500Z,50,250,20.18,50,SMART_GROW,0,0
2026-02-18T06:04:17.551Z,50,243,2.00,50,SMART_GROW,0,0
2026-02-18T06:04:17.652Z,50,245,50.00,49,LAG_SHRINK,5,0
2026-02-18T06:04:17.750Z,49,247,80.25,48,LAG_SHRINK,6,0
2026-02-18T06:04:17.850Z,48,251,50.00,47,LAG_SHRINK,3,0
2026-02-18T06:04:17.951Z,47,259,51.00,46,LAG_SHRINK,2,0
2026-02-18T06:04:18.051Z,46,266,98.21,45,LAG_SHRINK,2,0
2026-02-18T06:04:18.149Z,45,272,48.00,44,LAG_SHRINK,1,0
2026-02-18T06:04:18.249Z,45,277,49.00,43,LAG_SHRINK,0,0
2026-02-18T06:04:18.349Z,50,280,20.36,50,SMART_GROW,0,0
2026-02-18T06:04:18.453Z,50,277,99.71,49,LAG_SHRINK,0,0
2026-02-18T06:04:18.555Z,49,274,52.00,48,LAG_SHRINK,6,0
2026-02-18T06:04:18.653Z,48,277,94.73,47,LAG_SHRINK,4,0
2026-02-18T06:04:18.752Z,47,280,49.00,46,LAG_SHRINK,3,0
2026-02-18T06:04:18.850Z,46,283,96.89,45,LAG_SHRINK,2,0
2026-02-18T06:04:18.950Z,46,287,51.00,44,LAG_SHRINK,0,0
2026-02-18T06:04:19.049Z,45,290,49.00,43,LAG_SHRINK,1,0
2026-02-18T06:04:19.150Z,50,292,20.37,50,SMART_GROW,0,0
2026-02-18T06:04:19.156Z,50,284,7.00,50,SMART_GROW,0,0
2026-02-18T06:04:19.257Z,50,282,51.00,49,LAG_SHRINK,3,0
2026-02-18T06:04:19.355Z,49,278,48.00,48,LAG_SHRINK,5,0
2026-02-18T06:04:19.455Z,48,276,50.00,47,LAG_SHRINK,4,0
2026-02-18T06:04:19.552Z,50,280,20.08,50,SMART_GROW,4,0
2026-02-18T06:04:19.653Z,50,280,97.42,49,LAG_SHRINK,2,0
2026-02-18T06:04:19.753Z,49,278,51.00,48,LAG_SHRINK,4,0
2026-02-18T06:04:19.853Z,48,276,50.00,47,LAG_SHRINK,4,0
2026-02-18T06:04:19.952Z,47,275,49.00,46,LAG_SHRINK,4,0
2026-02-18T06:04:20.051Z,46,271,98.21,45,LAG_SHRINK,2,0
2026-02-18T06:04:20.151Z,45,273,79.59,44,LAG_SHRINK,1,0
2026-02-18T06:04:20.249Z,45,279,48.00,43,LAG_SHRINK,0,0
2026-02-18T06:04:20.452Z,50,285,20.28,50,SMART_GROW,0,0
2026-02-18T06:04:20.453Z,50,249,104.00,49,LAG_SHRINK,0,0
2026-02-18T06:04:20.552Z,49,258,49.00,48,LAG_SHRINK,1,0
2026-02-18T06:04:20.653Z,48,242,48.06,47,LAG_SHRINK,9,0
2026-02-18T06:04:20.751Z,47,246,48.00,46,LAG_SHRINK,4,0
2026-02-18T06:04:20.850Z,46,250,79.99,45,LAG_SHRINK,5,0
2026-02-18T06:04:20.951Z,45,252,50.00,44,LAG_SHRINK,2,0
2026-02-18T06:04:21.003Z,50,256,20.21,50,SMART_GROW,1,0
2026-02-18T06:04:21.058Z,50,240,7.00,50,SMART_GROW,0,0
2026-02-18T06:04:21.157Z,50,234,49.00,49,LAG_SHRINK,5,0
2026-02-18T06:04:21.256Z,49,234,49.00,48,LAG_SHRINK,3,0
2026-02-18T06:04:21.356Z,48,228,49.00,47,LAG_SHRINK,6,0
2026-02-18T06:04:21.452Z,47,246,47.00,46,LAG_SHRINK,4,0
2026-02-18T06:04:21.559Z,46,256,99.39,45,LAG_SHRINK,5,0
2026-02-18T06:04:21.655Z,45,268,47.00,44,LAG_SHRINK,3,0
2026-02-18T06:04:21.751Z,44,279,46.00,43,LAG_SHRINK,2,0
2026-02-18T06:04:21.851Z,43,286,50.00,42,LAG_SHRINK,1,0
2026-02-18T06:04:21.954Z,50,289,20.02,50,SMART_GROW,1,0
2026-02-18T06:04:22.056Z,50,264,50.22,49,LAG_SHRINK,6,0
2026-02-18T06:04:22.155Z,49,272,48.00,48,LAG_SHRINK,4,0
2026-02-18T06:04:22.252Z,48,270,48.00,47,LAG_SHRINK,6,0
2026-02-18T06:04:22.353Z,47,283,51.00,46,LAG_SHRINK,6,0
2026-02-18T06:04:22.453Z,46,285,95.45,45,LAG_SHRINK,6,0
2026-02-18T06:04:22.554Z,45,279,79.66,44,LAG_SHRINK,9,0
2026-02-18T06:04:22.652Z,44,277,48.00,43,LAG_SHRINK,4,0
2026-02-18T06:04:22.753Z,43,278,51.00,42,LAG_SHRINK,2,0
2026-02-18T06:04:22.853Z,42,283,99.91,41,LAG_SHRINK,2,0
2026-02-18T06:04:22.958Z,42,284,55.00,40,LAG_SHRINK,0,0
2026-02-18T06:04:23.049Z,41,296,90.08,39,LAG_SHRINK,1,0
2026-02-18T06:04:23.150Z,41,310,51.00,38,LAG_SHRINK,0,0
2026-02-18T06:04:23.249Z,41,317,49.00,37,LAG_SHRINK,0,0
2026-02-18T06:04:23.356Z,50,326,20.34,50,SMART_GROW,0,0
2026-02-18T06:04:23.356Z,50,297,7.00,50,SMART_GROW,0,0
2026-02-18T06:04:23.459Z,50,304,53.00,49,LAG_SHRINK,0,0
2026-02-18T06:04:23.553Z,49,307,93.95,48,LAG_SHRINK,6,0
2026-02-18T06:04:23.658Z,48,314,55.00,47,LAG_SHRINK,3,0
2026-02-18T06:04:23.752Z,47,310,44.00,46,LAG_SHRINK,6,0
2026-02-18T06:04:23.852Z,46,303,98.07,45,LAG_SHRINK,4,0
2026-02-18T06:04:23.955Z,45,301,53.00,44,LAG_SHRINK,3,0
2026-02-18T06:04:24.053Z,44,299,93.49,43,LAG_SHRINK,4,0
2026-02-18T06:04:24.155Z,43,298,53.00,42,LAG_SHRINK,3,0
2026-02-18T06:04:24.252Z,42,298,96.83,41,LAG_SHRINK,2,0
2026-02-18T06:04:24.353Z,42,299,51.00,40,LAG_SHRINK,0,0
2026-02-18T06:04:24.451Z,41,319,48.00,39,LAG_SHRINK,1,0
2026-02-18T06:04:24.549Z,50,323,20.49,50,SMART_GROW,0,0
2026-02-18T06:04:24.560Z,50,309,9.00,50,SMART_GROW,0,0
2026-02-18T06:04:24.657Z,50,308,47.00,49,LAG_SHRINK,6,0
2026-02-18T06:04:24.757Z,49,307,50.00,48,LAG_SHRINK,2,0
2026-02-18T06:04:24.858Z,48,314,51.00,47,LAG_SHRINK,6,0
2026-02-18T06:04:25.049Z,47,316,141.00,46,LAG_SHRINK,4,0
2026-02-18T06:04:25.157Z,46,331,99.71,45,LAG_SHRINK,6,0
2026-02-18T06:04:25.256Z,45,326,49.00,44,LAG_SHRINK,5,0
2026-02-18T06:04:25.352Z,44,328,46.00,43,LAG_SHRINK,3,0
2026-02-18T06:04:25.453Z,43,327,96.63,42,LAG_SHRINK,3,0
2026-02-18T06:04:25.551Z,42,331,48.00,41,LAG_SHRINK,2,0
2026-02-18T06:04:25.602Z,50,333,20.37,50,SMART_GROW,1,0
2026-02-18T06:04:25.657Z,50,317,7.00,50,SMART_GROW,6,0
2026-02-18T06:04:25.754Z,50,323,47.00,49,LAG_SHRINK,3,0
2026-02-18T06:04:25.853Z,49,318,49.00,48,LAG_SHRINK,9,0
2026-02-18T06:04:25.958Z,48,316,55.00,47,LAG_SHRINK,8,0
2026-02-18T06:04:26.057Z,47,315,49.00,46,LAG_SHRINK,6,0
2026-02-18T06:04:26.153Z,46,319,46.00,45,LAG_SHRINK,3,0
2026-02-18T06:04:26.257Z,45,324,54.00,44,LAG_SHRINK,5,0
2026-02-18T06:04:26.353Z,44,321,46.00,43,LAG_SHRINK,4,0
2026-02-18T06:04:26.454Z,43,326,51.00,42,LAG_SHRINK,3,0
2026-02-18T06:04:26.554Z,50,327,19.95,50,SMART_GROW,4,0
2026-02-18T06:04:26.653Z,50,321,50.00,49,LAG_SHRINK,1,0
2026-02-18T06:04:26.756Z,49,307,53.00,48,LAG_SHRINK,6,0
2026-02-18T06:04:26.861Z,48,309,55.00,47,LAG_SHRINK,6,0
2026-02-18T06:04:26.960Z,47,325,49.00,46,LAG_SHRINK,3,0
2026-02-18T06:04:27.059Z,46,321,49.00,45,LAG_SHRINK,6,0
2026-02-18T06:04:27.251Z,45,321,142.00,44,LAG_SHRINK,2,0
2026-02-18T06:04:27.356Z,44,310,55.00,43,LAG_SHRINK,5,0
2026-02-18T06:04:27.457Z,43,317,51.00,42,LAG_SHRINK,4,0
2026-02-18T06:04:27.557Z,42,306,50.00,41,LAG_SHRINK,4,0
2026-02-18T06:04:27.651Z,41,314,44.00,40,LAG_SHRINK,2,0
2026-02-18T06:04:27.751Z,40,327,50.00,39,LAG_SHRINK,2,0
2026-02-18T06:04:27.850Z,39,328,98.14,38,LAG_SHRINK,2,0
2026-02-18T06:04:27.950Z,38,334,50.00,37,LAG_SHRINK,2,0
2026-02-18T06:04:28.051Z,50,335,20.18,50,SMART_GROW,1,0
2026-02-18T06:04:28.052Z,50,313,1.00,50,SMART_GROW,0,0
2026-02-18T06:04:28.253Z,50,320,151.00,49,LAG_SHRINK,0,0
2026-02-18T06:04:28.460Z,49,308,157.00,48,LAG_SHRINK,6,0
2026-02-18T06:04:28.752Z,48,317,242.00,47,LAG_SHRINK,6,0
2026-02-18T06:04:28.956Z,47,320,105.48,46,LAG_SHRINK,11,0
2026-02-18T06:04:29.154Z,46,324,148.00,45,LAG_SHRINK,6,0
2026-02-18T06:04:29.260Z,45,331,56.00,44,LAG_SHRINK,6,0
2026-02-18T06:04:29.450Z,44,330,140.00,43,LAG_SHRINK,4,0
2026-02-18T06:04:29.654Z,43,344,154.00,42,LAG_SHRINK,3,0
2026-02-18T06:04:29.851Z,42,351,100.63,41,LAG_SHRINK,5,0
2026-02-18T06:04:30.053Z,41,369,153.00,40,LAG_SHRINK,2,0
2026-02-18T06:04:30.155Z,40,364,95.45,39,LAG_SHRINK,4,0
2026-02-18T06:04:30.252Z,39,365,48.00,38,LAG_SHRINK,3,0
2026-02-18T06:04:30.352Z,38,367,49.00,37,LAG_SHRINK,2,0
2026-02-18T06:04:30.449Z,37,373,48.00,36,LAG_SHRINK,1,0
2026-02-18T06:04:30.549Z,37,377,50.00,35,LAG_SHRINK,0,0
2026-02-18T06:04:30.650Z,37,378,51.00,34,LAG_SHRINK,0,0
2026-02-18T06:04:30.750Z,37,389,50.00,33,LAG_SHRINK,0,0
2026-02-18T06:04:30.856Z,49,393,20.52,49,SMART_GROW,0,0
2026-02-18T06:04:31.051Z,49,360,152.00,48,LAG_SHRINK,0,0
2026-02-18T06:04:31.452Z,48,371,202.96,47,LAG_SHRINK,12,0
2026-02-18T06:04:31.651Z,47,361,198.25,46,LAG_SHRINK,6,0
2026-02-18T06:04:31.851Z,46,358,150.00,45,LAG_SHRINK,10,0
2026-02-18T06:04:32.060Z,45,372,199.16,44,LAG_SHRINK,8,0
2026-02-18T06:04:32.174Z,44,370,65.00,43,LAG_SHRINK,6,0
2026-02-18T06:04:32.257Z,43,381,33.00,42,LAG_SHRINK,5,0
2026-02-18T06:04:32.354Z,42,375,47.00,41,LAG_SHRINK,2,0
2026-02-18T06:04:32.453Z,41,373,49.00,40,LAG_SHRINK,4,0
2026-02-18T06:04:32.554Z,40,370,96.37,39,LAG_SHRINK,4,0
2026-02-18T06:04:32.651Z,39,383,47.00,38,LAG_SHRINK,3,0
2026-02-18T06:04:32.751Z,38,389,50.00,37,LAG_SHRINK,2,0
2026-02-18T06:04:32.856Z,50,395,20.37,50,SMART_GROW,1,0
2026-02-18T06:04:32.857Z,50,364,6.00,50,SMART_GROW,0,0
2026-02-18T06:04:32.955Z,50,370,48.00,49,LAG_SHRINK,0,0
2026-02-18T06:04:33.056Z,49,369,96.76,48,LAG_SHRINK,6,0
2026-02-18T06:04:33.357Z,48,371,251.00,47,LAG_SHRINK,6,0
2026-02-18T06:04:33.557Z,47,378,199.29,46,LAG_SHRINK,6,0
2026-02-18T06:04:33.650Z,47,378,43.00,45,LAG_SHRINK,0,0
2026-02-18T06:04:33.752Z,45,395,98.07,44,LAG_SHRINK,10,0
2026-02-18T06:04:33.858Z,44,374,55.00,43,LAG_SHRINK,8,0
2026-02-18T06:04:33.959Z,43,371,51.00,42,LAG_SHRINK,7,0
2026-02-18T06:04:34.054Z,42,375,46.00,41,LAG_SHRINK,1,0
2026-02-18T06:04:34.154Z,41,375,50.00,40,LAG_SHRINK,5,0
2026-02-18T06:04:34.251Z,40,379,47.00,39,LAG_SHRINK,3,0
2026-02-18T06:04:34.354Z,50,373,19.70,50,SMART_GROW,6,0
2026-02-18T06:04:34.552Z,50,354,148.00,49,LAG_SHRINK,3,0
2026-02-18T06:04:34.755Z,49,356,102.53,48,LAG_SHRINK,13,0
2026-02-18T06:04:34.959Z,48,372,154.00,47,LAG_SHRINK,6,0
2026-02-18T06:04:35.060Z,47,380,100.63,46,LAG_SHRINK,6,0
2026-02-18T06:04:35.164Z,46,369,54.00,45,LAG_SHRINK,6,0
2026-02-18T06:04:35.362Z,45,366,147.00,44,LAG_SHRINK,7,0
2026-02-18T06:04:35.552Z,44,368,140.00,43,LAG_SHRINK,6,0
2026-02-18T06:04:35.657Z,43,370,56.00,42,LAG_SHRINK,5,0
2026-02-18T06:04:35.756Z,42,374,49.00,41,LAG_SHRINK,6,0
2026-02-18T06:04:35.855Z,41,369,49.00,40,LAG_SHRINK,4,0
2026-02-18T06:04:36.050Z,40,364,145.00,39,LAG_SHRINK,6,0
2026-02-18T06:04:36.154Z,39,363,54.00,38,LAG_SHRINK,5,0
2026-02-18T06:04:36.252Z,38,400,48.00,37,LAG_SHRINK,4,0
2026-02-18T06:04:36.351Z,37,380,49.00,36,LAG_SHRINK,4,0
2026-02-18T06:04:36.452Z,36,387,98.93,35,LAG_SHRINK,4,0
2026-02-18T06:04:36.551Z,35,391,49.00,34,LAG_SHRINK,3,0
2026-02-18T06:04:36.650Z,34,394,49.23,33,LAG_SHRINK,2,0
2026-02-18T06:04:36.702Z,49,399,20.14,49,SMART_GROW,1,0
2026-02-18T06:04:36.761Z,50,376,11.00,50,SMART_GROW,6,0
2026-02-18T06:04:36.855Z,50,371,44.00,49,LAG_SHRINK,6,0
2026-02-18T06:04:36.953Z,49,365,47.00,48,LAG_SHRINK,6,0
2026-02-18T06:04:37.056Z,48,367,54.00,47,LAG_SHRINK,12,0
2026-02-18T06:04:37.153Z,47,363,47.00,46,LAG_SHRINK,6,0
2026-02-18T06:04:37.253Z,46,361,50.00,45,LAG_SHRINK,6,0
2026-02-18T06:04:37.356Z,45,358,53.00,44,LAG_SHRINK,6,0
2026-02-18T06:04:37.454Z,44,375,48.00,43,LAG_SHRINK,6,0
2026-02-18T06:04:37.554Z,43,366,50.00,42,LAG_SHRINK,9,0
2026-02-18T06:04:37.653Z,42,362,49.00,41,LAG_SHRINK,7,0
2026-02-18T06:04:37.753Z,41,351,98.40,40,LAG_SHRINK,6,0
2026-02-18T06:04:37.854Z,40,366,51.00,39,LAG_SHRINK,5,0
2026-02-18T06:04:37.952Z,39,363,48.34,38,LAG_SHRINK,11,0
2026-02-18T06:04:38.054Z,38,368,52.00,37,LAG_SHRINK,4,0
2026-02-18T06:04:38.156Z,50,373,20.28,50,SMART_GROW,5,0
2026-02-18T06:04:38.353Z,50,357,100.83,49,LAG_SHRINK,10,0
2026-02-18T06:04:38.456Z,49,356,53.00,48,LAG_SHRINK,6,0
2026-02-18T06:04:38.559Z,48,359,53.00,47,LAG_SHRINK,6,0
2026-02-18T06:04:38.656Z,47,372,47.00,46,LAG_SHRINK,6,0
2026-02-18T06:04:38.754Z,46,368,48.00,45,LAG_SHRINK,6,0
2026-02-18T06:04:38.855Z,45,374,51.00,44,LAG_SHRINK,10,0
2026-02-18T06:04:38.953Z,44,363,48.00,43,LAG_SHRINK,6,0
2026-02-18T06:04:39.056Z,43,376,53.00,42,LAG_SHRINK,8,0
2026-02-18T06:04:39.154Z,42,372,48.00,41,LAG_SHRINK,6,0
2026-02-18T06:04:39.252Z,41,371,48.00,40,LAG_SHRINK,6,0
2026-02-18T06:04:39.353Z,40,369,51.00,39,LAG_SHRINK,9,0
2026-02-18T06:04:39.457Z,39,371,54.00,38,LAG_SHRINK,9,0
2026-02-18T06:04:39.651Z,38,370,144.00,37,LAG_SHRINK,5,0
2026-02-18T06:04:39.752Z,37,374,98.14,36,LAG_SHRINK,7,0
2026-02-18T06:04:39.852Z,36,395,50.00,35,LAG_SHRINK,5,0
2026-02-18T06:04:39.956Z,35,393,54.00,34,LAG_SHRINK,6,0
2026-02-18T06:04:40.052Z,34,399,93.88,33,LAG_SHRINK,4,0
2026-02-18T06:04:40.155Z,33,408,53.00,32,LAG_SHRINK,4,0
2026-02-18T06:04:40.250Z,32,408,45.00,31,LAG_SHRINK,3,0
2026-02-18T06:04:40.354Z,48,420,20.57,48,SMART_GROW,3,0
2026-02-18T06:04:40.455Z,48,401,54.00,47,LAG_SHRINK,1,0
2026-02-18T06:04:40.554Z,47,395,49.00,46,LAG_SHRINK,6,0
2026-02-18T06:04:40.652Z,46,395,48.00,45,LAG_SHRINK,6,0
2026-02-18T06:04:40.754Z,45,384,95.78,44,LAG_SHRINK,17,0
2026-02-18T06:04:40.857Z,44,381,53.00,43,LAG_SHRINK,12,0
2026-02-18T06:04:40.959Z,43,379,52.00,42,LAG_SHRINK,6,0
2026-02-18T06:04:41.057Z,42,374,48.00,41,LAG_SHRINK,6,0
2026-02-18T06:04:41.154Z,41,374,47.00,40,LAG_SHRINK,6,0
2026-02-18T06:04:41.258Z,40,362,54.00,39,LAG_SHRINK,9,0
2026-02-18T06:04:41.357Z,39,364,49.00,38,LAG_SHRINK,6,0
2026-02-18T06:04:41.457Z,38,369,50.00,37,LAG_SHRINK,5,0
2026-02-18T06:04:41.555Z,37,362,95.52,36,LAG_SHRINK,6,0
2026-02-18T06:04:41.653Z,36,368,48.00,35,LAG_SHRINK,5,0
2026-02-18T06:04:41.752Z,35,381,95.91,34,LAG_SHRINK,7,0
2026-02-18T06:04:41.851Z,34,378,80.77,33,LAG_SHRINK,9,0
2026-02-18T06:04:41.952Z,33,383,51.00,32,LAG_SHRINK,5,0
2026-02-18T06:04:42.053Z,32,387,51.00,31,LAG_SHRINK,4,0
2026-02-18T06:04:42.155Z,31,393,52.00,30,LAG_SHRINK,3,0
2026-02-18T06:04:42.250Z,30,404,78.87,29,LAG_SHRINK,3,0
2026-02-18T06:04:42.349Z,30,411,49.00,28,LAG_SHRINK,0,0
2026-02-18T06:04:42.449Z,29,420,50.00,27,LAG_SHRINK,1,0
2026-02-18T06:04:42.550Z,44,425,20.16,44,SMART_GROW,0,0
2026-02-18T06:04:42.552Z,50,398,3.00,50,SMART_GROW,0,0
2026-02-18T06:04:42.659Z,50,400,57.00,49,LAG_SHRINK,0,0
2026-02-18T06:04:42.854Z,49,397,195.49,48,LAG_SHRINK,6,0
2026-02-18T06:04:42.955Z,49,397,51.00,47,LAG_SHRINK,0,0
2026-02-18T06:04:43.056Z,47,410,51.00,46,LAG_SHRINK,6,0
2026-02-18T06:04:43.154Z,46,408,48.00,45,LAG_SHRINK,6,0
2026-02-18T06:04:43.256Z,45,392,51.00,44,LAG_SHRINK,12,0
2026-02-18T06:04:43.358Z,44,388,53.00,43,LAG_SHRINK,6,0
2026-02-18T06:04:43.455Z,43,383,47.00,42,LAG_SHRINK,6,0
2026-02-18T06:04:43.752Z,42,374,247.00,41,LAG_SHRINK,10,0
2026-02-18T06:04:44.055Z,41,349,253.00,40,LAG_SHRINK,6,0
2026-02-18T06:04:44.157Z,40,361,52.00,39,LAG_SHRINK,7,0
2026-02-18T06:04:44.257Z,39,365,50.00,38,LAG_SHRINK,5,0
2026-02-18T06:04:44.449Z,38,375,142.00,37,LAG_SHRINK,6,0
2026-02-18T06:04:44.552Z,37,377,99.58,36,LAG_SHRINK,9,0
2026-02-18T06:04:44.650Z,36,380,48.00,35,LAG_SHRINK,6,0
2026-02-18T06:04:44.750Z,35,375,50.00,34,LAG_SHRINK,6,0
2026-02-18T06:04:44.948Z,34,365,99.78,33,LAG_SHRINK,8,0
2026-02-18T06:04:45.255Z,33,344,257.00,32,LAG_SHRINK,7,0
2026-02-18T06:04:45.452Z,32,366,147.00,31,LAG_SHRINK,5,0
2026-02-18T06:04:45.552Z,31,369,99.45,30,LAG_SHRINK,6,0
2026-02-18T06:04:45.649Z,30,380,47.00,29,LAG_SHRINK,1,0
2026-02-18T06:04:45.749Z,29,383,96.89,28,LAG_SHRINK,5,0
2026-02-18T06:04:45.848Z,28,381,49.00,27,LAG_SHRINK,4,0
2026-02-18T06:04:45.947Z,27,382,80.64,26,LAG_SHRINK,5,0
2026-02-18T06:04:46.046Z,26,386,78.94,25,LAG_SHRINK,1,0
2026-02-18T06:04:46.101Z,41,399,20.24,41,SMART_GROW,1,0
2026-02-18T06:04:46.156Z,50,371,9.00,50,SMART_GROW,0,0
2026-02-18T06:04:46.450Z,50,360,244.00,49,LAG_SHRINK,6,0
2026-02-18T06:04:46.646Z,49,385,146.00,48,LAG_SHRINK,7,0
2026-02-18T06:04:46.756Z,48,376,60.00,47,LAG_SHRINK,18,0
2026-02-18T06:04:46.949Z,47,388,142.00,46,LAG_SHRINK,6,0
2026-02-18T06:04:47.049Z,46,383,97.81,45,LAG_SHRINK,6,0
2026-02-18T06:04:47.154Z,45,375,55.00,44,LAG_SHRINK,12,0
2026-02-18T06:04:47.254Z,44,381,50.00,43,LAG_SHRINK,6,0
2026-02-18T06:04:47.350Z,43,375,46.00,42,LAG_SHRINK,6,0
2026-02-18T06:04:47.454Z,42,366,53.00,41,LAG_SHRINK,12,0
2026-02-18T06:04:47.551Z,41,355,48.00,40,LAG_SHRINK,6,0
2026-02-18T06:04:47.652Z,40,348,51.00,39,LAG_SHRINK,12,0
2026-02-18T06:04:47.850Z,39,346,148.00,38,LAG_SHRINK,6,0
2026-02-18T06:04:47.953Z,38,358,100.56,37,LAG_SHRINK,6,0
2026-02-18T06:04:48.155Z,37,360,152.00,36,LAG_SHRINK,6,0
2026-02-18T06:04:48.347Z,36,370,142.00,35,LAG_SHRINK,6,0
2026-02-18T06:04:48.452Z,35,379,98.86,34,LAG_SHRINK,10,0
2026-02-18T06:04:48.549Z,34,381,47.00,33,LAG_SHRINK,6,0
2026-02-18T06:04:48.650Z,33,390,51.00,32,LAG_SHRINK,8,0
2026-02-18T06:04:48.750Z,32,389,97.22,31,LAG_SHRINK,6,0
2026-02-18T06:04:48.851Z,31,393,51.00,30,LAG_SHRINK,7,0
2026-02-18T06:04:48.951Z,30,394,95.72,29,LAG_SHRINK,7,0
2026-02-18T06:04:49.049Z,29,390,49.00,28,LAG_SHRINK,6,0
2026-02-18T06:04:49.150Z,28,389,48.57,27,LAG_SHRINK,8,0
2026-02-18T06:04:49.250Z,27,390,51.00,26,LAG_SHRINK,4,0
2026-02-18T06:04:49.349Z,26,401,96.76,25,LAG_SHRINK,2,0
2026-02-18T06:04:49.448Z,25,416,49.00,24,LAG_SHRINK,2,0
2026-02-18T06:04:49.547Z,24,420,79.07,23,LAG_SHRINK,3,0
2026-02-18T06:04:49.647Z,23,426,78.68,22,LAG_SHRINK,2,0
2026-02-18T06:04:49.746Z,22,428,79.99,21,LAG_SHRINK,3,0
2026-02-18T06:04:49.849Z,22,436,81.63,20,LAG_SHRINK,0,0
2026-02-18T06:04:49.959Z,38,443,20.41,38,SMART_GROW,1,0
2026-02-18T06:04:50.160Z,38,423,164.00,37,LAG_SHRINK,0,0
2026-02-18T06:04:50.257Z,37,429,47.00,36,LAG_SHRINK,6,0
2026-02-18T06:04:50.450Z,36,424,143.00,35,LAG_SHRINK,6,0
2026-02-18T06:04:50.748Z,35,390,248.00,34,LAG_SHRINK,6,0
2026-02-18T06:04:50.951Z,34,382,98.53,33,LAG_SHRINK,12,0
2026-02-18T06:04:51.057Z,33,382,97.03,32,LAG_SHRINK,12,0
2026-02-18T06:04:51.348Z,32,366,241.00,31,LAG_SHRINK,5,0
2026-02-18T06:04:51.456Z,31,359,58.00,30,LAG_SHRINK,6,0
2026-02-18T06:04:51.648Z,30,341,142.00,29,LAG_SHRINK,6,0
2026-02-18T06:04:51.753Z,29,368,98.93,28,LAG_SHRINK,8,0
2026-02-18T06:04:51.851Z,28,373,79.79,27,LAG_SHRINK,4,0
2026-02-18T06:04:51.951Z,27,378,50.00,26,LAG_SHRINK,7,0
2026-02-18T06:04:52.049Z,26,379,48.00,25,LAG_SHRINK,5,0
2026-02-18T06:04:52.151Z,25,382,52.00,24,LAG_SHRINK,5,0
2026-02-18T06:04:52.251Z,24,394,94.60,23,LAG_SHRINK,4,0
2026-02-18T06:04:52.349Z,23,387,48.00,22,LAG_SHRINK,3,0
2026-02-18T06:04:52.452Z,22,385,85.82,21,LAG_SHRINK,3,0
2026-02-18T06:04:52.549Z,22,388,47.00,20,LAG_SHRINK,0,0
2026-02-18T06:04:52.646Z,37,418,20.32,37,SMART_GROW,1,0
2026-02-18T06:04:52.651Z,50,389,1.00,50,SMART_GROW,1,0
2026-02-18T06:04:52.854Z,50,375,81.63,49,LAG_SHRINK,7,0
2026-02-18T06:04:52.956Z,49,379,52.00,48,LAG_SHRINK,6,0
2026-02-18T06:04:53.056Z,48,387,50.00,47,LAG_SHRINK,6,0
2026-02-18T06:04:53.153Z,47,389,47.00,46,LAG_SHRINK,6,0
2026-02-18T06:04:53.255Z,46,384,52.00,45,LAG_SHRINK,6,0
2026-02-18T06:04:53.354Z,45,388,49.00,44,LAG_SHRINK,6,0
2026-02-18T06:04:53.452Z,44,389,48.00,43,LAG_SHRINK,6,0
2026-02-18T06:04:53.654Z,43,385,152.00,42,LAG_SHRINK,6,0
2026-02-18T06:04:53.753Z,42,388,98.53,41,LAG_SHRINK,6,0
2026-02-18T06:04:53.854Z,41,379,51.00,40,LAG_SHRINK,6,0
2026-02-18T06:04:54.048Z,40,372,144.00,39,LAG_SHRINK,6,0
2026-02-18T06:04:54.155Z,39,373,57.00,38,LAG_SHRINK,6,0
2026-02-18T06:04:54.255Z,38,379,50.00,37,LAG_SHRINK,6,0
2026-02-18T06:04:54.354Z,37,375,49.00,36,LAG_SHRINK,6,0
2026-02-18T06:04:54.651Z,36,352,247.00,35,LAG_SHRINK,6,0
2026-02-18T06:04:54.848Z,35,359,147.00,34,LAG_SHRINK,12,0
2026-02-18T06:04:54.953Z,34,378,100.76,33,LAG_SHRINK,6,0
2026-02-18T06:04:55.055Z,33,376,52.00,32,LAG_SHRINK,6,0
2026-02-18T06:04:55.154Z,32,375,49.00,31,LAG_SHRINK,6,0
2026-02-18T06:04:55.253Z,31,370,49.00,30,LAG_SHRINK,5,0
2026-02-18T06:04:55.350Z,30,371,47.00,29,LAG_SHRINK,6,0
2026-02-18T06:04:55.453Z,29,361,53.00,28,LAG_SHRINK,9,0
2026-02-18T06:04:55.550Z,28,377,47.00,27,LAG_SHRINK,7,0
2026-02-18T06:04:55.651Z,27,373,51.00,26,LAG_SHRINK,8,0
2026-02-18T06:04:55.752Z,26,375,51.00,25,LAG_SHRINK,5,0
2026-02-18T06:04:55.854Z,25,387,52.00,24,LAG_SHRINK,5,0
2026-02-18T06:04:55.951Z,24,389,93.36,23,LAG_SHRINK,5,0
2026-02-18T06:04:56.050Z,23,390,49.00,22,LAG_SHRINK,4,0
2026-02-18T06:04:56.147Z,39,401,20.14,39,SMART_GROW,3,0
2026-02-18T06:04:56.354Z,50,382,21.06,50,SMART_GROW,8,0
2026-02-18T06:04:56.647Z,50,376,244.00,49,LAG_SHRINK,6,0
2026-02-18T06:04:56.752Z,49,397,102.79,48,LAG_SHRINK,12,0
2026-02-18T06:04:56.853Z,48,396,51.00,47,LAG_SHRINK,6,0
2026-02-18T06:04:56.954Z,47,396,51.00,46,LAG_SHRINK,6,0
2026-02-18T06:04:57.051Z,46,396,47.00,45,LAG_SHRINK,6,0
2026-02-18T06:04:57.155Z,45,392,54.00,44,LAG_SHRINK,12,0
2026-02-18T06:04:57.255Z,44,391,50.00,43,LAG_SHRINK,6,0
2026-02-18T06:04:57.351Z,43,394,46.00,42,LAG_SHRINK,6,0
2026-02-18T06:04:57.450Z,42,388,49.00,41,LAG_SHRINK,6,0
2026-02-18T06:04:57.552Z,41,381,52.00,40,LAG_SHRINK,12,0
2026-02-18T06:04:57.648Z,40,375,93.62,39,LAG_SHRINK,6,0
2026-02-18T06:04:57.755Z,39,366,57.00,38,LAG_SHRINK,12,0
2026-02-18T06:04:57.946Z,38,371,141.00,37,LAG_SHRINK,6,0
2026-02-18T06:04:58.152Z,37,373,156.00,36,LAG_SHRINK,6,0
2026-02-18T06:04:58.255Z,36,374,53.00,35,LAG_SHRINK,6,0
2026-02-18T06:04:58.353Z,35,381,48.00,34,LAG_SHRINK,6,0
2026-02-18T06:04:58.453Z,34,381,50.00,33,LAG_SHRINK,6,0
2026-02-18T06:04:58.554Z,33,386,51.00,32,LAG_SHRINK,6,0
2026-02-18T06:04:58.653Z,32,397,49.00,31,LAG_SHRINK,6,0
2026-02-18T06:04:58.755Z,31,407,52.00,30,LAG_SHRINK,6,0
2026-02-18T06:04:58.852Z,30,404,47.00,29,LAG_SHRINK,6,0
2026-02-18T06:04:59.047Z,29,406,145.00,28,LAG_SHRINK,5,0
2026-02-18T06:04:59.155Z,28,402,99.84,27,LAG_SHRINK,9,0
2026-02-18T06:04:59.253Z,27,398,47.00,26,LAG_SHRINK,6,0
2026-02-18T06:04:59.353Z,26,410,51.00,25,LAG_SHRINK,1,0
2026-02-18T06:04:59.453Z,25,400,50.00,24,LAG_SHRINK,6,0
2026-02-18T06:04:59.549Z,24,414,46.00,23,LAG_SHRINK,1,0
2026-02-18T06:04:59.648Z,23,409,48.47,22,LAG_SHRINK,7,0
2026-02-18T06:04:59.747Z,22,417,49.00,21,LAG_SHRINK,3,0
2026-02-18T06:04:59.848Z,21,415,51.00,20,LAG_SHRINK,2,0
2026-02-18T06:04:59.949Z,38,426,20.49,38,SMART_GROW,1,0
2026-02-18T06:04:59.950Z,50,387,2.00,50,SMART_GROW,0,0
2026-02-18T06:05:00.155Z,50,374,155.00,49,LAG_SHRINK,0,0
2026-02-18T06:05:00.254Z,49,383,49.00,48,LAG_SHRINK,6,0
2026-02-18T06:05:00.356Z,48,380,52.00,47,LAG_SHRINK,6,0
2026-02-18T06:05:00.455Z,47,381,49.00,46,LAG_SHRINK,6,0
2026-02-18T06:05:00.747Z,46,385,242.00,45,LAG_SHRINK,12,0
2026-02-18T06:05:00.947Z,45,391,105.81,44,LAG_SHRINK,12,0
2026-02-18T06:05:01.051Z,44,397,54.00,43,LAG_SHRINK,6,0
2026-02-18T06:05:01.151Z,43,389,99.06,42,LAG_SHRINK,6,0
2026-02-18T06:05:01.254Z,42,377,53.00,41,LAG_SHRINK,6,0
2026-02-18T06:05:01.354Z,41,378,50.00,40,LAG_SHRINK,6,0
2026-02-18T06:05:01.454Z,40,378,50.00,39,LAG_SHRINK,6,0
2026-02-18T06:05:01.552Z,39,377,48.00,38,LAG_SHRINK,6,0
2026-02-18T06:05:01.654Z,38,383,52.00,37,LAG_SHRINK,12,0
2026-02-18T06:05:01.853Z,37,359,149.00,36,LAG_SHRINK,6,0
2026-02-18T06:05:01.955Z,36,366,52.00,35,LAG_SHRINK,6,0
2026-02-18T06:05:02.054Z,35,362,49.00,34,LAG_SHRINK,6,0
2026-02-18T06:05:02.156Z,34,361,52.00,33,LAG_SHRINK,6,0
2026-02-18T06:05:02.257Z,33,379,51.00,32,LAG_SHRINK,6,0
2026-02-18T06:05:02.448Z,32,381,141.00,31,LAG_SHRINK,6,0
2026-02-18T06:05:02.553Z,31,380,54.00,30,LAG_SHRINK,6,0
2026-02-18T06:05:02.651Z,30,384,97.88,29,LAG_SHRINK,6,0
2026-02-18T06:05:02.755Z,29,388,54.00,28,LAG_SHRINK,5,0
2026-02-18T06:05:02.856Z,28,401,51.00,27,LAG_SHRINK,6,0
2026-02-18T06:05:02.952Z,27,408,46.00,26,LAG_SHRINK,3,0
2026-02-18T06:05:03.049Z,26,411,47.00,25,LAG_SHRINK,5,0
2026-02-18T06:05:03.150Z,25,408,51.00,24,LAG_SHRINK,6,0
2026-02-18T06:05:03.248Z,24,422,48.00,23,LAG_SHRINK,2,0
2026-02-18T06:05:03.350Z,23,426,98.53,22,LAG_SHRINK,4,0
2026-02-18T06:05:03.448Z,22,417,48.00,21,LAG_SHRINK,2,0
2026-02-18T06:05:03.548Z,21,422,50.10,20,LAG_SHRINK,2,0
2026-02-18T06:05:03.647Z,21,430,49.00,19,LAG_SHRINK,0,0
2026-02-18T06:05:03.747Z,37,437,20.16,37,SMART_GROW,1,0
2026-02-18T06:05:03.750Z,50,395,2.00,50,SMART_GROW,0,0
2026-02-18T06:05:03.956Z,50,376,157.00,49,LAG_SHRINK,6,0
2026-02-18T06:05:04.055Z,49,377,49.00,48,LAG_SHRINK,6,0
2026-02-18T06:05:04.153Z,48,373,48.00,47,LAG_SHRINK,6,0
2026-02-18T06:05:04.251Z,47,375,48.00,46,LAG_SHRINK,6,0
2026-02-18T06:05:04.349Z,46,370,48.00,45,LAG_SHRINK,6,0
2026-02-18T06:05:04.449Z,45,371,50.00,44,LAG_SHRINK,6,0
2026-02-18T06:05:04.652Z,44,368,198.12,43,LAG_SHRINK,12,0
2026-02-18T06:05:04.754Z,43,373,53.00,42,LAG_SHRINK,6,0
2026-02-18T06:05:04.859Z,42,390,55.00,41,LAG_SHRINK,6,0
2026-02-18T06:05:04.956Z,41,394,47.00,40,LAG_SHRINK,6,0
2026-02-18T06:05:05.061Z,40,388,54.00,39,LAG_SHRINK,6,0
2026-02-18T06:05:05.257Z,39,383,147.00,38,LAG_SHRINK,6,0
2026-02-18T06:05:05.452Z,38,404,145.00,37,LAG_SHRINK,6,0
2026-02-18T06:05:06.148Z,37,381,695.47,36,LAG_SHRINK,6,0
2026-02-18T06:05:06.551Z,36,406,354.00,35,LAG_SHRINK,6,0
2026-02-18T06:05:06.647Z,36,406,46.00,34,LAG_SHRINK,0,0
2026-02-18T06:05:07.256Z,34,366,559.00,33,LAG_SHRINK,6,0
2026-02-18T06:05:07.552Z,33,361,246.00,32,LAG_SHRINK,6,0
2026-02-18T06:05:07.848Z,32,361,295.04,31,LAG_SHRINK,6,0
2026-02-18T06:05:08.050Z,31,331,152.00,30,LAG_SHRINK,6,0
2026-02-18T06:05:08.153Z,30,342,53.00,29,LAG_SHRINK,6,0
2026-02-18T06:05:08.348Z,29,343,145.00,28,LAG_SHRINK,6,0
2026-02-18T06:05:08.454Z,28,362,56.00,27,LAG_SHRINK,4,0
2026-02-18T06:05:08.554Z,27,377,100.17,26,LAG_SHRINK,6,0
2026-02-18T06:05:08.650Z,26,386,46.00,25,LAG_SHRINK,2,0
2026-02-18T06:05:08.749Z,25,374,49.00,24,LAG_SHRINK,6,0
2026-02-18T06:05:08.849Z,24,395,50.00,23,LAG_SHRINK,4,0
2026-02-18T06:05:08.949Z,23,395,48.93,22,LAG_SHRINK,6,0
2026-02-18T06:05:09.049Z,22,419,51.00,21,LAG_SHRINK,2,0
2026-02-18T06:05:09.147Z,21,428,48.00,20,LAG_SHRINK,2,0
2026-02-18T06:05:09.249Z,21,431,52.00,19,LAG_SHRINK,0,0
2026-02-18T06:05:09.347Z,20,438,98.14,18,LAG_SHRINK,1,0
2026-02-18T06:05:09.454Z,20,442,57.00,17,LAG_SHRINK,0,0
2026-02-18T06:05:09.547Z,20,453,43.00,16,LAG_SHRINK,0,0
2026-02-18T06:05:09.653Z,35,463,20.23,35,SMART_GROW,0,0
2026-02-18T06:05:09.654Z,50,413,6.00,50,SMART_GROW,0,0
2026-02-18T06:05:09.855Z,50,410,152.00,49,LAG_SHRINK,0,0
2026-02-18T06:05:09.954Z,49,412,49.00,48,LAG_SHRINK,6,0
2026-02-18T06:05:10.054Z,48,401,50.00,47,LAG_SHRINK,6,0
2026-02-18T06:05:10.154Z,47,398,50.00,46,LAG_SHRINK,6,0
2026-02-18T06:05:10.252Z,46,393,48.00,45,LAG_SHRINK,6,0
2026-02-18T06:05:10.351Z,45,388,49.00,44,LAG_SHRINK,6,0
2026-02-18T06:05:10.452Z,44,375,51.00,43,LAG_SHRINK,6,0
2026-02-18T06:05:10.555Z,43,358,53.00,42,LAG_SHRINK,12,0
2026-02-18T06:05:10.853Z,42,353,248.00,41,LAG_SHRINK,6,0
2026-02-18T06:05:11.054Z,41,383,151.00,40,LAG_SHRINK,6,0
2026-02-18T06:05:11.156Z,40,405,101.42,39,LAG_SHRINK,6,0
2026-02-18T06:05:11.254Z,39,406,48.00,38,LAG_SHRINK,6,0
2026-02-18T06:05:11.352Z,38,408,48.00,37,LAG_SHRINK,6,0
2026-02-18T06:05:11.547Z,37,396,145.00,36,LAG_SHRINK,12,0
2026-02-18T06:05:11.654Z,36,410,104.30,35,LAG_SHRINK,12,0
2026-02-18T06:05:11.752Z,35,405,48.00,34,LAG_SHRINK,6,0
2026-02-18T06:05:11.855Z,34,401,53.00,33,LAG_SHRINK,11,0
2026-02-18T06:05:11.953Z,33,396,48.00,32,LAG_SHRINK,6,0
2026-02-18T06:05:12.053Z,32,395,49.00,31,LAG_SHRINK,6,0
2026-02-18T06:05:12.152Z,31,391,50.00,30,LAG_SHRINK,6,0
2026-02-18T06:05:12.254Z,30,388,52.00,29,LAG_SHRINK,10,0
2026-02-18T06:05:12.352Z,29,388,48.00,28,LAG_SHRINK,6,0
2026-02-18T06:05:12.451Z,28,386,49.00,27,LAG_SHRINK,6,0
2026-02-18T06:05:12.647Z,27,395,146.00,26,LAG_SHRINK,4,0
2026-02-18T06:05:12.855Z,26,412,158.00,25,LAG_SHRINK,5,0
2026-02-18T06:05:12.955Z,25,433,99.71,24,LAG_SHRINK,5,0
2026-02-18T06:05:13.049Z,24,443,44.00,23,LAG_SHRINK,3,0
2026-02-18T06:05:13.150Z,41,444,20.32,41,SMART_GROW,6,0
2026-02-18T06:05:13.254Z,41,428,51.44,40,LAG_SHRINK,5,0
2026-02-18T06:05:13.353Z,40,414,50.00,39,LAG_SHRINK,8,0
2026-02-18T06:05:13.453Z,39,412,50.00,38,LAG_SHRINK,8,0
2026-02-18T06:05:13.551Z,38,415,48.00,37,LAG_SHRINK,8,0
2026-02-18T06:05:13.656Z,37,399,99.32,36,LAG_SHRINK,18,0
2026-02-18T06:05:13.757Z,36,392,52.00,35,LAG_SHRINK,9,0
2026-02-18T06:05:13.947Z,35,377,140.00,34,LAG_SHRINK,12,0
2026-02-18T06:05:14.058Z,34,361,99.98,33,LAG_SHRINK,14,0
2026-02-18T06:05:14.156Z,33,359,48.00,32,LAG_SHRINK,6,0
2026-02-18T06:05:14.259Z,32,355,53.00,31,LAG_SHRINK,9,0
2026-02-18T06:05:14.457Z,31,354,148.00,30,LAG_SHRINK,10,0
2026-02-18T06:05:14.549Z,44,348,20.16,44,SMART_GROW,16,0
2026-02-18T06:05:14.661Z,50,306,24.11,50,SMART_GROW,26,0
2026-02-18T06:05:14.853Z,50,306,142.00,49,LAG_SHRINK,9,0
2026-02-18T06:05:15.047Z,49,311,145.00,48,LAG_SHRINK,14,0
2026-02-18T06:05:15.246Z,48,311,107.58,47,LAG_SHRINK,28,0
2026-02-18T06:05:15.450Z,47,312,154.00,46,LAG_SHRINK,16,0
2026-02-18T06:05:15.655Z,46,313,155.00,45,LAG_SHRINK,16,0
2026-02-18T06:05:15.946Z,45,366,241.00,44,LAG_SHRINK,16,0
2026-02-18T06:05:16.146Z,44,371,102.47,43,LAG_SHRINK,22,0
2026-02-18T06:05:16.344Z,43,381,60.00,42,LAG_SHRINK,13,0
2026-02-18T06:05:16.556Z,42,388,250.00,41,LAG_SHRINK,16,0
2026-02-18T06:05:16.655Z,41,383,49.00,40,LAG_SHRINK,14,0
2026-02-18T06:05:16.753Z,40,392,48.00,39,LAG_SHRINK,1,0
2026-02-18T06:05:16.948Z,39,395,97.88,38,LAG_SHRINK,13,0
2026-02-18T06:05:17.055Z,38,388,57.00,37,LAG_SHRINK,9,0
2026-02-18T06:05:17.245Z,37,403,140.00,36,LAG_SHRINK,7,0
2026-02-18T06:05:17.544Z,36,413,249.00,35,LAG_SHRINK,2,0
2026-02-18T06:05:17.648Z,50,421,20.29,50,SMART_GROW,8,0
2026-02-18T06:05:17.845Z,50,412,148.00,49,LAG_SHRINK,6,0
2026-02-18T06:05:17.951Z,49,414,56.00,48,LAG_SHRINK,13,0
2026-02-18T06:05:18.148Z,48,409,147.00,47,LAG_SHRINK,10,0
2026-02-18T06:05:18.252Z,47,417,53.00,46,LAG_SHRINK,4,0
2026-02-18T06:05:18.353Z,46,415,52.00,45,LAG_SHRINK,9,0
2026-02-18T06:05:18.451Z,45,417,48.00,44,LAG_SHRINK,1,0
2026-02-18T06:05:18.547Z,44,413,92.90,43,LAG_SHRINK,5,0
2026-02-18T06:05:18.648Z,43,421,51.00,42,LAG_SHRINK,3,0
2026-02-18T06:05:18.747Z,42,428,49.00,41,LAG_SHRINK,3,0
2026-02-18T06:05:18.845Z,41,426,80.97,40,LAG_SHRINK,3,0
2026-02-18T06:05:18.945Z,41,438,50.00,39,LAG_SHRINK,0,0
2026-02-18T06:05:19.045Z,40,445,50.00,38,LAG_SHRINK,1,0
2026-02-18T06:05:19.095Z,50,449,20.09,50,SMART_GROW,0,0
2026-02-18T06:05:19.246Z,50,437,102.00,49,LAG_SHRINK,0,0
2026-02-18T06:05:19.447Z,49,433,98.27,48,LAG_SHRINK,9,0
2026-02-18T06:05:19.651Z,48,435,154.00,47,LAG_SHRINK,8,0
2026-02-18T06:05:19.848Z,47,437,147.00,46,LAG_SHRINK,7,0
2026-02-18T06:05:19.953Z,47,437,55.00,45,LAG_SHRINK,0,0
2026-02-18T06:05:20.545Z,45,384,542.00,44,LAG_SHRINK,7,0
2026-02-18T06:05:20.651Z,45,384,55.00,43,LAG_SHRINK,0,0
2026-02-18T06:05:21.251Z,43,326,551.00,42,LAG_SHRINK,4,0
2026-02-18T06:05:21.850Z,42,361,549.00,41,LAG_SHRINK,1,0
2026-02-18T06:05:22.046Z,41,394,195.49,40,LAG_SHRINK,1,0
2026-02-18T06:05:22.147Z,40,417,79.99,39,LAG_SHRINK,1,0
2026-02-18T06:05:22.348Z,40,470,181.34,38,LAG_SHRINK,0,0
2026-02-18T06:05:22.544Z,40,475,146.00,37,LAG_SHRINK,0,0
2026-02-18T06:05:23.647Z,50,476,20.36,50,SMART_GROW,0,0
2026-02-18T06:05:23.745Z,50,300,1100.00,49,LAG_SHRINK,0,0
2026-02-18T06:05:23.948Z,50,300,153.00,48,LAG_SHRINK,0,0
2026-02-18T06:05:25.151Z,48,214,1153.00,47,LAG_SHRINK,12,0
2026-02-18T06:05:25.444Z,48,214,243.00,46,LAG_SHRINK,0,0
2026-02-18T06:05:25.751Z,46,363,206.50,45,LAG_SHRINK,11,0
2026-02-18T06:05:25.853Z,45,378,97.35,44,LAG_SHRINK,9,0
2026-02-18T06:05:25.951Z,44,397,49.00,43,LAG_SHRINK,4,0
2026-02-18T06:05:26.050Z,43,403,96.31,42,LAG_SHRINK,7,0
2026-02-18T06:05:26.152Z,42,427,52.00,41,LAG_SHRINK,2,0
2026-02-18T06:05:26.247Z,41,430,45.00,40,LAG_SHRINK,4,0
2026-02-18T06:05:26.346Z,40,433,49.62,39,LAG_SHRINK,3,0
2026-02-18T06:05:26.446Z,39,431,78.02,38,LAG_SHRINK,3,0
2026-02-18T06:05:26.546Z,38,440,50.00,37,LAG_SHRINK,1,0
2026-02-18T06:05:26.597Z,50,445,20.26,50,SMART_GROW,1,0
2026-02-18T06:05:26.752Z,50,432,107.51,49,LAG_SHRINK,0,0
2026-02-18T06:05:27.044Z,49,420,243.00,48,LAG_SHRINK,13,0
2026-02-18T06:05:28.057Z,48,346,963.00,47,LAG_SHRINK,10,0
2026-02-18T06:05:28.252Z,47,363,145.00,46,LAG_SHRINK,11,0
2026-02-18T06:05:28.352Z,47,363,50.00,45,LAG_SHRINK,0,0
2026-02-18T06:05:28.549Z,45,395,147.00,44,LAG_SHRINK,11,0
2026-02-18T06:05:28.652Z,45,395,53.00,43,LAG_SHRINK,0,0
2026-02-18T06:05:28.950Z,43,410,248.00,42,LAG_SHRINK,9,0
2026-02-18T06:05:29.048Z,43,410,48.00,41,LAG_SHRINK,0,0
2026-02-18T06:05:29.146Z,41,433,48.00,40,LAG_SHRINK,3,0
2026-02-18T06:05:29.245Z,40,439,99.39,39,LAG_SHRINK,1,0
2026-02-18T06:05:29.345Z,40,443,50.00,38,LAG_SHRINK,0,0
2026-02-18T06:05:29.396Z,50,443,20.23,50,SMART_GROW,0,0
2026-02-18T06:05:29.546Z,50,433,101.00,49,LAG_SHRINK,0,0
2026-02-18T06:05:29.658Z,49,437,101.48,48,LAG_SHRINK,9,0
2026-02-18T06:05:29.947Z,48,432,239.00,47,LAG_SHRINK,6,0
2026-02-18T06:05:30.059Z,47,447,62.00,46,LAG_SHRINK,3,0
2026-02-18T06:05:30.254Z,46,444,145.00,45,LAG_SHRINK,5,0
2026-02-18T06:05:30.349Z,45,446,45.00,44,LAG_SHRINK,4,0
2026-02-18T06:05:30.449Z,44,444,50.00,43,LAG_SHRINK,3,0
2026-02-18T06:05:30.549Z,43,441,96.57,42,LAG_SHRINK,4,0
2026-02-18T06:05:30.648Z,42,448,49.00,41,LAG_SHRINK,2,0
2026-02-18T06:05:31.050Z,41,353,352.00,40,LAG_SHRINK,2,0
2026-02-18T06:05:31.146Z,40,363,95.52,39,LAG_SHRINK,1,0
2026-02-18T06:05:31.244Z,40,367,78.15,38,LAG_SHRINK,0,0
2026-02-18T06:05:31.345Z,40,369,51.00,37,LAG_SHRINK,0,0
2026-02-18T06:05:31.549Z,50,374,20.28,50,SMART_GROW,0,0
2026-02-18T06:05:31.551Z,50,277,106.00,49,LAG_SHRINK,0,0
2026-02-18T06:05:31.755Z,49,232,154.00,48,LAG_SHRINK,8,0
2026-02-18T06:05:31.851Z,48,253,46.00,47,LAG_SHRINK,1,0
2026-02-18T06:05:31.953Z,47,287,52.00,46,LAG_SHRINK,7,0
2026-02-18T06:05:32.051Z,46,292,48.00,45,LAG_SHRINK,4,0
2026-02-18T06:05:32.147Z,45,303,46.00,44,LAG_SHRINK,6,0
2026-02-18T06:05:32.248Z,50,298,19.88,50,SMART_GROW,7,0
2026-02-18T06:05:32.352Z,50,281,20.18,50,SMART_GROW,11,0
2026-02-18T06:05:32.453Z,50,275,51.00,49,LAG_SHRINK,6,0
2026-02-18T06:05:32.651Z,49,312,148.00,48,LAG_SHRINK,10,0
2026-02-18T06:05:32.758Z,48,342,103.78,47,LAG_SHRINK,12,0
2026-02-18T06:05:33.255Z,47,392,447.00,46,LAG_SHRINK,4,0
2026-02-18T06:05:33.352Z,46,424,47.00,45,LAG_SHRINK,9,0
2026-02-18T06:05:33.452Z,45,435,50.00,44,LAG_SHRINK,1,0
2026-02-18T06:05:33.550Z,44,427,48.16,43,LAG_SHRINK,9,0
2026-02-18T06:05:33.648Z,43,423,49.00,42,LAG_SHRINK,7,0
2026-02-18T06:05:33.748Z,42,432,50.00,41,LAG_SHRINK,6,0
2026-02-18T06:05:33.846Z,50,435,20.87,50,SMART_GROW,7,0
2026-02-18T06:05:33.956Z,50,423,53.53,49,LAG_SHRINK,4,0
2026-02-18T06:05:34.053Z,49,406,48.00,48,LAG_SHRINK,12,0
2026-02-18T06:05:34.154Z,48,405,51.00,47,LAG_SHRINK,2,0
2026-02-18T06:05:34.253Z,47,393,49.00,46,LAG_SHRINK,9,0
2026-02-18T06:05:34.352Z,46,390,49.00,45,LAG_SHRINK,5,0
2026-02-18T06:05:34.453Z,45,376,51.00,44,LAG_SHRINK,8,0
2026-02-18T06:05:34.548Z,44,376,45.00,43,LAG_SHRINK,4,0
2026-02-18T06:05:34.648Z,43,378,50.00,42,LAG_SHRINK,7,0
2026-02-18T06:05:34.747Z,42,384,97.42,41,LAG_SHRINK,4,0
2026-02-18T06:05:34.846Z,41,388,49.00,40,LAG_SHRINK,3,0
2026-02-18T06:05:34.946Z,40,391,49.60,39,LAG_SHRINK,2,0
2026-02-18T06:05:35.045Z,39,391,79.66,38,LAG_SHRINK,1,0
2026-02-18T06:05:35.145Z,50,410,20.16,50,SMART_GROW,0,0
2026-02-18T06:05:35.148Z,50,396,3.00,50,SMART_GROW,0,0
2026-02-18T06:05:35.352Z,50,400,153.00,49,LAG_SHRINK,1,0
2026-02-18T06:05:35.455Z,49,403,54.00,48,LAG_SHRINK,9,0
2026-02-18T06:05:35.746Z,48,429,240.00,47,LAG_SHRINK,1,0
2026-02-18T06:05:35.852Z,47,440,99.32,46,LAG_SHRINK,7,0
2026-02-18T06:05:35.951Z,46,435,49.00,45,LAG_SHRINK,6,0
2026-02-18T06:05:36.049Z,45,438,48.00,44,LAG_SHRINK,1,0
2026-02-18T06:05:36.146Z,44,434,48.08,43,LAG_SHRINK,6,0
2026-02-18T06:05:36.246Z,43,436,50.00,42,LAG_SHRINK,3,0
2026-02-18T06:05:36.345Z,42,434,49.77,41,LAG_SHRINK,3,0
2026-02-18T06:05:36.445Z,41,435,79.86,40,LAG_SHRINK,1,0
2026-02-18T06:05:36.544Z,41,444,49.00,39,LAG_SHRINK,0,0
2026-02-18T06:05:36.595Z,50,445,20.31,50,SMART_GROW,0,0
2026-02-18T06:05:36.652Z,50,436,7.00,50,SMART_GROW,0,0
2026-02-18T06:05:36.752Z,50,428,49.00,49,LAG_SHRINK,8,0
2026-02-18T06:05:36.944Z,49,426,51.00,48,LAG_SHRINK,3,0
2026-02-18T06:05:36.955Z,48,431,53.00,47,LAG_SHRINK,6,0
2026-02-18T06:05:37.055Z,47,432,49.00,46,LAG_SHRINK,1,0
2026-02-18T06:05:37.247Z,46,405,143.00,45,LAG_SHRINK,5,0
2026-02-18T06:05:37.349Z,45,410,52.00,44,LAG_SHRINK,2,0
2026-02-18T06:05:37.449Z,44,408,96.63,43,LAG_SHRINK,4,0
2026-02-18T06:05:37.949Z,43,376,451.00,42,LAG_SHRINK,3,0
2026-02-18T06:05:38.744Z,42,318,795.08,41,LAG_SHRINK,2,0
2026-02-18T06:05:38.944Z,42,318,54.00,40,LAG_SHRINK,0,0
2026-02-18T06:05:40.347Z,40,256,1449.00,39,LAG_SHRINK,3,0
2026-02-18T06:05:40.551Z,39,348,200.08,38,LAG_SHRINK,1,0
2026-02-18T06:05:40.648Z,38,365,48.00,37,LAG_SHRINK,1,0
2026-02-18T06:05:40.744Z,38,376,46.00,36,LAG_SHRINK,0,0
2026-02-18T06:05:40.847Z,38,394,53.00,35,LAG_SHRINK,0,0
2026-02-18T06:05:40.944Z,38,398,47.00,34,LAG_SHRINK,0,0
2026-02-18T06:05:41.044Z,38,399,79.66,33,LAG_SHRINK,0,0
2026-02-18T06:05:41.750Z,49,399,20.88,49,SMART_GROW,0,0
2026-02-18T06:05:41.754Z,49,241,609.00,48,LAG_SHRINK,0,0
2026-02-18T06:05:41.954Z,48,259,150.00,47,LAG_SHRINK,2,0
2026-02-18T06:05:42.154Z,47,240,150.00,46,LAG_SHRINK,9,0
2026-02-18T06:05:42.251Z,46,240,47.00,45,LAG_SHRINK,4,0
2026-02-18T06:05:42.352Z,45,239,51.00,44,LAG_SHRINK,5,0
2026-02-18T06:05:42.450Z,44,253,48.00,43,LAG_SHRINK,6,0
2026-02-18T06:05:42.555Z,43,257,94.60,42,LAG_SHRINK,7,0
2026-02-18T06:05:42.649Z,42,268,44.00,41,LAG_SHRINK,5,0
2026-02-18T06:05:42.746Z,41,305,47.00,40,LAG_SHRINK,1,0
2026-02-18T06:05:42.844Z,40,311,49.07,39,LAG_SHRINK,4,0
2026-02-18T06:05:42.944Z,39,314,79.79,38,LAG_SHRINK,1,0
2026-02-18T06:05:42.994Z,50,314,20.24,50,SMART_GROW,0,0
2026-02-18T06:05:43.050Z,50,303,43.53,49,LAG_SHRINK,0,0
2026-02-18T06:05:43.150Z,49,298,50.00,48,LAG_SHRINK,10,0
2026-02-18T06:05:43.249Z,48,300,49.00,47,LAG_SHRINK,7,0
2026-02-18T06:05:43.350Z,47,307,96.31,46,LAG_SHRINK,6,0
2026-02-18T06:05:43.447Z,46,311,47.00,45,LAG_SHRINK,4,0
2026-02-18T06:05:43.547Z,45,315,80.97,44,LAG_SHRINK,6,0
2026-02-18T06:05:43.648Z,44,313,51.00,43,LAG_SHRINK,3,0
2026-02-18T06:05:43.746Z,43,315,48.95,42,LAG_SHRINK,2,0
2026-02-18T06:05:43.846Z,42,318,79.99,41,LAG_SHRINK,1,0
2026-02-18T06:05:43.896Z,50,319,20.16,50,SMART_GROW,0,0
2026-02-18T06:05:43.948Z,50,311,40.42,49,LAG_SHRINK,0,0
2026-02-18T06:05:44.047Z,49,302,49.00,48,LAG_SHRINK,10,0
2026-02-18T06:05:44.148Z,48,306,51.00,47,LAG_SHRINK,6,0
2026-02-18T06:05:44.245Z,47,303,47.00,46,LAG_SHRINK,5,0
2026-02-18T06:05:44.349Z,46,310,54.00,45,LAG_SHRINK,2,0
2026-02-18T06:05:44.448Z,45,314,93.95,44,LAG_SHRINK,4,0
2026-02-18T06:05:44.544Z,44,313,79.27,43,LAG_SHRINK,5,0
2026-02-18T06:05:44.643Z,43,313,79.86,42,LAG_SHRINK,3,0
2026-02-18T06:05:44.694Z,50,314,20.44,50,SMART_GROW,1,0
2026-02-18T06:05:44.746Z,50,299,44.35,49,LAG_SHRINK,7,0
2026-02-18T06:05:44.847Z,49,297,51.00,48,LAG_SHRINK,4,0
2026-02-18T06:05:44.947Z,48,293,50.00,47,LAG_SHRINK,5,0
2026-02-18T06:05:45.049Z,50,291,19.55,50,SMART_GROW,10,0
2026-02-18T06:05:45.148Z,50,290,93.95,49,LAG_SHRINK,5,0
2026-02-18T06:05:45.252Z,49,283,54.00,48,LAG_SHRINK,8,0
2026-02-18T06:05:45.447Z,48,286,145.00,47,LAG_SHRINK,3,0
2026-02-18T06:05:45.553Z,47,284,56.00,46,LAG_SHRINK,6,0
2026-02-18T06:05:45.651Z,46,286,48.00,45,LAG_SHRINK,1,0
2026-02-18T06:05:45.852Z,45,261,151.00,44,LAG_SHRINK,7,0
2026-02-18T06:05:45.949Z,44,273,47.00,43,LAG_SHRINK,3,0
2026-02-18T06:05:46.045Z,43,274,45.00,42,LAG_SHRINK,2,0
2026-02-18T06:05:46.146Z,42,284,52.00,41,LAG_SHRINK,2,0
2026-02-18T06:05:46.243Z,41,283,48.16,40,LAG_SHRINK,3,0
2026-02-18T06:05:46.344Z,40,287,79.59,39,LAG_SHRINK,1,0
2026-02-18T06:05:46.394Z,50,289,20.52,50,SMART_GROW,0,0
2026-02-18T06:05:46.552Z,50,266,107.00,49,LAG_SHRINK,9,0
2026-02-18T06:05:46.650Z,49,262,49.00,48,LAG_SHRINK,6,0
2026-02-18T06:05:46.749Z,48,257,48.00,47,LAG_SHRINK,6,0
2026-02-18T06:05:46.945Z,47,265,147.00,46,LAG_SHRINK,7,0
2026-02-18T06:05:47.049Z,46,267,98.40,45,LAG_SHRINK,5,0
2026-02-18T06:05:47.147Z,45,264,49.00,44,LAG_SHRINK,7,0
2026-02-18T06:05:47.248Z,44,251,51.00,43,LAG_SHRINK,8,0
2026-02-18T06:05:47.348Z,43,248,50.00,42,LAG_SHRINK,3,0
2026-02-18T06:05:47.443Z,42,247,45.00,41,LAG_SHRINK,2,0
2026-02-18T06:05:47.643Z,41,246,150.00,40,LAG_SHRINK,2,0
2026-02-18T06:05:47.845Z,40,230,101.07,39,LAG_SHRINK,3,0
2026-02-18T06:05:47.942Z,39,234,76.32,38,LAG_SHRINK,1,0
2026-02-18T06:05:48.044Z,39,242,52.00,37,LAG_SHRINK,0,0
2026-02-18T06:05:48.142Z,39,248,78.02,36,LAG_SHRINK,0,0
2026-02-18T06:05:48.249Z,47,257,20.36,47,SMART_GROW,0,0
2026-02-18T06:05:48.250Z,50,234,8.00,50,SMART_GROW,0,0
2026-02-18T06:05:48.452Z,50,236,152.00,49,LAG_SHRINK,0,0
2026-02-18T06:05:48.650Z,49,195,148.00,48,LAG_SHRINK,11,0
2026-02-18T06:05:48.749Z,49,195,49.00,47,LAG_SHRINK,0,0
2026-02-18T06:05:48.850Z,47,188,51.00,46,LAG_SHRINK,9,0
2026-02-18T06:05:48.953Z,46,205,53.00,45,LAG_SHRINK,6,0
2026-02-18T06:05:49.049Z,45,200,46.00,44,LAG_SHRINK,5,0
2026-02-18T06:05:49.149Z,44,189,93.36,43,LAG_SHRINK,6,0
2026-02-18T06:05:49.245Z,43,180,46.00,42,LAG_SHRINK,5,0
2026-02-18T06:05:49.348Z,50,188,20.18,50,SMART_GROW,4,0
2026-02-18T06:05:49.450Z,50,173,49.24,49,LAG_SHRINK,3,0
2026-02-18T06:05:49.551Z,49,162,51.00,48,LAG_SHRINK,10,0
2026-02-18T06:05:49.651Z,48,181,50.00,47,LAG_SHRINK,1,0
2026-02-18T06:05:49.749Z,47,189,47.00,46,LAG_SHRINK,7,0
2026-02-18T06:05:49.849Z,46,190,51.00,45,LAG_SHRINK,5,0
2026-02-18T06:05:49.947Z,45,192,48.00,44,LAG_SHRINK,5,0
2026-02-18T06:05:50.046Z,44,188,49.00,43,LAG_SHRINK,5,0
2026-02-18T06:05:50.148Z,43,192,52.00,42,LAG_SHRINK,2,0
2026-02-18T06:05:50.244Z,42,200,46.00,41,LAG_SHRINK,2,0
2026-02-18T06:05:50.346Z,50,204,20.34,50,SMART_GROW,4,0
2026-02-18T06:05:50.451Z,50,195,56.00,49,LAG_SHRINK,3,0
2026-02-18T06:05:50.549Z,49,185,48.00,48,LAG_SHRINK,11,0
2026-02-18T06:05:50.645Z,48,187,46.00,47,LAG_SHRINK,7,0
2026-02-18T06:05:50.745Z,47,184,50.00,46,LAG_SHRINK,5,0
2026-02-18T06:05:50.844Z,46,182,48.89,45,LAG_SHRINK,7,0
2026-02-18T06:05:50.946Z,45,185,52.00,44,LAG_SHRINK,3,0
2026-02-18T06:05:51.043Z,44,185,48.19,43,LAG_SHRINK,3,0
2026-02-18T06:05:51.144Z,43,183,79.59,42,LAG_SHRINK,3,0
2026-02-18T06:05:51.195Z,50,187,20.34,50,SMART_GROW,1,0
2026-02-18T06:05:51.252Z,50,179,8.00,50,SMART_GROW,0,0
2026-02-18T06:05:51.349Z,50,175,47.00,49,LAG_SHRINK,6,0
2026-02-18T06:05:51.447Z,49,174,48.00,48,LAG_SHRINK,4,0
2026-02-18T06:05:51.545Z,48,175,48.00,47,LAG_SHRINK,3,0
2026-02-18T06:05:51.644Z,47,180,49.54,46,LAG_SHRINK,3,0
2026-02-18T06:05:51.743Z,46,186,78.35,45,LAG_SHRINK,1,0
2026-02-18T06:05:51.843Z,46,192,79.33,44,LAG_SHRINK,0,0
2026-02-18T06:05:51.894Z,50,195,20.29,50,SMART_GROW,0,0
2026-02-18T06:05:51.945Z,50,188,39.40,49,LAG_SHRINK,3,0
2026-02-18T06:05:52.044Z,49,188,49.00,48,LAG_SHRINK,4,0
2026-02-18T06:05:52.144Z,48,189,50.00,47,LAG_SHRINK,2,0
2026-02-18T06:05:52.196Z,50,188,20.08,50,SMART_GROW,3,0
2026-02-18T06:05:52.247Z,50,184,2.00,50,SMART_GROW,0,0
2026-02-18T06:05:52.346Z,50,179,79.07,49,LAG_SHRINK,6,0
2026-02-18T06:05:52.446Z,49,182,50.00,48,LAG_SHRINK,3,0
2026-02-18T06:05:52.544Z,48,184,48.03,47,LAG_SHRINK,3,0
2026-02-18T06:05:52.595Z,50,185,20.26,50,SMART_GROW,1,0
2026-02-18T06:05:52.646Z,50,180,1.00,50,SMART_GROW,2,0
2026-02-18T06:05:52.745Z,50,178,79.40,49,LAG_SHRINK,4,0
2026-02-18T06:05:52.842Z,50,172,20.49,50,SMART_GROW,3,0
2026-02-18T06:05:52.846Z,50,171,0.00,50,SMART_GROW,0,0
2026-02-18T06:05:52.942Z,50,171,19.85,50,SMART_GROW,0,0
2026-02-18T06:05:53.043Z,50,175,100.04,49,LAG_SHRINK,0,0
2026-02-18T06:05:53.093Z,50,177,20.28,50,SMART_GROW,0,0
2026-02-18T06:05:53.142Z,50,177,0.00,50,SMART_GROW,0,0
2026-02-18T06:05:53.192Z,50,178,20.29,50,SMART_GROW,0,0
2026-02-18T06:05:53.242Z,50,178,0.00,50,SMART_GROW,0,0
2026-02-18T06:05:53.343Z,50,183,79.86,49,LAG_SHRINK,0,0
2026-02-18T06:05:53.392Z,50,184,20.52,50,SMART_GROW,0,0
2026-02-18T06:05:53.443Z,50,184,20.29,50,SMART_GROW,0,0
2026-02-18T06:05:53.492Z,50,186,20.35,50,SMART_GROW,0,0
2026-02-18T06:05:53.543Z,50,186,20.34,50,SMART_GROW,0,0
2026-02-18T06:05:53.593Z,50,187,20.38,50,SMART_GROW,0,0
2026-02-18T06:05:53.643Z,50,187,0.00,50,SMART_GROW,0,0
2026-02-18T06:05:53.694Z,50,191,20.50,50,SMART_GROW,0,0
2026-02-18T06:05:53.744Z,50,191,39.34,49,LAG_SHRINK,0,0
2026-02-18T06:05:53.795Z,50,195,20.34,50,SMART_GROW,0,0
2026-02-18T06:05:53.845Z,50,195,20.26,50,SMART_GROW,0,0
2026-02-18T06:05:53.896Z,50,195,20.19,50,SMART_GROW,0,0
2026-02-18T06:05:53.946Z,50,195,20.35,50,SMART_GROW,0,0
2026-02-18T06:05:54.042Z,50,195,47.00,49,LAG_SHRINK,0,0
2026-02-18T06:05:54.093Z,50,195,20.18,50,SMART_GROW,0,0
2026-02-18T06:05:54.143Z,50,195,20.24,50,SMART_GROW,0,0
2026-02-18T06:05:54.243Z,50,192,51.00,49,LAG_SHRINK,1,0
2026-02-18T06:05:54.344Z,49,192,50.28,48,LAG_SHRINK,1,0
2026-02-18T06:05:54.396Z,50,192,20.32,50,SMART_GROW,0,0
2026-02-18T06:05:54.443Z,50,184,0.00,50,SMART_GROW,0,0
2026-02-18T06:05:54.545Z,50,181,52.00,49,LAG_SHRINK,3,0
2026-02-18T06:05:54.644Z,49,170,98.80,48,LAG_SHRINK,2,0
2026-02-18T06:05:54.745Z,48,163,82.15,47,LAG_SHRINK,2,0
2026-02-18T06:05:54.844Z,47,163,77.89,46,LAG_SHRINK,1,0
2026-02-18T06:05:54.943Z,50,163,20.37,50,SMART_GROW,0,0
2026-02-18T06:05:54.945Z,50,146,1.00,50,SMART_GROW,0,0
2026-02-18T06:05:55.044Z,50,144,78.94,49,LAG_SHRINK,2,0
2026-02-18T06:05:55.144Z,49,142,50.00,48,LAG_SHRINK,3,0
2026-02-18T06:05:55.243Z,48,142,49.42,47,LAG_SHRINK,2,0
2026-02-18T06:05:55.342Z,47,142,79.40,46,LAG_SHRINK,1,0
2026-02-18T06:05:55.442Z,47,147,80.45,45,LAG_SHRINK,0,0
2026-02-18T06:05:55.546Z,50,148,20.13,50,SMART_GROW,1,0
2026-02-18T06:05:55.547Z,50,123,5.00,50,SMART_GROW,0,0
2026-02-18T06:05:55.649Z,50,129,52.00,49,LAG_SHRINK,0,0
2026-02-18T06:05:55.745Z,49,126,93.49,48,LAG_SHRINK,4,0
2026-02-18T06:05:55.846Z,48,126,79.66,47,LAG_SHRINK,5,0
2026-02-18T06:05:55.945Z,47,130,82.02,46,LAG_SHRINK,3,0
2026-02-18T06:05:55.995Z,50,132,20.42,50,SMART_GROW,1,0
2026-02-18T06:05:56.047Z,50,121,3.00,50,SMART_GROW,3,0
2026-02-18T06:05:56.147Z,50,117,77.04,49,LAG_SHRINK,5,0
2026-02-18T06:05:56.244Z,49,114,47.00,48,LAG_SHRINK,4,0
2026-02-18T06:05:56.344Z,50,106,20.37,50,SMART_GROW,4,0
2026-02-18T06:05:56.446Z,50,94,20.37,50,SMART_GROW,4,0
2026-02-18T06:05:56.546Z,50,96,97.16,49,LAG_SHRINK,2,0
2026-02-18T06:05:56.644Z,49,96,48.00,48,LAG_SHRINK,4,0
2026-02-18T06:05:56.744Z,48,98,98.14,47,LAG_SHRINK,3,0
2026-02-18T06:05:56.844Z,47,97,81.63,46,LAG_SHRINK,3,0
2026-02-18T06:05:56.942Z,46,98,77.50,45,LAG_SHRINK,1,0
2026-02-18T06:05:57.043Z,46,101,79.59,44,LAG_SHRINK,0,0
2026-02-18T06:05:57.143Z,46,106,80.18,43,LAG_SHRINK,0,0
2026-02-18T06:05:57.193Z,48,109,20.32,48,SMART_GROW,0,0
2026-02-18T06:05:57.244Z,50,107,2.00,50,SMART_GROW,0,0
2026-02-18T06:05:57.344Z,50,106,50.04,49,LAG_SHRINK,2,0
2026-02-18T06:05:57.443Z,49,94,77.43,48,LAG_SHRINK,6,0
2026-02-18T06:05:57.544Z,48,98,81.69,47,LAG_SHRINK,3,0
2026-02-18T06:05:57.644Z,47,99,50.00,46,LAG_SHRINK,3,0
2026-02-18T06:05:57.743Z,46,96,49.00,45,LAG_SHRINK,3,0
2026-02-18T06:05:57.843Z,45,97,49.99,44,LAG_SHRINK,1,0
2026-02-18T06:05:57.943Z,48,98,20.14,48,SMART_GROW,0,0
2026-02-18T06:05:57.946Z,50,92,3.00,50,SMART_GROW,1,0
2026-02-18T06:05:58.046Z,50,84,50.00,49,LAG_SHRINK,4,0
2026-02-18T06:05:58.144Z,49,76,48.93,48,LAG_SHRINK,6,0
2026-02-18T06:05:58.244Z,48,76,79.99,47,LAG_SHRINK,1,0
2026-02-18T06:05:58.294Z,50,77,20.41,50,SMART_GROW,1,0
2026-02-18T06:05:58.345Z,50,72,39.73,49,LAG_SHRINK,2,0
2026-02-18T06:05:58.444Z,49,79,49.00,48,LAG_SHRINK,1,0
2026-02-18T06:05:58.542Z,48,78,80.05,47,LAG_SHRINK,3,0
2026-02-18T06:05:58.593Z,50,79,20.31,50,SMART_GROW,0,0
2026-02-18T06:05:58.644Z,50,77,1.00,50,SMART_GROW,0,0
2026-02-18T06:05:58.743Z,50,76,80.45,49,LAG_SHRINK,2,0
2026-02-18T06:05:58.843Z,49,74,79.72,48,LAG_SHRINK,3,0
2026-02-18T06:05:58.944Z,48,73,81.63,47,LAG_SHRINK,3,0
2026-02-18T06:05:59.044Z,47,76,78.28,46,LAG_SHRINK,1,0
2026-02-18T06:05:59.094Z,50,80,20.23,50,SMART_GROW,0,0
2026-02-18T06:05:59.146Z,50,77,1.00,50,SMART_GROW,0,0
2026-02-18T06:05:59.244Z,50,73,49.00,49,LAG_SHRINK,4,0
2026-02-18T06:05:59.344Z,50,72,20.11,50,SMART_GROW,3,0
2026-02-18T06:05:59.446Z,50,71,100.17,49,LAG_SHRINK,1,0
2026-02-18T06:05:59.543Z,49,69,79.79,48,LAG_SHRINK,4,0
2026-02-18T06:05:59.643Z,48,69,79.92,47,LAG_SHRINK,2,0
2026-02-18T06:05:59.744Z,47,71,80.38,46,LAG_SHRINK,1,0
2026-02-18T06:05:59.842Z,47,74,78.68,45,LAG_SHRINK,0,0
2026-02-18T06:05:59.893Z,48,74,20.23,48,SMART_GROW,0,0
2026-02-18T06:05:59.944Z,48,73,40.19,47,LAG_SHRINK,0,0
2026-02-18T06:06:00.042Z,47,73,79.40,46,LAG_SHRINK,1,0
2026-02-18T06:06:00.145Z,46,72,52.00,45,LAG_SHRINK,2,0
2026-02-18T06:06:00.195Z,48,73,20.35,48,SMART_GROW,1,0
2026-02-18T06:06:00.249Z,48,69,40.12,47,LAG_SHRINK,2,0
2026-02-18T06:06:00.344Z,47,69,76.84,46,LAG_SHRINK,2,0
2026-02-18T06:06:00.442Z,46,69,78.41,45,LAG_SHRINK,1,0
2026-02-18T06:06:00.544Z,45,70,80.97,44,LAG_SHRINK,1,0
2026-02-18T06:06:00.594Z,47,71,20.24,47,SMART_GROW,0,0
2026-02-18T06:06:00.644Z,47,69,38.94,46,LAG_SHRINK,0,0
2026-02-18T06:06:00.742Z,49,68,20.26,49,SMART_GROW,2,0
2026-02-18T06:06:00.845Z,50,64,19.46,50,SMART_GROW,2,0
2026-02-18T06:06:00.944Z,50,60,19.62,50,SMART_GROW,3,0
2026-02-18T06:06:01.044Z,50,56,49.43,49,LAG_SHRINK,4,0
2026-02-18T06:06:01.145Z,49,53,50.00,48,LAG_SHRINK,3,0
2026-02-18T06:06:01.243Z,48,53,98.14,47,LAG_SHRINK,1,0
2026-02-18T06:06:01.343Z,47,52,80.97,46,LAG_SHRINK,3,0
2026-02-18T06:06:01.443Z,46,52,79.53,45,LAG_SHRINK,1,0
2026-02-18T06:06:01.494Z,48,52,20.29,48,SMART_GROW,0,0
2026-02-18T06:06:01.545Z,48,49,40.29,47,LAG_SHRINK,1,0
2026-02-18T06:06:01.643Z,47,48,79.79,46,LAG_SHRINK,2,0
2026-02-18T06:06:01.744Z,46,48,80.51,45,LAG_SHRINK,1,0
2026-02-18T06:06:01.795Z,47,50,20.26,47,SMART_GROW,1,0
2026-02-18T06:06:01.846Z,49,47,0.00,49,SMART_GROW,0,0
2026-02-18T06:06:01.944Z,49,43,49.00,48,LAG_SHRINK,2,0
2026-02-18T06:06:02.045Z,48,32,49.67,47,LAG_SHRINK,8,0
2026-02-18T06:06:02.144Z,47,30,49.00,46,LAG_SHRINK,3,0
2026-02-18T06:06:02.244Z,46,29,48.78,45,LAG_SHRINK,3,0
2026-02-18T06:06:02.294Z,47,30,20.28,47,SMART_GROW,1,0
2026-02-18T06:06:02.344Z,49,27,0.00,49,SMART_GROW,0,0
2026-02-18T06:06:02.445Z,49,24,52.00,48,LAG_SHRINK,1,0
2026-02-18T06:06:02.544Z,48,23,49.39,47,LAG_SHRINK,3,0
2026-02-18T06:06:02.643Z,47,23,79.66,46,LAG_SHRINK,1,0
2026-02-18T06:06:02.692Z,47,23,20.28,47,SMART_GROW,0,0
2026-02-18T06:06:02.743Z,48,23,19.34,48,SMART_GROW,0,0
2026-02-18T06:06:02.844Z,48,21,52.00,47,LAG_SHRINK,1,0
2026-02-18T06:06:02.895Z,48,20,20.12,48,SMART_GROW,2,0
2026-02-18T06:06:02.945Z,49,19,20.16,49,SMART_GROW,0,0
2026-02-18T06:06:03.042Z,49,18,76.05,48,LAG_SHRINK,0,0
2026-02-18T06:06:03.092Z,49,18,20.36,49,SMART_GROW,0,0
2026-02-18T06:06:03.142Z,49,18,38.42,48,LAG_SHRINK,0,0
2026-02-18T06:06:03.193Z,49,19,20.29,49,SMART_GROW,0,0
2026-02-18T06:06:03.242Z,49,19,39.86,48,LAG_SHRINK,0,0
2026-02-18T06:06:03.342Z,49,19,50.00,47,LAG_SHRINK,0,0
2026-02-18T06:06:03.393Z,49,19,20.24,48,SMART_GROW,0,0
2026-02-18T06:06:03.443Z,49,19,39.90,47,LAG_SHRINK,0,0
2026-02-18T06:06:03.494Z,49,19,20.28,48,SMART_GROW,0,0
2026-02-18T06:06:03.543Z,49,19,20.23,49,SMART_GROW,0,0
2026-02-18T06:06:03.594Z,50,19,19.93,50,SMART_GROW,0,0
2026-02-18T06:06:03.643Z,50,18,0.00,50,SMART_GROW,0,0
2026-02-18T06:06:03.743Z,50,17,80.51,49,LAG_SHRINK,2,0
2026-02-18T06:06:03.842Z,49,17,78.48,48,LAG_SHRINK,1,0
2026-02-18T06:06:03.892Z,49,17,20.36,49,SMART_GROW,0,0
2026-02-18T06:06:03.944Z,50,17,20.18,50,SMART_GROW,0,0
2026-02-18T06:06:03.994Z,50,14,19.87,50,SMART_GROW,0,0
2026-02-18T06:06:04.044Z,50,14,20.26,50,SMART_GROW,0,0
2026-02-18T06:06:04.095Z,50,14,20.57,50,SMART_GROW,0,0
2026-02-18T06:06:04.144Z,50,14,20.41,50,SMART_GROW,0,0
2026-02-18T06:06:04.195Z,50,14,20.36,50,SMART_GROW,0,0
2026-02-18T06:06:04.244Z,50,14,0.00,50,SMART_GROW,0,0
2026-02-18T06:06:04.295Z,50,14,20.26,50,SMART_GROW,0,0
2026-02-18T06:06:04.346Z,50,13,1.00,50,SMART_GROW,1,0
2026-02-18T06:06:04.443Z,50,12,79.99,49,LAG_SHRINK,1,0
2026-02-18T06:06:04.543Z,50,12,50.00,48,LAG_SHRINK,0,0
2026-02-18T06:06:04.593Z,49,12,20.24,49,SMART_GROW,2,0
2026-02-18T06:06:04.643Z,50,11,0.00,50,SMART_GROW,0,0
2026-02-18T06:06:04.745Z,50,6,52.00,49,LAG_SHRINK,4,0
2026-02-18T06:06:04.843Z,49,4,48.96,48,LAG_SHRINK,3,0
2026-02-18T06:06:04.942Z,48,4,49.00,47,LAG_SHRINK,1,0
2026-02-18T06:06:05.042Z,47,4,50.00,46,LAG_SHRINK,1,0
2026-02-18T06:06:05.093Z,47,4,20.29,47,SMART_GROW,0,0
2026-02-18T06:06:05.143Z,48,4,0.00,48,SMART_GROW,0,0
2026-02-18T06:06:05.194Z,49,3,20.11,49,SMART_GROW,0,0
2026-02-18T06:06:05.244Z,50,2,20.14,50,SMART_GROW,0,0
2026-02-18T06:06:05.343Z,50,1,50.00,49,LAG_SHRINK,0,0
2026-02-18T06:06:05.442Z,50,1,20.33,50,SMART_GROW,1,0
2026-02-18T06:06:05.493Z,50,0,20.19,50,HOLD_11.0s,0,0
2026-02-18T06:06:05.543Z,50,0,20.21,50,HOLD_11.0s,0,0
2026-02-18T06:06:05.642Z,50,0,19.91,50,HOLD_11.0s,0,0
2026-02-18T06:06:05.642Z,50,0,0.00,50,HOLD_11.0s,0,0
2026-02-18T06:06:05.692Z,50,0,20.23,50,HOLD_11.0s,0,0
2026-02-18T06:06:05.742Z,50,0,0.00,50,HOLD_11.0s,0,0
2026-02-18T06:06:05.842Z,50,0,20.19,50,HOLD_11.0s,0,0
2026-02-18T06:06:05.842Z,50,0,0.00,50,HOLD_11.0s,0,0
2026-02-18T06:06:05.893Z,50,0,20.24,50,HOLD_11.0s,0,0
2026-02-18T06:06:05.942Z,50,0,0.00,50,HOLD_11.0s,0,0
2026-02-18T06:06:06.042Z,49,0,79.59,49,LAG_SHRINK,1,0
2026-02-18T06:06:06.093Z,49,0,20.23,49,HOLD_10.8s,0,0
2026-02-18T06:06:06.144Z,49,0,20.19,49,HOLD_10.8s,0,0
2026-02-18T06:06:06.195Z,49,0,20.29,49,HOLD_10.8s,0,0
2026-02-18T06:06:06.245Z,49,0,20.16,49,HOLD_10.8s,0,0
2026-02-18T06:06:06.342Z,49,0,20.24,49,HOLD_10.8s,0,0
2026-02-18T06:06:06.442Z,49,0,20.20,49,HOLD_10.8s,0,0
2026-02-18T06:06:06.443Z,49,0,0.00,49,HOLD_10.8s,0,0
2026-02-18T06:06:06.542Z,49,0,79.46,48,LAG_SHRINK,0,0
2026-02-18T06:06:06.592Z,49,0,20.21,48,HOLD_10.6s,0,0
2026-02-18T06:06:06.642Z,49,0,20.28,48,HOLD_10.6s,0,0
2026-02-18T06:06:06.742Z,49,0,97.09,47,LAG_SHRINK,0,0
2026-02-18T06:06:06.793Z,48,0,20.23,47,HOLD_10.4s,1,0
2026-02-18T06:06:06.842Z,48,0,0.00,47,HOLD_10.4s,0,0
2026-02-18T06:06:06.893Z,48,0,20.16,47,HOLD_10.4s,0,0
2026-02-18T06:06:06.942Z,48,0,0.00,47,HOLD_10.4s,0,0
2026-02-18T06:06:06.992Z,48,0,21.03,47,HOLD_10.4s,0,0
2026-02-18T06:06:07.042Z,48,0,0.00,47,HOLD_10.4s,0,0
2026-02-18T06:06:07.092Z,48,0,20.53,47,HOLD_10.4s,0,0
2026-02-18T06:06:07.142Z,48,0,0.00,47,HOLD_10.4s,0,0
2026-02-18T06:06:07.192Z,47,0,20.62,47,HOLD_10.4s,1,0
2026-02-18T06:06:07.243Z,47,0,20.18,47,HOLD_10.4s,0,0
2026-02-18T06:06:07.293Z,47,0,20.50,47,HOLD_10.4s,0,0
2026-02-18T06:06:07.344Z,47,0,20.19,47,HOLD_10.4s,0,0
2026-02-18T06:06:07.394Z,47,0,20.46,47,HOLD_10.4s,0,0
2026-02-18T06:06:07.447Z,46,0,20.01,47,HOLD_10.4s,1,0
2026-02-18T06:06:07.542Z,46,0,20.24,47,HOLD_10.4s,0,0
2026-02-18T06:06:07.592Z,46,0,19.94,47,HOLD_10.4s,0,0
2026-02-18T06:06:07.642Z,46,0,20.23,47,HOLD_10.4s,0,0
2026-02-18T06:06:07.693Z,46,0,20.37,47,HOLD_10.4s,0,0
2026-02-18T06:06:07.743Z,46,0,20.28,47,HOLD_10.4s,0,0
2026-02-18T06:06:07.842Z,46,0,97.42,46,LAG_SHRINK,0,0
2026-02-18T06:06:07.892Z,46,0,20.23,46,HOLD_10.2s,0,0
2026-02-18T06:06:07.943Z,46,0,1.00,46,HOLD_10.2s,0,0
2026-02-18T06:06:07.993Z,46,0,20.26,46,HOLD_10.2s,0,0
2026-02-18T06:06:08.043Z,46,0,20.52,46,HOLD_10.2s,0,0
2026-02-18T06:06:08.094Z,46,0,20.01,46,HOLD_10.2s,0,0
2026-02-18T06:06:08.143Z,46,0,38.68,45,LAG_SHRINK,0,0
2026-02-18T06:06:08.242Z,46,0,20.26,45,HOLD_10.0s,0,0
2026-02-18T06:06:08.244Z,46,0,1.00,45,HOLD_10.0s,0,0
2026-02-18T06:06:08.342Z,46,0,20.19,45,HOLD_10.0s,0,0
2026-02-18T06:06:08.343Z,46,0,0.00,45,HOLD_10.0s,0,0
2026-02-18T06:06:08.442Z,46,0,20.19,45,HOLD_10.0s,0,0
2026-02-18T06:06:08.443Z,46,0,0.00,45,HOLD_10.0s,0,0
2026-02-18T06:06:08.542Z,46,0,20.26,45,HOLD_10.0s,0,0
2026-02-18T06:06:08.592Z,46,0,20.38,45,HOLD_10.0s,0,0
2026-02-18T06:06:08.642Z,46,0,20.23,45,HOLD_10.0s,0,0
2026-02-18T06:06:08.692Z,46,0,20.12,45,HOLD_10.0s,0,0
2026-02-18T06:06:08.742Z,46,0,36.26,44,LAG_SHRINK,0,0
2026-02-18T06:06:08.843Z,46,0,80.31,43,LAG_SHRINK,0,0
2026-02-18T06:06:08.893Z,46,0,20.21,43,HOLD_9.6s,0,0
2026-02-18T06:06:08.943Z,46,0,20.21,43,HOLD_9.6s,0,0
2026-02-18T06:06:08.994Z,46,0,20.21,43,HOLD_9.6s,0,0
2026-02-18T06:06:09.045Z,46,0,20.56,43,HOLD_9.6s,0,0
2026-02-18T06:06:09.095Z,46,0,20.24,43,HOLD_9.6s,0,0
2026-02-18T06:06:09.145Z,46,0,37.50,42,LAG_SHRINK,0,0
2026-02-18T06:06:09.196Z,45,0,20.23,42,HOLD_9.4s,1,0
2026-02-18T06:06:09.245Z,45,0,20.46,42,HOLD_9.4s,0,0
2026-02-18T06:06:09.296Z,45,0,20.23,42,HOLD_9.4s,0,0
2026-02-18T06:06:09.345Z,45,0,20.49,42,HOLD_9.4s,0,0
2026-02-18T06:06:09.395Z,45,0,20.24,42,HOLD_9.4s,0,0
2026-02-18T06:06:09.445Z,45,0,35.57,41,LAG_SHRINK,0,0
2026-02-18T06:06:09.496Z,44,0,20.26,41,HOLD_9.2s,1,0
2026-02-18T06:06:09.545Z,44,0,20.10,41,HOLD_9.2s,0,0
2026-02-18T06:06:09.642Z,44,0,47.00,40,LAG_SHRINK,0,0
2026-02-18T06:06:09.692Z,44,0,21.05,40,HOLD_9.0s,0,0
2026-02-18T06:06:09.742Z,44,0,0.00,40,HOLD_9.0s,0,0
2026-02-18T06:06:09.793Z,44,0,20.21,40,HOLD_9.0s,0,0
2026-02-18T06:06:09.843Z,44,0,20.26,40,HOLD_9.0s,0,0
2026-02-18T06:06:09.942Z,44,0,19.60,40,HOLD_9.0s,0,0
2026-02-18T06:06:09.942Z,44,0,0.00,40,HOLD_9.0s,0,0
2026-02-18T06:06:09.993Z,43,0,20.16,40,HOLD_9.0s,1,0
2026-02-18T06:06:10.043Z,43,0,20.16,40,HOLD_9.0s,0,0
2026-02-18T06:06:10.142Z,43,0,49.00,39,LAG_SHRINK,0,0
2026-02-18T06:06:10.192Z,43,0,20.30,39,HOLD_8.8s,0,0
2026-02-18T06:06:10.242Z,43,0,20.34,39,HOLD_8.8s,0,0
2026-02-18T06:06:10.292Z,43,0,20.27,39,HOLD_8.8s,0,0
2026-02-18T06:06:10.343Z,43,0,20.37,39,HOLD_8.8s,0,0
2026-02-18T06:06:10.393Z,43,0,20.45,39,HOLD_8.8s,0,0
2026-02-18T06:06:10.444Z,43,0,20.23,39,HOLD_8.8s,0,0
2026-02-18T06:06:10.494Z,43,0,20.31,39,HOLD_8.8s,0,0
2026-02-18T06:06:10.544Z,43,0,0.00,39,HOLD_8.8s,0,0
2026-02-18T06:06:10.642Z,43,0,48.00,38,LAG_SHRINK,0,0
2026-02-18T06:06:10.693Z,43,0,20.31,38,HOLD_8.6s,0,0
2026-02-18T06:06:10.743Z,43,0,20.41,38,HOLD_8.6s,0,0
2026-02-18T06:06:10.794Z,43,0,20.24,38,HOLD_8.6s,0,0
2026-02-18T06:06:10.844Z,43,0,20.21,38,HOLD_8.6s,0,0
2026-02-18T06:06:10.894Z,43,0,20.35,38,HOLD_8.6s,0,0
2026-02-18T06:06:10.944Z,43,0,0.00,38,HOLD_8.6s,0,0
2026-02-18T06:06:11.042Z,43,0,79.59,37,LAG_SHRINK,0,0
2026-02-18T06:06:11.092Z,43,0,20.24,37,HOLD_8.4s,0,0
2026-02-18T06:06:11.142Z,43,0,20.36,37,HOLD_8.4s,0,0
2026-02-18T06:06:11.192Z,43,0,20.31,37,HOLD_8.4s,0,0
2026-02-18T06:06:11.242Z,43,0,0.00,37,HOLD_8.4s,0,0
2026-02-18T06:06:11.342Z,43,0,20.24,37,HOLD_8.4s,0,0
2026-02-18T06:06:11.342Z,43,0,0.00,37,HOLD_8.4s,0,0
2026-02-18T06:06:11.393Z,42,0,20.31,37,HOLD_8.4s,1,0
2026-02-18T06:06:11.444Z,42,0,20.19,37,HOLD_8.4s,0,0
2026-02-18T06:06:11.495Z,42,0,20.24,37,HOLD_8.4s,0,0
2026-02-18T06:06:11.544Z,42,0,0.00,37,HOLD_8.4s,0,0
2026-02-18T06:06:11.595Z,42,0,20.31,37,HOLD_8.4s,0,0
2026-02-18T06:06:11.645Z,42,0,20.20,37,HOLD_8.4s,0,0
2026-02-18T06:06:11.742Z,42,0,20.24,37,HOLD_8.4s,0,0
2026-02-18T06:06:11.747Z,42,0,1.00,37,HOLD_8.4s,0,0
2026-02-18T06:06:11.842Z,42,0,45.00,36,LAG_SHRINK,0,0
2026-02-18T06:06:11.893Z,42,0,19.87,36,IDLE_SHRINK,0,0
2026-02-18T06:06:11.942Z,42,0,20.24,36,IDLE_SHRINK,0,0
2026-02-18T06:06:11.993Z,42,0,20.38,36,IDLE_SHRINK,0,0
2026-02-18T06:06:12.043Z,42,0,0.00,36,IDLE_SHRINK,0,0
2026-02-18T06:06:12.093Z,42,0,20.26,36,IDLE_SHRINK,0,0
2026-02-18T06:06:12.144Z,42,0,20.26,36,IDLE_SHRINK,0,0
2026-02-18T06:06:12.242Z,42,0,48.54,35,LAG_SHRINK,0,0
2026-02-18T06:06:12.293Z,42,0,20.26,35,IDLE_SHRINK,0,0
2026-02-18T06:06:12.342Z,42,0,20.24,35,IDLE_SHRINK,0,0
2026-02-18T06:06:12.393Z,42,0,20.68,35,IDLE_SHRINK,0,0
2026-02-18T06:06:12.442Z,42,0,0.00,35,IDLE_SHRINK,0,0
2026-02-18T06:06:12.493Z,42,0,20.26,35,IDLE_SHRINK,0,0
2026-02-18T06:06:12.542Z,42,0,0.00,35,IDLE_SHRINK,0,0
2026-02-18T06:06:12.593Z,42,0,20.26,35,IDLE_SHRINK,0,0
2026-02-18T06:06:12.643Z,42,0,20.24,35,IDLE_SHRINK,0,0
2026-02-18T06:06:12.693Z,42,0,20.37,35,IDLE_SHRINK,0,0
2026-02-18T06:06:12.743Z,42,0,0.00,35,IDLE_SHRINK,0,0
2026-02-18T06:06:12.793Z,42,0,20.23,35,IDLE_SHRINK,0,0
2026-02-18T06:06:12.843Z,42,0,38.22,34,LAG_SHRINK,0,0
2026-02-18T06:06:12.894Z,42,0,20.42,34,IDLE_SHRINK,0,0
2026-02-18T06:06:12.945Z,42,0,1.00,34,IDLE_SHRINK,0,0
2026-02-18T06:06:12.995Z,42,0,20.41,34,IDLE_SHRINK,0,0
2026-02-18T06:06:13.045Z,42,0,0.00,34,IDLE_SHRINK,0,0
2026-02-18T06:06:13.096Z,42,0,20.29,34,IDLE_SHRINK,0,0
2026-02-18T06:06:13.145Z,42,0,20.39,34,IDLE_SHRINK,0,0
2026-02-18T06:06:13.242Z,42,0,20.24,34,IDLE_SHRINK,0,0
2026-02-18T06:06:13.292Z,42,0,20.39,34,IDLE_SHRINK,0,0
2026-02-18T06:06:13.342Z,42,0,20.31,34,IDLE_SHRINK,0,0
2026-02-18T06:06:13.393Z,42,0,19.93,34,IDLE_SHRINK,0,0
2026-02-18T06:06:13.443Z,42,0,0.00,34,IDLE_SHRINK,0,0
2026-02-18T06:06:13.494Z,42,0,20.32,34,IDLE_SHRINK,0,0
2026-02-18T06:06:13.543Z,42,0,0.00,34,IDLE_SHRINK,0,0
2026-02-18T06:06:13.593Z,42,0,20.24,34,IDLE_SHRINK,0,0
2026-02-18T06:06:13.643Z,42,0,20.31,34,IDLE_SHRINK,0,0
2026-02-18T06:06:13.694Z,42,0,20.42,34,IDLE_SHRINK,0,0
2026-02-18T06:06:13.743Z,42,0,0.00,34,IDLE_SHRINK,0,0
2026-02-18T06:06:13.793Z,42,0,20.19,34,IDLE_SHRINK,0,0
2026-02-18T06:06:13.843Z,42,0,0.00,34,IDLE_SHRINK,0,0
2026-02-18T06:06:13.893Z,42,0,20.23,34,IDLE_SHRINK,0,0
2026-02-18T06:06:13.944Z,42,0,1.00,34,IDLE_SHRINK,0,0
2026-02-18T06:06:13.994Z,42,0,20.26,34,IDLE_SHRINK,0,0
2026-02-18T06:06:14.045Z,42,0,20.19,34,IDLE_SHRINK,0,0
2026-02-18T06:06:14.093Z,42,0,20.21,34,IDLE_SHRINK,0,0
2026-02-18T06:06:14.143Z,42,0,0.00,34,IDLE_SHRINK,0,0
2026-02-18T06:06:14.239Z,42,0,75.07,33,LAG_SHRINK,0,0
2026-02-18T06:06:14.289Z,42,0,20.21,33,IDLE_SHRINK,0,0
2026-02-18T06:06:14.339Z,42,0,20.28,33,IDLE_SHRINK,0,0
2026-02-18T06:06:14.389Z,42,0,19.85,33,IDLE_SHRINK,0,0
2026-02-18T06:06:14.439Z,42,0,20.21,33,IDLE_SHRINK,0,0
2026-02-18T06:06:14.490Z,42,0,20.03,33,IDLE_SHRINK,0,0
2026-02-18T06:06:14.540Z,42,0,0.00,33,IDLE_SHRINK,0,0
2026-02-18T06:06:14.591Z,42,0,20.34,33,IDLE_SHRINK,0,0
2026-02-18T06:06:14.641Z,42,0,19.87,33,IDLE_SHRINK,0,0
2026-02-18T06:06:14.691Z,42,0,20.23,33,IDLE_SHRINK,0,0
2026-02-18T06:06:14.741Z,42,0,20.26,33,IDLE_SHRINK,0,0
2026-02-18T06:06:14.791Z,42,0,19.91,33,IDLE_SHRINK,0,0
2026-02-18T06:06:14.841Z,42,0,0.00,33,IDLE_SHRINK,0,0
2026-02-18T06:06:14.891Z,42,0,20.41,33,IDLE_SHRINK,0,0
2026-02-18T06:06:14.941Z,42,0,20.18,33,IDLE_SHRINK,0,0
2026-02-18T06:06:14.991Z,42,0,20.28,33,IDLE_SHRINK,0,0
2026-02-18T06:06:15.041Z,42,0,0.00,33,IDLE_SHRINK,0,0
2026-02-18T06:06:15.092Z,42,0,20.19,33,IDLE_SHRINK,0,0
2026-02-18T06:06:15.142Z,42,0,20.22,33,IDLE_SHRINK,0,0
2026-02-18T06:06:15.192Z,42,0,20.23,33,IDLE_SHRINK,0,0
2026-02-18T06:06:15.242Z,42,0,0.00,33,IDLE_SHRINK,0,0
2026-02-18T06:06:15.339Z,42,0,47.00,32,LAG_SHRINK,0,0
2026-02-18T06:06:15.439Z,42,0,50.00,31,LAG_SHRINK,0,0
2026-02-18T06:06:15.539Z,42,0,50.00,30,LAG_SHRINK,0,0
2026-02-18T06:06:15.590Z,42,0,20.19,30,IDLE_SHRINK,0,0
2026-02-18T06:06:15.640Z,42,0,20.24,30,IDLE_SHRINK,0,0
2026-02-18T06:06:15.691Z,42,0,20.25,30,IDLE_SHRINK,0,0
2026-02-18T06:06:15.741Z,42,0,0.00,30,IDLE_SHRINK,0,0
2026-02-18T06:06:15.791Z,42,0,20.24,30,IDLE_SHRINK,0,0
2026-02-18T06:06:15.841Z,42,0,20.29,30,IDLE_SHRINK,0,0
2026-02-18T06:06:15.891Z,42,0,20.29,30,IDLE_SHRINK,0,0
2026-02-18T06:06:15.941Z,42,0,20.31,30,IDLE_SHRINK,0,0
2026-02-18T06:06:15.991Z,40,0,20.19,30,IDLE_SHRINK,2,0
2026-02-18T06:06:16.041Z,40,0,0.00,30,IDLE_SHRINK,0,0
2026-02-18T06:06:16.091Z,39,0,20.29,30,IDLE_SHRINK,1,0
2026-02-18T06:06:16.142Z,39,0,20.28,30,IDLE_SHRINK,0,0
2026-02-18T06:06:16.192Z,39,0,20.29,30,IDLE_SHRINK,0,0
2026-02-18T06:06:16.242Z,39,0,0.00,30,IDLE_SHRINK,0,0
2026-02-18T06:06:16.292Z,39,0,20.26,30,IDLE_SHRINK,0,0
2026-02-18T06:06:16.343Z,39,0,37.96,29,LAG_SHRINK,0,0
2026-02-18T06:06:16.392Z,39,0,20.14,29,IDLE_SHRINK,0,0
2026-02-18T06:06:16.442Z,39,0,20.35,29,IDLE_SHRINK,0,0
2026-02-18T06:06:16.539Z,39,0,77.82,28,LAG_SHRINK,0,0
2026-02-18T06:06:16.590Z,39,0,20.78,28,IDLE_SHRINK,0,0
2026-02-18T06:06:16.640Z,39,0,0.00,28,IDLE_SHRINK,0,0
2026-02-18T06:06:16.690Z,39,0,20.24,28,IDLE_SHRINK,0,0
2026-02-18T06:06:16.740Z,39,0,20.21,28,IDLE_SHRINK,0,0
2026-02-18T06:06:16.790Z,39,0,20.21,28,IDLE_SHRINK,0,0
2026-02-18T06:06:16.840Z,39,0,20.24,28,IDLE_SHRINK,0,0
2026-02-18T06:06:16.890Z,39,0,20.27,28,IDLE_SHRINK,0,0
2026-02-18T06:06:16.941Z,39,0,0.00,28,IDLE_SHRINK,0,0
2026-02-18T06:06:16.992Z,39,0,20.23,28,IDLE_SHRINK,0,0
2026-02-18T06:06:17.043Z,39,0,20.52,28,IDLE_SHRINK,0,0
2026-02-18T06:06:17.094Z,39,0,20.52,28,IDLE_SHRINK,0,0
2026-02-18T06:06:17.144Z,39,0,20.32,28,IDLE_SHRINK,0,0
2026-02-18T06:06:17.239Z,39,0,76.78,27,LAG_SHRINK,0,0
2026-02-18T06:06:17.289Z,38,0,20.31,27,IDLE_SHRINK,1,0
2026-02-18T06:06:17.339Z,38,0,38.29,26,LAG_SHRINK,0,0
2026-02-18T06:06:17.390Z,38,0,20.28,26,IDLE_SHRINK,0,0
2026-02-18T06:06:17.441Z,38,0,20.32,26,IDLE_SHRINK,0,0
2026-02-18T06:06:17.492Z,38,0,20.28,26,IDLE_SHRINK,0,0
2026-02-18T06:06:17.543Z,38,0,20.15,26,IDLE_SHRINK,0,0
2026-02-18T06:06:17.593Z,38,0,20.16,26,IDLE_SHRINK,0,0
2026-02-18T06:06:17.643Z,38,0,0.00,26,IDLE_SHRINK,0,0
2026-02-18T06:06:17.694Z,38,0,20.16,26,IDLE_SHRINK,0,0
2026-02-18T06:06:17.744Z,38,0,20.19,26,IDLE_SHRINK,0,0
2026-02-18T06:06:17.795Z,38,0,20.19,26,IDLE_SHRINK,0,0
2026-02-18T06:06:17.845Z,38,0,0.00,26,IDLE_SHRINK,0,0
2026-02-18T06:06:17.895Z,38,0,20.23,26,IDLE_SHRINK,0,0
2026-02-18T06:06:17.945Z,38,0,19.71,26,IDLE_SHRINK,0,0
2026-02-18T06:06:17.995Z,38,0,20.18,26,IDLE_SHRINK,0,0
2026-02-18T06:06:18.045Z,38,0,0.00,26,IDLE_SHRINK,0,0
2026-02-18T06:06:18.096Z,38,0,20.24,26,IDLE_SHRINK,0,0
2026-02-18T06:06:18.146Z,38,0,0.00,26,IDLE_SHRINK,0,0
2026-02-18T06:06:18.197Z,38,0,20.28,26,IDLE_SHRINK,0,0
2026-02-18T06:06:18.247Z,38,0,0.00,26,IDLE_SHRINK,0,0
2026-02-18T06:06:18.298Z,38,0,20.23,26,IDLE_SHRINK,0,0
2026-02-18T06:06:18.348Z,38,0,39.63,25,LAG_SHRINK,0,0
2026-02-18T06:06:18.398Z,38,0,20.19,25,IDLE_SHRINK,0,0
2026-02-18T06:06:18.448Z,38,0,0.00,25,IDLE_SHRINK,0,0
2026-02-18T06:06:18.498Z,38,0,20.23,25,IDLE_SHRINK,0,0
2026-02-18T06:06:18.548Z,38,0,37.54,24,LAG_SHRINK,0,0
2026-02-18T06:06:18.598Z,38,0,20.24,24,IDLE_SHRINK,0,0
2026-02-18T06:06:18.648Z,38,0,0.00,24,IDLE_SHRINK,0,0
2026-02-18T06:06:18.739Z,38,0,20.28,24,IDLE_SHRINK,0,0
2026-02-18T06:06:18.748Z,38,0,0.00,24,IDLE_SHRINK,0,0
2026-02-18T06:06:18.798Z,38,0,20.18,24,IDLE_SHRINK,0,0
2026-02-18T06:06:18.848Z,38,0,40.06,23,LAG_SHRINK,0,0
2026-02-18T06:06:18.898Z,38,0,20.24,23,IDLE_SHRINK,0,0
2026-02-18T06:06:18.948Z,38,0,0.00,23,IDLE_SHRINK,0,0
2026-02-18T06:06:19.039Z,38,0,41.00,22,LAG_SHRINK,0,0
2026-02-18T06:06:19.089Z,38,0,20.18,22,IDLE_SHRINK,0,0
2026-02-18T06:06:19.139Z,38,0,0.00,22,IDLE_SHRINK,0,0
2026-02-18T06:06:19.189Z,38,0,20.21,22,IDLE_SHRINK,0,0
2026-02-18T06:06:19.239Z,38,0,20.23,22,IDLE_SHRINK,0,0
2026-02-18T06:06:19.290Z,38,0,19.93,22,IDLE_SHRINK,0,0
2026-02-18T06:06:19.340Z,38,0,39.37,21,LAG_SHRINK,0,0
2026-02-18T06:06:19.390Z,38,0,20.28,21,IDLE_SHRINK,0,0
2026-02-18T06:06:19.440Z,38,0,0.00,21,IDLE_SHRINK,0,0
2026-02-18T06:06:19.490Z,38,0,20.32,21,IDLE_SHRINK,0,0
2026-02-18T06:06:19.540Z,38,0,37.54,20,LAG_SHRINK,0,0
2026-02-18T06:06:19.590Z,38,0,20.18,20,IDLE_SHRINK,0,0
2026-02-18T06:06:19.640Z,38,0,0.00,20,IDLE_SHRINK,0,0
2026-02-18T06:06:19.690Z,38,0,20.31,20,IDLE_SHRINK,0,0
2026-02-18T06:06:19.740Z,38,0,0.00,20,IDLE_SHRINK,0,0
2026-02-18T06:06:19.791Z,38,0,20.31,20,IDLE_SHRINK,0,0
2026-02-18T06:06:19.840Z,38,0,0.00,20,IDLE_SHRINK,0,0
2026-02-18T06:06:19.890Z,38,0,20.42,20,IDLE_SHRINK,0,0
2026-02-18T06:06:19.940Z,38,0,0.00,20,IDLE_SHRINK,0,0
2026-02-18T06:06:19.990Z,38,0,20.28,20,IDLE_SHRINK,0,0
2026-02-18T06:06:20.040Z,38,0,0.00,20,IDLE_SHRINK,0,0
2026-02-18T06:06:20.091Z,38,0,20.26,20,IDLE_SHRINK,0,0
2026-02-18T06:06:20.142Z,38,0,20.20,20,IDLE_SHRINK,0,0
2026-02-18T06:06:20.192Z,38,0,20.21,20,IDLE_SHRINK,0,0
2026-02-18T06:06:20.242Z,38,0,0.00,20,IDLE_SHRINK,0,0
2026-02-18T06:06:20.292Z,38,0,20.29,20,IDLE_SHRINK,0,0
2026-02-18T06:06:20.342Z,38,0,0.00,20,IDLE_SHRINK,0,0
2026-02-18T06:06:20.392Z,38,0,20.32,20,IDLE_SHRINK,0,0
2026-02-18T06:06:20.442Z,38,0,20.20,20,IDLE_SHRINK,0,0
2026-02-18T06:06:20.492Z,38,0,20.26,20,IDLE_SHRINK,0,0
2026-02-18T06:06:20.542Z,38,0,20.23,20,IDLE_SHRINK,0,0
2026-02-18T06:06:20.639Z,38,0,97.03,19,LAG_SHRINK,0,0
2026-02-18T06:06:20.690Z,38,0,20.29,19,IDLE_SHRINK,0,0
2026-02-18T06:06:20.740Z,38,0,0.00,19,IDLE_SHRINK,0,0
2026-02-18T06:06:20.791Z,38,0,20.24,19,IDLE_SHRINK,0,0
2026-02-18T06:06:20.841Z,38,0,0.00,19,IDLE_SHRINK,0,0
2026-02-18T06:06:20.891Z,38,0,20.28,19,IDLE_SHRINK,0,0
2026-02-18T06:06:20.941Z,38,0,0.00,19,IDLE_SHRINK,0,0
2026-02-18T06:06:20.992Z,38,0,20.21,19,IDLE_SHRINK,0,0
2026-02-18T06:06:21.042Z,38,0,20.16,19,IDLE_SHRINK,0,0
2026-02-18T06:06:21.139Z,38,0,47.00,18,LAG_SHRINK,0,0
2026-02-18T06:06:21.189Z,38,0,20.29,18,IDLE_SHRINK,0,0
2026-02-18T06:06:21.239Z,38,0,20.18,18,IDLE_SHRINK,0,0
2026-02-18T06:06:21.290Z,38,0,19.89,18,IDLE_SHRINK,0,0
2026-02-18T06:06:21.341Z,38,0,20.21,18,IDLE_SHRINK,0,0
2026-02-18T06:06:21.391Z,38,0,20.43,18,IDLE_SHRINK,0,0
2026-02-18T06:06:21.442Z,38,0,20.21,18,IDLE_SHRINK,0,0
2026-02-18T06:06:21.492Z,38,0,20.37,18,IDLE_SHRINK,0,0
2026-02-18T06:06:21.542Z,38,0,20.31,18,IDLE_SHRINK,0,0
2026-02-18T06:06:21.640Z,38,0,20.38,18,IDLE_SHRINK,0,0
2026-02-18T06:06:21.691Z,37,0,20.07,18,IDLE_SHRINK,1,0
2026-02-18T06:06:21.741Z,37,0,20.24,18,IDLE_SHRINK,0,0
2026-02-18T06:06:21.791Z,37,0,20.28,18,IDLE_SHRINK,0,0
2026-02-18T06:06:21.841Z,37,0,20.23,18,IDLE_SHRINK,0,0
2026-02-18T06:06:21.940Z,36,0,49.00,17,LAG_SHRINK,1,0
2026-02-18T06:06:21.990Z,36,0,20.20,17,IDLE_SHRINK,0,0
2026-02-18T06:06:22.040Z,36,0,20.26,17,IDLE_SHRINK,0,0
2026-02-18T06:06:22.139Z,36,0,19.75,17,IDLE_SHRINK,0,0
2026-02-18T06:06:22.189Z,36,0,20.49,17,IDLE_SHRINK,0,0
2026-02-18T06:06:22.239Z,36,0,0.00,17,IDLE_SHRINK,0,0
2026-02-18T06:06:22.289Z,36,0,20.19,17,IDLE_SHRINK,0,0
2026-02-18T06:06:22.339Z,36,0,20.36,17,IDLE_SHRINK,0,0
2026-02-18T06:06:22.439Z,36,0,19.73,17,IDLE_SHRINK,0,0
2026-02-18T06:06:22.489Z,36,0,20.32,17,IDLE_SHRINK,0,0
2026-02-18T06:06:22.540Z,36,0,20.18,17,IDLE_SHRINK,0,0
2026-02-18T06:06:22.590Z,36,0,20.40,17,IDLE_SHRINK,0,0
2026-02-18T06:06:22.640Z,36,0,20.34,17,IDLE_SHRINK,0,0
2026-02-18T06:06:22.690Z,36,0,20.22,17,IDLE_SHRINK,0,0
2026-02-18T06:06:22.740Z,36,0,0.00,17,IDLE_SHRINK,0,0
2026-02-18T06:06:22.790Z,36,0,20.31,17,IDLE_SHRINK,0,0
2026-02-18T06:06:22.840Z,36,0,20.24,17,IDLE_SHRINK,0,0
2026-02-18T06:06:22.939Z,36,0,48.66,16,LAG_SHRINK,0,0
2026-02-18T06:06:22.990Z,36,0,20.21,16,IDLE_SHRINK,0,0
2026-02-18T06:06:23.040Z,36,0,0.00,16,IDLE_SHRINK,0,0
2026-02-18T06:06:23.090Z,36,0,20.18,16,IDLE_SHRINK,0,0
2026-02-18T06:06:23.140Z,36,0,20.26,16,IDLE_SHRINK,0,0
2026-02-18T06:06:23.190Z,36,0,20.36,16,IDLE_SHRINK,0,0
2026-02-18T06:06:23.240Z,36,0,20.18,16,IDLE_SHRINK,0,0
2026-02-18T06:06:23.290Z,36,0,20.20,16,IDLE_SHRINK,0,0
2026-02-18T06:06:23.341Z,36,0,20.19,16,IDLE_SHRINK,0,0
2026-02-18T06:06:23.439Z,36,0,47.27,15,LAG_SHRINK,0,0
2026-02-18T06:06:23.539Z,35,0,50.00,14,LAG_SHRINK,1,0
2026-02-18T06:06:23.590Z,35,0,20.23,14,IDLE_SHRINK,0,0
2026-02-18T06:06:23.641Z,35,0,20.19,14,IDLE_SHRINK,0,0
2026-02-18T06:06:23.691Z,35,0,20.23,14,IDLE_SHRINK,0,0
2026-02-18T06:06:23.741Z,35,0,20.21,14,IDLE_SHRINK,0,0
2026-02-18T06:06:23.792Z,35,0,20.23,14,IDLE_SHRINK,0,0
2026-02-18T06:06:23.842Z,35,0,1.00,14,IDLE_SHRINK,0,0
2026-02-18T06:06:23.892Z,35,0,20.26,14,IDLE_SHRINK,0,0
2026-02-18T06:06:23.943Z,35,0,20.20,14,IDLE_SHRINK,0,0
2026-02-18T06:06:23.994Z,35,0,20.23,14,IDLE_SHRINK,0,0
2026-02-18T06:06:24.045Z,35,0,39.73,13,LAG_SHRINK,0,0
2026-02-18T06:06:24.095Z,35,0,20.31,13,IDLE_SHRINK,0,0
2026-02-18T06:06:24.146Z,35,0,1.00,13,IDLE_SHRINK,0,0
2026-02-18T06:06:24.197Z,35,0,20.26,13,IDLE_SHRINK,0,0
2026-02-18T06:06:24.247Z,35,0,0.00,13,IDLE_SHRINK,0,0
2026-02-18T06:06:24.297Z,35,0,20.44,13,IDLE_SHRINK,0,0
2026-02-18T06:06:24.347Z,35,0,0.00,13,IDLE_SHRINK,0,0
2026-02-18T06:06:24.398Z,35,0,20.50,13,IDLE_SHRINK,0,0
2026-02-18T06:06:24.448Z,35,0,0.00,13,IDLE_SHRINK,0,0
2026-02-18T06:06:24.498Z,35,0,20.34,13,IDLE_SHRINK,0,0
2026-02-18T06:06:24.548Z,35,0,37.73,12,LAG_SHRINK,0,0
2026-02-18T06:06:24.598Z,35,0,20.24,12,IDLE_SHRINK,0,0
2026-02-18T06:06:24.648Z,35,0,38.13,11,LAG_SHRINK,0,0
2026-02-18T06:06:24.739Z,35,0,20.32,11,IDLE_SHRINK,0,0
2026-02-18T06:06:24.789Z,35,0,20.34,11,IDLE_SHRINK,0,0
2026-02-18T06:06:24.839Z,35,0,38.03,10,LAG_SHRINK,0,0
2026-02-18T06:06:24.890Z,35,0,20.26,10,IDLE_SHRINK,0,0
2026-02-18T06:06:24.941Z,35,0,20.20,10,IDLE_SHRINK,0,0
2026-02-18T06:06:24.991Z,35,0,20.24,10,IDLE_SHRINK,0,0
2026-02-18T06:06:25.041Z,35,0,20.19,10,IDLE_SHRINK,0,0
2026-02-18T06:06:25.091Z,35,0,20.28,10,IDLE_SHRINK,0,0
2026-02-18T06:06:25.141Z,35,0,0.00,10,IDLE_SHRINK,0,0
2026-02-18T06:06:25.192Z,35,0,20.21,10,IDLE_SHRINK,0,0
2026-02-18T06:06:25.242Z,35,0,0.00,10,IDLE_SHRINK,0,0
2026-02-18T06:06:25.339Z,35,0,79.99,9,LAG_SHRINK,0,0
2026-02-18T06:06:25.389Z,35,0,20.34,9,IDLE_SHRINK,0,0
2026-02-18T06:06:25.439Z,35,0,38.72,8,LAG_SHRINK,0,0
2026-02-18T06:06:25.489Z,35,0,20.23,8,IDLE_SHRINK,0,0
2026-02-18T06:06:25.543Z,35,0,42.71,7,LAG_SHRINK,0,0
2026-02-18T06:06:25.641Z,35,0,48.00,6,LAG_SHRINK,0,0
2026-02-18T06:06:25.739Z,35,0,48.00,5,LAG_SHRINK,0,0
2026-02-18T06:06:25.840Z,35,0,20.19,5,IDLE_SHRINK,0,0
2026-02-18T06:06:25.939Z,35,0,49.06,5,LAG_SHRINK,0,0
2026-02-18T06:06:25.989Z,35,0,20.29,5,IDLE_SHRINK,0,0
2026-02-18T06:06:26.039Z,35,0,20.21,5,IDLE_SHRINK,0,0
2026-02-18T06:06:26.090Z,35,0,19.96,5,IDLE_SHRINK,0,0
2026-02-18T06:06:26.141Z,35,0,20.24,5,IDLE_SHRINK,0,0
2026-02-18T06:06:26.190Z,35,0,20.58,5,IDLE_SHRINK,0,0
2026-02-18T06:06:26.240Z,35,0,36.26,5,LAG_SHRINK,0,0
2026-02-18T06:06:26.291Z,35,0,20.23,5,IDLE_SHRINK,0,0
2026-02-18T06:06:26.341Z,35,0,0.00,5,IDLE_SHRINK,0,0
2026-02-18T06:06:26.391Z,35,0,20.24,5,IDLE_SHRINK,0,0
2026-02-18T06:06:26.441Z,35,0,0.00,5,IDLE_SHRINK,0,0
2026-02-18T06:06:26.539Z,35,0,48.00,5,LAG_SHRINK,0,0
2026-02-18T06:06:26.589Z,35,0,20.24,5,IDLE_SHRINK,0,0
2026-02-18T06:06:26.641Z,35,0,20.26,5,IDLE_SHRINK,0,0
2026-02-18T06:06:26.939Z,35,0,249.00,5,LAG_SHRINK,0,0
2026-02-18T06:06:27.039Z,35,0,100.04,5,LAG_SHRINK,0,0
2026-02-18T06:06:27.089Z,35,0,20.26,5,IDLE_SHRINK,0,0
2026-02-18T06:06:27.139Z,35,0,20.26,5,IDLE_SHRINK,0,0
2026-02-18T06:06:27.189Z,35,0,20.09,5,IDLE_SHRINK,0,0
2026-02-18T06:06:27.239Z,35,0,20.29,5,IDLE_SHRINK,0,0
2026-02-18T06:06:27.289Z,35,0,20.22,5,IDLE_SHRINK,0,0
2026-02-18T06:06:27.339Z,35,0,19.24,5,IDLE_SHRINK,0,0
2026-02-18T06:06:27.390Z,35,0,20.26,5,IDLE_SHRINK,0,0
2026-02-18T06:06:27.440Z,35,0,20.24,5,IDLE_SHRINK,0,0
2026-02-18T06:06:27.490Z,35,0,20.24,5,IDLE_SHRINK,0,0
2026-02-18T06:06:27.541Z,35,0,20.21,5,IDLE_SHRINK,0,0
2026-02-18T06:06:27.591Z,35,0,20.24,5,IDLE_SHRINK,0,0
2026-02-18T06:06:27.643Z,35,0,20.23,5,IDLE_SHRINK,0,0
2026-02-18T06:06:27.694Z,35,0,20.23,5,IDLE_SHRINK,0,0
2026-02-18T06:06:27.745Z,35,0,20.26,5,IDLE_SHRINK,0,0
2026-02-18T06:06:27.796Z,35,0,20.23,5,IDLE_SHRINK,0,0
2026-02-18T06:06:27.846Z,35,0,0.00,5,IDLE_SHRINK,0,0
2026-02-18T06:06:27.896Z,35,0,20.26,5,IDLE_SHRINK,0,0
2026-02-18T06:06:27.946Z,35,0,0.00,5,IDLE_SHRINK,0,0
2026-02-18T06:06:27.997Z,35,0,20.23,5,IDLE_SHRINK,0,0
2026-02-18T06:06:28.047Z,35,0,39.47,5,LAG_SHRINK,0,0
2026-02-18T06:06:28.098Z,35,0,20.24,5,IDLE_SHRINK,0,0
2026-02-18T06:06:28.148Z,35,0,1.00,5,IDLE_SHRINK,0,0
2026-02-18T06:06:28.199Z,35,0,20.24,5,IDLE_SHRINK,0,0
2026-02-18T06:06:28.249Z,35,0,20.20,5,IDLE_SHRINK,0,0
2026-02-18T06:06:28.300Z,35,0,20.24,5,IDLE_SHRINK,0,0
2026-02-18T06:06:28.350Z,35,0,20.22,5,IDLE_SHRINK,0,0
2026-02-18T06:06:28.401Z,35,0,20.21,5,IDLE_SHRINK,0,0
2026-02-18T06:06:28.452Z,35,0,20.18,5,IDLE_SHRINK,0,0
2026-02-18T06:06:28.539Z,35,0,37.00,5,LAG_SHRINK,0,0
2026-02-18T06:06:28.589Z,35,0,20.31,5,IDLE_SHRINK,0,0
2026-02-18T06:06:28.640Z,35,0,20.29,5,IDLE_SHRINK,0,0
2026-02-18T06:06:28.739Z,35,0,20.19,5,IDLE_SHRINK,0,0
2026-02-18T06:06:28.789Z,35,0,20.35,5,IDLE_SHRINK,0,0
2026-02-18T06:06:28.840Z,35,0,20.23,5,IDLE_SHRINK,0,0
2026-02-18T06:06:28.890Z,35,0,20.43,5,IDLE_SHRINK,0,0
2026-02-18T06:06:28.940Z,35,0,20.26,5,IDLE_SHRINK,0,0
2026-02-18T06:06:29.041Z,35,0,20.14,5,IDLE_SHRINK,0,0
2026-02-18T06:06:29.091Z,35,0,20.37,5,IDLE_SHRINK,0,0
2026-02-18T06:06:29.141Z,35,0,0.00,5,IDLE_SHRINK,0,0
2026-02-18T06:06:29.191Z,35,0,20.28,5,IDLE_SHRINK,0,0
2026-02-18T06:06:29.241Z,35,0,39.86,5,LAG_SHRINK,0,0
2026-02-18T06:06:29.291Z,35,0,20.26,5,IDLE_SHRINK,0,0
2026-02-18T06:06:29.341Z,35,0,0.00,5,IDLE_SHRINK,0,0
2026-02-18T06:06:29.391Z,35,0,20.23,5,IDLE_SHRINK,0,0
2026-02-18T06:06:29.442Z,34,0,20.26,5,IDLE_SHRINK,1,0
2026-02-18T06:06:29.492Z,34,0,19.87,5,IDLE_SHRINK,0,0
2026-02-18T06:06:29.542Z,34,0,20.23,5,IDLE_SHRINK,0,0
2026-02-18T06:06:29.593Z,34,0,20.37,5,IDLE_SHRINK,0,0
2026-02-18T06:06:29.643Z,34,0,20.21,5,IDLE_SHRINK,0,0
2026-02-18T06:06:29.694Z,34,0,19.87,5,IDLE_SHRINK,0,0
2026-02-18T06:06:29.745Z,34,0,38.19,5,LAG_SHRINK,0,0
2026-02-18T06:06:29.795Z,34,0,20.29,5,IDLE_SHRINK,0,0
2026-02-18T06:06:29.845Z,34,0,0.00,5,IDLE_SHRINK,0,0
2026-02-18T06:06:29.895Z,34,0,20.37,5,IDLE_SHRINK,0,0
2026-02-18T06:06:29.945Z,34,0,20.24,5,IDLE_SHRINK,0,0
2026-02-18T06:06:29.996Z,34,0,20.24,5,IDLE_SHRINK,0,0
2026-02-18T06:06:30.046Z,34,0,20.14,5,IDLE_SHRINK,0,0
2026-02-18T06:06:30.096Z,34,0,20.29,5,IDLE_SHRINK,0,0
2026-02-18T06:06:30.146Z,34,0,0.00,5,IDLE_SHRINK,0,0
2026-02-18T06:06:30.196Z,34,0,20.29,5,IDLE_SHRINK,0,0
2026-02-18T06:06:30.246Z,34,0,0.00,5,IDLE_SHRINK,0,0
2026-02-18T06:06:30.296Z,34,0,20.32,5,IDLE_SHRINK,0,0
2026-02-18T06:06:30.346Z,34,0,20.31,5,IDLE_SHRINK,0,0
2026-02-18T06:06:30.439Z,34,0,78.02,5,LAG_SHRINK,0,0
2026-02-18T06:06:30.489Z,34,0,20.52,5,IDLE_SHRINK,0,0
2026-02-18T06:06:30.539Z,34,0,20.21,5,IDLE_SHRINK,0,0
2026-02-18T06:06:30.590Z,34,0,20.02,5,IDLE_SHRINK,0,0
2026-02-18T06:06:30.642Z,34,0,2.00,5,IDLE_SHRINK,0,0
2026-02-18T06:06:30.692Z,34,0,20.59,5,IDLE_SHRINK,0,0
2026-02-18T06:06:30.742Z,34,0,20.31,5,IDLE_SHRINK,0,0
2026-02-18T06:06:30.793Z,34,0,20.57,5,IDLE_SHRINK,0,0
2026-02-18T06:06:30.843Z,34,0,20.34,5,IDLE_SHRINK,0,0
2026-02-18T06:06:30.892Z,34,0,20.54,5,IDLE_SHRINK,0,0
2026-02-18T06:06:30.942Z,34,0,20.44,5,IDLE_SHRINK,0,0
2026-02-18T06:06:30.993Z,34,0,20.60,5,IDLE_SHRINK,0,0
2026-02-18T06:06:31.044Z,34,0,20.36,5,IDLE_SHRINK,0,0
2026-02-18T06:06:31.139Z,34,0,46.38,5,LAG_SHRINK,0,0
2026-02-18T06:06:31.189Z,34,0,20.36,5,IDLE_SHRINK,0,0
2026-02-18T06:06:31.239Z,34,0,20.26,5,IDLE_SHRINK,0,0
2026-02-18T06:06:31.339Z,34,0,48.66,5,LAG_SHRINK,0,0
2026-02-18T06:06:31.390Z,34,0,20.41,5,IDLE_SHRINK,0,0
2026-02-18T06:06:31.440Z,34,0,20.29,5,IDLE_SHRINK,0,0
2026-02-18T06:06:31.491Z,34,0,19.86,5,IDLE_SHRINK,0,0
2026-02-18T06:06:31.541Z,34,0,0.00,5,IDLE_SHRINK,0,0
2026-02-18T06:06:31.639Z,34,0,48.00,5,LAG_SHRINK,0,0
2026-02-18T06:06:31.689Z,34,0,20.31,5,IDLE_SHRINK,0,0
2026-02-18T06:06:31.739Z,34,0,20.23,5,IDLE_SHRINK,0,0
2026-02-18T06:06:31.789Z,34,0,20.18,5,IDLE_SHRINK,0,0
2026-02-18T06:06:31.839Z,34,0,20.36,5,IDLE_SHRINK,0,0
2026-02-18T06:06:31.890Z,34,0,19.97,5,IDLE_SHRINK,0,0
2026-02-18T06:06:31.940Z,34,0,0.00,5,IDLE_SHRINK,0,0
2026-02-18T06:06:31.990Z,34,0,20.46,5,IDLE_SHRINK,0,0
2026-02-18T06:06:32.040Z,34,0,20.39,5,IDLE_SHRINK,0,0
2026-02-18T06:06:32.139Z,34,0,48.57,5,LAG_SHRINK,0,0
2026-02-18T06:06:32.189Z,34,0,20.34,5,IDLE_SHRINK,0,0
2026-02-18T06:06:32.239Z,34,0,38.06,5,LAG_SHRINK,0,0
2026-02-18T06:06:32.290Z,34,0,20.26,5,IDLE_SHRINK,0,0
2026-02-18T06:06:32.340Z,34,0,20.19,5,IDLE_SHRINK,0,0
2026-02-18T06:06:32.390Z,34,0,20.37,5,IDLE_SHRINK,0,0
2026-02-18T06:06:32.440Z,34,0,37.14,5,LAG_SHRINK,0,0
2026-02-18T06:06:32.490Z,34,0,20.31,5,IDLE_SHRINK,0,0
2026-02-18T06:06:32.540Z,34,0,20.23,5,IDLE_SHRINK,0,0
2026-02-18T06:06:32.639Z,34,0,49.00,5,LAG_SHRINK,0,0
2026-02-18T06:06:32.690Z,34,0,20.23,5,IDLE_SHRINK,0,0
2026-02-18T06:06:32.740Z,34,0,20.24,5,IDLE_SHRINK,0,0
2026-02-18T06:06:32.791Z,34,0,20.37,5,IDLE_SHRINK,0,0
2026-02-18T06:06:32.841Z,34,0,20.32,5,IDLE_SHRINK,0,0
2026-02-18T06:06:32.892Z,34,0,20.44,5,IDLE_SHRINK,0,0
2026-02-18T06:06:32.942Z,34,0,19.78,5,IDLE_SHRINK,0,0
2026-02-18T06:06:32.992Z,34,0,20.29,5,IDLE_SHRINK,0,0
2026-02-18T06:06:33.043Z,34,0,20.06,5,IDLE_SHRINK,0,0
2026-02-18T06:06:33.139Z,34,0,75.33,5,LAG_SHRINK,0,0
2026-02-18T06:06:33.240Z,34,0,20.41,5,IDLE_SHRINK,0,0
2026-02-18T06:06:33.291Z,34,0,19.94,5,IDLE_SHRINK,0,0
2026-02-18T06:06:33.341Z,34,0,0.00,5,IDLE_SHRINK,0,0
2026-02-18T06:06:33.439Z,34,0,20.46,5,IDLE_SHRINK,0,0
2026-02-18T06:06:33.490Z,34,0,20.35,5,IDLE_SHRINK,0,0
2026-02-18T06:06:33.540Z,34,0,20.19,5,IDLE_SHRINK,0,0
2026-02-18T06:06:33.639Z,34,0,50.00,5,LAG_SHRINK,0,0
2026-02-18T06:06:33.690Z,34,0,20.32,5,IDLE_SHRINK,0,0
2026-02-18T06:06:33.740Z,34,0,20.22,5,IDLE_SHRINK,0,0
2026-02-18T06:06:33.791Z,34,0,20.29,5,IDLE_SHRINK,0,0
2026-02-18T06:06:33.841Z,34,0,0.00,5,IDLE_SHRINK,0,0
2026-02-18T06:06:33.892Z,34,0,20.18,5,IDLE_SHRINK,0,0
2026-02-18T06:06:33.942Z,34,0,20.20,5,IDLE_SHRINK,0,0
2026-02-18T06:06:33.992Z,34,0,19.75,5,IDLE_SHRINK,0,0
2026-02-18T06:06:34.042Z,34,0,20.17,5,IDLE_SHRINK,0,0
2026-02-18T06:06:34.139Z,34,0,77.37,5,LAG_SHRINK,0,0
2026-02-18T06:06:34.239Z,34,0,20.19,5,IDLE_SHRINK,0,0
2026-02-18T06:06:34.289Z,34,0,20.37,5,IDLE_SHRINK,0,0
2026-02-18T06:06:34.339Z,34,0,37.99,5,LAG_SHRINK,0,0
2026-02-18T06:06:34.389Z,34,0,20.68,5,IDLE_SHRINK,0,0
2026-02-18T06:06:34.439Z,34,0,20.19,5,IDLE_SHRINK,0,0
2026-02-18T06:06:34.490Z,34,0,20.33,5,IDLE_SHRINK,0,0
2026-02-18T06:06:34.540Z,34,0,20.80,5,IDLE_SHRINK,0,0
2026-02-18T06:06:34.590Z,34,0,19.84,5,IDLE_SHRINK,0,0
2026-02-18T06:06:34.641Z,34,0,20.24,5,IDLE_SHRINK,0,0
2026-02-18T06:06:34.691Z,34,0,20.38,5,IDLE_SHRINK,0,0
2026-02-18T06:06:34.741Z,34,0,20.28,5,IDLE_SHRINK,0,0
2026-02-18T06:06:34.791Z,34,0,20.27,5,IDLE_SHRINK,0,0
2026-02-18T06:06:34.841Z,34,0,20.21,5,IDLE_SHRINK,0,0
2026-02-18T06:06:34.891Z,34,0,20.31,5,IDLE_SHRINK,0,0
2026-02-18T06:06:34.941Z,34,0,20.36,5,IDLE_SHRINK,0,0
2026-02-18T06:06:35.039Z,34,0,46.00,5,LAG_SHRINK,0,0
2026-02-18T06:06:35.089Z,34,0,20.46,5,IDLE_SHRINK,0,0
2026-02-18T06:06:35.140Z,34,0,20.32,5,IDLE_SHRINK,0,0
2026-02-18T06:06:35.189Z,34,0,20.55,5,IDLE_SHRINK,0,0
2026-02-18T06:06:35.239Z,34,0,35.86,5,LAG_SHRINK,0,0
2026-02-18T06:06:35.289Z,34,0,20.19,5,IDLE_SHRINK,0,0
2026-02-18T06:06:35.339Z,34,0,0.00,5,IDLE_SHRINK,0,0
2026-02-18T06:06:35.390Z,34,0,20.37,5,IDLE_SHRINK,0,0
2026-02-18T06:06:35.440Z,34,0,20.24,5,IDLE_SHRINK,0,0
2026-02-18T06:06:35.490Z,34,0,20.28,5,IDLE_SHRINK,0,0
2026-02-18T06:06:35.542Z,34,0,1.00,5,IDLE_SHRINK,0,0
2026-02-18T06:06:35.639Z,34,0,48.00,5,LAG_SHRINK,0,0
2026-02-18T06:06:35.738Z,34,0,49.00,5,LAG_SHRINK,0,0
2026-02-18T06:06:35.839Z,34,0,51.00,5,LAG_SHRINK,0,0
2026-02-18T06:06:35.890Z,34,0,20.41,5,IDLE_SHRINK,0,0
2026-02-18T06:06:35.940Z,34,0,39.80,5,LAG_SHRINK,0,0
2026-02-18T06:06:35.991Z,34,0,20.28,5,IDLE_SHRINK,0,0
2026-02-18T06:06:36.040Z,34,0,0.00,5,IDLE_SHRINK,0,0
2026-02-18T06:06:36.090Z,34,0,20.26,5,IDLE_SHRINK,0,0
2026-02-18T06:06:36.140Z,34,0,20.29,5,IDLE_SHRINK,0,0
2026-02-18T06:06:36.190Z,34,0,20.29,5,IDLE_SHRINK,0,0
2026-02-18T06:06:36.240Z,34,0,0.00,5,IDLE_SHRINK,0,0
2026-02-18T06:06:36.290Z,34,0,20.26,5,IDLE_SHRINK,0,0
2026-02-18T06:06:36.340Z,34,0,35.11,5,LAG_SHRINK,0,0
2026-02-18T06:06:36.390Z,34,0,19.91,5,IDLE_SHRINK,0,0
2026-02-18T06:06:36.440Z,34,0,0.00,5,IDLE_SHRINK,0,0
2026-02-18T06:06:36.490Z,34,0,19.75,5,IDLE_SHRINK,0,0
2026-02-18T06:06:36.540Z,34,0,20.24,5,IDLE_SHRINK,0,0
2026-02-18T06:06:36.639Z,34,0,98.60,5,LAG_SHRINK,0,0
2026-02-18T06:06:36.690Z,34,0,20.29,5,IDLE_SHRINK,0,0
2026-02-18T06:06:36.741Z,34,0,20.32,5,IDLE_SHRINK,0,0
2026-02-18T06:06:36.791Z,34,0,20.39,5,IDLE_SHRINK,0,0
2026-02-18T06:06:36.841Z,34,0,20.19,5,IDLE_SHRINK,0,0
2026-02-18T06:06:36.939Z,34,0,20.29,5,IDLE_SHRINK,0,0
2026-02-18T06:06:36.989Z,34,0,19.85,5,IDLE_SHRINK,0,0
2026-02-18T06:06:37.039Z,34,0,20.18,5,IDLE_SHRINK,0,0
2026-02-18T06:06:37.089Z,34,0,19.92,5,IDLE_SHRINK,0,0
2026-02-18T06:06:37.139Z,34,0,20.41,5,IDLE_SHRINK,0,0
2026-02-18T06:06:37.189Z,34,0,20.62,5,IDLE_SHRINK,0,0
2026-02-18T06:06:37.239Z,34,0,0.00,5,IDLE_SHRINK,0,0
2026-02-18T06:06:37.290Z,34,0,20.16,5,IDLE_SHRINK,0,0
2026-02-18T06:06:37.340Z,34,0,0.00,5,IDLE_SHRINK,0,0
2026-02-18T06:06:37.439Z,34,0,20.29,5,IDLE_SHRINK,0,0
2026-02-18T06:06:37.489Z,34,0,20.38,5,IDLE_SHRINK,0,0
2026-02-18T06:06:37.539Z,34,0,20.26,5,IDLE_SHRINK,0,0
2026-02-18T06:06:37.589Z,34,0,19.91,5,IDLE_SHRINK,0,0
2026-02-18T06:06:37.639Z,34,0,20.23,5,IDLE_SHRINK,0,0
2026-02-18T06:06:37.690Z,34,0,20.00,5,IDLE_SHRINK,0,0
2026-02-18T06:06:37.740Z,34,0,0.00,5,IDLE_SHRINK,0,0
2026-02-18T06:06:37.791Z,34,0,20.26,5,IDLE_SHRINK,0,0
2026-02-18T06:06:37.841Z,34,0,20.14,5,IDLE_SHRINK,0,0
2026-02-18T06:06:37.891Z,34,0,20.28,5,IDLE_SHRINK,0,0
2026-02-18T06:06:37.942Z,34,0,20.24,5,IDLE_SHRINK,0,0
2026-02-18T06:06:38.039Z,34,0,48.61,5,LAG_SHRINK,0,0
2026-02-18T06:06:38.140Z,34,0,51.00,5,LAG_SHRINK,0,0
2026-02-18T06:06:38.239Z,34,0,49.00,5,LAG_SHRINK,0,0
2026-02-18T06:06:38.290Z,34,0,20.22,5,IDLE_SHRINK,0,0
2026-02-18T06:06:38.341Z,34,0,20.26,5,IDLE_SHRINK,0,0
2026-02-18T06:06:38.439Z,34,0,78.61,5,LAG_SHRINK,0,0
2026-02-18T06:06:38.489Z,34,0,20.34,5,IDLE_SHRINK,0,0
2026-02-18T06:06:38.539Z,34,0,0.00,5,IDLE_SHRINK,0,0
2026-02-18T06:06:38.589Z,34,0,20.36,5,IDLE_SHRINK,0,0
2026-02-18T06:06:38.639Z,34,0,20.29,5,IDLE_SHRINK,0,0
2026-02-18T06:06:38.689Z,34,0,20.23,5,IDLE_SHRINK,0,0
2026-02-18T06:06:38.739Z,34,0,20.29,5,IDLE_SHRINK,0,0
2026-02-18T06:06:38.839Z,34,0,47.76,5,LAG_SHRINK,0,0
2026-02-18T06:06:38.889Z,34,0,20.23,5,IDLE_SHRINK,0,0
2026-02-18T06:06:38.939Z,34,0,20.31,5,IDLE_SHRINK,0,0
2026-02-18T06:06:38.989Z,34,0,20.23,5,IDLE_SHRINK,0,0
2026-02-18T06:06:39.039Z,34,0,20.14,5,IDLE_SHRINK,0,0
2026-02-18T06:06:39.090Z,34,0,20.29,5,IDLE_SHRINK,0,0
2026-02-18T06:06:39.140Z,34,0,20.28,5,IDLE_SHRINK,0,0
2026-02-18T06:06:39.190Z,34,0,20.61,5,IDLE_SHRINK,0,0
2026-02-18T06:06:39.240Z,34,0,20.24,5,IDLE_SHRINK,0,0
2026-02-18T06:06:39.290Z,34,0,20.08,5,IDLE_SHRINK,0,0
2026-02-18T06:06:39.340Z,34,0,0.00,5,IDLE_SHRINK,0,0
2026-02-18T06:06:39.390Z,34,0,20.23,5,IDLE_SHRINK,0,0
2026-02-18T06:06:39.440Z,34,0,20.32,5,IDLE_SHRINK,0,0
2026-02-18T06:06:39.490Z,34,0,19.94,5,IDLE_SHRINK,0,0
2026-02-18T06:06:39.540Z,34,0,20.29,5,IDLE_SHRINK,0,0
2026-02-18T06:06:39.639Z,34,0,48.55,5,LAG_SHRINK,0,0
2026-02-18T06:06:39.689Z,34,0,20.24,5,IDLE_SHRINK,0,0
2026-02-18T06:06:39.739Z,34,0,20.23,5,IDLE_SHRINK,0,0
2026-02-18T06:06:39.789Z,34,0,19.92,5,IDLE_SHRINK,0,0
2026-02-18T06:06:39.839Z,34,0,20.23,5,IDLE_SHRINK,0,0
2026-02-18T06:06:39.890Z,34,0,20.37,5,IDLE_SHRINK,0,0
2026-02-18T06:06:39.940Z,34,0,0.00,5,IDLE_SHRINK,0,0
2026-02-18T06:06:39.991Z,34,0,20.41,5,IDLE_SHRINK,0,0
2026-02-18T06:06:40.041Z,34,0,20.18,5,IDLE_SHRINK,0,0
2026-02-18T06:06:40.139Z,34,0,20.21,5,IDLE_SHRINK,0,0
2026-02-18T06:06:40.189Z,34,0,20.55,5,IDLE_SHRINK,0,0
2026-02-18T06:06:40.239Z,34,0,20.24,5,IDLE_SHRINK,0,0
2026-02-18T06:06:40.289Z,34,0,19.82,5,IDLE_SHRINK,0,0
2026-02-18T06:06:40.339Z,34,0,20.24,5,IDLE_SHRINK,0,0
2026-02-18T06:06:40.390Z,34,0,20.33,5,IDLE_SHRINK,0,0
2026-02-18T06:06:40.439Z,34,0,20.16,5,IDLE_SHRINK,0,0
2026-02-18T06:06:40.489Z,34,0,19.82,5,IDLE_SHRINK,0,0
2026-02-18T06:06:40.539Z,34,0,20.19,5,IDLE_SHRINK,0,0
2026-02-18T06:06:40.589Z,34,0,19.90,5,IDLE_SHRINK,0,0
2026-02-18T06:06:40.639Z,34,0,20.26,5,IDLE_SHRINK,0,0
2026-02-18T06:06:40.689Z,34,0,20.30,5,IDLE_SHRINK,0,0
2026-02-18T06:06:40.739Z,34,0,20.31,5,IDLE_SHRINK,0,0
2026-02-18T06:06:40.789Z,34,0,20.51,5,IDLE_SHRINK,0,0
2026-02-18T06:06:40.839Z,34,0,20.36,5,IDLE_SHRINK,0,0
2026-02-18T06:06:40.889Z,34,0,19.70,5,IDLE_SHRINK,0,0
2026-02-18T06:06:40.939Z,34,0,20.28,5,IDLE_SHRINK,0,0
2026-02-18T06:06:40.989Z,34,0,19.52,5,IDLE_SHRINK,0,0
2026-02-18T06:06:41.039Z,34,0,0.00,5,IDLE_SHRINK,0,0
2026-02-18T06:06:41.089Z,34,0,20.28,5,IDLE_SHRINK,0,0
2026-02-18T06:06:41.139Z,34,0,20.26,5,IDLE_SHRINK,0,0
2026-02-18T06:06:41.238Z,34,0,48.47,5,LAG_SHRINK,0,0
2026-02-18T06:06:41.289Z,34,0,20.24,5,IDLE_SHRINK,0,0
2026-02-18T06:06:41.339Z,34,0,0.00,5,IDLE_SHRINK,0,0
2026-02-18T06:06:41.390Z,34,0,20.39,5,IDLE_SHRINK,0,0
2026-02-18T06:06:41.440Z,34,0,1.00,5,IDLE_SHRINK,0,0
2026-02-18T06:06:41.490Z,34,0,20.44,5,IDLE_SHRINK,0,0
2026-02-18T06:06:41.540Z,34,0,20.42,5,IDLE_SHRINK,0,0
2026-02-18T06:06:41.590Z,34,0,20.39,5,IDLE_SHRINK,0,0
2026-02-18T06:06:41.640Z,34,0,20.29,5,IDLE_SHRINK,0,0
2026-02-18T06:06:41.690Z,34,0,19.91,5,IDLE_SHRINK,0,0
2026-02-18T06:06:41.740Z,34,0,20.28,5,IDLE_SHRINK,0,0
2026-02-18T06:06:41.790Z,34,0,20.47,5,IDLE_SHRINK,0,0
2026-02-18T06:06:41.840Z,34,0,0.00,5,IDLE_SHRINK,0,0
2026-02-18T06:06:41.939Z,34,0,20.46,5,IDLE_SHRINK,0,0
2026-02-18T06:06:41.989Z,34,0,20.04,5,IDLE_SHRINK,0,0
2026-02-18T06:06:42.039Z,34,0,20.11,5,IDLE_SHRINK,0,0
2026-02-18T06:06:42.089Z,34,0,20.61,5,IDLE_SHRINK,0,0
2026-02-18T06:06:42.140Z,34,0,20.26,5,IDLE_SHRINK,0,0
2026-02-18T06:06:42.190Z,34,0,20.29,5,IDLE_SHRINK,0,0
2026-02-18T06:06:42.240Z,34,0,20.42,5,IDLE_SHRINK,0,0
2026-02-18T06:06:42.291Z,34,0,20.72,5,IDLE_SHRINK,0,0
2026-02-18T06:06:42.341Z,34,0,20.37,5,IDLE_SHRINK,0,0
2026-02-18T06:06:42.391Z,34,0,20.60,5,IDLE_SHRINK,0,0
2026-02-18T06:06:42.442Z,34,0,20.39,5,IDLE_SHRINK,0,0
2026-02-18T06:06:42.492Z,34,0,20.50,5,IDLE_SHRINK,0,0
2026-02-18T06:06:42.542Z,34,0,20.37,5,IDLE_SHRINK,0,0
2026-02-18T06:06:42.593Z,34,0,20.67,5,IDLE_SHRINK,0,0
2026-02-18T06:06:42.643Z,34,0,20.22,5,IDLE_SHRINK,0,0
2026-02-18T06:06:42.694Z,34,0,20.28,5,IDLE_SHRINK,0,0
2026-02-18T06:06:42.744Z,34,0,20.23,5,IDLE_SHRINK,0,0
2026-02-18T06:06:42.794Z,34,0,20.28,5,IDLE_SHRINK,0,0
2026-02-18T06:06:42.845Z,34,0,19.83,5,IDLE_SHRINK,0,0
2026-02-18T06:06:42.895Z,34,0,20.57,5,IDLE_SHRINK,0,0
2026-02-18T06:06:42.945Z,34,0,20.35,5,IDLE_SHRINK,0,0
2026-02-18T06:06:42.995Z,34,0,20.42,5,IDLE_SHRINK,0,0
2026-02-18T06:06:43.045Z,34,0,20.40,5,IDLE_SHRINK,0,0
2026-02-18T06:06:43.095Z,34,0,20.19,5,IDLE_SHRINK,0,0
2026-02-18T06:06:43.146Z,34,0,20.36,5,IDLE_SHRINK,0,0
2026-02-18T06:06:43.196Z,34,0,20.14,5,IDLE_SHRINK,0,0
2026-02-18T06:06:43.246Z,34,0,20.12,5,IDLE_SHRINK,0,0
2026-02-18T06:06:43.296Z,34,0,20.28,5,IDLE_SHRINK,0,0
2026-02-18T06:06:43.347Z,34,0,20.18,5,IDLE_SHRINK,0,0
2026-02-18T06:06:43.397Z,34,0,20.36,5,IDLE_SHRINK,0,0
2026-02-18T06:06:43.447Z,34,0,20.15,5,IDLE_SHRINK,0,0
2026-02-18T06:06:43.498Z,34,0,20.18,5,IDLE_SHRINK,0,0
2026-02-18T06:06:43.548Z,34,0,20.37,5,IDLE_SHRINK,0,0
2026-02-18T06:06:43.598Z,34,0,20.42,5,IDLE_SHRINK,0,0
2026-02-18T06:06:43.648Z,34,0,20.30,5,IDLE_SHRINK,0,0
2026-02-18T06:06:43.698Z,34,0,20.36,5,IDLE_SHRINK,0,0
2026-02-18T06:06:43.749Z,34,0,20.39,5,IDLE_SHRINK,0,0
2026-02-18T06:06:43.799Z,34,0,20.29,5,IDLE_SHRINK,0,0
2026-02-18T06:06:43.849Z,34,0,20.26,5,IDLE_SHRINK,0,0
2026-02-18T06:06:43.899Z,34,0,20.19,5,IDLE_SHRINK,0,0
2026-02-18T06:06:43.949Z,34,0,20.52,5,IDLE_SHRINK,0,0
2026-02-18T06:06:43.999Z,34,0,20.58,5,IDLE_SHRINK,0,0
2026-02-18T06:06:44.049Z,34,0,20.18,5,IDLE_SHRINK,0,0
2026-02-18T06:06:44.097Z,34,0,20.55,5,IDLE_SHRINK,0,0
2026-02-18T06:06:44.146Z,34,0,20.44,5,IDLE_SHRINK,0,0
2026-02-18T06:06:44.197Z,34,0,20.43,5,IDLE_SHRINK,0,0
2026-02-18T06:06:44.247Z,34,0,20.52,5,IDLE_SHRINK,0,0
2026-02-18T06:06:44.297Z,34,0,20.34,5,IDLE_SHRINK,0,0
2026-02-18T06:06:44.347Z,34,0,19.91,5,IDLE_SHRINK,0,0
2026-02-18T06:06:44.398Z,34,0,20.44,5,IDLE_SHRINK,0,0
2026-02-18T06:06:44.448Z,34,0,19.86,5,IDLE_SHRINK,0,0
2026-02-18T06:06:44.499Z,34,0,20.49,5,IDLE_SHRINK,0,0
2026-02-18T06:06:44.550Z,34,0,20.47,5,IDLE_SHRINK,0,0
2026-02-18T06:06:44.601Z,34,0,20.39,5,IDLE_SHRINK,0,0
2026-02-18T06:06:44.650Z,34,0,20.23,5,IDLE_SHRINK,0,0
2026-02-18T06:06:44.701Z,34,0,20.31,5,IDLE_SHRINK,0,0
2026-02-18T06:06:44.751Z,34,0,20.39,5,IDLE_SHRINK,0,0
2026-02-18T06:06:44.802Z,34,0,20.37,5,IDLE_SHRINK,0,0
2026-02-18T06:06:44.853Z,34,0,20.36,5,IDLE_SHRINK,0,0
2026-02-18T06:06:44.903Z,34,0,20.41,5,IDLE_SHRINK,0,0
2026-02-18T06:06:44.954Z,34,0,20.47,5,IDLE_SHRINK,0,0
2026-02-18T06:06:45.005Z,34,0,20.21,5,IDLE_SHRINK,0,0
2026-02-18T06:06:45.055Z,34,0,20.21,5,IDLE_SHRINK,0,0
2026-02-18T06:06:45.106Z,34,0,20.21,5,IDLE_SHRINK,0,0
2026-02-18T06:06:45.156Z,34,0,19.99,5,IDLE_SHRINK,0,0
2026-02-18T06:06:45.206Z,34,0,20.16,5,IDLE_SHRINK,0,0
2026-02-18T06:06:45.257Z,34,0,20.17,5,IDLE_SHRINK,0,0
2026-02-18T06:06:45.308Z,34,0,20.16,5,IDLE_SHRINK,0,0
2026-02-18T06:06:45.358Z,34,0,19.65,5,IDLE_SHRINK,0,0
2026-02-18T06:06:45.408Z,34,0,20.18,5,IDLE_SHRINK,0,0
2026-02-18T06:06:45.457Z,34,0,20.18,5,IDLE_SHRINK,0,0
2026-02-18T06:06:45.508Z,34,0,20.18,5,IDLE_SHRINK,0,0
2026-02-18T06:06:45.557Z,34,0,20.29,5,IDLE_SHRINK,0,0
2026-02-18T06:06:45.608Z,34,0,20.18,5,IDLE_SHRINK,0,0
2026-02-18T06:06:45.659Z,34,0,20.22,5,IDLE_SHRINK,0,0
2026-02-18T06:06:45.708Z,34,0,20.23,5,IDLE_SHRINK,0,0
2026-02-18T06:06:45.758Z,34,0,20.16,5,IDLE_SHRINK,0,0
2026-02-18T06:06:45.809Z,34,0,20.26,5,IDLE_SHRINK,0,0
2026-02-18T06:06:45.860Z,34,0,20.37,5,IDLE_SHRINK,0,0
2026-02-18T06:06:45.910Z,34,0,20.44,5,IDLE_SHRINK,0,0
2026-02-18T06:06:45.960Z,34,0,20.30,5,IDLE_SHRINK,0,0
2026-02-18T06:06:46.010Z,34,0,20.34,5,IDLE_SHRINK,0,0
2026-02-18T06:06:46.061Z,34,0,20.22,5,IDLE_SHRINK,0,0
2026-02-18T06:06:46.111Z,34,0,20.14,5,IDLE_SHRINK,0,0
2026-02-18T06:06:46.161Z,34,0,20.24,5,IDLE_SHRINK,0,0
2026-02-18T06:06:46.212Z,34,0,20.19,5,IDLE_SHRINK,0,0
2026-02-18T06:06:46.263Z,34,0,20.38,5,IDLE_SHRINK,0,0
2026-02-18T06:06:46.314Z,34,0,20.29,5,IDLE_SHRINK,0,0
2026-02-18T06:06:46.363Z,34,0,20.33,5,IDLE_SHRINK,0,0
2026-02-18T06:06:46.414Z,34,0,20.37,5,IDLE_SHRINK,0,0
2026-02-18T06:06:46.464Z,34,0,20.31,5,IDLE_SHRINK,0,0
2026-02-18T06:06:46.514Z,34,0,20.49,5,IDLE_SHRINK,0,0
2026-02-18T06:06:46.564Z,34,0,20.33,5,IDLE_SHRINK,0,0
2026-02-18T06:06:46.613Z,34,0,20.28,5,IDLE_SHRINK,0,0
2026-02-18T06:06:46.663Z,34,0,20.18,5,IDLE_SHRINK,0,0
2026-02-18T06:06:46.714Z,34,0,20.32,5,IDLE_SHRINK,0,0
2026-02-18T06:06:46.765Z,34,0,20.27,5,IDLE_SHRINK,0,0
2026-02-18T06:06:46.816Z,34,0,20.37,5,IDLE_SHRINK,0,0
2026-02-18T06:06:46.866Z,34,0,20.58,5,IDLE_SHRINK,0,0
2026-02-18T06:06:46.917Z,34,0,20.32,5,IDLE_SHRINK,0,0
2026-02-18T06:06:46.967Z,34,0,20.19,5,IDLE_SHRINK,0,0
2026-02-18T06:06:47.018Z,34,0,20.21,5,IDLE_SHRINK,0,0
2026-02-18T06:06:47.068Z,34,0,20.16,5,IDLE_SHRINK,0,0
2026-02-18T06:06:47.118Z,34,0,20.21,5,IDLE_SHRINK,0,0
2026-02-18T06:06:47.167Z,34,0,20.11,5,IDLE_SHRINK,0,0
2026-02-18T06:06:47.218Z,34,0,20.27,5,IDLE_SHRINK,0,0
2026-02-18T06:06:47.268Z,34,0,20.24,5,IDLE_SHRINK,0,0
2026-02-18T06:06:47.318Z,34,0,20.25,5,IDLE_SHRINK,0,0
2026-02-18T06:06:47.368Z,34,0,20.31,5,IDLE_SHRINK,0,0
2026-02-18T06:06:47.419Z,34,0,20.29,5,IDLE_SHRINK,0,0
2026-02-18T06:06:47.468Z,34,0,20.21,5,IDLE_SHRINK,0,0
2026-02-18T06:06:47.518Z,34,0,20.32,5,IDLE_SHRINK,0,0
2026-02-18T06:06:47.568Z,34,0,20.19,5,IDLE_SHRINK,0,0
2026-02-18T06:06:47.618Z,34,0,20.28,5,IDLE_SHRINK,0,0
2026-02-18T06:06:47.668Z,34,0,20.29,5,IDLE_SHRINK,0,0
2026-02-18T06:06:47.718Z,34,0,20.28,5,IDLE_SHRINK,0,0
2026-02-18T06:06:47.769Z,34,0,20.42,5,IDLE_SHRINK,0,0
2026-02-18T06:06:47.819Z,34,0,20.28,5,IDLE_SHRINK,0,0
2026-02-18T06:06:47.869Z,34,0,20.23,5,IDLE_SHRINK,0,0
2026-02-18T06:06:47.919Z,34,0,20.32,5,IDLE_SHRINK,0,0
2026-02-18T06:06:47.970Z,34,0,20.32,5,IDLE_SHRINK,0,0
2026-02-18T06:06:48.020Z,34,0,20.26,5,IDLE_SHRINK,0,0
2026-02-18T06:06:48.069Z,34,0,20.59,5,IDLE_SHRINK,0,0
2026-02-18T06:06:48.119Z,34,0,20.32,5,IDLE_SHRINK,0,0
2026-02-18T06:06:48.169Z,34,0,20.21,5,IDLE_SHRINK,0,0
2026-02-18T06:06:48.220Z,34,0,20.47,5,IDLE_SHRINK,0,0
2026-02-18T06:06:48.270Z,34,0,20.08,5,IDLE_SHRINK,0,0
2026-02-18T06:06:48.320Z,34,0,20.34,5,IDLE_SHRINK,0,0
2026-02-18T06:06:48.371Z,34,0,19.87,5,IDLE_SHRINK,0,0
2026-02-18T06:06:48.421Z,34,0,20.36,5,IDLE_SHRINK,0,0
2026-02-18T06:06:48.471Z,34,0,20.43,5,IDLE_SHRINK,0,0
2026-02-18T06:06:48.521Z,34,0,20.19,5,IDLE_SHRINK,0,0
2026-02-18T06:06:48.572Z,34,0,19.97,5,IDLE_SHRINK,0,0
2026-02-18T06:06:48.622Z,34,0,20.29,5,IDLE_SHRINK,0,0
2026-02-18T06:06:48.672Z,34,0,20.54,5,IDLE_SHRINK,0,0
2026-02-18T06:06:48.723Z,34,0,20.32,5,IDLE_SHRINK,0,0
2026-02-18T06:06:48.774Z,34,0,20.81,5,IDLE_SHRINK,0,0
2026-02-18T06:06:48.825Z,34,0,20.16,5,IDLE_SHRINK,0,0
2026-02-18T06:06:48.875Z,34,0,19.91,5,IDLE_SHRINK,0,0
2026-02-18T06:06:48.926Z,34,0,20.24,5,IDLE_SHRINK,0,0
2026-02-18T06:06:48.977Z,34,0,19.83,5,IDLE_SHRINK,0,0
2026-02-18T06:06:49.026Z,34,0,20.18,5,IDLE_SHRINK,0,0
2026-02-18T06:06:49.076Z,34,0,20.32,5,IDLE_SHRINK,0,0
2026-02-18T06:06:49.127Z,34,0,20.16,5,IDLE_SHRINK,0,0
2026-02-18T06:06:49.176Z,34,0,20.70,5,IDLE_SHRINK,0,0
2026-02-18T06:06:49.227Z,34,0,20.23,5,IDLE_SHRINK,0,0
2026-02-18T06:06:49.279Z,34,0,20.45,5,IDLE_SHRINK,0,0
2026-02-18T06:06:49.328Z,34,0,20.18,5,IDLE_SHRINK,0,0
2026-02-18T06:06:49.379Z,34,0,20.21,5,IDLE_SHRINK,0,0
2026-02-18T06:06:49.429Z,34,0,20.20,5,IDLE_SHRINK,0,0
2026-02-18T06:06:49.479Z,34,0,20.24,5,IDLE_SHRINK,0,0
2026-02-18T06:06:49.529Z,34,0,20.21,5,IDLE_SHRINK,0,0
2026-02-18T06:06:49.579Z,34,0,20.24,5,IDLE_SHRINK,0,0
2026-02-18T06:06:49.629Z,34,0,20.25,5,IDLE_SHRINK,0,0
2026-02-18T06:06:49.680Z,34,0,20.16,5,IDLE_SHRINK,0,0
2026-02-18T06:06:49.731Z,34,0,20.14,5,IDLE_SHRINK,0,0
2026-02-18T06:06:49.782Z,34,0,20.24,5,IDLE_SHRINK,0,0
2026-02-18T06:06:49.833Z,34,0,20.16,5,IDLE_SHRINK,0,0
2026-02-18T06:06:49.883Z,34,0,20.21,5,IDLE_SHRINK,0,0
2026-02-18T06:06:49.934Z,34,0,20.28,5,IDLE_SHRINK,0,0
2026-02-18T06:06:49.984Z,34,0,20.32,5,IDLE_SHRINK,0,0
2026-02-18T06:06:50.035Z,34,0,20.16,5,IDLE_SHRINK,0,0
2026-02-18T06:06:50.085Z,34,0,20.18,5,IDLE_SHRINK,0,0
2026-02-18T06:06:50.135Z,34,0,20.27,5,IDLE_SHRINK,0,0
2026-02-18T06:06:50.184Z,34,0,20.24,5,IDLE_SHRINK,0,0
2026-02-18T06:06:50.235Z,34,0,20.37,5,IDLE_SHRINK,0,0
2026-02-18T06:06:50.286Z,34,0,20.57,5,IDLE_SHRINK,0,0
2026-02-18T06:06:50.336Z,34,0,20.43,5,IDLE_SHRINK,0,0
2026-02-18T06:06:50.386Z,34,0,20.39,5,IDLE_SHRINK,0,0
2026-02-18T06:06:50.436Z,34,0,20.32,5,IDLE_SHRINK,0,0
2026-02-18T06:06:50.486Z,34,0,20.32,5,IDLE_SHRINK,0,0
2026-02-18T06:06:50.536Z,34,0,20.16,5,IDLE_SHRINK,0,0
2026-02-18T06:06:50.587Z,34,0,20.28,5,IDLE_SHRINK,0,0
2026-02-18T06:06:50.637Z,34,0,20.23,5,IDLE_SHRINK,0,0
2026-02-18T06:06:50.687Z,34,0,20.14,5,IDLE_SHRINK,0,0
2026-02-18T06:06:50.736Z,34,0,20.14,5,IDLE_SHRINK,0,0
2026-02-18T06:06:50.786Z,34,0,20.28,5,IDLE_SHRINK,0,0
2026-02-18T06:06:50.836Z,34,0,20.19,5,IDLE_SHRINK,0,0
2026-02-18T06:06:50.887Z,34,0,20.14,5,IDLE_SHRINK,0,0
2026-02-18T06:06:50.938Z,34,0,20.17,5,IDLE_SHRINK,0,0
2026-02-18T06:06:50.988Z,34,0,20.19,5,IDLE_SHRINK,0,0
2026-02-18T06:06:51.037Z,34,0,20.14,5,IDLE_SHRINK,0,0
2026-02-18T06:06:51.087Z,34,0,20.27,5,IDLE_SHRINK,0,0
2026-02-18T06:06:51.138Z,34,0,20.18,5,IDLE_SHRINK,0,0
2026-02-18T06:06:51.188Z,34,0,20.65,5,IDLE_SHRINK,0,0
2026-02-18T06:06:51.237Z,34,0,20.21,5,IDLE_SHRINK,0,0
2026-02-18T06:06:51.287Z,34,0,19.78,5,IDLE_SHRINK,0,0
2026-02-18T06:06:51.337Z,34,0,20.18,5,IDLE_SHRINK,0,0
2026-02-18T06:06:51.387Z,34,0,19.73,5,IDLE_SHRINK,0,0
2026-02-18T06:06:51.438Z,34,0,20.18,5,IDLE_SHRINK,0,0
2026-02-18T06:06:51.488Z,34,0,20.34,5,IDLE_SHRINK,0,0
2026-02-18T06:06:51.539Z,34,0,20.19,5,IDLE_SHRINK,0,0
2026-02-18T06:06:51.588Z,34,0,20.54,5,IDLE_SHRINK,0,0
2026-02-18T06:06:51.638Z,34,0,20.28,5,IDLE_SHRINK,0,0
2026-02-18T06:06:51.689Z,34,0,19.94,5,IDLE_SHRINK,0,0
2026-02-18T06:06:51.738Z,34,0,20.16,5,IDLE_SHRINK,0,0
2026-02-18T06:06:51.789Z,34,0,19.81,5,IDLE_SHRINK,0,0
2026-02-18T06:06:51.838Z,34,0,20.24,5,IDLE_SHRINK,0,0
2026-02-18T06:06:51.888Z,34,0,20.42,5,IDLE_SHRINK,0,0
2026-02-18T06:06:51.939Z,34,0,20.23,5,IDLE_SHRINK,0,0
2026-02-18T06:06:51.990Z,34,0,19.94,5,IDLE_SHRINK,0,0
2026-02-18T06:06:52.040Z,34,0,20.34,5,IDLE_SHRINK,0,0
2026-02-18T06:06:52.090Z,34,0,20.34,5,IDLE_SHRINK,0,0
2026-02-18T06:06:52.141Z,34,0,20.18,5,IDLE_SHRINK,0,0
2026-02-18T06:06:52.191Z,34,0,20.27,5,IDLE_SHRINK,0,0
2026-02-18T06:06:52.242Z,34,0,20.31,5,IDLE_SHRINK,0,0
2026-02-18T06:06:52.293Z,34,0,19.96,5,IDLE_SHRINK,0,0
2026-02-18T06:06:52.343Z,34,0,20.29,5,IDLE_SHRINK,0,0
2026-02-18T06:06:52.393Z,34,0,20.37,5,IDLE_SHRINK,0,0
2026-02-18T06:06:52.443Z,34,0,20.23,5,IDLE_SHRINK,0,0
2026-02-18T06:06:52.492Z,34,0,20.44,5,IDLE_SHRINK,0,0
2026-02-18T06:06:52.543Z,34,0,20.21,5,IDLE_SHRINK,0,0
2026-02-18T06:06:52.594Z,34,0,19.96,5,IDLE_SHRINK,0,0
2026-02-18T06:06:52.644Z,34,0,20.21,5,IDLE_SHRINK,0,0
2026-02-18T06:06:52.694Z,34,0,20.36,5,IDLE_SHRINK,0,0
2026-02-18T06:06:52.744Z,34,0,20.25,5,IDLE_SHRINK,0,0
2026-02-18T06:06:52.795Z,34,0,20.04,5,IDLE_SHRINK,0,0
2026-02-18T06:06:52.845Z,34,0,20.26,5,IDLE_SHRINK,0,0
2026-02-18T06:06:52.895Z,34,0,20.34,5,IDLE_SHRINK,0,0
2026-02-18T06:06:52.946Z,34,0,20.21,5,IDLE_SHRINK,0,0
2026-02-18T06:06:52.996Z,34,0,19.98,5,IDLE_SHRINK,0,0
2026-02-18T06:06:53.045Z,34,0,20.28,5,IDLE_SHRINK,0,0
2026-02-18T06:06:53.096Z,34,0,20.19,5,IDLE_SHRINK,0,0
2026-02-18T06:06:53.146Z,34,0,20.20,5,IDLE_SHRINK,0,0
2026-02-18T06:06:53.197Z,34,0,20.23,5,IDLE_SHRINK,0,0
2026-02-18T06:06:53.246Z,34,0,20.22,5,IDLE_SHRINK,0,0
2026-02-18T06:06:53.296Z,34,0,20.23,5,IDLE_SHRINK,0,0
2026-02-18T06:06:53.347Z,34,0,20.22,5,IDLE_SHRINK,0,0
2026-02-18T06:06:53.398Z,34,0,20.23,5,IDLE_SHRINK,0,0
2026-02-18T06:06:53.448Z,34,0,20.23,5,IDLE_SHRINK,0,0
2026-02-18T06:06:53.497Z,34,0,20.31,5,IDLE_SHRINK,0,0
2026-02-18T06:06:53.548Z,34,0,20.27,5,IDLE_SHRINK,0,0
2026-02-18T06:06:53.598Z,34,0,20.21,5,IDLE_SHRINK,0,0
2026-02-18T06:06:53.648Z,34,0,20.23,5,IDLE_SHRINK,0,0
2026-02-18T06:06:53.698Z,34,0,20.23,5,IDLE_SHRINK,0,0
2026-02-18T06:06:53.748Z,34,0,20.22,5,IDLE_SHRINK,0,0
2026-02-18T06:06:53.798Z,34,0,20.16,5,IDLE_SHRINK,0,0
2026-02-18T06:06:53.848Z,34,0,20.32,5,IDLE_SHRINK,0,0
2026-02-18T06:06:53.898Z,34,0,20.25,5,IDLE_SHRINK,0,0
2026-02-18T06:06:53.948Z,34,0,20.23,5,IDLE_SHRINK,0,0
2026-02-18T06:06:53.997Z,34,0,20.23,5,IDLE_SHRINK,0,0
2026-02-18T06:06:54.048Z,34,0,20.19,5,IDLE_SHRINK,0,0
2026-02-18T06:06:54.098Z,34,0,20.24,5,IDLE_SHRINK,0,0
2026-02-18T06:06:54.149Z,34,0,20.24,5,IDLE_SHRINK,0,0
2026-02-18T06:06:54.200Z,34,0,20.22,5,IDLE_SHRINK,0,0
2026-02-18T06:06:54.250Z,34,0,20.26,5,IDLE_SHRINK,0,0
2026-02-18T06:06:54.300Z,34,0,20.27,5,IDLE_SHRINK,0,0
2026-02-18T06:06:54.350Z,34,0,20.24,5,IDLE_SHRINK,0,0
2026-02-18T06:06:54.400Z,34,0,20.26,5,IDLE_SHRINK,0,0
2026-02-18T06:06:54.450Z,34,0,20.19,5,IDLE_SHRINK,0,0
2026-02-18T06:06:54.500Z,34,0,20.22,5,IDLE_SHRINK,0,0
2026-02-18T06:06:54.550Z,34,0,19.21,5,IDLE_SHRINK,0,0
2026-02-18T06:06:54.600Z,34,0,20.20,5,IDLE_SHRINK,0,0
2026-02-18T06:06:54.650Z,34,0,20.23,5,IDLE_SHRINK,0,0
2026-02-18T06:06:54.701Z,34,0,20.23,5,IDLE_SHRINK,0,0
2026-02-18T06:06:54.751Z,34,0,20.19,5,IDLE_SHRINK,0,0
2026-02-18T06:06:54.801Z,34,0,20.27,5,IDLE_SHRINK,0,0
2026-02-18T06:06:54.852Z,34,0,20.19,5,IDLE_SHRINK,0,0
2026-02-18T06:06:54.903Z,34,0,20.28,5,IDLE_SHRINK,0,0
2026-02-18T06:06:54.953Z,34,0,20.23,5,IDLE_SHRINK,0,0
2026-02-18T06:06:55.003Z,34,0,20.27,5,IDLE_SHRINK,0,0
2026-02-18T06:06:55.053Z,34,0,19.23,5,IDLE_SHRINK,0,0
2026-02-18T06:06:55.103Z,34,0,20.26,5,IDLE_SHRINK,0,0
2026-02-18T06:06:55.153Z,34,0,20.29,5,IDLE_SHRINK,0,0
2026-02-18T06:06:55.204Z,34,0,20.28,5,IDLE_SHRINK,0,0
2026-02-18T06:06:55.254Z,34,0,20.31,5,IDLE_SHRINK,0,0
2026-02-18T06:06:55.305Z,34,0,20.20,5,IDLE_SHRINK,0,0
2026-02-18T06:06:55.354Z,34,0,20.16,5,IDLE_SHRINK,0,0
2026-02-18T06:06:55.405Z,34,0,19.77,5,IDLE_SHRINK,0,0
2026-02-18T06:06:55.455Z,34,0,20.19,5,IDLE_SHRINK,0,0
2026-02-18T06:06:55.506Z,34,0,20.28,5,IDLE_SHRINK,0,0
2026-02-18T06:06:55.559Z,34,0,34.62,5,LAG_SHRINK,0,0
2026-02-18T06:06:55.609Z,34,0,20.21,5,IDLE_SHRINK,0,0
2026-02-18T06:06:55.660Z,34,0,29.37,5,IDLE_SHRINK,0,0
2026-02-18T06:06:55.710Z,34,0,20.42,5,IDLE_SHRINK,0,0
2026-02-18T06:06:55.761Z,34,0,20.36,5,IDLE_SHRINK,0,0
2026-02-18T06:06:55.811Z,34,0,20.49,5,IDLE_SHRINK,0,0
2026-02-18T06:06:55.862Z,34,0,20.26,5,IDLE_SHRINK,0,0
2026-02-18T06:06:55.913Z,34,0,19.98,5,IDLE_SHRINK,0,0
2026-02-18T06:06:55.963Z,34,0,20.23,5,IDLE_SHRINK,0,0
2026-02-18T06:06:56.014Z,34,0,20.39,5,IDLE_SHRINK,0,0
2026-02-18T06:06:56.064Z,34,0,20.21,5,IDLE_SHRINK,0,0
2026-02-18T06:06:56.113Z,34,0,20.45,5,IDLE_SHRINK,0,0
2026-02-18T06:06:56.164Z,34,0,20.09,5,IDLE_SHRINK,0,0
2026-02-18T06:06:56.214Z,34,0,20.03,5,IDLE_SHRINK,0,0
2026-02-18T06:06:56.264Z,34,0,20.28,5,IDLE_SHRINK,0,0
2026-02-18T06:06:56.314Z,34,0,20.29,5,IDLE_SHRINK,0,0
2026-02-18T06:06:56.365Z,34,0,20.33,5,IDLE_SHRINK,0,0
2026-02-18T06:06:56.415Z,34,0,20.28,5,IDLE_SHRINK,0,0
2026-02-18T06:06:56.466Z,34,0,20.28,5,IDLE_SHRINK,0,0
2026-02-18T06:06:56.516Z,34,0,20.28,5,IDLE_SHRINK,0,0
2026-02-18T06:06:56.566Z,34,0,20.29,5,IDLE_SHRINK,0,0
2026-02-18T06:06:56.617Z,34,0,20.19,5,IDLE_SHRINK,0,0
2026-02-18T06:06:56.667Z,34,0,20.24,5,IDLE_SHRINK,0,0
2026-02-18T06:06:56.716Z,34,0,20.32,5,IDLE_SHRINK,0,0
2026-02-18T06:06:56.767Z,34,0,20.25,5,IDLE_SHRINK,0,0
2026-02-18T06:06:56.817Z,34,0,20.26,5,IDLE_SHRINK,0,0
2026-02-18T06:06:56.868Z,34,0,20.25,5,IDLE_SHRINK,0,0
2026-02-18T06:06:56.918Z,34,0,20.23,5,IDLE_SHRINK,0,0
2026-02-18T06:06:56.968Z,34,0,20.23,5,IDLE_SHRINK,0,0
2026-02-18T06:06:57.019Z,34,0,20.21,5,IDLE_SHRINK,0,0
2026-02-18T06:06:57.068Z,34,0,20.47,5,IDLE_SHRINK,0,0
2026-02-18T06:06:57.119Z,34,0,20.46,5,IDLE_SHRINK,0,0
2026-02-18T06:06:57.170Z,34,0,20.22,5,IDLE_SHRINK,0,0
2026-02-18T06:06:57.220Z,34,0,20.26,5,IDLE_SHRINK,0,0
2026-02-18T06:06:57.270Z,34,0,20.24,5,IDLE_SHRINK,0,0
2026-02-18T06:06:57.319Z,34,0,20.38,5,IDLE_SHRINK,0,0
2026-02-18T06:06:57.370Z,34,0,20.47,5,IDLE_SHRINK,0,0
2026-02-18T06:06:57.421Z,34,0,20.29,5,IDLE_SHRINK,0,0
2026-02-18T06:06:57.471Z,34,0,20.23,5,IDLE_SHRINK,0,0
2026-02-18T06:06:57.521Z,34,0,20.32,5,IDLE_SHRINK,0,0
2026-02-18T06:06:57.571Z,34,0,20.31,5,IDLE_SHRINK,0,0
2026-02-18T06:06:57.621Z,34,0,20.27,5,IDLE_SHRINK,0,0
2026-02-18T06:06:57.672Z,34,0,20.28,5,IDLE_SHRINK,0,0
2026-02-18T06:06:57.722Z,34,0,20.47,5,IDLE_SHRINK,0,0
2026-02-18T06:06:57.773Z,34,0,20.28,5,IDLE_SHRINK,0,0
2026-02-18T06:06:57.823Z,34,0,20.35,5,IDLE_SHRINK,0,0
2026-02-18T06:06:57.874Z,34,0,20.21,5,IDLE_SHRINK,0,0
2026-02-18T06:06:57.925Z,34,0,19.95,5,IDLE_SHRINK,0,0
2026-02-18T06:06:57.975Z,34,0,20.24,5,IDLE_SHRINK,0,0
2026-02-18T06:06:58.025Z,34,0,20.47,5,IDLE_SHRINK,0,0
2026-02-18T06:06:58.076Z,34,0,19.54,5,IDLE_SHRINK,0,0
2026-02-18T06:06:58.126Z,34,0,20.45,5,IDLE_SHRINK,0,0
2026-02-18T06:06:58.176Z,34,0,19.87,5,IDLE_SHRINK,0,0
2026-02-18T06:06:58.226Z,34,0,19.82,5,IDLE_SHRINK,0,0
2026-02-18T06:06:58.276Z,34,0,20.24,5,IDLE_SHRINK,0,0
2026-02-18T06:06:58.326Z,34,0,20.43,5,IDLE_SHRINK,0,0
2026-02-18T06:06:58.377Z,34,0,20.21,5,IDLE_SHRINK,0,0
2026-02-18T06:06:58.427Z,34,0,20.07,5,IDLE_SHRINK,0,0
2026-02-18T06:06:58.477Z,34,0,20.37,5,IDLE_SHRINK,0,0
2026-02-18T06:06:58.527Z,34,0,19.97,5,IDLE_SHRINK,0,0
2026-02-18T06:06:58.577Z,34,0,20.28,5,IDLE_SHRINK,0,0
2026-02-18T06:06:58.627Z,34,0,20.15,5,IDLE_SHRINK,0,0
2026-02-18T06:06:58.677Z,34,0,20.24,5,IDLE_SHRINK,0,0
2026-02-18T06:06:58.727Z,34,0,20.26,5,IDLE_SHRINK,0,0
2026-02-18T06:06:58.778Z,34,0,20.33,5,IDLE_SHRINK,0,0
2026-02-18T06:06:58.828Z,34,0,20.26,5,IDLE_SHRINK,0,0
2026-02-18T06:06:58.878Z,34,0,20.28,5,IDLE_SHRINK,0,0
2026-02-18T06:06:58.929Z,34,0,20.34,5,IDLE_SHRINK,0,0
2026-02-18T06:06:58.980Z,34,0,19.88,5,IDLE_SHRINK,0,0
2026-02-18T06:06:59.032Z,34,0,20.01,5,IDLE_SHRINK,0,0
2026-02-18T06:06:59.082Z,34,0,20.24,5,IDLE_SHRINK,0,0
2026-02-18T06:06:59.132Z,34,0,20.12,5,IDLE_SHRINK,0,0
2026-02-18T06:06:59.182Z,34,0,20.41,5,IDLE_SHRINK,0,0
2026-02-18T06:06:59.233Z,34,0,19.99,5,IDLE_SHRINK,0,0
2026-02-18T06:06:59.283Z,34,0,20.28,5,IDLE_SHRINK,0,0
2026-02-18T06:06:59.333Z,34,0,20.46,5,IDLE_SHRINK,0,0
2026-02-18T06:06:59.384Z,34,0,20.26,5,IDLE_SHRINK,0,0
2026-02-18T06:06:59.435Z,34,0,20.09,5,IDLE_SHRINK,0,0
2026-02-18T06:06:59.486Z,34,0,20.34,5,IDLE_SHRINK,0,0
2026-02-18T06:06:59.537Z,34,0,20.47,5,IDLE_SHRINK,0,0
2026-02-18T06:06:59.587Z,34,0,20.36,5,IDLE_SHRINK,0,0
2026-02-18T06:06:59.637Z,34,0,20.38,5,IDLE_SHRINK,0,0
2026-02-18T06:06:59.688Z,34,0,20.21,5,IDLE_SHRINK,0,0
2026-02-18T06:06:59.738Z,34,0,19.93,5,IDLE_SHRINK,0,0
2026-02-18T06:06:59.788Z,34,0,20.24,5,IDLE_SHRINK,0,0
2026-02-18T06:06:59.837Z,34,0,20.41,5,IDLE_SHRINK,0,0
2026-02-18T06:06:59.888Z,34,0,20.18,5,IDLE_SHRINK,0,0
2026-02-18T06:06:59.937Z,34,0,20.38,5,IDLE_SHRINK,0,0
2026-02-18T06:06:59.987Z,34,0,20.32,5,IDLE_SHRINK,0,0
2026-02-18T06:07:00.038Z,34,0,19.84,5,IDLE_SHRINK,0,0
2026-02-18T06:07:00.088Z,34,0,20.26,5,IDLE_SHRINK,0,0
2026-02-18T06:07:00.138Z,34,0,20.24,5,IDLE_SHRINK,0,0
2026-02-18T06:07:00.188Z,34,0,20.20,5,IDLE_SHRINK,0,0
2026-02-18T06:07:00.238Z,34,0,20.31,5,IDLE_SHRINK,0,0
2026-02-18T06:07:00.288Z,34,0,20.22,5,IDLE_SHRINK,0,0
2026-02-18T06:07:00.339Z,34,0,20.21,5,IDLE_SHRINK,0,0
2026-02-18T06:07:00.389Z,34,0,20.30,5,IDLE_SHRINK,0,0
2026-02-18T06:07:00.440Z,34,0,20.19,5,IDLE_SHRINK,0,0
2026-02-18T06:07:00.491Z,34,0,20.29,5,IDLE_SHRINK,0,0
2026-02-18T06:07:00.542Z,34,0,20.44,5,IDLE_SHRINK,0,0
2026-02-18T06:07:00.592Z,34,0,20.24,5,IDLE_SHRINK,0,0
2026-02-18T06:07:00.642Z,34,0,20.23,5,IDLE_SHRINK,0,0
2026-02-18T06:07:00.692Z,34,0,20.26,5,IDLE_SHRINK,0,0
2026-02-18T06:07:00.742Z,34,0,20.49,5,IDLE_SHRINK,0,0
2026-02-18T06:07:00.792Z,34,0,20.27,5,IDLE_SHRINK,0,0
2026-02-18T06:07:00.843Z,34,0,19.47,5,IDLE_SHRINK,0,0
2026-02-18T06:07:00.893Z,34,0,20.23,5,IDLE_SHRINK,0,0
2026-02-18T06:07:00.943Z,34,0,20.57,5,IDLE_SHRINK,0,0
2026-02-18T06:07:00.994Z,34,0,20.30,5,IDLE_SHRINK,0,0
2026-02-18T06:07:01.044Z,34,0,19.49,5,IDLE_SHRINK,0,0
2026-02-18T06:07:01.094Z,34,0,20.23,5,IDLE_SHRINK,0,0
2026-02-18T06:07:01.144Z,34,0,19.44,5,IDLE_SHRINK,0,0
2026-02-18T06:07:01.194Z,34,0,20.43,5,IDLE_SHRINK,0,0
2026-02-18T06:07:01.245Z,34,0,19.60,5,IDLE_SHRINK,0,0
2026-02-18T06:07:01.295Z,34,0,20.19,5,IDLE_SHRINK,0,0
2026-02-18T06:07:01.345Z,34,0,19.52,5,IDLE_SHRINK,0,0
2026-02-18T06:07:01.394Z,34,0,20.23,5,IDLE_SHRINK,0,0
2026-02-18T06:07:01.444Z,34,0,20.52,5,IDLE_SHRINK,0,0
2026-02-18T06:07:01.495Z,34,0,20.16,5,IDLE_SHRINK,0,0
2026-02-18T06:07:01.546Z,34,0,20.36,5,IDLE_SHRINK,0,0
2026-02-18T06:07:01.597Z,34,0,20.19,5,IDLE_SHRINK,0,0
2026-02-18T06:07:01.647Z,34,0,20.57,5,IDLE_SHRINK,0,0
2026-02-18T06:07:01.697Z,34,0,20.23,5,IDLE_SHRINK,0,0
2026-02-18T06:07:01.748Z,34,0,20.60,5,IDLE_SHRINK,0,0
2026-02-18T06:07:01.799Z,34,0,20.23,5,IDLE_SHRINK,0,0
2026-02-18T06:07:01.850Z,34,0,20.41,5,IDLE_SHRINK,0,0
2026-02-18T06:07:01.900Z,34,0,20.17,5,IDLE_SHRINK,0,0
2026-02-18T06:07:01.950Z,34,0,20.88,5,IDLE_SHRINK,0,0
2026-02-18T06:07:02.001Z,34,0,20.26,5,IDLE_SHRINK,0,0
2026-02-18T06:07:02.051Z,34,0,20.52,5,IDLE_SHRINK,0,0
2026-02-18T06:07:02.102Z,34,0,20.23,5,IDLE_SHRINK,0,0
2026-02-18T06:07:02.152Z,34,0,20.73,5,IDLE_SHRINK,0,0
2026-02-18T06:07:02.202Z,34,0,20.19,5,IDLE_SHRINK,0,0
2026-02-18T06:07:02.253Z,34,0,20.72,5,IDLE_SHRINK,0,0
2026-02-18T06:07:02.302Z,34,0,20.18,5,IDLE_SHRINK,0,0
2026-02-18T06:07:02.353Z,34,0,20.37,5,IDLE_SHRINK,0,0
2026-02-18T06:07:02.403Z,34,0,20.19,5,IDLE_SHRINK,0,0
2026-02-18T06:07:02.453Z,34,0,20.40,5,IDLE_SHRINK,0,0
2026-02-18T06:07:02.504Z,34,0,20.21,5,IDLE_SHRINK,0,0
2026-02-18T06:07:02.553Z,34,0,20.32,5,IDLE_SHRINK,0,0
2026-02-18T06:07:02.604Z,34,0,20.16,5,IDLE_SHRINK,0,0
2026-02-18T06:07:02.654Z,34,0,20.35,5,IDLE_SHRINK,0,0
2026-02-18T06:07:02.705Z,34,0,20.23,5,IDLE_SHRINK,0,0
2026-02-18T06:07:02.756Z,34,0,20.31,5,IDLE_SHRINK,0,0
2026-02-18T06:07:02.806Z,34,0,20.44,5,IDLE_SHRINK,0,0
2026-02-18T06:07:02.856Z,34,0,20.38,5,IDLE_SHRINK,0,0
2026-02-18T06:07:02.906Z,34,0,20.24,5,IDLE_SHRINK,0,0
2026-02-18T06:07:02.956Z,34,0,19.89,5,IDLE_SHRINK,0,0
2026-02-18T06:07:03.006Z,34,0,20.23,5,IDLE_SHRINK,0,0
2026-02-18T06:07:03.056Z,34,0,19.88,5,IDLE_SHRINK,0,0
2026-02-18T06:07:03.106Z,34,0,20.23,5,IDLE_SHRINK,0,0
2026-02-18T06:07:03.156Z,34,0,20.65,5,IDLE_SHRINK,0,0
2026-02-18T06:07:03.206Z,34,0,20.21,5,IDLE_SHRINK,0,0
2026-02-18T06:07:03.257Z,34,0,20.39,5,IDLE_SHRINK,0,0
2026-02-18T06:07:03.307Z,34,0,19.82,5,IDLE_SHRINK,0,0
2026-02-18T06:07:03.358Z,34,0,20.31,5,IDLE_SHRINK,0,0
2026-02-18T06:07:03.409Z,34,0,20.23,5,IDLE_SHRINK,0,0
2026-02-18T06:07:03.459Z,34,0,20.37,5,IDLE_SHRINK,0,0
2026-02-18T06:07:03.510Z,34,0,20.19,5,IDLE_SHRINK,0,0
2026-02-18T06:07:03.559Z,34,0,20.35,5,IDLE_SHRINK,0,0
2026-02-18T06:07:03.610Z,34,0,20.18,5,IDLE_SHRINK,0,0
2026-02-18T06:07:03.659Z,34,0,20.36,5,IDLE_SHRINK,0,0
2026-02-18T06:07:03.710Z,34,0,20.26,5,IDLE_SHRINK,0,0
2026-02-18T06:07:03.761Z,34,0,20.46,5,IDLE_SHRINK,0,0
2026-02-18T06:07:03.811Z,34,0,20.19,5,IDLE_SHRINK,0,0
2026-02-18T06:07:03.861Z,34,0,19.54,5,IDLE_SHRINK,0,0
2026-02-18T06:07:03.910Z,34,0,20.22,5,IDLE_SHRINK,0,0
2026-02-18T06:07:03.961Z,34,0,19.44,5,IDLE_SHRINK,0,0
2026-02-18T06:07:04.010Z,34,0,20.18,5,IDLE_SHRINK,0,0
2026-02-18T06:07:04.060Z,34,0,20.55,5,IDLE_SHRINK,0,0
2026-02-18T06:07:04.111Z,34,0,19.83,5,IDLE_SHRINK,0,0
2026-02-18T06:07:04.161Z,34,0,20.55,5,IDLE_SHRINK,0,0
2026-02-18T06:07:04.211Z,34,0,20.30,5,IDLE_SHRINK,0,0
2026-02-18T06:07:04.262Z,34,0,19.67,5,IDLE_SHRINK,0,0
2026-02-18T06:07:04.312Z,34,0,20.27,5,IDLE_SHRINK,0,0
2026-02-18T06:07:04.362Z,34,0,20.46,5,IDLE_SHRINK,0,0
2026-02-18T06:07:04.412Z,34,0,20.22,5,IDLE_SHRINK,0,0
2026-02-18T06:07:04.462Z,34,0,20.64,5,IDLE_SHRINK,0,0
2026-02-18T06:07:04.513Z,34,0,20.19,5,IDLE_SHRINK,0,0
2026-02-18T06:07:04.564Z,34,0,20.44,5,IDLE_SHRINK,0,0
2026-02-18T06:07:04.614Z,34,0,20.19,5,IDLE_SHRINK,0,0
2026-02-18T06:07:04.665Z,34,0,20.46,5,IDLE_SHRINK,0,0
2026-02-18T06:07:04.715Z,34,0,20.31,5,IDLE_SHRINK,0,0
2026-02-18T06:07:04.765Z,34,0,20.64,5,IDLE_SHRINK,0,0
2026-02-18T06:07:04.815Z,34,0,20.28,5,IDLE_SHRINK,0,0
2026-02-18T06:07:04.866Z,34,0,19.57,5,IDLE_SHRINK,0,0
2026-02-18T06:07:04.916Z,34,0,20.28,5,IDLE_SHRINK,0,0
2026-02-18T06:07:04.967Z,34,0,20.73,5,IDLE_SHRINK,0,0
2026-02-18T06:07:05.017Z,34,0,20.25,5,IDLE_SHRINK,0,0
2026-02-18T06:07:05.067Z,34,0,20.32,5,IDLE_SHRINK,0,0
2026-02-18T06:07:05.117Z,34,0,20.24,5,IDLE_SHRINK,0,0
2026-02-18T06:07:05.167Z,34,0,19.79,5,IDLE_SHRINK,0,0
2026-02-18T06:07:05.217Z,34,0,20.24,5,IDLE_SHRINK,0,0
2026-02-18T06:07:05.266Z,34,0,19.77,5,IDLE_SHRINK,0,0
2026-02-18T06:07:05.317Z,34,0,20.16,5,IDLE_SHRINK,0,0
2026-02-18T06:07:05.367Z,34,0,20.36,5,IDLE_SHRINK,0,0
2026-02-18T06:07:05.418Z,34,0,20.16,5,IDLE_SHRINK,0,0
2026-02-18T06:07:05.468Z,34,0,20.37,5,IDLE_SHRINK,0,0
2026-02-18T06:07:05.518Z,34,0,20.31,5,IDLE_SHRINK,0,0
2026-02-18T06:07:05.569Z,34,0,20.34,5,IDLE_SHRINK,0,0
2026-02-18T06:07:05.619Z,34,0,20.31,5,IDLE_SHRINK,0,0
2026-02-18T06:07:05.668Z,34,0,19.99,5,IDLE_SHRINK,0,0
2026-02-18T06:07:05.719Z,34,0,20.19,5,IDLE_SHRINK,0,0
2026-02-18T06:07:05.770Z,34,0,19.98,5,IDLE_SHRINK,0,0
2026-02-18T06:07:05.820Z,34,0,20.24,5,IDLE_SHRINK,0,0
2026-02-18T06:07:05.871Z,34,0,20.09,5,IDLE_SHRINK,0,0
2026-02-18T06:07:05.921Z,34,0,20.29,5,IDLE_SHRINK,0,0
2026-02-18T06:07:05.972Z,34,0,19.81,5,IDLE_SHRINK,0,0
2026-02-18T06:07:06.021Z,34,0,20.16,5,IDLE_SHRINK,0,0
2026-02-18T06:07:06.072Z,34,0,20.39,5,IDLE_SHRINK,0,0
2026-02-18T06:07:06.122Z,34,0,20.26,5,IDLE_SHRINK,0,0
2026-02-18T06:07:06.171Z,34,0,20.46,5,IDLE_SHRINK,0,0
2026-02-18T06:07:06.221Z,34,0,20.26,5,IDLE_SHRINK,0,0
2026-02-18T06:07:06.274Z,34,0,20.01,5,IDLE_SHRINK,0,0
2026-02-18T06:07:06.323Z,34,0,19.26,5,IDLE_SHRINK,0,0
2026-02-18T06:07:06.374Z,34,0,19.87,5,IDLE_SHRINK,0,0
2026-02-18T06:07:06.424Z,34,0,20.21,5,IDLE_SHRINK,0,0
2026-02-18T06:07:06.474Z,34,0,19.87,5,IDLE_SHRINK,0,0
2026-02-18T06:07:06.523Z,34,0,20.21,5,IDLE_SHRINK,0,0
2026-02-18T06:07:06.574Z,34,0,19.89,5,IDLE_SHRINK,0,0
2026-02-18T06:07:06.623Z,34,0,20.19,5,IDLE_SHRINK,0,0
2026-02-18T06:07:06.674Z,34,0,19.89,5,IDLE_SHRINK,0,0
2026-02-18T06:07:06.724Z,34,0,20.23,5,IDLE_SHRINK,0,0
2026-02-18T06:07:06.774Z,34,0,19.93,5,IDLE_SHRINK,0,0
2026-02-18T06:07:06.824Z,34,0,20.34,5,IDLE_SHRINK,0,0
2026-02-18T06:07:06.875Z,34,0,20.38,5,IDLE_SHRINK,0,0
2026-02-18T06:07:06.924Z,34,0,20.18,5,IDLE_SHRINK,0,0
2026-02-18T06:07:06.975Z,34,0,19.78,5,IDLE_SHRINK,0,0
2026-02-18T06:07:07.025Z,34,0,20.19,5,IDLE_SHRINK,0,0
2026-02-18T06:07:07.075Z,34,0,19.83,5,IDLE_SHRINK,0,0
2026-02-18T06:07:07.126Z,34,0,20.37,5,IDLE_SHRINK,0,0
2026-02-18T06:07:07.176Z,34,0,20.23,5,IDLE_SHRINK,0,0
2026-02-18T06:07:07.227Z,34,0,20.21,5,IDLE_SHRINK,0,0
2026-02-18T06:07:07.277Z,34,0,20.75,5,IDLE_SHRINK,0,0
2026-02-18T06:07:07.328Z,34,0,20.31,5,IDLE_SHRINK,0,0
2026-02-18T06:07:07.378Z,34,0,20.60,5,IDLE_SHRINK,0,0
2026-02-18T06:07:07.429Z,34,0,20.27,5,IDLE_SHRINK,0,0
2026-02-18T06:07:07.480Z,34,0,20.50,5,IDLE_SHRINK,0,0
2026-02-18T06:07:07.530Z,34,0,20.36,5,IDLE_SHRINK,0,0
2026-02-18T06:07:07.580Z,34,0,20.59,5,IDLE_SHRINK,0,0
2026-02-18T06:07:07.630Z,34,0,20.31,5,IDLE_SHRINK,0,0
2026-02-18T06:07:07.681Z,34,0,19.47,5,IDLE_SHRINK,0,0
2026-02-18T06:07:07.731Z,34,0,20.25,5,IDLE_SHRINK,0,0
2026-02-18T06:07:07.781Z,34,0,19.51,5,IDLE_SHRINK,0,0
2026-02-18T06:07:07.831Z,34,0,20.17,5,IDLE_SHRINK,0,0
2026-02-18T06:07:07.881Z,34,0,20.47,5,IDLE_SHRINK,0,0
2026-02-18T06:07:07.931Z,34,0,20.23,5,IDLE_SHRINK,0,0
2026-02-18T06:07:07.981Z,34,0,20.42,5,IDLE_SHRINK,0,0
2026-02-18T06:07:08.031Z,34,0,20.26,5,IDLE_SHRINK,0,0
2026-02-18T06:07:08.082Z,34,0,20.50,5,IDLE_SHRINK,0,0
2026-02-18T06:07:08.132Z,34,0,20.30,5,IDLE_SHRINK,0,0
2026-02-18T06:07:08.183Z,34,0,19.93,5,IDLE_SHRINK,0,0
2026-02-18T06:07:08.233Z,34,0,20.28,5,IDLE_SHRINK,0,0
2026-02-18T06:07:08.283Z,34,0,20.28,5,IDLE_SHRINK,0,0
2026-02-18T06:07:08.333Z,34,0,20.19,5,IDLE_SHRINK,0,0
2026-02-18T06:07:08.384Z,34,0,20.18,5,IDLE_SHRINK,0,0
2026-02-18T06:07:08.434Z,34,0,20.21,5,IDLE_SHRINK,0,0
2026-02-18T06:07:08.484Z,34,0,20.43,5,IDLE_SHRINK,0,0
2026-02-18T06:07:08.534Z,34,0,20.57,5,IDLE_SHRINK,0,0
2026-02-18T06:07:08.584Z,34,0,20.40,5,IDLE_SHRINK,0,0
2026-02-18T06:07:08.634Z,34,0,20.23,5,IDLE_SHRINK,0,0
2026-02-18T06:07:08.684Z,34,0,20.47,5,IDLE_SHRINK,0,0
2026-02-18T06:07:08.735Z,34,0,20.21,5,IDLE_SHRINK,0,0
2026-02-18T06:07:08.785Z,34,0,20.39,5,IDLE_SHRINK,0,0
2026-02-18T06:07:08.834Z,34,0,20.32,5,IDLE_SHRINK,0,0
2026-02-18T06:07:08.885Z,34,0,20.03,5,IDLE_SHRINK,0,0
2026-02-18T06:07:08.935Z,34,0,20.36,5,IDLE_SHRINK,0,0
2026-02-18T06:07:08.985Z,34,0,20.53,5,IDLE_SHRINK,0,0
2026-02-18T06:07:09.035Z,34,0,20.18,5,IDLE_SHRINK,0,0
2026-02-18T06:07:09.085Z,34,0,19.93,5,IDLE_SHRINK,0,0
2026-02-18T06:07:09.136Z,34,0,20.21,5,IDLE_SHRINK,0,0
2026-02-18T06:07:09.185Z,34,0,20.33,5,IDLE_SHRINK,0,0
2026-02-18T06:07:09.235Z,34,0,20.29,5,IDLE_SHRINK,0,0
2026-02-18T06:07:09.286Z,34,0,19.47,5,IDLE_SHRINK,0,0
2026-02-18T06:07:09.335Z,34,0,20.25,5,IDLE_SHRINK,0,0
2026-02-18T06:07:09.386Z,34,0,19.62,5,IDLE_SHRINK,0,0
2026-02-18T06:07:09.436Z,34,0,19.77,5,IDLE_SHRINK,0,0
2026-02-18T06:07:09.486Z,34,0,20.46,5,IDLE_SHRINK,0,0
2026-02-18T06:07:09.537Z,34,0,20.26,5,IDLE_SHRINK,0,0
2026-02-18T06:07:09.587Z,34,0,20.67,5,IDLE_SHRINK,0,0
2026-02-18T06:07:09.638Z,34,0,20.28,5,IDLE_SHRINK,0,0
2026-02-18T06:07:09.688Z,34,0,20.35,5,IDLE_SHRINK,0,0
2026-02-18T06:07:09.739Z,34,0,20.26,5,IDLE_SHRINK,0,0
2026-02-18T06:07:09.789Z,34,0,20.40,5,IDLE_SHRINK,0,0
2026-02-18T06:07:09.840Z,34,0,20.36,5,IDLE_SHRINK,0,0
2026-02-18T06:07:09.890Z,34,0,20.36,5,IDLE_SHRINK,0,0
2026-02-18T06:07:09.940Z,34,0,20.28,5,IDLE_SHRINK,0,0
2026-02-18T06:07:09.990Z,34,0,20.32,5,IDLE_SHRINK,0,0
2026-02-18T06:07:10.041Z,34,0,20.15,5,IDLE_SHRINK,0,0
2026-02-18T06:07:10.092Z,34,0,20.28,5,IDLE_SHRINK,0,0
2026-02-18T06:07:10.142Z,34,0,20.50,5,IDLE_SHRINK,0,0
2026-02-18T06:07:10.192Z,34,0,20.24,5,IDLE_SHRINK,0,0
2026-02-18T06:07:10.242Z,34,0,20.42,5,IDLE_SHRINK,0,0
2026-02-18T06:07:10.292Z,34,0,20.41,5,IDLE_SHRINK,0,0
2026-02-18T06:07:10.343Z,34,0,20.32,5,IDLE_SHRINK,0,0
2026-02-18T06:07:10.393Z,34,0,20.39,5,IDLE_SHRINK,0,0
2026-02-18T06:07:10.444Z,34,0,20.20,5,IDLE_SHRINK,0,0
2026-02-18T06:07:10.495Z,34,0,20.55,5,IDLE_SHRINK,0,0
2026-02-18T06:07:10.544Z,34,0,20.37,5,IDLE_SHRINK,0,0
2026-02-18T06:07:10.595Z,34,0,20.21,5,IDLE_SHRINK,0,0
2026-02-18T06:07:10.645Z,34,0,20.31,5,IDLE_SHRINK,0,0
2026-02-18T06:07:10.695Z,34,0,20.32,5,IDLE_SHRINK,0,0
2026-02-18T06:07:10.746Z,34,0,21.26,5,IDLE_SHRINK,0,0
2026-02-18T06:07:10.797Z,34,0,20.37,5,IDLE_SHRINK,0,0
2026-02-18T06:07:10.847Z,34,0,20.67,5,IDLE_SHRINK,0,0
2026-02-18T06:07:10.898Z,34,0,20.09,5,IDLE_SHRINK,0,0
2026-02-18T06:07:10.948Z,34,0,20.28,5,IDLE_SHRINK,0,0
2026-02-18T06:07:10.998Z,34,0,19.94,5,IDLE_SHRINK,0,0
2026-02-18T06:07:11.048Z,34,0,20.32,5,IDLE_SHRINK,0,0
2026-02-18T06:07:11.098Z,34,0,20.04,5,IDLE_SHRINK,0,0
2026-02-18T06:07:11.149Z,34,0,20.34,5,IDLE_SHRINK,0,0
2026-02-18T06:07:11.200Z,34,0,20.39,5,IDLE_SHRINK,0,0
2026-02-18T06:07:11.250Z,34,0,20.32,5,IDLE_SHRINK,0,0
2026-02-18T06:07:11.300Z,34,0,20.55,5,IDLE_SHRINK,0,0
2026-02-18T06:07:11.350Z,34,0,20.31,5,IDLE_SHRINK,0,0
2026-02-18T06:07:11.401Z,34,0,20.01,5,IDLE_SHRINK,0,0
2026-02-18T06:07:11.452Z,34,0,20.34,5,IDLE_SHRINK,0,0
2026-02-18T06:07:11.502Z,34,0,20.56,5,IDLE_SHRINK,0,0
2026-02-18T06:07:11.552Z,34,0,20.37,5,IDLE_SHRINK,0,0
2026-02-18T06:07:11.602Z,34,0,20.46,5,IDLE_SHRINK,0,0
2026-02-18T06:07:11.652Z,34,0,20.39,5,IDLE_SHRINK,0,0
2026-02-18T06:07:11.703Z,34,0,20.50,5,IDLE_SHRINK,0,0
2026-02-18T06:07:11.753Z,34,0,20.41,5,IDLE_SHRINK,0,0
2026-02-18T06:07:11.803Z,34,0,20.37,5,IDLE_SHRINK,0,0
2026-02-18T06:07:11.853Z,34,0,20.27,5,IDLE_SHRINK,0,0
2026-02-18T06:07:11.904Z,34,0,20.32,5,IDLE_SHRINK,0,0
2026-02-18T06:07:11.954Z,34,0,20.48,5,IDLE_SHRINK,0,0
2026-02-18T06:07:12.003Z,34,0,20.49,5,IDLE_SHRINK,0,0
2026-02-18T06:07:12.054Z,34,0,20.36,5,IDLE_SHRINK,0,0
2026-02-18T06:07:12.104Z,34,0,20.42,5,IDLE_SHRINK,0,0
2026-02-18T06:07:12.155Z,34,0,20.37,5,IDLE_SHRINK,0,0
2026-02-18T06:07:12.205Z,34,0,20.31,5,IDLE_SHRINK,0,0
2026-02-18T06:07:12.256Z,34,0,20.55,5,IDLE_SHRINK,0,0
2026-02-18T06:07:12.307Z,34,0,20.31,5,IDLE_SHRINK,0,0
2026-02-18T06:07:12.357Z,34,0,20.37,5,IDLE_SHRINK,0,0
2026-02-18T06:07:12.407Z,34,0,20.28,5,IDLE_SHRINK,0,0
2026-02-18T06:07:12.457Z,34,0,20.39,5,IDLE_SHRINK,0,0
2026-02-18T06:07:12.508Z,34,0,20.31,5,IDLE_SHRINK,0,0
2026-02-18T06:07:12.559Z,34,0,20.37,5,IDLE_SHRINK,0,0
2026-02-18T06:07:12.609Z,34,0,20.37,5,IDLE_SHRINK,0,0
2026-02-18T06:07:12.660Z,34,0,20.33,5,IDLE_SHRINK,0,0
2026-02-18T06:07:12.709Z,34,0,20.28,5,IDLE_SHRINK,0,0
2026-02-18T06:07:12.760Z,34,0,20.46,5,IDLE_SHRINK,0,0
2026-02-18T06:07:12.810Z,34,0,19.96,5,IDLE_SHRINK,0,0
2026-02-18T06:07:12.860Z,34,0,20.37,5,IDLE_SHRINK,0,0
2026-02-18T06:07:12.911Z,34,0,20.46,5,IDLE_SHRINK,0,0
2026-02-18T06:07:12.961Z,34,0,20.36,5,IDLE_SHRINK,0,0
2026-02-18T06:07:13.012Z,34,0,20.04,5,IDLE_SHRINK,0,0
2026-02-18T06:07:13.063Z,34,0,20.23,5,IDLE_SHRINK,0,0
2026-02-18T06:07:13.113Z,34,0,20.43,5,IDLE_SHRINK,0,0
2026-02-18T06:07:13.163Z,34,0,20.36,5,IDLE_SHRINK,0,0
2026-02-18T06:07:13.214Z,34,0,20.38,5,IDLE_SHRINK,0,0
2026-02-18T06:07:13.265Z,34,0,20.42,5,IDLE_SHRINK,0,0
2026-02-18T06:07:13.315Z,34,0,20.40,5,IDLE_SHRINK,0,0
2026-02-18T06:07:13.365Z,34,0,20.57,5,IDLE_SHRINK,0,0
2026-02-18T06:07:13.415Z,34,0,20.49,5,IDLE_SHRINK,0,0
2026-02-18T06:07:13.465Z,34,0,20.50,5,IDLE_SHRINK,0,0
2026-02-18T06:07:13.516Z,34,0,20.38,5,IDLE_SHRINK,0,0
2026-02-18T06:07:13.567Z,34,0,20.54,5,IDLE_SHRINK,0,0
2026-02-18T06:07:13.617Z,34,0,20.40,5,IDLE_SHRINK,0,0
2026-02-18T06:07:13.667Z,34,0,20.49,5,IDLE_SHRINK,0,0
2026-02-18T06:07:13.717Z,34,0,20.49,5,IDLE_SHRINK,0,0
2026-02-18T06:07:13.767Z,34,0,20.37,5,IDLE_SHRINK,0,0
2026-02-18T06:07:13.818Z,34,0,20.40,5,IDLE_SHRINK,0,0
2026-02-18T06:07:13.868Z,34,0,20.39,5,IDLE_SHRINK,0,0
2026-02-18T06:07:13.920Z,34,0,21.52,5,IDLE_SHRINK,0,0
2026-02-18T06:07:13.971Z,34,0,20.21,5,IDLE_SHRINK,0,0
2026-02-18T06:07:14.022Z,34,0,20.25,5,IDLE_SHRINK,0,0
2026-02-18T06:07:14.072Z,34,0,20.39,5,IDLE_SHRINK,0,0
2026-02-18T06:07:14.120Z,34,0,20.32,5,IDLE_SHRINK,0,0
2026-02-18T06:07:14.170Z,34,0,20.28,5,IDLE_SHRINK,0,0
2026-02-18T06:07:14.221Z,34,0,20.47,5,IDLE_SHRINK,0,0
2026-02-18T06:07:14.271Z,34,0,20.38,5,IDLE_SHRINK,0,0
2026-02-18T06:07:14.322Z,34,0,20.52,5,IDLE_SHRINK,0,0
2026-02-18T06:07:14.372Z,34,0,20.41,5,IDLE_SHRINK,0,0
2026-02-18T06:07:14.422Z,34,0,20.46,5,IDLE_SHRINK,0,0
2026-02-18T06:07:14.472Z,34,0,20.41,5,IDLE_SHRINK,0,0
2026-02-18T06:07:14.522Z,34,0,20.41,5,IDLE_SHRINK,0,0
2026-02-18T06:07:14.572Z,34,0,20.66,5,IDLE_SHRINK,0,0
2026-02-18T06:07:14.623Z,34,0,20.19,5,IDLE_SHRINK,0,0
2026-02-18T06:07:14.673Z,34,0,20.50,5,IDLE_SHRINK,0,0
2026-02-18T06:07:14.723Z,34,0,20.36,5,IDLE_SHRINK,0,0
2026-02-18T06:07:14.774Z,34,0,20.47,5,IDLE_SHRINK,0,0
2026-02-18T06:07:14.824Z,34,0,20.30,5,IDLE_SHRINK,0,0
2026-02-18T06:07:14.874Z,34,0,20.31,5,IDLE_SHRINK,0,0
2026-02-18T06:07:14.924Z,34,0,20.35,5,IDLE_SHRINK,0,0
2026-02-18T06:07:14.975Z,34,0,20.54,5,IDLE_SHRINK,0,0
2026-02-18T06:07:15.025Z,34,0,20.41,5,IDLE_SHRINK,0,0
2026-02-18T06:07:15.076Z,34,0,20.32,5,IDLE_SHRINK,0,0
2026-02-18T06:07:15.127Z,34,0,20.23,5,IDLE_SHRINK,0,0
2026-02-18T06:07:15.177Z,34,0,19.83,5,IDLE_SHRINK,0,0
2026-02-18T06:07:15.229Z,34,0,20.15,5,IDLE_SHRINK,0,0
2026-02-18T06:07:15.279Z,34,0,20.18,5,IDLE_SHRINK,0,0
2026-02-18T06:07:15.329Z,34,0,20.14,5,IDLE_SHRINK,0,0
2026-02-18T06:07:15.379Z,34,0,20.24,5,IDLE_SHRINK,0,0
2026-02-18T06:07:15.429Z,34,0,20.63,5,IDLE_SHRINK,0,0
2026-02-18T06:07:15.479Z,34,0,20.52,5,IDLE_SHRINK,0,0
2026-02-18T06:07:15.530Z,34,0,20.32,5,IDLE_SHRINK,0,0
2026-02-18T06:07:15.581Z,34,0,20.28,5,IDLE_SHRINK,0,0
2026-02-18T06:07:15.631Z,34,0,20.42,5,IDLE_SHRINK,0,0
2026-02-18T06:07:15.681Z,34,0,20.32,5,IDLE_SHRINK,0,0
2026-02-18T06:07:15.731Z,34,0,20.31,5,IDLE_SHRINK,0,0
2026-02-18T06:07:15.781Z,34,0,20.37,5,IDLE_SHRINK,0,0
2026-02-18T06:07:15.831Z,34,0,20.44,5,IDLE_SHRINK,0,0
2026-02-18T06:07:15.881Z,34,0,20.41,5,IDLE_SHRINK,0,0
2026-02-18T06:07:15.931Z,34,0,20.32,5,IDLE_SHRINK,0,0
2026-02-18T06:07:15.981Z,34,0,19.97,5,IDLE_SHRINK,0,0
2026-02-18T06:07:16.031Z,34,0,20.29,5,IDLE_SHRINK,0,0
2026-02-18T06:07:16.081Z,34,0,20.61,5,IDLE_SHRINK,0,0
2026-02-18T06:07:16.131Z,34,0,20.31,5,IDLE_SHRINK,0,0
2026-02-18T06:07:16.181Z,34,0,20.52,5,IDLE_SHRINK,0,0
2026-02-18T06:07:16.231Z,34,0,20.32,5,IDLE_SHRINK,0,0
2026-02-18T06:07:16.281Z,34,0,19.86,5,IDLE_SHRINK,0,0
2026-02-18T06:07:16.331Z,34,0,20.47,5,IDLE_SHRINK,0,0
2026-02-18T06:07:16.381Z,34,0,20.41,5,IDLE_SHRINK,0,0
2026-02-18T06:07:16.431Z,34,0,20.44,5,IDLE_SHRINK,0,0
2026-02-18T06:07:16.481Z,34,0,20.36,5,IDLE_SHRINK,0,0
2026-02-18T06:07:16.531Z,34,0,20.35,5,IDLE_SHRINK,0,0
2026-02-18T06:07:16.582Z,34,0,20.36,5,IDLE_SHRINK,0,0
2026-02-18T06:07:16.633Z,34,0,20.43,5,IDLE_SHRINK,0,0
2026-02-18T06:07:16.684Z,34,0,20.37,5,IDLE_SHRINK,0,0
2026-02-18T06:07:16.734Z,34,0,20.41,5,IDLE_SHRINK,0,0
2026-02-18T06:07:16.784Z,34,0,20.36,5,IDLE_SHRINK,0,0
2026-02-18T06:07:16.834Z,34,0,20.50,5,IDLE_SHRINK,0,0
2026-02-18T06:07:16.884Z,34,0,20.31,5,IDLE_SHRINK,0,0
2026-02-18T06:07:16.934Z,34,0,20.42,5,IDLE_SHRINK,0,0
2026-02-18T06:07:16.984Z,34,0,20.34,5,IDLE_SHRINK,0,0
2026-02-18T06:07:17.034Z,34,0,20.36,5,IDLE_SHRINK,0,0
2026-02-18T06:07:17.085Z,34,0,20.49,5,IDLE_SHRINK,0,0
2026-02-18T06:07:17.135Z,34,0,19.46,5,IDLE_SHRINK,0,0
2026-02-18T06:07:17.185Z,34,0,20.39,5,IDLE_SHRINK,0,0
2026-02-18T06:07:17.235Z,34,0,20.23,5,IDLE_SHRINK,0,0
2026-02-18T06:07:17.285Z,34,0,20.25,5,IDLE_SHRINK,0,0
2026-02-18T06:07:17.335Z,34,0,20.23,5,IDLE_SHRINK,0,0
2026-02-18T06:07:17.385Z,34,0,19.82,5,IDLE_SHRINK,0,0
2026-02-18T06:07:17.436Z,34,0,20.49,5,IDLE_SHRINK,0,0
2026-02-18T06:07:17.486Z,34,0,20.11,5,IDLE_SHRINK,0,0
2026-02-18T06:07:17.536Z,34,0,20.32,5,IDLE_SHRINK,0,0
2026-02-18T06:07:17.586Z,34,0,20.11,5,IDLE_SHRINK,0,0
2026-02-18T06:07:17.636Z,34,0,20.32,5,IDLE_SHRINK,0,0
2026-02-18T06:07:17.686Z,34,0,20.39,5,IDLE_SHRINK,0,0
2026-02-18T06:07:17.736Z,34,0,19.87,5,IDLE_SHRINK,0,0
2026-02-18T06:07:17.787Z,34,0,20.49,5,IDLE_SHRINK,0,0
2026-02-18T06:07:17.837Z,34,0,20.23,5,IDLE_SHRINK,0,0
2026-02-18T06:07:17.888Z,34,0,20.37,5,IDLE_SHRINK,0,0
2026-02-18T06:07:17.938Z,34,0,20.41,5,IDLE_SHRINK,0,0
2026-02-18T06:07:17.988Z,34,0,20.29,5,IDLE_SHRINK,0,0
2026-02-18T06:07:18.039Z,34,0,20.25,5,IDLE_SHRINK,0,0
2026-02-18T06:07:18.089Z,34,0,20.32,5,IDLE_SHRINK,0,0
2026-02-18T06:07:18.139Z,34,0,20.31,5,IDLE_SHRINK,0,0
2026-02-18T06:07:18.189Z,34,0,20.34,5,IDLE_SHRINK,0,0
2026-02-18T06:07:18.239Z,34,0,20.37,5,IDLE_SHRINK,0,0
2026-02-18T06:07:18.290Z,34,0,20.47,5,IDLE_SHRINK,0,0
2026-02-18T06:07:18.341Z,34,0,20.59,5,IDLE_SHRINK,0,0
2026-02-18T06:07:18.391Z,34,0,20.21,5,IDLE_SHRINK,0,0
2026-02-18T06:07:18.441Z,34,0,20.37,5,IDLE_SHRINK,0,0
2026-02-18T06:07:18.492Z,34,0,20.31,5,IDLE_SHRINK,0,0
2026-02-18T06:07:18.542Z,34,0,20.40,5,IDLE_SHRINK,0,0
2026-02-18T06:07:18.593Z,34,0,20.57,5,IDLE_SHRINK,0,0
2026-02-18T06:07:18.643Z,34,0,20.28,5,IDLE_SHRINK,0,0
2026-02-18T06:07:18.694Z,34,0,20.23,5,IDLE_SHRINK,0,0
2026-02-18T06:07:18.744Z,34,0,20.32,5,IDLE_SHRINK,0,0
2026-02-18T06:07:18.794Z,34,0,20.43,5,IDLE_SHRINK,0,0
2026-02-18T06:07:18.846Z,34,0,20.32,5,IDLE_SHRINK,0,0
2026-02-18T06:07:18.896Z,34,0,20.49,5,IDLE_SHRINK,0,0
2026-02-18T06:07:18.946Z,34,0,20.29,5,IDLE_SHRINK,0,0
2026-02-18T06:07:18.996Z,34,0,20.50,5,IDLE_SHRINK,0,0
2026-02-18T06:07:19.047Z,34,0,20.31,5,IDLE_SHRINK,0,0
2026-02-18T06:07:19.097Z,34,0,19.97,5,IDLE_SHRINK,0,0
2026-02-18T06:07:19.147Z,34,0,20.14,5,IDLE_SHRINK,0,0
2026-02-18T06:07:19.197Z,34,0,19.78,5,IDLE_SHRINK,0,0
2026-02-18T06:07:19.247Z,34,0,20.23,5,IDLE_SHRINK,0,0
2026-02-18T06:07:19.297Z,34,0,20.14,5,IDLE_SHRINK,0,0
2026-02-18T06:07:19.348Z,34,0,20.32,5,IDLE_SHRINK,0,0
2026-02-18T06:07:19.398Z,34,0,19.91,5,IDLE_SHRINK,0,0
2026-02-18T06:07:19.448Z,34,0,20.23,5,IDLE_SHRINK,0,0
2026-02-18T06:07:19.498Z,34,0,20.30,5,IDLE_SHRINK,0,0
2026-02-18T06:07:19.549Z,34,0,20.64,5,IDLE_SHRINK,0,0
2026-02-18T06:07:19.600Z,34,0,20.59,5,IDLE_SHRINK,0,0
2026-02-18T06:07:19.650Z,34,0,20.49,5,IDLE_SHRINK,0,0
2026-02-18T06:07:19.700Z,34,0,20.14,5,IDLE_SHRINK,0,0
2026-02-18T06:07:19.751Z,34,0,20.21,5,IDLE_SHRINK,0,0
2026-02-18T06:07:19.801Z,34,0,20.34,5,IDLE_SHRINK,0,0
2026-02-18T06:07:19.851Z,34,0,20.33,5,IDLE_SHRINK,0,0
2026-02-18T06:07:19.902Z,34,0,20.32,5,IDLE_SHRINK,0,0
2026-02-18T06:07:19.952Z,34,0,20.25,5,IDLE_SHRINK,0,0
2026-02-18T06:07:20.003Z,34,0,20.29,5,IDLE_SHRINK,0,0
2026-02-18T06:07:20.053Z,34,0,20.30,5,IDLE_SHRINK,0,0
2026-02-18T06:07:20.103Z,34,0,20.19,5,IDLE_SHRINK,0,0
2026-02-18T06:07:20.153Z,34,0,20.32,5,IDLE_SHRINK,0,0
2026-02-18T06:07:20.203Z,34,0,20.21,5,IDLE_SHRINK,0,0
2026-02-18T06:07:20.253Z,34,0,20.29,5,IDLE_SHRINK,0,0
2026-02-18T06:07:20.303Z,34,0,20.59,5,IDLE_SHRINK,0,0
2026-02-18T06:07:20.353Z,34,0,20.24,5,IDLE_SHRINK,0,0
2026-02-18T06:07:20.403Z,34,0,20.35,5,IDLE_SHRINK,0,0
2026-02-18T06:07:20.453Z,34,0,20.14,5,IDLE_SHRINK,0,0
2026-02-18T06:07:20.503Z,34,0,20.32,5,IDLE_SHRINK,0,0
2026-02-18T06:07:20.553Z,34,0,20.28,5,IDLE_SHRINK,0,0
2026-02-18T06:07:20.603Z,34,0,20.43,5,IDLE_SHRINK,0,0
2026-02-18T06:07:20.653Z,34,0,20.21,5,IDLE_SHRINK,0,0
2026-02-18T06:07:20.703Z,34,0,20.46,5,IDLE_SHRINK,0,0
2026-02-18T06:07:20.754Z,34,0,20.31,5,IDLE_SHRINK,0,0
2026-02-18T06:07:20.805Z,34,0,20.42,5,IDLE_SHRINK,0,0
2026-02-18T06:07:20.855Z,34,0,20.24,5,IDLE_SHRINK,0,0
2026-02-18T06:07:20.905Z,34,0,20.30,5,IDLE_SHRINK,0,0
2026-02-18T06:07:20.955Z,34,0,20.19,5,IDLE_SHRINK,0,0
2026-02-18T06:07:21.005Z,34,0,20.29,5,IDLE_SHRINK,0,0
2026-02-18T06:07:21.055Z,34,0,20.16,5,IDLE_SHRINK,0,0
2026-02-18T06:07:21.105Z,34,0,20.41,5,IDLE_SHRINK,0,0
2026-02-18T06:07:21.155Z,34,0,20.14,5,IDLE_SHRINK,0,0
2026-02-18T06:07:21.205Z,34,0,20.14,5,IDLE_SHRINK,0,0
2026-02-18T06:07:21.255Z,34,0,20.14,5,IDLE_SHRINK,0,0
2026-02-18T06:07:21.305Z,34,0,20.14,5,IDLE_SHRINK,0,0
2026-02-18T06:07:21.356Z,34,0,20.15,5,IDLE_SHRINK,0,0
2026-02-18T06:07:21.406Z,34,0,20.14,5,IDLE_SHRINK,0,0
2026-02-18T06:07:21.456Z,34,0,19.73,5,IDLE_SHRINK,0,0
2026-02-18T06:07:21.506Z,34,0,20.32,5,IDLE_SHRINK,0,0
2026-02-18T06:07:21.556Z,34,0,20.23,5,IDLE_SHRINK,0,0
2026-02-18T06:07:21.606Z,34,0,20.18,5,IDLE_SHRINK,0,0
2026-02-18T06:07:21.656Z,34,0,20.24,5,IDLE_SHRINK,0,0
2026-02-18T06:07:21.706Z,34,0,20.23,5,IDLE_SHRINK,0,0
2026-02-18T06:07:21.756Z,34,0,20.24,5,IDLE_SHRINK,0,0
2026-02-18T06:07:21.806Z,34,0,20.23,5,IDLE_SHRINK,0,0
2026-02-18T06:07:21.856Z,34,0,20.19,5,IDLE_SHRINK,0,0
2026-02-18T06:07:21.906Z,34,0,20.31,5,IDLE_SHRINK,0,0
2026-02-18T06:07:21.956Z,34,0,20.21,5,IDLE_SHRINK,0,0
2026-02-18T06:07:22.007Z,34,0,20.47,5,IDLE_SHRINK,0,0
2026-02-18T06:07:22.057Z,34,0,20.14,5,IDLE_SHRINK,0,0
2026-02-18T06:07:22.107Z,34,0,20.52,5,IDLE_SHRINK,0,0
2026-02-18T06:07:22.158Z,34,0,20.32,5,IDLE_SHRINK,0,0
2026-02-18T06:07:22.208Z,34,0,19.42,5,IDLE_SHRINK,0,0
2026-02-18T06:07:22.258Z,34,0,20.28,5,IDLE_SHRINK,0,0
2026-02-18T06:07:22.308Z,34,0,20.60,5,IDLE_SHRINK,0,0
2026-02-18T06:07:22.358Z,34,0,20.29,5,IDLE_SHRINK,0,0
2026-02-18T06:07:22.409Z,34,0,20.42,5,IDLE_SHRINK,0,0
2026-02-18T06:07:22.459Z,34,0,20.36,5,IDLE_SHRINK,0,0
2026-02-18T06:07:22.510Z,34,0,20.56,5,IDLE_SHRINK,0,0
2026-02-18T06:07:22.560Z,34,0,20.42,5,IDLE_SHRINK,0,0
2026-02-18T06:07:22.610Z,34,0,20.14,5,IDLE_SHRINK,0,0
2026-02-18T06:07:22.661Z,34,0,20.42,5,IDLE_SHRINK,0,0
2026-02-18T06:07:22.711Z,34,0,20.06,5,IDLE_SHRINK,0,0
2026-02-18T06:07:22.761Z,34,0,20.23,5,IDLE_SHRINK,0,0
2026-02-18T06:07:22.811Z,34,0,20.40,5,IDLE_SHRINK,0,0
2026-02-18T06:07:22.861Z,34,0,20.18,5,IDLE_SHRINK,0,0
2026-02-18T06:07:22.911Z,34,0,20.29,5,IDLE_SHRINK,0,0
2026-02-18T06:07:22.961Z,34,0,20.18,5,IDLE_SHRINK,0,0
2026-02-18T06:07:23.011Z,34,0,20.28,5,IDLE_SHRINK,0,0
2026-02-18T06:07:23.061Z,34,0,20.32,5,IDLE_SHRINK,0,0
2026-02-18T06:07:23.112Z,34,0,20.32,5,IDLE_SHRINK,0,0
2026-02-18T06:07:23.162Z,34,0,20.23,5,IDLE_SHRINK,0,0
2026-02-18T06:07:23.212Z,34,0,20.37,5,IDLE_SHRINK,0,0
2026-02-18T06:07:23.263Z,34,0,20.16,5,IDLE_SHRINK,0,0
2026-02-18T06:07:23.313Z,34,0,20.30,5,IDLE_SHRINK,0,0
2026-02-18T06:07:23.363Z,34,0,20.26,5,IDLE_SHRINK,0,0
2026-02-18T06:07:23.413Z,34,0,20.21,5,IDLE_SHRINK,0,0
2026-02-18T06:07:23.463Z,34,0,20.28,5,IDLE_SHRINK,0,0
2026-02-18T06:07:23.514Z,34,0,20.14,5,IDLE_SHRINK,0,0
2026-02-18T06:07:23.564Z,34,0,20.28,5,IDLE_SHRINK,0,0
2026-02-18T06:07:23.614Z,34,0,20.23,5,IDLE_SHRINK,0,0
2026-02-18T06:07:23.665Z,34,0,20.21,5,IDLE_SHRINK,0,0
2026-02-18T06:07:23.715Z,34,0,20.19,5,IDLE_SHRINK,0,0
2026-02-18T06:07:23.765Z,34,0,20.24,5,IDLE_SHRINK,0,0
2026-02-18T06:07:23.815Z,34,0,20.41,5,IDLE_SHRINK,0,0
2026-02-18T06:07:23.865Z,34,0,20.28,5,IDLE_SHRINK,0,0
2026-02-18T06:07:23.915Z,34,0,20.50,5,IDLE_SHRINK,0,0
2026-02-18T06:07:23.965Z,34,0,20.32,5,IDLE_SHRINK,0,0
2026-02-18T06:07:24.015Z,34,0,20.47,5,IDLE_SHRINK,0,0
2026-02-18T06:07:24.066Z,34,0,20.41,5,IDLE_SHRINK,0,0
2026-02-18T06:07:24.116Z,34,0,19.88,5,IDLE_SHRINK,0,0
2026-02-18T06:07:24.166Z,34,0,20.23,5,IDLE_SHRINK,0,0
2026-02-18T06:07:24.217Z,34,0,19.54,5,IDLE_SHRINK,0,0
2026-02-18T06:07:24.267Z,34,0,20.45,5,IDLE_SHRINK,0,0
2026-02-18T06:07:24.317Z,34,0,19.80,5,IDLE_SHRINK,0,0
2026-02-18T06:07:24.368Z,34,0,20.24,5,IDLE_SHRINK,0,0
2026-02-18T06:07:24.418Z,34,0,20.77,5,IDLE_SHRINK,0,0
2026-02-18T06:07:24.468Z,34,0,20.30,5,IDLE_SHRINK,0,0
2026-02-18T06:07:24.518Z,34,0,20.73,5,IDLE_SHRINK,0,0
2026-02-18T06:07:24.568Z,34,0,20.32,5,IDLE_SHRINK,0,0
2026-02-18T06:07:24.618Z,34,0,19.51,5,IDLE_SHRINK,0,0
2026-02-18T06:07:24.668Z,34,0,20.32,5,IDLE_SHRINK,0,0
2026-02-18T06:07:24.719Z,34,0,20.60,5,IDLE_SHRINK,0,0
2026-02-18T06:07:24.769Z,34,0,20.28,5,IDLE_SHRINK,0,0
2026-02-18T06:07:24.819Z,34,0,20.39,5,IDLE_SHRINK,0,0
2026-02-18T06:07:24.870Z,34,0,20.26,5,IDLE_SHRINK,0,0
2026-02-18T06:07:24.921Z,34,0,20.32,5,IDLE_SHRINK,0,0
2026-02-18T06:07:24.972Z,34,0,20.19,5,IDLE_SHRINK,0,0
2026-02-18T06:07:25.022Z,34,0,20.01,5,IDLE_SHRINK,0,0
2026-02-18T06:07:25.072Z,34,0,20.35,5,IDLE_SHRINK,0,0
2026-02-18T06:07:25.122Z,34,0,19.65,5,IDLE_SHRINK,0,0
2026-02-18T06:07:25.172Z,34,0,20.23,5,IDLE_SHRINK,0,0
2026-02-18T06:07:25.222Z,34,0,19.57,5,IDLE_SHRINK,0,0
2026-02-18T06:07:25.272Z,34,0,20.21,5,IDLE_SHRINK,0,0
2026-02-18T06:07:25.322Z,34,0,20.27,5,IDLE_SHRINK,0,0
2026-02-18T06:07:25.372Z,34,0,20.16,5,IDLE_SHRINK,0,0
2026-02-18T06:07:25.423Z,34,0,20.37,5,IDLE_SHRINK,0,0
2026-02-18T06:07:25.473Z,34,0,20.32,5,IDLE_SHRINK,0,0
2026-02-18T06:07:25.523Z,34,0,20.48,5,IDLE_SHRINK,0,0
2026-02-18T06:07:25.575Z,34,0,20.34,5,IDLE_SHRINK,0,0
2026-02-18T06:07:25.625Z,34,0,20.44,5,IDLE_SHRINK,0,0
2026-02-18T06:07:25.677Z,34,0,20.18,5,IDLE_SHRINK,0,0
2026-02-18T06:07:25.727Z,34,0,19.91,5,IDLE_SHRINK,0,0
2026-02-18T06:07:25.777Z,34,0,20.26,5,IDLE_SHRINK,0,0
2026-02-18T06:07:25.827Z,34,0,19.91,5,IDLE_SHRINK,0,0
2026-02-18T06:07:25.877Z,34,0,20.24,5,IDLE_SHRINK,0,0
2026-02-18T06:07:25.927Z,34,0,20.46,5,IDLE_SHRINK,0,0
2026-02-18T06:07:25.977Z,34,0,20.32,5,IDLE_SHRINK,0,0
2026-02-18T06:07:26.027Z,34,0,19.97,5,IDLE_SHRINK,0,0
2026-02-18T06:07:26.078Z,34,0,20.39,5,IDLE_SHRINK,0,0
2026-02-18T06:07:26.128Z,34,0,20.65,5,IDLE_SHRINK,0,0
2026-02-18T06:07:26.178Z,34,0,20.98,5,IDLE_SHRINK,0,0
2026-02-18T06:07:26.228Z,34,0,20.26,5,IDLE_SHRINK,0,0
2026-02-18T06:07:26.278Z,34,0,20.19,5,IDLE_SHRINK,0,0
2026-02-18T06:07:26.328Z,34,0,20.42,5,IDLE_SHRINK,0,0
2026-02-18T06:07:26.378Z,34,0,20.19,5,IDLE_SHRINK,0,0
2026-02-18T06:07:26.428Z,34,0,19.44,5,IDLE_SHRINK,0,0
2026-02-18T06:07:26.478Z,34,0,20.19,5,IDLE_SHRINK,0,0
2026-02-18T06:07:26.528Z,34,0,19.49,5,IDLE_SHRINK,0,0
2026-02-18T06:07:26.578Z,34,0,20.23,5,IDLE_SHRINK,0,0
2026-02-18T06:07:26.628Z,34,0,19.39,5,IDLE_SHRINK,0,0
2026-02-18T06:07:26.678Z,34,0,20.28,5,IDLE_SHRINK,0,0
2026-02-18T06:07:26.729Z,34,0,20.60,5,IDLE_SHRINK,0,0
2026-02-18T06:07:26.779Z,34,0,20.37,5,IDLE_SHRINK,0,0
2026-02-18T06:07:26.830Z,34,0,20.54,5,IDLE_SHRINK,0,0
2026-02-18T06:07:26.880Z,34,0,20.23,5,IDLE_SHRINK,0,0
2026-02-18T06:07:26.930Z,34,0,20.34,5,IDLE_SHRINK,0,0
2026-02-18T06:07:26.980Z,34,0,20.39,5,IDLE_SHRINK,0,0
2026-02-18T06:07:27.030Z,34,0,20.41,5,IDLE_SHRINK,0,0
2026-02-18T06:07:27.081Z,34,0,20.36,5,IDLE_SHRINK,0,0
2026-02-18T06:07:27.131Z,34,0,19.78,5,IDLE_SHRINK,0,0
2026-02-18T06:07:27.182Z,34,0,20.28,5,IDLE_SHRINK,0,0
2026-02-18T06:07:27.232Z,34,0,21.00,5,IDLE_SHRINK,0,0
2026-02-18T06:07:27.282Z,34,0,20.28,5,IDLE_SHRINK,0,0
2026-02-18T06:07:27.332Z,34,0,19.70,5,IDLE_SHRINK,0,0
2026-02-18T06:07:27.382Z,34,0,20.52,5,IDLE_SHRINK,0,0
2026-02-18T06:07:27.433Z,34,0,20.73,5,IDLE_SHRINK,0,0
2026-02-18T06:07:27.483Z,34,0,19.67,5,IDLE_SHRINK,0,0
2026-02-18T06:07:27.533Z,34,0,20.75,5,IDLE_SHRINK,0,0
2026-02-18T06:07:27.584Z,34,0,20.50,5,IDLE_SHRINK,0,0
2026-02-18T06:07:27.634Z,34,0,20.10,5,IDLE_SHRINK,0,0
2026-02-18T06:07:27.685Z,34,0,20.54,5,IDLE_SHRINK,0,0
2026-02-18T06:07:27.735Z,34,0,20.87,5,IDLE_SHRINK,0,0
2026-02-18T06:07:27.786Z,34,0,20.37,5,IDLE_SHRINK,0,0
2026-02-18T06:07:27.836Z,34,0,19.91,5,IDLE_SHRINK,0,0
2026-02-18T06:07:27.886Z,34,0,20.37,5,IDLE_SHRINK,0,0
2026-02-18T06:07:27.936Z,34,0,20.00,5,IDLE_SHRINK,0,0
2026-02-18T06:07:27.987Z,34,0,20.24,5,IDLE_SHRINK,0,0
2026-02-18T06:07:28.037Z,34,0,20.47,5,IDLE_SHRINK,0,0
2026-02-18T06:07:28.088Z,34,0,20.60,5,IDLE_SHRINK,0,0
2026-02-18T06:07:28.138Z,34,0,20.57,5,IDLE_SHRINK,0,0
2026-02-18T06:07:28.189Z,34,0,20.57,5,IDLE_SHRINK,0,0
2026-02-18T06:07:28.239Z,34,0,20.34,5,IDLE_SHRINK,0,0
2026-02-18T06:07:28.290Z,34,0,20.39,5,IDLE_SHRINK,0,0
2026-02-18T06:07:28.340Z,34,0,20.60,5,IDLE_SHRINK,0,0
2026-02-18T06:07:28.390Z,34,0,20.39,5,IDLE_SHRINK,0,0
2026-02-18T06:07:28.441Z,34,0,20.25,5,IDLE_SHRINK,0,0
2026-02-18T06:07:28.491Z,34,0,20.39,5,IDLE_SHRINK,0,0
2026-02-18T06:07:28.541Z,34,0,20.93,5,IDLE_SHRINK,0,0
2026-02-18T06:07:28.591Z,34,0,20.26,5,IDLE_SHRINK,0,0
2026-02-18T06:07:28.642Z,34,0,21.06,5,IDLE_SHRINK,0,0
2026-02-18T06:07:28.691Z,34,0,20.45,5,IDLE_SHRINK,0,0
2026-02-18T06:07:28.741Z,34,0,20.98,5,IDLE_SHRINK,0,0
2026-02-18T06:07:28.791Z,34,0,20.45,5,IDLE_SHRINK,0,0
2026-02-18T06:07:28.842Z,34,0,20.09,5,IDLE_SHRINK,0,0
2026-02-18T06:07:28.893Z,34,0,20.50,5,IDLE_SHRINK,0,0
2026-02-18T06:07:28.943Z,34,0,19.82,5,IDLE_SHRINK,0,0
2026-02-18T06:07:28.995Z,34,0,20.24,5,IDLE_SHRINK,0,0
2026-02-18T06:07:29.045Z,34,0,20.64,5,IDLE_SHRINK,0,0
2026-02-18T06:07:29.095Z,34,0,20.23,5,IDLE_SHRINK,0,0
2026-02-18T06:07:29.146Z,34,0,20.64,5,IDLE_SHRINK,0,0
2026-02-18T06:07:29.196Z,34,0,20.19,5,IDLE_SHRINK,0,0
2026-02-18T06:07:29.246Z,34,0,19.73,5,IDLE_SHRINK,0,0
2026-02-18T06:07:29.296Z,34,0,20.37,5,IDLE_SHRINK,0,0
2026-02-18T06:07:29.346Z,34,0,19.87,5,IDLE_SHRINK,0,0
2026-02-18T06:07:29.397Z,34,0,20.50,5,IDLE_SHRINK,0,0
2026-02-18T06:07:29.447Z,34,0,20.62,5,IDLE_SHRINK,0,0
2026-02-18T06:07:29.498Z,34,0,20.39,5,IDLE_SHRINK,0,0
2026-02-18T06:07:29.549Z,34,0,20.54,5,IDLE_SHRINK,0,0
2026-02-18T06:07:29.599Z,34,0,20.42,5,IDLE_SHRINK,0,0
2026-02-18T06:07:29.649Z,34,0,20.64,5,IDLE_SHRINK,0,0
2026-02-18T06:07:29.700Z,34,0,20.24,5,IDLE_SHRINK,0,0
2026-02-18T06:07:29.750Z,34,0,20.26,5,IDLE_SHRINK,0,0
2026-02-18T06:07:29.800Z,34,0,20.34,5,IDLE_SHRINK,0,0
2026-02-18T06:07:29.850Z,34,0,20.68,5,IDLE_SHRINK,0,0
2026-02-18T06:07:29.900Z,34,0,20.50,5,IDLE_SHRINK,0,0
2026-02-18T06:07:29.950Z,34,0,19.49,5,IDLE_SHRINK,0,0
2026-02-18T06:07:30.000Z,34,0,20.19,5,IDLE_SHRINK,0,0
2026-02-18T06:07:30.050Z,34,0,19.46,5,IDLE_SHRINK,0,0
2026-02-18T06:07:30.100Z,34,0,20.19,5,IDLE_SHRINK,0,0
2026-02-18T06:07:30.150Z,34,0,19.62,5,IDLE_SHRINK,0,0
2026-02-18T06:07:30.201Z,34,0,20.47,5,IDLE_SHRINK,0,0
2026-02-18T06:07:30.252Z,34,0,20.42,5,IDLE_SHRINK,0,0
2026-02-18T06:07:30.302Z,34,0,20.17,5,IDLE_SHRINK,0,0
2026-02-18T06:07:30.354Z,34,0,20.52,5,IDLE_SHRINK,0,0
2026-02-18T06:07:30.405Z,34,0,20.20,5,IDLE_SHRINK,0,0
2026-02-18T06:07:30.455Z,34,0,20.55,5,IDLE_SHRINK,0,0
2026-02-18T06:07:30.505Z,34,0,20.17,5,IDLE_SHRINK,0,0
2026-02-18T06:07:30.555Z,34,0,20.52,5,IDLE_SHRINK,0,0
2026-02-18T06:07:30.605Z,34,0,20.17,5,IDLE_SHRINK,0,0
2026-02-18T06:07:30.656Z,34,0,20.50,5,IDLE_SHRINK,0,0
2026-02-18T06:07:30.707Z,34,0,20.27,5,IDLE_SHRINK,0,0
2026-02-18T06:07:30.758Z,34,0,20.72,5,IDLE_SHRINK,0,0
2026-02-18T06:07:30.808Z,34,0,20.16,5,IDLE_SHRINK,0,0
2026-02-18T06:07:30.860Z,34,0,20.46,5,IDLE_SHRINK,0,0
2026-02-18T06:07:30.910Z,34,0,20.23,5,IDLE_SHRINK,0,0
2026-02-18T06:07:30.961Z,34,0,20.65,5,IDLE_SHRINK,0,0
2026-02-18T06:07:31.011Z,34,0,20.19,5,IDLE_SHRINK,0,0
2026-02-18T06:07:31.061Z,34,0,20.01,5,IDLE_SHRINK,0,0
2026-02-18T06:07:31.113Z,34,0,20.33,5,IDLE_SHRINK,0,0
2026-02-18T06:07:31.163Z,34,0,20.16,5,IDLE_SHRINK,0,0
2026-02-18T06:07:31.213Z,34,0,20.29,5,IDLE_SHRINK,0,0
2026-02-18T06:07:31.264Z,34,0,20.83,5,IDLE_SHRINK,0,0
2026-02-18T06:07:31.315Z,34,0,20.32,5,IDLE_SHRINK,0,0
2026-02-18T06:07:31.366Z,34,0,19.85,5,IDLE_SHRINK,0,0
2026-02-18T06:07:31.416Z,34,0,20.19,5,IDLE_SHRINK,0,0
2026-02-18T06:07:31.467Z,34,0,20.62,5,IDLE_SHRINK,0,0
2026-02-18T06:07:31.518Z,34,0,20.19,5,IDLE_SHRINK,0,0
2026-02-18T06:07:31.568Z,34,0,20.35,5,IDLE_SHRINK,0,0
2026-02-18T06:07:31.619Z,34,0,20.29,5,IDLE_SHRINK,0,0
2026-02-18T06:07:31.668Z,34,0,20.25,5,IDLE_SHRINK,0,0
2026-02-18T06:07:31.719Z,34,0,20.32,5,IDLE_SHRINK,0,0
2026-02-18T06:07:31.769Z,34,0,20.29,5,IDLE_SHRINK,0,0
2026-02-18T06:07:31.820Z,34,0,20.31,5,IDLE_SHRINK,0,0
2026-02-18T06:07:31.871Z,34,0,20.26,5,IDLE_SHRINK,0,0
2026-02-18T06:07:31.921Z,34,0,20.28,5,IDLE_SHRINK,0,0
2026-02-18T06:07:31.971Z,34,0,20.24,5,IDLE_SHRINK,0,0
2026-02-18T06:07:32.021Z,34,0,20.19,5,IDLE_SHRINK,0,0
2026-02-18T06:07:32.072Z,34,0,20.18,5,IDLE_SHRINK,0,0
2026-02-18T06:07:32.123Z,34,0,20.22,5,IDLE_SHRINK,0,0
2026-02-18T06:07:32.173Z,34,0,19.83,5,IDLE_SHRINK,0,0
2026-02-18T06:07:32.224Z,34,0,20.24,5,IDLE_SHRINK,0,0
2026-02-18T06:07:32.274Z,34,0,19.83,5,IDLE_SHRINK,0,0
2026-02-18T06:07:32.324Z,34,0,20.28,5,IDLE_SHRINK,0,0
2026-02-18T06:07:32.374Z,34,0,20.31,5,IDLE_SHRINK,0,0
2026-02-18T06:07:32.424Z,34,0,20.26,5,IDLE_SHRINK,0,0
2026-02-18T06:07:32.474Z,34,0,20.18,5,IDLE_SHRINK,0,0
2026-02-18T06:07:32.524Z,34,0,20.30,5,IDLE_SHRINK,0,0
2026-02-18T06:07:32.574Z,34,0,20.41,5,IDLE_SHRINK,0,0
2026-02-18T06:07:32.624Z,34,0,20.29,5,IDLE_SHRINK,0,0
2026-02-18T06:07:32.674Z,34,0,20.32,5,IDLE_SHRINK,0,0
2026-02-18T06:07:32.724Z,34,0,20.28,5,IDLE_SHRINK,0,0
2026-02-18T06:07:32.775Z,34,0,20.31,5,IDLE_SHRINK,0,0
2026-02-18T06:07:32.825Z,34,0,20.33,5,IDLE_SHRINK,0,0
2026-02-18T06:07:32.875Z,34,0,20.34,5,IDLE_SHRINK,0,0
2026-02-18T06:07:32.927Z,34,0,20.28,5,IDLE_SHRINK,0,0
2026-02-18T06:07:32.977Z,34,0,20.24,5,IDLE_SHRINK,0,0
2026-02-18T06:07:33.027Z,34,0,20.24,5,IDLE_SHRINK,0,0
2026-02-18T06:07:33.078Z,34,0,20.36,5,IDLE_SHRINK,0,0
2026-02-18T06:07:33.128Z,34,0,20.33,5,IDLE_SHRINK,0,0
2026-02-18T06:07:33.178Z,34,0,20.93,5,IDLE_SHRINK,0,0
2026-02-18T06:07:33.228Z,34,0,20.24,5,IDLE_SHRINK,0,0
2026-02-18T06:07:33.278Z,34,0,20.26,5,IDLE_SHRINK,0,0
2026-02-18T06:07:33.328Z,34,0,20.47,5,IDLE_SHRINK,0,0
2026-02-18T06:07:33.378Z,34,0,20.35,5,IDLE_SHRINK,0,0
2026-02-18T06:07:33.429Z,34,0,20.19,5,IDLE_SHRINK,0,0
2026-02-18T06:07:33.479Z,34,0,20.40,5,IDLE_SHRINK,0,0
2026-02-18T06:07:33.531Z,34,0,20.36,5,IDLE_SHRINK,0,0
2026-02-18T06:07:33.581Z,34,0,20.36,5,IDLE_SHRINK,0,0
2026-02-18T06:07:33.631Z,34,0,20.29,5,IDLE_SHRINK,0,0
2026-02-18T06:07:33.681Z,34,0,20.35,5,IDLE_SHRINK,0,0
2026-02-18T06:07:33.731Z,34,0,20.21,5,IDLE_SHRINK,0,0
2026-02-18T06:07:33.781Z,34,0,20.20,5,IDLE_SHRINK,0,0
2026-02-18T06:07:33.831Z,34,0,20.24,5,IDLE_SHRINK,0,0
2026-02-18T06:07:33.881Z,34,0,20.20,5,IDLE_SHRINK,0,0
2026-02-18T06:07:33.931Z,34,0,20.18,5,IDLE_SHRINK,0,0
2026-02-18T06:07:33.981Z,34,0,20.22,5,IDLE_SHRINK,0,0
2026-02-18T06:07:34.031Z,34,0,20.13,5,IDLE_SHRINK,0,0
2026-02-18T06:07:34.081Z,34,0,20.34,5,IDLE_SHRINK,0,0
2026-02-18T06:07:34.131Z,34,0,20.29,5,IDLE_SHRINK,0,0
2026-02-18T06:07:34.181Z,34,0,20.36,5,IDLE_SHRINK,0,0
2026-02-18T06:07:34.231Z,34,0,20.31,5,IDLE_SHRINK,0,0
2026-02-18T06:07:34.281Z,34,0,20.29,5,IDLE_SHRINK,0,0
2026-02-18T06:07:34.331Z,34,0,20.18,5,IDLE_SHRINK,0,0
2026-02-18T06:07:34.381Z,34,0,20.26,5,IDLE_SHRINK,0,0
2026-02-18T06:07:34.431Z,34,0,20.28,5,IDLE_SHRINK,0,0
2026-02-18T06:07:34.482Z,34,0,20.42,5,IDLE_SHRINK,0,0
2026-02-18T06:07:34.532Z,34,0,20.32,5,IDLE_SHRINK,0,0
2026-02-18T06:07:34.583Z,34,0,20.52,5,IDLE_SHRINK,0,0
2026-02-18T06:07:34.633Z,34,0,20.52,5,IDLE_SHRINK,0,0
2026-02-18T06:07:34.683Z,34,0,20.31,5,IDLE_SHRINK,0,0
2026-02-18T06:07:34.733Z,34,0,19.77,5,IDLE_SHRINK,0,0
2026-02-18T06:07:34.783Z,34,0,20.23,5,IDLE_SHRINK,0,0
2026-02-18T06:07:34.833Z,34,0,20.32,5,IDLE_SHRINK,0,0
2026-02-18T06:07:34.884Z,34,0,20.28,5,IDLE_SHRINK,0,0
2026-02-18T06:07:34.934Z,34,0,20.36,5,IDLE_SHRINK,0,0
2026-02-18T06:07:34.984Z,34,0,20.42,5,IDLE_SHRINK,0,0
2026-02-18T06:07:35.034Z,34,0,20.21,5,IDLE_SHRINK,0,0
2026-02-18T06:07:35.084Z,34,0,20.28,5,IDLE_SHRINK,0,0
2026-02-18T06:07:35.135Z,34,0,20.39,5,IDLE_SHRINK,0,0
2026-02-18T06:07:35.235Z,34,0,31.83,5,LAG_SHRINK,0,0
2026-02-18T06:07:35.335Z,34,0,99.06,5,LAG_SHRINK,0,0
2026-02-18T06:07:35.434Z,34,0,49.00,5,LAG_SHRINK,0,0
2026-02-18T06:07:35.534Z,34,0,50.00,5,LAG_SHRINK,0,0
2026-02-18T06:07:35.634Z,34,0,50.00,5,LAG_SHRINK,0,0
2026-02-18T06:07:36.150Z,34,0,466.00,5,LAG_SHRINK,0,0
2026-02-18T06:07:36.234Z,34,0,34.00,5,LAG_SHRINK,0,0
2026-02-18T06:07:36.284Z,34,0,20.38,5,IDLE_SHRINK,0,0
2026-02-18T06:07:36.334Z,34,0,20.23,5,IDLE_SHRINK,0,0
2026-02-18T06:07:36.384Z,34,0,19.91,5,IDLE_SHRINK,0,0
2026-02-18T06:07:36.434Z,34,0,20.18,5,IDLE_SHRINK,0,0
2026-02-18T06:07:36.484Z,34,0,20.43,5,IDLE_SHRINK,0,0
2026-02-18T06:07:36.535Z,34,0,20.37,5,IDLE_SHRINK,0,0
2026-02-18T06:07:36.586Z,34,0,20.56,5,IDLE_SHRINK,0,0
2026-02-18T06:07:36.637Z,34,0,20.23,5,IDLE_SHRINK,0,0
2026-02-18T06:07:36.687Z,34,0,20.49,5,IDLE_SHRINK,0,0
2026-02-18T06:07:36.737Z,34,0,20.24,5,IDLE_SHRINK,0,0
2026-02-18T06:07:36.787Z,34,0,20.62,5,IDLE_SHRINK,0,0
2026-02-18T06:07:36.838Z,34,0,20.54,5,IDLE_SHRINK,0,0
2026-02-18T06:07:36.889Z,34,0,20.00,5,IDLE_SHRINK,0,0
2026-02-18T06:07:36.939Z,34,0,20.46,5,IDLE_SHRINK,0,0
2026-02-18T06:07:36.989Z,34,0,20.57,5,IDLE_SHRINK,0,0
2026-02-18T06:07:37.040Z,34,0,20.46,5,IDLE_SHRINK,0,0
2026-02-18T06:07:37.090Z,34,0,20.19,5,IDLE_SHRINK,0,0
2026-02-18T06:07:37.140Z,34,0,20.34,5,IDLE_SHRINK,0,0
2026-02-18T06:07:37.190Z,34,0,21.08,5,IDLE_SHRINK,0,0
2026-02-18T06:07:37.240Z,34,0,19.85,5,IDLE_SHRINK,0,0
2026-02-18T06:07:37.290Z,34,0,20.41,5,IDLE_SHRINK,0,0
2026-02-18T06:07:37.340Z,34,0,20.37,5,IDLE_SHRINK,0,0
2026-02-18T06:07:37.391Z,34,0,20.54,5,IDLE_SHRINK,0,0
2026-02-18T06:07:37.441Z,34,0,20.18,5,IDLE_SHRINK,0,0
2026-02-18T06:07:37.491Z,34,0,20.47,5,IDLE_SHRINK,0,0
2026-02-18T06:07:37.542Z,34,0,20.19,5,IDLE_SHRINK,0,0
2026-02-18T06:07:37.592Z,34,0,20.49,5,IDLE_SHRINK,0,0
2026-02-18T06:07:37.642Z,34,0,19.84,5,IDLE_SHRINK,0,0
2026-02-18T06:07:37.692Z,34,0,20.36,5,IDLE_SHRINK,0,0
2026-02-18T06:07:37.742Z,34,0,20.23,5,IDLE_SHRINK,0,0
2026-02-18T06:07:37.793Z,34,0,20.23,5,IDLE_SHRINK,0,0
2026-02-18T06:07:37.843Z,34,0,20.19,5,IDLE_SHRINK,0,0
2026-02-18T06:07:37.894Z,34,0,20.16,5,IDLE_SHRINK,0,0
2026-02-18T06:07:37.944Z,34,0,20.23,5,IDLE_SHRINK,0,0
2026-02-18T06:07:37.996Z,34,0,20.19,5,IDLE_SHRINK,0,0
2026-02-18T06:07:38.047Z,34,0,20.27,5,IDLE_SHRINK,0,0
2026-02-18T06:07:38.097Z,34,0,20.23,5,IDLE_SHRINK,0,0
2026-02-18T06:07:38.147Z,34,0,20.16,5,IDLE_SHRINK,0,0
2026-02-18T06:07:38.198Z,34,0,20.19,5,IDLE_SHRINK,0,0
2026-02-18T06:07:38.248Z,34,0,20.04,5,IDLE_SHRINK,0,0
2026-02-18T06:07:38.298Z,34,0,20.19,5,IDLE_SHRINK,0,0
2026-02-18T06:07:38.349Z,34,0,19.75,5,IDLE_SHRINK,0,0
2026-02-18T06:07:38.400Z,34,0,20.24,5,IDLE_SHRINK,0,0
2026-02-18T06:07:38.449Z,34,0,19.80,5,IDLE_SHRINK,0,0
2026-02-18T06:07:38.499Z,34,0,20.29,5,IDLE_SHRINK,0,0
2026-02-18T06:07:38.549Z,34,0,19.73,5,IDLE_SHRINK,0,0
2026-02-18T06:07:38.600Z,34,0,20.23,5,IDLE_SHRINK,0,0
2026-02-18T06:07:38.650Z,34,0,20.27,5,IDLE_SHRINK,0,0
2026-02-18T06:07:38.700Z,34,0,20.26,5,IDLE_SHRINK,0,0
2026-02-18T06:07:38.750Z,34,0,20.23,5,IDLE_SHRINK,0,0
2026-02-18T06:07:38.801Z,34,0,20.24,5,IDLE_SHRINK,0,0
2026-02-18T06:07:38.850Z,34,0,20.59,5,IDLE_SHRINK,0,0
2026-02-18T06:07:38.900Z,34,0,20.26,5,IDLE_SHRINK,0,0
2026-02-18T06:07:38.950Z,34,0,20.48,5,IDLE_SHRINK,0,0
2026-02-18T06:07:39.000Z,34,0,20.26,5,IDLE_SHRINK,0,0
2026-02-18T06:07:39.050Z,34,0,20.23,5,IDLE_SHRINK,0,0
2026-02-18T06:07:39.100Z,34,0,20.21,5,IDLE_SHRINK,0,0
2026-02-18T06:07:39.150Z,34,0,20.23,5,IDLE_SHRINK,0,0
2026-02-18T06:07:39.201Z,34,0,20.23,5,IDLE_SHRINK,0,0
2026-02-18T06:07:39.251Z,34,0,20.37,5,IDLE_SHRINK,0,0
2026-02-18T06:07:39.301Z,34,0,20.23,5,IDLE_SHRINK,0,0
2026-02-18T06:07:39.351Z,34,0,20.28,5,IDLE_SHRINK,0,0
2026-02-18T06:07:39.402Z,34,0,19.83,5,IDLE_SHRINK,0,0
2026-02-18T06:07:39.453Z,34,0,20.19,5,IDLE_SHRINK,0,0
2026-02-18T06:07:39.503Z,34,0,20.21,5,IDLE_SHRINK,0,0
2026-02-18T06:07:39.553Z,34,0,20.21,5,IDLE_SHRINK,0,0
2026-02-18T06:07:39.603Z,34,0,20.43,5,IDLE_SHRINK,0,0
2026-02-18T06:07:39.653Z,34,0,20.24,5,IDLE_SHRINK,0,0
2026-02-18T06:07:39.703Z,34,0,20.42,5,IDLE_SHRINK,0,0
2026-02-18T06:07:39.753Z,34,0,20.26,5,IDLE_SHRINK,0,0
2026-02-18T06:07:39.804Z,34,0,20.32,5,IDLE_SHRINK,0,0
2026-02-18T06:07:39.854Z,34,0,20.23,5,IDLE_SHRINK,0,0
2026-02-18T06:07:39.904Z,34,0,19.82,5,IDLE_SHRINK,0,0
2026-02-18T06:07:39.954Z,34,0,20.24,5,IDLE_SHRINK,0,0
2026-02-18T06:07:40.005Z,34,0,20.21,5,IDLE_SHRINK,0,0
2026-02-18T06:07:40.056Z,34,0,20.21,5,IDLE_SHRINK,0,0
2026-02-18T06:07:40.106Z,34,0,20.34,5,IDLE_SHRINK,0,0
2026-02-18T06:07:40.156Z,34,0,20.26,5,IDLE_SHRINK,0,0
2026-02-18T06:07:40.206Z,34,0,20.24,5,IDLE_SHRINK,0,0
2026-02-18T06:07:40.257Z,34,0,20.43,5,IDLE_SHRINK,0,0
2026-02-18T06:07:40.307Z,34,0,20.26,5,IDLE_SHRINK,0,0
2026-02-18T06:07:40.357Z,34,0,20.37,5,IDLE_SHRINK,0,0
2026-02-18T06:07:40.407Z,34,0,20.21,5,IDLE_SHRINK,0,0
2026-02-18T06:07:40.466Z,34,0,20.20,5,IDLE_SHRINK,0,0
2026-02-18T06:07:40.517Z,34,0,20.53,5,IDLE_SHRINK,0,0
2026-02-18T06:07:40.567Z,34,0,20.18,5,IDLE_SHRINK,0,0
2026-02-18T06:07:40.617Z,34,0,20.28,5,IDLE_SHRINK,0,0
2026-02-18T06:07:40.669Z,34,0,35.60,5,LAG_SHRINK,0,0
2026-02-18T06:07:40.719Z,34,0,20.34,5,IDLE_SHRINK,0,0
2026-02-18T06:07:40.770Z,34,0,19.85,5,IDLE_SHRINK,0,0
2026-02-18T06:07:40.820Z,34,0,20.28,5,IDLE_SHRINK,0,0
2026-02-18T06:07:40.870Z,34,0,20.41,5,IDLE_SHRINK,0,0
2026-02-18T06:07:40.921Z,34,0,20.31,5,IDLE_SHRINK,0,0
2026-02-18T06:07:40.971Z,34,0,20.16,5,IDLE_SHRINK,0,0
2026-02-18T06:07:41.022Z,34,0,20.23,5,IDLE_SHRINK,0,0
2026-02-18T06:07:41.072Z,34,0,20.24,5,IDLE_SHRINK,0,0
2026-02-18T06:07:41.122Z,34,0,20.28,5,IDLE_SHRINK,0,0
2026-02-18T06:07:41.172Z,34,0,20.21,5,IDLE_SHRINK,0,0
2026-02-18T06:07:41.223Z,34,0,20.25,5,IDLE_SHRINK,0,0
2026-02-18T06:07:41.274Z,34,0,20.23,5,IDLE_SHRINK,0,0
2026-02-18T06:07:41.324Z,34,0,20.23,5,IDLE_SHRINK,0,0
2026-02-18T06:07:41.374Z,34,0,20.29,5,IDLE_SHRINK,0,0
2026-02-18T06:07:41.424Z,34,0,20.38,5,IDLE_SHRINK,0,0
2026-02-18T06:07:41.474Z,34,0,20.18,5,IDLE_SHRINK,0,0
2026-02-18T06:07:41.524Z,34,0,20.19,5,IDLE_SHRINK,0,0
2026-02-18T06:07:41.575Z,34,0,20.24,5,IDLE_SHRINK,0,0
2026-02-18T06:07:41.625Z,34,0,20.60,5,IDLE_SHRINK,0,0
2026-02-18T06:07:41.675Z,34,0,20.26,5,IDLE_SHRINK,0,0
2026-02-18T06:07:41.726Z,34,0,20.22,5,IDLE_SHRINK,0,0
2026-02-18T06:07:41.776Z,34,0,20.24,5,IDLE_SHRINK,0,0
2026-02-18T06:07:41.826Z,34,0,19.73,5,IDLE_SHRINK,0,0
2026-02-18T06:07:41.876Z,34,0,20.24,5,IDLE_SHRINK,0,0
2026-02-18T06:07:41.926Z,34,0,20.21,5,IDLE_SHRINK,0,0
2026-02-18T06:07:41.977Z,34,0,20.24,5,IDLE_SHRINK,0,0
2026-02-18T06:07:42.027Z,34,0,20.22,5,IDLE_SHRINK,0,0
2026-02-18T06:07:42.077Z,34,0,20.23,5,IDLE_SHRINK,0,0
2026-02-18T06:07:42.127Z,34,0,20.24,5,IDLE_SHRINK,0,0
2026-02-18T06:07:42.177Z,34,0,20.23,5,IDLE_SHRINK,0,0
2026-02-18T06:07:42.227Z,34,0,19.28,5,IDLE_SHRINK,0,0
2026-02-18T06:07:42.277Z,34,0,20.61,5,IDLE_SHRINK,0,0
2026-02-18T06:07:42.327Z,34,0,20.29,5,IDLE_SHRINK,0,0
2026-02-18T06:07:42.378Z,34,0,20.28,5,IDLE_SHRINK,0,0
2026-02-18T06:07:42.428Z,34,0,20.26,5,IDLE_SHRINK,0,0
2026-02-18T06:07:42.478Z,34,0,20.26,5,IDLE_SHRINK,0,0
2026-02-18T06:07:42.529Z,34,0,20.21,5,IDLE_SHRINK,0,0
2026-02-18T06:07:42.579Z,34,0,20.29,5,IDLE_SHRINK,0,0
2026-02-18T06:07:42.629Z,34,0,20.36,5,IDLE_SHRINK,0,0
2026-02-18T06:07:42.679Z,34,0,20.21,5,IDLE_SHRINK,0,0
2026-02-18T06:07:42.730Z,34,0,20.28,5,IDLE_SHRINK,0,0
2026-02-18T06:07:42.781Z,34,0,20.28,5,IDLE_SHRINK,0,0
2026-02-18T06:07:42.831Z,34,0,20.32,5,IDLE_SHRINK,0,0
2026-02-18T06:07:42.882Z,34,0,20.45,5,IDLE_SHRINK,0,0
2026-02-18T06:07:42.932Z,34,0,20.19,5,IDLE_SHRINK,0,0
2026-02-18T06:07:42.982Z,34,0,20.28,5,IDLE_SHRINK,0,0
2026-02-18T06:07:43.032Z,34,0,20.31,5,IDLE_SHRINK,0,0
2026-02-18T06:07:43.082Z,34,0,20.24,5,IDLE_SHRINK,0,0
2026-02-18T06:07:43.132Z,34,0,20.31,5,IDLE_SHRINK,0,0
2026-02-18T06:07:43.182Z,34,0,20.32,5,IDLE_SHRINK,0,0
2026-02-18T06:07:43.232Z,34,0,20.41,5,IDLE_SHRINK,0,0
2026-02-18T06:07:43.282Z,34,0,20.50,5,IDLE_SHRINK,0,0
2026-02-18T06:07:43.332Z,34,0,20.39,5,IDLE_SHRINK,0,0
2026-02-18T06:07:43.383Z,34,0,20.31,5,IDLE_SHRINK,0,0
2026-02-18T06:07:43.433Z,34,0,20.43,5,IDLE_SHRINK,0,0
2026-02-18T06:07:43.494Z,34,0,20.37,5,IDLE_SHRINK,0,0
2026-02-18T06:07:43.545Z,34,0,20.44,5,IDLE_SHRINK,0,0
2026-02-18T06:07:43.596Z,34,0,20.44,5,IDLE_SHRINK,0,0
2026-02-18T06:07:43.646Z,34,0,20.44,5,IDLE_SHRINK,0,0
2026-02-18T06:07:43.696Z,34,0,20.34,5,IDLE_SHRINK,0,0
2026-02-18T06:07:43.747Z,34,0,20.37,5,IDLE_SHRINK,0,0
2026-02-18T06:07:43.797Z,34,0,20.50,5,IDLE_SHRINK,0,0
2026-02-18T06:07:43.847Z,34,0,20.32,5,IDLE_SHRINK,0,0
2026-02-18T06:07:43.897Z,34,0,20.36,5,IDLE_SHRINK,0,0
2026-02-18T06:07:43.947Z,34,0,20.31,5,IDLE_SHRINK,0,0
2026-02-18T06:07:43.998Z,34,0,20.46,5,IDLE_SHRINK,0,0
2026-02-18T06:07:44.048Z,34,0,20.18,5,IDLE_SHRINK,0,0
2026-02-18T06:07:44.096Z,34,0,20.14,5,IDLE_SHRINK,0,0
2026-02-18T06:07:44.147Z,34,0,20.17,5,IDLE_SHRINK,0,0
2026-02-18T06:07:44.197Z,34,0,20.16,5,IDLE_SHRINK,0,0
2026-02-18T06:07:44.247Z,34,0,20.05,5,IDLE_SHRINK,0,0
2026-02-18T06:07:44.298Z,34,0,20.37,5,IDLE_SHRINK,0,0
2026-02-18T06:07:44.348Z,34,0,20.29,5,IDLE_SHRINK,0,0
2026-02-18T06:07:44.398Z,34,0,20.31,5,IDLE_SHRINK,0,0
2026-02-18T06:07:44.449Z,34,0,20.33,5,IDLE_SHRINK,0,0
2026-02-18T06:07:44.499Z,34,0,20.36,5,IDLE_SHRINK,0,0
2026-02-18T06:07:44.550Z,34,0,20.29,5,IDLE_SHRINK,0,0
2026-02-18T06:07:44.600Z,34,0,20.16,5,IDLE_SHRINK,0,0
2026-02-18T06:07:44.650Z,34,0,20.30,5,IDLE_SHRINK,0,0
2026-02-18T06:07:44.701Z,34,0,20.36,5,IDLE_SHRINK,0,0
2026-02-18T06:07:44.751Z,34,0,20.28,5,IDLE_SHRINK,0,0
2026-02-18T06:07:44.802Z,34,0,20.34,5,IDLE_SHRINK,0,0
2026-02-18T06:07:44.852Z,34,0,19.87,5,IDLE_SHRINK,0,0
2026-02-18T06:07:44.903Z,34,0,20.21,5,IDLE_SHRINK,0,0
2026-02-18T06:07:44.954Z,34,0,20.37,5,IDLE_SHRINK,0,0
2026-02-18T06:07:45.003Z,34,0,20.46,5,IDLE_SHRINK,0,0
2026-02-18T06:07:45.053Z,34,0,20.23,5,IDLE_SHRINK,0,0
2026-02-18T06:07:45.103Z,34,0,20.22,5,IDLE_SHRINK,0,0
2026-02-18T06:07:45.154Z,34,0,20.14,5,IDLE_SHRINK,0,0
2026-02-18T06:07:45.204Z,34,0,20.21,5,IDLE_SHRINK,0,0
2026-02-18T06:07:45.255Z,34,0,20.78,5,IDLE_SHRINK,0,0
2026-02-18T06:07:45.305Z,34,0,20.19,5,IDLE_SHRINK,0,0
2026-02-18T06:07:45.355Z,34,0,20.13,5,IDLE_SHRINK,0,0
2026-02-18T06:07:45.405Z,34,0,19.83,5,IDLE_SHRINK,0,0
2026-02-18T06:07:45.456Z,34,0,20.32,5,IDLE_SHRINK,0,0
2026-02-18T06:07:45.505Z,34,0,20.73,5,IDLE_SHRINK,0,0
2026-02-18T06:07:45.556Z,34,0,20.52,5,IDLE_SHRINK,0,0
2026-02-18T06:07:45.606Z,34,0,20.07,5,IDLE_SHRINK,0,0
2026-02-18T06:07:45.657Z,34,0,20.18,5,IDLE_SHRINK,0,0
2026-02-18T06:07:45.708Z,34,0,20.18,5,IDLE_SHRINK,0,0
2026-02-18T06:07:45.758Z,34,0,20.19,5,IDLE_SHRINK,0,0
2026-02-18T06:07:45.807Z,34,0,20.74,5,IDLE_SHRINK,0,0
2026-02-18T06:07:45.857Z,34,0,20.39,5,IDLE_SHRINK,0,0
2026-02-18T06:07:45.907Z,34,0,20.50,5,IDLE_SHRINK,0,0
2026-02-18T06:07:45.957Z,34,0,20.34,5,IDLE_SHRINK,0,0
2026-02-18T06:07:46.008Z,34,0,20.32,5,IDLE_SHRINK,0,0
2026-02-18T06:07:46.058Z,34,0,20.27,5,IDLE_SHRINK,0,0
2026-02-18T06:07:46.107Z,34,0,20.16,5,IDLE_SHRINK,0,0
2026-02-18T06:07:46.157Z,34,0,20.19,5,IDLE_SHRINK,0,0
2026-02-18T06:07:46.207Z,34,0,20.36,5,IDLE_SHRINK,0,0
2026-02-18T06:07:46.258Z,34,0,20.00,5,IDLE_SHRINK,0,0
2026-02-18T06:07:46.308Z,34,0,20.11,5,IDLE_SHRINK,0,0
2026-02-18T06:07:46.359Z,34,0,19.81,5,IDLE_SHRINK,0,0
2026-02-18T06:07:46.408Z,34,0,20.29,5,IDLE_SHRINK,0,0
2026-02-18T06:07:46.459Z,34,0,20.48,5,IDLE_SHRINK,0,0
2026-02-18T06:07:46.509Z,34,0,20.13,5,IDLE_SHRINK,0,0
2026-02-18T06:07:46.559Z,34,0,20.32,5,IDLE_SHRINK,0,0
2026-02-18T06:07:46.609Z,34,0,20.19,5,IDLE_SHRINK,0,0
2026-02-18T06:07:46.659Z,34,0,20.22,5,IDLE_SHRINK,0,0
2026-02-18T06:07:46.710Z,34,0,20.34,5,IDLE_SHRINK,0,0
2026-02-18T06:07:46.760Z,34,0,20.23,5,IDLE_SHRINK,0,0
2026-02-18T06:07:46.811Z,34,0,20.23,5,IDLE_SHRINK,0,0
2026-02-18T06:07:46.861Z,34,0,20.29,5,IDLE_SHRINK,0,0
2026-02-18T06:07:46.911Z,34,0,20.24,5,IDLE_SHRINK,0,0
2026-02-18T06:07:46.962Z,34,0,20.47,5,IDLE_SHRINK,0,0
2026-02-18T06:07:47.012Z,34,0,20.32,5,IDLE_SHRINK,0,0
2026-02-18T06:07:47.062Z,34,0,20.31,5,IDLE_SHRINK,0,0
2026-02-18T06:07:47.113Z,34,0,20.23,5,IDLE_SHRINK,0,0
2026-02-18T06:07:47.164Z,34,0,20.29,5,IDLE_SHRINK,0,0
2026-02-18T06:07:47.214Z,34,0,20.23,5,IDLE_SHRINK,0,0
2026-02-18T06:07:47.263Z,34,0,20.46,5,IDLE_SHRINK,0,0
2026-02-18T06:07:47.313Z,34,0,20.28,5,IDLE_SHRINK,0,0
2026-02-18T06:07:47.363Z,34,0,20.83,5,IDLE_SHRINK,0,0
2026-02-18T06:07:47.414Z,34,0,20.37,5,IDLE_SHRINK,0,0
2026-02-18T06:07:47.465Z,34,0,20.28,5,IDLE_SHRINK,0,0
2026-02-18T06:07:47.515Z,34,0,19.96,5,IDLE_SHRINK,0,0
2026-02-18T06:07:47.566Z,34,0,20.34,5,IDLE_SHRINK,0,0
2026-02-18T06:07:47.615Z,34,0,20.46,5,IDLE_SHRINK,0,0
2026-02-18T06:07:47.665Z,34,0,20.34,5,IDLE_SHRINK,0,0
2026-02-18T06:07:47.715Z,34,0,19.89,5,IDLE_SHRINK,0,0
2026-02-18T06:07:47.766Z,34,0,20.73,5,IDLE_SHRINK,0,0
2026-02-18T06:07:47.815Z,34,0,20.33,5,IDLE_SHRINK,0,0
2026-02-18T06:07:47.865Z,34,0,20.60,5,IDLE_SHRINK,0,0
2026-02-18T06:07:47.916Z,34,0,20.50,5,IDLE_SHRINK,0,0
2026-02-18T06:07:47.966Z,34,0,20.23,5,IDLE_SHRINK,0,0
2026-02-18T06:07:48.016Z,34,0,20.13,5,IDLE_SHRINK,0,0
2026-02-18T06:07:48.067Z,34,0,20.19,5,IDLE_SHRINK,0,0
2026-02-18T06:07:48.118Z,34,0,20.05,5,IDLE_SHRINK,0,0
2026-02-18T06:07:48.167Z,34,0,20.21,5,IDLE_SHRINK,0,0
2026-02-18T06:07:48.217Z,34,0,20.21,5,IDLE_SHRINK,0,0
2026-02-18T06:07:48.268Z,34,0,19.97,5,IDLE_SHRINK,0,0
2026-02-18T06:07:48.319Z,34,0,20.16,5,IDLE_SHRINK,0,0
2026-02-18T06:07:48.369Z,34,0,19.72,5,IDLE_SHRINK,0,0
2026-02-18T06:07:48.419Z,34,0,19.93,5,IDLE_SHRINK,0,0
2026-02-18T06:07:48.469Z,34,0,20.29,5,IDLE_SHRINK,0,0
2026-02-18T06:07:48.519Z,34,0,20.24,5,IDLE_SHRINK,0,0
2026-02-18T06:07:48.570Z,34,0,20.35,5,IDLE_SHRINK,0,0
2026-02-18T06:07:48.621Z,34,0,20.41,5,IDLE_SHRINK,0,0
2026-02-18T06:07:48.671Z,34,0,20.30,5,IDLE_SHRINK,0,0
2026-02-18T06:07:48.722Z,34,0,20.36,5,IDLE_SHRINK,0,0
2026-02-18T06:07:48.771Z,34,0,20.41,5,IDLE_SHRINK,0,0
2026-02-18T06:07:48.822Z,34,0,20.39,5,IDLE_SHRINK,0,0
2026-02-18T06:07:48.873Z,34,0,20.37,5,IDLE_SHRINK,0,0
2026-02-18T06:07:48.924Z,34,0,20.32,5,IDLE_SHRINK,0,0
2026-02-18T06:07:48.975Z,34,0,20.23,5,IDLE_SHRINK,0,0
2026-02-18T06:07:49.026Z,34,0,20.21,5,IDLE_SHRINK,0,0
2026-02-18T06:07:49.075Z,34,0,20.41,5,IDLE_SHRINK,0,0
2026-02-18T06:07:49.126Z,34,0,20.50,5,IDLE_SHRINK,0,0
2026-02-18T06:07:49.177Z,34,0,20.47,5,IDLE_SHRINK,0,0
2026-02-18T06:07:49.227Z,34,0,20.60,5,IDLE_SHRINK,0,0
2026-02-18T06:07:49.277Z,34,0,20.23,5,IDLE_SHRINK,0,0
2026-02-18T06:07:49.327Z,34,0,20.29,5,IDLE_SHRINK,0,0
2026-02-18T06:07:49.377Z,34,0,20.18,5,IDLE_SHRINK,0,0
2026-02-18T06:07:49.427Z,34,0,20.42,5,IDLE_SHRINK,0,0
2026-02-18T06:07:49.478Z,34,0,20.27,5,IDLE_SHRINK,0,0
2026-02-18T06:07:49.527Z,34,0,20.77,5,IDLE_SHRINK,0,0
2026-02-18T06:07:49.577Z,34,0,19.23,5,IDLE_SHRINK,0,0
2026-02-18T06:07:49.628Z,34,0,19.92,5,IDLE_SHRINK,0,0
2026-02-18T06:07:49.678Z,34,0,20.19,5,IDLE_SHRINK,0,0
2026-02-18T06:07:49.728Z,34,0,19.80,5,IDLE_SHRINK,0,0
2026-02-18T06:07:49.778Z,34,0,20.16,5,IDLE_SHRINK,0,0
2026-02-18T06:07:49.828Z,34,0,20.57,5,IDLE_SHRINK,0,0
2026-02-18T06:07:49.878Z,34,0,20.18,5,IDLE_SHRINK,0,0
2026-02-18T06:07:49.928Z,34,0,20.53,5,IDLE_SHRINK,0,0
2026-02-18T06:07:49.978Z,34,0,20.14,5,IDLE_SHRINK,0,0
2026-02-18T06:07:50.029Z,34,0,19.87,5,IDLE_SHRINK,0,0
2026-02-18T06:07:50.078Z,34,0,20.28,5,IDLE_SHRINK,0,0
2026-02-18T06:07:50.128Z,34,0,20.56,5,IDLE_SHRINK,0,0
2026-02-18T06:07:50.179Z,34,0,20.19,5,IDLE_SHRINK,0,0
2026-02-18T06:07:50.230Z,34,0,20.52,5,IDLE_SHRINK,0,0
2026-02-18T06:07:50.279Z,34,0,20.41,5,IDLE_SHRINK,0,0
2026-02-18T06:07:50.330Z,34,0,20.70,5,IDLE_SHRINK,0,0
2026-02-18T06:07:50.380Z,34,0,20.29,5,IDLE_SHRINK,0,0
2026-02-18T06:07:50.430Z,34,0,20.55,5,IDLE_SHRINK,0,0
2026-02-18T06:07:50.480Z,34,0,20.24,5,IDLE_SHRINK,0,0
2026-02-18T06:07:50.531Z,34,0,20.59,5,IDLE_SHRINK,0,0
2026-02-18T06:07:50.582Z,34,0,20.19,5,IDLE_SHRINK,0,0
2026-02-18T06:07:50.633Z,34,0,21.13,5,IDLE_SHRINK,0,0
2026-02-18T06:07:50.683Z,34,0,20.40,5,IDLE_SHRINK,0,0
2026-02-18T06:07:50.734Z,34,0,19.62,5,IDLE_SHRINK,0,0
2026-02-18T06:07:50.784Z,34,0,20.49,5,IDLE_SHRINK,0,0
2026-02-18T06:07:50.835Z,34,0,19.77,5,IDLE_SHRINK,0,0
2026-02-18T06:07:50.886Z,34,0,20.40,5,IDLE_SHRINK,0,0
2026-02-18T06:07:50.937Z,34,0,19.77,5,IDLE_SHRINK,0,0
2026-02-18T06:07:50.987Z,34,0,20.55,5,IDLE_SHRINK,0,0
2026-02-18T06:07:51.036Z,34,0,20.31,5,IDLE_SHRINK,0,0
2026-02-18T06:07:51.086Z,34,0,20.18,5,IDLE_SHRINK,0,0
2026-02-18T06:07:51.136Z,34,0,19.54,5,IDLE_SHRINK,0,0
2026-02-18T06:07:51.186Z,34,0,20.26,5,IDLE_SHRINK,0,0
2026-02-18T06:07:51.237Z,34,0,20.57,5,IDLE_SHRINK,0,0
2026-02-18T06:07:51.287Z,34,0,20.27,5,IDLE_SHRINK,0,0
2026-02-18T06:07:51.337Z,34,0,20.88,5,IDLE_SHRINK,0,0
2026-02-18T06:07:51.388Z,34,0,20.50,5,IDLE_SHRINK,0,0
2026-02-18T06:07:51.439Z,34,0,20.59,5,IDLE_SHRINK,0,0
2026-02-18T06:07:51.490Z,34,0,20.19,5,IDLE_SHRINK,0,0
2026-02-18T06:07:51.540Z,34,0,20.50,5,IDLE_SHRINK,0,0
2026-02-18T06:07:51.591Z,34,0,20.47,5,IDLE_SHRINK,0,0
2026-02-18T06:07:51.642Z,34,0,20.05,5,IDLE_SHRINK,0,0
2026-02-18T06:07:51.693Z,34,0,20.37,5,IDLE_SHRINK,0,0
2026-02-18T06:07:51.743Z,34,0,19.94,5,IDLE_SHRINK,0,0
2026-02-18T06:07:51.793Z,34,0,20.18,5,IDLE_SHRINK,0,0
2026-02-18T06:07:51.844Z,34,0,20.46,5,IDLE_SHRINK,0,0
2026-02-18T06:07:51.894Z,34,0,20.36,5,IDLE_SHRINK,0,0
2026-02-18T06:07:51.944Z,34,0,20.13,5,IDLE_SHRINK,0,0
2026-02-18T06:07:51.995Z,34,0,20.36,5,IDLE_SHRINK,0,0
2026-02-18T06:07:52.046Z,34,0,20.17,5,IDLE_SHRINK,0,0
2026-02-18T06:07:52.096Z,34,0,20.15,5,IDLE_SHRINK,0,0
2026-02-18T06:07:52.146Z,34,0,20.37,5,IDLE_SHRINK,0,0
2026-02-18T06:07:52.196Z,34,0,20.21,5,IDLE_SHRINK,0,0
2026-02-18T06:07:52.246Z,34,0,19.98,5,IDLE_SHRINK,0,0
2026-02-18T06:07:52.297Z,34,0,20.19,5,IDLE_SHRINK,0,0
2026-02-18T06:07:52.347Z,34,0,20.44,5,IDLE_SHRINK,0,0
2026-02-18T06:07:52.397Z,34,0,20.29,5,IDLE_SHRINK,0,0
2026-02-18T06:07:52.447Z,34,0,19.95,5,IDLE_SHRINK,0,0
2026-02-18T06:07:52.497Z,34,0,20.32,5,IDLE_SHRINK,0,0
2026-02-18T06:07:52.548Z,34,0,19.90,5,IDLE_SHRINK,0,0
2026-02-18T06:07:52.599Z,34,0,20.19,5,IDLE_SHRINK,0,0
2026-02-18T06:07:52.648Z,34,0,20.46,5,IDLE_SHRINK,0,0
2026-02-18T06:07:52.698Z,34,0,20.21,5,IDLE_SHRINK,0,0
2026-02-18T06:07:52.749Z,34,0,20.63,5,IDLE_SHRINK,0,0
2026-02-18T06:07:52.799Z,34,0,20.29,5,IDLE_SHRINK,0,0
2026-02-18T06:07:52.849Z,34,0,20.73,5,IDLE_SHRINK,0,0
2026-02-18T06:07:52.900Z,34,0,20.28,5,IDLE_SHRINK,0,0
2026-02-18T06:07:52.950Z,34,0,20.41,5,IDLE_SHRINK,0,0
2026-02-18T06:07:53.001Z,34,0,20.41,5,IDLE_SHRINK,0,0
2026-02-18T06:07:53.052Z,34,0,20.29,5,IDLE_SHRINK,0,0
2026-02-18T06:07:53.101Z,34,0,20.34,5,IDLE_SHRINK,0,0
2026-02-18T06:07:53.151Z,34,0,20.98,5,IDLE_SHRINK,0,0
2026-02-18T06:07:53.202Z,34,0,20.37,5,IDLE_SHRINK,0,0
2026-02-18T06:07:53.252Z,34,0,20.00,5,IDLE_SHRINK,0,0
2026-02-18T06:07:53.302Z,34,0,20.22,5,IDLE_SHRINK,0,0
2026-02-18T06:07:53.352Z,34,0,19.46,5,IDLE_SHRINK,0,0
2026-02-18T06:07:53.402Z,34,0,20.18,5,IDLE_SHRINK,0,0
2026-02-18T06:07:53.453Z,34,0,20.41,5,IDLE_SHRINK,0,0
2026-02-18T06:07:53.502Z,34,0,20.36,5,IDLE_SHRINK,0,0
2026-02-18T06:07:53.553Z,34,0,20.64,5,IDLE_SHRINK,0,0
2026-02-18T06:07:53.603Z,34,0,20.23,5,IDLE_SHRINK,0,0
2026-02-18T06:07:53.654Z,34,0,20.57,5,IDLE_SHRINK,0,0
2026-02-18T06:07:53.704Z,34,0,20.27,5,IDLE_SHRINK,0,0
2026-02-18T06:07:53.754Z,34,0,19.85,5,IDLE_SHRINK,0,0
2026-02-18T06:07:53.804Z,34,0,19.73,5,IDLE_SHRINK,0,0
2026-02-18T06:07:53.855Z,34,0,20.70,5,IDLE_SHRINK,0,0
2026-02-18T06:07:53.906Z,34,0,20.35,5,IDLE_SHRINK,0,0
2026-02-18T06:07:53.955Z,34,0,20.68,5,IDLE_SHRINK,0,0
2026-02-18T06:07:54.006Z,34,0,20.31,5,IDLE_SHRINK,0,0
2026-02-18T06:07:54.057Z,34,0,20.31,5,IDLE_SHRINK,0,0
2026-02-18T06:07:54.108Z,34,0,20.49,5,IDLE_SHRINK,0,0
2026-02-18T06:07:54.159Z,34,0,20.37,5,IDLE_SHRINK,0,0
2026-02-18T06:07:54.208Z,34,0,20.35,5,IDLE_SHRINK,0,0
2026-02-18T06:07:54.259Z,34,0,20.50,5,IDLE_SHRINK,0,0
2026-02-18T06:07:54.309Z,34,0,20.24,5,IDLE_SHRINK,0,0
2026-02-18T06:07:54.360Z,34,0,20.26,5,IDLE_SHRINK,0,0
2026-02-18T06:07:54.409Z,34,0,20.27,5,IDLE_SHRINK,0,0
2026-02-18T06:07:54.459Z,34,0,20.28,5,IDLE_SHRINK,0,0
2026-02-18T06:07:54.509Z,34,0,20.39,5,IDLE_SHRINK,0,0
2026-02-18T06:07:54.559Z,34,0,20.50,5,IDLE_SHRINK,0,0
2026-02-18T06:07:54.609Z,34,0,20.28,5,IDLE_SHRINK,0,0
2026-02-18T06:07:54.659Z,34,0,20.58,5,IDLE_SHRINK,0,0
2026-02-18T06:07:54.709Z,34,0,20.32,5,IDLE_SHRINK,0,0
2026-02-18T06:07:54.759Z,34,0,20.20,5,IDLE_SHRINK,0,0
2026-02-18T06:07:54.810Z,34,0,20.16,5,IDLE_SHRINK,0,0
2026-02-18T06:07:54.860Z,34,0,20.34,5,IDLE_SHRINK,0,0
2026-02-18T06:07:54.911Z,34,0,20.46,5,IDLE_SHRINK,0,0
2026-02-18T06:07:54.961Z,34,0,20.33,5,IDLE_SHRINK,0,0
2026-02-18T06:07:55.012Z,34,0,20.16,5,IDLE_SHRINK,0,0
2026-02-18T06:07:55.062Z,34,0,20.37,5,IDLE_SHRINK,0,0
2026-02-18T06:07:55.112Z,34,0,19.31,5,IDLE_SHRINK,0,0
2026-02-18T06:07:55.163Z,34,0,20.00,5,IDLE_SHRINK,0,0
2026-02-18T06:07:55.213Z,34,0,20.31,5,IDLE_SHRINK,0,0
2026-02-18T06:07:55.263Z,34,0,20.14,5,IDLE_SHRINK,0,0
2026-02-18T06:07:55.314Z,34,0,20.16,5,IDLE_SHRINK,0,0
2026-02-18T06:07:55.364Z,34,0,20.27,5,IDLE_SHRINK,0,0
2026-02-18T06:07:55.414Z,34,0,20.46,5,IDLE_SHRINK,0,0
2026-02-18T06:07:55.464Z,34,0,20.54,5,IDLE_SHRINK,0,0
2026-02-18T06:07:55.514Z,34,0,20.28,5,IDLE_SHRINK,0,0
2026-02-18T06:07:55.564Z,34,0,20.45,5,IDLE_SHRINK,0,0
2026-02-18T06:07:55.615Z,34,0,20.28,5,IDLE_SHRINK,0,0
2026-02-18T06:07:55.665Z,34,0,20.64,5,IDLE_SHRINK,0,0
2026-02-18T06:07:55.716Z,34,0,20.21,5,IDLE_SHRINK,0,0
2026-02-18T06:07:55.766Z,34,0,20.54,5,IDLE_SHRINK,0,0
2026-02-18T06:07:55.817Z,34,0,20.23,5,IDLE_SHRINK,0,0
2026-02-18T06:07:55.867Z,34,0,20.46,5,IDLE_SHRINK,0,0
2026-02-18T06:07:55.917Z,34,0,19.82,5,IDLE_SHRINK,0,0
2026-02-18T06:07:55.967Z,34,0,20.57,5,IDLE_SHRINK,0,0
2026-02-18T06:07:56.017Z,34,0,20.32,5,IDLE_SHRINK,0,0
2026-02-18T06:07:56.068Z,34,0,20.31,5,IDLE_SHRINK,0,0
2026-02-18T06:07:56.118Z,34,0,20.43,5,IDLE_SHRINK,0,0
2026-02-18T06:07:56.168Z,34,0,20.28,5,IDLE_SHRINK,0,0
2026-02-18T06:07:56.218Z,34,0,20.24,5,IDLE_SHRINK,0,0
2026-02-18T06:07:56.268Z,34,0,20.05,5,IDLE_SHRINK,0,0
2026-02-18T06:07:56.318Z,34,0,20.17,5,IDLE_SHRINK,0,0
2026-02-18T06:07:56.368Z,34,0,20.24,5,IDLE_SHRINK,0,0
2026-02-18T06:07:56.419Z,34,0,20.21,5,IDLE_SHRINK,0,0
2026-02-18T06:07:56.468Z,34,0,20.24,5,IDLE_SHRINK,0,0
2026-02-18T06:07:56.519Z,34,0,20.37,5,IDLE_SHRINK,0,0
2026-02-18T06:07:56.568Z,34,0,20.39,5,IDLE_SHRINK,0,0
2026-02-18T06:07:56.619Z,34,0,20.37,5,IDLE_SHRINK,0,0
2026-02-18T06:07:56.670Z,34,0,20.37,5,IDLE_SHRINK,0,0
2026-02-18T06:07:56.720Z,34,0,20.32,5,IDLE_SHRINK,0,0
2026-02-18T06:07:56.771Z,34,0,20.41,5,IDLE_SHRINK,0,0
2026-02-18T06:07:56.821Z,34,0,20.27,5,IDLE_SHRINK,0,0
2026-02-18T06:07:56.871Z,34,0,19.36,5,IDLE_SHRINK,0,0
2026-02-18T06:07:56.921Z,34,0,20.22,5,IDLE_SHRINK,0,0
2026-02-18T06:07:56.971Z,34,0,20.23,5,IDLE_SHRINK,0,0
2026-02-18T06:07:57.022Z,34,0,20.52,5,IDLE_SHRINK,0,0
2026-02-18T06:07:57.071Z,34,0,19.78,5,IDLE_SHRINK,0,0
2026-02-18T06:07:57.121Z,34,0,20.26,5,IDLE_SHRINK,0,0
2026-02-18T06:07:57.171Z,34,0,19.85,5,IDLE_SHRINK,0,0
2026-02-18T06:07:57.221Z,34,0,20.23,5,IDLE_SHRINK,0,0
2026-02-18T06:07:57.272Z,34,0,20.39,5,IDLE_SHRINK,0,0
2026-02-18T06:07:57.322Z,34,0,20.19,5,IDLE_SHRINK,0,0
2026-02-18T06:07:57.373Z,34,0,20.29,5,IDLE_SHRINK,0,0
2026-02-18T06:07:57.424Z,34,0,20.28,5,IDLE_SHRINK,0,0
2026-02-18T06:07:57.475Z,34,0,20.28,5,IDLE_SHRINK,0,0
2026-02-18T06:07:57.526Z,34,0,20.16,5,IDLE_SHRINK,0,0
2026-02-18T06:07:57.576Z,34,0,20.31,5,IDLE_SHRINK,0,0
2026-02-18T06:07:57.627Z,34,0,20.23,5,IDLE_SHRINK,0,0
2026-02-18T06:07:57.678Z,34,0,20.42,5,IDLE_SHRINK,0,0
2026-02-18T06:07:57.729Z,34,0,20.41,5,IDLE_SHRINK,0,0
2026-02-18T06:07:57.779Z,34,0,19.87,5,IDLE_SHRINK,0,0
2026-02-18T06:07:57.829Z,34,0,20.39,5,IDLE_SHRINK,0,0
2026-02-18T06:07:57.879Z,34,0,20.41,5,IDLE_SHRINK,0,0
2026-02-18T06:07:57.929Z,34,0,20.41,5,IDLE_SHRINK,0,0
2026-02-18T06:07:57.980Z,34,0,19.91,5,IDLE_SHRINK,0,0
2026-02-18T06:07:58.030Z,34,0,20.21,5,IDLE_SHRINK,0,0
2026-02-18T06:07:58.079Z,34,0,20.51,5,IDLE_SHRINK,0,0
2026-02-18T06:07:58.129Z,34,0,20.26,5,IDLE_SHRINK,0,0
2026-02-18T06:07:58.179Z,34,0,20.26,5,IDLE_SHRINK,0,0
2026-02-18T06:07:58.229Z,34,0,20.24,5,IDLE_SHRINK,0,0
2026-02-18T06:07:58.279Z,34,0,20.77,5,IDLE_SHRINK,0,0
2026-02-18T06:07:58.329Z,34,0,20.18,5,IDLE_SHRINK,0,0
2026-02-18T06:07:58.380Z,34,0,20.23,5,IDLE_SHRINK,0,0
2026-02-18T06:07:58.431Z,34,0,20.36,5,IDLE_SHRINK,0,0
2026-02-18T06:07:58.482Z,34,0,20.50,5,IDLE_SHRINK,0,0
2026-02-18T06:07:58.533Z,34,0,20.23,5,IDLE_SHRINK,0,0
2026-02-18T06:07:58.582Z,34,0,20.32,5,IDLE_SHRINK,0,0
2026-02-18T06:07:58.632Z,34,0,20.23,5,IDLE_SHRINK,0,0
2026-02-18T06:07:58.682Z,34,0,20.31,5,IDLE_SHRINK,0,0
2026-02-18T06:07:58.732Z,34,0,20.24,5,IDLE_SHRINK,0,0
2026-02-18T06:07:58.783Z,34,0,20.24,5,IDLE_SHRINK,0,0
2026-02-18T06:07:58.832Z,34,0,20.24,5,IDLE_SHRINK,0,0
2026-02-18T06:07:58.883Z,34,0,20.28,5,IDLE_SHRINK,0,0
2026-02-18T06:07:58.934Z,34,0,20.21,5,IDLE_SHRINK,0,0
2026-02-18T06:07:58.984Z,34,0,20.24,5,IDLE_SHRINK,0,0
2026-02-18T06:07:59.035Z,34,0,20.19,5,IDLE_SHRINK,0,0
2026-02-18T06:07:59.085Z,34,0,20.13,5,IDLE_SHRINK,0,0
2026-02-18T06:07:59.136Z,34,0,20.32,5,IDLE_SHRINK,0,0
2026-02-18T06:07:59.187Z,34,0,20.29,5,IDLE_SHRINK,0,0
2026-02-18T06:07:59.237Z,34,0,20.31,5,IDLE_SHRINK,0,0
2026-02-18T06:07:59.287Z,34,0,20.44,5,IDLE_SHRINK,0,0
2026-02-18T06:07:59.337Z,34,0,19.73,5,IDLE_SHRINK,0,0
2026-02-18T06:07:59.388Z,34,0,20.34,5,IDLE_SHRINK,0,0
2026-02-18T06:07:59.437Z,34,0,20.39,5,IDLE_SHRINK,0,0
2026-02-18T06:07:59.488Z,34,0,20.50,5,IDLE_SHRINK,0,0
2026-02-18T06:07:59.537Z,34,0,20.28,5,IDLE_SHRINK,0,0
2026-02-18T06:07:59.588Z,34,0,20.37,5,IDLE_SHRINK,0,0
2026-02-18T06:07:59.638Z,34,0,20.45,5,IDLE_SHRINK,0,0
2026-02-18T06:07:59.688Z,34,0,20.36,5,IDLE_SHRINK,0,0
2026-02-18T06:07:59.738Z,34,0,20.55,5,IDLE_SHRINK,0,0
2026-02-18T06:07:59.789Z,34,0,20.50,5,IDLE_SHRINK,0,0
2026-02-18T06:07:59.839Z,34,0,20.39,5,IDLE_SHRINK,0,0
2026-02-18T06:07:59.889Z,34,0,20.27,5,IDLE_SHRINK,0,0
2026-02-18T06:07:59.940Z,34,0,20.18,5,IDLE_SHRINK,0,0
2026-02-18T06:07:59.990Z,34,0,20.24,5,IDLE_SHRINK,0,0
2026-02-18T06:08:00.040Z,34,0,20.19,5,IDLE_SHRINK,0,0
2026-02-18T06:08:00.089Z,34,0,20.31,5,IDLE_SHRINK,0,0
2026-02-18T06:08:00.140Z,34,0,20.64,5,IDLE_SHRINK,0,0
2026-02-18T06:08:00.191Z,34,0,20.21,5,IDLE_SHRINK,0,0
2026-02-18T06:08:00.242Z,34,0,20.93,5,IDLE_SHRINK,0,0
2026-02-18T06:08:00.292Z,34,0,20.26,5,IDLE_SHRINK,0,0
2026-02-18T06:08:00.343Z,34,0,20.62,5,IDLE_SHRINK,0,0
2026-02-18T06:08:00.393Z,34,0,20.30,5,IDLE_SHRINK,0,0
2026-02-18T06:08:00.443Z,34,0,20.31,5,IDLE_SHRINK,0,0
2026-02-18T06:08:00.494Z,34,0,20.37,5,IDLE_SHRINK,0,0
2026-02-18T06:08:00.545Z,34,0,20.31,5,IDLE_SHRINK,0,0
2026-02-18T06:08:00.595Z,34,0,20.35,5,IDLE_SHRINK,0,0
2026-02-18T06:08:00.645Z,34,0,20.16,5,IDLE_SHRINK,0,0
2026-02-18T06:08:00.696Z,34,0,20.45,5,IDLE_SHRINK,0,0
2026-02-18T06:08:00.746Z,34,0,20.31,5,IDLE_SHRINK,0,0
2026-02-18T06:08:00.796Z,34,0,20.24,5,IDLE_SHRINK,0,0
2026-02-18T06:08:00.846Z,34,0,20.29,5,IDLE_SHRINK,0,0
2026-02-18T06:08:00.896Z,34,0,20.30,5,IDLE_SHRINK,0,0
2026-02-18T06:08:00.947Z,34,0,20.24,5,IDLE_SHRINK,0,0
2026-02-18T06:08:00.996Z,34,0,20.35,5,IDLE_SHRINK,0,0
2026-02-18T06:08:01.047Z,34,0,20.42,5,IDLE_SHRINK,0,0
2026-02-18T06:08:01.132Z,34,0,78.35,5,LAG_SHRINK,0,0
2026-02-18T06:08:01.243Z,34,0,61.00,5,LAG_SHRINK,0,0
2026-02-18T06:08:01.294Z,34,0,20.10,5,IDLE_SHRINK,0,0
2026-02-18T06:08:01.345Z,34,0,20.05,5,IDLE_SHRINK,0,0
2026-02-18T06:08:01.395Z,34,0,20.29,5,IDLE_SHRINK,0,0
2026-02-18T06:08:01.446Z,34,0,20.82,5,IDLE_SHRINK,0,0
2026-02-18T06:08:01.497Z,34,0,20.35,5,IDLE_SHRINK,0,0
2026-02-18T06:08:01.547Z,34,0,20.35,5,IDLE_SHRINK,0,0
2026-02-18T06:08:01.597Z,34,0,20.26,5,IDLE_SHRINK,0,0
2026-02-18T06:08:01.647Z,34,0,20.19,5,IDLE_SHRINK,0,0
2026-02-18T06:08:01.698Z,34,0,20.23,5,IDLE_SHRINK,0,0
2026-02-18T06:08:01.749Z,34,0,20.18,5,IDLE_SHRINK,0,0
2026-02-18T06:08:01.798Z,34,0,20.18,5,IDLE_SHRINK,0,0
2026-02-18T06:08:01.848Z,34,0,20.21,5,IDLE_SHRINK,0,0
2026-02-18T06:08:01.932Z,34,0,82.15,5,LAG_SHRINK,0,0
2026-02-18T06:08:01.982Z,34,0,19.24,5,IDLE_SHRINK,0,0
2026-02-18T06:08:02.032Z,34,0,20.18,5,IDLE_SHRINK,0,0
2026-02-18T06:08:02.082Z,34,0,20.36,5,IDLE_SHRINK,0,0
2026-02-18T06:08:02.132Z,34,0,20.24,5,IDLE_SHRINK,0,0
2026-02-18T06:08:02.183Z,34,0,20.52,5,IDLE_SHRINK,0,0
2026-02-18T06:08:02.234Z,34,0,20.37,5,IDLE_SHRINK,0,0
2026-02-18T06:08:02.284Z,34,0,20.45,5,IDLE_SHRINK,0,0
2026-02-18T06:08:02.334Z,34,0,20.16,5,IDLE_SHRINK,0,0
2026-02-18T06:08:02.384Z,34,0,20.46,5,IDLE_SHRINK,0,0
2026-02-18T06:08:02.435Z,34,0,20.19,5,IDLE_SHRINK,0,0
2026-02-18T06:08:02.484Z,34,0,20.60,5,IDLE_SHRINK,0,0
2026-02-18T06:08:02.534Z,34,0,20.19,5,IDLE_SHRINK,0,0
2026-02-18T06:08:02.585Z,34,0,19.91,5,IDLE_SHRINK,0,0
2026-02-18T06:08:02.636Z,34,0,20.23,5,IDLE_SHRINK,0,0
2026-02-18T06:08:02.687Z,34,0,20.35,5,IDLE_SHRINK,0,0
2026-02-18T06:08:02.738Z,34,0,20.21,5,IDLE_SHRINK,0,0
2026-02-18T06:08:02.788Z,34,0,20.30,5,IDLE_SHRINK,0,0
2026-02-18T06:08:02.839Z,34,0,20.21,5,IDLE_SHRINK,0,0
2026-02-18T06:08:02.889Z,34,0,20.32,5,IDLE_SHRINK,0,0
2026-02-18T06:08:02.940Z,34,0,20.21,5,IDLE_SHRINK,0,0
2026-02-18T06:08:02.989Z,34,0,20.37,5,IDLE_SHRINK,0,0
2026-02-18T06:08:03.040Z,34,0,20.21,5,IDLE_SHRINK,0,0
2026-02-18T06:08:03.091Z,34,0,20.24,5,IDLE_SHRINK,0,0
2026-02-18T06:08:03.141Z,34,0,20.39,5,IDLE_SHRINK,0,0
2026-02-18T06:08:03.192Z,34,0,20.41,5,IDLE_SHRINK,0,0
2026-02-18T06:08:03.242Z,34,0,20.16,5,IDLE_SHRINK,0,0
2026-02-18T06:08:03.293Z,34,0,20.47,5,IDLE_SHRINK,0,0
2026-02-18T06:08:03.343Z,34,0,20.31,5,IDLE_SHRINK,0,0
2026-02-18T06:08:03.393Z,34,0,20.22,5,IDLE_SHRINK,0,0
2026-02-18T06:08:03.443Z,34,0,20.31,5,IDLE_SHRINK,0,0
2026-02-18T06:08:03.493Z,34,0,20.40,5,IDLE_SHRINK,0,0
2026-02-18T06:08:03.544Z,34,0,20.14,5,IDLE_SHRINK,0,0
2026-02-18T06:08:03.594Z,34,0,20.32,5,IDLE_SHRINK,0,0
2026-02-18T06:08:03.644Z,34,0,20.16,5,IDLE_SHRINK,0,0
2026-02-18T06:08:03.694Z,34,0,20.29,5,IDLE_SHRINK,0,0
2026-02-18T06:08:03.744Z,34,0,20.24,5,IDLE_SHRINK,0,0
2026-02-18T06:08:03.794Z,34,0,20.28,5,IDLE_SHRINK,0,0
2026-02-18T06:08:03.844Z,34,0,20.30,5,IDLE_SHRINK,0,0
2026-02-18T06:08:03.895Z,34,0,20.36,5,IDLE_SHRINK,0,0
2026-02-18T06:08:03.946Z,34,0,20.28,5,IDLE_SHRINK,0,0
2026-02-18T06:08:03.996Z,34,0,20.32,5,IDLE_SHRINK,0,0
2026-02-18T06:08:04.046Z,34,0,20.21,5,IDLE_SHRINK,0,0
2026-02-18T06:08:04.096Z,34,0,20.18,5,IDLE_SHRINK,0,0
2026-02-18T06:08:04.147Z,34,0,20.17,5,IDLE_SHRINK,0,0
2026-02-18T06:08:04.198Z,34,0,20.24,5,IDLE_SHRINK,0,0
2026-02-18T06:08:04.247Z,34,0,20.24,5,IDLE_SHRINK,0,0
2026-02-18T06:08:04.297Z,34,0,20.36,5,IDLE_SHRINK,0,0
2026-02-18T06:08:04.347Z,34,0,20.15,5,IDLE_SHRINK,0,0
2026-02-18T06:08:04.397Z,34,0,20.44,5,IDLE_SHRINK,0,0
2026-02-18T06:08:04.447Z,34,0,20.23,5,IDLE_SHRINK,0,0
2026-02-18T06:08:04.497Z,34,0,20.31,5,IDLE_SHRINK,0,0
2026-02-18T06:08:04.547Z,34,0,20.28,5,IDLE_SHRINK,0,0
2026-02-18T06:08:04.597Z,34,0,20.22,5,IDLE_SHRINK,0,0
2026-02-18T06:08:04.647Z,34,0,20.14,5,IDLE_SHRINK,0,0
2026-02-18T06:08:04.697Z,34,0,20.31,5,IDLE_SHRINK,0,0
2026-02-18T06:08:04.748Z,34,0,20.34,5,IDLE_SHRINK,0,0
2026-02-18T06:08:04.798Z,34,0,20.27,5,IDLE_SHRINK,0,0
2026-02-18T06:08:04.847Z,34,0,20.24,5,IDLE_SHRINK,0,0
2026-02-18T06:08:04.897Z,34,0,20.21,5,IDLE_SHRINK,0,0
2026-02-18T06:08:04.947Z,34,0,20.14,5,IDLE_SHRINK,0,0
2026-02-18T06:08:04.997Z,34,0,20.26,5,IDLE_SHRINK,0,0
2026-02-18T06:08:05.047Z,34,0,20.23,5,IDLE_SHRINK,0,0
2026-02-18T06:08:05.097Z,34,0,20.26,5,IDLE_SHRINK,0,0
2026-02-18T06:08:05.148Z,34,0,20.28,5,IDLE_SHRINK,0,0
2026-02-18T06:08:05.198Z,34,0,20.34,5,IDLE_SHRINK,0,0
2026-02-18T06:08:05.249Z,34,0,20.21,5,IDLE_SHRINK,0,0
2026-02-18T06:08:05.298Z,34,0,20.13,5,IDLE_SHRINK,0,0
2026-02-18T06:08:05.348Z,34,0,20.19,5,IDLE_SHRINK,0,0
2026-02-18T06:08:05.399Z,34,0,20.13,5,IDLE_SHRINK,0,0
2026-02-18T06:08:05.449Z,34,0,20.32,5,IDLE_SHRINK,0,0
2026-02-18T06:08:05.500Z,34,0,20.42,5,IDLE_SHRINK,0,0
2026-02-18T06:08:05.550Z,34,0,20.39,5,IDLE_SHRINK,0,0
2026-02-18T06:08:05.600Z,34,0,20.32,5,IDLE_SHRINK,0,0
2026-02-18T06:08:05.651Z,34,0,20.23,5,IDLE_SHRINK,0,0
2026-02-18T06:08:05.701Z,34,0,20.37,5,IDLE_SHRINK,0,0
2026-02-18T06:08:05.751Z,34,0,20.24,5,IDLE_SHRINK,0,0
2026-02-18T06:08:05.801Z,34,0,20.34,5,IDLE_SHRINK,0,0
2026-02-18T06:08:05.852Z,34,0,20.28,5,IDLE_SHRINK,0,0
2026-02-18T06:08:05.902Z,34,0,20.34,5,IDLE_SHRINK,0,0
2026-02-18T06:08:05.952Z,34,0,20.28,5,IDLE_SHRINK,0,0
2026-02-18T06:08:06.002Z,34,0,20.37,5,IDLE_SHRINK,0,0
2026-02-18T06:08:06.052Z,34,0,20.35,5,IDLE_SHRINK,0,0
2026-02-18T06:08:06.103Z,34,0,20.29,5,IDLE_SHRINK,0,0
2026-02-18T06:08:06.154Z,34,0,19.85,5,IDLE_SHRINK,0,0
2026-02-18T06:08:06.203Z,34,0,20.16,5,IDLE_SHRINK,0,0
2026-02-18T06:08:06.253Z,34,0,20.60,5,IDLE_SHRINK,0,0
2026-02-18T06:08:06.303Z,34,0,20.32,5,IDLE_SHRINK,0,0
2026-02-18T06:08:06.353Z,34,0,19.92,5,IDLE_SHRINK,0,0
2026-02-18T06:08:06.404Z,34,0,20.47,5,IDLE_SHRINK,0,0
2026-02-18T06:08:06.453Z,34,0,20.32,5,IDLE_SHRINK,0,0
2026-02-18T06:08:06.503Z,34,0,20.34,5,IDLE_SHRINK,0,0
2026-02-18T06:08:06.553Z,34,0,20.39,5,IDLE_SHRINK,0,0
2026-02-18T06:08:06.603Z,34,0,20.22,5,IDLE_SHRINK,0,0
2026-02-18T06:08:06.654Z,34,0,20.23,5,IDLE_SHRINK,0,0
2026-02-18T06:08:06.704Z,34,0,20.29,5,IDLE_SHRINK,0,0
2026-02-18T06:08:06.754Z,34,0,20.34,5,IDLE_SHRINK,0,0
2026-02-18T06:08:06.804Z,34,0,20.31,5,IDLE_SHRINK,0,0
2026-02-18T06:08:06.854Z,34,0,20.18,5,IDLE_SHRINK,0,0
2026-02-18T06:08:06.905Z,34,0,20.35,5,IDLE_SHRINK,0,0
2026-02-18T06:08:06.955Z,34,0,20.29,5,IDLE_SHRINK,0,0
2026-02-18T06:08:07.005Z,34,0,20.23,5,IDLE_SHRINK,0,0
2026-02-18T06:08:07.056Z,34,0,20.23,5,IDLE_SHRINK,0,0
2026-02-18T06:08:07.106Z,34,0,20.25,5,IDLE_SHRINK,0,0
2026-02-18T06:08:07.156Z,34,0,20.28,5,IDLE_SHRINK,0,0
2026-02-18T06:08:07.207Z,34,0,20.32,5,IDLE_SHRINK,0,0
2026-02-18T06:08:07.257Z,34,0,20.13,5,IDLE_SHRINK,0,0
2026-02-18T06:08:07.307Z,34,0,20.19,5,IDLE_SHRINK,0,0
2026-02-18T06:08:07.357Z,34,0,20.32,5,IDLE_SHRINK,0,0
2026-02-18T06:08:07.408Z,34,0,20.24,5,IDLE_SHRINK,0,0
2026-02-18T06:08:07.459Z,34,0,20.18,5,IDLE_SHRINK,0,0
2026-02-18T06:08:07.510Z,34,0,20.25,5,IDLE_SHRINK,0,0
2026-02-18T06:08:07.560Z,34,0,20.29,5,IDLE_SHRINK,0,0
2026-02-18T06:08:07.610Z,34,0,20.23,5,IDLE_SHRINK,0,0
2026-02-18T06:08:07.660Z,34,0,20.19,5,IDLE_SHRINK,0,0
2026-02-18T06:08:07.710Z,34,0,20.20,5,IDLE_SHRINK,0,0
2026-02-18T06:08:07.760Z,34,0,20.23,5,IDLE_SHRINK,0,0
2026-02-18T06:08:07.810Z,34,0,20.24,5,IDLE_SHRINK,0,0
2026-02-18T06:08:07.860Z,34,0,20.26,5,IDLE_SHRINK,0,0
2026-02-18T06:08:07.910Z,34,0,20.21,5,IDLE_SHRINK,0,0
2026-02-18T06:08:07.961Z,34,0,20.23,5,IDLE_SHRINK,0,0
2026-02-18T06:08:08.011Z,34,0,20.52,5,IDLE_SHRINK,0,0
2026-02-18T06:08:08.062Z,34,0,19.72,5,IDLE_SHRINK,0,0
2026-02-18T06:08:08.113Z,34,0,20.24,5,IDLE_SHRINK,0,0
2026-02-18T06:08:08.164Z,34,0,20.04,5,IDLE_SHRINK,0,0
2026-02-18T06:08:08.214Z,34,0,20.27,5,IDLE_SHRINK,0,0
2026-02-18T06:08:08.264Z,34,0,20.09,5,IDLE_SHRINK,0,0
2026-02-18T06:08:08.314Z,34,0,20.21,5,IDLE_SHRINK,0,0
2026-02-18T06:08:08.364Z,34,0,20.50,5,IDLE_SHRINK,0,0
2026-02-18T06:08:08.414Z,34,0,20.23,5,IDLE_SHRINK,0,0
2026-02-18T06:08:08.465Z,34,0,20.27,5,IDLE_SHRINK,0,0
2026-02-18T06:08:08.515Z,34,0,20.21,5,IDLE_SHRINK,0,0
2026-02-18T06:08:08.564Z,34,0,20.33,5,IDLE_SHRINK,0,0
2026-02-18T06:08:08.615Z,34,0,20.34,5,IDLE_SHRINK,0,0
2026-02-18T06:08:08.664Z,34,0,20.28,5,IDLE_SHRINK,0,0
2026-02-18T06:08:08.714Z,34,0,20.41,5,IDLE_SHRINK,0,0
2026-02-18T06:08:08.764Z,34,0,20.28,5,IDLE_SHRINK,0,0
2026-02-18T06:08:08.814Z,34,0,20.23,5,IDLE_SHRINK,0,0
2026-02-18T06:08:08.865Z,34,0,20.32,5,IDLE_SHRINK,0,0
2026-02-18T06:08:08.914Z,34,0,20.31,5,IDLE_SHRINK,0,0
2026-02-18T06:08:08.964Z,34,0,19.85,5,IDLE_SHRINK,0,0
2026-02-18T06:08:09.015Z,34,0,20.16,5,IDLE_SHRINK,0,0
2026-02-18T06:08:09.066Z,34,0,19.87,5,IDLE_SHRINK,0,0
2026-02-18T06:08:09.116Z,34,0,20.29,5,IDLE_SHRINK,0,0
2026-02-18T06:08:09.167Z,34,0,20.39,5,IDLE_SHRINK,0,0
2026-02-18T06:08:09.216Z,34,0,20.19,5,IDLE_SHRINK,0,0
2026-02-18T06:08:09.267Z,34,0,20.42,5,IDLE_SHRINK,0,0
2026-02-18T06:08:09.317Z,34,0,20.32,5,IDLE_SHRINK,0,0
2026-02-18T06:08:09.368Z,34,0,20.01,5,IDLE_SHRINK,0,0
2026-02-18T06:08:09.418Z,34,0,20.42,5,IDLE_SHRINK,0,0
2026-02-18T06:08:09.469Z,34,0,20.47,5,IDLE_SHRINK,0,0
2026-02-18T06:08:09.519Z,34,0,20.14,5,IDLE_SHRINK,0,0
2026-02-18T06:08:09.568Z,34,0,20.09,5,IDLE_SHRINK,0,0
2026-02-18T06:08:09.618Z,34,0,20.21,5,IDLE_SHRINK,0,0
2026-02-18T06:08:09.668Z,34,0,20.16,5,IDLE_SHRINK,0,0
2026-02-18T06:08:09.719Z,34,0,20.30,5,IDLE_SHRINK,0,0
2026-02-18T06:08:09.769Z,34,0,20.36,5,IDLE_SHRINK,0,0
2026-02-18T06:08:09.819Z,34,0,20.42,5,IDLE_SHRINK,0,0
2026-02-18T06:08:09.869Z,34,0,20.23,5,IDLE_SHRINK,0,0
2026-02-18T06:08:09.920Z,34,0,20.19,5,IDLE_SHRINK,0,0
2026-02-18T06:08:09.971Z,34,0,20.19,5,IDLE_SHRINK,0,0
2026-02-18T06:08:10.021Z,34,0,20.21,5,IDLE_SHRINK,0,0
2026-02-18T06:08:10.071Z,34,0,20.24,5,IDLE_SHRINK,0,0
2026-02-18T06:08:10.122Z,34,0,20.32,5,IDLE_SHRINK,0,0
2026-02-18T06:08:10.171Z,34,0,20.36,5,IDLE_SHRINK,0,0
2026-02-18T06:08:10.221Z,34,0,20.26,5,IDLE_SHRINK,0,0
2026-02-18T06:08:10.271Z,34,0,20.08,5,IDLE_SHRINK,0,0
2026-02-18T06:08:10.321Z,34,0,20.19,5,IDLE_SHRINK,0,0
2026-02-18T06:08:10.371Z,34,0,20.31,5,IDLE_SHRINK,0,0
2026-02-18T06:08:10.421Z,34,0,20.23,5,IDLE_SHRINK,0,0
2026-02-18T06:08:10.471Z,34,0,20.14,5,IDLE_SHRINK,0,0
2026-02-18T06:08:10.521Z,34,0,20.19,5,IDLE_SHRINK,0,0
2026-02-18T06:08:10.571Z,34,0,19.81,5,IDLE_SHRINK,0,0
2026-02-18T06:08:10.621Z,34,0,20.26,5,IDLE_SHRINK,0,0
2026-02-18T06:08:10.671Z,34,0,20.24,5,IDLE_SHRINK,0,0
2026-02-18T06:08:10.721Z,34,0,20.16,5,IDLE_SHRINK,0,0
2026-02-18T06:08:10.771Z,34,0,20.28,5,IDLE_SHRINK,0,0
2026-02-18T06:08:10.821Z,34,0,20.19,5,IDLE_SHRINK,0,0
2026-02-18T06:08:10.871Z,34,0,20.27,5,IDLE_SHRINK,0,0
2026-02-18T06:08:10.921Z,34,0,20.23,5,IDLE_SHRINK,0,0
2026-02-18T06:08:10.972Z,34,0,20.21,5,IDLE_SHRINK,0,0
2026-02-18T06:08:11.022Z,34,0,20.24,5,IDLE_SHRINK,0,0
2026-02-18T06:08:11.072Z,34,0,20.22,5,IDLE_SHRINK,0,0
2026-02-18T06:08:11.122Z,34,0,20.19,5,IDLE_SHRINK,0,0
2026-02-18T06:08:11.172Z,34,0,20.25,5,IDLE_SHRINK,0,0
2026-02-18T06:08:11.222Z,34,0,20.23,5,IDLE_SHRINK,0,0
2026-02-18T06:08:11.272Z,34,0,20.23,5,IDLE_SHRINK,0,0
2026-02-18T06:08:11.322Z,34,0,20.28,5,IDLE_SHRINK,0,0
2026-02-18T06:08:11.373Z,34,0,20.28,5,IDLE_SHRINK,0,0
2026-02-18T06:08:11.424Z,34,0,20.30,5,IDLE_SHRINK,0,0
2026-02-18T06:08:11.474Z,34,0,19.91,5,IDLE_SHRINK,0,0
2026-02-18T06:08:11.524Z,34,0,20.37,5,IDLE_SHRINK,0,0
2026-02-18T06:08:11.574Z,34,0,20.21,5,IDLE_SHRINK,0,0
2026-02-18T06:08:11.625Z,34,0,20.38,5,IDLE_SHRINK,0,0
2026-02-18T06:08:11.675Z,34,0,20.23,5,IDLE_SHRINK,0,0
2026-02-18T06:08:11.724Z,34,0,20.23,5,IDLE_SHRINK,0,0
2026-02-18T06:08:11.775Z,34,0,20.26,5,IDLE_SHRINK,0,0
2026-02-18T06:08:11.825Z,34,0,20.35,5,IDLE_SHRINK,0,0
2026-02-18T06:08:11.876Z,34,0,20.14,5,IDLE_SHRINK,0,0
2026-02-18T06:08:11.926Z,34,0,20.33,5,IDLE_SHRINK,0,0
2026-02-18T06:08:11.976Z,34,0,20.26,5,IDLE_SHRINK,0,0
2026-02-18T06:08:12.026Z,34,0,20.25,5,IDLE_SHRINK,0,0
2026-02-18T06:08:12.077Z,34,0,20.29,5,IDLE_SHRINK,0,0
2026-02-18T06:08:12.127Z,34,0,20.32,5,IDLE_SHRINK,0,0
2026-02-18T06:08:12.178Z,34,0,20.26,5,IDLE_SHRINK,0,0
2026-02-18T06:08:12.228Z,34,0,20.28,5,IDLE_SHRINK,0,0
2026-02-18T06:08:12.278Z,34,0,20.32,5,IDLE_SHRINK,0,0
2026-02-18T06:08:12.329Z,34,0,20.27,5,IDLE_SHRINK,0,0
2026-02-18T06:08:12.379Z,34,0,20.21,5,IDLE_SHRINK,0,0
2026-02-18T06:08:12.430Z,34,0,20.39,5,IDLE_SHRINK,0,0
2026-02-18T06:08:12.480Z,34,0,20.29,5,IDLE_SHRINK,0,0
2026-02-18T06:08:12.530Z,34,0,20.29,5,IDLE_SHRINK,0,0
2026-02-18T06:08:12.580Z,34,0,20.14,5,IDLE_SHRINK,0,0
2026-02-18T06:08:12.630Z,34,0,20.16,5,IDLE_SHRINK,0,0
2026-02-18T06:08:12.681Z,34,0,20.40,5,IDLE_SHRINK,0,0
2026-02-18T06:08:12.731Z,34,0,20.57,5,IDLE_SHRINK,0,0
2026-02-18T06:08:12.781Z,34,0,19.94,5,IDLE_SHRINK,0,0
2026-02-18T06:08:12.831Z,34,0,20.32,5,IDLE_SHRINK,0,0
2026-02-18T06:08:12.882Z,34,0,20.12,5,IDLE_SHRINK,0,0
2026-02-18T06:08:12.932Z,34,0,20.29,5,IDLE_SHRINK,0,0
2026-02-18T06:08:12.982Z,34,0,20.61,5,IDLE_SHRINK,0,0
2026-02-18T06:08:13.033Z,34,0,20.50,5,IDLE_SHRINK,0,0
2026-02-18T06:08:13.084Z,34,0,20.12,5,IDLE_SHRINK,0,0
2026-02-18T06:08:13.134Z,34,0,20.50,5,IDLE_SHRINK,0,0
2026-02-18T06:08:13.184Z,34,0,20.59,5,IDLE_SHRINK,0,0
2026-02-18T06:08:13.235Z,34,0,20.34,5,IDLE_SHRINK,0,0
2026-02-18T06:08:13.285Z,34,0,20.68,5,IDLE_SHRINK,0,0
2026-02-18T06:08:13.335Z,34,0,20.37,5,IDLE_SHRINK,0,0
2026-02-18T06:08:13.385Z,34,0,20.49,5,IDLE_SHRINK,0,0
2026-02-18T06:08:13.436Z,34,0,20.37,5,IDLE_SHRINK,0,0
2026-02-18T06:08:13.487Z,34,0,20.41,5,IDLE_SHRINK,0,0
2026-02-18T06:08:13.538Z,34,0,20.36,5,IDLE_SHRINK,0,0
2026-02-18T06:08:13.588Z,34,0,20.28,5,IDLE_SHRINK,0,0
2026-02-18T06:08:13.639Z,34,0,20.32,5,IDLE_SHRINK,0,0
2026-02-18T06:08:13.690Z,34,0,20.42,5,IDLE_SHRINK,0,0
2026-02-18T06:08:13.739Z,34,0,20.41,5,IDLE_SHRINK,0,0
2026-02-18T06:08:13.789Z,34,0,20.37,5,IDLE_SHRINK,0,0
2026-02-18T06:08:13.840Z,34,0,20.38,5,IDLE_SHRINK,0,0
2026-02-18T06:08:13.891Z,34,0,20.41,5,IDLE_SHRINK,0,0
2026-02-18T06:08:13.942Z,34,0,20.41,5,IDLE_SHRINK,0,0
2026-02-18T06:08:13.991Z,34,0,20.23,5,IDLE_SHRINK,0,0
2026-02-18T06:08:14.041Z,34,0,20.21,5,IDLE_SHRINK,0,0
2026-02-18T06:08:14.088Z,34,0,20.36,5,IDLE_SHRINK,0,0
2026-02-18T06:08:14.139Z,34,0,20.38,5,IDLE_SHRINK,0,0
2026-02-18T06:08:14.189Z,34,0,20.52,5,IDLE_SHRINK,0,0
2026-02-18T06:08:14.239Z,34,0,20.32,5,IDLE_SHRINK,0,0
2026-02-18T06:08:14.289Z,34,0,19.95,5,IDLE_SHRINK,0,0
2026-02-18T06:08:14.339Z,34,0,20.28,5,IDLE_SHRINK,0,0
2026-02-18T06:08:14.388Z,34,0,19.89,5,IDLE_SHRINK,0,0
2026-02-18T06:08:14.439Z,34,0,20.26,5,IDLE_SHRINK,0,0
2026-02-18T06:08:14.489Z,34,0,20.59,5,IDLE_SHRINK,0,0
2026-02-18T06:08:14.539Z,34,0,20.28,5,IDLE_SHRINK,0,0
2026-02-18T06:08:14.589Z,34,0,20.53,5,IDLE_SHRINK,0,0
2026-02-18T06:08:14.639Z,34,0,20.49,5,IDLE_SHRINK,0,0
2026-02-18T06:08:14.689Z,34,0,19.77,5,IDLE_SHRINK,0,0
2026-02-18T06:08:14.740Z,34,0,20.23,5,IDLE_SHRINK,0,0
2026-02-18T06:08:14.791Z,34,0,20.14,5,IDLE_SHRINK,0,0
2026-02-18T06:08:14.842Z,34,0,20.52,5,IDLE_SHRINK,0,0
2026-02-18T06:08:14.892Z,34,0,20.09,5,IDLE_SHRINK,0,0
2026-02-18T06:08:14.942Z,34,0,20.37,5,IDLE_SHRINK,0,0
2026-02-18T06:08:14.993Z,34,0,20.55,5,IDLE_SHRINK,0,0
2026-02-18T06:08:15.043Z,34,0,20.26,5,IDLE_SHRINK,0,0
2026-02-18T06:08:15.093Z,34,0,20.60,5,IDLE_SHRINK,0,0
2026-02-18T06:08:15.144Z,34,0,20.19,5,IDLE_SHRINK,0,0
2026-02-18T06:08:15.195Z,34,0,20.56,5,IDLE_SHRINK,0,0
2026-02-18T06:08:15.245Z,34,0,20.24,5,IDLE_SHRINK,0,0
2026-02-18T06:08:15.294Z,34,0,19.77,5,IDLE_SHRINK,0,0
2026-02-18T06:08:15.345Z,34,0,20.13,5,IDLE_SHRINK,0,0
2026-02-18T06:08:15.395Z,34,0,20.26,5,IDLE_SHRINK,0,0
2026-02-18T06:08:15.445Z,34,0,20.41,5,IDLE_SHRINK,0,0
2026-02-18T06:08:15.495Z,34,0,20.39,5,IDLE_SHRINK,0,0
2026-02-18T06:08:15.545Z,34,0,20.51,5,IDLE_SHRINK,0,0
2026-02-18T06:08:15.595Z,34,0,20.37,5,IDLE_SHRINK,0,0
2026-02-18T06:08:15.644Z,34,0,20.35,5,IDLE_SHRINK,0,0
2026-02-18T06:08:15.695Z,34,0,20.29,5,IDLE_SHRINK,0,0
2026-02-18T06:08:15.744Z,34,0,20.37,5,IDLE_SHRINK,0,0
2026-02-18T06:08:15.795Z,34,0,20.37,5,IDLE_SHRINK,0,0
2026-02-18T06:08:15.846Z,34,0,20.37,5,IDLE_SHRINK,0,0
2026-02-18T06:08:15.896Z,34,0,20.50,5,IDLE_SHRINK,0,0
2026-02-18T06:08:15.946Z,34,0,20.33,5,IDLE_SHRINK,0,0
2026-02-18T06:08:15.997Z,34,0,20.32,5,IDLE_SHRINK,0,0
2026-02-18T06:08:16.047Z,34,0,20.49,5,IDLE_SHRINK,0,0
2026-02-18T06:08:16.097Z,34,0,20.49,5,IDLE_SHRINK,0,0
2026-02-18T06:08:16.148Z,34,0,20.49,5,IDLE_SHRINK,0,0
2026-02-18T06:08:16.198Z,34,0,20.15,5,IDLE_SHRINK,0,0
2026-02-18T06:08:16.248Z,34,0,20.42,5,IDLE_SHRINK,0,0
2026-02-18T06:08:16.299Z,34,0,20.65,5,IDLE_SHRINK,0,0
2026-02-18T06:08:16.349Z,34,0,20.21,5,IDLE_SHRINK,0,0
2026-02-18T06:08:16.399Z,34,0,20.55,5,IDLE_SHRINK,0,0
2026-02-18T06:08:16.449Z,34,0,20.34,5,IDLE_SHRINK,0,0
2026-02-18T06:08:16.499Z,34,0,20.01,5,IDLE_SHRINK,0,0
2026-02-18T06:08:16.549Z,34,0,20.37,5,IDLE_SHRINK,0,0
2026-02-18T06:08:16.601Z,34,0,20.64,5,IDLE_SHRINK,0,0
2026-02-18T06:08:16.651Z,34,0,20.54,5,IDLE_SHRINK,0,0
2026-02-18T06:08:16.702Z,34,0,20.60,5,IDLE_SHRINK,0,0
2026-02-18T06:08:16.752Z,34,0,20.21,5,IDLE_SHRINK,0,0
2026-02-18T06:08:16.802Z,34,0,20.41,5,IDLE_SHRINK,0,0
2026-02-18T06:08:16.853Z,34,0,20.39,5,IDLE_SHRINK,0,0
2026-02-18T06:08:16.903Z,34,0,20.09,5,IDLE_SHRINK,0,0
2026-02-18T06:08:16.953Z,34,0,20.29,5,IDLE_SHRINK,0,0
2026-02-18T06:08:17.003Z,34,0,20.16,5,IDLE_SHRINK,0,0
2026-02-18T06:08:17.053Z,34,0,20.30,5,IDLE_SHRINK,0,0
2026-02-18T06:08:17.103Z,34,0,20.36,5,IDLE_SHRINK,0,0
2026-02-18T06:08:17.153Z,34,0,20.23,5,IDLE_SHRINK,0,0
2026-02-18T06:08:17.203Z,34,0,20.21,5,IDLE_SHRINK,0,0
