Timestamp,ActiveRequests,Lag_ms,VirtualLimit,Status,Kp_Used
2026-02-19T09:49:42.095Z,0,29.66,19,OK,0.1
2026-02-19T09:49:42.145Z,0,25.08,18,OK,0.1
2026-02-19T09:49:42.195Z,0,23.45,19,OK,0.1
2026-02-19T09:49:42.245Z,0,22.56,20,OK,0.1
2026-02-19T09:49:42.296Z,0,22.08,21,OK,0.1
2026-02-19T09:49:42.346Z,0,20.22,22,OK,0.1
2026-02-19T09:49:42.397Z,0,20.16,23,OK,0.1
2026-02-19T09:49:42.446Z,0,20.16,24,OK,0.1
2026-02-19T09:49:42.496Z,0,20.27,25,OK,0.1
2026-02-19T09:49:42.547Z,0,20.28,26,OK,0.1
2026-02-19T09:49:42.596Z,0,20.25,27,OK,0.1
2026-02-19T09:49:42.647Z,0,20.24,28,OK,0.1
2026-02-19T09:49:42.697Z,0,20.27,29,OK,0.1
2026-02-19T09:49:42.747Z,0,20.22,30,OK,0.1
2026-02-19T09:49:42.798Z,0,20.22,31,OK,0.1
2026-02-19T09:49:42.849Z,0,20.21,32,OK,0.1
2026-02-19T09:49:42.899Z,0,20.22,33,OK,0.1
2026-02-19T09:49:42.949Z,0,20.20,34,OK,0.1
2026-02-19T09:49:42.999Z,0,20.24,35,OK,0.1
2026-02-19T09:49:43.049Z,0,20.25,36,OK,0.1
2026-02-19T09:49:43.100Z,0,20.26,37,OK,0.1
2026-02-19T09:49:43.150Z,0,20.26,38,OK,0.1
2026-02-19T09:49:43.201Z,0,20.31,39,OK,0.1
2026-02-19T09:49:43.251Z,0,20.26,40,OK,0.1
2026-02-19T09:49:43.301Z,0,20.26,41,OK,0.1
2026-02-19T09:49:43.352Z,0,20.21,42,OK,0.1
2026-02-19T09:49:43.403Z,0,20.21,43,OK,0.1
2026-02-19T09:49:43.454Z,0,20.18,44,OK,0.1
2026-02-19T09:49:43.504Z,0,20.18,45,OK,0.1
2026-02-19T09:49:43.555Z,0,20.19,46,OK,0.1
2026-02-19T09:49:43.604Z,0,20.24,47,OK,0.1
2026-02-19T09:49:43.654Z,0,20.28,48,OK,0.1
2026-02-19T09:49:43.704Z,0,20.26,49,OK,0.1
2026-02-19T09:49:43.754Z,0,20.31,50,OK,0.1
2026-02-19T09:49:43.805Z,0,20.29,50,OK,0.1
2026-02-19T09:49:43.855Z,0,20.30,50,OK,0.1
2026-02-19T09:49:43.906Z,0,20.28,50,OK,0.1
2026-02-19T09:49:43.957Z,0,20.32,50,OK,0.1
2026-02-19T09:49:44.007Z,0,20.29,50,OK,0.1
2026-02-19T09:49:44.058Z,0,20.35,50,OK,0.1
2026-02-19T09:49:44.107Z,0,20.35,50,OK,0.1
2026-02-19T09:49:44.157Z,0,20.38,50,OK,0.1
2026-02-19T09:49:44.207Z,0,20.38,50,OK,0.1
2026-02-19T09:49:44.257Z,0,20.36,50,OK,0.1
2026-02-19T09:49:44.308Z,0,20.31,50,OK,0.1
2026-02-19T09:49:44.358Z,0,20.36,50,OK,0.1
2026-02-19T09:49:44.409Z,0,20.31,50,OK,0.1
2026-02-19T09:49:44.459Z,0,20.27,50,OK,0.1
2026-02-19T09:49:44.509Z,0,20.35,50,OK,0.1
2026-02-19T09:49:44.560Z,0,20.29,50,OK,0.1
2026-02-19T09:49:44.611Z,0,20.24,50,OK,0.1
2026-02-19T09:49:44.661Z,0,20.22,50,OK,0.1
2026-02-19T09:49:44.711Z,0,20.27,50,OK,0.1
2026-02-19T09:49:44.762Z,0,20.20,50,OK,0.1
2026-02-19T09:49:44.813Z,0,20.10,50,OK,0.1
2026-02-19T09:49:44.863Z,0,20.14,50,OK,0.1
2026-02-19T09:49:44.914Z,0,20.24,50,OK,0.1
2026-02-19T09:49:44.964Z,0,20.17,50,OK,0.1
2026-02-19T09:49:45.015Z,0,20.19,50,OK,0.1
2026-02-19T09:49:45.065Z,0,20.42,50,OK,0.1
2026-02-19T09:49:45.116Z,0,20.42,50,OK,0.1
2026-02-19T09:49:45.166Z,0,20.32,50,OK,0.1
2026-02-19T09:49:45.216Z,0,20.35,50,OK,0.1
2026-02-19T09:49:45.266Z,0,20.37,50,OK,0.1
2026-02-19T09:49:45.317Z,0,20.28,50,OK,0.1
2026-02-19T09:49:45.368Z,0,20.25,50,OK,0.1
2026-02-19T09:49:45.418Z,0,20.31,50,OK,0.1
2026-02-19T09:49:45.468Z,0,20.30,50,OK,0.1
2026-02-19T09:49:45.519Z,0,20.32,50,OK,0.1
2026-02-19T09:49:45.569Z,0,20.34,50,OK,0.1
2026-02-19T09:49:45.620Z,0,20.35,50,OK,0.1
2026-02-19T09:49:45.670Z,0,20.38,50,OK,0.1
2026-02-19T09:49:45.720Z,0,20.42,50,OK,0.1
2026-02-19T09:49:45.771Z,0,20.41,50,OK,0.1
2026-02-19T09:49:45.822Z,0,20.40,50,OK,0.1
2026-02-19T09:49:45.871Z,0,20.44,50,OK,0.1
2026-02-19T09:49:45.922Z,0,20.42,50,OK,0.1
2026-02-19T09:49:45.972Z,0,20.54,50,OK,0.1
2026-02-19T09:49:46.022Z,0,20.53,50,OK,0.1
2026-02-19T09:49:46.073Z,0,20.64,50,OK,0.1
2026-02-19T09:49:46.122Z,0,20.61,50,OK,0.1
2026-02-19T09:49:46.173Z,0,20.57,50,OK,0.1
2026-02-19T09:49:46.223Z,0,20.43,50,OK,0.1
2026-02-19T09:49:46.274Z,0,20.37,50,OK,0.1
2026-02-19T09:49:46.324Z,0,20.24,50,OK,0.1
2026-02-19T09:49:46.374Z,0,20.26,50,OK,0.1
2026-02-19T09:49:46.425Z,0,20.28,50,OK,0.1
2026-02-19T09:49:46.475Z,0,20.33,50,OK,0.1
2026-02-19T09:49:46.525Z,0,20.36,50,OK,0.1
2026-02-19T09:49:46.575Z,0,20.42,50,OK,0.1
2026-02-19T09:49:46.626Z,0,20.39,50,OK,0.1
2026-02-19T09:49:46.676Z,0,20.43,50,OK,0.1
2026-02-19T09:49:46.727Z,0,20.38,50,OK,0.1
2026-02-19T09:49:46.778Z,0,20.42,50,OK,0.1
2026-02-19T09:49:46.829Z,0,20.40,50,OK,0.1
2026-02-19T09:49:46.879Z,0,20.42,50,OK,0.1
2026-02-19T09:49:46.929Z,0,20.35,50,OK,0.1
2026-02-19T09:49:46.979Z,0,20.27,50,OK,0.1
2026-02-19T09:49:47.029Z,0,20.25,50,OK,0.1
2026-02-19T09:49:47.079Z,0,20.24,50,OK,0.1
2026-02-19T09:49:47.130Z,0,20.28,50,OK,0.1
2026-02-19T09:49:47.180Z,0,20.39,50,OK,0.1
2026-02-19T09:49:47.231Z,0,20.48,50,OK,0.1
2026-02-19T09:49:47.282Z,0,20.57,50,OK,0.1
2026-02-19T09:49:47.333Z,0,20.56,50,OK,0.1
2026-02-19T09:49:47.383Z,0,20.44,50,OK,0.1
2026-02-19T09:49:47.433Z,0,20.36,50,OK,0.1
2026-02-19T09:49:47.483Z,0,20.25,50,OK,0.1
2026-02-19T09:49:47.533Z,0,20.13,50,OK,0.1
2026-02-19T09:49:47.583Z,0,19.98,50,OK,0.1
2026-02-19T09:49:47.633Z,0,20.06,50,OK,0.1
2026-02-19T09:49:47.683Z,0,20.15,50,OK,0.1
2026-02-19T09:49:47.733Z,0,20.25,50,OK,0.1
2026-02-19T09:49:47.784Z,0,20.32,50,OK,0.1
2026-02-19T09:49:47.835Z,0,20.45,50,OK,0.1
2026-02-19T09:49:47.885Z,0,20.30,50,OK,0.1
2026-02-19T09:49:47.935Z,0,20.25,50,OK,0.1
2026-02-19T09:49:47.985Z,0,20.10,50,OK,0.1
2026-02-19T09:49:48.036Z,0,20.07,50,OK,0.1
2026-02-19T09:49:48.086Z,0,20.11,50,OK,0.1
2026-02-19T09:49:48.136Z,0,20.25,50,OK,0.1
2026-02-19T09:49:48.185Z,0,20.14,50,OK,0.1
2026-02-19T09:49:48.235Z,0,20.32,50,OK,0.1
2026-02-19T09:49:48.285Z,0,20.25,50,OK,0.1
2026-02-19T09:49:48.335Z,0,20.19,50,OK,0.1
2026-02-19T09:49:48.385Z,0,20.23,50,OK,0.1
2026-02-19T09:49:48.435Z,0,20.29,50,OK,0.1
2026-02-19T09:49:48.485Z,0,20.19,50,OK,0.1
2026-02-19T09:49:48.536Z,0,20.27,50,OK,0.1
2026-02-19T09:49:48.585Z,0,20.34,50,OK,0.1
2026-02-19T09:49:48.635Z,0,20.32,50,OK,0.1
2026-02-19T09:49:48.685Z,0,20.26,50,OK,0.1
2026-02-19T09:49:48.735Z,0,20.31,50,OK,0.1
2026-02-19T09:49:48.786Z,0,20.31,50,OK,0.1
2026-02-19T09:49:48.836Z,0,20.26,50,OK,0.1
2026-02-19T09:49:48.886Z,0,20.22,50,OK,0.1
2026-02-19T09:49:48.937Z,0,20.29,50,OK,0.1
2026-02-19T09:49:48.987Z,0,20.13,50,OK,0.1
2026-02-19T09:49:49.038Z,0,20.09,50,OK,0.1
2026-02-19T09:49:49.089Z,0,20.10,50,OK,0.1
2026-02-19T09:49:49.140Z,0,20.09,50,OK,0.1
2026-02-19T09:49:49.190Z,0,20.10,50,OK,0.1
2026-02-19T09:49:49.240Z,0,20.29,50,OK,0.1
2026-02-19T09:49:49.290Z,0,20.19,50,OK,0.1
2026-02-19T09:49:49.341Z,0,20.29,50,OK,0.1
2026-02-19T09:49:49.391Z,0,20.41,50,OK,0.1
2026-02-19T09:49:49.441Z,0,20.39,50,OK,0.1
2026-02-19T09:49:49.491Z,0,20.23,50,OK,0.1
2026-02-19T09:49:49.542Z,0,20.37,50,OK,0.1
2026-02-19T09:49:49.591Z,0,20.43,50,OK,0.1
2026-02-19T09:49:49.641Z,0,20.33,50,OK,0.1
2026-02-19T09:49:49.691Z,0,20.39,50,OK,0.1
2026-02-19T09:49:49.741Z,0,20.55,50,OK,0.1
2026-02-19T09:49:49.793Z,0,20.58,50,OK,0.1
2026-02-19T09:49:49.843Z,0,20.38,50,OK,0.1
2026-02-19T09:49:49.892Z,0,20.41,50,OK,0.1
2026-02-19T09:49:49.942Z,0,20.32,50,OK,0.1
2026-02-19T09:49:49.993Z,0,20.25,50,OK,0.1
2026-02-19T09:49:50.043Z,0,20.22,50,OK,0.1
2026-02-19T09:49:50.093Z,0,20.36,50,OK,0.1
2026-02-19T09:49:50.143Z,0,20.33,50,OK,0.1
2026-02-19T09:49:50.194Z,0,20.41,50,OK,0.1
2026-02-19T09:49:50.245Z,0,20.46,50,OK,0.1
2026-02-19T09:49:50.295Z,0,20.38,50,OK,0.1
2026-02-19T09:49:50.346Z,0,20.28,50,OK,0.1
2026-02-19T09:49:50.397Z,0,20.25,50,OK,0.1
2026-02-19T09:49:50.448Z,0,20.23,50,OK,0.1
2026-02-19T09:49:50.498Z,0,20.33,50,OK,0.1
2026-02-19T09:49:50.548Z,0,20.39,50,OK,0.1
2026-02-19T09:49:50.598Z,0,20.45,50,OK,0.1
2026-02-19T09:49:50.649Z,0,20.46,50,OK,0.1
2026-02-19T09:49:50.700Z,0,20.50,50,OK,0.1
2026-02-19T09:49:50.750Z,0,20.41,50,OK,0.1
2026-02-19T09:49:50.799Z,0,20.38,50,OK,0.1
2026-02-19T09:49:50.850Z,0,20.34,50,OK,0.1
2026-02-19T09:49:50.901Z,0,20.36,50,OK,0.1
2026-02-19T09:49:50.952Z,0,20.29,50,OK,0.1
2026-02-19T09:49:51.003Z,0,20.38,50,OK,0.1
2026-02-19T09:49:51.053Z,0,20.44,50,OK,0.1
2026-02-19T09:49:51.103Z,0,20.51,50,OK,0.1
2026-02-19T09:49:51.154Z,0,20.52,50,OK,0.1
2026-02-19T09:49:51.205Z,0,20.47,50,OK,0.1
2026-02-19T09:49:51.256Z,0,20.43,50,OK,0.1
2026-02-19T09:49:51.306Z,0,20.46,50,OK,0.1
2026-02-19T09:49:51.357Z,0,20.42,50,OK,0.1
2026-02-19T09:49:51.407Z,0,20.45,50,OK,0.1
2026-02-19T09:49:51.458Z,0,20.44,50,OK,0.1
2026-02-19T09:49:51.509Z,0,20.32,50,OK,0.1
2026-02-19T09:49:51.559Z,0,20.23,50,OK,0.1
2026-02-19T09:49:51.609Z,0,20.31,50,OK,0.1
2026-02-19T09:49:51.659Z,0,20.19,50,OK,0.1
2026-02-19T09:49:51.709Z,0,20.26,50,OK,0.1
2026-02-19T09:49:51.760Z,0,20.33,50,OK,0.1
2026-02-19T09:49:51.810Z,0,20.43,50,OK,0.1
2026-02-19T09:49:51.861Z,0,20.32,50,OK,0.1
2026-02-19T09:49:51.912Z,0,20.28,50,OK,0.1
2026-02-19T09:49:51.963Z,0,20.25,50,OK,0.1
2026-02-19T09:49:52.013Z,0,20.33,50,OK,0.1
2026-02-19T09:49:52.064Z,0,20.23,50,OK,0.1
2026-02-19T09:49:52.115Z,0,20.30,50,OK,0.1
2026-02-19T09:49:52.165Z,0,20.33,50,OK,0.1
2026-02-19T09:49:52.216Z,0,20.27,50,OK,0.1
2026-02-19T09:49:52.267Z,0,20.18,50,OK,0.1
2026-02-19T09:49:52.317Z,0,20.30,50,OK,0.1
2026-02-19T09:49:52.367Z,0,20.18,50,OK,0.1
2026-02-19T09:49:52.417Z,0,20.22,50,OK,0.1
2026-02-19T09:49:52.467Z,0,20.32,50,OK,0.1
2026-02-19T09:49:52.518Z,0,20.34,50,OK,0.1
2026-02-19T09:49:52.568Z,0,20.20,50,OK,0.1
2026-02-19T09:49:52.619Z,0,20.25,50,OK,0.1
2026-02-19T09:49:52.669Z,0,20.31,50,OK,0.1
2026-02-19T09:49:52.719Z,0,20.30,50,OK,0.1
2026-02-19T09:49:52.769Z,0,20.30,50,OK,0.1
2026-02-19T09:49:52.819Z,0,20.37,50,OK,0.1
2026-02-19T09:49:52.869Z,0,20.38,50,OK,0.1
2026-02-19T09:49:52.920Z,0,20.39,50,OK,0.1
2026-02-19T09:49:52.971Z,0,20.41,50,OK,0.1
2026-02-19T09:49:53.021Z,0,20.40,50,OK,0.1
2026-02-19T09:49:53.071Z,0,20.38,50,OK,0.1
2026-02-19T09:49:53.121Z,0,20.35,50,OK,0.1
2026-02-19T09:49:53.172Z,0,20.31,50,OK,0.1
2026-02-19T09:49:53.222Z,0,20.28,50,OK,0.1
2026-02-19T09:49:53.272Z,0,20.26,50,OK,0.1
2026-02-19T09:49:53.322Z,0,20.24,50,OK,0.1
2026-02-19T09:49:53.373Z,0,20.25,50,OK,0.1
2026-02-19T09:49:53.423Z,0,20.24,50,OK,0.1
2026-02-19T09:49:53.474Z,0,20.26,50,OK,0.1
2026-02-19T09:49:53.524Z,0,20.29,50,OK,0.1
2026-02-19T09:49:53.574Z,0,20.35,50,OK,0.1
2026-02-19T09:49:53.624Z,0,20.33,50,OK,0.1
2026-02-19T09:49:53.675Z,0,20.37,50,OK,0.1
2026-02-19T09:49:53.724Z,0,20.41,50,OK,0.1
2026-02-19T09:49:53.775Z,0,20.38,50,OK,0.1
2026-02-19T09:49:53.825Z,0,20.24,50,OK,0.1
2026-02-19T09:49:53.875Z,0,20.22,50,OK,0.1
2026-02-19T09:49:53.935Z,1,20.24,50,OK,0.1
2026-02-19T09:49:53.986Z,0,20.16,50,OK,0.1
2026-02-19T09:49:54.036Z,0,20.10,50,OK,0.1
2026-02-19T09:49:54.087Z,0,20.22,50,OK,0.1
2026-02-19T09:49:54.137Z,0,20.23,50,OK,0.1
2026-02-19T09:49:54.187Z,0,20.20,50,OK,0.1
2026-02-19T09:49:54.238Z,0,20.23,50,OK,0.1
2026-02-19T09:49:54.288Z,0,20.31,50,OK,0.1
2026-02-19T09:49:54.339Z,0,20.27,50,OK,0.1
2026-02-19T09:49:54.390Z,0,20.29,50,OK,0.1
2026-02-19T09:49:54.439Z,0,20.29,50,OK,0.1
2026-02-19T09:49:54.489Z,0,20.29,50,OK,0.1
2026-02-19T09:49:54.540Z,0,20.35,50,OK,0.1
2026-02-19T09:49:54.590Z,0,20.36,50,OK,0.1
2026-02-19T09:49:54.641Z,0,20.40,50,OK,0.1
2026-02-19T09:49:54.692Z,0,20.39,50,OK,0.1
2026-02-19T09:49:54.741Z,0,20.38,50,OK,0.1
2026-02-19T09:49:54.791Z,0,20.29,50,OK,0.1
2026-02-19T09:49:54.841Z,0,20.32,50,OK,0.1
2026-02-19T09:49:54.891Z,0,20.25,50,OK,0.1
2026-02-19T09:49:54.941Z,0,20.24,50,OK,0.1
2026-02-19T09:49:54.991Z,0,20.22,50,OK,0.1
2026-02-19T09:49:55.041Z,0,20.24,50,OK,0.1
2026-02-19T09:49:55.092Z,0,20.21,50,OK,0.1
2026-02-19T09:49:55.143Z,0,20.31,50,OK,0.1
2026-02-19T09:49:55.194Z,0,20.29,50,OK,0.1
2026-02-19T09:49:55.244Z,0,20.35,50,OK,0.1
2026-02-19T09:49:55.294Z,0,20.36,50,OK,0.1
2026-02-19T09:49:55.345Z,0,20.37,50,OK,0.1
2026-02-19T09:49:55.395Z,0,20.32,50,OK,0.1
2026-02-19T09:49:55.445Z,0,20.34,50,OK,0.1
2026-02-19T09:49:55.496Z,0,20.32,50,OK,0.1
2026-02-19T09:49:55.606Z,0,35.70,48,OK,0.1
2026-02-19T09:49:55.656Z,0,35.71,46,OK,0.1
2026-02-19T09:49:55.707Z,0,35.67,44,OK,0.1
2026-02-19T09:49:55.758Z,0,35.65,42,OK,0.1
2026-02-19T09:49:55.809Z,0,35.69,40,OK,0.1
2026-02-19T09:49:55.859Z,0,20.30,41,OK,0.1
2026-02-19T09:49:55.909Z,0,20.27,42,OK,0.1
2026-02-19T09:49:55.961Z,1,20.27,43,OK,0.1
2026-02-19T09:49:56.012Z,0,20.22,44,OK,0.1
2026-02-19T09:49:56.061Z,0,20.17,45,OK,0.1
2026-02-19T09:49:56.111Z,0,20.16,46,OK,0.1
2026-02-19T09:49:56.161Z,0,20.21,47,OK,0.1
2026-02-19T09:49:56.211Z,0,20.21,48,OK,0.1
2026-02-19T09:49:56.261Z,0,20.24,49,OK,0.1
2026-02-19T09:49:56.312Z,0,20.26,50,OK,0.1
2026-02-19T09:49:56.362Z,0,20.30,50,OK,0.1
2026-02-19T09:49:56.413Z,0,20.25,50,OK,0.1
2026-02-19T09:49:56.463Z,0,20.27,50,OK,0.1
2026-02-19T09:49:56.513Z,0,20.27,50,OK,0.1
2026-02-19T09:49:56.564Z,0,20.25,50,OK,0.1
2026-02-19T09:49:56.614Z,0,20.21,50,OK,0.1
2026-02-19T09:49:56.665Z,0,20.20,50,OK,0.1
2026-02-19T09:49:56.715Z,0,20.31,50,OK,0.1
2026-02-19T09:49:56.766Z,0,20.26,50,OK,0.1
2026-02-19T09:49:56.816Z,0,20.27,50,OK,0.1
2026-02-19T09:49:56.867Z,0,20.29,50,OK,0.1
2026-02-19T09:49:56.918Z,0,20.31,50,OK,0.1
2026-02-19T09:49:56.969Z,1,20.19,50,OK,0.1
2026-02-19T09:49:57.020Z,0,20.20,50,OK,0.1
2026-02-19T09:49:57.070Z,0,20.19,50,OK,0.1
2026-02-19T09:49:57.120Z,0,20.17,50,OK,0.1
2026-02-19T09:49:57.170Z,0,20.16,50,OK,0.1
2026-02-19T09:49:57.221Z,0,20.17,50,OK,0.1
2026-02-19T09:49:57.271Z,0,20.24,50,OK,0.1
2026-02-19T09:49:57.321Z,0,20.22,50,OK,0.1
2026-02-19T09:49:57.372Z,0,20.24,50,OK,0.1
2026-02-19T09:49:57.423Z,0,20.29,50,OK,0.1
2026-02-19T09:49:57.474Z,0,20.28,50,OK,0.1
2026-02-19T09:49:57.525Z,0,20.26,50,OK,0.1
2026-02-19T09:49:57.575Z,0,20.26,50,OK,0.1
2026-02-19T09:49:57.625Z,0,20.26,50,OK,0.1
2026-02-19T09:49:57.675Z,0,20.23,50,OK,0.1
2026-02-19T09:49:57.725Z,0,20.26,50,OK,0.1
2026-02-19T09:49:57.775Z,0,20.31,50,OK,0.1
2026-02-19T09:49:57.825Z,0,20.16,50,OK,0.1
2026-02-19T09:49:57.876Z,0,20.16,50,OK,0.1
2026-02-19T09:49:57.927Z,0,20.22,50,OK,0.1
2026-02-19T09:49:57.977Z,0,20.25,50,OK,0.1
2026-02-19T09:49:58.027Z,0,20.13,50,OK,0.1
2026-02-19T09:49:58.077Z,0,20.30,50,OK,0.1
2026-02-19T09:49:58.127Z,0,20.47,50,OK,0.1
2026-02-19T09:49:58.177Z,0,20.52,50,OK,0.1
2026-02-19T09:49:58.228Z,0,20.49,50,OK,0.1
2026-02-19T09:49:58.277Z,0,20.58,50,OK,0.1
2026-02-19T09:49:58.328Z,0,20.58,50,OK,0.1
2026-02-19T09:49:58.434Z,0,27.57,49,OK,0.1
2026-02-19T09:49:58.484Z,0,27.42,48,OK,0.1
2026-02-19T09:49:58.534Z,0,27.42,47,OK,0.1
2026-02-19T09:49:58.584Z,0,27.50,46,OK,0.1
2026-02-19T09:49:58.635Z,0,27.55,45,OK,0.1
2026-02-19T09:49:58.685Z,0,20.40,46,OK,0.1
2026-02-19T09:49:58.736Z,0,20.39,47,OK,0.1
2026-02-19T09:49:58.787Z,0,20.29,48,OK,0.1
2026-02-19T09:49:58.836Z,0,20.23,49,OK,0.1
2026-02-19T09:49:58.886Z,0,20.15,50,OK,0.1
2026-02-19T09:49:58.937Z,1,20.17,50,OK,0.1
2026-02-19T09:49:58.987Z,1,20.13,50,OK,0.1
2026-02-19T09:49:59.037Z,1,20.23,50,OK,0.1
2026-02-19T09:49:59.088Z,1,20.26,50,OK,0.1
2026-02-19T09:49:59.138Z,2,20.25,50,OK,0.1
2026-02-19T09:49:59.188Z,2,20.27,50,OK,0.1
2026-02-19T09:49:59.238Z,2,20.32,50,OK,0.1
2026-02-19T09:49:59.290Z,2,20.32,50,OK,0.1
2026-02-19T09:49:59.340Z,2,20.34,50,OK,0.1
2026-02-19T09:49:59.390Z,2,20.35,50,OK,0.1
2026-02-19T09:49:59.440Z,2,20.29,50,OK,0.1
2026-02-19T09:49:59.491Z,2,20.29,50,OK,0.1
2026-02-19T09:49:59.541Z,2,20.29,50,OK,0.1
2026-02-19T09:49:59.591Z,2,20.23,50,OK,0.1
2026-02-19T09:49:59.642Z,2,20.13,50,OK,0.1
2026-02-19T09:49:59.692Z,2,20.16,50,OK,0.1
2026-02-19T09:49:59.905Z,2,54.93,47,OK,0.1
2026-02-19T09:49:59.956Z,2,54.94,44,OK,0.1
2026-02-19T09:50:00.006Z,3,54.92,41,OK,0.1
2026-02-19T09:50:00.056Z,3,55.00,37,OK,0.1
2026-02-19T09:50:00.106Z,3,55.00,34,OK,0.1
2026-02-19T09:50:00.394Z,3,20.29,35,OK,0.1
2026-02-19T09:50:00.444Z,4,20.25,36,OK,0.1
2026-02-19T09:50:00.495Z,3,20.29,37,OK,0.1
2026-02-19T09:50:00.727Z,3,39.43,35,OK,0.1
2026-02-19T09:50:00.778Z,3,39.41,33,OK,0.1
2026-02-19T09:50:00.828Z,3,39.38,31,OK,0.1
2026-02-19T09:50:00.877Z,3,39.47,29,OK,0.1
2026-02-19T09:50:00.928Z,3,39.46,27,OK,0.1
2026-02-19T09:50:00.978Z,2,20.37,28,OK,0.1
2026-02-19T09:50:01.029Z,2,20.46,29,OK,0.1
2026-02-19T09:50:01.079Z,2,20.44,30,OK,0.1
2026-02-19T09:50:01.130Z,1,20.39,31,OK,0.1
2026-02-19T09:50:01.181Z,1,20.38,32,OK,0.1
2026-02-19T09:50:01.231Z,1,20.36,33,OK,0.1
2026-02-19T09:50:01.282Z,1,20.27,34,OK,0.1
2026-02-19T09:50:01.332Z,1,20.24,35,OK,0.1
2026-02-19T09:50:01.383Z,1,20.25,36,OK,0.1
2026-02-19T09:50:01.434Z,1,20.23,37,OK,0.1
2026-02-19T09:50:01.484Z,1,20.19,38,OK,0.1
2026-02-19T09:50:01.534Z,1,20.20,39,OK,0.1
2026-02-19T09:50:01.585Z,1,20.22,40,OK,0.1
2026-02-19T09:50:01.636Z,1,20.22,41,OK,0.1
2026-02-19T09:50:01.687Z,1,20.27,42,OK,0.1
2026-02-19T09:50:01.738Z,2,20.32,43,OK,0.1
2026-02-19T09:50:01.788Z,1,20.31,44,OK,0.1
2026-02-19T09:50:01.838Z,1,20.34,45,OK,0.1
2026-02-19T09:50:01.888Z,1,20.33,46,OK,0.1
2026-02-19T09:50:01.938Z,1,20.49,47,OK,0.1
2026-02-19T09:50:01.988Z,0,20.41,48,OK,0.1
2026-02-19T09:50:02.038Z,0,20.46,49,OK,0.1
2026-02-19T09:50:02.088Z,0,20.44,50,OK,0.1
2026-02-19T09:50:02.139Z,0,20.43,50,OK,0.1
2026-02-19T09:50:02.189Z,0,20.22,50,OK,0.1
2026-02-19T09:50:02.239Z,0,20.26,50,OK,0.1
2026-02-19T09:50:02.289Z,0,20.22,50,OK,0.1
2026-02-19T09:50:02.340Z,0,20.19,50,OK,0.1
2026-02-19T09:50:02.391Z,0,20.20,50,OK,0.1
2026-02-19T09:50:02.440Z,0,20.22,50,OK,0.1
2026-02-19T09:50:02.490Z,0,20.05,50,OK,0.1
2026-02-19T09:50:02.541Z,0,20.02,50,OK,0.1
2026-02-19T09:50:02.591Z,0,20.08,50,OK,0.1
2026-02-19T09:50:02.640Z,0,20.11,50,OK,0.1
2026-02-19T09:50:02.690Z,0,20.09,50,OK,0.1
2026-02-19T09:50:02.741Z,1,20.35,50,OK,0.1
2026-02-19T09:50:02.790Z,1,20.38,50,OK,0.1
2026-02-19T09:50:02.840Z,1,20.33,50,OK,0.1
2026-02-19T09:50:02.891Z,1,20.30,50,OK,0.1
2026-02-19T09:50:02.941Z,1,20.23,50,OK,0.1
2026-02-19T09:50:03.110Z,1,20.21,50,OK,0.1
2026-02-19T09:50:03.161Z,1,20.22,50,OK,0.1
2026-02-19T09:50:03.211Z,1,20.22,50,OK,0.1
2026-02-19T09:50:03.261Z,1,20.27,50,OK,0.1
2026-02-19T09:50:03.312Z,1,20.37,50,OK,0.1
2026-02-19T09:50:03.417Z,1,37.11,48,OK,0.1
2026-02-19T09:50:03.467Z,2,37.09,46,OK,0.1
2026-02-19T09:50:03.518Z,1,37.09,44,OK,0.1
2026-02-19T09:50:03.569Z,1,37.06,42,OK,0.1
2026-02-19T09:50:03.618Z,1,37.06,40,OK,0.1
2026-02-19T09:50:03.668Z,1,20.28,41,OK,0.1
2026-02-19T09:50:03.718Z,1,20.33,42,OK,0.1
2026-02-19T09:50:03.768Z,1,20.27,43,OK,0.1
2026-02-19T09:50:03.818Z,1,20.29,44,OK,0.1
2026-02-19T09:50:03.868Z,1,20.26,45,OK,0.1
2026-02-19T09:50:03.918Z,1,20.28,46,OK,0.1
2026-02-19T09:50:03.968Z,1,20.22,47,OK,0.1
2026-02-19T09:50:04.018Z,1,20.30,48,OK,0.1
2026-02-19T09:50:04.069Z,1,20.27,49,OK,0.1
2026-02-19T09:50:04.120Z,1,20.28,50,OK,0.1
2026-02-19T09:50:04.234Z,1,29.02,49,OK,0.1
2026-02-19T09:50:04.285Z,1,29.01,48,OK,0.1
2026-02-19T09:50:04.336Z,1,28.99,47,OK,0.1
2026-02-19T09:50:04.385Z,1,28.99,46,OK,0.1
2026-02-19T09:50:04.435Z,1,28.97,45,OK,0.1
2026-02-19T09:50:04.486Z,1,20.22,46,OK,0.1
2026-02-19T09:50:04.537Z,1,20.25,47,OK,0.1
2026-02-19T09:50:04.587Z,1,20.23,48,OK,0.1
2026-02-19T09:50:04.638Z,1,20.27,49,OK,0.1
2026-02-19T09:50:04.688Z,1,20.28,50,OK,0.1
2026-02-19T09:50:04.739Z,1,20.35,50,OK,0.1
2026-02-19T09:50:04.790Z,0,20.29,50,OK,0.1
2026-02-19T09:50:04.839Z,0,20.30,50,OK,0.1
2026-02-19T09:50:04.890Z,0,20.28,50,OK,0.1
2026-02-19T09:50:04.940Z,0,20.24,50,OK,0.1
2026-02-19T09:50:05.091Z,0,36.32,48,OK,0.1
2026-02-19T09:50:05.142Z,0,36.36,46,OK,0.1
2026-02-19T09:50:05.193Z,0,36.40,44,OK,0.1
2026-02-19T09:50:05.242Z,2,36.41,42,OK,0.1
2026-02-19T09:50:05.292Z,1,36.47,40,OK,0.1
2026-02-19T09:50:05.342Z,2,20.32,41,OK,0.1
2026-02-19T09:50:05.392Z,2,20.33,42,OK,0.1
2026-02-19T09:50:05.442Z,2,20.30,43,OK,0.1
2026-02-19T09:50:05.493Z,2,20.31,44,OK,0.1
2026-02-19T09:50:05.544Z,2,20.28,45,OK,0.1
2026-02-19T09:50:05.593Z,2,20.28,46,OK,0.1
2026-02-19T09:50:05.644Z,2,20.29,47,OK,0.1
2026-02-19T09:50:05.695Z,2,20.28,48,OK,0.1
2026-02-19T09:50:05.745Z,2,20.27,49,OK,0.1
2026-02-19T09:50:05.795Z,2,20.26,50,OK,0.1
2026-02-19T09:50:05.845Z,2,20.27,50,OK,0.1
2026-02-19T09:50:05.895Z,2,20.31,50,OK,0.1
2026-02-19T09:50:05.945Z,2,20.41,50,OK,0.1
2026-02-19T09:50:05.995Z,3,20.38,50,OK,0.1
2026-02-19T09:50:06.045Z,3,20.42,50,OK,0.1
2026-02-19T09:50:06.096Z,4,20.44,50,OK,0.1
2026-02-19T09:50:06.147Z,3,20.48,50,OK,0.1
2026-02-19T09:50:06.197Z,3,20.38,50,OK,0.1
2026-02-19T09:50:06.247Z,4,20.42,50,OK,0.1
2026-02-19T09:50:06.298Z,3,20.45,50,OK,0.1
2026-02-19T09:50:06.348Z,3,20.40,50,OK,0.1
2026-02-19T09:50:06.398Z,3,20.34,50,OK,0.1
2026-02-19T09:50:06.449Z,3,20.52,50,OK,0.1
2026-02-19T09:50:06.569Z,3,28.39,49,OK,0.1
2026-02-19T09:50:06.619Z,3,28.34,48,OK,0.1
2026-02-19T09:50:06.669Z,3,28.34,47,OK,0.1
2026-02-19T09:50:06.719Z,3,28.34,46,OK,0.1
2026-02-19T09:50:06.769Z,4,28.10,45,OK,0.1
2026-02-19T09:50:06.820Z,4,20.17,46,OK,0.1
2026-02-19T09:50:06.870Z,4,20.19,47,OK,0.1
2026-02-19T09:50:06.920Z,4,20.19,48,OK,0.1
2026-02-19T09:50:06.971Z,4,20.15,49,OK,0.1
2026-02-19T09:50:07.021Z,4,20.29,50,OK,0.1
2026-02-19T09:50:07.071Z,4,20.31,50,OK,0.1
2026-02-19T09:50:07.121Z,6,20.38,50,OK,0.1
2026-02-19T09:50:07.171Z,6,20.38,50,OK,0.1
2026-02-19T09:50:07.221Z,6,20.38,50,OK,0.1
2026-02-19T09:50:07.272Z,5,20.26,50,OK,0.1
2026-02-19T09:50:07.322Z,5,20.24,50,OK,0.1
2026-02-19T09:50:07.372Z,4,20.17,50,OK,0.1
2026-02-19T09:50:07.422Z,4,20.18,50,OK,0.1
2026-02-19T09:50:07.472Z,4,20.18,50,OK,0.1
2026-02-19T09:50:07.522Z,4,20.24,50,OK,0.1
2026-02-19T09:50:07.574Z,5,20.25,50,OK,0.1
2026-02-19T09:50:07.624Z,4,20.26,50,OK,0.1
2026-02-19T09:50:07.674Z,4,20.24,50,OK,0.1
2026-02-19T09:50:07.825Z,4,20.27,50,OK,0.1
2026-02-19T09:50:07.941Z,7,39.43,48,OK,0.1
2026-02-19T09:50:07.992Z,4,39.50,46,OK,0.1
2026-02-19T09:50:08.044Z,4,39.48,44,OK,0.1
2026-02-19T09:50:08.094Z,4,39.50,42,OK,0.1
2026-02-19T09:50:08.220Z,4,39.49,40,OK,0.1
2026-02-19T09:50:08.270Z,6,20.21,41,OK,0.1
2026-02-19T09:50:08.320Z,6,20.18,42,OK,0.1
2026-02-19T09:50:08.370Z,6,20.21,43,OK,0.1
2026-02-19T09:50:08.420Z,6,20.20,44,OK,0.1
2026-02-19T09:50:08.587Z,6,48.97,41,OK,0.1
2026-02-19T09:50:08.637Z,6,49.11,38,OK,0.1
2026-02-19T09:50:08.689Z,6,49.07,35,OK,0.1
2026-02-19T09:50:08.739Z,6,49.00,32,OK,0.1
2026-02-19T09:50:08.789Z,5,49.01,29,OK,0.1
2026-02-19T09:50:08.839Z,5,20.26,30,OK,0.1
2026-02-19T09:50:08.889Z,5,20.22,31,OK,0.1
2026-02-19T09:50:08.939Z,5,20.26,32,OK,0.1
2026-02-19T09:50:09.205Z,6,66.49,27,OK,0.1
2026-02-19T09:50:09.369Z,5,91.21,20,OK,0.1
2026-02-19T09:50:09.419Z,4,91.16,13,OK,0.1
2026-02-19T09:50:09.469Z,4,91.16,6,OK,0.1
2026-02-19T09:50:09.519Z,4,91.18,5,OK,0.1
2026-02-19T09:50:09.784Z,4,84.14,5,OK,0.1
2026-02-19T09:50:09.835Z,4,59.44,5,OK,0.1
2026-02-19T09:50:09.885Z,4,59.42,5,OK,0.1
2026-02-19T09:50:09.936Z,4,59.43,5,OK,0.1
2026-02-19T09:50:10.327Z,4,130.60,5,OK,0.4
2026-02-19T09:50:10.732Z,1,162.55,5,OK,0.4
2026-02-19T09:50:10.968Z,5,195.69,5,SATURATED,0.4
2026-02-19T09:50:11.019Z,1,195.71,5,OK,0.4
2026-02-19T09:50:11.069Z,1,195.79,5,OK,0.4
2026-02-19T09:50:11.119Z,1,124.63,5,OK,0.1
2026-02-19T09:50:11.169Z,1,53.59,5,OK,0.1
2026-02-19T09:50:11.219Z,1,20.42,6,OK,0.1
2026-02-19T09:50:11.270Z,1,20.41,7,OK,0.1
2026-02-19T09:50:11.321Z,1,20.34,8,OK,0.1
2026-02-19T09:50:11.371Z,2,20.66,9,OK,0.1
2026-02-19T09:50:11.421Z,1,20.47,10,OK,0.1
2026-02-19T09:50:11.471Z,1,20.48,11,OK,0.1
2026-02-19T09:50:11.522Z,1,20.48,12,OK,0.1
2026-02-19T09:50:11.572Z,1,20.48,13,OK,0.1
2026-02-19T09:50:11.622Z,1,20.13,14,OK,0.1
2026-02-19T09:50:11.673Z,1,20.24,15,OK,0.1
2026-02-19T09:50:11.724Z,1,20.26,16,OK,0.1
2026-02-19T09:50:12.058Z,1,81.99,10,OK,0.1
2026-02-19T09:50:12.481Z,10,152.54,5,SATURATED,0.4
2026-02-19T09:50:12.555Z,5,153.26,5,SATURATED,0.4
2026-02-19T09:50:12.606Z,1,153.18,5,OK,0.4
2026-02-19T09:50:12.657Z,1,153.16,5,OK,0.4
2026-02-19T09:50:12.707Z,1,91.54,5,OK,0.1
2026-02-19T09:50:12.757Z,1,20.98,6,OK,0.1
2026-02-19T09:50:12.808Z,1,20.18,7,OK,0.1
2026-02-19T09:50:12.858Z,1,20.39,8,OK,0.1
2026-02-19T09:50:12.908Z,1,20.45,9,OK,0.1
2026-02-19T09:50:12.958Z,1,20.35,10,OK,0.1
2026-02-19T09:50:13.008Z,0,20.22,11,OK,0.1
2026-02-19T09:50:13.059Z,0,20.28,12,OK,0.1
2026-02-19T09:50:13.110Z,0,20.10,13,OK,0.1
2026-02-19T09:50:13.160Z,0,19.92,14,OK,0.1
2026-02-19T09:50:13.210Z,0,20.00,15,OK,0.1
2026-02-19T09:50:13.260Z,0,20.14,16,OK,0.1
2026-02-19T09:50:13.310Z,0,20.16,17,OK,0.1
2026-02-19T09:50:13.360Z,0,20.23,18,OK,0.1
2026-02-19T09:50:13.410Z,0,20.25,19,OK,0.1
2026-02-19T09:50:13.460Z,0,20.41,20,OK,0.1
2026-02-19T09:50:13.519Z,5,20.48,21,OK,0.1
2026-02-19T09:50:13.795Z,4,71.64,16,OK,0.1
2026-02-19T09:50:14.154Z,9,129.39,5,SATURATED,0.4
2026-02-19T09:50:14.205Z,3,130.15,5,OK,0.4
2026-02-19T09:50:14.255Z,3,129.90,5,OK,0.4
2026-02-19T09:50:14.305Z,3,129.83,5,OK,0.4
2026-02-19T09:50:14.355Z,3,78.64,5,OK,0.1
2026-02-19T09:50:14.406Z,3,20.89,6,OK,0.1
2026-02-19T09:50:14.456Z,3,20.06,7,OK,0.1
2026-02-19T09:50:14.507Z,6,20.18,8,OK,0.1
2026-02-19T09:50:14.556Z,5,20.30,9,OK,0.1
2026-02-19T09:50:14.607Z,5,20.36,10,OK,0.1
2026-02-19T09:50:14.658Z,5,20.37,11,OK,0.1
2026-02-19T09:50:14.708Z,5,20.55,12,OK,0.1
2026-02-19T09:50:14.759Z,5,20.39,13,OK,0.1
2026-02-19T09:50:14.808Z,5,20.32,14,OK,0.1
2026-02-19T09:50:14.874Z,10,20.88,15,OK,0.1
2026-02-19T09:50:14.926Z,5,20.71,16,OK,0.1
2026-02-19T09:50:14.985Z,5,21.27,17,OK,0.1
2026-02-19T09:50:15.036Z,5,21.32,18,OK,0.1
2026-02-19T09:50:15.086Z,5,21.17,19,OK,0.1
2026-02-19T09:50:15.137Z,5,20.56,20,OK,0.1
2026-02-19T09:50:15.187Z,6,20.94,21,OK,0.1
2026-02-19T09:50:15.237Z,5,20.27,22,OK,0.1
2026-02-19T09:50:15.288Z,5,20.28,23,OK,0.1
2026-02-19T09:50:15.339Z,5,20.37,24,OK,0.1
2026-02-19T09:50:15.389Z,5,20.34,25,OK,0.1
2026-02-19T09:50:15.439Z,5,20.11,26,OK,0.1
2026-02-19T09:50:15.527Z,3,20.55,27,OK,0.1
2026-02-19T09:50:15.578Z,3,20.50,28,OK,0.1
2026-02-19T09:50:15.628Z,3,20.45,29,OK,0.1
2026-02-19T09:50:15.679Z,3,20.48,30,OK,0.1
2026-02-19T09:50:15.730Z,3,20.43,31,OK,0.1
2026-02-19T09:50:16.264Z,8,116.96,21,OK,0.1
2026-02-19T09:50:16.913Z,20,232.75,5,SATURATED,0.4
2026-02-19T09:50:16.963Z,2,232.85,5,OK,0.4
2026-02-19T09:50:17.014Z,2,232.92,5,OK,0.4
2026-02-19T09:50:17.064Z,2,232.98,5,OK,0.4
2026-02-19T09:50:17.114Z,2,136.18,5,OK,0.4
2026-02-19T09:50:17.164Z,2,20.44,6,OK,0.1
2026-02-19T09:50:17.215Z,2,20.44,7,OK,0.1
2026-02-19T09:50:17.265Z,3,20.35,8,OK,0.1
2026-02-19T09:50:17.355Z,2,34.06,7,OK,0.1
2026-02-19T09:50:17.405Z,2,34.04,6,OK,0.1
2026-02-19T09:50:17.456Z,2,34.06,5,OK,0.1
2026-02-19T09:50:17.507Z,3,34.01,5,OK,0.1
2026-02-19T09:50:17.557Z,2,34.04,5,OK,0.1
2026-02-19T09:50:17.608Z,2,20.35,6,OK,0.1
2026-02-19T09:50:17.658Z,2,20.35,7,OK,0.1
2026-02-19T09:50:17.708Z,2,20.39,8,OK,0.1
2026-02-19T09:50:17.758Z,2,20.21,9,OK,0.1
2026-02-19T09:50:17.808Z,2,20.20,10,OK,0.1
2026-02-19T09:50:17.858Z,2,20.15,11,OK,0.1
2026-02-19T09:50:17.908Z,2,20.15,12,OK,0.1
2026-02-19T09:50:18.001Z,4,31.94,11,OK,0.1
2026-02-19T09:50:18.050Z,4,32.14,10,OK,0.1
2026-02-19T09:50:18.101Z,4,32.16,9,OK,0.1
2026-02-19T09:50:18.152Z,4,32.17,8,OK,0.1
2026-02-19T09:50:18.203Z,4,32.13,7,OK,0.1
2026-02-19T09:50:18.252Z,4,20.24,8,OK,0.1
2026-02-19T09:50:18.372Z,3,37.80,6,OK,0.1
2026-02-19T09:50:18.423Z,3,37.77,5,OK,0.1
2026-02-19T09:50:18.473Z,3,37.79,5,OK,0.1
2026-02-19T09:50:18.524Z,4,37.78,5,OK,0.1
2026-02-19T09:50:18.574Z,5,37.83,5,SATURATED,0.1
2026-02-19T09:50:18.624Z,5,20.27,6,OK,0.1
2026-02-19T09:50:18.676Z,5,20.30,7,OK,0.1
2026-02-19T09:50:18.726Z,5,20.24,8,OK,0.1
2026-02-19T09:50:18.776Z,5,20.29,9,OK,0.1
2026-02-19T09:50:18.827Z,5,20.27,10,OK,0.1
2026-02-19T09:50:18.877Z,5,20.28,11,OK,0.1
2026-02-19T09:50:18.927Z,5,20.22,12,OK,0.1
2026-02-19T09:50:18.977Z,5,20.29,13,OK,0.1
2026-02-19T09:50:19.105Z,12,20.31,14,OK,0.1
2026-02-19T09:50:19.155Z,9,20.25,15,OK,0.1
2026-02-19T09:50:19.205Z,9,20.23,16,OK,0.1
2026-02-19T09:50:19.256Z,9,20.29,17,OK,0.1
2026-02-19T09:50:19.306Z,11,20.26,18,OK,0.1
2026-02-19T09:50:19.357Z,11,20.17,19,OK,0.1
2026-02-19T09:50:19.407Z,11,20.23,20,OK,0.1
2026-02-19T09:50:19.458Z,11,20.20,21,OK,0.1
2026-02-19T09:50:19.507Z,11,20.31,22,OK,0.1
2026-02-19T09:50:19.558Z,11,20.35,23,OK,0.1
2026-02-19T09:50:19.609Z,11,20.42,24,OK,0.1
2026-02-19T09:50:19.660Z,11,20.41,25,OK,0.1
2026-02-19T09:50:19.710Z,11,20.42,26,OK,0.1
2026-02-19T09:50:19.760Z,12,20.30,27,OK,0.1
2026-02-19T09:50:19.810Z,12,20.27,28,OK,0.1
2026-02-19T09:50:19.860Z,12,20.23,29,OK,0.1
2026-02-19T09:50:19.910Z,12,20.23,30,OK,0.1
2026-02-19T09:50:19.960Z,10,21.52,31,OK,0.1
2026-02-19T09:50:20.010Z,10,21.52,32,OK,0.1
2026-02-19T09:50:20.303Z,12,73.40,27,OK,0.1
2026-02-19T09:50:20.969Z,27,192.56,5,SATURATED,0.4
2026-02-19T09:50:21.055Z,16,195.71,5,SATURATED,0.4
2026-02-19T09:50:21.107Z,6,194.50,5,SATURATED,0.4
2026-02-19T09:50:21.157Z,6,194.50,5,SATURATED,0.4
2026-02-19T09:50:21.207Z,6,142.54,5,SATURATED,0.4
2026-02-19T09:50:21.257Z,6,23.39,6,SATURATED,0.1
2026-02-19T09:50:21.307Z,5,20.26,7,OK,0.1
2026-02-19T09:50:21.357Z,4,20.19,8,OK,0.1
2026-02-19T09:50:21.407Z,4,20.25,9,OK,0.1
2026-02-19T09:50:21.459Z,4,20.36,10,OK,0.1
2026-02-19T09:50:21.509Z,4,20.45,11,OK,0.1
2026-02-19T09:50:21.559Z,4,20.41,12,OK,0.1
2026-02-19T09:50:21.609Z,4,20.32,13,OK,0.1
2026-02-19T09:50:21.659Z,4,20.27,14,OK,0.1
2026-02-19T09:50:21.709Z,4,20.16,15,OK,0.1
2026-02-19T09:50:21.759Z,3,20.19,16,OK,0.1
2026-02-19T09:50:21.810Z,3,20.30,17,OK,0.1
2026-02-19T09:50:21.861Z,3,20.41,18,OK,0.1
2026-02-19T09:50:21.911Z,3,20.55,19,OK,0.1
2026-02-19T09:50:21.961Z,3,20.57,20,OK,0.1
2026-02-19T09:50:22.011Z,3,21.09,21,OK,0.1
2026-02-19T09:50:22.166Z,6,46.34,18,OK,0.1
2026-02-19T09:50:22.320Z,18,63.05,14,SATURATED,0.1
2026-02-19T09:50:22.372Z,6,63.02,10,OK,0.1
2026-02-19T09:50:22.422Z,6,63.10,6,SATURATED,0.1
2026-02-19T09:50:22.473Z,6,62.55,5,SATURATED,0.1
2026-02-19T09:50:22.524Z,6,37.19,5,SATURATED,0.1
2026-02-19T09:50:22.574Z,6,20.41,6,SATURATED,0.1
2026-02-19T09:50:22.625Z,6,20.31,7,OK,0.1
2026-02-19T09:50:22.676Z,6,20.30,8,OK,0.1
2026-02-19T09:50:22.726Z,6,20.22,9,OK,0.1
2026-02-19T09:50:22.776Z,7,20.27,10,OK,0.1
2026-02-19T09:50:22.827Z,7,20.28,11,OK,0.1
2026-02-19T09:50:22.878Z,7,20.27,12,OK,0.1
2026-02-19T09:50:22.929Z,7,20.25,13,OK,0.1
2026-02-19T09:50:22.980Z,7,20.32,14,OK,0.1
2026-02-19T09:50:23.088Z,8,36.21,12,OK,0.1
2026-02-19T09:50:23.139Z,8,36.21,10,OK,0.1
2026-02-19T09:50:23.189Z,8,36.30,8,SATURATED,0.1
2026-02-19T09:50:23.240Z,8,36.35,6,SATURATED,0.1
2026-02-19T09:50:23.292Z,8,36.31,5,SATURATED,0.1
2026-02-19T09:50:23.342Z,8,20.38,6,SATURATED,0.1
2026-02-19T09:50:23.391Z,8,20.40,7,SATURATED,0.1
2026-02-19T09:50:23.442Z,8,20.30,8,SATURATED,0.1
2026-02-19T09:50:23.492Z,8,20.32,9,OK,0.1
2026-02-19T09:50:23.543Z,8,20.27,10,OK,0.1
2026-02-19T09:50:23.594Z,8,20.28,11,OK,0.1
2026-02-19T09:50:23.645Z,8,20.27,12,OK,0.1
2026-02-19T09:50:23.695Z,8,20.33,13,OK,0.1
2026-02-19T09:50:23.744Z,8,20.45,14,OK,0.1
2026-02-19T09:50:23.795Z,8,20.45,15,OK,0.1
2026-02-19T09:50:23.845Z,8,20.46,16,OK,0.1
2026-02-19T09:50:23.895Z,8,20.45,17,OK,0.1
2026-02-19T09:50:23.945Z,8,20.41,18,OK,0.1
2026-02-19T09:50:23.994Z,9,20.35,19,OK,0.1
2026-02-19T09:50:24.045Z,5,20.31,20,OK,0.1
2026-02-19T09:50:24.097Z,8,20.30,21,OK,0.1
2026-02-19T09:50:24.147Z,6,20.31,22,OK,0.1
2026-02-19T09:50:24.197Z,5,20.29,23,OK,0.1
2026-02-19T09:50:24.248Z,5,20.22,24,OK,0.1
2026-02-19T09:50:24.299Z,5,20.29,25,OK,0.1
2026-02-19T09:50:24.402Z,6,35.43,23,OK,0.1
2026-02-19T09:50:24.657Z,22,72.38,18,SATURATED,0.1
2026-02-19T09:50:24.707Z,4,72.34,13,OK,0.1
2026-02-19T09:50:24.758Z,3,72.34,8,OK,0.1
2026-02-19T09:50:24.808Z,3,72.40,5,OK,0.1
2026-02-19T09:50:24.859Z,3,57.25,5,OK,0.1
2026-02-19T09:50:24.910Z,3,20.39,6,OK,0.1
2026-02-19T09:50:24.960Z,3,20.46,7,OK,0.1
2026-02-19T09:50:25.011Z,2,20.38,8,OK,0.1
2026-02-19T09:50:25.061Z,2,20.19,9,OK,0.1
2026-02-19T09:50:25.112Z,2,20.11,10,OK,0.1
2026-02-19T09:50:25.162Z,2,19.97,11,OK,0.1
2026-02-19T09:50:25.211Z,2,19.93,12,OK,0.1
2026-02-19T09:50:25.262Z,2,20.00,13,OK,0.1
2026-02-19T09:50:25.313Z,2,20.13,14,OK,0.1
2026-02-19T09:50:25.402Z,4,24.16,15,OK,0.1
2026-02-19T09:50:25.453Z,2,24.19,16,OK,0.1
2026-02-19T09:50:25.503Z,2,24.22,17,OK,0.1
2026-02-19T09:50:25.553Z,2,24.25,18,OK,0.1
2026-02-19T09:50:25.603Z,2,24.33,19,OK,0.1
2026-02-19T09:50:25.654Z,2,20.41,20,OK,0.1
2026-02-19T09:50:25.966Z,9,76.18,14,OK,0.1
2026-02-19T09:50:26.202Z,14,109.12,5,SATURATED,0.1
2026-02-19T09:50:26.252Z,6,105.25,5,SATURATED,0.1
2026-02-19T09:50:26.303Z,6,105.14,5,SATURATED,0.1
2026-02-19T09:50:26.353Z,6,105.11,5,SATURATED,0.1
2026-02-19T09:50:26.407Z,5,49.39,5,SATURATED,0.1
2026-02-19T09:50:26.457Z,5,16.42,6,OK,0.1
2026-02-19T09:50:26.507Z,5,20.36,7,OK,0.1
2026-02-19T09:50:26.557Z,5,20.34,8,OK,0.1
2026-02-19T09:50:26.608Z,5,20.36,9,OK,0.1
2026-02-19T09:50:26.658Z,5,20.33,10,OK,0.1
2026-02-19T09:50:26.709Z,5,20.30,11,OK,0.1
2026-02-19T09:50:26.759Z,5,20.22,12,OK,0.1
2026-02-19T09:50:26.809Z,5,20.14,13,OK,0.1
2026-02-19T09:50:26.859Z,5,20.15,14,OK,0.1
2026-02-19T09:50:26.910Z,5,20.17,15,OK,0.1
2026-02-19T09:50:26.960Z,5,20.23,16,OK,0.1
2026-02-19T09:50:27.010Z,5,20.21,17,OK,0.1
2026-02-19T09:50:27.060Z,5,20.29,18,OK,0.1
2026-02-19T09:50:27.111Z,5,20.27,19,OK,0.1
2026-02-19T09:50:27.161Z,5,20.27,20,OK,0.1
2026-02-19T09:50:27.211Z,5,20.28,21,OK,0.1
2026-02-19T09:50:27.321Z,7,34.49,20,OK,0.1
2026-02-19T09:50:27.371Z,5,34.51,19,OK,0.1
2026-02-19T09:50:27.421Z,7,34.50,18,OK,0.1
2026-02-19T09:50:27.471Z,6,34.49,17,OK,0.1
2026-02-19T09:50:27.521Z,7,34.38,16,OK,0.1
2026-02-19T09:50:27.572Z,7,20.18,17,OK,0.1
2026-02-19T09:50:27.623Z,7,20.23,18,OK,0.1
2026-02-19T09:50:27.674Z,6,20.22,19,OK,0.1
2026-02-19T09:50:27.724Z,5,20.26,20,OK,0.1
2026-02-19T09:50:27.775Z,5,20.38,21,OK,0.1
2026-02-19T09:50:27.826Z,5,20.38,22,OK,0.1
2026-02-19T09:50:27.877Z,5,20.34,23,OK,0.1
2026-02-19T09:50:27.927Z,5,20.30,24,OK,0.1
2026-02-19T09:50:27.977Z,7,20.26,25,OK,0.1
2026-02-19T09:50:28.028Z,6,20.14,26,OK,0.1
2026-02-19T09:50:28.078Z,6,20.17,27,OK,0.1
2026-02-19T09:50:28.128Z,6,20.07,28,OK,0.1
2026-02-19T09:50:28.178Z,6,20.11,29,OK,0.1
2026-02-19T09:50:28.307Z,4,19.99,30,OK,0.1
2026-02-19T09:50:28.428Z,15,40.17,28,OK,0.1
2026-02-19T09:50:28.711Z,19,82.71,22,OK,0.1
2026-02-19T09:50:28.853Z,13,97.14,14,OK,0.1
2026-02-19T09:50:28.903Z,6,97.11,6,SATURATED,0.1
2026-02-19T09:50:28.953Z,6,97.25,5,SATURATED,0.1
2026-02-19T09:50:29.003Z,6,77.15,5,SATURATED,0.1
2026-02-19T09:50:29.053Z,6,34.61,5,SATURATED,0.1
2026-02-19T09:50:29.103Z,6,20.26,6,SATURATED,0.1
2026-02-19T09:50:29.152Z,6,20.27,7,OK,0.1
2026-02-19T09:50:29.203Z,7,20.22,8,OK,0.1
2026-02-19T09:50:29.253Z,7,20.22,9,OK,0.1
2026-02-19T09:50:29.304Z,7,20.24,10,OK,0.1
2026-02-19T09:50:29.354Z,7,20.23,11,OK,0.1
2026-02-19T09:50:29.403Z,7,20.27,12,OK,0.1
2026-02-19T09:50:29.454Z,6,21.96,13,OK,0.1
2026-02-19T09:50:29.505Z,6,21.97,14,OK,0.1
2026-02-19T09:50:29.554Z,5,21.96,15,OK,0.1
2026-02-19T09:50:29.605Z,5,22.04,16,OK,0.1
2026-02-19T09:50:29.655Z,5,22.02,17,OK,0.1
2026-02-19T09:50:29.705Z,5,20.39,18,OK,0.1
2026-02-19T09:50:29.796Z,4,24.75,19,OK,0.1
2026-02-19T09:50:30.122Z,13,75.89,13,SATURATED,0.1
2026-02-19T09:50:30.172Z,3,75.80,7,OK,0.1
2026-02-19T09:50:30.223Z,4,75.82,5,OK,0.1
2026-02-19T09:50:30.273Z,3,75.76,5,OK,0.1
2026-02-19T09:50:30.324Z,3,71.42,5,OK,0.1
2026-02-19T09:50:30.374Z,3,20.31,6,OK,0.1
2026-02-19T09:50:30.423Z,4,20.32,7,OK,0.1
2026-02-19T09:50:30.474Z,4,20.51,8,OK,0.1
2026-02-19T09:50:30.698Z,4,38.51,6,OK,0.1
2026-02-19T09:50:30.749Z,3,38.39,5,OK,0.1
2026-02-19T09:50:30.799Z,3,38.37,5,OK,0.1
2026-02-19T09:50:30.849Z,3,38.44,5,OK,0.1
2026-02-19T09:50:30.900Z,3,38.23,5,OK,0.1
2026-02-19T09:50:30.951Z,3,20.28,6,OK,0.1
2026-02-19T09:50:31.001Z,3,20.37,7,OK,0.1
2026-02-19T09:50:31.051Z,3,20.37,8,OK,0.1
2026-02-19T09:50:31.101Z,3,20.31,9,OK,0.1
2026-02-19T09:50:31.635Z,4,69.12,5,OK,0.1
2026-02-19T09:50:31.703Z,5,68.82,5,SATURATED,0.1
2026-02-19T09:50:31.753Z,3,68.81,5,OK,0.1
2026-02-19T09:50:31.804Z,3,68.79,5,OK,0.1
2026-02-19T09:50:31.854Z,3,68.82,5,OK,0.1
2026-02-19T09:50:31.904Z,3,20.00,6,OK,0.1
2026-02-19T09:50:31.954Z,3,20.28,7,OK,0.1
2026-02-19T09:50:32.004Z,3,20.29,8,OK,0.1
2026-02-19T09:50:32.054Z,3,20.32,9,OK,0.1
2026-02-19T09:50:32.104Z,3,20.31,10,OK,0.1
2026-02-19T09:50:32.155Z,4,20.40,11,OK,0.1
2026-02-19T09:50:32.205Z,4,20.37,12,OK,0.1
2026-02-19T09:50:32.255Z,4,20.45,13,OK,0.1
2026-02-19T09:50:32.306Z,4,20.43,14,OK,0.1
2026-02-19T09:50:32.357Z,4,20.42,15,OK,0.1
2026-02-19T09:50:32.408Z,4,20.35,16,OK,0.1
2026-02-19T09:50:32.458Z,3,20.38,17,OK,0.1
2026-02-19T09:50:32.509Z,2,20.32,18,OK,0.1
2026-02-19T09:50:32.559Z,2,20.43,19,OK,0.1
2026-02-19T09:50:32.610Z,2,20.42,20,OK,0.1
2026-02-19T09:50:32.660Z,6,20.47,21,OK,0.1
2026-02-19T09:50:33.114Z,9,106.80,12,OK,0.1
2026-02-19T09:50:33.177Z,12,105.36,5,SATURATED,0.1
2026-02-19T09:50:33.227Z,6,105.32,5,SATURATED,0.1
2026-02-19T09:50:33.278Z,6,105.39,5,SATURATED,0.1
2026-02-19T09:50:33.328Z,6,105.36,5,SATURATED,0.1
2026-02-19T09:50:33.378Z,6,18.99,6,SATURATED,0.1
2026-02-19T09:50:33.428Z,6,20.49,7,OK,0.1
2026-02-19T09:50:33.479Z,6,20.39,8,OK,0.1
2026-02-19T09:50:33.536Z,7,21.66,9,OK,0.1
2026-02-19T09:50:33.586Z,7,21.62,10,OK,0.1
2026-02-19T09:50:33.638Z,7,21.62,11,OK,0.1
2026-02-19T09:50:33.688Z,6,21.57,12,OK,0.1
2026-02-19T09:50:33.738Z,6,22.74,13,OK,0.1
2026-02-19T09:50:33.790Z,6,21.38,14,OK,0.1
2026-02-19T09:50:33.840Z,6,21.44,15,OK,0.1
2026-02-19T09:50:33.890Z,6,21.50,16,OK,0.1
2026-02-19T09:50:33.940Z,6,21.57,17,OK,0.1
2026-02-19T09:50:33.990Z,6,20.43,18,OK,0.1
2026-02-19T09:50:34.040Z,6,20.53,19,OK,0.1
2026-02-19T09:50:34.090Z,6,20.47,20,OK,0.1
2026-02-19T09:50:34.474Z,6,20.66,21,OK,0.1
2026-02-19T09:50:35.210Z,21,163.61,5,SATURATED,0.4
2026-02-19T09:50:35.264Z,7,160.35,5,SATURATED,0.4
2026-02-19T09:50:35.314Z,6,160.28,5,SATURATED,0.4
2026-02-19T09:50:35.364Z,6,160.28,5,SATURATED,0.4
2026-02-19T09:50:35.415Z,6,160.02,5,SATURATED,0.4
2026-02-19T09:50:35.465Z,6,17.00,6,SATURATED,0.1
2026-02-19T09:50:35.515Z,6,20.23,7,OK,0.1
2026-02-19T09:50:35.566Z,5,20.21,8,OK,0.1
2026-02-19T09:50:35.616Z,5,20.10,9,OK,0.1
2026-02-19T09:50:35.666Z,5,20.11,10,OK,0.1
2026-02-19T09:50:35.716Z,5,20.12,11,OK,0.1
2026-02-19T09:50:35.766Z,5,19.94,12,OK,0.1
2026-02-19T09:50:35.816Z,5,19.94,13,OK,0.1
2026-02-19T09:50:35.867Z,5,20.05,14,OK,0.1
2026-02-19T09:50:35.918Z,5,20.05,15,OK,0.1
2026-02-19T09:50:35.968Z,5,20.06,16,OK,0.1
2026-02-19T09:50:36.019Z,5,20.25,17,OK,0.1
2026-02-19T09:50:36.069Z,5,20.24,18,OK,0.1
2026-02-19T09:50:36.119Z,5,20.27,19,OK,0.1
2026-02-19T09:50:36.169Z,4,20.10,20,OK,0.1
2026-02-19T09:50:37.387Z,16,148.29,5,SATURATED,0.4
2026-02-19T09:50:36.726Z,13,20.16,21,OK,0.1
2026-02-19T09:50:37.437Z,4,144.25,5,OK,0.4
2026-02-19T09:50:37.487Z,4,144.27,5,OK,0.4
2026-02-19T09:50:37.537Z,4,144.43,5,OK,0.4
2026-02-19T09:50:37.587Z,4,144.34,5,OK,0.4
2026-02-19T09:50:37.638Z,4,16.21,6,OK,0.1
2026-02-19T09:50:37.687Z,4,20.25,7,OK,0.1
2026-02-19T09:50:38.060Z,4,88.33,5,OK,0.1
2026-02-19T09:50:38.550Z,4,172.28,5,OK,0.4
2026-02-19T09:50:38.662Z,3,180.65,5,OK,0.4
2026-02-19T09:50:38.712Z,1,176.61,5,OK,0.4
2026-02-19T09:50:38.762Z,1,176.76,5,OK,0.4
2026-02-19T09:50:38.812Z,1,108.64,5,OK,0.1
2026-02-19T09:50:38.863Z,1,24.69,6,OK,0.1
2026-02-19T09:50:38.913Z,1,16.33,7,OK,0.1
2026-02-19T09:50:38.963Z,1,20.38,8,OK,0.1
2026-02-19T09:50:39.013Z,1,20.26,9,OK,0.1
2026-02-19T09:50:39.064Z,1,20.29,10,OK,0.1
2026-02-19T09:50:39.114Z,1,20.31,11,OK,0.1
2026-02-19T09:50:39.164Z,1,20.31,12,OK,0.1
2026-02-19T09:50:39.214Z,1,20.30,13,OK,0.1
2026-02-19T09:50:39.264Z,1,20.36,14,OK,0.1
2026-02-19T09:50:39.314Z,1,20.34,15,OK,0.1
2026-02-19T09:50:39.364Z,0,20.32,16,OK,0.1
2026-02-19T09:50:39.414Z,0,20.33,17,OK,0.1
2026-02-19T09:50:39.464Z,0,20.33,18,OK,0.1
2026-02-19T09:50:39.514Z,0,20.24,19,OK,0.1
2026-02-19T09:50:39.564Z,0,20.43,20,OK,0.1
2026-02-19T09:50:39.881Z,1,76.12,14,OK,0.1
2026-02-19T09:50:40.011Z,14,88.27,7,SATURATED,0.1
2026-02-19T09:50:40.062Z,2,84.42,5,OK,0.1
2026-02-19T09:50:40.112Z,2,84.53,5,OK,0.1
2026-02-19T09:50:40.163Z,2,84.33,5,OK,0.1
2026-02-19T09:50:40.214Z,2,28.64,5,OK,0.1
2026-02-19T09:50:40.265Z,2,16.49,6,OK,0.1
2026-02-19T09:50:40.315Z,2,20.33,7,OK,0.1
2026-02-19T09:50:40.365Z,2,20.22,8,OK,0.1
2026-02-19T09:50:40.415Z,2,20.25,9,OK,0.1
2026-02-19T09:50:40.466Z,2,20.23,10,OK,0.1
2026-02-19T09:50:40.516Z,2,20.25,11,OK,0.1
2026-02-19T09:50:40.566Z,2,20.25,12,OK,0.1
2026-02-19T09:50:40.615Z,2,20.29,13,OK,0.1
2026-02-19T09:50:40.666Z,2,20.32,14,OK,0.1
2026-02-19T09:50:40.717Z,2,20.36,15,OK,0.1
2026-02-19T09:50:40.768Z,2,20.34,16,OK,0.1
2026-02-19T09:50:40.818Z,2,20.32,17,OK,0.1
2026-02-19T09:50:40.868Z,2,20.31,18,OK,0.1
2026-02-19T09:50:40.918Z,2,20.21,19,OK,0.1
2026-02-19T09:50:40.970Z,3,20.00,20,OK,0.1
2026-02-19T09:50:41.212Z,3,54.35,17,OK,0.1
2026-02-19T09:50:41.527Z,17,103.33,9,SATURATED,0.1
2026-02-19T09:50:41.577Z,6,99.26,5,SATURATED,0.1
2026-02-19T09:50:41.627Z,6,99.39,5,SATURATED,0.1
2026-02-19T09:50:41.677Z,6,99.59,5,SATURATED,0.1
2026-02-19T09:50:41.727Z,6,65.22,5,SATURATED,0.1
2026-02-19T09:50:41.777Z,6,16.26,6,SATURATED,0.1
2026-02-19T09:50:41.827Z,6,20.30,7,OK,0.1
2026-02-19T09:50:41.877Z,6,20.23,8,OK,0.1
2026-02-19T09:50:41.927Z,4,20.11,9,OK,0.1
2026-02-19T09:50:41.980Z,7,20.20,10,OK,0.1
2026-02-19T09:50:42.030Z,5,20.14,11,OK,0.1
2026-02-19T09:50:42.080Z,5,20.21,12,OK,0.1
2026-02-19T09:50:42.131Z,5,20.21,13,OK,0.1
2026-02-19T09:50:42.181Z,5,20.30,14,OK,0.1
2026-02-19T09:50:42.232Z,5,20.11,15,OK,0.1
2026-02-19T09:50:42.283Z,5,20.19,16,OK,0.1
2026-02-19T09:50:42.333Z,5,20.14,17,OK,0.1
2026-02-19T09:50:42.384Z,5,20.15,18,OK,0.1
2026-02-19T09:50:42.434Z,5,20.16,19,OK,0.1
2026-02-19T09:50:42.484Z,5,20.28,20,OK,0.1
2026-02-19T09:50:42.688Z,7,36.24,18,OK,0.1
2026-02-19T09:50:42.747Z,11,36.06,16,OK,0.1
2026-02-19T09:50:43.318Z,16,143.10,5,SATURATED,0.4
2026-02-19T09:50:43.368Z,5,139.06,5,SATURATED,0.4
2026-02-19T09:50:43.419Z,5,139.05,5,SATURATED,0.4
2026-02-19T09:50:43.470Z,5,123.05,5,SATURATED,0.1
2026-02-19T09:50:43.520Z,3,123.24,5,OK,0.1
2026-02-19T09:50:43.571Z,3,16.18,6,OK,0.1
2026-02-19T09:50:43.621Z,3,20.22,7,OK,0.1
2026-02-19T09:50:43.672Z,3,20.22,8,OK,0.1
2026-02-19T09:50:43.721Z,3,20.24,9,OK,0.1
2026-02-19T09:50:43.913Z,5,54.24,6,OK,0.1
2026-02-19T09:50:43.964Z,4,54.25,5,OK,0.1
2026-02-19T09:50:44.014Z,3,54.38,5,OK,0.1
2026-02-19T09:50:44.064Z,3,54.44,5,OK,0.1
2026-02-19T09:50:44.114Z,3,54.46,5,OK,0.1
2026-02-19T09:50:44.164Z,3,20.44,6,OK,0.1
2026-02-19T09:50:44.214Z,3,20.45,7,OK,0.1
2026-02-19T09:50:44.264Z,3,20.34,8,OK,0.1
2026-02-19T09:50:44.313Z,5,20.40,9,OK,0.1
2026-02-19T09:50:44.482Z,7,40.14,7,SATURATED,0.1
2026-02-19T09:50:44.532Z,4,40.13,5,OK,0.1
2026-02-19T09:50:44.583Z,4,40.11,5,OK,0.1
2026-02-19T09:50:44.633Z,4,36.07,5,OK,0.1
2026-02-19T09:50:44.683Z,4,36.00,5,OK,0.1
2026-02-19T09:50:44.733Z,3,16.24,6,OK,0.1
2026-02-19T09:50:44.783Z,2,16.25,7,OK,0.1
2026-02-19T09:50:44.833Z,2,16.25,8,OK,0.1
2026-02-19T09:50:44.884Z,2,20.28,9,OK,0.1
2026-02-19T09:50:44.934Z,3,20.17,10,OK,0.1
2026-02-19T09:50:44.984Z,2,20.19,11,OK,0.1
2026-02-19T09:50:45.034Z,2,20.23,12,OK,0.1
2026-02-19T09:50:45.084Z,2,20.25,13,OK,0.1
2026-02-19T09:50:45.134Z,2,20.25,14,OK,0.1
2026-02-19T09:50:45.184Z,2,20.31,15,OK,0.1
2026-02-19T09:50:45.234Z,2,20.32,16,OK,0.1
2026-02-19T09:50:45.284Z,2,20.30,17,OK,0.1
2026-02-19T09:50:45.417Z,3,29.52,16,OK,0.1
2026-02-19T09:50:45.468Z,3,29.52,15,OK,0.1
2026-02-19T09:50:45.607Z,5,51.14,12,OK,0.1
2026-02-19T09:50:45.657Z,4,51.14,9,OK,0.1
2026-02-19T09:50:45.708Z,4,51.12,6,OK,0.1
2026-02-19T09:50:45.758Z,3,41.87,5,OK,0.1
2026-02-19T09:50:45.809Z,4,41.95,5,OK,0.1
2026-02-19T09:50:45.859Z,4,20.29,6,OK,0.1
2026-02-19T09:50:45.909Z,4,20.28,7,OK,0.1
2026-02-19T09:50:45.959Z,5,20.37,8,OK,0.1
2026-02-19T09:50:46.009Z,5,20.58,9,OK,0.1
2026-02-19T09:50:46.059Z,5,20.50,10,OK,0.1
2026-02-19T09:50:46.109Z,5,20.55,11,OK,0.1
2026-02-19T09:50:46.161Z,5,20.56,12,OK,0.1
2026-02-19T09:50:46.211Z,5,20.46,13,OK,0.1
2026-02-19T09:50:46.262Z,5,20.29,14,OK,0.1
2026-02-19T09:50:46.311Z,5,20.32,15,OK,0.1
2026-02-19T09:50:46.394Z,6,22.85,16,OK,0.1
2026-02-19T09:50:46.489Z,6,27.80,15,OK,0.1
2026-02-19T09:50:46.593Z,6,43.96,13,OK,0.1
2026-02-19T09:50:46.648Z,13,43.87,11,SATURATED,0.1
2026-02-19T09:50:46.698Z,7,43.84,9,OK,0.1
2026-02-19T09:50:46.748Z,7,41.31,7,SATURATED,0.1
2026-02-19T09:50:46.798Z,7,36.29,5,SATURATED,0.1
2026-02-19T09:50:46.848Z,7,20.15,6,SATURATED,0.1
2026-02-19T09:50:46.899Z,7,20.23,7,SATURATED,0.1
2026-02-19T09:50:46.949Z,7,20.39,8,OK,0.1
2026-02-19T09:50:47.000Z,7,20.43,9,OK,0.1
2026-02-19T09:50:47.051Z,7,20.51,10,OK,0.1
2026-02-19T09:50:47.101Z,7,20.54,11,OK,0.1
2026-02-19T09:50:47.151Z,7,20.55,12,OK,0.1
2026-02-19T09:50:47.201Z,7,20.43,13,OK,0.1
2026-02-19T09:50:47.251Z,7,20.38,14,OK,0.1
2026-02-19T09:50:47.301Z,7,20.15,15,OK,0.1
2026-02-19T09:50:47.351Z,6,20.09,16,OK,0.1
2026-02-19T09:50:47.405Z,7,20.05,17,OK,0.1
2026-02-19T09:50:47.530Z,6,40.96,15,OK,0.1
2026-02-19T09:50:47.580Z,6,40.97,13,OK,0.1
2026-02-19T09:50:47.796Z,7,70.34,8,OK,0.1
2026-02-19T09:50:47.847Z,4,70.68,5,OK,0.1
2026-02-19T09:50:47.897Z,4,70.68,5,OK,0.1
2026-02-19T09:50:47.946Z,4,49.71,5,OK,0.1
2026-02-19T09:50:47.997Z,4,49.70,5,OK,0.1
2026-02-19T09:50:48.047Z,4,20.54,6,OK,0.1
2026-02-19T09:50:48.097Z,4,20.21,7,OK,0.1
2026-02-19T09:50:48.148Z,4,20.20,8,OK,0.1
2026-02-19T09:50:48.198Z,4,20.21,9,OK,0.1
2026-02-19T09:50:48.248Z,4,20.21,10,OK,0.1
2026-02-19T09:50:48.299Z,4,20.21,11,OK,0.1
2026-02-19T09:50:48.349Z,5,20.35,12,OK,0.1
2026-02-19T09:50:48.399Z,5,20.36,13,OK,0.1
2026-02-19T09:50:48.450Z,5,20.53,14,OK,0.1
2026-02-19T09:50:48.500Z,5,20.48,15,OK,0.1
2026-02-19T09:50:48.551Z,5,20.51,16,OK,0.1
2026-02-19T09:50:48.601Z,5,20.32,17,OK,0.1
2026-02-19T09:50:48.651Z,4,20.34,18,OK,0.1
2026-02-19T09:50:48.701Z,2,20.22,19,OK,0.1
2026-02-19T09:50:48.751Z,2,20.31,20,OK,0.1
2026-02-19T09:50:48.801Z,2,20.31,21,OK,0.1
2026-02-19T09:50:48.988Z,12,43.73,19,OK,0.1
2026-02-19T09:50:49.038Z,6,43.61,17,OK,0.1
2026-02-19T09:50:49.088Z,6,43.56,15,OK,0.1
2026-02-19T09:50:49.138Z,6,43.54,13,OK,0.1
2026-02-19T09:50:49.188Z,6,43.52,11,OK,0.1
2026-02-19T09:50:49.238Z,6,20.19,12,OK,0.1
2026-02-19T09:50:49.289Z,6,20.32,13,OK,0.1
2026-02-19T09:50:49.339Z,6,20.32,14,OK,0.1
2026-02-19T09:50:49.389Z,6,20.32,15,OK,0.1
2026-02-19T09:50:49.439Z,6,20.39,16,OK,0.1
2026-02-19T09:50:49.490Z,6,20.39,17,OK,0.1
2026-02-19T09:50:49.540Z,6,20.40,18,OK,0.1
2026-02-19T09:50:49.590Z,7,20.38,19,OK,0.1
2026-02-19T09:50:49.641Z,7,20.36,20,OK,0.1
2026-02-19T09:50:49.691Z,7,20.26,21,OK,0.1
2026-02-19T09:50:49.742Z,7,20.22,22,OK,0.1
2026-02-19T09:50:49.792Z,7,20.21,23,OK,0.1
2026-02-19T09:50:49.842Z,9,20.15,24,OK,0.1
2026-02-19T09:50:49.892Z,9,20.18,25,OK,0.1
2026-02-19T09:50:49.943Z,9,20.18,26,OK,0.1
2026-02-19T09:50:49.992Z,10,20.17,27,OK,0.1
2026-02-19T09:50:50.139Z,9,35.50,25,OK,0.1
2026-02-19T09:50:50.189Z,14,35.59,23,OK,0.1
2026-02-19T09:50:50.239Z,14,35.58,21,OK,0.1
2026-02-19T09:50:50.289Z,14,35.63,19,OK,0.1
2026-02-19T09:50:50.339Z,13,35.84,17,OK,0.1
2026-02-19T09:50:50.389Z,13,20.51,18,OK,0.1
2026-02-19T09:50:50.505Z,13,20.52,19,OK,0.1
2026-02-19T09:50:50.555Z,13,20.49,20,OK,0.1
2026-02-19T09:50:50.606Z,13,20.48,21,OK,0.1
2026-02-19T09:50:50.656Z,13,20.24,22,OK,0.1
2026-02-19T09:50:50.706Z,13,20.21,23,OK,0.1
2026-02-19T09:50:50.756Z,13,20.18,24,OK,0.1
2026-02-19T09:50:50.806Z,13,20.20,25,OK,0.1
2026-02-19T09:50:50.856Z,12,20.16,26,OK,0.1
2026-02-19T09:50:50.906Z,10,20.20,27,OK,0.1
2026-02-19T09:50:50.956Z,11,20.20,28,OK,0.1
2026-02-19T09:50:51.006Z,10,20.22,29,OK,0.1
2026-02-19T09:50:51.056Z,10,20.22,30,OK,0.1
2026-02-19T09:50:51.106Z,10,20.26,31,OK,0.1
2026-02-19T09:50:51.229Z,10,27.98,30,OK,0.1
2026-02-19T09:50:51.560Z,29,80.15,24,SATURATED,0.1
2026-02-19T09:50:51.690Z,15,92.08,17,OK,0.1
2026-02-19T09:50:51.740Z,13,92.10,10,SATURATED,0.1
2026-02-19T09:50:51.790Z,13,92.10,5,SATURATED,0.1
2026-02-19T09:50:51.841Z,11,84.41,5,SATURATED,0.1
2026-02-19T09:50:51.891Z,11,32.25,5,SATURATED,0.1
2026-02-19T09:50:51.941Z,11,20.30,6,SATURATED,0.1
2026-02-19T09:50:51.991Z,11,20.27,7,SATURATED,0.1
2026-02-19T09:50:52.041Z,10,20.20,8,SATURATED,0.1
2026-02-19T09:50:52.091Z,10,20.17,9,SATURATED,0.1
2026-02-19T09:50:52.142Z,10,20.18,10,SATURATED,0.1
2026-02-19T09:50:52.193Z,5,20.18,11,OK,0.1
2026-02-19T09:50:52.243Z,5,20.13,12,OK,0.1
2026-02-19T09:50:52.293Z,5,20.17,13,OK,0.1
2026-02-19T09:50:52.343Z,6,20.23,14,OK,0.1
2026-02-19T09:50:52.393Z,6,20.25,15,OK,0.1
2026-02-19T09:50:52.443Z,6,20.25,16,OK,0.1
2026-02-19T09:50:52.549Z,6,33.87,15,OK,0.1
2026-02-19T09:50:52.787Z,6,67.64,10,OK,0.1
2026-02-19T09:50:52.837Z,7,67.56,5,SATURATED,0.1
2026-02-19T09:50:52.887Z,7,67.55,5,SATURATED,0.1
2026-02-19T09:50:52.938Z,7,67.59,5,SATURATED,0.1
2026-02-19T09:50:52.988Z,6,54.13,5,SATURATED,0.1
2026-02-19T09:50:53.039Z,6,20.38,6,SATURATED,0.1
2026-02-19T09:50:53.089Z,6,20.42,7,OK,0.1
2026-02-19T09:50:53.139Z,6,20.47,8,OK,0.1
2026-02-19T09:50:53.226Z,7,23.79,9,OK,0.1
2026-02-19T09:50:53.305Z,8,25.44,8,SATURATED,0.1
2026-02-19T09:50:53.355Z,6,25.52,7,OK,0.1
2026-02-19T09:50:53.405Z,6,25.50,6,SATURATED,0.1
2026-02-19T09:50:53.455Z,6,25.36,5,SATURATED,0.1
2026-02-19T09:50:53.506Z,6,22.02,6,SATURATED,0.1
2026-02-19T09:50:53.558Z,6,20.28,7,OK,0.1
2026-02-19T09:50:53.608Z,5,20.22,8,OK,0.1
2026-02-19T09:50:53.659Z,5,20.24,9,OK,0.1
2026-02-19T09:50:53.709Z,2,20.27,10,OK,0.1
2026-02-19T09:50:53.759Z,2,20.26,11,OK,0.1
2026-02-19T09:50:53.878Z,3,20.23,12,OK,0.1
2026-02-19T09:50:53.928Z,5,20.71,13,OK,0.1
2026-02-19T09:50:53.978Z,5,20.72,14,OK,0.1
2026-02-19T09:50:54.028Z,5,20.83,15,OK,0.1
2026-02-19T09:50:54.078Z,5,20.83,16,OK,0.1
2026-02-19T09:50:54.128Z,5,20.84,17,OK,0.1
2026-02-19T09:50:54.178Z,5,20.36,18,OK,0.1
2026-02-19T09:50:54.228Z,5,20.35,19,OK,0.1
2026-02-19T09:50:54.278Z,5,20.23,20,OK,0.1
2026-02-19T09:50:54.329Z,4,20.49,21,OK,0.1
2026-02-19T09:50:54.380Z,4,20.51,22,OK,0.1
2026-02-19T09:50:54.430Z,4,20.57,23,OK,0.1
2026-02-19T09:50:54.481Z,4,20.53,24,OK,0.1
2026-02-19T09:50:54.532Z,4,20.58,25,OK,0.1
2026-02-19T09:50:54.660Z,4,28.81,24,OK,0.1
2026-02-19T09:50:54.803Z,5,48.79,21,OK,0.1
2026-02-19T09:50:54.853Z,3,48.70,18,OK,0.1
2026-02-19T09:50:54.998Z,7,48.64,15,OK,0.1
2026-02-19T09:50:55.222Z,14,79.39,9,SATURATED,0.1
2026-02-19T09:50:55.272Z,4,70.94,5,OK,0.1
2026-02-19T09:50:55.323Z,5,50.95,5,SATURATED,0.1
2026-02-19T09:50:55.373Z,4,50.87,5,OK,0.1
2026-02-19T09:50:55.424Z,4,50.95,5,OK,0.1
2026-02-19T09:50:55.475Z,4,20.24,6,OK,0.1
2026-02-19T09:50:55.525Z,4,20.23,7,OK,0.1
2026-02-19T09:50:55.575Z,4,20.22,8,OK,0.1
2026-02-19T09:50:55.626Z,4,20.34,9,OK,0.1
2026-02-19T09:50:55.677Z,4,20.36,10,OK,0.1
2026-02-19T09:50:55.727Z,5,20.30,11,OK,0.1
2026-02-19T09:50:55.777Z,5,20.29,12,OK,0.1
2026-02-19T09:50:55.827Z,5,20.10,13,OK,0.1
2026-02-19T09:50:55.877Z,5,20.09,14,OK,0.1
2026-02-19T09:50:55.927Z,3,20.04,15,OK,0.1
2026-02-19T09:50:55.977Z,3,20.09,16,OK,0.1
2026-02-19T09:50:56.027Z,3,20.08,17,OK,0.1
2026-02-19T09:50:56.077Z,3,20.27,18,OK,0.1
2026-02-19T09:50:56.128Z,3,20.12,19,OK,0.1
2026-02-19T09:50:56.179Z,3,20.15,20,OK,0.1
2026-02-19T09:50:56.313Z,9,20.11,21,OK,0.1
2026-02-19T09:50:56.588Z,19,71.09,16,SATURATED,0.1
2026-02-19T09:50:56.638Z,5,71.08,11,OK,0.1
2026-02-19T09:50:56.689Z,5,71.43,6,OK,0.1
2026-02-19T09:50:56.739Z,5,71.45,5,SATURATED,0.1
2026-02-19T09:50:56.790Z,5,71.50,5,SATURATED,0.1
2026-02-19T09:50:56.840Z,5,20.57,6,OK,0.1
2026-02-19T09:50:56.965Z,5,20.59,7,OK,0.1
2026-02-19T09:50:57.015Z,5,20.36,8,OK,0.1
2026-02-19T09:50:57.066Z,5,20.34,9,OK,0.1
2026-02-19T09:50:57.117Z,6,20.29,10,OK,0.1
2026-02-19T09:50:57.167Z,5,20.24,11,OK,0.1
2026-02-19T09:50:57.218Z,5,20.22,12,OK,0.1
2026-02-19T09:50:57.268Z,5,20.26,13,OK,0.1
2026-02-19T09:50:57.406Z,5,20.24,14,OK,0.1
2026-02-19T09:50:57.521Z,9,39.10,12,OK,0.1
2026-02-19T09:50:57.571Z,5,39.09,10,OK,0.1
2026-02-19T09:50:57.818Z,10,82.16,5,SATURATED,0.1
2026-02-19T09:50:57.869Z,5,78.49,5,SATURATED,0.1
2026-02-19T09:50:57.919Z,4,78.49,5,OK,0.1
2026-02-19T09:50:57.969Z,5,59.67,5,SATURATED,0.1
2026-02-19T09:50:58.019Z,4,59.67,5,OK,0.1
2026-02-19T09:50:58.068Z,4,16.58,6,OK,0.1
2026-02-19T09:50:58.119Z,4,20.26,7,OK,0.1
2026-02-19T09:50:58.170Z,4,20.26,8,OK,0.1
2026-02-19T09:50:58.220Z,4,20.25,9,OK,0.1
2026-02-19T09:50:58.270Z,4,20.32,10,OK,0.1
2026-02-19T09:50:58.320Z,4,20.36,11,OK,0.1
2026-02-19T09:50:58.370Z,4,20.33,12,OK,0.1
2026-02-19T09:50:58.420Z,4,20.36,13,OK,0.1
2026-02-19T09:50:58.470Z,4,20.32,14,OK,0.1
2026-02-19T09:50:58.520Z,3,20.27,15,OK,0.1
2026-02-19T09:50:58.692Z,3,40.60,13,OK,0.1
2026-02-19T09:50:58.869Z,7,61.95,9,OK,0.1
2026-02-19T09:50:59.046Z,9,83.28,5,SATURATED,0.1
2026-02-19T09:50:59.098Z,3,83.29,5,OK,0.1
2026-02-19T09:50:59.149Z,2,83.33,5,OK,0.1
2026-02-19T09:50:59.199Z,2,62.97,5,OK,0.1
2026-02-19T09:50:59.249Z,2,41.63,5,OK,0.1
2026-02-19T09:50:59.299Z,2,20.37,6,OK,0.1
2026-02-19T09:50:59.349Z,2,20.40,7,OK,0.1
2026-02-19T09:50:59.399Z,2,20.36,8,OK,0.1
2026-02-19T09:50:59.449Z,3,20.39,9,OK,0.1
2026-02-19T09:50:59.565Z,3,27.28,8,OK,0.1
2026-02-19T09:50:59.615Z,2,27.24,7,OK,0.1
2026-02-19T09:50:59.665Z,2,27.22,6,OK,0.1
2026-02-19T09:50:59.715Z,2,27.26,5,OK,0.1
2026-02-19T09:50:59.766Z,2,27.23,5,OK,0.1
2026-02-19T09:50:59.816Z,2,20.42,6,OK,0.1
2026-02-19T09:50:59.866Z,2,20.37,7,OK,0.1
2026-02-19T09:50:59.916Z,3,20.39,8,OK,0.1
2026-02-19T09:50:59.967Z,3,20.33,9,OK,0.1
2026-02-19T09:51:00.017Z,3,20.34,10,OK,0.1
2026-02-19T09:51:00.151Z,4,40.19,8,OK,0.1
2026-02-19T09:51:00.331Z,8,62.15,5,SATURATED,0.1
2026-02-19T09:51:00.383Z,3,62.10,5,OK,0.1
2026-02-19T09:51:00.433Z,3,62.16,5,OK,0.1
2026-02-19T09:51:00.483Z,3,62.14,5,OK,0.1
2026-02-19T09:51:00.533Z,3,42.23,5,OK,0.1
2026-02-19T09:51:00.584Z,5,20.30,6,OK,0.1
2026-02-19T09:51:00.713Z,5,39.86,5,SATURATED,0.1
2026-02-19T09:51:00.764Z,4,39.83,5,OK,0.1
2026-02-19T09:51:00.815Z,4,39.86,5,OK,0.1
2026-02-19T09:51:00.865Z,4,39.84,5,OK,0.1
2026-02-19T09:51:00.983Z,5,57.16,5,SATURATED,0.1
2026-02-19T09:51:01.033Z,4,37.62,5,OK,0.1
2026-02-19T09:51:01.084Z,4,37.61,5,OK,0.1
2026-02-19T09:51:01.135Z,4,37.57,5,OK,0.1
2026-02-19T09:51:01.185Z,4,37.58,5,OK,0.1
2026-02-19T09:51:01.237Z,4,20.23,6,OK,0.1
2026-02-19T09:51:01.287Z,4,20.25,7,OK,0.1
2026-02-19T09:51:01.338Z,7,21.09,8,OK,0.1
2026-02-19T09:51:01.441Z,6,27.66,7,OK,0.1
2026-02-19T09:51:01.492Z,5,27.68,6,OK,0.1
2026-02-19T09:51:01.542Z,5,27.67,5,SATURATED,0.1
2026-02-19T09:51:01.592Z,5,27.65,5,SATURATED,0.1
2026-02-19T09:51:01.642Z,5,26.80,5,SATURATED,0.1
2026-02-19T09:51:01.692Z,5,20.26,6,OK,0.1
2026-02-19T09:51:01.743Z,5,20.30,7,OK,0.1
2026-02-19T09:51:01.793Z,5,20.31,8,OK,0.1
2026-02-19T09:51:01.843Z,5,20.31,9,OK,0.1
2026-02-19T09:51:01.893Z,4,20.31,10,OK,0.1
2026-02-19T09:51:01.943Z,4,20.29,11,OK,0.1
2026-02-19T09:51:01.993Z,6,20.17,12,OK,0.1
2026-02-19T09:51:02.044Z,7,20.15,13,OK,0.1
2026-02-19T09:51:02.094Z,6,20.14,14,OK,0.1
2026-02-19T09:51:02.144Z,6,20.16,15,OK,0.1
2026-02-19T09:51:02.194Z,6,20.20,16,OK,0.1
2026-02-19T09:51:02.244Z,6,20.25,17,OK,0.1
2026-02-19T09:51:02.295Z,6,20.26,18,OK,0.1
2026-02-19T09:51:02.678Z,7,54.46,15,OK,0.1
2026-02-19T09:51:02.732Z,15,51.21,12,SATURATED,0.1
2026-02-19T09:51:03.007Z,8,92.12,5,SATURATED,0.1
2026-02-19T09:51:03.058Z,6,92.13,5,SATURATED,0.1
2026-02-19T09:51:03.108Z,6,92.19,5,SATURATED,0.1
2026-02-19T09:51:03.159Z,6,57.98,5,SATURATED,0.1
2026-02-19T09:51:03.208Z,6,61.26,5,SATURATED,0.1
2026-02-19T09:51:03.259Z,6,20.31,6,SATURATED,0.1
2026-02-19T09:51:03.309Z,6,20.26,7,OK,0.1
2026-02-19T09:51:03.469Z,5,38.16,5,SATURATED,0.1
2026-02-19T09:51:03.520Z,4,38.16,5,OK,0.1
2026-02-19T09:51:03.572Z,4,38.13,5,OK,0.1
2026-02-19T09:51:03.622Z,4,38.12,5,OK,0.1
2026-02-19T09:51:03.673Z,4,38.17,5,OK,0.1
2026-02-19T09:51:03.724Z,5,20.29,6,OK,0.1
2026-02-19T09:51:03.774Z,6,20.40,7,OK,0.1
2026-02-19T09:51:03.824Z,6,20.40,8,OK,0.1
2026-02-19T09:51:03.875Z,6,20.39,9,OK,0.1
2026-02-19T09:51:03.926Z,6,20.39,10,OK,0.1
2026-02-19T09:51:03.975Z,6,20.36,11,OK,0.1
2026-02-19T09:51:04.026Z,5,20.29,12,OK,0.1
2026-02-19T09:51:04.077Z,5,20.37,13,OK,0.1
2026-02-19T09:51:04.127Z,5,20.38,14,OK,0.1
2026-02-19T09:51:04.177Z,5,20.34,15,OK,0.1
2026-02-19T09:51:04.227Z,5,20.30,16,OK,0.1
2026-02-19T09:51:04.277Z,5,20.30,17,OK,0.1
2026-02-19T09:51:04.328Z,4,20.24,18,OK,0.1
2026-02-19T09:51:04.379Z,4,20.26,19,OK,0.1
2026-02-19T09:51:04.430Z,4,20.37,20,OK,0.1
2026-02-19T09:51:04.597Z,5,20.37,21,OK,0.1
2026-02-19T09:51:04.713Z,6,39.31,19,OK,0.1
2026-02-19T09:51:04.842Z,6,51.03,16,OK,0.1
2026-02-19T09:51:04.894Z,4,50.87,13,OK,0.1
2026-02-19T09:51:04.944Z,4,50.81,10,OK,0.1
2026-02-19T09:51:04.994Z,4,50.82,7,OK,0.1
2026-02-19T09:51:05.116Z,4,42.21,5,OK,0.1
2026-02-19T09:51:05.167Z,4,30.50,5,OK,0.1
2026-02-19T09:51:05.217Z,4,30.69,5,OK,0.1
2026-02-19T09:51:05.267Z,4,30.70,5,OK,0.1
2026-02-19T09:51:05.317Z,4,30.70,5,OK,0.1
2026-02-19T09:51:05.367Z,5,20.40,6,OK,0.1
2026-02-19T09:51:05.417Z,5,20.38,7,OK,0.1
2026-02-19T09:51:05.467Z,5,20.35,8,OK,0.1
2026-02-19T09:51:05.563Z,5,25.49,7,OK,0.1
2026-02-19T09:51:05.613Z,5,25.59,6,OK,0.1
2026-02-19T09:51:05.663Z,5,25.53,5,SATURATED,0.1
2026-02-19T09:51:05.715Z,5,25.54,5,SATURATED,0.1
2026-02-19T09:51:05.809Z,4,30.27,5,OK,0.1
2026-02-19T09:51:05.940Z,3,34.13,5,OK,0.1
2026-02-19T09:51:05.990Z,4,34.00,5,OK,0.1
2026-02-19T09:51:06.040Z,3,34.01,5,OK,0.1
2026-02-19T09:51:06.090Z,3,34.02,5,OK,0.1
2026-02-19T09:51:06.142Z,3,29.84,5,OK,0.1
2026-02-19T09:51:06.193Z,3,21.03,6,OK,0.1
2026-02-19T09:51:06.243Z,3,21.09,7,OK,0.1
2026-02-19T09:51:06.294Z,3,21.10,8,OK,0.1
2026-02-19T09:51:06.344Z,3,21.19,9,OK,0.1
2026-02-19T09:51:06.395Z,3,20.64,10,OK,0.1
2026-02-19T09:51:06.445Z,3,20.46,11,OK,0.1
2026-02-19T09:51:06.495Z,3,20.43,12,OK,0.1
2026-02-19T09:51:06.546Z,3,20.42,13,OK,0.1
2026-02-19T09:51:06.596Z,3,20.31,14,OK,0.1
2026-02-19T09:51:06.646Z,3,20.31,15,OK,0.1
2026-02-19T09:51:06.696Z,4,20.29,16,OK,0.1
2026-02-19T09:51:06.746Z,2,20.36,17,OK,0.1
2026-02-19T09:51:06.795Z,2,20.33,18,OK,0.1
2026-02-19T09:51:06.846Z,2,20.26,19,OK,0.1
2026-02-19T09:51:06.896Z,2,20.28,20,OK,0.1
2026-02-19T09:51:07.023Z,3,20.30,21,OK,0.1
2026-02-19T09:51:07.114Z,17,34.37,20,OK,0.1
2026-02-19T09:51:07.208Z,4,38.93,18,OK,0.1
2026-02-19T09:51:07.258Z,7,39.00,16,OK,0.1
2026-02-19T09:51:07.309Z,7,39.02,14,OK,0.1
2026-02-19T09:51:07.359Z,6,38.99,12,OK,0.1
2026-02-19T09:51:07.410Z,6,24.88,13,OK,0.1
2026-02-19T09:51:07.460Z,6,20.25,14,OK,0.1
2026-02-19T09:51:07.510Z,6,20.25,15,OK,0.1
2026-02-19T09:51:07.561Z,6,20.19,16,OK,0.1
2026-02-19T09:51:07.612Z,6,20.32,17,OK,0.1
2026-02-19T09:51:07.696Z,6,23.05,18,OK,0.1
2026-02-19T09:51:07.815Z,8,31.15,17,OK,0.1
2026-02-19T09:51:07.961Z,8,46.29,14,OK,0.1
2026-02-19T09:51:08.011Z,6,46.33,11,OK,0.1
2026-02-19T09:51:08.060Z,6,46.21,8,OK,0.1
2026-02-19T09:51:08.111Z,6,43.48,6,SATURATED,0.1
2026-02-19T09:51:08.162Z,6,35.48,5,SATURATED,0.1
2026-02-19T09:51:08.212Z,6,20.35,6,SATURATED,0.1
2026-02-19T09:51:08.262Z,6,20.36,7,OK,0.1
2026-02-19T09:51:08.313Z,6,20.36,8,OK,0.1
2026-02-19T09:51:08.364Z,6,20.39,9,OK,0.1
2026-02-19T09:51:08.413Z,6,20.35,10,OK,0.1
2026-02-19T09:51:08.463Z,6,20.34,11,OK,0.1
2026-02-19T09:51:08.514Z,6,20.34,12,OK,0.1
2026-02-19T09:51:08.565Z,6,20.34,13,OK,0.1
2026-02-19T09:51:08.654Z,6,32.61,12,OK,0.1
2026-02-19T09:51:08.703Z,8,32.63,11,OK,0.1
2026-02-19T09:51:08.754Z,9,32.45,10,OK,0.1
2026-02-19T09:51:08.804Z,9,32.43,9,SATURATED,0.1
2026-02-19T09:51:08.855Z,9,32.46,8,SATURATED,0.1
2026-02-19T09:51:08.906Z,9,20.18,9,SATURATED,0.1
2026-02-19T09:51:08.956Z,9,20.20,10,OK,0.1
2026-02-19T09:51:09.006Z,10,20.29,11,OK,0.1
2026-02-19T09:51:09.056Z,9,20.21,12,OK,0.1
2026-02-19T09:51:09.107Z,9,20.24,13,OK,0.1
2026-02-19T09:51:09.290Z,11,50.28,10,SATURATED,0.1
2026-02-19T09:51:09.339Z,6,50.24,7,OK,0.1
2026-02-19T09:51:09.389Z,5,50.33,5,SATURATED,0.1
2026-02-19T09:51:09.440Z,5,50.46,5,SATURATED,0.1
2026-02-19T09:51:09.489Z,5,50.45,5,SATURATED,0.1
2026-02-19T09:51:09.539Z,5,20.38,6,OK,0.1
2026-02-19T09:51:09.589Z,5,20.41,7,OK,0.1
2026-02-19T09:51:09.640Z,5,20.43,8,OK,0.1
2026-02-19T09:51:09.690Z,5,20.35,9,OK,0.1
2026-02-19T09:51:09.741Z,6,20.41,10,OK,0.1
2026-02-19T09:51:09.791Z,4,20.41,11,OK,0.1
2026-02-19T09:51:09.842Z,5,20.38,12,OK,0.1
2026-02-19T09:51:09.893Z,5,20.37,13,OK,0.1
2026-02-19T09:51:09.943Z,5,20.36,14,OK,0.1
2026-02-19T09:51:09.993Z,6,20.20,15,OK,0.1
2026-02-19T09:51:10.120Z,6,28.09,14,OK,0.1
2026-02-19T09:51:10.170Z,6,28.09,13,OK,0.1
2026-02-19T09:51:10.290Z,7,28.10,12,OK,0.1
2026-02-19T09:51:10.340Z,9,28.13,11,OK,0.1
2026-02-19T09:51:10.390Z,9,28.21,10,OK,0.1
2026-02-19T09:51:10.441Z,9,20.29,11,OK,0.1
2026-02-19T09:51:10.491Z,9,20.31,12,OK,0.1
2026-02-19T09:51:10.542Z,9,20.32,13,OK,0.1
2026-02-19T09:51:10.592Z,9,20.31,14,OK,0.1
2026-02-19T09:51:10.642Z,9,20.30,15,OK,0.1
2026-02-19T09:51:10.692Z,10,20.36,16,OK,0.1
2026-02-19T09:51:10.838Z,8,20.61,17,OK,0.1
2026-02-19T09:51:10.888Z,7,20.60,18,OK,0.1
2026-02-19T09:51:10.938Z,7,20.59,19,OK,0.1
2026-02-19T09:51:11.075Z,8,20.54,20,OK,0.1
2026-02-19T09:51:11.223Z,7,20.48,21,OK,0.1
2026-02-19T09:51:11.344Z,11,40.27,19,OK,0.1
2026-02-19T09:51:11.609Z,17,79.22,13,SATURATED,0.1
2026-02-19T09:51:11.660Z,9,79.24,7,SATURATED,0.1
2026-02-19T09:51:11.711Z,9,79.30,5,SATURATED,0.1
2026-02-19T09:51:11.761Z,9,79.13,5,SATURATED,0.1
2026-02-19T09:51:11.810Z,9,58.99,5,SATURATED,0.1
2026-02-19T09:51:11.860Z,8,20.12,6,SATURATED,0.1
2026-02-19T09:51:11.911Z,8,20.10,7,SATURATED,0.1
2026-02-19T09:51:11.961Z,8,20.07,8,SATURATED,0.1
2026-02-19T09:51:12.011Z,8,20.23,9,OK,0.1
2026-02-19T09:51:12.061Z,8,20.33,10,OK,0.1
2026-02-19T09:51:12.111Z,9,20.24,11,OK,0.1
2026-02-19T09:51:12.161Z,9,20.24,12,OK,0.1
2026-02-19T09:51:12.211Z,9,20.27,13,OK,0.1
2026-02-19T09:51:12.262Z,9,20.21,14,OK,0.1
2026-02-19T09:51:12.313Z,6,20.34,15,OK,0.1
2026-02-19T09:51:12.364Z,6,20.35,16,OK,0.1
2026-02-19T09:51:12.414Z,6,20.37,17,OK,0.1
2026-02-19T09:51:12.465Z,6,20.33,18,OK,0.1
2026-02-19T09:51:12.568Z,6,34.40,17,OK,0.1
2026-02-19T09:51:12.704Z,13,34.20,16,OK,0.1
2026-02-19T09:51:12.753Z,8,34.22,15,OK,0.1
2026-02-19T09:51:12.804Z,8,34.22,14,OK,0.1
2026-02-19T09:51:12.972Z,10,34.27,13,OK,0.1
2026-02-19T09:51:13.023Z,8,20.30,14,OK,0.1
2026-02-19T09:51:13.073Z,8,20.36,15,OK,0.1
2026-02-19T09:51:13.124Z,8,20.33,16,OK,0.1
2026-02-19T09:51:13.175Z,8,20.40,17,OK,0.1
2026-02-19T09:51:13.226Z,8,20.35,18,OK,0.1
2026-02-19T09:51:13.277Z,8,20.26,19,OK,0.1
2026-02-19T09:51:13.384Z,9,34.00,18,OK,0.1
2026-02-19T09:51:13.435Z,7,34.01,17,OK,0.1
2026-02-19T09:51:13.484Z,7,33.95,16,OK,0.1
2026-02-19T09:51:13.535Z,6,33.93,15,OK,0.1
2026-02-19T09:51:13.584Z,6,34.02,14,OK,0.1
2026-02-19T09:51:13.635Z,6,20.28,15,OK,0.1
2026-02-19T09:51:13.685Z,6,20.38,16,OK,0.1
2026-02-19T09:51:14.085Z,8,95.51,8,SATURATED,0.1
2026-02-19T09:51:14.158Z,6,96.08,5,SATURATED,0.1
2026-02-19T09:51:14.208Z,4,96.07,5,OK,0.1
2026-02-19T09:51:14.259Z,4,96.13,5,OK,0.1
2026-02-19T09:51:14.309Z,5,96.00,5,SATURATED,0.1
2026-02-19T09:51:14.360Z,4,20.91,6,OK,0.1
2026-02-19T09:51:14.412Z,6,21.09,7,OK,0.1
2026-02-19T09:51:14.463Z,4,21.06,8,OK,0.1
2026-02-19T09:51:14.512Z,5,21.04,9,OK,0.1
2026-02-19T09:51:14.563Z,5,21.06,10,OK,0.1
2026-02-19T09:51:14.616Z,4,21.03,11,OK,0.1
2026-02-19T09:51:14.672Z,3,20.28,12,OK,0.1
2026-02-19T09:51:14.722Z,3,20.25,13,OK,0.1
2026-02-19T09:51:14.772Z,2,20.20,14,OK,0.1
2026-02-19T09:51:14.821Z,2,20.25,15,OK,0.1
2026-02-19T09:51:14.872Z,2,20.22,16,OK,0.1
2026-02-19T09:51:14.922Z,2,20.28,17,OK,0.1
2026-02-19T09:51:14.972Z,2,20.32,18,OK,0.1
2026-02-19T09:51:15.023Z,1,20.28,19,OK,0.1
2026-02-19T09:51:15.074Z,1,20.24,20,OK,0.1
2026-02-19T09:51:15.124Z,2,20.58,21,OK,0.1
2026-02-19T09:51:15.406Z,5,72.87,16,OK,0.1
2026-02-19T09:51:15.714Z,14,120.42,6,SATURATED,0.1
2026-02-19T09:51:15.765Z,5,116.62,5,SATURATED,0.1
2026-02-19T09:51:15.815Z,5,116.62,5,SATURATED,0.1
2026-02-19T09:51:15.866Z,5,116.33,5,SATURATED,0.1
2026-02-19T09:51:15.916Z,5,63.99,5,SATURATED,0.1
2026-02-19T09:51:15.966Z,5,16.43,6,OK,0.1
2026-02-19T09:51:16.017Z,5,20.14,7,OK,0.1
2026-02-19T09:51:16.066Z,5,20.05,8,OK,0.1
2026-02-19T09:51:16.117Z,5,19.98,9,OK,0.1
2026-02-19T09:51:16.167Z,5,20.02,10,OK,0.1
2026-02-19T09:51:16.217Z,5,20.01,11,OK,0.1
2026-02-19T09:51:16.268Z,5,20.16,12,OK,0.1
2026-02-19T09:51:16.317Z,5,20.26,13,OK,0.1
2026-02-19T09:51:16.368Z,5,20.27,14,OK,0.1
2026-02-19T09:51:16.417Z,5,20.12,15,OK,0.1
2026-02-19T09:51:16.468Z,5,20.14,16,OK,0.1
2026-02-19T09:51:16.518Z,4,20.14,17,OK,0.1
2026-02-19T09:51:16.568Z,4,20.16,18,OK,0.1
2026-02-19T09:51:16.618Z,4,20.20,19,OK,0.1
2026-02-19T09:51:16.668Z,4,20.33,20,OK,0.1
2026-02-19T09:51:16.719Z,5,20.50,21,OK,0.1
2026-02-19T09:51:16.770Z,6,20.54,22,OK,0.1
2026-02-19T09:51:16.825Z,7,20.46,23,OK,0.1
2026-02-19T09:51:17.069Z,18,55.16,19,OK,0.1
2026-02-19T09:51:17.119Z,7,55.08,15,OK,0.1
2026-02-19T09:51:17.169Z,7,55.08,11,OK,0.1
2026-02-19T09:51:17.220Z,7,55.04,7,SATURATED,0.1
2026-02-19T09:51:17.270Z,7,55.11,5,SATURATED,0.1
2026-02-19T09:51:17.320Z,7,20.36,6,SATURATED,0.1
2026-02-19T09:51:17.370Z,7,20.44,7,SATURATED,0.1
2026-02-19T09:51:17.420Z,5,20.35,8,OK,0.1
2026-02-19T09:51:17.471Z,5,20.34,9,OK,0.1
2026-02-19T09:51:17.521Z,5,20.58,10,OK,0.1
2026-02-19T09:51:17.571Z,5,20.59,11,OK,0.1
2026-02-19T09:51:17.621Z,5,20.59,12,OK,0.1
2026-02-19T09:51:17.673Z,5,20.54,13,OK,0.1
2026-02-19T09:51:17.724Z,10,21.64,14,OK,0.1
2026-02-19T09:51:17.775Z,6,21.36,15,OK,0.1
2026-02-19T09:51:17.824Z,8,21.35,16,OK,0.1
2026-02-19T09:51:18.002Z,7,42.88,14,OK,0.1
2026-02-19T09:51:18.200Z,10,68.41,9,SATURATED,0.1
2026-02-19T09:51:18.250Z,6,67.30,5,SATURATED,0.1
2026-02-19T09:51:18.300Z,6,67.35,5,SATURATED,0.1
2026-02-19T09:51:18.351Z,6,67.40,5,SATURATED,0.1
2026-02-19T09:51:18.400Z,6,45.86,5,SATURATED,0.1
2026-02-19T09:51:18.450Z,6,20.25,6,SATURATED,0.1
2026-02-19T09:51:18.501Z,6,20.26,7,OK,0.1
2026-02-19T09:51:18.552Z,6,20.27,8,OK,0.1
2026-02-19T09:51:18.603Z,6,20.24,9,OK,0.1
2026-02-19T09:51:18.652Z,6,20.24,10,OK,0.1
2026-02-19T09:51:18.702Z,5,20.17,11,OK,0.1
2026-02-19T09:51:18.819Z,6,39.06,9,OK,0.1
2026-02-19T09:51:18.869Z,3,39.02,7,OK,0.1
2026-02-19T09:51:18.919Z,3,39.00,5,OK,0.1
2026-02-19T09:51:18.969Z,3,39.04,5,OK,0.1
2026-02-19T09:51:19.111Z,4,48.32,5,OK,0.1
2026-02-19T09:51:19.162Z,3,29.43,5,OK,0.1
2026-02-19T09:51:19.330Z,3,29.45,5,OK,0.1
2026-02-19T09:51:19.381Z,3,29.46,5,OK,0.1
2026-02-19T09:51:19.430Z,3,29.44,5,OK,0.1
2026-02-19T09:51:19.481Z,3,20.29,6,OK,0.1
2026-02-19T09:51:19.531Z,3,20.35,7,OK,0.1
2026-02-19T09:51:19.582Z,3,20.35,8,OK,0.1
2026-02-19T09:51:19.632Z,3,20.34,9,OK,0.1
2026-02-19T09:51:19.681Z,3,20.35,10,OK,0.1
2026-02-19T09:51:19.731Z,2,20.16,11,OK,0.1
2026-02-19T09:51:19.782Z,2,20.10,12,OK,0.1
2026-02-19T09:51:19.973Z,3,20.14,13,OK,0.1
2026-02-19T09:51:20.414Z,13,104.03,5,SATURATED,0.1
2026-02-19T09:51:20.463Z,3,103.83,5,OK,0.1
2026-02-19T09:51:20.513Z,3,104.02,5,OK,0.1
2026-02-19T09:51:20.639Z,3,124.79,5,OK,0.1
2026-02-19T09:51:20.689Z,3,124.77,5,OK,0.1
2026-02-19T09:51:20.740Z,3,40.77,5,OK,0.1
2026-02-19T09:51:20.789Z,3,40.99,5,OK,0.1
2026-02-19T09:51:20.840Z,2,41.01,5,OK,0.1
2026-02-19T09:51:20.890Z,2,20.24,6,OK,0.1
2026-02-19T09:51:20.941Z,2,20.36,7,OK,0.1
2026-02-19T09:51:20.992Z,2,20.46,8,OK,0.1
2026-02-19T09:51:21.042Z,2,20.41,9,OK,0.1
2026-02-19T09:51:21.093Z,2,20.41,10,OK,0.1
2026-02-19T09:51:21.143Z,2,20.38,11,OK,0.1
2026-02-19T09:51:21.193Z,2,20.26,12,OK,0.1
2026-02-19T09:51:21.243Z,2,20.26,13,OK,0.1
2026-02-19T09:51:21.293Z,2,20.26,14,OK,0.1
2026-02-19T09:51:21.344Z,2,20.25,15,OK,0.1
2026-02-19T09:51:21.394Z,2,20.27,16,OK,0.1
2026-02-19T09:51:21.503Z,5,34.74,15,OK,0.1
2026-02-19T09:51:21.611Z,14,42.29,13,SATURATED,0.1
2026-02-19T09:51:21.661Z,3,42.46,11,OK,0.1
2026-02-19T09:51:21.802Z,4,42.47,9,OK,0.1
2026-02-19T09:51:21.853Z,1,42.45,7,OK,0.1
2026-02-19T09:51:21.902Z,1,27.98,6,OK,0.1
2026-02-19T09:51:21.952Z,1,20.46,7,OK,0.1
2026-02-19T09:51:22.002Z,1,20.07,8,OK,0.1
2026-02-19T09:51:22.053Z,1,20.08,9,OK,0.1
2026-02-19T09:51:22.104Z,1,20.13,10,OK,0.1
2026-02-19T09:51:22.155Z,1,20.15,11,OK,0.1
2026-02-19T09:51:22.206Z,1,20.12,12,OK,0.1
2026-02-19T09:51:22.257Z,1,20.43,13,OK,0.1
2026-02-19T09:51:22.307Z,1,20.41,14,OK,0.1
2026-02-19T09:51:22.356Z,1,20.38,15,OK,0.1
2026-02-19T09:51:22.407Z,1,20.34,16,OK,0.1
2026-02-19T09:51:22.458Z,1,20.30,17,OK,0.1
2026-02-19T09:51:22.587Z,1,20.22,18,OK,0.1
2026-02-19T09:51:22.707Z,2,30.18,17,OK,0.1
2026-02-19T09:51:22.863Z,17,57.36,13,SATURATED,0.1
2026-02-19T09:51:23.015Z,8,73.71,8,SATURATED,0.1
2026-02-19T09:51:23.066Z,3,73.79,5,OK,0.1
2026-02-19T09:51:23.117Z,3,73.85,5,OK,0.1
2026-02-19T09:51:23.167Z,3,63.91,5,OK,0.1
2026-02-19T09:51:23.216Z,3,36.73,5,OK,0.1
2026-02-19T09:51:23.266Z,3,20.39,6,OK,0.1
2026-02-19T09:51:23.317Z,3,20.37,7,OK,0.1
2026-02-19T09:51:23.366Z,3,20.32,8,OK,0.1
2026-02-19T09:51:23.417Z,3,20.31,9,OK,0.1
2026-02-19T09:51:23.468Z,4,20.25,10,OK,0.1
2026-02-19T09:51:23.518Z,4,20.24,11,OK,0.1
2026-02-19T09:51:23.567Z,4,20.27,12,OK,0.1
2026-02-19T09:51:23.618Z,4,20.29,13,OK,0.1
2026-02-19T09:51:23.669Z,4,20.29,14,OK,0.1
2026-02-19T09:51:23.719Z,4,20.33,15,OK,0.1
2026-02-19T09:51:23.768Z,5,20.33,16,OK,0.1
2026-02-19T09:51:23.819Z,5,20.29,17,OK,0.1
2026-02-19T09:51:23.941Z,6,27.44,16,OK,0.1
2026-02-19T09:51:24.157Z,16,56.59,12,SATURATED,0.1
2026-02-19T09:51:24.208Z,5,56.60,8,OK,0.1
2026-02-19T09:51:24.258Z,5,56.63,5,SATURATED,0.1
2026-02-19T09:51:24.308Z,5,56.65,5,SATURATED,0.1
2026-02-19T09:51:24.359Z,5,49.37,5,SATURATED,0.1
2026-02-19T09:51:24.408Z,5,20.28,6,OK,0.1
2026-02-19T09:51:24.459Z,5,20.27,7,OK,0.1
2026-02-19T09:51:24.510Z,5,20.23,8,OK,0.1
2026-02-19T09:51:24.560Z,5,20.16,9,OK,0.1
2026-02-19T09:51:24.610Z,5,20.24,10,OK,0.1
2026-02-19T09:51:24.660Z,5,20.17,11,OK,0.1
2026-02-19T09:51:24.711Z,5,20.21,12,OK,0.1
2026-02-19T09:51:24.763Z,3,20.16,13,OK,0.1
2026-02-19T09:51:24.949Z,3,43.56,11,OK,0.1
2026-02-19T09:51:25.000Z,6,43.55,9,OK,0.1
2026-02-19T09:51:25.050Z,6,43.57,7,OK,0.1
2026-02-19T09:51:25.099Z,6,43.58,5,SATURATED,0.1
2026-02-19T09:51:25.150Z,6,43.62,5,SATURATED,0.1
2026-02-19T09:51:25.200Z,6,20.33,6,SATURATED,0.1
2026-02-19T09:51:25.251Z,6,20.52,7,OK,0.1
2026-02-19T09:51:25.301Z,6,20.54,8,OK,0.1
2026-02-19T09:51:25.423Z,6,37.97,6,SATURATED,0.1
2026-02-19T09:51:25.474Z,5,38.00,5,SATURATED,0.1
2026-02-19T09:51:25.525Z,5,37.97,5,SATURATED,0.1
2026-02-19T09:51:25.575Z,5,37.72,5,SATURATED,0.1
2026-02-19T09:51:25.625Z,4,37.69,5,OK,0.1
2026-02-19T09:51:25.676Z,4,20.24,6,OK,0.1
2026-02-19T09:51:25.728Z,5,20.34,7,OK,0.1
2026-02-19T09:51:25.777Z,4,20.43,8,OK,0.1
2026-02-19T09:51:25.827Z,4,20.53,9,OK,0.1
2026-02-19T09:51:25.878Z,4,20.53,10,OK,0.1
2026-02-19T09:51:25.928Z,4,20.51,11,OK,0.1
2026-02-19T09:51:26.071Z,4,30.41,10,OK,0.1
2026-02-19T09:51:26.120Z,4,30.29,9,OK,0.1
2026-02-19T09:51:26.283Z,8,30.31,8,SATURATED,0.1
2026-02-19T09:51:26.464Z,6,30.31,7,OK,0.1
2026-02-19T09:51:26.515Z,6,30.30,6,SATURATED,0.1
2026-02-19T09:51:26.566Z,6,20.29,7,OK,0.1
2026-02-19T09:51:26.616Z,6,20.39,8,OK,0.1
2026-02-19T09:51:26.667Z,7,20.36,9,OK,0.1
2026-02-19T09:51:26.716Z,7,20.41,10,OK,0.1
2026-02-19T09:51:26.766Z,8,20.51,11,OK,0.1
2026-02-19T09:51:26.816Z,9,20.50,12,OK,0.1
2026-02-19T09:51:26.867Z,9,20.40,13,OK,0.1
2026-02-19T09:51:26.918Z,9,20.38,14,OK,0.1
2026-02-19T09:51:26.967Z,6,20.39,15,OK,0.1
2026-02-19T09:51:27.018Z,6,20.33,16,OK,0.1
2026-02-19T09:51:27.068Z,6,20.31,17,OK,0.1
2026-02-19T09:51:27.117Z,6,20.21,18,OK,0.1
2026-02-19T09:51:27.493Z,7,20.26,19,OK,0.1
2026-02-19T09:51:28.176Z,19,152.51,5,SATURATED,0.4
2026-02-19T09:51:28.253Z,6,154.05,5,SATURATED,0.4
2026-02-19T09:51:28.304Z,5,153.95,5,SATURATED,0.4
2026-02-19T09:51:28.355Z,5,154.05,5,SATURATED,0.4
2026-02-19T09:51:28.406Z,5,153.88,5,SATURATED,0.4
2026-02-19T09:51:28.457Z,5,21.58,6,OK,0.1
2026-02-19T09:51:28.507Z,5,20.18,7,OK,0.1
2026-02-19T09:51:28.557Z,5,20.29,8,OK,0.1
2026-02-19T09:51:28.606Z,5,20.24,9,OK,0.1
2026-02-19T09:51:28.657Z,4,20.25,10,OK,0.1
2026-02-19T09:51:28.707Z,4,20.25,11,OK,0.1
2026-02-19T09:51:28.756Z,3,19.86,12,OK,0.1
2026-02-19T09:51:28.807Z,2,19.82,13,OK,0.1
2026-02-19T09:51:28.857Z,2,19.76,14,OK,0.1
2026-02-19T09:51:28.906Z,2,19.95,15,OK,0.1
2026-02-19T09:51:28.956Z,2,19.97,16,OK,0.1
2026-02-19T09:51:29.007Z,2,20.19,17,OK,0.1
2026-02-19T09:51:29.057Z,2,20.22,18,OK,0.1
2026-02-19T09:51:29.107Z,2,20.39,19,OK,0.1
2026-02-19T09:51:29.590Z,4,20.32,20,OK,0.1
2026-02-19T09:51:29.754Z,18,48.56,17,SATURATED,0.1
2026-02-19T09:51:30.543Z,5,192.53,5,SATURATED,0.4
2026-02-19T09:51:31.364Z,5,342.68,5,SATURATED,0.4
2026-02-19T09:51:31.542Z,5,364.18,5,SATURATED,0.4
2026-02-19T09:51:31.606Z,5,362.94,5,SATURATED,0.4
2026-02-19T09:51:31.656Z,2,334.64,5,OK,0.4
2026-02-19T09:51:31.706Z,3,190.72,5,OK,0.4
2026-02-19T09:51:31.757Z,3,40.51,5,OK,0.1
2026-02-19T09:51:31.807Z,3,18.95,6,OK,0.1
2026-02-19T09:51:31.857Z,3,20.34,7,OK,0.1
2026-02-19T09:51:31.908Z,3,20.35,8,OK,0.1
2026-02-19T09:51:31.958Z,3,20.44,9,OK,0.1
2026-02-19T09:51:32.009Z,3,20.51,10,OK,0.1
2026-02-19T09:51:32.059Z,3,20.47,11,OK,0.1
2026-02-19T09:51:32.109Z,3,20.35,12,OK,0.1
2026-02-19T09:51:32.160Z,3,20.29,13,OK,0.1
2026-02-19T09:51:32.210Z,3,20.16,14,OK,0.1
2026-02-19T09:51:32.260Z,3,20.24,15,OK,0.1
2026-02-19T09:51:32.310Z,3,20.28,16,OK,0.1
2026-02-19T09:51:32.361Z,3,20.36,17,OK,0.1
2026-02-19T09:51:32.411Z,3,20.52,18,OK,0.1
2026-02-19T09:51:32.461Z,3,20.63,19,OK,0.1
2026-02-19T09:51:32.804Z,6,81.12,13,OK,0.1
2026-02-19T09:51:32.897Z,13,85.88,6,SATURATED,0.1
2026-02-19T09:51:33.154Z,4,129.00,5,OK,0.4
2026-02-19T09:51:33.204Z,5,128.91,5,SATURATED,0.4
2026-02-19T09:51:33.254Z,5,128.82,5,SATURATED,0.4
2026-02-19T09:51:33.303Z,5,68.28,5,SATURATED,0.1
2026-02-19T09:51:33.354Z,5,63.44,5,SATURATED,0.1
2026-02-19T09:51:33.405Z,5,20.22,6,OK,0.1
2026-02-19T09:51:33.457Z,6,20.17,7,OK,0.1
2026-02-19T09:51:33.508Z,6,20.08,8,OK,0.1
2026-02-19T09:51:33.557Z,6,20.15,9,OK,0.1
2026-02-19T09:51:33.608Z,6,20.24,10,OK,0.1
2026-02-19T09:51:33.657Z,5,20.25,11,OK,0.1
2026-02-19T09:51:33.708Z,4,20.25,12,OK,0.1
2026-02-19T09:51:33.757Z,4,20.44,13,OK,0.1
2026-02-19T09:51:33.808Z,5,20.33,14,OK,0.1
2026-02-19T09:51:33.939Z,5,39.97,12,OK,0.1
2026-02-19T09:51:34.457Z,12,129.31,5,SATURATED,0.4
2026-02-19T09:51:34.680Z,5,164.05,5,SATURATED,0.4
2026-02-19T09:51:34.731Z,4,163.93,5,OK,0.4
2026-02-19T09:51:34.782Z,4,163.97,5,OK,0.4
2026-02-19T09:51:34.832Z,2,144.35,5,OK,0.4
2026-02-19T09:51:34.883Z,2,55.02,5,OK,0.1
2026-02-19T09:51:35.067Z,2,20.32,6,OK,0.1
2026-02-19T09:51:35.310Z,2,39.97,5,OK,0.1
2026-02-19T09:51:35.355Z,1,39.87,5,OK,0.1
2026-02-19T09:51:35.575Z,5,41.11,5,SATURATED,0.1
2026-02-19T09:51:35.654Z,5,52.39,5,SATURATED,0.1
2026-02-19T09:51:35.707Z,3,55.01,5,OK,0.1
2026-02-19T09:51:35.757Z,2,35.35,5,OK,0.1
2026-02-19T09:51:35.808Z,2,35.44,5,OK,0.1
2026-02-19T09:51:35.858Z,2,34.19,5,OK,0.1
2026-02-19T09:51:35.909Z,2,23.00,6,OK,0.1
2026-02-19T09:51:35.960Z,2,20.58,7,OK,0.1
2026-02-19T09:51:36.010Z,2,20.74,8,OK,0.1
2026-02-19T09:51:36.060Z,2,20.73,9,OK,0.1
2026-02-19T09:51:36.183Z,4,31.26,8,OK,0.1
2026-02-19T09:51:36.233Z,3,31.20,7,OK,0.1
2026-02-19T09:51:36.284Z,3,31.03,6,OK,0.1
2026-02-19T09:51:36.334Z,4,30.89,5,OK,0.1
2026-02-19T09:51:36.383Z,5,30.87,5,SATURATED,0.1
2026-02-19T09:51:36.434Z,5,20.29,6,OK,0.1
2026-02-19T09:51:36.485Z,5,20.25,7,OK,0.1
2026-02-19T09:51:36.535Z,5,20.15,8,OK,0.1
2026-02-19T09:51:36.587Z,7,20.15,9,OK,0.1
2026-02-19T09:51:36.824Z,9,63.44,5,SATURATED,0.1
2026-02-19T09:51:36.890Z,5,62.82,5,SATURATED,0.1
2026-02-19T09:51:36.941Z,5,62.86,5,SATURATED,0.1
2026-02-19T09:51:36.992Z,5,62.91,5,SATURATED,0.1
2026-02-19T09:51:37.042Z,5,62.93,5,SATURATED,0.1
2026-02-19T09:51:37.093Z,5,19.66,6,OK,0.1
2026-02-19T09:51:37.144Z,5,20.37,7,OK,0.1
2026-02-19T09:51:37.193Z,6,20.34,8,OK,0.1
2026-02-19T09:51:37.243Z,6,20.48,9,OK,0.1
2026-02-19T09:51:37.294Z,6,20.48,10,OK,0.1
2026-02-19T09:51:37.344Z,6,20.44,11,OK,0.1
2026-02-19T09:51:37.486Z,6,20.63,12,OK,0.1
2026-02-19T09:51:37.535Z,4,20.52,13,OK,0.1
2026-02-19T09:51:37.585Z,5,20.41,14,OK,0.1
2026-02-19T09:51:37.636Z,4,20.35,15,OK,0.1
2026-02-19T09:51:37.686Z,4,20.36,16,OK,0.1
2026-02-19T09:51:37.735Z,5,20.09,17,OK,0.1
2026-02-19T09:51:37.784Z,5,20.20,18,OK,0.1
2026-02-19T09:51:37.968Z,5,34.48,17,OK,0.1
2026-02-19T09:51:38.164Z,17,59.67,13,SATURATED,0.1
2026-02-19T09:51:38.214Z,5,59.66,9,OK,0.1
2026-02-19T09:51:38.265Z,5,59.71,5,SATURATED,0.1
2026-02-19T09:51:38.314Z,5,59.76,5,SATURATED,0.1
2026-02-19T09:51:38.364Z,4,45.56,5,OK,0.1
2026-02-19T09:51:38.415Z,3,20.33,6,OK,0.1
2026-02-19T09:51:38.465Z,3,20.37,7,OK,0.1
2026-02-19T09:51:38.516Z,3,21.14,8,OK,0.1
2026-02-19T09:51:38.627Z,4,39.27,6,OK,0.1
2026-02-19T09:51:38.678Z,4,39.22,5,OK,0.1
2026-02-19T09:51:38.729Z,4,39.36,5,OK,0.1
2026-02-19T09:51:38.780Z,4,39.34,5,OK,0.1
2026-02-19T09:51:38.829Z,4,38.53,5,OK,0.1
2026-02-19T09:51:38.880Z,4,20.34,6,OK,0.1
2026-02-19T09:51:38.930Z,4,20.25,7,OK,0.1
2026-02-19T09:51:38.980Z,5,20.18,8,OK,0.1
2026-02-19T09:51:39.030Z,5,20.15,9,OK,0.1
2026-02-19T09:51:39.081Z,5,20.18,10,OK,0.1
2026-02-19T09:51:39.131Z,5,20.20,11,OK,0.1
2026-02-19T09:51:39.247Z,11,29.40,10,SATURATED,0.1
2026-02-19T09:51:39.298Z,5,25.56,9,OK,0.1
2026-02-19T09:51:39.348Z,5,25.59,8,OK,0.1
2026-02-19T09:51:39.622Z,6,73.04,5,SATURATED,0.1
2026-02-19T09:51:39.673Z,5,73.01,5,SATURATED,0.1
2026-02-19T09:51:39.725Z,5,63.84,5,SATURATED,0.1
2026-02-19T09:51:39.776Z,5,67.69,5,SATURATED,0.1
2026-02-19T09:51:39.827Z,5,67.71,5,SATURATED,0.1
2026-02-19T09:51:39.877Z,5,20.22,6,OK,0.1
2026-02-19T09:51:39.930Z,6,20.53,7,OK,0.1
2026-02-19T09:51:39.981Z,5,20.53,8,OK,0.1
2026-02-19T09:51:40.031Z,5,20.50,9,OK,0.1
2026-02-19T09:51:40.082Z,5,20.49,10,OK,0.1
2026-02-19T09:51:40.183Z,5,25.64,9,OK,0.1
2026-02-19T09:51:40.731Z,5,130.71,5,SATURATED,0.4
2026-02-19T09:51:40.855Z,5,141.47,5,SATURATED,0.4
2026-02-19T09:51:41.169Z,5,190.25,5,SATURATED,0.4
2026-02-19T09:51:41.219Z,1,186.20,5,OK,0.4
2026-02-19T09:51:41.269Z,1,181.09,5,OK,0.4
2026-02-19T09:51:41.319Z,1,75.79,5,OK,0.1
2026-02-19T09:51:41.369Z,1,65.17,5,OK,0.1
2026-02-19T09:51:41.419Z,1,16.33,6,OK,0.1
2026-02-19T09:51:41.470Z,1,20.37,7,OK,0.1
2026-02-19T09:51:41.519Z,1,20.35,8,OK,0.1
2026-02-19T09:51:41.569Z,1,20.28,9,OK,0.1
2026-02-19T09:51:41.619Z,1,20.14,10,OK,0.1
2026-02-19T09:51:41.670Z,1,20.23,11,OK,0.1
2026-02-19T09:51:41.721Z,1,20.23,12,OK,0.1
2026-02-19T09:51:42.021Z,2,72.78,7,OK,0.1
2026-02-19T09:51:42.242Z,7,102.93,5,SATURATED,0.1
2026-02-19T09:51:42.494Z,5,139.28,5,SATURATED,0.4
2026-02-19T09:51:42.545Z,1,139.49,5,OK,0.4
2026-02-19T09:51:42.595Z,1,139.50,5,OK,0.4
2026-02-19T09:51:42.645Z,1,86.99,5,OK,0.1
2026-02-19T09:51:42.696Z,1,56.85,5,OK,0.1
2026-02-19T09:51:42.881Z,1,34.82,5,OK,0.1
2026-02-19T09:51:43.160Z,4,76.37,5,OK,0.1
2026-02-19T09:51:43.211Z,5,78.40,5,SATURATED,0.1
2026-02-19T09:51:43.263Z,5,78.27,5,SATURATED,0.1
2026-02-19T09:51:43.313Z,4,78.24,5,OK,0.1
2026-02-19T09:51:43.364Z,4,63.92,5,OK,0.1
2026-02-19T09:51:43.415Z,4,22.19,6,OK,0.1
2026-02-19T09:51:43.464Z,4,20.17,7,OK,0.1
2026-02-19T09:51:43.619Z,5,37.22,5,SATURATED,0.1
2026-02-19T09:51:43.669Z,4,37.20,5,OK,0.1
2026-02-19T09:51:43.720Z,4,37.22,5,OK,0.1
2026-02-19T09:51:43.771Z,4,37.15,5,OK,0.1
2026-02-19T09:51:43.821Z,4,37.18,5,OK,0.1
2026-02-19T09:51:43.872Z,4,20.22,6,OK,0.1
2026-02-19T09:51:43.922Z,4,20.29,7,OK,0.1
2026-02-19T09:51:43.973Z,4,20.30,8,OK,0.1
2026-02-19T09:51:44.024Z,4,20.43,9,OK,0.1
2026-02-19T09:51:44.073Z,4,20.45,10,OK,0.1
2026-02-19T09:51:44.124Z,4,20.48,11,OK,0.1
2026-02-19T09:51:44.249Z,5,20.41,12,OK,0.1
2026-02-19T09:51:44.381Z,12,42.66,10,SATURATED,0.1
2026-02-19T09:51:44.533Z,6,64.42,6,SATURATED,0.1
2026-02-19T09:51:44.583Z,5,64.36,5,SATURATED,0.1
2026-02-19T09:51:44.640Z,5,64.35,5,SATURATED,0.1
2026-02-19T09:51:44.691Z,5,64.36,5,SATURATED,0.1
2026-02-19T09:51:44.742Z,5,42.05,5,SATURATED,0.1
2026-02-19T09:51:44.793Z,5,20.27,6,OK,0.1
2026-02-19T09:51:44.843Z,5,20.23,7,OK,0.1
2026-02-19T09:51:44.971Z,5,20.24,8,OK,0.1
2026-02-19T09:51:45.022Z,5,20.27,9,OK,0.1
2026-02-19T09:51:45.072Z,5,20.29,10,OK,0.1
2026-02-19T09:51:45.122Z,5,20.24,11,OK,0.1
2026-02-19T09:51:45.173Z,5,20.29,12,OK,0.1
2026-02-19T09:51:45.222Z,3,20.42,13,OK,0.1
2026-02-19T09:51:45.272Z,2,20.42,14,OK,0.1
2026-02-19T09:51:45.323Z,2,20.41,15,OK,0.1
2026-02-19T09:51:45.415Z,15,21.93,16,OK,0.1
2026-02-19T09:51:45.790Z,16,92.75,9,SATURATED,0.1
2026-02-19T09:51:45.839Z,7,92.47,5,SATURATED,0.1
2026-02-19T09:51:45.889Z,7,92.50,5,SATURATED,0.1
2026-02-19T09:51:45.939Z,7,92.40,5,SATURATED,0.1
2026-02-19T09:51:45.990Z,7,90.89,5,SATURATED,0.1
2026-02-19T09:51:46.039Z,7,20.00,6,SATURATED,0.1
2026-02-19T09:51:46.090Z,7,20.16,7,SATURATED,0.1
2026-02-19T09:51:46.139Z,6,20.11,8,OK,0.1
2026-02-19T09:51:46.190Z,6,20.20,9,OK,0.1
2026-02-19T09:51:46.298Z,8,36.75,7,SATURATED,0.1
2026-02-19T09:51:46.348Z,5,36.92,5,SATURATED,0.1
2026-02-19T09:51:46.399Z,5,36.90,5,SATURATED,0.1
2026-02-19T09:51:46.450Z,5,36.97,5,SATURATED,0.1
2026-02-19T09:51:46.501Z,5,36.99,5,SATURATED,0.1
2026-02-19T09:51:46.552Z,5,20.42,6,OK,0.1
2026-02-19T09:51:46.601Z,5,20.30,7,OK,0.1
2026-02-19T09:51:46.651Z,5,20.35,8,OK,0.1
2026-02-19T09:51:46.702Z,5,20.38,9,OK,0.1
2026-02-19T09:51:46.820Z,5,38.80,7,OK,0.1
2026-02-19T09:51:46.870Z,5,34.78,6,OK,0.1
2026-02-19T09:51:46.920Z,5,34.79,5,SATURATED,0.1
2026-02-19T09:51:46.971Z,5,34.76,5,SATURATED,0.1
2026-02-19T09:51:47.020Z,5,34.73,5,SATURATED,0.1
2026-02-19T09:51:47.070Z,5,16.38,6,OK,0.1
2026-02-19T09:51:47.120Z,5,20.43,7,OK,0.1
2026-02-19T09:51:47.170Z,6,20.38,8,OK,0.1
2026-02-19T09:51:47.221Z,6,20.35,9,OK,0.1
2026-02-19T09:51:47.271Z,6,20.34,10,OK,0.1
2026-02-19T09:51:47.322Z,7,20.47,11,OK,0.1
2026-02-19T09:51:47.458Z,6,29.70,10,OK,0.1
2026-02-19T09:51:47.507Z,4,29.74,9,OK,0.1
2026-02-19T09:51:47.558Z,4,29.71,8,OK,0.1
2026-02-19T09:51:47.607Z,5,29.86,7,OK,0.1
2026-02-19T09:51:47.657Z,5,29.66,6,OK,0.1
2026-02-19T09:51:47.707Z,5,20.46,7,OK,0.1
2026-02-19T09:51:47.757Z,4,20.46,8,OK,0.1
2026-02-19T09:51:47.808Z,3,20.56,9,OK,0.1
2026-02-19T09:51:47.948Z,9,41.28,7,SATURATED,0.1
2026-02-19T09:51:48.232Z,5,83.99,5,SATURATED,0.1
2026-02-19T09:51:48.428Z,4,119.05,5,OK,0.1
2026-02-19T09:51:48.479Z,5,119.06,5,SATURATED,0.1
2026-02-19T09:51:48.529Z,4,118.84,5,OK,0.1
2026-02-19T09:51:48.579Z,4,97.98,5,OK,0.1
2026-02-19T09:51:48.634Z,4,55.03,5,OK,0.1
2026-02-19T09:51:48.684Z,4,19.90,6,OK,0.1
2026-02-19T09:51:48.862Z,4,19.88,7,OK,0.1
2026-02-19T09:51:48.911Z,4,20.00,8,OK,0.1
2026-02-19T09:51:49.068Z,5,37.30,6,OK,0.1
2026-02-19T09:51:49.118Z,6,41.72,5,SATURATED,0.1
2026-02-19T09:51:49.168Z,5,41.78,5,SATURATED,0.1
2026-02-19T09:51:49.218Z,5,41.78,5,SATURATED,0.1
2026-02-19T09:51:49.269Z,5,41.92,5,SATURATED,0.1
2026-02-19T09:51:49.320Z,4,24.59,6,OK,0.1
2026-02-19T09:51:49.370Z,4,20.38,7,OK,0.1
2026-02-19T09:51:49.420Z,4,20.39,8,OK,0.1
2026-02-19T09:51:49.471Z,5,20.46,9,OK,0.1
2026-02-19T09:51:49.522Z,5,20.36,10,OK,0.1
2026-02-19T09:51:49.577Z,7,20.20,11,OK,0.1
2026-02-19T09:51:49.694Z,6,29.54,10,OK,0.1
2026-02-19T09:51:49.744Z,5,29.51,9,OK,0.1
2026-02-19T09:51:49.794Z,5,29.42,8,OK,0.1
2026-02-19T09:51:49.845Z,5,29.49,7,OK,0.1
2026-02-19T09:51:49.895Z,6,29.62,6,SATURATED,0.1
2026-02-19T09:51:49.944Z,6,20.26,7,OK,0.1
2026-02-19T09:51:49.995Z,6,20.30,8,OK,0.1
2026-02-19T09:51:50.045Z,6,20.35,9,OK,0.1
2026-02-19T09:51:50.301Z,9,20.35,10,OK,0.1
2026-02-19T09:51:50.548Z,9,65.36,5,SATURATED,0.1
2026-02-19T09:51:50.599Z,5,65.31,5,SATURATED,0.1
2026-02-19T09:51:50.648Z,5,65.30,5,SATURATED,0.1
2026-02-19T09:51:50.699Z,5,65.27,5,SATURATED,0.1
2026-02-19T09:51:50.750Z,5,65.18,5,SATURATED,0.1
2026-02-19T09:51:50.800Z,5,20.15,6,OK,0.1
2026-02-19T09:51:50.850Z,5,20.20,7,OK,0.1
2026-02-19T09:51:50.901Z,5,20.19,8,OK,0.1
2026-02-19T09:51:50.952Z,6,20.14,9,OK,0.1
2026-02-19T09:51:51.001Z,6,20.15,10,OK,0.1
2026-02-19T09:51:51.051Z,6,20.20,11,OK,0.1
2026-02-19T09:51:51.179Z,5,28.86,10,OK,0.1
2026-02-19T09:51:51.331Z,10,45.22,7,SATURATED,0.1
2026-02-19T09:51:51.383Z,7,47.45,5,SATURATED,0.1
2026-02-19T09:51:51.433Z,7,47.47,5,SATURATED,0.1
2026-02-19T09:51:51.483Z,6,47.37,5,SATURATED,0.1
2026-02-19T09:51:51.533Z,6,38.83,5,SATURATED,0.1
2026-02-19T09:51:51.586Z,6,22.34,6,SATURATED,0.1
2026-02-19T09:51:51.636Z,6,20.20,7,OK,0.1
2026-02-19T09:51:51.687Z,6,20.22,8,OK,0.1
2026-02-19T09:51:51.823Z,5,20.33,9,OK,0.1
2026-02-19T09:51:51.874Z,4,20.23,10,OK,0.1
2026-02-19T09:51:51.923Z,4,20.37,11,OK,0.1
2026-02-19T09:51:52.032Z,4,37.61,9,OK,0.1
2026-02-19T09:51:52.081Z,5,37.58,7,OK,0.1
2026-02-19T09:51:52.232Z,5,37.54,5,SATURATED,0.1
2026-02-19T09:51:52.281Z,5,37.57,5,SATURATED,0.1
2026-02-19T09:51:52.331Z,5,37.61,5,SATURATED,0.1
2026-02-19T09:51:52.381Z,5,20.35,6,OK,0.1
2026-02-19T09:51:52.432Z,5,20.37,7,OK,0.1
2026-02-19T09:51:52.481Z,6,20.33,8,OK,0.1
2026-02-19T09:51:52.654Z,8,47.89,5,SATURATED,0.1
2026-02-19T09:51:52.704Z,6,43.80,5,SATURATED,0.1
2026-02-19T09:51:52.754Z,6,43.76,5,SATURATED,0.1
2026-02-19T09:51:52.805Z,6,43.74,5,SATURATED,0.1
2026-02-19T09:51:52.855Z,6,43.78,5,SATURATED,0.1
2026-02-19T09:51:52.905Z,6,16.01,6,SATURATED,0.1
2026-02-19T09:51:52.956Z,5,19.95,7,OK,0.1
2026-02-19T09:51:53.006Z,5,19.97,8,OK,0.1
2026-02-19T09:51:53.057Z,5,20.06,9,OK,0.1
2026-02-19T09:51:53.108Z,5,20.06,10,OK,0.1
2026-02-19T09:51:53.158Z,5,20.21,11,OK,0.1
2026-02-19T09:51:53.208Z,4,20.40,12,OK,0.1
2026-02-19T09:51:53.258Z,4,20.44,13,OK,0.1
2026-02-19T09:51:53.309Z,4,20.36,14,OK,0.1
2026-02-19T09:51:53.438Z,11,20.37,15,OK,0.1
2026-02-19T09:51:53.488Z,4,20.61,16,OK,0.1
2026-02-19T09:51:53.538Z,4,20.68,17,OK,0.1
2026-02-19T09:51:53.588Z,4,20.64,18,OK,0.1
2026-02-19T09:51:53.639Z,4,20.65,19,OK,0.1
2026-02-19T09:51:53.755Z,6,38.93,17,OK,0.1
2026-02-19T09:51:54.109Z,17,95.46,9,SATURATED,0.1
2026-02-19T09:51:54.249Z,5,115.25,5,SATURATED,0.1
2026-02-19T09:51:54.300Z,5,115.37,5,SATURATED,0.1
2026-02-19T09:51:54.350Z,5,115.35,5,SATURATED,0.1
2026-02-19T09:51:54.401Z,5,97.07,5,SATURATED,0.1
2026-02-19T09:51:54.452Z,5,40.39,5,SATURATED,0.1
2026-02-19T09:51:54.501Z,4,20.31,6,OK,0.1
2026-02-19T09:51:54.627Z,5,39.31,5,SATURATED,0.1
2026-02-19T09:51:54.678Z,5,39.32,5,SATURATED,0.1
2026-02-19T09:51:54.728Z,5,39.32,5,SATURATED,0.1
2026-02-19T09:51:54.777Z,5,39.29,5,SATURATED,0.1
2026-02-19T09:51:54.828Z,5,39.43,5,SATURATED,0.1
2026-02-19T09:51:54.877Z,5,20.28,6,OK,0.1
2026-02-19T09:51:54.927Z,5,20.29,7,OK,0.1
2026-02-19T09:51:54.977Z,5,20.32,8,OK,0.1
2026-02-19T09:51:55.027Z,5,20.37,9,OK,0.1
2026-02-19T09:51:55.077Z,5,20.40,10,OK,0.1
2026-02-19T09:51:55.269Z,10,44.78,8,SATURATED,0.1
2026-02-19T09:51:55.319Z,6,40.72,6,SATURATED,0.1
2026-02-19T09:51:55.368Z,5,40.72,5,SATURATED,0.1
2026-02-19T09:51:55.418Z,5,40.67,5,SATURATED,0.1
2026-02-19T09:51:55.468Z,5,40.63,5,SATURATED,0.1
2026-02-19T09:51:55.519Z,5,16.27,6,OK,0.1
2026-02-19T09:51:55.631Z,5,37.81,5,SATURATED,0.1
2026-02-19T09:51:55.680Z,5,37.75,5,SATURATED,0.1
2026-02-19T09:51:55.731Z,5,37.74,5,SATURATED,0.1
2026-02-19T09:51:55.782Z,5,37.82,5,SATURATED,0.1
2026-02-19T09:51:55.832Z,5,37.82,5,SATURATED,0.1
2026-02-19T09:51:55.883Z,5,20.34,6,OK,0.1
2026-02-19T09:51:55.933Z,5,20.36,7,OK,0.1
2026-02-19T09:51:55.983Z,4,20.31,8,OK,0.1
2026-02-19T09:51:56.033Z,4,20.25,9,OK,0.1
2026-02-19T09:51:56.084Z,4,20.24,10,OK,0.1
2026-02-19T09:51:56.134Z,5,20.08,11,OK,0.1
2026-02-19T09:51:56.183Z,6,20.05,12,OK,0.1
2026-02-19T09:51:56.359Z,8,41.03,10,OK,0.1
2026-02-19T09:51:56.458Z,10,46.97,7,SATURATED,0.1
2026-02-19T09:51:56.531Z,7,47.53,5,SATURATED,0.1
2026-02-19T09:51:56.581Z,6,47.57,5,SATURATED,0.1
2026-02-19T09:51:56.631Z,6,47.53,5,SATURATED,0.1
2026-02-19T09:51:56.680Z,5,26.66,5,SATURATED,0.1
2026-02-19T09:51:56.731Z,5,20.72,6,OK,0.1
2026-02-19T09:51:56.782Z,5,20.21,7,OK,0.1
2026-02-19T09:51:56.833Z,5,20.33,8,OK,0.1
2026-02-19T09:51:56.883Z,5,20.59,9,OK,0.1
2026-02-19T09:51:56.934Z,5,20.54,10,OK,0.1
2026-02-19T09:51:56.986Z,6,20.56,11,OK,0.1
2026-02-19T09:51:57.036Z,6,20.45,12,OK,0.1
2026-02-19T09:51:57.086Z,6,20.52,13,OK,0.1
2026-02-19T09:51:57.545Z,6,98.05,5,SATURATED,0.1
2026-02-19T09:51:57.754Z,5,135.59,5,SATURATED,0.4
2026-02-19T09:51:58.064Z,3,189.11,5,OK,0.4
2026-02-19T09:51:58.114Z,2,189.17,5,OK,0.4
2026-02-19T09:51:58.163Z,2,189.10,5,OK,0.4
2026-02-19T09:51:58.214Z,2,111.29,5,OK,0.1
2026-02-19T09:51:58.265Z,2,73.72,5,OK,0.1
2026-02-19T09:51:58.316Z,2,20.18,6,OK,0.1
2026-02-19T09:51:58.368Z,1,20.35,7,OK,0.1
2026-02-19T09:51:58.418Z,1,20.36,8,OK,0.1
2026-02-19T09:51:58.467Z,1,20.47,9,OK,0.1
2026-02-19T09:51:58.518Z,1,20.47,10,OK,0.1
2026-02-19T09:51:58.568Z,2,20.49,11,OK,0.1
2026-02-19T09:51:59.212Z,11,80.63,5,SATURATED,0.1
2026-02-19T09:51:59.472Z,5,118.58,5,SATURATED,0.1
2026-02-19T09:51:59.523Z,3,114.67,5,OK,0.1
2026-02-19T09:51:59.573Z,3,114.70,5,OK,0.1
2026-02-19T09:51:59.970Z,5,116.18,5,SATURATED,0.1
2026-02-19T09:52:00.021Z,3,55.85,5,OK,0.1
2026-02-19T09:52:00.072Z,3,17.92,6,OK,0.1
2026-02-19T09:52:00.123Z,3,21.76,7,OK,0.1
2026-02-19T09:52:00.173Z,3,21.79,8,OK,0.1
2026-02-19T09:52:00.661Z,3,20.31,9,OK,0.1
2026-02-19T09:52:00.921Z,8,67.68,5,SATURATED,0.1
2026-02-19T09:52:00.971Z,1,67.65,5,OK,0.1
2026-02-19T09:52:01.229Z,4,105.21,5,OK,0.1
2026-02-19T09:52:01.280Z,1,105.16,5,OK,0.1
2026-02-19T09:52:01.330Z,1,105.14,5,OK,0.1
2026-02-19T09:52:01.380Z,1,57.66,5,OK,0.1
2026-02-19T09:52:01.429Z,1,57.67,5,OK,0.1
2026-02-19T09:52:01.479Z,1,20.21,6,OK,0.1
2026-02-19T09:52:01.530Z,1,20.21,7,OK,0.1
2026-02-19T09:52:01.580Z,1,20.10,8,OK,0.1
2026-02-19T09:52:01.630Z,1,20.23,9,OK,0.1
2026-02-19T09:52:01.679Z,2,20.45,10,OK,0.1
2026-02-19T09:52:01.730Z,2,20.33,11,OK,0.1
2026-02-19T09:52:01.933Z,4,47.08,8,OK,0.1
2026-02-19T09:52:02.048Z,8,56.14,5,SATURATED,0.1
2026-02-19T09:52:02.099Z,1,56.17,5,OK,0.1
2026-02-19T09:52:02.148Z,1,55.94,5,OK,0.1
2026-02-19T09:52:02.199Z,1,55.96,5,OK,0.1
2026-02-19T09:52:02.250Z,3,29.21,5,OK,0.1
2026-02-19T09:52:02.300Z,1,20.32,6,OK,0.1
2026-02-19T09:52:02.350Z,1,20.32,7,OK,0.1
2026-02-19T09:52:02.413Z,1,20.28,8,OK,0.1
2026-02-19T09:52:02.463Z,1,20.14,9,OK,0.1
2026-02-19T09:52:02.512Z,1,20.17,10,OK,0.1
2026-02-19T09:52:02.563Z,1,20.16,11,OK,0.1
2026-02-19T09:52:02.612Z,1,20.15,12,OK,0.1
2026-02-19T09:52:02.663Z,1,20.22,13,OK,0.1
2026-02-19T09:52:02.714Z,1,20.35,14,OK,0.1
2026-02-19T09:52:02.764Z,1,20.32,15,OK,0.1
2026-02-19T09:52:02.814Z,1,20.28,16,OK,0.1
2026-02-19T09:52:02.864Z,1,20.34,17,OK,0.1
2026-02-19T09:52:02.914Z,1,20.33,18,OK,0.1
2026-02-19T09:52:03.060Z,4,35.49,16,OK,0.1
2026-02-19T09:52:03.420Z,15,103.24,8,SATURATED,0.1
2026-02-19T09:52:03.470Z,3,99.18,5,OK,0.1
2026-02-19T09:52:03.521Z,3,99.14,5,OK,0.1
2026-02-19T09:52:03.572Z,3,99.13,5,OK,0.1
2026-02-19T09:52:03.622Z,3,84.01,5,OK,0.1
2026-02-19T09:52:03.672Z,3,16.27,6,OK,0.1
2026-02-19T09:52:03.723Z,4,20.26,7,OK,0.1
2026-02-19T09:52:03.773Z,4,20.16,8,OK,0.1
2026-02-19T09:52:03.824Z,4,20.16,9,OK,0.1
2026-02-19T09:52:03.875Z,4,20.15,10,OK,0.1
2026-02-19T09:52:03.926Z,4,20.15,11,OK,0.1
2026-02-19T09:52:03.976Z,4,20.29,12,OK,0.1
2026-02-19T09:52:04.026Z,4,20.30,13,OK,0.1
2026-02-19T09:52:04.155Z,5,20.26,14,OK,0.1
2026-02-19T09:52:04.205Z,5,20.23,15,OK,0.1
2026-02-19T09:52:04.254Z,5,20.21,16,OK,0.1
2026-02-19T09:52:04.305Z,5,20.13,17,OK,0.1
2026-02-19T09:52:04.437Z,8,40.01,15,OK,0.1
2026-02-19T09:52:04.520Z,15,42.58,13,SATURATED,0.1
2026-02-19T09:52:04.933Z,13,111.15,5,SATURATED,0.1
2026-02-19T09:52:04.984Z,7,111.12,5,SATURATED,0.1
2026-02-19T09:52:05.033Z,7,110.99,5,SATURATED,0.1
2026-02-19T09:52:05.083Z,7,91.18,5,SATURATED,0.1
2026-02-19T09:52:05.134Z,7,88.65,5,SATURATED,0.1
2026-02-19T09:52:05.184Z,7,20.11,6,SATURATED,0.1
2026-02-19T09:52:05.235Z,7,20.14,7,SATURATED,0.1
2026-02-19T09:52:05.286Z,7,20.23,8,OK,0.1
2026-02-19T09:52:05.335Z,5,20.22,9,OK,0.1
2026-02-19T09:52:05.386Z,5,20.20,10,OK,0.1
2026-02-19T09:52:05.437Z,5,20.24,11,OK,0.1
2026-02-19T09:52:05.699Z,11,58.80,7,SATURATED,0.1
2026-02-19T09:52:05.781Z,6,61.18,5,SATURATED,0.1
2026-02-19T09:52:05.831Z,5,61.19,5,SATURATED,0.1
2026-02-19T09:52:05.881Z,5,61.20,5,SATURATED,0.1
2026-02-19T09:52:05.932Z,5,61.15,5,SATURATED,0.1
2026-02-19T09:52:05.983Z,5,22.58,6,OK,0.1
2026-02-19T09:52:06.034Z,5,20.16,7,OK,0.1
2026-02-19T09:52:06.191Z,5,30.89,6,OK,0.1
2026-02-19T09:52:06.427Z,4,64.04,5,OK,0.1
2026-02-19T09:52:06.477Z,4,64.07,5,OK,0.1
2026-02-19T09:52:06.528Z,4,64.08,5,OK,0.1
2026-02-19T09:52:06.579Z,5,64.10,5,SATURATED,0.1
2026-02-19T09:52:06.630Z,5,53.28,5,SATURATED,0.1
2026-02-19T09:52:06.679Z,5,20.11,6,OK,0.1
2026-02-19T09:52:06.856Z,5,49.30,5,SATURATED,0.1
2026-02-19T09:52:06.942Z,5,52.45,5,SATURATED,0.1
2026-02-19T09:52:06.992Z,5,52.51,5,SATURATED,0.1
2026-02-19T09:52:07.042Z,5,52.61,5,SATURATED,0.1
2026-02-19T09:52:07.092Z,5,52.64,5,SATURATED,0.1
2026-02-19T09:52:07.143Z,5,23.43,6,OK,0.1
2026-02-19T09:52:07.193Z,6,20.23,7,OK,0.1
2026-02-19T09:52:07.243Z,5,20.14,8,OK,0.1
2026-02-19T09:52:07.294Z,5,20.16,9,OK,0.1
2026-02-19T09:52:07.343Z,4,20.17,10,OK,0.1
2026-02-19T09:52:07.394Z,4,20.22,11,OK,0.1
2026-02-19T09:52:07.526Z,4,20.26,12,OK,0.1
2026-02-19T09:52:07.642Z,9,39.41,10,OK,0.1
2026-02-19T09:52:07.692Z,5,39.36,8,OK,0.1
2026-02-19T09:52:07.740Z,4,39.32,6,OK,0.1
2026-02-19T09:52:07.789Z,4,39.32,5,OK,0.1
2026-02-19T09:52:07.839Z,4,39.34,5,OK,0.1
2026-02-19T09:52:07.960Z,6,18.91,7,OK,0.1
2026-02-19T09:52:07.910Z,5,22.94,6,OK,0.1
2026-02-19T09:52:08.029Z,7,18.68,8,OK,0.1
2026-02-19T09:52:08.079Z,4,18.62,9,OK,0.1
2026-02-19T09:52:08.130Z,4,18.61,10,OK,0.1
2026-02-19T09:52:08.180Z,4,15.86,11,OK,0.1
2026-02-19T09:52:08.230Z,4,19.76,12,OK,0.1
2026-02-19T09:52:08.279Z,4,20.16,13,OK,0.1
2026-02-19T09:52:08.330Z,4,20.17,14,OK,0.1
2026-02-19T09:52:08.381Z,4,20.23,15,OK,0.1
2026-02-19T09:52:08.431Z,4,20.34,16,OK,0.1
2026-02-19T09:52:08.481Z,3,20.50,17,OK,0.1
2026-02-19T09:52:08.530Z,3,20.36,18,OK,0.1
2026-02-19T09:52:08.580Z,2,20.27,19,OK,0.1
2026-02-19T09:52:08.630Z,2,20.22,20,OK,0.1
2026-02-19T09:52:08.718Z,2,23.73,21,OK,0.1
2026-02-19T09:52:08.802Z,6,26.47,20,OK,0.1
2026-02-19T09:52:08.853Z,3,26.49,19,OK,0.1
2026-02-19T09:52:08.964Z,8,42.30,17,OK,0.1
2026-02-19T09:52:09.122Z,17,59.84,13,SATURATED,0.1
2026-02-19T09:52:09.591Z,10,136.04,5,SATURATED,0.4
2026-02-19T09:52:09.641Z,4,133.30,5,OK,0.4
2026-02-19T09:52:09.690Z,4,133.28,5,OK,0.4
2026-02-19T09:52:09.831Z,4,127.47,5,OK,0.4
2026-02-19T09:52:10.007Z,5,131.07,5,SATURATED,0.4
2026-02-19T09:52:10.057Z,4,51.31,5,OK,0.1
2026-02-19T09:52:10.295Z,5,51.29,5,SATURATED,0.1
2026-02-19T09:52:10.346Z,4,54.63,5,OK,0.1
2026-02-19T09:52:10.396Z,4,44.76,5,OK,0.1
2026-02-19T09:52:10.446Z,4,23.62,6,OK,0.1
2026-02-19T09:52:10.496Z,4,23.61,7,OK,0.1
2026-02-19T09:52:10.546Z,4,23.61,8,OK,0.1
2026-02-19T09:52:10.616Z,8,20.39,9,OK,0.1
2026-02-19T09:52:10.667Z,6,20.34,10,OK,0.1
2026-02-19T09:52:10.717Z,6,20.35,11,OK,0.1
2026-02-19T09:52:10.768Z,6,20.42,12,OK,0.1
2026-02-19T09:52:10.817Z,5,20.51,13,OK,0.1
2026-02-19T09:52:10.867Z,4,20.37,14,OK,0.1
2026-02-19T09:52:10.918Z,4,20.39,15,OK,0.1
2026-02-19T09:52:10.969Z,4,20.39,16,OK,0.1
2026-02-19T09:52:11.085Z,4,20.22,17,OK,0.1
2026-02-19T09:52:11.187Z,6,36.33,15,OK,0.1
2026-02-19T09:52:11.237Z,4,36.35,13,OK,0.1
2026-02-19T09:52:11.287Z,3,36.40,11,OK,0.1
2026-02-19T09:52:11.353Z,11,36.98,9,SATURATED,0.1
2026-02-19T09:52:11.403Z,6,37.02,7,OK,0.1
2026-02-19T09:52:11.454Z,6,20.84,8,OK,0.1
2026-02-19T09:52:11.504Z,6,20.90,9,OK,0.1
2026-02-19T09:52:11.554Z,5,20.85,10,OK,0.1
2026-02-19T09:52:11.686Z,9,41.41,8,SATURATED,0.1
2026-02-19T09:52:11.737Z,6,37.63,6,SATURATED,0.1
2026-02-19T09:52:11.787Z,6,37.62,5,SATURATED,0.1
2026-02-19T09:52:11.838Z,6,37.56,5,SATURATED,0.1
2026-02-19T09:52:11.888Z,6,37.50,5,SATURATED,0.1
2026-02-19T09:52:11.939Z,6,16.33,6,SATURATED,0.1
2026-02-19T09:52:11.989Z,6,20.23,7,OK,0.1
2026-02-19T09:52:12.039Z,6,20.24,8,OK,0.1
2026-02-19T09:52:12.090Z,7,20.26,9,OK,0.1
2026-02-19T09:52:12.141Z,6,20.26,10,OK,0.1
2026-02-19T09:52:12.192Z,7,20.29,11,OK,0.1
2026-02-19T09:52:12.244Z,7,20.26,12,OK,0.1
2026-02-19T09:52:12.294Z,7,20.20,13,OK,0.1
2026-02-19T09:52:12.392Z,8,25.74,12,OK,0.1
2026-02-19T09:52:12.442Z,10,25.65,11,OK,0.1
2026-02-19T09:52:12.492Z,10,25.79,10,SATURATED,0.1
2026-02-19T09:52:12.542Z,10,25.78,9,SATURATED,0.1
2026-02-19T09:52:12.593Z,10,25.63,8,SATURATED,0.1
2026-02-19T09:52:12.643Z,8,19.97,9,OK,0.1
2026-02-19T09:52:12.695Z,9,20.08,10,OK,0.1
2026-02-19T09:52:12.811Z,10,22.21,11,OK,0.1
2026-02-19T09:52:12.862Z,8,22.34,12,OK,0.1
2026-02-19T09:52:12.913Z,9,22.57,13,OK,0.1
2026-02-19T09:52:12.963Z,9,22.65,14,OK,0.1
2026-02-19T09:52:13.013Z,9,22.68,15,OK,0.1
2026-02-19T09:52:13.064Z,9,20.43,16,OK,0.1
2026-02-19T09:52:13.233Z,10,20.28,17,OK,0.1
2026-02-19T09:52:13.364Z,17,42.27,15,SATURATED,0.1
2026-02-19T09:52:13.522Z,7,60.05,11,OK,0.1
2026-02-19T09:52:13.753Z,11,92.18,5,SATURATED,0.1
2026-02-19T09:52:13.810Z,5,94.10,5,SATURATED,0.1
2026-02-19T09:52:13.860Z,5,94.09,5,SATURATED,0.1
2026-02-19T09:52:13.910Z,5,72.08,5,SATURATED,0.1
2026-02-19T09:52:13.960Z,5,54.34,5,SATURATED,0.1
2026-02-19T09:52:14.009Z,5,22.22,6,OK,0.1
2026-02-19T09:52:14.060Z,5,20.31,7,OK,0.1
2026-02-19T09:52:14.111Z,5,20.34,8,OK,0.1
2026-02-19T09:52:14.161Z,5,20.41,9,OK,0.1
2026-02-19T09:52:14.211Z,4,20.31,10,OK,0.1
2026-02-19T09:52:14.262Z,4,20.25,11,OK,0.1
2026-02-19T09:52:14.312Z,3,20.29,12,OK,0.1
2026-02-19T09:52:14.363Z,3,20.21,13,OK,0.1
2026-02-19T09:52:14.448Z,7,23.09,14,OK,0.1
2026-02-19T09:52:14.498Z,1,23.20,15,OK,0.1
2026-02-19T09:52:14.601Z,2,38.15,13,OK,0.1
2026-02-19T09:52:14.652Z,2,38.08,11,OK,0.1
2026-02-19T09:52:14.703Z,2,38.18,9,OK,0.1
2026-02-19T09:52:14.992Z,9,78.98,5,SATURATED,0.1
2026-02-19T09:52:15.107Z,5,87.90,5,SATURATED,0.1
2026-02-19T09:52:15.275Z,3,102.35,5,OK,0.1
2026-02-19T09:52:15.325Z,4,102.39,5,OK,0.1
2026-02-19T09:52:15.376Z,4,102.36,5,OK,0.1
2026-02-19T09:52:15.426Z,4,58.60,5,OK,0.1
2026-02-19T09:52:15.476Z,4,49.61,5,OK,0.1
2026-02-19T09:52:15.526Z,4,20.26,6,OK,0.1
2026-02-19T09:52:15.575Z,4,20.20,7,OK,0.1
2026-02-19T09:52:15.716Z,7,29.74,6,SATURATED,0.1
2026-02-19T09:52:15.767Z,5,29.74,5,SATURATED,0.1
2026-02-19T09:52:15.817Z,5,29.77,5,SATURATED,0.1
2026-02-19T09:52:15.867Z,5,29.76,5,SATURATED,0.1
2026-02-19T09:52:15.918Z,5,29.78,5,SATURATED,0.1
2026-02-19T09:52:15.968Z,5,20.14,6,OK,0.1
2026-02-19T09:52:16.018Z,6,20.07,7,OK,0.1
2026-02-19T09:52:16.069Z,7,20.18,8,OK,0.1
2026-02-19T09:52:16.118Z,7,20.43,9,OK,0.1
2026-02-19T09:52:16.169Z,7,20.43,10,OK,0.1
2026-02-19T09:52:16.219Z,7,20.55,11,OK,0.1
2026-02-19T09:52:16.268Z,7,20.64,12,OK,0.1
2026-02-19T09:52:16.319Z,8,20.50,13,OK,0.1
2026-02-19T09:52:16.370Z,7,20.26,14,OK,0.1
2026-02-19T09:52:16.420Z,7,20.28,15,OK,0.1
2026-02-19T09:52:16.537Z,8,27.25,14,OK,0.1
2026-02-19T09:52:16.587Z,7,27.21,13,OK,0.1
2026-02-19T09:52:16.637Z,6,27.18,12,OK,0.1
2026-02-19T09:52:16.688Z,6,27.14,11,OK,0.1
2026-02-19T09:52:16.738Z,6,27.13,10,OK,0.1
2026-02-19T09:52:16.789Z,5,20.30,11,OK,0.1
2026-02-19T09:52:16.839Z,5,20.32,12,OK,0.1
2026-02-19T09:52:16.890Z,5,20.55,13,OK,0.1
2026-02-19T09:52:16.940Z,5,20.56,14,OK,0.1
2026-02-19T09:52:16.990Z,5,20.55,15,OK,0.1
2026-02-19T09:52:17.291Z,14,71.19,10,SATURATED,0.1
2026-02-19T09:52:17.398Z,8,78.55,5,SATURATED,0.1
2026-02-19T09:52:17.448Z,6,78.39,5,SATURATED,0.1
2026-02-19T09:52:17.499Z,6,78.52,5,SATURATED,0.1
2026-02-19T09:52:17.548Z,6,78.47,5,SATURATED,0.1
2026-02-19T09:52:17.599Z,6,27.66,5,SATURATED,0.1
2026-02-19T09:52:17.650Z,5,20.26,6,OK,0.1
2026-02-19T09:52:17.701Z,5,20.25,7,OK,0.1
2026-02-19T09:52:17.751Z,5,20.16,8,OK,0.1
2026-02-19T09:52:17.802Z,6,20.04,9,OK,0.1
2026-02-19T09:52:17.852Z,6,20.02,10,OK,0.1
2026-02-19T09:52:17.902Z,6,20.03,11,OK,0.1
2026-02-19T09:52:17.953Z,6,20.06,12,OK,0.1
2026-02-19T09:52:18.004Z,5,19.98,13,OK,0.1
2026-02-19T09:52:18.054Z,4,20.18,14,OK,0.1
2026-02-19T09:52:18.104Z,4,20.16,15,OK,0.1
2026-02-19T09:52:18.154Z,4,20.22,16,OK,0.1
2026-02-19T09:52:18.204Z,4,20.13,17,OK,0.1
2026-02-19T09:52:18.255Z,4,20.16,18,OK,0.1
2026-02-19T09:52:18.441Z,4,51.40,15,OK,0.1
2026-02-19T09:52:18.552Z,15,59.58,11,SATURATED,0.1
2026-02-19T09:52:18.922Z,11,119.51,5,SATURATED,0.1
2026-02-19T09:52:18.972Z,6,119.57,5,SATURATED,0.1
2026-02-19T09:52:19.023Z,5,119.54,5,SATURATED,0.1
2026-02-19T09:52:19.073Z,5,88.28,5,SATURATED,0.1
2026-02-19T09:52:19.123Z,5,80.13,5,SATURATED,0.1
2026-02-19T09:52:19.173Z,5,20.20,6,OK,0.1
2026-02-19T09:52:19.223Z,5,20.22,7,OK,0.1
2026-02-19T09:52:19.274Z,5,20.32,8,OK,0.1
2026-02-19T09:52:19.410Z,6,33.47,7,OK,0.1
2026-02-19T09:52:19.653Z,5,33.43,6,OK,0.1
2026-02-19T09:52:19.804Z,6,59.37,5,SATURATED,0.1
2026-02-19T09:52:19.854Z,4,59.34,5,OK,0.1
2026-02-19T09:52:19.904Z,4,59.27,5,OK,0.1
2026-02-19T09:52:19.954Z,5,46.50,5,SATURATED,0.1
2026-02-19T09:52:20.005Z,5,46.56,5,SATURATED,0.1
2026-02-19T09:52:20.056Z,5,20.77,6,OK,0.1
2026-02-19T09:52:20.106Z,5,20.78,7,OK,0.1
2026-02-19T09:52:20.156Z,5,20.81,8,OK,0.1
2026-02-19T09:52:20.206Z,5,20.50,9,OK,0.1
2026-02-19T09:52:20.259Z,6,20.81,10,OK,0.1
2026-02-19T09:52:20.526Z,5,60.00,6,OK,0.1
2026-02-19T09:52:20.577Z,3,60.01,5,OK,0.1
2026-02-19T09:52:20.627Z,3,59.99,5,OK,0.1
2026-02-19T09:52:20.678Z,3,59.88,5,OK,0.1
2026-02-19T09:52:20.906Z,4,99.04,5,OK,0.1
2026-02-19T09:52:20.973Z,5,59.04,5,SATURATED,0.1
2026-02-19T09:52:21.024Z,2,59.62,5,OK,0.1
2026-02-19T09:52:21.170Z,3,74.77,5,OK,0.1
2026-02-19T09:52:21.221Z,2,74.80,5,OK,0.1
2026-02-19T09:52:21.271Z,1,35.25,5,OK,0.1
2026-02-19T09:52:21.320Z,2,35.88,5,OK,0.1
2026-02-19T09:52:21.371Z,2,35.28,5,OK,0.1
2026-02-19T09:52:21.421Z,2,20.10,6,OK,0.1
2026-02-19T09:52:21.471Z,2,20.12,7,OK,0.1
2026-02-19T09:52:21.521Z,2,20.22,8,OK,0.1
2026-02-19T09:52:21.643Z,2,30.59,7,OK,0.1
2026-02-19T09:52:21.694Z,2,30.65,6,OK,0.1
2026-02-19T09:52:21.744Z,2,30.68,5,OK,0.1
2026-02-19T09:52:21.794Z,2,30.67,5,OK,0.1
2026-02-19T09:52:21.845Z,2,30.66,5,OK,0.1
2026-02-19T09:52:21.895Z,2,20.34,6,OK,0.1
2026-02-19T09:52:21.950Z,6,21.53,7,OK,0.1
2026-02-19T09:52:22.126Z,7,23.92,8,OK,0.1
2026-02-19T09:52:22.177Z,5,23.92,9,OK,0.1
2026-02-19T09:52:22.227Z,4,23.92,10,OK,0.1
2026-02-19T09:52:22.277Z,6,23.85,11,OK,0.1
2026-02-19T09:52:22.329Z,5,22.64,12,OK,0.1
2026-02-19T09:52:22.379Z,5,20.18,13,OK,0.1
2026-02-19T09:52:22.430Z,5,20.22,14,OK,0.1
2026-02-19T09:52:22.481Z,5,20.21,15,OK,0.1
2026-02-19T09:52:22.530Z,5,20.28,16,OK,0.1
2026-02-19T09:52:22.581Z,5,20.25,17,OK,0.1
2026-02-19T09:52:22.632Z,5,20.34,18,OK,0.1
2026-02-19T09:52:22.751Z,7,28.08,17,OK,0.1
2026-02-19T09:52:22.801Z,5,28.11,16,OK,0.1
2026-02-19T09:52:22.852Z,5,28.04,15,OK,0.1
2026-02-19T09:52:22.902Z,5,28.10,14,OK,0.1
2026-02-19T09:52:23.169Z,8,29.13,13,OK,0.1
2026-02-19T09:52:23.279Z,13,39.30,11,SATURATED,0.1
2026-02-19T09:52:23.330Z,6,40.17,9,OK,0.1
2026-02-19T09:52:23.381Z,6,40.22,7,OK,0.1
2026-02-19T09:52:23.431Z,6,40.15,5,SATURATED,0.1
2026-02-19T09:52:23.481Z,6,39.09,5,SATURATED,0.1
2026-02-19T09:52:23.530Z,6,21.13,6,SATURATED,0.1
2026-02-19T09:52:23.581Z,6,20.16,7,OK,0.1
2026-02-19T09:52:23.630Z,6,20.16,8,OK,0.1
2026-02-19T09:52:23.681Z,6,20.23,9,OK,0.1
2026-02-19T09:52:23.731Z,6,20.22,10,OK,0.1
2026-02-19T09:52:23.780Z,7,20.26,11,OK,0.1
2026-02-19T09:52:23.831Z,7,20.33,12,OK,0.1
2026-02-19T09:52:23.882Z,7,20.35,13,OK,0.1
2026-02-19T09:52:24.015Z,6,39.70,11,OK,0.1
2026-02-19T09:52:24.064Z,5,39.70,9,OK,0.1
2026-02-19T09:52:24.115Z,5,39.70,7,OK,0.1
2026-02-19T09:52:24.166Z,4,39.68,5,OK,0.1
2026-02-19T09:52:24.273Z,4,47.02,5,OK,0.1
2026-02-19T09:52:24.328Z,5,24.54,6,OK,0.1
2026-02-19T09:52:24.474Z,6,39.71,5,SATURATED,0.1
2026-02-19T09:52:24.525Z,3,39.66,5,OK,0.1
2026-02-19T09:52:24.575Z,3,39.71,5,OK,0.1
2026-02-19T09:52:24.625Z,3,32.37,5,OK,0.1
2026-02-19T09:52:24.675Z,3,35.43,5,OK,0.1
2026-02-19T09:52:24.726Z,3,20.30,6,OK,0.1
2026-02-19T09:52:24.775Z,3,20.44,7,OK,0.1
2026-02-19T09:52:24.826Z,3,20.42,8,OK,0.1
2026-02-19T09:52:24.876Z,3,20.42,9,OK,0.1
2026-02-19T09:52:24.927Z,3,20.37,10,OK,0.1
2026-02-19T09:52:24.977Z,3,20.39,11,OK,0.1
2026-02-19T09:52:25.029Z,10,20.37,12,OK,0.1
2026-02-19T09:52:25.079Z,4,20.36,13,OK,0.1
2026-02-19T09:52:25.129Z,4,20.38,14,OK,0.1
2026-02-19T09:52:25.179Z,3,20.39,15,OK,0.1
2026-02-19T09:52:25.229Z,3,20.34,16,OK,0.1
2026-02-19T09:52:25.280Z,6,20.24,17,OK,0.1
2026-02-19T09:52:25.379Z,12,26.00,16,OK,0.1
2026-02-19T09:52:25.429Z,5,31.44,15,OK,0.1
2026-02-19T09:52:25.744Z,11,31.44,14,OK,0.1
2026-02-19T09:52:25.794Z,9,31.47,13,OK,0.1
2026-02-19T09:52:25.844Z,9,31.49,12,OK,0.1
2026-02-19T09:52:25.894Z,9,25.78,11,OK,0.1
2026-02-19T09:52:26.035Z,9,41.55,9,SATURATED,0.1
2026-02-19T09:52:26.085Z,9,41.57,7,SATURATED,0.1
2026-02-19T09:52:26.135Z,9,41.59,5,SATURATED,0.1
2026-02-19T09:52:26.185Z,9,41.58,5,SATURATED,0.1
2026-02-19T09:52:26.235Z,9,41.57,5,SATURATED,0.1
2026-02-19T09:52:26.286Z,9,20.36,6,SATURATED,0.1
2026-02-19T09:52:26.336Z,9,20.37,7,SATURATED,0.1
2026-02-19T09:52:26.386Z,9,20.35,8,SATURATED,0.1
2026-02-19T09:52:26.443Z,9,22.96,9,SATURATED,0.1
2026-02-19T09:52:26.492Z,9,23.00,10,OK,0.1
2026-02-19T09:52:26.543Z,9,22.98,11,OK,0.1
2026-02-19T09:52:26.592Z,9,23.03,12,OK,0.1
2026-02-19T09:52:26.643Z,9,22.79,13,OK,0.1
2026-02-19T09:52:26.693Z,9,20.19,14,OK,0.1
2026-02-19T09:52:26.743Z,9,20.10,15,OK,0.1
2026-02-19T09:52:27.037Z,13,45.16,12,SATURATED,0.1
2026-02-19T09:52:27.087Z,9,45.07,9,SATURATED,0.1
2026-02-19T09:52:27.137Z,9,45.26,6,SATURATED,0.1
2026-02-19T09:52:27.187Z,9,45.18,5,SATURATED,0.1
2026-02-19T09:52:27.237Z,9,45.17,5,SATURATED,0.1
2026-02-19T09:52:27.287Z,8,20.09,6,SATURATED,0.1
2026-02-19T09:52:27.337Z,8,20.10,7,SATURATED,0.1
2026-02-19T09:52:27.387Z,8,20.10,8,SATURATED,0.1
2026-02-19T09:52:27.445Z,8,20.36,9,OK,0.1
2026-02-19T09:52:27.496Z,8,20.31,10,OK,0.1
2026-02-19T09:52:27.547Z,8,20.35,11,OK,0.1
2026-02-19T09:52:27.596Z,8,20.35,12,OK,0.1
2026-02-19T09:52:27.647Z,7,20.39,13,OK,0.1
2026-02-19T09:52:27.698Z,7,20.20,14,OK,0.1
2026-02-19T09:52:27.750Z,7,20.26,15,OK,0.1
2026-02-19T09:52:27.960Z,5,48.41,12,OK,0.1
2026-02-19T09:52:28.010Z,3,48.45,9,OK,0.1
2026-02-19T09:52:28.168Z,3,73.61,5,OK,0.1
2026-02-19T09:52:28.218Z,3,73.66,5,OK,0.1
2026-02-19T09:52:28.269Z,3,73.65,5,OK,0.1
2026-02-19T09:52:28.423Z,4,56.87,5,OK,0.1
2026-02-19T09:52:28.629Z,5,83.99,5,SATURATED,0.1
2026-02-19T09:52:28.679Z,3,64.05,5,OK,0.1
2026-02-19T09:52:28.729Z,3,64.01,5,OK,0.1
2026-02-19T09:52:28.939Z,4,80.17,5,OK,0.1
2026-02-19T09:52:29.123Z,4,97.67,5,OK,0.1
2026-02-19T09:52:29.174Z,2,70.54,5,OK,0.1
2026-02-19T09:52:29.312Z,3,85.45,5,OK,0.1
2026-02-19T09:52:29.455Z,3,100.00,5,OK,0.1
2026-02-19T09:52:29.652Z,4,114.65,5,OK,0.1
2026-02-19T09:52:29.726Z,5,86.54,5,SATURATED,0.1
2026-02-19T09:52:29.776Z,3,86.42,5,OK,0.1
2026-02-19T09:52:29.826Z,3,66.25,5,OK,0.1
2026-02-19T09:52:29.876Z,3,51.70,5,OK,0.1
2026-02-19T09:52:29.927Z,3,20.88,6,OK,0.1
2026-02-19T09:52:29.977Z,3,20.10,7,OK,0.1
2026-02-19T09:52:30.028Z,3,20.23,8,OK,0.1
2026-02-19T09:52:30.078Z,3,20.20,9,OK,0.1
2026-02-19T09:52:30.132Z,4,20.20,10,OK,0.1
2026-02-19T09:52:30.459Z,7,81.52,5,SATURATED,0.1
2026-02-19T09:52:30.672Z,5,110.10,5,SATURATED,0.1
2026-02-19T09:52:30.837Z,5,139.02,5,SATURATED,0.4
2026-02-19T09:52:30.888Z,4,135.20,5,OK,0.4
2026-02-19T09:52:30.938Z,4,135.19,5,OK,0.4
2026-02-19T09:52:30.989Z,4,73.85,5,OK,0.1
2026-02-19T09:52:31.040Z,4,45.34,5,OK,0.1
2026-02-19T09:52:31.090Z,4,16.41,6,OK,0.1
2026-02-19T09:52:31.141Z,4,20.29,7,OK,0.1
2026-02-19T09:52:31.192Z,4,20.30,8,OK,0.1
2026-02-19T09:52:31.243Z,4,20.37,9,OK,0.1
2026-02-19T09:52:31.293Z,4,20.32,10,OK,0.1
2026-02-19T09:52:31.343Z,4,20.25,11,OK,0.1
2026-02-19T09:52:31.393Z,4,20.25,12,OK,0.1
2026-02-19T09:52:31.442Z,4,20.34,13,OK,0.1
2026-02-19T09:52:31.539Z,4,25.67,12,OK,0.1
2026-02-19T09:52:31.632Z,12,30.22,11,SATURATED,0.1
2026-02-19T09:52:31.738Z,10,47.20,8,SATURATED,0.1
2026-02-19T09:52:31.853Z,4,56.11,5,OK,0.1
2026-02-19T09:52:31.903Z,4,51.96,5,OK,0.1
2026-02-19T09:52:31.954Z,5,46.61,5,SATURATED,0.1
2026-02-19T09:52:32.004Z,4,42.00,5,OK,0.1
2026-02-19T09:52:32.054Z,4,25.09,5,OK,0.1
2026-02-19T09:52:32.104Z,4,16.12,6,OK,0.1
2026-02-19T09:52:32.155Z,3,20.22,7,OK,0.1
2026-02-19T09:52:32.205Z,3,20.22,8,OK,0.1
2026-02-19T09:52:32.255Z,3,20.28,9,OK,0.1
2026-02-19T09:52:32.306Z,3,20.28,10,OK,0.1
2026-02-19T09:52:32.356Z,3,20.31,11,OK,0.1
2026-02-19T09:52:32.407Z,3,20.27,12,OK,0.1
2026-02-19T09:52:32.457Z,3,20.27,13,OK,0.1
2026-02-19T09:52:32.507Z,3,20.27,14,OK,0.1
2026-02-19T09:52:32.557Z,3,20.22,15,OK,0.1
2026-02-19T09:52:32.607Z,3,20.21,16,OK,0.1
2026-02-19T09:52:32.719Z,10,37.19,14,OK,0.1
2026-02-19T09:52:33.102Z,7,105.83,5,SATURATED,0.1
2026-02-19T09:52:33.155Z,6,102.59,5,SATURATED,0.1
2026-02-19T09:52:33.206Z,5,102.65,5,SATURATED,0.1
2026-02-19T09:52:33.256Z,5,102.67,5,SATURATED,0.1
2026-02-19T09:52:33.306Z,5,85.71,5,SATURATED,0.1
2026-02-19T09:52:33.355Z,5,17.09,6,OK,0.1
2026-02-19T09:52:33.406Z,5,20.37,7,OK,0.1
2026-02-19T09:52:33.456Z,5,20.35,8,OK,0.1
2026-02-19T09:52:33.506Z,5,20.33,9,OK,0.1
2026-02-19T09:52:33.557Z,3,20.32,10,OK,0.1
2026-02-19T09:52:33.607Z,3,20.30,11,OK,0.1
2026-02-19T09:52:33.657Z,3,20.13,12,OK,0.1
2026-02-19T09:52:33.708Z,3,20.17,13,OK,0.1
2026-02-19T09:52:33.905Z,11,52.88,10,SATURATED,0.1
2026-02-19T09:52:33.954Z,4,52.86,7,OK,0.1
2026-02-19T09:52:34.005Z,4,52.89,5,OK,0.1
2026-02-19T09:52:34.055Z,4,53.05,5,OK,0.1
2026-02-19T09:52:34.105Z,5,53.03,5,SATURATED,0.1
2026-02-19T09:52:34.156Z,5,20.74,6,OK,0.1
2026-02-19T09:52:34.206Z,5,20.78,7,OK,0.1
2026-02-19T09:52:34.256Z,5,20.79,8,OK,0.1
2026-02-19T09:52:34.307Z,5,20.79,9,OK,0.1
2026-02-19T09:52:34.357Z,5,20.77,10,OK,0.1
2026-02-19T09:52:34.408Z,5,20.34,11,OK,0.1
2026-02-19T09:52:34.458Z,5,20.30,12,OK,0.1
2026-02-19T09:52:34.508Z,5,20.28,13,OK,0.1
2026-02-19T09:52:34.558Z,5,20.26,14,OK,0.1
2026-02-19T09:52:34.609Z,5,20.27,15,OK,0.1
2026-02-19T09:52:34.658Z,5,20.26,16,OK,0.1
2026-02-19T09:52:34.709Z,5,20.28,17,OK,0.1
2026-02-19T09:52:34.759Z,3,20.18,18,OK,0.1
2026-02-19T09:52:34.810Z,3,20.22,19,OK,0.1
2026-02-19T09:52:34.860Z,3,20.22,20,OK,0.1
2026-02-19T09:52:34.909Z,5,20.20,21,OK,0.1
2026-02-19T09:52:35.083Z,16,40.94,19,OK,0.1
2026-02-19T09:52:35.290Z,12,68.37,14,OK,0.1
2026-02-19T09:52:35.344Z,13,65.08,9,SATURATED,0.1
2026-02-19T09:52:35.395Z,5,65.08,5,SATURATED,0.1
2026-02-19T09:52:35.445Z,5,65.16,5,SATURATED,0.1
2026-02-19T09:52:35.496Z,5,44.45,5,SATURATED,0.1
2026-02-19T09:52:35.545Z,5,17.10,6,OK,0.1
2026-02-19T09:52:35.595Z,6,20.42,7,OK,0.1
2026-02-19T09:52:35.646Z,7,20.42,8,OK,0.1
2026-02-19T09:52:35.696Z,6,20.41,9,OK,0.1
2026-02-19T09:52:35.822Z,5,20.40,10,OK,0.1
2026-02-19T09:52:35.873Z,8,20.39,11,OK,0.1
2026-02-19T09:52:35.998Z,8,20.29,12,OK,0.1
2026-02-19T09:52:36.049Z,8,20.25,13,OK,0.1
2026-02-19T09:52:36.164Z,8,20.25,14,OK,0.1
2026-02-19T09:52:36.260Z,10,35.04,12,OK,0.1
2026-02-19T09:52:36.407Z,9,56.44,8,SATURATED,0.1
2026-02-19T09:52:36.466Z,9,54.41,5,SATURATED,0.1
2026-02-19T09:52:36.516Z,8,54.46,5,SATURATED,0.1
2026-02-19T09:52:36.566Z,8,54.42,5,SATURATED,0.1
2026-02-19T09:52:36.617Z,8,39.63,5,SATURATED,0.1
2026-02-19T09:52:36.668Z,8,18.26,6,SATURATED,0.1
2026-02-19T09:52:36.717Z,8,20.30,7,SATURATED,0.1
2026-02-19T09:52:36.768Z,8,20.31,8,SATURATED,0.1
2026-02-19T09:52:36.818Z,8,20.33,9,OK,0.1
2026-02-19T09:52:36.869Z,8,20.33,10,OK,0.1
2026-02-19T09:52:36.920Z,9,20.42,11,OK,0.1
2026-02-19T09:52:36.970Z,9,20.43,12,OK,0.1
2026-02-19T09:52:37.021Z,9,20.43,13,OK,0.1
2026-02-19T09:52:37.071Z,9,20.42,14,OK,0.1
2026-02-19T09:52:37.121Z,10,20.43,15,OK,0.1
2026-02-19T09:52:37.171Z,11,20.32,16,OK,0.1
2026-02-19T09:52:37.221Z,11,20.27,17,OK,0.1
2026-02-19T09:52:37.270Z,15,20.23,18,OK,0.1
2026-02-19T09:52:37.321Z,10,20.20,19,OK,0.1
2026-02-19T09:52:37.371Z,10,20.16,20,OK,0.1
2026-02-19T09:52:37.992Z,20,78.04,14,SATURATED,0.1
2026-02-19T09:52:38.167Z,9,99.04,6,SATURATED,0.1
2026-02-19T09:52:38.217Z,8,99.04,5,SATURATED,0.1
2026-02-19T09:52:38.266Z,7,99.00,5,SATURATED,0.1
2026-02-19T09:52:38.317Z,7,98.91,5,SATURATED,0.1
2026-02-19T09:52:38.368Z,7,41.02,5,SATURATED,0.1
2026-02-19T09:52:38.418Z,7,20.01,6,SATURATED,0.1
2026-02-19T09:52:38.468Z,7,20.03,7,SATURATED,0.1
2026-02-19T09:52:38.518Z,7,20.03,8,OK,0.1
2026-02-19T09:52:38.568Z,7,20.14,9,OK,0.1
2026-02-19T09:52:38.618Z,7,20.15,10,OK,0.1
2026-02-19T09:52:38.921Z,7,20.20,11,OK,0.1
2026-02-19T09:52:38.971Z,5,20.14,12,OK,0.1
2026-02-19T09:52:39.215Z,10,54.94,9,SATURATED,0.1
2026-02-19T09:52:39.329Z,5,73.29,5,SATURATED,0.1
2026-02-19T09:52:39.386Z,4,70.64,5,OK,0.1
2026-02-19T09:52:39.436Z,2,70.39,5,OK,0.1
2026-02-19T09:52:39.486Z,2,70.24,5,OK,0.1
2026-02-19T09:52:39.536Z,2,35.38,5,OK,0.1
2026-02-19T09:52:39.586Z,2,17.01,6,OK,0.1
2026-02-19T09:52:39.636Z,2,19.60,7,OK,0.1
2026-02-19T09:52:39.686Z,2,19.85,8,OK,0.1
2026-02-19T09:52:39.736Z,2,20.06,9,OK,0.1
2026-02-19T09:52:39.787Z,2,20.17,10,OK,0.1
2026-02-19T09:52:39.837Z,2,20.07,11,OK,0.1
2026-02-19T09:52:39.888Z,2,20.17,12,OK,0.1
2026-02-19T09:52:39.938Z,2,20.12,13,OK,0.1
2026-02-19T09:52:39.988Z,1,20.07,14,OK,0.1
2026-02-19T09:52:40.038Z,2,20.05,15,OK,0.1
2026-02-19T09:52:40.090Z,2,20.14,16,OK,0.1
2026-02-19T09:52:40.140Z,2,20.09,17,OK,0.1
2026-02-19T09:52:40.191Z,2,20.13,18,OK,0.1
2026-02-19T09:52:40.241Z,2,20.04,19,OK,0.1
2026-02-19T09:52:40.940Z,14,20.28,20,OK,0.1
2026-02-19T09:52:41.511Z,19,130.28,5,SATURATED,0.4
2026-02-19T09:52:41.561Z,2,130.35,5,OK,0.4
2026-02-19T09:52:41.613Z,2,130.35,5,OK,0.4
2026-02-19T09:52:41.663Z,2,130.49,5,OK,0.4
2026-02-19T09:52:41.714Z,2,130.30,5,OK,0.4
2026-02-19T09:52:41.765Z,2,20.34,6,OK,0.1
2026-02-19T09:52:41.816Z,2,20.29,7,OK,0.1
2026-02-19T09:52:41.866Z,2,20.33,8,OK,0.1
2026-02-19T09:52:41.915Z,2,20.35,9,OK,0.1
2026-02-19T09:52:42.024Z,3,26.32,8,OK,0.1
2026-02-19T09:52:42.074Z,2,26.28,7,OK,0.1
2026-02-19T09:52:42.124Z,2,26.31,6,OK,0.1
2026-02-19T09:52:42.178Z,6,26.96,5,SATURATED,0.1
2026-02-19T09:52:42.228Z,5,27.07,5,SATURATED,0.1
2026-02-19T09:52:42.278Z,5,21.12,6,OK,0.1
2026-02-19T09:52:42.329Z,4,21.14,7,OK,0.1
2026-02-19T09:52:42.379Z,4,21.15,8,OK,0.1
2026-02-19T09:52:42.429Z,4,20.46,9,OK,0.1
2026-02-19T09:52:42.479Z,4,20.31,10,OK,0.1
2026-02-19T09:52:42.627Z,5,20.42,11,OK,0.1
2026-02-19T09:52:42.756Z,11,42.28,9,SATURATED,0.1
2026-02-19T09:52:42.807Z,5,42.07,7,OK,0.1
2026-02-19T09:52:42.857Z,5,42.08,5,SATURATED,0.1
2026-02-19T09:52:42.907Z,5,42.12,5,SATURATED,0.1
2026-02-19T09:52:42.958Z,5,41.94,5,SATURATED,0.1
2026-02-19T09:52:43.008Z,5,19.89,6,OK,0.1
2026-02-19T09:52:43.127Z,5,37.68,5,SATURATED,0.1
2026-02-19T09:52:43.177Z,5,37.71,5,SATURATED,0.1
2026-02-19T09:52:43.228Z,5,37.87,5,SATURATED,0.1
2026-02-19T09:52:43.278Z,5,37.84,5,SATURATED,0.1
2026-02-19T09:52:43.328Z,5,38.06,5,SATURATED,0.1
2026-02-19T09:52:43.378Z,5,20.47,6,OK,0.1
2026-02-19T09:52:43.428Z,5,20.42,7,OK,0.1
2026-02-19T09:52:43.478Z,5,20.25,8,OK,0.1
2026-02-19T09:52:43.528Z,5,20.30,9,OK,0.1
2026-02-19T09:52:43.579Z,5,20.28,10,OK,0.1
2026-02-19T09:52:43.629Z,5,20.21,11,OK,0.1
2026-02-19T09:52:43.679Z,5,20.21,12,OK,0.1
2026-02-19T09:52:43.729Z,5,20.17,13,OK,0.1
2026-02-19T09:52:43.910Z,13,20.25,14,OK,0.1
2026-02-19T09:52:43.961Z,9,20.21,15,OK,0.1
2026-02-19T09:52:44.011Z,9,20.19,16,OK,0.1
2026-02-19T09:52:44.061Z,8,20.27,17,OK,0.1
2026-02-19T09:52:44.112Z,8,20.35,18,OK,0.1
2026-02-19T09:52:44.162Z,7,20.39,19,OK,0.1
2026-02-19T09:52:44.406Z,10,55.18,15,OK,0.1
2026-02-19T09:52:44.456Z,14,51.19,12,SATURATED,0.1
2026-02-19T09:52:44.507Z,6,51.14,9,OK,0.1
2026-02-19T09:52:44.654Z,8,74.42,5,SATURATED,0.1
2026-02-19T09:52:44.704Z,5,74.32,5,SATURATED,0.1
2026-02-19T09:52:44.754Z,5,39.62,5,SATURATED,0.1
2026-02-19T09:52:44.805Z,5,43.71,5,SATURATED,0.1
2026-02-19T09:52:44.856Z,5,43.68,5,SATURATED,0.1
2026-02-19T09:52:44.906Z,5,20.32,6,OK,0.1
2026-02-19T09:52:44.993Z,5,23.63,7,OK,0.1
2026-02-19T09:52:45.043Z,5,23.70,8,OK,0.1
2026-02-19T09:52:45.093Z,5,23.67,9,OK,0.1
2026-02-19T09:52:45.143Z,6,23.71,10,OK,0.1
2026-02-19T09:52:45.285Z,10,45.38,7,SATURATED,0.1
2026-02-19T09:52:45.335Z,8,42.05,5,SATURATED,0.1
2026-02-19T09:52:45.385Z,8,41.93,5,SATURATED,0.1
2026-02-19T09:52:45.442Z,8,42.36,5,SATURATED,0.1
2026-02-19T09:52:45.492Z,8,42.41,5,SATURATED,0.1
2026-02-19T09:52:45.542Z,8,20.79,6,SATURATED,0.1
2026-02-19T09:52:45.592Z,8,20.72,7,SATURATED,0.1
2026-02-19T09:52:45.643Z,8,20.72,8,SATURATED,0.1
2026-02-19T09:52:45.693Z,8,20.25,9,OK,0.1
2026-02-19T09:52:45.743Z,8,20.18,10,OK,0.1
2026-02-19T09:52:45.793Z,8,20.20,11,OK,0.1
2026-02-19T09:52:45.843Z,8,20.25,12,OK,0.1
2026-02-19T09:52:45.893Z,8,20.32,13,OK,0.1
2026-02-19T09:52:45.944Z,4,20.26,14,OK,0.1
2026-02-19T09:52:45.994Z,4,20.28,15,OK,0.1
2026-02-19T09:52:46.075Z,4,22.39,16,OK,0.1
2026-02-19T09:52:46.253Z,16,43.93,14,SATURATED,0.1
2026-02-19T09:52:46.304Z,6,43.82,12,OK,0.1
2026-02-19T09:52:46.355Z,6,43.92,10,OK,0.1
2026-02-19T09:52:46.405Z,6,43.89,8,OK,0.1
2026-02-19T09:52:46.525Z,7,59.71,5,SATURATED,0.1
2026-02-19T09:52:46.596Z,7,38.31,5,SATURATED,0.1
2026-02-19T09:52:46.647Z,7,38.41,5,SATURATED,0.1
2026-02-19T09:52:46.697Z,7,38.62,5,SATURATED,0.1
2026-02-19T09:52:46.747Z,7,38.72,5,SATURATED,0.1
2026-02-19T09:52:46.797Z,7,20.77,6,SATURATED,0.1
2026-02-19T09:52:46.847Z,7,20.59,7,SATURATED,0.1
2026-02-19T09:52:46.897Z,7,20.56,8,OK,0.1
2026-02-19T09:52:46.947Z,7,20.41,9,OK,0.1
2026-02-19T09:52:46.998Z,7,20.34,10,OK,0.1
2026-02-19T09:52:47.048Z,7,20.29,11,OK,0.1
2026-02-19T09:52:47.099Z,7,20.42,12,OK,0.1
2026-02-19T09:52:47.149Z,6,20.34,13,OK,0.1
2026-02-19T09:52:47.199Z,5,20.35,14,OK,0.1
2026-02-19T09:52:47.250Z,5,20.37,15,OK,0.1
2026-02-19T09:52:47.432Z,9,42.75,13,OK,0.1
2026-02-19T09:52:47.482Z,7,42.68,11,OK,0.1
2026-02-19T09:52:47.622Z,9,42.71,9,SATURATED,0.1
2026-02-19T09:52:47.673Z,8,47.05,6,SATURATED,0.1
2026-02-19T09:52:47.724Z,8,47.05,5,SATURATED,0.1
2026-02-19T09:52:47.774Z,8,24.73,6,SATURATED,0.1
2026-02-19T09:52:47.823Z,8,24.74,7,SATURATED,0.1
2026-02-19T09:52:47.874Z,8,24.77,8,SATURATED,0.1
2026-02-19T09:52:47.924Z,8,20.33,9,OK,0.1
2026-02-19T09:52:47.974Z,8,20.36,10,OK,0.1
2026-02-19T09:52:48.024Z,8,20.16,11,OK,0.1
2026-02-19T09:52:48.075Z,8,20.14,12,OK,0.1
2026-02-19T09:52:48.124Z,7,20.12,13,OK,0.1
2026-02-19T09:52:48.175Z,7,20.21,14,OK,0.1
2026-02-19T09:52:48.225Z,7,20.19,15,OK,0.1
2026-02-19T09:52:48.340Z,7,26.99,14,OK,0.1
2026-02-19T09:52:48.390Z,5,27.05,13,OK,0.1
2026-02-19T09:52:48.516Z,5,27.18,12,OK,0.1
2026-02-19T09:52:48.606Z,12,41.13,10,SATURATED,0.1
2026-02-19T09:52:48.739Z,10,59.31,6,SATURATED,0.1
2026-02-19T09:52:48.788Z,6,48.62,5,SATURATED,0.1
2026-02-19T09:52:48.839Z,6,48.56,5,SATURATED,0.1
2026-02-19T09:52:48.889Z,6,48.39,5,SATURATED,0.1
2026-02-19T09:52:48.939Z,6,34.35,5,SATURATED,0.1
2026-02-19T09:52:48.989Z,6,16.15,6,SATURATED,0.1
2026-02-19T09:52:49.040Z,6,20.23,7,OK,0.1
2026-02-19T09:52:49.092Z,6,20.24,8,OK,0.1
2026-02-19T09:52:49.142Z,6,20.31,9,OK,0.1
2026-02-19T09:52:49.192Z,5,20.26,10,OK,0.1
2026-02-19T09:52:49.242Z,5,20.28,11,OK,0.1
2026-02-19T09:52:49.345Z,3,26.49,10,OK,0.1
2026-02-19T09:52:49.426Z,3,28.62,9,OK,0.1
2026-02-19T09:52:49.520Z,5,33.37,8,OK,0.1
2026-02-19T09:52:49.570Z,5,33.43,7,OK,0.1
2026-02-19T09:52:49.619Z,7,33.58,6,SATURATED,0.1
2026-02-19T09:52:49.671Z,4,27.31,5,OK,0.1
2026-02-19T09:52:49.721Z,4,25.19,5,OK,0.1
2026-02-19T09:52:49.771Z,5,20.67,6,OK,0.1
2026-02-19T09:52:49.822Z,6,20.66,7,OK,0.1
2026-02-19T09:52:49.872Z,6,20.49,8,OK,0.1
2026-02-19T09:52:49.922Z,6,20.53,9,OK,0.1
2026-02-19T09:52:50.135Z,8,57.67,5,SATURATED,0.1
2026-02-19T09:52:50.185Z,6,57.43,5,SATURATED,0.1
2026-02-19T09:52:50.235Z,6,57.44,5,SATURATED,0.1
2026-02-19T09:52:50.285Z,6,57.50,5,SATURATED,0.1
2026-02-19T09:52:50.335Z,6,57.55,5,SATURATED,0.1
2026-02-19T09:52:50.386Z,6,20.36,6,SATURATED,0.1
2026-02-19T09:52:50.436Z,6,20.43,7,OK,0.1
2026-02-19T09:52:50.486Z,6,20.43,8,OK,0.1
2026-02-19T09:52:50.536Z,6,20.40,9,OK,0.1
2026-02-19T09:52:50.587Z,6,20.42,10,OK,0.1
2026-02-19T09:52:50.872Z,10,70.09,5,SATURATED,0.1
2026-02-19T09:52:50.928Z,4,67.19,5,OK,0.1
2026-02-19T09:52:50.978Z,4,67.20,5,OK,0.1
2026-02-19T09:52:51.029Z,4,67.28,5,OK,0.1
2026-02-19T09:52:51.079Z,4,67.26,5,OK,0.1
2026-02-19T09:52:51.130Z,4,17.62,6,OK,0.1
2026-02-19T09:52:51.230Z,6,36.20,5,SATURATED,0.1
2026-02-19T09:52:51.280Z,4,36.16,5,OK,0.1
2026-02-19T09:52:51.330Z,4,35.99,5,OK,0.1
2026-02-19T09:52:51.380Z,5,35.97,5,SATURATED,0.1
2026-02-19T09:52:51.431Z,4,35.95,5,OK,0.1
2026-02-19T09:52:51.481Z,4,20.22,6,OK,0.1
2026-02-19T09:52:51.530Z,3,20.26,7,OK,0.1
2026-02-19T09:52:51.581Z,3,20.33,8,OK,0.1
2026-02-19T09:52:51.632Z,3,20.22,9,OK,0.1
2026-02-19T09:52:51.682Z,3,20.24,10,OK,0.1
2026-02-19T09:52:51.734Z,3,20.24,11,OK,0.1
2026-02-19T09:52:51.784Z,2,20.19,12,OK,0.1
2026-02-19T09:52:51.834Z,1,20.21,13,OK,0.1
2026-02-19T09:52:51.962Z,1,28.98,12,OK,0.1
2026-02-19T09:52:52.114Z,12,45.31,9,SATURATED,0.1
2026-02-19T09:52:52.164Z,2,45.34,6,OK,0.1
2026-02-19T09:52:52.215Z,2,45.40,5,OK,0.1
2026-02-19T09:52:52.339Z,5,53.68,5,SATURATED,0.1
2026-02-19T09:52:52.389Z,3,44.76,5,OK,0.1
2026-02-19T09:52:52.439Z,4,28.41,5,OK,0.1
2026-02-19T09:52:52.489Z,3,28.45,5,OK,0.1
2026-02-19T09:52:52.629Z,3,28.45,5,OK,0.1
2026-02-19T09:52:52.679Z,3,20.17,6,OK,0.1
2026-02-19T09:52:52.729Z,3,20.38,7,OK,0.1
2026-02-19T09:52:52.780Z,3,20.43,8,OK,0.1
2026-02-19T09:52:52.830Z,3,20.34,9,OK,0.1
2026-02-19T09:52:52.880Z,3,20.31,10,OK,0.1
2026-02-19T09:52:52.930Z,3,20.32,11,OK,0.1
2026-02-19T09:52:52.980Z,3,20.28,12,OK,0.1
2026-02-19T09:52:53.030Z,3,20.29,13,OK,0.1
2026-02-19T09:52:53.157Z,5,20.48,14,OK,0.1
2026-02-19T09:52:53.210Z,14,27.03,13,SATURATED,0.1
2026-02-19T09:52:53.260Z,5,27.01,12,OK,0.1
2026-02-19T09:52:53.311Z,5,27.07,11,OK,0.1
2026-02-19T09:52:53.365Z,10,27.15,10,SATURATED,0.1
2026-02-19T09:52:53.415Z,4,26.94,9,OK,0.1
2026-02-19T09:52:53.550Z,4,43.15,7,OK,0.1
2026-02-19T09:52:53.600Z,4,43.16,5,OK,0.1
2026-02-19T09:52:53.739Z,4,64.55,5,OK,0.1
2026-02-19T09:52:53.790Z,5,64.44,5,SATURATED,0.1
2026-02-19T09:52:53.840Z,5,64.52,5,SATURATED,0.1
2026-02-19T09:52:53.891Z,5,41.75,5,SATURATED,0.1
2026-02-19T09:52:53.942Z,5,41.84,5,SATURATED,0.1
2026-02-19T09:52:53.992Z,5,20.55,6,OK,0.1
2026-02-19T09:52:54.043Z,5,20.55,7,OK,0.1
2026-02-19T09:52:54.094Z,4,20.52,8,OK,0.1
2026-02-19T09:52:54.223Z,4,20.29,9,OK,0.1
2026-02-19T09:52:54.276Z,5,25.58,8,OK,0.1
2026-02-19T09:52:54.326Z,4,25.50,7,OK,0.1
2026-02-19T09:52:54.487Z,4,36.86,5,OK,0.1
2026-02-19T09:52:54.598Z,5,44.99,5,SATURATED,0.1
2026-02-19T09:52:54.706Z,5,52.77,5,SATURATED,0.1
2026-02-19T09:52:54.756Z,4,47.34,5,OK,0.1
2026-02-19T09:52:54.807Z,4,47.35,5,OK,0.1
2026-02-19T09:52:54.858Z,4,35.98,5,OK,0.1
2026-02-19T09:52:54.908Z,4,27.76,5,OK,0.1
2026-02-19T09:52:54.958Z,4,20.32,6,OK,0.1
2026-02-19T09:52:55.008Z,4,20.31,7,OK,0.1
2026-02-19T09:52:55.058Z,4,20.24,8,OK,0.1
2026-02-19T09:52:55.109Z,4,20.26,9,OK,0.1
2026-02-19T09:52:55.159Z,4,16.28,10,OK,0.1
2026-02-19T09:52:55.210Z,2,16.17,11,OK,0.1
2026-02-19T09:52:55.348Z,7,37.26,9,OK,0.1
2026-02-19T09:52:55.529Z,9,59.45,5,SATURATED,0.1
2026-02-19T09:52:55.579Z,5,59.30,5,SATURATED,0.1
2026-02-19T09:52:55.629Z,5,63.44,5,SATURATED,0.1
2026-02-19T09:52:55.679Z,5,63.51,5,SATURATED,0.1
2026-02-19T09:52:55.729Z,5,42.32,5,SATURATED,0.1
2026-02-19T09:52:55.780Z,4,20.24,6,OK,0.1
2026-02-19T09:52:55.830Z,4,20.32,7,OK,0.1
2026-02-19T09:52:55.966Z,4,33.38,6,OK,0.1
2026-02-19T09:52:56.092Z,5,44.47,5,SATURATED,0.1
2026-02-19T09:52:56.142Z,5,44.62,5,SATURATED,0.1
2026-02-19T09:52:56.192Z,5,44.63,5,SATURATED,0.1
2026-02-19T09:52:56.242Z,5,44.60,5,SATURATED,0.1
2026-02-19T09:52:56.292Z,5,31.44,5,SATURATED,0.1
2026-02-19T09:52:56.342Z,5,20.30,6,OK,0.1
2026-02-19T09:52:56.450Z,6,27.85,5,SATURATED,0.1
2026-02-19T09:52:56.501Z,5,27.73,5,SATURATED,0.1
2026-02-19T09:52:56.551Z,5,27.63,5,SATURATED,0.1
2026-02-19T09:52:56.602Z,5,27.67,5,SATURATED,0.1
2026-02-19T09:52:56.652Z,5,27.56,5,SATURATED,0.1
2026-02-19T09:52:56.702Z,5,20.04,6,OK,0.1
2026-02-19T09:52:56.849Z,6,19.94,7,OK,0.1
2026-02-19T09:52:56.899Z,4,20.06,8,OK,0.1
2026-02-19T09:52:56.949Z,4,20.02,9,OK,0.1
2026-02-19T09:52:57.000Z,4,20.17,10,OK,0.1
2026-02-19T09:52:57.120Z,4,37.82,8,OK,0.1
2026-02-19T09:52:57.223Z,8,44.51,6,SATURATED,0.1
2026-02-19T09:52:57.340Z,5,53.86,5,SATURATED,0.1
2026-02-19T09:52:57.391Z,4,53.89,5,OK,0.1
2026-02-19T09:52:57.441Z,4,53.84,5,OK,0.1
2026-02-19T09:52:57.490Z,5,36.30,5,SATURATED,0.1
2026-02-19T09:52:57.547Z,5,30.86,5,SATURATED,0.1
2026-02-19T09:52:57.597Z,4,21.52,6,OK,0.1
2026-02-19T09:52:57.747Z,5,43.95,5,SATURATED,0.1
2026-02-19T09:52:57.798Z,5,43.95,5,SATURATED,0.1
2026-02-19T09:52:57.848Z,5,43.76,5,SATURATED,0.1
2026-02-19T09:52:57.898Z,5,42.67,5,SATURATED,0.1
2026-02-19T09:52:57.948Z,5,42.62,5,SATURATED,0.1
2026-02-19T09:52:57.998Z,5,20.23,6,OK,0.1
2026-02-19T09:52:58.048Z,5,20.12,7,OK,0.1
2026-02-19T09:52:58.099Z,4,20.24,8,OK,0.1
2026-02-19T09:52:58.149Z,4,20.18,9,OK,0.1
2026-02-19T09:52:58.200Z,4,20.29,10,OK,0.1
2026-02-19T09:52:58.323Z,10,38.51,8,SATURATED,0.1
2026-02-19T09:52:58.464Z,6,58.94,5,SATURATED,0.1
2026-02-19T09:52:58.516Z,6,59.74,5,SATURATED,0.1
2026-02-19T09:52:58.566Z,6,59.88,5,SATURATED,0.1
2026-02-19T09:52:58.617Z,6,59.82,5,SATURATED,0.1
2026-02-19T09:52:58.668Z,6,41.57,5,SATURATED,0.1
2026-02-19T09:52:58.718Z,6,21.24,6,SATURATED,0.1
2026-02-19T09:52:58.768Z,6,20.74,7,OK,0.1
2026-02-19T09:52:58.818Z,6,20.69,8,OK,0.1
2026-02-19T09:52:58.868Z,7,20.75,9,OK,0.1
2026-02-19T09:52:58.918Z,7,20.77,10,OK,0.1
2026-02-19T09:52:59.083Z,8,39.92,8,SATURATED,0.1
2026-02-19T09:52:59.219Z,7,52.69,5,SATURATED,0.1
2026-02-19T09:52:59.270Z,6,52.65,5,SATURATED,0.1
2026-02-19T09:52:59.320Z,6,52.55,5,SATURATED,0.1
2026-02-19T09:52:59.370Z,6,52.52,5,SATURATED,0.1
2026-02-19T09:52:59.420Z,6,33.36,5,SATURATED,0.1
2026-02-19T09:52:59.471Z,6,20.16,6,SATURATED,0.1
2026-02-19T09:52:59.711Z,6,62.32,5,SATURATED,0.1
2026-02-19T09:52:59.825Z,4,71.29,5,OK,0.1
2026-02-19T09:53:00.064Z,5,105.04,5,SATURATED,0.1
2026-02-19T09:53:00.121Z,5,102.20,5,SATURATED,0.1
2026-02-19T09:53:00.171Z,3,102.24,5,OK,0.1
2026-02-19T09:53:00.222Z,3,60.13,5,OK,0.1
2026-02-19T09:53:00.273Z,2,51.19,5,OK,0.1
2026-02-19T09:53:00.323Z,2,17.44,6,OK,0.1
2026-02-19T09:53:00.378Z,2,21.22,7,OK,0.1
2026-02-19T09:53:00.863Z,3,104.38,5,OK,0.1
2026-02-19T09:53:01.169Z,4,151.49,5,OK,0.4
2026-02-19T09:53:01.654Z,5,234.43,5,SATURATED,0.4
2026-02-19T09:53:02.035Z,5,296.58,5,SATURATED,0.4
2026-02-19T09:53:02.282Z,5,331.00,5,SATURATED,0.4
2026-02-19T09:53:02.579Z,5,293.20,5,SATURATED,0.4
2026-02-19T09:53:02.630Z,5,246.28,5,SATURATED,0.4
2026-02-19T09:53:02.680Z,5,163.96,5,SATURATED,0.4
2026-02-19T09:53:02.731Z,5,101.81,5,SATURATED,0.1
2026-02-19T09:53:02.781Z,4,66.47,5,OK,0.1
2026-02-19T09:53:03.100Z,4,21.13,6,OK,0.1
2026-02-19T09:53:03.353Z,6,67.38,5,SATURATED,0.1
2026-02-19T09:53:03.436Z,5,69.30,5,SATURATED,0.1
2026-02-19T09:53:03.487Z,4,69.29,5,OK,0.1
2026-02-19T09:53:03.541Z,5,69.75,5,SATURATED,0.1
2026-02-19T09:53:03.624Z,5,72.42,5,SATURATED,0.1
2026-02-19T09:53:03.674Z,5,26.45,5,SATURATED,0.1
2026-02-19T09:53:03.724Z,5,23.89,6,OK,0.1
2026-02-19T09:53:03.910Z,5,47.04,5,SATURATED,0.1
2026-02-19T09:53:03.960Z,5,46.56,5,SATURATED,0.1
2026-02-19T09:53:04.010Z,5,43.89,5,SATURATED,0.1
2026-02-19T09:53:04.061Z,5,43.42,5,SATURATED,0.1
2026-02-19T09:53:04.110Z,5,43.44,5,SATURATED,0.1
2026-02-19T09:53:04.161Z,5,20.28,6,OK,0.1
2026-02-19T09:53:04.211Z,5,20.29,7,OK,0.1
2026-02-19T09:53:04.261Z,6,20.25,8,OK,0.1
2026-02-19T09:53:04.311Z,6,20.22,9,OK,0.1
2026-02-19T09:53:04.361Z,9,20.21,10,OK,0.1
2026-02-19T09:53:04.782Z,10,90.37,5,SATURATED,0.1
2026-02-19T09:53:05.055Z,3,130.92,5,OK,0.4
2026-02-19T09:53:05.106Z,3,131.01,5,OK,0.4
2026-02-19T09:53:05.156Z,3,131.01,5,OK,0.4
2026-02-19T09:53:05.206Z,3,131.02,5,OK,0.4
2026-02-19T09:53:05.256Z,3,61.11,5,OK,0.1
2026-02-19T09:53:05.306Z,3,20.56,6,OK,0.1
2026-02-19T09:53:05.358Z,4,20.51,7,OK,0.1
2026-02-19T09:53:05.758Z,6,86.65,5,SATURATED,0.1
2026-02-19T09:53:05.932Z,5,107.39,5,SATURATED,0.1
2026-02-19T09:53:06.471Z,4,210.95,5,OK,0.4
2026-02-19T09:53:06.583Z,5,219.29,5,SATURATED,0.4
2026-02-19T09:53:06.798Z,5,248.25,5,SATURATED,0.4
2026-02-19T09:53:06.986Z,5,205.65,5,SATURATED,0.4
2026-02-19T09:53:07.285Z,4,235.24,5,OK,0.4
2026-02-19T09:53:07.407Z,5,141.99,5,SATURATED,0.4
2026-02-19T09:53:07.457Z,5,133.64,5,SATURATED,0.4
2026-02-19T09:53:07.507Z,5,104.65,5,SATURATED,0.1
2026-02-19T09:53:07.575Z,5,83.83,5,SATURATED,0.1
2026-02-19T09:53:07.658Z,5,36.03,5,SATURATED,0.1
2026-02-19T09:53:07.709Z,5,25.46,5,SATURATED,0.1
2026-02-19T09:53:07.755Z,5,25.46,5,SATURATED,0.1
2026-02-19T09:53:07.806Z,5,25.62,5,SATURATED,0.1
2026-02-19T09:53:07.856Z,5,23.00,6,OK,0.1
2026-02-19T09:53:07.906Z,5,20.45,7,OK,0.1
2026-02-19T09:53:07.957Z,5,20.61,8,OK,0.1
2026-02-19T09:53:08.023Z,8,20.89,9,OK,0.1
2026-02-19T09:53:08.363Z,9,74.72,5,SATURATED,0.1
2026-02-19T09:53:08.449Z,5,77.56,5,SATURATED,0.1
2026-02-19T09:53:08.545Z,5,82.91,5,SATURATED,0.1
2026-02-19T09:53:08.626Z,5,94.87,5,SATURATED,0.1
2026-02-19T09:53:08.713Z,5,97.94,5,SATURATED,0.1
2026-02-19T09:53:08.764Z,5,43.92,5,SATURATED,0.1
2026-02-19T09:53:08.813Z,5,41.20,5,SATURATED,0.1
2026-02-19T09:53:08.864Z,5,35.80,5,SATURATED,0.1
2026-02-19T09:53:08.914Z,5,23.70,6,OK,0.1
2026-02-19T09:53:09.191Z,5,43.83,5,SATURATED,0.1
2026-02-19T09:53:09.242Z,5,43.91,5,SATURATED,0.1
2026-02-19T09:53:09.293Z,4,43.68,5,OK,0.1
2026-02-19T09:53:09.496Z,4,76.47,5,OK,0.1
2026-02-19T09:53:09.610Z,4,85.44,5,OK,0.1
2026-02-19T09:53:09.749Z,5,75.70,5,SATURATED,0.1
2026-02-19T09:53:09.923Z,5,96.45,5,SATURATED,0.1
2026-02-19T09:53:09.973Z,4,96.46,5,OK,0.1
2026-02-19T09:53:10.024Z,4,63.62,5,OK,0.1
2026-02-19T09:53:10.074Z,4,54.68,5,OK,0.1
2026-02-19T09:53:10.124Z,4,40.78,5,OK,0.1
2026-02-19T09:53:10.174Z,4,20.15,6,OK,0.1
2026-02-19T09:53:10.624Z,4,61.00,5,OK,0.1
2026-02-19T09:53:11.408Z,5,203.84,5,SATURATED,0.4
2026-02-19T09:53:11.620Z,5,232.19,5,SATURATED,0.4
2026-02-19T09:53:11.886Z,4,276.67,5,OK,0.4
2026-02-19T09:53:11.937Z,5,276.55,5,SATURATED,0.4
2026-02-19T09:53:11.987Z,4,235.64,5,OK,0.4
2026-02-19T09:53:12.037Z,4,92.90,5,OK,0.1
2026-02-19T09:53:12.087Z,4,64.57,5,OK,0.1
2026-02-19T09:53:12.137Z,4,20.17,6,OK,0.1
2026-02-19T09:53:12.188Z,4,20.17,7,OK,0.1
2026-02-19T09:53:12.391Z,4,36.35,5,OK,0.1
2026-02-19T09:53:12.460Z,5,35.89,5,SATURATED,0.1
2026-02-19T09:53:12.544Z,5,38.83,5,SATURATED,0.1
2026-02-19T09:53:12.647Z,5,45.44,5,SATURATED,0.1
2026-02-19T09:53:12.729Z,5,47.78,5,SATURATED,0.1
2026-02-19T09:53:12.780Z,4,31.64,5,OK,0.1
2026-02-19T09:53:13.027Z,4,32.23,5,OK,0.1
2026-02-19T09:53:13.078Z,4,29.27,5,OK,0.1
2026-02-19T09:53:13.127Z,4,22.73,6,OK,0.1
2026-02-19T09:53:13.177Z,4,20.38,7,OK,0.1
2026-02-19T09:53:13.227Z,4,20.39,8,OK,0.1
2026-02-19T09:53:13.277Z,3,20.27,9,OK,0.1
2026-02-19T09:53:13.328Z,4,20.26,10,OK,0.1
2026-02-19T09:53:13.378Z,4,20.16,11,OK,0.1
2026-02-19T09:53:13.606Z,5,59.13,7,OK,0.1
2026-02-19T09:53:13.909Z,7,105.69,5,SATURATED,0.1
2026-02-19T09:53:13.972Z,5,104.22,5,SATURATED,0.1
2026-02-19T09:53:14.023Z,4,104.27,5,OK,0.1
2026-02-19T09:53:14.074Z,4,104.42,5,OK,0.1
2026-02-19T09:53:14.124Z,5,65.41,5,SATURATED,0.1
2026-02-19T09:53:14.174Z,4,18.84,6,OK,0.1
2026-02-19T09:53:14.225Z,4,20.39,7,OK,0.1
2026-02-19T09:53:14.456Z,4,20.35,8,OK,0.1
2026-02-19T09:53:14.505Z,4,20.36,9,OK,0.1
2026-02-19T09:53:14.555Z,4,20.47,10,OK,0.1
2026-02-19T09:53:14.606Z,4,20.49,11,OK,0.1
2026-02-19T09:53:14.656Z,5,20.36,12,OK,0.1
2026-02-19T09:53:14.706Z,5,20.40,13,OK,0.1
2026-02-19T09:53:14.757Z,5,20.25,14,OK,0.1
2026-02-19T09:53:14.942Z,14,20.28,15,OK,0.1
2026-02-19T09:53:15.165Z,15,60.62,11,SATURATED,0.1
2026-02-19T09:53:15.218Z,11,57.40,7,SATURATED,0.1
2026-02-19T09:53:15.268Z,10,57.36,5,SATURATED,0.1
2026-02-19T09:53:15.318Z,10,57.43,5,SATURATED,0.1
2026-02-19T09:53:15.369Z,9,57.17,5,SATURATED,0.1
2026-02-19T09:53:15.419Z,9,16.82,6,SATURATED,0.1
2026-02-19T09:53:15.470Z,9,20.06,7,SATURATED,0.1
2026-02-19T09:53:15.520Z,9,20.09,8,SATURATED,0.1
2026-02-19T09:53:15.571Z,9,20.09,9,SATURATED,0.1
2026-02-19T09:53:15.622Z,8,20.27,10,OK,0.1
2026-02-19T09:53:15.672Z,8,20.22,11,OK,0.1
2026-02-19T09:53:15.722Z,8,20.29,12,OK,0.1
2026-02-19T09:53:15.772Z,8,20.29,13,OK,0.1
2026-02-19T09:53:15.822Z,9,20.32,14,OK,0.1
2026-02-19T09:53:15.872Z,9,20.20,15,OK,0.1
2026-02-19T09:53:15.922Z,9,20.24,16,OK,0.1
2026-02-19T09:53:15.973Z,10,20.43,17,OK,0.1
2026-02-19T09:53:16.023Z,14,20.33,18,OK,0.1
2026-02-19T09:53:16.427Z,18,87.27,11,SATURATED,0.1
2026-02-19T09:53:16.657Z,14,119.30,5,SATURATED,0.1
2026-02-19T09:53:16.707Z,12,119.29,5,SATURATED,0.1
2026-02-19T09:53:16.757Z,12,119.16,5,SATURATED,0.1
2026-02-19T09:53:16.807Z,9,119.26,5,SATURATED,0.1
2026-02-19T09:53:16.857Z,8,52.35,5,SATURATED,0.1
2026-02-19T09:53:16.908Z,8,20.40,6,SATURATED,0.1
2026-02-19T09:53:16.957Z,8,20.35,7,SATURATED,0.1
2026-02-19T09:53:17.008Z,7,20.27,8,OK,0.1
2026-02-19T09:53:17.057Z,7,20.33,9,OK,0.1
2026-02-19T09:53:17.107Z,7,20.28,10,OK,0.1
2026-02-19T09:53:17.263Z,8,43.76,8,SATURATED,0.1
2026-02-19T09:53:17.312Z,8,43.84,6,SATURATED,0.1
2026-02-19T09:53:17.362Z,8,43.80,5,SATURATED,0.1
2026-02-19T09:53:17.413Z,8,43.75,5,SATURATED,0.1
2026-02-19T09:53:17.464Z,8,43.97,5,SATURATED,0.1
2026-02-19T09:53:17.514Z,8,20.46,6,SATURATED,0.1
2026-02-19T09:53:17.564Z,8,20.58,7,SATURATED,0.1
2026-02-19T09:53:17.615Z,8,20.55,8,SATURATED,0.1
2026-02-19T09:53:17.667Z,8,20.51,9,OK,0.1
2026-02-19T09:53:17.844Z,9,41.65,7,SATURATED,0.1
2026-02-19T09:53:17.894Z,7,41.73,5,SATURATED,0.1
2026-02-19T09:53:17.944Z,7,41.49,5,SATURATED,0.1
2026-02-19T09:53:17.995Z,6,41.61,5,SATURATED,0.1
2026-02-19T09:53:18.284Z,5,85.39,5,SATURATED,0.1
2026-02-19T09:53:18.334Z,1,64.00,5,OK,0.1
2026-02-19T09:53:18.385Z,1,63.93,5,OK,0.1
2026-02-19T09:53:18.440Z,5,64.01,5,SATURATED,0.1
2026-02-19T09:53:18.534Z,5,68.67,5,SATURATED,0.1
2026-02-19T09:53:18.847Z,5,83.23,5,SATURATED,0.1
2026-02-19T09:53:19.090Z,5,117.82,5,SATURATED,0.1
2026-02-19T09:53:19.140Z,1,117.62,5,OK,0.1
2026-02-19T09:53:19.191Z,1,117.64,5,OK,0.1
2026-02-19T09:53:19.242Z,2,112.89,5,OK,0.1
2026-02-19T09:53:19.403Z,2,54.57,5,OK,0.1
2026-02-19T09:53:19.453Z,5,20.00,6,OK,0.1
2026-02-19T09:53:19.585Z,5,32.56,5,SATURATED,0.1
2026-02-19T09:53:19.635Z,5,32.59,5,SATURATED,0.1
2026-02-19T09:53:19.685Z,5,32.62,5,SATURATED,0.1
2026-02-19T09:53:19.735Z,5,32.65,5,SATURATED,0.1
2026-02-19T09:53:19.786Z,5,32.69,5,SATURATED,0.1
2026-02-19T09:53:19.836Z,5,20.45,6,OK,0.1
2026-02-19T09:53:20.337Z,6,106.59,5,SATURATED,0.1
2026-02-19T09:53:20.830Z,6,191.10,5,SATURATED,0.4
2026-02-19T09:53:21.039Z,5,218.82,5,SATURATED,0.4
2026-02-19T09:53:21.123Z,5,221.56,5,SATURATED,0.4
2026-02-19T09:53:21.174Z,5,221.44,5,SATURATED,0.4
2026-02-19T09:53:21.223Z,5,135.39,5,SATURATED,0.4
2026-02-19T09:53:21.274Z,4,50.84,5,OK,0.1
2026-02-19T09:53:21.323Z,4,23.08,6,OK,0.1
2026-02-19T09:53:21.375Z,6,20.47,7,OK,0.1
2026-02-19T09:53:21.632Z,7,57.84,5,SATURATED,0.1
2026-02-19T09:53:21.800Z,4,77.29,5,OK,0.1
2026-02-19T09:53:21.901Z,5,83.43,5,SATURATED,0.1
2026-02-19T09:53:22.006Z,5,90.39,5,SATURATED,0.1
2026-02-19T09:53:22.078Z,5,90.60,5,SATURATED,0.1
2026-02-19T09:53:22.128Z,3,53.26,5,OK,0.1
2026-02-19T09:53:22.185Z,5,35.57,5,SATURATED,0.1
2026-02-19T09:53:22.236Z,3,29.31,5,OK,0.1
2026-02-19T09:53:22.287Z,3,22.33,6,OK,0.1
2026-02-19T09:53:22.337Z,4,21.95,7,OK,0.1
2026-02-19T09:53:22.388Z,7,21.96,8,OK,0.1
2026-02-19T09:53:22.437Z,7,20.13,9,OK,0.1
2026-02-19T09:53:22.488Z,7,20.23,10,OK,0.1
2026-02-19T09:53:22.538Z,7,20.21,11,OK,0.1
2026-02-19T09:53:22.589Z,7,20.23,12,OK,0.1
2026-02-19T09:53:22.648Z,9,20.15,13,OK,0.1
2026-02-19T09:53:22.711Z,10,24.70,14,OK,0.1
2026-02-19T09:53:23.089Z,14,86.25,7,SATURATED,0.1
2026-02-19T09:53:23.303Z,8,124.87,5,SATURATED,0.1
2026-02-19T09:53:23.371Z,8,124.43,5,SATURATED,0.1
2026-02-19T09:53:23.422Z,7,120.43,5,SATURATED,0.1
2026-02-19T09:53:23.472Z,7,115.90,5,SATURATED,0.1
2026-02-19T09:53:23.523Z,7,54.40,5,SATURATED,0.1
2026-02-19T09:53:23.573Z,7,15.83,6,SATURATED,0.1
2026-02-19T09:53:23.624Z,7,16.17,7,SATURATED,0.1
2026-02-19T09:53:23.673Z,7,20.19,8,OK,0.1
2026-02-19T09:53:23.803Z,8,32.10,7,SATURATED,0.1
2026-02-19T09:53:23.854Z,7,32.11,6,SATURATED,0.1
2026-02-19T09:53:23.904Z,7,32.12,5,SATURATED,0.1
2026-02-19T09:53:23.954Z,7,32.30,5,SATURATED,0.1
2026-02-19T09:53:24.004Z,7,32.30,5,SATURATED,0.1
2026-02-19T09:53:24.054Z,7,20.37,6,SATURATED,0.1
2026-02-19T09:53:24.104Z,7,20.13,7,SATURATED,0.1
2026-02-19T09:53:24.154Z,7,20.08,8,OK,0.1
2026-02-19T09:53:24.205Z,8,19.97,9,OK,0.1
2026-02-19T09:53:24.363Z,8,47.03,6,SATURATED,0.1
2026-02-19T09:53:24.503Z,5,60.96,5,SATURATED,0.1
2026-02-19T09:53:24.689Z,5,84.29,5,SATURATED,0.1
2026-02-19T09:53:24.935Z,5,119.49,5,SATURATED,0.1
2026-02-19T09:53:24.985Z,3,119.52,5,OK,0.1
2026-02-19T09:53:25.036Z,3,92.44,5,OK,0.1
2026-02-19T09:53:25.087Z,5,78.53,5,SATURATED,0.1
2026-02-19T09:53:25.137Z,5,55.38,5,SATURATED,0.1
2026-02-19T09:53:25.188Z,5,20.19,6,OK,0.1
2026-02-19T09:53:25.238Z,5,20.14,7,OK,0.1
2026-02-19T09:53:25.288Z,5,20.23,8,OK,0.1
2026-02-19T09:53:25.338Z,5,20.22,9,OK,0.1
2026-02-19T09:53:25.670Z,8,49.09,6,SATURATED,0.1
2026-02-19T09:53:25.791Z,6,59.27,5,SATURATED,0.1
2026-02-19T09:53:25.842Z,6,59.25,5,SATURATED,0.1
2026-02-19T09:53:25.892Z,6,59.28,5,SATURATED,0.1
2026-02-19T09:53:25.943Z,6,59.28,5,SATURATED,0.1
2026-02-19T09:53:25.993Z,6,30.41,5,SATURATED,0.1
2026-02-19T09:53:26.044Z,6,20.27,6,SATURATED,0.1
2026-02-19T09:53:26.093Z,6,20.64,7,OK,0.1
2026-02-19T09:53:26.227Z,7,40.83,5,SATURATED,0.1
2026-02-19T09:53:26.283Z,5,37.95,5,SATURATED,0.1
2026-02-19T09:53:26.333Z,4,37.95,5,OK,0.1
2026-02-19T09:53:26.384Z,4,37.96,5,OK,0.1
2026-02-19T09:53:26.434Z,4,37.68,5,OK,0.1
2026-02-19T09:53:26.485Z,4,17.43,6,OK,0.1
2026-02-19T09:53:26.535Z,4,20.35,7,OK,0.1
2026-02-19T09:53:26.584Z,4,20.34,8,OK,0.1
2026-02-19T09:53:26.635Z,4,20.34,9,OK,0.1
2026-02-19T09:53:26.691Z,7,20.33,10,OK,0.1
2026-02-19T09:53:26.755Z,10,20.71,11,OK,0.1
2026-02-19T09:53:26.818Z,11,22.86,12,OK,0.1
2026-02-19T09:53:26.868Z,11,18.82,13,OK,0.1
2026-02-19T09:53:26.919Z,11,18.82,14,OK,0.1
2026-02-19T09:53:27.100Z,10,48.11,11,OK,0.1
2026-02-19T09:53:27.150Z,8,47.67,8,SATURATED,0.1
2026-02-19T09:53:27.201Z,8,45.47,5,SATURATED,0.1
2026-02-19T09:53:27.267Z,8,51.36,5,SATURATED,0.1
2026-02-19T09:53:27.318Z,8,47.49,5,SATURATED,0.1
2026-02-19T09:53:27.369Z,8,18.22,6,SATURATED,0.1
2026-02-19T09:53:27.419Z,7,18.42,7,SATURATED,0.1
2026-02-19T09:53:27.469Z,7,18.45,8,OK,0.1
2026-02-19T09:53:27.520Z,7,16.57,9,OK,0.1
2026-02-19T09:53:27.570Z,7,20.44,10,OK,0.1
2026-02-19T09:53:27.621Z,7,20.43,11,OK,0.1
2026-02-19T09:53:27.672Z,7,20.29,12,OK,0.1
2026-02-19T09:53:27.973Z,12,66.58,7,SATURATED,0.1
2026-02-19T09:53:28.099Z,8,87.53,5,SATURATED,0.1
2026-02-19T09:53:28.163Z,8,88.05,5,SATURATED,0.1
2026-02-19T09:53:28.213Z,8,87.97,5,SATURATED,0.1
2026-02-19T09:53:28.263Z,8,88.26,5,SATURATED,0.1
2026-02-19T09:53:28.323Z,8,42.54,5,SATURATED,0.1
2026-02-19T09:53:28.374Z,8,21.55,6,SATURATED,0.1
2026-02-19T09:53:28.424Z,8,20.92,7,SATURATED,0.1
2026-02-19T09:53:28.473Z,8,20.93,8,SATURATED,0.1
2026-02-19T09:53:28.524Z,8,20.69,9,OK,0.1
2026-02-19T09:53:28.575Z,8,20.07,10,OK,0.1
2026-02-19T09:53:28.626Z,8,20.19,11,OK,0.1
2026-02-19T09:53:28.676Z,8,20.37,12,OK,0.1
2026-02-19T09:53:28.836Z,4,20.39,13,OK,0.1
2026-02-19T09:53:29.175Z,11,84.16,7,SATURATED,0.1
2026-02-19T09:53:29.356Z,4,106.30,5,OK,0.1
2026-02-19T09:53:29.431Z,5,107.21,5,SATURATED,0.1
2026-02-19T09:53:29.482Z,4,107.04,5,OK,0.1
2026-02-19T09:53:29.532Z,4,107.07,5,OK,0.1
2026-02-19T09:53:29.581Z,4,43.19,5,OK,0.1
2026-02-19T09:53:29.631Z,4,21.05,6,OK,0.1
2026-02-19T09:53:29.681Z,4,20.03,7,OK,0.1
2026-02-19T09:53:29.883Z,5,46.46,5,SATURATED,0.1
2026-02-19T09:53:29.933Z,4,46.53,5,OK,0.1
2026-02-19T09:53:29.983Z,4,46.59,5,OK,0.1
2026-02-19T09:53:30.033Z,4,46.66,5,OK,0.1
2026-02-19T09:53:30.084Z,4,46.70,5,OK,0.1
2026-02-19T09:53:30.134Z,4,20.34,6,OK,0.1
2026-02-19T09:53:30.195Z,6,20.27,7,OK,0.1
2026-02-19T09:53:30.403Z,7,57.53,5,SATURATED,0.1
2026-02-19T09:53:30.608Z,5,84.60,5,SATURATED,0.1
2026-02-19T09:53:30.658Z,5,80.57,5,SATURATED,0.1
2026-02-19T09:53:30.708Z,5,80.59,5,SATURATED,0.1
2026-02-19T09:53:30.759Z,5,80.62,5,SATURATED,0.1
2026-02-19T09:53:30.810Z,5,43.37,5,SATURATED,0.1
2026-02-19T09:53:30.860Z,4,16.31,6,OK,0.1
2026-02-19T09:53:30.911Z,4,21.41,7,OK,0.1
2026-02-19T09:53:30.961Z,4,21.40,8,OK,0.1
2026-02-19T09:53:31.011Z,2,21.30,9,OK,0.1
2026-02-19T09:53:31.061Z,2,21.29,10,OK,0.1
2026-02-19T09:53:31.112Z,2,21.19,11,OK,0.1
2026-02-19T09:53:31.163Z,2,20.13,12,OK,0.1
2026-02-19T09:53:31.283Z,2,20.15,13,OK,0.1
2026-02-19T09:53:31.333Z,2,20.31,14,OK,0.1
2026-02-19T09:53:31.384Z,2,20.31,15,OK,0.1
2026-02-19T09:53:31.486Z,2,36.53,13,OK,0.1
2026-02-19T09:53:31.554Z,13,36.08,11,SATURATED,0.1
2026-02-19T09:53:31.956Z,11,102.42,5,SATURATED,0.1
2026-02-19T09:53:32.029Z,5,102.90,5,SATURATED,0.1
2026-02-19T09:53:32.079Z,4,102.96,5,OK,0.1
2026-02-19T09:53:32.129Z,4,86.62,5,OK,0.1
2026-02-19T09:53:32.179Z,4,87.05,5,OK,0.1
2026-02-19T09:53:32.315Z,5,41.37,5,SATURATED,0.1
2026-02-19T09:53:32.365Z,4,40.83,5,OK,0.1
2026-02-19T09:53:32.416Z,4,40.81,5,OK,0.1
2026-02-19T09:53:32.466Z,4,40.99,5,OK,0.1
2026-02-19T09:53:32.524Z,5,41.40,5,SATURATED,0.1
2026-02-19T09:53:32.716Z,5,22.70,6,OK,0.1
2026-02-19T09:53:32.766Z,5,22.75,7,OK,0.1
2026-02-19T09:53:32.817Z,5,22.67,8,OK,0.1
2026-02-19T09:53:32.867Z,5,22.70,9,OK,0.1
2026-02-19T09:53:32.918Z,5,22.31,10,OK,0.1
2026-02-19T09:53:33.083Z,10,49.13,7,SATURATED,0.1
2026-02-19T09:53:33.223Z,5,63.01,5,SATURATED,0.1
2026-02-19T09:53:33.274Z,5,63.04,5,SATURATED,0.1
2026-02-19T09:53:33.323Z,5,63.02,5,SATURATED,0.1
2026-02-19T09:53:33.373Z,5,62.98,5,SATURATED,0.1
2026-02-19T09:53:33.424Z,5,34.23,5,SATURATED,0.1
2026-02-19T09:53:33.474Z,5,20.33,6,OK,0.1
2026-02-19T09:53:33.529Z,6,20.36,7,OK,0.1
2026-02-19T09:53:33.659Z,7,42.26,5,SATURATED,0.1
2026-02-19T09:53:33.709Z,4,42.13,5,OK,0.1
2026-02-19T09:53:33.760Z,4,43.09,5,OK,0.1
2026-02-19T09:53:33.939Z,5,73.00,5,SATURATED,0.1
2026-02-19T09:53:33.989Z,5,72.90,5,SATURATED,0.1
2026-02-19T09:53:34.040Z,5,50.80,5,SATURATED,0.1
2026-02-19T09:53:34.091Z,5,50.92,5,SATURATED,0.1
2026-02-19T09:53:34.140Z,5,49.79,5,SATURATED,0.1
2026-02-19T09:53:34.191Z,5,20.56,6,OK,0.1
2026-02-19T09:53:34.258Z,6,19.99,7,OK,0.1
2026-02-19T09:53:34.309Z,5,20.14,8,OK,0.1
2026-02-19T09:53:34.359Z,4,20.17,9,OK,0.1
2026-02-19T09:53:34.409Z,4,20.28,10,OK,0.1
2026-02-19T09:53:34.459Z,4,19.57,11,OK,0.1
2026-02-19T09:53:34.745Z,7,20.23,12,OK,0.1
2026-02-19T09:53:35.059Z,12,78.65,6,SATURATED,0.1
2026-02-19T09:53:35.125Z,6,77.83,5,SATURATED,0.1
2026-02-19T09:53:35.178Z,6,78.36,5,SATURATED,0.1
2026-02-19T09:53:35.254Z,6,83.39,5,SATURATED,0.1
2026-02-19T09:53:35.305Z,6,87.19,5,SATURATED,0.1
2026-02-19T09:53:35.355Z,6,28.82,5,SATURATED,0.1
2026-02-19T09:53:35.405Z,6,29.49,5,SATURATED,0.1
2026-02-19T09:53:35.456Z,6,28.98,5,SATURATED,0.1
2026-02-19T09:53:35.506Z,6,23.84,6,SATURATED,0.1
2026-02-19T09:53:35.556Z,4,20.02,7,OK,0.1
2026-02-19T09:53:35.606Z,4,19.99,8,OK,0.1
2026-02-19T09:53:35.657Z,4,20.16,9,OK,0.1
2026-02-19T09:53:35.707Z,4,20.10,10,OK,0.1
2026-02-19T09:53:35.757Z,6,20.20,11,OK,0.1
2026-02-19T09:53:35.807Z,6,20.19,12,OK,0.1
2026-02-19T09:53:35.857Z,6,20.20,13,OK,0.1
2026-02-19T09:53:35.907Z,6,20.26,14,OK,0.1
2026-02-19T09:53:35.957Z,5,20.20,15,OK,0.1
2026-02-19T09:53:36.077Z,6,20.05,16,OK,0.1
2026-02-19T09:53:36.274Z,16,55.41,12,SATURATED,0.1
2026-02-19T09:53:36.429Z,12,72.34,7,SATURATED,0.1
2026-02-19T09:53:36.485Z,5,69.43,5,SATURATED,0.1
2026-02-19T09:53:36.536Z,4,69.65,5,OK,0.1
2026-02-19T09:53:36.587Z,4,69.76,5,OK,0.1
2026-02-19T09:53:36.637Z,4,34.29,5,OK,0.1
2026-02-19T09:53:36.687Z,4,17.38,6,OK,0.1
2026-02-19T09:53:36.738Z,4,20.26,7,OK,0.1
2026-02-19T09:53:36.788Z,3,20.22,8,OK,0.1
2026-02-19T09:53:36.839Z,3,20.27,9,OK,0.1
2026-02-19T09:53:36.890Z,3,20.38,10,OK,0.1
2026-02-19T09:53:36.940Z,3,20.32,11,OK,0.1
2026-02-19T09:53:36.990Z,2,20.22,12,OK,0.1
2026-02-19T09:53:37.040Z,2,20.17,13,OK,0.1
2026-02-19T09:53:37.091Z,2,20.13,14,OK,0.1
2026-02-19T09:53:37.140Z,2,20.15,15,OK,0.1
2026-02-19T09:53:37.191Z,2,20.21,16,OK,0.1
2026-02-19T09:53:37.342Z,3,31.15,15,OK,0.1
2026-02-19T09:53:37.488Z,15,46.31,12,SATURATED,0.1
2026-02-19T09:53:38.067Z,12,148.06,5,SATURATED,0.4
2026-02-19T09:53:38.118Z,4,148.04,5,OK,0.4
2026-02-19T09:53:38.168Z,4,148.02,5,OK,0.4
2026-02-19T09:53:38.219Z,4,137.18,5,OK,0.4
2026-02-19T09:53:38.269Z,4,122.02,5,OK,0.1
2026-02-19T09:53:38.320Z,4,20.32,6,OK,0.1
2026-02-19T09:53:38.370Z,6,20.39,7,OK,0.1
2026-02-19T09:53:38.427Z,7,20.73,8,OK,0.1
2026-02-19T09:53:38.612Z,8,35.15,6,SATURATED,0.1
2026-02-19T09:53:38.663Z,6,35.19,5,SATURATED,0.1
2026-02-19T09:53:38.714Z,6,35.18,5,SATURATED,0.1
2026-02-19T09:53:38.764Z,6,35.11,5,SATURATED,0.1
2026-02-19T09:53:38.815Z,6,34.76,5,SATURATED,0.1
2026-02-19T09:53:38.865Z,6,20.30,6,SATURATED,0.1
2026-02-19T09:53:38.916Z,6,20.32,7,OK,0.1
2026-02-19T09:53:38.966Z,6,20.33,8,OK,0.1
2026-02-19T09:53:39.016Z,8,20.29,9,OK,0.1
2026-02-19T09:53:39.254Z,9,61.84,5,SATURATED,0.1
2026-02-19T09:53:39.305Z,8,58.00,5,SATURATED,0.1
2026-02-19T09:53:39.355Z,7,57.95,5,SATURATED,0.1
2026-02-19T09:53:39.405Z,7,58.09,5,SATURATED,0.1
2026-02-19T09:53:39.456Z,7,58.19,5,SATURATED,0.1
2026-02-19T09:53:39.507Z,7,16.63,6,SATURATED,0.1
2026-02-19T09:53:39.557Z,7,20.49,7,SATURATED,0.1
2026-02-19T09:53:39.608Z,7,20.45,8,OK,0.1
2026-02-19T09:53:39.753Z,8,35.23,6,SATURATED,0.1
2026-02-19T09:53:39.803Z,7,31.11,5,SATURATED,0.1
2026-02-19T09:53:39.854Z,7,31.07,5,SATURATED,0.1
2026-02-19T09:53:39.905Z,7,31.07,5,SATURATED,0.1
2026-02-19T09:53:39.954Z,7,31.12,5,SATURATED,0.1
2026-02-19T09:53:40.005Z,6,16.13,6,SATURATED,0.1
2026-02-19T09:53:40.055Z,6,21.33,7,OK,0.1
2026-02-19T09:53:40.104Z,4,21.39,8,OK,0.1
2026-02-19T09:53:40.155Z,4,21.37,9,OK,0.1
2026-02-19T09:53:40.204Z,4,21.34,10,OK,0.1
2026-02-19T09:53:40.254Z,5,21.40,11,OK,0.1
2026-02-19T09:53:40.563Z,11,68.00,6,SATURATED,0.1
2026-02-19T09:53:40.695Z,5,80.35,5,SATURATED,0.1
2026-02-19T09:53:40.746Z,4,80.34,5,OK,0.1
2026-02-19T09:53:40.801Z,5,80.90,5,SATURATED,0.1
2026-02-19T09:53:40.852Z,5,80.86,5,SATURATED,0.1
2026-02-19T09:53:40.902Z,5,33.11,5,SATURATED,0.1
2026-02-19T09:53:40.952Z,5,20.80,6,OK,0.1
2026-02-19T09:53:41.002Z,6,20.81,7,OK,0.1
2026-02-19T09:53:41.133Z,5,32.22,6,OK,0.1
2026-02-19T09:53:41.183Z,3,32.71,5,OK,0.1
2026-02-19T09:53:41.234Z,3,32.72,5,OK,0.1
2026-02-19T09:53:41.284Z,3,32.70,5,OK,0.1
2026-02-19T09:53:41.334Z,3,32.74,5,OK,0.1
2026-02-19T09:53:41.385Z,3,20.81,6,OK,0.1
2026-02-19T09:53:41.499Z,3,35.69,5,OK,0.1
2026-02-19T09:53:41.548Z,3,35.65,5,OK,0.1
2026-02-19T09:53:41.601Z,5,35.49,5,SATURATED,0.1
2026-02-19T09:53:41.658Z,5,36.12,5,SATURATED,0.1
2026-02-19T09:53:41.709Z,5,36.03,5,SATURATED,0.1
2026-02-19T09:53:41.760Z,5,20.67,6,OK,0.1
2026-02-19T09:53:41.993Z,6,63.00,5,SATURATED,0.1
2026-02-19T09:53:42.043Z,5,59.10,5,SATURATED,0.1
2026-02-19T09:53:42.093Z,5,58.44,5,SATURATED,0.1
2026-02-19T09:53:42.145Z,5,58.50,5,SATURATED,0.1
2026-02-19T09:53:42.195Z,5,58.52,5,SATURATED,0.1
2026-02-19T09:53:42.246Z,5,16.24,6,OK,0.1
2026-02-19T09:53:42.296Z,5,20.30,7,OK,0.1
2026-02-19T09:53:42.345Z,5,20.33,8,OK,0.1
2026-02-19T09:53:42.399Z,5,20.33,9,OK,0.1
2026-02-19T09:53:42.450Z,5,20.25,10,OK,0.1
2026-02-19T09:53:42.500Z,5,20.21,11,OK,0.1
2026-02-19T09:53:42.550Z,6,20.23,12,OK,0.1
2026-02-19T09:53:42.899Z,7,83.76,6,SATURATED,0.1
2026-02-19T09:53:43.298Z,6,149.72,5,SATURATED,0.4
2026-02-19T09:53:43.457Z,5,167.53,5,SATURATED,0.4
2026-02-19T09:53:43.508Z,5,167.63,5,SATURATED,0.4
2026-02-19T09:53:43.558Z,5,167.58,5,SATURATED,0.4
2026-02-19T09:53:43.609Z,3,103.99,5,OK,0.1
2026-02-19T09:53:43.659Z,3,38.02,5,OK,0.1
2026-02-19T09:53:43.710Z,3,20.32,6,OK,0.1
2026-02-19T09:53:43.760Z,3,20.23,7,OK,0.1
2026-02-19T09:53:43.810Z,3,20.24,8,OK,0.1
2026-02-19T09:53:43.859Z,3,20.26,9,OK,0.1
2026-02-19T09:53:43.911Z,8,20.21,10,OK,0.1
2026-02-19T09:53:44.171Z,10,58.11,6,SATURATED,0.1
2026-02-19T09:53:44.330Z,6,75.87,5,SATURATED,0.1
2026-02-19T09:53:44.450Z,6,85.82,5,SATURATED,0.1
2026-02-19T09:53:44.536Z,6,88.98,5,SATURATED,0.1
2026-02-19T09:53:44.868Z,4,89.02,5,OK,0.1
2026-02-19T09:53:44.918Z,3,51.08,5,OK,0.1
2026-02-19T09:53:45.065Z,4,48.68,5,OK,0.1
2026-02-19T09:53:45.115Z,4,38.72,5,OK,0.1
2026-02-19T09:53:45.165Z,4,35.55,5,OK,0.1
2026-02-19T09:53:45.215Z,5,35.65,5,SATURATED,0.1
2026-02-19T09:53:45.266Z,5,35.56,5,SATURATED,0.1
2026-02-19T09:53:45.316Z,5,20.30,6,OK,0.1
2026-02-19T09:53:45.369Z,6,23.22,7,OK,0.1
2026-02-19T09:53:45.445Z,7,23.46,8,OK,0.1
2026-02-19T09:53:45.545Z,8,27.25,7,SATURATED,0.1
2026-02-19T09:53:45.761Z,7,66.39,5,SATURATED,0.1
2026-02-19T09:53:45.811Z,5,66.32,5,SATURATED,0.1
2026-02-19T09:53:45.861Z,5,63.45,5,SATURATED,0.1
2026-02-19T09:53:45.911Z,4,63.25,5,OK,0.1
2026-02-19T09:53:45.961Z,4,59.47,5,OK,0.1
2026-02-19T09:53:46.011Z,4,20.37,6,OK,0.1
2026-02-19T09:53:46.061Z,4,20.36,7,OK,0.1
2026-02-19T09:53:46.111Z,4,20.38,8,OK,0.1
2026-02-19T09:53:46.163Z,4,20.38,9,OK,0.1
2026-02-19T09:53:46.295Z,9,28.78,8,SATURATED,0.1
2026-02-19T09:53:46.347Z,8,25.16,7,SATURATED,0.1
2026-02-19T09:53:46.399Z,7,25.02,6,SATURATED,0.1
2026-02-19T09:53:46.450Z,6,24.87,7,OK,0.1
2026-02-19T09:53:46.499Z,7,25.08,6,SATURATED,0.1
2026-02-19T09:53:46.552Z,7,16.63,7,SATURATED,0.1
2026-02-19T09:53:46.601Z,7,20.30,8,OK,0.1
2026-02-19T09:53:46.652Z,7,20.41,9,OK,0.1
2026-02-19T09:53:46.701Z,7,20.54,10,OK,0.1
2026-02-19T09:53:46.765Z,10,20.98,11,OK,0.1
2026-02-19T09:53:46.814Z,8,24.37,12,OK,0.1
2026-02-19T09:53:46.865Z,8,24.35,13,OK,0.1
2026-02-19T09:53:46.916Z,9,24.51,14,OK,0.1
2026-02-19T09:53:46.966Z,9,24.43,15,OK,0.1
2026-02-19T09:53:47.016Z,9,23.73,16,OK,0.1
2026-02-19T09:53:47.065Z,9,20.34,17,OK,0.1
2026-02-19T09:53:47.186Z,8,30.49,16,OK,0.1
2026-02-19T09:53:47.428Z,10,64.69,12,OK,0.1
2026-02-19T09:53:47.794Z,12,123.90,5,SATURATED,0.1
2026-02-19T09:53:47.891Z,10,129.27,5,SATURATED,0.4
2026-02-19T09:53:47.941Z,9,129.22,5,SATURATED,0.4
2026-02-19T09:53:47.992Z,9,119.05,5,SATURATED,0.1
2026-02-19T09:53:48.042Z,9,84.71,5,SATURATED,0.1
2026-02-19T09:53:48.093Z,9,25.57,5,SATURATED,0.1
2026-02-19T09:53:48.143Z,9,20.20,6,SATURATED,0.1
2026-02-19T09:53:48.194Z,8,20.26,7,SATURATED,0.1
2026-02-19T09:53:48.245Z,8,20.34,8,SATURATED,0.1
2026-02-19T09:53:48.295Z,8,20.34,9,OK,0.1
2026-02-19T09:53:48.345Z,8,20.41,10,OK,0.1
2026-02-19T09:53:48.395Z,7,20.51,11,OK,0.1
2026-02-19T09:53:48.444Z,6,20.54,12,OK,0.1
2026-02-19T09:53:48.495Z,5,20.47,13,OK,0.1
2026-02-19T09:53:48.545Z,5,20.41,14,OK,0.1
2026-02-19T09:53:48.596Z,5,20.14,15,OK,0.1
2026-02-19T09:53:48.753Z,7,20.10,16,OK,0.1
2026-02-19T09:53:48.822Z,16,29.59,15,SATURATED,0.1
2026-02-19T09:53:49.025Z,15,56.14,11,SATURATED,0.1
2026-02-19T09:53:49.355Z,11,108.15,5,SATURATED,0.1
2026-02-19T09:53:49.405Z,6,104.28,5,SATURATED,0.1
2026-02-19T09:53:49.456Z,6,104.21,5,SATURATED,0.1
2026-02-19T09:53:49.506Z,6,94.66,5,SATURATED,0.1
2026-02-19T09:53:49.557Z,6,68.11,5,SATURATED,0.1
2026-02-19T09:53:49.607Z,6,16.17,6,SATURATED,0.1
2026-02-19T09:53:49.658Z,5,20.24,7,OK,0.1
2026-02-19T09:53:49.708Z,5,20.29,8,OK,0.1
2026-02-19T09:53:49.759Z,5,20.32,9,OK,0.1
2026-02-19T09:53:49.822Z,9,25.57,8,SATURATED,0.1
2026-02-19T09:53:49.972Z,8,41.50,6,SATURATED,0.1
2026-02-19T09:53:50.050Z,6,42.20,5,SATURATED,0.1
2026-02-19T09:53:50.099Z,5,47.95,5,SATURATED,0.1
2026-02-19T09:53:50.152Z,5,48.16,5,SATURATED,0.1
2026-02-19T09:53:50.202Z,5,42.88,5,SATURATED,0.1
2026-02-19T09:53:50.251Z,5,26.93,5,SATURATED,0.1
2026-02-19T09:53:50.309Z,5,26.20,5,SATURATED,0.1
2026-02-19T09:53:50.386Z,5,23.83,6,OK,0.1
2026-02-19T09:53:50.435Z,5,23.59,7,OK,0.1
2026-02-19T09:53:50.485Z,5,23.61,8,OK,0.1
2026-02-19T09:53:50.536Z,5,23.63,9,OK,0.1
2026-02-19T09:53:50.587Z,5,23.67,10,OK,0.1
2026-02-19T09:53:50.637Z,5,20.28,11,OK,0.1
2026-02-19T09:53:50.688Z,3,20.31,12,OK,0.1
2026-02-19T09:53:50.738Z,3,20.34,13,OK,0.1
2026-02-19T09:53:50.906Z,3,47.27,10,OK,0.1
2026-02-19T09:53:51.154Z,10,82.80,5,SATURATED,0.1
2026-02-19T09:53:51.305Z,3,98.93,5,OK,0.1
2026-02-19T09:53:51.373Z,5,98.47,5,SATURATED,0.1
2026-02-19T09:53:51.430Z,5,105.58,5,SATURATED,0.1
2026-02-19T09:53:51.479Z,4,74.58,5,OK,0.1
2026-02-19T09:53:51.530Z,4,39.03,5,OK,0.1
2026-02-19T09:53:51.580Z,4,22.94,6,OK,0.1
2026-02-19T09:53:51.630Z,4,23.39,7,OK,0.1
2026-02-19T09:53:51.905Z,4,65.75,5,OK,0.1
2026-02-19T09:53:51.955Z,4,69.80,5,OK,0.1
2026-02-19T09:53:52.005Z,4,69.75,5,OK,0.1
2026-02-19T09:53:52.055Z,4,69.69,5,OK,0.1
2026-02-19T09:53:52.106Z,4,69.75,5,OK,0.1
2026-02-19T09:53:52.403Z,5,65.61,5,SATURATED,0.1
2026-02-19T09:53:52.672Z,5,105.36,5,SATURATED,0.1
2026-02-19T09:53:52.771Z,5,111.17,5,SATURATED,0.1
2026-02-19T09:53:52.821Z,4,111.15,5,OK,0.1
2026-02-19T09:53:52.871Z,4,111.13,5,OK,0.1
2026-02-19T09:53:52.922Z,4,65.70,5,OK,0.1
2026-02-19T09:53:52.972Z,4,25.95,5,OK,0.1
2026-02-19T09:53:53.021Z,4,20.23,6,OK,0.1
2026-02-19T09:53:53.072Z,4,20.23,7,OK,0.1
2026-02-19T09:53:53.368Z,6,45.66,5,SATURATED,0.1
2026-02-19T09:53:53.537Z,1,71.28,5,OK,0.1
2026-02-19T09:53:53.610Z,5,71.82,5,SATURATED,0.1
2026-02-19T09:53:53.672Z,5,70.15,5,SATURATED,0.1
2026-02-19T09:53:53.900Z,5,111.67,5,SATURATED,0.1
2026-02-19T09:53:53.957Z,5,83.56,5,SATURATED,0.1
2026-02-19T09:53:54.008Z,4,58.02,5,OK,0.1
2026-02-19T09:53:54.059Z,4,57.49,5,OK,0.1
2026-02-19T09:53:54.109Z,4,59.08,5,OK,0.1
2026-02-19T09:53:54.222Z,4,26.31,5,OK,0.1
2026-02-19T09:53:54.272Z,4,28.93,5,OK,0.1
2026-02-19T09:53:54.323Z,4,28.96,5,OK,0.1
2026-02-19T09:53:54.374Z,5,28.89,5,SATURATED,0.1
2026-02-19T09:53:54.424Z,5,28.98,5,SATURATED,0.1
2026-02-19T09:53:54.474Z,5,20.24,6,OK,0.1
2026-02-19T09:53:54.524Z,5,20.27,7,OK,0.1
2026-02-19T09:53:54.575Z,7,20.20,8,OK,0.1
2026-02-19T09:53:54.734Z,8,38.00,6,SATURATED,0.1
2026-02-19T09:53:54.801Z,7,37.32,5,SATURATED,0.1
2026-02-19T09:53:54.852Z,7,37.32,5,SATURATED,0.1
2026-02-19T09:53:54.905Z,7,39.56,5,SATURATED,0.1
2026-02-19T09:53:54.966Z,7,44.43,5,SATURATED,0.1
2026-02-19T09:53:55.016Z,7,26.76,5,SATURATED,0.1
2026-02-19T09:53:55.067Z,7,27.52,5,SATURATED,0.1
2026-02-19T09:53:55.117Z,6,27.55,5,SATURATED,0.1
2026-02-19T09:53:55.166Z,6,25.42,5,SATURATED,0.1
2026-02-19T09:53:55.217Z,6,20.60,6,SATURATED,0.1
2026-02-19T09:53:55.268Z,6,20.52,7,OK,0.1
2026-02-19T09:53:55.318Z,6,20.42,8,OK,0.1
2026-02-19T09:53:55.368Z,6,20.48,9,OK,0.1
2026-02-19T09:53:55.418Z,7,20.26,10,OK,0.1
2026-02-19T09:53:55.467Z,7,20.31,11,OK,0.1
2026-02-19T09:53:55.518Z,7,20.34,12,OK,0.1
2026-02-19T09:53:55.632Z,8,27.30,11,OK,0.1
2026-02-19T09:53:55.683Z,8,27.20,10,OK,0.1
2026-02-19T09:53:55.733Z,8,27.30,9,OK,0.1
2026-02-19T09:53:55.785Z,9,27.37,8,SATURATED,0.1
2026-02-19T09:53:55.836Z,9,27.37,7,SATURATED,0.1
2026-02-19T09:53:55.885Z,9,20.37,8,SATURATED,0.1
2026-02-19T09:53:55.935Z,9,20.35,9,SATURATED,0.1
2026-02-19T09:53:55.986Z,9,21.05,10,OK,0.1
2026-02-19T09:53:56.102Z,10,30.07,9,SATURATED,0.1
2026-02-19T09:53:56.152Z,8,30.05,8,SATURATED,0.1
2026-02-19T09:53:56.203Z,8,30.11,7,SATURATED,0.1
2026-02-19T09:53:56.254Z,8,30.10,6,SATURATED,0.1
2026-02-19T09:53:56.305Z,8,29.46,5,SATURATED,0.1
2026-02-19T09:53:56.355Z,8,20.33,6,SATURATED,0.1
2026-02-19T09:53:56.405Z,7,20.28,7,SATURATED,0.1
2026-02-19T09:53:56.456Z,7,20.28,8,OK,0.1
2026-02-19T09:53:56.507Z,7,20.29,9,OK,0.1
2026-02-19T09:53:56.557Z,5,20.24,10,OK,0.1
2026-02-19T09:53:56.608Z,5,20.27,11,OK,0.1
2026-02-19T09:53:56.671Z,11,21.75,12,OK,0.1
2026-02-19T09:53:56.801Z,5,42.58,10,OK,0.1
2026-02-19T09:53:56.858Z,10,39.94,8,SATURATED,0.1
2026-02-19T09:53:57.047Z,8,63.69,5,SATURATED,0.1
2026-02-19T09:53:57.108Z,7,71.77,5,SATURATED,0.1
2026-02-19T09:53:57.159Z,7,70.21,5,SATURATED,0.1
2026-02-19T09:53:57.210Z,7,49.38,5,SATURATED,0.1
2026-02-19T09:53:57.260Z,7,51.91,5,SATURATED,0.1
2026-02-19T09:53:57.310Z,7,28.14,5,SATURATED,0.1
2026-02-19T09:53:57.360Z,7,19.96,6,SATURATED,0.1
2026-02-19T09:53:57.410Z,6,20.01,7,OK,0.1
2026-02-19T09:53:57.460Z,6,19.93,8,OK,0.1
2026-02-19T09:53:57.509Z,6,20.05,9,OK,0.1
2026-02-19T09:53:57.559Z,6,20.07,10,OK,0.1
2026-02-19T09:53:57.610Z,6,20.16,11,OK,0.1
2026-02-19T09:53:57.837Z,10,20.19,12,OK,0.1
2026-02-19T09:53:58.391Z,12,126.35,5,SATURATED,0.4
2026-02-19T09:53:58.507Z,5,135.69,5,SATURATED,0.4
2026-02-19T09:53:58.558Z,5,135.69,5,SATURATED,0.4
2026-02-19T09:53:58.608Z,5,135.69,5,SATURATED,0.4
2026-02-19T09:53:58.657Z,5,135.74,5,SATURATED,0.4
2026-02-19T09:53:58.708Z,5,29.64,5,SATURATED,0.1
2026-02-19T09:53:58.759Z,5,20.30,6,OK,0.1
2026-02-19T09:53:58.810Z,4,20.32,7,OK,0.1
2026-02-19T09:53:58.935Z,4,28.63,6,OK,0.1
2026-02-19T09:53:58.987Z,5,28.65,5,SATURATED,0.1
2026-02-19T09:53:59.037Z,5,28.59,5,SATURATED,0.1
2026-02-19T09:53:59.087Z,4,28.57,5,OK,0.1
2026-02-19T09:53:59.137Z,4,28.52,5,OK,0.1
2026-02-19T09:53:59.187Z,4,20.21,6,OK,0.1
2026-02-19T09:53:59.237Z,4,20.25,7,OK,0.1
2026-02-19T09:53:59.288Z,4,20.32,8,OK,0.1
2026-02-19T09:53:59.337Z,5,20.31,9,OK,0.1
2026-02-19T09:53:59.449Z,7,28.70,8,OK,0.1
2026-02-19T09:53:59.575Z,8,39.81,6,SATURATED,0.1
2026-02-19T09:53:59.673Z,6,45.30,5,SATURATED,0.1
2026-02-19T09:53:59.724Z,4,45.27,5,OK,0.1
2026-02-19T09:53:59.774Z,4,45.18,5,OK,0.1
2026-02-19T09:53:59.825Z,4,36.78,5,OK,0.1
2026-02-19T09:53:59.875Z,4,25.67,5,OK,0.1
2026-02-19T09:53:59.925Z,4,20.16,6,OK,0.1
2026-02-19T09:53:59.974Z,4,20.27,7,OK,0.1
2026-02-19T09:54:00.025Z,4,20.45,8,OK,0.1
2026-02-19T09:54:00.076Z,4,20.63,9,OK,0.1
2026-02-19T09:54:00.127Z,4,20.50,10,OK,0.1
2026-02-19T09:54:00.177Z,4,20.44,11,OK,0.1
2026-02-19T09:54:00.227Z,3,20.43,12,OK,0.1
2026-02-19T09:54:00.278Z,3,20.36,13,OK,0.1
2026-02-19T09:54:00.327Z,3,20.27,14,OK,0.1
2026-02-19T09:54:00.378Z,3,20.39,15,OK,0.1
2026-02-19T09:54:00.429Z,3,20.45,16,OK,0.1
2026-02-19T09:54:00.561Z,4,39.73,14,OK,0.1
2026-02-19T09:54:01.065Z,14,126.47,5,SATURATED,0.4
2026-02-19T09:54:01.175Z,5,134.39,5,SATURATED,0.4
2026-02-19T09:54:01.225Z,2,134.26,5,OK,0.4
2026-02-19T09:54:01.275Z,2,134.22,5,OK,0.4
2026-02-19T09:54:01.326Z,2,114.90,5,OK,0.1
2026-02-19T09:54:01.376Z,2,28.15,5,OK,0.1
2026-02-19T09:54:01.427Z,2,20.17,6,OK,0.1
2026-02-19T09:54:01.477Z,1,20.33,7,OK,0.1
2026-02-19T09:54:01.527Z,1,20.35,8,OK,0.1
2026-02-19T09:54:01.578Z,1,20.29,9,OK,0.1
2026-02-19T09:54:01.628Z,1,20.39,10,OK,0.1
2026-02-19T09:54:01.678Z,1,20.44,11,OK,0.1
2026-02-19T09:54:01.728Z,1,20.35,12,OK,0.1
2026-02-19T09:54:01.778Z,1,20.34,13,OK,0.1
2026-02-19T09:54:01.827Z,1,20.39,14,OK,0.1
2026-02-19T09:54:01.878Z,1,20.30,15,OK,0.1
2026-02-19T09:54:01.928Z,1,20.27,16,OK,0.1
2026-02-19T09:54:02.112Z,11,20.34,17,OK,0.1
2026-02-19T09:54:02.316Z,17,57.01,13,SATURATED,0.1
2026-02-19T09:54:02.829Z,13,145.72,5,SATURATED,0.4
2026-02-19T09:54:02.880Z,4,145.71,5,OK,0.4
2026-02-19T09:54:02.930Z,4,145.71,5,OK,0.4
2026-02-19T09:54:02.979Z,4,145.69,5,OK,0.4
2026-02-19T09:54:03.030Z,4,109.08,5,OK,0.1
2026-02-19T09:54:03.080Z,4,20.32,6,OK,0.1
2026-02-19T09:54:03.132Z,6,20.34,7,OK,0.1
2026-02-19T09:54:03.316Z,7,34.52,6,SATURATED,0.1
2026-02-19T09:54:03.641Z,6,85.43,5,SATURATED,0.1
2026-02-19T09:54:03.692Z,5,85.40,5,SATURATED,0.1
2026-02-19T09:54:03.742Z,5,85.39,5,SATURATED,0.1
2026-02-19T09:54:03.798Z,5,85.69,5,SATURATED,0.1
2026-02-19T09:54:03.875Z,5,72.05,5,SATURATED,0.1
2026-02-19T09:54:03.926Z,5,21.15,6,OK,0.1
2026-02-19T09:54:03.976Z,5,21.13,7,OK,0.1
2026-02-19T09:54:04.026Z,3,21.07,8,OK,0.1
2026-02-19T09:54:04.076Z,3,20.80,9,OK,0.1
2026-02-19T09:54:04.631Z,3,20.32,10,OK,0.1
2026-02-19T09:54:04.981Z,10,85.93,5,SATURATED,0.1
2026-02-19T09:54:05.247Z,5,125.06,5,SATURATED,0.4
2026-02-19T09:54:05.297Z,3,125.06,5,OK,0.4
2026-02-19T09:54:05.348Z,3,125.02,5,OK,0.4
2026-02-19T09:54:05.398Z,3,125.00,5,OK,0.1
2026-02-19T09:54:05.449Z,3,59.32,5,OK,0.1
2026-02-19T09:54:05.499Z,3,20.18,6,OK,0.1
2026-02-19T09:54:05.549Z,3,20.26,7,OK,0.1
2026-02-19T09:54:05.598Z,3,20.26,8,OK,0.1
2026-02-19T09:54:05.649Z,3,20.22,9,OK,0.1
2026-02-19T09:54:05.975Z,6,71.39,5,SATURATED,0.1
2026-02-19T09:54:06.226Z,4,107.53,5,OK,0.1
2026-02-19T09:54:06.336Z,5,125.40,5,SATURATED,0.4
2026-02-19T09:54:06.555Z,5,155.14,5,SATURATED,0.4
2026-02-19T09:54:06.604Z,3,155.15,5,OK,0.4
2026-02-19T09:54:06.655Z,2,104.01,5,OK,0.1
2026-02-19T09:54:06.705Z,2,68.08,5,OK,0.1
2026-02-19T09:54:06.756Z,2,50.22,5,OK,0.1
2026-02-19T09:54:06.806Z,2,20.47,6,OK,0.1
2026-02-19T09:54:06.856Z,2,20.49,7,OK,0.1
2026-02-19T09:54:06.906Z,2,20.48,8,OK,0.1
2026-02-19T09:54:06.956Z,2,20.27,9,OK,0.1
2026-02-19T09:54:07.230Z,8,20.28,10,OK,0.1
2026-02-19T09:54:07.375Z,10,45.07,7,SATURATED,0.1
2026-02-19T09:54:07.490Z,7,54.01,5,SATURATED,0.1
2026-02-19T09:54:07.540Z,3,54.00,5,OK,0.1
2026-02-19T09:54:07.738Z,3,79.55,5,OK,0.1
2026-02-19T09:54:07.789Z,3,79.60,5,OK,0.1
2026-02-19T09:54:07.839Z,3,54.79,5,OK,0.1
2026-02-19T09:54:07.891Z,3,45.85,5,OK,0.1
2026-02-19T09:54:07.941Z,3,45.78,5,OK,0.1
2026-02-19T09:54:08.115Z,3,20.23,6,OK,0.1
2026-02-19T09:54:08.165Z,3,20.14,7,OK,0.1
2026-02-19T09:54:08.215Z,3,20.14,8,OK,0.1
2026-02-19T09:54:08.383Z,5,49.59,5,SATURATED,0.1
2026-02-19T09:54:08.578Z,5,74.62,5,SATURATED,0.1
2026-02-19T09:54:08.680Z,5,80.98,5,SATURATED,0.1
2026-02-19T09:54:08.730Z,2,81.12,5,OK,0.1
2026-02-19T09:54:08.780Z,2,81.28,5,OK,0.1
2026-02-19T09:54:08.830Z,2,51.83,5,OK,0.1
2026-02-19T09:54:08.880Z,2,26.89,5,OK,0.1
2026-02-19T09:54:08.931Z,2,20.56,6,OK,0.1
2026-02-19T09:54:08.981Z,2,20.48,7,OK,0.1
2026-02-19T09:54:09.031Z,1,20.28,8,OK,0.1
2026-02-19T09:54:09.083Z,1,20.27,9,OK,0.1
2026-02-19T09:54:09.223Z,1,29.99,8,OK,0.1
2026-02-19T09:54:09.775Z,6,126.32,5,SATURATED,0.4
2026-02-19T09:54:10.518Z,4,270.77,5,OK,0.4
2026-02-19T09:54:10.568Z,1,270.80,5,OK,0.4
2026-02-19T09:54:10.618Z,1,270.81,5,OK,0.4
2026-02-19T09:54:10.668Z,1,261.08,5,OK,0.4
2026-02-19T09:54:10.718Z,1,164.84,5,OK,0.4
2026-02-19T09:54:10.768Z,1,20.34,6,OK,0.1
2026-02-19T09:54:10.827Z,6,20.72,7,OK,0.1
2026-02-19T09:54:11.050Z,7,21.37,8,OK,0.1
2026-02-19T09:54:11.163Z,8,39.88,6,SATURATED,0.1
2026-02-19T09:54:11.213Z,2,39.75,5,OK,0.1
2026-02-19T09:54:11.263Z,2,39.78,5,OK,0.1
2026-02-19T09:54:11.314Z,2,39.45,5,OK,0.1
2026-02-19T09:54:11.364Z,2,38.61,5,OK,0.1
2026-02-19T09:54:11.414Z,2,20.04,6,OK,0.1
2026-02-19T09:54:11.464Z,2,20.05,7,OK,0.1
2026-02-19T09:54:11.515Z,2,20.09,8,OK,0.1
2026-02-19T09:54:11.634Z,4,30.00,7,OK,0.1
2026-02-19T09:54:11.684Z,4,30.18,6,OK,0.1
2026-02-19T09:54:11.734Z,4,30.26,5,OK,0.1
2026-02-19T09:54:11.889Z,3,30.26,5,OK,0.1
2026-02-19T09:54:11.949Z,5,38.14,5,SATURATED,0.1
2026-02-19T09:54:11.999Z,4,28.20,5,OK,0.1
2026-02-19T09:54:12.051Z,5,28.43,5,SATURATED,0.1
2026-02-19T09:54:12.124Z,5,28.97,5,SATURATED,0.1
2026-02-19T09:54:12.210Z,5,42.00,5,SATURATED,0.1
2026-02-19T09:54:12.274Z,5,32.83,5,SATURATED,0.1
2026-02-19T09:54:12.325Z,5,32.86,5,SATURATED,0.1
2026-02-19T09:54:12.375Z,5,32.85,5,SATURATED,0.1
2026-02-19T09:54:12.425Z,5,32.31,5,SATURATED,0.1
2026-02-19T09:54:12.475Z,5,19.27,6,OK,0.1
2026-02-19T09:54:12.644Z,6,20.55,7,OK,0.1
2026-02-19T09:54:12.694Z,5,20.54,8,OK,0.1
2026-02-19T09:54:12.744Z,5,20.36,9,OK,0.1
2026-02-19T09:54:12.795Z,5,20.41,10,OK,0.1
2026-02-19T09:54:12.845Z,4,20.39,11,OK,0.1
2026-02-19T09:54:12.896Z,8,20.39,12,OK,0.1
2026-02-19T09:54:12.997Z,12,26.50,11,SATURATED,0.1
2026-02-19T09:54:13.072Z,11,27.41,10,SATURATED,0.1
2026-02-19T09:54:13.150Z,10,38.93,8,SATURATED,0.1
2026-02-19T09:54:13.250Z,8,44.90,6,SATURATED,0.1
2026-02-19T09:54:13.361Z,8,53.03,5,SATURATED,0.1
2026-02-19T09:54:13.411Z,8,50.66,5,SATURATED,0.1
2026-02-19T09:54:13.462Z,8,49.69,5,SATURATED,0.1
2026-02-19T09:54:13.512Z,8,38.06,5,SATURATED,0.1
2026-02-19T09:54:13.562Z,6,32.12,5,SATURATED,0.1
2026-02-19T09:54:13.612Z,6,23.93,6,SATURATED,0.1
2026-02-19T09:54:13.663Z,6,20.16,7,OK,0.1
2026-02-19T09:54:13.713Z,6,20.19,8,OK,0.1
2026-02-19T09:54:13.764Z,6,20.27,9,OK,0.1
2026-02-19T09:54:13.815Z,6,20.24,10,OK,0.1
2026-02-19T09:54:13.865Z,6,20.28,11,OK,0.1
2026-02-19T09:54:13.915Z,5,20.44,12,OK,0.1
2026-02-19T09:54:13.978Z,12,25.75,11,SATURATED,0.1
2026-02-19T09:54:14.050Z,10,26.07,10,SATURATED,0.1
2026-02-19T09:54:14.108Z,10,28.76,9,SATURATED,0.1
2026-02-19T09:54:14.158Z,9,34.60,8,SATURATED,0.1
2026-02-19T09:54:14.224Z,8,33.58,7,SATURATED,0.1
2026-02-19T09:54:14.301Z,7,29.61,6,SATURATED,0.1
2026-02-19T09:54:14.385Z,6,32.01,5,SATURATED,0.1
2026-02-19T09:54:14.483Z,6,34.90,5,SATURATED,0.1
2026-02-19T09:54:14.534Z,6,28.86,5,SATURATED,0.1
2026-02-19T09:54:14.585Z,6,29.79,5,SATURATED,0.1
2026-02-19T09:54:14.636Z,6,28.37,5,SATURATED,0.1
2026-02-19T09:54:14.686Z,6,25.60,5,SATURATED,0.1
2026-02-19T09:54:14.736Z,6,20.07,6,SATURATED,0.1
2026-02-19T09:54:14.786Z,6,20.27,7,OK,0.1
2026-02-19T09:54:14.836Z,6,20.18,8,OK,0.1
2026-02-19T09:54:14.886Z,6,20.27,9,OK,0.1
2026-02-19T09:54:14.936Z,4,20.19,10,OK,0.1
2026-02-19T09:54:15.202Z,9,20.18,11,OK,0.1
2026-02-19T09:54:15.319Z,11,38.85,9,SATURATED,0.1
2026-02-19T09:54:15.413Z,9,43.62,7,SATURATED,0.1
2026-02-19T09:54:15.533Z,7,53.54,5,SATURATED,0.1
2026-02-19T09:54:15.627Z,5,68.25,5,SATURATED,0.1
2026-02-19T09:54:15.891Z,5,68.23,5,SATURATED,0.1
2026-02-19T09:54:16.088Z,4,65.16,5,OK,0.1
2026-02-19T09:54:16.138Z,2,60.41,5,OK,0.1
2026-02-19T09:54:16.189Z,2,50.46,5,OK,0.1
2026-02-19T09:54:16.516Z,4,93.33,5,OK,0.1
2026-02-19T09:54:16.769Z,5,129.89,5,SATURATED,0.4
2026-02-19T09:54:16.891Z,5,124.63,5,SATURATED,0.1
2026-02-19T09:54:16.949Z,4,125.02,5,OK,0.4
2026-02-19T09:54:16.999Z,3,124.97,5,OK,0.1
2026-02-19T09:54:17.050Z,3,67.49,5,OK,0.1
2026-02-19T09:54:17.100Z,3,31.03,5,OK,0.1
2026-02-19T09:54:17.269Z,3,40.43,5,OK,0.1
2026-02-19T09:54:17.319Z,2,40.05,5,OK,0.1
2026-02-19T09:54:17.371Z,2,40.10,5,OK,0.1
2026-02-19T09:54:17.421Z,2,40.05,5,OK,0.1
2026-02-19T09:54:17.471Z,2,39.95,5,OK,0.1
2026-02-19T09:54:17.635Z,2,20.18,6,OK,0.1
2026-02-19T09:54:17.844Z,6,25.44,5,SATURATED,0.1
2026-02-19T09:54:17.927Z,5,37.85,5,SATURATED,0.1
2026-02-19T09:54:18.087Z,5,56.05,5,SATURATED,0.1
2026-02-19T09:54:18.137Z,5,56.07,5,SATURATED,0.1
2026-02-19T09:54:18.187Z,5,56.08,5,SATURATED,0.1
2026-02-19T09:54:18.237Z,3,50.79,5,OK,0.1
2026-02-19T09:54:18.365Z,3,38.40,5,OK,0.1
2026-02-19T09:54:18.463Z,5,35.66,5,SATURATED,0.1
2026-02-19T09:54:18.513Z,3,35.67,5,OK,0.1
2026-02-19T09:54:18.563Z,3,35.70,5,OK,0.1
2026-02-19T09:54:18.614Z,3,35.75,5,OK,0.1
2026-02-19T09:54:18.744Z,5,55.38,5,SATURATED,0.1
2026-02-19T09:54:18.894Z,4,55.92,5,OK,0.1
2026-02-19T09:54:18.980Z,5,59.04,5,SATURATED,0.1
2026-02-19T09:54:19.066Z,5,62.18,5,SATURATED,0.1
2026-02-19T09:54:19.236Z,5,75.12,5,SATURATED,0.1
2026-02-19T09:54:19.286Z,4,55.47,5,OK,0.1
2026-02-19T09:54:19.336Z,4,39.55,5,OK,0.1
2026-02-19T09:54:19.386Z,4,36.42,5,OK,0.1
2026-02-19T09:54:19.437Z,4,33.29,5,OK,0.1
2026-02-19T09:54:19.487Z,4,20.32,6,OK,0.1
2026-02-19T09:54:19.537Z,4,20.29,7,OK,0.1
2026-02-19T09:54:19.587Z,4,20.26,8,OK,0.1
2026-02-19T09:54:19.637Z,4,20.24,9,OK,0.1
2026-02-19T09:54:19.688Z,4,20.32,10,OK,0.1
2026-02-19T09:54:19.739Z,4,20.33,11,OK,0.1
2026-02-19T09:54:19.790Z,4,20.31,12,OK,0.1
2026-02-19T09:54:19.841Z,4,20.37,13,OK,0.1
2026-02-19T09:54:19.951Z,5,37.50,11,OK,0.1
2026-02-19T09:54:20.033Z,11,39.76,9,SATURATED,0.1
2026-02-19T09:54:20.388Z,9,96.71,5,SATURATED,0.1
2026-02-19T09:54:20.439Z,4,100.82,5,OK,0.1
2026-02-19T09:54:20.489Z,4,100.89,5,OK,0.1
2026-02-19T09:54:20.539Z,4,83.75,5,OK,0.1
2026-02-19T09:54:20.590Z,4,81.41,5,OK,0.1
2026-02-19T09:54:20.640Z,4,24.47,6,OK,0.1
2026-02-19T09:54:20.691Z,5,20.42,7,OK,0.1
2026-02-19T09:54:20.742Z,5,20.33,8,OK,0.1
2026-02-19T09:54:20.792Z,5,20.46,9,OK,0.1
2026-02-19T09:54:20.841Z,5,20.45,10,OK,0.1
2026-02-19T09:54:20.892Z,5,20.45,11,OK,0.1
2026-02-19T09:54:20.942Z,5,20.43,12,OK,0.1
2026-02-19T09:54:21.083Z,12,30.10,11,SATURATED,0.1
2026-02-19T09:54:21.135Z,10,26.32,10,SATURATED,0.1
2026-02-19T09:54:21.186Z,6,26.31,9,OK,0.1
2026-02-19T09:54:21.238Z,5,26.39,8,OK,0.1
2026-02-19T09:54:21.288Z,5,26.32,7,OK,0.1
2026-02-19T09:54:21.346Z,7,16.65,8,OK,0.1
2026-02-19T09:54:21.488Z,8,20.75,9,OK,0.1
2026-02-19T09:54:21.665Z,9,52.21,6,SATURATED,0.1
2026-02-19T09:54:21.716Z,5,52.13,5,SATURATED,0.1
2026-02-19T09:54:21.768Z,5,52.25,5,SATURATED,0.1
2026-02-19T09:54:21.818Z,5,52.26,5,SATURATED,0.1
2026-02-19T09:54:21.868Z,4,51.80,5,OK,0.1
2026-02-19T09:54:21.918Z,4,20.35,6,OK,0.1
2026-02-19T09:54:21.967Z,3,20.35,7,OK,0.1
2026-02-19T09:54:22.018Z,3,20.35,8,OK,0.1
2026-02-19T09:54:22.069Z,3,20.34,9,OK,0.1
2026-02-19T09:54:22.214Z,9,30.49,8,SATURATED,0.1
2026-02-19T09:54:22.345Z,6,47.11,5,SATURATED,0.1
2026-02-19T09:54:22.395Z,5,47.14,5,SATURATED,0.1
2026-02-19T09:54:22.445Z,5,47.09,5,SATURATED,0.1
2026-02-19T09:54:22.496Z,5,47.40,5,SATURATED,0.1
2026-02-19T09:54:22.546Z,5,37.26,5,SATURATED,0.1
2026-02-19T09:54:22.596Z,5,20.64,6,OK,0.1
2026-02-19T09:54:22.739Z,6,41.90,5,SATURATED,0.1
2026-02-19T09:54:22.805Z,5,41.03,5,SATURATED,0.1
2026-02-19T09:54:22.856Z,4,40.78,5,OK,0.1
2026-02-19T09:54:22.907Z,4,40.82,5,OK,0.1
2026-02-19T09:54:22.957Z,4,40.83,5,OK,0.1
2026-02-19T09:54:23.008Z,4,19.54,6,OK,0.1
2026-02-19T09:54:23.059Z,4,20.48,7,OK,0.1
2026-02-19T09:54:23.196Z,3,41.79,5,OK,0.1
2026-02-19T09:54:23.280Z,5,43.22,5,SATURATED,0.1
2026-02-19T09:54:23.330Z,4,43.14,5,OK,0.1
2026-02-19T09:54:23.381Z,5,43.39,5,SATURATED,0.1
2026-02-19T09:54:23.432Z,5,43.32,5,SATURATED,0.1
2026-02-19T09:54:23.491Z,5,21.94,6,OK,0.1
2026-02-19T09:54:23.541Z,5,20.73,7,OK,0.1
2026-02-19T09:54:23.591Z,5,20.81,8,OK,0.1
2026-02-19T09:54:23.642Z,5,20.50,9,OK,0.1
2026-02-19T09:54:23.693Z,5,20.47,10,OK,0.1
2026-02-19T09:54:23.745Z,10,20.37,11,OK,0.1
2026-02-19T09:54:23.826Z,11,21.28,12,OK,0.1
2026-02-19T09:54:23.876Z,8,21.46,13,OK,0.1
2026-02-19T09:54:23.926Z,8,21.52,14,OK,0.1
2026-02-19T09:54:23.977Z,9,21.60,15,OK,0.1
2026-02-19T09:54:24.027Z,9,21.56,16,OK,0.1
2026-02-19T09:54:24.077Z,9,20.38,17,OK,0.1
2026-02-19T09:54:24.127Z,7,20.20,18,OK,0.1
2026-02-19T09:54:24.178Z,7,20.22,19,OK,0.1
2026-02-19T09:54:24.291Z,7,35.19,17,OK,0.1
2026-02-19T09:54:24.450Z,17,53.08,14,SATURATED,0.1
2026-02-19T09:54:24.855Z,13,120.02,5,SATURATED,0.1
2026-02-19T09:54:25.004Z,6,135.74,5,SATURATED,0.4
2026-02-19T09:54:25.054Z,6,135.74,5,SATURATED,0.4
2026-02-19T09:54:25.104Z,6,120.69,5,SATURATED,0.1
2026-02-19T09:54:25.154Z,6,102.92,5,SATURATED,0.1
2026-02-19T09:54:25.204Z,6,35.96,5,SATURATED,0.1
2026-02-19T09:54:25.254Z,6,20.19,6,SATURATED,0.1
2026-02-19T09:54:25.304Z,5,20.24,7,OK,0.1
2026-02-19T09:54:25.354Z,4,20.23,8,OK,0.1
2026-02-19T09:54:25.404Z,4,20.24,9,OK,0.1
2026-02-19T09:54:25.664Z,9,41.77,7,SATURATED,0.1
2026-02-19T09:54:25.916Z,7,78.13,5,SATURATED,0.1
2026-02-19T09:54:26.003Z,5,81.44,5,SATURATED,0.1
2026-02-19T09:54:26.230Z,5,112.81,5,SATURATED,0.1
2026-02-19T09:54:26.280Z,2,113.67,5,OK,0.1
2026-02-19T09:54:26.331Z,2,92.16,5,OK,0.1
2026-02-19T09:54:26.382Z,2,55.80,5,OK,0.1
2026-02-19T09:54:26.432Z,2,52.50,5,OK,0.1
2026-02-19T09:54:26.482Z,2,21.14,6,OK,0.1
2026-02-19T09:54:26.532Z,2,20.34,7,OK,0.1
2026-02-19T09:54:26.582Z,2,20.32,8,OK,0.1
2026-02-19T09:54:26.632Z,2,20.31,9,OK,0.1
2026-02-19T09:54:26.799Z,4,20.41,10,OK,0.1
2026-02-19T09:54:26.849Z,2,20.65,11,OK,0.1
2026-02-19T09:54:27.067Z,11,57.28,7,SATURATED,0.1
2026-02-19T09:54:27.298Z,6,89.44,5,SATURATED,0.1
2026-02-19T09:54:27.406Z,5,97.00,5,SATURATED,0.1
2026-02-19T09:54:27.456Z,4,97.08,5,OK,0.1
2026-02-19T09:54:27.507Z,5,100.00,5,SATURATED,0.1
2026-02-19T09:54:27.558Z,5,63.31,5,SATURATED,0.1
2026-02-19T09:54:27.608Z,5,31.16,5,SATURATED,0.1
2026-02-19T09:54:27.659Z,5,23.60,6,OK,0.1
2026-02-19T09:54:27.709Z,5,23.36,7,OK,0.1
2026-02-19T09:54:27.760Z,5,20.08,8,OK,0.1
2026-02-19T09:54:27.810Z,7,20.02,9,OK,0.1
2026-02-19T09:54:27.861Z,5,19.87,10,OK,0.1
2026-02-19T09:54:28.011Z,5,36.03,8,OK,0.1
2026-02-19T09:54:28.062Z,5,35.93,6,OK,0.1
2026-02-19T09:54:28.191Z,4,47.82,5,OK,0.1
2026-02-19T09:54:28.244Z,5,44.43,5,SATURATED,0.1
2026-02-19T09:54:28.295Z,5,45.53,5,SATURATED,0.1
2026-02-19T09:54:28.345Z,5,29.30,5,SATURATED,0.1
2026-02-19T09:54:28.395Z,5,29.30,5,SATURATED,0.1
2026-02-19T09:54:28.445Z,5,17.55,6,OK,0.1
2026-02-19T09:54:28.496Z,6,21.02,7,OK,0.1
2026-02-19T09:54:28.617Z,7,30.23,6,SATURATED,0.1
2026-02-19T09:54:28.668Z,6,30.32,5,SATURATED,0.1
2026-02-19T09:54:28.718Z,6,30.42,5,SATURATED,0.1
2026-02-19T09:54:28.769Z,6,30.46,5,SATURATED,0.1
2026-02-19T09:54:28.819Z,6,30.42,5,SATURATED,0.1
2026-02-19T09:54:28.870Z,4,20.35,6,OK,0.1
2026-02-19T09:54:28.921Z,4,20.33,7,OK,0.1
2026-02-19T09:54:28.970Z,4,20.35,8,OK,0.1
2026-02-19T09:54:29.021Z,4,20.37,9,OK,0.1
2026-02-19T09:54:29.072Z,3,20.40,10,OK,0.1
2026-02-19T09:54:29.122Z,3,20.26,11,OK,0.1
2026-02-19T09:54:29.173Z,3,20.25,12,OK,0.1
2026-02-19T09:54:29.297Z,7,38.93,10,OK,0.1
2026-02-19T09:54:29.653Z,10,96.03,5,SATURATED,0.1
2026-02-19T09:54:29.742Z,5,99.76,5,SATURATED,0.1
2026-02-19T09:54:29.793Z,3,99.82,5,OK,0.1
2026-02-19T09:54:29.977Z,3,100.59,5,OK,0.1
2026-02-19T09:54:30.027Z,3,82.11,5,OK,0.1
2026-02-19T09:54:30.458Z,3,24.94,6,OK,0.1
2026-02-19T09:54:30.508Z,1,21.03,7,OK,0.1
2026-02-19T09:54:30.560Z,6,21.05,8,OK,0.1
2026-02-19T09:54:30.626Z,8,29.40,7,SATURATED,0.1
2026-02-19T09:54:30.687Z,7,27.36,6,SATURATED,0.1
2026-02-19T09:54:30.742Z,6,24.32,7,OK,0.1
2026-02-19T09:54:30.924Z,7,46.83,5,SATURATED,0.1
2026-02-19T09:54:30.974Z,5,46.89,5,SATURATED,0.1
2026-02-19T09:54:31.024Z,5,37.75,5,SATURATED,0.1
2026-02-19T09:54:31.074Z,5,39.63,5,SATURATED,0.1
2026-02-19T09:54:31.125Z,5,42.69,5,SATURATED,0.1
2026-02-19T09:54:31.175Z,5,20.30,6,OK,0.1
2026-02-19T09:54:31.225Z,5,20.21,7,OK,0.1
2026-02-19T09:54:31.276Z,5,20.23,8,OK,0.1
2026-02-19T09:54:31.327Z,5,20.23,9,OK,0.1
2026-02-19T09:54:31.377Z,5,20.26,10,OK,0.1
2026-02-19T09:54:31.427Z,5,20.32,11,OK,0.1
2026-02-19T09:54:31.554Z,6,20.47,12,OK,0.1
2026-02-19T09:54:31.668Z,4,27.76,11,OK,0.1
2026-02-19T09:54:31.831Z,11,46.27,8,SATURATED,0.1
2026-02-19T09:54:31.892Z,5,44.38,6,OK,0.1
2026-02-19T09:54:32.086Z,6,69.11,5,SATURATED,0.1
2026-02-19T09:54:32.136Z,5,64.94,5,SATURATED,0.1
2026-02-19T09:54:32.186Z,5,57.66,5,SATURATED,0.1
2026-02-19T09:54:32.236Z,5,39.14,5,SATURATED,0.1
2026-02-19T09:54:32.286Z,5,41.00,5,SATURATED,0.1
2026-02-19T09:54:32.336Z,5,16.25,6,OK,0.1
2026-02-19T09:54:32.387Z,5,20.25,7,OK,0.1
2026-02-19T09:54:32.436Z,5,20.33,8,OK,0.1
2026-02-19T09:54:32.487Z,6,20.39,9,OK,0.1
2026-02-19T09:54:32.538Z,6,20.38,10,OK,0.1
2026-02-19T09:54:32.646Z,5,37.62,8,OK,0.1
2026-02-19T09:54:32.697Z,2,37.78,6,OK,0.1
2026-02-19T09:54:32.746Z,2,37.66,5,OK,0.1
2026-02-19T09:54:32.797Z,2,37.58,5,OK,0.1
2026-02-19T09:54:32.941Z,5,60.49,5,SATURATED,0.1
2026-02-19T09:54:33.150Z,5,71.00,5,SATURATED,0.1
2026-02-19T09:54:33.226Z,5,72.04,5,SATURATED,0.1
2026-02-19T09:54:33.278Z,2,72.11,5,OK,0.1
2026-02-19T09:54:33.329Z,2,72.10,5,OK,0.1
2026-02-19T09:54:33.379Z,2,49.22,5,OK,0.1
2026-02-19T09:54:33.429Z,2,21.43,6,OK,0.1
2026-02-19T09:54:33.480Z,5,20.37,7,OK,0.1
2026-02-19T09:54:33.531Z,2,20.36,8,OK,0.1
2026-02-19T09:54:33.581Z,2,20.52,9,OK,0.1
2026-02-19T09:54:33.631Z,2,20.48,10,OK,0.1
2026-02-19T09:54:33.731Z,6,26.43,9,OK,0.1
2026-02-19T09:54:33.782Z,4,26.33,8,OK,0.1
2026-02-19T09:54:33.831Z,3,26.31,7,OK,0.1
2026-02-19T09:54:33.882Z,3,26.16,6,OK,0.1
2026-02-19T09:54:33.933Z,3,26.17,5,OK,0.1
2026-02-19T09:54:33.983Z,3,20.24,6,OK,0.1
2026-02-19T09:54:34.033Z,3,20.31,7,OK,0.1
2026-02-19T09:54:34.162Z,4,29.13,6,OK,0.1
2026-02-19T09:54:34.238Z,6,30.28,5,SATURATED,0.1
2026-02-19T09:54:34.288Z,5,26.22,5,SATURATED,0.1
2026-02-19T09:54:34.338Z,5,26.24,5,SATURATED,0.1
2026-02-19T09:54:34.388Z,5,26.20,5,SATURATED,0.1
2026-02-19T09:54:34.439Z,5,17.40,6,OK,0.1
2026-02-19T09:54:34.489Z,4,16.23,7,OK,0.1
2026-02-19T09:54:34.540Z,4,20.29,8,OK,0.1
2026-02-19T09:54:34.590Z,4,20.25,9,OK,0.1
2026-02-19T09:54:34.640Z,4,20.26,10,OK,0.1
2026-02-19T09:54:34.691Z,4,20.22,11,OK,0.1
2026-02-19T09:54:34.819Z,10,20.25,12,OK,0.1
2026-02-19T09:54:34.869Z,6,20.23,13,OK,0.1
2026-02-19T09:54:34.919Z,6,20.27,14,OK,0.1
2026-02-19T09:54:35.029Z,7,26.93,13,OK,0.1
2026-02-19T09:54:35.115Z,11,30.08,12,OK,0.1
2026-02-19T09:54:35.166Z,7,30.11,11,OK,0.1
2026-02-19T09:54:35.284Z,10,39.67,9,SATURATED,0.1
2026-02-19T09:54:35.371Z,10,43.02,7,SATURATED,0.1
2026-02-19T09:54:35.421Z,9,36.34,5,SATURATED,0.1
2026-02-19T09:54:35.471Z,9,33.17,5,SATURATED,0.1
2026-02-19T09:54:35.521Z,9,33.11,5,SATURATED,0.1
2026-02-19T09:54:35.571Z,9,23.55,6,SATURATED,0.1
2026-02-19T09:54:35.621Z,9,20.32,7,SATURATED,0.1
2026-02-19T09:54:35.672Z,8,20.27,8,SATURATED,0.1
2026-02-19T09:54:35.722Z,8,20.29,9,OK,0.1
2026-02-19T09:54:35.840Z,7,37.27,7,SATURATED,0.1
2026-02-19T09:54:35.891Z,7,37.26,5,SATURATED,0.1
2026-02-19T09:54:35.942Z,7,37.25,5,SATURATED,0.1
2026-02-19T09:54:35.993Z,7,37.30,5,SATURATED,0.1
2026-02-19T09:54:36.043Z,7,37.28,5,SATURATED,0.1
2026-02-19T09:54:36.093Z,6,20.36,6,SATURATED,0.1
2026-02-19T09:54:36.143Z,6,20.32,7,OK,0.1
2026-02-19T09:54:36.250Z,6,26.60,6,SATURATED,0.1
2026-02-19T09:54:36.300Z,6,26.40,5,SATURATED,0.1
2026-02-19T09:54:36.350Z,6,26.42,5,SATURATED,0.1
2026-02-19T09:54:36.400Z,6,26.32,5,SATURATED,0.1
2026-02-19T09:54:36.451Z,6,26.40,5,SATURATED,0.1
2026-02-19T09:54:36.501Z,6,20.02,6,SATURATED,0.1
2026-02-19T09:54:36.551Z,6,20.22,7,OK,0.1
2026-02-19T09:54:36.601Z,6,20.33,8,OK,0.1
2026-02-19T09:54:36.652Z,6,20.41,9,OK,0.1
2026-02-19T09:54:36.702Z,6,20.33,10,OK,0.1
2026-02-19T09:54:36.752Z,4,20.44,11,OK,0.1
2026-02-19T09:54:36.803Z,4,20.42,12,OK,0.1
2026-02-19T09:54:36.996Z,8,20.37,13,OK,0.1
2026-02-19T09:54:37.111Z,4,27.76,12,OK,0.1
2026-02-19T09:54:37.204Z,5,32.38,11,OK,0.1
2026-02-19T09:54:37.254Z,4,32.19,10,OK,0.1
2026-02-19T09:54:37.391Z,6,32.12,9,OK,0.1
2026-02-19T09:54:37.583Z,9,66.30,5,SATURATED,0.1
2026-02-19T09:54:37.633Z,5,58.91,5,SATURATED,0.1
2026-02-19T09:54:37.683Z,5,54.37,5,SATURATED,0.1
2026-02-19T09:54:37.730Z,5,54.46,5,SATURATED,0.1
2026-02-19T09:54:37.780Z,5,54.39,5,SATURATED,0.1
2026-02-19T09:54:37.830Z,5,20.16,6,OK,0.1
2026-02-19T09:54:37.881Z,5,20.18,7,OK,0.1
2026-02-19T09:54:37.931Z,5,20.19,8,OK,0.1
2026-02-19T09:54:37.981Z,5,20.19,9,OK,0.1
2026-02-19T09:54:38.077Z,8,34.69,8,SATURATED,0.1
2026-02-19T09:54:38.127Z,5,34.61,7,OK,0.1
2026-02-19T09:54:38.177Z,4,34.55,6,OK,0.1
2026-02-19T09:54:38.307Z,4,52.59,5,OK,0.1
2026-02-19T09:54:38.357Z,4,52.57,5,OK,0.1
2026-02-19T09:54:38.407Z,4,38.27,5,OK,0.1
2026-02-19T09:54:38.457Z,4,38.34,5,OK,0.1
2026-02-19T09:54:38.507Z,4,38.35,5,OK,0.1
2026-02-19T09:54:38.566Z,5,20.57,6,OK,0.1
2026-02-19T09:54:38.807Z,6,54.72,5,SATURATED,0.1
2026-02-19T09:54:38.857Z,5,54.70,5,SATURATED,0.1
2026-02-19T09:54:38.909Z,5,54.77,5,SATURATED,0.1
2026-02-19T09:54:38.959Z,5,54.78,5,SATURATED,0.1
2026-02-19T09:54:39.009Z,5,54.50,5,SATURATED,0.1
2026-02-19T09:54:39.081Z,5,20.31,6,OK,0.1
2026-02-19T09:54:39.131Z,5,20.12,7,OK,0.1
2026-02-19T09:54:39.182Z,6,20.05,8,OK,0.1
2026-02-19T09:54:39.232Z,6,20.15,9,OK,0.1
2026-02-19T09:54:39.282Z,5,20.28,10,OK,0.1
2026-02-19T09:54:39.332Z,6,20.26,11,OK,0.1
2026-02-19T09:54:39.382Z,6,20.39,12,OK,0.1
2026-02-19T09:54:39.432Z,5,20.38,13,OK,0.1
2026-02-19T09:54:39.482Z,5,20.14,14,OK,0.1
2026-02-19T09:54:39.613Z,7,28.64,13,OK,0.1
2026-02-19T09:54:39.777Z,13,47.45,10,SATURATED,0.1
2026-02-19T09:54:39.835Z,10,45.00,8,SATURATED,0.1
2026-02-19T09:54:39.884Z,8,50.67,5,SATURATED,0.1
2026-02-19T09:54:39.935Z,8,50.81,5,SATURATED,0.1
2026-02-19T09:54:39.985Z,8,42.20,5,SATURATED,0.1
2026-02-19T09:54:40.035Z,8,23.48,6,SATURATED,0.1
2026-02-19T09:54:40.085Z,8,25.92,5,SATURATED,0.1
2026-02-19T09:54:40.135Z,8,20.41,6,SATURATED,0.1
2026-02-19T09:54:40.185Z,8,20.54,7,SATURATED,0.1
2026-02-19T09:54:40.235Z,8,20.51,8,SATURATED,0.1
2026-02-19T09:54:40.286Z,8,20.57,9,OK,0.1
2026-02-19T09:54:40.335Z,8,20.60,10,OK,0.1
2026-02-19T09:54:40.386Z,8,20.43,11,OK,0.1
2026-02-19T09:54:40.521Z,8,41.38,9,OK,0.1
2026-02-19T09:54:40.571Z,7,41.37,7,SATURATED,0.1
2026-02-19T09:54:40.621Z,7,41.28,5,SATURATED,0.1
2026-02-19T09:54:40.671Z,7,41.16,5,SATURATED,0.1
2026-02-19T09:54:40.721Z,7,41.26,5,SATURATED,0.1
2026-02-19T09:54:40.773Z,7,20.28,6,SATURATED,0.1
2026-02-19T09:54:40.823Z,7,20.29,7,SATURATED,0.1
2026-02-19T09:54:40.874Z,7,20.28,8,OK,0.1
2026-02-19T09:54:40.982Z,7,27.92,7,SATURATED,0.1
2026-02-19T09:54:41.032Z,7,27.86,6,SATURATED,0.1
2026-02-19T09:54:41.082Z,7,27.75,5,SATURATED,0.1
2026-02-19T09:54:41.134Z,7,27.80,5,SATURATED,0.1
2026-02-19T09:54:41.184Z,6,27.81,5,SATURATED,0.1
2026-02-19T09:54:41.234Z,5,20.27,6,OK,0.1
2026-02-19T09:54:41.284Z,5,20.26,7,OK,0.1
2026-02-19T09:54:41.403Z,4,27.79,6,OK,0.1
2026-02-19T09:54:41.453Z,3,27.85,5,OK,0.1
2026-02-19T09:54:41.503Z,3,27.86,5,OK,0.1
2026-02-19T09:54:41.605Z,2,44.13,5,OK,0.1
2026-02-19T09:54:41.655Z,0,44.16,5,OK,0.1
2026-02-19T09:54:41.705Z,0,36.67,5,OK,0.1
2026-02-19T09:54:41.813Z,4,43.21,5,OK,0.1
2026-02-19T09:54:42.143Z,5,99.74,5,SATURATED,0.1
2026-02-19T09:54:42.194Z,2,83.33,5,OK,0.1
2026-02-19T09:54:42.244Z,2,83.23,5,OK,0.1
2026-02-19T09:54:42.377Z,2,83.14,5,OK,0.1
2026-02-19T09:54:42.508Z,4,88.66,5,OK,0.1
2026-02-19T09:54:42.559Z,3,32.12,5,OK,0.1
2026-02-19T09:54:42.609Z,4,32.30,5,OK,0.1
2026-02-19T09:54:42.660Z,4,32.42,5,OK,0.1
2026-02-19T09:54:42.710Z,4,32.47,5,OK,0.1
2026-02-19T09:54:42.761Z,4,20.37,6,OK,0.1
2026-02-19T09:54:42.811Z,4,20.40,7,OK,0.1
2026-02-19T09:54:43.077Z,7,21.47,8,OK,0.1
2026-02-19T09:54:43.128Z,5,21.66,9,OK,0.1
2026-02-19T09:54:43.263Z,9,42.08,7,SATURATED,0.1
2026-02-19T09:54:43.399Z,7,55.18,5,SATURATED,0.1
2026-02-19T09:54:43.449Z,5,55.15,5,SATURATED,0.1
2026-02-19T09:54:43.499Z,5,54.01,5,SATURATED,0.1
2026-02-19T09:54:43.548Z,5,53.75,5,SATURATED,0.1
2026-02-19T09:54:43.599Z,5,33.34,5,SATURATED,0.1
2026-02-19T09:54:43.649Z,5,20.31,6,OK,0.1
2026-02-19T09:54:43.699Z,5,20.34,7,OK,0.1
2026-02-19T09:54:43.749Z,4,20.26,8,OK,0.1
2026-02-19T09:54:43.799Z,4,20.31,9,OK,0.1
2026-02-19T09:54:43.906Z,5,36.19,7,OK,0.1
2026-02-19T09:54:43.957Z,5,36.08,5,SATURATED,0.1
2026-02-19T09:54:44.008Z,5,36.03,5,SATURATED,0.1
2026-02-19T09:54:44.058Z,5,36.14,5,SATURATED,0.1
2026-02-19T09:54:44.108Z,5,36.08,5,SATURATED,0.1
2026-02-19T09:54:44.158Z,5,20.21,6,OK,0.1
2026-02-19T09:54:44.208Z,5,20.19,7,OK,0.1
2026-02-19T09:54:44.258Z,5,20.29,8,OK,0.1
2026-02-19T09:54:44.345Z,8,23.62,9,OK,0.1
2026-02-19T09:54:44.396Z,4,23.71,10,OK,0.1
2026-02-19T09:54:44.446Z,4,23.75,11,OK,0.1
2026-02-19T09:54:44.496Z,4,23.79,12,OK,0.1
2026-02-19T09:54:44.546Z,4,23.73,13,OK,0.1
2026-02-19T09:54:44.597Z,4,20.37,14,OK,0.1
2026-02-19T09:54:44.648Z,3,20.28,15,OK,0.1
2026-02-19T09:54:44.699Z,3,20.26,16,OK,0.1
2026-02-19T09:54:44.749Z,3,20.23,17,OK,0.1
2026-02-19T09:54:44.799Z,3,20.34,18,OK,0.1
2026-02-19T09:54:44.849Z,4,20.34,19,OK,0.1
2026-02-19T09:54:44.899Z,4,20.50,20,OK,0.1
2026-02-19T09:54:44.950Z,4,20.44,21,OK,0.1
2026-02-19T09:54:45.000Z,4,20.48,22,OK,0.1
2026-02-19T09:54:45.051Z,4,20.37,23,OK,0.1
2026-02-19T09:54:45.215Z,8,49.00,20,OK,0.1
2026-02-19T09:54:45.314Z,19,54.64,17,SATURATED,0.1
2026-02-19T09:54:45.436Z,13,70.84,12,SATURATED,0.1
2026-02-19T09:54:45.486Z,6,70.85,7,OK,0.1
2026-02-19T09:54:45.536Z,7,70.82,5,SATURATED,0.1
2026-02-19T09:54:45.586Z,6,42.24,5,SATURATED,0.1
2026-02-19T09:54:45.636Z,6,36.50,5,SATURATED,0.1
2026-02-19T09:54:45.687Z,6,20.33,6,SATURATED,0.1
2026-02-19T09:54:45.738Z,6,20.35,7,OK,0.1
2026-02-19T09:54:45.789Z,6,20.35,8,OK,0.1
2026-02-19T09:54:45.839Z,6,20.39,9,OK,0.1
2026-02-19T09:54:45.889Z,6,20.38,10,OK,0.1
2026-02-19T09:54:46.066Z,6,49.18,7,OK,0.1
2026-02-19T09:54:46.117Z,5,49.16,5,SATURATED,0.1
2026-02-19T09:54:46.167Z,5,49.20,5,SATURATED,0.1
2026-02-19T09:54:46.218Z,5,49.20,5,SATURATED,0.1
2026-02-19T09:54:46.270Z,5,49.13,5,SATURATED,0.1
2026-02-19T09:54:46.320Z,5,20.15,6,OK,0.1
2026-02-19T09:54:46.370Z,5,20.10,7,OK,0.1
2026-02-19T09:54:46.421Z,5,19.99,8,OK,0.1
2026-02-19T09:54:46.513Z,5,32.55,7,OK,0.1
2026-02-19T09:54:46.599Z,5,35.77,5,SATURATED,0.1
2026-02-19T09:54:46.650Z,5,35.77,5,SATURATED,0.1
2026-02-19T09:54:46.700Z,5,35.78,5,SATURATED,0.1
2026-02-19T09:54:46.750Z,5,35.77,5,SATURATED,0.1
2026-02-19T09:54:46.799Z,5,23.12,6,OK,0.1
2026-02-19T09:54:46.850Z,4,19.94,7,OK,0.1
2026-02-19T09:54:46.900Z,4,20.13,8,OK,0.1
2026-02-19T09:54:46.950Z,4,20.15,9,OK,0.1
2026-02-19T09:54:47.000Z,4,20.24,10,OK,0.1
2026-02-19T09:54:47.050Z,4,20.28,11,OK,0.1
2026-02-19T09:54:47.146Z,5,32.51,10,OK,0.1
2026-02-19T09:54:47.196Z,4,32.49,9,OK,0.1
2026-02-19T09:54:47.300Z,3,39.25,7,OK,0.1
2026-02-19T09:54:47.407Z,7,45.88,5,SATURATED,0.1
2026-02-19T09:54:47.457Z,3,45.78,5,OK,0.1
2026-02-19T09:54:47.507Z,3,33.60,5,OK,0.1
2026-02-19T09:54:47.598Z,5,47.71,5,SATURATED,0.1
2026-02-19T09:54:47.714Z,4,55.93,5,OK,0.1
2026-02-19T09:54:47.764Z,4,49.27,5,OK,0.1
2026-02-19T09:54:47.814Z,4,49.35,5,OK,0.1
2026-02-19T09:54:47.864Z,3,49.30,5,OK,0.1
2026-02-19T09:54:47.916Z,3,35.23,5,OK,0.1
2026-02-19T09:54:47.966Z,3,20.27,6,OK,0.1
2026-02-19T09:54:48.016Z,3,20.31,7,OK,0.1
2026-02-19T09:54:48.066Z,3,20.31,8,OK,0.1
2026-02-19T09:54:48.116Z,3,20.30,9,OK,0.1
2026-02-19T09:54:48.225Z,3,26.94,8,OK,0.1
2026-02-19T09:54:48.275Z,3,26.94,7,OK,0.1
2026-02-19T09:54:48.405Z,7,26.77,6,SATURATED,0.1
2026-02-19T09:54:48.455Z,3,26.69,5,OK,0.1
2026-02-19T09:54:48.507Z,3,26.75,5,OK,0.1
2026-02-19T09:54:48.558Z,3,20.12,6,OK,0.1
2026-02-19T09:54:48.608Z,6,20.13,7,OK,0.1
2026-02-19T09:54:48.686Z,7,31.80,6,SATURATED,0.1
2026-02-19T09:54:48.772Z,6,35.01,5,SATURATED,0.1
2026-02-19T09:54:48.822Z,5,34.97,5,SATURATED,0.1
2026-02-19T09:54:48.872Z,5,35.06,5,SATURATED,0.1
2026-02-19T09:54:48.922Z,5,35.02,5,SATURATED,0.1
2026-02-19T09:54:48.973Z,5,23.48,6,OK,0.1
2026-02-19T09:54:49.023Z,5,20.37,7,OK,0.1
2026-02-19T09:54:49.074Z,5,20.42,8,OK,0.1
2026-02-19T09:54:49.124Z,5,20.24,9,OK,0.1
2026-02-19T09:54:49.174Z,5,20.28,10,OK,0.1
2026-02-19T09:54:49.224Z,5,20.30,11,OK,0.1
2026-02-19T09:54:49.274Z,6,20.28,12,OK,0.1
2026-02-19T09:54:49.384Z,5,26.75,11,OK,0.1
2026-02-19T09:54:49.494Z,8,34.76,10,OK,0.1
2026-02-19T09:54:49.545Z,5,34.74,9,OK,0.1
2026-02-19T09:54:49.595Z,5,34.74,8,OK,0.1
2026-02-19T09:54:49.646Z,4,34.69,7,OK,0.1
2026-02-19T09:54:49.757Z,4,28.20,6,OK,0.1
2026-02-19T09:54:49.807Z,5,20.13,7,OK,0.1
2026-02-19T09:54:49.857Z,5,20.16,8,OK,0.1
2026-02-19T09:54:49.907Z,5,20.20,9,OK,0.1
2026-02-19T09:54:49.958Z,5,20.27,10,OK,0.1
2026-02-19T09:54:50.008Z,5,20.30,11,OK,0.1
2026-02-19T09:54:50.058Z,5,20.43,12,OK,0.1
2026-02-19T09:54:50.108Z,5,20.38,13,OK,0.1
2026-02-19T09:54:50.159Z,5,20.40,14,OK,0.1
2026-02-19T09:54:50.209Z,5,20.36,15,OK,0.1
2026-02-19T09:54:50.260Z,5,20.30,16,OK,0.1
2026-02-19T09:54:50.311Z,5,20.23,17,OK,0.1
2026-02-19T09:54:50.361Z,5,20.24,18,OK,0.1
2026-02-19T09:54:50.486Z,9,28.32,17,OK,0.1
2026-02-19T09:54:50.583Z,14,33.66,16,OK,0.1
2026-02-19T09:54:50.633Z,7,33.54,15,OK,0.1
2026-02-19T09:54:50.683Z,8,33.60,14,OK,0.1
2026-02-19T09:54:50.733Z,7,33.61,13,OK,0.1
2026-02-19T09:54:50.898Z,8,51.94,10,OK,0.1
2026-02-19T09:54:51.027Z,8,58.34,6,SATURATED,0.1
2026-02-19T09:54:51.077Z,6,58.45,5,SATURATED,0.1
2026-02-19T09:54:51.127Z,6,58.44,5,SATURATED,0.1
2026-02-19T09:54:51.177Z,6,58.45,5,SATURATED,0.1
2026-02-19T09:54:51.229Z,6,31.94,5,SATURATED,0.1
2026-02-19T09:54:51.279Z,5,20.18,6,OK,0.1
2026-02-19T09:54:51.330Z,5,20.22,7,OK,0.1
2026-02-19T09:54:51.380Z,5,20.16,8,OK,0.1
2026-02-19T09:54:51.430Z,4,20.15,9,OK,0.1
2026-02-19T09:54:51.481Z,4,20.22,10,OK,0.1
2026-02-19T09:54:51.884Z,4,94.64,5,OK,0.1
2026-02-19T09:54:51.954Z,5,94.57,5,SATURATED,0.1
2026-02-19T09:54:52.269Z,3,143.59,5,OK,0.4
2026-02-19T09:54:52.319Z,3,143.55,5,OK,0.4
2026-02-19T09:54:52.369Z,3,143.53,5,OK,0.4
2026-02-19T09:54:52.419Z,3,69.22,5,OK,0.1
2026-02-19T09:54:52.470Z,3,69.22,5,OK,0.1
2026-02-19T09:54:52.520Z,3,20.31,6,OK,0.1
2026-02-19T09:54:52.570Z,3,20.34,7,OK,0.1
2026-02-19T09:54:52.620Z,1,20.24,8,OK,0.1
2026-02-19T09:54:52.670Z,0,20.21,9,OK,0.1
2026-02-19T09:54:52.720Z,0,20.25,10,OK,0.1
2026-02-19T09:54:52.770Z,0,20.21,11,OK,0.1
2026-02-19T09:54:52.820Z,0,20.20,12,OK,0.1
2026-02-19T09:54:52.871Z,0,20.41,13,OK,0.1
2026-02-19T09:54:52.921Z,0,20.32,14,OK,0.1
2026-02-19T09:54:52.972Z,1,20.34,15,OK,0.1
2026-02-19T09:54:53.022Z,0,20.33,16,OK,0.1
2026-02-19T09:54:53.072Z,0,20.34,17,OK,0.1
2026-02-19T09:54:53.122Z,0,20.21,18,OK,0.1
2026-02-19T09:54:53.173Z,0,20.23,19,OK,0.1
2026-02-19T09:54:53.224Z,0,20.22,20,OK,0.1
2026-02-19T09:54:53.274Z,0,20.29,21,OK,0.1
2026-02-19T09:54:53.324Z,0,20.26,22,OK,0.1
2026-02-19T09:54:53.374Z,0,20.25,23,OK,0.1
2026-02-19T09:54:53.424Z,0,20.19,24,OK,0.1
2026-02-19T09:54:53.474Z,0,20.18,25,OK,0.1
2026-02-19T09:54:53.524Z,0,20.13,26,OK,0.1
2026-02-19T09:54:53.575Z,0,20.15,27,OK,0.1
2026-02-19T09:54:53.625Z,0,20.11,28,OK,0.1
2026-02-19T09:54:53.675Z,0,20.25,29,OK,0.1
2026-02-19T09:54:53.725Z,0,20.31,30,OK,0.1
2026-02-19T09:54:53.775Z,0,20.37,31,OK,0.1
2026-02-19T09:54:53.825Z,0,20.40,32,OK,0.1
2026-02-19T09:54:53.875Z,0,20.45,33,OK,0.1
2026-02-19T09:54:53.926Z,0,20.38,34,OK,0.1
2026-02-19T09:54:53.976Z,0,20.28,35,OK,0.1
2026-02-19T09:54:54.026Z,0,20.23,36,OK,0.1
2026-02-19T09:54:54.077Z,0,20.23,37,OK,0.1
2026-02-19T09:54:54.127Z,0,20.22,38,OK,0.1
2026-02-19T09:54:54.178Z,0,20.23,39,OK,0.1
2026-02-19T09:54:54.228Z,0,20.27,40,OK,0.1
2026-02-19T09:54:54.279Z,0,20.32,41,OK,0.1
2026-02-19T09:54:54.329Z,0,20.32,42,OK,0.1
2026-02-19T09:54:54.379Z,0,20.37,43,OK,0.1
2026-02-19T09:54:54.429Z,0,20.35,44,OK,0.1
2026-02-19T09:54:54.479Z,0,20.36,45,OK,0.1
2026-02-19T09:54:54.529Z,0,20.32,46,OK,0.1
2026-02-19T09:54:54.579Z,0,20.23,47,OK,0.1
2026-02-19T09:54:54.629Z,0,20.24,48,OK,0.1
2026-02-19T09:54:54.680Z,0,20.25,49,OK,0.1
2026-02-19T09:54:54.730Z,0,20.27,50,OK,0.1
2026-02-19T09:54:54.780Z,0,20.26,50,OK,0.1
2026-02-19T09:54:54.830Z,0,20.30,50,OK,0.1
2026-02-19T09:54:54.881Z,0,20.28,50,OK,0.1
2026-02-19T09:54:54.931Z,0,20.33,50,OK,0.1
2026-02-19T09:54:54.981Z,0,20.35,50,OK,0.1
2026-02-19T09:54:55.032Z,0,20.34,50,OK,0.1
2026-02-19T09:54:55.082Z,0,20.30,50,OK,0.1
2026-02-19T09:54:55.133Z,0,20.30,50,OK,0.1
2026-02-19T09:54:55.183Z,0,20.18,50,OK,0.1
2026-02-19T09:54:55.233Z,0,20.15,50,OK,0.1
2026-02-19T09:54:55.284Z,0,20.22,50,OK,0.1
2026-02-19T09:54:55.334Z,0,20.29,50,OK,0.1
2026-02-19T09:54:55.385Z,0,20.31,50,OK,0.1
2026-02-19T09:54:55.435Z,0,20.43,50,OK,0.1
2026-02-19T09:54:55.485Z,0,20.50,50,OK,0.1
2026-02-19T09:54:55.536Z,0,20.42,50,OK,0.1
2026-02-19T09:54:55.586Z,0,20.40,50,OK,0.1
2026-02-19T09:54:55.637Z,0,20.35,50,OK,0.1
2026-02-19T09:54:55.687Z,0,20.30,50,OK,0.1
2026-02-19T09:54:55.737Z,0,20.22,50,OK,0.1
2026-02-19T09:54:55.787Z,0,20.21,50,OK,0.1
2026-02-19T09:54:55.837Z,0,20.19,50,OK,0.1
2026-02-19T09:54:55.888Z,0,20.22,50,OK,0.1
2026-02-19T09:54:55.938Z,0,20.23,50,OK,0.1
2026-02-19T09:54:55.987Z,0,20.22,50,OK,0.1
2026-02-19T09:54:56.038Z,0,20.23,50,OK,0.1
2026-02-19T09:54:56.088Z,0,20.21,50,OK,0.1
2026-02-19T09:54:56.138Z,0,20.18,50,OK,0.1
2026-02-19T09:54:56.188Z,0,20.18,50,OK,0.1
2026-02-19T09:54:56.238Z,0,20.19,50,OK,0.1
2026-02-19T09:54:56.288Z,0,20.19,50,OK,0.1
2026-02-19T09:54:56.339Z,0,20.20,50,OK,0.1
2026-02-19T09:54:56.390Z,0,20.21,50,OK,0.1
2026-02-19T09:54:56.440Z,0,20.19,50,OK,0.1
2026-02-19T09:54:56.491Z,0,20.19,50,OK,0.1
2026-02-19T09:54:56.541Z,0,20.18,50,OK,0.1
2026-02-19T09:54:56.592Z,0,20.19,50,OK,0.1
2026-02-19T09:54:56.642Z,0,20.19,50,OK,0.1
2026-02-19T09:54:56.692Z,0,20.18,50,OK,0.1
2026-02-19T09:54:56.742Z,0,20.18,50,OK,0.1
2026-02-19T09:54:56.792Z,0,20.18,50,OK,0.1
2026-02-19T09:54:56.842Z,0,20.19,50,OK,0.1
2026-02-19T09:54:56.893Z,0,20.20,50,OK,0.1
2026-02-19T09:54:56.944Z,0,20.22,50,OK,0.1
2026-02-19T09:54:56.994Z,0,20.24,50,OK,0.1
2026-02-19T09:54:57.044Z,0,20.26,50,OK,0.1
2026-02-19T09:54:57.094Z,0,20.26,50,OK,0.1
2026-02-19T09:54:57.143Z,0,20.27,50,OK,0.1
2026-02-19T09:54:57.194Z,0,20.27,50,OK,0.1
2026-02-19T09:54:57.244Z,0,20.25,50,OK,0.1
2026-02-19T09:54:57.294Z,0,20.22,50,OK,0.1
2026-02-19T09:54:57.344Z,0,20.21,50,OK,0.1
2026-02-19T09:54:57.394Z,0,20.26,50,OK,0.1
2026-02-19T09:54:57.444Z,0,20.24,50,OK,0.1
2026-02-19T09:54:57.495Z,0,20.26,50,OK,0.1
2026-02-19T09:54:57.545Z,0,20.27,50,OK,0.1
2026-02-19T09:54:57.595Z,0,20.19,50,OK,0.1
2026-02-19T09:54:57.645Z,0,20.17,50,OK,0.1
2026-02-19T09:54:57.696Z,0,20.27,50,OK,0.1
2026-02-19T09:54:57.746Z,0,20.29,50,OK,0.1
2026-02-19T09:54:57.797Z,0,20.27,50,OK,0.1
2026-02-19T09:54:57.848Z,0,20.38,50,OK,0.1
2026-02-19T09:54:57.898Z,0,20.40,50,OK,0.1
2026-02-19T09:54:57.948Z,0,20.30,50,OK,0.1
2026-02-19T09:54:57.998Z,0,20.22,50,OK,0.1
2026-02-19T09:54:58.049Z,0,20.27,50,OK,0.1
2026-02-19T09:54:58.099Z,0,20.28,50,OK,0.1
2026-02-19T09:54:58.150Z,0,20.23,50,OK,0.1
2026-02-19T09:54:58.200Z,0,20.22,50,OK,0.1
2026-02-19T09:54:58.251Z,0,20.29,50,OK,0.1
2026-02-19T09:54:58.302Z,0,20.35,50,OK,0.1
2026-02-19T09:54:58.352Z,0,20.33,50,OK,0.1
2026-02-19T09:54:58.404Z,0,20.39,50,OK,0.1
2026-02-19T09:54:58.454Z,0,20.43,50,OK,0.1
2026-02-19T09:54:58.504Z,0,20.48,50,OK,0.1
2026-02-19T09:54:58.555Z,0,20.44,50,OK,0.1
2026-02-19T09:54:58.606Z,0,20.49,50,OK,0.1
2026-02-19T09:54:58.656Z,0,20.48,50,OK,0.1
2026-02-19T09:54:58.706Z,0,20.45,50,OK,0.1
2026-02-19T09:54:58.756Z,0,20.44,50,OK,0.1
2026-02-19T09:54:58.807Z,0,20.49,50,OK,0.1
2026-02-19T09:54:58.858Z,0,20.46,50,OK,0.1
2026-02-19T09:54:58.908Z,0,20.52,50,OK,0.1
2026-02-19T09:54:58.959Z,0,20.59,50,OK,0.1
2026-02-19T09:54:59.009Z,0,20.52,50,OK,0.1
2026-02-19T09:54:59.059Z,0,20.48,50,OK,0.1
2026-02-19T09:54:59.109Z,0,20.40,50,OK,0.1
2026-02-19T09:54:59.159Z,0,20.34,50,OK,0.1
2026-02-19T09:54:59.210Z,0,20.35,50,OK,0.1
2026-02-19T09:54:59.261Z,0,20.47,50,OK,0.1
2026-02-19T09:54:59.311Z,0,20.45,50,OK,0.1
2026-02-19T09:54:59.361Z,0,20.56,50,OK,0.1
2026-02-19T09:54:59.411Z,0,20.52,50,OK,0.1
2026-02-19T09:54:59.461Z,0,20.47,50,OK,0.1
2026-02-19T09:54:59.511Z,0,20.41,50,OK,0.1
2026-02-19T09:54:59.562Z,0,20.40,50,OK,0.1
2026-02-19T09:54:59.612Z,0,20.39,50,OK,0.1
2026-02-19T09:54:59.662Z,0,20.40,50,OK,0.1
2026-02-19T09:54:59.713Z,0,20.33,50,OK,0.1
2026-02-19T09:54:59.763Z,0,20.29,50,OK,0.1
2026-02-19T09:54:59.813Z,0,20.39,50,OK,0.1
2026-02-19T09:54:59.863Z,0,20.35,50,OK,0.1
2026-02-19T09:54:59.913Z,0,20.46,50,OK,0.1
2026-02-19T09:54:59.963Z,0,20.55,50,OK,0.1
2026-02-19T09:55:00.013Z,0,20.55,50,OK,0.1
2026-02-19T09:55:00.064Z,0,20.44,50,OK,0.1
2026-02-19T09:55:00.114Z,0,20.46,50,OK,0.1
2026-02-19T09:55:00.165Z,0,20.29,50,OK,0.1
2026-02-19T09:55:00.215Z,0,20.28,50,OK,0.1
2026-02-19T09:55:00.265Z,0,20.28,50,OK,0.1
2026-02-19T09:55:00.315Z,0,20.23,50,OK,0.1
2026-02-19T09:55:00.366Z,0,20.20,50,OK,0.1
2026-02-19T09:55:00.416Z,0,20.15,50,OK,0.1
2026-02-19T09:55:00.467Z,0,20.12,50,OK,0.1
2026-02-19T09:55:00.517Z,0,20.05,50,OK,0.1
2026-02-19T09:55:00.567Z,0,20.11,50,OK,0.1
2026-02-19T09:55:00.618Z,0,20.15,50,OK,0.1
2026-02-19T09:55:00.668Z,0,20.24,50,OK,0.1
2026-02-19T09:55:00.719Z,0,20.28,50,OK,0.1
2026-02-19T09:55:00.770Z,0,20.34,50,OK,0.1
2026-02-19T09:55:00.820Z,0,20.23,50,OK,0.1
2026-02-19T09:55:00.872Z,0,20.19,50,OK,0.1
2026-02-19T09:55:00.922Z,0,20.25,50,OK,0.1
2026-02-19T09:55:00.972Z,0,20.23,50,OK,0.1
2026-02-19T09:55:01.023Z,0,20.32,50,OK,0.1
2026-02-19T09:55:01.074Z,0,20.46,50,OK,0.1
2026-02-19T09:55:01.124Z,0,20.53,50,OK,0.1
2026-02-19T09:55:01.175Z,0,20.49,50,OK,0.1
2026-02-19T09:55:01.225Z,0,20.58,50,OK,0.1
2026-02-19T09:55:01.275Z,0,20.51,50,OK,0.1
2026-02-19T09:55:01.325Z,0,20.52,50,OK,0.1
2026-02-19T09:55:01.375Z,0,20.45,50,OK,0.1
2026-02-19T09:55:01.425Z,0,20.33,50,OK,0.1
2026-02-19T09:55:01.475Z,0,20.24,50,OK,0.1
2026-02-19T09:55:01.525Z,0,20.14,50,OK,0.1
2026-02-19T09:55:01.575Z,0,20.11,50,OK,0.1
2026-02-19T09:55:01.627Z,0,20.12,50,OK,0.1
2026-02-19T09:55:01.677Z,0,20.19,50,OK,0.1
2026-02-19T09:55:01.727Z,0,20.25,50,OK,0.1
2026-02-19T09:55:01.777Z,0,20.38,50,OK,0.1
2026-02-19T09:55:01.827Z,0,20.34,50,OK,0.1
2026-02-19T09:55:01.878Z,0,20.15,50,OK,0.1
2026-02-19T09:55:01.928Z,0,20.24,50,OK,0.1
2026-02-19T09:55:01.978Z,0,20.20,50,OK,0.1
2026-02-19T09:55:02.029Z,0,20.09,50,OK,0.1
2026-02-19T09:55:02.079Z,0,20.16,50,OK,0.1
2026-02-19T09:55:02.129Z,0,20.43,50,OK,0.1
2026-02-19T09:55:02.180Z,0,20.37,50,OK,0.1
2026-02-19T09:55:02.231Z,0,20.45,50,OK,0.1
2026-02-19T09:55:02.281Z,0,20.53,50,OK,0.1
2026-02-19T09:55:02.332Z,0,20.56,50,OK,0.1
2026-02-19T09:55:02.382Z,0,20.47,50,OK,0.1
2026-02-19T09:55:02.432Z,0,20.35,50,OK,0.1
2026-02-19T09:55:02.482Z,0,20.26,50,OK,0.1
2026-02-19T09:55:02.533Z,0,20.33,50,OK,0.1
2026-02-19T09:55:02.583Z,0,20.27,50,OK,0.1
2026-02-19T09:55:02.633Z,0,20.35,50,OK,0.1
2026-02-19T09:55:02.683Z,0,20.48,50,OK,0.1
2026-02-19T09:55:02.735Z,0,20.56,50,OK,0.1
2026-02-19T09:55:02.785Z,0,20.50,50,OK,0.1
2026-02-19T09:55:02.835Z,0,20.56,50,OK,0.1
2026-02-19T09:55:02.887Z,0,20.47,50,OK,0.1
2026-02-19T09:55:02.937Z,0,20.50,50,OK,0.1
2026-02-19T09:55:02.988Z,0,20.45,50,OK,0.1
2026-02-19T09:55:03.039Z,0,20.47,50,OK,0.1
2026-02-19T09:55:03.090Z,0,20.41,50,OK,0.1
2026-02-19T09:55:03.140Z,0,20.44,50,OK,0.1
2026-02-19T09:55:03.190Z,0,20.43,50,OK,0.1
2026-02-19T09:55:03.241Z,0,20.34,50,OK,0.1
2026-02-19T09:55:03.291Z,0,20.32,50,OK,0.1
2026-02-19T09:55:03.341Z,0,20.26,50,OK,0.1
2026-02-19T09:55:03.391Z,0,20.23,50,OK,0.1
2026-02-19T09:55:03.442Z,0,20.23,50,OK,0.1
2026-02-19T09:55:03.492Z,0,20.27,50,OK,0.1
2026-02-19T09:55:03.543Z,0,20.27,50,OK,0.1
2026-02-19T09:55:03.593Z,0,20.32,50,OK,0.1
2026-02-19T09:55:03.643Z,0,20.38,50,OK,0.1
2026-02-19T09:55:03.693Z,0,20.35,50,OK,0.1
2026-02-19T09:55:03.743Z,0,20.30,50,OK,0.1
2026-02-19T09:55:03.794Z,0,20.27,50,OK,0.1
2026-02-19T09:55:03.844Z,0,20.30,50,OK,0.1
2026-02-19T09:55:03.895Z,0,20.27,50,OK,0.1
2026-02-19T09:55:03.945Z,0,20.32,50,OK,0.1
2026-02-19T09:55:03.995Z,0,20.41,50,OK,0.1
2026-02-19T09:55:04.045Z,0,20.46,50,OK,0.1
2026-02-19T09:55:04.095Z,0,20.44,50,OK,0.1
2026-02-19T09:55:04.146Z,0,20.47,50,OK,0.1
2026-02-19T09:55:04.196Z,0,20.42,50,OK,0.1
2026-02-19T09:55:04.246Z,0,20.30,50,OK,0.1
2026-02-19T09:55:04.296Z,0,20.17,50,OK,0.1
2026-02-19T09:55:04.347Z,0,20.29,50,OK,0.1
2026-02-19T09:55:04.397Z,0,20.22,50,OK,0.1
2026-02-19T09:55:04.448Z,0,20.29,50,OK,0.1
2026-02-19T09:55:04.498Z,0,20.40,50,OK,0.1
2026-02-19T09:55:04.549Z,0,20.53,50,OK,0.1
2026-02-19T09:55:04.600Z,0,20.41,50,OK,0.1
2026-02-19T09:55:04.650Z,0,20.45,50,OK,0.1
2026-02-19T09:55:04.701Z,0,20.42,50,OK,0.1
2026-02-19T09:55:04.751Z,0,20.43,50,OK,0.1
2026-02-19T09:55:04.801Z,0,20.46,50,OK,0.1
2026-02-19T09:55:04.852Z,0,20.47,50,OK,0.1
2026-02-19T09:55:04.903Z,0,20.45,50,OK,0.1
2026-02-19T09:55:04.953Z,0,20.45,50,OK,0.1
2026-02-19T09:55:05.004Z,0,20.44,50,OK,0.1
2026-02-19T09:55:05.055Z,0,20.39,50,OK,0.1
2026-02-19T09:55:05.105Z,0,20.40,50,OK,0.1
2026-02-19T09:55:05.155Z,0,20.39,50,OK,0.1
2026-02-19T09:55:05.206Z,0,20.45,50,OK,0.1
2026-02-19T09:55:05.256Z,0,20.45,50,OK,0.1
2026-02-19T09:55:05.306Z,0,20.42,50,OK,0.1
2026-02-19T09:55:05.356Z,0,20.42,50,OK,0.1
2026-02-19T09:55:05.406Z,0,20.43,50,OK,0.1
2026-02-19T09:55:05.456Z,0,20.37,50,OK,0.1
2026-02-19T09:55:05.506Z,0,20.36,50,OK,0.1
2026-02-19T09:55:05.556Z,0,20.36,50,OK,0.1
2026-02-19T09:55:05.607Z,0,20.34,50,OK,0.1
2026-02-19T09:55:05.657Z,0,20.36,50,OK,0.1
2026-02-19T09:55:05.707Z,0,20.32,50,OK,0.1
2026-02-19T09:55:05.758Z,0,20.23,50,OK,0.1
2026-02-19T09:55:05.807Z,0,20.26,50,OK,0.1
2026-02-19T09:55:05.858Z,0,20.24,50,OK,0.1
2026-02-19T09:55:05.909Z,0,20.19,50,OK,0.1
2026-02-19T09:55:05.960Z,0,20.19,50,OK,0.1
2026-02-19T09:55:06.009Z,0,20.28,50,OK,0.1
2026-02-19T09:55:06.060Z,0,20.27,50,OK,0.1
2026-02-19T09:55:06.110Z,0,20.29,50,OK,0.1
2026-02-19T09:55:06.160Z,0,20.33,50,OK,0.1
2026-02-19T09:55:06.211Z,0,20.34,50,OK,0.1
2026-02-19T09:55:06.261Z,0,20.39,50,OK,0.1
2026-02-19T09:55:06.312Z,0,20.40,50,OK,0.1
2026-02-19T09:55:06.362Z,0,20.47,50,OK,0.1
2026-02-19T09:55:06.412Z,0,20.46,50,OK,0.1
2026-02-19T09:55:06.463Z,0,20.45,50,OK,0.1
2026-02-19T09:55:06.514Z,0,20.43,50,OK,0.1
2026-02-19T09:55:06.564Z,0,20.45,50,OK,0.1
2026-02-19T09:55:06.614Z,0,20.43,50,OK,0.1
2026-02-19T09:55:06.664Z,0,20.42,50,OK,0.1
2026-02-19T09:55:06.715Z,0,20.45,50,OK,0.1
2026-02-19T09:55:06.765Z,0,20.42,50,OK,0.1
2026-02-19T09:55:06.815Z,0,20.42,50,OK,0.1
2026-02-19T09:55:06.866Z,0,20.41,50,OK,0.1
2026-02-19T09:55:06.917Z,0,20.44,50,OK,0.1
2026-02-19T09:55:06.967Z,0,20.41,50,OK,0.1
2026-02-19T09:55:07.018Z,0,20.40,50,OK,0.1
2026-02-19T09:55:07.068Z,0,20.39,50,OK,0.1
2026-02-19T09:55:07.119Z,0,20.40,50,OK,0.1
2026-02-19T09:55:07.169Z,0,20.39,50,OK,0.1
2026-02-19T09:55:07.220Z,0,20.39,50,OK,0.1
2026-02-19T09:55:07.270Z,0,20.39,50,OK,0.1
2026-02-19T09:55:07.320Z,0,20.37,50,OK,0.1
2026-02-19T09:55:07.370Z,0,20.33,50,OK,0.1
2026-02-19T09:55:07.420Z,0,20.31,50,OK,0.1
2026-02-19T09:55:07.471Z,0,20.29,50,OK,0.1
2026-02-19T09:55:07.520Z,0,20.26,50,OK,0.1
2026-02-19T09:55:07.571Z,0,20.28,50,OK,0.1
2026-02-19T09:55:07.621Z,0,20.26,50,OK,0.1
2026-02-19T09:55:07.671Z,0,20.27,50,OK,0.1
2026-02-19T09:55:07.722Z,0,20.29,50,OK,0.1
2026-02-19T09:55:07.770Z,0,20.30,50,OK,0.1
2026-02-19T09:55:07.821Z,0,20.29,50,OK,0.1
2026-02-19T09:55:07.871Z,0,20.29,50,OK,0.1
2026-02-19T09:55:07.921Z,0,20.26,50,OK,0.1
2026-02-19T09:55:07.971Z,0,20.24,50,OK,0.1
2026-02-19T09:55:08.021Z,0,20.23,50,OK,0.1
2026-02-19T09:55:08.071Z,0,20.24,50,OK,0.1
2026-02-19T09:55:08.121Z,0,20.22,50,OK,0.1
2026-02-19T09:55:08.171Z,0,20.22,50,OK,0.1
2026-02-19T09:55:08.221Z,0,20.24,50,OK,0.1
2026-02-19T09:55:08.271Z,0,20.25,50,OK,0.1
2026-02-19T09:55:08.321Z,0,20.23,50,OK,0.1
2026-02-19T09:55:08.371Z,0,20.25,50,OK,0.1
2026-02-19T09:55:08.421Z,0,20.26,50,OK,0.1
2026-02-19T09:55:08.472Z,0,20.22,50,OK,0.1
2026-02-19T09:55:08.522Z,0,20.22,50,OK,0.1
2026-02-19T09:55:08.572Z,0,20.26,50,OK,0.1
2026-02-19T09:55:08.622Z,0,20.28,50,OK,0.1
2026-02-19T09:55:08.672Z,0,20.34,50,OK,0.1
2026-02-19T09:55:08.722Z,0,20.40,50,OK,0.1
2026-02-19T09:55:08.772Z,0,20.41,50,OK,0.1
2026-02-19T09:55:08.822Z,0,20.41,50,OK,0.1
2026-02-19T09:55:08.873Z,0,20.40,50,OK,0.1
2026-02-19T09:55:08.923Z,0,20.36,50,OK,0.1
2026-02-19T09:55:08.974Z,0,20.36,50,OK,0.1
2026-02-19T09:55:09.024Z,0,20.40,50,OK,0.1
2026-02-19T09:55:09.075Z,0,20.38,50,OK,0.1
2026-02-19T09:55:09.125Z,0,20.43,50,OK,0.1
2026-02-19T09:55:09.177Z,0,20.41,50,OK,0.1
2026-02-19T09:55:09.228Z,0,20.41,50,OK,0.1
2026-02-19T09:55:09.278Z,0,20.40,50,OK,0.1
2026-02-19T09:55:09.329Z,0,20.41,50,OK,0.1
2026-02-19T09:55:09.379Z,0,20.36,50,OK,0.1
2026-02-19T09:55:09.430Z,0,20.33,50,OK,0.1
2026-02-19T09:55:09.481Z,0,20.32,50,OK,0.1
2026-02-19T09:55:09.532Z,0,20.28,50,OK,0.1
2026-02-19T09:55:09.582Z,0,20.25,50,OK,0.1
2026-02-19T09:55:09.633Z,0,20.25,50,OK,0.1
2026-02-19T09:55:09.684Z,0,20.27,50,OK,0.1
2026-02-19T09:55:09.735Z,0,20.28,50,OK,0.1
2026-02-19T09:55:09.785Z,0,20.30,50,OK,0.1
2026-02-19T09:55:09.835Z,0,20.33,50,OK,0.1
2026-02-19T09:55:09.885Z,0,20.33,50,OK,0.1
2026-02-19T09:55:09.936Z,0,20.30,50,OK,0.1
2026-02-19T09:55:09.987Z,0,20.29,50,OK,0.1
2026-02-19T09:55:10.038Z,0,20.28,50,OK,0.1
2026-02-19T09:55:10.088Z,0,20.23,50,OK,0.1
2026-02-19T09:55:10.138Z,0,20.04,50,OK,0.1
2026-02-19T09:55:10.188Z,0,20.03,50,OK,0.1
2026-02-19T09:55:10.239Z,0,20.12,50,OK,0.1
2026-02-19T09:55:10.289Z,0,20.13,50,OK,0.1
2026-02-19T09:55:10.340Z,0,20.26,50,OK,0.1
2026-02-19T09:55:10.390Z,0,20.47,50,OK,0.1
2026-02-19T09:55:10.440Z,0,20.59,50,OK,0.1
2026-02-19T09:55:10.490Z,0,20.49,50,OK,0.1
2026-02-19T09:55:10.540Z,0,20.48,50,OK,0.1
2026-02-19T09:55:10.591Z,0,20.39,50,OK,0.1
2026-02-19T09:55:10.641Z,0,20.48,50,OK,0.1
2026-02-19T09:55:10.692Z,0,20.40,50,OK,0.1
2026-02-19T09:55:10.742Z,0,20.37,50,OK,0.1
2026-02-19T09:55:10.792Z,0,20.40,50,OK,0.1
2026-02-19T09:55:10.843Z,0,20.45,50,OK,0.1
2026-02-19T09:55:10.893Z,0,20.38,50,OK,0.1
2026-02-19T09:55:10.945Z,0,20.42,50,OK,0.1
2026-02-19T09:55:10.996Z,0,20.49,50,OK,0.1
2026-02-19T09:55:11.046Z,0,20.43,50,OK,0.1
2026-02-19T09:55:11.097Z,0,20.41,50,OK,0.1
2026-02-19T09:55:11.148Z,0,20.41,50,OK,0.1
2026-02-19T09:55:11.199Z,0,20.34,50,OK,0.1
2026-02-19T09:55:11.250Z,0,20.37,50,OK,0.1
2026-02-19T09:55:11.301Z,0,20.44,50,OK,0.1
2026-02-19T09:55:11.351Z,0,20.45,50,OK,0.1
2026-02-19T09:55:11.401Z,0,20.44,50,OK,0.1
2026-02-19T09:55:11.451Z,0,20.38,50,OK,0.1
2026-02-19T09:55:11.501Z,0,20.32,50,OK,0.1
2026-02-19T09:55:11.551Z,0,20.34,50,OK,0.1
2026-02-19T09:55:11.601Z,0,20.28,50,OK,0.1
2026-02-19T09:55:11.651Z,0,20.34,50,OK,0.1
2026-02-19T09:55:11.701Z,0,20.37,50,OK,0.1
2026-02-19T09:55:11.751Z,0,20.49,50,OK,0.1
2026-02-19T09:55:11.801Z,0,20.45,50,OK,0.1
2026-02-19T09:55:11.852Z,0,20.39,50,OK,0.1
2026-02-19T09:55:11.902Z,0,20.32,50,OK,0.1
2026-02-19T09:55:11.952Z,0,20.28,50,OK,0.1
2026-02-19T09:55:12.002Z,0,20.16,50,OK,0.1
2026-02-19T09:55:12.052Z,0,20.01,50,OK,0.1
2026-02-19T09:55:12.102Z,0,20.09,50,OK,0.1
2026-02-19T09:55:12.152Z,0,20.09,50,OK,0.1
2026-02-19T09:55:12.203Z,0,20.15,50,OK,0.1
2026-02-19T09:55:12.254Z,0,20.22,50,OK,0.1
2026-02-19T09:55:12.304Z,0,20.37,50,OK,0.1
2026-02-19T09:55:12.355Z,0,20.45,50,OK,0.1
2026-02-19T09:55:12.406Z,0,20.44,50,OK,0.1
2026-02-19T09:55:12.456Z,0,20.32,50,OK,0.1
2026-02-19T09:55:12.506Z,0,20.27,50,OK,0.1
2026-02-19T09:55:12.556Z,0,20.36,50,OK,0.1
2026-02-19T09:55:12.607Z,0,20.27,50,OK,0.1
2026-02-19T09:55:12.657Z,0,20.33,50,OK,0.1
2026-02-19T09:55:12.707Z,0,20.44,50,OK,0.1
2026-02-19T09:55:12.757Z,0,20.31,50,OK,0.1
2026-02-19T09:55:12.807Z,0,20.20,50,OK,0.1
2026-02-19T09:55:12.858Z,0,20.33,50,OK,0.1
2026-02-19T09:55:12.908Z,0,20.28,50,OK,0.1
2026-02-19T09:55:12.958Z,0,20.33,50,OK,0.1
2026-02-19T09:55:13.009Z,0,20.48,50,OK,0.1
2026-02-19T09:55:13.059Z,0,20.56,50,OK,0.1
2026-02-19T09:55:13.109Z,0,20.44,50,OK,0.1
2026-02-19T09:55:13.159Z,0,20.44,50,OK,0.1
2026-02-19T09:55:13.209Z,0,20.40,50,OK,0.1
2026-02-19T09:55:13.259Z,0,20.45,50,OK,0.1
2026-02-19T09:55:13.309Z,0,20.39,50,OK,0.1
2026-02-19T09:55:13.359Z,0,20.44,50,OK,0.1
2026-02-19T09:55:13.409Z,0,20.38,50,OK,0.1
2026-02-19T09:55:13.460Z,0,20.47,50,OK,0.1
2026-02-19T09:55:13.510Z,0,20.38,50,OK,0.1
2026-02-19T09:55:13.560Z,0,20.46,50,OK,0.1
2026-02-19T09:55:13.611Z,0,20.45,50,OK,0.1
2026-02-19T09:55:13.661Z,0,20.61,50,OK,0.1
2026-02-19T09:55:13.711Z,0,20.54,50,OK,0.1
2026-02-19T09:55:13.761Z,0,20.47,50,OK,0.1
2026-02-19T09:55:13.811Z,0,20.40,50,OK,0.1
2026-02-19T09:55:13.862Z,0,20.28,50,OK,0.1
2026-02-19T09:55:13.913Z,0,20.17,50,OK,0.1
2026-02-19T09:55:13.963Z,0,20.25,50,OK,0.1
2026-02-19T09:55:14.013Z,0,20.34,50,OK,0.1
2026-02-19T09:55:14.063Z,0,20.25,50,OK,0.1
2026-02-19T09:55:14.113Z,0,20.23,50,OK,0.1
2026-02-19T09:55:14.163Z,0,20.32,50,OK,0.1
2026-02-19T09:55:14.213Z,0,20.21,50,OK,0.1
2026-02-19T09:55:14.263Z,0,20.27,50,OK,0.1
2026-02-19T09:55:14.314Z,0,20.32,50,OK,0.1
2026-02-19T09:55:14.364Z,0,20.49,50,OK,0.1
2026-02-19T09:55:14.414Z,0,20.43,50,OK,0.1
2026-02-19T09:55:14.465Z,0,20.41,50,OK,0.1
2026-02-19T09:55:14.515Z,0,20.36,50,OK,0.1
2026-02-19T09:55:14.566Z,0,20.40,50,OK,0.1
2026-02-19T09:55:14.617Z,0,20.37,50,OK,0.1
2026-02-19T09:55:14.668Z,0,20.30,50,OK,0.1
2026-02-19T09:55:14.717Z,0,20.27,50,OK,0.1
2026-02-19T09:55:14.768Z,0,20.08,50,OK,0.1
2026-02-19T09:55:14.819Z,0,19.98,50,OK,0.1
2026-02-19T09:55:14.870Z,0,19.99,50,OK,0.1
2026-02-19T09:55:14.919Z,0,20.04,50,OK,0.1
2026-02-19T09:55:14.971Z,0,20.10,50,OK,0.1
2026-02-19T09:55:15.021Z,0,20.27,50,OK,0.1
2026-02-19T09:55:15.071Z,0,20.39,50,OK,0.1
2026-02-19T09:55:15.121Z,0,20.37,50,OK,0.1
2026-02-19T09:55:15.172Z,0,20.35,50,OK,0.1
2026-02-19T09:55:15.223Z,0,20.40,50,OK,0.1
2026-02-19T09:55:15.273Z,0,20.44,50,OK,0.1
2026-02-19T09:55:15.324Z,0,20.43,50,OK,0.1
2026-02-19T09:55:15.374Z,0,20.44,50,OK,0.1
2026-02-19T09:55:15.424Z,0,20.46,50,OK,0.1
2026-02-19T09:55:15.474Z,0,20.31,50,OK,0.1
2026-02-19T09:55:15.525Z,0,20.27,50,OK,0.1
2026-02-19T09:55:15.575Z,0,20.23,50,OK,0.1
2026-02-19T09:55:15.625Z,0,20.19,50,OK,0.1
2026-02-19T09:55:15.675Z,0,20.10,50,OK,0.1
2026-02-19T09:55:15.725Z,0,20.17,50,OK,0.1
2026-02-19T09:55:15.775Z,0,20.16,50,OK,0.1
2026-02-19T09:55:15.825Z,0,20.15,50,OK,0.1
2026-02-19T09:55:15.875Z,0,20.17,50,OK,0.1
2026-02-19T09:55:15.926Z,0,20.21,50,OK,0.1
2026-02-19T09:55:15.976Z,0,20.30,50,OK,0.1
2026-02-19T09:55:16.026Z,0,20.30,50,OK,0.1
2026-02-19T09:55:16.076Z,0,20.26,50,OK,0.1
2026-02-19T09:55:16.126Z,0,20.26,50,OK,0.1
2026-02-19T09:55:16.177Z,0,20.35,50,OK,0.1
2026-02-19T09:55:16.228Z,0,20.32,50,OK,0.1
2026-02-19T09:55:16.279Z,0,20.40,50,OK,0.1
2026-02-19T09:55:16.329Z,0,20.48,50,OK,0.1
2026-02-19T09:55:16.380Z,0,20.50,50,OK,0.1
2026-02-19T09:55:16.430Z,0,20.42,50,OK,0.1
2026-02-19T09:55:16.480Z,0,20.42,50,OK,0.1
2026-02-19T09:55:16.530Z,0,20.40,50,OK,0.1
2026-02-19T09:55:16.581Z,0,20.48,50,OK,0.1
2026-02-19T09:55:16.631Z,0,20.41,50,OK,0.1
2026-02-19T09:55:16.681Z,0,20.49,50,OK,0.1
2026-02-19T09:55:16.732Z,0,20.51,50,OK,0.1
2026-02-19T09:55:16.782Z,0,20.51,50,OK,0.1
2026-02-19T09:55:16.832Z,0,20.98,50,OK,0.1
2026-02-19T09:55:16.882Z,0,20.99,50,OK,0.1
2026-02-19T09:55:16.933Z,0,20.92,50,OK,0.1
2026-02-19T09:55:16.982Z,0,20.79,50,OK,0.1
2026-02-19T09:55:17.033Z,0,20.73,50,OK,0.1
2026-02-19T09:55:17.083Z,0,20.19,50,OK,0.1
2026-02-19T09:55:17.133Z,0,20.22,50,OK,0.1
2026-02-19T09:55:17.183Z,0,20.19,50,OK,0.1
2026-02-19T09:55:17.235Z,0,20.29,50,OK,0.1
2026-02-19T09:55:17.285Z,0,20.28,50,OK,0.1
2026-02-19T09:55:17.335Z,0,20.29,50,OK,0.1
2026-02-19T09:55:17.386Z,0,20.29,50,OK,0.1
2026-02-19T09:55:17.436Z,0,20.36,50,OK,0.1
2026-02-19T09:55:17.486Z,0,20.34,50,OK,0.1
2026-02-19T09:55:17.537Z,0,20.40,50,OK,0.1
2026-02-19T09:55:17.588Z,0,20.46,50,OK,0.1
2026-02-19T09:55:17.638Z,0,20.45,50,OK,0.1
2026-02-19T09:55:17.689Z,0,20.39,50,OK,0.1
2026-02-19T09:55:17.739Z,0,20.38,50,OK,0.1
2026-02-19T09:55:17.789Z,0,20.30,50,OK,0.1
2026-02-19T09:55:17.839Z,0,20.00,50,OK,0.1
2026-02-19T09:55:17.889Z,0,20.01,50,OK,0.1
2026-02-19T09:55:17.939Z,0,20.09,50,OK,0.1
2026-02-19T09:55:17.990Z,0,20.12,50,OK,0.1
2026-02-19T09:55:18.041Z,0,20.20,50,OK,0.1
2026-02-19T09:55:18.092Z,0,20.42,50,OK,0.1
2026-02-19T09:55:18.143Z,0,20.41,50,OK,0.1
2026-02-19T09:55:18.193Z,0,20.32,50,OK,0.1
2026-02-19T09:55:18.245Z,0,20.29,50,OK,0.1
2026-02-19T09:55:18.295Z,0,20.34,50,OK,0.1
2026-02-19T09:55:18.345Z,0,20.34,50,OK,0.1
2026-02-19T09:55:18.395Z,0,20.37,50,OK,0.1
2026-02-19T09:55:18.445Z,0,20.40,50,OK,0.1
2026-02-19T09:55:18.497Z,0,20.41,50,OK,0.1
2026-02-19T09:55:18.547Z,0,20.32,50,OK,0.1
2026-02-19T09:55:18.597Z,0,20.29,50,OK,0.1
2026-02-19T09:55:18.648Z,0,20.24,50,OK,0.1
2026-02-19T09:55:18.698Z,0,20.27,50,OK,0.1
2026-02-19T09:55:18.749Z,0,20.26,50,OK,0.1
2026-02-19T09:55:18.799Z,0,20.26,50,OK,0.1
2026-02-19T09:55:18.850Z,0,20.27,50,OK,0.1
2026-02-19T09:55:18.901Z,0,20.25,50,OK,0.1
2026-02-19T09:55:18.962Z,0,20.24,50,OK,0.1
2026-02-19T09:55:19.001Z,0,20.37,50,OK,0.1
2026-02-19T09:55:19.051Z,0,20.35,50,OK,0.1
2026-02-19T09:55:19.102Z,0,20.35,50,OK,0.1
2026-02-19T09:55:19.151Z,0,20.37,50,OK,0.1
2026-02-19T09:55:19.202Z,0,20.35,50,OK,0.1
2026-02-19T09:55:19.252Z,0,20.22,50,OK,0.1
2026-02-19T09:55:19.302Z,0,20.22,50,OK,0.1
2026-02-19T09:55:19.352Z,0,20.22,50,OK,0.1
2026-02-19T09:55:19.402Z,0,20.22,50,OK,0.1
2026-02-19T09:55:19.452Z,0,20.21,50,OK,0.1
2026-02-19T09:55:19.503Z,0,20.20,50,OK,0.1
2026-02-19T09:55:19.554Z,0,20.21,50,OK,0.1
2026-02-19T09:55:19.604Z,0,20.21,50,OK,0.1
2026-02-19T09:55:19.654Z,0,20.22,50,OK,0.1
2026-02-19T09:55:19.705Z,0,20.25,50,OK,0.1
2026-02-19T09:55:19.754Z,0,20.25,50,OK,0.1
2026-02-19T09:55:19.805Z,0,20.27,50,OK,0.1
2026-02-19T09:55:19.855Z,0,20.27,50,OK,0.1
2026-02-19T09:55:19.905Z,0,20.26,50,OK,0.1
2026-02-19T09:55:19.955Z,0,20.24,50,OK,0.1
2026-02-19T09:55:20.005Z,0,20.24,50,OK,0.1
2026-02-19T09:55:20.055Z,0,20.23,50,OK,0.1
2026-02-19T09:55:20.105Z,0,20.20,50,OK,0.1
2026-02-19T09:55:20.155Z,0,20.22,50,OK,0.1
2026-02-19T09:55:20.205Z,0,20.22,50,OK,0.1
2026-02-19T09:55:20.255Z,0,20.21,50,OK,0.1
2026-02-19T09:55:20.305Z,0,20.20,50,OK,0.1
2026-02-19T09:55:20.355Z,0,20.22,50,OK,0.1
2026-02-19T09:55:20.407Z,0,20.21,50,OK,0.1
2026-02-19T09:55:20.457Z,0,20.23,50,OK,0.1
2026-02-19T09:55:20.507Z,0,20.22,50,OK,0.1
2026-02-19T09:55:20.557Z,0,20.22,50,OK,0.1
2026-02-19T09:55:20.607Z,0,20.23,50,OK,0.1
2026-02-19T09:55:20.658Z,0,20.23,50,OK,0.1
2026-02-19T09:55:20.708Z,0,20.27,50,OK,0.1
2026-02-19T09:55:20.758Z,0,20.29,50,OK,0.1
2026-02-19T09:55:20.808Z,0,20.36,50,OK,0.1
2026-02-19T09:55:20.858Z,0,20.40,50,OK,0.1
2026-02-19T09:55:20.908Z,0,20.39,50,OK,0.1
2026-02-19T09:55:20.958Z,0,20.38,50,OK,0.1
2026-02-19T09:55:21.008Z,0,20.37,50,OK,0.1
2026-02-19T09:55:21.058Z,0,20.32,50,OK,0.1
2026-02-19T09:55:21.109Z,0,20.30,50,OK,0.1
2026-02-19T09:55:21.158Z,0,20.28,50,OK,0.1
2026-02-19T09:55:21.209Z,0,20.24,50,OK,0.1
2026-02-19T09:55:21.259Z,0,20.25,50,OK,0.1
2026-02-19T09:55:21.310Z,0,20.27,50,OK,0.1
2026-02-19T09:55:21.360Z,0,20.30,50,OK,0.1
2026-02-19T09:55:21.410Z,0,20.33,50,OK,0.1
2026-02-19T09:55:21.460Z,0,20.33,50,OK,0.1
2026-02-19T09:55:21.511Z,0,20.34,50,OK,0.1
2026-02-19T09:55:21.561Z,0,20.33,50,OK,0.1
2026-02-19T09:55:21.611Z,0,20.29,50,OK,0.1
2026-02-19T09:55:21.662Z,0,20.25,50,OK,0.1
2026-02-19T09:55:21.713Z,0,20.29,50,OK,0.1
2026-02-19T09:55:21.763Z,0,20.24,50,OK,0.1
2026-02-19T09:55:21.813Z,0,20.24,50,OK,0.1
2026-02-19T09:55:21.863Z,0,20.29,50,OK,0.1
2026-02-19T09:55:21.913Z,0,20.32,50,OK,0.1
2026-02-19T09:55:21.963Z,0,20.32,50,OK,0.1
2026-02-19T09:55:22.013Z,0,20.36,50,OK,0.1
2026-02-19T09:55:22.063Z,0,20.34,50,OK,0.1
2026-02-19T09:55:22.114Z,0,20.32,50,OK,0.1
2026-02-19T09:55:22.164Z,0,20.19,50,OK,0.1
2026-02-19T09:55:22.214Z,0,20.15,50,OK,0.1
2026-02-19T09:55:22.264Z,0,20.16,50,OK,0.1
2026-02-19T09:55:22.314Z,0,20.17,50,OK,0.1
2026-02-19T09:55:22.364Z,0,20.16,50,OK,0.1
2026-02-19T09:55:22.414Z,0,20.25,50,OK,0.1
2026-02-19T09:55:22.464Z,0,20.24,50,OK,0.1
2026-02-19T09:55:22.515Z,0,20.25,50,OK,0.1
2026-02-19T09:55:22.565Z,0,20.29,50,OK,0.1
2026-02-19T09:55:22.615Z,0,20.39,50,OK,0.1
2026-02-19T09:55:22.665Z,0,20.39,50,OK,0.1
2026-02-19T09:55:22.715Z,0,20.42,50,OK,0.1
2026-02-19T09:55:22.765Z,0,20.41,50,OK,0.1
2026-02-19T09:55:22.815Z,0,20.38,50,OK,0.1
2026-02-19T09:55:22.866Z,0,20.27,50,OK,0.1
2026-02-19T09:55:22.917Z,0,20.31,50,OK,0.1
2026-02-19T09:55:22.966Z,0,20.28,50,OK,0.1
2026-02-19T09:55:23.016Z,0,20.28,50,OK,0.1
2026-02-19T09:55:23.066Z,0,20.26,50,OK,0.1
2026-02-19T09:55:23.116Z,0,20.30,50,OK,0.1
2026-02-19T09:55:23.166Z,0,20.26,50,OK,0.1
2026-02-19T09:55:23.217Z,0,20.28,50,OK,0.1
2026-02-19T09:55:23.267Z,0,20.28,50,OK,0.1
2026-02-19T09:55:23.318Z,0,20.29,50,OK,0.1
2026-02-19T09:55:23.369Z,0,20.23,50,OK,0.1
2026-02-19T09:55:23.419Z,0,20.25,50,OK,0.1
2026-02-19T09:55:23.469Z,0,20.24,50,OK,0.1
2026-02-19T09:55:23.520Z,0,20.22,50,OK,0.1
2026-02-19T09:55:23.570Z,0,20.28,50,OK,0.1
2026-02-19T09:55:23.621Z,0,20.31,50,OK,0.1
2026-02-19T09:55:23.672Z,0,20.30,50,OK,0.1
2026-02-19T09:55:23.723Z,0,20.34,50,OK,0.1
2026-02-19T09:55:23.773Z,0,20.30,50,OK,0.1
2026-02-19T09:55:23.825Z,0,20.33,50,OK,0.1
2026-02-19T09:55:23.876Z,0,20.32,50,OK,0.1
2026-02-19T09:55:23.926Z,0,20.38,50,OK,0.1
2026-02-19T09:55:23.976Z,0,20.38,50,OK,0.1
2026-02-19T09:55:24.026Z,0,20.47,50,OK,0.1
2026-02-19T09:55:24.077Z,0,20.45,50,OK,0.1
2026-02-19T09:55:24.128Z,0,20.45,50,OK,0.1
2026-02-19T09:55:24.178Z,0,20.46,50,OK,0.1
2026-02-19T09:55:24.228Z,0,20.46,50,OK,0.1
2026-02-19T09:55:24.279Z,0,20.31,50,OK,0.1
2026-02-19T09:55:24.330Z,0,20.28,50,OK,0.1
2026-02-19T09:55:24.380Z,0,20.27,50,OK,0.1
2026-02-19T09:55:24.431Z,0,20.21,50,OK,0.1
2026-02-19T09:55:24.481Z,0,20.23,50,OK,0.1
2026-02-19T09:55:24.531Z,0,20.35,50,OK,0.1
2026-02-19T09:55:24.582Z,0,20.28,50,OK,0.1
2026-02-19T09:55:24.632Z,0,20.27,50,OK,0.1
2026-02-19T09:55:24.682Z,0,20.33,50,OK,0.1
2026-02-19T09:55:24.733Z,0,20.28,50,OK,0.1
2026-02-19T09:55:24.783Z,0,20.20,50,OK,0.1
2026-02-19T09:55:24.833Z,0,20.26,50,OK,0.1
2026-02-19T09:55:24.883Z,0,20.32,50,OK,0.1
2026-02-19T09:55:24.933Z,0,20.25,50,OK,0.1
2026-02-19T09:55:24.983Z,0,20.28,50,OK,0.1
2026-02-19T09:55:25.033Z,0,20.35,50,OK,0.1
2026-02-19T09:55:25.084Z,0,20.33,50,OK,0.1
2026-02-19T09:55:25.134Z,0,20.31,50,OK,0.1
2026-02-19T09:55:25.185Z,0,20.38,50,OK,0.1
2026-02-19T09:55:25.235Z,0,20.37,50,OK,0.1
2026-02-19T09:55:25.286Z,0,20.39,50,OK,0.1
2026-02-19T09:55:25.337Z,0,20.52,50,OK,0.1
2026-02-19T09:55:25.387Z,0,20.55,50,OK,0.1
2026-02-19T09:55:25.439Z,0,20.56,50,OK,0.1
2026-02-19T09:55:25.489Z,0,20.62,50,OK,0.1
2026-02-19T09:55:25.539Z,0,20.60,50,OK,0.1
2026-02-19T09:55:25.590Z,0,20.46,50,OK,0.1
2026-02-19T09:55:25.640Z,0,20.45,50,OK,0.1
2026-02-19T09:55:25.691Z,0,20.37,50,OK,0.1
2026-02-19T09:55:25.742Z,0,20.30,50,OK,0.1
2026-02-19T09:55:25.792Z,0,20.29,50,OK,0.1
2026-02-19T09:55:25.842Z,0,20.39,50,OK,0.1
2026-02-19T09:55:25.893Z,0,20.36,50,OK,0.1
2026-02-19T09:55:25.944Z,0,20.38,50,OK,0.1
2026-02-19T09:55:25.995Z,0,20.39,50,OK,0.1
2026-02-19T09:55:26.045Z,0,20.40,50,OK,0.1
2026-02-19T09:55:26.095Z,0,20.45,50,OK,0.1
2026-02-19T09:55:26.145Z,0,20.46,50,OK,0.1
2026-02-19T09:55:26.195Z,0,20.59,50,OK,0.1
2026-02-19T09:55:26.245Z,0,20.62,50,OK,0.1
2026-02-19T09:55:26.296Z,0,20.50,50,OK,0.1
2026-02-19T09:55:26.346Z,0,20.41,50,OK,0.1
2026-02-19T09:55:26.397Z,0,20.28,50,OK,0.1
2026-02-19T09:55:26.448Z,0,20.19,50,OK,0.1
2026-02-19T09:55:26.498Z,0,20.12,50,OK,0.1
2026-02-19T09:55:26.549Z,0,20.25,50,OK,0.1
2026-02-19T09:55:26.599Z,0,20.23,50,OK,0.1
2026-02-19T09:55:26.649Z,0,20.36,50,OK,0.1
2026-02-19T09:55:26.699Z,0,20.31,50,OK,0.1
2026-02-19T09:55:26.749Z,0,20.37,50,OK,0.1
2026-02-19T09:55:26.799Z,0,20.32,50,OK,0.1
2026-02-19T09:55:26.850Z,0,20.31,50,OK,0.1
2026-02-19T09:55:26.901Z,0,20.26,50,OK,0.1
2026-02-19T09:55:26.951Z,0,20.28,50,OK,0.1
2026-02-19T09:55:27.002Z,0,20.29,50,OK,0.1
2026-02-19T09:55:27.052Z,0,20.31,50,OK,0.1
2026-02-19T09:55:27.102Z,0,20.34,50,OK,0.1
2026-02-19T09:55:27.152Z,0,20.40,50,OK,0.1
2026-02-19T09:55:27.202Z,0,20.46,50,OK,0.1
2026-02-19T09:55:27.252Z,0,20.43,50,OK,0.1
2026-02-19T09:55:27.302Z,0,20.50,50,OK,0.1
2026-02-19T09:55:27.353Z,0,20.49,50,OK,0.1
2026-02-19T09:55:27.403Z,0,20.52,50,OK,0.1
2026-02-19T09:55:27.454Z,0,20.42,50,OK,0.1
2026-02-19T09:55:27.504Z,0,20.50,50,OK,0.1
2026-02-19T09:55:27.555Z,0,20.46,50,OK,0.1
2026-02-19T09:55:27.605Z,0,20.59,50,OK,0.1
2026-02-19T09:55:27.655Z,0,20.56,50,OK,0.1
2026-02-19T09:55:27.707Z,0,20.69,50,OK,0.1
2026-02-19T09:55:27.757Z,0,20.62,50,OK,0.1
2026-02-19T09:55:27.807Z,0,20.53,50,OK,0.1
2026-02-19T09:55:27.859Z,0,20.43,50,OK,0.1
2026-02-19T09:55:27.909Z,0,20.51,50,OK,0.1
2026-02-19T09:55:27.959Z,0,20.44,50,OK,0.1
2026-02-19T09:55:28.011Z,0,20.49,50,OK,0.1
2026-02-19T09:55:28.061Z,0,20.60,50,OK,0.1
2026-02-19T09:55:28.111Z,0,20.63,50,OK,0.1
2026-02-19T09:55:28.161Z,0,20.55,50,OK,0.1
2026-02-19T09:55:28.211Z,0,20.41,50,OK,0.1
2026-02-19T09:55:28.261Z,0,20.35,50,OK,0.1
2026-02-19T09:55:28.312Z,0,20.32,50,OK,0.1
2026-02-19T09:55:28.362Z,0,20.28,50,OK,0.1
2026-02-19T09:55:28.413Z,0,20.36,50,OK,0.1
2026-02-19T09:55:28.464Z,0,20.45,50,OK,0.1
2026-02-19T09:55:28.514Z,0,20.52,50,OK,0.1
2026-02-19T09:55:28.565Z,0,20.54,50,OK,0.1
2026-02-19T09:55:28.615Z,0,20.59,50,OK,0.1
2026-02-19T09:55:28.667Z,0,20.49,50,OK,0.1
2026-02-19T09:55:28.717Z,0,20.56,50,OK,0.1
2026-02-19T09:55:28.768Z,0,20.50,50,OK,0.1
2026-02-19T09:55:28.818Z,0,20.54,50,OK,0.1
2026-02-19T09:55:28.868Z,0,20.47,50,OK,0.1
2026-02-19T09:55:28.919Z,0,20.44,50,OK,0.1
2026-02-19T09:55:28.969Z,0,20.38,50,OK,0.1
2026-02-19T09:55:29.019Z,0,20.31,50,OK,0.1
2026-02-19T09:55:29.069Z,0,20.25,50,OK,0.1
2026-02-19T09:55:29.119Z,0,20.25,50,OK,0.1
2026-02-19T09:55:29.169Z,0,20.29,50,OK,0.1
2026-02-19T09:55:29.221Z,0,20.30,50,OK,0.1
2026-02-19T09:55:29.271Z,0,20.32,50,OK,0.1
2026-02-19T09:55:29.321Z,0,20.24,50,OK,0.1
2026-02-19T09:55:29.372Z,0,20.21,50,OK,0.1
2026-02-19T09:55:29.422Z,0,20.23,50,OK,0.1
2026-02-19T09:55:29.472Z,0,20.22,50,OK,0.1
2026-02-19T09:55:29.523Z,0,20.23,50,OK,0.1
2026-02-19T09:55:29.574Z,0,20.30,50,OK,0.1
2026-02-19T09:55:29.624Z,0,20.33,50,OK,0.1
2026-02-19T09:55:29.674Z,0,20.30,50,OK,0.1
2026-02-19T09:55:29.724Z,0,20.36,50,OK,0.1
2026-02-19T09:55:29.774Z,0,20.31,50,OK,0.1
2026-02-19T09:55:29.825Z,0,20.40,50,OK,0.1
2026-02-19T09:55:29.877Z,0,20.36,50,OK,0.1
2026-02-19T09:55:29.926Z,0,20.21,50,OK,0.1
2026-02-19T09:55:29.976Z,0,20.11,50,OK,0.1
2026-02-19T09:55:30.026Z,0,20.07,50,OK,0.1
2026-02-19T09:55:30.077Z,0,19.97,50,OK,0.1
2026-02-19T09:55:30.128Z,0,19.99,50,OK,0.1
2026-02-19T09:55:30.179Z,0,20.12,50,OK,0.1
2026-02-19T09:55:30.229Z,0,20.16,50,OK,0.1
2026-02-19T09:55:30.279Z,0,20.21,50,OK,0.1
2026-02-19T09:55:30.330Z,0,20.18,50,OK,0.1
2026-02-19T09:55:30.380Z,0,20.17,50,OK,0.1
2026-02-19T09:55:30.431Z,0,20.28,50,OK,0.1
2026-02-19T09:55:30.481Z,0,20.25,50,OK,0.1
2026-02-19T09:55:30.532Z,0,20.34,50,OK,0.1
2026-02-19T09:55:30.582Z,0,20.43,50,OK,0.1
2026-02-19T09:55:30.632Z,0,20.46,50,OK,0.1
2026-02-19T09:55:30.682Z,0,20.38,50,OK,0.1
2026-02-19T09:55:30.733Z,0,20.40,50,OK,0.1
2026-02-19T09:55:30.783Z,0,20.34,50,OK,0.1
2026-02-19T09:55:30.834Z,0,20.28,50,OK,0.1
2026-02-19T09:55:30.885Z,0,20.29,50,OK,0.1
2026-02-19T09:55:30.936Z,0,20.30,50,OK,0.1
2026-02-19T09:55:30.987Z,0,20.32,50,OK,0.1
2026-02-19T09:55:31.038Z,0,20.32,50,OK,0.1
2026-02-19T09:55:31.089Z,0,20.44,50,OK,0.1
2026-02-19T09:55:31.140Z,0,20.43,50,OK,0.1
2026-02-19T09:55:31.190Z,0,20.43,50,OK,0.1
2026-02-19T09:55:31.241Z,0,20.44,50,OK,0.1
2026-02-19T09:55:31.291Z,0,20.47,50,OK,0.1
2026-02-19T09:55:31.341Z,0,20.40,50,OK,0.1
2026-02-19T09:55:31.391Z,0,20.38,50,OK,0.1
2026-02-19T09:55:31.441Z,0,20.40,50,OK,0.1
2026-02-19T09:55:31.491Z,0,20.38,50,OK,0.1
2026-02-19T09:55:31.541Z,0,20.36,50,OK,0.1
2026-02-19T09:55:31.592Z,0,20.38,50,OK,0.1
2026-02-19T09:55:31.643Z,0,20.38,50,OK,0.1
2026-02-19T09:55:31.693Z,0,20.38,50,OK,0.1
2026-02-19T09:55:31.744Z,0,20.39,50,OK,0.1
2026-02-19T09:55:31.794Z,0,20.40,50,OK,0.1
2026-02-19T09:55:31.844Z,0,20.41,50,OK,0.1
2026-02-19T09:55:31.894Z,0,20.45,50,OK,0.1
2026-02-19T09:55:31.945Z,0,20.48,50,OK,0.1
2026-02-19T09:55:31.995Z,0,20.47,50,OK,0.1
2026-02-19T09:55:32.047Z,0,20.43,50,OK,0.1
2026-02-19T09:55:32.098Z,0,20.42,50,OK,0.1
2026-02-19T09:55:32.148Z,0,20.41,50,OK,0.1
2026-02-19T09:55:32.198Z,0,21.01,50,OK,0.1
2026-02-19T09:55:32.249Z,0,21.01,50,OK,0.1
2026-02-19T09:55:32.299Z,0,21.06,50,OK,0.1
2026-02-19T09:55:32.350Z,0,21.03,50,OK,0.1
2026-02-19T09:55:32.400Z,0,21.04,50,OK,0.1
2026-02-19T09:55:32.452Z,0,20.37,50,OK,0.1
2026-02-19T09:55:32.502Z,0,20.35,50,OK,0.1
2026-02-19T09:55:32.552Z,0,20.24,50,OK,0.1
2026-02-19T09:55:32.602Z,0,20.22,50,OK,0.1
2026-02-19T09:55:32.652Z,0,20.18,50,OK,0.1
2026-02-19T09:55:32.719Z,0,20.21,50,OK,0.1
2026-02-19T09:55:32.769Z,0,20.14,50,OK,0.1
2026-02-19T09:55:32.819Z,0,20.22,50,OK,0.1
2026-02-19T09:55:32.869Z,0,20.22,50,OK,0.1
2026-02-19T09:55:32.919Z,0,20.21,50,OK,0.1
2026-02-19T09:55:32.970Z,0,20.17,50,OK,0.1
2026-02-19T09:55:33.020Z,0,20.23,50,OK,0.1
2026-02-19T09:55:33.070Z,0,20.25,50,OK,0.1
2026-02-19T09:55:33.119Z,0,20.09,50,OK,0.1
2026-02-19T09:55:33.170Z,0,20.11,50,OK,0.1
2026-02-19T09:55:33.220Z,0,20.13,50,OK,0.1
2026-02-19T09:55:33.270Z,0,20.16,50,OK,0.1
2026-02-19T09:55:33.321Z,0,20.17,50,OK,0.1
2026-02-19T09:55:33.371Z,0,20.35,50,OK,0.1
2026-02-19T09:55:33.421Z,0,20.36,50,OK,0.1
2026-02-19T09:55:33.472Z,0,20.33,50,OK,0.1
2026-02-19T09:55:33.522Z,0,20.30,50,OK,0.1
2026-02-19T09:55:33.572Z,0,20.27,50,OK,0.1
2026-02-19T09:55:33.623Z,0,20.22,50,OK,0.1
2026-02-19T09:55:33.673Z,0,20.21,50,OK,0.1
2026-02-19T09:55:33.724Z,0,20.24,50,OK,0.1
2026-02-19T09:55:33.774Z,0,20.27,50,OK,0.1
2026-02-19T09:55:33.825Z,0,20.31,50,OK,0.1
2026-02-19T09:55:33.875Z,0,20.37,50,OK,0.1
2026-02-19T09:55:33.925Z,0,20.36,50,OK,0.1
2026-02-19T09:55:33.975Z,0,20.37,50,OK,0.1
2026-02-19T09:55:34.026Z,0,20.41,50,OK,0.1
2026-02-19T09:55:34.077Z,0,20.39,50,OK,0.1
2026-02-19T09:55:34.126Z,0,20.42,50,OK,0.1
2026-02-19T09:55:34.177Z,0,20.43,50,OK,0.1
2026-02-19T09:55:34.228Z,0,20.44,50,OK,0.1
2026-02-19T09:55:34.278Z,0,20.41,50,OK,0.1
2026-02-19T09:55:34.329Z,0,20.42,50,OK,0.1
2026-02-19T09:55:34.380Z,0,20.41,50,OK,0.1
2026-02-19T09:55:34.430Z,0,20.41,50,OK,0.1
2026-02-19T09:55:34.480Z,0,20.39,50,OK,0.1
2026-02-19T09:55:34.531Z,0,20.38,50,OK,0.1
2026-02-19T09:55:34.582Z,0,20.40,50,OK,0.1
2026-02-19T09:55:34.633Z,0,20.38,50,OK,0.1
2026-02-19T09:55:34.684Z,0,20.38,50,OK,0.1
2026-02-19T09:55:34.734Z,0,20.43,50,OK,0.1
2026-02-19T09:55:34.785Z,0,20.41,50,OK,0.1
2026-02-19T09:55:34.835Z,0,20.41,50,OK,0.1
2026-02-19T09:55:34.885Z,0,20.41,50,OK,0.1
2026-02-19T09:55:34.935Z,0,20.39,50,OK,0.1
2026-02-19T09:55:34.985Z,0,20.38,50,OK,0.1
2026-02-19T09:55:35.035Z,0,20.38,50,OK,0.1
2026-02-19T09:55:35.085Z,0,20.37,50,OK,0.1
2026-02-19T09:55:35.136Z,0,20.38,50,OK,0.1
2026-02-19T09:55:35.187Z,0,20.43,50,OK,0.1
2026-02-19T09:55:35.237Z,0,20.40,50,OK,0.1
2026-02-19T09:55:35.287Z,0,20.41,50,OK,0.1
2026-02-19T09:55:35.337Z,0,20.41,50,OK,0.1
2026-02-19T09:55:35.388Z,0,20.41,50,OK,0.1
2026-02-19T09:55:35.438Z,0,20.39,50,OK,0.1
2026-02-19T09:55:35.489Z,0,20.30,50,OK,0.1
2026-02-19T09:55:35.539Z,0,20.26,50,OK,0.1
2026-02-19T09:55:35.589Z,0,20.24,50,OK,0.1
2026-02-19T09:55:35.640Z,0,20.23,50,OK,0.1
2026-02-19T09:55:35.691Z,0,20.24,50,OK,0.1
2026-02-19T09:55:35.741Z,0,20.34,50,OK,0.1
2026-02-19T09:55:35.792Z,0,20.39,50,OK,0.1
2026-02-19T09:55:35.842Z,0,20.42,50,OK,0.1
2026-02-19T09:55:35.892Z,0,20.43,50,OK,0.1
2026-02-19T09:55:35.942Z,0,20.44,50,OK,0.1
2026-02-19T09:55:35.992Z,0,20.46,50,OK,0.1
2026-02-19T09:55:36.042Z,0,20.47,50,OK,0.1
2026-02-19T09:55:36.092Z,0,20.47,50,OK,0.1
2026-02-19T09:55:36.143Z,0,20.49,50,OK,0.1
2026-02-19T09:55:36.194Z,0,20.47,50,OK,0.1
2026-02-19T09:55:36.245Z,0,20.45,50,OK,0.1
2026-02-19T09:55:36.295Z,0,20.41,50,OK,0.1
2026-02-19T09:55:36.345Z,0,20.39,50,OK,0.1
2026-02-19T09:55:36.395Z,0,20.36,50,OK,0.1
2026-02-19T09:55:36.445Z,0,20.38,50,OK,0.1
2026-02-19T09:55:36.495Z,0,20.36,50,OK,0.1
2026-02-19T09:55:36.545Z,0,20.36,50,OK,0.1
2026-02-19T09:55:36.596Z,0,20.32,50,OK,0.1
2026-02-19T09:55:36.646Z,0,20.32,50,OK,0.1
2026-02-19T09:55:36.698Z,0,20.28,50,OK,0.1
2026-02-19T09:55:36.748Z,0,20.26,50,OK,0.1
2026-02-19T09:55:36.799Z,0,20.26,50,OK,0.1
2026-02-19T09:55:36.849Z,0,20.08,50,OK,0.1
2026-02-19T09:55:36.899Z,0,20.05,50,OK,0.1
2026-02-19T09:55:36.950Z,0,20.04,50,OK,0.1
2026-02-19T09:55:37.001Z,0,20.05,50,OK,0.1
2026-02-19T09:55:37.052Z,0,20.02,50,OK,0.1
2026-02-19T09:55:37.102Z,0,20.24,50,OK,0.1
2026-02-19T09:55:37.152Z,0,20.24,50,OK,0.1
2026-02-19T09:55:37.203Z,0,20.23,50,OK,0.1
2026-02-19T09:55:37.253Z,0,20.22,50,OK,0.1
2026-02-19T09:55:37.303Z,0,20.24,50,OK,0.1
2026-02-19T09:55:37.353Z,0,20.27,50,OK,0.1
2026-02-19T09:55:37.403Z,0,20.25,50,OK,0.1
2026-02-19T09:55:37.453Z,0,20.24,50,OK,0.1
2026-02-19T09:55:37.503Z,0,20.28,50,OK,0.1
2026-02-19T09:55:37.553Z,0,20.32,50,OK,0.1
2026-02-19T09:55:37.603Z,0,20.32,50,OK,0.1
2026-02-19T09:55:37.653Z,0,20.37,50,OK,0.1
2026-02-19T09:55:37.703Z,0,20.37,50,OK,0.1
2026-02-19T09:55:37.750Z,0,20.38,50,OK,0.1
2026-02-19T09:55:37.801Z,0,20.37,50,OK,0.1
2026-02-19T09:55:37.851Z,0,20.36,50,OK,0.1
2026-02-19T09:55:37.901Z,0,20.37,50,OK,0.1
2026-02-19T09:55:37.952Z,0,20.44,50,OK,0.1
2026-02-19T09:55:38.003Z,0,20.42,50,OK,0.1
2026-02-19T09:55:38.053Z,0,20.41,50,OK,0.1
2026-02-19T09:55:38.103Z,0,20.41,50,OK,0.1
2026-02-19T09:55:38.154Z,0,20.45,50,OK,0.1
2026-02-19T09:55:38.204Z,0,20.42,50,OK,0.1
2026-02-19T09:55:38.254Z,0,20.50,50,OK,0.1
2026-02-19T09:55:38.305Z,0,20.48,50,OK,0.1
2026-02-19T09:55:38.356Z,0,20.53,50,OK,0.1
2026-02-19T09:55:38.406Z,0,20.53,50,OK,0.1
2026-02-19T09:55:38.455Z,0,20.42,50,OK,0.1
2026-02-19T09:55:38.506Z,0,20.35,50,OK,0.1
2026-02-19T09:55:38.555Z,0,20.33,50,OK,0.1
2026-02-19T09:55:38.606Z,0,20.27,50,OK,0.1
2026-02-19T09:55:38.656Z,0,20.21,50,OK,0.1
2026-02-19T09:55:38.706Z,0,20.33,50,OK,0.1
2026-02-19T09:55:38.757Z,0,20.32,50,OK,0.1
2026-02-19T09:55:38.808Z,0,20.37,50,OK,0.1
2026-02-19T09:55:38.857Z,0,20.34,50,OK,0.1
2026-02-19T09:55:38.908Z,0,20.34,50,OK,0.1
2026-02-19T09:55:38.958Z,0,20.32,50,OK,0.1
2026-02-19T09:55:39.007Z,0,20.32,50,OK,0.1
2026-02-19T09:55:39.057Z,0,20.28,50,OK,0.1
2026-02-19T09:55:39.108Z,0,20.30,50,OK,0.1
2026-02-19T09:55:39.158Z,0,20.30,50,OK,0.1
2026-02-19T09:55:39.208Z,0,20.30,50,OK,0.1
2026-02-19T09:55:39.258Z,0,20.29,50,OK,0.1
2026-02-19T09:55:39.308Z,0,20.26,50,OK,0.1
2026-02-19T09:55:39.358Z,0,20.25,50,OK,0.1
2026-02-19T09:55:39.408Z,0,20.27,50,OK,0.1
2026-02-19T09:55:39.459Z,0,20.21,50,OK,0.1
2026-02-19T09:55:39.509Z,0,20.25,50,OK,0.1
2026-02-19T09:55:39.560Z,0,20.25,50,OK,0.1
2026-02-19T09:55:39.610Z,0,20.22,50,OK,0.1
2026-02-19T09:55:39.661Z,0,20.19,50,OK,0.1
2026-02-19T09:55:39.711Z,0,20.22,50,OK,0.1
2026-02-19T09:55:39.762Z,0,20.18,50,OK,0.1
2026-02-19T09:55:39.811Z,0,20.17,50,OK,0.1
2026-02-19T09:55:39.862Z,0,20.17,50,OK,0.1
2026-02-19T09:55:39.912Z,0,20.18,50,OK,0.1
2026-02-19T09:55:39.962Z,0,20.16,50,OK,0.1
2026-02-19T09:55:40.013Z,0,20.19,50,OK,0.1
2026-02-19T09:55:40.062Z,0,20.11,50,OK,0.1
2026-02-19T09:55:40.113Z,0,20.11,50,OK,0.1
2026-02-19T09:55:40.163Z,0,20.10,50,OK,0.1
2026-02-19T09:55:40.213Z,0,21.66,50,OK,0.1
2026-02-19T09:55:40.263Z,0,21.66,50,OK,0.1
2026-02-19T09:55:40.313Z,0,21.78,50,OK,0.1
2026-02-19T09:55:40.362Z,0,21.83,50,OK,0.1
2026-02-19T09:55:40.413Z,0,21.87,50,OK,0.1
2026-02-19T09:55:40.463Z,0,20.34,50,OK,0.1
2026-02-19T09:55:40.513Z,0,20.37,50,OK,0.1
2026-02-19T09:55:40.564Z,0,20.36,50,OK,0.1
2026-02-19T09:55:40.614Z,0,20.35,50,OK,0.1
2026-02-19T09:55:40.664Z,0,20.34,50,OK,0.1
2026-02-19T09:55:40.715Z,0,20.35,50,OK,0.1
2026-02-19T09:55:40.765Z,0,20.33,50,OK,0.1
2026-02-19T09:55:40.816Z,0,20.32,50,OK,0.1
2026-02-19T09:55:40.866Z,0,20.30,50,OK,0.1
2026-02-19T09:55:40.916Z,0,20.33,50,OK,0.1
2026-02-19T09:55:40.966Z,0,20.36,50,OK,0.1
2026-02-19T09:55:41.017Z,0,20.34,50,OK,0.1
2026-02-19T09:55:41.067Z,0,20.36,50,OK,0.1
2026-02-19T09:55:41.118Z,0,20.42,50,OK,0.1
2026-02-19T09:55:41.168Z,0,20.41,50,OK,0.1
2026-02-19T09:55:41.219Z,0,20.40,50,OK,0.1
2026-02-19T09:55:41.270Z,0,20.41,50,OK,0.1
2026-02-19T09:55:41.320Z,0,20.43,50,OK,0.1
2026-02-19T09:55:41.371Z,0,20.40,50,OK,0.1
2026-02-19T09:55:41.421Z,0,20.39,50,OK,0.1
2026-02-19T09:55:41.471Z,0,20.36,50,OK,0.1
2026-02-19T09:55:41.521Z,0,20.34,50,OK,0.1
2026-02-19T09:55:41.571Z,0,20.37,50,OK,0.1
2026-02-19T09:55:41.621Z,0,20.34,50,OK,0.1
2026-02-19T09:55:41.672Z,0,20.38,50,OK,0.1
2026-02-19T09:55:41.722Z,0,20.41,50,OK,0.1
2026-02-19T09:55:41.773Z,0,20.48,50,OK,0.1
2026-02-19T09:55:41.822Z,0,20.44,50,OK,0.1
2026-02-19T09:55:41.873Z,0,20.45,50,OK,0.1
2026-02-19T09:55:41.923Z,0,20.40,50,OK,0.1
2026-02-19T09:55:41.974Z,0,20.40,50,OK,0.1
2026-02-19T09:55:42.025Z,0,20.36,50,OK,0.1
2026-02-19T09:55:42.076Z,0,20.32,50,OK,0.1
2026-02-19T09:55:42.127Z,0,20.33,50,OK,0.1
2026-02-19T09:55:42.177Z,0,20.31,50,OK,0.1
2026-02-19T09:55:42.227Z,0,20.31,50,OK,0.1
2026-02-19T09:55:42.277Z,0,20.25,50,OK,0.1
2026-02-19T09:55:42.328Z,0,20.28,50,OK,0.1
2026-02-19T09:55:42.378Z,0,20.32,50,OK,0.1
2026-02-19T09:55:42.428Z,0,20.35,50,OK,0.1
2026-02-19T09:55:42.479Z,0,20.37,50,OK,0.1
2026-02-19T09:55:42.530Z,0,20.53,50,OK,0.1
2026-02-19T09:55:42.579Z,0,20.59,50,OK,0.1
2026-02-19T09:55:42.629Z,0,20.57,50,OK,0.1
2026-02-19T09:55:42.679Z,0,20.45,50,OK,0.1
2026-02-19T09:55:42.730Z,0,20.42,50,OK,0.1
2026-02-19T09:55:42.780Z,0,20.26,50,OK,0.1
2026-02-19T09:55:42.830Z,0,20.18,50,OK,0.1
2026-02-19T09:55:42.880Z,0,20.18,50,OK,0.1
2026-02-19T09:55:42.930Z,0,20.26,50,OK,0.1
2026-02-19T09:55:42.980Z,0,20.28,50,OK,0.1
2026-02-19T09:55:43.030Z,0,20.33,50,OK,0.1
2026-02-19T09:55:43.081Z,0,20.34,50,OK,0.1
2026-02-19T09:55:43.130Z,0,20.34,50,OK,0.1
2026-02-19T09:55:43.181Z,0,20.38,50,OK,0.1
2026-02-19T09:55:43.231Z,0,20.28,50,OK,0.1
2026-02-19T09:55:43.281Z,0,20.29,50,OK,0.1
2026-02-19T09:55:43.332Z,0,20.30,50,OK,0.1
2026-02-19T09:55:43.383Z,0,20.31,50,OK,0.1
2026-02-19T09:55:43.433Z,0,20.32,50,OK,0.1
2026-02-19T09:55:43.483Z,0,20.45,50,OK,0.1
2026-02-19T09:55:43.533Z,0,20.42,50,OK,0.1
2026-02-19T09:55:43.583Z,0,20.43,50,OK,0.1
2026-02-19T09:55:43.632Z,0,20.40,50,OK,0.1
2026-02-19T09:55:43.683Z,0,20.36,50,OK,0.1
2026-02-19T09:55:43.734Z,0,20.32,50,OK,0.1
2026-02-19T09:55:43.784Z,0,20.34,50,OK,0.1
2026-02-19T09:55:43.833Z,0,20.32,50,OK,0.1
2026-02-19T09:55:43.884Z,0,20.37,50,OK,0.1
2026-02-19T09:55:43.935Z,0,20.38,50,OK,0.1
2026-02-19T09:55:43.985Z,0,20.43,50,OK,0.1
2026-02-19T09:55:44.035Z,0,20.41,50,OK,0.1
2026-02-19T09:55:44.085Z,0,20.43,50,OK,0.1
2026-02-19T09:55:44.136Z,0,20.38,50,OK,0.1
2026-02-19T09:55:44.186Z,0,20.42,50,OK,0.1
2026-02-19T09:55:44.238Z,0,20.37,50,OK,0.1
2026-02-19T09:55:44.288Z,0,20.47,50,OK,0.1
2026-02-19T09:55:44.339Z,0,20.43,50,OK,0.1
2026-02-19T09:55:44.389Z,0,20.49,50,OK,0.1
2026-02-19T09:55:44.439Z,0,20.44,50,OK,0.1
2026-02-19T09:55:44.489Z,0,20.48,50,OK,0.1
2026-02-19T09:55:44.540Z,0,20.42,50,OK,0.1
2026-02-19T09:55:44.590Z,0,20.52,50,OK,0.1
2026-02-19T09:55:44.640Z,0,20.47,50,OK,0.1
2026-02-19T09:55:44.691Z,0,20.44,50,OK,0.1
2026-02-19T09:55:44.741Z,0,20.42,50,OK,0.1
2026-02-19T09:55:44.792Z,0,20.43,50,OK,0.1
2026-02-19T09:55:44.842Z,0,20.43,50,OK,0.1
2026-02-19T09:55:44.893Z,0,20.43,50,OK,0.1
2026-02-19T09:55:44.944Z,0,20.48,50,OK,0.1
2026-02-19T09:55:44.994Z,0,20.46,50,OK,0.1
2026-02-19T09:55:45.045Z,0,20.43,50,OK,0.1
2026-02-19T09:55:45.095Z,0,20.43,50,OK,0.1
2026-02-19T09:55:45.146Z,0,20.45,50,OK,0.1
2026-02-19T09:55:45.196Z,0,20.32,50,OK,0.1
2026-02-19T09:55:45.246Z,0,20.33,50,OK,0.1
2026-02-19T09:55:45.296Z,0,20.27,50,OK,0.1
2026-02-19T09:55:45.347Z,0,20.21,50,OK,0.1
2026-02-19T09:55:45.398Z,0,20.09,50,OK,0.1
2026-02-19T09:55:45.448Z,0,20.22,50,OK,0.1
2026-02-19T09:55:45.499Z,0,20.10,50,OK,0.1
2026-02-19T09:55:45.549Z,0,20.16,50,OK,0.1
2026-02-19T09:55:45.599Z,0,20.07,50,OK,0.1
2026-02-19T09:55:45.650Z,0,20.19,50,OK,0.1
2026-02-19T09:55:45.699Z,0,20.24,50,OK,0.1
2026-02-19T09:55:45.749Z,0,20.37,50,OK,0.1
2026-02-19T09:55:45.800Z,0,20.47,50,OK,0.1
2026-02-19T09:55:45.850Z,0,20.54,50,OK,0.1
2026-02-19T09:55:45.901Z,0,20.58,50,OK,0.1
2026-02-19T09:55:45.951Z,0,20.51,50,OK,0.1
2026-02-19T09:55:46.001Z,0,20.45,50,OK,0.1
2026-02-19T09:55:46.052Z,0,20.36,50,OK,0.1
2026-02-19T09:55:46.103Z,0,20.42,50,OK,0.1
2026-02-19T09:55:46.153Z,0,20.36,50,OK,0.1
2026-02-19T09:55:46.203Z,0,20.37,50,OK,0.1
2026-02-19T09:55:46.254Z,0,20.41,50,OK,0.1
2026-02-19T09:55:46.305Z,0,20.48,50,OK,0.1
2026-02-19T09:55:46.355Z,0,20.40,50,OK,0.1
2026-02-19T09:55:46.405Z,0,20.34,50,OK,0.1
2026-02-19T09:55:46.455Z,0,20.33,50,OK,0.1
2026-02-19T09:55:46.505Z,0,20.29,50,OK,0.1
2026-02-19T09:55:46.556Z,0,20.19,50,OK,0.1
2026-02-19T09:55:46.607Z,0,20.16,50,OK,0.1
2026-02-19T09:55:46.657Z,0,20.23,50,OK,0.1
2026-02-19T09:55:46.707Z,0,20.27,50,OK,0.1
2026-02-19T09:55:46.758Z,0,20.28,50,OK,0.1
2026-02-19T09:55:46.808Z,0,20.33,50,OK,0.1
2026-02-19T09:55:46.858Z,0,20.37,50,OK,0.1
2026-02-19T09:55:46.909Z,0,20.30,50,OK,0.1
2026-02-19T09:55:46.960Z,0,20.28,50,OK,0.1
2026-02-19T09:55:47.010Z,0,20.36,50,OK,0.1
2026-02-19T09:55:47.061Z,0,20.36,50,OK,0.1
2026-02-19T09:55:47.112Z,0,20.48,50,OK,0.1
2026-02-19T09:55:47.162Z,0,20.50,50,OK,0.1
2026-02-19T09:55:47.213Z,0,20.58,50,OK,0.1
2026-02-19T09:55:47.263Z,0,20.54,50,OK,0.1
2026-02-19T09:55:47.313Z,0,20.63,50,OK,0.1
2026-02-19T09:55:47.364Z,0,20.54,50,OK,0.1
2026-02-19T09:55:47.415Z,0,20.53,50,OK,0.1
2026-02-19T09:55:47.465Z,0,20.41,50,OK,0.1
2026-02-19T09:55:47.516Z,0,20.50,50,OK,0.1
2026-02-19T09:55:47.566Z,0,20.41,50,OK,0.1
2026-02-19T09:55:47.616Z,0,20.29,50,OK,0.1
2026-02-19T09:55:47.666Z,0,20.33,50,OK,0.1
2026-02-19T09:55:47.716Z,0,20.53,50,OK,0.1
2026-02-19T09:55:47.766Z,0,20.45,50,OK,0.1
2026-02-19T09:55:47.816Z,0,20.41,50,OK,0.1
2026-02-19T09:55:47.866Z,0,20.52,50,OK,0.1
2026-02-19T09:55:47.916Z,0,20.58,50,OK,0.1
2026-02-19T09:55:47.967Z,0,20.41,50,OK,0.1
2026-02-19T09:55:48.017Z,0,20.33,50,OK,0.1
2026-02-19T09:55:48.067Z,0,20.36,50,OK,0.1
2026-02-19T09:55:48.117Z,0,20.30,50,OK,0.1
2026-02-19T09:55:48.168Z,0,20.24,50,OK,0.1
2026-02-19T09:55:48.219Z,0,20.32,50,OK,0.1
2026-02-19T09:55:48.269Z,0,20.38,50,OK,0.1
2026-02-19T09:55:48.319Z,0,20.41,50,OK,0.1
2026-02-19T09:55:48.369Z,0,20.47,50,OK,0.1
2026-02-19T09:55:48.419Z,0,20.41,50,OK,0.1
2026-02-19T09:55:48.470Z,0,20.30,50,OK,0.1
2026-02-19T09:55:48.521Z,0,20.38,50,OK,0.1
2026-02-19T09:55:48.571Z,0,20.32,50,OK,0.1
2026-02-19T09:55:48.621Z,0,20.31,50,OK,0.1
2026-02-19T09:55:48.672Z,0,20.38,50,OK,0.1
2026-02-19T09:55:48.723Z,0,20.46,50,OK,0.1
2026-02-19T09:55:48.774Z,0,20.35,50,OK,0.1
2026-02-19T09:55:48.824Z,0,20.29,50,OK,0.1
2026-02-19T09:55:48.875Z,0,20.32,50,OK,0.1
2026-02-19T09:55:48.925Z,0,20.34,50,OK,0.1
2026-02-19T09:55:48.975Z,0,20.09,50,OK,0.1
2026-02-19T09:55:49.025Z,0,20.06,50,OK,0.1
2026-02-19T09:55:49.076Z,0,20.15,50,OK,0.1
2026-02-19T09:55:49.126Z,0,20.11,50,OK,0.1
2026-02-19T09:55:49.176Z,0,20.09,50,OK,0.1
2026-02-19T09:55:49.226Z,0,20.24,50,OK,0.1
2026-02-19T09:55:49.277Z,0,20.32,50,OK,0.1
2026-02-19T09:55:49.328Z,0,20.27,50,OK,0.1
2026-02-19T09:55:49.378Z,0,20.32,50,OK,0.1
2026-02-19T09:55:49.428Z,0,20.16,50,OK,0.1
2026-02-19T09:55:49.477Z,0,20.12,50,OK,0.1
2026-02-19T09:55:49.528Z,0,20.02,50,OK,0.1
2026-02-19T09:55:49.579Z,0,20.11,50,OK,0.1
2026-02-19T09:55:49.629Z,0,20.22,50,OK,0.1
2026-02-19T09:55:49.680Z,0,20.36,50,OK,0.1
2026-02-19T09:55:49.731Z,0,20.35,50,OK,0.1
2026-02-19T09:55:49.782Z,0,20.45,50,OK,0.1
2026-02-19T09:55:49.832Z,0,20.34,50,OK,0.1
2026-02-19T09:55:49.882Z,0,20.26,50,OK,0.1
2026-02-19T09:55:49.932Z,0,20.17,50,OK,0.1
2026-02-19T09:55:49.982Z,0,20.29,50,OK,0.1
2026-02-19T09:55:50.031Z,0,20.36,50,OK,0.1
2026-02-19T09:55:50.082Z,0,20.40,50,OK,0.1
2026-02-19T09:55:50.132Z,0,20.36,50,OK,0.1
2026-02-19T09:55:50.182Z,0,20.40,50,OK,0.1
2026-02-19T09:55:50.232Z,0,20.36,50,OK,0.1
2026-02-19T09:55:50.283Z,0,20.26,50,OK,0.1
2026-02-19T09:55:50.333Z,0,20.40,50,OK,0.1
2026-02-19T09:55:50.383Z,0,20.40,50,OK,0.1
2026-02-19T09:55:50.433Z,0,20.47,50,OK,0.1
2026-02-19T09:55:50.484Z,0,20.47,50,OK,0.1
2026-02-19T09:55:50.534Z,0,20.50,50,OK,0.1
2026-02-19T09:55:50.585Z,0,20.40,50,OK,0.1
2026-02-19T09:55:50.635Z,0,20.40,50,OK,0.1
2026-02-19T09:55:50.685Z,0,20.41,50,OK,0.1
2026-02-19T09:55:50.736Z,0,20.39,50,OK,0.1
2026-02-19T09:55:50.786Z,0,20.40,50,OK,0.1
2026-02-19T09:55:50.835Z,0,20.40,50,OK,0.1
2026-02-19T09:55:50.886Z,0,20.41,50,OK,0.1
2026-02-19T09:55:50.937Z,0,20.42,50,OK,0.1
2026-02-19T09:55:50.987Z,0,20.48,50,OK,0.1
2026-02-19T09:55:51.037Z,0,20.48,50,OK,0.1
2026-02-19T09:55:51.088Z,0,20.47,50,OK,0.1
2026-02-19T09:55:51.137Z,0,20.51,50,OK,0.1
2026-02-19T09:55:51.188Z,0,20.48,50,OK,0.1
2026-02-19T09:55:51.239Z,0,20.53,50,OK,0.1
2026-02-19T09:55:51.290Z,0,20.52,50,OK,0.1
2026-02-19T09:55:51.341Z,0,20.55,50,OK,0.1
2026-02-19T09:55:51.390Z,0,20.52,50,OK,0.1
2026-02-19T09:55:51.441Z,0,20.59,50,OK,0.1
2026-02-19T09:55:51.492Z,0,20.56,50,OK,0.1
2026-02-19T09:55:51.543Z,0,20.55,50,OK,0.1
2026-02-19T09:55:51.594Z,0,20.46,50,OK,0.1
2026-02-19T09:55:51.644Z,0,20.39,50,OK,0.1
2026-02-19T09:55:51.694Z,0,20.32,50,OK,0.1
2026-02-19T09:55:51.744Z,0,20.25,50,OK,0.1
2026-02-19T09:55:51.795Z,0,20.24,50,OK,0.1
2026-02-19T09:55:51.845Z,0,20.30,50,OK,0.1
2026-02-19T09:55:51.895Z,0,20.34,50,OK,0.1
2026-02-19T09:55:51.945Z,0,20.32,50,OK,0.1
2026-02-19T09:55:51.995Z,0,20.31,50,OK,0.1
2026-02-19T09:55:52.045Z,0,20.32,50,OK,0.1
2026-02-19T09:55:52.095Z,0,20.31,50,OK,0.1
2026-02-19T09:55:52.145Z,0,20.29,50,OK,0.1
2026-02-19T09:55:52.196Z,0,20.28,50,OK,0.1
2026-02-19T09:55:52.247Z,0,20.26,50,OK,0.1
2026-02-19T09:55:52.297Z,0,20.23,50,OK,0.1
2026-02-19T09:55:52.347Z,0,20.21,50,OK,0.1
2026-02-19T09:55:52.397Z,0,20.23,50,OK,0.1
2026-02-19T09:55:52.447Z,0,20.23,50,OK,0.1
2026-02-19T09:55:52.497Z,0,20.25,50,OK,0.1
2026-02-19T09:55:52.548Z,0,20.24,50,OK,0.1
2026-02-19T09:55:52.598Z,0,20.23,50,OK,0.1
2026-02-19T09:55:52.648Z,0,20.20,50,OK,0.1
2026-02-19T09:55:52.698Z,0,20.20,50,OK,0.1
2026-02-19T09:55:52.749Z,0,20.21,50,OK,0.1
2026-02-19T09:55:52.800Z,0,20.23,50,OK,0.1
2026-02-19T09:55:52.851Z,0,20.23,50,OK,0.1
2026-02-19T09:55:52.901Z,0,20.29,50,OK,0.1
2026-02-19T09:55:52.952Z,0,20.32,50,OK,0.1
2026-02-19T09:55:53.002Z,0,20.35,50,OK,0.1
2026-02-19T09:55:53.052Z,0,20.37,50,OK,0.1
2026-02-19T09:55:53.102Z,0,20.39,50,OK,0.1
2026-02-19T09:55:53.153Z,0,20.40,50,OK,0.1
2026-02-19T09:55:53.204Z,0,20.41,50,OK,0.1
2026-02-19T09:55:53.255Z,0,20.38,50,OK,0.1
2026-02-19T09:55:53.305Z,0,20.40,50,OK,0.1
2026-02-19T09:55:53.355Z,0,20.47,50,OK,0.1
2026-02-19T09:55:53.405Z,0,20.47,50,OK,0.1
2026-02-19T09:55:53.455Z,0,20.38,50,OK,0.1
2026-02-19T09:55:53.506Z,0,20.37,50,OK,0.1
2026-02-19T09:55:53.556Z,0,20.31,50,OK,0.1
2026-02-19T09:55:53.606Z,0,20.28,50,OK,0.1
2026-02-19T09:55:53.657Z,0,20.30,50,OK,0.1
2026-02-19T09:55:53.707Z,0,20.40,50,OK,0.1
2026-02-19T09:55:53.757Z,0,20.40,50,OK,0.1
2026-02-19T09:55:53.807Z,0,20.43,50,OK,0.1
2026-02-19T09:55:53.857Z,0,20.42,50,OK,0.1
2026-02-19T09:55:53.907Z,0,20.32,50,OK,0.1
2026-02-19T09:55:53.957Z,0,20.33,50,OK,0.1
2026-02-19T09:55:54.008Z,0,20.42,50,OK,0.1
2026-02-19T09:55:54.058Z,0,20.43,50,OK,0.1
2026-02-19T09:55:54.109Z,0,20.42,50,OK,0.1
2026-02-19T09:55:54.160Z,0,20.45,50,OK,0.1
2026-02-19T09:55:54.211Z,0,20.50,50,OK,0.1
2026-02-19T09:55:54.262Z,0,20.46,50,OK,0.1
2026-02-19T09:55:54.313Z,0,20.46,50,OK,0.1
2026-02-19T09:55:54.363Z,0,20.48,50,OK,0.1
2026-02-19T09:55:54.413Z,0,20.53,50,OK,0.1
2026-02-19T09:55:54.462Z,0,20.46,50,OK,0.1
2026-02-19T09:55:54.513Z,0,20.44,50,OK,0.1
2026-02-19T09:55:54.563Z,0,20.43,50,OK,0.1
2026-02-19T09:55:54.613Z,0,20.41,50,OK,0.1
2026-02-19T09:55:54.663Z,0,20.39,50,OK,0.1
2026-02-19T09:55:54.714Z,0,20.38,50,OK,0.1
2026-02-19T09:55:54.765Z,0,20.39,50,OK,0.1
2026-02-19T09:55:54.816Z,0,20.40,50,OK,0.1
2026-02-19T09:55:54.867Z,0,20.53,50,OK,0.1
2026-02-19T09:55:54.917Z,0,20.52,50,OK,0.1
2026-02-19T09:55:54.968Z,0,20.53,50,OK,0.1
2026-02-19T09:55:55.019Z,0,20.51,50,OK,0.1
2026-02-19T09:55:55.069Z,0,20.46,50,OK,0.1
2026-02-19T09:55:55.119Z,0,20.42,50,OK,0.1
2026-02-19T09:55:55.170Z,0,20.42,50,OK,0.1
2026-02-19T09:55:55.221Z,0,20.42,50,OK,0.1
2026-02-19T09:55:55.271Z,0,20.46,50,OK,0.1
2026-02-19T09:55:55.321Z,0,20.47,50,OK,0.1
2026-02-19T09:55:55.371Z,0,20.50,50,OK,0.1
2026-02-19T09:55:55.422Z,0,20.49,50,OK,0.1
2026-02-19T09:55:55.472Z,0,20.52,50,OK,0.1
2026-02-19T09:55:55.523Z,0,20.50,50,OK,0.1
2026-02-19T09:55:55.574Z,0,20.50,50,OK,0.1
2026-02-19T09:55:55.625Z,0,20.42,50,OK,0.1
2026-02-19T09:55:55.675Z,0,20.41,50,OK,0.1
2026-02-19T09:55:55.725Z,0,20.38,50,OK,0.1
2026-02-19T09:55:55.776Z,0,20.39,50,OK,0.1
2026-02-19T09:55:55.825Z,0,20.42,50,OK,0.1
2026-02-19T09:55:55.876Z,0,20.43,50,OK,0.1
2026-02-19T09:55:55.926Z,0,20.44,50,OK,0.1
2026-02-19T09:55:55.976Z,0,20.44,50,OK,0.1
2026-02-19T09:55:56.026Z,0,20.35,50,OK,0.1
2026-02-19T09:55:56.077Z,0,20.33,50,OK,0.1
2026-02-19T09:55:56.128Z,0,20.35,50,OK,0.1
2026-02-19T09:55:56.178Z,0,20.34,50,OK,0.1
2026-02-19T09:55:56.229Z,0,20.28,50,OK,0.1
2026-02-19T09:55:56.279Z,0,20.38,50,OK,0.1
2026-02-19T09:55:56.329Z,0,20.42,50,OK,0.1
2026-02-19T09:55:56.380Z,0,20.40,50,OK,0.1
2026-02-19T09:55:56.430Z,0,20.32,50,OK,0.1
2026-02-19T09:55:56.481Z,0,20.37,50,OK,0.1
2026-02-19T09:55:56.532Z,0,20.39,50,OK,0.1
2026-02-19T09:55:56.582Z,0,20.37,50,OK,0.1
2026-02-19T09:55:56.632Z,0,20.34,50,OK,0.1
2026-02-19T09:55:56.682Z,0,20.43,50,OK,0.1
2026-02-19T09:55:56.732Z,0,20.43,50,OK,0.1
2026-02-19T09:55:56.783Z,0,20.38,50,OK,0.1
2026-02-19T09:55:56.832Z,0,20.32,50,OK,0.1
2026-02-19T09:55:56.882Z,0,20.31,50,OK,0.1
2026-02-19T09:55:56.933Z,0,20.31,50,OK,0.1
2026-02-19T09:55:56.983Z,0,20.33,50,OK,0.1
2026-02-19T09:55:57.033Z,0,20.35,50,OK,0.1
2026-02-19T09:55:57.083Z,0,20.38,50,OK,0.1
2026-02-19T09:55:57.134Z,0,20.30,50,OK,0.1
2026-02-19T09:55:57.184Z,0,20.31,50,OK,0.1
2026-02-19T09:55:57.234Z,0,20.22,50,OK,0.1
2026-02-19T09:55:57.283Z,0,20.20,50,OK,0.1
2026-02-19T09:55:57.334Z,0,20.11,50,OK,0.1
2026-02-19T09:55:57.384Z,0,20.18,50,OK,0.1
2026-02-19T09:55:57.434Z,0,20.20,50,OK,0.1
2026-02-19T09:55:57.485Z,0,20.26,50,OK,0.1
2026-02-19T09:55:57.535Z,0,20.30,50,OK,0.1
2026-02-19T09:55:57.586Z,0,20.45,50,OK,0.1
2026-02-19T09:55:57.637Z,0,20.42,50,OK,0.1
2026-02-19T09:55:57.686Z,0,20.42,50,OK,0.1
2026-02-19T09:55:57.737Z,0,20.43,50,OK,0.1
2026-02-19T09:55:57.787Z,0,20.40,50,OK,0.1
2026-02-19T09:55:57.838Z,0,20.31,50,OK,0.1
2026-02-19T09:55:57.888Z,0,20.34,50,OK,0.1
2026-02-19T09:55:57.938Z,0,20.32,50,OK,0.1
2026-02-19T09:55:57.989Z,0,20.33,50,OK,0.1
2026-02-19T09:55:58.040Z,0,20.32,50,OK,0.1
2026-02-19T09:55:58.090Z,0,20.37,50,OK,0.1
2026-02-19T09:55:58.140Z,0,20.37,50,OK,0.1
2026-02-19T09:55:58.190Z,0,20.36,50,OK,0.1
2026-02-19T09:55:58.240Z,0,20.37,50,OK,0.1
2026-02-19T09:55:58.290Z,0,20.37,50,OK,0.1
2026-02-19T09:55:58.341Z,0,20.35,50,OK,0.1
2026-02-19T09:55:58.392Z,0,20.34,50,OK,0.1
2026-02-19T09:55:58.442Z,0,20.43,50,OK,0.1
2026-02-19T09:55:58.493Z,0,20.42,50,OK,0.1
2026-02-19T09:55:58.543Z,0,20.41,50,OK,0.1
2026-02-19T09:55:58.593Z,0,20.43,50,OK,0.1
2026-02-19T09:55:58.643Z,0,20.48,50,OK,0.1
2026-02-19T09:55:58.694Z,0,20.39,50,OK,0.1
2026-02-19T09:55:58.743Z,0,20.45,50,OK,0.1
2026-02-19T09:55:58.793Z,0,20.43,50,OK,0.1
2026-02-19T09:55:58.843Z,0,20.43,50,OK,0.1
2026-02-19T09:55:58.894Z,0,20.36,50,OK,0.1
2026-02-19T09:55:58.944Z,0,20.36,50,OK,0.1
2026-02-19T09:55:58.994Z,0,20.29,50,OK,0.1
2026-02-19T09:55:59.044Z,0,20.25,50,OK,0.1
2026-02-19T09:55:59.095Z,0,20.21,50,OK,0.1
2026-02-19T09:55:59.145Z,0,20.25,50,OK,0.1
2026-02-19T09:55:59.194Z,0,20.26,50,OK,0.1
2026-02-19T09:55:59.245Z,0,20.24,50,OK,0.1
2026-02-19T09:55:59.294Z,0,20.32,50,OK,0.1
2026-02-19T09:55:59.345Z,0,20.34,50,OK,0.1
2026-02-19T09:55:59.395Z,0,20.34,50,OK,0.1
2026-02-19T09:55:59.446Z,0,20.32,50,OK,0.1
2026-02-19T09:55:59.497Z,0,20.25,50,OK,0.1
2026-02-19T09:55:59.548Z,0,20.21,50,OK,0.1
2026-02-19T09:55:59.598Z,0,20.19,50,OK,0.1
2026-02-19T09:55:59.649Z,0,20.17,50,OK,0.1
2026-02-19T09:55:59.700Z,0,20.19,50,OK,0.1
2026-02-19T09:55:59.751Z,0,20.32,50,OK,0.1
2026-02-19T09:55:59.802Z,0,20.32,50,OK,0.1
2026-02-19T09:55:59.853Z,0,20.31,50,OK,0.1
2026-02-19T09:55:59.903Z,0,20.30,50,OK,0.1
2026-02-19T09:55:59.954Z,0,20.30,50,OK,0.1
2026-02-19T09:56:00.004Z,0,20.23,50,OK,0.1
2026-02-19T09:56:00.055Z,0,20.26,50,OK,0.1
2026-02-19T09:56:00.105Z,0,20.25,50,OK,0.1
2026-02-19T09:56:00.155Z,0,20.26,50,OK,0.1
2026-02-19T09:56:00.206Z,0,20.23,50,OK,0.1
2026-02-19T09:56:00.255Z,0,20.29,50,OK,0.1
2026-02-19T09:56:00.305Z,0,20.24,50,OK,0.1
2026-02-19T09:56:00.356Z,0,20.32,50,OK,0.1
2026-02-19T09:56:00.406Z,0,20.35,50,OK,0.1
2026-02-19T09:56:00.457Z,0,20.45,50,OK,0.1
2026-02-19T09:56:00.507Z,0,20.43,50,OK,0.1
2026-02-19T09:56:00.557Z,0,20.50,50,OK,0.1
2026-02-19T09:56:00.608Z,0,20.45,50,OK,0.1
2026-02-19T09:56:00.658Z,0,20.48,50,OK,0.1
2026-02-19T09:56:00.709Z,0,20.40,50,OK,0.1
2026-02-19T09:56:00.758Z,0,20.47,50,OK,0.1
2026-02-19T09:56:00.808Z,0,20.43,50,OK,0.1
2026-02-19T09:56:00.858Z,0,20.30,50,OK,0.1
2026-02-19T09:56:00.909Z,0,20.24,50,OK,0.1
2026-02-19T09:56:00.960Z,0,20.11,50,OK,0.1
2026-02-19T09:56:01.010Z,0,20.01,50,OK,0.1
2026-02-19T09:56:01.060Z,0,20.02,50,OK,0.1
2026-02-19T09:56:01.109Z,0,20.12,50,OK,0.1
2026-02-19T09:56:01.160Z,0,19.98,50,OK,0.1
2026-02-19T09:56:01.210Z,0,20.08,50,OK,0.1
2026-02-19T09:56:01.260Z,0,20.05,50,OK,0.1
2026-02-19T09:56:01.311Z,0,20.05,50,OK,0.1
2026-02-19T09:56:01.361Z,0,20.17,50,OK,0.1
2026-02-19T09:56:01.412Z,0,20.32,50,OK,0.1
2026-02-19T09:56:01.462Z,0,20.25,50,OK,0.1
2026-02-19T09:56:01.511Z,0,20.29,50,OK,0.1
2026-02-19T09:56:01.562Z,0,20.18,50,OK,0.1
2026-02-19T09:56:01.612Z,0,20.08,50,OK,0.1
2026-02-19T09:56:01.662Z,0,20.13,50,OK,0.1
2026-02-19T09:56:01.712Z,0,20.22,50,OK,0.1
2026-02-19T09:56:01.761Z,0,20.23,50,OK,0.1
2026-02-19T09:56:01.812Z,0,20.32,50,OK,0.1
2026-02-19T09:56:01.862Z,0,20.34,50,OK,0.1
2026-02-19T09:56:01.913Z,0,20.30,50,OK,0.1
2026-02-19T09:56:01.963Z,0,20.30,50,OK,0.1
2026-02-19T09:56:02.014Z,0,20.31,50,OK,0.1
2026-02-19T09:56:02.064Z,0,20.34,50,OK,0.1
2026-02-19T09:56:02.115Z,0,20.32,50,OK,0.1
2026-02-19T09:56:02.165Z,0,20.35,50,OK,0.1
2026-02-19T09:56:02.214Z,0,20.34,50,OK,0.1
2026-02-19T09:56:02.264Z,0,20.34,50,OK,0.1
2026-02-19T09:56:02.315Z,0,20.33,50,OK,0.1
2026-02-19T09:56:02.365Z,0,20.35,50,OK,0.1
2026-02-19T09:56:02.415Z,0,20.32,50,OK,0.1
2026-02-19T09:56:02.466Z,0,20.32,50,OK,0.1
2026-02-19T09:56:02.516Z,0,20.33,50,OK,0.1
2026-02-19T09:56:02.567Z,0,20.22,50,OK,0.1
2026-02-19T09:56:02.617Z,0,20.19,50,OK,0.1
2026-02-19T09:56:02.667Z,0,20.11,50,OK,0.1
2026-02-19T09:56:02.718Z,0,20.10,50,OK,0.1
2026-02-19T09:56:02.769Z,0,20.09,50,OK,0.1
2026-02-19T09:56:02.820Z,0,20.18,50,OK,0.1
2026-02-19T09:56:02.870Z,0,20.21,50,OK,0.1
2026-02-19T09:56:02.921Z,0,20.28,50,OK,0.1
2026-02-19T09:56:02.971Z,0,20.27,50,OK,0.1
2026-02-19T09:56:03.022Z,0,20.28,50,OK,0.1
2026-02-19T09:56:03.072Z,0,20.31,50,OK,0.1
2026-02-19T09:56:03.123Z,0,20.28,50,OK,0.1
2026-02-19T09:56:03.173Z,0,20.31,50,OK,0.1
2026-02-19T09:56:03.223Z,0,20.36,50,OK,0.1
2026-02-19T09:56:03.273Z,0,20.31,50,OK,0.1
2026-02-19T09:56:03.324Z,0,20.30,50,OK,0.1
2026-02-19T09:56:03.374Z,0,20.37,50,OK,0.1
2026-02-19T09:56:03.423Z,0,20.36,50,OK,0.1
2026-02-19T09:56:03.474Z,0,20.21,50,OK,0.1
2026-02-19T09:56:03.524Z,0,20.22,50,OK,0.1
2026-02-19T09:56:03.574Z,0,20.05,50,OK,0.1
2026-02-19T09:56:03.623Z,0,20.01,50,OK,0.1
2026-02-19T09:56:03.674Z,0,20.04,50,OK,0.1
2026-02-19T09:56:03.724Z,0,20.17,50,OK,0.1
2026-02-19T09:56:03.774Z,0,20.30,50,OK,0.1
2026-02-19T09:56:03.824Z,0,20.48,50,OK,0.1
2026-02-19T09:56:03.875Z,0,20.32,50,OK,0.1
2026-02-19T09:56:03.925Z,0,20.31,50,OK,0.1
2026-02-19T09:56:03.975Z,0,20.38,50,OK,0.1
2026-02-19T09:56:04.026Z,0,20.27,50,OK,0.1
2026-02-19T09:56:04.076Z,0,20.34,50,OK,0.1
2026-02-19T09:56:04.127Z,0,20.48,50,OK,0.1
2026-02-19T09:56:04.178Z,0,20.35,50,OK,0.1
2026-02-19T09:56:04.227Z,0,20.32,50,OK,0.1
2026-02-19T09:56:04.277Z,0,20.40,50,OK,0.1
2026-02-19T09:56:04.328Z,0,20.36,50,OK,0.1
2026-02-19T09:56:04.378Z,0,20.33,50,OK,0.1
2026-02-19T09:56:04.429Z,0,20.47,50,OK,0.1
2026-02-19T09:56:04.479Z,0,20.39,50,OK,0.1
2026-02-19T09:56:04.529Z,0,20.29,50,OK,0.1
2026-02-19T09:56:04.579Z,0,20.30,50,OK,0.1
2026-02-19T09:56:04.630Z,0,20.29,50,OK,0.1
2026-02-19T09:56:04.680Z,0,20.25,50,OK,0.1
2026-02-19T09:56:04.731Z,0,20.29,50,OK,0.1
2026-02-19T09:56:04.781Z,0,20.22,50,OK,0.1
2026-02-19T09:56:04.832Z,0,20.19,50,OK,0.1
2026-02-19T09:56:04.883Z,0,20.26,50,OK,0.1
2026-02-19T09:56:04.933Z,0,20.27,50,OK,0.1
2026-02-19T09:56:04.984Z,0,20.36,50,OK,0.1
2026-02-19T09:56:05.033Z,0,20.43,50,OK,0.1
2026-02-19T09:56:05.084Z,0,20.46,50,OK,0.1
2026-02-19T09:56:05.133Z,0,20.41,50,OK,0.1
2026-02-19T09:56:05.184Z,0,20.43,50,OK,0.1
2026-02-19T09:56:05.234Z,0,20.31,50,OK,0.1
2026-02-19T09:56:05.285Z,0,20.24,50,OK,0.1
2026-02-19T09:56:05.335Z,0,20.19,50,OK,0.1
2026-02-19T09:56:05.386Z,0,20.08,50,OK,0.1
2026-02-19T09:56:05.436Z,0,20.04,50,OK,0.1
2026-02-19T09:56:05.487Z,0,20.01,50,OK,0.1
2026-02-19T09:56:05.537Z,0,20.10,50,OK,0.1
2026-02-19T09:56:05.588Z,0,20.06,50,OK,0.1
2026-02-19T09:56:05.639Z,0,19.97,50,OK,0.1
2026-02-19T09:56:05.689Z,0,20.04,50,OK,0.1
2026-02-19T09:56:05.739Z,0,20.13,50,OK,0.1
2026-02-19T09:56:05.789Z,0,20.19,50,OK,0.1
2026-02-19T09:56:05.839Z,0,20.26,50,OK,0.1
2026-02-19T09:56:05.890Z,0,20.41,50,OK,0.1
2026-02-19T09:56:05.941Z,0,20.36,50,OK,0.1
2026-02-19T09:56:05.990Z,0,20.37,50,OK,0.1
2026-02-19T09:56:06.041Z,0,20.30,50,OK,0.1
2026-02-19T09:56:06.091Z,0,20.24,50,OK,0.1
2026-02-19T09:56:06.142Z,0,20.28,50,OK,0.1
2026-02-19T09:56:06.192Z,0,20.35,50,OK,0.1
2026-02-19T09:56:06.242Z,0,20.27,50,OK,0.1
2026-02-19T09:56:06.293Z,0,20.21,50,OK,0.1
2026-02-19T09:56:06.344Z,0,20.28,50,OK,0.1
2026-02-19T09:56:06.395Z,0,20.32,50,OK,0.1
2026-02-19T09:56:06.445Z,0,20.27,50,OK,0.1
2026-02-19T09:56:06.495Z,0,20.35,50,OK,0.1
2026-02-19T09:56:06.545Z,0,20.33,50,OK,0.1
2026-02-19T09:56:06.596Z,0,20.35,50,OK,0.1
2026-02-19T09:56:06.646Z,0,20.27,50,OK,0.1
2026-02-19T09:56:06.696Z,0,20.29,50,OK,0.1
2026-02-19T09:56:06.747Z,0,20.23,50,OK,0.1
2026-02-19T09:56:06.797Z,0,20.35,50,OK,0.1
2026-02-19T09:56:06.848Z,0,20.29,50,OK,0.1
2026-02-19T09:56:06.898Z,0,20.34,50,OK,0.1
2026-02-19T09:56:06.948Z,0,20.29,50,OK,0.1
2026-02-19T09:56:06.997Z,0,20.32,50,OK,0.1
2026-02-19T09:56:07.047Z,0,20.26,50,OK,0.1
2026-02-19T09:56:07.097Z,0,20.27,50,OK,0.1
2026-02-19T09:56:07.148Z,0,20.22,50,OK,0.1
2026-02-19T09:56:07.197Z,0,20.06,50,OK,0.1
2026-02-19T09:56:07.247Z,0,20.02,50,OK,0.1
2026-02-19T09:56:07.298Z,0,20.04,50,OK,0.1
2026-02-19T09:56:07.348Z,0,20.03,50,OK,0.1
2026-02-19T09:56:07.398Z,0,19.87,50,OK,0.1
2026-02-19T09:56:07.449Z,0,20.01,50,OK,0.1
2026-02-19T09:56:07.499Z,0,20.06,50,OK,0.1
2026-02-19T09:56:07.550Z,0,20.04,50,OK,0.1
2026-02-19T09:56:07.600Z,0,20.07,50,OK,0.1
2026-02-19T09:56:07.650Z,0,20.23,50,OK,0.1
2026-02-19T09:56:07.700Z,0,20.25,50,OK,0.1
2026-02-19T09:56:07.747Z,0,20.19,50,OK,0.1
2026-02-19T09:56:07.797Z,0,20.21,50,OK,0.1
2026-02-19T09:56:07.847Z,0,20.19,50,OK,0.1
2026-02-19T09:56:07.898Z,0,20.20,50,OK,0.1
2026-02-19T09:56:07.949Z,0,20.19,50,OK,0.1
2026-02-19T09:56:08.000Z,0,20.21,50,OK,0.1
2026-02-19T09:56:08.050Z,0,20.20,50,OK,0.1
2026-02-19T09:56:08.100Z,0,20.19,50,OK,0.1
2026-02-19T09:56:08.150Z,0,20.19,50,OK,0.1
2026-02-19T09:56:08.200Z,0,20.19,50,OK,0.1
2026-02-19T09:56:08.251Z,0,20.18,50,OK,0.1
2026-02-19T09:56:08.301Z,0,20.18,50,OK,0.1
2026-02-19T09:56:08.351Z,0,20.19,50,OK,0.1
2026-02-19T09:56:08.401Z,0,20.18,50,OK,0.1
2026-02-19T09:56:08.451Z,0,20.18,50,OK,0.1
2026-02-19T09:56:08.501Z,0,20.17,50,OK,0.1
2026-02-19T09:56:08.551Z,0,20.17,50,OK,0.1
2026-02-19T09:56:08.601Z,0,20.16,50,OK,0.1
2026-02-19T09:56:08.651Z,0,20.17,50,OK,0.1
2026-02-19T09:56:08.701Z,0,20.16,50,OK,0.1
2026-02-19T09:56:08.751Z,0,20.16,50,OK,0.1
2026-02-19T09:56:08.802Z,0,20.16,50,OK,0.1
2026-02-19T09:56:08.852Z,0,20.20,50,OK,0.1
2026-02-19T09:56:08.904Z,0,23.66,50,OK,0.1
2026-02-19T09:56:08.954Z,0,23.69,50,OK,0.1
2026-02-19T09:56:09.005Z,0,23.68,50,OK,0.1
2026-02-19T09:56:09.055Z,0,23.69,50,OK,0.1
2026-02-19T09:56:09.105Z,0,23.65,50,OK,0.1
2026-02-19T09:56:09.155Z,0,20.13,50,OK,0.1
2026-02-19T09:56:09.205Z,0,19.92,50,OK,0.1
2026-02-19T09:56:09.255Z,0,19.86,50,OK,0.1
2026-02-19T09:56:09.306Z,0,19.89,50,OK,0.1
2026-02-19T09:56:09.356Z,0,19.95,50,OK,0.1
2026-02-19T09:56:09.406Z,0,20.01,50,OK,0.1
2026-02-19T09:56:09.456Z,0,20.22,50,OK,0.1
2026-02-19T09:56:09.506Z,0,20.29,50,OK,0.1
2026-02-19T09:56:09.556Z,0,20.25,50,OK,0.1
2026-02-19T09:56:09.606Z,0,20.21,50,OK,0.1
2026-02-19T09:56:09.656Z,0,20.20,50,OK,0.1
2026-02-19T09:56:09.707Z,0,20.20,50,OK,0.1
2026-02-19T09:56:09.757Z,0,20.19,50,OK,0.1
2026-02-19T09:56:09.807Z,0,20.21,50,OK,0.1
2026-02-19T09:56:09.858Z,0,20.21,50,OK,0.1
2026-02-19T09:56:09.908Z,0,20.22,50,OK,0.1
2026-02-19T09:56:09.958Z,0,20.20,50,OK,0.1
2026-02-19T09:56:10.008Z,0,20.20,50,OK,0.1
2026-02-19T09:56:10.058Z,0,20.20,50,OK,0.1
2026-02-19T09:56:10.109Z,0,20.20,50,OK,0.1
2026-02-19T09:56:10.159Z,0,20.19,50,OK,0.1
2026-02-19T09:56:10.209Z,0,20.20,50,OK,0.1
2026-02-19T09:56:10.259Z,0,20.19,50,OK,0.1
2026-02-19T09:56:10.309Z,0,20.19,50,OK,0.1
2026-02-19T09:56:10.359Z,0,20.19,50,OK,0.1
2026-02-19T09:56:10.409Z,0,20.20,50,OK,0.1
2026-02-19T09:56:10.460Z,0,20.22,50,OK,0.1
2026-02-19T09:56:10.510Z,0,20.23,50,OK,0.1
2026-02-19T09:56:10.560Z,0,20.25,50,OK,0.1
2026-02-19T09:56:10.610Z,0,20.27,50,OK,0.1
2026-02-19T09:56:10.660Z,0,20.29,50,OK,0.1
2026-02-19T09:56:10.711Z,0,20.27,50,OK,0.1
2026-02-19T09:56:10.761Z,0,20.28,50,OK,0.1
2026-02-19T09:56:10.811Z,0,20.26,50,OK,0.1
2026-02-19T09:56:10.861Z,0,20.25,50,OK,0.1
2026-02-19T09:56:10.913Z,0,20.23,50,OK,0.1
2026-02-19T09:56:10.963Z,0,20.24,50,OK,0.1
2026-02-19T09:56:11.014Z,0,20.23,50,OK,0.1
2026-02-19T09:56:11.065Z,0,20.22,50,OK,0.1
2026-02-19T09:56:11.115Z,0,20.20,50,OK,0.1
2026-02-19T09:56:11.165Z,0,20.20,50,OK,0.1
2026-02-19T09:56:11.216Z,0,20.19,50,OK,0.1
2026-02-19T09:56:11.266Z,0,20.21,50,OK,0.1
2026-02-19T09:56:11.317Z,0,20.22,50,OK,0.1
2026-02-19T09:56:11.367Z,0,20.25,50,OK,0.1
2026-02-19T09:56:11.417Z,0,20.05,50,OK,0.1
2026-02-19T09:56:11.467Z,0,20.06,50,OK,0.1
2026-02-19T09:56:11.517Z,0,20.05,50,OK,0.1
2026-02-19T09:56:11.567Z,0,20.07,50,OK,0.1
2026-02-19T09:56:11.618Z,0,20.05,50,OK,0.1
2026-02-19T09:56:11.668Z,0,20.25,50,OK,0.1
2026-02-19T09:56:11.718Z,0,20.26,50,OK,0.1
2026-02-19T09:56:11.768Z,0,20.26,50,OK,0.1
2026-02-19T09:56:11.818Z,0,20.24,50,OK,0.1
2026-02-19T09:56:11.870Z,0,20.26,50,OK,0.1
2026-02-19T09:56:11.920Z,0,20.20,50,OK,0.1
2026-02-19T09:56:11.970Z,0,20.21,50,OK,0.1
2026-02-19T09:56:12.020Z,0,20.24,50,OK,0.1
2026-02-19T09:56:12.071Z,0,20.24,50,OK,0.1
2026-02-19T09:56:12.121Z,0,20.16,50,OK,0.1
2026-02-19T09:56:12.172Z,0,20.24,50,OK,0.1
2026-02-19T09:56:12.222Z,0,20.25,50,OK,0.1
2026-02-19T09:56:12.273Z,0,20.22,50,OK,0.1
2026-02-19T09:56:12.323Z,0,20.24,50,OK,0.1
2026-02-19T09:56:12.373Z,0,20.31,50,OK,0.1
2026-02-19T09:56:12.423Z,0,20.24,50,OK,0.1
2026-02-19T09:56:12.473Z,0,20.19,50,OK,0.1
2026-02-19T09:56:12.523Z,0,20.11,50,OK,0.1
2026-02-19T09:56:12.573Z,0,20.10,50,OK,0.1
2026-02-19T09:56:12.623Z,0,20.07,50,OK,0.1
2026-02-19T09:56:12.674Z,0,20.15,50,OK,0.1
2026-02-19T09:56:12.725Z,0,20.21,50,OK,0.1
2026-02-19T09:56:12.775Z,0,20.27,50,OK,0.1
2026-02-19T09:56:12.826Z,0,20.28,50,OK,0.1
2026-02-19T09:56:12.877Z,0,20.32,50,OK,0.1
2026-02-19T09:56:12.927Z,0,20.31,50,OK,0.1
2026-02-19T09:56:12.977Z,0,20.24,50,OK,0.1
2026-02-19T09:56:13.029Z,0,20.23,50,OK,0.1
2026-02-19T09:56:13.079Z,0,20.25,50,OK,0.1
2026-02-19T09:56:13.130Z,0,20.24,50,OK,0.1
2026-02-19T09:56:13.180Z,0,20.26,50,OK,0.1
2026-02-19T09:56:13.231Z,0,20.36,50,OK,0.1
2026-02-19T09:56:13.281Z,0,20.41,50,OK,0.1
2026-02-19T09:56:13.331Z,0,20.31,50,OK,0.1
2026-02-19T09:56:13.381Z,0,20.34,50,OK,0.1
2026-02-19T09:56:13.432Z,0,20.32,50,OK,0.1
2026-02-19T09:56:13.482Z,0,20.30,50,OK,0.1
2026-02-19T09:56:13.533Z,0,20.26,50,OK,0.1
2026-02-19T09:56:13.583Z,0,20.34,50,OK,0.1
2026-02-19T09:56:13.633Z,0,20.33,50,OK,0.1
2026-02-19T09:56:13.683Z,0,20.30,50,OK,0.1
2026-02-19T09:56:13.734Z,0,20.26,50,OK,0.1
2026-02-19T09:56:13.785Z,0,20.26,50,OK,0.1
2026-02-19T09:56:13.835Z,0,20.25,50,OK,0.1
2026-02-19T09:56:13.885Z,0,20.24,50,OK,0.1
2026-02-19T09:56:13.935Z,0,20.26,50,OK,0.1
2026-02-19T09:56:13.985Z,0,20.29,50,OK,0.1
2026-02-19T09:56:14.036Z,0,20.29,50,OK,0.1
2026-02-19T09:56:14.086Z,0,20.26,50,OK,0.1
2026-02-19T09:56:14.136Z,0,20.26,50,OK,0.1
2026-02-19T09:56:14.187Z,0,20.28,50,OK,0.1
2026-02-19T09:56:14.237Z,0,20.25,50,OK,0.1
2026-02-19T09:56:14.288Z,0,20.18,50,OK,0.1
2026-02-19T09:56:14.338Z,0,20.23,50,OK,0.1
2026-02-19T09:56:14.388Z,0,20.15,50,OK,0.1
2026-02-19T09:56:14.438Z,0,20.15,50,OK,0.1
2026-02-19T09:56:14.488Z,0,20.16,50,OK,0.1
2026-02-19T09:56:14.539Z,0,20.24,50,OK,0.1
2026-02-19T09:56:14.591Z,0,20.28,50,OK,0.1
2026-02-19T09:56:14.642Z,0,20.33,50,OK,0.1
2026-02-19T09:56:14.692Z,0,20.31,50,OK,0.1
2026-02-19T09:56:14.742Z,0,20.32,50,OK,0.1
2026-02-19T09:56:14.792Z,0,20.34,50,OK,0.1
2026-02-19T09:56:14.842Z,0,20.28,50,OK,0.1
2026-02-19T09:56:14.893Z,0,20.33,50,OK,0.1
2026-02-19T09:56:14.943Z,0,20.33,50,OK,0.1
2026-02-19T09:56:14.993Z,0,20.31,50,OK,0.1
2026-02-19T09:56:15.043Z,0,20.31,50,OK,0.1
2026-02-19T09:56:15.094Z,0,20.32,50,OK,0.1
2026-02-19T09:56:15.144Z,0,20.29,50,OK,0.1
2026-02-19T09:56:15.194Z,0,20.30,50,OK,0.1
2026-02-19T09:56:15.244Z,0,20.33,50,OK,0.1
2026-02-19T09:56:15.295Z,0,20.32,50,OK,0.1
2026-02-19T09:56:15.345Z,0,20.33,50,OK,0.1
2026-02-19T09:56:15.395Z,0,20.40,50,OK,0.1
2026-02-19T09:56:15.445Z,0,20.39,50,OK,0.1
2026-02-19T09:56:15.495Z,0,20.35,50,OK,0.1
2026-02-19T09:56:15.546Z,0,20.32,50,OK,0.1
2026-02-19T09:56:15.597Z,0,20.28,50,OK,0.1
2026-02-19T09:56:15.647Z,0,20.24,50,OK,0.1
2026-02-19T09:56:15.697Z,0,20.24,50,OK,0.1
2026-02-19T09:56:15.747Z,0,20.24,50,OK,0.1
2026-02-19T09:56:15.797Z,0,20.25,50,OK,0.1
2026-02-19T09:56:15.847Z,0,20.25,50,OK,0.1
2026-02-19T09:56:15.897Z,0,20.21,50,OK,0.1
2026-02-19T09:56:15.948Z,0,20.22,50,OK,0.1
2026-02-19T09:56:15.998Z,0,20.28,50,OK,0.1
2026-02-19T09:56:16.048Z,0,20.31,50,OK,0.1
2026-02-19T09:56:16.098Z,0,20.33,50,OK,0.1
2026-02-19T09:56:16.148Z,0,20.34,50,OK,0.1
2026-02-19T09:56:16.199Z,0,20.37,50,OK,0.1
2026-02-19T09:56:16.249Z,0,20.33,50,OK,0.1
2026-02-19T09:56:16.299Z,0,20.32,50,OK,0.1
2026-02-19T09:56:16.349Z,0,20.32,50,OK,0.1
2026-02-19T09:56:16.400Z,0,20.30,50,OK,0.1
2026-02-19T09:56:16.450Z,0,20.30,50,OK,0.1
2026-02-19T09:56:16.500Z,0,20.28,50,OK,0.1
2026-02-19T09:56:16.550Z,0,20.28,50,OK,0.1
2026-02-19T09:56:16.600Z,0,20.26,50,OK,0.1
2026-02-19T09:56:16.650Z,0,20.30,50,OK,0.1
2026-02-19T09:56:16.700Z,0,20.27,50,OK,0.1
2026-02-19T09:56:16.751Z,0,20.30,50,OK,0.1
2026-02-19T09:56:16.802Z,0,20.31,50,OK,0.1
2026-02-19T09:56:16.852Z,0,20.35,50,OK,0.1
2026-02-19T09:56:16.902Z,0,20.34,50,OK,0.1
2026-02-19T09:56:16.952Z,0,20.37,50,OK,0.1
2026-02-19T09:56:17.002Z,0,20.35,50,OK,0.1
2026-02-19T09:56:17.052Z,0,20.35,50,OK,0.1
2026-02-19T09:56:17.102Z,0,20.41,50,OK,0.1
2026-02-19T09:56:17.152Z,0,20.41,50,OK,0.1
2026-02-19T09:56:17.202Z,0,20.43,50,OK,0.1
2026-02-19T09:56:17.252Z,0,20.45,50,OK,0.1
2026-02-19T09:56:17.302Z,0,20.44,50,OK,0.1
2026-02-19T09:56:17.352Z,0,20.34,50,OK,0.1
2026-02-19T09:56:17.402Z,0,20.33,50,OK,0.1
2026-02-19T09:56:17.452Z,0,20.15,50,OK,0.1
2026-02-19T09:56:17.502Z,0,20.21,50,OK,0.1
2026-02-19T09:56:17.553Z,0,20.23,50,OK,0.1
2026-02-19T09:56:17.607Z,0,20.28,50,OK,0.1
2026-02-19T09:56:17.656Z,0,20.32,50,OK,0.1
2026-02-19T09:56:17.708Z,0,20.47,50,OK,0.1
2026-02-19T09:56:17.758Z,0,20.19,50,OK,0.1
2026-02-19T09:56:17.808Z,0,20.10,50,OK,0.1
2026-02-19T09:56:17.858Z,0,20.07,50,OK,0.1
2026-02-19T09:56:17.908Z,0,20.05,50,OK,0.1
2026-02-19T09:56:17.958Z,0,20.01,50,OK,0.1
2026-02-19T09:56:18.009Z,0,20.18,50,OK,0.1
2026-02-19T09:56:18.059Z,0,20.27,50,OK,0.1
2026-02-19T09:56:18.110Z,0,20.26,50,OK,0.1
2026-02-19T09:56:18.160Z,0,20.28,50,OK,0.1
2026-02-19T09:56:18.210Z,0,20.31,50,OK,0.1
2026-02-19T09:56:18.261Z,0,20.35,50,OK,0.1
2026-02-19T09:56:18.311Z,0,20.42,50,OK,0.1
2026-02-19T09:56:18.362Z,0,20.42,50,OK,0.1
2026-02-19T09:56:18.412Z,0,20.41,50,OK,0.1
2026-02-19T09:56:18.462Z,0,20.41,50,OK,0.1
2026-02-19T09:56:18.512Z,0,20.43,50,OK,0.1
2026-02-19T09:56:18.563Z,0,20.34,50,OK,0.1
2026-02-19T09:56:18.613Z,0,20.23,50,OK,0.1
2026-02-19T09:56:18.663Z,0,20.20,50,OK,0.1
2026-02-19T09:56:18.714Z,0,20.21,50,OK,0.1
2026-02-19T09:56:18.764Z,0,20.13,50,OK,0.1
2026-02-19T09:56:18.815Z,0,20.14,50,OK,0.1
2026-02-19T09:56:18.865Z,0,20.24,50,OK,0.1
2026-02-19T09:56:18.915Z,0,20.30,50,OK,0.1
2026-02-19T09:56:18.966Z,0,20.31,50,OK,0.1
2026-02-19T09:56:19.018Z,0,20.36,50,OK,0.1
2026-02-19T09:56:19.068Z,0,20.37,50,OK,0.1
2026-02-19T09:56:19.118Z,0,20.31,50,OK,0.1
2026-02-19T09:56:19.168Z,0,20.26,50,OK,0.1
2026-02-19T09:56:19.219Z,0,20.26,50,OK,0.1
2026-02-19T09:56:19.269Z,0,20.25,50,OK,0.1
2026-02-19T09:56:19.319Z,0,20.29,50,OK,0.1
2026-02-19T09:56:19.369Z,0,20.35,50,OK,0.1
2026-02-19T09:56:19.419Z,0,20.29,50,OK,0.1
2026-02-19T09:56:19.469Z,0,20.28,50,OK,0.1
2026-02-19T09:56:19.519Z,0,20.33,50,OK,0.1
2026-02-19T09:56:19.569Z,0,20.29,50,OK,0.1
2026-02-19T09:56:19.619Z,0,20.30,50,OK,0.1
2026-02-19T09:56:19.669Z,0,20.39,50,OK,0.1
2026-02-19T09:56:19.720Z,0,20.31,50,OK,0.1
2026-02-19T09:56:19.770Z,0,20.24,50,OK,0.1
2026-02-19T09:56:19.821Z,0,20.17,50,OK,0.1
2026-02-19T09:56:19.871Z,0,20.15,50,OK,0.1
2026-02-19T09:56:19.921Z,0,20.08,50,OK,0.1
2026-02-19T09:56:19.972Z,0,20.13,50,OK,0.1
2026-02-19T09:56:20.022Z,0,20.16,50,OK,0.1
2026-02-19T09:56:20.072Z,0,20.22,50,OK,0.1
2026-02-19T09:56:20.122Z,0,20.21,50,OK,0.1
2026-02-19T09:56:20.172Z,0,20.25,50,OK,0.1
2026-02-19T09:56:20.222Z,0,20.23,50,OK,0.1
2026-02-19T09:56:20.272Z,0,20.19,50,OK,0.1
2026-02-19T09:56:20.322Z,0,20.17,50,OK,0.1
2026-02-19T09:56:20.372Z,0,20.17,50,OK,0.1
2026-02-19T09:56:20.422Z,0,20.18,50,OK,0.1
2026-02-19T09:56:20.472Z,0,20.20,50,OK,0.1
2026-02-19T09:56:20.522Z,0,20.23,50,OK,0.1
2026-02-19T09:56:20.573Z,0,20.24,50,OK,0.1
2026-02-19T09:56:20.623Z,0,20.25,50,OK,0.1
2026-02-19T09:56:20.673Z,0,20.25,50,OK,0.1
2026-02-19T09:56:20.723Z,0,20.27,50,OK,0.1
2026-02-19T09:56:20.773Z,0,20.28,50,OK,0.1
2026-02-19T09:56:20.823Z,0,20.29,50,OK,0.1
2026-02-19T09:56:20.874Z,0,20.28,50,OK,0.1
2026-02-19T09:56:20.924Z,0,20.28,50,OK,0.1
2026-02-19T09:56:20.974Z,0,20.28,50,OK,0.1
2026-02-19T09:56:21.024Z,0,20.27,50,OK,0.1
2026-02-19T09:56:21.074Z,0,20.28,50,OK,0.1
2026-02-19T09:56:21.125Z,0,20.29,50,OK,0.1
2026-02-19T09:56:21.175Z,0,20.29,50,OK,0.1
2026-02-19T09:56:21.225Z,0,20.24,50,OK,0.1
2026-02-19T09:56:21.275Z,0,20.24,50,OK,0.1
2026-02-19T09:56:21.325Z,0,20.19,50,OK,0.1
2026-02-19T09:56:21.375Z,0,20.17,50,OK,0.1
2026-02-19T09:56:21.425Z,0,20.13,50,OK,0.1
2026-02-19T09:56:21.475Z,0,20.14,50,OK,0.1
2026-02-19T09:56:21.526Z,0,20.11,50,OK,0.1
2026-02-19T09:56:21.577Z,0,20.16,50,OK,0.1
2026-02-19T09:56:21.627Z,0,20.12,50,OK,0.1
2026-02-19T09:56:21.677Z,0,20.15,50,OK,0.1
2026-02-19T09:56:21.727Z,0,20.14,50,OK,0.1
2026-02-19T09:56:21.778Z,0,20.16,50,OK,0.1
2026-02-19T09:56:21.828Z,0,20.13,50,OK,0.1
2026-02-19T09:56:21.878Z,0,20.17,50,OK,0.1
2026-02-19T09:56:21.928Z,0,20.25,50,OK,0.1
2026-02-19T09:56:21.978Z,0,20.27,50,OK,0.1
2026-02-19T09:56:22.028Z,0,20.27,50,OK,0.1
2026-02-19T09:56:22.078Z,0,20.30,50,OK,0.1
2026-02-19T09:56:22.128Z,0,20.36,50,OK,0.1
2026-02-19T09:56:22.179Z,0,20.30,50,OK,0.1
2026-02-19T09:56:22.229Z,0,20.33,50,OK,0.1
2026-02-19T09:56:22.279Z,0,20.32,50,OK,0.1
2026-02-19T09:56:22.329Z,0,20.26,50,OK,0.1
2026-02-19T09:56:22.380Z,0,20.22,50,OK,0.1
2026-02-19T09:56:22.431Z,0,20.23,50,OK,0.1
2026-02-19T09:56:22.481Z,0,20.20,50,OK,0.1
2026-02-19T09:56:22.532Z,0,20.25,50,OK,0.1
2026-02-19T09:56:22.582Z,0,20.32,50,OK,0.1
2026-02-19T09:56:22.633Z,0,20.34,50,OK,0.1
2026-02-19T09:56:22.683Z,0,20.31,50,OK,0.1
2026-02-19T09:56:22.733Z,0,20.35,50,OK,0.1
2026-02-19T09:56:22.783Z,0,20.31,50,OK,0.1
2026-02-19T09:56:22.839Z,0,21.00,50,OK,0.1
2026-02-19T09:56:22.889Z,0,20.96,50,OK,0.1
2026-02-19T09:56:22.939Z,0,20.90,50,OK,0.1
2026-02-19T09:56:22.989Z,0,21.01,50,OK,0.1
2026-02-19T09:56:23.040Z,0,20.92,50,OK,0.1
2026-02-19T09:56:23.090Z,0,20.22,50,OK,0.1
2026-02-19T09:56:23.140Z,0,20.24,50,OK,0.1
2026-02-19T09:56:23.191Z,0,20.30,50,OK,0.1
2026-02-19T09:56:23.241Z,0,20.21,50,OK,0.1
2026-02-19T09:56:23.291Z,0,20.28,50,OK,0.1
2026-02-19T09:56:23.341Z,0,20.27,50,OK,0.1
2026-02-19T09:56:23.391Z,0,20.29,50,OK,0.1
2026-02-19T09:56:23.442Z,0,20.28,50,OK,0.1
2026-02-19T09:56:23.492Z,0,20.25,50,OK,0.1
2026-02-19T09:56:23.542Z,0,20.28,50,OK,0.1
2026-02-19T09:56:23.592Z,0,20.31,50,OK,0.1
2026-02-19T09:56:23.644Z,0,20.26,50,OK,0.1
2026-02-19T09:56:23.694Z,0,20.29,50,OK,0.1
2026-02-19T09:56:23.744Z,0,20.43,50,OK,0.1
2026-02-19T09:56:23.794Z,0,20.41,50,OK,0.1
2026-02-19T09:56:23.844Z,0,20.39,50,OK,0.1
2026-02-19T09:56:23.894Z,0,20.41,50,OK,0.1
2026-02-19T09:56:23.944Z,0,20.42,50,OK,0.1
2026-02-19T09:56:23.994Z,0,20.25,50,OK,0.1
2026-02-19T09:56:24.045Z,0,20.27,50,OK,0.1
2026-02-19T09:56:24.096Z,0,20.30,50,OK,0.1
2026-02-19T09:56:24.146Z,0,20.28,50,OK,0.1
2026-02-19T09:56:24.196Z,0,20.28,50,OK,0.1
2026-02-19T09:56:24.246Z,0,20.26,50,OK,0.1
2026-02-19T09:56:24.296Z,0,20.26,50,OK,0.1
2026-02-19T09:56:24.346Z,0,20.23,50,OK,0.1
2026-02-19T09:56:24.397Z,0,20.23,50,OK,0.1
2026-02-19T09:56:24.447Z,0,20.26,50,OK,0.1
2026-02-19T09:56:24.497Z,0,20.36,50,OK,0.1
2026-02-19T09:56:24.547Z,0,20.36,50,OK,0.1
2026-02-19T09:56:24.597Z,0,20.37,50,OK,0.1
2026-02-19T09:56:24.647Z,0,20.38,50,OK,0.1
2026-02-19T09:56:24.699Z,0,20.35,50,OK,0.1
2026-02-19T09:56:24.750Z,0,20.29,50,OK,0.1
2026-02-19T09:56:24.800Z,0,20.26,50,OK,0.1
2026-02-19T09:56:24.850Z,0,20.28,50,OK,0.1
2026-02-19T09:56:24.901Z,0,20.28,50,OK,0.1
2026-02-19T09:56:24.951Z,0,20.34,50,OK,0.1
2026-02-19T09:56:25.001Z,0,20.35,50,OK,0.1
2026-02-19T09:56:25.051Z,0,20.44,50,OK,0.1
2026-02-19T09:56:25.101Z,0,20.43,50,OK,0.1
2026-02-19T09:56:25.152Z,0,20.46,50,OK,0.1
2026-02-19T09:56:25.202Z,0,20.41,50,OK,0.1
2026-02-19T09:56:25.252Z,0,20.38,50,OK,0.1
2026-02-19T09:56:25.302Z,0,20.31,50,OK,0.1
2026-02-19T09:56:25.353Z,0,20.30,50,OK,0.1
2026-02-19T09:56:25.403Z,0,20.31,50,OK,0.1
2026-02-19T09:56:25.453Z,0,20.28,50,OK,0.1
2026-02-19T09:56:25.504Z,0,20.31,50,OK,0.1
2026-02-19T09:56:25.554Z,0,20.36,50,OK,0.1
2026-02-19T09:56:25.604Z,0,20.36,50,OK,0.1
2026-02-19T09:56:25.654Z,0,20.36,50,OK,0.1
2026-02-19T09:56:25.705Z,0,20.42,50,OK,0.1
2026-02-19T09:56:25.755Z,0,20.38,50,OK,0.1
2026-02-19T09:56:25.805Z,0,20.34,50,OK,0.1
2026-02-19T09:56:25.855Z,0,20.33,50,OK,0.1
2026-02-19T09:56:25.905Z,0,20.30,50,OK,0.1
2026-02-19T09:56:25.955Z,0,20.30,50,OK,0.1
2026-02-19T09:56:26.005Z,0,20.31,50,OK,0.1
2026-02-19T09:56:26.055Z,0,20.31,50,OK,0.1
2026-02-19T09:56:26.106Z,0,20.33,50,OK,0.1
2026-02-19T09:56:26.157Z,0,20.35,50,OK,0.1
2026-02-19T09:56:26.207Z,0,20.37,50,OK,0.1
2026-02-19T09:56:26.257Z,0,20.41,50,OK,0.1
2026-02-19T09:56:26.307Z,0,20.45,50,OK,0.1
2026-02-19T09:56:26.357Z,0,20.42,50,OK,0.1
2026-02-19T09:56:26.407Z,0,20.38,50,OK,0.1
2026-02-19T09:56:26.458Z,0,20.35,50,OK,0.1
2026-02-19T09:56:26.508Z,0,20.33,50,OK,0.1
2026-02-19T09:56:26.559Z,0,20.21,50,OK,0.1
2026-02-19T09:56:26.609Z,0,20.24,50,OK,0.1
2026-02-19T09:56:26.661Z,0,20.31,50,OK,0.1
2026-02-19T09:56:26.711Z,0,20.31,50,OK,0.1
2026-02-19T09:56:26.761Z,0,20.27,50,OK,0.1
2026-02-19T09:56:26.811Z,0,20.34,50,OK,0.1
2026-02-19T09:56:26.862Z,0,20.41,50,OK,0.1
2026-02-19T09:56:26.912Z,0,20.35,50,OK,0.1
2026-02-19T09:56:26.962Z,0,20.29,50,OK,0.1
2026-02-19T09:56:27.012Z,0,20.35,50,OK,0.1
2026-02-19T09:56:27.062Z,0,20.28,50,OK,0.1
2026-02-19T09:56:27.112Z,0,20.23,50,OK,0.1
2026-02-19T09:56:27.162Z,0,20.31,50,OK,0.1
2026-02-19T09:56:27.212Z,0,20.39,50,OK,0.1
2026-02-19T09:56:27.263Z,0,20.38,50,OK,0.1
2026-02-19T09:56:27.313Z,0,20.50,50,OK,0.1
2026-02-19T09:56:27.364Z,0,20.48,50,OK,0.1
2026-02-19T09:56:27.415Z,0,20.43,50,OK,0.1
2026-02-19T09:56:27.465Z,0,20.32,50,OK,0.1
2026-02-19T09:56:27.515Z,0,20.28,50,OK,0.1
2026-02-19T09:56:27.565Z,0,20.24,50,OK,0.1
2026-02-19T09:56:27.616Z,0,20.25,50,OK,0.1
2026-02-19T09:56:27.666Z,0,20.24,50,OK,0.1
2026-02-19T09:56:27.716Z,0,20.30,50,OK,0.1
2026-02-19T09:56:27.767Z,0,20.32,50,OK,0.1
2026-02-19T09:56:27.818Z,0,20.31,50,OK,0.1
2026-02-19T09:56:27.868Z,0,20.31,50,OK,0.1
2026-02-19T09:56:27.919Z,0,20.28,50,OK,0.1
2026-02-19T09:56:27.970Z,0,20.19,50,OK,0.1
2026-02-19T09:56:28.020Z,0,20.16,50,OK,0.1
2026-02-19T09:56:28.070Z,0,20.14,50,OK,0.1
2026-02-19T09:56:28.120Z,0,20.10,50,OK,0.1
2026-02-19T09:56:28.170Z,0,20.09,50,OK,0.1
2026-02-19T09:56:28.220Z,0,20.16,50,OK,0.1
2026-02-19T09:56:28.270Z,0,20.15,50,OK,0.1
2026-02-19T09:56:28.321Z,0,20.15,50,OK,0.1
2026-02-19T09:56:28.371Z,0,20.14,50,OK,0.1
2026-02-19T09:56:28.422Z,0,20.15,50,OK,0.1
2026-02-19T09:56:28.473Z,0,20.16,50,OK,0.1
2026-02-19T09:56:28.523Z,0,20.17,50,OK,0.1
2026-02-19T09:56:28.573Z,0,20.18,50,OK,0.1
2026-02-19T09:56:28.623Z,0,20.20,50,OK,0.1
2026-02-19T09:56:28.673Z,0,20.19,50,OK,0.1
2026-02-19T09:56:28.723Z,0,20.17,50,OK,0.1
2026-02-19T09:56:28.773Z,0,20.17,50,OK,0.1
2026-02-19T09:56:28.823Z,0,20.16,50,OK,0.1
2026-02-19T09:56:28.873Z,0,20.14,50,OK,0.1
2026-02-19T09:56:28.923Z,0,20.14,50,OK,0.1
2026-02-19T09:56:28.973Z,0,20.15,50,OK,0.1
2026-02-19T09:56:29.023Z,0,20.15,50,OK,0.1
2026-02-19T09:56:29.073Z,0,20.16,50,OK,0.1
2026-02-19T09:56:29.124Z,0,20.16,50,OK,0.1
2026-02-19T09:56:29.175Z,0,20.18,50,OK,0.1
2026-02-19T09:56:29.225Z,0,20.19,50,OK,0.1
2026-02-19T09:56:29.275Z,0,20.20,50,OK,0.1
2026-02-19T09:56:29.325Z,0,20.19,50,OK,0.1
2026-02-19T09:56:29.375Z,0,20.19,50,OK,0.1
2026-02-19T09:56:29.425Z,0,20.18,50,OK,0.1
2026-02-19T09:56:29.475Z,0,20.16,50,OK,0.1
2026-02-19T09:56:29.524Z,0,20.16,50,OK,0.1
2026-02-19T09:56:29.574Z,0,20.16,50,OK,0.1
2026-02-19T09:56:29.624Z,0,20.16,50,OK,0.1
2026-02-19T09:56:29.675Z,0,20.17,50,OK,0.1
2026-02-19T09:56:29.725Z,0,20.18,50,OK,0.1
2026-02-19T09:56:29.775Z,0,20.18,50,OK,0.1
2026-02-19T09:56:29.825Z,0,20.19,50,OK,0.1
2026-02-19T09:56:29.876Z,0,20.18,50,OK,0.1
2026-02-19T09:56:29.926Z,0,20.17,50,OK,0.1
2026-02-19T09:56:29.976Z,0,20.07,50,OK,0.1
2026-02-19T09:56:30.026Z,0,20.07,50,OK,0.1
2026-02-19T09:56:30.076Z,0,20.09,50,OK,0.1
2026-02-19T09:56:30.126Z,0,20.10,50,OK,0.1
2026-02-19T09:56:30.177Z,0,20.11,50,OK,0.1
2026-02-19T09:56:30.227Z,0,20.19,50,OK,0.1
2026-02-19T09:56:30.277Z,0,20.20,50,OK,0.1
2026-02-19T09:56:30.327Z,0,20.16,50,OK,0.1
2026-02-19T09:56:30.377Z,0,20.18,50,OK,0.1
2026-02-19T09:56:30.427Z,0,20.18,50,OK,0.1
2026-02-19T09:56:30.477Z,0,20.19,50,OK,0.1
2026-02-19T09:56:30.527Z,0,20.21,50,OK,0.1
2026-02-19T09:56:30.577Z,0,20.21,50,OK,0.1
2026-02-19T09:56:30.627Z,0,20.20,50,OK,0.1
2026-02-19T09:56:30.677Z,0,20.19,50,OK,0.1
2026-02-19T09:56:30.727Z,0,20.20,50,OK,0.1
2026-02-19T09:56:30.778Z,0,20.19,50,OK,0.1
2026-02-19T09:56:30.828Z,0,20.21,50,OK,0.1
2026-02-19T09:56:30.878Z,0,20.20,50,OK,0.1
2026-02-19T09:56:30.929Z,0,20.20,50,OK,0.1
2026-02-19T09:56:30.979Z,0,20.19,50,OK,0.1
2026-02-19T09:56:31.029Z,0,20.19,50,OK,0.1
2026-02-19T09:56:31.080Z,0,20.17,50,OK,0.1
2026-02-19T09:56:31.130Z,0,20.17,50,OK,0.1
2026-02-19T09:56:31.180Z,0,20.16,50,OK,0.1
2026-02-19T09:56:31.230Z,0,20.17,50,OK,0.1
2026-02-19T09:56:31.281Z,0,20.17,50,OK,0.1
2026-02-19T09:56:31.331Z,0,20.17,50,OK,0.1
2026-02-19T09:56:31.381Z,0,20.21,50,OK,0.1
2026-02-19T09:56:31.432Z,0,20.14,50,OK,0.1
2026-02-19T09:56:31.483Z,0,20.17,50,OK,0.1
2026-02-19T09:56:31.534Z,0,20.20,50,OK,0.1
2026-02-19T09:56:31.584Z,0,20.24,50,OK,0.1
2026-02-19T09:56:31.635Z,0,20.22,50,OK,0.1
2026-02-19T09:56:31.685Z,0,20.36,50,OK,0.1
2026-02-19T09:56:31.735Z,0,20.32,50,OK,0.1
2026-02-19T09:56:31.786Z,0,20.34,50,OK,0.1
2026-02-19T09:56:31.836Z,0,20.37,50,OK,0.1
2026-02-19T09:56:31.886Z,0,20.40,50,OK,0.1
2026-02-19T09:56:31.936Z,0,20.38,50,OK,0.1
2026-02-19T09:56:31.986Z,0,20.41,50,OK,0.1
2026-02-19T09:56:32.038Z,0,20.39,50,OK,0.1
2026-02-19T09:56:32.088Z,0,20.35,50,OK,0.1
2026-02-19T09:56:32.139Z,0,20.32,50,OK,0.1
2026-02-19T09:56:32.189Z,0,20.31,50,OK,0.1
2026-02-19T09:56:32.240Z,0,20.29,50,OK,0.1
2026-02-19T09:56:32.290Z,0,20.28,50,OK,0.1
2026-02-19T09:56:32.341Z,0,20.31,50,OK,0.1
2026-02-19T09:56:32.391Z,0,20.34,50,OK,0.1
2026-02-19T09:56:32.441Z,0,20.33,50,OK,0.1
2026-02-19T09:56:32.492Z,0,20.32,50,OK,0.1
2026-02-19T09:56:32.542Z,0,20.30,50,OK,0.1
2026-02-19T09:56:32.592Z,0,20.27,50,OK,0.1
2026-02-19T09:56:32.643Z,0,20.25,50,OK,0.1
2026-02-19T09:56:32.693Z,0,20.25,50,OK,0.1
2026-02-19T09:56:32.742Z,0,20.25,50,OK,0.1
2026-02-19T09:56:32.793Z,0,20.28,50,OK,0.1
2026-02-19T09:56:32.843Z,0,20.29,50,OK,0.1
2026-02-19T09:56:32.893Z,0,20.34,50,OK,0.1
2026-02-19T09:56:32.943Z,0,20.33,50,OK,0.1
2026-02-19T09:56:32.994Z,0,20.40,50,OK,0.1
2026-02-19T09:56:33.045Z,0,20.38,50,OK,0.1
2026-02-19T09:56:33.095Z,0,20.32,50,OK,0.1
2026-02-19T09:56:33.145Z,0,20.24,50,OK,0.1
2026-02-19T09:56:33.195Z,0,20.11,50,OK,0.1
2026-02-19T09:56:33.244Z,0,20.05,50,OK,0.1
2026-02-19T09:56:33.295Z,0,20.06,50,OK,0.1
2026-02-19T09:56:33.345Z,0,20.08,50,OK,0.1
2026-02-19T09:56:33.397Z,0,20.15,50,OK,0.1
2026-02-19T09:56:33.447Z,0,20.27,50,OK,0.1
2026-02-19T09:56:33.497Z,0,20.35,50,OK,0.1
2026-02-19T09:56:33.547Z,0,20.40,50,OK,0.1
2026-02-19T09:56:33.598Z,0,20.37,50,OK,0.1
2026-02-19T09:56:33.649Z,0,20.33,50,OK,0.1
2026-02-19T09:56:33.699Z,0,20.38,50,OK,0.1
2026-02-19T09:56:33.750Z,0,20.34,50,OK,0.1
2026-02-19T09:56:33.800Z,0,20.36,50,OK,0.1
2026-02-19T09:56:33.850Z,0,20.43,50,OK,0.1
2026-02-19T09:56:33.900Z,0,20.44,50,OK,0.1
2026-02-19T09:56:33.951Z,0,20.39,50,OK,0.1
2026-02-19T09:56:34.001Z,0,20.35,50,OK,0.1
2026-02-19T09:56:34.052Z,0,20.30,50,OK,0.1
2026-02-19T09:56:34.102Z,0,20.28,50,OK,0.1
2026-02-19T09:56:34.152Z,0,20.29,50,OK,0.1
2026-02-19T09:56:34.203Z,0,20.23,50,OK,0.1
2026-02-19T09:56:34.253Z,0,20.26,50,OK,0.1
2026-02-19T09:56:34.303Z,0,20.17,50,OK,0.1
2026-02-19T09:56:34.353Z,0,20.20,50,OK,0.1
2026-02-19T09:56:34.404Z,0,20.31,50,OK,0.1
2026-02-19T09:56:34.455Z,0,20.38,50,OK,0.1
2026-02-19T09:56:34.505Z,0,20.42,50,OK,0.1
2026-02-19T09:56:34.556Z,0,20.52,50,OK,0.1
2026-02-19T09:56:34.606Z,0,20.51,50,OK,0.1
2026-02-19T09:56:34.657Z,0,20.40,50,OK,0.1
2026-02-19T09:56:34.707Z,0,20.42,50,OK,0.1
2026-02-19T09:56:34.757Z,0,20.46,50,OK,0.1
2026-02-19T09:56:34.808Z,0,20.45,50,OK,0.1
2026-02-19T09:56:34.858Z,0,20.51,50,OK,0.1
2026-02-19T09:56:34.908Z,0,20.50,50,OK,0.1
2026-02-19T09:56:34.959Z,0,20.47,50,OK,0.1
2026-02-19T09:56:35.009Z,0,20.41,50,OK,0.1
2026-02-19T09:56:35.061Z,0,20.36,50,OK,0.1
2026-02-19T09:56:35.112Z,0,20.31,50,OK,0.1
2026-02-19T09:56:35.162Z,0,20.35,50,OK,0.1
2026-02-19T09:56:35.212Z,0,20.36,50,OK,0.1
2026-02-19T09:56:35.263Z,0,20.34,50,OK,0.1
2026-02-19T09:56:35.313Z,0,20.36,50,OK,0.1
2026-02-19T09:56:35.364Z,0,20.37,50,OK,0.1
2026-02-19T09:56:35.414Z,0,20.33,50,OK,0.1
2026-02-19T09:56:35.464Z,0,20.27,50,OK,0.1
2026-02-19T09:56:35.514Z,0,20.26,50,OK,0.1
2026-02-19T09:56:35.564Z,0,20.24,50,OK,0.1
2026-02-19T09:56:35.615Z,0,20.27,50,OK,0.1
2026-02-19T09:56:35.666Z,0,20.27,50,OK,0.1
2026-02-19T09:56:35.716Z,0,20.34,50,OK,0.1
2026-02-19T09:56:35.766Z,0,20.38,50,OK,0.1
2026-02-19T09:56:35.817Z,0,20.47,50,OK,0.1
2026-02-19T09:56:35.867Z,0,20.46,50,OK,0.1
2026-02-19T09:56:35.917Z,0,20.54,50,OK,0.1
2026-02-19T09:56:35.966Z,0,20.53,50,OK,0.1
2026-02-19T09:56:36.018Z,0,20.61,50,OK,0.1
2026-02-19T09:56:36.068Z,0,20.53,50,OK,0.1
2026-02-19T09:56:36.118Z,0,20.56,50,OK,0.1
2026-02-19T09:56:36.168Z,0,20.49,50,OK,0.1
2026-02-19T09:56:36.218Z,0,20.47,50,OK,0.1
2026-02-19T09:56:36.269Z,0,20.39,50,OK,0.1
2026-02-19T09:56:36.319Z,0,20.44,50,OK,0.1
2026-02-19T09:56:36.369Z,0,20.38,50,OK,0.1
2026-02-19T09:56:36.420Z,0,20.29,50,OK,0.1
2026-02-19T09:56:36.470Z,0,20.29,50,OK,0.1
2026-02-19T09:56:36.521Z,0,20.33,50,OK,0.1
2026-02-19T09:56:36.572Z,0,20.29,50,OK,0.1
2026-02-19T09:56:36.622Z,0,20.23,50,OK,0.1
2026-02-19T09:56:36.672Z,0,20.31,50,OK,0.1
2026-02-19T09:56:36.722Z,0,20.24,50,OK,0.1
2026-02-19T09:56:36.772Z,0,20.19,50,OK,0.1
2026-02-19T09:56:36.823Z,0,20.16,50,OK,0.1
2026-02-19T09:56:36.873Z,0,20.22,50,OK,0.1
2026-02-19T09:56:36.923Z,0,20.27,50,OK,0.1
2026-02-19T09:56:36.973Z,0,20.32,50,OK,0.1
2026-02-19T09:56:37.023Z,0,20.32,50,OK,0.1
2026-02-19T09:56:37.074Z,0,20.33,50,OK,0.1
2026-02-19T09:56:37.125Z,0,20.32,50,OK,0.1
2026-02-19T09:56:37.175Z,0,20.27,50,OK,0.1
2026-02-19T09:56:37.225Z,0,20.15,50,OK,0.1
2026-02-19T09:56:37.275Z,0,20.19,50,OK,0.1
2026-02-19T09:56:37.325Z,0,20.27,50,OK,0.1
2026-02-19T09:56:37.375Z,0,20.27,50,OK,0.1
2026-02-19T09:56:37.425Z,0,20.17,50,OK,0.1
2026-02-19T09:56:37.475Z,0,20.35,50,OK,0.1
2026-02-19T09:56:37.526Z,0,20.38,50,OK,0.1
2026-02-19T09:56:37.576Z,0,20.33,50,OK,0.1
2026-02-19T09:56:37.626Z,0,20.28,50,OK,0.1
2026-02-19T09:56:37.676Z,0,20.37,50,OK,0.1
2026-02-19T09:56:37.726Z,0,20.17,50,OK,0.1
2026-02-19T09:56:37.774Z,0,20.08,50,OK,0.1
2026-02-19T09:56:37.824Z,0,19.92,50,OK,0.1
2026-02-19T09:56:37.873Z,0,19.99,50,OK,0.1
2026-02-19T09:56:37.924Z,0,20.15,50,OK,0.1
2026-02-19T09:56:37.974Z,0,20.34,50,OK,0.1
2026-02-19T09:56:38.025Z,0,20.49,50,OK,0.1
2026-02-19T09:56:38.075Z,0,20.63,50,OK,0.1
2026-02-19T09:56:38.126Z,0,20.58,50,OK,0.1
2026-02-19T09:56:38.176Z,0,20.43,50,OK,0.1
2026-02-19T09:56:38.226Z,0,20.37,50,OK,0.1
2026-02-19T09:56:38.277Z,0,20.24,50,OK,0.1
2026-02-19T09:56:38.327Z,0,20.20,50,OK,0.1
2026-02-19T09:56:38.377Z,0,20.24,50,OK,0.1
2026-02-19T09:56:38.428Z,0,20.30,50,OK,0.1
2026-02-19T09:56:38.478Z,0,20.34,50,OK,0.1
2026-02-19T09:56:38.528Z,0,20.29,50,OK,0.1
2026-02-19T09:56:38.577Z,0,20.30,50,OK,0.1
2026-02-19T09:56:38.628Z,0,20.28,50,OK,0.1
2026-02-19T09:56:38.678Z,0,20.24,50,OK,0.1
2026-02-19T09:56:38.729Z,0,20.26,50,OK,0.1
2026-02-19T09:56:38.780Z,0,20.29,50,OK,0.1
2026-02-19T09:56:38.830Z,0,20.35,50,OK,0.1
2026-02-19T09:56:38.880Z,0,20.38,50,OK,0.1
2026-02-19T09:56:38.931Z,0,20.32,50,OK,0.1
2026-02-19T09:56:38.980Z,0,20.29,50,OK,0.1
2026-02-19T09:56:39.031Z,0,20.34,50,OK,0.1
2026-02-19T09:56:39.081Z,0,20.29,50,OK,0.1
2026-02-19T09:56:39.130Z,0,20.29,50,OK,0.1
2026-02-19T09:56:39.181Z,0,20.34,50,OK,0.1
2026-02-19T09:56:39.232Z,0,20.48,50,OK,0.1
2026-02-19T09:56:39.282Z,0,20.47,50,OK,0.1
2026-02-19T09:56:39.332Z,0,20.29,50,OK,0.1
2026-02-19T09:56:39.383Z,0,20.29,50,OK,0.1
2026-02-19T09:56:39.434Z,0,20.12,50,OK,0.1
2026-02-19T09:56:39.484Z,0,19.99,50,OK,0.1
2026-02-19T09:56:39.534Z,0,19.78,50,OK,0.1
2026-02-19T09:56:39.584Z,0,19.97,50,OK,0.1
2026-02-19T09:56:39.635Z,0,20.04,50,OK,0.1
2026-02-19T09:56:39.685Z,0,20.22,50,OK,0.1
2026-02-19T09:56:39.736Z,0,20.34,50,OK,0.1
2026-02-19T09:56:39.786Z,0,20.53,50,OK,0.1
2026-02-19T09:56:39.837Z,0,20.62,50,OK,0.1
2026-02-19T09:56:39.888Z,0,20.54,50,OK,0.1
2026-02-19T09:56:39.938Z,0,20.59,50,OK,0.1
2026-02-19T09:56:39.988Z,0,20.50,50,OK,0.1
2026-02-19T09:56:40.039Z,0,20.46,50,OK,0.1
2026-02-19T09:56:40.089Z,0,20.38,50,OK,0.1
2026-02-19T09:56:40.139Z,0,20.45,50,OK,0.1
2026-02-19T09:56:40.189Z,0,20.34,50,OK,0.1
2026-02-19T09:56:40.238Z,0,20.23,50,OK,0.1
2026-02-19T09:56:40.289Z,0,20.29,50,OK,0.1
2026-02-19T09:56:40.339Z,0,20.28,50,OK,0.1
2026-02-19T09:56:40.390Z,0,20.20,50,OK,0.1
2026-02-19T09:56:40.441Z,0,20.28,50,OK,0.1
2026-02-19T09:56:40.491Z,0,20.36,50,OK,0.1
2026-02-19T09:56:40.541Z,0,20.41,50,OK,0.1
2026-02-19T09:56:40.591Z,0,20.43,50,OK,0.1
2026-02-19T09:56:40.642Z,0,20.48,50,OK,0.1
2026-02-19T09:56:40.692Z,0,20.45,50,OK,0.1
2026-02-19T09:56:40.743Z,0,20.39,50,OK,0.1
2026-02-19T09:56:40.794Z,0,20.34,50,OK,0.1
2026-02-19T09:56:40.843Z,0,20.31,50,OK,0.1
2026-02-19T09:56:40.894Z,0,20.23,50,OK,0.1
2026-02-19T09:56:40.944Z,0,20.15,50,OK,0.1
2026-02-19T09:56:40.995Z,0,20.25,50,OK,0.1
2026-02-19T09:56:41.045Z,0,20.29,50,OK,0.1
2026-02-19T09:56:41.096Z,0,20.28,50,OK,0.1
2026-02-19T09:56:41.146Z,0,20.41,50,OK,0.1
2026-02-19T09:56:41.196Z,0,20.46,50,OK,0.1
2026-02-19T09:56:41.245Z,0,20.45,50,OK,0.1
2026-02-19T09:56:41.296Z,0,20.45,50,OK,0.1
2026-02-19T09:56:41.345Z,0,20.60,50,OK,0.1
2026-02-19T09:56:41.396Z,0,20.50,50,OK,0.1
2026-02-19T09:56:41.446Z,0,20.61,50,OK,0.1
2026-02-19T09:56:41.497Z,0,20.57,50,OK,0.1
2026-02-19T09:56:41.547Z,0,20.63,50,OK,0.1
2026-02-19T09:56:41.597Z,0,20.50,50,OK,0.1
2026-02-19T09:56:41.647Z,0,20.59,50,OK,0.1
2026-02-19T09:56:41.698Z,0,20.51,50,OK,0.1
2026-02-19T09:56:41.748Z,0,20.51,50,OK,0.1
2026-02-19T09:56:41.799Z,0,20.42,50,OK,0.1
2026-02-19T09:56:41.850Z,0,20.45,50,OK,0.1
2026-02-19T09:56:41.900Z,0,20.35,50,OK,0.1
2026-02-19T09:56:41.950Z,0,20.39,50,OK,0.1
2026-02-19T09:56:42.000Z,0,20.41,50,OK,0.1
2026-02-19T09:56:42.051Z,0,20.47,50,OK,0.1
2026-02-19T09:56:42.101Z,0,20.45,50,OK,0.1
2026-02-19T09:56:42.152Z,0,20.50,50,OK,0.1
2026-02-19T09:56:42.202Z,0,20.46,50,OK,0.1
2026-02-19T09:56:42.251Z,0,20.46,50,OK,0.1
2026-02-19T09:56:42.302Z,0,20.39,50,OK,0.1
2026-02-19T09:56:42.352Z,0,20.45,50,OK,0.1
2026-02-19T09:56:42.403Z,0,20.38,50,OK,0.1
2026-02-19T09:56:42.453Z,0,20.44,50,OK,0.1
2026-02-19T09:56:42.504Z,0,20.41,50,OK,0.1
2026-02-19T09:56:42.553Z,0,20.51,50,OK,0.1
2026-02-19T09:56:42.604Z,0,20.40,50,OK,0.1
2026-02-19T09:56:42.655Z,0,20.43,50,OK,0.1
2026-02-19T09:56:42.705Z,0,20.35,50,OK,0.1
2026-02-19T09:56:42.756Z,0,20.38,50,OK,0.1
2026-02-19T09:56:42.807Z,0,20.25,50,OK,0.1
2026-02-19T09:56:42.857Z,0,20.36,50,OK,0.1
2026-02-19T09:56:42.908Z,0,20.37,50,OK,0.1
2026-02-19T09:56:42.957Z,0,20.47,50,OK,0.1
2026-02-19T09:56:43.008Z,0,20.40,50,OK,0.1
2026-02-19T09:56:43.059Z,0,20.52,50,OK,0.1
2026-02-19T09:56:43.109Z,0,20.45,50,OK,0.1
2026-02-19T09:56:43.158Z,0,20.42,50,OK,0.1
2026-02-19T09:56:43.209Z,0,20.35,50,OK,0.1
2026-02-19T09:56:43.260Z,0,20.39,50,OK,0.1
2026-02-19T09:56:43.309Z,0,20.32,50,OK,0.1
2026-02-19T09:56:43.360Z,0,20.30,50,OK,0.1
2026-02-19T09:56:43.410Z,0,20.28,50,OK,0.1
2026-02-19T09:56:43.460Z,0,20.27,50,OK,0.1
2026-02-19T09:56:43.510Z,0,20.29,50,OK,0.1
2026-02-19T09:56:43.561Z,0,20.28,50,OK,0.1
2026-02-19T09:56:43.611Z,0,20.25,50,OK,0.1
2026-02-19T09:56:43.661Z,0,20.21,50,OK,0.1
2026-02-19T09:56:43.711Z,0,20.23,50,OK,0.1
2026-02-19T09:56:43.762Z,0,20.21,50,OK,0.1
2026-02-19T09:56:43.811Z,0,20.22,50,OK,0.1
2026-02-19T09:56:43.862Z,0,20.26,50,OK,0.1
2026-02-19T09:56:43.912Z,0,20.30,50,OK,0.1
2026-02-19T09:56:43.962Z,0,20.34,50,OK,0.1
2026-02-19T09:56:44.012Z,0,20.36,50,OK,0.1
2026-02-19T09:56:44.063Z,0,20.39,50,OK,0.1
2026-02-19T09:56:44.113Z,0,20.40,50,OK,0.1
2026-02-19T09:56:44.163Z,0,20.44,50,OK,0.1
2026-02-19T09:56:44.214Z,0,20.42,50,OK,0.1
2026-02-19T09:56:44.264Z,0,20.44,50,OK,0.1
2026-02-19T09:56:44.314Z,0,20.44,50,OK,0.1
2026-02-19T09:56:44.364Z,0,20.44,50,OK,0.1
2026-02-19T09:56:44.415Z,0,20.42,50,OK,0.1
2026-02-19T09:56:44.466Z,0,20.38,50,OK,0.1
2026-02-19T09:56:44.516Z,0,20.28,50,OK,0.1
2026-02-19T09:56:44.566Z,0,20.28,50,OK,0.1
2026-02-19T09:56:44.617Z,0,20.29,50,OK,0.1
2026-02-19T09:56:44.666Z,0,20.29,50,OK,0.1
2026-02-19T09:56:44.717Z,0,20.29,50,OK,0.1
2026-02-19T09:56:44.768Z,0,20.39,50,OK,0.1
2026-02-19T09:56:44.819Z,0,20.41,50,OK,0.1
2026-02-19T09:56:44.869Z,0,20.40,50,OK,0.1
2026-02-19T09:56:44.919Z,0,20.38,50,OK,0.1
2026-02-19T09:56:44.970Z,0,20.40,50,OK,0.1
2026-02-19T09:56:45.019Z,0,20.39,50,OK,0.1
2026-02-19T09:56:45.070Z,0,20.35,50,OK,0.1
2026-02-19T09:56:45.120Z,0,20.32,50,OK,0.1
2026-02-19T09:56:45.171Z,0,20.32,50,OK,0.1
2026-02-19T09:56:45.221Z,0,20.32,50,OK,0.1
2026-02-19T09:56:45.271Z,0,20.30,50,OK,0.1
2026-02-19T09:56:45.321Z,0,20.32,50,OK,0.1
2026-02-19T09:56:45.371Z,0,20.33,50,OK,0.1
2026-02-19T09:56:45.420Z,0,20.32,50,OK,0.1
2026-02-19T09:56:45.470Z,0,20.30,50,OK,0.1
2026-02-19T09:56:45.521Z,0,20.28,50,OK,0.1
2026-02-19T09:56:45.571Z,0,20.31,50,OK,0.1
2026-02-19T09:56:45.621Z,0,20.33,50,OK,0.1
2026-02-19T09:56:45.672Z,0,20.28,50,OK,0.1
2026-02-19T09:56:45.723Z,0,20.28,50,OK,0.1
2026-02-19T09:56:45.773Z,0,20.35,50,OK,0.1
2026-02-19T09:56:45.823Z,0,20.31,50,OK,0.1
2026-02-19T09:56:45.874Z,0,20.29,50,OK,0.1
2026-02-19T09:56:45.925Z,0,20.36,50,OK,0.1
2026-02-19T09:56:45.976Z,0,20.39,50,OK,0.1
2026-02-19T09:56:46.026Z,0,20.34,50,OK,0.1
2026-02-19T09:56:46.076Z,0,20.35,50,OK,0.1
2026-02-19T09:56:46.127Z,0,20.34,50,OK,0.1
2026-02-19T09:56:46.178Z,0,20.33,50,OK,0.1
2026-02-19T09:56:46.229Z,0,20.31,50,OK,0.1
2026-02-19T09:56:46.280Z,0,20.34,50,OK,0.1
2026-02-19T09:56:46.330Z,0,20.36,50,OK,0.1
2026-02-19T09:56:46.381Z,0,20.44,50,OK,0.1
2026-02-19T09:56:46.432Z,0,20.44,50,OK,0.1
2026-02-19T09:56:46.483Z,0,20.46,50,OK,0.1
2026-02-19T09:56:46.533Z,0,20.47,50,OK,0.1
2026-02-19T09:56:46.582Z,0,20.47,50,OK,0.1
2026-02-19T09:56:46.633Z,0,20.39,50,OK,0.1
2026-02-19T09:56:46.683Z,0,20.39,50,OK,0.1
2026-02-19T09:56:46.733Z,0,20.39,50,OK,0.1
2026-02-19T09:56:46.783Z,0,20.37,50,OK,0.1
2026-02-19T09:56:46.833Z,0,20.34,50,OK,0.1
2026-02-19T09:56:46.883Z,0,20.34,50,OK,0.1
2026-02-19T09:56:46.933Z,0,20.17,50,OK,0.1
2026-02-19T09:56:46.984Z,0,20.15,50,OK,0.1
2026-02-19T09:56:47.034Z,0,20.15,50,OK,0.1
2026-02-19T09:56:47.085Z,0,20.16,50,OK,0.1
2026-02-19T09:56:47.135Z,0,20.18,50,OK,0.1
2026-02-19T09:56:47.186Z,0,20.37,50,OK,0.1
2026-02-19T09:56:47.236Z,0,20.36,50,OK,0.1
2026-02-19T09:56:47.286Z,0,20.36,50,OK,0.1
2026-02-19T09:56:47.337Z,0,20.36,50,OK,0.1
2026-02-19T09:56:47.387Z,0,20.38,50,OK,0.1
2026-02-19T09:56:47.437Z,0,20.35,50,OK,0.1
2026-02-19T09:56:47.488Z,0,20.33,50,OK,0.1
2026-02-19T09:56:47.538Z,0,20.29,50,OK,0.1
2026-02-19T09:56:47.589Z,0,20.27,50,OK,0.1
2026-02-19T09:56:47.639Z,0,20.24,50,OK,0.1
2026-02-19T09:56:47.689Z,0,20.26,50,OK,0.1
2026-02-19T09:56:47.739Z,0,20.35,50,OK,0.1
2026-02-19T09:56:47.789Z,0,20.38,50,OK,0.1
2026-02-19T09:56:47.840Z,0,20.48,50,OK,0.1
2026-02-19T09:56:47.892Z,0,20.44,50,OK,0.1
2026-02-19T09:56:47.942Z,0,20.45,50,OK,0.1
2026-02-19T09:56:47.993Z,0,20.37,50,OK,0.1
2026-02-19T09:56:48.043Z,0,20.28,50,OK,0.1
2026-02-19T09:56:48.093Z,0,20.21,50,OK,0.1
2026-02-19T09:56:48.142Z,0,20.23,50,OK,0.1
2026-02-19T09:56:48.192Z,0,20.23,50,OK,0.1
2026-02-19T09:56:48.243Z,0,20.22,50,OK,0.1
2026-02-19T09:56:48.293Z,0,20.33,50,OK,0.1
2026-02-19T09:56:48.343Z,0,20.28,50,OK,0.1
2026-02-19T09:56:48.394Z,0,20.28,50,OK,0.1
2026-02-19T09:56:48.443Z,0,20.31,50,OK,0.1
2026-02-19T09:56:48.494Z,0,20.33,50,OK,0.1
2026-02-19T09:56:48.545Z,0,20.35,50,OK,0.1
2026-02-19T09:56:48.596Z,0,20.40,50,OK,0.1
2026-02-19T09:56:48.646Z,0,20.30,50,OK,0.1
2026-02-19T09:56:48.697Z,0,20.26,50,OK,0.1
2026-02-19T09:56:48.747Z,0,20.29,50,OK,0.1
2026-02-19T09:56:48.798Z,0,20.24,50,OK,0.1
2026-02-19T09:56:48.848Z,0,20.28,50,OK,0.1
2026-02-19T09:56:48.899Z,0,20.35,50,OK,0.1
2026-02-19T09:56:48.950Z,0,20.35,50,OK,0.1
2026-02-19T09:56:48.999Z,0,20.30,50,OK,0.1
2026-02-19T09:56:49.049Z,0,20.31,50,OK,0.1
2026-02-19T09:56:49.100Z,0,20.27,50,OK,0.1
2026-02-19T09:56:49.150Z,0,20.32,50,OK,0.1
2026-02-19T09:56:49.201Z,0,20.31,50,OK,0.1
2026-02-19T09:56:49.251Z,0,20.32,50,OK,0.1
2026-02-19T09:56:49.300Z,0,20.09,50,OK,0.1
2026-02-19T09:56:49.351Z,0,20.10,50,OK,0.1
2026-02-19T09:56:49.402Z,0,20.04,50,OK,0.1
2026-02-19T09:56:49.451Z,0,19.97,50,OK,0.1
2026-02-19T09:56:49.502Z,0,19.94,50,OK,0.1
2026-02-19T09:56:49.552Z,0,20.07,50,OK,0.1
2026-02-19T09:56:49.602Z,0,20.04,50,OK,0.1
2026-02-19T09:56:49.652Z,0,20.05,50,OK,0.1
2026-02-19T09:56:49.701Z,0,20.17,50,OK,0.1
2026-02-19T09:56:49.752Z,0,20.17,50,OK,0.1
2026-02-19T09:56:49.803Z,0,20.24,50,OK,0.1
2026-02-19T09:56:49.854Z,0,20.15,50,OK,0.1
2026-02-19T09:56:49.904Z,0,20.15,50,OK,0.1
2026-02-19T09:56:49.954Z,0,20.13,50,OK,0.1
2026-02-19T09:56:50.004Z,0,20.14,50,OK,0.1
2026-02-19T09:56:50.055Z,0,20.14,50,OK,0.1
2026-02-19T09:56:50.105Z,0,20.24,50,OK,0.1
2026-02-19T09:56:50.154Z,0,20.26,50,OK,0.1
2026-02-19T09:56:50.204Z,0,20.21,50,OK,0.1
2026-02-19T09:56:50.255Z,0,20.21,50,OK,0.1
2026-02-19T09:56:50.305Z,0,20.26,50,OK,0.1
2026-02-19T09:56:50.356Z,0,20.28,50,OK,0.1
2026-02-19T09:56:50.406Z,0,20.26,50,OK,0.1
2026-02-19T09:56:50.456Z,0,20.84,50,OK,0.1
2026-02-19T09:56:50.507Z,0,20.83,50,OK,0.1
2026-02-19T09:56:50.557Z,0,20.80,50,OK,0.1
2026-02-19T09:56:50.607Z,0,20.74,50,OK,0.1
2026-02-19T09:56:50.658Z,0,20.78,50,OK,0.1
2026-02-19T09:56:50.708Z,0,20.20,50,OK,0.1
2026-02-19T09:56:50.758Z,0,20.23,50,OK,0.1
2026-02-19T09:56:50.809Z,0,20.20,50,OK,0.1
2026-02-19T09:56:50.860Z,0,20.24,50,OK,0.1
2026-02-19T09:56:50.910Z,0,20.20,50,OK,0.1
2026-02-19T09:56:50.959Z,0,20.25,50,OK,0.1
2026-02-19T09:56:51.010Z,0,20.22,50,OK,0.1
2026-02-19T09:56:51.060Z,0,20.17,50,OK,0.1
2026-02-19T09:56:51.110Z,0,20.15,50,OK,0.1
2026-02-19T09:56:51.159Z,0,20.09,50,OK,0.1
2026-02-19T09:56:51.209Z,0,20.04,50,OK,0.1
2026-02-19T09:56:51.259Z,0,20.07,50,OK,0.1
2026-02-19T09:56:51.309Z,0,20.12,50,OK,0.1
2026-02-19T09:56:51.360Z,0,20.14,50,OK,0.1
2026-02-19T09:56:51.410Z,0,20.21,50,OK,0.1
2026-02-19T09:56:51.459Z,0,20.24,50,OK,0.1
2026-02-19T09:56:51.510Z,0,20.23,50,OK,0.1
2026-02-19T09:56:51.560Z,0,20.25,50,OK,0.1
2026-02-19T09:56:51.610Z,0,20.23,50,OK,0.1
2026-02-19T09:56:51.661Z,0,20.23,50,OK,0.1
2026-02-19T09:56:51.711Z,0,20.22,50,OK,0.1
2026-02-19T09:56:51.761Z,0,20.22,50,OK,0.1
2026-02-19T09:56:51.810Z,0,20.23,50,OK,0.1
2026-02-19T09:56:51.861Z,0,20.23,50,OK,0.1
2026-02-19T09:56:51.910Z,0,20.24,50,OK,0.1
2026-02-19T09:56:51.960Z,0,20.23,50,OK,0.1
2026-02-19T09:56:52.010Z,0,20.22,50,OK,0.1
2026-02-19T09:56:52.061Z,0,20.18,50,OK,0.1
2026-02-19T09:56:52.111Z,0,20.18,50,OK,0.1
2026-02-19T09:56:52.161Z,0,20.17,50,OK,0.1
2026-02-19T09:56:52.211Z,0,20.16,50,OK,0.1
2026-02-19T09:56:52.261Z,0,20.15,50,OK,0.1
2026-02-19T09:56:52.311Z,0,20.15,50,OK,0.1
2026-02-19T09:56:52.361Z,0,20.14,50,OK,0.1
2026-02-19T09:56:52.412Z,0,20.14,50,OK,0.1
2026-02-19T09:56:52.462Z,0,20.14,50,OK,0.1
2026-02-19T09:56:52.512Z,0,20.14,50,OK,0.1
2026-02-19T09:56:52.562Z,0,20.15,50,OK,0.1
2026-02-19T09:56:52.612Z,0,20.15,50,OK,0.1
2026-02-19T09:56:52.662Z,0,20.15,50,OK,0.1
2026-02-19T09:56:52.713Z,0,20.16,50,OK,0.1
2026-02-19T09:56:52.762Z,0,20.16,50,OK,0.1
2026-02-19T09:56:52.813Z,0,20.16,50,OK,0.1
2026-02-19T09:56:52.863Z,0,20.17,50,OK,0.1
2026-02-19T09:56:52.913Z,0,20.17,50,OK,0.1
2026-02-19T09:56:52.964Z,0,20.22,50,OK,0.1
2026-02-19T09:56:53.015Z,0,20.20,50,OK,0.1
2026-02-19T09:56:53.065Z,0,20.20,50,OK,0.1
2026-02-19T09:56:53.115Z,0,20.20,50,OK,0.1
2026-02-19T09:56:53.166Z,0,20.22,50,OK,0.1
2026-02-19T09:56:53.216Z,0,20.16,50,OK,0.1
2026-02-19T09:56:53.267Z,0,20.18,50,OK,0.1
2026-02-19T09:56:53.317Z,0,20.17,50,OK,0.1
2026-02-19T09:56:53.367Z,0,20.18,50,OK,0.1
2026-02-19T09:56:53.418Z,0,20.17,50,OK,0.1
2026-02-19T09:56:53.468Z,0,20.21,50,OK,0.1
2026-02-19T09:56:53.517Z,0,20.22,50,OK,0.1
2026-02-19T09:56:53.568Z,0,20.28,50,OK,0.1
2026-02-19T09:56:53.618Z,0,20.28,50,OK,0.1
2026-02-19T09:56:53.669Z,0,20.29,50,OK,0.1
2026-02-19T09:56:53.718Z,0,20.26,50,OK,0.1
2026-02-19T09:56:53.769Z,0,20.11,50,OK,0.1
2026-02-19T09:56:53.819Z,0,20.07,50,OK,0.1
2026-02-19T09:56:53.869Z,0,20.02,50,OK,0.1
2026-02-19T09:56:53.920Z,0,20.03,50,OK,0.1
2026-02-19T09:56:53.971Z,0,20.02,50,OK,0.1
2026-02-19T09:56:54.022Z,0,20.22,50,OK,0.1
2026-02-19T09:56:54.072Z,0,20.09,50,OK,0.1
2026-02-19T09:56:54.121Z,0,20.18,50,OK,0.1
2026-02-19T09:56:54.172Z,0,20.06,50,OK,0.1
2026-02-19T09:56:54.222Z,0,20.08,50,OK,0.1
2026-02-19T09:56:54.272Z,0,20.16,50,OK,0.1
2026-02-19T09:56:54.322Z,0,20.31,50,OK,0.1
2026-02-19T09:56:54.372Z,0,20.33,50,OK,0.1
2026-02-19T09:56:54.423Z,0,20.48,50,OK,0.1
2026-02-19T09:56:54.474Z,0,20.46,50,OK,0.1
2026-02-19T09:56:54.524Z,0,20.36,50,OK,0.1
2026-02-19T09:56:54.574Z,0,20.32,50,OK,0.1
2026-02-19T09:56:54.624Z,0,20.29,50,OK,0.1
2026-02-19T09:56:54.675Z,0,20.21,50,OK,0.1
2026-02-19T09:56:54.725Z,0,20.26,50,OK,0.1
2026-02-19T09:56:54.776Z,0,20.20,50,OK,0.1
2026-02-19T09:56:54.827Z,0,20.25,50,OK,0.1
2026-02-19T09:56:54.877Z,0,20.27,50,OK,0.1
2026-02-19T09:56:54.928Z,0,20.31,50,OK,0.1
2026-02-19T09:56:54.979Z,0,20.39,50,OK,0.1
2026-02-19T09:56:55.029Z,0,20.43,50,OK,0.1
2026-02-19T09:56:55.080Z,0,20.45,50,OK,0.1
2026-02-19T09:56:55.130Z,0,20.43,50,OK,0.1
2026-02-19T09:56:55.180Z,0,20.51,50,OK,0.1
2026-02-19T09:56:55.230Z,0,20.40,50,OK,0.1
2026-02-19T09:56:55.279Z,0,20.42,50,OK,0.1
2026-02-19T09:56:55.330Z,0,20.42,50,OK,0.1
2026-02-19T09:56:55.380Z,0,20.41,50,OK,0.1
2026-02-19T09:56:55.430Z,0,20.36,50,OK,0.1
2026-02-19T09:56:55.480Z,0,20.43,50,OK,0.1
2026-02-19T09:56:55.530Z,0,20.41,50,OK,0.1
2026-02-19T09:56:55.580Z,0,20.46,50,OK,0.1
2026-02-19T09:56:55.630Z,0,20.48,50,OK,0.1
2026-02-19T09:56:55.681Z,0,20.55,50,OK,0.1
2026-02-19T09:56:55.732Z,0,20.52,50,OK,0.1
2026-02-19T09:56:55.782Z,0,20.35,50,OK,0.1
2026-02-19T09:56:55.833Z,0,20.28,50,OK,0.1
2026-02-19T09:56:55.884Z,0,20.17,50,OK,0.1
2026-02-19T09:56:55.934Z,0,20.05,50,OK,0.1
2026-02-19T09:56:55.984Z,0,19.91,50,OK,0.1
2026-02-19T09:56:56.034Z,0,20.09,50,OK,0.1
2026-02-19T09:56:56.084Z,0,20.18,50,OK,0.1
2026-02-19T09:56:56.134Z,0,20.24,50,OK,0.1
2026-02-19T09:56:56.184Z,0,20.29,50,OK,0.1
2026-02-19T09:56:56.234Z,0,20.43,50,OK,0.1
2026-02-19T09:56:56.285Z,0,20.48,50,OK,0.1
2026-02-19T09:56:56.335Z,0,20.40,50,OK,0.1
2026-02-19T09:56:56.386Z,0,20.58,50,OK,0.1
2026-02-19T09:56:56.436Z,0,20.58,50,OK,0.1
2026-02-19T09:56:56.487Z,0,20.53,50,OK,0.1
2026-02-19T09:56:56.538Z,0,20.48,50,OK,0.1
2026-02-19T09:56:56.589Z,0,20.63,50,OK,0.1
2026-02-19T09:56:56.639Z,0,20.48,50,OK,0.1
2026-02-19T09:56:56.690Z,0,20.37,50,OK,0.1
2026-02-19T09:56:56.741Z,0,20.38,50,OK,0.1
2026-02-19T09:56:56.792Z,0,20.33,50,OK,0.1
2026-02-19T09:56:56.843Z,0,20.19,50,OK,0.1
2026-02-19T09:56:56.893Z,0,20.04,50,OK,0.1
2026-02-19T09:56:56.943Z,0,20.11,50,OK,0.1
2026-02-19T09:56:56.993Z,0,20.19,50,OK,0.1
2026-02-19T09:56:57.043Z,0,20.23,50,OK,0.1
2026-02-19T09:56:57.094Z,0,20.19,50,OK,0.1
2026-02-19T09:56:57.144Z,0,20.34,50,OK,0.1
2026-02-19T09:56:57.195Z,0,20.33,50,OK,0.1
2026-02-19T09:56:57.245Z,0,20.29,50,OK,0.1
2026-02-19T09:56:57.295Z,0,20.32,50,OK,0.1
2026-02-19T09:56:57.345Z,0,20.35,50,OK,0.1
2026-02-19T09:56:57.395Z,0,20.39,50,OK,0.1
2026-02-19T09:56:57.445Z,0,20.37,50,OK,0.1
2026-02-19T09:56:57.496Z,0,20.36,50,OK,0.1
2026-02-19T09:56:57.546Z,0,20.33,50,OK,0.1
2026-02-19T09:56:57.596Z,0,20.38,50,OK,0.1
2026-02-19T09:56:57.645Z,0,20.32,50,OK,0.1
2026-02-19T09:56:57.696Z,0,20.43,50,OK,0.1
2026-02-19T09:56:57.746Z,0,20.36,50,OK,0.1
2026-02-19T09:56:57.796Z,0,20.48,50,OK,0.1
2026-02-19T09:56:57.846Z,0,20.43,50,OK,0.1
2026-02-19T09:56:57.896Z,0,20.52,50,OK,0.1
2026-02-19T09:56:57.947Z,0,20.47,50,OK,0.1
2026-02-19T09:56:57.998Z,0,20.42,50,OK,0.1
2026-02-19T09:56:58.048Z,0,20.28,50,OK,0.1
2026-02-19T09:56:58.099Z,0,20.33,50,OK,0.1
2026-02-19T09:56:58.149Z,0,20.27,50,OK,0.1
2026-02-19T09:56:58.199Z,0,20.36,50,OK,0.1
2026-02-19T09:56:58.250Z,0,20.46,50,OK,0.1
2026-02-19T09:56:58.300Z,0,20.60,50,OK,0.1
2026-02-19T09:56:58.350Z,0,20.58,50,OK,0.1
2026-02-19T09:56:58.400Z,0,20.67,50,OK,0.1
2026-02-19T09:56:58.450Z,0,20.55,50,OK,0.1
2026-02-19T09:56:58.500Z,0,20.48,50,OK,0.1
2026-02-19T09:56:58.549Z,0,20.36,50,OK,0.1
2026-02-19T09:56:58.600Z,0,20.45,50,OK,0.1
2026-02-19T09:56:58.650Z,0,20.36,50,OK,0.1
2026-02-19T09:56:58.700Z,0,20.32,50,OK,0.1
2026-02-19T09:56:58.750Z,0,20.40,50,OK,0.1
2026-02-19T09:56:58.800Z,0,20.41,50,OK,0.1
2026-02-19T09:56:58.850Z,0,20.27,50,OK,0.1
2026-02-19T09:56:58.901Z,0,20.27,50,OK,0.1
2026-02-19T09:56:58.950Z,0,20.29,50,OK,0.1
2026-02-19T09:56:59.001Z,0,20.28,50,OK,0.1
2026-02-19T09:56:59.052Z,0,20.22,50,OK,0.1
2026-02-19T09:56:59.102Z,0,20.25,50,OK,0.1
2026-02-19T09:56:59.151Z,0,20.26,50,OK,0.1
2026-02-19T09:56:59.201Z,0,20.18,50,OK,0.1
2026-02-19T09:56:59.252Z,0,20.17,50,OK,0.1
2026-02-19T09:56:59.302Z,0,20.20,50,OK,0.1
2026-02-19T09:56:59.353Z,0,20.20,50,OK,0.1
2026-02-19T09:56:59.404Z,0,20.23,50,OK,0.1
2026-02-19T09:56:59.454Z,0,20.32,50,OK,0.1
2026-02-19T09:56:59.504Z,0,20.26,50,OK,0.1
2026-02-19T09:56:59.555Z,0,20.28,50,OK,0.1
2026-02-19T09:56:59.606Z,0,20.28,50,OK,0.1
2026-02-19T09:56:59.657Z,0,20.22,50,OK,0.1
2026-02-19T09:56:59.708Z,0,20.26,50,OK,0.1
2026-02-19T09:56:59.758Z,0,20.33,50,OK,0.1
2026-02-19T09:56:59.808Z,0,20.36,50,OK,0.1
2026-02-19T09:56:59.858Z,0,20.34,50,OK,0.1
2026-02-19T09:56:59.908Z,0,20.38,50,OK,0.1
2026-02-19T09:56:59.959Z,0,20.37,50,OK,0.1
2026-02-19T09:57:00.008Z,0,20.44,50,OK,0.1
2026-02-19T09:57:00.059Z,0,20.43,50,OK,0.1
2026-02-19T09:57:00.109Z,0,20.42,50,OK,0.1
2026-02-19T09:57:00.160Z,0,20.41,50,OK,0.1
2026-02-19T09:57:00.209Z,0,20.43,50,OK,0.1
2026-02-19T09:57:00.260Z,0,20.33,50,OK,0.1
2026-02-19T09:57:00.309Z,0,20.33,50,OK,0.1
2026-02-19T09:57:00.360Z,0,20.35,50,OK,0.1
2026-02-19T09:57:00.410Z,0,20.23,50,OK,0.1
2026-02-19T09:57:00.460Z,0,20.19,50,OK,0.1
2026-02-19T09:57:00.511Z,0,20.26,50,OK,0.1
2026-02-19T09:57:00.562Z,0,20.23,50,OK,0.1
2026-02-19T09:57:00.612Z,0,20.32,50,OK,0.1
2026-02-19T09:57:00.662Z,0,20.42,50,OK,0.1
2026-02-19T09:57:00.713Z,0,20.48,50,OK,0.1
2026-02-19T09:57:00.763Z,0,20.44,50,OK,0.1
2026-02-19T09:57:00.814Z,0,20.45,50,OK,0.1
2026-02-19T09:57:00.863Z,0,20.37,50,OK,0.1
2026-02-19T09:57:00.913Z,0,20.35,50,OK,0.1
2026-02-19T09:57:00.964Z,0,20.29,50,OK,0.1
2026-02-19T09:57:01.013Z,0,20.26,50,OK,0.1
2026-02-19T09:57:01.064Z,0,20.26,50,OK,0.1
2026-02-19T09:57:01.114Z,0,20.25,50,OK,0.1
2026-02-19T09:57:01.165Z,0,20.28,50,OK,0.1
2026-02-19T09:57:01.215Z,0,20.21,50,OK,0.1
2026-02-19T09:57:01.265Z,0,20.22,50,OK,0.1
2026-02-19T09:57:01.316Z,0,20.24,50,OK,0.1
2026-02-19T09:57:01.367Z,0,20.24,50,OK,0.1
2026-02-19T09:57:01.417Z,0,20.21,50,OK,0.1
2026-02-19T09:57:01.467Z,0,20.33,50,OK,0.1
2026-02-19T09:57:01.517Z,0,20.40,50,OK,0.1
2026-02-19T09:57:01.567Z,0,20.37,50,OK,0.1
2026-02-19T09:57:01.617Z,0,20.32,50,OK,0.1
2026-02-19T09:57:01.668Z,0,20.36,50,OK,0.1
2026-02-19T09:57:01.718Z,0,20.38,50,OK,0.1
2026-02-19T09:57:01.769Z,0,20.32,50,OK,0.1
2026-02-19T09:57:01.819Z,0,20.27,50,OK,0.1
2026-02-19T09:57:01.870Z,0,20.31,50,OK,0.1
2026-02-19T09:57:01.920Z,0,20.34,50,OK,0.1
2026-02-19T09:57:01.970Z,0,20.30,50,OK,0.1
2026-02-19T09:57:02.019Z,0,20.31,50,OK,0.1
2026-02-19T09:57:02.070Z,0,20.37,50,OK,0.1
2026-02-19T09:57:02.121Z,0,20.42,50,OK,0.1
2026-02-19T09:57:02.170Z,0,20.36,50,OK,0.1
2026-02-19T09:57:02.220Z,0,20.25,50,OK,0.1
2026-02-19T09:57:02.270Z,0,20.23,50,OK,0.1
2026-02-19T09:57:02.321Z,0,20.27,50,OK,0.1
2026-02-19T09:57:02.372Z,0,20.27,50,OK,0.1
2026-02-19T09:57:02.422Z,0,20.29,50,OK,0.1
2026-02-19T09:57:02.472Z,0,20.40,50,OK,0.1
2026-02-19T09:57:02.523Z,0,20.42,50,OK,0.1
2026-02-19T09:57:02.573Z,0,20.39,50,OK,0.1
2026-02-19T09:57:02.624Z,0,20.38,50,OK,0.1
2026-02-19T09:57:02.674Z,0,20.40,50,OK,0.1
2026-02-19T09:57:02.725Z,0,20.37,50,OK,0.1
2026-02-19T09:57:02.775Z,0,20.35,50,OK,0.1
2026-02-19T09:57:02.824Z,0,20.34,50,OK,0.1
2026-02-19T09:57:02.874Z,0,20.30,50,OK,0.1
2026-02-19T09:57:02.925Z,0,20.27,50,OK,0.1
2026-02-19T09:57:02.976Z,0,20.29,50,OK,0.1
2026-02-19T09:57:03.027Z,0,20.33,50,OK,0.1
2026-02-19T09:57:03.078Z,0,20.35,50,OK,0.1
2026-02-19T09:57:03.129Z,0,20.35,50,OK,0.1
2026-02-19T09:57:03.179Z,0,20.37,50,OK,0.1
2026-02-19T09:57:03.230Z,0,20.34,50,OK,0.1
2026-02-19T09:57:03.280Z,0,20.28,50,OK,0.1
2026-02-19T09:57:03.330Z,0,20.28,50,OK,0.1
2026-02-19T09:57:03.381Z,0,20.29,50,OK,0.1
2026-02-19T09:57:03.431Z,0,20.29,50,OK,0.1
2026-02-19T09:57:03.482Z,0,20.32,50,OK,0.1
2026-02-19T09:57:03.532Z,0,20.33,50,OK,0.1
2026-02-19T09:57:03.582Z,0,20.32,50,OK,0.1
2026-02-19T09:57:03.633Z,0,20.31,50,OK,0.1
2026-02-19T09:57:03.683Z,0,20.31,50,OK,0.1
2026-02-19T09:57:03.733Z,0,20.32,50,OK,0.1
2026-02-19T09:57:03.784Z,0,20.34,50,OK,0.1
2026-02-19T09:57:03.835Z,0,20.34,50,OK,0.1
2026-02-19T09:57:03.886Z,0,20.34,50,OK,0.1
2026-02-19T09:57:03.937Z,0,20.32,50,OK,0.1
2026-02-19T09:57:03.987Z,0,20.32,50,OK,0.1
2026-02-19T09:57:04.038Z,0,20.30,50,OK,0.1
2026-02-19T09:57:04.088Z,0,20.31,50,OK,0.1
2026-02-19T09:57:04.139Z,0,20.32,50,OK,0.1
2026-02-19T09:57:04.189Z,0,20.33,50,OK,0.1
2026-02-19T09:57:04.240Z,0,20.29,50,OK,0.1
2026-02-19T09:57:04.290Z,0,20.32,50,OK,0.1
2026-02-19T09:57:04.340Z,0,20.30,50,OK,0.1
2026-02-19T09:57:04.391Z,0,20.26,50,OK,0.1
2026-02-19T09:57:04.442Z,0,20.24,50,OK,0.1
2026-02-19T09:57:04.492Z,0,20.27,50,OK,0.1
2026-02-19T09:57:04.542Z,0,20.26,50,OK,0.1
2026-02-19T09:57:04.591Z,0,20.26,50,OK,0.1
2026-02-19T09:57:04.642Z,0,20.28,50,OK,0.1
2026-02-19T09:57:04.692Z,0,20.33,50,OK,0.1
2026-02-19T09:57:04.743Z,0,20.34,50,OK,0.1
2026-02-19T09:57:04.793Z,0,20.30,50,OK,0.1
2026-02-19T09:57:04.843Z,0,20.31,50,OK,0.1
2026-02-19T09:57:04.894Z,0,20.31,50,OK,0.1
2026-02-19T09:57:04.944Z,0,20.30,50,OK,0.1
2026-02-19T09:57:04.994Z,0,20.32,50,OK,0.1
2026-02-19T09:57:05.045Z,0,20.35,50,OK,0.1
2026-02-19T09:57:05.095Z,0,20.36,50,OK,0.1
2026-02-19T09:57:05.146Z,0,20.36,50,OK,0.1
2026-02-19T09:57:05.196Z,0,20.31,50,OK,0.1
2026-02-19T09:57:05.246Z,0,20.26,50,OK,0.1
2026-02-19T09:57:05.296Z,0,20.27,50,OK,0.1
2026-02-19T09:57:05.346Z,0,20.26,50,OK,0.1
2026-02-19T09:57:05.396Z,0,20.28,50,OK,0.1
2026-02-19T09:57:05.445Z,0,20.33,50,OK,0.1
2026-02-19T09:57:05.496Z,0,20.27,50,OK,0.1
2026-02-19T09:57:05.547Z,0,20.26,50,OK,0.1
2026-02-19T09:57:05.597Z,0,20.23,50,OK,0.1
2026-02-19T09:57:05.648Z,0,20.19,50,OK,0.1
2026-02-19T09:57:05.699Z,0,20.18,50,OK,0.1
2026-02-19T09:57:05.749Z,0,20.28,50,OK,0.1
2026-02-19T09:57:05.798Z,0,20.28,50,OK,0.1
2026-02-19T09:57:05.849Z,0,20.31,50,OK,0.1
2026-02-19T09:57:05.899Z,0,20.32,50,OK,0.1
2026-02-19T09:57:05.949Z,0,20.31,50,OK,0.1
2026-02-19T09:57:06.000Z,0,20.29,50,OK,0.1
2026-02-19T09:57:06.050Z,0,20.30,50,OK,0.1
2026-02-19T09:57:06.099Z,0,20.30,50,OK,0.1
2026-02-19T09:57:06.150Z,0,20.30,50,OK,0.1
2026-02-19T09:57:06.199Z,0,20.33,50,OK,0.1
2026-02-19T09:57:06.250Z,0,20.32,50,OK,0.1
2026-02-19T09:57:06.300Z,0,20.31,50,OK,0.1
2026-02-19T09:57:06.351Z,0,20.31,50,OK,0.1
2026-02-19T09:57:06.400Z,0,20.34,50,OK,0.1
2026-02-19T09:57:06.451Z,0,20.32,50,OK,0.1
2026-02-19T09:57:06.500Z,0,20.34,50,OK,0.1
2026-02-19T09:57:06.551Z,0,20.32,50,OK,0.1
2026-02-19T09:57:06.602Z,0,20.25,50,OK,0.1
2026-02-19T09:57:06.653Z,0,20.21,50,OK,0.1
2026-02-19T09:57:06.703Z,0,20.17,50,OK,0.1
2026-02-19T09:57:06.753Z,0,20.22,50,OK,0.1
2026-02-19T09:57:06.802Z,0,20.25,50,OK,0.1
2026-02-19T09:57:06.853Z,0,20.30,50,OK,0.1
2026-02-19T09:57:06.903Z,0,20.30,50,OK,0.1
2026-02-19T09:57:06.954Z,0,20.30,50,OK,0.1
2026-02-19T09:57:07.004Z,0,20.25,50,OK,0.1
2026-02-19T09:57:07.054Z,0,20.24,50,OK,0.1
2026-02-19T09:57:07.104Z,0,20.25,50,OK,0.1
2026-02-19T09:57:07.155Z,0,20.28,50,OK,0.1
2026-02-19T09:57:07.204Z,0,20.30,50,OK,0.1
2026-02-19T09:57:07.255Z,0,20.29,50,OK,0.1
2026-02-19T09:57:07.305Z,0,20.35,50,OK,0.1
2026-02-19T09:57:07.356Z,0,20.36,50,OK,0.1
2026-02-19T09:57:07.405Z,0,20.31,50,OK,0.1
2026-02-19T09:57:07.456Z,0,20.29,50,OK,0.1
2026-02-19T09:57:07.507Z,0,20.30,50,OK,0.1
2026-02-19T09:57:07.558Z,0,20.27,50,OK,0.1
2026-02-19T09:57:07.608Z,0,20.29,50,OK,0.1
2026-02-19T09:57:07.658Z,0,20.30,50,OK,0.1
2026-02-19T09:57:07.709Z,0,20.34,50,OK,0.1
2026-02-19T09:57:07.757Z,0,20.34,50,OK,0.1
2026-02-19T09:57:07.807Z,0,20.35,50,OK,0.1
2026-02-19T09:57:07.857Z,0,20.33,50,OK,0.1
2026-02-19T09:57:07.907Z,0,20.34,50,OK,0.1
2026-02-19T09:57:07.957Z,0,20.33,50,OK,0.1
2026-02-19T09:57:08.007Z,0,20.34,50,OK,0.1
2026-02-19T09:57:08.057Z,0,20.32,50,OK,0.1
2026-02-19T09:57:08.107Z,0,20.31,50,OK,0.1
2026-02-19T09:57:08.157Z,0,20.31,50,OK,0.1
2026-02-19T09:57:08.208Z,0,20.32,50,OK,0.1
2026-02-19T09:57:08.259Z,0,20.28,50,OK,0.1
2026-02-19T09:57:08.310Z,0,20.25,50,OK,0.1
2026-02-19T09:57:08.360Z,0,20.29,50,OK,0.1
2026-02-19T09:57:08.410Z,0,20.28,50,OK,0.1
2026-02-19T09:57:08.461Z,0,20.32,50,OK,0.1
2026-02-19T09:57:08.511Z,0,20.33,50,OK,0.1
2026-02-19T09:57:08.562Z,0,20.38,50,OK,0.1
2026-02-19T09:57:08.612Z,0,20.34,50,OK,0.1
2026-02-19T09:57:08.663Z,0,20.31,50,OK,0.1
2026-02-19T09:57:08.713Z,0,20.28,50,OK,0.1
2026-02-19T09:57:08.764Z,0,20.29,50,OK,0.1
2026-02-19T09:57:08.814Z,0,20.26,50,OK,0.1
2026-02-19T09:57:08.864Z,0,20.31,50,OK,0.1
2026-02-19T09:57:08.914Z,0,20.34,50,OK,0.1
2026-02-19T09:57:08.964Z,0,20.33,50,OK,0.1
2026-02-19T09:57:09.014Z,0,20.24,50,OK,0.1
2026-02-19T09:57:09.064Z,0,20.23,50,OK,0.1
2026-02-19T09:57:09.115Z,0,20.14,50,OK,0.1
2026-02-19T09:57:09.165Z,0,20.16,50,OK,0.1
2026-02-19T09:57:09.215Z,0,20.09,50,OK,0.1
2026-02-19T09:57:09.265Z,0,20.14,50,OK,0.1
2026-02-19T09:57:09.315Z,0,20.05,50,OK,0.1
2026-02-19T09:57:09.365Z,0,20.12,50,OK,0.1
2026-02-19T09:57:09.415Z,0,20.13,50,OK,0.1
2026-02-19T09:57:09.466Z,0,20.21,50,OK,0.1
2026-02-19T09:57:09.516Z,0,20.19,50,OK,0.1
2026-02-19T09:57:09.567Z,0,20.29,50,OK,0.1
2026-02-19T09:57:09.618Z,0,20.31,50,OK,0.1
2026-02-19T09:57:09.667Z,0,20.26,50,OK,0.1
2026-02-19T09:57:09.717Z,0,20.21,50,OK,0.1
2026-02-19T09:57:09.768Z,0,20.27,50,OK,0.1
2026-02-19T09:57:09.819Z,0,20.34,50,OK,0.1
2026-02-19T09:57:09.869Z,0,20.34,50,OK,0.1
2026-02-19T09:57:09.919Z,0,20.38,50,OK,0.1
2026-02-19T09:57:09.969Z,0,20.46,50,OK,0.1
2026-02-19T09:57:10.020Z,0,20.45,50,OK,0.1
2026-02-19T09:57:10.071Z,0,20.43,50,OK,0.1
2026-02-19T09:57:10.121Z,0,20.31,50,OK,0.1
2026-02-19T09:57:10.171Z,0,20.26,50,OK,0.1
2026-02-19T09:57:10.221Z,0,20.16,50,OK,0.1
2026-02-19T09:57:10.271Z,0,20.12,50,OK,0.1
2026-02-19T09:57:10.322Z,0,20.11,50,OK,0.1
2026-02-19T09:57:10.372Z,0,20.20,50,OK,0.1
2026-02-19T09:57:10.422Z,0,20.22,50,OK,0.1
2026-02-19T09:57:10.473Z,0,20.28,50,OK,0.1
2026-02-19T09:57:10.523Z,0,20.30,50,OK,0.1
2026-02-19T09:57:10.573Z,0,20.29,50,OK,0.1
2026-02-19T09:57:10.623Z,0,20.28,50,OK,0.1
2026-02-19T09:57:10.673Z,0,20.31,50,OK,0.1
2026-02-19T09:57:10.723Z,0,20.32,50,OK,0.1
2026-02-19T09:57:10.773Z,0,20.21,50,OK,0.1
2026-02-19T09:57:10.823Z,0,20.16,50,OK,0.1
2026-02-19T09:57:10.874Z,0,20.18,50,OK,0.1
2026-02-19T09:57:10.924Z,0,20.15,50,OK,0.1
2026-02-19T09:57:10.975Z,0,20.17,50,OK,0.1
2026-02-19T09:57:11.025Z,0,20.29,50,OK,0.1
2026-02-19T09:57:11.075Z,0,20.32,50,OK,0.1
2026-02-19T09:57:11.125Z,0,20.34,50,OK,0.1
2026-02-19T09:57:11.175Z,0,20.33,50,OK,0.1
2026-02-19T09:57:11.225Z,0,20.32,50,OK,0.1
2026-02-19T09:57:11.275Z,0,20.31,50,OK,0.1
2026-02-19T09:57:11.325Z,0,20.32,50,OK,0.1
2026-02-19T09:57:11.377Z,0,20.29,50,OK,0.1
2026-02-19T09:57:11.428Z,0,20.29,50,OK,0.1
2026-02-19T09:57:11.479Z,0,20.31,50,OK,0.1
2026-02-19T09:57:11.529Z,0,20.31,50,OK,0.1
2026-02-19T09:57:11.579Z,0,20.30,50,OK,0.1
2026-02-19T09:57:11.629Z,0,20.31,50,OK,0.1
2026-02-19T09:57:11.679Z,0,20.31,50,OK,0.1
2026-02-19T09:57:11.729Z,0,20.31,50,OK,0.1
2026-02-19T09:57:11.779Z,0,20.36,50,OK,0.1
2026-02-19T09:57:11.829Z,0,20.27,50,OK,0.1
2026-02-19T09:57:11.880Z,0,20.28,50,OK,0.1
2026-02-19T09:57:11.930Z,0,20.27,50,OK,0.1
2026-02-19T09:57:11.980Z,0,20.24,50,OK,0.1
2026-02-19T09:57:12.030Z,0,20.20,50,OK,0.1
2026-02-19T09:57:12.081Z,0,20.29,50,OK,0.1
2026-02-19T09:57:12.132Z,0,20.31,50,OK,0.1
2026-02-19T09:57:12.182Z,0,20.31,50,OK,0.1
2026-02-19T09:57:12.232Z,0,20.33,50,OK,0.1
2026-02-19T09:57:12.283Z,0,20.33,50,OK,0.1
2026-02-19T09:57:12.333Z,0,20.30,50,OK,0.1
2026-02-19T09:57:12.383Z,0,20.26,50,OK,0.1
2026-02-19T09:57:12.434Z,0,20.30,50,OK,0.1
2026-02-19T09:57:12.485Z,0,20.28,50,OK,0.1
2026-02-19T09:57:12.535Z,0,20.27,50,OK,0.1
2026-02-19T09:57:12.585Z,0,20.30,50,OK,0.1
2026-02-19T09:57:12.636Z,0,20.33,50,OK,0.1
2026-02-19T09:57:12.687Z,0,20.30,50,OK,0.1
2026-02-19T09:57:12.737Z,0,20.31,50,OK,0.1
2026-02-19T09:57:12.788Z,0,20.33,50,OK,0.1
2026-02-19T09:57:12.838Z,0,20.26,50,OK,0.1
2026-02-19T09:57:12.889Z,0,20.21,50,OK,0.1
2026-02-19T09:57:12.940Z,0,20.22,50,OK,0.1
2026-02-19T09:57:12.990Z,0,20.21,50,OK,0.1
2026-02-19T09:57:13.040Z,0,20.26,50,OK,0.1
2026-02-19T09:57:13.091Z,0,20.33,50,OK,0.1
2026-02-19T09:57:13.141Z,0,20.27,50,OK,0.1
2026-02-19T09:57:13.191Z,0,20.25,50,OK,0.1
2026-02-19T09:57:13.242Z,0,20.25,50,OK,0.1
2026-02-19T09:57:13.292Z,0,20.22,50,OK,0.1
2026-02-19T09:57:13.342Z,0,20.25,50,OK,0.1
2026-02-19T09:57:13.392Z,0,20.33,50,OK,0.1
2026-02-19T09:57:13.443Z,0,20.40,50,OK,0.1
2026-02-19T09:57:13.494Z,0,20.40,50,OK,0.1
2026-02-19T09:57:13.544Z,0,20.44,50,OK,0.1
2026-02-19T09:57:13.594Z,0,20.43,50,OK,0.1
2026-02-19T09:57:13.645Z,0,20.48,50,OK,0.1
2026-02-19T09:57:13.695Z,0,20.43,50,OK,0.1
2026-02-19T09:57:13.745Z,0,20.43,50,OK,0.1
2026-02-19T09:57:13.795Z,0,20.45,50,OK,0.1
2026-02-19T09:57:13.845Z,0,20.43,50,OK,0.1
2026-02-19T09:57:13.895Z,0,20.37,50,OK,0.1
2026-02-19T09:57:13.945Z,0,20.47,50,OK,0.1
2026-02-19T09:57:13.995Z,0,20.47,50,OK,0.1
2026-02-19T09:57:14.046Z,0,20.29,50,OK,0.1
2026-02-19T09:57:14.096Z,0,20.29,50,OK,0.1
2026-02-19T09:57:14.147Z,0,20.35,50,OK,0.1
2026-02-19T09:57:14.197Z,0,20.25,50,OK,0.1
2026-02-19T09:57:14.248Z,0,20.18,50,OK,0.1
2026-02-19T09:57:14.298Z,0,20.29,50,OK,0.1
2026-02-19T09:57:14.349Z,0,20.38,50,OK,0.1
2026-02-19T09:57:14.400Z,0,20.33,50,OK,0.1
2026-02-19T09:57:14.451Z,0,20.43,50,OK,0.1
2026-02-19T09:57:14.501Z,0,20.51,50,OK,0.1
2026-02-19T09:57:14.552Z,0,20.41,50,OK,0.1
2026-02-19T09:57:14.603Z,0,20.31,50,OK,0.1
2026-02-19T09:57:14.653Z,0,20.18,50,OK,0.1
2026-02-19T09:57:14.703Z,0,20.09,50,OK,0.1
2026-02-19T09:57:14.754Z,0,20.17,50,OK,0.1
2026-02-19T09:57:14.804Z,0,20.29,50,OK,0.1
2026-02-19T09:57:14.854Z,0,20.23,50,OK,0.1
2026-02-19T09:57:14.904Z,0,20.35,50,OK,0.1
2026-02-19T09:57:14.954Z,0,20.29,50,OK,0.1
2026-02-19T09:57:15.004Z,0,20.22,50,OK,0.1
2026-02-19T09:57:15.054Z,0,20.12,50,OK,0.1
2026-02-19T09:57:15.104Z,0,20.21,50,OK,0.1
2026-02-19T09:57:15.154Z,0,20.26,50,OK,0.1
2026-02-19T09:57:15.205Z,0,20.31,50,OK,0.1
2026-02-19T09:57:15.255Z,0,20.27,50,OK,0.1
2026-02-19T09:57:15.306Z,0,20.33,50,OK,0.1
2026-02-19T09:57:15.357Z,0,20.37,50,OK,0.1
2026-02-19T09:57:15.407Z,0,20.30,50,OK,0.1
2026-02-19T09:57:15.457Z,0,20.25,50,OK,0.1
2026-02-19T09:57:15.507Z,0,20.30,50,OK,0.1
2026-02-19T09:57:15.558Z,0,20.37,50,OK,0.1
2026-02-19T09:57:15.608Z,0,20.34,50,OK,0.1
2026-02-19T09:57:15.659Z,0,20.36,50,OK,0.1
2026-02-19T09:57:15.710Z,0,20.42,50,OK,0.1
2026-02-19T09:57:15.760Z,0,20.44,50,OK,0.1
2026-02-19T09:57:15.810Z,0,20.38,50,OK,0.1
2026-02-19T09:57:15.861Z,0,20.31,50,OK,0.1
2026-02-19T09:57:15.911Z,0,20.33,50,OK,0.1
2026-02-19T09:57:15.962Z,0,20.27,50,OK,0.1
2026-02-19T09:57:16.011Z,0,20.21,50,OK,0.1
2026-02-19T09:57:16.061Z,0,20.09,50,OK,0.1
2026-02-19T09:57:16.112Z,0,20.04,50,OK,0.1
2026-02-19T09:57:16.162Z,0,19.98,50,OK,0.1
2026-02-19T09:57:16.212Z,0,20.04,50,OK,0.1
2026-02-19T09:57:16.262Z,0,19.94,50,OK,0.1
2026-02-19T09:57:16.312Z,0,20.08,50,OK,0.1
2026-02-19T09:57:16.362Z,0,20.30,50,OK,0.1
2026-02-19T09:57:16.412Z,0,20.38,50,OK,0.1
2026-02-19T09:57:16.462Z,0,20.26,50,OK,0.1
2026-02-19T09:57:16.512Z,0,20.40,50,OK,0.1
2026-02-19T09:57:16.562Z,0,20.51,50,OK,0.1
2026-02-19T09:57:16.612Z,0,20.37,50,OK,0.1
2026-02-19T09:57:16.663Z,0,20.38,50,OK,0.1
2026-02-19T09:57:16.713Z,0,20.46,50,OK,0.1
2026-02-19T09:57:16.764Z,0,20.51,50,OK,0.1
2026-02-19T09:57:16.815Z,0,20.36,50,OK,0.1
2026-02-19T09:57:16.865Z,0,20.45,50,OK,0.1
2026-02-19T09:57:16.915Z,0,20.41,50,OK,0.1
2026-02-19T09:57:16.965Z,0,20.53,50,OK,0.1
2026-02-19T09:57:17.015Z,0,20.48,50,OK,0.1
2026-02-19T09:57:17.065Z,0,20.50,50,OK,0.1
2026-02-19T09:57:17.115Z,0,20.42,50,OK,0.1
2026-02-19T09:57:17.165Z,0,20.37,50,OK,0.1
2026-02-19T09:57:17.215Z,0,20.28,50,OK,0.1
2026-02-19T09:57:17.266Z,0,20.30,50,OK,0.1
2026-02-19T09:57:17.317Z,0,20.30,50,OK,0.1
2026-02-19T09:57:17.367Z,0,20.33,50,OK,0.1
2026-02-19T09:57:17.418Z,0,20.38,50,OK,0.1
2026-02-19T09:57:17.468Z,0,20.29,50,OK,0.1
2026-02-19T09:57:17.519Z,0,20.25,50,OK,0.1
2026-02-19T09:57:17.569Z,0,20.33,50,OK,0.1
2026-02-19T09:57:17.620Z,0,20.32,50,OK,0.1
2026-02-19T09:57:17.671Z,0,20.35,50,OK,0.1
2026-02-19T09:57:17.721Z,0,20.42,50,OK,0.1
2026-02-19T09:57:17.771Z,0,20.31,50,OK,0.1
2026-02-19T09:57:17.821Z,0,20.20,50,OK,0.1
2026-02-19T09:57:17.871Z,0,20.19,50,OK,0.1
2026-02-19T09:57:17.922Z,0,20.12,50,OK,0.1
2026-02-19T09:57:17.972Z,0,20.05,50,OK,0.1
2026-02-19T09:57:18.022Z,0,20.11,50,OK,0.1
2026-02-19T09:57:18.072Z,0,20.14,50,OK,0.1
2026-02-19T09:57:18.122Z,0,20.11,50,OK,0.1
2026-02-19T09:57:18.172Z,0,20.14,50,OK,0.1
2026-02-19T09:57:18.223Z,0,20.21,50,OK,0.1
2026-02-19T09:57:18.273Z,0,20.24,50,OK,0.1
2026-02-19T09:57:18.323Z,0,20.21,50,OK,0.1
2026-02-19T09:57:18.373Z,0,20.14,50,OK,0.1
2026-02-19T09:57:18.423Z,0,20.10,50,OK,0.1
2026-02-19T09:57:18.473Z,0,19.99,50,OK,0.1
2026-02-19T09:57:18.523Z,0,19.98,50,OK,0.1
2026-02-19T09:57:18.573Z,0,20.00,50,OK,0.1
2026-02-19T09:57:18.623Z,0,20.07,50,OK,0.1
2026-02-19T09:57:18.673Z,0,20.08,50,OK,0.1
2026-02-19T09:57:18.723Z,0,20.21,50,OK,0.1
2026-02-19T09:57:18.773Z,0,20.21,50,OK,0.1
2026-02-19T09:57:18.823Z,0,20.20,50,OK,0.1
2026-02-19T09:57:18.873Z,0,20.22,50,OK,0.1
2026-02-19T09:57:18.923Z,0,20.21,50,OK,0.1
2026-02-19T09:57:18.973Z,0,20.23,50,OK,0.1
2026-02-19T09:57:19.023Z,0,20.27,50,OK,0.1
2026-02-19T09:57:19.073Z,0,20.30,50,OK,0.1
2026-02-19T09:57:19.123Z,0,20.28,50,OK,0.1
2026-02-19T09:57:19.174Z,0,20.33,50,OK,0.1
2026-02-19T09:57:19.224Z,0,20.21,50,OK,0.1
2026-02-19T09:57:19.274Z,0,20.06,50,OK,0.1
2026-02-19T09:57:19.324Z,0,20.02,50,OK,0.1
2026-02-19T09:57:19.375Z,0,19.87,50,OK,0.1
2026-02-19T09:57:19.425Z,0,19.81,50,OK,0.1
2026-02-19T09:57:19.476Z,0,19.95,50,OK,0.1
2026-02-19T09:57:19.526Z,0,19.95,50,OK,0.1
2026-02-19T09:57:19.576Z,0,19.81,50,OK,0.1
2026-02-19T09:57:19.626Z,0,19.96,50,OK,0.1
2026-02-19T09:57:19.676Z,0,20.00,50,OK,0.1
2026-02-19T09:57:19.726Z,0,19.97,50,OK,0.1
2026-02-19T09:57:19.776Z,0,20.12,50,OK,0.1
2026-02-19T09:57:19.826Z,0,20.26,50,OK,0.1
2026-02-19T09:57:19.876Z,0,20.31,50,OK,0.1
2026-02-19T09:57:19.926Z,0,20.27,50,OK,0.1
2026-02-19T09:57:19.976Z,0,20.25,50,OK,0.1
2026-02-19T09:57:20.027Z,0,20.19,50,OK,0.1
2026-02-19T09:57:20.077Z,0,20.14,50,OK,0.1
2026-02-19T09:57:20.127Z,0,20.11,50,OK,0.1
2026-02-19T09:57:20.177Z,0,20.06,50,OK,0.1
2026-02-19T09:57:20.228Z,0,20.07,50,OK,0.1
2026-02-19T09:57:20.278Z,0,20.15,50,OK,0.1
2026-02-19T09:57:20.328Z,0,20.20,50,OK,0.1
2026-02-19T09:57:20.378Z,0,20.24,50,OK,0.1
2026-02-19T09:57:20.428Z,0,20.29,50,OK,0.1
2026-02-19T09:57:20.478Z,0,20.32,50,OK,0.1
2026-02-19T09:57:20.529Z,0,20.26,50,OK,0.1
2026-02-19T09:57:20.579Z,0,20.27,50,OK,0.1
2026-02-19T09:57:20.629Z,0,20.21,50,OK,0.1
2026-02-19T09:57:20.680Z,0,20.25,50,OK,0.1
2026-02-19T09:57:20.730Z,0,20.24,50,OK,0.1
2026-02-19T09:57:20.780Z,0,20.28,50,OK,0.1
2026-02-19T09:57:20.830Z,0,20.27,50,OK,0.1
2026-02-19T09:57:20.880Z,0,20.29,50,OK,0.1
2026-02-19T09:57:20.931Z,0,20.26,50,OK,0.1
2026-02-19T09:57:20.981Z,0,20.28,50,OK,0.1
2026-02-19T09:57:21.032Z,0,20.28,50,OK,0.1
2026-02-19T09:57:21.083Z,0,20.31,50,OK,0.1
2026-02-19T09:57:21.134Z,0,20.33,50,OK,0.1
2026-02-19T09:57:21.184Z,0,20.24,50,OK,0.1
2026-02-19T09:57:21.234Z,0,20.23,50,OK,0.1
2026-02-19T09:57:21.284Z,0,20.27,50,OK,0.1
2026-02-19T09:57:21.334Z,0,20.24,50,OK,0.1
2026-02-19T09:57:21.384Z,0,20.25,50,OK,0.1
2026-02-19T09:57:21.434Z,0,20.36,50,OK,0.1
2026-02-19T09:57:21.485Z,0,20.30,50,OK,0.1
2026-02-19T09:57:21.535Z,0,20.23,50,OK,0.1
2026-02-19T09:57:21.585Z,0,20.29,50,OK,0.1
2026-02-19T09:57:21.635Z,0,20.27,50,OK,0.1
2026-02-19T09:57:21.685Z,0,20.39,50,OK,0.1
2026-02-19T09:57:21.736Z,0,20.54,50,OK,0.1
2026-02-19T09:57:21.786Z,0,20.69,50,OK,0.1
2026-02-19T09:57:21.837Z,0,20.65,50,OK,0.1
2026-02-19T09:57:21.887Z,0,20.80,50,OK,0.1
2026-02-19T09:57:21.937Z,0,20.66,50,OK,0.1
2026-02-19T09:57:21.988Z,0,20.48,50,OK,0.1
2026-02-19T09:57:22.039Z,0,20.33,50,OK,0.1
2026-02-19T09:57:22.089Z,0,20.20,50,OK,0.1
2026-02-19T09:57:22.139Z,0,20.06,50,OK,0.1
2026-02-19T09:57:22.189Z,0,20.02,50,OK,0.1
2026-02-19T09:57:22.239Z,0,20.12,50,OK,0.1
2026-02-19T09:57:22.289Z,0,20.21,50,OK,0.1
2026-02-19T09:57:22.339Z,0,20.34,50,OK,0.1
2026-02-19T09:57:22.390Z,0,20.40,50,OK,0.1
2026-02-19T09:57:22.440Z,0,20.46,50,OK,0.1
2026-02-19T09:57:22.490Z,0,20.55,50,OK,0.1
2026-02-19T09:57:22.540Z,0,20.50,50,OK,0.1
2026-02-19T09:57:22.590Z,0,20.50,50,OK,0.1
2026-02-19T09:57:22.641Z,0,20.44,50,OK,0.1
2026-02-19T09:57:22.691Z,0,20.40,50,OK,0.1
2026-02-19T09:57:22.743Z,0,20.29,50,OK,0.1
2026-02-19T09:57:22.793Z,0,20.27,50,OK,0.1
2026-02-19T09:57:22.843Z,0,20.26,50,OK,0.1
2026-02-19T09:57:22.894Z,0,20.27,50,OK,0.1
2026-02-19T09:57:22.944Z,0,20.28,50,OK,0.1
2026-02-19T09:57:22.995Z,0,20.40,50,OK,0.1
2026-02-19T09:57:23.046Z,0,20.40,50,OK,0.1
2026-02-19T09:57:23.096Z,0,20.43,50,OK,0.1
2026-02-19T09:57:23.147Z,0,20.44,50,OK,0.1
2026-02-19T09:57:23.196Z,0,20.50,50,OK,0.1
2026-02-19T09:57:23.247Z,0,20.42,50,OK,0.1
2026-02-19T09:57:23.297Z,0,20.38,50,OK,0.1
2026-02-19T09:57:23.347Z,0,20.36,50,OK,0.1
2026-02-19T09:57:23.397Z,0,20.26,50,OK,0.1
2026-02-19T09:57:23.447Z,0,20.18,50,OK,0.1
2026-02-19T09:57:23.497Z,0,20.18,50,OK,0.1
2026-02-19T09:57:23.547Z,0,20.20,50,OK,0.1
2026-02-19T09:57:23.597Z,0,20.16,50,OK,0.1
2026-02-19T09:57:23.647Z,0,20.23,50,OK,0.1
2026-02-19T09:57:23.697Z,0,20.19,50,OK,0.1
2026-02-19T09:57:23.748Z,0,20.14,50,OK,0.1
2026-02-19T09:57:23.798Z,0,20.08,50,OK,0.1
2026-02-19T09:57:23.848Z,0,20.10,50,OK,0.1
2026-02-19T09:57:23.899Z,0,20.04,50,OK,0.1
2026-02-19T09:57:23.949Z,0,20.11,50,OK,0.1
2026-02-19T09:57:23.999Z,0,20.15,50,OK,0.1
2026-02-19T09:57:24.049Z,0,20.23,50,OK,0.1
2026-02-19T09:57:24.099Z,0,20.15,50,OK,0.1
2026-02-19T09:57:24.149Z,0,20.16,50,OK,0.1
2026-02-19T09:57:24.199Z,0,20.26,50,OK,0.1
2026-02-19T09:57:24.249Z,0,20.23,50,OK,0.1
2026-02-19T09:57:24.299Z,0,20.26,50,OK,0.1
2026-02-19T09:57:24.350Z,0,20.34,50,OK,0.1
2026-02-19T09:57:24.401Z,0,20.45,50,OK,0.1
2026-02-19T09:57:24.451Z,0,20.36,50,OK,0.1
2026-02-19T09:57:24.501Z,0,20.27,50,OK,0.1
2026-02-19T09:57:24.552Z,0,20.23,50,OK,0.1
2026-02-19T09:57:24.602Z,0,20.33,50,OK,0.1
2026-02-19T09:57:24.654Z,0,20.28,50,OK,0.1
2026-02-19T09:57:24.704Z,0,20.36,50,OK,0.1
2026-02-19T09:57:24.754Z,0,20.46,50,OK,0.1
2026-02-19T09:57:24.804Z,0,20.49,50,OK,0.1
2026-02-19T09:57:24.854Z,0,20.41,50,OK,0.1
2026-02-19T09:57:24.906Z,0,20.43,50,OK,0.1
2026-02-19T09:57:24.957Z,0,20.33,50,OK,0.1
2026-02-19T09:57:25.008Z,0,20.37,50,OK,0.1
2026-02-19T09:57:25.059Z,0,20.36,50,OK,0.1
2026-02-19T09:57:25.110Z,0,20.40,50,OK,0.1
2026-02-19T09:57:25.160Z,0,20.42,50,OK,0.1
2026-02-19T09:57:25.210Z,0,20.42,50,OK,0.1
2026-02-19T09:57:25.260Z,0,20.37,50,OK,0.1
2026-02-19T09:57:25.311Z,0,20.37,50,OK,0.1
2026-02-19T09:57:25.361Z,0,20.32,50,OK,0.1
2026-02-19T09:57:25.411Z,0,20.25,50,OK,0.1
2026-02-19T09:57:25.461Z,0,20.25,50,OK,0.1
2026-02-19T09:57:25.511Z,0,20.42,50,OK,0.1
2026-02-19T09:57:25.561Z,0,20.40,50,OK,0.1
2026-02-19T09:57:25.611Z,0,20.41,50,OK,0.1
2026-02-19T09:57:25.661Z,0,20.43,50,OK,0.1
2026-02-19T09:57:25.711Z,0,20.43,50,OK,0.1
2026-02-19T09:57:25.761Z,0,20.28,50,OK,0.1
2026-02-19T09:57:25.811Z,0,20.29,50,OK,0.1
2026-02-19T09:57:25.861Z,0,20.26,50,OK,0.1
2026-02-19T09:57:25.912Z,0,20.26,50,OK,0.1
2026-02-19T09:57:25.962Z,0,20.28,50,OK,0.1
2026-02-19T09:57:26.012Z,0,20.33,50,OK,0.1
2026-02-19T09:57:26.062Z,0,20.37,50,OK,0.1
2026-02-19T09:57:26.112Z,0,20.42,50,OK,0.1
2026-02-19T09:57:26.163Z,0,20.42,50,OK,0.1
2026-02-19T09:57:26.214Z,0,20.51,50,OK,0.1
2026-02-19T09:57:26.264Z,0,20.45,50,OK,0.1
2026-02-19T09:57:26.314Z,0,20.42,50,OK,0.1
2026-02-19T09:57:26.364Z,0,20.40,50,OK,0.1
2026-02-19T09:57:26.415Z,0,20.45,50,OK,0.1
2026-02-19T09:57:26.465Z,0,20.38,50,OK,0.1
2026-02-19T09:57:26.515Z,0,20.37,50,OK,0.1
2026-02-19T09:57:26.566Z,0,20.37,50,OK,0.1
2026-02-19T09:57:26.617Z,0,20.41,50,OK,0.1
2026-02-19T09:57:26.668Z,0,20.40,50,OK,0.1
2026-02-19T09:57:26.719Z,0,20.39,50,OK,0.1
2026-02-19T09:57:26.770Z,0,20.43,50,OK,0.1
2026-02-19T09:57:26.821Z,0,20.45,50,OK,0.1
2026-02-19T09:57:26.871Z,0,20.45,50,OK,0.1
2026-02-19T09:57:26.921Z,0,20.43,50,OK,0.1
2026-02-19T09:57:26.971Z,0,20.41,50,OK,0.1
2026-02-19T09:57:27.021Z,0,20.37,50,OK,0.1
2026-02-19T09:57:27.071Z,0,20.35,50,OK,0.1
2026-02-19T09:57:27.122Z,0,20.38,50,OK,0.1
2026-02-19T09:57:27.173Z,0,20.36,50,OK,0.1
2026-02-19T09:57:27.223Z,0,20.37,50,OK,0.1
2026-02-19T09:57:27.273Z,0,20.37,50,OK,0.1
2026-02-19T09:57:27.323Z,0,20.38,50,OK,0.1
2026-02-19T09:57:27.373Z,0,20.32,50,OK,0.1
2026-02-19T09:57:27.423Z,0,20.37,50,OK,0.1
2026-02-19T09:57:27.473Z,0,20.40,50,OK,0.1
2026-02-19T09:57:27.523Z,0,20.38,50,OK,0.1
2026-02-19T09:57:27.573Z,0,20.34,50,OK,0.1
2026-02-19T09:57:27.624Z,0,20.34,50,OK,0.1
2026-02-19T09:57:27.674Z,0,20.28,50,OK,0.1
2026-02-19T09:57:27.724Z,0,20.21,50,OK,0.1
2026-02-19T09:57:27.774Z,0,20.23,50,OK,0.1
2026-02-19T09:57:27.825Z,0,20.22,50,OK,0.1
2026-02-19T09:57:27.876Z,0,20.19,50,OK,0.1
2026-02-19T09:57:27.926Z,0,20.19,50,OK,0.1
2026-02-19T09:57:27.976Z,0,20.22,50,OK,0.1
2026-02-19T09:57:28.026Z,0,20.22,50,OK,0.1
2026-02-19T09:57:28.076Z,0,20.22,50,OK,0.1
2026-02-19T09:57:28.126Z,0,20.24,50,OK,0.1
2026-02-19T09:57:28.176Z,0,20.24,50,OK,0.1
2026-02-19T09:57:28.227Z,0,20.22,50,OK,0.1
2026-02-19T09:57:28.277Z,0,20.21,50,OK,0.1
2026-02-19T09:57:28.328Z,0,20.22,50,OK,0.1
2026-02-19T09:57:28.378Z,0,20.20,50,OK,0.1
2026-02-19T09:57:28.428Z,0,20.22,50,OK,0.1
2026-02-19T09:57:28.478Z,0,20.23,50,OK,0.1
2026-02-19T09:57:28.529Z,0,20.24,50,OK,0.1
2026-02-19T09:57:28.580Z,0,20.28,50,OK,0.1
2026-02-19T09:57:28.631Z,0,20.27,50,OK,0.1
2026-02-19T09:57:28.680Z,0,20.27,50,OK,0.1
2026-02-19T09:57:28.730Z,0,20.25,50,OK,0.1
2026-02-19T09:57:28.780Z,0,20.26,50,OK,0.1
2026-02-19T09:57:28.831Z,0,20.22,50,OK,0.1
2026-02-19T09:57:28.881Z,0,20.32,50,OK,0.1
2026-02-19T09:57:28.931Z,0,20.36,50,OK,0.1
2026-02-19T09:57:28.981Z,0,20.39,50,OK,0.1
2026-02-19T09:57:29.032Z,0,20.39,50,OK,0.1
2026-02-19T09:57:29.082Z,0,20.42,50,OK,0.1
2026-02-19T09:57:29.132Z,0,20.34,50,OK,0.1
2026-02-19T09:57:29.182Z,0,20.31,50,OK,0.1
2026-02-19T09:57:29.233Z,0,20.30,50,OK,0.1
2026-02-19T09:57:29.283Z,0,20.31,50,OK,0.1
2026-02-19T09:57:29.334Z,0,20.27,50,OK,0.1
2026-02-19T09:57:29.384Z,0,20.27,50,OK,0.1
2026-02-19T09:57:29.436Z,0,20.29,50,OK,0.1
2026-02-19T09:57:29.486Z,0,20.34,50,OK,0.1
2026-02-19T09:57:29.536Z,0,20.35,50,OK,0.1
2026-02-19T09:57:29.586Z,0,20.43,50,OK,0.1
2026-02-19T09:57:29.636Z,0,20.46,50,OK,0.1
2026-02-19T09:57:29.687Z,0,20.45,50,OK,0.1
2026-02-19T09:57:29.737Z,0,20.39,50,OK,0.1
2026-02-19T09:57:29.787Z,0,20.43,50,OK,0.1
2026-02-19T09:57:29.837Z,0,20.35,50,OK,0.1
2026-02-19T09:57:29.887Z,0,20.35,50,OK,0.1
2026-02-19T09:57:29.938Z,0,20.42,50,OK,0.1
2026-02-19T09:57:29.988Z,0,20.44,50,OK,0.1
2026-02-19T09:57:30.039Z,0,20.48,50,OK,0.1
2026-02-19T09:57:30.089Z,0,20.50,50,OK,0.1
2026-02-19T09:57:30.140Z,0,20.51,50,OK,0.1
2026-02-19T09:57:30.191Z,0,20.38,50,OK,0.1
2026-02-19T09:57:30.241Z,0,20.35,50,OK,0.1
2026-02-19T09:57:30.291Z,0,20.24,50,OK,0.1
2026-02-19T09:57:30.341Z,0,20.20,50,OK,0.1
2026-02-19T09:57:30.391Z,0,20.20,50,OK,0.1
2026-02-19T09:57:30.441Z,0,20.29,50,OK,0.1
2026-02-19T09:57:30.491Z,0,20.32,50,OK,0.1
2026-02-19T09:57:30.542Z,0,20.35,50,OK,0.1
2026-02-19T09:57:30.593Z,0,20.37,50,OK,0.1
2026-02-19T09:57:30.643Z,0,20.37,50,OK,0.1
2026-02-19T09:57:30.693Z,0,20.32,50,OK,0.1
2026-02-19T09:57:30.743Z,0,20.32,50,OK,0.1
2026-02-19T09:57:30.794Z,0,20.34,50,OK,0.1
2026-02-19T09:57:30.845Z,0,20.34,50,OK,0.1
2026-02-19T09:57:30.896Z,0,20.32,50,OK,0.1
2026-02-19T09:57:30.947Z,0,20.34,50,OK,0.1
2026-02-19T09:57:30.996Z,0,20.34,50,OK,0.1
2026-02-19T09:57:31.046Z,0,20.32,50,OK,0.1
2026-02-19T09:57:31.096Z,0,20.33,50,OK,0.1
2026-02-19T09:57:31.146Z,0,20.38,50,OK,0.1
2026-02-19T09:57:31.196Z,0,20.16,50,OK,0.1
2026-02-19T09:57:31.247Z,0,20.13,50,OK,0.1
2026-02-19T09:57:31.297Z,0,20.18,50,OK,0.1
2026-02-19T09:57:31.347Z,0,20.18,50,OK,0.1
2026-02-19T09:57:31.397Z,0,19.99,50,OK,0.1
2026-02-19T09:57:31.447Z,0,20.21,50,OK,0.1
2026-02-19T09:57:31.497Z,0,20.26,50,OK,0.1
2026-02-19T09:57:31.549Z,0,20.23,50,OK,0.1
2026-02-19T09:57:31.600Z,0,20.21,50,OK,0.1
2026-02-19T09:57:31.650Z,0,20.35,50,OK,0.1
2026-02-19T09:57:31.700Z,0,20.37,50,OK,0.1
2026-02-19T09:57:31.750Z,0,20.33,50,OK,0.1
2026-02-19T09:57:31.800Z,0,20.27,50,OK,0.1
2026-02-19T09:57:31.850Z,0,20.29,50,OK,0.1
2026-02-19T09:57:31.901Z,0,20.34,50,OK,0.1
2026-02-19T09:57:31.951Z,0,20.27,50,OK,0.1
2026-02-19T09:57:32.002Z,0,20.30,50,OK,0.1
2026-02-19T09:57:32.052Z,0,20.38,50,OK,0.1
2026-02-19T09:57:32.103Z,0,20.33,50,OK,0.1
2026-02-19T09:57:32.154Z,0,20.30,50,OK,0.1
2026-02-19T09:57:32.204Z,0,20.27,50,OK,0.1
2026-02-19T09:57:32.255Z,0,20.22,50,OK,0.1
2026-02-19T09:57:32.305Z,0,20.25,50,OK,0.1
2026-02-19T09:57:32.355Z,0,20.31,50,OK,0.1
2026-02-19T09:57:32.405Z,0,20.35,50,OK,0.1
2026-02-19T09:57:32.455Z,0,20.40,50,OK,0.1
2026-02-19T09:57:32.506Z,0,20.47,50,OK,0.1
2026-02-19T09:57:32.556Z,0,20.43,50,OK,0.1
2026-02-19T09:57:32.607Z,0,20.45,50,OK,0.1
2026-02-19T09:57:32.657Z,0,20.40,50,OK,0.1
2026-02-19T09:57:32.707Z,0,20.40,50,OK,0.1
2026-02-19T09:57:32.757Z,0,20.33,50,OK,0.1
2026-02-19T09:57:32.808Z,0,20.31,50,OK,0.1
2026-02-19T09:57:32.858Z,0,20.26,50,OK,0.1
2026-02-19T09:57:32.908Z,0,20.25,50,OK,0.1
2026-02-19T09:57:32.958Z,0,20.26,50,OK,0.1
2026-02-19T09:57:33.008Z,0,20.29,50,OK,0.1
2026-02-19T09:57:33.059Z,0,20.25,50,OK,0.1
2026-02-19T09:57:33.109Z,0,20.26,50,OK,0.1
2026-02-19T09:57:33.159Z,0,20.17,50,OK,0.1
2026-02-19T09:57:33.209Z,0,20.19,50,OK,0.1
2026-02-19T09:57:33.259Z,0,20.19,50,OK,0.1
2026-02-19T09:57:33.309Z,0,20.06,50,OK,0.1
2026-02-19T09:57:33.359Z,0,20.05,50,OK,0.1
2026-02-19T09:57:33.409Z,0,20.00,50,OK,0.1
2026-02-19T09:57:33.459Z,0,19.98,50,OK,0.1
2026-02-19T09:57:33.510Z,0,20.03,50,OK,0.1
2026-02-19T09:57:33.561Z,0,20.25,50,OK,0.1
2026-02-19T09:57:33.612Z,0,20.15,50,OK,0.1
2026-02-19T09:57:33.662Z,0,20.33,50,OK,0.1
2026-02-19T09:57:33.712Z,0,20.18,50,OK,0.1
2026-02-19T09:57:33.762Z,0,20.14,50,OK,0.1
2026-02-19T09:57:33.812Z,0,20.17,50,OK,0.1
2026-02-19T09:57:33.863Z,0,20.27,50,OK,0.1
2026-02-19T09:57:33.913Z,0,20.21,50,OK,0.1
2026-02-19T09:57:33.963Z,0,20.36,50,OK,0.1
2026-02-19T09:57:34.013Z,0,20.34,50,OK,0.1
2026-02-19T09:57:34.063Z,0,20.26,50,OK,0.1
2026-02-19T09:57:34.113Z,0,20.29,50,OK,0.1
2026-02-19T09:57:34.163Z,0,20.36,50,OK,0.1
2026-02-19T09:57:34.213Z,0,20.42,50,OK,0.1
2026-02-19T09:57:34.264Z,0,20.41,50,OK,0.1
2026-02-19T09:57:34.314Z,0,20.47,50,OK,0.1
2026-02-19T09:57:34.364Z,0,20.42,50,OK,0.1
2026-02-19T09:57:34.414Z,0,20.42,50,OK,0.1
2026-02-19T09:57:34.465Z,0,20.35,50,OK,0.1
2026-02-19T09:57:34.515Z,0,20.39,50,OK,0.1
2026-02-19T09:57:34.565Z,0,20.35,50,OK,0.1
2026-02-19T09:57:34.615Z,0,20.36,50,OK,0.1
2026-02-19T09:57:34.666Z,0,20.34,50,OK,0.1
2026-02-19T09:57:34.716Z,0,20.17,50,OK,0.1
2026-02-19T09:57:34.766Z,0,20.19,50,OK,0.1
2026-02-19T09:57:34.816Z,0,20.04,50,OK,0.1
2026-02-19T09:57:34.867Z,0,20.06,50,OK,0.1
2026-02-19T09:57:34.918Z,0,20.08,50,OK,0.1
2026-02-19T09:57:34.968Z,0,20.29,50,OK,0.1
2026-02-19T09:57:35.019Z,0,20.29,50,OK,0.1
2026-02-19T09:57:35.069Z,0,20.44,50,OK,0.1
2026-02-19T09:57:35.119Z,0,20.49,50,OK,0.1
2026-02-19T09:57:35.169Z,0,20.48,50,OK,0.1
2026-02-19T09:57:35.219Z,0,20.35,50,OK,0.1
2026-02-19T09:57:35.269Z,0,20.29,50,OK,0.1
2026-02-19T09:57:35.319Z,0,20.37,50,OK,0.1
2026-02-19T09:57:35.369Z,0,20.29,50,OK,0.1
2026-02-19T09:57:35.420Z,0,20.32,50,OK,0.1
2026-02-19T09:57:35.470Z,0,20.43,50,OK,0.1
2026-02-19T09:57:35.520Z,0,20.51,50,OK,0.1
2026-02-19T09:57:35.571Z,0,20.45,50,OK,0.1
2026-02-19T09:57:35.622Z,0,20.30,50,OK,0.1
2026-02-19T09:57:35.673Z,0,20.28,50,OK,0.1
2026-02-19T09:57:35.723Z,0,20.13,50,OK,0.1
2026-02-19T09:57:35.773Z,0,20.07,50,OK,0.1
2026-02-19T09:57:35.824Z,0,20.14,50,OK,0.1
2026-02-19T09:57:35.874Z,0,20.28,50,OK,0.1
2026-02-19T09:57:35.924Z,0,20.25,50,OK,0.1
2026-02-19T09:57:35.974Z,0,20.38,50,OK,0.1
2026-02-19T09:57:36.026Z,0,20.47,50,OK,0.1
2026-02-19T09:57:36.076Z,0,20.39,50,OK,0.1
2026-02-19T09:57:36.126Z,0,20.34,50,OK,0.1
2026-02-19T09:57:36.176Z,0,20.36,50,OK,0.1
2026-02-19T09:57:36.226Z,0,20.28,50,OK,0.1
2026-02-19T09:57:36.276Z,0,20.15,50,OK,0.1
2026-02-19T09:57:36.326Z,0,20.18,50,OK,0.1
2026-02-19T09:57:36.377Z,0,20.21,50,OK,0.1
2026-02-19T09:57:36.427Z,0,20.28,50,OK,0.1
2026-02-19T09:57:36.478Z,0,20.36,50,OK,0.1
2026-02-19T09:57:36.528Z,0,20.39,50,OK,0.1
2026-02-19T09:57:36.579Z,0,20.37,50,OK,0.1
2026-02-19T09:57:36.629Z,0,20.42,50,OK,0.1
2026-02-19T09:57:36.679Z,0,20.37,50,OK,0.1
2026-02-19T09:57:36.730Z,0,20.40,50,OK,0.1
2026-02-19T09:57:36.780Z,0,20.38,50,OK,0.1
2026-02-19T09:57:36.831Z,0,20.41,50,OK,0.1
2026-02-19T09:57:36.881Z,0,20.38,50,OK,0.1
2026-02-19T09:57:36.931Z,0,20.38,50,OK,0.1
2026-02-19T09:57:36.982Z,0,20.35,50,OK,0.1
2026-02-19T09:57:37.032Z,0,20.38,50,OK,0.1
2026-02-19T09:57:37.082Z,0,20.34,50,OK,0.1
2026-02-19T09:57:37.133Z,0,20.38,50,OK,0.1
2026-02-19T09:57:37.184Z,0,20.36,50,OK,0.1
2026-02-19T09:57:37.234Z,0,20.37,50,OK,0.1
2026-02-19T09:57:37.285Z,0,20.34,50,OK,0.1
2026-02-19T09:57:37.335Z,0,20.36,50,OK,0.1
2026-02-19T09:57:37.386Z,0,20.29,50,OK,0.1
2026-02-19T09:57:37.436Z,0,20.21,50,OK,0.1
2026-02-19T09:57:37.486Z,0,20.19,50,OK,0.1
2026-02-19T09:57:37.536Z,0,20.13,50,OK,0.1
2026-02-19T09:57:37.586Z,0,20.10,50,OK,0.1
2026-02-19T09:57:37.636Z,0,19.99,50,OK,0.1
2026-02-19T09:57:37.686Z,0,20.03,50,OK,0.1
2026-02-19T09:57:37.734Z,0,20.05,50,OK,0.1
2026-02-19T09:57:37.784Z,0,20.12,50,OK,0.1
2026-02-19T09:57:37.834Z,0,20.27,50,OK,0.1
2026-02-19T09:57:37.885Z,0,20.42,50,OK,0.1
2026-02-19T09:57:37.936Z,0,20.48,50,OK,0.1
2026-02-19T09:57:37.986Z,0,20.55,50,OK,0.1
2026-02-19T09:57:38.036Z,0,20.63,50,OK,0.1
2026-02-19T09:57:38.086Z,0,20.50,50,OK,0.1
2026-02-19T09:57:38.136Z,0,20.52,50,OK,0.1
2026-02-19T09:57:38.186Z,0,20.48,50,OK,0.1
2026-02-19T09:57:38.237Z,0,20.40,50,OK,0.1
2026-02-19T09:57:38.286Z,0,20.29,50,OK,0.1
2026-02-19T09:57:38.336Z,0,20.28,50,OK,0.1
2026-02-19T09:57:38.386Z,0,20.23,50,OK,0.1
2026-02-19T09:57:38.437Z,0,20.27,50,OK,0.1
2026-02-19T09:57:38.487Z,0,20.29,50,OK,0.1
2026-02-19T09:57:38.536Z,0,20.28,50,OK,0.1
2026-02-19T09:57:38.587Z,0,20.27,50,OK,0.1
2026-02-19T09:57:38.638Z,0,20.35,50,OK,0.1
2026-02-19T09:57:38.688Z,0,20.37,50,OK,0.1
2026-02-19T09:57:38.739Z,0,20.45,50,OK,0.1
2026-02-19T09:57:38.789Z,0,20.48,50,OK,0.1
2026-02-19T09:57:38.840Z,0,20.58,50,OK,0.1
2026-02-19T09:57:38.890Z,0,20.46,50,OK,0.1
2026-02-19T09:57:38.940Z,0,20.45,50,OK,0.1
2026-02-19T09:57:38.991Z,0,20.38,50,OK,0.1
2026-02-19T09:57:39.041Z,0,20.42,50,OK,0.1
2026-02-19T09:57:39.091Z,0,20.38,50,OK,0.1
2026-02-19T09:57:39.142Z,0,20.39,50,OK,0.1
2026-02-19T09:57:39.192Z,0,20.35,50,OK,0.1
2026-02-19T09:57:39.242Z,0,20.40,50,OK,0.1
2026-02-19T09:57:39.292Z,0,20.37,50,OK,0.1
2026-02-19T09:57:39.342Z,0,20.38,50,OK,0.1
2026-02-19T09:57:39.392Z,0,20.44,50,OK,0.1
2026-02-19T09:57:39.443Z,0,20.39,50,OK,0.1
2026-02-19T09:57:39.494Z,0,20.31,50,OK,0.1
2026-02-19T09:57:39.544Z,0,20.32,50,OK,0.1
2026-02-19T09:57:39.595Z,0,20.29,50,OK,0.1
2026-02-19T09:57:39.645Z,0,20.29,50,OK,0.1
2026-02-19T09:57:39.695Z,0,20.36,50,OK,0.1
2026-02-19T09:57:39.746Z,0,20.40,50,OK,0.1
2026-02-19T09:57:39.795Z,0,20.38,50,OK,0.1
2026-02-19T09:57:39.846Z,0,20.36,50,OK,0.1
2026-02-19T09:57:39.896Z,0,20.31,50,OK,0.1
2026-02-19T09:57:39.946Z,0,20.29,50,OK,0.1
2026-02-19T09:57:39.997Z,0,20.26,50,OK,0.1
2026-02-19T09:57:40.048Z,0,20.26,50,OK,0.1
2026-02-19T09:57:40.099Z,0,20.26,50,OK,0.1
2026-02-19T09:57:40.150Z,0,20.25,50,OK,0.1
2026-02-19T09:57:40.200Z,0,20.23,50,OK,0.1
2026-02-19T09:57:40.249Z,0,20.22,50,OK,0.1
2026-02-19T09:57:40.299Z,0,20.19,50,OK,0.1
2026-02-19T09:57:40.350Z,0,20.18,50,OK,0.1
2026-02-19T09:57:40.400Z,0,20.18,50,OK,0.1
2026-02-19T09:57:40.450Z,0,20.17,50,OK,0.1
2026-02-19T09:57:40.501Z,0,20.16,50,OK,0.1
2026-02-19T09:57:40.551Z,0,20.17,50,OK,0.1
2026-02-19T09:57:40.601Z,0,20.20,50,OK,0.1
2026-02-19T09:57:40.652Z,0,20.19,50,OK,0.1
2026-02-19T09:57:40.702Z,0,20.19,50,OK,0.1
2026-02-19T09:57:40.752Z,0,20.20,50,OK,0.1
2026-02-19T09:57:40.802Z,0,20.21,50,OK,0.1
2026-02-19T09:57:40.852Z,0,20.18,50,OK,0.1
2026-02-19T09:57:40.902Z,0,20.19,50,OK,0.1
2026-02-19T09:57:40.952Z,0,20.18,50,OK,0.1
2026-02-19T09:57:41.003Z,0,20.18,50,OK,0.1
2026-02-19T09:57:41.053Z,0,20.16,50,OK,0.1
2026-02-19T09:57:41.103Z,0,20.11,50,OK,0.1
2026-02-19T09:57:41.153Z,0,20.09,50,OK,0.1
2026-02-19T09:57:41.203Z,0,20.12,50,OK,0.1
2026-02-19T09:57:41.253Z,0,20.11,50,OK,0.1
2026-02-19T09:57:41.304Z,0,20.15,50,OK,0.1
2026-02-19T09:57:41.354Z,0,20.20,50,OK,0.1
2026-02-19T09:57:41.405Z,0,20.15,50,OK,0.1
2026-02-19T09:57:41.455Z,0,20.13,50,OK,0.1
2026-02-19T09:57:41.505Z,0,20.08,50,OK,0.1
2026-02-19T09:57:41.554Z,0,20.08,50,OK,0.1
2026-02-19T09:57:41.605Z,0,20.09,50,OK,0.1
2026-02-19T09:57:41.655Z,0,20.15,50,OK,0.1
2026-02-19T09:57:41.705Z,0,20.16,50,OK,0.1
2026-02-19T09:57:41.755Z,0,20.24,50,OK,0.1
2026-02-19T09:57:41.806Z,0,20.22,50,OK,0.1
2026-02-19T09:57:41.855Z,0,20.24,50,OK,0.1
2026-02-19T09:57:41.906Z,0,20.23,50,OK,0.1
2026-02-19T09:57:41.956Z,0,20.23,50,OK,0.1
2026-02-19T09:57:42.005Z,0,20.21,50,OK,0.1
2026-02-19T09:57:42.056Z,0,20.19,50,OK,0.1
2026-02-19T09:57:42.106Z,0,20.18,50,OK,0.1
2026-02-19T09:57:42.156Z,0,20.19,50,OK,0.1
2026-02-19T09:57:42.206Z,0,20.18,50,OK,0.1
2026-02-19T09:57:42.257Z,0,20.17,50,OK,0.1
2026-02-19T09:57:42.307Z,0,20.18,50,OK,0.1
2026-02-19T09:57:42.357Z,0,20.17,50,OK,0.1
2026-02-19T09:57:42.407Z,0,20.15,50,OK,0.1
2026-02-19T09:57:42.457Z,0,20.15,50,OK,0.1
2026-02-19T09:57:42.508Z,0,20.09,50,OK,0.1
2026-02-19T09:57:42.558Z,0,20.11,50,OK,0.1
2026-02-19T09:57:42.609Z,0,20.11,50,OK,0.1
2026-02-19T09:57:42.659Z,0,20.12,50,OK,0.1
2026-02-19T09:57:42.709Z,0,20.12,50,OK,0.1
2026-02-19T09:57:42.760Z,0,20.25,50,OK,0.1
2026-02-19T09:57:42.810Z,0,20.24,50,OK,0.1
2026-02-19T09:57:42.861Z,0,20.24,50,OK,0.1
2026-02-19T09:57:42.912Z,0,20.24,50,OK,0.1
2026-02-19T09:57:42.962Z,0,20.24,50,OK,0.1
2026-02-19T09:57:43.012Z,0,20.17,50,OK,0.1
2026-02-19T09:57:43.062Z,0,20.18,50,OK,0.1
2026-02-19T09:57:43.112Z,0,20.18,50,OK,0.1
2026-02-19T09:57:43.162Z,0,20.18,50,OK,0.1
2026-02-19T09:57:43.212Z,0,20.18,50,OK,0.1
2026-02-19T09:57:43.262Z,0,20.19,50,OK,0.1
2026-02-19T09:57:43.313Z,0,20.19,50,OK,0.1
2026-02-19T09:57:43.362Z,0,20.24,50,OK,0.1
2026-02-19T09:57:43.413Z,0,20.23,50,OK,0.1
2026-02-19T09:57:43.463Z,0,20.24,50,OK,0.1
2026-02-19T09:57:43.514Z,0,20.24,50,OK,0.1
2026-02-19T09:57:43.564Z,0,20.23,50,OK,0.1
2026-02-19T09:57:43.614Z,0,20.17,50,OK,0.1
2026-02-19T09:57:43.665Z,0,20.18,50,OK,0.1
2026-02-19T09:57:43.715Z,0,20.17,50,OK,0.1
2026-02-19T09:57:43.765Z,0,20.18,50,OK,0.1
2026-02-19T09:57:43.816Z,0,20.18,50,OK,0.1
2026-02-19T09:57:43.866Z,0,20.18,50,OK,0.1
2026-02-19T09:57:43.915Z,0,20.20,50,OK,0.1
2026-02-19T09:57:43.965Z,0,20.21,50,OK,0.1
2026-02-19T09:57:44.016Z,0,20.23,50,OK,0.1
2026-02-19T09:57:44.065Z,0,20.27,50,OK,0.1
2026-02-19T09:57:44.116Z,0,20.27,50,OK,0.1
2026-02-19T09:57:44.166Z,0,20.29,50,OK,0.1
2026-02-19T09:57:44.217Z,0,20.27,50,OK,0.1
2026-02-19T09:57:44.267Z,0,20.26,50,OK,0.1
2026-02-19T09:57:44.316Z,0,20.22,50,OK,0.1
2026-02-19T09:57:44.367Z,0,20.21,50,OK,0.1
2026-02-19T09:57:44.417Z,0,20.17,50,OK,0.1
2026-02-19T09:57:44.467Z,0,20.17,50,OK,0.1
2026-02-19T09:57:44.519Z,0,20.17,50,OK,0.1
2026-02-19T09:57:44.569Z,0,20.26,50,OK,0.1
2026-02-19T09:57:44.619Z,0,20.29,50,OK,0.1
2026-02-19T09:57:44.669Z,0,20.32,50,OK,0.1
2026-02-19T09:57:44.719Z,0,20.35,50,OK,0.1
2026-02-19T09:57:44.770Z,0,20.38,50,OK,0.1
2026-02-19T09:57:44.821Z,0,20.32,50,OK,0.1
2026-02-19T09:57:44.870Z,0,20.30,50,OK,0.1
2026-02-19T09:57:44.921Z,0,20.31,50,OK,0.1
2026-02-19T09:57:44.971Z,0,20.30,50,OK,0.1
2026-02-19T09:57:45.021Z,0,20.29,50,OK,0.1
2026-02-19T09:57:45.072Z,0,20.30,50,OK,0.1
2026-02-19T09:57:45.122Z,0,20.34,50,OK,0.1
2026-02-19T09:57:45.173Z,0,20.34,50,OK,0.1
2026-02-19T09:57:45.224Z,0,20.37,50,OK,0.1
2026-02-19T09:57:45.275Z,0,20.37,50,OK,0.1
2026-02-19T09:57:45.326Z,0,20.39,50,OK,0.1
2026-02-19T09:57:45.377Z,0,20.38,50,OK,0.1
2026-02-19T09:57:45.426Z,0,20.36,50,OK,0.1
2026-02-19T09:57:45.477Z,0,20.32,50,OK,0.1
2026-02-19T09:57:45.527Z,0,20.36,50,OK,0.1
2026-02-19T09:57:45.578Z,0,20.23,50,OK,0.1
2026-02-19T09:57:45.628Z,0,20.30,50,OK,0.1
2026-02-19T09:57:45.678Z,0,20.31,50,OK,0.1
2026-02-19T09:57:45.729Z,0,20.33,50,OK,0.1
2026-02-19T09:57:45.779Z,0,20.31,50,OK,0.1
2026-02-19T09:57:45.829Z,0,20.42,50,OK,0.1
2026-02-19T09:57:45.879Z,0,20.35,50,OK,0.1
2026-02-19T09:57:45.929Z,0,20.36,50,OK,0.1
2026-02-19T09:57:45.979Z,0,20.38,50,OK,0.1
2026-02-19T09:57:46.029Z,0,20.27,50,OK,0.1
2026-02-19T09:57:46.080Z,0,20.26,50,OK,0.1
2026-02-19T09:57:46.129Z,0,20.16,50,OK,0.1
2026-02-19T09:57:46.180Z,0,20.16,50,OK,0.1
2026-02-19T09:57:46.231Z,0,20.07,50,OK,0.1
2026-02-19T09:57:46.281Z,0,20.19,50,OK,0.1
2026-02-19T09:57:46.331Z,0,20.10,50,OK,0.1
2026-02-19T09:57:46.381Z,0,20.19,50,OK,0.1
2026-02-19T09:57:46.432Z,0,20.25,50,OK,0.1
2026-02-19T09:57:46.483Z,0,20.30,50,OK,0.1
2026-02-19T09:57:46.533Z,0,20.41,50,OK,0.1
2026-02-19T09:57:46.584Z,0,20.50,50,OK,0.1
2026-02-19T09:57:46.634Z,0,20.54,50,OK,0.1
2026-02-19T09:57:46.684Z,0,20.48,50,OK,0.1
2026-02-19T09:57:46.734Z,0,20.43,50,OK,0.1
2026-02-19T09:57:46.784Z,0,20.30,50,OK,0.1
2026-02-19T09:57:46.834Z,0,20.31,50,OK,0.1
2026-02-19T09:57:46.885Z,0,20.29,50,OK,0.1
2026-02-19T09:57:46.936Z,0,20.22,50,OK,0.1
2026-02-19T09:57:46.986Z,0,20.30,50,OK,0.1
2026-02-19T09:57:47.037Z,0,20.35,50,OK,0.1
2026-02-19T09:57:47.088Z,0,20.33,50,OK,0.1
2026-02-19T09:57:47.138Z,0,20.35,50,OK,0.1
2026-02-19T09:57:47.188Z,0,20.45,50,OK,0.1
2026-02-19T09:57:47.238Z,0,20.47,50,OK,0.1
2026-02-19T09:57:47.289Z,0,20.44,50,OK,0.1
2026-02-19T09:57:47.339Z,0,20.40,50,OK,0.1
2026-02-19T09:57:47.389Z,0,20.35,50,OK,0.1
2026-02-19T09:57:47.440Z,0,20.36,50,OK,0.1
2026-02-19T09:57:47.490Z,0,20.29,50,OK,0.1
2026-02-19T09:57:47.540Z,0,20.28,50,OK,0.1
2026-02-19T09:57:47.591Z,0,20.35,50,OK,0.1
2026-02-19T09:57:47.641Z,0,20.45,50,OK,0.1
2026-02-19T09:57:47.692Z,0,20.40,50,OK,0.1
2026-02-19T09:57:47.743Z,0,20.53,50,OK,0.1
2026-02-19T09:57:47.794Z,0,20.54,50,OK,0.1
2026-02-19T09:57:47.845Z,0,20.58,50,OK,0.1
2026-02-19T09:57:47.896Z,0,20.51,50,OK,0.1
2026-02-19T09:57:47.946Z,0,20.61,50,OK,0.1
2026-02-19T09:57:47.996Z,0,20.49,50,OK,0.1
2026-02-19T09:57:48.047Z,0,20.34,50,OK,0.1
2026-02-19T09:57:48.097Z,0,20.27,50,OK,0.1
2026-02-19T09:57:48.147Z,0,20.32,50,OK,0.1
2026-02-19T09:57:48.197Z,0,20.23,50,OK,0.1
2026-02-19T09:57:48.247Z,0,20.32,50,OK,0.1
2026-02-19T09:57:48.296Z,0,20.47,50,OK,0.1
2026-02-19T09:57:48.347Z,0,20.55,50,OK,0.1
2026-02-19T09:57:48.398Z,0,20.48,50,OK,0.1
2026-02-19T09:57:48.448Z,0,20.35,50,OK,0.1
2026-02-19T09:57:48.499Z,0,20.25,50,OK,0.1
2026-02-19T09:57:48.550Z,0,20.15,50,OK,0.1
2026-02-19T09:57:48.599Z,0,20.09,50,OK,0.1
2026-02-19T09:57:48.650Z,0,20.24,50,OK,0.1
2026-02-19T09:57:48.700Z,0,20.36,50,OK,0.1
2026-02-19T09:57:48.751Z,0,20.30,50,OK,0.1
2026-02-19T09:57:48.801Z,0,20.40,50,OK,0.1
2026-02-19T09:57:48.851Z,0,20.36,50,OK,0.1
2026-02-19T09:57:48.901Z,0,20.21,50,OK,0.1
2026-02-19T09:57:48.950Z,0,20.23,50,OK,0.1
2026-02-19T09:57:49.001Z,0,20.29,50,OK,0.1
2026-02-19T09:57:49.052Z,0,20.21,50,OK,0.1
2026-02-19T09:57:49.103Z,0,20.24,50,OK,0.1
2026-02-19T09:57:49.153Z,0,20.22,50,OK,0.1
2026-02-19T09:57:49.203Z,0,20.20,50,OK,0.1
2026-02-19T09:57:49.252Z,0,20.26,50,OK,0.1
2026-02-19T09:57:49.303Z,0,20.38,50,OK,0.1
2026-02-19T09:57:49.353Z,0,20.30,50,OK,0.1
2026-02-19T09:57:49.404Z,0,20.33,50,OK,0.1
2026-02-19T09:57:49.455Z,0,20.35,50,OK,0.1
2026-02-19T09:57:49.505Z,0,20.26,50,OK,0.1
2026-02-19T09:57:49.554Z,0,20.22,50,OK,0.1
2026-02-19T09:57:49.605Z,0,20.29,50,OK,0.1
2026-02-19T09:57:49.655Z,0,20.32,50,OK,0.1
2026-02-19T09:57:49.706Z,0,20.32,50,OK,0.1
2026-02-19T09:57:49.756Z,0,20.40,50,OK,0.1
2026-02-19T09:57:49.806Z,0,20.39,50,OK,0.1
2026-02-19T09:57:49.856Z,0,20.34,50,OK,0.1
2026-02-19T09:57:49.907Z,0,20.32,50,OK,0.1
2026-02-19T09:57:49.957Z,0,20.40,50,OK,0.1
2026-02-19T09:57:50.007Z,0,20.42,50,OK,0.1
2026-02-19T09:57:50.057Z,0,20.27,50,OK,0.1
2026-02-19T09:57:50.107Z,0,20.31,50,OK,0.1
2026-02-19T09:57:50.157Z,0,20.34,50,OK,0.1
2026-02-19T09:57:50.208Z,0,20.21,50,OK,0.1
2026-02-19T09:57:50.258Z,0,20.21,50,OK,0.1
2026-02-19T09:57:50.308Z,0,20.35,50,OK,0.1
2026-02-19T09:57:50.359Z,0,20.38,50,OK,0.1
2026-02-19T09:57:50.409Z,0,20.36,50,OK,0.1
2026-02-19T09:57:50.461Z,0,20.49,50,OK,0.1
2026-02-19T09:57:50.511Z,0,20.42,50,OK,0.1
2026-02-19T09:57:50.562Z,0,20.52,50,OK,0.1
2026-02-19T09:57:50.612Z,0,20.49,50,OK,0.1
2026-02-19T09:57:50.662Z,0,20.54,50,OK,0.1
2026-02-19T09:57:50.713Z,0,20.46,50,OK,0.1
2026-02-19T09:57:50.763Z,0,20.37,50,OK,0.1
2026-02-19T09:57:50.813Z,0,20.29,50,OK,0.1
2026-02-19T09:57:50.862Z,0,20.38,50,OK,0.1
2026-02-19T09:57:50.913Z,0,20.32,50,OK,0.1
2026-02-19T09:57:50.964Z,0,20.18,50,OK,0.1
2026-02-19T09:57:51.014Z,0,20.25,50,OK,0.1
2026-02-19T09:57:51.064Z,0,20.09,50,OK,0.1
2026-02-19T09:57:51.114Z,0,20.01,50,OK,0.1
2026-02-19T09:57:51.164Z,0,20.02,50,OK,0.1
2026-02-19T09:57:51.215Z,0,20.17,50,OK,0.1
2026-02-19T09:57:51.265Z,0,20.18,50,OK,0.1
2026-02-19T09:57:51.316Z,0,20.36,50,OK,0.1
2026-02-19T09:57:51.366Z,0,20.39,50,OK,0.1
2026-02-19T09:57:51.417Z,0,20.36,50,OK,0.1
2026-02-19T09:57:51.467Z,0,20.26,50,OK,0.1
2026-02-19T09:57:51.517Z,0,20.25,50,OK,0.1
2026-02-19T09:57:51.567Z,0,20.23,50,OK,0.1
2026-02-19T09:57:51.618Z,0,20.21,50,OK,0.1
2026-02-19T09:57:51.669Z,0,20.26,50,OK,0.1
2026-02-19T09:57:51.719Z,0,20.34,50,OK,0.1
2026-02-19T09:57:51.769Z,0,20.41,50,OK,0.1
2026-02-19T09:57:51.819Z,0,20.43,50,OK,0.1
2026-02-19T09:57:51.870Z,0,20.48,50,OK,0.1
2026-02-19T09:57:51.920Z,0,20.44,50,OK,0.1
2026-02-19T09:57:51.971Z,0,20.49,50,OK,0.1
2026-02-19T09:57:52.021Z,0,20.44,50,OK,0.1
2026-02-19T09:57:52.072Z,0,20.45,50,OK,0.1
2026-02-19T09:57:52.122Z,0,20.43,50,OK,0.1
2026-02-19T09:57:52.173Z,0,20.48,50,OK,0.1
2026-02-19T09:57:52.223Z,0,20.40,50,OK,0.1
2026-02-19T09:57:52.273Z,0,20.40,50,OK,0.1
2026-02-19T09:57:52.323Z,0,20.36,50,OK,0.1
2026-02-19T09:57:52.373Z,0,20.46,50,OK,0.1
2026-02-19T09:57:52.423Z,0,20.41,50,OK,0.1
2026-02-19T09:57:52.474Z,0,20.27,50,OK,0.1
2026-02-19T09:57:52.524Z,0,20.31,50,OK,0.1
2026-02-19T09:57:52.574Z,0,20.44,50,OK,0.1
2026-02-19T09:57:52.624Z,0,20.32,50,OK,0.1
2026-02-19T09:57:52.675Z,0,20.39,50,OK,0.1
2026-02-19T09:57:52.725Z,0,20.57,50,OK,0.1
2026-02-19T09:57:52.776Z,0,20.52,50,OK,0.1
2026-02-19T09:57:52.826Z,0,20.39,50,OK,0.1
2026-02-19T09:57:52.875Z,0,20.37,50,OK,0.1
2026-02-19T09:57:52.925Z,0,20.28,50,OK,0.1
2026-02-19T09:57:52.976Z,0,20.26,50,OK,0.1
2026-02-19T09:57:53.026Z,0,20.29,50,OK,0.1
2026-02-19T09:57:53.077Z,0,20.30,50,OK,0.1
2026-02-19T09:57:53.128Z,0,20.30,50,OK,0.1
2026-02-19T09:57:53.179Z,0,20.30,50,OK,0.1
2026-02-19T09:57:53.229Z,0,20.31,50,OK,0.1
2026-02-19T09:57:53.279Z,0,20.29,50,OK,0.1
2026-02-19T09:57:53.330Z,0,20.28,50,OK,0.1
2026-02-19T09:57:53.379Z,0,20.30,50,OK,0.1
2026-02-19T09:57:53.430Z,0,20.34,50,OK,0.1
2026-02-19T09:57:53.480Z,0,20.35,50,OK,0.1
2026-02-19T09:57:53.531Z,0,20.35,50,OK,0.1
2026-02-19T09:57:53.582Z,0,20.38,50,OK,0.1
2026-02-19T09:57:53.633Z,0,20.38,50,OK,0.1
2026-02-19T09:57:53.684Z,0,20.38,50,OK,0.1
2026-02-19T09:57:53.736Z,0,20.40,50,OK,0.1
2026-02-19T09:57:53.786Z,0,20.40,50,OK,0.1
2026-02-19T09:57:53.837Z,0,20.35,50,OK,0.1
2026-02-19T09:57:53.887Z,0,20.38,50,OK,0.1
2026-02-19T09:57:53.938Z,0,20.36,50,OK,0.1
2026-02-19T09:57:53.989Z,0,20.36,50,OK,0.1
2026-02-19T09:57:54.040Z,0,20.37,50,OK,0.1
2026-02-19T09:57:54.090Z,0,20.17,50,OK,0.1
2026-02-19T09:57:54.140Z,0,20.07,50,OK,0.1
2026-02-19T09:57:54.190Z,0,20.08,50,OK,0.1
2026-02-19T09:57:54.241Z,0,19.94,50,OK,0.1
2026-02-19T09:57:54.291Z,0,19.93,50,OK,0.1
2026-02-19T09:57:54.341Z,0,20.17,50,OK,0.1
2026-02-19T09:57:54.391Z,0,20.25,50,OK,0.1
2026-02-19T09:57:54.441Z,0,20.27,50,OK,0.1
2026-02-19T09:57:54.490Z,0,20.31,50,OK,0.1
2026-02-19T09:57:54.541Z,0,20.30,50,OK,0.1
2026-02-19T09:57:54.591Z,0,20.26,50,OK,0.1
2026-02-19T09:57:54.642Z,0,20.26,50,OK,0.1
2026-02-19T09:57:54.692Z,0,20.27,50,OK,0.1
2026-02-19T09:57:54.742Z,0,20.33,50,OK,0.1
2026-02-19T09:57:54.792Z,0,20.40,50,OK,0.1
2026-02-19T09:57:54.842Z,0,20.38,50,OK,0.1
2026-02-19T09:57:54.893Z,0,20.31,50,OK,0.1
2026-02-19T09:57:54.944Z,0,20.27,50,OK,0.1
2026-02-19T09:57:54.994Z,0,20.28,50,OK,0.1
2026-02-19T09:57:55.044Z,0,20.22,50,OK,0.1
2026-02-19T09:57:55.094Z,0,20.24,50,OK,0.1
2026-02-19T09:57:55.144Z,0,20.34,50,OK,0.1
2026-02-19T09:57:55.194Z,0,20.36,50,OK,0.1
2026-02-19T09:57:55.244Z,0,20.30,50,OK,0.1
2026-02-19T09:57:55.294Z,0,20.29,50,OK,0.1
2026-02-19T09:57:55.345Z,0,20.29,50,OK,0.1
2026-02-19T09:57:55.395Z,0,20.28,50,OK,0.1
2026-02-19T09:57:55.445Z,0,20.27,50,OK,0.1
2026-02-19T09:57:55.495Z,0,20.35,50,OK,0.1
2026-02-19T09:57:55.545Z,0,20.38,50,OK,0.1
2026-02-19T09:57:55.595Z,0,20.40,50,OK,0.1
2026-02-19T09:57:55.646Z,0,20.39,50,OK,0.1
2026-02-19T09:57:55.696Z,0,20.39,50,OK,0.1
2026-02-19T09:57:55.746Z,0,20.37,50,OK,0.1
2026-02-19T09:57:55.795Z,0,20.36,50,OK,0.1
2026-02-19T09:57:55.846Z,0,20.35,50,OK,0.1
2026-02-19T09:57:55.897Z,0,20.37,50,OK,0.1
2026-02-19T09:57:55.948Z,0,20.36,50,OK,0.1
2026-02-19T09:57:55.998Z,0,20.39,50,OK,0.1
2026-02-19T09:57:56.048Z,0,20.35,50,OK,0.1
2026-02-19T09:57:56.098Z,0,20.35,50,OK,0.1
2026-02-19T09:57:56.149Z,0,20.32,50,OK,0.1
2026-02-19T09:57:56.200Z,0,20.33,50,OK,0.1
2026-02-19T09:57:56.250Z,0,20.30,50,OK,0.1
2026-02-19T09:57:56.300Z,0,20.41,50,OK,0.1
2026-02-19T09:57:56.351Z,0,20.41,50,OK,0.1
2026-02-19T09:57:56.401Z,0,20.40,50,OK,0.1
2026-02-19T09:57:56.451Z,0,20.41,50,OK,0.1
2026-02-19T09:57:56.501Z,0,20.46,50,OK,0.1
2026-02-19T09:57:56.551Z,0,20.36,50,OK,0.1
2026-02-19T09:57:56.601Z,0,20.35,50,OK,0.1
2026-02-19T09:57:56.651Z,0,20.36,50,OK,0.1
2026-02-19T09:57:56.701Z,0,20.33,50,OK,0.1
2026-02-19T09:57:56.750Z,0,20.29,50,OK,0.1
2026-02-19T09:57:56.801Z,0,20.32,50,OK,0.1
2026-02-19T09:57:56.852Z,0,20.34,50,OK,0.1
2026-02-19T09:57:56.903Z,0,20.37,50,OK,0.1
2026-02-19T09:57:56.953Z,0,20.39,50,OK,0.1
2026-02-19T09:57:57.003Z,0,20.38,50,OK,0.1
2026-02-19T09:57:57.053Z,0,20.36,50,OK,0.1
2026-02-19T09:57:57.102Z,0,20.35,50,OK,0.1
2026-02-19T09:57:57.153Z,0,20.31,50,OK,0.1
2026-02-19T09:57:57.204Z,0,20.32,50,OK,0.1
2026-02-19T09:57:57.254Z,0,20.32,50,OK,0.1
2026-02-19T09:57:57.304Z,0,20.31,50,OK,0.1
2026-02-19T09:57:57.355Z,0,20.27,50,OK,0.1
2026-02-19T09:57:57.406Z,0,20.29,50,OK,0.1
2026-02-19T09:57:57.456Z,0,20.24,50,OK,0.1
2026-02-19T09:57:57.506Z,0,20.26,50,OK,0.1
2026-02-19T09:57:57.556Z,0,20.31,50,OK,0.1
2026-02-19T09:57:57.606Z,0,20.38,50,OK,0.1
2026-02-19T09:57:57.657Z,0,20.39,50,OK,0.1
2026-02-19T09:57:57.707Z,0,20.43,50,OK,0.1
2026-02-19T09:57:57.757Z,0,20.41,50,OK,0.1
2026-02-19T09:57:57.807Z,0,20.36,50,OK,0.1
2026-02-19T09:57:57.856Z,0,20.35,50,OK,0.1
2026-02-19T09:57:57.907Z,0,20.35,50,OK,0.1
2026-02-19T09:57:57.957Z,0,20.28,50,OK,0.1
2026-02-19T09:57:58.007Z,0,20.28,50,OK,0.1
2026-02-19T09:57:58.058Z,0,20.25,50,OK,0.1
2026-02-19T09:57:58.108Z,0,20.19,50,OK,0.1
2026-02-19T09:57:58.158Z,0,20.14,50,OK,0.1
2026-02-19T09:57:58.209Z,0,20.19,50,OK,0.1
2026-02-19T09:57:58.259Z,0,20.14,50,OK,0.1
2026-02-19T09:57:58.309Z,0,20.18,50,OK,0.1
2026-02-19T09:57:58.360Z,0,20.26,50,OK,0.1
2026-02-19T09:57:58.410Z,0,20.31,50,OK,0.1
2026-02-19T09:57:58.460Z,0,20.35,50,OK,0.1
2026-02-19T09:57:58.511Z,0,20.41,50,OK,0.1
2026-02-19T09:57:58.562Z,0,20.46,50,OK,0.1
2026-02-19T09:57:58.613Z,0,20.45,50,OK,0.1
2026-02-19T09:57:58.664Z,0,20.37,50,OK,0.1
2026-02-19T09:57:58.714Z,0,20.31,50,OK,0.1
2026-02-19T09:57:58.764Z,0,20.35,50,OK,0.1
2026-02-19T09:57:58.815Z,0,20.33,50,OK,0.1
2026-02-19T09:57:58.865Z,0,20.25,50,OK,0.1
2026-02-19T09:57:58.915Z,0,20.32,50,OK,0.1
2026-02-19T09:57:58.965Z,0,20.35,50,OK,0.1
2026-02-19T09:57:59.015Z,0,20.32,50,OK,0.1
2026-02-19T09:57:59.066Z,0,20.29,50,OK,0.1
2026-02-19T09:57:59.116Z,0,20.37,50,OK,0.1
2026-02-19T09:57:59.167Z,0,20.36,50,OK,0.1
2026-02-19T09:57:59.217Z,0,20.42,50,OK,0.1
2026-02-19T09:57:59.267Z,0,20.43,50,OK,0.1
2026-02-19T09:57:59.317Z,0,20.44,50,OK,0.1
2026-02-19T09:57:59.367Z,0,20.41,50,OK,0.1
2026-02-19T09:57:59.417Z,0,20.40,50,OK,0.1
2026-02-19T09:57:59.468Z,0,20.30,50,OK,0.1
2026-02-19T09:57:59.518Z,0,20.28,50,OK,0.1
2026-02-19T09:57:59.568Z,0,20.25,50,OK,0.1
2026-02-19T09:57:59.618Z,0,20.27,50,OK,0.1
2026-02-19T09:57:59.669Z,0,20.28,50,OK,0.1
2026-02-19T09:57:59.720Z,0,20.30,50,OK,0.1
2026-02-19T09:57:59.770Z,0,20.32,50,OK,0.1
2026-02-19T09:57:59.821Z,0,20.37,50,OK,0.1
2026-02-19T09:57:59.871Z,0,20.36,50,OK,0.1
2026-02-19T09:57:59.921Z,0,20.34,50,OK,0.1
2026-02-19T09:57:59.972Z,0,20.36,50,OK,0.1
2026-02-19T09:58:00.022Z,0,20.34,50,OK,0.1
2026-02-19T09:58:00.071Z,0,20.29,50,OK,0.1
2026-02-19T09:58:00.122Z,0,20.28,50,OK,0.1
2026-02-19T09:58:00.171Z,0,20.31,50,OK,0.1
2026-02-19T09:58:00.222Z,0,20.26,50,OK,0.1
2026-02-19T09:58:00.271Z,0,20.25,50,OK,0.1
2026-02-19T09:58:00.324Z,0,23.66,50,OK,0.1
2026-02-19T09:58:00.375Z,0,23.67,50,OK,0.1
2026-02-19T09:58:00.425Z,0,23.62,50,OK,0.1
2026-02-19T09:58:00.475Z,0,23.65,50,OK,0.1
2026-02-19T09:58:00.525Z,0,23.63,50,OK,0.1
2026-02-19T09:58:00.575Z,0,20.26,50,OK,0.1
2026-02-19T09:58:00.625Z,0,20.23,50,OK,0.1
2026-02-19T09:58:00.676Z,0,20.26,50,OK,0.1
2026-02-19T09:58:00.726Z,0,20.24,50,OK,0.1
2026-02-19T09:58:00.776Z,0,20.27,50,OK,0.1
2026-02-19T09:58:00.827Z,0,20.22,50,OK,0.1
2026-02-19T09:58:00.877Z,0,20.17,50,OK,0.1
2026-02-19T09:58:00.927Z,0,20.15,50,OK,0.1
2026-02-19T09:58:00.978Z,0,20.18,50,OK,0.1
2026-02-19T09:58:01.028Z,0,20.14,50,OK,0.1
2026-02-19T09:58:01.078Z,0,20.16,50,OK,0.1
2026-02-19T09:58:01.129Z,0,20.21,50,OK,0.1
2026-02-19T09:58:01.179Z,0,20.16,50,OK,0.1
2026-02-19T09:58:01.229Z,0,20.12,50,OK,0.1
2026-02-19T09:58:01.279Z,0,20.14,50,OK,0.1
2026-02-19T09:58:01.330Z,0,20.12,50,OK,0.1
2026-02-19T09:58:01.380Z,0,20.17,50,OK,0.1
2026-02-19T09:58:01.431Z,0,20.23,50,OK,0.1
2026-02-19T09:58:01.481Z,0,20.29,50,OK,0.1
2026-02-19T09:58:01.531Z,0,20.28,50,OK,0.1
2026-02-19T09:58:01.582Z,0,20.20,50,OK,0.1
2026-02-19T09:58:01.631Z,0,20.15,50,OK,0.1
2026-02-19T09:58:01.682Z,0,20.17,50,OK,0.1
2026-02-19T09:58:01.732Z,0,20.11,50,OK,0.1
2026-02-19T09:58:01.781Z,0,20.13,50,OK,0.1
2026-02-19T09:58:01.832Z,0,20.20,50,OK,0.1
2026-02-19T09:58:01.883Z,0,20.24,50,OK,0.1
2026-02-19T09:58:01.933Z,0,20.22,50,OK,0.1
2026-02-19T09:58:01.982Z,0,20.16,50,OK,0.1
2026-02-19T09:58:02.033Z,0,20.13,50,OK,0.1
2026-02-19T09:58:02.083Z,0,20.15,50,OK,0.1
2026-02-19T09:58:02.134Z,0,20.11,50,OK,0.1
2026-02-19T09:58:02.185Z,0,20.14,50,OK,0.1
2026-02-19T09:58:02.235Z,0,20.22,50,OK,0.1
2026-02-19T09:58:02.285Z,0,20.24,50,OK,0.1
2026-02-19T09:58:02.335Z,0,20.22,50,OK,0.1
2026-02-19T09:58:02.386Z,0,20.14,50,OK,0.1
2026-02-19T09:58:02.436Z,0,20.12,50,OK,0.1
2026-02-19T09:58:02.485Z,0,20.13,50,OK,0.1
2026-02-19T09:58:02.535Z,0,20.12,50,OK,0.1
2026-02-19T09:58:02.586Z,0,20.15,50,OK,0.1
2026-02-19T09:58:02.637Z,0,20.25,50,OK,0.1
2026-02-19T09:58:02.686Z,0,20.28,50,OK,0.1
2026-02-19T09:58:02.737Z,0,20.25,50,OK,0.1
2026-02-19T09:58:02.786Z,0,20.31,50,OK,0.1
2026-02-19T09:58:02.837Z,0,20.29,50,OK,0.1
2026-02-19T09:58:02.887Z,0,20.30,50,OK,0.1
2026-02-19T09:58:02.937Z,0,20.26,50,OK,0.1
2026-02-19T09:58:02.988Z,0,20.34,50,OK,0.1
2026-02-19T09:58:03.038Z,0,20.28,50,OK,0.1
2026-02-19T09:58:03.089Z,0,20.16,50,OK,0.1
2026-02-19T09:58:03.139Z,0,20.14,50,OK,0.1
2026-02-19T09:58:03.189Z,0,20.23,50,OK,0.1
2026-02-19T09:58:03.240Z,0,20.16,50,OK,0.1
2026-02-19T09:58:03.290Z,0,20.21,50,OK,0.1
2026-02-19T09:58:03.341Z,0,20.37,50,OK,0.1
2026-02-19T09:58:03.390Z,0,20.42,50,OK,0.1
2026-02-19T09:58:03.440Z,0,20.33,50,OK,0.1
2026-02-19T09:58:03.491Z,0,20.20,50,OK,0.1
2026-02-19T09:58:03.541Z,0,20.19,50,OK,0.1
2026-02-19T09:58:03.591Z,0,20.24,50,OK,0.1
2026-02-19T09:58:03.640Z,0,20.20,50,OK,0.1
2026-02-19T09:58:03.691Z,0,20.08,50,OK,0.1
2026-02-19T09:58:03.740Z,0,20.21,50,OK,0.1
2026-02-19T09:58:03.791Z,0,20.10,50,OK,0.1
2026-02-19T09:58:03.842Z,0,20.05,50,OK,0.1
2026-02-19T09:58:03.892Z,0,20.03,50,OK,0.1
2026-02-19T09:58:03.943Z,0,20.19,50,OK,0.1
2026-02-19T09:58:03.994Z,0,20.29,50,OK,0.1
2026-02-19T09:58:04.046Z,0,20.41,50,OK,0.1
2026-02-19T09:58:04.095Z,0,20.48,50,OK,0.1
2026-02-19T09:58:04.146Z,0,20.50,50,OK,0.1
2026-02-19T09:58:04.195Z,0,20.56,50,OK,0.1
2026-02-19T09:58:04.246Z,0,20.49,50,OK,0.1
2026-02-19T09:58:04.297Z,0,20.46,50,OK,0.1
2026-02-19T09:58:04.348Z,0,20.36,50,OK,0.1
2026-02-19T09:58:04.398Z,0,20.22,50,OK,0.1
2026-02-19T09:58:04.449Z,0,20.17,50,OK,0.1
2026-02-19T09:58:04.499Z,0,20.18,50,OK,0.1
2026-02-19T09:58:04.549Z,0,20.19,50,OK,0.1
2026-02-19T09:58:04.599Z,0,20.32,50,OK,0.1
2026-02-19T09:58:04.649Z,0,20.47,50,OK,0.1
2026-02-19T09:58:04.700Z,0,20.36,50,OK,0.1
2026-02-19T09:58:04.750Z,0,20.33,50,OK,0.1
2026-02-19T09:58:04.800Z,0,20.33,50,OK,0.1
2026-02-19T09:58:04.850Z,0,20.22,50,OK,0.1
2026-02-19T09:58:04.900Z,0,20.12,50,OK,0.1
2026-02-19T09:58:04.950Z,0,20.19,50,OK,0.1
2026-02-19T09:58:05.000Z,0,20.13,50,OK,0.1
2026-02-19T09:58:05.050Z,0,20.14,50,OK,0.1
2026-02-19T09:58:05.099Z,0,20.14,50,OK,0.1
2026-02-19T09:58:05.149Z,0,20.25,50,OK,0.1
2026-02-19T09:58:05.200Z,0,20.12,50,OK,0.1
2026-02-19T09:58:05.250Z,0,20.18,50,OK,0.1
2026-02-19T09:58:05.300Z,0,20.04,50,OK,0.1
2026-02-19T09:58:05.350Z,0,20.06,50,OK,0.1
2026-02-19T09:58:05.400Z,0,20.17,50,OK,0.1
2026-02-19T09:58:05.450Z,0,20.31,50,OK,0.1
2026-02-19T09:58:05.501Z,0,20.24,50,OK,0.1
2026-02-19T09:58:05.551Z,0,20.36,50,OK,0.1
2026-02-19T09:58:05.601Z,0,20.40,50,OK,0.1
2026-02-19T09:58:05.651Z,0,20.30,50,OK,0.1
2026-02-19T09:58:05.701Z,0,20.23,50,OK,0.1
2026-02-19T09:58:05.751Z,0,20.30,50,OK,0.1
2026-02-19T09:58:05.801Z,0,20.36,50,OK,0.1
2026-02-19T09:58:05.851Z,0,20.26,50,OK,0.1
2026-02-19T09:58:05.901Z,0,20.38,50,OK,0.1
2026-02-19T09:58:05.951Z,0,20.41,50,OK,0.1
2026-02-19T09:58:06.001Z,0,20.39,50,OK,0.1
2026-02-19T09:58:06.051Z,0,20.34,50,OK,0.1
2026-02-19T09:58:06.100Z,0,20.37,50,OK,0.1
2026-02-19T09:58:06.150Z,0,20.25,50,OK,0.1
2026-02-19T09:58:06.201Z,0,20.25,50,OK,0.1
2026-02-19T09:58:06.252Z,0,20.28,50,OK,0.1
2026-02-19T09:58:06.302Z,0,20.26,50,OK,0.1
2026-02-19T09:58:06.352Z,0,20.23,50,OK,0.1
2026-02-19T09:58:06.403Z,0,20.18,50,OK,0.1
2026-02-19T09:58:06.453Z,0,20.20,50,OK,0.1
2026-02-19T09:58:06.503Z,0,20.25,50,OK,0.1
2026-02-19T09:58:06.553Z,0,20.26,50,OK,0.1
2026-02-19T09:58:06.603Z,0,20.28,50,OK,0.1
2026-02-19T09:58:06.652Z,0,20.33,50,OK,0.1
2026-02-19T09:58:06.703Z,0,20.39,50,OK,0.1
2026-02-19T09:58:06.753Z,0,20.34,50,OK,0.1
2026-02-19T09:58:06.804Z,0,20.37,50,OK,0.1
2026-02-19T09:58:06.853Z,0,20.38,50,OK,0.1
2026-02-19T09:58:06.904Z,0,20.39,50,OK,0.1
2026-02-19T09:58:06.954Z,0,20.37,50,OK,0.1
2026-02-19T09:58:07.005Z,0,20.48,50,OK,0.1
2026-02-19T09:58:07.055Z,0,20.45,50,OK,0.1
2026-02-19T09:58:07.106Z,0,20.51,50,OK,0.1
2026-02-19T09:58:07.156Z,0,20.50,50,OK,0.1
2026-02-19T09:58:07.207Z,0,20.43,50,OK,0.1
2026-02-19T09:58:07.258Z,0,20.32,50,OK,0.1
2026-02-19T09:58:07.309Z,0,20.21,50,OK,0.1
2026-02-19T09:58:07.359Z,0,20.14,50,OK,0.1
2026-02-19T09:58:07.410Z,0,20.24,50,OK,0.1
2026-02-19T09:58:07.461Z,0,20.28,50,OK,0.1
2026-02-19T09:58:07.511Z,0,20.36,50,OK,0.1
2026-02-19T09:58:07.562Z,0,20.50,50,OK,0.1
2026-02-19T09:58:07.612Z,0,20.59,50,OK,0.1
2026-02-19T09:58:07.662Z,0,20.48,50,OK,0.1
2026-02-19T09:58:07.712Z,0,20.57,50,OK,0.1
2026-02-19T09:58:07.759Z,0,20.50,50,OK,0.1
2026-02-19T09:58:07.810Z,0,20.55,50,OK,0.1
2026-02-19T09:58:07.860Z,0,20.44,50,OK,0.1
2026-02-19T09:58:07.910Z,0,20.51,50,OK,0.1
2026-02-19T09:58:07.960Z,0,20.45,50,OK,0.1
2026-02-19T09:58:08.012Z,0,20.45,50,OK,0.1
2026-02-19T09:58:08.062Z,0,20.39,50,OK,0.1
2026-02-19T09:58:08.112Z,0,20.44,50,OK,0.1
2026-02-19T09:58:08.163Z,0,20.36,50,OK,0.1
2026-02-19T09:58:08.213Z,0,20.26,50,OK,0.1
2026-02-19T09:58:08.263Z,0,20.23,50,OK,0.1
2026-02-19T09:58:08.314Z,0,20.33,50,OK,0.1
2026-02-19T09:58:08.364Z,0,20.31,50,OK,0.1
2026-02-19T09:58:08.415Z,0,20.36,50,OK,0.1
2026-02-19T09:58:08.466Z,0,20.44,50,OK,0.1
2026-02-19T09:58:08.516Z,0,20.51,50,OK,0.1
2026-02-19T09:58:08.566Z,0,20.44,50,OK,0.1
2026-02-19T09:58:08.616Z,0,20.45,50,OK,0.1
2026-02-19T09:58:08.666Z,0,20.40,50,OK,0.1
2026-02-19T09:58:08.716Z,0,20.42,50,OK,0.1
2026-02-19T09:58:08.766Z,0,20.16,50,OK,0.1
2026-02-19T09:58:08.816Z,0,20.18,50,OK,0.1
2026-02-19T09:58:08.866Z,0,19.96,50,OK,0.1
2026-02-19T09:58:08.916Z,0,19.90,50,OK,0.1
2026-02-19T09:58:08.967Z,0,19.93,50,OK,0.1
2026-02-19T09:58:09.018Z,0,20.15,50,OK,0.1
2026-02-19T09:58:09.068Z,0,20.13,50,OK,0.1
2026-02-19T09:58:09.119Z,0,20.37,50,OK,0.1
2026-02-19T09:58:09.170Z,0,20.44,50,OK,0.1
2026-02-19T09:58:09.220Z,0,20.43,50,OK,0.1
2026-02-19T09:58:09.272Z,0,20.43,50,OK,0.1
2026-02-19T09:58:09.323Z,0,20.34,50,OK,0.1
2026-02-19T09:58:09.373Z,0,20.29,50,OK,0.1
2026-02-19T09:58:09.423Z,0,20.21,50,OK,0.1
2026-02-19T09:58:09.474Z,0,20.17,50,OK,0.1
2026-02-19T09:58:09.524Z,0,20.18,50,OK,0.1
2026-02-19T09:58:09.574Z,0,20.22,50,OK,0.1
2026-02-19T09:58:09.624Z,0,20.27,50,OK,0.1
2026-02-19T09:58:09.674Z,0,20.34,50,OK,0.1
2026-02-19T09:58:09.725Z,0,20.31,50,OK,0.1
2026-02-19T09:58:09.775Z,0,20.30,50,OK,0.1
2026-02-19T09:58:09.825Z,0,20.20,50,OK,0.1
2026-02-19T09:58:09.875Z,0,20.18,50,OK,0.1
2026-02-19T09:58:09.926Z,0,20.28,50,OK,0.1
2026-02-19T09:58:09.976Z,0,20.36,50,OK,0.1
2026-02-19T09:58:10.026Z,0,20.34,50,OK,0.1
2026-02-19T09:58:10.078Z,0,20.46,50,OK,0.1
2026-02-19T09:58:10.128Z,0,20.51,50,OK,0.1
2026-02-19T09:58:10.178Z,0,20.44,50,OK,0.1
2026-02-19T09:58:10.228Z,0,20.39,50,OK,0.1
2026-02-19T09:58:10.278Z,0,20.37,50,OK,0.1
2026-02-19T09:58:10.329Z,0,20.34,50,OK,0.1
2026-02-19T09:58:10.379Z,0,20.29,50,OK,0.1
2026-02-19T09:58:10.429Z,0,20.28,50,OK,0.1
2026-02-19T09:58:10.480Z,0,20.31,50,OK,0.1
2026-02-19T09:58:10.530Z,0,20.32,50,OK,0.1
2026-02-19T09:58:10.580Z,0,20.34,50,OK,0.1
2026-02-19T09:58:10.630Z,0,20.32,50,OK,0.1
2026-02-19T09:58:10.682Z,0,20.30,50,OK,0.1
2026-02-19T09:58:10.732Z,0,20.33,50,OK,0.1
2026-02-19T09:58:10.782Z,0,20.33,50,OK,0.1
2026-02-19T09:58:10.832Z,0,20.32,50,OK,0.1
2026-02-19T09:58:10.882Z,0,20.32,50,OK,0.1
2026-02-19T09:58:10.932Z,0,20.34,50,OK,0.1
2026-02-19T09:58:10.982Z,0,20.29,50,OK,0.1
2026-02-19T09:58:11.032Z,0,20.24,50,OK,0.1
2026-02-19T09:58:11.082Z,0,20.24,50,OK,0.1
2026-02-19T09:58:11.133Z,0,20.27,50,OK,0.1
2026-02-19T09:58:11.183Z,0,20.22,50,OK,0.1
2026-02-19T09:58:11.234Z,0,20.23,50,OK,0.1
2026-02-19T09:58:11.284Z,0,20.27,50,OK,0.1
2026-02-19T09:58:11.335Z,0,20.38,50,OK,0.1
2026-02-19T09:58:11.386Z,0,20.33,50,OK,0.1
2026-02-19T09:58:11.436Z,0,20.40,50,OK,0.1
2026-02-19T09:58:11.486Z,0,20.43,50,OK,0.1
2026-02-19T09:58:11.536Z,0,20.43,50,OK,0.1
2026-02-19T09:58:11.586Z,0,20.30,50,OK,0.1
2026-02-19T09:58:11.636Z,0,20.35,50,OK,0.1
2026-02-19T09:58:11.686Z,0,20.30,50,OK,0.1
2026-02-19T09:58:11.736Z,0,20.30,50,OK,0.1
2026-02-19T09:58:11.786Z,0,20.33,50,OK,0.1
2026-02-19T09:58:11.838Z,0,20.36,50,OK,0.1
2026-02-19T09:58:11.888Z,0,20.32,50,OK,0.1
2026-02-19T09:58:11.938Z,0,20.33,50,OK,0.1
2026-02-19T09:58:11.989Z,0,20.33,50,OK,0.1
2026-02-19T09:58:12.039Z,0,20.33,50,OK,0.1
2026-02-19T09:58:12.090Z,0,20.31,50,OK,0.1
2026-02-19T09:58:12.140Z,0,20.32,50,OK,0.1
2026-02-19T09:58:12.190Z,0,20.31,50,OK,0.1
2026-02-19T09:58:12.241Z,0,20.27,50,OK,0.1
2026-02-19T09:58:12.292Z,0,20.26,50,OK,0.1
2026-02-19T09:58:12.342Z,0,20.26,50,OK,0.1
2026-02-19T09:58:12.392Z,0,20.29,50,OK,0.1
2026-02-19T09:58:12.441Z,0,20.31,50,OK,0.1
2026-02-19T09:58:12.493Z,0,20.35,50,OK,0.1
2026-02-19T09:58:12.543Z,0,20.37,50,OK,0.1
2026-02-19T09:58:12.594Z,0,20.29,50,OK,0.1
2026-02-19T09:58:12.643Z,0,20.27,50,OK,0.1
2026-02-19T09:58:12.695Z,0,20.24,50,OK,0.1
2026-02-19T09:58:12.745Z,0,20.22,50,OK,0.1
2026-02-19T09:58:12.795Z,0,20.21,50,OK,0.1
2026-02-19T09:58:12.845Z,0,20.29,50,OK,0.1
2026-02-19T09:58:12.895Z,0,20.29,50,OK,0.1
2026-02-19T09:58:12.947Z,0,20.33,50,OK,0.1
2026-02-19T09:58:12.997Z,0,20.32,50,OK,0.1
2026-02-19T09:58:13.048Z,0,20.32,50,OK,0.1
2026-02-19T09:58:13.100Z,0,20.32,50,OK,0.1
2026-02-19T09:58:13.150Z,0,20.35,50,OK,0.1
2026-02-19T09:58:13.200Z,0,20.32,50,OK,0.1
2026-02-19T09:58:13.250Z,0,20.33,50,OK,0.1
2026-02-19T09:58:13.300Z,0,20.35,50,OK,0.1
2026-02-19T09:58:13.352Z,0,20.33,50,OK,0.1
2026-02-19T09:58:13.402Z,0,20.33,50,OK,0.1
2026-02-19T09:58:13.452Z,0,20.29,50,OK,0.1
2026-02-19T09:58:13.502Z,0,20.28,50,OK,0.1
2026-02-19T09:58:13.553Z,0,20.25,50,OK,0.1
2026-02-19T09:58:13.604Z,0,20.27,50,OK,0.1
2026-02-19T09:58:13.655Z,0,20.24,50,OK,0.1
2026-02-19T09:58:13.705Z,0,20.33,50,OK,0.1
2026-02-19T09:58:13.755Z,0,20.34,50,OK,0.1
2026-02-19T09:58:13.805Z,0,20.26,50,OK,0.1
2026-02-19T09:58:13.855Z,0,20.26,50,OK,0.1
2026-02-19T09:58:13.905Z,0,20.21,50,OK,0.1
2026-02-19T09:58:13.955Z,0,20.16,50,OK,0.1
2026-02-19T09:58:14.005Z,0,20.18,50,OK,0.1
2026-02-19T09:58:14.055Z,0,20.28,50,OK,0.1
2026-02-19T09:58:14.105Z,0,20.30,50,OK,0.1
2026-02-19T09:58:14.155Z,0,20.86,50,OK,0.1
2026-02-19T09:58:14.205Z,0,20.83,50,OK,0.1
2026-02-19T09:58:14.256Z,0,20.82,50,OK,0.1
2026-02-19T09:58:14.306Z,0,20.81,50,OK,0.1
2026-02-19T09:58:14.358Z,0,20.78,50,OK,0.1
2026-02-19T09:58:14.408Z,0,20.32,50,OK,0.1
2026-02-19T09:58:14.458Z,0,20.37,50,OK,0.1
2026-02-19T09:58:14.509Z,0,20.37,50,OK,0.1
2026-02-19T09:58:14.559Z,0,20.36,50,OK,0.1
2026-02-19T09:58:14.609Z,0,20.26,50,OK,0.1
2026-02-19T09:58:14.659Z,0,20.22,50,OK,0.1
2026-02-19T09:58:14.709Z,0,20.17,50,OK,0.1
2026-02-19T09:58:14.759Z,0,20.15,50,OK,0.1
2026-02-19T09:58:14.809Z,0,20.16,50,OK,0.1
2026-02-19T09:58:14.860Z,0,20.24,50,OK,0.1
2026-02-19T09:58:14.910Z,0,20.26,50,OK,0.1
2026-02-19T09:58:14.961Z,0,20.29,50,OK,0.1
2026-02-19T09:58:15.011Z,0,20.31,50,OK,0.1
2026-02-19T09:58:15.062Z,0,20.34,50,OK,0.1
2026-02-19T09:58:15.112Z,0,20.34,50,OK,0.1
2026-02-19T09:58:15.162Z,0,20.33,50,OK,0.1
2026-02-19T09:58:15.212Z,0,20.32,50,OK,0.1
2026-02-19T09:58:15.262Z,0,20.31,50,OK,0.1
2026-02-19T09:58:15.312Z,0,20.29,50,OK,0.1
2026-02-19T09:58:15.363Z,0,20.29,50,OK,0.1
2026-02-19T09:58:15.414Z,0,20.28,50,OK,0.1
2026-02-19T09:58:15.464Z,0,20.29,50,OK,0.1
2026-02-19T09:58:15.514Z,0,20.26,50,OK,0.1
2026-02-19T09:58:15.564Z,0,20.27,50,OK,0.1
2026-02-19T09:58:15.614Z,0,20.27,50,OK,0.1
2026-02-19T09:58:15.665Z,0,20.29,50,OK,0.1
2026-02-19T09:58:15.715Z,0,20.31,50,OK,0.1
2026-02-19T09:58:15.765Z,0,20.34,50,OK,0.1
2026-02-19T09:58:15.817Z,0,20.38,50,OK,0.1
2026-02-19T09:58:15.867Z,0,20.39,50,OK,0.1
2026-02-19T09:58:15.917Z,0,20.31,50,OK,0.1
2026-02-19T09:58:15.968Z,0,20.29,50,OK,0.1
2026-02-19T09:58:16.018Z,0,20.23,50,OK,0.1
2026-02-19T09:58:16.068Z,0,20.20,50,OK,0.1
2026-02-19T09:58:16.118Z,0,20.16,50,OK,0.1
2026-02-19T09:58:16.168Z,0,20.24,50,OK,0.1
2026-02-19T09:58:16.218Z,0,20.24,50,OK,0.1
2026-02-19T09:58:16.268Z,0,20.38,50,OK,0.1
2026-02-19T09:58:16.318Z,0,20.33,50,OK,0.1
2026-02-19T09:58:16.368Z,0,20.36,50,OK,0.1
2026-02-19T09:58:16.418Z,0,20.34,50,OK,0.1
2026-02-19T09:58:16.469Z,0,20.32,50,OK,0.1
2026-02-19T09:58:16.519Z,0,20.22,50,OK,0.1
2026-02-19T09:58:16.570Z,0,20.24,50,OK,0.1
2026-02-19T09:58:16.620Z,0,20.23,50,OK,0.1
2026-02-19T09:58:16.670Z,0,20.25,50,OK,0.1
2026-02-19T09:58:16.720Z,0,20.24,50,OK,0.1
2026-02-19T09:58:16.770Z,0,20.25,50,OK,0.1
2026-02-19T09:58:16.820Z,0,20.26,50,OK,0.1
2026-02-19T09:58:16.871Z,0,20.30,50,OK,0.1
2026-02-19T09:58:16.922Z,0,20.32,50,OK,0.1
2026-02-19T09:58:16.972Z,0,20.34,50,OK,0.1
2026-02-19T09:58:17.022Z,0,20.35,50,OK,0.1
2026-02-19T09:58:17.072Z,0,20.34,50,OK,0.1
2026-02-19T09:58:17.122Z,0,20.22,50,OK,0.1
2026-02-19T09:58:17.172Z,0,20.17,50,OK,0.1
2026-02-19T09:58:17.222Z,0,20.25,50,OK,0.1
2026-02-19T09:58:17.274Z,0,20.27,50,OK,0.1
2026-02-19T09:58:17.325Z,0,20.30,50,OK,0.1
2026-02-19T09:58:17.375Z,0,20.41,50,OK,0.1
2026-02-19T09:58:17.425Z,0,20.47,50,OK,0.1
2026-02-19T09:58:17.475Z,0,20.39,50,OK,0.1
2026-02-19T09:58:17.525Z,0,20.37,50,OK,0.1
2026-02-19T09:58:17.575Z,0,20.35,50,OK,0.1
2026-02-19T09:58:17.625Z,0,20.34,50,OK,0.1
2026-02-19T09:58:17.676Z,0,20.32,50,OK,0.1
2026-02-19T09:58:17.727Z,0,20.23,50,OK,0.1
2026-02-19T09:58:17.778Z,0,20.28,50,OK,0.1
2026-02-19T09:58:17.828Z,0,20.32,50,OK,0.1
2026-02-19T09:58:17.878Z,0,20.32,50,OK,0.1
2026-02-19T09:58:17.930Z,0,20.24,50,OK,0.1
2026-02-19T09:58:17.980Z,0,20.37,50,OK,0.1
2026-02-19T09:58:18.030Z,0,20.35,50,OK,0.1
2026-02-19T09:58:18.080Z,0,20.30,50,OK,0.1
2026-02-19T09:58:18.130Z,0,20.24,50,OK,0.1
2026-02-19T09:58:18.181Z,0,20.28,50,OK,0.1
2026-02-19T09:58:18.231Z,0,20.20,50,OK,0.1
2026-02-19T09:58:18.282Z,0,20.17,50,OK,0.1
2026-02-19T09:58:18.332Z,0,20.12,50,OK,0.1
2026-02-19T09:58:18.382Z,0,20.19,50,OK,0.1
2026-02-19T09:58:18.431Z,0,20.21,50,OK,0.1
2026-02-19T09:58:18.482Z,0,20.27,50,OK,0.1
2026-02-19T09:58:18.532Z,0,20.30,50,OK,0.1
2026-02-19T09:58:18.583Z,0,20.37,50,OK,0.1
2026-02-19T09:58:18.634Z,0,20.36,50,OK,0.1
2026-02-19T09:58:18.684Z,0,20.35,50,OK,0.1
2026-02-19T09:58:18.734Z,0,20.38,50,OK,0.1
2026-02-19T09:58:18.784Z,0,20.33,50,OK,0.1
2026-02-19T09:58:18.835Z,0,20.34,50,OK,0.1
2026-02-19T09:58:18.885Z,0,20.43,50,OK,0.1
2026-02-19T09:58:18.935Z,0,20.42,50,OK,0.1
2026-02-19T09:58:18.986Z,0,20.37,50,OK,0.1
2026-02-19T09:58:19.036Z,0,20.38,50,OK,0.1
2026-02-19T09:58:19.087Z,0,20.39,50,OK,0.1
2026-02-19T09:58:19.138Z,0,20.29,50,OK,0.1
2026-02-19T09:58:19.188Z,0,20.29,50,OK,0.1
2026-02-19T09:58:19.238Z,0,20.29,50,OK,0.1
2026-02-19T09:58:19.289Z,0,20.24,50,OK,0.1
2026-02-19T09:58:19.340Z,0,20.24,50,OK,0.1
2026-02-19T09:58:19.390Z,0,20.24,50,OK,0.1
2026-02-19T09:58:19.440Z,0,20.26,50,OK,0.1
2026-02-19T09:58:19.491Z,0,20.29,50,OK,0.1
2026-02-19T09:58:19.541Z,0,20.37,50,OK,0.1
2026-02-19T09:58:19.592Z,0,20.35,50,OK,0.1
2026-02-19T09:58:19.642Z,0,20.14,50,OK,0.1
2026-02-19T09:58:19.692Z,0,20.14,50,OK,0.1
2026-02-19T09:58:19.742Z,0,19.96,50,OK,0.1
2026-02-19T09:58:19.792Z,0,19.97,50,OK,0.1
2026-02-19T09:58:19.842Z,0,20.05,50,OK,0.1
2026-02-19T09:58:19.892Z,0,20.31,50,OK,0.1
2026-02-19T09:58:19.943Z,0,20.18,50,OK,0.1
2026-02-19T09:58:19.994Z,0,20.33,50,OK,0.1
2026-02-19T09:58:20.045Z,0,20.36,50,OK,0.1
2026-02-19T09:58:20.096Z,0,20.26,50,OK,0.1
2026-02-19T09:58:20.147Z,0,20.28,50,OK,0.1
2026-02-19T09:58:20.197Z,0,20.40,50,OK,0.1
2026-02-19T09:58:20.247Z,0,20.22,50,OK,0.1
2026-02-19T09:58:20.297Z,0,20.13,50,OK,0.1
2026-02-19T09:58:20.348Z,0,20.19,50,OK,0.1
2026-02-19T09:58:20.399Z,0,20.16,50,OK,0.1
2026-02-19T09:58:20.449Z,0,20.31,50,OK,0.1
2026-02-19T09:58:20.499Z,0,20.49,50,OK,0.1
2026-02-19T09:58:20.550Z,0,20.59,50,OK,0.1
2026-02-19T09:58:20.600Z,0,20.54,50,OK,0.1
2026-02-19T09:58:20.650Z,0,20.62,50,OK,0.1
2026-02-19T09:58:20.700Z,0,20.47,50,OK,0.1
2026-02-19T09:58:20.750Z,0,20.52,50,OK,0.1
2026-02-19T09:58:20.800Z,0,20.45,50,OK,0.1
2026-02-19T09:58:20.851Z,0,20.44,50,OK,0.1
2026-02-19T09:58:20.902Z,0,20.31,50,OK,0.1
2026-02-19T09:58:20.952Z,0,20.34,50,OK,0.1
2026-02-19T09:58:21.002Z,0,20.30,50,OK,0.1
2026-02-19T09:58:21.052Z,0,20.37,50,OK,0.1
2026-02-19T09:58:21.102Z,0,20.40,50,OK,0.1
2026-02-19T09:58:21.152Z,0,20.46,50,OK,0.1
2026-02-19T09:58:21.204Z,0,20.43,50,OK,0.1
2026-02-19T09:58:21.255Z,0,20.38,50,OK,0.1
2026-02-19T09:58:21.305Z,0,20.29,50,OK,0.1
2026-02-19T09:58:21.356Z,0,20.34,50,OK,0.1
2026-02-19T09:58:21.406Z,0,20.29,50,OK,0.1
2026-02-19T09:58:21.456Z,0,20.27,50,OK,0.1
2026-02-19T09:58:21.506Z,0,20.31,50,OK,0.1
2026-02-19T09:58:21.557Z,0,20.27,50,OK,0.1
2026-02-19T09:58:21.607Z,0,20.26,50,OK,0.1
2026-02-19T09:58:21.657Z,0,20.18,50,OK,0.1
2026-02-19T09:58:21.708Z,0,20.20,50,OK,0.1
2026-02-19T09:58:21.758Z,0,20.25,50,OK,0.1
2026-02-19T09:58:21.809Z,0,20.35,50,OK,0.1
2026-02-19T09:58:21.859Z,0,20.35,50,OK,0.1
2026-02-19T09:58:21.910Z,0,20.45,50,OK,0.1
2026-02-19T09:58:21.960Z,0,20.52,50,OK,0.1
2026-02-19T09:58:22.010Z,0,20.49,50,OK,0.1
2026-02-19T09:58:22.060Z,0,20.51,50,OK,0.1
2026-02-19T09:58:22.111Z,0,20.43,50,OK,0.1
2026-02-19T09:58:22.161Z,0,20.30,50,OK,0.1
2026-02-19T09:58:22.211Z,0,20.17,50,OK,0.1
2026-02-19T09:58:22.261Z,0,20.25,50,OK,0.1
2026-02-19T09:58:22.311Z,0,20.18,50,OK,0.1
2026-02-19T09:58:22.362Z,0,20.10,50,OK,0.1
2026-02-19T09:58:22.412Z,0,20.22,50,OK,0.1
2026-02-19T09:58:22.462Z,0,20.33,50,OK,0.1
2026-02-19T09:58:22.513Z,0,20.22,50,OK,0.1
2026-02-19T09:58:22.563Z,0,20.26,50,OK,0.1
2026-02-19T09:58:22.613Z,0,20.35,50,OK,0.1
2026-02-19T09:58:22.664Z,0,20.16,50,OK,0.1
2026-02-19T09:58:22.714Z,0,20.09,50,OK,0.1
2026-02-19T09:58:22.764Z,0,20.14,50,OK,0.1
2026-02-19T09:58:22.814Z,0,20.09,50,OK,0.1
2026-02-19T09:58:22.864Z,0,19.94,50,OK,0.1
2026-02-19T09:58:22.914Z,0,20.09,50,OK,0.1
2026-02-19T09:58:22.964Z,0,20.14,50,OK,0.1
2026-02-19T09:58:23.014Z,0,20.09,50,OK,0.1
2026-02-19T09:58:23.064Z,0,19.95,50,OK,0.1
2026-02-19T09:58:23.114Z,0,20.09,50,OK,0.1
2026-02-19T09:58:23.164Z,0,20.16,50,OK,0.1
2026-02-19T09:58:23.214Z,0,20.10,50,OK,0.1
2026-02-19T09:58:23.264Z,0,20.07,50,OK,0.1
2026-02-19T09:58:23.314Z,0,20.21,50,OK,0.1
2026-02-19T09:58:23.365Z,0,20.24,50,OK,0.1
2026-02-19T09:58:23.415Z,0,20.16,50,OK,0.1
2026-02-19T09:58:23.465Z,0,20.12,50,OK,0.1
2026-02-19T09:58:23.515Z,0,20.14,50,OK,0.1
2026-02-19T09:58:23.565Z,0,20.10,50,OK,0.1
2026-02-19T09:58:23.615Z,0,20.05,50,OK,0.1
2026-02-19T09:58:23.665Z,0,20.08,50,OK,0.1
2026-02-19T09:58:23.715Z,0,20.13,50,OK,0.1
2026-02-19T09:58:23.765Z,0,20.05,50,OK,0.1
2026-02-19T09:58:23.815Z,0,20.10,50,OK,0.1
2026-02-19T09:58:23.865Z,0,20.17,50,OK,0.1
2026-02-19T09:58:23.915Z,0,20.16,50,OK,0.1
2026-02-19T09:58:23.965Z,0,20.16,50,OK,0.1
2026-02-19T09:58:24.015Z,0,20.24,50,OK,0.1
2026-02-19T09:58:24.065Z,0,20.24,50,OK,0.1
2026-02-19T09:58:24.115Z,0,20.18,50,OK,0.1
2026-02-19T09:58:24.166Z,0,20.08,50,OK,0.1
2026-02-19T09:58:24.216Z,0,20.08,50,OK,0.1
2026-02-19T09:58:24.266Z,0,20.11,50,OK,0.1
2026-02-19T09:58:24.316Z,0,20.09,50,OK,0.1
2026-02-19T09:58:24.366Z,0,20.11,50,OK,0.1
2026-02-19T09:58:24.417Z,0,20.19,50,OK,0.1
2026-02-19T09:58:24.467Z,0,20.12,50,OK,0.1
2026-02-19T09:58:24.517Z,0,20.09,50,OK,0.1
2026-02-19T09:58:24.567Z,0,20.12,50,OK,0.1
2026-02-19T09:58:24.617Z,0,20.12,50,OK,0.1
2026-02-19T09:58:24.667Z,0,20.14,50,OK,0.1
2026-02-19T09:58:24.718Z,0,20.21,50,OK,0.1
2026-02-19T09:58:24.769Z,0,20.25,50,OK,0.1
2026-02-19T09:58:24.819Z,0,20.22,50,OK,0.1
2026-02-19T09:58:24.869Z,0,20.22,50,OK,0.1
2026-02-19T09:58:24.919Z,0,20.21,50,OK,0.1
2026-02-19T09:58:24.969Z,0,20.24,50,OK,0.1
2026-02-19T09:58:25.019Z,0,20.21,50,OK,0.1
2026-02-19T09:58:25.069Z,0,20.13,50,OK,0.1
2026-02-19T09:58:25.119Z,0,20.12,50,OK,0.1
2026-02-19T09:58:25.169Z,0,20.06,50,OK,0.1
2026-02-19T09:58:25.219Z,0,20.04,50,OK,0.1
2026-02-19T09:58:25.269Z,0,19.89,50,OK,0.1
2026-02-19T09:58:25.319Z,0,19.88,50,OK,0.1
2026-02-19T09:58:25.369Z,0,19.92,50,OK,0.1
2026-02-19T09:58:25.419Z,0,19.97,50,OK,0.1
2026-02-19T09:58:25.469Z,0,20.00,50,OK,0.1
2026-02-19T09:58:25.520Z,0,20.16,50,OK,0.1
2026-02-19T09:58:25.570Z,0,20.36,50,OK,0.1
2026-02-19T09:58:25.620Z,0,20.34,50,OK,0.1
2026-02-19T09:58:25.671Z,0,20.34,50,OK,0.1
2026-02-19T09:58:25.721Z,0,20.37,50,OK,0.1
2026-02-19T09:58:25.771Z,0,20.26,50,OK,0.1
2026-02-19T09:58:25.822Z,0,20.19,50,OK,0.1
2026-02-19T09:58:25.872Z,0,20.26,50,OK,0.1
2026-02-19T09:58:25.923Z,0,20.29,50,OK,0.1
2026-02-19T09:58:25.974Z,0,20.34,50,OK,0.1
2026-02-19T09:58:26.024Z,0,20.51,50,OK,0.1
2026-02-19T09:58:26.075Z,0,20.56,50,OK,0.1
2026-02-19T09:58:26.126Z,0,20.52,50,OK,0.1
2026-02-19T09:58:26.176Z,0,20.58,50,OK,0.1
2026-02-19T09:58:26.226Z,0,20.53,50,OK,0.1
2026-02-19T09:58:26.276Z,0,20.56,50,OK,0.1
2026-02-19T09:58:26.326Z,0,20.39,50,OK,0.1
2026-02-19T09:58:26.376Z,0,20.25,50,OK,0.1
2026-02-19T09:58:26.426Z,0,20.18,50,OK,0.1
2026-02-19T09:58:26.476Z,0,20.21,50,OK,0.1
2026-02-19T09:58:26.527Z,0,20.13,50,OK,0.1
2026-02-19T09:58:26.578Z,0,20.09,50,OK,0.1
2026-02-19T09:58:26.628Z,0,20.20,50,OK,0.1
2026-02-19T09:58:26.678Z,0,20.28,50,OK,0.1
2026-02-19T09:58:26.729Z,0,20.19,50,OK,0.1
2026-02-19T09:58:26.780Z,0,20.25,50,OK,0.1
2026-02-19T09:58:26.831Z,0,20.38,50,OK,0.1
2026-02-19T09:58:26.881Z,0,20.26,50,OK,0.1
2026-02-19T09:58:26.931Z,0,20.21,50,OK,0.1
2026-02-19T09:58:26.982Z,0,20.09,50,OK,0.1
2026-02-19T09:58:27.032Z,0,20.04,50,OK,0.1
2026-02-19T09:58:27.083Z,0,20.15,50,OK,0.1
2026-02-19T09:58:27.133Z,0,20.28,50,OK,0.1
2026-02-19T09:58:27.183Z,0,20.12,50,OK,0.1
2026-02-19T09:58:27.233Z,0,20.25,50,OK,0.1
2026-02-19T09:58:27.283Z,0,20.10,50,OK,0.1
2026-02-19T09:58:27.333Z,0,19.99,50,OK,0.1
2026-02-19T09:58:27.383Z,0,20.05,50,OK,0.1
2026-02-19T09:58:27.434Z,0,20.18,50,OK,0.1
2026-02-19T09:58:27.484Z,0,20.20,50,OK,0.1
2026-02-19T09:58:27.534Z,0,20.35,50,OK,0.1
2026-02-19T09:58:27.585Z,0,20.35,50,OK,0.1
2026-02-19T09:58:27.635Z,0,20.29,50,OK,0.1
2026-02-19T09:58:27.685Z,0,20.29,50,OK,0.1
2026-02-19T09:58:27.735Z,0,20.27,50,OK,0.1
2026-02-19T09:58:27.785Z,0,20.26,50,OK,0.1
2026-02-19T09:58:27.835Z,0,20.30,50,OK,0.1
2026-02-19T09:58:27.885Z,0,20.15,50,OK,0.1
2026-02-19T09:58:27.935Z,0,20.14,50,OK,0.1
2026-02-19T09:58:27.985Z,0,20.11,50,OK,0.1
2026-02-19T09:58:28.035Z,0,20.11,50,OK,0.1
2026-02-19T09:58:28.086Z,0,20.14,50,OK,0.1
2026-02-19T09:58:28.136Z,0,20.27,50,OK,0.1
2026-02-19T09:58:28.187Z,0,20.27,50,OK,0.1
2026-02-19T09:58:28.238Z,0,20.28,50,OK,0.1
2026-02-19T09:58:28.288Z,0,20.29,50,OK,0.1
2026-02-19T09:58:28.338Z,0,20.22,50,OK,0.1
2026-02-19T09:58:28.389Z,0,20.19,50,OK,0.1
2026-02-19T09:58:28.439Z,0,20.24,50,OK,0.1
2026-02-19T09:58:28.490Z,0,20.23,50,OK,0.1
2026-02-19T09:58:28.541Z,0,20.26,50,OK,0.1
2026-02-19T09:58:28.591Z,0,20.28,50,OK,0.1
2026-02-19T09:58:28.642Z,0,20.37,50,OK,0.1
2026-02-19T09:58:28.692Z,0,20.30,50,OK,0.1
2026-02-19T09:58:28.742Z,0,20.36,50,OK,0.1
2026-02-19T09:58:28.792Z,0,20.37,50,OK,0.1
2026-02-19T09:58:28.842Z,0,20.37,50,OK,0.1
2026-02-19T09:58:28.893Z,0,20.29,50,OK,0.1
2026-02-19T09:58:28.944Z,0,20.32,50,OK,0.1
2026-02-19T09:58:28.994Z,0,20.21,50,OK,0.1
2026-02-19T09:58:29.044Z,0,20.16,50,OK,0.1
2026-02-19T09:58:29.094Z,0,20.20,50,OK,0.1
2026-02-19T09:58:29.144Z,0,20.28,50,OK,0.1
2026-02-19T09:58:29.194Z,0,20.33,50,OK,0.1
2026-02-19T09:58:29.244Z,0,20.44,50,OK,0.1
2026-02-19T09:58:29.294Z,0,20.48,50,OK,0.1
2026-02-19T09:58:29.344Z,0,20.47,50,OK,0.1
2026-02-19T09:58:29.394Z,0,20.53,50,OK,0.1
2026-02-19T09:58:29.444Z,0,20.45,50,OK,0.1
2026-02-19T09:58:29.495Z,0,20.49,50,OK,0.1
2026-02-19T09:58:29.545Z,0,20.52,50,OK,0.1
2026-02-19T09:58:29.596Z,0,20.55,50,OK,0.1
2026-02-19T09:58:29.646Z,0,20.45,50,OK,0.1
2026-02-19T09:58:29.696Z,0,20.33,50,OK,0.1
2026-02-19T09:58:29.746Z,0,20.28,50,OK,0.1
2026-02-19T09:58:29.797Z,0,20.13,50,OK,0.1
2026-02-19T09:58:29.847Z,0,20.07,50,OK,0.1
2026-02-19T09:58:29.897Z,0,20.09,50,OK,0.1
2026-02-19T09:58:29.947Z,0,20.23,50,OK,0.1
2026-02-19T09:58:29.998Z,0,20.22,50,OK,0.1
2026-02-19T09:58:30.048Z,0,20.31,50,OK,0.1
2026-02-19T09:58:30.098Z,0,20.31,50,OK,0.1
2026-02-19T09:58:30.148Z,0,20.29,50,OK,0.1
2026-02-19T09:58:30.198Z,0,20.27,50,OK,0.1
2026-02-19T09:58:30.248Z,0,20.25,50,OK,0.1
2026-02-19T09:58:30.298Z,0,20.21,50,OK,0.1
2026-02-19T09:58:30.349Z,0,20.18,50,OK,0.1
2026-02-19T09:58:30.399Z,0,20.19,50,OK,0.1
2026-02-19T09:58:30.449Z,0,20.23,50,OK,0.1
2026-02-19T09:58:30.499Z,0,20.26,50,OK,0.1
2026-02-19T09:58:30.550Z,0,20.30,50,OK,0.1
2026-02-19T09:58:30.600Z,0,20.36,50,OK,0.1
2026-02-19T09:58:30.650Z,0,20.35,50,OK,0.1
2026-02-19T09:58:30.700Z,0,20.40,50,OK,0.1
2026-02-19T09:58:30.750Z,0,20.38,50,OK,0.1
2026-02-19T09:58:30.800Z,0,20.43,50,OK,0.1
2026-02-19T09:58:30.851Z,0,20.41,50,OK,0.1
2026-02-19T09:58:30.902Z,0,20.35,50,OK,0.1
2026-02-19T09:58:30.952Z,0,20.33,50,OK,0.1
2026-02-19T09:58:31.003Z,0,20.38,50,OK,0.1
2026-02-19T09:58:31.053Z,0,20.32,50,OK,0.1
2026-02-19T09:58:31.103Z,0,20.26,50,OK,0.1
2026-02-19T09:58:31.154Z,0,20.33,50,OK,0.1
2026-02-19T09:58:31.205Z,0,20.25,50,OK,0.1
2026-02-19T09:58:31.256Z,0,20.20,50,OK,0.1
2026-02-19T09:58:31.306Z,0,20.11,50,OK,0.1
2026-02-19T09:58:31.356Z,0,20.15,50,OK,0.1
2026-02-19T09:58:31.407Z,0,20.07,50,OK,0.1
2026-02-19T09:58:31.457Z,0,20.12,50,OK,0.1
2026-02-19T09:58:31.507Z,0,20.17,50,OK,0.1
2026-02-19T09:58:31.557Z,0,20.28,50,OK,0.1
2026-02-19T09:58:31.607Z,0,20.31,50,OK,0.1
2026-02-19T09:58:31.657Z,0,20.38,50,OK,0.1
2026-02-19T09:58:31.708Z,0,20.44,50,OK,0.1
2026-02-19T09:58:31.758Z,0,20.40,50,OK,0.1
2026-02-19T09:58:31.808Z,0,20.44,50,OK,0.1
2026-02-19T09:58:31.859Z,0,20.48,50,OK,0.1
2026-02-19T09:58:31.909Z,0,20.48,50,OK,0.1
2026-02-19T09:58:31.960Z,0,20.42,50,OK,0.1
2026-02-19T09:58:32.010Z,0,20.23,50,OK,0.1
2026-02-19T09:58:32.060Z,0,20.19,50,OK,0.1
2026-02-19T09:58:32.111Z,0,20.11,50,OK,0.1
2026-02-19T09:58:32.161Z,0,20.09,50,OK,0.1
2026-02-19T09:58:32.211Z,0,20.12,50,OK,0.1
2026-02-19T09:58:32.261Z,0,20.36,50,OK,0.1
2026-02-19T09:58:32.311Z,0,20.33,50,OK,0.1
2026-02-19T09:58:32.361Z,0,20.34,50,OK,0.1
2026-02-19T09:58:32.411Z,0,20.35,50,OK,0.1
2026-02-19T09:58:32.461Z,0,20.31,50,OK,0.1
2026-02-19T09:58:32.512Z,0,20.30,50,OK,0.1
2026-02-19T09:58:32.562Z,0,20.34,50,OK,0.1
2026-02-19T09:58:32.613Z,0,20.28,50,OK,0.1
2026-02-19T09:58:32.664Z,0,20.32,50,OK,0.1
2026-02-19T09:58:32.714Z,0,20.42,50,OK,0.1
2026-02-19T09:58:32.765Z,0,20.38,50,OK,0.1
2026-02-19T09:58:32.815Z,0,20.28,50,OK,0.1
2026-02-19T09:58:32.866Z,0,20.33,50,OK,0.1
2026-02-19T09:58:32.916Z,0,20.32,50,OK,0.1
2026-02-19T09:58:32.966Z,0,20.24,50,OK,0.1
2026-02-19T09:58:33.016Z,0,20.27,50,OK,0.1
2026-02-19T09:58:33.066Z,0,20.32,50,OK,0.1
2026-02-19T09:58:33.116Z,0,20.34,50,OK,0.1
2026-02-19T09:58:33.167Z,0,20.30,50,OK,0.1
2026-02-19T09:58:33.218Z,0,20.30,50,OK,0.1
2026-02-19T09:58:33.269Z,0,20.29,50,OK,0.1
2026-02-19T09:58:33.319Z,0,20.32,50,OK,0.1
2026-02-19T09:58:33.370Z,0,20.31,50,OK,0.1
2026-02-19T09:58:33.421Z,0,20.32,50,OK,0.1
2026-02-19T09:58:33.471Z,0,20.29,50,OK,0.1
2026-02-19T09:58:33.521Z,0,20.29,50,OK,0.1
2026-02-19T09:58:33.571Z,0,20.26,50,OK,0.1
2026-02-19T09:58:33.622Z,0,20.28,50,OK,0.1
2026-02-19T09:58:33.673Z,0,20.30,50,OK,0.1
2026-02-19T09:58:33.723Z,0,20.36,50,OK,0.1
2026-02-19T09:58:33.773Z,0,20.38,50,OK,0.1
2026-02-19T09:58:33.823Z,0,20.44,50,OK,0.1
2026-02-19T09:58:33.873Z,0,20.43,50,OK,0.1
2026-02-19T09:58:33.923Z,0,20.42,50,OK,0.1
2026-02-19T09:58:33.973Z,0,20.40,50,OK,0.1
2026-02-19T09:58:34.023Z,0,20.38,50,OK,0.1
2026-02-19T09:58:34.073Z,0,20.24,50,OK,0.1
2026-02-19T09:58:34.124Z,0,20.24,50,OK,0.1
2026-02-19T09:58:34.174Z,0,20.23,50,OK,0.1
2026-02-19T09:58:34.225Z,0,20.21,50,OK,0.1
2026-02-19T09:58:34.275Z,0,20.25,50,OK,0.1
2026-02-19T09:58:34.325Z,0,20.35,50,OK,0.1
2026-02-19T09:58:34.377Z,0,20.35,50,OK,0.1
2026-02-19T09:58:34.426Z,0,20.34,50,OK,0.1
2026-02-19T09:58:34.477Z,0,20.36,50,OK,0.1
2026-02-19T09:58:34.527Z,0,20.34,50,OK,0.1
2026-02-19T09:58:34.577Z,0,20.35,50,OK,0.1
2026-02-19T09:58:34.627Z,0,20.34,50,OK,0.1
2026-02-19T09:58:34.678Z,0,20.37,50,OK,0.1
2026-02-19T09:58:34.729Z,0,20.35,50,OK,0.1
2026-02-19T09:58:34.780Z,0,20.35,50,OK,0.1
2026-02-19T09:58:34.830Z,0,20.34,50,OK,0.1
2026-02-19T09:58:34.881Z,0,20.32,50,OK,0.1
2026-02-19T09:58:34.932Z,0,20.31,50,OK,0.1
2026-02-19T09:58:34.982Z,0,20.30,50,OK,0.1
2026-02-19T09:58:35.032Z,0,20.28,50,OK,0.1
2026-02-19T09:58:35.083Z,0,20.28,50,OK,0.1
2026-02-19T09:58:35.133Z,0,20.33,50,OK,0.1
2026-02-19T09:58:35.183Z,0,20.33,50,OK,0.1
2026-02-19T09:58:35.233Z,0,20.32,50,OK,0.1
2026-02-19T09:58:35.283Z,0,20.34,50,OK,0.1
2026-02-19T09:58:35.334Z,0,20.32,50,OK,0.1
2026-02-19T09:58:35.384Z,0,20.30,50,OK,0.1
2026-02-19T09:58:35.434Z,0,20.27,50,OK,0.1
2026-02-19T09:58:35.486Z,0,20.29,50,OK,0.1
2026-02-19T09:58:35.536Z,0,20.28,50,OK,0.1
2026-02-19T09:58:35.586Z,0,20.28,50,OK,0.1
2026-02-19T09:58:35.636Z,0,20.28,50,OK,0.1
2026-02-19T09:58:35.686Z,0,20.28,50,OK,0.1
2026-02-19T09:58:35.737Z,0,20.29,50,OK,0.1
2026-02-19T09:58:35.788Z,0,20.27,50,OK,0.1
2026-02-19T09:58:35.838Z,0,20.28,50,OK,0.1
2026-02-19T09:58:35.889Z,0,20.29,50,OK,0.1
2026-02-19T09:58:35.939Z,0,20.30,50,OK,0.1
2026-02-19T09:58:35.990Z,0,20.31,50,OK,0.1
2026-02-19T09:58:36.040Z,0,20.34,50,OK,0.1
2026-02-19T09:58:36.090Z,0,20.34,50,OK,0.1
2026-02-19T09:58:36.140Z,0,20.34,50,OK,0.1
2026-02-19T09:58:36.191Z,0,20.36,50,OK,0.1
2026-02-19T09:58:36.241Z,0,20.36,50,OK,0.1
2026-02-19T09:58:36.291Z,0,20.34,50,OK,0.1
2026-02-19T09:58:36.342Z,0,20.35,50,OK,0.1
2026-02-19T09:58:36.392Z,0,20.33,50,OK,0.1
2026-02-19T09:58:36.442Z,0,20.30,50,OK,0.1
2026-02-19T09:58:36.491Z,0,20.26,50,OK,0.1
2026-02-19T09:58:36.543Z,0,20.26,50,OK,0.1
2026-02-19T09:58:36.593Z,0,20.25,50,OK,0.1
2026-02-19T09:58:36.643Z,0,20.25,50,OK,0.1
2026-02-19T09:58:36.693Z,0,20.27,50,OK,0.1
2026-02-19T09:58:36.743Z,0,20.31,50,OK,0.1
2026-02-19T09:58:36.793Z,0,20.36,50,OK,0.1
2026-02-19T09:58:36.844Z,0,20.34,50,OK,0.1
2026-02-19T09:58:36.894Z,0,20.34,50,OK,0.1
2026-02-19T09:58:36.945Z,0,20.35,50,OK,0.1
2026-02-19T09:58:36.996Z,0,20.33,50,OK,0.1
2026-02-19T09:58:37.046Z,0,20.28,50,OK,0.1
2026-02-19T09:58:37.096Z,0,20.26,50,OK,0.1
2026-02-19T09:58:37.145Z,0,20.27,50,OK,0.1
2026-02-19T09:58:37.196Z,0,20.25,50,OK,0.1
2026-02-19T09:58:37.246Z,0,20.05,50,OK,0.1
2026-02-19T09:58:37.297Z,0,20.00,50,OK,0.1
2026-02-19T09:58:37.347Z,0,20.02,50,OK,0.1
2026-02-19T09:58:37.397Z,0,20.00,50,OK,0.1
2026-02-19T09:58:37.447Z,0,19.97,50,OK,0.1
2026-02-19T09:58:37.498Z,0,20.18,50,OK,0.1
2026-02-19T09:58:37.548Z,0,20.23,50,OK,0.1
2026-02-19T09:58:37.598Z,0,20.25,50,OK,0.1
2026-02-19T09:58:37.649Z,0,20.26,50,OK,0.1
2026-02-19T09:58:37.699Z,0,20.29,50,OK,0.1
2026-02-19T09:58:37.747Z,0,20.26,50,OK,0.1
2026-02-19T09:58:37.797Z,0,20.25,50,OK,0.1
2026-02-19T09:58:37.848Z,0,20.24,50,OK,0.1
2026-02-19T09:58:37.899Z,0,20.25,50,OK,0.1
2026-02-19T09:58:37.950Z,0,20.26,50,OK,0.1
2026-02-19T09:58:38.000Z,0,20.29,50,OK,0.1
2026-02-19T09:58:38.051Z,0,20.31,50,OK,0.1
2026-02-19T09:58:38.101Z,0,20.31,50,OK,0.1
2026-02-19T09:58:38.151Z,0,20.33,50,OK,0.1
2026-02-19T09:58:38.201Z,0,20.34,50,OK,0.1
2026-02-19T09:58:38.251Z,0,20.37,50,OK,0.1
2026-02-19T09:58:38.300Z,0,20.35,50,OK,0.1
2026-02-19T09:58:38.351Z,0,20.33,50,OK,0.1
2026-02-19T09:58:38.402Z,0,20.36,50,OK,0.1
2026-02-19T09:58:38.451Z,0,20.33,50,OK,0.1
2026-02-19T09:58:38.502Z,0,20.31,50,OK,0.1
2026-02-19T09:58:38.553Z,0,20.33,50,OK,0.1
2026-02-19T09:58:38.602Z,0,20.22,50,OK,0.1
2026-02-19T09:58:38.653Z,0,20.20,50,OK,0.1
2026-02-19T09:58:38.702Z,0,20.22,50,OK,0.1
2026-02-19T09:58:38.753Z,0,20.25,50,OK,0.1
2026-02-19T09:58:38.803Z,0,20.27,50,OK,0.1
2026-02-19T09:58:38.853Z,0,20.41,50,OK,0.1
2026-02-19T09:58:38.903Z,0,20.40,50,OK,0.1
2026-02-19T09:58:38.953Z,0,20.41,50,OK,0.1
2026-02-19T09:58:39.003Z,0,20.37,50,OK,0.1
2026-02-19T09:58:39.053Z,0,20.39,50,OK,0.1
2026-02-19T09:58:39.103Z,0,20.38,50,OK,0.1
2026-02-19T09:58:39.153Z,0,20.38,50,OK,0.1
2026-02-19T09:58:39.203Z,0,20.37,50,OK,0.1
2026-02-19T09:58:39.254Z,0,20.38,50,OK,0.1
2026-02-19T09:58:39.304Z,0,20.38,50,OK,0.1
2026-02-19T09:58:39.354Z,0,20.37,50,OK,0.1
2026-02-19T09:58:39.404Z,0,20.38,50,OK,0.1
2026-02-19T09:58:39.455Z,0,20.36,50,OK,0.1
2026-02-19T09:58:39.505Z,0,20.37,50,OK,0.1
2026-02-19T09:58:39.556Z,0,20.31,50,OK,0.1
2026-02-19T09:58:39.606Z,0,20.30,50,OK,0.1
2026-02-19T09:58:39.656Z,0,20.32,50,OK,0.1
2026-02-19T09:58:39.706Z,0,20.33,50,OK,0.1
2026-02-19T09:58:39.757Z,0,20.28,50,OK,0.1
2026-02-19T09:58:39.807Z,0,20.30,50,OK,0.1
2026-02-19T09:58:39.857Z,0,20.30,50,OK,0.1
2026-02-19T09:58:39.908Z,0,20.19,50,OK,0.1
2026-02-19T09:58:39.958Z,0,20.18,50,OK,0.1
2026-02-19T09:58:40.008Z,0,20.24,50,OK,0.1
2026-02-19T09:58:40.059Z,0,20.26,50,OK,0.1
2026-02-19T09:58:40.109Z,0,20.27,50,OK,0.1
2026-02-19T09:58:40.160Z,0,20.35,50,OK,0.1
2026-02-19T09:58:40.209Z,0,20.36,50,OK,0.1
2026-02-19T09:58:40.259Z,0,20.30,50,OK,0.1
2026-02-19T09:58:40.310Z,0,20.27,50,OK,0.1
2026-02-19T09:58:40.360Z,0,20.25,50,OK,0.1
2026-02-19T09:58:40.410Z,0,20.24,50,OK,0.1
2026-02-19T09:58:40.461Z,0,20.33,50,OK,0.1
2026-02-19T09:58:40.511Z,0,20.33,50,OK,0.1
2026-02-19T09:58:40.562Z,0,20.34,50,OK,0.1
2026-02-19T09:58:40.612Z,0,20.41,50,OK,0.1
2026-02-19T09:58:40.663Z,0,20.42,50,OK,0.1
2026-02-19T09:58:40.713Z,0,20.33,50,OK,0.1
2026-02-19T09:58:40.764Z,0,20.37,50,OK,0.1
2026-02-19T09:58:40.815Z,0,20.38,50,OK,0.1
2026-02-19T09:58:40.866Z,0,20.34,50,OK,0.1
2026-02-19T09:58:40.916Z,0,20.33,50,OK,0.1
2026-02-19T09:58:40.967Z,0,20.34,50,OK,0.1
2026-02-19T09:58:41.018Z,0,20.34,50,OK,0.1
2026-02-19T09:58:41.068Z,0,20.34,50,OK,0.1
2026-02-19T09:58:41.119Z,0,20.33,50,OK,0.1
2026-02-19T09:58:41.169Z,0,20.33,50,OK,0.1
2026-02-19T09:58:41.220Z,0,20.34,50,OK,0.1
2026-02-19T09:58:41.270Z,0,20.24,50,OK,0.1
2026-02-19T09:58:41.320Z,0,20.21,50,OK,0.1
2026-02-19T09:58:41.371Z,0,20.21,50,OK,0.1
2026-02-19T09:58:41.421Z,0,20.06,50,OK,0.1
2026-02-19T09:58:41.471Z,0,20.06,50,OK,0.1
2026-02-19T09:58:41.521Z,0,19.97,50,OK,0.1
2026-02-19T09:58:41.571Z,0,19.99,50,OK,0.1
2026-02-19T09:58:41.621Z,0,19.98,50,OK,0.1
2026-02-19T09:58:41.671Z,0,20.12,50,OK,0.1
2026-02-19T09:58:41.721Z,0,20.04,50,OK,0.1
2026-02-19T09:58:41.772Z,0,20.24,50,OK,0.1
2026-02-19T09:58:41.822Z,0,20.11,50,OK,0.1
2026-02-19T09:58:41.872Z,0,20.09,50,OK,0.1
2026-02-19T09:58:41.924Z,0,20.18,50,OK,0.1
2026-02-19T09:58:41.974Z,0,20.26,50,OK,0.1
2026-02-19T09:58:42.024Z,0,20.23,50,OK,0.1
2026-02-19T09:58:42.075Z,0,20.18,50,OK,0.1
2026-02-19T09:58:42.125Z,0,20.10,50,OK,0.1
2026-02-19T09:58:42.176Z,0,20.03,50,OK,0.1
2026-02-19T09:58:42.226Z,0,19.86,50,OK,0.1
2026-02-19T09:58:42.276Z,0,19.87,50,OK,0.1
2026-02-19T09:58:42.327Z,0,19.99,50,OK,0.1
2026-02-19T09:58:42.377Z,0,20.09,50,OK,0.1
2026-02-19T09:58:42.427Z,0,20.05,50,OK,0.1
2026-02-19T09:58:42.477Z,0,20.20,50,OK,0.1
2026-02-19T09:58:42.527Z,0,20.32,50,OK,0.1
2026-02-19T09:58:42.578Z,0,20.39,50,OK,0.1
2026-02-19T09:58:42.628Z,0,20.44,50,OK,0.1
2026-02-19T09:58:42.679Z,0,20.47,50,OK,0.1
2026-02-19T09:58:42.729Z,0,20.41,50,OK,0.1
2026-02-19T09:58:42.779Z,0,20.27,50,OK,0.1
2026-02-19T09:58:42.829Z,0,20.28,50,OK,0.1
2026-02-19T09:58:42.878Z,0,20.23,50,OK,0.1
2026-02-19T09:58:42.929Z,0,20.24,50,OK,0.1
2026-02-19T09:58:42.979Z,0,20.30,50,OK,0.1
2026-02-19T09:58:43.030Z,0,20.32,50,OK,0.1
2026-02-19T09:58:43.081Z,0,20.28,50,OK,0.1
2026-02-19T09:58:43.131Z,0,20.21,50,OK,0.1
2026-02-19T09:58:43.181Z,0,20.19,50,OK,0.1
2026-02-19T09:58:43.231Z,0,20.09,50,OK,0.1
2026-02-19T09:58:43.281Z,0,20.12,50,OK,0.1
2026-02-19T09:58:43.332Z,0,20.14,50,OK,0.1
2026-02-19T09:58:43.382Z,0,20.19,50,OK,0.1
2026-02-19T09:58:43.432Z,0,20.19,50,OK,0.1
2026-02-19T09:58:43.483Z,0,20.26,50,OK,0.1
2026-02-19T09:58:43.534Z,0,20.14,50,OK,0.1
2026-02-19T09:58:43.584Z,0,20.11,50,OK,0.1
2026-02-19T09:58:43.634Z,0,20.16,50,OK,0.1
2026-02-19T09:58:43.684Z,0,20.14,50,OK,0.1
2026-02-19T09:58:43.735Z,0,20.17,50,OK,0.1
2026-02-19T09:58:43.785Z,0,20.23,50,OK,0.1
2026-02-19T09:58:43.835Z,0,20.28,50,OK,0.1
2026-02-19T09:58:43.885Z,0,20.24,50,OK,0.1
2026-02-19T09:58:43.935Z,0,20.30,50,OK,0.1
2026-02-19T09:58:43.985Z,0,20.27,50,OK,0.1
2026-02-19T09:58:44.036Z,0,20.29,50,OK,0.1
2026-02-19T09:58:44.086Z,0,20.26,50,OK,0.1
2026-02-19T09:58:44.136Z,0,20.26,50,OK,0.1
2026-02-19T09:58:44.186Z,0,20.21,50,OK,0.1
2026-02-19T09:58:44.236Z,0,20.24,50,OK,0.1
2026-02-19T09:58:44.287Z,0,20.21,50,OK,0.1
2026-02-19T09:58:44.337Z,0,20.12,50,OK,0.1
2026-02-19T09:58:44.388Z,0,20.11,50,OK,0.1
2026-02-19T09:58:44.438Z,0,20.14,50,OK,0.1
2026-02-19T09:58:44.488Z,0,20.12,50,OK,0.1
2026-02-19T09:58:44.538Z,0,20.13,50,OK,0.1
2026-02-19T09:58:44.588Z,0,20.22,50,OK,0.1
2026-02-19T09:58:44.638Z,0,20.24,50,OK,0.1
2026-02-19T09:58:44.689Z,0,20.23,50,OK,0.1
2026-02-19T09:58:44.739Z,0,20.23,50,OK,0.1
2026-02-19T09:58:44.789Z,0,20.26,50,OK,0.1
2026-02-19T09:58:44.839Z,0,20.08,50,OK,0.1
2026-02-19T09:58:44.890Z,0,20.05,50,OK,0.1
2026-02-19T09:58:44.940Z,0,20.08,50,OK,0.1
2026-02-19T09:58:44.990Z,0,20.07,50,OK,0.1
2026-02-19T09:58:45.040Z,0,20.05,50,OK,0.1
2026-02-19T09:58:45.090Z,0,20.23,50,OK,0.1
2026-02-19T09:58:45.140Z,0,20.25,50,OK,0.1
2026-02-19T09:58:45.190Z,0,20.22,50,OK,0.1
2026-02-19T09:58:45.241Z,0,20.26,50,OK,0.1
2026-02-19T09:58:45.291Z,0,20.28,50,OK,0.1
2026-02-19T09:58:45.342Z,0,20.31,50,OK,0.1
2026-02-19T09:58:45.392Z,0,20.29,50,OK,0.1
2026-02-19T09:58:45.443Z,0,20.38,50,OK,0.1
2026-02-19T09:58:45.493Z,0,20.39,50,OK,0.1
2026-02-19T09:58:45.543Z,0,20.19,50,OK,0.1
2026-02-19T09:58:45.593Z,0,20.16,50,OK,0.1
2026-02-19T09:58:45.643Z,0,20.19,50,OK,0.1
2026-02-19T09:58:45.693Z,0,20.10,50,OK,0.1
2026-02-19T09:58:45.744Z,0,19.93,50,OK,0.1
2026-02-19T09:58:45.794Z,0,20.09,50,OK,0.1
2026-02-19T09:58:45.844Z,0,19.97,50,OK,0.1
2026-02-19T09:58:45.894Z,0,19.97,50,OK,0.1
2026-02-19T09:58:45.945Z,0,20.07,50,OK,0.1
2026-02-19T09:58:45.995Z,0,20.21,50,OK,0.1
2026-02-19T09:58:46.045Z,0,20.29,50,OK,0.1
2026-02-19T09:58:46.096Z,0,20.43,50,OK,0.1
2026-02-19T09:58:46.147Z,0,20.50,50,OK,0.1
2026-02-19T09:58:46.198Z,0,20.43,50,OK,0.1
2026-02-19T09:58:46.248Z,0,20.56,50,OK,0.1
2026-02-19T09:58:46.298Z,0,20.50,50,OK,0.1
2026-02-19T09:58:46.348Z,0,20.60,50,OK,0.1
2026-02-19T09:58:46.398Z,0,20.52,50,OK,0.1
2026-02-19T09:58:46.448Z,0,20.50,50,OK,0.1
2026-02-19T09:58:46.498Z,0,20.38,50,OK,0.1
2026-02-19T09:58:46.548Z,0,20.41,50,OK,0.1
2026-02-19T09:58:46.598Z,0,20.31,50,OK,0.1
2026-02-19T09:58:46.649Z,0,20.32,50,OK,0.1
2026-02-19T09:58:46.699Z,0,20.32,50,OK,0.1
2026-02-19T09:58:46.750Z,0,20.35,50,OK,0.1
2026-02-19T09:58:46.801Z,0,20.29,50,OK,0.1
2026-02-19T09:58:46.852Z,0,20.34,50,OK,0.1
2026-02-19T09:58:46.902Z,0,20.32,50,OK,0.1
2026-02-19T09:58:46.952Z,0,20.28,50,OK,0.1
2026-02-19T09:58:47.002Z,0,20.29,50,OK,0.1
2026-02-19T09:58:47.052Z,0,20.25,50,OK,0.1
2026-02-19T09:58:47.103Z,0,20.26,50,OK,0.1
2026-02-19T09:58:47.152Z,0,20.20,50,OK,0.1
2026-02-19T09:58:47.203Z,0,20.28,50,OK,0.1
2026-02-19T09:58:47.253Z,0,20.16,50,OK,0.1
2026-02-19T09:58:47.304Z,0,20.20,50,OK,0.1
2026-02-19T09:58:47.354Z,0,20.21,50,OK,0.1
2026-02-19T09:58:47.404Z,0,20.25,50,OK,0.1
2026-02-19T09:58:47.455Z,0,20.27,50,OK,0.1
2026-02-19T09:58:47.506Z,0,20.36,50,OK,0.1
2026-02-19T09:58:47.557Z,0,20.43,50,OK,0.1
2026-02-19T09:58:47.607Z,0,20.38,50,OK,0.1
2026-02-19T09:58:47.658Z,0,20.43,50,OK,0.1
2026-02-19T09:58:47.708Z,0,20.39,50,OK,0.1
2026-02-19T09:58:47.758Z,0,20.35,50,OK,0.1
2026-02-19T09:58:47.809Z,0,20.32,50,OK,0.1
2026-02-19T09:58:47.858Z,0,20.26,50,OK,0.1
2026-02-19T09:58:47.909Z,0,20.20,50,OK,0.1
2026-02-19T09:58:47.959Z,0,20.22,50,OK,0.1
2026-02-19T09:58:48.010Z,0,20.29,50,OK,0.1
2026-02-19T09:58:48.060Z,0,20.36,50,OK,0.1
2026-02-19T09:58:48.111Z,0,20.39,50,OK,0.1
2026-02-19T09:58:48.162Z,0,20.34,50,OK,0.1
2026-02-19T09:58:48.213Z,0,20.34,50,OK,0.1
2026-02-19T09:58:48.263Z,0,20.45,50,OK,0.1
2026-02-19T09:58:48.313Z,0,20.32,50,OK,0.1
2026-02-19T09:58:48.363Z,0,20.41,50,OK,0.1
2026-02-19T09:58:48.413Z,0,20.49,50,OK,0.1
2026-02-19T09:58:48.463Z,0,20.51,50,OK,0.1
2026-02-19T09:58:48.513Z,0,20.40,50,OK,0.1
2026-02-19T09:58:48.564Z,0,20.27,50,OK,0.1
2026-02-19T09:58:48.614Z,0,20.18,50,OK,0.1
2026-02-19T09:58:48.665Z,0,20.26,50,OK,0.1
2026-02-19T09:58:48.715Z,0,20.24,50,OK,0.1
2026-02-19T09:58:48.766Z,0,20.42,50,OK,0.1
2026-02-19T09:58:48.816Z,0,20.56,50,OK,0.1
2026-02-19T09:58:48.866Z,0,20.57,50,OK,0.1
2026-02-19T09:58:48.917Z,0,20.46,50,OK,0.1
2026-02-19T09:58:48.968Z,0,20.45,50,OK,0.1
2026-02-19T09:58:49.018Z,0,20.27,50,OK,0.1
2026-02-19T09:58:49.068Z,0,20.29,50,OK,0.1
2026-02-19T09:58:49.117Z,0,20.28,50,OK,0.1
2026-02-19T09:58:49.168Z,0,20.27,50,OK,0.1
2026-02-19T09:58:49.218Z,0,20.25,50,OK,0.1
2026-02-19T09:58:49.269Z,0,20.18,50,OK,0.1
2026-02-19T09:58:49.319Z,0,20.15,50,OK,0.1
2026-02-19T09:58:49.370Z,0,20.05,50,OK,0.1
2026-02-19T09:58:49.419Z,0,20.05,50,OK,0.1
2026-02-19T09:58:49.470Z,0,20.11,50,OK,0.1
2026-02-19T09:58:49.520Z,0,20.15,50,OK,0.1
2026-02-19T09:58:49.569Z,0,20.23,50,OK,0.1
2026-02-19T09:58:49.620Z,0,20.32,50,OK,0.1
2026-02-19T09:58:49.669Z,0,20.31,50,OK,0.1
2026-02-19T09:58:49.720Z,0,20.27,50,OK,0.1
2026-02-19T09:58:49.770Z,0,20.18,50,OK,0.1
2026-02-19T09:58:49.820Z,0,20.12,50,OK,0.1
2026-02-19T09:58:49.871Z,0,20.15,50,OK,0.1
2026-02-19T09:58:49.921Z,0,20.20,50,OK,0.1
2026-02-19T09:58:49.971Z,0,20.22,50,OK,0.1
2026-02-19T09:58:50.021Z,0,20.37,50,OK,0.1
2026-02-19T09:58:50.072Z,0,20.28,50,OK,0.1
2026-02-19T09:58:50.121Z,0,20.30,50,OK,0.1
2026-02-19T09:58:50.172Z,0,20.21,50,OK,0.1
2026-02-19T09:58:50.222Z,0,20.22,50,OK,0.1
2026-02-19T09:58:50.273Z,0,20.07,50,OK,0.1
2026-02-19T09:58:50.324Z,0,20.12,50,OK,0.1
2026-02-19T09:58:50.374Z,0,20.09,50,OK,0.1
2026-02-19T09:58:50.424Z,0,20.21,50,OK,0.1
2026-02-19T09:58:50.475Z,0,20.14,50,OK,0.1
2026-02-19T09:58:50.526Z,0,20.26,50,OK,0.1
2026-02-19T09:58:50.577Z,0,20.29,50,OK,0.1
2026-02-19T09:58:50.627Z,0,20.30,50,OK,0.1
2026-02-19T09:58:50.677Z,0,20.17,50,OK,0.1
2026-02-19T09:58:50.727Z,0,20.20,50,OK,0.1
2026-02-19T09:58:50.777Z,0,20.08,50,OK,0.1
2026-02-19T09:58:50.827Z,0,20.07,50,OK,0.1
2026-02-19T09:58:50.877Z,0,20.08,50,OK,0.1
2026-02-19T09:58:50.928Z,0,20.14,50,OK,0.1
2026-02-19T09:58:50.978Z,0,20.07,50,OK,0.1
2026-02-19T09:58:51.028Z,0,20.01,50,OK,0.1
2026-02-19T09:58:51.078Z,0,20.07,50,OK,0.1
2026-02-19T09:58:51.128Z,0,20.07,50,OK,0.1
2026-02-19T09:58:51.178Z,0,20.02,50,OK,0.1
2026-02-19T09:58:51.228Z,0,20.16,50,OK,0.1
2026-02-19T09:58:51.279Z,0,20.38,50,OK,0.1
2026-02-19T09:58:51.329Z,0,20.32,50,OK,0.1
2026-02-19T09:58:51.380Z,0,20.41,50,OK,0.1
2026-02-19T09:58:51.430Z,0,20.42,50,OK,0.1
2026-02-19T09:58:51.480Z,0,20.46,50,OK,0.1
2026-02-19T09:58:51.531Z,0,20.35,50,OK,0.1
2026-02-19T09:58:51.582Z,0,20.37,50,OK,0.1
2026-02-19T09:58:51.632Z,0,20.26,50,OK,0.1
2026-02-19T09:58:51.682Z,0,20.31,50,OK,0.1
2026-02-19T09:58:51.732Z,0,20.19,50,OK,0.1
2026-02-19T09:58:51.782Z,0,20.22,50,OK,0.1
2026-02-19T09:58:51.833Z,0,20.19,50,OK,0.1
2026-02-19T09:58:51.883Z,0,20.18,50,OK,0.1
2026-02-19T09:58:51.933Z,0,20.17,50,OK,0.1
2026-02-19T09:58:51.983Z,0,20.24,50,OK,0.1
2026-02-19T09:58:52.033Z,0,20.30,50,OK,0.1
2026-02-19T09:58:52.083Z,0,20.37,50,OK,0.1
2026-02-19T09:58:52.133Z,0,20.36,50,OK,0.1
2026-02-19T09:58:52.183Z,0,20.39,50,OK,0.1
2026-02-19T09:58:52.233Z,0,20.38,50,OK,0.1
2026-02-19T09:58:52.284Z,0,20.33,50,OK,0.1
2026-02-19T09:58:52.335Z,0,20.29,50,OK,0.1
2026-02-19T09:58:52.385Z,0,20.32,50,OK,0.1
2026-02-19T09:58:52.436Z,0,20.29,50,OK,0.1
2026-02-19T09:58:52.486Z,0,20.28,50,OK,0.1
2026-02-19T09:58:52.536Z,0,20.26,50,OK,0.1
2026-02-19T09:58:52.586Z,0,20.23,50,OK,0.1
2026-02-19T09:58:52.636Z,0,20.22,50,OK,0.1
2026-02-19T09:58:52.686Z,0,20.23,50,OK,0.1
2026-02-19T09:58:52.736Z,0,20.24,50,OK,0.1
2026-02-19T09:58:52.786Z,0,20.26,50,OK,0.1
2026-02-19T09:58:52.836Z,0,20.26,50,OK,0.1
2026-02-19T09:58:52.887Z,0,20.23,50,OK,0.1
