Timestamp,ActiveRequests,Lag_ms,VirtualLimit,Status
2026-02-16T05:42:55.685Z,0,27.40,50,OK
2026-02-16T05:42:55.735Z,0,20.39,50,OK
2026-02-16T05:42:55.786Z,0,20.21,50,OK
2026-02-16T05:42:55.836Z,0,20.35,50,OK
2026-02-16T05:42:55.886Z,0,20.44,50,OK
2026-02-16T05:42:55.936Z,0,19.98,50,OK
2026-02-16T05:42:55.987Z,0,20.49,50,OK
2026-02-16T05:42:56.036Z,0,20.14,50,OK
2026-02-16T05:42:56.087Z,0,20.54,50,OK
2026-02-16T05:42:56.138Z,0,20.32,50,OK
2026-02-16T05:42:56.189Z,0,20.18,50,OK
2026-02-16T05:42:56.238Z,0,20.37,50,OK
2026-02-16T05:42:56.288Z,0,20.11,50,OK
2026-02-16T05:42:56.339Z,0,20.31,50,OK
2026-02-16T05:42:56.389Z,0,20.11,50,OK
2026-02-16T05:42:56.439Z,0,19.72,50,OK
2026-02-16T05:42:56.489Z,0,20.18,50,OK
2026-02-16T05:42:56.540Z,0,20.36,50,OK
2026-02-16T05:42:56.591Z,0,20.39,50,OK
2026-02-16T05:42:56.641Z,0,19.94,50,OK
2026-02-16T05:42:56.692Z,0,20.26,50,OK
2026-02-16T05:42:56.743Z,0,20.16,50,OK
2026-02-16T05:42:56.793Z,0,20.54,50,OK
2026-02-16T05:42:56.843Z,0,20.84,50,OK
2026-02-16T05:42:56.893Z,0,20.52,50,OK
2026-02-16T05:42:56.944Z,0,20.42,50,OK
2026-02-16T05:42:56.995Z,0,20.64,50,OK
2026-02-16T05:42:57.046Z,0,20.52,50,OK
2026-02-16T05:42:57.097Z,0,20.48,50,OK
2026-02-16T05:42:57.147Z,0,20.39,50,OK
2026-02-16T05:42:57.198Z,0,20.41,50,OK
2026-02-16T05:42:57.249Z,0,20.39,50,OK
2026-02-16T05:42:57.300Z,0,20.28,50,OK
2026-02-16T05:42:57.350Z,0,20.36,50,OK
2026-02-16T05:42:57.400Z,0,20.35,50,OK
2026-02-16T05:42:57.450Z,0,20.59,50,OK
2026-02-16T05:42:57.500Z,0,20.31,50,OK
2026-02-16T05:42:57.550Z,0,20.29,50,OK
2026-02-16T05:42:57.600Z,0,20.29,50,OK
2026-02-16T05:42:57.651Z,0,20.23,50,OK
2026-02-16T05:42:57.702Z,0,20.22,50,OK
2026-02-16T05:42:57.752Z,0,20.52,50,OK
2026-02-16T05:42:57.803Z,0,20.40,50,OK
2026-02-16T05:42:57.853Z,0,20.29,50,OK
2026-02-16T05:42:57.903Z,0,20.35,50,OK
2026-02-16T05:42:57.953Z,0,20.19,50,OK
2026-02-16T05:42:58.004Z,0,20.19,50,OK
2026-02-16T05:42:58.054Z,0,20.16,50,OK
2026-02-16T05:42:58.104Z,0,20.19,50,OK
2026-02-16T05:42:58.154Z,0,20.23,50,OK
2026-02-16T05:42:58.205Z,0,20.23,50,OK
2026-02-16T05:42:58.255Z,0,20.24,50,OK
2026-02-16T05:42:58.306Z,0,20.32,50,OK
2026-02-16T05:42:58.356Z,0,20.21,50,OK
2026-02-16T05:42:58.406Z,0,20.25,50,OK
2026-02-16T05:42:58.457Z,0,20.32,50,OK
2026-02-16T05:42:58.507Z,0,20.32,50,OK
2026-02-16T05:42:58.557Z,0,20.39,50,OK
2026-02-16T05:42:58.607Z,0,20.31,50,OK
2026-02-16T05:42:58.658Z,0,20.32,50,OK
2026-02-16T05:42:58.708Z,0,20.18,50,OK
2026-02-16T05:42:58.759Z,0,20.21,50,OK
2026-02-16T05:42:58.808Z,0,20.36,50,OK
2026-02-16T05:42:58.858Z,0,20.50,50,OK
2026-02-16T05:42:58.908Z,0,20.24,50,OK
2026-02-16T05:42:58.959Z,0,20.56,50,OK
2026-02-16T05:42:59.009Z,0,20.16,50,OK
2026-02-16T05:42:59.060Z,0,20.69,50,OK
2026-02-16T05:42:59.109Z,0,20.41,50,OK
2026-02-16T05:42:59.160Z,0,20.69,50,OK
2026-02-16T05:42:59.211Z,0,20.37,50,OK
2026-02-16T05:42:59.261Z,0,20.76,50,OK
2026-02-16T05:42:59.311Z,0,20.39,50,OK
2026-02-16T05:42:59.362Z,0,20.55,50,OK
2026-02-16T05:42:59.413Z,0,20.58,50,OK
2026-02-16T05:42:59.462Z,0,20.57,50,OK
2026-02-16T05:42:59.513Z,0,20.60,50,OK
2026-02-16T05:42:59.562Z,0,20.54,50,OK
2026-02-16T05:42:59.613Z,0,20.46,50,OK
2026-02-16T05:42:59.664Z,0,20.73,50,OK
2026-02-16T05:42:59.714Z,0,20.31,50,OK
2026-02-16T05:42:59.765Z,0,20.52,50,OK
2026-02-16T05:42:59.816Z,0,20.23,50,OK
2026-02-16T05:42:59.866Z,0,19.29,50,OK
2026-02-16T05:42:59.916Z,0,20.32,50,OK
2026-02-16T05:42:59.966Z,0,19.47,50,OK
2026-02-16T05:43:00.016Z,0,20.30,50,OK
2026-02-16T05:43:00.066Z,0,19.59,50,OK
2026-02-16T05:43:00.116Z,0,20.44,50,OK
2026-02-16T05:43:00.166Z,0,20.88,50,OK
2026-02-16T05:43:00.216Z,0,20.44,50,OK
2026-02-16T05:43:00.267Z,0,19.85,50,OK
2026-02-16T05:43:00.317Z,0,20.45,50,OK
2026-02-16T05:43:00.368Z,0,19.98,50,OK
2026-02-16T05:43:00.419Z,0,20.54,50,OK
2026-02-16T05:43:00.470Z,0,19.89,50,OK
2026-02-16T05:43:00.520Z,0,20.41,50,OK
2026-02-16T05:43:00.570Z,0,21.05,50,OK
2026-02-16T05:43:00.621Z,0,20.26,50,OK
2026-02-16T05:43:00.671Z,0,21.12,50,OK
2026-02-16T05:43:00.721Z,0,20.54,50,OK
2026-02-16T05:43:00.772Z,0,20.68,50,OK
2026-02-16T05:43:00.823Z,0,20.41,50,OK
2026-02-16T05:43:00.874Z,0,20.08,50,OK
2026-02-16T05:43:00.925Z,0,20.42,50,OK
2026-02-16T05:43:00.976Z,0,20.37,50,OK
2026-02-16T05:43:01.027Z,0,20.34,50,OK
2026-02-16T05:43:01.076Z,0,20.72,50,OK
2026-02-16T05:43:01.126Z,0,20.34,50,OK
2026-02-16T05:43:01.177Z,0,20.13,50,OK
2026-02-16T05:43:01.226Z,0,20.41,50,OK
2026-02-16T05:43:01.277Z,0,20.32,50,OK
2026-02-16T05:43:01.328Z,0,20.37,50,OK
2026-02-16T05:43:01.379Z,0,20.16,50,OK
2026-02-16T05:43:01.430Z,0,20.42,50,OK
2026-02-16T05:43:01.481Z,0,20.09,50,OK
2026-02-16T05:43:01.532Z,0,20.37,50,OK
2026-02-16T05:43:01.582Z,0,20.03,50,OK
2026-02-16T05:43:01.632Z,0,20.18,50,OK
2026-02-16T05:43:01.683Z,0,20.41,50,OK
2026-02-16T05:43:01.733Z,0,20.54,50,OK
2026-02-16T05:43:01.783Z,0,21.05,50,OK
2026-02-16T05:43:01.834Z,0,20.41,50,OK
2026-02-16T05:43:01.884Z,0,20.88,50,OK
2026-02-16T05:43:01.934Z,0,20.20,50,OK
2026-02-16T05:43:01.985Z,0,20.65,50,OK
2026-02-16T05:43:02.036Z,0,20.21,50,OK
2026-02-16T05:43:02.086Z,0,20.55,50,OK
2026-02-16T05:43:02.136Z,0,20.42,50,OK
2026-02-16T05:43:02.186Z,0,20.95,50,OK
2026-02-16T05:43:02.237Z,0,20.51,50,OK
2026-02-16T05:43:02.288Z,0,19.96,50,OK
2026-02-16T05:43:02.338Z,0,20.37,50,OK
2026-02-16T05:43:02.389Z,0,20.72,50,OK
2026-02-16T05:43:02.440Z,0,20.28,50,OK
2026-02-16T05:43:02.490Z,0,20.95,50,OK
2026-02-16T05:43:02.541Z,0,20.46,50,OK
2026-02-16T05:43:02.592Z,0,20.00,50,OK
2026-02-16T05:43:02.643Z,0,20.42,50,OK
2026-02-16T05:43:02.693Z,0,21.06,50,OK
2026-02-16T05:43:02.744Z,0,20.36,50,OK
2026-02-16T05:43:02.795Z,0,20.16,50,OK
2026-02-16T05:43:02.845Z,0,20.42,50,OK
2026-02-16T05:43:02.895Z,0,20.55,50,OK
2026-02-16T05:43:02.945Z,0,20.37,50,OK
2026-02-16T05:43:02.996Z,0,20.36,50,OK
2026-02-16T05:43:03.046Z,0,20.46,50,OK
2026-02-16T05:43:03.096Z,0,20.42,50,OK
2026-02-16T05:43:03.147Z,0,20.31,50,OK
2026-02-16T05:43:03.198Z,0,20.77,50,OK
2026-02-16T05:43:03.249Z,0,20.55,50,OK
2026-02-16T05:43:03.300Z,0,20.44,50,OK
2026-02-16T05:43:03.351Z,0,20.54,50,OK
2026-02-16T05:43:03.402Z,0,20.03,50,OK
2026-02-16T05:43:03.453Z,0,20.42,50,OK
2026-02-16T05:43:03.503Z,0,20.26,50,OK
2026-02-16T05:43:03.554Z,0,20.37,50,OK
2026-02-16T05:43:03.605Z,0,20.19,50,OK
2026-02-16T05:43:03.655Z,0,20.35,50,OK
2026-02-16T05:43:03.705Z,0,20.16,50,OK
2026-02-16T05:43:03.755Z,0,24.35,50,OK
2026-02-16T05:43:03.806Z,0,20.54,50,OK
2026-02-16T05:43:03.855Z,0,20.50,50,OK
2026-02-16T05:43:03.905Z,0,20.11,50,OK
2026-02-16T05:43:03.956Z,0,20.39,50,OK
2026-02-16T05:43:04.007Z,0,20.16,50,OK
2026-02-16T05:43:04.058Z,0,20.37,50,OK
2026-02-16T05:43:04.109Z,0,20.68,50,OK
2026-02-16T05:43:04.159Z,0,20.23,50,OK
2026-02-16T05:43:04.209Z,0,20.40,50,OK
2026-02-16T05:43:04.260Z,0,20.23,50,OK
2026-02-16T05:43:04.310Z,0,20.54,50,OK
2026-02-16T05:43:04.360Z,0,19.41,50,OK
2026-02-16T05:43:04.410Z,0,20.28,50,OK
2026-02-16T05:43:04.461Z,0,20.23,50,OK
2026-02-16T05:43:04.511Z,0,20.19,50,OK
2026-02-16T05:43:04.561Z,0,20.26,50,OK
2026-02-16T05:43:04.612Z,0,20.32,50,OK
2026-02-16T05:43:04.662Z,0,20.21,50,OK
2026-02-16T05:43:04.713Z,0,20.26,50,OK
2026-02-16T05:43:04.763Z,0,20.23,50,OK
2026-02-16T05:43:04.813Z,0,20.16,50,OK
2026-02-16T05:43:04.863Z,0,20.14,50,OK
2026-02-16T05:43:04.913Z,0,20.31,50,OK
2026-02-16T05:43:04.964Z,0,20.28,50,OK
2026-02-16T05:43:05.014Z,0,20.54,50,OK
2026-02-16T05:43:05.065Z,0,20.39,50,OK
2026-02-16T05:43:05.115Z,0,20.50,50,OK
2026-02-16T05:43:05.166Z,0,20.41,50,OK
2026-02-16T05:43:05.217Z,0,20.52,50,OK
2026-02-16T05:43:05.267Z,0,20.39,50,OK
2026-02-16T05:43:05.317Z,0,20.54,50,OK
2026-02-16T05:43:05.367Z,0,20.32,50,OK
2026-02-16T05:43:05.417Z,0,20.24,50,OK
2026-02-16T05:43:05.467Z,0,20.25,50,OK
2026-02-16T05:43:05.518Z,0,20.39,50,OK
2026-02-16T05:43:05.569Z,0,20.20,50,OK
2026-02-16T05:43:05.619Z,0,20.14,50,OK
2026-02-16T05:43:05.670Z,0,20.23,50,OK
2026-02-16T05:43:05.720Z,0,20.26,50,OK
2026-02-16T05:43:05.770Z,0,20.23,50,OK
2026-02-16T05:43:05.820Z,0,20.23,50,OK
2026-02-16T05:43:05.871Z,0,20.33,50,OK
2026-02-16T05:43:05.920Z,0,20.16,50,OK
2026-02-16T05:43:05.971Z,0,20.32,50,OK
2026-02-16T05:43:06.022Z,0,20.23,50,OK
2026-02-16T05:43:06.072Z,0,20.59,50,OK
2026-02-16T05:43:06.123Z,0,20.33,50,OK
2026-02-16T05:43:06.174Z,0,24.06,50,OK
2026-02-16T05:43:06.225Z,0,20.46,50,OK
2026-02-16T05:43:06.276Z,0,20.32,50,OK
2026-02-16T05:43:06.327Z,0,20.21,50,OK
2026-02-16T05:43:06.377Z,0,20.21,50,OK
2026-02-16T05:43:06.428Z,0,20.28,50,OK
2026-02-16T05:43:06.479Z,0,20.44,50,OK
2026-02-16T05:43:06.529Z,0,20.50,50,OK
2026-02-16T05:43:06.580Z,0,20.55,50,OK
2026-02-16T05:43:06.630Z,0,20.34,50,OK
2026-02-16T05:43:06.680Z,0,20.37,50,OK
2026-02-16T05:43:06.731Z,0,20.41,50,OK
2026-02-16T05:43:06.782Z,0,20.39,50,OK
2026-02-16T05:43:06.832Z,0,20.46,50,OK
2026-02-16T05:43:06.883Z,0,20.52,50,OK
2026-02-16T05:43:06.934Z,0,20.39,50,OK
2026-02-16T05:43:06.984Z,0,20.36,50,OK
2026-02-16T05:43:07.034Z,0,20.46,50,OK
2026-02-16T05:43:07.085Z,0,20.29,50,OK
2026-02-16T05:43:07.135Z,0,20.54,50,OK
2026-02-16T05:43:07.185Z,0,20.28,50,OK
2026-02-16T05:43:07.236Z,0,20.55,50,OK
2026-02-16T05:43:07.286Z,0,20.11,50,OK
2026-02-16T05:43:07.337Z,0,20.55,50,OK
2026-02-16T05:43:07.387Z,0,19.99,50,OK
2026-02-16T05:43:07.438Z,0,20.19,50,OK
2026-02-16T05:43:07.488Z,0,20.19,50,OK
2026-02-16T05:43:07.539Z,0,20.39,50,OK
2026-02-16T05:43:07.590Z,0,20.39,50,OK
2026-02-16T05:43:07.640Z,0,20.46,50,OK
2026-02-16T05:43:07.690Z,0,20.44,50,OK
2026-02-16T05:43:07.740Z,0,20.18,50,OK
2026-02-16T05:43:07.790Z,0,20.45,50,OK
2026-02-16T05:43:07.841Z,0,19.49,50,OK
2026-02-16T05:43:07.890Z,0,20.04,50,OK
2026-02-16T05:43:07.941Z,0,20.41,50,OK
2026-02-16T05:43:07.991Z,0,19.95,50,OK
2026-02-16T05:43:08.041Z,0,21.36,50,OK
2026-02-16T05:43:08.092Z,0,20.46,50,OK
2026-02-16T05:43:08.143Z,0,20.42,50,OK
2026-02-16T05:43:08.193Z,0,20.05,50,OK
2026-02-16T05:43:08.244Z,0,20.54,50,OK
2026-02-16T05:43:08.294Z,0,20.29,50,OK
2026-02-16T05:43:08.344Z,0,20.54,50,OK
2026-02-16T05:43:08.395Z,0,20.72,50,OK
2026-02-16T05:43:08.445Z,0,20.28,50,OK
2026-02-16T05:43:08.495Z,0,20.29,50,OK
2026-02-16T05:43:08.545Z,0,20.21,50,OK
2026-02-16T05:43:08.595Z,0,20.31,50,OK
2026-02-16T05:43:08.646Z,0,20.34,50,OK
2026-02-16T05:43:08.696Z,0,20.37,50,OK
2026-02-16T05:43:08.746Z,0,20.55,50,OK
2026-02-16T05:43:08.796Z,0,20.41,50,OK
2026-02-16T05:43:08.847Z,0,20.61,50,OK
2026-02-16T05:43:08.898Z,0,20.36,50,OK
2026-02-16T05:43:08.948Z,0,20.40,50,OK
2026-02-16T05:43:08.999Z,0,20.55,50,OK
2026-02-16T05:43:09.049Z,0,20.45,50,OK
2026-02-16T05:43:09.100Z,0,20.49,50,OK
2026-02-16T05:43:09.151Z,0,20.37,50,OK
2026-02-16T05:43:09.202Z,0,20.32,50,OK
2026-02-16T05:43:09.252Z,0,20.46,50,OK
2026-02-16T05:43:09.303Z,0,20.52,50,OK
2026-02-16T05:43:09.353Z,0,20.38,50,OK
2026-02-16T05:43:09.404Z,0,19.75,50,OK
2026-02-16T05:43:09.454Z,0,20.42,50,OK
2026-02-16T05:43:09.504Z,0,19.95,50,OK
2026-02-16T05:43:09.554Z,0,20.24,50,OK
2026-02-16T05:43:09.605Z,0,19.60,50,OK
2026-02-16T05:43:09.654Z,0,20.49,50,OK
2026-02-16T05:43:09.705Z,0,20.61,50,OK
2026-02-16T05:43:09.754Z,0,20.52,50,OK
2026-02-16T05:43:09.804Z,0,20.80,50,OK
2026-02-16T05:43:09.854Z,0,20.42,50,OK
2026-02-16T05:43:09.904Z,0,20.03,50,OK
2026-02-16T05:43:09.954Z,0,20.21,50,OK
2026-02-16T05:43:10.004Z,0,20.79,50,OK
2026-02-16T05:43:10.055Z,0,20.49,50,OK
2026-02-16T05:43:10.106Z,0,20.15,50,OK
2026-02-16T05:43:10.157Z,0,20.37,50,OK
2026-02-16T05:43:10.208Z,0,20.21,50,OK
2026-02-16T05:43:10.257Z,0,20.44,50,OK
2026-02-16T05:43:10.308Z,0,20.47,50,OK
2026-02-16T05:43:10.359Z,0,20.09,50,OK
2026-02-16T05:43:10.409Z,0,20.30,50,OK
2026-02-16T05:43:10.460Z,0,20.32,50,OK
2026-02-16T05:43:10.510Z,0,20.23,50,OK
2026-02-16T05:43:10.561Z,0,20.14,50,OK
2026-02-16T05:43:10.610Z,0,20.47,50,OK
2026-02-16T05:43:10.660Z,0,20.22,50,OK
2026-02-16T05:43:10.711Z,0,20.18,50,OK
2026-02-16T05:43:10.761Z,0,20.17,50,OK
2026-02-16T05:43:10.811Z,0,20.32,50,OK
2026-02-16T05:43:10.861Z,0,20.23,50,OK
2026-02-16T05:43:10.911Z,0,20.18,50,OK
2026-02-16T05:43:10.962Z,0,20.29,50,OK
2026-02-16T05:43:11.013Z,0,20.68,50,OK
2026-02-16T05:43:11.063Z,0,20.47,50,OK
2026-02-16T05:43:11.113Z,0,21.06,50,OK
2026-02-16T05:43:11.163Z,0,20.36,50,OK
2026-02-16T05:43:11.213Z,0,19.71,50,OK
2026-02-16T05:43:11.264Z,0,20.29,50,OK
2026-02-16T05:43:11.315Z,0,20.66,50,OK
2026-02-16T05:43:11.365Z,0,20.28,50,OK
2026-02-16T05:43:11.416Z,0,20.23,50,OK
2026-02-16T05:43:11.467Z,0,20.37,50,OK
2026-02-16T05:43:11.517Z,0,19.99,50,OK
2026-02-16T05:43:11.567Z,0,20.32,50,OK
2026-02-16T05:43:11.618Z,0,20.79,50,OK
2026-02-16T05:43:11.668Z,0,20.39,50,OK
2026-02-16T05:43:11.718Z,0,20.56,50,OK
2026-02-16T05:43:11.768Z,0,20.34,50,OK
2026-02-16T05:43:11.819Z,0,19.99,50,OK
2026-02-16T05:43:11.869Z,0,20.24,50,OK
2026-02-16T05:43:11.919Z,0,20.18,50,OK
2026-02-16T05:43:11.970Z,0,20.18,50,OK
2026-02-16T05:43:12.021Z,0,19.96,50,OK
2026-02-16T05:43:12.072Z,0,20.50,50,OK
2026-02-16T05:43:12.123Z,0,20.17,50,OK
2026-02-16T05:43:12.174Z,0,20.32,50,OK
2026-02-16T05:43:12.225Z,0,20.82,50,OK
2026-02-16T05:43:12.275Z,0,20.60,50,OK
2026-02-16T05:43:12.326Z,0,20.12,50,OK
2026-02-16T05:43:12.377Z,0,20.50,50,OK
2026-02-16T05:43:12.427Z,0,20.07,50,OK
2026-02-16T05:43:12.477Z,0,20.36,50,OK
2026-02-16T05:43:12.527Z,0,20.23,50,OK
2026-02-16T05:43:12.578Z,0,20.55,50,OK
2026-02-16T05:43:12.627Z,0,20.19,50,OK
2026-02-16T05:43:12.677Z,0,20.46,50,OK
2026-02-16T05:43:12.728Z,0,20.14,50,OK
2026-02-16T05:43:12.779Z,0,20.26,50,OK
2026-02-16T05:43:12.829Z,0,19.82,50,OK
2026-02-16T05:43:12.880Z,0,20.21,50,OK
2026-02-16T05:43:12.930Z,0,20.45,50,OK
2026-02-16T05:43:12.981Z,0,20.26,50,OK
2026-02-16T05:43:13.032Z,0,20.60,50,OK
2026-02-16T05:43:13.082Z,0,20.26,50,OK
2026-02-16T05:43:13.132Z,0,20.59,50,OK
2026-02-16T05:43:13.182Z,0,20.34,50,OK
2026-02-16T05:43:13.233Z,0,20.75,50,OK
2026-02-16T05:43:13.284Z,0,20.04,50,OK
2026-02-16T05:43:13.333Z,0,20.44,50,OK
2026-02-16T05:43:13.383Z,0,20.47,50,OK
2026-02-16T05:43:13.434Z,0,20.52,50,OK
2026-02-16T05:43:13.484Z,0,20.17,50,OK
2026-02-16T05:43:13.534Z,0,19.60,50,OK
2026-02-16T05:43:13.584Z,0,19.70,50,OK
2026-02-16T05:43:13.635Z,0,20.55,50,OK
2026-02-16T05:43:13.685Z,0,20.17,50,OK
2026-02-16T05:43:13.735Z,0,20.59,50,OK
2026-02-16T05:43:13.785Z,0,20.19,50,OK
2026-02-16T05:43:13.835Z,0,19.52,50,OK
2026-02-16T05:43:13.885Z,0,20.19,50,OK
2026-02-16T05:43:13.936Z,0,20.47,50,OK
2026-02-16T05:43:13.986Z,0,20.16,50,OK
2026-02-16T05:43:14.036Z,0,20.54,50,OK
2026-02-16T05:43:14.086Z,0,20.28,50,OK
2026-02-16T05:43:14.136Z,0,19.49,50,OK
2026-02-16T05:43:14.187Z,0,20.30,50,OK
2026-02-16T05:43:14.237Z,0,19.60,50,OK
2026-02-16T05:43:14.287Z,0,20.21,50,OK
2026-02-16T05:43:14.338Z,0,20.50,50,OK
2026-02-16T05:43:14.388Z,0,20.19,50,OK
2026-02-16T05:43:14.438Z,0,20.60,50,OK
2026-02-16T05:43:14.488Z,0,20.18,50,OK
2026-02-16T05:43:14.538Z,0,20.50,50,OK
2026-02-16T05:43:14.588Z,0,20.15,50,OK
2026-02-16T05:43:14.638Z,0,20.52,50,OK
2026-02-16T05:43:14.688Z,0,20.24,50,OK
2026-02-16T05:43:14.739Z,0,20.33,50,OK
2026-02-16T05:43:14.790Z,0,20.24,50,OK
2026-02-16T05:43:14.840Z,0,20.00,50,OK
2026-02-16T05:43:14.892Z,0,20.16,50,OK
2026-02-16T05:43:14.941Z,0,19.48,50,OK
2026-02-16T05:43:14.992Z,0,20.28,50,OK
2026-02-16T05:43:15.042Z,0,20.49,50,OK
2026-02-16T05:43:15.092Z,0,20.19,50,OK
2026-02-16T05:43:15.142Z,0,20.32,50,OK
2026-02-16T05:43:15.192Z,0,20.28,50,OK
2026-02-16T05:43:15.243Z,0,20.34,50,OK
2026-02-16T05:43:15.293Z,0,20.18,50,OK
2026-02-16T05:43:15.344Z,0,20.29,50,OK
2026-02-16T05:43:15.394Z,0,20.18,50,OK
2026-02-16T05:43:15.444Z,0,20.31,50,OK
2026-02-16T05:43:15.495Z,0,20.13,50,OK
2026-02-16T05:43:15.544Z,0,20.20,50,OK
2026-02-16T05:43:15.594Z,0,20.16,50,OK
2026-02-16T05:43:15.644Z,0,20.27,50,OK
2026-02-16T05:43:15.694Z,0,20.26,50,OK
2026-02-16T05:43:15.745Z,0,20.19,50,OK
2026-02-16T05:43:15.795Z,0,20.28,50,OK
2026-02-16T05:43:15.845Z,0,20.44,50,OK
2026-02-16T05:43:15.896Z,0,20.28,50,OK
2026-02-16T05:43:15.946Z,0,19.85,50,OK
2026-02-16T05:43:15.997Z,0,20.16,50,OK
2026-02-16T05:43:16.047Z,0,20.59,50,OK
2026-02-16T05:43:16.098Z,0,20.16,50,OK
2026-02-16T05:43:16.148Z,0,20.40,50,OK
2026-02-16T05:43:16.198Z,0,20.19,50,OK
2026-02-16T05:43:16.248Z,0,19.47,50,OK
2026-02-16T05:43:16.299Z,0,20.03,50,OK
2026-02-16T05:43:16.349Z,0,20.37,50,OK
2026-02-16T05:43:16.399Z,0,20.19,50,OK
2026-02-16T05:43:16.449Z,0,19.59,50,OK
2026-02-16T05:43:16.500Z,0,20.05,50,OK
2026-02-16T05:43:16.550Z,0,20.38,50,OK
2026-02-16T05:43:16.600Z,0,20.21,50,OK
2026-02-16T05:43:16.651Z,0,19.87,50,OK
2026-02-16T05:43:16.702Z,0,20.19,50,OK
2026-02-16T05:43:16.752Z,0,20.41,50,OK
2026-02-16T05:43:16.802Z,0,20.26,50,OK
2026-02-16T05:43:16.852Z,0,19.52,50,OK
2026-02-16T05:43:16.902Z,0,19.82,50,OK
2026-02-16T05:43:16.952Z,0,19.55,50,OK
2026-02-16T05:43:17.003Z,0,19.88,50,OK
2026-02-16T05:43:17.052Z,0,20.37,50,OK
2026-02-16T05:43:17.103Z,0,20.32,50,OK
2026-02-16T05:43:17.153Z,0,20.54,50,OK
2026-02-16T05:43:17.204Z,0,20.37,50,OK
2026-02-16T05:43:17.255Z,0,20.60,50,OK
2026-02-16T05:43:17.305Z,0,19.98,50,OK
2026-02-16T05:43:17.355Z,0,19.64,50,OK
2026-02-16T05:43:17.406Z,0,20.32,50,OK
2026-02-16T05:43:17.456Z,0,20.54,50,OK
2026-02-16T05:43:17.506Z,0,20.23,50,OK
2026-02-16T05:43:17.556Z,0,20.52,50,OK
2026-02-16T05:43:17.606Z,0,20.27,50,OK
2026-02-16T05:43:17.656Z,0,19.60,50,OK
2026-02-16T05:43:17.706Z,0,20.25,50,OK
2026-02-16T05:43:17.756Z,0,19.73,50,OK
2026-02-16T05:43:17.806Z,0,20.22,50,OK
2026-02-16T05:43:17.856Z,0,20.44,50,OK
2026-02-16T05:43:17.906Z,0,20.22,50,OK
2026-02-16T05:43:17.956Z,0,20.47,50,OK
2026-02-16T05:43:18.006Z,0,20.20,50,OK
2026-02-16T05:43:18.056Z,0,20.59,50,OK
2026-02-16T05:43:18.106Z,0,20.19,50,OK
2026-02-16T05:43:18.157Z,0,20.34,50,OK
2026-02-16T05:43:18.207Z,0,20.21,50,OK
2026-02-16T05:43:18.257Z,0,20.17,50,OK
2026-02-16T05:43:18.307Z,0,20.46,50,OK
2026-02-16T05:43:18.358Z,0,20.48,50,OK
2026-02-16T05:43:18.408Z,0,20.44,50,OK
2026-02-16T05:43:18.459Z,0,20.57,50,OK
2026-02-16T05:43:18.510Z,0,20.39,50,OK
2026-02-16T05:43:18.560Z,0,20.03,50,OK
2026-02-16T05:43:18.610Z,0,20.28,50,OK
2026-02-16T05:43:18.661Z,0,19.96,50,OK
2026-02-16T05:43:18.712Z,0,20.31,50,OK
2026-02-16T05:43:18.763Z,0,20.75,50,OK
2026-02-16T05:43:18.813Z,0,20.26,50,OK
2026-02-16T05:43:18.864Z,0,20.72,50,OK
2026-02-16T05:43:18.914Z,0,20.21,50,OK
2026-02-16T05:43:18.965Z,0,19.99,50,OK
2026-02-16T05:43:19.016Z,0,20.46,50,OK
2026-02-16T05:43:19.067Z,0,20.06,50,OK
2026-02-16T05:43:19.117Z,0,20.57,50,OK
2026-02-16T05:43:19.168Z,0,20.10,50,OK
2026-02-16T05:43:19.219Z,0,20.21,50,OK
2026-02-16T05:43:19.270Z,0,20.43,50,OK
2026-02-16T05:43:19.320Z,0,19.18,50,OK
2026-02-16T05:43:19.370Z,0,20.23,50,OK
2026-02-16T05:43:19.420Z,0,20.32,50,OK
2026-02-16T05:43:19.471Z,0,20.35,50,OK
2026-02-16T05:43:19.522Z,0,20.41,50,OK
2026-02-16T05:43:19.573Z,0,20.85,50,OK
2026-02-16T05:43:19.624Z,0,20.39,50,OK
2026-02-16T05:43:19.675Z,0,20.07,50,OK
2026-02-16T05:43:19.726Z,0,20.25,50,OK
2026-02-16T05:43:19.777Z,0,20.37,50,OK
2026-02-16T05:43:19.828Z,0,20.41,50,OK
2026-02-16T05:43:19.878Z,0,20.34,50,OK
2026-02-16T05:43:19.928Z,0,20.32,50,OK
2026-02-16T05:43:19.978Z,0,20.39,50,OK
2026-02-16T05:43:20.028Z,0,20.37,50,OK
2026-02-16T05:43:20.079Z,0,20.41,50,OK
2026-02-16T05:43:20.130Z,0,20.37,50,OK
2026-02-16T05:43:20.180Z,0,20.28,50,OK
2026-02-16T05:43:20.230Z,0,20.41,50,OK
2026-02-16T05:43:20.280Z,0,20.10,50,OK
2026-02-16T05:43:20.331Z,0,20.39,50,OK
2026-02-16T05:43:20.381Z,0,20.64,50,OK
2026-02-16T05:43:20.432Z,0,20.47,50,OK
2026-02-16T05:43:20.481Z,0,20.55,50,OK
2026-02-16T05:43:20.532Z,0,20.23,50,OK
2026-02-16T05:43:20.583Z,0,20.31,50,OK
2026-02-16T05:43:20.633Z,0,20.18,50,OK
2026-02-16T05:43:20.683Z,0,20.35,50,OK
2026-02-16T05:43:20.734Z,0,20.19,50,OK
2026-02-16T05:43:20.783Z,0,20.40,50,OK
2026-02-16T05:43:20.833Z,0,20.55,50,OK
2026-02-16T05:43:20.884Z,0,20.29,50,OK
2026-02-16T05:43:20.934Z,0,20.09,50,OK
2026-02-16T05:43:20.985Z,0,20.54,50,OK
2026-02-16T05:43:21.035Z,0,20.45,50,OK
2026-02-16T05:43:21.086Z,0,20.44,50,OK
2026-02-16T05:43:21.136Z,0,20.69,50,OK
2026-02-16T05:43:21.187Z,0,20.24,50,OK
2026-02-16T05:43:21.237Z,0,20.46,50,OK
2026-02-16T05:43:21.287Z,0,20.08,50,OK
2026-02-16T05:43:21.338Z,0,20.18,50,OK
2026-02-16T05:43:21.388Z,0,20.32,50,OK
2026-02-16T05:43:21.438Z,0,20.22,50,OK
2026-02-16T05:43:21.488Z,0,20.18,50,OK
2026-02-16T05:43:21.538Z,0,20.28,50,OK
2026-02-16T05:43:21.589Z,0,20.24,50,OK
2026-02-16T05:43:21.640Z,0,20.28,50,OK
2026-02-16T05:43:21.690Z,0,20.26,50,OK
2026-02-16T05:43:21.740Z,0,20.22,50,OK
2026-02-16T05:43:21.790Z,0,20.54,50,OK
2026-02-16T05:43:21.840Z,0,20.28,50,OK
2026-02-16T05:43:21.890Z,0,19.99,50,OK
2026-02-16T05:43:21.941Z,0,20.24,50,OK
2026-02-16T05:43:21.991Z,0,20.29,50,OK
2026-02-16T05:43:22.041Z,0,20.31,50,OK
2026-02-16T05:43:22.092Z,0,19.88,50,OK
2026-02-16T05:43:22.141Z,0,20.23,50,OK
2026-02-16T05:43:22.193Z,0,20.39,50,OK
2026-02-16T05:43:22.243Z,0,20.36,50,OK
2026-02-16T05:43:22.294Z,0,20.39,50,OK
2026-02-16T05:43:22.345Z,0,20.26,50,OK
2026-02-16T05:43:22.396Z,0,19.89,50,OK
2026-02-16T05:43:22.445Z,0,20.37,50,OK
2026-02-16T05:43:22.496Z,0,19.87,50,OK
2026-02-16T05:43:22.546Z,0,20.22,50,OK
2026-02-16T05:43:22.597Z,0,20.31,50,OK
2026-02-16T05:43:22.646Z,0,20.26,50,OK
2026-02-16T05:43:22.696Z,0,20.68,50,OK
2026-02-16T05:43:22.746Z,0,20.39,50,OK
2026-02-16T05:43:22.796Z,0,20.34,50,OK
2026-02-16T05:43:22.849Z,1,20.37,50,OK
2026-02-16T05:43:22.899Z,0,20.73,50,OK
2026-02-16T05:43:22.951Z,0,20.32,50,OK
2026-02-16T05:43:23.001Z,0,20.47,50,OK
2026-02-16T05:43:23.051Z,0,19.69,50,OK
2026-02-16T05:43:23.101Z,0,20.43,50,OK
2026-02-16T05:43:23.151Z,0,20.31,50,OK
2026-02-16T05:43:23.201Z,0,20.50,50,OK
2026-02-16T05:43:23.252Z,0,20.28,50,OK
2026-02-16T05:43:23.302Z,0,19.95,50,OK
2026-02-16T05:43:23.352Z,0,20.18,50,OK
2026-02-16T05:43:23.402Z,0,20.72,50,OK
2026-02-16T05:43:23.453Z,0,20.10,50,OK
2026-02-16T05:43:23.503Z,0,20.19,50,OK
2026-02-16T05:43:23.553Z,0,20.23,50,OK
2026-02-16T05:43:23.603Z,0,20.26,50,OK
2026-02-16T05:43:23.654Z,0,20.54,50,OK
2026-02-16T05:43:23.705Z,0,20.23,50,OK
2026-02-16T05:43:23.756Z,0,20.43,50,OK
2026-02-16T05:43:23.807Z,0,20.31,50,OK
2026-02-16T05:43:23.859Z,1,19.91,50,OK
2026-02-16T05:43:23.910Z,0,20.30,50,OK
2026-02-16T05:43:23.960Z,0,20.13,50,OK
2026-02-16T05:43:24.010Z,0,20.44,50,OK
2026-02-16T05:43:24.061Z,1,20.36,50,OK
2026-02-16T05:43:24.111Z,1,20.25,50,OK
2026-02-16T05:43:24.161Z,1,20.18,50,OK
2026-02-16T05:43:24.211Z,1,20.26,50,OK
2026-02-16T05:43:24.262Z,1,22.30,50,OK
2026-02-16T05:43:24.312Z,1,21.39,50,OK
2026-02-16T05:43:24.362Z,1,20.24,50,OK
2026-02-16T05:43:24.412Z,1,20.21,50,OK
2026-02-16T05:43:24.462Z,2,19.89,50,OK
2026-02-16T05:43:24.513Z,2,20.19,50,OK
2026-02-16T05:43:24.564Z,2,20.22,50,OK
2026-02-16T05:43:24.614Z,2,20.21,50,OK
2026-02-16T05:43:24.664Z,2,19.96,50,OK
2026-02-16T05:43:24.714Z,2,20.13,50,OK
2026-02-16T05:43:24.764Z,2,20.20,50,OK
2026-02-16T05:43:24.814Z,2,20.16,50,OK
2026-02-16T05:43:24.864Z,2,20.47,50,OK
2026-02-16T05:43:24.914Z,2,20.13,50,OK
2026-02-16T05:43:24.964Z,2,20.32,50,OK
2026-02-16T05:43:25.014Z,2,20.34,50,OK
2026-02-16T05:43:25.065Z,2,20.19,50,OK
2026-02-16T05:43:25.116Z,2,20.23,50,OK
2026-02-16T05:43:25.167Z,2,20.26,50,OK
2026-02-16T05:43:25.217Z,2,20.32,50,OK
2026-02-16T05:43:25.267Z,2,23.26,50,OK
2026-02-16T05:43:25.318Z,3,20.54,50,OK
2026-02-16T05:43:25.368Z,3,20.28,50,OK
2026-02-16T05:43:25.419Z,3,20.24,50,OK
2026-02-16T05:43:25.469Z,3,21.03,50,OK
2026-02-16T05:43:25.519Z,3,20.33,50,OK
2026-02-16T05:43:25.569Z,3,20.18,50,OK
2026-02-16T05:43:25.620Z,3,20.23,50,OK
2026-02-16T05:43:25.668Z,3,20.23,50,OK
2026-02-16T05:43:25.718Z,3,20.18,50,OK
2026-02-16T05:43:25.768Z,3,20.26,50,OK
2026-02-16T05:43:25.818Z,3,20.32,50,OK
2026-02-16T05:43:25.868Z,3,19.26,50,OK
2026-02-16T05:43:25.919Z,3,20.16,50,OK
2026-02-16T05:43:25.970Z,3,20.23,50,OK
2026-02-16T05:43:26.021Z,3,20.36,50,OK
2026-02-16T05:43:26.071Z,2,21.03,50,OK
2026-02-16T05:43:26.121Z,2,20.28,50,OK
2026-02-16T05:43:26.171Z,2,20.32,50,OK
2026-02-16T05:43:26.221Z,2,20.31,50,OK
2026-02-16T05:43:26.271Z,2,20.96,50,OK
2026-02-16T05:43:26.321Z,2,20.24,50,OK
2026-02-16T05:43:26.372Z,2,20.27,50,OK
2026-02-16T05:43:26.423Z,2,20.21,50,OK
2026-02-16T05:43:26.473Z,1,20.88,50,OK
2026-02-16T05:43:26.523Z,1,20.16,50,OK
2026-02-16T05:43:26.574Z,1,20.27,50,OK
2026-02-16T05:43:26.624Z,1,20.21,50,OK
2026-02-16T05:43:26.674Z,1,20.70,50,OK
2026-02-16T05:43:26.725Z,1,20.11,50,OK
2026-02-16T05:43:26.775Z,1,20.36,50,OK
2026-02-16T05:43:26.824Z,1,20.29,50,OK
2026-02-16T05:43:26.874Z,1,20.75,50,OK
2026-02-16T05:43:26.925Z,1,20.16,50,OK
2026-02-16T05:43:26.976Z,1,20.43,50,OK
2026-02-16T05:43:27.026Z,1,20.36,50,OK
2026-02-16T05:43:27.077Z,2,20.05,50,OK
2026-02-16T05:43:27.126Z,2,20.23,50,OK
2026-02-16T05:43:27.176Z,2,20.00,50,OK
2026-02-16T05:43:27.227Z,2,20.29,50,OK
2026-02-16T05:43:27.276Z,2,22.32,50,OK
2026-02-16T05:43:27.326Z,1,20.20,50,OK
2026-02-16T05:43:27.376Z,1,20.24,50,OK
2026-02-16T05:43:27.426Z,1,20.25,50,OK
2026-02-16T05:43:27.477Z,1,19.96,50,OK
2026-02-16T05:43:27.527Z,1,20.24,50,OK
2026-02-16T05:43:27.577Z,1,20.24,50,OK
2026-02-16T05:43:27.628Z,1,20.23,50,OK
2026-02-16T05:43:27.678Z,1,20.14,50,OK
2026-02-16T05:43:27.728Z,1,20.09,50,OK
2026-02-16T05:43:27.779Z,1,20.93,50,OK
2026-02-16T05:43:27.829Z,1,20.18,50,OK
2026-02-16T05:43:27.879Z,1,19.78,50,OK
2026-02-16T05:43:27.930Z,2,20.16,50,OK
2026-02-16T05:43:27.981Z,2,20.26,50,OK
2026-02-16T05:43:28.030Z,2,20.37,50,OK
2026-02-16T05:43:28.080Z,2,20.50,50,OK
2026-02-16T05:43:28.131Z,2,20.19,50,OK
2026-02-16T05:43:28.181Z,2,20.24,50,OK
2026-02-16T05:43:28.231Z,2,20.21,50,OK
2026-02-16T05:43:28.346Z,2,65.00,50,OK
2026-02-16T05:43:28.449Z,3,53.00,50,OK
2026-02-16T05:43:28.500Z,2,20.31,50,OK
2026-02-16T05:43:28.551Z,2,20.29,50,OK
2026-02-16T05:43:28.602Z,2,20.46,50,OK
2026-02-16T05:43:28.651Z,3,19.98,50,OK
2026-02-16T05:43:28.702Z,3,20.18,50,OK
2026-02-16T05:43:28.752Z,4,20.45,50,OK
2026-02-16T05:43:28.802Z,4,20.24,50,OK
2026-02-16T05:43:28.852Z,5,20.23,50,OK
2026-02-16T05:43:28.902Z,5,20.21,50,OK
2026-02-16T05:43:28.952Z,5,20.31,50,OK
2026-02-16T05:43:29.003Z,5,20.19,50,OK
2026-02-16T05:43:29.054Z,5,20.42,50,OK
2026-02-16T05:43:29.105Z,5,20.26,50,OK
2026-02-16T05:43:29.156Z,5,20.55,50,OK
2026-02-16T05:43:29.205Z,5,20.32,50,OK
2026-02-16T05:43:29.256Z,5,20.41,50,OK
2026-02-16T05:43:29.307Z,5,20.31,50,OK
2026-02-16T05:43:29.356Z,5,20.26,50,OK
2026-02-16T05:43:29.407Z,5,20.29,50,OK
2026-02-16T05:43:29.456Z,7,19.31,50,OK
2026-02-16T05:43:29.506Z,7,20.12,50,OK
2026-02-16T05:43:29.557Z,7,20.32,50,OK
2026-02-16T05:43:29.607Z,7,20.25,50,OK
2026-02-16T05:43:29.657Z,7,20.39,50,OK
2026-02-16T05:43:29.708Z,7,20.25,50,OK
2026-02-16T05:43:29.757Z,7,20.23,50,OK
2026-02-16T05:43:29.807Z,7,20.22,50,OK
2026-02-16T05:43:29.857Z,7,20.11,50,OK
2026-02-16T05:43:29.908Z,6,20.18,50,OK
2026-02-16T05:43:29.957Z,6,20.23,50,OK
2026-02-16T05:43:30.007Z,6,19.89,50,OK
2026-02-16T05:43:30.058Z,7,20.37,50,OK
2026-02-16T05:43:30.108Z,7,20.26,50,OK
2026-02-16T05:43:30.159Z,7,20.34,50,OK
2026-02-16T05:43:30.210Z,7,20.26,50,OK
2026-02-16T05:43:30.260Z,7,20.36,50,OK
2026-02-16T05:43:30.311Z,7,20.23,50,OK
2026-02-16T05:43:30.361Z,8,20.16,50,OK
2026-02-16T05:43:30.411Z,7,20.26,50,OK
2026-02-16T05:43:30.461Z,7,20.49,50,OK
2026-02-16T05:43:30.512Z,8,20.14,50,OK
2026-02-16T05:43:30.561Z,8,20.26,50,OK
2026-02-16T05:43:30.611Z,8,20.25,50,OK
2026-02-16T05:43:30.661Z,7,21.36,50,OK
2026-02-16T05:43:30.711Z,6,20.41,50,OK
2026-02-16T05:43:30.762Z,6,20.21,50,OK
2026-02-16T05:43:30.813Z,6,20.25,50,OK
2026-02-16T05:43:30.863Z,5,20.91,50,OK
2026-02-16T05:43:30.997Z,5,124.22,50,OK
2026-02-16T05:43:31.048Z,4,20.08,50,OK
2026-02-16T05:43:31.098Z,4,20.59,50,OK
2026-02-16T05:43:31.148Z,4,20.00,50,OK
2026-02-16T05:43:31.199Z,4,20.18,50,OK
2026-02-16T05:43:31.248Z,4,19.98,50,OK
2026-02-16T05:43:31.299Z,4,20.21,50,OK
2026-02-16T05:43:31.349Z,4,20.47,50,OK
2026-02-16T05:43:31.400Z,4,20.16,50,OK
2026-02-16T05:43:31.450Z,4,20.41,50,OK
2026-02-16T05:43:31.501Z,2,23.32,50,OK
2026-02-16T05:43:31.551Z,2,20.21,50,OK
2026-02-16T05:43:31.601Z,2,20.24,50,OK
2026-02-16T05:43:31.651Z,2,20.23,50,OK
2026-02-16T05:43:31.701Z,2,20.26,50,OK
2026-02-16T05:43:31.932Z,2,225.51,50,OK
2026-02-16T05:43:31.982Z,2,20.21,50,OK
2026-02-16T05:43:32.033Z,3,20.09,50,OK
2026-02-16T05:43:32.083Z,2,20.55,50,OK
2026-02-16T05:43:32.132Z,2,20.26,50,OK
2026-02-16T05:43:32.182Z,2,20.26,50,OK
2026-02-16T05:43:32.232Z,2,20.14,50,OK
2026-02-16T05:43:32.282Z,2,20.26,50,OK
2026-02-16T05:43:32.332Z,2,20.34,50,OK
2026-02-16T05:43:32.383Z,2,20.33,50,OK
2026-02-16T05:43:32.432Z,2,20.24,50,OK
2026-02-16T05:43:32.482Z,1,20.68,50,OK
2026-02-16T05:43:32.533Z,1,20.13,50,OK
2026-02-16T05:43:32.582Z,1,20.21,50,OK
2026-02-16T05:43:32.633Z,2,19.58,50,OK
2026-02-16T05:43:32.805Z,2,20.08,50,OK
2026-02-16T05:43:32.856Z,1,20.47,50,OK
2026-02-16T05:43:32.906Z,1,20.39,50,OK
2026-02-16T05:43:33.067Z,1,79.96,50,OK
2026-02-16T05:43:33.178Z,6,62.00,50,OK
2026-02-16T05:43:33.228Z,1,20.16,50,OK
2026-02-16T05:43:33.379Z,1,101.00,50,OK
2026-02-16T05:43:33.430Z,2,20.31,50,OK
2026-02-16T05:43:33.609Z,3,21.11,50,OK
2026-02-16T05:43:33.660Z,3,20.45,50,OK
2026-02-16T05:43:33.711Z,3,20.23,50,OK
2026-02-16T05:43:33.760Z,3,20.33,50,OK
2026-02-16T05:43:33.811Z,5,20.39,50,OK
2026-02-16T05:43:33.861Z,6,20.64,50,OK
2026-02-16T05:43:33.912Z,6,20.65,50,OK
2026-02-16T05:43:33.963Z,6,19.91,50,OK
2026-02-16T05:43:34.013Z,6,20.28,50,OK
2026-02-16T05:43:34.064Z,5,21.03,50,OK
2026-02-16T05:43:34.114Z,6,20.67,50,OK
2026-02-16T05:43:34.165Z,6,20.31,50,OK
2026-02-16T05:43:34.304Z,6,89.00,50,OK
2026-02-16T05:43:34.518Z,10,164.00,50,OK
2026-02-16T05:43:34.569Z,7,20.23,50,OK
2026-02-16T05:43:34.619Z,10,20.39,50,OK
2026-02-16T05:43:34.669Z,7,19.57,50,OK
2026-02-16T05:43:34.720Z,7,20.42,50,OK
2026-02-16T05:43:34.771Z,7,20.17,50,OK
2026-02-16T05:43:34.822Z,7,20.26,50,OK
2026-02-16T05:43:34.873Z,7,20.95,50,OK
2026-02-16T05:43:34.923Z,7,20.33,50,OK
2026-02-16T05:43:34.974Z,7,20.21,50,OK
2026-02-16T05:43:35.024Z,7,20.70,50,OK
2026-02-16T05:43:35.074Z,7,20.93,50,OK
2026-02-16T05:43:35.125Z,7,20.42,50,OK
2026-02-16T05:43:35.175Z,7,20.38,50,OK
2026-02-16T05:43:35.225Z,7,20.46,50,OK
2026-02-16T05:43:35.276Z,7,20.37,50,OK
2026-02-16T05:43:35.425Z,7,139.00,50,OK
2026-02-16T05:43:35.475Z,5,20.32,50,OK
2026-02-16T05:43:35.525Z,6,20.52,50,OK
2026-02-16T05:43:35.575Z,5,20.38,50,OK
2026-02-16T05:43:35.628Z,6,20.26,50,OK
2026-02-16T05:43:35.679Z,5,20.51,50,OK
2026-02-16T05:43:35.730Z,5,20.29,50,OK
2026-02-16T05:43:35.780Z,5,19.95,50,OK
2026-02-16T05:43:35.830Z,3,20.44,50,OK
2026-02-16T05:43:35.880Z,2,20.38,50,OK
2026-02-16T05:43:35.931Z,2,20.52,50,OK
2026-02-16T05:43:35.980Z,2,20.30,50,OK
2026-02-16T05:43:36.031Z,2,20.47,50,OK
2026-02-16T05:43:36.081Z,2,20.17,50,OK
2026-02-16T05:43:36.131Z,2,20.32,50,OK
2026-02-16T05:43:36.181Z,2,20.37,50,OK
2026-02-16T05:43:36.232Z,2,20.75,50,OK
2026-02-16T05:43:36.283Z,2,20.37,50,OK
2026-02-16T05:43:36.333Z,2,19.94,50,OK
2026-02-16T05:43:36.384Z,2,20.28,50,OK
2026-02-16T05:43:36.434Z,3,20.08,50,OK
2026-02-16T05:43:36.484Z,3,20.16,50,OK
2026-02-16T05:43:36.535Z,2,20.21,50,OK
2026-02-16T05:43:36.659Z,2,75.00,50,OK
2026-02-16T05:43:36.779Z,12,70.00,50,OK
2026-02-16T05:43:36.829Z,4,19.91,50,OK
2026-02-16T05:43:36.880Z,4,20.16,50,OK
2026-02-16T05:43:36.931Z,4,20.19,50,OK
2026-02-16T05:43:36.982Z,4,20.46,50,OK
2026-02-16T05:43:37.032Z,4,20.42,50,OK
2026-02-16T05:43:37.083Z,5,20.88,50,OK
2026-02-16T05:43:37.133Z,4,20.50,50,OK
2026-02-16T05:43:37.184Z,4,20.65,50,OK
2026-02-16T05:43:37.235Z,4,20.40,50,OK
2026-02-16T05:43:37.284Z,4,20.03,50,OK
2026-02-16T05:43:37.334Z,4,20.39,50,OK
2026-02-16T05:43:37.385Z,4,20.28,50,OK
2026-02-16T05:43:37.436Z,6,20.35,50,OK
2026-02-16T05:43:37.487Z,6,20.23,50,OK
2026-02-16T05:43:37.537Z,6,20.49,50,OK
2026-02-16T05:43:37.588Z,6,20.44,50,OK
2026-02-16T05:43:37.639Z,6,20.37,50,OK
2026-02-16T05:43:37.817Z,6,161.42,50,OK
2026-02-16T05:43:37.936Z,11,69.00,50,OK
2026-02-16T05:43:37.986Z,6,20.26,50,OK
2026-02-16T05:43:38.037Z,7,20.55,50,OK
2026-02-16T05:43:38.088Z,6,21.24,50,OK
2026-02-16T05:43:38.138Z,6,20.42,50,OK
2026-02-16T05:43:38.188Z,6,20.41,50,OK
2026-02-16T05:43:38.238Z,6,20.44,50,OK
2026-02-16T05:43:38.289Z,6,20.50,50,OK
2026-02-16T05:43:38.339Z,6,20.67,50,OK
2026-02-16T05:43:38.390Z,6,20.63,50,OK
2026-02-16T05:43:38.440Z,5,20.34,50,OK
2026-02-16T05:43:38.491Z,6,20.23,50,OK
2026-02-16T05:43:38.541Z,7,20.28,50,OK
2026-02-16T05:43:38.591Z,6,20.20,50,OK
2026-02-16T05:43:38.642Z,6,20.52,50,OK
2026-02-16T05:43:38.692Z,5,20.11,50,OK
2026-02-16T05:43:38.743Z,5,20.34,50,OK
2026-02-16T05:43:38.794Z,4,20.26,50,OK
2026-02-16T05:43:38.968Z,5,20.62,50,OK
2026-02-16T05:43:39.431Z,12,462.29,50,OK
2026-02-16T05:43:39.643Z,7,161.00,50,OK
2026-02-16T05:43:40.006Z,7,363.72,50,OK
2026-02-16T05:43:40.173Z,7,117.00,50,OK
2026-02-16T05:43:40.224Z,3,19.95,50,OK
2026-02-16T05:43:40.274Z,3,20.40,50,OK
2026-02-16T05:43:40.324Z,3,20.29,50,OK
2026-02-16T05:43:40.374Z,3,20.36,50,OK
2026-02-16T05:43:40.425Z,3,19.95,50,OK
2026-02-16T05:43:40.591Z,4,116.00,50,OK
2026-02-16T05:43:40.643Z,2,20.00,50,OK
2026-02-16T05:43:40.782Z,5,89.00,50,OK
2026-02-16T05:43:40.831Z,2,20.16,50,OK
2026-02-16T05:43:40.882Z,2,20.14,50,OK
2026-02-16T05:43:40.933Z,2,19.97,50,OK
2026-02-16T05:43:40.983Z,2,20.28,50,OK
2026-02-16T05:43:41.035Z,4,21.68,50,OK
2026-02-16T05:43:41.085Z,3,20.37,50,OK
2026-02-16T05:43:41.135Z,2,20.22,50,OK
2026-02-16T05:43:41.188Z,6,20.62,50,OK
2026-02-16T05:43:41.239Z,5,20.59,50,OK
2026-02-16T05:43:41.288Z,5,20.21,50,OK
2026-02-16T05:43:41.339Z,6,19.32,50,OK
2026-02-16T05:43:41.390Z,6,20.41,50,OK
2026-02-16T05:43:41.441Z,6,20.46,50,OK
2026-02-16T05:43:41.492Z,6,20.01,50,OK
2026-02-16T05:43:41.542Z,6,20.39,50,OK
2026-02-16T05:43:41.592Z,6,20.46,50,OK
2026-02-16T05:43:41.740Z,7,98.00,50,OK
2026-02-16T05:43:41.887Z,7,126.39,50,OK
2026-02-16T05:43:42.195Z,12,258.00,50,OK
2026-02-16T05:43:42.539Z,13,293.00,50,OK
2026-02-16T05:43:42.588Z,6,22.70,50,OK
2026-02-16T05:43:42.638Z,6,19.88,50,OK
2026-02-16T05:43:42.689Z,6,20.43,50,OK
2026-02-16T05:43:42.738Z,6,20.36,50,OK
2026-02-16T05:43:42.914Z,7,83.35,50,OK
2026-02-16T05:43:42.964Z,7,20.13,50,OK
2026-02-16T05:43:43.015Z,7,20.21,50,OK
2026-02-16T05:43:43.065Z,6,20.72,50,OK
2026-02-16T05:43:43.115Z,6,19.59,50,OK
2026-02-16T05:43:43.166Z,6,20.59,50,OK
2026-02-16T05:43:43.216Z,3,24.67,50,OK
2026-02-16T05:43:43.266Z,3,20.51,50,OK
2026-02-16T05:43:43.316Z,4,20.39,50,OK
2026-02-16T05:43:43.367Z,3,20.23,50,OK
2026-02-16T05:43:43.551Z,3,20.31,50,OK
2026-02-16T05:43:43.704Z,11,152.37,50,OK
2026-02-16T05:43:43.928Z,11,174.00,50,OK
2026-02-16T05:43:43.979Z,2,19.67,50,OK
2026-02-16T05:43:44.028Z,2,19.91,50,OK
2026-02-16T05:43:44.079Z,2,20.09,50,OK
2026-02-16T05:43:44.129Z,2,20.21,50,OK
2026-02-16T05:43:44.180Z,2,20.29,50,OK
2026-02-16T05:43:44.230Z,3,20.64,50,OK
2026-02-16T05:43:44.281Z,3,20.52,50,OK
2026-02-16T05:43:44.330Z,3,20.77,50,OK
2026-02-16T05:43:44.381Z,3,20.29,50,OK
2026-02-16T05:43:44.431Z,3,20.36,50,OK
2026-02-16T05:43:44.482Z,3,20.34,50,OK
2026-02-16T05:43:44.533Z,3,20.37,50,OK
2026-02-16T05:43:44.584Z,3,20.73,50,OK
2026-02-16T05:43:44.635Z,4,20.32,50,OK
2026-02-16T05:43:44.685Z,3,20.24,50,OK
2026-02-16T05:43:44.959Z,5,134.68,50,OK
2026-02-16T05:43:45.398Z,20,389.00,50,OK
2026-02-16T05:43:45.449Z,6,20.44,50,OK
2026-02-16T05:43:45.499Z,6,20.32,50,OK
2026-02-16T05:43:45.550Z,6,20.77,50,OK
2026-02-16T05:43:45.600Z,6,19.83,50,OK
2026-02-16T05:43:45.650Z,6,20.43,50,OK
2026-02-16T05:43:45.701Z,6,20.39,50,OK
2026-02-16T05:43:45.751Z,6,20.59,50,OK
2026-02-16T05:43:45.802Z,6,20.52,50,OK
2026-02-16T05:43:45.853Z,7,20.14,50,OK
2026-02-16T05:43:45.903Z,7,20.54,50,OK
2026-02-16T05:43:45.954Z,7,20.31,50,OK
2026-02-16T05:43:46.004Z,8,19.60,50,OK
2026-02-16T05:43:46.055Z,8,22.37,50,OK
2026-02-16T05:43:46.106Z,9,19.95,50,OK
2026-02-16T05:43:46.155Z,9,20.27,50,OK
2026-02-16T05:43:46.205Z,9,19.72,50,OK
2026-02-16T05:43:46.256Z,9,20.28,50,OK
2026-02-16T05:43:46.307Z,9,20.21,50,OK
2026-02-16T05:43:46.356Z,9,20.58,50,OK
2026-02-16T05:43:46.410Z,12,20.37,50,OK
2026-02-16T05:43:46.558Z,16,140.31,50,OK
2026-02-16T05:43:46.683Z,25,75.00,50,OK
2026-02-16T05:43:46.734Z,13,20.50,50,OK
2026-02-16T05:43:46.785Z,13,20.32,50,OK
2026-02-16T05:43:46.836Z,13,20.19,50,OK
2026-02-16T05:43:46.886Z,13,20.72,50,OK
2026-02-16T05:43:46.936Z,13,20.21,50,OK
2026-02-16T05:43:46.986Z,12,20.34,50,OK
2026-02-16T05:43:47.036Z,13,20.98,50,OK
2026-02-16T05:43:47.087Z,12,20.28,50,OK
2026-02-16T05:43:47.138Z,10,20.31,50,OK
2026-02-16T05:43:47.188Z,10,20.37,50,OK
2026-02-16T05:43:47.239Z,10,20.61,50,OK
2026-02-16T05:43:47.289Z,10,20.24,50,OK
2026-02-16T05:43:47.339Z,9,20.34,50,OK
2026-02-16T05:43:47.390Z,9,20.39,50,OK
2026-02-16T05:43:47.440Z,9,20.34,50,OK
2026-02-16T05:43:47.490Z,9,20.19,50,OK
2026-02-16T05:43:47.540Z,9,20.23,50,OK
2026-02-16T05:43:47.590Z,11,20.57,50,OK
2026-02-16T05:43:47.640Z,11,20.26,50,OK
2026-02-16T05:43:47.691Z,13,20.19,50,OK
2026-02-16T05:43:47.741Z,11,19.95,50,OK
2026-02-16T05:43:47.791Z,11,20.23,50,OK
2026-02-16T05:43:47.842Z,10,20.32,50,OK
2026-02-16T05:43:47.892Z,10,20.18,50,OK
2026-02-16T05:43:47.943Z,10,20.14,50,OK
2026-02-16T05:43:47.992Z,9,20.28,50,OK
2026-02-16T05:43:48.042Z,9,20.14,50,OK
2026-02-16T05:43:48.092Z,8,20.17,50,OK
2026-02-16T05:43:48.142Z,8,20.14,50,OK
2026-02-16T05:43:48.192Z,7,20.19,50,OK
2026-02-16T05:43:48.243Z,8,19.80,50,OK
2026-02-16T05:43:48.293Z,8,20.16,50,OK
2026-02-16T05:43:48.344Z,8,20.26,50,OK
2026-02-16T05:43:48.393Z,8,20.23,50,OK
2026-02-16T05:43:48.530Z,6,87.00,50,OK
2026-02-16T05:43:48.695Z,5,20.48,50,OK
2026-02-16T05:43:48.810Z,6,114.66,50,OK
2026-02-16T05:43:48.860Z,6,20.47,50,OK
2026-02-16T05:43:48.911Z,6,20.21,50,OK
2026-02-16T05:43:48.961Z,6,19.85,50,OK
2026-02-16T05:43:49.011Z,6,20.00,50,OK
2026-02-16T05:43:49.062Z,6,21.64,50,OK
2026-02-16T05:43:49.113Z,6,21.65,50,OK
2026-02-16T05:43:49.163Z,6,20.23,50,OK
2026-02-16T05:43:49.212Z,6,19.95,50,OK
2026-02-16T05:43:49.262Z,6,20.01,50,OK
2026-02-16T05:43:49.312Z,6,20.18,50,OK
2026-02-16T05:43:49.363Z,6,20.18,50,OK
2026-02-16T05:43:49.414Z,7,20.29,50,OK
2026-02-16T05:43:49.464Z,5,21.06,50,OK
2026-02-16T05:43:49.515Z,5,20.31,50,OK
2026-02-16T05:43:49.662Z,6,142.28,50,OK
2026-02-16T05:43:49.712Z,4,20.95,50,OK
2026-02-16T05:43:49.762Z,4,20.21,50,OK
2026-02-16T05:43:49.813Z,4,20.35,50,OK
2026-02-16T05:43:49.956Z,12,129.07,50,OK
2026-02-16T05:43:50.006Z,4,19.67,50,OK
2026-02-16T05:43:50.057Z,5,20.21,50,OK
2026-02-16T05:43:50.107Z,4,21.05,50,OK
2026-02-16T05:43:50.158Z,4,20.13,50,OK
2026-02-16T05:43:50.313Z,4,76.98,50,OK
2026-02-16T05:43:50.363Z,3,20.14,50,OK
2026-02-16T05:43:50.414Z,3,20.18,50,OK
2026-02-16T05:43:50.464Z,4,20.60,50,OK
2026-02-16T05:43:50.515Z,4,20.21,50,OK
2026-02-16T05:43:50.566Z,4,20.58,50,OK
2026-02-16T05:43:50.615Z,4,20.23,50,OK
2026-02-16T05:43:50.667Z,6,20.24,50,OK
2026-02-16T05:43:50.788Z,7,71.00,50,OK
2026-02-16T05:43:50.919Z,11,81.00,50,OK
2026-02-16T05:43:51.068Z,5,130.38,50,OK
2026-02-16T05:43:51.426Z,18,308.00,50,OK
2026-02-16T05:43:51.477Z,7,20.55,50,OK
2026-02-16T05:43:51.528Z,7,20.18,50,OK
2026-02-16T05:43:51.578Z,7,20.41,50,OK
2026-02-16T05:43:51.628Z,7,20.21,50,OK
2026-02-16T05:43:51.678Z,7,20.16,50,OK
2026-02-16T05:43:51.729Z,6,20.23,50,OK
2026-02-16T05:43:51.778Z,6,20.26,50,OK
2026-02-16T05:43:51.912Z,6,84.00,50,OK
2026-02-16T05:43:51.962Z,8,20.42,50,OK
2026-02-16T05:43:52.012Z,6,20.28,50,OK
2026-02-16T05:43:52.063Z,6,20.20,50,OK
2026-02-16T05:43:52.113Z,6,20.24,50,OK
2026-02-16T05:43:52.163Z,6,20.19,50,OK
2026-02-16T05:43:52.214Z,6,20.24,50,OK
2026-02-16T05:43:52.263Z,6,20.19,50,OK
2026-02-16T05:43:52.313Z,6,20.49,50,OK
2026-02-16T05:43:52.364Z,6,20.36,50,OK
2026-02-16T05:43:52.414Z,6,20.26,50,OK
2026-02-16T05:43:52.689Z,8,134.95,50,OK
2026-02-16T05:43:52.805Z,20,67.00,50,OK
2026-02-16T05:43:52.855Z,5,19.95,50,OK
2026-02-16T05:43:52.906Z,5,20.28,50,OK
2026-02-16T05:43:53.029Z,5,73.00,50,OK
2026-02-16T05:43:53.079Z,6,20.44,50,OK
2026-02-16T05:43:53.130Z,6,20.16,50,OK
2026-02-16T05:43:53.180Z,6,20.36,50,OK
2026-02-16T05:43:53.230Z,6,20.54,50,OK
2026-02-16T05:43:53.281Z,6,20.21,50,OK
2026-02-16T05:43:53.332Z,5,19.78,50,OK
2026-02-16T05:43:53.383Z,5,19.98,50,OK
2026-02-16T05:43:53.433Z,6,20.26,50,OK
2026-02-16T05:43:53.591Z,5,158.40,50,OK
2026-02-16T05:43:53.642Z,4,20.24,50,OK
2026-02-16T05:43:53.691Z,5,20.16,50,OK
2026-02-16T05:43:53.741Z,5,20.07,50,OK
2026-02-16T05:43:53.791Z,5,20.31,50,OK
2026-02-16T05:43:54.038Z,6,122.97,50,OK
2026-02-16T05:43:54.311Z,18,223.00,50,OK
2026-02-16T05:43:54.362Z,7,20.49,50,OK
2026-02-16T05:43:54.413Z,7,20.21,50,OK
2026-02-16T05:43:54.462Z,8,20.32,50,OK
2026-02-16T05:43:54.513Z,8,20.26,50,OK
2026-02-16T05:43:54.563Z,8,19.80,50,OK
2026-02-16T05:43:54.762Z,9,19.44,50,OK
2026-02-16T05:43:54.812Z,10,19.81,50,OK
2026-02-16T05:43:54.863Z,10,20.14,50,OK
2026-02-16T05:43:54.913Z,10,20.36,50,OK
2026-02-16T05:43:54.964Z,10,20.75,50,OK
2026-02-16T05:43:55.015Z,10,20.36,50,OK
2026-02-16T05:43:55.066Z,10,20.38,50,OK
2026-02-16T05:43:55.116Z,8,20.24,50,OK
2026-02-16T05:43:55.166Z,8,20.46,50,OK
2026-02-16T05:43:55.217Z,8,20.67,50,OK
2026-02-16T05:43:55.267Z,8,20.26,50,OK
2026-02-16T05:43:55.319Z,11,20.32,50,OK
2026-02-16T05:43:55.370Z,10,21.19,50,OK
2026-02-16T05:43:55.419Z,10,20.26,50,OK
2026-02-16T05:43:55.469Z,11,20.81,50,OK
2026-02-16T05:43:55.520Z,11,20.46,50,OK
2026-02-16T05:43:55.570Z,11,20.62,50,OK
2026-02-16T05:43:55.621Z,12,20.70,50,OK
2026-02-16T05:43:55.667Z,12,20.50,50,OK
2026-02-16T05:43:55.718Z,11,20.19,50,OK
2026-02-16T05:43:55.774Z,15,20.37,50,OK
2026-02-16T05:43:55.825Z,12,20.52,50,OK
2026-02-16T05:43:55.876Z,12,20.36,50,OK
2026-02-16T05:43:55.927Z,12,20.16,50,OK
2026-02-16T05:43:55.977Z,13,19.98,50,OK
2026-02-16T05:43:56.027Z,13,19.44,50,OK
2026-02-16T05:43:56.077Z,14,21.55,50,OK
2026-02-16T05:43:56.127Z,14,19.94,50,OK
2026-02-16T05:43:56.179Z,14,20.49,50,OK
2026-02-16T05:43:56.229Z,15,20.30,50,OK
2026-02-16T05:43:56.279Z,15,20.31,50,OK
2026-02-16T05:43:56.329Z,15,20.38,50,OK
2026-02-16T05:43:56.486Z,24,144.11,50,OK
2026-02-16T05:43:56.537Z,14,20.42,50,OK
2026-02-16T05:43:56.588Z,14,19.93,50,OK
2026-02-16T05:43:56.638Z,13,20.24,50,OK
2026-02-16T05:43:56.689Z,13,20.17,50,OK
2026-02-16T05:43:56.739Z,13,20.29,50,OK
2026-02-16T05:43:56.790Z,13,20.57,50,OK
2026-02-16T05:43:56.840Z,12,20.08,50,OK
2026-02-16T05:43:56.890Z,12,20.37,50,OK
2026-02-16T05:43:56.940Z,12,20.35,50,OK
2026-02-16T05:43:56.991Z,12,20.36,50,OK
2026-02-16T05:43:57.041Z,12,20.11,50,OK
2026-02-16T05:43:57.092Z,14,20.26,50,OK
2026-02-16T05:43:57.142Z,14,20.14,50,OK
2026-02-16T05:43:57.194Z,15,20.28,50,OK
2026-02-16T05:43:57.245Z,14,20.41,50,OK
2026-02-16T05:43:57.296Z,14,20.36,50,OK
2026-02-16T05:43:57.500Z,14,99.82,50,OK
2026-02-16T05:43:57.610Z,27,60.00,50,OK
2026-02-16T05:43:57.660Z,11,20.67,50,OK
2026-02-16T05:43:57.710Z,11,20.21,50,OK
2026-02-16T05:43:57.761Z,11,20.23,50,OK
2026-02-16T05:43:57.904Z,11,128.81,50,OK
2026-02-16T05:43:57.954Z,9,21.88,50,OK
2026-02-16T05:43:58.004Z,9,20.14,50,OK
2026-02-16T05:43:58.054Z,9,19.72,50,OK
2026-02-16T05:43:58.104Z,7,19.95,50,OK
2026-02-16T05:43:58.154Z,6,20.28,50,OK
2026-02-16T05:43:58.204Z,6,20.21,50,OK
2026-02-16T05:43:58.255Z,6,20.14,50,OK
2026-02-16T05:43:58.306Z,6,20.21,50,OK
2026-02-16T05:43:58.356Z,6,20.23,50,OK
2026-02-16T05:43:58.407Z,5,20.31,50,OK
2026-02-16T05:43:58.458Z,5,20.22,50,OK
2026-02-16T05:43:58.508Z,5,19.32,50,OK
2026-02-16T05:43:58.558Z,5,20.23,50,OK
2026-02-16T05:43:58.608Z,5,20.24,50,OK
2026-02-16T05:43:58.718Z,5,60.00,50,OK
2026-02-16T05:43:58.837Z,24,69.00,50,OK
2026-02-16T05:43:58.888Z,6,20.09,50,OK
2026-02-16T05:43:58.938Z,6,22.09,50,OK
2026-02-16T05:43:58.988Z,6,20.23,50,OK
2026-02-16T05:43:59.038Z,6,20.18,50,OK
2026-02-16T05:43:59.088Z,4,20.09,50,OK
2026-02-16T05:43:59.308Z,5,52.00,50,OK
2026-02-16T05:43:59.206Z,5,103.38,50,OK
2026-02-16T05:43:59.358Z,5,20.23,50,OK
2026-02-16T05:43:59.408Z,5,20.16,50,OK
2026-02-16T05:43:59.458Z,5,20.46,50,OK
2026-02-16T05:43:59.637Z,5,20.21,50,OK
2026-02-16T05:43:59.687Z,4,20.05,50,OK
2026-02-16T05:43:59.737Z,4,20.37,50,OK
2026-02-16T05:43:59.788Z,4,20.23,50,OK
2026-02-16T05:43:59.839Z,5,20.24,50,OK
2026-02-16T05:44:00.133Z,12,146.83,50,OK
2026-02-16T05:44:00.262Z,22,80.00,50,OK
2026-02-16T05:44:00.393Z,4,81.00,50,OK
2026-02-16T05:44:00.443Z,3,20.18,50,OK
2026-02-16T05:44:00.493Z,3,20.18,50,OK
2026-02-16T05:44:00.543Z,3,20.46,50,OK
2026-02-16T05:44:00.593Z,3,20.23,50,OK
2026-02-16T05:44:00.643Z,3,20.19,50,OK
2026-02-16T05:44:00.693Z,3,20.16,50,OK
2026-02-16T05:44:00.743Z,2,20.03,50,OK
2026-02-16T05:44:00.793Z,2,20.19,50,OK
2026-02-16T05:44:00.843Z,2,20.29,50,OK
2026-02-16T05:44:00.964Z,3,72.00,50,OK
2026-02-16T05:44:01.015Z,3,20.46,50,OK
2026-02-16T05:44:01.065Z,1,20.19,50,OK
2026-02-16T05:44:01.114Z,0,20.11,50,OK
2026-02-16T05:44:01.263Z,1,20.19,50,OK
2026-02-16T05:44:01.378Z,5,114.72,50,OK
2026-02-16T05:44:01.504Z,6,76.00,50,OK
2026-02-16T05:44:01.554Z,2,20.24,50,OK
2026-02-16T05:44:01.605Z,2,20.34,50,OK
2026-02-16T05:44:01.753Z,2,20.21,50,OK
2026-02-16T05:44:01.804Z,3,20.29,50,OK
2026-02-16T05:44:01.855Z,3,20.35,50,OK
2026-02-16T05:44:01.905Z,3,20.16,50,OK
2026-02-16T05:44:01.956Z,3,20.35,50,OK
2026-02-16T05:44:02.006Z,3,20.23,50,OK
2026-02-16T05:44:02.056Z,5,20.59,50,OK
2026-02-16T05:44:02.106Z,6,20.26,50,OK
2026-02-16T05:44:02.287Z,6,20.16,50,OK
2026-02-16T05:44:02.533Z,15,245.96,50,OK
2026-02-16T05:44:02.758Z,25,175.00,50,OK
2026-02-16T05:44:02.808Z,10,19.95,50,OK
2026-02-16T05:44:02.860Z,10,20.19,50,OK
2026-02-16T05:44:02.910Z,10,20.19,50,OK
2026-02-16T05:44:02.961Z,10,20.29,50,OK
2026-02-16T05:44:03.128Z,11,20.28,50,OK
2026-02-16T05:44:03.178Z,10,20.07,50,OK
2026-02-16T05:44:03.228Z,10,20.16,50,OK
2026-02-16T05:44:03.279Z,9,20.46,50,OK
2026-02-16T05:44:03.329Z,9,20.31,50,OK
2026-02-16T05:44:03.378Z,9,20.36,50,OK
2026-02-16T05:44:03.429Z,8,20.28,50,OK
2026-02-16T05:44:03.479Z,8,19.94,50,OK
2026-02-16T05:44:03.529Z,8,20.32,50,OK
2026-02-16T05:44:03.670Z,11,135.86,50,OK
2026-02-16T05:44:03.720Z,8,20.21,50,OK
2026-02-16T05:44:03.770Z,8,19.90,50,OK
2026-02-16T05:44:03.891Z,13,71.00,50,OK
2026-02-16T05:44:03.941Z,9,20.36,50,OK
2026-02-16T05:44:04.095Z,10,20.34,50,OK
2026-02-16T05:44:04.145Z,7,19.68,50,OK
2026-02-16T05:44:04.195Z,7,20.19,50,OK
2026-02-16T05:44:04.245Z,7,20.37,50,OK
2026-02-16T05:44:04.297Z,6,21.13,50,OK
2026-02-16T05:44:04.348Z,5,20.36,50,OK
2026-02-16T05:44:04.399Z,5,20.18,50,OK
2026-02-16T05:44:04.449Z,5,20.67,50,OK
2026-02-16T05:44:04.499Z,5,20.34,50,OK
2026-02-16T05:44:04.697Z,5,95.73,50,OK
2026-02-16T05:44:04.867Z,11,120.00,50,OK
2026-02-16T05:44:05.022Z,7,105.00,50,OK
2026-02-16T05:44:05.138Z,17,66.00,50,OK
2026-02-16T05:44:05.363Z,14,175.00,50,OK
2026-02-16T05:44:05.473Z,11,60.00,50,OK
2026-02-16T05:44:05.571Z,8,48.00,50,OK
2026-02-16T05:44:05.624Z,8,20.29,50,OK
2026-02-16T05:44:05.674Z,8,20.36,50,OK
2026-02-16T05:44:05.726Z,8,20.77,50,OK
2026-02-16T05:44:05.775Z,8,20.59,50,OK
2026-02-16T05:44:05.826Z,8,20.46,50,OK
2026-02-16T05:44:05.877Z,9,20.80,50,OK
2026-02-16T05:44:05.927Z,7,20.96,50,OK
2026-02-16T05:44:05.978Z,7,20.21,50,OK
2026-02-16T05:44:06.031Z,13,20.20,50,OK
2026-02-16T05:44:06.081Z,9,20.91,50,OK
2026-02-16T05:44:06.132Z,9,20.37,50,OK
2026-02-16T05:44:06.182Z,10,21.49,50,OK
2026-02-16T05:44:06.232Z,10,19.97,50,OK
2026-02-16T05:44:06.379Z,11,131.56,50,OK
2026-02-16T05:44:06.596Z,23,167.00,50,OK
2026-02-16T05:44:06.713Z,17,67.00,50,OK
2026-02-16T05:44:06.763Z,14,20.37,50,OK
2026-02-16T05:44:06.813Z,14,20.47,50,OK
2026-02-16T05:44:06.863Z,14,20.24,50,OK
2026-02-16T05:44:06.913Z,16,20.26,50,OK
2026-02-16T05:44:06.963Z,14,19.96,50,OK
2026-02-16T05:44:07.013Z,14,20.26,50,OK
2026-02-16T05:44:07.163Z,16,71.96,50,OK
2026-02-16T05:44:07.273Z,19,60.00,50,OK
2026-02-16T05:44:07.323Z,13,20.32,50,OK
2026-02-16T05:44:07.374Z,13,20.41,50,OK
2026-02-16T05:44:07.424Z,13,20.36,50,OK
2026-02-16T05:44:07.475Z,13,20.21,50,OK
2026-02-16T05:44:07.525Z,13,20.33,50,OK
2026-02-16T05:44:07.575Z,12,19.36,50,OK
2026-02-16T05:44:07.625Z,13,20.32,50,OK
2026-02-16T05:44:07.675Z,13,20.26,50,OK
2026-02-16T05:44:07.966Z,16,143.43,50,OK
2026-02-16T05:44:08.075Z,27,59.00,50,OK
2026-02-16T05:44:08.125Z,14,20.24,50,OK
2026-02-16T05:44:08.176Z,13,20.14,50,OK
2026-02-16T05:44:08.226Z,12,20.72,50,OK
2026-02-16T05:44:08.277Z,13,20.29,50,OK
2026-02-16T05:44:08.409Z,16,82.00,50,OK
2026-02-16T05:44:08.461Z,12,20.24,50,OK
2026-02-16T05:44:08.511Z,12,20.18,50,OK
2026-02-16T05:44:08.561Z,12,20.38,50,OK
2026-02-16T05:44:08.611Z,10,20.75,50,OK
2026-02-16T05:44:08.661Z,10,20.48,50,OK
2026-02-16T05:44:08.711Z,10,20.21,50,OK
2026-02-16T05:44:08.762Z,9,20.37,50,OK
2026-02-16T05:44:08.812Z,9,20.37,50,OK
2026-02-16T05:44:08.995Z,9,88.78,50,OK
2026-02-16T05:44:09.046Z,8,20.36,50,OK
2026-02-16T05:44:09.203Z,9,148.70,50,OK
2026-02-16T05:44:09.554Z,24,301.00,50,OK
2026-02-16T05:44:09.686Z,22,82.00,50,OK
2026-02-16T05:44:09.736Z,9,20.13,50,OK
2026-02-16T05:44:09.787Z,9,20.37,50,OK
2026-02-16T05:44:09.839Z,9,20.49,50,OK
2026-02-16T05:44:09.890Z,8,20.31,50,OK
2026-02-16T05:44:09.940Z,8,20.11,50,OK
2026-02-16T05:44:09.991Z,5,20.00,50,OK
2026-02-16T05:44:10.041Z,5,20.34,50,OK
2026-02-16T05:44:10.090Z,5,20.76,50,OK
2026-02-16T05:44:10.141Z,5,20.31,50,OK
2026-02-16T05:44:10.191Z,5,20.29,50,OK
2026-02-16T05:44:10.243Z,5,20.18,50,OK
2026-02-16T05:44:10.293Z,4,20.39,50,OK
2026-02-16T05:44:10.480Z,4,186.45,50,OK
2026-02-16T05:44:10.589Z,4,59.00,50,OK
2026-02-16T05:44:10.639Z,6,20.42,50,OK
2026-02-16T05:44:10.698Z,12,20.34,50,OK
2026-02-16T05:44:11.021Z,13,322.04,50,OK
2026-02-16T05:44:11.071Z,9,20.34,50,OK
2026-02-16T05:44:11.122Z,9,20.44,50,OK
2026-02-16T05:44:11.172Z,9,20.12,50,OK
2026-02-16T05:44:11.222Z,7,20.39,50,OK
2026-02-16T05:44:11.272Z,7,20.37,50,OK
2026-02-16T05:44:11.322Z,7,19.55,50,OK
2026-02-16T05:44:11.373Z,7,20.48,50,OK
2026-02-16T05:44:11.423Z,7,20.54,50,OK
2026-02-16T05:44:11.473Z,7,20.42,50,OK
2026-02-16T05:44:11.524Z,7,20.18,50,OK
2026-02-16T05:44:11.574Z,6,20.20,50,OK
2026-02-16T05:44:11.624Z,7,28.89,50,OK
2026-02-16T05:44:11.675Z,7,20.28,50,OK
2026-02-16T05:44:11.729Z,11,22.00,50,OK
2026-02-16T05:44:11.780Z,7,20.23,50,OK
2026-02-16T05:44:11.830Z,7,20.66,50,OK
2026-02-16T05:44:11.881Z,7,20.06,50,OK
2026-02-16T05:44:11.931Z,7,20.41,50,OK
2026-02-16T05:44:11.981Z,7,20.24,50,OK
2026-02-16T05:44:12.036Z,12,20.06,50,OK
2026-02-16T05:44:12.148Z,13,62.00,50,OK
2026-02-16T05:44:12.328Z,12,130.00,50,OK
2026-02-16T05:44:12.378Z,8,20.18,50,OK
2026-02-16T05:44:12.428Z,8,20.18,50,OK
2026-02-16T05:44:12.479Z,8,20.37,50,OK
2026-02-16T05:44:12.529Z,8,20.32,50,OK
2026-02-16T05:44:12.579Z,8,19.49,50,OK
2026-02-16T05:44:12.735Z,8,19.51,50,OK
2026-02-16T05:44:12.844Z,15,108.17,50,OK
2026-02-16T05:44:12.895Z,8,20.14,50,OK
2026-02-16T05:44:12.946Z,8,20.29,50,OK
2026-02-16T05:44:12.996Z,8,20.19,50,OK
2026-02-16T05:44:13.159Z,10,21.73,50,OK
2026-02-16T05:44:13.209Z,7,20.61,50,OK
2026-02-16T05:44:13.259Z,7,20.18,50,OK
2026-02-16T05:44:13.310Z,7,20.39,50,OK
2026-02-16T05:44:13.361Z,7,19.98,50,OK
2026-02-16T05:44:13.411Z,7,20.26,50,OK
2026-02-16T05:44:13.461Z,7,20.88,50,OK
2026-02-16T05:44:13.511Z,7,19.84,50,OK
2026-02-16T05:44:13.561Z,7,20.16,50,OK
2026-02-16T05:44:13.708Z,7,72.60,50,OK
2026-02-16T05:44:13.758Z,6,20.62,50,OK
2026-02-16T05:44:13.809Z,6,20.29,50,OK
2026-02-16T05:44:13.968Z,7,20.67,50,OK
2026-02-16T05:44:14.086Z,10,117.87,50,OK
2026-02-16T05:44:14.136Z,5,20.19,50,OK
2026-02-16T05:44:14.285Z,8,20.44,50,OK
2026-02-16T05:44:14.434Z,6,20.82,50,OK
2026-02-16T05:44:14.567Z,14,132.87,50,OK
2026-02-16T05:44:14.617Z,7,20.52,50,OK
2026-02-16T05:44:14.667Z,6,20.16,50,OK
2026-02-16T05:44:14.717Z,9,20.09,50,OK
2026-02-16T05:44:14.929Z,7,162.00,50,OK
2026-02-16T05:44:14.980Z,6,20.18,50,OK
2026-02-16T05:44:15.031Z,6,20.55,50,OK
2026-02-16T05:44:15.081Z,6,20.15,50,OK
2026-02-16T05:44:15.201Z,7,109.02,50,OK
2026-02-16T05:44:15.251Z,6,20.18,50,OK
2026-02-16T05:44:15.399Z,6,20.18,50,OK
2026-02-16T05:44:15.449Z,8,19.95,50,OK
2026-02-16T05:44:15.500Z,8,19.77,50,OK
2026-02-16T05:44:15.551Z,8,20.18,50,OK
2026-02-16T05:44:15.601Z,10,20.33,50,OK
2026-02-16T05:44:15.651Z,11,19.62,50,OK
2026-02-16T05:44:15.701Z,11,20.29,50,OK
2026-02-16T05:44:15.843Z,11,123.31,50,OK
2026-02-16T05:44:15.959Z,12,66.00,50,OK
2026-02-16T05:44:16.071Z,17,62.00,50,OK
2026-02-16T05:44:16.122Z,12,20.77,50,OK
2026-02-16T05:44:16.173Z,11,20.29,50,OK
2026-02-16T05:44:16.223Z,19,20.17,50,OK
2026-02-16T05:44:16.274Z,13,20.00,50,OK
2026-02-16T05:44:16.324Z,13,20.28,50,OK
2026-02-16T05:44:16.375Z,13,20.16,50,OK
2026-02-16T05:44:16.571Z,17,175.18,50,OK
2026-02-16T05:44:16.806Z,15,185.00,50,OK
2026-02-16T05:44:16.856Z,15,20.41,50,OK
2026-02-16T05:44:16.906Z,15,20.18,50,OK
2026-02-16T05:44:16.956Z,14,19.91,50,OK
2026-02-16T05:44:17.006Z,15,19.97,50,OK
2026-02-16T05:44:17.056Z,15,20.34,50,OK
2026-02-16T05:44:17.226Z,17,159.19,50,OK
2026-02-16T05:44:17.335Z,22,59.00,50,OK
2026-02-16T05:44:17.385Z,17,20.21,50,OK
2026-02-16T05:44:17.533Z,15,137.17,50,OK
2026-02-16T05:44:17.583Z,15,20.06,50,OK
2026-02-16T05:44:17.702Z,16,69.00,50,OK
2026-02-16T05:44:17.814Z,12,62.00,50,OK
2026-02-16T05:44:17.864Z,13,19.44,50,OK
2026-02-16T05:44:17.914Z,13,20.16,50,OK
2026-02-16T05:44:18.044Z,13,64.36,50,OK
2026-02-16T05:44:18.095Z,12,20.87,50,OK
2026-02-16T05:44:18.144Z,12,20.31,50,OK
2026-02-16T05:44:18.195Z,12,20.03,50,OK
2026-02-16T05:44:18.245Z,10,20.29,50,OK
2026-02-16T05:44:18.295Z,10,19.88,50,OK
2026-02-16T05:44:18.458Z,15,20.28,50,OK
2026-02-16T05:44:18.508Z,11,19.94,50,OK
2026-02-16T05:44:18.558Z,11,20.11,50,OK
2026-02-16T05:44:18.756Z,13,98.81,50,OK
2026-02-16T05:44:18.807Z,13,20.41,50,OK
2026-02-16T05:44:18.949Z,12,131.96,50,OK
2026-02-16T05:44:18.999Z,12,20.18,50,OK
2026-02-16T05:44:19.049Z,14,20.16,50,OK
2026-02-16T05:44:19.099Z,12,19.99,50,OK
2026-02-16T05:44:19.149Z,12,20.34,50,OK
2026-02-16T05:44:19.201Z,12,20.22,50,OK
2026-02-16T05:44:19.251Z,11,19.70,50,OK
2026-02-16T05:44:19.301Z,11,20.36,50,OK
2026-02-16T05:44:19.351Z,9,20.00,50,OK
2026-02-16T05:44:19.402Z,9,20.03,50,OK
2026-02-16T05:44:19.453Z,12,20.13,50,OK
2026-02-16T05:44:19.600Z,10,146.74,50,OK
2026-02-16T05:44:19.731Z,16,81.00,50,OK
2026-02-16T05:44:19.885Z,9,19.46,50,OK
2026-02-16T05:44:20.012Z,10,125.40,50,OK
2026-02-16T05:44:20.062Z,7,20.44,50,OK
2026-02-16T05:44:20.113Z,8,19.79,50,OK
2026-02-16T05:44:20.163Z,8,20.21,50,OK
2026-02-16T05:44:20.213Z,8,20.21,50,OK
2026-02-16T05:44:20.368Z,9,77.19,50,OK
2026-02-16T05:44:20.489Z,14,71.00,50,OK
2026-02-16T05:44:20.538Z,10,20.09,50,OK
2026-02-16T05:44:20.589Z,9,20.16,50,OK
2026-02-16T05:44:20.639Z,9,20.30,50,OK
2026-02-16T05:44:20.689Z,9,20.18,50,OK
2026-02-16T05:44:20.848Z,9,20.33,50,OK
2026-02-16T05:44:20.997Z,16,145.82,50,OK
2026-02-16T05:44:21.173Z,9,155.65,50,OK
2026-02-16T05:44:21.291Z,8,69.00,50,OK
2026-02-16T05:44:21.409Z,7,68.00,50,OK
2026-02-16T05:44:21.459Z,6,20.14,50,OK
2026-02-16T05:44:21.624Z,7,19.16,50,OK
2026-02-16T05:44:21.807Z,14,183.30,50,OK
2026-02-16T05:44:21.857Z,6,20.13,50,OK
2026-02-16T05:44:21.908Z,6,20.16,50,OK
2026-02-16T05:44:21.959Z,6,20.34,50,OK
2026-02-16T05:44:22.119Z,7,20.18,50,OK
2026-02-16T05:44:22.246Z,22,126.06,50,OK
2026-02-16T05:44:22.296Z,6,20.13,50,OK
2026-02-16T05:44:22.347Z,5,20.13,50,OK
2026-02-16T05:44:22.397Z,5,20.20,50,OK
2026-02-16T05:44:22.529Z,5,121.34,50,OK
2026-02-16T05:44:22.579Z,3,20.13,50,OK
2026-02-16T05:44:22.629Z,3,20.09,50,OK
2026-02-16T05:44:22.679Z,3,20.30,50,OK
2026-02-16T05:44:22.729Z,3,20.26,50,OK
2026-02-16T05:44:22.779Z,3,20.30,50,OK
2026-02-16T05:44:22.830Z,3,23.04,50,OK
2026-02-16T05:44:22.880Z,3,21.36,50,OK
2026-02-16T05:44:22.930Z,3,20.23,50,OK
2026-02-16T05:44:22.980Z,3,20.26,50,OK
2026-02-16T05:44:23.030Z,2,20.56,50,OK
2026-02-16T05:44:23.080Z,2,20.18,50,OK
2026-02-16T05:44:23.130Z,2,20.11,50,OK
2026-02-16T05:44:23.180Z,1,20.29,50,OK
2026-02-16T05:44:23.230Z,1,20.23,50,OK
2026-02-16T05:44:23.368Z,2,124.35,50,OK
2026-02-16T05:44:23.851Z,15,433.00,50,OK
2026-02-16T05:44:24.004Z,19,103.00,50,OK
2026-02-16T05:44:24.055Z,3,21.23,50,OK
2026-02-16T05:44:24.105Z,3,20.31,50,OK
2026-02-16T05:44:24.155Z,3,20.28,50,OK
2026-02-16T05:44:24.206Z,3,20.00,50,OK
2026-02-16T05:44:24.256Z,3,20.30,50,OK
2026-02-16T05:44:24.306Z,2,20.18,50,OK
2026-02-16T05:44:24.356Z,2,20.22,50,OK
2026-02-16T05:44:24.406Z,2,20.85,50,OK
2026-02-16T05:44:24.456Z,2,20.23,50,OK
2026-02-16T05:44:24.506Z,2,20.32,50,OK
2026-02-16T05:44:24.555Z,2,20.18,50,OK
2026-02-16T05:44:24.606Z,2,20.18,50,OK
2026-02-16T05:44:24.656Z,2,20.16,50,OK
2026-02-16T05:44:24.707Z,2,20.19,50,OK
2026-02-16T05:44:24.757Z,2,20.47,50,OK
2026-02-16T05:44:24.807Z,2,20.51,50,OK
2026-02-16T05:44:24.858Z,2,20.16,50,OK
2026-02-16T05:44:25.031Z,5,173.47,50,OK
2026-02-16T05:44:25.437Z,26,356.00,50,OK
2026-02-16T05:44:25.490Z,10,19.64,50,OK
2026-02-16T05:44:25.540Z,9,20.14,50,OK
2026-02-16T05:44:25.590Z,9,20.17,50,OK
2026-02-16T05:44:25.640Z,9,20.31,50,OK
2026-02-16T05:44:25.687Z,9,20.17,50,OK
2026-02-16T05:44:25.737Z,9,20.14,50,OK
2026-02-16T05:44:25.787Z,9,20.20,50,OK
2026-02-16T05:44:25.838Z,9,20.18,50,OK
2026-02-16T05:44:25.889Z,8,20.63,50,OK
2026-02-16T05:44:25.939Z,8,20.14,50,OK
2026-02-16T05:44:25.990Z,8,20.22,50,OK
2026-02-16T05:44:26.039Z,8,20.14,50,OK
2026-02-16T05:44:26.090Z,8,20.24,50,OK
2026-02-16T05:44:26.140Z,8,20.18,50,OK
2026-02-16T05:44:26.190Z,9,19.83,50,OK
2026-02-16T05:44:26.239Z,9,20.19,50,OK
2026-02-16T05:44:26.401Z,9,78.20,50,OK
2026-02-16T05:44:26.569Z,12,19.73,50,OK
2026-02-16T05:44:26.698Z,31,128.94,50,OK
2026-02-16T05:44:26.748Z,11,20.95,50,OK
2026-02-16T05:44:26.798Z,11,20.14,50,OK
2026-02-16T05:44:26.849Z,11,20.17,50,OK
2026-02-16T05:44:26.899Z,11,20.85,50,OK
2026-02-16T05:44:26.950Z,11,20.15,50,OK
2026-02-16T05:44:27.000Z,11,20.18,50,OK
2026-02-16T05:44:27.051Z,6,20.88,50,OK
2026-02-16T05:44:27.101Z,6,20.19,50,OK
2026-02-16T05:44:27.152Z,6,20.24,50,OK
2026-02-16T05:44:27.202Z,6,20.26,50,OK
2026-02-16T05:44:27.252Z,6,20.16,50,OK
2026-02-16T05:44:27.302Z,6,20.18,50,OK
2026-02-16T05:44:27.353Z,6,20.34,50,OK
2026-02-16T05:44:27.404Z,7,20.21,50,OK
2026-02-16T05:44:27.455Z,6,20.05,50,OK
2026-02-16T05:44:27.506Z,4,19.82,50,OK
2026-02-16T05:44:27.556Z,4,20.16,50,OK
2026-02-16T05:44:27.606Z,4,19.91,50,OK
2026-02-16T05:44:27.655Z,4,20.19,50,OK
2026-02-16T05:44:27.707Z,7,21.13,50,OK
2026-02-16T05:44:27.991Z,13,283.51,50,OK
2026-02-16T05:44:28.041Z,9,20.09,50,OK
2026-02-16T05:44:28.091Z,8,20.13,50,OK
2026-02-16T05:44:28.141Z,8,20.20,50,OK
2026-02-16T05:44:28.190Z,7,20.32,50,OK
2026-02-16T05:44:28.241Z,7,20.19,50,OK
2026-02-16T05:44:28.292Z,7,20.26,50,OK
2026-02-16T05:44:28.341Z,7,20.21,50,OK
2026-02-16T05:44:28.392Z,7,20.29,50,OK
2026-02-16T05:44:28.567Z,8,19.91,50,OK
2026-02-16T05:44:28.677Z,14,109.81,50,OK
2026-02-16T05:44:28.728Z,7,19.59,50,OK
2026-02-16T05:44:28.778Z,6,20.16,50,OK
2026-02-16T05:44:28.828Z,6,20.41,50,OK
2026-02-16T05:44:29.005Z,7,20.24,50,OK
2026-02-16T05:44:29.139Z,18,134.28,50,OK
2026-02-16T05:44:29.378Z,13,189.00,50,OK
2026-02-16T05:44:29.427Z,8,20.16,50,OK
2026-02-16T05:44:29.478Z,7,20.57,50,OK
2026-02-16T05:44:29.529Z,7,19.91,50,OK
2026-02-16T05:44:29.579Z,7,20.21,50,OK
2026-02-16T05:44:29.629Z,7,19.87,50,OK
2026-02-16T05:44:29.679Z,7,20.13,50,OK
2026-02-16T05:44:29.799Z,10,71.00,50,OK
2026-02-16T05:44:30.051Z,19,251.20,50,OK
2026-02-16T05:44:30.173Z,10,72.00,50,OK
2026-02-16T05:44:30.393Z,7,170.00,50,OK
2026-02-16T05:44:30.642Z,22,199.00,50,OK
2026-02-16T05:44:30.692Z,10,19.94,50,OK
2026-02-16T05:44:30.742Z,10,20.13,50,OK
2026-02-16T05:44:30.792Z,10,20.07,50,OK
2026-02-16T05:44:30.842Z,11,20.37,50,OK
2026-02-16T05:44:30.892Z,10,20.28,50,OK
2026-02-16T05:44:30.941Z,10,20.91,50,OK
2026-02-16T05:44:30.992Z,10,20.41,50,OK
2026-02-16T05:44:31.043Z,9,20.16,50,OK
2026-02-16T05:44:31.093Z,9,19.92,50,OK
2026-02-16T05:44:31.143Z,9,20.31,50,OK
2026-02-16T05:44:31.407Z,12,129.04,50,OK
2026-02-16T05:44:31.457Z,9,20.16,50,OK
2026-02-16T05:44:31.507Z,9,20.19,50,OK
2026-02-16T05:44:31.557Z,9,20.03,50,OK
2026-02-16T05:44:31.607Z,9,20.18,50,OK
2026-02-16T05:44:31.664Z,14,20.26,50,OK
2026-02-16T05:44:31.943Z,11,229.00,50,OK
2026-02-16T05:44:32.096Z,11,103.00,50,OK
2026-02-16T05:44:32.146Z,7,20.18,50,OK
2026-02-16T05:44:32.289Z,7,19.51,50,OK
2026-02-16T05:44:32.340Z,6,19.90,50,OK
2026-02-16T05:44:32.390Z,6,20.19,50,OK
2026-02-16T05:44:32.526Z,7,67.51,50,OK
2026-02-16T05:44:32.744Z,9,169.00,50,OK
2026-02-16T05:44:33.093Z,10,299.00,50,OK
2026-02-16T05:44:33.219Z,10,76.00,50,OK
2026-02-16T05:44:33.342Z,12,73.00,50,OK
2026-02-16T05:44:33.392Z,7,20.26,50,OK
2026-02-16T05:44:33.442Z,7,20.01,50,OK
2026-02-16T05:44:33.492Z,7,19.96,50,OK
2026-02-16T05:44:33.541Z,8,20.23,50,OK
2026-02-16T05:44:33.592Z,8,20.16,50,OK
2026-02-16T05:44:33.642Z,8,20.18,50,OK
2026-02-16T05:44:33.693Z,8,20.20,50,OK
2026-02-16T05:44:33.744Z,8,20.18,50,OK
2026-02-16T05:44:33.795Z,9,20.39,50,OK
2026-02-16T05:44:33.845Z,9,20.14,50,OK
2026-02-16T05:44:33.895Z,9,20.94,50,OK
2026-02-16T05:44:33.946Z,9,20.18,50,OK
2026-02-16T05:44:33.996Z,10,20.13,50,OK
2026-02-16T05:44:34.047Z,10,20.18,50,OK
2026-02-16T05:44:34.217Z,11,20.32,50,OK
2026-02-16T05:44:34.467Z,21,249.76,50,OK
2026-02-16T05:44:34.835Z,26,318.00,50,OK
2026-02-16T05:44:34.885Z,11,20.98,50,OK
2026-02-16T05:44:34.936Z,11,20.23,50,OK
2026-02-16T05:44:34.986Z,11,20.29,50,OK
2026-02-16T05:44:35.037Z,11,20.09,50,OK
2026-02-16T05:44:35.088Z,11,20.18,50,OK
2026-02-16T05:44:35.138Z,8,20.21,50,OK
2026-02-16T05:44:35.187Z,8,20.24,50,OK
2026-02-16T05:44:35.238Z,7,19.94,50,OK
2026-02-16T05:44:35.288Z,7,20.18,50,OK
2026-02-16T05:44:35.337Z,7,20.18,50,OK
2026-02-16T05:44:35.388Z,7,20.14,50,OK
2026-02-16T05:44:35.439Z,7,20.21,50,OK
2026-02-16T05:44:35.582Z,7,131.37,50,OK
2026-02-16T05:44:35.804Z,10,172.00,50,OK
2026-02-16T05:44:35.985Z,10,160.89,50,OK
2026-02-16T05:44:36.117Z,31,82.00,50,OK
2026-02-16T05:44:36.241Z,13,123.24,50,OK
2026-02-16T05:44:36.291Z,9,20.11,50,OK
2026-02-16T05:44:36.341Z,9,20.16,50,OK
2026-02-16T05:44:36.390Z,9,19.90,50,OK
2026-02-16T05:44:36.441Z,9,20.26,50,OK
2026-02-16T05:44:36.491Z,7,20.04,50,OK
2026-02-16T05:44:36.540Z,7,20.16,50,OK
2026-02-16T05:44:36.591Z,7,20.23,50,OK
2026-02-16T05:44:36.642Z,7,20.21,50,OK
2026-02-16T05:44:36.692Z,7,20.15,50,OK
2026-02-16T05:44:36.802Z,7,60.00,50,OK
2026-02-16T05:44:36.853Z,6,20.05,50,OK
2026-02-16T05:44:36.904Z,6,20.37,50,OK
2026-02-16T05:44:36.954Z,6,20.19,50,OK
2026-02-16T05:44:37.100Z,6,20.21,50,OK
2026-02-16T05:44:37.149Z,7,19.46,50,OK
2026-02-16T05:44:37.200Z,7,20.23,50,OK
2026-02-16T05:44:37.368Z,8,84.19,50,OK
2026-02-16T05:44:37.768Z,29,350.00,50,OK
2026-02-16T05:44:37.819Z,10,20.95,50,OK
2026-02-16T05:44:37.869Z,9,20.49,50,OK
2026-02-16T05:44:37.918Z,9,20.49,50,OK
2026-02-16T05:44:37.969Z,9,20.14,50,OK
2026-02-16T05:44:38.019Z,9,20.35,50,OK
2026-02-16T05:44:38.069Z,9,20.16,50,OK
2026-02-16T05:44:38.119Z,7,20.00,50,OK
2026-02-16T05:44:38.231Z,7,62.00,50,OK
2026-02-16T05:44:38.282Z,8,20.44,50,OK
2026-02-16T05:44:38.333Z,8,20.29,50,OK
2026-02-16T05:44:38.383Z,8,21.19,50,OK
2026-02-16T05:44:38.433Z,8,20.23,50,OK
2026-02-16T05:44:38.484Z,8,20.60,50,OK
2026-02-16T05:44:38.534Z,8,20.67,50,OK
2026-02-16T05:44:38.584Z,8,20.44,50,OK
2026-02-16T05:44:38.635Z,8,20.24,50,OK
2026-02-16T05:44:38.684Z,8,20.33,50,OK
2026-02-16T05:44:38.735Z,8,20.28,50,OK
2026-02-16T05:44:38.888Z,16,21.15,50,OK
2026-02-16T05:44:39.269Z,26,380.76,50,OK
2026-02-16T05:44:39.376Z,18,57.00,50,OK
2026-02-16T05:44:39.484Z,13,58.00,50,OK
2026-02-16T05:44:39.534Z,12,19.75,50,OK
2026-02-16T05:44:39.584Z,12,20.26,50,OK
2026-02-16T05:44:39.633Z,12,20.00,50,OK
2026-02-16T05:44:39.683Z,12,20.29,50,OK
2026-02-16T05:44:39.734Z,12,20.20,50,OK
2026-02-16T05:44:39.784Z,9,21.23,50,OK
2026-02-16T05:44:39.834Z,9,20.30,50,OK
2026-02-16T05:44:39.885Z,8,20.19,50,OK
2026-02-16T05:44:39.935Z,8,19.74,50,OK
2026-02-16T05:44:39.985Z,8,20.18,50,OK
2026-02-16T05:44:40.036Z,9,20.23,50,OK
2026-02-16T05:44:40.086Z,9,20.23,50,OK
2026-02-16T05:44:40.136Z,8,20.35,50,OK
2026-02-16T05:44:40.288Z,8,102.00,50,OK
2026-02-16T05:44:41.001Z,19,663.00,50,OK
2026-02-16T05:44:41.379Z,26,328.00,50,OK
2026-02-16T05:44:41.519Z,6,120.16,50,OK
2026-02-16T05:44:41.569Z,6,20.16,50,OK
2026-02-16T05:44:41.618Z,6,20.19,50,OK
2026-02-16T05:44:41.668Z,6,20.49,50,OK
2026-02-16T05:44:41.719Z,6,20.21,50,OK
2026-02-16T05:44:41.769Z,6,20.18,50,OK
2026-02-16T05:44:41.819Z,6,20.19,50,OK
2026-02-16T05:44:41.869Z,7,20.16,50,OK
2026-02-16T05:44:41.919Z,7,20.18,50,OK
2026-02-16T05:44:41.969Z,7,20.20,50,OK
2026-02-16T05:44:42.020Z,7,20.59,50,OK
2026-02-16T05:44:42.133Z,7,63.00,50,OK
2026-02-16T05:44:42.183Z,7,20.18,50,OK
2026-02-16T05:44:42.233Z,7,20.14,50,OK
2026-02-16T05:44:42.284Z,7,20.25,50,OK
2026-02-16T05:44:42.334Z,7,20.19,50,OK
2026-02-16T05:44:42.489Z,9,20.48,50,OK
2026-02-16T05:44:42.973Z,27,483.52,50,OK
2026-02-16T05:44:43.024Z,8,20.34,50,OK
2026-02-16T05:44:43.074Z,6,20.14,50,OK
2026-02-16T05:44:43.124Z,6,20.18,50,OK
2026-02-16T05:44:43.274Z,7,140.71,50,OK
2026-02-16T05:44:43.480Z,11,156.00,50,OK
2026-02-16T05:44:43.531Z,6,20.11,50,OK
2026-02-16T05:44:43.581Z,6,20.14,50,OK
2026-02-16T05:44:43.631Z,7,20.30,50,OK
2026-02-16T05:44:43.681Z,7,20.49,50,OK
2026-02-16T05:44:43.732Z,7,20.00,50,OK
2026-02-16T05:44:43.782Z,7,19.67,50,OK
2026-02-16T05:44:43.832Z,7,20.09,50,OK
2026-02-16T05:44:43.882Z,6,19.47,50,OK
2026-02-16T05:44:43.932Z,6,20.73,50,OK
2026-02-16T05:44:43.984Z,8,20.29,50,OK
2026-02-16T05:44:44.499Z,19,465.00,50,OK
2026-02-16T05:44:44.624Z,25,122.19,50,OK
2026-02-16T05:44:44.674Z,8,20.16,50,OK
2026-02-16T05:44:44.724Z,8,20.19,50,OK
2026-02-16T05:44:44.937Z,8,106.29,50,OK
2026-02-16T05:44:44.988Z,9,20.21,50,OK
2026-02-16T05:44:45.147Z,10,109.00,50,OK
2026-02-16T05:44:45.198Z,8,20.29,50,OK
2026-02-16T05:44:45.248Z,8,20.14,50,OK
2026-02-16T05:44:45.299Z,8,20.21,50,OK
2026-02-16T05:44:45.349Z,8,20.18,50,OK
2026-02-16T05:44:45.399Z,8,20.21,50,OK
2026-02-16T05:44:45.449Z,8,20.28,50,OK
2026-02-16T05:44:45.499Z,8,20.37,50,OK
2026-02-16T05:44:45.550Z,8,20.09,50,OK
2026-02-16T05:44:45.600Z,8,20.24,50,OK
2026-02-16T05:44:45.739Z,8,123.04,50,OK
2026-02-16T05:44:45.977Z,30,188.00,50,OK
2026-02-16T05:44:46.028Z,9,20.26,50,OK
2026-02-16T05:44:46.078Z,9,20.23,50,OK
2026-02-16T05:44:46.127Z,8,20.26,50,OK
2026-02-16T05:44:46.178Z,7,19.73,50,OK
2026-02-16T05:44:46.228Z,7,20.26,50,OK
2026-02-16T05:44:46.279Z,8,19.96,50,OK
2026-02-16T05:44:46.329Z,8,20.31,50,OK
2026-02-16T05:44:46.380Z,8,20.60,50,OK
2026-02-16T05:44:46.430Z,8,20.26,50,OK
2026-02-16T05:44:46.481Z,8,20.18,50,OK
2026-02-16T05:44:46.636Z,9,76.08,50,OK
2026-02-16T05:44:46.686Z,6,20.19,50,OK
2026-02-16T05:44:46.736Z,6,20.18,50,OK
2026-02-16T05:44:46.857Z,7,120.49,50,OK
2026-02-16T05:44:46.994Z,6,87.00,50,OK
2026-02-16T05:44:47.110Z,27,66.00,50,OK
2026-02-16T05:44:47.159Z,11,20.13,50,OK
2026-02-16T05:44:47.210Z,9,20.19,50,OK
2026-02-16T05:44:47.260Z,9,19.89,50,OK
2026-02-16T05:44:47.310Z,9,20.16,50,OK
2026-02-16T05:44:47.359Z,9,19.98,50,OK
2026-02-16T05:44:47.410Z,9,20.31,50,OK
2026-02-16T05:44:47.461Z,9,20.04,50,OK
2026-02-16T05:44:47.511Z,9,19.34,50,OK
2026-02-16T05:44:47.561Z,9,19.99,50,OK
2026-02-16T05:44:47.611Z,9,20.28,50,OK
2026-02-16T05:44:47.660Z,10,20.55,50,OK
2026-02-16T05:44:47.711Z,10,20.24,50,OK
2026-02-16T05:44:47.760Z,8,20.43,50,OK
2026-02-16T05:44:47.811Z,8,20.18,50,OK
2026-02-16T05:44:47.862Z,9,20.25,50,OK
2026-02-16T05:44:47.911Z,8,20.24,50,OK
2026-02-16T05:44:47.962Z,8,20.23,50,OK
2026-02-16T05:44:48.012Z,8,20.19,50,OK
2026-02-16T05:44:48.062Z,8,20.18,50,OK
2026-02-16T05:44:48.236Z,8,20.23,50,OK
2026-02-16T05:44:48.686Z,32,400.00,50,OK
2026-02-16T05:44:48.815Z,18,128.94,50,OK
2026-02-16T05:44:48.866Z,10,20.29,50,OK
2026-02-16T05:44:48.916Z,10,20.34,50,OK
2026-02-16T05:44:48.966Z,10,20.14,50,OK
2026-02-16T05:44:49.016Z,7,20.26,50,OK
2026-02-16T05:44:49.066Z,7,20.28,50,OK
2026-02-16T05:44:49.116Z,6,20.34,50,OK
2026-02-16T05:44:49.166Z,5,20.94,50,OK
2026-02-16T05:44:49.216Z,5,20.29,50,OK
2026-02-16T05:44:49.265Z,6,20.14,50,OK
2026-02-16T05:44:49.316Z,6,20.50,50,OK
2026-02-16T05:44:49.366Z,7,20.43,50,OK
2026-02-16T05:44:49.416Z,7,20.28,50,OK
2026-02-16T05:44:49.466Z,7,20.23,50,OK
2026-02-16T05:44:49.516Z,7,20.40,50,OK
2026-02-16T05:44:49.567Z,7,20.19,50,OK
2026-02-16T05:44:49.617Z,7,20.10,50,OK
2026-02-16T05:44:49.668Z,6,21.64,50,OK
2026-02-16T05:44:49.809Z,15,70.41,50,OK
2026-02-16T05:44:49.859Z,9,19.90,50,OK
2026-02-16T05:44:49.909Z,9,20.18,50,OK
2026-02-16T05:44:49.960Z,9,20.45,50,OK
2026-02-16T05:44:50.010Z,10,20.34,50,OK
2026-02-16T05:44:50.061Z,9,20.07,50,OK
2026-02-16T05:44:50.111Z,9,20.28,50,OK
2026-02-16T05:44:50.161Z,9,20.20,50,OK
2026-02-16T05:44:50.212Z,9,20.24,50,OK
2026-02-16T05:44:50.262Z,8,20.21,50,OK
2026-02-16T05:44:50.312Z,8,20.21,50,OK
2026-02-16T05:44:50.362Z,7,20.40,50,OK
2026-02-16T05:44:50.412Z,7,20.32,50,OK
2026-02-16T05:44:50.462Z,7,20.23,50,OK
2026-02-16T05:44:50.511Z,7,20.19,50,OK
2026-02-16T05:44:50.562Z,7,20.23,50,OK
2026-02-16T05:44:50.613Z,7,20.23,50,OK
2026-02-16T05:44:50.663Z,7,20.19,50,OK
2026-02-16T05:44:50.714Z,8,19.26,50,OK
2026-02-16T05:44:50.764Z,6,20.14,50,OK
2026-02-16T05:44:50.926Z,7,20.23,50,OK
2026-02-16T05:44:51.052Z,29,125.86,50,OK
2026-02-16T05:44:51.188Z,11,86.00,50,OK
2026-02-16T05:44:51.238Z,8,20.13,50,OK
2026-02-16T05:44:51.288Z,8,20.14,50,OK
2026-02-16T05:44:51.337Z,8,19.92,50,OK
2026-02-16T05:44:51.492Z,7,142.93,50,OK
2026-02-16T05:44:51.542Z,7,20.19,50,OK
2026-02-16T05:44:51.593Z,7,20.18,50,OK
2026-02-16T05:44:51.643Z,7,19.55,50,OK
2026-02-16T05:44:51.693Z,7,19.75,50,OK
2026-02-16T05:44:51.897Z,7,101.54,50,OK
2026-02-16T05:44:52.220Z,6,274.00,50,OK
2026-02-16T05:44:52.499Z,35,229.00,50,OK
2026-02-16T05:44:52.633Z,13,112.36,50,OK
2026-02-16T05:44:52.745Z,12,62.00,50,OK
2026-02-16T05:44:52.796Z,10,20.21,50,OK
2026-02-16T05:44:52.847Z,10,20.34,50,OK
2026-02-16T05:44:52.897Z,10,20.23,50,OK
2026-02-16T05:44:52.947Z,9,20.19,50,OK
2026-02-16T05:44:52.998Z,9,20.04,50,OK
2026-02-16T05:44:53.048Z,9,20.39,50,OK
2026-02-16T05:44:53.098Z,9,20.75,50,OK
2026-02-16T05:44:53.225Z,9,115.57,50,OK
2026-02-16T05:44:53.276Z,7,19.91,50,OK
2026-02-16T05:44:53.327Z,7,20.68,50,OK
2026-02-16T05:44:53.378Z,7,20.23,50,OK
2026-02-16T05:44:53.428Z,7,20.77,50,OK
2026-02-16T05:44:53.479Z,7,20.23,50,OK
2026-02-16T05:44:53.765Z,14,24.54,50,OK
2026-02-16T05:44:54.100Z,33,334.36,50,OK
2026-02-16T05:44:54.150Z,12,19.82,50,OK
2026-02-16T05:44:54.200Z,12,19.57,50,OK
2026-02-16T05:44:54.251Z,13,22.88,50,OK
2026-02-16T05:44:54.301Z,12,20.31,50,OK
2026-02-16T05:44:54.351Z,8,20.26,50,OK
2026-02-16T05:44:54.401Z,8,20.29,50,OK
2026-02-16T05:44:54.452Z,8,20.18,50,OK
2026-02-16T05:44:54.502Z,6,20.50,50,OK
2026-02-16T05:44:54.640Z,7,130.51,50,OK
2026-02-16T05:44:54.691Z,6,20.23,50,OK
2026-02-16T05:44:54.741Z,6,20.14,50,OK
2026-02-16T05:44:54.792Z,6,20.56,50,OK
2026-02-16T05:44:54.842Z,6,20.28,50,OK
2026-02-16T05:44:54.892Z,7,20.11,50,OK
2026-02-16T05:44:54.942Z,7,20.19,50,OK
2026-02-16T05:44:54.992Z,8,20.37,50,OK
2026-02-16T05:44:55.042Z,8,20.21,50,OK
2026-02-16T05:44:55.092Z,8,20.21,50,OK
2026-02-16T05:44:55.209Z,8,67.00,50,OK
2026-02-16T05:44:55.685Z,35,426.00,50,OK
2026-02-16T05:44:55.967Z,17,232.00,50,OK
2026-02-16T05:44:56.017Z,13,20.12,50,OK
2026-02-16T05:44:56.068Z,13,20.57,50,OK
2026-02-16T05:44:56.118Z,12,20.26,50,OK
2026-02-16T05:44:56.168Z,12,20.41,50,OK
2026-02-16T05:44:56.219Z,12,20.28,50,OK
2026-02-16T05:44:56.268Z,12,20.70,50,OK
2026-02-16T05:44:56.318Z,12,20.23,50,OK
2026-02-16T05:44:56.369Z,12,20.39,50,OK
2026-02-16T05:44:56.418Z,12,20.21,50,OK
2026-02-16T05:44:56.578Z,12,110.00,50,OK
2026-02-16T05:44:56.684Z,13,56.00,50,OK
2026-02-16T05:44:57.060Z,27,21.41,50,OK
2026-02-16T05:44:57.775Z,38,711.20,50,OK
2026-02-16T05:44:58.015Z,33,190.00,50,OK
2026-02-16T05:44:58.135Z,16,70.00,50,OK
2026-02-16T05:44:58.297Z,17,112.00,50,OK
2026-02-16T05:44:58.443Z,15,96.00,50,OK
2026-02-16T05:44:58.493Z,11,20.23,50,OK
2026-02-16T05:44:58.544Z,11,20.23,50,OK
2026-02-16T05:44:58.594Z,11,20.21,50,OK
2026-02-16T05:44:58.644Z,11,20.18,50,OK
2026-02-16T05:44:58.695Z,11,20.46,50,OK
2026-02-16T05:44:58.746Z,7,20.18,50,OK
2026-02-16T05:44:58.902Z,13,76.45,50,OK
2026-02-16T05:44:58.953Z,14,19.90,50,OK
2026-02-16T05:44:59.004Z,14,20.07,50,OK
2026-02-16T05:44:59.476Z,32,443.42,50,OK
2026-02-16T05:44:59.608Z,36,82.00,50,OK
2026-02-16T05:44:59.728Z,16,98.93,50,OK
2026-02-16T05:45:00.224Z,15,447.00,50,OK
2026-02-16T05:45:00.554Z,39,280.00,50,OK
2026-02-16T05:45:00.605Z,22,20.37,50,OK
2026-02-16T05:45:00.655Z,20,21.96,50,OK
2026-02-16T05:45:00.706Z,20,20.21,50,OK
2026-02-16T05:45:00.880Z,20,87.25,50,OK
2026-02-16T05:45:00.930Z,13,20.98,50,OK
2026-02-16T05:45:00.980Z,13,20.16,50,OK
2026-02-16T05:45:01.030Z,13,20.45,50,OK
2026-02-16T05:45:01.081Z,13,20.32,50,OK
2026-02-16T05:45:01.131Z,13,20.24,50,OK
2026-02-16T05:45:01.181Z,13,20.19,50,OK
2026-02-16T05:45:01.231Z,14,20.27,50,OK
2026-02-16T05:45:01.420Z,13,139.00,50,OK
2026-02-16T05:45:01.470Z,12,19.80,50,OK
2026-02-16T05:45:01.520Z,11,19.96,50,OK
2026-02-16T05:45:01.693Z,13,86.49,50,OK
2026-02-16T05:45:02.804Z,66,1061.00,50,SATURATED
2026-02-16T05:45:03.085Z,67,231.00,50,SATURATED
2026-02-16T05:45:03.280Z,13,145.00,50,OK
2026-02-16T05:45:03.330Z,11,19.68,50,OK
2026-02-16T05:45:03.381Z,11,20.18,50,OK
2026-02-16T05:45:03.430Z,11,20.02,50,OK
2026-02-16T05:45:03.627Z,11,20.21,50,OK
2026-02-16T05:45:03.678Z,11,19.89,50,OK
2026-02-16T05:45:03.728Z,11,20.73,50,OK
2026-02-16T05:45:03.778Z,11,20.07,50,OK
2026-02-16T05:45:03.828Z,15,22.47,50,OK
2026-02-16T05:45:03.958Z,17,122.65,50,OK
2026-02-16T05:45:04.190Z,27,182.00,50,OK
2026-02-16T05:45:04.977Z,66,737.00,50,SATURATED
2026-02-16T05:45:05.348Z,61,321.00,50,SATURATED
2026-02-16T05:45:05.511Z,46,113.00,50,OK
2026-02-16T05:45:05.697Z,21,136.00,50,OK
2026-02-16T05:45:05.808Z,19,61.00,50,OK
2026-02-16T05:45:05.858Z,14,20.14,50,OK
2026-02-16T05:45:05.909Z,14,20.29,50,OK
2026-02-16T05:45:05.959Z,14,20.35,50,OK
2026-02-16T05:45:06.127Z,18,20.54,50,OK
2026-02-16T05:45:06.386Z,32,259.06,50,OK
2026-02-16T05:45:06.850Z,40,414.00,50,OK
2026-02-16T05:45:07.250Z,58,350.00,50,SATURATED
2026-02-16T05:45:07.557Z,43,257.00,50,OK
2026-02-16T05:45:07.819Z,32,212.00,50,OK
2026-02-16T05:45:07.986Z,23,117.00,50,OK
2026-02-16T05:45:08.455Z,33,419.00,50,OK
2026-02-16T05:45:08.607Z,46,151.32,50,OK
2026-02-16T05:45:09.401Z,51,745.00,50,SATURATED
2026-02-16T05:45:09.573Z,47,122.00,50,OK
2026-02-16T05:45:10.079Z,28,506.59,50,OK
2026-02-16T05:45:10.131Z,17,20.41,50,OK
2026-02-16T05:45:10.251Z,16,102.47,50,OK
2026-02-16T05:45:10.301Z,18,20.46,50,OK
2026-02-16T05:45:10.351Z,18,20.18,50,OK
2026-02-16T05:45:10.402Z,18,19.82,50,OK
2026-02-16T05:45:10.780Z,33,367.13,50,OK
2026-02-16T05:45:11.071Z,57,241.00,50,SATURATED
2026-02-16T05:45:11.587Z,44,466.00,50,OK
2026-02-16T05:45:11.969Z,51,379.19,50,SATURATED
2026-02-16T05:45:12.301Z,33,282.00,50,OK
2026-02-16T05:45:13.008Z,64,706.48,50,SATURATED
2026-02-16T05:45:13.842Z,76,784.00,50,SATURATED
2026-02-16T05:45:15.137Z,67,1245.00,50,SATURATED
2026-02-16T05:45:16.855Z,108,1668.00,50,SATURATED
2026-02-16T05:45:17.832Z,117,927.00,50,SATURATED
2026-02-16T05:45:17.909Z,90,76.25,50,SATURATED
2026-02-16T05:45:18.549Z,83,590.00,50,SATURATED
2026-02-16T05:45:19.106Z,50,556.01,50,SATURATED
2026-02-16T05:45:22.202Z,95,3046.00,50,SATURATED
2026-02-16T05:45:23.881Z,130,1629.00,50,SATURATED
2026-02-16T05:45:24.454Z,137,523.00,50,SATURATED
2026-02-16T05:45:24.712Z,95,208.00,50,SATURATED
2026-02-16T05:45:25.144Z,49,382.00,50,OK
2026-02-16T05:45:26.136Z,64,942.00,50,SATURATED
2026-02-16T05:45:27.687Z,104,1501.00,50,SATURATED
2026-02-16T05:45:28.211Z,129,474.00,50,SATURATED
2026-02-16T05:45:28.389Z,82,128.00,50,SATURATED
2026-02-16T05:45:28.443Z,35,4.00,50,OK
2026-02-16T05:45:28.493Z,18,20.52,50,OK
2026-02-16T05:45:28.543Z,18,20.41,50,OK
2026-02-16T05:45:28.593Z,18,20.40,50,OK
2026-02-16T05:45:28.644Z,16,20.57,50,OK
2026-02-16T05:45:28.795Z,16,75.47,50,OK
2026-02-16T05:45:29.470Z,72,625.00,50,SATURATED
2026-02-16T05:45:30.387Z,134,867.00,50,SATURATED
2026-02-16T05:45:30.766Z,89,329.00,50,SATURATED
2026-02-16T05:45:31.308Z,69,538.71,50,SATURATED
2026-02-16T05:45:31.520Z,34,162.00,50,OK
2026-02-16T05:45:32.218Z,75,648.00,50,SATURATED
2026-02-16T05:45:33.062Z,75,794.00,50,SATURATED
2026-02-16T05:45:34.827Z,80,1715.00,50,SATURATED
2026-02-16T05:45:36.525Z,130,1698.17,50,SATURATED
2026-02-16T05:45:37.627Z,132,1052.00,50,SATURATED
2026-02-16T05:45:38.143Z,138,466.00,50,SATURATED
2026-02-16T05:45:38.204Z,92,11.00,50,SATURATED
2026-02-16T05:45:38.260Z,14,6.00,50,OK
2026-02-16T05:45:38.311Z,14,20.59,50,OK
2026-02-16T05:45:38.361Z,14,20.24,50,OK
2026-02-16T05:45:38.411Z,15,20.48,50,OK
2026-02-16T05:45:38.462Z,14,20.65,50,OK
2026-02-16T05:45:38.512Z,14,20.21,50,OK
2026-02-16T05:45:38.563Z,14,20.39,50,OK
2026-02-16T05:45:38.614Z,13,20.34,50,OK
2026-02-16T05:45:38.765Z,13,140.18,50,OK
2026-02-16T05:45:39.322Z,57,507.00,50,SATURATED
2026-02-16T05:45:40.581Z,134,1209.00,50,SATURATED
2026-02-16T05:45:40.993Z,117,362.00,50,SATURATED
2026-02-16T05:45:41.161Z,76,118.00,50,SATURATED
2026-02-16T05:45:41.291Z,27,130.12,50,OK
2026-02-16T05:45:41.341Z,21,20.18,50,OK
2026-02-16T05:45:41.392Z,21,20.39,50,OK
2026-02-16T05:45:41.442Z,20,20.64,50,OK
2026-02-16T05:45:41.492Z,20,20.13,50,OK
2026-02-16T05:45:41.543Z,20,20.08,50,OK
2026-02-16T05:45:41.708Z,20,20.31,50,OK
2026-02-16T05:45:42.792Z,71,1081.61,50,SATURATED
2026-02-16T05:45:44.398Z,128,1557.00,50,SATURATED
2026-02-16T05:45:45.005Z,105,557.00,50,SATURATED
2026-02-16T05:45:45.623Z,68,568.00,50,SATURATED
2026-02-16T05:45:46.385Z,90,712.00,50,SATURATED
2026-02-16T05:45:47.469Z,86,1034.00,50,SATURATED
2026-02-16T05:45:49.283Z,128,1764.00,50,SATURATED
2026-02-16T05:45:50.218Z,134,885.00,50,SATURATED
2026-02-16T05:45:50.299Z,42,31.00,50,OK
2026-02-16T05:45:50.417Z,22,67.00,50,OK
2026-02-16T05:45:51.030Z,48,613.68,50,OK
2026-02-16T05:45:51.080Z,9,0.00,50,OK
2026-02-16T05:45:51.130Z,9,20.16,50,OK
2026-02-16T05:45:51.180Z,9,20.31,50,OK
2026-02-16T05:45:51.364Z,9,90.69,50,OK
2026-02-16T05:45:52.889Z,124,1475.00,50,SATURATED
2026-02-16T05:45:53.745Z,133,806.00,50,SATURATED
2026-02-16T05:45:54.021Z,89,226.00,50,SATURATED
2026-02-16T05:45:54.304Z,75,233.00,50,SATURATED
2026-02-16T05:45:54.356Z,14,2.00,50,OK
2026-02-16T05:45:54.407Z,13,20.26,50,OK
2026-02-16T05:45:54.460Z,13,20.18,50,OK
2026-02-16T05:45:54.510Z,11,20.37,50,OK
2026-02-16T05:45:54.560Z,11,20.55,50,OK
2026-02-16T05:45:54.611Z,11,19.32,50,OK
2026-02-16T05:45:54.661Z,13,21.54,50,OK
2026-02-16T05:45:54.711Z,11,20.08,50,OK
2026-02-16T05:45:54.903Z,12,93.89,50,OK
2026-02-16T05:45:55.202Z,56,249.00,50,SATURATED
2026-02-16T05:45:56.351Z,52,1099.00,50,SATURATED
2026-02-16T05:45:58.118Z,121,1717.00,50,SATURATED
2026-02-16T05:45:58.587Z,134,419.00,50,SATURATED
2026-02-16T05:45:58.639Z,88,2.00,50,SATURATED
2026-02-16T05:45:58.691Z,25,44.38,50,OK
2026-02-16T05:45:58.741Z,24,20.19,50,OK
2026-02-16T05:45:58.791Z,24,20.52,50,OK
2026-02-16T05:45:58.841Z,24,20.18,50,OK
2026-02-16T05:45:58.891Z,26,20.29,50,OK
2026-02-16T05:45:58.941Z,21,19.94,50,OK
2026-02-16T05:45:58.992Z,21,20.19,50,OK
2026-02-16T05:45:59.042Z,21,20.19,50,OK
2026-02-16T05:45:59.092Z,19,20.26,50,OK
2026-02-16T05:45:59.257Z,22,19.68,50,OK
2026-02-16T05:45:59.383Z,52,125.08,50,SATURATED
2026-02-16T05:45:59.433Z,22,20.14,50,OK
2026-02-16T05:45:59.483Z,22,21.52,50,OK
2026-02-16T05:45:59.533Z,21,20.71,50,OK
2026-02-16T05:45:59.714Z,21,20.14,50,OK
2026-02-16T05:46:01.298Z,131,1579.68,50,SATURATED
2026-02-16T05:46:02.495Z,132,1147.00,50,SATURATED
2026-02-16T05:46:02.584Z,91,39.00,50,SATURATED
2026-02-16T05:46:02.933Z,57,299.00,50,SATURATED
2026-02-16T05:46:03.068Z,21,85.00,50,OK
2026-02-16T05:46:03.118Z,12,20.26,50,OK
2026-02-16T05:46:03.168Z,13,19.80,50,OK
2026-02-16T05:46:03.218Z,13,20.25,50,OK
2026-02-16T05:46:03.268Z,13,19.46,50,OK
2026-02-16T05:46:03.319Z,13,20.23,50,OK
2026-02-16T05:46:03.370Z,13,20.26,50,OK
2026-02-16T05:46:03.421Z,13,20.49,50,OK
2026-02-16T05:46:03.471Z,13,20.37,50,OK
2026-02-16T05:46:03.718Z,17,243.86,50,OK
2026-02-16T05:46:04.516Z,114,748.00,50,SATURATED
2026-02-16T05:46:05.655Z,126,1089.00,50,SATURATED
2026-02-16T05:46:06.515Z,134,810.00,50,SATURATED
2026-02-16T05:46:06.580Z,91,15.00,50,SATURATED
2026-02-16T05:46:06.637Z,42,56.77,50,OK
2026-02-16T05:46:06.687Z,19,21.37,50,OK
2026-02-16T05:46:06.841Z,24,142.93,50,OK
2026-02-16T05:46:07.229Z,38,338.00,50,OK
2026-02-16T05:46:07.279Z,16,21.05,50,OK
2026-02-16T05:46:07.330Z,16,20.50,50,OK
2026-02-16T05:46:07.381Z,16,20.21,50,OK
2026-02-16T05:46:07.431Z,16,20.64,50,OK
2026-02-16T05:46:07.481Z,16,20.63,50,OK
2026-02-16T05:46:07.913Z,18,19.80,50,OK
2026-02-16T05:46:09.769Z,145,1852.31,50,SATURATED
2026-02-16T05:46:10.712Z,134,893.00,50,SATURATED
2026-02-16T05:46:10.872Z,92,110.00,50,SATURATED
2026-02-16T05:46:10.922Z,46,0.00,50,OK
2026-02-16T05:46:11.188Z,28,216.00,50,OK
2026-02-16T05:46:11.338Z,12,148.31,50,OK
2026-02-16T05:46:11.390Z,14,20.19,50,OK
2026-02-16T05:46:11.440Z,10,20.33,50,OK
2026-02-16T05:46:11.491Z,10,20.21,50,OK
2026-02-16T05:46:11.542Z,9,20.41,50,OK
2026-02-16T05:46:11.756Z,13,111.00,50,OK
2026-02-16T05:46:11.595Z,11,20.83,50,OK
2026-02-16T05:46:12.123Z,46,317.00,50,OK
2026-02-16T05:46:12.914Z,109,741.00,50,SATURATED
2026-02-16T05:46:13.646Z,104,731.12,50,SATURATED
2026-02-16T05:46:13.922Z,67,226.00,50,SATURATED
2026-02-16T05:46:14.289Z,49,317.00,50,OK
2026-02-16T05:46:14.976Z,63,637.00,50,SATURATED
2026-02-16T05:46:16.491Z,103,1465.00,50,SATURATED
2026-02-16T05:46:16.957Z,122,416.00,50,SATURATED
2026-02-16T05:46:17.120Z,75,113.00,50,SATURATED
2026-02-16T05:46:17.260Z,33,139.40,50,OK
2026-02-16T05:46:17.310Z,13,20.21,50,OK
2026-02-16T05:46:17.360Z,13,20.54,50,OK
2026-02-16T05:46:17.411Z,13,20.69,50,OK
2026-02-16T05:46:17.461Z,11,20.72,50,OK
2026-02-16T05:46:17.622Z,16,79.36,50,OK
2026-02-16T05:46:17.852Z,57,180.00,50,SATURATED
2026-02-16T05:46:17.902Z,17,19.49,50,OK
2026-02-16T05:46:17.953Z,19,20.21,50,OK
2026-02-16T05:46:18.096Z,19,93.00,50,OK
2026-02-16T05:46:18.533Z,64,387.00,50,SATURATED
2026-02-16T05:46:20.198Z,81,1664.61,50,SATURATED
2026-02-16T05:46:21.122Z,106,874.00,50,SATURATED
2026-02-16T05:46:21.440Z,75,317.59,50,SATURATED
2026-02-16T05:46:22.192Z,95,702.00,50,SATURATED
2026-02-16T05:46:22.939Z,94,697.00,50,SATURATED
2026-02-16T05:46:23.897Z,99,908.00,50,SATURATED
2026-02-16T05:46:24.755Z,107,808.00,50,SATURATED
2026-02-16T05:46:25.265Z,121,460.00,50,SATURATED
2026-02-16T05:46:25.958Z,128,643.00,50,SATURATED
2026-02-16T05:46:27.084Z,128,1076.00,50,SATURATED
2026-02-16T05:46:28.441Z,181,1354.24,50,SATURATED
2026-02-16T05:46:29.733Z,197,1242.00,50,SATURATED
2026-02-16T05:46:30.583Z,213,800.00,50,SATURATED
2026-02-16T05:46:30.642Z,182,9.00,50,SATURATED
2026-02-16T05:46:30.710Z,142,18.00,50,SATURATED
2026-02-16T05:46:30.784Z,92,24.00,50,SATURATED
2026-02-16T05:46:31.297Z,64,463.00,50,SATURATED
2026-02-16T05:46:31.563Z,55,216.00,50,SATURATED
2026-02-16T05:46:31.976Z,28,363.00,50,OK
2026-02-16T05:46:34.001Z,208,1975.00,50,SATURATED
2026-02-16T05:46:34.929Z,246,878.00,50,SATURATED
2026-02-16T05:46:35.053Z,225,74.00,50,SATURATED
2026-02-16T05:46:35.533Z,207,430.00,50,SATURATED
2026-02-16T05:46:35.624Z,117,41.00,50,SATURATED
2026-02-16T05:46:35.673Z,67,0.00,50,SATURATED
2026-02-16T05:46:35.724Z,28,38.16,50,OK
2026-02-16T05:46:35.775Z,29,20.37,50,OK
2026-02-16T05:46:35.825Z,27,20.88,50,OK
2026-02-16T05:46:35.875Z,28,20.50,50,OK
2026-02-16T05:46:35.927Z,32,21.65,50,OK
2026-02-16T05:46:36.080Z,32,20.34,50,OK
2026-02-16T05:46:37.057Z,92,974.39,50,SATURATED
2026-02-16T05:46:41.119Z,268,4012.00,50,SATURATED
2026-02-16T05:46:41.669Z,270,500.00,50,SATURATED
2026-02-16T05:46:42.270Z,260,551.00,50,SATURATED
2026-02-16T05:46:43.015Z,265,695.00,50,SATURATED
2026-02-16T05:46:44.228Z,297,1163.00,50,SATURATED
2026-02-16T05:46:45.679Z,352,1401.00,50,SATURATED
2026-02-16T05:46:47.062Z,366,1333.00,50,SATURATED
2026-02-16T05:46:48.114Z,383,1002.00,50,SATURATED
2026-02-16T05:46:49.096Z,398,932.00,50,SATURATED
2026-02-16T05:46:49.254Z,364,108.00,50,SATURATED
2026-02-16T05:46:49.572Z,373,268.00,50,SATURATED
2026-02-16T05:46:49.767Z,280,46.61,50,SATURATED
2026-02-16T05:46:49.937Z,231,169.41,50,SATURATED
2026-02-16T05:46:50.026Z,136,39.00,50,SATURATED
2026-02-16T05:46:50.085Z,87,9.00,50,SATURATED
2026-02-16T05:46:50.466Z,40,190.63,50,OK
2026-02-16T05:46:51.794Z,90,1278.00,50,SATURATED
2026-02-16T05:46:56.479Z,397,4635.00,50,SATURATED
2026-02-16T05:46:57.282Z,407,753.00,50,SATURATED
2026-02-16T05:46:57.700Z,389,368.00,50,SATURATED
2026-02-16T05:46:58.417Z,358,667.00,50,SATURATED
2026-02-16T05:46:59.300Z,385,833.00,50,SATURATED
2026-02-16T05:47:00.061Z,385,711.00,50,SATURATED
2026-02-16T05:47:00.610Z,388,499.00,50,SATURATED
2026-02-16T05:47:01.769Z,383,1109.00,50,SATURATED
2026-02-16T05:47:04.082Z,423,2307.92,50,SATURATED
2026-02-16T05:47:05.271Z,431,1139.00,50,SATURATED
2026-02-16T05:47:05.855Z,437,534.00,50,SATURATED
2026-02-16T05:47:05.911Z,392,6.00,50,SATURATED
2026-02-16T05:47:05.963Z,342,2.00,50,SATURATED
2026-02-16T05:47:06.016Z,292,3.00,50,SATURATED
2026-02-16T05:47:06.077Z,243,60.44,50,SATURATED
2026-02-16T05:47:06.166Z,143,39.00,50,SATURATED
2026-02-16T05:47:06.219Z,94,3.00,50,SATURATED
2026-02-16T05:47:06.276Z,44,7.00,50,OK
2026-02-16T05:47:06.619Z,36,171.71,50,OK
2026-02-16T05:47:06.786Z,13,142.54,50,OK
2026-02-16T05:47:06.837Z,13,20.16,50,OK
2026-02-16T05:47:07.039Z,19,20.01,50,OK
2026-02-16T05:47:09.800Z,146,2760.90,50,SATURATED
2026-02-16T05:47:13.106Z,409,3256.00,50,SATURATED
2026-02-16T05:47:13.400Z,406,244.00,50,SATURATED
2026-02-16T05:47:13.509Z,309,59.00,50,SATURATED
2026-02-16T05:47:13.830Z,217,46.74,50,SATURATED
2026-02-16T05:47:13.996Z,170,116.00,50,SATURATED
2026-02-16T05:47:14.138Z,123,92.00,50,SATURATED
2026-02-16T05:47:14.530Z,106,391.25,50,SATURATED
2026-02-16T05:47:16.151Z,198,1571.00,50,SATURATED
2026-02-16T05:47:20.051Z,410,3850.00,50,SATURATED
2026-02-16T05:47:21.339Z,430,1238.00,50,SATURATED
2026-02-16T05:47:22.767Z,429,1378.00,50,SATURATED
2026-02-16T05:47:23.318Z,437,501.00,50,SATURATED
2026-02-16T05:47:23.397Z,342,29.00,50,SATURATED
2026-02-16T05:47:23.477Z,242,35.73,50,SATURATED
2026-02-16T05:47:23.557Z,143,41.80,50,SATURATED
2026-02-16T05:47:23.636Z,44,42.48,50,OK
2026-02-16T05:47:23.686Z,12,23.36,50,OK
2026-02-16T05:47:23.737Z,12,20.34,50,OK
2026-02-16T05:47:23.934Z,10,94.56,50,OK
2026-02-16T05:47:24.795Z,52,811.00,50,SATURATED
2026-02-16T05:47:30.384Z,409,5539.00,50,SATURATED
2026-02-16T05:47:30.930Z,391,535.17,50,SATURATED
2026-02-16T05:47:31.226Z,386,247.00,50,SATURATED
2026-02-16T05:47:31.278Z,339,2.00,50,SATURATED
2026-02-16T05:47:31.358Z,241,30.00,50,SATURATED
2026-02-16T05:47:31.461Z,144,46.84,50,SATURATED
2026-02-16T05:47:31.714Z,124,251.59,50,SATURATED
2026-02-16T05:47:31.787Z,28,23.00,50,OK
2026-02-16T05:47:31.908Z,29,120.88,50,OK
2026-02-16T05:47:32.037Z,21,79.00,50,OK
2026-02-16T05:47:32.182Z,69,143.98,50,SATURATED
2026-02-16T05:47:32.232Z,29,20.24,50,OK
2026-02-16T05:47:32.389Z,44,145.16,50,OK
2026-02-16T05:47:33.932Z,167,1493.00,50,SATURATED
2026-02-16T05:47:37.760Z,406,3778.00,50,SATURATED
2026-02-16T05:47:38.583Z,435,773.00,50,SATURATED
2026-02-16T05:47:38.633Z,392,0.00,50,SATURATED
2026-02-16T05:47:38.682Z,342,0.00,50,SATURATED
2026-02-16T05:47:38.766Z,243,34.00,50,SATURATED
2026-02-16T05:47:39.343Z,181,527.00,50,SATURATED
2026-02-16T05:47:39.613Z,141,269.35,50,SATURATED
2026-02-16T05:47:40.116Z,119,453.00,50,SATURATED
2026-02-16T05:47:43.201Z,314,3035.00,50,SATURATED
2026-02-16T05:47:45.674Z,420,2423.00,50,SATURATED
2026-02-16T05:47:46.360Z,436,636.00,50,SATURATED
2026-02-16T05:47:46.513Z,390,103.00,50,SATURATED
2026-02-16T05:47:46.606Z,292,43.00,50,SATURATED
2026-02-16T05:47:46.660Z,243,4.00,50,SATURATED
2026-02-16T05:47:47.088Z,173,48.41,50,SATURATED
2026-02-16T05:47:47.244Z,142,155.91,50,SATURATED
2026-02-16T05:47:47.330Z,44,36.00,50,OK
2026-02-16T05:47:47.383Z,18,19.62,50,OK
2026-02-16T05:47:47.486Z,20,53.00,50,OK
2026-02-16T05:47:48.173Z,42,637.00,50,OK
2026-02-16T05:47:51.691Z,283,3468.00,50,SATURATED
2026-02-16T05:47:53.838Z,395,2097.00,50,SATURATED
2026-02-16T05:47:54.371Z,413,532.28,50,SATURATED
2026-02-16T05:47:54.528Z,374,107.00,50,SATURATED
2026-02-16T05:47:54.688Z,326,110.00,50,SATURATED
2026-02-16T05:47:54.771Z,229,33.00,50,SATURATED
2026-02-16T05:47:54.851Z,129,39.01,50,SATURATED
2026-02-16T05:47:55.086Z,93,185.00,50,SATURATED
2026-02-16T05:47:55.676Z,73,592.18,50,SATURATED
2026-02-16T05:47:56.315Z,106,589.00,50,SATURATED
2026-02-16T05:47:58.849Z,286,2484.00,50,SATURATED
2026-02-16T05:48:00.722Z,333,1823.00,50,SATURATED
2026-02-16T05:48:01.203Z,333,431.00,50,SATURATED
2026-02-16T05:48:01.364Z,286,160.24,50,SATURATED
2026-02-16T05:48:01.442Z,188,28.00,50,SATURATED
2026-02-16T05:48:01.505Z,138,62.67,50,SATURATED
2026-02-16T05:48:01.586Z,39,31.00,50,OK
2026-02-16T05:48:01.636Z,15,20.28,50,OK
2026-02-16T05:48:01.687Z,15,20.11,50,OK
2026-02-16T05:48:01.873Z,15,20.35,50,OK
2026-02-16T05:48:02.425Z,48,550.24,50,OK
2026-02-16T05:48:03.366Z,106,891.00,50,SATURATED
2026-02-16T05:48:05.624Z,198,2208.00,50,SATURATED
2026-02-16T05:48:07.170Z,220,1496.00,50,SATURATED
2026-02-16T05:48:07.993Z,217,773.00,50,SATURATED
2026-02-16T05:48:08.135Z,172,92.00,50,SATURATED
2026-02-16T05:48:08.220Z,73,43.99,50,SATURATED
2026-02-16T05:48:08.458Z,48,189.00,50,OK
2026-02-16T05:48:08.509Z,19,21.06,50,OK
2026-02-16T05:48:08.559Z,18,20.26,50,OK
2026-02-16T05:48:08.609Z,18,20.34,50,OK
2026-02-16T05:48:08.659Z,19,20.37,50,OK
2026-02-16T05:48:08.710Z,19,20.23,50,OK
2026-02-16T05:48:08.762Z,17,20.50,50,OK
2026-02-16T05:48:08.813Z,16,20.63,50,OK
2026-02-16T05:48:08.865Z,17,20.28,50,OK
2026-02-16T05:48:08.916Z,16,20.15,50,OK
2026-02-16T05:48:08.967Z,13,23.03,50,OK
2026-02-16T05:48:09.017Z,17,19.84,50,OK
2026-02-16T05:48:09.252Z,21,185.00,50,OK
2026-02-16T05:48:11.085Z,115,1783.00,50,SATURATED
2026-02-16T05:48:11.648Z,121,513.00,50,SATURATED
2026-02-16T05:48:11.802Z,74,104.00,50,SATURATED
2026-02-16T05:48:11.852Z,14,20.31,50,OK
2026-02-16T05:48:11.903Z,15,20.16,50,OK
2026-02-16T05:48:11.953Z,15,20.37,50,OK
2026-02-16T05:48:12.004Z,15,20.32,50,OK
2026-02-16T05:48:12.054Z,15,20.36,50,OK
2026-02-16T05:48:12.227Z,17,86.52,50,OK
2026-02-16T05:48:12.379Z,16,131.56,50,OK
2026-02-16T05:48:12.611Z,16,212.14,50,OK
2026-02-16T05:48:12.732Z,30,71.00,50,OK
2026-02-16T05:48:13.509Z,44,727.00,50,OK
2026-02-16T05:48:14.493Z,64,934.00,50,SATURATED
2026-02-16T05:48:14.623Z,31,80.00,50,OK
2026-02-16T05:48:14.752Z,23,79.00,50,OK
2026-02-16T05:48:14.803Z,13,20.11,50,OK
2026-02-16T05:48:14.853Z,13,20.77,50,OK
2026-02-16T05:48:14.904Z,13,20.18,50,OK
2026-02-16T05:48:14.954Z,13,20.26,50,OK
2026-02-16T05:48:15.003Z,12,20.56,50,OK
2026-02-16T05:48:15.054Z,12,20.49,50,OK
2026-02-16T05:48:15.105Z,11,20.47,50,OK
2026-02-16T05:48:15.156Z,11,20.19,50,OK
2026-02-16T05:48:15.207Z,11,20.30,50,OK
2026-02-16T05:48:15.257Z,11,20.29,50,OK
2026-02-16T05:48:15.307Z,11,20.28,50,OK
2026-02-16T05:48:15.357Z,11,20.54,50,OK
2026-02-16T05:48:15.407Z,11,20.53,50,OK
2026-02-16T05:48:15.457Z,11,20.23,50,OK
2026-02-16T05:48:15.850Z,21,23.13,50,OK
2026-02-16T05:48:16.193Z,58,342.75,50,SATURATED
2026-02-16T05:48:16.343Z,16,100.00,50,OK
2026-02-16T05:48:16.462Z,15,69.00,50,OK
2026-02-16T05:48:16.513Z,12,20.31,50,OK
2026-02-16T05:48:16.563Z,11,20.59,50,OK
2026-02-16T05:48:16.613Z,11,20.30,50,OK
2026-02-16T05:48:16.664Z,11,20.85,50,OK
2026-02-16T05:48:16.713Z,11,20.40,50,OK
2026-02-16T05:48:16.764Z,10,21.34,50,OK
2026-02-16T05:48:16.813Z,10,20.68,50,OK
2026-02-16T05:48:16.863Z,13,20.18,50,OK
2026-02-16T05:48:16.914Z,10,20.36,50,OK
2026-02-16T05:48:16.964Z,10,20.29,50,OK
2026-02-16T05:48:17.014Z,10,20.48,50,OK
2026-02-16T05:48:17.064Z,10,20.31,50,OK
2026-02-16T05:48:17.115Z,10,20.39,50,OK
2026-02-16T05:48:17.165Z,10,20.48,50,OK
2026-02-16T05:48:17.391Z,11,19.70,50,OK
2026-02-16T05:48:18.044Z,32,603.00,50,OK
2026-02-16T05:48:18.179Z,25,129.07,50,OK
2026-02-16T05:48:18.305Z,8,107.64,50,OK
2026-02-16T05:48:18.356Z,8,20.21,50,OK
2026-02-16T05:48:18.406Z,8,20.28,50,OK
2026-02-16T05:48:18.456Z,8,20.70,50,OK
2026-02-16T05:48:18.506Z,7,20.31,50,OK
2026-02-16T05:48:18.556Z,7,20.15,50,OK
2026-02-16T05:48:18.605Z,7,20.18,50,OK
2026-02-16T05:48:18.656Z,7,20.03,50,OK
2026-02-16T05:48:18.706Z,7,20.41,50,OK
2026-02-16T05:48:18.756Z,7,20.37,50,OK
2026-02-16T05:48:18.807Z,7,21.06,50,OK
2026-02-16T05:48:18.858Z,7,20.40,50,OK
2026-02-16T05:48:18.909Z,7,20.46,50,OK
2026-02-16T05:48:18.960Z,7,20.41,50,OK
2026-02-16T05:48:19.010Z,7,20.42,50,OK
2026-02-16T05:48:19.061Z,7,20.28,50,OK
2026-02-16T05:48:19.112Z,7,20.39,50,OK
2026-02-16T05:48:19.162Z,7,20.30,50,OK
2026-02-16T05:48:19.297Z,12,115.51,50,OK
2026-02-16T05:48:19.401Z,10,54.00,50,OK
2026-02-16T05:48:19.452Z,9,20.32,50,OK
2026-02-16T05:48:19.501Z,9,19.70,50,OK
2026-02-16T05:48:19.552Z,9,20.54,50,OK
2026-02-16T05:48:19.602Z,9,20.24,50,OK
2026-02-16T05:48:19.653Z,9,20.16,50,OK
2026-02-16T05:48:19.704Z,9,20.56,50,OK
2026-02-16T05:48:19.755Z,9,20.55,50,OK
2026-02-16T05:48:19.805Z,6,20.02,50,OK
2026-02-16T05:48:19.855Z,6,20.73,50,OK
2026-02-16T05:48:19.905Z,6,20.21,50,OK
2026-02-16T05:48:19.956Z,6,20.38,50,OK
2026-02-16T05:48:20.006Z,6,20.24,50,OK
2026-02-16T05:48:20.057Z,4,20.43,50,OK
2026-02-16T05:48:20.107Z,4,19.98,50,OK
2026-02-16T05:48:20.158Z,4,20.29,50,OK
2026-02-16T05:48:20.208Z,2,19.82,50,OK
2026-02-16T05:48:20.258Z,2,20.23,50,OK
2026-02-16T05:48:20.308Z,2,20.21,50,OK
2026-02-16T05:48:20.358Z,2,20.51,50,OK
2026-02-16T05:48:20.518Z,2,20.14,50,OK
2026-02-16T05:48:20.569Z,3,19.95,50,OK
2026-02-16T05:48:20.620Z,3,20.23,50,OK
2026-02-16T05:48:20.669Z,3,20.28,50,OK
2026-02-16T05:48:20.720Z,3,20.05,50,OK
2026-02-16T05:48:20.770Z,3,20.18,50,OK
2026-02-16T05:48:20.821Z,3,20.32,50,OK
2026-02-16T05:48:20.870Z,3,20.52,50,OK
2026-02-16T05:48:20.921Z,3,20.64,50,OK
2026-02-16T05:48:20.972Z,3,20.26,50,OK
2026-02-16T05:48:21.023Z,3,19.80,50,OK
2026-02-16T05:48:21.073Z,3,20.34,50,OK
2026-02-16T05:48:21.124Z,3,20.21,50,OK
2026-02-16T05:48:21.175Z,2,20.32,50,OK
2026-02-16T05:48:21.225Z,2,20.73,50,OK
2026-02-16T05:48:21.275Z,2,20.45,50,OK
2026-02-16T05:48:21.326Z,1,21.01,50,OK
2026-02-16T05:48:21.376Z,1,19.96,50,OK
2026-02-16T05:48:21.426Z,1,20.57,50,OK
2026-02-16T05:48:21.477Z,1,20.16,50,OK
2026-02-16T05:48:21.529Z,1,20.49,50,OK
2026-02-16T05:48:21.579Z,1,20.41,50,OK
2026-02-16T05:48:21.629Z,1,19.42,50,OK
2026-02-16T05:48:21.680Z,1,20.48,50,OK
2026-02-16T05:48:21.730Z,1,19.51,50,OK
2026-02-16T05:48:21.780Z,1,20.26,50,OK
2026-02-16T05:48:21.830Z,1,20.50,50,OK
2026-02-16T05:48:21.880Z,1,20.67,50,OK
2026-02-16T05:48:21.931Z,1,20.29,50,OK
2026-02-16T05:48:21.981Z,1,20.37,50,OK
2026-02-16T05:48:22.031Z,1,20.36,50,OK
2026-02-16T05:48:22.081Z,1,20.26,50,OK
2026-02-16T05:48:22.131Z,1,20.40,50,OK
2026-02-16T05:48:22.180Z,1,20.23,50,OK
2026-02-16T05:48:22.231Z,1,19.76,50,OK
2026-02-16T05:48:22.280Z,1,20.42,50,OK
2026-02-16T05:48:22.331Z,1,19.98,50,OK
2026-02-16T05:48:22.381Z,1,20.24,50,OK
2026-02-16T05:48:22.431Z,1,19.91,50,OK
2026-02-16T05:48:22.482Z,1,20.34,50,OK
2026-02-16T05:48:22.533Z,0,20.68,50,OK
2026-02-16T05:48:22.583Z,0,20.52,50,OK
2026-02-16T05:48:22.633Z,0,20.34,50,OK
2026-02-16T05:48:22.683Z,0,19.36,50,OK
2026-02-16T05:48:22.733Z,0,20.16,50,OK
2026-02-16T05:48:22.784Z,0,20.23,50,OK
2026-02-16T05:48:22.834Z,0,20.05,50,OK
2026-02-16T05:48:22.885Z,0,20.18,50,OK
2026-02-16T05:48:22.935Z,0,20.46,50,OK
2026-02-16T05:48:22.986Z,0,20.23,50,OK
2026-02-16T05:48:23.036Z,0,20.00,50,OK
2026-02-16T05:48:23.085Z,0,20.19,50,OK
2026-02-16T05:48:23.136Z,0,20.26,50,OK
2026-02-16T05:48:23.186Z,0,19.90,50,OK
2026-02-16T05:48:23.237Z,0,20.26,50,OK
2026-02-16T05:48:23.287Z,0,20.56,50,OK
2026-02-16T05:48:23.337Z,0,20.16,50,OK
2026-02-16T05:48:23.387Z,0,20.41,50,OK
2026-02-16T05:48:23.437Z,0,20.52,50,OK
2026-02-16T05:48:23.487Z,0,19.82,50,OK
2026-02-16T05:48:23.537Z,0,20.34,50,OK
2026-02-16T05:48:23.588Z,0,20.28,50,OK
2026-02-16T05:48:23.638Z,0,20.36,50,OK
2026-02-16T05:48:23.688Z,0,20.37,50,OK
2026-02-16T05:48:23.739Z,0,20.46,50,OK
2026-02-16T05:48:23.789Z,0,20.21,50,OK
2026-02-16T05:48:23.839Z,0,20.37,50,OK
2026-02-16T05:48:23.890Z,0,20.54,50,OK
2026-02-16T05:48:23.940Z,0,20.00,50,OK
2026-02-16T05:48:23.990Z,0,20.31,50,OK
2026-02-16T05:48:24.041Z,0,20.08,50,OK
2026-02-16T05:48:24.091Z,0,20.73,50,OK
2026-02-16T05:48:24.141Z,0,20.25,50,OK
2026-02-16T05:48:24.191Z,0,20.37,50,OK
2026-02-16T05:48:24.241Z,0,20.63,50,OK
2026-02-16T05:48:24.292Z,0,20.26,50,OK
2026-02-16T05:48:24.343Z,0,20.78,50,OK
2026-02-16T05:48:24.393Z,0,20.37,50,OK
2026-02-16T05:48:24.443Z,0,20.35,50,OK
2026-02-16T05:48:24.494Z,0,20.80,50,OK
2026-02-16T05:48:24.544Z,0,20.43,50,OK
2026-02-16T05:48:24.595Z,0,20.23,50,OK
2026-02-16T05:48:24.645Z,0,20.26,50,OK
2026-02-16T05:48:24.694Z,0,20.23,50,OK
2026-02-16T05:48:24.745Z,0,20.44,50,OK
2026-02-16T05:48:24.796Z,0,20.26,50,OK
2026-02-16T05:48:24.847Z,0,19.88,50,OK
2026-02-16T05:48:24.896Z,0,20.29,50,OK
2026-02-16T05:48:24.947Z,0,19.92,50,OK
2026-02-16T05:48:24.997Z,0,20.18,50,OK
2026-02-16T05:48:25.048Z,0,20.32,50,OK
2026-02-16T05:48:25.098Z,0,20.16,50,OK
2026-02-16T05:48:25.149Z,0,19.80,50,OK
2026-02-16T05:48:25.199Z,0,20.26,50,OK
2026-02-16T05:48:25.250Z,0,19.86,50,OK
2026-02-16T05:48:25.300Z,0,20.24,50,OK
2026-02-16T05:48:25.350Z,0,20.45,50,OK
2026-02-16T05:48:25.400Z,0,20.24,50,OK
2026-02-16T05:48:25.451Z,0,20.31,50,OK
2026-02-16T05:48:25.501Z,0,20.19,50,OK
2026-02-16T05:48:25.552Z,0,20.37,50,OK
2026-02-16T05:48:25.602Z,0,20.18,50,OK
2026-02-16T05:48:25.653Z,0,20.59,50,OK
2026-02-16T05:48:25.701Z,0,20.37,50,OK
2026-02-16T05:48:25.751Z,0,20.77,50,OK
2026-02-16T05:48:25.801Z,0,20.34,50,OK
2026-02-16T05:48:25.852Z,0,20.47,50,OK
2026-02-16T05:48:25.903Z,0,20.65,50,OK
2026-02-16T05:48:25.954Z,0,20.19,50,OK
2026-02-16T05:48:26.004Z,0,20.30,50,OK
2026-02-16T05:48:26.055Z,0,20.29,50,OK
2026-02-16T05:48:26.105Z,0,20.58,50,OK
2026-02-16T05:48:26.155Z,0,20.54,50,OK
2026-02-16T05:48:26.205Z,0,20.46,50,OK
2026-02-16T05:48:26.256Z,0,20.42,50,OK
2026-02-16T05:48:26.306Z,0,20.37,50,OK
2026-02-16T05:48:26.357Z,0,20.39,50,OK
2026-02-16T05:48:26.407Z,0,20.40,50,OK
2026-02-16T05:48:26.458Z,0,20.82,50,OK
2026-02-16T05:48:26.508Z,0,20.36,50,OK
2026-02-16T05:48:26.558Z,0,21.03,50,OK
2026-02-16T05:48:26.609Z,0,20.28,50,OK
2026-02-16T05:48:26.659Z,0,19.96,50,OK
2026-02-16T05:48:26.709Z,0,20.50,50,OK
2026-02-16T05:48:26.760Z,0,20.75,50,OK
2026-02-16T05:48:26.811Z,0,20.44,50,OK
2026-02-16T05:48:26.861Z,0,20.12,50,OK
2026-02-16T05:48:26.911Z,0,20.41,50,OK
2026-02-16T05:48:26.961Z,0,20.27,50,OK
2026-02-16T05:48:27.013Z,0,20.57,50,OK
2026-02-16T05:48:27.063Z,0,20.06,50,OK
2026-02-16T05:48:27.113Z,0,20.18,50,OK
2026-02-16T05:48:27.163Z,0,20.46,50,OK
2026-02-16T05:48:27.213Z,0,20.28,50,OK
2026-02-16T05:48:27.263Z,0,20.42,50,OK
2026-02-16T05:48:27.314Z,0,20.37,50,OK
2026-02-16T05:48:27.364Z,0,20.71,50,OK
2026-02-16T05:48:27.415Z,0,20.41,50,OK
2026-02-16T05:48:27.465Z,0,20.92,50,OK
2026-02-16T05:48:27.516Z,0,20.49,50,OK
2026-02-16T05:48:27.567Z,0,20.66,50,OK
2026-02-16T05:48:27.618Z,0,20.29,50,OK
2026-02-16T05:48:27.668Z,0,20.62,50,OK
2026-02-16T05:48:27.718Z,0,20.56,50,OK
2026-02-16T05:48:27.768Z,0,20.57,50,OK
2026-02-16T05:48:27.818Z,0,20.32,50,OK
2026-02-16T05:48:27.868Z,0,20.68,50,OK
2026-02-16T05:48:27.918Z,0,20.37,50,OK
2026-02-16T05:48:27.969Z,0,20.78,50,OK
2026-02-16T05:48:28.019Z,0,20.52,50,OK
2026-02-16T05:48:28.070Z,0,21.05,50,OK
2026-02-16T05:48:28.120Z,0,20.43,50,OK
2026-02-16T05:48:28.170Z,0,21.03,50,OK
2026-02-16T05:48:28.221Z,0,20.52,50,OK
2026-02-16T05:48:28.272Z,0,20.89,50,OK
2026-02-16T05:48:28.322Z,0,20.31,50,OK
2026-02-16T05:48:28.372Z,0,20.37,50,OK
2026-02-16T05:48:28.422Z,0,20.52,50,OK
2026-02-16T05:48:28.473Z,0,20.12,50,OK
2026-02-16T05:48:28.524Z,0,20.37,50,OK
2026-02-16T05:48:28.574Z,0,20.57,50,OK
2026-02-16T05:48:28.624Z,0,19.39,50,OK
2026-02-16T05:48:28.674Z,0,20.42,50,OK
2026-02-16T05:48:28.725Z,0,20.24,50,OK
2026-02-16T05:48:28.775Z,0,20.09,50,OK
2026-02-16T05:48:28.825Z,0,20.46,50,OK
2026-02-16T05:48:28.876Z,0,20.56,50,OK
2026-02-16T05:48:28.926Z,0,20.54,50,OK
2026-02-16T05:48:28.976Z,0,19.97,50,OK
2026-02-16T05:48:29.026Z,0,20.50,50,OK
2026-02-16T05:48:29.077Z,0,20.60,50,OK
2026-02-16T05:48:29.127Z,0,20.46,50,OK
2026-02-16T05:48:29.177Z,0,21.06,50,OK
2026-02-16T05:48:29.227Z,0,20.03,50,OK
2026-02-16T05:48:29.277Z,0,19.95,50,OK
2026-02-16T05:48:29.327Z,0,20.32,50,OK
2026-02-16T05:48:29.378Z,0,20.67,50,OK
2026-02-16T05:48:29.428Z,0,20.36,50,OK
2026-02-16T05:48:29.479Z,0,20.59,50,OK
2026-02-16T05:48:29.529Z,0,20.32,50,OK
2026-02-16T05:48:29.580Z,0,20.03,50,OK
2026-02-16T05:48:29.630Z,0,20.31,50,OK
2026-02-16T05:48:29.681Z,0,21.11,50,OK
2026-02-16T05:48:29.732Z,0,20.59,50,OK
2026-02-16T05:48:29.783Z,0,20.68,50,OK
2026-02-16T05:48:29.834Z,0,20.37,50,OK
2026-02-16T05:48:29.884Z,0,20.80,50,OK
2026-02-16T05:48:29.934Z,0,20.37,50,OK
2026-02-16T05:48:29.984Z,0,21.06,50,OK
2026-02-16T05:48:30.036Z,0,20.31,50,OK
2026-02-16T05:48:30.086Z,0,20.16,50,OK
2026-02-16T05:48:30.138Z,0,20.42,50,OK
2026-02-16T05:48:30.188Z,0,20.83,50,OK
2026-02-16T05:48:30.238Z,0,20.39,50,OK
2026-02-16T05:48:30.288Z,0,20.39,50,OK
2026-02-16T05:48:30.339Z,0,20.45,50,OK
2026-02-16T05:48:30.389Z,0,20.37,50,OK
2026-02-16T05:48:30.440Z,0,20.41,50,OK
2026-02-16T05:48:30.490Z,0,20.47,50,OK
2026-02-16T05:48:30.540Z,0,20.28,50,OK
2026-02-16T05:48:30.590Z,0,19.49,50,OK
2026-02-16T05:48:30.640Z,0,20.32,50,OK
2026-02-16T05:48:30.691Z,0,20.37,50,OK
2026-02-16T05:48:30.741Z,0,20.77,50,OK
2026-02-16T05:48:30.791Z,0,20.23,50,OK
2026-02-16T05:48:30.841Z,0,20.21,50,OK
2026-02-16T05:48:30.891Z,0,20.33,50,OK
2026-02-16T05:48:30.942Z,0,20.55,50,OK
2026-02-16T05:48:30.992Z,0,20.62,50,OK
2026-02-16T05:48:31.042Z,0,20.52,50,OK
2026-02-16T05:48:31.092Z,0,20.68,50,OK
2026-02-16T05:48:31.142Z,0,20.49,50,OK
2026-02-16T05:48:31.193Z,0,20.01,50,OK
2026-02-16T05:48:31.244Z,0,20.54,50,OK
2026-02-16T05:48:31.294Z,0,20.36,50,OK
2026-02-16T05:48:31.344Z,0,20.29,50,OK
2026-02-16T05:48:31.394Z,0,20.14,50,OK
2026-02-16T05:48:31.445Z,0,20.21,50,OK
2026-02-16T05:48:31.495Z,0,20.25,50,OK
2026-02-16T05:48:31.545Z,0,20.29,50,OK
2026-02-16T05:48:31.595Z,0,20.38,50,OK
2026-02-16T05:48:31.645Z,0,20.39,50,OK
2026-02-16T05:48:31.695Z,0,20.32,50,OK
2026-02-16T05:48:31.746Z,0,20.36,50,OK
2026-02-16T05:48:31.796Z,0,20.95,50,OK
2026-02-16T05:48:31.846Z,0,19.74,50,OK
2026-02-16T05:48:31.897Z,0,20.80,50,OK
2026-02-16T05:48:31.947Z,0,19.91,50,OK
2026-02-16T05:48:31.998Z,0,20.82,50,OK
2026-02-16T05:48:32.048Z,0,20.28,50,OK
2026-02-16T05:48:32.098Z,0,20.47,50,OK
2026-02-16T05:48:32.150Z,0,20.35,50,OK
2026-02-16T05:48:32.200Z,0,20.31,50,OK
2026-02-16T05:48:32.250Z,0,20.44,50,OK
2026-02-16T05:48:32.301Z,0,20.52,50,OK
2026-02-16T05:48:32.351Z,0,20.33,50,OK
2026-02-16T05:48:32.401Z,0,20.46,50,OK
2026-02-16T05:48:32.451Z,0,20.33,50,OK
2026-02-16T05:48:32.501Z,0,20.42,50,OK
2026-02-16T05:48:32.552Z,0,20.55,50,OK
2026-02-16T05:48:32.602Z,0,20.57,50,OK
2026-02-16T05:48:32.652Z,0,20.55,50,OK
2026-02-16T05:48:32.703Z,0,20.41,50,OK
2026-02-16T05:48:32.753Z,0,20.60,50,OK
2026-02-16T05:48:32.803Z,0,20.64,50,OK
2026-02-16T05:48:32.853Z,0,20.50,50,OK
2026-02-16T05:48:32.905Z,0,20.69,50,OK
2026-02-16T05:48:32.956Z,0,20.34,50,OK
2026-02-16T05:48:33.006Z,0,20.70,50,OK
2026-02-16T05:48:33.056Z,0,20.39,50,OK
2026-02-16T05:48:33.106Z,0,20.14,50,OK
2026-02-16T05:48:33.157Z,0,20.19,50,OK
2026-02-16T05:48:33.207Z,0,20.56,50,OK
2026-02-16T05:48:33.257Z,0,20.46,50,OK
2026-02-16T05:48:33.307Z,0,20.48,50,OK
2026-02-16T05:48:33.357Z,0,20.44,50,OK
2026-02-16T05:48:33.407Z,0,20.26,50,OK
2026-02-16T05:48:33.457Z,0,20.46,50,OK
2026-02-16T05:48:33.507Z,0,20.46,50,OK
2026-02-16T05:48:33.557Z,0,20.43,50,OK
2026-02-16T05:48:33.607Z,0,20.23,50,OK
2026-02-16T05:48:33.657Z,0,20.38,50,OK
2026-02-16T05:48:33.708Z,0,20.54,50,OK
2026-02-16T05:48:33.758Z,0,20.19,50,OK
2026-02-16T05:48:33.808Z,0,20.19,50,OK
2026-02-16T05:48:33.858Z,0,20.25,50,OK
2026-02-16T05:48:33.908Z,0,20.47,50,OK
2026-02-16T05:48:33.959Z,0,20.52,50,OK
2026-02-16T05:48:34.009Z,0,19.89,50,OK
2026-02-16T05:48:34.060Z,0,20.36,50,OK
2026-02-16T05:48:34.110Z,0,20.19,50,OK
2026-02-16T05:48:34.160Z,0,20.37,50,OK
2026-02-16T05:48:34.211Z,0,20.77,50,OK
2026-02-16T05:48:34.262Z,0,20.54,50,OK
2026-02-16T05:48:34.312Z,0,20.55,50,OK
2026-02-16T05:48:34.362Z,0,20.55,50,OK
2026-02-16T05:48:34.412Z,0,20.67,50,OK
2026-02-16T05:48:34.463Z,0,20.41,50,OK
2026-02-16T05:48:34.513Z,0,20.45,50,OK
2026-02-16T05:48:34.565Z,0,20.57,50,OK
2026-02-16T05:48:34.615Z,0,20.53,50,OK
2026-02-16T05:48:34.665Z,0,20.23,50,OK
2026-02-16T05:48:34.715Z,0,20.29,50,OK
2026-02-16T05:48:34.765Z,0,20.37,50,OK
2026-02-16T05:48:34.815Z,0,20.32,50,OK
2026-02-16T05:48:34.865Z,0,20.64,50,OK
2026-02-16T05:48:34.916Z,0,20.55,50,OK
2026-02-16T05:48:34.966Z,0,20.32,50,OK
2026-02-16T05:48:35.016Z,0,20.23,50,OK
2026-02-16T05:48:35.067Z,0,19.64,50,OK
2026-02-16T05:48:35.118Z,0,20.11,50,OK
2026-02-16T05:48:35.168Z,0,20.31,50,OK
2026-02-16T05:48:35.218Z,0,20.19,50,OK
2026-02-16T05:48:35.268Z,0,20.85,50,OK
2026-02-16T05:48:35.318Z,0,20.50,50,OK
2026-02-16T05:48:35.367Z,0,20.41,50,OK
2026-02-16T05:48:35.418Z,0,20.49,50,OK
2026-02-16T05:48:35.468Z,0,20.45,50,OK
2026-02-16T05:48:35.519Z,0,20.39,50,OK
2026-02-16T05:48:35.568Z,0,20.45,50,OK
2026-02-16T05:48:35.619Z,0,20.24,50,OK
2026-02-16T05:48:35.669Z,0,20.40,50,OK
2026-02-16T05:48:35.720Z,0,20.39,50,OK
2026-02-16T05:48:35.771Z,0,20.55,50,OK
2026-02-16T05:48:35.822Z,0,20.09,50,OK
2026-02-16T05:48:35.873Z,0,20.76,50,OK
2026-02-16T05:48:35.923Z,0,20.34,50,OK
2026-02-16T05:48:35.973Z,0,20.19,50,OK
2026-02-16T05:48:36.024Z,0,20.34,50,OK
2026-02-16T05:48:36.074Z,0,20.41,50,OK
2026-02-16T05:48:36.125Z,0,20.36,50,OK
2026-02-16T05:48:36.176Z,0,20.39,50,OK
2026-02-16T05:48:36.226Z,0,20.47,50,OK
2026-02-16T05:48:36.277Z,0,20.36,50,OK
2026-02-16T05:48:36.327Z,0,20.55,50,OK
2026-02-16T05:48:36.378Z,0,20.54,50,OK
2026-02-16T05:48:36.428Z,0,20.57,50,OK
2026-02-16T05:48:36.479Z,0,20.39,50,OK
2026-02-16T05:48:36.529Z,0,20.45,50,OK
2026-02-16T05:48:36.579Z,0,20.37,50,OK
2026-02-16T05:48:36.630Z,0,20.27,50,OK
2026-02-16T05:48:36.680Z,0,20.37,50,OK
2026-02-16T05:48:36.730Z,0,20.39,50,OK
2026-02-16T05:48:36.780Z,0,20.25,50,OK
2026-02-16T05:48:36.832Z,0,20.44,50,OK
2026-02-16T05:48:36.882Z,0,20.28,50,OK
2026-02-16T05:48:36.932Z,0,20.39,50,OK
2026-02-16T05:48:36.982Z,0,20.05,50,OK
2026-02-16T05:48:37.033Z,0,20.42,50,OK
2026-02-16T05:48:37.083Z,0,20.40,50,OK
2026-02-16T05:48:37.133Z,0,20.36,50,OK
2026-02-16T05:48:37.183Z,0,20.23,50,OK
2026-02-16T05:48:37.233Z,0,20.26,50,OK
2026-02-16T05:48:37.283Z,0,20.68,50,OK
2026-02-16T05:48:37.333Z,0,20.49,50,OK
2026-02-16T05:48:37.385Z,0,20.21,50,OK
2026-02-16T05:48:37.436Z,0,20.49,50,OK
2026-02-16T05:48:37.487Z,0,20.21,50,OK
2026-02-16T05:48:37.538Z,0,20.39,50,OK
2026-02-16T05:48:37.588Z,0,20.19,50,OK
2026-02-16T05:48:37.638Z,0,20.26,50,OK
2026-02-16T05:48:37.688Z,0,20.03,50,OK
2026-02-16T05:48:37.738Z,0,20.42,50,OK
2026-02-16T05:48:37.790Z,0,20.53,50,OK
2026-02-16T05:48:37.840Z,0,20.34,50,OK
2026-02-16T05:48:37.890Z,0,20.05,50,OK
2026-02-16T05:48:37.940Z,0,20.21,50,OK
2026-02-16T05:48:37.990Z,0,20.20,50,OK
2026-02-16T05:48:38.041Z,0,20.37,50,OK
2026-02-16T05:48:38.091Z,0,20.26,50,OK
2026-02-16T05:48:38.141Z,0,20.21,50,OK
2026-02-16T05:48:38.191Z,0,20.18,50,OK
2026-02-16T05:48:38.241Z,0,20.55,50,OK
2026-02-16T05:48:38.291Z,0,20.24,50,OK
2026-02-16T05:48:38.341Z,0,20.43,50,OK
2026-02-16T05:48:38.392Z,0,20.37,50,OK
2026-02-16T05:48:38.443Z,0,20.41,50,OK
2026-02-16T05:48:38.494Z,0,20.26,50,OK
2026-02-16T05:48:38.545Z,0,20.28,50,OK
2026-02-16T05:48:38.595Z,0,20.23,50,OK
2026-02-16T05:48:38.645Z,0,20.29,50,OK
2026-02-16T05:48:38.695Z,0,20.36,50,OK
2026-02-16T05:48:38.746Z,0,20.17,50,OK
2026-02-16T05:48:38.796Z,0,20.26,50,OK
2026-02-16T05:48:38.847Z,0,20.24,50,OK
2026-02-16T05:48:38.898Z,0,20.34,50,OK
2026-02-16T05:48:38.948Z,0,20.20,50,OK
2026-02-16T05:48:38.998Z,0,20.16,50,OK
2026-02-16T05:48:39.048Z,0,20.28,50,OK
2026-02-16T05:48:39.098Z,0,20.26,50,OK
2026-02-16T05:48:39.148Z,0,20.26,50,OK
2026-02-16T05:48:39.197Z,0,20.16,50,OK
2026-02-16T05:48:39.248Z,0,20.24,50,OK
2026-02-16T05:48:39.298Z,0,20.28,50,OK
2026-02-16T05:48:39.349Z,0,20.25,50,OK
2026-02-16T05:48:39.399Z,0,20.28,50,OK
2026-02-16T05:48:39.448Z,0,20.17,50,OK
2026-02-16T05:48:39.499Z,0,20.32,50,OK
2026-02-16T05:48:39.549Z,0,20.18,50,OK
2026-02-16T05:48:39.599Z,0,20.31,50,OK
2026-02-16T05:48:39.649Z,0,20.46,50,OK
2026-02-16T05:48:39.699Z,0,20.12,50,OK
2026-02-16T05:48:39.750Z,0,20.57,50,OK
2026-02-16T05:48:39.800Z,0,19.96,50,OK
2026-02-16T05:48:39.850Z,0,20.49,50,OK
2026-02-16T05:48:39.900Z,0,20.28,50,OK
2026-02-16T05:48:39.950Z,0,20.16,50,OK
2026-02-16T05:48:40.000Z,0,20.09,50,OK
2026-02-16T05:48:40.050Z,0,20.44,50,OK
2026-02-16T05:48:40.101Z,0,20.64,50,OK
2026-02-16T05:48:40.151Z,0,20.55,50,OK
2026-02-16T05:48:40.201Z,0,20.66,50,OK
2026-02-16T05:48:40.251Z,0,20.31,50,OK
2026-02-16T05:48:40.302Z,0,20.47,50,OK
2026-02-16T05:48:40.352Z,0,19.88,50,OK
2026-02-16T05:48:40.402Z,0,19.94,50,OK
2026-02-16T05:48:40.452Z,0,20.19,50,OK
2026-02-16T05:48:40.502Z,0,20.28,50,OK
2026-02-16T05:48:40.552Z,0,20.74,50,OK
2026-02-16T05:48:40.604Z,0,20.39,50,OK
2026-02-16T05:48:40.655Z,0,20.80,50,OK
2026-02-16T05:48:40.705Z,0,20.39,50,OK
2026-02-16T05:48:40.756Z,0,20.69,50,OK
2026-02-16T05:48:40.806Z,0,20.34,50,OK
2026-02-16T05:48:40.857Z,0,20.51,50,OK
2026-02-16T05:48:40.907Z,0,20.54,50,OK
2026-02-16T05:48:40.958Z,0,20.33,50,OK
2026-02-16T05:48:41.008Z,0,20.54,50,OK
2026-02-16T05:48:41.059Z,0,20.50,50,OK
2026-02-16T05:48:41.109Z,0,20.46,50,OK
2026-02-16T05:48:41.160Z,0,20.44,50,OK
2026-02-16T05:48:41.210Z,0,20.41,50,OK
2026-02-16T05:48:41.261Z,0,20.43,50,OK
2026-02-16T05:48:41.312Z,0,20.31,50,OK
2026-02-16T05:48:41.363Z,0,20.55,50,OK
2026-02-16T05:48:41.413Z,0,20.54,50,OK
2026-02-16T05:48:41.463Z,0,19.80,50,OK
2026-02-16T05:48:41.514Z,0,20.54,50,OK
2026-02-16T05:48:41.564Z,0,20.41,50,OK
2026-02-16T05:48:41.614Z,0,20.46,50,OK
2026-02-16T05:48:41.665Z,0,20.44,50,OK
2026-02-16T05:48:41.715Z,0,20.88,50,OK
2026-02-16T05:48:41.765Z,0,20.37,50,OK
2026-02-16T05:48:41.816Z,0,19.93,50,OK
2026-02-16T05:48:41.866Z,0,20.54,50,OK
2026-02-16T05:48:41.917Z,0,19.79,50,OK
2026-02-16T05:48:41.967Z,0,20.44,50,OK
2026-02-16T05:48:42.018Z,0,19.97,50,OK
2026-02-16T05:48:42.068Z,0,20.44,50,OK
2026-02-16T05:48:42.119Z,0,20.24,50,OK
2026-02-16T05:48:42.170Z,0,20.39,50,OK
2026-02-16T05:48:42.220Z,0,20.83,50,OK
2026-02-16T05:48:42.270Z,0,19.57,50,OK
2026-02-16T05:48:42.320Z,0,20.89,50,OK
2026-02-16T05:48:42.371Z,0,20.52,50,OK
2026-02-16T05:48:42.421Z,0,20.82,50,OK
2026-02-16T05:48:42.471Z,0,20.55,50,OK
2026-02-16T05:48:42.522Z,0,20.43,50,OK
2026-02-16T05:48:42.572Z,0,20.19,50,OK
2026-02-16T05:48:42.623Z,0,19.91,50,OK
2026-02-16T05:48:42.673Z,0,20.26,50,OK
2026-02-16T05:48:42.724Z,0,20.23,50,OK
2026-02-16T05:48:42.774Z,0,20.55,50,OK
2026-02-16T05:48:42.824Z,0,20.68,50,OK
2026-02-16T05:48:42.875Z,0,20.46,50,OK
2026-02-16T05:48:42.925Z,0,20.71,50,OK
2026-02-16T05:48:42.975Z,0,20.37,50,OK
2026-02-16T05:48:43.025Z,0,20.52,50,OK
2026-02-16T05:48:43.076Z,0,20.64,50,OK
2026-02-16T05:48:43.128Z,0,20.75,50,OK
2026-02-16T05:48:43.179Z,0,20.53,50,OK
2026-02-16T05:48:43.229Z,0,20.93,50,OK
2026-02-16T05:48:43.279Z,0,20.64,50,OK
2026-02-16T05:48:43.329Z,0,20.88,50,OK
2026-02-16T05:48:43.379Z,0,20.37,50,OK
2026-02-16T05:48:43.429Z,0,20.16,50,OK
2026-02-16T05:48:43.479Z,0,20.35,50,OK
2026-02-16T05:48:43.530Z,0,19.91,50,OK
2026-02-16T05:48:43.580Z,0,20.47,50,OK
2026-02-16T05:48:43.630Z,0,19.72,50,OK
2026-02-16T05:48:43.680Z,0,20.41,50,OK
2026-02-16T05:48:43.731Z,0,20.08,50,OK
2026-02-16T05:48:43.782Z,0,20.28,50,OK
2026-02-16T05:48:43.833Z,0,20.43,50,OK
2026-02-16T05:48:43.884Z,0,20.44,50,OK
2026-02-16T05:48:43.935Z,0,20.06,50,OK
2026-02-16T05:48:43.985Z,0,20.36,50,OK
2026-02-16T05:48:44.035Z,0,20.32,50,OK
2026-02-16T05:48:44.086Z,0,20.42,50,OK
2026-02-16T05:48:44.136Z,0,20.27,50,OK
2026-02-16T05:48:44.186Z,0,20.36,50,OK
2026-02-16T05:48:44.237Z,0,20.36,50,OK
2026-02-16T05:48:44.287Z,0,20.39,50,OK
2026-02-16T05:48:44.337Z,0,20.55,50,OK
2026-02-16T05:48:44.387Z,0,20.55,50,OK
2026-02-16T05:48:44.437Z,0,20.73,50,OK
2026-02-16T05:48:44.488Z,0,20.24,50,OK
2026-02-16T05:48:44.538Z,0,20.16,50,OK
2026-02-16T05:48:44.588Z,0,20.37,50,OK
2026-02-16T05:48:44.638Z,0,20.45,50,OK
2026-02-16T05:48:44.688Z,0,20.54,50,OK
2026-02-16T05:48:44.738Z,0,20.72,50,OK
2026-02-16T05:48:44.788Z,0,20.41,50,OK
2026-02-16T05:48:44.839Z,0,20.70,50,OK
2026-02-16T05:48:44.889Z,0,20.36,50,OK
2026-02-16T05:48:44.940Z,0,20.95,50,OK
2026-02-16T05:48:44.990Z,0,20.49,50,OK
2026-02-16T05:48:45.040Z,0,20.41,50,OK
2026-02-16T05:48:45.090Z,0,20.20,50,OK
2026-02-16T05:48:45.140Z,0,20.41,50,OK
2026-02-16T05:48:45.190Z,0,20.21,50,OK
2026-02-16T05:48:45.240Z,0,19.64,50,OK
2026-02-16T05:48:45.291Z,0,20.52,50,OK
2026-02-16T05:48:45.341Z,0,20.82,50,OK
2026-02-16T05:48:45.392Z,0,20.46,50,OK
2026-02-16T05:48:45.442Z,0,19.96,50,OK
2026-02-16T05:48:45.493Z,0,20.46,50,OK
2026-02-16T05:48:45.543Z,0,19.88,50,OK
2026-02-16T05:48:45.594Z,0,20.43,50,OK
2026-02-16T05:48:45.644Z,0,20.98,50,OK
2026-02-16T05:48:45.695Z,0,20.36,50,OK
2026-02-16T05:48:45.745Z,0,19.95,50,OK
2026-02-16T05:48:45.795Z,0,20.49,50,OK
2026-02-16T05:48:45.846Z,0,20.14,50,OK
2026-02-16T05:48:45.896Z,0,20.90,50,OK
2026-02-16T05:48:45.946Z,0,20.26,50,OK
2026-02-16T05:48:45.998Z,0,20.37,50,OK
2026-02-16T05:48:46.048Z,0,20.17,50,OK
2026-02-16T05:48:46.099Z,0,20.21,50,OK
2026-02-16T05:48:46.149Z,0,19.96,50,OK
2026-02-16T05:48:46.201Z,0,20.37,50,OK
2026-02-16T05:48:46.251Z,0,20.78,50,OK
2026-02-16T05:48:46.301Z,0,20.28,50,OK
2026-02-16T05:48:46.352Z,0,20.57,50,OK
2026-02-16T05:48:46.402Z,0,20.54,50,OK
2026-02-16T05:48:46.453Z,0,20.87,50,OK
2026-02-16T05:48:46.504Z,0,20.52,50,OK
2026-02-16T05:48:46.555Z,0,20.73,50,OK
2026-02-16T05:48:46.606Z,0,20.36,50,OK
2026-02-16T05:48:46.656Z,0,20.57,50,OK
2026-02-16T05:48:46.706Z,0,19.46,50,OK
2026-02-16T05:48:46.756Z,0,20.15,50,OK
2026-02-16T05:48:46.806Z,0,20.31,50,OK
2026-02-16T05:48:46.856Z,0,20.20,50,OK
2026-02-16T05:48:46.906Z,0,20.54,50,OK
2026-02-16T05:48:46.956Z,0,19.72,50,OK
2026-02-16T05:48:47.006Z,0,20.65,50,OK
2026-02-16T05:48:47.056Z,0,19.57,50,OK
2026-02-16T05:48:47.106Z,0,20.24,50,OK
2026-02-16T05:48:47.156Z,0,20.03,50,OK
2026-02-16T05:48:47.208Z,0,20.40,50,OK
2026-02-16T05:48:47.258Z,0,20.88,50,OK
2026-02-16T05:48:47.309Z,0,20.27,50,OK
2026-02-16T05:48:47.359Z,0,20.72,50,OK
2026-02-16T05:48:47.409Z,0,20.39,50,OK
2026-02-16T05:48:47.460Z,0,20.78,50,OK
2026-02-16T05:48:47.510Z,0,20.42,50,OK
2026-02-16T05:48:47.561Z,0,20.30,50,OK
2026-02-16T05:48:47.611Z,0,20.28,50,OK
2026-02-16T05:48:47.662Z,0,20.23,50,OK
2026-02-16T05:48:47.712Z,0,20.29,50,OK
2026-02-16T05:48:47.762Z,0,20.41,50,OK
2026-02-16T05:48:47.813Z,0,20.31,50,OK
2026-02-16T05:48:47.863Z,0,20.55,50,OK
2026-02-16T05:48:47.913Z,0,20.31,50,OK
2026-02-16T05:48:47.963Z,0,20.48,50,OK
2026-02-16T05:48:48.013Z,0,20.50,50,OK
2026-02-16T05:48:48.063Z,0,20.25,50,OK
2026-02-16T05:48:48.113Z,0,20.59,50,OK
2026-02-16T05:48:48.163Z,0,20.23,50,OK
2026-02-16T05:48:48.214Z,0,20.00,50,OK
2026-02-16T05:48:48.265Z,0,20.82,50,OK
2026-02-16T05:48:48.315Z,0,20.16,50,OK
2026-02-16T05:48:48.365Z,0,19.98,50,OK
2026-02-16T05:48:48.415Z,0,20.50,50,OK
2026-02-16T05:48:48.466Z,0,20.05,50,OK
2026-02-16T05:48:48.517Z,0,20.32,50,OK
2026-02-16T05:48:48.567Z,0,20.85,50,OK
2026-02-16T05:48:48.617Z,0,20.58,50,OK
2026-02-16T05:48:48.667Z,0,19.82,50,OK
2026-02-16T05:48:48.718Z,0,20.55,50,OK
2026-02-16T05:48:48.770Z,0,20.82,50,OK
2026-02-16T05:48:48.820Z,0,20.34,50,OK
2026-02-16T05:48:48.872Z,0,20.73,50,OK
2026-02-16T05:48:48.922Z,0,20.43,50,OK
2026-02-16T05:48:48.972Z,0,19.64,50,OK
2026-02-16T05:48:49.023Z,0,20.42,50,OK
2026-02-16T05:48:49.073Z,0,20.68,50,OK
2026-02-16T05:48:49.123Z,0,20.27,50,OK
2026-02-16T05:48:49.173Z,0,20.31,50,OK
2026-02-16T05:48:49.223Z,0,20.19,50,OK
2026-02-16T05:48:49.273Z,0,20.23,50,OK
2026-02-16T05:48:49.323Z,0,20.23,50,OK
2026-02-16T05:48:49.373Z,0,20.34,50,OK
2026-02-16T05:48:49.423Z,0,20.38,50,OK
2026-02-16T05:48:49.473Z,0,20.34,50,OK
2026-02-16T05:48:49.523Z,0,20.36,50,OK
2026-02-16T05:48:49.573Z,0,19.88,50,OK
2026-02-16T05:48:49.623Z,0,20.39,50,OK
2026-02-16T05:48:49.673Z,0,20.73,50,OK
2026-02-16T05:48:49.723Z,0,20.37,50,OK
2026-02-16T05:48:49.773Z,0,20.73,50,OK
2026-02-16T05:48:49.824Z,0,20.41,50,OK
2026-02-16T05:48:49.874Z,0,20.18,50,OK
2026-02-16T05:48:49.924Z,0,20.42,50,OK
2026-02-16T05:48:49.974Z,0,20.25,50,OK
2026-02-16T05:48:50.024Z,0,20.42,50,OK
2026-02-16T05:48:50.075Z,0,19.65,50,OK
2026-02-16T05:48:50.125Z,0,20.55,50,OK
2026-02-16T05:48:50.176Z,0,21.03,50,OK
2026-02-16T05:48:50.226Z,0,20.55,50,OK
2026-02-16T05:48:50.276Z,0,20.80,50,OK
2026-02-16T05:48:50.326Z,0,20.41,50,OK
2026-02-16T05:48:50.376Z,0,20.55,50,OK
2026-02-16T05:48:50.427Z,0,20.46,50,OK
2026-02-16T05:48:50.477Z,0,20.29,50,OK
2026-02-16T05:48:50.527Z,0,20.36,50,OK
2026-02-16T05:48:50.577Z,0,20.55,50,OK
2026-02-16T05:48:50.627Z,0,20.23,50,OK
2026-02-16T05:48:50.678Z,0,20.05,50,OK
2026-02-16T05:48:50.729Z,0,20.41,50,OK
2026-02-16T05:48:50.779Z,0,20.37,50,OK
2026-02-16T05:48:50.829Z,0,20.37,50,OK
2026-02-16T05:48:50.879Z,0,20.66,50,OK
2026-02-16T05:48:50.929Z,0,20.36,50,OK
2026-02-16T05:48:50.979Z,0,20.10,50,OK
2026-02-16T05:48:51.030Z,0,20.32,50,OK
2026-02-16T05:48:51.080Z,0,20.14,50,OK
2026-02-16T05:48:51.131Z,0,20.32,50,OK
2026-02-16T05:48:51.181Z,0,20.68,50,OK
2026-02-16T05:48:51.231Z,0,20.55,50,OK
2026-02-16T05:48:51.282Z,0,20.55,50,OK
2026-02-16T05:48:51.332Z,0,20.28,50,OK
2026-02-16T05:48:51.383Z,0,19.91,50,OK
2026-02-16T05:48:51.432Z,0,20.21,50,OK
2026-02-16T05:48:51.483Z,0,20.51,50,OK
2026-02-16T05:48:51.533Z,0,20.37,50,OK
2026-02-16T05:48:51.583Z,0,19.83,50,OK
2026-02-16T05:48:51.634Z,0,20.32,50,OK
2026-02-16T05:48:51.685Z,0,19.98,50,OK
2026-02-16T05:48:51.736Z,0,20.66,50,OK
2026-02-16T05:48:51.786Z,0,20.57,50,OK
2026-02-16T05:48:51.837Z,0,20.44,50,OK
2026-02-16T05:48:51.887Z,0,20.46,50,OK
2026-02-16T05:48:51.937Z,0,20.73,50,OK
2026-02-16T05:48:51.988Z,0,20.41,50,OK
2026-02-16T05:48:52.039Z,0,20.68,50,OK
2026-02-16T05:48:52.091Z,0,20.36,50,OK
2026-02-16T05:48:52.141Z,0,20.55,50,OK
2026-02-16T05:48:52.191Z,0,20.46,50,OK
2026-02-16T05:48:52.241Z,0,20.41,50,OK
2026-02-16T05:48:52.292Z,0,20.54,50,OK
2026-02-16T05:48:52.342Z,0,20.54,50,OK
2026-02-16T05:48:52.392Z,0,20.49,50,OK
2026-02-16T05:48:52.442Z,0,20.37,50,OK
2026-02-16T05:48:52.492Z,0,20.28,50,OK
2026-02-16T05:48:52.542Z,0,20.65,50,OK
2026-02-16T05:48:52.592Z,0,20.14,50,OK
2026-02-16T05:48:52.643Z,0,20.52,50,OK
2026-02-16T05:48:52.693Z,0,20.43,50,OK
2026-02-16T05:48:52.743Z,0,20.34,50,OK
2026-02-16T05:48:52.793Z,0,20.14,50,OK
2026-02-16T05:48:52.843Z,0,20.39,50,OK
2026-02-16T05:48:52.894Z,0,20.07,50,OK
2026-02-16T05:48:52.945Z,0,20.41,50,OK
2026-02-16T05:48:52.995Z,0,20.71,50,OK
2026-02-16T05:48:53.047Z,0,20.46,50,OK
2026-02-16T05:48:53.098Z,0,20.71,50,OK
2026-02-16T05:48:53.147Z,0,20.18,50,OK
2026-02-16T05:48:53.197Z,0,20.46,50,OK
2026-02-16T05:48:53.247Z,0,20.16,50,OK
2026-02-16T05:48:53.297Z,0,20.34,50,OK
2026-02-16T05:48:53.347Z,0,20.53,50,OK
2026-02-16T05:48:53.397Z,0,20.44,50,OK
2026-02-16T05:48:53.447Z,0,20.30,50,OK
2026-02-16T05:48:53.498Z,0,20.24,50,OK
2026-02-16T05:48:53.548Z,0,20.32,50,OK
2026-02-16T05:48:53.598Z,0,20.21,50,OK
2026-02-16T05:48:53.648Z,0,20.26,50,OK
2026-02-16T05:48:53.698Z,0,20.31,50,OK
2026-02-16T05:48:53.748Z,0,20.12,50,OK
2026-02-16T05:48:53.798Z,0,20.26,50,OK
2026-02-16T05:48:53.848Z,0,20.46,50,OK
2026-02-16T05:48:53.898Z,0,20.39,50,OK
2026-02-16T05:48:53.948Z,0,20.37,50,OK
2026-02-16T05:48:53.999Z,0,20.68,50,OK
2026-02-16T05:48:54.050Z,0,20.49,50,OK
2026-02-16T05:48:54.100Z,0,20.57,50,OK
2026-02-16T05:48:54.150Z,0,20.42,50,OK
2026-02-16T05:48:54.201Z,0,20.65,50,OK
2026-02-16T05:48:54.251Z,0,20.34,50,OK
2026-02-16T05:48:54.302Z,0,20.12,50,OK
2026-02-16T05:48:54.352Z,0,20.41,50,OK
2026-02-16T05:48:54.402Z,0,20.19,50,OK
2026-02-16T05:48:54.453Z,0,20.55,50,OK
2026-02-16T05:48:54.503Z,0,20.67,50,OK
2026-02-16T05:48:54.554Z,0,20.46,50,OK
2026-02-16T05:48:54.606Z,0,20.36,50,OK
2026-02-16T05:48:54.656Z,0,20.28,50,OK
2026-02-16T05:48:54.706Z,0,20.33,50,OK
2026-02-16T05:48:54.756Z,0,20.29,50,OK
2026-02-16T05:48:54.806Z,0,20.48,50,OK
2026-02-16T05:48:54.857Z,0,20.36,50,OK
2026-02-16T05:48:54.907Z,0,20.35,50,OK
2026-02-16T05:48:54.957Z,0,20.26,50,OK
2026-02-16T05:48:55.007Z,0,20.16,50,OK
2026-02-16T05:48:55.057Z,0,20.14,50,OK
2026-02-16T05:48:55.107Z,0,20.14,50,OK
2026-02-16T05:48:55.157Z,0,20.14,50,OK
2026-02-16T05:48:55.207Z,0,20.29,50,OK
2026-02-16T05:48:55.258Z,0,20.35,50,OK
2026-02-16T05:48:55.308Z,0,20.39,50,OK
2026-02-16T05:48:55.358Z,0,20.46,50,OK
2026-02-16T05:48:55.410Z,0,20.29,50,OK
2026-02-16T05:48:55.460Z,0,20.44,50,OK
2026-02-16T05:48:55.510Z,0,20.44,50,OK
2026-02-16T05:48:55.561Z,0,20.46,50,OK
2026-02-16T05:48:55.611Z,0,21.36,50,OK
2026-02-16T05:48:55.661Z,0,20.31,50,OK
2026-02-16T05:48:55.707Z,0,20.37,50,OK
2026-02-16T05:48:55.758Z,0,20.24,50,OK
2026-02-16T05:48:55.809Z,0,20.37,50,OK
2026-02-16T05:48:55.860Z,0,20.31,50,OK
2026-02-16T05:48:55.910Z,0,20.35,50,OK
2026-02-16T05:48:55.960Z,0,20.44,50,OK
2026-02-16T05:48:56.010Z,0,20.45,50,OK
2026-02-16T05:48:56.061Z,0,20.55,50,OK
2026-02-16T05:48:56.111Z,0,20.43,50,OK
2026-02-16T05:48:56.162Z,0,20.49,50,OK
2026-02-16T05:48:56.212Z,0,20.41,50,OK
2026-02-16T05:48:56.263Z,0,20.54,50,OK
2026-02-16T05:48:56.313Z,0,20.45,50,OK
2026-02-16T05:48:56.364Z,0,20.55,50,OK
2026-02-16T05:48:56.415Z,0,20.47,50,OK
2026-02-16T05:48:56.466Z,0,20.41,50,OK
2026-02-16T05:48:56.516Z,0,20.46,50,OK
2026-02-16T05:48:56.567Z,0,20.44,50,OK
2026-02-16T05:48:56.617Z,0,20.47,50,OK
2026-02-16T05:48:56.668Z,0,20.50,50,OK
2026-02-16T05:48:56.718Z,0,20.29,50,OK
2026-02-16T05:48:56.768Z,0,19.98,50,OK
2026-02-16T05:48:56.819Z,0,20.46,50,OK
2026-02-16T05:48:56.870Z,0,20.55,50,OK
2026-02-16T05:48:56.920Z,0,20.44,50,OK
2026-02-16T05:48:56.969Z,0,20.37,50,OK
2026-02-16T05:48:57.020Z,0,20.32,50,OK
2026-02-16T05:48:57.070Z,0,20.81,50,OK
2026-02-16T05:48:57.121Z,0,20.26,50,OK
2026-02-16T05:48:57.172Z,0,20.83,50,OK
2026-02-16T05:48:57.222Z,0,20.46,50,OK
2026-02-16T05:48:57.272Z,0,20.50,50,OK
2026-02-16T05:48:57.323Z,0,20.55,50,OK
2026-02-16T05:48:57.373Z,0,20.50,50,OK
2026-02-16T05:48:57.423Z,0,20.54,50,OK
2026-02-16T05:48:57.474Z,0,20.46,50,OK
2026-02-16T05:48:57.525Z,0,20.44,50,OK
2026-02-16T05:48:57.575Z,0,20.69,50,OK
2026-02-16T05:48:57.626Z,0,20.26,50,OK
2026-02-16T05:48:57.676Z,0,20.55,50,OK
2026-02-16T05:48:57.727Z,0,20.37,50,OK
2026-02-16T05:48:57.776Z,0,20.37,50,OK
2026-02-16T05:48:57.826Z,0,20.51,50,OK
2026-02-16T05:48:57.876Z,0,20.21,50,OK
2026-02-16T05:48:57.927Z,0,20.19,50,OK
2026-02-16T05:48:57.976Z,0,20.26,50,OK
2026-02-16T05:48:58.027Z,0,20.24,50,OK
2026-02-16T05:48:58.078Z,0,20.50,50,OK
2026-02-16T05:48:58.128Z,0,20.55,50,OK
2026-02-16T05:48:58.179Z,0,20.31,50,OK
2026-02-16T05:48:58.228Z,0,20.37,50,OK
2026-02-16T05:48:58.278Z,0,20.50,50,OK
2026-02-16T05:48:58.329Z,0,20.37,50,OK
2026-02-16T05:48:58.379Z,0,20.50,50,OK
2026-02-16T05:48:58.430Z,0,20.28,50,OK
2026-02-16T05:48:58.480Z,0,20.67,50,OK
2026-02-16T05:48:58.530Z,0,20.31,50,OK
2026-02-16T05:48:58.581Z,0,20.41,50,OK
2026-02-16T05:48:58.631Z,0,20.29,50,OK
2026-02-16T05:48:58.681Z,0,19.59,50,OK
2026-02-16T05:48:58.732Z,0,20.19,50,OK
2026-02-16T05:48:58.781Z,0,20.21,50,OK
2026-02-16T05:48:58.831Z,0,20.14,50,OK
2026-02-16T05:48:58.881Z,0,20.35,50,OK
2026-02-16T05:48:58.931Z,0,20.18,50,OK
2026-02-16T05:48:58.981Z,0,20.21,50,OK
2026-02-16T05:48:59.031Z,0,20.18,50,OK
2026-02-16T05:48:59.081Z,0,20.19,50,OK
2026-02-16T05:48:59.131Z,0,20.21,50,OK
2026-02-16T05:48:59.181Z,0,20.19,50,OK
2026-02-16T05:48:59.232Z,0,20.21,50,OK
2026-02-16T05:48:59.281Z,0,20.19,50,OK
2026-02-16T05:48:59.332Z,0,20.21,50,OK
2026-02-16T05:48:59.382Z,0,19.68,50,OK
2026-02-16T05:48:59.433Z,0,20.21,50,OK
2026-02-16T05:48:59.483Z,0,20.50,50,OK
2026-02-16T05:48:59.534Z,0,20.23,50,OK
2026-02-16T05:48:59.585Z,0,20.46,50,OK
2026-02-16T05:48:59.635Z,0,20.28,50,OK
2026-02-16T05:48:59.686Z,0,20.41,50,OK
2026-02-16T05:48:59.736Z,0,20.37,50,OK
2026-02-16T05:48:59.785Z,0,20.52,50,OK
2026-02-16T05:48:59.836Z,0,20.36,50,OK
2026-02-16T05:48:59.887Z,0,20.28,50,OK
2026-02-16T05:48:59.938Z,0,20.54,50,OK
2026-02-16T05:48:59.989Z,0,20.46,50,OK
2026-02-16T05:49:00.040Z,0,20.28,50,OK
2026-02-16T05:49:00.091Z,0,20.36,50,OK
2026-02-16T05:49:00.142Z,0,20.23,50,OK
2026-02-16T05:49:00.191Z,0,19.81,50,OK
2026-02-16T05:49:00.241Z,0,20.21,50,OK
2026-02-16T05:49:00.291Z,0,20.57,50,OK
2026-02-16T05:49:00.341Z,0,20.34,50,OK
2026-02-16T05:49:00.392Z,0,20.29,50,OK
2026-02-16T05:49:00.443Z,0,20.28,50,OK
2026-02-16T05:49:00.493Z,0,20.37,50,OK
2026-02-16T05:49:00.544Z,0,20.41,50,OK
2026-02-16T05:49:00.594Z,0,20.19,50,OK
2026-02-16T05:49:00.645Z,0,20.32,50,OK
2026-02-16T05:49:00.695Z,0,20.34,50,OK
2026-02-16T05:49:00.746Z,0,20.28,50,OK
2026-02-16T05:49:00.795Z,0,20.23,50,OK
2026-02-16T05:49:00.845Z,0,20.33,50,OK
2026-02-16T05:49:00.895Z,0,20.36,50,OK
2026-02-16T05:49:00.945Z,0,20.46,50,OK
2026-02-16T05:49:00.995Z,0,20.39,50,OK
2026-02-16T05:49:01.046Z,0,20.46,50,OK
2026-02-16T05:49:01.097Z,0,20.24,50,OK
2026-02-16T05:49:01.148Z,0,20.32,50,OK
2026-02-16T05:49:01.198Z,0,20.39,50,OK
2026-02-16T05:49:01.248Z,0,20.34,50,OK
2026-02-16T05:49:01.299Z,0,20.21,50,OK
2026-02-16T05:49:01.350Z,0,20.29,50,OK
2026-02-16T05:49:01.401Z,0,20.46,50,OK
2026-02-16T05:49:01.451Z,0,20.31,50,OK
2026-02-16T05:49:01.502Z,0,20.54,50,OK
2026-02-16T05:49:01.552Z,0,20.54,50,OK
2026-02-16T05:49:01.602Z,0,20.39,50,OK
2026-02-16T05:49:01.652Z,0,20.34,50,OK
2026-02-16T05:49:01.702Z,0,20.72,50,OK
2026-02-16T05:49:01.753Z,0,20.41,50,OK
2026-02-16T05:49:01.804Z,0,19.99,50,OK
2026-02-16T05:49:01.854Z,0,20.37,50,OK
2026-02-16T05:49:01.903Z,0,19.41,50,OK
2026-02-16T05:49:01.954Z,0,20.37,50,OK
2026-02-16T05:49:02.004Z,0,19.89,50,OK
2026-02-16T05:49:02.055Z,0,20.26,50,OK
2026-02-16T05:49:02.105Z,0,20.25,50,OK
2026-02-16T05:49:02.156Z,0,20.21,50,OK
2026-02-16T05:49:02.205Z,0,20.07,50,OK
2026-02-16T05:49:02.255Z,0,20.18,50,OK
2026-02-16T05:49:02.306Z,0,20.32,50,OK
2026-02-16T05:49:02.356Z,0,20.24,50,OK
2026-02-16T05:49:02.407Z,0,20.50,50,OK
2026-02-16T05:49:02.457Z,0,20.28,50,OK
2026-02-16T05:49:02.507Z,0,20.55,50,OK
2026-02-16T05:49:02.558Z,0,20.34,50,OK
2026-02-16T05:49:02.609Z,0,20.16,50,OK
2026-02-16T05:49:02.660Z,0,20.24,50,OK
2026-02-16T05:49:02.710Z,0,20.57,50,OK
2026-02-16T05:49:02.761Z,0,20.06,50,OK
2026-02-16T05:49:02.812Z,0,20.44,50,OK
2026-02-16T05:49:02.863Z,0,20.31,50,OK
2026-02-16T05:49:02.913Z,0,20.13,50,OK
2026-02-16T05:49:02.963Z,0,20.96,50,OK
2026-02-16T05:49:03.014Z,0,20.53,50,OK
2026-02-16T05:49:03.065Z,0,20.39,50,OK
2026-02-16T05:49:03.116Z,0,20.67,50,OK
2026-02-16T05:49:03.166Z,0,20.31,50,OK
2026-02-16T05:49:03.217Z,0,20.11,50,OK
2026-02-16T05:49:03.267Z,0,20.26,50,OK
2026-02-16T05:49:03.317Z,0,20.04,50,OK
2026-02-16T05:49:03.366Z,0,20.47,50,OK
2026-02-16T05:49:03.416Z,0,20.64,50,OK
2026-02-16T05:49:03.466Z,0,20.28,50,OK
2026-02-16T05:49:03.517Z,0,20.77,50,OK
2026-02-16T05:49:03.567Z,0,20.36,50,OK
2026-02-16T05:49:03.618Z,0,20.70,50,OK
2026-02-16T05:49:03.669Z,0,20.40,50,OK
2026-02-16T05:49:03.719Z,0,20.00,50,OK
2026-02-16T05:49:03.770Z,0,20.42,50,OK
2026-02-16T05:49:03.819Z,0,20.72,50,OK
2026-02-16T05:49:03.870Z,0,20.31,50,OK
2026-02-16T05:49:03.920Z,0,21.06,50,OK
2026-02-16T05:49:03.971Z,0,20.69,50,OK
2026-02-16T05:49:04.021Z,0,20.21,50,OK
2026-02-16T05:49:04.071Z,0,20.32,50,OK
2026-02-16T05:49:04.122Z,0,19.88,50,OK
2026-02-16T05:49:04.172Z,0,19.86,50,OK
2026-02-16T05:49:04.223Z,0,20.08,50,OK
2026-02-16T05:49:04.273Z,0,20.22,50,OK
2026-02-16T05:49:04.324Z,0,20.46,50,OK
2026-02-16T05:49:04.374Z,0,20.15,50,OK
2026-02-16T05:49:04.424Z,0,20.57,50,OK
2026-02-16T05:49:04.475Z,0,20.25,50,OK
2026-02-16T05:49:04.525Z,0,20.65,50,OK
2026-02-16T05:49:04.576Z,0,20.29,50,OK
2026-02-16T05:49:04.626Z,0,20.77,50,OK
2026-02-16T05:49:04.676Z,0,20.52,50,OK
2026-02-16T05:49:04.726Z,0,21.01,50,OK
2026-02-16T05:49:04.776Z,0,20.37,50,OK
2026-02-16T05:49:04.826Z,0,20.53,50,OK
2026-02-16T05:49:04.877Z,0,20.49,50,OK
2026-02-16T05:49:04.928Z,0,20.07,50,OK
2026-02-16T05:49:04.977Z,0,20.28,50,OK
2026-02-16T05:49:05.027Z,0,20.49,50,OK
2026-02-16T05:49:05.077Z,0,20.14,50,OK
2026-02-16T05:49:05.127Z,0,20.33,50,OK
2026-02-16T05:49:05.177Z,0,20.28,50,OK
2026-02-16T05:49:05.228Z,0,20.58,50,OK
2026-02-16T05:49:05.278Z,0,20.34,50,OK
2026-02-16T05:49:05.328Z,0,20.50,50,OK
2026-02-16T05:49:05.378Z,0,20.26,50,OK
2026-02-16T05:49:05.428Z,0,20.82,50,OK
2026-02-16T05:49:05.479Z,0,20.06,50,OK
2026-02-16T05:49:05.529Z,0,20.95,50,OK
2026-02-16T05:49:05.580Z,0,20.68,50,OK
2026-02-16T05:49:05.631Z,0,19.95,50,OK
2026-02-16T05:49:05.681Z,0,20.67,50,OK
2026-02-16T05:49:05.732Z,0,19.91,50,OK
2026-02-16T05:49:05.783Z,0,20.03,50,OK
2026-02-16T05:49:05.833Z,0,20.34,50,OK
2026-02-16T05:49:05.884Z,0,20.14,50,OK
2026-02-16T05:49:05.935Z,0,20.03,50,OK
2026-02-16T05:49:05.985Z,0,20.25,50,OK
2026-02-16T05:49:06.035Z,0,20.91,50,OK
2026-02-16T05:49:06.086Z,0,20.35,50,OK
2026-02-16T05:49:06.137Z,0,20.01,50,OK
2026-02-16T05:49:06.187Z,0,20.29,50,OK
2026-02-16T05:49:06.236Z,0,21.00,50,OK
2026-02-16T05:49:06.286Z,0,20.78,50,OK
2026-02-16T05:49:06.337Z,0,19.69,50,OK
2026-02-16T05:49:06.387Z,0,20.27,50,OK
2026-02-16T05:49:06.437Z,0,20.73,50,OK
2026-02-16T05:49:06.488Z,0,20.72,50,OK
2026-02-16T05:49:06.538Z,0,20.02,50,OK
2026-02-16T05:49:06.589Z,0,20.28,50,OK
2026-02-16T05:49:06.639Z,0,20.08,50,OK
2026-02-16T05:49:06.689Z,0,20.21,50,OK
2026-02-16T05:49:06.739Z,0,20.60,50,OK
2026-02-16T05:49:06.789Z,0,20.18,50,OK
2026-02-16T05:49:06.839Z,0,20.38,50,OK
2026-02-16T05:49:06.889Z,0,20.23,50,OK
2026-02-16T05:49:06.939Z,0,20.57,50,OK
2026-02-16T05:49:06.989Z,0,20.18,50,OK
2026-02-16T05:49:07.039Z,0,20.47,50,OK
2026-02-16T05:49:07.089Z,0,19.23,50,OK
2026-02-16T05:49:07.140Z,0,19.96,50,OK
2026-02-16T05:49:07.190Z,0,20.18,50,OK
2026-02-16T05:49:07.241Z,0,19.93,50,OK
2026-02-16T05:49:07.290Z,0,20.24,50,OK
2026-02-16T05:49:07.340Z,0,20.37,50,OK
2026-02-16T05:49:07.390Z,0,20.19,50,OK
2026-02-16T05:49:07.440Z,0,19.84,50,OK
2026-02-16T05:49:07.491Z,0,20.18,50,OK
2026-02-16T05:49:07.542Z,0,20.38,50,OK
2026-02-16T05:49:07.592Z,0,20.23,50,OK
2026-02-16T05:49:07.643Z,0,20.06,50,OK
2026-02-16T05:49:07.693Z,0,20.24,50,OK
2026-02-16T05:49:07.743Z,0,20.18,50,OK
2026-02-16T05:49:07.794Z,0,20.19,50,OK
2026-02-16T05:49:07.844Z,0,20.37,50,OK
2026-02-16T05:49:07.895Z,0,20.23,50,OK
2026-02-16T05:49:07.945Z,0,19.92,50,OK
2026-02-16T05:49:07.995Z,0,20.23,50,OK
2026-02-16T05:49:08.046Z,0,19.91,50,OK
2026-02-16T05:49:08.095Z,0,20.37,50,OK
2026-02-16T05:49:08.146Z,0,19.93,50,OK
2026-02-16T05:49:08.195Z,0,20.19,50,OK
2026-02-16T05:49:08.245Z,0,19.65,50,OK
2026-02-16T05:49:08.296Z,0,20.01,50,OK
2026-02-16T05:49:08.346Z,0,20.57,50,OK
2026-02-16T05:49:08.397Z,0,19.98,50,OK
2026-02-16T05:49:08.447Z,0,20.62,50,OK
2026-02-16T05:49:08.496Z,0,20.56,50,OK
2026-02-16T05:49:08.546Z,0,20.52,50,OK
2026-02-16T05:49:08.597Z,0,20.23,50,OK
2026-02-16T05:49:08.648Z,0,20.60,50,OK
2026-02-16T05:49:08.698Z,0,20.28,50,OK
2026-02-16T05:49:08.748Z,0,19.62,50,OK
2026-02-16T05:49:08.798Z,0,20.74,50,OK
2026-02-16T05:49:08.849Z,0,20.11,50,OK
2026-02-16T05:49:08.900Z,0,20.32,50,OK
2026-02-16T05:49:08.951Z,0,20.77,50,OK
2026-02-16T05:49:09.002Z,0,20.13,50,OK
2026-02-16T05:49:09.053Z,0,19.96,50,OK
2026-02-16T05:49:09.104Z,0,20.24,50,OK
2026-02-16T05:49:09.153Z,0,20.19,50,OK
2026-02-16T05:49:09.204Z,0,20.21,50,OK
2026-02-16T05:49:09.255Z,0,20.37,50,OK
2026-02-16T05:49:09.304Z,0,20.19,50,OK
2026-02-16T05:49:09.354Z,0,20.78,50,OK
2026-02-16T05:49:09.405Z,0,20.30,50,OK
2026-02-16T05:49:09.454Z,0,19.60,50,OK
2026-02-16T05:49:09.505Z,0,20.40,50,OK
2026-02-16T05:49:09.555Z,0,20.90,50,OK
2026-02-16T05:49:09.605Z,0,20.23,50,OK
2026-02-16T05:49:09.656Z,0,19.90,50,OK
2026-02-16T05:49:09.705Z,0,20.17,50,OK
2026-02-16T05:49:09.755Z,0,20.47,50,OK
2026-02-16T05:49:09.806Z,0,20.19,50,OK
2026-02-16T05:49:09.856Z,0,20.62,50,OK
2026-02-16T05:49:09.905Z,0,20.24,50,OK
2026-02-16T05:49:09.955Z,0,19.59,50,OK
2026-02-16T05:49:10.006Z,0,20.18,50,OK
2026-02-16T05:49:10.056Z,0,20.55,50,OK
2026-02-16T05:49:10.107Z,0,20.17,50,OK
2026-02-16T05:49:10.156Z,0,19.67,50,OK
2026-02-16T05:49:10.207Z,0,20.18,50,OK
2026-02-16T05:49:10.257Z,0,20.50,50,OK
2026-02-16T05:49:10.307Z,0,20.20,50,OK
2026-02-16T05:49:10.357Z,0,20.62,50,OK
2026-02-16T05:49:10.408Z,0,20.24,50,OK
2026-02-16T05:49:10.458Z,0,19.52,50,OK
2026-02-16T05:49:10.508Z,0,20.28,50,OK
2026-02-16T05:49:10.559Z,0,20.67,50,OK
2026-02-16T05:49:10.610Z,0,20.25,50,OK
2026-02-16T05:49:10.659Z,0,20.54,50,OK
2026-02-16T05:49:10.709Z,0,20.26,50,OK
2026-02-16T05:49:10.759Z,0,19.52,50,OK
2026-02-16T05:49:10.810Z,0,20.54,50,OK
2026-02-16T05:49:10.861Z,0,20.65,50,OK
2026-02-16T05:49:10.911Z,0,20.24,50,OK
2026-02-16T05:49:10.961Z,0,20.54,50,OK
2026-02-16T05:49:11.012Z,0,20.16,50,OK
2026-02-16T05:49:11.063Z,0,19.91,50,OK
2026-02-16T05:49:11.112Z,0,19.21,50,OK
2026-02-16T05:49:11.162Z,0,20.08,50,OK
2026-02-16T05:49:11.213Z,0,20.24,50,OK
2026-02-16T05:49:11.264Z,0,20.59,50,OK
2026-02-16T05:49:11.313Z,0,20.34,50,OK
2026-02-16T05:49:11.364Z,0,19.95,50,OK
2026-02-16T05:49:11.414Z,0,20.18,50,OK
2026-02-16T05:49:11.465Z,0,20.42,50,OK
2026-02-16T05:49:11.514Z,0,20.14,50,OK
2026-02-16T05:49:11.564Z,0,20.39,50,OK
2026-02-16T05:49:11.614Z,0,20.19,50,OK
2026-02-16T05:49:11.664Z,0,19.86,50,OK
2026-02-16T05:49:11.714Z,0,20.18,50,OK
2026-02-16T05:49:11.764Z,0,20.31,50,OK
2026-02-16T05:49:11.814Z,0,20.24,50,OK
2026-02-16T05:49:11.864Z,0,19.93,50,OK
2026-02-16T05:49:11.914Z,0,20.18,50,OK
2026-02-16T05:49:11.964Z,0,19.82,50,OK
2026-02-16T05:49:12.015Z,0,20.42,50,OK
2026-02-16T05:49:12.064Z,0,19.77,50,OK
2026-02-16T05:49:12.115Z,0,20.41,50,OK
2026-02-16T05:49:12.166Z,0,20.41,50,OK
2026-02-16T05:49:12.216Z,0,20.24,50,OK
2026-02-16T05:49:12.267Z,0,20.32,50,OK
2026-02-16T05:49:12.316Z,0,20.21,50,OK
2026-02-16T05:49:12.366Z,0,19.94,50,OK
2026-02-16T05:49:12.417Z,0,20.28,50,OK
2026-02-16T05:49:12.468Z,0,20.41,50,OK
2026-02-16T05:49:12.518Z,0,20.31,50,OK
2026-02-16T05:49:12.568Z,0,19.96,50,OK
2026-02-16T05:49:12.618Z,0,20.44,50,OK
2026-02-16T05:49:12.668Z,0,20.03,50,OK
2026-02-16T05:49:12.719Z,0,20.24,50,OK
2026-02-16T05:49:12.769Z,0,20.31,50,OK
2026-02-16T05:49:12.820Z,0,20.18,50,OK
2026-02-16T05:49:12.869Z,0,19.91,50,OK
2026-02-16T05:49:12.919Z,0,20.16,50,OK
2026-02-16T05:49:12.969Z,0,19.95,50,OK
2026-02-16T05:49:13.020Z,0,20.16,50,OK
2026-02-16T05:49:13.069Z,0,19.82,50,OK
2026-02-16T05:49:13.119Z,0,20.23,50,OK
2026-02-16T05:49:13.169Z,0,20.32,50,OK
2026-02-16T05:49:13.220Z,0,20.39,50,OK
2026-02-16T05:49:13.270Z,0,19.98,50,OK
2026-02-16T05:49:13.321Z,0,20.24,50,OK
2026-02-16T05:49:13.372Z,0,20.54,50,OK
2026-02-16T05:49:13.422Z,0,20.19,50,OK
2026-02-16T05:49:13.472Z,0,20.52,50,OK
2026-02-16T05:49:13.522Z,0,20.31,50,OK
2026-02-16T05:49:13.572Z,0,20.37,50,OK
2026-02-16T05:49:13.623Z,0,20.05,50,OK
2026-02-16T05:49:13.674Z,0,20.87,50,OK
2026-02-16T05:49:13.725Z,0,20.12,50,OK
2026-02-16T05:49:13.776Z,0,19.95,50,OK
2026-02-16T05:49:13.826Z,0,20.18,50,OK
2026-02-16T05:49:13.876Z,0,20.34,50,OK
2026-02-16T05:49:13.926Z,0,20.18,50,OK
2026-02-16T05:49:13.977Z,0,20.54,50,OK
2026-02-16T05:49:14.026Z,0,20.19,50,OK
2026-02-16T05:49:14.077Z,0,20.70,50,OK
2026-02-16T05:49:14.127Z,0,20.19,50,OK
2026-02-16T05:49:14.178Z,0,20.50,50,OK
2026-02-16T05:49:14.227Z,0,20.21,50,OK
2026-02-16T05:49:14.277Z,0,20.55,50,OK
2026-02-16T05:49:14.327Z,0,20.17,50,OK
2026-02-16T05:49:14.377Z,0,20.67,50,OK
2026-02-16T05:49:14.427Z,0,20.19,50,OK
2026-02-16T05:49:14.477Z,0,19.52,50,OK
2026-02-16T05:49:14.528Z,0,20.19,50,OK
2026-02-16T05:49:14.578Z,0,19.54,50,OK
2026-02-16T05:49:14.628Z,0,20.19,50,OK
2026-02-16T05:49:14.678Z,0,20.62,50,OK
2026-02-16T05:49:14.728Z,0,20.28,50,OK
2026-02-16T05:49:14.778Z,0,20.59,50,OK
2026-02-16T05:49:14.829Z,0,20.23,50,OK
2026-02-16T05:49:14.880Z,0,20.55,50,OK
2026-02-16T05:49:14.929Z,0,20.24,50,OK
2026-02-16T05:49:14.980Z,0,19.71,50,OK
2026-02-16T05:49:15.031Z,0,20.22,50,OK
2026-02-16T05:49:15.080Z,0,19.46,50,OK
2026-02-16T05:49:15.130Z,0,20.20,50,OK
2026-02-16T05:49:15.181Z,0,20.44,50,OK
2026-02-16T05:49:15.230Z,0,20.18,50,OK
2026-02-16T05:49:15.281Z,0,20.41,50,OK
2026-02-16T05:49:15.331Z,0,20.21,50,OK
2026-02-16T05:49:15.381Z,0,20.51,50,OK
2026-02-16T05:49:15.432Z,0,20.19,50,OK
2026-02-16T05:49:15.483Z,0,20.35,50,OK
2026-02-16T05:49:15.532Z,0,20.29,50,OK
2026-02-16T05:49:15.583Z,0,20.29,50,OK
2026-02-16T05:49:15.633Z,0,20.23,50,OK
2026-02-16T05:49:15.683Z,0,20.46,50,OK
2026-02-16T05:49:15.733Z,0,20.14,50,OK
2026-02-16T05:49:15.783Z,0,20.32,50,OK
2026-02-16T05:49:15.834Z,0,20.19,50,OK
2026-02-16T05:49:15.885Z,0,20.34,50,OK
2026-02-16T05:49:15.934Z,0,20.28,50,OK
2026-02-16T05:49:15.984Z,0,20.47,50,OK
2026-02-16T05:49:16.034Z,0,19.96,50,OK
2026-02-16T05:49:16.084Z,0,20.54,50,OK
2026-02-16T05:49:16.135Z,0,20.29,50,OK
2026-02-16T05:49:16.184Z,0,20.52,50,OK
2026-02-16T05:49:16.234Z,0,20.20,50,OK
2026-02-16T05:49:16.285Z,0,20.42,50,OK
2026-02-16T05:49:16.334Z,0,20.19,50,OK
2026-02-16T05:49:16.385Z,0,20.55,50,OK
2026-02-16T05:49:16.435Z,0,20.21,50,OK
2026-02-16T05:49:16.486Z,0,19.57,50,OK
2026-02-16T05:49:16.535Z,0,20.33,50,OK
2026-02-16T05:49:16.586Z,0,19.95,50,OK
2026-02-16T05:49:16.637Z,0,20.31,50,OK
2026-02-16T05:49:16.687Z,0,21.00,50,OK
2026-02-16T05:49:16.738Z,0,20.55,50,OK
2026-02-16T05:49:16.788Z,0,21.00,50,OK
2026-02-16T05:49:16.838Z,0,20.33,50,OK
2026-02-16T05:49:16.889Z,0,20.01,50,OK
2026-02-16T05:49:16.939Z,0,20.50,50,OK
2026-02-16T05:49:16.989Z,0,19.70,50,OK
2026-02-16T05:49:17.039Z,0,20.18,50,OK
2026-02-16T05:49:17.089Z,0,20.22,50,OK
2026-02-16T05:49:17.139Z,0,20.13,50,OK
2026-02-16T05:49:17.189Z,0,20.50,50,OK
2026-02-16T05:49:17.239Z,0,20.23,50,OK
2026-02-16T05:49:17.289Z,0,20.36,50,OK
2026-02-16T05:49:17.340Z,0,20.18,50,OK
2026-02-16T05:49:17.389Z,0,20.56,50,OK
2026-02-16T05:49:17.439Z,0,20.28,50,OK
2026-02-16T05:49:17.490Z,0,19.98,50,OK
2026-02-16T05:49:17.541Z,0,20.26,50,OK
2026-02-16T05:49:17.591Z,0,20.27,50,OK
2026-02-16T05:49:17.642Z,0,20.52,50,OK
2026-02-16T05:49:17.692Z,0,20.55,50,OK
2026-02-16T05:49:17.743Z,0,20.34,50,OK
2026-02-16T05:49:17.794Z,0,20.18,50,OK
2026-02-16T05:49:17.843Z,0,20.24,50,OK
2026-02-16T05:49:17.894Z,0,20.03,50,OK
2026-02-16T05:49:17.944Z,0,20.34,50,OK
2026-02-16T05:49:17.995Z,0,19.92,50,OK
2026-02-16T05:49:18.046Z,0,20.31,50,OK
2026-02-16T05:49:18.096Z,0,20.61,50,OK
2026-02-16T05:49:18.147Z,0,20.46,50,OK
2026-02-16T05:49:18.198Z,0,20.49,50,OK
2026-02-16T05:49:18.248Z,0,20.42,50,OK
2026-02-16T05:49:18.298Z,0,20.50,50,OK
2026-02-16T05:49:18.349Z,0,20.21,50,OK
2026-02-16T05:49:18.399Z,0,20.14,50,OK
2026-02-16T05:49:18.450Z,0,20.42,50,OK
2026-02-16T05:49:18.500Z,0,20.20,50,OK
2026-02-16T05:49:18.550Z,0,20.42,50,OK
2026-02-16T05:49:18.601Z,0,20.55,50,OK
2026-02-16T05:49:18.652Z,0,20.36,50,OK
2026-02-16T05:49:18.702Z,0,20.09,50,OK
2026-02-16T05:49:18.753Z,0,20.21,50,OK
2026-02-16T05:49:18.803Z,0,20.32,50,OK
