Timestamp,ActiveRequests,Lag_ms,VirtualLimit,Status,Kp_Used
2026-02-19T10:20:44.135Z,0,24.73,21,OK,0.1
2026-02-19T10:20:44.185Z,0,22.60,22,OK,0.1
2026-02-19T10:20:44.236Z,0,21.83,23,OK,0.1
2026-02-19T10:20:44.287Z,0,21.45,24,OK,0.1
2026-02-19T10:20:44.337Z,0,21.22,25,OK,0.1
2026-02-19T10:20:44.387Z,0,20.32,26,OK,0.1
2026-02-19T10:20:44.438Z,0,20.28,27,OK,0.1
2026-02-19T10:20:44.488Z,0,20.27,28,OK,0.1
2026-02-19T10:20:44.539Z,0,20.27,29,OK,0.1
2026-02-19T10:20:44.588Z,0,20.26,30,OK,0.1
2026-02-19T10:20:44.638Z,0,20.29,31,OK,0.1
2026-02-19T10:20:44.689Z,0,20.28,32,OK,0.1
2026-02-19T10:20:44.738Z,0,20.27,33,OK,0.1
2026-02-19T10:20:44.789Z,0,20.27,34,OK,0.1
2026-02-19T10:20:44.838Z,0,20.25,35,OK,0.1
2026-02-19T10:20:44.889Z,0,20.28,36,OK,0.1
2026-02-19T10:20:44.938Z,0,20.27,37,OK,0.1
2026-02-19T10:20:44.988Z,0,20.22,38,OK,0.1
2026-02-19T10:20:45.039Z,0,20.19,39,OK,0.1
2026-02-19T10:20:45.089Z,0,20.23,40,OK,0.1
2026-02-19T10:20:45.138Z,0,20.19,41,OK,0.1
2026-02-19T10:20:45.188Z,0,20.20,42,OK,0.1
2026-02-19T10:20:45.239Z,0,20.26,43,OK,0.1
2026-02-19T10:20:45.289Z,0,20.29,44,OK,0.1
2026-02-19T10:20:45.339Z,0,20.31,45,OK,0.1
2026-02-19T10:20:45.389Z,0,20.32,46,OK,0.1
2026-02-19T10:20:45.440Z,0,20.30,47,OK,0.1
2026-02-19T10:20:45.490Z,0,20.31,48,OK,0.1
2026-02-19T10:20:45.540Z,0,20.19,49,OK,0.1
2026-02-19T10:20:45.590Z,0,20.16,50,OK,0.1
2026-02-19T10:20:45.640Z,0,20.17,50,OK,0.1
2026-02-19T10:20:45.689Z,0,20.21,50,OK,0.1
2026-02-19T10:20:45.740Z,0,20.23,50,OK,0.1
2026-02-19T10:20:45.791Z,0,20.33,50,OK,0.1
2026-02-19T10:20:45.841Z,0,20.33,50,OK,0.1
2026-02-19T10:20:45.892Z,0,20.34,50,OK,0.1
2026-02-19T10:20:45.942Z,0,20.35,50,OK,0.1
2026-02-19T10:20:45.993Z,0,20.37,50,OK,0.1
2026-02-19T10:20:46.044Z,0,20.39,50,OK,0.1
2026-02-19T10:20:46.094Z,0,20.40,50,OK,0.1
2026-02-19T10:20:46.144Z,0,20.40,50,OK,0.1
2026-02-19T10:20:46.195Z,0,20.44,50,OK,0.1
2026-02-19T10:20:46.244Z,0,20.41,50,OK,0.1
2026-02-19T10:20:46.295Z,0,20.40,50,OK,0.1
2026-02-19T10:20:46.346Z,0,20.38,50,OK,0.1
2026-02-19T10:20:46.395Z,0,20.41,50,OK,0.1
2026-02-19T10:20:46.445Z,0,20.37,50,OK,0.1
2026-02-19T10:20:46.495Z,0,20.36,50,OK,0.1
2026-02-19T10:20:46.545Z,0,20.36,50,OK,0.1
2026-02-19T10:20:46.595Z,0,20.38,50,OK,0.1
2026-02-19T10:20:46.646Z,0,20.31,50,OK,0.1
2026-02-19T10:20:46.695Z,0,20.31,50,OK,0.1
2026-02-19T10:20:46.746Z,0,20.30,50,OK,0.1
2026-02-19T10:20:46.797Z,0,20.38,50,OK,0.1
2026-02-19T10:20:46.847Z,0,20.40,50,OK,0.1
2026-02-19T10:20:46.897Z,0,20.37,50,OK,0.1
2026-02-19T10:20:46.948Z,0,20.18,50,OK,0.1
2026-02-19T10:20:46.997Z,0,20.27,50,OK,0.1
2026-02-19T10:20:47.047Z,0,20.21,50,OK,0.1
2026-02-19T10:20:47.097Z,0,20.14,50,OK,0.1
2026-02-19T10:20:47.147Z,0,20.24,50,OK,0.1
2026-02-19T10:20:47.198Z,0,20.44,50,OK,0.1
2026-02-19T10:20:47.247Z,0,20.39,50,OK,0.1
2026-02-19T10:20:47.297Z,0,20.37,50,OK,0.1
2026-02-19T10:20:47.348Z,0,20.38,50,OK,0.1
2026-02-19T10:20:47.399Z,0,20.36,50,OK,0.1
2026-02-19T10:20:47.450Z,0,20.32,50,OK,0.1
2026-02-19T10:20:47.499Z,0,20.33,50,OK,0.1
2026-02-19T10:20:47.549Z,0,20.29,50,OK,0.1
2026-02-19T10:20:47.599Z,0,20.34,50,OK,0.1
2026-02-19T10:20:47.649Z,0,20.29,50,OK,0.1
2026-02-19T10:20:47.700Z,0,20.29,50,OK,0.1
2026-02-19T10:20:47.749Z,0,20.23,50,OK,0.1
2026-02-19T10:20:47.800Z,0,20.28,50,OK,0.1
2026-02-19T10:20:47.850Z,0,20.27,50,OK,0.1
2026-02-19T10:20:47.900Z,0,20.29,50,OK,0.1
2026-02-19T10:20:47.951Z,0,20.30,50,OK,0.1
2026-02-19T10:20:48.001Z,0,20.32,50,OK,0.1
2026-02-19T10:20:48.052Z,0,20.31,50,OK,0.1
2026-02-19T10:20:48.102Z,0,20.33,50,OK,0.1
2026-02-19T10:20:48.152Z,0,20.35,50,OK,0.1
2026-02-19T10:20:48.202Z,0,20.36,50,OK,0.1
2026-02-19T10:20:48.252Z,0,20.33,50,OK,0.1
2026-02-19T10:20:48.303Z,0,20.30,50,OK,0.1
2026-02-19T10:20:48.354Z,0,20.28,50,OK,0.1
2026-02-19T10:20:48.404Z,0,20.28,50,OK,0.1
2026-02-19T10:20:48.455Z,0,20.26,50,OK,0.1
2026-02-19T10:20:48.506Z,0,20.26,50,OK,0.1
2026-02-19T10:20:48.556Z,0,20.29,50,OK,0.1
2026-02-19T10:20:48.606Z,0,20.27,50,OK,0.1
2026-02-19T10:20:48.657Z,0,20.24,50,OK,0.1
2026-02-19T10:20:48.706Z,0,20.25,50,OK,0.1
2026-02-19T10:20:48.757Z,0,20.25,50,OK,0.1
2026-02-19T10:20:48.807Z,0,20.24,50,OK,0.1
2026-02-19T10:20:48.858Z,0,20.26,50,OK,0.1
2026-02-19T10:20:48.909Z,0,20.29,50,OK,0.1
2026-02-19T10:20:48.959Z,0,20.28,50,OK,0.1
2026-02-19T10:20:49.009Z,0,20.30,50,OK,0.1
2026-02-19T10:20:49.059Z,0,20.32,50,OK,0.1
2026-02-19T10:20:49.108Z,0,20.34,50,OK,0.1
2026-02-19T10:20:49.159Z,0,20.33,50,OK,0.1
2026-02-19T10:20:49.209Z,0,20.36,50,OK,0.1
2026-02-19T10:20:49.259Z,0,20.36,50,OK,0.1
2026-02-19T10:20:49.310Z,0,20.36,50,OK,0.1
2026-02-19T10:20:49.360Z,0,20.38,50,OK,0.1
2026-02-19T10:20:49.410Z,0,20.31,50,OK,0.1
2026-02-19T10:20:49.459Z,0,20.29,50,OK,0.1
2026-02-19T10:20:49.509Z,0,20.30,50,OK,0.1
2026-02-19T10:20:49.560Z,0,20.30,50,OK,0.1
2026-02-19T10:20:49.610Z,0,20.29,50,OK,0.1
2026-02-19T10:20:49.661Z,0,20.33,50,OK,0.1
2026-02-19T10:20:49.710Z,0,20.33,50,OK,0.1
2026-02-19T10:20:49.760Z,0,20.30,50,OK,0.1
2026-02-19T10:20:49.811Z,0,20.29,50,OK,0.1
2026-02-19T10:20:49.862Z,0,20.27,50,OK,0.1
2026-02-19T10:20:49.912Z,0,20.29,50,OK,0.1
2026-02-19T10:20:49.963Z,0,20.30,50,OK,0.1
2026-02-19T10:20:50.012Z,0,20.24,50,OK,0.1
2026-02-19T10:20:50.063Z,0,20.22,50,OK,0.1
2026-02-19T10:20:50.114Z,0,20.24,50,OK,0.1
2026-02-19T10:20:50.165Z,0,20.26,50,OK,0.1
2026-02-19T10:20:50.214Z,0,20.19,50,OK,0.1
2026-02-19T10:20:50.265Z,0,20.26,50,OK,0.1
2026-02-19T10:20:50.314Z,0,20.29,50,OK,0.1
2026-02-19T10:20:50.365Z,0,20.25,50,OK,0.1
2026-02-19T10:20:50.414Z,0,20.16,50,OK,0.1
2026-02-19T10:20:50.465Z,0,20.20,50,OK,0.1
2026-02-19T10:20:50.515Z,0,20.24,50,OK,0.1
2026-02-19T10:20:50.565Z,0,20.21,50,OK,0.1
2026-02-19T10:20:50.616Z,0,20.25,50,OK,0.1
2026-02-19T10:20:50.665Z,0,20.37,50,OK,0.1
2026-02-19T10:20:50.715Z,0,20.40,50,OK,0.1
2026-02-19T10:20:50.765Z,0,20.40,50,OK,0.1
2026-02-19T10:20:50.816Z,0,20.40,50,OK,0.1
2026-02-19T10:20:50.866Z,0,20.37,50,OK,0.1
2026-02-19T10:20:50.915Z,0,20.31,50,OK,0.1
2026-02-19T10:20:50.965Z,0,20.28,50,OK,0.1
2026-02-19T10:20:51.016Z,0,20.24,50,OK,0.1
2026-02-19T10:20:51.066Z,0,20.25,50,OK,0.1
2026-02-19T10:20:51.116Z,0,20.26,50,OK,0.1
2026-02-19T10:20:51.165Z,0,20.25,50,OK,0.1
2026-02-19T10:20:51.216Z,0,20.26,50,OK,0.1
2026-02-19T10:20:51.267Z,0,20.31,50,OK,0.1
2026-02-19T10:20:51.317Z,0,20.35,50,OK,0.1
2026-02-19T10:20:51.368Z,0,20.32,50,OK,0.1
2026-02-19T10:20:51.419Z,0,20.30,50,OK,0.1
2026-02-19T10:20:51.469Z,0,20.31,50,OK,0.1
2026-02-19T10:20:51.520Z,0,20.20,50,OK,0.1
2026-02-19T10:20:51.570Z,0,20.14,50,OK,0.1
2026-02-19T10:20:51.621Z,0,20.17,50,OK,0.1
2026-02-19T10:20:51.670Z,0,20.20,50,OK,0.1
2026-02-19T10:20:51.720Z,0,20.18,50,OK,0.1
2026-02-19T10:20:51.771Z,0,20.22,50,OK,0.1
2026-02-19T10:20:51.821Z,0,20.26,50,OK,0.1
2026-02-19T10:20:51.871Z,0,20.25,50,OK,0.1
2026-02-19T10:20:51.921Z,0,20.30,50,OK,0.1
2026-02-19T10:20:51.971Z,0,20.34,50,OK,0.1
2026-02-19T10:20:52.021Z,0,20.41,50,OK,0.1
2026-02-19T10:20:52.072Z,0,20.41,50,OK,0.1
2026-02-19T10:20:52.122Z,0,20.37,50,OK,0.1
2026-02-19T10:20:52.172Z,0,20.35,50,OK,0.1
2026-02-19T10:20:52.223Z,0,20.49,50,OK,0.1
2026-02-19T10:20:52.273Z,0,20.45,50,OK,0.1
2026-02-19T10:20:52.324Z,0,20.44,50,OK,0.1
2026-02-19T10:20:52.374Z,0,20.54,50,OK,0.1
2026-02-19T10:20:52.424Z,0,20.52,50,OK,0.1
2026-02-19T10:20:52.475Z,0,20.27,50,OK,0.1
2026-02-19T10:20:52.524Z,0,20.28,50,OK,0.1
2026-02-19T10:20:52.575Z,0,20.29,50,OK,0.1
2026-02-19T10:20:52.625Z,0,20.26,50,OK,0.1
2026-02-19T10:20:52.676Z,0,20.29,50,OK,0.1
2026-02-19T10:20:52.726Z,0,20.40,50,OK,0.1
2026-02-19T10:20:52.777Z,0,20.39,50,OK,0.1
2026-02-19T10:20:52.827Z,0,20.46,50,OK,0.1
2026-02-19T10:20:52.878Z,0,20.43,50,OK,0.1
2026-02-19T10:20:52.929Z,0,20.42,50,OK,0.1
2026-02-19T10:20:52.979Z,0,20.42,50,OK,0.1
2026-02-19T10:20:53.030Z,0,20.39,50,OK,0.1
2026-02-19T10:20:53.080Z,0,20.33,50,OK,0.1
2026-02-19T10:20:53.131Z,0,20.34,50,OK,0.1
2026-02-19T10:20:53.181Z,0,20.35,50,OK,0.1
2026-02-19T10:20:53.231Z,0,20.35,50,OK,0.1
2026-02-19T10:20:53.282Z,0,20.35,50,OK,0.1
2026-02-19T10:20:53.333Z,0,20.31,50,OK,0.1
2026-02-19T10:20:53.382Z,0,20.33,50,OK,0.1
2026-02-19T10:20:53.432Z,0,20.30,50,OK,0.1
2026-02-19T10:20:53.483Z,0,20.28,50,OK,0.1
2026-02-19T10:20:53.533Z,0,20.35,50,OK,0.1
2026-02-19T10:20:53.584Z,0,20.35,50,OK,0.1
2026-02-19T10:20:53.633Z,0,20.32,50,OK,0.1
2026-02-19T10:20:53.684Z,0,20.31,50,OK,0.1
2026-02-19T10:20:53.734Z,0,20.28,50,OK,0.1
2026-02-19T10:20:53.784Z,0,20.20,50,OK,0.1
2026-02-19T10:20:53.835Z,0,20.22,50,OK,0.1
2026-02-19T10:20:53.884Z,0,20.23,50,OK,0.1
2026-02-19T10:20:53.935Z,0,20.30,50,OK,0.1
2026-02-19T10:20:53.985Z,0,20.31,50,OK,0.1
2026-02-19T10:20:54.036Z,0,20.36,50,OK,0.1
2026-02-19T10:20:54.087Z,0,20.45,50,OK,0.1
2026-02-19T10:20:54.137Z,0,20.38,50,OK,0.1
2026-02-19T10:20:54.187Z,0,20.35,50,OK,0.1
2026-02-19T10:20:54.236Z,0,20.40,50,OK,0.1
2026-02-19T10:20:54.286Z,0,20.40,50,OK,0.1
2026-02-19T10:20:54.337Z,0,20.39,50,OK,0.1
2026-02-19T10:20:54.387Z,0,20.42,50,OK,0.1
2026-02-19T10:20:54.437Z,0,20.46,50,OK,0.1
2026-02-19T10:20:54.489Z,0,20.44,50,OK,0.1
2026-02-19T10:20:54.539Z,0,20.40,50,OK,0.1
2026-02-19T10:20:54.589Z,0,20.43,50,OK,0.1
2026-02-19T10:20:54.639Z,0,20.43,50,OK,0.1
2026-02-19T10:20:54.689Z,0,20.43,50,OK,0.1
2026-02-19T10:20:54.739Z,0,20.43,50,OK,0.1
2026-02-19T10:20:54.789Z,0,20.43,50,OK,0.1
2026-02-19T10:20:54.840Z,0,20.36,50,OK,0.1
2026-02-19T10:20:54.890Z,0,20.36,50,OK,0.1
2026-02-19T10:20:54.939Z,0,20.33,50,OK,0.1
2026-02-19T10:20:54.989Z,0,20.32,50,OK,0.1
2026-02-19T10:20:55.039Z,0,20.31,50,OK,0.1
2026-02-19T10:20:55.090Z,0,20.32,50,OK,0.1
2026-02-19T10:20:55.141Z,0,20.32,50,OK,0.1
2026-02-19T10:20:55.190Z,0,20.38,50,OK,0.1
2026-02-19T10:20:55.240Z,0,20.33,50,OK,0.1
2026-02-19T10:20:55.291Z,0,20.23,50,OK,0.1
2026-02-19T10:20:55.341Z,0,20.23,50,OK,0.1
2026-02-19T10:20:55.390Z,0,20.24,50,OK,0.1
2026-02-19T10:20:55.441Z,0,20.19,50,OK,0.1
2026-02-19T10:20:55.492Z,0,20.20,50,OK,0.1
2026-02-19T10:20:55.541Z,0,20.30,50,OK,0.1
2026-02-19T10:20:55.591Z,0,20.27,50,OK,0.1
2026-02-19T10:20:55.642Z,0,20.26,50,OK,0.1
2026-02-19T10:20:55.692Z,0,20.25,50,OK,0.1
2026-02-19T10:20:55.742Z,0,20.21,50,OK,0.1
2026-02-19T10:20:55.791Z,0,20.24,50,OK,0.1
2026-02-19T10:20:55.841Z,0,20.18,50,OK,0.1
2026-02-19T10:20:55.891Z,0,20.15,50,OK,0.1
2026-02-19T10:20:55.942Z,0,20.17,50,OK,0.1
2026-02-19T10:20:55.991Z,0,20.22,50,OK,0.1
2026-02-19T10:20:56.042Z,0,20.29,50,OK,0.1
2026-02-19T10:20:56.093Z,0,20.39,50,OK,0.1
2026-02-19T10:20:56.143Z,0,20.37,50,OK,0.1
2026-02-19T10:20:56.192Z,0,20.37,50,OK,0.1
2026-02-19T10:20:56.243Z,0,20.37,50,OK,0.1
2026-02-19T10:20:56.293Z,0,20.28,50,OK,0.1
2026-02-19T10:20:56.344Z,0,20.24,50,OK,0.1
2026-02-19T10:20:56.393Z,0,20.32,50,OK,0.1
2026-02-19T10:20:56.444Z,0,20.35,50,OK,0.1
2026-02-19T10:20:56.494Z,0,20.36,50,OK,0.1
2026-02-19T10:20:56.544Z,0,20.39,50,OK,0.1
2026-02-19T10:20:56.594Z,0,20.38,50,OK,0.1
2026-02-19T10:20:56.645Z,0,20.36,50,OK,0.1
2026-02-19T10:20:56.695Z,0,20.33,50,OK,0.1
2026-02-19T10:20:56.746Z,0,20.32,50,OK,0.1
2026-02-19T10:20:56.796Z,0,20.28,50,OK,0.1
2026-02-19T10:20:56.847Z,0,20.27,50,OK,0.1
2026-02-19T10:20:56.897Z,0,20.28,50,OK,0.1
2026-02-19T10:20:56.948Z,0,20.25,50,OK,0.1
2026-02-19T10:20:56.999Z,0,20.28,50,OK,0.1
2026-02-19T10:20:57.049Z,0,20.34,50,OK,0.1
2026-02-19T10:20:57.100Z,0,20.38,50,OK,0.1
2026-02-19T10:20:57.151Z,0,20.33,50,OK,0.1
2026-02-19T10:20:57.202Z,0,20.35,50,OK,0.1
2026-02-19T10:20:57.252Z,0,20.29,50,OK,0.1
2026-02-19T10:20:57.303Z,0,20.25,50,OK,0.1
2026-02-19T10:20:57.353Z,0,20.23,50,OK,0.1
2026-02-19T10:20:57.404Z,0,20.31,50,OK,0.1
2026-02-19T10:20:57.455Z,0,20.31,50,OK,0.1
2026-02-19T10:20:57.505Z,0,20.34,50,OK,0.1
2026-02-19T10:20:57.556Z,0,20.32,50,OK,0.1
2026-02-19T10:20:57.606Z,0,20.33,50,OK,0.1
2026-02-19T10:20:57.655Z,0,20.37,50,OK,0.1
2026-02-19T10:20:57.705Z,0,20.38,50,OK,0.1
2026-02-19T10:20:57.756Z,0,20.42,50,OK,0.1
2026-02-19T10:20:57.807Z,0,20.46,50,OK,0.1
2026-02-19T10:20:57.858Z,0,20.45,50,OK,0.1
2026-02-19T10:20:57.909Z,0,20.37,50,OK,0.1
2026-02-19T10:20:57.960Z,0,20.31,50,OK,0.1
2026-02-19T10:20:58.010Z,0,20.24,50,OK,0.1
2026-02-19T10:20:58.060Z,0,20.15,50,OK,0.1
2026-02-19T10:20:58.111Z,0,20.16,50,OK,0.1
2026-02-19T10:20:58.161Z,0,20.24,50,OK,0.1
2026-02-19T10:20:58.212Z,0,20.30,50,OK,0.1
2026-02-19T10:20:58.263Z,0,20.38,50,OK,0.1
2026-02-19T10:20:58.313Z,0,20.47,50,OK,0.1
2026-02-19T10:20:58.364Z,0,20.53,50,OK,0.1
2026-02-19T10:20:58.413Z,0,20.47,50,OK,0.1
2026-02-19T10:20:58.464Z,0,20.45,50,OK,0.1
2026-02-19T10:20:58.514Z,0,20.38,50,OK,0.1
2026-02-19T10:20:58.565Z,0,20.45,50,OK,0.1
2026-02-19T10:20:58.614Z,0,20.40,50,OK,0.1
2026-02-19T10:20:58.665Z,0,20.38,50,OK,0.1
2026-02-19T10:20:58.716Z,0,20.35,50,OK,0.1
2026-02-19T10:20:58.766Z,0,20.40,50,OK,0.1
2026-02-19T10:20:58.817Z,0,20.34,50,OK,0.1
2026-02-19T10:20:58.868Z,0,20.25,50,OK,0.1
2026-02-19T10:20:58.918Z,0,20.25,50,OK,0.1
2026-02-19T10:20:58.969Z,0,20.35,50,OK,0.1
2026-02-19T10:20:59.020Z,0,20.32,50,OK,0.1
2026-02-19T10:20:59.071Z,0,20.37,50,OK,0.1
2026-02-19T10:20:59.121Z,0,20.45,50,OK,0.1
2026-02-19T10:20:59.171Z,0,20.36,50,OK,0.1
2026-02-19T10:20:59.221Z,0,20.21,50,OK,0.1
2026-02-19T10:20:59.271Z,0,20.13,50,OK,0.1
2026-02-19T10:20:59.321Z,0,20.16,50,OK,0.1
2026-02-19T10:20:59.372Z,0,20.22,50,OK,0.1
2026-02-19T10:20:59.423Z,0,20.34,50,OK,0.1
2026-02-19T10:20:59.473Z,0,20.34,50,OK,0.1
2026-02-19T10:20:59.523Z,0,20.42,50,OK,0.1
2026-02-19T10:20:59.573Z,0,20.47,50,OK,0.1
2026-02-19T10:20:59.623Z,0,20.39,50,OK,0.1
2026-02-19T10:20:59.674Z,0,20.47,50,OK,0.1
2026-02-19T10:20:59.724Z,0,20.55,50,OK,0.1
2026-02-19T10:20:59.774Z,0,20.68,50,OK,0.1
2026-02-19T10:20:59.824Z,0,20.54,50,OK,0.1
2026-02-19T10:20:59.874Z,0,20.66,50,OK,0.1
2026-02-19T10:20:59.923Z,0,20.57,50,OK,0.1
2026-02-19T10:20:59.974Z,0,20.51,50,OK,0.1
2026-02-19T10:21:00.024Z,0,20.39,50,OK,0.1
2026-02-19T10:21:00.073Z,0,20.35,50,OK,0.1
2026-02-19T10:21:00.123Z,0,20.21,50,OK,0.1
2026-02-19T10:21:00.174Z,0,20.14,50,OK,0.1
2026-02-19T10:21:00.224Z,0,20.18,50,OK,0.1
2026-02-19T10:21:00.274Z,0,20.10,50,OK,0.1
2026-02-19T10:21:00.324Z,0,20.17,50,OK,0.1
2026-02-19T10:21:00.374Z,0,20.19,50,OK,0.1
2026-02-19T10:21:00.423Z,0,20.27,50,OK,0.1
2026-02-19T10:21:00.474Z,0,20.21,50,OK,0.1
2026-02-19T10:21:00.524Z,0,20.28,50,OK,0.1
2026-02-19T10:21:00.574Z,0,20.21,50,OK,0.1
2026-02-19T10:21:00.625Z,0,20.22,50,OK,0.1
2026-02-19T10:21:00.676Z,0,20.28,50,OK,0.1
2026-02-19T10:21:00.725Z,0,20.39,50,OK,0.1
2026-02-19T10:21:00.776Z,0,20.27,50,OK,0.1
2026-02-19T10:21:00.825Z,0,20.25,50,OK,0.1
2026-02-19T10:21:00.876Z,0,20.17,50,OK,0.1
2026-02-19T10:21:00.925Z,0,20.10,50,OK,0.1
2026-02-19T10:21:00.976Z,0,20.15,50,OK,0.1
2026-02-19T10:21:01.026Z,0,20.30,50,OK,0.1
2026-02-19T10:21:01.076Z,0,20.42,50,OK,0.1
2026-02-19T10:21:01.127Z,0,20.51,50,OK,0.1
2026-02-19T10:21:01.177Z,0,20.59,50,OK,0.1
2026-02-19T10:21:01.228Z,0,20.52,50,OK,0.1
2026-02-19T10:21:01.278Z,0,20.43,50,OK,0.1
2026-02-19T10:21:01.327Z,0,20.38,50,OK,0.1
2026-02-19T10:21:01.377Z,0,20.46,50,OK,0.1
2026-02-19T10:21:01.428Z,0,20.38,50,OK,0.1
2026-02-19T10:21:01.478Z,0,20.28,50,OK,0.1
2026-02-19T10:21:01.528Z,0,20.31,50,OK,0.1
2026-02-19T10:21:01.578Z,0,20.31,50,OK,0.1
2026-02-19T10:21:01.629Z,0,20.25,50,OK,0.1
2026-02-19T10:21:01.678Z,0,20.19,50,OK,0.1
2026-02-19T10:21:01.728Z,0,20.28,50,OK,0.1
2026-02-19T10:21:01.779Z,0,20.36,50,OK,0.1
2026-02-19T10:21:01.830Z,0,20.36,50,OK,0.1
2026-02-19T10:21:01.880Z,0,20.37,50,OK,0.1
2026-02-19T10:21:01.929Z,0,20.41,50,OK,0.1
2026-02-19T10:21:01.980Z,0,20.46,50,OK,0.1
2026-02-19T10:21:02.029Z,0,20.38,50,OK,0.1
2026-02-19T10:21:02.080Z,0,20.26,50,OK,0.1
2026-02-19T10:21:02.129Z,0,20.25,50,OK,0.1
2026-02-19T10:21:02.180Z,0,20.25,50,OK,0.1
2026-02-19T10:21:02.231Z,0,20.21,50,OK,0.1
2026-02-19T10:21:02.281Z,0,20.19,50,OK,0.1
2026-02-19T10:21:02.332Z,0,20.29,50,OK,0.1
2026-02-19T10:21:02.383Z,0,20.33,50,OK,0.1
2026-02-19T10:21:02.433Z,0,20.34,50,OK,0.1
2026-02-19T10:21:02.483Z,0,20.32,50,OK,0.1
2026-02-19T10:21:02.533Z,0,20.36,50,OK,0.1
2026-02-19T10:21:02.582Z,0,20.50,50,OK,0.1
2026-02-19T10:21:02.633Z,0,20.40,50,OK,0.1
2026-02-19T10:21:02.684Z,0,20.50,50,OK,0.1
2026-02-19T10:21:02.734Z,0,21.34,50,OK,0.1
2026-02-19T10:21:02.784Z,0,21.41,50,OK,0.1
2026-02-19T10:21:02.834Z,0,21.27,50,OK,0.1
2026-02-19T10:21:02.885Z,0,21.38,50,OK,0.1
2026-02-19T10:21:02.935Z,0,21.29,50,OK,0.1
2026-02-19T10:21:02.984Z,0,20.44,50,OK,0.1
2026-02-19T10:21:03.035Z,0,20.50,50,OK,0.1
2026-02-19T10:21:03.085Z,0,20.54,50,OK,0.1
2026-02-19T10:21:03.136Z,0,20.49,50,OK,0.1
2026-02-19T10:21:03.185Z,0,20.45,50,OK,0.1
2026-02-19T10:21:03.236Z,0,20.45,50,OK,0.1
2026-02-19T10:21:03.286Z,0,20.29,50,OK,0.1
2026-02-19T10:21:03.337Z,0,20.42,50,OK,0.1
2026-02-19T10:21:03.387Z,0,20.26,50,OK,0.1
2026-02-19T10:21:03.436Z,0,20.27,50,OK,0.1
2026-02-19T10:21:03.486Z,0,20.32,50,OK,0.1
2026-02-19T10:21:03.537Z,0,20.35,50,OK,0.1
2026-02-19T10:21:03.586Z,0,20.06,50,OK,0.1
2026-02-19T10:21:03.637Z,0,20.20,50,OK,0.1
2026-02-19T10:21:03.688Z,0,20.08,50,OK,0.1
2026-02-19T10:21:03.740Z,1,20.03,50,OK,0.1
2026-02-19T10:21:03.790Z,0,20.09,50,OK,0.1
2026-02-19T10:21:03.841Z,0,20.16,50,OK,0.1
2026-02-19T10:21:03.891Z,0,20.22,50,OK,0.1
2026-02-19T10:21:03.942Z,0,20.28,50,OK,0.1
2026-02-19T10:21:03.992Z,0,20.24,50,OK,0.1
2026-02-19T10:21:04.043Z,0,20.23,50,OK,0.1
2026-02-19T10:21:04.092Z,0,20.33,50,OK,0.1
2026-02-19T10:21:04.143Z,0,20.29,50,OK,0.1
2026-02-19T10:21:04.193Z,0,20.49,50,OK,0.1
2026-02-19T10:21:04.244Z,0,20.50,50,OK,0.1
2026-02-19T10:21:04.293Z,0,20.58,50,OK,0.1
2026-02-19T10:21:04.343Z,0,20.51,50,OK,0.1
2026-02-19T10:21:04.394Z,0,20.59,50,OK,0.1
2026-02-19T10:21:04.444Z,0,20.49,50,OK,0.1
2026-02-19T10:21:04.495Z,0,20.51,50,OK,0.1
2026-02-19T10:21:04.545Z,0,20.48,50,OK,0.1
2026-02-19T10:21:04.596Z,0,20.44,50,OK,0.1
2026-02-19T10:21:04.647Z,0,20.33,50,OK,0.1
2026-02-19T10:21:04.697Z,0,20.31,50,OK,0.1
2026-02-19T10:21:04.747Z,1,20.31,50,OK,0.1
2026-02-19T10:21:04.797Z,0,20.23,50,OK,0.1
2026-02-19T10:21:04.848Z,0,20.29,50,OK,0.1
2026-02-19T10:21:04.898Z,0,20.23,50,OK,0.1
2026-02-19T10:21:04.948Z,0,20.30,50,OK,0.1
2026-02-19T10:21:04.999Z,0,20.27,50,OK,0.1
2026-02-19T10:21:05.050Z,0,20.28,50,OK,0.1
2026-02-19T10:21:05.100Z,0,20.36,50,OK,0.1
2026-02-19T10:21:05.150Z,1,20.47,50,OK,0.1
2026-02-19T10:21:05.200Z,1,20.43,50,OK,0.1
2026-02-19T10:21:05.251Z,1,20.49,50,OK,0.1
2026-02-19T10:21:05.302Z,1,20.54,50,OK,0.1
2026-02-19T10:21:05.352Z,1,20.34,50,OK,0.1
2026-02-19T10:21:05.401Z,1,20.26,50,OK,0.1
2026-02-19T10:21:05.452Z,1,20.27,50,OK,0.1
2026-02-19T10:21:05.503Z,1,20.25,50,OK,0.1
2026-02-19T10:21:05.553Z,1,20.20,50,OK,0.1
2026-02-19T10:21:05.603Z,1,20.36,50,OK,0.1
2026-02-19T10:21:05.654Z,1,20.38,50,OK,0.1
2026-02-19T10:21:05.704Z,1,20.42,50,OK,0.1
2026-02-19T10:21:05.755Z,2,20.38,50,OK,0.1
2026-02-19T10:21:05.806Z,1,20.42,50,OK,0.1
2026-02-19T10:21:05.857Z,1,20.41,50,OK,0.1
2026-02-19T10:21:05.907Z,1,20.43,50,OK,0.1
2026-02-19T10:21:05.999Z,1,34.45,49,OK,0.1
2026-02-19T10:21:06.050Z,1,34.49,48,OK,0.1
2026-02-19T10:21:06.101Z,1,34.48,47,OK,0.1
2026-02-19T10:21:06.151Z,1,34.51,46,OK,0.1
2026-02-19T10:21:06.200Z,1,34.49,45,OK,0.1
2026-02-19T10:21:06.251Z,1,20.49,46,OK,0.1
2026-02-19T10:21:06.301Z,1,20.46,47,OK,0.1
2026-02-19T10:21:06.403Z,1,26.35,46,OK,0.1
2026-02-19T10:21:06.454Z,1,26.30,45,OK,0.1
2026-02-19T10:21:06.504Z,1,26.31,44,OK,0.1
2026-02-19T10:21:06.553Z,1,26.24,43,OK,0.1
2026-02-19T10:21:06.604Z,1,26.26,42,OK,0.1
2026-02-19T10:21:06.654Z,1,20.35,43,OK,0.1
2026-02-19T10:21:06.704Z,1,20.40,44,OK,0.1
2026-02-19T10:21:06.754Z,1,20.42,45,OK,0.1
2026-02-19T10:21:06.804Z,1,20.40,46,OK,0.1
2026-02-19T10:21:06.854Z,1,20.42,47,OK,0.1
2026-02-19T10:21:06.904Z,1,20.37,48,OK,0.1
2026-02-19T10:21:06.955Z,1,20.35,49,OK,0.1
2026-02-19T10:21:07.006Z,1,20.33,50,OK,0.1
2026-02-19T10:21:07.056Z,1,20.34,50,OK,0.1
2026-02-19T10:21:07.110Z,1,20.32,50,OK,0.1
2026-02-19T10:21:07.160Z,0,20.37,50,OK,0.1
2026-02-19T10:21:07.210Z,0,20.33,50,OK,0.1
2026-02-19T10:21:07.261Z,0,20.34,50,OK,0.1
2026-02-19T10:21:07.311Z,1,20.35,50,OK,0.1
2026-02-19T10:21:07.361Z,1,20.36,50,OK,0.1
2026-02-19T10:21:07.412Z,1,20.33,50,OK,0.1
2026-02-19T10:21:07.463Z,1,20.33,50,OK,0.1
2026-02-19T10:21:07.514Z,1,20.30,50,OK,0.1
2026-02-19T10:21:07.564Z,1,20.27,50,OK,0.1
2026-02-19T10:21:07.614Z,1,20.26,50,OK,0.1
2026-02-19T10:21:07.664Z,1,20.28,50,OK,0.1
2026-02-19T10:21:07.715Z,1,20.32,50,OK,0.1
2026-02-19T10:21:07.766Z,1,20.25,50,OK,0.1
2026-02-19T10:21:07.816Z,1,20.25,50,OK,0.1
2026-02-19T10:21:07.865Z,1,20.24,50,OK,0.1
2026-02-19T10:21:07.915Z,2,20.22,50,OK,0.1
2026-02-19T10:21:07.963Z,1,20.24,50,OK,0.1
2026-02-19T10:21:08.013Z,1,20.32,50,OK,0.1
2026-02-19T10:21:08.063Z,1,20.34,50,OK,0.1
2026-02-19T10:21:08.113Z,3,20.38,50,OK,0.1
2026-02-19T10:21:08.163Z,2,20.36,50,OK,0.1
2026-02-19T10:21:08.213Z,2,20.35,50,OK,0.1
2026-02-19T10:21:08.264Z,2,20.33,50,OK,0.1
2026-02-19T10:21:08.314Z,2,20.31,50,OK,0.1
2026-02-19T10:21:08.364Z,2,20.29,50,OK,0.1
2026-02-19T10:21:08.415Z,2,20.28,50,OK,0.1
2026-02-19T10:21:08.466Z,2,20.25,50,OK,0.1
2026-02-19T10:21:08.516Z,2,20.48,50,OK,0.1
2026-02-19T10:21:08.605Z,2,24.22,50,OK,0.1
2026-02-19T10:21:08.655Z,2,24.21,50,OK,0.1
2026-02-19T10:21:08.706Z,3,24.23,50,OK,0.1
2026-02-19T10:21:08.803Z,2,39.52,48,OK,0.1
2026-02-19T10:21:08.853Z,3,39.32,46,OK,0.1
2026-02-19T10:21:08.904Z,3,35.55,44,OK,0.1
2026-02-19T10:21:08.954Z,3,35.48,42,OK,0.1
2026-02-19T10:21:09.005Z,3,35.41,40,OK,0.1
2026-02-19T10:21:09.055Z,3,20.12,41,OK,0.1
2026-02-19T10:21:09.106Z,3,20.12,42,OK,0.1
2026-02-19T10:21:09.156Z,3,20.17,43,OK,0.1
2026-02-19T10:21:09.207Z,3,20.29,44,OK,0.1
2026-02-19T10:21:09.258Z,3,20.34,45,OK,0.1
2026-02-19T10:21:09.309Z,3,20.37,46,OK,0.1
2026-02-19T10:21:09.359Z,2,20.38,47,OK,0.1
2026-02-19T10:21:09.409Z,2,20.36,48,OK,0.1
2026-02-19T10:21:09.460Z,2,20.33,49,OK,0.1
2026-02-19T10:21:09.510Z,2,20.36,50,OK,0.1
2026-02-19T10:21:09.595Z,2,33.27,49,OK,0.1
2026-02-19T10:21:09.646Z,2,33.20,48,OK,0.1
2026-02-19T10:21:09.696Z,2,33.23,47,OK,0.1
2026-02-19T10:21:09.747Z,2,33.22,46,OK,0.1
2026-02-19T10:21:09.797Z,2,33.21,45,OK,0.1
2026-02-19T10:21:09.849Z,2,20.29,46,OK,0.1
2026-02-19T10:21:09.899Z,2,20.32,47,OK,0.1
2026-02-19T10:21:09.950Z,2,20.34,48,OK,0.1
2026-02-19T10:21:10.000Z,2,20.33,49,OK,0.1
2026-02-19T10:21:10.050Z,2,20.41,50,OK,0.1
2026-02-19T10:21:10.101Z,2,20.45,50,OK,0.1
2026-02-19T10:21:10.152Z,1,20.62,50,OK,0.1
2026-02-19T10:21:10.202Z,1,20.60,50,OK,0.1
2026-02-19T10:21:10.252Z,1,20.56,50,OK,0.1
2026-02-19T10:21:10.302Z,1,20.47,50,OK,0.1
2026-02-19T10:21:10.352Z,1,20.46,50,OK,0.1
2026-02-19T10:21:10.402Z,1,20.29,50,OK,0.1
2026-02-19T10:21:10.452Z,1,20.18,50,OK,0.1
2026-02-19T10:21:10.501Z,2,20.00,50,OK,0.1
2026-02-19T10:21:10.552Z,1,19.93,50,OK,0.1
2026-02-19T10:21:10.603Z,1,19.94,50,OK,0.1
2026-02-19T10:21:10.653Z,1,19.95,50,OK,0.1
2026-02-19T10:21:10.703Z,1,20.05,50,OK,0.1
2026-02-19T10:21:10.753Z,1,20.34,50,OK,0.1
2026-02-19T10:21:10.806Z,1,20.38,50,OK,0.1
2026-02-19T10:21:10.856Z,0,20.25,50,OK,0.1
2026-02-19T10:21:10.906Z,0,20.24,50,OK,0.1
2026-02-19T10:21:10.957Z,1,20.25,50,OK,0.1
2026-02-19T10:21:11.007Z,1,20.18,50,OK,0.1
2026-02-19T10:21:11.058Z,1,20.20,50,OK,0.1
2026-02-19T10:21:11.109Z,2,20.32,50,OK,0.1
2026-02-19T10:21:11.160Z,2,20.15,50,OK,0.1
2026-02-19T10:21:11.211Z,2,20.06,50,OK,0.1
2026-02-19T10:21:11.261Z,2,20.11,50,OK,0.1
2026-02-19T10:21:11.312Z,2,20.03,50,OK,0.1
2026-02-19T10:21:11.362Z,2,20.03,50,OK,0.1
2026-02-19T10:21:11.413Z,2,20.17,50,OK,0.1
2026-02-19T10:21:11.463Z,2,20.26,50,OK,0.1
2026-02-19T10:21:11.594Z,2,20.19,50,OK,0.1
2026-02-19T10:21:11.695Z,2,26.30,49,OK,0.1
2026-02-19T10:21:11.745Z,2,26.10,48,OK,0.1
2026-02-19T10:21:11.795Z,2,26.05,47,OK,0.1
2026-02-19T10:21:11.891Z,2,41.05,45,OK,0.1
2026-02-19T10:21:11.941Z,2,41.00,43,OK,0.1
2026-02-19T10:21:11.991Z,2,34.96,42,OK,0.1
2026-02-19T10:21:12.041Z,2,35.19,40,OK,0.1
2026-02-19T10:21:12.092Z,2,35.27,38,OK,0.1
2026-02-19T10:21:12.142Z,2,20.35,39,OK,0.1
2026-02-19T10:21:12.193Z,2,20.42,40,OK,0.1
2026-02-19T10:21:12.243Z,2,20.32,41,OK,0.1
2026-02-19T10:21:12.293Z,2,20.30,42,OK,0.1
2026-02-19T10:21:12.343Z,2,20.33,43,OK,0.1
2026-02-19T10:21:12.393Z,2,20.27,44,OK,0.1
2026-02-19T10:21:12.443Z,2,20.32,45,OK,0.1
2026-02-19T10:21:12.494Z,2,20.41,46,OK,0.1
2026-02-19T10:21:12.543Z,2,20.36,47,OK,0.1
2026-02-19T10:21:12.594Z,2,20.38,48,OK,0.1
2026-02-19T10:21:12.644Z,2,20.53,49,OK,0.1
2026-02-19T10:21:12.694Z,2,20.51,50,OK,0.1
2026-02-19T10:21:12.775Z,2,22.67,50,OK,0.1
2026-02-19T10:21:12.826Z,2,22.62,50,OK,0.1
2026-02-19T10:21:12.876Z,2,22.59,50,OK,0.1
2026-02-19T10:21:12.972Z,2,37.49,48,OK,0.1
2026-02-19T10:21:13.022Z,1,37.30,46,OK,0.1
2026-02-19T10:21:13.072Z,1,35.06,44,OK,0.1
2026-02-19T10:21:13.122Z,0,35.05,42,OK,0.1
2026-02-19T10:21:13.173Z,0,34.95,41,OK,0.1
2026-02-19T10:21:13.224Z,0,19.91,42,OK,0.1
2026-02-19T10:21:13.275Z,0,20.09,43,OK,0.1
2026-02-19T10:21:13.325Z,0,20.00,44,OK,0.1
2026-02-19T10:21:13.376Z,1,20.06,45,OK,0.1
2026-02-19T10:21:13.426Z,1,20.16,46,OK,0.1
2026-02-19T10:21:13.476Z,1,20.16,47,OK,0.1
2026-02-19T10:21:13.526Z,2,20.16,48,OK,0.1
2026-02-19T10:21:13.577Z,2,20.37,49,OK,0.1
2026-02-19T10:21:13.627Z,2,20.35,50,OK,0.1
2026-02-19T10:21:13.677Z,2,20.36,50,OK,0.1
2026-02-19T10:21:13.728Z,2,20.28,50,OK,0.1
2026-02-19T10:21:13.779Z,3,20.27,50,OK,0.1
2026-02-19T10:21:13.829Z,2,20.21,50,OK,0.1
2026-02-19T10:21:13.879Z,2,20.24,50,OK,0.1
2026-02-19T10:21:13.929Z,2,20.13,50,OK,0.1
2026-02-19T10:21:14.054Z,5,20.22,50,OK,0.1
2026-02-19T10:21:14.105Z,3,20.24,50,OK,0.1
2026-02-19T10:21:14.155Z,3,20.41,50,OK,0.1
2026-02-19T10:21:14.206Z,3,20.42,50,OK,0.1
2026-02-19T10:21:14.256Z,3,20.52,50,OK,0.1
2026-02-19T10:21:14.308Z,3,20.52,50,OK,0.1
2026-02-19T10:21:14.409Z,3,34.27,49,OK,0.1
2026-02-19T10:21:14.458Z,3,34.10,48,OK,0.1
2026-02-19T10:21:14.509Z,3,34.09,47,OK,0.1
2026-02-19T10:21:14.559Z,3,34.12,46,OK,0.1
2026-02-19T10:21:14.609Z,3,34.08,45,OK,0.1
2026-02-19T10:21:14.659Z,3,20.24,46,OK,0.1
2026-02-19T10:21:14.709Z,3,20.25,47,OK,0.1
2026-02-19T10:21:14.759Z,3,20.27,48,OK,0.1
2026-02-19T10:21:14.810Z,3,20.35,49,OK,0.1
2026-02-19T10:21:14.860Z,3,20.39,50,OK,0.1
2026-02-19T10:21:14.910Z,3,20.44,50,OK,0.1
2026-02-19T10:21:14.960Z,3,20.51,50,OK,0.1
2026-02-19T10:21:15.010Z,3,20.48,50,OK,0.1
2026-02-19T10:21:15.062Z,6,20.42,50,OK,0.1
2026-02-19T10:21:15.185Z,3,20.40,50,OK,0.1
2026-02-19T10:21:15.261Z,5,31.64,49,OK,0.1
2026-02-19T10:21:15.312Z,4,31.48,48,OK,0.1
2026-02-19T10:21:15.362Z,3,31.41,47,OK,0.1
2026-02-19T10:21:15.412Z,3,31.21,46,OK,0.1
2026-02-19T10:21:15.463Z,3,31.22,45,OK,0.1
2026-02-19T10:21:15.513Z,2,19.97,46,OK,0.1
2026-02-19T10:21:15.564Z,2,20.12,47,OK,0.1
2026-02-19T10:21:15.614Z,3,20.15,48,OK,0.1
2026-02-19T10:21:15.664Z,2,20.27,49,OK,0.1
2026-02-19T10:21:15.714Z,2,20.40,50,OK,0.1
2026-02-19T10:21:15.764Z,2,20.41,50,OK,0.1
2026-02-19T10:21:15.814Z,2,20.44,50,OK,0.1
2026-02-19T10:21:15.865Z,2,20.52,50,OK,0.1
2026-02-19T10:21:15.915Z,2,20.62,50,OK,0.1
2026-02-19T10:21:15.965Z,2,20.50,50,OK,0.1
2026-02-19T10:21:16.016Z,1,20.47,50,OK,0.1
2026-02-19T10:21:16.066Z,1,20.48,50,OK,0.1
2026-02-19T10:21:16.116Z,1,20.32,50,OK,0.1
2026-02-19T10:21:16.166Z,1,20.24,50,OK,0.1
2026-02-19T10:21:16.216Z,1,20.19,50,OK,0.1
2026-02-19T10:21:16.267Z,2,20.23,50,OK,0.1
2026-02-19T10:21:16.318Z,2,20.08,50,OK,0.1
2026-02-19T10:21:16.368Z,2,20.13,50,OK,0.1
2026-02-19T10:21:16.418Z,2,20.19,50,OK,0.1
2026-02-19T10:21:16.536Z,2,27.48,49,OK,0.1
2026-02-19T10:21:16.586Z,2,27.48,48,OK,0.1
2026-02-19T10:21:16.636Z,2,27.56,47,OK,0.1
2026-02-19T10:21:16.686Z,2,27.65,46,OK,0.1
2026-02-19T10:21:16.737Z,2,27.53,45,OK,0.1
2026-02-19T10:21:16.787Z,2,20.27,46,OK,0.1
2026-02-19T10:21:16.838Z,2,20.15,47,OK,0.1
2026-02-19T10:21:16.888Z,2,20.23,48,OK,0.1
2026-02-19T10:21:16.939Z,2,20.23,49,OK,0.1
2026-02-19T10:21:16.989Z,2,20.27,50,OK,0.1
2026-02-19T10:21:17.039Z,2,20.28,50,OK,0.1
2026-02-19T10:21:17.089Z,4,20.39,50,OK,0.1
2026-02-19T10:21:17.141Z,5,20.19,50,OK,0.1
2026-02-19T10:21:17.191Z,6,20.12,50,OK,0.1
2026-02-19T10:21:17.241Z,5,20.08,50,OK,0.1
2026-02-19T10:21:17.291Z,4,20.04,50,OK,0.1
2026-02-19T10:21:17.341Z,4,20.05,50,OK,0.1
2026-02-19T10:21:17.392Z,4,20.21,50,OK,0.1
2026-02-19T10:21:17.443Z,4,20.24,50,OK,0.1
2026-02-19T10:21:17.493Z,4,20.34,50,OK,0.1
2026-02-19T10:21:17.542Z,6,20.38,50,OK,0.1
2026-02-19T10:21:17.594Z,5,20.37,50,OK,0.1
2026-02-19T10:21:17.644Z,7,20.45,50,OK,0.1
2026-02-19T10:21:17.694Z,7,20.50,50,OK,0.1
2026-02-19T10:21:17.744Z,7,20.43,50,OK,0.1
2026-02-19T10:21:17.794Z,7,20.44,50,OK,0.1
2026-02-19T10:21:17.845Z,8,20.43,50,OK,0.1
2026-02-19T10:21:17.895Z,8,20.34,50,OK,0.1
2026-02-19T10:21:17.945Z,8,20.36,50,OK,0.1
2026-02-19T10:21:17.995Z,8,20.35,50,OK,0.1
2026-02-19T10:21:18.045Z,8,20.34,50,OK,0.1
2026-02-19T10:21:18.095Z,8,20.28,50,OK,0.1
2026-02-19T10:21:18.145Z,8,20.25,50,OK,0.1
2026-02-19T10:21:18.196Z,9,20.19,50,OK,0.1
2026-02-19T10:21:18.246Z,8,20.23,50,OK,0.1
2026-02-19T10:21:18.296Z,8,20.18,50,OK,0.1
2026-02-19T10:21:18.346Z,7,20.24,50,OK,0.1
2026-02-19T10:21:18.396Z,7,20.24,50,OK,0.1
2026-02-19T10:21:18.447Z,7,20.23,50,OK,0.1
2026-02-19T10:21:18.498Z,7,20.21,50,OK,0.1
2026-02-19T10:21:18.548Z,7,20.27,50,OK,0.1
2026-02-19T10:21:18.598Z,7,20.26,50,OK,0.1
2026-02-19T10:21:18.648Z,7,20.29,50,OK,0.1
2026-02-19T10:21:18.698Z,7,20.36,50,OK,0.1
2026-02-19T10:21:18.749Z,7,20.30,50,OK,0.1
2026-02-19T10:21:18.799Z,7,20.35,50,OK,0.1
2026-02-19T10:21:18.849Z,7,20.39,50,OK,0.1
2026-02-19T10:21:18.900Z,7,20.40,50,OK,0.1
2026-02-19T10:21:18.950Z,7,20.27,50,OK,0.1
2026-02-19T10:21:19.000Z,8,20.34,50,OK,0.1
2026-02-19T10:21:19.050Z,8,20.28,50,OK,0.1
2026-02-19T10:21:19.160Z,6,20.22,50,OK,0.1
2026-02-19T10:21:19.210Z,5,20.24,50,OK,0.1
2026-02-19T10:21:19.260Z,5,20.31,50,OK,0.1
2026-02-19T10:21:19.311Z,5,20.27,50,OK,0.1
2026-02-19T10:21:19.396Z,5,23.20,50,OK,0.1
2026-02-19T10:21:19.446Z,8,23.17,50,OK,0.1
2026-02-19T10:21:19.497Z,8,23.09,50,OK,0.1
2026-02-19T10:21:19.547Z,7,23.06,50,OK,0.1
2026-02-19T10:21:19.597Z,8,23.06,50,OK,0.1
2026-02-19T10:21:19.648Z,6,20.14,50,OK,0.1
2026-02-19T10:21:19.698Z,6,20.18,50,OK,0.1
2026-02-19T10:21:19.748Z,6,20.27,50,OK,0.1
2026-02-19T10:21:19.798Z,6,20.29,50,OK,0.1
2026-02-19T10:21:19.849Z,5,20.28,50,OK,0.1
2026-02-19T10:21:19.899Z,5,20.25,50,OK,0.1
2026-02-19T10:21:19.988Z,5,24.01,50,OK,0.1
2026-02-19T10:21:20.038Z,5,23.91,50,OK,0.1
2026-02-19T10:21:20.088Z,5,23.93,50,OK,0.1
2026-02-19T10:21:20.138Z,6,23.96,50,OK,0.1
2026-02-19T10:21:20.248Z,7,39.72,48,OK,0.1
2026-02-19T10:21:20.299Z,6,35.94,46,OK,0.1
2026-02-19T10:21:20.349Z,6,36.00,44,OK,0.1
2026-02-19T10:21:20.400Z,7,36.02,42,OK,0.1
2026-02-19T10:21:20.450Z,6,36.03,40,OK,0.1
2026-02-19T10:21:20.500Z,6,20.26,41,OK,0.1
2026-02-19T10:21:20.625Z,6,20.30,42,OK,0.1
2026-02-19T10:21:20.675Z,7,20.18,43,OK,0.1
2026-02-19T10:21:20.725Z,8,20.14,44,OK,0.1
2026-02-19T10:21:20.776Z,8,20.16,45,OK,0.1
2026-02-19T10:21:20.826Z,8,20.17,46,OK,0.1
2026-02-19T10:21:20.876Z,8,20.16,47,OK,0.1
2026-02-19T10:21:20.926Z,8,20.24,48,OK,0.1
2026-02-19T10:21:20.976Z,8,20.32,49,OK,0.1
2026-02-19T10:21:21.026Z,7,20.40,50,OK,0.1
2026-02-19T10:21:21.076Z,7,20.43,50,OK,0.1
2026-02-19T10:21:21.126Z,7,20.46,50,OK,0.1
2026-02-19T10:21:21.176Z,7,20.50,50,OK,0.1
2026-02-19T10:21:21.226Z,7,20.47,50,OK,0.1
2026-02-19T10:21:21.331Z,8,35.73,48,OK,0.1
2026-02-19T10:21:21.381Z,8,35.69,46,OK,0.1
2026-02-19T10:21:21.432Z,5,35.66,44,OK,0.1
2026-02-19T10:21:21.482Z,5,35.64,42,OK,0.1
2026-02-19T10:21:21.533Z,5,35.91,40,OK,0.1
2026-02-19T10:21:21.583Z,4,20.53,41,OK,0.1
2026-02-19T10:21:21.633Z,4,20.54,42,OK,0.1
2026-02-19T10:21:21.723Z,4,34.43,41,OK,0.1
2026-02-19T10:21:21.773Z,5,34.43,40,OK,0.1
2026-02-19T10:21:21.823Z,6,34.14,39,OK,0.1
2026-02-19T10:21:21.873Z,6,34.16,38,OK,0.1
2026-02-19T10:21:21.924Z,6,34.19,37,OK,0.1
2026-02-19T10:21:21.974Z,6,20.26,38,OK,0.1
2026-02-19T10:21:22.025Z,6,20.30,39,OK,0.1
2026-02-19T10:21:22.075Z,6,20.26,40,OK,0.1
2026-02-19T10:21:22.126Z,6,20.18,41,OK,0.1
2026-02-19T10:21:22.179Z,7,20.23,42,OK,0.1
2026-02-19T10:21:22.229Z,6,20.28,43,OK,0.1
2026-02-19T10:21:22.279Z,6,20.24,44,OK,0.1
2026-02-19T10:21:22.329Z,6,20.25,45,OK,0.1
2026-02-19T10:21:22.416Z,7,33.23,44,OK,0.1
2026-02-19T10:21:22.466Z,6,33.14,43,OK,0.1
2026-02-19T10:21:22.516Z,7,33.16,42,OK,0.1
2026-02-19T10:21:22.566Z,8,33.14,41,OK,0.1
2026-02-19T10:21:22.617Z,8,33.14,40,OK,0.1
2026-02-19T10:21:22.668Z,7,20.21,41,OK,0.1
2026-02-19T10:21:22.718Z,7,20.23,42,OK,0.1
2026-02-19T10:21:22.768Z,7,20.21,43,OK,0.1
2026-02-19T10:21:22.818Z,7,20.28,44,OK,0.1
2026-02-19T10:21:22.869Z,7,20.26,45,OK,0.1
2026-02-19T10:21:22.919Z,7,20.29,46,OK,0.1
2026-02-19T10:21:22.969Z,7,20.30,47,OK,0.1
2026-02-19T10:21:23.020Z,7,20.29,48,OK,0.1
2026-02-19T10:21:23.071Z,7,20.17,49,OK,0.1
2026-02-19T10:21:23.121Z,7,20.16,50,OK,0.1
2026-02-19T10:21:23.171Z,7,20.22,50,OK,0.1
2026-02-19T10:21:23.221Z,7,20.20,50,OK,0.1
2026-02-19T10:21:23.271Z,7,20.25,50,OK,0.1
2026-02-19T10:21:23.321Z,7,20.31,50,OK,0.1
2026-02-19T10:21:23.371Z,7,20.32,50,OK,0.1
2026-02-19T10:21:23.421Z,8,20.28,50,OK,0.1
2026-02-19T10:21:23.506Z,10,23.23,50,OK,0.1
2026-02-19T10:21:23.556Z,9,23.20,50,OK,0.1
2026-02-19T10:21:23.606Z,9,23.23,50,OK,0.1
2026-02-19T10:21:23.656Z,9,23.32,50,OK,0.1
2026-02-19T10:21:23.783Z,9,23.30,50,OK,0.1
2026-02-19T10:21:23.833Z,8,20.21,50,OK,0.1
2026-02-19T10:21:23.917Z,8,22.94,50,OK,0.1
2026-02-19T10:21:23.968Z,8,22.99,50,OK,0.1
2026-02-19T10:21:24.018Z,9,22.98,50,OK,0.1
2026-02-19T10:21:24.068Z,8,22.95,50,OK,0.1
2026-02-19T10:21:24.119Z,7,23.15,50,OK,0.1
2026-02-19T10:21:24.169Z,7,20.48,50,OK,0.1
2026-02-19T10:21:24.220Z,8,20.44,50,OK,0.1
2026-02-19T10:21:24.270Z,8,20.37,50,OK,0.1
2026-02-19T10:21:24.324Z,8,20.39,50,OK,0.1
2026-02-19T10:21:24.374Z,8,20.35,50,OK,0.1
2026-02-19T10:21:24.424Z,8,20.29,50,OK,0.1
2026-02-19T10:21:24.474Z,8,20.33,50,OK,0.1
2026-02-19T10:21:24.523Z,7,20.37,50,OK,0.1
2026-02-19T10:21:24.574Z,6,20.45,50,OK,0.1
2026-02-19T10:21:24.624Z,6,20.68,50,OK,0.1
2026-02-19T10:21:24.724Z,6,35.34,48,OK,0.1
2026-02-19T10:21:24.775Z,5,35.27,46,OK,0.1
2026-02-19T10:21:24.824Z,5,35.23,44,OK,0.1
2026-02-19T10:21:24.875Z,5,35.18,42,OK,0.1
2026-02-19T10:21:24.924Z,7,35.19,40,OK,0.1
2026-02-19T10:21:24.976Z,5,20.48,41,OK,0.1
2026-02-19T10:21:25.103Z,7,20.56,42,OK,0.1
2026-02-19T10:21:25.189Z,5,33.62,41,OK,0.1
2026-02-19T10:21:25.240Z,5,33.62,40,OK,0.1
2026-02-19T10:21:25.290Z,5,33.41,39,OK,0.1
2026-02-19T10:21:25.340Z,4,33.45,38,OK,0.1
2026-02-19T10:21:25.390Z,4,33.41,37,OK,0.1
2026-02-19T10:21:25.440Z,2,20.42,38,OK,0.1
2026-02-19T10:21:25.491Z,2,20.37,39,OK,0.1
2026-02-19T10:21:25.541Z,2,20.29,40,OK,0.1
2026-02-19T10:21:25.591Z,2,20.22,41,OK,0.1
2026-02-19T10:21:25.641Z,2,20.24,42,OK,0.1
2026-02-19T10:21:25.691Z,2,20.19,43,OK,0.1
2026-02-19T10:21:25.805Z,2,27.43,42,OK,0.1
2026-02-19T10:21:25.855Z,2,27.44,41,OK,0.1
2026-02-19T10:21:25.906Z,2,27.50,40,OK,0.1
2026-02-19T10:21:25.988Z,2,30.00,39,OK,0.1
2026-02-19T10:21:26.066Z,4,31.56,38,OK,0.1
2026-02-19T10:21:26.116Z,3,24.26,39,OK,0.1
2026-02-19T10:21:26.167Z,3,24.34,40,OK,0.1
2026-02-19T10:21:26.217Z,2,24.41,41,OK,0.1
2026-02-19T10:21:26.268Z,2,21.89,42,OK,0.1
2026-02-19T10:21:26.319Z,2,20.35,43,OK,0.1
2026-02-19T10:21:26.369Z,2,20.48,44,OK,0.1
2026-02-19T10:21:26.419Z,2,20.50,45,OK,0.1
2026-02-19T10:21:26.469Z,3,20.41,46,OK,0.1
2026-02-19T10:21:26.519Z,4,20.30,47,OK,0.1
2026-02-19T10:21:26.569Z,4,20.23,48,OK,0.1
2026-02-19T10:21:26.619Z,3,20.20,49,OK,0.1
2026-02-19T10:21:26.670Z,3,20.16,50,OK,0.1
2026-02-19T10:21:26.720Z,3,20.12,50,OK,0.1
2026-02-19T10:21:26.770Z,3,20.39,50,OK,0.1
2026-02-19T10:21:26.823Z,4,20.67,50,OK,0.1
2026-02-19T10:21:26.873Z,3,20.70,50,OK,0.1
2026-02-19T10:21:26.923Z,3,20.73,50,OK,0.1
2026-02-19T10:21:26.974Z,3,20.77,50,OK,0.1
2026-02-19T10:21:27.024Z,3,20.51,50,OK,0.1
2026-02-19T10:21:27.074Z,3,20.28,50,OK,0.1
2026-02-19T10:21:27.124Z,5,20.24,50,OK,0.1
2026-02-19T10:21:27.174Z,5,20.17,50,OK,0.1
2026-02-19T10:21:27.349Z,5,49.26,47,OK,0.1
2026-02-19T10:21:27.399Z,5,49.40,44,OK,0.1
2026-02-19T10:21:27.449Z,5,49.27,41,OK,0.1
2026-02-19T10:21:27.500Z,5,49.29,38,OK,0.1
2026-02-19T10:21:27.550Z,5,49.24,35,OK,0.1
2026-02-19T10:21:27.601Z,6,20.23,36,OK,0.1
2026-02-19T10:21:27.652Z,6,20.19,37,OK,0.1
2026-02-19T10:21:27.702Z,6,20.35,38,OK,0.1
2026-02-19T10:21:27.752Z,7,20.35,39,OK,0.1
2026-02-19T10:21:27.802Z,7,20.42,40,OK,0.1
2026-02-19T10:21:27.907Z,8,33.88,39,OK,0.1
2026-02-19T10:21:27.957Z,8,33.91,38,OK,0.1
2026-02-19T10:21:28.008Z,8,33.86,37,OK,0.1
2026-02-19T10:21:28.058Z,8,33.81,36,OK,0.1
2026-02-19T10:21:28.108Z,8,33.75,35,OK,0.1
2026-02-19T10:21:28.158Z,9,20.18,36,OK,0.1
2026-02-19T10:21:28.208Z,9,20.12,37,OK,0.1
2026-02-19T10:21:28.258Z,9,20.15,38,OK,0.1
2026-02-19T10:21:28.308Z,9,20.14,39,OK,0.1
2026-02-19T10:21:28.359Z,13,20.19,40,OK,0.1
2026-02-19T10:21:28.410Z,10,20.21,41,OK,0.1
2026-02-19T10:21:28.520Z,10,26.86,40,OK,0.1
2026-02-19T10:21:28.599Z,11,28.57,39,OK,0.1
2026-02-19T10:21:28.650Z,10,28.72,38,OK,0.1
2026-02-19T10:21:28.700Z,10,28.74,37,OK,0.1
2026-02-19T10:21:28.750Z,10,28.74,36,OK,0.1
2026-02-19T10:21:28.799Z,10,22.12,37,OK,0.1
2026-02-19T10:21:28.850Z,10,20.27,38,OK,0.1
2026-02-19T10:21:28.900Z,10,20.20,39,OK,0.1
2026-02-19T10:21:28.950Z,10,20.13,40,OK,0.1
2026-02-19T10:21:29.000Z,10,20.13,41,OK,0.1
2026-02-19T10:21:29.051Z,10,20.14,42,OK,0.1
2026-02-19T10:21:29.101Z,11,20.20,43,OK,0.1
2026-02-19T10:21:29.151Z,10,20.20,44,OK,0.1
2026-02-19T10:21:29.201Z,10,20.23,45,OK,0.1
2026-02-19T10:21:29.252Z,10,20.25,46,OK,0.1
2026-02-19T10:21:29.302Z,10,20.15,47,OK,0.1
2026-02-19T10:21:29.352Z,10,20.30,48,OK,0.1
2026-02-19T10:21:29.402Z,10,20.30,49,OK,0.1
2026-02-19T10:21:29.519Z,10,20.20,50,OK,0.1
2026-02-19T10:21:29.569Z,10,20.20,50,OK,0.1
2026-02-19T10:21:29.679Z,9,20.30,50,OK,0.1
2026-02-19T10:21:29.729Z,8,20.08,50,OK,0.1
2026-02-19T10:21:29.780Z,8,20.07,50,OK,0.1
2026-02-19T10:21:29.830Z,6,20.18,50,OK,0.1
2026-02-19T10:21:29.907Z,7,21.51,50,OK,0.1
2026-02-19T10:21:29.992Z,6,24.45,50,OK,0.1
2026-02-19T10:21:30.043Z,6,24.54,50,OK,0.1
2026-02-19T10:21:30.093Z,6,24.53,50,OK,0.1
2026-02-19T10:21:30.190Z,6,39.47,48,OK,0.1
2026-02-19T10:21:30.267Z,7,39.47,46,OK,0.1
2026-02-19T10:21:30.317Z,4,36.50,44,OK,0.1
2026-02-19T10:21:30.371Z,6,36.57,42,OK,0.1
2026-02-19T10:21:30.421Z,5,36.59,40,OK,0.1
2026-02-19T10:21:30.526Z,5,36.37,38,OK,0.1
2026-02-19T10:21:30.576Z,5,35.06,36,OK,0.1
2026-02-19T10:21:30.653Z,5,36.43,34,OK,0.1
2026-02-19T10:21:30.771Z,7,51.98,31,OK,0.1
2026-02-19T10:21:30.852Z,8,54.12,28,OK,0.1
2026-02-19T10:21:30.902Z,7,39.40,26,OK,0.1
2026-02-19T10:21:30.952Z,7,39.28,24,OK,0.1
2026-02-19T10:21:31.002Z,8,37.99,22,OK,0.1
2026-02-19T10:21:31.052Z,8,22.45,23,OK,0.1
2026-02-19T10:21:31.168Z,8,27.58,22,OK,0.1
2026-02-19T10:21:31.218Z,7,27.49,21,OK,0.1
2026-02-19T10:21:31.268Z,7,27.56,20,OK,0.1
2026-02-19T10:21:31.360Z,10,41.62,18,OK,0.1
2026-02-19T10:21:31.410Z,8,41.58,16,OK,0.1
2026-02-19T10:21:31.460Z,8,34.33,15,OK,0.1
2026-02-19T10:21:31.510Z,9,34.35,14,OK,0.1
2026-02-19T10:21:31.560Z,9,34.18,13,OK,0.1
2026-02-19T10:21:31.610Z,9,20.08,14,OK,0.1
2026-02-19T10:21:31.660Z,9,20.08,15,OK,0.1
2026-02-19T10:21:31.765Z,9,26.08,14,OK,0.1
2026-02-19T10:21:31.844Z,9,27.89,13,OK,0.1
2026-02-19T10:21:31.937Z,11,42.60,11,SATURATED,0.1
2026-02-19T10:21:31.987Z,9,42.62,9,SATURATED,0.1
2026-02-19T10:21:32.038Z,9,42.67,7,SATURATED,0.1
2026-02-19T10:21:32.089Z,9,36.58,5,SATURATED,0.1
2026-02-19T10:21:32.139Z,9,34.79,5,SATURATED,0.1
2026-02-19T10:21:32.190Z,9,20.35,6,SATURATED,0.1
2026-02-19T10:21:32.242Z,9,20.36,7,SATURATED,0.1
2026-02-19T10:21:32.292Z,9,20.29,8,SATURATED,0.1
2026-02-19T10:21:32.342Z,9,20.35,9,SATURATED,0.1
2026-02-19T10:21:32.458Z,8,27.76,8,SATURATED,0.1
2026-02-19T10:21:32.508Z,7,27.67,7,SATURATED,0.1
2026-02-19T10:21:32.558Z,7,27.45,6,SATURATED,0.1
2026-02-19T10:21:32.608Z,7,27.49,5,SATURATED,0.1
2026-02-19T10:21:32.658Z,7,27.50,5,SATURATED,0.1
2026-02-19T10:21:32.709Z,6,20.21,6,SATURATED,0.1
2026-02-19T10:21:32.760Z,6,20.21,7,OK,0.1
2026-02-19T10:21:32.810Z,6,20.44,8,OK,0.1
2026-02-19T10:21:32.860Z,6,20.41,9,OK,0.1
2026-02-19T10:21:32.910Z,6,20.39,10,OK,0.1
2026-02-19T10:21:33.023Z,8,36.10,8,SATURATED,0.1
2026-02-19T10:21:33.073Z,6,36.10,6,SATURATED,0.1
2026-02-19T10:21:33.123Z,6,35.95,5,SATURATED,0.1
2026-02-19T10:21:33.173Z,5,35.91,5,SATURATED,0.1
2026-02-19T10:21:33.223Z,5,35.91,5,SATURATED,0.1
2026-02-19T10:21:33.274Z,5,20.19,6,OK,0.1
2026-02-19T10:21:33.324Z,5,20.21,7,OK,0.1
2026-02-19T10:21:33.457Z,7,20.53,8,OK,0.1
2026-02-19T10:21:33.507Z,7,20.60,9,OK,0.1
2026-02-19T10:21:33.618Z,6,36.53,7,OK,0.1
2026-02-19T10:21:33.668Z,7,36.46,5,SATURATED,0.1
2026-02-19T10:21:33.718Z,6,36.56,5,SATURATED,0.1
2026-02-19T10:21:33.769Z,6,36.35,5,SATURATED,0.1
2026-02-19T10:21:33.820Z,6,36.32,5,SATURATED,0.1
2026-02-19T10:21:33.870Z,6,20.36,6,SATURATED,0.1
2026-02-19T10:21:33.920Z,6,20.43,7,OK,0.1
2026-02-19T10:21:33.970Z,6,20.30,8,OK,0.1
2026-02-19T10:21:34.020Z,6,20.15,9,OK,0.1
2026-02-19T10:21:34.071Z,7,20.14,10,OK,0.1
2026-02-19T10:21:34.122Z,7,20.33,11,OK,0.1
2026-02-19T10:21:34.173Z,7,20.25,12,OK,0.1
2026-02-19T10:21:34.223Z,8,20.25,13,OK,0.1
2026-02-19T10:21:34.273Z,8,20.38,14,OK,0.1
2026-02-19T10:21:34.323Z,8,20.36,15,OK,0.1
2026-02-19T10:21:34.373Z,10,20.20,16,OK,0.1
2026-02-19T10:21:34.424Z,8,20.24,17,OK,0.1
2026-02-19T10:21:34.532Z,8,26.58,16,OK,0.1
2026-02-19T10:21:34.582Z,9,26.62,15,OK,0.1
2026-02-19T10:21:34.632Z,10,26.77,14,OK,0.1
2026-02-19T10:21:34.683Z,10,26.70,13,OK,0.1
2026-02-19T10:21:34.765Z,10,29.04,12,OK,0.1
2026-02-19T10:21:34.817Z,10,22.73,13,OK,0.1
2026-02-19T10:21:34.868Z,8,22.74,14,OK,0.1
2026-02-19T10:21:34.918Z,8,22.64,15,OK,0.1
2026-02-19T10:21:34.968Z,7,22.79,16,OK,0.1
2026-02-19T10:21:35.018Z,7,20.53,17,OK,0.1
2026-02-19T10:21:35.116Z,9,33.89,16,OK,0.1
2026-02-19T10:21:35.195Z,10,35.59,14,OK,0.1
2026-02-19T10:21:35.246Z,9,35.49,12,OK,0.1
2026-02-19T10:21:35.296Z,9,35.42,10,OK,0.1
2026-02-19T10:21:35.346Z,9,35.43,8,SATURATED,0.1
2026-02-19T10:21:35.397Z,9,22.11,9,SATURATED,0.1
2026-02-19T10:21:35.448Z,9,20.42,10,OK,0.1
2026-02-19T10:21:35.499Z,6,20.55,11,OK,0.1
2026-02-19T10:21:35.549Z,7,20.52,12,OK,0.1
2026-02-19T10:21:35.599Z,7,20.44,13,OK,0.1
2026-02-19T10:21:35.648Z,7,20.37,14,OK,0.1
2026-02-19T10:21:35.699Z,7,20.39,15,OK,0.1
2026-02-19T10:21:35.749Z,7,20.35,16,OK,0.1
2026-02-19T10:21:35.799Z,8,20.41,17,OK,0.1
2026-02-19T10:21:35.849Z,8,20.46,18,OK,0.1
2026-02-19T10:21:35.899Z,9,20.50,19,OK,0.1
2026-02-19T10:21:35.950Z,9,20.33,20,OK,0.1
2026-02-19T10:21:36.000Z,9,20.36,21,OK,0.1
2026-02-19T10:21:36.116Z,9,20.40,22,OK,0.1
2026-02-19T10:21:36.196Z,12,22.28,23,OK,0.1
2026-02-19T10:21:36.246Z,7,22.25,24,OK,0.1
2026-02-19T10:21:36.296Z,7,22.34,25,OK,0.1
2026-02-19T10:21:36.346Z,7,22.35,26,OK,0.1
2026-02-19T10:21:36.395Z,7,23.04,27,OK,0.1
2026-02-19T10:21:36.446Z,7,21.10,28,OK,0.1
2026-02-19T10:21:36.497Z,7,21.13,29,OK,0.1
2026-02-19T10:21:36.547Z,6,21.12,30,OK,0.1
2026-02-19T10:21:36.624Z,8,22.41,31,OK,0.1
2026-02-19T10:21:36.674Z,6,21.62,32,OK,0.1
2026-02-19T10:21:36.725Z,6,21.68,33,OK,0.1
2026-02-19T10:21:36.776Z,6,21.67,34,OK,0.1
2026-02-19T10:21:36.826Z,6,21.68,35,OK,0.1
2026-02-19T10:21:36.945Z,7,20.36,36,OK,0.1
2026-02-19T10:21:36.997Z,6,20.39,37,OK,0.1
2026-02-19T10:21:37.047Z,5,20.37,38,OK,0.1
2026-02-19T10:21:37.097Z,5,20.37,39,OK,0.1
2026-02-19T10:21:37.147Z,5,20.32,40,OK,0.1
2026-02-19T10:21:37.197Z,5,20.40,41,OK,0.1
2026-02-19T10:21:37.287Z,9,24.32,42,OK,0.1
2026-02-19T10:21:37.337Z,6,24.33,43,OK,0.1
2026-02-19T10:21:37.388Z,6,24.38,44,OK,0.1
2026-02-19T10:21:37.438Z,7,24.42,45,OK,0.1
2026-02-19T10:21:37.489Z,7,24.30,46,OK,0.1
2026-02-19T10:21:37.540Z,9,20.31,47,OK,0.1
2026-02-19T10:21:37.590Z,6,20.24,48,OK,0.1
2026-02-19T10:21:37.702Z,6,27.32,47,OK,0.1
2026-02-19T10:21:37.783Z,14,29.48,46,OK,0.1
2026-02-19T10:21:37.865Z,8,31.84,45,OK,0.1
2026-02-19T10:21:37.915Z,7,31.84,44,OK,0.1
2026-02-19T10:21:37.963Z,8,31.86,43,OK,0.1
2026-02-19T10:21:38.014Z,8,24.76,44,OK,0.1
2026-02-19T10:21:38.065Z,8,22.76,45,OK,0.1
2026-02-19T10:21:38.115Z,8,20.44,46,OK,0.1
2026-02-19T10:21:38.165Z,8,20.46,47,OK,0.1
2026-02-19T10:21:38.216Z,9,20.50,48,OK,0.1
2026-02-19T10:21:38.266Z,9,20.51,49,OK,0.1
2026-02-19T10:21:38.360Z,9,34.49,48,OK,0.1
2026-02-19T10:21:38.410Z,9,34.37,47,OK,0.1
2026-02-19T10:21:38.461Z,9,34.37,46,OK,0.1
2026-02-19T10:21:38.511Z,9,34.22,45,OK,0.1
2026-02-19T10:21:38.562Z,10,34.14,44,OK,0.1
2026-02-19T10:21:38.613Z,10,20.04,45,OK,0.1
2026-02-19T10:21:38.664Z,9,20.16,46,OK,0.1
2026-02-19T10:21:38.714Z,9,20.34,47,OK,0.1
2026-02-19T10:21:38.765Z,9,20.51,48,OK,0.1
2026-02-19T10:21:38.816Z,9,20.47,49,OK,0.1
2026-02-19T10:21:38.938Z,10,20.45,50,OK,0.1
2026-02-19T10:21:39.098Z,14,48.34,47,OK,0.1
2026-02-19T10:21:39.148Z,12,48.08,44,OK,0.1
2026-02-19T10:21:39.197Z,12,48.04,41,OK,0.1
2026-02-19T10:21:39.247Z,10,48.19,38,OK,0.1
2026-02-19T10:21:39.297Z,10,48.22,35,OK,0.1
2026-02-19T10:21:39.347Z,10,20.31,36,OK,0.1
2026-02-19T10:21:39.475Z,10,20.30,37,OK,0.1
2026-02-19T10:21:39.551Z,9,31.43,36,OK,0.1
2026-02-19T10:21:39.634Z,13,33.90,35,OK,0.1
2026-02-19T10:21:39.685Z,10,33.83,34,OK,0.1
2026-02-19T10:21:39.734Z,10,33.89,33,OK,0.1
2026-02-19T10:21:39.784Z,10,34.23,32,OK,0.1
2026-02-19T10:21:39.835Z,8,23.12,33,OK,0.1
2026-02-19T10:21:39.885Z,7,20.53,34,OK,0.1
2026-02-19T10:21:39.936Z,7,20.57,35,OK,0.1
2026-02-19T10:21:39.986Z,6,20.47,36,OK,0.1
2026-02-19T10:21:40.037Z,7,20.12,37,OK,0.1
2026-02-19T10:21:40.088Z,7,20.10,38,OK,0.1
2026-02-19T10:21:40.139Z,9,20.18,39,OK,0.1
2026-02-19T10:21:40.190Z,9,20.16,40,OK,0.1
2026-02-19T10:21:40.294Z,9,34.66,39,OK,0.1
2026-02-19T10:21:40.344Z,8,34.79,38,OK,0.1
2026-02-19T10:21:40.446Z,8,48.72,35,OK,0.1
2026-02-19T10:21:40.496Z,8,48.58,32,OK,0.1
2026-02-19T10:21:40.545Z,8,48.54,29,OK,0.1
2026-02-19T10:21:40.596Z,7,34.09,28,OK,0.1
2026-02-19T10:21:40.646Z,7,34.00,27,OK,0.1
2026-02-19T10:21:40.696Z,7,20.10,28,OK,0.1
2026-02-19T10:21:40.746Z,7,20.25,29,OK,0.1
2026-02-19T10:21:40.796Z,8,20.23,30,OK,0.1
2026-02-19T10:21:40.847Z,8,20.21,31,OK,0.1
2026-02-19T10:21:40.897Z,9,20.27,32,OK,0.1
2026-02-19T10:21:40.950Z,10,20.28,33,OK,0.1
2026-02-19T10:21:41.000Z,9,20.24,34,OK,0.1
2026-02-19T10:21:41.050Z,9,20.33,35,OK,0.1
2026-02-19T10:21:41.102Z,8,20.35,36,OK,0.1
2026-02-19T10:21:41.188Z,8,23.70,37,OK,0.1
2026-02-19T10:21:41.239Z,6,23.73,38,OK,0.1
2026-02-19T10:21:41.289Z,6,23.71,39,OK,0.1
2026-02-19T10:21:41.338Z,6,23.72,40,OK,0.1
2026-02-19T10:21:41.388Z,6,23.69,41,OK,0.1
2026-02-19T10:21:41.439Z,6,20.36,42,OK,0.1
2026-02-19T10:21:41.489Z,7,20.19,43,OK,0.1
2026-02-19T10:21:41.540Z,7,20.19,44,OK,0.1
2026-02-19T10:21:41.590Z,8,19.95,45,OK,0.1
2026-02-19T10:21:41.642Z,8,19.97,46,OK,0.1
2026-02-19T10:21:41.725Z,9,22.50,47,OK,0.1
2026-02-19T10:21:41.776Z,7,22.61,48,OK,0.1
2026-02-19T10:21:41.871Z,7,35.62,46,OK,0.1
2026-02-19T10:21:41.920Z,7,35.85,44,OK,0.1
2026-02-19T10:21:41.970Z,7,35.88,42,OK,0.1
2026-02-19T10:21:42.021Z,6,33.37,41,OK,0.1
2026-02-19T10:21:42.072Z,6,33.39,40,OK,0.1
2026-02-19T10:21:42.189Z,5,27.77,39,OK,0.1
2026-02-19T10:21:42.269Z,5,29.70,38,OK,0.1
2026-02-19T10:21:42.432Z,10,48.21,35,OK,0.1
2026-02-19T10:21:42.515Z,8,50.71,32,OK,0.1
2026-02-19T10:21:42.564Z,5,50.67,29,OK,0.1
2026-02-19T10:21:42.614Z,4,43.25,27,OK,0.1
2026-02-19T10:21:42.664Z,5,41.29,25,OK,0.1
2026-02-19T10:21:42.715Z,5,22.79,26,OK,0.1
2026-02-19T10:21:42.764Z,5,20.22,27,OK,0.1
2026-02-19T10:21:42.815Z,4,20.20,28,OK,0.1
2026-02-19T10:21:42.865Z,4,20.30,29,OK,0.1
2026-02-19T10:21:42.915Z,3,20.32,30,OK,0.1
2026-02-19T10:21:42.966Z,3,20.37,31,OK,0.1
2026-02-19T10:21:43.016Z,3,20.39,32,OK,0.1
2026-02-19T10:21:43.066Z,3,20.42,33,OK,0.1
2026-02-19T10:21:43.117Z,5,20.31,34,OK,0.1
2026-02-19T10:21:43.167Z,5,20.28,35,OK,0.1
2026-02-19T10:21:43.218Z,5,20.08,36,OK,0.1
2026-02-19T10:21:43.267Z,5,20.11,37,OK,0.1
2026-02-19T10:21:43.317Z,5,20.14,38,OK,0.1
2026-02-19T10:21:43.368Z,5,20.27,39,OK,0.1
2026-02-19T10:21:43.417Z,5,20.28,40,OK,0.1
2026-02-19T10:21:43.467Z,5,20.44,41,OK,0.1
2026-02-19T10:21:43.519Z,10,20.40,42,OK,0.1
2026-02-19T10:21:43.607Z,8,23.94,43,OK,0.1
2026-02-19T10:21:43.690Z,15,36.26,41,OK,0.1
2026-02-19T10:21:43.740Z,13,36.26,39,OK,0.1
2026-02-19T10:21:43.790Z,8,36.19,37,OK,0.1
2026-02-19T10:21:43.840Z,8,36.23,35,OK,0.1
2026-02-19T10:21:43.890Z,9,32.68,34,OK,0.1
2026-02-19T10:21:43.941Z,9,20.34,35,OK,0.1
2026-02-19T10:21:43.992Z,9,20.43,36,OK,0.1
2026-02-19T10:21:44.041Z,9,20.49,37,OK,0.1
2026-02-19T10:21:44.091Z,9,20.50,38,OK,0.1
2026-02-19T10:21:44.142Z,9,20.59,39,OK,0.1
2026-02-19T10:21:44.192Z,9,20.53,40,OK,0.1
2026-02-19T10:21:44.242Z,9,20.43,41,OK,0.1
2026-02-19T10:21:44.293Z,10,20.26,42,OK,0.1
2026-02-19T10:21:44.343Z,10,20.26,43,OK,0.1
2026-02-19T10:21:44.394Z,10,20.18,44,OK,0.1
2026-02-19T10:21:44.445Z,11,20.22,45,OK,0.1
2026-02-19T10:21:44.495Z,11,20.31,46,OK,0.1
2026-02-19T10:21:44.546Z,13,20.54,47,OK,0.1
2026-02-19T10:21:44.597Z,13,20.51,48,OK,0.1
2026-02-19T10:21:44.648Z,13,20.46,49,OK,0.1
2026-02-19T10:21:44.773Z,15,20.41,50,OK,0.1
2026-02-19T10:21:44.853Z,20,32.30,49,OK,0.1
2026-02-19T10:21:44.903Z,13,32.21,48,OK,0.1
2026-02-19T10:21:44.954Z,13,32.20,47,OK,0.1
2026-02-19T10:21:45.003Z,14,32.23,46,OK,0.1
2026-02-19T10:21:45.053Z,14,32.39,45,OK,0.1
2026-02-19T10:21:45.104Z,14,20.36,46,OK,0.1
2026-02-19T10:21:45.154Z,13,20.36,47,OK,0.1
2026-02-19T10:21:45.204Z,14,20.40,48,OK,0.1
2026-02-19T10:21:45.255Z,13,20.46,49,OK,0.1
2026-02-19T10:21:45.305Z,14,20.26,50,OK,0.1
2026-02-19T10:21:45.356Z,14,20.34,50,OK,0.1
2026-02-19T10:21:45.407Z,14,20.42,50,OK,0.1
2026-02-19T10:21:45.457Z,14,20.50,50,OK,0.1
2026-02-19T10:21:45.507Z,14,20.51,50,OK,0.1
2026-02-19T10:21:45.557Z,14,20.55,50,OK,0.1
2026-02-19T10:21:45.607Z,14,20.57,50,OK,0.1
2026-02-19T10:21:45.693Z,13,23.63,50,OK,0.1
2026-02-19T10:21:45.744Z,11,23.49,50,OK,0.1
2026-02-19T10:21:45.851Z,13,23.42,50,OK,0.1
2026-02-19T10:21:45.900Z,14,23.38,50,OK,0.1
2026-02-19T10:21:45.950Z,14,23.34,50,OK,0.1
2026-02-19T10:21:46.001Z,14,20.11,50,OK,0.1
2026-02-19T10:21:46.051Z,14,20.16,50,OK,0.1
2026-02-19T10:21:46.102Z,14,20.17,50,OK,0.1
2026-02-19T10:21:46.153Z,14,20.17,50,OK,0.1
2026-02-19T10:21:46.203Z,14,20.17,50,OK,0.1
2026-02-19T10:21:46.254Z,14,20.26,50,OK,0.1
2026-02-19T10:21:46.305Z,13,20.20,50,OK,0.1
2026-02-19T10:21:46.356Z,13,20.27,50,OK,0.1
2026-02-19T10:21:46.407Z,13,20.33,50,OK,0.1
2026-02-19T10:21:46.517Z,12,20.32,50,OK,0.1
2026-02-19T10:21:46.568Z,10,20.23,50,OK,0.1
2026-02-19T10:21:46.617Z,10,20.27,50,OK,0.1
2026-02-19T10:21:46.668Z,10,20.21,50,OK,0.1
2026-02-19T10:21:46.775Z,12,35.07,48,OK,0.1
2026-02-19T10:21:46.825Z,10,35.07,46,OK,0.1
2026-02-19T10:21:46.876Z,9,35.12,44,OK,0.1
2026-02-19T10:21:46.926Z,9,35.14,42,OK,0.1
2026-02-19T10:21:46.976Z,9,35.11,40,OK,0.1
2026-02-19T10:21:47.026Z,8,20.27,41,OK,0.1
2026-02-19T10:21:47.077Z,8,20.44,42,OK,0.1
2026-02-19T10:21:47.126Z,8,20.48,43,OK,0.1
2026-02-19T10:21:47.177Z,7,20.47,44,OK,0.1
2026-02-19T10:21:47.228Z,7,20.41,45,OK,0.1
2026-02-19T10:21:47.279Z,7,20.36,46,OK,0.1
2026-02-19T10:21:47.359Z,6,31.50,45,OK,0.1
2026-02-19T10:21:47.409Z,6,31.47,44,OK,0.1
2026-02-19T10:21:47.459Z,5,31.48,43,OK,0.1
2026-02-19T10:21:47.510Z,5,31.60,42,OK,0.1
2026-02-19T10:21:47.560Z,4,31.59,41,OK,0.1
2026-02-19T10:21:47.610Z,4,20.23,42,OK,0.1
2026-02-19T10:21:47.660Z,4,20.22,43,OK,0.1
2026-02-19T10:21:47.711Z,4,20.28,44,OK,0.1
2026-02-19T10:21:47.760Z,4,20.25,45,OK,0.1
2026-02-19T10:21:47.811Z,3,20.23,46,OK,0.1
2026-02-19T10:21:47.861Z,3,20.29,47,OK,0.1
2026-02-19T10:21:47.943Z,2,22.67,48,OK,0.1
2026-02-19T10:21:47.994Z,3,22.62,49,OK,0.1
2026-02-19T10:21:48.044Z,3,22.57,50,OK,0.1
2026-02-19T10:21:48.094Z,3,22.60,50,OK,0.1
2026-02-19T10:21:48.144Z,4,22.68,50,OK,0.1
2026-02-19T10:21:48.194Z,4,20.33,50,OK,0.1
2026-02-19T10:21:48.303Z,5,35.35,48,OK,0.1
2026-02-19T10:21:48.353Z,4,35.38,46,OK,0.1
2026-02-19T10:21:48.404Z,4,35.41,44,OK,0.1
2026-02-19T10:21:48.454Z,4,35.33,42,OK,0.1
2026-02-19T10:21:48.504Z,4,35.27,40,OK,0.1
2026-02-19T10:21:48.554Z,4,20.22,41,OK,0.1
2026-02-19T10:21:48.605Z,4,20.18,42,OK,0.1
2026-02-19T10:21:48.705Z,6,31.68,41,OK,0.1
2026-02-19T10:21:48.755Z,4,31.71,40,OK,0.1
2026-02-19T10:21:48.858Z,5,45.94,37,OK,0.1
2026-02-19T10:21:49.010Z,7,62.29,33,OK,0.1
2026-02-19T10:21:49.095Z,19,65.28,28,OK,0.1
2026-02-19T10:21:49.220Z,10,53.87,25,OK,0.1
2026-02-19T10:21:49.271Z,8,53.83,22,OK,0.1
2026-02-19T10:21:49.320Z,8,39.64,20,OK,0.1
2026-02-19T10:21:49.370Z,9,23.30,21,OK,0.1
2026-02-19T10:21:49.421Z,9,20.44,22,OK,0.1
2026-02-19T10:21:49.471Z,10,20.37,23,OK,0.1
2026-02-19T10:21:49.522Z,10,20.42,24,OK,0.1
2026-02-19T10:21:49.571Z,10,20.46,25,OK,0.1
2026-02-19T10:21:49.622Z,10,20.47,26,OK,0.1
2026-02-19T10:21:49.673Z,10,20.39,27,OK,0.1
2026-02-19T10:21:49.724Z,10,20.34,28,OK,0.1
2026-02-19T10:21:49.774Z,10,20.29,29,OK,0.1
2026-02-19T10:21:49.824Z,9,20.29,30,OK,0.1
2026-02-19T10:21:49.875Z,9,20.28,31,OK,0.1
2026-02-19T10:21:49.926Z,9,20.26,32,OK,0.1
2026-02-19T10:21:50.021Z,9,25.21,31,OK,0.1
2026-02-19T10:21:50.072Z,7,25.15,30,OK,0.1
2026-02-19T10:21:50.121Z,11,25.18,29,OK,0.1
2026-02-19T10:21:50.171Z,10,25.23,28,OK,0.1
2026-02-19T10:21:50.222Z,10,25.28,27,OK,0.1
2026-02-19T10:21:50.272Z,10,20.35,28,OK,0.1
2026-02-19T10:21:50.322Z,10,20.41,29,OK,0.1
2026-02-19T10:21:50.373Z,10,20.38,30,OK,0.1
2026-02-19T10:21:50.424Z,10,20.40,31,OK,0.1
2026-02-19T10:21:50.474Z,10,20.39,32,OK,0.1
2026-02-19T10:21:50.524Z,10,20.38,33,OK,0.1
2026-02-19T10:21:50.575Z,10,20.55,34,OK,0.1
2026-02-19T10:21:50.624Z,10,20.54,35,OK,0.1
2026-02-19T10:21:50.675Z,10,20.45,36,OK,0.1
2026-02-19T10:21:50.724Z,10,21.04,37,OK,0.1
2026-02-19T10:21:50.774Z,10,21.02,38,OK,0.1
2026-02-19T10:21:50.825Z,9,20.80,39,OK,0.1
2026-02-19T10:21:50.875Z,9,20.83,40,OK,0.1
2026-02-19T10:21:50.926Z,9,20.86,41,OK,0.1
2026-02-19T10:21:50.977Z,9,20.27,42,OK,0.1
2026-02-19T10:21:51.027Z,10,20.25,43,OK,0.1
2026-02-19T10:21:51.077Z,7,20.30,44,OK,0.1
2026-02-19T10:21:51.180Z,7,25.98,43,OK,0.1
2026-02-19T10:21:51.350Z,16,45.91,40,OK,0.1
2026-02-19T10:21:51.400Z,7,45.88,37,OK,0.1
2026-02-19T10:21:51.451Z,7,45.92,34,OK,0.1
2026-02-19T10:21:51.502Z,6,45.89,31,OK,0.1
2026-02-19T10:21:51.552Z,7,40.19,29,OK,0.1
2026-02-19T10:21:51.602Z,6,20.22,30,OK,0.1
2026-02-19T10:21:51.653Z,6,20.15,31,OK,0.1
2026-02-19T10:21:51.703Z,6,20.17,32,OK,0.1
2026-02-19T10:21:51.753Z,6,20.35,33,OK,0.1
2026-02-19T10:21:51.804Z,6,20.35,34,OK,0.1
2026-02-19T10:21:51.855Z,6,20.41,35,OK,0.1
2026-02-19T10:21:51.905Z,6,20.58,36,OK,0.1
2026-02-19T10:21:51.956Z,6,20.58,37,OK,0.1
2026-02-19T10:21:52.005Z,6,20.44,38,OK,0.1
2026-02-19T10:21:52.055Z,6,20.43,39,OK,0.1
2026-02-19T10:21:52.105Z,3,20.36,40,OK,0.1
2026-02-19T10:21:52.156Z,2,20.26,41,OK,0.1
2026-02-19T10:21:52.207Z,2,20.28,42,OK,0.1
2026-02-19T10:21:52.257Z,2,20.27,43,OK,0.1
2026-02-19T10:21:52.308Z,2,20.29,44,OK,0.1
2026-02-19T10:21:52.357Z,4,20.36,45,OK,0.1
2026-02-19T10:21:52.434Z,4,21.71,46,OK,0.1
2026-02-19T10:21:52.601Z,14,41.03,44,OK,0.1
2026-02-19T10:21:52.693Z,14,45.36,41,OK,0.1
2026-02-19T10:21:52.743Z,5,45.25,38,OK,0.1
2026-02-19T10:21:52.794Z,6,45.20,35,OK,0.1
2026-02-19T10:21:52.844Z,5,43.86,33,OK,0.1
2026-02-19T10:21:52.895Z,7,24.53,34,OK,0.1
2026-02-19T10:21:52.945Z,7,20.24,35,OK,0.1
2026-02-19T10:21:52.996Z,7,20.33,36,OK,0.1
2026-02-19T10:21:53.046Z,7,20.32,37,OK,0.1
2026-02-19T10:21:53.096Z,7,20.28,38,OK,0.1
2026-02-19T10:21:53.260Z,7,48.84,35,OK,0.1
2026-02-19T10:21:53.342Z,9,51.12,32,OK,0.1
2026-02-19T10:21:53.393Z,6,51.11,29,OK,0.1
2026-02-19T10:21:53.443Z,6,51.08,26,OK,0.1
2026-02-19T10:21:53.493Z,6,51.10,23,OK,0.1
2026-02-19T10:21:53.543Z,6,22.66,24,OK,0.1
2026-02-19T10:21:53.593Z,6,20.38,25,OK,0.1
2026-02-19T10:21:53.680Z,9,23.74,26,OK,0.1
2026-02-19T10:21:53.758Z,9,25.36,25,OK,0.1
2026-02-19T10:21:54.086Z,18,76.91,19,OK,0.1
2026-02-19T10:21:54.283Z,14,102.12,11,SATURATED,0.1
2026-02-19T10:21:54.366Z,11,104.60,5,SATURATED,0.1
2026-02-19T10:21:54.416Z,6,101.25,5,SATURATED,0.1
2026-02-19T10:21:54.467Z,6,99.72,5,SATURATED,0.1
2026-02-19T10:21:54.518Z,6,48.21,5,SATURATED,0.1
2026-02-19T10:21:54.567Z,6,22.94,6,SATURATED,0.1
2026-02-19T10:21:54.618Z,6,20.48,7,OK,0.1
2026-02-19T10:21:54.668Z,6,20.51,8,OK,0.1
2026-02-19T10:21:54.719Z,5,20.46,9,OK,0.1
2026-02-19T10:21:54.770Z,5,20.54,10,OK,0.1
2026-02-19T10:21:54.821Z,5,20.40,11,OK,0.1
2026-02-19T10:21:54.872Z,5,20.38,12,OK,0.1
2026-02-19T10:21:54.991Z,3,20.39,13,OK,0.1
2026-02-19T10:21:55.042Z,3,20.46,14,OK,0.1
2026-02-19T10:21:55.091Z,6,20.31,15,OK,0.1
2026-02-19T10:21:55.178Z,7,33.11,14,OK,0.1
2026-02-19T10:21:55.228Z,2,33.04,13,OK,0.1
2026-02-19T10:21:55.278Z,2,33.05,12,OK,0.1
2026-02-19T10:21:55.360Z,6,35.37,10,OK,0.1
2026-02-19T10:21:55.410Z,3,35.41,8,OK,0.1
2026-02-19T10:21:55.461Z,3,22.69,9,OK,0.1
2026-02-19T10:21:55.512Z,3,22.70,10,OK,0.1
2026-02-19T10:21:55.561Z,3,22.74,11,OK,0.1
2026-02-19T10:21:55.613Z,4,20.39,12,OK,0.1
2026-02-19T10:21:55.662Z,3,20.37,13,OK,0.1
2026-02-19T10:21:55.766Z,4,26.62,12,OK,0.1
2026-02-19T10:21:55.817Z,4,26.66,11,OK,0.1
2026-02-19T10:21:55.867Z,4,26.68,10,OK,0.1
2026-02-19T10:21:55.917Z,3,26.66,9,OK,0.1
2026-02-19T10:21:55.968Z,3,26.66,8,OK,0.1
2026-02-19T10:21:56.018Z,4,20.37,9,OK,0.1
2026-02-19T10:21:56.067Z,4,20.37,10,OK,0.1
2026-02-19T10:21:56.175Z,6,26.67,9,OK,0.1
2026-02-19T10:21:56.270Z,4,31.62,8,OK,0.1
2026-02-19T10:21:56.320Z,4,31.59,7,OK,0.1
2026-02-19T10:21:56.442Z,5,31.63,6,OK,0.1
2026-02-19T10:21:56.531Z,5,45.26,5,SATURATED,0.1
2026-02-19T10:21:56.614Z,4,41.41,5,OK,0.1
2026-02-19T10:21:56.665Z,4,36.39,5,OK,0.1
2026-02-19T10:21:56.714Z,4,36.41,5,OK,0.1
2026-02-19T10:21:56.764Z,4,36.39,5,OK,0.1
2026-02-19T10:21:56.814Z,4,22.72,6,OK,0.1
2026-02-19T10:21:56.865Z,4,20.20,7,OK,0.1
2026-02-19T10:21:56.961Z,5,33.01,6,OK,0.1
2026-02-19T10:21:57.011Z,4,33.17,5,OK,0.1
2026-02-19T10:21:57.062Z,4,33.16,5,OK,0.1
2026-02-19T10:21:57.111Z,4,33.15,5,OK,0.1
2026-02-19T10:21:57.162Z,4,33.12,5,OK,0.1
2026-02-19T10:21:57.211Z,5,20.47,6,OK,0.1
2026-02-19T10:21:57.262Z,5,20.34,7,OK,0.1
2026-02-19T10:21:57.347Z,5,32.63,6,OK,0.1
2026-02-19T10:21:57.397Z,5,32.74,5,SATURATED,0.1
2026-02-19T10:21:57.449Z,5,32.74,5,SATURATED,0.1
2026-02-19T10:21:57.499Z,5,32.68,5,SATURATED,0.1
2026-02-19T10:21:57.549Z,5,32.65,5,SATURATED,0.1
2026-02-19T10:21:57.600Z,5,20.46,6,OK,0.1
2026-02-19T10:21:57.651Z,5,20.48,7,OK,0.1
2026-02-19T10:21:57.702Z,5,20.56,8,OK,0.1
2026-02-19T10:21:57.752Z,5,20.56,9,OK,0.1
2026-02-19T10:21:57.802Z,5,20.49,10,OK,0.1
2026-02-19T10:21:57.852Z,5,20.43,11,OK,0.1
2026-02-19T10:21:57.903Z,5,20.39,12,OK,0.1
2026-02-19T10:21:57.954Z,5,20.36,13,OK,0.1
2026-02-19T10:21:58.003Z,5,20.32,14,OK,0.1
2026-02-19T10:21:58.054Z,4,20.42,15,OK,0.1
2026-02-19T10:21:58.103Z,4,20.45,16,OK,0.1
2026-02-19T10:21:58.183Z,6,22.33,17,OK,0.1
2026-02-19T10:21:58.265Z,8,24.62,18,OK,0.1
2026-02-19T10:21:58.315Z,8,24.63,19,OK,0.1
2026-02-19T10:21:58.365Z,8,24.55,20,OK,0.1
2026-02-19T10:21:58.415Z,8,24.48,21,OK,0.1
2026-02-19T10:21:58.535Z,14,22.53,22,OK,0.1
2026-02-19T10:21:58.586Z,10,20.16,23,OK,0.1
2026-02-19T10:21:58.637Z,10,20.16,24,OK,0.1
2026-02-19T10:21:58.687Z,10,20.20,25,OK,0.1
2026-02-19T10:21:58.737Z,10,20.17,26,OK,0.1
2026-02-19T10:21:58.787Z,9,20.27,27,OK,0.1
2026-02-19T10:21:58.838Z,9,20.33,28,OK,0.1
2026-02-19T10:21:58.888Z,10,20.36,29,OK,0.1
2026-02-19T10:21:58.938Z,10,20.39,30,OK,0.1
2026-02-19T10:21:58.989Z,10,20.44,31,OK,0.1
2026-02-19T10:21:59.039Z,10,20.28,32,OK,0.1
2026-02-19T10:21:59.090Z,10,20.37,33,OK,0.1
2026-02-19T10:21:59.141Z,10,20.38,34,OK,0.1
2026-02-19T10:21:59.190Z,9,20.46,35,OK,0.1
2026-02-19T10:21:59.241Z,9,20.44,36,OK,0.1
2026-02-19T10:21:59.424Z,11,34.49,35,OK,0.1
2026-02-19T10:21:59.475Z,10,34.25,34,OK,0.1
2026-02-19T10:21:59.525Z,10,34.22,33,OK,0.1
2026-02-19T10:21:59.619Z,14,48.88,30,OK,0.1
2026-02-19T10:21:59.669Z,10,48.90,27,OK,0.1
2026-02-19T10:21:59.720Z,10,34.91,26,OK,0.1
2026-02-19T10:21:59.771Z,10,35.03,24,OK,0.1
2026-02-19T10:21:59.849Z,10,36.57,22,OK,0.1
2026-02-19T10:21:59.899Z,9,21.78,23,OK,0.1
2026-02-19T10:21:59.949Z,9,21.80,24,OK,0.1
2026-02-19T10:21:59.999Z,9,21.84,25,OK,0.1
2026-02-19T10:22:00.050Z,9,21.86,26,OK,0.1
2026-02-19T10:22:00.100Z,9,20.32,27,OK,0.1
2026-02-19T10:22:00.150Z,9,20.36,28,OK,0.1
2026-02-19T10:22:00.200Z,8,20.36,29,OK,0.1
2026-02-19T10:22:00.250Z,8,20.36,30,OK,0.1
2026-02-19T10:22:00.301Z,5,20.34,31,OK,0.1
2026-02-19T10:22:00.352Z,6,20.36,32,OK,0.1
2026-02-19T10:22:00.401Z,5,20.34,33,OK,0.1
2026-02-19T10:22:00.517Z,5,35.73,31,OK,0.1
2026-02-19T10:22:00.598Z,16,37.83,29,OK,0.1
2026-02-19T10:22:00.683Z,7,40.57,27,OK,0.1
2026-02-19T10:22:00.771Z,12,54.09,24,OK,0.1
2026-02-19T10:22:00.821Z,7,54.09,21,OK,0.1
2026-02-19T10:22:00.871Z,7,38.60,19,OK,0.1
2026-02-19T10:22:00.921Z,7,36.49,17,OK,0.1
2026-02-19T10:22:00.972Z,7,33.76,16,OK,0.1
2026-02-19T10:22:01.054Z,7,22.57,17,OK,0.1
2026-02-19T10:22:01.105Z,7,22.59,18,OK,0.1
2026-02-19T10:22:01.156Z,7,22.74,19,OK,0.1
2026-02-19T10:22:01.205Z,8,22.63,20,OK,0.1
2026-02-19T10:22:01.256Z,8,22.63,21,OK,0.1
2026-02-19T10:22:01.345Z,9,34.01,20,OK,0.1
2026-02-19T10:22:01.429Z,8,36.75,18,OK,0.1
2026-02-19T10:22:01.511Z,7,39.04,16,OK,0.1
2026-02-19T10:22:01.561Z,6,39.09,14,OK,0.1
2026-02-19T10:22:01.611Z,6,39.04,12,OK,0.1
2026-02-19T10:22:01.662Z,6,25.33,11,OK,0.1
2026-02-19T10:22:01.712Z,6,22.58,12,OK,0.1
2026-02-19T10:22:01.762Z,6,20.33,13,OK,0.1
2026-02-19T10:22:01.813Z,7,20.40,14,OK,0.1
2026-02-19T10:22:01.862Z,9,20.47,15,OK,0.1
2026-02-19T10:22:01.912Z,8,20.43,16,OK,0.1
2026-02-19T10:22:01.963Z,8,20.42,17,OK,0.1
2026-02-19T10:22:02.012Z,8,20.34,18,OK,0.1
2026-02-19T10:22:02.064Z,12,20.23,19,OK,0.1
2026-02-19T10:22:02.115Z,9,20.22,20,OK,0.1
2026-02-19T10:22:02.164Z,9,20.29,21,OK,0.1
2026-02-19T10:22:02.266Z,10,33.01,20,OK,0.1
2026-02-19T10:22:02.317Z,9,32.97,19,OK,0.1
2026-02-19T10:22:02.367Z,10,33.06,18,OK,0.1
2026-02-19T10:22:02.416Z,10,33.08,17,OK,0.1
2026-02-19T10:22:02.509Z,10,45.20,14,OK,0.1
2026-02-19T10:22:02.559Z,10,32.46,13,OK,0.1
2026-02-19T10:22:02.679Z,7,32.48,12,OK,0.1
2026-02-19T10:22:02.728Z,10,32.42,11,OK,0.1
2026-02-19T10:22:02.778Z,9,32.36,10,OK,0.1
2026-02-19T10:22:02.828Z,9,20.26,11,OK,0.1
2026-02-19T10:22:02.878Z,9,20.32,12,OK,0.1
2026-02-19T10:22:02.929Z,9,20.31,13,OK,0.1
2026-02-19T10:22:02.978Z,9,20.40,14,OK,0.1
2026-02-19T10:22:03.028Z,9,20.45,15,OK,0.1
2026-02-19T10:22:03.147Z,11,20.50,16,OK,0.1
2026-02-19T10:22:03.198Z,8,20.44,17,OK,0.1
2026-02-19T10:22:03.248Z,8,20.46,18,OK,0.1
2026-02-19T10:22:03.298Z,8,20.44,19,OK,0.1
2026-02-19T10:22:03.349Z,8,20.41,20,OK,0.1
2026-02-19T10:22:03.398Z,9,20.35,21,OK,0.1
2026-02-19T10:22:03.449Z,9,20.37,22,OK,0.1
2026-02-19T10:22:03.499Z,9,20.35,23,OK,0.1
2026-02-19T10:22:03.550Z,10,20.30,24,OK,0.1
2026-02-19T10:22:03.601Z,12,20.33,25,OK,0.1
2026-02-19T10:22:03.651Z,11,20.28,26,OK,0.1
2026-02-19T10:22:03.702Z,12,20.30,27,OK,0.1
2026-02-19T10:22:03.788Z,14,23.44,28,OK,0.1
2026-02-19T10:22:03.945Z,19,40.81,26,OK,0.1
2026-02-19T10:22:03.995Z,9,40.77,24,OK,0.1
2026-02-19T10:22:04.046Z,9,40.77,22,OK,0.1
2026-02-19T10:22:04.096Z,8,40.79,20,OK,0.1
2026-02-19T10:22:04.147Z,8,37.62,18,OK,0.1
2026-02-19T10:22:04.198Z,8,20.24,19,OK,0.1
2026-02-19T10:22:04.248Z,8,20.27,20,OK,0.1
2026-02-19T10:22:04.298Z,8,20.28,21,OK,0.1
2026-02-19T10:22:04.348Z,8,20.27,22,OK,0.1
2026-02-19T10:22:04.399Z,7,20.25,23,OK,0.1
2026-02-19T10:22:04.449Z,7,20.22,24,OK,0.1
2026-02-19T10:22:04.500Z,7,20.18,25,OK,0.1
2026-02-19T10:22:04.551Z,8,20.10,26,OK,0.1
2026-02-19T10:22:04.602Z,8,20.10,27,OK,0.1
2026-02-19T10:22:04.651Z,8,20.16,28,OK,0.1
2026-02-19T10:22:04.702Z,5,20.29,29,OK,0.1
2026-02-19T10:22:04.752Z,5,20.35,30,OK,0.1
2026-02-19T10:22:04.803Z,5,20.37,31,OK,0.1
2026-02-19T10:22:04.853Z,5,20.37,32,OK,0.1
2026-02-19T10:22:04.903Z,4,20.22,33,OK,0.1
2026-02-19T10:22:04.954Z,11,20.15,34,OK,0.1
2026-02-19T10:22:05.039Z,11,23.24,35,OK,0.1
2026-02-19T10:22:05.156Z,5,23.30,36,OK,0.1
2026-02-19T10:22:05.206Z,5,23.28,37,OK,0.1
2026-02-19T10:22:05.256Z,5,23.43,38,OK,0.1
2026-02-19T10:22:05.363Z,6,29.83,37,OK,0.1
2026-02-19T10:22:05.413Z,6,26.69,36,OK,0.1
2026-02-19T10:22:05.463Z,6,26.50,35,OK,0.1
2026-02-19T10:22:05.513Z,6,26.58,34,OK,0.1
2026-02-19T10:22:05.600Z,5,30.12,33,OK,0.1
2026-02-19T10:22:05.650Z,5,23.71,34,OK,0.1
2026-02-19T10:22:05.764Z,6,23.71,35,OK,0.1
2026-02-19T10:22:05.841Z,7,35.15,33,OK,0.1
2026-02-19T10:22:05.948Z,7,48.54,30,OK,0.1
2026-02-19T10:22:06.024Z,6,46.14,27,OK,0.1
2026-02-19T10:22:06.184Z,14,74.15,22,OK,0.1
2026-02-19T10:22:06.272Z,20,77.68,16,SATURATED,0.1
2026-02-19T10:22:06.323Z,9,66.42,11,OK,0.1
2026-02-19T10:22:06.375Z,10,52.93,8,SATURATED,0.1
2026-02-19T10:22:06.425Z,9,51.80,5,SATURATED,0.1
2026-02-19T10:22:06.476Z,9,23.79,6,SATURATED,0.1
2026-02-19T10:22:06.525Z,8,20.23,7,SATURATED,0.1
2026-02-19T10:22:06.575Z,8,20.21,8,SATURATED,0.1
2026-02-19T10:22:06.626Z,8,20.20,9,OK,0.1
2026-02-19T10:22:06.677Z,8,20.20,10,OK,0.1
2026-02-19T10:22:06.728Z,8,20.20,11,OK,0.1
2026-02-19T10:22:06.777Z,9,20.11,12,OK,0.1
2026-02-19T10:22:06.827Z,9,20.14,13,OK,0.1
2026-02-19T10:22:06.924Z,11,33.63,12,OK,0.1
2026-02-19T10:22:06.974Z,8,33.62,11,OK,0.1
2026-02-19T10:22:07.025Z,8,33.52,10,OK,0.1
2026-02-19T10:22:07.074Z,9,33.66,9,SATURATED,0.1
2026-02-19T10:22:07.124Z,9,33.70,8,SATURATED,0.1
2026-02-19T10:22:07.175Z,9,20.25,9,SATURATED,0.1
2026-02-19T10:22:07.224Z,9,20.37,10,OK,0.1
2026-02-19T10:22:07.275Z,10,20.50,11,OK,0.1
2026-02-19T10:22:07.325Z,9,20.47,12,OK,0.1
2026-02-19T10:22:07.377Z,10,20.57,13,OK,0.1
2026-02-19T10:22:07.427Z,8,20.58,14,OK,0.1
2026-02-19T10:22:07.476Z,8,20.48,15,OK,0.1
2026-02-19T10:22:07.527Z,10,20.49,16,OK,0.1
2026-02-19T10:22:07.578Z,9,20.51,17,OK,0.1
2026-02-19T10:22:07.628Z,8,20.29,18,OK,0.1
2026-02-19T10:22:07.679Z,8,20.29,19,OK,0.1
2026-02-19T10:22:07.730Z,8,20.29,20,OK,0.1
2026-02-19T10:22:07.781Z,9,20.26,21,OK,0.1
2026-02-19T10:22:07.831Z,9,20.26,22,OK,0.1
2026-02-19T10:22:07.880Z,8,20.25,23,OK,0.1
2026-02-19T10:22:07.928Z,11,20.24,24,OK,0.1
2026-02-19T10:22:07.978Z,8,20.12,25,OK,0.1
2026-02-19T10:22:08.028Z,8,20.19,26,OK,0.1
2026-02-19T10:22:08.078Z,8,20.19,27,OK,0.1
2026-02-19T10:22:08.129Z,7,20.21,28,OK,0.1
2026-02-19T10:22:08.180Z,7,20.19,29,OK,0.1
2026-02-19T10:22:08.260Z,6,22.24,30,OK,0.1
2026-02-19T10:22:08.311Z,9,22.52,31,OK,0.1
2026-02-19T10:22:08.362Z,9,22.50,32,OK,0.1
2026-02-19T10:22:08.453Z,9,36.10,30,OK,0.1
2026-02-19T10:22:08.503Z,10,36.15,28,OK,0.1
2026-02-19T10:22:08.603Z,10,47.91,25,OK,0.1
2026-02-19T10:22:08.844Z,14,67.67,17,OK,0.1
2026-02-19T10:22:08.678Z,10,48.52,22,OK,0.1
2026-02-19T10:22:08.894Z,9,54.15,14,OK,0.1
2026-02-19T10:22:09.011Z,11,54.16,11,SATURATED,0.1
2026-02-19T10:22:09.061Z,8,40.50,9,OK,0.1
2026-02-19T10:22:09.113Z,9,39.58,7,SATURATED,0.1
2026-02-19T10:22:09.163Z,8,20.47,8,SATURATED,0.1
2026-02-19T10:22:09.213Z,8,20.48,9,OK,0.1
2026-02-19T10:22:09.264Z,8,20.45,10,OK,0.1
2026-02-19T10:22:09.343Z,9,22.15,11,OK,0.1
2026-02-19T10:22:09.393Z,7,22.03,12,OK,0.1
2026-02-19T10:22:09.444Z,7,22.03,13,OK,0.1
2026-02-19T10:22:09.495Z,7,21.98,14,OK,0.1
2026-02-19T10:22:09.546Z,6,21.96,15,OK,0.1
2026-02-19T10:22:09.595Z,6,20.22,16,OK,0.1
2026-02-19T10:22:09.646Z,6,20.29,17,OK,0.1
2026-02-19T10:22:09.696Z,6,20.20,18,OK,0.1
2026-02-19T10:22:09.746Z,6,20.13,19,OK,0.1
2026-02-19T10:22:09.797Z,5,20.03,20,OK,0.1
2026-02-19T10:22:09.848Z,6,19.93,21,OK,0.1
2026-02-19T10:22:09.899Z,5,19.96,22,OK,0.1
2026-02-19T10:22:09.949Z,5,20.09,23,OK,0.1
2026-02-19T10:22:10.000Z,5,20.19,24,OK,0.1
2026-02-19T10:22:10.050Z,5,20.27,25,OK,0.1
2026-02-19T10:22:10.101Z,5,20.39,26,OK,0.1
2026-02-19T10:22:10.151Z,5,20.31,27,OK,0.1
2026-02-19T10:22:10.201Z,5,20.29,28,OK,0.1
2026-02-19T10:22:10.251Z,5,20.31,29,OK,0.1
2026-02-19T10:22:10.302Z,1,20.31,30,OK,0.1
2026-02-19T10:22:10.354Z,9,20.54,31,OK,0.1
2026-02-19T10:22:10.584Z,8,52.55,28,OK,0.1
2026-02-19T10:22:10.635Z,4,52.63,25,OK,0.1
2026-02-19T10:22:10.685Z,4,52.66,22,OK,0.1
2026-02-19T10:22:10.735Z,4,52.70,19,OK,0.1
2026-02-19T10:22:10.785Z,4,52.35,16,OK,0.1
2026-02-19T10:22:10.836Z,4,20.40,17,OK,0.1
2026-02-19T10:22:10.942Z,6,35.15,15,OK,0.1
2026-02-19T10:22:10.992Z,4,35.08,13,OK,0.1
2026-02-19T10:22:11.042Z,5,34.86,12,OK,0.1
2026-02-19T10:22:11.093Z,4,34.96,11,OK,0.1
2026-02-19T10:22:11.144Z,4,34.98,10,OK,0.1
2026-02-19T10:22:11.195Z,4,20.14,11,OK,0.1
2026-02-19T10:22:11.244Z,5,20.15,12,OK,0.1
2026-02-19T10:22:11.360Z,5,27.70,11,OK,0.1
2026-02-19T10:22:11.439Z,10,29.43,10,SATURATED,0.1
2026-02-19T10:22:11.490Z,6,29.47,9,OK,0.1
2026-02-19T10:22:11.601Z,6,45.82,6,SATURATED,0.1
2026-02-19T10:22:11.652Z,6,45.80,5,SATURATED,0.1
2026-02-19T10:22:11.702Z,6,38.44,5,SATURATED,0.1
2026-02-19T10:22:11.753Z,6,36.75,5,SATURATED,0.1
2026-02-19T10:22:11.803Z,6,36.70,5,SATURATED,0.1
2026-02-19T10:22:11.854Z,6,20.35,6,SATURATED,0.1
2026-02-19T10:22:11.903Z,6,20.39,7,OK,0.1
2026-02-19T10:22:11.953Z,6,20.60,8,OK,0.1
2026-02-19T10:22:12.004Z,6,20.56,9,OK,0.1
2026-02-19T10:22:12.180Z,8,50.87,6,SATURATED,0.1
2026-02-19T10:22:12.230Z,6,50.80,5,SATURATED,0.1
2026-02-19T10:22:12.280Z,6,50.75,5,SATURATED,0.1
2026-02-19T10:22:12.330Z,6,50.57,5,SATURATED,0.1
2026-02-19T10:22:12.381Z,4,50.77,5,OK,0.1
2026-02-19T10:22:12.432Z,4,20.50,6,OK,0.1
2026-02-19T10:22:12.482Z,3,20.54,7,OK,0.1
2026-02-19T10:22:12.532Z,2,20.48,8,OK,0.1
2026-02-19T10:22:12.582Z,2,20.44,9,OK,0.1
2026-02-19T10:22:12.695Z,8,27.07,8,SATURATED,0.1
2026-02-19T10:22:12.746Z,3,27.06,7,OK,0.1
2026-02-19T10:22:12.796Z,4,26.97,6,OK,0.1
2026-02-19T10:22:12.847Z,4,27.06,5,OK,0.1
2026-02-19T10:22:12.897Z,4,27.01,5,OK,0.1
2026-02-19T10:22:12.948Z,4,20.18,6,OK,0.1
2026-02-19T10:22:12.998Z,4,20.16,7,OK,0.1
2026-02-19T10:22:13.048Z,4,20.29,8,OK,0.1
2026-02-19T10:22:13.099Z,4,20.33,9,OK,0.1
2026-02-19T10:22:13.149Z,4,20.37,10,OK,0.1
2026-02-19T10:22:13.259Z,9,20.42,11,OK,0.1
2026-02-19T10:22:13.309Z,4,20.47,12,OK,0.1
2026-02-19T10:22:13.359Z,5,20.45,13,OK,0.1
2026-02-19T10:22:13.409Z,3,20.44,14,OK,0.1
2026-02-19T10:22:13.459Z,3,20.45,15,OK,0.1
2026-02-19T10:22:13.509Z,3,20.39,16,OK,0.1
2026-02-19T10:22:13.560Z,3,20.35,17,OK,0.1
2026-02-19T10:22:13.611Z,4,20.33,18,OK,0.1
2026-02-19T10:22:13.662Z,3,20.29,19,OK,0.1
2026-02-19T10:22:13.770Z,3,26.68,18,OK,0.1
2026-02-19T10:22:13.820Z,6,26.68,17,OK,0.1
2026-02-19T10:22:13.871Z,6,26.72,16,OK,0.1
2026-02-19T10:22:13.921Z,6,26.73,15,OK,0.1
2026-02-19T10:22:13.971Z,6,26.74,14,OK,0.1
2026-02-19T10:22:14.021Z,6,20.40,15,OK,0.1
2026-02-19T10:22:14.071Z,6,20.43,16,OK,0.1
2026-02-19T10:22:14.121Z,6,20.56,17,OK,0.1
2026-02-19T10:22:14.171Z,6,20.55,18,OK,0.1
2026-02-19T10:22:14.221Z,6,20.54,19,OK,0.1
2026-02-19T10:22:14.341Z,7,20.48,20,OK,0.1
2026-02-19T10:22:14.391Z,9,20.41,21,OK,0.1
2026-02-19T10:22:14.520Z,9,20.24,22,OK,0.1
2026-02-19T10:22:14.570Z,10,20.13,23,OK,0.1
2026-02-19T10:22:14.694Z,11,20.02,24,OK,0.1
2026-02-19T10:22:14.744Z,9,19.97,25,OK,0.1
2026-02-19T10:22:14.855Z,11,20.08,26,OK,0.1
2026-02-19T10:22:14.941Z,12,33.27,25,OK,0.1
2026-02-19T10:22:15.044Z,13,45.85,22,OK,0.1
2026-02-19T10:22:15.094Z,9,45.93,19,OK,0.1
2026-02-19T10:22:15.144Z,9,46.12,16,OK,0.1
2026-02-19T10:22:15.194Z,9,46.11,13,OK,0.1
2026-02-19T10:22:15.245Z,9,32.93,12,OK,0.1
2026-02-19T10:22:15.295Z,8,20.35,13,OK,0.1
2026-02-19T10:22:15.347Z,9,20.42,14,OK,0.1
2026-02-19T10:22:15.396Z,9,20.27,15,OK,0.1
2026-02-19T10:22:15.447Z,9,20.23,16,OK,0.1
2026-02-19T10:22:15.497Z,9,20.23,17,OK,0.1
2026-02-19T10:22:15.547Z,9,20.41,18,OK,0.1
2026-02-19T10:22:15.598Z,9,20.28,19,OK,0.1
2026-02-19T10:22:15.647Z,9,20.33,20,OK,0.1
2026-02-19T10:22:15.697Z,9,20.35,21,OK,0.1
2026-02-19T10:22:15.776Z,11,22.09,22,OK,0.1
2026-02-19T10:22:15.859Z,7,24.56,23,OK,0.1
2026-02-19T10:22:15.909Z,7,24.67,24,OK,0.1
2026-02-19T10:22:15.959Z,7,24.70,25,OK,0.1
2026-02-19T10:22:16.009Z,7,24.70,26,OK,0.1
2026-02-19T10:22:16.204Z,8,22.97,27,OK,0.1
2026-02-19T10:22:16.254Z,7,20.48,28,OK,0.1
2026-02-19T10:22:16.305Z,7,20.43,29,OK,0.1
2026-02-19T10:22:16.356Z,6,20.50,30,OK,0.1
2026-02-19T10:22:16.436Z,10,22.39,31,OK,0.1
2026-02-19T10:22:16.486Z,5,22.35,32,OK,0.1
2026-02-19T10:22:16.536Z,8,22.33,33,OK,0.1
2026-02-19T10:22:16.587Z,4,22.34,34,OK,0.1
2026-02-19T10:22:16.637Z,4,22.25,35,OK,0.1
2026-02-19T10:22:16.687Z,4,20.32,36,OK,0.1
2026-02-19T10:22:16.737Z,4,20.36,37,OK,0.1
2026-02-19T10:22:16.863Z,6,28.11,36,OK,0.1
2026-02-19T10:22:16.914Z,5,28.13,35,OK,0.1
2026-02-19T10:22:17.030Z,7,28.14,34,OK,0.1
2026-02-19T10:22:17.080Z,5,28.16,33,OK,0.1
2026-02-19T10:22:17.212Z,5,28.12,32,OK,0.1
2026-02-19T10:22:17.263Z,6,20.29,33,OK,0.1
2026-02-19T10:22:17.314Z,8,20.27,34,OK,0.1
2026-02-19T10:22:17.364Z,8,20.28,35,OK,0.1
2026-02-19T10:22:17.415Z,7,20.21,36,OK,0.1
2026-02-19T10:22:17.517Z,10,32.86,35,OK,0.1
2026-02-19T10:22:17.567Z,9,32.84,34,OK,0.1
2026-02-19T10:22:17.618Z,9,32.87,33,OK,0.1
2026-02-19T10:22:17.667Z,9,32.84,32,OK,0.1
2026-02-19T10:22:17.717Z,8,33.19,31,OK,0.1
2026-02-19T10:22:17.767Z,8,20.55,32,OK,0.1
2026-02-19T10:22:17.856Z,9,31.53,31,OK,0.1
2026-02-19T10:22:17.907Z,8,31.52,30,OK,0.1
2026-02-19T10:22:17.958Z,9,31.54,29,OK,0.1
2026-02-19T10:22:18.008Z,8,31.21,28,OK,0.1
2026-02-19T10:22:18.058Z,8,31.22,27,OK,0.1
2026-02-19T10:22:18.109Z,8,20.33,28,OK,0.1
2026-02-19T10:22:18.159Z,8,20.32,29,OK,0.1
2026-02-19T10:22:18.210Z,8,20.37,30,OK,0.1
2026-02-19T10:22:18.297Z,9,31.47,29,OK,0.1
2026-02-19T10:22:18.347Z,8,31.47,28,OK,0.1
2026-02-19T10:22:18.453Z,8,31.20,27,OK,0.1
2026-02-19T10:22:18.503Z,8,31.18,26,OK,0.1
2026-02-19T10:22:18.554Z,8,31.06,25,OK,0.1
2026-02-19T10:22:18.604Z,8,19.98,26,OK,0.1
2026-02-19T10:22:18.655Z,8,19.98,27,OK,0.1
2026-02-19T10:22:18.706Z,8,20.31,28,OK,0.1
2026-02-19T10:22:18.755Z,9,20.30,29,OK,0.1
2026-02-19T10:22:18.805Z,8,20.32,30,OK,0.1
2026-02-19T10:22:18.855Z,8,20.33,31,OK,0.1
2026-02-19T10:22:18.935Z,8,22.26,32,OK,0.1
2026-02-19T10:22:19.014Z,15,23.92,33,OK,0.1
2026-02-19T10:22:19.116Z,9,30.08,32,OK,0.1
2026-02-19T10:22:19.166Z,8,30.12,31,OK,0.1
2026-02-19T10:22:19.216Z,7,30.08,30,OK,0.1
2026-02-19T10:22:19.266Z,7,28.20,29,OK,0.1
2026-02-19T10:22:19.379Z,7,26.85,28,OK,0.1
2026-02-19T10:22:19.429Z,5,20.73,29,OK,0.1
2026-02-19T10:22:19.479Z,5,20.64,30,OK,0.1
2026-02-19T10:22:19.529Z,6,20.59,31,OK,0.1
2026-02-19T10:22:19.628Z,5,33.97,30,OK,0.1
2026-02-19T10:22:19.710Z,5,35.92,28,OK,0.1
2026-02-19T10:22:19.760Z,4,35.88,26,OK,0.1
2026-02-19T10:22:19.810Z,4,35.92,24,OK,0.1
2026-02-19T10:22:19.860Z,4,36.01,22,OK,0.1
2026-02-19T10:22:19.910Z,4,22.56,23,OK,0.1
2026-02-19T10:22:19.960Z,4,20.30,24,OK,0.1
2026-02-19T10:22:20.010Z,4,20.35,25,OK,0.1
2026-02-19T10:22:20.060Z,5,20.27,26,OK,0.1
2026-02-19T10:22:20.110Z,5,20.27,27,OK,0.1
2026-02-19T10:22:20.161Z,5,20.21,28,OK,0.1
2026-02-19T10:22:20.212Z,5,20.15,29,OK,0.1
2026-02-19T10:22:20.262Z,5,20.19,30,OK,0.1
2026-02-19T10:22:20.353Z,6,32.07,29,OK,0.1
2026-02-19T10:22:20.403Z,6,31.92,28,OK,0.1
2026-02-19T10:22:20.453Z,6,31.96,27,OK,0.1
2026-02-19T10:22:20.503Z,7,32.02,26,OK,0.1
2026-02-19T10:22:20.553Z,8,32.08,25,OK,0.1
2026-02-19T10:22:20.604Z,8,20.31,26,OK,0.1
2026-02-19T10:22:20.654Z,8,20.47,27,OK,0.1
2026-02-19T10:22:20.704Z,8,20.54,28,OK,0.1
2026-02-19T10:22:20.755Z,8,20.48,29,OK,0.1
2026-02-19T10:22:20.805Z,8,20.30,30,OK,0.1
2026-02-19T10:22:20.855Z,8,20.29,31,OK,0.1
2026-02-19T10:22:20.946Z,9,33.43,30,OK,0.1
2026-02-19T10:22:21.021Z,8,34.33,29,OK,0.1
2026-02-19T10:22:21.188Z,11,63.49,25,OK,0.1
2026-02-19T10:22:21.302Z,8,78.32,19,OK,0.1
2026-02-19T10:22:21.352Z,8,78.28,13,OK,0.1
2026-02-19T10:22:21.464Z,11,65.11,8,SATURATED,0.1
2026-02-19T10:22:21.515Z,8,64.12,5,SATURATED,0.1
2026-02-19T10:22:21.565Z,7,34.90,5,SATURATED,0.1
2026-02-19T10:22:21.615Z,7,20.12,6,SATURATED,0.1
2026-02-19T10:22:21.665Z,7,20.10,7,SATURATED,0.1
2026-02-19T10:22:21.715Z,7,20.17,8,OK,0.1
2026-02-19T10:22:21.766Z,7,20.23,9,OK,0.1
2026-02-19T10:22:21.816Z,7,20.24,10,OK,0.1
2026-02-19T10:22:21.867Z,7,20.29,11,OK,0.1
2026-02-19T10:22:21.917Z,7,20.39,12,OK,0.1
2026-02-19T10:22:21.967Z,8,20.56,13,OK,0.1
2026-02-19T10:22:22.018Z,7,20.47,14,OK,0.1
2026-02-19T10:22:22.068Z,7,20.49,15,OK,0.1
2026-02-19T10:22:22.118Z,7,20.47,16,OK,0.1
2026-02-19T10:22:22.168Z,7,20.41,17,OK,0.1
2026-02-19T10:22:22.218Z,7,20.26,18,OK,0.1
2026-02-19T10:22:22.268Z,7,20.35,19,OK,0.1
2026-02-19T10:22:22.318Z,7,20.28,20,OK,0.1
2026-02-19T10:22:22.368Z,7,20.32,21,OK,0.1
2026-02-19T10:22:22.418Z,7,20.40,22,OK,0.1
2026-02-19T10:22:22.469Z,8,20.35,23,OK,0.1
2026-02-19T10:22:22.520Z,6,20.32,24,OK,0.1
2026-02-19T10:22:22.570Z,5,20.46,25,OK,0.1
2026-02-19T10:22:22.620Z,5,20.41,26,OK,0.1
2026-02-19T10:22:22.671Z,5,20.32,27,OK,0.1
2026-02-19T10:22:22.722Z,4,20.35,28,OK,0.1
2026-02-19T10:22:22.802Z,6,32.37,27,OK,0.1
2026-02-19T10:22:22.852Z,4,32.28,26,OK,0.1
2026-02-19T10:22:22.903Z,4,32.31,25,OK,0.1
2026-02-19T10:22:22.953Z,4,32.36,24,OK,0.1
2026-02-19T10:22:23.004Z,4,32.33,23,OK,0.1
2026-02-19T10:22:23.055Z,5,20.42,24,OK,0.1
2026-02-19T10:22:23.105Z,5,20.44,25,OK,0.1
2026-02-19T10:22:23.156Z,5,20.43,26,OK,0.1
2026-02-19T10:22:23.276Z,8,20.41,27,OK,0.1
2026-02-19T10:22:23.326Z,5,20.32,28,OK,0.1
2026-02-19T10:22:23.376Z,5,20.20,29,OK,0.1
2026-02-19T10:22:23.426Z,6,20.17,30,OK,0.1
2026-02-19T10:22:23.476Z,8,20.21,31,OK,0.1
2026-02-19T10:22:23.553Z,8,31.09,30,OK,0.1
2026-02-19T10:22:23.604Z,10,31.19,29,OK,0.1
2026-02-19T10:22:23.654Z,10,31.20,28,OK,0.1
2026-02-19T10:22:23.704Z,10,31.20,27,OK,0.1
2026-02-19T10:22:23.754Z,10,31.27,26,OK,0.1
2026-02-19T10:22:23.804Z,10,20.42,27,OK,0.1
2026-02-19T10:22:23.880Z,10,21.54,28,OK,0.1
2026-02-19T10:22:23.930Z,12,21.55,29,OK,0.1
2026-02-19T10:22:24.037Z,11,21.52,30,OK,0.1
2026-02-19T10:22:24.088Z,11,21.33,31,OK,0.1
2026-02-19T10:22:24.139Z,11,21.26,32,OK,0.1
2026-02-19T10:22:24.189Z,11,20.13,33,OK,0.1
2026-02-19T10:22:24.239Z,11,20.17,34,OK,0.1
2026-02-19T10:22:24.290Z,14,20.42,35,OK,0.1
2026-02-19T10:22:24.340Z,12,20.54,36,OK,0.1
2026-02-19T10:22:24.390Z,11,20.49,37,OK,0.1
2026-02-19T10:22:24.440Z,11,20.51,38,OK,0.1
2026-02-19T10:22:24.552Z,12,27.50,37,OK,0.1
2026-02-19T10:22:24.636Z,12,30.05,36,OK,0.1
2026-02-19T10:22:24.686Z,12,30.02,35,OK,0.1
2026-02-19T10:22:24.736Z,12,30.11,34,OK,0.1
2026-02-19T10:22:24.786Z,12,30.04,33,OK,0.1
2026-02-19T10:22:24.836Z,12,23.02,34,OK,0.1
2026-02-19T10:22:24.888Z,15,20.36,35,OK,0.1
2026-02-19T10:22:24.938Z,12,20.37,36,OK,0.1
2026-02-19T10:22:24.988Z,12,20.32,37,OK,0.1
2026-02-19T10:22:25.039Z,11,20.37,38,OK,0.1
2026-02-19T10:22:25.124Z,13,23.30,39,OK,0.1
2026-02-19T10:22:25.174Z,11,23.18,40,OK,0.1
2026-02-19T10:22:25.277Z,11,29.70,39,OK,0.1
2026-02-19T10:22:25.327Z,11,29.71,38,OK,0.1
2026-02-19T10:22:25.377Z,13,29.70,37,OK,0.1
2026-02-19T10:22:25.427Z,10,26.68,36,OK,0.1
2026-02-19T10:22:25.477Z,12,26.69,35,OK,0.1
2026-02-19T10:22:25.527Z,10,20.19,36,OK,0.1
2026-02-19T10:22:25.637Z,10,35.51,34,OK,0.1
2026-02-19T10:22:25.796Z,11,53.25,31,OK,0.1
2026-02-19T10:22:25.957Z,14,71.47,26,OK,0.1
2026-02-19T10:22:26.040Z,9,74.05,21,OK,0.1
2026-02-19T10:22:26.091Z,6,74.02,16,OK,0.1
2026-02-19T10:22:26.201Z,6,58.75,12,OK,0.1
2026-02-19T10:22:26.286Z,9,53.84,9,SATURATED,0.1
2026-02-19T10:22:26.336Z,4,35.74,7,OK,0.1
2026-02-19T10:22:26.386Z,4,33.19,6,OK,0.1
2026-02-19T10:22:26.436Z,4,33.19,5,OK,0.1
2026-02-19T10:22:26.487Z,4,33.16,5,OK,0.1
2026-02-19T10:22:26.538Z,4,20.36,6,OK,0.1
2026-02-19T10:22:26.587Z,4,20.34,7,OK,0.1
2026-02-19T10:22:26.637Z,4,20.30,8,OK,0.1
2026-02-19T10:22:26.687Z,3,20.25,9,OK,0.1
2026-02-19T10:22:26.737Z,3,20.24,10,OK,0.1
2026-02-19T10:22:26.788Z,3,20.23,11,OK,0.1
2026-02-19T10:22:26.876Z,5,23.95,12,OK,0.1
2026-02-19T10:22:26.927Z,3,23.97,13,OK,0.1
2026-02-19T10:22:27.041Z,7,24.04,14,OK,0.1
2026-02-19T10:22:27.092Z,5,24.05,15,OK,0.1
2026-02-19T10:22:27.142Z,5,24.04,16,OK,0.1
2026-02-19T10:22:27.193Z,5,20.35,17,OK,0.1
2026-02-19T10:22:27.243Z,5,20.36,18,OK,0.1
2026-02-19T10:22:27.295Z,10,20.37,19,OK,0.1
2026-02-19T10:22:27.372Z,8,21.73,20,OK,0.1
2026-02-19T10:22:27.469Z,4,33.02,19,OK,0.1
2026-02-19T10:22:27.519Z,4,32.95,18,OK,0.1
2026-02-19T10:22:27.570Z,4,32.92,17,OK,0.1
2026-02-19T10:22:27.621Z,4,32.86,16,OK,0.1
2026-02-19T10:22:27.730Z,7,47.43,13,OK,0.1
2026-02-19T10:22:27.781Z,4,36.10,11,OK,0.1
2026-02-19T10:22:27.832Z,3,36.11,9,OK,0.1
2026-02-19T10:22:27.955Z,5,36.14,7,OK,0.1
2026-02-19T10:22:28.005Z,3,36.19,5,OK,0.1
2026-02-19T10:22:28.055Z,5,20.29,6,OK,0.1
2026-02-19T10:22:28.106Z,3,20.33,7,OK,0.1
2026-02-19T10:22:28.157Z,3,20.38,8,OK,0.1
2026-02-19T10:22:28.208Z,3,20.37,9,OK,0.1
2026-02-19T10:22:28.259Z,3,20.36,10,OK,0.1
2026-02-19T10:22:28.309Z,3,20.38,11,OK,0.1
2026-02-19T10:22:28.359Z,3,20.40,12,OK,0.1
2026-02-19T10:22:28.471Z,6,27.40,11,OK,0.1
2026-02-19T10:22:28.522Z,6,27.39,10,OK,0.1
2026-02-19T10:22:28.571Z,6,27.36,9,OK,0.1
2026-02-19T10:22:28.622Z,6,27.35,8,OK,0.1
2026-02-19T10:22:28.672Z,6,27.32,7,OK,0.1
2026-02-19T10:22:28.723Z,6,20.29,8,OK,0.1
2026-02-19T10:22:28.773Z,6,20.23,9,OK,0.1
2026-02-19T10:22:28.823Z,6,20.24,10,OK,0.1
2026-02-19T10:22:28.873Z,6,20.22,11,OK,0.1
2026-02-19T10:22:28.923Z,6,20.30,12,OK,0.1
2026-02-19T10:22:28.973Z,6,20.30,13,OK,0.1
2026-02-19T10:22:29.023Z,6,20.39,14,OK,0.1
2026-02-19T10:22:29.074Z,6,20.64,15,OK,0.1
2026-02-19T10:22:29.124Z,6,20.61,16,OK,0.1
2026-02-19T10:22:29.174Z,6,20.54,17,OK,0.1
2026-02-19T10:22:29.224Z,6,20.47,18,OK,0.1
2026-02-19T10:22:29.275Z,6,20.44,19,OK,0.1
2026-02-19T10:22:29.326Z,7,20.16,20,OK,0.1
2026-02-19T10:22:29.376Z,7,20.22,21,OK,0.1
2026-02-19T10:22:29.427Z,7,20.19,22,OK,0.1
2026-02-19T10:22:29.477Z,8,20.24,23,OK,0.1
2026-02-19T10:22:29.527Z,7,20.18,24,OK,0.1
2026-02-19T10:22:29.578Z,7,20.21,25,OK,0.1
2026-02-19T10:22:29.628Z,7,20.15,26,OK,0.1
2026-02-19T10:22:29.679Z,7,20.16,27,OK,0.1
2026-02-19T10:22:29.729Z,7,20.18,28,OK,0.1
2026-02-19T10:22:29.820Z,10,24.39,29,OK,0.1
2026-02-19T10:22:29.871Z,7,24.43,30,OK,0.1
2026-02-19T10:22:29.921Z,7,24.54,31,OK,0.1
2026-02-19T10:22:29.972Z,7,25.02,30,OK,0.1
2026-02-19T10:22:30.022Z,7,24.87,31,OK,0.1
2026-02-19T10:22:30.138Z,8,27.76,30,OK,0.1
2026-02-19T10:22:30.214Z,12,28.87,29,OK,0.1
2026-02-19T10:22:30.264Z,8,28.84,28,OK,0.1
2026-02-19T10:22:30.386Z,11,28.40,27,OK,0.1
2026-02-19T10:22:30.473Z,10,41.75,25,OK,0.1
2026-02-19T10:22:30.556Z,8,37.26,23,OK,0.1
2026-02-19T10:22:30.606Z,5,36.17,21,OK,0.1
2026-02-19T10:22:30.657Z,5,36.15,19,OK,0.1
2026-02-19T10:22:30.707Z,5,36.04,17,OK,0.1
2026-02-19T10:22:30.758Z,5,22.85,18,OK,0.1
2026-02-19T10:22:30.809Z,5,20.34,19,OK,0.1
2026-02-19T10:22:30.858Z,5,20.27,20,OK,0.1
2026-02-19T10:22:30.909Z,5,20.25,21,OK,0.1
2026-02-19T10:22:30.959Z,5,20.38,22,OK,0.1
2026-02-19T10:22:31.046Z,5,33.10,21,OK,0.1
2026-02-19T10:22:31.131Z,7,36.01,19,OK,0.1
2026-02-19T10:22:31.181Z,5,36.07,17,OK,0.1
2026-02-19T10:22:31.231Z,5,36.08,15,OK,0.1
2026-02-19T10:22:31.281Z,5,36.03,13,OK,0.1
2026-02-19T10:22:31.331Z,4,23.26,14,OK,0.1
2026-02-19T10:22:31.381Z,4,20.31,15,OK,0.1
2026-02-19T10:22:31.467Z,4,23.40,16,OK,0.1
2026-02-19T10:22:31.576Z,5,31.12,15,OK,0.1
2026-02-19T10:22:31.797Z,14,71.14,10,SATURATED,0.1
2026-02-19T10:22:31.847Z,6,71.19,5,SATURATED,0.1
2026-02-19T10:22:31.897Z,6,71.20,5,SATURATED,0.1
2026-02-19T10:22:31.947Z,6,68.04,5,SATURATED,0.1
2026-02-19T10:22:31.998Z,6,60.28,5,SATURATED,0.1
2026-02-19T10:22:32.047Z,6,20.31,6,SATURATED,0.1
2026-02-19T10:22:32.098Z,6,20.27,7,OK,0.1
2026-02-19T10:22:32.148Z,6,20.30,8,OK,0.1
2026-02-19T10:22:32.198Z,6,20.30,9,OK,0.1
2026-02-19T10:22:32.248Z,6,20.26,10,OK,0.1
2026-02-19T10:22:32.299Z,6,20.24,11,OK,0.1
2026-02-19T10:22:32.425Z,6,31.60,10,OK,0.1
2026-02-19T10:22:32.476Z,9,31.55,9,SATURATED,0.1
2026-02-19T10:22:32.527Z,7,31.57,8,OK,0.1
2026-02-19T10:22:32.578Z,8,31.60,7,SATURATED,0.1
2026-02-19T10:22:32.628Z,7,31.62,6,SATURATED,0.1
2026-02-19T10:22:32.678Z,7,20.28,7,SATURATED,0.1
2026-02-19T10:22:32.729Z,7,20.26,8,OK,0.1
2026-02-19T10:22:32.779Z,7,20.25,9,OK,0.1
2026-02-19T10:22:32.830Z,9,20.48,10,OK,0.1
2026-02-19T10:22:32.880Z,9,20.36,11,OK,0.1
2026-02-19T10:22:32.930Z,9,20.38,12,OK,0.1
2026-02-19T10:22:32.981Z,9,20.42,13,OK,0.1
2026-02-19T10:22:33.031Z,9,20.47,14,OK,0.1
2026-02-19T10:22:33.081Z,8,20.30,15,OK,0.1
2026-02-19T10:22:33.132Z,8,20.40,16,OK,0.1
2026-02-19T10:22:33.218Z,8,23.53,17,OK,0.1
2026-02-19T10:22:33.268Z,7,23.50,18,OK,0.1
2026-02-19T10:22:33.318Z,7,23.42,19,OK,0.1
2026-02-19T10:22:33.369Z,7,23.40,20,OK,0.1
2026-02-19T10:22:33.419Z,7,23.41,21,OK,0.1
2026-02-19T10:22:33.469Z,6,20.29,22,OK,0.1
2026-02-19T10:22:33.556Z,6,31.21,21,OK,0.1
2026-02-19T10:22:33.607Z,7,31.26,20,OK,0.1
2026-02-19T10:22:33.657Z,7,31.24,19,OK,0.1
2026-02-19T10:22:33.707Z,7,31.26,18,OK,0.1
2026-02-19T10:22:33.758Z,7,31.26,17,OK,0.1
2026-02-19T10:22:33.809Z,9,20.41,18,OK,0.1
2026-02-19T10:22:33.859Z,8,20.43,19,OK,0.1
2026-02-19T10:22:33.909Z,8,20.45,20,OK,0.1
2026-02-19T10:22:33.959Z,8,20.42,21,OK,0.1
2026-02-19T10:22:34.010Z,8,20.43,22,OK,0.1
2026-02-19T10:22:34.060Z,8,20.39,23,OK,0.1
2026-02-19T10:22:34.110Z,8,20.48,24,OK,0.1
2026-02-19T10:22:34.161Z,7,20.37,25,OK,0.1
2026-02-19T10:22:34.211Z,7,20.37,26,OK,0.1
2026-02-19T10:22:34.305Z,15,31.95,25,OK,0.1
2026-02-19T10:22:34.554Z,14,67.70,20,OK,0.1
2026-02-19T10:22:34.745Z,17,91.70,13,SATURATED,0.1
2026-02-19T10:22:34.795Z,9,91.78,6,SATURATED,0.1
2026-02-19T10:22:34.846Z,7,91.75,5,SATURATED,0.1
2026-02-19T10:22:34.896Z,7,80.04,5,SATURATED,0.1
2026-02-19T10:22:34.947Z,7,44.23,5,SATURATED,0.1
2026-02-19T10:22:34.997Z,7,20.03,6,SATURATED,0.1
2026-02-19T10:22:35.047Z,7,19.84,7,SATURATED,0.1
2026-02-19T10:22:35.098Z,7,19.83,8,OK,0.1
2026-02-19T10:22:35.148Z,7,19.88,9,OK,0.1
2026-02-19T10:22:35.198Z,7,19.94,10,OK,0.1
2026-02-19T10:22:35.248Z,7,20.03,11,OK,0.1
2026-02-19T10:22:35.299Z,7,20.25,12,OK,0.1
2026-02-19T10:22:35.350Z,8,20.27,13,OK,0.1
2026-02-19T10:22:35.465Z,8,35.68,11,OK,0.1
2026-02-19T10:22:35.516Z,8,35.62,9,OK,0.1
2026-02-19T10:22:35.566Z,7,35.62,7,SATURATED,0.1
2026-02-19T10:22:35.617Z,7,35.62,5,SATURATED,0.1
2026-02-19T10:22:35.667Z,7,35.59,5,SATURATED,0.1
2026-02-19T10:22:35.717Z,7,20.03,6,SATURATED,0.1
2026-02-19T10:22:35.767Z,7,20.04,7,SATURATED,0.1
2026-02-19T10:22:35.817Z,6,19.83,8,OK,0.1
2026-02-19T10:22:35.934Z,6,29.18,7,OK,0.1
2026-02-19T10:22:35.984Z,5,29.23,6,OK,0.1
2026-02-19T10:22:36.034Z,5,29.44,5,SATURATED,0.1
2026-02-19T10:22:36.085Z,5,29.59,5,SATURATED,0.1
2026-02-19T10:22:36.135Z,5,29.68,5,SATURATED,0.1
2026-02-19T10:22:36.186Z,5,20.30,6,OK,0.1
2026-02-19T10:22:36.236Z,4,20.29,7,OK,0.1
2026-02-19T10:22:36.286Z,4,20.32,8,OK,0.1
2026-02-19T10:22:36.396Z,5,35.73,6,OK,0.1
2026-02-19T10:22:36.446Z,3,35.80,5,OK,0.1
2026-02-19T10:22:36.583Z,2,56.98,5,OK,0.1
2026-02-19T10:22:36.634Z,2,56.97,5,OK,0.1
2026-02-19T10:22:36.748Z,2,73.96,5,OK,0.1
2026-02-19T10:22:36.799Z,2,58.54,5,OK,0.1
2026-02-19T10:22:36.928Z,4,78.37,5,OK,0.1
2026-02-19T10:22:37.048Z,3,67.17,5,OK,0.1
2026-02-19T10:22:37.098Z,4,67.18,5,OK,0.1
2026-02-19T10:22:37.148Z,4,50.06,5,OK,0.1
2026-02-19T10:22:37.199Z,4,50.01,5,OK,0.1
2026-02-19T10:22:37.316Z,4,47.60,5,OK,0.1
2026-02-19T10:22:37.368Z,3,37.64,5,OK,0.1
2026-02-19T10:22:37.418Z,4,37.61,5,OK,0.1
2026-02-19T10:22:37.468Z,4,37.64,5,OK,0.1
2026-02-19T10:22:37.518Z,4,37.61,5,OK,0.1
2026-02-19T10:22:37.569Z,4,20.22,6,OK,0.1
2026-02-19T10:22:37.662Z,4,32.73,5,OK,0.1
2026-02-19T10:22:37.712Z,4,32.77,5,OK,0.1
2026-02-19T10:22:37.835Z,4,32.82,5,OK,0.1
2026-02-19T10:22:37.885Z,3,32.86,5,OK,0.1
2026-02-19T10:22:37.933Z,5,32.82,5,SATURATED,0.1
2026-02-19T10:22:37.983Z,4,20.31,6,OK,0.1
2026-02-19T10:22:38.034Z,4,20.52,7,OK,0.1
2026-02-19T10:22:38.142Z,7,37.27,5,SATURATED,0.1
2026-02-19T10:22:38.193Z,4,37.26,5,OK,0.1
2026-02-19T10:22:38.243Z,4,37.28,5,OK,0.1
2026-02-19T10:22:38.294Z,4,37.27,5,OK,0.1
2026-02-19T10:22:38.345Z,4,36.98,5,OK,0.1
2026-02-19T10:22:38.395Z,4,20.21,6,OK,0.1
2026-02-19T10:22:38.446Z,4,20.16,7,OK,0.1
2026-02-19T10:22:38.549Z,4,33.15,6,OK,0.1
2026-02-19T10:22:38.599Z,4,33.20,5,OK,0.1
2026-02-19T10:22:38.650Z,4,33.29,5,OK,0.1
2026-02-19T10:22:38.737Z,4,46.67,5,OK,0.1
2026-02-19T10:22:38.787Z,4,46.74,5,OK,0.1
2026-02-19T10:22:38.839Z,5,33.73,5,SATURATED,0.1
2026-02-19T10:22:38.889Z,5,33.71,5,SATURATED,0.1
2026-02-19T10:22:39.010Z,4,33.66,5,OK,0.1
2026-02-19T10:22:39.060Z,4,20.26,6,OK,0.1
2026-02-19T10:22:39.110Z,3,20.22,7,OK,0.1
2026-02-19T10:22:39.162Z,7,20.86,8,OK,0.1
2026-02-19T10:22:39.212Z,3,20.88,9,OK,0.1
2026-02-19T10:22:39.263Z,3,20.89,10,OK,0.1
2026-02-19T10:22:39.312Z,5,20.87,11,OK,0.1
2026-02-19T10:22:39.408Z,5,34.28,10,OK,0.1
2026-02-19T10:22:39.459Z,3,33.63,9,OK,0.1
2026-02-19T10:22:39.508Z,3,33.61,8,OK,0.1
2026-02-19T10:22:39.631Z,5,33.55,7,OK,0.1
2026-02-19T10:22:39.681Z,3,33.59,6,OK,0.1
2026-02-19T10:22:39.732Z,3,20.07,7,OK,0.1
2026-02-19T10:22:39.781Z,4,20.13,8,OK,0.1
2026-02-19T10:22:39.831Z,4,20.14,9,OK,0.1
2026-02-19T10:22:39.882Z,4,21.57,10,OK,0.1
2026-02-19T10:22:40.020Z,5,21.53,11,OK,0.1
2026-02-19T10:22:40.071Z,4,21.57,12,OK,0.1
2026-02-19T10:22:40.121Z,4,21.51,13,OK,0.1
2026-02-19T10:22:40.177Z,13,21.40,14,OK,0.1
2026-02-19T10:22:40.228Z,4,20.00,15,OK,0.1
2026-02-19T10:22:40.278Z,4,20.03,16,OK,0.1
2026-02-19T10:22:40.328Z,5,20.00,17,OK,0.1
2026-02-19T10:22:40.378Z,4,20.01,18,OK,0.1
2026-02-19T10:22:40.429Z,5,20.29,19,OK,0.1
2026-02-19T10:22:40.479Z,5,20.30,20,OK,0.1
2026-02-19T10:22:40.528Z,5,20.38,21,OK,0.1
2026-02-19T10:22:40.579Z,5,20.42,22,OK,0.1
2026-02-19T10:22:40.629Z,5,21.12,23,OK,0.1
2026-02-19T10:22:40.876Z,7,56.50,19,OK,0.1
2026-02-19T10:22:41.402Z,19,147.66,5,SATURATED,0.4
2026-02-19T10:22:41.461Z,6,145.33,5,SATURATED,0.4
2026-02-19T10:22:41.510Z,5,145.35,5,SATURATED,0.4
2026-02-19T10:22:41.560Z,5,144.56,5,SATURATED,0.4
2026-02-19T10:22:41.611Z,5,108.94,5,SATURATED,0.1
2026-02-19T10:22:41.661Z,5,17.78,6,OK,0.1
2026-02-19T10:22:41.710Z,5,20.16,7,OK,0.1
2026-02-19T10:22:41.760Z,4,20.13,8,OK,0.1
2026-02-19T10:22:41.810Z,4,20.15,9,OK,0.1
2026-02-19T10:22:41.860Z,4,20.22,10,OK,0.1
2026-02-19T10:22:42.089Z,5,20.85,11,OK,0.1
2026-02-19T10:22:42.140Z,3,20.66,12,OK,0.1
2026-02-19T10:22:42.189Z,3,20.88,13,OK,0.1
2026-02-19T10:22:42.240Z,3,20.95,14,OK,0.1
2026-02-19T10:22:42.289Z,3,21.04,15,OK,0.1
2026-02-19T10:22:42.339Z,4,20.38,16,OK,0.1
2026-02-19T10:22:42.389Z,4,20.43,17,OK,0.1
2026-02-19T10:22:42.842Z,14,96.83,9,SATURATED,0.1
2026-02-19T10:22:42.975Z,7,119.29,5,SATURATED,0.1
2026-02-19T10:22:43.026Z,6,119.24,5,SATURATED,0.1
2026-02-19T10:22:43.076Z,6,119.27,5,SATURATED,0.1
2026-02-19T10:22:43.126Z,6,119.27,5,SATURATED,0.1
2026-02-19T10:22:43.177Z,5,42.70,5,SATURATED,0.1
2026-02-19T10:22:43.228Z,5,20.20,6,OK,0.1
2026-02-19T10:22:43.277Z,5,20.18,7,OK,0.1
2026-02-19T10:22:43.328Z,4,20.21,8,OK,0.1
2026-02-19T10:22:43.378Z,4,20.19,9,OK,0.1
2026-02-19T10:22:43.428Z,5,20.17,10,OK,0.1
2026-02-19T10:22:43.479Z,5,20.22,11,OK,0.1
2026-02-19T10:22:43.529Z,5,20.15,12,OK,0.1
2026-02-19T10:22:43.580Z,5,20.07,13,OK,0.1
2026-02-19T10:22:43.631Z,5,20.08,14,OK,0.1
2026-02-19T10:22:43.681Z,5,20.14,15,OK,0.1
2026-02-19T10:22:43.731Z,5,20.30,16,OK,0.1
2026-02-19T10:22:43.781Z,5,20.36,17,OK,0.1
2026-02-19T10:22:43.832Z,5,20.44,18,OK,0.1
2026-02-19T10:22:43.910Z,18,21.22,19,OK,0.1
2026-02-19T10:22:43.966Z,19,28.25,18,SATURATED,0.1
2026-02-19T10:22:44.036Z,17,28.04,17,SATURATED,0.1
2026-02-19T10:22:44.086Z,8,27.99,16,OK,0.1
2026-02-19T10:22:44.136Z,9,28.08,15,OK,0.1
2026-02-19T10:22:44.187Z,9,27.49,14,OK,0.1
2026-02-19T10:22:44.238Z,9,20.45,15,OK,0.1
2026-02-19T10:22:44.288Z,9,20.50,16,OK,0.1
2026-02-19T10:22:44.339Z,8,20.58,17,OK,0.1
2026-02-19T10:22:44.389Z,8,20.48,18,OK,0.1
2026-02-19T10:22:44.440Z,6,20.18,19,OK,0.1
2026-02-19T10:22:44.491Z,6,20.16,20,OK,0.1
2026-02-19T10:22:44.541Z,6,20.08,21,OK,0.1
2026-02-19T10:22:44.591Z,6,20.04,22,OK,0.1
2026-02-19T10:22:44.641Z,6,20.13,23,OK,0.1
2026-02-19T10:22:44.692Z,6,20.38,24,OK,0.1
2026-02-19T10:22:44.743Z,6,20.32,25,OK,0.1
2026-02-19T10:22:44.794Z,6,20.46,26,OK,0.1
2026-02-19T10:22:44.844Z,5,20.56,27,OK,0.1
2026-02-19T10:22:44.893Z,5,20.56,28,OK,0.1
2026-02-19T10:22:44.943Z,5,20.35,29,OK,0.1
2026-02-19T10:22:45.073Z,9,28.58,28,OK,0.1
2026-02-19T10:22:45.124Z,15,24.67,29,OK,0.1
2026-02-19T10:22:45.382Z,12,72.05,24,OK,0.1
2026-02-19T10:22:45.432Z,13,72.02,19,OK,0.1
2026-02-19T10:22:45.482Z,13,72.01,14,OK,0.1
2026-02-19T10:22:45.533Z,14,63.96,10,SATURATED,0.1
2026-02-19T10:22:45.583Z,14,67.73,5,SATURATED,0.1
2026-02-19T10:22:45.634Z,14,20.26,6,SATURATED,0.1
2026-02-19T10:22:45.685Z,14,20.21,7,SATURATED,0.1
2026-02-19T10:22:45.736Z,14,20.19,8,SATURATED,0.1
2026-02-19T10:22:45.786Z,14,20.13,9,SATURATED,0.1
2026-02-19T10:22:45.836Z,14,20.21,10,SATURATED,0.1
2026-02-19T10:22:45.886Z,14,20.29,11,SATURATED,0.1
2026-02-19T10:22:45.936Z,14,20.23,12,SATURATED,0.1
2026-02-19T10:22:45.987Z,12,20.23,13,OK,0.1
2026-02-19T10:22:46.037Z,11,20.12,14,OK,0.1
2026-02-19T10:22:46.088Z,11,20.15,15,OK,0.1
2026-02-19T10:22:46.182Z,15,25.03,14,SATURATED,0.1
2026-02-19T10:22:46.231Z,11,24.87,15,OK,0.1
2026-02-19T10:22:46.281Z,11,24.99,16,OK,0.1
2026-02-19T10:22:46.331Z,11,25.10,15,OK,0.1
2026-02-19T10:22:46.381Z,11,25.09,14,OK,0.1
2026-02-19T10:22:46.432Z,12,20.24,15,OK,0.1
2026-02-19T10:22:46.483Z,12,20.42,16,OK,0.1
2026-02-19T10:22:46.534Z,12,20.34,17,OK,0.1
2026-02-19T10:22:46.583Z,12,20.28,18,OK,0.1
2026-02-19T10:22:46.634Z,12,20.30,19,OK,0.1
2026-02-19T10:22:46.685Z,12,20.21,20,OK,0.1
2026-02-19T10:22:46.736Z,12,20.19,21,OK,0.1
2026-02-19T10:22:46.786Z,12,20.28,22,OK,0.1
2026-02-19T10:22:46.836Z,12,20.35,23,OK,0.1
2026-02-19T10:22:46.887Z,12,20.20,24,OK,0.1
2026-02-19T10:22:46.936Z,16,20.44,25,OK,0.1
2026-02-19T10:22:46.987Z,10,20.70,26,OK,0.1
2026-02-19T10:22:47.037Z,10,20.72,27,OK,0.1
2026-02-19T10:22:47.087Z,9,20.67,28,OK,0.1
2026-02-19T10:22:47.184Z,12,26.13,27,OK,0.1
2026-02-19T10:22:47.531Z,12,81.22,21,OK,0.1
2026-02-19T10:22:47.951Z,17,150.94,5,SATURATED,0.4
2026-02-19T10:22:48.001Z,6,150.93,5,SATURATED,0.4
2026-02-19T10:22:48.051Z,6,150.97,5,SATURATED,0.4
2026-02-19T10:22:48.102Z,5,145.74,5,SATURATED,0.4
2026-02-19T10:22:48.153Z,5,90.39,5,SATURATED,0.1
2026-02-19T10:22:48.203Z,5,20.39,6,OK,0.1
2026-02-19T10:22:48.253Z,5,20.39,7,OK,0.1
2026-02-19T10:22:48.304Z,6,20.34,8,OK,0.1
2026-02-19T10:22:48.355Z,5,20.27,9,OK,0.1
2026-02-19T10:22:48.405Z,5,20.27,10,OK,0.1
2026-02-19T10:22:48.456Z,4,20.35,11,OK,0.1
2026-02-19T10:22:48.506Z,4,20.32,12,OK,0.1
2026-02-19T10:22:48.619Z,4,36.01,10,OK,0.1
2026-02-19T10:22:48.669Z,4,35.97,8,OK,0.1
2026-02-19T10:22:48.784Z,5,35.96,6,OK,0.1
2026-02-19T10:22:48.833Z,4,35.90,5,OK,0.1
2026-02-19T10:22:48.883Z,4,35.89,5,OK,0.1
2026-02-19T10:22:48.933Z,4,20.30,6,OK,0.1
2026-02-19T10:22:49.035Z,6,26.65,5,SATURATED,0.1
2026-02-19T10:22:49.085Z,2,26.54,5,OK,0.1
2026-02-19T10:22:49.191Z,3,33.71,5,OK,0.1
2026-02-19T10:22:49.241Z,2,33.72,5,OK,0.1
2026-02-19T10:22:49.291Z,2,33.61,5,OK,0.1
2026-02-19T10:22:49.341Z,3,27.22,5,OK,0.1
2026-02-19T10:22:49.391Z,3,27.36,5,OK,0.1
2026-02-19T10:22:49.442Z,3,20.16,6,OK,0.1
2026-02-19T10:22:49.491Z,3,20.16,7,OK,0.1
2026-02-19T10:22:49.588Z,3,34.78,6,OK,0.1
2026-02-19T10:22:49.637Z,4,34.93,5,OK,0.1
2026-02-19T10:22:49.688Z,4,34.92,5,OK,0.1
2026-02-19T10:22:49.738Z,5,34.98,5,SATURATED,0.1
2026-02-19T10:22:49.789Z,5,34.99,5,SATURATED,0.1
2026-02-19T10:22:49.840Z,4,20.40,6,OK,0.1
2026-02-19T10:22:49.890Z,4,20.30,7,OK,0.1
2026-02-19T10:22:49.941Z,4,20.30,8,OK,0.1
2026-02-19T10:22:49.991Z,5,20.28,9,OK,0.1
2026-02-19T10:22:50.124Z,8,20.30,10,OK,0.1
2026-02-19T10:22:50.174Z,6,21.12,11,OK,0.1
2026-02-19T10:22:50.298Z,10,37.85,9,SATURATED,0.1
2026-02-19T10:22:50.349Z,8,37.83,7,SATURATED,0.1
2026-02-19T10:22:50.400Z,8,37.89,5,SATURATED,0.1
2026-02-19T10:22:50.450Z,8,37.85,5,SATURATED,0.1
2026-02-19T10:22:50.500Z,8,36.96,5,SATURATED,0.1
2026-02-19T10:22:50.551Z,8,20.24,6,SATURATED,0.1
2026-02-19T10:22:50.600Z,8,20.26,7,SATURATED,0.1
2026-02-19T10:22:50.651Z,8,20.20,8,SATURATED,0.1
2026-02-19T10:22:50.700Z,8,20.22,9,OK,0.1
2026-02-19T10:22:50.750Z,9,20.29,10,OK,0.1
2026-02-19T10:22:50.800Z,9,20.27,11,OK,0.1
2026-02-19T10:22:50.909Z,9,37.09,9,SATURATED,0.1
2026-02-19T10:22:50.959Z,9,37.16,7,SATURATED,0.1
2026-02-19T10:22:51.009Z,9,37.06,5,SATURATED,0.1
2026-02-19T10:22:51.059Z,9,36.97,5,SATURATED,0.1
2026-02-19T10:22:51.110Z,9,36.96,5,SATURATED,0.1
2026-02-19T10:22:51.172Z,9,20.20,6,SATURATED,0.1
2026-02-19T10:22:51.223Z,8,20.12,7,SATURATED,0.1
2026-02-19T10:22:51.274Z,8,20.20,8,SATURATED,0.1
2026-02-19T10:22:51.324Z,7,20.32,9,OK,0.1
2026-02-19T10:22:51.375Z,7,20.37,10,OK,0.1
2026-02-19T10:22:51.426Z,7,20.29,11,OK,0.1
2026-02-19T10:22:51.476Z,7,20.32,12,OK,0.1
2026-02-19T10:22:51.526Z,8,20.22,13,OK,0.1
2026-02-19T10:22:51.577Z,8,20.23,14,OK,0.1
2026-02-19T10:22:51.628Z,7,20.15,15,OK,0.1
2026-02-19T10:22:51.678Z,8,20.13,16,OK,0.1
2026-02-19T10:22:51.786Z,8,20.24,17,OK,0.1
2026-02-19T10:22:51.836Z,7,20.28,18,OK,0.1
2026-02-19T10:22:51.886Z,7,20.24,19,OK,0.1
2026-02-19T10:22:51.989Z,8,26.53,18,OK,0.1
2026-02-19T10:22:52.040Z,9,26.59,17,OK,0.1
2026-02-19T10:22:52.091Z,10,26.47,16,OK,0.1
2026-02-19T10:22:52.223Z,10,26.43,15,OK,0.1
2026-02-19T10:22:52.366Z,15,50.68,12,SATURATED,0.1
2026-02-19T10:22:52.491Z,11,55.38,8,SATURATED,0.1
2026-02-19T10:22:52.542Z,9,55.37,5,SATURATED,0.1
2026-02-19T10:22:52.593Z,9,55.42,5,SATURATED,0.1
2026-02-19T10:22:52.643Z,9,55.64,5,SATURATED,0.1
2026-02-19T10:22:52.694Z,9,31.17,5,SATURATED,0.1
2026-02-19T10:22:52.743Z,8,20.27,6,SATURATED,0.1
2026-02-19T10:22:52.794Z,8,20.26,7,SATURATED,0.1
2026-02-19T10:22:52.845Z,8,20.22,8,SATURATED,0.1
2026-02-19T10:22:52.896Z,8,20.11,9,OK,0.1
2026-02-19T10:22:52.947Z,8,20.34,10,OK,0.1
2026-02-19T10:22:52.998Z,8,20.28,11,OK,0.1
2026-02-19T10:22:53.048Z,8,20.29,12,OK,0.1
2026-02-19T10:22:53.099Z,8,20.25,13,OK,0.1
2026-02-19T10:22:53.150Z,8,20.37,14,OK,0.1
2026-02-19T10:22:53.200Z,8,20.41,15,OK,0.1
2026-02-19T10:22:53.250Z,8,20.54,16,OK,0.1
2026-02-19T10:22:53.300Z,8,20.54,17,OK,0.1
2026-02-19T10:22:53.420Z,13,28.30,16,OK,0.1
2026-02-19T10:22:53.471Z,8,24.34,17,OK,0.1
2026-02-19T10:22:53.597Z,11,32.64,16,OK,0.1
2026-02-19T10:22:53.725Z,11,50.00,13,OK,0.1
2026-02-19T10:22:53.775Z,11,50.01,10,SATURATED,0.1
2026-02-19T10:22:53.826Z,11,42.22,8,SATURATED,0.1
2026-02-19T10:22:53.876Z,11,46.06,5,SATURATED,0.1
2026-02-19T10:22:53.926Z,10,37.81,5,SATURATED,0.1
2026-02-19T10:22:53.977Z,10,20.34,6,SATURATED,0.1
2026-02-19T10:22:54.027Z,8,20.29,7,SATURATED,0.1
2026-02-19T10:22:54.078Z,7,20.34,8,OK,0.1
2026-02-19T10:22:54.185Z,7,35.37,6,SATURATED,0.1
2026-02-19T10:22:54.235Z,7,35.28,5,SATURATED,0.1
2026-02-19T10:22:54.285Z,7,35.27,5,SATURATED,0.1
2026-02-19T10:22:54.336Z,6,35.34,5,SATURATED,0.1
2026-02-19T10:22:54.386Z,6,35.34,5,SATURATED,0.1
2026-02-19T10:22:54.435Z,6,20.34,6,SATURATED,0.1
2026-02-19T10:22:54.485Z,6,20.44,7,OK,0.1
2026-02-19T10:22:54.585Z,7,34.87,6,SATURATED,0.1
2026-02-19T10:22:54.635Z,6,34.90,5,SATURATED,0.1
2026-02-19T10:22:54.685Z,5,34.90,5,SATURATED,0.1
2026-02-19T10:22:54.735Z,5,34.81,5,SATURATED,0.1
2026-02-19T10:22:54.786Z,5,34.70,5,SATURATED,0.1
2026-02-19T10:22:54.836Z,5,20.33,6,OK,0.1
2026-02-19T10:22:54.887Z,5,20.26,7,OK,0.1
2026-02-19T10:22:54.994Z,6,26.71,6,SATURATED,0.1
2026-02-19T10:22:55.044Z,5,26.90,5,SATURATED,0.1
2026-02-19T10:22:55.095Z,5,26.92,5,SATURATED,0.1
2026-02-19T10:22:55.145Z,5,26.85,5,SATURATED,0.1
2026-02-19T10:22:55.194Z,5,26.84,5,SATURATED,0.1
2026-02-19T10:22:55.245Z,5,20.37,6,OK,0.1
2026-02-19T10:22:55.295Z,5,20.23,7,OK,0.1
2026-02-19T10:22:55.346Z,6,20.23,8,OK,0.1
2026-02-19T10:22:55.396Z,6,20.25,9,OK,0.1
2026-02-19T10:22:55.514Z,8,27.91,8,SATURATED,0.1
2026-02-19T10:22:55.563Z,3,27.91,7,OK,0.1
2026-02-19T10:22:55.614Z,3,27.99,6,OK,0.1
2026-02-19T10:22:55.760Z,4,51.59,5,OK,0.1
2026-02-19T10:22:55.874Z,4,60.32,5,OK,0.1
2026-02-19T10:22:56.004Z,4,70.50,5,OK,0.1
2026-02-19T10:22:56.054Z,5,70.50,5,SATURATED,0.1
2026-02-19T10:22:56.105Z,5,70.43,5,SATURATED,0.1
2026-02-19T10:22:56.155Z,5,46.82,5,SATURATED,0.1
2026-02-19T10:22:56.205Z,5,38.09,5,SATURATED,0.1
2026-02-19T10:22:56.255Z,5,20.31,6,OK,0.1
2026-02-19T10:22:56.306Z,5,20.35,7,OK,0.1
2026-02-19T10:22:56.386Z,6,32.40,6,SATURATED,0.1
2026-02-19T10:22:56.437Z,6,32.25,5,SATURATED,0.1
2026-02-19T10:22:56.487Z,6,32.26,5,SATURATED,0.1
2026-02-19T10:22:56.540Z,6,33.41,5,SATURATED,0.1
2026-02-19T10:22:56.590Z,6,33.42,5,SATURATED,0.1
2026-02-19T10:22:56.640Z,6,21.26,6,SATURATED,0.1
2026-02-19T10:22:56.690Z,6,21.43,7,OK,0.1
2026-02-19T10:22:56.739Z,7,21.31,8,OK,0.1
2026-02-19T10:22:56.790Z,8,20.20,9,OK,0.1
2026-02-19T10:22:56.840Z,8,20.24,10,OK,0.1
2026-02-19T10:22:56.890Z,8,20.31,11,OK,0.1
2026-02-19T10:22:56.940Z,8,20.24,12,OK,0.1
2026-02-19T10:22:56.991Z,8,20.34,13,OK,0.1
2026-02-19T10:22:57.095Z,11,27.17,12,OK,0.1
2026-02-19T10:22:57.145Z,9,27.11,11,OK,0.1
2026-02-19T10:22:57.270Z,10,27.15,10,SATURATED,0.1
2026-02-19T10:22:57.321Z,9,27.33,9,SATURATED,0.1
2026-02-19T10:22:57.371Z,8,27.35,8,SATURATED,0.1
2026-02-19T10:22:57.421Z,8,20.44,9,OK,0.1
2026-02-19T10:22:57.513Z,7,32.28,8,OK,0.1
2026-02-19T10:22:57.568Z,8,33.32,7,SATURATED,0.1
2026-02-19T10:22:57.618Z,6,33.30,6,SATURATED,0.1
2026-02-19T10:22:57.669Z,6,33.25,5,SATURATED,0.1
2026-02-19T10:22:57.718Z,6,33.23,5,SATURATED,0.1
2026-02-19T10:22:57.770Z,5,21.39,6,OK,0.1
2026-02-19T10:22:57.820Z,5,20.38,7,OK,0.1
2026-02-19T10:22:57.871Z,5,20.30,8,OK,0.1
2026-02-19T10:22:57.920Z,5,20.34,9,OK,0.1
2026-02-19T10:22:57.970Z,5,20.35,10,OK,0.1
2026-02-19T10:22:58.021Z,4,20.21,11,OK,0.1
2026-02-19T10:22:58.071Z,4,20.17,12,OK,0.1
2026-02-19T10:22:58.358Z,12,70.99,7,SATURATED,0.1
2026-02-19T10:22:58.601Z,7,105.52,5,SATURATED,0.1
2026-02-19T10:22:58.918Z,5,154.84,5,SATURATED,0.4
2026-02-19T10:22:59.713Z,5,299.92,5,SATURATED,0.4
2026-02-19T10:23:00.053Z,5,353.87,5,SATURATED,0.4
2026-02-19T10:23:00.194Z,5,317.20,5,SATURATED,0.4
2026-02-19T10:23:00.471Z,2,324.00,5,OK,0.4
2026-02-19T10:23:00.716Z,3,309.60,5,OK,0.4
2026-02-19T10:23:00.766Z,3,164.74,5,OK,0.4
2026-02-19T10:23:00.817Z,3,110.78,5,OK,0.1
2026-02-19T10:23:00.868Z,3,96.64,5,OK,0.1
2026-02-19T10:23:01.293Z,3,55.28,5,OK,0.1
2026-02-19T10:23:01.515Z,5,60.52,5,SATURATED,0.1
2026-02-19T10:23:01.564Z,2,60.41,5,OK,0.1
2026-02-19T10:23:01.615Z,2,60.41,5,OK,0.1
2026-02-19T10:23:01.665Z,2,60.34,5,OK,0.1
2026-02-19T10:23:01.715Z,2,60.34,5,OK,0.1
2026-02-19T10:23:01.766Z,4,20.52,6,OK,0.1
2026-02-19T10:23:01.817Z,4,20.52,7,OK,0.1
2026-02-19T10:23:01.868Z,4,20.55,8,OK,0.1
2026-02-19T10:23:01.917Z,4,20.61,9,OK,0.1
2026-02-19T10:23:01.968Z,4,20.64,10,OK,0.1
2026-02-19T10:23:02.017Z,4,20.31,11,OK,0.1
2026-02-19T10:23:02.068Z,3,20.33,12,OK,0.1
2026-02-19T10:23:02.118Z,3,20.27,13,OK,0.1
2026-02-19T10:23:02.168Z,3,20.30,14,OK,0.1
2026-02-19T10:23:02.218Z,3,20.30,15,OK,0.1
2026-02-19T10:23:02.269Z,3,20.25,16,OK,0.1
2026-02-19T10:23:02.431Z,8,38.60,14,OK,0.1
2026-02-19T10:23:02.642Z,14,76.69,8,SATURATED,0.1
2026-02-19T10:23:02.692Z,4,76.58,5,OK,0.1
2026-02-19T10:23:02.848Z,4,99.80,5,OK,0.1
2026-02-19T10:23:02.963Z,5,108.76,5,SATURATED,0.1
2026-02-19T10:23:03.013Z,3,90.44,5,OK,0.1
2026-02-19T10:23:03.063Z,3,52.37,5,OK,0.1
2026-02-19T10:23:03.113Z,4,52.48,5,OK,0.1
2026-02-19T10:23:03.163Z,4,29.26,5,OK,0.1
2026-02-19T10:23:03.213Z,4,20.31,6,OK,0.1
2026-02-19T10:23:03.265Z,4,20.29,7,OK,0.1
2026-02-19T10:23:03.316Z,4,20.36,8,OK,0.1
2026-02-19T10:23:03.366Z,4,20.33,9,OK,0.1
2026-02-19T10:23:03.417Z,4,20.38,10,OK,0.1
2026-02-19T10:23:03.467Z,4,20.40,11,OK,0.1
2026-02-19T10:23:03.517Z,4,20.41,12,OK,0.1
2026-02-19T10:23:03.568Z,4,20.33,13,OK,0.1
2026-02-19T10:23:03.707Z,8,20.44,14,OK,0.1
2026-02-19T10:23:03.983Z,14,61.72,10,SATURATED,0.1
2026-02-19T10:23:04.034Z,3,62.07,6,OK,0.1
2026-02-19T10:23:04.084Z,3,62.07,5,OK,0.1
2026-02-19T10:23:04.213Z,3,70.53,5,OK,0.1
2026-02-19T10:23:04.264Z,3,70.48,5,OK,0.1
2026-02-19T10:23:04.315Z,4,29.11,5,OK,0.1
2026-02-19T10:23:04.364Z,4,28.81,5,OK,0.1
2026-02-19T10:23:04.414Z,4,28.81,5,OK,0.1
2026-02-19T10:23:04.532Z,4,39.32,5,OK,0.1
2026-02-19T10:23:04.582Z,4,39.28,5,OK,0.1
2026-02-19T10:23:04.633Z,3,39.16,5,OK,0.1
2026-02-19T10:23:04.684Z,3,39.15,5,OK,0.1
2026-02-19T10:23:04.733Z,3,38.99,5,OK,0.1
2026-02-19T10:23:04.784Z,3,20.03,6,OK,0.1
2026-02-19T10:23:04.833Z,3,20.02,7,OK,0.1
2026-02-19T10:23:04.884Z,3,20.18,8,OK,0.1
2026-02-19T10:23:05.022Z,7,23.83,10,OK,0.1
2026-02-19T10:23:04.934Z,4,20.13,9,OK,0.1
2026-02-19T10:23:05.232Z,10,51.78,7,SATURATED,0.1
2026-02-19T10:23:05.340Z,3,69.23,5,OK,0.1
2026-02-19T10:23:05.390Z,3,69.20,5,OK,0.1
2026-02-19T10:23:05.440Z,3,69.20,5,OK,0.1
2026-02-19T10:23:05.490Z,3,65.65,5,OK,0.1
2026-02-19T10:23:05.618Z,5,37.74,5,SATURATED,0.1
2026-02-19T10:23:05.669Z,3,20.29,6,OK,0.1
2026-02-19T10:23:05.718Z,6,20.32,7,OK,0.1
2026-02-19T10:23:05.768Z,3,20.32,8,OK,0.1
2026-02-19T10:23:05.819Z,3,20.30,9,OK,0.1
2026-02-19T10:23:05.869Z,3,20.29,10,OK,0.1
2026-02-19T10:23:05.919Z,3,20.27,11,OK,0.1
2026-02-19T10:23:05.969Z,3,20.30,12,OK,0.1
2026-02-19T10:23:06.020Z,3,20.36,13,OK,0.1
2026-02-19T10:23:06.071Z,3,20.41,14,OK,0.1
2026-02-19T10:23:06.183Z,3,20.36,15,OK,0.1
2026-02-19T10:23:06.317Z,15,43.05,13,SATURATED,0.1
2026-02-19T10:23:06.684Z,13,102.35,5,SATURATED,0.1
2026-02-19T10:23:06.734Z,5,102.29,5,SATURATED,0.1
2026-02-19T10:23:06.785Z,5,102.24,5,SATURATED,0.1
2026-02-19T10:23:06.836Z,5,102.25,5,SATURATED,0.1
2026-02-19T10:23:06.886Z,5,79.57,5,SATURATED,0.1
2026-02-19T10:23:06.935Z,5,20.29,6,OK,0.1
2026-02-19T10:23:07.017Z,5,22.64,7,OK,0.1
2026-02-19T10:23:07.067Z,5,22.69,8,OK,0.1
2026-02-19T10:23:07.118Z,5,22.71,9,OK,0.1
2026-02-19T10:23:07.168Z,5,22.74,10,OK,0.1
2026-02-19T10:23:07.276Z,6,37.84,8,OK,0.1
2026-02-19T10:23:07.327Z,7,35.71,6,SATURATED,0.1
2026-02-19T10:23:07.377Z,6,35.77,5,SATURATED,0.1
2026-02-19T10:23:07.428Z,6,35.79,5,SATURATED,0.1
2026-02-19T10:23:07.479Z,6,35.77,5,SATURATED,0.1
2026-02-19T10:23:07.528Z,6,20.63,6,SATURATED,0.1
2026-02-19T10:23:07.578Z,6,20.39,7,OK,0.1
2026-02-19T10:23:07.628Z,5,20.47,8,OK,0.1
2026-02-19T10:23:07.818Z,8,50.93,5,SATURATED,0.1
2026-02-19T10:23:07.868Z,5,50.82,5,SATURATED,0.1
2026-02-19T10:23:07.919Z,5,50.77,5,SATURATED,0.1
2026-02-19T10:23:07.967Z,5,50.78,5,SATURATED,0.1
2026-02-19T10:23:08.017Z,5,50.66,5,SATURATED,0.1
2026-02-19T10:23:08.067Z,5,20.18,6,OK,0.1
2026-02-19T10:23:08.117Z,5,20.32,7,OK,0.1
2026-02-19T10:23:08.167Z,5,20.32,8,OK,0.1
2026-02-19T10:23:08.218Z,4,20.30,9,OK,0.1
2026-02-19T10:23:08.268Z,4,20.29,10,OK,0.1
2026-02-19T10:23:08.398Z,8,20.24,11,OK,0.1
2026-02-19T10:23:08.485Z,10,33.43,10,SATURATED,0.1
2026-02-19T10:23:08.535Z,5,33.44,9,OK,0.1
2026-02-19T10:23:08.585Z,5,33.46,8,OK,0.1
2026-02-19T10:23:08.635Z,5,33.34,7,OK,0.1
2026-02-19T10:23:08.685Z,4,33.41,6,OK,0.1
2026-02-19T10:23:08.735Z,4,20.17,7,OK,0.1
2026-02-19T10:23:08.786Z,4,20.20,8,OK,0.1
2026-02-19T10:23:08.847Z,8,20.74,9,OK,0.1
2026-02-19T10:23:09.214Z,9,80.16,5,SATURATED,0.1
2026-02-19T10:23:09.264Z,5,80.15,5,SATURATED,0.1
2026-02-19T10:23:09.315Z,5,80.10,5,SATURATED,0.1
2026-02-19T10:23:09.365Z,4,80.08,5,OK,0.1
2026-02-19T10:23:09.415Z,4,79.56,5,OK,0.1
2026-02-19T10:23:09.465Z,4,20.25,6,OK,0.1
2026-02-19T10:23:09.515Z,5,20.20,7,OK,0.1
2026-02-19T10:23:09.565Z,5,20.35,8,OK,0.1
2026-02-19T10:23:09.616Z,5,20.34,9,OK,0.1
2026-02-19T10:23:09.666Z,5,20.29,10,OK,0.1
2026-02-19T10:23:09.716Z,5,20.22,11,OK,0.1
2026-02-19T10:23:09.766Z,5,20.18,12,OK,0.1
2026-02-19T10:23:09.817Z,5,20.13,13,OK,0.1
2026-02-19T10:23:09.921Z,8,35.88,11,OK,0.1
2026-02-19T10:23:10.014Z,7,40.47,9,OK,0.1
2026-02-19T10:23:10.065Z,7,40.48,7,SATURATED,0.1
2026-02-19T10:23:10.115Z,7,40.54,5,SATURATED,0.1
2026-02-19T10:23:10.166Z,7,40.55,5,SATURATED,0.1
2026-02-19T10:23:10.217Z,7,24.68,6,SATURATED,0.1
2026-02-19T10:23:10.267Z,7,20.09,7,SATURATED,0.1
2026-02-19T10:23:10.318Z,6,20.14,8,OK,0.1
2026-02-19T10:23:10.417Z,6,26.09,7,OK,0.1
2026-02-19T10:23:10.684Z,7,75.21,5,SATURATED,0.1
2026-02-19T10:23:10.735Z,5,75.34,5,SATURATED,0.1
2026-02-19T10:23:10.785Z,5,75.32,5,SATURATED,0.1
2026-02-19T10:23:10.836Z,5,75.27,5,SATURATED,0.1
2026-02-19T10:23:10.887Z,4,69.32,5,OK,0.1
2026-02-19T10:23:11.016Z,5,20.45,6,OK,0.1
2026-02-19T10:23:11.141Z,6,41.33,5,SATURATED,0.1
2026-02-19T10:23:11.191Z,4,41.39,5,OK,0.1
2026-02-19T10:23:11.240Z,3,42.97,5,OK,0.1
2026-02-19T10:23:11.291Z,3,43.00,5,OK,0.1
2026-02-19T10:23:11.342Z,3,42.68,5,OK,0.1
2026-02-19T10:23:11.392Z,3,21.78,6,OK,0.1
2026-02-19T10:23:11.444Z,3,21.78,7,OK,0.1
2026-02-19T10:23:11.494Z,2,20.21,8,OK,0.1
2026-02-19T10:23:11.544Z,2,20.27,9,OK,0.1
2026-02-19T10:23:11.595Z,2,20.35,10,OK,0.1
2026-02-19T10:23:11.645Z,2,20.36,11,OK,0.1
2026-02-19T10:23:11.778Z,7,20.36,12,OK,0.1
2026-02-19T10:23:11.828Z,2,20.42,13,OK,0.1
2026-02-19T10:23:11.932Z,4,34.71,12,OK,0.1
2026-02-19T10:23:11.982Z,2,34.67,11,OK,0.1
2026-02-19T10:23:12.033Z,3,34.63,10,OK,0.1
2026-02-19T10:23:12.083Z,3,34.61,9,OK,0.1
2026-02-19T10:23:12.133Z,3,34.56,8,OK,0.1
2026-02-19T10:23:12.184Z,5,20.17,9,OK,0.1
2026-02-19T10:23:12.234Z,9,20.24,10,OK,0.1
2026-02-19T10:23:12.285Z,9,20.35,11,OK,0.1
2026-02-19T10:23:12.335Z,9,20.38,12,OK,0.1
2026-02-19T10:23:12.385Z,9,20.40,13,OK,0.1
2026-02-19T10:23:12.436Z,9,20.33,14,OK,0.1
2026-02-19T10:23:12.486Z,9,20.27,15,OK,0.1
2026-02-19T10:23:12.537Z,9,20.25,16,OK,0.1
2026-02-19T10:23:12.650Z,9,27.40,15,OK,0.1
2026-02-19T10:23:12.767Z,9,27.37,14,OK,0.1
2026-02-19T10:23:12.883Z,14,35.04,12,SATURATED,0.1
2026-02-19T10:23:12.985Z,12,41.36,10,SATURATED,0.1
2026-02-19T10:23:13.035Z,10,41.33,8,SATURATED,0.1
2026-02-19T10:23:13.085Z,10,34.18,7,SATURATED,0.1
2026-02-19T10:23:13.135Z,10,34.30,6,SATURATED,0.1
2026-02-19T10:23:13.186Z,10,26.76,5,SATURATED,0.1
2026-02-19T10:23:13.236Z,10,20.34,6,SATURATED,0.1
2026-02-19T10:23:13.286Z,10,20.33,7,SATURATED,0.1
2026-02-19T10:23:13.336Z,10,20.30,8,SATURATED,0.1
2026-02-19T10:23:13.386Z,10,20.22,9,SATURATED,0.1
2026-02-19T10:23:13.436Z,10,20.16,10,SATURATED,0.1
2026-02-19T10:23:13.487Z,10,20.21,11,OK,0.1
2026-02-19T10:23:13.537Z,10,20.21,12,OK,0.1
2026-02-19T10:23:13.588Z,10,20.31,13,OK,0.1
2026-02-19T10:23:13.638Z,10,20.31,14,OK,0.1
2026-02-19T10:23:13.732Z,10,25.07,13,OK,0.1
2026-02-19T10:23:13.782Z,11,25.04,12,OK,0.1
2026-02-19T10:23:13.870Z,11,28.60,11,SATURATED,0.1
2026-02-19T10:23:13.920Z,11,28.56,10,SATURATED,0.1
2026-02-19T10:23:13.970Z,9,28.69,9,SATURATED,0.1
2026-02-19T10:23:14.020Z,8,23.84,10,OK,0.1
2026-02-19T10:23:14.110Z,9,27.83,9,SATURATED,0.1
2026-02-19T10:23:14.298Z,9,24.41,10,OK,0.1
2026-02-19T10:23:14.348Z,7,28.60,9,OK,0.1
2026-02-19T10:23:14.399Z,2,28.45,8,OK,0.1
2026-02-19T10:23:14.450Z,2,28.54,7,OK,0.1
2026-02-19T10:23:14.500Z,2,24.59,8,OK,0.1
2026-02-19T10:23:14.551Z,2,24.48,9,OK,0.1
2026-02-19T10:23:14.602Z,2,20.28,10,OK,0.1
2026-02-19T10:23:14.652Z,2,20.29,11,OK,0.1
2026-02-19T10:23:14.703Z,2,20.30,12,OK,0.1
2026-02-19T10:23:14.754Z,2,20.27,13,OK,0.1
2026-02-19T10:23:14.804Z,1,20.23,14,OK,0.1
2026-02-19T10:23:14.856Z,1,20.22,15,OK,0.1
2026-02-19T10:23:14.967Z,5,20.21,16,OK,0.1
2026-02-19T10:23:15.068Z,4,36.40,14,OK,0.1
2026-02-19T10:23:15.118Z,8,36.43,12,OK,0.1
2026-02-19T10:23:15.247Z,8,36.45,10,OK,0.1
2026-02-19T10:23:15.555Z,8,93.80,5,SATURATED,0.1
2026-02-19T10:23:15.605Z,6,89.76,5,SATURATED,0.1
2026-02-19T10:23:15.656Z,6,73.57,5,SATURATED,0.1
2026-02-19T10:23:15.706Z,6,73.57,5,SATURATED,0.1
2026-02-19T10:23:15.756Z,6,73.58,5,SATURATED,0.1
2026-02-19T10:23:15.807Z,5,16.04,6,OK,0.1
2026-02-19T10:23:15.858Z,5,20.10,7,OK,0.1
2026-02-19T10:23:16.120Z,6,65.19,5,SATURATED,0.1
2026-02-19T10:23:16.170Z,5,65.15,5,SATURATED,0.1
2026-02-19T10:23:16.220Z,5,65.16,5,SATURATED,0.1
2026-02-19T10:23:16.270Z,5,65.36,5,SATURATED,0.1
2026-02-19T10:23:16.322Z,5,65.33,5,SATURATED,0.1
2026-02-19T10:23:16.373Z,5,20.22,6,OK,0.1
2026-02-19T10:23:16.424Z,5,20.19,7,OK,0.1
2026-02-19T10:23:16.474Z,5,20.26,8,OK,0.1
2026-02-19T10:23:16.525Z,5,20.19,9,OK,0.1
2026-02-19T10:23:16.656Z,9,21.10,10,OK,0.1
2026-02-19T10:23:16.765Z,10,38.86,8,SATURATED,0.1
2026-02-19T10:23:16.994Z,7,76.34,5,SATURATED,0.1
2026-02-19T10:23:17.044Z,4,76.25,5,OK,0.1
2026-02-19T10:23:17.094Z,3,76.32,5,OK,0.1
2026-02-19T10:23:17.212Z,1,90.75,5,OK,0.1
2026-02-19T10:23:17.262Z,3,73.03,5,OK,0.1
2026-02-19T10:23:17.312Z,3,35.64,5,OK,0.1
2026-02-19T10:23:17.362Z,4,35.68,5,OK,0.1
2026-02-19T10:23:17.412Z,4,35.69,5,OK,0.1
2026-02-19T10:23:17.462Z,4,20.36,6,OK,0.1
2026-02-19T10:23:17.512Z,4,20.37,7,OK,0.1
2026-02-19T10:23:17.562Z,4,20.38,8,OK,0.1
2026-02-19T10:23:17.612Z,5,20.14,9,OK,0.1
2026-02-19T10:23:17.664Z,9,20.50,10,OK,0.1
2026-02-19T10:23:17.714Z,7,20.50,11,OK,0.1
2026-02-19T10:23:17.827Z,7,20.49,12,OK,0.1
2026-02-19T10:23:17.993Z,12,49.58,9,SATURATED,0.1
2026-02-19T10:23:18.072Z,8,51.54,6,SATURATED,0.1
2026-02-19T10:23:18.122Z,8,51.07,5,SATURATED,0.1
2026-02-19T10:23:18.173Z,8,51.10,5,SATURATED,0.1
2026-02-19T10:23:18.224Z,8,51.00,5,SATURATED,0.1
2026-02-19T10:23:18.275Z,8,21.91,6,SATURATED,0.1
2026-02-19T10:23:18.325Z,8,20.24,7,SATURATED,0.1
2026-02-19T10:23:18.375Z,8,20.32,8,SATURATED,0.1
2026-02-19T10:23:18.426Z,8,20.34,9,OK,0.1
2026-02-19T10:23:18.476Z,8,20.45,10,OK,0.1
2026-02-19T10:23:18.526Z,8,20.40,11,OK,0.1
2026-02-19T10:23:18.728Z,8,20.33,12,OK,0.1
2026-02-19T10:23:18.778Z,7,20.38,13,OK,0.1
2026-02-19T10:23:18.828Z,7,20.36,14,OK,0.1
2026-02-19T10:23:18.878Z,7,20.36,15,OK,0.1
2026-02-19T10:23:18.928Z,7,20.34,16,OK,0.1
2026-02-19T10:23:18.979Z,7,20.33,17,OK,0.1
2026-02-19T10:23:19.342Z,17,82.94,11,SATURATED,0.1
2026-02-19T10:23:19.392Z,6,82.78,5,SATURATED,0.1
2026-02-19T10:23:19.443Z,6,82.79,5,SATURATED,0.1
2026-02-19T10:23:19.493Z,6,82.89,5,SATURATED,0.1
2026-02-19T10:23:19.543Z,6,82.91,5,SATURATED,0.1
2026-02-19T10:23:19.593Z,5,20.19,6,OK,0.1
2026-02-19T10:23:19.643Z,5,20.38,7,OK,0.1
2026-02-19T10:23:19.693Z,3,20.23,8,OK,0.1
2026-02-19T10:23:19.744Z,7,19.99,9,OK,0.1
2026-02-19T10:23:19.794Z,8,19.96,10,OK,0.1
2026-02-19T10:23:19.844Z,9,20.00,11,OK,0.1
2026-02-19T10:23:19.895Z,9,19.94,12,OK,0.1
2026-02-19T10:23:19.945Z,8,20.04,13,OK,0.1
2026-02-19T10:23:19.996Z,9,20.26,14,OK,0.1
2026-02-19T10:23:20.087Z,14,24.42,15,OK,0.1
2026-02-19T10:23:20.137Z,11,24.43,16,OK,0.1
2026-02-19T10:23:20.187Z,11,24.56,17,OK,0.1
2026-02-19T10:23:20.238Z,11,24.55,18,OK,0.1
2026-02-19T10:23:20.288Z,11,24.66,19,OK,0.1
2026-02-19T10:23:20.339Z,12,20.52,20,OK,0.1
2026-02-19T10:23:20.471Z,12,32.87,19,OK,0.1
2026-02-19T10:23:20.717Z,19,67.89,14,SATURATED,0.1
2026-02-19T10:23:20.850Z,14,86.18,7,SATURATED,0.1
2026-02-19T10:23:20.900Z,13,86.04,5,SATURATED,0.1
2026-02-19T10:23:20.950Z,13,86.09,5,SATURATED,0.1
2026-02-19T10:23:21.001Z,13,73.74,5,SATURATED,0.1
2026-02-19T10:23:21.051Z,13,38.59,5,SATURATED,0.1
2026-02-19T10:23:21.100Z,11,20.26,6,SATURATED,0.1
2026-02-19T10:23:21.152Z,11,20.25,7,SATURATED,0.1
2026-02-19T10:23:21.202Z,11,20.19,8,SATURATED,0.1
2026-02-19T10:23:21.253Z,11,20.23,9,SATURATED,0.1
2026-02-19T10:23:21.303Z,11,20.29,10,SATURATED,0.1
2026-02-19T10:23:21.354Z,11,20.36,11,SATURATED,0.1
2026-02-19T10:23:21.404Z,11,20.37,12,OK,0.1
2026-02-19T10:23:21.454Z,11,20.40,13,OK,0.1
2026-02-19T10:23:21.505Z,12,20.36,14,OK,0.1
2026-02-19T10:23:21.556Z,12,20.32,15,OK,0.1
2026-02-19T10:23:21.606Z,12,20.37,16,OK,0.1
2026-02-19T10:23:21.657Z,12,20.33,17,OK,0.1
2026-02-19T10:23:21.776Z,14,27.78,16,OK,0.1
2026-02-19T10:23:21.878Z,11,34.33,15,OK,0.1
2026-02-19T10:23:21.928Z,6,34.18,14,OK,0.1
2026-02-19T10:23:21.979Z,6,34.17,13,OK,0.1
2026-02-19T10:23:22.030Z,4,34.18,12,OK,0.1
2026-02-19T10:23:22.080Z,4,26.76,11,OK,0.1
2026-02-19T10:23:22.170Z,5,24.16,12,OK,0.1
2026-02-19T10:23:22.339Z,12,44.03,10,SATURATED,0.1
2026-02-19T10:23:22.390Z,4,43.96,8,OK,0.1
2026-02-19T10:23:22.440Z,4,43.98,6,OK,0.1
2026-02-19T10:23:22.490Z,4,43.94,5,OK,0.1
2026-02-19T10:23:22.541Z,4,40.02,5,OK,0.1
2026-02-19T10:23:22.592Z,5,20.26,6,OK,0.1
2026-02-19T10:23:22.643Z,4,20.36,7,OK,0.1
2026-02-19T10:23:22.694Z,4,20.36,8,OK,0.1
2026-02-19T10:23:22.744Z,3,20.25,9,OK,0.1
2026-02-19T10:23:22.857Z,5,34.87,8,OK,0.1
2026-02-19T10:23:22.946Z,7,38.63,6,SATURATED,0.1
2026-02-19T10:23:22.996Z,2,34.51,5,OK,0.1
2026-02-19T10:23:23.099Z,2,41.06,5,OK,0.1
2026-02-19T10:23:23.149Z,2,41.17,5,OK,0.1
2026-02-19T10:23:23.199Z,2,26.55,5,OK,0.1
2026-02-19T10:23:23.250Z,3,22.83,6,OK,0.1
2026-02-19T10:23:23.301Z,2,26.89,5,OK,0.1
2026-02-19T10:23:23.353Z,5,21.09,6,OK,0.1
2026-02-19T10:23:23.403Z,3,21.11,7,OK,0.1
2026-02-19T10:23:23.454Z,3,21.08,8,OK,0.1
2026-02-19T10:23:23.560Z,2,34.56,7,OK,0.1
2026-02-19T10:23:23.610Z,3,34.46,6,OK,0.1
2026-02-19T10:23:23.660Z,3,33.73,5,OK,0.1
2026-02-19T10:23:23.710Z,3,33.72,5,OK,0.1
2026-02-19T10:23:23.760Z,3,33.78,5,OK,0.1
2026-02-19T10:23:23.811Z,3,20.27,6,OK,0.1
2026-02-19T10:23:23.861Z,3,20.37,7,OK,0.1
2026-02-19T10:23:23.911Z,3,20.36,8,OK,0.1
2026-02-19T10:23:24.035Z,6,20.39,9,OK,0.1
2026-02-19T10:23:24.144Z,9,38.07,7,SATURATED,0.1
2026-02-19T10:23:24.194Z,3,38.14,5,OK,0.1
2026-02-19T10:23:24.244Z,3,38.12,5,OK,0.1
2026-02-19T10:23:24.294Z,3,38.11,5,OK,0.1
2026-02-19T10:23:24.344Z,4,38.03,5,OK,0.1
2026-02-19T10:23:24.476Z,5,41.57,5,SATURATED,0.1
2026-02-19T10:23:24.526Z,3,41.51,5,OK,0.1
2026-02-19T10:23:24.683Z,3,41.50,5,OK,0.1
2026-02-19T10:23:24.812Z,3,50.33,5,OK,0.1
2026-02-19T10:23:24.862Z,4,50.36,5,OK,0.1
2026-02-19T10:23:24.913Z,4,29.11,5,OK,0.1
2026-02-19T10:23:24.963Z,4,29.10,5,OK,0.1
2026-02-19T10:23:25.013Z,4,29.10,5,OK,0.1
2026-02-19T10:23:25.064Z,4,20.28,6,OK,0.1
2026-02-19T10:23:25.115Z,4,20.27,7,OK,0.1
2026-02-19T10:23:25.165Z,7,21.15,8,OK,0.1
2026-02-19T10:23:25.215Z,5,21.16,9,OK,0.1
2026-02-19T10:23:25.265Z,5,21.17,10,OK,0.1
2026-02-19T10:23:25.315Z,5,21.19,11,OK,0.1
2026-02-19T10:23:25.365Z,4,21.09,12,OK,0.1
2026-02-19T10:23:25.415Z,4,20.18,13,OK,0.1
2026-02-19T10:23:25.465Z,4,19.96,14,OK,0.1
2026-02-19T10:23:25.564Z,7,35.03,12,OK,0.1
2026-02-19T10:23:25.673Z,12,42.93,10,SATURATED,0.1
2026-02-19T10:23:25.789Z,4,52.20,7,OK,0.1
2026-02-19T10:23:25.839Z,4,52.25,5,OK,0.1
2026-02-19T10:23:25.890Z,5,52.47,5,SATURATED,0.1
2026-02-19T10:23:25.940Z,5,37.45,5,SATURATED,0.1
2026-02-19T10:23:25.991Z,5,29.51,5,SATURATED,0.1
2026-02-19T10:23:26.041Z,5,20.36,6,OK,0.1
2026-02-19T10:23:26.092Z,5,20.36,7,OK,0.1
2026-02-19T10:23:26.144Z,7,20.47,8,OK,0.1
2026-02-19T10:23:26.286Z,8,34.78,7,SATURATED,0.1
2026-02-19T10:23:26.426Z,7,48.72,5,SATURATED,0.1
2026-02-19T10:23:26.477Z,5,48.72,5,SATURATED,0.1
2026-02-19T10:23:26.527Z,5,48.70,5,SATURATED,0.1
2026-02-19T10:23:26.577Z,5,48.47,5,SATURATED,0.1
2026-02-19T10:23:26.627Z,5,34.11,5,SATURATED,0.1
2026-02-19T10:23:26.677Z,5,20.18,6,OK,0.1
2026-02-19T10:23:26.727Z,5,20.17,7,OK,0.1
2026-02-19T10:23:26.777Z,5,20.14,8,OK,0.1
2026-02-19T10:23:26.910Z,4,20.36,9,OK,0.1
2026-02-19T10:23:26.960Z,4,20.38,10,OK,0.1
2026-02-19T10:23:27.010Z,4,20.38,11,OK,0.1
2026-02-19T10:23:27.060Z,5,20.39,12,OK,0.1
2026-02-19T10:23:27.111Z,5,20.41,13,OK,0.1
2026-02-19T10:23:27.162Z,7,20.31,14,OK,0.1
2026-02-19T10:23:27.211Z,7,20.32,15,OK,0.1
2026-02-19T10:23:27.263Z,7,20.30,16,OK,0.1
2026-02-19T10:23:27.365Z,15,34.82,15,SATURATED,0.1
2026-02-19T10:23:27.679Z,15,34.95,14,SATURATED,0.1
2026-02-19T10:23:27.821Z,10,37.67,12,OK,0.1
2026-02-19T10:23:27.871Z,6,37.63,10,OK,0.1
2026-02-19T10:23:28.003Z,6,37.65,8,OK,0.1
2026-02-19T10:23:28.142Z,6,23.06,9,OK,0.1
2026-02-19T10:23:28.240Z,8,38.44,7,SATURATED,0.1
2026-02-19T10:23:28.291Z,5,35.73,5,SATURATED,0.1
2026-02-19T10:23:28.342Z,5,35.78,5,SATURATED,0.1
2026-02-19T10:23:28.392Z,5,35.79,5,SATURATED,0.1
2026-02-19T10:23:28.442Z,5,35.86,5,SATURATED,0.1
2026-02-19T10:23:28.492Z,5,20.37,6,OK,0.1
2026-02-19T10:23:28.542Z,5,20.36,7,OK,0.1
2026-02-19T10:23:28.592Z,5,20.22,8,OK,0.1
2026-02-19T10:23:28.642Z,5,20.20,9,OK,0.1
2026-02-19T10:23:28.763Z,5,27.70,8,OK,0.1
2026-02-19T10:23:28.877Z,8,36.42,6,SATURATED,0.1
2026-02-19T10:23:28.927Z,6,36.41,5,SATURATED,0.1
2026-02-19T10:23:28.978Z,6,36.54,5,SATURATED,0.1
2026-02-19T10:23:29.029Z,6,36.64,5,SATURATED,0.1
2026-02-19T10:23:29.078Z,5,29.09,5,SATURATED,0.1
2026-02-19T10:23:29.130Z,5,20.37,6,OK,0.1
2026-02-19T10:23:29.222Z,5,24.90,7,OK,0.1
2026-02-19T10:23:29.272Z,3,25.03,6,OK,0.1
2026-02-19T10:23:29.323Z,2,24.94,7,OK,0.1
2026-02-19T10:23:29.450Z,7,25.03,6,SATURATED,0.1
2026-02-19T10:23:29.500Z,3,25.03,5,OK,0.1
2026-02-19T10:23:29.550Z,3,20.53,6,OK,0.1
2026-02-19T10:23:29.600Z,3,20.42,7,OK,0.1
2026-02-19T10:23:29.651Z,3,20.40,8,OK,0.1
2026-02-19T10:23:29.701Z,4,20.35,9,OK,0.1
2026-02-19T10:23:29.751Z,4,20.32,10,OK,0.1
2026-02-19T10:23:29.839Z,5,33.19,9,OK,0.1
2026-02-19T10:23:29.933Z,9,37.92,7,SATURATED,0.1
2026-02-19T10:23:30.074Z,7,61.96,5,SATURATED,0.1
2026-02-19T10:23:30.124Z,6,61.98,5,SATURATED,0.1
2026-02-19T10:23:30.174Z,6,61.99,5,SATURATED,0.1
2026-02-19T10:23:30.225Z,6,49.10,5,SATURATED,0.1
2026-02-19T10:23:30.275Z,6,44.59,5,SATURATED,0.1
2026-02-19T10:23:30.325Z,6,20.56,6,SATURATED,0.1
2026-02-19T10:23:30.375Z,6,20.52,7,OK,0.1
2026-02-19T10:23:30.425Z,6,20.52,8,OK,0.1
2026-02-19T10:23:30.532Z,6,34.64,7,OK,0.1
2026-02-19T10:23:30.582Z,6,34.43,6,SATURATED,0.1
2026-02-19T10:23:30.633Z,6,34.41,5,SATURATED,0.1
2026-02-19T10:23:30.683Z,6,34.47,5,SATURATED,0.1
2026-02-19T10:23:30.733Z,6,34.44,5,SATURATED,0.1
2026-02-19T10:23:30.783Z,5,20.38,6,OK,0.1
2026-02-19T10:23:30.834Z,5,20.36,7,OK,0.1
2026-02-19T10:23:30.930Z,6,34.77,6,SATURATED,0.1
2026-02-19T10:23:30.980Z,6,34.53,5,SATURATED,0.1
2026-02-19T10:23:31.030Z,6,34.63,5,SATURATED,0.1
2026-02-19T10:23:31.082Z,6,35.63,5,SATURATED,0.1
2026-02-19T10:23:31.132Z,6,35.63,5,SATURATED,0.1
2026-02-19T10:23:31.182Z,6,21.28,6,SATURATED,0.1
2026-02-19T10:23:31.232Z,6,21.50,7,OK,0.1
2026-02-19T10:23:31.333Z,7,35.48,5,SATURATED,0.1
2026-02-19T10:23:31.384Z,4,34.45,5,OK,0.1
2026-02-19T10:23:31.434Z,4,34.45,5,OK,0.1
2026-02-19T10:23:31.484Z,4,34.45,5,OK,0.1
2026-02-19T10:23:31.535Z,4,34.48,5,OK,0.1
2026-02-19T10:23:31.585Z,4,20.39,6,OK,0.1
2026-02-19T10:23:31.635Z,4,20.42,7,OK,0.1
2026-02-19T10:23:31.685Z,4,20.42,8,OK,0.1
2026-02-19T10:23:31.736Z,3,20.34,9,OK,0.1
2026-02-19T10:23:31.786Z,3,20.33,10,OK,0.1
2026-02-19T10:23:31.837Z,3,20.37,11,OK,0.1
2026-02-19T10:23:31.887Z,1,20.35,12,OK,0.1
2026-02-19T10:23:31.937Z,4,20.41,13,OK,0.1
2026-02-19T10:23:32.018Z,7,22.60,14,OK,0.1
2026-02-19T10:23:32.147Z,9,31.36,13,OK,0.1
2026-02-19T10:23:32.197Z,4,27.28,12,OK,0.1
2026-02-19T10:23:32.249Z,5,27.19,11,OK,0.1
2026-02-19T10:23:32.299Z,5,27.12,10,OK,0.1
2026-02-19T10:23:32.416Z,6,32.48,9,OK,0.1
2026-02-19T10:23:32.518Z,9,30.04,8,SATURATED,0.1
2026-02-19T10:23:32.568Z,5,33.92,7,OK,0.1
2026-02-19T10:23:32.618Z,5,33.96,6,OK,0.1
2026-02-19T10:23:32.668Z,5,34.03,5,SATURATED,0.1
2026-02-19T10:23:32.719Z,5,26.59,5,SATURATED,0.1
2026-02-19T10:23:32.769Z,5,20.29,6,OK,0.1
2026-02-19T10:23:32.850Z,5,22.62,7,OK,0.1
2026-02-19T10:23:32.900Z,5,22.62,8,OK,0.1
2026-02-19T10:23:32.950Z,4,22.59,9,OK,0.1
2026-02-19T10:23:33.000Z,4,22.54,10,OK,0.1
2026-02-19T10:23:33.101Z,4,36.48,8,OK,0.1
2026-02-19T10:23:33.198Z,8,39.68,6,SATURATED,0.1
2026-02-19T10:23:33.248Z,5,35.60,5,SATURATED,0.1
2026-02-19T10:23:33.298Z,5,35.64,5,SATURATED,0.1
2026-02-19T10:23:33.348Z,5,35.47,5,SATURATED,0.1
2026-02-19T10:23:33.398Z,5,21.48,6,OK,0.1
2026-02-19T10:23:33.448Z,5,16.15,7,OK,0.1
2026-02-19T10:23:33.498Z,5,20.20,8,OK,0.1
2026-02-19T10:23:33.548Z,7,20.19,9,OK,0.1
2026-02-19T10:23:33.599Z,5,20.36,10,OK,0.1
2026-02-19T10:23:33.679Z,7,22.30,11,OK,0.1
2026-02-19T10:23:33.729Z,5,22.14,12,OK,0.1
2026-02-19T10:23:33.779Z,5,22.17,13,OK,0.1
2026-02-19T10:23:33.831Z,5,22.12,14,OK,0.1
2026-02-19T10:23:33.881Z,6,22.05,15,OK,0.1
2026-02-19T10:23:33.932Z,6,20.08,16,OK,0.1
2026-02-19T10:23:33.982Z,5,20.24,17,OK,0.1
2026-02-19T10:23:34.032Z,5,20.23,18,OK,0.1
2026-02-19T10:23:34.082Z,3,20.14,19,OK,0.1
2026-02-19T10:23:34.181Z,3,25.96,18,OK,0.1
2026-02-19T10:23:34.282Z,7,32.32,17,OK,0.1
2026-02-19T10:23:34.332Z,4,32.19,16,OK,0.1
2026-02-19T10:23:34.382Z,4,32.17,15,OK,0.1
2026-02-19T10:23:34.431Z,4,32.29,14,OK,0.1
2026-02-19T10:23:34.482Z,4,26.54,13,OK,0.1
2026-02-19T10:23:34.595Z,6,20.22,14,OK,0.1
2026-02-19T10:23:34.683Z,14,33.81,13,SATURATED,0.1
2026-02-19T10:23:34.765Z,9,36.36,11,OK,0.1
2026-02-19T10:23:34.815Z,7,36.27,9,OK,0.1
2026-02-19T10:23:34.937Z,7,36.29,7,SATURATED,0.1
2026-02-19T10:23:34.987Z,7,36.27,5,SATURATED,0.1
2026-02-19T10:23:35.037Z,7,22.85,6,SATURATED,0.1
2026-02-19T10:23:35.088Z,7,20.37,7,SATURATED,0.1
2026-02-19T10:23:35.138Z,7,20.41,8,OK,0.1
2026-02-19T10:23:35.188Z,7,20.37,9,OK,0.1
2026-02-19T10:23:35.238Z,7,20.34,10,OK,0.1
2026-02-19T10:23:35.287Z,7,20.33,11,OK,0.1
2026-02-19T10:23:35.338Z,11,21.36,12,OK,0.1
2026-02-19T10:23:35.390Z,6,21.36,13,OK,0.1
2026-02-19T10:23:35.441Z,6,21.43,14,OK,0.1
2026-02-19T10:23:35.491Z,6,21.45,15,OK,0.1
2026-02-19T10:23:35.541Z,6,21.36,16,OK,0.1
2026-02-19T10:23:35.591Z,6,20.26,17,OK,0.1
2026-02-19T10:23:35.641Z,6,20.23,18,OK,0.1
2026-02-19T10:23:35.701Z,18,20.14,19,OK,0.1
2026-02-19T10:23:35.806Z,10,27.09,18,OK,0.1
2026-02-19T10:23:35.902Z,11,32.28,17,OK,0.1
2026-02-19T10:23:35.953Z,8,32.27,16,OK,0.1
2026-02-19T10:23:36.002Z,8,32.35,15,OK,0.1
2026-02-19T10:23:36.053Z,8,32.42,14,OK,0.1
2026-02-19T10:23:36.103Z,9,25.47,13,OK,0.1
2026-02-19T10:23:36.153Z,9,20.39,14,OK,0.1
2026-02-19T10:23:36.203Z,7,20.41,15,OK,0.1
2026-02-19T10:23:36.253Z,7,20.38,16,OK,0.1
2026-02-19T10:23:36.367Z,7,36.59,14,OK,0.1
2026-02-19T10:23:36.417Z,7,36.74,12,OK,0.1
2026-02-19T10:23:36.468Z,7,36.65,10,OK,0.1
2026-02-19T10:23:36.518Z,7,36.66,8,OK,0.1
2026-02-19T10:23:36.568Z,7,36.69,6,SATURATED,0.1
2026-02-19T10:23:36.618Z,5,20.42,7,OK,0.1
2026-02-19T10:23:36.668Z,5,20.32,8,OK,0.1
2026-02-19T10:23:36.852Z,7,43.09,6,SATURATED,0.1
2026-02-19T10:23:36.902Z,6,43.14,5,SATURATED,0.1
2026-02-19T10:23:36.953Z,5,43.09,5,SATURATED,0.1
2026-02-19T10:23:37.004Z,5,43.18,5,SATURATED,0.1
2026-02-19T10:23:37.054Z,5,43.12,5,SATURATED,0.1
2026-02-19T10:23:37.105Z,5,20.37,6,OK,0.1
2026-02-19T10:23:37.155Z,5,20.32,7,OK,0.1
2026-02-19T10:23:37.205Z,6,20.36,8,OK,0.1
2026-02-19T10:23:37.327Z,6,20.29,9,OK,0.1
2026-02-19T10:23:37.377Z,9,20.34,10,OK,0.1
2026-02-19T10:23:37.679Z,10,66.69,5,SATURATED,0.1
2026-02-19T10:23:37.730Z,7,66.57,5,SATURATED,0.1
2026-02-19T10:23:37.780Z,7,66.53,5,SATURATED,0.1
2026-02-19T10:23:37.830Z,7,66.53,5,SATURATED,0.1
2026-02-19T10:23:37.881Z,7,66.92,5,SATURATED,0.1
2026-02-19T10:23:37.931Z,7,20.59,6,SATURATED,0.1
2026-02-19T10:23:38.054Z,6,38.29,5,SATURATED,0.1
2026-02-19T10:23:38.105Z,3,38.29,5,OK,0.1
2026-02-19T10:23:38.155Z,3,38.31,5,OK,0.1
2026-02-19T10:23:38.204Z,4,37.92,5,OK,0.1
2026-02-19T10:23:38.255Z,4,37.89,5,OK,0.1
2026-02-19T10:23:38.305Z,4,20.29,6,OK,0.1
2026-02-19T10:23:38.356Z,4,20.20,7,OK,0.1
2026-02-19T10:23:38.407Z,4,20.28,8,OK,0.1
2026-02-19T10:23:38.457Z,4,20.24,9,OK,0.1
2026-02-19T10:23:38.507Z,4,20.19,10,OK,0.1
2026-02-19T10:23:38.557Z,4,20.21,11,OK,0.1
2026-02-19T10:23:38.607Z,5,20.27,12,OK,0.1
2026-02-19T10:23:38.658Z,5,20.22,13,OK,0.1
2026-02-19T10:23:38.757Z,7,35.16,11,OK,0.1
2026-02-19T10:23:38.808Z,6,31.36,10,OK,0.1
2026-02-19T10:23:38.858Z,9,31.38,9,SATURATED,0.1
2026-02-19T10:23:38.976Z,9,48.49,6,SATURATED,0.1
2026-02-19T10:23:39.026Z,7,48.52,5,SATURATED,0.1
2026-02-19T10:23:39.077Z,7,33.58,5,SATURATED,0.1
2026-02-19T10:23:39.127Z,7,37.43,5,SATURATED,0.1
2026-02-19T10:23:39.177Z,7,37.40,5,SATURATED,0.1
2026-02-19T10:23:39.227Z,6,20.40,6,SATURATED,0.1
2026-02-19T10:23:39.276Z,6,20.33,7,OK,0.1
2026-02-19T10:23:39.327Z,6,20.33,8,OK,0.1
2026-02-19T10:23:39.377Z,7,20.32,9,OK,0.1
2026-02-19T10:23:39.428Z,7,20.38,10,OK,0.1
2026-02-19T10:23:39.477Z,7,20.29,11,OK,0.1
2026-02-19T10:23:39.527Z,7,20.30,12,OK,0.1
2026-02-19T10:23:39.578Z,7,20.29,13,OK,0.1
2026-02-19T10:23:39.629Z,7,20.29,14,OK,0.1
2026-02-19T10:23:39.680Z,6,20.22,15,OK,0.1
2026-02-19T10:23:39.731Z,6,20.21,16,OK,0.1
2026-02-19T10:23:39.930Z,7,53.07,13,OK,0.1
2026-02-19T10:23:40.113Z,13,75.64,7,SATURATED,0.1
2026-02-19T10:23:40.164Z,7,75.65,5,SATURATED,0.1
2026-02-19T10:23:40.213Z,6,75.67,5,SATURATED,0.1
2026-02-19T10:23:40.264Z,6,75.70,5,SATURATED,0.1
2026-02-19T10:23:40.314Z,6,42.81,5,SATURATED,0.1
2026-02-19T10:23:40.365Z,6,20.28,6,SATURATED,0.1
2026-02-19T10:23:40.415Z,6,20.62,7,OK,0.1
2026-02-19T10:23:40.467Z,6,20.65,8,OK,0.1
2026-02-19T10:23:40.518Z,6,20.58,9,OK,0.1
2026-02-19T10:23:40.568Z,6,20.61,10,OK,0.1
2026-02-19T10:23:40.618Z,5,20.60,11,OK,0.1
2026-02-19T10:23:40.669Z,5,20.23,12,OK,0.1
2026-02-19T10:23:40.720Z,4,20.05,13,OK,0.1
2026-02-19T10:23:40.770Z,4,20.13,14,OK,0.1
2026-02-19T10:23:40.821Z,4,20.16,15,OK,0.1
2026-02-19T10:23:40.872Z,3,20.13,16,OK,0.1
2026-02-19T10:23:40.922Z,3,20.14,17,OK,0.1
2026-02-19T10:23:40.973Z,2,20.33,18,OK,0.1
2026-02-19T10:23:41.022Z,2,20.20,19,OK,0.1
2026-02-19T10:23:41.072Z,2,20.18,20,OK,0.1
2026-02-19T10:23:41.250Z,16,41.74,18,OK,0.1
2026-02-19T10:23:41.299Z,6,37.68,16,OK,0.1
2026-02-19T10:23:41.350Z,7,37.66,14,OK,0.1
2026-02-19T10:23:41.475Z,7,37.68,12,OK,0.1
2026-02-19T10:23:41.525Z,10,37.61,10,SATURATED,0.1
2026-02-19T10:23:41.576Z,10,16.14,11,OK,0.1
2026-02-19T10:23:41.626Z,10,19.99,12,OK,0.1
2026-02-19T10:23:41.676Z,10,19.91,13,OK,0.1
2026-02-19T10:23:41.726Z,10,20.02,14,OK,0.1
2026-02-19T10:23:41.777Z,9,20.06,15,OK,0.1
2026-02-19T10:23:41.827Z,9,20.00,16,OK,0.1
2026-02-19T10:23:41.878Z,10,20.30,17,OK,0.1
2026-02-19T10:23:41.929Z,10,20.38,18,OK,0.1
2026-02-19T10:23:41.978Z,11,20.40,19,OK,0.1
2026-02-19T10:23:42.029Z,10,20.43,20,OK,0.1
2026-02-19T10:23:42.079Z,11,20.46,21,OK,0.1
2026-02-19T10:23:42.128Z,11,20.39,22,OK,0.1
2026-02-19T10:23:42.239Z,12,35.13,20,OK,0.1
2026-02-19T10:23:42.354Z,20,48.71,17,SATURATED,0.1
2026-02-19T10:23:42.405Z,12,48.58,14,OK,0.1
2026-02-19T10:23:42.455Z,12,48.52,11,SATURATED,0.1
2026-02-19T10:23:42.504Z,12,48.52,8,SATURATED,0.1
2026-02-19T10:23:42.555Z,12,33.76,7,SATURATED,0.1
2026-02-19T10:23:42.605Z,12,20.11,8,SATURATED,0.1
2026-02-19T10:23:42.656Z,12,20.22,9,SATURATED,0.1
2026-02-19T10:23:42.705Z,12,20.29,10,SATURATED,0.1
2026-02-19T10:23:42.756Z,12,20.29,11,SATURATED,0.1
2026-02-19T10:23:42.807Z,12,20.33,12,SATURATED,0.1
2026-02-19T10:23:42.857Z,12,20.32,13,OK,0.1
2026-02-19T10:23:42.908Z,12,20.29,14,OK,0.1
2026-02-19T10:23:42.957Z,12,20.16,15,OK,0.1
2026-02-19T10:23:43.008Z,12,20.19,16,OK,0.1
2026-02-19T10:23:43.059Z,12,20.23,17,OK,0.1
2026-02-19T10:23:43.110Z,11,20.23,18,OK,0.1
2026-02-19T10:23:43.160Z,11,20.33,19,OK,0.1
2026-02-19T10:23:43.210Z,10,20.45,20,OK,0.1
2026-02-19T10:23:43.260Z,12,20.36,21,OK,0.1
2026-02-19T10:23:43.347Z,11,23.64,22,OK,0.1
2026-02-19T10:23:43.440Z,18,28.25,21,OK,0.1
2026-02-19T10:23:43.494Z,19,32.56,20,OK,0.1
2026-02-19T10:23:43.588Z,7,37.27,18,OK,0.1
2026-02-19T10:23:43.638Z,5,37.30,16,OK,0.1
2026-02-19T10:23:43.688Z,6,33.94,15,OK,0.1
2026-02-19T10:23:43.738Z,6,29.40,14,OK,0.1
2026-02-19T10:23:43.788Z,6,24.96,15,OK,0.1
2026-02-19T10:23:43.839Z,6,20.23,16,OK,0.1
2026-02-19T10:23:43.890Z,5,20.24,17,OK,0.1
2026-02-19T10:23:43.940Z,5,20.33,18,OK,0.1
2026-02-19T10:23:43.991Z,5,20.17,19,OK,0.1
2026-02-19T10:23:44.041Z,5,20.23,20,OK,0.1
2026-02-19T10:23:44.091Z,5,20.20,21,OK,0.1
2026-02-19T10:23:44.142Z,5,20.26,22,OK,0.1
2026-02-19T10:23:44.192Z,5,20.01,23,OK,0.1
2026-02-19T10:23:44.242Z,5,20.20,24,OK,0.1
2026-02-19T10:23:44.327Z,5,23.14,25,OK,0.1
2026-02-19T10:23:44.649Z,16,73.50,20,OK,0.1
2026-02-19T10:23:44.923Z,20,114.17,11,SATURATED,0.1
2026-02-19T10:23:45.050Z,8,131.43,5,SATURATED,0.4
2026-02-19T10:23:45.099Z,8,131.24,5,SATURATED,0.4
2026-02-19T10:23:45.150Z,8,128.31,5,SATURATED,0.4
2026-02-19T10:23:45.200Z,8,78.06,5,SATURATED,0.1
2026-02-19T10:23:45.251Z,7,37.29,5,SATURATED,0.1
2026-02-19T10:23:45.302Z,7,20.14,6,SATURATED,0.1
2026-02-19T10:23:45.352Z,7,20.38,7,SATURATED,0.1
2026-02-19T10:23:45.402Z,7,20.35,8,OK,0.1
2026-02-19T10:23:45.452Z,6,20.29,9,OK,0.1
2026-02-19T10:23:45.501Z,6,20.28,10,OK,0.1
2026-02-19T10:23:45.552Z,6,20.32,11,OK,0.1
2026-02-19T10:23:45.602Z,6,20.24,12,OK,0.1
2026-02-19T10:23:45.652Z,6,20.27,13,OK,0.1
2026-02-19T10:23:45.702Z,5,20.20,14,OK,0.1
2026-02-19T10:23:45.752Z,5,20.35,15,OK,0.1
2026-02-19T10:23:45.802Z,5,20.38,16,OK,0.1
2026-02-19T10:23:45.885Z,6,22.93,17,OK,0.1
2026-02-19T10:23:46.054Z,12,42.66,15,OK,0.1
2026-02-19T10:23:46.178Z,14,53.45,12,SATURATED,0.1
2026-02-19T10:23:46.227Z,7,53.36,9,OK,0.1
2026-02-19T10:23:46.278Z,7,53.31,6,SATURATED,0.1
2026-02-19T10:23:46.328Z,7,50.76,5,SATURATED,0.1
2026-02-19T10:23:46.377Z,7,31.00,5,SATURATED,0.1
2026-02-19T10:23:46.428Z,6,20.19,6,SATURATED,0.1
2026-02-19T10:23:46.478Z,6,20.10,7,OK,0.1
2026-02-19T10:23:46.529Z,6,20.17,8,OK,0.1
2026-02-19T10:23:46.579Z,5,20.18,9,OK,0.1
2026-02-19T10:23:46.629Z,5,20.18,10,OK,0.1
2026-02-19T10:23:46.680Z,6,20.16,11,OK,0.1
2026-02-19T10:23:46.730Z,6,20.11,12,OK,0.1
2026-02-19T10:23:46.780Z,6,20.07,13,OK,0.1
2026-02-19T10:23:46.831Z,6,20.07,14,OK,0.1
2026-02-19T10:23:46.882Z,6,20.12,15,OK,0.1
2026-02-19T10:23:46.978Z,9,35.15,13,OK,0.1
2026-02-19T10:23:47.029Z,7,35.12,11,OK,0.1
2026-02-19T10:23:47.094Z,11,35.02,9,SATURATED,0.1
2026-02-19T10:23:47.145Z,9,35.04,7,SATURATED,0.1
2026-02-19T10:23:47.194Z,9,35.08,5,SATURATED,0.1
2026-02-19T10:23:47.245Z,9,20.15,6,SATURATED,0.1
2026-02-19T10:23:47.295Z,9,20.31,7,SATURATED,0.1
2026-02-19T10:23:47.346Z,9,20.43,8,SATURATED,0.1
2026-02-19T10:23:47.397Z,9,20.43,9,SATURATED,0.1
2026-02-19T10:23:47.447Z,9,20.41,10,OK,0.1
2026-02-19T10:23:47.497Z,9,20.39,11,OK,0.1
2026-02-19T10:23:47.578Z,9,22.51,12,OK,0.1
2026-02-19T10:23:47.628Z,9,22.47,13,OK,0.1
2026-02-19T10:23:47.678Z,9,22.47,14,OK,0.1
2026-02-19T10:23:47.728Z,9,22.43,15,OK,0.1
2026-02-19T10:23:47.779Z,9,22.40,16,OK,0.1
2026-02-19T10:23:47.830Z,9,20.30,17,OK,0.1
2026-02-19T10:23:47.880Z,9,20.36,18,OK,0.1
2026-02-19T10:23:47.930Z,6,20.29,19,OK,0.1
2026-02-19T10:23:47.981Z,7,20.29,20,OK,0.1
2026-02-19T10:23:48.057Z,8,21.47,21,OK,0.1
2026-02-19T10:23:48.153Z,11,26.57,20,OK,0.1
2026-02-19T10:23:48.206Z,16,23.09,21,OK,0.1
2026-02-19T10:23:48.256Z,8,23.10,22,OK,0.1
2026-02-19T10:23:48.344Z,9,36.22,20,OK,0.1
2026-02-19T10:23:48.394Z,8,35.05,18,OK,0.1
2026-02-19T10:23:48.444Z,8,29.88,17,OK,0.1
2026-02-19T10:23:48.495Z,9,33.34,16,OK,0.1
2026-02-19T10:23:48.546Z,9,33.44,15,OK,0.1
2026-02-19T10:23:48.596Z,9,20.29,16,OK,0.1
2026-02-19T10:23:48.647Z,9,20.30,17,OK,0.1
2026-02-19T10:23:48.769Z,8,20.33,18,OK,0.1
2026-02-19T10:23:48.819Z,8,20.45,19,OK,0.1
2026-02-19T10:23:48.870Z,8,20.36,20,OK,0.1
2026-02-19T10:23:48.919Z,7,20.29,21,OK,0.1
2026-02-19T10:23:48.970Z,7,20.30,22,OK,0.1
2026-02-19T10:23:49.021Z,5,20.29,23,OK,0.1
2026-02-19T10:23:49.186Z,4,20.17,24,OK,0.1
2026-02-19T10:23:49.314Z,24,41.74,22,SATURATED,0.1
2026-02-19T10:23:49.450Z,17,54.97,19,OK,0.1
2026-02-19T10:23:49.562Z,13,63.32,15,OK,0.1
2026-02-19T10:23:49.612Z,8,63.30,11,OK,0.1
2026-02-19T10:23:49.661Z,8,63.30,7,SATURATED,0.1
2026-02-19T10:23:49.712Z,8,41.77,5,SATURATED,0.1
2026-02-19T10:23:49.763Z,8,28.62,5,SATURATED,0.1
2026-02-19T10:23:49.812Z,8,20.24,6,SATURATED,0.1
2026-02-19T10:23:49.863Z,8,20.31,7,SATURATED,0.1
2026-02-19T10:23:49.912Z,8,20.27,8,SATURATED,0.1
2026-02-19T10:23:49.963Z,8,20.23,9,OK,0.1
2026-02-19T10:23:50.013Z,8,20.22,10,OK,0.1
2026-02-19T10:23:50.063Z,8,20.27,11,OK,0.1
2026-02-19T10:23:50.112Z,8,20.24,12,OK,0.1
2026-02-19T10:23:50.163Z,8,20.32,13,OK,0.1
2026-02-19T10:23:50.212Z,6,20.20,14,OK,0.1
2026-02-19T10:23:50.262Z,6,20.20,15,OK,0.1
2026-02-19T10:23:50.466Z,13,20.29,16,OK,0.1
2026-02-19T10:23:50.517Z,8,23.08,17,OK,0.1
2026-02-19T10:23:50.569Z,12,23.07,18,OK,0.1
2026-02-19T10:23:50.619Z,8,23.16,19,OK,0.1
2026-02-19T10:23:50.669Z,8,23.18,20,OK,0.1
2026-02-19T10:23:50.719Z,8,23.06,21,OK,0.1
2026-02-19T10:23:50.769Z,8,20.28,22,OK,0.1
2026-02-19T10:23:50.820Z,8,20.24,23,OK,0.1
2026-02-19T10:23:50.869Z,8,20.35,24,OK,0.1
2026-02-19T10:23:50.978Z,11,34.17,23,OK,0.1
2026-02-19T10:23:51.029Z,8,34.21,22,OK,0.1
2026-02-19T10:23:51.079Z,9,34.21,21,OK,0.1
2026-02-19T10:23:51.130Z,9,34.23,20,OK,0.1
2026-02-19T10:23:51.180Z,9,34.18,19,OK,0.1
2026-02-19T10:23:51.230Z,6,20.46,20,OK,0.1
2026-02-19T10:23:51.281Z,6,20.48,21,OK,0.1
2026-02-19T10:23:51.371Z,5,33.50,20,OK,0.1
2026-02-19T10:23:51.455Z,5,36.23,18,OK,0.1
2026-02-19T10:23:51.549Z,5,50.92,15,OK,0.1
2026-02-19T10:23:51.801Z,15,87.15,8,SATURATED,0.1
2026-02-19T10:23:51.852Z,8,87.13,5,SATURATED,0.1
2026-02-19T10:23:51.903Z,8,74.10,5,SATURATED,0.1
2026-02-19T10:23:51.953Z,8,71.31,5,SATURATED,0.1
2026-02-19T10:23:52.003Z,8,56.58,5,SATURATED,0.1
2026-02-19T10:23:52.053Z,8,20.33,6,SATURATED,0.1
2026-02-19T10:23:52.104Z,8,20.21,7,SATURATED,0.1
2026-02-19T10:23:52.154Z,8,20.29,8,SATURATED,0.1
2026-02-19T10:23:52.204Z,8,20.33,9,OK,0.1
2026-02-19T10:23:52.255Z,8,20.38,10,OK,0.1
2026-02-19T10:23:52.305Z,6,20.28,11,OK,0.1
2026-02-19T10:23:52.356Z,6,20.37,12,OK,0.1
2026-02-19T10:23:52.406Z,6,20.25,13,OK,0.1
2026-02-19T10:23:52.456Z,6,20.25,14,OK,0.1
2026-02-19T10:23:52.535Z,6,21.98,15,OK,0.1
2026-02-19T10:23:52.678Z,7,36.53,13,OK,0.1
2026-02-19T10:23:52.797Z,8,46.28,10,OK,0.1
2026-02-19T10:23:52.852Z,10,43.25,8,SATURATED,0.1
2026-02-19T10:23:52.902Z,7,43.22,6,SATURATED,0.1
2026-02-19T10:23:52.952Z,7,41.46,5,SATURATED,0.1
2026-02-19T10:23:53.002Z,7,26.92,5,SATURATED,0.1
2026-02-19T10:23:53.052Z,7,17.18,6,SATURATED,0.1
2026-02-19T10:23:53.101Z,6,20.25,7,OK,0.1
2026-02-19T10:23:53.152Z,6,20.30,8,OK,0.1
2026-02-19T10:23:53.204Z,7,20.38,9,OK,0.1
2026-02-19T10:23:53.254Z,7,20.31,10,OK,0.1
2026-02-19T10:23:53.304Z,8,20.31,11,OK,0.1
2026-02-19T10:23:53.355Z,7,20.32,12,OK,0.1
2026-02-19T10:23:53.405Z,8,20.34,13,OK,0.1
2026-02-19T10:23:53.454Z,8,20.26,14,OK,0.1
2026-02-19T10:23:53.505Z,8,20.34,15,OK,0.1
2026-02-19T10:23:53.618Z,8,36.03,13,OK,0.1
2026-02-19T10:23:53.668Z,7,36.02,11,OK,0.1
2026-02-19T10:23:53.759Z,7,47.71,8,OK,0.1
2026-02-19T10:23:53.810Z,8,47.73,5,SATURATED,0.1
2026-02-19T10:23:53.862Z,5,47.88,5,SATURATED,0.1
2026-02-19T10:23:53.912Z,5,32.22,5,SATURATED,0.1
2026-02-19T10:23:53.962Z,5,32.21,5,SATURATED,0.1
2026-02-19T10:23:54.011Z,5,20.45,6,OK,0.1
2026-02-19T10:23:54.062Z,5,20.49,7,OK,0.1
2026-02-19T10:23:54.112Z,5,20.30,8,OK,0.1
2026-02-19T10:23:54.162Z,5,20.27,9,OK,0.1
2026-02-19T10:23:54.294Z,6,28.71,8,OK,0.1
2026-02-19T10:23:54.386Z,7,32.88,7,SATURATED,0.1
2026-02-19T10:23:54.436Z,5,32.84,6,OK,0.1
2026-02-19T10:23:54.486Z,5,32.87,5,SATURATED,0.1
2026-02-19T10:23:54.536Z,5,32.79,5,SATURATED,0.1
2026-02-19T10:23:54.586Z,5,24.35,6,OK,0.1
2026-02-19T10:23:54.635Z,6,20.23,7,OK,0.1
2026-02-19T10:23:54.686Z,6,20.26,8,OK,0.1
2026-02-19T10:23:54.736Z,6,20.28,9,OK,0.1
2026-02-19T10:23:54.786Z,6,20.43,10,OK,0.1
2026-02-19T10:23:54.838Z,10,20.66,11,OK,0.1
2026-02-19T10:23:54.935Z,11,25.97,10,SATURATED,0.1
2026-02-19T10:23:54.986Z,10,25.92,9,SATURATED,0.1
2026-02-19T10:23:55.036Z,10,25.93,8,SATURATED,0.1
2026-02-19T10:23:55.087Z,10,25.88,7,SATURATED,0.1
2026-02-19T10:23:55.137Z,10,25.67,6,SATURATED,0.1
2026-02-19T10:23:55.188Z,10,20.36,7,SATURATED,0.1
2026-02-19T10:23:55.239Z,9,20.33,8,SATURATED,0.1
2026-02-19T10:23:55.289Z,9,20.33,9,SATURATED,0.1
2026-02-19T10:23:55.340Z,9,20.37,10,OK,0.1
2026-02-19T10:23:55.390Z,9,20.54,11,OK,0.1
2026-02-19T10:23:55.441Z,9,20.50,12,OK,0.1
2026-02-19T10:23:55.490Z,9,20.59,13,OK,0.1
2026-02-19T10:23:55.541Z,9,20.56,14,OK,0.1
2026-02-19T10:23:55.591Z,9,20.54,15,OK,0.1
2026-02-19T10:23:55.641Z,9,20.38,16,OK,0.1
2026-02-19T10:23:55.692Z,9,20.47,17,OK,0.1
2026-02-19T10:23:55.742Z,9,20.45,18,OK,0.1
2026-02-19T10:23:55.792Z,10,20.51,19,OK,0.1
2026-02-19T10:23:55.895Z,10,33.64,18,OK,0.1
2026-02-19T10:23:56.021Z,11,33.63,17,OK,0.1
2026-02-19T10:23:56.070Z,9,33.48,16,OK,0.1
2026-02-19T10:23:56.121Z,9,33.40,15,OK,0.1
2026-02-19T10:23:56.172Z,9,33.37,14,OK,0.1
2026-02-19T10:23:56.301Z,9,20.22,15,OK,0.1
2026-02-19T10:23:56.351Z,9,20.23,16,OK,0.1
2026-02-19T10:23:56.478Z,9,20.27,17,OK,0.1
2026-02-19T10:23:56.528Z,8,20.27,18,OK,0.1
2026-02-19T10:23:56.578Z,8,20.26,19,OK,0.1
2026-02-19T10:23:56.629Z,7,20.27,20,OK,0.1
2026-02-19T10:23:56.679Z,7,20.27,21,OK,0.1
2026-02-19T10:23:56.730Z,7,20.30,22,OK,0.1
2026-02-19T10:23:56.781Z,7,20.41,23,OK,0.1
2026-02-19T10:23:56.899Z,7,20.37,24,OK,0.1
2026-02-19T10:23:57.082Z,24,52.85,21,SATURATED,0.1
2026-02-19T10:23:57.275Z,20,77.39,15,SATURATED,0.1
2026-02-19T10:23:57.326Z,7,77.35,9,OK,0.1
2026-02-19T10:23:57.376Z,7,77.33,5,SATURATED,0.1
2026-02-19T10:23:57.427Z,6,77.34,5,SATURATED,0.1
2026-02-19T10:23:57.477Z,6,44.81,5,SATURATED,0.1
2026-02-19T10:23:57.528Z,6,20.26,6,SATURATED,0.1
2026-02-19T10:23:57.580Z,6,20.24,7,OK,0.1
2026-02-19T10:23:57.630Z,7,20.26,8,OK,0.1
2026-02-19T10:23:57.680Z,6,20.38,9,OK,0.1
2026-02-19T10:23:57.731Z,6,20.39,10,OK,0.1
2026-02-19T10:23:57.781Z,5,20.40,11,OK,0.1
2026-02-19T10:23:57.855Z,5,31.09,10,OK,0.1
2026-02-19T10:23:58.018Z,10,49.79,7,SATURATED,0.1
2026-02-19T10:23:58.068Z,6,49.67,5,SATURATED,0.1
2026-02-19T10:23:58.119Z,6,50.13,5,SATURATED,0.1
2026-02-19T10:23:58.169Z,6,50.13,5,SATURATED,0.1
2026-02-19T10:23:58.218Z,6,39.49,5,SATURATED,0.1
2026-02-19T10:23:58.269Z,6,20.65,6,SATURATED,0.1
2026-02-19T10:23:58.319Z,6,20.68,7,OK,0.1
2026-02-19T10:23:58.370Z,6,20.21,8,OK,0.1
2026-02-19T10:23:58.476Z,6,33.69,7,OK,0.1
2026-02-19T10:23:58.527Z,6,33.64,6,SATURATED,0.1
2026-02-19T10:23:58.577Z,6,33.78,5,SATURATED,0.1
2026-02-19T10:23:58.628Z,6,33.77,5,SATURATED,0.1
2026-02-19T10:23:58.677Z,6,33.82,5,SATURATED,0.1
2026-02-19T10:23:58.728Z,6,20.32,6,SATURATED,0.1
2026-02-19T10:23:58.779Z,6,20.38,7,OK,0.1
2026-02-19T10:23:58.829Z,6,20.30,8,OK,0.1
2026-02-19T10:23:58.880Z,6,20.39,9,OK,0.1
2026-02-19T10:23:58.930Z,4,20.38,10,OK,0.1
2026-02-19T10:23:58.981Z,4,20.31,11,OK,0.1
2026-02-19T10:23:59.106Z,8,20.25,12,OK,0.1
2026-02-19T10:23:59.156Z,6,20.50,13,OK,0.1
2026-02-19T10:23:59.206Z,6,20.40,14,OK,0.1
2026-02-19T10:23:59.257Z,6,20.36,15,OK,0.1
2026-02-19T10:23:59.464Z,10,55.14,11,OK,0.1
2026-02-19T10:23:59.515Z,6,51.33,8,OK,0.1
2026-02-19T10:23:59.568Z,6,51.03,5,SATURATED,0.1
2026-02-19T10:23:59.618Z,6,51.05,5,SATURATED,0.1
2026-02-19T10:23:59.668Z,6,51.00,5,SATURATED,0.1
2026-02-19T10:23:59.719Z,6,16.27,6,SATURATED,0.1
2026-02-19T10:23:59.769Z,6,20.14,7,OK,0.1
2026-02-19T10:23:59.819Z,7,20.08,8,OK,0.1
2026-02-19T10:23:59.868Z,7,20.06,9,OK,0.1
2026-02-19T10:23:59.918Z,8,20.09,10,OK,0.1
2026-02-19T10:23:59.968Z,7,19.97,11,OK,0.1
2026-02-19T10:24:00.019Z,8,19.95,12,OK,0.1
2026-02-19T10:24:00.068Z,8,20.13,13,OK,0.1
2026-02-19T10:24:00.351Z,10,62.67,9,SATURATED,0.1
2026-02-19T10:24:00.401Z,9,62.82,5,SATURATED,0.1
2026-02-19T10:24:00.452Z,9,62.96,5,SATURATED,0.1
2026-02-19T10:24:00.502Z,9,62.92,5,SATURATED,0.1
2026-02-19T10:24:00.553Z,9,62.94,5,SATURATED,0.1
2026-02-19T10:24:00.604Z,9,20.38,6,SATURATED,0.1
2026-02-19T10:24:00.654Z,9,20.28,7,SATURATED,0.1
2026-02-19T10:24:00.703Z,9,20.24,8,SATURATED,0.1
2026-02-19T10:24:00.754Z,9,20.30,9,SATURATED,0.1
2026-02-19T10:24:00.803Z,9,20.16,10,OK,0.1
2026-02-19T10:24:00.854Z,9,20.19,11,OK,0.1
2026-02-19T10:24:00.904Z,9,20.18,12,OK,0.1
2026-02-19T10:24:00.954Z,9,20.21,13,OK,0.1
2026-02-19T10:24:01.005Z,10,20.27,14,OK,0.1
2026-02-19T10:24:01.055Z,8,20.37,15,OK,0.1
2026-02-19T10:24:01.106Z,8,20.36,16,OK,0.1
2026-02-19T10:24:01.156Z,5,20.27,17,OK,0.1
2026-02-19T10:24:01.207Z,5,20.28,18,OK,0.1
2026-02-19T10:24:01.257Z,5,20.23,19,OK,0.1
2026-02-19T10:24:01.307Z,4,20.20,20,OK,0.1
2026-02-19T10:24:01.435Z,13,20.23,21,OK,0.1
2026-02-19T10:24:01.534Z,14,36.10,19,OK,0.1
2026-02-19T10:24:01.648Z,19,44.83,17,SATURATED,0.1
2026-02-19T10:24:01.697Z,6,44.77,15,OK,0.1
2026-02-19T10:24:01.748Z,6,44.80,13,OK,0.1
2026-02-19T10:24:01.797Z,5,44.82,11,OK,0.1
2026-02-19T10:24:01.848Z,5,29.06,10,OK,0.1
2026-02-19T10:24:01.899Z,6,20.31,11,OK,0.1
2026-02-19T10:24:01.949Z,6,20.42,12,OK,0.1
2026-02-19T10:24:01.999Z,5,20.40,13,OK,0.1
2026-02-19T10:24:02.084Z,5,23.30,14,OK,0.1
2026-02-19T10:24:02.204Z,4,23.23,15,OK,0.1
2026-02-19T10:24:02.307Z,4,39.65,13,OK,0.1
2026-02-19T10:24:02.358Z,5,39.58,11,OK,0.1
2026-02-19T10:24:02.494Z,5,39.58,9,OK,0.1
2026-02-19T10:24:02.594Z,8,52.54,6,SATURATED,0.1
2026-02-19T10:24:02.725Z,6,64.73,5,SATURATED,0.1
2026-02-19T10:24:02.775Z,5,48.20,5,SATURATED,0.1
2026-02-19T10:24:02.825Z,5,48.16,5,SATURATED,0.1
2026-02-19T10:24:02.876Z,5,48.15,5,SATURATED,0.1
2026-02-19T10:24:02.926Z,5,32.28,5,SATURATED,0.1
2026-02-19T10:24:02.976Z,5,20.14,6,OK,0.1
2026-02-19T10:24:03.026Z,5,20.27,7,OK,0.1
2026-02-19T10:24:03.076Z,5,20.34,8,OK,0.1
2026-02-19T10:24:03.177Z,5,26.34,7,OK,0.1
2026-02-19T10:24:03.227Z,6,26.11,6,SATURATED,0.1
2026-02-19T10:24:03.277Z,6,26.14,5,SATURATED,0.1
2026-02-19T10:24:03.327Z,6,26.06,5,SATURATED,0.1
2026-02-19T10:24:03.377Z,6,26.07,5,SATURATED,0.1
2026-02-19T10:24:03.428Z,6,20.05,6,SATURATED,0.1
2026-02-19T10:24:03.478Z,6,20.27,7,OK,0.1
2026-02-19T10:24:03.529Z,6,20.42,8,OK,0.1
2026-02-19T10:24:03.579Z,6,20.48,9,OK,0.1
2026-02-19T10:24:03.680Z,6,26.28,8,OK,0.1
2026-02-19T10:24:03.786Z,5,39.59,6,OK,0.1
2026-02-19T10:24:03.913Z,6,50.91,5,SATURATED,0.1
2026-02-19T10:24:03.963Z,3,50.51,5,OK,0.1
2026-02-19T10:24:04.096Z,4,58.77,5,OK,0.1
2026-02-19T10:24:04.203Z,3,60.28,5,OK,0.1
2026-02-19T10:24:04.320Z,5,56.35,5,SATURATED,0.1
2026-02-19T10:24:04.371Z,3,44.97,5,OK,0.1
2026-02-19T10:24:04.421Z,3,45.16,5,OK,0.1
2026-02-19T10:24:04.472Z,3,36.89,5,OK,0.1
2026-02-19T10:24:04.523Z,3,29.59,5,OK,0.1
2026-02-19T10:24:04.573Z,3,20.22,6,OK,0.1
2026-02-19T10:24:04.624Z,3,20.26,7,OK,0.1
2026-02-19T10:24:04.674Z,3,20.28,8,OK,0.1
2026-02-19T10:24:04.756Z,4,22.84,9,OK,0.1
2026-02-19T10:24:04.844Z,3,26.35,8,OK,0.1
2026-02-19T10:24:04.897Z,8,26.73,7,SATURATED,0.1
2026-02-19T10:24:05.052Z,7,27.40,6,SATURATED,0.1
2026-02-19T10:24:05.102Z,6,27.38,5,SATURATED,0.1
2026-02-19T10:24:05.153Z,6,24.84,6,SATURATED,0.1
2026-02-19T10:24:05.203Z,5,21.29,7,OK,0.1
2026-02-19T10:24:05.295Z,6,25.27,6,SATURATED,0.1
2026-02-19T10:24:05.415Z,5,40.37,5,SATURATED,0.1
2026-02-19T10:24:05.465Z,5,40.38,5,SATURATED,0.1
2026-02-19T10:24:05.516Z,4,40.36,5,OK,0.1
2026-02-19T10:24:05.567Z,4,40.35,5,OK,0.1
2026-02-19T10:24:05.617Z,5,35.97,5,SATURATED,0.1
2026-02-19T10:24:05.668Z,5,20.22,6,OK,0.1
2026-02-19T10:24:05.717Z,5,20.18,7,OK,0.1
2026-02-19T10:24:05.768Z,5,20.30,8,OK,0.1
2026-02-19T10:24:05.818Z,5,20.33,9,OK,0.1
2026-02-19T10:24:05.869Z,6,20.50,10,OK,0.1
2026-02-19T10:24:05.974Z,10,35.23,8,SATURATED,0.1
2026-02-19T10:24:06.024Z,9,31.21,7,SATURATED,0.1
2026-02-19T10:24:06.074Z,9,31.07,6,SATURATED,0.1
2026-02-19T10:24:06.125Z,9,31.06,5,SATURATED,0.1
2026-02-19T10:24:06.175Z,9,30.93,5,SATURATED,0.1
2026-02-19T10:24:06.225Z,8,16.17,6,SATURATED,0.1
2026-02-19T10:24:06.275Z,8,20.23,7,SATURATED,0.1
2026-02-19T10:24:06.324Z,8,20.30,8,SATURATED,0.1
2026-02-19T10:24:06.375Z,8,20.33,9,OK,0.1
2026-02-19T10:24:06.430Z,9,20.18,10,OK,0.1
2026-02-19T10:24:06.480Z,8,20.13,11,OK,0.1
2026-02-19T10:24:06.530Z,8,20.18,12,OK,0.1
2026-02-19T10:24:06.581Z,8,20.18,13,OK,0.1
2026-02-19T10:24:06.690Z,10,34.53,12,OK,0.1
2026-02-19T10:24:06.787Z,8,39.82,10,OK,0.1
2026-02-19T10:24:06.837Z,8,40.00,8,SATURATED,0.1
2026-02-19T10:24:06.887Z,6,40.06,6,SATURATED,0.1
2026-02-19T10:24:06.937Z,6,40.09,5,SATURATED,0.1
2026-02-19T10:24:06.988Z,6,25.75,5,SATURATED,0.1
2026-02-19T10:24:07.038Z,6,20.66,6,SATURATED,0.1
2026-02-19T10:24:07.089Z,6,20.61,7,OK,0.1
2026-02-19T10:24:07.140Z,5,20.43,8,OK,0.1
2026-02-19T10:24:07.191Z,5,20.42,9,OK,0.1
2026-02-19T10:24:07.240Z,6,20.40,10,OK,0.1
2026-02-19T10:24:07.291Z,6,20.41,11,OK,0.1
2026-02-19T10:24:07.382Z,6,32.99,10,OK,0.1
2026-02-19T10:24:07.482Z,6,45.05,7,OK,0.1
2026-02-19T10:24:07.533Z,6,44.99,5,SATURATED,0.1
2026-02-19T10:24:07.583Z,6,44.99,5,SATURATED,0.1
2026-02-19T10:24:07.633Z,5,44.92,5,SATURATED,0.1
2026-02-19T10:24:07.684Z,5,32.28,5,SATURATED,0.1
2026-02-19T10:24:07.734Z,5,20.29,6,OK,0.1
2026-02-19T10:24:07.784Z,5,20.30,7,OK,0.1
2026-02-19T10:24:07.834Z,5,20.25,8,OK,0.1
2026-02-19T10:24:07.883Z,6,20.12,9,OK,0.1
2026-02-19T10:24:07.957Z,6,20.86,10,OK,0.1
2026-02-19T10:24:08.141Z,9,43.60,8,SATURATED,0.1
2026-02-19T10:24:08.193Z,8,49.95,5,SATURATED,0.1
2026-02-19T10:24:08.244Z,4,50.04,5,OK,0.1
2026-02-19T10:24:08.293Z,4,50.15,5,OK,0.1
2026-02-19T10:24:08.343Z,4,49.42,5,OK,0.1
2026-02-19T10:24:08.394Z,4,26.66,5,OK,0.1
2026-02-19T10:24:08.445Z,4,20.29,6,OK,0.1
2026-02-19T10:24:08.602Z,4,20.25,7,OK,0.1
2026-02-19T10:24:08.758Z,7,47.46,5,SATURATED,0.1
2026-02-19T10:24:08.808Z,5,47.31,5,SATURATED,0.1
2026-02-19T10:24:08.859Z,5,47.33,5,SATURATED,0.1
2026-02-19T10:24:08.909Z,5,47.44,5,SATURATED,0.1
2026-02-19T10:24:08.960Z,5,47.47,5,SATURATED,0.1
2026-02-19T10:24:09.011Z,5,20.34,6,OK,0.1
2026-02-19T10:24:09.061Z,5,20.49,7,OK,0.1
2026-02-19T10:24:09.111Z,5,20.51,8,OK,0.1
2026-02-19T10:24:09.169Z,8,20.85,9,OK,0.1
2026-02-19T10:24:09.288Z,9,40.36,7,SATURATED,0.1
2026-02-19T10:24:09.400Z,6,48.83,5,SATURATED,0.1
2026-02-19T10:24:09.451Z,5,48.84,5,SATURATED,0.1
2026-02-19T10:24:09.502Z,5,48.86,5,SATURATED,0.1
2026-02-19T10:24:09.551Z,5,48.44,5,SATURATED,0.1
2026-02-19T10:24:09.601Z,5,28.91,5,SATURATED,0.1
2026-02-19T10:24:09.652Z,5,20.36,6,OK,0.1
2026-02-19T10:24:09.702Z,5,20.37,7,OK,0.1
2026-02-19T10:24:09.753Z,5,20.26,8,OK,0.1
2026-02-19T10:24:09.926Z,7,48.61,5,SATURATED,0.1
2026-02-19T10:24:09.977Z,3,48.65,5,OK,0.1
2026-02-19T10:24:10.027Z,3,48.77,5,OK,0.1
2026-02-19T10:24:10.130Z,3,54.99,5,OK,0.1
2026-02-19T10:24:10.239Z,5,68.75,5,SATURATED,0.1
2026-02-19T10:24:10.291Z,5,40.46,5,SATURATED,0.1
2026-02-19T10:24:10.341Z,5,40.36,5,SATURATED,0.1
2026-02-19T10:24:10.392Z,5,40.26,5,SATURATED,0.1
2026-02-19T10:24:10.443Z,5,34.01,5,SATURATED,0.1
2026-02-19T10:24:10.493Z,5,20.30,6,OK,0.1
2026-02-19T10:24:10.544Z,5,20.10,7,OK,0.1
2026-02-19T10:24:10.594Z,5,20.17,8,OK,0.1
2026-02-19T10:24:10.644Z,5,20.14,9,OK,0.1
2026-02-19T10:24:10.695Z,5,20.14,10,OK,0.1
2026-02-19T10:24:10.744Z,7,20.17,11,OK,0.1
2026-02-19T10:24:10.795Z,8,20.48,12,OK,0.1
2026-02-19T10:24:10.844Z,8,20.50,13,OK,0.1
2026-02-19T10:24:10.895Z,8,20.70,14,OK,0.1
2026-02-19T10:24:11.018Z,12,20.84,15,OK,0.1
2026-02-19T10:24:11.069Z,9,20.83,16,OK,0.1
2026-02-19T10:24:11.118Z,9,20.64,17,OK,0.1
2026-02-19T10:24:11.224Z,9,26.90,16,OK,0.1
2026-02-19T10:24:11.351Z,16,38.08,14,SATURATED,0.1
2026-02-19T10:24:11.647Z,14,93.15,7,SATURATED,0.1
2026-02-19T10:24:11.698Z,13,93.12,5,SATURATED,0.1
2026-02-19T10:24:11.748Z,13,93.11,5,SATURATED,0.1
2026-02-19T10:24:11.798Z,13,86.81,5,SATURATED,0.1
2026-02-19T10:24:11.848Z,13,75.46,5,SATURATED,0.1
2026-02-19T10:24:11.898Z,13,20.23,6,SATURATED,0.1
2026-02-19T10:24:11.949Z,13,20.23,7,SATURATED,0.1
2026-02-19T10:24:12.000Z,13,20.26,8,SATURATED,0.1
2026-02-19T10:24:12.050Z,13,20.11,9,SATURATED,0.1
2026-02-19T10:24:12.101Z,13,20.18,10,SATURATED,0.1
2026-02-19T10:24:12.151Z,11,20.50,11,SATURATED,0.1
2026-02-19T10:24:12.200Z,11,20.52,12,OK,0.1
2026-02-19T10:24:12.250Z,12,20.50,13,OK,0.1
2026-02-19T10:24:12.301Z,10,20.66,14,OK,0.1
2026-02-19T10:24:12.350Z,12,20.64,15,OK,0.1
2026-02-19T10:24:12.400Z,12,20.33,16,OK,0.1
2026-02-19T10:24:12.450Z,12,20.29,17,OK,0.1
2026-02-19T10:24:12.500Z,12,20.11,18,OK,0.1
2026-02-19T10:24:12.577Z,12,31.26,17,OK,0.1
2026-02-19T10:24:12.686Z,17,38.96,15,SATURATED,0.1
2026-02-19T10:24:12.739Z,14,35.51,13,SATURATED,0.1
2026-02-19T10:24:12.882Z,9,56.59,9,SATURATED,0.1
2026-02-19T10:24:12.933Z,9,56.83,5,SATURATED,0.1
2026-02-19T10:24:12.983Z,9,45.71,5,SATURATED,0.1
2026-02-19T10:24:13.032Z,8,37.90,5,SATURATED,0.1
2026-02-19T10:24:13.082Z,8,41.34,5,SATURATED,0.1
2026-02-19T10:24:13.133Z,8,20.27,6,SATURATED,0.1
2026-02-19T10:24:13.183Z,8,20.07,7,SATURATED,0.1
2026-02-19T10:24:13.232Z,7,20.03,8,OK,0.1
2026-02-19T10:24:13.459Z,6,58.81,5,SATURATED,0.1
2026-02-19T10:24:13.510Z,4,58.82,5,OK,0.1
2026-02-19T10:24:13.560Z,4,58.86,5,OK,0.1
2026-02-19T10:24:13.669Z,3,65.85,5,OK,0.1
2026-02-19T10:24:13.799Z,5,77.79,5,SATURATED,0.1
2026-02-19T10:24:13.852Z,4,35.62,5,OK,0.1
2026-02-19T10:24:13.903Z,5,35.41,5,SATURATED,0.1
2026-02-19T10:24:13.954Z,5,35.41,5,SATURATED,0.1
2026-02-19T10:24:14.004Z,5,28.62,5,SATURATED,0.1
2026-02-19T10:24:14.054Z,5,16.47,6,OK,0.1
2026-02-19T10:24:14.106Z,6,19.95,7,OK,0.1
2026-02-19T10:24:14.196Z,6,24.11,8,OK,0.1
2026-02-19T10:24:14.495Z,8,70.03,5,SATURATED,0.1
2026-02-19T10:24:14.615Z,5,89.56,5,SATURATED,0.1
2026-02-19T10:24:14.666Z,4,89.79,5,OK,0.1
2026-02-19T10:24:14.776Z,5,105.43,5,SATURATED,0.1
2026-02-19T10:24:14.829Z,5,101.76,5,SATURATED,0.1
2026-02-19T10:24:14.879Z,5,55.78,5,SATURATED,0.1
2026-02-19T10:24:14.930Z,5,36.21,5,SATURATED,0.1
2026-02-19T10:24:14.981Z,5,36.18,5,SATURATED,0.1
2026-02-19T10:24:15.030Z,5,20.50,6,OK,0.1
2026-02-19T10:24:15.081Z,5,20.43,7,OK,0.1
2026-02-19T10:24:15.132Z,6,20.57,8,OK,0.1
2026-02-19T10:24:15.182Z,6,20.56,9,OK,0.1
2026-02-19T10:24:15.233Z,6,20.62,10,OK,0.1
2026-02-19T10:24:15.284Z,6,20.62,11,OK,0.1
2026-02-19T10:24:15.335Z,7,20.41,12,OK,0.1
2026-02-19T10:24:15.385Z,7,20.32,13,OK,0.1
2026-02-19T10:24:15.435Z,7,20.35,14,OK,0.1
2026-02-19T10:24:15.485Z,7,20.33,15,OK,0.1
2026-02-19T10:24:15.536Z,10,20.33,16,OK,0.1
2026-02-19T10:24:15.585Z,10,20.34,17,OK,0.1
2026-02-19T10:24:15.694Z,12,26.74,16,OK,0.1
2026-02-19T10:24:15.745Z,11,26.76,15,OK,0.1
2026-02-19T10:24:15.860Z,11,26.76,14,OK,0.1
2026-02-19T10:24:15.914Z,14,30.24,13,SATURATED,0.1
2026-02-19T10:24:15.965Z,10,30.22,12,OK,0.1
2026-02-19T10:24:16.015Z,12,23.62,13,OK,0.1
2026-02-19T10:24:16.065Z,11,23.60,14,OK,0.1
2026-02-19T10:24:16.116Z,11,23.57,15,OK,0.1
2026-02-19T10:24:16.166Z,11,20.16,16,OK,0.1
2026-02-19T10:24:16.217Z,11,20.30,17,OK,0.1
2026-02-19T10:24:16.266Z,11,20.41,18,OK,0.1
2026-02-19T10:24:16.317Z,11,20.32,19,OK,0.1
2026-02-19T10:24:16.367Z,11,20.31,20,OK,0.1
2026-02-19T10:24:16.477Z,11,27.14,19,OK,0.1
2026-02-19T10:24:16.586Z,15,40.65,17,OK,0.1
2026-02-19T10:24:16.637Z,10,40.60,15,OK,0.1
2026-02-19T10:24:16.687Z,10,40.68,13,OK,0.1
2026-02-19T10:24:16.784Z,13,56.09,9,SATURATED,0.1
2026-02-19T10:24:16.834Z,9,49.17,6,SATURATED,0.1
2026-02-19T10:24:16.889Z,9,35.98,5,SATURATED,0.1
2026-02-19T10:24:16.939Z,9,36.51,5,SATURATED,0.1
2026-02-19T10:24:16.989Z,9,36.48,5,SATURATED,0.1
2026-02-19T10:24:17.042Z,9,21.16,6,SATURATED,0.1
2026-02-19T10:24:17.092Z,9,21.18,7,SATURATED,0.1
2026-02-19T10:24:17.143Z,8,20.79,8,SATURATED,0.1
2026-02-19T10:24:17.193Z,8,20.37,9,OK,0.1
2026-02-19T10:24:17.242Z,9,20.39,10,OK,0.1
2026-02-19T10:24:17.294Z,9,20.31,11,OK,0.1
2026-02-19T10:24:17.343Z,8,20.28,12,OK,0.1
2026-02-19T10:24:17.393Z,8,20.25,13,OK,0.1
2026-02-19T10:24:17.444Z,8,20.20,14,OK,0.1
2026-02-19T10:24:17.494Z,8,20.24,15,OK,0.1
2026-02-19T10:24:17.580Z,6,23.39,16,OK,0.1
2026-02-19T10:24:17.658Z,7,24.97,17,OK,0.1
2026-02-19T10:24:17.708Z,12,24.83,18,OK,0.1
2026-02-19T10:24:17.759Z,8,24.91,19,OK,0.1
2026-02-19T10:24:17.809Z,10,24.80,20,OK,0.1
2026-02-19T10:24:17.860Z,10,21.71,21,OK,0.1
2026-02-19T10:24:17.969Z,21,27.91,20,SATURATED,0.1
2026-02-19T10:24:18.135Z,19,47.17,17,SATURATED,0.1
2026-02-19T10:24:18.186Z,9,47.19,14,OK,0.1
2026-02-19T10:24:18.307Z,9,65.43,9,SATURATED,0.1
2026-02-19T10:24:18.357Z,9,65.38,5,SATURATED,0.1
2026-02-19T10:24:18.407Z,9,57.64,5,SATURATED,0.1
2026-02-19T10:24:18.457Z,9,38.48,5,SATURATED,0.1
2026-02-19T10:24:18.507Z,9,38.43,5,SATURATED,0.1
2026-02-19T10:24:18.557Z,9,20.30,6,SATURATED,0.1
2026-02-19T10:24:18.608Z,9,20.25,7,SATURATED,0.1
2026-02-19T10:24:18.658Z,9,20.24,8,SATURATED,0.1
2026-02-19T10:24:18.708Z,9,20.25,9,SATURATED,0.1
2026-02-19T10:24:18.759Z,9,20.21,10,OK,0.1
2026-02-19T10:24:18.810Z,10,20.24,11,OK,0.1
2026-02-19T10:24:18.860Z,10,20.31,12,OK,0.1
2026-02-19T10:24:18.948Z,10,23.86,13,OK,0.1
2026-02-19T10:24:19.127Z,13,45.61,10,SATURATED,0.1
2026-02-19T10:24:19.191Z,10,44.41,8,SATURATED,0.1
2026-02-19T10:24:19.242Z,9,44.18,6,SATURATED,0.1
2026-02-19T10:24:19.291Z,9,44.17,5,SATURATED,0.1
2026-02-19T10:24:19.341Z,9,40.86,5,SATURATED,0.1
2026-02-19T10:24:19.392Z,9,19.11,6,SATURATED,0.1
2026-02-19T10:24:19.442Z,9,20.30,7,SATURATED,0.1
2026-02-19T10:24:19.491Z,9,20.44,8,SATURATED,0.1
2026-02-19T10:24:19.542Z,9,20.36,9,SATURATED,0.1
2026-02-19T10:24:19.593Z,9,20.15,10,OK,0.1
2026-02-19T10:24:19.644Z,9,20.18,11,OK,0.1
2026-02-19T10:24:19.751Z,11,34.35,10,SATURATED,0.1
2026-02-19T10:24:19.803Z,9,34.33,9,SATURATED,0.1
2026-02-19T10:24:19.854Z,4,34.41,8,OK,0.1
2026-02-19T10:24:19.905Z,3,34.35,7,OK,0.1
2026-02-19T10:24:19.954Z,3,34.21,6,OK,0.1
2026-02-19T10:24:20.004Z,3,20.08,7,OK,0.1
2026-02-19T10:24:20.126Z,3,20.10,8,OK,0.1
2026-02-19T10:24:20.228Z,7,36.28,6,SATURATED,0.1
2026-02-19T10:24:20.404Z,6,57.47,5,SATURATED,0.1
2026-02-19T10:24:20.454Z,4,57.57,5,OK,0.1
2026-02-19T10:24:20.503Z,4,57.59,5,OK,0.1
2026-02-19T10:24:20.615Z,5,75.68,5,SATURATED,0.1
2026-02-19T10:24:20.665Z,4,59.49,5,OK,0.1
2026-02-19T10:24:20.759Z,4,43.09,5,OK,0.1
2026-02-19T10:24:20.900Z,5,57.24,5,SATURATED,0.1
2026-02-19T10:24:21.010Z,5,74.98,5,SATURATED,0.1
2026-02-19T10:24:21.113Z,5,63.66,5,SATURATED,0.1
2026-02-19T10:24:21.163Z,5,63.62,5,SATURATED,0.1
2026-02-19T10:24:21.214Z,5,58.85,5,SATURATED,0.1
2026-02-19T10:24:21.264Z,5,44.73,5,SATURATED,0.1
2026-02-19T10:24:21.315Z,5,27.03,5,SATURATED,0.1
2026-02-19T10:24:21.365Z,5,20.57,6,OK,0.1
2026-02-19T10:24:21.416Z,6,21.51,7,OK,0.1
2026-02-19T10:24:21.466Z,5,21.50,8,OK,0.1
2026-02-19T10:24:21.516Z,8,21.47,9,OK,0.1
2026-02-19T10:24:21.566Z,6,21.41,10,OK,0.1
2026-02-19T10:24:21.617Z,7,21.13,11,OK,0.1
2026-02-19T10:24:21.667Z,6,20.21,12,OK,0.1
2026-02-19T10:24:21.717Z,6,20.26,13,OK,0.1
2026-02-19T10:24:21.858Z,5,20.29,14,OK,0.1
2026-02-19T10:24:22.072Z,14,58.82,10,SATURATED,0.1
2026-02-19T10:24:22.184Z,10,67.16,5,SATURATED,0.1
2026-02-19T10:24:22.235Z,5,67.14,5,SATURATED,0.1
2026-02-19T10:24:22.285Z,5,67.13,5,SATURATED,0.1
2026-02-19T10:24:22.336Z,5,67.09,5,SATURATED,0.1
2026-02-19T10:24:22.386Z,5,28.98,5,SATURATED,0.1
2026-02-19T10:24:22.436Z,5,20.68,6,OK,0.1
2026-02-19T10:24:22.487Z,5,20.70,7,OK,0.1
2026-02-19T10:24:22.604Z,5,39.92,5,SATURATED,0.1
2026-02-19T10:24:22.655Z,5,39.97,5,SATURATED,0.1
2026-02-19T10:24:22.705Z,5,39.57,5,SATURATED,0.1
2026-02-19T10:24:22.755Z,5,39.51,5,SATURATED,0.1
2026-02-19T10:24:22.805Z,5,39.53,5,SATURATED,0.1
2026-02-19T10:24:22.856Z,5,20.29,6,OK,0.1
2026-02-19T10:24:22.905Z,5,20.27,7,OK,0.1
2026-02-19T10:24:22.956Z,5,20.27,8,OK,0.1
2026-02-19T10:24:23.005Z,5,20.27,9,OK,0.1
2026-02-19T10:24:23.055Z,4,20.33,10,OK,0.1
2026-02-19T10:24:23.167Z,10,28.67,9,SATURATED,0.1
2026-02-19T10:24:23.217Z,8,28.45,8,SATURATED,0.1
2026-02-19T10:24:23.266Z,8,28.37,7,SATURATED,0.1
2026-02-19T10:24:23.317Z,8,28.30,6,SATURATED,0.1
2026-02-19T10:24:23.370Z,8,28.51,5,SATURATED,0.1
2026-02-19T10:24:23.422Z,8,23.57,6,SATURATED,0.1
2026-02-19T10:24:23.472Z,8,23.64,7,SATURATED,0.1
2026-02-19T10:24:23.521Z,7,23.82,8,OK,0.1
2026-02-19T10:24:23.571Z,7,23.90,9,OK,0.1
2026-02-19T10:24:23.695Z,9,31.44,8,SATURATED,0.1
2026-02-19T10:24:23.745Z,8,28.05,7,SATURATED,0.1
2026-02-19T10:24:23.795Z,8,28.08,6,SATURATED,0.1
2026-02-19T10:24:23.844Z,8,28.02,5,SATURATED,0.1
2026-02-19T10:24:23.895Z,7,27.97,5,SATURATED,0.1
2026-02-19T10:24:23.945Z,7,20.17,6,SATURATED,0.1
2026-02-19T10:24:23.995Z,7,20.06,7,SATURATED,0.1
2026-02-19T10:24:24.045Z,7,20.22,8,OK,0.1
2026-02-19T10:24:24.095Z,8,20.06,9,OK,0.1
2026-02-19T10:24:24.145Z,8,20.05,10,OK,0.1
2026-02-19T10:24:24.195Z,8,21.02,11,OK,0.1
2026-02-19T10:24:24.286Z,10,25.27,10,SATURATED,0.1
2026-02-19T10:24:24.336Z,8,25.26,9,OK,0.1
2026-02-19T10:24:24.451Z,9,41.88,7,SATURATED,0.1
2026-02-19T10:24:24.517Z,8,41.08,5,SATURATED,0.1
2026-02-19T10:24:24.567Z,8,40.15,5,SATURATED,0.1
2026-02-19T10:24:24.618Z,8,36.04,5,SATURATED,0.1
2026-02-19T10:24:24.668Z,8,36.13,5,SATURATED,0.1
2026-02-19T10:24:24.719Z,8,20.67,6,SATURATED,0.1
2026-02-19T10:24:24.769Z,8,21.56,7,SATURATED,0.1
2026-02-19T10:24:24.819Z,8,21.61,8,SATURATED,0.1
2026-02-19T10:24:24.870Z,8,21.56,9,OK,0.1
2026-02-19T10:24:24.987Z,8,29.09,8,SATURATED,0.1
2026-02-19T10:24:25.037Z,8,28.22,7,SATURATED,0.1
2026-02-19T10:24:25.087Z,6,28.17,6,SATURATED,0.1
2026-02-19T10:24:25.137Z,6,28.09,5,SATURATED,0.1
2026-02-19T10:24:25.187Z,5,28.26,5,SATURATED,0.1
2026-02-19T10:24:25.274Z,5,32.80,5,SATURATED,0.1
2026-02-19T10:24:25.324Z,4,32.53,5,OK,0.1
2026-02-19T10:24:25.375Z,5,32.44,5,SATURATED,0.1
2026-02-19T10:24:25.425Z,5,32.28,5,SATURATED,0.1
2026-02-19T10:24:25.477Z,5,32.17,5,SATURATED,0.1
2026-02-19T10:24:25.528Z,5,21.00,6,OK,0.1
2026-02-19T10:24:25.578Z,5,21.11,7,OK,0.1
2026-02-19T10:24:25.629Z,5,21.32,8,OK,0.1
2026-02-19T10:24:25.680Z,5,21.47,9,OK,0.1
2026-02-19T10:24:25.985Z,9,22.78,10,OK,0.1
2026-02-19T10:24:26.108Z,5,29.92,9,OK,0.1
2026-02-19T10:24:26.221Z,9,38.46,7,SATURATED,0.1
2026-02-19T10:24:26.351Z,6,50.30,5,SATURATED,0.1
2026-02-19T10:24:26.492Z,5,70.13,5,SATURATED,0.1
2026-02-19T10:24:26.578Z,5,72.13,5,SATURATED,0.1
2026-02-19T10:24:26.628Z,4,63.91,5,OK,0.1
2026-02-19T10:24:26.679Z,4,55.36,5,OK,0.1
2026-02-19T10:24:26.728Z,5,43.48,5,SATURATED,0.1
2026-02-19T10:24:26.779Z,5,23.64,6,OK,0.1
2026-02-19T10:24:26.828Z,5,20.34,7,OK,0.1
2026-02-19T10:24:26.878Z,5,20.40,8,OK,0.1
2026-02-19T10:24:26.977Z,5,34.99,7,OK,0.1
2026-02-19T10:24:27.026Z,5,34.82,6,OK,0.1
2026-02-19T10:24:27.077Z,5,34.82,5,SATURATED,0.1
2026-02-19T10:24:27.128Z,5,34.87,5,SATURATED,0.1
2026-02-19T10:24:27.179Z,5,34.84,5,SATURATED,0.1
2026-02-19T10:24:27.308Z,5,20.21,6,OK,0.1
2026-02-19T10:24:27.359Z,6,20.31,7,OK,0.1
2026-02-19T10:24:27.410Z,7,20.23,8,OK,0.1
2026-02-19T10:24:27.460Z,7,20.12,9,OK,0.1
2026-02-19T10:24:27.607Z,7,43.70,7,SATURATED,0.1
2026-02-19T10:24:27.681Z,7,44.48,5,SATURATED,0.1
2026-02-19T10:24:27.732Z,7,44.64,5,SATURATED,0.1
2026-02-19T10:24:27.782Z,7,44.72,5,SATURATED,0.1
2026-02-19T10:24:27.832Z,7,44.67,5,SATURATED,0.1
2026-02-19T10:24:27.881Z,7,21.15,6,SATURATED,0.1
2026-02-19T10:24:27.932Z,7,20.38,7,SATURATED,0.1
2026-02-19T10:24:27.982Z,7,20.28,8,OK,0.1
2026-02-19T10:24:28.072Z,7,24.21,9,OK,0.1
2026-02-19T10:24:28.156Z,9,36.89,7,SATURATED,0.1
2026-02-19T10:24:28.275Z,6,52.76,5,SATURATED,0.1
2026-02-19T10:24:28.329Z,6,52.79,5,SATURATED,0.1
2026-02-19T10:24:28.379Z,6,52.71,5,SATURATED,0.1
2026-02-19T10:24:28.428Z,6,48.66,5,SATURATED,0.1
2026-02-19T10:24:28.479Z,6,35.98,5,SATURATED,0.1
2026-02-19T10:24:28.528Z,6,20.17,6,SATURATED,0.1
2026-02-19T10:24:28.578Z,6,20.05,7,OK,0.1
2026-02-19T10:24:28.727Z,6,41.87,5,SATURATED,0.1
2026-02-19T10:24:28.831Z,6,48.91,5,SATURATED,0.1
2026-02-19T10:24:28.882Z,5,48.97,5,SATURATED,0.1
2026-02-19T10:24:28.932Z,5,48.86,5,SATURATED,0.1
2026-02-19T10:24:28.983Z,5,49.02,5,SATURATED,0.1
2026-02-19T10:24:29.033Z,5,27.29,5,SATURATED,0.1
2026-02-19T10:24:29.084Z,5,20.44,6,OK,0.1
2026-02-19T10:24:29.135Z,5,20.64,7,OK,0.1
2026-02-19T10:24:29.185Z,5,20.71,8,OK,0.1
2026-02-19T10:24:29.236Z,6,20.58,9,OK,0.1
2026-02-19T10:24:29.365Z,7,29.02,8,OK,0.1
2026-02-19T10:24:29.422Z,7,26.27,7,SATURATED,0.1
2026-02-19T10:24:29.513Z,7,40.06,5,SATURATED,0.1
2026-02-19T10:24:29.563Z,4,39.98,5,OK,0.1
2026-02-19T10:24:29.613Z,4,40.04,5,OK,0.1
2026-02-19T10:24:29.664Z,4,31.50,5,OK,0.1
2026-02-19T10:24:29.792Z,4,34.16,5,OK,0.1
2026-02-19T10:24:29.849Z,5,27.50,5,SATURATED,0.1
2026-02-19T10:24:30.108Z,5,65.27,5,SATURATED,0.1
2026-02-19T10:24:30.159Z,3,65.31,5,OK,0.1
2026-02-19T10:24:30.269Z,4,81.30,5,OK,0.1
2026-02-19T10:24:30.320Z,4,81.16,5,OK,0.1
2026-02-19T10:24:30.370Z,4,73.87,5,OK,0.1
2026-02-19T10:24:30.462Z,5,50.49,5,SATURATED,0.1
2026-02-19T10:24:30.512Z,5,46.41,5,SATURATED,0.1
2026-02-19T10:24:30.563Z,5,30.48,5,SATURATED,0.1
2026-02-19T10:24:30.613Z,5,30.68,5,SATURATED,0.1
2026-02-19T10:24:30.664Z,5,30.69,5,SATURATED,0.1
2026-02-19T10:24:30.715Z,5,16.41,6,OK,0.1
2026-02-19T10:24:30.765Z,5,20.51,7,OK,0.1
2026-02-19T10:24:30.819Z,7,20.82,8,OK,0.1
2026-02-19T10:24:30.912Z,8,34.26,7,SATURATED,0.1
2026-02-19T10:24:30.963Z,6,34.20,6,SATURATED,0.1
2026-02-19T10:24:31.013Z,6,34.14,5,SATURATED,0.1
2026-02-19T10:24:31.064Z,6,34.14,5,SATURATED,0.1
2026-02-19T10:24:31.115Z,6,34.42,5,SATURATED,0.1
2026-02-19T10:24:31.165Z,6,20.89,6,SATURATED,0.1
2026-02-19T10:24:31.216Z,5,20.93,7,OK,0.1
2026-02-19T10:24:31.267Z,5,20.94,8,OK,0.1
2026-02-19T10:24:31.317Z,5,20.92,9,OK,0.1
2026-02-19T10:24:31.368Z,5,20.35,10,OK,0.1
2026-02-19T10:24:31.419Z,5,20.38,11,OK,0.1
2026-02-19T10:24:31.472Z,10,20.37,12,OK,0.1
2026-02-19T10:24:31.599Z,12,20.51,13,OK,0.1
2026-02-19T10:24:31.702Z,13,37.05,11,SATURATED,0.1
2026-02-19T10:24:31.753Z,6,37.01,9,OK,0.1
2026-02-19T10:24:31.805Z,9,37.00,7,SATURATED,0.1
2026-02-19T10:24:31.856Z,7,37.55,5,SATURATED,0.1
2026-02-19T10:24:31.907Z,7,37.43,5,SATURATED,0.1
2026-02-19T10:24:31.956Z,7,23.86,6,SATURATED,0.1
2026-02-19T10:24:32.007Z,7,23.95,7,SATURATED,0.1
2026-02-19T10:24:32.058Z,7,24.02,8,OK,0.1
2026-02-19T10:24:32.123Z,8,24.86,9,OK,0.1
2026-02-19T10:24:32.338Z,6,24.84,10,OK,0.1
2026-02-19T10:24:32.434Z,10,37.07,8,SATURATED,0.1
2026-02-19T10:24:32.485Z,7,36.96,6,SATURATED,0.1
2026-02-19T10:24:32.535Z,6,37.38,5,SATURATED,0.1
2026-02-19T10:24:32.586Z,6,36.00,5,SATURATED,0.1
2026-02-19T10:24:32.636Z,6,35.91,5,SATURATED,0.1
2026-02-19T10:24:32.687Z,6,20.71,6,SATURATED,0.1
2026-02-19T10:24:32.737Z,6,20.67,7,OK,0.1
2026-02-19T10:24:32.788Z,6,20.21,8,OK,0.1
2026-02-19T10:24:32.886Z,5,32.86,7,OK,0.1
2026-02-19T10:24:33.022Z,6,52.07,5,SATURATED,0.1
2026-02-19T10:24:33.073Z,6,52.13,5,SATURATED,0.1
2026-02-19T10:24:33.123Z,6,52.15,5,SATURATED,0.1
2026-02-19T10:24:33.173Z,6,52.14,5,SATURATED,0.1
2026-02-19T10:24:33.224Z,6,39.50,5,SATURATED,0.1
2026-02-19T10:24:33.275Z,6,20.34,6,SATURATED,0.1
2026-02-19T10:24:33.325Z,6,20.27,7,OK,0.1
2026-02-19T10:24:33.375Z,6,20.29,8,OK,0.1
2026-02-19T10:24:33.426Z,6,20.28,9,OK,0.1
2026-02-19T10:24:33.516Z,9,32.84,8,SATURATED,0.1
2026-02-19T10:24:33.566Z,8,32.91,7,SATURATED,0.1
2026-02-19T10:24:33.616Z,6,33.00,6,SATURATED,0.1
2026-02-19T10:24:33.666Z,6,33.09,5,SATURATED,0.1
2026-02-19T10:24:33.715Z,6,33.06,5,SATURATED,0.1
2026-02-19T10:24:33.766Z,6,20.51,6,SATURATED,0.1
2026-02-19T10:24:33.817Z,5,20.46,7,OK,0.1
2026-02-19T10:24:33.866Z,5,20.32,8,OK,0.1
2026-02-19T10:24:33.917Z,7,20.81,9,OK,0.1
2026-02-19T10:24:33.966Z,7,20.83,10,OK,0.1
2026-02-19T10:24:34.016Z,7,20.70,11,OK,0.1
2026-02-19T10:24:34.141Z,11,28.31,10,SATURATED,0.1
2026-02-19T10:24:34.191Z,10,24.28,11,OK,0.1
2026-02-19T10:24:34.242Z,9,23.69,12,OK,0.1
2026-02-19T10:24:34.293Z,9,23.58,13,OK,0.1
2026-02-19T10:24:34.343Z,11,23.72,14,OK,0.1
2026-02-19T10:24:34.393Z,10,15.94,15,OK,0.1
2026-02-19T10:24:34.444Z,9,20.01,16,OK,0.1
2026-02-19T10:24:34.494Z,9,20.20,17,OK,0.1
2026-02-19T10:24:34.601Z,13,36.19,15,OK,0.1
2026-02-19T10:24:34.701Z,15,42.11,13,SATURATED,0.1
2026-02-19T10:24:34.752Z,10,42.08,11,OK,0.1
2026-02-19T10:24:34.803Z,10,42.07,9,SATURATED,0.1
2026-02-19T10:24:34.854Z,10,41.84,7,SATURATED,0.1
2026-02-19T10:24:34.903Z,10,25.97,6,SATURATED,0.1
2026-02-19T10:24:34.954Z,9,20.02,7,SATURATED,0.1
2026-02-19T10:24:35.004Z,9,20.21,8,SATURATED,0.1
2026-02-19T10:24:35.055Z,9,20.17,9,SATURATED,0.1
2026-02-19T10:24:35.105Z,9,20.27,10,OK,0.1
2026-02-19T10:24:35.161Z,10,20.54,11,OK,0.1
2026-02-19T10:24:35.210Z,11,20.55,12,OK,0.1
2026-02-19T10:24:35.261Z,11,20.57,13,OK,0.1
2026-02-19T10:24:35.311Z,11,20.62,14,OK,0.1
2026-02-19T10:24:35.361Z,11,20.55,15,OK,0.1
2026-02-19T10:24:35.411Z,11,20.28,16,OK,0.1
2026-02-19T10:24:35.462Z,11,20.33,17,OK,0.1
2026-02-19T10:24:35.512Z,11,20.29,18,OK,0.1
2026-02-19T10:24:35.599Z,9,23.62,19,OK,0.1
2026-02-19T10:24:35.650Z,9,23.71,20,OK,0.1
2026-02-19T10:24:35.776Z,9,31.39,19,OK,0.1
2026-02-19T10:24:35.829Z,19,27.87,18,SATURATED,0.1
2026-02-19T10:24:35.880Z,11,27.87,17,OK,0.1
2026-02-19T10:24:36.026Z,17,47.79,14,SATURATED,0.1
2026-02-19T10:24:36.477Z,14,123.90,5,SATURATED,0.1
2026-02-19T10:24:36.543Z,8,125.24,5,SATURATED,0.4
2026-02-19T10:24:36.594Z,7,128.59,5,SATURATED,0.4
2026-02-19T10:24:36.643Z,7,128.60,5,SATURATED,0.4
2026-02-19T10:24:36.694Z,6,105.41,5,SATURATED,0.1
2026-02-19T10:24:36.745Z,6,29.29,5,SATURATED,0.1
2026-02-19T10:24:36.795Z,6,20.25,6,SATURATED,0.1
2026-02-19T10:24:36.845Z,6,20.37,7,OK,0.1
2026-02-19T10:24:36.895Z,6,20.43,8,OK,0.1
2026-02-19T10:24:36.946Z,7,20.22,9,OK,0.1
2026-02-19T10:24:36.996Z,7,20.26,10,OK,0.1
2026-02-19T10:24:37.205Z,10,53.93,7,SATURATED,0.1
2026-02-19T10:24:37.255Z,5,53.88,5,SATURATED,0.1
2026-02-19T10:24:37.306Z,5,53.82,5,SATURATED,0.1
2026-02-19T10:24:37.357Z,5,54.00,5,SATURATED,0.1
2026-02-19T10:24:37.407Z,5,53.96,5,SATURATED,0.1
2026-02-19T10:24:37.457Z,5,20.36,6,OK,0.1
2026-02-19T10:24:37.507Z,6,20.18,7,OK,0.1
2026-02-19T10:24:37.593Z,7,23.33,8,OK,0.1
2026-02-19T10:24:37.643Z,5,23.25,9,OK,0.1
2026-02-19T10:24:37.693Z,5,23.23,10,OK,0.1
2026-02-19T10:24:37.744Z,5,23.28,11,OK,0.1
2026-02-19T10:24:37.794Z,6,23.44,12,OK,0.1
2026-02-19T10:24:38.012Z,6,49.84,9,OK,0.1
2026-02-19T10:24:38.336Z,6,100.62,5,SATURATED,0.1
2026-02-19T10:24:38.385Z,3,103.24,5,OK,0.1
2026-02-19T10:24:38.436Z,3,103.14,5,OK,0.1
2026-02-19T10:24:38.487Z,5,103.28,5,SATURATED,0.1
2026-02-19T10:24:38.599Z,5,82.08,5,SATURATED,0.1
2026-02-19T10:24:38.653Z,5,32.91,5,SATURATED,0.1
2026-02-19T10:24:38.703Z,5,30.30,5,SATURATED,0.1
2026-02-19T10:24:38.752Z,5,30.30,5,SATURATED,0.1
2026-02-19T10:24:38.802Z,5,30.26,5,SATURATED,0.1
2026-02-19T10:24:38.852Z,5,21.94,6,OK,0.1
2026-02-19T10:24:38.903Z,4,20.42,7,OK,0.1
2026-02-19T10:24:38.953Z,4,20.43,8,OK,0.1
2026-02-19T10:24:39.004Z,4,20.48,9,OK,0.1
2026-02-19T10:24:39.100Z,6,25.58,8,OK,0.1
2026-02-19T10:24:39.149Z,5,25.59,7,OK,0.1
2026-02-19T10:24:39.255Z,5,39.01,5,SATURATED,0.1
2026-02-19T10:24:39.305Z,5,38.99,5,SATURATED,0.1
2026-02-19T10:24:39.355Z,5,38.95,5,SATURATED,0.1
2026-02-19T10:24:39.405Z,5,33.85,5,SATURATED,0.1
2026-02-19T10:24:39.456Z,5,33.84,5,SATURATED,0.1
2026-02-19T10:24:39.559Z,4,26.19,5,OK,0.1
2026-02-19T10:24:39.609Z,5,26.10,5,SATURATED,0.1
2026-02-19T10:24:39.659Z,5,26.03,5,SATURATED,0.1
2026-02-19T10:24:39.710Z,5,25.92,5,SATURATED,0.1
2026-02-19T10:24:39.760Z,5,25.86,5,SATURATED,0.1
2026-02-19T10:24:39.809Z,5,20.00,6,OK,0.1
2026-02-19T10:24:39.859Z,5,20.08,7,OK,0.1
2026-02-19T10:24:39.910Z,5,20.13,8,OK,0.1
2026-02-19T10:24:39.960Z,5,20.17,9,OK,0.1
2026-02-19T10:24:40.010Z,5,20.10,10,OK,0.1
2026-02-19T10:24:40.143Z,7,32.69,9,OK,0.1
2026-02-19T10:24:40.457Z,9,81.44,5,SATURATED,0.1
2026-02-19T10:24:40.649Z,5,105.79,5,SATURATED,0.1
2026-02-19T10:24:40.855Z,5,142.74,5,SATURATED,0.4
2026-02-19T10:24:40.905Z,2,142.82,5,OK,0.4
2026-02-19T10:24:40.955Z,2,130.28,5,OK,0.4
2026-02-19T10:24:41.006Z,2,81.52,5,OK,0.1
2026-02-19T10:24:41.055Z,2,57.19,5,OK,0.1
2026-02-19T10:24:41.105Z,1,20.27,6,OK,0.1
2026-02-19T10:24:41.156Z,2,20.30,7,OK,0.1
2026-02-19T10:24:41.205Z,2,20.30,8,OK,0.1
2026-02-19T10:24:41.256Z,2,20.32,9,OK,0.1
2026-02-19T10:24:41.305Z,2,20.28,10,OK,0.1
2026-02-19T10:24:41.356Z,2,20.27,11,OK,0.1
2026-02-19T10:24:41.405Z,2,20.25,12,OK,0.1
2026-02-19T10:24:41.522Z,12,29.60,11,SATURATED,0.1
2026-02-19T10:24:41.596Z,9,30.34,10,OK,0.1
2026-02-19T10:24:41.647Z,4,30.40,9,OK,0.1
2026-02-19T10:24:41.824Z,8,51.74,6,SATURATED,0.1
2026-02-19T10:24:41.887Z,6,50.30,5,SATURATED,0.1
2026-02-19T10:24:41.943Z,5,38.10,5,SATURATED,0.1
2026-02-19T10:24:41.993Z,4,37.35,5,OK,0.1
2026-02-19T10:24:42.043Z,4,37.31,5,OK,0.1
2026-02-19T10:24:42.094Z,4,15.96,6,OK,0.1
2026-02-19T10:24:42.145Z,4,17.42,7,OK,0.1
2026-02-19T10:24:42.257Z,4,38.31,5,OK,0.1
2026-02-19T10:24:42.307Z,4,38.16,5,OK,0.1
2026-02-19T10:24:42.357Z,4,38.17,5,OK,0.1
2026-02-19T10:24:42.407Z,4,38.25,5,OK,0.1
2026-02-19T10:24:42.458Z,4,38.34,5,OK,0.1
2026-02-19T10:24:42.509Z,4,20.30,6,OK,0.1
2026-02-19T10:24:42.739Z,6,60.21,5,SATURATED,0.1
2026-02-19T10:24:42.812Z,4,60.74,5,OK,0.1
2026-02-19T10:24:42.864Z,5,60.88,5,SATURATED,0.1
2026-02-19T10:24:42.921Z,5,63.02,5,SATURATED,0.1
2026-02-19T10:24:42.970Z,5,64.22,5,SATURATED,0.1
2026-02-19T10:24:43.021Z,5,24.48,6,OK,0.1
2026-02-19T10:24:43.072Z,5,24.04,7,OK,0.1
2026-02-19T10:24:43.122Z,5,23.84,8,OK,0.1
2026-02-19T10:24:43.173Z,4,21.71,9,OK,0.1
2026-02-19T10:24:43.222Z,4,20.50,10,OK,0.1
2026-02-19T10:24:43.336Z,4,27.48,9,OK,0.1
2026-02-19T10:24:43.386Z,4,27.35,8,OK,0.1
2026-02-19T10:24:43.436Z,5,27.26,7,OK,0.1
2026-02-19T10:24:43.486Z,5,27.15,6,OK,0.1
2026-02-19T10:24:43.599Z,4,27.18,5,OK,0.1
2026-02-19T10:24:43.649Z,4,20.23,6,OK,0.1
2026-02-19T10:24:43.699Z,4,20.30,7,OK,0.1
2026-02-19T10:24:43.838Z,7,20.49,8,OK,0.1
2026-02-19T10:24:43.904Z,8,29.64,7,SATURATED,0.1
2026-02-19T10:24:44.057Z,7,46.16,5,SATURATED,0.1
2026-02-19T10:24:44.107Z,4,42.06,5,OK,0.1
2026-02-19T10:24:44.157Z,4,41.99,5,OK,0.1
2026-02-19T10:24:44.207Z,4,41.86,5,OK,0.1
2026-02-19T10:24:44.257Z,4,32.70,5,OK,0.1
2026-02-19T10:24:44.307Z,4,16.14,6,OK,0.1
2026-02-19T10:24:44.357Z,4,20.29,7,OK,0.1
2026-02-19T10:24:44.407Z,4,20.33,8,OK,0.1
2026-02-19T10:24:44.523Z,5,35.55,6,OK,0.1
2026-02-19T10:24:44.617Z,6,40.52,5,SATURATED,0.1
2026-02-19T10:24:44.667Z,5,40.52,5,SATURATED,0.1
2026-02-19T10:24:44.717Z,5,40.42,5,SATURATED,0.1
2026-02-19T10:24:44.767Z,5,40.37,5,SATURATED,0.1
2026-02-19T10:24:44.817Z,5,25.19,5,SATURATED,0.1
2026-02-19T10:24:44.869Z,5,20.19,6,OK,0.1
2026-02-19T10:24:44.921Z,6,22.77,7,OK,0.1
2026-02-19T10:24:44.971Z,5,22.75,8,OK,0.1
2026-02-19T10:24:45.022Z,5,22.80,9,OK,0.1
2026-02-19T10:24:45.334Z,9,71.14,5,SATURATED,0.1
2026-02-19T10:24:45.402Z,7,80.79,5,SATURATED,0.1
2026-02-19T10:24:45.452Z,6,78.30,5,SATURATED,0.1
2026-02-19T10:24:45.502Z,6,78.34,5,SATURATED,0.1
2026-02-19T10:24:45.552Z,6,78.22,5,SATURATED,0.1
2026-02-19T10:24:45.603Z,6,29.88,5,SATURATED,0.1
2026-02-19T10:24:45.654Z,5,20.31,6,OK,0.1
2026-02-19T10:24:45.705Z,5,20.28,7,OK,0.1
2026-02-19T10:24:45.754Z,5,20.38,8,OK,0.1
2026-02-19T10:24:45.804Z,5,20.45,9,OK,0.1
2026-02-19T10:24:45.940Z,7,29.74,8,OK,0.1
2026-02-19T10:24:46.115Z,8,50.66,5,SATURATED,0.1
2026-02-19T10:24:46.165Z,5,50.63,5,SATURATED,0.1
2026-02-19T10:24:46.215Z,5,50.46,5,SATURATED,0.1
2026-02-19T10:24:46.265Z,5,50.52,5,SATURATED,0.1
2026-02-19T10:24:46.316Z,5,41.21,5,SATURATED,0.1
2026-02-19T10:24:46.365Z,5,20.47,6,OK,0.1
2026-02-19T10:24:46.415Z,6,20.29,7,OK,0.1
2026-02-19T10:24:46.466Z,6,20.36,8,OK,0.1
2026-02-19T10:24:46.517Z,6,20.33,9,OK,0.1
2026-02-19T10:24:46.567Z,6,20.48,10,OK,0.1
2026-02-19T10:24:46.618Z,6,20.27,11,OK,0.1
2026-02-19T10:24:46.668Z,6,20.53,12,OK,0.1
2026-02-19T10:24:46.719Z,6,20.55,13,OK,0.1
2026-02-19T10:24:46.833Z,7,35.79,11,OK,0.1
2026-02-19T10:24:46.884Z,5,35.69,9,OK,0.1
2026-02-19T10:24:46.934Z,5,35.72,7,OK,0.1
2026-02-19T10:24:46.984Z,5,35.67,5,SATURATED,0.1
2026-02-19T10:24:47.035Z,5,35.73,5,SATURATED,0.1
2026-02-19T10:24:47.144Z,5,27.08,5,SATURATED,0.1
2026-02-19T10:24:47.200Z,5,24.39,6,OK,0.1
2026-02-19T10:24:47.251Z,4,24.37,7,OK,0.1
2026-02-19T10:24:47.300Z,4,24.30,8,OK,0.1
2026-02-19T10:24:47.524Z,7,42.36,6,SATURATED,0.1
2026-02-19T10:24:47.578Z,6,32.51,5,SATURATED,0.1
2026-02-19T10:24:47.628Z,4,35.16,5,OK,0.1
2026-02-19T10:24:47.743Z,5,44.10,5,SATURATED,0.1
2026-02-19T10:24:47.793Z,4,44.11,5,OK,0.1
2026-02-19T10:24:47.843Z,3,25.97,5,OK,0.1
2026-02-19T10:24:47.893Z,3,29.31,5,OK,0.1
2026-02-19T10:24:47.943Z,3,29.30,5,OK,0.1
2026-02-19T10:24:47.993Z,4,20.37,6,OK,0.1
2026-02-19T10:24:48.045Z,5,20.40,7,OK,0.1
2026-02-19T10:24:48.149Z,7,36.84,5,SATURATED,0.1
2026-02-19T10:24:48.202Z,5,37.67,5,SATURATED,0.1
2026-02-19T10:24:48.252Z,5,37.84,5,SATURATED,0.1
2026-02-19T10:24:48.303Z,5,37.81,5,SATURATED,0.1
2026-02-19T10:24:48.353Z,5,37.76,5,SATURATED,0.1
2026-02-19T10:24:48.403Z,4,21.40,6,OK,0.1
2026-02-19T10:24:48.453Z,4,20.64,7,OK,0.1
2026-02-19T10:24:48.504Z,4,20.49,8,OK,0.1
2026-02-19T10:24:48.635Z,6,40.02,6,SATURATED,0.1
2026-02-19T10:24:48.704Z,6,39.80,5,SATURATED,0.1
2026-02-19T10:24:48.755Z,4,40.07,5,OK,0.1
2026-02-19T10:24:48.806Z,4,39.91,5,OK,0.1
2026-02-19T10:24:48.857Z,4,39.90,5,OK,0.1
2026-02-19T10:24:48.986Z,4,40.39,5,OK,0.1
2026-02-19T10:24:49.037Z,4,40.67,5,OK,0.1
2026-02-19T10:24:49.087Z,4,40.37,5,OK,0.1
2026-02-19T10:24:49.137Z,4,40.44,5,OK,0.1
2026-02-19T10:24:49.187Z,5,40.77,5,SATURATED,0.1
2026-02-19T10:24:49.240Z,5,21.69,6,OK,0.1
2026-02-19T10:24:49.290Z,4,21.66,7,OK,0.1
2026-02-19T10:24:49.340Z,4,21.64,8,OK,0.1
2026-02-19T10:24:49.391Z,4,21.67,9,OK,0.1
2026-02-19T10:24:49.441Z,4,21.36,10,OK,0.1
2026-02-19T10:24:49.491Z,4,20.43,11,OK,0.1
2026-02-19T10:24:49.541Z,4,20.44,12,OK,0.1
2026-02-19T10:24:49.592Z,4,20.42,13,OK,0.1
2026-02-19T10:24:49.643Z,10,20.37,14,OK,0.1
2026-02-19T10:24:49.732Z,14,24.09,15,OK,0.1
2026-02-19T10:24:49.854Z,14,34.44,14,SATURATED,0.1
2026-02-19T10:24:49.950Z,14,49.43,11,SATURATED,0.1
2026-02-19T10:24:49.999Z,8,49.41,8,SATURATED,0.1
2026-02-19T10:24:50.050Z,8,49.40,5,SATURATED,0.1
2026-02-19T10:24:50.101Z,8,45.65,5,SATURATED,0.1
2026-02-19T10:24:50.151Z,8,35.31,5,SATURATED,0.1
2026-02-19T10:24:50.201Z,8,20.32,6,SATURATED,0.1
2026-02-19T10:24:50.251Z,7,20.30,7,SATURATED,0.1
2026-02-19T10:24:50.302Z,7,20.31,8,OK,0.1
2026-02-19T10:24:50.353Z,8,20.31,9,OK,0.1
2026-02-19T10:24:50.403Z,8,20.38,10,OK,0.1
2026-02-19T10:24:50.453Z,8,20.40,11,OK,0.1
2026-02-19T10:24:50.503Z,8,20.42,12,OK,0.1
2026-02-19T10:24:50.554Z,8,20.38,13,OK,0.1
2026-02-19T10:24:50.604Z,8,20.37,14,OK,0.1
2026-02-19T10:24:50.654Z,8,20.28,15,OK,0.1
2026-02-19T10:24:50.704Z,8,20.29,16,OK,0.1
2026-02-19T10:24:50.810Z,10,34.64,15,OK,0.1
2026-02-19T10:24:50.917Z,9,42.00,13,OK,0.1
2026-02-19T10:24:50.969Z,13,38.36,11,SATURATED,0.1
2026-02-19T10:24:51.020Z,9,38.19,9,SATURATED,0.1
2026-02-19T10:24:51.070Z,9,38.20,7,SATURATED,0.1
2026-02-19T10:24:51.120Z,9,23.86,8,SATURATED,0.1
2026-02-19T10:24:51.171Z,9,16.55,9,SATURATED,0.1
2026-02-19T10:24:51.221Z,9,20.20,10,OK,0.1
2026-02-19T10:24:51.272Z,9,20.33,11,OK,0.1
2026-02-19T10:24:51.322Z,9,20.31,12,OK,0.1
2026-02-19T10:24:51.371Z,9,20.29,13,OK,0.1
2026-02-19T10:24:51.422Z,9,20.28,14,OK,0.1
2026-02-19T10:24:51.472Z,9,20.31,15,OK,0.1
2026-02-19T10:24:51.523Z,9,20.33,16,OK,0.1
2026-02-19T10:24:51.572Z,9,20.33,17,OK,0.1
2026-02-19T10:24:51.622Z,9,20.35,18,OK,0.1
2026-02-19T10:24:51.672Z,7,20.37,19,OK,0.1
2026-02-19T10:24:51.722Z,7,20.25,20,OK,0.1
2026-02-19T10:24:51.773Z,3,20.27,21,OK,0.1
2026-02-19T10:24:51.898Z,8,27.75,20,OK,0.1
2026-02-19T10:24:52.006Z,4,41.32,18,OK,0.1
2026-02-19T10:24:52.056Z,4,37.21,16,OK,0.1
2026-02-19T10:24:52.107Z,4,37.29,14,OK,0.1
2026-02-19T10:24:52.157Z,4,37.36,12,OK,0.1
2026-02-19T10:24:52.280Z,9,47.24,9,SATURATED,0.1
2026-02-19T10:24:52.353Z,9,34.17,8,SATURATED,0.1
2026-02-19T10:24:52.404Z,3,38.11,6,OK,0.1
2026-02-19T10:24:52.454Z,3,38.08,5,OK,0.1
2026-02-19T10:24:52.504Z,4,38.15,5,OK,0.1
2026-02-19T10:24:52.555Z,4,20.76,6,OK,0.1
2026-02-19T10:24:52.605Z,4,20.18,7,OK,0.1
2026-02-19T10:24:52.742Z,5,28.95,6,OK,0.1
2026-02-19T10:24:52.793Z,4,29.00,5,OK,0.1
2026-02-19T10:24:52.844Z,4,28.85,5,OK,0.1
2026-02-19T10:24:52.895Z,4,28.85,5,OK,0.1
2026-02-19T10:24:52.981Z,4,32.03,5,OK,0.1
2026-02-19T10:24:53.041Z,5,24.53,6,OK,0.1
2026-02-19T10:24:53.189Z,3,24.51,7,OK,0.1
2026-02-19T10:24:53.290Z,4,40.52,5,OK,0.1
2026-02-19T10:24:53.375Z,5,41.81,5,SATURATED,0.1
2026-02-19T10:24:53.425Z,3,38.60,5,OK,0.1
2026-02-19T10:24:53.475Z,3,37.43,5,OK,0.1
2026-02-19T10:24:53.525Z,3,37.41,5,OK,0.1
2026-02-19T10:24:53.576Z,3,21.47,6,OK,0.1
2026-02-19T10:24:53.626Z,3,20.18,7,OK,0.1
2026-02-19T10:24:53.728Z,3,34.47,6,OK,0.1
2026-02-19T10:24:53.810Z,4,36.84,5,OK,0.1
2026-02-19T10:24:53.861Z,3,36.85,5,OK,0.1
2026-02-19T10:24:53.911Z,4,36.84,5,OK,0.1
2026-02-19T10:24:53.962Z,4,36.82,5,OK,0.1
2026-02-19T10:24:54.166Z,4,57.51,5,OK,0.1
2026-02-19T10:24:54.221Z,5,52.11,5,SATURATED,0.1
2026-02-19T10:24:54.272Z,5,52.14,5,SATURATED,0.1
2026-02-19T10:24:54.322Z,5,52.07,5,SATURATED,0.1
2026-02-19T10:24:54.372Z,5,52.08,5,SATURATED,0.1
2026-02-19T10:24:54.423Z,5,17.12,6,OK,0.1
2026-02-19T10:24:54.542Z,5,39.85,5,SATURATED,0.1
2026-02-19T10:24:54.593Z,4,39.83,5,OK,0.1
2026-02-19T10:24:54.644Z,4,39.94,5,OK,0.1
2026-02-19T10:24:54.693Z,3,39.92,5,OK,0.1
2026-02-19T10:24:54.743Z,3,39.96,5,OK,0.1
2026-02-19T10:24:54.793Z,3,20.23,6,OK,0.1
2026-02-19T10:24:54.987Z,6,52.36,5,SATURATED,0.1
2026-02-19T10:24:55.038Z,3,52.29,5,OK,0.1
2026-02-19T10:24:55.087Z,3,52.34,5,OK,0.1
2026-02-19T10:24:55.138Z,3,52.41,5,OK,0.1
2026-02-19T10:24:55.189Z,5,52.84,5,SATURATED,0.1
2026-02-19T10:24:55.336Z,5,20.75,6,OK,0.1
2026-02-19T10:24:55.394Z,6,22.68,7,OK,0.1
2026-02-19T10:24:55.532Z,7,36.20,5,SATURATED,0.1
2026-02-19T10:24:55.581Z,4,36.11,5,OK,0.1
2026-02-19T10:24:55.632Z,4,35.75,5,OK,0.1
2026-02-19T10:24:55.682Z,4,35.72,5,OK,0.1
2026-02-19T10:24:55.733Z,4,33.92,5,OK,0.1
2026-02-19T10:24:55.784Z,4,20.34,6,OK,0.1
2026-02-19T10:24:55.833Z,3,20.58,7,OK,0.1
2026-02-19T10:24:55.883Z,3,20.58,8,OK,0.1
2026-02-19T10:24:55.934Z,2,20.70,9,OK,0.1
2026-02-19T10:24:55.984Z,2,20.60,10,OK,0.1
2026-02-19T10:24:56.147Z,9,39.18,8,SATURATED,0.1
2026-02-19T10:24:56.233Z,6,42.12,6,SATURATED,0.1
2026-02-19T10:24:56.285Z,5,47.67,5,SATURATED,0.1
2026-02-19T10:24:56.336Z,3,47.35,5,OK,0.1
2026-02-19T10:24:56.401Z,5,47.84,5,SATURATED,0.1
2026-02-19T10:24:56.450Z,3,29.83,5,OK,0.1
2026-02-19T10:24:56.501Z,3,26.69,5,OK,0.1
2026-02-19T10:24:56.569Z,5,24.86,6,OK,0.1
2026-02-19T10:24:56.665Z,5,40.24,5,SATURATED,0.1
2026-02-19T10:24:56.716Z,4,39.77,5,OK,0.1
2026-02-19T10:24:56.765Z,4,39.13,5,OK,0.1
2026-02-19T10:24:56.815Z,4,39.11,5,OK,0.1
2026-02-19T10:24:56.914Z,4,41.12,5,OK,0.1
2026-02-19T10:24:57.006Z,5,30.28,5,SATURATED,0.1
2026-02-19T10:24:57.056Z,4,30.11,5,OK,0.1
2026-02-19T10:24:57.107Z,4,30.26,5,OK,0.1
2026-02-19T10:24:57.157Z,4,30.39,5,OK,0.1
2026-02-19T10:24:57.208Z,4,24.66,6,OK,0.1
2026-02-19T10:24:57.262Z,6,20.38,7,OK,0.1
2026-02-19T10:24:57.313Z,5,20.55,8,OK,0.1
2026-02-19T10:24:57.437Z,7,28.28,7,SATURATED,0.1
2026-02-19T10:24:57.488Z,5,24.31,8,OK,0.1
2026-02-19T10:24:57.542Z,8,24.30,9,OK,0.1
2026-02-19T10:24:57.688Z,9,34.48,8,SATURATED,0.1
2026-02-19T10:24:57.739Z,7,34.44,7,SATURATED,0.1
2026-02-19T10:24:57.789Z,7,26.68,6,SATURATED,0.1
2026-02-19T10:24:57.840Z,7,30.55,5,SATURATED,0.1
2026-02-19T10:24:57.890Z,7,30.57,5,SATURATED,0.1
2026-02-19T10:24:57.941Z,7,20.33,6,SATURATED,0.1
2026-02-19T10:24:57.991Z,7,20.37,7,SATURATED,0.1
2026-02-19T10:24:58.042Z,7,20.42,8,OK,0.1
2026-02-19T10:24:58.092Z,7,20.39,9,OK,0.1
2026-02-19T10:24:58.142Z,7,20.40,10,OK,0.1
2026-02-19T10:24:58.193Z,6,20.32,11,OK,0.1
2026-02-19T10:24:58.326Z,8,20.40,12,OK,0.1
2026-02-19T10:24:58.586Z,12,68.33,7,SATURATED,0.1
2026-02-19T10:24:58.665Z,7,70.08,5,SATURATED,0.1
2026-02-19T10:24:58.715Z,6,69.92,5,SATURATED,0.1
2026-02-19T10:24:58.766Z,6,69.97,5,SATURATED,0.1
2026-02-19T10:24:58.816Z,6,69.98,5,SATURATED,0.1
2026-02-19T10:24:58.866Z,6,21.99,6,SATURATED,0.1
2026-02-19T10:24:58.917Z,6,20.26,7,OK,0.1
2026-02-19T10:24:59.028Z,6,28.55,6,SATURATED,0.1
2026-02-19T10:24:59.079Z,6,28.57,5,SATURATED,0.1
2026-02-19T10:24:59.129Z,6,28.44,5,SATURATED,0.1
2026-02-19T10:24:59.180Z,6,28.41,5,SATURATED,0.1
2026-02-19T10:24:59.229Z,6,28.38,5,SATURATED,0.1
2026-02-19T10:24:59.280Z,5,20.24,6,OK,0.1
2026-02-19T10:24:59.330Z,6,20.22,7,OK,0.1
2026-02-19T10:24:59.380Z,5,20.29,8,OK,0.1
2026-02-19T10:24:59.510Z,5,20.30,9,OK,0.1
2026-02-19T10:24:59.829Z,9,48.00,6,SATURATED,0.1
2026-02-19T10:24:59.931Z,6,54.34,5,SATURATED,0.1
2026-02-19T10:24:59.982Z,2,54.35,5,OK,0.1
2026-02-19T10:25:00.032Z,5,54.17,5,SATURATED,0.1
2026-02-19T10:25:00.083Z,2,54.19,5,OK,0.1
2026-02-19T10:25:00.132Z,2,26.49,5,OK,0.1
2026-02-19T10:25:00.183Z,3,20.11,6,OK,0.1
2026-02-19T10:25:00.233Z,3,20.16,7,OK,0.1
2026-02-19T10:25:00.284Z,3,20.31,8,OK,0.1
2026-02-19T10:25:00.334Z,4,20.32,9,OK,0.1
2026-02-19T10:25:00.384Z,4,20.31,10,OK,0.1
2026-02-19T10:25:00.434Z,4,20.38,11,OK,0.1
2026-02-19T10:25:00.485Z,4,20.29,12,OK,0.1
2026-02-19T10:25:00.534Z,6,20.36,13,OK,0.1
2026-02-19T10:25:00.616Z,5,22.68,14,OK,0.1
2026-02-19T10:25:00.785Z,14,42.45,12,SATURATED,0.1
2026-02-19T10:25:00.876Z,4,56.55,8,OK,0.1
2026-02-19T10:25:01.062Z,8,79.75,5,SATURATED,0.1
2026-02-19T10:25:01.170Z,5,87.20,5,SATURATED,0.1
2026-02-19T10:25:01.310Z,5,108.70,5,SATURATED,0.1
2026-02-19T10:25:01.360Z,5,88.94,5,SATURATED,0.1
2026-02-19T10:25:01.411Z,5,74.77,5,SATURATED,0.1
2026-02-19T10:25:01.461Z,5,51.67,5,SATURATED,0.1
2026-02-19T10:25:01.512Z,5,44.17,5,SATURATED,0.1
2026-02-19T10:25:01.561Z,5,20.29,6,OK,0.1
2026-02-19T10:25:01.612Z,5,20.32,7,OK,0.1
2026-02-19T10:25:01.661Z,6,20.35,8,OK,0.1
2026-02-19T10:25:01.711Z,6,20.30,9,OK,0.1
2026-02-19T10:25:01.761Z,6,20.13,10,OK,0.1
2026-02-19T10:25:01.859Z,7,32.60,9,OK,0.1
2026-02-19T10:25:01.960Z,8,38.74,7,SATURATED,0.1
2026-02-19T10:25:02.011Z,7,39.06,5,SATURATED,0.1
2026-02-19T10:25:02.061Z,6,38.96,5,SATURATED,0.1
2026-02-19T10:25:02.113Z,6,39.15,5,SATURATED,0.1
2026-02-19T10:25:02.164Z,5,26.74,5,SATURATED,0.1
2026-02-19T10:25:02.215Z,5,20.58,6,OK,0.1
2026-02-19T10:25:02.264Z,5,20.21,7,OK,0.1
2026-02-19T10:25:02.314Z,6,20.33,8,OK,0.1
2026-02-19T10:25:02.415Z,7,26.42,7,SATURATED,0.1
2026-02-19T10:25:02.466Z,4,26.36,6,OK,0.1
2026-02-19T10:25:02.516Z,4,26.41,5,OK,0.1
2026-02-19T10:25:02.566Z,4,26.44,5,OK,0.1
2026-02-19T10:25:02.616Z,4,26.44,5,OK,0.1
2026-02-19T10:25:02.667Z,4,20.32,6,OK,0.1
2026-02-19T10:25:02.718Z,4,20.32,7,OK,0.1
2026-02-19T10:25:02.769Z,4,20.28,8,OK,0.1
2026-02-19T10:25:02.818Z,4,20.20,9,OK,0.1
2026-02-19T10:25:02.945Z,9,20.21,10,OK,0.1
2026-02-19T10:25:03.128Z,9,52.50,7,SATURATED,0.1
2026-02-19T10:25:03.259Z,7,64.87,5,SATURATED,0.1
2026-02-19T10:25:03.308Z,4,60.82,5,OK,0.1
2026-02-19T10:25:03.359Z,3,61.12,5,OK,0.1
2026-02-19T10:25:03.410Z,3,61.16,5,OK,0.1
2026-02-19T10:25:03.459Z,4,28.85,5,OK,0.1
2026-02-19T10:25:03.510Z,4,16.49,6,OK,0.1
2026-02-19T10:25:03.623Z,5,36.14,5,SATURATED,0.1
2026-02-19T10:25:03.720Z,4,41.28,5,OK,0.1
2026-02-19T10:25:03.770Z,4,41.22,5,OK,0.1
2026-02-19T10:25:03.820Z,4,41.29,5,OK,0.1
2026-02-19T10:25:03.870Z,4,41.37,5,OK,0.1
2026-02-19T10:25:03.921Z,4,25.78,5,OK,0.1
2026-02-19T10:25:03.970Z,4,20.48,6,OK,0.1
2026-02-19T10:25:04.020Z,4,20.35,7,OK,0.1
2026-02-19T10:25:04.070Z,4,20.26,8,OK,0.1
2026-02-19T10:25:04.121Z,7,20.22,9,OK,0.1
2026-02-19T10:25:04.215Z,9,33.84,8,SATURATED,0.1
2026-02-19T10:25:04.265Z,8,29.74,7,SATURATED,0.1
2026-02-19T10:25:04.321Z,7,36.93,5,SATURATED,0.1
2026-02-19T10:25:04.372Z,5,36.85,5,SATURATED,0.1
2026-02-19T10:25:04.423Z,5,36.82,5,SATURATED,0.1
2026-02-19T10:25:04.473Z,5,23.18,6,OK,0.1
2026-02-19T10:25:04.523Z,5,27.26,5,SATURATED,0.1
2026-02-19T10:25:04.574Z,5,20.18,6,OK,0.1
2026-02-19T10:25:04.624Z,5,20.28,7,OK,0.1
2026-02-19T10:25:04.675Z,5,20.27,8,OK,0.1
2026-02-19T10:25:04.726Z,7,20.29,9,OK,0.1
2026-02-19T10:25:04.777Z,6,20.31,10,OK,0.1
2026-02-19T10:25:04.828Z,6,20.32,11,OK,0.1
2026-02-19T10:25:04.878Z,6,20.36,12,OK,0.1
2026-02-19T10:25:04.929Z,6,20.41,13,OK,0.1
2026-02-19T10:25:04.979Z,6,20.52,14,OK,0.1
2026-02-19T10:25:05.029Z,6,20.52,15,OK,0.1
2026-02-19T10:25:05.080Z,6,20.56,16,OK,0.1
2026-02-19T10:25:05.203Z,9,20.53,17,OK,0.1
2026-02-19T10:25:05.321Z,8,39.71,15,OK,0.1
2026-02-19T10:25:05.403Z,15,42.14,13,SATURATED,0.1
2026-02-19T10:25:05.546Z,13,56.63,9,SATURATED,0.1
2026-02-19T10:25:05.596Z,6,56.59,5,SATURATED,0.1
2026-02-19T10:25:05.647Z,6,56.58,5,SATURATED,0.1
2026-02-19T10:25:05.698Z,6,37.42,5,SATURATED,0.1
2026-02-19T10:25:05.748Z,6,34.90,5,SATURATED,0.1
2026-02-19T10:25:05.798Z,6,20.37,6,SATURATED,0.1
2026-02-19T10:25:05.849Z,6,20.44,7,OK,0.1
2026-02-19T10:25:05.899Z,6,20.47,8,OK,0.1
2026-02-19T10:25:05.950Z,6,20.40,9,OK,0.1
2026-02-19T10:25:06.000Z,6,20.32,10,OK,0.1
2026-02-19T10:25:06.051Z,6,20.31,11,OK,0.1
2026-02-19T10:25:06.100Z,6,20.29,12,OK,0.1
2026-02-19T10:25:06.150Z,5,20.37,13,OK,0.1
2026-02-19T10:25:06.200Z,5,20.39,14,OK,0.1
2026-02-19T10:25:06.283Z,6,22.99,15,OK,0.1
2026-02-19T10:25:06.613Z,13,74.93,10,SATURATED,0.1
2026-02-19T10:25:06.730Z,10,84.24,5,SATURATED,0.1
2026-02-19T10:25:06.780Z,6,84.13,5,SATURATED,0.1
2026-02-19T10:25:06.831Z,6,84.14,5,SATURATED,0.1
2026-02-19T10:25:06.882Z,6,81.65,5,SATURATED,0.1
2026-02-19T10:25:06.933Z,6,29.73,5,SATURATED,0.1
2026-02-19T10:25:06.984Z,6,20.48,6,SATURATED,0.1
2026-02-19T10:25:07.035Z,6,20.55,7,OK,0.1
2026-02-19T10:25:07.084Z,6,20.58,8,OK,0.1
2026-02-19T10:25:07.134Z,6,20.52,9,OK,0.1
2026-02-19T10:25:07.185Z,6,20.50,10,OK,0.1
2026-02-19T10:25:07.235Z,6,20.45,11,OK,0.1
2026-02-19T10:25:07.285Z,6,20.42,12,OK,0.1
2026-02-19T10:25:07.335Z,6,20.36,13,OK,0.1
2026-02-19T10:25:07.386Z,6,20.34,14,OK,0.1
2026-02-19T10:25:07.435Z,5,20.31,15,OK,0.1
2026-02-19T10:25:07.486Z,5,20.22,16,OK,0.1
2026-02-19T10:25:07.536Z,6,20.25,17,OK,0.1
2026-02-19T10:25:07.586Z,3,20.26,18,OK,0.1
2026-02-19T10:25:07.710Z,9,37.27,16,OK,0.1
2026-02-19T10:25:07.849Z,15,51.03,13,SATURATED,0.1
2026-02-19T10:25:07.899Z,5,47.02,10,OK,0.1
2026-02-19T10:25:07.947Z,5,46.95,7,OK,0.1
2026-02-19T10:25:07.997Z,5,46.88,5,SATURATED,0.1
2026-02-19T10:25:08.047Z,5,29.91,5,SATURATED,0.1
2026-02-19T10:25:08.097Z,5,16.16,6,OK,0.1
2026-02-19T10:25:08.147Z,5,20.26,7,OK,0.1
2026-02-19T10:25:08.197Z,5,20.29,8,OK,0.1
2026-02-19T10:25:08.247Z,5,20.37,9,OK,0.1
2026-02-19T10:25:08.297Z,6,20.41,10,OK,0.1
2026-02-19T10:25:08.347Z,6,20.45,11,OK,0.1
2026-02-19T10:25:08.443Z,6,25.55,10,OK,0.1
2026-02-19T10:25:08.493Z,5,25.56,9,OK,0.1
2026-02-19T10:25:08.615Z,4,25.55,8,OK,0.1
2026-02-19T10:25:08.698Z,5,37.97,6,OK,0.1
2026-02-19T10:25:08.798Z,5,43.88,5,SATURATED,0.1
2026-02-19T10:25:08.856Z,5,46.21,5,SATURATED,0.1
2026-02-19T10:25:08.923Z,5,45.74,5,SATURATED,0.1
2026-02-19T10:25:08.973Z,3,41.67,5,OK,0.1
2026-02-19T10:25:09.104Z,5,50.79,5,SATURATED,0.1
2026-02-19T10:25:09.154Z,3,44.84,5,OK,0.1
2026-02-19T10:25:09.204Z,3,37.35,5,OK,0.1
2026-02-19T10:25:09.254Z,3,37.81,5,OK,0.1
2026-02-19T10:25:09.304Z,4,41.87,5,OK,0.1
2026-02-19T10:25:09.355Z,4,20.38,6,OK,0.1
2026-02-19T10:25:09.405Z,4,20.43,7,OK,0.1
2026-02-19T10:25:09.455Z,5,20.47,8,OK,0.1
2026-02-19T10:25:09.505Z,5,20.48,9,OK,0.1
2026-02-19T10:25:09.555Z,5,20.44,10,OK,0.1
2026-02-19T10:25:09.605Z,5,20.34,11,OK,0.1
2026-02-19T10:25:09.655Z,4,20.28,12,OK,0.1
2026-02-19T10:25:09.774Z,4,20.23,13,OK,0.1
2026-02-19T10:25:09.898Z,13,28.54,12,SATURATED,0.1
2026-02-19T10:25:09.971Z,12,29.13,11,SATURATED,0.1
2026-02-19T10:25:10.026Z,11,26.05,10,SATURATED,0.1
2026-02-19T10:25:10.077Z,7,26.06,9,OK,0.1
2026-02-19T10:25:10.128Z,7,26.12,8,OK,0.1
2026-02-19T10:25:10.178Z,7,17.90,9,OK,0.1
2026-02-19T10:25:10.228Z,7,17.39,10,OK,0.1
2026-02-19T10:25:10.278Z,7,20.47,11,OK,0.1
2026-02-19T10:25:10.328Z,6,20.48,12,OK,0.1
2026-02-19T10:25:10.378Z,6,20.47,13,OK,0.1
2026-02-19T10:25:10.428Z,6,20.38,14,OK,0.1
2026-02-19T10:25:10.478Z,6,20.30,15,OK,0.1
2026-02-19T10:25:10.528Z,6,20.28,16,OK,0.1
2026-02-19T10:25:10.578Z,6,20.27,17,OK,0.1
2026-02-19T10:25:10.629Z,6,20.26,18,OK,0.1
2026-02-19T10:25:10.679Z,6,20.26,19,OK,0.1
2026-02-19T10:25:10.729Z,6,20.31,20,OK,0.1
2026-02-19T10:25:10.779Z,7,20.31,21,OK,0.1
2026-02-19T10:25:10.856Z,8,31.60,20,OK,0.1
2026-02-19T10:25:10.938Z,12,33.93,19,OK,0.1
2026-02-19T10:25:11.140Z,19,60.26,15,SATURATED,0.1
2026-02-19T10:25:11.214Z,15,71.05,10,SATURATED,0.1
2026-02-19T10:25:11.264Z,10,70.92,5,SATURATED,0.1
2026-02-19T10:25:11.314Z,9,59.89,5,SATURATED,0.1
2026-02-19T10:25:11.364Z,9,57.51,5,SATURATED,0.1
2026-02-19T10:25:11.414Z,9,31.16,5,SATURATED,0.1
2026-02-19T10:25:11.465Z,8,20.36,6,SATURATED,0.1
2026-02-19T10:25:11.515Z,8,20.45,7,SATURATED,0.1
2026-02-19T10:25:11.565Z,8,20.22,8,SATURATED,0.1
2026-02-19T10:25:11.616Z,8,20.26,9,OK,0.1
2026-02-19T10:25:11.666Z,8,20.23,10,OK,0.1
2026-02-19T10:25:11.716Z,8,20.24,11,OK,0.1
2026-02-19T10:25:11.766Z,8,20.28,12,OK,0.1
2026-02-19T10:25:11.816Z,7,20.18,13,OK,0.1
2026-02-19T10:25:11.867Z,7,20.20,14,OK,0.1
2026-02-19T10:25:11.918Z,7,20.22,15,OK,0.1
2026-02-19T10:25:11.968Z,7,20.19,16,OK,0.1
2026-02-19T10:25:12.019Z,4,20.25,17,OK,0.1
2026-02-19T10:25:12.069Z,4,20.24,18,OK,0.1
2026-02-19T10:25:12.209Z,17,20.22,19,OK,0.1
2026-02-19T10:25:12.504Z,18,75.19,13,SATURATED,0.1
2026-02-19T10:25:12.633Z,13,86.96,6,SATURATED,0.1
2026-02-19T10:25:12.684Z,5,86.89,5,SATURATED,0.1
2026-02-19T10:25:12.735Z,5,86.97,5,SATURATED,0.1
2026-02-19T10:25:12.785Z,5,87.00,5,SATURATED,0.1
2026-02-19T10:25:12.835Z,5,32.04,5,SATURATED,0.1
2026-02-19T10:25:12.885Z,5,20.31,6,OK,0.1
2026-02-19T10:25:12.936Z,5,20.37,7,OK,0.1
2026-02-19T10:25:13.056Z,4,20.39,8,OK,0.1
2026-02-19T10:25:13.135Z,4,32.05,7,OK,0.1
2026-02-19T10:25:13.185Z,2,32.09,6,OK,0.1
2026-02-19T10:25:13.290Z,2,39.01,5,OK,0.1
2026-02-19T10:25:13.377Z,5,52.15,5,SATURATED,0.1
2026-02-19T10:25:13.505Z,3,63.67,5,OK,0.1
2026-02-19T10:25:13.781Z,5,103.11,5,SATURATED,0.1
2026-02-19T10:25:13.924Z,5,117.62,5,SATURATED,0.1
2026-02-19T10:25:14.037Z,5,119.22,5,SATURATED,0.1
2026-02-19T10:25:14.088Z,3,105.97,5,OK,0.1
2026-02-19T10:25:14.138Z,3,94.51,5,OK,0.1
2026-02-19T10:25:14.189Z,3,43.32,5,OK,0.1
2026-02-19T10:25:14.240Z,3,28.85,5,OK,0.1
2026-02-19T10:25:14.290Z,3,20.28,6,OK,0.1
2026-02-19T10:25:14.340Z,3,20.38,7,OK,0.1
2026-02-19T10:25:14.391Z,5,20.31,8,OK,0.1
2026-02-19T10:25:14.442Z,5,20.36,9,OK,0.1
2026-02-19T10:25:14.492Z,5,20.32,10,OK,0.1
2026-02-19T10:25:14.543Z,5,20.17,11,OK,0.1
2026-02-19T10:25:14.593Z,5,20.20,12,OK,0.1
2026-02-19T10:25:14.645Z,12,20.19,13,OK,0.1
2026-02-19T10:25:14.740Z,13,25.15,12,SATURATED,0.1
2026-02-19T10:25:14.802Z,12,23.47,13,OK,0.1
2026-02-19T10:25:14.924Z,13,44.01,11,SATURATED,0.1
2026-02-19T10:25:14.974Z,10,39.90,9,SATURATED,0.1
2026-02-19T10:25:15.025Z,10,40.02,7,SATURATED,0.1
2026-02-19T10:25:15.075Z,10,35.25,5,SATURATED,0.1
2026-02-19T10:25:15.125Z,10,36.93,5,SATURATED,0.1
2026-02-19T10:25:15.175Z,10,16.45,6,SATURATED,0.1
2026-02-19T10:25:15.225Z,10,20.53,7,SATURATED,0.1
2026-02-19T10:25:15.275Z,10,20.52,8,SATURATED,0.1
2026-02-19T10:25:15.326Z,10,20.43,9,SATURATED,0.1
2026-02-19T10:25:15.376Z,10,20.44,10,SATURATED,0.1
2026-02-19T10:25:15.426Z,10,20.68,11,OK,0.1
2026-02-19T10:25:15.477Z,10,20.66,12,OK,0.1
2026-02-19T10:25:15.586Z,11,20.37,13,OK,0.1
2026-02-19T10:25:15.636Z,9,20.24,14,OK,0.1
2026-02-19T10:25:15.686Z,12,20.06,15,OK,0.1
2026-02-19T10:25:15.736Z,12,19.90,16,OK,0.1
2026-02-19T10:25:15.795Z,16,23.45,17,OK,0.1
2026-02-19T10:25:15.905Z,17,31.56,16,SATURATED,0.1
2026-02-19T10:25:16.025Z,16,41.55,14,SATURATED,0.1
2026-02-19T10:25:16.076Z,14,41.77,12,SATURATED,0.1
2026-02-19T10:25:16.127Z,14,41.80,10,SATURATED,0.1
2026-02-19T10:25:16.177Z,14,38.41,8,SATURATED,0.1
2026-02-19T10:25:16.227Z,14,30.46,7,SATURATED,0.1
2026-02-19T10:25:16.277Z,14,20.59,8,SATURATED,0.1
2026-02-19T10:25:16.328Z,14,20.46,9,SATURATED,0.1
2026-02-19T10:25:16.378Z,14,20.47,10,SATURATED,0.1
2026-02-19T10:25:16.428Z,11,20.35,11,SATURATED,0.1
2026-02-19T10:25:16.479Z,11,20.35,12,OK,0.1
2026-02-19T10:25:16.529Z,11,20.25,13,OK,0.1
2026-02-19T10:25:16.579Z,11,20.29,14,OK,0.1
2026-02-19T10:25:16.630Z,12,20.30,15,OK,0.1
2026-02-19T10:25:16.680Z,11,20.28,16,OK,0.1
2026-02-19T10:25:16.730Z,11,20.30,17,OK,0.1
2026-02-19T10:25:16.828Z,13,32.99,16,OK,0.1
2026-02-19T10:25:16.878Z,9,28.94,15,OK,0.1
2026-02-19T10:25:16.966Z,14,41.83,13,SATURATED,0.1
2026-02-19T10:25:17.196Z,12,79.32,7,SATURATED,0.1
2026-02-19T10:25:17.246Z,10,75.45,5,SATURATED,0.1
2026-02-19T10:25:17.297Z,9,62.68,5,SATURATED,0.1
2026-02-19T10:25:17.347Z,9,66.78,5,SATURATED,0.1
2026-02-19T10:25:17.397Z,9,53.83,5,SATURATED,0.1
2026-02-19T10:25:17.447Z,9,16.31,6,SATURATED,0.1
2026-02-19T10:25:17.498Z,9,20.19,7,SATURATED,0.1
2026-02-19T10:25:17.549Z,9,20.40,8,SATURATED,0.1
2026-02-19T10:25:17.599Z,9,20.38,9,SATURATED,0.1
2026-02-19T10:25:17.649Z,7,20.42,10,OK,0.1
2026-02-19T10:25:17.735Z,9,33.45,9,SATURATED,0.1
2026-02-19T10:25:17.829Z,9,38.17,7,SATURATED,0.1
2026-02-19T10:25:17.883Z,7,40.10,5,SATURATED,0.1
2026-02-19T10:25:17.934Z,5,40.02,5,SATURATED,0.1
2026-02-19T10:25:17.993Z,5,40.03,5,SATURATED,0.1
2026-02-19T10:25:18.044Z,5,26.92,5,SATURATED,0.1
2026-02-19T10:25:18.094Z,5,22.20,6,OK,0.1
2026-02-19T10:25:18.190Z,5,35.19,5,SATURATED,0.1
2026-02-19T10:25:18.246Z,5,35.18,5,SATURATED,0.1
2026-02-19T10:25:18.297Z,5,35.16,5,SATURATED,0.1
2026-02-19T10:25:18.348Z,5,35.28,5,SATURATED,0.1
2026-02-19T10:25:18.398Z,5,35.24,5,SATURATED,0.1
2026-02-19T10:25:18.449Z,5,20.24,6,OK,0.1
2026-02-19T10:25:18.499Z,5,20.26,7,OK,0.1
2026-02-19T10:25:18.549Z,5,20.32,8,OK,0.1
2026-02-19T10:25:18.599Z,4,20.27,9,OK,0.1
2026-02-19T10:25:18.676Z,5,21.63,10,OK,0.1
2026-02-19T10:25:18.726Z,4,21.61,11,OK,0.1
2026-02-19T10:25:18.814Z,4,33.19,10,OK,0.1
2026-02-19T10:25:18.923Z,10,47.07,7,SATURATED,0.1
2026-02-19T10:25:18.974Z,6,43.24,5,SATURATED,0.1
2026-02-19T10:25:19.024Z,6,41.87,5,SATURATED,0.1
2026-02-19T10:25:19.074Z,6,41.86,5,SATURATED,0.1
2026-02-19T10:25:19.124Z,6,30.34,5,SATURATED,0.1
2026-02-19T10:25:19.174Z,6,16.44,6,SATURATED,0.1
2026-02-19T10:25:19.225Z,6,20.38,7,OK,0.1
2026-02-19T10:25:19.275Z,7,21.67,8,OK,0.1
2026-02-19T10:25:19.326Z,7,21.94,9,OK,0.1
2026-02-19T10:25:19.376Z,7,21.94,10,OK,0.1
2026-02-19T10:25:19.426Z,8,21.93,11,OK,0.1
2026-02-19T10:25:19.476Z,8,21.86,12,OK,0.1
2026-02-19T10:25:19.527Z,9,20.53,13,OK,0.1
2026-02-19T10:25:19.577Z,8,20.26,14,OK,0.1
2026-02-19T10:25:19.627Z,8,20.28,15,OK,0.1
2026-02-19T10:25:19.678Z,8,20.28,16,OK,0.1
2026-02-19T10:25:19.728Z,8,20.32,17,OK,0.1
2026-02-19T10:25:19.778Z,8,20.21,18,OK,0.1
2026-02-19T10:25:19.828Z,8,20.46,19,OK,0.1
2026-02-19T10:25:19.922Z,9,25.16,18,OK,0.1
2026-02-19T10:25:20.015Z,9,29.69,17,OK,0.1
2026-02-19T10:25:20.238Z,17,60.19,13,SATURATED,0.1
2026-02-19T10:25:20.396Z,13,88.01,6,SATURATED,0.1
2026-02-19T10:25:20.446Z,9,87.81,5,SATURATED,0.1
2026-02-19T10:25:20.497Z,9,83.09,5,SATURATED,0.1
2026-02-19T10:25:20.548Z,9,78.58,5,SATURATED,0.1
2026-02-19T10:25:20.599Z,9,48.02,5,SATURATED,0.1
2026-02-19T10:25:20.649Z,9,20.39,6,SATURATED,0.1
2026-02-19T10:25:20.699Z,9,20.40,7,SATURATED,0.1
2026-02-19T10:25:20.749Z,9,20.35,8,SATURATED,0.1
2026-02-19T10:25:20.799Z,9,20.25,9,SATURATED,0.1
2026-02-19T10:25:20.906Z,7,20.14,10,OK,0.1
2026-02-19T10:25:20.984Z,10,31.63,9,SATURATED,0.1
2026-02-19T10:25:21.035Z,6,31.60,8,OK,0.1
2026-02-19T10:25:21.086Z,6,31.65,7,OK,0.1
2026-02-19T10:25:21.137Z,6,31.76,6,SATURATED,0.1
2026-02-19T10:25:21.188Z,6,32.03,5,SATURATED,0.1
2026-02-19T10:25:21.238Z,5,20.66,6,OK,0.1
2026-02-19T10:25:21.321Z,6,23.18,7,OK,0.1
2026-02-19T10:25:21.465Z,7,23.17,8,OK,0.1
2026-02-19T10:25:21.525Z,8,30.78,7,SATURATED,0.1
2026-02-19T10:25:21.575Z,5,30.63,6,OK,0.1
2026-02-19T10:25:21.625Z,5,30.49,5,SATURATED,0.1
2026-02-19T10:25:21.675Z,5,27.98,5,SATURATED,0.1
2026-02-19T10:25:21.725Z,5,27.88,5,SATURATED,0.1
2026-02-19T10:25:21.776Z,5,20.23,6,OK,0.1
2026-02-19T10:25:21.826Z,5,20.23,7,OK,0.1
2026-02-19T10:25:21.877Z,4,20.14,8,OK,0.1
2026-02-19T10:25:21.927Z,4,20.34,9,OK,0.1
2026-02-19T10:25:21.977Z,4,20.44,10,OK,0.1
2026-02-19T10:25:22.067Z,6,24.38,11,OK,0.1
2026-02-19T10:25:22.117Z,6,24.19,12,OK,0.1
2026-02-19T10:25:22.167Z,6,24.27,13,OK,0.1
2026-02-19T10:25:22.275Z,5,30.70,12,OK,0.1
2026-02-19T10:25:22.427Z,12,47.04,9,SATURATED,0.1
2026-02-19T10:25:22.595Z,6,67.86,5,SATURATED,0.1
2026-02-19T10:25:22.652Z,5,65.38,5,SATURATED,0.1
2026-02-19T10:25:22.702Z,4,65.55,5,OK,0.1
2026-02-19T10:25:22.752Z,4,58.87,5,OK,0.1
2026-02-19T10:25:22.803Z,4,42.58,5,OK,0.1
2026-02-19T10:25:22.853Z,4,17.84,6,OK,0.1
2026-02-19T10:25:22.904Z,4,20.53,7,OK,0.1
2026-02-19T10:25:22.955Z,5,20.40,8,OK,0.1
2026-02-19T10:25:23.005Z,5,20.51,9,OK,0.1
2026-02-19T10:25:23.056Z,5,20.50,10,OK,0.1
2026-02-19T10:25:23.153Z,10,35.39,8,SATURATED,0.1
2026-02-19T10:25:23.204Z,6,35.12,6,SATURATED,0.1
2026-02-19T10:25:23.254Z,5,35.32,5,SATURATED,0.1
2026-02-19T10:25:23.305Z,5,35.35,5,SATURATED,0.1
2026-02-19T10:25:23.355Z,5,35.35,5,SATURATED,0.1
2026-02-19T10:25:23.405Z,5,20.37,6,OK,0.1
2026-02-19T10:25:23.500Z,6,25.54,5,SATURATED,0.1
2026-02-19T10:25:23.550Z,4,25.40,5,OK,0.1
2026-02-19T10:25:23.600Z,5,25.27,5,SATURATED,0.1
2026-02-19T10:25:23.717Z,5,42.35,5,SATURATED,0.1
2026-02-19T10:25:23.767Z,4,42.57,5,OK,0.1
2026-02-19T10:25:23.817Z,4,37.63,5,OK,0.1
2026-02-19T10:25:23.868Z,4,37.94,5,OK,0.1
2026-02-19T10:25:23.919Z,4,38.01,5,OK,0.1
2026-02-19T10:25:23.969Z,4,20.87,6,OK,0.1
2026-02-19T10:25:24.020Z,4,20.69,7,OK,0.1
2026-02-19T10:25:24.071Z,4,20.74,8,OK,0.1
2026-02-19T10:25:24.121Z,2,20.33,9,OK,0.1
2026-02-19T10:25:24.272Z,5,20.27,10,OK,0.1
2026-02-19T10:25:24.322Z,3,20.30,11,OK,0.1
2026-02-19T10:25:24.372Z,3,20.32,12,OK,0.1
2026-02-19T10:25:24.525Z,5,46.54,9,OK,0.1
2026-02-19T10:25:24.741Z,9,75.69,5,SATURATED,0.1
2026-02-19T10:25:24.931Z,5,99.64,5,SATURATED,0.1
2026-02-19T10:25:24.981Z,2,99.63,5,OK,0.1
2026-02-19T10:25:25.031Z,2,99.74,5,OK,0.1
2026-02-19T10:25:25.162Z,2,73.46,5,OK,0.1
2026-02-19T10:25:25.212Z,2,44.22,5,OK,0.1
2026-02-19T10:25:25.262Z,2,20.37,6,OK,0.1
2026-02-19T10:25:25.361Z,4,35.88,5,OK,0.1
2026-02-19T10:25:25.411Z,3,35.78,5,OK,0.1
2026-02-19T10:25:25.462Z,3,35.83,5,OK,0.1
2026-02-19T10:25:25.513Z,3,35.97,5,OK,0.1
2026-02-19T10:25:25.563Z,3,35.71,5,OK,0.1
2026-02-19T10:25:25.613Z,3,20.10,6,OK,0.1
2026-02-19T10:25:25.664Z,4,20.10,7,OK,0.1
2026-02-19T10:25:25.774Z,7,37.90,5,SATURATED,0.1
2026-02-19T10:25:25.825Z,6,34.01,5,SATURATED,0.1
2026-02-19T10:25:25.875Z,6,34.17,5,SATURATED,0.1
2026-02-19T10:25:25.926Z,6,35.63,5,SATURATED,0.1
2026-02-19T10:25:25.977Z,6,35.59,5,SATURATED,0.1
2026-02-19T10:25:26.027Z,6,17.83,6,SATURATED,0.1
2026-02-19T10:25:26.078Z,6,21.71,7,OK,0.1
2026-02-19T10:25:26.129Z,6,21.71,8,OK,0.1
2026-02-19T10:25:26.179Z,7,20.24,9,OK,0.1
2026-02-19T10:25:26.230Z,7,20.26,10,OK,0.1
2026-02-19T10:25:26.280Z,7,20.23,11,OK,0.1
2026-02-19T10:25:26.359Z,9,31.95,10,OK,0.1
2026-02-19T10:25:26.447Z,9,35.50,8,SATURATED,0.1
2026-02-19T10:25:26.498Z,7,35.66,6,SATURATED,0.1
2026-02-19T10:25:26.548Z,7,35.67,5,SATURATED,0.1
2026-02-19T10:25:26.598Z,7,35.62,5,SATURATED,0.1
2026-02-19T10:25:26.648Z,7,23.89,6,SATURATED,0.1
2026-02-19T10:25:26.698Z,7,20.28,7,SATURATED,0.1
2026-02-19T10:25:26.749Z,7,20.22,8,OK,0.1
2026-02-19T10:25:26.803Z,8,21.30,9,OK,0.1
2026-02-19T10:25:26.853Z,8,21.21,10,OK,0.1
2026-02-19T10:25:26.909Z,10,21.19,11,OK,0.1
2026-02-19T10:25:26.966Z,11,23.39,12,OK,0.1
2026-02-19T10:25:27.017Z,8,23.44,13,OK,0.1
2026-02-19T10:25:27.067Z,8,22.50,14,OK,0.1
2026-02-19T10:25:27.117Z,8,22.59,15,OK,0.1
2026-02-19T10:25:27.167Z,7,22.71,16,OK,0.1
2026-02-19T10:25:27.217Z,7,20.48,17,OK,0.1
2026-02-19T10:25:27.268Z,7,20.45,18,OK,0.1
2026-02-19T10:25:27.318Z,7,20.30,19,OK,0.1
2026-02-19T10:25:27.440Z,8,20.28,20,OK,0.1
2026-02-19T10:25:27.490Z,6,20.13,21,OK,0.1
2026-02-19T10:25:27.610Z,6,20.25,22,OK,0.1
2026-02-19T10:25:27.660Z,6,20.29,23,OK,0.1
2026-02-19T10:25:27.874Z,14,56.88,19,OK,0.1
2026-02-19T10:25:28.061Z,19,80.25,13,SATURATED,0.1
2026-02-19T10:25:28.235Z,10,101.03,5,SATURATED,0.1
2026-02-19T10:25:28.286Z,5,100.98,5,SATURATED,0.1
2026-02-19T10:25:28.336Z,5,100.92,5,SATURATED,0.1
2026-02-19T10:25:28.386Z,5,64.39,5,SATURATED,0.1
2026-02-19T10:25:28.436Z,5,41.06,5,SATURATED,0.1
2026-02-19T10:25:28.486Z,5,20.31,6,OK,0.1
2026-02-19T10:25:28.536Z,5,20.34,7,OK,0.1
2026-02-19T10:25:28.586Z,5,20.37,8,OK,0.1
2026-02-19T10:25:28.636Z,6,20.16,9,OK,0.1
2026-02-19T10:25:28.686Z,6,20.17,10,OK,0.1
2026-02-19T10:25:28.737Z,7,20.19,11,OK,0.1
2026-02-19T10:25:28.787Z,6,20.14,12,OK,0.1
2026-02-19T10:25:28.838Z,6,20.14,13,OK,0.1
2026-02-19T10:25:28.888Z,8,20.33,14,OK,0.1
2026-02-19T10:25:28.939Z,8,20.30,15,OK,0.1
2026-02-19T10:25:28.990Z,9,20.32,16,OK,0.1
2026-02-19T10:25:29.157Z,8,39.72,14,OK,0.1
2026-02-19T10:25:29.219Z,14,47.93,11,SATURATED,0.1
2026-02-19T10:25:29.276Z,11,45.24,8,SATURATED,0.1
2026-02-19T10:25:29.327Z,8,45.32,5,SATURATED,0.1
2026-02-19T10:25:29.378Z,8,45.25,5,SATURATED,0.1
2026-02-19T10:25:29.429Z,8,25.92,5,SATURATED,0.1
2026-02-19T10:25:29.479Z,8,17.66,6,SATURATED,0.1
2026-02-19T10:25:29.529Z,8,20.33,7,SATURATED,0.1
2026-02-19T10:25:29.580Z,8,20.28,8,SATURATED,0.1
2026-02-19T10:25:29.631Z,8,20.41,9,OK,0.1
2026-02-19T10:25:29.681Z,8,20.42,10,OK,0.1
2026-02-19T10:25:29.765Z,6,32.92,9,OK,0.1
2026-02-19T10:25:29.816Z,9,32.88,8,SATURATED,0.1
2026-02-19T10:25:29.867Z,9,32.84,7,SATURATED,0.1
2026-02-19T10:25:29.917Z,8,32.75,6,SATURATED,0.1
2026-02-19T10:25:29.968Z,8,32.72,5,SATURATED,0.1
2026-02-19T10:25:30.018Z,7,20.28,6,SATURATED,0.1
2026-02-19T10:25:30.068Z,7,20.31,7,SATURATED,0.1
2026-02-19T10:25:30.118Z,7,20.31,8,OK,0.1
2026-02-19T10:25:30.170Z,8,20.30,9,OK,0.1
2026-02-19T10:25:30.384Z,9,37.59,7,SATURATED,0.1
2026-02-19T10:25:30.458Z,7,38.51,5,SATURATED,0.1
2026-02-19T10:25:30.508Z,7,38.53,5,SATURATED,0.1
2026-02-19T10:25:30.558Z,7,38.59,5,SATURATED,0.1
2026-02-19T10:25:30.608Z,7,38.61,5,SATURATED,0.1
2026-02-19T10:25:30.658Z,6,21.34,6,SATURATED,0.1
2026-02-19T10:25:30.708Z,5,20.45,7,OK,0.1
2026-02-19T10:25:30.758Z,5,20.43,8,OK,0.1
2026-02-19T10:25:30.850Z,6,33.63,7,OK,0.1
2026-02-19T10:25:30.900Z,4,33.77,6,OK,0.1
2026-02-19T10:25:30.951Z,4,33.74,5,OK,0.1
2026-02-19T10:25:31.001Z,4,33.71,5,OK,0.1
2026-02-19T10:25:31.051Z,4,33.72,5,OK,0.1
2026-02-19T10:25:31.101Z,4,20.51,6,OK,0.1
2026-02-19T10:25:31.152Z,4,20.35,7,OK,0.1
2026-02-19T10:25:31.258Z,7,26.67,6,SATURATED,0.1
2026-02-19T10:25:31.308Z,5,26.58,5,SATURATED,0.1
2026-02-19T10:25:31.358Z,5,26.61,5,SATURATED,0.1
2026-02-19T10:25:31.409Z,5,26.55,5,SATURATED,0.1
2026-02-19T10:25:31.459Z,5,26.63,5,SATURATED,0.1
2026-02-19T10:25:31.509Z,5,20.32,6,OK,0.1
2026-02-19T10:25:31.560Z,5,20.38,7,OK,0.1
2026-02-19T10:25:31.610Z,5,20.28,8,OK,0.1
2026-02-19T10:25:31.661Z,5,20.38,9,OK,0.1
2026-02-19T10:25:31.711Z,5,20.38,10,OK,0.1
2026-02-19T10:25:31.761Z,5,20.36,11,OK,0.1
2026-02-19T10:25:31.811Z,4,20.34,12,OK,0.1
2026-02-19T10:25:31.950Z,8,20.41,13,OK,0.1
2026-02-19T10:25:32.000Z,6,20.35,14,OK,0.1
2026-02-19T10:25:32.051Z,6,20.30,15,OK,0.1
2026-02-19T10:25:32.101Z,6,20.32,16,OK,0.1
2026-02-19T10:25:32.152Z,6,20.37,17,OK,0.1
2026-02-19T10:25:32.203Z,9,20.40,18,OK,0.1
2026-02-19T10:25:32.253Z,9,20.42,19,OK,0.1
2026-02-19T10:25:32.527Z,18,71.14,14,SATURATED,0.1
2026-02-19T10:25:32.751Z,14,101.87,6,SATURATED,0.1
2026-02-19T10:25:32.802Z,9,101.87,5,SATURATED,0.1
2026-02-19T10:25:32.854Z,9,101.82,5,SATURATED,0.1
2026-02-19T10:25:32.905Z,8,101.78,5,SATURATED,0.1
2026-02-19T10:25:32.955Z,8,51.01,5,SATURATED,0.1
2026-02-19T10:25:33.006Z,8,20.28,6,SATURATED,0.1
2026-02-19T10:25:33.057Z,8,20.34,7,SATURATED,0.1
2026-02-19T10:25:33.107Z,8,20.39,8,SATURATED,0.1
2026-02-19T10:25:33.157Z,8,20.41,9,OK,0.1
2026-02-19T10:25:33.208Z,7,20.53,10,OK,0.1
2026-02-19T10:25:33.258Z,7,20.54,11,OK,0.1
2026-02-19T10:25:33.309Z,7,20.56,12,OK,0.1
2026-02-19T10:25:33.358Z,7,20.58,13,OK,0.1
2026-02-19T10:25:33.408Z,7,20.58,14,OK,0.1
2026-02-19T10:25:33.458Z,7,20.31,15,OK,0.1
2026-02-19T10:25:33.508Z,7,20.29,16,OK,0.1
2026-02-19T10:25:33.610Z,11,33.54,15,OK,0.1
2026-02-19T10:25:33.732Z,11,49.82,12,OK,0.1
2026-02-19T10:25:33.796Z,12,48.55,9,SATURATED,0.1
2026-02-19T10:25:33.847Z,8,48.67,6,SATURATED,0.1
2026-02-19T10:25:33.897Z,7,48.67,5,SATURATED,0.1
2026-02-19T10:25:33.947Z,7,35.39,5,SATURATED,0.1
2026-02-19T10:25:33.997Z,6,19.08,6,SATURATED,0.1
2026-02-19T10:25:34.048Z,6,20.29,7,OK,0.1
2026-02-19T10:25:34.099Z,6,20.33,8,OK,0.1
2026-02-19T10:25:34.149Z,6,20.49,9,OK,0.1
2026-02-19T10:25:34.344Z,5,20.40,10,OK,0.1
2026-02-19T10:25:34.430Z,3,33.47,9,OK,0.1
2026-02-19T10:25:34.481Z,4,33.52,8,OK,0.1
2026-02-19T10:25:34.531Z,4,33.53,7,OK,0.1
2026-02-19T10:25:34.581Z,4,33.27,6,OK,0.1
2026-02-19T10:25:34.633Z,6,33.29,5,SATURATED,0.1
2026-02-19T10:25:34.683Z,5,20.11,6,OK,0.1
2026-02-19T10:25:34.733Z,5,20.10,7,OK,0.1
2026-02-19T10:25:34.799Z,7,20.54,8,OK,0.1
2026-02-19T10:25:34.925Z,8,29.17,7,SATURATED,0.1
2026-02-19T10:25:34.975Z,7,29.08,6,SATURATED,0.1
2026-02-19T10:25:35.026Z,7,29.23,5,SATURATED,0.1
2026-02-19T10:25:35.076Z,7,29.30,5,SATURATED,0.1
2026-02-19T10:25:35.127Z,7,28.84,5,SATURATED,0.1
2026-02-19T10:25:35.178Z,7,20.33,6,SATURATED,0.1
2026-02-19T10:25:35.228Z,7,20.34,7,SATURATED,0.1
2026-02-19T10:25:35.278Z,7,20.30,8,OK,0.1
2026-02-19T10:25:35.328Z,7,20.24,9,OK,0.1
2026-02-19T10:25:35.378Z,9,20.37,10,OK,0.1
2026-02-19T10:25:35.428Z,9,20.39,11,OK,0.1
2026-02-19T10:25:35.479Z,9,20.40,12,OK,0.1
2026-02-19T10:25:35.529Z,9,20.40,13,OK,0.1
2026-02-19T10:25:35.579Z,9,20.42,14,OK,0.1
2026-02-19T10:25:35.692Z,7,20.32,15,OK,0.1
2026-02-19T10:25:35.789Z,15,35.38,13,SATURATED,0.1
2026-02-19T10:25:36.073Z,13,78.18,7,SATURATED,0.1
2026-02-19T10:25:36.126Z,8,84.74,5,SATURATED,0.1
2026-02-19T10:25:36.177Z,8,84.71,5,SATURATED,0.1
2026-02-19T10:25:36.228Z,8,84.71,5,SATURATED,0.1
2026-02-19T10:25:36.278Z,8,69.57,5,SATURATED,0.1
2026-02-19T10:25:36.329Z,8,26.79,5,SATURATED,0.1
2026-02-19T10:25:36.379Z,8,20.10,6,SATURATED,0.1
2026-02-19T10:25:36.430Z,8,20.17,7,SATURATED,0.1
2026-02-19T10:25:36.480Z,7,20.15,8,OK,0.1
2026-02-19T10:25:36.530Z,7,20.21,9,OK,0.1
2026-02-19T10:25:36.580Z,7,20.30,10,OK,0.1
2026-02-19T10:25:36.697Z,8,20.37,11,OK,0.1
2026-02-19T10:25:36.747Z,6,20.30,12,OK,0.1
2026-02-19T10:25:36.857Z,6,20.30,13,OK,0.1
2026-02-19T10:25:37.026Z,12,50.09,10,SATURATED,0.1
2026-02-19T10:25:37.156Z,7,61.98,6,SATURATED,0.1
2026-02-19T10:25:37.318Z,6,80.35,5,SATURATED,0.1
2026-02-19T10:25:37.369Z,3,80.36,5,OK,0.1
2026-02-19T10:25:37.420Z,3,80.40,5,OK,0.1
2026-02-19T10:25:37.471Z,3,50.67,5,OK,0.1
2026-02-19T10:25:37.522Z,3,38.80,5,OK,0.1
2026-02-19T10:25:37.573Z,3,20.39,6,OK,0.1
2026-02-19T10:25:37.623Z,3,20.35,7,OK,0.1
2026-02-19T10:25:37.673Z,3,20.39,8,OK,0.1
2026-02-19T10:25:37.723Z,3,20.28,9,OK,0.1
2026-02-19T10:25:37.773Z,3,20.30,10,OK,0.1
2026-02-19T10:25:37.823Z,3,20.36,11,OK,0.1
2026-02-19T10:25:37.873Z,4,20.39,12,OK,0.1
2026-02-19T10:25:37.924Z,3,20.30,13,OK,0.1
2026-02-19T10:25:37.971Z,4,20.33,14,OK,0.1
2026-02-19T10:25:38.095Z,10,20.33,15,OK,0.1
2026-02-19T10:25:38.190Z,11,35.10,13,OK,0.1
2026-02-19T10:25:38.289Z,12,40.85,11,SATURATED,0.1
2026-02-19T10:25:38.349Z,11,48.79,8,SATURATED,0.1
2026-02-19T10:25:38.400Z,7,44.94,6,SATURATED,0.1
2026-02-19T10:25:38.451Z,7,44.88,5,SATURATED,0.1
2026-02-19T10:25:38.501Z,7,30.15,5,SATURATED,0.1
2026-02-19T10:25:38.551Z,7,24.40,6,SATURATED,0.1
2026-02-19T10:25:38.602Z,7,16.58,7,SATURATED,0.1
2026-02-19T10:25:38.652Z,7,20.43,8,OK,0.1
2026-02-19T10:25:38.704Z,8,20.52,9,OK,0.1
2026-02-19T10:25:38.870Z,7,39.62,7,SATURATED,0.1
2026-02-19T10:25:38.921Z,7,39.67,5,SATURATED,0.1
2026-02-19T10:25:38.971Z,7,39.59,5,SATURATED,0.1
2026-02-19T10:25:39.021Z,6,39.69,5,SATURATED,0.1
2026-02-19T10:25:39.071Z,6,39.55,5,SATURATED,0.1
2026-02-19T10:25:39.121Z,6,20.34,6,SATURATED,0.1
2026-02-19T10:25:39.172Z,6,20.32,7,OK,0.1
2026-02-19T10:25:39.222Z,6,20.58,8,OK,0.1
2026-02-19T10:25:39.273Z,6,20.49,9,OK,0.1
2026-02-19T10:25:39.465Z,9,54.28,6,SATURATED,0.1
2026-02-19T10:25:39.558Z,8,58.89,5,SATURATED,0.1
2026-02-19T10:25:39.608Z,8,58.87,5,SATURATED,0.1
2026-02-19T10:25:39.658Z,8,58.60,5,SATURATED,0.1
2026-02-19T10:25:39.708Z,8,58.57,5,SATURATED,0.1
2026-02-19T10:25:39.758Z,8,24.76,6,SATURATED,0.1
2026-02-19T10:25:39.808Z,8,20.11,7,SATURATED,0.1
2026-02-19T10:25:39.859Z,7,20.15,8,OK,0.1
2026-02-19T10:25:39.909Z,7,20.13,9,OK,0.1
2026-02-19T10:25:39.959Z,6,20.14,10,OK,0.1
2026-02-19T10:25:40.009Z,6,20.30,11,OK,0.1
2026-02-19T10:25:40.059Z,6,20.41,12,OK,0.1
2026-02-19T10:25:40.109Z,5,20.39,13,OK,0.1
2026-02-19T10:25:40.159Z,5,20.41,14,OK,0.1
2026-02-19T10:25:40.286Z,14,28.39,13,SATURATED,0.1
2026-02-19T10:25:40.336Z,9,28.24,12,OK,0.1
2026-02-19T10:25:40.387Z,8,28.26,11,OK,0.1
2026-02-19T10:25:40.438Z,8,28.16,10,OK,0.1
2026-02-19T10:25:40.597Z,10,46.10,7,SATURATED,0.1
2026-02-19T10:25:40.674Z,8,49.51,5,SATURATED,0.1
2026-02-19T10:25:40.724Z,8,49.52,5,SATURATED,0.1
2026-02-19T10:25:40.775Z,8,49.49,5,SATURATED,0.1
2026-02-19T10:25:40.826Z,8,49.57,5,SATURATED,0.1
2026-02-19T10:25:40.876Z,8,31.60,5,SATURATED,0.1
2026-02-19T10:25:40.926Z,8,20.25,6,SATURATED,0.1
2026-02-19T10:25:40.977Z,8,20.30,7,SATURATED,0.1
2026-02-19T10:25:41.027Z,8,20.30,8,SATURATED,0.1
2026-02-19T10:25:41.078Z,8,20.41,9,OK,0.1
2026-02-19T10:25:41.128Z,8,20.47,10,OK,0.1
2026-02-19T10:25:41.179Z,8,20.45,11,OK,0.1
2026-02-19T10:25:41.270Z,9,24.57,12,OK,0.1
2026-02-19T10:25:41.380Z,9,31.50,11,OK,0.1
2026-02-19T10:25:41.430Z,9,31.40,10,OK,0.1
2026-02-19T10:25:41.552Z,10,31.35,9,SATURATED,0.1
2026-02-19T10:25:41.603Z,9,31.26,8,SATURATED,0.1
2026-02-19T10:25:41.668Z,8,29.15,7,SATURATED,0.1
2026-02-19T10:25:41.718Z,8,22.19,8,SATURATED,0.1
2026-02-19T10:25:41.768Z,8,22.16,9,OK,0.1
2026-02-19T10:25:41.818Z,8,22.14,10,OK,0.1
2026-02-19T10:25:41.869Z,8,22.23,11,OK,0.1
2026-02-19T10:25:41.920Z,8,20.30,12,OK,0.1
2026-02-19T10:25:41.971Z,9,20.28,13,OK,0.1
2026-02-19T10:25:42.021Z,9,20.37,14,OK,0.1
2026-02-19T10:25:42.071Z,9,20.39,15,OK,0.1
2026-02-19T10:25:42.122Z,9,20.33,16,OK,0.1
2026-02-19T10:25:42.172Z,9,20.21,17,OK,0.1
2026-02-19T10:25:42.222Z,3,20.11,18,OK,0.1
2026-02-19T10:25:42.348Z,3,20.00,19,OK,0.1
2026-02-19T10:25:42.398Z,5,19.80,20,OK,0.1
2026-02-19T10:25:42.449Z,5,19.84,21,OK,0.1
2026-02-19T10:25:42.499Z,5,19.76,22,OK,0.1
2026-02-19T10:25:42.549Z,5,19.95,23,OK,0.1
2026-02-19T10:25:42.846Z,12,75.12,17,OK,0.1
2026-02-19T10:25:43.208Z,14,133.68,5,SATURATED,0.4
2026-02-19T10:25:43.258Z,7,133.66,5,SATURATED,0.4
2026-02-19T10:25:43.308Z,5,133.81,5,SATURATED,0.4
2026-02-19T10:25:43.358Z,5,133.77,5,SATURATED,0.4
2026-02-19T10:25:43.408Z,5,78.61,5,SATURATED,0.1
2026-02-19T10:25:43.459Z,5,20.26,6,OK,0.1
2026-02-19T10:25:43.510Z,5,20.38,7,OK,0.1
2026-02-19T10:25:43.561Z,5,20.33,8,OK,0.1
2026-02-19T10:25:43.612Z,5,20.31,9,OK,0.1
2026-02-19T10:25:43.662Z,5,20.30,10,OK,0.1
2026-02-19T10:25:43.713Z,5,20.30,11,OK,0.1
2026-02-19T10:25:43.764Z,5,20.24,12,OK,0.1
2026-02-19T10:25:43.814Z,5,20.21,13,OK,0.1
2026-02-19T10:25:43.864Z,6,20.19,14,OK,0.1
2026-02-19T10:25:43.914Z,6,20.23,15,OK,0.1
2026-02-19T10:25:43.964Z,5,20.19,16,OK,0.1
2026-02-19T10:25:44.014Z,5,20.20,17,OK,0.1
2026-02-19T10:25:44.065Z,5,20.25,18,OK,0.1
2026-02-19T10:25:44.213Z,10,20.25,19,OK,0.1
2026-02-19T10:25:44.411Z,19,45.81,16,SATURATED,0.1
2026-02-19T10:25:44.462Z,6,49.42,13,OK,0.1
2026-02-19T10:25:44.512Z,6,49.34,10,OK,0.1
2026-02-19T10:25:44.562Z,6,49.30,7,OK,0.1
2026-02-19T10:25:44.612Z,6,49.33,5,SATURATED,0.1
2026-02-19T10:25:44.662Z,5,23.83,6,OK,0.1
2026-02-19T10:25:44.712Z,5,20.25,7,OK,0.1
2026-02-19T10:25:44.762Z,5,20.27,8,OK,0.1
2026-02-19T10:25:44.812Z,5,20.28,9,OK,0.1
2026-02-19T10:25:44.862Z,5,20.27,10,OK,0.1
2026-02-19T10:25:44.912Z,5,20.23,11,OK,0.1
2026-02-19T10:25:44.962Z,5,20.23,12,OK,0.1
2026-02-19T10:25:45.012Z,5,20.09,13,OK,0.1
2026-02-19T10:25:45.062Z,5,20.10,14,OK,0.1
2026-02-19T10:25:45.299Z,4,20.08,15,OK,0.1
2026-02-19T10:25:45.415Z,10,39.00,13,OK,0.1
2026-02-19T10:25:45.475Z,7,37.16,11,OK,0.1
2026-02-19T10:25:45.617Z,11,51.66,8,SATURATED,0.1
2026-02-19T10:25:45.667Z,5,51.67,5,SATURATED,0.1
2026-02-19T10:25:45.718Z,5,51.71,5,SATURATED,0.1
2026-02-19T10:25:45.768Z,5,32.76,5,SATURATED,0.1
2026-02-19T10:25:45.819Z,5,34.62,5,SATURATED,0.1
2026-02-19T10:25:45.869Z,4,20.31,6,OK,0.1
2026-02-19T10:25:45.919Z,4,20.31,7,OK,0.1
2026-02-19T10:25:45.970Z,4,20.29,8,OK,0.1
2026-02-19T10:25:46.020Z,4,20.37,9,OK,0.1
2026-02-19T10:25:46.070Z,4,20.38,10,OK,0.1
2026-02-19T10:25:46.120Z,3,20.32,11,OK,0.1
2026-02-19T10:25:46.170Z,3,20.33,12,OK,0.1
2026-02-19T10:25:46.283Z,3,35.77,10,OK,0.1
2026-02-19T10:25:46.333Z,1,35.85,8,OK,0.1
2026-02-19T10:25:46.383Z,1,35.86,6,OK,0.1
2026-02-19T10:25:46.501Z,4,43.57,5,OK,0.1
2026-02-19T10:25:46.551Z,3,39.50,5,OK,0.1
2026-02-19T10:25:46.680Z,3,32.49,5,OK,0.1
2026-02-19T10:25:46.730Z,3,32.33,5,OK,0.1
2026-02-19T10:25:46.780Z,3,32.27,5,OK,0.1
2026-02-19T10:25:46.831Z,3,24.60,6,OK,0.1
2026-02-19T10:25:46.882Z,3,28.49,5,OK,0.1
2026-02-19T10:25:46.931Z,3,20.09,6,OK,0.1
2026-02-19T10:25:46.981Z,3,20.08,7,OK,0.1
2026-02-19T10:25:47.031Z,3,20.14,8,OK,0.1
2026-02-19T10:25:47.082Z,3,20.13,9,OK,0.1
2026-02-19T10:25:47.132Z,3,20.23,10,OK,0.1
2026-02-19T10:25:47.183Z,3,20.23,11,OK,0.1
2026-02-19T10:25:47.233Z,3,20.29,12,OK,0.1
2026-02-19T10:25:47.284Z,3,20.26,13,OK,0.1
2026-02-19T10:25:47.334Z,4,20.25,14,OK,0.1
2026-02-19T10:25:47.384Z,4,20.18,15,OK,0.1
2026-02-19T10:25:47.435Z,4,20.19,16,OK,0.1
2026-02-19T10:25:47.485Z,4,20.19,17,OK,0.1
2026-02-19T10:25:47.585Z,6,34.85,16,OK,0.1
2026-02-19T10:25:47.772Z,16,58.19,12,SATURATED,0.1
2026-02-19T10:25:47.884Z,11,66.68,7,SATURATED,0.1
2026-02-19T10:25:47.935Z,6,66.63,5,SATURATED,0.1
2026-02-19T10:25:47.985Z,6,66.60,5,SATURATED,0.1
2026-02-19T10:25:48.036Z,6,51.94,5,SATURATED,0.1
2026-02-19T10:25:48.087Z,6,28.51,5,SATURATED,0.1
2026-02-19T10:25:48.137Z,6,20.12,6,SATURATED,0.1
2026-02-19T10:25:48.187Z,6,20.15,7,OK,0.1
2026-02-19T10:25:48.237Z,6,20.24,8,OK,0.1
2026-02-19T10:25:48.288Z,6,20.26,9,OK,0.1
2026-02-19T10:25:48.337Z,6,20.40,10,OK,0.1
2026-02-19T10:25:48.387Z,6,20.44,11,OK,0.1
2026-02-19T10:25:48.437Z,4,20.40,12,OK,0.1
2026-02-19T10:25:48.487Z,4,20.34,13,OK,0.1
2026-02-19T10:25:48.538Z,4,20.29,14,OK,0.1
2026-02-19T10:25:48.588Z,4,20.23,15,OK,0.1
2026-02-19T10:25:48.639Z,4,20.23,16,OK,0.1
2026-02-19T10:25:48.688Z,4,20.05,17,OK,0.1
2026-02-19T10:25:48.738Z,4,20.02,18,OK,0.1
2026-02-19T10:25:49.093Z,14,76.99,12,SATURATED,0.1
2026-02-19T10:25:49.654Z,11,175.15,5,SATURATED,0.4
2026-02-19T10:25:49.704Z,3,175.15,5,OK,0.4
2026-02-19T10:25:49.930Z,3,175.39,5,OK,0.4
2026-02-19T10:25:49.981Z,5,175.33,5,SATURATED,0.4
2026-02-19T10:25:50.031Z,2,118.43,5,OK,0.1
2026-02-19T10:25:50.081Z,2,20.24,6,OK,0.1
2026-02-19T10:25:50.185Z,2,26.98,5,OK,0.1
2026-02-19T10:25:50.342Z,4,26.90,5,OK,0.1
2026-02-19T10:25:50.393Z,4,29.03,5,OK,0.1
2026-02-19T10:25:50.443Z,5,29.10,5,SATURATED,0.1
2026-02-19T10:25:50.493Z,5,29.04,5,SATURATED,0.1
2026-02-19T10:25:50.544Z,5,22.37,6,OK,0.1
2026-02-19T10:25:50.594Z,5,22.33,7,OK,0.1
2026-02-19T10:25:50.645Z,5,20.33,8,OK,0.1
2026-02-19T10:25:50.763Z,7,37.45,6,SATURATED,0.1
2026-02-19T10:25:50.814Z,5,37.57,5,SATURATED,0.1
2026-02-19T10:25:50.865Z,5,37.46,5,SATURATED,0.1
2026-02-19T10:25:50.915Z,5,37.52,5,SATURATED,0.1
2026-02-19T10:25:50.965Z,5,37.46,5,SATURATED,0.1
2026-02-19T10:25:51.015Z,5,20.24,6,OK,0.1
2026-02-19T10:25:51.065Z,5,20.24,7,OK,0.1
2026-02-19T10:25:51.177Z,5,20.33,8,OK,0.1
2026-02-19T10:25:51.227Z,8,20.38,9,OK,0.1
2026-02-19T10:25:51.278Z,7,20.39,10,OK,0.1
2026-02-19T10:25:51.329Z,7,20.38,11,OK,0.1
2026-02-19T10:25:51.450Z,9,38.30,9,SATURATED,0.1
2026-02-19T10:25:51.500Z,8,34.19,8,SATURATED,0.1
2026-02-19T10:25:51.550Z,8,33.89,7,SATURATED,0.1
2026-02-19T10:25:51.600Z,8,33.92,6,SATURATED,0.1
2026-02-19T10:25:51.650Z,8,33.93,5,SATURATED,0.1
2026-02-19T10:25:51.700Z,7,16.02,6,SATURATED,0.1
2026-02-19T10:25:51.750Z,7,20.07,7,SATURATED,0.1
2026-02-19T10:25:51.800Z,7,20.21,8,OK,0.1
2026-02-19T10:25:51.850Z,8,20.17,9,OK,0.1
2026-02-19T10:25:51.901Z,7,20.15,10,OK,0.1
2026-02-19T10:25:51.951Z,7,20.12,11,OK,0.1
2026-02-19T10:25:52.001Z,8,20.12,12,OK,0.1
2026-02-19T10:25:52.052Z,8,20.30,13,OK,0.1
2026-02-19T10:25:52.102Z,8,20.33,14,OK,0.1
2026-02-19T10:25:52.152Z,8,20.26,15,OK,0.1
2026-02-19T10:25:52.260Z,9,35.07,13,OK,0.1
2026-02-19T10:25:52.311Z,7,35.08,11,OK,0.1
2026-02-19T10:25:52.361Z,7,34.96,10,OK,0.1
2026-02-19T10:25:52.411Z,6,34.95,9,OK,0.1
2026-02-19T10:25:52.543Z,9,34.89,8,SATURATED,0.1
2026-02-19T10:25:52.593Z,7,23.11,9,OK,0.1
2026-02-19T10:25:52.643Z,7,23.11,10,OK,0.1
2026-02-19T10:25:52.693Z,7,23.26,11,OK,0.1
2026-02-19T10:25:52.743Z,7,23.18,12,OK,0.1
2026-02-19T10:25:52.850Z,11,30.65,11,SATURATED,0.1
2026-02-19T10:25:52.901Z,9,27.57,10,OK,0.1
2026-02-19T10:25:52.951Z,9,27.57,9,SATURATED,0.1
2026-02-19T10:25:53.002Z,9,27.53,8,SATURATED,0.1
2026-02-19T10:25:53.052Z,9,27.60,7,SATURATED,0.1
2026-02-19T10:25:53.102Z,9,20.29,8,SATURATED,0.1
2026-02-19T10:25:53.153Z,9,20.36,9,SATURATED,0.1
2026-02-19T10:25:53.204Z,6,20.34,10,OK,0.1
2026-02-19T10:25:53.255Z,6,20.33,11,OK,0.1
2026-02-19T10:25:53.305Z,8,20.54,12,OK,0.1
2026-02-19T10:25:53.357Z,8,20.52,13,OK,0.1
2026-02-19T10:25:53.407Z,7,20.55,14,OK,0.1
2026-02-19T10:25:53.457Z,7,20.53,15,OK,0.1
2026-02-19T10:25:53.508Z,7,20.52,16,OK,0.1
2026-02-19T10:25:53.790Z,12,20.35,17,OK,0.1
2026-02-19T10:25:53.903Z,15,38.81,15,SATURATED,0.1
2026-02-19T10:25:53.995Z,13,42.91,13,SATURATED,0.1
2026-02-19T10:25:54.046Z,9,42.95,11,OK,0.1
2026-02-19T10:25:54.096Z,9,42.92,9,SATURATED,0.1
2026-02-19T10:25:54.147Z,9,42.93,7,SATURATED,0.1
2026-02-19T10:25:54.198Z,9,24.47,8,SATURATED,0.1
2026-02-19T10:25:54.248Z,9,20.30,9,SATURATED,0.1
2026-02-19T10:25:54.298Z,9,20.34,10,OK,0.1
2026-02-19T10:25:54.348Z,9,20.37,11,OK,0.1
2026-02-19T10:25:54.398Z,9,20.11,12,OK,0.1
2026-02-19T10:25:54.449Z,9,20.07,13,OK,0.1
2026-02-19T10:25:54.500Z,9,20.07,14,OK,0.1
2026-02-19T10:25:54.550Z,8,20.03,15,OK,0.1
2026-02-19T10:25:54.601Z,8,20.03,16,OK,0.1
2026-02-19T10:25:54.651Z,8,20.15,17,OK,0.1
2026-02-19T10:25:54.700Z,8,20.16,18,OK,0.1
2026-02-19T10:25:54.751Z,9,20.22,19,OK,0.1
2026-02-19T10:25:54.802Z,8,20.09,20,OK,0.1
2026-02-19T10:25:54.852Z,8,20.16,21,OK,0.1
2026-02-19T10:25:54.956Z,7,34.87,20,OK,0.1
2026-02-19T10:25:55.224Z,20,74.43,15,SATURATED,0.1
2026-02-19T10:25:55.319Z,8,79.33,9,OK,0.1
2026-02-19T10:25:55.369Z,6,79.48,5,SATURATED,0.1
2026-02-19T10:25:55.419Z,6,79.39,5,SATURATED,0.1
2026-02-19T10:25:55.469Z,6,64.60,5,SATURATED,0.1
2026-02-19T10:25:55.519Z,6,25.03,5,SATURATED,0.1
2026-02-19T10:25:55.570Z,5,20.04,6,OK,0.1
2026-02-19T10:25:55.620Z,5,20.06,7,OK,0.1
2026-02-19T10:25:55.670Z,5,20.12,8,OK,0.1
2026-02-19T10:25:55.721Z,5,20.28,9,OK,0.1
2026-02-19T10:25:55.771Z,5,20.32,10,OK,0.1
2026-02-19T10:25:55.821Z,4,20.34,11,OK,0.1
2026-02-19T10:25:55.871Z,4,20.29,12,OK,0.1
2026-02-19T10:25:55.921Z,4,20.34,13,OK,0.1
2026-02-19T10:25:55.972Z,4,20.30,14,OK,0.1
2026-02-19T10:25:56.021Z,3,20.24,15,OK,0.1
2026-02-19T10:25:56.071Z,3,20.22,16,OK,0.1
2026-02-19T10:25:56.121Z,3,20.24,17,OK,0.1
2026-02-19T10:25:56.172Z,3,20.11,18,OK,0.1
2026-02-19T10:25:56.307Z,18,20.18,19,OK,0.1
2026-02-19T10:25:56.414Z,18,37.55,17,SATURATED,0.1
2026-02-19T10:25:56.511Z,16,42.93,15,SATURATED,0.1
2026-02-19T10:25:56.561Z,10,42.99,13,OK,0.1
2026-02-19T10:25:56.612Z,10,43.00,11,OK,0.1
2026-02-19T10:25:56.662Z,10,43.05,9,SATURATED,0.1
2026-02-19T10:25:56.712Z,9,25.74,8,SATURATED,0.1
2026-02-19T10:25:56.762Z,9,20.44,9,SATURATED,0.1
2026-02-19T10:25:56.812Z,9,20.35,10,OK,0.1
2026-02-19T10:25:56.862Z,9,20.40,11,OK,0.1
2026-02-19T10:25:56.913Z,9,20.36,12,OK,0.1
2026-02-19T10:25:56.965Z,10,20.37,13,OK,0.1
2026-02-19T10:25:57.015Z,9,20.35,14,OK,0.1
2026-02-19T10:25:57.065Z,8,20.32,15,OK,0.1
2026-02-19T10:25:57.115Z,8,20.28,16,OK,0.1
2026-02-19T10:25:57.166Z,8,20.21,17,OK,0.1
2026-02-19T10:25:57.217Z,8,20.18,18,OK,0.1
2026-02-19T10:25:57.297Z,9,31.39,17,OK,0.1
2026-02-19T10:25:57.379Z,9,33.78,16,OK,0.1
2026-02-19T10:25:57.478Z,10,39.53,14,OK,0.1
2026-02-19T10:25:57.600Z,10,55.77,10,SATURATED,0.1
2026-02-19T10:25:57.650Z,10,55.76,6,SATURATED,0.1
2026-02-19T10:25:57.701Z,10,44.59,5,SATURATED,0.1
2026-02-19T10:25:57.752Z,10,42.23,5,SATURATED,0.1
2026-02-19T10:25:57.802Z,10,36.51,5,SATURATED,0.1
2026-02-19T10:25:57.853Z,10,20.22,6,SATURATED,0.1
2026-02-19T10:25:57.903Z,10,20.24,7,SATURATED,0.1
2026-02-19T10:25:57.954Z,10,20.22,8,SATURATED,0.1
2026-02-19T10:25:58.004Z,10,20.19,9,SATURATED,0.1
2026-02-19T10:25:58.055Z,10,20.17,10,SATURATED,0.1
2026-02-19T10:25:58.106Z,10,20.25,11,OK,0.1
2026-02-19T10:25:58.156Z,10,20.23,12,OK,0.1
2026-02-19T10:25:58.206Z,10,20.24,13,OK,0.1
2026-02-19T10:25:58.256Z,10,20.31,14,OK,0.1
2026-02-19T10:25:58.306Z,7,20.26,15,OK,0.1
2026-02-19T10:25:58.356Z,7,20.24,16,OK,0.1
2026-02-19T10:25:58.465Z,7,20.56,17,OK,0.1
2026-02-19T10:25:58.550Z,13,33.10,16,OK,0.1
2026-02-19T10:25:58.801Z,11,69.22,11,SATURATED,0.1
2026-02-19T10:25:58.961Z,8,97.10,5,SATURATED,0.1
2026-02-19T10:25:59.011Z,3,97.29,5,OK,0.1
2026-02-19T10:25:59.061Z,3,97.01,5,OK,0.1
2026-02-19T10:25:59.111Z,3,84.43,5,OK,0.1
2026-02-19T10:25:59.161Z,3,48.29,5,OK,0.1
2026-02-19T10:25:59.211Z,3,20.46,6,OK,0.1
2026-02-19T10:25:59.261Z,2,20.30,7,OK,0.1
2026-02-19T10:25:59.311Z,2,20.30,8,OK,0.1
2026-02-19T10:25:59.362Z,2,20.31,9,OK,0.1
2026-02-19T10:25:59.412Z,2,20.32,10,OK,0.1
2026-02-19T10:25:59.462Z,2,20.30,11,OK,0.1
2026-02-19T10:25:59.512Z,1,20.22,12,OK,0.1
2026-02-19T10:25:59.632Z,3,20.22,13,OK,0.1
2026-02-19T10:25:59.682Z,1,20.19,14,OK,0.1
2026-02-19T10:25:59.732Z,1,20.14,15,OK,0.1
2026-02-19T10:25:59.782Z,1,20.14,16,OK,0.1
2026-02-19T10:25:59.884Z,10,34.31,15,OK,0.1
2026-02-19T10:25:59.935Z,2,34.29,14,OK,0.1
2026-02-19T10:26:00.042Z,2,49.91,11,OK,0.1
2026-02-19T10:26:00.093Z,2,49.92,8,OK,0.1
2026-02-19T10:26:00.143Z,2,49.94,5,OK,0.1
2026-02-19T10:26:00.193Z,2,35.83,5,OK,0.1
2026-02-19T10:26:00.243Z,2,35.79,5,OK,0.1
2026-02-19T10:26:00.293Z,2,20.19,6,OK,0.1
2026-02-19T10:26:00.343Z,2,20.24,7,OK,0.1
2026-02-19T10:26:00.394Z,2,20.28,8,OK,0.1
2026-02-19T10:26:00.444Z,2,20.31,9,OK,0.1
2026-02-19T10:26:00.494Z,3,20.36,10,OK,0.1
2026-02-19T10:26:00.544Z,3,20.38,11,OK,0.1
2026-02-19T10:26:00.595Z,3,20.39,12,OK,0.1
2026-02-19T10:26:00.645Z,3,20.39,13,OK,0.1
2026-02-19T10:26:00.695Z,3,20.37,14,OK,0.1
2026-02-19T10:26:00.746Z,2,20.38,15,OK,0.1
2026-02-19T10:26:00.796Z,2,20.38,16,OK,0.1
2026-02-19T10:26:00.847Z,2,20.33,17,OK,0.1
2026-02-19T10:26:00.897Z,2,20.31,18,OK,0.1
2026-02-19T10:26:00.947Z,2,20.28,19,OK,0.1
2026-02-19T10:26:00.997Z,2,20.28,20,OK,0.1
2026-02-19T10:26:01.047Z,2,20.29,21,OK,0.1
2026-02-19T10:26:01.125Z,4,21.84,22,OK,0.1
2026-02-19T10:26:01.176Z,2,21.81,23,OK,0.1
2026-02-19T10:26:01.226Z,2,21.84,24,OK,0.1
2026-02-19T10:26:01.277Z,2,21.89,25,OK,0.1
2026-02-19T10:26:01.328Z,2,21.95,26,OK,0.1
2026-02-19T10:26:01.378Z,2,20.46,27,OK,0.1
2026-02-19T10:26:01.428Z,2,20.51,28,OK,0.1
2026-02-19T10:26:01.478Z,2,20.53,29,OK,0.1
2026-02-19T10:26:01.529Z,2,20.50,30,OK,0.1
2026-02-19T10:26:01.580Z,2,20.37,31,OK,0.1
2026-02-19T10:26:01.630Z,2,20.31,32,OK,0.1
2026-02-19T10:26:01.681Z,2,20.36,33,OK,0.1
2026-02-19T10:26:01.731Z,2,20.34,34,OK,0.1
2026-02-19T10:26:01.781Z,2,20.30,35,OK,0.1
2026-02-19T10:26:01.831Z,2,20.34,36,OK,0.1
2026-02-19T10:26:01.881Z,2,20.40,37,OK,0.1
2026-02-19T10:26:01.932Z,1,20.32,38,OK,0.1
2026-02-19T10:26:01.982Z,1,20.38,39,OK,0.1
2026-02-19T10:26:02.032Z,1,20.37,40,OK,0.1
2026-02-19T10:26:02.082Z,1,20.26,41,OK,0.1
2026-02-19T10:26:02.132Z,1,20.18,42,OK,0.1
2026-02-19T10:26:02.182Z,1,20.03,43,OK,0.1
2026-02-19T10:26:02.232Z,1,20.06,44,OK,0.1
2026-02-19T10:26:02.283Z,1,19.97,45,OK,0.1
2026-02-19T10:26:02.334Z,1,20.12,46,OK,0.1
2026-02-19T10:26:02.384Z,1,20.07,47,OK,0.1
2026-02-19T10:26:02.434Z,1,20.21,48,OK,0.1
2026-02-19T10:26:02.484Z,0,20.21,49,OK,0.1
2026-02-19T10:26:02.534Z,0,20.37,50,OK,0.1
2026-02-19T10:26:02.585Z,0,20.45,50,OK,0.1
2026-02-19T10:26:02.636Z,0,20.48,50,OK,0.1
2026-02-19T10:26:02.686Z,0,20.35,50,OK,0.1
2026-02-19T10:26:02.736Z,0,20.27,50,OK,0.1
2026-02-19T10:26:02.787Z,0,20.14,50,OK,0.1
2026-02-19T10:26:02.838Z,0,20.03,50,OK,0.1
2026-02-19T10:26:02.888Z,0,20.17,50,OK,0.1
2026-02-19T10:26:02.939Z,0,20.38,50,OK,0.1
2026-02-19T10:26:02.988Z,0,20.51,50,OK,0.1
2026-02-19T10:26:03.038Z,0,20.54,50,OK,0.1
2026-02-19T10:26:03.089Z,0,20.62,50,OK,0.1
2026-02-19T10:26:03.139Z,0,20.55,50,OK,0.1
2026-02-19T10:26:03.190Z,0,20.36,50,OK,0.1
2026-02-19T10:26:03.239Z,0,20.25,50,OK,0.1
2026-02-19T10:26:03.289Z,0,20.34,50,OK,0.1
2026-02-19T10:26:03.339Z,0,20.28,50,OK,0.1
2026-02-19T10:26:03.389Z,0,20.27,50,OK,0.1
2026-02-19T10:26:03.440Z,0,20.41,50,OK,0.1
2026-02-19T10:26:03.490Z,0,20.41,50,OK,0.1
2026-02-19T10:26:03.540Z,0,20.35,50,OK,0.1
2026-02-19T10:26:03.590Z,0,20.38,50,OK,0.1
2026-02-19T10:26:03.640Z,0,20.38,50,OK,0.1
2026-02-19T10:26:03.690Z,0,20.26,50,OK,0.1
2026-02-19T10:26:03.740Z,0,20.33,50,OK,0.1
2026-02-19T10:26:03.791Z,0,20.39,50,OK,0.1
2026-02-19T10:26:03.840Z,0,20.31,50,OK,0.1
2026-02-19T10:26:03.890Z,0,20.34,50,OK,0.1
2026-02-19T10:26:03.940Z,0,20.46,50,OK,0.1
2026-02-19T10:26:03.990Z,0,20.34,50,OK,0.1
2026-02-19T10:26:04.040Z,0,20.28,50,OK,0.1
2026-02-19T10:26:04.090Z,0,20.37,50,OK,0.1
2026-02-19T10:26:04.141Z,0,20.36,50,OK,0.1
2026-02-19T10:26:04.191Z,0,20.40,50,OK,0.1
2026-02-19T10:26:04.242Z,0,20.37,50,OK,0.1
2026-02-19T10:26:04.292Z,0,20.35,50,OK,0.1
2026-02-19T10:26:04.343Z,0,20.26,50,OK,0.1
2026-02-19T10:26:04.393Z,0,20.35,50,OK,0.1
2026-02-19T10:26:04.444Z,0,20.19,50,OK,0.1
2026-02-19T10:26:04.494Z,0,20.22,50,OK,0.1
2026-02-19T10:26:04.545Z,0,20.18,50,OK,0.1
2026-02-19T10:26:04.596Z,0,20.16,50,OK,0.1
2026-02-19T10:26:04.647Z,0,20.06,50,OK,0.1
2026-02-19T10:26:04.698Z,0,20.06,50,OK,0.1
2026-02-19T10:26:04.749Z,0,20.08,50,OK,0.1
2026-02-19T10:26:04.799Z,0,20.13,50,OK,0.1
2026-02-19T10:26:04.849Z,0,20.02,50,OK,0.1
2026-02-19T10:26:04.899Z,0,19.92,50,OK,0.1
2026-02-19T10:26:04.949Z,0,19.88,50,OK,0.1
2026-02-19T10:26:04.999Z,0,19.94,50,OK,0.1
2026-02-19T10:26:05.049Z,0,20.00,50,OK,0.1
2026-02-19T10:26:05.100Z,0,20.11,50,OK,0.1
2026-02-19T10:26:05.150Z,0,20.11,50,OK,0.1
2026-02-19T10:26:05.201Z,0,20.35,50,OK,0.1
2026-02-19T10:26:05.252Z,0,20.36,50,OK,0.1
2026-02-19T10:26:05.303Z,0,20.41,50,OK,0.1
2026-02-19T10:26:05.354Z,0,20.51,50,OK,0.1
2026-02-19T10:26:05.405Z,0,20.74,50,OK,0.1
2026-02-19T10:26:05.455Z,0,20.54,50,OK,0.1
2026-02-19T10:26:05.505Z,0,20.57,50,OK,0.1
2026-02-19T10:26:05.555Z,0,20.54,50,OK,0.1
2026-02-19T10:26:05.606Z,0,20.54,50,OK,0.1
2026-02-19T10:26:05.655Z,0,20.32,50,OK,0.1
2026-02-19T10:26:05.705Z,0,20.44,50,OK,0.1
2026-02-19T10:26:05.756Z,0,20.38,50,OK,0.1
2026-02-19T10:26:05.807Z,0,20.34,50,OK,0.1
2026-02-19T10:26:05.857Z,0,20.32,50,OK,0.1
2026-02-19T10:26:05.907Z,0,20.37,50,OK,0.1
2026-02-19T10:26:05.958Z,0,20.31,50,OK,0.1
2026-02-19T10:26:06.008Z,0,20.28,50,OK,0.1
2026-02-19T10:26:06.059Z,0,20.26,50,OK,0.1
2026-02-19T10:26:06.109Z,0,20.02,50,OK,0.1
2026-02-19T10:26:06.159Z,0,20.06,50,OK,0.1
2026-02-19T10:26:06.209Z,0,20.08,50,OK,0.1
2026-02-19T10:26:06.260Z,0,20.10,50,OK,0.1
2026-02-19T10:26:06.311Z,0,20.12,50,OK,0.1
2026-02-19T10:26:06.361Z,0,20.36,50,OK,0.1
2026-02-19T10:26:06.410Z,0,20.35,50,OK,0.1
2026-02-19T10:26:06.460Z,0,20.36,50,OK,0.1
2026-02-19T10:26:06.510Z,0,20.33,50,OK,0.1
2026-02-19T10:26:06.561Z,0,20.31,50,OK,0.1
2026-02-19T10:26:06.611Z,0,20.30,50,OK,0.1
2026-02-19T10:26:06.662Z,0,20.30,50,OK,0.1
2026-02-19T10:26:06.712Z,0,20.28,50,OK,0.1
2026-02-19T10:26:06.762Z,0,20.26,50,OK,0.1
2026-02-19T10:26:06.813Z,0,20.27,50,OK,0.1
2026-02-19T10:26:06.864Z,0,20.25,50,OK,0.1
2026-02-19T10:26:06.915Z,0,20.22,50,OK,0.1
2026-02-19T10:26:06.965Z,0,20.25,50,OK,0.1
2026-02-19T10:26:07.015Z,0,20.23,50,OK,0.1
2026-02-19T10:26:07.066Z,0,20.27,50,OK,0.1
2026-02-19T10:26:07.117Z,0,20.27,50,OK,0.1
2026-02-19T10:26:07.168Z,0,20.33,50,OK,0.1
2026-02-19T10:26:07.219Z,0,20.29,50,OK,0.1
2026-02-19T10:26:07.270Z,0,20.31,50,OK,0.1
2026-02-19T10:26:07.320Z,0,20.29,50,OK,0.1
2026-02-19T10:26:07.370Z,0,20.31,50,OK,0.1
2026-02-19T10:26:07.420Z,0,20.27,50,OK,0.1
2026-02-19T10:26:07.470Z,0,20.32,50,OK,0.1
2026-02-19T10:26:07.520Z,0,20.39,50,OK,0.1
2026-02-19T10:26:07.571Z,0,20.36,50,OK,0.1
2026-02-19T10:26:07.622Z,0,20.36,50,OK,0.1
2026-02-19T10:26:07.673Z,0,20.40,50,OK,0.1
2026-02-19T10:26:07.723Z,0,20.39,50,OK,0.1
2026-02-19T10:26:07.774Z,0,20.36,50,OK,0.1
2026-02-19T10:26:07.825Z,0,20.40,50,OK,0.1
2026-02-19T10:26:07.875Z,0,20.39,50,OK,0.1
2026-02-19T10:26:07.926Z,0,20.36,50,OK,0.1
2026-02-19T10:26:07.975Z,0,20.31,50,OK,0.1
2026-02-19T10:26:08.025Z,0,20.26,50,OK,0.1
2026-02-19T10:26:08.076Z,0,20.24,50,OK,0.1
2026-02-19T10:26:08.127Z,0,20.32,50,OK,0.1
2026-02-19T10:26:08.178Z,0,20.33,50,OK,0.1
2026-02-19T10:26:08.229Z,0,20.47,50,OK,0.1
2026-02-19T10:26:08.279Z,0,20.52,50,OK,0.1
2026-02-19T10:26:08.330Z,0,20.52,50,OK,0.1
2026-02-19T10:26:08.380Z,0,20.41,50,OK,0.1
2026-02-19T10:26:08.431Z,0,20.39,50,OK,0.1
2026-02-19T10:26:08.481Z,0,20.28,50,OK,0.1
2026-02-19T10:26:08.531Z,0,20.25,50,OK,0.1
2026-02-19T10:26:08.581Z,0,20.28,50,OK,0.1
2026-02-19T10:26:08.632Z,0,20.31,50,OK,0.1
2026-02-19T10:26:08.683Z,0,20.34,50,OK,0.1
2026-02-19T10:26:08.734Z,0,20.36,50,OK,0.1
2026-02-19T10:26:08.784Z,0,20.40,50,OK,0.1
2026-02-19T10:26:08.834Z,0,20.37,50,OK,0.1
2026-02-19T10:26:08.885Z,0,20.36,50,OK,0.1
2026-02-19T10:26:08.935Z,0,20.34,50,OK,0.1
2026-02-19T10:26:08.985Z,0,20.33,50,OK,0.1
2026-02-19T10:26:09.035Z,0,20.27,50,OK,0.1
2026-02-19T10:26:09.085Z,0,20.26,50,OK,0.1
2026-02-19T10:26:09.135Z,0,20.30,50,OK,0.1
2026-02-19T10:26:09.186Z,0,20.41,50,OK,0.1
2026-02-19T10:26:09.236Z,0,20.44,50,OK,0.1
2026-02-19T10:26:09.287Z,0,20.60,50,OK,0.1
2026-02-19T10:26:09.337Z,0,20.63,50,OK,0.1
2026-02-19T10:26:09.388Z,0,20.56,50,OK,0.1
2026-02-19T10:26:09.438Z,0,20.44,50,OK,0.1
2026-02-19T10:26:09.488Z,0,20.34,50,OK,0.1
2026-02-19T10:26:09.537Z,0,20.20,50,OK,0.1
2026-02-19T10:26:09.588Z,0,20.13,50,OK,0.1
2026-02-19T10:26:09.638Z,0,20.14,50,OK,0.1
2026-02-19T10:26:09.688Z,0,20.09,50,OK,0.1
2026-02-19T10:26:09.737Z,0,20.15,50,OK,0.1
2026-02-19T10:26:09.787Z,0,20.07,50,OK,0.1
2026-02-19T10:26:09.838Z,0,20.12,50,OK,0.1
2026-02-19T10:26:09.888Z,0,20.09,50,OK,0.1
2026-02-19T10:26:09.939Z,0,20.15,50,OK,0.1
2026-02-19T10:26:09.989Z,0,20.22,50,OK,0.1
2026-02-19T10:26:10.040Z,0,20.33,50,OK,0.1
2026-02-19T10:26:10.089Z,0,20.25,50,OK,0.1
2026-02-19T10:26:10.140Z,0,20.31,50,OK,0.1
2026-02-19T10:26:10.190Z,0,20.24,50,OK,0.1
2026-02-19T10:26:10.240Z,0,20.19,50,OK,0.1
2026-02-19T10:26:10.289Z,0,20.24,50,OK,0.1
2026-02-19T10:26:10.340Z,0,20.36,50,OK,0.1
2026-02-19T10:26:10.390Z,0,20.36,50,OK,0.1
2026-02-19T10:26:10.441Z,0,20.51,50,OK,0.1
2026-02-19T10:26:10.492Z,0,20.52,50,OK,0.1
2026-02-19T10:26:10.543Z,0,20.52,50,OK,0.1
2026-02-19T10:26:10.593Z,0,20.53,50,OK,0.1
2026-02-19T10:26:10.644Z,0,20.53,50,OK,0.1
2026-02-19T10:26:10.695Z,0,20.47,50,OK,0.1
2026-02-19T10:26:10.745Z,0,20.46,50,OK,0.1
2026-02-19T10:26:10.795Z,0,20.40,50,OK,0.1
2026-02-19T10:26:10.845Z,0,20.38,50,OK,0.1
2026-02-19T10:26:10.894Z,0,20.33,50,OK,0.1
