Timestamp,Active,QueueSize,Real_Lag,Limit,Mode,Throughput,Zombies
2026-02-16T12:36:39.455Z,0,0,28.64,10,HOLD_3.0s,0,0
2026-02-16T12:36:39.505Z,0,0,19.72,10,HOLD_3.0s,0,0
2026-02-16T12:36:39.555Z,0,0,20.21,10,HOLD_3.0s,0,0
2026-02-16T12:36:39.605Z,0,0,20.24,10,HOLD_3.0s,0,0
2026-02-16T12:36:39.655Z,0,0,20.16,10,HOLD_3.0s,0,0
2026-02-16T12:36:39.705Z,0,0,20.19,10,HOLD_3.0s,0,0
2026-02-16T12:36:39.755Z,0,0,20.26,10,HOLD_3.0s,0,0
2026-02-16T12:36:39.805Z,0,0,20.19,10,HOLD_3.0s,0,0
2026-02-16T12:36:39.856Z,0,0,20.19,10,HOLD_3.0s,0,0
2026-02-16T12:36:39.906Z,0,0,20.21,10,HOLD_3.0s,0,0
2026-02-16T12:36:39.956Z,0,0,20.29,10,HOLD_3.0s,0,0
2026-02-16T12:36:40.006Z,0,0,20.33,10,HOLD_3.0s,0,0
2026-02-16T12:36:40.057Z,0,0,20.23,10,HOLD_3.0s,0,0
2026-02-16T12:36:40.107Z,0,0,20.40,10,HOLD_3.0s,0,0
2026-02-16T12:36:40.157Z,0,0,20.18,10,HOLD_3.0s,0,0
2026-02-16T12:36:40.207Z,0,0,19.90,10,HOLD_3.0s,0,0
2026-02-16T12:36:40.257Z,0,0,20.31,10,HOLD_3.0s,0,0
2026-02-16T12:36:40.307Z,0,0,20.37,10,HOLD_3.0s,0,0
2026-02-16T12:36:40.357Z,0,0,20.23,10,HOLD_3.0s,0,0
2026-02-16T12:36:40.407Z,0,0,20.21,10,HOLD_3.0s,0,0
2026-02-16T12:36:40.457Z,0,0,20.23,10,HOLD_3.0s,0,0
2026-02-16T12:36:40.507Z,0,0,20.16,10,HOLD_3.0s,0,0
2026-02-16T12:36:40.558Z,0,0,20.17,10,HOLD_3.0s,0,0
2026-02-16T12:36:40.608Z,0,0,19.91,10,HOLD_3.0s,0,0
2026-02-16T12:36:40.660Z,0,0,20.36,10,HOLD_3.0s,0,0
2026-02-16T12:36:40.710Z,0,0,20.28,10,HOLD_3.0s,0,0
2026-02-16T12:36:40.760Z,0,0,20.36,10,HOLD_3.0s,0,0
2026-02-16T12:36:40.811Z,0,0,20.25,10,HOLD_3.0s,0,0
2026-02-16T12:36:40.862Z,0,0,20.47,10,HOLD_3.0s,0,0
2026-02-16T12:36:40.912Z,0,0,20.29,10,HOLD_3.0s,0,0
2026-02-16T12:36:40.963Z,0,0,20.41,10,HOLD_3.0s,0,0
2026-02-16T12:36:41.013Z,0,0,20.52,10,HOLD_3.0s,0,0
2026-02-16T12:36:41.064Z,0,0,20.36,10,HOLD_3.0s,0,0
2026-02-16T12:36:41.114Z,0,0,20.50,10,HOLD_3.0s,0,0
2026-02-16T12:36:41.164Z,0,0,20.46,10,HOLD_3.0s,0,0
2026-02-16T12:36:41.214Z,0,0,20.39,10,HOLD_3.0s,0,0
2026-02-16T12:36:41.264Z,0,0,20.40,10,HOLD_3.0s,0,0
2026-02-16T12:36:41.314Z,0,0,20.60,10,HOLD_3.0s,0,0
2026-02-16T12:36:41.363Z,0,0,20.28,10,HOLD_3.0s,0,0
2026-02-16T12:36:41.414Z,0,0,20.36,10,HOLD_3.0s,0,0
2026-02-16T12:36:41.464Z,0,0,20.31,10,HOLD_3.0s,0,0
2026-02-16T12:36:41.514Z,0,0,19.86,10,HOLD_3.0s,0,0
2026-02-16T12:36:41.564Z,0,0,20.39,10,HOLD_3.0s,0,0
2026-02-16T12:36:41.615Z,0,0,20.31,10,HOLD_3.0s,0,0
2026-02-16T12:36:41.665Z,0,0,20.32,10,HOLD_3.0s,0,0
2026-02-16T12:36:41.716Z,0,0,20.41,10,HOLD_3.0s,0,0
2026-02-16T12:36:41.766Z,0,0,20.32,10,HOLD_3.0s,0,0
2026-02-16T12:36:41.816Z,0,0,20.36,10,HOLD_3.0s,0,0
2026-02-16T12:36:41.866Z,0,0,20.39,10,HOLD_3.0s,0,0
2026-02-16T12:36:41.917Z,0,0,20.45,10,HOLD_3.0s,0,0
2026-02-16T12:36:41.967Z,0,0,20.47,10,HOLD_3.0s,0,0
2026-02-16T12:36:42.017Z,0,0,20.67,10,HOLD_3.0s,0,0
2026-02-16T12:36:42.067Z,0,0,20.32,10,HOLD_3.0s,0,0
2026-02-16T12:36:42.117Z,0,0,20.14,10,HOLD_3.0s,0,0
2026-02-16T12:36:42.168Z,0,0,20.28,10,HOLD_3.0s,0,0
2026-02-16T12:36:42.218Z,0,0,20.19,10,HOLD_3.0s,0,0
2026-02-16T12:36:42.269Z,0,0,20.46,10,HOLD_3.0s,0,0
2026-02-16T12:36:42.319Z,0,0,20.16,9,IDLE_SHRINK,0,0
2026-02-16T12:36:42.370Z,0,0,20.39,8,IDLE_SHRINK,0,0
2026-02-16T12:36:42.420Z,0,0,20.22,7,IDLE_SHRINK,0,0
2026-02-16T12:36:42.470Z,0,0,20.44,6,IDLE_SHRINK,0,0
2026-02-16T12:36:42.520Z,0,0,20.09,5,IDLE_SHRINK,0,0
2026-02-16T12:36:42.571Z,0,0,20.39,5,IDLE_SHRINK,0,0
2026-02-16T12:36:42.621Z,0,0,20.52,5,IDLE_SHRINK,0,0
2026-02-16T12:36:42.671Z,0,0,20.19,5,IDLE_SHRINK,0,0
2026-02-16T12:36:42.721Z,0,0,20.14,5,IDLE_SHRINK,0,0
2026-02-16T12:36:42.771Z,0,0,20.23,5,IDLE_SHRINK,0,0
2026-02-16T12:36:42.821Z,0,0,20.36,5,IDLE_SHRINK,0,0
2026-02-16T12:36:42.871Z,0,0,20.48,5,IDLE_SHRINK,0,0
2026-02-16T12:36:42.921Z,0,0,20.50,5,IDLE_SHRINK,0,0
2026-02-16T12:36:42.971Z,0,0,20.41,5,IDLE_SHRINK,0,0
2026-02-16T12:36:43.021Z,0,0,20.50,5,IDLE_SHRINK,0,0
2026-02-16T12:36:43.071Z,0,0,20.49,5,IDLE_SHRINK,0,0
2026-02-16T12:36:43.121Z,0,0,20.45,5,IDLE_SHRINK,0,0
2026-02-16T12:36:43.172Z,0,0,20.41,5,IDLE_SHRINK,0,0
2026-02-16T12:36:43.222Z,0,0,20.39,5,IDLE_SHRINK,0,0
2026-02-16T12:36:43.273Z,0,0,20.37,5,IDLE_SHRINK,0,0
2026-02-16T12:36:43.323Z,0,0,20.46,5,IDLE_SHRINK,0,0
2026-02-16T12:36:43.374Z,0,0,20.37,5,IDLE_SHRINK,0,0
2026-02-16T12:36:43.424Z,0,0,20.46,5,IDLE_SHRINK,0,0
2026-02-16T12:36:43.474Z,0,0,20.34,5,IDLE_SHRINK,0,0
2026-02-16T12:36:43.526Z,0,0,20.36,5,IDLE_SHRINK,0,0
2026-02-16T12:36:43.576Z,0,0,20.50,5,IDLE_SHRINK,0,0
2026-02-16T12:36:43.627Z,0,0,20.41,5,IDLE_SHRINK,0,0
2026-02-16T12:36:43.677Z,0,0,20.50,5,IDLE_SHRINK,0,0
2026-02-16T12:36:43.728Z,0,0,20.40,5,IDLE_SHRINK,0,0
2026-02-16T12:36:43.779Z,0,0,20.59,5,IDLE_SHRINK,0,0
2026-02-16T12:36:43.829Z,0,0,20.69,5,IDLE_SHRINK,0,0
2026-02-16T12:36:43.879Z,0,0,20.39,5,IDLE_SHRINK,0,0
2026-02-16T12:36:43.930Z,0,0,20.80,5,IDLE_SHRINK,0,0
2026-02-16T12:36:43.980Z,0,0,20.31,5,IDLE_SHRINK,0,0
2026-02-16T12:36:44.031Z,0,0,20.65,5,IDLE_SHRINK,0,0
2026-02-16T12:36:44.081Z,0,0,20.50,5,IDLE_SHRINK,0,0
2026-02-16T12:36:44.132Z,0,0,20.60,5,IDLE_SHRINK,0,0
2026-02-16T12:36:44.182Z,0,0,20.50,5,IDLE_SHRINK,0,0
2026-02-16T12:36:44.232Z,0,0,20.50,5,IDLE_SHRINK,0,0
2026-02-16T12:36:44.282Z,0,0,20.50,5,IDLE_SHRINK,0,0
2026-02-16T12:36:44.332Z,0,0,20.46,5,IDLE_SHRINK,0,0
2026-02-16T12:36:44.382Z,0,0,20.43,5,IDLE_SHRINK,0,0
2026-02-16T12:36:44.432Z,0,0,20.50,5,IDLE_SHRINK,0,0
2026-02-16T12:36:44.482Z,0,0,20.43,5,IDLE_SHRINK,0,0
2026-02-16T12:36:44.532Z,0,0,20.24,5,IDLE_SHRINK,0,0
2026-02-16T12:36:44.581Z,0,0,20.50,5,IDLE_SHRINK,0,0
2026-02-16T12:36:44.633Z,0,0,20.49,5,IDLE_SHRINK,0,0
2026-02-16T12:36:44.683Z,0,0,20.36,5,IDLE_SHRINK,0,0
2026-02-16T12:36:44.733Z,0,0,20.37,5,IDLE_SHRINK,0,0
2026-02-16T12:36:44.783Z,0,0,20.13,5,IDLE_SHRINK,0,0
2026-02-16T12:36:44.833Z,0,0,20.32,5,IDLE_SHRINK,0,0
2026-02-16T12:36:44.883Z,0,0,20.37,5,IDLE_SHRINK,0,0
2026-02-16T12:36:44.934Z,0,0,20.46,5,IDLE_SHRINK,0,0
2026-02-16T12:36:44.984Z,0,0,20.39,5,IDLE_SHRINK,0,0
2026-02-16T12:36:45.034Z,0,0,20.38,5,IDLE_SHRINK,0,0
2026-02-16T12:36:45.084Z,0,0,20.24,5,IDLE_SHRINK,0,0
2026-02-16T12:36:45.135Z,0,0,20.78,5,IDLE_SHRINK,0,0
2026-02-16T12:36:45.186Z,0,0,20.39,5,IDLE_SHRINK,0,0
2026-02-16T12:36:45.236Z,0,0,20.77,5,IDLE_SHRINK,0,0
2026-02-16T12:36:45.287Z,0,0,20.37,5,IDLE_SHRINK,0,0
2026-02-16T12:36:45.337Z,0,0,20.15,5,IDLE_SHRINK,0,0
2026-02-16T12:36:45.387Z,0,0,20.52,5,IDLE_SHRINK,0,0
2026-02-16T12:36:45.438Z,0,0,20.68,5,IDLE_SHRINK,0,0
2026-02-16T12:36:45.488Z,0,0,20.44,5,IDLE_SHRINK,0,0
2026-02-16T12:36:45.540Z,0,0,20.13,5,IDLE_SHRINK,0,0
2026-02-16T12:36:45.590Z,0,0,20.34,5,IDLE_SHRINK,0,0
2026-02-16T12:36:45.641Z,0,0,20.54,5,IDLE_SHRINK,0,0
2026-02-16T12:36:45.691Z,0,0,20.47,5,IDLE_SHRINK,0,0
2026-02-16T12:36:45.741Z,0,0,20.36,5,IDLE_SHRINK,0,0
2026-02-16T12:36:45.791Z,0,0,20.24,5,IDLE_SHRINK,0,0
2026-02-16T12:36:45.841Z,0,0,20.39,5,IDLE_SHRINK,0,0
2026-02-16T12:36:45.891Z,0,0,20.41,5,IDLE_SHRINK,0,0
2026-02-16T12:36:45.942Z,0,0,20.39,5,IDLE_SHRINK,0,0
2026-02-16T12:36:45.993Z,0,0,20.46,5,IDLE_SHRINK,0,0
2026-02-16T12:36:46.044Z,0,0,20.28,5,IDLE_SHRINK,0,0
2026-02-16T12:36:46.095Z,0,0,20.45,5,IDLE_SHRINK,0,0
2026-02-16T12:36:46.146Z,0,0,20.42,5,IDLE_SHRINK,0,0
2026-02-16T12:36:46.196Z,0,0,20.17,5,IDLE_SHRINK,0,0
2026-02-16T12:36:46.246Z,0,0,20.73,5,IDLE_SHRINK,0,0
2026-02-16T12:36:46.296Z,0,0,20.42,5,IDLE_SHRINK,0,0
2026-02-16T12:36:46.346Z,0,0,20.11,5,IDLE_SHRINK,0,0
2026-02-16T12:36:46.397Z,0,0,20.39,5,IDLE_SHRINK,0,0
2026-02-16T12:36:46.447Z,0,0,20.72,5,IDLE_SHRINK,0,0
2026-02-16T12:36:46.497Z,0,0,20.21,5,IDLE_SHRINK,0,0
2026-02-16T12:36:46.547Z,0,0,20.13,5,IDLE_SHRINK,0,0
2026-02-16T12:36:46.598Z,0,0,20.32,5,IDLE_SHRINK,0,0
2026-02-16T12:36:46.649Z,0,0,20.50,5,IDLE_SHRINK,0,0
2026-02-16T12:36:46.699Z,0,0,20.39,5,IDLE_SHRINK,0,0
2026-02-16T12:36:46.749Z,0,0,20.09,5,IDLE_SHRINK,0,0
2026-02-16T12:36:46.799Z,0,0,20.50,5,IDLE_SHRINK,0,0
2026-02-16T12:36:46.850Z,0,0,20.25,5,IDLE_SHRINK,0,0
2026-02-16T12:36:46.900Z,0,0,20.13,5,IDLE_SHRINK,0,0
2026-02-16T12:36:46.950Z,0,0,20.17,5,IDLE_SHRINK,0,0
2026-02-16T12:36:47.001Z,0,0,20.46,5,IDLE_SHRINK,0,0
2026-02-16T12:36:47.051Z,0,0,20.69,5,IDLE_SHRINK,0,0
2026-02-16T12:36:47.102Z,0,0,20.41,5,IDLE_SHRINK,0,0
2026-02-16T12:36:47.152Z,0,0,20.23,5,IDLE_SHRINK,0,0
2026-02-16T12:36:47.202Z,0,0,20.31,5,IDLE_SHRINK,0,0
2026-02-16T12:36:47.253Z,0,0,20.08,5,IDLE_SHRINK,0,0
2026-02-16T12:36:47.304Z,0,0,20.52,5,IDLE_SHRINK,0,0
2026-02-16T12:36:47.355Z,0,0,20.09,5,IDLE_SHRINK,0,0
2026-02-16T12:36:47.406Z,0,0,20.19,5,IDLE_SHRINK,0,0
2026-02-16T12:36:47.457Z,0,0,20.28,5,IDLE_SHRINK,0,0
2026-02-16T12:36:47.508Z,0,0,20.72,5,IDLE_SHRINK,0,0
2026-02-16T12:36:47.558Z,0,0,20.19,5,IDLE_SHRINK,0,0
2026-02-16T12:36:47.609Z,0,0,20.42,5,IDLE_SHRINK,0,0
2026-02-16T12:36:47.659Z,0,0,20.20,5,IDLE_SHRINK,0,0
2026-02-16T12:36:47.709Z,0,0,20.42,5,IDLE_SHRINK,0,0
2026-02-16T12:36:47.760Z,0,0,20.73,5,IDLE_SHRINK,0,0
2026-02-16T12:36:47.811Z,0,0,20.52,5,IDLE_SHRINK,0,0
2026-02-16T12:36:47.861Z,0,0,20.30,5,IDLE_SHRINK,0,0
2026-02-16T12:36:47.912Z,0,0,20.36,5,IDLE_SHRINK,0,0
2026-02-16T12:36:47.962Z,0,0,20.77,5,IDLE_SHRINK,0,0
2026-02-16T12:36:48.013Z,0,0,20.52,5,IDLE_SHRINK,0,0
2026-02-16T12:36:48.061Z,0,0,20.67,5,IDLE_SHRINK,0,0
2026-02-16T12:36:48.112Z,0,0,20.83,5,IDLE_SHRINK,0,0
2026-02-16T12:36:48.163Z,0,0,20.60,5,IDLE_SHRINK,0,0
2026-02-16T12:36:48.213Z,0,0,20.23,5,IDLE_SHRINK,0,0
2026-02-16T12:36:48.264Z,0,0,20.02,5,IDLE_SHRINK,0,0
2026-02-16T12:36:48.315Z,0,0,19.78,5,IDLE_SHRINK,0,0
2026-02-16T12:36:48.366Z,0,0,20.45,5,IDLE_SHRINK,0,0
2026-02-16T12:36:48.416Z,0,0,20.36,5,IDLE_SHRINK,0,0
2026-02-16T12:36:48.466Z,0,0,20.63,5,IDLE_SHRINK,0,0
2026-02-16T12:36:48.517Z,0,0,20.37,5,IDLE_SHRINK,0,0
2026-02-16T12:36:48.567Z,0,0,20.01,5,IDLE_SHRINK,0,0
2026-02-16T12:36:48.616Z,0,0,19.95,5,IDLE_SHRINK,0,0
2026-02-16T12:36:48.666Z,0,0,21.06,5,IDLE_SHRINK,0,0
2026-02-16T12:36:48.717Z,0,0,20.40,5,IDLE_SHRINK,0,0
2026-02-16T12:36:48.767Z,0,0,20.93,5,IDLE_SHRINK,0,0
2026-02-16T12:36:48.817Z,0,0,20.46,5,IDLE_SHRINK,0,0
2026-02-16T12:36:48.867Z,0,0,20.93,5,IDLE_SHRINK,0,0
2026-02-16T12:36:48.917Z,0,0,20.29,5,IDLE_SHRINK,0,0
2026-02-16T12:36:48.967Z,0,0,19.78,5,IDLE_SHRINK,0,0
2026-02-16T12:36:49.017Z,0,0,20.32,5,IDLE_SHRINK,0,0
2026-02-16T12:36:49.067Z,0,0,20.30,5,IDLE_SHRINK,0,0
2026-02-16T12:36:49.118Z,0,0,19.46,5,IDLE_SHRINK,0,0
2026-02-16T12:36:49.168Z,0,0,20.63,5,IDLE_SHRINK,0,0
2026-02-16T12:36:49.218Z,0,0,20.41,5,IDLE_SHRINK,0,0
2026-02-16T12:36:49.268Z,0,0,20.61,5,IDLE_SHRINK,0,0
2026-02-16T12:36:49.319Z,0,0,20.57,5,IDLE_SHRINK,0,0
2026-02-16T12:36:49.370Z,0,0,20.44,5,IDLE_SHRINK,0,0
2026-02-16T12:36:49.420Z,0,0,20.46,5,IDLE_SHRINK,0,0
2026-02-16T12:36:49.470Z,0,0,20.52,5,IDLE_SHRINK,0,0
2026-02-16T12:36:49.521Z,0,0,20.70,5,IDLE_SHRINK,0,0
2026-02-16T12:36:49.572Z,0,0,20.83,5,IDLE_SHRINK,0,0
2026-02-16T12:36:49.622Z,0,0,19.89,5,IDLE_SHRINK,0,0
2026-02-16T12:36:49.672Z,0,0,20.13,5,IDLE_SHRINK,0,0
2026-02-16T12:36:49.723Z,0,0,20.55,5,IDLE_SHRINK,0,0
2026-02-16T12:36:49.774Z,0,0,19.98,5,IDLE_SHRINK,0,0
2026-02-16T12:36:49.823Z,0,0,19.96,5,IDLE_SHRINK,0,0
2026-02-16T12:36:49.873Z,0,0,20.80,5,IDLE_SHRINK,0,0
2026-02-16T12:36:49.924Z,0,0,20.41,5,IDLE_SHRINK,0,0
2026-02-16T12:36:49.974Z,0,0,19.82,5,IDLE_SHRINK,0,0
2026-02-16T12:36:50.024Z,0,0,20.14,5,IDLE_SHRINK,0,0
2026-02-16T12:36:50.075Z,0,0,20.73,5,IDLE_SHRINK,0,0
2026-02-16T12:36:50.126Z,0,0,20.37,5,IDLE_SHRINK,0,0
2026-02-16T12:36:50.176Z,0,0,19.65,5,IDLE_SHRINK,0,0
2026-02-16T12:36:50.227Z,0,0,20.43,5,IDLE_SHRINK,0,0
2026-02-16T12:36:50.278Z,0,0,19.70,5,IDLE_SHRINK,0,0
2026-02-16T12:36:50.329Z,0,0,20.50,5,IDLE_SHRINK,0,0
2026-02-16T12:36:50.380Z,0,0,19.87,5,IDLE_SHRINK,0,0
2026-02-16T12:36:50.430Z,0,0,20.44,5,IDLE_SHRINK,0,0
2026-02-16T12:36:50.480Z,0,0,21.01,5,IDLE_SHRINK,0,0
2026-02-16T12:36:50.531Z,0,0,20.41,5,IDLE_SHRINK,0,0
2026-02-16T12:36:50.581Z,0,0,21.00,5,IDLE_SHRINK,0,0
2026-02-16T12:36:50.632Z,0,0,20.24,5,IDLE_SHRINK,0,0
2026-02-16T12:36:50.681Z,0,0,19.93,5,IDLE_SHRINK,0,0
2026-02-16T12:36:50.731Z,0,0,20.41,5,IDLE_SHRINK,0,0
2026-02-16T12:36:50.781Z,0,0,20.75,5,IDLE_SHRINK,0,0
2026-02-16T12:36:50.832Z,0,0,20.39,5,IDLE_SHRINK,0,0
2026-02-16T12:36:50.882Z,0,0,20.63,5,IDLE_SHRINK,0,0
2026-02-16T12:36:50.931Z,0,0,20.41,5,IDLE_SHRINK,0,0
2026-02-16T12:36:50.981Z,0,0,20.07,5,IDLE_SHRINK,0,0
2026-02-16T12:36:51.031Z,0,0,20.16,5,IDLE_SHRINK,0,0
2026-02-16T12:36:51.082Z,0,0,19.93,5,IDLE_SHRINK,0,0
2026-02-16T12:36:51.132Z,0,0,20.32,5,IDLE_SHRINK,0,0
2026-02-16T12:36:51.183Z,0,0,20.70,5,IDLE_SHRINK,0,0
2026-02-16T12:36:51.232Z,0,0,20.37,5,IDLE_SHRINK,0,0
2026-02-16T12:36:51.282Z,0,0,20.56,5,IDLE_SHRINK,0,0
2026-02-16T12:36:51.332Z,0,0,20.16,5,IDLE_SHRINK,0,0
2026-02-16T12:36:51.383Z,0,0,20.78,5,IDLE_SHRINK,0,0
2026-02-16T12:36:51.433Z,0,0,20.32,5,IDLE_SHRINK,0,0
2026-02-16T12:36:51.484Z,0,0,20.77,5,IDLE_SHRINK,0,0
2026-02-16T12:36:51.534Z,0,0,20.21,5,IDLE_SHRINK,0,0
2026-02-16T12:36:51.584Z,0,0,19.62,5,IDLE_SHRINK,0,0
2026-02-16T12:36:51.634Z,0,0,20.21,5,IDLE_SHRINK,0,0
2026-02-16T12:36:51.684Z,0,0,19.70,5,IDLE_SHRINK,0,0
2026-02-16T12:36:51.734Z,0,0,20.16,5,IDLE_SHRINK,0,0
2026-02-16T12:36:51.784Z,0,0,20.72,5,IDLE_SHRINK,0,0
2026-02-16T12:36:51.834Z,0,0,20.18,5,IDLE_SHRINK,0,0
2026-02-16T12:36:51.885Z,0,0,20.67,5,IDLE_SHRINK,0,0
2026-02-16T12:36:51.935Z,0,0,20.54,5,IDLE_SHRINK,0,0
2026-02-16T12:36:51.986Z,0,0,20.38,5,IDLE_SHRINK,0,0
2026-02-16T12:36:52.036Z,0,0,20.41,5,IDLE_SHRINK,0,0
2026-02-16T12:36:52.087Z,0,0,20.32,5,IDLE_SHRINK,0,0
2026-02-16T12:36:52.137Z,0,0,20.23,5,IDLE_SHRINK,0,0
2026-02-16T12:36:52.187Z,0,0,20.32,5,IDLE_SHRINK,0,0
2026-02-16T12:36:52.237Z,0,0,20.70,5,IDLE_SHRINK,0,0
2026-02-16T12:36:52.287Z,0,0,20.44,5,IDLE_SHRINK,0,0
2026-02-16T12:36:52.338Z,0,0,19.95,5,IDLE_SHRINK,0,0
2026-02-16T12:36:52.388Z,0,0,19.87,5,IDLE_SHRINK,0,0
2026-02-16T12:36:52.438Z,0,0,20.32,5,IDLE_SHRINK,0,0
2026-02-16T12:36:52.488Z,0,0,20.46,5,IDLE_SHRINK,0,0
2026-02-16T12:36:52.538Z,0,0,20.32,5,IDLE_SHRINK,0,0
2026-02-16T12:36:52.589Z,0,0,20.46,5,IDLE_SHRINK,0,0
2026-02-16T12:36:52.639Z,0,0,20.31,5,IDLE_SHRINK,0,0
2026-02-16T12:36:52.690Z,0,0,19.98,5,IDLE_SHRINK,0,0
2026-02-16T12:36:52.740Z,0,0,20.21,5,IDLE_SHRINK,0,0
2026-02-16T12:36:52.790Z,0,0,20.14,5,IDLE_SHRINK,0,0
2026-02-16T12:36:52.841Z,0,0,20.34,5,IDLE_SHRINK,0,0
2026-02-16T12:36:52.891Z,0,0,20.13,5,IDLE_SHRINK,0,0
2026-02-16T12:36:52.941Z,0,0,20.54,5,IDLE_SHRINK,0,0
2026-02-16T12:36:52.991Z,0,0,20.16,5,IDLE_SHRINK,0,0
2026-02-16T12:36:53.041Z,0,0,20.16,5,IDLE_SHRINK,0,0
2026-02-16T12:36:53.091Z,0,0,19.47,5,IDLE_SHRINK,0,0
2026-02-16T12:36:53.141Z,0,0,20.23,5,IDLE_SHRINK,0,0
2026-02-16T12:36:53.192Z,0,0,20.01,5,IDLE_SHRINK,0,0
2026-02-16T12:36:53.242Z,0,0,20.33,5,IDLE_SHRINK,0,0
2026-02-16T12:36:53.292Z,0,0,19.69,5,IDLE_SHRINK,0,0
2026-02-16T12:36:53.343Z,0,0,19.87,5,IDLE_SHRINK,0,0
2026-02-16T12:36:53.393Z,0,0,20.23,5,IDLE_SHRINK,0,0
2026-02-16T12:36:53.443Z,0,0,20.49,5,IDLE_SHRINK,0,0
2026-02-16T12:36:53.493Z,0,0,19.95,5,IDLE_SHRINK,0,0
2026-02-16T12:36:53.543Z,0,0,20.44,5,IDLE_SHRINK,0,0
2026-02-16T12:36:53.593Z,0,0,21.00,5,IDLE_SHRINK,0,0
2026-02-16T12:36:53.644Z,0,0,20.34,5,IDLE_SHRINK,0,0
2026-02-16T12:36:53.695Z,0,0,19.90,5,IDLE_SHRINK,0,0
2026-02-16T12:36:53.744Z,0,0,20.47,5,IDLE_SHRINK,0,0
2026-02-16T12:36:53.794Z,0,0,20.77,5,IDLE_SHRINK,0,0
2026-02-16T12:36:53.844Z,0,0,20.31,5,IDLE_SHRINK,0,0
2026-02-16T12:36:53.894Z,0,0,20.91,5,IDLE_SHRINK,0,0
2026-02-16T12:36:53.944Z,0,0,20.31,5,IDLE_SHRINK,0,0
2026-02-16T12:36:53.994Z,0,0,20.63,5,IDLE_SHRINK,0,0
2026-02-16T12:36:54.044Z,0,0,20.28,5,IDLE_SHRINK,0,0
2026-02-16T12:36:54.094Z,0,0,20.45,5,IDLE_SHRINK,0,0
2026-02-16T12:36:54.144Z,0,0,20.37,5,IDLE_SHRINK,0,0
2026-02-16T12:36:54.195Z,0,0,20.18,5,IDLE_SHRINK,0,0
2026-02-16T12:36:54.245Z,0,0,20.37,5,IDLE_SHRINK,0,0
2026-02-16T12:36:54.296Z,0,0,20.76,5,IDLE_SHRINK,0,0
2026-02-16T12:36:54.347Z,0,0,20.50,5,IDLE_SHRINK,0,0
2026-02-16T12:36:54.398Z,0,0,19.91,5,IDLE_SHRINK,0,0
2026-02-16T12:36:54.448Z,0,0,20.34,5,IDLE_SHRINK,0,0
2026-02-16T12:36:54.498Z,0,0,20.15,5,IDLE_SHRINK,0,0
2026-02-16T12:36:54.548Z,0,0,20.44,5,IDLE_SHRINK,0,0
2026-02-16T12:36:54.598Z,0,0,20.43,5,IDLE_SHRINK,0,0
2026-02-16T12:36:54.649Z,0,0,20.26,5,IDLE_SHRINK,0,0
2026-02-16T12:36:54.699Z,0,0,20.00,5,IDLE_SHRINK,0,0
2026-02-16T12:36:54.749Z,0,0,20.41,5,IDLE_SHRINK,0,0
2026-02-16T12:36:54.800Z,0,0,21.16,5,IDLE_SHRINK,0,0
2026-02-16T12:36:54.850Z,0,0,20.30,5,IDLE_SHRINK,0,0
2026-02-16T12:36:54.900Z,0,0,20.91,5,IDLE_SHRINK,0,0
2026-02-16T12:36:54.951Z,0,0,20.46,5,IDLE_SHRINK,0,0
2026-02-16T12:36:55.002Z,0,0,20.82,5,IDLE_SHRINK,0,0
2026-02-16T12:36:55.053Z,0,0,20.37,5,IDLE_SHRINK,0,0
2026-02-16T12:36:55.102Z,0,0,19.91,5,IDLE_SHRINK,0,0
2026-02-16T12:36:55.153Z,0,0,20.44,5,IDLE_SHRINK,0,0
2026-02-16T12:36:55.203Z,0,0,20.31,5,IDLE_SHRINK,0,0
2026-02-16T12:36:55.254Z,0,0,20.24,5,IDLE_SHRINK,0,0
2026-02-16T12:36:55.305Z,0,0,20.00,5,IDLE_SHRINK,0,0
2026-02-16T12:36:55.356Z,0,0,20.46,5,IDLE_SHRINK,0,0
2026-02-16T12:36:55.407Z,0,0,19.88,5,IDLE_SHRINK,0,0
2026-02-16T12:36:55.457Z,0,0,20.41,5,IDLE_SHRINK,0,0
2026-02-16T12:36:55.507Z,0,0,20.83,5,IDLE_SHRINK,0,0
2026-02-16T12:36:55.558Z,0,0,20.43,5,IDLE_SHRINK,0,0
2026-02-16T12:36:55.609Z,0,0,19.80,5,IDLE_SHRINK,0,0
2026-02-16T12:36:55.659Z,0,0,20.32,5,IDLE_SHRINK,0,0
2026-02-16T12:36:55.710Z,0,0,20.55,5,IDLE_SHRINK,0,0
2026-02-16T12:36:55.760Z,0,0,20.32,5,IDLE_SHRINK,0,0
2026-02-16T12:36:55.811Z,0,0,20.50,5,IDLE_SHRINK,0,0
2026-02-16T12:36:55.861Z,0,0,20.41,5,IDLE_SHRINK,0,0
2026-02-16T12:36:55.912Z,0,0,20.31,5,IDLE_SHRINK,0,0
2026-02-16T12:36:55.962Z,0,0,20.37,5,IDLE_SHRINK,0,0
2026-02-16T12:36:56.013Z,0,0,20.50,5,IDLE_SHRINK,0,0
2026-02-16T12:36:56.064Z,0,0,20.35,5,IDLE_SHRINK,0,0
2026-02-16T12:36:56.113Z,0,0,20.47,5,IDLE_SHRINK,0,0
2026-02-16T12:36:56.164Z,0,0,20.50,5,IDLE_SHRINK,0,0
2026-02-16T12:36:56.213Z,0,0,20.41,5,IDLE_SHRINK,0,0
2026-02-16T12:36:56.263Z,0,0,20.41,5,IDLE_SHRINK,0,0
2026-02-16T12:36:56.314Z,0,0,20.52,5,IDLE_SHRINK,0,0
2026-02-16T12:36:56.364Z,0,0,20.32,5,IDLE_SHRINK,0,0
2026-02-16T12:36:56.415Z,0,0,20.44,5,IDLE_SHRINK,0,0
2026-02-16T12:36:56.466Z,0,0,20.42,5,IDLE_SHRINK,0,0
2026-02-16T12:36:56.517Z,0,0,20.37,5,IDLE_SHRINK,0,0
2026-02-16T12:36:56.568Z,0,0,20.46,5,IDLE_SHRINK,0,0
2026-02-16T12:36:56.617Z,0,0,20.32,5,IDLE_SHRINK,0,0
2026-02-16T12:36:56.667Z,0,0,20.32,5,IDLE_SHRINK,0,0
2026-02-16T12:36:56.718Z,0,0,19.93,5,IDLE_SHRINK,0,0
2026-02-16T12:36:56.768Z,0,0,20.49,5,IDLE_SHRINK,0,0
2026-02-16T12:36:56.818Z,0,0,20.67,5,IDLE_SHRINK,0,0
2026-02-16T12:36:56.868Z,0,0,20.52,5,IDLE_SHRINK,0,0
2026-02-16T12:36:56.918Z,0,0,20.10,5,IDLE_SHRINK,0,0
2026-02-16T12:36:56.969Z,0,0,20.46,5,IDLE_SHRINK,0,0
2026-02-16T12:36:57.019Z,0,0,20.28,5,IDLE_SHRINK,0,0
2026-02-16T12:36:57.070Z,0,0,20.47,5,IDLE_SHRINK,0,0
2026-02-16T12:36:57.120Z,0,0,20.08,5,IDLE_SHRINK,0,0
2026-02-16T12:36:57.170Z,0,0,20.23,5,IDLE_SHRINK,0,0
2026-02-16T12:36:57.220Z,0,0,20.64,5,IDLE_SHRINK,0,0
2026-02-16T12:36:57.270Z,0,0,20.13,5,IDLE_SHRINK,0,0
2026-02-16T12:36:57.320Z,0,0,19.74,5,IDLE_SHRINK,0,0
2026-02-16T12:36:57.370Z,0,0,20.23,5,IDLE_SHRINK,0,0
2026-02-16T12:36:57.420Z,0,0,19.55,5,IDLE_SHRINK,0,0
2026-02-16T12:36:57.471Z,0,0,20.15,5,IDLE_SHRINK,0,0
2026-02-16T12:36:57.521Z,0,0,20.46,5,IDLE_SHRINK,0,0
2026-02-16T12:36:57.571Z,0,0,20.36,5,IDLE_SHRINK,0,0
2026-02-16T12:36:57.622Z,0,0,20.47,5,IDLE_SHRINK,0,0
2026-02-16T12:36:57.673Z,0,0,20.30,5,IDLE_SHRINK,0,0
2026-02-16T12:36:57.724Z,0,0,20.39,5,IDLE_SHRINK,0,0
2026-02-16T12:36:57.774Z,0,0,20.39,5,IDLE_SHRINK,0,0
2026-02-16T12:36:57.824Z,0,0,20.37,5,IDLE_SHRINK,0,0
2026-02-16T12:36:57.875Z,0,0,20.42,5,IDLE_SHRINK,0,0
2026-02-16T12:36:57.926Z,0,0,20.42,5,IDLE_SHRINK,0,0
2026-02-16T12:36:57.977Z,0,0,20.36,5,IDLE_SHRINK,0,0
2026-02-16T12:36:58.027Z,0,0,20.41,5,IDLE_SHRINK,0,0
2026-02-16T12:36:58.078Z,0,0,20.44,5,IDLE_SHRINK,0,0
2026-02-16T12:36:58.128Z,0,0,20.47,5,IDLE_SHRINK,0,0
2026-02-16T12:36:58.178Z,0,0,20.42,5,IDLE_SHRINK,0,0
2026-02-16T12:36:58.228Z,0,0,20.44,5,IDLE_SHRINK,0,0
2026-02-16T12:36:58.279Z,0,0,20.41,5,IDLE_SHRINK,0,0
2026-02-16T12:36:58.330Z,0,0,20.47,5,IDLE_SHRINK,0,0
2026-02-16T12:36:58.381Z,0,0,20.44,5,IDLE_SHRINK,0,0
2026-02-16T12:36:58.431Z,0,0,20.52,5,IDLE_SHRINK,0,0
2026-02-16T12:36:58.481Z,0,0,20.20,5,IDLE_SHRINK,0,0
2026-02-16T12:36:58.531Z,0,0,20.34,5,IDLE_SHRINK,0,0
2026-02-16T12:36:58.582Z,0,0,19.92,5,IDLE_SHRINK,0,0
2026-02-16T12:36:58.632Z,0,0,20.34,5,IDLE_SHRINK,0,0
2026-02-16T12:36:58.683Z,0,0,20.36,5,IDLE_SHRINK,0,0
2026-02-16T12:36:58.732Z,0,0,20.22,5,IDLE_SHRINK,0,0
2026-02-16T12:36:58.783Z,0,0,20.19,5,IDLE_SHRINK,0,0
2026-02-16T12:36:58.832Z,0,0,20.69,5,IDLE_SHRINK,0,0
2026-02-16T12:36:58.883Z,0,0,20.39,5,IDLE_SHRINK,0,0
2026-02-16T12:36:58.933Z,0,0,20.13,5,IDLE_SHRINK,0,0
2026-02-16T12:36:58.984Z,0,0,20.37,5,IDLE_SHRINK,0,0
2026-02-16T12:36:59.034Z,0,0,20.12,5,IDLE_SHRINK,0,0
2026-02-16T12:36:59.084Z,0,0,20.21,5,IDLE_SHRINK,0,0
2026-02-16T12:36:59.134Z,0,0,20.29,5,IDLE_SHRINK,0,0
2026-02-16T12:36:59.184Z,0,0,20.19,5,IDLE_SHRINK,0,0
2026-02-16T12:36:59.234Z,0,0,20.37,5,IDLE_SHRINK,0,0
2026-02-16T12:36:59.284Z,0,0,20.24,5,IDLE_SHRINK,0,0
2026-02-16T12:36:59.334Z,0,0,20.43,5,IDLE_SHRINK,0,0
2026-02-16T12:36:59.385Z,0,0,20.18,5,IDLE_SHRINK,0,0
2026-02-16T12:36:59.434Z,0,0,20.21,5,IDLE_SHRINK,0,0
2026-02-16T12:36:59.484Z,0,0,19.64,5,IDLE_SHRINK,0,0
2026-02-16T12:36:59.534Z,0,0,20.34,5,IDLE_SHRINK,0,0
2026-02-16T12:36:59.585Z,0,0,20.24,5,IDLE_SHRINK,0,0
2026-02-16T12:36:59.634Z,0,0,20.18,5,IDLE_SHRINK,0,0
2026-02-16T12:36:59.685Z,0,0,20.27,5,IDLE_SHRINK,0,0
2026-02-16T12:36:59.735Z,0,0,20.16,5,IDLE_SHRINK,0,0
2026-02-16T12:36:59.785Z,0,0,20.36,5,IDLE_SHRINK,0,0
2026-02-16T12:36:59.848Z,0,0,28.04,5,HOLD_2.0s,1,0
2026-02-16T12:36:59.898Z,0,0,20.22,5,HOLD_2.0s,0,0
2026-02-16T12:36:59.949Z,0,0,20.32,5,HOLD_2.0s,0,0
2026-02-16T12:36:59.998Z,0,0,20.21,5,HOLD_2.0s,0,0
2026-02-16T12:37:00.049Z,0,0,20.14,5,HOLD_2.0s,0,0
2026-02-16T12:37:00.099Z,0,0,20.27,5,HOLD_2.0s,0,0
2026-02-16T12:37:00.150Z,0,0,20.39,5,HOLD_2.0s,0,0
2026-02-16T12:37:00.200Z,0,0,20.62,5,HOLD_2.0s,0,0
2026-02-16T12:37:00.250Z,0,0,20.28,5,HOLD_2.0s,0,0
2026-02-16T12:37:00.301Z,0,0,20.51,5,HOLD_2.0s,0,0
2026-02-16T12:37:00.351Z,0,0,20.37,5,HOLD_2.0s,0,0
2026-02-16T12:37:00.402Z,1,0,20.42,5,HOLD_2.0s,0,0
2026-02-16T12:37:00.452Z,1,0,20.24,5,HOLD_2.0s,0,0
2026-02-16T12:37:00.502Z,0,0,20.13,5,HOLD_2.0s,1,0
2026-02-16T12:37:00.552Z,0,0,20.18,5,HOLD_2.0s,0,0
2026-02-16T12:37:00.603Z,0,0,20.42,5,HOLD_2.0s,0,0
2026-02-16T12:37:00.652Z,0,0,20.28,5,HOLD_2.0s,0,0
2026-02-16T12:37:00.703Z,0,0,20.37,5,HOLD_2.0s,0,0
2026-02-16T12:37:00.753Z,0,0,20.41,5,HOLD_2.0s,0,0
2026-02-16T12:37:00.803Z,0,0,19.78,5,HOLD_2.0s,0,0
2026-02-16T12:37:00.853Z,0,0,20.21,5,HOLD_2.0s,0,0
2026-02-16T12:37:00.903Z,0,0,20.00,5,HOLD_2.0s,1,0
2026-02-16T12:37:00.953Z,0,0,20.16,5,HOLD_2.0s,0,0
2026-02-16T12:37:01.003Z,1,0,20.19,5,HOLD_2.0s,0,0
2026-02-16T12:37:01.054Z,0,0,20.45,5,HOLD_2.0s,1,0
2026-02-16T12:37:01.104Z,0,0,20.19,5,HOLD_2.0s,0,0
2026-02-16T12:37:01.155Z,0,0,20.19,5,HOLD_2.0s,0,0
2026-02-16T12:37:01.205Z,0,0,20.26,5,HOLD_2.0s,0,0
2026-02-16T12:37:01.255Z,0,0,20.26,5,HOLD_2.0s,0,0
2026-02-16T12:37:01.306Z,0,0,20.49,5,HOLD_2.0s,0,0
2026-02-16T12:37:01.356Z,0,0,20.37,5,HOLD_2.0s,0,0
2026-02-16T12:37:01.407Z,0,0,20.50,5,HOLD_2.0s,0,0
2026-02-16T12:37:01.457Z,0,0,20.23,5,HOLD_2.0s,0,0
2026-02-16T12:37:01.507Z,0,0,19.91,5,HOLD_2.0s,1,0
2026-02-16T12:37:01.558Z,0,0,20.42,5,HOLD_2.0s,0,0
2026-02-16T12:37:01.608Z,1,0,20.29,5,HOLD_2.0s,0,0
2026-02-16T12:37:01.659Z,1,0,20.19,5,HOLD_2.0s,0,0
2026-02-16T12:37:01.710Z,0,0,20.18,5,HOLD_2.0s,1,0
2026-02-16T12:37:01.760Z,0,0,20.29,5,HOLD_2.0s,0,0
2026-02-16T12:37:01.811Z,0,0,20.29,5,HOLD_2.0s,0,0
2026-02-16T12:37:01.860Z,0,0,20.30,5,HOLD_2.0s,0,0
2026-02-16T12:37:01.910Z,1,0,20.24,5,HOLD_2.0s,0,0
2026-02-16T12:37:01.961Z,0,0,19.96,5,HOLD_2.0s,1,0
2026-02-16T12:37:02.011Z,0,0,20.47,5,HOLD_2.0s,0,0
2026-02-16T12:37:02.060Z,0,0,20.32,5,HOLD_2.0s,1,0
2026-02-16T12:37:02.110Z,0,0,20.52,5,HOLD_2.0s,0,0
2026-02-16T12:37:02.161Z,0,0,20.34,5,HOLD_2.0s,0,0
2026-02-16T12:37:02.212Z,1,0,20.17,5,HOLD_2.0s,0,0
2026-02-16T12:37:02.261Z,0,0,20.19,5,HOLD_2.0s,1,0
2026-02-16T12:37:02.312Z,0,0,19.73,5,HOLD_2.0s,0,0
2026-02-16T12:37:02.363Z,0,0,20.19,5,HOLD_2.0s,0,0
2026-02-16T12:37:02.414Z,0,0,20.32,5,HOLD_2.0s,0,0
2026-02-16T12:37:02.464Z,0,0,20.39,5,HOLD_2.0s,0,0
2026-02-16T12:37:02.514Z,1,0,19.51,5,HOLD_2.0s,0,0
2026-02-16T12:37:02.564Z,0,0,19.90,5,HOLD_2.0s,1,0
2026-02-16T12:37:02.614Z,0,0,20.28,5,HOLD_2.0s,0,0
2026-02-16T12:37:02.664Z,0,0,20.32,5,HOLD_2.0s,0,0
2026-02-16T12:37:02.714Z,1,0,20.77,5,HOLD_2.0s,0,0
2026-02-16T12:37:02.764Z,1,0,20.18,5,HOLD_2.0s,0,0
2026-02-16T12:37:02.814Z,2,0,19.91,5,HOLD_2.0s,0,0
2026-02-16T12:37:02.865Z,1,0,20.59,5,HOLD_2.0s,1,0
2026-02-16T12:37:02.915Z,1,0,20.02,5,HOLD_2.0s,0,0
2026-02-16T12:37:02.965Z,1,0,20.60,5,HOLD_2.0s,1,0
2026-02-16T12:37:03.015Z,1,0,20.53,5,HOLD_2.0s,0,0
2026-02-16T12:37:03.066Z,2,0,20.26,5,HOLD_2.0s,0,0
2026-02-16T12:37:03.116Z,2,0,20.34,5,HOLD_2.0s,0,0
2026-02-16T12:37:03.166Z,1,0,19.69,5,HOLD_2.0s,1,0
2026-02-16T12:37:03.217Z,1,0,20.50,5,HOLD_2.0s,0,0
2026-02-16T12:37:03.267Z,1,0,20.32,5,HOLD_2.0s,1,0
2026-02-16T12:37:03.318Z,1,0,20.28,5,HOLD_2.0s,0,0
2026-02-16T12:37:03.369Z,1,0,20.23,5,HOLD_2.0s,0,0
2026-02-16T12:37:03.423Z,1,0,19.89,5,HOLD_2.0s,1,0
2026-02-16T12:37:03.474Z,1,0,20.16,5,HOLD_2.0s,0,0
2026-02-16T12:37:03.524Z,1,0,20.44,5,HOLD_2.0s,0,0
2026-02-16T12:37:03.575Z,1,0,22.85,5,HOLD_2.0s,1,0
2026-02-16T12:37:03.624Z,1,0,20.43,5,HOLD_2.0s,0,0
2026-02-16T12:37:03.674Z,1,0,20.39,5,HOLD_2.0s,0,0
2026-02-16T12:37:03.725Z,1,0,20.18,5,HOLD_2.0s,0,0
2026-02-16T12:37:03.775Z,1,0,20.50,5,HOLD_2.0s,0,0
2026-02-16T12:37:03.826Z,1,0,20.26,5,HOLD_2.0s,0,0
2026-02-16T12:37:03.876Z,1,0,19.77,5,HOLD_2.0s,1,0
2026-02-16T12:37:03.926Z,1,0,20.55,5,HOLD_2.0s,0,0
2026-02-16T12:37:03.976Z,2,0,20.19,5,HOLD_2.0s,0,0
2026-02-16T12:37:04.026Z,1,0,19.70,5,HOLD_2.0s,2,0
2026-02-16T12:37:04.076Z,1,0,20.23,5,HOLD_2.0s,0,0
2026-02-16T12:37:04.127Z,1,0,20.46,5,HOLD_2.0s,0,0
2026-02-16T12:37:04.178Z,1,0,19.46,5,HOLD_2.0s,1,0
2026-02-16T12:37:04.228Z,1,0,20.30,5,HOLD_2.0s,0,0
2026-02-16T12:37:04.279Z,1,0,19.54,5,HOLD_2.0s,1,0
2026-02-16T12:37:04.328Z,1,0,20.04,5,HOLD_2.0s,0,0
2026-02-16T12:37:04.378Z,1,0,20.31,5,HOLD_2.0s,0,0
2026-02-16T12:37:04.429Z,2,0,20.80,5,HOLD_2.0s,0,0
2026-02-16T12:37:04.480Z,1,0,20.32,5,HOLD_2.0s,1,0
2026-02-16T12:37:04.530Z,1,0,20.18,5,HOLD_2.0s,0,0
2026-02-16T12:37:04.581Z,2,0,19.75,5,HOLD_2.0s,0,0
2026-02-16T12:37:04.631Z,2,0,21.08,5,HOLD_2.0s,1,0
2026-02-16T12:37:04.681Z,0,0,20.07,5,HOLD_2.0s,2,0
2026-02-16T12:37:04.730Z,0,0,20.73,5,HOLD_2.0s,0,0
2026-02-16T12:37:04.780Z,0,0,20.36,5,HOLD_2.0s,0,0
2026-02-16T12:37:04.830Z,0,0,20.82,5,HOLD_2.0s,0,0
2026-02-16T12:37:04.881Z,1,0,20.34,5,HOLD_2.0s,0,0
2026-02-16T12:37:04.931Z,0,0,20.72,5,HOLD_2.0s,1,0
2026-02-16T12:37:04.982Z,0,0,20.20,5,HOLD_2.0s,0,0
2026-02-16T12:37:05.033Z,2,0,20.29,5,HOLD_2.0s,0,0
2026-02-16T12:37:05.083Z,0,0,20.40,5,HOLD_2.0s,2,0
2026-02-16T12:37:05.133Z,0,0,19.52,5,HOLD_2.0s,0,0
2026-02-16T12:37:05.184Z,1,0,20.23,5,HOLD_2.0s,0,0
2026-02-16T12:37:05.234Z,0,0,19.28,5,HOLD_2.0s,2,0
2026-02-16T12:37:05.284Z,1,0,20.28,5,HOLD_2.0s,0,0
2026-02-16T12:37:05.335Z,0,0,19.80,5,HOLD_2.0s,1,0
2026-02-16T12:37:05.386Z,0,0,20.39,5,HOLD_2.0s,0,0
2026-02-16T12:37:05.436Z,0,0,19.64,5,HOLD_2.0s,0,0
2026-02-16T12:37:05.487Z,1,0,20.55,5,HOLD_2.0s,0,0
2026-02-16T12:37:05.538Z,1,0,19.85,5,HOLD_2.0s,0,0
2026-02-16T12:37:05.588Z,1,0,20.34,5,HOLD_2.0s,0,0
2026-02-16T12:37:05.638Z,2,0,20.68,5,HOLD_2.0s,0,0
2026-02-16T12:37:05.688Z,2,0,20.16,5,HOLD_2.0s,2,0
2026-02-16T12:37:05.739Z,1,0,20.73,5,HOLD_2.0s,1,0
2026-02-16T12:37:05.790Z,1,0,20.21,5,HOLD_2.0s,0,0
2026-02-16T12:37:05.841Z,2,0,20.67,5,HOLD_2.0s,0,0
2026-02-16T12:37:05.892Z,2,0,20.32,5,HOLD_2.0s,1,0
2026-02-16T12:37:05.941Z,1,0,20.39,5,HOLD_2.0s,1,0
2026-02-16T12:37:05.992Z,1,0,20.25,5,HOLD_2.0s,0,0
2026-02-16T12:37:06.041Z,1,0,19.77,5,HOLD_2.0s,0,0
2026-02-16T12:37:06.091Z,2,0,19.76,5,HOLD_2.0s,1,0
2026-02-16T12:37:06.141Z,2,0,20.75,5,HOLD_2.0s,0,0
2026-02-16T12:37:06.191Z,2,0,20.32,5,HOLD_2.0s,0,0
2026-02-16T12:37:06.241Z,3,0,20.67,5,HOLD_2.0s,1,0
2026-02-16T12:37:06.291Z,2,0,20.42,5,HOLD_2.0s,1,0
2026-02-16T12:37:06.341Z,3,0,20.13,5,HOLD_2.0s,0,0
2026-02-16T12:37:06.391Z,2,0,20.16,5,HOLD_2.0s,1,0
2026-02-16T12:37:06.441Z,2,0,20.87,5,HOLD_2.0s,1,0
2026-02-16T12:37:06.491Z,2,0,20.29,5,HOLD_2.0s,0,0
2026-02-16T12:37:06.542Z,2,0,20.68,5,HOLD_2.0s,0,0
2026-02-16T12:37:06.592Z,2,0,20.18,5,HOLD_2.0s,0,0
2026-02-16T12:37:06.642Z,2,0,19.89,5,HOLD_2.0s,0,0
2026-02-16T12:37:06.692Z,3,0,20.29,5,HOLD_2.0s,1,0
2026-02-16T12:37:06.743Z,3,0,20.44,5,HOLD_2.0s,1,0
2026-02-16T12:37:06.793Z,2,0,20.26,5,HOLD_2.0s,1,0
2026-02-16T12:37:06.843Z,2,0,20.63,5,HOLD_2.0s,0,0
2026-02-16T12:37:06.894Z,3,0,20.42,5,HOLD_2.0s,0,0
2026-02-16T12:37:06.945Z,2,0,20.41,5,HOLD_2.0s,2,0
2026-02-16T12:37:06.995Z,2,0,20.34,5,HOLD_2.0s,0,0
2026-02-16T12:37:07.045Z,3,0,20.15,5,HOLD_2.0s,0,0
2026-02-16T12:37:07.096Z,4,0,19.69,5,HOLD_2.0s,0,0
2026-02-16T12:37:07.146Z,3,0,19.90,5,HOLD_2.0s,1,0
2026-02-16T12:37:07.197Z,3,0,20.50,5,HOLD_2.0s,0,0
2026-02-16T12:37:07.246Z,4,0,19.88,5,HOLD_2.0s,0,0
2026-02-16T12:37:07.296Z,5,0,21.14,5,HOLD_2.0s,0,0
2026-02-16T12:37:07.347Z,5,0,20.01,5,HOLD_2.0s,0,0
2026-02-16T12:37:07.398Z,6,1,20.13,6,SMART_GROW,0,0
2026-02-16T12:37:07.448Z,6,0,20.37,6,HOLD_2.2s,1,0
2026-02-16T12:37:07.499Z,5,0,20.28,6,HOLD_2.2s,1,0
2026-02-16T12:37:07.549Z,4,0,20.51,6,HOLD_2.2s,1,0
2026-02-16T12:37:07.599Z,5,0,20.46,6,HOLD_2.2s,0,0
2026-02-16T12:37:07.649Z,5,0,20.68,6,HOLD_2.2s,0,0
2026-02-16T12:37:07.699Z,5,0,20.68,6,HOLD_2.2s,1,0
2026-02-16T12:37:07.750Z,6,0,20.80,6,HOLD_2.2s,0,0
2026-02-16T12:37:07.800Z,6,0,20.06,6,HOLD_2.2s,1,0
2026-02-16T12:37:07.851Z,5,0,20.73,6,HOLD_2.2s,1,0
2026-02-16T12:37:07.902Z,5,0,20.19,6,HOLD_2.2s,0,0
2026-02-16T12:37:07.952Z,6,0,20.34,6,HOLD_2.2s,1,0
2026-02-16T12:37:08.003Z,5,0,19.86,6,HOLD_2.2s,1,0
2026-02-16T12:37:08.053Z,5,0,20.75,6,HOLD_2.2s,0,0
2026-02-16T12:37:08.103Z,4,0,20.63,6,HOLD_2.2s,1,0
2026-02-16T12:37:08.153Z,5,0,20.87,6,HOLD_2.2s,0,0
2026-02-16T12:37:08.204Z,6,0,20.61,6,HOLD_2.2s,0,0
2026-02-16T12:37:08.255Z,5,0,20.42,6,HOLD_2.2s,1,0
2026-02-16T12:37:08.304Z,5,0,20.37,6,HOLD_2.2s,0,0
2026-02-16T12:37:08.355Z,5,0,20.34,6,HOLD_2.2s,0,0
2026-02-16T12:37:08.406Z,5,0,20.45,6,HOLD_2.2s,0,0
2026-02-16T12:37:08.455Z,5,0,21.27,6,HOLD_2.2s,1,0
2026-02-16T12:37:08.506Z,5,0,20.67,6,HOLD_2.2s,1,0
2026-02-16T12:37:08.557Z,5,0,21.08,6,HOLD_2.2s,1,0
2026-02-16T12:37:08.607Z,5,0,20.36,6,HOLD_2.2s,0,0
2026-02-16T12:37:08.658Z,5,0,20.70,6,HOLD_2.2s,0,0
2026-02-16T12:37:08.708Z,6,0,20.19,6,HOLD_2.2s,0,0
2026-02-16T12:37:08.759Z,5,0,20.05,6,HOLD_2.2s,1,0
2026-02-16T12:37:08.810Z,7,1,19.75,7,SMART_GROW,0,0
2026-02-16T12:37:08.860Z,5,0,20.20,7,HOLD_2.4s,3,0
2026-02-16T12:37:08.910Z,5,0,20.34,7,HOLD_2.4s,0,0
2026-02-16T12:37:08.961Z,5,0,21.39,7,HOLD_2.4s,1,0
2026-02-16T12:37:09.012Z,4,0,19.93,7,HOLD_2.4s,2,0
2026-02-16T12:37:09.061Z,4,0,20.48,7,HOLD_2.4s,0,0
2026-02-16T12:37:09.112Z,4,0,21.00,7,HOLD_2.4s,1,0
2026-02-16T12:37:09.162Z,4,0,20.52,7,HOLD_2.4s,0,0
2026-02-16T12:37:09.213Z,4,0,20.50,7,HOLD_2.4s,0,0
2026-02-16T12:37:09.263Z,3,0,20.10,7,HOLD_2.4s,2,0
2026-02-16T12:37:09.313Z,2,0,20.39,7,HOLD_2.4s,1,0
2026-02-16T12:37:09.363Z,2,0,20.82,7,HOLD_2.4s,0,0
2026-02-16T12:37:09.414Z,3,0,20.26,7,HOLD_2.4s,0,0
2026-02-16T12:37:09.464Z,3,0,20.46,7,HOLD_2.4s,1,0
2026-02-16T12:37:09.514Z,2,0,19.74,7,HOLD_2.4s,2,0
2026-02-16T12:37:09.565Z,3,0,19.62,7,HOLD_2.4s,0,0
2026-02-16T12:37:09.614Z,1,0,19.97,7,HOLD_2.4s,2,0
2026-02-16T12:37:09.664Z,1,0,20.31,7,HOLD_2.4s,0,0
2026-02-16T12:37:09.715Z,1,0,20.25,7,HOLD_2.4s,0,0
2026-02-16T12:37:09.764Z,1,0,20.08,7,HOLD_2.4s,1,0
2026-02-16T12:37:09.814Z,1,0,20.35,7,HOLD_2.4s,0,0
2026-02-16T12:37:09.864Z,2,0,21.11,7,HOLD_2.4s,2,0
2026-02-16T12:37:09.914Z,1,0,20.22,7,HOLD_2.4s,1,0
2026-02-16T12:37:09.965Z,1,0,20.31,7,HOLD_2.4s,0,0
2026-02-16T12:37:10.015Z,4,0,20.27,7,HOLD_2.4s,1,0
2026-02-16T12:37:10.065Z,2,0,20.26,7,HOLD_2.4s,2,0
2026-02-16T12:37:10.115Z,1,0,20.59,7,HOLD_2.4s,2,0
2026-02-16T12:37:10.165Z,0,0,20.49,7,HOLD_2.4s,1,0
2026-02-16T12:37:10.215Z,0,0,20.32,7,HOLD_2.4s,0,0
2026-02-16T12:37:10.265Z,2,0,19.83,7,HOLD_2.4s,0,0
2026-02-16T12:37:10.316Z,1,0,21.19,7,HOLD_2.4s,2,0
2026-02-16T12:37:10.366Z,1,0,20.58,7,HOLD_2.4s,0,0
2026-02-16T12:37:10.417Z,1,0,20.41,7,HOLD_2.4s,0,0
2026-02-16T12:37:10.468Z,1,0,20.07,7,HOLD_2.4s,1,0
2026-02-16T12:37:10.518Z,2,0,19.78,7,HOLD_2.4s,1,0
2026-02-16T12:37:10.568Z,2,0,20.31,7,HOLD_2.4s,0,0
2026-02-16T12:37:10.618Z,2,0,19.91,7,HOLD_2.4s,3,0
2026-02-16T12:37:10.668Z,1,0,20.14,7,HOLD_2.4s,1,0
2026-02-16T12:37:10.719Z,1,0,20.23,7,HOLD_2.4s,0,0
2026-02-16T12:37:10.769Z,2,0,19.72,7,HOLD_2.4s,0,0
2026-02-16T12:37:10.819Z,2,0,20.32,7,HOLD_2.4s,0,0
2026-02-16T12:37:10.869Z,3,0,20.50,7,HOLD_2.4s,1,0
2026-02-16T12:37:10.919Z,2,0,20.23,7,HOLD_2.4s,2,0
2026-02-16T12:37:10.970Z,2,0,20.64,7,HOLD_2.4s,0,0
2026-02-16T12:37:11.020Z,3,0,19.91,7,HOLD_2.4s,0,0
2026-02-16T12:37:11.070Z,2,0,20.92,7,HOLD_2.4s,3,0
2026-02-16T12:37:11.120Z,4,0,21.05,7,HOLD_2.4s,0,0
2026-02-16T12:37:11.171Z,2,0,20.34,7,HOLD_2.4s,3,0
2026-02-16T12:37:11.221Z,3,0,20.41,7,HOLD_2.4s,0,0
2026-02-16T12:37:11.271Z,2,0,20.31,7,HOLD_2.4s,1,0
2026-02-16T12:37:11.322Z,3,0,20.02,7,HOLD_2.4s,1,0
2026-02-16T12:37:11.372Z,2,0,20.42,7,HOLD_2.4s,1,0
2026-02-16T12:37:11.423Z,2,0,20.33,7,HOLD_2.4s,0,0
2026-02-16T12:37:11.473Z,3,0,20.72,7,HOLD_2.4s,0,0
2026-02-16T12:37:11.523Z,3,0,20.08,7,HOLD_2.4s,1,0
2026-02-16T12:37:11.572Z,3,0,20.18,7,HOLD_2.4s,0,0
2026-02-16T12:37:11.622Z,5,0,20.09,7,HOLD_2.4s,1,0
2026-02-16T12:37:11.672Z,5,0,19.60,7,HOLD_2.4s,1,0
2026-02-16T12:37:11.722Z,5,0,20.22,7,HOLD_2.4s,0,0
2026-02-16T12:37:11.772Z,5,0,20.19,7,HOLD_2.4s,0,0
2026-02-16T12:37:11.861Z,5,0,20.44,7,HOLD_2.4s,1,0
2026-02-16T12:37:11.911Z,5,0,19.81,7,HOLD_2.4s,3,0
2026-02-16T12:37:11.962Z,3,0,20.41,7,HOLD_2.4s,2,0
2026-02-16T12:37:12.012Z,3,0,20.68,7,HOLD_2.4s,0,0
2026-02-16T12:37:12.062Z,5,0,20.75,7,HOLD_2.4s,1,0
2026-02-16T12:37:12.113Z,3,0,20.19,7,HOLD_2.4s,2,0
2026-02-16T12:37:12.164Z,3,0,20.09,7,HOLD_2.4s,2,0
2026-02-16T12:37:12.214Z,3,0,20.48,7,HOLD_2.4s,1,0
2026-02-16T12:37:12.264Z,2,0,20.90,7,HOLD_2.4s,2,0
2026-02-16T12:37:12.314Z,3,0,20.31,7,HOLD_2.4s,0,0
2026-02-16T12:37:12.364Z,2,0,20.83,7,HOLD_2.4s,2,0
2026-02-16T12:37:12.414Z,3,0,20.27,7,HOLD_2.4s,0,0
2026-02-16T12:37:12.464Z,2,0,20.16,7,HOLD_2.4s,1,0
2026-02-16T12:37:12.514Z,2,0,20.64,7,HOLD_2.4s,1,0
2026-02-16T12:37:12.565Z,2,0,20.21,7,HOLD_2.4s,0,0
2026-02-16T12:37:12.615Z,2,0,20.35,7,HOLD_2.4s,0,0
2026-02-16T12:37:12.665Z,4,0,20.32,7,HOLD_2.4s,0,0
2026-02-16T12:37:12.716Z,2,0,20.16,7,HOLD_2.4s,2,0
2026-02-16T12:37:12.767Z,1,0,20.36,7,HOLD_2.4s,1,0
2026-02-16T12:37:12.817Z,1,0,20.26,7,HOLD_2.4s,0,0
2026-02-16T12:37:12.868Z,1,0,19.83,7,HOLD_2.4s,1,0
2026-02-16T12:37:12.919Z,1,0,20.05,7,HOLD_2.4s,3,0
2026-02-16T12:37:12.970Z,1,0,19.54,7,HOLD_2.4s,2,0
2026-02-16T12:37:13.020Z,2,0,20.29,7,HOLD_2.4s,0,0
2026-02-16T12:37:13.070Z,2,0,20.19,7,HOLD_2.4s,1,0
2026-02-16T12:37:13.121Z,2,0,20.31,7,HOLD_2.4s,2,0
2026-02-16T12:37:13.171Z,4,0,19.91,7,HOLD_2.4s,0,0
2026-02-16T12:37:13.221Z,2,0,17.57,7,HOLD_2.4s,3,0
2026-02-16T12:37:13.271Z,3,0,21.05,7,HOLD_2.4s,1,0
2026-02-16T12:37:13.322Z,2,0,20.14,7,HOLD_2.4s,1,0
2026-02-16T12:37:13.372Z,4,0,21.32,7,HOLD_2.4s,0,0
2026-02-16T12:37:13.422Z,3,0,20.65,7,HOLD_2.4s,1,0
2026-02-16T12:37:13.472Z,4,0,20.26,7,HOLD_2.4s,0,0
2026-02-16T12:37:13.522Z,3,0,19.65,7,HOLD_2.4s,2,0
2026-02-16T12:37:13.572Z,2,0,20.31,7,HOLD_2.4s,1,0
2026-02-16T12:37:13.623Z,2,0,20.48,7,HOLD_2.4s,1,0
2026-02-16T12:37:13.674Z,2,0,20.36,7,HOLD_2.4s,0,0
2026-02-16T12:37:13.725Z,3,0,20.09,7,HOLD_2.4s,1,0
2026-02-16T12:37:13.776Z,3,0,20.29,7,HOLD_2.4s,1,0
2026-02-16T12:37:13.826Z,2,0,20.27,7,HOLD_2.4s,1,0
2026-02-16T12:37:13.876Z,2,0,20.59,7,HOLD_2.4s,1,0
2026-02-16T12:37:13.927Z,5,0,20.27,7,HOLD_2.4s,0,0
2026-02-16T12:37:13.977Z,5,0,20.08,7,HOLD_2.4s,2,0
2026-02-16T12:37:14.062Z,6,0,20.28,7,HOLD_2.4s,0,0
2026-02-16T12:37:14.113Z,6,0,19.81,7,HOLD_2.4s,2,0
2026-02-16T12:37:14.163Z,6,0,0.00,7,HOLD_2.4s,0,0
2026-02-16T12:37:14.214Z,6,0,20.23,7,HOLD_2.4s,3,0
2026-02-16T12:37:14.264Z,4,0,19.96,7,HOLD_2.4s,3,0
2026-02-16T12:37:14.315Z,4,0,20.05,7,HOLD_2.4s,2,0
2026-02-16T12:37:14.365Z,4,0,20.36,7,HOLD_2.4s,0,0
2026-02-16T12:37:14.415Z,4,0,21.45,7,HOLD_2.4s,1,0
2026-02-16T12:37:14.466Z,4,0,20.44,7,HOLD_2.4s,0,0
2026-02-16T12:37:14.516Z,6,0,20.14,7,HOLD_2.4s,0,0
2026-02-16T12:37:14.566Z,5,0,19.95,7,HOLD_2.4s,2,0
2026-02-16T12:37:14.617Z,5,0,20.41,7,HOLD_2.4s,0,0
2026-02-16T12:37:14.668Z,5,0,20.72,7,HOLD_2.4s,1,0
2026-02-16T12:37:14.718Z,6,0,19.90,7,HOLD_2.4s,0,0
2026-02-16T12:37:14.769Z,5,0,19.39,7,HOLD_2.4s,2,0
2026-02-16T12:37:14.819Z,6,0,20.06,7,HOLD_2.4s,1,0
2026-02-16T12:37:14.870Z,6,0,20.32,7,HOLD_2.4s,0,0
2026-02-16T12:37:14.920Z,7,0,20.62,7,HOLD_2.4s,0,0
2026-02-16T12:37:14.970Z,8,1,20.36,8,SMART_GROW,0,0
2026-02-16T12:37:15.020Z,7,0,20.87,8,HOLD_2.6s,2,0
2026-02-16T12:37:15.070Z,7,0,20.44,8,HOLD_2.6s,1,0
2026-02-16T12:37:15.120Z,8,0,20.49,8,HOLD_2.6s,0,0
2026-02-16T12:37:15.171Z,9,1,20.31,9,SMART_GROW,1,0
2026-02-16T12:37:15.221Z,8,0,21.01,9,HOLD_2.8s,2,0
2026-02-16T12:37:15.272Z,10,2,20.26,10,SMART_GROW,0,0
2026-02-16T12:37:15.321Z,9,0,20.36,10,HOLD_3.0s,4,0
2026-02-16T12:37:15.372Z,8,0,20.37,10,HOLD_3.0s,1,0
2026-02-16T12:37:15.423Z,8,0,19.83,10,HOLD_3.0s,2,0
2026-02-16T12:37:15.473Z,8,0,20.24,10,HOLD_3.0s,0,0
2026-02-16T12:37:15.523Z,8,0,20.28,10,HOLD_3.0s,0,0
2026-02-16T12:37:15.573Z,9,0,20.05,10,HOLD_3.0s,1,0
2026-02-16T12:37:15.624Z,9,0,20.19,10,HOLD_3.0s,0,0
2026-02-16T12:37:15.674Z,10,0,20.52,10,HOLD_3.0s,0,0
2026-02-16T12:37:15.724Z,10,0,20.28,10,HOLD_3.0s,0,0
2026-02-16T12:37:15.775Z,11,2,20.36,11,SMART_GROW,0,0
2026-02-16T12:37:15.825Z,10,0,20.26,11,HOLD_3.2s,2,0
2026-02-16T12:37:15.876Z,11,0,20.57,11,HOLD_3.2s,0,0
2026-02-16T12:37:15.927Z,10,0,20.14,11,HOLD_3.2s,1,0
2026-02-16T12:37:15.976Z,9,0,20.58,11,HOLD_3.2s,1,0
2026-02-16T12:37:16.026Z,10,0,20.68,11,HOLD_3.2s,2,0
2026-02-16T12:37:16.076Z,10,0,19.87,11,HOLD_3.2s,1,0
2026-02-16T12:37:16.126Z,10,0,20.23,11,HOLD_3.2s,0,0
2026-02-16T12:37:16.177Z,10,0,21.08,11,HOLD_3.2s,1,0
2026-02-16T12:37:16.228Z,10,0,20.19,11,HOLD_3.2s,2,0
2026-02-16T12:37:16.278Z,9,0,20.88,11,HOLD_3.2s,1,0
2026-02-16T12:37:16.329Z,11,0,20.26,11,HOLD_3.2s,2,0
2026-02-16T12:37:16.378Z,10,0,20.80,11,HOLD_3.2s,2,0
2026-02-16T12:37:16.429Z,11,0,20.47,11,HOLD_3.2s,1,0
2026-02-16T12:37:16.479Z,11,0,20.29,11,HOLD_3.2s,0,0
2026-02-16T12:37:16.529Z,10,0,20.10,11,HOLD_3.2s,1,0
2026-02-16T12:37:16.579Z,11,0,20.23,11,HOLD_3.2s,0,0
2026-02-16T12:37:16.630Z,10,0,20.27,11,HOLD_3.2s,2,0
2026-02-16T12:37:16.680Z,10,0,20.21,11,HOLD_3.2s,0,0
2026-02-16T12:37:16.730Z,10,0,20.19,11,HOLD_3.2s,0,0
2026-02-16T12:37:16.780Z,10,0,20.26,11,HOLD_3.2s,0,0
2026-02-16T12:37:16.830Z,11,0,19.97,11,HOLD_3.2s,1,0
2026-02-16T12:37:16.881Z,10,0,20.14,11,HOLD_3.2s,1,0
2026-02-16T12:37:16.931Z,11,0,20.05,11,HOLD_3.2s,0,0
2026-02-16T12:37:16.981Z,11,0,0.00,11,HOLD_3.2s,1,0
2026-02-16T12:37:17.062Z,12,2,20.14,12,SMART_GROW,1,0
2026-02-16T12:37:17.111Z,9,0,19.50,12,HOLD_3.4s,4,0
2026-02-16T12:37:17.162Z,10,0,20.21,12,HOLD_3.4s,0,0
2026-02-16T12:37:17.211Z,7,0,20.00,12,HOLD_3.4s,4,0
2026-02-16T12:37:17.262Z,7,0,19.98,12,HOLD_3.4s,3,0
2026-02-16T12:37:17.311Z,6,0,20.54,12,HOLD_3.4s,1,0
2026-02-16T12:37:17.361Z,7,0,19.64,12,HOLD_3.4s,2,0
2026-02-16T12:37:17.411Z,6,0,20.05,12,HOLD_3.4s,2,0
2026-02-16T12:37:17.461Z,5,0,20.90,12,HOLD_3.4s,2,0
2026-02-16T12:37:17.511Z,6,0,20.35,12,HOLD_3.4s,0,0
2026-02-16T12:37:17.562Z,5,0,20.47,12,HOLD_3.4s,1,0
2026-02-16T12:37:17.612Z,5,0,19.68,12,HOLD_3.4s,1,0
2026-02-16T12:37:17.662Z,3,0,19.36,12,HOLD_3.4s,3,0
2026-02-16T12:37:17.712Z,3,0,20.24,12,HOLD_3.4s,0,0
2026-02-16T12:37:17.763Z,3,0,20.54,12,HOLD_3.4s,0,0
2026-02-16T12:37:17.814Z,5,0,20.01,12,HOLD_3.4s,0,0
2026-02-16T12:37:17.863Z,3,0,20.28,12,HOLD_3.4s,2,0
2026-02-16T12:37:17.914Z,4,0,19.92,12,HOLD_3.4s,0,0
2026-02-16T12:37:17.964Z,4,0,20.28,12,HOLD_3.4s,0,0
2026-02-16T12:37:18.013Z,4,0,19.85,12,HOLD_3.4s,2,0
2026-02-16T12:37:18.061Z,4,0,20.36,12,HOLD_3.4s,0,0
2026-02-16T12:37:18.112Z,4,0,20.58,12,HOLD_3.4s,2,0
2026-02-16T12:37:18.161Z,3,0,19.21,12,HOLD_3.4s,3,0
2026-02-16T12:37:18.212Z,6,0,20.01,12,HOLD_3.4s,1,0
2026-02-16T12:37:18.262Z,7,0,20.19,12,HOLD_3.4s,2,0
2026-02-16T12:37:18.311Z,4,0,20.31,12,HOLD_3.4s,4,0
2026-02-16T12:37:18.362Z,5,0,20.82,12,HOLD_3.4s,1,0
2026-02-16T12:37:18.413Z,6,0,19.64,12,HOLD_3.4s,2,0
2026-02-16T12:37:18.462Z,3,0,19.60,12,HOLD_3.4s,5,0
2026-02-16T12:37:18.513Z,2,0,20.29,12,HOLD_3.4s,1,0
2026-02-16T12:37:18.564Z,2,0,20.44,12,HOLD_3.4s,1,0
2026-02-16T12:37:18.614Z,3,0,19.77,12,HOLD_3.4s,0,0
2026-02-16T12:37:18.665Z,6,0,20.14,12,HOLD_3.4s,0,0
2026-02-16T12:37:18.716Z,4,0,20.32,12,HOLD_3.4s,2,0
2026-02-16T12:37:18.767Z,4,0,20.31,12,HOLD_3.4s,0,0
2026-02-16T12:37:18.818Z,4,0,20.23,12,HOLD_3.4s,0,0
2026-02-16T12:37:18.868Z,4,0,20.98,12,HOLD_3.4s,2,0
2026-02-16T12:37:18.918Z,4,0,20.72,12,HOLD_3.4s,0,0
2026-02-16T12:37:18.969Z,4,0,20.28,12,HOLD_3.4s,0,0
2026-02-16T12:37:19.019Z,5,0,20.88,12,HOLD_3.4s,2,0
2026-02-16T12:37:19.070Z,4,0,20.39,12,HOLD_3.4s,1,0
2026-02-16T12:37:19.120Z,4,0,20.62,12,HOLD_3.4s,2,0
2026-02-16T12:37:19.170Z,6,0,20.37,12,HOLD_3.4s,1,0
2026-02-16T12:37:19.221Z,5,0,20.42,12,HOLD_3.4s,2,0
2026-02-16T12:37:19.271Z,5,0,20.06,12,HOLD_3.4s,3,0
2026-02-16T12:37:19.320Z,5,0,19.88,12,HOLD_3.4s,3,0
2026-02-16T12:37:19.371Z,4,0,20.51,12,HOLD_3.4s,2,0
2026-02-16T12:37:19.421Z,4,0,19.59,12,HOLD_3.4s,2,0
2026-02-16T12:37:19.471Z,5,0,20.01,12,HOLD_3.4s,4,0
2026-02-16T12:37:19.520Z,5,0,20.82,12,HOLD_3.4s,1,0
2026-02-16T12:37:19.571Z,6,0,20.46,12,HOLD_3.4s,0,0
2026-02-16T12:37:19.622Z,5,0,20.39,12,HOLD_3.4s,2,0
2026-02-16T12:37:19.673Z,5,0,20.33,12,HOLD_3.4s,0,0
2026-02-16T12:37:19.723Z,6,0,20.24,12,HOLD_3.4s,1,0
2026-02-16T12:37:19.774Z,6,0,20.42,12,HOLD_3.4s,0,0
2026-02-16T12:37:19.825Z,6,0,20.24,12,HOLD_3.4s,0,0
2026-02-16T12:37:19.875Z,8,0,21.10,12,HOLD_3.4s,0,0
2026-02-16T12:37:19.926Z,5,0,20.80,12,HOLD_3.4s,3,0
2026-02-16T12:37:19.977Z,5,0,20.46,12,HOLD_3.4s,0,0
2026-02-16T12:37:20.028Z,7,0,20.26,12,HOLD_3.4s,0,0
2026-02-16T12:37:20.078Z,5,0,20.72,12,HOLD_3.4s,3,0
2026-02-16T12:37:20.129Z,7,0,20.49,12,HOLD_3.4s,0,0
2026-02-16T12:37:20.179Z,9,0,19.79,12,HOLD_3.4s,1,0
2026-02-16T12:37:20.230Z,7,0,20.67,12,HOLD_3.4s,3,0
2026-02-16T12:37:20.281Z,8,0,20.19,12,HOLD_3.4s,2,0
2026-02-16T12:37:20.330Z,8,0,20.83,12,HOLD_3.4s,3,0
2026-02-16T12:37:20.381Z,7,0,20.24,12,HOLD_3.4s,3,0
2026-02-16T12:37:20.430Z,8,0,20.87,12,HOLD_3.4s,1,0
2026-02-16T12:37:20.480Z,9,0,20.85,12,HOLD_3.4s,3,0
2026-02-16T12:37:20.531Z,7,0,20.65,12,HOLD_3.4s,3,0
2026-02-16T12:37:20.582Z,6,0,20.24,12,HOLD_3.4s,1,0
2026-02-16T12:37:20.632Z,6,0,20.73,12,HOLD_3.4s,2,0
2026-02-16T12:37:20.683Z,5,0,20.46,12,HOLD_3.4s,1,0
2026-02-16T12:37:20.732Z,6,0,20.34,12,HOLD_3.4s,0,0
2026-02-16T12:37:20.783Z,5,0,20.50,12,HOLD_3.4s,1,0
2026-02-16T12:37:20.832Z,5,0,20.21,12,HOLD_3.4s,1,0
2026-02-16T12:37:20.882Z,5,0,20.34,12,HOLD_3.4s,0,0
2026-02-16T12:37:20.933Z,5,0,20.16,12,HOLD_3.4s,3,0
2026-02-16T12:37:20.982Z,5,0,20.14,12,HOLD_3.4s,0,0
2026-02-16T12:37:21.033Z,5,0,20.55,12,HOLD_3.4s,0,0
2026-02-16T12:37:21.083Z,6,0,20.82,12,HOLD_3.4s,2,0
2026-02-16T12:37:21.134Z,5,0,20.32,12,HOLD_3.4s,1,0
2026-02-16T12:37:21.183Z,6,0,20.40,12,HOLD_3.4s,0,0
2026-02-16T12:37:21.233Z,6,0,20.24,12,HOLD_3.4s,3,0
2026-02-16T12:37:21.284Z,7,0,20.05,12,HOLD_3.4s,1,0
2026-02-16T12:37:21.334Z,8,0,21.77,12,HOLD_3.4s,2,0
2026-02-16T12:37:21.385Z,7,0,21.29,12,HOLD_3.4s,4,0
2026-02-16T12:37:21.434Z,6,0,20.24,12,HOLD_3.4s,3,0
2026-02-16T12:37:21.484Z,6,0,20.27,12,HOLD_3.4s,3,0
2026-02-16T12:37:21.535Z,6,0,20.85,12,HOLD_3.4s,3,0
2026-02-16T12:37:21.585Z,5,0,20.06,12,HOLD_3.4s,2,0
2026-02-16T12:37:21.635Z,5,0,19.96,12,HOLD_3.4s,2,0
2026-02-16T12:37:21.685Z,4,0,20.76,12,HOLD_3.4s,2,0
2026-02-16T12:37:21.735Z,4,0,20.23,12,HOLD_3.4s,0,0
2026-02-16T12:37:21.785Z,4,0,20.29,12,HOLD_3.4s,1,0
2026-02-16T12:37:21.836Z,5,0,20.52,12,HOLD_3.4s,0,0
2026-02-16T12:37:21.885Z,4,0,20.19,12,HOLD_3.4s,1,0
2026-02-16T12:37:21.936Z,5,0,20.35,12,HOLD_3.4s,2,0
2026-02-16T12:37:21.986Z,4,0,20.21,12,HOLD_3.4s,1,0
2026-02-16T12:37:22.036Z,5,0,20.10,12,HOLD_3.4s,0,0
2026-02-16T12:37:22.086Z,7,0,19.72,12,HOLD_3.4s,0,0
2026-02-16T12:37:22.161Z,5,0,20.36,12,HOLD_3.4s,3,0
2026-02-16T12:37:22.212Z,3,0,20.41,12,HOLD_3.4s,3,0
2026-02-16T12:37:22.262Z,2,0,20.32,12,HOLD_3.4s,4,0
2026-02-16T12:37:22.312Z,2,0,20.32,12,HOLD_3.4s,1,0
2026-02-16T12:37:22.363Z,4,0,19.64,12,HOLD_3.4s,2,0
2026-02-16T12:37:22.412Z,3,0,20.09,12,HOLD_3.4s,4,0
2026-02-16T12:37:22.462Z,4,0,19.55,12,HOLD_3.4s,2,0
2026-02-16T12:37:22.513Z,3,0,20.01,12,HOLD_3.4s,4,0
2026-02-16T12:37:22.563Z,5,0,20.19,12,HOLD_3.4s,1,0
2026-02-16T12:37:22.621Z,3,0,27.86,12,HOLD_3.4s,2,0
2026-02-16T12:37:22.671Z,6,0,1.00,12,HOLD_3.4s,1,0
2026-02-16T12:37:22.761Z,4,0,40.31,11,LAG_SHRINK,3,0
2026-02-16T12:37:22.860Z,5,0,79.92,10,LAG_SHRINK,1,0
2026-02-16T12:37:22.910Z,5,0,20.50,10,HOLD_3.0s,0,0
2026-02-16T12:37:22.962Z,8,0,38.81,9,LAG_SHRINK,0,0
2026-02-16T12:37:23.060Z,6,0,48.00,8,LAG_SHRINK,2,0
2026-02-16T12:37:23.161Z,8,0,50.38,7,LAG_SHRINK,1,0
2026-02-16T12:37:23.263Z,7,6,78.15,6,LAG_SHRINK,2,0
2026-02-16T12:37:23.313Z,7,8,20.29,7,SMART_GROW,1,0
2026-02-16T12:37:23.364Z,8,8,1.00,8,SMART_GROW,1,0
2026-02-16T12:37:23.461Z,8,9,79.13,7,LAG_SHRINK,0,0
2026-02-16T12:37:23.560Z,7,16,79.66,6,LAG_SHRINK,3,0
2026-02-16T12:37:23.611Z,7,18,19.64,7,SMART_GROW,0,0
2026-02-16T12:37:23.662Z,8,17,20.41,8,SMART_GROW,1,0
2026-02-16T12:37:23.763Z,8,17,49.21,7,LAG_SHRINK,2,0
2026-02-16T12:37:23.863Z,7,17,82.94,6,LAG_SHRINK,3,0
2026-02-16T12:37:23.962Z,6,18,77.43,5,LAG_SHRINK,1,0
2026-02-16T12:37:24.060Z,6,20,48.00,5,LAG_SHRINK,0,0
2026-02-16T12:37:24.110Z,6,21,20.49,6,SMART_GROW,0,0
2026-02-16T12:37:24.161Z,7,21,1.00,7,SMART_GROW,0,0
2026-02-16T12:37:24.212Z,8,22,19.72,8,SMART_GROW,0,0
2026-02-16T12:37:24.262Z,8,21,41.53,7,LAG_SHRINK,0,0
2026-02-16T12:37:24.360Z,8,22,20.18,8,SMART_GROW,1,0
2026-02-16T12:37:24.460Z,8,23,49.86,7,LAG_SHRINK,0,0
2026-02-16T12:37:24.511Z,9,26,19.91,9,SMART_GROW,0,0
2026-02-16T12:37:24.562Z,9,24,41.96,8,LAG_SHRINK,1,0
2026-02-16T12:37:24.661Z,9,22,20.67,9,SMART_GROW,3,0
2026-02-16T12:37:24.763Z,9,21,49.52,8,LAG_SHRINK,3,0
2026-02-16T12:37:24.861Z,8,21,80.12,7,LAG_SHRINK,3,0
2026-02-16T12:37:24.910Z,8,22,20.46,8,SMART_GROW,1,0
2026-02-16T12:37:24.961Z,8,20,39.63,7,LAG_SHRINK,1,0
2026-02-16T12:37:25.060Z,7,21,49.00,6,LAG_SHRINK,1,0
2026-02-16T12:37:25.110Z,7,22,20.46,7,SMART_GROW,0,0
2026-02-16T12:37:25.160Z,8,22,20.29,8,SMART_GROW,0,0
2026-02-16T12:37:25.263Z,8,18,49.36,7,LAG_SHRINK,3,0
2026-02-16T12:37:25.314Z,8,19,20.23,8,SMART_GROW,1,0
2026-02-16T12:37:25.364Z,8,17,38.45,7,LAG_SHRINK,1,0
2026-02-16T12:37:25.460Z,7,17,79.46,6,LAG_SHRINK,1,0
2026-02-16T12:37:25.509Z,7,17,20.21,7,SMART_GROW,0,0
2026-02-16T12:37:25.560Z,8,17,20.28,8,SMART_GROW,0,0
2026-02-16T12:37:25.661Z,8,19,49.58,7,LAG_SHRINK,1,0
2026-02-16T12:37:25.761Z,7,23,81.10,6,LAG_SHRINK,1,0
2026-02-16T12:37:25.860Z,6,25,79.13,5,LAG_SHRINK,1,0
2026-02-16T12:37:25.960Z,6,27,80.58,5,LAG_SHRINK,0,0
2026-02-16T12:37:26.009Z,7,29,20.52,7,SMART_GROW,0,0
2026-02-16T12:37:26.063Z,9,28,4.00,9,SMART_GROW,0,0
2026-02-16T12:37:26.165Z,9,22,80.38,8,LAG_SHRINK,4,0
2026-02-16T12:37:26.263Z,8,21,48.00,7,LAG_SHRINK,4,0
2026-02-16T12:37:26.362Z,7,23,48.39,6,LAG_SHRINK,2,0
2026-02-16T12:37:26.462Z,6,23,82.54,5,LAG_SHRINK,3,0
2026-02-16T12:37:26.562Z,6,23,80.58,5,LAG_SHRINK,0,0
2026-02-16T12:37:26.660Z,5,22,48.00,5,LAG_SHRINK,2,0
2026-02-16T12:37:26.762Z,6,22,20.77,6,SMART_GROW,2,0
2026-02-16T12:37:26.862Z,6,21,49.08,5,LAG_SHRINK,1,0
2026-02-16T12:37:26.914Z,6,22,20.23,6,SMART_GROW,1,0
2026-02-16T12:37:26.965Z,7,20,1.00,7,SMART_GROW,1,0
2026-02-16T12:37:27.062Z,7,19,81.23,6,LAG_SHRINK,0,0
2026-02-16T12:37:27.161Z,6,19,80.90,5,LAG_SHRINK,2,0
2026-02-16T12:37:27.260Z,6,25,20.67,6,SMART_GROW,1,0
2026-02-16T12:37:27.264Z,7,24,1.00,7,SMART_GROW,0,0
2026-02-16T12:37:27.363Z,7,23,81.69,6,LAG_SHRINK,2,0
2026-02-16T12:37:27.463Z,6,24,50.00,5,LAG_SHRINK,3,0
2026-02-16T12:37:27.561Z,5,25,48.98,5,LAG_SHRINK,2,0
2026-02-16T12:37:27.662Z,5,25,81.10,5,LAG_SHRINK,2,0
2026-02-16T12:37:27.760Z,5,25,76.78,5,LAG_SHRINK,1,0
2026-02-16T12:37:27.860Z,5,27,78.87,5,LAG_SHRINK,0,0
2026-02-16T12:37:27.960Z,7,28,20.64,7,SMART_GROW,0,0
2026-02-16T12:37:28.062Z,9,27,21.90,9,SMART_GROW,1,0
2026-02-16T12:37:28.162Z,9,25,49.66,8,LAG_SHRINK,2,0
2026-02-16T12:37:28.212Z,10,26,19.87,10,SMART_GROW,1,0
2026-02-16T12:37:28.263Z,10,24,41.14,9,LAG_SHRINK,0,0
2026-02-16T12:37:28.361Z,9,25,48.00,8,LAG_SHRINK,2,0
2026-02-16T12:37:28.461Z,10,26,20.49,10,SMART_GROW,3,0
2026-02-16T12:37:28.563Z,10,24,49.66,9,LAG_SHRINK,2,0
2026-02-16T12:37:28.662Z,9,22,79.46,8,LAG_SHRINK,4,0
2026-02-16T12:37:28.762Z,8,24,75.86,7,LAG_SHRINK,2,0
2026-02-16T12:37:28.813Z,8,24,19.49,8,SMART_GROW,1,0
2026-02-16T12:37:28.862Z,8,22,41.80,7,LAG_SHRINK,1,0
2026-02-16T12:37:28.913Z,8,22,20.50,8,SMART_GROW,0,0
2026-02-16T12:37:28.964Z,9,22,20.19,9,SMART_GROW,0,0
2026-02-16T12:37:29.064Z,9,21,50.00,8,LAG_SHRINK,0,0
2026-02-16T12:37:29.115Z,9,23,20.33,9,SMART_GROW,1,0
2026-02-16T12:37:29.165Z,10,21,1.00,10,SMART_GROW,1,0
2026-02-16T12:37:29.260Z,10,22,80.45,9,LAG_SHRINK,0,0
2026-02-16T12:37:29.310Z,10,25,20.24,10,SMART_GROW,0,0
2026-02-16T12:37:29.360Z,11,25,20.32,11,SMART_GROW,0,0
2026-02-16T12:37:29.462Z,12,25,20.36,12,SMART_GROW,1,0
2026-02-16T12:37:29.565Z,12,23,51.52,11,LAG_SHRINK,3,0
2026-02-16T12:37:29.662Z,11,27,77.23,10,LAG_SHRINK,1,0
2026-02-16T12:37:29.713Z,12,30,20.14,12,SMART_GROW,0,0
2026-02-16T12:37:29.763Z,14,29,0.00,14,SMART_GROW,0,0
2026-02-16T12:37:29.863Z,16,26,20.23,16,SMART_GROW,2,0
2026-02-16T12:37:29.968Z,16,22,50.36,15,LAG_SHRINK,3,0
2026-02-16T12:37:30.062Z,15,21,45.00,14,LAG_SHRINK,2,0
2026-02-16T12:37:30.163Z,14,21,49.92,13,LAG_SHRINK,2,0
2026-02-16T12:37:30.213Z,14,22,20.18,14,SMART_GROW,1,0
2026-02-16T12:37:30.263Z,14,20,39.73,13,LAG_SHRINK,1,0
2026-02-16T12:37:30.360Z,14,20,19.77,14,SMART_GROW,1,0
2026-02-16T12:37:30.410Z,15,19,20.34,15,SMART_GROW,1,0
2026-02-16T12:37:30.461Z,15,17,40.55,14,LAG_SHRINK,1,0
2026-02-16T12:37:30.512Z,15,18,19.95,15,SMART_GROW,1,0
2026-02-16T12:37:30.562Z,15,16,40.26,14,LAG_SHRINK,1,0
2026-02-16T12:37:30.660Z,15,18,20.52,15,SMART_GROW,1,0
2026-02-16T12:37:30.767Z,15,16,50.52,14,LAG_SHRINK,2,0
2026-02-16T12:37:30.862Z,14,16,80.64,13,LAG_SHRINK,3,0
2026-02-16T12:37:30.964Z,13,18,77.96,12,LAG_SHRINK,2,0
2026-02-16T12:37:31.060Z,12,20,79.46,11,LAG_SHRINK,1,0
2026-02-16T12:37:31.110Z,12,22,20.44,12,SMART_GROW,0,0
2026-02-16T12:37:31.160Z,13,22,20.52,13,SMART_GROW,0,0
2026-02-16T12:37:31.262Z,14,20,20.23,14,SMART_GROW,2,0
2026-02-16T12:37:31.363Z,14,19,49.33,13,LAG_SHRINK,2,0
2026-02-16T12:37:31.461Z,14,19,19.55,14,SMART_GROW,2,0
2026-02-16T12:37:31.564Z,15,16,19.58,15,SMART_GROW,4,0
2026-02-16T12:37:31.663Z,15,15,49.22,14,LAG_SHRINK,2,0
2026-02-16T12:37:31.761Z,14,17,75.53,13,LAG_SHRINK,1,0
2026-02-16T12:37:31.811Z,14,19,20.24,14,SMART_GROW,0,0
2026-02-16T12:37:31.862Z,15,19,1.00,15,SMART_GROW,0,0
2026-02-16T12:37:31.962Z,15,20,81.69,14,LAG_SHRINK,1,0
2026-02-16T12:37:32.012Z,15,21,20.68,15,SMART_GROW,1,0
2026-02-16T12:37:32.063Z,16,20,2.00,16,SMART_GROW,0,0
2026-02-16T12:37:32.162Z,16,17,80.84,15,LAG_SHRINK,2,0
2026-02-16T12:37:32.261Z,15,16,49.00,14,LAG_SHRINK,3,0
2026-02-16T12:37:32.361Z,14,18,49.48,13,LAG_SHRINK,1,0
2026-02-16T12:37:32.411Z,14,21,20.78,14,SMART_GROW,1,0
2026-02-16T12:37:32.462Z,15,20,1.00,15,SMART_GROW,0,0
2026-02-16T12:37:32.560Z,15,21,81.10,14,LAG_SHRINK,0,0
2026-02-16T12:37:32.612Z,15,24,20.34,15,SMART_GROW,1,0
2026-02-16T12:37:32.662Z,16,23,1.00,16,SMART_GROW,0,0
2026-02-16T12:37:32.760Z,16,23,81.17,15,LAG_SHRINK,1,0
2026-02-16T12:37:32.811Z,16,23,20.39,16,SMART_GROW,0,0
2026-02-16T12:37:32.861Z,17,23,20.32,17,SMART_GROW,0,0
2026-02-16T12:37:32.962Z,17,22,49.13,16,LAG_SHRINK,1,0
2026-02-16T12:37:33.060Z,16,23,79.53,15,LAG_SHRINK,1,0
2026-02-16T12:37:33.109Z,16,24,19.51,16,SMART_GROW,0,0
2026-02-16T12:37:33.160Z,17,24,1.00,17,SMART_GROW,0,0
2026-02-16T12:37:33.261Z,18,25,19.80,18,SMART_GROW,2,0
2026-02-16T12:37:33.360Z,19,21,19.73,19,SMART_GROW,4,0
2026-02-16T12:37:33.461Z,20,18,18.95,20,SMART_GROW,3,0
2026-02-16T12:37:33.577Z,20,13,56.61,19,LAG_SHRINK,4,0
2026-02-16T12:37:33.664Z,19,12,38.00,18,LAG_SHRINK,2,0
2026-02-16T12:37:33.764Z,18,11,97.68,17,LAG_SHRINK,3,0
2026-02-16T12:37:33.862Z,18,10,19.75,18,SMART_GROW,3,0
2026-02-16T12:37:33.963Z,18,9,48.99,17,LAG_SHRINK,1,0
2026-02-16T12:37:34.013Z,18,10,20.34,18,SMART_GROW,1,0
2026-02-16T12:37:34.062Z,19,9,0.00,19,SMART_GROW,0,0
2026-02-16T12:37:34.162Z,19,5,79.86,18,LAG_SHRINK,3,0
2026-02-16T12:37:34.213Z,19,6,19.57,19,SMART_GROW,1,0
2026-02-16T12:37:34.262Z,20,5,0.00,20,SMART_GROW,0,0
2026-02-16T12:37:34.364Z,20,6,52.00,19,LAG_SHRINK,3,0
2026-02-16T12:37:34.462Z,19,7,48.84,18,LAG_SHRINK,3,0
2026-02-16T12:37:34.513Z,19,10,20.49,19,SMART_GROW,1,0
2026-02-16T12:37:34.564Z,19,8,39.27,18,LAG_SHRINK,1,0
2026-02-16T12:37:34.660Z,19,10,78.28,17,LAG_SHRINK,0,0
2026-02-16T12:37:34.710Z,19,13,20.46,18,SMART_GROW,0,0
2026-02-16T12:37:34.761Z,19,13,1.00,19,SMART_GROW,0,0
2026-02-16T12:37:34.811Z,20,16,20.32,20,SMART_GROW,0,0
2026-02-16T12:37:34.862Z,21,15,1.00,21,SMART_GROW,0,0
2026-02-16T12:37:34.961Z,21,12,80.90,20,LAG_SHRINK,3,0
2026-02-16T12:37:35.062Z,21,12,20.41,21,SMART_GROW,3,0
2026-02-16T12:37:35.164Z,21,12,49.59,20,LAG_SHRINK,2,0
2026-02-16T12:37:35.263Z,20,11,82.15,19,LAG_SHRINK,3,0
2026-02-16T12:37:35.360Z,20,12,20.01,20,SMART_GROW,3,0
2026-02-16T12:37:35.467Z,20,10,98.40,19,LAG_SHRINK,3,0
2026-02-16T12:37:35.568Z,19,9,93.09,18,LAG_SHRINK,4,0
2026-02-16T12:37:35.663Z,18,8,45.00,17,LAG_SHRINK,3,0
2026-02-16T12:37:35.763Z,17,5,48.44,16,LAG_SHRINK,4,0
2026-02-16T12:37:35.863Z,17,3,21.16,17,SMART_GROW,3,0
2026-02-16T12:37:35.966Z,17,0,47.35,16,LAG_SHRINK,4,0
2026-02-16T12:37:36.063Z,16,1,83.20,15,LAG_SHRINK,3,0
2026-02-16T12:37:36.160Z,15,4,78.15,14,LAG_SHRINK,1,0
2026-02-16T12:37:36.260Z,15,6,20.26,15,SMART_GROW,0,0
2026-02-16T12:37:36.261Z,16,6,0.00,16,SMART_GROW,0,0
2026-02-16T12:37:36.363Z,16,7,52.00,15,LAG_SHRINK,2,0
2026-02-16T12:37:36.413Z,16,9,19.80,16,SMART_GROW,1,0
2026-02-16T12:37:36.463Z,16,7,38.22,15,LAG_SHRINK,1,0
2026-02-16T12:37:36.560Z,15,11,77.04,14,LAG_SHRINK,1,0
2026-02-16T12:37:36.611Z,15,14,20.50,15,SMART_GROW,1,0
2026-02-16T12:37:36.662Z,15,12,40.22,14,LAG_SHRINK,1,0
2026-02-16T12:37:36.713Z,15,16,20.14,15,SMART_GROW,1,0
2026-02-16T12:37:36.762Z,16,15,0.00,16,SMART_GROW,0,0
2026-02-16T12:37:36.868Z,16,14,84.38,15,LAG_SHRINK,3,0
2026-02-16T12:37:36.964Z,15,18,46.00,14,LAG_SHRINK,2,0
2026-02-16T12:37:37.015Z,15,21,20.05,15,SMART_GROW,1,0
2026-02-16T12:37:37.065Z,15,20,34.10,14,LAG_SHRINK,0,0
2026-02-16T12:37:37.116Z,15,21,19.72,15,SMART_GROW,0,0
2026-02-16T12:37:37.166Z,16,21,20.34,16,SMART_GROW,0,0
2026-02-16T12:37:37.262Z,16,19,81.63,15,LAG_SHRINK,1,0
2026-02-16T12:37:37.360Z,16,21,76.58,14,LAG_SHRINK,0,0
2026-02-16T12:37:37.410Z,15,22,20.52,15,SMART_GROW,1,0
2026-02-16T12:37:37.459Z,16,22,20.13,16,SMART_GROW,0,0
2026-02-16T12:37:37.520Z,17,22,28.78,17,SMART_GROW,1,0
2026-02-16T12:37:37.571Z,17,21,39.93,16,LAG_SHRINK,1,0
2026-02-16T12:37:37.620Z,17,21,19.46,17,SMART_GROW,0,0
2026-02-16T12:37:37.671Z,18,22,20.42,18,SMART_GROW,0,0
2026-02-16T12:37:37.761Z,18,21,79.00,17,LAG_SHRINK,1,0
2026-02-16T12:37:37.860Z,17,24,49.00,16,LAG_SHRINK,1,0
2026-02-16T12:37:37.960Z,18,26,20.37,18,SMART_GROW,0,0
2026-02-16T12:37:38.062Z,19,24,20.55,19,SMART_GROW,2,0
2026-02-16T12:37:38.162Z,19,22,48.77,18,LAG_SHRINK,1,0
2026-02-16T12:37:38.212Z,19,22,20.47,19,SMART_GROW,1,0
2026-02-16T12:37:38.262Z,19,20,41.63,18,LAG_SHRINK,1,0
2026-02-16T12:37:38.362Z,18,21,78.94,17,LAG_SHRINK,1,0
2026-02-16T12:37:38.412Z,18,22,20.32,18,SMART_GROW,0,0
2026-02-16T12:37:38.461Z,19,22,0.00,19,SMART_GROW,0,0
2026-02-16T12:37:38.562Z,20,20,20.41,20,SMART_GROW,2,0
2026-02-16T12:37:38.662Z,20,18,49.02,19,LAG_SHRINK,2,0
2026-02-16T12:37:38.711Z,20,18,20.31,20,SMART_GROW,1,0
2026-02-16T12:37:38.762Z,21,17,20.34,21,SMART_GROW,0,0
2026-02-16T12:37:38.862Z,21,17,48.93,20,LAG_SHRINK,1,0
2026-02-16T12:37:38.913Z,21,17,20.29,21,SMART_GROW,1,0
2026-02-16T12:37:38.965Z,21,15,41.47,20,LAG_SHRINK,1,0
2026-02-16T12:37:39.063Z,21,16,19.64,21,SMART_GROW,0,0
2026-02-16T12:37:39.161Z,21,16,49.25,20,LAG_SHRINK,1,0
2026-02-16T12:37:39.212Z,21,18,20.52,21,SMART_GROW,1,0
2026-02-16T12:37:39.263Z,21,16,39.60,20,LAG_SHRINK,1,0
2026-02-16T12:37:39.361Z,21,16,19.87,21,SMART_GROW,2,0
2026-02-16T12:37:39.461Z,22,13,19.65,22,SMART_GROW,3,0
2026-02-16T12:37:39.561Z,23,11,20.21,23,SMART_GROW,2,0
2026-02-16T12:37:39.663Z,24,8,20.19,24,SMART_GROW,5,0
2026-02-16T12:37:39.762Z,24,3,48.24,23,LAG_SHRINK,5,0
2026-02-16T12:37:39.861Z,23,1,80.77,22,LAG_SHRINK,3,0
2026-02-16T12:37:39.962Z,22,0,20.95,22,HOLD_5.4s,4,0
2026-02-16T12:37:40.061Z,21,0,19.71,22,HOLD_5.4s,2,0
2026-02-16T12:37:40.161Z,21,0,49.93,21,LAG_SHRINK,1,0
2026-02-16T12:37:40.261Z,20,0,79.20,20,LAG_SHRINK,2,0
2026-02-16T12:37:40.360Z,21,3,19.90,21,SMART_GROW,0,0
2026-02-16T12:37:40.362Z,22,2,0.00,22,SMART_GROW,0,0
2026-02-16T12:37:40.461Z,22,2,80.45,21,LAG_SHRINK,1,0
2026-02-16T12:37:40.559Z,21,4,78.81,20,LAG_SHRINK,1,0
2026-02-16T12:37:40.610Z,21,8,19.52,21,SMART_GROW,1,0
2026-02-16T12:37:40.660Z,22,7,0.00,22,SMART_GROW,0,0
2026-02-16T12:37:40.761Z,22,9,81.17,21,LAG_SHRINK,1,0
2026-02-16T12:37:40.810Z,22,15,20.28,22,SMART_GROW,0,0
2026-02-16T12:37:40.861Z,23,15,20.14,23,SMART_GROW,0,0
2026-02-16T12:37:40.961Z,24,15,20.48,24,SMART_GROW,2,0
2026-02-16T12:37:41.061Z,25,14,20.11,25,SMART_GROW,1,0
2026-02-16T12:37:41.161Z,26,11,19.93,26,SMART_GROW,4,0
2026-02-16T12:37:41.261Z,27,10,19.84,27,SMART_GROW,2,0
2026-02-16T12:37:41.362Z,27,8,49.40,26,LAG_SHRINK,2,0
2026-02-16T12:37:41.460Z,27,9,20.78,27,SMART_GROW,1,0
2026-02-16T12:37:41.562Z,28,5,19.73,28,SMART_GROW,4,0
2026-02-16T12:37:41.662Z,28,1,49.24,27,LAG_SHRINK,4,0
2026-02-16T12:37:41.762Z,26,0,77.89,26,LAG_SHRINK,4,0
2026-02-16T12:37:41.860Z,25,0,20.21,26,HOLD_6.2s,1,0
2026-02-16T12:37:41.910Z,23,0,19.83,26,HOLD_6.2s,2,0
2026-02-16T12:37:41.960Z,24,0,20.23,26,HOLD_6.2s,0,0
2026-02-16T12:37:42.061Z,23,0,50.80,25,LAG_SHRINK,2,0
2026-02-16T12:37:42.162Z,25,0,80.31,24,LAG_SHRINK,0,0
2026-02-16T12:37:42.260Z,25,4,20.95,25,SMART_GROW,1,0
2026-02-16T12:37:42.362Z,26,4,20.09,26,SMART_GROW,2,0
2026-02-16T12:37:42.462Z,26,3,48.67,25,LAG_SHRINK,1,0
2026-02-16T12:37:42.513Z,26,6,20.21,26,SMART_GROW,1,0
2026-02-16T12:37:42.564Z,27,4,1.00,27,SMART_GROW,1,0
2026-02-16T12:37:42.667Z,27,5,81.89,26,LAG_SHRINK,2,0
2026-02-16T12:37:42.761Z,26,7,78.87,25,LAG_SHRINK,4,0
2026-02-16T12:37:42.862Z,25,7,79.72,24,LAG_SHRINK,2,0
2026-02-16T12:37:42.961Z,24,7,49.00,23,LAG_SHRINK,2,0
2026-02-16T12:37:43.011Z,24,9,19.86,24,SMART_GROW,1,0
2026-02-16T12:37:43.063Z,24,7,39.47,23,LAG_SHRINK,1,0
2026-02-16T12:37:43.112Z,24,8,20.28,24,SMART_GROW,1,0
2026-02-16T12:37:43.163Z,24,6,38.06,23,LAG_SHRINK,1,0
2026-02-16T12:37:43.212Z,24,7,20.16,24,SMART_GROW,1,0
2026-02-16T12:37:43.263Z,24,5,39.17,23,LAG_SHRINK,1,0
2026-02-16T12:37:43.360Z,23,6,79.53,22,LAG_SHRINK,1,0
2026-02-16T12:37:43.409Z,23,8,19.51,23,SMART_GROW,1,0
2026-02-16T12:37:43.460Z,24,7,20.24,24,SMART_GROW,0,0
2026-02-16T12:37:43.563Z,24,4,49.90,23,LAG_SHRINK,3,0
2026-02-16T12:37:43.663Z,23,1,81.04,22,LAG_SHRINK,5,0
2026-02-16T12:37:43.762Z,23,4,19.75,23,SMART_GROW,3,0
2026-02-16T12:37:43.862Z,24,4,20.64,24,SMART_GROW,2,0
2026-02-16T12:37:43.961Z,25,2,20.15,25,SMART_GROW,3,0
2026-02-16T12:37:44.061Z,23,0,19.91,25,HOLD_6.0s,4,0
2026-02-16T12:37:44.111Z,24,0,20.84,25,HOLD_6.0s,1,0
2026-02-16T12:37:44.162Z,24,0,20.26,25,HOLD_6.0s,0,0
2026-02-16T12:37:44.213Z,26,1,20.14,26,SMART_GROW,0,0
2026-02-16T12:37:44.262Z,25,0,36.91,25,LAG_SHRINK,1,0
2026-02-16T12:37:44.313Z,26,2,20.60,26,SMART_GROW,0,0
2026-02-16T12:37:44.364Z,26,0,1.00,26,HOLD_6.2s,1,0
2026-02-16T12:37:44.462Z,26,0,80.77,25,LAG_SHRINK,1,0
2026-02-16T12:37:44.512Z,26,3,21.00,26,SMART_GROW,1,0
2026-02-16T12:37:44.562Z,27,2,1.00,27,SMART_GROW,0,0
2026-02-16T12:37:44.663Z,27,3,80.51,26,LAG_SHRINK,2,0
2026-02-16T12:37:44.713Z,27,6,21.03,27,SMART_GROW,1,0
2026-02-16T12:37:44.762Z,28,5,0.00,28,SMART_GROW,0,0
2026-02-16T12:37:44.862Z,28,4,78.81,27,LAG_SHRINK,2,0
2026-02-16T12:37:44.960Z,27,6,80.77,26,LAG_SHRINK,1,0
2026-02-16T12:37:45.060Z,27,11,50.00,25,LAG_SHRINK,0,0
2026-02-16T12:37:45.111Z,27,13,20.28,26,SMART_GROW,0,0
2026-02-16T12:37:45.163Z,27,13,2.00,27,SMART_GROW,0,0
2026-02-16T12:37:45.215Z,28,12,20.42,28,SMART_GROW,1,0
2026-02-16T12:37:45.264Z,28,10,40.88,27,LAG_SHRINK,1,0
2026-02-16T12:37:45.362Z,27,10,80.90,26,LAG_SHRINK,2,0
2026-02-16T12:37:45.412Z,27,11,20.41,27,SMART_GROW,1,0
2026-02-16T12:37:45.462Z,27,10,38.58,26,LAG_SHRINK,0,0
2026-02-16T12:37:45.513Z,27,12,20.49,27,SMART_GROW,1,0
2026-02-16T12:37:45.562Z,28,11,0.00,28,SMART_GROW,0,0
2026-02-16T12:37:45.663Z,28,10,80.51,27,LAG_SHRINK,2,0
2026-02-16T12:37:45.714Z,28,10,20.50,28,SMART_GROW,2,0
2026-02-16T12:37:45.764Z,29,9,1.00,29,SMART_GROW,0,0
2026-02-16T12:37:45.864Z,29,6,81.10,28,LAG_SHRINK,3,0
2026-02-16T12:37:45.961Z,28,6,80.90,27,LAG_SHRINK,3,0
2026-02-16T12:37:46.012Z,28,6,20.29,28,SMART_GROW,1,0
2026-02-16T12:37:46.062Z,29,4,0.00,29,SMART_GROW,1,0
2026-02-16T12:37:46.162Z,29,0,81.56,28,LAG_SHRINK,3,0
2026-02-16T12:37:46.261Z,25,0,78.54,27,LAG_SHRINK,5,0
2026-02-16T12:37:46.362Z,26,0,80.97,26,LAG_SHRINK,0,0
2026-02-16T12:37:46.412Z,27,2,19.85,27,SMART_GROW,1,0
2026-02-16T12:37:46.464Z,28,1,2.00,28,SMART_GROW,0,0
2026-02-16T12:37:46.562Z,27,0,48.00,27,LAG_SHRINK,2,0
2026-02-16T12:37:46.660Z,24,0,48.00,26,LAG_SHRINK,3,0
2026-02-16T12:37:46.762Z,27,1,20.14,27,SMART_GROW,1,0
2026-02-16T12:37:46.865Z,26,0,19.60,27,HOLD_6.4s,3,0
2026-02-16T12:37:46.963Z,28,1,20.34,28,SMART_GROW,2,0
2026-02-16T12:37:47.063Z,27,0,19.26,28,HOLD_6.6s,2,0
2026-02-16T12:37:47.168Z,28,0,19.28,28,HOLD_6.6s,2,0
2026-02-16T12:37:47.265Z,28,2,96.89,27,LAG_SHRINK,3,0
2026-02-16T12:37:47.315Z,28,3,20.49,28,SMART_GROW,0,0
2026-02-16T12:37:47.366Z,29,3,1.00,29,SMART_GROW,0,0
2026-02-16T12:37:47.417Z,30,3,20.19,30,SMART_GROW,0,0
2026-02-16T12:37:47.466Z,30,0,41.30,29,LAG_SHRINK,2,0
2026-02-16T12:37:47.561Z,29,2,80.84,28,LAG_SHRINK,1,0
2026-02-16T12:37:47.612Z,29,5,20.87,29,SMART_GROW,1,0
2026-02-16T12:37:47.662Z,29,4,39.50,28,LAG_SHRINK,0,0
2026-02-16T12:37:47.762Z,28,3,81.76,27,LAG_SHRINK,3,0
2026-02-16T12:37:47.813Z,28,5,20.01,28,SMART_GROW,1,0
2026-02-16T12:37:47.864Z,28,3,39.73,27,LAG_SHRINK,1,0
2026-02-16T12:37:47.914Z,28,6,19.23,28,SMART_GROW,1,0
2026-02-16T12:37:47.965Z,28,4,38.81,27,LAG_SHRINK,1,0
2026-02-16T12:37:48.056Z,27,5,41.00,26,LAG_SHRINK,1,0
2026-02-16T12:37:48.106Z,27,7,20.29,27,SMART_GROW,0,0
2026-02-16T12:37:48.157Z,28,7,0.00,28,SMART_GROW,0,0
2026-02-16T12:37:48.259Z,29,7,21.19,29,SMART_GROW,2,0
2026-02-16T12:37:48.358Z,30,6,19.82,30,SMART_GROW,1,0
2026-02-16T12:37:48.462Z,30,0,49.91,29,LAG_SHRINK,5,0
2026-02-16T12:37:48.561Z,29,0,81.89,28,LAG_SHRINK,4,0
2026-02-16T12:37:48.658Z,27,0,77.69,27,LAG_SHRINK,3,0
2026-02-16T12:37:48.761Z,26,0,54.00,26,LAG_SHRINK,3,0
2026-02-16T12:37:48.859Z,26,0,48.81,25,LAG_SHRINK,2,0
2026-02-16T12:37:48.910Z,26,2,19.90,26,SMART_GROW,1,0
2026-02-16T12:37:48.959Z,27,1,20.46,27,SMART_GROW,0,0
2026-02-16T12:37:49.057Z,27,0,19.88,27,HOLD_6.4s,2,0
2026-02-16T12:37:49.106Z,26,0,20.16,27,HOLD_6.4s,1,0
2026-02-16T12:37:49.157Z,26,0,20.29,27,HOLD_6.4s,0,0
2026-02-16T12:37:49.258Z,24,0,20.37,27,HOLD_6.4s,3,0
2026-02-16T12:37:49.358Z,25,0,50.11,26,LAG_SHRINK,1,0
2026-02-16T12:37:49.461Z,26,1,53.00,25,LAG_SHRINK,3,0
2026-02-16T12:37:49.560Z,25,2,49.30,24,LAG_SHRINK,3,0
2026-02-16T12:37:49.658Z,24,6,77.96,23,LAG_SHRINK,1,0
2026-02-16T12:37:49.760Z,24,8,53.00,22,LAG_SHRINK,0,0
2026-02-16T12:37:49.812Z,24,10,20.49,23,SMART_GROW,0,0
2026-02-16T12:37:49.864Z,24,11,2.00,24,SMART_GROW,0,0
2026-02-16T12:37:49.959Z,24,10,82.80,23,LAG_SHRINK,2,0
2026-02-16T12:37:50.057Z,24,11,77.63,22,LAG_SHRINK,0,0
2026-02-16T12:37:50.156Z,23,13,80.38,21,LAG_SHRINK,1,0
2026-02-16T12:37:50.206Z,23,15,20.26,22,SMART_GROW,0,0
2026-02-16T12:37:50.257Z,23,15,0.00,23,SMART_GROW,0,0
2026-02-16T12:37:50.306Z,24,16,20.24,24,SMART_GROW,0,0
2026-02-16T12:37:50.358Z,24,14,40.03,23,LAG_SHRINK,1,0
2026-02-16T12:37:50.456Z,24,18,78.68,22,LAG_SHRINK,0,0
2026-02-16T12:37:50.507Z,24,20,20.28,23,SMART_GROW,0,0
2026-02-16T12:37:50.557Z,24,20,20.37,24,SMART_GROW,0,0
2026-02-16T12:37:50.657Z,24,22,49.83,23,LAG_SHRINK,0,0
2026-02-16T12:37:50.708Z,24,22,20.47,24,SMART_GROW,0,0
2026-02-16T12:37:50.758Z,25,22,20.50,25,SMART_GROW,0,0
2026-02-16T12:37:50.809Z,26,21,20.00,26,SMART_GROW,0,0
2026-02-16T12:37:50.860Z,26,19,40.03,25,LAG_SHRINK,1,0
2026-02-16T12:37:50.913Z,26,20,20.42,26,SMART_GROW,1,0
2026-02-16T12:37:50.962Z,27,19,0.00,27,SMART_GROW,1,0
2026-02-16T12:37:51.062Z,27,16,79.27,26,LAG_SHRINK,2,0
2026-02-16T12:37:51.159Z,26,14,79.66,25,LAG_SHRINK,4,0
2026-02-16T12:37:51.263Z,25,12,86.61,24,LAG_SHRINK,3,0
2026-02-16T12:37:51.359Z,24,12,75.46,23,LAG_SHRINK,1,0
2026-02-16T12:37:51.459Z,23,13,79.59,22,LAG_SHRINK,1,0
2026-02-16T12:37:51.509Z,23,13,20.57,23,SMART_GROW,0,0
2026-02-16T12:37:51.559Z,24,13,20.34,24,SMART_GROW,0,0
2026-02-16T12:37:51.660Z,25,10,20.73,25,SMART_GROW,2,0
2026-02-16T12:37:51.757Z,26,7,20.41,26,SMART_GROW,2,0
2026-02-16T12:37:51.862Z,27,1,19.99,27,SMART_GROW,5,0
2026-02-16T12:37:51.960Z,25,0,48.91,26,LAG_SHRINK,4,0
2026-02-16T12:37:52.060Z,26,1,79.79,25,LAG_SHRINK,1,0
2026-02-16T12:37:52.110Z,26,5,20.34,26,SMART_GROW,0,0
2026-02-16T12:37:52.161Z,26,5,36.95,25,LAG_SHRINK,0,0
2026-02-16T12:37:52.212Z,26,7,20.36,26,SMART_GROW,0,0
2026-02-16T12:37:52.263Z,26,7,39.99,25,LAG_SHRINK,0,0
2026-02-16T12:37:52.357Z,26,8,20.28,26,SMART_GROW,0,0
2026-02-16T12:37:52.457Z,27,7,19.70,27,SMART_GROW,2,0
2026-02-16T12:37:52.556Z,28,5,19.68,28,SMART_GROW,2,0
2026-02-16T12:37:52.659Z,29,2,19.84,29,SMART_GROW,3,0
2026-02-16T12:37:52.761Z,29,0,48.90,28,LAG_SHRINK,2,0
2026-02-16T12:37:52.859Z,28,5,81.63,27,LAG_SHRINK,3,0
2026-02-16T12:37:52.909Z,28,8,20.60,28,SMART_GROW,1,0
2026-02-16T12:37:52.959Z,29,7,0.00,29,SMART_GROW,0,0
2026-02-16T12:37:53.010Z,30,6,19.70,30,SMART_GROW,1,0
2026-02-16T12:37:53.060Z,30,4,41.37,29,LAG_SHRINK,1,0
2026-02-16T12:37:53.160Z,30,3,19.41,30,SMART_GROW,3,0
2026-02-16T12:37:53.260Z,29,0,48.52,29,LAG_SHRINK,3,0
2026-02-16T12:37:53.311Z,28,0,20.37,29,HOLD_6.8s,1,0
2026-02-16T12:37:53.361Z,28,0,0.00,29,HOLD_6.8s,0,0
2026-02-16T12:37:53.457Z,29,0,20.37,29,HOLD_6.8s,0,0
2026-02-16T12:37:53.558Z,29,0,19.93,29,HOLD_6.8s,3,0
2026-02-16T12:37:53.658Z,27,0,19.93,29,HOLD_6.8s,4,0
2026-02-16T12:37:53.758Z,29,1,49.32,28,LAG_SHRINK,0,0
2026-02-16T12:37:53.808Z,29,3,20.14,29,SMART_GROW,1,0
2026-02-16T12:37:53.858Z,29,1,40.09,28,LAG_SHRINK,1,0
2026-02-16T12:37:53.957Z,28,2,79.33,27,LAG_SHRINK,2,0
2026-02-16T12:37:54.007Z,28,3,20.19,28,SMART_GROW,0,0
2026-02-16T12:37:54.057Z,29,3,20.28,29,SMART_GROW,0,0
2026-02-16T12:37:54.159Z,29,4,80.71,28,LAG_SHRINK,1,0
2026-02-16T12:37:54.209Z,29,7,20.55,29,SMART_GROW,1,0
2026-02-16T12:37:54.259Z,29,6,39.17,28,LAG_SHRINK,0,0
2026-02-16T12:37:54.309Z,29,8,20.37,29,SMART_GROW,1,0
2026-02-16T12:37:54.360Z,30,7,1.00,30,SMART_GROW,0,0
2026-02-16T12:37:54.459Z,31,4,19.98,31,SMART_GROW,2,0
2026-02-16T12:37:54.561Z,32,3,20.16,32,SMART_GROW,2,0
2026-02-16T12:37:54.659Z,33,2,19.42,33,SMART_GROW,3,0
2026-02-16T12:37:54.759Z,32,0,49.97,32,LAG_SHRINK,4,0
2026-02-16T12:37:54.808Z,32,0,20.65,32,HOLD_7.4s,1,0
2026-02-16T12:37:54.859Z,32,0,20.23,32,HOLD_7.4s,0,0
2026-02-16T12:37:54.958Z,32,3,48.74,31,LAG_SHRINK,0,0
2026-02-16T12:37:55.057Z,32,3,19.67,32,SMART_GROW,1,0
2026-02-16T12:37:55.107Z,33,2,20.38,33,SMART_GROW,1,0
2026-02-16T12:37:55.158Z,34,1,1.00,34,SMART_GROW,0,0
2026-02-16T12:37:55.257Z,30,0,49.66,33,LAG_SHRINK,5,0
2026-02-16T12:37:55.357Z,30,0,80.12,32,LAG_SHRINK,1,0
2026-02-16T12:37:55.408Z,31,0,20.36,32,HOLD_7.4s,0,0
2026-02-16T12:37:55.457Z,30,0,0.00,32,HOLD_7.4s,1,0
2026-02-16T12:37:55.558Z,32,0,51.00,31,LAG_SHRINK,1,0
2026-02-16T12:37:55.657Z,32,2,20.12,32,SMART_GROW,2,0
2026-02-16T12:37:55.759Z,32,0,49.39,31,LAG_SHRINK,3,0
2026-02-16T12:37:55.857Z,31,0,80.25,30,LAG_SHRINK,4,0
2026-02-16T12:37:55.907Z,28,0,18.82,30,HOLD_7.0s,3,0
2026-02-16T12:37:55.957Z,28,0,20.28,30,HOLD_7.0s,0,0
2026-02-16T12:37:56.059Z,28,0,50.15,29,LAG_SHRINK,1,0
2026-02-16T12:37:56.159Z,27,0,20.21,29,HOLD_6.8s,2,0
2026-02-16T12:37:56.262Z,29,0,20.06,29,HOLD_6.8s,2,0
2026-02-16T12:37:56.361Z,26,0,48.16,28,LAG_SHRINK,4,0
2026-02-16T12:37:56.457Z,25,0,77.30,27,LAG_SHRINK,2,0
2026-02-16T12:37:56.558Z,25,0,80.25,26,LAG_SHRINK,1,0
2026-02-16T12:37:56.658Z,24,0,80.25,25,LAG_SHRINK,4,0
2026-02-16T12:37:56.759Z,25,0,78.74,24,LAG_SHRINK,2,0
2026-02-16T12:37:56.808Z,25,4,20.13,25,SMART_GROW,1,0
2026-02-16T12:37:56.859Z,25,2,41.44,24,LAG_SHRINK,1,0
2026-02-16T12:37:56.957Z,24,5,77.17,23,LAG_SHRINK,1,0
2026-02-16T12:37:57.007Z,24,5,20.26,24,SMART_GROW,0,0
2026-02-16T12:37:57.058Z,24,5,38.78,23,LAG_SHRINK,0,0
2026-02-16T12:37:57.157Z,24,8,19.77,24,SMART_GROW,1,0
2026-02-16T12:37:57.208Z,25,8,20.19,25,SMART_GROW,0,0
2026-02-16T12:37:57.258Z,26,7,0.00,26,SMART_GROW,0,0
2026-02-16T12:37:57.360Z,26,7,80.51,25,LAG_SHRINK,2,0
2026-02-16T12:37:57.457Z,25,10,48.00,24,LAG_SHRINK,2,0
2026-02-16T12:37:57.557Z,24,10,49.63,23,LAG_SHRINK,1,0
2026-02-16T12:37:57.657Z,24,14,80.77,22,LAG_SHRINK,0,0
2026-02-16T12:37:57.708Z,24,17,19.85,23,SMART_GROW,0,0
2026-02-16T12:37:57.758Z,24,17,20.32,24,SMART_GROW,0,0
2026-02-16T12:37:57.808Z,25,18,19.73,25,SMART_GROW,0,0
2026-02-16T12:37:57.858Z,26,17,0.00,26,SMART_GROW,0,0
2026-02-16T12:37:57.959Z,26,17,80.18,25,LAG_SHRINK,1,0
2026-02-16T12:37:58.057Z,26,17,20.49,26,SMART_GROW,1,0
2026-02-16T12:37:58.060Z,27,16,1.00,27,SMART_GROW,0,0
2026-02-16T12:37:58.159Z,28,14,19.90,28,SMART_GROW,2,0
2026-02-16T12:37:58.261Z,29,11,19.81,29,SMART_GROW,2,0
2026-02-16T12:37:58.360Z,30,9,20.09,30,SMART_GROW,2,0
2026-02-16T12:37:58.461Z,31,7,20.77,31,SMART_GROW,4,0
2026-02-16T12:37:58.559Z,31,4,47.78,30,LAG_SHRINK,3,0
2026-02-16T12:37:58.660Z,30,2,51.00,29,LAG_SHRINK,3,0
2026-02-16T12:37:58.759Z,28,0,48.16,28,LAG_SHRINK,4,0
2026-02-16T12:37:58.809Z,27,0,20.11,28,HOLD_6.6s,1,0
2026-02-16T12:37:58.859Z,27,0,20.23,28,HOLD_6.6s,0,0
2026-02-16T12:37:58.959Z,27,0,21.06,28,HOLD_6.6s,1,0
2026-02-16T12:37:59.059Z,27,0,49.80,27,LAG_SHRINK,1,0
2026-02-16T12:37:59.109Z,28,1,19.87,28,SMART_GROW,0,0
2026-02-16T12:37:59.159Z,28,0,0.00,28,HOLD_6.6s,0,0
2026-02-16T12:37:59.258Z,28,2,81.76,27,LAG_SHRINK,1,0
2026-02-16T12:37:59.357Z,27,3,78.81,26,LAG_SHRINK,2,0
2026-02-16T12:37:59.408Z,27,6,20.37,27,SMART_GROW,1,0
2026-02-16T12:37:59.459Z,27,4,41.24,26,LAG_SHRINK,1,0
2026-02-16T12:37:59.559Z,27,6,19.60,27,SMART_GROW,3,0
2026-02-16T12:37:59.660Z,27,6,33.45,26,LAG_SHRINK,2,0
2026-02-16T12:37:59.759Z,26,7,79.00,25,LAG_SHRINK,2,0
2026-02-16T12:37:59.810Z,26,10,20.19,26,SMART_GROW,1,0
2026-02-16T12:37:59.861Z,27,8,1.00,27,SMART_GROW,1,0
2026-02-16T12:37:59.960Z,27,6,49.00,26,LAG_SHRINK,1,0
2026-02-16T12:38:00.057Z,27,6,19.75,27,SMART_GROW,2,0
2026-02-16T12:38:00.157Z,28,4,20.54,28,SMART_GROW,2,0
2026-02-16T12:38:00.260Z,26,0,21.08,28,HOLD_6.6s,6,0
2026-02-16T12:38:00.358Z,25,0,19.14,28,HOLD_6.6s,3,0
2026-02-16T12:38:00.457Z,24,0,20.17,28,HOLD_6.6s,2,0
2026-02-16T12:38:00.560Z,27,0,19.28,28,HOLD_6.6s,0,0
2026-02-16T12:38:00.657Z,27,0,48.30,27,LAG_SHRINK,3,0
2026-02-16T12:38:00.756Z,25,0,19.51,27,HOLD_6.4s,4,0
2026-02-16T12:38:00.857Z,25,0,50.44,26,LAG_SHRINK,1,0
2026-02-16T12:38:00.958Z,24,0,80.51,25,LAG_SHRINK,2,0
2026-02-16T12:38:01.060Z,24,0,19.44,25,HOLD_6.0s,2,0
2026-02-16T12:38:01.160Z,25,1,50.24,24,LAG_SHRINK,1,0
2026-02-16T12:38:01.262Z,25,7,52.00,23,LAG_SHRINK,0,0
2026-02-16T12:38:01.312Z,24,9,20.39,24,SMART_GROW,1,0
2026-02-16T12:38:01.363Z,24,11,32.65,23,LAG_SHRINK,0,0
2026-02-16T12:38:01.457Z,24,12,80.58,22,LAG_SHRINK,0,0
2026-02-16T12:38:01.507Z,24,12,20.37,23,SMART_GROW,0,0
2026-02-16T12:38:01.557Z,24,12,20.36,24,SMART_GROW,0,0
2026-02-16T12:38:01.607Z,25,15,20.26,25,SMART_GROW,0,0
2026-02-16T12:38:01.658Z,25,14,40.22,24,LAG_SHRINK,0,0
2026-02-16T12:38:01.757Z,25,17,20.08,25,SMART_GROW,1,0
2026-02-16T12:38:01.859Z,26,15,20.43,26,SMART_GROW,2,0
2026-02-16T12:38:01.959Z,26,13,48.97,25,LAG_SHRINK,3,0
2026-02-16T12:38:02.057Z,26,15,78.28,24,LAG_SHRINK,0,0
2026-02-16T12:38:02.107Z,26,16,20.44,25,SMART_GROW,0,0
2026-02-16T12:38:02.158Z,26,16,19.37,26,SMART_GROW,0,0
2026-02-16T12:38:02.208Z,27,17,20.28,27,SMART_GROW,0,0
2026-02-16T12:38:02.258Z,28,16,0.00,28,SMART_GROW,0,0
2026-02-16T12:38:02.361Z,29,13,20.83,29,SMART_GROW,3,0
2026-02-16T12:38:02.458Z,29,10,48.62,28,LAG_SHRINK,2,0
2026-02-16T12:38:02.562Z,28,6,54.00,27,LAG_SHRINK,5,0
2026-02-16T12:38:02.662Z,27,3,48.31,26,LAG_SHRINK,4,0
2026-02-16T12:38:02.759Z,26,3,76.84,25,LAG_SHRINK,2,0
2026-02-16T12:38:02.808Z,26,5,20.21,26,SMART_GROW,1,0
2026-02-16T12:38:02.859Z,26,4,41.27,25,LAG_SHRINK,0,0
2026-02-16T12:38:02.910Z,26,6,20.34,26,SMART_GROW,1,0
2026-02-16T12:38:02.962Z,26,4,40.65,25,LAG_SHRINK,1,0
2026-02-16T12:38:03.057Z,25,4,78.94,24,LAG_SHRINK,2,0
2026-02-16T12:38:03.108Z,25,4,20.36,25,SMART_GROW,1,0
2026-02-16T12:38:03.158Z,26,3,1.00,26,SMART_GROW,0,0
2026-02-16T12:38:03.209Z,27,1,19.73,27,SMART_GROW,1,0
2026-02-16T12:38:03.258Z,26,0,41.34,26,LAG_SHRINK,1,0
2026-02-16T12:38:03.356Z,26,3,77.56,25,LAG_SHRINK,0,0
2026-02-16T12:38:03.407Z,26,5,20.21,26,SMART_GROW,0,0
2026-02-16T12:38:03.457Z,27,5,20.26,27,SMART_GROW,0,0
2026-02-16T12:38:03.559Z,28,6,20.04,28,SMART_GROW,2,0
2026-02-16T12:38:03.662Z,28,4,48.92,27,LAG_SHRINK,5,0
2026-02-16T12:38:03.759Z,27,4,48.00,26,LAG_SHRINK,4,0
2026-02-16T12:38:03.808Z,27,5,20.06,27,SMART_GROW,1,0
2026-02-16T12:38:03.858Z,28,4,0.00,28,SMART_GROW,0,0
2026-02-16T12:38:03.959Z,28,0,82.08,27,LAG_SHRINK,4,0
2026-02-16T12:38:04.061Z,27,0,52.00,26,LAG_SHRINK,2,0
2026-02-16T12:38:04.112Z,27,3,20.75,27,SMART_GROW,1,0
2026-02-16T12:38:04.162Z,27,1,39.40,26,LAG_SHRINK,1,0
2026-02-16T12:38:04.213Z,27,2,20.50,27,SMART_GROW,1,0
2026-02-16T12:38:04.263Z,28,1,0.00,28,SMART_GROW,1,0
2026-02-16T12:38:04.361Z,27,0,48.00,27,LAG_SHRINK,1,0
2026-02-16T12:38:04.412Z,26,0,20.12,27,HOLD_6.4s,1,0
2026-02-16T12:38:04.461Z,26,0,20.49,27,HOLD_6.4s,0,0
2026-02-16T12:38:04.559Z,27,0,20.72,27,HOLD_6.4s,1,0
2026-02-16T12:38:04.659Z,28,3,19.93,28,SMART_GROW,2,0
2026-02-16T12:38:04.710Z,29,5,20.56,29,SMART_GROW,0,0
2026-02-16T12:38:04.759Z,29,3,38.75,28,LAG_SHRINK,1,0
2026-02-16T12:38:04.857Z,28,5,77.76,27,LAG_SHRINK,1,0
2026-02-16T12:38:04.908Z,28,8,19.93,28,SMART_GROW,0,0
2026-02-16T12:38:04.958Z,29,8,20.31,29,SMART_GROW,0,0
2026-02-16T12:38:05.008Z,30,10,20.10,30,SMART_GROW,0,0
2026-02-16T12:38:05.059Z,30,8,40.68,29,LAG_SHRINK,1,0
2026-02-16T12:38:05.158Z,30,9,77.50,28,LAG_SHRINK,0,0
2026-02-16T12:38:05.208Z,29,11,20.44,29,SMART_GROW,1,0
2026-02-16T12:38:05.258Z,30,11,20.34,30,SMART_GROW,0,0
2026-02-16T12:38:05.359Z,31,9,20.56,31,SMART_GROW,2,0
2026-02-16T12:38:05.461Z,31,8,48.82,30,LAG_SHRINK,2,0
2026-02-16T12:38:05.559Z,30,5,79.92,29,LAG_SHRINK,4,0
2026-02-16T12:38:05.610Z,30,7,20.57,30,SMART_GROW,1,0
2026-02-16T12:38:05.661Z,31,5,1.00,31,SMART_GROW,1,0
2026-02-16T12:38:05.759Z,31,4,81.04,30,LAG_SHRINK,1,0
2026-02-16T12:38:05.857Z,30,6,78.15,29,LAG_SHRINK,1,0
2026-02-16T12:38:05.907Z,30,6,20.41,30,SMART_GROW,1,0
2026-02-16T12:38:05.959Z,30,4,39.53,29,LAG_SHRINK,1,0
2026-02-16T12:38:06.057Z,29,4,78.28,28,LAG_SHRINK,1,0
2026-02-16T12:38:06.108Z,29,5,20.36,29,SMART_GROW,1,0
2026-02-16T12:38:06.159Z,30,4,1.00,30,SMART_GROW,0,0
2026-02-16T12:38:06.258Z,31,1,20.52,31,SMART_GROW,3,0
2026-02-16T12:38:06.309Z,30,0,20.05,31,HOLD_7.2s,2,0
2026-02-16T12:38:06.359Z,30,0,0.00,31,HOLD_7.2s,0,0
2026-02-16T12:38:06.459Z,31,1,81.36,30,LAG_SHRINK,1,0
2026-02-16T12:38:06.510Z,31,5,19.00,31,SMART_GROW,1,0
2026-02-16T12:38:06.561Z,31,4,39.57,30,LAG_SHRINK,0,0
2026-02-16T12:38:06.659Z,30,4,79.92,29,LAG_SHRINK,2,0
2026-02-16T12:38:06.759Z,29,3,82.08,28,LAG_SHRINK,3,0
2026-02-16T12:38:06.857Z,28,5,77.23,27,LAG_SHRINK,1,0
2026-02-16T12:38:06.908Z,28,6,20.50,28,SMART_GROW,0,0
2026-02-16T12:38:06.961Z,29,6,2.00,29,SMART_GROW,0,0
2026-02-16T12:38:07.058Z,29,5,81.04,28,LAG_SHRINK,2,0
2026-02-16T12:38:07.157Z,28,5,79.27,27,LAG_SHRINK,2,0
2026-02-16T12:38:07.258Z,27,7,79.40,26,LAG_SHRINK,2,0
2026-02-16T12:38:07.308Z,27,9,20.62,27,SMART_GROW,1,0
2026-02-16T12:38:07.358Z,28,8,0.00,28,SMART_GROW,0,0
2026-02-16T12:38:07.458Z,28,4,78.61,27,LAG_SHRINK,3,0
2026-02-16T12:38:07.563Z,27,1,55.00,26,LAG_SHRINK,6,0
2026-02-16T12:38:07.659Z,27,1,19.62,27,SMART_GROW,3,0
2026-02-16T12:38:07.763Z,27,0,22.62,27,HOLD_6.4s,2,0
2026-02-16T12:38:07.857Z,27,1,47.26,26,LAG_SHRINK,1,0
2026-02-16T12:38:07.908Z,27,1,20.50,27,SMART_GROW,0,0
2026-02-16T12:38:07.958Z,28,1,20.42,28,SMART_GROW,0,0
2026-02-16T12:38:08.057Z,28,2,49.18,27,LAG_SHRINK,0,0
2026-02-16T12:38:08.107Z,28,4,19.52,28,SMART_GROW,0,0
2026-02-16T12:38:08.157Z,28,4,39.93,27,LAG_SHRINK,0,0
2026-02-16T12:38:08.258Z,27,6,81.76,26,LAG_SHRINK,1,0
2026-02-16T12:38:08.358Z,26,7,50.00,25,LAG_SHRINK,1,0
2026-02-16T12:38:08.456Z,25,10,49.21,24,LAG_SHRINK,1,0
2026-02-16T12:38:08.506Z,25,14,20.29,25,SMART_GROW,0,0
2026-02-16T12:38:08.557Z,26,14,1.00,26,SMART_GROW,0,0
2026-02-16T12:38:08.659Z,27,16,20.23,27,SMART_GROW,2,0
2026-02-16T12:38:08.758Z,28,14,20.06,28,SMART_GROW,2,0
2026-02-16T12:38:08.859Z,28,11,49.10,27,LAG_SHRINK,4,0
2026-02-16T12:38:08.958Z,27,8,80.90,26,LAG_SHRINK,4,0
2026-02-16T12:38:09.058Z,26,7,80.45,25,LAG_SHRINK,2,0
2026-02-16T12:38:09.108Z,26,7,20.31,26,SMART_GROW,0,0
2026-02-16T12:38:09.158Z,27,7,20.32,27,SMART_GROW,0,0
2026-02-16T12:38:09.257Z,28,3,20.00,28,SMART_GROW,3,0
2026-02-16T12:38:09.357Z,28,0,20.08,28,HOLD_6.6s,3,0
2026-02-16T12:38:09.459Z,27,0,19.72,28,HOLD_6.6s,3,0
2026-02-16T12:38:09.510Z,26,0,20.55,28,HOLD_6.6s,1,0
2026-02-16T12:38:09.559Z,26,0,0.00,28,HOLD_6.6s,0,0
2026-02-16T12:38:09.659Z,26,0,19.55,28,HOLD_6.6s,1,0
2026-02-16T12:38:09.758Z,26,0,49.24,27,LAG_SHRINK,2,0
2026-02-16T12:38:09.857Z,27,2,79.53,26,LAG_SHRINK,2,0
2026-02-16T12:38:09.957Z,26,2,79.33,25,LAG_SHRINK,4,0
2026-02-16T12:38:10.007Z,26,4,19.91,26,SMART_GROW,1,0
2026-02-16T12:38:10.058Z,27,3,1.00,27,SMART_GROW,0,0
2026-02-16T12:38:10.160Z,27,2,82.94,26,LAG_SHRINK,1,0
2026-02-16T12:38:10.259Z,26,2,76.64,25,LAG_SHRINK,3,0
2026-02-16T12:38:10.309Z,26,5,20.19,26,SMART_GROW,1,0
2026-02-16T12:38:10.360Z,26,3,41.07,25,LAG_SHRINK,1,0
2026-02-16T12:38:10.457Z,25,6,79.00,24,LAG_SHRINK,2,0
2026-02-16T12:38:10.506Z,25,7,20.14,25,SMART_GROW,1,0
2026-02-16T12:38:10.557Z,26,6,20.41,26,SMART_GROW,0,0
2026-02-16T12:38:10.607Z,27,6,20.34,27,SMART_GROW,0,0
2026-02-16T12:38:10.658Z,28,5,20.37,28,SMART_GROW,0,0
2026-02-16T12:38:10.759Z,29,2,20.32,29,SMART_GROW,3,0
2026-02-16T12:38:10.861Z,29,2,48.97,28,LAG_SHRINK,2,0
2026-02-16T12:38:10.960Z,28,5,81.82,27,LAG_SHRINK,2,0
2026-02-16T12:38:11.009Z,28,6,19.37,28,SMART_GROW,1,0
2026-02-16T12:38:11.060Z,29,5,1.00,29,SMART_GROW,0,0
2026-02-16T12:38:11.110Z,30,3,20.32,30,SMART_GROW,2,0
2026-02-16T12:38:11.161Z,31,2,20.33,31,SMART_GROW,0,0
2026-02-16T12:38:11.260Z,31,3,81.63,30,LAG_SHRINK,1,0
2026-02-16T12:38:11.358Z,30,4,75.73,29,LAG_SHRINK,1,0
2026-02-16T12:38:11.407Z,30,7,19.57,30,SMART_GROW,0,0
2026-02-16T12:38:11.457Z,31,7,20.31,31,SMART_GROW,0,0
2026-02-16T12:38:11.559Z,32,4,20.63,32,SMART_GROW,3,0
2026-02-16T12:38:11.659Z,33,1,19.78,33,SMART_GROW,2,0
2026-02-16T12:38:11.759Z,33,0,48.57,32,LAG_SHRINK,2,0
2026-02-16T12:38:11.857Z,32,3,79.79,31,LAG_SHRINK,1,0
2026-02-16T12:38:11.906Z,32,4,20.44,32,SMART_GROW,0,0
2026-02-16T12:38:11.957Z,32,4,38.91,31,LAG_SHRINK,0,0
2026-02-16T12:38:12.057Z,32,6,20.39,32,SMART_GROW,0,0
2026-02-16T12:38:12.107Z,33,8,20.12,33,SMART_GROW,0,0
2026-02-16T12:38:12.160Z,33,6,42.35,32,LAG_SHRINK,1,0
2026-02-16T12:38:12.260Z,32,5,80.05,31,LAG_SHRINK,2,0
2026-02-16T12:38:12.358Z,32,6,48.00,30,LAG_SHRINK,0,0
2026-02-16T12:38:12.408Z,31,7,20.37,31,SMART_GROW,1,0
2026-02-16T12:38:12.458Z,32,7,20.23,32,SMART_GROW,0,0
2026-02-16T12:38:12.561Z,32,7,99.78,31,LAG_SHRINK,1,0
2026-02-16T12:38:12.659Z,31,8,79.27,30,LAG_SHRINK,2,0
2026-02-16T12:38:12.757Z,30,11,76.64,29,LAG_SHRINK,1,0
2026-02-16T12:38:12.807Z,30,12,20.31,30,SMART_GROW,0,0
2026-02-16T12:38:12.858Z,31,12,1.00,31,SMART_GROW,0,0
2026-02-16T12:38:12.959Z,32,9,19.78,32,SMART_GROW,2,0
2026-02-16T12:38:13.059Z,32,6,49.01,31,LAG_SHRINK,2,0
2026-02-16T12:38:13.159Z,31,4,80.97,30,LAG_SHRINK,3,0
2026-02-16T12:38:13.259Z,30,5,78.68,29,LAG_SHRINK,2,0
2026-02-16T12:38:13.310Z,30,6,20.36,30,SMART_GROW,1,0
2026-02-16T12:38:13.359Z,31,5,0.00,31,SMART_GROW,0,0
2026-02-16T12:38:13.458Z,31,3,80.97,30,LAG_SHRINK,2,0
2026-02-16T12:38:13.559Z,31,1,20.70,31,SMART_GROW,3,0
2026-02-16T12:38:13.609Z,30,0,20.16,31,HOLD_7.2s,3,0
2026-02-16T12:38:13.660Z,30,0,1.00,31,HOLD_7.2s,0,0
2026-02-16T12:38:13.759Z,31,0,82.41,30,LAG_SHRINK,1,0
2026-02-16T12:38:13.810Z,30,0,19.46,30,HOLD_7.0s,1,0
2026-02-16T12:38:13.861Z,30,0,1.00,30,HOLD_7.0s,0,0
2026-02-16T12:38:13.959Z,29,0,19.85,30,HOLD_7.0s,2,0
2026-02-16T12:38:14.058Z,30,0,49.72,29,LAG_SHRINK,0,0
2026-02-16T12:38:14.109Z,30,4,20.39,30,SMART_GROW,1,0
2026-02-16T12:38:14.159Z,31,3,0.00,31,SMART_GROW,0,0
2026-02-16T12:38:14.258Z,31,3,82.02,30,LAG_SHRINK,1,0
2026-02-16T12:38:14.359Z,30,4,81.56,29,LAG_SHRINK,2,0
2026-02-16T12:38:14.457Z,29,6,79.20,28,LAG_SHRINK,1,0
2026-02-16T12:38:14.506Z,29,9,19.57,29,SMART_GROW,0,0
2026-02-16T12:38:14.557Z,30,9,0.00,30,SMART_GROW,0,0
2026-02-16T12:38:14.660Z,30,10,81.43,29,LAG_SHRINK,1,0
2026-02-16T12:38:14.759Z,29,8,81.76,28,LAG_SHRINK,3,0
2026-02-16T12:38:14.861Z,28,9,82.28,27,LAG_SHRINK,1,0
2026-02-16T12:38:14.911Z,28,11,21.34,28,SMART_GROW,0,0
2026-02-16T12:38:14.961Z,29,11,1.00,29,SMART_GROW,0,0
2026-02-16T12:38:15.058Z,29,10,81.43,28,LAG_SHRINK,1,0
2026-02-16T12:38:15.160Z,28,10,78.28,27,LAG_SHRINK,2,0
2026-02-16T12:38:15.210Z,28,11,20.44,28,SMART_GROW,1,0
2026-02-16T12:38:15.259Z,29,10,0.00,29,SMART_GROW,0,0
2026-02-16T12:38:15.360Z,29,8,80.51,28,LAG_SHRINK,3,0
2026-02-16T12:38:15.459Z,28,7,82.35,27,LAG_SHRINK,3,0
2026-02-16T12:38:15.509Z,28,7,20.49,28,SMART_GROW,0,0
2026-02-16T12:38:15.560Z,29,6,20.39,29,SMART_GROW,1,0
2026-02-16T12:38:15.660Z,30,2,20.59,30,SMART_GROW,4,0
2026-02-16T12:38:15.760Z,29,0,19.42,30,HOLD_7.0s,4,0
2026-02-16T12:38:15.859Z,28,0,49.14,29,LAG_SHRINK,3,0
2026-02-16T12:38:15.957Z,28,0,20.23,29,HOLD_6.8s,0,0
2026-02-16T12:38:15.958Z,28,0,0.00,29,HOLD_6.8s,0,0
2026-02-16T12:38:16.057Z,28,0,20.46,29,HOLD_6.8s,0,0
2026-02-16T12:38:16.159Z,29,1,51.13,28,LAG_SHRINK,1,0
2026-02-16T12:38:16.210Z,29,2,20.39,29,SMART_GROW,0,0
2026-02-16T12:38:16.260Z,30,2,1.00,30,SMART_GROW,0,0
2026-02-16T12:38:16.359Z,30,0,49.00,29,LAG_SHRINK,2,0
2026-02-16T12:38:16.458Z,30,3,20.37,30,SMART_GROW,2,0
2026-02-16T12:38:16.563Z,30,0,49.21,29,LAG_SHRINK,3,0
2026-02-16T12:38:16.659Z,29,4,46.00,28,LAG_SHRINK,2,0
2026-02-16T12:38:16.710Z,29,8,19.97,29,SMART_GROW,1,0
2026-02-16T12:38:16.761Z,29,7,36.88,28,LAG_SHRINK,0,0
2026-02-16T12:38:16.812Z,29,9,19.60,29,SMART_GROW,0,0
2026-02-16T12:38:16.862Z,30,9,20.25,30,SMART_GROW,0,0
2026-02-16T12:38:16.959Z,30,8,82.41,29,LAG_SHRINK,1,0
2026-02-16T12:38:17.057Z,29,8,78.48,28,LAG_SHRINK,1,0
2026-02-16T12:38:17.106Z,29,8,20.85,29,SMART_GROW,0,0
2026-02-16T12:38:17.157Z,30,8,20.32,30,SMART_GROW,0,0
2026-02-16T12:38:17.258Z,31,6,20.19,31,SMART_GROW,2,0
2026-02-16T12:38:17.359Z,32,5,23.13,32,SMART_GROW,2,0
2026-02-16T12:38:17.459Z,32,3,49.00,31,LAG_SHRINK,3,0
2026-02-16T12:38:17.559Z,32,3,19.90,32,SMART_GROW,4,0
2026-02-16T12:38:17.668Z,31,0,20.18,32,HOLD_7.4s,5,0
2026-02-16T12:38:17.758Z,29,0,44.72,31,LAG_SHRINK,3,0
2026-02-16T12:38:17.858Z,28,0,50.00,30,LAG_SHRINK,1,0
2026-02-16T12:38:17.909Z,28,0,20.44,30,HOLD_7.0s,0,0
2026-02-16T12:38:17.960Z,28,0,20.41,30,HOLD_7.0s,0,0
2026-02-16T12:38:18.057Z,28,0,80.45,29,LAG_SHRINK,2,0
2026-02-16T12:38:18.107Z,27,0,20.28,29,HOLD_6.8s,1,0
2026-02-16T12:38:18.157Z,27,0,20.46,29,HOLD_6.8s,0,0
2026-02-16T12:38:18.256Z,28,0,20.03,29,HOLD_6.8s,0,0
2026-02-16T12:38:18.357Z,28,0,50.24,28,LAG_SHRINK,1,0
2026-02-16T12:38:18.458Z,28,2,81.69,27,LAG_SHRINK,2,0
2026-02-16T12:38:18.556Z,27,5,78.74,26,LAG_SHRINK,1,0
2026-02-16T12:38:18.606Z,27,12,20.03,27,SMART_GROW,0,0
2026-02-16T12:38:18.657Z,28,12,1.00,28,SMART_GROW,0,0
2026-02-16T12:38:18.755Z,28,13,79.99,27,LAG_SHRINK,1,0
2026-02-16T12:38:18.805Z,28,14,20.31,28,SMART_GROW,0,0
2026-02-16T12:38:18.855Z,29,14,0.00,29,SMART_GROW,0,0
2026-02-16T12:38:18.957Z,30,11,19.62,30,SMART_GROW,2,0
2026-02-16T12:38:19.057Z,31,10,20.39,31,SMART_GROW,1,0
2026-02-16T12:38:19.155Z,31,8,48.82,30,LAG_SHRINK,2,0
2026-02-16T12:38:19.254Z,30,8,78.54,29,LAG_SHRINK,2,0
2026-02-16T12:38:19.305Z,30,9,20.29,30,SMART_GROW,1,0
2026-02-16T12:38:19.355Z,31,8,20.22,31,SMART_GROW,0,0
2026-02-16T12:38:19.457Z,32,7,19.57,32,SMART_GROW,1,0
2026-02-16T12:38:19.557Z,32,4,48.78,31,LAG_SHRINK,3,0
2026-02-16T12:38:19.659Z,31,2,82.08,30,LAG_SHRINK,4,0
2026-02-16T12:38:19.710Z,31,3,20.05,31,SMART_GROW,1,0
2026-02-16T12:38:19.761Z,31,1,38.88,30,LAG_SHRINK,1,0
2026-02-16T12:38:19.856Z,31,1,81.10,29,LAG_SHRINK,0,0
2026-02-16T12:38:19.907Z,30,2,20.50,30,SMART_GROW,1,0
2026-02-16T12:38:19.957Z,31,2,20.28,31,SMART_GROW,0,0
2026-02-16T12:38:20.057Z,31,2,48.68,30,LAG_SHRINK,1,0
2026-02-16T12:38:20.155Z,30,4,80.25,29,LAG_SHRINK,1,0
2026-02-16T12:38:20.255Z,30,6,79.99,28,LAG_SHRINK,0,0
2026-02-16T12:38:20.304Z,29,7,20.41,29,SMART_GROW,1,0
2026-02-16T12:38:20.355Z,30,7,20.34,30,SMART_GROW,0,0
2026-02-16T12:38:20.405Z,31,7,20.15,31,SMART_GROW,0,0
2026-02-16T12:38:20.457Z,32,6,2.00,32,SMART_GROW,0,0
2026-02-16T12:38:20.556Z,32,5,79.46,31,LAG_SHRINK,3,0
2026-02-16T12:38:20.657Z,31,5,82.94,30,LAG_SHRINK,3,0
2026-02-16T12:38:20.757Z,30,6,80.45,29,LAG_SHRINK,3,0
2026-02-16T12:38:20.808Z,30,7,18.96,30,SMART_GROW,1,0
2026-02-16T12:38:20.857Z,30,5,38.81,29,LAG_SHRINK,1,0
2026-02-16T12:38:20.907Z,30,6,20.28,30,SMART_GROW,0,0
2026-02-16T12:38:20.960Z,31,6,3.00,31,SMART_GROW,0,0
2026-02-16T12:38:21.058Z,31,4,83.13,30,LAG_SHRINK,2,0
2026-02-16T12:38:21.156Z,30,5,78.28,29,LAG_SHRINK,1,0
2026-02-16T12:38:21.206Z,30,5,20.41,30,SMART_GROW,1,0
2026-02-16T12:38:21.257Z,30,4,39.67,29,LAG_SHRINK,0,0
2026-02-16T12:38:21.306Z,30,5,20.26,30,SMART_GROW,1,0
2026-02-16T12:38:21.357Z,31,4,0.00,31,SMART_GROW,0,0
2026-02-16T12:38:21.457Z,31,1,82.80,30,LAG_SHRINK,2,0
2026-02-16T12:38:21.555Z,30,4,76.91,29,LAG_SHRINK,1,0
2026-02-16T12:38:21.606Z,30,7,20.29,30,SMART_GROW,1,0
2026-02-16T12:38:21.658Z,31,6,2.00,31,SMART_GROW,0,0
2026-02-16T12:38:21.757Z,31,5,49.00,30,LAG_SHRINK,2,0
2026-02-16T12:38:21.860Z,31,4,19.36,31,SMART_GROW,4,0
2026-02-16T12:38:21.956Z,31,1,47.89,30,LAG_SHRINK,3,0
2026-02-16T12:38:22.006Z,31,2,19.77,31,SMART_GROW,1,0
2026-02-16T12:38:22.057Z,31,0,41.70,30,LAG_SHRINK,1,0
2026-02-16T12:38:22.108Z,31,2,19.51,31,SMART_GROW,1,0
2026-02-16T12:38:22.157Z,32,1,0.00,32,SMART_GROW,0,0
2026-02-16T12:38:22.257Z,30,0,49.00,31,LAG_SHRINK,3,0
2026-02-16T12:38:22.357Z,29,0,50.00,30,LAG_SHRINK,2,0
2026-02-16T12:38:22.457Z,28,0,79.99,29,LAG_SHRINK,2,0
2026-02-16T12:38:22.557Z,29,0,80.05,28,LAG_SHRINK,1,0
2026-02-16T12:38:22.655Z,28,1,77.56,27,LAG_SHRINK,1,0
2026-02-16T12:38:22.705Z,28,3,20.39,28,SMART_GROW,0,0
2026-02-16T12:38:22.754Z,29,3,0.00,29,SMART_GROW,0,0
2026-02-16T12:38:22.857Z,29,4,79.99,28,LAG_SHRINK,1,0
2026-02-16T12:38:22.957Z,28,5,82.41,27,LAG_SHRINK,3,0
2026-02-16T12:38:23.055Z,27,7,75.46,26,LAG_SHRINK,1,0
2026-02-16T12:38:23.156Z,27,9,80.64,25,LAG_SHRINK,0,0
2026-02-16T12:38:23.206Z,27,11,20.32,26,SMART_GROW,0,0
2026-02-16T12:38:23.256Z,27,11,0.00,27,SMART_GROW,0,0
2026-02-16T12:38:23.307Z,28,12,20.47,28,SMART_GROW,1,0
2026-02-16T12:38:23.357Z,28,11,39.57,27,LAG_SHRINK,0,0
2026-02-16T12:38:23.408Z,28,13,20.42,28,SMART_GROW,1,0
2026-02-16T12:38:23.458Z,28,11,38.65,27,LAG_SHRINK,1,0
2026-02-16T12:38:23.555Z,27,12,78.09,26,LAG_SHRINK,1,0
2026-02-16T12:38:23.655Z,26,14,79.92,25,LAG_SHRINK,1,0
2026-02-16T12:38:23.704Z,26,14,20.44,26,SMART_GROW,0,0
2026-02-16T12:38:23.755Z,26,14,38.62,25,LAG_SHRINK,0,0
2026-02-16T12:38:23.805Z,26,15,20.47,26,SMART_GROW,0,0
2026-02-16T12:38:23.856Z,27,15,1.00,27,SMART_GROW,0,0
2026-02-16T12:38:23.960Z,27,14,82.35,26,LAG_SHRINK,2,0
2026-02-16T12:38:24.055Z,27,14,20.13,27,SMART_GROW,3,0
2026-02-16T12:38:24.162Z,28,10,20.52,28,SMART_GROW,3,0
2026-02-16T12:38:24.257Z,29,8,19.85,29,SMART_GROW,1,0
2026-02-16T12:38:24.358Z,29,3,49.30,28,LAG_SHRINK,5,0
2026-02-16T12:38:24.458Z,28,2,50.00,27,LAG_SHRINK,3,0
2026-02-16T12:38:24.557Z,28,2,20.30,28,SMART_GROW,3,0
2026-02-16T12:38:24.656Z,28,0,49.35,27,LAG_SHRINK,1,0
2026-02-16T12:38:24.757Z,26,0,20.09,27,HOLD_6.4s,3,0
2026-02-16T12:38:24.807Z,25,0,19.65,27,HOLD_6.4s,1,0
2026-02-16T12:38:24.856Z,25,0,20.39,27,HOLD_6.4s,0,0
2026-02-16T12:38:24.957Z,26,0,48.51,26,LAG_SHRINK,0,0
2026-02-16T12:38:25.057Z,26,1,82.35,25,LAG_SHRINK,2,0
2026-02-16T12:38:25.155Z,25,4,79.20,24,LAG_SHRINK,1,0
2026-02-16T12:38:25.206Z,25,6,20.49,25,SMART_GROW,0,0
2026-02-16T12:38:25.257Z,25,6,38.26,24,LAG_SHRINK,0,0
2026-02-16T12:38:25.307Z,25,10,19.93,25,SMART_GROW,0,0
2026-02-16T12:38:25.358Z,26,10,20.34,26,SMART_GROW,0,0
2026-02-16T12:38:25.456Z,27,10,20.70,27,SMART_GROW,2,0
2026-02-16T12:38:25.559Z,27,10,49.39,26,LAG_SHRINK,2,0
2026-02-16T12:38:25.657Z,26,8,81.17,25,LAG_SHRINK,4,0
2026-02-16T12:38:25.708Z,26,11,20.36,26,SMART_GROW,0,0
2026-02-16T12:38:25.758Z,27,11,0.00,27,SMART_GROW,0,0
2026-02-16T12:38:25.857Z,27,11,79.46,26,LAG_SHRINK,1,0
2026-02-16T12:38:25.907Z,27,11,20.57,27,SMART_GROW,1,0
2026-02-16T12:38:25.958Z,27,9,40.78,26,LAG_SHRINK,1,0
2026-02-16T12:38:26.055Z,26,10,77.89,25,LAG_SHRINK,1,0
2026-02-16T12:38:26.105Z,26,12,19.95,26,SMART_GROW,0,0
2026-02-16T12:38:26.155Z,26,12,39.93,25,LAG_SHRINK,0,0
2026-02-16T12:38:26.205Z,26,12,19.37,26,SMART_GROW,0,0
2026-02-16T12:38:26.255Z,27,12,20.28,27,SMART_GROW,0,0
2026-02-16T12:38:26.357Z,28,9,20.82,28,SMART_GROW,2,0
2026-02-16T12:38:26.457Z,28,8,48.99,27,LAG_SHRINK,1,0
2026-02-16T12:38:26.508Z,28,11,20.32,28,SMART_GROW,1,0
2026-02-16T12:38:26.559Z,29,10,1.00,29,SMART_GROW,0,0
2026-02-16T12:38:26.656Z,29,12,47.00,28,LAG_SHRINK,0,0
2026-02-16T12:38:26.707Z,29,13,20.14,29,SMART_GROW,1,0
2026-02-16T12:38:26.757Z,30,12,0.00,30,SMART_GROW,0,0
2026-02-16T12:38:26.860Z,30,9,83.20,29,LAG_SHRINK,3,0
2026-02-16T12:38:26.910Z,30,10,20.34,30,SMART_GROW,1,0
2026-02-16T12:38:26.959Z,31,8,0.00,31,SMART_GROW,1,0
2026-02-16T12:38:27.059Z,31,7,80.31,30,LAG_SHRINK,2,0
2026-02-16T12:38:27.157Z,30,5,81.76,29,LAG_SHRINK,3,0
2026-02-16T12:38:27.255Z,29,5,76.78,28,LAG_SHRINK,1,0
2026-02-16T12:38:27.355Z,29,6,80.31,27,LAG_SHRINK,0,0
2026-02-16T12:38:27.406Z,28,8,19.90,28,SMART_GROW,1,0
2026-02-16T12:38:27.456Z,29,8,0.00,29,SMART_GROW,0,0
2026-02-16T12:38:27.507Z,30,8,20.13,30,SMART_GROW,0,0
2026-02-16T12:38:27.557Z,31,6,0.00,31,SMART_GROW,1,0
2026-02-16T12:38:27.655Z,32,2,20.08,32,SMART_GROW,3,0
2026-02-16T12:38:27.757Z,32,0,49.84,31,LAG_SHRINK,2,0
2026-02-16T12:38:27.855Z,31,2,80.12,30,LAG_SHRINK,1,0
2026-02-16T12:38:27.905Z,31,4,20.28,31,SMART_GROW,0,0
2026-02-16T12:38:27.956Z,32,4,20.28,32,SMART_GROW,0,0
2026-02-16T12:38:28.057Z,33,4,20.44,33,SMART_GROW,2,0
2026-02-16T12:38:28.157Z,34,3,19.78,34,SMART_GROW,2,0
2026-02-16T12:38:28.256Z,34,1,48.77,33,LAG_SHRINK,3,0
2026-02-16T12:38:28.355Z,32,0,80.51,32,LAG_SHRINK,3,0
2026-02-16T12:38:28.455Z,33,1,20.28,33,SMART_GROW,0,0
2026-02-16T12:38:28.506Z,32,0,19.93,33,HOLD_7.6s,1,0
2026-02-16T12:38:28.555Z,31,0,0.00,33,HOLD_7.6s,1,0
2026-02-16T12:38:28.660Z,33,0,79.99,32,LAG_SHRINK,2,0
2026-02-16T12:38:28.756Z,32,0,46.00,31,LAG_SHRINK,3,0
2026-02-16T12:38:28.855Z,29,0,49.40,30,LAG_SHRINK,4,0
2026-02-16T12:38:28.904Z,29,0,20.34,30,HOLD_7.0s,0,0
2026-02-16T12:38:28.955Z,29,0,20.26,30,HOLD_7.0s,0,0
2026-02-16T12:38:29.057Z,30,0,49.53,29,LAG_SHRINK,0,0
2026-02-16T12:38:29.108Z,30,3,20.05,30,SMART_GROW,1,0
2026-02-16T12:38:29.159Z,30,1,41.93,29,LAG_SHRINK,1,0
2026-02-16T12:38:29.257Z,29,4,80.71,28,LAG_SHRINK,1,0
2026-02-16T12:38:29.306Z,29,7,20.57,29,SMART_GROW,0,0
2026-02-16T12:38:29.357Z,30,7,20.44,30,SMART_GROW,0,0
2026-02-16T12:38:29.458Z,30,5,48.57,29,LAG_SHRINK,1,0
2026-02-16T12:38:29.508Z,30,7,20.72,30,SMART_GROW,1,0
2026-02-16T12:38:29.561Z,31,6,3.00,31,SMART_GROW,0,0
2026-02-16T12:38:29.662Z,31,6,51.00,30,LAG_SHRINK,2,0
2026-02-16T12:38:29.759Z,31,7,19.24,31,SMART_GROW,4,0
2026-02-16T12:38:29.861Z,31,8,98.21,30,LAG_SHRINK,2,0
2026-02-16T12:38:29.960Z,30,6,49.00,29,LAG_SHRINK,4,0
2026-02-16T12:38:30.060Z,30,4,19.95,30,SMART_GROW,3,0
2026-02-16T12:38:30.157Z,30,2,47.93,29,LAG_SHRINK,3,0
2026-02-16T12:38:30.256Z,29,3,78.61,28,LAG_SHRINK,2,0
2026-02-16T12:38:30.354Z,29,2,20.65,29,SMART_GROW,3,0
2026-02-16T12:38:30.404Z,29,0,19.72,29,HOLD_6.8s,3,0
2026-02-16T12:38:30.457Z,28,0,3.00,29,HOLD_6.8s,1,0
2026-02-16T12:38:30.556Z,27,0,79.27,28,LAG_SHRINK,2,0
2026-02-16T12:38:30.656Z,28,0,80.84,27,LAG_SHRINK,0,0
2026-02-16T12:38:30.756Z,27,4,50.00,26,LAG_SHRINK,2,0
2026-02-16T12:38:30.855Z,27,7,19.64,27,SMART_GROW,1,0
2026-02-16T12:38:30.957Z,28,9,20.65,28,SMART_GROW,2,0
2026-02-16T12:38:31.057Z,29,11,19.98,29,SMART_GROW,1,0
2026-02-16T12:38:31.156Z,29,9,49.20,28,LAG_SHRINK,2,0
2026-02-16T12:38:31.257Z,28,10,52.00,27,LAG_SHRINK,3,0
2026-02-16T12:38:31.356Z,27,14,48.72,26,LAG_SHRINK,2,0
2026-02-16T12:38:31.455Z,27,18,20.08,27,SMART_GROW,1,0
2026-02-16T12:38:31.505Z,28,19,19.82,28,SMART_GROW,0,0
2026-02-16T12:38:31.555Z,29,18,1.00,29,SMART_GROW,0,0
2026-02-16T12:38:31.658Z,30,18,20.95,30,SMART_GROW,1,0
2026-02-16T12:38:31.757Z,30,18,49.18,29,LAG_SHRINK,1,0
2026-02-16T12:38:31.858Z,29,17,82.35,28,LAG_SHRINK,3,0
2026-02-16T12:38:31.909Z,29,19,20.50,29,SMART_GROW,0,0
2026-02-16T12:38:31.959Z,30,19,0.00,30,SMART_GROW,0,0
2026-02-16T12:38:32.057Z,30,19,81.89,29,LAG_SHRINK,1,0
2026-02-16T12:38:32.157Z,29,20,75.73,28,LAG_SHRINK,2,0
2026-02-16T12:38:32.256Z,29,24,20.52,29,SMART_GROW,1,0
2026-02-16T12:38:32.359Z,29,25,49.75,28,LAG_SHRINK,1,0
2026-02-16T12:38:32.455Z,28,26,79.53,27,LAG_SHRINK,1,0
2026-02-16T12:38:32.505Z,29,27,20.44,29,SMART_GROW,0,0
2026-02-16T12:38:32.557Z,29,25,40.91,28,LAG_SHRINK,1,0
2026-02-16T12:38:32.657Z,28,25,77.89,27,LAG_SHRINK,2,0
2026-02-16T12:38:32.708Z,29,27,19.78,29,SMART_GROW,1,0
2026-02-16T12:38:32.758Z,30,25,1.00,30,SMART_GROW,0,0
2026-02-16T12:38:32.861Z,30,21,84.38,29,LAG_SHRINK,5,0
2026-02-16T12:38:32.957Z,29,23,46.00,28,LAG_SHRINK,1,0
2026-02-16T12:38:33.055Z,28,20,48.70,27,LAG_SHRINK,4,0
2026-02-16T12:38:33.155Z,27,24,78.68,26,LAG_SHRINK,1,0
2026-02-16T12:38:33.255Z,28,26,20.26,28,SMART_GROW,0,0
2026-02-16T12:38:33.306Z,30,26,19.92,30,SMART_GROW,0,0
2026-02-16T12:38:33.359Z,31,24,2.00,31,SMART_GROW,0,0
2026-02-16T12:38:33.459Z,31,20,51.00,30,LAG_SHRINK,4,0
2026-02-16T12:38:33.559Z,30,18,48.98,29,LAG_SHRINK,4,0
2026-02-16T12:38:33.655Z,30,22,20.29,30,SMART_GROW,1,0
2026-02-16T12:38:33.755Z,30,21,50.04,29,LAG_SHRINK,1,0
2026-02-16T12:38:33.855Z,30,24,79.33,28,LAG_SHRINK,0,0
2026-02-16T12:38:33.906Z,30,28,20.36,30,SMART_GROW,0,0
2026-02-16T12:38:33.957Z,30,28,39.14,29,LAG_SHRINK,0,0
2026-02-16T12:38:34.056Z,30,32,81.56,28,LAG_SHRINK,0,0
2026-02-16T12:38:34.106Z,30,34,20.32,30,SMART_GROW,0,0
2026-02-16T12:38:34.156Z,32,34,20.26,32,SMART_GROW,0,0
2026-02-16T12:38:34.257Z,32,30,48.35,31,LAG_SHRINK,2,0
2026-02-16T12:38:34.308Z,33,31,20.29,33,SMART_GROW,1,0
2026-02-16T12:38:34.357Z,33,28,41.01,32,LAG_SHRINK,1,0
2026-02-16T12:38:34.458Z,34,30,20.62,34,SMART_GROW,3,0
2026-02-16T12:38:34.557Z,34,30,96.83,33,LAG_SHRINK,1,0
2026-02-16T12:38:34.658Z,33,28,48.72,32,LAG_SHRINK,6,0
2026-02-16T12:38:34.709Z,34,29,20.90,34,SMART_GROW,2,0
2026-02-16T12:38:34.759Z,36,26,1.00,36,SMART_GROW,1,0
2026-02-16T12:38:34.861Z,36,23,83.66,35,LAG_SHRINK,1,0
2026-02-16T12:38:34.961Z,35,19,50.00,34,LAG_SHRINK,6,0
2026-02-16T12:38:35.060Z,34,17,98.07,33,LAG_SHRINK,3,0
2026-02-16T12:38:35.158Z,33,18,49.00,32,LAG_SHRINK,1,0
2026-02-16T12:38:35.255Z,32,21,77.43,31,LAG_SHRINK,1,0
2026-02-16T12:38:35.306Z,32,22,20.39,32,SMART_GROW,0,0
2026-02-16T12:38:35.356Z,33,22,1.00,33,SMART_GROW,0,0
2026-02-16T12:38:35.458Z,33,22,52.00,32,LAG_SHRINK,2,0
2026-02-16T12:38:35.509Z,33,24,20.32,33,SMART_GROW,2,0
2026-02-16T12:38:35.558Z,33,22,36.72,32,LAG_SHRINK,1,0
2026-02-16T12:38:35.656Z,32,28,79.59,31,LAG_SHRINK,1,0
2026-02-16T12:38:35.705Z,33,31,20.13,33,SMART_GROW,0,0
2026-02-16T12:38:35.755Z,35,30,20.21,35,SMART_GROW,0,0
2026-02-16T12:38:35.858Z,37,30,19.49,37,SMART_GROW,1,0
2026-02-16T12:38:35.958Z,39,31,19.90,39,SMART_GROW,2,0
2026-02-16T12:38:36.060Z,39,31,49.71,38,LAG_SHRINK,1,0
2026-02-16T12:38:36.161Z,38,30,52.00,37,LAG_SHRINK,5,0
2026-02-16T12:38:36.260Z,39,29,19.59,39,SMART_GROW,3,0
2026-02-16T12:38:36.359Z,40,24,19.72,40,SMART_GROW,4,0
2026-02-16T12:38:36.462Z,40,23,97.03,39,LAG_SHRINK,2,0
2026-02-16T12:38:36.558Z,39,23,46.00,38,LAG_SHRINK,4,0
2026-02-16T12:38:36.656Z,38,24,48.66,37,LAG_SHRINK,2,0
2026-02-16T12:38:36.757Z,38,23,20.42,38,SMART_GROW,3,0
2026-02-16T12:38:36.855Z,39,24,19.92,39,SMART_GROW,0,0
2026-02-16T12:38:36.905Z,40,24,20.29,40,SMART_GROW,0,0
2026-02-16T12:38:36.958Z,40,22,40.26,39,LAG_SHRINK,1,0
2026-02-16T12:38:37.056Z,39,24,78.41,38,LAG_SHRINK,1,0
2026-02-16T12:38:37.155Z,40,29,20.31,40,SMART_GROW,0,0
2026-02-16T12:38:37.257Z,42,32,20.59,42,SMART_GROW,1,0
2026-02-16T12:38:37.360Z,42,28,51.35,41,LAG_SHRINK,5,0
2026-02-16T12:38:37.456Z,41,30,75.27,40,LAG_SHRINK,2,0
2026-02-16T12:38:37.506Z,42,34,20.13,42,SMART_GROW,1,0
2026-02-16T12:38:37.556Z,42,32,39.53,41,LAG_SHRINK,0,0
2026-02-16T12:38:37.656Z,43,34,19.69,43,SMART_GROW,2,0
2026-02-16T12:38:37.755Z,43,33,48.95,42,LAG_SHRINK,2,0
2026-02-16T12:38:37.805Z,44,34,20.26,44,SMART_GROW,2,0
2026-02-16T12:38:37.859Z,44,32,44.32,43,LAG_SHRINK,0,0
2026-02-16T12:38:37.909Z,45,30,20.28,45,SMART_GROW,3,0
2026-02-16T12:38:37.958Z,45,26,37.93,44,LAG_SHRINK,2,0
2026-02-16T12:38:38.055Z,45,28,80.31,43,LAG_SHRINK,0,0
2026-02-16T12:38:38.106Z,45,29,19.60,45,SMART_GROW,0,0
2026-02-16T12:38:38.155Z,47,29,0.00,47,SMART_GROW,0,0
2026-02-16T12:38:38.259Z,47,25,80.38,46,LAG_SHRINK,2,0
2026-02-16T12:38:38.355Z,46,27,79.66,45,LAG_SHRINK,3,0
2026-02-16T12:38:38.405Z,47,32,20.14,47,SMART_GROW,1,0
2026-02-16T12:38:38.456Z,47,30,41.30,46,LAG_SHRINK,0,0
2026-02-16T12:38:38.507Z,48,32,20.75,48,SMART_GROW,1,0
2026-02-16T12:38:38.557Z,48,29,39.34,47,LAG_SHRINK,1,0
2026-02-16T12:38:38.655Z,49,31,19.72,49,SMART_GROW,1,0
2026-02-16T12:38:38.757Z,50,28,21.42,50,SMART_GROW,4,0
2026-02-16T12:38:38.863Z,50,25,19.29,50,SMART_GROW,4,0
2026-02-16T12:38:38.958Z,50,24,20.28,50,SMART_GROW,5,0
2026-02-16T12:38:39.057Z,50,23,49.61,49,LAG_SHRINK,3,0
2026-02-16T12:38:39.108Z,50,24,18.33,50,SMART_GROW,1,0
2026-02-16T12:38:39.159Z,50,22,1.00,50,SMART_GROW,1,0
2026-02-16T12:38:39.255Z,50,21,80.45,49,LAG_SHRINK,1,0
2026-02-16T12:38:39.306Z,50,27,20.16,50,SMART_GROW,1,0
2026-02-16T12:38:39.357Z,50,26,41.83,49,LAG_SHRINK,0,0
2026-02-16T12:38:39.457Z,49,25,81.17,48,LAG_SHRINK,3,0
2026-02-16T12:38:39.559Z,50,26,3.81,50,SMART_GROW,2,0
2026-02-16T12:38:39.681Z,50,23,100.76,49,LAG_SHRINK,3,0
2026-02-16T12:38:39.755Z,50,26,25.00,50,SMART_GROW,1,0
2026-02-16T12:38:39.860Z,50,29,81.76,49,LAG_SHRINK,2,0
2026-02-16T12:38:39.955Z,49,32,46.00,48,LAG_SHRINK,3,0
2026-02-16T12:38:40.058Z,50,33,20.19,50,SMART_GROW,3,0
2026-02-16T12:38:40.158Z,50,31,98.21,49,LAG_SHRINK,2,0
2026-02-16T12:38:40.257Z,49,27,78.61,48,LAG_SHRINK,7,0
2026-02-16T12:38:40.358Z,48,25,51.00,47,LAG_SHRINK,5,0
2026-02-16T12:38:40.460Z,48,23,20.37,48,SMART_GROW,6,0
2026-02-16T12:38:40.559Z,49,20,19.54,49,SMART_GROW,5,0
2026-02-16T12:38:40.657Z,50,19,19.87,50,SMART_GROW,4,0
2026-02-16T12:38:40.762Z,50,13,20.42,50,SMART_GROW,7,0
2026-02-16T12:38:40.857Z,50,10,19.64,50,SMART_GROW,4,0
2026-02-16T12:38:40.959Z,50,9,20.77,50,SMART_GROW,6,0
2026-02-16T12:38:41.060Z,50,9,20.08,50,SMART_GROW,3,0
2026-02-16T12:38:41.161Z,50,9,19.73,50,SMART_GROW,3,0
2026-02-16T12:38:41.258Z,50,11,19.57,50,SMART_GROW,4,0
2026-02-16T12:38:41.356Z,50,16,49.10,49,LAG_SHRINK,1,0
2026-02-16T12:38:41.456Z,49,22,81.17,48,LAG_SHRINK,2,0
2026-02-16T12:38:41.507Z,50,27,20.39,50,SMART_GROW,0,0
2026-02-16T12:38:41.558Z,50,25,41.07,49,LAG_SHRINK,1,0
2026-02-16T12:38:41.659Z,49,30,51.00,48,LAG_SHRINK,1,0
2026-02-16T12:38:41.710Z,50,37,20.00,50,SMART_GROW,2,0
2026-02-16T12:38:41.760Z,50,33,0.00,50,SMART_GROW,2,0
2026-02-16T12:38:41.856Z,50,37,20.77,50,SMART_GROW,1,0
2026-02-16T12:38:41.956Z,50,39,20.35,50,SMART_GROW,3,0
2026-02-16T12:38:42.055Z,50,41,20.13,50,SMART_GROW,2,0
2026-02-16T12:38:42.156Z,50,43,49.55,49,LAG_SHRINK,1,0
2026-02-16T12:38:42.255Z,49,48,80.12,48,LAG_SHRINK,1,0
2026-02-16T12:38:42.305Z,50,50,20.21,50,SMART_GROW,1,0
2026-02-16T12:38:42.357Z,50,48,3.00,50,SMART_GROW,0,0
2026-02-16T12:38:42.456Z,50,48,80.31,49,LAG_SHRINK,2,0
2026-02-16T12:38:42.556Z,49,47,80.18,48,LAG_SHRINK,3,0
2026-02-16T12:38:42.655Z,49,49,80.31,47,LAG_SHRINK,0,0
2026-02-16T12:38:42.705Z,50,52,20.42,50,SMART_GROW,1,0
2026-02-16T12:38:42.755Z,50,49,38.98,49,LAG_SHRINK,1,0
2026-02-16T12:38:42.857Z,50,52,19.42,50,SMART_GROW,2,0
2026-02-16T12:38:42.956Z,50,50,48.80,49,LAG_SHRINK,3,0
2026-02-16T12:38:43.055Z,50,53,19.46,50,SMART_GROW,1,0
2026-02-16T12:38:43.156Z,50,52,20.78,50,SMART_GROW,2,0
2026-02-16T12:38:43.257Z,50,51,50.00,49,LAG_SHRINK,2,0
2026-02-16T12:38:43.356Z,49,50,79.07,48,LAG_SHRINK,4,0
2026-02-16T12:38:43.456Z,48,51,79.40,47,LAG_SHRINK,2,0
2026-02-16T12:38:43.505Z,50,54,21.11,50,SMART_GROW,1,0
2026-02-16T12:38:43.558Z,50,49,3.00,50,SMART_GROW,2,0
2026-02-16T12:38:43.657Z,50,47,81.30,49,LAG_SHRINK,3,0
2026-02-16T12:38:43.756Z,49,46,79.59,48,LAG_SHRINK,4,0
2026-02-16T12:38:43.855Z,48,45,49.00,47,LAG_SHRINK,3,0
2026-02-16T12:38:43.957Z,49,49,20.59,49,SMART_GROW,3,0
2026-02-16T12:38:44.059Z,50,46,22.93,50,SMART_GROW,2,0
2026-02-16T12:38:44.160Z,50,43,20.09,50,SMART_GROW,4,0
2026-02-16T12:38:44.261Z,50,41,20.21,50,SMART_GROW,4,0
2026-02-16T12:38:44.361Z,50,43,19.75,50,SMART_GROW,3,0
2026-02-16T12:38:44.459Z,50,43,94.14,49,LAG_SHRINK,3,0
2026-02-16T12:38:44.557Z,49,43,81.17,48,LAG_SHRINK,3,0
2026-02-16T12:38:44.655Z,50,48,20.82,50,SMART_GROW,1,0
2026-02-16T12:38:44.760Z,50,49,49.95,49,LAG_SHRINK,2,0
2026-02-16T12:38:44.860Z,49,49,84.77,48,LAG_SHRINK,3,0
2026-02-16T12:38:44.957Z,49,53,47.00,47,LAG_SHRINK,0,0
2026-02-16T12:38:45.055Z,47,56,78.35,46,LAG_SHRINK,2,0
2026-02-16T12:38:45.155Z,46,60,79.66,45,LAG_SHRINK,1,0
2026-02-16T12:38:45.255Z,48,65,20.31,48,SMART_GROW,0,0
2026-02-16T12:38:45.357Z,50,64,19.86,50,SMART_GROW,3,0
2026-02-16T12:38:45.457Z,50,64,49.54,49,LAG_SHRINK,1,0
2026-02-16T12:38:45.560Z,49,65,54.00,48,LAG_SHRINK,3,0
2026-02-16T12:38:45.657Z,48,66,47.00,47,LAG_SHRINK,2,0
2026-02-16T12:38:45.756Z,47,67,49.00,46,LAG_SHRINK,1,0
2026-02-16T12:38:45.855Z,49,71,20.25,49,SMART_GROW,0,0
2026-02-16T12:38:45.954Z,50,68,20.23,50,SMART_GROW,3,0
2026-02-16T12:38:46.059Z,50,63,20.24,50,SMART_GROW,6,0
2026-02-16T12:38:46.160Z,50,58,47.89,49,LAG_SHRINK,7,0
2026-02-16T12:38:46.255Z,49,53,80.97,48,LAG_SHRINK,6,0
2026-02-16T12:38:46.355Z,49,56,79.99,47,LAG_SHRINK,0,0
2026-02-16T12:38:46.406Z,50,58,20.32,50,SMART_GROW,0,0
2026-02-16T12:38:46.458Z,50,58,2.00,50,SMART_GROW,0,0
2026-02-16T12:38:46.557Z,50,59,80.71,49,LAG_SHRINK,2,0
2026-02-16T12:38:46.655Z,49,61,79.20,48,LAG_SHRINK,1,0
2026-02-16T12:38:46.706Z,50,63,20.36,50,SMART_GROW,0,0
2026-02-16T12:38:46.757Z,50,62,40.75,49,LAG_SHRINK,0,0
2026-02-16T12:38:46.855Z,50,63,20.34,50,SMART_GROW,1,0
2026-02-16T12:38:46.957Z,50,63,20.44,50,SMART_GROW,2,0
2026-02-16T12:38:47.055Z,50,67,49.09,49,LAG_SHRINK,1,0
2026-02-16T12:38:47.105Z,50,76,20.19,50,SMART_GROW,1,0
2026-02-16T12:38:47.156Z,50,75,1.00,50,SMART_GROW,0,0
2026-02-16T12:38:47.257Z,50,78,20.08,50,SMART_GROW,4,0
2026-02-16T12:38:47.308Z,50,78,20.36,50,SMART_GROW,0,0
2026-02-16T12:38:47.358Z,50,78,20.49,50,SMART_GROW,0,0
2026-02-16T12:38:47.455Z,50,79,19.97,50,SMART_GROW,0,0
2026-02-16T12:38:47.504Z,50,80,19.75,50,SMART_GROW,0,0
2026-02-16T12:38:47.554Z,50,80,20.13,50,SMART_GROW,0,0
2026-02-16T12:38:47.655Z,50,82,49.90,49,LAG_SHRINK,0,0
2026-02-16T12:38:47.706Z,50,83,20.39,50,SMART_GROW,1,0
2026-02-16T12:38:47.756Z,50,82,20.32,50,SMART_GROW,0,0
2026-02-16T12:38:47.856Z,50,83,20.10,50,SMART_GROW,0,0
2026-02-16T12:38:47.955Z,50,84,49.78,49,LAG_SHRINK,1,0
2026-02-16T12:38:48.005Z,50,86,20.67,50,SMART_GROW,0,0
2026-02-16T12:38:48.054Z,50,87,20.18,50,SMART_GROW,0,0
2026-02-16T12:38:48.104Z,50,88,20.43,50,SMART_GROW,0,0
2026-02-16T12:38:48.154Z,50,88,20.44,50,SMART_GROW,0,0
2026-02-16T12:38:48.255Z,50,91,49.39,49,LAG_SHRINK,0,0
2026-02-16T12:38:48.306Z,50,93,20.21,50,SMART_GROW,1,0
2026-02-16T12:38:48.355Z,50,92,20.44,50,SMART_GROW,0,0
2026-02-16T12:38:48.464Z,50,92,20.11,50,SMART_GROW,0,0
2026-02-16T12:38:48.552Z,50,93,43.74,49,LAG_SHRINK,0,0
2026-02-16T12:38:48.653Z,50,94,21.13,50,SMART_GROW,1,0
2026-02-16T12:38:48.702Z,50,93,20.42,50,SMART_GROW,1,0
2026-02-16T12:38:48.752Z,50,93,20.37,50,SMART_GROW,0,0
2026-02-16T12:38:48.853Z,50,93,20.37,50,SMART_GROW,0,0
2026-02-16T12:38:48.953Z,50,95,49.84,49,LAG_SHRINK,0,0
2026-02-16T12:38:49.053Z,50,96,20.37,50,SMART_GROW,0,0
2026-02-16T12:38:49.102Z,50,96,20.03,50,SMART_GROW,0,0
2026-02-16T12:38:49.153Z,50,96,20.47,50,SMART_GROW,0,0
2026-02-16T12:38:49.203Z,50,96,19.96,50,SMART_GROW,0,0
2026-02-16T12:38:49.253Z,50,97,0.00,50,SMART_GROW,0,0
2026-02-16T12:38:49.305Z,50,98,20.34,50,SMART_GROW,0,0
2026-02-16T12:38:49.355Z,50,98,20.28,50,SMART_GROW,0,0
2026-02-16T12:38:49.453Z,50,99,20.29,50,SMART_GROW,0,0
2026-02-16T12:38:49.503Z,50,99,19.93,50,SMART_GROW,0,0
2026-02-16T12:38:49.561Z,50,99,20.26,50,SMART_GROW,0,0
2026-02-16T12:38:49.612Z,50,101,20.25,50,SMART_GROW,0,0
2026-02-16T12:38:49.662Z,50,101,0.00,50,SMART_GROW,0,0
2026-02-16T12:38:49.754Z,50,101,80.12,49,LAG_SHRINK,1,0
2026-02-16T12:38:49.859Z,49,98,83.72,48,LAG_SHRINK,4,0
2026-02-16T12:38:49.956Z,48,98,47.00,47,LAG_SHRINK,2,0
2026-02-16T12:38:50.055Z,47,97,48.83,46,LAG_SHRINK,2,0
2026-02-16T12:38:50.105Z,50,98,20.14,50,SMART_GROW,1,0
2026-02-16T12:38:50.155Z,50,91,39.27,49,LAG_SHRINK,3,0
2026-02-16T12:38:50.253Z,50,91,19.72,50,SMART_GROW,2,0
2026-02-16T12:38:50.354Z,50,88,49.60,49,LAG_SHRINK,2,0
2026-02-16T12:38:50.454Z,49,86,82.67,48,LAG_SHRINK,3,0
2026-02-16T12:38:50.552Z,48,85,79.53,47,LAG_SHRINK,3,0
2026-02-16T12:38:50.656Z,50,86,20.34,50,SMART_GROW,0,0
2026-02-16T12:38:50.754Z,50,81,96.37,49,LAG_SHRINK,0,0
2026-02-16T12:38:50.853Z,49,84,79.86,48,LAG_SHRINK,2,0
2026-02-16T12:38:50.953Z,50,87,20.31,50,SMART_GROW,0,0
2026-02-16T12:38:50.955Z,50,82,2.00,50,SMART_GROW,0,0
2026-02-16T12:38:51.055Z,50,83,79.27,49,LAG_SHRINK,1,0
2026-02-16T12:38:51.106Z,50,85,20.42,50,SMART_GROW,1,0
2026-02-16T12:38:51.157Z,50,82,2.00,50,SMART_GROW,1,0
2026-02-16T12:38:51.256Z,50,85,49.00,49,LAG_SHRINK,2,0
2026-02-16T12:38:51.306Z,50,88,19.79,50,SMART_GROW,1,0
2026-02-16T12:38:51.356Z,50,86,0.00,50,SMART_GROW,1,0
2026-02-16T12:38:51.453Z,50,90,20.18,50,SMART_GROW,0,0
2026-02-16T12:38:51.553Z,50,93,49.57,49,LAG_SHRINK,0,0
2026-02-16T12:38:51.602Z,50,94,20.36,50,SMART_GROW,0,0
2026-02-16T12:38:51.652Z,50,94,0.00,50,SMART_GROW,0,0
2026-02-16T12:38:51.702Z,50,97,20.36,50,SMART_GROW,0,0
2026-02-16T12:38:51.752Z,50,97,20.37,50,SMART_GROW,0,0
2026-02-16T12:38:51.852Z,50,99,20.30,50,SMART_GROW,0,0
2026-02-16T12:38:51.902Z,50,100,20.16,50,SMART_GROW,0,0
2026-02-16T12:38:51.953Z,50,103,1.00,50,SMART_GROW,0,0
2026-02-16T12:38:52.052Z,50,107,20.87,50,SMART_GROW,0,0
2026-02-16T12:38:52.160Z,50,86,53.51,49,LAG_SHRINK,1,0
2026-02-16T12:38:52.270Z,49,78,60.00,48,LAG_SHRINK,2,0
2026-02-16T12:38:52.355Z,48,80,84.44,47,LAG_SHRINK,2,0
2026-02-16T12:38:52.453Z,47,81,76.71,46,LAG_SHRINK,1,0
2026-02-16T12:38:52.553Z,47,82,79.59,45,LAG_SHRINK,0,0
2026-02-16T12:38:52.654Z,49,83,20.41,49,SMART_GROW,2,0
2026-02-16T12:38:52.755Z,50,74,20.28,50,SMART_GROW,3,0
2026-02-16T12:38:52.858Z,50,67,49.39,49,LAG_SHRINK,6,0
2026-02-16T12:38:52.954Z,49,66,80.25,48,LAG_SHRINK,3,0
2026-02-16T12:38:53.053Z,48,66,77.82,47,LAG_SHRINK,1,0
2026-02-16T12:38:53.153Z,48,80,80.58,46,LAG_SHRINK,0,0
2026-02-16T12:38:53.253Z,50,91,20.00,50,SMART_GROW,1,0
2026-02-16T12:38:53.354Z,50,97,50.23,49,LAG_SHRINK,3,0
2026-02-16T12:38:53.453Z,49,98,50.00,48,LAG_SHRINK,2,0
2026-02-16T12:38:53.503Z,50,99,20.17,50,SMART_GROW,1,0
2026-02-16T12:38:53.555Z,50,96,39.70,49,LAG_SHRINK,1,0
2026-02-16T12:38:53.655Z,50,97,19.57,50,SMART_GROW,2,0
2026-02-16T12:38:53.756Z,50,100,49.16,49,LAG_SHRINK,2,0
2026-02-16T12:38:53.853Z,49,106,79.79,48,LAG_SHRINK,1,0
2026-02-16T12:38:53.903Z,50,109,20.50,50,SMART_GROW,0,0
2026-02-16T12:38:53.954Z,50,107,40.12,49,LAG_SHRINK,1,0
2026-02-16T12:38:54.004Z,50,110,20.39,50,SMART_GROW,1,0
2026-02-16T12:38:54.055Z,50,109,1.00,50,SMART_GROW,0,0
2026-02-16T12:38:54.106Z,50,109,20.14,50,SMART_GROW,0,0
2026-02-16T12:38:54.156Z,50,109,20.27,50,SMART_GROW,0,0
2026-02-16T12:38:54.253Z,50,111,21.01,50,SMART_GROW,0,0
2026-02-16T12:38:54.303Z,50,113,20.05,50,SMART_GROW,0,0
2026-02-16T12:38:54.354Z,50,113,20.39,50,SMART_GROW,0,0
2026-02-16T12:38:54.453Z,50,116,20.53,50,SMART_GROW,0,0
2026-02-16T12:38:54.504Z,50,118,20.07,50,SMART_GROW,0,0
2026-02-16T12:38:54.555Z,50,118,39.14,49,LAG_SHRINK,0,0
2026-02-16T12:38:54.653Z,50,122,20.37,50,SMART_GROW,1,0
2026-02-16T12:38:54.755Z,50,121,20.65,50,SMART_GROW,2,0
2026-02-16T12:38:54.858Z,50,118,20.00,50,SMART_GROW,4,0
2026-02-16T12:38:54.954Z,50,116,47.88,49,LAG_SHRINK,3,0
2026-02-16T12:38:55.053Z,49,118,79.46,48,LAG_SHRINK,1,0
2026-02-16T12:38:55.103Z,50,119,20.32,50,SMART_GROW,0,0
2026-02-16T12:38:55.154Z,50,117,39.80,49,LAG_SHRINK,1,0
2026-02-16T12:38:55.253Z,50,117,20.19,50,SMART_GROW,1,0
2026-02-16T12:38:55.354Z,50,116,49.93,49,LAG_SHRINK,1,0
2026-02-16T12:38:55.455Z,49,114,80.97,48,LAG_SHRINK,3,0
2026-02-16T12:38:55.552Z,48,115,75.79,47,LAG_SHRINK,1,0
2026-02-16T12:38:55.653Z,50,116,20.29,50,SMART_GROW,1,0
2026-02-16T12:38:55.761Z,50,112,50.49,49,LAG_SHRINK,4,0
2026-02-16T12:38:55.857Z,49,112,46.00,48,LAG_SHRINK,4,0
2026-02-16T12:38:55.955Z,48,114,48.80,47,LAG_SHRINK,3,0
2026-02-16T12:38:56.055Z,50,116,19.98,50,SMART_GROW,0,0
2026-02-16T12:38:56.157Z,50,114,99.78,49,LAG_SHRINK,1,0
2026-02-16T12:38:56.255Z,49,113,79.92,48,LAG_SHRINK,4,0
2026-02-16T12:38:56.353Z,48,115,77.17,47,LAG_SHRINK,1,0
2026-02-16T12:38:56.453Z,50,117,20.26,50,SMART_GROW,0,0
2026-02-16T12:38:56.554Z,50,115,50.04,49,LAG_SHRINK,2,0
2026-02-16T12:38:56.655Z,49,116,79.13,48,LAG_SHRINK,2,0
2026-02-16T12:38:56.753Z,50,120,20.01,50,SMART_GROW,1,0
2026-02-16T12:38:56.756Z,50,118,0.00,50,SMART_GROW,0,0
2026-02-16T12:38:56.855Z,50,122,79.72,49,LAG_SHRINK,1,0
2026-02-16T12:38:56.954Z,49,123,81.36,48,LAG_SHRINK,3,0
2026-02-16T12:38:57.053Z,50,125,20.11,50,SMART_GROW,1,0
2026-02-16T12:38:57.154Z,50,122,19.96,50,SMART_GROW,2,0
2026-02-16T12:38:57.253Z,50,125,19.85,50,SMART_GROW,0,0
2026-02-16T12:38:57.304Z,50,128,20.05,50,SMART_GROW,0,0
2026-02-16T12:38:57.354Z,50,128,20.24,50,SMART_GROW,0,0
2026-02-16T12:38:57.453Z,50,128,19.99,50,SMART_GROW,0,0
2026-02-16T12:38:57.503Z,50,130,19.80,50,SMART_GROW,0,0
2026-02-16T12:38:57.554Z,50,130,20.13,50,SMART_GROW,0,0
2026-02-16T12:38:57.652Z,50,133,20.03,50,SMART_GROW,0,0
2026-02-16T12:38:57.702Z,50,134,19.88,50,SMART_GROW,1,0
2026-02-16T12:38:57.753Z,50,134,0.00,50,SMART_GROW,0,0
2026-02-16T12:38:57.803Z,50,136,20.39,50,SMART_GROW,0,0
2026-02-16T12:38:57.853Z,50,136,20.28,50,SMART_GROW,0,0
2026-02-16T12:38:57.954Z,50,136,49.87,49,LAG_SHRINK,2,0
2026-02-16T12:38:58.053Z,49,138,78.81,48,LAG_SHRINK,1,0
2026-02-16T12:38:58.156Z,50,140,20.29,50,SMART_GROW,0,0
2026-02-16T12:38:58.156Z,50,132,3.00,50,SMART_GROW,0,0
2026-02-16T12:38:58.255Z,50,119,78.28,49,LAG_SHRINK,1,0
2026-02-16T12:38:58.361Z,50,120,20.75,50,SMART_GROW,1,0
2026-02-16T12:38:58.362Z,50,106,6.00,50,SMART_GROW,0,0
2026-02-16T12:38:58.456Z,50,103,74.09,49,LAG_SHRINK,1,0
2026-02-16T12:38:58.554Z,49,104,76.91,48,LAG_SHRINK,1,0
2026-02-16T12:38:58.654Z,50,104,20.09,50,SMART_GROW,1,0
2026-02-16T12:38:58.754Z,50,101,48.93,49,LAG_SHRINK,1,0
2026-02-16T12:38:58.857Z,50,102,20.65,50,SMART_GROW,1,0
2026-02-16T12:38:58.955Z,50,91,48.66,49,LAG_SHRINK,1,0
2026-02-16T12:38:59.054Z,50,91,20.03,50,SMART_GROW,3,0
2026-02-16T12:38:59.153Z,50,89,49.37,49,LAG_SHRINK,2,0
2026-02-16T12:38:59.252Z,49,109,49.00,48,LAG_SHRINK,1,0
2026-02-16T12:38:59.303Z,50,111,19.85,50,SMART_GROW,0,0
2026-02-16T12:38:59.354Z,50,115,42.39,49,LAG_SHRINK,1,0
2026-02-16T12:38:59.453Z,50,122,20.31,50,SMART_GROW,1,0
2026-02-16T12:38:59.454Z,50,120,0.00,50,SMART_GROW,0,0
2026-02-16T12:38:59.557Z,50,121,53.00,49,LAG_SHRINK,2,0
2026-02-16T12:38:59.655Z,49,120,47.48,48,LAG_SHRINK,3,0
2026-02-16T12:38:59.754Z,48,121,81.17,47,LAG_SHRINK,3,0
2026-02-16T12:38:59.805Z,50,122,20.29,50,SMART_GROW,1,0
2026-02-16T12:38:59.857Z,50,118,2.00,50,SMART_GROW,0,0
2026-02-16T12:38:59.954Z,50,121,80.90,49,LAG_SHRINK,5,0
2026-02-16T12:39:00.005Z,50,126,19.98,50,SMART_GROW,1,0
2026-02-16T12:39:00.054Z,50,125,0.00,50,SMART_GROW,0,0
2026-02-16T12:39:00.154Z,50,127,82.48,49,LAG_SHRINK,2,0
2026-02-16T12:39:00.252Z,49,128,78.02,48,LAG_SHRINK,1,0
2026-02-16T12:39:00.303Z,50,128,20.47,50,SMART_GROW,0,0
2026-02-16T12:39:00.354Z,50,126,41.63,49,LAG_SHRINK,1,0
2026-02-16T12:39:00.455Z,50,126,20.85,50,SMART_GROW,3,0
2026-02-16T12:39:00.554Z,50,127,20.30,50,SMART_GROW,2,0
2026-02-16T12:39:00.604Z,50,130,19.73,50,SMART_GROW,0,0
2026-02-16T12:39:00.657Z,50,130,3.00,50,SMART_GROW,0,0
2026-02-16T12:39:00.755Z,50,130,83.00,49,LAG_SHRINK,2,0
2026-02-16T12:39:00.805Z,50,132,20.50,50,SMART_GROW,0,0
2026-02-16T12:39:00.855Z,50,133,0.00,50,SMART_GROW,0,0
2026-02-16T12:39:00.953Z,50,138,78.74,49,LAG_SHRINK,0,0
2026-02-16T12:39:01.053Z,50,139,20.28,50,SMART_GROW,0,0
2026-02-16T12:39:01.154Z,50,138,18.95,50,SMART_GROW,2,0
2026-02-16T12:39:01.254Z,50,137,49.00,49,LAG_SHRINK,3,0
2026-02-16T12:39:01.354Z,49,134,81.23,48,LAG_SHRINK,4,0
2026-02-16T12:39:01.405Z,50,137,19.83,50,SMART_GROW,1,0
2026-02-16T12:39:01.455Z,50,133,39.14,49,LAG_SHRINK,2,0
2026-02-16T12:39:01.554Z,49,134,79.59,48,LAG_SHRINK,2,0
2026-02-16T12:39:01.654Z,48,133,80.77,47,LAG_SHRINK,3,0
2026-02-16T12:39:01.705Z,50,134,19.67,50,SMART_GROW,1,0
2026-02-16T12:39:01.759Z,50,129,40.71,49,LAG_SHRINK,2,0
2026-02-16T12:39:01.853Z,49,129,78.68,48,LAG_SHRINK,2,0
2026-02-16T12:39:01.955Z,48,127,81.36,47,LAG_SHRINK,2,0
2026-02-16T12:39:02.054Z,50,127,20.32,50,SMART_GROW,0,0
2026-02-16T12:39:02.157Z,50,123,49.25,49,LAG_SHRINK,2,0
2026-02-16T12:39:02.255Z,49,126,48.00,48,LAG_SHRINK,2,0
2026-02-16T12:39:02.354Z,50,129,20.18,50,SMART_GROW,1,0
2026-02-16T12:39:02.356Z,50,125,0.00,50,SMART_GROW,0,0
2026-02-16T12:39:02.454Z,50,125,77.76,49,LAG_SHRINK,2,0
2026-02-16T12:39:02.555Z,49,126,82.41,48,LAG_SHRINK,4,0
2026-02-16T12:39:02.653Z,50,128,19.59,50,SMART_GROW,1,0
2026-02-16T12:39:02.753Z,50,126,20.21,50,SMART_GROW,2,0
2026-02-16T12:39:02.856Z,50,126,19.86,50,SMART_GROW,3,0
2026-02-16T12:39:02.955Z,50,126,19.41,50,SMART_GROW,2,0
2026-02-16T12:39:03.057Z,50,125,19.95,50,SMART_GROW,3,0
2026-02-16T12:39:03.157Z,50,126,20.00,50,SMART_GROW,2,0
2026-02-16T12:39:03.255Z,50,126,48.07,49,LAG_SHRINK,2,0
2026-02-16T12:39:03.355Z,49,124,50.00,48,LAG_SHRINK,4,0
2026-02-16T12:39:03.455Z,48,127,49.12,47,LAG_SHRINK,2,0
2026-02-16T12:39:03.506Z,50,130,20.21,50,SMART_GROW,1,0
2026-02-16T12:39:03.557Z,50,125,41.40,49,LAG_SHRINK,2,0
2026-02-16T12:39:03.654Z,49,125,79.33,48,LAG_SHRINK,3,0
2026-02-16T12:39:03.704Z,50,126,20.26,50,SMART_GROW,1,0
2026-02-16T12:39:03.755Z,50,124,39.83,49,LAG_SHRINK,0,0
2026-02-16T12:39:03.854Z,49,126,49.00,48,LAG_SHRINK,2,0
2026-02-16T12:39:03.952Z,48,128,48.86,47,LAG_SHRINK,2,0
2026-02-16T12:39:04.003Z,50,130,20.44,50,SMART_GROW,1,0
2026-02-16T12:39:04.055Z,50,127,42.19,49,LAG_SHRINK,0,0
2026-02-16T12:39:04.154Z,49,127,78.68,48,LAG_SHRINK,3,0
2026-02-16T12:39:04.253Z,48,130,78.28,47,LAG_SHRINK,1,0
2026-02-16T12:39:04.355Z,50,134,19.85,50,SMART_GROW,1,0
2026-02-16T12:39:04.363Z,50,126,10.00,50,SMART_GROW,0,0
2026-02-16T12:39:04.454Z,50,127,78.94,49,LAG_SHRINK,0,0
2026-02-16T12:39:04.506Z,50,118,20.49,50,SMART_GROW,2,0
2026-02-16T12:39:04.557Z,50,113,2.00,50,SMART_GROW,1,0
2026-02-16T12:39:04.655Z,50,116,81.63,49,LAG_SHRINK,1,0
2026-02-16T12:39:04.753Z,50,118,20.57,50,SMART_GROW,0,0
2026-02-16T12:39:04.804Z,50,120,20.27,50,SMART_GROW,0,0
2026-02-16T12:39:04.854Z,50,120,0.00,50,SMART_GROW,0,0
2026-02-16T12:39:04.905Z,50,122,20.41,50,SMART_GROW,0,0
2026-02-16T12:39:04.955Z,50,122,20.28,50,SMART_GROW,0,0
2026-02-16T12:39:05.005Z,50,123,20.23,50,SMART_GROW,0,0
2026-02-16T12:39:05.055Z,50,123,20.28,50,SMART_GROW,0,0
2026-02-16T12:39:05.105Z,50,125,20.52,50,SMART_GROW,0,0
2026-02-16T12:39:05.155Z,50,125,20.36,50,SMART_GROW,0,0
2026-02-16T12:39:05.205Z,50,127,20.13,50,SMART_GROW,0,0
2026-02-16T12:39:05.255Z,50,127,22.27,50,SMART_GROW,0,0
2026-02-16T12:39:05.305Z,50,128,20.13,50,SMART_GROW,0,0
2026-02-16T12:39:05.357Z,50,133,20.29,50,SMART_GROW,0,0
2026-02-16T12:39:05.407Z,50,133,20.10,50,SMART_GROW,0,0
2026-02-16T12:39:05.457Z,50,133,20.36,50,SMART_GROW,0,0
2026-02-16T12:39:05.558Z,50,119,96.83,49,LAG_SHRINK,1,0
2026-02-16T12:39:05.653Z,49,120,74.02,48,LAG_SHRINK,2,0
2026-02-16T12:39:05.754Z,50,121,19.78,50,SMART_GROW,1,0
2026-02-16T12:39:05.754Z,50,117,1.00,50,SMART_GROW,0,0
2026-02-16T12:39:05.804Z,50,117,20.47,50,SMART_GROW,0,0
2026-02-16T12:39:05.854Z,50,117,37.08,49,LAG_SHRINK,0,0
2026-02-16T12:39:05.904Z,50,117,19.67,50,SMART_GROW,0,0
2026-02-16T12:39:05.954Z,50,117,0.00,50,SMART_GROW,0,0
2026-02-16T12:39:06.056Z,50,109,20.60,50,SMART_GROW,1,0
2026-02-16T12:39:06.153Z,50,108,48.03,49,LAG_SHRINK,1,0
2026-02-16T12:39:06.204Z,50,108,19.54,50,SMART_GROW,1,0
2026-02-16T12:39:06.254Z,50,106,1.00,50,SMART_GROW,0,0
2026-02-16T12:39:06.356Z,50,102,79.99,49,LAG_SHRINK,4,0
2026-02-16T12:39:06.406Z,50,101,20.93,50,SMART_GROW,2,0
2026-02-16T12:39:06.457Z,50,99,39.93,49,LAG_SHRINK,1,0
2026-02-16T12:39:06.556Z,49,120,82.28,48,LAG_SHRINK,1,0
2026-02-16T12:39:06.606Z,50,129,20.54,50,SMART_GROW,1,0
2026-02-16T12:39:06.656Z,50,127,0.00,50,SMART_GROW,0,0
2026-02-16T12:39:06.707Z,50,128,20.09,50,SMART_GROW,0,0
2026-02-16T12:39:06.758Z,50,130,2.00,50,SMART_GROW,0,0
2026-02-16T12:39:06.808Z,50,130,20.62,50,SMART_GROW,0,0
2026-02-16T12:39:06.858Z,50,130,20.36,50,SMART_GROW,0,0
2026-02-16T12:39:06.909Z,50,130,20.73,50,SMART_GROW,0,0
2026-02-16T12:39:06.959Z,50,130,0.00,50,SMART_GROW,0,0
2026-02-16T12:39:07.009Z,50,130,20.73,50,SMART_GROW,0,0
2026-02-16T12:39:07.059Z,50,136,0.00,50,SMART_GROW,0,0
2026-02-16T12:39:07.155Z,50,137,81.56,49,LAG_SHRINK,2,0
2026-02-16T12:39:07.253Z,49,139,75.73,48,LAG_SHRINK,1,0
2026-02-16T12:39:07.353Z,49,143,50.00,47,LAG_SHRINK,0,0
2026-02-16T12:39:07.455Z,50,145,20.38,50,SMART_GROW,0,0
2026-02-16T12:39:07.456Z,50,138,3.00,50,SMART_GROW,0,0
2026-02-16T12:39:07.506Z,50,136,19.18,50,SMART_GROW,1,0
2026-02-16T12:39:07.556Z,50,136,0.00,50,SMART_GROW,0,0
2026-02-16T12:39:07.606Z,50,137,20.21,50,SMART_GROW,0,0
2026-02-16T12:39:07.657Z,50,137,20.23,50,SMART_GROW,0,0
2026-02-16T12:39:07.707Z,50,137,20.41,50,SMART_GROW,0,0
2026-02-16T12:39:07.758Z,50,137,20.31,50,SMART_GROW,0,0
2026-02-16T12:39:07.809Z,50,137,20.37,50,SMART_GROW,0,0
2026-02-16T12:39:07.858Z,50,137,20.29,50,SMART_GROW,0,0
2026-02-16T12:39:07.909Z,50,137,20.42,50,SMART_GROW,0,0
2026-02-16T12:39:07.961Z,50,137,20.19,50,SMART_GROW,0,0
2026-02-16T12:39:08.012Z,50,137,20.28,50,SMART_GROW,0,0
2026-02-16T12:39:08.062Z,50,137,0.00,50,SMART_GROW,0,0
2026-02-16T12:39:08.112Z,50,138,20.21,50,SMART_GROW,0,0
2026-02-16T12:39:08.162Z,50,139,20.25,50,SMART_GROW,0,0
2026-02-16T12:39:08.255Z,50,124,79.40,49,LAG_SHRINK,1,0
2026-02-16T12:39:08.306Z,50,124,20.39,50,SMART_GROW,1,0
2026-02-16T12:39:08.357Z,50,122,41.01,49,LAG_SHRINK,1,0
2026-02-16T12:39:08.453Z,49,123,78.48,48,LAG_SHRINK,1,0
2026-02-16T12:39:08.553Z,49,132,79.92,47,LAG_SHRINK,0,0
2026-02-16T12:39:08.655Z,50,132,20.46,50,SMART_GROW,0,0
2026-02-16T12:39:08.661Z,50,126,8.00,50,SMART_GROW,0,0
2026-02-16T12:39:08.756Z,50,123,45.00,49,LAG_SHRINK,2,0
2026-02-16T12:39:08.855Z,49,121,49.39,48,LAG_SHRINK,3,0
2026-02-16T12:39:08.954Z,48,117,80.71,47,LAG_SHRINK,3,0
2026-02-16T12:39:09.004Z,50,117,20.31,50,SMART_GROW,0,0
2026-02-16T12:39:09.056Z,50,114,41.44,49,LAG_SHRINK,0,0
2026-02-16T12:39:09.156Z,49,111,50.00,48,LAG_SHRINK,4,0
2026-02-16T12:39:09.255Z,48,126,48.04,47,LAG_SHRINK,2,0
2026-02-16T12:39:09.307Z,50,127,20.36,50,SMART_GROW,1,0
2026-02-16T12:39:09.355Z,50,121,0.00,50,SMART_GROW,0,0
2026-02-16T12:39:09.454Z,50,121,81.89,49,LAG_SHRINK,1,0
2026-02-16T12:39:09.554Z,49,121,81.23,48,LAG_SHRINK,2,0
2026-02-16T12:39:09.605Z,50,121,20.28,50,SMART_GROW,1,0
2026-02-16T12:39:09.655Z,50,121,41.21,49,LAG_SHRINK,1,0
2026-02-16T12:39:09.753Z,50,124,19.78,50,SMART_GROW,3,0
2026-02-16T12:39:09.854Z,50,122,49.99,49,LAG_SHRINK,4,0
2026-02-16T12:39:09.904Z,50,124,20.59,50,SMART_GROW,1,0
2026-02-16T12:39:09.954Z,50,122,0.00,50,SMART_GROW,1,0
2026-02-16T12:39:10.054Z,50,125,81.49,49,LAG_SHRINK,1,0
2026-02-16T12:39:10.105Z,50,128,20.21,50,SMART_GROW,1,0
2026-02-16T12:39:10.155Z,50,126,41.21,49,LAG_SHRINK,1,0
2026-02-16T12:39:10.206Z,50,129,20.41,50,SMART_GROW,1,0
2026-02-16T12:39:10.256Z,50,127,1.00,50,SMART_GROW,1,0
2026-02-16T12:39:10.354Z,50,129,19.39,50,SMART_GROW,2,0
2026-02-16T12:39:10.455Z,50,128,19.91,50,SMART_GROW,2,0
2026-02-16T12:39:10.557Z,50,118,49.97,49,LAG_SHRINK,2,0
2026-02-16T12:39:10.655Z,50,115,20.24,50,SMART_GROW,3,0
2026-02-16T12:39:10.756Z,50,115,49.05,49,LAG_SHRINK,2,0
2026-02-16T12:39:10.853Z,49,118,79.99,48,LAG_SHRINK,2,0
2026-02-16T12:39:10.903Z,50,120,19.69,50,SMART_GROW,1,0
2026-02-16T12:39:10.954Z,50,118,1.00,50,SMART_GROW,0,0
2026-02-16T12:39:11.058Z,50,114,20.77,50,SMART_GROW,6,0
2026-02-16T12:39:11.155Z,50,112,94.21,49,LAG_SHRINK,3,0
2026-02-16T12:39:11.255Z,49,112,82.48,48,LAG_SHRINK,3,0
2026-02-16T12:39:11.305Z,50,114,19.24,50,SMART_GROW,1,0
2026-02-16T12:39:11.355Z,50,110,38.32,49,LAG_SHRINK,2,0
2026-02-16T12:39:11.452Z,49,112,78.68,48,LAG_SHRINK,1,0
2026-02-16T12:39:11.552Z,48,124,80.05,47,LAG_SHRINK,1,0
2026-02-16T12:39:11.653Z,48,127,80.84,46,LAG_SHRINK,0,0
2026-02-16T12:39:11.758Z,50,132,19.90,50,SMART_GROW,0,0
2026-02-16T12:39:11.759Z,50,121,6.00,50,SMART_GROW,0,0
2026-02-16T12:39:11.858Z,50,120,49.00,49,LAG_SHRINK,3,0
2026-02-16T12:39:11.956Z,50,118,19.62,50,SMART_GROW,4,0
2026-02-16T12:39:12.058Z,50,116,97.29,49,LAG_SHRINK,3,0
2026-02-16T12:39:12.156Z,49,120,49.00,48,LAG_SHRINK,4,0
2026-02-16T12:39:12.257Z,48,118,50.07,47,LAG_SHRINK,5,0
2026-02-16T12:39:12.353Z,47,119,74.29,46,LAG_SHRINK,2,0
2026-02-16T12:39:12.403Z,50,122,20.37,50,SMART_GROW,1,0
2026-02-16T12:39:12.455Z,50,118,42.09,49,LAG_SHRINK,0,0
2026-02-16T12:39:12.556Z,49,116,51.00,48,LAG_SHRINK,3,0
2026-02-16T12:39:12.654Z,48,115,49.13,47,LAG_SHRINK,3,0
2026-02-16T12:39:12.704Z,50,115,20.37,50,SMART_GROW,0,0
2026-02-16T12:39:12.757Z,50,115,3.00,50,SMART_GROW,0,0
2026-02-16T12:39:12.857Z,50,122,50.00,49,LAG_SHRINK,3,0
2026-02-16T12:39:12.953Z,49,124,47.76,48,LAG_SHRINK,2,0
2026-02-16T12:39:13.002Z,50,128,20.01,50,SMART_GROW,0,0
2026-02-16T12:39:13.055Z,50,126,42.52,49,LAG_SHRINK,1,0
2026-02-16T12:39:13.153Z,49,129,49.00,48,LAG_SHRINK,1,0
2026-02-16T12:39:13.204Z,50,133,19.81,50,SMART_GROW,1,0
2026-02-16T12:39:13.255Z,50,131,41.21,49,LAG_SHRINK,0,0
2026-02-16T12:39:13.306Z,50,135,20.67,50,SMART_GROW,1,0
2026-02-16T12:39:13.356Z,50,133,0.00,50,SMART_GROW,1,0
2026-02-16T12:39:13.455Z,50,133,82.35,49,LAG_SHRINK,1,0
2026-02-16T12:39:13.505Z,50,136,20.44,50,SMART_GROW,1,0
2026-02-16T12:39:13.555Z,50,135,20.37,50,SMART_GROW,0,0
2026-02-16T12:39:13.605Z,50,137,20.55,50,SMART_GROW,0,0
2026-02-16T12:39:13.656Z,50,137,20.41,50,SMART_GROW,0,0
2026-02-16T12:39:13.705Z,50,138,20.31,50,SMART_GROW,0,0
2026-02-16T12:39:13.756Z,50,138,33.50,49,LAG_SHRINK,0,0
2026-02-16T12:39:13.806Z,50,140,20.44,50,SMART_GROW,1,0
2026-02-16T12:39:13.856Z,50,138,40.42,49,LAG_SHRINK,1,0
2026-02-16T12:39:13.954Z,49,141,79.86,48,LAG_SHRINK,1,0
2026-02-16T12:39:14.004Z,50,141,20.31,50,SMART_GROW,0,0
2026-02-16T12:39:14.055Z,50,140,2.00,50,SMART_GROW,0,0
2026-02-16T12:39:14.153Z,50,141,80.64,49,LAG_SHRINK,1,0
2026-02-16T12:39:14.204Z,50,136,20.42,50,SMART_GROW,2,0
2026-02-16T12:39:14.254Z,50,135,0.00,50,SMART_GROW,0,0
2026-02-16T12:39:14.355Z,50,134,79.92,49,LAG_SHRINK,2,0
2026-02-16T12:39:14.453Z,50,134,20.39,50,SMART_GROW,2,0
2026-02-16T12:39:14.554Z,50,133,20.75,50,SMART_GROW,2,0
2026-02-16T12:39:14.654Z,50,131,49.84,49,LAG_SHRINK,2,0
2026-02-16T12:39:14.753Z,49,129,78.35,48,LAG_SHRINK,2,0
2026-02-16T12:39:14.803Z,50,130,20.42,50,SMART_GROW,0,0
2026-02-16T12:39:14.854Z,50,127,2.00,50,SMART_GROW,0,0
2026-02-16T12:39:14.955Z,50,125,20.14,50,SMART_GROW,4,0
2026-02-16T12:39:15.053Z,50,124,20.01,50,SMART_GROW,1,0
2026-02-16T12:39:15.154Z,50,121,50.67,49,LAG_SHRINK,1,0
2026-02-16T12:39:15.253Z,49,128,79.20,48,LAG_SHRINK,1,0
2026-02-16T12:39:15.355Z,50,130,20.91,50,SMART_GROW,0,0
2026-02-16T12:39:15.356Z,50,126,3.00,50,SMART_GROW,0,0
2026-02-16T12:39:15.456Z,50,123,77.69,49,LAG_SHRINK,1,0
2026-02-16T12:39:15.508Z,50,125,19.91,50,SMART_GROW,1,0
2026-02-16T12:39:15.558Z,50,121,1.00,50,SMART_GROW,2,0
2026-02-16T12:39:15.656Z,50,121,80.25,49,LAG_SHRINK,2,0
2026-02-16T12:39:15.753Z,49,124,78.22,48,LAG_SHRINK,2,0
2026-02-16T12:39:15.854Z,50,124,20.49,50,SMART_GROW,0,0
2026-02-16T12:39:15.854Z,50,123,0.00,50,SMART_GROW,0,0
2026-02-16T12:39:15.955Z,50,125,79.40,49,LAG_SHRINK,1,0
2026-02-16T12:39:16.007Z,50,127,20.03,50,SMART_GROW,1,0
2026-02-16T12:39:16.057Z,50,123,1.00,50,SMART_GROW,1,0
2026-02-16T12:39:16.155Z,50,124,82.61,49,LAG_SHRINK,1,0
2026-02-16T12:39:16.253Z,49,126,77.30,48,LAG_SHRINK,1,0
2026-02-16T12:39:16.353Z,50,127,20.24,50,SMART_GROW,0,0
2026-02-16T12:39:16.354Z,50,124,1.00,50,SMART_GROW,0,0
2026-02-16T12:39:16.455Z,50,129,19.93,50,SMART_GROW,2,0
2026-02-16T12:39:16.554Z,50,123,49.76,49,LAG_SHRINK,1,0
2026-02-16T12:39:16.606Z,50,127,19.70,50,SMART_GROW,1,0
2026-02-16T12:39:16.654Z,50,120,39.63,49,LAG_SHRINK,0,0
2026-02-16T12:39:16.755Z,50,117,20.06,50,SMART_GROW,3,0
2026-02-16T12:39:16.856Z,50,115,48.94,49,LAG_SHRINK,2,0
2026-02-16T12:39:16.955Z,49,115,81.43,48,LAG_SHRINK,2,0
2026-02-16T12:39:17.056Z,48,117,51.00,47,LAG_SHRINK,3,0
2026-02-16T12:39:17.155Z,47,113,47.95,46,LAG_SHRINK,2,0
2026-02-16T12:39:17.254Z,50,114,20.49,50,SMART_GROW,1,0
2026-02-16T12:39:17.254Z,50,108,0.00,50,SMART_GROW,0,0
2026-02-16T12:39:17.356Z,50,106,75.46,49,LAG_SHRINK,3,0
2026-02-16T12:39:17.407Z,50,109,19.54,50,SMART_GROW,1,0
2026-02-16T12:39:17.457Z,50,107,1.00,50,SMART_GROW,1,0
2026-02-16T12:39:17.553Z,50,110,81.43,49,LAG_SHRINK,1,0
2026-02-16T12:39:17.603Z,50,115,20.52,50,SMART_GROW,1,0
2026-02-16T12:39:17.653Z,50,120,0.00,50,SMART_GROW,0,0
2026-02-16T12:39:17.703Z,50,125,20.47,50,SMART_GROW,0,0
2026-02-16T12:39:17.753Z,50,125,20.49,50,SMART_GROW,0,0
2026-02-16T12:39:17.853Z,50,129,49.15,49,LAG_SHRINK,0,0
2026-02-16T12:39:17.904Z,50,131,20.57,50,SMART_GROW,0,0
2026-02-16T12:39:17.954Z,50,131,20.47,50,SMART_GROW,0,0
2026-02-16T12:39:18.049Z,50,122,20.13,50,SMART_GROW,1,0
2026-02-16T12:39:18.150Z,50,129,50.39,49,LAG_SHRINK,0,0
2026-02-16T12:39:18.251Z,50,130,20.54,50,SMART_GROW,1,0
2026-02-16T12:39:18.252Z,50,119,2.00,50,SMART_GROW,0,0
2026-02-16T12:39:18.350Z,50,121,78.15,49,LAG_SHRINK,1,0
2026-02-16T12:39:18.400Z,50,123,20.75,50,SMART_GROW,1,0
2026-02-16T12:39:18.450Z,50,120,0.00,50,SMART_GROW,0,0
2026-02-16T12:39:18.550Z,50,117,20.08,50,SMART_GROW,3,0
2026-02-16T12:39:18.600Z,50,118,20.00,50,SMART_GROW,1,0
2026-02-16T12:39:18.650Z,50,118,20.26,50,SMART_GROW,0,0
2026-02-16T12:39:18.701Z,50,118,20.41,50,SMART_GROW,0,0
2026-02-16T12:39:18.751Z,50,118,0.00,50,SMART_GROW,0,0
2026-02-16T12:39:18.802Z,50,118,20.68,50,SMART_GROW,0,0
2026-02-16T12:39:18.852Z,50,118,20.22,50,SMART_GROW,0,0
2026-02-16T12:39:18.950Z,50,118,79.07,49,LAG_SHRINK,0,0
2026-02-16T12:39:19.001Z,50,129,20.64,50,SMART_GROW,0,0
2026-02-16T12:39:19.054Z,50,123,20.39,50,SMART_GROW,1,0
2026-02-16T12:39:19.150Z,50,121,48.36,49,LAG_SHRINK,1,0
2026-02-16T12:39:19.202Z,50,122,20.52,50,SMART_GROW,1,0
2026-02-16T12:39:19.252Z,50,126,39.53,49,LAG_SHRINK,1,0
2026-02-16T12:39:19.351Z,49,131,80.18,48,LAG_SHRINK,2,0
2026-02-16T12:39:19.451Z,48,133,78.35,47,LAG_SHRINK,2,0
2026-02-16T12:39:19.501Z,50,136,19.85,50,SMART_GROW,2,0
2026-02-16T12:39:19.553Z,50,133,41.76,49,LAG_SHRINK,0,0
2026-02-16T12:39:19.650Z,49,131,78.28,48,LAG_SHRINK,4,0
2026-02-16T12:39:19.754Z,50,128,19.72,50,SMART_GROW,4,0
2026-02-16T12:39:19.853Z,50,123,48.23,49,LAG_SHRINK,3,0
2026-02-16T12:39:19.903Z,50,122,19.78,50,SMART_GROW,2,0
2026-02-16T12:39:19.954Z,50,121,20.29,50,SMART_GROW,0,0
2026-02-16T12:39:20.050Z,50,121,78.02,49,LAG_SHRINK,0,0
2026-02-16T12:39:20.149Z,49,127,79.40,48,LAG_SHRINK,1,0
2026-02-16T12:39:20.249Z,50,130,20.11,50,SMART_GROW,0,0
2026-02-16T12:39:20.299Z,50,130,21.09,50,SMART_GROW,1,0
2026-02-16T12:39:20.349Z,50,130,20.31,50,SMART_GROW,0,0
2026-02-16T12:39:20.400Z,50,133,20.38,50,SMART_GROW,0,0
2026-02-16T12:39:20.451Z,50,133,20.18,50,SMART_GROW,0,0
2026-02-16T12:39:20.501Z,50,135,20.32,50,SMART_GROW,0,0
2026-02-16T12:39:20.551Z,50,135,0.00,50,SMART_GROW,0,0
2026-02-16T12:39:20.602Z,50,139,20.13,50,SMART_GROW,0,0
2026-02-16T12:39:20.652Z,50,139,0.00,50,SMART_GROW,0,0
2026-02-16T12:39:20.750Z,50,142,80.12,49,LAG_SHRINK,0,0
2026-02-16T12:39:20.850Z,50,145,80.45,48,LAG_SHRINK,0,0
2026-02-16T12:39:20.951Z,50,148,20.60,50,SMART_GROW,1,0
2026-02-16T12:39:20.952Z,50,141,2.00,50,SMART_GROW,0,0
2026-02-16T12:39:21.051Z,50,138,75.66,49,LAG_SHRINK,1,0
2026-02-16T12:39:21.101Z,50,139,20.37,50,SMART_GROW,1,0
2026-02-16T12:39:21.152Z,50,138,1.00,50,SMART_GROW,0,0
2026-02-16T12:39:21.253Z,50,134,51.00,49,LAG_SHRINK,2,0
2026-02-16T12:39:21.351Z,49,135,48.93,48,LAG_SHRINK,1,0
2026-02-16T12:39:21.402Z,50,135,19.91,50,SMART_GROW,0,0
2026-02-16T12:39:21.451Z,50,127,0.00,50,SMART_GROW,0,0
2026-02-16T12:39:21.551Z,50,124,20.16,50,SMART_GROW,3,0
2026-02-16T12:39:21.651Z,50,122,19.83,50,SMART_GROW,2,0
2026-02-16T12:39:21.750Z,50,119,19.93,50,SMART_GROW,2,0
2026-02-16T12:39:21.850Z,50,117,19.94,50,SMART_GROW,2,0
2026-02-16T12:39:21.950Z,50,118,20.07,50,SMART_GROW,3,0
2026-02-16T12:39:22.050Z,50,122,48.90,49,LAG_SHRINK,2,0
2026-02-16T12:39:22.151Z,49,120,51.00,48,LAG_SHRINK,4,0
2026-02-16T12:39:22.201Z,50,121,20.12,50,SMART_GROW,1,0
2026-02-16T12:39:22.251Z,50,119,0.00,50,SMART_GROW,0,0
2026-02-16T12:39:22.350Z,50,119,80.90,49,LAG_SHRINK,3,0
2026-02-16T12:39:22.451Z,50,125,19.96,50,SMART_GROW,3,0
2026-02-16T12:39:22.551Z,50,124,48.71,49,LAG_SHRINK,2,0
2026-02-16T12:39:22.651Z,49,124,80.18,48,LAG_SHRINK,3,0
2026-02-16T12:39:22.753Z,50,127,21.05,50,SMART_GROW,1,0
2026-02-16T12:39:22.754Z,50,117,3.00,50,SMART_GROW,0,0
2026-02-16T12:39:22.852Z,50,117,79.00,49,LAG_SHRINK,0,0
2026-02-16T12:39:22.950Z,49,118,48.00,48,LAG_SHRINK,2,0
2026-02-16T12:39:23.052Z,48,116,51.02,47,LAG_SHRINK,3,0
2026-02-16T12:39:23.150Z,48,120,76.84,46,LAG_SHRINK,0,0
2026-02-16T12:39:23.254Z,50,121,20.49,50,SMART_GROW,0,0
2026-02-16T12:39:23.255Z,50,113,6.00,50,SMART_GROW,0,0
2026-02-16T12:39:23.351Z,50,115,46.00,49,LAG_SHRINK,0,0
2026-02-16T12:39:23.451Z,49,114,50.00,48,LAG_SHRINK,2,0
2026-02-16T12:39:23.502Z,50,117,20.64,50,SMART_GROW,1,0
2026-02-16T12:39:23.553Z,50,114,1.00,50,SMART_GROW,0,0
2026-02-16T12:39:23.603Z,50,115,20.60,50,SMART_GROW,2,0
2026-02-16T12:39:23.654Z,50,115,20.82,50,SMART_GROW,0,0
2026-02-16T12:39:23.754Z,50,113,78.22,49,LAG_SHRINK,3,0
2026-02-16T12:39:23.804Z,50,122,20.32,50,SMART_GROW,1,0
2026-02-16T12:39:23.854Z,50,120,38.19,49,LAG_SHRINK,1,0
2026-02-16T12:39:23.950Z,49,123,78.61,48,LAG_SHRINK,2,0
2026-02-16T12:39:24.051Z,50,128,20.59,50,SMART_GROW,1,0
2026-02-16T12:39:24.052Z,50,123,2.00,50,SMART_GROW,0,0
2026-02-16T12:39:24.154Z,50,121,76.91,49,LAG_SHRINK,3,0
2026-02-16T12:39:24.251Z,49,119,80.71,48,LAG_SHRINK,3,0
2026-02-16T12:39:24.304Z,50,125,19.90,50,SMART_GROW,1,0
2026-02-16T12:39:24.351Z,50,117,0.00,50,SMART_GROW,0,0
2026-02-16T12:39:24.451Z,50,120,82.08,49,LAG_SHRINK,2,0
2026-02-16T12:39:24.550Z,49,122,78.87,48,LAG_SHRINK,1,0
2026-02-16T12:39:24.650Z,49,124,79.99,47,LAG_SHRINK,0,0
2026-02-16T12:39:24.750Z,49,126,79.59,46,LAG_SHRINK,0,0
2026-02-16T12:39:24.849Z,49,128,80.38,45,LAG_SHRINK,0,0
2026-02-16T12:39:24.900Z,50,131,19.98,50,SMART_GROW,0,0
2026-02-16T12:39:24.956Z,50,126,7.00,50,SMART_GROW,0,0
2026-02-16T12:39:25.050Z,50,124,80.31,49,LAG_SHRINK,3,0
2026-02-16T12:39:25.153Z,49,126,81.95,48,LAG_SHRINK,2,0
2026-02-16T12:39:25.249Z,48,129,75.14,47,LAG_SHRINK,1,0
2026-02-16T12:39:25.301Z,50,131,20.44,50,SMART_GROW,0,0
2026-02-16T12:39:25.355Z,50,125,6.00,50,SMART_GROW,0,0
2026-02-16T12:39:25.450Z,50,129,79.92,49,LAG_SHRINK,3,0
2026-02-16T12:39:25.500Z,50,131,21.08,50,SMART_GROW,1,0
2026-02-16T12:39:25.552Z,50,130,2.00,50,SMART_GROW,0,0
2026-02-16T12:39:25.656Z,50,125,54.00,49,LAG_SHRINK,4,0
2026-02-16T12:39:25.753Z,49,123,92.70,48,LAG_SHRINK,3,0
2026-02-16T12:39:25.853Z,48,120,83.33,47,LAG_SHRINK,3,0
2026-02-16T12:39:25.950Z,47,124,76.64,46,LAG_SHRINK,1,0
2026-02-16T12:39:26.052Z,50,126,20.57,50,SMART_GROW,0,0
2026-02-16T12:39:26.054Z,50,122,3.00,50,SMART_GROW,0,0
2026-02-16T12:39:26.151Z,50,123,77.69,49,LAG_SHRINK,0,0
2026-02-16T12:39:26.252Z,49,123,82.08,48,LAG_SHRINK,5,0
2026-02-16T12:39:26.352Z,48,127,79.46,47,LAG_SHRINK,1,0
2026-02-16T12:39:26.402Z,50,130,20.18,50,SMART_GROW,0,0
2026-02-16T12:39:26.453Z,50,128,39.57,49,LAG_SHRINK,0,0
2026-02-16T12:39:26.504Z,50,128,20.47,50,SMART_GROW,2,0
2026-02-16T12:39:26.555Z,50,126,2.00,50,SMART_GROW,1,0
2026-02-16T12:39:26.652Z,50,130,81.17,49,LAG_SHRINK,0,0
2026-02-16T12:39:26.702Z,50,134,20.47,50,SMART_GROW,1,0
2026-02-16T12:39:26.752Z,50,133,0.00,50,SMART_GROW,0,0
2026-02-16T12:39:26.803Z,50,135,20.68,50,SMART_GROW,0,0
2026-02-16T12:39:26.854Z,50,135,2.00,50,SMART_GROW,0,0
2026-02-16T12:39:26.905Z,50,138,20.31,50,SMART_GROW,0,0
2026-02-16T12:39:26.955Z,50,138,1.00,50,SMART_GROW,0,0
2026-02-16T12:39:27.051Z,50,135,80.45,49,LAG_SHRINK,3,0
2026-02-16T12:39:27.151Z,49,135,82.80,48,LAG_SHRINK,3,0
2026-02-16T12:39:27.252Z,48,137,80.90,47,LAG_SHRINK,3,0
2026-02-16T12:39:27.350Z,47,137,77.04,46,LAG_SHRINK,2,0
2026-02-16T12:39:27.400Z,50,138,20.54,50,SMART_GROW,0,0
2026-02-16T12:39:27.455Z,50,135,5.00,50,SMART_GROW,0,0
2026-02-16T12:39:27.555Z,50,130,50.00,49,LAG_SHRINK,5,0
2026-02-16T12:39:27.605Z,50,128,19.96,50,SMART_GROW,4,0
2026-02-16T12:39:27.655Z,50,126,36.65,49,LAG_SHRINK,1,0
2026-02-16T12:39:27.750Z,49,127,76.91,48,LAG_SHRINK,1,0
2026-02-16T12:39:27.800Z,50,127,20.77,50,SMART_GROW,0,0
2026-02-16T12:39:27.850Z,50,126,40.29,49,LAG_SHRINK,0,0
2026-02-16T12:39:27.900Z,50,126,20.73,50,SMART_GROW,1,0
2026-02-16T12:39:27.950Z,50,125,38.45,49,LAG_SHRINK,0,0
2026-02-16T12:39:28.051Z,50,128,20.18,50,SMART_GROW,1,0
2026-02-16T12:39:28.051Z,50,125,1.00,50,SMART_GROW,0,0
2026-02-16T12:39:28.102Z,50,128,20.59,50,SMART_GROW,0,0
2026-02-16T12:39:28.152Z,50,128,20.47,50,SMART_GROW,0,0
2026-02-16T12:39:28.202Z,50,125,19.76,50,SMART_GROW,1,0
2026-02-16T12:39:28.252Z,50,125,20.31,50,SMART_GROW,0,0
2026-02-16T12:39:28.303Z,50,128,20.16,50,SMART_GROW,0,0
2026-02-16T12:39:28.353Z,50,128,20.36,50,SMART_GROW,0,0
2026-02-16T12:39:28.405Z,50,128,20.36,50,SMART_GROW,0,0
2026-02-16T12:39:28.455Z,50,128,20.55,50,SMART_GROW,0,0
2026-02-16T12:39:28.554Z,50,124,20.16,50,SMART_GROW,4,0
2026-02-16T12:39:28.655Z,50,127,20.19,50,SMART_GROW,3,0
2026-02-16T12:39:28.755Z,50,126,20.87,50,SMART_GROW,3,0
2026-02-16T12:39:28.858Z,50,120,98.86,49,LAG_SHRINK,2,0
2026-02-16T12:39:28.949Z,50,121,20.24,50,SMART_GROW,1,0
2026-02-16T12:39:28.958Z,50,118,0.00,50,SMART_GROW,0,0
2026-02-16T12:39:29.051Z,50,114,79.72,49,LAG_SHRINK,1,0
2026-02-16T12:39:29.103Z,50,115,20.39,50,SMART_GROW,1,0
2026-02-16T12:39:29.153Z,50,114,20.21,50,SMART_GROW,0,0
2026-02-16T12:39:29.203Z,50,119,20.14,50,SMART_GROW,0,0
2026-02-16T12:39:29.254Z,50,119,20.32,50,SMART_GROW,0,0
2026-02-16T12:39:29.351Z,50,119,77.89,49,LAG_SHRINK,0,0
2026-02-16T12:39:29.452Z,50,119,20.49,50,SMART_GROW,1,0
2026-02-16T12:39:29.454Z,50,108,3.00,50,SMART_GROW,0,0
2026-02-16T12:39:29.552Z,50,115,76.84,49,LAG_SHRINK,1,0
2026-02-16T12:39:29.651Z,49,117,80.84,48,LAG_SHRINK,1,0
2026-02-16T12:39:29.750Z,48,121,79.79,47,LAG_SHRINK,1,0
2026-02-16T12:39:29.852Z,50,123,20.47,50,SMART_GROW,0,0
2026-02-16T12:39:29.853Z,50,115,3.00,50,SMART_GROW,0,0
2026-02-16T12:39:29.953Z,50,123,75.92,49,LAG_SHRINK,1,0
2026-02-16T12:39:30.054Z,49,128,84.05,48,LAG_SHRINK,1,0
2026-02-16T12:39:30.150Z,50,129,20.23,50,SMART_GROW,0,0
2026-02-16T12:39:30.155Z,50,124,1.00,50,SMART_GROW,0,0
2026-02-16T12:39:30.251Z,50,117,46.00,49,LAG_SHRINK,3,0
2026-02-16T12:39:30.350Z,50,113,20.54,50,SMART_GROW,5,0
2026-02-16T12:39:30.461Z,50,110,19.83,50,SMART_GROW,3,0
2026-02-16T12:39:30.553Z,50,117,42.00,49,LAG_SHRINK,3,0
2026-02-16T12:39:30.653Z,49,119,50.00,48,LAG_SHRINK,1,0
2026-02-16T12:39:30.703Z,50,119,20.41,50,SMART_GROW,2,0
2026-02-16T12:39:30.754Z,50,115,38.09,49,LAG_SHRINK,2,0
2026-02-16T12:39:30.804Z,50,115,20.52,50,SMART_GROW,0,0
2026-02-16T12:39:30.854Z,50,117,0.00,50,SMART_GROW,0,0
2026-02-16T12:39:30.905Z,50,122,19.77,50,SMART_GROW,0,0
2026-02-16T12:39:30.955Z,50,122,0.00,50,SMART_GROW,0,0
2026-02-16T12:39:31.007Z,50,123,20.32,50,SMART_GROW,0,0
2026-02-16T12:39:31.057Z,50,123,1.00,50,SMART_GROW,0,0
2026-02-16T12:39:31.151Z,50,123,20.44,50,SMART_GROW,1,0
2026-02-16T12:39:31.250Z,50,129,48.66,49,LAG_SHRINK,1,0
2026-02-16T12:39:31.349Z,50,135,20.44,50,SMART_GROW,1,0
2026-02-16T12:39:31.450Z,50,129,20.13,50,SMART_GROW,3,0
2026-02-16T12:39:31.551Z,50,128,50.52,49,LAG_SHRINK,2,0
2026-02-16T12:39:31.602Z,50,131,20.52,50,SMART_GROW,1,0
2026-02-16T12:39:31.652Z,50,129,20.16,50,SMART_GROW,0,0
2026-02-16T12:39:31.703Z,50,131,20.26,50,SMART_GROW,0,0
2026-02-16T12:39:31.752Z,50,131,20.26,50,SMART_GROW,0,0
2026-02-16T12:39:31.803Z,50,133,20.21,50,SMART_GROW,0,0
2026-02-16T12:39:31.854Z,50,133,20.31,50,SMART_GROW,0,0
2026-02-16T12:39:31.905Z,50,125,20.17,50,SMART_GROW,1,0
2026-02-16T12:39:31.955Z,50,125,20.42,50,SMART_GROW,0,0
2026-02-16T12:39:32.005Z,50,125,19.95,50,SMART_GROW,0,0
2026-02-16T12:39:32.055Z,50,125,20.39,50,SMART_GROW,0,0
2026-02-16T12:39:32.105Z,50,125,20.47,50,SMART_GROW,0,0
2026-02-16T12:39:32.156Z,50,122,20.41,50,SMART_GROW,1,0
2026-02-16T12:39:32.250Z,50,125,90.60,49,LAG_SHRINK,0,0
2026-02-16T12:39:32.351Z,50,127,20.50,50,SMART_GROW,1,0
2026-02-16T12:39:32.353Z,50,122,3.00,50,SMART_GROW,0,0
2026-02-16T12:39:32.452Z,50,129,77.17,49,LAG_SHRINK,1,0
2026-02-16T12:39:32.503Z,50,130,20.41,50,SMART_GROW,1,0
2026-02-16T12:39:32.552Z,50,128,0.00,50,SMART_GROW,0,0
2026-02-16T12:39:32.652Z,50,129,80.64,49,LAG_SHRINK,2,0
2026-02-16T12:39:32.752Z,49,127,81.63,48,LAG_SHRINK,3,0
2026-02-16T12:39:32.802Z,50,126,19.51,50,SMART_GROW,2,0
2026-02-16T12:39:32.852Z,50,123,39.76,49,LAG_SHRINK,1,0
2026-02-16T12:39:32.953Z,49,129,76.71,48,LAG_SHRINK,3,0
2026-02-16T12:39:33.051Z,48,127,82.21,47,LAG_SHRINK,3,0
2026-02-16T12:39:33.102Z,50,126,19.72,50,SMART_GROW,2,0
2026-02-16T12:39:33.150Z,50,122,39.31,49,LAG_SHRINK,1,0
2026-02-16T12:39:33.201Z,50,125,20.39,50,SMART_GROW,1,0
2026-02-16T12:39:33.251Z,50,124,20.23,50,SMART_GROW,0,0
2026-02-16T12:39:33.302Z,50,125,20.30,50,SMART_GROW,0,0
2026-02-16T12:39:33.352Z,50,126,20.52,50,SMART_GROW,0,0
2026-02-16T12:39:33.451Z,50,128,20.37,50,SMART_GROW,2,0
2026-02-16T12:39:33.502Z,50,128,20.14,50,SMART_GROW,1,0
2026-02-16T12:39:33.552Z,50,129,0.00,50,SMART_GROW,0,0
2026-02-16T12:39:33.651Z,50,131,79.33,49,LAG_SHRINK,0,0
2026-02-16T12:39:33.703Z,50,133,20.52,50,SMART_GROW,1,0
2026-02-16T12:39:33.754Z,50,128,1.00,50,SMART_GROW,1,0
2026-02-16T12:39:33.850Z,50,130,80.45,49,LAG_SHRINK,1,0
2026-02-16T12:39:33.950Z,49,134,79.59,48,LAG_SHRINK,1,0
2026-02-16T12:39:34.050Z,50,136,20.36,50,SMART_GROW,0,0
2026-02-16T12:39:34.151Z,50,136,49.92,49,LAG_SHRINK,1,0
2026-02-16T12:39:34.203Z,50,138,20.44,50,SMART_GROW,1,0
2026-02-16T12:39:34.251Z,50,133,0.00,50,SMART_GROW,0,0
2026-02-16T12:39:34.301Z,50,133,20.34,50,SMART_GROW,0,0
2026-02-16T12:39:34.351Z,50,133,38.55,49,LAG_SHRINK,0,0
2026-02-16T12:39:34.401Z,50,134,21.05,50,SMART_GROW,1,0
2026-02-16T12:39:34.451Z,50,133,0.00,50,SMART_GROW,0,0
2026-02-16T12:39:34.553Z,50,127,79.99,49,LAG_SHRINK,3,0
2026-02-16T12:39:34.652Z,49,125,81.17,48,LAG_SHRINK,3,0
2026-02-16T12:39:34.703Z,50,126,20.29,50,SMART_GROW,0,0
2026-02-16T12:39:34.753Z,50,125,38.52,49,LAG_SHRINK,1,0
2026-02-16T12:39:34.804Z,50,127,20.03,50,SMART_GROW,1,0
2026-02-16T12:39:34.854Z,50,125,0.00,50,SMART_GROW,1,0
2026-02-16T12:39:34.951Z,50,121,82.08,49,LAG_SHRINK,1,0
2026-02-16T12:39:35.002Z,50,121,19.47,50,SMART_GROW,1,0
2026-02-16T12:39:35.052Z,50,113,1.00,50,SMART_GROW,1,0
2026-02-16T12:39:35.151Z,50,114,82.67,49,LAG_SHRINK,1,0
2026-02-16T12:39:35.250Z,49,114,79.27,48,LAG_SHRINK,2,0
2026-02-16T12:39:35.350Z,50,118,20.77,50,SMART_GROW,0,0
2026-02-16T12:39:35.400Z,50,118,20.15,50,SMART_GROW,0,0
2026-02-16T12:39:35.450Z,50,118,0.00,50,SMART_GROW,0,0
2026-02-16T12:39:35.557Z,50,117,87.59,49,LAG_SHRINK,1,0
2026-02-16T12:39:35.607Z,50,119,20.36,50,SMART_GROW,0,0
2026-02-16T12:39:35.657Z,50,120,20.34,50,SMART_GROW,0,0
2026-02-16T12:39:35.749Z,50,122,90.01,49,LAG_SHRINK,0,0
2026-02-16T12:39:35.851Z,50,124,20.37,50,SMART_GROW,1,0
2026-02-16T12:39:35.851Z,50,121,1.00,50,SMART_GROW,0,0
2026-02-16T12:39:35.954Z,50,118,53.00,49,LAG_SHRINK,2,0
2026-02-16T12:39:36.052Z,50,122,20.75,50,SMART_GROW,2,0
2026-02-16T12:39:36.150Z,50,121,20.23,50,SMART_GROW,5,0
2026-02-16T12:39:36.251Z,50,119,20.16,50,SMART_GROW,2,0
2026-02-16T12:39:36.351Z,50,116,49.17,49,LAG_SHRINK,1,0
2026-02-16T12:39:36.450Z,49,116,80.71,48,LAG_SHRINK,1,0
2026-02-16T12:39:36.500Z,50,116,20.32,50,SMART_GROW,0,0
2026-02-16T12:39:36.550Z,50,110,1.00,50,SMART_GROW,0,0
2026-02-16T12:39:36.600Z,50,118,20.39,50,SMART_GROW,1,0
2026-02-16T12:39:36.650Z,50,118,0.00,50,SMART_GROW,0,0
2026-02-16T12:39:36.700Z,50,118,20.32,50,SMART_GROW,0,0
2026-02-16T12:39:36.751Z,50,118,1.00,50,SMART_GROW,0,0
2026-02-16T12:39:36.802Z,50,119,20.05,50,SMART_GROW,0,0
2026-02-16T12:39:36.852Z,50,119,20.47,50,SMART_GROW,0,0
2026-02-16T12:39:36.903Z,50,128,20.16,50,SMART_GROW,0,0
2026-02-16T12:39:36.954Z,50,128,20.23,50,SMART_GROW,0,0
2026-02-16T12:39:37.004Z,50,130,20.31,50,SMART_GROW,0,0
2026-02-16T12:39:37.054Z,50,130,20.29,50,SMART_GROW,0,0
2026-02-16T12:39:37.150Z,50,135,79.27,49,LAG_SHRINK,0,0
2026-02-16T12:39:37.201Z,50,138,20.50,50,SMART_GROW,0,0
2026-02-16T12:39:37.251Z,50,138,20.57,50,SMART_GROW,0,0
2026-02-16T12:39:37.351Z,50,132,80.45,49,LAG_SHRINK,2,0
2026-02-16T12:39:37.405Z,50,133,20.44,50,SMART_GROW,1,0
2026-02-16T12:39:37.454Z,50,125,2.00,50,SMART_GROW,1,0
2026-02-16T12:39:37.551Z,50,129,79.20,49,LAG_SHRINK,1,0
2026-02-16T12:39:37.649Z,49,128,77.76,48,LAG_SHRINK,3,0
2026-02-16T12:39:37.699Z,50,128,20.24,50,SMART_GROW,1,0
2026-02-16T12:39:37.753Z,50,126,4.00,50,SMART_GROW,0,0
2026-02-16T12:39:37.803Z,50,124,20.16,50,SMART_GROW,2,0
2026-02-16T12:39:37.853Z,50,124,20.32,50,SMART_GROW,0,0
2026-02-16T12:39:37.903Z,50,124,20.31,50,SMART_GROW,0,0
2026-02-16T12:39:37.954Z,50,124,20.41,50,SMART_GROW,0,0
2026-02-16T12:39:38.005Z,50,124,20.37,50,SMART_GROW,0,0
2026-02-16T12:39:38.055Z,50,124,20.27,50,SMART_GROW,0,0
2026-02-16T12:39:38.105Z,50,124,20.49,50,SMART_GROW,0,0
2026-02-16T12:39:38.155Z,50,124,20.39,50,SMART_GROW,0,0
2026-02-16T12:39:38.206Z,50,124,20.14,50,SMART_GROW,0,0
2026-02-16T12:39:38.256Z,50,124,20.47,50,SMART_GROW,0,0
2026-02-16T12:39:38.350Z,50,134,20.09,50,SMART_GROW,0,0
2026-02-16T12:39:38.400Z,50,136,20.36,50,SMART_GROW,0,0
2026-02-16T12:39:38.450Z,50,142,0.00,50,SMART_GROW,0,0
2026-02-16T12:39:38.550Z,50,144,79.99,49,LAG_SHRINK,0,0
2026-02-16T12:39:38.650Z,50,147,79.27,48,LAG_SHRINK,0,0
2026-02-16T12:39:38.700Z,50,148,21.23,50,SMART_GROW,0,0
2026-02-16T12:39:38.751Z,50,148,20.37,50,SMART_GROW,0,0
2026-02-16T12:39:38.802Z,50,150,20.15,50,SMART_GROW,0,0
2026-02-16T12:39:38.852Z,50,150,20.50,50,SMART_GROW,0,0
2026-02-16T12:39:38.902Z,50,150,19.89,50,SMART_GROW,0,0
2026-02-16T12:39:38.952Z,50,150,20.44,50,SMART_GROW,0,0
2026-02-16T12:39:39.003Z,50,150,20.37,50,SMART_GROW,0,0
2026-02-16T12:39:39.053Z,50,150,20.39,50,SMART_GROW,0,0
2026-02-16T12:39:39.103Z,50,150,20.55,50,SMART_GROW,0,0
2026-02-16T12:39:39.153Z,50,150,20.26,50,SMART_GROW,0,0
2026-02-16T12:39:39.203Z,50,150,20.54,50,SMART_GROW,0,0
2026-02-16T12:39:39.253Z,50,150,20.36,50,SMART_GROW,0,0
2026-02-16T12:39:39.369Z,50,116,108.43,49,LAG_SHRINK,1,0
2026-02-16T12:39:39.419Z,50,116,20.39,50,SMART_GROW,0,0
2026-02-16T12:39:39.470Z,50,116,19.96,50,SMART_GROW,0,0
2026-02-16T12:39:39.521Z,50,116,20.52,50,SMART_GROW,0,0
2026-02-16T12:39:39.571Z,50,113,20.24,50,SMART_GROW,1,0
2026-02-16T12:39:39.650Z,50,112,77.89,49,LAG_SHRINK,1,0
2026-02-16T12:39:39.750Z,50,111,19.51,50,SMART_GROW,2,0
2026-02-16T12:39:39.856Z,50,105,20.77,50,SMART_GROW,4,0
2026-02-16T12:39:39.955Z,50,102,93.42,49,LAG_SHRINK,3,0
2026-02-16T12:39:40.052Z,49,99,83.59,48,LAG_SHRINK,4,0
2026-02-16T12:39:40.103Z,50,99,20.14,50,SMART_GROW,1,0
2026-02-16T12:39:40.153Z,50,95,37.67,49,LAG_SHRINK,2,0
2026-02-16T12:39:40.249Z,49,94,78.09,48,LAG_SHRINK,2,0
2026-02-16T12:39:40.351Z,49,104,81.95,47,LAG_SHRINK,0,0
2026-02-16T12:39:40.449Z,50,128,20.26,50,SMART_GROW,0,0
2026-02-16T12:39:40.451Z,50,127,0.00,50,SMART_GROW,0,0
2026-02-16T12:39:40.552Z,50,124,79.40,49,LAG_SHRINK,3,0
2026-02-16T12:39:40.652Z,49,124,79.40,48,LAG_SHRINK,4,0
2026-02-16T12:39:40.703Z,50,127,19.96,50,SMART_GROW,1,0
2026-02-16T12:39:40.753Z,50,123,40.45,49,LAG_SHRINK,2,0
2026-02-16T12:39:40.852Z,49,126,80.18,48,LAG_SHRINK,2,0
2026-02-16T12:39:40.950Z,48,130,79.33,47,LAG_SHRINK,1,0
2026-02-16T12:39:41.050Z,50,133,20.60,50,SMART_GROW,0,0
2026-02-16T12:39:41.052Z,50,126,2.00,50,SMART_GROW,0,0
2026-02-16T12:39:41.156Z,50,122,84.25,49,LAG_SHRINK,1,0
2026-02-16T12:39:41.252Z,49,124,75.66,48,LAG_SHRINK,2,0
2026-02-16T12:39:41.349Z,48,124,77.43,47,LAG_SHRINK,1,0
2026-02-16T12:39:41.400Z,50,124,20.36,50,SMART_GROW,1,0
2026-02-16T12:39:41.453Z,50,121,41.37,49,LAG_SHRINK,0,0
2026-02-16T12:39:41.503Z,50,123,20.39,50,SMART_GROW,2,0
2026-02-16T12:39:41.554Z,50,121,38.52,49,LAG_SHRINK,1,0
2026-02-16T12:39:41.605Z,50,125,20.26,50,SMART_GROW,0,0
2026-02-16T12:39:41.655Z,50,125,0.00,50,SMART_GROW,0,0
2026-02-16T12:39:41.750Z,50,122,78.68,49,LAG_SHRINK,1,0
2026-02-16T12:39:41.800Z,50,126,19.39,50,SMART_GROW,1,0
2026-02-16T12:39:41.850Z,50,125,0.00,50,SMART_GROW,0,0
2026-02-16T12:39:41.901Z,50,126,20.65,50,SMART_GROW,0,0
2026-02-16T12:39:41.951Z,50,126,0.00,50,SMART_GROW,0,0
2026-02-16T12:39:42.049Z,50,126,19.75,50,SMART_GROW,0,0
2026-02-16T12:39:42.051Z,50,129,0.00,50,SMART_GROW,0,0
2026-02-16T12:39:42.101Z,50,131,20.50,50,SMART_GROW,0,0
2026-02-16T12:39:42.151Z,50,131,20.37,50,SMART_GROW,0,0
2026-02-16T12:39:42.250Z,50,138,48.84,49,LAG_SHRINK,0,0
2026-02-16T12:39:42.359Z,49,120,89.82,48,LAG_SHRINK,2,0
2026-02-16T12:39:42.450Z,49,122,42.00,47,LAG_SHRINK,0,0
2026-02-16T12:39:42.551Z,50,124,19.64,50,SMART_GROW,1,0
2026-02-16T12:39:42.552Z,50,118,2.00,50,SMART_GROW,0,0
2026-02-16T12:39:42.653Z,50,114,51.00,49,LAG_SHRINK,1,0
2026-02-16T12:39:42.751Z,49,117,80.97,48,LAG_SHRINK,3,0
2026-02-16T12:39:42.802Z,50,117,20.26,50,SMART_GROW,0,0
2026-02-16T12:39:42.853Z,50,115,1.00,50,SMART_GROW,1,0
2026-02-16T12:39:42.951Z,50,114,80.31,49,LAG_SHRINK,1,0
2026-02-16T12:39:43.001Z,50,114,20.39,50,SMART_GROW,1,0
2026-02-16T12:39:43.052Z,50,113,1.00,50,SMART_GROW,0,0
2026-02-16T12:39:43.151Z,50,111,81.23,49,LAG_SHRINK,2,0
2026-02-16T12:39:43.202Z,50,111,20.39,50,SMART_GROW,1,0
2026-02-16T12:39:43.252Z,50,109,40.58,49,LAG_SHRINK,1,0
2026-02-16T12:39:43.353Z,49,117,80.45,48,LAG_SHRINK,1,0
2026-02-16T12:39:43.404Z,50,130,20.37,50,SMART_GROW,0,0
2026-02-16T12:39:43.459Z,50,122,6.00,50,SMART_GROW,1,0
2026-02-16T12:39:43.553Z,50,123,44.00,49,LAG_SHRINK,2,0
2026-02-16T12:39:43.652Z,49,128,96.17,48,LAG_SHRINK,2,0
2026-02-16T12:39:43.702Z,50,129,20.42,50,SMART_GROW,2,0
2026-02-16T12:39:43.752Z,50,126,0.00,50,SMART_GROW,1,0
2026-02-16T12:39:43.851Z,50,123,79.79,49,LAG_SHRINK,4,0
2026-02-16T12:39:43.950Z,49,123,81.63,48,LAG_SHRINK,3,0
2026-02-16T12:39:44.001Z,50,123,20.39,50,SMART_GROW,2,0
2026-02-16T12:39:44.051Z,50,120,0.00,50,SMART_GROW,1,0
2026-02-16T12:39:44.150Z,50,119,80.58,49,LAG_SHRINK,2,0
2026-02-16T12:39:44.250Z,49,120,78.74,48,LAG_SHRINK,2,0
2026-02-16T12:39:44.300Z,50,121,19.47,50,SMART_GROW,1,0
2026-02-16T12:39:44.352Z,50,118,41.83,49,LAG_SHRINK,1,0
2026-02-16T12:39:44.451Z,50,118,20.77,50,SMART_GROW,3,0
2026-02-16T12:39:44.551Z,50,123,20.01,50,SMART_GROW,1,0
2026-02-16T12:39:44.649Z,50,124,20.19,50,SMART_GROW,3,0
2026-02-16T12:39:44.752Z,50,122,50.06,49,LAG_SHRINK,4,0
2026-02-16T12:39:44.852Z,49,124,79.33,48,LAG_SHRINK,4,0
2026-02-16T12:39:44.950Z,50,124,20.72,50,SMART_GROW,3,0
2026-02-16T12:39:45.049Z,50,119,19.81,50,SMART_GROW,6,0
2026-02-16T12:39:45.151Z,50,117,48.88,49,LAG_SHRINK,4,0
2026-02-16T12:39:45.250Z,49,118,80.45,48,LAG_SHRINK,3,0
2026-02-16T12:39:45.302Z,50,118,20.39,50,SMART_GROW,2,0
2026-02-16T12:39:45.351Z,50,115,0.00,50,SMART_GROW,1,0
2026-02-16T12:39:45.402Z,50,117,20.70,50,SMART_GROW,1,0
2026-02-16T12:39:45.452Z,50,117,20.29,50,SMART_GROW,0,0
2026-02-16T12:39:45.503Z,50,118,20.60,50,SMART_GROW,1,0
2026-02-16T12:39:45.553Z,50,118,38.22,49,LAG_SHRINK,0,0
2026-02-16T12:39:45.650Z,50,121,20.55,50,SMART_GROW,0,0
2026-02-16T12:39:45.752Z,50,122,50.80,49,LAG_SHRINK,2,0
2026-02-16T12:39:45.802Z,50,126,20.46,50,SMART_GROW,1,0
2026-02-16T12:39:45.852Z,50,124,38.52,49,LAG_SHRINK,1,0
2026-02-16T12:39:45.950Z,50,127,77.50,48,LAG_SHRINK,0,0
2026-02-16T12:39:46.050Z,50,134,20.64,50,SMART_GROW,1,0
2026-02-16T12:39:46.152Z,50,136,49.66,49,LAG_SHRINK,1,0
2026-02-16T12:39:46.250Z,49,139,80.31,48,LAG_SHRINK,1,0
2026-02-16T12:39:46.301Z,50,141,19.49,50,SMART_GROW,0,0
2026-02-16T12:39:46.351Z,50,139,41.07,49,LAG_SHRINK,1,0
2026-02-16T12:39:46.401Z,50,141,20.75,50,SMART_GROW,1,0
2026-02-16T12:39:46.451Z,50,140,0.00,50,SMART_GROW,0,0
2026-02-16T12:39:46.652Z,50,138,182.26,49,LAG_SHRINK,2,0
2026-02-16T12:39:46.749Z,49,138,77.30,48,LAG_SHRINK,2,0
2026-02-16T12:39:46.850Z,50,140,20.36,50,SMART_GROW,0,0
2026-02-16T12:39:46.851Z,50,136,2.00,50,SMART_GROW,0,0
2026-02-16T12:39:46.951Z,50,135,20.41,50,SMART_GROW,2,0
2026-02-16T12:39:47.053Z,50,134,20.08,50,SMART_GROW,2,0
2026-02-16T12:39:47.151Z,50,132,48.93,49,LAG_SHRINK,2,0
2026-02-16T12:39:47.204Z,50,134,20.37,50,SMART_GROW,1,0
2026-02-16T12:39:47.254Z,50,126,2.00,50,SMART_GROW,1,0
2026-02-16T12:39:47.353Z,50,125,82.54,49,LAG_SHRINK,1,0
2026-02-16T12:39:47.452Z,49,124,78.74,48,LAG_SHRINK,3,0
2026-02-16T12:39:47.502Z,50,125,20.26,50,SMART_GROW,1,0
2026-02-16T12:39:47.552Z,50,121,0.00,50,SMART_GROW,2,0
2026-02-16T12:39:47.651Z,50,117,19.95,50,SMART_GROW,4,0
2026-02-16T12:39:47.755Z,50,118,49.91,49,LAG_SHRINK,3,0
2026-02-16T12:39:47.852Z,50,119,20.14,50,SMART_GROW,3,0
2026-02-16T12:39:47.950Z,50,117,48.78,49,LAG_SHRINK,2,0
2026-02-16T12:39:48.048Z,50,120,79.99,48,LAG_SHRINK,0,0
2026-02-16T12:39:48.097Z,50,122,20.32,50,SMART_GROW,0,0
2026-02-16T12:39:48.148Z,50,122,39.11,49,LAG_SHRINK,0,0
2026-02-16T12:39:48.198Z,50,123,20.46,50,SMART_GROW,0,0
2026-02-16T12:39:48.248Z,50,129,1.00,50,SMART_GROW,0,0
2026-02-16T12:39:48.350Z,50,128,82.02,49,LAG_SHRINK,2,0
2026-02-16T12:39:48.449Z,49,133,78.68,48,LAG_SHRINK,1,0
2026-02-16T12:39:48.554Z,50,134,20.24,50,SMART_GROW,1,0
2026-02-16T12:39:48.556Z,50,124,7.00,50,SMART_GROW,0,0
2026-02-16T12:39:48.651Z,50,124,76.12,49,LAG_SHRINK,0,0
2026-02-16T12:39:48.754Z,49,120,53.00,48,LAG_SHRINK,3,0
2026-02-16T12:39:48.849Z,48,122,95.39,47,LAG_SHRINK,1,0
2026-02-16T12:39:48.948Z,47,126,78.87,46,LAG_SHRINK,1,0
2026-02-16T12:39:48.999Z,50,126,20.37,50,SMART_GROW,0,0
2026-02-16T12:39:49.050Z,50,120,2.00,50,SMART_GROW,0,0
2026-02-16T12:39:49.149Z,50,118,49.32,49,LAG_SHRINK,2,0
2026-02-16T12:39:49.199Z,50,118,20.50,50,SMART_GROW,0,0
2026-02-16T12:39:49.249Z,50,118,20.46,50,SMART_GROW,0,0
2026-02-16T12:39:49.300Z,50,119,20.21,50,SMART_GROW,0,0
2026-02-16T12:39:49.350Z,50,119,1.00,50,SMART_GROW,0,0
2026-02-16T12:39:49.448Z,50,121,80.51,49,LAG_SHRINK,0,0
2026-02-16T12:39:49.552Z,50,122,20.19,50,SMART_GROW,1,0
2026-02-16T12:39:49.553Z,50,113,4.00,50,SMART_GROW,0,0
2026-02-16T12:39:49.649Z,50,123,76.45,49,LAG_SHRINK,0,0
2026-02-16T12:39:49.748Z,50,132,78.09,48,LAG_SHRINK,0,0
2026-02-16T12:39:49.799Z,50,135,20.34,50,SMART_GROW,0,0
2026-02-16T12:39:49.849Z,50,135,20.34,50,SMART_GROW,0,0
2026-02-16T12:39:49.960Z,50,123,54.98,49,LAG_SHRINK,1,0
2026-02-16T12:39:50.050Z,49,126,41.00,48,LAG_SHRINK,1,0
2026-02-16T12:39:50.104Z,50,127,20.50,50,SMART_GROW,0,0
2026-02-16T12:39:50.150Z,50,121,0.00,50,SMART_GROW,1,0
2026-02-16T12:39:50.250Z,50,121,80.12,49,LAG_SHRINK,1,0
2026-02-16T12:39:50.349Z,50,118,19.34,50,SMART_GROW,3,0
2026-02-16T12:39:50.449Z,50,115,19.99,50,SMART_GROW,2,0
2026-02-16T12:39:50.552Z,50,112,49.80,49,LAG_SHRINK,6,0
2026-02-16T12:39:50.650Z,49,116,81.69,48,LAG_SHRINK,3,0
2026-02-16T12:39:50.748Z,50,116,19.95,50,SMART_GROW,1,0
2026-02-16T12:39:50.851Z,50,112,20.43,50,SMART_GROW,2,0
2026-02-16T12:39:50.950Z,50,109,49.38,49,LAG_SHRINK,3,0
2026-02-16T12:39:51.049Z,50,122,20.34,50,SMART_GROW,1,0
2026-02-16T12:39:51.052Z,50,115,0.00,50,SMART_GROW,1,0
2026-02-16T12:39:51.150Z,50,119,79.27,49,LAG_SHRINK,1,0
2026-02-16T12:39:51.201Z,50,119,21.29,50,SMART_GROW,2,0
2026-02-16T12:39:51.250Z,50,117,0.00,50,SMART_GROW,0,0
2026-02-16T12:39:51.351Z,50,117,81.82,49,LAG_SHRINK,2,0
2026-02-16T12:39:51.401Z,50,120,20.19,50,SMART_GROW,0,0
2026-02-16T12:39:51.451Z,50,120,20.54,50,SMART_GROW,0,0
2026-02-16T12:39:51.501Z,50,126,20.20,50,SMART_GROW,0,0
2026-02-16T12:39:51.552Z,50,126,1.00,50,SMART_GROW,0,0
2026-02-16T12:39:51.603Z,50,128,20.75,50,SMART_GROW,0,0
2026-02-16T12:39:51.653Z,50,128,0.00,50,SMART_GROW,0,0
2026-02-16T12:39:51.704Z,50,130,21.13,50,SMART_GROW,0,0
2026-02-16T12:39:51.754Z,50,126,37.50,49,LAG_SHRINK,1,0
2026-02-16T12:39:51.805Z,50,128,20.05,50,SMART_GROW,1,0
2026-02-16T12:39:51.855Z,50,125,1.00,50,SMART_GROW,1,0
2026-02-16T12:39:51.951Z,50,125,80.84,49,LAG_SHRINK,2,0
2026-02-16T12:39:52.051Z,49,129,80.38,48,LAG_SHRINK,3,0
2026-02-16T12:39:52.149Z,48,132,80.45,47,LAG_SHRINK,1,0
2026-02-16T12:39:52.199Z,50,135,20.47,50,SMART_GROW,0,0
2026-02-16T12:39:52.250Z,50,133,1.00,50,SMART_GROW,1,0
2026-02-16T12:39:52.348Z,50,129,20.57,50,SMART_GROW,5,0
2026-02-16T12:39:52.449Z,50,129,19.89,50,SMART_GROW,2,0
2026-02-16T12:39:52.550Z,50,126,19.86,50,SMART_GROW,3,0
2026-02-16T12:39:52.650Z,50,125,49.02,49,LAG_SHRINK,1,0
2026-02-16T12:39:52.700Z,50,125,20.68,50,SMART_GROW,1,0
2026-02-16T12:39:52.751Z,50,123,39.93,49,LAG_SHRINK,1,0
2026-02-16T12:39:52.848Z,50,129,19.62,50,SMART_GROW,1,0
2026-02-16T12:39:52.950Z,50,130,49.89,49,LAG_SHRINK,1,0
2026-02-16T12:39:53.049Z,49,133,80.25,48,LAG_SHRINK,1,0
2026-02-16T12:39:53.099Z,50,134,20.47,50,SMART_GROW,0,0
2026-02-16T12:39:53.149Z,50,133,20.37,50,SMART_GROW,0,0
2026-02-16T12:39:53.250Z,50,130,50.22,49,LAG_SHRINK,3,0
2026-02-16T12:39:53.348Z,50,136,19.93,50,SMART_GROW,0,0
2026-02-16T12:39:53.452Z,50,132,51.79,49,LAG_SHRINK,2,0
2026-02-16T12:39:53.548Z,50,134,19.87,50,SMART_GROW,0,0
2026-02-16T12:39:53.599Z,50,136,20.01,50,SMART_GROW,0,0
2026-02-16T12:39:53.649Z,50,136,0.00,50,SMART_GROW,0,0
2026-02-16T12:39:53.750Z,50,129,51.00,49,LAG_SHRINK,1,0
2026-02-16T12:39:53.848Z,49,131,49.00,48,LAG_SHRINK,1,0
2026-02-16T12:39:53.949Z,49,132,80.71,47,LAG_SHRINK,0,0
2026-02-16T12:39:54.050Z,50,133,20.34,50,SMART_GROW,0,0
2026-02-16T12:39:54.052Z,50,126,3.00,50,SMART_GROW,0,0
2026-02-16T12:39:54.150Z,50,124,20.55,50,SMART_GROW,2,0
2026-02-16T12:39:54.250Z,50,124,20.57,50,SMART_GROW,2,0
2026-02-16T12:39:54.348Z,50,124,19.93,50,SMART_GROW,1,0
2026-02-16T12:39:54.451Z,50,122,49.61,49,LAG_SHRINK,4,0
2026-02-16T12:39:54.550Z,49,124,81.95,48,LAG_SHRINK,3,0
2026-02-16T12:39:54.601Z,50,124,20.18,50,SMART_GROW,1,0
2026-02-16T12:39:54.650Z,50,120,0.00,50,SMART_GROW,0,0
2026-02-16T12:39:54.756Z,50,116,56.00,49,LAG_SHRINK,3,0
2026-02-16T12:39:54.849Z,49,116,93.22,48,LAG_SHRINK,1,0
2026-02-16T12:39:54.953Z,48,121,83.33,47,LAG_SHRINK,1,0
2026-02-16T12:39:55.048Z,48,121,45.00,46,LAG_SHRINK,0,0
2026-02-16T12:39:55.169Z,48,126,71.00,45,LAG_SHRINK,0,0
2026-02-16T12:39:55.262Z,50,130,7.33,50,SMART_GROW,1,0
2026-02-16T12:39:55.354Z,50,119,48.00,49,LAG_SHRINK,1,0
2026-02-16T12:39:55.451Z,49,123,94.93,48,LAG_SHRINK,2,0
2026-02-16T12:39:55.550Z,48,122,80.45,47,LAG_SHRINK,4,0
2026-02-16T12:39:55.649Z,47,126,78.28,46,LAG_SHRINK,1,0
2026-02-16T12:39:55.700Z,50,128,20.46,50,SMART_GROW,0,0
2026-02-16T12:39:55.754Z,50,124,4.00,50,SMART_GROW,0,0
2026-02-16T12:39:55.850Z,50,128,47.00,49,LAG_SHRINK,3,0
2026-02-16T12:39:55.963Z,49,129,63.00,48,LAG_SHRINK,1,0
2026-02-16T12:39:56.048Z,50,129,20.38,50,SMART_GROW,1,0
2026-02-16T12:39:56.063Z,50,119,1.00,50,SMART_GROW,1,0
2026-02-16T12:39:56.150Z,50,118,79.72,49,LAG_SHRINK,1,0
2026-02-16T12:39:56.202Z,50,118,20.34,50,SMART_GROW,1,0
2026-02-16T12:39:56.253Z,50,113,3.00,50,SMART_GROW,1,0
2026-02-16T12:39:56.351Z,50,120,82.61,49,LAG_SHRINK,1,0
2026-02-16T12:39:56.402Z,50,123,20.24,50,SMART_GROW,0,0
2026-02-16T12:39:56.452Z,50,123,1.00,50,SMART_GROW,0,0
2026-02-16T12:39:56.502Z,50,126,20.31,50,SMART_GROW,0,0
2026-02-16T12:39:56.552Z,50,126,1.00,50,SMART_GROW,0,0
2026-02-16T12:39:56.603Z,50,128,20.29,50,SMART_GROW,0,0
2026-02-16T12:39:56.653Z,50,128,0.00,50,SMART_GROW,0,0
2026-02-16T12:39:56.749Z,50,129,80.58,49,LAG_SHRINK,0,0
2026-02-16T12:39:56.799Z,50,131,20.39,50,SMART_GROW,0,0
2026-02-16T12:39:56.850Z,50,132,1.00,50,SMART_GROW,0,0
2026-02-16T12:39:56.900Z,50,133,20.26,50,SMART_GROW,0,0
2026-02-16T12:39:56.950Z,50,133,20.42,50,SMART_GROW,0,0
2026-02-16T12:39:57.054Z,50,116,103.12,49,LAG_SHRINK,1,0
2026-02-16T12:39:57.151Z,49,125,76.71,48,LAG_SHRINK,1,0
2026-02-16T12:39:57.252Z,50,126,20.36,50,SMART_GROW,0,0
2026-02-16T12:39:57.253Z,50,115,2.00,50,SMART_GROW,0,0
2026-02-16T12:39:57.351Z,50,117,77.43,49,LAG_SHRINK,1,0
2026-02-16T12:39:57.450Z,49,117,77.56,48,LAG_SHRINK,2,0
2026-02-16T12:39:57.550Z,48,116,82.48,47,LAG_SHRINK,2,0
2026-02-16T12:39:57.648Z,47,116,78.41,46,LAG_SHRINK,1,0
2026-02-16T12:39:57.699Z,50,116,20.46,50,SMART_GROW,0,0
2026-02-16T12:39:57.753Z,50,113,4.00,50,SMART_GROW,0,0
2026-02-16T12:39:57.853Z,50,109,50.00,49,LAG_SHRINK,4,0
2026-02-16T12:39:57.952Z,50,107,20.24,50,SMART_GROW,3,0
2026-02-16T12:39:58.053Z,50,104,19.62,50,SMART_GROW,2,0
2026-02-16T12:39:58.150Z,50,118,48.03,49,LAG_SHRINK,4,0
2026-02-16T12:39:58.249Z,49,124,79.46,48,LAG_SHRINK,1,0
2026-02-16T12:39:58.300Z,50,129,20.37,50,SMART_GROW,0,0
2026-02-16T12:39:58.349Z,50,127,0.00,50,SMART_GROW,0,0
2026-02-16T12:39:58.448Z,50,132,80.58,49,LAG_SHRINK,0,0
2026-02-16T12:39:58.500Z,50,134,20.52,50,SMART_GROW,1,0
2026-02-16T12:39:58.549Z,50,130,1.00,50,SMART_GROW,0,0
2026-02-16T12:39:58.653Z,50,127,82.74,49,LAG_SHRINK,4,0
2026-02-16T12:39:58.749Z,49,126,78.28,48,LAG_SHRINK,2,0
2026-02-16T12:39:58.799Z,50,129,21.31,50,SMART_GROW,1,0
2026-02-16T12:39:58.849Z,50,126,38.49,49,LAG_SHRINK,1,0
2026-02-16T12:39:58.950Z,50,128,20.42,50,SMART_GROW,3,0
2026-02-16T12:39:59.051Z,50,126,20.87,50,SMART_GROW,3,0
2026-02-16T12:39:59.150Z,50,127,48.58,49,LAG_SHRINK,2,0
2026-02-16T12:39:59.200Z,50,129,19.96,50,SMART_GROW,1,0
2026-02-16T12:39:59.250Z,50,128,0.00,50,SMART_GROW,0,0
2026-02-16T12:39:59.351Z,50,127,81.30,49,LAG_SHRINK,2,0
2026-02-16T12:39:59.449Z,50,129,20.78,50,SMART_GROW,1,0
2026-02-16T12:39:59.551Z,50,130,20.32,50,SMART_GROW,2,0
2026-02-16T12:39:59.651Z,50,133,48.72,49,LAG_SHRINK,1,0
2026-02-16T12:39:59.750Z,50,137,19.83,50,SMART_GROW,1,0
2026-02-16T12:39:59.852Z,50,135,49.72,49,LAG_SHRINK,3,0
2026-02-16T12:39:59.948Z,49,138,47.00,48,LAG_SHRINK,1,0
2026-02-16T12:40:00.049Z,48,143,50.31,47,LAG_SHRINK,1,0
2026-02-16T12:40:00.150Z,50,148,20.50,50,SMART_GROW,1,0
2026-02-16T12:40:00.250Z,50,141,48.98,49,LAG_SHRINK,3,0
2026-02-16T12:40:00.349Z,50,139,20.09,50,SMART_GROW,6,0
2026-02-16T12:40:00.453Z,50,133,50.43,49,LAG_SHRINK,7,0
2026-02-16T12:40:00.551Z,49,133,81.17,48,LAG_SHRINK,3,0
2026-02-16T12:40:00.648Z,50,137,20.08,50,SMART_GROW,1,0
2026-02-16T12:40:00.753Z,50,134,50.32,49,LAG_SHRINK,2,0
2026-02-16T12:40:00.850Z,49,135,81.76,48,LAG_SHRINK,3,0
2026-02-16T12:40:00.949Z,48,138,76.64,47,LAG_SHRINK,1,0
2026-02-16T12:40:01.049Z,50,141,20.36,50,SMART_GROW,0,0
2026-02-16T12:40:01.151Z,50,138,20.24,50,SMART_GROW,2,0
2026-02-16T12:40:01.250Z,50,143,48.95,49,LAG_SHRINK,1,0
2026-02-16T12:40:01.349Z,49,149,80.05,48,LAG_SHRINK,1,0
2026-02-16T12:40:01.449Z,49,157,78.94,47,LAG_SHRINK,0,0
2026-02-16T12:40:01.554Z,50,162,20.39,50,SMART_GROW,0,0
2026-02-16T12:40:01.652Z,50,153,20.14,50,SMART_GROW,1,0
2026-02-16T12:40:01.751Z,50,153,49.16,49,LAG_SHRINK,3,0
2026-02-16T12:40:01.851Z,49,155,77.63,48,LAG_SHRINK,2,0
2026-02-16T12:40:01.949Z,50,159,20.13,50,SMART_GROW,1,0
2026-02-16T12:40:02.051Z,50,153,20.26,50,SMART_GROW,3,0
2026-02-16T12:40:02.148Z,50,156,20.13,50,SMART_GROW,0,0
2026-02-16T12:40:02.248Z,50,158,20.48,50,SMART_GROW,0,0
2026-02-16T12:40:02.348Z,50,161,20.11,50,SMART_GROW,0,0
2026-02-16T12:40:02.459Z,50,148,55.23,49,LAG_SHRINK,1,0
2026-02-16T12:40:02.552Z,49,148,72.58,48,LAG_SHRINK,2,0
2026-02-16T12:40:02.650Z,49,159,49.00,47,LAG_SHRINK,0,0
2026-02-16T12:40:02.748Z,50,162,20.37,50,SMART_GROW,1,0
2026-02-16T12:40:02.850Z,50,163,50.24,49,LAG_SHRINK,1,0
2026-02-16T12:40:02.948Z,50,166,20.37,50,SMART_GROW,1,0
2026-02-16T12:40:03.051Z,50,167,49.94,49,LAG_SHRINK,1,0
2026-02-16T12:40:03.156Z,50,170,20.39,50,SMART_GROW,1,0
2026-02-16T12:40:03.254Z,50,152,20.68,50,SMART_GROW,1,0
2026-02-16T12:40:03.353Z,50,148,49.32,49,LAG_SHRINK,1,0
2026-02-16T12:40:03.449Z,49,149,74.22,48,LAG_SHRINK,1,0
2026-02-16T12:40:03.553Z,50,165,20.78,50,SMART_GROW,1,0
2026-02-16T12:40:03.650Z,50,157,48.25,49,LAG_SHRINK,1,0
2026-02-16T12:40:03.750Z,50,156,20.41,50,SMART_GROW,4,0
2026-02-16T12:40:03.851Z,50,155,49.00,49,LAG_SHRINK,2,0
2026-02-16T12:40:03.949Z,50,158,20.49,50,SMART_GROW,1,0
2026-02-16T12:40:04.053Z,50,156,51.15,49,LAG_SHRINK,2,0
2026-02-16T12:40:04.150Z,49,157,78.22,48,LAG_SHRINK,2,0
2026-02-16T12:40:04.251Z,50,169,20.57,50,SMART_GROW,1,0
2026-02-16T12:40:04.350Z,50,172,49.80,49,LAG_SHRINK,0,0
2026-02-16T12:40:04.456Z,49,177,85.88,48,LAG_SHRINK,3,0
2026-02-16T12:40:04.548Z,50,180,19.32,50,SMART_GROW,0,0
2026-02-16T12:40:04.598Z,50,185,20.28,50,SMART_GROW,0,0
2026-02-16T12:40:04.648Z,50,186,0.00,50,SMART_GROW,0,0
2026-02-16T12:40:04.749Z,50,191,20.75,50,SMART_GROW,0,0
2026-02-16T12:40:04.850Z,50,183,18.96,50,SMART_GROW,1,0
2026-02-16T12:40:04.952Z,50,180,51.14,49,LAG_SHRINK,2,0
2026-02-16T12:40:05.051Z,49,177,78.94,48,LAG_SHRINK,4,0
2026-02-16T12:40:05.150Z,48,181,78.61,47,LAG_SHRINK,1,0
2026-02-16T12:40:05.203Z,50,184,20.47,50,SMART_GROW,0,0
2026-02-16T12:40:05.251Z,50,177,1.00,50,SMART_GROW,0,0
2026-02-16T12:40:05.351Z,50,177,83.33,49,LAG_SHRINK,2,0
2026-02-16T12:40:05.454Z,50,180,4.80,50,SMART_GROW,0,0
2026-02-16T12:40:05.549Z,50,179,75.53,49,LAG_SHRINK,1,0
2026-02-16T12:40:05.652Z,50,181,20.59,50,SMART_GROW,1,0
2026-02-16T12:40:05.750Z,50,175,49.03,49,LAG_SHRINK,1,0
2026-02-16T12:40:05.802Z,50,188,20.18,50,SMART_GROW,1,0
2026-02-16T12:40:05.850Z,50,185,0.00,50,SMART_GROW,0,0
2026-02-16T12:40:05.949Z,50,184,80.38,49,LAG_SHRINK,2,0
2026-02-16T12:40:06.000Z,50,194,19.93,50,SMART_GROW,1,0
2026-02-16T12:40:06.050Z,50,191,2.00,50,SMART_GROW,0,0
2026-02-16T12:40:06.153Z,50,190,53.00,49,LAG_SHRINK,3,0
2026-02-16T12:40:06.251Z,50,191,20.56,50,SMART_GROW,1,0
2026-02-16T12:40:06.352Z,50,190,48.78,49,LAG_SHRINK,1,0
2026-02-16T12:40:06.453Z,50,193,20.64,50,SMART_GROW,1,0
2026-02-16T12:40:06.454Z,50,183,2.00,50,SMART_GROW,0,0
2026-02-16T12:40:06.557Z,50,181,82.08,49,LAG_SHRINK,1,0
2026-02-16T12:40:06.652Z,49,181,75.01,48,LAG_SHRINK,2,0
2026-02-16T12:40:06.750Z,48,186,48.00,47,LAG_SHRINK,1,0
2026-02-16T12:40:06.851Z,48,191,50.51,46,LAG_SHRINK,0,0
2026-02-16T12:40:06.950Z,50,195,20.49,50,SMART_GROW,0,0
2026-02-16T12:40:07.050Z,50,183,20.42,50,SMART_GROW,2,0
2026-02-16T12:40:07.149Z,50,186,49.80,49,LAG_SHRINK,3,0
2026-02-16T12:40:07.248Z,49,189,78.02,48,LAG_SHRINK,1,0
2026-02-16T12:40:07.348Z,48,197,79.00,47,LAG_SHRINK,1,0
2026-02-16T12:40:07.400Z,50,200,20.19,50,SMART_GROW,0,0
2026-02-16T12:40:07.450Z,50,201,1.00,50,SMART_GROW,0,0
2026-02-16T12:40:07.548Z,50,206,20.24,50,SMART_GROW,1,0
2026-02-16T12:40:07.648Z,50,213,19.87,50,SMART_GROW,0,0
2026-02-16T12:40:07.697Z,50,215,20.06,50,SMART_GROW,0,0
2026-02-16T12:40:07.748Z,50,216,1.00,50,SMART_GROW,0,0
2026-02-16T12:40:07.850Z,50,201,81.04,49,LAG_SHRINK,2,0
2026-02-16T12:40:07.950Z,50,203,20.39,50,SMART_GROW,1,0
2026-02-16T12:40:08.049Z,50,209,49.40,49,LAG_SHRINK,1,0
2026-02-16T12:40:08.149Z,50,212,20.42,50,SMART_GROW,0,0
2026-02-16T12:40:08.198Z,50,215,20.28,50,SMART_GROW,0,0
2026-02-16T12:40:08.249Z,50,216,20.39,50,SMART_GROW,0,0
2026-02-16T12:40:08.348Z,50,218,20.41,50,SMART_GROW,0,0
2026-02-16T12:40:08.398Z,50,219,20.02,50,SMART_GROW,0,0
2026-02-16T12:40:08.448Z,50,220,0.00,50,SMART_GROW,0,0
2026-02-16T12:40:08.499Z,50,222,20.49,50,SMART_GROW,0,0
2026-02-16T12:40:08.549Z,50,222,0.00,50,SMART_GROW,0,0
2026-02-16T12:40:08.649Z,50,222,20.31,50,SMART_GROW,0,0
2026-02-16T12:40:08.698Z,50,223,20.10,50,SMART_GROW,0,0
2026-02-16T12:40:08.748Z,50,224,0.00,50,SMART_GROW,0,0
2026-02-16T12:40:08.798Z,50,240,19.90,50,SMART_GROW,0,0
2026-02-16T12:40:08.848Z,50,241,0.00,50,SMART_GROW,0,0
2026-02-16T12:40:08.949Z,50,242,20.29,50,SMART_GROW,0,0
2026-02-16T12:40:09.056Z,50,215,53.65,49,LAG_SHRINK,1,0
2026-02-16T12:40:09.150Z,49,216,44.00,48,LAG_SHRINK,1,0
2026-02-16T12:40:09.257Z,50,217,20.41,50,SMART_GROW,1,0
2026-02-16T12:40:09.354Z,50,197,47.87,49,LAG_SHRINK,1,0
2026-02-16T12:40:09.450Z,49,198,76.05,48,LAG_SHRINK,1,0
2026-02-16T12:40:09.555Z,50,200,20.41,50,SMART_GROW,1,0
2026-02-16T12:40:09.650Z,50,189,94.67,49,LAG_SHRINK,0,0
2026-02-16T12:40:09.749Z,50,183,20.52,50,SMART_GROW,2,0
2026-02-16T12:40:09.852Z,50,177,50.93,49,LAG_SHRINK,3,0
2026-02-16T12:40:09.949Z,49,176,75.79,48,LAG_SHRINK,2,0
2026-02-16T12:40:10.049Z,48,177,80.05,47,LAG_SHRINK,1,0
2026-02-16T12:40:10.148Z,48,211,79.72,46,LAG_SHRINK,0,0
2026-02-16T12:40:10.250Z,50,214,20.28,50,SMART_GROW,0,0
2026-02-16T12:40:10.354Z,50,214,20.05,50,SMART_GROW,3,0
2026-02-16T12:40:10.451Z,50,215,47.57,49,LAG_SHRINK,6,0
2026-02-16T12:40:10.550Z,49,215,79.86,48,LAG_SHRINK,4,0
2026-02-16T12:40:10.650Z,48,224,81.04,47,LAG_SHRINK,2,0
2026-02-16T12:40:10.748Z,48,225,48.00,46,LAG_SHRINK,0,0
2026-02-16T12:40:10.799Z,50,239,19.90,50,SMART_GROW,1,0
2026-02-16T12:40:10.854Z,50,230,7.00,50,SMART_GROW,0,0
2026-02-16T12:40:10.949Z,50,232,45.00,49,LAG_SHRINK,3,0
2026-02-16T12:40:11.048Z,49,234,49.75,48,LAG_SHRINK,1,0
2026-02-16T12:40:11.149Z,50,236,20.16,50,SMART_GROW,0,0
2026-02-16T12:40:11.150Z,50,227,1.00,50,SMART_GROW,0,0
2026-02-16T12:40:11.251Z,50,224,20.49,50,SMART_GROW,2,0
2026-02-16T12:40:11.351Z,50,228,49.76,49,LAG_SHRINK,1,0
2026-02-16T12:40:11.449Z,50,235,77.56,48,LAG_SHRINK,0,0
2026-02-16T12:40:11.548Z,50,241,20.54,50,SMART_GROW,0,0
2026-02-16T12:40:11.598Z,50,245,20.07,50,SMART_GROW,0,0
2026-02-16T12:40:11.649Z,50,246,20.28,50,SMART_GROW,0,0
2026-02-16T12:40:11.748Z,50,246,19.96,50,SMART_GROW,0,0
2026-02-16T12:40:11.859Z,50,248,20.13,50,SMART_GROW,0,0
2026-02-16T12:40:11.948Z,50,259,44.40,49,LAG_SHRINK,0,0
2026-02-16T12:40:11.998Z,50,260,20.26,50,SMART_GROW,0,0
2026-02-16T12:40:12.049Z,50,261,1.00,50,SMART_GROW,0,0
2026-02-16T12:40:12.151Z,50,232,83.33,49,LAG_SHRINK,1,0
2026-02-16T12:40:12.248Z,50,244,19.91,50,SMART_GROW,0,0
2026-02-16T12:40:12.349Z,50,248,50.46,49,LAG_SHRINK,0,0
2026-02-16T12:40:12.449Z,50,252,20.34,50,SMART_GROW,0,0
2026-02-16T12:40:12.498Z,50,253,20.16,50,SMART_GROW,0,0
2026-02-16T12:40:12.548Z,50,254,0.00,50,SMART_GROW,0,0
2026-02-16T12:40:12.666Z,50,224,97.16,49,LAG_SHRINK,1,0
2026-02-16T12:40:12.750Z,49,225,63.98,48,LAG_SHRINK,1,0
2026-02-16T12:40:12.848Z,50,227,20.57,50,SMART_GROW,1,0
2026-02-16T12:40:12.850Z,50,221,1.00,50,SMART_GROW,0,0
2026-02-16T12:40:12.951Z,50,218,20.18,50,SMART_GROW,3,0
2026-02-16T12:40:13.053Z,50,211,50.97,49,LAG_SHRINK,1,0
2026-02-16T12:40:13.151Z,50,241,77.89,48,LAG_SHRINK,0,0
2026-02-16T12:40:13.202Z,50,243,20.13,50,SMART_GROW,0,0
2026-02-16T12:40:13.253Z,50,243,20.14,50,SMART_GROW,0,0
2026-02-16T12:40:13.348Z,50,244,20.21,50,SMART_GROW,0,0
2026-02-16T12:40:13.399Z,50,244,20.41,50,SMART_GROW,0,0
2026-02-16T12:40:13.448Z,50,245,0.00,50,SMART_GROW,0,0
2026-02-16T12:40:13.498Z,50,245,20.41,50,SMART_GROW,0,0
2026-02-16T12:40:13.548Z,50,246,0.00,50,SMART_GROW,0,0
2026-02-16T12:40:13.651Z,50,240,53.00,49,LAG_SHRINK,1,0
2026-02-16T12:40:13.751Z,49,261,49.75,48,LAG_SHRINK,3,0
2026-02-16T12:40:13.859Z,50,268,19.91,50,SMART_GROW,1,0
2026-02-16T12:40:13.949Z,50,251,21.73,50,SMART_GROW,2,0
2026-02-16T12:40:14.051Z,50,253,49.07,49,LAG_SHRINK,2,0
2026-02-16T12:40:14.149Z,50,261,20.26,50,SMART_GROW,1,0
2026-02-16T12:40:14.250Z,50,258,20.46,50,SMART_GROW,1,0
2026-02-16T12:40:14.350Z,50,257,50.13,49,LAG_SHRINK,2,0
2026-02-16T12:40:14.448Z,50,259,19.93,50,SMART_GROW,1,0
2026-02-16T12:40:14.552Z,50,256,20.93,50,SMART_GROW,2,0
2026-02-16T12:40:14.651Z,50,270,48.29,49,LAG_SHRINK,1,0
2026-02-16T12:40:14.749Z,50,274,20.68,50,SMART_GROW,1,0
2026-02-16T12:40:14.848Z,50,272,49.64,49,LAG_SHRINK,1,0
2026-02-16T12:40:14.951Z,49,292,53.00,48,LAG_SHRINK,1,0
2026-02-16T12:40:15.049Z,49,296,48.70,47,LAG_SHRINK,0,0
2026-02-16T12:40:15.250Z,50,298,20.34,50,SMART_GROW,1,0
2026-02-16T12:40:15.253Z,50,263,54.00,49,LAG_SHRINK,0,0
2026-02-16T12:40:15.348Z,50,269,20.16,50,SMART_GROW,0,0
2026-02-16T12:40:15.397Z,50,271,20.00,50,SMART_GROW,0,0
2026-02-16T12:40:15.448Z,50,272,1.00,50,SMART_GROW,0,0
2026-02-16T12:40:15.498Z,50,251,20.23,50,SMART_GROW,1,0
2026-02-16T12:40:15.549Z,50,251,1.00,50,SMART_GROW,0,0
2026-02-16T12:40:15.649Z,50,253,81.17,49,LAG_SHRINK,0,0
2026-02-16T12:40:15.699Z,50,256,20.29,50,SMART_GROW,0,0
2026-02-16T12:40:15.749Z,50,256,0.00,50,SMART_GROW,0,0
2026-02-16T12:40:15.849Z,50,257,20.24,50,SMART_GROW,0,0
2026-02-16T12:40:15.899Z,50,258,20.05,50,SMART_GROW,0,0
2026-02-16T12:40:15.949Z,50,259,0.00,50,SMART_GROW,0,0
2026-02-16T12:40:16.057Z,50,227,58.00,49,LAG_SHRINK,1,0
2026-02-16T12:40:16.149Z,50,229,70.55,48,LAG_SHRINK,0,0
2026-02-16T12:40:16.248Z,50,261,20.32,50,SMART_GROW,0,0
2026-02-16T12:40:16.350Z,50,252,50.55,49,LAG_SHRINK,1,0
2026-02-16T12:40:16.453Z,50,253,20.41,50,SMART_GROW,1,0
2026-02-16T12:40:16.548Z,50,270,20.05,50,SMART_GROW,0,0
2026-02-16T12:40:16.599Z,50,272,20.36,50,SMART_GROW,0,0
2026-02-16T12:40:16.649Z,50,272,20.28,50,SMART_GROW,0,0
2026-02-16T12:40:16.699Z,50,273,20.23,50,SMART_GROW,0,0
2026-02-16T12:40:16.749Z,50,273,20.32,50,SMART_GROW,0,0
2026-02-16T12:40:16.849Z,50,258,48.07,49,LAG_SHRINK,2,0
2026-02-16T12:40:16.949Z,50,249,20.05,50,SMART_GROW,3,0
2026-02-16T12:40:17.050Z,50,268,49.53,49,LAG_SHRINK,2,0
2026-02-16T12:40:17.101Z,50,282,20.31,50,SMART_GROW,1,0
2026-02-16T12:40:17.152Z,50,280,1.00,50,SMART_GROW,1,0
2026-02-16T12:40:17.250Z,50,272,82.35,49,LAG_SHRINK,1,0
2026-02-16T12:40:17.352Z,50,280,19.91,50,SMART_GROW,3,0
2026-02-16T12:40:17.449Z,50,278,47.82,49,LAG_SHRINK,1,0
2026-02-16T12:40:17.549Z,49,283,79.99,48,LAG_SHRINK,3,0
2026-02-16T12:40:17.648Z,48,284,79.66,47,LAG_SHRINK,1,0
2026-02-16T12:40:17.749Z,50,285,20.44,50,SMART_GROW,0,0
2026-02-16T12:40:17.851Z,50,296,19.84,50,SMART_GROW,2,0
2026-02-16T12:40:17.949Z,50,307,48.75,49,LAG_SHRINK,1,0
2026-02-16T12:40:17.998Z,50,312,19.60,50,SMART_GROW,1,0
2026-02-16T12:40:18.047Z,50,311,0.00,50,SMART_GROW,0,0
2026-02-16T12:40:18.152Z,50,304,85.56,49,LAG_SHRINK,2,0
2026-02-16T12:40:18.249Z,49,312,76.91,48,LAG_SHRINK,1,0
2026-02-16T12:40:18.366Z,50,319,20.68,50,SMART_GROW,0,0
2026-02-16T12:40:18.451Z,50,299,56.00,49,LAG_SHRINK,0,0
2026-02-16T12:40:18.548Z,49,305,95.06,48,LAG_SHRINK,2,0
2026-02-16T12:40:18.646Z,50,308,20.72,50,SMART_GROW,1,0
2026-02-16T12:40:18.648Z,50,298,0.00,50,SMART_GROW,0,0
2026-02-16T12:40:18.751Z,50,276,83.33,49,LAG_SHRINK,1,0
2026-02-16T12:40:18.850Z,49,278,78.48,48,LAG_SHRINK,1,0
2026-02-16T12:40:18.951Z,50,282,19.72,50,SMART_GROW,0,0
2026-02-16T12:40:19.049Z,50,271,48.44,49,LAG_SHRINK,1,0
2026-02-16T12:40:19.149Z,49,264,78.22,48,LAG_SHRINK,2,0
2026-02-16T12:40:19.246Z,48,272,76.84,47,LAG_SHRINK,1,0
2026-02-16T12:40:19.297Z,50,274,20.78,50,SMART_GROW,0,0
2026-02-16T12:40:19.349Z,50,272,3.00,50,SMART_GROW,0,0
2026-02-16T12:40:19.450Z,50,290,84.84,49,LAG_SHRINK,4,0
2026-02-16T12:40:19.548Z,49,293,48.00,48,LAG_SHRINK,1,0
2026-02-16T12:40:19.651Z,50,295,20.23,50,SMART_GROW,1,0
2026-02-16T12:40:19.751Z,50,296,49.30,49,LAG_SHRINK,1,0
2026-02-16T12:40:19.850Z,49,310,50.00,48,LAG_SHRINK,3,0
2026-02-16T12:40:19.948Z,48,294,48.00,47,LAG_SHRINK,2,0
2026-02-16T12:40:20.049Z,50,305,20.06,50,SMART_GROW,1,0
2026-02-16T12:40:20.147Z,50,300,48.79,49,LAG_SHRINK,1,0
2026-02-16T12:40:20.197Z,50,311,19.55,50,SMART_GROW,2,0
2026-02-16T12:40:20.247Z,50,310,0.00,50,SMART_GROW,0,0
2026-02-16T12:40:20.346Z,50,310,20.24,50,SMART_GROW,1,0
2026-02-16T12:40:20.445Z,50,314,20.23,50,SMART_GROW,0,0
2026-02-16T12:40:20.495Z,50,317,20.12,50,SMART_GROW,0,0
2026-02-16T12:40:20.545Z,50,317,21.42,50,SMART_GROW,0,0
2026-02-16T12:40:20.645Z,50,319,20.13,50,SMART_GROW,0,0
2026-02-16T12:40:20.695Z,50,323,19.68,50,SMART_GROW,1,0
2026-02-16T12:40:20.747Z,50,320,2.00,50,SMART_GROW,1,0
2026-02-16T12:40:20.847Z,50,322,19.65,50,SMART_GROW,2,0
2026-02-16T12:40:20.947Z,50,341,49.17,49,LAG_SHRINK,1,0
2026-02-16T12:40:20.997Z,50,345,20.44,50,SMART_GROW,1,0
2026-02-16T12:40:21.046Z,50,344,0.00,50,SMART_GROW,0,0
2026-02-16T12:40:21.148Z,50,346,20.85,50,SMART_GROW,3,0
2026-02-16T12:40:21.255Z,50,327,53.21,49,LAG_SHRINK,1,0
2026-02-16T12:40:21.357Z,49,317,53.00,48,LAG_SHRINK,2,0
2026-02-16T12:40:21.448Z,48,318,41.00,47,LAG_SHRINK,1,0
2026-02-16T12:40:21.561Z,50,320,20.31,50,SMART_GROW,0,0
2026-02-16T12:40:21.648Z,50,294,53.00,49,LAG_SHRINK,0,0
2026-02-16T12:40:21.746Z,50,303,20.42,50,SMART_GROW,1,0
2026-02-16T12:40:21.845Z,50,307,20.17,50,SMART_GROW,0,0
2026-02-16T12:40:21.946Z,50,306,20.74,50,SMART_GROW,4,0
2026-02-16T12:40:22.062Z,50,289,57.37,49,LAG_SHRINK,2,0
2026-02-16T12:40:22.147Z,49,292,35.00,48,LAG_SHRINK,1,0
2026-02-16T12:40:22.246Z,48,290,49.30,47,LAG_SHRINK,2,0
2026-02-16T12:40:22.351Z,50,304,20.39,50,SMART_GROW,1,0
2026-02-16T12:40:22.352Z,50,289,6.00,50,SMART_GROW,0,0
2026-02-16T12:40:22.448Z,50,301,75.20,49,LAG_SHRINK,1,0
2026-02-16T12:40:22.499Z,50,304,20.31,50,SMART_GROW,0,0
2026-02-16T12:40:22.550Z,50,304,1.00,50,SMART_GROW,0,0
2026-02-16T12:40:22.600Z,50,329,20.46,50,SMART_GROW,0,0
2026-02-16T12:40:22.652Z,50,329,2.00,50,SMART_GROW,0,0
2026-02-16T12:40:22.748Z,50,321,82.94,49,LAG_SHRINK,2,0
2026-02-16T12:40:22.846Z,49,323,76.84,48,LAG_SHRINK,1,0
2026-02-16T12:40:22.963Z,50,328,20.47,50,SMART_GROW,0,0
2026-02-16T12:40:23.051Z,50,299,20.31,50,SMART_GROW,1,0
2026-02-16T12:40:23.148Z,50,318,48.22,49,LAG_SHRINK,1,0
2026-02-16T12:40:23.246Z,49,334,77.37,48,LAG_SHRINK,1,0
2026-02-16T12:40:23.353Z,50,336,20.50,50,SMART_GROW,0,0
2026-02-16T12:40:23.354Z,50,322,8.00,50,SMART_GROW,0,0
2026-02-16T12:40:23.448Z,50,334,73.17,49,LAG_SHRINK,1,0
2026-02-16T12:40:23.546Z,49,336,78.15,48,LAG_SHRINK,1,0
2026-02-16T12:40:23.650Z,50,337,20.39,50,SMART_GROW,0,0
2026-02-16T12:40:23.651Z,50,326,5.00,50,SMART_GROW,0,0
2026-02-16T12:40:23.747Z,50,333,76.78,49,LAG_SHRINK,1,0
2026-02-16T12:40:23.846Z,50,336,20.73,50,SMART_GROW,2,0
2026-02-16T12:40:23.949Z,50,331,51.28,49,LAG_SHRINK,2,0
2026-02-16T12:40:24.046Z,49,356,76.25,48,LAG_SHRINK,1,0
2026-02-16T12:40:24.146Z,50,363,20.44,50,SMART_GROW,0,0
2026-02-16T12:40:24.146Z,50,360,0.00,50,SMART_GROW,0,0
2026-02-16T12:40:24.246Z,50,363,80.25,49,LAG_SHRINK,0,0
2026-02-16T12:40:24.296Z,50,364,20.52,50,SMART_GROW,0,0
2026-02-16T12:40:24.346Z,50,367,0.00,50,SMART_GROW,0,0
2026-02-16T12:40:24.448Z,50,349,52.00,49,LAG_SHRINK,1,0
2026-02-16T12:40:24.549Z,49,361,51.00,48,LAG_SHRINK,1,0
2026-02-16T12:40:24.646Z,48,363,96.17,47,LAG_SHRINK,1,0
2026-02-16T12:40:24.746Z,47,375,50.00,46,LAG_SHRINK,1,0
2026-02-16T12:40:24.951Z,50,379,20.95,50,SMART_GROW,0,0
2026-02-16T12:40:24.954Z,50,326,108.00,49,LAG_SHRINK,0,0
2026-02-16T12:40:25.048Z,50,332,44.00,48,LAG_SHRINK,0,0
2026-02-16T12:40:25.146Z,48,322,77.89,47,LAG_SHRINK,3,0
2026-02-16T12:40:25.255Z,50,324,20.60,50,SMART_GROW,0,0
2026-02-16T12:40:25.349Z,50,310,20.03,50,SMART_GROW,1,0
2026-02-16T12:40:25.446Z,50,325,48.36,49,LAG_SHRINK,1,0
2026-02-16T12:40:25.496Z,50,330,20.62,50,SMART_GROW,0,0
2026-02-16T12:40:25.546Z,50,331,0.00,50,SMART_GROW,0,0
2026-02-16T12:40:25.597Z,50,332,20.65,50,SMART_GROW,0,0
2026-02-16T12:40:25.647Z,50,333,0.00,50,SMART_GROW,0,0
2026-02-16T12:40:25.746Z,50,335,20.59,50,SMART_GROW,0,0
2026-02-16T12:40:25.850Z,50,312,51.97,49,LAG_SHRINK,1,0
2026-02-16T12:40:25.947Z,49,334,47.00,48,LAG_SHRINK,1,0
2026-02-16T12:40:26.047Z,48,340,81.23,47,LAG_SHRINK,4,0
2026-02-16T12:40:26.148Z,47,351,81.89,46,LAG_SHRINK,3,0
2026-02-16T12:40:26.199Z,50,353,19.32,50,SMART_GROW,1,0
2026-02-16T12:40:26.252Z,50,347,5.00,50,SMART_GROW,0,0
2026-02-16T12:40:26.352Z,50,355,50.00,49,LAG_SHRINK,4,0
2026-02-16T12:40:26.447Z,49,357,95.06,48,LAG_SHRINK,1,0
2026-02-16T12:40:26.497Z,50,360,20.37,50,SMART_GROW,1,0
2026-02-16T12:40:26.549Z,50,359,2.00,50,SMART_GROW,0,0
2026-02-16T12:40:26.647Z,50,357,81.63,49,LAG_SHRINK,2,0
2026-02-16T12:40:26.747Z,50,358,20.08,50,SMART_GROW,1,0
2026-02-16T12:40:26.846Z,50,355,49.16,49,LAG_SHRINK,1,0
2026-02-16T12:40:26.896Z,50,376,20.36,50,SMART_GROW,0,0
2026-02-16T12:40:26.946Z,50,377,0.00,50,SMART_GROW,0,0
2026-02-16T12:40:26.996Z,50,402,20.57,50,SMART_GROW,0,0
2026-02-16T12:40:27.045Z,50,403,0.00,50,SMART_GROW,0,0
2026-02-16T12:40:27.096Z,50,408,20.46,50,SMART_GROW,0,0
2026-02-16T12:40:27.146Z,50,409,0.00,50,SMART_GROW,0,0
2026-02-16T12:40:27.246Z,50,413,20.32,50,SMART_GROW,0,0
2026-02-16T12:40:27.346Z,50,382,20.30,50,SMART_GROW,2,0
2026-02-16T12:40:27.453Z,50,372,100.50,49,LAG_SHRINK,2,0
2026-02-16T12:40:27.546Z,49,372,43.00,48,LAG_SHRINK,2,0
2026-02-16T12:40:27.646Z,48,374,80.90,47,LAG_SHRINK,1,0
2026-02-16T12:40:27.765Z,50,377,20.05,50,SMART_GROW,0,0
2026-02-16T12:40:27.865Z,50,357,69.00,49,LAG_SHRINK,0,0
2026-02-16T12:40:27.947Z,49,353,40.74,48,LAG_SHRINK,3,0
2026-02-16T12:40:28.048Z,50,350,20.42,50,SMART_GROW,3,0
2026-02-16T12:40:28.154Z,50,331,53.02,49,LAG_SHRINK,2,0
2026-02-16T12:40:28.262Z,49,316,58.00,48,LAG_SHRINK,2,0
2026-02-16T12:40:28.348Z,48,352,36.00,47,LAG_SHRINK,1,0
2026-02-16T12:40:28.456Z,50,364,20.54,50,SMART_GROW,1,0
2026-02-16T12:40:28.550Z,50,354,93.49,49,LAG_SHRINK,0,0
2026-02-16T12:40:28.649Z,49,354,49.00,48,LAG_SHRINK,3,0
2026-02-16T12:40:28.749Z,48,354,49.75,47,LAG_SHRINK,2,0
2026-02-16T12:40:28.856Z,47,370,88.05,46,LAG_SHRINK,2,0
2026-02-16T12:40:28.946Z,47,375,40.00,45,LAG_SHRINK,0,0
2026-02-16T12:40:29.065Z,50,382,20.49,50,SMART_GROW,0,0
2026-02-16T12:40:29.149Z,50,361,82.74,49,LAG_SHRINK,0,0
2026-02-16T12:40:29.246Z,50,371,20.50,50,SMART_GROW,2,0
2026-02-16T12:40:29.348Z,50,383,20.64,50,SMART_GROW,2,0
2026-02-16T12:40:29.399Z,50,384,20.14,50,SMART_GROW,0,0
2026-02-16T12:40:29.449Z,50,384,20.31,50,SMART_GROW,0,0
2026-02-16T12:40:29.546Z,50,385,47.00,49,LAG_SHRINK,1,0
2026-02-16T12:40:29.645Z,49,385,49.43,48,LAG_SHRINK,2,0
2026-02-16T12:40:29.748Z,50,387,20.24,50,SMART_GROW,0,0
2026-02-16T12:40:29.750Z,50,377,4.00,50,SMART_GROW,0,0
2026-02-16T12:40:29.851Z,50,372,82.41,49,LAG_SHRINK,1,0
2026-02-16T12:40:29.948Z,49,383,76.45,48,LAG_SHRINK,1,0
2026-02-16T12:40:29.999Z,50,383,20.13,50,SMART_GROW,0,0
2026-02-16T12:40:30.048Z,50,376,0.00,50,SMART_GROW,1,0
2026-02-16T12:40:30.149Z,50,397,20.14,50,SMART_GROW,2,0
2026-02-16T12:40:30.199Z,50,405,19.82,50,SMART_GROW,0,0
2026-02-16T12:40:30.250Z,50,405,20.23,50,SMART_GROW,0,0
2026-02-16T12:40:30.300Z,50,406,20.18,50,SMART_GROW,0,0
2026-02-16T12:40:30.351Z,50,409,1.00,50,SMART_GROW,0,0
2026-02-16T12:40:30.401Z,50,409,20.32,50,SMART_GROW,0,0
2026-02-16T12:40:30.451Z,50,409,0.00,50,SMART_GROW,0,0
2026-02-16T12:40:30.501Z,50,421,20.37,50,SMART_GROW,0,0
2026-02-16T12:40:30.552Z,50,421,20.24,50,SMART_GROW,0,0
2026-02-16T12:40:30.651Z,50,396,49.00,49,LAG_SHRINK,1,0
2026-02-16T12:40:30.748Z,50,400,47.00,48,LAG_SHRINK,0,0
2026-02-16T12:40:30.800Z,50,409,20.64,50,SMART_GROW,1,0
2026-02-16T12:40:30.851Z,50,404,2.00,50,SMART_GROW,1,0
2026-02-16T12:40:30.950Z,50,391,49.00,49,LAG_SHRINK,1,0
2026-02-16T12:40:31.047Z,49,397,76.84,48,LAG_SHRINK,1,0
2026-02-16T12:40:31.160Z,48,351,92.50,47,LAG_SHRINK,2,0
2026-02-16T12:40:31.249Z,47,354,39.00,46,LAG_SHRINK,1,0
2026-02-16T12:40:31.354Z,50,354,20.41,50,SMART_GROW,0,0
2026-02-16T12:40:31.358Z,50,337,9.00,50,SMART_GROW,0,0
2026-02-16T12:40:31.450Z,50,334,42.00,49,LAG_SHRINK,3,0
2026-02-16T12:40:31.549Z,50,331,20.05,50,SMART_GROW,4,0
2026-02-16T12:40:31.650Z,50,344,19.80,50,SMART_GROW,2,0
2026-02-16T12:40:31.755Z,50,348,20.16,50,SMART_GROW,5,0
2026-02-16T12:40:31.854Z,50,349,92.70,49,LAG_SHRINK,3,0
2026-02-16T12:40:32.059Z,49,312,155.00,48,LAG_SHRINK,3,0
2026-02-16T12:40:32.149Z,48,364,40.00,47,LAG_SHRINK,1,0
2026-02-16T12:40:32.251Z,50,371,19.95,50,SMART_GROW,2,0
2026-02-16T12:40:32.349Z,50,367,48.74,49,LAG_SHRINK,2,0
2026-02-16T12:40:32.400Z,50,377,19.55,50,SMART_GROW,2,0
2026-02-16T12:40:32.450Z,50,375,1.00,50,SMART_GROW,1,0
2026-02-16T12:40:32.546Z,50,378,80.77,49,LAG_SHRINK,1,0
2026-02-16T12:40:32.647Z,49,380,79.07,48,LAG_SHRINK,2,0
2026-02-16T12:40:32.699Z,50,384,20.34,50,SMART_GROW,1,0
2026-02-16T12:40:32.749Z,50,380,2.00,50,SMART_GROW,0,0
2026-02-16T12:40:32.848Z,50,382,82.28,49,LAG_SHRINK,2,0
2026-02-16T12:40:32.946Z,50,381,20.29,50,SMART_GROW,2,0
2026-02-16T12:40:32.996Z,50,403,20.05,50,SMART_GROW,0,0
2026-02-16T12:40:33.047Z,50,403,1.00,50,SMART_GROW,0,0
2026-02-16T12:40:33.098Z,50,416,20.00,50,SMART_GROW,0,0
2026-02-16T12:40:33.149Z,50,416,1.00,50,SMART_GROW,0,0
2026-02-16T12:40:33.200Z,50,427,20.34,50,SMART_GROW,0,0
2026-02-16T12:40:33.250Z,50,427,20.25,50,SMART_GROW,0,0
2026-02-16T12:40:33.300Z,50,431,20.41,50,SMART_GROW,0,0
2026-02-16T12:40:33.350Z,50,431,20.32,50,SMART_GROW,0,0
2026-02-16T12:40:33.400Z,50,435,19.83,50,SMART_GROW,0,0
2026-02-16T12:40:33.450Z,50,435,0.00,50,SMART_GROW,0,0
2026-02-16T12:40:33.501Z,50,436,20.44,50,SMART_GROW,0,0
2026-02-16T12:40:33.551Z,50,437,1.00,50,SMART_GROW,0,0
2026-02-16T12:40:33.645Z,50,439,79.20,49,LAG_SHRINK,0,0
2026-02-16T12:40:33.695Z,50,440,20.42,50,SMART_GROW,0,0
2026-02-16T12:40:33.745Z,50,442,20.23,50,SMART_GROW,0,0
2026-02-16T12:40:33.795Z,50,444,20.66,50,SMART_GROW,0,0
2026-02-16T12:40:33.846Z,50,444,36.45,49,LAG_SHRINK,0,0
2026-02-16T12:40:33.895Z,50,450,20.36,50,SMART_GROW,0,0
2026-02-16T12:40:33.946Z,50,450,40.42,49,LAG_SHRINK,0,0
2026-02-16T12:40:33.995Z,50,450,20.28,50,SMART_GROW,0,0
2026-02-16T12:40:34.045Z,50,450,20.23,50,SMART_GROW,0,0
2026-02-16T12:40:34.096Z,50,450,20.38,50,SMART_GROW,0,0
2026-02-16T12:40:34.146Z,50,450,20.54,50,SMART_GROW,0,0
2026-02-16T12:40:34.196Z,50,450,20.36,50,SMART_GROW,0,0
2026-02-16T12:40:34.246Z,50,450,20.21,50,SMART_GROW,0,0
2026-02-16T12:40:34.345Z,50,450,20.30,50,SMART_GROW,0,0
2026-02-16T12:40:34.758Z,50,310,363.00,49,LAG_SHRINK,1,0
2026-02-16T12:40:34.855Z,49,291,47.00,48,LAG_SHRINK,2,0
2026-02-16T12:40:34.947Z,48,291,46.08,47,LAG_SHRINK,1,0
2026-02-16T12:40:35.049Z,50,291,20.28,50,SMART_GROW,1,0
2026-02-16T12:40:35.051Z,50,278,4.00,50,SMART_GROW,0,0
2026-02-16T12:40:35.149Z,50,278,79.40,49,LAG_SHRINK,0,0
2026-02-16T12:40:35.255Z,49,248,56.00,48,LAG_SHRINK,3,0
2026-02-16T12:40:35.347Z,48,248,91.72,47,LAG_SHRINK,1,0
2026-02-16T12:40:35.446Z,47,262,80.25,46,LAG_SHRINK,1,0
2026-02-16T12:40:35.546Z,47,330,79.66,45,LAG_SHRINK,0,0
2026-02-16T12:40:35.646Z,47,349,81.36,44,LAG_SHRINK,0,0
2026-02-16T12:40:35.749Z,50,380,20.42,50,SMART_GROW,0,0
2026-02-16T12:40:35.749Z,50,358,3.00,50,SMART_GROW,0,0
2026-02-16T12:40:35.850Z,50,366,76.45,49,LAG_SHRINK,3,0
2026-02-16T12:40:35.945Z,49,373,45.00,48,LAG_SHRINK,3,0
2026-02-16T12:40:36.046Z,50,381,19.99,50,SMART_GROW,0,0
2026-02-16T12:40:36.147Z,50,377,20.58,50,SMART_GROW,2,0
2026-02-16T12:40:36.247Z,50,398,48.91,49,LAG_SHRINK,1,0
2026-02-16T12:40:36.298Z,50,407,20.13,50,SMART_GROW,1,0
2026-02-16T12:40:36.348Z,50,405,41.07,49,LAG_SHRINK,1,0
2026-02-16T12:40:36.447Z,49,405,79.33,48,LAG_SHRINK,2,0
2026-02-16T12:40:36.548Z,48,403,82.21,47,LAG_SHRINK,3,0
2026-02-16T12:40:36.647Z,50,403,19.60,50,SMART_GROW,1,0
2026-02-16T12:40:36.650Z,50,391,2.00,50,SMART_GROW,0,0
2026-02-16T12:40:36.749Z,50,382,80.31,49,LAG_SHRINK,2,0
2026-02-16T12:40:36.849Z,49,407,50.00,48,LAG_SHRINK,4,0
2026-02-16T12:40:36.948Z,48,411,49.43,47,LAG_SHRINK,2,0
2026-02-16T12:40:36.999Z,50,411,19.69,50,SMART_GROW,1,0
2026-02-16T12:40:37.048Z,50,408,37.83,49,LAG_SHRINK,0,0
2026-02-16T12:40:37.145Z,49,414,78.35,48,LAG_SHRINK,1,0
2026-02-16T12:40:37.356Z,50,417,20.16,50,SMART_GROW,0,0
2026-02-16T12:40:37.359Z,50,351,114.00,49,LAG_SHRINK,0,0
2026-02-16T12:40:37.448Z,49,355,39.00,48,LAG_SHRINK,1,0
2026-02-16T12:40:37.550Z,50,357,20.50,50,SMART_GROW,0,0
2026-02-16T12:40:37.647Z,50,343,48.31,49,LAG_SHRINK,1,0
2026-02-16T12:40:37.746Z,49,353,79.20,48,LAG_SHRINK,1,0
2026-02-16T12:40:37.846Z,50,357,20.11,50,SMART_GROW,0,0
2026-02-16T12:40:37.847Z,50,349,0.00,50,SMART_GROW,0,0
2026-02-16T12:40:37.949Z,50,345,78.02,49,LAG_SHRINK,3,0
2026-02-16T12:40:38.047Z,49,345,82.02,48,LAG_SHRINK,2,0
2026-02-16T12:40:38.159Z,50,347,20.23,50,SMART_GROW,1,0
2026-02-16T12:40:38.161Z,50,313,14.00,50,SMART_GROW,0,0
2026-02-16T12:40:38.249Z,50,313,38.00,49,LAG_SHRINK,0,0
2026-02-16T12:40:38.350Z,49,332,51.00,48,LAG_SHRINK,2,0
2026-02-16T12:40:38.445Z,50,365,20.13,50,SMART_GROW,1,0
2026-02-16T12:40:38.450Z,50,358,0.00,50,SMART_GROW,1,0
2026-02-16T12:40:38.549Z,50,357,82.74,49,LAG_SHRINK,2,0
2026-02-16T12:40:38.599Z,50,376,20.36,50,SMART_GROW,1,0
2026-02-16T12:40:38.649Z,50,377,0.00,50,SMART_GROW,1,0
2026-02-16T12:40:38.747Z,50,376,20.23,50,SMART_GROW,2,0
2026-02-16T12:40:38.847Z,50,378,48.12,49,LAG_SHRINK,3,0
2026-02-16T12:40:38.897Z,50,382,20.91,50,SMART_GROW,3,0
2026-02-16T12:40:38.947Z,50,381,0.00,50,SMART_GROW,0,0
2026-02-16T12:40:39.046Z,50,383,20.65,50,SMART_GROW,0,0
2026-02-16T12:40:39.096Z,50,384,19.88,50,SMART_GROW,0,0
2026-02-16T12:40:39.146Z,50,391,0.00,50,SMART_GROW,0,0
2026-02-16T12:40:39.196Z,50,416,20.73,50,SMART_GROW,0,0
2026-02-16T12:40:39.246Z,50,416,20.42,50,SMART_GROW,0,0
2026-02-16T12:40:39.296Z,50,430,20.49,50,SMART_GROW,0,0
2026-02-16T12:40:39.346Z,50,430,20.37,50,SMART_GROW,0,0
2026-02-16T12:40:39.396Z,50,431,20.13,50,SMART_GROW,0,0
2026-02-16T12:40:39.446Z,50,435,20.24,50,SMART_GROW,0,0
2026-02-16T12:40:39.496Z,50,437,20.64,50,SMART_GROW,0,0
2026-02-16T12:40:39.545Z,50,437,0.00,50,SMART_GROW,0,0
2026-02-16T12:40:39.648Z,50,437,19.54,50,SMART_GROW,2,0
2026-02-16T12:40:39.746Z,50,438,20.13,50,SMART_GROW,1,0
2026-02-16T12:40:39.845Z,50,442,49.67,49,LAG_SHRINK,0,0
2026-02-16T12:40:39.895Z,50,447,20.21,50,SMART_GROW,0,0
2026-02-16T12:40:39.945Z,50,447,0.00,50,SMART_GROW,0,0
2026-02-16T12:40:40.046Z,50,446,20.13,50,SMART_GROW,1,0
2026-02-16T12:40:40.148Z,50,444,50.34,49,LAG_SHRINK,2,0
2026-02-16T12:40:40.245Z,49,444,75.46,48,LAG_SHRINK,1,0
2026-02-16T12:40:40.295Z,50,444,20.46,50,SMART_GROW,0,0
2026-02-16T12:40:40.345Z,50,443,20.24,50,SMART_GROW,0,0
2026-02-16T12:40:40.395Z,50,443,19.79,50,SMART_GROW,0,0
2026-02-16T12:40:40.445Z,50,443,20.24,50,SMART_GROW,0,0
2026-02-16T12:40:40.496Z,50,443,20.37,50,SMART_GROW,0,0
2026-02-16T12:40:40.548Z,50,443,2.00,50,SMART_GROW,0,0
2026-02-16T12:40:40.648Z,50,370,50.00,49,LAG_SHRINK,1,0
2026-02-16T12:40:40.768Z,50,372,20.40,50,SMART_GROW,1,0
2026-02-16T12:40:40.769Z,50,322,21.00,50,SMART_GROW,0,0
2026-02-16T12:40:40.848Z,50,322,29.00,50,SMART_GROW,0,0
2026-02-16T12:40:40.948Z,50,305,49.18,49,LAG_SHRINK,1,0
2026-02-16T12:40:41.053Z,49,287,55.00,48,LAG_SHRINK,4,0
2026-02-16T12:40:41.149Z,48,284,95.58,47,LAG_SHRINK,2,0
2026-02-16T12:40:41.248Z,47,286,77.96,46,LAG_SHRINK,1,0
2026-02-16T12:40:41.367Z,50,286,20.65,50,SMART_GROW,1,0
2026-02-16T12:40:41.450Z,50,251,81.36,49,LAG_SHRINK,0,0
2026-02-16T12:40:41.548Z,49,245,77.43,48,LAG_SHRINK,7,0
2026-02-16T12:40:41.647Z,48,319,49.00,47,LAG_SHRINK,1,0
2026-02-16T12:40:41.746Z,47,326,49.49,46,LAG_SHRINK,1,0
2026-02-16T12:40:41.853Z,50,369,20.49,50,SMART_GROW,0,0
2026-02-16T12:40:41.854Z,50,347,8.00,50,SMART_GROW,0,0
2026-02-16T12:40:41.950Z,50,361,73.04,49,LAG_SHRINK,2,0
2026-02-16T12:40:42.047Z,49,374,47.00,48,LAG_SHRINK,2,0
2026-02-16T12:40:42.148Z,50,381,0.32,50,SMART_GROW,0,0
2026-02-16T12:40:42.248Z,50,377,81.76,49,LAG_SHRINK,3,0
2026-02-16T12:40:42.348Z,49,379,77.23,48,LAG_SHRINK,1,0
2026-02-16T12:40:42.399Z,50,410,20.82,50,SMART_GROW,1,0
2026-02-16T12:40:42.448Z,50,405,0.00,50,SMART_GROW,0,0
2026-02-16T12:40:42.546Z,50,409,80.45,49,LAG_SHRINK,1,0
2026-02-16T12:40:42.596Z,50,412,20.16,50,SMART_GROW,0,0
2026-02-16T12:40:42.645Z,50,412,0.00,50,SMART_GROW,0,0
2026-02-16T12:40:42.696Z,50,413,20.57,50,SMART_GROW,0,0
2026-02-16T12:40:42.746Z,50,413,20.34,50,SMART_GROW,0,0
2026-02-16T12:40:42.796Z,50,413,20.44,50,SMART_GROW,0,0
2026-02-16T12:40:42.846Z,50,417,0.00,50,SMART_GROW,0,0
2026-02-16T12:40:42.897Z,50,409,20.34,50,SMART_GROW,1,0
2026-02-16T12:40:42.947Z,50,409,20.32,50,SMART_GROW,0,0
2026-02-16T12:40:43.045Z,50,413,20.31,50,SMART_GROW,0,0
2026-02-16T12:40:43.095Z,50,414,20.16,50,SMART_GROW,0,0
2026-02-16T12:40:43.145Z,50,414,0.00,50,SMART_GROW,0,0
2026-02-16T12:40:43.246Z,50,420,80.25,49,LAG_SHRINK,0,0
2026-02-16T12:40:43.296Z,50,422,20.14,50,SMART_GROW,0,0
2026-02-16T12:40:43.347Z,50,422,20.49,50,SMART_GROW,0,0
2026-02-16T12:40:43.397Z,50,423,20.55,50,SMART_GROW,0,0
2026-02-16T12:40:43.448Z,50,426,20.29,50,SMART_GROW,0,0
2026-02-16T12:40:43.669Z,50,356,109.64,49,LAG_SHRINK,1,0
2026-02-16T12:40:43.765Z,50,356,29.00,50,SMART_GROW,1,0
2026-02-16T12:40:43.852Z,50,328,54.00,49,LAG_SHRINK,1,0
2026-02-16T12:40:43.948Z,49,351,95.06,48,LAG_SHRINK,1,0
2026-02-16T12:40:44.051Z,50,351,20.49,50,SMART_GROW,1,0
2026-02-16T12:40:44.052Z,50,340,4.00,50,SMART_GROW,0,0
2026-02-16T12:40:44.147Z,50,340,45.00,49,LAG_SHRINK,0,0
2026-02-16T12:40:44.267Z,49,308,70.00,48,LAG_SHRINK,3,0
2026-02-16T12:40:44.355Z,50,308,30.00,50,SMART_GROW,1,0
2026-02-16T12:40:44.399Z,50,292,20.59,50,SMART_GROW,1,0
2026-02-16T12:40:44.449Z,50,292,0.00,50,SMART_GROW,0,0
2026-02-16T12:40:44.499Z,50,288,19.55,50,SMART_GROW,1,0
2026-02-16T12:40:44.550Z,50,288,1.00,50,SMART_GROW,0,0
2026-02-16T12:40:44.601Z,50,329,20.24,50,SMART_GROW,0,0
2026-02-16T12:40:44.651Z,50,333,38.16,49,LAG_SHRINK,0,0
2026-02-16T12:40:44.701Z,50,359,20.18,50,SMART_GROW,0,0
2026-02-16T12:40:44.751Z,50,361,20.23,50,SMART_GROW,0,0
2026-02-16T12:40:44.801Z,50,382,20.29,50,SMART_GROW,0,0
2026-02-16T12:40:44.852Z,50,383,20.36,50,SMART_GROW,0,0
2026-02-16T12:40:44.947Z,50,377,45.00,49,LAG_SHRINK,1,0
2026-02-16T12:40:45.048Z,49,375,49.07,48,LAG_SHRINK,2,0
2026-02-16T12:40:45.099Z,50,384,20.82,50,SMART_GROW,1,0
2026-02-16T12:40:45.150Z,50,381,1.00,50,SMART_GROW,1,0
2026-02-16T12:40:45.247Z,50,387,82.41,49,LAG_SHRINK,2,0
2026-02-16T12:40:45.347Z,49,411,80.84,48,LAG_SHRINK,2,0
2026-02-16T12:40:45.397Z,50,426,20.73,50,SMART_GROW,0,0
2026-02-16T12:40:45.447Z,50,425,38.52,49,LAG_SHRINK,0,0
2026-02-16T12:40:45.497Z,50,429,20.55,50,SMART_GROW,1,0
2026-02-16T12:40:45.547Z,50,428,0.00,50,SMART_GROW,0,0
2026-02-16T12:40:45.646Z,50,425,20.49,50,SMART_GROW,3,0
2026-02-16T12:40:45.747Z,50,424,20.55,50,SMART_GROW,1,0
2026-02-16T12:40:45.798Z,50,422,20.76,50,SMART_GROW,2,0
2026-02-16T12:40:45.849Z,50,422,1.00,50,SMART_GROW,0,0
2026-02-16T12:40:45.945Z,50,433,79.86,49,LAG_SHRINK,0,0
2026-02-16T12:40:46.045Z,50,437,19.75,50,SMART_GROW,0,0
2026-02-16T12:40:46.146Z,50,436,19.81,50,SMART_GROW,2,0
2026-02-16T12:40:46.196Z,50,438,19.87,50,SMART_GROW,0,0
2026-02-16T12:40:46.248Z,50,438,20.21,50,SMART_GROW,0,0
2026-02-16T12:40:46.346Z,50,438,20.28,50,SMART_GROW,2,0
2026-02-16T12:40:46.447Z,50,437,19.68,50,SMART_GROW,2,0
2026-02-16T12:40:46.545Z,50,435,48.93,49,LAG_SHRINK,3,0
2026-02-16T12:40:46.645Z,49,437,79.99,48,LAG_SHRINK,1,0
2026-02-16T12:40:46.761Z,50,439,20.14,50,SMART_GROW,0,0
2026-02-16T12:40:46.763Z,50,380,18.00,50,SMART_GROW,0,0
2026-02-16T12:40:46.847Z,50,381,34.00,49,LAG_SHRINK,0,0
2026-02-16T12:40:46.950Z,49,382,53.00,48,LAG_SHRINK,1,0
2026-02-16T12:40:47.064Z,50,382,19.88,50,SMART_GROW,1,0
2026-02-16T12:40:47.065Z,50,301,15.00,50,SMART_GROW,0,0
2026-02-16T12:40:47.148Z,50,297,33.00,49,LAG_SHRINK,1,0
2026-02-16T12:40:47.247Z,49,292,48.80,48,LAG_SHRINK,6,0
2026-02-16T12:40:47.347Z,50,288,19.64,50,SMART_GROW,6,0
2026-02-16T12:40:47.447Z,50,262,49.45,49,LAG_SHRINK,3,0
2026-02-16T12:40:47.545Z,50,262,20.08,50,SMART_GROW,3,0
2026-02-16T12:40:47.646Z,50,260,50.02,49,LAG_SHRINK,1,0
2026-02-16T12:40:47.696Z,50,260,20.41,50,SMART_GROW,1,0
2026-02-16T12:40:47.746Z,50,269,0.00,50,SMART_GROW,0,0
2026-02-16T12:40:47.796Z,50,317,20.37,50,SMART_GROW,0,0
2026-02-16T12:40:47.846Z,50,317,20.42,50,SMART_GROW,0,0
2026-02-16T12:40:47.896Z,50,299,22.97,50,SMART_GROW,2,0
2026-02-16T12:40:47.946Z,50,299,0.00,50,SMART_GROW,0,0
2026-02-16T12:40:47.997Z,50,300,20.65,50,SMART_GROW,0,0
2026-02-16T12:40:48.045Z,50,300,0.00,50,SMART_GROW,0,0
2026-02-16T12:40:48.095Z,50,384,20.44,50,SMART_GROW,0,0
2026-02-16T12:40:48.145Z,50,384,0.00,50,SMART_GROW,0,0
2026-02-16T12:40:48.244Z,50,390,81.30,49,LAG_SHRINK,0,0
2026-02-16T12:40:48.343Z,50,396,20.09,50,SMART_GROW,0,0
2026-02-16T12:40:48.448Z,50,407,20.47,50,SMART_GROW,2,0
2026-02-16T12:40:48.546Z,50,403,97.75,49,LAG_SHRINK,1,0
2026-02-16T12:40:48.643Z,49,412,77.30,48,LAG_SHRINK,1,0
2026-02-16T12:40:48.744Z,50,413,20.18,50,SMART_GROW,0,0
2026-02-16T12:40:48.845Z,50,411,19.90,50,SMART_GROW,1,0
2026-02-16T12:40:48.947Z,50,401,51.02,49,LAG_SHRINK,2,0
2026-02-16T12:40:48.997Z,50,409,20.46,50,SMART_GROW,1,0
2026-02-16T12:40:49.047Z,50,407,0.00,50,SMART_GROW,1,0
2026-02-16T12:40:49.146Z,50,406,80.64,49,LAG_SHRINK,1,0
2026-02-16T12:40:49.243Z,49,406,77.43,48,LAG_SHRINK,1,0
2026-02-16T12:40:49.293Z,50,406,20.41,50,SMART_GROW,0,0
2026-02-16T12:40:49.346Z,50,404,41.96,49,LAG_SHRINK,1,0
2026-02-16T12:40:49.443Z,49,417,77.23,48,LAG_SHRINK,2,0
2026-02-16T12:40:49.493Z,50,417,20.37,50,SMART_GROW,0,0
2026-02-16T12:40:49.547Z,50,415,42.29,49,LAG_SHRINK,1,0
2026-02-16T12:40:49.597Z,50,420,20.29,50,SMART_GROW,0,0
2026-02-16T12:40:49.655Z,50,387,20.13,50,SMART_GROW,1,0
2026-02-16T12:40:49.749Z,50,357,47.12,49,LAG_SHRINK,1,0
2026-02-16T12:40:49.843Z,50,358,20.28,50,SMART_GROW,1,0
2026-02-16T12:40:49.849Z,50,336,0.00,50,SMART_GROW,0,0
2026-02-16T12:40:49.900Z,50,336,20.26,50,SMART_GROW,0,0
2026-02-16T12:40:49.950Z,50,350,20.32,50,SMART_GROW,0,0
2026-02-16T12:40:50.043Z,50,357,78.28,49,LAG_SHRINK,0,0
2026-02-16T12:40:50.093Z,50,358,20.36,50,SMART_GROW,0,0
2026-02-16T12:40:50.144Z,50,358,1.00,50,SMART_GROW,0,0
2026-02-16T12:40:50.243Z,50,360,79.33,49,LAG_SHRINK,0,0
2026-02-16T12:40:50.294Z,50,360,20.13,50,SMART_GROW,0,0
2026-02-16T12:40:50.345Z,50,360,1.00,50,SMART_GROW,0,0
2026-02-16T12:40:50.451Z,50,298,88.44,49,LAG_SHRINK,1,0
2026-02-16T12:40:50.543Z,49,299,72.19,48,LAG_SHRINK,1,0
2026-02-16T12:40:50.644Z,50,295,21.13,50,SMART_GROW,3,0
2026-02-16T12:40:50.747Z,50,323,49.73,49,LAG_SHRINK,3,0
2026-02-16T12:40:50.849Z,50,374,19.73,50,SMART_GROW,3,0
2026-02-16T12:40:50.945Z,50,371,47.15,49,LAG_SHRINK,2,0
2026-02-16T12:40:50.996Z,50,371,20.11,50,SMART_GROW,1,0
2026-02-16T12:40:51.046Z,50,366,1.00,50,SMART_GROW,1,0
2026-02-16T12:40:51.145Z,50,364,20.60,50,SMART_GROW,2,0
2026-02-16T12:40:51.244Z,50,363,20.17,50,SMART_GROW,1,0
2026-02-16T12:40:51.294Z,50,361,19.80,50,SMART_GROW,2,0
2026-02-16T12:40:51.344Z,50,361,0.00,50,SMART_GROW,0,0
2026-02-16T12:40:51.446Z,50,387,79.66,49,LAG_SHRINK,1,0
2026-02-16T12:40:51.543Z,49,425,79.86,48,LAG_SHRINK,1,0
2026-02-16T12:40:51.594Z,50,431,20.52,50,SMART_GROW,1,0
2026-02-16T12:40:51.647Z,50,428,3.00,50,SMART_GROW,0,0
2026-02-16T12:40:51.745Z,50,427,80.45,49,LAG_SHRINK,3,0
2026-02-16T12:40:51.846Z,50,428,20.85,50,SMART_GROW,3,0
2026-02-16T12:40:51.949Z,50,428,19.26,50,SMART_GROW,2,0
2026-02-16T12:40:52.046Z,50,429,48.38,49,LAG_SHRINK,3,0
2026-02-16T12:40:52.145Z,50,431,79.00,48,LAG_SHRINK,0,0
2026-02-16T12:40:52.195Z,50,433,19.83,50,SMART_GROW,0,0
2026-02-16T12:40:52.245Z,50,433,20.36,50,SMART_GROW,0,0
2026-02-16T12:40:52.344Z,50,435,49.14,49,LAG_SHRINK,0,0
2026-02-16T12:40:52.394Z,50,436,20.32,50,SMART_GROW,1,0
2026-02-16T12:40:52.445Z,50,435,40.48,49,LAG_SHRINK,0,0
2026-02-16T12:40:52.545Z,50,434,21.65,50,SMART_GROW,3,0
2026-02-16T12:40:52.595Z,50,433,19.58,50,SMART_GROW,1,0
2026-02-16T12:40:52.645Z,50,434,0.00,50,SMART_GROW,0,0
2026-02-16T12:40:52.743Z,50,436,20.34,50,SMART_GROW,0,0
2026-02-16T12:40:52.793Z,50,439,19.80,50,SMART_GROW,0,0
2026-02-16T12:40:52.843Z,50,439,20.36,50,SMART_GROW,0,0
2026-02-16T12:40:52.943Z,50,442,80.05,49,LAG_SHRINK,0,0
2026-02-16T12:40:53.145Z,50,444,20.46,50,SMART_GROW,1,0
2026-02-16T12:40:53.146Z,50,388,102.00,49,LAG_SHRINK,0,0
2026-02-16T12:40:53.349Z,50,388,20.52,50,SMART_GROW,1,0
2026-02-16T12:40:53.353Z,50,300,107.00,49,LAG_SHRINK,0,0
2026-02-16T12:40:53.449Z,50,301,46.00,48,LAG_SHRINK,0,0
2026-02-16T12:40:53.563Z,50,303,20.02,50,SMART_GROW,2,0
2026-02-16T12:40:53.565Z,50,269,17.00,50,SMART_GROW,0,0
2026-02-16T12:40:53.649Z,50,263,63.62,49,LAG_SHRINK,1,0
2026-02-16T12:40:53.700Z,50,263,20.23,50,SMART_GROW,0,0
2026-02-16T12:40:53.750Z,50,263,20.39,50,SMART_GROW,0,0
2026-02-16T12:40:53.799Z,50,263,20.37,50,SMART_GROW,0,0
2026-02-16T12:40:53.850Z,50,263,20.37,50,SMART_GROW,0,0
2026-02-16T12:40:53.900Z,50,263,20.46,50,SMART_GROW,0,0
2026-02-16T12:40:53.950Z,50,263,20.21,50,SMART_GROW,0,0
2026-02-16T12:40:54.043Z,50,267,19.91,50,SMART_GROW,0,0
2026-02-16T12:40:54.150Z,50,271,106.00,49,LAG_SHRINK,1,0
2026-02-16T12:40:54.246Z,49,311,75.14,48,LAG_SHRINK,1,0
2026-02-16T12:40:54.343Z,49,375,76.38,47,LAG_SHRINK,0,0
2026-02-16T12:40:54.447Z,50,388,20.34,50,SMART_GROW,0,0
2026-02-16T12:40:54.448Z,50,374,5.00,50,SMART_GROW,0,0
2026-02-16T12:40:54.499Z,50,376,20.37,50,SMART_GROW,0,0
2026-02-16T12:40:54.548Z,50,381,0.00,50,SMART_GROW,0,0
2026-02-16T12:40:54.645Z,50,402,20.31,50,SMART_GROW,2,0
2026-02-16T12:40:54.746Z,50,409,48.89,49,LAG_SHRINK,1,0
2026-02-16T12:40:54.844Z,50,409,20.34,50,SMART_GROW,1,0
2026-02-16T12:40:54.945Z,50,406,20.10,50,SMART_GROW,2,0
2026-02-16T12:40:55.049Z,50,389,51.76,49,LAG_SHRINK,1,0
2026-02-16T12:40:55.144Z,49,401,74.29,48,LAG_SHRINK,1,0
2026-02-16T12:40:55.195Z,50,409,20.13,50,SMART_GROW,0,0
2026-02-16T12:40:55.245Z,50,406,0.00,50,SMART_GROW,0,0
2026-02-16T12:40:55.295Z,50,407,20.39,50,SMART_GROW,0,0
2026-02-16T12:40:55.346Z,50,407,20.42,50,SMART_GROW,0,0
2026-02-16T12:40:55.396Z,50,407,20.46,50,SMART_GROW,0,0
2026-02-16T12:40:55.448Z,50,414,2.00,50,SMART_GROW,0,0
2026-02-16T12:40:55.498Z,50,420,20.32,50,SMART_GROW,0,0
2026-02-16T12:40:55.548Z,50,420,20.31,50,SMART_GROW,0,0
2026-02-16T12:40:55.598Z,50,425,19.65,50,SMART_GROW,0,0
2026-02-16T12:40:55.648Z,50,425,37.54,49,LAG_SHRINK,0,0
2026-02-16T12:40:55.743Z,50,427,79.79,48,LAG_SHRINK,0,0
2026-02-16T12:40:55.793Z,50,428,20.19,50,SMART_GROW,0,0
2026-02-16T12:40:55.843Z,50,428,20.68,50,SMART_GROW,0,0
2026-02-16T12:40:55.893Z,50,429,19.97,50,SMART_GROW,0,0
2026-02-16T12:40:55.943Z,50,429,20.44,50,SMART_GROW,0,0
2026-02-16T12:40:56.043Z,50,438,20.03,50,SMART_GROW,0,0
2026-02-16T12:40:56.144Z,50,447,49.95,49,LAG_SHRINK,0,0
2026-02-16T12:40:56.459Z,50,450,21.00,50,SMART_GROW,1,0
2026-02-16T12:40:56.463Z,50,359,169.00,49,LAG_SHRINK,0,0
2026-02-16T12:40:56.657Z,50,359,20.31,50,SMART_GROW,1,0
2026-02-16T12:40:56.659Z,50,295,95.00,49,LAG_SHRINK,0,0
2026-02-16T12:40:56.744Z,49,295,35.00,48,LAG_SHRINK,1,0
2026-02-16T12:40:56.799Z,50,295,20.39,50,SMART_GROW,0,0
2026-02-16T12:40:56.846Z,50,283,2.00,50,SMART_GROW,0,0
2026-02-16T12:40:56.945Z,50,282,81.56,49,LAG_SHRINK,1,0
2026-02-16T12:40:56.997Z,50,282,20.32,50,SMART_GROW,1,0
2026-02-16T12:40:57.045Z,50,279,0.00,50,SMART_GROW,0,0
2026-02-16T12:40:57.096Z,50,279,20.29,50,SMART_GROW,0,0
2026-02-16T12:40:57.145Z,50,279,0.00,50,SMART_GROW,0,0
2026-02-16T12:40:57.196Z,50,280,20.42,50,SMART_GROW,0,0
2026-02-16T12:40:57.245Z,50,280,0.00,50,SMART_GROW,0,0
2026-02-16T12:40:57.296Z,50,319,20.49,50,SMART_GROW,0,0
2026-02-16T12:40:57.345Z,50,319,20.15,50,SMART_GROW,0,0
2026-02-16T12:40:57.395Z,50,350,20.24,50,SMART_GROW,0,0
2026-02-16T12:40:57.445Z,50,350,0.00,50,SMART_GROW,0,0
2026-02-16T12:40:57.496Z,50,371,21.01,50,SMART_GROW,0,0
2026-02-16T12:40:57.546Z,50,371,20.29,50,SMART_GROW,0,0
2026-02-16T12:40:57.596Z,50,409,19.96,50,SMART_GROW,0,0
2026-02-16T12:40:57.647Z,50,410,1.00,50,SMART_GROW,0,0
2026-02-16T12:40:57.743Z,50,434,80.12,49,LAG_SHRINK,0,0
2026-02-16T12:40:57.793Z,50,435,20.26,50,SMART_GROW,0,0
2026-02-16T12:40:57.844Z,50,446,1.00,50,SMART_GROW,0,0
2026-02-16T12:40:57.951Z,50,427,57.00,49,LAG_SHRINK,1,0
2026-02-16T12:40:58.045Z,49,430,47.09,48,LAG_SHRINK,1,0
2026-02-16T12:40:58.097Z,50,430,20.41,50,SMART_GROW,0,0
2026-02-16T12:40:58.145Z,50,427,0.00,50,SMART_GROW,0,0
2026-02-16T12:40:58.245Z,50,425,81.49,49,LAG_SHRINK,2,0
2026-02-16T12:40:58.295Z,50,425,20.85,50,SMART_GROW,1,0
2026-02-16T12:40:58.346Z,50,423,39.24,49,LAG_SHRINK,1,0
2026-02-16T12:40:58.397Z,50,423,20.23,50,SMART_GROW,1,0
2026-02-16T12:40:58.448Z,50,421,1.00,50,SMART_GROW,1,0
2026-02-16T12:40:58.500Z,50,421,20.36,50,SMART_GROW,0,0
2026-02-16T12:40:58.550Z,50,421,20.28,50,SMART_GROW,0,0
2026-02-16T12:40:58.601Z,50,421,20.37,50,SMART_GROW,0,0
2026-02-16T12:40:58.652Z,50,421,1.00,50,SMART_GROW,0,0
2026-02-16T12:40:58.702Z,50,421,20.41,50,SMART_GROW,0,0
2026-02-16T12:40:58.751Z,50,421,20.23,50,SMART_GROW,0,0
2026-02-16T12:40:58.802Z,50,421,20.21,50,SMART_GROW,0,0
2026-02-16T12:40:58.853Z,50,421,20.28,50,SMART_GROW,0,0
2026-02-16T12:40:58.905Z,50,434,20.24,50,SMART_GROW,0,0
2026-02-16T12:40:58.955Z,50,441,1.00,50,SMART_GROW,0,0
2026-02-16T12:40:59.043Z,50,441,20.36,50,SMART_GROW,0,0
2026-02-16T12:40:59.093Z,50,442,19.78,50,SMART_GROW,0,0
2026-02-16T12:40:59.144Z,50,444,20.39,50,SMART_GROW,0,0
2026-02-16T12:40:59.194Z,50,445,20.07,50,SMART_GROW,0,0
2026-02-16T12:40:59.243Z,50,445,0.00,50,SMART_GROW,0,0
2026-02-16T12:40:59.294Z,50,447,20.28,50,SMART_GROW,0,0
2026-02-16T12:40:59.345Z,50,447,20.36,50,SMART_GROW,0,0
2026-02-16T12:40:59.394Z,50,449,20.13,50,SMART_GROW,0,0
2026-02-16T12:40:59.445Z,50,449,20.18,50,SMART_GROW,0,0
2026-02-16T12:40:59.495Z,50,450,20.30,50,SMART_GROW,0,0
2026-02-16T12:40:59.545Z,50,450,20.59,50,SMART_GROW,0,0
2026-02-16T12:40:59.595Z,50,450,20.43,50,SMART_GROW,0,0
2026-02-16T12:40:59.644Z,50,450,0.00,50,SMART_GROW,0,0
2026-02-16T12:41:00.157Z,50,263,492.44,49,LAG_SHRINK,1,0
2026-02-16T12:41:00.249Z,49,243,43.00,48,LAG_SHRINK,2,0
2026-02-16T12:41:00.343Z,48,243,74.42,47,LAG_SHRINK,1,0
2026-02-16T12:41:00.393Z,50,243,20.19,50,SMART_GROW,0,0
2026-02-16T12:41:00.445Z,50,241,2.00,50,SMART_GROW,0,0
2026-02-16T12:41:00.546Z,50,228,80.64,49,LAG_SHRINK,4,0
2026-02-16T12:41:00.647Z,50,224,19.55,50,SMART_GROW,3,0
2026-02-16T12:41:00.745Z,50,225,49.08,49,LAG_SHRINK,1,0
2026-02-16T12:41:00.844Z,49,259,77.43,48,LAG_SHRINK,1,0
2026-02-16T12:41:00.943Z,50,290,20.44,50,SMART_GROW,0,0
2026-02-16T12:41:00.945Z,50,288,1.00,50,SMART_GROW,0,0
2026-02-16T12:41:01.043Z,50,370,79.00,49,LAG_SHRINK,1,0
2026-02-16T12:41:01.093Z,50,406,20.85,50,SMART_GROW,0,0
2026-02-16T12:41:01.144Z,50,406,20.37,50,SMART_GROW,0,0
2026-02-16T12:41:01.246Z,50,387,21.70,50,SMART_GROW,2,0
2026-02-16T12:41:01.346Z,50,407,48.47,49,LAG_SHRINK,1,0
2026-02-16T12:41:01.443Z,50,407,20.37,50,SMART_GROW,1,0
2026-02-16T12:41:01.446Z,50,406,0.00,50,SMART_GROW,0,0
2026-02-16T12:41:01.496Z,50,418,21.06,50,SMART_GROW,0,0
2026-02-16T12:41:01.547Z,50,419,20.14,50,SMART_GROW,0,0
2026-02-16T12:41:01.643Z,50,419,20.60,50,SMART_GROW,2,0
2026-02-16T12:41:01.693Z,50,420,19.33,50,SMART_GROW,2,0
2026-02-16T12:41:01.743Z,50,420,0.00,50,SMART_GROW,0,0
2026-02-16T12:41:01.843Z,50,422,19.93,50,SMART_GROW,0,0
2026-02-16T12:41:01.893Z,50,422,19.91,50,SMART_GROW,0,0
2026-02-16T12:41:01.943Z,50,423,20.34,50,SMART_GROW,0,0
2026-02-16T12:41:01.993Z,50,424,20.37,50,SMART_GROW,0,0
2026-02-16T12:41:02.042Z,50,424,20.44,50,SMART_GROW,0,0
2026-02-16T12:41:02.093Z,50,424,19.97,50,SMART_GROW,0,0
2026-02-16T12:41:02.143Z,50,424,0.00,50,SMART_GROW,0,0
2026-02-16T12:41:02.194Z,50,441,20.49,50,SMART_GROW,0,0
2026-02-16T12:41:02.244Z,50,441,20.39,50,SMART_GROW,0,0
2026-02-16T12:41:02.344Z,50,445,49.57,49,LAG_SHRINK,0,0
2026-02-16T12:41:02.394Z,50,446,20.29,50,SMART_GROW,0,0
2026-02-16T12:41:02.445Z,50,446,20.44,50,SMART_GROW,0,0
2026-02-16T12:41:02.495Z,50,446,19.84,50,SMART_GROW,0,0
2026-02-16T12:41:02.545Z,50,446,20.32,50,SMART_GROW,0,0
2026-02-16T12:41:02.643Z,50,448,20.58,50,SMART_GROW,0,0
2026-02-16T12:41:02.743Z,50,450,19.93,50,SMART_GROW,0,0
2026-02-16T12:41:02.794Z,50,450,19.79,50,SMART_GROW,0,0
2026-02-16T12:41:02.844Z,50,450,20.41,50,SMART_GROW,0,0
2026-02-16T12:41:02.895Z,50,450,19.88,50,SMART_GROW,0,0
2026-02-16T12:41:02.945Z,50,450,20.34,50,SMART_GROW,0,0
2026-02-16T12:41:03.355Z,50,287,205.24,49,LAG_SHRINK,1,0
2026-02-16T12:41:03.445Z,49,284,40.00,48,LAG_SHRINK,3,0
2026-02-16T12:41:03.543Z,50,284,20.36,50,SMART_GROW,1,0
2026-02-16T12:41:03.545Z,50,282,0.00,50,SMART_GROW,0,0
2026-02-16T12:41:03.644Z,50,280,80.31,49,LAG_SHRINK,2,0
2026-02-16T12:41:03.694Z,50,280,20.36,50,SMART_GROW,0,0
2026-02-16T12:41:03.744Z,50,280,20.31,50,SMART_GROW,0,0
2026-02-16T12:41:03.795Z,50,280,20.37,50,SMART_GROW,0,0
2026-02-16T12:41:03.845Z,50,280,0.00,50,SMART_GROW,0,0
2026-02-16T12:41:03.895Z,50,280,20.47,50,SMART_GROW,0,0
2026-02-16T12:41:03.945Z,50,280,0.00,50,SMART_GROW,0,0
2026-02-16T12:41:04.043Z,50,300,78.81,49,LAG_SHRINK,0,0
2026-02-16T12:41:04.143Z,50,345,80.90,48,LAG_SHRINK,0,0
2026-02-16T12:41:04.243Z,50,384,20.46,50,SMART_GROW,0,0
2026-02-16T12:41:04.293Z,50,434,19.92,50,SMART_GROW,0,0
2026-02-16T12:41:04.343Z,50,434,0.00,50,SMART_GROW,0,0
2026-02-16T12:41:04.443Z,50,422,20.64,50,SMART_GROW,2,0
2026-02-16T12:41:04.543Z,50,422,49.16,49,LAG_SHRINK,2,0
2026-02-16T12:41:04.593Z,50,423,20.16,50,SMART_GROW,0,0
2026-02-16T12:41:04.643Z,50,423,0.00,50,SMART_GROW,0,0
2026-02-16T12:41:04.743Z,50,423,19.78,50,SMART_GROW,1,0
2026-02-16T12:41:04.844Z,50,420,20.50,50,SMART_GROW,3,0
2026-02-16T12:41:04.946Z,50,419,50.85,49,LAG_SHRINK,1,0
2026-02-16T12:41:05.043Z,50,419,20.98,50,SMART_GROW,1,0
2026-02-16T12:41:05.143Z,50,416,20.03,50,SMART_GROW,2,0
2026-02-16T12:41:05.245Z,50,413,20.05,50,SMART_GROW,3,0
2026-02-16T12:41:05.294Z,50,412,19.72,50,SMART_GROW,1,0
2026-02-16T12:41:05.345Z,50,412,20.19,50,SMART_GROW,0,0
2026-02-16T12:41:05.444Z,50,434,20.04,50,SMART_GROW,2,0
2026-02-16T12:41:05.545Z,50,434,20.21,50,SMART_GROW,2,0
2026-02-16T12:41:05.645Z,50,430,48.97,49,LAG_SHRINK,4,0
2026-02-16T12:41:05.747Z,49,428,81.89,48,LAG_SHRINK,4,0
2026-02-16T12:41:05.843Z,48,430,77.37,47,LAG_SHRINK,1,0
2026-02-16T12:41:05.955Z,50,431,20.26,50,SMART_GROW,0,0
2026-02-16T12:41:05.956Z,50,387,12.00,50,SMART_GROW,0,0
2026-02-16T12:41:06.045Z,50,389,39.00,49,LAG_SHRINK,0,0
2026-02-16T12:41:06.145Z,49,307,50.00,48,LAG_SHRINK,2,0
2026-02-16T12:41:06.250Z,50,311,19.66,50,SMART_GROW,1,0
2026-02-16T12:41:06.251Z,50,274,6.00,50,SMART_GROW,0,0
2026-02-16T12:41:06.346Z,50,255,45.00,49,LAG_SHRINK,1,0
2026-02-16T12:41:06.397Z,50,257,20.08,50,SMART_GROW,1,0
2026-02-16T12:41:06.448Z,50,256,38.29,49,LAG_SHRINK,1,0
2026-02-16T12:41:06.546Z,49,247,82.48,48,LAG_SHRINK,2,0
2026-02-16T12:41:06.645Z,48,248,76.71,47,LAG_SHRINK,2,0
2026-02-16T12:41:06.696Z,50,252,20.49,50,SMART_GROW,1,0
2026-02-16T12:41:06.746Z,50,246,1.00,50,SMART_GROW,0,0
2026-02-16T12:41:06.845Z,50,245,81.36,49,LAG_SHRINK,3,0
2026-02-16T12:41:06.945Z,49,245,78.48,48,LAG_SHRINK,5,0
2026-02-16T12:41:06.995Z,50,283,20.28,50,SMART_GROW,1,0
2026-02-16T12:41:07.046Z,50,281,1.00,50,SMART_GROW,0,0
2026-02-16T12:41:07.145Z,50,358,77.76,49,LAG_SHRINK,4,0
2026-02-16T12:41:07.248Z,49,355,81.69,48,LAG_SHRINK,4,0
2026-02-16T12:41:07.346Z,48,400,49.00,47,LAG_SHRINK,1,0
2026-02-16T12:41:07.444Z,47,406,49.30,46,LAG_SHRINK,3,0
2026-02-16T12:41:07.546Z,50,406,19.49,50,SMART_GROW,3,0
2026-02-16T12:41:07.648Z,50,413,51.22,49,LAG_SHRINK,0,0
2026-02-16T12:41:07.747Z,49,416,49.00,48,LAG_SHRINK,5,0
2026-02-16T12:41:07.845Z,48,416,47.62,47,LAG_SHRINK,4,0
2026-02-16T12:41:07.944Z,50,419,20.77,50,SMART_GROW,3,0
2026-02-16T12:41:08.045Z,50,416,20.16,50,SMART_GROW,1,0
2026-02-16T12:41:08.147Z,50,418,48.66,49,LAG_SHRINK,2,0
2026-02-16T12:41:08.198Z,50,425,20.01,50,SMART_GROW,1,0
2026-02-16T12:41:08.248Z,50,423,1.00,50,SMART_GROW,1,0
2026-02-16T12:41:08.344Z,50,425,81.23,49,LAG_SHRINK,0,0
2026-02-16T12:41:08.447Z,49,427,78.87,48,LAG_SHRINK,3,0
2026-02-16T12:41:08.497Z,50,430,20.05,50,SMART_GROW,1,0
2026-02-16T12:41:08.549Z,50,427,2.00,50,SMART_GROW,1,0
2026-02-16T12:41:08.648Z,50,426,49.00,49,LAG_SHRINK,2,0
2026-02-16T12:41:08.746Z,49,429,47.69,48,LAG_SHRINK,2,0
2026-02-16T12:41:08.843Z,48,433,79.46,47,LAG_SHRINK,1,0
2026-02-16T12:41:08.894Z,50,436,20.00,50,SMART_GROW,0,0
2026-02-16T12:41:08.946Z,50,434,2.00,50,SMART_GROW,0,0
2026-02-16T12:41:09.044Z,50,432,79.72,49,LAG_SHRINK,4,0
2026-02-16T12:41:09.144Z,49,433,50.00,48,LAG_SHRINK,2,0
2026-02-16T12:41:09.257Z,50,434,19.87,50,SMART_GROW,1,0
2026-02-16T12:41:09.259Z,50,364,15.00,50,SMART_GROW,0,0
2026-02-16T12:41:09.349Z,50,315,71.40,49,LAG_SHRINK,1,0
2026-02-16T12:41:09.444Z,49,318,73.83,48,LAG_SHRINK,1,0
2026-02-16T12:41:09.544Z,50,319,20.13,50,SMART_GROW,0,0
2026-02-16T12:41:09.546Z,50,305,2.00,50,SMART_GROW,0,0
2026-02-16T12:41:09.645Z,50,305,79.99,49,LAG_SHRINK,2,0
2026-02-16T12:41:09.744Z,49,308,78.22,48,LAG_SHRINK,1,0
2026-02-16T12:41:09.795Z,50,309,19.90,50,SMART_GROW,1,0
2026-02-16T12:41:09.848Z,50,307,3.00,50,SMART_GROW,0,0
2026-02-16T12:41:09.943Z,50,305,79.07,49,LAG_SHRINK,2,0
2026-02-16T12:41:09.993Z,50,308,20.03,50,SMART_GROW,2,0
2026-02-16T12:41:10.045Z,50,307,2.00,50,SMART_GROW,0,0
2026-02-16T12:41:10.146Z,50,307,49.59,49,LAG_SHRINK,2,0
2026-02-16T12:41:10.196Z,50,308,20.18,50,SMART_GROW,1,0
2026-02-16T12:41:10.246Z,50,319,38.81,49,LAG_SHRINK,1,0
2026-02-16T12:41:10.343Z,49,396,78.48,48,LAG_SHRINK,1,0
2026-02-16T12:41:10.444Z,50,424,20.23,50,SMART_GROW,1,0
2026-02-16T12:41:10.448Z,50,410,4.00,50,SMART_GROW,0,0
2026-02-16T12:41:10.552Z,50,411,54.00,49,LAG_SHRINK,0,0
2026-02-16T12:41:10.603Z,50,425,20.59,50,SMART_GROW,1,0
2026-02-16T12:41:10.653Z,50,422,0.00,50,SMART_GROW,2,0
2026-02-16T12:41:10.748Z,50,421,80.64,49,LAG_SHRINK,2,0
2026-02-16T12:41:10.844Z,49,420,80.64,48,LAG_SHRINK,3,0
2026-02-16T12:41:10.895Z,50,422,20.31,50,SMART_GROW,0,0
2026-02-16T12:41:10.945Z,50,420,39.60,49,LAG_SHRINK,1,0
2026-02-16T12:41:10.996Z,50,421,19.83,50,SMART_GROW,2,0
2026-02-16T12:41:11.046Z,50,419,40.22,49,LAG_SHRINK,1,0
2026-02-16T12:41:11.095Z,50,421,20.80,50,SMART_GROW,1,0
2026-02-16T12:41:11.146Z,50,419,39.34,49,LAG_SHRINK,1,0
2026-02-16T12:41:11.197Z,50,420,20.47,50,SMART_GROW,1,0
2026-02-16T12:41:11.247Z,50,419,39.11,49,LAG_SHRINK,1,0
2026-02-16T12:41:11.344Z,49,420,80.18,48,LAG_SHRINK,1,0
2026-02-16T12:41:11.443Z,50,421,20.24,50,SMART_GROW,0,0
2026-02-16T12:41:11.444Z,50,432,0.00,50,SMART_GROW,0,0
2026-02-16T12:41:11.545Z,50,429,19.91,50,SMART_GROW,3,0
2026-02-16T12:41:11.648Z,50,428,49.15,49,LAG_SHRINK,3,0
2026-02-16T12:41:11.747Z,49,429,78.68,48,LAG_SHRINK,4,0
2026-02-16T12:41:11.843Z,50,430,20.05,50,SMART_GROW,2,0
2026-02-16T12:41:11.847Z,50,428,0.00,50,SMART_GROW,0,0
2026-02-16T12:41:11.945Z,50,426,81.30,49,LAG_SHRINK,3,0
2026-02-16T12:41:11.996Z,50,429,20.21,50,SMART_GROW,0,0
2026-02-16T12:41:12.045Z,50,430,0.00,50,SMART_GROW,0,0
2026-02-16T12:41:12.270Z,50,314,207.03,49,LAG_SHRINK,2,0
2026-02-16T12:41:12.345Z,50,317,26.00,50,SMART_GROW,0,0
2026-02-16T12:41:12.460Z,50,262,65.00,49,LAG_SHRINK,1,0
2026-02-16T12:41:12.546Z,49,265,85.49,48,LAG_SHRINK,1,0
2026-02-16T12:41:12.649Z,50,268,20.46,50,SMART_GROW,0,0
2026-02-16T12:41:12.650Z,50,251,4.00,50,SMART_GROW,0,0
2026-02-16T12:41:12.745Z,50,254,45.00,49,LAG_SHRINK,0,0
2026-02-16T12:41:12.843Z,49,258,78.87,48,LAG_SHRINK,1,0
2026-02-16T12:41:12.943Z,49,260,80.51,47,LAG_SHRINK,0,0
2026-02-16T12:41:13.050Z,50,261,20.42,50,SMART_GROW,0,0
2026-02-16T12:41:13.051Z,50,245,7.00,50,SMART_GROW,0,0
2026-02-16T12:41:13.145Z,50,286,44.00,49,LAG_SHRINK,0,0
2026-02-16T12:41:13.245Z,50,325,19.95,50,SMART_GROW,1,0
2026-02-16T12:41:13.247Z,50,314,1.00,50,SMART_GROW,0,0
2026-02-16T12:41:13.346Z,50,349,77.23,49,LAG_SHRINK,1,0
2026-02-16T12:41:13.443Z,49,381,80.51,48,LAG_SHRINK,1,0
2026-02-16T12:41:13.494Z,50,404,19.96,50,SMART_GROW,1,0
2026-02-16T12:41:13.544Z,50,396,1.00,50,SMART_GROW,0,0
2026-02-16T12:41:13.644Z,50,403,80.84,49,LAG_SHRINK,2,0
2026-02-16T12:41:13.744Z,50,408,20.24,50,SMART_GROW,3,0
2026-02-16T12:41:13.795Z,50,405,30.68,49,LAG_SHRINK,2,0
2026-02-16T12:41:13.846Z,49,404,48.38,48,LAG_SHRINK,2,0
2026-02-16T12:41:13.896Z,50,404,20.46,50,SMART_GROW,0,0
2026-02-16T12:41:13.946Z,50,403,0.00,50,SMART_GROW,0,0
2026-02-16T12:41:14.045Z,50,401,80.84,49,LAG_SHRINK,3,0
2026-02-16T12:41:14.096Z,50,415,20.42,50,SMART_GROW,1,0
2026-02-16T12:41:14.146Z,50,413,40.55,49,LAG_SHRINK,1,0
2026-02-16T12:41:14.197Z,50,414,19.75,50,SMART_GROW,1,0
2026-02-16T12:41:14.249Z,50,418,2.00,50,SMART_GROW,1,0
2026-02-16T12:41:14.345Z,50,422,46.00,49,LAG_SHRINK,0,0
2026-02-16T12:41:14.396Z,50,425,19.92,50,SMART_GROW,1,0
2026-02-16T12:41:14.446Z,50,424,1.00,50,SMART_GROW,0,0
2026-02-16T12:41:14.546Z,50,429,80.38,49,LAG_SHRINK,2,0
2026-02-16T12:41:14.645Z,50,428,19.75,50,SMART_GROW,3,0
2026-02-16T12:41:14.744Z,50,426,20.49,50,SMART_GROW,4,0
2026-02-16T12:41:14.845Z,50,427,20.05,50,SMART_GROW,4,0
2026-02-16T12:41:14.944Z,50,427,19.68,50,SMART_GROW,1,0
2026-02-16T12:41:14.994Z,50,429,19.81,50,SMART_GROW,1,0
2026-02-16T12:41:15.044Z,50,429,20.28,50,SMART_GROW,0,0
2026-02-16T12:41:15.094Z,50,428,20.06,50,SMART_GROW,2,0
2026-02-16T12:41:15.145Z,50,428,20.19,50,SMART_GROW,0,0
2026-02-16T12:41:15.195Z,50,430,19.60,50,SMART_GROW,0,0
2026-02-16T12:41:15.246Z,50,430,1.00,50,SMART_GROW,0,0
2026-02-16T12:41:15.296Z,50,431,20.14,50,SMART_GROW,0,0
2026-02-16T12:41:15.347Z,50,431,20.23,50,SMART_GROW,0,0
2026-02-16T12:41:15.397Z,50,432,20.16,50,SMART_GROW,0,0
2026-02-16T12:41:15.447Z,50,432,0.00,50,SMART_GROW,0,0
2026-02-16T12:41:15.544Z,50,434,80.18,49,LAG_SHRINK,0,0
2026-02-16T12:41:15.945Z,50,437,20.21,50,SMART_GROW,1,0
2026-02-16T12:41:15.948Z,50,307,255.00,49,LAG_SHRINK,0,0
2026-02-16T12:41:16.045Z,49,311,77.76,48,LAG_SHRINK,2,0
2026-02-16T12:41:16.143Z,48,312,76.32,47,LAG_SHRINK,2,0
2026-02-16T12:41:16.193Z,50,312,20.18,50,SMART_GROW,0,0
2026-02-16T12:41:16.244Z,50,309,40.71,49,LAG_SHRINK,0,0
2026-02-16T12:41:16.345Z,50,306,19.52,50,SMART_GROW,4,0
2026-02-16T12:41:16.444Z,50,302,49.23,49,LAG_SHRINK,3,0
2026-02-16T12:41:16.544Z,49,295,80.05,48,LAG_SHRINK,2,0
2026-02-16T12:41:16.594Z,50,296,20.59,50,SMART_GROW,1,0
2026-02-16T12:41:16.645Z,50,292,39.17,49,LAG_SHRINK,2,0
2026-02-16T12:41:16.744Z,49,328,49.00,48,LAG_SHRINK,3,0
2026-02-16T12:41:16.843Z,48,371,49.21,47,LAG_SHRINK,1,0
2026-02-16T12:41:16.893Z,50,407,19.60,50,SMART_GROW,0,0
2026-02-16T12:41:16.943Z,50,403,0.00,50,SMART_GROW,0,0
2026-02-16T12:41:17.046Z,50,418,53.00,49,LAG_SHRINK,3,0
2026-02-16T12:41:17.097Z,50,422,20.87,50,SMART_GROW,1,0
2026-02-16T12:41:17.147Z,50,420,0.00,50,SMART_GROW,1,0
2026-02-16T12:41:17.243Z,50,420,20.70,50,SMART_GROW,1,0
2026-02-16T12:41:17.293Z,50,423,19.58,50,SMART_GROW,0,0
2026-02-16T12:41:17.343Z,50,423,0.00,50,SMART_GROW,0,0
2026-02-16T12:41:17.393Z,50,426,19.91,50,SMART_GROW,0,0
2026-02-16T12:41:17.444Z,50,426,20.55,50,SMART_GROW,0,0
2026-02-16T12:41:17.494Z,50,430,19.84,50,SMART_GROW,0,0
2026-02-16T12:41:17.544Z,50,430,38.68,49,LAG_SHRINK,0,0
2026-02-16T12:41:17.642Z,50,436,79.59,48,LAG_SHRINK,0,0
2026-02-16T12:41:17.693Z,50,441,20.13,50,SMART_GROW,0,0
2026-02-16T12:41:17.742Z,50,441,20.24,50,SMART_GROW,0,0
2026-02-16T12:41:17.793Z,50,442,19.93,50,SMART_GROW,0,0
2026-02-16T12:41:17.843Z,50,442,20.26,50,SMART_GROW,0,0
2026-02-16T12:41:17.892Z,50,442,20.43,50,SMART_GROW,0,0
2026-02-16T12:41:17.943Z,50,444,1.00,50,SMART_GROW,0,0
2026-02-16T12:41:17.994Z,50,446,20.29,50,SMART_GROW,0,0
2026-02-16T12:41:18.044Z,50,446,20.28,50,SMART_GROW,0,0
2026-02-16T12:41:18.092Z,50,448,20.55,50,SMART_GROW,0,0
2026-02-16T12:41:18.143Z,50,448,1.00,50,SMART_GROW,0,0
2026-02-16T12:41:18.343Z,50,380,150.00,49,LAG_SHRINK,1,0
2026-02-16T12:41:18.647Z,50,381,20.31,50,SMART_GROW,1,0
2026-02-16T12:41:18.651Z,50,284,207.00,49,LAG_SHRINK,0,0
2026-02-16T12:41:18.743Z,50,284,42.00,48,LAG_SHRINK,0,0
2026-02-16T12:41:18.865Z,50,284,20.51,50,SMART_GROW,1,0
2026-02-16T12:41:18.866Z,50,243,23.00,50,SMART_GROW,0,0
2026-02-16T12:41:18.944Z,50,243,28.00,50,SMART_GROW,0,0
2026-02-16T12:41:19.045Z,50,240,51.00,49,LAG_SHRINK,3,0
2026-02-16T12:41:19.146Z,49,234,51.00,48,LAG_SHRINK,2,0
2026-02-16T12:41:19.245Z,48,237,49.00,47,LAG_SHRINK,2,0
2026-02-16T12:41:19.346Z,50,281,20.42,50,SMART_GROW,3,0
2026-02-16T12:41:19.450Z,50,291,19.75,50,SMART_GROW,4,0
2026-02-16T12:41:19.548Z,50,322,93.16,49,LAG_SHRINK,3,0
2026-02-16T12:41:19.644Z,49,360,46.00,48,LAG_SHRINK,2,0
2026-02-16T12:41:19.696Z,50,371,20.15,50,SMART_GROW,1,0
2026-02-16T12:41:19.747Z,50,366,2.00,50,SMART_GROW,1,0
2026-02-16T12:41:19.843Z,50,372,82.94,49,LAG_SHRINK,2,0
2026-02-16T12:41:19.942Z,49,401,77.96,48,LAG_SHRINK,1,0
2026-02-16T12:41:19.994Z,50,407,20.41,50,SMART_GROW,1,0
2026-02-16T12:41:20.044Z,50,401,2.00,50,SMART_GROW,0,0
2026-02-16T12:41:20.142Z,50,406,78.48,49,LAG_SHRINK,3,0
2026-02-16T12:41:20.192Z,50,413,20.98,50,SMART_GROW,1,0
2026-02-16T12:41:20.242Z,50,412,20.24,50,SMART_GROW,0,0
2026-02-16T12:41:20.342Z,50,423,48.96,49,LAG_SHRINK,2,0
2026-02-16T12:41:20.440Z,50,425,20.62,50,SMART_GROW,1,0
2026-02-16T12:41:20.443Z,50,424,1.00,50,SMART_GROW,0,0
2026-02-16T12:41:20.542Z,50,426,19.57,50,SMART_GROW,2,0
2026-02-16T12:41:20.643Z,50,427,20.14,50,SMART_GROW,2,0
2026-02-16T12:41:20.743Z,50,428,20.50,50,SMART_GROW,2,0
2026-02-16T12:41:20.843Z,50,428,20.12,50,SMART_GROW,2,0
2026-02-16T12:41:20.943Z,50,428,48.60,49,LAG_SHRINK,1,0
2026-02-16T12:41:20.995Z,50,430,20.52,50,SMART_GROW,1,0
2026-02-16T12:41:21.044Z,50,430,0.00,50,SMART_GROW,0,0
2026-02-16T12:41:21.095Z,50,431,20.49,50,SMART_GROW,1,0
2026-02-16T12:41:21.145Z,50,432,20.39,50,SMART_GROW,0,0
2026-02-16T12:41:21.196Z,50,433,20.90,50,SMART_GROW,0,0
2026-02-16T12:41:21.246Z,50,433,0.00,50,SMART_GROW,0,0
2026-02-16T12:41:21.341Z,50,434,20.87,50,SMART_GROW,0,0
2026-02-16T12:41:21.391Z,50,436,20.53,50,SMART_GROW,0,0
2026-02-16T12:41:21.442Z,50,436,1.00,50,SMART_GROW,0,0
2026-02-16T12:41:21.493Z,50,436,20.31,50,SMART_GROW,1,0
2026-02-16T12:41:21.543Z,50,436,20.34,50,SMART_GROW,0,0
2026-02-16T12:41:21.593Z,50,438,19.75,50,SMART_GROW,0,0
2026-02-16T12:41:21.643Z,50,438,0.00,50,SMART_GROW,0,0
2026-02-16T12:41:21.694Z,50,440,20.36,50,SMART_GROW,0,0
2026-02-16T12:41:21.744Z,50,440,20.25,50,SMART_GROW,0,0
2026-02-16T12:41:21.794Z,50,442,20.59,50,SMART_GROW,0,0
2026-02-16T12:41:21.844Z,50,442,20.27,50,SMART_GROW,0,0
2026-02-16T12:41:21.894Z,50,444,20.91,50,SMART_GROW,0,0
2026-02-16T12:41:21.945Z,50,444,1.00,50,SMART_GROW,0,0
2026-02-16T12:41:22.243Z,50,318,248.00,49,LAG_SHRINK,1,0
2026-02-16T12:41:22.346Z,50,323,20.39,50,SMART_GROW,1,0
2026-02-16T12:41:22.347Z,50,305,3.00,50,SMART_GROW,0,0
2026-02-16T12:41:22.444Z,50,302,76.12,49,LAG_SHRINK,1,0
2026-02-16T12:41:22.540Z,49,303,76.38,48,LAG_SHRINK,1,0
2026-02-16T12:41:22.641Z,50,303,20.39,50,SMART_GROW,0,0
2026-02-16T12:41:22.642Z,50,293,2.00,50,SMART_GROW,0,0
2026-02-16T12:41:22.743Z,50,287,19.73,50,SMART_GROW,2,0
2026-02-16T12:41:22.845Z,50,284,49.76,49,LAG_SHRINK,3,0
2026-02-16T12:41:22.943Z,50,281,19.10,50,SMART_GROW,4,0
2026-02-16T12:41:23.044Z,50,298,48.53,49,LAG_SHRINK,2,0
2026-02-16T12:41:23.142Z,49,374,81.82,48,LAG_SHRINK,3,0
2026-02-16T12:41:23.191Z,50,402,20.88,50,SMART_GROW,1,0
2026-02-16T12:41:23.244Z,50,400,40.52,49,LAG_SHRINK,0,0
2026-02-16T12:41:23.346Z,49,406,53.00,48,LAG_SHRINK,3,0
2026-02-16T12:41:23.442Z,48,415,47.59,47,LAG_SHRINK,2,0
2026-02-16T12:41:23.542Z,47,418,79.46,46,LAG_SHRINK,2,0
2026-02-16T12:41:23.592Z,50,418,20.46,50,SMART_GROW,1,0
2026-02-16T12:41:23.646Z,50,421,4.00,50,SMART_GROW,0,0
2026-02-16T12:41:23.743Z,50,425,47.00,49,LAG_SHRINK,3,0
2026-02-16T12:41:23.793Z,50,428,20.15,50,SMART_GROW,1,0
2026-02-16T12:41:23.844Z,50,426,37.77,49,LAG_SHRINK,1,0
2026-02-16T12:41:23.941Z,50,430,20.41,50,SMART_GROW,1,0
2026-02-16T12:41:24.043Z,50,431,50.02,49,LAG_SHRINK,1,0
2026-02-16T12:41:24.094Z,50,433,20.49,50,SMART_GROW,1,0
2026-02-16T12:41:24.143Z,50,432,0.00,50,SMART_GROW,0,0
2026-02-16T12:41:24.193Z,50,433,20.14,50,SMART_GROW,1,0
2026-02-16T12:41:24.243Z,50,433,20.27,50,SMART_GROW,0,0
2026-02-16T12:41:24.293Z,50,436,20.36,50,SMART_GROW,0,0
2026-02-16T12:41:24.343Z,50,436,20.29,50,SMART_GROW,0,0
2026-02-16T12:41:24.394Z,50,438,20.60,50,SMART_GROW,0,0
2026-02-16T12:41:24.444Z,50,438,1.00,50,SMART_GROW,0,0
2026-02-16T12:41:24.541Z,50,440,20.39,50,SMART_GROW,0,0
2026-02-16T12:41:24.590Z,50,441,19.70,50,SMART_GROW,0,0
2026-02-16T12:41:24.640Z,50,441,0.00,50,SMART_GROW,0,0
2026-02-16T12:41:24.691Z,50,444,20.41,50,SMART_GROW,0,0
2026-02-16T12:41:24.741Z,50,444,0.00,50,SMART_GROW,0,0
2026-02-16T12:41:24.791Z,50,445,20.47,50,SMART_GROW,0,0
2026-02-16T12:41:24.842Z,50,445,20.31,50,SMART_GROW,0,0
2026-02-16T12:41:25.352Z,50,283,461.00,49,LAG_SHRINK,1,0
2026-02-16T12:41:25.442Z,50,286,89.75,48,LAG_SHRINK,0,0
2026-02-16T12:41:25.651Z,50,286,20.47,50,SMART_GROW,1,0
2026-02-16T12:41:25.653Z,50,229,110.00,49,LAG_SHRINK,0,0
2026-02-16T12:41:25.744Z,49,224,41.00,48,LAG_SHRINK,3,0
2026-02-16T12:41:25.841Z,48,221,48.28,47,LAG_SHRINK,4,0
2026-02-16T12:41:25.892Z,50,237,20.90,50,SMART_GROW,1,0
2026-02-16T12:41:25.948Z,50,234,6.00,50,SMART_GROW,0,0
2026-02-16T12:41:26.043Z,50,263,82.54,49,LAG_SHRINK,4,0
2026-02-16T12:41:26.094Z,50,297,21.37,50,SMART_GROW,0,0
2026-02-16T12:41:26.144Z,50,297,1.00,50,SMART_GROW,0,0
2026-02-16T12:41:26.194Z,50,335,20.73,50,SMART_GROW,0,0
2026-02-16T12:41:26.245Z,50,335,1.00,50,SMART_GROW,0,0
2026-02-16T12:41:26.343Z,50,368,48.00,49,LAG_SHRINK,1,0
2026-02-16T12:41:26.442Z,50,374,20.00,50,SMART_GROW,1,0
2026-02-16T12:41:26.444Z,50,371,0.00,50,SMART_GROW,0,0
2026-02-16T12:41:26.544Z,50,379,78.87,49,LAG_SHRINK,1,0
2026-02-16T12:41:26.641Z,49,411,79.79,48,LAG_SHRINK,1,0
2026-02-16T12:41:26.692Z,50,433,20.64,50,SMART_GROW,0,0
2026-02-16T12:41:26.742Z,50,429,0.00,50,SMART_GROW,0,0
2026-02-16T12:41:26.841Z,50,430,79.79,49,LAG_SHRINK,3,0
2026-02-16T12:41:26.941Z,50,431,79.07,48,LAG_SHRINK,0,0
2026-02-16T12:41:26.990Z,50,434,20.59,50,SMART_GROW,0,0
2026-02-16T12:41:27.040Z,50,434,0.00,50,SMART_GROW,0,0
2026-02-16T12:41:27.091Z,50,435,20.32,50,SMART_GROW,0,0
2026-02-16T12:41:27.141Z,50,435,39.50,49,LAG_SHRINK,0,0
2026-02-16T12:41:27.190Z,50,435,20.72,50,SMART_GROW,0,0
2026-02-16T12:41:27.240Z,50,435,20.26,50,SMART_GROW,0,0
2026-02-16T12:41:27.291Z,50,439,20.24,50,SMART_GROW,0,0
2026-02-16T12:41:27.341Z,50,439,1.00,50,SMART_GROW,0,0
2026-02-16T12:41:27.391Z,50,440,20.39,50,SMART_GROW,0,0
2026-02-16T12:41:27.442Z,50,440,20.32,50,SMART_GROW,0,0
2026-02-16T12:41:27.492Z,50,443,20.28,50,SMART_GROW,0,0
2026-02-16T12:41:27.542Z,50,443,20.44,50,SMART_GROW,0,0
2026-02-16T12:41:27.592Z,50,444,20.56,50,SMART_GROW,0,0
2026-02-16T12:41:27.643Z,50,444,20.13,50,SMART_GROW,0,0
2026-02-16T12:41:27.741Z,50,439,48.57,49,LAG_SHRINK,2,0
2026-02-16T12:41:27.846Z,49,439,81.56,48,LAG_SHRINK,4,0
2026-02-16T12:41:27.943Z,48,438,77.37,47,LAG_SHRINK,2,0
2026-02-16T12:41:28.043Z,47,437,79.99,46,LAG_SHRINK,2,0
2026-02-16T12:41:28.164Z,50,437,20.49,50,SMART_GROW,1,0
2026-02-16T12:41:28.241Z,50,342,98.00,49,LAG_SHRINK,0,0
2026-02-16T12:41:28.353Z,49,309,103.25,48,LAG_SHRINK,3,0
2026-02-16T12:41:28.449Z,48,299,46.00,47,LAG_SHRINK,2,0
2026-02-16T12:41:28.542Z,47,296,93.03,46,LAG_SHRINK,2,0
2026-02-16T12:41:28.593Z,50,296,20.52,50,SMART_GROW,1,0
2026-02-16T12:41:28.645Z,50,292,42.22,49,LAG_SHRINK,0,0
2026-02-16T12:41:28.750Z,49,289,55.00,48,LAG_SHRINK,5,0
2026-02-16T12:41:28.842Z,48,289,90.01,47,LAG_SHRINK,3,0
2026-02-16T12:41:28.894Z,50,292,19.98,50,SMART_GROW,1,0
2026-02-16T12:41:28.947Z,50,286,4.00,50,SMART_GROW,0,0
2026-02-16T12:41:29.046Z,50,284,49.00,49,LAG_SHRINK,4,0
2026-02-16T12:41:29.146Z,50,291,21.05,50,SMART_GROW,2,0
2026-02-16T12:41:29.246Z,50,352,97.55,49,LAG_SHRINK,1,0
2026-02-16T12:41:29.341Z,49,391,77.96,48,LAG_SHRINK,1,0
2026-02-16T12:41:29.392Z,50,408,20.46,50,SMART_GROW,0,0
2026-02-16T12:41:29.443Z,50,405,2.00,50,SMART_GROW,0,0
2026-02-16T12:41:29.543Z,50,415,81.49,49,LAG_SHRINK,1,0
2026-02-16T12:41:29.594Z,50,419,20.82,50,SMART_GROW,1,0
2026-02-16T12:41:29.643Z,50,417,0.00,50,SMART_GROW,0,0
2026-02-16T12:41:29.743Z,50,423,79.86,49,LAG_SHRINK,2,0
2026-02-16T12:41:29.794Z,50,428,20.31,50,SMART_GROW,1,0
2026-02-16T12:41:29.846Z,50,426,42.52,49,LAG_SHRINK,1,0
2026-02-16T12:41:29.895Z,50,429,19.70,50,SMART_GROW,0,0
2026-02-16T12:41:29.945Z,50,432,0.00,50,SMART_GROW,0,0
2026-02-16T12:41:29.996Z,50,435,20.65,50,SMART_GROW,0,0
2026-02-16T12:41:30.047Z,50,436,1.00,50,SMART_GROW,0,0
2026-02-16T12:41:30.098Z,50,438,20.72,50,SMART_GROW,0,0
2026-02-16T12:41:30.149Z,50,438,1.00,50,SMART_GROW,0,0
2026-02-16T12:41:30.199Z,50,439,20.31,50,SMART_GROW,0,0
2026-02-16T12:41:30.249Z,50,439,20.23,50,SMART_GROW,0,0
2026-02-16T12:41:30.300Z,50,440,20.29,50,SMART_GROW,0,0
2026-02-16T12:41:30.349Z,50,440,0.00,50,SMART_GROW,0,0
2026-02-16T12:41:30.442Z,50,438,81.89,49,LAG_SHRINK,2,0
2026-02-16T12:41:30.542Z,50,438,19.62,50,SMART_GROW,2,0
2026-02-16T12:41:30.646Z,50,436,50.25,49,LAG_SHRINK,3,0
2026-02-16T12:41:30.743Z,49,438,47.00,48,LAG_SHRINK,2,0
2026-02-16T12:41:30.794Z,50,438,19.82,50,SMART_GROW,2,0
2026-02-16T12:41:30.844Z,50,435,0.00,50,SMART_GROW,1,0
2026-02-16T12:41:30.942Z,50,430,82.41,49,LAG_SHRINK,1,0
2026-02-16T12:41:31.043Z,50,397,20.83,50,SMART_GROW,3,0
2026-02-16T12:41:31.158Z,50,366,57.09,49,LAG_SHRINK,1,0
2026-02-16T12:41:31.344Z,49,325,165.35,48,LAG_SHRINK,2,0
2026-02-16T12:41:31.461Z,50,326,20.16,50,SMART_GROW,1,0
2026-02-16T12:41:31.463Z,50,282,19.00,50,SMART_GROW,0,0
2026-02-16T12:41:31.545Z,50,286,32.00,49,LAG_SHRINK,1,0
2026-02-16T12:41:31.657Z,49,248,55.91,48,LAG_SHRINK,3,0
2026-02-16T12:41:31.742Z,48,249,64.41,47,LAG_SHRINK,1,0
2026-02-16T12:41:31.848Z,50,251,20.77,50,SMART_GROW,0,0
2026-02-16T12:41:31.849Z,50,225,7.00,50,SMART_GROW,0,0
2026-02-16T12:41:31.900Z,50,225,20.34,50,SMART_GROW,0,0
2026-02-16T12:41:31.951Z,50,231,20.31,50,SMART_GROW,0,0
2026-02-16T12:41:32.042Z,50,259,91.06,49,LAG_SHRINK,0,0
2026-02-16T12:41:32.093Z,50,265,20.78,50,SMART_GROW,0,0
2026-02-16T12:41:32.143Z,50,265,20.31,50,SMART_GROW,0,0
2026-02-16T12:41:32.241Z,50,282,48.85,49,LAG_SHRINK,0,0
2026-02-16T12:41:32.343Z,50,312,52.00,48,LAG_SHRINK,0,0
2026-02-16T12:41:32.441Z,50,328,97.62,47,LAG_SHRINK,0,0
2026-02-16T12:41:32.542Z,50,352,51.00,46,LAG_SHRINK,0,0
2026-02-16T12:41:32.641Z,50,378,78.68,45,LAG_SHRINK,0,0
2026-02-16T12:41:32.747Z,50,399,20.41,50,SMART_GROW,1,0
2026-02-16T12:41:32.748Z,50,386,7.00,50,SMART_GROW,0,0
2026-02-16T12:41:32.844Z,50,391,46.00,49,LAG_SHRINK,1,0
2026-02-16T12:41:32.894Z,50,403,20.39,50,SMART_GROW,1,0
2026-02-16T12:41:32.945Z,50,401,1.00,50,SMART_GROW,1,0
2026-02-16T12:41:33.040Z,50,401,19.34,50,SMART_GROW,0,0
2026-02-16T12:41:33.141Z,50,399,49.97,49,LAG_SHRINK,2,0
2026-02-16T12:41:33.191Z,50,399,20.59,50,SMART_GROW,0,0
2026-02-16T12:41:33.241Z,50,399,0.00,50,SMART_GROW,0,0
2026-02-16T12:41:33.292Z,50,399,20.59,50,SMART_GROW,0,0
2026-02-16T12:41:33.342Z,50,399,20.28,50,SMART_GROW,0,0
2026-02-16T12:41:33.392Z,50,399,20.52,50,SMART_GROW,0,0
2026-02-16T12:41:33.442Z,50,399,20.28,50,SMART_GROW,0,0
2026-02-16T12:41:33.493Z,50,399,20.36,50,SMART_GROW,0,0
2026-02-16T12:41:33.543Z,50,399,20.47,50,SMART_GROW,0,0
2026-02-16T12:41:33.594Z,50,399,20.41,50,SMART_GROW,0,0
2026-02-16T12:41:33.644Z,50,399,0.00,50,SMART_GROW,0,0
2026-02-16T12:41:33.694Z,50,400,19.73,50,SMART_GROW,0,0
2026-02-16T12:41:33.745Z,50,404,1.00,50,SMART_GROW,0,0
2026-02-16T12:41:33.794Z,50,417,20.08,50,SMART_GROW,0,0
2026-02-16T12:41:33.845Z,50,417,20.43,50,SMART_GROW,0,0
2026-02-16T12:41:33.945Z,50,406,79.72,49,LAG_SHRINK,3,0
2026-02-16T12:41:34.041Z,49,406,76.19,48,LAG_SHRINK,2,0
2026-02-16T12:41:34.092Z,50,407,20.57,50,SMART_GROW,0,0
2026-02-16T12:41:34.143Z,50,406,1.00,50,SMART_GROW,0,0
2026-02-16T12:41:34.194Z,50,399,20.77,50,SMART_GROW,1,0
2026-02-16T12:41:34.244Z,50,399,0.00,50,SMART_GROW,0,0
2026-02-16T12:41:34.294Z,50,399,20.54,50,SMART_GROW,0,0
2026-02-16T12:41:34.344Z,50,399,20.30,50,SMART_GROW,0,0
2026-02-16T12:41:34.561Z,50,295,167.00,49,LAG_SHRINK,1,0
2026-02-16T12:41:34.663Z,49,265,52.00,48,LAG_SHRINK,2,0
2026-02-16T12:41:34.745Z,50,265,28.00,50,SMART_GROW,0,0
2026-02-16T12:41:34.846Z,50,251,85.62,49,LAG_SHRINK,1,0
2026-02-16T12:41:34.942Z,49,258,77.04,48,LAG_SHRINK,1,0
2026-02-16T12:41:35.041Z,48,261,78.68,47,LAG_SHRINK,1,0
2026-02-16T12:41:35.141Z,48,261,79.27,46,LAG_SHRINK,0,0
2026-02-16T12:41:35.248Z,50,267,20.54,50,SMART_GROW,1,0
2026-02-16T12:41:35.249Z,50,252,8.00,50,SMART_GROW,0,0
2026-02-16T12:41:35.343Z,50,251,74.35,49,LAG_SHRINK,1,0
2026-02-16T12:41:35.442Z,49,280,77.17,48,LAG_SHRINK,1,0
2026-02-16T12:41:35.492Z,50,313,20.50,50,SMART_GROW,0,0
2026-02-16T12:41:35.543Z,50,312,1.00,50,SMART_GROW,0,0
2026-02-16T12:41:35.646Z,50,329,53.00,49,LAG_SHRINK,3,0
2026-02-16T12:41:35.741Z,49,348,94.73,48,LAG_SHRINK,2,0
2026-02-16T12:41:35.841Z,48,358,80.31,47,LAG_SHRINK,1,0
2026-02-16T12:41:35.941Z,50,362,20.26,50,SMART_GROW,0,0
2026-02-16T12:41:35.943Z,50,358,1.00,50,SMART_GROW,0,0
2026-02-16T12:41:36.045Z,50,358,52.00,49,LAG_SHRINK,2,0
2026-02-16T12:41:36.143Z,50,356,21.22,50,SMART_GROW,3,0
2026-02-16T12:41:36.244Z,50,353,49.12,49,LAG_SHRINK,2,0
2026-02-16T12:41:36.343Z,50,361,19.85,50,SMART_GROW,2,0
2026-02-16T12:41:36.441Z,50,360,48.88,49,LAG_SHRINK,2,0
2026-02-16T12:41:36.491Z,50,360,20.95,50,SMART_GROW,1,0
2026-02-16T12:41:36.543Z,50,359,2.00,50,SMART_GROW,0,0
2026-02-16T12:41:36.642Z,50,359,82.08,49,LAG_SHRINK,2,0
2026-02-16T12:41:36.742Z,50,359,20.32,50,SMART_GROW,3,0
2026-02-16T12:41:36.842Z,50,355,20.03,50,SMART_GROW,3,0
2026-02-16T12:41:36.942Z,50,353,20.02,50,SMART_GROW,3,0
2026-02-16T12:41:36.992Z,50,352,20.15,50,SMART_GROW,2,0
2026-02-16T12:41:37.043Z,50,352,1.00,50,SMART_GROW,0,0
2026-02-16T12:41:37.140Z,50,354,80.12,49,LAG_SHRINK,0,0
2026-02-16T12:41:37.190Z,50,356,19.85,50,SMART_GROW,0,0
2026-02-16T12:41:37.241Z,50,356,20.31,50,SMART_GROW,0,0
2026-02-16T12:41:37.343Z,50,302,101.88,49,LAG_SHRINK,1,0
2026-02-16T12:41:37.443Z,49,273,79.27,48,LAG_SHRINK,2,0
2026-02-16T12:41:37.496Z,50,275,20.85,50,SMART_GROW,0,0
2026-02-16T12:41:37.555Z,50,251,12.00,50,SMART_GROW,1,0
2026-02-16T12:41:37.648Z,50,227,87.00,49,LAG_SHRINK,1,0
2026-02-16T12:41:37.745Z,49,206,47.00,48,LAG_SHRINK,2,0
2026-02-16T12:41:37.847Z,50,208,20.98,50,SMART_GROW,2,0
2026-02-16T12:41:37.944Z,50,189,48.06,49,LAG_SHRINK,2,0
2026-02-16T12:41:38.041Z,50,190,76.05,48,LAG_SHRINK,0,0
2026-02-16T12:41:38.092Z,50,190,19.77,50,SMART_GROW,0,0
2026-02-16T12:41:38.142Z,50,190,20.46,50,SMART_GROW,0,0
2026-02-16T12:41:38.241Z,50,190,20.48,50,SMART_GROW,0,0
2026-02-16T12:41:38.341Z,50,231,49.79,49,LAG_SHRINK,0,0
2026-02-16T12:41:38.441Z,49,240,80.12,48,LAG_SHRINK,1,0
2026-02-16T12:41:38.491Z,50,259,20.34,50,SMART_GROW,0,0
2026-02-16T12:41:38.544Z,50,267,3.00,50,SMART_GROW,0,0
2026-02-16T12:41:38.643Z,50,275,79.79,49,LAG_SHRINK,3,0
2026-02-16T12:41:38.741Z,50,309,20.08,50,SMART_GROW,3,0
2026-02-16T12:41:38.851Z,50,300,53.96,49,LAG_SHRINK,2,0
2026-02-16T12:41:38.942Z,49,309,70.29,48,LAG_SHRINK,1,0
2026-02-16T12:41:38.994Z,50,314,20.36,50,SMART_GROW,1,0
2026-02-16T12:41:39.044Z,50,311,1.00,50,SMART_GROW,0,0
2026-02-16T12:41:39.143Z,50,308,78.54,49,LAG_SHRINK,3,0
2026-02-16T12:41:39.240Z,49,308,78.48,48,LAG_SHRINK,1,0
2026-02-16T12:41:39.291Z,50,308,20.24,50,SMART_GROW,0,0
2026-02-16T12:41:39.342Z,50,306,42.19,49,LAG_SHRINK,1,0
2026-02-16T12:41:39.393Z,50,307,20.42,50,SMART_GROW,1,0
2026-02-16T12:41:39.445Z,50,305,2.00,50,SMART_GROW,1,0
2026-02-16T12:41:39.543Z,50,304,80.97,49,LAG_SHRINK,1,0
2026-02-16T12:41:39.641Z,49,306,78.94,48,LAG_SHRINK,1,0
2026-02-16T12:41:39.690Z,50,308,20.42,50,SMART_GROW,0,0
2026-02-16T12:41:39.743Z,50,306,41.80,49,LAG_SHRINK,1,0
2026-02-16T12:41:39.792Z,50,307,21.21,50,SMART_GROW,1,0
2026-02-16T12:41:39.843Z,50,306,37.93,49,LAG_SHRINK,0,0
2026-02-16T12:41:39.942Z,49,312,79.00,48,LAG_SHRINK,2,0
2026-02-16T12:41:40.040Z,50,315,20.34,50,SMART_GROW,1,0
2026-02-16T12:41:40.141Z,50,314,50.10,49,LAG_SHRINK,1,0
2026-02-16T12:41:40.240Z,49,316,79.66,48,LAG_SHRINK,1,0
2026-02-16T12:41:40.290Z,50,316,20.50,50,SMART_GROW,0,0
2026-02-16T12:41:40.340Z,50,315,20.31,50,SMART_GROW,0,0
2026-02-16T12:41:40.391Z,50,316,19.96,50,SMART_GROW,0,0
2026-02-16T12:41:40.441Z,50,316,20.41,50,SMART_GROW,0,0
2026-02-16T12:41:40.541Z,50,317,49.48,49,LAG_SHRINK,0,0
2026-02-16T12:41:40.591Z,50,318,20.59,50,SMART_GROW,0,0
2026-02-16T12:41:40.641Z,50,318,20.34,50,SMART_GROW,0,0
2026-02-16T12:41:40.692Z,50,318,20.13,50,SMART_GROW,0,0
2026-02-16T12:41:40.741Z,50,318,0.00,50,SMART_GROW,0,0
2026-02-16T12:41:40.841Z,50,320,19.64,50,SMART_GROW,0,0
2026-02-16T12:41:41.163Z,50,206,322.04,49,LAG_SHRINK,1,0
2026-02-16T12:41:41.243Z,50,206,30.00,50,SMART_GROW,2,0
2026-02-16T12:41:41.348Z,50,197,55.00,49,LAG_SHRINK,2,0
2026-02-16T12:41:41.441Z,49,196,93.16,48,LAG_SHRINK,2,0
2026-02-16T12:41:41.492Z,50,196,20.55,50,SMART_GROW,0,0
2026-02-16T12:41:41.542Z,50,195,38.58,49,LAG_SHRINK,0,0
2026-02-16T12:41:41.592Z,50,195,20.67,50,SMART_GROW,0,0
2026-02-16T12:41:41.643Z,50,195,20.26,50,SMART_GROW,0,0
2026-02-16T12:41:41.692Z,50,191,19.71,50,SMART_GROW,1,0
2026-02-16T12:41:41.743Z,50,191,20.52,50,SMART_GROW,0,0
2026-02-16T12:41:41.794Z,50,191,20.07,50,SMART_GROW,0,0
2026-02-16T12:41:41.844Z,50,191,20.52,50,SMART_GROW,0,0
2026-02-16T12:41:41.944Z,50,206,48.66,49,LAG_SHRINK,1,0
2026-02-16T12:41:41.994Z,50,228,20.60,50,SMART_GROW,1,0
2026-02-16T12:41:42.044Z,50,227,0.00,50,SMART_GROW,0,0
2026-02-16T12:41:42.095Z,50,249,20.21,50,SMART_GROW,0,0
2026-02-16T12:41:42.145Z,50,249,20.38,50,SMART_GROW,0,0
2026-02-16T12:41:42.241Z,50,270,79.79,49,LAG_SHRINK,0,0
2026-02-16T12:41:42.292Z,50,271,20.70,50,SMART_GROW,0,0
2026-02-16T12:41:42.346Z,50,265,4.00,50,SMART_GROW,1,0
2026-02-16T12:41:42.444Z,50,270,76.19,49,LAG_SHRINK,1,0
2026-02-16T12:41:42.494Z,50,271,19.70,50,SMART_GROW,0,0
2026-02-16T12:41:42.544Z,50,271,0.00,50,SMART_GROW,0,0
2026-02-16T12:41:42.641Z,50,271,20.60,50,SMART_GROW,0,0
2026-02-16T12:41:42.691Z,50,274,19.64,50,SMART_GROW,0,0
2026-02-16T12:41:42.740Z,50,274,0.00,50,SMART_GROW,0,0
2026-02-16T12:41:42.790Z,50,274,19.93,50,SMART_GROW,0,0
2026-02-16T12:41:42.840Z,50,274,0.00,50,SMART_GROW,0,0
2026-02-16T12:41:42.891Z,50,274,20.64,50,SMART_GROW,0,0
2026-02-16T12:41:42.941Z,50,274,0.00,50,SMART_GROW,0,0
2026-02-16T12:41:42.992Z,50,275,20.49,50,SMART_GROW,0,0
2026-02-16T12:41:43.042Z,50,275,0.00,50,SMART_GROW,0,0
2026-02-16T12:41:43.093Z,50,275,19.91,50,SMART_GROW,0,0
2026-02-16T12:41:43.142Z,50,275,39.11,49,LAG_SHRINK,0,0
2026-02-16T12:41:43.192Z,50,275,19.60,50,SMART_GROW,0,0
2026-02-16T12:41:43.243Z,50,275,20.24,50,SMART_GROW,0,0
2026-02-16T12:41:43.292Z,50,275,20.75,50,SMART_GROW,0,0
2026-02-16T12:41:43.343Z,50,275,20.57,50,SMART_GROW,0,0
2026-02-16T12:41:43.393Z,50,280,20.14,50,SMART_GROW,0,0
2026-02-16T12:41:43.444Z,50,280,20.32,50,SMART_GROW,0,0
2026-02-16T12:41:43.541Z,50,282,48.04,49,LAG_SHRINK,0,0
2026-02-16T12:41:43.641Z,49,282,50.00,48,LAG_SHRINK,1,0
2026-02-16T12:41:44.153Z,50,282,20.14,50,SMART_GROW,1,0
2026-02-16T12:41:44.160Z,50,145,419.00,49,LAG_SHRINK,0,0
2026-02-16T12:41:44.251Z,50,145,41.00,48,LAG_SHRINK,0,0
2026-02-16T12:41:44.347Z,48,129,46.00,47,LAG_SHRINK,3,0
2026-02-16T12:41:44.442Z,47,129,47.50,46,LAG_SHRINK,1,0
2026-02-16T12:41:44.493Z,50,129,20.46,50,SMART_GROW,0,0
2026-02-16T12:41:44.547Z,50,126,4.00,50,SMART_GROW,0,0
2026-02-16T12:41:44.646Z,50,122,49.00,49,LAG_SHRINK,4,0
2026-02-16T12:41:44.743Z,49,123,97.42,48,LAG_SHRINK,2,0
2026-02-16T12:41:44.793Z,50,154,19.34,50,SMART_GROW,1,0
2026-02-16T12:41:44.843Z,50,150,37.01,49,LAG_SHRINK,2,0
2026-02-16T12:41:44.943Z,50,161,50.00,48,LAG_SHRINK,0,0
2026-02-16T12:41:44.995Z,50,183,20.59,50,SMART_GROW,2,0
2026-02-16T12:41:45.044Z,50,179,1.00,50,SMART_GROW,0,0
2026-02-16T12:41:45.143Z,50,190,78.61,49,LAG_SHRINK,3,0
2026-02-16T12:41:45.194Z,50,203,19.31,50,SMART_GROW,1,0
2026-02-16T12:41:45.246Z,50,201,2.00,50,SMART_GROW,1,0
2026-02-16T12:41:45.343Z,50,206,81.82,49,LAG_SHRINK,1,0
2026-02-16T12:41:45.440Z,49,211,78.54,48,LAG_SHRINK,2,0
2026-02-16T12:41:45.490Z,50,212,20.21,50,SMART_GROW,1,0
2026-02-16T12:41:45.544Z,50,209,42.55,49,LAG_SHRINK,1,0
2026-02-16T12:41:45.595Z,50,210,20.13,50,SMART_GROW,0,0
2026-02-16T12:41:45.645Z,50,211,20.14,50,SMART_GROW,0,0
2026-02-16T12:41:45.696Z,50,212,20.39,50,SMART_GROW,0,0
2026-02-16T12:41:45.745Z,50,212,20.27,50,SMART_GROW,0,0
2026-02-16T12:41:45.796Z,50,214,19.87,50,SMART_GROW,0,0
2026-02-16T12:41:45.845Z,50,214,0.00,50,SMART_GROW,0,0
2026-02-16T12:41:45.944Z,50,213,81.82,49,LAG_SHRINK,2,0
2026-02-16T12:41:45.994Z,50,215,20.34,50,SMART_GROW,0,0
2026-02-16T12:41:46.044Z,50,216,0.00,50,SMART_GROW,0,0
2026-02-16T12:41:46.141Z,50,218,20.47,50,SMART_GROW,0,0
2026-02-16T12:41:46.190Z,50,219,21.18,50,SMART_GROW,0,0
2026-02-16T12:41:46.241Z,50,219,20.37,50,SMART_GROW,0,0
2026-02-16T12:41:46.290Z,50,219,20.46,50,SMART_GROW,0,0
2026-02-16T12:41:46.341Z,50,219,1.00,50,SMART_GROW,0,0
2026-02-16T12:41:46.391Z,50,221,20.37,50,SMART_GROW,0,0
2026-02-16T12:41:46.441Z,50,221,20.24,50,SMART_GROW,0,0
2026-02-16T12:41:46.541Z,50,220,48.38,49,LAG_SHRINK,1,0
2026-02-16T12:41:46.642Z,49,219,81.17,48,LAG_SHRINK,2,0
2026-02-16T12:41:46.692Z,50,219,20.64,50,SMART_GROW,1,0
2026-02-16T12:41:46.746Z,50,217,43.57,49,LAG_SHRINK,0,0
2026-02-16T12:41:46.843Z,49,215,77.43,48,LAG_SHRINK,3,0
2026-02-16T12:41:46.940Z,48,215,75.66,47,LAG_SHRINK,1,0
2026-02-16T12:41:47.141Z,50,216,20.37,50,SMART_GROW,0,0
2026-02-16T12:41:47.142Z,50,182,101.00,49,LAG_SHRINK,0,0
2026-02-16T12:41:47.248Z,49,142,56.00,48,LAG_SHRINK,2,0
2026-02-16T12:41:47.299Z,50,142,20.14,50,SMART_GROW,1,0
2026-02-16T12:41:47.349Z,50,136,0.00,50,SMART_GROW,2,0
2026-02-16T12:41:47.399Z,50,136,20.32,50,SMART_GROW,0,0
2026-02-16T12:41:47.449Z,50,136,20.26,50,SMART_GROW,0,0
2026-02-16T12:41:47.543Z,50,131,20.41,50,SMART_GROW,1,0
2026-02-16T12:41:47.593Z,50,132,20.44,50,SMART_GROW,0,0
2026-02-16T12:41:47.643Z,50,132,0.00,50,SMART_GROW,0,0
2026-02-16T12:41:47.740Z,50,133,80.18,49,LAG_SHRINK,0,0
2026-02-16T12:41:47.790Z,50,135,20.16,50,SMART_GROW,0,0
2026-02-16T12:41:47.840Z,50,135,20.16,50,SMART_GROW,0,0
2026-02-16T12:41:47.941Z,50,137,49.51,49,LAG_SHRINK,0,0
2026-02-16T12:41:47.991Z,50,137,20.19,50,SMART_GROW,0,0
2026-02-16T12:41:48.041Z,50,138,20.26,50,SMART_GROW,0,0
2026-02-16T12:41:48.140Z,50,151,50.35,49,LAG_SHRINK,2,0
2026-02-16T12:41:48.240Z,50,159,20.21,50,SMART_GROW,2,0
2026-02-16T12:41:48.339Z,50,175,19.95,50,SMART_GROW,5,0
2026-02-16T12:41:48.439Z,50,172,19.63,50,SMART_GROW,3,0
2026-02-16T12:41:48.489Z,50,171,19.87,50,SMART_GROW,1,0
2026-02-16T12:41:48.540Z,50,171,1.00,50,SMART_GROW,0,0
2026-02-16T12:41:48.639Z,50,170,80.18,49,LAG_SHRINK,2,0
2026-02-16T12:41:48.739Z,50,170,80.51,48,LAG_SHRINK,0,0
2026-02-16T12:41:48.789Z,50,170,20.13,50,SMART_GROW,0,0
2026-02-16T12:41:48.839Z,50,170,20.18,50,SMART_GROW,0,0
2026-02-16T12:41:48.889Z,50,170,19.82,50,SMART_GROW,0,0
2026-02-16T12:41:48.939Z,50,170,0.00,50,SMART_GROW,0,0
2026-02-16T12:41:48.989Z,50,170,20.23,50,SMART_GROW,0,0
2026-02-16T12:41:49.039Z,50,170,19.34,50,SMART_GROW,0,0
2026-02-16T12:41:49.089Z,50,172,20.19,50,SMART_GROW,0,0
2026-02-16T12:41:49.139Z,50,172,20.21,50,SMART_GROW,0,0
2026-02-16T12:41:49.189Z,50,175,19.93,50,SMART_GROW,0,0
2026-02-16T12:41:49.239Z,50,175,0.00,50,SMART_GROW,0,0
2026-02-16T12:41:49.340Z,50,176,82.02,49,LAG_SHRINK,2,0
2026-02-16T12:41:49.444Z,49,175,81.56,48,LAG_SHRINK,4,0
2026-02-16T12:41:49.541Z,50,174,20.37,50,SMART_GROW,2,0
2026-02-16T12:41:49.644Z,50,168,49.57,49,LAG_SHRINK,4,0
2026-02-16T12:41:49.743Z,49,167,49.00,48,LAG_SHRINK,3,0
2026-02-16T12:41:49.843Z,48,155,50.10,47,LAG_SHRINK,3,0
2026-02-16T12:41:49.941Z,50,155,20.44,50,SMART_GROW,1,0
2026-02-16T12:41:49.944Z,50,142,1.00,50,SMART_GROW,0,0
2026-02-16T12:41:50.044Z,50,124,81.89,49,LAG_SHRINK,1,0
2026-02-16T12:41:50.150Z,49,108,57.00,48,LAG_SHRINK,4,0
2026-02-16T12:41:50.243Z,48,95,91.85,47,LAG_SHRINK,2,0
2026-02-16T12:41:50.340Z,47,91,77.43,46,LAG_SHRINK,2,0
2026-02-16T12:41:50.440Z,46,85,79.46,45,LAG_SHRINK,3,0
2026-02-16T12:41:50.540Z,49,84,19.88,49,SMART_GROW,4,0
2026-02-16T12:41:50.643Z,50,81,20.67,50,SMART_GROW,0,0
2026-02-16T12:41:50.750Z,50,76,19.65,50,SMART_GROW,9,0
2026-02-16T12:41:50.848Z,50,73,90.93,49,LAG_SHRINK,4,0
2026-02-16T12:41:50.946Z,49,81,48.00,48,LAG_SHRINK,7,0
2026-02-16T12:41:51.042Z,50,86,19.88,50,SMART_GROW,3,0
2026-02-16T12:41:51.143Z,50,90,20.24,50,SMART_GROW,1,0
2026-02-16T12:41:51.245Z,50,94,20.03,50,SMART_GROW,5,0
2026-02-16T12:41:51.343Z,50,99,20.96,50,SMART_GROW,3,0
2026-02-16T12:41:51.443Z,50,103,20.57,50,SMART_GROW,3,0
2026-02-16T12:41:51.544Z,50,101,18.93,50,SMART_GROW,3,0
2026-02-16T12:41:51.642Z,50,99,95.06,49,LAG_SHRINK,2,0
2026-02-16T12:41:51.742Z,49,101,79.72,48,LAG_SHRINK,2,0
2026-02-16T12:41:51.839Z,50,104,20.24,50,SMART_GROW,1,0
2026-02-16T12:41:51.888Z,50,105,22.40,50,SMART_GROW,2,0
2026-02-16T12:41:51.940Z,50,103,36.39,49,LAG_SHRINK,2,0
2026-02-16T12:41:51.990Z,50,104,20.59,50,SMART_GROW,1,0
2026-02-16T12:41:52.041Z,50,102,40.65,49,LAG_SHRINK,1,0
2026-02-16T12:41:52.092Z,50,103,19.77,50,SMART_GROW,1,0
2026-02-16T12:41:52.142Z,50,102,0.00,50,SMART_GROW,0,0
2026-02-16T12:41:52.241Z,50,103,81.36,49,LAG_SHRINK,2,0
2026-02-16T12:41:52.291Z,50,104,20.49,50,SMART_GROW,0,0
2026-02-16T12:41:52.341Z,50,104,0.00,50,SMART_GROW,0,0
2026-02-16T12:41:52.439Z,50,104,20.54,50,SMART_GROW,0,0
2026-02-16T12:41:52.489Z,50,106,19.76,50,SMART_GROW,0,0
2026-02-16T12:41:52.540Z,50,106,20.21,50,SMART_GROW,0,0
2026-02-16T12:41:52.639Z,50,108,19.96,50,SMART_GROW,0,0
2026-02-16T12:41:52.689Z,50,110,19.96,50,SMART_GROW,0,0
2026-02-16T12:41:52.739Z,50,110,0.00,50,SMART_GROW,0,0
2026-02-16T12:41:52.790Z,50,111,20.59,50,SMART_GROW,0,0
2026-02-16T12:41:52.840Z,50,111,20.47,50,SMART_GROW,0,0
2026-02-16T12:41:52.939Z,50,112,20.17,50,SMART_GROW,1,0
2026-02-16T12:41:52.989Z,50,113,20.23,50,SMART_GROW,0,0
2026-02-16T12:41:53.039Z,50,113,0.00,50,SMART_GROW,0,0
2026-02-16T12:41:53.090Z,50,115,19.49,50,SMART_GROW,0,0
2026-02-16T12:41:53.140Z,50,115,20.26,50,SMART_GROW,0,0
2026-02-16T12:41:53.190Z,50,116,20.34,50,SMART_GROW,0,0
2026-02-16T12:41:53.241Z,50,116,20.54,50,SMART_GROW,0,0
2026-02-16T12:41:53.291Z,50,117,20.32,50,SMART_GROW,0,0
2026-02-16T12:41:53.342Z,50,117,20.39,50,SMART_GROW,0,0
2026-02-16T12:41:53.393Z,50,117,20.10,50,SMART_GROW,0,0
2026-02-16T12:41:53.444Z,50,117,20.09,50,SMART_GROW,0,0
2026-02-16T12:41:53.494Z,50,117,20.78,50,SMART_GROW,0,0
2026-02-16T12:41:53.545Z,50,117,20.31,50,SMART_GROW,0,0
2026-02-16T12:41:53.644Z,50,105,79.92,49,LAG_SHRINK,1,0
2026-02-16T12:41:53.741Z,49,105,47.00,48,LAG_SHRINK,1,0
2026-02-16T12:41:53.791Z,50,105,20.09,50,SMART_GROW,1,0
2026-02-16T12:41:53.842Z,50,101,39.11,49,LAG_SHRINK,2,0
2026-02-16T12:41:53.940Z,49,100,79.66,48,LAG_SHRINK,2,0
2026-02-16T12:41:54.040Z,48,99,78.61,47,LAG_SHRINK,2,0
2026-02-16T12:41:54.090Z,50,99,20.24,50,SMART_GROW,1,0
2026-02-16T12:41:54.139Z,50,95,40.26,49,LAG_SHRINK,1,0
2026-02-16T12:41:54.240Z,49,95,80.58,48,LAG_SHRINK,1,0
2026-02-16T12:41:54.292Z,50,95,20.32,50,SMART_GROW,1,0
2026-02-16T12:41:54.341Z,50,93,0.00,50,SMART_GROW,0,0
2026-02-16T12:41:54.392Z,50,92,19.91,50,SMART_GROW,1,0
2026-02-16T12:41:54.443Z,50,92,20.36,50,SMART_GROW,0,0
2026-02-16T12:41:54.493Z,50,91,19.60,50,SMART_GROW,1,0
2026-02-16T12:41:54.543Z,50,91,20.31,50,SMART_GROW,0,0
2026-02-16T12:41:54.640Z,50,92,79.27,49,LAG_SHRINK,0,0
2026-02-16T12:41:54.690Z,50,96,20.41,50,SMART_GROW,0,0
2026-02-16T12:41:54.740Z,50,96,20.34,50,SMART_GROW,0,0
2026-02-16T12:41:54.790Z,50,97,20.58,50,SMART_GROW,0,0
2026-02-16T12:41:54.840Z,50,97,0.00,50,SMART_GROW,0,0
2026-02-16T12:41:54.941Z,50,97,51.00,49,LAG_SHRINK,1,0
2026-02-16T12:41:54.991Z,50,99,19.74,50,SMART_GROW,1,0
2026-02-16T12:41:55.043Z,50,97,2.00,50,SMART_GROW,1,0
2026-02-16T12:41:55.139Z,50,97,20.87,50,SMART_GROW,1,0
2026-02-16T12:41:55.190Z,50,98,20.17,50,SMART_GROW,0,0
2026-02-16T12:41:55.241Z,50,98,20.37,50,SMART_GROW,0,0
2026-02-16T12:41:55.292Z,50,99,20.15,50,SMART_GROW,0,0
2026-02-16T12:41:55.342Z,50,99,0.00,50,SMART_GROW,0,0
2026-02-16T12:41:55.392Z,50,99,19.90,50,SMART_GROW,0,0
2026-02-16T12:41:55.442Z,50,99,20.36,50,SMART_GROW,0,0
2026-02-16T12:41:55.493Z,50,99,20.23,50,SMART_GROW,0,0
2026-02-16T12:41:55.543Z,50,99,20.15,50,SMART_GROW,0,0
2026-02-16T12:41:55.593Z,50,99,20.47,50,SMART_GROW,0,0
2026-02-16T12:41:55.644Z,50,99,20.17,50,SMART_GROW,0,0
2026-02-16T12:41:55.695Z,50,99,20.19,50,SMART_GROW,0,0
2026-02-16T12:41:55.745Z,50,99,0.00,50,SMART_GROW,0,0
2026-02-16T12:41:55.795Z,50,99,20.39,50,SMART_GROW,0,0
2026-02-16T12:41:55.845Z,50,99,20.16,50,SMART_GROW,0,0
2026-02-16T12:41:55.896Z,50,99,20.46,50,SMART_GROW,0,0
2026-02-16T12:41:56.041Z,50,81,95.00,49,LAG_SHRINK,1,0
2026-02-16T12:41:56.142Z,50,82,20.21,50,SMART_GROW,1,0
2026-02-16T12:41:56.246Z,50,59,51.92,49,LAG_SHRINK,1,0
2026-02-16T12:41:56.343Z,49,59,47.00,48,LAG_SHRINK,1,0
2026-02-16T12:41:56.447Z,50,59,20.31,50,SMART_GROW,1,0
2026-02-16T12:41:56.448Z,50,43,4.00,50,SMART_GROW,0,0
2026-02-16T12:41:56.541Z,50,42,72.65,49,LAG_SHRINK,1,0
2026-02-16T12:41:56.639Z,49,42,78.22,48,LAG_SHRINK,1,0
2026-02-16T12:41:56.689Z,50,42,20.34,50,SMART_GROW,0,0
2026-02-16T12:41:56.739Z,50,41,0.00,50,SMART_GROW,0,0
2026-02-16T12:41:56.789Z,50,41,20.34,50,SMART_GROW,0,0
2026-02-16T12:41:56.840Z,50,41,20.39,50,SMART_GROW,0,0
2026-02-16T12:41:56.890Z,50,41,20.17,50,SMART_GROW,0,0
2026-02-16T12:41:56.940Z,50,41,19.44,50,SMART_GROW,0,0
2026-02-16T12:41:56.990Z,50,46,20.51,50,SMART_GROW,0,0
2026-02-16T12:41:57.040Z,50,46,0.00,50,SMART_GROW,0,0
2026-02-16T12:41:57.091Z,50,46,20.32,50,SMART_GROW,0,0
2026-02-16T12:41:57.141Z,50,46,20.28,50,SMART_GROW,0,0
2026-02-16T12:41:57.191Z,50,47,20.08,50,SMART_GROW,0,0
2026-02-16T12:41:57.240Z,50,47,0.00,50,SMART_GROW,0,0
2026-02-16T12:41:57.291Z,50,51,20.36,50,SMART_GROW,0,0
2026-02-16T12:41:57.340Z,50,51,20.50,50,SMART_GROW,0,0
2026-02-16T12:41:57.391Z,50,51,20.51,50,SMART_GROW,0,0
2026-02-16T12:41:57.441Z,50,51,20.36,50,SMART_GROW,0,0
2026-02-16T12:41:57.542Z,50,36,49.71,49,LAG_SHRINK,2,0
2026-02-16T12:41:57.639Z,49,34,77.04,48,LAG_SHRINK,2,0
2026-02-16T12:41:57.739Z,48,34,80.51,47,LAG_SHRINK,1,0
2026-02-16T12:41:57.840Z,49,34,19.44,49,SMART_GROW,0,0
2026-02-16T12:41:57.842Z,50,31,2.00,50,SMART_GROW,0,0
2026-02-16T12:41:57.942Z,50,27,20.73,50,SMART_GROW,3,0
2026-02-16T12:41:57.992Z,50,27,19.90,50,SMART_GROW,0,0
2026-02-16T12:41:58.043Z,50,26,20.37,50,SMART_GROW,1,0
2026-02-16T12:41:58.093Z,50,26,20.31,50,SMART_GROW,0,0
2026-02-16T12:41:58.143Z,50,26,0.00,50,SMART_GROW,0,0
2026-02-16T12:41:58.193Z,50,26,20.24,50,SMART_GROW,0,0
2026-02-16T12:41:58.244Z,50,26,20.16,50,SMART_GROW,0,0
2026-02-16T12:41:58.294Z,50,26,20.32,50,SMART_GROW,0,0
2026-02-16T12:41:58.344Z,50,26,20.28,50,SMART_GROW,0,0
2026-02-16T12:41:58.439Z,50,26,20.49,50,SMART_GROW,0,0
2026-02-16T12:41:58.489Z,50,26,19.90,50,SMART_GROW,0,0
2026-02-16T12:41:58.539Z,50,26,20.29,50,SMART_GROW,0,0
2026-02-16T12:41:58.590Z,50,28,20.50,50,SMART_GROW,0,0
2026-02-16T12:41:58.640Z,50,28,20.41,50,SMART_GROW,0,0
2026-02-16T12:41:58.691Z,50,28,20.42,50,SMART_GROW,0,0
2026-02-16T12:41:58.742Z,50,26,1.00,50,SMART_GROW,1,0
2026-02-16T12:41:58.841Z,50,25,76.84,49,LAG_SHRINK,1,0
2026-02-16T12:41:58.891Z,50,25,20.50,50,SMART_GROW,1,0
2026-02-16T12:41:58.942Z,50,23,40.88,49,LAG_SHRINK,1,0
2026-02-16T12:41:58.992Z,50,23,19.52,50,SMART_GROW,0,0
2026-02-16T12:41:59.042Z,50,23,0.00,50,SMART_GROW,0,0
2026-02-16T12:41:59.092Z,50,23,20.65,50,SMART_GROW,0,0
2026-02-16T12:41:59.142Z,50,23,0.00,50,SMART_GROW,0,0
2026-02-16T12:41:59.193Z,50,23,20.59,50,SMART_GROW,0,0
2026-02-16T12:41:59.243Z,50,23,20.33,50,SMART_GROW,0,0
2026-02-16T12:41:59.294Z,50,23,20.46,50,SMART_GROW,0,0
2026-02-16T12:41:59.345Z,50,23,1.00,50,SMART_GROW,0,0
2026-02-16T12:41:59.395Z,50,23,20.55,50,SMART_GROW,0,0
2026-02-16T12:41:59.446Z,50,23,1.00,50,SMART_GROW,0,0
2026-02-16T12:41:59.539Z,50,23,20.70,50,SMART_GROW,0,0
2026-02-16T12:41:59.590Z,50,23,20.46,50,SMART_GROW,0,0
2026-02-16T12:41:59.640Z,50,23,20.36,50,SMART_GROW,0,0
2026-02-16T12:41:59.690Z,50,23,20.45,50,SMART_GROW,0,0
2026-02-16T12:41:59.741Z,50,23,20.26,50,SMART_GROW,0,0
2026-02-16T12:41:59.792Z,50,23,20.12,50,SMART_GROW,0,0
2026-02-16T12:41:59.843Z,50,23,20.24,50,SMART_GROW,0,0
2026-02-16T12:41:59.941Z,50,23,48.86,49,LAG_SHRINK,0,0
2026-02-16T12:42:00.041Z,49,16,80.45,48,LAG_SHRINK,3,0
2026-02-16T12:42:00.142Z,49,15,21.03,49,SMART_GROW,2,0
2026-02-16T12:42:00.240Z,50,12,20.48,50,SMART_GROW,2,0
2026-02-16T12:42:00.339Z,50,6,20.15,50,SMART_GROW,5,0
2026-02-16T12:42:00.441Z,50,4,19.42,50,SMART_GROW,2,0
2026-02-16T12:42:00.543Z,50,0,49.14,49,LAG_SHRINK,4,0
2026-02-16T12:42:00.594Z,48,0,20.75,49,HOLD_10.8s,2,0
2026-02-16T12:42:00.644Z,48,0,1.00,49,HOLD_10.8s,0,0
2026-02-16T12:42:00.695Z,48,0,20.67,49,HOLD_10.8s,0,0
2026-02-16T12:42:00.745Z,48,0,20.64,49,HOLD_10.8s,0,0
2026-02-16T12:42:00.795Z,48,0,20.49,49,HOLD_10.8s,0,0
2026-02-16T12:42:00.846Z,48,0,20.41,49,HOLD_10.8s,0,0
2026-02-16T12:42:00.896Z,48,0,20.37,49,HOLD_10.8s,0,0
2026-02-16T12:42:00.946Z,47,0,35.34,48,LAG_SHRINK,1,0
2026-02-16T12:42:00.997Z,46,0,20.18,48,HOLD_10.6s,1,0
2026-02-16T12:42:01.048Z,46,0,20.04,48,HOLD_10.6s,0,0
2026-02-16T12:42:01.098Z,46,0,21.09,48,HOLD_10.6s,0,0
2026-02-16T12:42:01.148Z,45,0,0.00,48,HOLD_10.6s,1,0
2026-02-16T12:42:01.252Z,45,0,92.57,47,LAG_SHRINK,0,0
2026-02-16T12:42:01.303Z,45,0,20.37,47,HOLD_10.4s,0,0
2026-02-16T12:42:01.353Z,45,0,20.37,47,HOLD_10.4s,0,0
2026-02-16T12:42:01.439Z,45,0,20.43,47,HOLD_10.4s,0,0
2026-02-16T12:42:01.489Z,44,0,20.04,47,HOLD_10.4s,1,0
2026-02-16T12:42:01.539Z,44,0,20.32,47,HOLD_10.4s,0,0
2026-02-16T12:42:01.590Z,44,0,20.37,47,HOLD_10.4s,0,0
2026-02-16T12:42:01.640Z,44,0,1.00,47,HOLD_10.4s,0,0
2026-02-16T12:42:01.691Z,44,0,20.49,47,HOLD_10.4s,0,0
2026-02-16T12:42:01.742Z,44,0,20.29,47,HOLD_10.4s,0,0
2026-02-16T12:42:01.792Z,44,0,19.52,47,HOLD_10.4s,0,0
2026-02-16T12:42:01.841Z,44,0,20.31,47,HOLD_10.4s,0,0
2026-02-16T12:42:01.892Z,43,0,19.90,47,HOLD_10.4s,1,0
2026-02-16T12:42:01.941Z,43,0,20.23,47,HOLD_10.4s,0,0
2026-02-16T12:42:02.039Z,43,0,20.59,47,HOLD_10.4s,0,0
2026-02-16T12:42:02.042Z,43,0,0.00,47,HOLD_10.4s,0,0
2026-02-16T12:42:02.092Z,43,0,19.72,47,HOLD_10.4s,0,0
2026-02-16T12:42:02.143Z,43,0,20.36,47,HOLD_10.4s,0,0
2026-02-16T12:42:02.193Z,42,0,19.82,47,HOLD_10.4s,1,0
2026-02-16T12:42:02.243Z,42,0,0.00,47,HOLD_10.4s,0,0
2026-02-16T12:42:02.293Z,42,0,19.70,47,HOLD_10.4s,0,0
2026-02-16T12:42:02.343Z,42,0,0.00,47,HOLD_10.4s,0,0
2026-02-16T12:42:02.439Z,42,0,20.59,47,HOLD_10.4s,0,0
2026-02-16T12:42:02.443Z,42,0,0.00,47,HOLD_10.4s,0,0
2026-02-16T12:42:02.494Z,42,0,19.37,47,HOLD_10.4s,0,0
2026-02-16T12:42:02.544Z,42,0,20.25,47,HOLD_10.4s,0,0
2026-02-16T12:42:02.639Z,42,0,20.80,47,HOLD_10.4s,0,0
2026-02-16T12:42:02.690Z,42,0,20.23,47,HOLD_10.4s,0,0
2026-02-16T12:42:02.741Z,42,0,1.00,47,HOLD_10.4s,0,0
2026-02-16T12:42:02.792Z,42,0,20.91,47,HOLD_10.4s,0,0
2026-02-16T12:42:02.842Z,42,0,20.51,47,HOLD_10.4s,0,0
2026-02-16T12:42:02.891Z,42,0,20.11,47,HOLD_10.4s,0,0
2026-02-16T12:42:02.943Z,42,0,37.01,46,LAG_SHRINK,0,0
2026-02-16T12:42:02.993Z,42,0,20.95,46,HOLD_10.2s,0,0
2026-02-16T12:42:03.043Z,42,0,20.41,46,HOLD_10.2s,0,0
2026-02-16T12:42:03.094Z,42,0,19.93,46,HOLD_10.2s,0,0
2026-02-16T12:42:03.145Z,42,0,20.32,46,HOLD_10.2s,0,0
2026-02-16T12:42:03.195Z,42,0,20.87,46,HOLD_10.2s,0,0
2026-02-16T12:42:03.245Z,42,0,35.01,45,LAG_SHRINK,0,0
2026-02-16T12:42:03.296Z,42,0,20.67,45,HOLD_10.0s,0,0
2026-02-16T12:42:03.347Z,42,0,1.00,45,HOLD_10.0s,0,0
2026-02-16T12:42:03.398Z,42,0,19.77,45,HOLD_10.0s,0,0
2026-02-16T12:42:03.448Z,42,0,20.28,45,HOLD_10.0s,0,0
2026-02-16T12:42:03.499Z,42,0,20.64,45,HOLD_10.0s,0,0
2026-02-16T12:42:03.549Z,42,0,1.00,45,HOLD_10.0s,0,0
2026-02-16T12:42:03.639Z,42,0,20.72,45,HOLD_10.0s,0,0
2026-02-16T12:42:03.650Z,42,0,0.02,45,HOLD_10.0s,0,0
2026-02-16T12:42:03.701Z,42,0,20.08,45,HOLD_10.0s,0,0
2026-02-16T12:42:03.752Z,42,0,20.23,45,HOLD_10.0s,0,0
2026-02-16T12:42:03.802Z,42,0,20.51,45,HOLD_10.0s,0,0
2026-02-16T12:42:03.852Z,42,0,1.00,45,HOLD_10.0s,0,0
2026-02-16T12:42:03.939Z,42,0,20.51,45,HOLD_10.0s,0,0
2026-02-16T12:42:03.989Z,42,0,20.26,45,HOLD_10.0s,0,0
2026-02-16T12:42:04.039Z,42,0,0.00,45,HOLD_10.0s,0,0
2026-02-16T12:42:04.089Z,42,0,20.90,45,HOLD_10.0s,0,0
2026-02-16T12:42:04.139Z,42,0,20.44,45,HOLD_10.0s,0,0
2026-02-16T12:42:04.189Z,42,0,19.97,45,HOLD_10.0s,0,0
2026-02-16T12:42:04.239Z,42,0,20.37,45,HOLD_10.0s,0,0
2026-02-16T12:42:04.289Z,42,0,20.78,45,HOLD_10.0s,0,0
2026-02-16T12:42:04.339Z,42,0,34.65,44,LAG_SHRINK,0,0
2026-02-16T12:42:04.439Z,42,0,80.64,43,LAG_SHRINK,0,0
2026-02-16T12:42:04.489Z,42,0,20.55,43,HOLD_9.6s,0,0
2026-02-16T12:42:04.539Z,42,0,20.19,43,HOLD_9.6s,0,0
2026-02-16T12:42:04.639Z,42,0,20.73,43,HOLD_9.6s,0,0
2026-02-16T12:42:04.689Z,42,0,20.00,43,HOLD_9.6s,0,0
2026-02-16T12:42:04.739Z,42,0,20.31,43,HOLD_9.6s,0,0
2026-02-16T12:42:04.839Z,41,0,49.33,42,LAG_SHRINK,1,0
2026-02-16T12:42:04.889Z,41,0,20.87,42,HOLD_9.4s,0,0
2026-02-16T12:42:04.939Z,41,0,20.49,42,HOLD_9.4s,0,0
2026-02-16T12:42:04.990Z,41,0,19.95,42,HOLD_9.4s,0,0
2026-02-16T12:42:05.040Z,41,0,37.93,41,LAG_SHRINK,0,0
2026-02-16T12:42:05.139Z,40,0,80.12,40,LAG_SHRINK,1,0
2026-02-16T12:42:05.189Z,40,0,21.01,40,HOLD_9.0s,0,0
2026-02-16T12:42:05.239Z,40,0,20.36,40,HOLD_9.0s,0,0
2026-02-16T12:42:05.349Z,40,0,20.16,40,HOLD_9.0s,0,0
2026-02-16T12:42:05.399Z,40,0,20.60,40,HOLD_9.0s,0,0
2026-02-16T12:42:05.450Z,40,0,20.24,40,HOLD_9.0s,0,0
2026-02-16T12:42:05.539Z,40,0,43.92,39,LAG_SHRINK,0,0
2026-02-16T12:42:05.589Z,40,0,20.39,39,HOLD_8.8s,0,0
2026-02-16T12:42:05.639Z,40,0,20.32,39,HOLD_8.8s,0,0
2026-02-16T12:42:05.739Z,40,0,20.35,39,HOLD_8.8s,0,0
2026-02-16T12:42:05.740Z,40,0,1.00,39,HOLD_8.8s,0,0
2026-02-16T12:42:05.790Z,40,0,20.32,39,HOLD_8.8s,0,0
2026-02-16T12:42:05.840Z,40,0,20.39,39,HOLD_8.8s,0,0
2026-02-16T12:42:05.891Z,40,0,20.43,39,HOLD_8.8s,0,0
2026-02-16T12:42:05.941Z,40,0,20.36,39,HOLD_8.8s,0,0
2026-02-16T12:42:05.992Z,39,0,20.50,39,HOLD_8.8s,1,0
2026-02-16T12:42:06.041Z,39,0,20.44,39,HOLD_8.8s,0,0
2026-02-16T12:42:06.092Z,39,0,20.06,39,HOLD_8.8s,0,0
2026-02-16T12:42:06.142Z,39,0,20.21,39,HOLD_8.8s,0,0
2026-02-16T12:42:06.193Z,39,0,20.14,39,HOLD_8.8s,0,0
2026-02-16T12:42:06.243Z,39,0,32.68,38,LAG_SHRINK,0,0
2026-02-16T12:42:06.294Z,39,0,20.37,38,HOLD_8.6s,0,0
2026-02-16T12:42:06.344Z,39,0,20.28,38,HOLD_8.6s,0,0
2026-02-16T12:42:06.394Z,39,0,20.19,38,HOLD_8.6s,0,0
2026-02-16T12:42:06.445Z,39,0,20.30,38,HOLD_8.6s,0,0
2026-02-16T12:42:06.495Z,39,0,20.28,38,HOLD_8.6s,0,0
2026-02-16T12:42:06.546Z,39,0,1.00,38,HOLD_8.6s,0,0
2026-02-16T12:42:06.639Z,39,0,20.14,38,HOLD_8.6s,0,0
2026-02-16T12:42:06.646Z,39,0,0.00,38,HOLD_8.6s,0,0
2026-02-16T12:42:06.739Z,39,0,20.44,38,HOLD_8.6s,0,0
2026-02-16T12:42:06.839Z,39,0,19.87,38,HOLD_8.6s,0,0
2026-02-16T12:42:06.839Z,39,0,0.00,38,HOLD_8.6s,0,0
2026-02-16T12:42:06.890Z,39,0,19.87,38,HOLD_8.6s,0,0
2026-02-16T12:42:06.940Z,39,0,20.23,38,HOLD_8.6s,0,0
2026-02-16T12:42:06.991Z,39,0,20.36,38,HOLD_8.6s,0,0
2026-02-16T12:42:07.041Z,39,0,20.32,38,HOLD_8.6s,0,0
2026-02-16T12:42:07.092Z,39,0,20.44,38,HOLD_8.6s,0,0
2026-02-16T12:42:07.142Z,39,0,20.31,38,HOLD_8.6s,0,0
2026-02-16T12:42:07.192Z,39,0,20.55,38,IDLE_SHRINK,0,0
2026-02-16T12:42:07.242Z,39,0,34.68,37,LAG_SHRINK,0,0
2026-02-16T12:42:07.293Z,39,0,20.34,37,IDLE_SHRINK,0,0
2026-02-16T12:42:07.343Z,39,0,0.00,37,IDLE_SHRINK,0,0
2026-02-16T12:42:07.394Z,39,0,20.49,37,IDLE_SHRINK,0,0
2026-02-16T12:42:07.443Z,39,0,0.00,37,IDLE_SHRINK,0,0
2026-02-16T12:42:07.494Z,39,0,20.47,37,IDLE_SHRINK,0,0
2026-02-16T12:42:07.544Z,39,0,20.28,37,IDLE_SHRINK,0,0
2026-02-16T12:42:07.594Z,39,0,20.21,37,IDLE_SHRINK,0,0
2026-02-16T12:42:07.645Z,39,0,20.19,37,IDLE_SHRINK,0,0
2026-02-16T12:42:07.739Z,39,0,76.51,36,LAG_SHRINK,0,0
2026-02-16T12:42:07.790Z,39,0,20.42,36,IDLE_SHRINK,0,0
2026-02-16T12:42:07.840Z,39,0,20.23,36,IDLE_SHRINK,0,0
2026-02-16T12:42:07.890Z,39,0,20.40,36,IDLE_SHRINK,0,0
2026-02-16T12:42:07.939Z,39,0,0.00,36,IDLE_SHRINK,0,0
2026-02-16T12:42:07.990Z,39,0,20.29,36,IDLE_SHRINK,0,0
2026-02-16T12:42:08.041Z,39,0,20.26,36,IDLE_SHRINK,0,0
2026-02-16T12:42:08.091Z,39,0,20.37,36,IDLE_SHRINK,0,0
2026-02-16T12:42:08.140Z,39,0,20.36,36,IDLE_SHRINK,0,0
2026-02-16T12:42:08.192Z,38,0,20.04,36,IDLE_SHRINK,1,0
2026-02-16T12:42:08.242Z,38,0,20.26,36,IDLE_SHRINK,0,0
2026-02-16T12:42:08.292Z,38,0,20.51,36,IDLE_SHRINK,0,0
2026-02-16T12:42:08.342Z,38,0,20.39,36,IDLE_SHRINK,0,0
2026-02-16T12:42:08.392Z,38,0,20.53,36,IDLE_SHRINK,0,0
2026-02-16T12:42:08.442Z,38,0,0.00,36,IDLE_SHRINK,0,0
2026-02-16T12:42:08.492Z,38,0,20.49,36,IDLE_SHRINK,0,0
2026-02-16T12:42:08.543Z,38,0,1.00,36,IDLE_SHRINK,0,0
2026-02-16T12:42:08.639Z,38,0,20.49,36,IDLE_SHRINK,0,0
2026-02-16T12:42:08.690Z,37,0,20.00,36,IDLE_SHRINK,1,0
2026-02-16T12:42:08.739Z,37,0,20.37,36,IDLE_SHRINK,0,0
2026-02-16T12:42:08.789Z,37,0,20.38,36,IDLE_SHRINK,0,0
2026-02-16T12:42:08.840Z,37,0,20.29,36,IDLE_SHRINK,0,0
2026-02-16T12:42:08.890Z,37,0,20.00,36,IDLE_SHRINK,0,0
2026-02-16T12:42:08.940Z,37,0,20.31,36,IDLE_SHRINK,0,0
2026-02-16T12:42:08.991Z,36,0,20.37,36,IDLE_SHRINK,1,0
2026-02-16T12:42:09.041Z,36,0,20.55,36,IDLE_SHRINK,0,0
2026-02-16T12:42:09.092Z,36,0,20.35,36,IDLE_SHRINK,0,0
2026-02-16T12:42:09.142Z,36,0,20.37,36,IDLE_SHRINK,0,0
2026-02-16T12:42:09.192Z,36,0,20.51,36,IDLE_SHRINK,0,0
2026-02-16T12:42:09.242Z,36,0,0.00,36,IDLE_SHRINK,0,0
2026-02-16T12:42:09.293Z,36,0,20.47,36,IDLE_SHRINK,0,0
2026-02-16T12:42:09.343Z,36,0,20.23,36,IDLE_SHRINK,0,0
2026-02-16T12:42:09.440Z,36,0,20.78,36,IDLE_SHRINK,0,0
2026-02-16T12:42:09.491Z,36,0,20.51,36,IDLE_SHRINK,0,0
2026-02-16T12:42:09.541Z,36,0,20.44,36,IDLE_SHRINK,0,0
2026-02-16T12:42:09.592Z,36,0,20.41,36,IDLE_SHRINK,0,0
2026-02-16T12:42:09.642Z,36,0,20.21,36,IDLE_SHRINK,0,0
2026-02-16T12:42:09.739Z,36,0,46.83,35,LAG_SHRINK,0,0
2026-02-16T12:42:09.789Z,36,0,19.67,35,IDLE_SHRINK,0,0
2026-02-16T12:42:09.840Z,36,0,1.00,35,IDLE_SHRINK,0,0
2026-02-16T12:42:09.891Z,36,0,20.28,35,IDLE_SHRINK,0,0
2026-02-16T12:42:09.941Z,36,0,20.32,35,IDLE_SHRINK,0,0
2026-02-16T12:42:09.990Z,36,0,20.37,35,IDLE_SHRINK,0,0
2026-02-16T12:42:10.041Z,36,0,20.39,35,IDLE_SHRINK,0,0
2026-02-16T12:42:10.091Z,36,0,20.27,35,IDLE_SHRINK,0,0
2026-02-16T12:42:10.141Z,36,0,0.00,35,IDLE_SHRINK,0,0
2026-02-16T12:42:10.192Z,36,0,19.73,35,IDLE_SHRINK,0,0
2026-02-16T12:42:10.242Z,36,0,20.20,35,IDLE_SHRINK,0,0
2026-02-16T12:42:10.292Z,36,0,20.24,35,IDLE_SHRINK,0,0
2026-02-16T12:42:10.343Z,36,0,20.43,35,IDLE_SHRINK,0,0
2026-02-16T12:42:10.393Z,36,0,19.36,35,IDLE_SHRINK,0,0
2026-02-16T12:42:10.443Z,36,0,20.15,35,IDLE_SHRINK,0,0
2026-02-16T12:42:10.539Z,36,0,20.24,35,IDLE_SHRINK,0,0
2026-02-16T12:42:10.589Z,36,0,19.82,35,IDLE_SHRINK,0,0
2026-02-16T12:42:10.640Z,36,0,20.70,35,IDLE_SHRINK,0,0
2026-02-16T12:42:10.690Z,36,0,20.24,35,IDLE_SHRINK,0,0
2026-02-16T12:42:10.740Z,36,0,0.00,35,IDLE_SHRINK,0,0
2026-02-16T12:42:10.791Z,36,0,20.16,35,IDLE_SHRINK,0,0
2026-02-16T12:42:10.842Z,36,0,20.23,35,IDLE_SHRINK,0,0
2026-02-16T12:42:10.892Z,36,0,20.34,35,IDLE_SHRINK,0,0
2026-02-16T12:42:10.941Z,36,0,0.00,35,IDLE_SHRINK,0,0
2026-02-16T12:42:10.992Z,36,0,19.70,35,IDLE_SHRINK,0,0
2026-02-16T12:42:11.041Z,36,0,0.00,35,IDLE_SHRINK,0,0
2026-02-16T12:42:11.092Z,36,0,20.47,35,IDLE_SHRINK,0,0
2026-02-16T12:42:11.142Z,36,0,20.30,35,IDLE_SHRINK,0,0
2026-02-16T12:42:11.192Z,36,0,20.18,35,IDLE_SHRINK,0,0
2026-02-16T12:42:11.243Z,36,0,1.00,35,IDLE_SHRINK,0,0
2026-02-16T12:42:11.293Z,36,0,20.34,35,IDLE_SHRINK,0,0
2026-02-16T12:42:11.344Z,36,0,1.00,35,IDLE_SHRINK,0,0
2026-02-16T12:42:11.439Z,36,0,20.59,35,IDLE_SHRINK,0,0
2026-02-16T12:42:11.489Z,36,0,20.41,35,IDLE_SHRINK,0,0
2026-02-16T12:42:11.540Z,36,0,20.26,35,IDLE_SHRINK,0,0
2026-02-16T12:42:11.591Z,36,0,20.29,35,IDLE_SHRINK,0,0
2026-02-16T12:42:11.642Z,36,0,20.28,35,IDLE_SHRINK,0,0
2026-02-16T12:42:11.692Z,36,0,20.25,35,IDLE_SHRINK,0,0
2026-02-16T12:42:11.742Z,36,0,20.34,35,IDLE_SHRINK,0,0
2026-02-16T12:42:11.792Z,36,0,19.95,35,IDLE_SHRINK,0,0
2026-02-16T12:42:11.842Z,36,0,20.37,35,IDLE_SHRINK,0,0
2026-02-16T12:42:11.893Z,35,0,20.37,35,IDLE_SHRINK,1,0
2026-02-16T12:42:11.944Z,35,0,20.42,35,IDLE_SHRINK,0,0
2026-02-16T12:42:11.994Z,35,0,20.42,35,IDLE_SHRINK,0,0
2026-02-16T12:42:12.044Z,35,0,0.00,35,IDLE_SHRINK,0,0
2026-02-16T12:42:12.095Z,35,0,20.65,35,IDLE_SHRINK,0,0
2026-02-16T12:42:12.144Z,35,0,0.00,35,IDLE_SHRINK,0,0
2026-02-16T12:42:12.195Z,35,0,20.67,35,IDLE_SHRINK,0,0
2026-02-16T12:42:12.244Z,35,0,20.38,35,IDLE_SHRINK,0,0
2026-02-16T12:42:12.295Z,35,0,20.39,35,IDLE_SHRINK,0,0
2026-02-16T12:42:12.345Z,35,0,20.23,35,IDLE_SHRINK,0,0
2026-02-16T12:42:12.394Z,35,0,20.46,35,IDLE_SHRINK,0,0
2026-02-16T12:42:12.445Z,35,0,20.39,35,IDLE_SHRINK,0,0
2026-02-16T12:42:12.495Z,35,0,20.42,35,IDLE_SHRINK,0,0
2026-02-16T12:42:12.546Z,35,0,32.12,34,LAG_SHRINK,0,0
2026-02-16T12:42:12.639Z,35,0,80.45,33,LAG_SHRINK,0,0
2026-02-16T12:42:12.739Z,35,0,20.47,33,IDLE_SHRINK,0,0
2026-02-16T12:42:12.839Z,34,0,49.80,32,LAG_SHRINK,1,0
2026-02-16T12:42:12.889Z,34,0,20.42,32,IDLE_SHRINK,0,0
2026-02-16T12:42:12.940Z,34,0,20.21,32,IDLE_SHRINK,0,0
2026-02-16T12:42:12.990Z,34,0,20.44,32,IDLE_SHRINK,0,0
2026-02-16T12:42:13.039Z,34,0,0.00,32,IDLE_SHRINK,0,0
2026-02-16T12:42:13.090Z,34,0,20.36,32,IDLE_SHRINK,0,0
2026-02-16T12:42:13.141Z,34,0,20.59,32,IDLE_SHRINK,0,0
2026-02-16T12:42:13.191Z,34,0,20.49,32,IDLE_SHRINK,0,0
2026-02-16T12:42:13.242Z,34,0,20.54,32,IDLE_SHRINK,0,0
2026-02-16T12:42:13.292Z,34,0,20.12,32,IDLE_SHRINK,0,0
2026-02-16T12:42:13.342Z,34,0,20.37,32,IDLE_SHRINK,0,0
2026-02-16T12:42:13.392Z,34,0,20.50,32,IDLE_SHRINK,0,0
2026-02-16T12:42:13.442Z,34,0,20.42,32,IDLE_SHRINK,0,0
2026-02-16T12:42:13.492Z,34,0,20.46,32,IDLE_SHRINK,0,0
2026-02-16T12:42:13.542Z,34,0,20.50,32,IDLE_SHRINK,0,0
2026-02-16T12:42:13.592Z,34,0,20.44,32,IDLE_SHRINK,0,0
2026-02-16T12:42:13.642Z,34,0,20.36,32,IDLE_SHRINK,0,0
2026-02-16T12:42:13.692Z,34,0,20.34,32,IDLE_SHRINK,0,0
2026-02-16T12:42:13.742Z,34,0,0.00,32,IDLE_SHRINK,0,0
2026-02-16T12:42:13.793Z,34,0,20.46,32,IDLE_SHRINK,0,0
2026-02-16T12:42:13.844Z,34,0,20.40,32,IDLE_SHRINK,0,0
2026-02-16T12:42:13.895Z,34,0,20.67,32,IDLE_SHRINK,0,0
2026-02-16T12:42:13.945Z,34,0,1.00,32,IDLE_SHRINK,0,0
2026-02-16T12:42:14.039Z,34,0,20.55,32,IDLE_SHRINK,0,0
2026-02-16T12:42:14.044Z,34,0,0.00,32,IDLE_SHRINK,0,0
2026-02-16T12:42:14.095Z,34,0,20.54,32,IDLE_SHRINK,0,0
2026-02-16T12:42:14.145Z,34,0,20.23,32,IDLE_SHRINK,0,0
2026-02-16T12:42:14.195Z,34,0,20.42,32,IDLE_SHRINK,0,0
2026-02-16T12:42:14.245Z,34,0,20.34,32,IDLE_SHRINK,0,0
2026-02-16T12:42:14.296Z,34,0,20.34,32,IDLE_SHRINK,0,0
2026-02-16T12:42:14.346Z,34,0,0.00,32,IDLE_SHRINK,0,0
2026-02-16T12:42:14.396Z,34,0,19.72,32,IDLE_SHRINK,0,0
2026-02-16T12:42:14.445Z,34,0,20.40,32,IDLE_SHRINK,0,0
2026-02-16T12:42:14.496Z,34,0,19.77,32,IDLE_SHRINK,0,0
2026-02-16T12:42:14.546Z,34,0,20.26,32,IDLE_SHRINK,0,0
2026-02-16T12:42:14.597Z,34,0,20.68,32,IDLE_SHRINK,0,0
2026-02-16T12:42:14.647Z,34,0,20.32,32,IDLE_SHRINK,0,0
2026-02-16T12:42:14.698Z,34,0,20.60,32,IDLE_SHRINK,0,0
2026-02-16T12:42:14.748Z,34,0,20.28,32,IDLE_SHRINK,0,0
2026-02-16T12:42:14.798Z,34,0,20.42,32,IDLE_SHRINK,0,0
2026-02-16T12:42:14.849Z,34,0,20.19,32,IDLE_SHRINK,0,0
2026-02-16T12:42:14.900Z,34,0,20.54,32,IDLE_SHRINK,0,0
2026-02-16T12:42:14.950Z,34,0,20.31,32,IDLE_SHRINK,0,0
2026-02-16T12:42:15.039Z,34,0,71.99,31,LAG_SHRINK,0,0
2026-02-16T12:42:15.089Z,33,0,20.41,31,IDLE_SHRINK,1,0
2026-02-16T12:42:15.139Z,33,0,0.00,31,IDLE_SHRINK,0,0
2026-02-16T12:42:15.190Z,33,0,20.57,31,IDLE_SHRINK,0,0
2026-02-16T12:42:15.240Z,33,0,20.39,31,IDLE_SHRINK,0,0
2026-02-16T12:42:15.290Z,33,0,20.19,31,IDLE_SHRINK,0,0
2026-02-16T12:42:15.341Z,33,0,20.52,31,IDLE_SHRINK,0,0
2026-02-16T12:42:15.391Z,33,0,20.33,31,IDLE_SHRINK,0,0
2026-02-16T12:42:15.442Z,33,0,20.39,31,IDLE_SHRINK,0,0
2026-02-16T12:42:15.492Z,33,0,19.87,31,IDLE_SHRINK,0,0
2026-02-16T12:42:15.542Z,33,0,20.37,31,IDLE_SHRINK,0,0
2026-02-16T12:42:15.592Z,33,0,20.51,31,IDLE_SHRINK,0,0
2026-02-16T12:42:15.642Z,33,0,20.31,31,IDLE_SHRINK,0,0
2026-02-16T12:42:15.692Z,32,0,20.51,31,IDLE_SHRINK,1,0
2026-02-16T12:42:15.742Z,32,0,20.29,31,IDLE_SHRINK,0,0
2026-02-16T12:42:15.792Z,32,0,20.48,31,IDLE_SHRINK,0,0
2026-02-16T12:42:15.842Z,32,0,20.21,31,IDLE_SHRINK,0,0
2026-02-16T12:42:15.893Z,32,0,20.35,31,IDLE_SHRINK,0,0
2026-02-16T12:42:15.943Z,32,0,20.24,31,IDLE_SHRINK,0,0
2026-02-16T12:42:15.993Z,32,0,20.75,31,IDLE_SHRINK,0,0
2026-02-16T12:42:16.043Z,32,0,0.06,31,IDLE_SHRINK,0,0
2026-02-16T12:42:16.094Z,32,0,19.60,31,IDLE_SHRINK,0,0
2026-02-16T12:42:16.144Z,32,0,20.23,31,IDLE_SHRINK,0,0
2026-02-16T12:42:16.195Z,32,0,20.65,31,IDLE_SHRINK,0,0
2026-02-16T12:42:16.245Z,32,0,20.29,31,IDLE_SHRINK,0,0
2026-02-16T12:42:16.295Z,32,0,20.75,31,IDLE_SHRINK,0,0
2026-02-16T12:42:16.345Z,32,0,20.32,31,IDLE_SHRINK,0,0
2026-02-16T12:42:16.395Z,32,0,20.77,31,IDLE_SHRINK,0,0
2026-02-16T12:42:16.445Z,32,0,20.44,31,IDLE_SHRINK,0,0
2026-02-16T12:42:16.495Z,32,0,20.39,31,IDLE_SHRINK,0,0
2026-02-16T12:42:16.546Z,32,0,20.62,31,IDLE_SHRINK,0,0
2026-02-16T12:42:16.639Z,32,0,46.46,30,LAG_SHRINK,0,0
2026-02-16T12:42:16.690Z,32,0,20.62,30,IDLE_SHRINK,0,0
2026-02-16T12:42:16.740Z,32,0,20.31,30,IDLE_SHRINK,0,0
2026-02-16T12:42:16.791Z,32,0,19.96,30,IDLE_SHRINK,0,0
2026-02-16T12:42:16.842Z,32,0,1.00,30,IDLE_SHRINK,0,0
2026-02-16T12:42:16.893Z,32,0,19.47,30,IDLE_SHRINK,0,0
2026-02-16T12:42:16.943Z,32,0,20.37,30,IDLE_SHRINK,0,0
2026-02-16T12:42:16.993Z,32,0,20.77,30,IDLE_SHRINK,0,0
2026-02-16T12:42:17.044Z,32,0,1.00,30,IDLE_SHRINK,0,0
2026-02-16T12:42:17.095Z,32,0,20.55,30,IDLE_SHRINK,0,0
2026-02-16T12:42:17.146Z,32,0,20.16,30,IDLE_SHRINK,0,0
2026-02-16T12:42:17.196Z,32,0,19.44,30,IDLE_SHRINK,0,0
2026-02-16T12:42:17.246Z,32,0,0.00,30,IDLE_SHRINK,0,0
2026-02-16T12:42:17.296Z,32,0,20.87,30,IDLE_SHRINK,0,0
2026-02-16T12:42:17.346Z,32,0,0.00,30,IDLE_SHRINK,0,0
2026-02-16T12:42:17.397Z,32,0,20.68,30,IDLE_SHRINK,0,0
2026-02-16T12:42:17.447Z,32,0,20.27,30,IDLE_SHRINK,0,0
2026-02-16T12:42:17.497Z,32,0,20.78,30,IDLE_SHRINK,0,0
2026-02-16T12:42:17.547Z,32,0,20.29,30,IDLE_SHRINK,0,0
2026-02-16T12:42:17.598Z,32,0,20.70,30,IDLE_SHRINK,0,0
2026-02-16T12:42:17.648Z,32,0,20.14,30,IDLE_SHRINK,0,0
2026-02-16T12:42:17.698Z,32,0,20.36,30,IDLE_SHRINK,0,0
2026-02-16T12:42:17.747Z,32,0,20.23,30,IDLE_SHRINK,0,0
2026-02-16T12:42:17.798Z,32,0,19.65,30,IDLE_SHRINK,0,0
2026-02-16T12:42:17.849Z,32,0,1.00,30,IDLE_SHRINK,0,0
2026-02-16T12:42:17.899Z,32,0,20.36,30,IDLE_SHRINK,0,0
2026-02-16T12:42:17.950Z,32,0,39.44,29,LAG_SHRINK,0,0
2026-02-16T12:42:18.000Z,32,0,20.77,29,IDLE_SHRINK,0,0
2026-02-16T12:42:18.047Z,32,0,19.76,29,IDLE_SHRINK,0,0
2026-02-16T12:42:18.098Z,32,0,20.68,29,IDLE_SHRINK,0,0
2026-02-16T12:42:18.149Z,32,0,38.29,28,LAG_SHRINK,0,0
2026-02-16T12:42:18.200Z,32,0,20.61,28,IDLE_SHRINK,0,0
2026-02-16T12:42:18.251Z,32,0,1.00,28,IDLE_SHRINK,0,0
2026-02-16T12:42:18.301Z,32,0,20.15,28,IDLE_SHRINK,0,0
2026-02-16T12:42:18.352Z,32,0,1.00,28,IDLE_SHRINK,0,0
2026-02-16T12:42:18.403Z,32,0,20.64,28,IDLE_SHRINK,0,0
2026-02-16T12:42:18.453Z,32,0,20.21,28,IDLE_SHRINK,0,0
2026-02-16T12:42:18.504Z,32,0,20.13,28,IDLE_SHRINK,0,0
2026-02-16T12:42:18.554Z,32,0,20.19,28,IDLE_SHRINK,0,0
2026-02-16T12:42:18.604Z,32,0,20.16,28,IDLE_SHRINK,0,0
2026-02-16T12:42:18.654Z,31,0,20.18,28,IDLE_SHRINK,1,0
2026-02-16T12:42:18.737Z,31,0,20.47,28,IDLE_SHRINK,0,0
2026-02-16T12:42:18.786Z,31,0,19.95,28,IDLE_SHRINK,0,0
2026-02-16T12:42:18.837Z,31,0,20.54,28,IDLE_SHRINK,0,0
2026-02-16T12:42:18.886Z,31,0,20.50,28,IDLE_SHRINK,0,0
2026-02-16T12:42:18.937Z,31,0,1.00,28,IDLE_SHRINK,0,0
2026-02-16T12:42:18.988Z,31,0,20.28,28,IDLE_SHRINK,0,0
2026-02-16T12:42:19.039Z,31,0,19.96,28,IDLE_SHRINK,0,0
2026-02-16T12:42:19.088Z,31,0,20.68,28,IDLE_SHRINK,0,0
2026-02-16T12:42:19.138Z,31,0,20.36,28,IDLE_SHRINK,0,0
2026-02-16T12:42:19.188Z,31,0,20.43,28,IDLE_SHRINK,0,0
2026-02-16T12:42:19.239Z,31,0,20.16,28,IDLE_SHRINK,0,0
2026-02-16T12:42:19.290Z,30,0,20.59,28,IDLE_SHRINK,1,0
2026-02-16T12:42:19.340Z,30,0,0.00,28,IDLE_SHRINK,0,0
2026-02-16T12:42:19.390Z,30,0,19.70,28,IDLE_SHRINK,0,0
2026-02-16T12:42:19.441Z,30,0,1.00,28,IDLE_SHRINK,0,0
2026-02-16T12:42:19.491Z,30,0,20.59,28,IDLE_SHRINK,0,0
2026-02-16T12:42:19.541Z,30,0,0.00,28,IDLE_SHRINK,0,0
2026-02-16T12:42:19.591Z,30,0,19.80,28,IDLE_SHRINK,0,0
2026-02-16T12:42:19.641Z,30,0,20.30,28,IDLE_SHRINK,0,0
2026-02-16T12:42:19.691Z,30,0,20.57,28,IDLE_SHRINK,0,0
2026-02-16T12:42:19.741Z,30,0,0.00,28,IDLE_SHRINK,0,0
2026-02-16T12:42:19.791Z,30,0,19.72,28,IDLE_SHRINK,0,0
2026-02-16T12:42:19.842Z,30,0,1.00,28,IDLE_SHRINK,0,0
2026-02-16T12:42:19.892Z,30,0,19.55,28,IDLE_SHRINK,0,0
2026-02-16T12:42:19.943Z,30,0,1.00,28,IDLE_SHRINK,0,0
2026-02-16T12:42:19.994Z,30,0,20.39,28,IDLE_SHRINK,0,0
2026-02-16T12:42:20.044Z,30,0,0.00,28,IDLE_SHRINK,0,0
2026-02-16T12:42:20.094Z,30,0,20.82,28,IDLE_SHRINK,0,0
2026-02-16T12:42:20.145Z,30,0,20.29,28,IDLE_SHRINK,0,0
2026-02-16T12:42:20.196Z,30,0,20.34,28,IDLE_SHRINK,0,0
2026-02-16T12:42:20.246Z,30,0,1.00,28,IDLE_SHRINK,0,0
2026-02-16T12:42:20.296Z,30,0,19.86,28,IDLE_SHRINK,0,0
2026-02-16T12:42:20.347Z,30,0,20.13,28,IDLE_SHRINK,0,0
2026-02-16T12:42:20.397Z,30,0,20.48,28,IDLE_SHRINK,0,0
2026-02-16T12:42:20.447Z,30,0,20.16,28,IDLE_SHRINK,0,0
2026-02-16T12:42:20.497Z,30,0,20.32,28,IDLE_SHRINK,0,0
2026-02-16T12:42:20.547Z,30,0,20.23,28,IDLE_SHRINK,0,0
2026-02-16T12:42:20.597Z,30,0,20.68,28,IDLE_SHRINK,0,0
2026-02-16T12:42:20.656Z,28,0,20.39,28,IDLE_SHRINK,2,0
2026-02-16T12:42:20.706Z,28,0,19.61,28,IDLE_SHRINK,0,0
2026-02-16T12:42:20.757Z,28,0,20.57,28,IDLE_SHRINK,0,0
2026-02-16T12:42:20.808Z,28,0,20.14,28,IDLE_SHRINK,0,0
2026-02-16T12:42:20.858Z,28,0,20.29,28,IDLE_SHRINK,0,0
2026-02-16T12:42:20.909Z,28,0,19.75,28,IDLE_SHRINK,0,0
2026-02-16T12:42:20.959Z,28,0,20.19,28,IDLE_SHRINK,0,0
2026-02-16T12:42:21.038Z,28,0,79.07,27,LAG_SHRINK,0,0
2026-02-16T12:42:21.088Z,28,0,20.46,27,IDLE_SHRINK,0,0
2026-02-16T12:42:21.139Z,28,0,1.00,27,IDLE_SHRINK,0,0
2026-02-16T12:42:21.190Z,28,0,20.37,27,IDLE_SHRINK,0,0
2026-02-16T12:42:21.240Z,28,0,0.00,27,IDLE_SHRINK,0,0
2026-02-16T12:42:21.290Z,28,0,20.13,27,IDLE_SHRINK,0,0
2026-02-16T12:42:21.340Z,28,0,20.13,27,IDLE_SHRINK,0,0
2026-02-16T12:42:21.390Z,28,0,20.44,27,IDLE_SHRINK,0,0
2026-02-16T12:42:21.445Z,28,0,22.45,27,IDLE_SHRINK,0,0
2026-02-16T12:42:21.496Z,28,0,20.23,27,IDLE_SHRINK,0,0
2026-02-16T12:42:21.546Z,28,0,20.44,27,IDLE_SHRINK,0,0
2026-02-16T12:42:21.597Z,28,0,20.36,27,IDLE_SHRINK,0,0
2026-02-16T12:42:21.647Z,28,0,19.87,27,IDLE_SHRINK,0,0
2026-02-16T12:42:21.697Z,28,0,20.32,27,IDLE_SHRINK,0,0
2026-02-16T12:42:21.747Z,28,0,20.32,27,IDLE_SHRINK,0,0
2026-02-16T12:42:21.797Z,28,0,20.26,27,IDLE_SHRINK,0,0
2026-02-16T12:42:21.848Z,28,0,1.00,27,IDLE_SHRINK,0,0
2026-02-16T12:42:21.899Z,28,0,20.23,27,IDLE_SHRINK,0,0
2026-02-16T12:42:21.949Z,28,0,0.00,27,IDLE_SHRINK,0,0
2026-02-16T12:42:21.999Z,28,0,20.36,27,IDLE_SHRINK,0,0
2026-02-16T12:42:22.049Z,28,0,20.21,27,IDLE_SHRINK,0,0
2026-02-16T12:42:22.099Z,28,0,20.44,27,IDLE_SHRINK,0,0
2026-02-16T12:42:22.149Z,28,0,20.31,27,IDLE_SHRINK,0,0
2026-02-16T12:42:22.199Z,28,0,20.49,27,IDLE_SHRINK,0,0
2026-02-16T12:42:22.249Z,28,0,20.31,27,IDLE_SHRINK,0,0
2026-02-16T12:42:22.299Z,28,0,20.41,27,IDLE_SHRINK,0,0
2026-02-16T12:42:22.350Z,27,0,20.32,27,IDLE_SHRINK,1,0
2026-02-16T12:42:22.400Z,27,0,20.42,27,IDLE_SHRINK,0,0
2026-02-16T12:42:22.450Z,27,0,0.00,27,IDLE_SHRINK,0,0
2026-02-16T12:42:22.500Z,27,0,20.41,27,IDLE_SHRINK,0,0
2026-02-16T12:42:22.550Z,27,0,20.19,27,IDLE_SHRINK,0,0
2026-02-16T12:42:22.600Z,27,0,20.41,27,IDLE_SHRINK,0,0
2026-02-16T12:42:22.651Z,27,0,20.29,27,IDLE_SHRINK,0,0
2026-02-16T12:42:22.701Z,27,0,20.37,27,IDLE_SHRINK,0,0
2026-02-16T12:42:22.751Z,27,0,0.00,27,IDLE_SHRINK,0,0
2026-02-16T12:42:22.801Z,27,0,20.41,27,IDLE_SHRINK,0,0
2026-02-16T12:42:22.851Z,27,0,20.23,27,IDLE_SHRINK,0,0
2026-02-16T12:42:22.901Z,27,0,20.50,27,IDLE_SHRINK,0,0
2026-02-16T12:42:22.951Z,27,0,20.19,27,IDLE_SHRINK,0,0
2026-02-16T12:42:23.001Z,27,0,20.32,27,IDLE_SHRINK,0,0
2026-02-16T12:42:23.051Z,27,0,1.70,27,IDLE_SHRINK,0,0
2026-02-16T12:42:23.102Z,27,0,20.28,27,IDLE_SHRINK,0,0
2026-02-16T12:42:23.152Z,27,0,0.00,27,IDLE_SHRINK,0,0
2026-02-16T12:42:23.202Z,27,0,20.43,27,IDLE_SHRINK,0,0
2026-02-16T12:42:23.253Z,27,0,20.19,27,IDLE_SHRINK,0,0
2026-02-16T12:42:23.304Z,27,0,20.47,27,IDLE_SHRINK,0,0
2026-02-16T12:42:23.354Z,27,0,0.00,27,IDLE_SHRINK,0,0
2026-02-16T12:42:23.405Z,27,0,20.18,27,IDLE_SHRINK,0,0
2026-02-16T12:42:23.455Z,27,0,20.19,27,IDLE_SHRINK,0,0
2026-02-16T12:42:23.537Z,27,0,20.30,27,IDLE_SHRINK,0,0
2026-02-16T12:42:23.586Z,27,0,20.00,27,IDLE_SHRINK,0,0
2026-02-16T12:42:23.637Z,27,0,20.28,27,IDLE_SHRINK,0,0
2026-02-16T12:42:23.737Z,27,0,49.18,26,LAG_SHRINK,0,0
2026-02-16T12:42:23.837Z,27,0,80.31,25,LAG_SHRINK,0,0
2026-02-16T12:42:23.888Z,27,0,20.39,25,IDLE_SHRINK,0,0
2026-02-16T12:42:23.939Z,27,0,1.00,25,IDLE_SHRINK,0,0
2026-02-16T12:42:23.990Z,27,0,20.42,25,IDLE_SHRINK,0,0
2026-02-16T12:42:24.040Z,27,0,20.29,25,IDLE_SHRINK,0,0
2026-02-16T12:42:24.091Z,27,0,20.37,25,IDLE_SHRINK,0,0
2026-02-16T12:42:24.141Z,27,0,20.24,25,IDLE_SHRINK,0,0
2026-02-16T12:42:24.192Z,27,0,20.39,25,IDLE_SHRINK,0,0
2026-02-16T12:42:24.242Z,27,0,20.29,25,IDLE_SHRINK,0,0
2026-02-16T12:42:24.292Z,27,0,20.75,25,IDLE_SHRINK,0,0
2026-02-16T12:42:24.342Z,27,0,0.00,25,IDLE_SHRINK,0,0
2026-02-16T12:42:24.393Z,27,0,20.44,25,IDLE_SHRINK,0,0
2026-02-16T12:42:24.442Z,27,0,20.36,25,IDLE_SHRINK,0,0
2026-02-16T12:42:24.493Z,27,0,20.39,25,IDLE_SHRINK,0,0
2026-02-16T12:42:24.543Z,27,0,20.39,25,IDLE_SHRINK,0,0
2026-02-16T12:42:24.594Z,27,0,20.39,25,IDLE_SHRINK,0,0
2026-02-16T12:42:24.644Z,27,0,1.00,25,IDLE_SHRINK,0,0
2026-02-16T12:42:24.739Z,27,0,20.37,25,IDLE_SHRINK,0,0
2026-02-16T12:42:24.788Z,27,0,20.06,25,IDLE_SHRINK,0,0
2026-02-16T12:42:24.838Z,27,0,0.00,25,IDLE_SHRINK,0,0
2026-02-16T12:42:24.888Z,27,0,20.34,25,IDLE_SHRINK,0,0
2026-02-16T12:42:24.939Z,27,0,20.42,25,IDLE_SHRINK,0,0
2026-02-16T12:42:24.988Z,27,0,20.46,25,IDLE_SHRINK,0,0
2026-02-16T12:42:25.038Z,27,0,20.24,25,IDLE_SHRINK,0,0
2026-02-16T12:42:25.089Z,27,0,20.35,25,IDLE_SHRINK,0,0
2026-02-16T12:42:25.140Z,27,0,20.28,25,IDLE_SHRINK,0,0
2026-02-16T12:42:25.190Z,27,0,19.87,25,IDLE_SHRINK,0,0
2026-02-16T12:42:25.241Z,27,0,20.34,25,IDLE_SHRINK,0,0
2026-02-16T12:42:25.292Z,27,0,20.67,25,IDLE_SHRINK,0,0
2026-02-16T12:42:25.342Z,27,0,1.00,25,IDLE_SHRINK,0,0
2026-02-16T12:42:25.437Z,27,0,20.52,25,IDLE_SHRINK,0,0
2026-02-16T12:42:25.536Z,27,0,49.84,24,LAG_SHRINK,0,0
2026-02-16T12:42:25.587Z,27,0,20.37,24,IDLE_SHRINK,0,0
2026-02-16T12:42:25.637Z,27,0,20.20,24,IDLE_SHRINK,0,0
2026-02-16T12:42:25.687Z,27,0,20.42,24,IDLE_SHRINK,0,0
2026-02-16T12:42:25.738Z,27,0,1.00,24,IDLE_SHRINK,0,0
2026-02-16T12:42:25.837Z,27,0,20.44,24,IDLE_SHRINK,0,0
2026-02-16T12:42:25.886Z,27,0,19.99,24,IDLE_SHRINK,0,0
2026-02-16T12:42:25.936Z,27,0,20.31,24,IDLE_SHRINK,0,0
2026-02-16T12:42:25.986Z,27,0,20.55,24,IDLE_SHRINK,0,0
2026-02-16T12:42:26.037Z,27,0,20.24,24,IDLE_SHRINK,0,0
2026-02-16T12:42:26.138Z,27,0,49.13,23,LAG_SHRINK,0,0
2026-02-16T12:42:26.236Z,27,0,20.21,23,IDLE_SHRINK,0,0
2026-02-16T12:42:26.286Z,27,0,19.92,23,IDLE_SHRINK,0,0
2026-02-16T12:42:26.336Z,27,0,20.23,23,IDLE_SHRINK,0,0
2026-02-16T12:42:26.386Z,27,0,19.73,23,IDLE_SHRINK,0,0
2026-02-16T12:42:26.437Z,27,0,20.32,23,IDLE_SHRINK,0,0
2026-02-16T12:42:26.487Z,27,0,19.96,23,IDLE_SHRINK,0,0
2026-02-16T12:42:26.539Z,27,0,38.42,22,LAG_SHRINK,0,0
2026-02-16T12:42:26.589Z,27,0,20.34,22,IDLE_SHRINK,0,0
2026-02-16T12:42:26.639Z,27,0,20.23,22,IDLE_SHRINK,0,0
2026-02-16T12:42:26.690Z,27,0,20.39,22,IDLE_SHRINK,0,0
2026-02-16T12:42:26.740Z,27,0,20.26,22,IDLE_SHRINK,0,0
2026-02-16T12:42:26.791Z,27,0,20.36,22,IDLE_SHRINK,0,0
2026-02-16T12:42:26.842Z,27,0,36.78,21,LAG_SHRINK,0,0
2026-02-16T12:42:26.892Z,27,0,20.32,21,IDLE_SHRINK,0,0
2026-02-16T12:42:26.942Z,27,0,20.34,21,IDLE_SHRINK,0,0
2026-02-16T12:42:26.993Z,27,0,20.32,21,IDLE_SHRINK,0,0
2026-02-16T12:42:27.043Z,27,0,20.25,21,IDLE_SHRINK,0,0
2026-02-16T12:42:27.093Z,27,0,20.34,21,IDLE_SHRINK,0,0
2026-02-16T12:42:27.143Z,27,0,20.28,21,IDLE_SHRINK,0,0
2026-02-16T12:42:27.193Z,27,0,20.42,21,IDLE_SHRINK,0,0
2026-02-16T12:42:27.243Z,27,0,20.46,21,IDLE_SHRINK,0,0
2026-02-16T12:42:27.293Z,27,0,20.29,21,IDLE_SHRINK,0,0
2026-02-16T12:42:27.343Z,27,0,0.00,21,IDLE_SHRINK,0,0
2026-02-16T12:42:27.394Z,27,0,20.36,21,IDLE_SHRINK,0,0
2026-02-16T12:42:27.444Z,27,0,0.00,21,IDLE_SHRINK,0,0
2026-02-16T12:42:27.494Z,27,0,20.23,21,IDLE_SHRINK,0,0
2026-02-16T12:42:27.544Z,27,0,20.27,21,IDLE_SHRINK,0,0
2026-02-16T12:42:27.594Z,27,0,20.14,21,IDLE_SHRINK,0,0
2026-02-16T12:42:27.644Z,27,0,20.14,21,IDLE_SHRINK,0,0
2026-02-16T12:42:27.694Z,27,0,20.14,21,IDLE_SHRINK,0,0
2026-02-16T12:42:27.744Z,27,0,20.14,21,IDLE_SHRINK,0,0
2026-02-16T12:42:27.796Z,27,0,20.41,21,IDLE_SHRINK,0,0
2026-02-16T12:42:27.847Z,27,0,36.09,20,LAG_SHRINK,0,0
2026-02-16T12:42:27.897Z,27,0,20.50,20,IDLE_SHRINK,0,0
2026-02-16T12:42:27.947Z,27,0,20.30,20,IDLE_SHRINK,0,0
2026-02-16T12:42:27.998Z,27,0,20.28,20,IDLE_SHRINK,0,0
2026-02-16T12:42:28.048Z,27,0,0.04,20,IDLE_SHRINK,0,0
2026-02-16T12:42:28.099Z,27,0,20.25,20,IDLE_SHRINK,0,0
2026-02-16T12:42:28.149Z,27,0,0.00,20,IDLE_SHRINK,0,0
2026-02-16T12:42:28.199Z,27,0,20.37,20,IDLE_SHRINK,0,0
2026-02-16T12:42:28.249Z,27,0,19.70,20,IDLE_SHRINK,0,0
2026-02-16T12:42:28.300Z,27,0,20.29,20,IDLE_SHRINK,0,0
2026-02-16T12:42:28.351Z,27,0,1.00,20,IDLE_SHRINK,0,0
2026-02-16T12:42:28.401Z,27,0,20.42,20,IDLE_SHRINK,0,0
2026-02-16T12:42:28.452Z,27,0,20.39,20,IDLE_SHRINK,0,0
2026-02-16T12:42:28.502Z,27,0,20.41,20,IDLE_SHRINK,0,0
2026-02-16T12:42:28.552Z,27,0,20.29,20,IDLE_SHRINK,0,0
2026-02-16T12:42:28.602Z,27,0,20.34,20,IDLE_SHRINK,0,0
2026-02-16T12:42:28.652Z,27,0,20.29,20,IDLE_SHRINK,0,0
2026-02-16T12:42:28.703Z,27,0,20.33,20,IDLE_SHRINK,0,0
2026-02-16T12:42:28.753Z,27,0,20.21,20,IDLE_SHRINK,0,0
2026-02-16T12:42:28.803Z,27,0,20.29,20,IDLE_SHRINK,0,0
2026-02-16T12:42:28.854Z,27,0,20.23,20,IDLE_SHRINK,0,0
2026-02-16T12:42:28.904Z,27,0,20.37,20,IDLE_SHRINK,0,0
2026-02-16T12:42:28.954Z,27,0,20.28,20,IDLE_SHRINK,0,0
2026-02-16T12:42:29.036Z,27,0,32.00,19,LAG_SHRINK,0,0
2026-02-16T12:42:29.086Z,27,0,20.36,19,IDLE_SHRINK,0,0
2026-02-16T12:42:29.137Z,27,0,20.49,19,IDLE_SHRINK,0,0
2026-02-16T12:42:29.187Z,27,0,20.12,19,IDLE_SHRINK,0,0
2026-02-16T12:42:29.237Z,27,0,20.34,19,IDLE_SHRINK,0,0
2026-02-16T12:42:29.337Z,27,0,20.22,19,IDLE_SHRINK,0,0
2026-02-16T12:42:29.387Z,27,0,19.87,19,IDLE_SHRINK,0,0
2026-02-16T12:42:29.437Z,27,0,40.09,18,LAG_SHRINK,0,0
2026-02-16T12:42:29.487Z,27,0,20.24,18,IDLE_SHRINK,0,0
2026-02-16T12:42:29.538Z,27,0,1.00,18,IDLE_SHRINK,0,0
2026-02-16T12:42:29.588Z,27,0,20.29,18,IDLE_SHRINK,0,0
2026-02-16T12:42:29.638Z,27,0,0.00,18,IDLE_SHRINK,0,0
2026-02-16T12:42:29.688Z,27,0,20.16,18,IDLE_SHRINK,0,0
2026-02-16T12:42:29.738Z,27,0,20.16,18,IDLE_SHRINK,0,0
2026-02-16T12:42:29.788Z,27,0,20.27,18,IDLE_SHRINK,0,0
2026-02-16T12:42:29.838Z,27,0,0.00,18,IDLE_SHRINK,0,0
2026-02-16T12:42:29.890Z,27,0,20.26,18,IDLE_SHRINK,0,0
2026-02-16T12:42:29.940Z,27,0,1.00,18,IDLE_SHRINK,0,0
2026-02-16T12:42:29.990Z,27,0,20.32,18,IDLE_SHRINK,0,0
2026-02-16T12:42:30.040Z,27,0,20.28,18,IDLE_SHRINK,0,0
2026-02-16T12:42:30.091Z,27,0,20.19,18,IDLE_SHRINK,0,0
2026-02-16T12:42:30.141Z,27,0,20.42,18,IDLE_SHRINK,0,0
2026-02-16T12:42:30.236Z,27,0,20.24,18,IDLE_SHRINK,0,0
2026-02-16T12:42:30.286Z,27,0,20.11,18,IDLE_SHRINK,0,0
2026-02-16T12:42:30.336Z,27,0,20.29,18,IDLE_SHRINK,0,0
2026-02-16T12:42:30.386Z,27,0,20.65,18,IDLE_SHRINK,0,0
2026-02-16T12:42:30.436Z,27,0,20.31,18,IDLE_SHRINK,0,0
2026-02-16T12:42:30.486Z,27,0,20.44,18,IDLE_SHRINK,0,0
2026-02-16T12:42:30.536Z,27,0,0.00,18,IDLE_SHRINK,0,0
2026-02-16T12:42:30.587Z,27,0,20.44,18,IDLE_SHRINK,0,0
2026-02-16T12:42:30.637Z,27,0,20.32,18,IDLE_SHRINK,0,0
2026-02-16T12:42:30.688Z,27,0,20.30,18,IDLE_SHRINK,0,0
2026-02-16T12:42:30.738Z,27,0,0.00,18,IDLE_SHRINK,0,0
2026-02-16T12:42:30.788Z,27,0,20.23,18,IDLE_SHRINK,0,0
2026-02-16T12:42:30.839Z,27,0,20.50,18,IDLE_SHRINK,0,0
2026-02-16T12:42:30.889Z,27,0,20.35,18,IDLE_SHRINK,0,0
2026-02-16T12:42:30.939Z,27,0,20.37,18,IDLE_SHRINK,0,0
2026-02-16T12:42:30.990Z,27,0,20.39,18,IDLE_SHRINK,0,0
2026-02-16T12:42:31.040Z,27,0,20.28,18,IDLE_SHRINK,0,0
2026-02-16T12:42:31.090Z,27,0,20.37,18,IDLE_SHRINK,0,0
2026-02-16T12:42:31.140Z,27,0,20.37,18,IDLE_SHRINK,0,0
2026-02-16T12:42:31.190Z,27,0,20.44,18,IDLE_SHRINK,0,0
2026-02-16T12:42:31.240Z,27,0,20.32,18,IDLE_SHRINK,0,0
2026-02-16T12:42:31.290Z,27,0,20.60,18,IDLE_SHRINK,0,0
2026-02-16T12:42:31.341Z,27,0,20.49,18,IDLE_SHRINK,0,0
2026-02-16T12:42:31.391Z,27,0,20.70,18,IDLE_SHRINK,0,0
2026-02-16T12:42:31.441Z,27,0,0.02,18,IDLE_SHRINK,0,0
2026-02-16T12:42:31.491Z,27,0,20.54,18,IDLE_SHRINK,0,0
2026-02-16T12:42:31.542Z,27,0,20.31,18,IDLE_SHRINK,0,0
2026-02-16T12:42:31.593Z,27,0,20.41,18,IDLE_SHRINK,0,0
2026-02-16T12:42:31.643Z,27,0,20.30,18,IDLE_SHRINK,0,0
2026-02-16T12:42:31.693Z,27,0,20.16,18,IDLE_SHRINK,0,0
2026-02-16T12:42:31.743Z,27,0,0.00,18,IDLE_SHRINK,0,0
2026-02-16T12:42:31.794Z,27,0,20.19,18,IDLE_SHRINK,0,0
2026-02-16T12:42:31.844Z,27,0,1.00,18,IDLE_SHRINK,0,0
2026-02-16T12:42:31.894Z,27,0,19.55,18,IDLE_SHRINK,0,0
2026-02-16T12:42:31.944Z,27,0,0.00,18,IDLE_SHRINK,0,0
2026-02-16T12:42:31.994Z,27,0,20.60,18,IDLE_SHRINK,0,0
2026-02-16T12:42:32.044Z,27,0,20.28,18,IDLE_SHRINK,0,0
2026-02-16T12:42:32.095Z,27,0,20.37,18,IDLE_SHRINK,0,0
2026-02-16T12:42:32.145Z,27,0,20.30,18,IDLE_SHRINK,0,0
2026-02-16T12:42:32.195Z,27,0,20.39,18,IDLE_SHRINK,0,0
2026-02-16T12:42:32.245Z,27,0,20.37,18,IDLE_SHRINK,0,0
2026-02-16T12:42:32.296Z,27,0,20.44,18,IDLE_SHRINK,0,0
2026-02-16T12:42:32.346Z,27,0,20.34,18,IDLE_SHRINK,0,0
2026-02-16T12:42:32.397Z,27,0,20.32,18,IDLE_SHRINK,0,0
2026-02-16T12:42:32.447Z,27,0,20.33,18,IDLE_SHRINK,0,0
2026-02-16T12:42:32.498Z,27,0,20.41,18,IDLE_SHRINK,0,0
2026-02-16T12:42:32.548Z,27,0,20.28,18,IDLE_SHRINK,0,0
2026-02-16T12:42:32.598Z,27,0,20.29,18,IDLE_SHRINK,0,0
2026-02-16T12:42:32.648Z,27,0,20.31,18,IDLE_SHRINK,0,0
2026-02-16T12:42:32.698Z,27,0,20.34,18,IDLE_SHRINK,0,0
2026-02-16T12:42:32.748Z,27,0,20.24,18,IDLE_SHRINK,0,0
2026-02-16T12:42:32.798Z,27,0,20.46,18,IDLE_SHRINK,0,0
2026-02-16T12:42:32.848Z,27,0,0.00,18,IDLE_SHRINK,0,0
2026-02-16T12:42:32.937Z,27,0,39.00,17,LAG_SHRINK,0,0
2026-02-16T12:42:33.047Z,27,0,60.00,16,LAG_SHRINK,0,0
2026-02-16T12:42:33.137Z,27,0,40.00,15,LAG_SHRINK,0,0
2026-02-16T12:42:33.188Z,27,0,20.54,15,IDLE_SHRINK,0,0
2026-02-16T12:42:33.239Z,27,0,20.39,15,IDLE_SHRINK,0,0
2026-02-16T12:42:33.290Z,27,0,20.14,15,IDLE_SHRINK,0,0
2026-02-16T12:42:33.340Z,27,0,1.00,15,IDLE_SHRINK,0,0
2026-02-16T12:42:33.390Z,27,0,20.26,15,IDLE_SHRINK,0,0
2026-02-16T12:42:33.440Z,27,0,20.41,15,IDLE_SHRINK,0,0
2026-02-16T12:42:33.490Z,27,0,20.32,15,IDLE_SHRINK,0,0
2026-02-16T12:42:33.540Z,27,0,20.39,15,IDLE_SHRINK,0,0
2026-02-16T12:42:33.590Z,27,0,20.54,15,IDLE_SHRINK,0,0
2026-02-16T12:42:33.641Z,27,0,20.46,15,IDLE_SHRINK,0,0
2026-02-16T12:42:33.737Z,27,0,93.75,14,LAG_SHRINK,0,0
2026-02-16T12:42:33.836Z,27,0,49.00,13,LAG_SHRINK,0,0
2026-02-16T12:42:33.940Z,27,0,102.86,12,LAG_SHRINK,0,0
2026-02-16T12:42:33.991Z,27,0,20.36,12,IDLE_SHRINK,0,0
2026-02-16T12:42:34.041Z,27,0,20.31,12,IDLE_SHRINK,0,0
2026-02-16T12:42:34.091Z,27,0,20.37,12,IDLE_SHRINK,0,0
2026-02-16T12:42:34.141Z,27,0,0.00,12,IDLE_SHRINK,0,0
2026-02-16T12:42:34.192Z,27,0,20.29,12,IDLE_SHRINK,0,0
2026-02-16T12:42:34.243Z,27,0,20.37,12,IDLE_SHRINK,0,0
2026-02-16T12:42:34.293Z,27,0,20.37,12,IDLE_SHRINK,0,0
2026-02-16T12:42:34.343Z,27,0,20.31,12,IDLE_SHRINK,0,0
2026-02-16T12:42:34.393Z,27,0,20.39,12,IDLE_SHRINK,0,0
2026-02-16T12:42:34.443Z,27,0,20.32,12,IDLE_SHRINK,0,0
2026-02-16T12:42:34.493Z,27,0,20.31,12,IDLE_SHRINK,0,0
2026-02-16T12:42:34.545Z,27,0,20.26,12,IDLE_SHRINK,0,0
2026-02-16T12:42:34.637Z,27,0,91.00,11,LAG_SHRINK,0,0
2026-02-16T12:42:34.686Z,27,0,20.41,11,IDLE_SHRINK,0,0
2026-02-16T12:42:34.736Z,27,0,20.39,11,IDLE_SHRINK,0,0
2026-02-16T12:42:34.836Z,27,0,19.80,11,IDLE_SHRINK,0,0
2026-02-16T12:42:34.886Z,27,0,19.78,11,IDLE_SHRINK,0,0
2026-02-16T12:42:34.937Z,27,0,20.37,11,IDLE_SHRINK,0,0
2026-02-16T12:42:34.988Z,27,0,20.28,11,IDLE_SHRINK,0,0
2026-02-16T12:42:35.038Z,27,0,20.44,11,IDLE_SHRINK,0,0
2026-02-16T12:42:35.088Z,27,0,19.89,11,IDLE_SHRINK,0,0
2026-02-16T12:42:35.139Z,27,0,20.52,11,IDLE_SHRINK,0,0
2026-02-16T12:42:35.189Z,27,0,20.43,11,IDLE_SHRINK,0,0
2026-02-16T12:42:35.239Z,27,0,20.34,11,IDLE_SHRINK,0,0
2026-02-16T12:42:35.289Z,27,0,20.54,11,IDLE_SHRINK,0,0
2026-02-16T12:42:35.339Z,27,0,20.50,11,IDLE_SHRINK,0,0
2026-02-16T12:42:35.389Z,27,0,20.47,11,IDLE_SHRINK,0,0
2026-02-16T12:42:35.439Z,27,0,20.54,11,IDLE_SHRINK,0,0
2026-02-16T12:42:35.489Z,27,0,20.54,11,IDLE_SHRINK,0,0
2026-02-16T12:42:35.540Z,27,0,20.42,11,IDLE_SHRINK,0,0
2026-02-16T12:42:35.591Z,27,0,20.54,11,IDLE_SHRINK,0,0
2026-02-16T12:42:35.642Z,27,0,20.37,11,IDLE_SHRINK,0,0
2026-02-16T12:42:35.692Z,27,0,20.41,11,IDLE_SHRINK,0,0
2026-02-16T12:42:35.742Z,27,0,20.21,11,IDLE_SHRINK,0,0
2026-02-16T12:42:35.792Z,27,0,20.29,11,IDLE_SHRINK,0,0
2026-02-16T12:42:35.842Z,27,0,0.00,11,IDLE_SHRINK,0,0
2026-02-16T12:42:35.893Z,27,0,20.18,11,IDLE_SHRINK,0,0
2026-02-16T12:42:35.943Z,27,0,20.42,11,IDLE_SHRINK,0,0
2026-02-16T12:42:35.993Z,27,0,20.14,11,IDLE_SHRINK,0,0
2026-02-16T12:42:36.045Z,27,0,20.34,11,IDLE_SHRINK,0,0
2026-02-16T12:42:36.095Z,27,0,20.31,11,IDLE_SHRINK,0,0
2026-02-16T12:42:36.145Z,27,0,20.48,11,IDLE_SHRINK,0,0
2026-02-16T12:42:36.195Z,27,0,20.44,11,IDLE_SHRINK,0,0
2026-02-16T12:42:36.245Z,27,0,20.41,11,IDLE_SHRINK,0,0
2026-02-16T12:42:36.295Z,27,0,20.55,11,IDLE_SHRINK,0,0
2026-02-16T12:42:36.345Z,27,0,20.16,11,IDLE_SHRINK,0,0
2026-02-16T12:42:36.397Z,27,0,20.37,11,IDLE_SHRINK,0,0
2026-02-16T12:42:36.447Z,27,0,20.14,11,IDLE_SHRINK,0,0
2026-02-16T12:42:36.497Z,27,0,20.18,11,IDLE_SHRINK,0,0
2026-02-16T12:42:36.547Z,27,0,20.18,11,IDLE_SHRINK,0,0
2026-02-16T12:42:36.597Z,27,0,19.82,11,IDLE_SHRINK,0,0
2026-02-16T12:42:36.647Z,27,0,20.16,11,IDLE_SHRINK,0,0
2026-02-16T12:42:36.697Z,27,0,20.31,11,IDLE_SHRINK,0,0
2026-02-16T12:42:36.747Z,27,0,20.37,11,IDLE_SHRINK,0,0
2026-02-16T12:42:36.797Z,27,0,20.50,11,IDLE_SHRINK,0,0
2026-02-16T12:42:36.847Z,27,0,20.52,11,IDLE_SHRINK,0,0
2026-02-16T12:42:36.897Z,27,0,20.52,11,IDLE_SHRINK,0,0
2026-02-16T12:42:36.947Z,27,0,20.24,11,IDLE_SHRINK,0,0
2026-02-16T12:42:36.997Z,27,0,20.02,11,IDLE_SHRINK,0,0
2026-02-16T12:42:37.048Z,27,0,20.19,11,IDLE_SHRINK,0,0
2026-02-16T12:42:37.099Z,27,0,20.23,11,IDLE_SHRINK,0,0
2026-02-16T12:42:37.150Z,27,0,20.21,11,IDLE_SHRINK,0,0
2026-02-16T12:42:37.201Z,27,0,20.26,11,IDLE_SHRINK,0,0
2026-02-16T12:42:37.251Z,27,0,20.49,11,IDLE_SHRINK,0,0
2026-02-16T12:42:37.301Z,27,0,20.64,11,IDLE_SHRINK,0,0
2026-02-16T12:42:37.351Z,27,0,20.14,11,IDLE_SHRINK,0,0
2026-02-16T12:42:37.401Z,27,0,20.35,11,IDLE_SHRINK,0,0
2026-02-16T12:42:37.451Z,27,0,20.29,11,IDLE_SHRINK,0,0
2026-02-16T12:42:37.501Z,27,0,20.48,11,IDLE_SHRINK,0,0
2026-02-16T12:42:37.552Z,27,0,20.24,11,IDLE_SHRINK,0,0
2026-02-16T12:42:37.603Z,27,0,20.36,11,IDLE_SHRINK,0,0
2026-02-16T12:42:37.653Z,27,0,20.18,11,IDLE_SHRINK,0,0
2026-02-16T12:42:37.703Z,27,0,20.14,11,IDLE_SHRINK,0,0
2026-02-16T12:42:37.754Z,27,0,20.19,11,IDLE_SHRINK,0,0
2026-02-16T12:42:37.804Z,27,0,20.37,11,IDLE_SHRINK,0,0
2026-02-16T12:42:37.854Z,27,0,20.27,11,IDLE_SHRINK,0,0
2026-02-16T12:42:37.904Z,27,0,20.11,11,IDLE_SHRINK,0,0
2026-02-16T12:42:37.954Z,27,0,20.21,11,IDLE_SHRINK,0,0
2026-02-16T12:42:38.005Z,27,0,20.41,11,IDLE_SHRINK,0,0
2026-02-16T12:42:38.055Z,27,0,20.41,11,IDLE_SHRINK,0,0
2026-02-16T12:42:38.106Z,27,0,20.16,11,IDLE_SHRINK,0,0
2026-02-16T12:42:38.157Z,27,0,20.20,11,IDLE_SHRINK,0,0
2026-02-16T12:42:38.207Z,27,0,20.37,11,IDLE_SHRINK,0,0
2026-02-16T12:42:38.258Z,27,0,20.29,11,IDLE_SHRINK,0,0
2026-02-16T12:42:38.308Z,27,0,20.28,11,IDLE_SHRINK,0,0
2026-02-16T12:42:38.359Z,27,0,20.62,11,IDLE_SHRINK,0,0
2026-02-16T12:42:38.409Z,27,0,20.26,11,IDLE_SHRINK,0,0
2026-02-16T12:42:38.459Z,27,0,20.31,11,IDLE_SHRINK,0,0
2026-02-16T12:42:38.509Z,27,0,20.50,11,IDLE_SHRINK,0,0
2026-02-16T12:42:38.559Z,27,0,20.31,11,IDLE_SHRINK,0,0
2026-02-16T12:42:38.609Z,27,0,20.37,11,IDLE_SHRINK,0,0
2026-02-16T12:42:38.661Z,27,0,20.21,11,IDLE_SHRINK,0,0
2026-02-16T12:42:38.712Z,27,0,20.23,11,IDLE_SHRINK,0,0
2026-02-16T12:42:38.762Z,27,0,20.32,11,IDLE_SHRINK,0,0
2026-02-16T12:42:38.813Z,27,0,20.41,11,IDLE_SHRINK,0,0
2026-02-16T12:42:38.863Z,27,0,20.37,11,IDLE_SHRINK,0,0
2026-02-16T12:42:38.913Z,27,0,20.24,11,IDLE_SHRINK,0,0
2026-02-16T12:42:38.964Z,27,0,20.37,11,IDLE_SHRINK,0,0
2026-02-16T12:42:39.015Z,27,0,20.32,11,IDLE_SHRINK,0,0
2026-02-16T12:42:39.065Z,27,0,19.74,11,IDLE_SHRINK,0,0
2026-02-16T12:42:39.115Z,27,0,20.34,11,IDLE_SHRINK,0,0
2026-02-16T12:42:39.166Z,27,0,20.51,11,IDLE_SHRINK,0,0
2026-02-16T12:42:39.216Z,27,0,20.49,11,IDLE_SHRINK,0,0
2026-02-16T12:42:39.266Z,27,0,20.73,11,IDLE_SHRINK,0,0
2026-02-16T12:42:39.316Z,27,0,20.39,11,IDLE_SHRINK,0,0
2026-02-16T12:42:39.366Z,27,0,20.46,11,IDLE_SHRINK,0,0
2026-02-16T12:42:39.416Z,27,0,20.36,11,IDLE_SHRINK,0,0
2026-02-16T12:42:39.466Z,27,0,20.52,11,IDLE_SHRINK,0,0
2026-02-16T12:42:39.516Z,27,0,20.32,11,IDLE_SHRINK,0,0
2026-02-16T12:42:39.567Z,27,0,20.42,11,IDLE_SHRINK,0,0
2026-02-16T12:42:39.618Z,27,0,20.23,11,IDLE_SHRINK,0,0
2026-02-16T12:42:39.668Z,27,0,20.31,11,IDLE_SHRINK,0,0
2026-02-16T12:42:39.719Z,27,0,20.16,11,IDLE_SHRINK,0,0
2026-02-16T12:42:39.769Z,27,0,20.50,11,IDLE_SHRINK,0,0
2026-02-16T12:42:39.820Z,27,0,20.36,11,IDLE_SHRINK,0,0
2026-02-16T12:42:39.871Z,27,0,20.21,11,IDLE_SHRINK,0,0
2026-02-16T12:42:39.922Z,27,0,20.19,11,IDLE_SHRINK,0,0
2026-02-16T12:42:39.973Z,27,0,19.99,11,IDLE_SHRINK,0,0
2026-02-16T12:42:40.024Z,27,0,20.31,11,IDLE_SHRINK,0,0
2026-02-16T12:42:40.074Z,27,0,20.04,11,IDLE_SHRINK,0,0
2026-02-16T12:42:40.125Z,27,0,20.37,11,IDLE_SHRINK,0,0
2026-02-16T12:42:40.175Z,27,0,20.51,11,IDLE_SHRINK,0,0
2026-02-16T12:42:40.226Z,27,0,20.03,11,IDLE_SHRINK,0,0
2026-02-16T12:42:40.276Z,27,0,20.48,11,IDLE_SHRINK,0,0
2026-02-16T12:42:40.326Z,27,0,20.28,11,IDLE_SHRINK,0,0
2026-02-16T12:42:40.376Z,27,0,20.18,11,IDLE_SHRINK,0,0
2026-02-16T12:42:40.426Z,27,0,20.19,11,IDLE_SHRINK,0,0
2026-02-16T12:42:40.476Z,27,0,20.19,11,IDLE_SHRINK,0,0
2026-02-16T12:42:40.526Z,27,0,20.17,11,IDLE_SHRINK,0,0
2026-02-16T12:42:40.576Z,27,0,20.23,11,IDLE_SHRINK,0,0
2026-02-16T12:42:40.626Z,27,0,20.14,11,IDLE_SHRINK,0,0
2026-02-16T12:42:40.677Z,27,0,20.18,11,IDLE_SHRINK,0,0
2026-02-16T12:42:40.728Z,27,0,20.26,11,IDLE_SHRINK,0,0
2026-02-16T12:42:40.779Z,27,0,20.26,11,IDLE_SHRINK,0,0
2026-02-16T12:42:40.829Z,27,0,20.22,11,IDLE_SHRINK,0,0
2026-02-16T12:42:40.879Z,27,0,20.18,11,IDLE_SHRINK,0,0
2026-02-16T12:42:40.930Z,27,0,20.30,11,IDLE_SHRINK,0,0
2026-02-16T12:42:40.980Z,27,0,19.28,11,IDLE_SHRINK,0,0
2026-02-16T12:42:41.030Z,27,0,20.28,11,IDLE_SHRINK,0,0
2026-02-16T12:42:41.080Z,27,0,20.24,11,IDLE_SHRINK,0,0
2026-02-16T12:42:41.130Z,27,0,20.26,11,IDLE_SHRINK,0,0
2026-02-16T12:42:41.181Z,27,0,20.32,11,IDLE_SHRINK,0,0
2026-02-16T12:42:41.231Z,27,0,20.23,11,IDLE_SHRINK,0,0
2026-02-16T12:42:41.282Z,27,0,20.82,11,IDLE_SHRINK,0,0
2026-02-16T12:42:41.332Z,27,0,20.21,11,IDLE_SHRINK,0,0
2026-02-16T12:42:41.382Z,27,0,20.18,11,IDLE_SHRINK,0,0
2026-02-16T12:42:41.432Z,27,0,20.19,11,IDLE_SHRINK,0,0
2026-02-16T12:42:41.482Z,27,0,20.16,11,IDLE_SHRINK,0,0
2026-02-16T12:42:41.532Z,27,0,20.18,11,IDLE_SHRINK,0,0
2026-02-16T12:42:41.582Z,27,0,20.28,11,IDLE_SHRINK,0,0
2026-02-16T12:42:41.633Z,27,0,20.34,11,IDLE_SHRINK,0,0
2026-02-16T12:42:41.683Z,27,0,20.24,11,IDLE_SHRINK,0,0
2026-02-16T12:42:41.733Z,27,0,20.17,11,IDLE_SHRINK,0,0
2026-02-16T12:42:41.783Z,27,0,20.47,11,IDLE_SHRINK,0,0
2026-02-16T12:42:41.833Z,27,0,20.23,11,IDLE_SHRINK,0,0
2026-02-16T12:42:41.883Z,27,0,20.52,11,IDLE_SHRINK,0,0
2026-02-16T12:42:41.933Z,27,0,20.18,11,IDLE_SHRINK,0,0
2026-02-16T12:42:41.983Z,27,0,19.75,11,IDLE_SHRINK,0,0
2026-02-16T12:42:42.033Z,27,0,20.26,11,IDLE_SHRINK,0,0
2026-02-16T12:42:42.083Z,27,0,20.56,11,IDLE_SHRINK,0,0
2026-02-16T12:42:42.133Z,27,0,20.31,11,IDLE_SHRINK,0,0
2026-02-16T12:42:42.183Z,27,0,20.46,11,IDLE_SHRINK,0,0
2026-02-16T12:42:42.233Z,27,0,20.13,11,IDLE_SHRINK,0,0
2026-02-16T12:42:42.283Z,27,0,19.91,11,IDLE_SHRINK,0,0
2026-02-16T12:42:42.333Z,27,0,20.16,11,IDLE_SHRINK,0,0
2026-02-16T12:42:42.383Z,27,0,20.37,11,IDLE_SHRINK,0,0
2026-02-16T12:42:42.433Z,27,0,20.26,11,IDLE_SHRINK,0,0
2026-02-16T12:42:42.483Z,27,0,20.41,11,IDLE_SHRINK,0,0
2026-02-16T12:42:42.534Z,27,0,20.16,11,IDLE_SHRINK,0,0
2026-02-16T12:42:42.584Z,27,0,20.13,11,IDLE_SHRINK,0,0
2026-02-16T12:42:42.635Z,27,0,20.17,11,IDLE_SHRINK,0,0
2026-02-16T12:42:42.685Z,27,0,20.19,11,IDLE_SHRINK,0,0
2026-02-16T12:42:42.735Z,27,0,20.15,11,IDLE_SHRINK,0,0
2026-02-16T12:42:42.785Z,27,0,20.13,11,IDLE_SHRINK,0,0
2026-02-16T12:42:42.836Z,27,0,20.23,11,IDLE_SHRINK,0,0
2026-02-16T12:42:42.887Z,27,0,20.18,11,IDLE_SHRINK,0,0
2026-02-16T12:42:42.937Z,27,0,20.19,11,IDLE_SHRINK,0,0
2026-02-16T12:42:42.987Z,27,0,20.21,11,IDLE_SHRINK,0,0
2026-02-16T12:42:43.038Z,27,0,20.29,11,IDLE_SHRINK,0,0
2026-02-16T12:42:43.089Z,27,0,20.19,11,IDLE_SHRINK,0,0
2026-02-16T12:42:43.140Z,27,0,20.36,11,IDLE_SHRINK,0,0
2026-02-16T12:42:43.191Z,27,0,20.64,11,IDLE_SHRINK,0,0
2026-02-16T12:42:43.241Z,27,0,20.31,11,IDLE_SHRINK,0,0
2026-02-16T12:42:43.291Z,27,0,20.49,11,IDLE_SHRINK,0,0
2026-02-16T12:42:43.341Z,27,0,20.28,11,IDLE_SHRINK,0,0
2026-02-16T12:42:43.391Z,27,0,20.60,11,IDLE_SHRINK,0,0
2026-02-16T12:42:43.442Z,27,0,20.28,11,IDLE_SHRINK,0,0
2026-02-16T12:42:43.493Z,27,0,20.68,11,IDLE_SHRINK,0,0
2026-02-16T12:42:43.543Z,27,0,20.42,11,IDLE_SHRINK,0,0
2026-02-16T12:42:43.594Z,27,0,20.98,11,IDLE_SHRINK,0,0
2026-02-16T12:42:43.644Z,27,0,20.36,11,IDLE_SHRINK,0,0
2026-02-16T12:42:43.694Z,27,0,20.52,11,IDLE_SHRINK,0,0
2026-02-16T12:42:43.745Z,27,0,20.18,11,IDLE_SHRINK,0,0
2026-02-16T12:42:43.796Z,27,0,20.64,11,IDLE_SHRINK,0,0
2026-02-16T12:42:43.846Z,27,0,20.19,11,IDLE_SHRINK,0,0
2026-02-16T12:42:43.896Z,27,0,20.67,11,IDLE_SHRINK,0,0
2026-02-16T12:42:43.946Z,27,0,20.19,11,IDLE_SHRINK,0,0
2026-02-16T12:42:43.996Z,27,0,19.67,11,IDLE_SHRINK,0,0
2026-02-16T12:42:44.046Z,27,0,20.32,11,IDLE_SHRINK,0,0
2026-02-16T12:42:44.097Z,27,0,20.59,11,IDLE_SHRINK,0,0
2026-02-16T12:42:44.147Z,27,0,20.35,11,IDLE_SHRINK,0,0
2026-02-16T12:42:44.197Z,27,0,19.64,11,IDLE_SHRINK,0,0
2026-02-16T12:42:44.247Z,27,0,19.82,11,IDLE_SHRINK,0,0
2026-02-16T12:42:44.297Z,27,0,19.54,11,IDLE_SHRINK,0,0
2026-02-16T12:42:44.347Z,27,0,20.21,11,IDLE_SHRINK,0,0
2026-02-16T12:42:44.397Z,27,0,20.14,11,IDLE_SHRINK,0,0
2026-02-16T12:42:44.447Z,27,0,20.27,11,IDLE_SHRINK,0,0
2026-02-16T12:42:44.497Z,27,0,20.62,11,IDLE_SHRINK,0,0
2026-02-16T12:42:44.547Z,27,0,20.29,11,IDLE_SHRINK,0,0
2026-02-16T12:42:44.597Z,27,0,19.97,11,IDLE_SHRINK,0,0
2026-02-16T12:42:44.648Z,27,0,20.46,11,IDLE_SHRINK,0,0
2026-02-16T12:42:44.699Z,27,0,20.58,11,IDLE_SHRINK,0,0
2026-02-16T12:42:44.749Z,27,0,20.34,11,IDLE_SHRINK,0,0
2026-02-16T12:42:44.799Z,27,0,20.58,11,IDLE_SHRINK,0,0
2026-02-16T12:42:44.849Z,27,0,20.32,11,IDLE_SHRINK,0,0
2026-02-16T12:42:44.899Z,27,0,19.97,11,IDLE_SHRINK,0,0
2026-02-16T12:42:44.950Z,27,0,20.31,11,IDLE_SHRINK,0,0
2026-02-16T12:42:45.000Z,27,0,20.51,11,IDLE_SHRINK,0,0
2026-02-16T12:42:45.051Z,27,0,20.24,11,IDLE_SHRINK,0,0
2026-02-16T12:42:45.101Z,27,0,20.32,11,IDLE_SHRINK,0,0
2026-02-16T12:42:45.151Z,27,0,20.18,11,IDLE_SHRINK,0,0
2026-02-16T12:42:45.202Z,27,0,20.70,11,IDLE_SHRINK,0,0
2026-02-16T12:42:45.252Z,27,0,20.35,11,IDLE_SHRINK,0,0
2026-02-16T12:42:45.302Z,27,0,20.64,11,IDLE_SHRINK,0,0
2026-02-16T12:42:45.352Z,27,0,20.32,11,IDLE_SHRINK,0,0
2026-02-16T12:42:45.402Z,27,0,19.91,11,IDLE_SHRINK,0,0
2026-02-16T12:42:45.452Z,27,0,20.26,11,IDLE_SHRINK,0,0
2026-02-16T12:42:45.502Z,27,0,20.77,11,IDLE_SHRINK,0,0
2026-02-16T12:42:45.553Z,27,0,20.32,11,IDLE_SHRINK,0,0
2026-02-16T12:42:45.604Z,27,0,20.46,11,IDLE_SHRINK,0,0
2026-02-16T12:42:45.654Z,27,0,20.31,11,IDLE_SHRINK,0,0
2026-02-16T12:42:45.704Z,27,0,19.75,11,IDLE_SHRINK,0,0
2026-02-16T12:42:45.754Z,27,0,20.27,11,IDLE_SHRINK,0,0
2026-02-16T12:42:45.805Z,27,0,20.65,11,IDLE_SHRINK,0,0
2026-02-16T12:42:45.855Z,27,0,20.23,11,IDLE_SHRINK,0,0
2026-02-16T12:42:45.905Z,27,0,19.73,11,IDLE_SHRINK,0,0
2026-02-16T12:42:45.956Z,27,0,20.23,11,IDLE_SHRINK,0,0
2026-02-16T12:42:46.006Z,27,0,20.57,11,IDLE_SHRINK,0,0
2026-02-16T12:42:46.056Z,27,0,20.32,11,IDLE_SHRINK,0,0
2026-02-16T12:42:46.107Z,27,0,20.65,11,IDLE_SHRINK,0,0
2026-02-16T12:42:46.158Z,27,0,20.50,11,IDLE_SHRINK,0,0
2026-02-16T12:42:46.209Z,27,0,20.50,11,IDLE_SHRINK,0,0
2026-02-16T12:42:46.259Z,27,0,20.55,11,IDLE_SHRINK,0,0
2026-02-16T12:42:46.310Z,27,0,20.46,11,IDLE_SHRINK,0,0
2026-02-16T12:42:46.360Z,27,0,20.23,11,IDLE_SHRINK,0,0
2026-02-16T12:42:46.410Z,27,0,20.28,11,IDLE_SHRINK,0,0
2026-02-16T12:42:46.460Z,27,0,20.16,11,IDLE_SHRINK,0,0
2026-02-16T12:42:46.510Z,27,0,20.50,11,IDLE_SHRINK,0,0
2026-02-16T12:42:46.560Z,27,0,20.28,11,IDLE_SHRINK,0,0
2026-02-16T12:42:46.610Z,27,0,20.34,11,IDLE_SHRINK,0,0
2026-02-16T12:42:46.660Z,27,0,20.18,11,IDLE_SHRINK,0,0
2026-02-16T12:42:46.710Z,27,0,20.47,11,IDLE_SHRINK,0,0
2026-02-16T12:42:46.760Z,27,0,20.39,11,IDLE_SHRINK,0,0
2026-02-16T12:42:46.810Z,27,0,19.96,11,IDLE_SHRINK,0,0
2026-02-16T12:42:46.861Z,27,0,20.34,11,IDLE_SHRINK,0,0
2026-02-16T12:42:46.911Z,27,0,20.32,11,IDLE_SHRINK,0,0
2026-02-16T12:42:46.961Z,27,0,20.23,11,IDLE_SHRINK,0,0
2026-02-16T12:42:47.011Z,27,0,20.40,11,IDLE_SHRINK,0,0
2026-02-16T12:42:47.062Z,27,0,20.24,11,IDLE_SHRINK,0,0
2026-02-16T12:42:47.112Z,27,0,20.55,11,IDLE_SHRINK,0,0
2026-02-16T12:42:47.162Z,27,0,20.31,11,IDLE_SHRINK,0,0
2026-02-16T12:42:47.212Z,27,0,19.57,11,IDLE_SHRINK,0,0
2026-02-16T12:42:47.262Z,27,0,19.74,11,IDLE_SHRINK,0,0
2026-02-16T12:42:47.312Z,27,0,19.67,11,IDLE_SHRINK,0,0
2026-02-16T12:42:47.363Z,27,0,20.20,11,IDLE_SHRINK,0,0
2026-02-16T12:42:47.414Z,27,0,20.59,11,IDLE_SHRINK,0,0
2026-02-16T12:42:47.464Z,27,0,20.31,11,IDLE_SHRINK,0,0
2026-02-16T12:42:47.514Z,27,0,20.68,11,IDLE_SHRINK,0,0
2026-02-16T12:42:47.564Z,27,0,20.20,11,IDLE_SHRINK,0,0
2026-02-16T12:42:47.615Z,27,0,20.62,11,IDLE_SHRINK,0,0
2026-02-16T12:42:47.665Z,27,0,20.53,11,IDLE_SHRINK,0,0
2026-02-16T12:42:47.715Z,27,0,19.39,11,IDLE_SHRINK,0,0
2026-02-16T12:42:47.765Z,27,0,20.15,11,IDLE_SHRINK,0,0
2026-02-16T12:42:47.815Z,27,0,19.75,11,IDLE_SHRINK,0,0
2026-02-16T12:42:47.866Z,27,0,20.37,11,IDLE_SHRINK,0,0
2026-02-16T12:42:47.916Z,27,0,20.73,11,IDLE_SHRINK,0,0
2026-02-16T12:42:47.966Z,27,0,20.23,11,IDLE_SHRINK,0,0
2026-02-16T12:42:48.016Z,27,0,19.41,11,IDLE_SHRINK,0,0
2026-02-16T12:42:48.064Z,27,0,20.32,11,IDLE_SHRINK,0,0
2026-02-16T12:42:48.114Z,27,0,21.03,11,IDLE_SHRINK,0,0
2026-02-16T12:42:48.165Z,27,0,20.31,11,IDLE_SHRINK,0,0
2026-02-16T12:42:48.216Z,27,0,20.59,11,IDLE_SHRINK,0,0
2026-02-16T12:42:48.266Z,27,0,20.18,11,IDLE_SHRINK,0,0
2026-02-16T12:42:48.317Z,27,0,20.24,11,IDLE_SHRINK,0,0
2026-02-16T12:42:48.368Z,27,0,20.24,11,IDLE_SHRINK,0,0
2026-02-16T12:42:48.418Z,27,0,20.45,11,IDLE_SHRINK,0,0
2026-02-16T12:42:48.469Z,27,0,20.32,11,IDLE_SHRINK,0,0
2026-02-16T12:42:48.520Z,27,0,20.32,11,IDLE_SHRINK,0,0
2026-02-16T12:42:48.570Z,27,0,20.45,11,IDLE_SHRINK,0,0
2026-02-16T12:42:48.620Z,27,0,20.28,11,IDLE_SHRINK,0,0
2026-02-16T12:42:48.671Z,27,0,20.65,11,IDLE_SHRINK,0,0
2026-02-16T12:42:48.721Z,27,0,20.33,11,IDLE_SHRINK,0,0
2026-02-16T12:42:48.772Z,27,0,20.26,11,IDLE_SHRINK,0,0
2026-02-16T12:42:48.821Z,27,0,20.41,11,IDLE_SHRINK,0,0
2026-02-16T12:42:48.872Z,27,0,20.19,11,IDLE_SHRINK,0,0
2026-02-16T12:42:48.922Z,27,0,20.45,11,IDLE_SHRINK,0,0
2026-02-16T12:42:48.972Z,27,0,20.16,11,IDLE_SHRINK,0,0
2026-02-16T12:42:49.022Z,27,0,19.87,11,IDLE_SHRINK,0,0
2026-02-16T12:42:49.072Z,27,0,20.29,11,IDLE_SHRINK,0,0
2026-02-16T12:42:49.122Z,27,0,20.61,11,IDLE_SHRINK,0,0
2026-02-16T12:42:49.172Z,27,0,20.26,11,IDLE_SHRINK,0,0
2026-02-16T12:42:49.223Z,27,0,19.88,11,IDLE_SHRINK,0,0
2026-02-16T12:42:49.273Z,27,0,20.72,11,IDLE_SHRINK,0,0
2026-02-16T12:42:49.323Z,27,0,20.37,11,IDLE_SHRINK,0,0
2026-02-16T12:42:49.374Z,27,0,20.16,11,IDLE_SHRINK,0,0
2026-02-16T12:42:49.424Z,27,0,20.46,11,IDLE_SHRINK,0,0
2026-02-16T12:42:49.473Z,27,0,19.70,11,IDLE_SHRINK,0,0
2026-02-16T12:42:49.523Z,27,0,19.41,11,IDLE_SHRINK,0,0
2026-02-16T12:42:49.573Z,27,0,20.32,11,IDLE_SHRINK,0,0
2026-02-16T12:42:49.623Z,27,0,19.59,11,IDLE_SHRINK,0,0
2026-02-16T12:42:49.673Z,27,0,20.22,11,IDLE_SHRINK,0,0
2026-02-16T12:42:49.723Z,27,0,19.60,11,IDLE_SHRINK,0,0
2026-02-16T12:42:49.773Z,27,0,20.27,11,IDLE_SHRINK,0,0
2026-02-16T12:42:49.824Z,27,0,20.54,11,IDLE_SHRINK,0,0
2026-02-16T12:42:49.874Z,27,0,20.29,11,IDLE_SHRINK,0,0
2026-02-16T12:42:49.924Z,27,0,19.75,11,IDLE_SHRINK,0,0
2026-02-16T12:42:49.974Z,27,0,20.22,11,IDLE_SHRINK,0,0
2026-02-16T12:42:50.025Z,27,0,19.70,11,IDLE_SHRINK,0,0
2026-02-16T12:42:50.075Z,27,0,20.27,11,IDLE_SHRINK,0,0
2026-02-16T12:42:50.124Z,27,0,20.57,11,IDLE_SHRINK,0,0
2026-02-16T12:42:50.174Z,27,0,20.27,11,IDLE_SHRINK,0,0
2026-02-16T12:42:50.225Z,27,0,20.55,11,IDLE_SHRINK,0,0
2026-02-16T12:42:50.274Z,27,0,20.09,11,IDLE_SHRINK,0,0
2026-02-16T12:42:50.324Z,27,0,19.36,11,IDLE_SHRINK,0,0
2026-02-16T12:42:50.375Z,27,0,20.23,11,IDLE_SHRINK,0,0
2026-02-16T12:42:50.425Z,27,0,19.60,11,IDLE_SHRINK,0,0
2026-02-16T12:42:50.475Z,27,0,20.29,11,IDLE_SHRINK,0,0
2026-02-16T12:42:50.525Z,27,0,20.54,11,IDLE_SHRINK,0,0
2026-02-16T12:42:50.575Z,27,0,20.21,11,IDLE_SHRINK,0,0
2026-02-16T12:42:50.625Z,27,0,20.30,11,IDLE_SHRINK,0,0
2026-02-16T12:42:50.676Z,27,0,20.21,11,IDLE_SHRINK,0,0
2026-02-16T12:42:50.726Z,27,0,19.89,11,IDLE_SHRINK,0,0
2026-02-16T12:42:50.776Z,27,0,20.27,11,IDLE_SHRINK,0,0
2026-02-16T12:42:50.827Z,27,0,20.23,11,IDLE_SHRINK,0,0
2026-02-16T12:42:50.876Z,27,0,20.21,11,IDLE_SHRINK,0,0
2026-02-16T12:42:50.926Z,27,0,20.41,11,IDLE_SHRINK,0,0
2026-02-16T12:42:50.976Z,27,0,20.72,11,IDLE_SHRINK,0,0
2026-02-16T12:42:51.026Z,27,0,19.79,11,IDLE_SHRINK,0,0
2026-02-16T12:42:51.076Z,27,0,20.16,11,IDLE_SHRINK,0,0
2026-02-16T12:42:51.127Z,27,0,19.91,11,IDLE_SHRINK,0,0
2026-02-16T12:42:51.176Z,27,0,20.23,11,IDLE_SHRINK,0,0
2026-02-16T12:42:51.226Z,27,0,19.79,11,IDLE_SHRINK,0,0
2026-02-16T12:42:51.277Z,27,0,20.83,11,IDLE_SHRINK,0,0
2026-02-16T12:42:51.327Z,27,0,19.87,11,IDLE_SHRINK,0,0
2026-02-16T12:42:51.377Z,27,0,20.34,11,IDLE_SHRINK,0,0
2026-02-16T12:42:51.427Z,27,0,19.78,11,IDLE_SHRINK,0,0
2026-02-16T12:42:51.477Z,27,0,20.24,11,IDLE_SHRINK,0,0
2026-02-16T12:42:51.527Z,27,0,20.28,11,IDLE_SHRINK,0,0
2026-02-16T12:42:51.577Z,27,0,20.16,11,IDLE_SHRINK,0,0
2026-02-16T12:42:51.627Z,27,0,20.39,11,IDLE_SHRINK,0,0
2026-02-16T12:42:51.677Z,27,0,20.38,11,IDLE_SHRINK,0,0
2026-02-16T12:42:51.727Z,27,0,19.64,11,IDLE_SHRINK,0,0
2026-02-16T12:42:51.777Z,27,0,20.22,11,IDLE_SHRINK,0,0
2026-02-16T12:42:51.828Z,27,0,20.55,11,IDLE_SHRINK,0,0
2026-02-16T12:42:51.877Z,27,0,20.21,11,IDLE_SHRINK,0,0
2026-02-16T12:42:51.928Z,27,0,20.59,11,IDLE_SHRINK,0,0
2026-02-16T12:42:51.979Z,27,0,20.23,11,IDLE_SHRINK,0,0
2026-02-16T12:42:52.030Z,27,0,20.49,11,IDLE_SHRINK,0,0
2026-02-16T12:42:52.080Z,27,0,20.24,11,IDLE_SHRINK,0,0
2026-02-16T12:42:52.130Z,27,0,20.37,11,IDLE_SHRINK,0,0
2026-02-16T12:42:52.181Z,27,0,20.28,11,IDLE_SHRINK,0,0
2026-02-16T12:42:52.231Z,27,0,20.49,11,IDLE_SHRINK,0,0
2026-02-16T12:42:52.281Z,27,0,20.14,11,IDLE_SHRINK,0,0
2026-02-16T12:42:52.330Z,27,0,20.96,11,IDLE_SHRINK,0,0
2026-02-16T12:42:52.380Z,27,0,20.23,11,IDLE_SHRINK,0,0
2026-02-16T12:42:52.431Z,27,0,20.55,11,IDLE_SHRINK,0,0
2026-02-16T12:42:52.480Z,27,0,20.14,11,IDLE_SHRINK,0,0
2026-02-16T12:42:52.531Z,27,0,20.39,11,IDLE_SHRINK,0,0
2026-02-16T12:42:52.580Z,27,0,20.21,11,IDLE_SHRINK,0,0
2026-02-16T12:42:52.631Z,27,0,19.77,11,IDLE_SHRINK,0,0
2026-02-16T12:42:52.680Z,27,0,20.41,11,IDLE_SHRINK,0,0
2026-02-16T12:42:52.731Z,27,0,20.29,11,IDLE_SHRINK,0,0
2026-02-16T12:42:52.782Z,27,0,20.18,11,IDLE_SHRINK,0,0
2026-02-16T12:42:52.832Z,27,0,20.26,11,IDLE_SHRINK,0,0
2026-02-16T12:42:52.883Z,27,0,20.18,11,IDLE_SHRINK,0,0
2026-02-16T12:42:52.934Z,27,0,19.82,11,IDLE_SHRINK,0,0
2026-02-16T12:42:52.984Z,27,0,20.23,11,IDLE_SHRINK,0,0
2026-02-16T12:42:53.034Z,27,0,20.26,11,IDLE_SHRINK,0,0
2026-02-16T12:42:53.085Z,27,0,20.34,11,IDLE_SHRINK,0,0
2026-02-16T12:42:53.134Z,27,0,20.46,11,IDLE_SHRINK,0,0
2026-02-16T12:42:53.185Z,27,0,20.23,11,IDLE_SHRINK,0,0
2026-02-16T12:42:53.236Z,27,0,20.32,11,IDLE_SHRINK,0,0
2026-02-16T12:42:53.286Z,27,0,20.90,11,IDLE_SHRINK,0,0
2026-02-16T12:42:53.337Z,27,0,19.98,11,IDLE_SHRINK,0,0
2026-02-16T12:42:53.387Z,27,0,20.14,11,IDLE_SHRINK,0,0
2026-02-16T12:42:53.438Z,27,0,20.37,11,IDLE_SHRINK,0,0
2026-02-16T12:42:53.489Z,27,0,20.26,11,IDLE_SHRINK,0,0
2026-02-16T12:42:53.539Z,27,0,20.44,11,IDLE_SHRINK,0,0
2026-02-16T12:42:53.589Z,27,0,20.34,11,IDLE_SHRINK,0,0
2026-02-16T12:42:53.640Z,27,0,19.93,11,IDLE_SHRINK,0,0
2026-02-16T12:42:53.690Z,27,0,20.28,11,IDLE_SHRINK,0,0
2026-02-16T12:42:53.740Z,27,0,20.36,11,IDLE_SHRINK,0,0
2026-02-16T12:42:53.790Z,27,0,20.18,11,IDLE_SHRINK,0,0
2026-02-16T12:42:53.840Z,27,0,20.32,11,IDLE_SHRINK,0,0
2026-02-16T12:42:53.890Z,27,0,20.16,11,IDLE_SHRINK,0,0
2026-02-16T12:42:53.941Z,27,0,19.91,11,IDLE_SHRINK,0,0
2026-02-16T12:42:53.991Z,27,0,20.31,11,IDLE_SHRINK,0,0
2026-02-16T12:42:54.042Z,27,0,20.39,11,IDLE_SHRINK,0,0
2026-02-16T12:42:54.092Z,27,0,20.34,11,IDLE_SHRINK,0,0
2026-02-16T12:42:54.142Z,27,0,20.14,11,IDLE_SHRINK,0,0
2026-02-16T12:42:54.193Z,27,0,20.37,11,IDLE_SHRINK,0,0
2026-02-16T12:42:54.243Z,27,0,20.25,11,IDLE_SHRINK,0,0
2026-02-16T12:42:54.294Z,27,0,20.83,11,IDLE_SHRINK,0,0
2026-02-16T12:42:54.344Z,27,0,20.17,11,IDLE_SHRINK,0,0
2026-02-16T12:42:54.394Z,27,0,20.26,11,IDLE_SHRINK,0,0
2026-02-16T12:42:54.445Z,27,0,19.91,11,IDLE_SHRINK,0,0
2026-02-16T12:42:54.496Z,27,0,20.47,11,IDLE_SHRINK,0,0
2026-02-16T12:42:54.547Z,27,0,20.45,11,IDLE_SHRINK,0,0
2026-02-16T12:42:54.597Z,27,0,20.32,11,IDLE_SHRINK,0,0
2026-02-16T12:42:54.646Z,27,0,20.49,11,IDLE_SHRINK,0,0
2026-02-16T12:42:54.697Z,27,0,20.37,11,IDLE_SHRINK,0,0
2026-02-16T12:42:54.747Z,27,0,20.23,11,IDLE_SHRINK,0,0
2026-02-16T12:42:54.797Z,27,0,20.39,11,IDLE_SHRINK,0,0
2026-02-16T12:42:54.847Z,27,0,20.15,11,IDLE_SHRINK,0,0
2026-02-16T12:42:54.897Z,27,0,20.32,11,IDLE_SHRINK,0,0
2026-02-16T12:42:54.948Z,27,0,19.67,11,IDLE_SHRINK,0,0
2026-02-16T12:42:54.998Z,27,0,20.21,11,IDLE_SHRINK,0,0
2026-02-16T12:42:55.048Z,27,0,19.80,11,IDLE_SHRINK,0,0
2026-02-16T12:42:55.098Z,27,0,20.28,11,IDLE_SHRINK,0,0
2026-02-16T12:42:55.149Z,27,0,19.93,11,IDLE_SHRINK,0,0
2026-02-16T12:42:55.199Z,27,0,20.23,11,IDLE_SHRINK,0,0
2026-02-16T12:42:55.249Z,27,0,20.54,11,IDLE_SHRINK,0,0
2026-02-16T12:42:55.299Z,27,0,20.59,11,IDLE_SHRINK,0,0
2026-02-16T12:42:55.349Z,27,0,19.42,11,IDLE_SHRINK,0,0
2026-02-16T12:42:55.399Z,27,0,20.26,11,IDLE_SHRINK,0,0
2026-02-16T12:42:55.450Z,27,0,20.46,11,IDLE_SHRINK,0,0
2026-02-16T12:42:55.501Z,27,0,20.22,11,IDLE_SHRINK,0,0
2026-02-16T12:42:55.552Z,27,0,20.46,11,IDLE_SHRINK,0,0
2026-02-16T12:42:55.603Z,27,0,20.19,11,IDLE_SHRINK,0,0
2026-02-16T12:42:55.653Z,27,0,20.39,11,IDLE_SHRINK,0,0
2026-02-16T12:42:55.703Z,27,0,20.27,11,IDLE_SHRINK,0,0
2026-02-16T12:42:55.753Z,27,0,20.36,11,IDLE_SHRINK,0,0
2026-02-16T12:42:55.804Z,27,0,20.18,11,IDLE_SHRINK,0,0
2026-02-16T12:42:55.853Z,27,0,20.39,11,IDLE_SHRINK,0,0
2026-02-16T12:42:55.904Z,27,0,20.36,11,IDLE_SHRINK,0,0
2026-02-16T12:42:55.954Z,27,0,20.28,11,IDLE_SHRINK,0,0
2026-02-16T12:42:56.003Z,27,0,20.44,11,IDLE_SHRINK,0,0
2026-02-16T12:42:56.054Z,27,0,20.36,11,IDLE_SHRINK,0,0
2026-02-16T12:42:56.104Z,27,0,20.23,11,IDLE_SHRINK,0,0
2026-02-16T12:42:56.154Z,27,0,20.18,11,IDLE_SHRINK,0,0
2026-02-16T12:42:56.205Z,27,0,20.19,11,IDLE_SHRINK,0,0
2026-02-16T12:42:56.256Z,27,0,20.16,11,IDLE_SHRINK,0,0
2026-02-16T12:42:56.307Z,27,0,20.24,11,IDLE_SHRINK,0,0
2026-02-16T12:42:56.357Z,27,0,20.18,11,IDLE_SHRINK,0,0
2026-02-16T12:42:56.408Z,27,0,20.61,11,IDLE_SHRINK,0,0
2026-02-16T12:42:56.458Z,27,0,20.26,11,IDLE_SHRINK,0,0
2026-02-16T12:42:56.509Z,27,0,20.18,11,IDLE_SHRINK,0,0
2026-02-16T12:42:56.559Z,27,0,20.14,11,IDLE_SHRINK,0,0
2026-02-16T12:42:56.609Z,27,0,20.34,11,IDLE_SHRINK,0,0
2026-02-16T12:42:56.659Z,27,0,20.11,11,IDLE_SHRINK,0,0
2026-02-16T12:42:56.710Z,27,0,20.37,11,IDLE_SHRINK,0,0
2026-02-16T12:42:56.760Z,27,0,20.46,11,IDLE_SHRINK,0,0
2026-02-16T12:42:56.811Z,27,0,20.15,11,IDLE_SHRINK,0,0
2026-02-16T12:42:56.861Z,27,0,20.26,11,IDLE_SHRINK,0,0
2026-02-16T12:42:56.911Z,27,0,20.17,11,IDLE_SHRINK,0,0
2026-02-16T12:42:56.962Z,27,0,20.23,11,IDLE_SHRINK,0,0
2026-02-16T12:42:57.011Z,27,0,20.37,11,IDLE_SHRINK,0,0
2026-02-16T12:42:57.061Z,27,0,20.46,11,IDLE_SHRINK,0,0
2026-02-16T12:42:57.112Z,27,0,20.16,11,IDLE_SHRINK,0,0
2026-02-16T12:42:57.163Z,27,0,20.29,11,IDLE_SHRINK,0,0
2026-02-16T12:42:57.212Z,27,0,20.24,11,IDLE_SHRINK,0,0
2026-02-16T12:42:57.263Z,27,0,19.96,11,IDLE_SHRINK,0,0
2026-02-16T12:42:57.313Z,27,0,20.39,11,IDLE_SHRINK,0,0
2026-02-16T12:42:57.364Z,27,0,20.14,11,IDLE_SHRINK,0,0
2026-02-16T12:42:57.415Z,27,0,20.39,11,IDLE_SHRINK,0,0
2026-02-16T12:42:57.465Z,27,0,19.88,11,IDLE_SHRINK,0,0
2026-02-16T12:42:57.516Z,27,0,20.52,11,IDLE_SHRINK,0,0
2026-02-16T12:42:57.565Z,27,0,20.06,11,IDLE_SHRINK,0,0
2026-02-16T12:42:57.616Z,27,0,20.54,11,IDLE_SHRINK,0,0
2026-02-16T12:42:57.666Z,27,0,20.34,11,IDLE_SHRINK,0,0
2026-02-16T12:42:57.716Z,27,0,20.11,11,IDLE_SHRINK,0,0
2026-02-16T12:42:57.767Z,27,0,19.89,11,IDLE_SHRINK,0,0
2026-02-16T12:42:57.817Z,27,0,20.36,11,IDLE_SHRINK,0,0
2026-02-16T12:42:57.867Z,27,0,20.77,11,IDLE_SHRINK,0,0
2026-02-16T12:42:57.918Z,27,0,19.46,11,IDLE_SHRINK,0,0
2026-02-16T12:42:57.967Z,27,0,20.56,11,IDLE_SHRINK,0,0
2026-02-16T12:42:58.018Z,27,0,20.31,11,IDLE_SHRINK,0,0
2026-02-16T12:42:58.069Z,27,0,20.66,11,IDLE_SHRINK,0,0
2026-02-16T12:42:58.119Z,27,0,20.42,11,IDLE_SHRINK,0,0
2026-02-16T12:42:58.170Z,27,0,20.37,11,IDLE_SHRINK,0,0
2026-02-16T12:42:58.220Z,27,0,20.29,11,IDLE_SHRINK,0,0
2026-02-16T12:42:58.270Z,27,0,20.20,11,IDLE_SHRINK,0,0
2026-02-16T12:42:58.321Z,27,0,20.29,11,IDLE_SHRINK,0,0
2026-02-16T12:42:58.371Z,27,0,20.21,11,IDLE_SHRINK,0,0
2026-02-16T12:42:58.422Z,27,0,20.36,11,IDLE_SHRINK,0,0
2026-02-16T12:42:58.472Z,27,0,20.21,11,IDLE_SHRINK,0,0
2026-02-16T12:42:58.522Z,27,0,20.87,11,IDLE_SHRINK,0,0
2026-02-16T12:42:58.572Z,27,0,20.38,11,IDLE_SHRINK,0,0
2026-02-16T12:42:58.622Z,27,0,20.39,11,IDLE_SHRINK,0,0
2026-02-16T12:42:58.673Z,27,0,20.24,11,IDLE_SHRINK,0,0
2026-02-16T12:42:58.724Z,27,0,20.13,11,IDLE_SHRINK,0,0
2026-02-16T12:42:58.774Z,27,0,20.25,11,IDLE_SHRINK,0,0
2026-02-16T12:42:58.825Z,27,0,20.14,11,IDLE_SHRINK,0,0
2026-02-16T12:42:58.875Z,27,0,20.20,11,IDLE_SHRINK,0,0
2026-02-16T12:42:58.926Z,27,0,20.18,11,IDLE_SHRINK,0,0
2026-02-16T12:42:58.976Z,27,0,20.26,11,IDLE_SHRINK,0,0
2026-02-16T12:42:59.027Z,27,0,20.21,11,IDLE_SHRINK,0,0
2026-02-16T12:42:59.077Z,27,0,20.35,11,IDLE_SHRINK,0,0
2026-02-16T12:42:59.128Z,27,0,20.42,11,IDLE_SHRINK,0,0
2026-02-16T12:42:59.178Z,27,0,20.38,11,IDLE_SHRINK,0,0
2026-02-16T12:42:59.229Z,27,0,20.50,11,IDLE_SHRINK,0,0
2026-02-16T12:42:59.278Z,27,0,20.40,11,IDLE_SHRINK,0,0
2026-02-16T12:42:59.329Z,27,0,20.42,11,IDLE_SHRINK,0,0
2026-02-16T12:42:59.378Z,27,0,20.36,11,IDLE_SHRINK,0,0
2026-02-16T12:42:59.429Z,27,0,20.50,11,IDLE_SHRINK,0,0
2026-02-16T12:42:59.479Z,27,0,20.33,11,IDLE_SHRINK,0,0
2026-02-16T12:42:59.530Z,27,0,20.49,11,IDLE_SHRINK,0,0
2026-02-16T12:42:59.581Z,27,0,20.39,11,IDLE_SHRINK,0,0
2026-02-16T12:42:59.631Z,27,0,20.41,11,IDLE_SHRINK,0,0
2026-02-16T12:42:59.681Z,27,0,20.50,11,IDLE_SHRINK,0,0
2026-02-16T12:42:59.732Z,27,0,20.32,11,IDLE_SHRINK,0,0
2026-02-16T12:42:59.783Z,27,0,20.31,11,IDLE_SHRINK,0,0
2026-02-16T12:42:59.834Z,27,0,20.39,11,IDLE_SHRINK,0,0
2026-02-16T12:42:59.884Z,27,0,20.39,11,IDLE_SHRINK,0,0
2026-02-16T12:42:59.934Z,27,0,20.36,11,IDLE_SHRINK,0,0
2026-02-16T12:42:59.985Z,27,0,20.54,11,IDLE_SHRINK,0,0
2026-02-16T12:43:00.036Z,27,0,20.33,11,IDLE_SHRINK,0,0
2026-02-16T12:43:00.086Z,27,0,20.32,11,IDLE_SHRINK,0,0
2026-02-16T12:43:00.137Z,27,0,20.57,11,IDLE_SHRINK,0,0
2026-02-16T12:43:00.187Z,27,0,20.37,11,IDLE_SHRINK,0,0
2026-02-16T12:43:00.238Z,27,0,20.32,11,IDLE_SHRINK,0,0
2026-02-16T12:43:00.288Z,27,0,20.01,11,IDLE_SHRINK,0,0
2026-02-16T12:43:00.337Z,27,0,20.32,11,IDLE_SHRINK,0,0
2026-02-16T12:43:00.387Z,27,0,20.26,11,IDLE_SHRINK,0,0
2026-02-16T12:43:00.438Z,27,0,20.31,11,IDLE_SHRINK,0,0
2026-02-16T12:43:00.488Z,27,0,20.37,11,IDLE_SHRINK,0,0
2026-02-16T12:43:00.539Z,27,0,20.38,11,IDLE_SHRINK,0,0
2026-02-16T12:43:00.589Z,27,0,20.41,11,IDLE_SHRINK,0,0
2026-02-16T12:43:00.640Z,27,0,20.41,11,IDLE_SHRINK,0,0
2026-02-16T12:43:00.690Z,27,0,20.49,11,IDLE_SHRINK,0,0
2026-02-16T12:43:00.740Z,27,0,20.49,11,IDLE_SHRINK,0,0
2026-02-16T12:43:00.791Z,27,0,20.37,11,IDLE_SHRINK,0,0
2026-02-16T12:43:00.841Z,27,0,19.98,11,IDLE_SHRINK,0,0
2026-02-16T12:43:00.891Z,27,0,20.47,11,IDLE_SHRINK,0,0
2026-02-16T12:43:00.942Z,27,0,20.08,11,IDLE_SHRINK,0,0
2026-02-16T12:43:00.991Z,27,0,20.18,11,IDLE_SHRINK,0,0
2026-02-16T12:43:01.042Z,27,0,20.52,11,IDLE_SHRINK,0,0
2026-02-16T12:43:01.092Z,27,0,20.49,11,IDLE_SHRINK,0,0
2026-02-16T12:43:01.142Z,27,0,20.14,11,IDLE_SHRINK,0,0
2026-02-16T12:43:01.193Z,27,0,20.50,11,IDLE_SHRINK,0,0
2026-02-16T12:43:01.244Z,27,0,20.52,11,IDLE_SHRINK,0,0
2026-02-16T12:43:01.295Z,27,0,20.47,11,IDLE_SHRINK,0,0
2026-02-16T12:43:01.345Z,27,0,20.50,11,IDLE_SHRINK,0,0
2026-02-16T12:43:01.394Z,27,0,20.43,11,IDLE_SHRINK,0,0
2026-02-16T12:43:01.444Z,27,0,20.52,11,IDLE_SHRINK,0,0
2026-02-16T12:43:01.495Z,27,0,20.47,11,IDLE_SHRINK,0,0
2026-02-16T12:43:01.544Z,27,0,20.52,11,IDLE_SHRINK,0,0
2026-02-16T12:43:01.595Z,27,0,20.30,11,IDLE_SHRINK,0,0
2026-02-16T12:43:01.645Z,27,0,20.34,11,IDLE_SHRINK,0,0
2026-02-16T12:43:01.696Z,27,0,20.46,11,IDLE_SHRINK,0,0
2026-02-16T12:43:01.747Z,27,0,20.28,11,IDLE_SHRINK,0,0
2026-02-16T12:43:01.796Z,27,0,20.40,11,IDLE_SHRINK,0,0
2026-02-16T12:43:01.847Z,27,0,20.31,11,IDLE_SHRINK,0,0
2026-02-16T12:43:01.898Z,27,0,20.43,11,IDLE_SHRINK,0,0
2026-02-16T12:43:01.949Z,27,0,20.23,11,IDLE_SHRINK,0,0
2026-02-16T12:43:01.999Z,27,0,20.39,11,IDLE_SHRINK,0,0
2026-02-16T12:43:02.049Z,27,0,20.37,11,IDLE_SHRINK,0,0
2026-02-16T12:43:02.099Z,27,0,20.39,11,IDLE_SHRINK,0,0
2026-02-16T12:43:02.150Z,27,0,20.47,11,IDLE_SHRINK,0,0
2026-02-16T12:43:02.201Z,27,0,20.49,11,IDLE_SHRINK,0,0
2026-02-16T12:43:02.252Z,27,0,20.43,11,IDLE_SHRINK,0,0
2026-02-16T12:43:02.303Z,27,0,20.29,11,IDLE_SHRINK,0,0
2026-02-16T12:43:02.353Z,27,0,20.37,11,IDLE_SHRINK,0,0
2026-02-16T12:43:02.404Z,27,0,20.28,11,IDLE_SHRINK,0,0
2026-02-16T12:43:02.455Z,27,0,19.94,11,IDLE_SHRINK,0,0
2026-02-16T12:43:02.504Z,27,0,20.50,11,IDLE_SHRINK,0,0
2026-02-16T12:43:02.555Z,27,0,20.29,11,IDLE_SHRINK,0,0
2026-02-16T12:43:02.605Z,27,0,20.39,11,IDLE_SHRINK,0,0
2026-02-16T12:43:02.656Z,27,0,20.19,11,IDLE_SHRINK,0,0
2026-02-16T12:43:02.706Z,27,0,20.26,11,IDLE_SHRINK,0,0
2026-02-16T12:43:02.757Z,27,0,20.00,11,IDLE_SHRINK,0,0
2026-02-16T12:43:02.807Z,27,0,20.50,11,IDLE_SHRINK,0,0
2026-02-16T12:43:02.858Z,27,0,20.14,11,IDLE_SHRINK,0,0
2026-02-16T12:43:02.908Z,27,0,20.44,11,IDLE_SHRINK,0,0
2026-02-16T12:43:02.959Z,27,0,19.76,11,IDLE_SHRINK,0,0
2026-02-16T12:43:03.009Z,27,0,20.41,11,IDLE_SHRINK,0,0
2026-02-16T12:43:03.059Z,27,0,20.24,11,IDLE_SHRINK,0,0
2026-02-16T12:43:03.109Z,27,0,20.41,11,IDLE_SHRINK,0,0
2026-02-16T12:43:03.160Z,27,0,20.10,11,IDLE_SHRINK,0,0
2026-02-16T12:43:03.210Z,27,0,20.23,11,IDLE_SHRINK,0,0
2026-02-16T12:43:03.261Z,27,0,20.05,11,IDLE_SHRINK,0,0
2026-02-16T12:43:03.311Z,27,0,20.39,11,IDLE_SHRINK,0,0
2026-02-16T12:43:03.362Z,27,0,20.31,11,IDLE_SHRINK,0,0
2026-02-16T12:43:03.412Z,27,0,20.42,11,IDLE_SHRINK,0,0
2026-02-16T12:43:03.462Z,27,0,20.62,11,IDLE_SHRINK,0,0
2026-02-16T12:43:03.513Z,27,0,20.42,11,IDLE_SHRINK,0,0
2026-02-16T12:43:03.563Z,27,0,19.96,11,IDLE_SHRINK,0,0
2026-02-16T12:43:03.613Z,27,0,20.32,11,IDLE_SHRINK,0,0
2026-02-16T12:43:03.663Z,27,0,20.70,11,IDLE_SHRINK,0,0
2026-02-16T12:43:03.714Z,27,0,20.37,11,IDLE_SHRINK,0,0
2026-02-16T12:43:03.763Z,27,0,19.96,11,IDLE_SHRINK,0,0
2026-02-16T12:43:03.813Z,27,0,20.29,11,IDLE_SHRINK,0,0
2026-02-16T12:43:03.864Z,27,0,20.52,11,IDLE_SHRINK,0,0
2026-02-16T12:43:03.915Z,27,0,20.41,11,IDLE_SHRINK,0,0
2026-02-16T12:43:03.965Z,27,0,20.34,11,IDLE_SHRINK,0,0
2026-02-16T12:43:04.015Z,27,0,20.42,11,IDLE_SHRINK,0,0
2026-02-16T12:43:04.066Z,27,0,20.31,11,IDLE_SHRINK,0,0
2026-02-16T12:43:04.116Z,27,0,20.28,11,IDLE_SHRINK,0,0
2026-02-16T12:43:04.167Z,27,0,20.39,11,IDLE_SHRINK,0,0
2026-02-16T12:43:04.217Z,27,0,20.37,11,IDLE_SHRINK,0,0
2026-02-16T12:43:04.267Z,27,0,20.50,11,IDLE_SHRINK,0,0
2026-02-16T12:43:04.318Z,27,0,20.34,11,IDLE_SHRINK,0,0
2026-02-16T12:43:04.369Z,27,0,20.50,11,IDLE_SHRINK,0,0
2026-02-16T12:43:04.418Z,27,0,20.38,11,IDLE_SHRINK,0,0
2026-02-16T12:43:04.468Z,27,0,20.37,11,IDLE_SHRINK,0,0
2026-02-16T12:43:04.519Z,27,0,20.26,11,IDLE_SHRINK,0,0
2026-02-16T12:43:04.569Z,27,0,19.89,11,IDLE_SHRINK,0,0
2026-02-16T12:43:04.619Z,27,0,20.31,11,IDLE_SHRINK,0,0
2026-02-16T12:43:04.670Z,27,0,19.90,11,IDLE_SHRINK,0,0
2026-02-16T12:43:04.720Z,27,0,20.39,11,IDLE_SHRINK,0,0
2026-02-16T12:43:04.770Z,27,0,20.74,11,IDLE_SHRINK,0,0
2026-02-16T12:43:04.820Z,27,0,20.34,11,IDLE_SHRINK,0,0
2026-02-16T12:43:04.870Z,27,0,20.58,11,IDLE_SHRINK,0,0
2026-02-16T12:43:04.920Z,27,0,20.21,11,IDLE_SHRINK,0,0
2026-02-16T12:43:04.970Z,27,0,20.62,11,IDLE_SHRINK,0,0
2026-02-16T12:43:05.021Z,27,0,20.32,11,IDLE_SHRINK,0,0
2026-02-16T12:43:05.071Z,27,0,20.32,11,IDLE_SHRINK,0,0
2026-02-16T12:43:05.122Z,27,0,20.13,11,IDLE_SHRINK,0,0
2026-02-16T12:43:05.172Z,27,0,20.32,11,IDLE_SHRINK,0,0
2026-02-16T12:43:05.223Z,27,0,20.32,11,IDLE_SHRINK,0,0
2026-02-16T12:43:05.273Z,27,0,20.45,11,IDLE_SHRINK,0,0
2026-02-16T12:43:05.324Z,27,0,20.19,11,IDLE_SHRINK,0,0
2026-02-16T12:43:05.373Z,27,0,20.07,11,IDLE_SHRINK,0,0
2026-02-16T12:43:05.424Z,27,0,20.41,11,IDLE_SHRINK,0,0
2026-02-16T12:43:05.475Z,27,0,20.59,11,IDLE_SHRINK,0,0
2026-02-16T12:43:05.525Z,27,0,20.39,11,IDLE_SHRINK,0,0
2026-02-16T12:43:05.576Z,27,0,20.73,11,IDLE_SHRINK,0,0
2026-02-16T12:43:05.626Z,27,0,20.28,11,IDLE_SHRINK,0,0
2026-02-16T12:43:05.677Z,27,0,20.47,11,IDLE_SHRINK,0,0
2026-02-16T12:43:05.727Z,27,0,20.37,11,IDLE_SHRINK,0,0
2026-02-16T12:43:05.776Z,27,0,20.82,11,IDLE_SHRINK,0,0
2026-02-16T12:43:05.827Z,27,0,20.33,11,IDLE_SHRINK,0,0
2026-02-16T12:43:05.878Z,27,0,19.96,11,IDLE_SHRINK,0,0
2026-02-16T12:43:05.929Z,27,0,20.37,11,IDLE_SHRINK,0,0
2026-02-16T12:43:05.979Z,27,0,20.62,11,IDLE_SHRINK,0,0
2026-02-16T12:43:06.029Z,27,0,20.18,11,IDLE_SHRINK,0,0
2026-02-16T12:43:06.080Z,27,0,19.72,11,IDLE_SHRINK,0,0
2026-02-16T12:43:06.129Z,27,0,19.93,11,IDLE_SHRINK,0,0
2026-02-16T12:43:06.180Z,27,0,20.88,11,IDLE_SHRINK,0,0
2026-02-16T12:43:06.231Z,27,0,20.38,11,IDLE_SHRINK,0,0
2026-02-16T12:43:06.281Z,27,0,20.47,11,IDLE_SHRINK,0,0
2026-02-16T12:43:06.332Z,27,0,20.25,11,IDLE_SHRINK,0,0
2026-02-16T12:43:06.382Z,27,0,20.80,11,IDLE_SHRINK,0,0
2026-02-16T12:43:06.432Z,27,0,20.50,11,IDLE_SHRINK,0,0
2026-02-16T12:43:06.482Z,27,0,20.72,11,IDLE_SHRINK,0,0
2026-02-16T12:43:06.532Z,27,0,20.32,11,IDLE_SHRINK,0,0
2026-02-16T12:43:06.583Z,27,0,19.93,11,IDLE_SHRINK,0,0
2026-02-16T12:43:06.633Z,27,0,20.25,11,IDLE_SHRINK,0,0
2026-02-16T12:43:06.683Z,27,0,19.47,11,IDLE_SHRINK,0,0
2026-02-16T12:43:06.734Z,27,0,20.32,11,IDLE_SHRINK,0,0
2026-02-16T12:43:06.784Z,27,0,20.16,11,IDLE_SHRINK,0,0
2026-02-16T12:43:06.834Z,27,0,20.44,11,IDLE_SHRINK,0,0
2026-02-16T12:43:06.884Z,27,0,20.58,11,IDLE_SHRINK,0,0
2026-02-16T12:43:06.934Z,27,0,20.23,11,IDLE_SHRINK,0,0
2026-02-16T12:43:06.984Z,27,0,20.46,11,IDLE_SHRINK,0,0
2026-02-16T12:43:07.034Z,27,0,20.41,11,IDLE_SHRINK,0,0
2026-02-16T12:43:07.085Z,27,0,20.23,11,IDLE_SHRINK,0,0
2026-02-16T12:43:07.135Z,27,0,20.41,11,IDLE_SHRINK,0,0
2026-02-16T12:43:07.185Z,27,0,20.23,11,IDLE_SHRINK,0,0
2026-02-16T12:43:07.236Z,27,0,20.16,11,IDLE_SHRINK,0,0
2026-02-16T12:43:07.285Z,27,0,20.98,11,IDLE_SHRINK,0,0
2026-02-16T12:43:07.335Z,27,0,20.35,11,IDLE_SHRINK,0,0
2026-02-16T12:43:07.386Z,27,0,20.65,11,IDLE_SHRINK,0,0
2026-02-16T12:43:07.437Z,27,0,19.88,11,IDLE_SHRINK,0,0
2026-02-16T12:43:07.487Z,27,0,19.90,11,IDLE_SHRINK,0,0
2026-02-16T12:43:07.537Z,27,0,20.38,11,IDLE_SHRINK,0,0
2026-02-16T12:43:07.586Z,27,0,20.75,11,IDLE_SHRINK,0,0
2026-02-16T12:43:07.637Z,27,0,20.24,11,IDLE_SHRINK,0,0
2026-02-16T12:43:07.686Z,27,0,20.41,11,IDLE_SHRINK,0,0
2026-02-16T12:43:07.736Z,27,0,19.66,11,IDLE_SHRINK,0,0
2026-02-16T12:43:07.787Z,27,0,20.72,11,IDLE_SHRINK,0,0
2026-02-16T12:43:07.838Z,27,0,20.44,11,IDLE_SHRINK,0,0
2026-02-16T12:43:07.888Z,27,0,20.46,11,IDLE_SHRINK,0,0
2026-02-16T12:43:07.939Z,27,0,20.36,11,IDLE_SHRINK,0,0
2026-02-16T12:43:07.989Z,27,0,20.83,11,IDLE_SHRINK,0,0
2026-02-16T12:43:08.039Z,27,0,20.24,11,IDLE_SHRINK,0,0
2026-02-16T12:43:08.089Z,27,0,20.46,11,IDLE_SHRINK,0,0
2026-02-16T12:43:08.139Z,27,0,20.44,11,IDLE_SHRINK,0,0
2026-02-16T12:43:08.189Z,27,0,19.98,11,IDLE_SHRINK,0,0
2026-02-16T12:43:08.240Z,27,0,20.47,11,IDLE_SHRINK,0,0
2026-02-16T12:43:08.290Z,27,0,20.45,11,IDLE_SHRINK,0,0
2026-02-16T12:43:08.341Z,27,0,20.50,11,IDLE_SHRINK,0,0
2026-02-16T12:43:08.391Z,27,0,20.06,11,IDLE_SHRINK,0,0
2026-02-16T12:43:08.441Z,27,0,20.32,11,IDLE_SHRINK,0,0
2026-02-16T12:43:08.491Z,27,0,20.05,11,IDLE_SHRINK,0,0
2026-02-16T12:43:08.540Z,27,0,20.52,11,IDLE_SHRINK,0,0
2026-02-16T12:43:08.590Z,27,0,20.55,11,IDLE_SHRINK,0,0
2026-02-16T12:43:08.641Z,27,0,20.32,11,IDLE_SHRINK,0,0
2026-02-16T12:43:08.692Z,27,0,20.48,11,IDLE_SHRINK,0,0
2026-02-16T12:43:08.743Z,27,0,20.32,11,IDLE_SHRINK,0,0
2026-02-16T12:43:08.794Z,27,0,20.42,11,IDLE_SHRINK,0,0
2026-02-16T12:43:08.844Z,27,0,20.42,11,IDLE_SHRINK,0,0
2026-02-16T12:43:08.895Z,27,0,20.50,11,IDLE_SHRINK,0,0
2026-02-16T12:43:08.945Z,27,0,20.50,11,IDLE_SHRINK,0,0
2026-02-16T12:43:08.996Z,27,0,20.00,11,IDLE_SHRINK,0,0
2026-02-16T12:43:09.047Z,27,0,20.54,11,IDLE_SHRINK,0,0
2026-02-16T12:43:09.097Z,27,0,20.04,11,IDLE_SHRINK,0,0
2026-02-16T12:43:09.147Z,27,0,20.49,11,IDLE_SHRINK,0,0
2026-02-16T12:43:09.197Z,27,0,20.56,11,IDLE_SHRINK,0,0
2026-02-16T12:43:09.248Z,27,0,20.32,11,IDLE_SHRINK,0,0
2026-02-16T12:43:09.297Z,27,0,20.90,11,IDLE_SHRINK,0,0
2026-02-16T12:43:09.348Z,27,0,20.18,11,IDLE_SHRINK,0,0
2026-02-16T12:43:09.398Z,27,0,20.26,11,IDLE_SHRINK,0,0
2026-02-16T12:43:09.449Z,27,0,20.50,11,IDLE_SHRINK,0,0
2026-02-16T12:43:09.499Z,27,0,20.88,11,IDLE_SHRINK,0,0
2026-02-16T12:43:09.548Z,27,0,20.46,11,IDLE_SHRINK,0,0
2026-02-16T12:43:09.598Z,27,0,20.95,11,IDLE_SHRINK,0,0
2026-02-16T12:43:09.649Z,27,0,20.20,11,IDLE_SHRINK,0,0
2026-02-16T12:43:09.699Z,27,0,20.68,11,IDLE_SHRINK,0,0
2026-02-16T12:43:09.749Z,27,0,20.19,11,IDLE_SHRINK,0,0
2026-02-16T12:43:09.800Z,27,0,19.69,11,IDLE_SHRINK,0,0
2026-02-16T12:43:09.849Z,27,0,20.34,11,IDLE_SHRINK,0,0
2026-02-16T12:43:09.900Z,27,0,20.44,11,IDLE_SHRINK,0,0
2026-02-16T12:43:09.950Z,27,0,20.41,11,IDLE_SHRINK,0,0
2026-02-16T12:43:10.001Z,27,0,20.90,11,IDLE_SHRINK,0,0
2026-02-16T12:43:10.051Z,27,0,20.42,11,IDLE_SHRINK,0,0
2026-02-16T12:43:10.102Z,27,0,20.28,11,IDLE_SHRINK,0,0
2026-02-16T12:43:10.152Z,27,0,20.39,11,IDLE_SHRINK,0,0
2026-02-16T12:43:10.203Z,27,0,20.25,11,IDLE_SHRINK,0,0
2026-02-16T12:43:10.252Z,27,0,19.73,11,IDLE_SHRINK,0,0
2026-02-16T12:43:10.302Z,27,0,20.19,11,IDLE_SHRINK,0,0
2026-02-16T12:43:10.353Z,27,0,20.24,11,IDLE_SHRINK,0,0
2026-02-16T12:43:10.403Z,27,0,19.81,11,IDLE_SHRINK,0,0
2026-02-16T12:43:10.453Z,27,0,20.29,11,IDLE_SHRINK,0,0
2026-02-16T12:43:10.504Z,27,0,19.96,11,IDLE_SHRINK,0,0
2026-02-16T12:43:10.554Z,27,0,20.32,11,IDLE_SHRINK,0,0
2026-02-16T12:43:10.604Z,27,0,20.18,11,IDLE_SHRINK,0,0
2026-02-16T12:43:10.654Z,27,0,20.32,11,IDLE_SHRINK,0,0
2026-02-16T12:43:10.705Z,27,0,19.91,11,IDLE_SHRINK,0,0
2026-02-16T12:43:10.756Z,27,0,20.37,11,IDLE_SHRINK,0,0
2026-02-16T12:43:10.806Z,27,0,20.19,11,IDLE_SHRINK,0,0
2026-02-16T12:43:10.856Z,27,0,20.39,11,IDLE_SHRINK,0,0
2026-02-16T12:43:10.907Z,27,0,20.62,11,IDLE_SHRINK,0,0
2026-02-16T12:43:10.957Z,27,0,20.23,11,IDLE_SHRINK,0,0
2026-02-16T12:43:11.007Z,27,0,20.17,11,IDLE_SHRINK,0,0
2026-02-16T12:43:11.058Z,27,0,20.16,11,IDLE_SHRINK,0,0
2026-02-16T12:43:11.108Z,27,0,20.53,11,IDLE_SHRINK,0,0
2026-02-16T12:43:11.159Z,27,0,20.36,11,IDLE_SHRINK,0,0
2026-02-16T12:43:11.209Z,27,0,20.50,11,IDLE_SHRINK,0,0
2026-02-16T12:43:11.259Z,27,0,20.41,11,IDLE_SHRINK,0,0
2026-02-16T12:43:11.310Z,27,0,20.09,11,IDLE_SHRINK,0,0
2026-02-16T12:43:11.360Z,27,0,20.11,11,IDLE_SHRINK,0,0
2026-02-16T12:43:11.410Z,27,0,20.36,11,IDLE_SHRINK,0,0
2026-02-16T12:43:11.461Z,27,0,20.32,11,IDLE_SHRINK,0,0
2026-02-16T12:43:11.511Z,27,0,20.26,11,IDLE_SHRINK,0,0
2026-02-16T12:43:11.562Z,27,0,20.46,11,IDLE_SHRINK,0,0
2026-02-16T12:43:11.612Z,27,0,21.18,11,IDLE_SHRINK,0,0
2026-02-16T12:43:11.661Z,27,0,20.37,11,IDLE_SHRINK,0,0
2026-02-16T12:43:11.711Z,27,0,20.98,11,IDLE_SHRINK,0,0
2026-02-16T12:43:11.762Z,27,0,20.27,11,IDLE_SHRINK,0,0
2026-02-16T12:43:11.812Z,27,0,20.55,11,IDLE_SHRINK,0,0
2026-02-16T12:43:11.862Z,27,0,20.32,11,IDLE_SHRINK,0,0
2026-02-16T12:43:11.913Z,27,0,19.75,11,IDLE_SHRINK,0,0
2026-02-16T12:43:11.964Z,27,0,20.25,11,IDLE_SHRINK,0,0
2026-02-16T12:43:12.015Z,27,0,19.72,11,IDLE_SHRINK,0,0
2026-02-16T12:43:12.065Z,27,0,20.37,11,IDLE_SHRINK,0,0
2026-02-16T12:43:12.115Z,27,0,20.98,11,IDLE_SHRINK,0,0
2026-02-16T12:43:12.166Z,27,0,20.26,11,IDLE_SHRINK,0,0
2026-02-16T12:43:12.215Z,27,0,20.78,11,IDLE_SHRINK,0,0
2026-02-16T12:43:12.265Z,27,0,20.55,11,IDLE_SHRINK,0,0
2026-02-16T12:43:12.316Z,27,0,20.32,11,IDLE_SHRINK,0,0
2026-02-16T12:43:12.366Z,27,0,20.39,11,IDLE_SHRINK,0,0
2026-02-16T12:43:12.416Z,27,0,20.50,11,IDLE_SHRINK,0,0
2026-02-16T12:43:12.467Z,27,0,20.42,11,IDLE_SHRINK,0,0
2026-02-16T12:43:12.518Z,27,0,20.12,11,IDLE_SHRINK,0,0
2026-02-16T12:43:12.569Z,27,0,19.37,11,IDLE_SHRINK,0,0
2026-02-16T12:43:12.618Z,27,0,20.09,11,IDLE_SHRINK,0,0
2026-02-16T12:43:12.669Z,27,0,20.41,11,IDLE_SHRINK,0,0
2026-02-16T12:43:12.719Z,27,0,20.28,11,IDLE_SHRINK,0,0
2026-02-16T12:43:12.769Z,27,0,20.28,11,IDLE_SHRINK,0,0
2026-02-16T12:43:12.820Z,27,0,20.00,11,IDLE_SHRINK,0,0
2026-02-16T12:43:12.870Z,27,0,20.41,11,IDLE_SHRINK,0,0
2026-02-16T12:43:12.921Z,27,0,20.67,11,IDLE_SHRINK,0,0
2026-02-16T12:43:12.971Z,27,0,20.41,11,IDLE_SHRINK,0,0
2026-02-16T12:43:13.021Z,27,0,20.10,11,IDLE_SHRINK,0,0
2026-02-16T12:43:13.071Z,27,0,20.29,11,IDLE_SHRINK,0,0
2026-02-16T12:43:13.121Z,27,0,20.51,11,IDLE_SHRINK,0,0
2026-02-16T12:43:13.172Z,27,0,20.32,11,IDLE_SHRINK,0,0
2026-02-16T12:43:13.223Z,27,0,20.58,11,IDLE_SHRINK,0,0
2026-02-16T12:43:13.273Z,27,0,20.24,11,IDLE_SHRINK,0,0
2026-02-16T12:43:13.324Z,27,0,20.49,11,IDLE_SHRINK,0,0
2026-02-16T12:43:13.374Z,27,0,20.49,11,IDLE_SHRINK,0,0
2026-02-16T12:43:13.425Z,27,0,20.59,11,IDLE_SHRINK,0,0
2026-02-16T12:43:13.474Z,27,0,20.15,11,IDLE_SHRINK,0,0
2026-02-16T12:43:13.524Z,27,0,20.21,11,IDLE_SHRINK,0,0
2026-02-16T12:43:13.575Z,27,0,20.38,11,IDLE_SHRINK,0,0
2026-02-16T12:43:13.624Z,27,0,20.28,11,IDLE_SHRINK,0,0
2026-02-16T12:43:13.674Z,27,0,20.32,11,IDLE_SHRINK,0,0
2026-02-16T12:43:13.725Z,27,0,20.23,11,IDLE_SHRINK,0,0
2026-02-16T12:43:13.775Z,27,0,20.34,11,IDLE_SHRINK,0,0
2026-02-16T12:43:13.826Z,27,0,20.31,11,IDLE_SHRINK,0,0
2026-02-16T12:43:13.875Z,27,0,20.37,11,IDLE_SHRINK,0,0
2026-02-16T12:43:13.925Z,27,0,20.16,11,IDLE_SHRINK,0,0
2026-02-16T12:43:13.976Z,27,0,20.32,11,IDLE_SHRINK,0,0
2026-02-16T12:43:14.025Z,27,0,20.50,11,IDLE_SHRINK,0,0
2026-02-16T12:43:14.075Z,27,0,20.31,11,IDLE_SHRINK,0,0
2026-02-16T12:43:14.126Z,27,0,20.00,11,IDLE_SHRINK,0,0
2026-02-16T12:43:14.177Z,27,0,20.19,11,IDLE_SHRINK,0,0
2026-02-16T12:43:14.226Z,27,0,20.56,11,IDLE_SHRINK,0,0
2026-02-16T12:43:14.276Z,27,0,20.13,11,IDLE_SHRINK,0,0
2026-02-16T12:43:14.326Z,27,0,20.59,11,IDLE_SHRINK,0,0
2026-02-16T12:43:14.376Z,27,0,20.37,11,IDLE_SHRINK,0,0
2026-02-16T12:43:14.427Z,27,0,20.67,11,IDLE_SHRINK,0,0
2026-02-16T12:43:14.478Z,27,0,20.38,11,IDLE_SHRINK,0,0
2026-02-16T12:43:14.529Z,27,0,20.82,11,IDLE_SHRINK,0,0
2026-02-16T12:43:14.580Z,27,0,20.44,11,IDLE_SHRINK,0,0
2026-02-16T12:43:14.630Z,27,0,20.60,11,IDLE_SHRINK,0,0
2026-02-16T12:43:14.681Z,27,0,20.46,11,IDLE_SHRINK,0,0
2026-02-16T12:43:14.732Z,27,0,20.39,11,IDLE_SHRINK,0,0
2026-02-16T12:43:14.782Z,27,0,20.35,11,IDLE_SHRINK,0,0
2026-02-16T12:43:14.833Z,27,0,20.32,11,IDLE_SHRINK,0,0
2026-02-16T12:43:14.883Z,27,0,20.38,11,IDLE_SHRINK,0,0
2026-02-16T12:43:14.933Z,27,0,20.50,11,IDLE_SHRINK,0,0
2026-02-16T12:43:14.984Z,27,0,20.35,11,IDLE_SHRINK,0,0
2026-02-16T12:43:15.034Z,27,0,20.26,11,IDLE_SHRINK,0,0
2026-02-16T12:43:15.084Z,27,0,20.33,11,IDLE_SHRINK,0,0
2026-02-16T12:43:15.134Z,27,0,20.42,11,IDLE_SHRINK,0,0
2026-02-16T12:43:15.184Z,27,0,20.28,11,IDLE_SHRINK,0,0
2026-02-16T12:43:15.235Z,27,0,20.47,11,IDLE_SHRINK,0,0
2026-02-16T12:43:15.286Z,27,0,20.37,11,IDLE_SHRINK,0,0
2026-02-16T12:43:15.336Z,27,0,20.44,11,IDLE_SHRINK,0,0
2026-02-16T12:43:15.387Z,27,0,20.44,11,IDLE_SHRINK,0,0
2026-02-16T12:43:15.438Z,27,0,20.46,11,IDLE_SHRINK,0,0
2026-02-16T12:43:15.489Z,27,0,20.30,11,IDLE_SHRINK,0,0
2026-02-16T12:43:15.539Z,27,0,20.11,11,IDLE_SHRINK,0,0
2026-02-16T12:43:15.590Z,27,0,20.13,11,IDLE_SHRINK,0,0
2026-02-16T12:43:15.640Z,27,0,20.14,11,IDLE_SHRINK,0,0
2026-02-16T12:43:15.691Z,27,0,20.43,11,IDLE_SHRINK,0,0
2026-02-16T12:43:15.742Z,27,0,20.28,11,IDLE_SHRINK,0,0
2026-02-16T12:43:15.792Z,27,0,20.37,11,IDLE_SHRINK,0,0
2026-02-16T12:43:15.843Z,27,0,20.49,11,IDLE_SHRINK,0,0
2026-02-16T12:43:15.893Z,27,0,20.38,11,IDLE_SHRINK,0,0
2026-02-16T12:43:15.942Z,27,0,20.42,11,IDLE_SHRINK,0,0
2026-02-16T12:43:15.993Z,27,0,20.42,11,IDLE_SHRINK,0,0
2026-02-16T12:43:16.043Z,27,0,20.32,11,IDLE_SHRINK,0,0
2026-02-16T12:43:16.094Z,27,0,20.33,11,IDLE_SHRINK,0,0
2026-02-16T12:43:16.144Z,27,0,20.49,11,IDLE_SHRINK,0,0
2026-02-16T12:43:16.195Z,27,0,20.26,11,IDLE_SHRINK,0,0
2026-02-16T12:43:16.246Z,27,0,20.37,11,IDLE_SHRINK,0,0
2026-02-16T12:43:16.296Z,27,0,19.96,11,IDLE_SHRINK,0,0
2026-02-16T12:43:16.346Z,27,0,20.39,11,IDLE_SHRINK,0,0
2026-02-16T12:43:16.397Z,27,0,20.66,11,IDLE_SHRINK,0,0
2026-02-16T12:43:16.448Z,27,0,20.24,11,IDLE_SHRINK,0,0
2026-02-16T12:43:16.498Z,27,0,20.28,11,IDLE_SHRINK,0,0
2026-02-16T12:43:16.549Z,27,0,20.37,11,IDLE_SHRINK,0,0
2026-02-16T12:43:16.598Z,27,0,20.42,11,IDLE_SHRINK,0,0
2026-02-16T12:43:16.649Z,27,0,20.33,11,IDLE_SHRINK,0,0
2026-02-16T12:43:16.700Z,27,0,20.42,11,IDLE_SHRINK,0,0
2026-02-16T12:43:16.749Z,27,0,20.37,11,IDLE_SHRINK,0,0
2026-02-16T12:43:16.800Z,27,0,20.39,11,IDLE_SHRINK,0,0
2026-02-16T12:43:16.851Z,27,0,19.87,11,IDLE_SHRINK,0,0
2026-02-16T12:43:16.900Z,27,0,20.31,11,IDLE_SHRINK,0,0
2026-02-16T12:43:16.951Z,27,0,20.47,11,IDLE_SHRINK,0,0
2026-02-16T12:43:17.002Z,27,0,20.37,11,IDLE_SHRINK,0,0
2026-02-16T12:43:17.052Z,27,0,20.39,11,IDLE_SHRINK,0,0
2026-02-16T12:43:17.103Z,27,0,20.50,11,IDLE_SHRINK,0,0
2026-02-16T12:43:17.153Z,27,0,20.41,11,IDLE_SHRINK,0,0
2026-02-16T12:43:17.202Z,27,0,20.46,11,IDLE_SHRINK,0,0
2026-02-16T12:43:17.253Z,27,0,20.38,11,IDLE_SHRINK,0,0
2026-02-16T12:43:17.303Z,27,0,20.50,11,IDLE_SHRINK,0,0
2026-02-16T12:43:17.354Z,27,0,20.43,11,IDLE_SHRINK,0,0
2026-02-16T12:43:17.405Z,27,0,20.32,11,IDLE_SHRINK,0,0
2026-02-16T12:43:17.456Z,27,0,20.37,11,IDLE_SHRINK,0,0
2026-02-16T12:43:17.505Z,27,0,20.36,11,IDLE_SHRINK,0,0
2026-02-16T12:43:17.556Z,27,0,20.32,11,IDLE_SHRINK,0,0
2026-02-16T12:43:17.606Z,27,0,19.98,11,IDLE_SHRINK,0,0
2026-02-16T12:43:17.655Z,27,0,20.16,11,IDLE_SHRINK,0,0
2026-02-16T12:43:17.705Z,27,0,20.15,11,IDLE_SHRINK,0,0
2026-02-16T12:43:17.755Z,27,0,20.13,11,IDLE_SHRINK,0,0
2026-02-16T12:43:17.806Z,27,0,20.35,11,IDLE_SHRINK,0,0
2026-02-16T12:43:17.856Z,27,0,20.42,11,IDLE_SHRINK,0,0
2026-02-16T12:43:17.906Z,27,0,20.42,11,IDLE_SHRINK,0,0
2026-02-16T12:43:17.957Z,27,0,20.39,11,IDLE_SHRINK,0,0
2026-02-16T12:43:18.008Z,27,0,20.58,11,IDLE_SHRINK,0,0
2026-02-16T12:43:18.055Z,27,0,20.28,11,IDLE_SHRINK,0,0
2026-02-16T12:43:18.106Z,27,0,19.97,11,IDLE_SHRINK,0,0
2026-02-16T12:43:18.156Z,27,0,20.14,11,IDLE_SHRINK,0,0
2026-02-16T12:43:18.206Z,27,0,20.33,11,IDLE_SHRINK,0,0
2026-02-16T12:43:18.256Z,27,0,20.36,11,IDLE_SHRINK,0,0
2026-02-16T12:43:18.307Z,27,0,20.45,11,IDLE_SHRINK,0,0
2026-02-16T12:43:18.358Z,27,0,20.19,11,IDLE_SHRINK,0,0
2026-02-16T12:43:18.409Z,27,0,20.08,11,IDLE_SHRINK,0,0
2026-02-16T12:43:18.459Z,27,0,20.37,11,IDLE_SHRINK,0,0
2026-02-16T12:43:18.510Z,27,0,20.73,11,IDLE_SHRINK,0,0
2026-02-16T12:43:18.560Z,27,0,20.47,11,IDLE_SHRINK,0,0
2026-02-16T12:43:18.610Z,27,0,20.66,11,IDLE_SHRINK,0,0
2026-02-16T12:43:18.661Z,27,0,20.37,11,IDLE_SHRINK,0,0
2026-02-16T12:43:18.712Z,27,0,20.58,11,IDLE_SHRINK,0,0
2026-02-16T12:43:18.763Z,27,0,20.29,11,IDLE_SHRINK,0,0
2026-02-16T12:43:18.814Z,27,0,20.66,11,IDLE_SHRINK,0,0
2026-02-16T12:43:18.864Z,27,0,20.52,11,IDLE_SHRINK,0,0
2026-02-16T12:43:18.915Z,27,0,20.36,11,IDLE_SHRINK,0,0
2026-02-16T12:43:18.965Z,27,0,20.30,11,IDLE_SHRINK,0,0
2026-02-16T12:43:19.016Z,27,0,20.42,11,IDLE_SHRINK,0,0
2026-02-16T12:43:19.066Z,27,0,20.37,11,IDLE_SHRINK,0,0
2026-02-16T12:43:19.117Z,27,0,20.31,11,IDLE_SHRINK,0,0
2026-02-16T12:43:19.167Z,27,0,20.34,11,IDLE_SHRINK,0,0
2026-02-16T12:43:19.218Z,27,0,20.49,11,IDLE_SHRINK,0,0
